time,humidity_wm_bme280
2025-06-15 22:00:02.556915+00:00,39.50494716638162
2025-06-15 22:00:04.806192+00:00,39.49912078476611
2025-06-15 22:00:10.680744+00:00,39.47581515893569
2025-06-15 22:00:13.055523+00:00,39.493313824311066
2025-06-15 22:00:14.388540+00:00,39.487487489542936
2025-06-15 22:00:15.789104+00:00,39.4875264529753
2025-06-15 22:00:16.408884+00:00,39.4875264529753
2025-06-15 22:00:16.720542+00:00,39.493313824311066
2025-06-15 22:00:22.337653+00:00,39.50500502714501
2025-06-15 22:00:24.383540+00:00,39.51667649225532
2025-06-15 22:00:25.104746+00:00,39.51667649225532
2025-06-15 22:00:27.019497+00:00,39.51085039739398
2025-06-15 22:00:28.746917+00:00,39.53419254872477
2025-06-15 22:00:30.527754+00:00,39.53421144837338
2025-06-15 22:00:30.987866+00:00,39.522521631737526
2025-06-15 22:00:31.464509+00:00,39.54584438214797
2025-06-15 22:00:32.448560+00:00,39.52834764000739
2025-06-15 22:00:36.453046+00:00,39.522521631737526
2025-06-15 22:00:40.372007+00:00,39.52832865217021
2025-06-15 22:00:45.144921+00:00,39.522521631737526
2025-06-15 22:00:48.361289+00:00,39.53421144837338
2025-06-15 22:00:49.129576+00:00,39.52840453911122
2025-06-15 22:00:50.206007+00:00,39.52255970864717
2025-06-15 22:00:51.442306+00:00,39.54007493698889
2025-06-15 22:00:54.637215+00:00,39.545863148358585
2025-06-15 22:00:55.465159+00:00,39.53421144837338
2025-06-15 22:00:55.807394+00:00,39.545881903834655
2025-06-15 22:00:57.221207+00:00,39.56918491770895
2025-06-15 22:00:59.535954+00:00,39.55755204194638
2025-06-15 22:01:00.930792+00:00,39.55172635022868
2025-06-15 22:01:02.254099+00:00,39.551745017517064
2025-06-15 22:01:05.170682+00:00,39.516733823881204
2025-06-15 22:01:06.867522+00:00,39.52844241817402
2025-06-15 22:01:09.159860+00:00,39.53424921546681
2025-06-15 22:01:11.548231+00:00,39.54007493698889
2025-06-15 22:01:11.937019+00:00,39.54009373771468
2025-06-15 22:01:12.133182+00:00,39.53421144837338
2025-06-15 22:01:12.476494+00:00,39.54005612552854
2025-06-15 22:01:12.670125+00:00,39.52257873100004
2025-06-15 22:01:14.538888+00:00,39.52838558347789
2025-06-15 22:01:16.011860+00:00,39.53423033728738
2025-06-15 22:01:17.386663+00:00,39.50506279129595
2025-06-15 22:01:19.027325+00:00,39.51675291295383
2025-06-15 22:01:23.464247+00:00,39.52255970864717
2025-06-15 22:01:25.220199+00:00,39.52257873100004
2025-06-15 22:01:25.553364+00:00,39.52257873100004
2025-06-15 22:01:27.151450+00:00,39.51088876265266
2025-06-15 22:01:28.620921+00:00,39.522521631737526
2025-06-15 22:01:30.059779+00:00,39.51090792917997
2025-06-15 22:01:31.169259+00:00,39.51675291295383
2025-06-15 22:01:33.784402+00:00,39.505082024543505
2025-06-15 22:01:33.884225+00:00,39.505082024543505
2025-06-15 22:01:35.004232+00:00,39.499217499301
2025-06-15 22:01:35.740690+00:00,39.51671472407391
2025-06-15 22:01:36.308101+00:00,39.49925610997179
2025-06-15 22:01:37.446367+00:00,39.51090792917997
2025-06-15 22:01:40.801932+00:00,39.49908202380896
2025-06-15 22:01:42.948518+00:00,39.50510124705635
2025-06-15 22:01:44.779208+00:00,39.51671472407391
2025-06-15 22:01:45.710467+00:00,39.52254067555967
2025-06-15 22:01:47.552567+00:00,39.52254067555967
2025-06-15 22:01:49.511262+00:00,39.51667649225532
2025-06-15 22:01:50.303354+00:00,39.51671472407391
2025-06-15 22:01:51.628099+00:00,39.52836661710995
2025-06-15 22:01:52.367202+00:00,39.52834764000739
2025-06-15 22:01:54.652791+00:00,39.540037303333605
2025-06-15 22:01:55.444730+00:00,39.54005612552854
2025-06-15 22:01:56.363514+00:00,39.551670283956355
2025-06-15 22:01:58.894990+00:00,39.55753343064185
2025-06-15 22:01:59.752571+00:00,39.575010646339976
2025-06-15 22:02:03.585380+00:00,39.586680351513
2025-06-15 22:02:05.801535+00:00,39.586680351513
2025-06-15 22:02:06.564282+00:00,39.55758923235195
2025-06-15 22:02:08.043536+00:00,39.55176367407094
2025-06-15 22:02:09.592702+00:00,39.52838558347789
2025-06-15 22:02:12.488952+00:00,39.54007493698889
2025-06-15 22:02:13.048317+00:00,39.50510124705635
2025-06-15 22:02:14.252846+00:00,39.5401125277059
2025-06-15 22:02:18.042108+00:00,39.53428693962188
2025-06-15 22:02:20.027343+00:00,39.55758923235195
2025-06-15 22:02:21.457937+00:00,39.580891366132626
2025-06-15 22:02:24.566910+00:00,39.58094627061964
2025-06-15 22:02:24.767209+00:00,39.57510259474949
2025-06-15 22:02:24.969498+00:00,39.57510259474949
2025-06-15 22:02:26.036087+00:00,39.58677157907751
2025-06-15 22:02:26.477241+00:00,39.60424744484918
2025-06-15 22:02:28.100295+00:00,39.58677157907751
2025-06-15 22:02:29.804795+00:00,39.60424744484918
2025-06-15 22:02:30.071770+00:00,39.58677157907751
2025-06-15 22:02:34.543069+00:00,39.59842216619228
2025-06-15 22:02:36.301515+00:00,39.610054756394526
2025-06-15 22:02:36.990544+00:00,39.62756620643662
2025-06-15 22:02:37.218756+00:00,39.61586218070393
2025-06-15 22:02:41.092223+00:00,39.6042834604345
2025-06-15 22:02:41.834161+00:00,39.61009066001604
2025-06-15 22:02:48.118685+00:00,39.60426545800899
2025-06-15 22:02:49.673020+00:00,39.6042834604345
2025-06-15 22:02:49.818215+00:00,39.59844024606852
2025-06-15 22:02:50.093262+00:00,39.59840407558171
2025-06-15 22:02:53.561263+00:00,39.65090172260025
2025-06-15 22:02:54.479010+00:00,39.62177662805097
2025-06-15 22:02:54.738748+00:00,39.62760166682677
2025-06-15 22:02:55.709943+00:00,39.633479605602666
2025-06-15 22:02:56.309946+00:00,39.61595157934218
2025-06-15 22:02:56.477374+00:00,39.63342669566959
2025-06-15 22:02:56.794566+00:00,39.61595157934218
2025-06-15 22:02:56.978472+00:00,39.62760166682677
2025-06-15 22:02:57.413259+00:00,39.62760166682677
2025-06-15 22:02:57.964792+00:00,39.62761938092053
2025-06-15 22:02:58.198018+00:00,39.63342669566959
2025-06-15 22:02:59.469359+00:00,39.650936606334646
2025-06-15 22:03:01.408539+00:00,39.65097144713257
2025-06-15 22:03:02.964746+00:00,39.645146714946655
2025-06-15 22:03:06.185842+00:00,39.645146714946655
2025-06-15 22:03:10.551838+00:00,39.61595157934218
2025-06-15 22:03:11.006469+00:00,39.62760166682677
2025-06-15 22:03:11.378727+00:00,39.621758836507524
2025-06-15 22:03:11.687399+00:00,39.615915852089664
2025-06-15 22:03:12.003821+00:00,39.615933721083046
2025-06-15 22:03:12.513474+00:00,39.59845831521042
2025-06-15 22:03:16.068381+00:00,39.59844024606852
2025-06-15 22:03:19.257251+00:00,39.615915852089664
2025-06-15 22:03:19.818427+00:00,39.62170539747181
2025-06-15 22:03:20.087107+00:00,39.60424744484918
2025-06-15 22:03:20.283983+00:00,39.61007271357243
2025-06-15 22:03:22.116455+00:00,39.59842216619228
2025-06-15 22:03:27.181477+00:00,39.55757064251642
2025-06-15 22:03:27.424191+00:00,39.57510259474949
2025-06-15 22:03:27.740968+00:00,39.57506584758897
2025-06-15 22:03:28.819013+00:00,39.59838597423681
2025-06-15 22:03:29.553468+00:00,39.59256055221288
2025-06-15 22:03:31.501443+00:00,39.569277199706725
2025-06-15 22:03:32.274056+00:00,39.56345179473008
2025-06-15 22:03:32.705302+00:00,39.557607811453
2025-06-15 22:03:33.141658+00:00,39.55762637981955
2025-06-15 22:03:34.659886+00:00,39.56345179473008
2025-06-15 22:03:35.134236+00:00,39.55764493745161
2025-06-15 22:03:38.375997+00:00,39.55178231989029
2025-06-15 22:03:39.407067+00:00,39.551800954975135
2025-06-15 22:03:40.986324+00:00,39.56924031911097
2025-06-15 22:03:41.696249+00:00,39.55757064251642
2025-06-15 22:03:42.928672+00:00,39.54591938258315
2025-06-15 22:03:43.245431+00:00,39.55758923235195
2025-06-15 22:03:43.495834+00:00,39.56337772372929
2025-06-15 22:03:49.173457+00:00,39.53423033728738
2025-06-15 22:03:50.418464+00:00,39.54591938258315
2025-06-15 22:03:50.661361+00:00,39.5401125277059
2025-06-15 22:03:51.222469+00:00,39.54590064857618
2025-06-15 22:03:51.992575+00:00,39.52846134160351
2025-06-15 22:03:52.842158+00:00,39.55755204194638
2025-06-15 22:03:53.433821+00:00,39.55753343064185
2025-06-15 22:03:53.804071+00:00,39.52257873100004
2025-06-15 22:03:54.490365+00:00,39.54593810585559
2025-06-15 22:03:56.295695+00:00,39.551745017517064
2025-06-15 22:03:57.100272+00:00,39.53426808291163
2025-06-15 22:03:57.492437+00:00,39.54590064857618
2025-06-15 22:03:59.793310+00:00,39.54007493698889
2025-06-15 22:04:01.159180+00:00,39.5401125277059
2025-06-15 22:04:01.644456+00:00,39.51094623003054
2025-06-15 22:04:03.974106+00:00,39.53426808291163
2025-06-15 22:04:05.344260+00:00,39.53428693962188
2025-06-15 22:04:08.832234+00:00,39.55758923235195
2025-06-15 22:04:11.058830+00:00,39.551800954975135
2025-06-15 22:04:13.098202+00:00,39.54015007548467
2025-06-15 22:04:14.255671+00:00,39.52853692797538
2025-06-15 22:04:14.598635+00:00,39.5343246208386
2025-06-15 22:04:15.865423+00:00,39.5634702856441
2025-06-15 22:04:16.306406+00:00,39.56929562390294
2025-06-15 22:04:20.644309+00:00,39.58094627061964
2025-06-15 22:04:21.831688+00:00,39.57508422653645
2025-06-15 22:04:23.291895+00:00,39.58096455064651
2025-06-15 22:04:23.485165+00:00,39.58680799496267
2025-06-15 22:04:24.045437+00:00,39.5634702856441
2025-06-15 22:04:24.905850+00:00,39.581001078497074
2025-06-15 22:04:25.950234+00:00,39.59263316005315
2025-06-15 22:04:27.097184+00:00,39.59265128517733
2025-06-15 22:04:28.777712+00:00,39.60424744484918
2025-06-15 22:04:29.045147+00:00,39.59842216619228
2025-06-15 22:04:29.330049+00:00,39.592615024194615
2025-06-15 22:04:32.047837+00:00,39.592615024194615
2025-06-15 22:04:34.758242+00:00,39.592596877601714
2025-06-15 22:04:35.716012+00:00,39.58677157907751
2025-06-15 22:04:36.992319+00:00,39.61010859572537
2025-06-15 22:04:37.166217+00:00,39.59844024606852
2025-06-15 22:04:37.395075+00:00,39.59257872027448
2025-06-15 22:04:39.272015+00:00,39.6042834604345
2025-06-15 22:04:40.576868+00:00,39.59265128517733
2025-06-15 22:04:41.097291+00:00,39.59845831521042
2025-06-15 22:04:42.047966+00:00,39.57519427479844
2025-06-15 22:04:43.463908+00:00,39.58101932632077
2025-06-15 22:04:44.115998+00:00,39.58098281993899
2025-06-15 22:04:44.738796+00:00,39.59845831521042
2025-06-15 22:04:47.194240+00:00,39.58684436791035
2025-06-15 22:04:47.707664+00:00,39.592687503222685
2025-06-15 22:04:50.746828+00:00,39.6334619796925
2025-06-15 22:04:51.682503+00:00,39.62184768688241
2025-06-15 22:04:52.626821+00:00,39.61018023121994
2025-06-15 22:04:53.474989+00:00,39.639286865172394
2025-06-15 22:04:53.638669+00:00,39.63926929524301
2025-06-15 22:04:54.232412+00:00,39.63930442436762
2025-06-15 22:04:56.205958+00:00,39.65097144713257
2025-06-15 22:04:58.858291+00:00,39.62767245879656
2025-06-15 22:04:59.313688+00:00,39.63349722077866
2025-06-15 22:04:59.599504+00:00,39.62761938092053
2025-06-15 22:05:00.206916+00:00,39.62763708428008
2025-06-15 22:05:00.555817+00:00,39.63349722077866
2025-06-15 22:05:01.313554+00:00,39.65097144713257
2025-06-15 22:05:05.347650+00:00,39.6276901299535
2025-06-15 22:05:06.172492+00:00,39.63933951055561
2025-06-15 22:05:11.646788+00:00,39.62767245879656
2025-06-15 22:05:13.774750+00:00,39.61596942686707
2025-06-15 22:05:19.779567+00:00,39.5460315611997
2025-06-15 22:05:20.322336+00:00,39.53438106215432
2025-06-15 22:05:21.008068+00:00,39.54022504222748
2025-06-15 22:05:22.072330+00:00,39.55770054594086
2025-06-15 22:05:22.606029+00:00,39.55770054594086
2025-06-15 22:05:23.965189+00:00,39.551875387969375
2025-06-15 22:05:26.496463+00:00,39.56354414195555
2025-06-15 22:05:31.332088+00:00,39.55764493745161
2025-06-15 22:05:32.496794+00:00,39.55770054594086
2025-06-15 22:05:40.267883+00:00,39.52853692797538
2025-06-15 22:05:42.181168+00:00,39.54597552019684
2025-06-15 22:05:43.167937+00:00,39.540168833272205
2025-06-15 22:05:43.577507+00:00,39.52849915625866
2025-06-15 22:05:44.020187+00:00,39.51098448794239
2025-06-15 22:05:44.200271+00:00,39.51682916189777
2025-06-15 22:05:45.679592+00:00,39.51684819729711
2025-06-15 22:05:46.220327+00:00,39.51104179430007
2025-06-15 22:05:50.181410+00:00,39.52846134160351
2025-06-15 22:05:53.665175+00:00,39.52265471306513
2025-06-15 22:05:56.747960+00:00,39.53434344534509
2025-06-15 22:05:57.922366+00:00,39.53434344534509
2025-06-15 22:05:59.226467+00:00,39.534362259116996
2025-06-15 22:06:00.923035+00:00,39.54605022006492
2025-06-15 22:06:01.679372+00:00,39.53438106215432
2025-06-15 22:06:06.015290+00:00,39.52853692797538
2025-06-15 22:06:06.804821+00:00,39.54018758032518
2025-06-15 22:06:08.645835+00:00,39.540206316643605
2025-06-15 22:06:13.073315+00:00,39.58096455064651
2025-06-15 22:06:14.248741+00:00,39.58098281993899
2025-06-15 22:06:19.742021+00:00,39.55770054594086
2025-06-15 22:06:20.282994+00:00,39.5460315611997
2025-06-15 22:06:20.564746+00:00,39.5693140373647
2025-06-15 22:06:20.885149+00:00,39.557663484349185
2025-06-15 22:06:22.431868+00:00,39.55768202051226
2025-06-15 22:06:24.571121+00:00,39.55768202051226
2025-06-15 22:06:24.721329+00:00,39.56348876582366
2025-06-15 22:06:25.482937+00:00,39.5460315611997
2025-06-15 22:06:25.824861+00:00,39.54601289159994
2025-06-15 22:06:26.083813+00:00,39.54601289159994
2025-06-15 22:06:26.301425+00:00,39.54601289159994
2025-06-15 22:06:26.886531+00:00,39.55770054594086
2025-06-15 22:06:27.128844+00:00,39.557663484349185
2025-06-15 22:06:28.781101+00:00,39.57521257860499
2025-06-15 22:06:29.260835+00:00,39.55768202051226
2025-06-15 22:06:31.453047+00:00,39.55770054594086
2025-06-15 22:06:33.707721+00:00,39.56352569397937
2025-06-15 22:06:33.951846+00:00,39.55768202051226
2025-06-15 22:06:34.181139+00:00,39.581001078497074
2025-06-15 22:06:34.402359+00:00,39.58098281993899
2025-06-15 22:06:34.703350+00:00,39.56935083208491
2025-06-15 22:06:35.247568+00:00,39.56938758386738
2025-06-15 22:06:35.630449+00:00,39.57521257860499
2025-06-15 22:06:36.692068+00:00,39.59847637361801
2025-06-15 22:06:37.077284+00:00,39.59849442129127
2025-06-15 22:06:38.497803+00:00,39.581001078497074
2025-06-15 22:06:39.165676+00:00,39.592669399567185
2025-06-15 22:06:40.906125+00:00,39.58684436791035
2025-06-15 22:06:41.346460+00:00,39.581001078497074
2025-06-15 22:06:43.079542+00:00,39.57519427479844
2025-06-15 22:06:43.338637+00:00,39.58682618680369
2025-06-15 22:06:43.572125+00:00,39.58098281993899
2025-06-15 22:06:43.888732+00:00,39.58680799496267
2025-06-15 22:06:44.298697+00:00,39.56935083208491
2025-06-15 22:06:44.522395+00:00,39.58684436791035
2025-06-15 22:06:44.784023+00:00,39.56935083208491
2025-06-15 22:06:45.000861+00:00,39.55770054594086
2025-06-15 22:06:45.444067+00:00,39.58101932632077
2025-06-15 22:06:46.594590+00:00,39.58103756341007
2025-06-15 22:06:46.956530+00:00,39.58101932632077
2025-06-15 22:06:48.637581+00:00,39.592687503222685
2025-06-15 22:06:49.421294+00:00,39.6043014521257
2025-06-15 22:06:51.172556+00:00,39.604337403305216
2025-06-15 22:06:55.809563+00:00,39.58098281993899
2025-06-15 22:06:57.280314+00:00,39.54605022006492
2025-06-15 22:06:58.090785+00:00,39.56352569397937
2025-06-15 22:06:59.422162+00:00,39.581001078497074
2025-06-15 22:07:04.111488+00:00,39.59847637361801
2025-06-15 22:07:04.719887+00:00,39.58680799496267
2025-06-15 22:07:05.026649+00:00,39.59263316005315
2025-06-15 22:07:06.384796+00:00,39.58682618680369
2025-06-15 22:07:06.752998+00:00,39.61016233844772
2025-06-15 22:07:07.676065+00:00,39.58684436791035
2025-06-15 22:07:08.810862+00:00,39.58103756341007
2025-06-15 22:07:09.312006+00:00,39.581001078497074
2025-06-15 22:07:12.645833+00:00,39.56940594365696
2025-06-15 22:07:19.488405+00:00,39.56935083208491
2025-06-15 22:07:20.054351+00:00,39.55773756459461
2025-06-15 22:07:20.654313+00:00,39.56356257919725
2025-06-15 22:07:22.515324+00:00,39.55770054594086
2025-06-15 22:07:25.876420+00:00,39.58103756341007
2025-06-15 22:07:26.496259+00:00,39.575249154014834
2025-06-15 22:07:26.694824+00:00,39.55773756459461
2025-06-15 22:07:27.254536+00:00,39.57521257860499
2025-06-15 22:07:28.373659+00:00,39.575230871677114
2025-06-15 22:07:28.988969+00:00,39.56361782651565
2025-06-15 22:07:30.715346+00:00,39.58689884682411
2025-06-15 22:07:31.086647+00:00,39.56359942147731
2025-06-15 22:07:32.535634+00:00,39.59274174978314
2025-06-15 22:07:33.355783+00:00,39.598530484434825
2025-06-15 22:07:34.960431+00:00,39.604409176852705
2025-06-15 22:07:35.495352+00:00,39.58689884682411
2025-06-15 22:07:36.255148+00:00,39.581055789764974
2025-06-15 22:07:38.464046+00:00,39.58103756341007
2025-06-15 22:07:40.305107+00:00,39.56940594365696
2025-06-15 22:07:40.918804+00:00,39.56352569397937
2025-06-15 22:07:42.996975+00:00,39.56936921334337
2025-06-15 22:07:47.104366+00:00,39.57519427479844
2025-06-15 22:07:49.116861+00:00,39.57521257860499
2025-06-15 22:07:49.497295+00:00,39.58103756341007
2025-06-15 22:07:50.853268+00:00,39.57521257860499
2025-06-15 22:07:51.513162+00:00,39.56936921334337
2025-06-15 22:07:52.909002+00:00,39.57519427479844
2025-06-15 22:07:56.169594+00:00,39.58103756341007
2025-06-15 22:07:59.174566+00:00,39.56356257919725
2025-06-15 22:08:02.217698+00:00,39.56935083208491
2025-06-15 22:08:04.697292+00:00,39.5460315611997
2025-06-15 22:08:08.892108+00:00,39.53439985445708
2025-06-15 22:08:11.799445+00:00,39.53443740685886
2025-06-15 22:08:12.853208+00:00,39.50525464070987
2025-06-15 22:08:13.996884+00:00,39.52855579773183
2025-06-15 22:08:14.749293+00:00,39.52855579773183
2025-06-15 22:08:17.312893+00:00,39.522692639689886
2025-06-15 22:08:19.103391+00:00,39.5460315611997
2025-06-15 22:08:20.194987+00:00,39.53439985445708
2025-06-15 22:08:20.484883+00:00,39.52273052337615
2025-06-15 22:08:20.671864+00:00,39.54601289159994
2025-06-15 22:08:21.590547+00:00,39.53438106215432
2025-06-15 22:08:24.223519+00:00,39.54605022006492
2025-06-15 22:08:24.742662+00:00,39.53438106215432
2025-06-15 22:08:28.536680+00:00,39.52273052337615
2025-06-15 22:08:30.892866+00:00,39.54018758032518
2025-06-15 22:08:31.517393+00:00,39.52274944911734
2025-06-15 22:08:33.176898+00:00,39.52271158690033
2025-06-15 22:08:34.197260+00:00,39.50521635670467
2025-06-15 22:08:35.861936+00:00,39.522692639689886
2025-06-15 22:08:36.160554+00:00,39.49937168435067
2025-06-15 22:08:37.598718+00:00,39.4935268578872
2025-06-15 22:08:38.286003+00:00,39.49939090917563
2025-06-15 22:08:38.886457+00:00,39.493546160167426
2025-06-15 22:08:39.762583+00:00,39.487681877313484
2025-06-15 22:08:40.020289+00:00,39.499352448791
2025-06-15 22:08:40.337987+00:00,39.49937168435067
2025-06-15 22:08:41.854027+00:00,39.50519719860004
2025-06-15 22:08:42.855845+00:00,39.452767212735985
2025-06-15 22:08:43.340024+00:00,39.47022439493086
2025-06-15 22:08:44.000802+00:00,39.45857310384802
2025-06-15 22:08:49.240054+00:00,39.45268807100438
2025-06-15 22:08:50.226798+00:00,39.446882068718104
2025-06-15 22:08:50.862010+00:00,39.46439875435649
2025-06-15 22:08:51.698024+00:00,39.464379107735176
2025-06-15 22:08:51.894796+00:00,39.46435945037899
2025-06-15 22:08:52.183041+00:00,39.470165623027555
2025-06-15 22:08:53.620056+00:00,39.46441839024296
2025-06-15 22:08:54.921923+00:00,39.487720626050304
2025-06-15 22:08:57.062361+00:00,39.47608901972287
2025-06-15 22:08:58.698850+00:00,39.47603051239301
2025-06-15 22:09:02.086170+00:00,39.46439875435649
2025-06-15 22:09:05.363960+00:00,39.458553390504754
2025-06-15 22:09:09.833963+00:00,39.47603051239301
2025-06-15 22:09:11.538550+00:00,39.464379107735176
2025-06-15 22:09:11.889643+00:00,39.46433978228795
2025-06-15 22:09:13.102353+00:00,39.45272766333999
2025-06-15 22:09:13.485870+00:00,39.4293845292197
2025-06-15 22:09:14.631848+00:00,39.44105625496202
2025-06-15 22:09:16.094262+00:00,39.45272766333999
2025-06-15 22:09:16.536574+00:00,39.4469019262409
2025-06-15 22:09:17.055929+00:00,39.446882068718104
2025-06-15 22:09:19.302017+00:00,39.458553390504754
2025-06-15 22:09:20.443039+00:00,39.452767212735985
2025-06-15 22:09:23.863577+00:00,39.464438015394556
2025-06-15 22:09:24.466686+00:00,39.470243964095616
2025-06-15 22:09:26.028169+00:00,39.470243964095616
2025-06-15 22:09:27.344261+00:00,39.45272766333999
2025-06-15 22:09:27.515448+00:00,39.45272766333999
2025-06-15 22:09:27.769459+00:00,39.45857310384802
2025-06-15 22:09:28.007615+00:00,39.45272766333999
2025-06-15 22:09:28.394878+00:00,39.46439875435649
2025-06-15 22:09:28.844180+00:00,39.47022439493086
2025-06-15 22:09:33.863373+00:00,39.481875646277246
2025-06-15 22:09:34.241733+00:00,39.487720626050304
2025-06-15 22:09:35.017481+00:00,39.487701257049274
2025-06-15 22:09:35.940517+00:00,39.48193392123902
2025-06-15 22:09:36.147600+00:00,39.48191450698655
2025-06-15 22:09:38.943781+00:00,39.50523550407462
2025-06-15 22:09:42.682266+00:00,39.49358473252368
2025-06-15 22:09:44.094212+00:00,39.51688623589185
2025-06-15 22:09:44.511375+00:00,39.52273052337615
2025-06-15 22:09:46.008057+00:00,39.53438106215432
2025-06-15 22:09:50.285540+00:00,39.53439985445708
2025-06-15 22:09:51.461350+00:00,39.54026246119158
2025-06-15 22:09:51.838312+00:00,39.52857465675369
2025-06-15 22:09:52.982555+00:00,39.52276836412392
2025-06-15 22:09:55.701887+00:00,39.505273766610436
2025-06-15 22:09:57.061821+00:00,39.487797994706774
2025-06-15 22:09:57.438347+00:00,39.499429326621375
2025-06-15 22:09:57.916111+00:00,39.49362326194097
2025-06-15 22:09:58.474427+00:00,39.487797994706774
2025-06-15 22:09:59.633242+00:00,39.51692423154802
2025-06-15 22:10:01.605839+00:00,39.511079944865166
2025-06-15 22:10:06.091382+00:00,39.52274944911734
2025-06-15 22:10:10.219148+00:00,39.48777866864479
2025-06-15 22:10:12.164481+00:00,39.46447723349321
2025-06-15 22:10:12.884893+00:00,39.47610850069654
2025-06-15 22:10:16.000337+00:00,39.499429326621375
2025-06-15 22:10:16.392689+00:00,39.48777866864479
2025-06-15 22:10:17.027301+00:00,39.48775933184806
2025-06-15 22:10:18.109975+00:00,39.48775933184806
2025-06-15 22:10:24.309483+00:00,39.476050025571105
2025-06-15 22:10:24.697302+00:00,39.452767212735985
2025-06-15 22:10:25.614067+00:00,39.46441839024296
2025-06-15 22:10:30.544712+00:00,39.493507544872216
2025-06-15 22:10:32.271525+00:00,39.48189508199929
2025-06-15 22:10:37.177547+00:00,39.4469019262409
2025-06-15 22:10:38.442648+00:00,39.45863217946855
2025-06-15 22:10:38.692767+00:00,39.44115576883971
2025-06-15 22:10:39.190175+00:00,39.44692177302875
2025-06-15 22:10:39.386762+00:00,39.452786971331626
2025-06-15 22:10:39.795901+00:00,39.452767212735985
2025-06-15 22:10:40.071557+00:00,39.458592806456416
2025-06-15 22:10:40.505690+00:00,39.458592806456416
2025-06-15 22:10:40.746996+00:00,39.452767212735985
2025-06-15 22:10:42.168948+00:00,39.47612797093541
2025-06-15 22:10:42.720555+00:00,39.48191450698655
2025-06-15 22:10:44.125993+00:00,39.49941012326586
2025-06-15 22:10:45.321286+00:00,39.49941012326586
2025-06-15 22:10:49.271204+00:00,39.511079944865166
2025-06-15 22:10:49.730592+00:00,39.49941012326586
2025-06-15 22:10:50.616459+00:00,39.505273766610436
2025-06-15 22:10:51.675868+00:00,39.49944851924219
2025-06-15 22:10:52.597535+00:00,39.49946770112829
2025-06-15 22:10:53.749968+00:00,39.51109900404571
2025-06-15 22:10:56.031461+00:00,39.51690523908725
2025-06-15 22:10:56.298466+00:00,39.51694321327413
2025-06-15 22:11:00.980813+00:00,39.511137090202816
2025-06-15 22:11:03.488579+00:00,39.5286311694117
2025-06-15 22:11:06.729727+00:00,39.55194964921152
2025-06-15 22:11:07.104640+00:00,39.51700009404463
2025-06-15 22:11:08.763167+00:00,39.55194964921152
2025-06-15 22:11:09.739528+00:00,39.528649985495186
2025-06-15 22:11:13.266473+00:00,39.52282504473594
2025-06-15 22:11:14.399338+00:00,39.52284391680406
2025-06-15 22:11:14.625378+00:00,39.54608750559178
2025-06-15 22:11:15.662901+00:00,39.528649985495186
2025-06-15 22:11:18.228566+00:00,39.54612474818053
2025-06-15 22:11:20.323169+00:00,39.52861234259363
2025-06-15 22:11:21.303478+00:00,39.5344561669579
2025-06-15 22:11:22.414836+00:00,39.53443740685886
2025-06-15 22:11:23.383923+00:00,39.53447491632237
2025-06-15 22:11:24.290851+00:00,39.55773756459461
2025-06-15 22:11:25.675861+00:00,39.5344561669579
2025-06-15 22:11:27.342185+00:00,39.5402811545718
2025-06-15 22:11:28.849402+00:00,39.53447491632237
2025-06-15 22:11:30.991487+00:00,39.557811473088385
2025-06-15 22:11:31.623340+00:00,39.54031850912862
2025-06-15 22:11:33.318933+00:00,39.557811473088385
2025-06-15 22:11:35.282381+00:00,39.54616194783121
2025-06-15 22:11:37.522422+00:00,39.53447491632237
2025-06-15 22:11:38.741947+00:00,39.54033717030521
2025-06-15 22:11:41.949598+00:00,39.53451238284761
2025-06-15 22:11:42.701570+00:00,39.557811473088385
2025-06-15 22:11:44.089373+00:00,39.557811473088385
2025-06-15 22:11:45.760075+00:00,39.557793012066654
2025-06-15 22:11:48.088923+00:00,39.557829923375635
2025-06-15 22:11:49.437647+00:00,39.52284391680406
2025-06-15 22:11:50.707237+00:00,39.528649985495186
2025-06-15 22:11:52.273910+00:00,39.54612474818053
2025-06-15 22:11:52.670967+00:00,39.54616194783121
2025-06-15 22:11:52.966314+00:00,39.557793012066654
2025-06-15 22:11:54.317181+00:00,39.53443740685886
2025-06-15 22:11:55.763562+00:00,39.522787268395874
2025-06-15 22:11:56.966653+00:00,39.5344561669579
2025-06-15 22:12:03.128898+00:00,39.511137090202816
2025-06-15 22:12:07.736015+00:00,39.49946770112829
2025-06-15 22:12:09.208656+00:00,39.50529288177632
2025-06-15 22:12:10.796789+00:00,39.49360400259969
2025-06-15 22:12:11.250363+00:00,39.49944851924219
2025-06-15 22:12:14.820318+00:00,39.48777866864479
2025-06-15 22:12:16.307751+00:00,39.511079944865166
2025-06-15 22:12:21.432697+00:00,39.5053119862075
2025-06-15 22:12:21.742178+00:00,39.49946770112829
2025-06-15 22:12:21.959703+00:00,39.5053119862075
2025-06-15 22:12:23.665710+00:00,39.5169621842656
2025-06-15 22:12:27.207048+00:00,39.51698114452244
2025-06-15 22:12:34.895124+00:00,39.52284391680406
2025-06-15 22:12:37.092397+00:00,39.50536923509297
2025-06-15 22:12:38.806323+00:00,39.511213133701084
2025-06-15 22:12:40.024600+00:00,39.52866879084408
2025-06-15 22:12:42.090412+00:00,39.54616194783121
2025-06-15 22:12:43.732786+00:00,39.53451238284761
2025-06-15 22:12:44.681964+00:00,39.53449365495227
2025-06-15 22:12:50.012109+00:00,39.54616194783121
2025-06-15 22:12:50.865788+00:00,39.54035582074726
2025-06-15 22:12:52.550160+00:00,39.563672977224
2025-06-15 22:12:53.537374+00:00,39.557866791746754
2025-06-15 22:12:54.022483+00:00,39.54616194783121
2025-06-15 22:12:55.333227+00:00,39.54619910454382
2025-06-15 22:12:56.149301+00:00,39.54618053155477
2025-06-15 22:12:57.365091+00:00,39.557829923375635
2025-06-15 22:12:57.656741+00:00,39.54619910454382
2025-06-15 22:12:59.282835+00:00,39.557848362928425
2025-06-15 22:12:59.507266+00:00,39.53451238284761
2025-06-15 22:13:02.852589+00:00,39.557829923375635
2025-06-15 22:13:03.843804+00:00,39.563636220819554
2025-06-15 22:13:07.771494+00:00,39.557848362928425
2025-06-15 22:13:09.152166+00:00,39.563691339324556
2025-06-15 22:13:11.437502+00:00,39.56953416162004
2025-06-15 22:13:14.405104+00:00,39.55204223423801
2025-06-15 22:13:21.117575+00:00,39.55200523243089
2025-06-15 22:13:22.223361+00:00,39.54035582074726
2025-06-15 22:13:22.718929+00:00,39.557829923375635
2025-06-15 22:13:23.077498+00:00,39.52286277813756
2025-06-15 22:13:26.018894+00:00,39.540374460454785
2025-06-15 22:13:28.626018+00:00,39.517037960885126
2025-06-15 22:13:29.513269+00:00,39.51117513342126
2025-06-15 22:13:29.982531+00:00,39.48789446399535
2025-06-15 22:13:32.758395+00:00,39.49952518237833
2025-06-15 22:13:35.846812+00:00,39.47622516110769
2025-06-15 22:13:36.665080+00:00,39.4937193976264
2025-06-15 22:13:38.068830+00:00,39.51117513342126
2025-06-15 22:13:39.731533+00:00,39.493700191958766
2025-06-15 22:13:41.250036+00:00,39.48783661462647
2025-06-15 22:13:42.063393+00:00,39.46453598012982
2025-06-15 22:13:42.740320+00:00,39.499486872279675
2025-06-15 22:13:44.115406+00:00,39.47032213340635
2025-06-15 22:13:45.580498+00:00,39.464555540872325
2025-06-15 22:13:46.324461+00:00,39.46449682644026
2025-06-15 22:13:50.175122+00:00,39.46449682644026
2025-06-15 22:13:52.880854+00:00,39.464516408652464
2025-06-15 22:13:53.124014+00:00,39.45282645631821
2025-06-15 22:13:53.381115+00:00,39.46449682644026
2025-06-15 22:13:53.648549+00:00,39.46449682644026
2025-06-15 22:13:53.950234+00:00,39.441215348346994
2025-06-15 22:13:57.543757+00:00,39.452846182709166
2025-06-15 22:13:58.387959+00:00,39.435390058438756
2025-06-15 22:13:58.686710+00:00,39.45282645631821
2025-06-15 22:13:59.566452+00:00,39.45282645631821
2025-06-15 22:14:00.934592+00:00,39.43537014261521
2025-06-15 22:14:02.959049+00:00,39.43537014261521
2025-06-15 22:14:06.853051+00:00,39.41783360073508
2025-06-15 22:14:14.133067+00:00,39.43533027876324
2025-06-15 22:14:16.414930+00:00,39.42950477875335
2025-06-15 22:14:20.254924+00:00,39.44115576883971
2025-06-15 22:14:20.815045+00:00,39.452846182709166
2025-06-15 22:14:22.164568+00:00,39.44115576883971
2025-06-15 22:14:22.421255+00:00,39.45282645631821
2025-06-15 22:14:22.684795+00:00,39.45865184987232
2025-06-15 22:14:26.581741+00:00,39.47036115365276
2025-06-15 22:14:28.746520+00:00,39.45871079667436
2025-06-15 22:14:29.063915+00:00,39.46453598012982
2025-06-15 22:14:31.967385+00:00,39.46449682644026
2025-06-15 22:14:33.427202+00:00,39.46449682644026
2025-06-15 22:14:33.937890+00:00,39.452905297472654
2025-06-15 22:14:34.914765+00:00,39.45286589836522
2025-06-15 22:14:36.049268+00:00,39.47036115365276
2025-06-15 22:14:36.463566+00:00,39.4586715095412
2025-06-15 22:14:37.031088+00:00,39.48201147090108
2025-06-15 22:14:38.089985+00:00,39.45286589836522
2025-06-15 22:14:39.467441+00:00,39.458750040868054
2025-06-15 22:14:40.453745+00:00,39.44706039996589
2025-06-15 22:14:42.091179+00:00,39.48201147090108
2025-06-15 22:14:44.249113+00:00,39.46453598012982
2025-06-15 22:14:44.466288+00:00,39.46453598012982
2025-06-15 22:14:44.767412+00:00,39.476166879208726
2025-06-15 22:14:50.656875+00:00,39.435350216056705
2025-06-15 22:14:50.973977+00:00,39.42367926881001
2025-06-15 22:14:53.053412+00:00,39.44702084594415
2025-06-15 22:14:53.538882+00:00,39.45288560328638
2025-06-15 22:14:55.736112+00:00,39.46449682644026
2025-06-15 22:14:56.772003+00:00,39.46447723349321
2025-06-15 22:14:58.495721+00:00,39.458730424138636
2025-06-15 22:14:59.038956+00:00,39.47034164889697
2025-06-15 22:14:59.797567+00:00,39.452846182709166
2025-06-15 22:15:00.888185+00:00,39.4586715095412
2025-06-15 22:15:04.695058+00:00,39.42950477875335
2025-06-15 22:15:07.550914+00:00,39.4295247827698
2025-06-15 22:15:08.001478+00:00,39.42950477875335
2025-06-15 22:15:09.408677+00:00,39.41202821912307
2025-06-15 22:15:14.158313+00:00,39.42946473851544
2025-06-15 22:15:21.451512+00:00,39.394469845303796
2025-06-15 22:15:21.891672+00:00,39.37699230617334
2025-06-15 22:15:22.233324+00:00,39.38285931324796
2025-06-15 22:15:27.317821+00:00,39.33616877251415
2025-06-15 22:15:29.122265+00:00,39.342015901119915
2025-06-15 22:15:31.402508+00:00,39.35368878158533
2025-06-15 22:15:36.729535+00:00,39.37701295364779
2025-06-15 22:15:38.016931+00:00,39.359556362201026
2025-06-15 22:15:38.886423+00:00,39.37122855032163
2025-06-15 22:15:41.503060+00:00,39.3654028743185
2025-06-15 22:15:42.645427+00:00,39.37701295364779
2025-06-15 22:15:45.010859+00:00,39.336253252211954
2025-06-15 22:15:47.007509+00:00,39.3420369596853
2025-06-15 22:15:49.288443+00:00,39.35953552528507
2025-06-15 22:15:50.095747+00:00,39.35373059960458
2025-06-15 22:15:50.309852+00:00,39.3420369596853
2025-06-15 22:15:51.687506+00:00,39.36531977208735
2025-06-15 22:15:52.556426+00:00,39.34784188376363
2025-06-15 22:15:53.399836+00:00,39.37120785759226
2025-06-15 22:15:54.662800+00:00,39.38283874323382
2025-06-15 22:15:55.113543+00:00,39.39451072916813
2025-06-15 22:16:01.074214+00:00,39.38868502617499
2025-06-15 22:16:01.430765+00:00,39.38285931324796
2025-06-15 22:16:02.082871+00:00,39.39451072916813
2025-06-15 22:16:02.523792+00:00,39.3770542163911
2025-06-15 22:16:05.586846+00:00,39.38283874323382
2025-06-15 22:16:06.391254+00:00,39.388664522885726
2025-06-15 22:16:07.712090+00:00,39.382879872526935
2025-06-15 22:16:08.262635+00:00,39.38285931324796
2025-06-15 22:16:08.957508+00:00,39.382879872526935
2025-06-15 22:16:10.863084+00:00,39.37707483165997
2025-06-15 22:16:13.721307+00:00,39.37122855032163
2025-06-15 22:16:14.950381+00:00,39.35373059960458
2025-06-15 22:16:15.608089+00:00,39.36536134467342
2025-06-15 22:16:17.491447+00:00,39.38868502617499
2025-06-15 22:16:21.486111+00:00,39.39451072916813
2025-06-15 22:16:21.760335+00:00,39.40618239773365
2025-06-15 22:16:22.781088+00:00,39.388746471631855
2025-06-15 22:16:25.213807+00:00,39.40041779423703
2025-06-15 22:16:25.655728+00:00,39.38870551872909
2025-06-15 22:16:26.156343+00:00,39.382879872526935
2025-06-15 22:16:27.392509+00:00,39.37707483165997
2025-06-15 22:16:28.462306+00:00,39.40622295029018
2025-06-15 22:16:28.678971+00:00,39.39453115499761
2025-06-15 22:16:32.232107+00:00,39.41202821912307
2025-06-15 22:16:33.936329+00:00,39.39457197445117
2025-06-15 22:16:34.936198+00:00,39.42367926881001
2025-06-15 22:16:36.444048+00:00,39.39455157009195
2025-06-15 22:16:37.205050+00:00,39.41206861676165
2025-06-15 22:16:41.255422+00:00,39.42954477605129
2025-06-15 22:16:41.973747+00:00,39.4236993395497
2025-06-15 22:16:42.208615+00:00,39.4178738863964
2025-06-15 22:16:44.797724+00:00,39.42373944882406
2025-06-15 22:16:46.220928+00:00,39.41206861676165
2025-06-15 22:16:48.539669+00:00,39.42373944882406
2025-06-15 22:16:49.819329+00:00,39.42373944882406
2025-06-15 22:16:50.328885+00:00,39.429604691485814
2025-06-15 22:16:53.728939+00:00,39.43542985788096
2025-06-15 22:16:54.132060+00:00,39.42956475859778
2025-06-15 22:16:56.035487+00:00,39.441235186712866
2025-06-15 22:16:56.544924+00:00,39.435390058438756
2025-06-15 22:16:56.772295+00:00,39.44706039996589
2025-06-15 22:16:57.532443+00:00,39.441235186712866
2025-06-15 22:17:04.505515+00:00,39.45288560328638
2025-06-15 22:17:07.266405+00:00,39.458750040868054
2025-06-15 22:17:08.664638+00:00,39.476244566937766
2025-06-15 22:17:10.435970+00:00,39.46459463015283
2025-06-15 22:17:11.920524+00:00,39.45294465364054
2025-06-15 22:17:13.532304+00:00,39.43552916862476
2025-06-15 22:17:14.008043+00:00,39.44713937919042
2025-06-15 22:17:14.610370+00:00,39.46459463015283
2025-06-15 22:17:22.843927+00:00,39.47043906532773
2025-06-15 22:17:24.149070+00:00,39.493738592559296
2025-06-15 22:17:26.321028+00:00,39.47043906532773
2025-06-15 22:17:26.971201+00:00,39.47043906532773
2025-06-15 22:17:27.574422+00:00,39.47626396203304
2025-06-15 22:17:27.841712+00:00,39.470477956756326
2025-06-15 22:17:28.103778+00:00,39.464614158690814
2025-06-15 22:17:28.469989+00:00,39.45882840043709
2025-06-15 22:17:29.628707+00:00,39.435489476532105
2025-06-15 22:17:30.597651+00:00,39.452964315622154
2025-06-15 22:17:31.888958+00:00,39.43550932794591
2025-06-15 22:17:33.601738+00:00,39.44131443282706
2025-06-15 22:17:34.642300+00:00,39.452983966868885
2025-06-15 22:17:34.902505+00:00,39.47043906532773
2025-06-15 22:17:35.210323+00:00,39.44713937919042
2025-06-15 22:17:35.469489+00:00,39.458750040868054
2025-06-15 22:17:36.318958+00:00,39.44127483123983
2025-06-15 22:17:39.783151+00:00,39.45294465364054
2025-06-15 22:17:40.950129+00:00,39.44125501434381
2025-06-15 22:17:41.486498+00:00,39.44706039996589
2025-06-15 22:17:41.738328+00:00,39.44125501434381
2025-06-15 22:17:43.336344+00:00,39.458750040868054
2025-06-15 22:17:50.618475+00:00,39.48208884880673
2025-06-15 22:17:51.494662+00:00,39.47626396203304
2025-06-15 22:17:52.449626+00:00,39.47043906532773
2025-06-15 22:17:52.690798+00:00,39.47043906532773
2025-06-15 22:17:53.592108+00:00,39.458808826647115
2025-06-15 22:17:53.819443+00:00,39.447040628322476
2025-06-15 22:17:54.267623+00:00,39.47620574454283
2025-06-15 22:17:55.322865+00:00,39.476244566937766
2025-06-15 22:17:55.619764+00:00,39.45294465364054
2025-06-15 22:17:56.494924+00:00,39.452964315622154
2025-06-15 22:17:57.511363+00:00,39.44713937919042
2025-06-15 22:17:58.489638+00:00,39.48206952043248
2025-06-15 22:18:00.010270+00:00,39.48791372564882
2025-06-15 22:18:00.351391+00:00,39.48789446399535
2025-06-15 22:18:03.510231+00:00,39.47045851640943
2025-06-15 22:18:04.324122+00:00,39.458789242122286
2025-06-15 22:18:04.728906+00:00,39.47045851640943
2025-06-15 22:18:07.631662+00:00,39.50557832110318
2025-06-15 22:18:09.228504+00:00,39.487952216751516
2025-06-15 22:18:10.797963+00:00,39.49958256701604
2025-06-15 22:18:11.266245+00:00,39.48208884880673
2025-06-15 22:18:13.088470+00:00,39.46463367649396
2025-06-15 22:18:14.280167+00:00,39.476302720019206
2025-06-15 22:18:22.683424+00:00,39.49958256701604
2025-06-15 22:18:27.462419+00:00,39.49956344953817
2025-06-15 22:18:28.232034+00:00,39.487932976567535
2025-06-15 22:18:28.993924+00:00,39.493738592559296
2025-06-15 22:18:31.930113+00:00,39.49377695022094
2025-06-15 22:18:32.553490+00:00,39.476302720019206
2025-06-15 22:18:32.886844+00:00,39.493757776757484
2025-06-15 22:18:36.243518+00:00,39.48789446399535
2025-06-15 22:18:37.318285+00:00,39.493738592559296
2025-06-15 22:18:39.293389+00:00,39.487932976567535
2025-06-15 22:18:41.093671+00:00,39.476283346393515
2025-06-15 22:18:42.336595+00:00,39.48791372564882
2025-06-15 22:18:43.401058+00:00,39.47045851640943
2025-06-15 22:18:44.526453+00:00,39.476283346393515
2025-06-15 22:18:44.969720+00:00,39.470477956756326
2025-06-15 22:18:45.676940+00:00,39.47626396203304
2025-06-15 22:18:46.107670+00:00,39.464614158690814
2025-06-15 22:18:46.417328+00:00,39.476244566937766
2025-06-15 22:18:46.769908+00:00,39.47041960351121
2025-06-15 22:18:50.467943+00:00,39.44711965048664
2025-06-15 22:18:50.764650+00:00,39.45294465364054
2025-06-15 22:18:51.750265+00:00,39.45294465364054
2025-06-15 22:18:52.325679+00:00,39.46457509087999
2025-06-15 22:18:53.776772+00:00,39.47622516110769
2025-06-15 22:18:54.695461+00:00,39.452905297472654
2025-06-15 22:18:55.463432+00:00,39.452905297472654
2025-06-15 22:18:56.174134+00:00,39.45292498092404
2025-06-15 22:18:57.202309+00:00,39.441235186712866
2025-06-15 22:18:59.345587+00:00,39.458730424138636
2025-06-15 22:19:04.203480+00:00,39.44702084594415
2025-06-15 22:19:05.851550+00:00,39.42377951515837
2025-06-15 22:19:09.316283+00:00,39.447099911047964
2025-06-15 22:19:11.075435+00:00,39.42962464182737
2025-06-15 22:19:11.782754+00:00,39.44131443282706
2025-06-15 22:19:12.610109+00:00,39.435449741499625
2025-06-15 22:19:14.381565+00:00,39.42966451030553
2025-06-15 22:19:15.237468+00:00,39.447099911047964
2025-06-15 22:19:17.357314+00:00,39.46457509087999
2025-06-15 22:19:18.486758+00:00,39.46459463015283
2025-06-15 22:19:20.523835+00:00,39.470400130959874
2025-06-15 22:19:25.646870+00:00,39.476244566937766
2025-06-15 22:19:27.740363+00:00,39.47041960351121
2025-06-15 22:19:31.984054+00:00,39.476244566937766
2025-06-15 22:19:34.271247+00:00,39.46457509087999
2025-06-15 22:19:35.584023+00:00,39.46457509087999
2025-06-15 22:19:36.283865+00:00,39.447099911047964
2025-06-15 22:19:37.105753+00:00,39.452905297472654
2025-06-15 22:19:37.967220+00:00,39.447099911047964
2025-06-15 22:19:42.120297+00:00,39.45292498092404
2025-06-15 22:19:43.967516+00:00,39.452964315622154
2025-06-15 22:19:48.600645+00:00,39.470400130959874
2025-06-15 22:19:49.660048+00:00,39.47622516110769
2025-06-15 22:19:51.260922+00:00,39.493738592559296
2025-06-15 22:19:51.880102+00:00,39.48787519160714
2025-06-15 22:19:52.626657+00:00,39.49956344953817
2025-06-15 22:19:54.594042+00:00,39.48205018132345
2025-06-15 22:19:55.082933+00:00,39.476283346393515
2025-06-15 22:19:55.724865+00:00,39.476244566937766
2025-06-15 22:19:57.703403+00:00,39.44711965048664
2025-06-15 22:19:58.294943+00:00,39.46457509087999
2025-06-15 22:19:59.518017+00:00,39.44713937919042
2025-06-15 22:20:00.568848+00:00,39.44127483123983
2025-06-15 22:20:02.440191+00:00,39.435469614383344
2025-06-15 22:20:07.048145+00:00,39.44127483123983
2025-06-15 22:20:09.349843+00:00,39.452983966868885
2025-06-15 22:20:18.259206+00:00,39.447099911047964
2025-06-15 22:20:21.984454+00:00,39.46459463015283
2025-06-15 22:20:25.052312+00:00,39.452964315622154
2025-06-15 22:20:28.130171+00:00,39.44713937919042
2025-06-15 22:20:31.176889+00:00,39.46463367649396
2025-06-15 22:20:33.550450+00:00,39.423839534147355
2025-06-15 22:20:38.661898+00:00,39.423839534147355
2025-06-15 22:20:39.600158+00:00,39.44129463740091
2025-06-15 22:20:40.608035+00:00,39.44129463740091
2025-06-15 22:20:41.542516+00:00,39.412149283218184
2025-06-15 22:20:42.606589+00:00,39.42962464182737
2025-06-15 22:20:43.416886+00:00,39.41208879947837
2025-06-15 22:20:43.992315+00:00,39.42377951515837
2025-06-15 22:20:44.519011+00:00,39.406344350317944
2025-06-15 22:20:44.949569+00:00,39.40045841583125
2025-06-15 22:20:45.556984+00:00,39.38300300276216
2025-06-15 22:20:46.725551+00:00,39.40045841583125
2025-06-15 22:20:49.556654+00:00,39.382982507894205
2025-06-15 22:20:50.032967+00:00,39.365506510564494
2025-06-15 22:20:50.352057+00:00,39.35383495678516
2025-06-15 22:20:50.657102+00:00,39.3888078204724
2025-06-15 22:20:50.953409+00:00,39.37713661305539
2025-06-15 22:20:52.145840+00:00,39.371311213886955
2025-06-15 22:20:52.473377+00:00,39.37126990357472
2025-06-15 22:20:53.383251+00:00,39.36548580478577
2025-06-15 22:20:57.245498+00:00,39.371290564098445
2025-06-15 22:20:57.881037+00:00,39.371311213886955
2025-06-15 22:21:02.008545+00:00,39.35385579601542
2025-06-15 22:21:02.728977+00:00,39.37126990357472
2025-06-15 22:21:03.167023+00:00,39.34798860119405
2025-06-15 22:21:08.266269+00:00,39.371290564098445
2025-06-15 22:21:08.959294+00:00,39.342142091482145
2025-06-15 22:21:09.823145+00:00,39.34798860119405
2025-06-15 22:21:10.222873+00:00,39.34794673560477
2025-06-15 22:21:10.574199+00:00,39.34796767376706
2025-06-15 22:21:10.956653+00:00,39.35379324611878
2025-06-15 22:21:11.842317+00:00,39.34798860119405
2025-06-15 22:21:12.100561+00:00,39.35959800382713
2025-06-15 22:21:12.323044+00:00,39.342142091482145
2025-06-15 22:21:15.581739+00:00,39.342121086593444
2025-06-15 22:21:16.879219+00:00,39.35381410681961
2025-06-15 22:21:20.498111+00:00,39.3829414859528
2025-06-15 22:21:21.909623+00:00,39.39459236807526
2025-06-15 22:21:22.120103+00:00,39.35963960251219
2025-06-15 22:21:22.369918+00:00,39.35959800382713
2025-06-15 22:21:23.139025+00:00,39.37126990357472
2025-06-15 22:21:24.233526+00:00,39.3829414859528
2025-06-15 22:21:25.436456+00:00,39.38296200229109
2025-06-15 22:21:25.964323+00:00,39.37715718538348
2025-06-15 22:21:30.813186+00:00,39.37713661305539
2025-06-15 22:21:34.673794+00:00,39.37135248125833
2025-06-15 22:21:36.712087+00:00,39.38882824861563
2025-06-15 22:21:37.438975+00:00,39.38296200229109
2025-06-15 22:21:37.923749+00:00,39.382982507894205
2025-06-15 22:21:38.156536+00:00,39.37133185294025
2025-06-15 22:21:38.390268+00:00,39.3888078204724
2025-06-15 22:21:40.023800+00:00,39.38300300276216
2025-06-15 22:21:40.663880+00:00,39.41210897146002
2025-06-15 22:21:41.240590+00:00,39.40043811040169
2025-06-15 22:21:42.844440+00:00,39.412149283218184
2025-06-15 22:21:43.797256+00:00,39.39465348453682
2025-06-15 22:21:44.908977+00:00,39.423799532223036
2025-06-15 22:21:45.143591+00:00,39.429604691485814
2025-06-15 22:21:46.833900+00:00,39.4238195385527
2025-06-15 22:21:48.502713+00:00,39.4238195385527
2025-06-15 22:21:48.845270+00:00,39.423799532223036
2025-06-15 22:21:49.119653+00:00,39.447099911047964
2025-06-15 22:21:51.257824+00:00,39.44708016087438
2025-06-15 22:21:57.174460+00:00,39.452964315622154
2025-06-15 22:21:59.023212+00:00,39.46463367649396
2025-06-15 22:21:59.399107+00:00,39.464653183562284
2025-06-15 22:22:01.342868+00:00,39.476302720019206
2025-06-15 22:22:05.077775+00:00,39.4821467695209
2025-06-15 22:22:07.089242+00:00,39.476341435066246
2025-06-15 22:22:09.616650+00:00,39.505445416654766
2025-06-15 22:22:11.947030+00:00,39.505483443027636
2025-06-15 22:22:18.549544+00:00,39.499620769767695
2025-06-15 22:22:18.765160+00:00,39.50550244011207
2025-06-15 22:22:19.714862+00:00,39.50552142646184
2025-06-15 22:22:20.554282+00:00,39.499716088789725
2025-06-15 22:22:21.163672+00:00,39.50552142646184
2025-06-15 22:22:21.672802+00:00,39.499658929580576
2025-06-15 22:22:22.334732+00:00,39.50550244011207
2025-06-15 22:22:24.433213+00:00,39.499658929580576
2025-06-15 22:22:25.563192+00:00,39.453101648916885
2025-06-15 22:22:27.122997+00:00,39.48220459362222
2025-06-15 22:22:28.505914+00:00,39.476399427125926
2025-06-15 22:22:29.094216+00:00,39.48802907014005
2025-06-15 22:22:36.206653+00:00,39.49967799338497
2025-06-15 22:22:36.564353+00:00,39.48800987289503
2025-06-15 22:22:37.578795+00:00,39.49967799338497
2025-06-15 22:22:38.238262+00:00,39.49387265651753
2025-06-15 22:22:38.871552+00:00,39.50550244011207
2025-06-15 22:22:40.279024+00:00,39.517170156686085
2025-06-15 22:22:40.929485+00:00,39.50552142646184
2025-06-15 22:22:42.135168+00:00,39.48802907014005
2025-06-15 22:22:44.691659+00:00,39.49383440620303
2025-06-15 22:22:45.111153+00:00,39.476380107174144
2025-06-15 22:22:48.054384+00:00,39.49967799338497
2025-06-15 22:22:48.622255+00:00,39.49967799338497
2025-06-15 22:22:48.980059+00:00,39.49383440620303
2025-06-15 22:22:49.321022+00:00,39.49385353672763
2025-06-15 22:22:51.562444+00:00,39.49385353672763
2025-06-15 22:22:52.029736+00:00,39.47636077648759
2025-06-15 22:22:53.448037+00:00,39.482166054956096
2025-06-15 22:22:55.605546+00:00,39.499658929580576
2025-06-15 22:22:56.117227+00:00,39.50550244011207
2025-06-15 22:22:57.655658+00:00,39.499658929580576
2025-06-15 22:22:57.921583+00:00,39.48799066491526
2025-06-15 22:23:02.964697+00:00,39.476302720019206
2025-06-15 22:23:06.778047+00:00,39.47632208291012
2025-06-15 22:23:09.237884+00:00,39.4821467695209
2025-06-15 22:23:11.014329+00:00,39.488048256650345
2025-06-15 22:23:11.376653+00:00,39.499658929580576
2025-06-15 22:23:11.688337+00:00,39.476380107174144
2025-06-15 22:23:12.045944+00:00,39.476341435066246
2025-06-15 22:23:16.031209+00:00,39.499658929580576
2025-06-15 22:23:18.462767+00:00,39.4880674324259
2025-06-15 22:23:20.202039+00:00,39.46473110448726
2025-06-15 22:23:21.295482+00:00,39.48802907014005
2025-06-15 22:23:22.611110+00:00,39.482166054956096
2025-06-15 22:23:23.796124+00:00,39.49383440620303
2025-06-15 22:23:24.008233+00:00,39.46473110448726
2025-06-15 22:23:25.752963+00:00,39.453042856199815
2025-06-15 22:23:26.328818+00:00,39.453023237157716
2025-06-15 22:23:27.508360+00:00,39.453042856199815
2025-06-15 22:23:28.411772+00:00,39.4471985008923
2025-06-15 22:23:29.112199+00:00,39.45886751581247
2025-06-15 22:23:29.907452+00:00,39.453023237157716
2025-06-15 22:23:30.322148+00:00,39.453042856199815
2025-06-15 22:23:30.780055+00:00,39.45882840043709
2025-06-15 22:23:35.526678+00:00,39.44137375469596
2025-06-15 22:23:36.587453+00:00,39.447218186656464
2025-06-15 22:23:37.105270+00:00,39.44717880439323
2025-06-15 22:23:37.497073+00:00,39.453023237157716
2025-06-15 22:23:37.914036+00:00,39.4297043358438
2025-06-15 22:23:38.121881+00:00,39.4297043358438
2025-06-15 22:23:38.449526+00:00,39.44135399147458
2025-06-15 22:23:38.937023+00:00,39.42968442844216
2025-06-15 22:23:39.179318+00:00,39.4297043358438
2025-06-15 22:23:39.470305+00:00,39.42387949313168
2025-06-15 22:23:43.630131+00:00,39.42966451030553
2025-06-15 22:23:44.074389+00:00,39.435548998568684
2025-06-15 22:23:44.323831+00:00,39.44133421751828
2025-06-15 22:23:44.538400+00:00,39.42968442844216
2025-06-15 22:23:44.783046+00:00,39.435469614383344
2025-06-15 22:23:45.611893+00:00,39.44133421751828
2025-06-15 22:23:51.821365+00:00,39.40051926770936
2025-06-15 22:23:53.449450+00:00,39.42966451030553
2025-06-15 22:23:54.037530+00:00,39.38306442295505
2025-06-15 22:23:55.293876+00:00,39.388889468634495
2025-06-15 22:23:56.347421+00:00,39.40636454608317
2025-06-15 22:23:58.904371+00:00,39.40638473111331
2025-06-15 22:23:59.706522+00:00,39.41799448573961
2025-06-15 22:24:01.379690+00:00,39.41801454805757
2025-06-15 22:24:02.463268+00:00,39.41801454805757
2025-06-15 22:24:03.098055+00:00,39.41218955203617
2025-06-15 22:24:06.638448+00:00,39.41801454805757
2025-06-15 22:24:06.986826+00:00,39.4238195385527
2025-06-15 22:24:07.329803+00:00,39.423839534147355
2025-06-15 22:24:07.759629+00:00,39.38886907269668
2025-06-15 22:24:12.582475+00:00,39.453003607380744
2025-06-15 22:24:12.905153+00:00,39.4471985008923
2025-06-15 22:24:13.234194+00:00,39.45882840043709
2025-06-15 22:24:14.669141+00:00,39.42389945652136
2025-06-15 22:24:15.019956+00:00,39.42389945652136
2025-06-15 22:24:17.393708+00:00,39.43552916862476
2025-06-15 22:24:18.662865+00:00,39.44139350718241
2025-06-15 22:24:21.688571+00:00,39.418074670601314
2025-06-15 22:24:22.272240+00:00,39.44137375469596
2025-06-15 22:24:24.443845+00:00,39.44137375469596
2025-06-15 22:24:27.854760+00:00,39.42978385810074
2025-06-15 22:24:28.916280+00:00,39.42389945652136
2025-06-15 22:24:29.751710+00:00,39.4180345996405
2025-06-15 22:24:30.646317+00:00,39.42387949313168
2025-06-15 22:24:33.301398+00:00,39.42968442844216
2025-06-15 22:24:34.531103+00:00,39.40636454608317
2025-06-15 22:24:38.962519+00:00,39.43550932794591
2025-06-15 22:24:44.869648+00:00,39.42387949313168
2025-06-15 22:24:45.610693+00:00,39.4297441184422
2025-06-15 22:24:46.785102+00:00,39.4297441184422
2025-06-15 22:24:49.064466+00:00,39.43558862625169
2025-06-15 22:24:49.437672+00:00,39.45306246450704
2025-06-15 22:24:50.217967+00:00,39.42976399363895
2025-06-15 22:24:50.768889+00:00,39.44143297995056
2025-06-15 22:24:51.913731+00:00,39.44139350718241
2025-06-15 22:24:56.132323+00:00,39.45888705739789
2025-06-15 22:24:58.660379+00:00,39.45306246450704
2025-06-15 22:25:02.132933+00:00,39.44723786168573
2025-06-15 22:25:02.517395+00:00,39.447257525980106
2025-06-15 22:25:02.936219+00:00,39.4471985008923
2025-06-15 22:25:03.484727+00:00,39.453042856199815
2025-06-15 22:25:04.225241+00:00,39.464692165494434
2025-06-15 22:25:05.869403+00:00,39.435548998568684
2025-06-15 22:25:07.910822+00:00,39.42391940917605
2025-06-15 22:25:08.402054+00:00,39.42391940917605
2025-06-15 22:25:12.410756+00:00,39.4180345996405
2025-06-15 22:25:18.511767+00:00,39.40055978195265
2025-06-15 22:25:20.876909+00:00,39.435489476532105
2025-06-15 22:25:25.190209+00:00,39.435548998568684
2025-06-15 22:25:26.068731+00:00,39.453023237157716
2025-06-15 22:25:27.507140+00:00,39.47632208291012
2025-06-15 22:25:27.990581+00:00,39.453023237157716
2025-06-15 22:25:28.458228+00:00,39.46467267989577
2025-06-15 22:25:31.026735+00:00,39.4471985008923
2025-06-15 22:25:33.069942+00:00,39.46471164035826
2025-06-15 22:25:33.761179+00:00,39.447218186656464
2025-06-15 22:25:36.404119+00:00,39.447257525980106
2025-06-15 22:25:39.944760+00:00,39.4530820620794
2025-06-15 22:25:42.189109+00:00,39.42972423251049
2025-06-15 22:25:44.279431+00:00,39.41224987475034
2025-06-15 22:25:46.827416+00:00,39.39475513060378
2025-06-15 22:25:48.260665+00:00,39.42385951900702
2025-06-15 22:25:49.242229+00:00,39.418074670601314
2025-06-15 22:25:50.236010+00:00,39.4064049054084
2025-06-15 22:25:52.801515+00:00,39.38890985383718
2025-06-15 22:25:53.059293+00:00,39.36558922632708
2025-06-15 22:25:53.420778+00:00,39.37137309884121
2025-06-15 22:25:53.841570+00:00,39.35393904558371
2025-06-15 22:25:54.799267+00:00,39.3597641409212
2025-06-15 22:25:56.060575+00:00,39.3597641409212
2025-06-15 22:26:00.256590+00:00,39.342246954895735
2025-06-15 22:26:01.810147+00:00,39.35389744227011
2025-06-15 22:26:03.944006+00:00,39.33642169631045
2025-06-15 22:26:05.486651+00:00,39.31309927780172
2025-06-15 22:26:08.527437+00:00,39.307273902828456
2025-06-15 22:26:09.177127+00:00,39.301384198602534
2025-06-15 22:26:10.918748+00:00,39.31890341398777
2025-06-15 22:26:11.343577+00:00,39.301427088884935
2025-06-15 22:26:11.635724+00:00,39.31888217439742
2025-06-15 22:26:11.836731+00:00,39.3072525405184
2025-06-15 22:26:13.959042+00:00,39.31305667590152
2025-06-15 22:26:14.232007+00:00,39.32468647936208
2025-06-15 22:26:18.203218+00:00,39.34800951788573
2025-06-15 22:26:18.452841+00:00,39.32472883582368
2025-06-15 22:26:19.597059+00:00,39.348030423842104
2025-06-15 22:26:20.083173+00:00,39.35963960251219
2025-06-15 22:26:20.453632+00:00,39.33640067837186
2025-06-15 22:26:20.850640+00:00,39.37135248125833
2025-06-15 22:26:23.184476+00:00,39.33640067837186
2025-06-15 22:26:25.823554+00:00,39.35968115825622
2025-06-15 22:26:28.145008+00:00,39.35393904558371
2025-06-15 22:26:29.684321+00:00,39.371414301801344
2025-06-15 22:26:30.203687+00:00,39.365527205607975
2025-06-15 22:26:30.685088+00:00,39.35970192002534
2025-06-15 22:26:35.561597+00:00,39.34807220354896
2025-06-15 22:26:36.509014+00:00,39.353980605956224
2025-06-15 22:26:37.527136+00:00,39.365547889916236
2025-06-15 22:26:38.388596+00:00,39.38304396029258
2025-06-15 22:26:41.491412+00:00,39.353876624510406
2025-06-15 22:26:41.810911+00:00,39.34226789537249
2025-06-15 22:26:42.244431+00:00,39.365547889916236
2025-06-15 22:26:43.998973+00:00,39.35391824929455
2025-06-15 22:26:44.926472+00:00,39.34811394031462
2025-06-15 22:26:45.569324+00:00,39.35393904558371
2025-06-15 22:26:46.697350+00:00,39.36558922632708
2025-06-15 22:26:47.032861+00:00,39.34807220354896
2025-06-15 22:26:49.647102+00:00,39.34811394031462
2025-06-15 22:26:50.173851+00:00,39.34809307729944
2025-06-15 22:26:53.435643+00:00,39.37135248125833
2025-06-15 22:26:59.598532+00:00,39.39467383522044
2025-06-15 22:26:59.959681+00:00,39.38304396029258
2025-06-15 22:27:00.916469+00:00,39.406344350317944
2025-06-15 22:27:05.092216+00:00,39.359743411357826
2025-06-15 22:27:06.010045+00:00,39.37137309884121
2025-06-15 22:27:10.769292+00:00,39.38304396029258
2025-06-15 22:27:14.672885+00:00,39.34220504173628
2025-06-15 22:27:18.625560+00:00,39.34218406905356
2025-06-15 22:27:18.949880+00:00,39.34222600368367
2025-06-15 22:27:19.182693+00:00,39.336379649697925
2025-06-15 22:27:19.451522+00:00,39.32470766296058
2025-06-15 22:27:19.767542+00:00,39.33053314159098
2025-06-15 22:27:20.060402+00:00,39.336379649697925
2025-06-15 22:27:20.326672+00:00,39.336379649697925
2025-06-15 22:27:22.602689+00:00,39.33053314159098
2025-06-15 22:27:27.336684+00:00,39.34220504173628
2025-06-15 22:27:27.797478+00:00,39.32468647936208
2025-06-15 22:27:29.911796+00:00,39.32470766296058
2025-06-15 22:27:32.107190+00:00,39.32477114934368
2025-06-15 22:27:35.877226+00:00,39.32468647936208
2025-06-15 22:27:36.561136+00:00,39.301427088884935
2025-06-15 22:27:37.657521+00:00,39.301384198602534
2025-06-15 22:27:39.600571+00:00,39.32468647936208
2025-06-15 22:27:39.904454+00:00,39.32466528502819
2025-06-15 22:27:41.342092+00:00,39.33635861028864
2025-06-15 22:27:42.085825+00:00,39.32470766296058
2025-06-15 22:27:43.266054+00:00,39.31890341398777
2025-06-15 22:27:44.561617+00:00,39.32472883582368
2025-06-15 22:27:50.511274+00:00,39.365568563489276
2025-06-15 22:27:50.702174+00:00,39.382982507894205
2025-06-15 22:27:51.263585+00:00,39.365506510564494
2025-06-15 22:27:52.466626+00:00,39.353876624510406
2025-06-15 22:27:54.608488+00:00,39.34809307729944
2025-06-15 22:27:55.607413+00:00,39.34809307729944
2025-06-15 22:27:56.554723+00:00,39.33646369998161
2025-06-15 22:27:58.700592+00:00,39.365568563489276
2025-06-15 22:28:01.817288+00:00,39.377239367344
2025-06-15 22:28:03.498308+00:00,39.37728039391318
2025-06-15 22:28:05.976999+00:00,39.38312574653155
2025-06-15 22:28:07.914590+00:00,39.38893022830473
2025-06-15 22:28:10.202327+00:00,39.37143488717861
2025-06-15 22:28:14.682888+00:00,39.3597641409212
2025-06-15 22:28:15.126006+00:00,39.383105316074534
2025-06-15 22:28:16.207120+00:00,39.371414301801344
2025-06-15 22:28:16.693039+00:00,39.37143488717861
2025-06-15 22:28:17.891155+00:00,39.37728039391318
2025-06-15 22:28:19.663159+00:00,39.37147602572754
2025-06-15 22:28:20.242769+00:00,39.37143488717861
2025-06-15 22:28:20.964562+00:00,39.36563051979701
2025-06-15 22:28:21.786138+00:00,39.37728039391318
2025-06-15 22:28:22.973283+00:00,39.37728039391318
2025-06-15 22:28:23.791372+00:00,39.388991287296626
2025-06-15 22:28:24.995030+00:00,39.37147602572754
2025-06-15 22:28:25.496264+00:00,39.388950592037155
2025-06-15 22:28:26.206431+00:00,39.4064452217934
2025-06-15 22:28:28.604121+00:00,39.41229003621793
2025-06-15 22:28:32.181350+00:00,39.4064452217934
2025-06-15 22:28:33.555755+00:00,39.40646536388331
2025-06-15 22:28:35.102287+00:00,39.4064452217934
2025-06-15 22:28:35.301725+00:00,39.4064452217934
2025-06-15 22:28:36.715656+00:00,39.3947957138848
2025-06-15 22:28:37.725982+00:00,39.423959282280464
2025-06-15 22:28:39.621596+00:00,39.412269960851646
2025-06-15 22:28:40.750880+00:00,39.406485495238165
2025-06-15 22:28:41.126100+00:00,39.42980371182757
2025-06-15 22:28:42.359335+00:00,39.41811469862208
2025-06-15 22:28:46.891287+00:00,39.42978385810074
2025-06-15 22:28:48.572328+00:00,39.42980371182757
2025-06-15 22:28:50.528907+00:00,39.423979202730195
2025-06-15 22:28:53.562374+00:00,39.4123301547454
2025-06-15 22:28:55.718074+00:00,39.42982355481943
2025-06-15 22:28:58.751869+00:00,39.42980371182757
2025-06-15 22:28:59.436397+00:00,39.41813469652995
2025-06-15 22:29:03.771550+00:00,39.38318697349169
2025-06-15 22:29:06.440123+00:00,39.406485495238165
2025-06-15 22:29:08.239112+00:00,39.38897094503446
2025-06-15 22:29:08.583654+00:00,39.38316657524012
2025-06-15 22:29:10.898821+00:00,39.39483625422542
2025-06-15 22:29:13.189380+00:00,39.388950592037155
2025-06-15 22:29:14.397804+00:00,39.37147602572754
2025-06-15 22:29:19.216534+00:00,39.38893022830473
2025-06-15 22:29:21.458897+00:00,39.36565115042915
2025-06-15 22:29:23.890101+00:00,39.35984695182223
2025-06-15 22:29:26.388373+00:00,39.359826265199835
2025-06-15 22:29:27.591386+00:00,39.33646369998161
2025-06-15 22:29:28.592992+00:00,39.35978485974932
2025-06-15 22:29:29.328505+00:00,39.34813479259451
2025-06-15 22:29:30.767331+00:00,39.348155634139104
2025-06-15 22:29:31.802922+00:00,39.35984695182223
2025-06-15 22:29:33.098927+00:00,39.35978485974932
2025-06-15 22:29:34.042286+00:00,39.34813479259451
2025-06-15 22:29:34.333019+00:00,39.359743411357826
2025-06-15 22:29:34.667997+00:00,39.34228882511391
2025-06-15 22:29:34.948852+00:00,39.35389744227011
2025-06-15 22:29:37.975805+00:00,39.34811394031462
2025-06-15 22:29:38.188157+00:00,39.371414301801344
2025-06-15 22:29:38.461950+00:00,39.3597641409212
2025-06-15 22:29:39.704783+00:00,39.34811394031462
2025-06-15 22:29:41.052022+00:00,39.36560987842965
2025-06-15 22:29:41.570205+00:00,39.37143488717861
2025-06-15 22:29:42.348949+00:00,39.377259885996175
2025-06-15 22:29:46.842335+00:00,39.3597641409212
2025-06-15 22:29:52.275214+00:00,39.37143488717861
2025-06-15 22:29:53.252591+00:00,39.377239367344
2025-06-15 22:29:53.813180+00:00,39.394734822860606
2025-06-15 22:29:55.416868+00:00,39.359805567842194
2025-06-15 22:29:57.932781+00:00,39.348176464948416
2025-06-15 22:29:58.183319+00:00,39.359826265199835
2025-06-15 22:29:59.669807+00:00,39.359826265199835
2025-06-15 22:30:02.046688+00:00,39.3715171213357
2025-06-15 22:30:03.721353+00:00,39.36567177032607
2025-06-15 22:30:06.436394+00:00,39.359826265199835
2025-06-15 22:30:09.055146+00:00,39.36569237948777
2025-06-15 22:30:11.095063+00:00,39.37736231822946
2025-06-15 22:30:12.394808+00:00,39.39483625422542
2025-06-15 22:30:16.453168+00:00,39.42982355481943
2025-06-15 22:30:17.939823+00:00,39.418174660140664
2025-06-15 22:30:19.777832+00:00,39.43564798726413
2025-06-15 22:30:20.488828+00:00,39.42982355481943
2025-06-15 22:30:21.264028+00:00,39.44149210859092
2025-06-15 22:30:21.608674+00:00,39.43562821099492
2025-06-15 22:30:24.510728+00:00,39.418174660140664
2025-06-15 22:30:31.537896+00:00,39.388991287296626
2025-06-15 22:30:31.986366+00:00,39.377321377541655
2025-06-15 22:30:35.535454+00:00,39.37736231822946
2025-06-15 22:30:37.231220+00:00,39.39485650829308
2025-06-15 22:30:38.336496+00:00,39.383146166253404
2025-06-15 22:30:39.948771+00:00,39.377566377558736
2025-06-15 22:30:40.363037+00:00,39.37153765303698
2025-06-15 22:30:41.526264+00:00,39.37153765303698
2025-06-15 22:30:42.730761+00:00,39.377321377541655
2025-06-15 22:30:44.197712+00:00,39.3715171213357
2025-06-15 22:30:44.442476+00:00,39.348155634139104
2025-06-15 22:30:46.563589+00:00,39.37149657889921
2025-06-15 22:30:48.086783+00:00,39.37149657889921
2025-06-15 22:30:48.637339+00:00,39.383105316074534
2025-06-15 22:30:48.963351+00:00,39.383105316074534
2025-06-15 22:30:49.295509+00:00,39.37730089109501
2025-06-15 22:30:49.829686+00:00,39.383105316074534
2025-06-15 22:30:50.257934+00:00,39.37728039391318
2025-06-15 22:30:50.614824+00:00,39.37147602572754
2025-06-15 22:30:51.032831+00:00,39.36565115042915
2025-06-15 22:30:52.134232+00:00,39.36567177032607
2025-06-15 22:30:55.038843+00:00,39.3597641409212
2025-06-15 22:30:55.573021+00:00,39.359805567842194
2025-06-15 22:30:59.807157+00:00,39.34807220354896
2025-06-15 22:31:00.962108+00:00,39.330659617376924
2025-06-15 22:31:05.165752+00:00,39.34228882511391
2025-06-15 22:31:05.515704+00:00,39.324792290000616
2025-06-15 22:31:07.715408+00:00,39.34228882511391
2025-06-15 22:31:08.128394+00:00,39.34819728502243
2025-06-15 22:31:11.748462+00:00,39.336505660711396
2025-06-15 22:31:12.007372+00:00,39.35400137003958
2025-06-15 22:31:12.338013+00:00,39.34233065239082
2025-06-15 22:31:15.218457+00:00,39.330722710342506
2025-06-15 22:31:16.252730+00:00,39.33652662497328
2025-06-15 22:31:18.993321+00:00,39.318988264995006
2025-06-15 22:31:20.601174+00:00,39.33068065910081
2025-06-15 22:31:21.041432+00:00,39.324834539108295
2025-06-15 22:31:22.797500+00:00,39.32485564755906
2025-06-15 22:31:25.737700+00:00,39.31318435277691
2025-06-15 22:31:29.181096+00:00,39.31900945090829
2025-06-15 22:31:31.261336+00:00,39.324792290000616
2025-06-15 22:31:34.913432+00:00,39.30149134379241
2025-06-15 22:31:37.521115+00:00,39.32481341992215
2025-06-15 22:31:38.081079+00:00,39.307337925345905
2025-06-15 22:31:39.141730+00:00,39.32481341992215
2025-06-15 22:31:41.732567+00:00,39.32481341992215
2025-06-15 22:31:43.879900+00:00,39.32481341992215
2025-06-15 22:31:44.540673+00:00,39.34233065239082
2025-06-15 22:31:47.287512+00:00,39.336505660711396
2025-06-15 22:31:48.277827+00:00,39.34235154992631
2025-06-15 22:31:50.338530+00:00,39.35984695182223
2025-06-15 22:31:51.426557+00:00,39.37149657889921
2025-06-15 22:31:54.805145+00:00,39.33654757849985
2025-06-15 22:31:55.193736+00:00,39.348155634139104
2025-06-15 22:31:55.890321+00:00,39.36565115042915
2025-06-15 22:31:58.290519+00:00,39.377321377541655
2025-06-15 22:31:58.966431+00:00,39.34230974412002
2025-06-15 22:32:03.478395+00:00,39.34228882511391
2025-06-15 22:32:06.843905+00:00,39.359805567842194
2025-06-15 22:32:07.414118+00:00,39.359826265199835
2025-06-15 22:32:07.751806+00:00,39.34811394031462
2025-06-15 22:32:08.123749+00:00,39.34228882511391
2025-06-15 22:32:09.203072+00:00,39.36560987842965
2025-06-15 22:32:12.605209+00:00,39.33068065910081
2025-06-15 22:32:12.919946+00:00,39.359805567842194
2025-06-15 22:32:13.746121+00:00,39.3597641409212
2025-06-15 22:32:14.278276+00:00,39.34237243672649
2025-06-15 22:32:15.752583+00:00,39.34233065239082
2025-06-15 22:32:19.463464+00:00,39.34228882511391
2025-06-15 22:32:20.864690+00:00,39.34228882511391
2025-06-15 22:32:21.140913+00:00,39.318988264995006
2025-06-15 22:32:23.005335+00:00,39.336505660711396
2025-06-15 22:32:23.254008+00:00,39.330617501723076
2025-06-15 22:32:24.710593+00:00,39.33646369998161
2025-06-15 22:32:26.214504+00:00,39.32481341992215
2025-06-15 22:32:27.304305+00:00,39.33063856491768
2025-06-15 22:32:29.213488+00:00,39.330617501723076
2025-06-15 22:32:30.093493+00:00,39.33063856491768
2025-06-15 22:32:31.510295+00:00,39.33646369998161
2025-06-15 22:32:34.038313+00:00,39.348155634139104
2025-06-15 22:32:35.365203+00:00,39.35395983113761
2025-06-15 22:32:36.418724+00:00,39.348176464948416
2025-06-15 22:32:37.746544+00:00,39.34233065239082
2025-06-15 22:32:39.671247+00:00,39.348176464948416
2025-06-15 22:32:39.994692+00:00,39.353980605956224
2025-06-15 22:32:40.429769+00:00,39.35402212338768
2025-06-15 22:32:43.821116+00:00,39.36567177032607
2025-06-15 22:32:44.637569+00:00,39.34823889296462
2025-06-15 22:32:46.343788+00:00,39.34823889296462
2025-06-15 22:32:49.169806+00:00,39.37155817400308
2025-06-15 22:32:49.554641+00:00,39.36571297791426
2025-06-15 22:32:51.108518+00:00,39.38318697349169
2025-06-15 22:32:52.771186+00:00,39.37736231822946
2025-06-15 22:32:53.305079+00:00,39.38322773778939
2025-06-15 22:32:54.616557+00:00,39.383248103835534
2025-06-15 22:32:57.017953+00:00,39.394876751625645
2025-06-15 22:32:58.125852+00:00,39.394876751625645
2025-06-15 22:32:59.808296+00:00,39.39483625422542
2025-06-15 22:33:00.403795+00:00,39.383207361008104
2025-06-15 22:33:03.142933+00:00,39.40074156466096
2025-06-15 22:33:04.253521+00:00,39.406505615857974
2025-06-15 22:33:04.624222+00:00,39.37740321597658
2025-06-15 22:33:05.676219+00:00,39.40070124364908
2025-06-15 22:33:07.591022+00:00,39.418214580811366
2025-06-15 22:33:08.724420+00:00,39.394876751625645
2025-06-15 22:33:12.934948+00:00,39.42982355481943
2025-06-15 22:33:15.602456+00:00,39.42986320859829
2025-06-15 22:33:17.122957+00:00,39.424038899669505
2025-06-15 22:33:18.400289+00:00,39.42990281943735
2025-06-15 22:33:20.595404+00:00,39.43570725166217
2025-06-15 22:33:21.473774+00:00,39.42986320859829
2025-06-15 22:33:22.302165+00:00,39.44161007602915
2025-06-15 22:33:23.143931+00:00,39.4298830193853
2025-06-15 22:33:25.610916+00:00,39.44153147400994
2025-06-15 22:33:27.024794+00:00,39.464925155362295
2025-06-15 22:33:28.878291+00:00,39.45321894450964
2025-06-15 22:33:30.959725+00:00,39.45910130633786
2025-06-15 22:33:31.402712+00:00,39.45327744738544
2025-06-15 22:33:34.777045+00:00,39.47072970439901
2025-06-15 22:33:35.355401+00:00,39.46494450140834
2025-06-15 22:33:40.510819+00:00,39.499886986744514
2025-06-15 22:33:41.238725+00:00,39.476611238100716
2025-06-15 22:33:42.107124+00:00,39.47659203623137
2025-06-15 22:33:42.328108+00:00,39.47659203623137
2025-06-15 22:33:44.199138+00:00,39.47664960963515
2025-06-15 22:33:45.672324+00:00,39.499886986744514
2025-06-15 22:33:48.239373+00:00,39.48827765746544
2025-06-15 22:33:49.073862+00:00,39.50572956782203
2025-06-15 22:33:50.644739+00:00,39.48829670442439
2025-06-15 22:33:52.453586+00:00,39.46496383671958
2025-06-15 22:33:53.127442+00:00,39.482415788751275
2025-06-15 22:33:53.998053+00:00,39.48822045218035
2025-06-15 22:33:55.259313+00:00,39.459120719105215
2025-06-15 22:33:56.873801+00:00,39.482454048314025
2025-06-15 22:34:06.399382+00:00,39.459023547920125
2025-06-15 22:34:09.006174+00:00,39.441590441626694
2025-06-15 22:34:10.639393+00:00,39.441590441626694
2025-06-15 22:34:12.386050+00:00,39.44735568642861
2025-06-15 22:34:13.960818+00:00,39.42984338707634
2025-06-15 22:34:19.460076+00:00,39.43562821099492
2025-06-15 22:34:20.159673+00:00,39.435687507597756
2025-06-15 22:34:21.127642+00:00,39.406525725742725
2025-06-15 22:34:21.868469+00:00,39.406505615857974
2025-06-15 22:34:23.385401+00:00,39.40654582489243
2025-06-15 22:34:25.398220+00:00,39.3890725489941
2025-06-15 22:34:26.570505+00:00,39.38318697349169
2025-06-15 22:34:26.895065+00:00,39.38318697349169
2025-06-15 22:34:27.230716+00:00,39.377321377541655
2025-06-15 22:34:27.606541+00:00,39.37736231822946
2025-06-15 22:34:28.494194+00:00,39.37155817400308
2025-06-15 22:34:33.155215+00:00,39.354063597878074
2025-06-15 22:34:34.374335+00:00,39.359908947277965
2025-06-15 22:34:35.896737+00:00,39.37153765303698
2025-06-15 22:34:38.017328+00:00,39.377382772470604
2025-06-15 22:34:38.910925+00:00,39.37734185325314
2025-06-15 22:34:39.070889+00:00,39.35402212338768
2025-06-15 22:34:39.380839+00:00,39.359888292861285
2025-06-15 22:34:41.083796+00:00,39.3715171213357
2025-06-15 22:34:41.671260+00:00,39.377382772470604
2025-06-15 22:34:42.114100+00:00,39.383146166253404
2025-06-15 22:34:44.580157+00:00,39.37157868423398
2025-06-15 22:34:45.771149+00:00,39.36575414256159
2025-06-15 22:34:46.242385+00:00,39.3890319396156
2025-06-15 22:34:46.581524+00:00,39.3715171213357
2025-06-15 22:34:49.739398+00:00,39.36571297791426
2025-06-15 22:34:50.466560+00:00,39.394876751625645
2025-06-15 22:34:51.873648+00:00,39.406525725742725
2025-06-15 22:34:52.965553+00:00,39.37157868423398
2025-06-15 22:34:53.201343+00:00,39.39489698422311
2025-06-15 22:34:54.359235+00:00,39.383207361008104
2025-06-15 22:34:55.046267+00:00,39.40656591330709
2025-06-15 22:34:58.648999+00:00,39.418214580811366
2025-06-15 22:34:59.017031+00:00,39.3890725489941
2025-06-15 22:34:59.509739+00:00,39.41235019790659
2025-06-15 22:35:00.118360+00:00,39.41819462584352
2025-06-15 22:35:02.571394+00:00,39.42986320859829
2025-06-15 22:35:08.355462+00:00,39.435687507597756
2025-06-15 22:35:12.201177+00:00,39.4181546837028
2025-06-15 22:35:18.434173+00:00,39.37736231822946
2025-06-15 22:35:21.187901+00:00,39.406485495238165
2025-06-15 22:35:23.400337+00:00,39.383207361008104
2025-06-15 22:35:25.674297+00:00,39.36571297791426
2025-06-15 22:35:28.976795+00:00,39.359888292861285
2025-06-15 22:35:29.356574+00:00,39.35984695182223
2025-06-15 22:35:35.802098+00:00,39.313205594682124
2025-06-15 22:35:36.528173+00:00,39.31324804628628
2025-06-15 22:35:39.235941+00:00,39.27243009678146
2025-06-15 22:35:41.379329+00:00,39.28408028869457
2025-06-15 22:35:43.236935+00:00,39.289862341385174
2025-06-15 22:35:45.148519+00:00,39.289862341385174
2025-06-15 22:35:47.984705+00:00,39.27825519770359
2025-06-15 22:35:48.398250+00:00,39.30740185124426
2025-06-15 22:35:49.090305+00:00,39.289905369754386
2025-06-15 22:35:49.533074+00:00,39.307380553346924
2025-06-15 22:35:51.231365+00:00,39.30157686670567
2025-06-15 22:35:52.126342+00:00,39.307380553346924
2025-06-15 22:35:52.703418+00:00,39.30740185124426
2025-06-15 22:35:53.874777+00:00,39.307359244714135
2025-06-15 22:35:58.642435+00:00,39.324834539108295
2025-06-15 22:35:59.306891+00:00,39.32485564755906
2025-06-15 22:36:00.692491+00:00,39.34819728502243
2025-06-15 22:36:03.520709+00:00,39.348155634139104
2025-06-15 22:36:07.202709+00:00,39.33068065910081
2025-06-15 22:36:12.681496+00:00,39.34233065239082
2025-06-15 22:36:13.035620+00:00,39.313205594682124
2025-06-15 22:36:14.767027+00:00,39.34233065239082
2025-06-15 22:36:15.699228+00:00,39.34235154992631
2025-06-15 22:36:17.718057+00:00,39.324834539108295
2025-06-15 22:36:18.749394+00:00,39.313205594682124
2025-06-15 22:36:18.936454+00:00,39.348155634139104
2025-06-15 22:36:20.242659+00:00,39.31322682585191
2025-06-15 22:36:22.639771+00:00,39.307380553346924
2025-06-15 22:36:25.098796+00:00,39.32485564755906
2025-06-15 22:36:27.545338+00:00,39.324897832254464
2025-06-15 22:36:36.529093+00:00,39.31900945090829
2025-06-15 22:36:38.550577+00:00,39.30155550208056
2025-06-15 22:36:39.356835+00:00,39.31322682585191
2025-06-15 22:36:40.857573+00:00,39.32485564755906
2025-06-15 22:36:41.769515+00:00,39.307359244714135
2025-06-15 22:36:42.002031+00:00,39.289862341385174
2025-06-15 22:36:42.200465+00:00,39.301512740623934
2025-06-15 22:36:42.445096+00:00,39.301512740623934
2025-06-15 22:36:43.632855+00:00,39.278211902419976
2025-06-15 22:36:48.745907+00:00,39.31318435277691
2025-06-15 22:36:49.783090+00:00,39.30155550208056
2025-06-15 22:36:52.465618+00:00,39.27827682924205
2025-06-15 22:36:52.673143+00:00,39.27825519770359
2025-06-15 22:36:52.982933+00:00,39.278233555429566
2025-06-15 22:36:53.878134+00:00,39.278211902419976
2025-06-15 22:36:54.813981+00:00,39.278233555429566
2025-06-15 22:36:57.386536+00:00,39.28403712686838
2025-06-15 22:36:58.082451+00:00,39.278233555429566
2025-06-15 22:37:04.716465+00:00,39.31318435277691
2025-06-15 22:37:05.452252+00:00,39.307380553346924
2025-06-15 22:37:06.295760+00:00,39.324897832254464
2025-06-15 22:37:07.793138+00:00,39.31324804628628
2025-06-15 22:37:08.386307+00:00,39.324897832254464
2025-06-15 22:37:09.616385+00:00,39.31326925598523
2025-06-15 22:37:11.255165+00:00,39.33068065910081
2025-06-15 22:37:11.580158+00:00,39.33654757849985
2025-06-15 22:37:13.543440+00:00,39.33654757849985
2025-06-15 22:37:13.775584+00:00,39.330701690089334
2025-06-15 22:37:19.958484+00:00,39.319051790528654
2025-06-15 22:37:20.697651+00:00,39.32485564755906
2025-06-15 22:37:21.438198+00:00,39.32485564755906
2025-06-15 22:37:22.600031+00:00,39.30740185124426
2025-06-15 22:37:23.503674+00:00,39.28992686783572
2025-06-15 22:37:25.337788+00:00,39.30742313840614
2025-06-15 22:37:25.855719+00:00,39.3015982205953
2025-06-15 22:37:27.664833+00:00,39.31322682585191
2025-06-15 22:37:29.331158+00:00,39.31339628873514
2025-06-15 22:37:32.587417+00:00,39.3015982205953
2025-06-15 22:37:34.792648+00:00,39.31913634094456
2025-06-15 22:37:36.447453+00:00,39.32493997400835
2025-06-15 22:37:37.726592+00:00,39.33076471864279
2025-06-15 22:37:40.268812+00:00,39.33658945334698
2025-06-15 22:37:41.931056+00:00,39.33661037466755
2025-06-15 22:37:43.061375+00:00,39.31913634094456
2025-06-15 22:37:44.998646+00:00,39.31326925598523
2025-06-15 22:37:49.895462+00:00,39.319115219443674
2025-06-15 22:37:51.180634+00:00,39.31326925598523
2025-06-15 22:37:52.358724+00:00,39.31324804628628
2025-06-15 22:37:52.702106+00:00,39.33654757849985
2025-06-15 22:37:53.412822+00:00,39.33652662497328
2025-06-15 22:37:54.031467+00:00,39.324897832254464
2025-06-15 22:37:54.448549+00:00,39.30157686670567
2025-06-15 22:37:54.954996+00:00,39.330722710342506
2025-06-15 22:37:56.036016+00:00,39.31324804628628
2025-06-15 22:37:57.265742+00:00,39.3190940872074
2025-06-15 22:38:01.807157+00:00,39.342414178120926
2025-06-15 22:38:03.217399+00:00,39.342414178120926
2025-06-15 22:38:07.216780+00:00,39.342414178120926
2025-06-15 22:38:08.535928+00:00,39.33654757849985
2025-06-15 22:38:11.592682+00:00,39.359888292861285
2025-06-15 22:38:12.401374+00:00,39.359888292861285
2025-06-15 22:38:14.821249+00:00,39.35992959095941
2025-06-15 22:38:18.256950+00:00,39.36573356560553
2025-06-15 22:38:22.764115+00:00,39.354105029427444
2025-06-15 22:38:23.322089+00:00,39.359908947277965
2025-06-15 22:38:23.440454+00:00,39.3366312852528
2025-06-15 22:38:25.462839+00:00,39.365774708782446
2025-06-15 22:38:26.565675+00:00,39.377444070783056
2025-06-15 22:38:27.802497+00:00,39.38330913756314
2025-06-15 22:38:28.563594+00:00,39.3716401505156
2025-06-15 22:38:28.771478+00:00,39.365795264268094
2025-06-15 22:38:28.991127+00:00,39.365795264268094
2025-06-15 22:38:29.179157+00:00,39.38322773778939
2025-06-15 22:38:29.392348+00:00,39.37740321597658
2025-06-15 22:38:29.614332+00:00,39.37740321597658
2025-06-15 22:38:29.817308+00:00,39.365774708782446
2025-06-15 22:38:30.013424+00:00,39.365795264268094
2025-06-15 22:38:30.499528+00:00,39.37736231822946
2025-06-15 22:38:30.933529+00:00,39.354146418035796
2025-06-15 22:38:31.405092+00:00,39.35995022390563
2025-06-15 22:38:31.804822+00:00,39.377423648747396
2025-06-15 22:38:32.181958+00:00,39.37166061780578
2025-06-15 22:38:32.558055+00:00,39.38911311543214
2025-06-15 22:38:32.899122+00:00,39.3832888037224
2025-06-15 22:38:33.267138+00:00,39.38913338254849
2025-06-15 22:38:33.849427+00:00,39.3716401505156
2025-06-15 22:38:34.179691+00:00,39.39495761760497
2025-06-15 22:38:34.471451+00:00,39.38913338254849
2025-06-15 22:38:34.705019+00:00,39.40664615961531
2025-06-15 22:38:34.955466+00:00,39.38330913756314
2025-06-15 22:38:35.206967+00:00,39.38326845914653
2025-06-15 22:38:38.246475+00:00,39.39501815437106
2025-06-15 22:38:39.292247+00:00,39.41833408518358
2025-06-15 22:38:39.703902+00:00,39.40666619435476
2025-06-15 22:38:41.420744+00:00,39.41833408518358
2025-06-15 22:38:41.584185+00:00,39.40664615961531
2025-06-15 22:38:41.795392+00:00,39.39499798618411
2025-06-15 22:38:42.636888+00:00,39.40666619435476
2025-06-15 22:38:43.713786+00:00,39.40664615961531
2025-06-15 22:38:44.834061+00:00,39.39501815437106
2025-06-15 22:38:45.318881+00:00,39.40080196566578
2025-06-15 22:38:47.040435+00:00,39.40082207786392
2025-06-15 22:38:49.395548+00:00,39.400842179327014
2025-06-15 22:38:51.760797+00:00,39.40662611414082
2025-06-15 22:38:52.512481+00:00,39.38334977303921
2025-06-15 22:38:52.715574+00:00,39.39493741721277
2025-06-15 22:38:55.162492+00:00,39.39493741721277
2025-06-15 22:38:55.439361+00:00,39.39495761760497
2025-06-15 22:38:55.680337+00:00,39.40664615961531
2025-06-15 22:38:57.145840+00:00,39.40666619435476
2025-06-15 22:38:57.629821+00:00,39.41833408518358
2025-06-15 22:38:58.973882+00:00,39.377546019934
2025-06-15 22:38:59.201583+00:00,39.389173884575875
2025-06-15 22:39:00.672037+00:00,39.38915363892974
2025-06-15 22:39:04.255755+00:00,39.39495761760497
2025-06-15 22:39:07.465052+00:00,39.37752565157412
2025-06-15 22:39:08.330007+00:00,39.38911311543214
2025-06-15 22:39:12.669751+00:00,39.3891941194869
2025-06-15 22:39:13.029966+00:00,39.37174237961474
2025-06-15 22:39:14.681773+00:00,39.418294293332806
2025-06-15 22:39:15.228708+00:00,39.40668621835919
2025-06-15 22:39:17.939727+00:00,39.383390365574776
2025-06-15 22:39:19.783954+00:00,39.389173884575875
2025-06-15 22:39:20.007512+00:00,39.38334977303921
2025-06-15 22:39:20.300720+00:00,39.39491720608549
2025-06-15 22:39:21.044184+00:00,39.365795264268094
2025-06-15 22:39:23.275638+00:00,39.37748488264889
2025-06-15 22:39:25.177745+00:00,39.36007379614317
2025-06-15 22:39:26.825778+00:00,39.36581580901854
2025-06-15 22:39:31.882027+00:00,39.38326845914653
2025-06-15 22:39:33.205918+00:00,39.38337007467455
2025-06-15 22:39:36.543840+00:00,39.37752565157412
2025-06-15 22:39:39.120937+00:00,39.36581580901854
2025-06-15 22:39:40.354126+00:00,39.360012058332906
2025-06-15 22:39:41.577675+00:00,39.365795264268094
2025-06-15 22:39:41.776593+00:00,39.354105029427444
2025-06-15 22:39:43.137480+00:00,39.365774708782446
2025-06-15 22:39:47.089545+00:00,39.32498207282075
2025-06-15 22:39:51.761474+00:00,39.3250031061239
2025-06-15 22:39:53.607362+00:00,39.33089048589531
2025-06-15 22:39:55.253594+00:00,39.3308276505781
2025-06-15 22:39:57.562106+00:00,39.365774708782446
2025-06-15 22:39:59.098805+00:00,39.35997084611662
2025-06-15 22:39:59.400325+00:00,39.365795264268094
2025-06-15 22:40:00.770499+00:00,39.348425597308285
2025-06-15 22:40:01.966207+00:00,39.3483634591445
2025-06-15 22:40:02.667371+00:00,39.37748488264889
2025-06-15 22:40:05.236388+00:00,39.36587737885866
2025-06-15 22:40:06.342152+00:00,39.36587737885866
2025-06-15 22:40:11.022776+00:00,39.40664615961531
2025-06-15 22:40:14.297303+00:00,39.389214343662836
2025-06-15 22:40:16.237999+00:00,39.40672623416294
2025-06-15 22:40:22.056703+00:00,39.40670623162858
2025-06-15 22:40:25.399055+00:00,39.39501815437106
2025-06-15 22:40:25.720424+00:00,39.395078594521415
2025-06-15 22:40:26.942588+00:00,39.40670623162858
2025-06-15 22:40:32.427437+00:00,39.38334977303921
2025-06-15 22:40:34.278985+00:00,39.377566377558736
2025-06-15 22:40:34.653712+00:00,39.37172195526525
2025-06-15 22:40:37.035703+00:00,39.34844628855902
2025-06-15 22:40:38.365270+00:00,39.348425597308285
2025-06-15 22:40:40.126809+00:00,39.36009435394282
2025-06-15 22:40:42.110035+00:00,39.3483634591445
2025-06-15 22:40:43.854922+00:00,39.32506614162114
2025-06-15 22:40:48.461531+00:00,39.32498207282075
2025-06-15 22:40:49.126416+00:00,39.31341742328618
2025-06-15 22:40:49.287965+00:00,39.31333282066955
2025-06-15 22:40:49.982986+00:00,39.29588023490949
2025-06-15 22:40:54.470781+00:00,39.30168352879919
2025-06-15 22:40:54.845670+00:00,39.31331164317686
2025-06-15 22:40:55.842467+00:00,39.30168352879919
2025-06-15 22:40:57.464125+00:00,39.33080668400167
2025-06-15 22:40:58.483296+00:00,39.30168352879919
2025-06-15 22:40:59.150849+00:00,39.31913634094456
2025-06-15 22:41:02.076478+00:00,39.32496102878224
2025-06-15 22:41:03.356678+00:00,39.31331164317686
2025-06-15 22:41:04.029857+00:00,39.31913634094456
2025-06-15 22:41:05.712833+00:00,39.342414178120926
2025-06-15 22:41:06.430824+00:00,39.33080668400167
2025-06-15 22:41:06.985808+00:00,39.3307857066899
2025-06-15 22:41:08.521369+00:00,39.31915745171005
2025-06-15 22:41:09.061466+00:00,39.30750817969926
2025-06-15 22:41:10.796245+00:00,39.32493997400835
2025-06-15 22:41:12.300182+00:00,39.31915745171005
2025-06-15 22:41:12.534645+00:00,39.319115219443674
2025-06-15 22:41:12.918523+00:00,39.31913634094456
2025-06-15 22:41:13.528542+00:00,39.319115219443674
2025-06-15 22:41:14.503423+00:00,39.33076471864279
2025-06-15 22:41:14.791075+00:00,39.31907294423572
2025-06-15 22:41:17.339119+00:00,39.32493997400835
2025-06-15 22:41:18.015116+00:00,39.33661037466755
2025-06-15 22:41:20.921832+00:00,39.31915745171005
2025-06-15 22:41:25.451856+00:00,39.28994835518153
2025-06-15 22:41:25.976430+00:00,39.27838482590098
2025-06-15 22:41:26.568360+00:00,39.27834165944408
2025-06-15 22:41:29.085214+00:00,39.3015982205953
2025-06-15 22:41:29.704637+00:00,39.3190940872074
2025-06-15 22:41:30.677876+00:00,39.301619563749476
2025-06-15 22:41:31.170229+00:00,39.28992686783572
2025-06-15 22:41:31.536586+00:00,39.29577329285377
2025-06-15 22:41:34.014374+00:00,39.31324804628628
2025-06-15 22:41:34.426185+00:00,39.29575187223616
2025-06-15 22:41:34.960137+00:00,39.29577329285377
2025-06-15 22:41:37.536275+00:00,39.2957947027359
2025-06-15 22:41:38.368122+00:00,39.28992686783572
2025-06-15 22:41:39.548710+00:00,39.2957947027359
2025-06-15 22:41:40.241916+00:00,39.3190940872074
2025-06-15 22:41:41.571635+00:00,39.301619563749476
2025-06-15 22:41:43.142900+00:00,39.31326925598523
2025-06-15 22:41:43.826212+00:00,39.31907294423572
2025-06-15 22:41:44.430896+00:00,39.30164089616818
2025-06-15 22:41:46.643822+00:00,39.301619563749476
2025-06-15 22:41:47.793982+00:00,39.28994835518153
2025-06-15 22:41:49.776117+00:00,39.28994835518153
2025-06-15 22:41:51.827885+00:00,39.26664850518559
2025-06-15 22:41:53.014359+00:00,39.25499852060342
2025-06-15 22:41:54.951025+00:00,39.26080169686962
2025-06-15 22:41:55.214924+00:00,39.266626750924694
2025-06-15 22:41:55.778357+00:00,39.26080169686962
2025-06-15 22:41:56.999458+00:00,39.25493282523704
2025-06-15 22:41:57.702262+00:00,39.278233555429566
2025-06-15 22:41:58.417551+00:00,39.289905369754386
2025-06-15 22:42:02.001107+00:00,39.26664850518559
2025-06-15 22:42:10.999341+00:00,39.27245179504884
2025-06-15 22:42:11.391746+00:00,39.2841234075786
2025-06-15 22:42:11.952123+00:00,39.28416648352047
2025-06-15 22:42:12.423337+00:00,39.2783200601123
2025-06-15 22:42:13.376372+00:00,39.26669198150057
2025-06-15 22:42:16.585158+00:00,39.26660498592818
2025-06-15 22:42:17.235913+00:00,39.26660498592818
2025-06-15 22:42:18.882229+00:00,39.2841234075786
2025-06-15 22:42:19.734348+00:00,39.2841234075786
2025-06-15 22:42:23.327356+00:00,39.20833088814568
2025-06-15 22:42:26.814844+00:00,39.1734018616387
2025-06-15 22:42:27.941806+00:00,39.161728315445906
2025-06-15 22:42:28.240577+00:00,39.15005445185804
2025-06-15 22:42:28.719725+00:00,39.15587989480184
2025-06-15 22:42:30.993212+00:00,39.15005445185804
2025-06-15 22:42:34.850136+00:00,39.15003132002286
2025-06-15 22:42:35.407580+00:00,39.155856829700426
2025-06-15 22:42:36.092300+00:00,39.19080967919717
2025-06-15 22:42:36.626880+00:00,39.18493873403067
2025-06-15 22:42:38.549174+00:00,39.23158755171149
2025-06-15 22:42:38.784543+00:00,39.214088971712705
2025-06-15 22:42:42.123061+00:00,39.19080967919717
2025-06-15 22:42:42.332517+00:00,39.18496148693862
2025-06-15 22:42:42.544726+00:00,39.17331042350454
2025-06-15 22:42:43.279243+00:00,39.20246054957473
2025-06-15 22:42:43.497244+00:00,39.19656726102194
2025-06-15 22:42:43.713586+00:00,39.19656726102194
2025-06-15 22:42:43.915034+00:00,39.17326464002156
2025-06-15 22:42:44.133927+00:00,39.17906746905789
2025-06-15 22:42:44.350540+00:00,39.196589891201135
2025-06-15 22:42:44.543649+00:00,39.19656726102194
2025-06-15 22:42:45.554040+00:00,39.179135960187615
2025-06-15 22:42:49.495529+00:00,39.149938685321395
2025-06-15 22:42:55.405873+00:00,39.14413614028942
2025-06-15 22:42:56.501426+00:00,39.10918161283773
2025-06-15 22:42:57.434457+00:00,39.14413614028942
2025-06-15 22:42:59.392078+00:00,39.138287102297575
2025-06-15 22:43:01.791204+00:00,39.114936634473665
2025-06-15 22:43:02.108945+00:00,39.12661202708946
2025-06-15 22:43:02.649774+00:00,39.13246129588655
2025-06-15 22:43:05.636595+00:00,39.091680372892455
2025-06-15 22:43:06.560966+00:00,39.10333211484021
2025-06-15 22:43:10.018756+00:00,39.08583056741634
2025-06-15 22:43:13.317811+00:00,39.13241451371332
2025-06-15 22:43:14.265547+00:00,39.13826378331359
2025-06-15 22:43:15.733285+00:00,39.13243791016801
2025-06-15 22:43:20.992363+00:00,39.16741598536152
2025-06-15 22:43:22.182483+00:00,39.1616593203422
2025-06-15 22:43:25.284108+00:00,39.19663511935186
2025-06-15 22:43:25.758024+00:00,39.19078700375756
2025-06-15 22:43:26.257223+00:00,39.179181567260954
2025-06-15 22:43:27.101682+00:00,39.18496148693862
2025-06-15 22:43:28.105377+00:00,39.18496148693862
2025-06-15 22:43:31.087771+00:00,39.19090027359645
2025-06-15 22:43:31.567142+00:00,39.20248308081432
2025-06-15 22:43:32.102650+00:00,39.20248308081432
2025-06-15 22:43:32.665577+00:00,39.1966577173234
2025-06-15 22:43:36.683282+00:00,39.21998143200681
2025-06-15 22:43:37.246006+00:00,39.20830843437364
2025-06-15 22:43:38.065561+00:00,39.20830843437364
2025-06-15 22:43:38.417558+00:00,39.22593998505933
2025-06-15 22:43:39.344359+00:00,39.243282400552495
2025-06-15 22:43:40.989517+00:00,39.23163193614241
2025-06-15 22:43:42.621434+00:00,39.21417854134671
2025-06-15 22:43:43.799052+00:00,39.231654112254255
2025-06-15 22:43:44.134165+00:00,39.19085499786863
2025-06-15 22:43:47.497094+00:00,39.225828931882894
2025-06-15 22:43:48.494013+00:00,39.214200906915664
2025-06-15 22:43:50.791954+00:00,39.24332647511884
2025-06-15 22:43:51.687300+00:00,39.24330444320351
2025-06-15 22:43:53.740846+00:00,39.25497663288361
2025-06-15 22:43:54.527333+00:00,39.255042263836074
2025-06-15 22:43:55.899635+00:00,39.24919545713021
2025-06-15 22:43:56.550195+00:00,39.26080169686962
2025-06-15 22:43:57.268032+00:00,39.23754554642407
2025-06-15 22:43:58.341701+00:00,39.225873385360764
2025-06-15 22:43:59.784662+00:00,39.24337050674237
2025-06-15 22:44:00.115820+00:00,39.24337050674237
2025-06-15 22:44:03.973760+00:00,39.24334849629845
2025-06-15 22:44:04.732107+00:00,39.24917351341629
2025-06-15 22:44:05.124847+00:00,39.22002604041815
2025-06-15 22:44:05.465509+00:00,39.24910761786046
2025-06-15 22:44:06.949722+00:00,39.231654112254255
2025-06-15 22:44:10.781713+00:00,39.24912959378141
2025-06-15 22:44:11.282402+00:00,39.24334849629845
2025-06-15 22:44:12.771112+00:00,39.24917351341629
2025-06-15 22:44:15.013423+00:00,39.25495473442815
2025-06-15 22:44:16.565512+00:00,39.27243009678146
2025-06-15 22:44:17.374710+00:00,39.24334849629845
2025-06-15 22:44:18.842797+00:00,39.24915155896669
2025-06-15 22:44:20.265915+00:00,39.25499852060342
2025-06-15 22:44:20.532776+00:00,39.25497663288361
2025-06-15 22:44:22.311414+00:00,39.24915155896669
2025-06-15 22:44:22.505154+00:00,39.25499852060342
2025-06-15 22:44:23.108456+00:00,39.25499852060342
2025-06-15 22:44:24.445042+00:00,39.26667024871088
2025-06-15 22:44:27.413532+00:00,39.243392506450604
2025-06-15 22:44:31.773273+00:00,39.24334849629845
2025-06-15 22:44:33.559544+00:00,39.220048328520136
2025-06-15 22:44:33.973324+00:00,39.231654112254255
2025-06-15 22:44:35.359465+00:00,39.185052391211045
2025-06-15 22:44:35.752321+00:00,39.19670288105877
2025-06-15 22:44:36.390790+00:00,39.17922713139045
2025-06-15 22:44:36.771754+00:00,39.155949025689814
2025-06-15 22:44:37.730074+00:00,39.16755367179321
2025-06-15 22:44:37.956054+00:00,39.16755367179321
2025-06-15 22:44:38.202226+00:00,39.155902949167206
2025-06-15 22:44:38.552069+00:00,39.17335616404359
2025-06-15 22:44:40.051741+00:00,39.196680304559024
2025-06-15 22:44:41.008799+00:00,39.214156165041935
2025-06-15 22:44:42.018010+00:00,39.22002604041815
2025-06-15 22:44:43.489550+00:00,39.24337050674237
2025-06-15 22:44:43.774140+00:00,39.24332647511884
2025-06-15 22:44:44.616347+00:00,39.225873385360764
2025-06-15 22:44:44.851054+00:00,39.214200906915664
2025-06-15 22:44:49.397105+00:00,39.214200906915664
2025-06-15 22:44:50.473251+00:00,39.243282400552495
2025-06-15 22:44:50.783591+00:00,39.243282400552495
2025-06-15 22:44:51.016635+00:00,39.23160974929483
2025-06-15 22:44:53.708393+00:00,39.24332647511884
2025-06-15 22:44:55.639188+00:00,39.24917351341629
2025-06-15 22:44:55.964839+00:00,39.25499852060342
2025-06-15 22:44:56.741931+00:00,39.26664850518559
2025-06-15 22:44:59.567925+00:00,39.25499852060342
2025-06-15 22:45:00.878893+00:00,39.24921739010846
2025-06-15 22:45:02.031780+00:00,39.27249515937683
2025-06-15 22:45:03.896932+00:00,39.27251682543745
2025-06-15 22:45:05.746809+00:00,39.27247348258062
2025-06-15 22:45:06.330351+00:00,39.27247348258062
2025-06-15 22:45:07.887864+00:00,39.26664850518559
2025-06-15 22:45:08.274281+00:00,39.26669198150057
2025-06-15 22:45:10.963739+00:00,39.28416648352047
2025-06-15 22:45:14.326857+00:00,39.26671370355466
2025-06-15 22:45:16.568392+00:00,39.2608889164168
2025-06-15 22:45:17.029977+00:00,39.28999129766662
2025-06-15 22:45:18.032710+00:00,39.27834165944408
2025-06-15 22:45:18.462778+00:00,39.260910694464535
2025-06-15 22:45:25.621782+00:00,39.30750817969926
2025-06-15 22:45:28.257671+00:00,39.290077053810684
2025-06-15 22:45:32.926499+00:00,39.255042263836074
2025-06-15 22:45:33.505099+00:00,39.27840639302611
2025-06-15 22:45:35.312432+00:00,39.278363248040314
2025-06-15 22:45:37.353491+00:00,39.290034197209664
2025-06-15 22:45:39.420577+00:00,39.295816101882515
2025-06-15 22:45:40.669815+00:00,39.27838482590098
2025-06-15 22:45:41.628888+00:00,39.27840639302611
2025-06-15 22:45:42.245813+00:00,39.29585886796932
2025-06-15 22:45:42.469249+00:00,39.27838482590098
2025-06-15 22:45:42.986917+00:00,39.30752941318394
2025-06-15 22:45:45.854668+00:00,39.31339628873514
2025-06-15 22:45:47.629587+00:00,39.3192417874181
2025-06-15 22:45:47.994338+00:00,39.3192417874181
2025-06-15 22:45:48.388333+00:00,39.330848606419174
2025-06-15 22:45:49.762219+00:00,39.33677735876061
2025-06-15 22:45:52.472276+00:00,39.354249701689824
2025-06-15 22:45:53.902264+00:00,39.36009435394282
2025-06-15 22:45:54.445435+00:00,39.3600532276083
2025-06-15 22:45:56.517283+00:00,39.37174237961474
2025-06-15 22:45:57.134856+00:00,39.34846696907449
2025-06-15 22:46:00.828988+00:00,39.371762793229045
2025-06-15 22:46:03.511109+00:00,39.365959321686084
2025-06-15 22:46:04.226198+00:00,39.371762793229045
2025-06-15 22:46:07.253724+00:00,39.37762738602206
2025-06-15 22:46:08.945537+00:00,39.38929513301555
2025-06-15 22:46:14.336557+00:00,39.37760706060277
2025-06-15 22:46:15.411237+00:00,39.365959321686084
2025-06-15 22:46:20.095895+00:00,39.35429094000474
2025-06-15 22:46:21.003746+00:00,39.34264298821649
2025-06-15 22:46:21.365260+00:00,39.34844628855902
2025-06-15 22:46:22.249302+00:00,39.37174237961474
2025-06-15 22:46:22.477287+00:00,39.35429094000474
2025-06-15 22:46:23.948122+00:00,39.365959321686084
2025-06-15 22:46:25.343010+00:00,39.342663724722534
2025-06-15 22:46:25.970492+00:00,39.371762793229045
2025-06-15 22:46:26.596778+00:00,39.37758672444832
2025-06-15 22:46:26.870942+00:00,39.371762793229045
2025-06-15 22:46:27.098897+00:00,39.35429094000474
2025-06-15 22:46:27.312230+00:00,39.36011490100726
2025-06-15 22:46:27.525344+00:00,39.36591837174276
2025-06-15 22:46:28.018743+00:00,39.36015596293048
2025-06-15 22:46:28.611178+00:00,39.360135437336474
2025-06-15 22:46:35.058809+00:00,39.3542703262149
2025-06-15 22:46:36.619248+00:00,39.37174237961474
2025-06-15 22:46:37.983699+00:00,39.36009435394282
2025-06-15 22:46:39.353580+00:00,39.36011490100726
2025-06-15 22:46:39.654029+00:00,39.36011490100726
2025-06-15 22:46:40.907148+00:00,39.331015866675656
2025-06-15 22:46:41.960026+00:00,39.34262224097516
2025-06-15 22:46:42.705286+00:00,39.313459660182055
2025-06-15 22:46:42.945582+00:00,39.319346965507066
2025-06-15 22:46:43.230881+00:00,39.30765658864796
2025-06-15 22:46:48.970094+00:00,39.29590159111418
2025-06-15 22:46:50.352172+00:00,39.30181116904124
2025-06-15 22:46:52.156656+00:00,39.31348076252688
2025-06-15 22:46:54.544255+00:00,39.31922071959417
2025-06-15 22:46:55.374153+00:00,39.301768665235706
2025-06-15 22:46:57.477829+00:00,39.313459660182055
2025-06-15 22:46:58.611392+00:00,39.31337514344869
2025-06-15 22:47:01.569104+00:00,39.31341742328618
2025-06-15 22:47:03.236666+00:00,39.29590159111418
2025-06-15 22:47:06.411422+00:00,39.2959229365834
2025-06-15 22:47:08.458843+00:00,39.2784494950697
2025-06-15 22:47:10.267365+00:00,39.301768665235706
2025-06-15 22:47:11.221687+00:00,39.301768665235706
2025-06-15 22:47:11.789396+00:00,39.29009846600794
2025-06-15 22:47:12.147194+00:00,39.301768665235706
2025-06-15 22:47:13.228302+00:00,39.27260338232416
2025-06-15 22:47:16.176639+00:00,39.30183240484083
2025-06-15 22:47:16.636864+00:00,39.29590159111418
2025-06-15 22:47:17.926047+00:00,39.290034197209664
2025-06-15 22:47:18.383885+00:00,39.29588023490949
2025-06-15 22:47:18.975672+00:00,39.27840639302611
2025-06-15 22:47:20.956702+00:00,39.29009846600794
2025-06-15 22:47:22.618730+00:00,39.29590159111418
2025-06-15 22:47:25.370816+00:00,39.290162638186715
2025-06-15 22:47:25.634594+00:00,39.29594427131714
2025-06-15 22:47:26.961140+00:00,39.307571847947
2025-06-15 22:47:28.010849+00:00,39.290162638186715
2025-06-15 22:47:28.535708+00:00,39.301768665235706
2025-06-15 22:47:28.953113+00:00,39.3192417874181
2025-06-15 22:47:29.719255+00:00,39.301726118488354
2025-06-15 22:47:33.776547+00:00,39.32506614162114
2025-06-15 22:47:36.066294+00:00,39.31922071959417
2025-06-15 22:47:36.519072+00:00,39.32506614162114
2025-06-15 22:47:37.040316+00:00,39.30759304922539
2025-06-15 22:47:38.173147+00:00,39.29588023490949
2025-06-15 22:47:40.461730+00:00,39.290077053810684
2025-06-15 22:47:41.063623+00:00,39.28425250657784
2025-06-15 22:47:42.702420+00:00,39.27842794941567
2025-06-15 22:47:44.130312+00:00,39.27842794941567
2025-06-15 22:47:44.825165+00:00,39.27838482590098
2025-06-15 22:47:46.576934+00:00,39.25512962147363
2025-06-15 22:47:46.913489+00:00,39.25510779816771
2025-06-15 22:47:47.288593+00:00,39.26675711545603
2025-06-15 22:47:47.662124+00:00,39.25510779816771
2025-06-15 22:47:48.026782+00:00,39.260910694464535
2025-06-15 22:47:50.236307+00:00,39.26673541487314
2025-06-15 22:47:50.558924+00:00,39.26673541487314
2025-06-15 22:47:52.385762+00:00,39.26673541487314
2025-06-15 22:47:53.784367+00:00,39.260910694464535
2025-06-15 22:47:54.917835+00:00,39.27251682543745
2025-06-15 22:47:57.244121+00:00,39.24343647365998
2025-06-15 22:47:58.393119+00:00,39.278363248040314
2025-06-15 22:47:59.310153+00:00,39.26671370355466
2025-06-15 22:47:59.776407+00:00,39.27834165944408
2025-06-15 22:48:00.242846+00:00,39.2608889164168
2025-06-15 22:48:00.966866+00:00,39.27251682543745
2025-06-15 22:48:01.342693+00:00,39.27842794941567
2025-06-15 22:48:01.834433+00:00,39.27256012535196
2025-06-15 22:48:02.229622+00:00,39.2842310169168
2025-06-15 22:48:04.206824+00:00,39.2842310169168
2025-06-15 22:48:05.824230+00:00,39.26673541487314
2025-06-15 22:48:10.218897+00:00,39.272581759205856
2025-06-15 22:48:10.907823+00:00,39.28429545369338
2025-06-15 22:48:11.859791+00:00,39.29594427131714
2025-06-15 22:48:12.242921+00:00,39.28425250657784
2025-06-15 22:48:12.478410+00:00,39.27840639302611
2025-06-15 22:48:12.670396+00:00,39.2842310169168
2025-06-15 22:48:12.850848+00:00,39.31335398742682
2025-06-15 22:48:13.039436+00:00,39.301747397229754
2025-06-15 22:48:16.296956+00:00,39.30181116904124
2025-06-15 22:48:17.692539+00:00,39.30765658864796
2025-06-15 22:48:18.109074+00:00,39.30763541957585
2025-06-15 22:48:19.334523+00:00,39.30183240484083
2025-06-15 22:48:20.525970+00:00,39.30181116904124
2025-06-15 22:48:20.816860+00:00,39.301789922506195
2025-06-15 22:48:21.685480+00:00,39.313459660182055
2025-06-15 22:48:22.518253+00:00,39.31341742328618
2025-06-15 22:48:23.542200+00:00,39.342518343739215
2025-06-15 22:48:25.939231+00:00,39.307571847947
2025-06-15 22:48:28.889408+00:00,39.31341742328618
2025-06-15 22:48:29.615041+00:00,39.32510811160917
2025-06-15 22:48:29.842966+00:00,39.29014125819596
2025-06-15 22:48:30.234628+00:00,39.31919964103485
2025-06-15 22:48:30.573274+00:00,39.28429545369338
2025-06-15 22:48:31.500557+00:00,39.30763541957585
2025-06-15 22:48:33.383920+00:00,39.30759304922539
2025-06-15 22:48:34.779320+00:00,39.301768665235706
2025-06-15 22:48:35.689459+00:00,39.3192417874181
2025-06-15 22:48:36.314158+00:00,39.313459660182055
2025-06-15 22:48:36.763823+00:00,39.32512908050014
2025-06-15 22:48:40.316400+00:00,39.31928389085982
2025-06-15 22:48:41.315442+00:00,39.34264298821649
2025-06-15 22:48:41.917896+00:00,39.32515003865577
2025-06-15 22:48:44.826855+00:00,39.34264298821649
2025-06-15 22:48:45.196928+00:00,39.32515003865577
2025-06-15 22:48:45.815441+00:00,39.33677735876061
2025-06-15 22:48:49.149819+00:00,39.319367968918726
2025-06-15 22:48:50.493859+00:00,39.36009435394282
2025-06-15 22:48:52.279487+00:00,39.371803588252156
2025-06-15 22:48:53.442168+00:00,39.38929513301555
2025-06-15 22:48:54.896447+00:00,39.40092247782881
2025-06-15 22:48:55.239294+00:00,39.37764770070623
2025-06-15 22:48:57.756999+00:00,39.34852894620934
2025-06-15 22:48:58.022656+00:00,39.371803588252156
2025-06-15 22:48:58.816951+00:00,39.35435271696284
2025-06-15 22:49:00.839981+00:00,39.37178319610818
2025-06-15 22:49:01.173740+00:00,39.371844340334626
2025-06-15 22:49:01.541417+00:00,39.36017647778929
2025-06-15 22:49:04.582127+00:00,39.37182396966098
2025-06-15 22:49:04.991354+00:00,39.36600022868866
2025-06-15 22:49:05.469389+00:00,39.36602066608717
2025-06-15 22:49:06.736153+00:00,39.38929513301555
2025-06-15 22:49:07.641358+00:00,39.37764770070623
2025-06-15 22:49:08.174336+00:00,39.37764770070623
2025-06-15 22:49:08.599291+00:00,39.36019698191287
2025-06-15 22:49:08.975274+00:00,39.36017647778929
2025-06-15 22:49:09.323911+00:00,39.37178319610818
2025-06-15 22:49:09.645761+00:00,39.38929513301555
2025-06-15 22:49:13.243658+00:00,39.39511883427962
2025-06-15 22:49:14.096372+00:00,39.38931530351599
2025-06-15 22:49:15.070113+00:00,39.38931530351599
2025-06-15 22:49:17.738509+00:00,39.40098258898713
2025-06-15 22:49:20.162511+00:00,39.383532101292936
2025-06-15 22:49:20.796132+00:00,39.39515903109754
2025-06-15 22:49:21.450699+00:00,39.37768829786913
2025-06-15 22:49:25.557183+00:00,39.40682608580935
2025-06-15 22:49:27.901388+00:00,39.41266942852353
2025-06-15 22:49:29.347846+00:00,39.418492823187336
2025-06-15 22:49:31.605869+00:00,39.40688586797696
2025-06-15 22:49:32.700505+00:00,39.43600212443815
2025-06-15 22:49:33.733110+00:00,39.43600212443815
2025-06-15 22:49:37.615503+00:00,39.41266942852353
2025-06-15 22:49:38.193813+00:00,39.406846023933575
2025-06-15 22:49:40.717428+00:00,39.40100260456982
2025-06-15 22:49:41.200026+00:00,39.40682608580935
2025-06-15 22:49:43.375296+00:00,39.3951991849752
2025-06-15 22:49:43.952326+00:00,39.39515903109754
2025-06-15 22:49:44.142718+00:00,39.395138938056114
2025-06-15 22:49:44.326994+00:00,39.38351188553854
2025-06-15 22:49:45.589079+00:00,39.36602066608717
2025-06-15 22:49:51.033048+00:00,39.34852894620934
2025-06-15 22:49:51.816534+00:00,39.35439384792543
2025-06-15 22:49:52.700446+00:00,39.36021747530127
2025-06-15 22:49:54.561768+00:00,39.35435271696284
2025-06-15 22:49:59.083233+00:00,39.36019698191287
2025-06-15 22:50:00.986619+00:00,39.3660410927505
2025-06-15 22:50:01.400930+00:00,39.37768829786913
2025-06-15 22:50:04.199000+00:00,39.37766800465524
2025-06-15 22:50:05.296673+00:00,39.38929513301555
2025-06-15 22:50:08.886917+00:00,39.395138938056114
2025-06-15 22:50:09.947865+00:00,39.38933546328134
2025-06-15 22:50:12.763964+00:00,39.38351188553854
2025-06-15 22:50:13.805806+00:00,39.38351188553854
2025-06-15 22:50:16.008061+00:00,39.371864700273115
2025-06-15 22:50:17.616954+00:00,39.36017647778929
2025-06-15 22:50:20.935652+00:00,39.383491659049035
2025-06-15 22:50:22.661185+00:00,39.371864700273115
2025-06-15 22:50:23.881344+00:00,39.38351188553854
2025-06-15 22:50:25.322251+00:00,39.37774911309999
2025-06-15 22:50:27.672466+00:00,39.371864700273115
2025-06-15 22:50:28.880306+00:00,39.371864700273115
2025-06-15 22:50:30.088180+00:00,39.39515903109754
2025-06-15 22:50:30.582165+00:00,39.3951791134039
2025-06-15 22:50:38.138472+00:00,39.40100260456982
2025-06-15 22:50:39.484047+00:00,39.40102260941746
2025-06-15 22:50:41.745489+00:00,39.3660410927505
2025-06-15 22:50:43.748423+00:00,39.35437328781175
2025-06-15 22:50:45.779802+00:00,39.35437328781175
2025-06-15 22:50:46.158772+00:00,39.35435271696284
2025-06-15 22:50:51.828942+00:00,39.37764770070623
2025-06-15 22:50:52.746152+00:00,39.37770858034788
2025-06-15 22:50:52.948834+00:00,39.37770858034788
2025-06-15 22:50:54.177172+00:00,39.38931530351599
2025-06-15 22:50:55.939777+00:00,39.37764770070623
2025-06-15 22:50:56.692663+00:00,39.36602066608717
2025-06-15 22:50:57.707575+00:00,39.34850829789965
2025-06-15 22:50:58.698281+00:00,39.34852894620934
2025-06-15 22:51:00.312187+00:00,39.331057574386485
2025-06-15 22:51:02.307430+00:00,39.34852894620934
2025-06-15 22:51:04.488844+00:00,39.342725869828996
2025-06-15 22:51:05.441023+00:00,39.342705165528784
2025-06-15 22:51:06.139425+00:00,39.36019698191287
2025-06-15 22:51:07.259274+00:00,39.35435271696284
2025-06-15 22:51:07.825538+00:00,39.35437328781175
2025-06-15 22:51:08.238590+00:00,39.354332135378705
2025-06-15 22:51:08.682573+00:00,39.35439384792543
2025-06-15 22:51:09.388260+00:00,39.34852894620934
2025-06-15 22:51:12.200203+00:00,39.371844340334626
2025-06-15 22:51:12.936718+00:00,39.3660410927505
2025-06-15 22:51:13.998038+00:00,39.36019698191287
2025-06-15 22:51:15.142943+00:00,39.371885049476454
2025-06-15 22:51:20.800005+00:00,39.40680613695012
2025-06-15 22:51:23.261683+00:00,39.3952392959126
2025-06-15 22:51:24.296769+00:00,39.406846023933575
2025-06-15 22:51:26.329738+00:00,39.3951991849752
2025-06-15 22:51:26.865199+00:00,39.41851261713041
2025-06-15 22:51:27.802030+00:00,39.3951991849752
2025-06-15 22:51:29.414045+00:00,39.3951991849752
2025-06-15 22:51:29.973365+00:00,39.39521924581143
2025-06-15 22:51:30.959799+00:00,39.401062586907635
2025-06-15 22:51:32.253376+00:00,39.40686595132277
2025-06-15 22:51:35.155513+00:00,39.40686595132277
2025-06-15 22:51:37.048930+00:00,39.40688586797696
2025-06-15 22:51:37.534500+00:00,39.42431620792499
2025-06-15 22:51:37.718819+00:00,39.38939587816687
2025-06-15 22:51:37.982088+00:00,39.38939587816687
2025-06-15 22:51:38.170111+00:00,39.38939587816687
2025-06-15 22:51:38.348110+00:00,39.3951791134039
2025-06-15 22:51:38.780745+00:00,39.41853240033853
2025-06-15 22:51:39.524582+00:00,39.3951791134039
2025-06-15 22:51:40.865500+00:00,39.42433593514534
2025-06-15 22:51:41.191405+00:00,39.41268928918956
2025-06-15 22:51:41.378047+00:00,39.406846023933575
2025-06-15 22:51:42.214570+00:00,39.40686595132277
2025-06-15 22:51:44.820550+00:00,39.41855217281168
2025-06-15 22:51:45.811371+00:00,39.41855217281168
2025-06-15 22:51:48.120577+00:00,39.43017889299731
2025-06-15 22:51:50.306709+00:00,39.412709139120594
2025-06-15 22:51:50.658203+00:00,39.41855217281168
2025-06-15 22:51:51.268097+00:00,39.42439505239677
2025-06-15 22:51:54.989206+00:00,39.41855217281168
2025-06-15 22:51:55.589809+00:00,39.43602169674396
2025-06-15 22:51:56.031745+00:00,39.43602169674396
2025-06-15 22:51:58.940215+00:00,39.41857193454986
2025-06-15 22:52:00.797567+00:00,39.41857193454986
2025-06-15 22:52:04.836474+00:00,39.44186434638605
2025-06-15 22:52:07.035827+00:00,39.45354918335958
2025-06-15 22:52:09.646377+00:00,39.45351049275269
2025-06-15 22:52:10.991586+00:00,39.436041258314866
2025-06-15 22:52:12.913435+00:00,39.453529843423546
2025-06-15 22:52:14.388065+00:00,39.47099878837108
2025-06-15 22:52:15.942555+00:00,39.436080349251995
2025-06-15 22:52:17.082911+00:00,39.45935283499774
2025-06-15 22:52:19.811847+00:00,39.45358783102718
2025-06-15 22:52:20.497982+00:00,39.45356851256079
2025-06-15 22:52:21.215713+00:00,39.44190330387931
2025-06-15 22:52:21.668050+00:00,39.453529843423546
2025-06-15 22:52:22.704645+00:00,39.441922766523646
2025-06-15 22:52:23.883009+00:00,39.45354918335958
2025-06-15 22:52:24.914394+00:00,39.45937210821253
2025-06-15 22:52:26.339946+00:00,39.45356851256079
2025-06-15 22:52:27.171331+00:00,39.45939137069252
2025-06-15 22:52:27.589593+00:00,39.46519502314069
2025-06-15 22:52:28.020825+00:00,39.46521421889969
2025-06-15 22:52:28.262351+00:00,39.46523340392392
2025-06-15 22:52:28.796492+00:00,39.45356851256079
2025-06-15 22:52:32.836543+00:00,39.48270168883653
2025-06-15 22:52:36.203950+00:00,39.471017928144065
2025-06-15 22:52:39.589885+00:00,39.46517581664691
2025-06-15 22:52:44.002908+00:00,39.45351049275269
2025-06-15 22:52:44.280516+00:00,39.43023777787663
2025-06-15 22:52:44.655464+00:00,39.43021816031844
2025-06-15 22:52:44.890171+00:00,39.42439505239677
2025-06-15 22:52:45.996211+00:00,39.41855217281168
2025-06-15 22:52:46.630152+00:00,39.41855217281168
2025-06-15 22:52:47.488831+00:00,39.41853240033853
2025-06-15 22:52:51.387469+00:00,39.412709139120594
2025-06-15 22:52:52.940872+00:00,39.377728852091494
2025-06-15 22:52:54.789194+00:00,39.34861143209563
2025-06-15 22:52:55.340664+00:00,39.37770858034788
2025-06-15 22:52:56.167343+00:00,39.38355230631222
2025-06-15 22:52:57.956675+00:00,39.37190538794463
2025-06-15 22:52:58.299113+00:00,39.371885049476454
2025-06-15 22:52:59.085032+00:00,39.383572500596394
2025-06-15 22:52:59.710908+00:00,39.383572500596394
2025-06-15 22:53:00.717088+00:00,39.371925715677655
2025-06-15 22:53:04.167020+00:00,39.383592684145455
2025-06-15 22:53:07.775514+00:00,39.39521924581143
2025-06-15 22:53:09.477743+00:00,39.383592684145455
2025-06-15 22:53:11.167339+00:00,39.40690577389614
2025-06-15 22:53:11.781046+00:00,39.40692566908031
2025-06-15 22:53:12.627697+00:00,39.401102521457666
2025-06-15 22:53:13.656720+00:00,39.38945619643666
2025-06-15 22:53:16.202449+00:00,39.41274880677771
2025-06-15 22:53:16.669306+00:00,39.41857193454986
2025-06-15 22:53:20.338114+00:00,39.43021816031844
2025-06-15 22:53:20.768373+00:00,39.43025738469989
2025-06-15 22:53:21.999640+00:00,39.41857193454986
2025-06-15 22:53:22.395943+00:00,39.41859168555307
2025-06-15 22:53:24.695444+00:00,39.44186434638605
2025-06-15 22:53:25.507491+00:00,39.42443441022301
2025-06-15 22:53:26.393931+00:00,39.44188383050011
2025-06-15 22:53:29.495929+00:00,39.45356851256079
2025-06-15 22:53:31.884188+00:00,39.45937210821253
2025-06-15 22:53:35.378081+00:00,39.4710370571823
2025-06-15 22:53:37.133275+00:00,39.45356851256079
2025-06-15 22:53:37.349272+00:00,39.46523340392392
2025-06-15 22:53:38.717473+00:00,39.46519502314069
2025-06-15 22:53:41.333390+00:00,39.476878937123324
2025-06-15 22:53:42.220131+00:00,39.47685988554036
2025-06-15 22:53:43.172676+00:00,39.46523340392392
2025-06-15 22:53:44.300391+00:00,39.47691700808508
2025-06-15 22:53:45.050029+00:00,39.47105617548579
2025-06-15 22:53:46.592736+00:00,39.47105617548579
2025-06-15 22:53:47.016323+00:00,39.47107528305452
2025-06-15 22:53:47.367001+00:00,39.48266370837645
2025-06-15 22:53:47.926726+00:00,39.47107528305452
2025-06-15 22:53:48.471527+00:00,39.44780376786342
2025-06-15 22:53:49.999193+00:00,39.47691700808508
2025-06-15 22:53:51.338353+00:00,39.47689797797157
2025-06-15 22:53:54.290078+00:00,39.48273962635778
2025-06-15 22:53:56.446774+00:00,39.500207421632595
2025-06-15 22:53:58.534996+00:00,39.494384833131534
2025-06-15 22:53:58.752740+00:00,39.506030000209776
2025-06-15 22:54:00.767541+00:00,39.51187118792398
2025-06-15 22:54:03.815450+00:00,39.4885622347066
2025-06-15 22:54:05.298261+00:00,39.48277752094023
2025-06-15 22:54:12.923887+00:00,39.465252578213374
2025-06-15 22:54:14.987985+00:00,39.476878937123324
2025-06-15 22:54:16.204005+00:00,39.46527174176805
2025-06-15 22:54:16.533088+00:00,39.47107528305452
2025-06-15 22:54:16.931148+00:00,39.476878937123324
2025-06-15 22:54:17.270158+00:00,39.46523340392392
2025-06-15 22:54:17.641217+00:00,39.476878937123324
2025-06-15 22:54:18.166070+00:00,39.46523340392392
2025-06-15 22:54:18.370109+00:00,39.46521421889969
2025-06-15 22:54:18.663697+00:00,39.46521421889969
2025-06-15 22:54:18.913720+00:00,39.441922766523646
2025-06-15 22:54:21.063495+00:00,39.46523340392392
2025-06-15 22:54:23.368035+00:00,39.47684082322265
2025-06-15 22:54:23.654648+00:00,39.4885244306254
2025-06-15 22:54:24.788233+00:00,39.4885244306254
2025-06-15 22:54:26.829599+00:00,39.45939137069252
2025-06-15 22:54:32.531965+00:00,39.46519502314069
2025-06-15 22:54:33.224567+00:00,39.436080349251995
2025-06-15 22:54:36.587065+00:00,39.44772624858184
2025-06-15 22:54:37.211229+00:00,39.44772624858184
2025-06-15 22:54:41.452757+00:00,39.44186434638605
2025-06-15 22:54:42.860086+00:00,39.4477456445045
2025-06-15 22:54:44.578064+00:00,39.4477456445045
2025-06-15 22:54:45.198949+00:00,39.441922766523646
2025-06-15 22:54:45.916513+00:00,39.44186434638605
2025-06-15 22:54:51.635526+00:00,39.41855217281168
2025-06-15 22:54:52.290413+00:00,39.40692566908031
2025-06-15 22:54:54.723944+00:00,39.37776936337334
2025-06-15 22:54:55.266465+00:00,39.35449648746547
2025-06-15 22:54:56.392284+00:00,39.395279363909786
2025-06-15 22:54:57.568286+00:00,39.37774911309999
2025-06-15 22:54:58.252435+00:00,39.371925715677655
2025-06-15 22:54:58.678240+00:00,39.37774911309999
2025-06-15 22:55:01.097159+00:00,39.40686595132277
2025-06-15 22:55:05.580628+00:00,39.377728852091494
2025-06-15 22:55:07.114405+00:00,39.371925715677655
2025-06-15 22:55:07.482365+00:00,39.383592684145455
2025-06-15 22:55:08.123963+00:00,39.371946032675524
2025-06-15 22:55:12.876707+00:00,39.3660410927505
2025-06-15 22:55:13.350152+00:00,39.366081913871604
2025-06-15 22:55:17.932595+00:00,39.371925715677655
2025-06-15 22:55:20.574279+00:00,39.37774911309999
2025-06-15 22:55:20.935002+00:00,39.383572500596394
2025-06-15 22:55:21.256088+00:00,39.371946032675524
2025-06-15 22:55:22.440009+00:00,39.377728852091494
2025-06-15 22:55:25.592924+00:00,39.366122692052016
2025-06-15 22:55:26.779457+00:00,39.36606150867864
2025-06-15 22:55:28.966926+00:00,39.366081913871604
2025-06-15 22:55:29.706768+00:00,39.354434935947104
2025-06-15 22:55:33.546290+00:00,39.36023795795445
2025-06-15 22:55:35.635862+00:00,39.35439384792543
2025-06-15 22:55:36.321661+00:00,39.35441439730388
2025-06-15 22:55:37.939880+00:00,39.34861143209563
2025-06-15 22:55:38.499951+00:00,39.342725869828996
2025-06-15 22:55:41.667575+00:00,39.331120055437815
2025-06-15 22:55:42.343847+00:00,39.34857021062299
2025-06-15 22:55:46.893346+00:00,39.348549583783786
2025-06-15 22:55:49.657576+00:00,39.30200190476169
2025-06-15 22:55:51.686566+00:00,39.325254668403616
2025-06-15 22:55:52.782668+00:00,39.307762272977136
2025-06-15 22:55:54.471863+00:00,39.30778337763673
2025-06-15 22:55:58.299339+00:00,39.336922906238286
2025-06-15 22:55:59.797196+00:00,39.342725869828996
2025-06-15 22:56:00.946071+00:00,39.313628178349596
2025-06-15 22:56:01.530548+00:00,39.34852894620934
2025-06-15 22:56:01.847243+00:00,39.34852894620934
2025-06-15 22:56:03.439676+00:00,39.307762272977136
2025-06-15 22:56:11.146435+00:00,39.2961145627101
2025-06-15 22:56:11.526116+00:00,39.2961145627101
2025-06-15 22:56:11.845169+00:00,39.2961145627101
2025-06-15 22:56:12.019308+00:00,39.307762272977136
2025-06-15 22:56:12.203875+00:00,39.32519192276094
2025-06-15 22:56:12.409854+00:00,39.31354400514898
2025-06-15 22:56:14.001021+00:00,39.325254668403616
2025-06-15 22:56:14.275242+00:00,39.31358611322006
2025-06-15 22:56:14.926830+00:00,39.325233763924736
2025-06-15 22:56:16.666246+00:00,39.33690214594737
2025-06-15 22:56:17.360105+00:00,39.325233763924736
2025-06-15 22:56:20.107405+00:00,39.336922906238286
2025-06-15 22:56:22.063786+00:00,39.34861143209563
2025-06-15 22:56:23.402314+00:00,39.319451875211676
2025-06-15 22:56:27.898656+00:00,39.325296445155345
2025-06-15 22:56:29.564966+00:00,39.3194728249465
2025-06-15 22:56:29.855363+00:00,39.32527556214715
2025-06-15 22:56:30.350332+00:00,39.30780447156091
2025-06-15 22:56:30.734048+00:00,39.336922906238286
2025-06-15 22:56:31.309239+00:00,39.313649194811276
2025-06-15 22:56:31.971536+00:00,39.34859082672693
2025-06-15 22:56:32.380573+00:00,39.336943655793895
2025-06-15 22:56:32.929517+00:00,39.32527556214715
2025-06-15 22:56:35.366584+00:00,39.336943655793895
2025-06-15 22:56:36.031103+00:00,39.342787918318
2025-06-15 22:56:36.240784+00:00,39.336943655793895
2025-06-15 22:56:37.935670+00:00,39.336943655793895
2025-06-15 22:56:40.116742+00:00,39.34863202672908
2025-06-15 22:56:40.978325+00:00,39.354434935947104
2025-06-15 22:56:42.917982+00:00,39.342787918318
2025-06-15 22:56:44.413013+00:00,39.336922906238286
2025-06-15 22:56:44.888793+00:00,39.3427672462236
2025-06-15 22:56:45.728765+00:00,39.34861143209563
2025-06-15 22:56:46.355157+00:00,39.34863202672908
2025-06-15 22:56:47.091191+00:00,39.342808579677126
2025-06-15 22:56:49.534658+00:00,39.36023795795445
2025-06-15 22:56:50.549216+00:00,39.354475981027896
2025-06-15 22:56:51.900270+00:00,39.371925715677655
2025-06-15 22:56:53.783656+00:00,39.37774911309999
2025-06-15 22:56:54.140013+00:00,39.366122692052016
2025-06-15 22:56:59.007070+00:00,39.371925715677655
2025-06-15 22:56:59.525029+00:00,39.401062586907635
2025-06-15 22:56:59.774512+00:00,39.35445546385511
2025-06-15 22:57:00.171047+00:00,39.383572500596394
2025-06-15 22:57:00.520781+00:00,39.37190538794463
2025-06-15 22:57:00.895757+00:00,39.371925715677655
2025-06-15 22:57:01.806381+00:00,39.360278891055216
2025-06-15 22:57:02.512059+00:00,39.371946032675524
2025-06-15 22:57:05.970625+00:00,39.389415994991886
2025-06-15 22:57:06.443393+00:00,39.383572500596394
2025-06-15 22:57:07.411233+00:00,39.371946032675524
2025-06-15 22:57:10.887656+00:00,39.383653170382054
2025-06-15 22:57:11.706247+00:00,39.38943610108181
2025-06-15 22:57:12.557332+00:00,39.37778960291158
2025-06-15 22:57:12.890138+00:00,39.37776936337334
2025-06-15 22:57:14.388455+00:00,39.37196633893825
2025-06-15 22:57:15.180441+00:00,39.37774911309999
2025-06-15 22:57:18.013838+00:00,39.383592684145455
2025-06-15 22:57:18.792327+00:00,39.37190538794463
2025-06-15 22:57:18.950836+00:00,39.34865261062729
2025-06-15 22:57:19.167221+00:00,39.3660410927505
2025-06-15 22:57:19.520453+00:00,39.366081913871604
2025-06-15 22:57:19.870771+00:00,39.34274656339394
2025-06-15 22:57:20.133315+00:00,39.34861143209563
2025-06-15 22:57:21.015841+00:00,39.35445546385511
2025-06-15 22:57:22.458329+00:00,39.35441439730388
2025-06-15 22:57:23.199416+00:00,39.37190538794463
2025-06-15 22:57:25.274290+00:00,39.3427672462236
2025-06-15 22:57:25.669184+00:00,39.325233763924736
2025-06-15 22:57:26.824538+00:00,39.313607151152524
2025-06-15 22:57:28.265259+00:00,39.301959594194095
2025-06-15 22:57:29.549101+00:00,39.313607151152524
2025-06-15 22:57:30.690006+00:00,39.30198075484561
2025-06-15 22:57:32.308017+00:00,39.313628178349596
2025-06-15 22:57:35.998693+00:00,39.336943655793895
2025-06-15 22:57:36.374587+00:00,39.32527556214715
2025-06-15 22:57:37.278283+00:00,39.319493763945964
2025-06-15 22:57:40.749961+00:00,39.36025842987243
2025-06-15 22:57:41.833138+00:00,39.33696439461422
2025-06-15 22:57:43.988408+00:00,39.336943655793895
2025-06-15 22:57:44.846336+00:00,39.366081913871604
2025-06-15 22:57:45.835769+00:00,39.319451875211676
2025-06-15 22:57:49.297478+00:00,39.301959594194095
2025-06-15 22:57:51.544024+00:00,39.284466812734806
2025-06-15 22:57:52.337104+00:00,39.278664361155236
2025-06-15 22:57:54.332922+00:00,39.25539066376541
2025-06-15 22:57:56.774646+00:00,39.25534726407303
2025-06-15 22:58:02.873520+00:00,39.249479748465745
2025-06-15 22:58:07.567845+00:00,39.272819023051284
2025-06-15 22:58:07.949714+00:00,39.26695193760046
2025-06-15 22:58:08.327160+00:00,39.290290692685986
2025-06-15 22:58:08.691233+00:00,39.27279750728858
2025-06-15 22:58:09.820527+00:00,39.261149544439085
2025-06-15 22:58:13.906511+00:00,39.27284052807843
2025-06-15 22:58:14.851116+00:00,39.29615702820371
2025-06-15 22:58:16.515670+00:00,39.267038246095105
2025-06-15 22:58:17.621320+00:00,39.296199450755495
2025-06-15 22:58:18.582198+00:00,39.29615702820371
2025-06-15 22:58:19.391490+00:00,39.2903758476425
2025-06-15 22:58:20.655248+00:00,39.30782555474967
2025-06-15 22:58:23.314212+00:00,39.28453089523947
2025-06-15 22:58:25.782783+00:00,39.307867688920986
2025-06-15 22:58:26.013253+00:00,39.30200190476169
2025-06-15 22:58:27.735520+00:00,39.307867688920986
2025-06-15 22:58:28.107690+00:00,39.313607151152524
2025-06-15 22:58:28.699412+00:00,39.30200190476169
2025-06-15 22:58:29.231776+00:00,39.30202304394234
2025-06-15 22:58:31.068118+00:00,39.30200190476169
2025-06-15 22:58:32.716324+00:00,39.30206529009736
2025-06-15 22:58:33.066860+00:00,39.31367020053757
2025-06-15 22:58:33.524167+00:00,39.30202304394234
2025-06-15 22:58:33.882180+00:00,39.29617824484733
2025-06-15 22:58:34.110800+00:00,39.30200190476169
2025-06-15 22:58:34.586798+00:00,39.29035457500658
2025-06-15 22:58:34.964646+00:00,39.2903758476425
2025-06-15 22:58:36.864344+00:00,39.319493763945964
2025-06-15 22:58:37.728705+00:00,39.307846627203034
2025-06-15 22:58:38.005827+00:00,39.313628178349596
2025-06-15 22:58:39.042502+00:00,39.313649194811276
2025-06-15 22:58:40.107351+00:00,39.31367020053757
2025-06-15 22:58:40.569807+00:00,39.31951469221007
2025-06-15 22:58:42.877520+00:00,39.31371217978403
2025-06-15 22:58:43.135089+00:00,39.32533817896572
2025-06-15 22:58:43.407297+00:00,39.296199450755495
2025-06-15 22:58:43.630036+00:00,39.296199450755495
2025-06-15 22:58:43.831945+00:00,39.307846627203034
2025-06-15 22:58:44.299195+00:00,39.31367020053757
2025-06-15 22:58:44.673014+00:00,39.33114086098429
2025-06-15 22:58:46.762804+00:00,39.32535902976791
2025-06-15 22:58:47.242442+00:00,39.319493763945964
2025-06-15 22:58:49.153674+00:00,39.32533817896572
2025-06-15 22:58:50.264159+00:00,39.3311824398713
2025-06-15 22:58:50.499975+00:00,39.35449648746547
2025-06-15 22:58:51.905132+00:00,39.348693746218
2025-06-15 22:58:52.199163+00:00,39.3311824398713
2025-06-15 22:58:52.538525+00:00,39.342808579677126
2025-06-15 22:58:55.947968+00:00,39.34867318379027
2025-06-15 22:58:56.346855+00:00,39.34282923030099
2025-06-15 22:58:56.581655+00:00,39.34282923030099
2025-06-15 22:58:56.813536+00:00,39.34282923030099
2025-06-15 22:58:56.988655+00:00,39.34282923030099
2025-06-15 22:58:58.213194+00:00,39.33702654666345
2025-06-15 22:59:06.824690+00:00,39.3311824398713
2025-06-15 22:59:13.413482+00:00,39.31367020053757
2025-06-15 22:59:13.705453+00:00,39.32535902976791
2025-06-15 22:59:13.923529+00:00,39.34863202672908
2025-06-15 22:59:14.099715+00:00,39.3253173174282
2025-06-15 22:59:14.408734+00:00,39.32535902976791
2025-06-15 22:59:16.888842+00:00,39.354475981027896
2025-06-15 22:59:17.332211+00:00,39.342849870189596
2025-06-15 22:59:17.775187+00:00,39.342808579677126
2025-06-15 22:59:18.359404+00:00,39.34865261062729
2025-06-15 22:59:18.734075+00:00,39.331203213211836
2025-06-15 22:59:19.397632+00:00,39.337005840048995
2025-06-15 22:59:19.721888+00:00,39.32535902976791
2025-06-15 22:59:20.448112+00:00,39.32535902976791
2025-06-15 22:59:22.663532+00:00,39.337005840048995
2025-06-15 22:59:24.726805+00:00,39.3253173174282
2025-06-15 22:59:25.528543+00:00,39.31955651653221
2025-06-15 22:59:26.698358+00:00,39.313733153304184
2025-06-15 22:59:31.122326+00:00,39.33116165579545
2025-06-15 22:59:34.853373+00:00,39.35451698316782
2025-06-15 22:59:35.121564+00:00,39.342808579677126
2025-06-15 22:59:37.051741+00:00,39.319493763945964
2025-06-15 22:59:37.252565+00:00,39.337047242542624
2025-06-15 22:59:38.298173+00:00,39.33702654666345
2025-06-15 22:59:39.505591+00:00,39.331203213211836
2025-06-15 22:59:40.803448+00:00,39.33702654666345
2025-06-15 22:59:41.867582+00:00,39.3603402101924
2025-06-15 22:59:44.147009+00:00,39.348693746218
2025-06-15 22:59:44.998222+00:00,39.371946032675524
2025-06-15 22:59:46.100799+00:00,39.3603197812152
2025-06-15 22:59:48.408044+00:00,39.383653170382054
2025-06-15 22:59:51.816277+00:00,39.3603197812152
2025-06-15 22:59:52.996397+00:00,39.348693746218
2025-06-15 22:59:53.705167+00:00,39.342891117761006
2025-06-15 22:59:54.433921+00:00,39.34865261062729
2025-06-15 22:59:54.787494+00:00,39.354475981027896
2025-06-15 22:59:56.555989+00:00,39.3602993415028
2025-06-15 22:59:57.608474+00:00,39.3602993415028
2025-06-15 22:59:57.847327+00:00,39.360278891055216
2025-06-15 22:59:58.477509+00:00,39.34867318379027
2025-06-15 22:59:58.813594+00:00,39.35445546385511
2025-06-15 22:59:59.095459+00:00,39.360278891055216
2025-06-15 22:59:59.687364+00:00,39.3311824398713
2025-06-15 23:00:05.994043+00:00,39.29615702820371
2025-06-15 23:00:08.886425+00:00,39.30204417238756
2025-06-15 23:00:09.431647+00:00,39.267038246095105
2025-06-15 23:00:12.390202+00:00,39.29615702820371
2025-06-15 23:00:17.487007+00:00,39.27286202237004
2025-06-15 23:00:19.652074+00:00,39.26699511331893
2025-06-15 23:00:19.985989+00:00,39.29617824484733
2025-06-15 23:00:20.494100+00:00,39.272819023051284
2025-06-15 23:00:20.956512+00:00,39.26123607690719
2025-06-15 23:00:21.441375+00:00,39.25534726407303
2025-06-15 23:00:23.764507+00:00,39.25539066376541
2025-06-15 23:00:24.206474+00:00,39.26117119365951
2025-06-15 23:00:34.794834+00:00,39.23196345056744
2025-06-15 23:00:36.765513+00:00,39.19708503896573
2025-06-15 23:00:37.156358+00:00,39.208688688425354
2025-06-15 23:00:37.547534+00:00,39.19123847272817
2025-06-15 23:00:40.268555+00:00,39.19123847272817
2025-06-15 23:00:42.262154+00:00,39.214490682353706
2025-06-15 23:00:43.047095+00:00,39.20284212057137
2025-06-15 23:00:46.146889+00:00,39.191193519077146
2025-06-15 23:00:46.497917+00:00,39.185346643776725
2025-06-15 23:00:46.839893+00:00,39.185346643776725
2025-06-15 23:00:47.183921+00:00,39.18536920343808
2025-06-15 23:00:50.291145+00:00,39.16789619695306
2025-06-15 23:00:51.537112+00:00,39.21446845635018
2025-06-15 23:00:54.344896+00:00,39.1969953985907
2025-06-15 23:00:54.581003+00:00,39.1969729616573
2025-06-15 23:00:54.807970+00:00,39.20862181022143
2025-06-15 23:00:55.832155+00:00,39.20866640642653
2025-06-15 23:00:56.343757+00:00,39.19701782478825
2025-06-15 23:00:56.602050+00:00,39.20284212057137
2025-06-15 23:00:56.919251+00:00,39.202819761105395
2025-06-15 23:00:57.378191+00:00,39.19701782478825
2025-06-15 23:00:59.241976+00:00,39.21446845635018
2025-06-15 23:00:59.446820+00:00,39.22031494835292
2025-06-15 23:01:01.196722+00:00,39.22618335730091
2025-06-15 23:01:01.618987+00:00,39.20866640642653
2025-06-15 23:01:01.932110+00:00,39.208688688425354
2025-06-15 23:01:02.261478+00:00,39.214490682353706
2025-06-15 23:01:02.510647+00:00,39.21451289762145
2025-06-15 23:01:10.730595+00:00,39.23778768678274
2025-06-15 23:01:14.083192+00:00,39.24369937511889
2025-06-15 23:01:14.486318+00:00,39.249566857710654
2025-06-15 23:01:17.759707+00:00,39.249479748465745
2025-06-15 23:01:18.953457+00:00,39.23207341858948
2025-06-15 23:01:19.683047+00:00,39.24954509650289
2025-06-15 23:01:20.166567+00:00,39.24369937511889
2025-06-15 23:01:21.755591+00:00,39.249566857710654
2025-06-15 23:01:25.352253+00:00,39.2553255481234
2025-06-15 23:01:27.776965+00:00,39.24952332455948
2025-06-15 23:01:28.307962+00:00,39.272819023051284
2025-06-15 23:01:29.369338+00:00,39.25534726407303
2025-06-15 23:01:33.144469+00:00,39.23207341858948
2025-06-15 23:01:33.583076+00:00,39.23787541575122
2025-06-15 23:01:34.200046+00:00,39.2320514464565
2025-06-15 23:01:34.406067+00:00,39.24369937511889
2025-06-15 23:01:34.966193+00:00,39.24954509650289
2025-06-15 23:01:35.683080+00:00,39.22618335730091
2025-06-15 23:01:36.513767+00:00,39.22040347808586
2025-06-15 23:01:37.801872+00:00,39.21453510215339
2025-06-15 23:01:39.581214+00:00,39.22033709688981
2025-06-15 23:01:39.940063+00:00,39.214490682353706
2025-06-15 23:01:42.673617+00:00,39.226205417635676
2025-06-15 23:01:43.197018+00:00,39.20286446930151
2025-06-15 23:01:43.469537+00:00,39.22031494835292
2025-06-15 23:01:44.310732+00:00,39.24365566556581
2025-06-15 23:01:44.594737+00:00,39.22613920442417
2025-06-15 23:01:45.921750+00:00,39.22035923469092
2025-06-15 23:01:50.403637+00:00,39.22618335730091
2025-06-15 23:01:52.393813+00:00,39.23202946358781
2025-06-15 23:01:56.868790+00:00,39.24369937511889
2025-06-15 23:01:57.107285+00:00,39.24365566556581
2025-06-15 23:01:58.703744+00:00,39.20873322021558
2025-06-15 23:02:00.385578+00:00,39.22624950609801
2025-06-15 23:02:00.853393+00:00,39.21455729594956
2025-06-15 23:02:02.471741+00:00,39.21453510215339
2025-06-15 23:02:03.574721+00:00,39.20873322021558
2025-06-15 23:02:05.428979+00:00,39.22035923469092
2025-06-15 23:02:07.845495+00:00,39.19708503896573
2025-06-15 23:02:12.113229+00:00,39.19706264497576
2025-06-15 23:02:14.477048+00:00,39.19710742221986
2025-06-15 23:02:14.855369+00:00,39.20288680729582
2025-06-15 23:02:16.195000+00:00,39.191216001270604
2025-06-15 23:02:16.621438+00:00,39.17376589642034
2025-06-15 23:02:17.938685+00:00,39.20286446930151
2025-06-15 23:02:18.744339+00:00,39.16789619695306
2025-06-15 23:02:20.508506+00:00,39.179544877871045
2025-06-15 23:02:20.728132+00:00,39.16791894607586
2025-06-15 23:02:22.767279+00:00,39.173675145387925
2025-06-15 23:02:23.428877+00:00,39.144552651661634
2025-06-15 23:02:26.565253+00:00,39.16787343709427
2025-06-15 23:02:26.875219+00:00,39.17362970545601
2025-06-15 23:02:27.144268+00:00,39.16787343709427
2025-06-15 23:02:27.710093+00:00,39.15620167893743
2025-06-15 23:02:28.229672+00:00,39.173697849249955
2025-06-15 23:02:29.268485+00:00,39.173675145387925
2025-06-15 23:02:31.461237+00:00,39.1678278851688
2025-06-15 23:02:34.111779+00:00,39.16202617768269
2025-06-15 23:02:34.844799+00:00,39.18527890037723
2025-06-15 23:02:37.752001+00:00,39.17360696938612
2025-06-15 23:02:39.444286+00:00,39.15608699759263
2025-06-15 23:02:42.745216+00:00,39.138612440780754
2025-06-15 23:02:44.666064+00:00,39.10361591014828
2025-06-15 23:02:46.309780+00:00,39.09196576986159
2025-06-15 23:02:49.160299+00:00,39.091942045830464
2025-06-15 23:02:49.993824+00:00,39.1210676557491
2025-06-15 23:02:51.426008+00:00,39.08026786411143
2025-06-15 23:02:51.735093+00:00,39.12102084283243
2025-06-15 23:02:53.093322+00:00,39.09191831106305
2025-06-15 23:02:53.431462+00:00,39.08606928031262
2025-06-15 23:02:55.153080+00:00,39.080243985135205
2025-06-15 23:02:56.451535+00:00,39.068569341802274
2025-06-15 23:02:57.625546+00:00,39.068569341802274
2025-06-15 23:02:58.697091+00:00,39.04526771539038
2025-06-15 23:02:59.166865+00:00,39.05691854845817
2025-06-15 23:02:59.467767+00:00,39.05106890275537
2025-06-15 23:03:01.335309+00:00,39.05694270511856
2025-06-15 23:03:03.715737+00:00,39.062719849436185
2025-06-15 23:03:05.821276+00:00,39.08019619497376
2025-06-15 23:03:07.150337+00:00,39.05691854845817
2025-06-15 23:03:08.936751+00:00,39.10354510626067
2025-06-15 23:03:09.818138+00:00,39.10356871829279
2025-06-15 23:03:14.223000+00:00,39.10354510626067
2025-06-15 23:03:18.961047+00:00,39.10359231958865
2025-06-15 23:03:19.852743+00:00,39.08616446485413
2025-06-15 23:03:20.564743+00:00,39.10361591014828
2025-06-15 23:03:21.758175+00:00,39.09776718767468
2025-06-15 23:03:22.586356+00:00,39.10361591014828
2025-06-15 23:03:25.769448+00:00,39.10361591014828
2025-06-15 23:03:29.981816+00:00,39.10941744157238
2025-06-15 23:03:32.105039+00:00,39.10356871829279
2025-06-15 23:03:33.876901+00:00,39.11526601071489
2025-06-15 23:03:35.705487+00:00,39.10946447848458
2025-06-15 23:03:36.442647+00:00,39.11521908580063
2025-06-15 23:03:36.684042+00:00,39.10939390701195
2025-06-15 23:03:37.011923+00:00,39.11524255362586
2025-06-15 23:03:37.258922+00:00,39.121091046103174
2025-06-15 23:03:37.551692+00:00,39.09776718767468
2025-06-15 23:03:37.955075+00:00,39.10356871829279
2025-06-15 23:03:39.476658+00:00,39.10946447848458
2025-06-15 23:03:41.217847+00:00,39.115289457067725
2025-06-15 23:03:42.206901+00:00,39.12696268659168
2025-06-15 23:03:42.591891+00:00,39.12698597800258
2025-06-15 23:03:43.869959+00:00,39.132764333238406
2025-06-15 23:03:44.081550+00:00,39.138635598723006
2025-06-15 23:03:44.364085+00:00,39.13858927210239
2025-06-15 23:03:46.956694+00:00,39.13870500813322
2025-06-15 23:03:49.109553+00:00,39.15613290233863
2025-06-15 23:03:50.207256+00:00,39.150285179726104
2025-06-15 23:03:51.099038+00:00,39.156155838607596
2025-06-15 23:03:51.375243+00:00,39.13868188239925
2025-06-15 23:03:52.770098+00:00,39.15030819346459
2025-06-15 23:03:55.184701+00:00,39.173675145387925
2025-06-15 23:03:55.578377+00:00,39.162049015010396
2025-06-15 23:03:56.390411+00:00,39.162049015010396
2025-06-15 23:03:57.911189+00:00,39.173675145387925
2025-06-15 23:03:58.789577+00:00,39.185346643776725
2025-06-15 23:04:00.369379+00:00,39.17372054237603
2025-06-15 23:04:02.581275+00:00,39.191193519077146
2025-06-15 23:04:03.873162+00:00,39.18539175236353
2025-06-15 23:04:04.274758+00:00,39.191193519077146
2025-06-15 23:04:06.661239+00:00,39.185436818006735
2025-06-15 23:04:07.112781+00:00,39.20871095968836
2025-06-15 23:04:09.141412+00:00,39.20871095968836
2025-06-15 23:04:12.107714+00:00,39.232007469983394
2025-06-15 23:04:13.374768+00:00,39.24952332455948
2025-06-15 23:04:19.384762+00:00,39.24372121379192
2025-06-15 23:04:21.793159+00:00,39.25539066376541
2025-06-15 23:04:22.365837+00:00,39.243743041729296
2025-06-15 23:04:24.494391+00:00,39.26123607690719
2025-06-15 23:04:25.356937+00:00,39.24961034791927
2025-06-15 23:04:26.098706+00:00,39.26708133592899
2025-06-15 23:04:28.224857+00:00,39.26125768318524
2025-06-15 23:04:28.532536+00:00,39.26125768318524
2025-06-15 23:04:29.591461+00:00,39.2903758476425
2025-06-15 23:04:30.384387+00:00,39.2729049787466
2025-06-15 23:04:37.270961+00:00,39.296220645928216
2025-06-15 23:04:37.656652+00:00,39.30202304394234
2025-06-15 23:04:41.174299+00:00,39.27872861163805
2025-06-15 23:04:41.376080+00:00,39.30200190476169
2025-06-15 23:04:41.551951+00:00,39.296220645928216
2025-06-15 23:04:41.961362+00:00,39.27872861163805
2025-06-15 23:04:43.823787+00:00,39.2729049787466
2025-06-15 23:04:44.525328+00:00,39.27870720554597
2025-06-15 23:04:44.851299+00:00,39.29035457500658
2025-06-15 23:04:45.166593+00:00,39.26125768318524
2025-06-15 23:04:45.789594+00:00,39.29035457500658
2025-06-15 23:04:49.942163+00:00,39.26708133592899
2025-06-15 23:04:50.216859+00:00,39.28455223460335
2025-06-15 23:04:50.483699+00:00,39.27288350592609
2025-06-15 23:04:50.699408+00:00,39.27872861163805
2025-06-15 23:04:51.439739+00:00,39.27868578871836
2025-06-15 23:04:52.313544+00:00,39.26708133592899
2025-06-15 23:04:52.722366+00:00,39.26125768318524
2025-06-15 23:04:54.017529+00:00,39.26705979637983
2025-06-15 23:04:54.376957+00:00,39.27870720554597
2025-06-15 23:04:54.606778+00:00,39.26708133592899
2025-06-15 23:04:55.647484+00:00,39.2671028647426
2025-06-15 23:04:59.575715+00:00,39.27288350592609
2025-06-15 23:05:06.316879+00:00,39.27872861163805
2025-06-15 23:05:06.968484+00:00,39.29039710954294
2025-06-15 23:05:07.604597+00:00,39.28455223460335
2025-06-15 23:05:11.033813+00:00,39.29041836070791
2025-06-15 23:05:11.925131+00:00,39.278771391615656
2025-06-15 23:05:14.433360+00:00,39.29626300406731
2025-06-15 23:05:15.121069+00:00,39.28461618828204
2025-06-15 23:05:16.299918+00:00,39.30208639707173
2025-06-15 23:05:16.917191+00:00,39.29046083083144
2025-06-15 23:05:17.390173+00:00,39.29048204978999
2025-06-15 23:05:18.297335+00:00,39.29046083083144
2025-06-15 23:05:21.965862+00:00,39.31375411608897
2025-06-15 23:05:22.700675+00:00,39.29048204978999
2025-06-15 23:05:24.424565+00:00,39.302149653582326
2025-06-15 23:05:25.848188+00:00,39.33706792768651
2025-06-15 23:05:32.509291+00:00,39.331244727687
2025-06-15 23:05:32.873670+00:00,39.32540069916629
2025-06-15 23:05:34.593156+00:00,39.325442325623335
2025-06-15 23:05:35.291714+00:00,39.31961917250027
2025-06-15 23:05:37.338428+00:00,39.31961917250027
2025-06-15 23:05:38.567314+00:00,39.325442325623335
2025-06-15 23:05:42.563898+00:00,39.319577412590256
2025-06-15 23:05:43.198982+00:00,39.337047242542624
2025-06-15 23:05:46.647356+00:00,39.325442325623335
2025-06-15 23:05:47.847378+00:00,39.337088602095115
2025-06-15 23:05:51.156115+00:00,39.337109265768454
2025-06-15 23:05:53.989006+00:00,39.33706792768651
2025-06-15 23:05:54.255382+00:00,39.313837859874376
2025-06-15 23:05:54.456555+00:00,39.337047242542624
2025-06-15 23:05:54.664970+00:00,39.34871429791049
2025-06-15 23:05:54.906409+00:00,39.33126546882162
2025-06-15 23:05:55.117080+00:00,39.34873483886774
2025-06-15 23:05:56.254702+00:00,39.33706792768651
2025-06-15 23:05:57.381381+00:00,39.337109265768454
2025-06-15 23:05:58.862045+00:00,39.337047242542624
2025-06-15 23:05:59.171627+00:00,39.337088602095115
2025-06-15 23:05:59.480779+00:00,39.342849870189596
2025-06-15 23:05:59.631127+00:00,39.34871429791049
2025-06-15 23:05:59.931330+00:00,39.33706792768651
2025-06-15 23:06:07.762406+00:00,39.337109265768454
2025-06-15 23:06:08.215341+00:00,39.33128619922095
2025-06-15 23:06:08.715008+00:00,39.337088602095115
2025-06-15 23:06:09.555750+00:00,39.337109265768454
2025-06-15 23:06:09.904761+00:00,39.342952908603706
2025-06-15 23:06:10.264732+00:00,39.32546312274889
2025-06-15 23:06:10.966783+00:00,39.33130691888498
2025-06-15 23:06:12.462460+00:00,39.32548390913911
2025-06-15 23:06:13.229098+00:00,39.34877588857657
2025-06-15 23:06:14.727136+00:00,39.34291172544383
2025-06-15 23:06:17.546988+00:00,39.31379600945241
2025-06-15 23:06:18.263554+00:00,39.342891117761006
2025-06-15 23:06:18.648115+00:00,39.3079518284388
2025-06-15 23:06:18.994834+00:00,39.32537986983476
2025-06-15 23:06:19.212445+00:00,39.32542151776247
2025-06-15 23:06:19.690469+00:00,39.31375411608897
2025-06-15 23:06:20.022122+00:00,39.32540069916629
2025-06-15 23:06:23.802783+00:00,39.313733153304184
2025-06-15 23:06:24.114798+00:00,39.31375411608897
2025-06-15 23:06:24.724439+00:00,39.31371217978403
2025-06-15 23:06:26.351917+00:00,39.30210749331069
2025-06-15 23:06:26.751457+00:00,39.30210749331069
2025-06-15 23:06:27.131353+00:00,39.30210749331069
2025-06-15 23:06:29.695976+00:00,39.29043960113741
2025-06-15 23:06:30.369757+00:00,39.27292644083157
2025-06-15 23:06:32.963047+00:00,39.29626300406731
2025-06-15 23:06:35.695069+00:00,39.30210749331069
2025-06-15 23:06:38.778779+00:00,39.337088602095115
2025-06-15 23:06:40.535135+00:00,39.31377506813837
2025-06-15 23:06:41.546099+00:00,39.31377506813837
2025-06-15 23:06:42.740855+00:00,39.30793080966246
2025-06-15 23:06:43.113579+00:00,39.307909780150695
2025-06-15 23:06:44.045789+00:00,39.30210749331069
2025-06-15 23:06:46.048726+00:00,39.325442325623335
2025-06-15 23:06:46.419645+00:00,39.30210749331069
2025-06-15 23:06:46.895912+00:00,39.30208639707173
2025-06-15 23:06:47.431351+00:00,39.30208639707173
2025-06-15 23:06:48.029551+00:00,39.29628416703369
2025-06-15 23:06:50.513022+00:00,39.30799383378533
2025-06-15 23:06:50.779281+00:00,39.29628416703369
2025-06-15 23:06:51.106108+00:00,39.27301218181605
2025-06-15 23:06:52.380644+00:00,39.33706792768651
2025-06-15 23:06:54.369785+00:00,39.32552544971359
2025-06-15 23:07:00.198374+00:00,39.31961917250027
2025-06-15 23:07:01.667817+00:00,39.33126546882162
2025-06-15 23:07:03.801677+00:00,39.32542151776247
2025-06-15 23:07:05.058085+00:00,39.31377506813837
2025-06-15 23:07:06.662677+00:00,39.31379600945241
2025-06-15 23:07:08.463425+00:00,39.29628416703369
2025-06-15 23:07:09.329266+00:00,39.31379600945241
2025-06-15 23:07:11.416711+00:00,39.33706792768651
2025-06-15 23:07:13.773233+00:00,39.32546312274889
2025-06-15 23:07:19.437341+00:00,39.33128619922095
2025-06-15 23:07:21.267070+00:00,39.3429323223914
2025-06-15 23:07:23.070685+00:00,39.33130691888498
2025-06-15 23:07:26.385257+00:00,39.33712991870651
2025-06-15 23:07:27.672449+00:00,39.36044219405056
2025-06-15 23:07:29.670768+00:00,39.360462558616646
2025-06-15 23:07:33.264664+00:00,39.3546397319425
2025-06-15 23:07:35.787575+00:00,39.36044219405056
2025-06-15 23:07:36.890531+00:00,39.3721081821933
2025-06-15 23:07:38.696283+00:00,39.37791081470341
2025-06-15 23:07:40.007064+00:00,39.38371356000277
2025-06-15 23:07:41.375329+00:00,39.360462558616646
2025-06-15 23:07:42.294995+00:00,39.377850257115526
2025-06-15 23:07:43.716956+00:00,39.38377385300766
2025-06-15 23:07:44.727404+00:00,39.38375376607444
2025-06-15 23:07:46.508110+00:00,39.38961657281285
2025-06-15 23:07:49.163004+00:00,39.407044814750186
2025-06-15 23:07:50.439159+00:00,39.41874930712039
2025-06-15 23:07:54.144471+00:00,39.41872964199681
2025-06-15 23:07:55.244692+00:00,39.40708444409349
2025-06-15 23:07:56.102009+00:00,39.39543920649648
2025-06-15 23:07:59.145691+00:00,39.38375376607444
2025-06-15 23:07:59.511666+00:00,39.38961657281285
2025-06-15 23:08:00.280681+00:00,39.389576543129195
2025-06-15 23:08:00.797761+00:00,39.38377385300766
2025-06-15 23:08:03.278986+00:00,39.38375376607444
2025-06-15 23:08:03.652567+00:00,39.37793097909581
2025-06-15 23:08:07.199131+00:00,39.337088602095115
2025-06-15 23:08:11.538019+00:00,39.313733153304184
2025-06-15 23:08:11.954075+00:00,39.29630531926461
2025-06-15 23:08:13.877172+00:00,39.30212857881422
2025-06-15 23:08:14.052414+00:00,39.27883548106571
2025-06-15 23:08:14.721496+00:00,39.27881412865122
2025-06-15 23:08:16.429665+00:00,39.27881412865122
2025-06-15 23:08:19.684522+00:00,39.27881412865122
2025-06-15 23:08:20.009111+00:00,39.278771391615656
2025-06-15 23:08:20.253469+00:00,39.267167386770026
2025-06-15 23:08:20.502087+00:00,39.2671028647426
2025-06-15 23:08:20.769643+00:00,39.272947892180994
2025-06-15 23:08:21.227084+00:00,39.284594881124626
2025-06-15 23:08:22.677090+00:00,39.29043960113741
2025-06-15 23:08:22.977645+00:00,39.28461618828204
2025-06-15 23:08:23.198333+00:00,39.29041836070791
2025-06-15 23:08:23.506451+00:00,39.29624183036548
2025-06-15 23:08:28.501485+00:00,39.29630531926461
2025-06-15 23:08:28.838823+00:00,39.302149653582326
2025-06-15 23:08:30.491469+00:00,39.3079518284388
2025-06-15 23:08:34.250954+00:00,39.31379600945241
2025-06-15 23:08:37.327596+00:00,39.31379600945241
2025-06-15 23:08:38.019831+00:00,39.30799383378533
2025-06-15 23:08:38.386807+00:00,39.29630531926461
2025-06-15 23:08:38.639170+00:00,39.313733153304184
2025-06-15 23:08:39.225553+00:00,39.302149653582326
2025-06-15 23:08:40.769474+00:00,39.30797283647976
2025-06-15 23:08:41.381699+00:00,39.331223975817075
2025-06-15 23:08:42.274664+00:00,39.32546312274889
2025-06-15 23:08:44.932843+00:00,39.33126546882162
2025-06-15 23:08:45.542409+00:00,39.337109265768454
2025-06-15 23:08:47.760779+00:00,39.337088602095115
2025-06-15 23:08:49.551961+00:00,39.34297348408076
2025-06-15 23:08:51.401274+00:00,39.33712991870651
2025-06-15 23:08:54.052693+00:00,39.33712991870651
2025-06-15 23:08:54.469335+00:00,39.33128619922095
2025-06-15 23:08:55.696038+00:00,39.33712991870651
2025-06-15 23:08:56.731832+00:00,39.33715056090928
2025-06-15 23:09:00.518785+00:00,39.34299404882257
2025-06-15 23:09:02.749465+00:00,39.360462558616646
2025-06-15 23:09:06.524262+00:00,39.36044219405056
2025-06-15 23:09:06.892082+00:00,39.34881689534447
2025-06-15 23:09:07.227854+00:00,39.34881689534447
2025-06-15 23:09:07.542454+00:00,39.3721081821933
2025-06-15 23:09:08.020765+00:00,39.34881689534447
2025-06-15 23:09:08.701377+00:00,39.34299404882257
2025-06-15 23:09:09.129206+00:00,39.337171192376786
2025-06-15 23:09:12.959028+00:00,39.360462558616646
2025-06-15 23:09:13.486820+00:00,39.37214861222137
2025-06-15 23:09:14.294865+00:00,39.36050325554328
2025-06-15 23:09:15.168206+00:00,39.36052358790383
2025-06-15 23:09:17.803562+00:00,39.3721081821933
2025-06-15 23:09:19.106384+00:00,39.34883738262559
2025-06-15 23:09:20.736493+00:00,39.34881689534447
2025-06-15 23:09:26.263342+00:00,39.32548390913911
2025-06-15 23:09:26.723131+00:00,39.30219177091231
2025-06-15 23:09:27.577046+00:00,39.325442325623335
2025-06-15 23:09:28.135646+00:00,39.32548390913911
2025-06-15 23:09:33.961690+00:00,39.32546312274889
2025-06-15 23:09:34.512227+00:00,39.33128619922095
2025-06-15 23:09:35.072710+00:00,39.31964003635227
2025-06-15 23:09:35.723873+00:00,39.337109265768454
2025-06-15 23:09:37.636975+00:00,39.337109265768454
2025-06-15 23:09:40.579538+00:00,39.33132762781369
2025-06-15 23:09:41.195964+00:00,39.33712991870651
2025-06-15 23:09:42.366856+00:00,39.32552544971359
2025-06-15 23:09:42.926937+00:00,39.3429323223914
2025-06-15 23:09:43.675651+00:00,39.33130691888498
2025-06-15 23:09:44.263912+00:00,39.31385876898231
2025-06-15 23:09:44.472409+00:00,39.31381694003108
2025-06-15 23:09:47.893424+00:00,39.325504684794005
2025-06-15 23:09:49.913981+00:00,39.342952908603706
2025-06-15 23:09:51.108942+00:00,39.337171192376786
2025-06-15 23:09:51.425371+00:00,39.33715056090928
2025-06-15 23:09:53.439275+00:00,39.337109265768454
2025-06-15 23:09:53.873805+00:00,39.34299404882257
2025-06-15 23:09:54.658858+00:00,39.33130691888498
2025-06-15 23:09:55.929136+00:00,39.33712991870651
2025-06-15 23:09:56.621207+00:00,39.34877588857657
2025-06-15 23:09:57.708861+00:00,39.337171192376786
2025-06-15 23:09:57.959553+00:00,39.33712991870651
2025-06-15 23:09:58.510659+00:00,39.35457840586359
2025-06-15 23:09:59.916728+00:00,39.34877588857657
2025-06-15 23:10:00.258370+00:00,39.32552544971359
2025-06-15 23:10:00.617471+00:00,39.3604218187493
2025-06-15 23:10:01.120546+00:00,39.337171192376786
2025-06-15 23:10:04.166807+00:00,39.3546397319425
2025-06-15 23:10:04.534676+00:00,39.34879639732814
2025-06-15 23:10:05.058079+00:00,39.360462558616646
2025-06-15 23:10:06.900366+00:00,39.3721081821933
2025-06-15 23:10:08.243138+00:00,39.3546397319425
2025-06-15 23:10:10.281560+00:00,39.34299404882257
2025-06-15 23:10:11.640961+00:00,39.33719181310902
2025-06-15 23:10:11.992111+00:00,39.3545988586251
2025-06-15 23:10:18.592198+00:00,39.36632593884403
2025-06-15 23:10:20.341521+00:00,39.38381399466882
2025-06-15 23:10:22.700702+00:00,39.37216881113271
2025-06-15 23:10:24.384813+00:00,39.34887832498215
2025-06-15 23:10:24.708961+00:00,39.372188999308925
2025-06-15 23:10:25.150494+00:00,39.3605439095292
2025-06-15 23:10:25.507497+00:00,39.38381399466882
2025-06-15 23:10:25.833492+00:00,39.377971275675286
2025-06-15 23:10:26.183569+00:00,39.38379392920578
2025-06-15 23:10:36.551128+00:00,39.40712403049683
2025-06-15 23:10:37.476522+00:00,39.378011529314335
2025-06-15 23:10:38.382166+00:00,39.38963657155207
2025-06-15 23:10:38.915984+00:00,39.38381399466882
2025-06-15 23:10:39.593655+00:00,39.36634620447987
2025-06-15 23:10:40.407045+00:00,39.372188999308925
2025-06-15 23:10:42.734008+00:00,39.39545913851213
2025-06-15 23:10:43.157725+00:00,39.39543920649648
2025-06-15 23:10:44.993225+00:00,39.38383404939677
2025-06-15 23:10:47.124622+00:00,39.41296621134075
2025-06-15 23:10:47.484455+00:00,39.418788605162746
2025-06-15 23:10:47.924415+00:00,39.43039433188535
2025-06-15 23:10:48.249512+00:00,39.43037480020643
2025-06-15 23:10:50.024533+00:00,39.418788605162746
2025-06-15 23:10:53.345911+00:00,39.41872964199681
2025-06-15 23:10:53.554688+00:00,39.41876896150904
2025-06-15 23:10:54.180246+00:00,39.424610989061996
2025-06-15 23:10:55.892441+00:00,39.42457182446447
2025-06-15 23:10:56.613510+00:00,39.412946500964416
2025-06-15 23:10:59.034298+00:00,39.412946500964416
2025-06-15 23:11:02.765952+00:00,39.40142045201477
2025-06-15 23:11:03.212882+00:00,39.407104242662655
2025-06-15 23:11:04.551148+00:00,39.40708444409349
2025-06-15 23:11:07.185022+00:00,39.38379392920578
2025-06-15 23:11:10.342684+00:00,39.395379346039306
2025-06-15 23:11:11.475858+00:00,39.360482912447544
2025-06-15 23:11:11.966398+00:00,39.38375376607444
2025-06-15 23:11:12.400911+00:00,39.366244768949166
2025-06-15 23:11:12.954984+00:00,39.37208795107657
2025-06-15 23:11:13.413954+00:00,39.37206770922471
2025-06-15 23:11:14.232849+00:00,39.34881689534447
2025-06-15 23:11:15.009887+00:00,39.38371356000277
2025-06-15 23:11:16.932090+00:00,39.3546193006514
2025-06-15 23:11:18.409118+00:00,39.36630566247305
2025-06-15 23:11:18.728533+00:00,39.34881689534447
2025-06-15 23:11:19.745565+00:00,39.366244768949166
2025-06-15 23:11:20.624743+00:00,39.35476209424991
2025-06-15 23:11:21.074037+00:00,39.34877588857657
2025-06-15 23:11:22.303974+00:00,39.34299404882257
2025-06-15 23:11:23.214396+00:00,39.34875536908978
2025-06-15 23:11:25.563203+00:00,39.34879639732814
2025-06-15 23:11:26.306121+00:00,39.337171192376786
2025-06-15 23:11:26.809386+00:00,39.3546193006514
2025-06-15 23:11:27.016955+00:00,39.366244768949166
2025-06-15 23:11:28.222248+00:00,39.34877588857657
2025-06-15 23:11:34.027392+00:00,39.34877588857657
2025-06-15 23:11:34.747948+00:00,39.34297348408076
2025-06-15 23:11:35.231957+00:00,39.3546397319425
2025-06-15 23:11:36.980444+00:00,39.34299404882257
2025-06-15 23:11:38.226270+00:00,39.342952908603706
2025-06-15 23:11:40.852967+00:00,39.3080567612897
2025-06-15 23:11:41.102135+00:00,39.342891117761006
2025-06-15 23:11:41.319722+00:00,39.325504684794005
2025-06-15 23:11:41.546143+00:00,39.31966088946891
2025-06-15 23:11:46.697522+00:00,39.34883738262559
2025-06-15 23:11:47.514673+00:00,39.33719181310902
2025-06-15 23:11:48.029132+00:00,39.331348326007124
2025-06-15 23:11:48.391890+00:00,39.337171192376786
2025-06-15 23:11:50.587679+00:00,39.348857859171474
2025-06-15 23:11:51.134559+00:00,39.331348326007124
2025-06-15 23:11:51.416529+00:00,39.34299404882257
2025-06-15 23:11:51.674041+00:00,39.34299404882257
2025-06-15 23:11:52.469217+00:00,39.360482912447544
2025-06-15 23:11:53.281061+00:00,39.360462558616646
2025-06-15 23:11:53.812932+00:00,39.36632593884403
2025-06-15 23:11:54.716704+00:00,39.366285375366914
2025-06-15 23:11:58.779365+00:00,39.37208795107657
2025-06-15 23:12:00.163794+00:00,39.360462558616646
2025-06-15 23:12:02.313128+00:00,39.35468056231909
2025-06-15 23:12:03.699655+00:00,39.38375376607444
2025-06-15 23:12:04.114910+00:00,39.3721284025749
2025-06-15 23:12:04.556676+00:00,39.38375376607444
2025-06-15 23:12:04.993963+00:00,39.377971275675286
2025-06-15 23:12:07.333558+00:00,39.377971275675286
2025-06-15 23:12:13.437844+00:00,39.34301460282913
2025-06-15 23:12:14.349044+00:00,39.3546397319425
2025-06-15 23:12:18.725940+00:00,39.33132762781369
2025-06-15 23:12:19.263197+00:00,39.325504684794005
2025-06-15 23:12:19.480242+00:00,39.33130691888498
2025-06-15 23:12:21.370401+00:00,39.337171192376786
2025-06-15 23:12:21.945576+00:00,39.32554620389785
2025-06-15 23:12:23.381448+00:00,39.31387966735487
2025-06-15 23:12:24.824918+00:00,39.32552544971359
2025-06-15 23:12:27.435906+00:00,39.348857859171474
2025-06-15 23:12:31.358724+00:00,39.33138969018811
2025-06-15 23:12:36.343565+00:00,39.3546397319425
2025-06-15 23:12:40.097545+00:00,39.331348326007124
2025-06-15 23:12:42.537088+00:00,39.33132762781369
2025-06-15 23:12:44.567875+00:00,39.32548390913911
2025-06-15 23:12:44.827468+00:00,39.33132762781369
2025-06-15 23:12:48.999547+00:00,39.31385876898231
2025-06-15 23:12:50.641169+00:00,39.32548390913911
2025-06-15 23:12:51.217657+00:00,39.313837859874376
2025-06-15 23:12:51.459001+00:00,39.32546312274889
2025-06-15 23:12:53.531664+00:00,39.30219177091231
2025-06-15 23:12:55.240873+00:00,39.29636871154478
2025-06-15 23:12:56.315531+00:00,39.30221281347418
2025-06-15 23:12:57.132787+00:00,39.30221281347418
2025-06-15 23:12:57.300869+00:00,39.30217071761503
2025-06-15 23:12:57.969184+00:00,39.31379600945241
2025-06-15 23:12:58.320544+00:00,39.31385876898231
2025-06-15 23:12:59.406519+00:00,39.313837859874376
2025-06-15 23:13:01.196632+00:00,39.32548390913911
2025-06-15 23:13:01.988274+00:00,39.325442325623335
2025-06-15 23:13:02.904672+00:00,39.2905879835509
2025-06-15 23:13:04.997577+00:00,39.32546312274889
2025-06-15 23:13:05.610055+00:00,39.325504684794005
2025-06-15 23:13:06.852930+00:00,39.31964003635227
2025-06-15 23:13:09.030412+00:00,39.290545642252916
2025-06-15 23:13:09.431198+00:00,39.313837859874376
2025-06-15 23:13:09.838586+00:00,39.30217071761503
2025-06-15 23:13:10.273897+00:00,39.29052445550074
2025-06-15 23:13:13.180921+00:00,39.325442325623335
2025-06-15 23:13:13.381570+00:00,39.31964003635227
2025-06-15 23:13:14.506753+00:00,39.31381694003108
2025-06-15 23:13:20.241693+00:00,39.325504684794005
2025-06-15 23:13:23.275042+00:00,39.34881689534447
2025-06-15 23:13:25.808423+00:00,39.33719181310902
2025-06-15 23:13:26.350497+00:00,39.34883738262559
2025-06-15 23:13:27.214060+00:00,39.35468056231909
2025-06-15 23:13:28.799235+00:00,39.32556694734681
2025-06-15 23:13:29.607030+00:00,39.34881689534447
2025-06-15 23:13:30.188830+00:00,39.34881689534447
2025-06-15 23:13:34.106460+00:00,39.34297348408076
2025-06-15 23:13:34.758997+00:00,39.3546397319425
2025-06-15 23:13:35.412529+00:00,39.34881689534447
2025-06-15 23:13:36.812856+00:00,39.33136901346527
2025-06-15 23:13:42.746261+00:00,39.33712991870651
2025-06-15 23:13:42.981348+00:00,39.313837859874376
2025-06-15 23:13:43.191267+00:00,39.325504684794005
2025-06-15 23:13:43.371139+00:00,39.31964003635227
2025-06-15 23:13:43.630743+00:00,39.31961917250027
2025-06-15 23:13:44.323499+00:00,39.31966088946891
2025-06-15 23:13:44.508555+00:00,39.32548390913911
2025-06-15 23:13:44.834202+00:00,39.313837859874376
2025-06-15 23:13:45.177699+00:00,39.30217071761503
2025-06-15 23:13:48.720141+00:00,39.30219177091231
2025-06-15 23:13:49.176736+00:00,39.29636871154478
2025-06-15 23:13:50.964553+00:00,39.278878153688204
2025-06-15 23:13:51.375271+00:00,39.302149653582326
2025-06-15 23:13:51.540943+00:00,39.296326460760106
2025-06-15 23:13:51.856808+00:00,39.273054987895094
2025-06-15 23:13:52.050388+00:00,39.27883548106571
2025-06-15 23:13:54.674626+00:00,39.27885682274471
2025-06-15 23:13:55.201413+00:00,39.296326460760106
2025-06-15 23:13:55.821804+00:00,39.27881412865122
2025-06-15 23:13:56.981466+00:00,39.26138709540623
2025-06-15 23:13:57.694764+00:00,39.26718887264138
2025-06-15 23:13:58.465750+00:00,39.267167386770026
2025-06-15 23:14:01.066033+00:00,39.27881412865122
2025-06-15 23:14:11.839320+00:00,39.25554222451697
2025-06-15 23:14:12.914151+00:00,39.26721034777717
2025-06-15 23:14:13.456538+00:00,39.27883548106571
2025-06-15 23:14:15.662372+00:00,39.278878153688204
2025-06-15 23:14:16.612028+00:00,39.29628416703369
2025-06-15 23:14:18.457700+00:00,39.27883548106571
2025-06-15 23:14:18.860203+00:00,39.25558543096841
2025-06-15 23:14:24.175308+00:00,39.24387378390473
2025-06-15 23:14:25.663397+00:00,39.24387378390473
2025-06-15 23:14:26.105587+00:00,39.27301218181605
2025-06-15 23:14:26.716574+00:00,39.26134400094156
2025-06-15 23:14:28.746499+00:00,39.25552060518786
2025-06-15 23:14:30.252755+00:00,39.24385202038129
2025-06-15 23:14:33.389455+00:00,39.22631555827352
2025-06-15 23:14:34.023020+00:00,39.22046976266011
2025-06-15 23:14:34.427942+00:00,39.20888874330363
2025-06-15 23:14:36.038882+00:00,39.21466810389373
2025-06-15 23:14:39.703072+00:00,39.20886655792701
2025-06-15 23:14:40.768652+00:00,39.220580022235545
2025-06-15 23:14:47.272869+00:00,39.24387378390473
2025-06-15 23:14:49.713391+00:00,39.26721034777717
2025-06-15 23:14:50.978475+00:00,39.25556383311049
2025-06-15 23:14:51.619816+00:00,39.26134400094156
2025-06-15 23:14:52.841651+00:00,39.278878153688204
2025-06-15 23:14:54.203835+00:00,39.26718887264138
2025-06-15 23:14:54.537757+00:00,39.29048204978999
2025-06-15 23:14:54.887720+00:00,39.302149653582326
2025-06-15 23:14:56.103780+00:00,39.26721034777717
2025-06-15 23:14:56.359457+00:00,39.27883548106571
2025-06-15 23:14:56.729702+00:00,39.26721034777717
2025-06-15 23:14:57.053836+00:00,39.27881412865122
2025-06-15 23:14:58.088518+00:00,39.296326460760106
2025-06-15 23:14:58.515535+00:00,39.29050325801309
2025-06-15 23:14:59.517523+00:00,39.273054987895094
2025-06-15 23:15:01.892411+00:00,39.290545642252916
2025-06-15 23:15:04.375165+00:00,39.30799383378533
2025-06-15 23:15:07.284436+00:00,39.313837859874376
2025-06-15 23:15:08.029010+00:00,39.31966088946891
2025-06-15 23:15:09.176257+00:00,39.31381694003108
2025-06-15 23:15:16.174063+00:00,39.3429323223914
2025-06-15 23:15:20.208030+00:00,39.33712991870651
2025-06-15 23:15:22.252660+00:00,39.33715056090928
2025-06-15 23:15:24.293536+00:00,39.34883738262559
2025-06-15 23:15:26.727624+00:00,39.34877588857657
2025-06-15 23:15:29.929548+00:00,39.31968173185021
2025-06-15 23:15:33.348527+00:00,39.31966088946891
2025-06-15 23:15:33.807336+00:00,39.34881689534447
2025-06-15 23:15:36.960755+00:00,39.342952908603706
2025-06-15 23:15:39.620811+00:00,39.32552544971359
2025-06-15 23:15:47.106814+00:00,39.32552544971359
2025-06-15 23:15:47.418675+00:00,39.34301460282913
2025-06-15 23:15:49.079097+00:00,39.34299404882257
2025-06-15 23:15:49.297438+00:00,39.33132762781369
2025-06-15 23:15:49.504146+00:00,39.3546193006514
2025-06-15 23:15:49.709948+00:00,39.331348326007124
2025-06-15 23:15:50.720579+00:00,39.3546397319425
2025-06-15 23:15:51.772369+00:00,39.34881689534447
2025-06-15 23:15:52.481136+00:00,39.337171192376786
2025-06-15 23:15:54.445820+00:00,39.36632593884403
2025-06-15 23:15:56.008555+00:00,39.360462558616646
2025-06-15 23:15:58.483937+00:00,39.33721242310599
2025-06-15 23:16:02.110177+00:00,39.337171192376786
2025-06-15 23:16:02.660086+00:00,39.337171192376786
2025-06-15 23:16:03.372129+00:00,39.34299404882257
2025-06-15 23:16:04.123469+00:00,39.34301460282913
2025-06-15 23:16:06.719694+00:00,39.34301460282913
2025-06-15 23:16:14.379375+00:00,39.34301460282913
2025-06-15 23:16:15.425445+00:00,39.372188999308925
2025-06-15 23:16:15.749569+00:00,39.360564220419406
2025-06-15 23:16:17.730688+00:00,39.34887832498215
2025-06-15 23:16:18.979127+00:00,39.34301460282913
2025-06-15 23:16:21.433347+00:00,39.33719181310902
2025-06-15 23:16:23.356634+00:00,39.360462558616646
2025-06-15 23:16:26.154440+00:00,39.348857859171474
2025-06-15 23:16:29.717104+00:00,39.34301460282913
2025-06-15 23:16:30.267969+00:00,39.33138969018811
2025-06-15 23:16:34.138377+00:00,39.33136901346527
2025-06-15 23:16:35.338589+00:00,39.34887832498215
2025-06-15 23:16:35.813673+00:00,39.34887832498215
2025-06-15 23:16:36.543419+00:00,39.348857859171474
2025-06-15 23:16:36.799300+00:00,39.33136901346527
2025-06-15 23:16:37.050552+00:00,39.34887832498215
2025-06-15 23:16:40.397672+00:00,39.3605439095292
2025-06-15 23:16:42.661409+00:00,39.37220917675001
2025-06-15 23:16:46.511237+00:00,39.3605439095292
2025-06-15 23:16:49.134189+00:00,39.34891922439783
2025-06-15 23:16:50.463377+00:00,39.372188999308925
2025-06-15 23:16:51.741199+00:00,39.35474172737
2025-06-15 23:16:52.291113+00:00,39.372188999308925
2025-06-15 23:16:54.114915+00:00,39.3780316400312
2025-06-15 23:16:54.827449+00:00,39.366366459380544
2025-06-15 23:16:55.767106+00:00,39.37220917675001
2025-06-15 23:16:55.984527+00:00,39.38383404939677
2025-06-15 23:16:56.896786+00:00,39.372188999308925
2025-06-15 23:16:58.394116+00:00,39.3605439095292
2025-06-15 23:16:59.520947+00:00,39.366366459380544
2025-06-15 23:17:01.005948+00:00,39.33138969018811
2025-06-15 23:17:04.155481+00:00,39.33138969018811
2025-06-15 23:17:06.994195+00:00,39.31390055499208
2025-06-15 23:17:07.391576+00:00,39.32552544971359
2025-06-15 23:17:08.032109+00:00,39.31972338440679
2025-06-15 23:17:10.296072+00:00,39.34303514610044
2025-06-15 23:17:13.528595+00:00,39.308035796190296
2025-06-15 23:17:14.122565+00:00,39.325504684794005
2025-06-15 23:17:17.740230+00:00,39.29052445550074
2025-06-15 23:17:18.471916+00:00,39.29636871154478
2025-06-15 23:17:18.768367+00:00,39.284722563036716
2025-06-15 23:17:19.404283+00:00,39.29636871154478
2025-06-15 23:17:19.704539+00:00,39.29052445550074
2025-06-15 23:17:20.014449+00:00,39.29634759152017
2025-06-15 23:17:21.289054+00:00,39.27885682274471
2025-06-15 23:17:22.033056+00:00,39.278878153688204
2025-06-15 23:17:22.819503+00:00,39.29050325801309
2025-06-15 23:17:23.530975+00:00,39.302149653582326
2025-06-15 23:17:26.630457+00:00,39.29052445550074
2025-06-15 23:17:34.109086+00:00,39.29052445550074
2025-06-15 23:17:34.552357+00:00,39.29636871154478
2025-06-15 23:17:36.597696+00:00,39.296326460760106
2025-06-15 23:17:37.210138+00:00,39.29052445550074
2025-06-15 23:17:38.396328+00:00,39.302149653582326
2025-06-15 23:17:39.073022+00:00,39.278878153688204
2025-06-15 23:17:44.028306+00:00,39.27883548106571
2025-06-15 23:17:45.476204+00:00,39.29046083083144
2025-06-15 23:17:47.234075+00:00,39.273033590223335
2025-06-15 23:17:47.694162+00:00,39.25552060518786
2025-06-15 23:17:48.539484+00:00,39.26718887264138
2025-06-15 23:17:49.304425+00:00,39.2846800453413
2025-06-15 23:17:50.302419+00:00,39.2614086265352
2025-06-15 23:17:50.842307+00:00,39.29050325801309
2025-06-15 23:17:51.078157+00:00,39.284722563036716
2025-06-15 23:17:51.327078+00:00,39.28463748470395
2025-06-15 23:17:51.595517+00:00,39.26718887264138
2025-06-15 23:17:55.430581+00:00,39.26138709540623
2025-06-15 23:17:55.863703+00:00,39.27301218181605
2025-06-15 23:17:56.023379+00:00,39.284658770390365
2025-06-15 23:17:56.591634+00:00,39.2846800453413
2025-06-15 23:17:58.087931+00:00,39.2846800453413
2025-06-15 23:17:59.679065+00:00,39.26723181217743
2025-06-15 23:18:00.662742+00:00,39.273033590223335
2025-06-15 23:18:05.559434+00:00,39.28463748470395
2025-06-15 23:18:06.215427+00:00,39.278878153688204
2025-06-15 23:18:06.930879+00:00,39.25558543096841
2025-06-15 23:18:08.022178+00:00,39.2614086265352
2025-06-15 23:18:08.341096+00:00,39.26721034777717
2025-06-15 23:18:10.653594+00:00,39.27889947389619
2025-06-15 23:18:11.395691+00:00,39.29050325801309
2025-06-15 23:18:12.063682+00:00,39.27889947389619
2025-06-15 23:18:12.516449+00:00,39.273033590223335
2025-06-15 23:18:12.792499+00:00,39.284722563036716
2025-06-15 23:18:14.871458+00:00,39.27311911649719
2025-06-15 23:18:17.703430+00:00,39.28478625906374
2025-06-15 23:18:18.788666+00:00,39.27309775103202
2025-06-15 23:18:19.057187+00:00,39.26727470877127
2025-06-15 23:18:19.483391+00:00,39.27889947389619
2025-06-15 23:18:20.987117+00:00,39.26145165658641
2025-06-15 23:18:24.328474+00:00,39.284722563036716
2025-06-15 23:18:26.429079+00:00,39.27889947389619
2025-06-15 23:18:27.580417+00:00,39.273054987895094
2025-06-15 23:18:28.525783+00:00,39.308035796190296
2025-06-15 23:18:28.968105+00:00,39.3022548663917
2025-06-15 23:18:29.514628+00:00,39.284743805781204
2025-06-15 23:18:30.770726+00:00,39.308098659282344
2025-06-15 23:18:33.889587+00:00,39.308035796190296
2025-06-15 23:18:36.621584+00:00,39.30223384530064
2025-06-15 23:18:37.063230+00:00,39.308098659282344
2025-06-15 23:18:39.667545+00:00,39.32558768006044
2025-06-15 23:18:42.624751+00:00,39.30223384530064
2025-06-15 23:18:43.082101+00:00,39.30223384530064
2025-06-15 23:18:43.633225+00:00,39.32554620389785
2025-06-15 23:18:45.464204+00:00,39.302275876747345
2025-06-15 23:18:46.265819+00:00,39.32552544971359
2025-06-15 23:18:49.674348+00:00,39.3022548663917
2025-06-15 23:18:55.890746+00:00,39.35468056231909
2025-06-15 23:18:56.692528+00:00,39.33723302236769
2025-06-15 23:18:57.893664+00:00,39.33145165594492
2025-06-15 23:18:59.291031+00:00,39.34307620043735
2025-06-15 23:19:01.044513+00:00,39.31974419458208
2025-06-15 23:19:04.562398+00:00,39.32556694734681
2025-06-15 23:19:08.032561+00:00,39.31387966735487
2025-06-15 23:19:08.481047+00:00,39.319702563496165
2025-06-15 23:19:08.867917+00:00,39.30801482035551
2025-06-15 23:19:11.557781+00:00,39.31381694003108
2025-06-15 23:19:12.529258+00:00,39.319702563496165
2025-06-15 23:19:15.870530+00:00,39.31390055499208
2025-06-15 23:19:16.430158+00:00,39.31387966735487
2025-06-15 23:19:18.972652+00:00,39.31387966735487
2025-06-15 23:19:20.710803+00:00,39.30221281347418
2025-06-15 23:19:21.773535+00:00,39.29641091938771
2025-06-15 23:19:22.500820+00:00,39.30801482035551
2025-06-15 23:19:26.266082+00:00,39.284743805781204
2025-06-15 23:19:27.548498+00:00,39.27889947389619
2025-06-15 23:19:29.607247+00:00,39.2846800453413
2025-06-15 23:19:29.973222+00:00,39.27889947389619
2025-06-15 23:19:33.982179+00:00,39.27885682274471
2025-06-15 23:19:36.127156+00:00,39.27307637483133
2025-06-15 23:19:38.447766+00:00,39.290545642252916
2025-06-15 23:19:38.976380+00:00,39.290545642252916
2025-06-15 23:19:39.169878+00:00,39.24974056088997
2025-06-15 23:19:39.374248+00:00,39.27883548106571
2025-06-15 23:19:39.612586+00:00,39.2846800453413
2025-06-15 23:19:39.906690+00:00,39.278878153688204
2025-06-15 23:19:41.957984+00:00,39.27889947389619
2025-06-15 23:19:46.157511+00:00,39.30223384530064
2025-06-15 23:19:47.758585+00:00,39.29641091938771
2025-06-15 23:19:48.211834+00:00,39.290545642252916
2025-06-15 23:19:49.070251+00:00,39.31387966735487
2025-06-15 23:19:53.188560+00:00,39.29060913809671
2025-06-15 23:19:55.414729+00:00,39.34883738262559
2025-06-15 23:19:57.597837+00:00,39.32554620389785
2025-06-15 23:19:58.013934+00:00,39.331348326007124
2025-06-15 23:19:58.306356+00:00,39.30807771565371
2025-06-15 23:19:59.667620+00:00,39.331348326007124
2025-06-15 23:20:01.814265+00:00,39.31972338440679
2025-06-15 23:20:05.648312+00:00,39.34883738262559
2025-06-15 23:20:08.262246+00:00,39.35470096140458
2025-06-15 23:20:12.929117+00:00,39.33138969018811
2025-06-15 23:20:18.559821+00:00,39.34303514610044
2025-06-15 23:20:22.962103+00:00,39.31390055499208
2025-06-15 23:20:24.001849+00:00,39.313921431893924
2025-06-15 23:20:27.911323+00:00,39.2905879835509
2025-06-15 23:20:32.332317+00:00,39.290545642252916
2025-06-15 23:20:32.792516+00:00,39.27307637483133
2025-06-15 23:20:35.810760+00:00,39.278878153688204
2025-06-15 23:20:38.298828+00:00,39.27889947389619
2025-06-15 23:20:39.075764+00:00,39.27885682274471
2025-06-15 23:20:44.060417+00:00,39.26721034777717
2025-06-15 23:20:46.226450+00:00,39.249762225477056
2025-06-15 23:20:48.535985+00:00,39.226469304266054
2025-06-15 23:20:49.268744+00:00,39.24387378390473
2025-06-15 23:20:51.357699+00:00,39.249762225477056
2025-06-15 23:20:51.824616+00:00,39.25556383311049
2025-06-15 23:20:53.032012+00:00,39.26138709540623
2025-06-15 23:20:53.892137+00:00,39.25556383311049
2025-06-15 23:20:56.584680+00:00,39.25552060518786
2025-06-15 23:20:56.852566+00:00,39.25554222451697
2025-06-15 23:20:57.044516+00:00,39.24385202038129
2025-06-15 23:20:57.299093+00:00,39.24967550271495
2025-06-15 23:20:57.512411+00:00,39.25547733432281
2025-06-15 23:20:57.749376+00:00,39.26136555354168
2025-06-15 23:20:57.988526+00:00,39.25549897512314
2025-06-15 23:20:58.246151+00:00,39.25549897512314
2025-06-15 23:20:58.544264+00:00,39.26714589016311
2025-06-15 23:20:59.159042+00:00,39.25552060518786
2025-06-15 23:20:59.383779+00:00,39.26714589016311
2025-06-15 23:21:01.251674+00:00,39.249697199508915
2025-06-15 23:21:04.430823+00:00,39.24389553669251
2025-06-15 23:21:07.852207+00:00,39.27307637483133
2025-06-15 23:21:13.906748+00:00,39.26721034777717
2025-06-15 23:21:14.451231+00:00,39.26138709540623
2025-06-15 23:21:14.950054+00:00,39.26721034777717
2025-06-15 23:21:18.080342+00:00,39.243917278744654
2025-06-15 23:21:21.049843+00:00,39.24387378390473
2025-06-15 23:21:21.250151+00:00,39.22640347754071
2025-06-15 23:21:23.564507+00:00,39.24389553669251
2025-06-15 23:21:25.109114+00:00,39.249697199508915
2025-06-15 23:21:25.759208+00:00,39.267167386770026
2025-06-15 23:21:25.988275+00:00,39.214756557005146
2025-06-15 23:21:28.450549+00:00,39.220580022235545
2025-06-15 23:21:29.077424+00:00,39.21473445983094
2025-06-15 23:21:30.550895+00:00,39.20879993738239
2025-06-15 23:21:34.150304+00:00,39.21473445983094
2025-06-15 23:21:35.123127+00:00,39.19141785789744
2025-06-15 23:21:36.422737+00:00,39.197241496291866
2025-06-15 23:21:37.852014+00:00,39.2088443618146
2025-06-15 23:21:38.937250+00:00,39.20886655792701
2025-06-15 23:21:39.523061+00:00,39.1971968478779
2025-06-15 23:21:41.813348+00:00,39.18559420957732
2025-06-15 23:21:42.306045+00:00,39.19139547232681
2025-06-15 23:21:42.949169+00:00,39.19139547232681
2025-06-15 23:21:43.283291+00:00,39.16803253065041
2025-06-15 23:21:45.141054+00:00,39.17972550252671
2025-06-15 23:21:47.565211+00:00,39.1972191774528
2025-06-15 23:21:49.248699+00:00,39.20888874330363
2025-06-15 23:21:52.081751+00:00,39.19139547232681
2025-06-15 23:21:54.542971+00:00,39.214712351920966
2025-06-15 23:21:56.542450+00:00,39.214712351920966
2025-06-15 23:21:58.623303+00:00,39.220535950612614
2025-06-15 23:22:02.149781+00:00,39.22055799179196
2025-06-15 23:22:03.131960+00:00,39.220580022235545
2025-06-15 23:22:03.479838+00:00,39.2321831182188
2025-06-15 23:22:04.301582+00:00,39.22640347754071
2025-06-15 23:22:05.183551+00:00,39.25552060518786
2025-06-15 23:22:07.391686+00:00,39.243939010061155
2025-06-15 23:22:13.178222+00:00,39.243917278744654
2025-06-15 23:22:14.631635+00:00,39.26723181217743
2025-06-15 23:22:15.014553+00:00,39.26138709540623
2025-06-15 23:22:18.550282+00:00,39.26143014692859
2025-06-15 23:22:18.997920+00:00,39.26143014692859
2025-06-15 23:22:19.368830+00:00,39.25556383311049
2025-06-15 23:22:19.636486+00:00,39.26143014692859
2025-06-15 23:22:19.852541+00:00,39.243917278744654
2025-06-15 23:22:20.071968+00:00,39.25560701809073
2025-06-15 23:22:20.765879+00:00,39.26718887264138
2025-06-15 23:22:21.007206+00:00,39.25552060518786
2025-06-15 23:22:21.374727+00:00,39.26138709540623
2025-06-15 23:22:21.607848+00:00,39.27883548106571
2025-06-15 23:22:22.150696+00:00,39.26721034777717
2025-06-15 23:22:22.961576+00:00,39.25560701809073
2025-06-15 23:22:24.633831+00:00,39.27889947389619
2025-06-15 23:22:26.494861+00:00,39.29641091938771
2025-06-15 23:22:26.771726+00:00,39.29052445550074
2025-06-15 23:22:27.396892+00:00,39.290545642252916
2025-06-15 23:22:29.611538+00:00,39.296432007206036
2025-06-15 23:22:29.921102+00:00,39.27892078336866
2025-06-15 23:22:35.331537+00:00,39.325504684794005
2025-06-15 23:22:37.529998+00:00,39.296432007206036
2025-06-15 23:22:38.689497+00:00,39.32554620389785
2025-06-15 23:22:38.934091+00:00,39.32554620389785
2025-06-15 23:22:39.176640+00:00,39.32556694734681
2025-06-15 23:22:40.381024+00:00,39.308098659282344
2025-06-15 23:22:40.957296+00:00,39.3080567612897
2025-06-15 23:22:41.716283+00:00,39.30229687636759
2025-06-15 23:22:42.595646+00:00,39.31387966735487
2025-06-15 23:22:42.946927+00:00,39.3022548663917
2025-06-15 23:22:43.271411+00:00,39.296432007206036
2025-06-15 23:22:43.597769+00:00,39.31390055499208
2025-06-15 23:22:44.032348+00:00,39.31394229806041
2025-06-15 23:22:44.344749+00:00,39.31387966735487
2025-06-15 23:22:44.648447+00:00,39.308098659282344
2025-06-15 23:22:47.103087+00:00,39.325608402038775
2025-06-15 23:22:49.787862+00:00,39.308098659282344
2025-06-15 23:22:50.067471+00:00,39.31980656069592
2025-06-15 23:22:50.858318+00:00,39.29651625112504
2025-06-15 23:22:51.267735+00:00,39.30816142575597
2025-06-15 23:22:51.994795+00:00,39.308140514333466
2025-06-15 23:22:52.905290+00:00,39.325649813789504
2025-06-15 23:22:55.113848+00:00,39.30818232644309
2025-06-15 23:22:55.337005+00:00,39.30818232644309
2025-06-15 23:22:55.772473+00:00,39.31404646786254
2025-06-15 23:22:56.248780+00:00,39.31396315349154
2025-06-15 23:22:56.625325+00:00,39.325608402038775
2025-06-15 23:22:57.447681+00:00,39.32562911328179
2025-06-15 23:23:01.474274+00:00,39.33145165594492
2025-06-15 23:23:04.222402+00:00,39.33149291277304
2025-06-15 23:23:05.894650+00:00,39.360685860322164
2025-06-15 23:23:07.796746+00:00,39.34311721183329
2025-06-15 23:23:09.166363+00:00,39.33147228972661
2025-06-15 23:23:09.739573+00:00,39.33725361089412
2025-06-15 23:23:10.789511+00:00,39.33729475574121
2025-06-15 23:23:11.863704+00:00,39.31400483214774
2025-06-15 23:23:14.248869+00:00,39.34891922439783
2025-06-15 23:23:16.086125+00:00,39.34309671150294
2025-06-15 23:23:18.713962+00:00,39.31396315349154
2025-06-15 23:23:19.155900+00:00,39.31976499402202
2025-06-15 23:23:20.007578+00:00,39.32562911328179
2025-06-15 23:23:22.747869+00:00,39.33147228972661
2025-06-15 23:23:23.447869+00:00,39.31396315349154
2025-06-15 23:23:24.720005+00:00,39.325608402038775
2025-06-15 23:23:25.833808+00:00,39.28487103680314
2025-06-15 23:23:28.152968+00:00,39.31394229806041
2025-06-15 23:23:28.856599+00:00,39.34309671150294
2025-06-15 23:23:29.205381+00:00,39.29065141498198
2025-06-15 23:23:29.739955+00:00,39.32556694734681
2025-06-15 23:23:31.115441+00:00,39.30231786525243
2025-06-15 23:23:34.558857+00:00,39.29645308428892
2025-06-15 23:23:36.147851+00:00,39.3081195921756
2025-06-15 23:23:39.171899+00:00,39.30231786525243
2025-06-15 23:23:39.456153+00:00,39.313921431893924
2025-06-15 23:23:39.732048+00:00,39.29645308428892
2025-06-15 23:23:40.065797+00:00,39.30223384530064
2025-06-15 23:23:40.339504+00:00,39.31390055499208
2025-06-15 23:23:43.157910+00:00,39.29071474979404
2025-06-15 23:23:43.508087+00:00,39.27896337010713
2025-06-15 23:23:43.851225+00:00,39.28476503779021
2025-06-15 23:23:44.598343+00:00,39.2789846473731
2025-06-15 23:23:44.994958+00:00,39.27311911649719
2025-06-15 23:23:48.111802+00:00,39.27892078336866
2025-06-15 23:23:48.624068+00:00,39.26733897314544
2025-06-15 23:23:49.588906+00:00,39.27311911649719
2025-06-15 23:23:49.839134+00:00,39.28478625906374
2025-06-15 23:23:57.640149+00:00,39.308098659282344
2025-06-15 23:23:57.952432+00:00,39.302275876747345
2025-06-15 23:23:58.738151+00:00,39.29641091938771
2025-06-15 23:23:59.993760+00:00,39.302275876747345
2025-06-15 23:24:00.456736+00:00,39.32554620389785
2025-06-15 23:24:00.939092+00:00,39.31394229806041
2025-06-15 23:24:07.614352+00:00,39.30229687636759
2025-06-15 23:24:08.940354+00:00,39.29063028190707
2025-06-15 23:24:09.447996+00:00,39.29067253732144
2025-06-15 23:24:10.501883+00:00,39.308140514333466
2025-06-15 23:24:11.838958+00:00,39.29645308428892
2025-06-15 23:24:17.306790+00:00,39.325608402038775
2025-06-15 23:24:20.156662+00:00,39.302359810815915
2025-06-15 23:24:20.834231+00:00,39.30816142575597
2025-06-15 23:24:22.755697+00:00,39.29067253732144
2025-06-15 23:24:25.078961+00:00,39.302275876747345
2025-06-15 23:24:25.270461+00:00,39.2789846473731
2025-06-15 23:24:26.263714+00:00,39.302275876747345
2025-06-15 23:24:26.498309+00:00,39.29063028190707
2025-06-15 23:24:29.272547+00:00,39.29645308428892
2025-06-15 23:24:32.591583+00:00,39.29641091938771
2025-06-15 23:24:34.316112+00:00,39.313921431893924
2025-06-15 23:24:35.463325+00:00,39.30807771565371
2025-06-15 23:24:36.532727+00:00,39.284807469601795
2025-06-15 23:24:39.744455+00:00,39.302275876747345
2025-06-15 23:24:40.474950+00:00,39.302275876747345
2025-06-15 23:24:41.420981+00:00,39.29645308428892
2025-06-15 23:24:41.663911+00:00,39.308098659282344
2025-06-15 23:24:44.796866+00:00,39.29645308428892
2025-06-15 23:24:45.023105+00:00,39.29063028190707
2025-06-15 23:24:46.421884+00:00,39.29645308428892
2025-06-15 23:24:50.903175+00:00,39.29645308428892
2025-06-15 23:24:51.421638+00:00,39.29645308428892
2025-06-15 23:24:52.097315+00:00,39.308098659282344
2025-06-15 23:24:53.278136+00:00,39.302275876747345
2025-06-15 23:24:54.564739+00:00,39.302275876747345
2025-06-15 23:24:56.057997+00:00,39.30229687636759
2025-06-15 23:24:57.714294+00:00,39.29067253732144
2025-06-15 23:24:58.531479+00:00,39.29067253732144
2025-06-15 23:24:59.839477+00:00,39.31396315349154
2025-06-15 23:25:00.947439+00:00,39.31396315349154
2025-06-15 23:25:04.095747+00:00,39.31978578272664
2025-06-15 23:25:09.576741+00:00,39.31396315349154
2025-06-15 23:25:12.788896+00:00,39.3081195921756
2025-06-15 23:25:13.659525+00:00,39.31394229806041
2025-06-15 23:25:14.142812+00:00,39.308098659282344
2025-06-15 23:25:16.835015+00:00,39.313921431893924
2025-06-15 23:25:20.279934+00:00,39.29065141498198
2025-06-15 23:25:21.135800+00:00,39.28478625906374
2025-06-15 23:25:21.570461+00:00,39.27900591390359
2025-06-15 23:25:22.036814+00:00,39.29065141498198
2025-06-15 23:25:22.381461+00:00,39.273140471226846
2025-06-15 23:25:22.768920+00:00,39.2905879835509
2025-06-15 23:25:29.372844+00:00,39.26725326584213
2025-06-15 23:25:31.102731+00:00,39.25565016012859
2025-06-15 23:25:36.978004+00:00,39.284743805781204
2025-06-15 23:25:38.462190+00:00,39.29645308428892
2025-06-15 23:25:41.503442+00:00,39.30223384530064
2025-06-15 23:25:43.476144+00:00,39.3081195921756
2025-06-15 23:25:46.918430+00:00,39.308140514333466
2025-06-15 23:25:47.568705+00:00,39.325608402038775
2025-06-15 23:25:48.674787+00:00,39.3081195921756
2025-06-15 23:25:49.706293+00:00,39.30233884340188
2025-06-15 23:25:53.616208+00:00,39.33147228972661
2025-06-15 23:25:54.595483+00:00,39.35478245039464
2025-06-15 23:25:56.457786+00:00,39.33733585764726
2025-06-15 23:26:01.973581+00:00,39.34900089440664
2025-06-15 23:26:02.711694+00:00,39.360604809994314
2025-06-15 23:26:10.125501+00:00,39.348939658002855
2025-06-15 23:26:11.919048+00:00,39.35476209424991
2025-06-15 23:26:19.666841+00:00,39.30807771565371
2025-06-15 23:26:19.993290+00:00,39.30807771565371
2025-06-15 23:26:20.385769+00:00,39.3080567612897
2025-06-15 23:26:20.703029+00:00,39.284807469601795
2025-06-15 23:26:21.378933+00:00,39.29056681826963
2025-06-15 23:26:23.543484+00:00,39.29641091938771
2025-06-15 23:26:25.775133+00:00,39.29641091938771
2025-06-15 23:26:28.379244+00:00,39.27309775103202
2025-06-15 23:26:29.233596+00:00,39.29060913809671
2025-06-15 23:26:30.072346+00:00,39.284807469601795
2025-06-15 23:26:31.296457+00:00,39.27889947389619
2025-06-15 23:26:33.409582+00:00,39.27311911649719
2025-06-15 23:26:35.816704+00:00,39.26143014692859
2025-06-15 23:26:38.440335+00:00,39.27309775103202
2025-06-15 23:26:38.954120+00:00,39.25560701809073
2025-06-15 23:26:41.892413+00:00,39.26138709540623
2025-06-15 23:26:43.235903+00:00,39.25549897512314
2025-06-15 23:26:44.345579+00:00,39.243917278744654
2025-06-15 23:26:45.301738+00:00,39.23227068467966
2025-06-15 23:26:45.836718+00:00,39.249762225477056
2025-06-15 23:26:50.320213+00:00,39.232248809167984
2025-06-15 23:26:50.979042+00:00,39.24974056088997
2025-06-15 23:26:52.645291+00:00,39.23809398667455
2025-06-15 23:26:53.889318+00:00,39.243917278744654
2025-06-15 23:26:54.128703+00:00,39.232248809167984
2025-06-15 23:26:54.348570+00:00,39.23227068467966
2025-06-15 23:26:55.993798+00:00,39.2264254305182
2025-06-15 23:26:56.703491+00:00,39.22640347754071
2025-06-15 23:26:57.856346+00:00,39.21477864344359
2025-06-15 23:26:59.762003+00:00,39.220580022235545
2025-06-15 23:27:06.805403+00:00,39.19728610176249
2025-06-15 23:27:07.575983+00:00,39.19728610176249
2025-06-15 23:27:08.569634+00:00,39.18559420957732
2025-06-15 23:27:15.470275+00:00,39.19141785789744
2025-06-15 23:27:19.595250+00:00,39.17977055133149
2025-06-15 23:27:20.379776+00:00,39.18554929423659
2025-06-15 23:27:21.720323+00:00,39.19139547232681
2025-06-15 23:27:22.545424+00:00,39.19137307602032
2025-06-15 23:27:24.525334+00:00,39.2030651247606
2025-06-15 23:27:25.258279+00:00,39.18559420957732
2025-06-15 23:27:31.033407+00:00,39.220580022235545
2025-06-15 23:27:33.908748+00:00,39.24389553669251
2025-06-15 23:27:34.144663+00:00,39.220624050915525
2025-06-15 23:27:37.666600+00:00,39.2264254305182
2025-06-15 23:27:38.960719+00:00,39.2206020419434
2025-06-15 23:27:39.902639+00:00,39.232226922920624
2025-06-15 23:27:40.224379+00:00,39.208910917944465
2025-06-15 23:27:41.367721+00:00,39.24387378390473
2025-06-15 23:27:42.177851+00:00,39.2264254305182
2025-06-15 23:27:42.995155+00:00,39.2264254305182
2025-06-15 23:27:47.817404+00:00,39.26721034777717
2025-06-15 23:27:51.177379+00:00,39.25560701809073
2025-06-15 23:27:51.685946+00:00,39.26725326584213
2025-06-15 23:27:52.991457+00:00,39.26145165658641
2025-06-15 23:27:53.899986+00:00,39.26143014692859
2025-06-15 23:27:54.144368+00:00,39.278942082105644
2025-06-15 23:27:54.376617+00:00,39.25556383311049
2025-06-15 23:27:56.200816+00:00,39.25565016012859
2025-06-15 23:27:56.707866+00:00,39.25562859447745
2025-06-15 23:27:56.974186+00:00,39.26727470877127
2025-06-15 23:28:03.482720+00:00,39.26725326584213
2025-06-15 23:28:03.913261+00:00,39.278878153688204
2025-06-15 23:28:04.303668+00:00,39.27309775103202
2025-06-15 23:28:05.786585+00:00,39.273054987895094
2025-06-15 23:28:07.474049+00:00,39.278942082105644
2025-06-15 23:28:17.303529+00:00,39.2614086265352
2025-06-15 23:28:19.073831+00:00,39.24398244048721
2025-06-15 23:28:20.215671+00:00,39.26147315550867
2025-06-15 23:28:21.568307+00:00,39.25562859447745
2025-06-15 23:28:21.927925+00:00,39.27309775103202
2025-06-15 23:28:22.447750+00:00,39.243917278744654
2025-06-15 23:28:23.143658+00:00,39.238115784720684
2025-06-15 23:28:24.493848+00:00,39.25558543096841
2025-06-15 23:28:24.686132+00:00,39.23227068467966
2025-06-15 23:28:25.470595+00:00,39.23231440349594
2025-06-15 23:28:26.084308+00:00,39.208977377452236
2025-06-15 23:28:27.235039+00:00,39.232248809167984
2025-06-15 23:28:33.330882+00:00,39.214756557005146
2025-06-15 23:28:35.722958+00:00,39.2089330818495
2025-06-15 23:28:36.927249+00:00,39.208977377452236
2025-06-15 23:28:37.979420+00:00,39.220580022235545
2025-06-15 23:28:39.518420+00:00,39.243917278744654
2025-06-15 23:28:39.999866+00:00,39.226447372759985
2025-06-15 23:28:41.914276+00:00,39.24974056088997
2025-06-15 23:28:44.660036+00:00,39.243960730642
2025-06-15 23:28:45.006731+00:00,39.24978387932853
2025-06-15 23:28:47.940001+00:00,39.24398244048721
2025-06-15 23:28:49.216997+00:00,39.25562859447745
2025-06-15 23:28:50.350402+00:00,39.2614086265352
2025-06-15 23:28:51.306341+00:00,39.26143014692859
2025-06-15 23:28:52.309551+00:00,39.26725326584213
2025-06-15 23:28:53.614107+00:00,39.25565016012859
2025-06-15 23:28:55.744893+00:00,39.2905879835509
2025-06-15 23:28:56.169565+00:00,39.29056681826963
2025-06-15 23:28:56.513001+00:00,39.29056681826963
2025-06-15 23:28:57.059904+00:00,39.27896337010713
2025-06-15 23:28:57.782790+00:00,39.284807469601795
2025-06-15 23:28:58.793615+00:00,39.29060913809671
2025-06-15 23:28:59.009511+00:00,39.27892078336866
2025-06-15 23:29:01.716091+00:00,39.29060913809671
2025-06-15 23:29:02.773315+00:00,39.31390055499208
2025-06-15 23:29:04.265048+00:00,39.2905879835509
2025-06-15 23:29:04.706274+00:00,39.29063028190707
2025-06-15 23:29:09.255206+00:00,39.30223384530064
2025-06-15 23:29:15.307521+00:00,39.284743805781204
2025-06-15 23:29:19.659741+00:00,39.27892078336866
2025-06-15 23:29:22.639790+00:00,39.3022548663917
2025-06-15 23:29:22.924208+00:00,39.30807771565371
2025-06-15 23:29:23.624169+00:00,39.29063028190707
2025-06-15 23:29:24.360423+00:00,39.32554620389785
2025-06-15 23:29:24.886773+00:00,39.313921431893924
2025-06-15 23:29:28.545278+00:00,39.30807771565371
2025-06-15 23:29:28.778984+00:00,39.31976499402202
2025-06-15 23:29:29.214563+00:00,39.31976499402202
2025-06-15 23:29:32.028733+00:00,39.31974419458208
2025-06-15 23:29:33.804816+00:00,39.31394229806041
2025-06-15 23:29:38.370215+00:00,39.3022548663917
2025-06-15 23:29:39.234094+00:00,39.319702563496165
2025-06-15 23:29:39.683922+00:00,39.31390055499208
2025-06-15 23:29:40.788042+00:00,39.302275876747345
2025-06-15 23:29:41.965240+00:00,39.31390055499208
2025-06-15 23:29:43.953947+00:00,39.2905879835509
2025-06-15 23:29:44.698067+00:00,39.29063028190707
2025-06-15 23:29:46.228730+00:00,39.296432007206036
2025-06-15 23:29:47.795898+00:00,39.31390055499208
2025-06-15 23:29:51.556939+00:00,39.319702563496165
2025-06-15 23:29:51.759753+00:00,39.290545642252916
2025-06-15 23:29:52.008436+00:00,39.30219177091231
2025-06-15 23:29:52.347379+00:00,39.30221281347418
2025-06-15 23:29:53.766760+00:00,39.290545642252916
2025-06-15 23:29:57.246798+00:00,39.278942082105644
2025-06-15 23:29:58.083754+00:00,39.284743805781204
2025-06-15 23:29:58.941496+00:00,39.2905879835509
2025-06-15 23:29:59.796709+00:00,39.28476503779021
2025-06-15 23:30:00.536788+00:00,39.28476503779021
2025-06-15 23:30:01.070852+00:00,39.284807469601795
2025-06-15 23:30:02.952981+00:00,39.30807771565371
2025-06-15 23:30:07.404793+00:00,39.3022548663917
2025-06-15 23:30:09.962315+00:00,39.31974419458208
2025-06-15 23:30:10.429413+00:00,39.31396315349154
2025-06-15 23:30:10.857669+00:00,39.33141035617566
2025-06-15 23:30:12.258271+00:00,39.33725361089412
2025-06-15 23:30:12.752890+00:00,39.33143101142793
2025-06-15 23:30:13.212686+00:00,39.33719181310902
2025-06-15 23:30:13.615011+00:00,39.31978578272664
2025-06-15 23:30:25.120328+00:00,39.36058452057445
2025-06-15 23:30:25.546340+00:00,39.360564220419406
2025-06-15 23:30:26.096737+00:00,39.36642715967171
2025-06-15 23:30:26.597088+00:00,39.34896008087266
2025-06-15 23:30:27.888104+00:00,39.34898049300726
2025-06-15 23:30:34.069462+00:00,39.39555863756485
2025-06-15 23:30:36.438768+00:00,39.413064602197984
2025-06-15 23:30:37.485611+00:00,39.38973640422236
2025-06-15 23:30:37.932372+00:00,39.4072228086429
2025-06-15 23:30:43.201987+00:00,39.37226964466254
2025-06-15 23:30:43.642710+00:00,39.40720307448365
2025-06-15 23:30:44.242192+00:00,39.40718332958942
2025-06-15 23:30:44.682518+00:00,39.38977626214513
2025-06-15 23:30:46.479822+00:00,39.40724253206717
2025-06-15 23:30:49.682701+00:00,39.37809190777121
2025-06-15 23:30:50.329183+00:00,39.36644737163181
2025-06-15 23:30:50.931966+00:00,39.389756338551265
2025-06-15 23:30:51.353678+00:00,39.37807182925964
2025-06-15 23:30:53.649262+00:00,39.360564220419406
2025-06-15 23:30:54.600024+00:00,39.35480279580417
2025-06-15 23:30:55.884551+00:00,39.36064535662857
2025-06-15 23:30:56.399648+00:00,39.36644737163181
2025-06-15 23:30:57.028841+00:00,39.360625088679015
2025-06-15 23:30:59.528787+00:00,39.36066561384295
2025-06-15 23:31:00.200465+00:00,39.360625088679015
2025-06-15 23:31:02.203859+00:00,39.37230990292864
2025-06-15 23:31:07.454032+00:00,39.37809190777121
2025-06-15 23:31:08.310543+00:00,39.37813203258907
2025-06-15 23:31:14.310809+00:00,39.36058452057445
2025-06-15 23:31:14.598427+00:00,39.35480279580417
2025-06-15 23:31:14.813634+00:00,39.360625088679015
2025-06-15 23:31:16.392470+00:00,39.36058452057445
2025-06-15 23:31:17.584750+00:00,39.33733585764726
2025-06-15 23:31:19.039803+00:00,39.360625088679015
2025-06-15 23:31:19.603670+00:00,39.34313770142841
2025-06-15 23:31:22.189218+00:00,39.35478245039464
2025-06-15 23:31:22.728674+00:00,39.372249499426815
2025-06-15 23:31:24.548873+00:00,39.33729475574121
2025-06-15 23:31:27.882989+00:00,39.36642715967171
2025-06-15 23:31:29.065484+00:00,39.34898049300726
2025-06-15 23:31:31.994916+00:00,39.33729475574121
2025-06-15 23:31:32.857560+00:00,39.33729475574121
2025-06-15 23:31:33.344325+00:00,39.325649813789504
2025-06-15 23:31:33.807322+00:00,39.33147228972661
2025-06-15 23:31:36.382916+00:00,39.3372741886853
2025-06-15 23:31:38.423052+00:00,39.33143101142793
2025-06-15 23:31:39.102654+00:00,39.33143101142793
2025-06-15 23:31:40.177208+00:00,39.34307620043735
2025-06-15 23:31:40.411953+00:00,39.33141035617566
2025-06-15 23:31:41.239652+00:00,39.31976499402202
2025-06-15 23:31:43.594664+00:00,39.31976499402202
2025-06-15 23:31:44.865714+00:00,39.30818232644309
2025-06-15 23:31:46.348708+00:00,39.31396315349154
2025-06-15 23:31:48.114229+00:00,39.3372741886853
2025-06-15 23:31:49.416667+00:00,39.33725361089412
2025-06-15 23:31:49.717657+00:00,39.30816142575597
2025-06-15 23:31:51.682559+00:00,39.31394229806041
2025-06-15 23:31:52.275340+00:00,39.31394229806041
2025-06-15 23:31:53.705715+00:00,39.31394229806041
2025-06-15 23:31:54.898536+00:00,39.30229687636759
2025-06-15 23:31:56.243746+00:00,39.27902716969859
2025-06-15 23:31:58.024066+00:00,39.302275876747345
2025-06-15 23:31:58.876221+00:00,39.31396315349154
2025-06-15 23:31:59.894545+00:00,39.31976499402202
2025-06-15 23:32:01.052716+00:00,39.31398399818732
2025-06-15 23:32:02.969886+00:00,39.33143101142793
2025-06-15 23:32:05.683980+00:00,39.31978578272664
2025-06-15 23:32:07.305600+00:00,39.3372741886853
2025-06-15 23:32:08.325690+00:00,39.325608402038775
2025-06-15 23:32:08.750854+00:00,39.30231786525243
2025-06-15 23:32:09.864597+00:00,39.31394229806041
2025-06-15 23:32:11.351426+00:00,39.30807771565371
2025-06-15 23:32:13.085228+00:00,39.29649520624842
2025-06-15 23:32:13.487161+00:00,39.29063028190707
2025-06-15 23:32:13.670437+00:00,39.3022548663917
2025-06-15 23:32:14.021598+00:00,39.31390055499208
2025-06-15 23:32:14.239496+00:00,39.2905879835509
2025-06-15 23:32:14.790158+00:00,39.28478625906374
2025-06-15 23:32:15.134130+00:00,39.29641091938771
2025-06-15 23:32:15.568532+00:00,39.29056681826963
2025-06-15 23:32:16.158852+00:00,39.296432007206036
2025-06-15 23:32:20.686139+00:00,39.26147315550867
2025-06-15 23:32:21.977644+00:00,39.26147315550867
2025-06-15 23:32:22.414479+00:00,39.278942082105644
2025-06-15 23:32:22.907589+00:00,39.26727470877127
2025-06-15 23:32:23.277417+00:00,39.25565016012859
2025-06-15 23:32:26.446451+00:00,39.24980552244438
2025-06-15 23:32:27.130656+00:00,39.267296140964866
2025-06-15 23:32:27.857021+00:00,39.27309775103202
2025-06-15 23:32:32.775319+00:00,39.26143014692859
2025-06-15 23:32:33.185324+00:00,39.267296140964866
2025-06-15 23:32:35.059118+00:00,39.267296140964866
2025-06-15 23:32:35.277360+00:00,39.25562859447745
2025-06-15 23:32:35.420467+00:00,39.25560701809073
2025-06-15 23:32:36.147419+00:00,39.26721034777717
2025-06-15 23:32:38.376777+00:00,39.25560701809073
2025-06-15 23:32:39.855804+00:00,39.27311911649719
2025-06-15 23:32:41.189429+00:00,39.27892078336866
2025-06-15 23:32:41.990352+00:00,39.25560701809073
2025-06-15 23:32:42.722465+00:00,39.24982715482463
2025-06-15 23:32:43.700877+00:00,39.267296140964866
2025-06-15 23:32:49.123125+00:00,39.27309775103202
2025-06-15 23:32:51.496152+00:00,39.29060913809671
2025-06-15 23:32:52.248729+00:00,39.278942082105644
2025-06-15 23:32:53.955508+00:00,39.267296140964866
2025-06-15 23:32:54.724453+00:00,39.27896337010713
2025-06-15 23:32:55.313725+00:00,39.26145165658641
2025-06-15 23:32:56.016694+00:00,39.24980552244438
2025-06-15 23:32:59.115455+00:00,39.25560701809073
2025-06-15 23:33:02.232296+00:00,39.278942082105644
2025-06-15 23:33:06.566590+00:00,39.27316181522099
2025-06-15 23:33:07.096326+00:00,39.273140471226846
2025-06-15 23:33:07.609237+00:00,39.2905879835509
2025-06-15 23:33:08.156709+00:00,39.26147315550867
2025-06-15 23:33:14.015453+00:00,39.29060913809671
2025-06-15 23:33:14.895882+00:00,39.296432007206036
2025-06-15 23:33:17.084545+00:00,39.308140514333466
2025-06-15 23:33:20.537859+00:00,39.2789846473731
2025-06-15 23:33:21.783054+00:00,39.3081195921756
2025-06-15 23:33:24.197540+00:00,39.296474150636385
2025-06-15 23:33:26.599282+00:00,39.313921431893924
2025-06-15 23:33:28.838569+00:00,39.296432007206036
2025-06-15 23:33:31.825006+00:00,39.32554620389785
2025-06-15 23:33:36.503487+00:00,39.32556694734681
2025-06-15 23:33:37.209451+00:00,39.32558768006044
2025-06-15 23:33:38.830076+00:00,39.33143101142793
2025-06-15 23:33:40.175460+00:00,39.31978578272664
2025-06-15 23:33:42.828421+00:00,39.33723302236769
2025-06-15 23:33:43.794573+00:00,39.325608402038775
2025-06-15 23:33:46.704161+00:00,39.31396315349154
2025-06-15 23:33:48.138824+00:00,39.31978578272664
2025-06-15 23:33:49.637185+00:00,39.33145165594492
2025-06-15 23:33:49.913599+00:00,39.31976499402202
2025-06-15 23:33:50.315437+00:00,39.325608402038775
2025-06-15 23:33:51.080775+00:00,39.33143101142793
2025-06-15 23:33:51.241877+00:00,39.31974419458208
2025-06-15 23:33:53.750079+00:00,39.325608402038775
2025-06-15 23:33:56.430343+00:00,39.33143101142793
2025-06-15 23:33:57.594486+00:00,39.33147228972661
2025-06-15 23:33:59.566587+00:00,39.31398399818732
2025-06-15 23:33:59.807745+00:00,39.31974419458208
2025-06-15 23:34:00.166415+00:00,39.313921431893924
2025-06-15 23:34:00.618644+00:00,39.325608402038775
2025-06-15 23:34:07.931397+00:00,39.33725361089412
2025-06-15 23:34:09.731970+00:00,39.33147228972661
2025-06-15 23:34:10.672734+00:00,39.33143101142793
2025-06-15 23:34:11.986077+00:00,39.31400483214774
2025-06-15 23:34:15.169075+00:00,39.348939658002855
2025-06-15 23:34:16.841312+00:00,39.348939658002855
2025-06-15 23:34:18.332991+00:00,39.34898049300726
2025-06-15 23:34:21.007758+00:00,39.360604809994314
2025-06-15 23:34:24.105791+00:00,39.36064535662857
2025-06-15 23:34:24.414209+00:00,39.36640693697647
2025-06-15 23:34:24.933763+00:00,39.34315818028829
2025-06-15 23:34:25.887769+00:00,39.35480279580417
2025-06-15 23:34:32.423095+00:00,39.34315818028829
2025-06-15 23:34:33.748457+00:00,39.34902128507083
2025-06-15 23:34:37.818297+00:00,39.34305567863652
2025-06-15 23:34:38.395475+00:00,39.33725361089412
2025-06-15 23:34:39.163261+00:00,39.33145165594492
2025-06-15 23:34:39.960046+00:00,39.33725361089412
2025-06-15 23:34:40.845718+00:00,39.325608402038775
2025-06-15 23:34:41.377063+00:00,39.33143101142793
2025-06-15 23:34:44.155277+00:00,39.36640693697647
2025-06-15 23:34:45.261983+00:00,39.348939658002855
2025-06-15 23:34:45.973720+00:00,39.34891922439783
2025-06-15 23:34:49.655167+00:00,39.33729475574121
2025-06-15 23:34:50.086585+00:00,39.35476209424991
2025-06-15 23:34:52.637817+00:00,39.34313770142841
2025-06-15 23:34:53.889967+00:00,39.325670503561916
2025-06-15 23:34:54.499642+00:00,39.34311721183329
2025-06-15 23:34:55.862180+00:00,39.34896008087266
2025-06-15 23:34:56.664712+00:00,39.33731531206187
2025-06-15 23:34:57.141029+00:00,39.33147228972661
2025-06-15 23:34:57.994725+00:00,39.33725361089412
2025-06-15 23:34:58.530252+00:00,39.31982732792988
2025-06-15 23:35:00.129717+00:00,39.33145165594492
2025-06-15 23:35:01.083954+00:00,39.33733585764726
2025-06-15 23:35:01.470193+00:00,39.31982732792988
2025-06-15 23:35:03.237766+00:00,39.33733585764726
2025-06-15 23:35:08.726803+00:00,39.34900089440664
2025-06-15 23:35:10.230700+00:00,39.35478245039464
2025-06-15 23:35:13.203452+00:00,39.36058452057445
2025-06-15 23:35:15.098177+00:00,39.36064535662857
2025-06-15 23:35:17.678990+00:00,39.383914160957815
2025-06-15 23:35:19.671797+00:00,39.37809190777121
2025-06-15 23:35:20.313082+00:00,39.360625088679015
2025-06-15 23:35:25.594385+00:00,39.348939658002855
2025-06-15 23:35:27.591747+00:00,39.360625088679015
2025-06-15 23:35:28.101164+00:00,39.36058452057445
2025-06-15 23:35:32.574168+00:00,39.34896008087266
2025-06-15 23:35:39.296357+00:00,39.3548434544177
2025-06-15 23:35:41.561750+00:00,39.37813203258907
2025-06-15 23:35:44.667957+00:00,39.3664877633466
2025-06-15 23:35:45.167013+00:00,39.37815207889537
2025-06-15 23:35:46.725201+00:00,39.366507943101276
2025-06-15 23:35:55.781456+00:00,39.38393416201039
2025-06-15 23:35:56.157856+00:00,39.4072228086429
2025-06-15 23:35:57.960457+00:00,39.38977626214513
2025-06-15 23:35:58.430260+00:00,39.37809190777121
2025-06-15 23:35:59.666644+00:00,39.372330015959015
2025-06-15 23:36:00.151243+00:00,39.354823130478515
2025-06-15 23:36:01.604636+00:00,39.372330015959015
2025-06-15 23:36:03.753534+00:00,39.39561820817617
2025-06-15 23:36:11.666798+00:00,39.37807182925964
2025-06-15 23:36:14.162553+00:00,39.38393416201039
2025-06-15 23:36:16.296314+00:00,39.37228977916315
2025-06-15 23:36:17.927843+00:00,39.37809190777121
2025-06-15 23:36:23.069258+00:00,39.378051740012964
2025-06-15 23:36:23.805179+00:00,39.34315818028829
2025-06-15 23:36:27.006377+00:00,39.34313770142841
2025-06-15 23:36:27.676555+00:00,39.34898049300726
2025-06-15 23:36:27.874258+00:00,39.36058452057445
2025-06-15 23:36:28.066223+00:00,39.34311721183329
2025-06-15 23:36:29.955465+00:00,39.360604809994314
2025-06-15 23:36:33.465413+00:00,39.35480279580417
2025-06-15 23:36:34.620744+00:00,39.33725361089412
2025-06-15 23:36:35.882678+00:00,39.325608402038775
2025-06-15 23:36:38.949357+00:00,39.30231786525243
2025-06-15 23:36:41.535991+00:00,39.28482866940439
2025-06-15 23:36:44.758423+00:00,39.29649520624842
2025-06-15 23:36:46.586455+00:00,39.29063028190707
2025-06-15 23:36:48.678158+00:00,39.302275876747345
2025-06-15 23:36:49.352291+00:00,39.29645308428892
2025-06-15 23:36:49.726375+00:00,39.30807771565371
2025-06-15 23:36:50.114548+00:00,39.30229687636759
2025-06-15 23:36:50.447860+00:00,39.31390055499208
2025-06-15 23:36:50.639736+00:00,39.313921431893924
2025-06-15 23:36:54.584588+00:00,39.32558768006044
2025-06-15 23:36:57.427494+00:00,39.33725361089412
2025-06-15 23:36:57.825541+00:00,39.31976499402202
2025-06-15 23:36:58.035895+00:00,39.34303514610044
2025-06-15 23:36:59.754715+00:00,39.34309671150294
2025-06-15 23:37:02.121167+00:00,39.31982732792988
2025-06-15 23:37:08.268259+00:00,39.325608402038775
2025-06-15 23:37:09.115422+00:00,39.30818232644309
2025-06-15 23:37:10.369771+00:00,39.31980656069592
2025-06-15 23:37:17.386301+00:00,39.33729475574121
2025-06-15 23:37:19.394186+00:00,39.325670503561916
2025-06-15 23:37:19.610401+00:00,39.34896008087266
2025-06-15 23:37:19.852654+00:00,39.33145165594492
2025-06-15 23:37:20.564820+00:00,39.325649813789504
2025-06-15 23:37:20.815769+00:00,39.325649813789504
2025-06-15 23:37:21.116772+00:00,39.325649813789504
2025-06-15 23:37:21.342139+00:00,39.348939658002855
2025-06-15 23:37:22.719788+00:00,39.325649813789504
2025-06-15 23:37:24.367560+00:00,39.348939658002855
2025-06-15 23:37:25.771000+00:00,39.33733585764726
2025-06-15 23:37:26.126015+00:00,39.35476209424991
2025-06-15 23:37:26.532684+00:00,39.33733585764726
2025-06-15 23:37:27.330544+00:00,39.34898049300726
2025-06-15 23:37:28.295734+00:00,39.36644737163181
2025-06-15 23:37:28.549532+00:00,39.34898049300726
2025-06-15 23:37:28.985224+00:00,39.34900089440664
2025-06-15 23:37:29.392978+00:00,39.34896008087266
2025-06-15 23:37:30.341536+00:00,39.34900089440664
2025-06-15 23:37:34.569063+00:00,39.37230990292864
2025-06-15 23:37:36.651594+00:00,39.3664877633466
2025-06-15 23:37:37.596812+00:00,39.3664877633466
2025-06-15 23:37:39.284770+00:00,39.3839541523279
2025-06-15 23:37:41.959233+00:00,39.38981607712771
2025-06-15 23:37:42.818113+00:00,39.38401405887003
2025-06-15 23:37:43.228991+00:00,39.41310388339618
2025-06-15 23:37:47.409763+00:00,39.39561820817617
2025-06-15 23:37:47.934095+00:00,39.38981607712771
2025-06-15 23:37:48.615481+00:00,39.41310388339618
2025-06-15 23:37:50.743984+00:00,39.38981607712771
2025-06-15 23:37:51.509074+00:00,39.418925810160424
2025-06-15 23:37:51.903302+00:00,39.407262244756474
2025-06-15 23:37:52.136376+00:00,39.413064602197984
2025-06-15 23:37:52.712325+00:00,39.418925810160424
2025-06-15 23:37:54.517923+00:00,39.413123507892855
2025-06-15 23:37:54.986945+00:00,39.38979617500394
2025-06-15 23:37:55.277728+00:00,39.40144023142701
2025-06-15 23:37:55.496671+00:00,39.40142045201477
2025-06-15 23:37:55.803789+00:00,39.38979617500394
2025-06-15 23:37:56.151840+00:00,39.395638043576554
2025-06-15 23:37:56.417739+00:00,39.407262244756474
2025-06-15 23:37:56.665360+00:00,39.41310388339618
2025-06-15 23:37:57.018075+00:00,39.40144023142701
2025-06-15 23:37:57.334069+00:00,39.4072228086429
2025-06-15 23:37:59.176324+00:00,39.407301637930146
2025-06-15 23:37:59.698968+00:00,39.43056963392546
2025-06-15 23:37:59.874800+00:00,39.40728194671079
2025-06-15 23:38:00.158451+00:00,39.40728194671079
2025-06-15 23:38:00.525629+00:00,39.40728194671079
2025-06-15 23:38:04.618592+00:00,39.413123507892855
2025-06-15 23:38:06.730395+00:00,39.43058905825548
2025-06-15 23:38:07.825412+00:00,39.42478669837264
2025-06-15 23:38:08.894095+00:00,39.41900397684781
2025-06-15 23:38:13.631772+00:00,39.44221341800588
2025-06-15 23:38:14.366029+00:00,39.453895466555586
2025-06-15 23:38:15.193417+00:00,39.43060847185062
2025-06-15 23:38:21.213666+00:00,39.37817211446657
2025-06-15 23:38:23.201364+00:00,39.395638043576554
2025-06-15 23:38:24.261312+00:00,39.3664877633466
2025-06-15 23:38:25.717926+00:00,39.34902128507083
2025-06-15 23:38:27.178517+00:00,39.34898049300726
2025-06-15 23:38:28.041637+00:00,39.366548270405254
2025-06-15 23:38:28.499840+00:00,39.34319910580237
2025-06-15 23:38:29.652393+00:00,39.34902128507083
2025-06-15 23:38:32.141993+00:00,39.33733585764726
2025-06-15 23:38:32.626577+00:00,39.34900089440664
2025-06-15 23:38:34.046168+00:00,39.34900089440664
2025-06-15 23:38:37.530009+00:00,39.35480279580417
2025-06-15 23:38:40.055000+00:00,39.366507943101276
2025-06-15 23:38:42.990586+00:00,39.34900089440664
2025-06-15 23:38:43.208594+00:00,39.35480279580417
2025-06-15 23:38:43.958407+00:00,39.32569118259902
2025-06-15 23:38:50.000198+00:00,39.35480279580417
2025-06-15 23:38:50.290831+00:00,39.37226964466254
2025-06-15 23:38:50.493391+00:00,39.36644737163181
2025-06-15 23:38:52.873376+00:00,39.34898049300726
2025-06-15 23:38:54.954792+00:00,39.34896008087266
2025-06-15 23:38:55.666227+00:00,39.34313770142841
2025-06-15 23:38:57.283405+00:00,39.33733585764726
2025-06-15 23:39:04.332882+00:00,39.33729475574121
2025-06-15 23:39:04.750083+00:00,39.33729475574121
2025-06-15 23:39:05.696363+00:00,39.34315818028829
2025-06-15 23:39:07.227085+00:00,39.33733585764726
2025-06-15 23:39:10.432718+00:00,39.337356392497405
2025-06-15 23:39:10.994782+00:00,39.360625088679015
2025-06-15 23:39:12.682986+00:00,39.34319910580237
2025-06-15 23:39:14.235593+00:00,39.33733585764726
2025-06-15 23:39:16.532472+00:00,39.33731531206187
2025-06-15 23:39:19.859210+00:00,39.3373769166123
2025-06-15 23:39:20.676653+00:00,39.34900089440664
2025-06-15 23:39:20.840714+00:00,39.3373769166123
2025-06-15 23:39:22.642833+00:00,39.33155471750062
2025-06-15 23:39:22.901024+00:00,39.34315818028829
2025-06-15 23:39:25.064266+00:00,39.34898049300726
2025-06-15 23:39:25.249551+00:00,39.34319910580237
2025-06-15 23:39:25.473200+00:00,39.32573250846734
2025-06-15 23:39:25.975981+00:00,39.32573250846734
2025-06-15 23:39:26.786830+00:00,39.34902128507083
2025-06-15 23:39:28.592374+00:00,39.34900089440664
2025-06-15 23:39:30.731194+00:00,39.34902128507083
2025-06-15 23:39:32.286336+00:00,39.36066561384295
2025-06-15 23:39:33.749525+00:00,39.360625088679015
2025-06-15 23:39:35.014834+00:00,39.34902128507083
2025-06-15 23:39:36.007069+00:00,39.34898049300726
2025-06-15 23:39:36.834349+00:00,39.35480279580417
2025-06-15 23:39:39.344479+00:00,39.34900089440664
2025-06-15 23:39:41.969061+00:00,39.366507943101276
2025-06-15 23:39:51.582698+00:00,39.360726321075134
2025-06-15 23:39:53.641510+00:00,39.360726321075134
2025-06-15 23:39:55.265161+00:00,39.372370209814434
2025-06-15 23:39:55.783147+00:00,39.37239029063948
2025-06-15 23:39:58.006357+00:00,39.384053942889466
2025-06-15 23:39:58.490793+00:00,39.366548270405254
2025-06-15 23:39:59.732586+00:00,39.384034006247276
2025-06-15 23:40:01.930668+00:00,39.384034006247276
2025-06-15 23:40:04.072513+00:00,39.384053942889466
2025-06-15 23:40:08.580846+00:00,39.41314312165459
2025-06-15 23:40:10.648847+00:00,39.389835968516444
2025-06-15 23:40:16.796623+00:00,39.42480616795485
2025-06-15 23:40:19.118291+00:00,39.41318231697321
2025-06-15 23:40:24.238516+00:00,39.40738029545785
2025-06-15 23:40:27.804325+00:00,39.41316272468137
2025-06-15 23:40:32.383166+00:00,39.45395284227552
2025-06-15 23:40:35.347951+00:00,39.41902349168236
2025-06-15 23:40:39.850964+00:00,39.44230976509119
2025-06-15 23:40:41.147237+00:00,39.436488211619
2025-06-15 23:40:44.573291+00:00,39.4306666482268
2025-06-15 23:40:47.657013+00:00,39.45395284227552
2025-06-15 23:40:51.680900+00:00,39.45393372777032
2025-06-15 23:40:52.130127+00:00,39.41900397684781
2025-06-15 23:40:52.838304+00:00,39.43064726683628
2025-06-15 23:40:53.672068+00:00,39.43646889695015
2025-06-15 23:40:56.278598+00:00,39.41318231697321
2025-06-15 23:40:57.167638+00:00,39.41900397684781
2025-06-15 23:40:57.911756+00:00,39.4306666482268
2025-06-15 23:40:59.854663+00:00,39.4306666482268
2025-06-15 23:41:05.581384+00:00,39.41900397684781
2025-06-15 23:41:06.254848+00:00,39.41900397684781
2025-06-15 23:41:06.779795+00:00,39.40155868246558
2025-06-15 23:41:07.655816+00:00,39.42482562680217
2025-06-15 23:41:11.218708+00:00,39.40736064717838
2025-06-15 23:41:13.414112+00:00,39.43074406644019
2025-06-15 23:41:14.647984+00:00,39.44816963889133
2025-06-15 23:41:20.541045+00:00,39.43068601888245
2025-06-15 23:41:22.145782+00:00,39.430724727989144
2025-06-15 23:41:22.440070+00:00,39.4306666482268
2025-06-15 23:41:22.982544+00:00,39.442329002303765
2025-06-15 23:41:23.408467+00:00,39.436507515553
2025-06-15 23:41:23.939327+00:00,39.44230976509119
2025-06-15 23:41:26.946147+00:00,39.424845074914586
2025-06-15 23:41:27.937790+00:00,39.41900397684781
2025-06-15 23:41:28.205710+00:00,39.41900397684781
2025-06-15 23:41:29.964381+00:00,39.43644957154646
2025-06-15 23:41:31.837468+00:00,39.42482562680217
2025-06-15 23:41:32.312441+00:00,39.44227125846156
2025-06-15 23:41:34.225591+00:00,39.41902349168236
2025-06-15 23:41:34.753453+00:00,39.43068601888245
2025-06-15 23:41:35.087712+00:00,39.42482562680217
2025-06-15 23:41:35.437274+00:00,39.43068601888245
2025-06-15 23:41:35.637933+00:00,39.4306666482268
2025-06-15 23:41:35.845875+00:00,39.43064726683628
2025-06-15 23:41:36.389565+00:00,39.42486451229211
2025-06-15 23:41:37.483947+00:00,39.43646889695015
2025-06-15 23:41:37.860704+00:00,39.42480616795485
2025-06-15 23:41:38.035221+00:00,39.4364108885345
2025-06-15 23:41:38.278086+00:00,39.43060847185062
2025-06-15 23:41:38.597338+00:00,39.43062787471089
2025-06-15 23:41:38.914021+00:00,39.40734098816394
2025-06-15 23:41:39.154451+00:00,39.42476721805552
2025-06-15 23:41:39.506125+00:00,39.418925810160424
2025-06-15 23:41:39.892336+00:00,39.407321318414525
2025-06-15 23:41:40.165662+00:00,39.43062787471089
2025-06-15 23:41:40.384016+00:00,39.42480616795485
2025-06-15 23:41:40.877361+00:00,39.418945367934654
2025-06-15 23:41:41.452405+00:00,39.43064726683628
2025-06-15 23:41:43.196655+00:00,39.40734098816394
2025-06-15 23:41:43.408670+00:00,39.41896491497396
2025-06-15 23:41:44.360675+00:00,39.3956776821723
2025-06-15 23:41:44.971263+00:00,39.41896491497396
2025-06-15 23:41:50.122228+00:00,39.389835968516444
2025-06-15 23:41:54.265779+00:00,39.3956776821723
2025-06-15 23:41:54.546813+00:00,39.40736064717838
2025-06-15 23:41:55.092990+00:00,39.40151924172602
2025-06-15 23:41:56.071256+00:00,39.3956776821723
2025-06-15 23:41:58.593525+00:00,39.40734098816394
2025-06-15 23:41:59.815501+00:00,39.41900397684781
2025-06-15 23:42:06.221684+00:00,39.41898445127835
2025-06-15 23:42:06.805954+00:00,39.40734098816394
2025-06-15 23:42:09.970484+00:00,39.38989557827241
2025-06-15 23:42:11.885547+00:00,39.40734098816394
2025-06-15 23:42:17.614232+00:00,39.41898445127835
2025-06-15 23:42:19.075378+00:00,39.424845074914586
2025-06-15 23:42:22.433294+00:00,39.442329002303765
2025-06-15 23:42:25.693460+00:00,39.436507515553
2025-06-15 23:42:26.111926+00:00,39.44230976509119
2025-06-15 23:42:26.444960+00:00,39.44229051714379
2025-06-15 23:42:27.490025+00:00,39.44230976509119
2025-06-15 23:42:28.354059+00:00,39.44234822878152
2025-06-15 23:42:29.375051+00:00,39.43068601888245
2025-06-15 23:42:31.675269+00:00,39.419042995781986
2025-06-15 23:42:32.258973+00:00,39.4132410294391
2025-06-15 23:42:32.625547+00:00,39.395776590798924
2025-06-15 23:42:37.088821+00:00,39.42486451229211
2025-06-15 23:42:37.430887+00:00,39.41902349168236
2025-06-15 23:42:40.358676+00:00,39.38989557827241
2025-06-15 23:42:41.691083+00:00,39.39573705955329
2025-06-15 23:42:41.985125+00:00,39.39569748536764
2025-06-15 23:42:42.182480+00:00,39.39571727782797
2025-06-15 23:42:43.612720+00:00,39.38989557827241
2025-06-15 23:42:47.315188+00:00,39.3840738687966
2025-06-15 23:42:50.394894+00:00,39.37825214940056
2025-06-15 23:42:50.795749+00:00,39.38989557827241
2025-06-15 23:42:52.042531+00:00,39.38991542672099
2025-06-15 23:42:54.382287+00:00,39.3607667388875
2025-06-15 23:42:56.639032+00:00,39.349143403616694
2025-06-15 23:42:57.992728+00:00,39.35494491308584
2025-06-15 23:42:58.869458+00:00,39.35494491308584
2025-06-15 23:43:00.822787+00:00,39.38401405887003
2025-06-15 23:43:03.104417+00:00,39.36660868084773
2025-06-15 23:43:07.513587+00:00,39.39569748536764
2025-06-15 23:43:12.250075+00:00,39.384034006247276
2025-06-15 23:43:13.339660+00:00,39.36078693169096
2025-06-15 23:43:14.195037+00:00,39.36656841795454
2025-06-15 23:43:15.252891+00:00,39.360726321075134
2025-06-15 23:43:20.522943+00:00,39.366507943101276
2025-06-15 23:43:22.361732+00:00,39.37815207889537
2025-06-15 23:43:23.765413+00:00,39.384034006247276
2025-06-15 23:43:24.115088+00:00,39.38399410075772
2025-06-15 23:43:24.400479+00:00,39.36652811212083
2025-06-15 23:43:24.733741+00:00,39.38399410075772
2025-06-15 23:43:25.556810+00:00,39.37819213930269
2025-06-15 23:43:26.181039+00:00,39.395638043576554
2025-06-15 23:43:26.822559+00:00,39.372350118254275
2025-06-15 23:43:28.594010+00:00,39.39565786824193
2025-06-15 23:43:30.563744+00:00,39.395638043576554
2025-06-15 23:43:31.851488+00:00,39.37819213930269
2025-06-15 23:43:33.675900+00:00,39.37239029063948
2025-06-15 23:43:35.401499+00:00,39.384034006247276
2025-06-15 23:43:37.523289+00:00,39.389835968516444
2025-06-15 23:43:37.772740+00:00,39.407301637930146
2025-06-15 23:43:38.132883+00:00,39.37823215676968
2025-06-15 23:43:38.484988+00:00,39.384034006247276
2025-06-15 23:43:41.340033+00:00,39.40151924172602
2025-06-15 23:43:42.016648+00:00,39.384034006247276
2025-06-15 23:43:43.222201+00:00,39.384034006247276
2025-06-15 23:43:44.398564+00:00,39.3840738687966
2025-06-15 23:43:44.640462+00:00,39.407301637930146
2025-06-15 23:43:45.574516+00:00,39.3840738687966
2025-06-15 23:43:48.075793+00:00,39.3956776821723
2025-06-15 23:43:49.825949+00:00,39.39569748536764
2025-06-15 23:43:52.381926+00:00,39.407301637930146
2025-06-15 23:43:53.915014+00:00,39.372370209814434
2025-06-15 23:43:55.603576+00:00,39.3607667388875
2025-06-15 23:43:57.885707+00:00,39.372370209814434
2025-06-15 23:43:58.288660+00:00,39.372350118254275
2025-06-15 23:44:00.638209+00:00,39.372350118254275
2025-06-15 23:44:01.785581+00:00,39.36070609606623
2025-06-15 23:44:02.555039+00:00,39.354884070090485
2025-06-15 23:44:05.654796+00:00,39.33741793263632
2025-06-15 23:44:06.229556+00:00,39.34906203419359
2025-06-15 23:44:07.891776+00:00,39.32575315529855
2025-06-15 23:44:14.389503+00:00,39.32571185090083
2025-06-15 23:44:20.496748+00:00,39.31406726961692
2025-06-15 23:44:20.746702+00:00,39.30822409561121
2025-06-15 23:44:22.138394+00:00,39.29077798798712
2025-06-15 23:44:26.352011+00:00,39.284934507385294
2025-06-15 23:44:26.663544+00:00,39.30820321639484
2025-06-15 23:44:26.952184+00:00,39.28487103680314
2025-06-15 23:44:27.180362+00:00,39.28476503779021
2025-06-15 23:44:28.372305+00:00,39.29069364892546
2025-06-15 23:44:28.809479+00:00,39.27324708384236
2025-06-15 23:44:30.240527+00:00,39.2674245086801
2025-06-15 23:44:33.535187+00:00,39.27324708384236
2025-06-15 23:44:34.970353+00:00,39.302359810815915
2025-06-15 23:44:36.613350+00:00,39.279112085523664
2025-06-15 23:44:39.489506+00:00,39.29071474979404
2025-06-15 23:44:40.861267+00:00,39.27326837415891
2025-06-15 23:44:42.812330+00:00,39.279069649082096
2025-06-15 23:44:44.079902+00:00,39.29653728526623
2025-06-15 23:44:45.695247+00:00,39.279069649082096
2025-06-15 23:44:46.055419+00:00,39.302401713437824
2025-06-15 23:44:51.292353+00:00,39.29655830867201
2025-06-15 23:44:54.663237+00:00,39.2791544790233
2025-06-15 23:44:56.592567+00:00,39.290735839927166
2025-06-15 23:44:58.492496+00:00,39.284934507385294
2025-06-15 23:45:05.139362+00:00,39.29075691932486
2025-06-15 23:45:05.524105+00:00,39.29657932134237
2025-06-15 23:45:08.314283+00:00,39.290735839927166
2025-06-15 23:45:12.431044+00:00,39.29655830867201
2025-06-15 23:45:12.897317+00:00,39.27326837415891
2025-06-15 23:45:13.462565+00:00,39.290735839927166
2025-06-15 23:45:14.704271+00:00,39.29071474979404
2025-06-15 23:45:15.194124+00:00,39.284807469601795
2025-06-15 23:45:16.568352+00:00,39.302401713437824
2025-06-15 23:45:21.175896+00:00,39.32573250846734
2025-06-15 23:45:22.977867+00:00,39.30822409561121
2025-06-15 23:45:24.583232+00:00,39.31995170589181
2025-06-15 23:45:28.280801+00:00,39.31408806063596
2025-06-15 23:45:29.652274+00:00,39.308307505123054
2025-06-15 23:45:31.288955+00:00,39.32573250846734
2025-06-15 23:45:33.988481+00:00,39.34906203419359
2025-06-15 23:45:35.214132+00:00,39.34323998837552
2025-06-15 23:45:37.904913+00:00,39.32577379139447
2025-06-15 23:45:40.830906+00:00,39.33741793263632
2025-06-15 23:45:41.764949+00:00,39.325794416755095
2025-06-15 23:45:44.061308+00:00,39.33161642561075
2025-06-15 23:45:46.943880+00:00,39.366548270405254
2025-06-15 23:45:49.774936+00:00,39.35492464282256
2025-06-15 23:45:50.417421+00:00,39.3607465353489
2025-06-15 23:45:50.745228+00:00,39.35492464282256
2025-06-15 23:45:51.253734+00:00,39.3491230773637
2025-06-15 23:45:52.564473+00:00,39.360726321075134
2025-06-15 23:45:52.990133+00:00,39.35492464282256
2025-06-15 23:45:53.834809+00:00,39.3607667388875
2025-06-15 23:45:54.593815+00:00,39.372430420084264
2025-06-15 23:45:55.806143+00:00,39.3607667388875
2025-06-15 23:45:59.976022+00:00,39.38987571908879
2025-06-15 23:46:01.136888+00:00,39.3840738687966
2025-06-15 23:46:08.023185+00:00,39.33739742999193
2025-06-15 23:46:08.832681+00:00,39.34908239265215
2025-06-15 23:46:09.571251+00:00,39.34910274037553
2025-06-15 23:46:09.942203+00:00,39.34326041355928
2025-06-15 23:46:12.010883+00:00,39.349143403616694
2025-06-15 23:46:16.691751+00:00,39.360726321075134
2025-06-15 23:46:18.361254+00:00,39.35492464282256
2025-06-15 23:46:19.711373+00:00,39.34910274037553
2025-06-15 23:46:20.399654+00:00,39.36662879619164
2025-06-15 23:46:21.227953+00:00,39.360726321075134
2025-06-15 23:46:22.169070+00:00,39.3607465353489
2025-06-15 23:46:23.918062+00:00,39.360726321075134
2025-06-15 23:46:24.302231+00:00,39.33745890571937
2025-06-15 23:46:25.620905+00:00,39.360726321075134
2025-06-15 23:46:27.211497+00:00,39.32581503138044
2025-06-15 23:46:28.093746+00:00,39.360726321075134
2025-06-15 23:46:28.985749+00:00,39.354965172613944
2025-06-15 23:46:29.262767+00:00,39.34906203419359
2025-06-15 23:46:29.545655+00:00,39.3491230773637
2025-06-15 23:46:29.803141+00:00,39.34906203419359
2025-06-15 23:46:30.150195+00:00,39.34910274037553
2025-06-15 23:46:30.545595+00:00,39.366507943101276
2025-06-15 23:46:31.041772+00:00,39.3491230773637
2025-06-15 23:46:31.419483+00:00,39.360726321075134
2025-06-15 23:46:31.869441+00:00,39.34906203419359
2025-06-15 23:46:32.337751+00:00,39.354884070090485
2025-06-15 23:46:32.703022+00:00,39.3432808280078
2025-06-15 23:46:33.063494+00:00,39.34906203419359
2025-06-15 23:46:33.443566+00:00,39.34904166499981
2025-06-15 23:46:34.142574+00:00,39.360726321075134
2025-06-15 23:46:34.445044+00:00,39.37817211446657
2025-06-15 23:46:34.784546+00:00,39.349143403616694
2025-06-15 23:46:35.036402+00:00,39.372350118254275
2025-06-15 23:46:35.276069+00:00,39.34908239265215
2025-06-15 23:46:35.553477+00:00,39.354884070090485
2025-06-15 23:46:35.827871+00:00,39.33743842454547
2025-06-15 23:46:36.096886+00:00,39.36656841795454
2025-06-15 23:46:36.376356+00:00,39.354884070090485
2025-06-15 23:46:36.639941+00:00,39.360726321075134
2025-06-15 23:46:37.007697+00:00,39.3607667388875
2025-06-15 23:46:40.333271+00:00,39.36078693169096
2025-06-15 23:46:42.053596+00:00,39.36656841795454
2025-06-15 23:46:42.353288+00:00,39.37241036072943
2025-06-15 23:46:42.762185+00:00,39.366548270405254
2025-06-15 23:46:45.737364+00:00,39.38991542672099
2025-06-15 23:46:47.375928+00:00,39.37827213129634
2025-06-15 23:46:48.824896+00:00,39.37825214940056
2025-06-15 23:46:51.129756+00:00,39.36662879619164
2025-06-15 23:46:52.069136+00:00,39.37823215676968
2025-06-15 23:46:52.366577+00:00,39.3841136884057
2025-06-15 23:46:53.518404+00:00,39.3840738687966
2025-06-15 23:46:54.041040+00:00,39.3665885547687
2025-06-15 23:46:54.337464+00:00,39.39571727782797
2025-06-15 23:46:57.427130+00:00,39.407399933002374
2025-06-15 23:46:59.199249+00:00,39.4306666482268
2025-06-15 23:47:01.236290+00:00,39.43068601888245
2025-06-15 23:47:09.386111+00:00,39.436526808752156
2025-06-15 23:47:09.770203+00:00,39.44234822878152
2025-06-15 23:47:10.440590+00:00,39.42488393893475
2025-06-15 23:47:10.921430+00:00,39.43070537880323
2025-06-15 23:47:11.311818+00:00,39.43068601888245
2025-06-15 23:47:11.792818+00:00,39.419042995781986
2025-06-15 23:47:12.243215+00:00,39.407399933002374
2025-06-15 23:47:12.830993+00:00,39.43068601888245
2025-06-15 23:47:13.262855+00:00,39.442329002303765
2025-06-15 23:47:13.772398+00:00,39.42486451229211
2025-06-15 23:47:14.420551+00:00,39.436526808752156
2025-06-15 23:47:17.717408+00:00,39.44236744452445
2025-06-15 23:47:22.075131+00:00,39.44234822878152
2025-06-15 23:47:23.006721+00:00,39.44818878791311
2025-06-15 23:47:23.426807+00:00,39.44818878791311
2025-06-15 23:47:26.126990+00:00,39.44236744452445
2025-06-15 23:47:28.291190+00:00,39.43074406644019
2025-06-15 23:47:29.577543+00:00,39.442386649532565
2025-06-15 23:47:30.796566+00:00,39.44818878791311
2025-06-15 23:47:32.019914+00:00,39.4482079262001
2025-06-15 23:47:36.393771+00:00,39.454067303876386
2025-06-15 23:47:38.816394+00:00,39.45402919294852
2025-06-15 23:47:40.136472+00:00,39.45988842726444
2025-06-15 23:47:40.985005+00:00,39.45404825377984
2025-06-15 23:47:43.953207+00:00,39.45988842726444
2025-06-15 23:47:44.464290+00:00,39.465690624078306
2025-06-15 23:47:47.306916+00:00,39.454067303876386
2025-06-15 23:47:48.213990+00:00,39.46565275856309
2025-06-15 23:47:49.360512+00:00,39.46565275856309
2025-06-15 23:47:50.477241+00:00,39.43074406644019
2025-06-15 23:47:52.203243+00:00,39.44822705375229
2025-06-15 23:47:53.491357+00:00,39.43656536294593
2025-06-15 23:47:54.857300+00:00,39.442405843805865
2025-06-15 23:47:59.108578+00:00,39.42488393893475
2025-06-15 23:48:06.151406+00:00,39.4132410294391
2025-06-15 23:48:10.664354+00:00,39.40741955981193
2025-06-15 23:48:13.507935+00:00,39.4306666482268
2025-06-15 23:48:13.942368+00:00,39.4306666482268
2025-06-15 23:48:14.507613+00:00,39.43070537880323
2025-06-15 23:48:16.972582+00:00,39.39573705955329
2025-06-15 23:48:17.603846+00:00,39.43068601888245
2025-06-15 23:48:17.990104+00:00,39.413201898530104
2025-06-15 23:48:20.484347+00:00,39.407399933002374
2025-06-15 23:48:22.866673+00:00,39.41322146935207
2025-06-15 23:48:23.919527+00:00,39.442329002303765
2025-06-15 23:48:24.983929+00:00,39.436546091216464
2025-06-15 23:48:26.716946+00:00,39.44816963889133
2025-06-15 23:48:27.394690+00:00,39.430724727989144
2025-06-15 23:48:39.972619+00:00,39.372430420084264
2025-06-15 23:48:40.257550+00:00,39.3607667388875
2025-06-15 23:48:41.307978+00:00,39.35492464282256
2025-06-15 23:48:42.612822+00:00,39.33745890571937
2025-06-15 23:48:45.715930+00:00,39.33163697351026
2025-06-15 23:48:46.096637+00:00,39.34910274037553
2025-06-15 23:48:48.851522+00:00,39.3607667388875
2025-06-15 23:48:51.828031+00:00,39.354965172613944
2025-06-15 23:48:52.143928+00:00,39.36656841795454
2025-06-15 23:48:52.585893+00:00,39.33745890571937
2025-06-15 23:48:52.891431+00:00,39.35492464282256
2025-06-15 23:48:53.648937+00:00,39.35492464282256
2025-06-15 23:48:54.099045+00:00,39.35494491308584
2025-06-15 23:48:57.849085+00:00,39.3607667388875
2025-06-15 23:49:03.420758+00:00,39.3665885547687
2025-06-15 23:49:04.439433+00:00,39.3491230773637
2025-06-15 23:49:05.842819+00:00,39.3607667388875
2025-06-15 23:49:16.515214+00:00,39.349184023917076
2025-06-15 23:49:23.013747+00:00,39.360807113759265
2025-06-15 23:49:25.835626+00:00,39.39573705955329
2025-06-15 23:49:27.916162+00:00,39.36662879619164
2025-06-15 23:49:29.988316+00:00,39.3841136884057
2025-06-15 23:49:31.002572+00:00,39.37821215340373
2025-06-15 23:49:32.620123+00:00,39.37247050658865
2025-06-15 23:49:32.999408+00:00,39.37241036072943
2025-06-15 23:49:33.939387+00:00,39.36078693169096
2025-06-15 23:49:35.406457+00:00,39.372450468704
2025-06-15 23:49:36.523772+00:00,39.354965172613944
2025-06-15 23:49:39.126600+00:00,39.36660868084773
2025-06-15 23:49:40.346201+00:00,39.349163719134474
2025-06-15 23:49:41.491441+00:00,39.38409378396868
2025-06-15 23:49:42.642482+00:00,39.37825214940056
2025-06-15 23:49:45.720718+00:00,39.372430420084264
2025-06-15 23:49:47.320528+00:00,39.349143403616694
2025-06-15 23:49:49.950123+00:00,39.35492464282256
2025-06-15 23:49:50.605975+00:00,39.37239029063948
2025-06-15 23:49:50.965686+00:00,39.35490436182411
2025-06-15 23:49:52.206707+00:00,39.34910274037553
2025-06-15 23:49:53.623907+00:00,39.34908239265215
2025-06-15 23:49:56.342082+00:00,39.33745890571937
2025-06-15 23:49:57.786903+00:00,39.331595866975974
2025-06-15 23:50:01.424136+00:00,39.29666326466969
2025-06-15 23:50:07.094122+00:00,39.32581503138044
2025-06-15 23:50:09.549963+00:00,39.33745890571937
2025-06-15 23:50:11.863793+00:00,39.35490436182411
2025-06-15 23:50:14.274802+00:00,39.3607667388875
2025-06-15 23:50:15.150067+00:00,39.34330123172111
2025-06-15 23:50:20.449923+00:00,39.38401405887003
2025-06-15 23:50:25.140411+00:00,39.34910274037553
2025-06-15 23:50:26.363822+00:00,39.349143403616694
2025-06-15 23:50:29.676816+00:00,39.33749983586145
2025-06-15 23:50:30.200271+00:00,39.35498542140687
2025-06-15 23:50:33.920451+00:00,39.37247050658865
2025-06-15 23:50:35.203924+00:00,39.37247050658865
2025-06-15 23:50:38.149286+00:00,39.35498542140687
2025-06-15 23:50:42.655194+00:00,39.38991542672099
2025-06-15 23:50:44.242072+00:00,39.395776590798924
2025-06-15 23:50:52.730377+00:00,39.44236744452445
2025-06-15 23:50:55.283587+00:00,39.436546091216464
2025-06-15 23:50:56.112940+00:00,39.442386649532565
2025-06-15 23:50:57.915104+00:00,39.419101443671394
2025-06-15 23:51:02.747256+00:00,39.38995509141308
2025-06-15 23:51:03.097214+00:00,39.4015980802652
2025-06-15 23:51:08.220405+00:00,39.36078693169096
2025-06-15 23:51:11.844401+00:00,39.372430420084264
2025-06-15 23:51:13.365918+00:00,39.372430420084264
2025-06-15 23:51:14.170498+00:00,39.372430420084264
2025-06-15 23:51:15.530733+00:00,39.3840738687966
2025-06-15 23:51:19.167121+00:00,39.38409378396868
2025-06-15 23:51:21.721098+00:00,39.38991542672099
2025-06-15 23:51:22.012113+00:00,39.38987571908879
2025-06-15 23:51:22.517646+00:00,39.38987571908879
2025-06-15 23:51:22.877066+00:00,39.38409378396868
2025-06-15 23:51:23.569467+00:00,39.40741955981193
2025-06-15 23:51:26.663088+00:00,39.40155868246558
2025-06-15 23:51:28.458558+00:00,39.4132410294391
2025-06-15 23:51:30.164071+00:00,39.407399933002374
2025-06-15 23:51:31.405574+00:00,39.413201898530104
2025-06-15 23:51:34.721310+00:00,39.41326057879118
2025-06-15 23:51:36.005276+00:00,39.430724727989144
2025-06-15 23:51:37.779980+00:00,39.40745878122617
2025-06-15 23:51:39.738856+00:00,39.43656536294593
2025-06-15 23:51:41.665534+00:00,39.442405843805865
2025-06-15 23:51:42.582534+00:00,39.442386649532565
2025-06-15 23:51:43.980090+00:00,39.42490335484249
2025-06-15 23:51:46.205334+00:00,39.4190819717765
2025-06-15 23:51:47.104147+00:00,39.4190819717765
2025-06-15 23:51:50.320891+00:00,39.43070537880323
2025-06-15 23:51:51.640654+00:00,39.44236744452445
2025-06-15 23:51:53.127361+00:00,39.442386649532565
2025-06-15 23:51:54.528347+00:00,39.459869443888515
2025-06-15 23:51:55.792990+00:00,39.44236744452445
2025-06-15 23:51:56.811578+00:00,39.442405843805865
2025-06-15 23:51:57.129008+00:00,39.45401012138243
2025-06-15 23:51:57.422718+00:00,39.45402919294852
2025-06-15 23:52:00.351097+00:00,39.45401012138243
2025-06-15 23:52:01.821693+00:00,39.459926361812045
2025-06-15 23:52:02.172723+00:00,39.4482079262001
2025-06-15 23:52:02.629057+00:00,39.45401012138243
2025-06-15 23:52:06.139593+00:00,39.48313537790406
2025-06-15 23:52:06.530033+00:00,39.47735173791666
2025-06-15 23:52:07.919744+00:00,39.47731416075117
2025-06-15 23:52:11.653595+00:00,39.44236744452445
2025-06-15 23:52:13.531288+00:00,39.42490335484249
2025-06-15 23:52:14.577532+00:00,39.41326057879118
2025-06-15 23:52:14.874614+00:00,39.39575683054361
2025-06-15 23:52:20.653099+00:00,39.41900397684781
2025-06-15 23:52:26.252439+00:00,39.384053942889466
2025-06-15 23:52:26.484655+00:00,39.40736064717838
2025-06-15 23:52:26.853428+00:00,39.40736064717838
2025-06-15 23:52:27.178453+00:00,39.40736064717838
2025-06-15 23:52:27.469665+00:00,39.39573705955329
2025-06-15 23:52:28.123191+00:00,39.41316272468137
2025-06-15 23:52:28.379000+00:00,39.39571727782797
2025-06-15 23:52:28.648204+00:00,39.41318231697321
2025-06-15 23:52:28.924417+00:00,39.40738029545785
2025-06-15 23:52:29.189082+00:00,39.41900397684781
2025-06-15 23:52:33.375413+00:00,39.39571727782797
2025-06-15 23:52:36.587003+00:00,39.37241036072943
2025-06-15 23:52:37.211187+00:00,39.37241036072943
2025-06-15 23:52:38.263683+00:00,39.36660868084773
2025-06-15 23:52:40.133394+00:00,39.354965172613944
2025-06-15 23:52:41.856527+00:00,39.34332162469919
2025-06-15 23:52:42.520438+00:00,39.35498542140687
2025-06-15 23:52:43.718134+00:00,39.3491230773637
2025-06-15 23:52:44.244495+00:00,39.3607667388875
2025-06-15 23:52:47.593686+00:00,39.34910274037553
2025-06-15 23:52:50.260227+00:00,39.331657510674496
2025-06-15 23:52:50.768171+00:00,39.3607667388875
2025-06-15 23:52:53.140365+00:00,39.36660868084773
2025-06-15 23:52:53.494963+00:00,39.360807113759265
2025-06-15 23:52:54.619221+00:00,39.36078693169096
2025-06-15 23:52:59.763363+00:00,39.38409378396868
2025-06-15 23:53:00.791358+00:00,39.37827213129634
2025-06-15 23:53:02.104321+00:00,39.372450468704
2025-06-15 23:53:05.428201+00:00,39.39575683054361
2025-06-15 23:53:07.284853+00:00,39.413201898530104
2025-06-15 23:53:07.677086+00:00,39.39575683054361
2025-06-15 23:53:08.968695+00:00,39.37827213129634
2025-06-15 23:53:10.321672+00:00,39.39573705955329
2025-06-15 23:53:14.782285+00:00,39.442329002303765
2025-06-15 23:53:18.481663+00:00,39.45401012138243
2025-06-15 23:53:19.175579+00:00,39.45401012138243
2025-06-15 23:53:19.853040+00:00,39.465671696688055
2025-06-15 23:53:20.513836+00:00,39.44818878791311
2025-06-15 23:53:22.462595+00:00,39.44236744452445
2025-06-15 23:53:24.343449+00:00,39.465671696688055
2025-06-15 23:53:27.378097+00:00,39.459869443888515
2025-06-15 23:53:27.690514+00:00,39.45404825377984
2025-06-15 23:53:27.966969+00:00,39.44244420014801
2025-06-15 23:53:28.373552+00:00,39.44822705375229
2025-06-15 23:53:30.759430+00:00,39.465709540733826
2025-06-15 23:53:32.671941+00:00,39.47154948348522
2025-06-15 23:53:34.248506+00:00,39.48901253446646
2025-06-15 23:53:34.584733+00:00,39.48315410513441
2025-06-15 23:53:34.866539+00:00,39.47737051039739
2025-06-15 23:53:35.700521+00:00,39.47154948348522
2025-06-15 23:53:42.425718+00:00,39.483210222417526
2025-06-15 23:53:44.407489+00:00,39.48899389542489
2025-06-15 23:53:45.072801+00:00,39.51224131488197
2025-06-15 23:53:45.510495+00:00,39.494796376244096
2025-06-15 23:53:45.910371+00:00,39.48899389542489
2025-06-15 23:53:49.234531+00:00,39.49483353162336
2025-06-15 23:53:51.605569+00:00,39.47737051039739
2025-06-15 23:53:53.118272+00:00,39.459926361812045
2025-06-15 23:53:54.727860+00:00,39.45408634323817
2025-06-15 23:53:56.202774+00:00,39.47737051039739
2025-06-15 23:53:57.693707+00:00,39.46572844665462
2025-06-15 23:53:59.256172+00:00,39.44824617056969
2025-06-15 23:54:00.976541+00:00,39.46572844665462
2025-06-15 23:54:01.370010+00:00,39.46574734184071
2025-06-15 23:54:03.668368+00:00,39.448284372000124
2025-06-15 23:54:06.999110+00:00,39.44242502734434
2025-06-15 23:54:12.200311+00:00,39.44822705375229
2025-06-15 23:54:13.415227+00:00,39.42494215445331
2025-06-15 23:54:15.717680+00:00,39.419101443671394
2025-06-15 23:54:16.989225+00:00,39.43076339415637
2025-06-15 23:54:20.814786+00:00,39.436584623940554
2025-06-15 23:54:21.860507+00:00,39.43660387420035
2025-06-15 23:54:22.751156+00:00,39.4249809111246
2025-06-15 23:54:23.575964+00:00,39.419159794946616
2025-06-15 23:54:24.009706+00:00,39.41914035525645
2025-06-15 23:54:24.417198+00:00,39.419120904831374
2025-06-15 23:54:25.630282+00:00,39.419120904831374
2025-06-15 23:54:25.923574+00:00,39.419120904831374
2025-06-15 23:54:26.255381+00:00,39.40165709645229
2025-06-15 23:54:26.499758+00:00,39.40165709645229
2025-06-15 23:54:26.757516+00:00,39.41914035525645
2025-06-15 23:54:27.161057+00:00,39.43074406644019
2025-06-15 23:54:27.469997+00:00,39.40745878122617
2025-06-15 23:54:27.799665+00:00,39.413280117408334
2025-06-15 23:54:28.067563+00:00,39.41326057879118
2025-06-15 23:54:28.352785+00:00,39.43070537880323
2025-06-15 23:54:31.190759+00:00,39.44244420014801
2025-06-15 23:54:33.917925+00:00,39.44242502734434
2025-06-15 23:54:34.508462+00:00,39.46572844665462
2025-06-15 23:54:36.740495+00:00,39.42500027335793
2025-06-15 23:54:37.751117+00:00,39.44244420014801
2025-06-15 23:54:38.434962+00:00,39.44244420014801
2025-06-15 23:54:42.024942+00:00,39.45412438975743
2025-06-15 23:54:44.232569+00:00,39.448284372000124
2025-06-15 23:54:45.077983+00:00,39.44830345661317
2025-06-15 23:54:46.384401+00:00,39.43666156057071
2025-06-15 23:54:46.824358+00:00,39.44246336221688
2025-06-15 23:54:52.350788+00:00,39.44822705375229
2025-06-15 23:54:54.917046+00:00,39.47158712968244
2025-06-15 23:54:58.731409+00:00,39.459945312983734
2025-06-15 23:55:00.336063+00:00,39.45414339691493
2025-06-15 23:55:01.794623+00:00,39.45412438975743
2025-06-15 23:55:04.930483+00:00,39.47156831195118
2025-06-15 23:55:10.726924+00:00,39.46574734184071
2025-06-15 23:55:13.527242+00:00,39.48326624308879
2025-06-15 23:55:14.528417+00:00,39.477445492973594
2025-06-15 23:55:15.580285+00:00,39.48326624308879
2025-06-15 23:55:16.833273+00:00,39.47740802315484
2025-06-15 23:55:19.839177+00:00,39.477426763431545
2025-06-15 23:55:20.231840+00:00,39.48906838718341
2025-06-15 23:55:21.895322+00:00,39.47740802315484
2025-06-15 23:55:32.199881+00:00,39.477389272143455
2025-06-15 23:55:35.587430+00:00,39.465766226292075
2025-06-15 23:55:40.124935+00:00,39.465766226292075
2025-06-15 23:55:42.748376+00:00,39.442405843805865
2025-06-15 23:55:44.617455+00:00,39.45412438975743
2025-06-15 23:55:50.622937+00:00,39.46572844665462
2025-06-15 23:55:51.812785+00:00,39.45408634323817
2025-06-15 23:55:53.356459+00:00,39.45410537186518
2025-06-15 23:55:58.965490+00:00,39.45408634323817
2025-06-15 23:55:59.910774+00:00,39.45410537186518
2025-06-15 23:56:01.345516+00:00,39.45408634323817
2025-06-15 23:56:02.684251+00:00,39.47158712968244
2025-06-15 23:56:04.314897+00:00,39.471605936679005
2025-06-15 23:56:18.854670+00:00,39.48908698328648
2025-06-15 23:56:19.439682+00:00,39.50654914437444
2025-06-15 23:56:19.723833+00:00,39.50070997126431
2025-06-15 23:56:19.973413+00:00,39.50070997126431
2025-06-15 23:56:20.509127+00:00,39.483228906709265
2025-06-15 23:56:20.933892+00:00,39.477426763431545
2025-06-15 23:56:21.978880+00:00,39.471605936679005
2025-06-15 23:56:23.549714+00:00,39.48326624308879
2025-06-15 23:56:24.033428+00:00,39.48908698328648
2025-06-15 23:56:24.790176+00:00,39.48326624308879
2025-06-15 23:56:27.706907+00:00,39.471605936679005
2025-06-15 23:56:32.657342+00:00,39.47158712968244
2025-06-15 23:56:33.797469+00:00,39.465766226292075
2025-06-15 23:56:34.198090+00:00,39.44832253049141
2025-06-15 23:56:34.813936+00:00,39.45998318312291
2025-06-15 23:56:35.923288+00:00,39.459945312983734
2025-06-15 23:56:36.946536+00:00,39.48908698328648
2025-06-15 23:56:37.278964+00:00,39.477426763431545
2025-06-15 23:56:39.918661+00:00,39.465766226292075
2025-06-15 23:56:42.317086+00:00,39.48326624308879
2025-06-15 23:56:43.805518+00:00,39.477464211780976
2025-06-15 23:56:44.080844+00:00,39.49490771356665
2025-06-15 23:56:44.381904+00:00,39.477426763431545
2025-06-15 23:56:45.024784+00:00,39.48912414328875
2025-06-15 23:56:50.154839+00:00,39.48326624308879
2025-06-15 23:56:51.315309+00:00,39.49494474013069
2025-06-15 23:56:53.956361+00:00,39.48912414328875
2025-06-15 23:56:54.966462+00:00,39.483303536529746
2025-06-15 23:56:56.202046+00:00,39.483228906709265
2025-06-15 23:56:57.071204+00:00,39.500746885859726
2025-06-15 23:56:59.309079+00:00,39.49490771356665
2025-06-15 23:57:05.287238+00:00,39.5007284339293
2025-06-15 23:57:06.871315+00:00,39.500746885859726
2025-06-15 23:57:08.279987+00:00,39.483284895176595
2025-06-15 23:57:13.248810+00:00,39.47740802315484
2025-06-15 23:57:14.050436+00:00,39.483210222417526
2025-06-15 23:57:14.369860+00:00,39.46574734184071
2025-06-15 23:57:15.053506+00:00,39.46578510000872
2025-06-15 23:57:18.112267+00:00,39.477445492973594
2025-06-15 23:57:20.317070+00:00,39.477426763431545
2025-06-15 23:57:22.984709+00:00,39.48912414328875
2025-06-15 23:57:23.333567+00:00,39.48906838718341
2025-06-15 23:57:25.889413+00:00,39.48908698328648
2025-06-15 23:57:26.340391+00:00,39.50070997126431
2025-06-15 23:57:27.093532+00:00,39.49492623221597
2025-06-15 23:57:31.696785+00:00,39.51238816339537
2025-06-15 23:57:37.564734+00:00,39.48324758026635
2025-06-15 23:57:38.198633+00:00,39.50076532705557
2025-06-15 23:57:40.455131+00:00,39.47162473294088
2025-06-15 23:57:41.517006+00:00,39.51240647115416
2025-06-15 23:57:41.951129+00:00,39.50070997126431
2025-06-15 23:57:42.258090+00:00,39.494889184182725
2025-06-15 23:57:44.229871+00:00,39.47740802315484
2025-06-15 23:57:47.063184+00:00,39.48910556865493
2025-06-15 23:57:49.720575+00:00,39.489049780345724
2025-06-15 23:57:50.055076+00:00,39.50070997126431
2025-06-15 23:57:52.648199+00:00,39.489049780345724
2025-06-15 23:57:53.697305+00:00,39.500691497864736
2025-06-15 23:57:54.146755+00:00,39.477426763431545
2025-06-15 23:57:54.570277+00:00,39.494852093211094
2025-06-15 23:57:57.003574+00:00,39.47740802315484
2025-06-15 23:57:59.198404+00:00,39.489049780345724
2025-06-15 23:58:01.503681+00:00,39.48324758026635
2025-06-15 23:58:01.828725+00:00,39.500691497864736
2025-06-15 23:58:02.459008+00:00,39.50654914437444
2025-06-15 23:58:03.703820+00:00,39.50654914437444
2025-06-15 23:58:04.072510+00:00,39.512333175711866
2025-06-15 23:58:04.521177+00:00,39.500691497864736
2025-06-15 23:58:04.983943+00:00,39.489049780345724
2025-06-15 23:58:05.449339+00:00,39.48906838718341
2025-06-15 23:58:05.916537+00:00,39.50070997126431
2025-06-15 23:58:06.477957+00:00,39.50653074842813
2025-06-15 23:58:13.980199+00:00,39.48910556865493
2025-06-15 23:58:14.412408+00:00,39.500746885859726
2025-06-15 23:58:14.998227+00:00,39.483303536529746
2025-06-15 23:58:15.861381+00:00,39.500746885859726
2025-06-15 23:58:16.976642+00:00,39.49494474013069
2025-06-15 23:58:17.437956+00:00,39.5007284339293
2025-06-15 23:58:17.863333+00:00,39.50656752958619
2025-06-15 23:58:18.222448+00:00,39.5356886403466
2025-06-15 23:58:18.636162+00:00,39.51236984490207
2025-06-15 23:58:20.903451+00:00,39.524065739172634
2025-06-15 23:58:21.244184+00:00,39.5007284339293
2025-06-15 23:58:21.513251+00:00,39.51240647115416
2025-06-15 23:58:21.822769+00:00,39.52401121620478
2025-06-15 23:58:22.239977+00:00,39.51817227300258
2025-06-15 23:58:22.681978+00:00,39.51238816339537
2025-06-15 23:58:23.134562+00:00,39.51238816339537
2025-06-15 23:58:25.759830+00:00,39.483284895176595
2025-06-15 23:58:27.253311+00:00,39.5007284339293
2025-06-15 23:58:27.928641+00:00,39.477445492973594
2025-06-15 23:58:29.717580+00:00,39.50070997126431
2025-06-15 23:58:30.245554+00:00,39.46580396299065
2025-06-15 23:58:39.069236+00:00,39.47158712968244
2025-06-15 23:58:40.508102+00:00,39.47162473294088
2025-06-15 23:58:41.018067+00:00,39.48908698328648
2025-06-15 23:58:41.897201+00:00,39.48326624308879
2025-06-15 23:58:46.210279+00:00,39.47158712968244
2025-06-15 23:58:46.653418+00:00,39.46578510000872
2025-06-15 23:58:47.267300+00:00,39.477445492973594
2025-06-15 23:58:49.191122+00:00,39.471605936679005
2025-06-15 23:58:51.409904+00:00,39.471605936679005
2025-06-15 23:58:53.537484+00:00,39.471605936679005
2025-06-15 23:58:54.885858+00:00,39.44248251355092
2025-06-15 23:58:55.560781+00:00,39.45412438975743
2025-06-15 23:58:56.086164+00:00,39.45988842726444
2025-06-15 23:58:56.853430+00:00,39.44244420014801
2025-06-15 23:58:57.758511+00:00,39.44830345661317
2025-06-15 23:58:59.253249+00:00,39.44830345661317
2025-06-15 23:59:00.135157+00:00,39.43080201738416
2025-06-15 23:59:03.122820+00:00,39.42494215445331
2025-06-15 23:59:05.210554+00:00,39.3841931988033
2025-06-15 23:59:09.852335+00:00,39.38999471316505
2025-06-15 23:59:12.317807+00:00,39.38999471316505
2025-06-15 23:59:14.406114+00:00,39.37257053498542
2025-06-15 23:59:14.828015+00:00,39.36668907781265
2025-06-15 23:59:19.561576+00:00,39.40743917588653
2025-06-15 23:59:21.441950+00:00,39.41329964529056
2025-06-15 23:59:24.237660+00:00,39.419120904831374
2025-06-15 23:59:35.181682+00:00,39.39581607910453
2025-06-15 23:59:36.857860+00:00,39.3841534650746
2025-06-15 23:59:39.282338+00:00,39.372550550776246
2025-06-15 23:59:42.443131+00:00,39.3900145079385
2025-06-15 23:59:42.696251+00:00,39.384173337306464
2025-06-15 23:59:42.947186+00:00,39.38997490765657
2025-06-15 23:59:46.011830+00:00,39.39005406528035
2025-06-15 23:59:46.396499+00:00,39.40169638690213
2025-06-15 23:59:46.855870+00:00,39.3841931988033
2025-06-15 23:59:47.376162+00:00,39.38999471316505
2025-06-15 23:59:47.849439+00:00,39.3841931988033
2025-06-15 23:59:49.536768+00:00,39.38423288959183
2025-06-15 23:59:50.799248+00:00,39.39589492689577
2025-06-15 23:59:54.139507+00:00,39.384272537440204
2025-06-15 23:59:56.051960+00:00,39.419159794946616
2025-06-15 23:59:57.336769+00:00,39.40755664690012
2025-06-15 23:59:58.172795+00:00,39.424961538156396
2025-06-15 23:59:58.823351+00:00,39.41917922390189
2025-06-16 00:00:04.781182+00:00,39.43664234251543
2025-06-16 00:00:10.611918+00:00,39.38421304956508
2025-06-16 00:00:15.678814+00:00,39.36670915021609
2025-06-16 00:00:20.715861+00:00,39.37837187974921
2025-06-16 00:00:21.704682+00:00,39.3841534650746
2025-06-16 00:00:22.392632+00:00,39.3841534650746
2025-06-16 00:00:23.716552+00:00,39.36668907781265
2025-06-16 00:00:24.488243+00:00,39.36668907781265
2025-06-16 00:00:27.276873+00:00,39.36670915021609
2025-06-16 00:00:28.100952+00:00,39.36670915021609
2025-06-16 00:00:30.281758+00:00,39.39003429197694
2025-06-16 00:00:31.536439+00:00,39.37835195152878
2025-06-16 00:00:34.007434+00:00,39.36086759555334
2025-06-16 00:00:34.357993+00:00,39.37251055015263
2025-06-16 00:00:44.080031+00:00,39.36670915021609
2025-06-16 00:00:44.504514+00:00,39.39579634031922
2025-06-16 00:00:47.134728+00:00,39.37251055015263
2025-06-16 00:00:47.490880+00:00,39.37833201257328
2025-06-16 00:00:49.709907+00:00,39.3841534650746
2025-06-16 00:00:51.805848+00:00,39.36668907781265
2025-06-16 00:00:52.583665+00:00,39.37249053373819
2025-06-16 00:00:52.968923+00:00,39.36664890080043
2025-06-16 00:00:53.452638+00:00,39.372450468704
2025-06-16 00:00:54.154285+00:00,39.33752028482963
2025-06-16 00:00:58.902771+00:00,39.355005659464645
2025-06-16 00:00:59.144597+00:00,39.34338273922216
2025-06-16 00:00:59.387482+00:00,39.360827285092434
2025-06-16 00:00:59.637223+00:00,39.33756115056028
2025-06-16 00:00:59.855028+00:00,39.349143403616694
2025-06-16 00:01:00.013035+00:00,39.3491230773637
2025-06-16 00:01:01.401337+00:00,39.360827285092434
2025-06-16 00:01:02.604996+00:00,39.349184023917076
2025-06-16 00:01:10.615313+00:00,39.37247050658865
2025-06-16 00:01:13.687838+00:00,39.37251055015263
2025-06-16 00:01:15.173543+00:00,39.37251055015263
2025-06-16 00:01:17.612620+00:00,39.34922460127671
2025-06-16 00:01:20.003745+00:00,39.37251055015263
2025-06-16 00:01:20.914141+00:00,39.37833201257328
2025-06-16 00:01:21.319564+00:00,39.3666689946741
2025-06-16 00:01:24.373040+00:00,39.360827285092434
2025-06-16 00:01:26.443668+00:00,39.35502588678725
2025-06-16 00:01:27.078735+00:00,39.36088773468108
2025-06-16 00:01:28.850577+00:00,39.355005659464645
2025-06-16 00:01:30.200947+00:00,39.36084744569046
2025-06-16 00:01:32.679300+00:00,39.33752028482963
2025-06-16 00:01:35.062002+00:00,39.3666689946741
2025-06-16 00:01:38.176164+00:00,39.384173337306464
2025-06-16 00:01:38.886689+00:00,39.372530555831986
2025-06-16 00:01:40.045021+00:00,39.38997490765657
2025-06-16 00:01:41.302308+00:00,39.37833201257328
2025-06-16 00:01:42.932820+00:00,39.36670915021609
2025-06-16 00:01:45.290379+00:00,39.36086759555334
2025-06-16 00:01:46.749163+00:00,39.3434030892594
2025-06-16 00:01:51.288211+00:00,39.36086759555334
2025-06-16 00:01:51.507379+00:00,39.372550550776246
2025-06-16 00:01:56.112856+00:00,39.37251055015263
2025-06-16 00:01:57.911032+00:00,39.3841931988033
2025-06-16 00:01:58.177865+00:00,39.37251055015263
2025-06-16 00:01:58.438061+00:00,39.38413358210767
2025-06-16 00:01:58.679080+00:00,39.360827285092434
2025-06-16 00:01:58.881367+00:00,39.36664890080043
2025-06-16 00:01:59.140489+00:00,39.36664890080043
2025-06-16 00:02:00.067413+00:00,39.37249053373819
2025-06-16 00:02:03.597740+00:00,39.3550461033747
2025-06-16 00:02:05.555567+00:00,39.3434030892594
2025-06-16 00:02:07.566271+00:00,39.360907863073685
2025-06-16 00:02:10.039146+00:00,39.36088773468108
2025-06-16 00:02:13.334223+00:00,39.34926513569561
2025-06-16 00:02:13.680869+00:00,39.36088773468108
2025-06-16 00:02:15.411760+00:00,39.34922460127671
2025-06-16 00:02:15.825372+00:00,39.34926513569561
2025-06-16 00:02:20.061452+00:00,39.36670915021609
2025-06-16 00:02:20.813164+00:00,39.36676930301571
2025-06-16 00:02:21.201514+00:00,39.37837187974921
2025-06-16 00:02:22.076447+00:00,39.360907863073685
2025-06-16 00:02:22.369245+00:00,39.36086759555334
2025-06-16 00:02:22.614730+00:00,39.366729211884405
2025-06-16 00:02:22.903057+00:00,39.36086759555334
2025-06-16 00:02:23.156141+00:00,39.35506630922696
2025-06-16 00:02:24.046280+00:00,39.34922460127671
2025-06-16 00:02:25.368598+00:00,39.366729211884405
2025-06-16 00:02:27.081370+00:00,39.36094808765349
2025-06-16 00:02:27.255417+00:00,39.37839179723457
2025-06-16 00:02:27.431031+00:00,39.36670915021609
2025-06-16 00:02:30.589113+00:00,39.39585552447014
2025-06-16 00:02:31.794563+00:00,39.36678933247871
2025-06-16 00:02:32.279662+00:00,39.39585552447014
2025-06-16 00:02:33.143769+00:00,39.40753709523522
2025-06-16 00:02:33.710470+00:00,39.40747837583086
2025-06-16 00:02:34.651186+00:00,39.41331916243785
2025-06-16 00:02:34.940843+00:00,39.41335816452766
2025-06-16 00:02:36.450226+00:00,39.419159794946616
2025-06-16 00:02:41.421692+00:00,39.419159794946616
2025-06-16 00:02:43.218124+00:00,39.41335816452766
2025-06-16 00:02:50.905834+00:00,39.43082131289578
2025-06-16 00:02:51.431101+00:00,39.43660387420035
2025-06-16 00:02:52.339006+00:00,39.43084059767253
2025-06-16 00:02:52.555026+00:00,39.4249809111246
2025-06-16 00:02:52.774222+00:00,39.43080201738416
2025-06-16 00:02:53.637658+00:00,39.436623113725304
2025-06-16 00:02:54.511631+00:00,39.442501654150156
2025-06-16 00:02:56.200588+00:00,39.465766226292075
2025-06-16 00:02:57.871472+00:00,39.44248251355092
2025-06-16 00:02:58.709530+00:00,39.45416239333765
2025-06-16 00:02:59.729950+00:00,39.44834159363488
2025-06-16 00:03:02.075266+00:00,39.465766226292075
2025-06-16 00:03:03.917690+00:00,39.46000210209039
2025-06-16 00:03:05.320024+00:00,39.46000210209039
2025-06-16 00:03:06.493590+00:00,39.46580396299065
2025-06-16 00:03:11.685070+00:00,39.46578510000872
2025-06-16 00:03:12.769912+00:00,39.48908698328648
2025-06-16 00:03:15.334062+00:00,39.46578510000872
2025-06-16 00:03:15.944821+00:00,39.46580396299065
2025-06-16 00:03:16.687120+00:00,39.46000210209039
2025-06-16 00:03:17.105599+00:00,39.45416239333765
2025-06-16 00:03:17.487593+00:00,39.45416239333765
2025-06-16 00:03:17.926394+00:00,39.45414339691493
2025-06-16 00:03:18.462244+00:00,39.465766226292075
2025-06-16 00:03:18.752411+00:00,39.44248251355092
2025-06-16 00:03:20.845180+00:00,39.44252078401459
2025-06-16 00:03:21.291743+00:00,39.43089838759368
2025-06-16 00:03:21.608155+00:00,39.43087913502147
2025-06-16 00:03:22.805535+00:00,39.425019624856375
2025-06-16 00:03:24.677749+00:00,39.407595718025064
2025-06-16 00:03:26.666360+00:00,39.43084059767253
2025-06-16 00:03:27.718490+00:00,39.419159794946616
2025-06-16 00:03:28.654429+00:00,39.41919864212226
2025-06-16 00:03:28.898468+00:00,39.4016767470447
2025-06-16 00:03:29.098261+00:00,39.45414339691493
2025-06-16 00:03:31.707456+00:00,39.41919864212226
2025-06-16 00:03:35.560958+00:00,39.43080201738416
2025-06-16 00:03:37.294246+00:00,39.42500027335793
2025-06-16 00:03:38.562507+00:00,39.41919864212226
2025-06-16 00:03:39.701111+00:00,39.430859871714425
2025-06-16 00:03:40.779495+00:00,39.384272537440204
2025-06-16 00:03:41.836016+00:00,39.395914612006095
2025-06-16 00:03:42.434647+00:00,39.419159794946616
2025-06-16 00:03:43.386133+00:00,39.395914612006095
2025-06-16 00:03:46.718004+00:00,39.43080201738416
2025-06-16 00:03:51.815880+00:00,39.41331916243785
2025-06-16 00:03:54.705874+00:00,39.413280117408334
2025-06-16 00:03:56.093502+00:00,39.41335816452766
2025-06-16 00:03:56.561341+00:00,39.39005406528035
2025-06-16 00:03:56.985958+00:00,39.39003429197694
2025-06-16 00:03:58.140764+00:00,39.395875231050454
2025-06-16 00:03:59.227286+00:00,39.3725905084595
2025-06-16 00:04:01.635668+00:00,39.38425271888353
2025-06-16 00:04:02.719913+00:00,39.38423288959183
2025-06-16 00:04:04.350626+00:00,39.372610471198506
2025-06-16 00:04:04.975496+00:00,39.39009357968213
2025-06-16 00:04:05.795568+00:00,39.38421304956508
2025-06-16 00:04:07.648933+00:00,39.37841170398488
2025-06-16 00:04:09.902290+00:00,39.384272537440204
2025-06-16 00:04:13.528363+00:00,39.43084059767253
2025-06-16 00:04:13.864481+00:00,39.419237446358295
2025-06-16 00:04:14.114431+00:00,39.44248251355092
2025-06-16 00:04:16.960122+00:00,39.43087913502147
2025-06-16 00:04:17.344419+00:00,39.44834159363488
2025-06-16 00:04:18.127652+00:00,39.43664234251543
2025-06-16 00:04:20.325099+00:00,39.44252078401459
2025-06-16 00:04:20.700673+00:00,39.44834159363488
2025-06-16 00:04:21.744531+00:00,39.419237446358295
2025-06-16 00:04:23.184523+00:00,39.44830345661317
2025-06-16 00:04:25.114430+00:00,39.465841656750385
2025-06-16 00:04:27.789847+00:00,39.47168105731838
2025-06-16 00:04:29.425404+00:00,39.45414339691493
2025-06-16 00:04:29.917961+00:00,39.44832253049141
2025-06-16 00:04:31.818317+00:00,39.45416239333765
2025-06-16 00:04:36.350227+00:00,39.442501654150156
2025-06-16 00:04:38.501211+00:00,39.43673832544357
2025-06-16 00:04:41.127007+00:00,39.43673832544357
2025-06-16 00:04:41.334066+00:00,39.44253990314423
2025-06-16 00:04:41.592037+00:00,39.44255901153905
2025-06-16 00:04:41.842187+00:00,39.44836064604357
2025-06-16 00:04:42.211021+00:00,39.44830345661317
2025-06-16 00:04:42.411296+00:00,39.44834159363488
2025-06-16 00:04:43.481335+00:00,39.44836064604357
2025-06-16 00:04:48.459182+00:00,39.45418137902563
2025-06-16 00:04:50.593478+00:00,39.4716998106415
2025-06-16 00:04:53.239165+00:00,39.471718553229955
2025-06-16 00:04:53.908126+00:00,39.48334078703214
2025-06-16 00:04:54.617694+00:00,39.48916126035255
2025-06-16 00:04:55.676910+00:00,39.477501617191734
2025-06-16 00:04:56.014838+00:00,39.4716998106415
2025-06-16 00:04:56.491688+00:00,39.47168105731838
2025-06-16 00:04:56.874977+00:00,39.477538979663855
2025-06-16 00:04:57.927718+00:00,39.48334078703214
2025-06-16 00:04:58.134157+00:00,39.48912414328875
2025-06-16 00:05:02.667285+00:00,39.48910556865493
2025-06-16 00:05:04.565866+00:00,39.44837968771748
2025-06-16 00:05:06.887370+00:00,39.448398718656605
2025-06-16 00:05:08.897357+00:00,39.42523178283793
2025-06-16 00:05:11.221868+00:00,39.40761523748514
2025-06-16 00:05:13.584183+00:00,39.407595718025064
2025-06-16 00:05:15.418244+00:00,39.3901133207805
2025-06-16 00:05:21.652393+00:00,39.37263042320243
2025-06-16 00:05:22.024398+00:00,39.3784514852803
2025-06-16 00:05:22.260631+00:00,39.3725905084595
2025-06-16 00:05:22.542002+00:00,39.360968183840704
2025-06-16 00:05:22.867400+00:00,39.3725905084595
2025-06-16 00:05:28.017379+00:00,39.39005406528035
2025-06-16 00:05:37.038584+00:00,39.360907863073685
2025-06-16 00:05:37.455089+00:00,39.34334200694205
2025-06-16 00:05:39.844449+00:00,39.349184023917076
2025-06-16 00:05:40.901873+00:00,39.37833201257328
2025-06-16 00:05:41.221419+00:00,39.349204317964485
2025-06-16 00:05:42.366630+00:00,39.36086759555334
2025-06-16 00:05:45.749525+00:00,39.337601973350004
2025-06-16 00:05:49.184658+00:00,39.35506630922696
2025-06-16 00:05:50.898765+00:00,39.3900145079385
2025-06-16 00:05:53.843036+00:00,39.3841931988033
2025-06-16 00:05:55.339810+00:00,39.39005406528035
2025-06-16 00:05:55.558985+00:00,39.39585552447014
2025-06-16 00:05:57.511625+00:00,39.39589492689577
2025-06-16 00:06:00.713812+00:00,39.39007382784875
2025-06-16 00:06:01.104782+00:00,39.4016767470447
2025-06-16 00:06:01.632218+00:00,39.407517532835385
2025-06-16 00:06:03.244735+00:00,39.395875231050454
2025-06-16 00:06:05.141528+00:00,39.413338668850216
2025-06-16 00:06:10.404302+00:00,39.41335816452766
2025-06-16 00:06:11.572291+00:00,39.39009357968213
2025-06-16 00:06:12.075160+00:00,39.384272537440204
2025-06-16 00:06:12.592678+00:00,39.39579634031922
2025-06-16 00:06:14.715180+00:00,39.36676930301571
2025-06-16 00:06:16.309665+00:00,39.39005406528035
2025-06-16 00:06:18.212160+00:00,39.37841170398488
2025-06-16 00:06:19.221160+00:00,39.37257053498542
2025-06-16 00:06:19.461451+00:00,39.36094808765349
2025-06-16 00:06:20.205747+00:00,39.3551470252845
2025-06-16 00:06:20.455965+00:00,39.37837187974921
2025-06-16 00:06:21.073986+00:00,39.37839179723457
2025-06-16 00:06:21.425105+00:00,39.372550550776246
2025-06-16 00:06:26.313097+00:00,39.395875231050454
2025-06-16 00:06:27.768889+00:00,39.395914612006095
2025-06-16 00:06:28.436680+00:00,39.413338668850216
2025-06-16 00:06:31.040010+00:00,39.395914612006095
2025-06-16 00:06:32.161026+00:00,39.4016767470447
2025-06-16 00:06:35.037442+00:00,39.413338668850216
2025-06-16 00:06:36.069072+00:00,39.407517532835385
2025-06-16 00:06:37.688053+00:00,39.407517532835385
2025-06-16 00:06:38.622981+00:00,39.40169638690213
2025-06-16 00:06:41.295319+00:00,39.39589492689577
2025-06-16 00:06:42.407054+00:00,39.38425271888353
2025-06-16 00:06:46.860182+00:00,39.37839179723457
2025-06-16 00:06:50.797770+00:00,39.366729211884405
2025-06-16 00:06:51.899928+00:00,39.35508650434409
2025-06-16 00:06:52.102222+00:00,39.35510668872604
2025-06-16 00:06:53.263268+00:00,39.36092798073115
2025-06-16 00:06:53.965898+00:00,39.35508650434409
2025-06-16 00:06:56.324276+00:00,39.384173337306464
2025-06-16 00:06:58.559146+00:00,39.37837187974921
2025-06-16 00:06:59.751756+00:00,39.349285386802286
2025-06-16 00:06:59.976006+00:00,39.36670915021609
2025-06-16 00:07:01.365879+00:00,39.35508650434409
2025-06-16 00:07:02.509828+00:00,39.360907863073685
2025-06-16 00:07:02.952531+00:00,39.36674926281761
2025-06-16 00:07:03.330815+00:00,39.360907863073685
2025-06-16 00:07:03.903808+00:00,39.34922460127671
2025-06-16 00:07:04.298599+00:00,39.372530555831986
2025-06-16 00:07:04.988889+00:00,39.366729211884405
2025-06-16 00:07:05.341910+00:00,39.372530555831986
2025-06-16 00:07:05.666980+00:00,39.3841931988033
2025-06-16 00:07:06.064260+00:00,39.372530555831986
2025-06-16 00:07:13.250970+00:00,39.3841931988033
2025-06-16 00:07:13.568572+00:00,39.38421304956508
2025-06-16 00:07:14.132570+00:00,39.39585552447014
2025-06-16 00:07:14.649582+00:00,39.36670915021609
2025-06-16 00:07:14.901519+00:00,39.37837187974921
2025-06-16 00:07:17.926782+00:00,39.37841170398488
2025-06-16 00:07:18.323428+00:00,39.36674926281761
2025-06-16 00:07:18.692765+00:00,39.372550550776246
2025-06-16 00:07:19.943576+00:00,39.34926513569561
2025-06-16 00:07:23.084879+00:00,39.3841931988033
2025-06-16 00:07:24.418305+00:00,39.35508650434409
2025-06-16 00:07:24.896128+00:00,39.36670915021609
2025-06-16 00:07:27.503644+00:00,39.39585552447014
2025-06-16 00:07:27.780158+00:00,39.4074979597006
2025-06-16 00:07:28.305244+00:00,39.3841931988033
2025-06-16 00:07:29.040943+00:00,39.395875231050454
2025-06-16 00:07:31.596760+00:00,39.40753709523522
2025-06-16 00:07:32.325646+00:00,39.38423288959183
2025-06-16 00:07:35.384665+00:00,39.36094808765349
2025-06-16 00:07:38.181327+00:00,39.38425271888353
2025-06-16 00:07:39.734511+00:00,39.39005406528035
2025-06-16 00:07:41.809200+00:00,39.39585552447014
2025-06-16 00:07:42.977316+00:00,39.37841170398488
2025-06-16 00:07:43.804772+00:00,39.37841170398488
2025-06-16 00:07:44.087801+00:00,39.39589492689577
2025-06-16 00:07:44.608282+00:00,39.38423288959183
2025-06-16 00:07:46.546561+00:00,39.39005406528035
2025-06-16 00:07:52.625554+00:00,39.395914612006095
2025-06-16 00:07:55.558251+00:00,39.43668076789116
2025-06-16 00:07:57.971891+00:00,39.45412438975743
2025-06-16 00:07:58.391824+00:00,39.44248251355092
2025-06-16 00:07:59.052388+00:00,39.46580396299065
2025-06-16 00:08:00.113054+00:00,39.459945312983734
2025-06-16 00:08:00.577806+00:00,39.44830345661317
2025-06-16 00:08:00.904250+00:00,39.45998318312291
2025-06-16 00:08:01.320813+00:00,39.47158712968244
2025-06-16 00:08:01.721971+00:00,39.477426763431545
2025-06-16 00:08:02.101576+00:00,39.483228906709265
2025-06-16 00:08:02.453919+00:00,39.47740802315484
2025-06-16 00:08:02.796725+00:00,39.477426763431545
2025-06-16 00:08:03.146826+00:00,39.47156831195118
2025-06-16 00:08:05.679508+00:00,39.43087913502147
2025-06-16 00:08:08.071313+00:00,39.419237446358295
2025-06-16 00:08:10.162970+00:00,39.419237446358295
2025-06-16 00:08:11.475654+00:00,39.43084059767253
2025-06-16 00:08:11.894122+00:00,39.41337764947018
2025-06-16 00:08:12.766923+00:00,39.41921804960773
2025-06-16 00:08:14.383451+00:00,39.41917922390189
2025-06-16 00:08:14.744591+00:00,39.41917922390189
2025-06-16 00:08:17.955113+00:00,39.384272537440204
2025-06-16 00:08:19.056196+00:00,39.37263042320243
2025-06-16 00:08:20.136563+00:00,39.4017160160246
2025-06-16 00:08:20.628766+00:00,39.395914612006095
2025-06-16 00:08:22.316263+00:00,39.372610471198506
2025-06-16 00:08:23.108441+00:00,39.360968183840704
2025-06-16 00:08:23.632013+00:00,39.37841170398488
2025-06-16 00:08:25.298029+00:00,39.4074979597006
2025-06-16 00:08:27.125317+00:00,39.372550550776246
2025-06-16 00:08:29.151863+00:00,39.372550550776246
2025-06-16 00:08:30.544852+00:00,39.36094808765349
2025-06-16 00:08:31.031802+00:00,39.37841170398488
2025-06-16 00:08:34.201213+00:00,39.38423288959183
2025-06-16 00:08:34.482974+00:00,39.395875231050454
2025-06-16 00:08:35.436096+00:00,39.39585552447014
2025-06-16 00:08:35.902744+00:00,39.3900145079385
2025-06-16 00:08:37.273256+00:00,39.41331916243785
2025-06-16 00:08:37.582863+00:00,39.39583580715483
2025-06-16 00:08:40.869027+00:00,39.366729211884405
2025-06-16 00:08:41.938430+00:00,39.3841931988033
2025-06-16 00:08:43.731863+00:00,39.36674926281761
2025-06-16 00:08:44.462857+00:00,39.37841170398488
2025-06-16 00:08:44.828839+00:00,39.3900145079385
2025-06-16 00:08:45.172922+00:00,39.39583580715483
2025-06-16 00:08:45.473538+00:00,39.38997490765657
2025-06-16 00:08:45.831501+00:00,39.372530555831986
2025-06-16 00:08:46.168076+00:00,39.38999471316505
2025-06-16 00:08:46.620747+00:00,39.3900145079385
2025-06-16 00:08:46.995452+00:00,39.40745878122617
2025-06-16 00:08:47.308804+00:00,39.40745878122617
2025-06-16 00:08:47.869924+00:00,39.3841931988033
2025-06-16 00:08:48.539301+00:00,39.3841931988033
2025-06-16 00:08:48.773433+00:00,39.40747837583086
2025-06-16 00:08:49.349991+00:00,39.41914035525645
2025-06-16 00:08:50.789187+00:00,39.37841170398488
2025-06-16 00:08:53.049524+00:00,39.40169638690213
2025-06-16 00:08:56.423528+00:00,39.4016767470447
2025-06-16 00:09:01.751365+00:00,39.40753709523522
2025-06-16 00:09:03.128653+00:00,39.40753709523522
2025-06-16 00:09:03.629685+00:00,39.41917922390189
2025-06-16 00:09:07.048674+00:00,39.40757618783007
2025-06-16 00:09:08.239578+00:00,39.41337764947018
2025-06-16 00:09:11.168054+00:00,39.384292345261834
2025-06-16 00:09:13.513483+00:00,39.401774838982185
2025-06-16 00:09:14.541886+00:00,39.407595718025064
2025-06-16 00:09:15.044912+00:00,39.419237446358295
2025-06-16 00:09:16.572317+00:00,39.38431214234843
2025-06-16 00:09:17.803162+00:00,39.40761523748514
2025-06-16 00:09:18.117659+00:00,39.39013305114386
2025-06-16 00:09:19.212892+00:00,39.37849122363548
2025-06-16 00:09:21.676667+00:00,39.41925683237398
2025-06-16 00:09:21.878257+00:00,39.38431214234843
2025-06-16 00:09:22.895455+00:00,39.39015277077222
2025-06-16 00:09:24.441053+00:00,39.40761523748514
2025-06-16 00:09:31.696370+00:00,39.407595718025064
2025-06-16 00:09:32.843811+00:00,39.41345548189105
2025-06-16 00:09:33.565300+00:00,39.43091762943103
2025-06-16 00:09:34.347853+00:00,39.43091762943103
2025-06-16 00:09:34.913524+00:00,39.43091762943103
2025-06-16 00:09:37.172625+00:00,39.45418137902563
2025-06-16 00:09:37.997677+00:00,39.44834159363488
2025-06-16 00:09:39.290032+00:00,39.43673832544357
2025-06-16 00:09:39.582104+00:00,39.44255901153905
2025-06-16 00:09:39.897597+00:00,39.45420035397884
2025-06-16 00:09:41.902640+00:00,39.454238271681014
2025-06-16 00:09:43.856524+00:00,39.454238271681014
2025-06-16 00:09:44.239408+00:00,39.46586048752818
2025-06-16 00:09:44.598509+00:00,39.45420035397884
2025-06-16 00:09:45.189900+00:00,39.460021010323146
2025-06-16 00:09:46.487469+00:00,39.454219318197296
2025-06-16 00:09:51.624205+00:00,39.48914270718796
2025-06-16 00:09:53.100887+00:00,39.46587930757128
2025-06-16 00:09:54.269235+00:00,39.471718553229955
2025-06-16 00:09:56.292351+00:00,39.4716998106415
2025-06-16 00:09:58.398445+00:00,39.50662262081415
2025-06-16 00:10:00.940735+00:00,39.48334078703214
2025-06-16 00:10:07.397806+00:00,39.45420035397884
2025-06-16 00:10:10.199172+00:00,39.46586048752818
2025-06-16 00:10:11.452036+00:00,39.448398718656605
2025-06-16 00:10:13.655095+00:00,39.43677664347106
2025-06-16 00:10:18.359818+00:00,39.448398718656605
2025-06-16 00:10:19.067072+00:00,39.454219318197296
2025-06-16 00:10:20.066123+00:00,39.460039907821155
2025-06-16 00:10:20.539435+00:00,39.44257810919908
2025-06-16 00:10:21.375485+00:00,39.41929557220066
2025-06-16 00:10:24.539701+00:00,39.44841773886097
2025-06-16 00:10:27.150106+00:00,39.44257810919908
2025-06-16 00:10:28.850541+00:00,39.442635337770405
2025-06-16 00:10:31.933529+00:00,39.43097529053403
2025-06-16 00:10:32.834416+00:00,39.442635337770405
2025-06-16 00:10:39.720959+00:00,39.46587930757128
2025-06-16 00:10:43.723751+00:00,39.46587930757128
2025-06-16 00:10:48.843109+00:00,39.483377994596
2025-06-16 00:10:49.622265+00:00,39.477538979663855
2025-06-16 00:10:51.285854+00:00,39.45427614644418
2025-06-16 00:10:52.579494+00:00,39.471718553229955
2025-06-16 00:10:54.389053+00:00,39.48341515922132
2025-06-16 00:10:55.137480+00:00,39.50083898449327
2025-06-16 00:10:55.788684+00:00,39.48921685543866
2025-06-16 00:10:57.221085+00:00,39.49503711868544
2025-06-16 00:10:59.039777+00:00,39.47757629919735
2025-06-16 00:11:01.041533+00:00,39.47755764479793
2025-06-16 00:11:13.645068+00:00,39.52415639609618
2025-06-16 00:11:14.910039+00:00,39.50091247017795
2025-06-16 00:11:15.316401+00:00,39.52415639609618
2025-06-16 00:11:20.132187+00:00,39.512497848930195
2025-06-16 00:11:20.371993+00:00,39.50087574880473
2025-06-16 00:11:21.108328+00:00,39.506695925501134
2025-06-16 00:11:25.186798+00:00,39.51835441504598
2025-06-16 00:11:26.328561+00:00,39.512534324898986
2025-06-16 00:11:26.604539+00:00,39.524192583724314
2025-06-16 00:11:27.632877+00:00,39.51251609228185
2025-06-16 00:11:27.967960+00:00,39.495055562192626
2025-06-16 00:11:33.075633+00:00,39.50091247017795
2025-06-16 00:11:35.557872+00:00,39.47759494286212
2025-06-16 00:11:35.684094+00:00,39.495018664443656
2025-06-16 00:11:36.728070+00:00,39.47763219798772
2025-06-16 00:11:37.662697+00:00,39.495055562192626
2025-06-16 00:11:38.140168+00:00,39.489198334477905
2025-06-16 00:11:39.536884+00:00,39.48339658227597
2025-06-16 00:11:40.722310+00:00,39.49507399496523
2025-06-16 00:11:42.971219+00:00,39.50675079130374
2025-06-16 00:11:43.879903+00:00,39.50089411485862
2025-06-16 00:11:44.448059+00:00,39.50093081476273
2025-06-16 00:11:45.099467+00:00,39.50671422483654
2025-06-16 00:11:45.813068+00:00,39.50091247017795
2025-06-16 00:11:47.448838+00:00,39.506732513437406
2025-06-16 00:11:48.179230+00:00,39.50675079130374
2025-06-16 00:11:49.596862+00:00,39.50093081476273
2025-06-16 00:11:51.476443+00:00,39.50089411485862
2025-06-16 00:11:52.036773+00:00,39.506732513437406
2025-06-16 00:11:52.379295+00:00,39.4951108283067
2025-06-16 00:11:54.059471+00:00,39.50091247017795
2025-06-16 00:11:55.369537+00:00,39.51257075792974
2025-06-16 00:11:58.452931+00:00,39.49512922887557
2025-06-16 00:12:01.003764+00:00,39.50091247017795
2025-06-16 00:12:01.432409+00:00,39.48348935965645
2025-06-16 00:12:02.098262+00:00,39.489272353913314
2025-06-16 00:12:03.393743+00:00,39.48930929922341
2025-06-16 00:12:07.202534+00:00,39.489272353913314
2025-06-16 00:12:11.639378+00:00,39.506805560495565
2025-06-16 00:12:12.575168+00:00,39.535850525283564
2025-06-16 00:12:15.873397+00:00,39.51840884833636
2025-06-16 00:12:17.857628+00:00,39.52426483016701
2025-06-16 00:12:19.256119+00:00,39.51844508352419
2025-06-16 00:12:20.064017+00:00,39.53004859857802
2025-06-16 00:12:21.294291+00:00,39.52422872841458
2025-06-16 00:12:22.528510+00:00,39.524192583724314
2025-06-16 00:12:23.754036+00:00,39.512588958343336
2025-06-16 00:12:24.028478+00:00,39.51837257021058
2025-06-16 00:12:26.847239+00:00,39.48930929922341
2025-06-16 00:12:27.499242+00:00,39.50675079130374
2025-06-16 00:12:28.344929+00:00,39.49507399496523
2025-06-16 00:12:29.345923+00:00,39.51255254678161
2025-06-16 00:12:30.005553+00:00,39.4951108283067
2025-06-16 00:12:32.272981+00:00,39.49509241700325
2025-06-16 00:12:32.973506+00:00,39.49507399496523
2025-06-16 00:12:33.657870+00:00,39.49512922887557
2025-06-16 00:12:34.143824+00:00,39.48925386515637
2025-06-16 00:12:38.245208+00:00,39.506695925501134
2025-06-16 00:12:43.528299+00:00,39.48341515922132
2025-06-16 00:12:44.465061+00:00,39.47759494286212
2025-06-16 00:12:46.716139+00:00,39.47757629919735
2025-06-16 00:12:48.976255+00:00,39.489235365664825
2025-06-16 00:12:50.088510+00:00,39.47759494286212
2025-06-16 00:12:51.197672+00:00,39.47759494286212
2025-06-16 00:12:53.539002+00:00,39.47761357579224
2025-06-16 00:12:55.236351+00:00,39.47179341623698
2025-06-16 00:12:56.255593+00:00,39.489272353913314
2025-06-16 00:12:56.827995+00:00,39.47173728508373
2025-06-16 00:13:00.356066+00:00,39.48343372543204
2025-06-16 00:13:02.461474+00:00,39.46597324676623
2025-06-16 00:13:04.996848+00:00,39.46591691545336
2025-06-16 00:13:05.351201+00:00,39.46593570329235
2025-06-16 00:13:05.991904+00:00,39.47175600620282
2025-06-16 00:13:07.505158+00:00,39.44265439249126
2025-06-16 00:13:17.055844+00:00,39.39601287653291
2025-06-16 00:13:17.393230+00:00,39.41347491315897
2025-06-16 00:13:18.105513+00:00,39.41925683237398
2025-06-16 00:13:21.244584+00:00,39.39599324509752
2025-06-16 00:13:23.556085+00:00,39.419314926011666
2025-06-16 00:13:25.539041+00:00,39.41345548189105
2025-06-16 00:13:26.209299+00:00,39.413436039888204
2025-06-16 00:13:27.325667+00:00,39.41929557220066
2025-06-16 00:13:28.701091+00:00,39.419276207654775
2025-06-16 00:13:28.985452+00:00,39.419314926011666
2025-06-16 00:13:29.735737+00:00,39.40765424420045
2025-06-16 00:13:30.920509+00:00,39.419276207654775
2025-06-16 00:13:32.207936+00:00,39.419276207654775
2025-06-16 00:13:36.084096+00:00,39.41929557220066
2025-06-16 00:13:36.285251+00:00,39.42513550841474
2025-06-16 00:13:37.622032+00:00,39.42513550841474
2025-06-16 00:13:39.909405+00:00,39.436814918559286
2025-06-16 00:13:40.350508+00:00,39.430956080901204
2025-06-16 00:13:44.171762+00:00,39.448455747065374
2025-06-16 00:13:49.563396+00:00,39.448398718656605
2025-06-16 00:13:50.510025+00:00,39.45427614644418
2025-06-16 00:13:50.917190+00:00,39.46009653590685
2025-06-16 00:13:51.142056+00:00,39.44841773886097
2025-06-16 00:13:52.410819+00:00,39.460115390465965
2025-06-16 00:13:53.231764+00:00,39.44847473506542
2025-06-16 00:13:54.634089+00:00,39.44267343647732
2025-06-16 00:13:58.335254+00:00,39.489235365664825
2025-06-16 00:14:02.604001+00:00,39.47759494286212
2025-06-16 00:14:07.434386+00:00,39.489272353913314
2025-06-16 00:14:11.845371+00:00,39.51251609228185
2025-06-16 00:14:12.885083+00:00,39.50089411485862
2025-06-16 00:14:13.201573+00:00,39.51257075792974
2025-06-16 00:14:14.354242+00:00,39.489272353913314
2025-06-16 00:14:17.815420+00:00,39.489272353913314
2025-06-16 00:14:20.555377+00:00,39.51257075792974
2025-06-16 00:14:21.039783+00:00,39.524192583724314
2025-06-16 00:14:21.349393+00:00,39.51255254678161
2025-06-16 00:14:22.503250+00:00,39.53004859857802
2025-06-16 00:14:23.004545+00:00,39.50675079130374
2025-06-16 00:14:23.881847+00:00,39.500949148612946
2025-06-16 00:14:25.923277+00:00,39.50675079130374
2025-06-16 00:14:26.382968+00:00,39.51255254678161
2025-06-16 00:14:26.684767+00:00,39.51839071464071
2025-06-16 00:14:27.033436+00:00,39.506732513437406
2025-06-16 00:14:28.018031+00:00,39.51839071464071
2025-06-16 00:14:28.849983+00:00,39.51255254678161
2025-06-16 00:14:29.574982+00:00,39.51837257021058
2025-06-16 00:14:29.915166+00:00,39.51839071464071
2025-06-16 00:14:31.219795+00:00,39.512534324898986
2025-06-16 00:14:35.938795+00:00,39.50089411485862
2025-06-16 00:14:36.213461+00:00,39.495055562192626
2025-06-16 00:14:36.808286+00:00,39.49507399496523
2025-06-16 00:14:37.820252+00:00,39.48929083193566
2025-06-16 00:14:39.115183+00:00,39.50091247017795
2025-06-16 00:14:39.974449+00:00,39.489235365664825
2025-06-16 00:14:40.352669+00:00,39.489235365664825
2025-06-16 00:14:43.175354+00:00,39.47759494286212
2025-06-16 00:14:44.665381+00:00,39.48925386515637
2025-06-16 00:14:47.951933+00:00,39.460153067380034
2025-06-16 00:14:50.287320+00:00,39.46597324676623
2025-06-16 00:14:50.873563+00:00,39.47181210515205
2025-06-16 00:14:55.226358+00:00,39.47183078333246
2025-06-16 00:14:55.409314+00:00,39.47763219798772
2025-06-16 00:14:55.617791+00:00,39.46597324676623
2025-06-16 00:14:57.606784+00:00,39.48925386515637
2025-06-16 00:14:59.093892+00:00,39.47183078333246
2025-06-16 00:14:59.871270+00:00,39.50671422483654
2025-06-16 00:15:01.149527+00:00,39.47181210515205
2025-06-16 00:15:04.983397+00:00,39.46597324676623
2025-06-16 00:15:06.366363+00:00,39.4951108283067
2025-06-16 00:15:08.265961+00:00,39.50093081476273
2025-06-16 00:15:08.907559+00:00,39.4951108283067
2025-06-16 00:15:10.515586+00:00,39.48930929922341
2025-06-16 00:15:13.776424+00:00,39.49516599780959
2025-06-16 00:15:16.598948+00:00,39.4777251479454
2025-06-16 00:15:19.779418+00:00,39.500949148612946
2025-06-16 00:15:21.664484+00:00,39.547508149579606
2025-06-16 00:15:28.227242+00:00,39.535850525283564
2025-06-16 00:15:28.609693+00:00,39.52422872841458
2025-06-16 00:15:30.160311+00:00,39.5300125873228
2025-06-16 00:15:31.385962+00:00,39.51837257021058
2025-06-16 00:15:32.716362+00:00,39.52415639609618
2025-06-16 00:15:33.413796+00:00,39.50089411485862
2025-06-16 00:15:42.116655+00:00,39.47173728508373
2025-06-16 00:15:43.461464+00:00,39.48345228090814
2025-06-16 00:15:43.771249+00:00,39.48334078703214
2025-06-16 00:15:49.215620+00:00,39.46009653590685
2025-06-16 00:15:49.920504+00:00,39.46009653590685
2025-06-16 00:15:50.145390+00:00,39.44843674833055
2025-06-16 00:15:50.370913+00:00,39.460021010323146
2025-06-16 00:15:50.664533+00:00,39.44841773886097
2025-06-16 00:15:50.882676+00:00,39.46009653590685
2025-06-16 00:15:51.116053+00:00,39.448455747065374
2025-06-16 00:15:51.442957+00:00,39.44261627231476
2025-06-16 00:15:52.716235+00:00,39.45425721442997
2025-06-16 00:15:54.726262+00:00,39.43099448943202
2025-06-16 00:15:55.569327+00:00,39.44843674833055
2025-06-16 00:15:56.421682+00:00,39.45420035397884
2025-06-16 00:15:57.397679+00:00,39.454238271681014
2025-06-16 00:15:59.449818+00:00,39.43097529053403
2025-06-16 00:16:00.708529+00:00,39.43099448943202
2025-06-16 00:16:05.238898+00:00,39.442635337770405
2025-06-16 00:16:05.604448+00:00,39.436814918559286
2025-06-16 00:16:05.960470+00:00,39.44259719612432
2025-06-16 00:16:06.508713+00:00,39.43677664347106
2025-06-16 00:16:07.767784+00:00,39.41933426908779
2025-06-16 00:16:08.204935+00:00,39.44257810919908
2025-06-16 00:16:11.526422+00:00,39.454219318197296
2025-06-16 00:16:12.123830+00:00,39.454238271681014
2025-06-16 00:16:14.123764+00:00,39.430936860533535
2025-06-16 00:16:23.045292+00:00,39.41933426908779
2025-06-16 00:16:25.685259+00:00,39.41935360142902
2025-06-16 00:16:26.863100+00:00,39.42519330527323
2025-06-16 00:16:27.303875+00:00,39.44265439249126
2025-06-16 00:16:28.667720+00:00,39.43103285502348
2025-06-16 00:16:33.039622+00:00,39.44265439249126
2025-06-16 00:16:35.064109+00:00,39.43103285502348
2025-06-16 00:16:35.865170+00:00,39.436853150708245
2025-06-16 00:16:37.084552+00:00,39.43103285502348
2025-06-16 00:16:37.322109+00:00,39.425212549423016
2025-06-16 00:16:38.111745+00:00,39.44265439249126
2025-06-16 00:16:39.916541+00:00,39.448493712330695
2025-06-16 00:16:40.434719+00:00,39.44267343647732
2025-06-16 00:16:43.605244+00:00,39.46013423429036
2025-06-16 00:16:49.321131+00:00,39.460115390465965
2025-06-16 00:16:49.548825+00:00,39.454313978268374
2025-06-16 00:16:49.875647+00:00,39.46593570329235
2025-06-16 00:16:50.261698+00:00,39.47759494286212
2025-06-16 00:16:52.555658+00:00,39.46597324676623
2025-06-16 00:16:53.188793+00:00,39.47179341623698
2025-06-16 00:16:56.293938+00:00,39.48925386515637
2025-06-16 00:16:57.863590+00:00,39.47177471658723
2025-06-16 00:16:59.514737+00:00,39.48341515922132
2025-06-16 00:17:02.225294+00:00,39.48343372543204
2025-06-16 00:17:04.264262+00:00,39.495055562192626
2025-06-16 00:17:05.513652+00:00,39.48341515922132
2025-06-16 00:17:07.643336+00:00,39.47763219798772
2025-06-16 00:17:08.020763+00:00,39.47759494286212
2025-06-16 00:17:08.413707+00:00,39.46597324676623
2025-06-16 00:17:08.796470+00:00,39.489272353913314
2025-06-16 00:17:09.197470+00:00,39.47761357579224
2025-06-16 00:17:09.501096+00:00,39.46595448039664
2025-06-16 00:17:12.291661+00:00,39.489272353913314
2025-06-16 00:17:12.493656+00:00,39.47763219798772
2025-06-16 00:17:12.752428+00:00,39.489235365664825
2025-06-16 00:17:13.063244+00:00,39.48929083193566
2025-06-16 00:17:13.362164+00:00,39.489235365664825
2025-06-16 00:17:14.531254+00:00,39.47766941017471
2025-06-16 00:17:15.399740+00:00,39.48343372543204
2025-06-16 00:17:17.175272+00:00,39.48345228090814
2025-06-16 00:17:17.847471+00:00,39.50089411485862
2025-06-16 00:17:19.795940+00:00,39.48343372543204
2025-06-16 00:17:21.118422+00:00,39.48345228090814
2025-06-16 00:17:22.607735+00:00,39.50675079130374
2025-06-16 00:17:26.167502+00:00,39.50093081476273
2025-06-16 00:17:27.938961+00:00,39.47766941017471
2025-06-16 00:17:28.506024+00:00,39.48345228090814
2025-06-16 00:17:30.133829+00:00,39.49509241700325
2025-06-16 00:17:34.053938+00:00,39.50091247017795
2025-06-16 00:17:34.337101+00:00,39.48925386515637
2025-06-16 00:17:35.107287+00:00,39.512534324898986
2025-06-16 00:17:36.580670+00:00,39.512534324898986
2025-06-16 00:17:37.062863+00:00,39.506732513437406
2025-06-16 00:17:37.337049+00:00,39.50671422483654
2025-06-16 00:17:38.379514+00:00,39.49507399496523
2025-06-16 00:17:39.352946+00:00,39.50091247017795
2025-06-16 00:17:40.446849+00:00,39.50091247017795
2025-06-16 00:17:40.989578+00:00,39.50091247017795
2025-06-16 00:17:42.160040+00:00,39.47763219798772
2025-06-16 00:17:43.205279+00:00,39.50089411485862
2025-06-16 00:17:43.889041+00:00,39.489235365664825
2025-06-16 00:17:44.381224+00:00,39.50089411485862
2025-06-16 00:17:47.265120+00:00,39.48921685543866
2025-06-16 00:17:48.734519+00:00,39.48341515922132
2025-06-16 00:17:50.221916+00:00,39.47761357579224
2025-06-16 00:17:50.529339+00:00,39.46593570329235
2025-06-16 00:17:51.555372+00:00,39.46595448039664
2025-06-16 00:17:52.313078+00:00,39.44847473506542
2025-06-16 00:17:52.922828+00:00,39.454313978268374
2025-06-16 00:17:54.969500+00:00,39.47757629919735
2025-06-16 00:17:55.489110+00:00,39.47759494286212
2025-06-16 00:17:56.658687+00:00,39.47179341623698
2025-06-16 00:17:57.501520+00:00,39.46013423429036
2025-06-16 00:17:57.918474+00:00,39.48345228090814
2025-06-16 00:17:58.329942+00:00,39.454313978268374
2025-06-16 00:18:03.590146+00:00,39.50091247017795
2025-06-16 00:18:06.714908+00:00,39.48345228090814
2025-06-16 00:18:11.982824+00:00,39.442635337770405
2025-06-16 00:18:13.538572+00:00,39.436814918559286
2025-06-16 00:18:14.412754+00:00,39.454313978268374
2025-06-16 00:18:14.921125+00:00,39.44261627231476
2025-06-16 00:18:15.908242+00:00,39.43101367759516
2025-06-16 00:18:17.856557+00:00,39.436814918559286
2025-06-16 00:18:20.002398+00:00,39.436814918559286
2025-06-16 00:18:20.579479+00:00,39.43099448943202
2025-06-16 00:18:21.732179+00:00,39.41933426908779
2025-06-16 00:18:22.158548+00:00,39.43097529053403
2025-06-16 00:18:22.515709+00:00,39.44255901153905
2025-06-16 00:18:22.812492+00:00,39.454219318197296
2025-06-16 00:18:26.563356+00:00,39.4076737314557
2025-06-16 00:18:28.364634+00:00,39.3727499097893
2025-06-16 00:18:29.435221+00:00,39.36692923813678
2025-06-16 00:18:30.805138+00:00,39.3727499097893
2025-06-16 00:18:32.022318+00:00,39.39023154193556
2025-06-16 00:18:32.888172+00:00,39.38433192869999
2025-06-16 00:18:35.097556+00:00,39.390211865247224
2025-06-16 00:18:35.390406+00:00,39.37271012386731
2025-06-16 00:18:35.624942+00:00,39.366849356457045
2025-06-16 00:18:35.884222+00:00,39.361048461238255
2025-06-16 00:18:36.144156+00:00,39.355247678815516
2025-06-16 00:18:37.069927+00:00,39.337744514954444
2025-06-16 00:18:39.397212+00:00,39.355247678815516
2025-06-16 00:18:40.354749+00:00,39.372670295005015
2025-06-16 00:18:40.631412+00:00,39.35520744960855
2025-06-16 00:18:40.773815+00:00,39.35520744960855
2025-06-16 00:18:43.086858+00:00,39.361048461238255
2025-06-16 00:18:43.288493+00:00,39.384292345261834
2025-06-16 00:18:43.471530+00:00,39.40173563441209
2025-06-16 00:18:46.571919+00:00,39.3668893187671
2025-06-16 00:18:50.700504+00:00,39.38431214234843
2025-06-16 00:18:52.773250+00:00,39.413416587150444
2025-06-16 00:18:53.612528+00:00,39.413436039888204
2025-06-16 00:18:56.591691+00:00,39.45420035397884
2025-06-16 00:18:57.477885+00:00,39.43091762943103
2025-06-16 00:18:58.655274+00:00,39.41925683237398
2025-06-16 00:19:01.804816+00:00,39.39597360292714
2025-06-16 00:19:02.230119+00:00,39.39013305114386
2025-06-16 00:19:03.886326+00:00,39.40763474621026
2025-06-16 00:19:05.413784+00:00,39.39595395002178
2025-06-16 00:19:06.288853+00:00,39.40763474621026
2025-06-16 00:19:11.479937+00:00,39.34354523893436
2025-06-16 00:19:12.875347+00:00,39.349366283877224
2025-06-16 00:19:13.910508+00:00,39.35520744960855
2025-06-16 00:19:14.479859+00:00,39.355187318902345
2025-06-16 00:19:18.892401+00:00,39.349325856810104
2025-06-16 00:19:19.309006+00:00,39.34350467841751
2025-06-16 00:19:19.612118+00:00,39.3318827109542
2025-06-16 00:19:19.945598+00:00,39.34352496404354
2025-06-16 00:19:20.280389+00:00,39.355167177461
2025-06-16 00:19:20.966512+00:00,39.34352496404354
2025-06-16 00:19:22.952908+00:00,39.349325856810104
2025-06-16 00:19:23.371174+00:00,39.33186229187774
2025-06-16 00:19:28.096579+00:00,39.35512686237285
2025-06-16 00:19:28.304113+00:00,39.34354523893436
2025-06-16 00:19:28.556544+00:00,39.34356550308999
2025-06-16 00:19:28.856775+00:00,39.34934607571125
2025-06-16 00:19:30.220613+00:00,39.349386481308024
2025-06-16 00:19:31.814012+00:00,39.38433192869999
2025-06-16 00:19:33.255111+00:00,39.37271012386731
2025-06-16 00:19:34.893284+00:00,39.37849122363548
2025-06-16 00:19:35.524880+00:00,39.366869342979626
2025-06-16 00:19:36.752670+00:00,39.38431214234843
2025-06-16 00:19:38.457270+00:00,39.37855075065535
2025-06-16 00:19:39.643225+00:00,39.39015277077222
2025-06-16 00:19:40.478179+00:00,39.34942684396413
2025-06-16 00:19:40.965870+00:00,39.337764835099925
2025-06-16 00:19:43.689195+00:00,39.337785144510185
2025-06-16 00:19:44.609452+00:00,39.331923516901384
2025-06-16 00:19:45.763112+00:00,39.34942684396413
2025-06-16 00:19:45.980474+00:00,39.361008344009726
2025-06-16 00:19:46.347869+00:00,39.32606156953257
2025-06-16 00:19:46.701755+00:00,39.349386481308024
2025-06-16 00:19:47.153360+00:00,39.33770384245785
2025-06-16 00:19:47.654232+00:00,39.33194390377212
2025-06-16 00:19:50.590418+00:00,39.33190311929541
2025-06-16 00:19:51.126361+00:00,39.355167177461
2025-06-16 00:19:53.303003+00:00,39.372690214803704
2025-06-16 00:19:53.995314+00:00,39.34354523893436
2025-06-16 00:19:56.200458+00:00,39.343585756510436
2025-06-16 00:19:56.659412+00:00,39.349386481308024
2025-06-16 00:19:57.210441+00:00,39.349386481308024
2025-06-16 00:19:58.568530+00:00,39.355227569579604
2025-06-16 00:19:58.924122+00:00,39.355227569579604
2025-06-16 00:19:59.934507+00:00,39.361028407991554
2025-06-16 00:20:01.074384+00:00,39.355227569579604
2025-06-16 00:20:01.522678+00:00,39.3668893187671
2025-06-16 00:20:01.948678+00:00,39.372670295005015
2025-06-16 00:20:02.323783+00:00,39.349386481308024
2025-06-16 00:20:02.702201+00:00,39.378511076710495
2025-06-16 00:20:03.577239+00:00,39.372690214803704
2025-06-16 00:20:03.994790+00:00,39.349386481308024
2025-06-16 00:20:07.513410+00:00,39.34940666800367
2025-06-16 00:20:11.580758+00:00,39.372690214803704
2025-06-16 00:20:13.238277+00:00,39.355247678815516
2025-06-16 00:20:13.989302+00:00,39.349386481308024
2025-06-16 00:20:14.447120+00:00,39.34942684396413
2025-06-16 00:20:15.911678+00:00,39.37271012386731
2025-06-16 00:20:17.856857+00:00,39.378530919050455
2025-06-16 00:20:18.605297+00:00,39.39017247966556
2025-06-16 00:20:19.053756+00:00,39.40179442516479
2025-06-16 00:20:20.277487+00:00,39.37271012386731
2025-06-16 00:20:22.201827+00:00,39.372690214803704
2025-06-16 00:20:22.850539+00:00,39.372670295005015
2025-06-16 00:20:24.210111+00:00,39.35528786508191
2025-06-16 00:20:26.543068+00:00,39.37855075065535
2025-06-16 00:20:29.611974+00:00,39.38437146919804
2025-06-16 00:20:36.977547+00:00,39.36692923813678
2025-06-16 00:20:39.592066+00:00,39.40187266254559
2025-06-16 00:20:41.228479+00:00,39.39025120788891
2025-06-16 00:20:42.374339+00:00,39.37861018105979
2025-06-16 00:20:44.211352+00:00,39.413552530881596
2025-06-16 00:20:48.526551+00:00,39.40193122786418
2025-06-16 00:20:49.178499+00:00,39.419372923035375
2025-06-16 00:20:51.255956+00:00,39.38445042137385
2025-06-16 00:20:53.385858+00:00,39.39023154193556
2025-06-16 00:20:54.623292+00:00,39.39025120788891
2025-06-16 00:20:55.282171+00:00,39.39027086310725
2025-06-16 00:20:56.326803+00:00,39.37278965277101
2025-06-16 00:20:58.067153+00:00,39.39605210719877
2025-06-16 00:20:58.460748+00:00,39.37278965277101
2025-06-16 00:20:58.863682+00:00,39.39025120788891
2025-06-16 00:21:00.436907+00:00,39.37280950815928
2025-06-16 00:21:02.601247+00:00,39.384410966755986
2025-06-16 00:21:03.670058+00:00,39.407732128811894
2025-06-16 00:21:07.451924+00:00,39.36694918171898
2025-06-16 00:21:08.969130+00:00,39.38447013258025
2025-06-16 00:21:09.287728+00:00,39.39027086310725
2025-06-16 00:21:12.905136+00:00,39.41935360142902
2025-06-16 00:21:14.593629+00:00,39.37861018105979
2025-06-16 00:21:15.551355+00:00,39.38443069943242
2025-06-16 00:21:17.816597+00:00,39.37861018105979
2025-06-16 00:21:20.028199+00:00,39.366989036678106
2025-06-16 00:21:20.950845+00:00,39.35528786508191
2025-06-16 00:21:25.828421+00:00,39.37273002219583
2025-06-16 00:21:26.811075+00:00,39.37271012386731
2025-06-16 00:21:28.817780+00:00,39.34942684396413
2025-06-16 00:21:30.318554+00:00,39.34942684396413
2025-06-16 00:21:35.935435+00:00,39.34942684396413
2025-06-16 00:21:36.136144+00:00,39.34942684396413
2025-06-16 00:21:36.788487+00:00,39.337764835099925
2025-06-16 00:21:36.996391+00:00,39.337744514954444
2025-06-16 00:21:37.200687+00:00,39.343585756510436
2025-06-16 00:21:37.427526+00:00,39.337785144510185
2025-06-16 00:21:38.001349+00:00,39.326143405387995
2025-06-16 00:21:40.340281+00:00,39.34944700918943
2025-06-16 00:21:45.378142+00:00,39.331964279907616
2025-06-16 00:21:48.826754+00:00,39.314460463237104
2025-06-16 00:21:52.746905+00:00,39.331923516901384
2025-06-16 00:21:53.759982+00:00,39.34356550308999
2025-06-16 00:21:54.829386+00:00,39.34356550308999
2025-06-16 00:21:55.371662+00:00,39.349366283877224
2025-06-16 00:21:58.901814+00:00,39.33194390377212
2025-06-16 00:22:01.397377+00:00,39.34360599919569
2025-06-16 00:22:05.683187+00:00,39.355187318902345
2025-06-16 00:22:10.508841+00:00,39.349386481308024
2025-06-16 00:22:12.226623+00:00,39.3610885355263
2025-06-16 00:22:13.453266+00:00,39.3610885355263
2025-06-16 00:22:14.425518+00:00,39.36106850374984
2025-06-16 00:22:17.620877+00:00,39.34942684396413
2025-06-16 00:22:18.752617+00:00,39.3668893187671
2025-06-16 00:22:19.162465+00:00,39.37271012386731
2025-06-16 00:22:19.571377+00:00,39.3668893187671
2025-06-16 00:22:20.908469+00:00,39.3668893187671
2025-06-16 00:22:22.011936+00:00,39.343585756510436
2025-06-16 00:22:24.084749+00:00,39.372690214803704
2025-06-16 00:22:25.990050+00:00,39.361048461238255
2025-06-16 00:22:26.817519+00:00,39.37271012386731
2025-06-16 00:22:31.534021+00:00,39.30281837787334
2025-06-16 00:22:38.004175+00:00,39.3261025089308
2025-06-16 00:22:38.469550+00:00,39.31441925693542
2025-06-16 00:22:39.295727+00:00,39.32608204459932
2025-06-16 00:22:40.953592+00:00,39.331923516901384
2025-06-16 00:22:41.504437+00:00,39.337744514954444
2025-06-16 00:22:43.452221+00:00,39.33194390377212
2025-06-16 00:22:44.229121+00:00,39.320322520951315
2025-06-16 00:22:45.472861+00:00,39.349386481308024
2025-06-16 00:22:50.311695+00:00,39.372690214803704
2025-06-16 00:22:58.567894+00:00,39.40769320797603
2025-06-16 00:22:59.759132+00:00,39.39605210719877
2025-06-16 00:23:01.310269+00:00,39.413552530881596
2025-06-16 00:23:04.941482+00:00,39.407732128811894
2025-06-16 00:23:06.295983+00:00,39.396071706429225
2025-06-16 00:23:08.783013+00:00,39.40187266254559
2025-06-16 00:23:11.278935+00:00,39.42517405038859
2025-06-16 00:23:12.206568+00:00,39.396071706429225
2025-06-16 00:23:12.638625+00:00,39.40187266254559
2025-06-16 00:23:13.009107+00:00,39.40183356532509
2025-06-16 00:23:13.259238+00:00,39.40185311930283
2025-06-16 00:23:13.558115+00:00,39.384351704316536
2025-06-16 00:23:14.624431+00:00,39.40185311930283
2025-06-16 00:23:17.898677+00:00,39.39603249723333
2025-06-16 00:23:19.092757+00:00,39.37271012386731
2025-06-16 00:23:19.768273+00:00,39.36690928381948
2025-06-16 00:23:20.000635+00:00,39.3668893187671
2025-06-16 00:23:22.307339+00:00,39.33198464530789
2025-06-16 00:23:24.492412+00:00,39.331964279907616
2025-06-16 00:23:25.009569+00:00,39.33194390377212
2025-06-16 00:23:25.467389+00:00,39.33194390377212
2025-06-16 00:23:26.964882+00:00,39.314481050284996
2025-06-16 00:23:27.516652+00:00,39.2969973203152
2025-06-16 00:23:27.852224+00:00,39.28535517544635
2025-06-16 00:23:29.184800+00:00,39.28533424402992
2025-06-16 00:23:29.912433+00:00,39.30281837787334
2025-06-16 00:23:31.091351+00:00,39.3261025089308
2025-06-16 00:23:35.061370+00:00,39.33772418407376
2025-06-16 00:23:36.411369+00:00,39.34356550308999
2025-06-16 00:23:36.710026+00:00,39.349386481308024
2025-06-16 00:23:41.024303+00:00,39.337764835099925
2025-06-16 00:23:41.348955+00:00,39.34356550308999
2025-06-16 00:23:41.558117+00:00,39.337744514954444
2025-06-16 00:23:41.681721+00:00,39.361008344009726
2025-06-16 00:23:43.197425+00:00,39.34354523893436
2025-06-16 00:23:44.500418+00:00,39.337744514954444
2025-06-16 00:23:45.316344+00:00,39.32024041819298
2025-06-16 00:23:47.548511+00:00,39.34356550308999
2025-06-16 00:23:50.275415+00:00,39.326143405387995
2025-06-16 00:23:51.199841+00:00,39.331964279907616
2025-06-16 00:23:51.509821+00:00,39.337744514954444
2025-06-16 00:23:53.013443+00:00,39.314460463237104
2025-06-16 00:23:53.333734+00:00,39.34360599919569
2025-06-16 00:23:54.985733+00:00,39.32608204459932
2025-06-16 00:23:55.562855+00:00,39.320322520951315
2025-06-16 00:23:57.057803+00:00,39.337764835099925
2025-06-16 00:23:57.742783+00:00,39.30866007928803
2025-06-16 00:23:58.991009+00:00,39.30863942551399
2025-06-16 00:24:00.714856+00:00,39.331923516901384
2025-06-16 00:24:01.289807+00:00,39.320281491042714
2025-06-16 00:24:01.820536+00:00,39.314460463237104
2025-06-16 00:24:03.297387+00:00,39.3261025089308
2025-06-16 00:24:04.711210+00:00,39.34356550308999
2025-06-16 00:24:09.604811+00:00,39.35520744960855
2025-06-16 00:24:10.265013+00:00,39.34942684396413
2025-06-16 00:24:11.027498+00:00,39.33200499997293
2025-06-16 00:24:13.574302+00:00,39.36690928381948
2025-06-16 00:24:15.658862+00:00,39.36110855656765
2025-06-16 00:24:16.026795+00:00,39.35528786508191
2025-06-16 00:24:16.405920+00:00,39.36106850374984
2025-06-16 00:24:19.232170+00:00,39.36692923813678
2025-06-16 00:24:24.022968+00:00,39.355247678815516
2025-06-16 00:24:24.608095+00:00,39.355247678815516
2025-06-16 00:24:24.948963+00:00,39.3610885355263
2025-06-16 00:24:25.152351+00:00,39.343585756510436
2025-06-16 00:24:26.938284+00:00,39.34360599919569
2025-06-16 00:24:28.258874+00:00,39.3668893187671
2025-06-16 00:24:30.442234+00:00,39.34360599919569
2025-06-16 00:24:30.914313+00:00,39.34942684396413
2025-06-16 00:24:32.455255+00:00,39.343585756510436
2025-06-16 00:24:34.058861+00:00,39.337764835099925
2025-06-16 00:24:36.672160+00:00,39.3261025089308
2025-06-16 00:24:41.822708+00:00,39.331923516901384
2025-06-16 00:24:43.699206+00:00,39.320322520951315
2025-06-16 00:24:46.180850+00:00,39.314481050284996
2025-06-16 00:24:46.630203+00:00,39.32030201136465
2025-06-16 00:24:46.979142+00:00,39.3261025089308
2025-06-16 00:24:47.263518+00:00,39.325979561912916
2025-06-16 00:24:48.687019+00:00,39.320322520951315
2025-06-16 00:24:49.857547+00:00,39.337764835099925
2025-06-16 00:24:51.115783+00:00,39.32034301980269
2025-06-16 00:24:52.047628+00:00,39.337785144510185
2025-06-16 00:24:52.922959+00:00,39.331964279907616
2025-06-16 00:24:56.081460+00:00,39.337785144510185
2025-06-16 00:24:58.489820+00:00,39.337785144510185
2025-06-16 00:24:59.456059+00:00,39.32612296252703
2025-06-16 00:25:01.105037+00:00,39.31450162659757
2025-06-16 00:25:01.832646+00:00,39.31450162659757
2025-06-16 00:25:03.762119+00:00,39.30277690466638
2025-06-16 00:25:07.029640+00:00,39.30277690466638
2025-06-16 00:25:09.746119+00:00,39.2969973203152
2025-06-16 00:25:10.863186+00:00,39.30281837787334
2025-06-16 00:25:12.475669+00:00,39.2969973203152
2025-06-16 00:25:14.201657+00:00,39.29119710679346
2025-06-16 00:25:14.573727+00:00,39.30866007928803
2025-06-16 00:25:15.520790+00:00,39.31450162659757
2025-06-16 00:25:17.672261+00:00,39.320322520951315
2025-06-16 00:25:18.391083+00:00,39.302859808138905
2025-06-16 00:25:18.836170+00:00,39.29121795001199
2025-06-16 00:25:21.809105+00:00,39.33198464530789
2025-06-16 00:25:22.840184+00:00,39.320322520951315
2025-06-16 00:25:25.787547+00:00,39.34364645236063
2025-06-16 00:25:26.200017+00:00,39.32622506947933
2025-06-16 00:25:32.087422+00:00,39.355247678815516
2025-06-16 00:25:35.653709+00:00,39.361148566444996
2025-06-16 00:25:36.557390+00:00,39.36116855528101
2025-06-16 00:25:44.659543+00:00,39.361148566444996
2025-06-16 00:25:44.869146+00:00,39.39025120788891
2025-06-16 00:25:45.994810+00:00,39.3612085007477
2025-06-16 00:25:48.744516+00:00,39.343767554211134
2025-06-16 00:25:50.230964+00:00,39.355388142883044
2025-06-16 00:25:51.396418+00:00,39.361188533381906
2025-06-16 00:25:51.714217+00:00,39.36702884869689
2025-06-16 00:25:52.590066+00:00,39.36116855528101
2025-06-16 00:25:54.259746+00:00,39.372829352812474
2025-06-16 00:25:54.511208+00:00,39.36700894805504
2025-06-16 00:25:54.781287+00:00,39.37862996972452
2025-06-16 00:25:54.996891+00:00,39.37864974765421
2025-06-16 00:25:55.230375+00:00,39.372849186730605
2025-06-16 00:25:55.430740+00:00,39.38445042137385
2025-06-16 00:25:55.706032+00:00,39.37862996972452
2025-06-16 00:25:55.881787+00:00,39.37280950815928
2025-06-16 00:25:56.106220+00:00,39.39611087268523
2025-06-16 00:25:56.316870+00:00,39.38445042137385
2025-06-16 00:25:56.542084+00:00,39.38443069943242
2025-06-16 00:25:56.894561+00:00,39.37862996972452
2025-06-16 00:25:57.279358+00:00,39.372829352812474
2025-06-16 00:25:57.556866+00:00,39.38447013258025
2025-06-16 00:25:57.947661+00:00,39.41357190847499
2025-06-16 00:25:58.181948+00:00,39.39031014133894
2025-06-16 00:25:58.514258+00:00,39.407751573127435
2025-06-16 00:25:58.748829+00:00,39.37862996972452
2025-06-16 00:25:58.989499+00:00,39.39027086310725
2025-06-16 00:25:59.390927+00:00,39.390290507590585
2025-06-16 00:25:59.710299+00:00,39.38447013258025
2025-06-16 00:26:00.294390+00:00,39.38443069943242
2025-06-16 00:26:01.783420+00:00,39.38447013258025
2025-06-16 00:26:02.137225+00:00,39.390290507590585
2025-06-16 00:26:04.506771+00:00,39.407751573127435
2025-06-16 00:26:06.741802+00:00,39.41359127533348
2025-06-16 00:26:08.327667+00:00,39.39613043971078
2025-06-16 00:26:08.842889+00:00,39.38445042137385
2025-06-16 00:26:10.178329+00:00,39.38447013258025
2025-06-16 00:26:13.855439+00:00,39.36702884869689
2025-06-16 00:26:14.638836+00:00,39.37868927130846
2025-06-16 00:26:15.650497+00:00,39.36704873860366
2025-06-16 00:26:18.887990+00:00,39.39613043971078
2025-06-16 00:26:20.666341+00:00,39.40777100670805
2025-06-16 00:26:20.866997+00:00,39.40193122786418
2025-06-16 00:26:22.262713+00:00,39.41357190847499
2025-06-16 00:26:23.775851+00:00,39.425212549423016
2025-06-16 00:26:24.310173+00:00,39.396149996001355
2025-06-16 00:26:27.345706+00:00,39.39611087268523
2025-06-16 00:26:29.404668+00:00,39.396149996001355
2025-06-16 00:26:31.127499+00:00,39.38448983305163
2025-06-16 00:26:34.530439+00:00,39.39613043971078
2025-06-16 00:26:36.811116+00:00,39.407751573127435
2025-06-16 00:26:37.288000+00:00,39.396071706429225
2025-06-16 00:26:37.522009+00:00,39.407751573127435
2025-06-16 00:26:37.880305+00:00,39.390290507590585
2025-06-16 00:26:38.104356+00:00,39.413552530881596
2025-06-16 00:26:38.340795+00:00,39.41935360142902
2025-06-16 00:26:38.542880+00:00,39.39027086310725
2025-06-16 00:26:38.709026+00:00,39.396071706429225
2025-06-16 00:26:38.995790+00:00,39.41357190847499
2025-06-16 00:26:41.072413+00:00,39.419372923035375
2025-06-16 00:26:43.046802+00:00,39.38448983305163
2025-06-16 00:26:43.488115+00:00,39.41946937004397
2025-06-16 00:26:46.244402+00:00,39.42527021746322
2025-06-16 00:26:47.001872+00:00,39.425212549423016
2025-06-16 00:26:51.155743+00:00,39.436872250680516
2025-06-16 00:26:52.354811+00:00,39.41941153404345
2025-06-16 00:26:54.062689+00:00,39.40779042955375
2025-06-16 00:26:55.668701+00:00,39.413610631457075
2025-06-16 00:26:56.912249+00:00,39.42523178283793
2025-06-16 00:26:58.676638+00:00,39.41943082344516
2025-06-16 00:26:59.312657+00:00,39.407809841664516
2025-06-16 00:27:05.344050+00:00,39.38447013258025
2025-06-16 00:27:07.435204+00:00,39.37864974765421
2025-06-16 00:27:10.533449+00:00,39.361148566444996
2025-06-16 00:27:13.415332+00:00,39.36696911456608
2025-06-16 00:27:13.658048+00:00,39.36694918171898
2025-06-16 00:27:14.551998+00:00,39.34950744045438
2025-06-16 00:27:22.471990+00:00,39.37276978664769
2025-06-16 00:27:23.734796+00:00,39.36116855528101
2025-06-16 00:27:27.127783+00:00,39.320424907855475
2025-06-16 00:27:28.386253+00:00,39.33786627479916
2025-06-16 00:27:29.579140+00:00,39.34368686258484
2025-06-16 00:27:30.113947+00:00,39.34368686258484
2025-06-16 00:27:35.982547+00:00,39.396071706429225
2025-06-16 00:27:36.861404+00:00,39.38448983305163
2025-06-16 00:27:37.406306+00:00,39.39025120788891
2025-06-16 00:27:37.899880+00:00,39.372829352812474
2025-06-16 00:27:38.833086+00:00,39.37862996972452
2025-06-16 00:27:41.266223+00:00,39.37862996972452
2025-06-16 00:27:43.064023+00:00,39.372849186730605
2025-06-16 00:27:46.751655+00:00,39.3903297643523
2025-06-16 00:27:47.462474+00:00,39.38450952278801
2025-06-16 00:27:50.220319+00:00,39.413610631457075
2025-06-16 00:27:51.788679+00:00,39.40779042955375
2025-06-16 00:27:52.857529+00:00,39.40782924304037
2025-06-16 00:27:54.444008+00:00,39.419450102112
2025-06-16 00:27:55.281796+00:00,39.41370725105161
2025-06-16 00:27:56.625449+00:00,39.419450102112
2025-06-16 00:27:57.076655+00:00,39.42525100551801
2025-06-16 00:27:59.198568+00:00,39.419450102112
2025-06-16 00:27:59.427734+00:00,39.43107117767561
2025-06-16 00:27:59.870016+00:00,39.42525100551801
2025-06-16 00:28:02.308481+00:00,39.431090322899436
2025-06-16 00:28:04.825577+00:00,39.40782924304037
2025-06-16 00:28:08.250043+00:00,39.396149996001355
2025-06-16 00:28:11.055937+00:00,39.3903297643523
2025-06-16 00:28:14.339796+00:00,39.37870901703304
2025-06-16 00:28:19.424279+00:00,39.39622811381404
2025-06-16 00:28:21.870129+00:00,39.40782924304037
2025-06-16 00:28:23.608798+00:00,39.41946937004397
2025-06-16 00:28:26.577349+00:00,39.41950787370331
2025-06-16 00:28:26.869973+00:00,39.425327788889795
2025-06-16 00:28:27.777921+00:00,39.41950787370331
2025-06-16 00:28:28.582272+00:00,39.43114769416195
2025-06-16 00:28:29.610658+00:00,39.41950787370331
2025-06-16 00:28:32.302266+00:00,39.448607350492395
2025-06-16 00:28:34.422305+00:00,39.44282540191366
2025-06-16 00:28:35.487389+00:00,39.43118588799617
2025-06-16 00:28:37.377970+00:00,39.44866402465405
2025-06-16 00:28:38.876639+00:00,39.43702466400571
2025-06-16 00:28:39.219954+00:00,39.43114769416195
2025-06-16 00:28:40.496793+00:00,39.442806443805836
2025-06-16 00:28:42.954520+00:00,39.4602658404891
2025-06-16 00:28:43.613110+00:00,39.47192401321449
2025-06-16 00:28:44.374748+00:00,39.46032208212509
2025-06-16 00:28:46.649994+00:00,39.45446487617563
2025-06-16 00:28:49.126005+00:00,39.442806443805836
2025-06-16 00:28:51.587516+00:00,39.45446487617563
2025-06-16 00:28:52.716997+00:00,39.47192401321449
2025-06-16 00:28:53.376676+00:00,39.4602658404891
2025-06-16 00:28:58.220507+00:00,39.44864514400158
2025-06-16 00:28:58.825010+00:00,39.47192401321449
2025-06-16 00:28:59.236998+00:00,39.47774370573302
2025-06-16 00:28:59.811265+00:00,39.46024707180769
2025-06-16 00:29:05.900780+00:00,39.46612299127418
2025-06-16 00:29:06.393254+00:00,39.477762252786
2025-06-16 00:29:06.751887+00:00,39.47192401321449
2025-06-16 00:29:08.055107+00:00,39.46616032005434
2025-06-16 00:29:12.048436+00:00,39.51271606067255
2025-06-16 00:29:12.308098+00:00,39.501077184997186
2025-06-16 00:29:13.946810+00:00,39.48941987752342
2025-06-16 00:29:17.296751+00:00,39.495276046982035
2025-06-16 00:29:18.841085+00:00,39.501058926288785
2025-06-16 00:29:22.359174+00:00,39.471942626986916
2025-06-16 00:29:23.338375+00:00,39.48941987752342
2025-06-16 00:29:24.360457+00:00,39.46614166103161
2025-06-16 00:29:26.053695+00:00,39.466104310782086
2025-06-16 00:29:29.940164+00:00,39.43116679644647
2025-06-16 00:29:30.248537+00:00,39.425327788889795
2025-06-16 00:29:30.562341+00:00,39.407809841664516
2025-06-16 00:29:30.939057+00:00,39.396189076377624
2025-06-16 00:29:32.464507+00:00,39.3496681181475
2025-06-16 00:29:34.402663+00:00,39.355428178857586
2025-06-16 00:29:34.593490+00:00,39.355428178857586
2025-06-16 00:29:36.056514+00:00,39.3845881743834
2025-06-16 00:29:37.760390+00:00,39.37286900991368
2025-06-16 00:29:39.588731+00:00,39.367068617775345
2025-06-16 00:29:39.798374+00:00,39.37286900991368
2025-06-16 00:29:40.582851+00:00,39.3728888223617
2025-06-16 00:29:48.630578+00:00,39.37868927130846
2025-06-16 00:29:51.453875+00:00,39.361268338434456
2025-06-16 00:29:53.485483+00:00,39.367128190879946
2025-06-16 00:29:53.790506+00:00,39.361268338434456
2025-06-16 00:29:54.442710+00:00,39.37290862407466
2025-06-16 00:29:55.345679+00:00,39.37290862407466
2025-06-16 00:29:56.776468+00:00,39.36122845737839
2025-06-16 00:30:07.504656+00:00,39.34956777510291
2025-06-16 00:30:10.898300+00:00,39.349628013135096
2025-06-16 00:30:11.573907+00:00,39.36702884869689
2025-06-16 00:30:12.112507+00:00,39.34960794452618
2025-06-16 00:30:14.488682+00:00,39.36714802711134
2025-06-16 00:30:16.292179+00:00,39.3496681181475
2025-06-16 00:30:19.429534+00:00,39.36130817655013
2025-06-16 00:30:23.324371+00:00,39.37876818979659
2025-06-16 00:30:27.563134+00:00,39.38452920178936
2025-06-16 00:30:28.289122+00:00,39.361268338434456
2025-06-16 00:30:29.201190+00:00,39.36130817655013
2025-06-16 00:30:32.090216+00:00,39.402048068657855
2025-06-16 00:30:35.970756+00:00,39.38452920178936
2025-06-16 00:30:42.365573+00:00,39.37298772357601
2025-06-16 00:30:48.883112+00:00,39.390466824866266
2025-06-16 00:30:49.300446+00:00,39.38466665421874
2025-06-16 00:30:51.046372+00:00,39.39628658945648
2025-06-16 00:30:53.963083+00:00,39.39048636199978
2025-06-16 00:30:56.058120+00:00,39.39630605986739
2025-06-16 00:30:56.358680+00:00,39.40212574782158
2025-06-16 00:30:56.816496+00:00,39.39048636199978
2025-06-16 00:30:57.603540+00:00,39.39054490899048
2025-06-16 00:30:58.515786+00:00,39.407964752093825
2025-06-16 00:31:00.002039+00:00,39.41378435349926
2025-06-16 00:31:03.246797+00:00,39.44292003143123
2025-06-16 00:31:04.859118+00:00,39.466178968342405
2025-06-16 00:31:08.253523+00:00,39.45455883848901
2025-06-16 00:31:09.044342+00:00,39.46035952287557
2025-06-16 00:31:09.588445+00:00,39.44870175375476
2025-06-16 00:31:11.538649+00:00,39.46039692068729
2025-06-16 00:31:12.309315+00:00,39.45457759874753
2025-06-16 00:31:13.585841+00:00,39.43710061303323
2025-06-16 00:31:14.817046+00:00,39.45459634827134
2025-06-16 00:31:17.156239+00:00,39.47205408419379
2025-06-16 00:31:18.987407+00:00,39.46039692068729
2025-06-16 00:31:20.390816+00:00,39.47203553482927
2025-06-16 00:31:21.836779+00:00,39.489456651080054
2025-06-16 00:31:22.145352+00:00,39.46621623271453
2025-06-16 00:31:23.166957+00:00,39.46035952287557
2025-06-16 00:31:23.782425+00:00,39.49531264416303
2025-06-16 00:31:24.291420+00:00,39.472016974730096
2025-06-16 00:31:25.005569+00:00,39.4894750217565
2025-06-16 00:31:26.273857+00:00,39.46621623271453
2025-06-16 00:31:26.885472+00:00,39.45454006749577
2025-06-16 00:31:28.199450+00:00,39.477817829537166
2025-06-16 00:31:31.982583+00:00,39.477817829537166
2025-06-16 00:31:34.037721+00:00,39.49529435093981
2025-06-16 00:31:35.281530+00:00,39.472016974730096
2025-06-16 00:31:35.683756+00:00,39.4662348487986
2025-06-16 00:31:36.052740+00:00,39.47199840389628
2025-06-16 00:31:36.562289+00:00,39.47785482703148
2025-06-16 00:31:37.264791+00:00,39.4894750217565
2025-06-16 00:31:37.958677+00:00,39.48369252524732
2025-06-16 00:31:39.431810+00:00,39.50113189671518
2025-06-16 00:31:40.724787+00:00,39.48949338169836
2025-06-16 00:31:41.517713+00:00,39.506969288406914
2025-06-16 00:31:42.156745+00:00,39.52439084816523
2025-06-16 00:31:44.458450+00:00,39.506969288406914
2025-06-16 00:31:44.618903+00:00,39.50111367021038
2025-06-16 00:31:45.019789+00:00,39.50111367021038
2025-06-16 00:31:45.388284+00:00,39.50109543297105
2025-06-16 00:31:45.922763+00:00,39.48943826966902
2025-06-16 00:31:49.071357+00:00,39.46032208212509
2025-06-16 00:31:49.357027+00:00,39.45448369010774
2025-06-16 00:31:50.116676+00:00,39.45450249330514
2025-06-16 00:31:52.646389+00:00,39.4428443492867
2025-06-16 00:31:53.006740+00:00,39.431204968811066
2025-06-16 00:31:54.134351+00:00,39.38462743577107
2025-06-16 00:31:54.453688+00:00,39.419527109430675
2025-06-16 00:31:57.501899+00:00,39.41372654276585
2025-06-16 00:31:59.285735+00:00,39.41372654276585
2025-06-16 00:31:59.553896+00:00,39.41364931149957
2025-06-16 00:32:00.997787+00:00,39.41370725105161
2025-06-16 00:32:01.651476+00:00,39.41950787370331
2025-06-16 00:32:02.181433+00:00,39.38454887005572
2025-06-16 00:32:02.552974+00:00,39.40782924304037
2025-06-16 00:32:05.585336+00:00,39.36128826285984
2025-06-16 00:32:07.260770+00:00,39.38454887005572
2025-06-16 00:32:10.228679+00:00,39.37870901703304
2025-06-16 00:32:12.546274+00:00,39.34958786518212
2025-06-16 00:32:12.921419+00:00,39.361188533381906
2025-06-16 00:32:15.420528+00:00,39.34954767428856
2025-06-16 00:32:19.415839+00:00,39.314624859031795
2025-06-16 00:32:20.464500+00:00,39.32046578747025
2025-06-16 00:32:21.540330+00:00,39.32044535303049
2025-06-16 00:32:22.147418+00:00,39.308763187128456
2025-06-16 00:32:24.817957+00:00,39.29125960424288
2025-06-16 00:32:25.386494+00:00,39.291301215532215
2025-06-16 00:32:26.674553+00:00,39.279617973356274
2025-06-16 00:32:27.627178+00:00,39.250492433757564
2025-06-16 00:32:29.325742+00:00,39.24462874378061
2025-06-16 00:32:29.745049+00:00,39.23300806435385
2025-06-16 00:32:32.902446+00:00,39.23298655385452
2025-06-16 00:32:34.897440+00:00,39.22714385605124
2025-06-16 00:32:36.344235+00:00,39.209680266841175
2025-06-16 00:32:41.122127+00:00,39.22130100413585
2025-06-16 00:32:41.372632+00:00,39.24454312825941
2025-06-16 00:32:41.581627+00:00,39.25034311127084
2025-06-16 00:32:41.792628+00:00,39.2271006479157
2025-06-16 00:32:46.483942+00:00,39.25038582851628
2025-06-16 00:32:48.143096+00:00,39.25034311127084
2025-06-16 00:32:49.890991+00:00,39.22707902774445
2025-06-16 00:32:50.541507+00:00,39.2271222573513
2025-06-16 00:32:50.885003+00:00,39.23292195794279
2025-06-16 00:32:51.420355+00:00,39.23292195794279
2025-06-16 00:32:51.811017+00:00,39.2271222573513
2025-06-16 00:32:52.423333+00:00,39.221279327970635
2025-06-16 00:32:53.123450+00:00,39.221279327970635
2025-06-16 00:32:54.156579+00:00,39.22714385605124
2025-06-16 00:32:54.855442+00:00,39.232943500649
2025-06-16 00:32:56.729271+00:00,39.24456454824308
2025-06-16 00:32:59.930973+00:00,39.23292195794279
2025-06-16 00:33:01.315639+00:00,39.262049568371374
2025-06-16 00:33:10.857343+00:00,39.26793411475346
2025-06-16 00:33:11.491498+00:00,39.26211313114617
2025-06-16 00:33:12.284407+00:00,39.26793411475346
2025-06-16 00:33:13.164352+00:00,39.27959701815428
2025-06-16 00:33:16.835144+00:00,39.27959701815428
2025-06-16 00:33:17.475300+00:00,39.273818154232075
2025-06-16 00:33:18.204916+00:00,39.297059649790306
2025-06-16 00:33:18.478311+00:00,39.29123878249513
2025-06-16 00:33:18.685758+00:00,39.302901195463065
2025-06-16 00:33:18.904589+00:00,39.29121795001199
2025-06-16 00:33:22.170685+00:00,39.29712188264711
2025-06-16 00:33:23.482218+00:00,39.30292187302213
2025-06-16 00:33:23.655433+00:00,39.30288050716865
2025-06-16 00:33:23.984055+00:00,39.30874258703101
2025-06-16 00:33:27.269127+00:00,39.279617973356274
2025-06-16 00:33:29.199766+00:00,39.291301215532215
2025-06-16 00:33:32.425108+00:00,39.291301215532215
2025-06-16 00:33:33.814723+00:00,39.250535000705206
2025-06-16 00:33:35.264374+00:00,39.250492433757564
2025-06-16 00:33:36.794791+00:00,39.25633459258379
2025-06-16 00:33:39.999070+00:00,39.22723014349457
2025-06-16 00:33:42.546920+00:00,39.256377004603664
2025-06-16 00:33:43.502530+00:00,39.25051372259916
2025-06-16 00:33:43.854818+00:00,39.25051372259916
2025-06-16 00:33:44.758309+00:00,39.23302956411754
2025-06-16 00:33:47.721504+00:00,39.26793411475346
2025-06-16 00:33:48.117089+00:00,39.26797630280325
2025-06-16 00:33:49.188575+00:00,39.28539700607295
2025-06-16 00:33:52.477680+00:00,39.26797630280325
2025-06-16 00:33:53.221125+00:00,39.26211313114617
2025-06-16 00:33:54.255546+00:00,39.28545967149723
2025-06-16 00:33:56.663130+00:00,39.27379714303806
2025-06-16 00:33:57.287874+00:00,39.27959701815428
2025-06-16 00:33:57.891802+00:00,39.27957605221685
2025-06-16 00:33:58.310231+00:00,39.26213429726675
2025-06-16 00:34:05.665969+00:00,39.27953408813565
2025-06-16 00:34:06.710106+00:00,39.29123878249513
2025-06-16 00:34:09.401997+00:00,39.29123878249513
2025-06-16 00:34:10.674660+00:00,39.27959701815428
2025-06-16 00:34:11.390936+00:00,39.28537609612736
2025-06-16 00:34:19.443186+00:00,39.29703888403398
2025-06-16 00:34:19.696751+00:00,39.29125960424288
2025-06-16 00:34:20.113358+00:00,39.31458382449489
2025-06-16 00:34:21.746701+00:00,39.28543879375788
2025-06-16 00:34:23.109157+00:00,39.29121795001199
2025-06-16 00:34:24.789021+00:00,39.29708040481127
2025-06-16 00:34:25.513125+00:00,39.279617973356274
2025-06-16 00:34:26.579887+00:00,39.28541790528312
2025-06-16 00:34:29.504559+00:00,39.26793411475346
2025-06-16 00:34:33.766157+00:00,39.20383718498307
2025-06-16 00:34:34.313886+00:00,39.186417397458676
2025-06-16 00:34:34.554786+00:00,39.197993949010666
2025-06-16 00:34:35.811792+00:00,39.174730621373605
2025-06-16 00:34:38.562391+00:00,39.18059620828141
2025-06-16 00:34:39.800894+00:00,39.2097238324129
2025-06-16 00:34:41.721535+00:00,39.23882909754643
2025-06-16 00:34:43.521524+00:00,39.192238576718665
2025-06-16 00:34:43.803670+00:00,39.21552319458574
2025-06-16 00:34:44.062311+00:00,39.19803782444689
2025-06-16 00:34:46.354884+00:00,39.163110259243695
2025-06-16 00:34:47.610987+00:00,39.17475282064815
2025-06-16 00:34:48.196180+00:00,39.16893154490468
2025-06-16 00:34:48.648581+00:00,39.151512558366335
2025-06-16 00:34:51.355481+00:00,39.16893154490468
2025-06-16 00:34:52.249363+00:00,39.20381530862761
2025-06-16 00:34:52.675457+00:00,39.18639534238255
2025-06-16 00:34:53.184776+00:00,39.203859050602794
2025-06-16 00:34:54.581507+00:00,39.19801589209666
2025-06-16 00:34:54.973286+00:00,39.19805974606136
2025-06-16 00:34:55.349084+00:00,39.19221658837348
2025-06-16 00:34:55.562543+00:00,39.203859050602794
2025-06-16 00:34:56.937474+00:00,39.16893154490468
2025-06-16 00:34:59.862407+00:00,39.18057408647411
2025-06-16 00:35:00.426902+00:00,39.19803782444689
2025-06-16 00:35:07.823189+00:00,39.174708411363206
2025-06-16 00:35:10.977408+00:00,39.209680266841175
2025-06-16 00:35:19.714663+00:00,39.20965846795174
2025-06-16 00:35:21.907027+00:00,39.23302956411754
2025-06-16 00:35:24.286020+00:00,39.21550147316205
2025-06-16 00:35:28.948497+00:00,39.21550147316205
2025-06-16 00:35:30.840406+00:00,39.19221658837348
2025-06-16 00:35:31.625398+00:00,39.209680266841175
2025-06-16 00:35:35.254680+00:00,39.22716544401555
2025-06-16 00:35:37.281056+00:00,39.22716544401555
2025-06-16 00:35:41.989259+00:00,39.21554490527373
2025-06-16 00:35:42.974557+00:00,39.23307253143809
2025-06-16 00:35:44.611942+00:00,39.26213429726675
2025-06-16 00:35:45.682531+00:00,39.24467148712772
2025-06-16 00:35:49.408452+00:00,39.26797630280325
2025-06-16 00:35:50.166901+00:00,39.250535000705206
2025-06-16 00:35:50.437183+00:00,39.268018447911125
2025-06-16 00:35:51.521828+00:00,39.24471418753255
2025-06-16 00:35:54.654689+00:00,39.27386014441372
2025-06-16 00:35:55.368965+00:00,39.268018447911125
2025-06-16 00:35:56.828531+00:00,39.26219773121547
2025-06-16 00:35:57.144635+00:00,39.291301215532215
2025-06-16 00:35:58.298922+00:00,39.291301215532215
2025-06-16 00:36:00.030124+00:00,39.28548053850117
2025-06-16 00:36:03.061285+00:00,39.29714260546199
2025-06-16 00:36:03.725255+00:00,39.30296319593425
2025-06-16 00:36:04.178678+00:00,39.31460434713099
2025-06-16 00:36:04.643797+00:00,39.29712188264711
2025-06-16 00:36:05.605861+00:00,39.31460434713099
2025-06-16 00:36:13.493445+00:00,39.33804818994022
2025-06-16 00:36:13.876371+00:00,39.31466585062752
2025-06-16 00:36:14.228420+00:00,39.31466585062752
2025-06-16 00:36:14.403097+00:00,39.30298384128729
2025-06-16 00:36:14.595425+00:00,39.29138430928628
2025-06-16 00:36:14.862350+00:00,39.314624859031795
2025-06-16 00:36:15.154864+00:00,39.32624545866404
2025-06-16 00:36:15.554955+00:00,39.30296319593425
2025-06-16 00:36:17.363813+00:00,39.30302509978739
2025-06-16 00:36:18.983541+00:00,39.343767554211134
2025-06-16 00:36:19.868451+00:00,39.326306561806696
2025-06-16 00:36:20.110938+00:00,39.32628620482772
2025-06-16 00:36:21.346761+00:00,39.33212690252341
2025-06-16 00:36:22.152808+00:00,39.343767554211134
2025-06-16 00:36:23.112794+00:00,39.31466585062752
2025-06-16 00:36:23.764214+00:00,39.32632690805043
2025-06-16 00:36:24.808855+00:00,39.31466585062752
2025-06-16 00:36:26.103827+00:00,39.31466585062752
2025-06-16 00:36:27.202445+00:00,39.31466585062752
2025-06-16 00:36:33.071476+00:00,39.31460434713099
2025-06-16 00:36:33.672193+00:00,39.314624859031795
2025-06-16 00:36:34.268999+00:00,39.314624859031795
2025-06-16 00:36:34.527472+00:00,39.314624859031795
2025-06-16 00:36:36.224875+00:00,39.314624859031795
2025-06-16 00:36:37.820058+00:00,39.29132200507381
2025-06-16 00:36:38.513449+00:00,39.32044535303049
2025-06-16 00:36:41.135398+00:00,39.279680774549675
2025-06-16 00:36:42.326821+00:00,39.27970168680994
2025-06-16 00:36:43.068010+00:00,39.2855013947697
2025-06-16 00:36:43.786874+00:00,39.29134278388001
2025-06-16 00:36:44.973015+00:00,39.30296319593425
2025-06-16 00:36:46.062618+00:00,39.30296319593425
2025-06-16 00:36:49.085419+00:00,39.30880435511739
2025-06-16 00:36:51.552568+00:00,39.31466585062752
2025-06-16 00:36:51.950004+00:00,39.326306561806696
2025-06-16 00:36:52.502870+00:00,39.303004475905006
2025-06-16 00:36:54.064506+00:00,39.33212690252341
2025-06-16 00:36:54.775857+00:00,39.32634724355893
2025-06-16 00:36:56.417495+00:00,39.36122845737839
2025-06-16 00:36:58.258463+00:00,39.367068617775345
2025-06-16 00:36:58.818479+00:00,39.35548815230598
2025-06-16 00:36:58.992288+00:00,39.337987648176586
2025-06-16 00:36:59.776485+00:00,39.34958786518212
2025-06-16 00:37:00.216732+00:00,39.361268338434456
2025-06-16 00:37:00.671352+00:00,39.36122845737839
2025-06-16 00:37:01.044941+00:00,39.36122845737839
2025-06-16 00:37:03.644363+00:00,39.367128190879946
2025-06-16 00:37:05.036215+00:00,39.355448180742165
2025-06-16 00:37:06.685790+00:00,39.361268338434456
2025-06-16 00:37:09.047803+00:00,39.355448180742165
2025-06-16 00:37:09.518686+00:00,39.337987648176586
2025-06-16 00:37:13.622655+00:00,39.36132807950533
2025-06-16 00:37:14.148627+00:00,39.34970818021933
2025-06-16 00:37:18.418254+00:00,39.34968815455099
2025-06-16 00:37:19.187787+00:00,39.33804818994022
2025-06-16 00:37:19.542089+00:00,39.34384807407468
2025-06-16 00:37:19.947845+00:00,39.34970818021933
2025-06-16 00:37:20.300161+00:00,39.337987648176586
2025-06-16 00:37:20.624208+00:00,39.32638788237023
2025-06-16 00:37:22.472241+00:00,39.37298772357601
2025-06-16 00:37:25.028461+00:00,39.33224841860609
2025-06-16 00:37:28.500047+00:00,39.34386817720265
2025-06-16 00:37:28.957121+00:00,39.35552808092932
2025-06-16 00:37:31.502753+00:00,39.39044727699778
2025-06-16 00:37:36.053373+00:00,39.39628658945648
2025-06-16 00:37:39.687902+00:00,39.39624761642981
2025-06-16 00:37:41.234493+00:00,39.39048636199978
2025-06-16 00:37:41.995799+00:00,39.37882726594489
2025-06-16 00:37:42.899132+00:00,39.40790674119465
2025-06-16 00:37:43.842768+00:00,39.38462743577107
2025-06-16 00:37:46.935081+00:00,39.38462743577107
2025-06-16 00:37:49.792527+00:00,39.39044727699778
2025-06-16 00:37:50.293146+00:00,39.37880758463048
2025-06-16 00:37:51.925815+00:00,39.39044727699778
2025-06-16 00:37:52.147983+00:00,39.39044727699778
2025-06-16 00:37:52.341432+00:00,39.39042771839433
2025-06-16 00:37:52.574343+00:00,39.40788738275845
2025-06-16 00:37:53.002233+00:00,39.39624761642981
2025-06-16 00:37:54.549691+00:00,39.39048636199978
2025-06-16 00:37:56.418241+00:00,39.39630605986739
2025-06-16 00:37:57.470302+00:00,39.37880758463048
2025-06-16 00:37:57.834038+00:00,39.36714802711134
2025-06-16 00:37:58.100693+00:00,39.37880758463048
2025-06-16 00:37:58.423956+00:00,39.3845881743834
2025-06-16 00:37:58.684765+00:00,39.37880758463048
2025-06-16 00:37:58.966762+00:00,39.39044727699778
2025-06-16 00:37:59.974193+00:00,39.419546334423174
2025-06-16 00:38:00.402488+00:00,39.40792608889595
2025-06-16 00:38:03.315373+00:00,39.41372654276585
2025-06-16 00:38:05.518374+00:00,39.39044727699778
2025-06-16 00:38:06.384838+00:00,39.384607810444734
2025-06-16 00:38:09.584599+00:00,39.40200916466639
2025-06-16 00:38:12.367060+00:00,39.361268338434456
2025-06-16 00:38:14.431947+00:00,39.34380783561324
2025-06-16 00:38:15.347682+00:00,39.34958786518212
2025-06-16 00:38:16.043379+00:00,39.34960794452618
2025-06-16 00:38:19.775594+00:00,39.35540816623787
2025-06-16 00:38:20.343509+00:00,39.34384807407468
2025-06-16 00:38:21.899979+00:00,39.33802802008753
2025-06-16 00:38:22.791925+00:00,39.36132807950533
2025-06-16 00:38:23.198422+00:00,39.361268338434456
2025-06-16 00:38:24.881371+00:00,39.34384807407468
2025-06-16 00:38:26.410639+00:00,39.36130817655013
2025-06-16 00:38:28.769226+00:00,39.36134797172542
2025-06-16 00:38:31.268820+00:00,39.34970818021933
2025-06-16 00:38:31.936788+00:00,39.34970818021933
2025-06-16 00:38:32.550902+00:00,39.36716785260766
2025-06-16 00:38:33.024878+00:00,39.372967964803244
2025-06-16 00:38:35.093656+00:00,39.3671876673689
2025-06-16 00:38:36.264839+00:00,39.34970818021933
2025-06-16 00:38:38.210394+00:00,39.36136785321043
2025-06-16 00:38:39.539577+00:00,39.34388826959546
2025-06-16 00:38:41.662046+00:00,39.36134797172542
2025-06-16 00:38:42.047522+00:00,39.373027208916405
2025-06-16 00:38:42.515043+00:00,39.36134797172542
2025-06-16 00:38:42.974756+00:00,39.34968815455099
2025-06-16 00:38:43.249126+00:00,39.35552808092932
2025-06-16 00:38:45.134930+00:00,39.34970818021933
2025-06-16 00:38:49.878118+00:00,39.31474770499559
2025-06-16 00:38:50.153431+00:00,39.337987648176586
2025-06-16 00:38:50.357810+00:00,39.32632690805043
2025-06-16 00:38:51.330912+00:00,39.32056779864008
2025-06-16 00:38:52.691210+00:00,39.32056779864008
2025-06-16 00:38:52.898261+00:00,39.33794723332489
2025-06-16 00:38:53.115327+00:00,39.3146453601973
2025-06-16 00:38:53.339515+00:00,39.314624859031795
2025-06-16 00:38:55.960145+00:00,39.32634724355893
2025-06-16 00:38:57.206649+00:00,39.35540816623787
2025-06-16 00:38:57.432596+00:00,39.33790677553242
2025-06-16 00:38:57.697995+00:00,39.326265837113496
2025-06-16 00:39:00.426262+00:00,39.34378770027977
2025-06-16 00:39:03.651496+00:00,39.37286900991368
2025-06-16 00:39:05.659503+00:00,39.37876818979659
2025-06-16 00:39:10.785055+00:00,39.36130817655013
2025-06-16 00:39:11.212459+00:00,39.38454887005572
2025-06-16 00:39:13.033826+00:00,39.36720747139509
2025-06-16 00:39:16.102030+00:00,39.355448180742165
2025-06-16 00:39:16.901099+00:00,39.36714802711134
2025-06-16 00:39:18.132878+00:00,39.36132807950533
2025-06-16 00:39:18.917510+00:00,39.37876818979659
2025-06-16 00:39:20.707038+00:00,39.378787892581045
2025-06-16 00:39:21.529742+00:00,39.37880758463048
2025-06-16 00:39:22.915684+00:00,39.384607810444734
2025-06-16 00:39:23.718393+00:00,39.384607810444734
2025-06-16 00:39:24.897916+00:00,39.36134797172542
2025-06-16 00:39:25.975455+00:00,39.37298772357601
2025-06-16 00:39:29.764343+00:00,39.390466824866266
2025-06-16 00:39:32.535068+00:00,39.40212574782158
2025-06-16 00:39:34.112374+00:00,39.3846470503624
2025-06-16 00:39:35.282074+00:00,39.373007471613725
2025-06-16 00:39:35.705993+00:00,39.39048636199978
2025-06-16 00:39:37.548969+00:00,39.39048636199978
2025-06-16 00:39:38.543523+00:00,39.39632551954335
2025-06-16 00:39:39.786756+00:00,39.39628658945648
2025-06-16 00:39:40.872012+00:00,39.39632551954335
2025-06-16 00:39:41.450126+00:00,39.37886659636866
2025-06-16 00:39:41.811319+00:00,39.39632551954335
2025-06-16 00:39:42.035582+00:00,39.38468624734009
2025-06-16 00:39:42.244275+00:00,39.37884693652429
2025-06-16 00:39:42.590578+00:00,39.39048636199978
2025-06-16 00:39:43.113758+00:00,39.37888624547801
2025-06-16 00:39:44.744112+00:00,39.39632551954335
2025-06-16 00:39:46.516993+00:00,39.39634496848435
2025-06-16 00:39:49.319535+00:00,39.38474496229416
2025-06-16 00:39:50.307883+00:00,39.38468624734009
2025-06-16 00:39:51.293062+00:00,39.37304693548404
2025-06-16 00:39:51.653961+00:00,39.407984067590405
2025-06-16 00:39:52.239191+00:00,39.39634496848435
2025-06-16 00:39:52.497385+00:00,39.390505888398316
2025-06-16 00:39:52.948960+00:00,39.39632551954335
2025-06-16 00:39:54.210720+00:00,39.41962312704457
2025-06-16 00:39:54.989206+00:00,39.390505888398316
2025-06-16 00:39:57.015794+00:00,39.42542352657055
2025-06-16 00:39:57.755628+00:00,39.425442641902194
2025-06-16 00:39:59.150702+00:00,39.45454006749577
2025-06-16 00:40:00.920721+00:00,39.43126214684684
2025-06-16 00:40:01.255513+00:00,39.41962312704457
2025-06-16 00:40:01.705873+00:00,39.43126214684684
2025-06-16 00:40:02.032263+00:00,39.40794542586234
2025-06-16 00:40:05.732197+00:00,39.425442641902194
2025-06-16 00:40:09.100046+00:00,39.425461746498996
2025-06-16 00:40:10.149022+00:00,39.40802266637887
2025-06-16 00:40:12.484351+00:00,39.41378435349926
2025-06-16 00:40:13.858347+00:00,39.437081641878535
2025-06-16 00:40:15.356766+00:00,39.442938925130456
2025-06-16 00:40:17.412243+00:00,39.44872060220299
2025-06-16 00:40:20.369100+00:00,39.437119573453145
2025-06-16 00:40:23.421098+00:00,39.472016974730096
2025-06-16 00:40:26.649516+00:00,39.454615087060425
2025-06-16 00:40:30.447984+00:00,39.48371093043887
2025-06-16 00:40:38.247650+00:00,39.483729324895805
2025-06-16 00:40:41.473987+00:00,39.466309205788185
2025-06-16 00:40:41.765713+00:00,39.4895483971165
2025-06-16 00:40:42.131507+00:00,39.47209115071891
2025-06-16 00:40:43.225677+00:00,39.48956671412008
2025-06-16 00:40:43.788528+00:00,39.489585020389065
2025-06-16 00:40:44.515020+00:00,39.495385709710376
2025-06-16 00:40:45.664927+00:00,39.48374770861816
2025-06-16 00:40:47.107924+00:00,39.477873309676696
2025-06-16 00:40:48.850344+00:00,39.48956671412008
2025-06-16 00:40:52.898724+00:00,39.46625345414799
2025-06-16 00:40:56.024754+00:00,39.419642298362774
2025-06-16 00:40:57.529963+00:00,39.419642298362774
2025-06-16 00:40:57.889483+00:00,39.41960394499151
2025-06-16 00:40:58.592528+00:00,39.41384206761875
2025-06-16 00:41:01.249047+00:00,39.407964752093825
2025-06-16 00:41:02.693642+00:00,39.40794542586234
2025-06-16 00:41:03.295944+00:00,39.39632551954335
2025-06-16 00:41:03.630755+00:00,39.38466665421874
2025-06-16 00:41:04.182683+00:00,39.40792608889595
2025-06-16 00:41:04.597240+00:00,39.39630605986739
2025-06-16 00:41:05.736674+00:00,39.373007471613725
2025-06-16 00:41:06.098499+00:00,39.38462743577107
2025-06-16 00:41:06.470994+00:00,39.36132807950533
2025-06-16 00:41:11.200376+00:00,39.36132807950533
2025-06-16 00:41:12.454798+00:00,39.35552808092932
2025-06-16 00:41:14.088460+00:00,39.33802802008753
2025-06-16 00:41:19.491075+00:00,39.25648284678173
2025-06-16 00:41:20.094822+00:00,39.23322257888821
2025-06-16 00:41:23.026405+00:00,39.26232430925447
2025-06-16 00:41:24.413624+00:00,39.29138430928628
2025-06-16 00:41:25.062978+00:00,39.29134278388001
2025-06-16 00:41:26.252884+00:00,39.256546223262404
2025-06-16 00:41:28.380516+00:00,39.233201175745016
2025-06-16 00:41:29.221055+00:00,39.28556389916287
2025-06-16 00:41:33.357358+00:00,39.27974347912421
2025-06-16 00:41:35.442669+00:00,39.262261068544696
2025-06-16 00:41:35.854260+00:00,39.25639819451032
2025-06-16 00:41:39.071997+00:00,39.24482075067216
2025-06-16 00:41:39.305359+00:00,39.262239966837114
2025-06-16 00:41:39.889981+00:00,39.25641937368144
2025-06-16 00:41:40.575831+00:00,39.25641937368144
2025-06-16 00:41:43.917245+00:00,39.25639819451032
2025-06-16 00:41:44.763084+00:00,39.24482075067216
2025-06-16 00:41:45.079929+00:00,39.26219773121547
2025-06-16 00:41:45.736405+00:00,39.25641937368144
2025-06-16 00:41:46.316651+00:00,39.26806055007709
2025-06-16 00:41:46.663141+00:00,39.25641937368144
2025-06-16 00:41:49.436037+00:00,39.250577524710664
2025-06-16 00:41:50.735933+00:00,39.24477815762302
2025-06-16 00:41:51.488546+00:00,39.256377004603664
2025-06-16 00:41:52.701297+00:00,39.256377004603664
2025-06-16 00:41:56.018149+00:00,39.26806055007709
2025-06-16 00:41:56.594388+00:00,39.27970168680994
2025-06-16 00:41:57.489394+00:00,39.268039504361845
2025-06-16 00:42:03.505853+00:00,39.27388112340136
2025-06-16 00:42:06.154331+00:00,39.268123622809995
2025-06-16 00:42:07.726560+00:00,39.256503983010795
2025-06-16 00:42:10.588028+00:00,39.268123622809995
2025-06-16 00:42:12.944745+00:00,39.256503983010795
2025-06-16 00:42:13.647433+00:00,39.268123622809995
2025-06-16 00:42:14.127769+00:00,39.26814462558336
2025-06-16 00:42:15.478826+00:00,39.26814462558336
2025-06-16 00:42:16.545667+00:00,39.27396493199746
2025-06-16 00:42:16.996497+00:00,39.26814462558336
2025-06-16 00:42:18.119957+00:00,39.268123622809995
2025-06-16 00:42:18.410324+00:00,39.27400677188287
2025-06-16 00:42:18.652541+00:00,39.26232430925447
2025-06-16 00:42:18.852701+00:00,39.29146723127432
2025-06-16 00:42:21.002629+00:00,39.27400677188287
2025-06-16 00:42:21.436526+00:00,39.2856055150813
2025-06-16 00:42:22.160405+00:00,39.29146723127432
2025-06-16 00:42:22.552009+00:00,39.29146723127432
2025-06-16 00:42:24.880459+00:00,39.29150862785611
2025-06-16 00:42:27.245298+00:00,39.30312805816937
2025-06-16 00:42:27.845585+00:00,39.314768141749404
2025-06-16 00:42:33.986842+00:00,39.33224841860609
2025-06-16 00:42:34.831685+00:00,39.314808983051215
2025-06-16 00:42:36.861762+00:00,39.31482938759921
2025-06-16 00:42:39.679751+00:00,39.314808983051215
2025-06-16 00:42:42.477743+00:00,39.33812876199915
2025-06-16 00:42:43.465474+00:00,39.34976819281357
2025-06-16 00:42:44.659721+00:00,39.34396853181513
2025-06-16 00:42:45.366204+00:00,39.36724704724227
2025-06-16 00:42:46.313181+00:00,39.36138772396036
2025-06-16 00:42:49.169775+00:00,39.355607809354645
2025-06-16 00:42:50.339189+00:00,39.36720747139509
2025-06-16 00:42:51.175520+00:00,39.37304693548404
2025-06-16 00:42:52.134095+00:00,39.37888624547801
2025-06-16 00:42:53.045131+00:00,39.373086356414184
2025-06-16 00:42:53.933870+00:00,39.390505888398316
2025-06-16 00:42:55.462003+00:00,39.37886659636866
2025-06-16 00:42:56.849522+00:00,39.390564403184115
2025-06-16 00:42:58.231040+00:00,39.38472540137779
2025-06-16 00:42:59.602917+00:00,39.36728658014921
2025-06-16 00:42:59.975898+00:00,39.384705829726435
2025-06-16 00:43:01.790202+00:00,39.39054490899048
2025-06-16 00:43:02.808930+00:00,39.373106050776705
2025-06-16 00:43:03.852242+00:00,39.373086356414184
2025-06-16 00:43:05.802940+00:00,39.373106050776705
2025-06-16 00:43:06.308585+00:00,39.373106050776705
2025-06-16 00:43:06.645853+00:00,39.390564403184115
2025-06-16 00:43:06.987292+00:00,39.3731257344042
2025-06-16 00:43:07.818040+00:00,39.378925511491694
2025-06-16 00:43:09.111402+00:00,39.3731257344042
2025-06-16 00:43:12.037932+00:00,39.39060335936648
2025-06-16 00:43:12.801509+00:00,39.419642298362774
2025-06-16 00:43:13.167638+00:00,39.408003372352084
2025-06-16 00:43:13.729022+00:00,39.39638383416155
2025-06-16 00:43:15.006426+00:00,39.396364406690424
2025-06-16 00:43:16.919417+00:00,39.41966145894613
2025-06-16 00:43:17.992790+00:00,39.419680608794636
2025-06-16 00:43:18.827795+00:00,39.41966145894613
2025-06-16 00:43:19.482792+00:00,39.39642265689896
2025-06-16 00:43:20.129440+00:00,39.43131922826936
2025-06-16 00:43:21.063943+00:00,39.41966145894613
2025-06-16 00:43:21.969192+00:00,39.43133823394058
2025-06-16 00:43:22.147884+00:00,39.42551899588046
2025-06-16 00:43:24.950560+00:00,39.44297668032463
2025-06-16 00:43:26.915822+00:00,39.44297668032463
2025-06-16 00:43:27.153467+00:00,39.44301439257978
2025-06-16 00:43:27.418623+00:00,39.44297668032463
2025-06-16 00:43:27.928479+00:00,39.44297668032463
2025-06-16 00:43:32.477954+00:00,39.45459634827134
2025-06-16 00:43:33.936032+00:00,39.46043427556024
2025-06-16 00:43:34.685455+00:00,39.44879588864856
2025-06-16 00:43:35.226947+00:00,39.477873309676696
2025-06-16 00:43:35.809009+00:00,39.44297668032463
2025-06-16 00:43:36.169276+00:00,39.454615087060425
2025-06-16 00:43:36.629766+00:00,39.46043427556024
2025-06-16 00:43:37.214470+00:00,39.454615087060425
2025-06-16 00:43:39.017091+00:00,39.46043427556024
2025-06-16 00:43:40.055886+00:00,39.44881468342311
2025-06-16 00:43:41.683028+00:00,39.46625345414799
2025-06-16 00:43:42.099513+00:00,39.46625345414799
2025-06-16 00:43:42.928200+00:00,39.454615087060425
2025-06-16 00:43:44.977751+00:00,39.384764512475535
2025-06-16 00:43:45.752706+00:00,39.37894512839602
2025-06-16 00:43:48.602048+00:00,39.38474496229416
2025-06-16 00:43:49.849062+00:00,39.43126214684684
2025-06-16 00:43:50.599516+00:00,39.43126214684684
2025-06-16 00:43:52.137317+00:00,39.425480840360976
2025-06-16 00:43:52.456672+00:00,39.44292003143123
2025-06-16 00:43:54.168595+00:00,39.437119573453145
2025-06-16 00:43:54.359945+00:00,39.44872060220299
2025-06-16 00:43:55.463426+00:00,39.45459634827134
2025-06-16 00:43:56.309060+00:00,39.431300211863324
2025-06-16 00:43:57.853831+00:00,39.437119573453145
2025-06-16 00:43:58.438946+00:00,39.431281184722486
2025-06-16 00:44:00.493080+00:00,39.4138228403138
2025-06-16 00:44:03.085107+00:00,39.38472540137779
2025-06-16 00:44:04.585132+00:00,39.367227264686214
2025-06-16 00:44:07.668574+00:00,39.36136785321043
2025-06-16 00:44:10.451884+00:00,39.37882726594489
2025-06-16 00:44:10.969460+00:00,39.407984067590405
2025-06-16 00:44:13.168503+00:00,39.39630605986739
2025-06-16 00:44:14.211697+00:00,39.407984067590405
2025-06-16 00:44:17.142846+00:00,39.407964752093825
2025-06-16 00:44:19.426866+00:00,39.35558789335098
2025-06-16 00:44:20.744861+00:00,39.36136785321043
2025-06-16 00:44:21.735016+00:00,39.38466665421874
2025-06-16 00:44:24.658519+00:00,39.37884693652429
2025-06-16 00:44:27.749597+00:00,39.37882726594489
2025-06-16 00:44:29.255378+00:00,39.407984067590405
2025-06-16 00:44:30.600833+00:00,39.36138772396036
2025-06-16 00:44:34.092956+00:00,39.32646903117005
2025-06-16 00:44:34.584568+00:00,39.33808849744004
2025-06-16 00:44:35.472651+00:00,39.32644876007292
2025-06-16 00:44:35.698648+00:00,39.33224841860609
2025-06-16 00:44:36.541693+00:00,39.326428478240594
2025-06-16 00:44:37.117868+00:00,39.30312805816937
2025-06-16 00:44:38.563940+00:00,39.30314861763978
2025-06-16 00:44:40.587040+00:00,39.256503983010795
2025-06-16 00:44:42.601360+00:00,39.297246058506
2025-06-16 00:44:42.850082+00:00,39.291425791751045
2025-06-16 00:44:43.228025+00:00,39.29146723127432
2025-06-16 00:44:43.450278+00:00,39.27976435917821
2025-06-16 00:44:43.751204+00:00,39.27978522849678
2025-06-16 00:44:45.959459+00:00,39.27392304917031
2025-06-16 00:44:48.698628+00:00,39.26824947841828
2025-06-16 00:44:50.637171+00:00,39.250641230202284
2025-06-16 00:44:52.390317+00:00,39.25648284678173
2025-06-16 00:44:53.094258+00:00,39.256461699817145
2025-06-16 00:44:54.940003+00:00,39.256440542117055
2025-06-16 00:45:00.075301+00:00,39.221517175326376
2025-06-16 00:45:03.719786+00:00,39.25641937368144
2025-06-16 00:45:04.198230+00:00,39.26808158505686
2025-06-16 00:45:04.657377+00:00,39.262239966837114
2025-06-16 00:45:06.295421+00:00,39.23317976186622
2025-06-16 00:45:07.656658+00:00,39.256440542117055
2025-06-16 00:45:08.096982+00:00,39.262239966837114
2025-06-16 00:45:08.421857+00:00,39.27388112340136
2025-06-16 00:45:08.757634+00:00,39.256461699817145
2025-06-16 00:45:10.457247+00:00,39.268123622809995
2025-06-16 00:45:11.641476+00:00,39.250641230202284
2025-06-16 00:45:12.666793+00:00,39.26810260930116
2025-06-16 00:45:14.627288+00:00,39.26228215951677
2025-06-16 00:45:16.591380+00:00,39.25641937368144
2025-06-16 00:45:17.742700+00:00,39.24479945951537
2025-06-16 00:45:20.767964+00:00,39.250641230202284
2025-06-16 00:45:21.940399+00:00,39.26228215951677
2025-06-16 00:45:22.290875+00:00,39.24482075067216
2025-06-16 00:45:29.273044+00:00,39.2856055150813
2025-06-16 00:45:31.997219+00:00,39.256503983010795
2025-06-16 00:45:35.206539+00:00,39.27986859841692
2025-06-16 00:45:35.867007+00:00,39.2740276757224
2025-06-16 00:45:36.376574+00:00,39.28566785844351
2025-06-16 00:45:36.902010+00:00,39.28564708805816
2025-06-16 00:45:39.098436+00:00,39.297328627704886
2025-06-16 00:45:40.961162+00:00,39.303169166374886
2025-06-16 00:45:41.882545+00:00,39.31482938759921
2025-06-16 00:45:45.998289+00:00,39.31482938759921
2025-06-16 00:45:47.449116+00:00,39.34974819935062
2025-06-16 00:45:48.994728+00:00,39.320649214341344
2025-06-16 00:45:53.473931+00:00,39.320689857780486
2025-06-16 00:45:55.120590+00:00,39.31487016448939
2025-06-16 00:45:57.667219+00:00,39.33232921462375
2025-06-16 00:45:59.626706+00:00,39.33814887817593
2025-06-16 00:46:00.016952+00:00,39.3556277146232
2025-06-16 00:46:02.508905+00:00,39.34398857053217
2025-06-16 00:46:03.489748+00:00,39.361447271799605
2025-06-16 00:46:04.909724+00:00,39.34982810879162
2025-06-16 00:46:12.166019+00:00,39.373086356414184
2025-06-16 00:46:14.805825+00:00,39.36726681906327
2025-06-16 00:46:19.566823+00:00,39.3556277146232
2025-06-16 00:46:20.374933+00:00,39.355607809354645
2025-06-16 00:46:24.598704+00:00,39.34978817554138
2025-06-16 00:46:25.440245+00:00,39.33810863508718
2025-06-16 00:46:27.117293+00:00,39.29736984789227
2025-06-16 00:46:28.407324+00:00,39.303210231639156
2025-06-16 00:46:28.884820+00:00,39.28570936700802
2025-06-16 00:46:31.801172+00:00,39.34392842217561
2025-06-16 00:46:36.401095+00:00,39.35554802913831
2025-06-16 00:46:37.629115+00:00,39.36136785321043
2025-06-16 00:46:39.550662+00:00,39.320628876518896
2025-06-16 00:46:40.920819+00:00,39.34968815455099
2025-06-16 00:46:42.273776+00:00,39.36134797172542
2025-06-16 00:46:43.016337+00:00,39.373007471613725
2025-06-16 00:46:46.280590+00:00,39.320628876518896
2025-06-16 00:46:47.605520+00:00,39.332207956186046
2025-06-16 00:46:51.173414+00:00,39.40790674119465
2025-06-16 00:46:52.351209+00:00,39.396267108310624
2025-06-16 00:46:53.037672+00:00,39.37880758463048
2025-06-16 00:46:55.628571+00:00,39.326428478240594
2025-06-16 00:46:55.829174+00:00,39.33224841860609
2025-06-16 00:46:59.207318+00:00,39.33216745082515
2025-06-16 00:46:59.517124+00:00,39.32052702637792
2025-06-16 00:47:00.351269+00:00,39.31474770499559
2025-06-16 00:47:02.171766+00:00,39.28564708805816
2025-06-16 00:47:02.630520+00:00,39.291425791751045
2025-06-16 00:47:04.203761+00:00,39.244842031093405
2025-06-16 00:47:06.357815+00:00,39.27392304917031
2025-06-16 00:47:06.834897+00:00,39.30306631534615
2025-06-16 00:47:07.253106+00:00,39.29138430928628
2025-06-16 00:47:07.853853+00:00,39.27392304917031
2025-06-16 00:47:08.373819+00:00,39.27394399595161
2025-06-16 00:47:10.363562+00:00,39.27974347912421
2025-06-16 00:47:10.895727+00:00,39.29720470949446
2025-06-16 00:47:11.605996+00:00,39.29720470949446
2025-06-16 00:47:12.791112+00:00,39.30888656227153
2025-06-16 00:47:14.396798+00:00,39.29140505588635
2025-06-16 00:47:15.243876+00:00,39.29140505588635
2025-06-16 00:47:16.695558+00:00,39.2972253893679
2025-06-16 00:47:18.355675+00:00,39.29138430928628
2025-06-16 00:47:18.624017+00:00,39.27972258833479
2025-06-16 00:47:19.042992+00:00,39.27972258833479
2025-06-16 00:47:21.272243+00:00,39.26810260930116
2025-06-16 00:47:21.774939+00:00,39.22731625916764
2025-06-16 00:47:22.044264+00:00,39.22733776124682
2025-06-16 00:47:22.301089+00:00,39.22149560651779
2025-06-16 00:47:26.061912+00:00,39.16324403021825
2025-06-16 00:47:29.873654+00:00,39.163221761895564
2025-06-16 00:47:34.214472+00:00,39.157423135031884
2025-06-16 00:47:37.872952+00:00,39.17488579084255
2025-06-16 00:47:38.992889+00:00,39.18648349827222
2025-06-16 00:47:40.464365+00:00,39.221409223926905
2025-06-16 00:47:41.725660+00:00,39.20976735504176
2025-06-16 00:47:41.917634+00:00,39.2272516885163
2025-06-16 00:47:42.577283+00:00,39.22723014349457
2025-06-16 00:47:43.598468+00:00,39.22149560651779
2025-06-16 00:47:44.926713+00:00,39.21556660522602
2025-06-16 00:47:46.787420+00:00,39.215609972923566
2025-06-16 00:47:48.562391+00:00,39.22143083567812
2025-06-16 00:47:49.787378+00:00,39.18648349827222
2025-06-16 00:47:52.205187+00:00,39.16315489251213
2025-06-16 00:47:53.296719+00:00,39.151534992361
2025-06-16 00:47:54.188564+00:00,39.174797186989686
2025-06-16 00:47:54.736588+00:00,39.180618319352874
2025-06-16 00:47:56.811874+00:00,39.12822777107003
2025-06-16 00:48:02.011975+00:00,39.104942825100764
2025-06-16 00:48:07.612205+00:00,39.09327718054783
2025-06-16 00:48:08.495555+00:00,39.10489685717052
2025-06-16 00:48:10.645810+00:00,39.0583489446653
2025-06-16 00:48:12.423010+00:00,39.09909851848442
2025-06-16 00:48:13.493117+00:00,39.11076407646867
2025-06-16 00:48:18.866778+00:00,39.13989275201217
2025-06-16 00:48:19.920052+00:00,39.13407161696251
2025-06-16 00:48:20.205308+00:00,39.151512558366335
2025-06-16 00:48:20.561898+00:00,39.15149011363573
2025-06-16 00:48:20.782579+00:00,39.1398701845523
2025-06-16 00:48:21.543225+00:00,39.15155741561972
2025-06-16 00:48:22.277253+00:00,39.1340942404193
2025-06-16 00:48:23.948453+00:00,39.15160222992936
2025-06-16 00:48:26.622529+00:00,39.20399001887063
2025-06-16 00:48:27.549423+00:00,39.18650551040513
2025-06-16 00:48:28.591631+00:00,39.198169193097314
2025-06-16 00:48:29.554031+00:00,39.18652751180223
2025-06-16 00:48:31.153591+00:00,39.209832558467255
2025-06-16 00:48:31.510454+00:00,39.22147402697356
2025-06-16 00:48:34.185620+00:00,39.22731625916764
2025-06-16 00:48:34.684229+00:00,39.22149560651779
2025-06-16 00:48:35.539541+00:00,39.2331369019018
2025-06-16 00:48:36.077859+00:00,39.22147402697356
2025-06-16 00:48:40.998489+00:00,39.22733776124682
2025-06-16 00:48:41.677593+00:00,39.24479945951537
2025-06-16 00:48:43.418829+00:00,39.250641230202284
2025-06-16 00:48:44.852905+00:00,39.24482075067216
2025-06-16 00:48:47.310526+00:00,39.27396493199746
2025-06-16 00:48:48.961349+00:00,39.256503983010795
2025-06-16 00:48:49.905262+00:00,39.26232430925447
2025-06-16 00:48:50.725547+00:00,39.279826934927684
2025-06-16 00:48:54.744426+00:00,39.297328627704886
2025-06-16 00:48:56.633888+00:00,39.30314861763978
2025-06-16 00:48:58.381012+00:00,39.30898907966988
2025-06-16 00:48:59.300452+00:00,39.33810863508718
2025-06-16 00:49:01.848116+00:00,39.314808983051215
2025-06-16 00:49:03.345440+00:00,39.33808849744004
2025-06-16 00:49:04.219509+00:00,39.320628876518896
2025-06-16 00:49:08.324097+00:00,39.33810863508718
2025-06-16 00:49:12.382271+00:00,39.33810863508718
2025-06-16 00:49:13.485911+00:00,39.3265095411586
2025-06-16 00:49:14.303892+00:00,39.33810863508718
2025-06-16 00:49:14.859453+00:00,39.320649214341344
2025-06-16 00:49:15.333366+00:00,39.343948482362954
2025-06-16 00:49:15.818320+00:00,39.31478856776795
2025-06-16 00:49:16.795131+00:00,39.31484978141194
2025-06-16 00:49:18.834646+00:00,39.29736984789227
2025-06-16 00:49:20.536211+00:00,39.320669541428536
2025-06-16 00:49:23.587861+00:00,39.320689857780486
2025-06-16 00:49:23.855090+00:00,39.33814887817593
2025-06-16 00:49:24.823503+00:00,39.367227264686214
2025-06-16 00:49:25.693521+00:00,39.3556277146232
2025-06-16 00:49:27.515001+00:00,39.37306665131663
2025-06-16 00:49:28.542094+00:00,39.37306665131663
2025-06-16 00:49:29.236430+00:00,39.3614075839752
2025-06-16 00:49:30.600396+00:00,39.36142743325494
2025-06-16 00:49:31.367482+00:00,39.34396853181513
2025-06-16 00:49:32.885261+00:00,39.367227264686214
2025-06-16 00:49:34.126026+00:00,39.31484978141194
2025-06-16 00:49:37.703783+00:00,39.303189704374674
2025-06-16 00:49:39.804181+00:00,39.29736984789227
2025-06-16 00:49:42.349880+00:00,39.31478856776795
2025-06-16 00:49:42.683180+00:00,39.303169166374886
2025-06-16 00:49:42.922824+00:00,39.31482938759921
2025-06-16 00:49:43.148225+00:00,39.297328627704886
2025-06-16 00:49:44.817372+00:00,39.31478856776795
2025-06-16 00:49:46.466814+00:00,39.303189704374674
2025-06-16 00:49:47.626137+00:00,39.320649214341344
2025-06-16 00:49:48.043732+00:00,39.303210231639156
2025-06-16 00:49:48.233709+00:00,39.30900955094366
2025-06-16 00:49:49.188435+00:00,39.291549981496445
2025-06-16 00:49:52.774002+00:00,39.27400677188287
2025-06-16 00:49:53.686116+00:00,39.28568861809345
2025-06-16 00:49:53.902471+00:00,39.27986859841692
2025-06-16 00:49:55.634320+00:00,39.27986859841692
2025-06-16 00:49:57.254747+00:00,39.24494827216625
2025-06-16 00:50:05.217129+00:00,39.204120600652246
2025-06-16 00:50:05.632755+00:00,39.175018374546596
2025-06-16 00:50:06.115574+00:00,39.192523448250405
2025-06-16 00:50:07.369746+00:00,39.227445110608315
2025-06-16 00:50:09.526888+00:00,39.20409886386128
2025-06-16 00:50:10.592586+00:00,39.2332867239042
2025-06-16 00:50:14.501563+00:00,39.2040771163346
2025-06-16 00:50:16.357959+00:00,39.22153873339929
2025-06-16 00:50:20.409835+00:00,39.22153873339929
2025-06-16 00:50:27.816081+00:00,39.19239219453309
2025-06-16 00:50:32.439091+00:00,39.209897665271406
2025-06-16 00:50:37.043586+00:00,39.23315833725181
2025-06-16 00:50:40.221275+00:00,39.23322257888821
2025-06-16 00:50:44.730793+00:00,39.22158181733819
2025-06-16 00:50:44.858322+00:00,39.233201175745016
2025-06-16 00:50:45.550791+00:00,39.22158181733819
2025-06-16 00:50:47.163804+00:00,39.204120600652246
2025-06-16 00:50:48.670504+00:00,39.22733776124682
2025-06-16 00:50:49.016420+00:00,39.233201175745016
2025-06-16 00:50:49.329573+00:00,39.2332653529678
2025-06-16 00:50:49.858243+00:00,39.23317976186622
2025-06-16 00:50:50.983254+00:00,39.233243971295806
2025-06-16 00:50:52.240266+00:00,39.215826167270514
2025-06-16 00:50:53.041263+00:00,39.25068364685234
2025-06-16 00:50:53.609131+00:00,39.26236641605023
2025-06-16 00:50:55.002555+00:00,39.27986859841692
2025-06-16 00:50:56.426985+00:00,39.27400677188287
2025-06-16 00:50:57.452835+00:00,39.24490580794377
2025-06-16 00:50:59.868086+00:00,39.22746654827374
2025-06-16 00:51:05.731427+00:00,39.27404856882651
2025-06-16 00:51:06.832413+00:00,39.279910218964524
2025-06-16 00:51:07.165022+00:00,39.29152931004396
2025-06-16 00:51:07.500178+00:00,39.27986859841692
2025-06-16 00:51:09.082300+00:00,39.291549981496445
2025-06-16 00:51:12.156314+00:00,39.303189704374674
2025-06-16 00:51:14.060092+00:00,39.303169166374886
2025-06-16 00:51:14.479735+00:00,39.29736984789227
2025-06-16 00:51:17.210494+00:00,39.29739044188296
2025-06-16 00:51:18.391304+00:00,39.2974110251383
2025-06-16 00:51:19.232468+00:00,39.29736984789227
2025-06-16 00:51:19.917564+00:00,39.285771549339394
2025-06-16 00:51:20.197712+00:00,39.29736984789227
2025-06-16 00:51:20.803372+00:00,39.279910218964524
2025-06-16 00:51:21.765197+00:00,39.297452159443004
2025-06-16 00:51:22.623054+00:00,39.31487016448939
2025-06-16 00:51:23.639020+00:00,39.30327174902069
2025-06-16 00:51:24.047120+00:00,39.320689857780486
2025-06-16 00:51:24.857598+00:00,39.32073045827866
2025-06-16 00:51:26.071535+00:00,39.32071016339719
2025-06-16 00:51:26.815231+00:00,39.33816898361754
2025-06-16 00:51:27.058154+00:00,39.33238969891742
2025-06-16 00:51:27.298628+00:00,39.33234938679017
2025-06-16 00:51:28.602700+00:00,39.314931249310185
2025-06-16 00:51:31.226861+00:00,39.31489053683159
2025-06-16 00:51:33.347589+00:00,39.34404862227239
2025-06-16 00:51:34.684620+00:00,39.33826934979807
2025-06-16 00:51:34.882384+00:00,39.34404862227239
2025-06-16 00:51:35.219288+00:00,39.34986799910137
2025-06-16 00:51:36.900455+00:00,39.344088603090164
2025-06-16 00:51:37.434273+00:00,39.338249298032295
2025-06-16 00:51:37.694449+00:00,39.33822923553136
2025-06-16 00:51:39.266473+00:00,39.344068618048844
2025-06-16 00:51:40.081889+00:00,39.344068618048844
2025-06-16 00:51:41.020939+00:00,39.355727079939506
2025-06-16 00:51:42.969583+00:00,39.36154630349678
2025-06-16 00:51:43.312124+00:00,39.384842605851226
2025-06-16 00:51:44.765507+00:00,39.373204361563864
2025-06-16 00:51:47.906784+00:00,39.36734579899671
2025-06-16 00:51:48.346767+00:00,39.361585841030134
2025-06-16 00:51:51.226313+00:00,39.37322399151622
2025-06-16 00:51:53.297912+00:00,39.37322399151622
2025-06-16 00:51:54.582195+00:00,39.39068114291171
2025-06-16 00:52:00.008345+00:00,39.39648081049306
2025-06-16 00:52:01.063836+00:00,39.39651952588114
2025-06-16 00:52:01.528435+00:00,39.39068114291171
2025-06-16 00:52:04.553964+00:00,39.3848621023577
2025-06-16 00:52:05.648562+00:00,39.37326321921588
2025-06-16 00:52:06.156185+00:00,39.36156607763099
2025-06-16 00:52:06.964241+00:00,39.344088603090164
2025-06-16 00:52:08.546828+00:00,39.36734579899671
2025-06-16 00:52:11.506784+00:00,39.34990784647064
2025-06-16 00:52:12.768088+00:00,39.338249298032295
2025-06-16 00:52:13.946721+00:00,39.30331270693185
2025-06-16 00:52:14.589892+00:00,39.31499223751365
2025-06-16 00:52:14.907824+00:00,39.32077101583588
2025-06-16 00:52:15.738821+00:00,39.3091117462832
2025-06-16 00:52:17.623016+00:00,39.326610628263694
2025-06-16 00:52:18.893513+00:00,39.344088603090164
2025-06-16 00:52:22.339548+00:00,39.349887928153564
2025-06-16 00:52:22.788156+00:00,39.344028615760806
2025-06-16 00:52:24.001086+00:00,39.34990784647064
2025-06-16 00:52:25.789137+00:00,39.326590432313104
2025-06-16 00:52:27.052074+00:00,39.326610628263694
2025-06-16 00:52:27.902703+00:00,39.31499223751365
2025-06-16 00:52:29.714834+00:00,39.33245008659437
2025-06-16 00:52:32.947295+00:00,39.34412854096736
2025-06-16 00:52:33.455988+00:00,39.33240983887826
2025-06-16 00:52:35.105981+00:00,39.349887928153564
2025-06-16 00:52:36.929921+00:00,39.36150672302313
2025-06-16 00:52:38.584645+00:00,39.35568736601829
2025-06-16 00:52:39.203865+00:00,39.34986799910137
2025-06-16 00:52:39.779383+00:00,39.349848059314056
2025-06-16 00:52:41.266941+00:00,39.32077101583588
2025-06-16 00:52:41.634708+00:00,39.33822923553136
2025-06-16 00:52:41.977800+00:00,39.326529780050045
2025-06-16 00:52:42.505928+00:00,39.320750742424885
2025-06-16 00:52:44.198058+00:00,39.31495158944659
2025-06-16 00:52:44.876698+00:00,39.314971918847746
2025-06-16 00:52:47.410171+00:00,39.33245008659437
2025-06-16 00:52:50.671204+00:00,39.320791278511635
2025-06-16 00:52:51.281586+00:00,39.32081153045216
2025-06-16 00:52:51.600887+00:00,39.33242996810391
2025-06-16 00:52:52.597276+00:00,39.314971918847746
2025-06-16 00:52:53.369642+00:00,39.32081153045216
2025-06-16 00:52:55.539710+00:00,39.344068618048844
2025-06-16 00:52:56.692560+00:00,39.349887928153564
2025-06-16 00:52:57.181656+00:00,39.344088603090164
2025-06-16 00:52:57.473267+00:00,39.36152651862749
2025-06-16 00:52:58.427461+00:00,39.34990784647064
2025-06-16 00:53:01.345890+00:00,39.344108577396334
2025-06-16 00:53:02.639079+00:00,39.35568736601829
2025-06-16 00:53:02.992436+00:00,39.32663081347907
2025-06-16 00:53:03.322841+00:00,39.34986799910137
2025-06-16 00:53:03.874004+00:00,39.344068618048844
2025-06-16 00:53:04.245758+00:00,39.344068618048844
2025-06-16 00:53:05.970327+00:00,39.355727079939506
2025-06-16 00:53:06.406149+00:00,39.355707228346446
2025-06-16 00:53:07.628238+00:00,39.35574692079748
2025-06-16 00:53:09.600982+00:00,39.355727079939506
2025-06-16 00:53:12.130347+00:00,39.361585841030134
2025-06-16 00:53:12.960005+00:00,39.37904305189254
2025-06-16 00:53:13.894332+00:00,39.367404921228754
2025-06-16 00:53:17.338270+00:00,39.36156607763099
2025-06-16 00:53:20.779174+00:00,39.39646143669663
2025-06-16 00:53:21.579984+00:00,39.373204361563864
2025-06-16 00:53:21.908396+00:00,39.384881588129204
2025-06-16 00:53:22.120374+00:00,39.39648081049306
2025-06-16 00:53:24.323156+00:00,39.39651952588114
2025-06-16 00:53:26.363019+00:00,39.390700561960635
2025-06-16 00:53:26.679381+00:00,39.37904305189254
2025-06-16 00:53:27.835278+00:00,39.37322399151622
2025-06-16 00:53:29.122512+00:00,39.3848621023577
2025-06-16 00:53:29.823212+00:00,39.37322399151622
2025-06-16 00:53:29.973511+00:00,39.37904305189254
2025-06-16 00:53:30.478768+00:00,39.384842605851226
2025-06-16 00:53:31.911888+00:00,39.37904305189254
2025-06-16 00:53:33.642044+00:00,39.41975710084018
2025-06-16 00:53:35.748233+00:00,39.384842605851226
2025-06-16 00:53:36.374151+00:00,39.40811897548938
2025-06-16 00:53:37.405012+00:00,39.38482309860978
2025-06-16 00:53:38.120236+00:00,39.39648081049306
2025-06-16 00:53:39.212291+00:00,39.40231919428627
2025-06-16 00:53:39.732216+00:00,39.40817663213704
2025-06-16 00:53:42.257571+00:00,39.41399549960313
2025-06-16 00:53:42.432105+00:00,39.419776197014464
2025-06-16 00:53:42.647435+00:00,39.40811897548938
2025-06-16 00:53:42.851375+00:00,39.408099735137064
2025-06-16 00:53:43.043427+00:00,39.4314141492775
2025-06-16 00:53:44.128458+00:00,39.425614196819794
2025-06-16 00:53:46.660984+00:00,39.431452042537195
2025-06-16 00:53:47.786225+00:00,39.43147097306486
2025-06-16 00:53:48.451923+00:00,39.43728973416743
2025-06-16 00:53:50.811124+00:00,39.44314604732824
2025-06-16 00:53:52.199027+00:00,39.44892722664117
2025-06-16 00:53:52.488360+00:00,39.43143310127474
2025-06-16 00:53:52.598954+00:00,39.431452042537195
2025-06-16 00:53:52.787096+00:00,39.448908496274974
2025-06-16 00:53:52.965593+00:00,39.454689934869734
2025-06-16 00:53:53.199908+00:00,39.43721421453103
2025-06-16 00:53:53.402145+00:00,39.45467123901947
2025-06-16 00:53:54.446284+00:00,39.425633204803205
2025-06-16 00:53:54.858310+00:00,39.44892722664117
2025-06-16 00:53:57.118285+00:00,39.431452042537195
2025-06-16 00:53:58.724219+00:00,39.43728973416743
2025-06-16 00:53:59.367921+00:00,39.431508801915825
2025-06-16 00:53:59.569571+00:00,39.425633204803205
2025-06-16 00:53:59.778685+00:00,39.431452042537195
2025-06-16 00:54:00.012479+00:00,39.443089688273076
2025-06-16 00:54:00.522764+00:00,39.431452042537195
2025-06-16 00:54:01.771127+00:00,39.43143310127474
2025-06-16 00:54:03.858400+00:00,39.44312727171126
2025-06-16 00:54:06.795788+00:00,39.45474595801234
2025-06-16 00:54:15.316427+00:00,39.437270870360486
2025-06-16 00:54:18.364859+00:00,39.46060184112174
2025-06-16 00:54:20.407176+00:00,39.44896465516942
2025-06-16 00:54:20.648377+00:00,39.44310848535954
2025-06-16 00:54:20.919129+00:00,39.43730858723961
2025-06-16 00:54:22.545499+00:00,39.460583265664724
2025-06-16 00:54:24.019263+00:00,39.431508801915825
2025-06-16 00:54:24.846337+00:00,39.45480188454268
2025-06-16 00:54:25.745517+00:00,39.45482050525007
2025-06-16 00:54:28.171924+00:00,39.46062040584409
2025-06-16 00:54:31.143111+00:00,39.46643891723571
2025-06-16 00:54:32.047291+00:00,39.46062040584409
2025-06-16 00:54:34.705054+00:00,39.44894594627265
2025-06-16 00:54:36.008491+00:00,39.44310848535954
2025-06-16 00:54:37.452203+00:00,39.44314604732824
2025-06-16 00:54:38.568095+00:00,39.43152770023913
2025-06-16 00:54:40.472060+00:00,39.454783253100594
2025-06-16 00:54:44.009382+00:00,39.431508801915825
2025-06-16 00:54:47.902760+00:00,39.431489892857726
2025-06-16 00:54:49.642174+00:00,39.4373650820476
2025-06-16 00:54:51.541269+00:00,39.443164812210476
2025-06-16 00:54:55.010723+00:00,39.42570912938877
2025-06-16 00:54:55.670365+00:00,39.431489892857726
2025-06-16 00:54:57.267008+00:00,39.431508801915825
2025-06-16 00:54:58.380130+00:00,39.419852474363225
2025-06-16 00:54:59.089117+00:00,39.419852474363225
2025-06-16 00:55:03.891677+00:00,39.4023770188949
2025-06-16 00:55:05.402662+00:00,39.3907199702746
2025-06-16 00:55:07.320356+00:00,39.3674442823749
2025-06-16 00:55:10.727571+00:00,39.40819582954984
2025-06-16 00:55:13.409226+00:00,39.42565220205181
2025-06-16 00:55:15.446182+00:00,39.40819582954984
2025-06-16 00:55:17.051202+00:00,39.396577518451295
2025-06-16 00:55:20.642805+00:00,39.431452042537195
2025-06-16 00:55:22.368452+00:00,39.396538867472785
2025-06-16 00:55:25.934018+00:00,39.431489892857726
2025-06-16 00:55:26.356488+00:00,39.40233847989072
2025-06-16 00:55:29.409725+00:00,39.44305206189592
2025-06-16 00:55:30.348667+00:00,39.43725199581877
2025-06-16 00:55:34.368163+00:00,39.396538867472785
2025-06-16 00:55:37.770253+00:00,39.41983342112828
2025-06-16 00:55:39.284184+00:00,39.4023770188949
2025-06-16 00:55:39.628200+00:00,39.40819582954984
2025-06-16 00:55:39.993765+00:00,39.40819582954984
2025-06-16 00:55:41.647201+00:00,39.41983342112828
2025-06-16 00:55:42.612880+00:00,39.41983342112828
2025-06-16 00:55:43.236594+00:00,39.40817663213704
2025-06-16 00:55:45.616691+00:00,39.41403375025061
2025-06-16 00:55:47.512946+00:00,39.42567118856561
2025-06-16 00:55:50.143506+00:00,39.40817663213704
2025-06-16 00:55:50.667634+00:00,39.40239627229464
2025-06-16 00:55:51.172668+00:00,39.4140146302943
2025-06-16 00:55:51.699421+00:00,39.37330240397546
2025-06-16 00:55:52.629756+00:00,39.37910167717046
2025-06-16 00:55:53.246837+00:00,39.3674442823749
2025-06-16 00:55:53.574289+00:00,39.37326321921588
2025-06-16 00:55:57.253145+00:00,39.37326321921588
2025-06-16 00:55:59.327392+00:00,39.38490106316573
2025-06-16 00:56:02.016962+00:00,39.355806378960864
2025-06-16 00:56:14.821393+00:00,39.33826934979807
2025-06-16 00:56:16.154207+00:00,39.33828939082868
2025-06-16 00:56:17.611090+00:00,39.36156607763099
2025-06-16 00:56:18.965753+00:00,39.35574692079748
2025-06-16 00:56:20.368911+00:00,39.36736551714244
2025-06-16 00:56:22.941704+00:00,39.344088603090164
2025-06-16 00:56:24.844856+00:00,39.33828939082868
2025-06-16 00:56:25.106920+00:00,39.349927754052594
2025-06-16 00:56:25.335868+00:00,39.32077101583588
2025-06-16 00:56:25.565813+00:00,39.32663081347907
2025-06-16 00:56:25.876179+00:00,39.344108577396334
2025-06-16 00:56:26.159584+00:00,39.344068618048844
2025-06-16 00:56:26.452873+00:00,39.33245008659437
2025-06-16 00:56:28.249187+00:00,39.34990784647064
2025-06-16 00:56:32.515921+00:00,39.33826934979807
2025-06-16 00:56:33.114690+00:00,39.34990784647064
2025-06-16 00:56:35.410980+00:00,39.34412854096736
2025-06-16 00:56:36.067657+00:00,39.367404921228754
2025-06-16 00:56:36.755429+00:00,39.37896473456533
2025-06-16 00:56:37.064275+00:00,39.37314540729666
2025-06-16 00:56:37.577439+00:00,39.38480358063334
2025-06-16 00:56:37.952323+00:00,39.37314540729666
2025-06-16 00:56:41.002371+00:00,39.38482309860978
2025-06-16 00:56:44.174923+00:00,39.37904305189254
2025-06-16 00:56:44.534589+00:00,39.39064227260901
2025-06-16 00:56:44.835388+00:00,39.36736551714244
2025-06-16 00:56:46.857892+00:00,39.36160559369422
2025-06-16 00:56:47.989013+00:00,39.355727079939506
2025-06-16 00:56:48.613997+00:00,39.36154630349678
2025-06-16 00:56:50.493566+00:00,39.33245008659437
2025-06-16 00:56:52.950070+00:00,39.36154630349678
2025-06-16 00:56:55.131836+00:00,39.36156607763099
2025-06-16 00:56:55.734721+00:00,39.33245008659437
2025-06-16 00:57:00.529072+00:00,39.349887928153564
2025-06-16 00:57:00.844186+00:00,39.33236954822139
2025-06-16 00:57:05.967027+00:00,39.31491089843852
2025-06-16 00:57:09.970715+00:00,39.285771549339394
2025-06-16 00:57:12.636576+00:00,39.28579225531242
2025-06-16 00:57:13.117421+00:00,39.26829134440405
2025-06-16 00:57:14.766785+00:00,39.24499069344654
2025-06-16 00:57:15.871390+00:00,39.22175372366803
2025-06-16 00:57:17.510803+00:00,39.18679069117596
2025-06-16 00:57:18.802796+00:00,39.19843077093746
2025-06-16 00:57:19.086112+00:00,39.18679069117596
2025-06-16 00:57:19.831733+00:00,39.18679069117596
2025-06-16 00:57:20.593084+00:00,39.16935255920785
2025-06-16 00:57:21.218530+00:00,39.186768818608265
2025-06-16 00:57:21.761576+00:00,39.17512856573127
2025-06-16 00:57:21.978910+00:00,39.20422912357139
2025-06-16 00:57:24.936545+00:00,39.15187021396922
2025-06-16 00:57:27.520395+00:00,39.15187021396922
2025-06-16 00:57:28.194818+00:00,39.140185152016386
2025-06-16 00:57:31.154310+00:00,39.15184794101345
2025-06-16 00:57:35.074900+00:00,39.18092674709234
2025-06-16 00:57:37.663446+00:00,39.15180336289418
2025-06-16 00:57:40.121047+00:00,39.122724319704226
2025-06-16 00:57:40.530501+00:00,39.151781057730666
2025-06-16 00:57:41.198311+00:00,39.151781057730666
2025-06-16 00:57:42.828966+00:00,39.18665929473322
2025-06-16 00:57:44.156997+00:00,39.1808388395973
2025-06-16 00:57:48.051192+00:00,39.163355210793426
2025-06-16 00:57:51.776549+00:00,39.163355210793426
2025-06-16 00:57:52.453695+00:00,39.13427484157759
2025-06-16 00:57:52.813532+00:00,39.1168131787262
2025-06-16 00:57:53.691214+00:00,39.1168131787262
2025-06-16 00:57:55.042228+00:00,39.11096980011082
2025-06-16 00:57:56.117909+00:00,39.099305539965634
2025-06-16 00:57:56.473402+00:00,39.11676769245341
2025-06-16 00:58:01.473555+00:00,39.134207196663226
2025-06-16 00:58:07.311559+00:00,39.145871081628194
2025-06-16 00:58:12.198537+00:00,39.128409077869044
2025-06-16 00:58:12.692315+00:00,39.122611071889835
2025-06-16 00:58:13.736460+00:00,39.12843169290682
2025-06-16 00:58:14.641654+00:00,39.1342523040088
2025-06-16 00:58:17.053916+00:00,39.14014028549603
2025-06-16 00:58:21.501591+00:00,39.134319884507214
2025-06-16 00:58:22.765741+00:00,39.16342179030798
2025-06-16 00:58:23.391799+00:00,39.14598304846624
2025-06-16 00:58:27.487172+00:00,39.20416404202704
2025-06-16 00:58:28.766504+00:00,39.186725041265596
2025-06-16 00:58:29.299449+00:00,39.17506248322794
2025-06-16 00:58:30.637925+00:00,39.175106548965985
2025-06-16 00:58:32.637808+00:00,39.18090478632229
2025-06-16 00:58:33.839482+00:00,39.20420744045898
2025-06-16 00:58:34.290847+00:00,39.19836552140988
2025-06-16 00:58:34.674321+00:00,39.1983001752607
2025-06-16 00:58:35.110290+00:00,39.18092674709234
2025-06-16 00:58:35.343160+00:00,39.186725041265596
2025-06-16 00:58:38.618792+00:00,39.215890816229056
2025-06-16 00:58:38.893977+00:00,39.21000596189775
2025-06-16 00:58:39.082561+00:00,39.20418574661086
2025-06-16 00:58:39.641297+00:00,39.20420744045898
2025-06-16 00:58:39.933077+00:00,39.19256711360342
2025-06-16 00:58:40.684054+00:00,39.20420744045898
2025-06-16 00:58:40.892969+00:00,39.21009240595643
2025-06-16 00:58:41.090801+00:00,39.21002758901594
2025-06-16 00:58:41.682335+00:00,39.20420744045898
2025-06-16 00:58:42.533453+00:00,39.22753079685632
2025-06-16 00:58:42.947802+00:00,39.215890816229056
2025-06-16 00:58:44.902393+00:00,39.221710811499406
2025-06-16 00:58:46.281051+00:00,39.24496948817416
2025-06-16 00:58:47.593238+00:00,39.22175372366803
2025-06-16 00:58:47.949141+00:00,39.24507540718061
2025-06-16 00:58:49.313549+00:00,39.23917073782989
2025-06-16 00:58:50.170892+00:00,39.21593386185644
2025-06-16 00:58:50.835795+00:00,39.21009240595643
2025-06-16 00:58:51.036720+00:00,39.210070811045284
2025-06-16 00:58:52.425630+00:00,39.221732272951535
2025-06-16 00:58:52.841889+00:00,39.22175372366803
2025-06-16 00:58:53.016665+00:00,39.2101139901319
2025-06-16 00:58:54.513236+00:00,39.22175372366803
2025-06-16 00:58:55.507899+00:00,39.23925571847776
2025-06-16 00:58:56.292287+00:00,39.250873990368916
2025-06-16 00:58:58.445821+00:00,39.24507540718061
2025-06-16 00:58:58.772266+00:00,39.250873990368916
2025-06-16 00:59:04.486725+00:00,39.2742153271839
2025-06-16 00:59:05.235575+00:00,39.28585430881927
2025-06-16 00:59:07.253999+00:00,39.28585430881927
2025-06-16 00:59:09.787096+00:00,39.291673784768854
2025-06-16 00:59:10.169391+00:00,39.285874971850795
2025-06-16 00:59:10.554233+00:00,39.268416684710616
2025-06-16 00:59:10.884525+00:00,39.285833635052356
2025-06-16 00:59:11.243345+00:00,39.2800555527159
2025-06-16 00:59:11.536930+00:00,39.2800555527159
2025-06-16 00:59:11.881307+00:00,39.29169438107385
2025-06-16 00:59:12.236470+00:00,39.28003482295762
2025-06-16 00:59:12.648039+00:00,39.29171496664351
2025-06-16 00:59:13.693929+00:00,39.27425690941904
2025-06-16 00:59:14.604308+00:00,39.285916265707755
2025-06-16 00:59:17.895546+00:00,39.31499223751365
2025-06-16 00:59:18.631163+00:00,39.297513780385074
2025-06-16 00:59:21.021789+00:00,39.28007627173881
2025-06-16 00:59:22.441151+00:00,39.3033536219018
2025-06-16 00:59:23.149287+00:00,39.291673784768854
2025-06-16 00:59:25.541480+00:00,39.30917293466353
2025-06-16 00:59:26.560015+00:00,39.31501254544429
2025-06-16 00:59:29.710458+00:00,39.2742153271839
2025-06-16 00:59:31.082214+00:00,39.25095830836393
2025-06-16 00:59:31.822930+00:00,39.23349984281072
2025-06-16 00:59:34.894161+00:00,39.22761631133453
2025-06-16 00:59:35.207209+00:00,39.22179659289414
2025-06-16 00:59:37.575849+00:00,39.18674693530482
2025-06-16 00:59:38.173968+00:00,39.181080171880446
2025-06-16 00:59:38.930100+00:00,39.18687807408895
2025-06-16 00:59:39.238428+00:00,39.18679069117596
2025-06-16 00:59:41.904020+00:00,39.1984959238435
2025-06-16 00:59:44.143726+00:00,39.19847421694388
2025-06-16 00:59:44.766133+00:00,39.21013556357168
2025-06-16 00:59:45.160569+00:00,39.22759494881839
2025-06-16 00:59:50.324042+00:00,39.22175372366803
2025-06-16 00:59:50.959780+00:00,39.21595536856666
2025-06-16 00:59:52.273430+00:00,39.22175372366803
2025-06-16 00:59:53.202067+00:00,39.215976864541226
2025-06-16 00:59:53.625954+00:00,39.215890816229056
2025-06-16 00:59:53.790599+00:00,39.221710811499406
2025-06-16 00:59:55.463745+00:00,39.22177516364889
2025-06-16 00:59:56.659402+00:00,39.245011887983374
2025-06-16 00:59:56.865042+00:00,39.245033071784654
2025-06-16 00:59:57.575779+00:00,39.221732272951535
2025-06-16 00:59:59.350195+00:00,39.22177516364889
2025-06-16 01:00:03.768778+00:00,39.22757357556664
2025-06-16 01:00:06.204002+00:00,39.22763766311506
2025-06-16 01:00:10.849928+00:00,39.18683440410398
2025-06-16 01:00:11.990782+00:00,39.17521652543423
2025-06-16 01:00:15.302011+00:00,39.221732272951535
2025-06-16 01:00:20.957369+00:00,39.21593386185644
2025-06-16 01:00:22.275379+00:00,39.20431574866396
2025-06-16 01:00:24.150591+00:00,39.20429410849437
2025-06-16 01:00:27.230595+00:00,39.19843077093746
2025-06-16 01:00:30.175443+00:00,39.2101139901319
2025-06-16 01:00:30.597186+00:00,39.20429410849437
2025-06-16 01:00:30.960868+00:00,39.221732272951535
2025-06-16 01:00:31.450714+00:00,39.21593386185644
2025-06-16 01:00:33.543118+00:00,39.19847421694388
2025-06-16 01:00:37.135059+00:00,39.22175372366803
2025-06-16 01:00:37.999820+00:00,39.23339341755228
2025-06-16 01:00:39.757284+00:00,39.23339341755228
2025-06-16 01:00:40.608031+00:00,39.215976864541226
2025-06-16 01:00:45.747083+00:00,39.26831226129376
2025-06-16 01:00:46.186852+00:00,39.26249247878594
2025-06-16 01:00:46.658807+00:00,39.268354062866834
2025-06-16 01:00:47.143930+00:00,39.25671475484875
2025-06-16 01:00:47.464176+00:00,39.268354062866834
2025-06-16 01:00:47.936068+00:00,39.26251345166773
2025-06-16 01:00:48.366155+00:00,39.25669372597469
2025-06-16 01:00:48.764591+00:00,39.25089508597094
2025-06-16 01:00:49.039567+00:00,39.26831226129376
2025-06-16 01:00:49.224469+00:00,39.26833316744801
2025-06-16 01:00:49.438731+00:00,39.26827041677889
2025-06-16 01:00:50.147927+00:00,39.25089508597094
2025-06-16 01:00:51.730349+00:00,39.268354062866834
2025-06-16 01:00:51.947327+00:00,39.25089508597094
2025-06-16 01:00:52.230850+00:00,39.25669372597469
2025-06-16 01:00:52.455369+00:00,39.26833316744801
2025-06-16 01:00:52.896880+00:00,39.26833316744801
2025-06-16 01:00:54.362684+00:00,39.25671475484875
2025-06-16 01:00:54.901567+00:00,39.23343601986241
2025-06-16 01:00:59.210913+00:00,39.23923448941913
2025-06-16 01:01:02.839074+00:00,39.23341472407513
2025-06-16 01:01:08.630656+00:00,39.245011887983374
2025-06-16 01:01:10.475399+00:00,39.25093724496844
2025-06-16 01:01:12.029196+00:00,39.21599834978014
2025-06-16 01:01:16.617012+00:00,39.24509655877528
2025-06-16 01:01:18.139171+00:00,39.2334785792302
2025-06-16 01:01:18.512980+00:00,39.22763766311506
2025-06-16 01:01:19.974918+00:00,39.23343601986241
2025-06-16 01:01:20.354314+00:00,39.21599834978014
2025-06-16 01:01:21.151633+00:00,39.22177516364889
2025-06-16 01:01:23.200531+00:00,39.23349984281072
2025-06-16 01:01:23.426446+00:00,39.22759494881839
2025-06-16 01:01:23.702028+00:00,39.22179659289414
2025-06-16 01:01:24.837028+00:00,39.2567567803904
2025-06-16 01:01:25.239910+00:00,39.2334785792302
2025-06-16 01:01:26.852569+00:00,39.25093724496844
2025-06-16 01:01:28.548508+00:00,39.25093724496844
2025-06-16 01:01:28.908468+00:00,39.25091617083744
2025-06-16 01:01:30.688548+00:00,39.256777777057984
2025-06-16 01:01:31.607053+00:00,39.24509655877528
2025-06-16 01:01:32.825247+00:00,39.2567567803904
2025-06-16 01:01:33.946331+00:00,39.26843753718767
2025-06-16 01:01:35.625239+00:00,39.268458378929274
2025-06-16 01:01:36.821273+00:00,39.2567987629901
2025-06-16 01:01:38.532340+00:00,39.262576305900296
2025-06-16 01:01:38.839032+00:00,39.256777777057984
2025-06-16 01:01:39.001324+00:00,39.24509655877528
2025-06-16 01:01:39.263273+00:00,39.2567567803904
2025-06-16 01:01:39.562175+00:00,39.25089508597094
2025-06-16 01:01:40.990788+00:00,39.262576305900296
2025-06-16 01:01:49.513886+00:00,39.29171496664351
2025-06-16 01:01:49.895377+00:00,39.285916265707755
2025-06-16 01:01:50.055966+00:00,39.29171496664351
2025-06-16 01:01:53.296516+00:00,39.30919330931974
2025-06-16 01:01:54.210687+00:00,39.30917293466353
2025-06-16 01:01:54.819793+00:00,39.29175610557679
2025-06-16 01:01:56.051729+00:00,39.3033536219018
2025-06-16 01:01:56.837359+00:00,39.285874971850795
2025-06-16 01:01:59.992114+00:00,39.28007627173881
2025-06-16 01:02:02.374086+00:00,39.221882202518835
2025-06-16 01:02:03.551579+00:00,39.227659004159996
2025-06-16 01:02:07.450965+00:00,39.24511769963443
2025-06-16 01:02:09.317565+00:00,39.2567567803904
2025-06-16 01:02:09.823060+00:00,39.25095830836393
2025-06-16 01:02:12.027116+00:00,39.2567567803904
2025-06-16 01:02:12.898168+00:00,39.26259723584022
2025-06-16 01:02:14.391818+00:00,39.22183941917773
2025-06-16 01:02:18.375095+00:00,39.26839582149813
2025-06-16 01:02:18.857789+00:00,39.2567567803904
2025-06-16 01:02:19.190823+00:00,39.25091617083744
2025-06-16 01:02:19.394313+00:00,39.2567567803904
2025-06-16 01:02:19.589338+00:00,39.2567567803904
2025-06-16 01:02:20.578667+00:00,39.25095830836393
2025-06-16 01:02:21.504228+00:00,39.25089508597094
2025-06-16 01:02:24.110933+00:00,39.22179659289414
2025-06-16 01:02:25.348436+00:00,39.19269785200444
2025-06-16 01:02:25.883981+00:00,39.20435899679606
2025-06-16 01:02:26.692551+00:00,39.19269785200444
2025-06-16 01:02:31.799839+00:00,39.245033071784654
2025-06-16 01:02:34.087914+00:00,39.22179659289414
2025-06-16 01:02:35.667874+00:00,39.1984959238435
2025-06-16 01:02:37.136752+00:00,39.2101139901319
2025-06-16 01:02:37.710122+00:00,39.21593386185644
2025-06-16 01:02:43.029474+00:00,39.204250795948084
2025-06-16 01:02:46.078060+00:00,39.12858969756291
2025-06-16 01:02:47.067161+00:00,39.076207955713365
2025-06-16 01:02:47.853151+00:00,39.082005115149414
2025-06-16 01:02:49.445316+00:00,39.13438736838174
2025-06-16 01:02:52.990597+00:00,39.093645685263276
2025-06-16 01:02:55.883258+00:00,39.09944307116037
2025-06-16 01:02:56.742575+00:00,39.09362273423971
2025-06-16 01:02:57.137001+00:00,39.09353082278399
2025-06-16 01:02:57.486838+00:00,39.116790440957836
2025-06-16 01:02:57.728780+00:00,39.099328488671745
2025-06-16 01:02:58.037247+00:00,39.09357679998415
2025-06-16 01:02:58.293327+00:00,39.099397270373295
2025-06-16 01:02:58.984206+00:00,39.09935142664172
2025-06-16 01:03:00.620695+00:00,39.110992604612825
2025-06-16 01:03:04.120485+00:00,39.110992604612825
2025-06-16 01:03:05.689851+00:00,39.09944307116037
2025-06-16 01:03:06.244093+00:00,39.08775631968066
2025-06-16 01:03:06.963917+00:00,39.09357679998415
2025-06-16 01:03:07.297681+00:00,39.099397270373295
2025-06-16 01:03:08.707899+00:00,39.128544607055495
2025-06-16 01:03:14.568304+00:00,39.128567157677196
2025-06-16 01:03:17.326255+00:00,39.140229975592916
2025-06-16 01:03:19.180801+00:00,39.1169493798792
2025-06-16 01:03:19.439671+00:00,39.11692670652717
2025-06-16 01:03:21.485130+00:00,39.140386519928214
2025-06-16 01:03:22.672677+00:00,39.140252371277235
2025-06-16 01:03:23.283160+00:00,39.1286347451263
2025-06-16 01:03:23.543013+00:00,39.128544607055495
2025-06-16 01:03:24.060841+00:00,39.12274693705901
2025-06-16 01:03:24.752592+00:00,39.11692670652717
2025-06-16 01:03:26.193076+00:00,39.099465955449716
2025-06-16 01:03:26.492895+00:00,39.081935829462836
2025-06-16 01:03:27.795545+00:00,39.082005115149414
2025-06-16 01:03:30.629946+00:00,39.058723855957886
2025-06-16 01:03:33.278487+00:00,39.087779358911
2025-06-16 01:03:33.552664+00:00,39.09944307116037
2025-06-16 01:03:36.514244+00:00,39.09362273423971
2025-06-16 01:03:36.854242+00:00,39.10526339816715
2025-06-16 01:03:38.151454+00:00,39.128612226712605
2025-06-16 01:03:40.139920+00:00,39.0936686255507
2025-06-16 01:03:44.144931+00:00,39.105309022541796
2025-06-16 01:03:45.862410+00:00,39.1169493798792
2025-06-16 01:03:47.635472+00:00,39.140252371277235
2025-06-16 01:03:48.019172+00:00,39.128612226712605
2025-06-16 01:03:48.452925+00:00,39.14602776004987
2025-06-16 01:03:49.791439+00:00,39.151892476189076
2025-06-16 01:03:51.929363+00:00,39.13445475563243
2025-06-16 01:03:53.409793+00:00,39.157712513775195
2025-06-16 01:03:54.018765+00:00,39.157756872543466
2025-06-16 01:03:54.428636+00:00,39.140252371277235
2025-06-16 01:03:55.212594+00:00,39.15191472767302
2025-06-16 01:03:56.426062+00:00,39.15773469852728
2025-06-16 01:03:57.103170+00:00,39.16359886330185
2025-06-16 01:03:57.393103+00:00,39.16355465946855
2025-06-16 01:03:57.610632+00:00,39.17517256705439
2025-06-16 01:03:57.812474+00:00,39.16357676675313
2025-06-16 01:03:58.680822+00:00,39.18103638990566
2025-06-16 01:03:59.834452+00:00,39.19269785200444
2025-06-16 01:04:00.219988+00:00,39.17526044087082
2025-06-16 01:04:02.171765+00:00,39.15193696842106
2025-06-16 01:04:02.565751+00:00,39.1519591984332
2025-06-16 01:04:04.195691+00:00,39.157756872543466
2025-06-16 01:04:05.520187+00:00,39.16939665105004
2025-06-16 01:04:07.196883+00:00,39.17523848852043
2025-06-16 01:04:10.120979+00:00,39.1752823824854
2025-06-16 01:04:12.710773+00:00,39.163643024191714
2025-06-16 01:04:13.286416+00:00,39.186921701130856
2025-06-16 01:04:14.001044+00:00,39.18687807408895
2025-06-16 01:04:14.443172+00:00,39.1752823824854
2025-06-16 01:04:15.634568+00:00,39.18114576432424
2025-06-16 01:04:19.918413+00:00,39.1752823824854
2025-06-16 01:04:20.134215+00:00,39.18110204676417
2025-06-16 01:04:21.212214+00:00,39.17530431336419
2025-06-16 01:04:21.421948+00:00,39.1752823824854
2025-06-16 01:04:24.764682+00:00,39.192763076272406
2025-06-16 01:04:25.199473+00:00,39.1752823824854
2025-06-16 01:04:25.415670+00:00,39.17530431336419
2025-06-16 01:04:26.293153+00:00,39.17526044087082
2025-06-16 01:04:27.240267+00:00,39.1752823824854
2025-06-16 01:04:27.792511+00:00,39.19274134558549
2025-06-16 01:04:30.309267+00:00,39.21020021947702
2025-06-16 01:04:33.277823+00:00,39.20440220198539
2025-06-16 01:04:34.050222+00:00,39.22183941917773
2025-06-16 01:04:34.818116+00:00,39.216041288051024
2025-06-16 01:04:35.419098+00:00,39.227659004159996
2025-06-16 01:04:36.790780+00:00,39.221882202518835
2025-06-16 01:04:38.510102+00:00,39.2277229628812
2025-06-16 01:04:41.092691+00:00,39.23349984281072
2025-06-16 01:04:41.545072+00:00,39.2393405273567
2025-06-16 01:04:44.245631+00:00,39.24518105779865
2025-06-16 01:04:45.199748+00:00,39.245159949146114
2025-06-16 01:04:46.650951+00:00,39.23356356913888
2025-06-16 01:04:49.132943+00:00,39.22192494291746
2025-06-16 01:04:49.682797+00:00,39.24520215571568
2025-06-16 01:04:51.204255+00:00,39.25684070264787
2025-06-16 01:04:53.987902+00:00,39.25102143413736
2025-06-16 01:04:54.430573+00:00,39.2509793610239
2025-06-16 01:04:55.124560+00:00,39.251000402948385
2025-06-16 01:04:55.592065+00:00,39.25102143413736
2025-06-16 01:04:56.531692+00:00,39.256777777057984
2025-06-16 01:04:57.247914+00:00,39.25684070264787
2025-06-16 01:04:57.547046+00:00,39.26843753718767
2025-06-16 01:04:58.942462+00:00,39.25102143413736
2025-06-16 01:04:59.151214+00:00,39.26843753718767
2025-06-16 01:04:59.378208+00:00,39.24518105779865
2025-06-16 01:05:01.683208+00:00,39.24522324289718
2025-06-16 01:05:03.070215+00:00,39.262659961247245
2025-06-16 01:05:03.952655+00:00,39.22194629701336
2025-06-16 01:05:08.361006+00:00,39.163687142138166
2025-06-16 01:05:08.786098+00:00,39.163731217141226
2025-06-16 01:05:09.527342+00:00,39.152025824054206
2025-06-16 01:05:11.909118+00:00,39.12879207341438
2025-06-16 01:05:13.738803+00:00,39.152048011122744
2025-06-16 01:05:15.367725+00:00,39.152048011122744
2025-06-16 01:05:18.195167+00:00,39.1404088404609
2025-06-16 01:05:19.072687+00:00,39.163643024191714
2025-06-16 01:05:24.366790+00:00,39.122882415731205
2025-06-16 01:05:24.966149+00:00,39.1404088404609
2025-06-16 01:05:28.277437+00:00,39.16939665105004
2025-06-16 01:05:30.461099+00:00,39.16359886330185
2025-06-16 01:05:33.075558+00:00,39.15780118836821
2025-06-16 01:05:35.526756+00:00,39.13445475563243
2025-06-16 01:05:38.007236+00:00,39.12872471142115
2025-06-16 01:05:41.591210+00:00,39.122814724707204
2025-06-16 01:05:43.091112+00:00,39.10533181862498
2025-06-16 01:05:44.115555+00:00,39.0820743042103
2025-06-16 01:05:44.329682+00:00,39.0820743042103
2025-06-16 01:05:44.512005+00:00,39.0820281889059
2025-06-16 01:05:44.714157+00:00,39.0820512519262
2025-06-16 01:05:45.171865+00:00,39.08780238740516
2025-06-16 01:05:45.511129+00:00,39.07036450538095
2025-06-16 01:05:45.890843+00:00,39.07036450538095
2025-06-16 01:05:46.300030+00:00,39.0878943940202
2025-06-16 01:05:49.000539+00:00,39.093645685263276
2025-06-16 01:05:49.201968+00:00,39.07036450538095
2025-06-16 01:05:49.624629+00:00,39.093645685263276
2025-06-16 01:05:50.253793+00:00,39.10526339816715
2025-06-16 01:05:50.516231+00:00,39.093645685263276
2025-06-16 01:05:51.831774+00:00,39.093645685263276
2025-06-16 01:05:55.167910+00:00,39.09362273423971
2025-06-16 01:05:56.664487+00:00,39.070341287418266
2025-06-16 01:05:57.673207+00:00,39.0820281889059
2025-06-16 01:05:58.432672+00:00,39.06449760549393
2025-06-16 01:05:59.488768+00:00,39.05870050452428
2025-06-16 01:06:01.580639+00:00,39.04701267995492
2025-06-16 01:06:04.177223+00:00,39.05285666930076
2025-06-16 01:06:07.281156+00:00,39.04696563498974
2025-06-16 01:06:08.660206+00:00,39.029479787176015
2025-06-16 01:06:09.710477+00:00,39.04701267995492
2025-06-16 01:06:10.692925+00:00,39.058560170460666
2025-06-16 01:06:13.031125+00:00,39.05870050452428
2025-06-16 01:06:17.610645+00:00,39.046918547079216
2025-06-16 01:06:20.054814+00:00,39.05278631816578
2025-06-16 01:06:21.359359+00:00,39.07611532933068
2025-06-16 01:06:22.109639+00:00,39.05860699142703
2025-06-16 01:06:24.182845+00:00,39.05860699142703
2025-06-16 01:06:25.403512+00:00,39.06442765477349
2025-06-16 01:06:26.180877+00:00,39.05860699142703
2025-06-16 01:06:27.357828+00:00,39.05283322965874
2025-06-16 01:06:27.640291+00:00,39.05865376944823
2025-06-16 01:06:27.902061+00:00,39.06442765477349
2025-06-16 01:06:31.719365+00:00,39.058723855957886
2025-06-16 01:06:32.393754+00:00,39.07613850203067
2025-06-16 01:06:33.965889+00:00,39.08780238740516
2025-06-16 01:06:36.381141+00:00,39.09944307116037
2025-06-16 01:06:37.620385+00:00,39.093645685263276
2025-06-16 01:06:38.972363+00:00,39.10526339816715
2025-06-16 01:06:39.750671+00:00,39.099465955449716
2025-06-16 01:06:40.873828+00:00,39.093645685263276
2025-06-16 01:06:42.357689+00:00,39.11115193551668
2025-06-16 01:06:47.078343+00:00,39.11697204249519
2025-06-16 01:06:48.642864+00:00,39.11699469437512
2025-06-16 01:06:50.079061+00:00,39.122814724707204
2025-06-16 01:06:51.073734+00:00,39.122792139560495
2025-06-16 01:06:53.199073+00:00,39.1286347451263
2025-06-16 01:06:54.623705+00:00,39.1286347451263
2025-06-16 01:06:56.004874+00:00,39.13447719657738
2025-06-16 01:06:56.823437+00:00,39.13445475563243
2025-06-16 01:06:57.824120+00:00,39.14031949391449
2025-06-16 01:06:59.464277+00:00,39.14029713043802
2025-06-16 01:07:01.649052+00:00,39.140341846655005
2025-06-16 01:07:03.059980+00:00,39.1519591984332
2025-06-16 01:07:05.424312+00:00,39.140341846655005
2025-06-16 01:07:09.015640+00:00,39.15784546124945
2025-06-16 01:07:11.001102+00:00,39.15784546124945
2025-06-16 01:07:11.897964+00:00,39.16946270829459
2025-06-16 01:07:14.214852+00:00,39.18694349854817
2025-06-16 01:07:14.587126+00:00,39.18703058085985
2025-06-16 01:07:17.328094+00:00,39.18114576432424
2025-06-16 01:07:19.851948+00:00,39.15784546124945
2025-06-16 01:07:21.175757+00:00,39.21028627705144
2025-06-16 01:07:23.471840+00:00,39.19862593979118
2025-06-16 01:07:25.622501+00:00,39.18116760700061
2025-06-16 01:07:26.641838+00:00,39.18696528522972
2025-06-16 01:07:28.681118+00:00,39.16952866891666
2025-06-16 01:07:31.116235+00:00,39.19862593979118
2025-06-16 01:07:34.814436+00:00,39.22194629701336
2025-06-16 01:07:39.406389+00:00,39.262680848245346
2025-06-16 01:07:40.848677+00:00,39.25108446329128
2025-06-16 01:07:47.499184+00:00,39.23356356913888
2025-06-16 01:07:48.641305+00:00,39.245286440028565
2025-06-16 01:07:49.784342+00:00,39.21619123382644
2025-06-16 01:07:50.500676+00:00,39.2103507075078
2025-06-16 01:07:52.465634+00:00,39.24526538505362
2025-06-16 01:07:53.862492+00:00,39.25110545153826
2025-06-16 01:07:54.512925+00:00,39.2336271988469
2025-06-16 01:07:58.863584+00:00,39.25110545153826
2025-06-16 01:08:02.378110+00:00,39.25694536392149
2025-06-16 01:08:08.341238+00:00,39.245286440028565
2025-06-16 01:08:09.839781+00:00,39.25692445313771
2025-06-16 01:08:12.460380+00:00,39.25692445313771
2025-06-16 01:08:12.671921+00:00,39.23364838727845
2025-06-16 01:08:12.971691+00:00,39.23364838727845
2025-06-16 01:08:13.263378+00:00,39.23364838727845
2025-06-16 01:08:13.588234+00:00,39.2336271988469
2025-06-16 01:08:14.349435+00:00,39.274381398474596
2025-06-16 01:08:19.713869+00:00,39.22778682498206
2025-06-16 01:08:20.113438+00:00,39.245244319343165
2025-06-16 01:08:20.437489+00:00,39.216169845208285
2025-06-16 01:08:20.840660+00:00,39.210329241424674
2025-06-16 01:08:22.495858+00:00,39.23364838727845
2025-06-16 01:08:23.791573+00:00,39.227808090877836
2025-06-16 01:08:26.318125+00:00,39.19289323494353
2025-06-16 01:08:29.961984+00:00,39.17539192952127
2025-06-16 01:08:30.856128+00:00,39.175413806721046
2025-06-16 01:08:34.476510+00:00,39.140475737643335
2025-06-16 01:08:35.571568+00:00,39.16959453291633
2025-06-16 01:08:39.268067+00:00,39.17534814291432
2025-06-16 01:08:40.280124+00:00,39.1753700415857
2025-06-16 01:08:44.141274+00:00,39.12299501938428
2025-06-16 01:08:44.979030+00:00,39.134656337642106
2025-06-16 01:08:51.965393+00:00,39.18110204676417
2025-06-16 01:08:55.914985+00:00,39.12285986279255
2025-06-16 01:08:56.736127+00:00,39.1054228955968
2025-06-16 01:08:58.642900+00:00,39.117085194534475
2025-06-16 01:08:59.254916+00:00,39.12285986279255
2025-06-16 01:09:00.890290+00:00,39.12285986279255
2025-06-16 01:09:01.457970+00:00,39.09371447391713
2025-06-16 01:09:04.754771+00:00,39.093760279339016
2025-06-16 01:09:05.197733+00:00,39.09371447391713
2025-06-16 01:09:05.680836+00:00,39.0936686255507
2025-06-16 01:09:06.070126+00:00,39.09948882900296
2025-06-16 01:09:06.788542+00:00,39.076207955713365
2025-06-16 01:09:11.144204+00:00,39.08198203065675
2025-06-16 01:09:12.554238+00:00,39.0820281889059
2025-06-16 01:09:14.086491+00:00,39.05292692380897
2025-06-16 01:09:15.155958+00:00,39.070341287418266
2025-06-16 01:09:21.161651+00:00,39.012089173531
2025-06-16 01:09:22.155490+00:00,39.02375415532097
2025-06-16 01:09:22.527292+00:00,39.0236828031377
2025-06-16 01:09:22.825086+00:00,39.02955097135746
2025-06-16 01:09:25.463760+00:00,39.02365899760377
2025-06-16 01:09:28.720498+00:00,39.00614852569454
2025-06-16 01:09:32.804371+00:00,39.01204132772296
2025-06-16 01:09:33.196455+00:00,39.006196569396955
2025-06-16 01:09:33.851532+00:00,38.994627286475534
2025-06-16 01:09:34.219261+00:00,38.99457904023994
2025-06-16 01:09:34.378064+00:00,39.017838198116515
2025-06-16 01:09:34.612555+00:00,39.01781431510884
2025-06-16 01:09:36.225036+00:00,39.006268554426846
2025-06-16 01:09:36.934290+00:00,39.012089173531
2025-06-16 01:09:37.813713+00:00,39.006268554426846
2025-06-16 01:09:38.965138+00:00,39.01790978272082
2025-06-16 01:09:39.453522+00:00,39.0237303819963
2025-06-16 01:09:40.143985+00:00,39.01204132772296
2025-06-16 01:09:43.011076+00:00,39.03541881976975
2025-06-16 01:09:43.236077+00:00,39.02957467794514
2025-06-16 01:09:43.868544+00:00,39.02377791790921
2025-06-16 01:09:44.199261+00:00,39.0412392558292
2025-06-16 01:09:44.661810+00:00,39.047059681974766
2025-06-16 01:09:50.346588+00:00,39.08198203065675
2025-06-16 01:09:52.269686+00:00,39.05877052661626
2025-06-16 01:09:54.123988+00:00,39.07625420448745
2025-06-16 01:09:54.398139+00:00,39.0936686255507
2025-06-16 01:09:54.683201+00:00,39.07623108546851
2025-06-16 01:09:54.933310+00:00,39.05295032050578
2025-06-16 01:09:55.328445+00:00,39.0646139753028
2025-06-16 01:09:55.829085+00:00,39.0646139753028
2025-06-16 01:09:56.201359+00:00,39.0646139753028
2025-06-16 01:09:57.358873+00:00,39.08784841218501
2025-06-16 01:09:58.681817+00:00,39.08794033291076
2025-06-16 01:10:01.086986+00:00,39.10537737858307
2025-06-16 01:10:03.416444+00:00,39.11703996592687
2025-06-16 01:10:04.719256+00:00,39.117085194534475
2025-06-16 01:10:07.886672+00:00,39.146183912410706
2025-06-16 01:10:09.930969+00:00,39.12874717615488
2025-06-16 01:10:13.660723+00:00,39.12290495793385
2025-06-16 01:10:15.774834+00:00,39.1404088404609
2025-06-16 01:10:16.253202+00:00,39.11710779273422
2025-06-16 01:10:17.312064+00:00,39.11710779273422
2025-06-16 01:10:17.853009+00:00,39.13456685299746
2025-06-16 01:10:18.237839+00:00,39.152048011122744
2025-06-16 01:10:22.146043+00:00,39.152048011122744
2025-06-16 01:10:23.410837+00:00,39.15786758158626
2025-06-16 01:10:25.528567+00:00,39.15791179005227
2025-06-16 01:10:25.994024+00:00,39.1404088404609
2025-06-16 01:10:26.668595+00:00,39.163687142138166
2025-06-16 01:10:27.027855+00:00,39.1404088404609
2025-06-16 01:10:30.132149+00:00,39.152048011122744
2025-06-16 01:10:30.851163+00:00,39.16950669277846
2025-06-16 01:10:34.050563+00:00,39.17539192952127
2025-06-16 01:10:34.602149+00:00,39.169550634319044
2025-06-16 01:10:41.660664+00:00,39.19866919255472
2025-06-16 01:10:42.835644+00:00,39.187074057601166
2025-06-16 01:10:44.618396+00:00,39.2103507075078
2025-06-16 01:10:44.846315+00:00,39.21614844585451
2025-06-16 01:10:45.419559+00:00,39.21614844585451
2025-06-16 01:10:46.585911+00:00,39.227808090877836
2025-06-16 01:10:48.121175+00:00,39.222010294887355
2025-06-16 01:10:51.137557+00:00,39.25694536392149
2025-06-16 01:10:51.824045+00:00,39.25694536392149
2025-06-16 01:10:53.101926+00:00,39.245286440028565
2025-06-16 01:10:53.719674+00:00,39.23366956497443
2025-06-16 01:10:54.756635+00:00,39.23366956497443
2025-06-16 01:10:58.133724+00:00,39.26276428888321
2025-06-16 01:10:59.579059+00:00,39.25700803186002
2025-06-16 01:11:00.528418+00:00,39.2453285177719
2025-06-16 01:11:01.542926+00:00,39.251126429049755
2025-06-16 01:11:03.576412+00:00,39.251168351866255
2025-06-16 01:11:06.538103+00:00,39.28024163744811
2025-06-16 01:11:10.819839+00:00,39.268624726386726
2025-06-16 01:11:13.171161+00:00,39.26860397052853
2025-06-16 01:11:18.953380+00:00,39.268624726386726
2025-06-16 01:11:20.425195+00:00,39.291879264728514
2025-06-16 01:11:22.126661+00:00,39.28610155666371
2025-06-16 01:11:23.642076+00:00,39.27446417647024
2025-06-16 01:11:24.717839+00:00,39.3035575526339
2025-06-16 01:11:25.670093+00:00,39.29771848572959
2025-06-16 01:11:25.923178+00:00,39.29189975368014
2025-06-16 01:11:27.729899+00:00,39.30941672201051
2025-06-16 01:11:28.545501+00:00,39.29189975368014
2025-06-16 01:11:36.866918+00:00,39.28028287152164
2025-06-16 01:11:39.611960+00:00,39.280262259852556
2025-06-16 01:11:40.575321+00:00,39.2803240626537
2025-06-16 01:11:41.942260+00:00,39.27448484413066
2025-06-16 01:11:42.202375+00:00,39.28024163744811
2025-06-16 01:11:42.896187+00:00,39.28030347245536
2025-06-16 01:11:43.614700+00:00,39.28030347245536
2025-06-16 01:11:48.635524+00:00,39.28030347245536
2025-06-16 01:11:48.857589+00:00,39.28028287152164
2025-06-16 01:11:49.058552+00:00,39.297759297974785
2025-06-16 01:11:49.287338+00:00,39.29773889721984
2025-06-16 01:11:49.547216+00:00,39.2686454715095
2025-06-16 01:11:49.792637+00:00,39.27444349807442
2025-06-16 01:11:50.023313+00:00,39.29192023189644
2025-06-16 01:11:50.292801+00:00,39.30353720786948
2025-06-16 01:11:50.516708+00:00,39.291879264728514
2025-06-16 01:11:52.120107+00:00,39.297759297974785
2025-06-16 01:11:52.317492+00:00,39.268686929548814
2025-06-16 01:11:52.613457+00:00,39.28610155666371
2025-06-16 01:11:52.967469+00:00,39.28028287152164
2025-06-16 01:11:54.576232+00:00,39.28614261434282
2025-06-16 01:11:55.200047+00:00,39.29194069937741
2025-06-16 01:11:55.996503+00:00,39.28612209087094
2025-06-16 01:11:56.254960+00:00,39.28028287152164
2025-06-16 01:11:59.607959+00:00,39.2803240626537
2025-06-16 01:12:00.322589+00:00,39.3035575526339
2025-06-16 01:12:01.234645+00:00,39.29777968799443
2025-06-16 01:12:04.610432+00:00,39.32103359327317
2025-06-16 01:12:05.075261+00:00,39.326872198718014
2025-06-16 01:12:05.899296+00:00,39.32103359327317
2025-06-16 01:12:14.066962+00:00,39.35596446171959
2025-06-16 01:12:16.457219+00:00,39.34428786307093
2025-06-16 01:12:20.441506+00:00,39.33850913364529
2025-06-16 01:12:20.803270+00:00,39.326872198718014
2025-06-16 01:12:21.299659+00:00,39.326872198718014
2025-06-16 01:12:21.571439+00:00,39.326852142324995
2025-06-16 01:12:21.812421+00:00,39.3035575526339
2025-06-16 01:12:22.014126+00:00,39.31521503431224
2025-06-16 01:12:22.213312+00:00,39.30357788666304
2025-06-16 01:12:22.541695+00:00,39.28610155666371
2025-06-16 01:12:22.849748+00:00,39.315235224155224
2025-06-16 01:12:23.116821+00:00,39.303516852369775
2025-06-16 01:12:28.130624+00:00,39.26860397052853
2025-06-16 01:12:28.926049+00:00,39.262785122204065
2025-06-16 01:12:30.091955+00:00,39.28024163744811
2025-06-16 01:12:31.382075+00:00,39.280262259852556
2025-06-16 01:12:34.109455+00:00,39.28610155666371
2025-06-16 01:12:35.437017+00:00,39.27444349807442
2025-06-16 01:12:36.948422+00:00,39.27446417647024
2025-06-16 01:12:39.807437+00:00,39.256966263969794
2025-06-16 01:12:40.360487+00:00,39.262805944789456
2025-06-16 01:12:41.195769+00:00,39.24534954054031
2025-06-16 01:12:42.289684+00:00,39.256966263969794
2025-06-16 01:12:42.908327+00:00,39.245307484268
2025-06-16 01:12:43.187392+00:00,39.25110545153826
2025-06-16 01:12:44.279073+00:00,39.22207419614088
2025-06-16 01:12:44.658577+00:00,39.23366956497443
2025-06-16 01:12:46.566169+00:00,39.22209547508752
2025-06-16 01:12:46.973112+00:00,39.19877713658875
2025-06-16 01:12:48.808953+00:00,39.18711749139952
2025-06-16 01:12:51.447202+00:00,39.19873399118224
2025-06-16 01:12:51.665229+00:00,39.19873399118224
2025-06-16 01:12:53.144939+00:00,39.19873399118224
2025-06-16 01:12:55.982322+00:00,39.21037216285528
2025-06-16 01:12:57.289485+00:00,39.21623397885586
2025-06-16 01:12:58.641105+00:00,39.2220316060408
2025-06-16 01:12:59.011562+00:00,39.222010294887355
2025-06-16 01:13:00.365345+00:00,39.23364838727845
2025-06-16 01:13:00.757333+00:00,39.25110545153826
2025-06-16 01:13:02.616978+00:00,39.2220316060408
2025-06-16 01:13:03.206695+00:00,39.245286440028565
2025-06-16 01:13:05.302227+00:00,39.22207419614088
2025-06-16 01:13:07.674224+00:00,39.21619123382644
2025-06-16 01:13:10.100311+00:00,39.21623397885586
2025-06-16 01:13:10.691283+00:00,39.19877713658875
2025-06-16 01:13:11.314576+00:00,39.21623397885586
2025-06-16 01:13:11.942047+00:00,39.21041504134328
2025-06-16 01:13:12.536856+00:00,39.21041504134328
2025-06-16 01:13:12.749598+00:00,39.19875556925334
2025-06-16 01:13:13.562329+00:00,39.19295816934681
2025-06-16 01:13:15.780670+00:00,39.22205290645865
2025-06-16 01:13:16.231737+00:00,39.227893047105084
2025-06-16 01:13:16.524127+00:00,39.2453285177719
2025-06-16 01:13:16.825808+00:00,39.23366956497443
2025-06-16 01:13:17.265314+00:00,39.222010294887355
2025-06-16 01:13:17.581573+00:00,39.21627668094277
2025-06-16 01:13:17.922142+00:00,39.23366956497443
2025-06-16 01:13:18.283144+00:00,39.2453285177719
2025-06-16 01:13:18.599311+00:00,39.22205290645865
2025-06-16 01:13:21.885262+00:00,39.23369073193486
2025-06-16 01:13:22.086747+00:00,39.2453285177719
2025-06-16 01:13:22.298166+00:00,39.2453285177719
2025-06-16 01:13:23.323878+00:00,39.256966263969794
2025-06-16 01:13:25.162031+00:00,39.25118929717127
2025-06-16 01:13:27.433743+00:00,39.25700803186002
2025-06-16 01:13:27.777231+00:00,39.256966263969794
2025-06-16 01:13:29.539217+00:00,39.25700803186002
2025-06-16 01:13:31.111858+00:00,39.25700803186002
2025-06-16 01:13:32.388248+00:00,39.26284755775396
2025-06-16 01:13:34.989965+00:00,39.251210231740814
2025-06-16 01:13:35.623485+00:00,39.22795665155194
2025-06-16 01:13:36.971118+00:00,39.2570497568084
2025-06-16 01:13:42.084943+00:00,39.262785122204065
2025-06-16 01:13:43.427889+00:00,39.25698715328264
2025-06-16 01:13:44.098235+00:00,39.27446417647024
2025-06-16 01:13:45.047439+00:00,39.25698715328264
2025-06-16 01:13:49.106432+00:00,39.2686454715095
2025-06-16 01:13:52.432720+00:00,39.268666205896864
2025-06-16 01:13:53.063877+00:00,39.28610155666371
2025-06-16 01:13:55.834744+00:00,39.27448484413066
2025-06-16 01:13:56.052060+00:00,39.268666205896864
2025-06-16 01:13:57.287809+00:00,39.27446417647024
2025-06-16 01:13:58.266636+00:00,39.2686454715095
2025-06-16 01:13:58.967154+00:00,39.2686454715095
2025-06-16 01:14:00.699407+00:00,39.257028899701936
2025-06-16 01:14:02.297866+00:00,39.2686454715095
2025-06-16 01:14:05.168093+00:00,39.2686454715095
2025-06-16 01:14:09.122847+00:00,39.25114739582574
2025-06-16 01:14:09.488841+00:00,39.23948852957622
2025-06-16 01:14:10.598958+00:00,39.24534954054031
2025-06-16 01:14:11.165980+00:00,39.23953071930479
2025-06-16 01:14:11.880508+00:00,39.24534954054031
2025-06-16 01:14:12.470979+00:00,39.2453285177719
2025-06-16 01:14:13.129877+00:00,39.23371188815972
2025-06-16 01:14:13.663490+00:00,39.251126429049755
2025-06-16 01:14:14.518949+00:00,39.24534954054031
2025-06-16 01:14:15.472395+00:00,39.25698715328264
2025-06-16 01:14:17.239528+00:00,39.227914259322944
2025-06-16 01:14:17.525576+00:00,39.22205290645865
2025-06-16 01:14:19.731795+00:00,39.22207419614088
2025-06-16 01:14:21.428014+00:00,39.25114739582574
2025-06-16 01:14:22.990682+00:00,39.23369073193486
2025-06-16 01:14:26.910554+00:00,39.22205290645865
2025-06-16 01:14:27.181579+00:00,39.23366956497443
2025-06-16 01:14:31.038338+00:00,39.21623397885586
2025-06-16 01:14:32.748222+00:00,39.22209547508752
2025-06-16 01:14:34.200118+00:00,39.23371188815972
2025-06-16 01:14:44.397193+00:00,39.25698715328264
2025-06-16 01:14:49.099673+00:00,39.24537055257319
2025-06-16 01:14:49.367976+00:00,39.26284755775396
2025-06-16 01:14:49.635156+00:00,39.25700803186002
2025-06-16 01:14:49.886795+00:00,39.2686454715095
2025-06-16 01:14:55.761556+00:00,39.28024163744811
2025-06-16 01:14:55.987196+00:00,39.25114739582574
2025-06-16 01:14:56.273128+00:00,39.26284755775396
2025-06-16 01:14:56.548952+00:00,39.251210231740814
2025-06-16 01:14:56.766309+00:00,39.26860397052853
2025-06-16 01:14:58.044951+00:00,39.27448484413066
2025-06-16 01:14:58.578342+00:00,39.28030347245536
2025-06-16 01:15:01.379427+00:00,39.257028899701936
2025-06-16 01:15:08.446498+00:00,39.27446417647024
2025-06-16 01:15:10.653513+00:00,39.27446417647024
2025-06-16 01:15:17.511394+00:00,39.28612209087094
2025-06-16 01:15:19.881494+00:00,39.29192023189644
2025-06-16 01:15:20.529809+00:00,39.29777968799443
2025-06-16 01:15:21.167989+00:00,39.2919816021334
2025-06-16 01:15:21.556496+00:00,39.29780006727878
2025-06-16 01:15:21.929373+00:00,39.28034464211668
2025-06-16 01:15:22.294386+00:00,39.292002037408416
2025-06-16 01:15:22.688669+00:00,39.28034464211668
2025-06-16 01:15:23.113936+00:00,39.31525540326299
2025-06-16 01:15:23.500143+00:00,39.30945720294138
2025-06-16 01:15:23.853152+00:00,39.326872198718014
2025-06-16 01:15:24.286336+00:00,39.326872198718014
2025-06-16 01:15:25.453655+00:00,39.32689224437586
2025-06-16 01:15:25.805163+00:00,39.30359820995691
2025-06-16 01:15:26.137634+00:00,39.30365911542687
2025-06-16 01:15:26.463274+00:00,39.31527557163552
2025-06-16 01:15:26.805209+00:00,39.29196115612307
2025-06-16 01:15:29.653092+00:00,39.30363882433882
2025-06-16 01:15:33.161828+00:00,39.29782043582783
2025-06-16 01:15:36.349497+00:00,39.3036185225155
2025-06-16 01:15:39.637741+00:00,39.3385489473278
2025-06-16 01:15:43.276258+00:00,39.33275057573027
2025-06-16 01:15:45.195725+00:00,39.32693230348599
2025-06-16 01:15:48.979537+00:00,39.31525540326299
2025-06-16 01:15:50.253298+00:00,39.32695231693829
2025-06-16 01:15:50.453055+00:00,39.309436967843574
2025-06-16 01:15:51.203647+00:00,39.292002037408416
2025-06-16 01:15:51.339498+00:00,39.29782043582783
2025-06-16 01:15:54.582330+00:00,39.274526147245346
2025-06-16 01:15:56.536556+00:00,39.2628891277767
2025-06-16 01:15:56.830319+00:00,39.23373303364903
2025-06-16 01:15:57.473176+00:00,39.245412544432455
2025-06-16 01:15:57.774243+00:00,39.245412544432455
2025-06-16 01:15:58.049173+00:00,39.20468198898692
2025-06-16 01:15:58.402138+00:00,39.22795665155194
2025-06-16 01:15:58.696062+00:00,39.21634065355599
2025-06-16 01:15:58.920597+00:00,39.227914259322944
2025-06-16 01:15:59.947683+00:00,39.251210231740814
2025-06-16 01:16:01.438092+00:00,39.257028899701936
2025-06-16 01:16:06.036495+00:00,39.257028899701936
2025-06-16 01:16:09.211163+00:00,39.22209547508752
2025-06-16 01:16:09.538068+00:00,39.21047927855791
2025-06-16 01:16:11.460121+00:00,39.24534954054031
2025-06-16 01:16:12.836254+00:00,39.227893047105084
2025-06-16 01:16:14.039846+00:00,39.2453285177719
2025-06-16 01:16:15.254155+00:00,39.24537055257319
2025-06-16 01:16:15.677813+00:00,39.25698715328264
2025-06-16 01:16:19.478358+00:00,39.21623397885586
2025-06-16 01:16:20.906946+00:00,39.210436464483806
2025-06-16 01:16:21.860659+00:00,39.22785059046263
2025-06-16 01:16:22.603012+00:00,39.22205290645865
2025-06-16 01:16:23.050471+00:00,39.22205290645865
2025-06-16 01:16:23.787061+00:00,39.204596093920905
2025-06-16 01:16:25.260272+00:00,39.21623397885586
2025-06-16 01:16:25.996152+00:00,39.222010294887355
2025-06-16 01:16:26.866095+00:00,39.22782934603802
2025-06-16 01:16:28.944495+00:00,39.21037216285528
2025-06-16 01:16:33.875525+00:00,39.222010294887355
2025-06-16 01:16:34.503145+00:00,39.21625533526712
2025-06-16 01:16:35.504121+00:00,39.2220316060408
2025-06-16 01:16:39.791161+00:00,39.21037216285528
2025-06-16 01:16:40.075162+00:00,39.21619123382644
2025-06-16 01:16:42.062810+00:00,39.18127665934584
2025-06-16 01:16:42.256384+00:00,39.17543567318503
2025-06-16 01:16:42.439183+00:00,39.16966030029364
2025-06-16 01:16:42.633666+00:00,39.175413806721046
2025-06-16 01:16:45.836724+00:00,39.15211450791302
2025-06-16 01:16:47.882581+00:00,39.140498015232275
2025-06-16 01:16:49.136871+00:00,39.146295127733644
2025-06-16 01:16:51.068471+00:00,39.134656337642106
2025-06-16 01:16:52.254265+00:00,39.13463398258488
2025-06-16 01:16:53.959108+00:00,39.12299501938428
2025-06-16 01:16:54.386716+00:00,39.10551380079129
2025-06-16 01:16:55.395523+00:00,39.08805499225449
2025-06-16 01:16:55.605373+00:00,39.06473007670542
2025-06-16 01:16:56.081215+00:00,39.076438770135745
2025-06-16 01:16:57.901897+00:00,39.08225833598085
2025-06-16 01:16:58.096527+00:00,39.070549862578176
2025-06-16 01:16:58.435826+00:00,39.08221239245525
2025-06-16 01:17:02.750032+00:00,39.05893353572799
2025-06-16 01:17:03.198731+00:00,39.07057298391483
2025-06-16 01:17:03.577735+00:00,39.04724726060125
2025-06-16 01:17:09.376159+00:00,39.08800916072545
2025-06-16 01:17:10.670204+00:00,39.076369638539106
2025-06-16 01:17:11.160836+00:00,39.093806041816386
2025-06-16 01:17:11.981852+00:00,39.07052673050531
2025-06-16 01:17:12.208211+00:00,39.07052673050531
2025-06-16 01:17:12.425704+00:00,39.06473007670542
2025-06-16 01:17:12.750881+00:00,39.099603035727434
2025-06-16 01:17:13.059960+00:00,39.07634657320117
2025-06-16 01:17:13.326491+00:00,39.093806041816386
2025-06-16 01:17:13.552919+00:00,39.082166405984964
2025-06-16 01:17:13.777933+00:00,39.07052673050531
2025-06-16 01:17:14.039102+00:00,39.0588870153774
2025-06-16 01:17:14.371922+00:00,39.082120376569996
2025-06-16 01:17:14.685056+00:00,39.07634657320117
2025-06-16 01:17:14.829286+00:00,39.08794033291076
2025-06-16 01:17:15.100743+00:00,39.064683668353105
2025-06-16 01:17:15.490341+00:00,39.0704804341509
2025-06-16 01:17:15.843831+00:00,39.07634657320117
2025-06-16 01:17:16.250569+00:00,39.093806041816386
2025-06-16 01:17:17.432797+00:00,39.088032081858046
2025-06-16 01:17:17.826300+00:00,39.093851761349235
2025-06-16 01:17:18.277037+00:00,39.088032081858046
2025-06-16 01:17:18.874493+00:00,39.09382890695087
2025-06-16 01:17:21.272152+00:00,39.08223536958613
2025-06-16 01:17:21.664012+00:00,39.093851761349235
2025-06-16 01:17:21.968979+00:00,39.088032081858046
2025-06-16 01:17:24.602429+00:00,39.09971697404923
2025-06-16 01:17:24.974958+00:00,39.09382890695087
2025-06-16 01:17:25.293422+00:00,39.10551380079129
2025-06-16 01:17:25.719597+00:00,39.088032081858046
2025-06-16 01:17:26.610838+00:00,39.10553650024972
2025-06-16 01:17:28.701858+00:00,39.10549109059679
2025-06-16 01:17:28.969117+00:00,39.10549109059679
2025-06-16 01:17:29.250276+00:00,39.09387460501147
2025-06-16 01:17:30.010185+00:00,39.11135601653907
2025-06-16 01:17:32.172861+00:00,39.12883692772995
2025-06-16 01:17:32.516871+00:00,39.0939202601276
2025-06-16 01:17:33.351371+00:00,39.134656337642106
2025-06-16 01:17:35.235864+00:00,39.12883692772995
2025-06-16 01:17:35.669560+00:00,39.14045344931846
2025-06-16 01:17:35.843633+00:00,39.12885933878376
2025-06-16 01:17:36.304936+00:00,39.140475737643335
2025-06-16 01:17:37.164508+00:00,39.11140124978076
2025-06-16 01:17:39.268586+00:00,39.15218090808029
2025-06-16 01:17:39.804597+00:00,39.10560453420858
2025-06-16 01:17:40.020392+00:00,39.117220622692464
2025-06-16 01:17:40.297097+00:00,39.128814505940156
2025-06-16 01:17:40.693352+00:00,39.117220622692464
2025-06-16 01:17:41.083896+00:00,39.117243156476036
2025-06-16 01:17:41.402931+00:00,39.1288817391016
2025-06-16 01:17:41.768616+00:00,39.117220622692464
2025-06-16 01:17:43.222562+00:00,39.14054253820236
2025-06-16 01:17:48.609564+00:00,39.17547937390562
2025-06-16 01:17:49.603226+00:00,39.16966030029364
2025-06-16 01:17:51.842012+00:00,39.18716088225488
2025-06-16 01:17:55.568849+00:00,39.19877713658875
2025-06-16 01:17:56.957589+00:00,39.210457876888675
2025-06-16 01:17:59.604073+00:00,39.22205290645865
2025-06-16 01:18:00.174469+00:00,39.2105006694915
2025-06-16 01:18:06.429883+00:00,39.233775292420994
2025-06-16 01:18:09.367707+00:00,39.23961496993557
2025-06-16 01:18:11.649022+00:00,39.233817508250766
2025-06-16 01:18:16.392056+00:00,39.245412544432455
2025-06-16 01:18:19.418637+00:00,39.22795665155194
2025-06-16 01:18:21.648102+00:00,39.25123115557487
2025-06-16 01:18:26.127492+00:00,39.25123115557487
2025-06-16 01:18:26.428378+00:00,39.22795665155194
2025-06-16 01:18:26.888466+00:00,39.227935460805234
2025-06-16 01:18:28.272803+00:00,39.222180483518116
2025-06-16 01:18:29.002055+00:00,39.233775292420994
2025-06-16 01:18:29.243940+00:00,39.25123115557487
2025-06-16 01:18:29.468711+00:00,39.245412544432455
2025-06-16 01:18:33.033409+00:00,39.24545449334971
2025-06-16 01:18:35.126185+00:00,39.251252068673445
2025-06-16 01:18:36.171029+00:00,39.251252068673445
2025-06-16 01:18:41.001261+00:00,39.2570706031794
2025-06-16 01:18:41.267134+00:00,39.26286834813305
2025-06-16 01:18:41.717853+00:00,39.25127297103654
2025-06-16 01:18:43.116240+00:00,39.23383860006233
2025-06-16 01:18:43.448542+00:00,39.25127297103654
2025-06-16 01:18:43.759767+00:00,39.26293065485772
2025-06-16 01:18:45.741475+00:00,39.25713307787968
2025-06-16 01:18:47.027228+00:00,39.26879038677742
2025-06-16 01:18:50.682442+00:00,39.280365210844295
2025-06-16 01:18:52.286178+00:00,39.297881477063235
2025-06-16 01:18:54.123584+00:00,39.27456740741847
2025-06-16 01:18:55.521392+00:00,39.26870764246535
2025-06-16 01:18:58.153515+00:00,39.26870764246535
2025-06-16 01:19:01.854053+00:00,39.22799900083866
2025-06-16 01:19:04.457844+00:00,39.24539155387058
2025-06-16 01:19:05.982686+00:00,39.25709143881494
2025-06-16 01:19:07.382224+00:00,39.245412544432455
2025-06-16 01:19:09.464830+00:00,39.251252068673445
2025-06-16 01:19:11.755134+00:00,39.24547545170508
2025-06-16 01:19:12.832284+00:00,39.22215924751386
2025-06-16 01:19:13.143395+00:00,39.233817508250766
2025-06-16 01:19:13.439017+00:00,39.24545449334971
2025-06-16 01:19:13.668997+00:00,39.2570706031794
2025-06-16 01:19:13.878743+00:00,39.233775292420994
2025-06-16 01:19:14.120327+00:00,39.22213800077401
2025-06-16 01:19:14.380753+00:00,39.22795665155194
2025-06-16 01:19:14.612582+00:00,39.239551798065776
2025-06-16 01:19:14.831670+00:00,39.22804130718309
2025-06-16 01:19:15.197981+00:00,39.23375416840279
2025-06-16 01:19:15.583485+00:00,39.251210231740814
2025-06-16 01:19:16.587651+00:00,39.24545449334971
2025-06-16 01:19:17.028043+00:00,39.233817508250766
2025-06-16 01:19:18.774389+00:00,39.245433524258836
2025-06-16 01:19:19.898910+00:00,39.24539155387058
2025-06-16 01:19:20.638356+00:00,39.25123115557487
2025-06-16 01:19:21.114846+00:00,39.233775292420994
2025-06-16 01:19:21.765699+00:00,39.22213800077401
2025-06-16 01:19:25.485522+00:00,39.25118929717127
2025-06-16 01:19:25.803873+00:00,39.23373303364903
2025-06-16 01:19:25.987682+00:00,39.23375416840279
2025-06-16 01:19:26.179808+00:00,39.24539155387058
2025-06-16 01:19:27.264530+00:00,39.24537055257319
2025-06-16 01:19:29.422656+00:00,39.187182561578965
2025-06-16 01:19:31.480415+00:00,39.210436464483806
2025-06-16 01:19:33.236899+00:00,39.227893047105084
2025-06-16 01:19:34.349452+00:00,39.22209547508752
2025-06-16 01:19:35.078079+00:00,39.22209547508752
2025-06-16 01:19:36.567017+00:00,39.24534954054031
2025-06-16 01:19:38.162325+00:00,39.24534954054031
2025-06-16 01:19:40.702154+00:00,39.23373303364903
2025-06-16 01:19:42.599197+00:00,39.210457876888675
2025-06-16 01:19:45.723687+00:00,39.20468198898692
2025-06-16 01:19:46.894395+00:00,39.210457876888675
2025-06-16 01:19:47.229776+00:00,39.193001405270394
2025-06-16 01:19:47.754344+00:00,39.210436464483806
2025-06-16 01:19:48.447361+00:00,39.20466053132392
2025-06-16 01:19:48.706798+00:00,39.21627668094277
2025-06-16 01:19:48.941089+00:00,39.21041504134328
2025-06-16 01:19:49.935994+00:00,39.187182561578965
2025-06-16 01:19:50.897835+00:00,39.18713919219507
2025-06-16 01:19:52.270341+00:00,39.19297979267646
2025-06-16 01:19:52.781937+00:00,39.18134196192375
2025-06-16 01:19:53.841091+00:00,39.17550120816223
2025-06-16 01:19:56.808206+00:00,39.198798693188465
2025-06-16 01:19:58.075429+00:00,39.19882023905249
2025-06-16 01:19:59.291278+00:00,39.22209547508752
2025-06-16 01:19:59.565308+00:00,39.19297979267646
2025-06-16 01:19:59.816137+00:00,39.204596093920905
2025-06-16 01:20:00.313249+00:00,39.20461758379091
2025-06-16 01:20:02.999927+00:00,39.193001405270394
2025-06-16 01:20:05.796749+00:00,39.21625533526712
2025-06-16 01:20:07.714014+00:00,39.210457876888675
2025-06-16 01:20:08.302986+00:00,39.198798693188465
2025-06-16 01:20:09.039878+00:00,39.19884177418082
2025-06-16 01:20:09.867735+00:00,39.198863298573464
2025-06-16 01:20:12.074711+00:00,39.19304459825112
2025-06-16 01:20:13.055683+00:00,39.198884812230425
2025-06-16 01:20:16.322744+00:00,39.22209547508752
2025-06-16 01:20:17.605031+00:00,39.21052204968945
2025-06-16 01:20:18.789201+00:00,39.22213800077401
2025-06-16 01:20:23.022412+00:00,39.198863298573464
2025-06-16 01:20:23.456089+00:00,39.22213800077401
2025-06-16 01:20:27.263519+00:00,39.22215924751386
2025-06-16 01:20:34.977694+00:00,39.22215924751386
2025-06-16 01:20:35.440507+00:00,39.23379640570366
2025-06-16 01:20:35.754735+00:00,39.24545449334971
2025-06-16 01:20:37.887585+00:00,39.25129386266416
2025-06-16 01:20:39.620550+00:00,39.25713307787968
2025-06-16 01:20:41.693912+00:00,39.245517336209346
2025-06-16 01:20:42.379335+00:00,39.26295140229507
2025-06-16 01:20:42.754403+00:00,39.245496399324956
2025-06-16 01:20:43.256015+00:00,39.245412544432455
2025-06-16 01:20:44.142440+00:00,39.245496399324956
2025-06-16 01:20:48.821746+00:00,39.2687697168025
2025-06-16 01:20:50.133716+00:00,39.27456740741847
2025-06-16 01:20:50.448483+00:00,39.28038576883655
2025-06-16 01:20:51.049126+00:00,39.28042685261497
2025-06-16 01:20:54.594281+00:00,39.303719924279406
2025-06-16 01:20:55.129356+00:00,39.303679395779646
2025-06-16 01:20:58.285967+00:00,39.29792211754373
2025-06-16 01:20:58.563877+00:00,39.29786114072005
2025-06-16 01:20:59.121047+00:00,39.303679395779646
2025-06-16 01:21:02.857363+00:00,39.31535613777341
2025-06-16 01:21:04.928080+00:00,39.303719924279406
2025-06-16 01:21:05.271105+00:00,39.29792211754373
2025-06-16 01:21:06.516120+00:00,39.29782043582783
2025-06-16 01:21:08.470472+00:00,39.32699231163736
2025-06-16 01:21:09.439653+00:00,39.31535613777341
2025-06-16 01:21:09.796937+00:00,39.309517843823336
2025-06-16 01:21:11.877925+00:00,39.29794242168105
2025-06-16 01:21:12.370471+00:00,39.29792211754373
2025-06-16 01:21:14.109069+00:00,39.29794242168105
2025-06-16 01:21:15.853559+00:00,39.31541644965706
2025-06-16 01:21:18.818667+00:00,39.303719924279406
2025-06-16 01:21:20.099137+00:00,39.268831694521026
2025-06-16 01:21:20.309175+00:00,39.27458802140196
2025-06-16 01:21:20.818732+00:00,39.29794242168105
2025-06-16 01:21:21.062565+00:00,39.262909896684924
2025-06-16 01:21:21.377901+00:00,39.25721622718377
2025-06-16 01:21:23.769259+00:00,39.24553826235823
2025-06-16 01:21:25.164389+00:00,39.233880751478836
2025-06-16 01:21:25.332366+00:00,39.22804130718309
2025-06-16 01:21:25.538675+00:00,39.25127297103654
2025-06-16 01:21:26.008639+00:00,39.23383860006233
2025-06-16 01:21:27.039510+00:00,39.25709143881494
2025-06-16 01:21:28.238458+00:00,39.233817508250766
2025-06-16 01:21:28.784353+00:00,39.233817508250766
2025-06-16 01:21:29.168779+00:00,39.222180483518116
2025-06-16 01:21:29.394358+00:00,39.22215924751386
2025-06-16 01:21:30.320328+00:00,39.193087748289024
2025-06-16 01:21:32.012688+00:00,39.198906315151696
2025-06-16 01:21:33.750684+00:00,39.16979154518142
2025-06-16 01:21:34.725988+00:00,39.15231341854608
2025-06-16 01:21:35.353958+00:00,39.140675849450425
2025-06-16 01:21:36.790396+00:00,39.117423040248
2025-06-16 01:21:37.788408+00:00,39.09996669358109
2025-06-16 01:21:38.721812+00:00,39.09410245114754
2025-06-16 01:21:40.243584+00:00,39.10578548571204
2025-06-16 01:21:41.563446+00:00,39.076645585171754
2025-06-16 01:21:42.399299+00:00,39.094125176712566
2025-06-16 01:21:44.643433+00:00,39.09403421003588
2025-06-16 01:21:45.182677+00:00,39.099876036783776
2025-06-16 01:21:46.479034+00:00,39.117333184250114
2025-06-16 01:21:47.415930+00:00,39.123152213586444
2025-06-16 01:21:50.404797+00:00,39.12894887563927
2025-06-16 01:21:51.154221+00:00,39.123107354637234
2025-06-16 01:21:52.256045+00:00,39.128904128683466
2025-06-16 01:21:52.779281+00:00,39.12308490905864
2025-06-16 01:21:54.596113+00:00,39.14060924213804
2025-06-16 01:21:59.945997+00:00,39.16388514147296
2025-06-16 01:22:04.986566+00:00,39.152247211624626
2025-06-16 01:22:06.269436+00:00,39.17550120816223
2025-06-16 01:22:08.600269+00:00,39.187182561578965
2025-06-16 01:22:10.753928+00:00,39.19293653528144
2025-06-16 01:22:11.158698+00:00,39.19295816934681
2025-06-16 01:22:12.075961+00:00,39.198884812230425
2025-06-16 01:22:13.404833+00:00,39.1697478398287
2025-06-16 01:22:14.649770+00:00,39.187247535136784
2025-06-16 01:22:20.030228+00:00,39.187247535136784
2025-06-16 01:22:20.655079+00:00,39.187204230167296
2025-06-16 01:22:20.855924+00:00,39.20463906292525
2025-06-16 01:22:21.364132+00:00,39.181385443296875
2025-06-16 01:22:21.813413+00:00,39.198798693188465
2025-06-16 01:22:22.223232+00:00,39.193023007128616
2025-06-16 01:22:22.540706+00:00,39.198798693188465
2025-06-16 01:22:22.757918+00:00,39.19297979267646
2025-06-16 01:22:23.275409+00:00,39.187204230167296
2025-06-16 01:22:24.279098+00:00,39.181407167879804
2025-06-16 01:22:25.599270+00:00,39.181385443296875
2025-06-16 01:22:28.657150+00:00,39.193087748289024
2025-06-16 01:22:28.924794+00:00,39.18722588801991
2025-06-16 01:22:29.139399+00:00,39.19306617863793
2025-06-16 01:22:32.519040+00:00,39.19892780733729
2025-06-16 01:22:32.911774+00:00,39.22215924751386
2025-06-16 01:22:33.323305+00:00,39.193087748289024
2025-06-16 01:22:34.206348+00:00,39.22799900083866
2025-06-16 01:22:34.455420+00:00,39.22797783156309
2025-06-16 01:22:34.912760+00:00,39.22795665155194
2025-06-16 01:22:35.812805+00:00,39.23963600575445
2025-06-16 01:22:36.202067+00:00,39.245433524258836
2025-06-16 01:22:38.528085+00:00,39.24545449334971
2025-06-16 01:22:39.138538+00:00,39.22799900083866
2025-06-16 01:22:39.646369+00:00,39.233859681138355
2025-06-16 01:22:40.727151+00:00,39.2570497568084
2025-06-16 01:22:42.663732+00:00,39.245433524258836
2025-06-16 01:22:43.936052+00:00,39.25713307787968
2025-06-16 01:22:44.512212+00:00,39.274526147245346
2025-06-16 01:22:44.745322+00:00,39.24545449334971
2025-06-16 01:22:46.250959+00:00,39.26295140229507
2025-06-16 01:22:49.705683+00:00,39.24547545170508
2025-06-16 01:22:50.688706+00:00,39.25715388130887
2025-06-16 01:22:51.564222+00:00,39.245496399324956
2025-06-16 01:22:53.343753+00:00,39.2687697168025
2025-06-16 01:22:54.048283+00:00,39.25719545596091
2025-06-16 01:22:56.155562+00:00,39.28046789345198
2025-06-16 01:22:58.155450+00:00,39.280447378401156
2025-06-16 01:23:03.581122+00:00,39.28626552973199
2025-06-16 01:23:07.144906+00:00,39.280488397767456
2025-06-16 01:23:11.914592+00:00,39.30376040983811
2025-06-16 01:23:13.301323+00:00,39.26301358019462
2025-06-16 01:23:19.562281+00:00,39.222286502505575
2025-06-16 01:23:19.905099+00:00,39.22224412711735
2025-06-16 01:23:21.015075+00:00,39.222286502505575
2025-06-16 01:23:21.491853+00:00,39.25135647313418
2025-06-16 01:23:21.884695+00:00,39.251335613712975
2025-06-16 01:23:22.972243+00:00,39.25131474355631
2025-06-16 01:23:23.523357+00:00,39.24553826235823
2025-06-16 01:23:24.012662+00:00,39.24553826235823
2025-06-16 01:23:25.536968+00:00,39.233859681138355
2025-06-16 01:23:26.321361+00:00,39.23383860006233
2025-06-16 01:23:27.725130+00:00,39.245496399324956
2025-06-16 01:23:29.272631+00:00,39.245496399324956
2025-06-16 01:23:29.522531+00:00,39.233859681138355
2025-06-16 01:23:29.749418+00:00,39.23383860006233
2025-06-16 01:23:29.974909+00:00,39.22797783156309
2025-06-16 01:23:32.116575+00:00,39.25711226371504
2025-06-16 01:23:33.367372+00:00,39.25129386266416
2025-06-16 01:23:35.716594+00:00,39.233859681138355
2025-06-16 01:23:38.046592+00:00,39.233859681138355
2025-06-16 01:23:38.336726+00:00,39.25711226371504
2025-06-16 01:23:38.883218+00:00,39.245496399324956
2025-06-16 01:23:39.811708+00:00,39.25717467400261
2025-06-16 01:23:40.697113+00:00,39.22804130718309
2025-06-16 01:23:41.194937+00:00,39.22804130718309
2025-06-16 01:23:41.899047+00:00,39.24545449334971
2025-06-16 01:23:42.653505+00:00,39.25713307787968
2025-06-16 01:23:42.903535+00:00,39.233859681138355
2025-06-16 01:23:43.121410+00:00,39.222222923319855
2025-06-16 01:23:43.354197+00:00,39.22215924751386
2025-06-16 01:23:50.296193+00:00,39.20478911626702
2025-06-16 01:23:52.721455+00:00,39.216425800074994
2025-06-16 01:23:53.817036+00:00,39.20478911626702
2025-06-16 01:23:54.630352+00:00,39.18729079716334
2025-06-16 01:23:55.237305+00:00,39.20481050951608
2025-06-16 01:23:56.240046+00:00,39.21060746312487
2025-06-16 01:23:57.497438+00:00,39.193109307204416
2025-06-16 01:24:05.957876+00:00,39.239720041674765
2025-06-16 01:24:06.283217+00:00,39.22808357058527
2025-06-16 01:24:06.814957+00:00,39.245559177771625
2025-06-16 01:24:07.281394+00:00,39.22806244425197
2025-06-16 01:24:11.582230+00:00,39.245496399324956
2025-06-16 01:24:12.274936+00:00,39.25717467400261
2025-06-16 01:24:12.679122+00:00,39.25135647313418
2025-06-16 01:24:13.978489+00:00,39.25137732181991
2025-06-16 01:24:17.073666+00:00,39.24553826235823
2025-06-16 01:24:20.525065+00:00,39.21648954724036
2025-06-16 01:24:21.562111+00:00,39.21069270479022
2025-06-16 01:24:22.104835+00:00,39.20485326380723
2025-06-16 01:24:22.799053+00:00,39.21071398836749
2025-06-16 01:24:23.325726+00:00,39.210671410477325
2025-06-16 01:24:23.843742+00:00,39.233964925485395
2025-06-16 01:24:25.505579+00:00,39.25717467400261
2025-06-16 01:24:27.527613+00:00,39.23400694807547
2025-06-16 01:24:28.714009+00:00,39.25721622718377
2025-06-16 01:24:29.256530+00:00,39.25137732181991
2025-06-16 01:24:30.928691+00:00,39.26887295932305
2025-06-16 01:24:34.786678+00:00,39.25139815977018
2025-06-16 01:24:35.077725+00:00,39.263054978450526
2025-06-16 01:24:38.037103+00:00,39.28052937419234
2025-06-16 01:24:38.684764+00:00,39.26889357562097
2025-06-16 01:24:39.044861+00:00,39.26889357562097
2025-06-16 01:24:39.361036+00:00,39.26887295932305
2025-06-16 01:24:42.203796+00:00,39.26893477601063
2025-06-16 01:24:47.885201+00:00,39.286347258618115
2025-06-16 01:24:48.214789+00:00,39.30384125213244
2025-06-16 01:24:48.604741+00:00,39.28636766400133
2025-06-16 01:24:50.694107+00:00,39.3096589634812
2025-06-16 01:24:52.102378+00:00,39.30386143586789
2025-06-16 01:24:53.433639+00:00,39.32129435646024
2025-06-16 01:24:53.760228+00:00,39.33292970981467
2025-06-16 01:24:53.977889+00:00,39.321274362164694
2025-06-16 01:24:54.194319+00:00,39.3154766649238
2025-06-16 01:24:56.702425+00:00,39.32713195492633
2025-06-16 01:24:57.254199+00:00,39.33872757751021
2025-06-16 01:24:57.848150+00:00,39.33290984896809
2025-06-16 01:24:58.103483+00:00,39.33874737163265
2025-06-16 01:25:00.105434+00:00,39.32711203809054
2025-06-16 01:25:00.540048+00:00,39.33874737163265
2025-06-16 01:25:01.234743+00:00,39.35042195469461
2025-06-16 01:25:04.381906+00:00,39.34456502354448
2025-06-16 01:25:08.897676+00:00,39.31551675475893
2025-06-16 01:25:09.540721+00:00,39.33296939930243
2025-06-16 01:25:10.485080+00:00,39.327151861026955
2025-06-16 01:25:10.816408+00:00,39.3154766649238
2025-06-16 01:25:11.133511+00:00,39.30967908049139
2025-06-16 01:25:11.589522+00:00,39.33292970981467
2025-06-16 01:25:12.597501+00:00,39.315496715208965
2025-06-16 01:25:15.690103+00:00,39.3096589634812
2025-06-16 01:25:20.215526+00:00,39.34456502354448
2025-06-16 01:25:22.286699+00:00,39.32131434002061
2025-06-16 01:25:29.653740+00:00,39.25727847643969
2025-06-16 01:25:30.064842+00:00,39.26309633376478
2025-06-16 01:25:31.013709+00:00,39.26309633376478
2025-06-16 01:25:33.845567+00:00,39.26307566147536
2025-06-16 01:25:36.788140+00:00,39.280488397767456
2025-06-16 01:25:37.980072+00:00,39.28052937419234
2025-06-16 01:25:38.580924+00:00,39.274690930288735
2025-06-16 01:25:43.780300+00:00,39.28628597805652
2025-06-16 01:25:44.226170+00:00,39.26887295932305
2025-06-16 01:25:45.726895+00:00,39.27467036998213
2025-06-16 01:25:46.059187+00:00,39.280488397767456
2025-06-16 01:25:48.192768+00:00,39.24553826235823
2025-06-16 01:25:50.004145+00:00,39.16990062068673
2025-06-16 01:25:50.761993+00:00,39.1931308553841
2025-06-16 01:25:52.010569+00:00,39.18147227721406
2025-06-16 01:25:53.275761+00:00,39.19894928878719
2025-06-16 01:25:54.893339+00:00,39.181493958853984
2025-06-16 01:25:56.297915+00:00,39.1756537473566
2025-06-16 01:25:57.801722+00:00,39.18733401624699
2025-06-16 01:25:58.610061+00:00,39.1931308553841
2025-06-16 01:25:58.925810+00:00,39.1931308553841
2025-06-16 01:26:01.788670+00:00,39.181493958853984
2025-06-16 01:26:04.403815+00:00,39.14072020064577
2025-06-16 01:26:05.380495+00:00,39.14072020064577
2025-06-16 01:26:11.982583+00:00,39.12317462695706
2025-06-16 01:26:16.540430+00:00,39.11153669184081
2025-06-16 01:26:22.368406+00:00,39.0532535005618
2025-06-16 01:26:23.626152+00:00,39.04748076761648
2025-06-16 01:26:23.842127+00:00,39.04159140313891
2025-06-16 01:26:24.253213+00:00,39.04163817359595
2025-06-16 01:26:26.335575+00:00,39.08232717074802
2025-06-16 01:26:26.776575+00:00,39.09396587229925
2025-06-16 01:26:27.009095+00:00,39.10558186695837
2025-06-16 01:26:27.812901+00:00,39.09396587229925
2025-06-16 01:26:29.092132+00:00,39.064892167747054
2025-06-16 01:26:29.336116+00:00,39.05320697557537
2025-06-16 01:26:33.708240+00:00,39.047340792242956
2025-06-16 01:26:34.140246+00:00,39.047364148312624
2025-06-16 01:26:36.549696+00:00,39.070665361899316
2025-06-16 01:26:37.047100+00:00,39.047364148312624
2025-06-16 01:26:38.544208+00:00,39.05902644759405
2025-06-16 01:26:38.834833+00:00,39.070619194379496
2025-06-16 01:26:40.699789+00:00,39.070665361899316
2025-06-16 01:26:40.976284+00:00,39.047340792242956
2025-06-16 01:26:41.300420+00:00,39.04738749364599
2025-06-16 01:26:42.548586+00:00,39.03567803142957
2025-06-16 01:26:43.085163+00:00,39.012422891703565
2025-06-16 01:26:43.542912+00:00,39.05316040764382
2025-06-16 01:26:47.379750+00:00,39.064845909702036
2025-06-16 01:26:49.757747+00:00,39.07064228350751
2025-06-16 01:26:50.716467+00:00,39.070619194379496
2025-06-16 01:26:51.170830+00:00,39.05902644759405
2025-06-16 01:26:52.203173+00:00,39.05318369697774
2025-06-16 01:26:53.050437+00:00,39.070619194379496
2025-06-16 01:26:53.796017+00:00,39.07064228350751
2025-06-16 01:26:55.107686+00:00,39.04741082824305
2025-06-16 01:26:57.515374+00:00,39.070665361899316
2025-06-16 01:26:59.274175+00:00,39.0823042365618
2025-06-16 01:27:00.327450+00:00,39.10560453420858
2025-06-16 01:27:02.287639+00:00,39.070665361899316
2025-06-16 01:27:05.272669+00:00,39.05900323573192
2025-06-16 01:27:07.054930+00:00,39.07068842955492
2025-06-16 01:27:07.651961+00:00,39.08225833598085
2025-06-16 01:27:08.471129+00:00,39.05900323573192
2025-06-16 01:27:09.056851+00:00,39.05900323573192
2025-06-16 01:27:14.507718+00:00,39.064776442112766
2025-06-16 01:27:18.352213+00:00,39.05900323573192
2025-06-16 01:27:18.682256+00:00,39.05320697557537
2025-06-16 01:27:19.077526+00:00,39.05900323573192
2025-06-16 01:27:19.360196+00:00,39.05895677979888
2025-06-16 01:27:21.593296+00:00,39.076461792528924
2025-06-16 01:27:21.785257+00:00,39.070665361899316
2025-06-16 01:27:23.523084+00:00,39.06486904409266
2025-06-16 01:27:28.424952+00:00,39.076530795291326
2025-06-16 01:27:32.385480+00:00,39.08816938319462
2025-06-16 01:27:36.225163+00:00,39.10562719072273
2025-06-16 01:27:37.169453+00:00,39.09401144152644
2025-06-16 01:27:38.323872+00:00,39.11149158743162
2025-06-16 01:27:38.616799+00:00,39.076553774739764
2025-06-16 01:27:39.426683+00:00,39.08816938319462
2025-06-16 01:27:41.296846+00:00,39.10562719072273
2025-06-16 01:27:42.079560+00:00,39.10567247154283
2025-06-16 01:27:42.868324+00:00,39.09403421003588
2025-06-16 01:27:43.897806+00:00,39.10564983650081
2025-06-16 01:27:44.337458+00:00,39.11149158743162
2025-06-16 01:27:45.066220+00:00,39.11149158743162
2025-06-16 01:27:45.642090+00:00,39.08819222917423
2025-06-16 01:27:47.740193+00:00,39.11731069341062
2025-06-16 01:27:49.221780+00:00,39.10567247154283
2025-06-16 01:27:50.800785+00:00,39.11149158743162
2025-06-16 01:27:51.662636+00:00,39.111514145004236
2025-06-16 01:27:52.487929+00:00,39.1347902425304
2025-06-16 01:27:54.109379+00:00,39.1347902425304
2025-06-16 01:27:54.837706+00:00,39.11731069341062
2025-06-16 01:27:57.801455+00:00,39.111514145004236
2025-06-16 01:27:58.683015+00:00,39.13481252243597
2025-06-16 01:28:00.451385+00:00,39.14060924213804
2025-06-16 01:28:03.761507+00:00,39.099876036783776
2025-06-16 01:28:05.543391+00:00,39.08821506441772
2025-06-16 01:28:06.009965+00:00,39.10567247154283
2025-06-16 01:28:06.717309+00:00,39.08244168063682
2025-06-16 01:28:07.259017+00:00,39.088237888925065
2025-06-16 01:28:07.612360+00:00,39.08239590888977
2025-06-16 01:28:13.431661+00:00,39.105717709418684
2025-06-16 01:28:13.894947+00:00,39.10569509584879
2025-06-16 01:28:16.974194+00:00,39.11149158743162
2025-06-16 01:28:17.783184+00:00,39.12317462695706
2025-06-16 01:28:19.714854+00:00,39.13483479160559
2025-06-16 01:28:23.041308+00:00,39.140675849450425
2025-06-16 01:28:24.131667+00:00,39.158154169001236
2025-06-16 01:28:24.410210+00:00,39.12899357965118
2025-06-16 01:28:24.760516+00:00,39.15813218823059
2025-06-16 01:28:25.598332+00:00,39.15229136030813
2025-06-16 01:28:27.593219+00:00,39.14651675318644
2025-06-16 01:28:28.478246+00:00,39.140675849450425
2025-06-16 01:28:32.201249+00:00,39.140698030416054
2025-06-16 01:28:33.444015+00:00,39.134901534698834
2025-06-16 01:28:33.643872+00:00,39.117423040248
2025-06-16 01:28:33.873636+00:00,39.12903824071925
2025-06-16 01:28:34.070643+00:00,39.1173556643536
2025-06-16 01:28:35.207040+00:00,39.13483479160559
2025-06-16 01:28:37.731707+00:00,39.09989871708722
2025-06-16 01:28:37.954272+00:00,39.099876036783776
2025-06-16 01:28:41.264396+00:00,39.11153669184081
2025-06-16 01:28:41.555793+00:00,39.10567247154283
2025-06-16 01:28:42.059792+00:00,39.09407971484642
2025-06-16 01:28:43.497581+00:00,39.0940569678092
2025-06-16 01:28:44.790763+00:00,39.09407971484642
2025-06-16 01:28:45.682246+00:00,39.0765997014281
2025-06-16 01:28:48.124872+00:00,39.07078059281528
2025-06-16 01:28:49.323241+00:00,39.088237888925065
2025-06-16 01:28:50.507450+00:00,39.09407971484642
2025-06-16 01:28:50.823164+00:00,39.088237888925065
2025-06-16 01:28:54.133506+00:00,39.09989871708722
2025-06-16 01:28:55.285115+00:00,39.09407971484642
2025-06-16 01:28:57.172570+00:00,39.11153669184081
2025-06-16 01:28:58.795306+00:00,39.105717709418684
2025-06-16 01:28:59.404670+00:00,39.08239590888977
2025-06-16 01:28:59.811979+00:00,39.09407971484642
2025-06-16 01:29:01.925183+00:00,39.08244168063682
2025-06-16 01:29:02.533863+00:00,39.082418800131364
2025-06-16 01:29:08.779905+00:00,39.094125176712566
2025-06-16 01:29:11.157030+00:00,39.08826070269629
2025-06-16 01:29:11.673463+00:00,39.1173556643536
2025-06-16 01:29:13.014111+00:00,39.09994404548588
2025-06-16 01:29:20.297277+00:00,39.15233546604816
2025-06-16 01:29:22.352160+00:00,39.14076450889747
2025-06-16 01:29:22.963017+00:00,39.134901534698834
2025-06-16 01:29:23.663034+00:00,39.12912743402385
2025-06-16 01:29:25.830838+00:00,39.15240154413919
2025-06-16 01:29:27.524947+00:00,39.16983520759093
2025-06-16 01:29:33.633227+00:00,39.18733401624699
2025-06-16 01:29:34.337436+00:00,39.18733401624699
2025-06-16 01:29:34.919924+00:00,39.18151562975816
2025-06-16 01:29:37.127060+00:00,39.19894928878719
2025-06-16 01:29:38.255154+00:00,39.17567549572697
2025-06-16 01:29:40.234875+00:00,39.187312412073034
2025-06-16 01:29:41.481582+00:00,39.19899221947998
2025-06-16 01:29:42.166025+00:00,39.187355609685234
2025-06-16 01:29:43.359698+00:00,39.17571896026042
2025-06-16 01:29:45.882427+00:00,39.19317391953637
2025-06-16 01:29:47.341057+00:00,39.19317391953637
2025-06-16 01:29:50.729004+00:00,39.19897075950143
2025-06-16 01:29:52.025848+00:00,39.18153728992658
2025-06-16 01:29:53.471711+00:00,39.187377192387764
2025-06-16 01:29:55.634547+00:00,39.19897075950143
2025-06-16 01:29:56.052678+00:00,39.199013668722856
2025-06-16 01:30:01.079319+00:00,39.19899221947998
2025-06-16 01:30:01.548016+00:00,39.18739876435457
2025-06-16 01:30:01.995913+00:00,39.187355609685234
2025-06-16 01:30:04.811367+00:00,39.187312412073034
2025-06-16 01:30:05.264286+00:00,39.18739876435457
2025-06-16 01:30:05.862239+00:00,39.193195435508954
2025-06-16 01:30:09.215293+00:00,39.210628789644645
2025-06-16 01:30:13.693219+00:00,39.204831892029475
2025-06-16 01:30:14.076402+00:00,39.20481050951608
2025-06-16 01:30:14.571723+00:00,39.19899221947998
2025-06-16 01:30:19.347495+00:00,39.222265320179254
2025-06-16 01:30:21.823221+00:00,39.22234998507106
2025-06-16 01:30:22.732301+00:00,39.210671410477325
2025-06-16 01:30:23.046942+00:00,39.21648954724036
2025-06-16 01:30:26.113565+00:00,39.210628789644645
2025-06-16 01:30:26.496960+00:00,39.19317391953637
2025-06-16 01:30:26.940298+00:00,39.20476771228232
2025-06-16 01:30:27.524236+00:00,39.187377192387764
2025-06-16 01:30:28.863021+00:00,39.210628789644645
2025-06-16 01:30:32.222731+00:00,39.22810468618302
2025-06-16 01:30:34.332587+00:00,39.210671410477325
2025-06-16 01:30:35.543718+00:00,39.210671410477325
2025-06-16 01:30:37.398236+00:00,39.20485326380723
2025-06-16 01:30:38.538138+00:00,39.193195435508954
2025-06-16 01:30:40.845279+00:00,39.1582639118168
2025-06-16 01:30:42.304541+00:00,39.18153728992658
2025-06-16 01:30:42.611519+00:00,39.20481050951608
2025-06-16 01:30:45.227767+00:00,39.17571896026042
2025-06-16 01:30:45.955288+00:00,39.16992240358042
2025-06-16 01:30:46.945467+00:00,39.17571896026042
2025-06-16 01:30:48.209783+00:00,39.19317391953637
2025-06-16 01:30:50.194334+00:00,39.16408227120552
2025-06-16 01:30:50.758183+00:00,39.16406041084518
2025-06-16 01:30:51.049773+00:00,39.15824198472537
2025-06-16 01:30:51.276197+00:00,39.15242354869781
2025-06-16 01:30:52.261305+00:00,39.12917196626042
2025-06-16 01:30:52.568982+00:00,39.117490319518346
2025-06-16 01:30:53.030380+00:00,39.12914970551011
2025-06-16 01:30:55.903486+00:00,39.1349237609247
2025-06-16 01:30:56.590231+00:00,39.14658303147232
2025-06-16 01:30:56.965655+00:00,39.16397286204565
2025-06-16 01:30:57.203972+00:00,39.14653885668428
2025-06-16 01:30:58.503709+00:00,39.15235750281437
2025-06-16 01:30:58.696489+00:00,39.16981338175407
2025-06-16 01:30:59.328518+00:00,39.16981338175407
2025-06-16 01:31:02.179188+00:00,39.16403853974903
2025-06-16 01:31:02.942575+00:00,39.1756537473566
2025-06-16 01:31:05.301560+00:00,39.16987882705725
2025-06-16 01:31:09.197542+00:00,39.1756537473566
2025-06-16 01:31:13.702460+00:00,39.18733401624699
2025-06-16 01:31:15.979299+00:00,39.18153728992658
2025-06-16 01:31:17.220505+00:00,39.18153728992658
2025-06-16 01:31:18.980459+00:00,39.19897075950143
2025-06-16 01:31:25.069765+00:00,39.216447059865715
2025-06-16 01:31:25.868258+00:00,39.187355609685234
2025-06-16 01:31:27.332319+00:00,39.20487462484934
2025-06-16 01:31:28.651658+00:00,39.19899221947998
2025-06-16 01:31:29.553990+00:00,39.21646830892083
2025-06-16 01:31:29.846927+00:00,39.187355609685234
2025-06-16 01:31:32.198657+00:00,39.20481050951608
2025-06-16 01:31:32.745034+00:00,39.175740676423494
2025-06-16 01:31:33.382494+00:00,39.1757623818508
2025-06-16 01:31:34.593883+00:00,39.175740676423494
2025-06-16 01:31:34.868039+00:00,39.187377192387764
2025-06-16 01:31:35.503937+00:00,39.193195435508954
2025-06-16 01:31:36.212483+00:00,39.1757623818508
2025-06-16 01:31:37.411900+00:00,39.18158057805622
2025-06-16 01:31:37.627153+00:00,39.19317391953637
2025-06-16 01:31:37.845658+00:00,39.18153728992658
2025-06-16 01:31:38.044860+00:00,39.187377192387764
2025-06-16 01:31:38.294336+00:00,39.199013668722856
2025-06-16 01:31:40.318558+00:00,39.18739876435457
2025-06-16 01:31:41.329756+00:00,39.187441876081024
2025-06-16 01:31:42.262573+00:00,39.187441876081024
2025-06-16 01:31:43.785380+00:00,39.193216940745856
2025-06-16 01:31:46.537106+00:00,39.199099358337676
2025-06-16 01:31:54.094113+00:00,39.2165531977853
2025-06-16 01:31:54.773498+00:00,39.21651077482427
2025-06-16 01:31:55.776565+00:00,39.22821010313845
2025-06-16 01:31:55.974932+00:00,39.22237112445507
2025-06-16 01:31:56.343788+00:00,39.24562185959889
2025-06-16 01:31:56.609591+00:00,39.21651077482427
2025-06-16 01:31:57.029528+00:00,39.2165531977853
2025-06-16 01:31:57.243994+00:00,39.222328834951476
2025-06-16 01:31:57.473232+00:00,39.233985942148195
2025-06-16 01:31:57.806891+00:00,39.22234998507106
2025-06-16 01:31:58.018706+00:00,39.21071398836749
2025-06-16 01:31:59.684915+00:00,39.22823115432288
2025-06-16 01:32:00.550027+00:00,39.22237112445507
2025-06-16 01:32:04.743255+00:00,39.228167968562936
2025-06-16 01:32:06.387029+00:00,39.27477306416145
2025-06-16 01:32:06.703578+00:00,39.25727847643969
2025-06-16 01:32:07.152523+00:00,39.26893477601063
2025-06-16 01:32:08.169150+00:00,39.26893477601063
2025-06-16 01:32:09.710675+00:00,39.23984577348985
2025-06-16 01:32:10.246434+00:00,39.24566359380631
2025-06-16 01:32:10.792139+00:00,39.23984577348985
2025-06-16 01:32:11.667271+00:00,39.24566359380631
2025-06-16 01:32:12.001967+00:00,39.257257737423146
2025-06-16 01:32:12.200706+00:00,39.25729920472078
2025-06-16 01:32:12.737325+00:00,39.24566359380631
2025-06-16 01:32:13.409521+00:00,39.245684444806805
2025-06-16 01:32:14.448683+00:00,39.28057030767586
2025-06-16 01:32:15.543953+00:00,39.2515229620271
2025-06-16 01:32:18.759449+00:00,39.23404892772345
2025-06-16 01:32:19.378581+00:00,39.251481404216634
2025-06-16 01:32:19.687021+00:00,39.2689141811835
2025-06-16 01:32:20.263343+00:00,39.28057030767586
2025-06-16 01:32:20.639712+00:00,39.251481404216634
2025-06-16 01:32:20.965793+00:00,39.26311699531879
2025-06-16 01:32:21.467945+00:00,39.251502188489596
2025-06-16 01:32:23.049223+00:00,39.23402794326723
2025-06-16 01:32:25.622964+00:00,39.26309633376478
2025-06-16 01:32:25.983106+00:00,39.26311699531879
2025-06-16 01:32:26.186866+00:00,39.26893477601063
2025-06-16 01:32:26.434450+00:00,39.2689141811835
2025-06-16 01:32:27.035159+00:00,39.251502188489596
2025-06-16 01:32:27.826413+00:00,39.25734062907669
2025-06-16 01:32:28.714823+00:00,39.245684444806805
2025-06-16 01:32:28.941977+00:00,39.24566359380631
2025-06-16 01:32:31.061494+00:00,39.25734062907669
2025-06-16 01:32:33.390730+00:00,39.26309633376478
2025-06-16 01:32:36.610868+00:00,39.22821010313845
2025-06-16 01:32:37.765082+00:00,39.22821010313845
2025-06-16 01:32:39.713306+00:00,39.22239225310351
2025-06-16 01:32:40.513680+00:00,39.22239225310351
2025-06-16 01:32:41.084347+00:00,39.22821010313845
2025-06-16 01:32:42.740640+00:00,39.17587074795097
2025-06-16 01:32:43.244793+00:00,39.16421320791562
2025-06-16 01:32:44.037020+00:00,39.15837338623651
2025-06-16 01:32:44.639404+00:00,39.152533410453046
2025-06-16 01:32:46.367093+00:00,39.18748494486465
2025-06-16 01:32:47.574140+00:00,39.17580576049814
2025-06-16 01:32:49.635563+00:00,39.18748494486465
2025-06-16 01:32:50.592957+00:00,39.181602206017416
2025-06-16 01:32:52.044198+00:00,39.187441876081024
2025-06-16 01:32:52.651560+00:00,39.164147787871705
2025-06-16 01:32:53.640985+00:00,39.187441876081024
2025-06-16 01:32:54.050085+00:00,39.15835151282423
2025-06-16 01:32:54.741333+00:00,39.164147787871705
2025-06-16 01:32:55.442593+00:00,39.16996593716045
2025-06-16 01:32:56.545089+00:00,39.15835151282423
2025-06-16 01:32:56.811337+00:00,39.16408227120552
2025-06-16 01:32:57.060994+00:00,39.16410412083005
2025-06-16 01:32:57.309480+00:00,39.15248949795851
2025-06-16 01:32:57.544336+00:00,39.14083089075571
2025-06-16 01:32:58.261377+00:00,39.15246752560747
2025-06-16 01:32:59.431787+00:00,39.164147787871705
2025-06-16 01:33:04.762802+00:00,39.16992240358042
2025-06-16 01:33:07.226877+00:00,39.16992240358042
2025-06-16 01:33:10.161257+00:00,39.181602206017416
2025-06-16 01:33:11.041981+00:00,39.18739876435457
2025-06-16 01:33:14.026840+00:00,39.19905653500161
2025-06-16 01:33:15.651504+00:00,39.20487462484934
2025-06-16 01:33:17.483880+00:00,39.20489597515579
2025-06-16 01:33:17.983890+00:00,39.19907795203748
2025-06-16 01:33:18.432239+00:00,39.21071398836749
2025-06-16 01:33:20.264380+00:00,39.17582743371817
2025-06-16 01:33:20.490575+00:00,39.187420325585656
2025-06-16 01:33:20.644651+00:00,39.19328139204237
2025-06-16 01:33:20.876818+00:00,39.199035107230074
2025-06-16 01:33:21.144302+00:00,39.199035107230074
2025-06-16 01:33:23.785817+00:00,39.193259919012554
2025-06-16 01:33:25.724553+00:00,39.22234998507106
2025-06-16 01:33:27.860260+00:00,39.20491731472661
2025-06-16 01:33:28.739941+00:00,39.21073526120914
2025-06-16 01:33:29.841954+00:00,39.199099358337676
2025-06-16 01:33:30.769980+00:00,39.210777774685596
2025-06-16 01:33:35.499122+00:00,39.22237112445507
2025-06-16 01:33:36.149858+00:00,39.22237112445507
2025-06-16 01:33:37.052365+00:00,39.22241337101638
2025-06-16 01:33:37.618468+00:00,39.22237112445507
2025-06-16 01:33:37.942893+00:00,39.204981269025204
2025-06-16 01:33:42.209253+00:00,39.22818904121847
2025-06-16 01:33:43.801486+00:00,39.26311699531879
2025-06-16 01:33:44.701152+00:00,39.245684444806805
2025-06-16 01:33:46.825906+00:00,39.23404892772345
2025-06-16 01:33:49.509009+00:00,39.2514606092082
2025-06-16 01:33:50.524827+00:00,39.23402794326723
2025-06-16 01:33:53.568336+00:00,39.25734062907669
2025-06-16 01:33:53.960766+00:00,39.257361325151486
2025-06-16 01:33:55.846647+00:00,39.26897593345874
2025-06-16 01:33:56.031801+00:00,39.26897593345874
2025-06-16 01:33:57.944612+00:00,39.26899649607972
2025-06-16 01:34:01.209295+00:00,39.286489870858965
2025-06-16 01:34:03.224599+00:00,39.26901704796532
2025-06-16 01:34:06.150102+00:00,39.286449178181016
2025-06-16 01:34:09.177594+00:00,39.28651020109498
2025-06-16 01:34:10.447372+00:00,39.30975944117993
2025-06-16 01:34:11.541561+00:00,39.29230727829674
2025-06-16 01:34:13.249740+00:00,39.27483455184468
2025-06-16 01:34:13.544002+00:00,39.280672453516175
2025-06-16 01:34:13.775810+00:00,39.28069285047824
2025-06-16 01:34:14.118314+00:00,39.269037589115534
2025-06-16 01:34:20.133235+00:00,39.30975944117993
2025-06-16 01:34:20.769636+00:00,39.298185233977485
2025-06-16 01:34:24.676567+00:00,39.28069285047824
2025-06-16 01:34:28.516502+00:00,39.28071323670497
2025-06-16 01:34:32.905868+00:00,39.32153345066318
2025-06-16 01:34:35.102050+00:00,39.30981959897653
2025-06-16 01:34:35.268685+00:00,39.303942063457214
2025-06-16 01:34:36.814233+00:00,39.29234779458183
2025-06-16 01:34:37.325207+00:00,39.280672453516175
2025-06-16 01:34:38.226569+00:00,39.30396219351644
2025-06-16 01:34:38.519519+00:00,39.30388160886809
2025-06-16 01:34:38.794122+00:00,39.280672453516175
2025-06-16 01:34:40.017432+00:00,39.303942063457214
2025-06-16 01:34:41.500930+00:00,39.298144872614074
2025-06-16 01:34:42.198842+00:00,39.29228700405126
2025-06-16 01:34:44.562355+00:00,39.27485502626837
2025-06-16 01:34:44.776046+00:00,39.28651020109498
2025-06-16 01:34:45.281926+00:00,39.28646952988765
2025-06-16 01:34:45.791408+00:00,39.28065204581879
2025-06-16 01:34:49.323094+00:00,39.25738201049086
2025-06-16 01:34:50.978012+00:00,39.251564476895766
2025-06-16 01:34:51.733155+00:00,39.2515229620271
2025-06-16 01:34:52.315748+00:00,39.228294243462905
2025-06-16 01:34:53.050494+00:00,39.234069901444144
2025-06-16 01:34:53.284556+00:00,39.257319922266454
2025-06-16 01:34:53.486498+00:00,39.234069901444144
2025-06-16 01:34:53.753339+00:00,39.22821010313845
2025-06-16 01:34:57.859238+00:00,39.245705285071814
2025-06-16 01:34:58.992437+00:00,39.22825219477176
2025-06-16 01:34:59.886255+00:00,39.234069901444144
2025-06-16 01:35:04.691288+00:00,39.251502188489596
2025-06-16 01:35:08.268948+00:00,39.26893477601063
2025-06-16 01:35:11.062915+00:00,39.280611198218
2025-06-16 01:35:12.653628+00:00,39.280611198218
2025-06-16 01:35:15.505261+00:00,39.30386143586789
2025-06-16 01:35:16.704905+00:00,39.30386143586789
2025-06-16 01:35:18.665272+00:00,39.26313764613738
2025-06-16 01:35:22.949591+00:00,39.28057030767586
2025-06-16 01:35:27.827433+00:00,39.280611198218
2025-06-16 01:35:35.585756+00:00,39.25738201049086
2025-06-16 01:35:36.254886+00:00,39.251564476895766
2025-06-16 01:35:55.191255+00:00,39.25158521822692
2025-06-16 01:35:55.472177+00:00,39.245705285071814
2025-06-16 01:35:55.665473+00:00,39.245705285071814
2025-06-16 01:35:55.890180+00:00,39.26311699531879
2025-06-16 01:35:57.586109+00:00,39.25738201049086
2025-06-16 01:35:58.396922+00:00,39.25740268509481
2025-06-16 01:36:02.059902+00:00,39.26901704796532
2025-06-16 01:36:03.951813+00:00,39.26319953418071
2025-06-16 01:36:04.649292+00:00,39.26905811953038
2025-06-16 01:36:05.048999+00:00,39.274875489956706
2025-06-16 01:36:05.622943+00:00,39.28065204581879
2025-06-16 01:36:06.006460+00:00,39.25740268509481
2025-06-16 01:36:19.813968+00:00,39.29230727829674
2025-06-16 01:36:20.650333+00:00,39.30392192266275
2025-06-16 01:36:21.172087+00:00,39.29230727829674
2025-06-16 01:36:22.511890+00:00,39.29810446830963
2025-06-16 01:36:22.830181+00:00,39.303942063457214
2025-06-16 01:36:23.761089+00:00,39.29232754180693
2025-06-16 01:36:24.474374+00:00,39.26905811953038
2025-06-16 01:36:27.412918+00:00,39.298124675829484
2025-06-16 01:36:28.040078+00:00,39.303942063457214
2025-06-16 01:36:31.158082+00:00,39.303942063457214
2025-06-16 01:36:35.781760+00:00,39.28651020109498
2025-06-16 01:36:40.945457+00:00,39.29810446830963
2025-06-16 01:36:41.487981+00:00,39.26899649607972
2025-06-16 01:36:42.297413+00:00,39.28063162738606
2025-06-16 01:36:42.623047+00:00,39.30392192266275
2025-06-16 01:36:43.243835+00:00,39.27483455184468
2025-06-16 01:36:43.532437+00:00,39.26897593345874
2025-06-16 01:36:43.865333+00:00,39.26901704796532
2025-06-16 01:36:44.296710+00:00,39.28646952988765
2025-06-16 01:36:45.378983+00:00,39.26901704796532
2025-06-16 01:36:48.129755+00:00,39.32137422629063
2025-06-16 01:36:49.530898+00:00,39.25740268509481
2025-06-16 01:36:49.968046+00:00,39.27485502626837
2025-06-16 01:36:50.503303+00:00,39.27485502626837
2025-06-16 01:36:51.121954+00:00,39.28069285047824
2025-06-16 01:36:52.327654+00:00,39.27485502626837
2025-06-16 01:36:53.222543+00:00,39.257361325151486
2025-06-16 01:36:59.989267+00:00,39.27483455184468
2025-06-16 01:37:08.447860+00:00,39.257361325151486
2025-06-16 01:37:10.789776+00:00,39.286449178181016
2025-06-16 01:37:11.201079+00:00,39.25734062907669
2025-06-16 01:37:11.921684+00:00,39.26901704796532
2025-06-16 01:37:12.196707+00:00,39.26897593345874
2025-06-16 01:37:13.168897+00:00,39.25738201049086
2025-06-16 01:37:13.821895+00:00,39.245726114601354
2025-06-16 01:37:14.373167+00:00,39.26315828622056
2025-06-16 01:37:16.036933+00:00,39.2224555746354
2025-06-16 01:37:22.423161+00:00,39.245746933395424
2025-06-16 01:37:22.741518+00:00,39.234090864429334
2025-06-16 01:37:24.573047+00:00,39.245705285071814
2025-06-16 01:37:26.295572+00:00,39.23411181667899
2025-06-16 01:37:29.003229+00:00,39.228294243462905
2025-06-16 01:37:29.177795+00:00,39.25738201049086
2025-06-16 01:37:30.074725+00:00,39.22831525170517
2025-06-16 01:37:31.336904+00:00,39.269037589115534
2025-06-16 01:37:33.449193+00:00,39.25740268509481
2025-06-16 01:37:35.486843+00:00,39.25738201049086
2025-06-16 01:37:37.379478+00:00,39.25738201049086
2025-06-16 01:37:40.328024+00:00,39.24576774145402
2025-06-16 01:37:41.769141+00:00,39.25740268509481
2025-06-16 01:37:43.643709+00:00,39.26901704796532
2025-06-16 01:37:43.844032+00:00,39.25154372482916
2025-06-16 01:37:49.493007+00:00,39.25740268509481
2025-06-16 01:37:51.182359+00:00,39.286489870858965
2025-06-16 01:37:52.247001+00:00,39.28653052059568
2025-06-16 01:37:54.898082+00:00,39.280672453516175
2025-06-16 01:37:55.241497+00:00,39.26905811953038
2025-06-16 01:37:55.991402+00:00,39.269037589115534
2025-06-16 01:37:56.200192+00:00,39.27485502626837
2025-06-16 01:37:56.452127+00:00,39.280672453516175
2025-06-16 01:37:58.131700+00:00,39.28071323670497
2025-06-16 01:37:59.444826+00:00,39.286489870858965
2025-06-16 01:37:59.628932+00:00,39.28646952988765
2025-06-16 01:38:01.953117+00:00,39.28069285047824
2025-06-16 01:38:02.375691+00:00,39.29230727829674
2025-06-16 01:38:02.688180+00:00,39.26324073919926
2025-06-16 01:38:03.086548+00:00,39.29230727829674
2025-06-16 01:38:03.587410+00:00,39.28069285047824
2025-06-16 01:38:04.056118+00:00,39.280672453516175
2025-06-16 01:38:07.388139+00:00,39.28071323670497
2025-06-16 01:38:07.789040+00:00,39.29230727829674
2025-06-16 01:38:10.895642+00:00,39.26319953418071
2025-06-16 01:38:12.031417+00:00,39.25738201049086
2025-06-16 01:38:13.695105+00:00,39.25154372482916
2025-06-16 01:38:13.877345+00:00,39.234090864429334
2025-06-16 01:38:20.190513+00:00,39.234069901444144
2025-06-16 01:38:21.030219+00:00,39.234090864429334
2025-06-16 01:38:22.048814+00:00,39.23411181667899
2025-06-16 01:38:23.466861+00:00,39.22243447819368
2025-06-16 01:38:25.316666+00:00,39.228294243462905
2025-06-16 01:38:25.713921+00:00,39.21663791488023
2025-06-16 01:38:25.905383+00:00,39.22243447819368
2025-06-16 01:38:26.151642+00:00,39.234069901444144
2025-06-16 01:38:27.030523+00:00,39.22243447819368
2025-06-16 01:38:27.847492+00:00,39.210841464383165
2025-06-16 01:38:30.908929+00:00,39.245705285071814
2025-06-16 01:38:31.703128+00:00,39.1991421387311
2025-06-16 01:38:36.745579+00:00,39.21663791488023
2025-06-16 01:38:38.009980+00:00,39.22243447819368
2025-06-16 01:38:38.324524+00:00,39.22243447819368
2025-06-16 01:38:38.758746+00:00,39.22827322448511
2025-06-16 01:38:41.789252+00:00,39.22243447819368
2025-06-16 01:38:43.793179+00:00,39.245705285071814
2025-06-16 01:38:43.969130+00:00,39.22825219477176
2025-06-16 01:38:45.490296+00:00,39.228294243462905
2025-06-16 01:38:47.278559+00:00,39.22241337101638
2025-06-16 01:38:48.828826+00:00,39.234069901444144
2025-06-16 01:38:49.899077+00:00,39.245705285071814
2025-06-16 01:38:51.654807+00:00,39.22823115432288
2025-06-16 01:38:52.888219+00:00,39.22825219477176
2025-06-16 01:38:54.797264+00:00,39.22239225310351
2025-06-16 01:38:57.503490+00:00,39.22825219477176
2025-06-16 01:38:57.897594+00:00,39.22241337101638
2025-06-16 01:38:59.629372+00:00,39.233922859953175
2025-06-16 01:39:01.422967+00:00,39.21648954724036
2025-06-16 01:39:04.600401+00:00,39.22243447819368
2025-06-16 01:39:06.274631+00:00,39.22243447819368
2025-06-16 01:39:09.895848+00:00,39.22825219477176
2025-06-16 01:39:13.649244+00:00,39.21659557780395
2025-06-16 01:39:14.101067+00:00,39.2107990153204
2025-06-16 01:39:17.868338+00:00,39.22243447819368
2025-06-16 01:39:18.300388+00:00,39.210841464383165
2025-06-16 01:39:21.312075+00:00,39.2107990153204
2025-06-16 01:39:21.737347+00:00,39.2224555746354
2025-06-16 01:39:22.454658+00:00,39.22823115432288
2025-06-16 01:39:24.261649+00:00,39.199184876181874
2025-06-16 01:39:24.805749+00:00,39.2224555746354
2025-06-16 01:39:28.320423+00:00,39.20495996166131
2025-06-16 01:39:31.391984+00:00,39.20495996166131
2025-06-16 01:39:35.155766+00:00,39.16421320791562
2025-06-16 01:39:41.060699+00:00,39.17582743371817
2025-06-16 01:39:44.012974+00:00,39.15839524891298
2025-06-16 01:39:44.885738+00:00,39.18746341584069
2025-06-16 01:39:48.357164+00:00,39.18750646315289
2025-06-16 01:39:50.427831+00:00,39.10598823484559
2025-06-16 01:39:51.914122+00:00,39.10598823484559
2025-06-16 01:39:53.560693+00:00,39.11762458818711
2025-06-16 01:39:54.530690+00:00,39.07103315604544
2025-06-16 01:39:55.442975+00:00,39.04191789448824
2025-06-16 01:39:55.973701+00:00,39.111739130248715
2025-06-16 01:39:56.918039+00:00,39.12337586417339
2025-06-16 01:39:57.294927+00:00,39.11755750216469
2025-06-16 01:39:59.871025+00:00,39.10592074842544
2025-06-16 01:40:02.398599+00:00,39.11169421908801
2025-06-16 01:40:04.773647+00:00,39.09430659473331
2025-06-16 01:40:06.392792+00:00,39.09430659473331
2025-06-16 01:40:09.404845+00:00,39.088442826365714
2025-06-16 01:40:13.257465+00:00,39.12917196626042
2025-06-16 01:40:15.249518+00:00,39.11757987490817
2025-06-16 01:40:16.956667+00:00,39.129216455553205
2025-06-16 01:40:20.648204+00:00,39.16992240358042
2025-06-16 01:40:24.994348+00:00,39.15835151282423
2025-06-16 01:40:30.008210+00:00,39.181623823242894
2025-06-16 01:40:33.007391+00:00,39.18746341584069
2025-06-16 01:40:35.757193+00:00,39.18166702548662
2025-06-16 01:40:38.410971+00:00,39.193302854336515
2025-06-16 01:40:40.867965+00:00,39.18166702548662
2025-06-16 01:40:50.209725+00:00,39.18748494486465
2025-06-16 01:40:51.278389+00:00,39.204981269025204
2025-06-16 01:40:51.595022+00:00,39.204981269025204
2025-06-16 01:40:52.441052+00:00,39.187527970705425
2025-06-16 01:40:53.779344+00:00,39.1933671768048
2025-06-16 01:40:54.815278+00:00,39.199184876181874
2025-06-16 01:40:56.360516+00:00,39.199184876181874
2025-06-16 01:40:56.930997+00:00,39.21082024521959
2025-06-16 01:41:00.254855+00:00,39.2224555746354
2025-06-16 01:41:01.450664+00:00,39.21082024521959
2025-06-16 01:41:03.606567+00:00,39.228294243462905
2025-06-16 01:41:04.116789+00:00,39.228294243462905
2025-06-16 01:41:04.587232+00:00,39.216616751709886
2025-06-16 01:41:05.155233+00:00,39.205002565653466
2025-06-16 01:41:08.152813+00:00,39.21663791488023
2025-06-16 01:41:09.580587+00:00,39.22247666034158
2025-06-16 01:41:13.269703+00:00,39.251564476895766
2025-06-16 01:41:15.713187+00:00,39.234132758193134
2025-06-16 01:41:17.034225+00:00,39.24578853877714
2025-06-16 01:41:20.927020+00:00,39.23415368897177
2025-06-16 01:41:22.136077+00:00,39.222539853046705
2025-06-16 01:41:23.338034+00:00,39.24576774145402
2025-06-16 01:41:24.076153+00:00,39.245809325364796
2025-06-16 01:41:24.842426+00:00,39.24578853877714
2025-06-16 01:41:32.738889+00:00,39.26332302041157
2025-06-16 01:41:33.097412+00:00,39.25742334896334
2025-06-16 01:41:33.655900+00:00,39.24583010121699
2025-06-16 01:41:34.224798+00:00,39.26326132560543
2025-06-16 01:41:36.207727+00:00,39.24583010121699
2025-06-16 01:41:36.848549+00:00,39.26907863920984
2025-06-16 01:41:37.147823+00:00,39.25750589708326
2025-06-16 01:41:37.383702+00:00,39.274875489956706
2025-06-16 01:41:37.596842+00:00,39.26313764613738
2025-06-16 01:41:37.860274+00:00,39.257464644494135
2025-06-16 01:41:39.046979+00:00,39.2632819012762
2025-06-16 01:41:40.469474+00:00,39.26911964636265
2025-06-16 01:41:40.761262+00:00,39.27491638512732
2025-06-16 01:41:42.180429+00:00,39.263302466211584
2025-06-16 01:41:42.426581+00:00,39.26911964636265
2025-06-16 01:41:44.730103+00:00,39.251688763851064
2025-06-16 01:41:45.314402+00:00,39.26324073919926
2025-06-16 01:41:45.797047+00:00,39.25744400209645
2025-06-16 01:41:46.620797+00:00,39.24583010121699
2025-06-16 01:41:50.564838+00:00,39.26911964636265
2025-06-16 01:41:51.819941+00:00,39.26911964636265
2025-06-16 01:41:54.124983+00:00,39.26909914815393
2025-06-16 01:41:55.781183+00:00,39.27495723735654
2025-06-16 01:41:58.498887+00:00,39.28091650852956
2025-06-16 01:41:59.701583+00:00,39.292388267925794
2025-06-16 01:42:00.546819+00:00,39.26332302041157
2025-06-16 01:42:03.760428+00:00,39.280774330973195
2025-06-16 01:42:07.719958+00:00,39.26911964636265
2025-06-16 01:42:11.017840+00:00,39.257464644494135
2025-06-16 01:42:13.910875+00:00,39.245809325364796
2025-06-16 01:42:14.518944+00:00,39.23415368897177
2025-06-16 01:42:17.078553+00:00,39.23415368897177
2025-06-16 01:42:18.059162+00:00,39.22833624921189
2025-06-16 01:42:19.415011+00:00,39.25744400209645
2025-06-16 01:42:21.642676+00:00,39.234132758193134
2025-06-16 01:42:24.381177+00:00,39.2632819012762
2025-06-16 01:42:24.849485+00:00,39.26326132560543
2025-06-16 01:42:25.776024+00:00,39.23415368897177
2025-06-16 01:42:26.193808+00:00,39.26326132560543
2025-06-16 01:42:28.643595+00:00,39.25744400209645
2025-06-16 01:42:31.469092+00:00,39.24578853877714
2025-06-16 01:42:33.242184+00:00,39.23417460901488
2025-06-16 01:42:34.543692+00:00,39.25744400209645
2025-06-16 01:42:36.882455+00:00,39.257464644494135
2025-06-16 01:42:37.152916+00:00,39.274875489956706
2025-06-16 01:42:38.839262+00:00,39.26911964636265
2025-06-16 01:42:39.583539+00:00,39.257464644494135
2025-06-16 01:42:39.800802+00:00,39.26909914815393
2025-06-16 01:42:41.463939+00:00,39.28075397695244
2025-06-16 01:42:44.405190+00:00,39.26907863920984
2025-06-16 01:42:44.708809+00:00,39.2632819012762
2025-06-16 01:42:46.868947+00:00,39.2632819012762
2025-06-16 01:42:49.335971+00:00,39.24583010121699
2025-06-16 01:42:50.520318+00:00,39.22837821201873
2025-06-16 01:42:53.559793+00:00,39.19343140265198
2025-06-16 01:42:55.623375+00:00,39.222518799547224
2025-06-16 01:42:56.492475+00:00,39.22247666034158
2025-06-16 01:42:58.991312+00:00,39.23415368897177
2025-06-16 01:42:59.559134+00:00,39.210905057460266
2025-06-16 01:43:03.061123+00:00,39.19924890184062
2025-06-16 01:43:04.602938+00:00,39.222518799547224
2025-06-16 01:43:05.782540+00:00,39.19922757069002
2025-06-16 01:43:07.343022+00:00,39.222539853046705
2025-06-16 01:43:08.695346+00:00,39.22256089581064
2025-06-16 01:43:09.098392+00:00,39.19924890184062
2025-06-16 01:43:09.892916+00:00,39.23417460901488
2025-06-16 01:43:13.211632+00:00,39.23415368897177
2025-06-16 01:43:14.897305+00:00,39.24583010121699
2025-06-16 01:43:22.257867+00:00,39.23417460901488
2025-06-16 01:43:23.609498+00:00,39.22837821201873
2025-06-16 01:43:24.565708+00:00,39.22835723598308
2025-06-16 01:43:25.676003+00:00,39.24578853877714
2025-06-16 01:43:28.192378+00:00,39.26909914815393
2025-06-16 01:43:31.670379+00:00,39.24583010121699
2025-06-16 01:43:32.470109+00:00,39.228420131883446
2025-06-16 01:43:33.810986+00:00,39.2632819012762
2025-06-16 01:43:34.733657+00:00,39.257464644494135
2025-06-16 01:43:36.180392+00:00,39.280733612196364
2025-06-16 01:43:37.233231+00:00,39.28075397695244
2025-06-16 01:43:39.304420+00:00,39.280774330973195
2025-06-16 01:43:40.941989+00:00,39.28079467425863
2025-06-16 01:43:42.306955+00:00,39.29242869832865
2025-06-16 01:43:43.483439+00:00,39.28079467425863
2025-06-16 01:43:44.066162+00:00,39.29244889742716
2025-06-16 01:43:44.895658+00:00,39.27495723735654
2025-06-16 01:43:46.394465+00:00,39.286631957069666
2025-06-16 01:43:47.289192+00:00,39.29828594951902
2025-06-16 01:43:49.858381+00:00,39.29830606042158
2025-06-16 01:43:51.062154+00:00,39.28083532862353
2025-06-16 01:43:59.200118+00:00,39.31571655982284
2025-06-16 01:44:07.725793+00:00,39.309919647266675
2025-06-16 01:44:13.571407+00:00,39.30410280334445
2025-06-16 01:44:14.291565+00:00,39.309939624719085
2025-06-16 01:44:20.142362+00:00,39.33902336216077
2025-06-16 01:44:20.999754+00:00,39.33906261761758
2025-06-16 01:44:21.240390+00:00,39.33324602338277
2025-06-16 01:44:22.552659+00:00,39.30416290367091
2025-06-16 01:44:24.843113+00:00,39.32738989689303
2025-06-16 01:44:26.213750+00:00,39.33906261761758
2025-06-16 01:44:27.157893+00:00,39.321573149404685
2025-06-16 01:44:27.357405+00:00,39.32159298267272
2025-06-16 01:44:27.659354+00:00,39.321573149404685
2025-06-16 01:44:28.041176+00:00,39.333186923923535
2025-06-16 01:44:29.897735+00:00,39.321573149404685
2025-06-16 01:44:30.317185+00:00,39.33902336216077
2025-06-16 01:44:31.055641+00:00,39.33906261761758
2025-06-16 01:44:32.442689+00:00,39.32161280520559
2025-06-16 01:44:35.682210+00:00,39.33906261761758
2025-06-16 01:44:36.882620+00:00,39.32746889865734
2025-06-16 01:44:37.417545+00:00,39.33324602338277
2025-06-16 01:44:37.834771+00:00,39.33322633429813
2025-06-16 01:44:39.491667+00:00,39.34489874685211
2025-06-16 01:44:41.073930+00:00,39.33910183013405
2025-06-16 01:44:42.015835+00:00,39.34489874685211
2025-06-16 01:44:42.483156+00:00,39.32742941924544
2025-06-16 01:44:42.992735+00:00,39.327449164318956
2025-06-16 01:44:43.519251+00:00,39.33910183013405
2025-06-16 01:44:43.895590+00:00,39.33908222924335
2025-06-16 01:44:44.488825+00:00,39.35655115308361
2025-06-16 01:44:44.875534+00:00,39.344918281019304
2025-06-16 01:44:45.324064+00:00,39.34485964631255
2025-06-16 01:44:45.684640+00:00,39.327409663436804
2025-06-16 01:44:51.858371+00:00,39.31571655982284
2025-06-16 01:44:52.217710+00:00,39.327409663436804
2025-06-16 01:44:54.230968+00:00,39.31575639201338
2025-06-16 01:44:57.968303+00:00,39.333186923923535
2025-06-16 01:45:02.532243+00:00,39.309899659079065
2025-06-16 01:45:04.915402+00:00,39.31573648128569
2025-06-16 01:45:06.637732+00:00,39.30410280334445
2025-06-16 01:45:10.349147+00:00,39.29244889742716
2025-06-16 01:45:13.626217+00:00,39.28083532862353
2025-06-16 01:45:14.727552+00:00,39.28083532862353
2025-06-16 01:45:22.592693+00:00,39.28661169124547
2025-06-16 01:45:25.649291+00:00,39.292509430311064
2025-06-16 01:45:26.812410+00:00,39.26920153184385
2025-06-16 01:45:27.819096+00:00,39.24593381944605
2025-06-16 01:45:33.008501+00:00,39.29828594951902
2025-06-16 01:45:33.532748+00:00,39.29248926341837
2025-06-16 01:45:33.950846+00:00,39.30406268278403
2025-06-16 01:45:35.987186+00:00,39.298245695508164
2025-06-16 01:45:36.429213+00:00,39.30408274843186
2025-06-16 01:45:38.560642+00:00,39.309899659079065
2025-06-16 01:45:39.005556+00:00,39.321553305401515
2025-06-16 01:45:39.448005+00:00,39.29244889742716
2025-06-16 01:45:43.260018+00:00,39.28661169124547
2025-06-16 01:45:43.853381+00:00,39.29244889742716
2025-06-16 01:45:44.201277+00:00,39.286631957069666
2025-06-16 01:45:45.800321+00:00,39.2691810765766
2025-06-16 01:45:49.265342+00:00,39.274998046644384
2025-06-16 01:45:50.148004+00:00,39.286652212158565
2025-06-16 01:45:50.382502+00:00,39.298245695508164
2025-06-16 01:45:50.640765+00:00,39.280774330973195
2025-06-16 01:45:50.958067+00:00,39.27497764736813
2025-06-16 01:45:51.310201+00:00,39.26916061057398
2025-06-16 01:45:51.495044+00:00,39.28661169124547
2025-06-16 01:45:54.573065+00:00,39.30408274843186
2025-06-16 01:45:54.784305+00:00,39.309899659079065
2025-06-16 01:45:55.073995+00:00,39.29828594951902
2025-06-16 01:45:55.598225+00:00,39.29244889742716
2025-06-16 01:45:58.759308+00:00,39.29830606042158
2025-06-16 01:46:00.870377+00:00,39.321573149404685
2025-06-16 01:46:08.056227+00:00,39.2924690857904
2025-06-16 01:46:09.023547+00:00,39.31575639201338
2025-06-16 01:46:12.079321+00:00,39.29242869832865
2025-06-16 01:46:19.555870+00:00,39.20510888776032
2025-06-16 01:46:19.931652+00:00,39.2167435696982
2025-06-16 01:46:20.338905+00:00,39.19929153193487
2025-06-16 01:46:20.589187+00:00,39.205066391124454
2025-06-16 01:46:20.766690+00:00,39.19927022225556
2025-06-16 01:46:21.828814+00:00,39.17602200958967
2025-06-16 01:46:22.789972+00:00,39.18763534743259
2025-06-16 01:46:23.064129+00:00,39.210841464383165
2025-06-16 01:46:23.274933+00:00,39.19341000477193
2025-06-16 01:46:23.735933+00:00,39.20504512670309
2025-06-16 01:46:26.105623+00:00,39.19924890184062
2025-06-16 01:46:26.392114+00:00,39.187613893558556
2025-06-16 01:46:27.746961+00:00,39.16430028433967
2025-06-16 01:46:27.995136+00:00,39.15266489027632
2025-06-16 01:46:28.246154+00:00,39.14684717838677
2025-06-16 01:46:28.655566+00:00,39.181774843220694
2025-06-16 01:46:30.945552+00:00,39.164256767599234
2025-06-16 01:46:36.285135+00:00,39.14680326125972
2025-06-16 01:46:37.054061+00:00,39.15262110661193
2025-06-16 01:46:37.254566+00:00,39.152643003812045
2025-06-16 01:46:37.971726+00:00,39.15262110661193
2025-06-16 01:46:39.469489+00:00,39.14098540600182
2025-06-16 01:46:41.065579+00:00,39.14098540600182
2025-06-16 01:46:41.665431+00:00,39.152643003812045
2025-06-16 01:46:41.876825+00:00,39.15843894205843
2025-06-16 01:46:42.105687+00:00,39.17003115701211
2025-06-16 01:46:45.201777+00:00,39.15843894205843
2025-06-16 01:46:48.317157+00:00,39.187527970705425
2025-06-16 01:46:52.529251+00:00,39.17593563878202
2025-06-16 01:46:57.700925+00:00,39.199206228803774
2025-06-16 01:46:58.603783+00:00,39.21668020901417
2025-06-16 01:46:59.356146+00:00,39.21088387050351
2025-06-16 01:47:03.846894+00:00,39.22247666034158
2025-06-16 01:47:06.212920+00:00,39.20504512670309
2025-06-16 01:47:07.229249+00:00,39.210841464383165
2025-06-16 01:47:10.826276+00:00,39.19345278979637
2025-06-16 01:47:14.712675+00:00,39.19343140265198
2025-06-16 01:47:15.014627+00:00,39.19341000477193
2025-06-16 01:47:16.343286+00:00,39.187613893558556
2025-06-16 01:47:18.215024+00:00,39.15268676600475
2025-06-16 01:47:18.738731+00:00,39.15850440125798
2025-06-16 01:47:20.752433+00:00,39.14689105257038
2025-06-16 01:47:20.987518+00:00,39.15848259226062
2025-06-16 01:47:22.820231+00:00,39.135211724891946
2025-06-16 01:47:23.278817+00:00,39.16430028433967
2025-06-16 01:47:24.521071+00:00,39.16434375813693
2025-06-16 01:47:25.800561+00:00,39.16434375813693
2025-06-16 01:47:26.044428+00:00,39.14680326125972
2025-06-16 01:47:26.260164+00:00,39.14682522519118
2025-06-16 01:47:26.495165+00:00,39.15266489027632
2025-06-16 01:47:26.719459+00:00,39.170117966513466
2025-06-16 01:47:27.063439+00:00,39.15262110661193
2025-06-16 01:47:27.294911+00:00,39.15266489027632
2025-06-16 01:47:27.554475+00:00,39.15268676600475
2025-06-16 01:47:27.771274+00:00,39.1468691208465
2025-06-16 01:47:29.294954+00:00,39.15270863099735
2025-06-16 01:47:30.679631+00:00,39.16434375813693
2025-06-16 01:47:33.979823+00:00,39.152730485254125
2025-06-16 01:47:34.879473+00:00,39.18179637456034
2025-06-16 01:47:36.302570+00:00,39.164322026606186
2025-06-16 01:47:37.096115+00:00,39.14689105257038
2025-06-16 01:47:38.142431+00:00,39.164278531337345
2025-06-16 01:47:38.986631+00:00,39.170117966513466
2025-06-16 01:47:39.620439+00:00,39.175978845657326
2025-06-16 01:47:42.670296+00:00,39.170117966513466
2025-06-16 01:47:43.388097+00:00,39.17016130684953
2025-06-16 01:47:43.689050+00:00,39.181753301145335
2025-06-16 01:47:45.384105+00:00,39.181753301145335
2025-06-16 01:47:47.377356+00:00,39.181774843220694
2025-06-16 01:47:51.683994+00:00,39.181774843220694
2025-06-16 01:47:53.950705+00:00,39.17013964204938
2025-06-16 01:47:55.612499+00:00,39.16436547893188
2025-06-16 01:47:56.923157+00:00,39.17016130684953
2025-06-16 01:47:58.721453+00:00,39.164322026606186
2025-06-16 01:48:01.478417+00:00,39.18179637456034
2025-06-16 01:48:03.177104+00:00,39.187613893558556
2025-06-16 01:48:06.228271+00:00,39.21676466845505
2025-06-16 01:48:08.002809+00:00,39.19929153193487
2025-06-16 01:48:13.082974+00:00,39.234195518322494
2025-06-16 01:48:15.664796+00:00,39.19924890184062
2025-06-16 01:48:21.134312+00:00,39.19931283087851
2025-06-16 01:48:23.348653+00:00,39.2050876448102
2025-06-16 01:48:25.485791+00:00,39.16434375813693
2025-06-16 01:48:26.147950+00:00,39.14107346423861
2025-06-16 01:48:29.858588+00:00,39.15268676600475
2025-06-16 01:48:32.352265+00:00,39.12939398328666
2025-06-16 01:48:35.155032+00:00,39.170117966513466
2025-06-16 01:48:35.985550+00:00,39.15852619951954
2025-06-16 01:48:37.058527+00:00,39.17016130684953
2025-06-16 01:48:38.940558+00:00,39.17013964204938
2025-06-16 01:48:39.219439+00:00,39.16430028433967
2025-06-16 01:48:39.608036+00:00,39.17591401924075
2025-06-16 01:48:44.082473+00:00,39.15270863099735
2025-06-16 01:48:44.264586+00:00,39.18179637456034
2025-06-16 01:48:49.386546+00:00,39.175978845657326
2025-06-16 01:48:50.278598+00:00,39.17020460424253
2025-06-16 01:48:50.822322+00:00,39.16438718899104
2025-06-16 01:48:53.295101+00:00,39.19927022225556
2025-06-16 01:48:54.924600+00:00,39.19927022225556
2025-06-16 01:48:55.711314+00:00,39.210905057460266
2025-06-16 01:48:55.903077+00:00,39.18765679057095
2025-06-16 01:48:57.908528+00:00,39.205130119974804
2025-06-16 01:48:58.996538+00:00,39.205130119974804
2025-06-16 01:48:59.412888+00:00,39.21678575647633
2025-06-16 01:49:00.994638+00:00,39.21096855391694
2025-06-16 01:49:20.505072+00:00,39.29242869832865
2025-06-16 01:49:20.797439+00:00,39.2691810765766
2025-06-16 01:49:21.093799+00:00,39.28083532862353
2025-06-16 01:49:22.135737+00:00,39.280855639703006
2025-06-16 01:49:22.317809+00:00,39.29240848849486
2025-06-16 01:49:23.743922+00:00,39.28083532862353
2025-06-16 01:49:24.164515+00:00,39.280774330973195
2025-06-16 01:49:24.398430+00:00,39.28081500680874
2025-06-16 01:49:25.559494+00:00,39.286591414685965
2025-06-16 01:49:25.864818+00:00,39.27495723735654
2025-06-16 01:49:26.496199+00:00,39.27497764736813
2025-06-16 01:49:27.127000+00:00,39.269140133836
2025-06-16 01:49:27.675874+00:00,39.27501843518529
2025-06-16 01:49:29.019588+00:00,39.27495723735654
2025-06-16 01:49:29.842532+00:00,39.28079467425863
2025-06-16 01:49:32.610720+00:00,39.27497764736813
2025-06-16 01:49:37.984493+00:00,39.269140133836
2025-06-16 01:49:39.938888+00:00,39.25756769545136
2025-06-16 01:49:40.200702+00:00,39.251730106952664
2025-06-16 01:49:40.399708+00:00,39.26334356387618
2025-06-16 01:49:40.575670+00:00,39.269140133836
2025-06-16 01:49:40.827058+00:00,39.245850866333726
2025-06-16 01:49:43.023694+00:00,39.25752650727471
2025-06-16 01:49:43.325388+00:00,39.26334356387618
2025-06-16 01:49:43.710208+00:00,39.25170944076959
2025-06-16 01:49:49.009890+00:00,39.24593381944605
2025-06-16 01:49:49.758926+00:00,39.26920153184385
2025-06-16 01:49:51.268213+00:00,39.25754710673073
2025-06-16 01:49:52.500120+00:00,39.24595453088549
2025-06-16 01:49:52.701002+00:00,39.25754710673073
2025-06-16 01:49:52.901881+00:00,39.25756769545136
2025-06-16 01:49:54.831750+00:00,39.251730106952664
2025-06-16 01:49:55.500300+00:00,39.25754710673073
2025-06-16 01:49:56.044983+00:00,39.23432074872252
2025-06-16 01:49:58.734642+00:00,39.24015841218693
2025-06-16 01:50:01.994115+00:00,39.26922197637574
2025-06-16 01:50:02.520479+00:00,39.280855639703006
2025-06-16 01:50:03.800470+00:00,39.28083532862353
2025-06-16 01:50:14.140684+00:00,39.286712913013524
2025-06-16 01:50:19.974869+00:00,39.31575639201338
2025-06-16 01:50:20.517014+00:00,39.30418291564261
2025-06-16 01:50:21.509131+00:00,39.31581605978537
2025-06-16 01:50:22.914212+00:00,39.29836632871779
2025-06-16 01:50:23.901274+00:00,39.31001942717677
2025-06-16 01:50:27.275267+00:00,39.292549731890674
2025-06-16 01:50:27.551256+00:00,39.292549731890674
2025-06-16 01:50:30.866537+00:00,39.304202916879106
2025-06-16 01:50:31.492343+00:00,39.292529586468504
2025-06-16 01:50:34.363063+00:00,39.29256986657758
2025-06-16 01:50:36.663892+00:00,39.304222907380385
2025-06-16 01:50:42.520650+00:00,39.333285369346726
2025-06-16 01:50:47.629082+00:00,39.32165241806589
2025-06-16 01:50:49.498708+00:00,39.33910183013405
2025-06-16 01:50:51.964720+00:00,39.333285369346726
2025-06-16 01:50:54.606377+00:00,39.333285369346726
2025-06-16 01:50:55.322718+00:00,39.310039350953204
2025-06-16 01:50:55.984094+00:00,39.32163261700331
2025-06-16 01:50:56.553178+00:00,39.32746889865734
2025-06-16 01:51:00.815403+00:00,39.33912142028967
2025-06-16 01:51:08.564759+00:00,39.31583592757236
2025-06-16 01:51:11.471768+00:00,39.321691987985595
2025-06-16 01:51:13.141275+00:00,39.327508335128755
2025-06-16 01:51:15.820941+00:00,39.31583592757236
2025-06-16 01:51:17.861914+00:00,39.32165241806589
2025-06-16 01:51:18.258011+00:00,39.315855784624176
2025-06-16 01:51:18.621760+00:00,39.30999949266514
2025-06-16 01:51:20.732387+00:00,39.31583592757236
2025-06-16 01:51:22.391744+00:00,39.31583592757236
2025-06-16 01:51:24.175018+00:00,39.304202916879106
2025-06-16 01:51:26.540472+00:00,39.31581605978537
2025-06-16 01:51:26.775315+00:00,39.292529586468504
2025-06-16 01:51:28.419911+00:00,39.30997954741832
2025-06-16 01:51:28.699309+00:00,39.28667245651217
2025-06-16 01:51:30.371103+00:00,39.292529586468504
2025-06-16 01:51:32.549726+00:00,39.286712913013524
2025-06-16 01:51:35.063108+00:00,39.28089622965602
2025-06-16 01:51:36.517147+00:00,39.286712913013524
2025-06-16 01:51:38.582155+00:00,39.292529586468504
2025-06-16 01:51:39.782453+00:00,39.292509430311064
2025-06-16 01:51:41.498026+00:00,39.29256986657758
2025-06-16 01:51:42.691851+00:00,39.286712913013524
2025-06-16 01:51:43.963005+00:00,39.286712913013524
2025-06-16 01:51:46.423758+00:00,39.29836632871779
2025-06-16 01:51:49.281985+00:00,39.292529586468504
2025-06-16 01:51:51.273260+00:00,39.28089622965602
2025-06-16 01:51:51.573575+00:00,39.292529586468504
2025-06-16 01:51:55.267677+00:00,39.26926283323344
2025-06-16 01:51:56.231440+00:00,39.292509430311064
2025-06-16 01:51:57.774796+00:00,39.280875940047174
2025-06-16 01:52:00.793147+00:00,39.280875940047174
2025-06-16 01:52:01.168005+00:00,39.2866926901305
2025-06-16 01:52:01.678547+00:00,39.26924241017227
2025-06-16 01:52:02.002968+00:00,39.29248926341837
2025-06-16 01:52:06.219150+00:00,39.28081500680874
2025-06-16 01:52:06.698962+00:00,39.26920153184385
2025-06-16 01:52:08.839476+00:00,39.25756769545136
2025-06-16 01:52:10.104713+00:00,39.2517507624003
2025-06-16 01:52:16.513249+00:00,39.22844107571252
2025-06-16 01:52:17.105262+00:00,39.22844107571252
2025-06-16 01:52:21.310032+00:00,39.228420131883446
2025-06-16 01:52:21.603384+00:00,39.21678575647633
2025-06-16 01:52:21.773242+00:00,39.21098969793131
2025-06-16 01:52:22.062471+00:00,39.21094739916698
2025-06-16 01:52:22.262591+00:00,39.21096855391694
2025-06-16 01:52:25.824229+00:00,39.222581927839
2025-06-16 01:52:26.247469+00:00,39.22260294913183
2025-06-16 01:52:28.023799+00:00,39.22260294913183
2025-06-16 01:52:28.238842+00:00,39.21096855391694
2025-06-16 01:52:28.645678+00:00,39.2226239596891
2025-06-16 01:52:35.849035+00:00,39.18186090416497
2025-06-16 01:52:36.383348+00:00,39.19347416620508
2025-06-16 01:52:37.331208+00:00,39.19933411908652
2025-06-16 01:52:38.658284+00:00,39.21678575647633
2025-06-16 01:52:39.903180+00:00,39.19931283087851
2025-06-16 01:52:41.373169+00:00,39.21094739916698
2025-06-16 01:52:43.438190+00:00,39.21676466845505
2025-06-16 01:52:44.273881+00:00,39.21092623368143
2025-06-16 01:52:45.085225+00:00,39.21094739916698
2025-06-16 01:52:47.132160+00:00,39.22256089581064
2025-06-16 01:52:49.812478+00:00,39.19933411908652
2025-06-16 01:52:50.113799+00:00,39.17020460424253
2025-06-16 01:52:50.348587+00:00,39.210905057460266
2025-06-16 01:52:50.573802+00:00,39.210905057460266
2025-06-16 01:52:50.799239+00:00,39.18765679057095
2025-06-16 01:52:51.839997+00:00,39.19929153193487
2025-06-16 01:52:52.202979+00:00,39.170182960913905
2025-06-16 01:52:52.506592+00:00,39.175978845657326
2025-06-16 01:52:52.865523+00:00,39.17593563878202
2025-06-16 01:52:53.199753+00:00,39.175978845657326
2025-06-16 01:52:55.511990+00:00,39.16436547893188
2025-06-16 01:52:58.235146+00:00,39.1468691208465
2025-06-16 01:52:58.830697+00:00,39.15268676600475
2025-06-16 01:53:01.003752+00:00,39.15270863099735
2025-06-16 01:53:01.439240+00:00,39.15850440125798
2025-06-16 01:53:02.581172+00:00,39.135255866002055
2025-06-16 01:53:06.773336+00:00,39.129416125941646
2025-06-16 01:53:09.378054+00:00,39.141051465783235
2025-06-16 01:53:09.871756+00:00,39.129416125941646
2025-06-16 01:53:10.266794+00:00,39.12362063981455
2025-06-16 01:53:10.784781+00:00,39.14102945659198
2025-06-16 01:53:11.196273+00:00,39.117803011863614
2025-06-16 01:53:11.626183+00:00,39.14689105257038
2025-06-16 01:53:12.154642+00:00,39.15270863099735
2025-06-16 01:53:12.584154+00:00,39.14107346423861
2025-06-16 01:53:12.995236+00:00,39.1294382578607
2025-06-16 01:53:13.194218+00:00,39.14689105257038
2025-06-16 01:53:13.464431+00:00,39.12939398328666
2025-06-16 01:53:20.166741+00:00,39.14689105257038
2025-06-16 01:53:25.081280+00:00,39.17602200958967
2025-06-16 01:53:25.441123+00:00,39.17602200958967
2025-06-16 01:53:25.698027+00:00,39.16436547893188
2025-06-16 01:53:26.008808+00:00,39.15852619951954
2025-06-16 01:53:29.227156+00:00,39.18769964464056
2025-06-16 01:53:30.010854+00:00,39.17020460424253
2025-06-16 01:53:31.981910+00:00,39.17602200958967
2025-06-16 01:53:34.573384+00:00,39.17604357545223
2025-06-16 01:53:35.089693+00:00,39.17602200958967
2025-06-16 01:53:37.012422+00:00,39.152774161560174
2025-06-16 01:53:38.838989+00:00,39.152774161560174
2025-06-16 01:53:40.747294+00:00,39.164408888314426
2025-06-16 01:53:41.581319+00:00,39.16436547893188
2025-06-16 01:53:42.213003+00:00,39.16438718899104
2025-06-16 01:53:43.931535+00:00,39.16436547893188
2025-06-16 01:53:44.547702+00:00,39.17016130684953
2025-06-16 01:53:44.804624+00:00,39.15854798704528
2025-06-16 01:53:45.087117+00:00,39.164322026606186
2025-06-16 01:53:45.978554+00:00,39.16436547893188
2025-06-16 01:53:46.478887+00:00,39.16436547893188
2025-06-16 01:53:48.839219+00:00,39.17022623683538
2025-06-16 01:53:50.030883+00:00,39.16443057690202
2025-06-16 01:53:52.581230+00:00,39.146934883810566
2025-06-16 01:53:52.765011+00:00,39.152752328775065
2025-06-16 01:53:53.266320+00:00,39.146934883810566
2025-06-16 01:53:54.731792+00:00,39.16438718899104
2025-06-16 01:53:55.200241+00:00,39.17022623683538
2025-06-16 01:53:57.129306+00:00,39.18769964464056
2025-06-16 01:53:58.872036+00:00,39.16438718899104
2025-06-16 01:53:59.210386+00:00,39.164322026606186
2025-06-16 01:53:59.522205+00:00,39.17016130684953
2025-06-16 01:53:59.728423+00:00,39.170182960913905
2025-06-16 01:54:06.544286+00:00,39.17020460424253
2025-06-16 01:54:06.937956+00:00,39.17602200958967
2025-06-16 01:54:07.219228+00:00,39.181817895164265
2025-06-16 01:54:07.643269+00:00,39.17600043299137
2025-06-16 01:54:10.991234+00:00,39.18186090416497
2025-06-16 01:54:13.387212+00:00,39.17604357545223
2025-06-16 01:54:15.795674+00:00,39.17022623683538
2025-06-16 01:54:16.194790+00:00,39.17020460424253
2025-06-16 01:54:16.704441+00:00,39.17602200958967
2025-06-16 01:54:17.684754+00:00,39.170247858692484
2025-06-16 01:54:22.161056+00:00,39.152752328775065
2025-06-16 01:54:25.361851+00:00,39.15859152988935
2025-06-16 01:54:25.645949+00:00,39.146934883810566
2025-06-16 01:54:27.210497+00:00,39.141117428941726
2025-06-16 01:54:28.178135+00:00,39.152774161560174
2025-06-16 01:54:29.517038+00:00,39.152752328775065
2025-06-16 01:54:32.465415+00:00,39.14109545195811
2025-06-16 01:54:32.860068+00:00,39.15859152988935
2025-06-16 01:54:33.270161+00:00,39.15270863099735
2025-06-16 01:54:34.286092+00:00,39.152752328775065
2025-06-16 01:54:34.536056+00:00,39.17020460424253
2025-06-16 01:54:35.981526+00:00,39.16434375813693
2025-06-16 01:54:36.232557+00:00,39.141117428941726
2025-06-16 01:54:36.441030+00:00,39.16438718899104
2025-06-16 01:54:37.677666+00:00,39.158569763835224
2025-06-16 01:54:38.312348+00:00,39.146934883810566
2025-06-16 01:54:38.531054+00:00,39.170182960913905
2025-06-16 01:54:40.204278+00:00,39.15859152988935
2025-06-16 01:54:40.595748+00:00,39.170182960913905
2025-06-16 01:54:42.071116+00:00,39.181817895164265
2025-06-16 01:54:43.389834+00:00,39.17020460424253
2025-06-16 01:54:43.978200+00:00,39.164408888314426
2025-06-16 01:54:45.643994+00:00,39.16438718899104
2025-06-16 01:54:49.908229+00:00,39.13527792045325
2025-06-16 01:54:50.196803+00:00,39.13527792045325
2025-06-16 01:54:50.470439+00:00,39.135233800814945
2025-06-16 01:54:50.687576+00:00,39.14107346423861
2025-06-16 01:54:51.238185+00:00,39.14109545195811
2025-06-16 01:54:52.919934+00:00,39.12364282772984
2025-06-16 01:54:53.745579+00:00,39.12946037904383
2025-06-16 01:54:54.064641+00:00,39.129416125941646
2025-06-16 01:54:54.447355+00:00,39.117803011863614
2025-06-16 01:54:55.078706+00:00,39.135255866002055
2025-06-16 01:54:58.198445+00:00,39.135255866002055
2025-06-16 01:54:59.512789+00:00,39.112007695388165
2025-06-16 01:55:00.731503+00:00,39.12362063981455
2025-06-16 01:55:07.096912+00:00,39.1294382578607
2025-06-16 01:55:07.631285+00:00,39.117780746479966
2025-06-16 01:55:12.802269+00:00,39.11782526651128
2025-06-16 01:55:16.669926+00:00,39.08864689418148
2025-06-16 01:55:23.217495+00:00,39.094487325644764
2025-06-16 01:55:23.681528+00:00,39.11775847036035
2025-06-16 01:55:28.551202+00:00,39.106100497491866
2025-06-16 01:55:29.327178+00:00,39.094532401011925
2025-06-16 01:55:29.837181+00:00,39.117803011863614
2025-06-16 01:55:30.396912+00:00,39.10614532739822
2025-06-16 01:55:34.166211+00:00,39.10030512668153
2025-06-16 01:55:36.426917+00:00,39.09450986869638
2025-06-16 01:55:36.875882+00:00,39.094532401011925
2025-06-16 01:55:37.363409+00:00,39.100327602999805
2025-06-16 01:55:37.866976+00:00,39.10612291781305
2025-06-16 01:55:39.099417+00:00,39.11775847036035
2025-06-16 01:55:51.111499+00:00,39.135255866002055
2025-06-16 01:55:51.294571+00:00,39.12368717135257
2025-06-16 01:55:51.553496+00:00,39.1294382578607
2025-06-16 01:55:53.028829+00:00,39.11782526651128
2025-06-16 01:55:56.025955+00:00,39.12948248949103
2025-06-16 01:55:58.199533+00:00,39.152752328775065
2025-06-16 01:55:59.093600+00:00,39.141117428941726
2025-06-16 01:56:01.106200+00:00,39.14113939518947
2025-06-16 01:56:03.245829+00:00,39.152752328775065
2025-06-16 01:56:03.716128+00:00,39.141117428941726
2025-06-16 01:56:04.756819+00:00,39.152730485254125
2025-06-16 01:56:07.716520+00:00,39.135255866002055
2025-06-16 01:56:13.135579+00:00,39.123665004909185
2025-06-16 01:56:13.643366+00:00,39.123665004909185
2025-06-16 01:56:14.531002+00:00,39.12948248949103
2025-06-16 01:56:17.088674+00:00,39.141117428941726
2025-06-16 01:56:18.548436+00:00,39.12364282772984
2025-06-16 01:56:20.919550+00:00,39.13527792045325
2025-06-16 01:56:24.594694+00:00,39.146934883810566
2025-06-16 01:56:29.724023+00:00,39.152774161560174
2025-06-16 01:56:31.673963+00:00,39.152752328775065
2025-06-16 01:56:33.065790+00:00,39.14109545195811
2025-06-16 01:56:34.928569+00:00,39.15852619951954
2025-06-16 01:56:37.492413+00:00,39.15859152988935
2025-06-16 01:56:38.310726+00:00,39.15852619951954
2025-06-16 01:56:38.504862+00:00,39.15854798704528
2025-06-16 01:56:40.403055+00:00,39.15854798704528
2025-06-16 01:56:41.213386+00:00,39.13532199714795
2025-06-16 01:56:42.733337+00:00,39.146934883810566
2025-06-16 01:56:42.850694+00:00,39.152752328775065
2025-06-16 01:56:43.111181+00:00,39.13527792045325
2025-06-16 01:56:43.309081+00:00,39.135255866002055
2025-06-16 01:56:46.575485+00:00,39.14116135070133
2025-06-16 01:56:50.176300+00:00,39.14109545195811
2025-06-16 01:56:52.360382+00:00,39.164408888314426
2025-06-16 01:56:53.138068+00:00,39.12950458920231
2025-06-16 01:56:55.177383+00:00,39.15283959550054
2025-06-16 01:56:57.323654+00:00,39.15861328520768
2025-06-16 01:56:58.326298+00:00,39.15279598360945
2025-06-16 01:56:58.670349+00:00,39.141117428941726
2025-06-16 01:56:58.993850+00:00,39.181839405032484
2025-06-16 01:56:59.394156+00:00,39.152752328775065
2025-06-16 01:57:01.220235+00:00,39.135344019391454
2025-06-16 01:57:02.292840+00:00,39.16443057690202
2025-06-16 01:57:04.093496+00:00,39.170247858692484
2025-06-16 01:57:04.452875+00:00,39.152752328775065
2025-06-16 01:57:04.922531+00:00,39.170247858692484
2025-06-16 01:57:05.864663+00:00,39.17020460424253
2025-06-16 01:57:06.372852+00:00,39.15861328520768
2025-06-16 01:57:07.432669+00:00,39.13532199714795
2025-06-16 01:57:08.089529+00:00,39.16447392186989
2025-06-16 01:57:08.482140+00:00,39.170269469813825
2025-06-16 01:57:08.878916+00:00,39.152752328775065
2025-06-16 01:57:10.973640+00:00,39.17022623683538
2025-06-16 01:57:15.331787+00:00,39.16443057690202
2025-06-16 01:57:19.214339+00:00,39.158569763835224
2025-06-16 01:57:20.920663+00:00,39.16438718899104
2025-06-16 01:57:21.823375+00:00,39.176065130579055
2025-06-16 01:57:22.124798+00:00,39.17608667497016
2025-06-16 01:57:24.195912+00:00,39.15283959550054
2025-06-16 01:57:24.724424+00:00,39.15870019912298
2025-06-16 01:57:27.104729+00:00,39.15867848674785
2025-06-16 01:57:30.792750+00:00,39.19353823101719
2025-06-16 01:57:34.310995+00:00,39.176065130579055
2025-06-16 01:57:35.310942+00:00,39.1878065919401
2025-06-16 01:57:36.939828+00:00,39.17615124372905
2025-06-16 01:57:40.517994+00:00,39.16447392186989
2025-06-16 01:57:41.618108+00:00,39.18774245576743
2025-06-16 01:57:42.271093+00:00,39.170291070199426
2025-06-16 01:57:42.655764+00:00,39.17612973154515
2025-06-16 01:57:42.814046+00:00,39.181903870222826
2025-06-16 01:57:59.441479+00:00,39.18774245576743
2025-06-16 01:58:03.319708+00:00,39.18192533714819
2025-06-16 01:58:04.249703+00:00,39.1993979192967
2025-06-16 01:58:04.777395+00:00,39.18776384522733
2025-06-16 01:58:05.175435+00:00,39.18778522395155
2025-06-16 01:58:05.683937+00:00,39.17033423876334
2025-06-16 01:58:06.303961+00:00,39.18192533714819
2025-06-16 01:58:09.382069+00:00,39.19360219920834
2025-06-16 01:58:09.901554+00:00,39.19360219920834
2025-06-16 01:58:10.430247+00:00,39.1819682387918
2025-06-16 01:58:14.634415+00:00,39.20525728781379
2025-06-16 01:58:16.222792+00:00,39.199461622886155
2025-06-16 01:58:16.772556+00:00,39.19941916456215
2025-06-16 01:58:17.437187+00:00,39.20523612001299
2025-06-16 01:58:20.817301+00:00,39.21109525696926
2025-06-16 01:58:24.637458+00:00,39.22272885144228
2025-06-16 01:58:27.914457+00:00,39.199461622886155
2025-06-16 01:58:29.652960+00:00,39.199461622886155
2025-06-16 01:58:33.155908+00:00,39.199461622886155
2025-06-16 01:58:36.595991+00:00,39.216912059157025
2025-06-16 01:58:36.850197+00:00,39.21105306556084
2025-06-16 01:58:36.990260+00:00,39.20525728781379
2025-06-16 01:58:39.262859+00:00,39.21111633657008
2025-06-16 01:58:40.184001+00:00,39.19944039909197
2025-06-16 01:58:40.720036+00:00,39.21109525696926
2025-06-16 01:58:42.799448+00:00,39.20532072680252
2025-06-16 01:58:44.813920+00:00,39.234404020945895
2025-06-16 01:58:47.896346+00:00,39.20525728781379
2025-06-16 01:58:55.458430+00:00,39.22854563382499
2025-06-16 01:58:55.766617+00:00,39.216912059157025
2025-06-16 01:58:56.059594+00:00,39.21687000120573
2025-06-16 01:59:01.604895+00:00,39.22272885144228
2025-06-16 01:59:03.446231+00:00,39.2576910023316
2025-06-16 01:59:05.486917+00:00,39.20527844487897
2025-06-16 01:59:08.275120+00:00,39.228566513240935
2025-06-16 01:59:12.177096+00:00,39.234383218993294
2025-06-16 01:59:12.742162+00:00,39.234404020945895
2025-06-16 01:59:14.412742+00:00,39.21111633657008
2025-06-16 01:59:15.408732+00:00,39.222749797586275
2025-06-16 01:59:18.532849+00:00,39.21693307202933
2025-06-16 01:59:19.783947+00:00,39.22858738192136
2025-06-16 01:59:21.680316+00:00,39.22854563382499
2025-06-16 01:59:22.174473+00:00,39.245995921558034
2025-06-16 01:59:23.787324+00:00,39.234383218993294
2025-06-16 01:59:24.713819+00:00,39.24603726928878
2025-06-16 01:59:26.235079+00:00,39.251853878607115
2025-06-16 01:59:27.378726+00:00,39.22852474367354
2025-06-16 01:59:28.291701+00:00,39.228503842786566
2025-06-16 01:59:29.645549+00:00,39.21109525696926
2025-06-16 01:59:33.398785+00:00,39.20523612001299
2025-06-16 01:59:34.013738+00:00,39.21107416663285
2025-06-16 01:59:38.695890+00:00,39.19937666329561
2025-06-16 01:59:40.607634+00:00,39.19941916456215
2025-06-16 01:59:40.959911+00:00,39.18194679333784
2025-06-16 01:59:41.225163+00:00,39.17612973154515
2025-06-16 01:59:45.082459+00:00,39.19358088721361
2025-06-16 01:59:45.550865+00:00,39.17612973154515
2025-06-16 01:59:50.089769+00:00,39.176108208625514
2025-06-16 01:59:50.434236+00:00,39.19360219920834
2025-06-16 01:59:50.865766+00:00,39.17031265984925
2025-06-16 01:59:51.731442+00:00,39.16451722389465
2025-06-16 01:59:52.647403+00:00,39.17031265984925
2025-06-16 01:59:53.582888+00:00,39.17615124372905
2025-06-16 01:59:54.241587+00:00,39.1993979192967
2025-06-16 01:59:55.099507+00:00,39.17031265984925
2025-06-16 01:59:58.998484+00:00,39.15283959550054
2025-06-16 01:59:59.183742+00:00,39.14120522951747
2025-06-16 01:59:59.407326+00:00,39.15283959550054
2025-06-16 02:00:00.094344+00:00,39.14116135070133
2025-06-16 02:00:00.700180+00:00,39.14120522951747
2025-06-16 02:00:02.975242+00:00,39.12961492672001
2025-06-16 02:00:04.881379+00:00,39.147022417460725
2025-06-16 02:00:09.332429+00:00,39.117869743598725
2025-06-16 02:00:09.960774+00:00,39.1178919660385
2025-06-16 02:00:10.569489+00:00,39.12950458920231
2025-06-16 02:00:12.607186+00:00,39.14118329547733
2025-06-16 02:00:18.433654+00:00,39.15279598360945
2025-06-16 02:00:25.926076+00:00,39.15281779492291
2025-06-16 02:00:27.475412+00:00,39.158656763636934
2025-06-16 02:00:33.944485+00:00,39.1178919660385
2025-06-16 02:00:43.516585+00:00,39.141227152821735
2025-06-16 02:00:45.262782+00:00,39.14118329547733
2025-06-16 02:00:47.259180+00:00,39.12375360626714
2025-06-16 02:00:49.631408+00:00,39.11793637871016
2025-06-16 02:00:52.025738+00:00,39.10627955945285
2025-06-16 02:00:52.508821+00:00,39.100462235452646
2025-06-16 02:00:52.785382+00:00,39.094577433434836
2025-06-16 02:00:54.298422+00:00,39.08303280539629
2025-06-16 02:00:54.489972+00:00,39.10048463661867
2025-06-16 02:00:55.055514+00:00,39.12373147203156
2025-06-16 02:00:55.571542+00:00,39.11793637871016
2025-06-16 02:00:58.225735+00:00,39.10627955945285
2025-06-16 02:01:03.605811+00:00,39.11791417774231
2025-06-16 02:01:04.450451+00:00,39.14120522951747
2025-06-16 02:01:05.961568+00:00,39.12959288068829
2025-06-16 02:01:06.437360+00:00,39.13536603089907
2025-06-16 02:01:11.684256+00:00,39.14706611987072
2025-06-16 02:01:13.254342+00:00,39.12961492672001
2025-06-16 02:01:13.537197+00:00,39.12959288068829
2025-06-16 02:01:13.821510+00:00,39.14124906539012
2025-06-16 02:01:14.004794+00:00,39.141227152821735
2025-06-16 02:01:14.506162+00:00,39.14706611987072
2025-06-16 02:01:19.425782+00:00,39.17033423876334
2025-06-16 02:01:19.961787+00:00,39.14129285831934
2025-06-16 02:01:20.783318+00:00,39.14127096722266
2025-06-16 02:01:24.106279+00:00,39.15874359166587
2025-06-16 02:01:25.395509+00:00,39.15878694126558
2025-06-16 02:01:26.145513+00:00,39.14127096722266
2025-06-16 02:01:26.857974+00:00,39.181989673510046
2025-06-16 02:01:28.381922+00:00,39.176194235889696
2025-06-16 02:01:29.960095+00:00,39.17042044706222
2025-06-16 02:01:34.582442+00:00,39.193644790990824
2025-06-16 02:01:36.682711+00:00,39.211179510959084
2025-06-16 02:01:37.356212+00:00,39.22277073299475
2025-06-16 02:01:38.898514+00:00,39.2228125716051
2025-06-16 02:01:41.359478+00:00,39.211158463565
2025-06-16 02:01:42.372162+00:00,39.216954074166075
2025-06-16 02:01:43.999171+00:00,39.19954641070662
2025-06-16 02:01:45.904683+00:00,39.193729845727965
2025-06-16 02:01:47.758888+00:00,39.19370859814715
2025-06-16 02:01:49.142486+00:00,39.19956758082268
2025-06-16 02:01:50.773029+00:00,39.205405161822405
2025-06-16 02:01:51.588885+00:00,39.217037975357506
2025-06-16 02:01:53.992597+00:00,39.19952522985494
2025-06-16 02:01:56.598407+00:00,39.20538406917083
2025-06-16 02:01:57.634551+00:00,39.22285436727332
2025-06-16 02:01:58.318178+00:00,39.21701701616298
2025-06-16 02:01:58.870695+00:00,39.21699604623289
2025-06-16 02:01:59.758504+00:00,39.22285436727332
2025-06-16 02:02:04.157669+00:00,39.211221573540534
2025-06-16 02:02:04.711595+00:00,39.234445592644654
2025-06-16 02:02:08.202030+00:00,39.234466362390805
2025-06-16 02:02:12.355833+00:00,39.24611983592497
2025-06-16 02:02:12.548630+00:00,39.26358924809161
2025-06-16 02:02:12.791103+00:00,39.24609921036909
2025-06-16 02:02:13.041527+00:00,39.24609921036909
2025-06-16 02:02:13.333880+00:00,39.246140450745436
2025-06-16 02:02:14.929512+00:00,39.217037975357506
2025-06-16 02:02:18.210045+00:00,39.24616105483046
2025-06-16 02:02:20.141477+00:00,39.24616105483046
2025-06-16 02:02:22.331387+00:00,39.25201830629627
2025-06-16 02:02:22.881932+00:00,39.25197726378645
2025-06-16 02:02:23.096934+00:00,39.25777299221049
2025-06-16 02:02:23.879874+00:00,39.25197726378645
2025-06-16 02:02:25.133765+00:00,39.24620223079422
2025-06-16 02:02:26.014277+00:00,39.26940549407181
2025-06-16 02:02:26.271178+00:00,39.28101774186768
2025-06-16 02:02:27.122069+00:00,39.26946647340094
2025-06-16 02:02:28.535084+00:00,39.27524200060336
2025-06-16 02:02:29.639489+00:00,39.275221730151074
2025-06-16 02:02:31.039697+00:00,39.234466362390805
2025-06-16 02:02:34.643919+00:00,39.22867074928798
2025-06-16 02:02:35.945899+00:00,39.23454933402059
2025-06-16 02:02:36.139520+00:00,39.234466362390805
2025-06-16 02:02:36.315198+00:00,39.24607857407776
2025-06-16 02:02:37.517555+00:00,39.23448712140147
2025-06-16 02:02:42.004223+00:00,39.22867074928798
2025-06-16 02:02:46.971776+00:00,39.24032416516152
2025-06-16 02:02:48.806177+00:00,39.269425831250196
2025-06-16 02:02:49.356546+00:00,39.25779346284174
2025-06-16 02:02:50.349199+00:00,39.25197726378645
2025-06-16 02:02:51.395690+00:00,39.25775251084385
2025-06-16 02:02:51.930519+00:00,39.25197726378645
2025-06-16 02:02:52.956717+00:00,39.251956726428425
2025-06-16 02:02:55.388998+00:00,39.228753944886535
2025-06-16 02:02:56.149677+00:00,39.25197726378645
2025-06-16 02:02:58.028006+00:00,39.26360965199632
2025-06-16 02:02:58.287808+00:00,39.24611983592497
2025-06-16 02:02:59.154740+00:00,39.246140450745436
2025-06-16 02:03:00.340564+00:00,39.246140450745436
2025-06-16 02:03:01.473763+00:00,39.228712368558256
2025-06-16 02:03:04.917241+00:00,39.26363004516566
2025-06-16 02:03:08.494951+00:00,39.26363004516566
2025-06-16 02:03:13.288107+00:00,39.246140450745436
2025-06-16 02:03:13.818047+00:00,39.25779346284174
2025-06-16 02:03:16.800736+00:00,39.24618164818005
2025-06-16 02:03:19.479867+00:00,39.24620223079422
2025-06-16 02:03:23.713163+00:00,39.25197726378645
2025-06-16 02:03:24.687925+00:00,39.24618164818005
2025-06-16 02:03:25.031731+00:00,39.24616105483046
2025-06-16 02:03:25.208504+00:00,39.246140450745436
2025-06-16 02:03:26.260553+00:00,39.23448712140147
2025-06-16 02:03:26.979682+00:00,39.24616105483046
2025-06-16 02:03:28.283562+00:00,39.23452860721636
2025-06-16 02:03:28.532845+00:00,39.24618164818005
2025-06-16 02:03:28.785292+00:00,39.25201830629627
2025-06-16 02:03:29.087982+00:00,39.234507869676655
2025-06-16 02:03:29.378222+00:00,39.246140450745436
2025-06-16 02:03:29.596344+00:00,39.24611983592497
2025-06-16 02:03:29.794854+00:00,39.26356883345155
2025-06-16 02:03:30.312298+00:00,39.251956726428425
2025-06-16 02:03:31.241668+00:00,39.246140450745436
2025-06-16 02:03:34.751479+00:00,39.26358924809161
2025-06-16 02:03:35.644676+00:00,39.23452860721636
2025-06-16 02:03:36.653189+00:00,39.24618164818005
2025-06-16 02:03:38.963429+00:00,39.24616105483046
2025-06-16 02:03:39.311904+00:00,39.2403034836138
2025-06-16 02:03:39.778518+00:00,39.24616105483046
2025-06-16 02:03:40.742571+00:00,39.24616105483046
2025-06-16 02:03:41.317888+00:00,39.251997790409064
2025-06-16 02:03:42.345638+00:00,39.25779346284174
2025-06-16 02:03:44.855464+00:00,39.26360965199632
2025-06-16 02:03:52.059407+00:00,39.2868541726068
2025-06-16 02:03:52.626282+00:00,39.26944615769324
2025-06-16 02:03:53.369265+00:00,39.275282509302
2025-06-16 02:03:54.253570+00:00,39.27526226032034
2025-06-16 02:03:55.503167+00:00,39.29271050879877
2025-06-16 02:03:55.718038+00:00,39.275221730151074
2025-06-16 02:03:55.987921+00:00,39.26356883345155
2025-06-16 02:03:56.887755+00:00,39.25779346284174
2025-06-16 02:04:02.486925+00:00,39.24616105483046
2025-06-16 02:04:03.413348+00:00,39.27524200060336
2025-06-16 02:04:05.088697+00:00,39.257834371898085
2025-06-16 02:04:08.529460+00:00,39.24620223079422
2025-06-16 02:04:15.206683+00:00,39.27524200060336
2025-06-16 02:04:18.001230+00:00,39.28111870682336
2025-06-16 02:04:20.010880+00:00,39.26954762887844
2025-06-16 02:04:20.578678+00:00,39.281098535302796
2025-06-16 02:04:21.473573+00:00,39.257834371898085
2025-06-16 02:04:21.999893+00:00,39.25785481032318
2025-06-16 02:04:22.736827+00:00,39.26944615769324
2025-06-16 02:04:23.294712+00:00,39.26948677837331
2025-06-16 02:04:23.562189+00:00,39.26948677837331
2025-06-16 02:04:25.528492+00:00,39.26944615769324
2025-06-16 02:04:26.906235+00:00,39.26367079929826
2025-06-16 02:04:28.487622+00:00,39.281098535302796
2025-06-16 02:04:28.896257+00:00,39.26946647340094
2025-06-16 02:04:30.266531+00:00,39.27532297505939
2025-06-16 02:04:31.253172+00:00,39.28693465619833
2025-06-16 02:04:31.983772+00:00,39.281098535302796
2025-06-16 02:04:33.292531+00:00,39.263650427599636
2025-06-16 02:04:34.083089+00:00,39.27526226032034
2025-06-16 02:04:34.294558+00:00,39.28693465619833
2025-06-16 02:04:35.555309+00:00,39.3043625403035
2025-06-16 02:04:35.831817+00:00,39.31021818185782
2025-06-16 02:04:42.558986+00:00,39.31017851680304
2025-06-16 02:04:42.735237+00:00,39.298566525248226
2025-06-16 02:04:44.801010+00:00,39.286914551403356
2025-06-16 02:04:45.112218+00:00,39.281098535302796
2025-06-16 02:04:52.280260+00:00,39.3159549088558
2025-06-16 02:04:52.823715+00:00,39.28693465619833
2025-06-16 02:04:53.927812+00:00,39.32184983825892
2025-06-16 02:04:55.339260+00:00,39.29277062300769
2025-06-16 02:04:56.885549+00:00,39.28117915697329
2025-06-16 02:04:58.893369+00:00,39.29275059567329
2025-06-16 02:05:00.202052+00:00,39.29275059567329
2025-06-16 02:05:03.837123+00:00,39.32766565160977
2025-06-16 02:05:06.327311+00:00,39.31607350367359
2025-06-16 02:05:06.709715+00:00,39.31607350367359
2025-06-16 02:05:08.752696+00:00,39.32188919347595
2025-06-16 02:05:10.676377+00:00,39.29283064059945
2025-06-16 02:05:11.302264+00:00,39.30444209437086
2025-06-16 02:05:19.459099+00:00,39.31027759892619
2025-06-16 02:05:21.327359+00:00,39.31607350367359
2025-06-16 02:05:24.850829+00:00,39.31607350367359
2025-06-16 02:05:26.293178+00:00,39.327704873378956
2025-06-16 02:05:28.202450+00:00,39.31607350367359
2025-06-16 02:05:32.790289+00:00,39.31607350367359
2025-06-16 02:05:33.292995+00:00,39.31603401500827
2025-06-16 02:05:35.170359+00:00,39.316093231903544
2025-06-16 02:05:38.761642+00:00,39.31601425457288
2025-06-16 02:05:39.426977+00:00,39.31021818185782
2025-06-16 02:05:43.126993+00:00,39.31025780397191
2025-06-16 02:05:43.703836+00:00,39.316093231903544
2025-06-16 02:05:44.063208+00:00,39.327724468160895
2025-06-16 02:05:44.275613+00:00,39.316093231903544
2025-06-16 02:05:49.803018+00:00,39.31025780397191
2025-06-16 02:05:51.014099+00:00,39.29866622094259
2025-06-16 02:05:57.168370+00:00,39.30440233880758
2025-06-16 02:05:57.835142+00:00,39.31025780397191
2025-06-16 02:05:58.558793+00:00,39.31603401500827
2025-06-16 02:05:59.922939+00:00,39.30446195604973
2025-06-16 02:06:03.534926+00:00,39.30440233880758
2025-06-16 02:06:04.718242+00:00,39.298586485857534
2025-06-16 02:06:05.172596+00:00,39.30444209437086
2025-06-16 02:06:05.642109+00:00,39.304382444923135
2025-06-16 02:06:07.700822+00:00,39.29277062300769
2025-06-16 02:06:09.692226+00:00,39.281159017658595
2025-06-16 02:06:11.792686+00:00,39.31027759892619
2025-06-16 02:06:13.316258+00:00,39.29864630327414
2025-06-16 02:06:14.809980+00:00,39.31603401500827
2025-06-16 02:06:16.075517+00:00,39.275383593180656
2025-06-16 02:06:16.668219+00:00,39.286954750258055
2025-06-16 02:06:18.911740+00:00,39.292810645470766
2025-06-16 02:06:20.325732+00:00,39.286954750258055
2025-06-16 02:06:23.346184+00:00,39.27540377775047
2025-06-16 02:06:23.517119+00:00,39.298626374870494
2025-06-16 02:06:23.758924+00:00,39.30444209437086
2025-06-16 02:06:23.933541+00:00,39.29283064059945
2025-06-16 02:06:27.496406+00:00,39.316093231903544
2025-06-16 02:06:27.695376+00:00,39.31025780397191
2025-06-16 02:06:27.921694+00:00,39.30444209437086
2025-06-16 02:06:28.288835+00:00,39.32190885498178
2025-06-16 02:06:28.840702+00:00,39.3335400714409
2025-06-16 02:06:31.159172+00:00,39.32190885498178
2025-06-16 02:06:35.233157+00:00,39.28699490617169
2025-06-16 02:06:37.548885+00:00,39.30444209437086
2025-06-16 02:06:38.249121+00:00,39.29277062300769
2025-06-16 02:06:40.559123+00:00,39.28117915697329
2025-06-16 02:06:41.851383+00:00,39.29864630327414
2025-06-16 02:06:43.530325+00:00,39.292810645470766
2025-06-16 02:06:43.955927+00:00,39.29277062300769
2025-06-16 02:06:48.421953+00:00,39.29866622094259
2025-06-16 02:06:50.431814+00:00,39.28117915697329
2025-06-16 02:06:50.824780+00:00,39.2811992855527
2025-06-16 02:06:59.434078+00:00,39.298626374870494
2025-06-16 02:07:04.408651+00:00,39.29283064059945
2025-06-16 02:07:04.770029+00:00,39.32188919347595
2025-06-16 02:07:05.220516+00:00,39.30446195604973
2025-06-16 02:07:05.926916+00:00,39.31607350367359
2025-06-16 02:07:11.246374+00:00,39.30440233880758
2025-06-16 02:07:13.626838+00:00,39.298626374870494
2025-06-16 02:07:14.110731+00:00,39.30446195604973
2025-06-16 02:07:14.296215+00:00,39.31025780397191
2025-06-16 02:07:17.119370+00:00,39.2928506249929
2025-06-16 02:07:17.978142+00:00,39.30444209437086
2025-06-16 02:07:20.594919+00:00,39.269567890909485
2025-06-16 02:07:24.095814+00:00,39.25793645666981
2025-06-16 02:07:25.307441+00:00,39.26369116026153
2025-06-16 02:07:26.471094+00:00,39.27532297505939
2025-06-16 02:07:26.847058+00:00,39.26948677837331
2025-06-16 02:07:27.064470+00:00,39.27536339787553
2025-06-16 02:07:28.341909+00:00,39.3043625403035
2025-06-16 02:07:30.708287+00:00,39.28113886760862
2025-06-16 02:07:33.883776+00:00,39.269567890909485
2025-06-16 02:07:34.876373+00:00,39.286954750258055
2025-06-16 02:07:35.094892+00:00,39.28111870682336
2025-06-16 02:07:35.327971+00:00,39.28117915697329
2025-06-16 02:07:35.950898+00:00,39.28117915697329
2025-06-16 02:07:36.406344+00:00,39.26952735611207
2025-06-16 02:07:37.016349+00:00,39.26377249676107
2025-06-16 02:07:38.170449+00:00,39.27536339787553
2025-06-16 02:07:39.533158+00:00,39.28113886760862
2025-06-16 02:07:41.531927+00:00,39.298626374870494
2025-06-16 02:07:42.456744+00:00,39.27540377775047
2025-06-16 02:07:44.178850+00:00,39.29283064059945
2025-06-16 02:07:44.864740+00:00,39.29275059567329
2025-06-16 02:07:45.247719+00:00,39.29277062300769
2025-06-16 02:07:49.807984+00:00,39.292810645470766
2025-06-16 02:07:50.645761+00:00,39.29283064059945
2025-06-16 02:07:52.542559+00:00,39.28703501914431
2025-06-16 02:07:53.996149+00:00,39.2811992855527
2025-06-16 02:07:55.009058+00:00,39.28113886760862
2025-06-16 02:07:55.686979+00:00,39.292810645470766
2025-06-16 02:07:59.506058+00:00,39.26954762887844
2025-06-16 02:08:02.631319+00:00,39.28113886760862
2025-06-16 02:08:03.089993+00:00,39.28117915697329
2025-06-16 02:08:04.173818+00:00,39.29864630327414
2025-06-16 02:08:06.365224+00:00,39.2928506249929
2025-06-16 02:08:06.875933+00:00,39.28121940339683
2025-06-16 02:08:07.352761+00:00,39.28117915697329
2025-06-16 02:08:07.865054+00:00,39.28113886760862
2025-06-16 02:08:08.901540+00:00,39.257875238012915
2025-06-16 02:08:12.875403+00:00,39.26950707261035
2025-06-16 02:08:14.277993+00:00,39.269567890909485
2025-06-16 02:08:15.297309+00:00,39.28113886760862
2025-06-16 02:08:15.880712+00:00,39.26950707261035
2025-06-16 02:08:17.589394+00:00,39.28117915697329
2025-06-16 02:08:19.749454+00:00,39.26948677837331
2025-06-16 02:08:20.225737+00:00,39.275383593180656
2025-06-16 02:08:22.056440+00:00,39.28113886760862
2025-06-16 02:08:24.697894+00:00,39.281159017658595
2025-06-16 02:08:25.250944+00:00,39.292810645470766
2025-06-16 02:08:25.533539+00:00,39.286974833582505
2025-06-16 02:08:25.809959+00:00,39.28113886760862
2025-06-16 02:08:26.419349+00:00,39.28699490617169
2025-06-16 02:08:28.317893+00:00,39.28113886760862
2025-06-16 02:08:35.041833+00:00,39.31603401500827
2025-06-16 02:08:36.605837+00:00,39.292810645470766
2025-06-16 02:08:37.090084+00:00,39.30440233880758
2025-06-16 02:08:37.590134+00:00,39.30446195604973
2025-06-16 02:08:38.208548+00:00,39.28699490617169
2025-06-16 02:08:39.604045+00:00,39.275302747548345
2025-06-16 02:08:40.608463+00:00,39.2928506249929
2025-06-16 02:08:41.053040+00:00,39.298626374870494
2025-06-16 02:08:42.097645+00:00,39.281098535302796
2025-06-16 02:08:54.872857+00:00,39.281098535302796
2025-06-16 02:08:55.559231+00:00,39.28111870682336
2025-06-16 02:08:56.224232+00:00,39.28111870682336
2025-06-16 02:08:57.297938+00:00,39.26948677837331
2025-06-16 02:08:59.215125+00:00,39.25785481032318
2025-06-16 02:09:02.213569+00:00,39.26369116026153
2025-06-16 02:09:02.628147+00:00,39.26946647340094
2025-06-16 02:09:03.147740+00:00,39.29271050879877
2025-06-16 02:09:03.730104+00:00,39.263650427599636
2025-06-16 02:09:04.310526+00:00,39.257875238012915
2025-06-16 02:09:06.055692+00:00,39.25201830629627
2025-06-16 02:09:06.388415+00:00,39.263650427599636
2025-06-16 02:09:06.940402+00:00,39.24618164818005
2025-06-16 02:09:08.872168+00:00,39.228795478272836
2025-06-16 02:09:14.150101+00:00,39.240406783997805
2025-06-16 02:09:14.777837+00:00,39.24622280267296
2025-06-16 02:09:15.201795+00:00,39.263650427599636
2025-06-16 02:09:16.680203+00:00,39.234570050089346
2025-06-16 02:09:17.237256+00:00,39.228753944886535
2025-06-16 02:09:17.636627+00:00,39.222958668572204
2025-06-16 02:09:19.907900+00:00,39.240427411868254
2025-06-16 02:09:21.762073+00:00,39.228795478272836
2025-06-16 02:09:22.579425+00:00,39.24622280267296
2025-06-16 02:09:23.558317+00:00,39.234611450020445
2025-06-16 02:09:25.172148+00:00,39.24622280267296
2025-06-16 02:09:27.594695+00:00,39.25785481032318
2025-06-16 02:09:28.079984+00:00,39.257834371898085
2025-06-16 02:09:32.430715+00:00,39.26367079929826
2025-06-16 02:09:33.037700+00:00,39.257813922737604
2025-06-16 02:09:35.615330+00:00,39.27536339787553
2025-06-16 02:09:36.509904+00:00,39.257834371898085
2025-06-16 02:09:37.422992+00:00,39.26950707261035
2025-06-16 02:09:39.384840+00:00,39.257834371898085
2025-06-16 02:09:40.846372+00:00,39.240365496050565
2025-06-16 02:09:41.676505+00:00,39.26363004516566
2025-06-16 02:09:42.276458+00:00,39.25197726378645
2025-06-16 02:09:42.471400+00:00,39.25197726378645
2025-06-16 02:09:43.682376+00:00,39.240344835973765
2025-06-16 02:09:45.612575+00:00,39.234570050089346
2025-06-16 02:09:50.897811+00:00,39.24618164818005
2025-06-16 02:09:53.605982+00:00,39.222916980259214
2025-06-16 02:09:53.873658+00:00,39.24616105483046
2025-06-16 02:09:54.139658+00:00,39.26363004516566
2025-06-16 02:09:54.741981+00:00,39.25779346284174
2025-06-16 02:09:57.792909+00:00,39.24618164818005
2025-06-16 02:09:58.638835+00:00,39.23454933402059
2025-06-16 02:09:59.423740+00:00,39.25779346284174
2025-06-16 02:09:59.719092+00:00,39.25197726378645
2025-06-16 02:10:02.916726+00:00,39.24618164818005
2025-06-16 02:10:03.769064+00:00,39.23454933402059
2025-06-16 02:10:07.946685+00:00,39.25197726378645
2025-06-16 02:10:12.695210+00:00,39.246140450745436
2025-06-16 02:10:13.244345+00:00,39.24611983592497
2025-06-16 02:10:13.818947+00:00,39.25775251084385
2025-06-16 02:10:14.688261+00:00,39.222916980259214
2025-06-16 02:10:15.280162+00:00,39.23448712140147
2025-06-16 02:10:16.100934+00:00,39.25197726378645
2025-06-16 02:10:19.767286+00:00,39.23448712140147
2025-06-16 02:10:20.294818+00:00,39.22873316209014
2025-06-16 02:10:20.702719+00:00,39.24616105483046
2025-06-16 02:10:21.095756+00:00,39.25779346284174
2025-06-16 02:10:22.779434+00:00,39.22869156429087
2025-06-16 02:10:23.220367+00:00,39.22867074928798
2025-06-16 02:10:23.702516+00:00,39.25779346284174
2025-06-16 02:10:24.619356+00:00,39.228753944886535
2025-06-16 02:10:25.044736+00:00,39.23452860721636
2025-06-16 02:10:26.165871+00:00,39.2112635931797
2025-06-16 02:10:36.596264+00:00,39.19377230868266
2025-06-16 02:10:37.019229+00:00,39.19381472869479
2025-06-16 02:10:37.535448+00:00,39.211221573540534
2025-06-16 02:10:40.457531+00:00,39.22285436727332
2025-06-16 02:10:43.916408+00:00,39.22285436727332
2025-06-16 02:10:44.785994+00:00,39.21707986153992
2025-06-16 02:10:46.552670+00:00,39.2112635931797
2025-06-16 02:10:48.989191+00:00,39.205405161822405
2025-06-16 02:10:49.382717+00:00,39.19960988884793
2025-06-16 02:10:50.225025+00:00,39.205405161822405
2025-06-16 02:10:52.102503+00:00,39.20538406917083
2025-06-16 02:10:52.328711+00:00,39.2112425887279
2025-06-16 02:10:52.561812+00:00,39.19956758082268
2025-06-16 02:10:54.299509+00:00,39.199588740203104
2025-06-16 02:10:54.692017+00:00,39.211305569876586
2025-06-16 02:10:54.888154+00:00,39.19377230868266
2025-06-16 02:10:55.354002+00:00,39.199588740203104
2025-06-16 02:10:56.949641+00:00,39.22285436727332
2025-06-16 02:10:57.287942+00:00,39.222833474806976
2025-06-16 02:10:57.493636+00:00,39.187955867261046
2025-06-16 02:11:00.042318+00:00,39.199588740203104
2025-06-16 02:11:00.492282+00:00,39.18793457442221
2025-06-16 02:11:02.246850+00:00,39.199588740203104
2025-06-16 02:11:04.867954+00:00,39.18797714936424
2025-06-16 02:11:20.821592+00:00,39.182182102868
2025-06-16 02:11:22.079569+00:00,39.187998420731745
2025-06-16 02:11:22.717231+00:00,39.17640855254991
2025-06-16 02:11:22.968568+00:00,39.188019681363606
2025-06-16 02:11:23.227093+00:00,39.19381472869479
2025-06-16 02:11:25.199900+00:00,39.17640855254991
2025-06-16 02:11:28.827801+00:00,39.18808339884525
2025-06-16 02:11:29.504558+00:00,39.222916980259214
2025-06-16 02:11:30.149693+00:00,39.19385710576438
2025-06-16 02:11:32.337030+00:00,39.211305569876586
2025-06-16 02:11:35.444157+00:00,39.217121704780155
2025-06-16 02:11:35.662790+00:00,39.205447314918764
2025-06-16 02:11:38.995578+00:00,39.205510464046384
2025-06-16 02:11:42.437059+00:00,39.19387827819572
2025-06-16 02:11:43.810810+00:00,39.21710078852781
2025-06-16 02:11:44.545821+00:00,39.20548942507276
2025-06-16 02:11:47.637361+00:00,39.217121704780155
2025-06-16 02:11:52.780763+00:00,39.25203881144808
2025-06-16 02:11:53.258042+00:00,39.234570050089346
2025-06-16 02:11:54.419816+00:00,39.22297949662543
2025-06-16 02:11:55.030636+00:00,39.222958668572204
2025-06-16 02:11:57.178481+00:00,39.22877471694743
2025-06-16 02:12:00.807872+00:00,39.22877471694743
2025-06-16 02:12:07.187157+00:00,39.22293782978346
2025-06-16 02:12:14.000683+00:00,39.23459075542262
2025-06-16 02:12:17.041362+00:00,39.24624336381627
2025-06-16 02:12:17.404446+00:00,39.25205930586449
2025-06-16 02:12:17.901174+00:00,39.2521002624911
2025-06-16 02:12:18.395646+00:00,39.22877471694743
2025-06-16 02:12:20.301113+00:00,39.23465280700966
2025-06-16 02:12:20.695087+00:00,39.228795478272836
2025-06-16 02:12:24.499524+00:00,39.2288576978361
2025-06-16 02:12:25.361032+00:00,39.234694121057025
2025-06-16 02:12:29.877562+00:00,39.223021120525324
2025-06-16 02:12:31.608408+00:00,39.23467346940108
2025-06-16 02:12:33.908751+00:00,39.252141176176124
2025-06-16 02:12:34.143512+00:00,39.24628445389663
2025-06-16 02:12:34.887073+00:00,39.24046863540281
2025-06-16 02:12:36.607332+00:00,39.25212072470131
2025-06-16 02:12:38.522138+00:00,39.24628445389663
2025-06-16 02:12:40.485712+00:00,39.22304191637201
2025-06-16 02:12:43.411845+00:00,39.234694121057025
2025-06-16 02:12:44.239845+00:00,39.25793645666981
2025-06-16 02:12:50.551022+00:00,39.26375217873921
2025-06-16 02:12:52.377836+00:00,39.26377249676107
2025-06-16 02:12:53.462482+00:00,39.26960838276562
2025-06-16 02:12:54.305064+00:00,39.2811992855527
2025-06-16 02:12:55.895656+00:00,39.26960838276562
2025-06-16 02:12:56.659287+00:00,39.275383593180656
2025-06-16 02:12:57.356495+00:00,39.26377249676107
2025-06-16 02:12:58.735705+00:00,39.28121940339683
2025-06-16 02:13:15.583114+00:00,39.263731849982
2025-06-16 02:13:15.966294+00:00,39.25793645666981
2025-06-16 02:13:16.485502+00:00,39.26375217873921
2025-06-16 02:13:16.963540+00:00,39.27540377775047
2025-06-16 02:13:20.941120+00:00,39.26954762887844
2025-06-16 02:13:21.890010+00:00,39.25795684141805
2025-06-16 02:13:22.540097+00:00,39.275383593180656
2025-06-16 02:13:29.039137+00:00,39.26369116026153
2025-06-16 02:13:32.782334+00:00,39.24628445389663
2025-06-16 02:13:33.308660+00:00,39.234611450020445
2025-06-16 02:13:34.242496+00:00,39.24624336381627
2025-06-16 02:13:35.676862+00:00,39.223021120525324
2025-06-16 02:13:36.185870+00:00,39.23465280700966
2025-06-16 02:13:40.048436+00:00,39.22293782978346
2025-06-16 02:13:40.491813+00:00,39.25203881144808
2025-06-16 02:13:42.158824+00:00,39.22297949662543
2025-06-16 02:13:44.104490+00:00,39.22297949662543
2025-06-16 02:13:45.422128+00:00,39.217163505078226
2025-06-16 02:13:45.833736+00:00,39.22877471694743
2025-06-16 02:13:46.304361+00:00,39.24618164818005
2025-06-16 02:13:46.739154+00:00,39.222958668572204
2025-06-16 02:13:47.347160+00:00,39.21707986153992
2025-06-16 02:13:47.865183+00:00,39.22293782978346
2025-06-16 02:13:48.246491+00:00,39.211347503631224
2025-06-16 02:13:48.823748+00:00,39.22877471694743
2025-06-16 02:13:51.617791+00:00,39.22877471694743
2025-06-16 02:13:52.399548+00:00,39.222916980259214
2025-06-16 02:13:54.104664+00:00,39.211305569876586
2025-06-16 02:13:55.401324+00:00,39.257834371898085
2025-06-16 02:13:58.851533+00:00,39.21714261029695
2025-06-16 02:13:59.684736+00:00,39.211305569876586
2025-06-16 02:14:00.363698+00:00,39.17057089825934
2025-06-16 02:14:01.696567+00:00,39.18222474685498
2025-06-16 02:14:05.976361+00:00,39.19963102675713
2025-06-16 02:14:13.117246+00:00,39.18213941593828
2025-06-16 02:14:13.967297+00:00,39.16473308987251
2025-06-16 02:14:19.038612+00:00,39.187955867261046
2025-06-16 02:14:20.063500+00:00,39.19381472869479
2025-06-16 02:14:21.855935+00:00,39.17636577510354
2025-06-16 02:14:23.519260+00:00,39.17636577510354
2025-06-16 02:14:24.004828+00:00,39.153100365038654
2025-06-16 02:14:27.087076+00:00,39.15880859996176
2025-06-16 02:14:29.092383+00:00,39.17050648358926
2025-06-16 02:14:29.302391+00:00,39.15303531758752
2025-06-16 02:14:29.670372+00:00,39.153013613632204
2025-06-16 02:14:31.855076+00:00,39.123952331270495
2025-06-16 02:14:34.216067+00:00,39.135629331591424
2025-06-16 02:14:35.727941+00:00,39.14142397944642
2025-06-16 02:14:36.597418+00:00,39.11811359995862
2025-06-16 02:14:38.283366+00:00,39.13554173646802
2025-06-16 02:14:41.168109+00:00,39.12974697745627
2025-06-16 02:14:43.517668+00:00,39.12974697745627
2025-06-16 02:14:44.042030+00:00,39.11813570430292
2025-06-16 02:14:44.715908+00:00,39.123908245310105
2025-06-16 02:14:46.573132+00:00,39.123908245310105
2025-06-16 02:14:46.979545+00:00,39.129724995839986
2025-06-16 02:14:48.913879+00:00,39.118091484878384
2025-06-16 02:14:50.995544+00:00,39.123908245310105
2025-06-16 02:14:51.746560+00:00,39.118069359062204
2025-06-16 02:14:52.305741+00:00,39.10064114417219
2025-06-16 02:14:55.217333+00:00,39.135519810847484
2025-06-16 02:14:57.174768+00:00,39.123930293658255
2025-06-16 02:14:58.874848+00:00,39.11811359995862
2025-06-16 02:14:59.899575+00:00,39.12974697745627
2025-06-16 02:15:01.046770+00:00,39.12974697745627
2025-06-16 02:15:05.836350+00:00,39.141358467194216
2025-06-16 02:15:19.954092+00:00,39.106391124258195
2025-06-16 02:15:24.062207+00:00,39.094757133684304
2025-06-16 02:15:26.037746+00:00,39.10641340501127
2025-06-16 02:15:27.296306+00:00,39.10641340501127
2025-06-16 02:15:29.064452+00:00,39.10641340501127
2025-06-16 02:15:29.676677+00:00,39.094757133684304
2025-06-16 02:15:32.288880+00:00,39.100574133922514
2025-06-16 02:15:34.669034+00:00,39.0948019513862
2025-06-16 02:15:36.457268+00:00,39.08314565118611
2025-06-16 02:15:39.861843+00:00,39.08314565118611
2025-06-16 02:15:43.990402+00:00,39.0948019513862
2025-06-16 02:15:45.028503+00:00,39.10061881815831
2025-06-16 02:15:46.061245+00:00,39.08319071434942
2025-06-16 02:15:51.531615+00:00,39.106480182854526
2025-06-16 02:15:52.215486+00:00,39.08898507471204
2025-06-16 02:15:53.296470+00:00,39.07741903829113
2025-06-16 02:15:54.665271+00:00,39.08898507471204
2025-06-16 02:15:55.639834+00:00,39.08319071434942
2025-06-16 02:15:55.912450+00:00,39.09482434413311
2025-06-16 02:15:56.170273+00:00,39.08316818813581
2025-06-16 02:15:58.252693+00:00,39.089007534192184
2025-06-16 02:16:00.476450+00:00,39.06571746899469
2025-06-16 02:16:00.947656+00:00,39.08316818813581
2025-06-16 02:16:02.469699+00:00,39.05990054281018
2025-06-16 02:16:03.843323+00:00,39.08314565118611
2025-06-16 02:16:04.425092+00:00,39.10059648140842
2025-06-16 02:16:11.771178+00:00,39.08314565118611
2025-06-16 02:16:12.211122+00:00,39.08316818813581
2025-06-16 02:16:14.856337+00:00,39.065740195410086
2025-06-16 02:16:16.276627+00:00,39.065740195410086
2025-06-16 02:16:18.210851+00:00,39.08319071434942
2025-06-16 02:16:19.936892+00:00,39.071557044958375
2025-06-16 02:16:26.398063+00:00,39.065740195410086
2025-06-16 02:16:27.075845+00:00,39.05994611837356
2025-06-16 02:16:28.306879+00:00,39.07160233211247
2025-06-16 02:16:29.132216+00:00,39.08902998293627
2025-06-16 02:16:31.121789+00:00,39.077396466816026
2025-06-16 02:16:32.074723+00:00,39.106480182854526
2025-06-16 02:16:33.170013+00:00,39.08905242094429
2025-06-16 02:16:35.712448+00:00,39.10650242066363
2025-06-16 02:16:36.371512+00:00,39.1006857639919
2025-06-16 02:16:36.855839+00:00,39.12976894833667
2025-06-16 02:16:38.006483+00:00,39.123930293658255
2025-06-16 02:16:38.930296+00:00,39.11815779791128
2025-06-16 02:16:40.195124+00:00,39.10654686407389
2025-06-16 02:16:41.033047+00:00,39.11813570430292
2025-06-16 02:16:42.356669+00:00,39.100708057797746
2025-06-16 02:16:46.094803+00:00,39.12979090848117
2025-06-16 02:16:46.557332+00:00,39.12976894833667
2025-06-16 02:16:49.589197+00:00,39.11817988078369
2025-06-16 02:16:49.813699+00:00,39.1239963742872
2025-06-16 02:16:52.356237+00:00,39.12979090848117
2025-06-16 02:16:54.934802+00:00,39.153078693290745
2025-06-16 02:16:55.846732+00:00,39.14144579539213
2025-06-16 02:16:56.056904+00:00,39.15889512738866
2025-06-16 02:16:56.455684+00:00,39.153100365038654
2025-06-16 02:16:57.401001+00:00,39.16473308987251
2025-06-16 02:16:59.096916+00:00,39.14728398777068
2025-06-16 02:17:00.608218+00:00,39.147262249291906
2025-06-16 02:17:02.198176+00:00,39.14142397944642
2025-06-16 02:17:02.733708+00:00,39.135651203532596
2025-06-16 02:17:03.308650+00:00,39.12979090848117
2025-06-16 02:17:03.725449+00:00,39.13560744891437
2025-06-16 02:17:06.724329+00:00,39.12974697745627
2025-06-16 02:17:09.391461+00:00,39.10645793430943
2025-06-16 02:17:19.266982+00:00,39.10064114417219
2025-06-16 02:17:19.484960+00:00,39.089007534192184
2025-06-16 02:17:19.675491+00:00,39.118069359062204
2025-06-16 02:17:19.853732+00:00,39.118069359062204
2025-06-16 02:17:20.774228+00:00,39.10061881815831
2025-06-16 02:17:22.901129+00:00,39.10643567502834
2025-06-16 02:17:23.288861+00:00,39.08319071434942
2025-06-16 02:17:24.634909+00:00,39.09482434413311
2025-06-16 02:17:26.841131+00:00,39.10061881815831
2025-06-16 02:17:27.105072+00:00,39.08896260449584
2025-06-16 02:17:27.421786+00:00,39.106391124258195
2025-06-16 02:17:34.554946+00:00,39.06567198395545
2025-06-16 02:17:35.231335+00:00,39.07730607355455
2025-06-16 02:17:36.575786+00:00,39.059854924302115
2025-06-16 02:17:38.788910+00:00,39.04819781645998
2025-06-16 02:17:40.029727+00:00,39.05980926284931
2025-06-16 02:17:40.286789+00:00,39.024952358429125
2025-06-16 02:17:40.530589+00:00,39.03656349436516
2025-06-16 02:17:40.779260+00:00,39.05401496265327
2025-06-16 02:17:41.056086+00:00,39.04819781645998
2025-06-16 02:17:43.748704+00:00,39.04819781645998
2025-06-16 02:17:44.874946+00:00,39.03072314869337
2025-06-16 02:17:47.460183+00:00,39.04819781645998
2025-06-16 02:17:50.782539+00:00,39.03072314869337
2025-06-16 02:17:51.209177+00:00,39.03654039133051
2025-06-16 02:17:51.997016+00:00,39.05401496265327
2025-06-16 02:17:53.370168+00:00,39.0307694774976
2025-06-16 02:17:54.675720+00:00,39.054037854746255
2025-06-16 02:17:55.247646+00:00,39.02490589615326
2025-06-16 02:17:56.630374+00:00,39.054037854746255
2025-06-16 02:18:03.201120+00:00,39.04822077528787
2025-06-16 02:18:05.735167+00:00,39.04822077528787
2025-06-16 02:18:06.162502+00:00,39.04819781645998
2025-06-16 02:18:06.688265+00:00,39.048266660734974
2025-06-16 02:18:07.358202+00:00,39.04242670075373
2025-06-16 02:18:16.799523+00:00,39.07153438527713
2025-06-16 02:18:18.682003+00:00,39.04828958735419
2025-06-16 02:18:19.996336+00:00,39.071557044958375
2025-06-16 02:18:20.729719+00:00,39.065740195410086
2025-06-16 02:18:21.567500+00:00,39.07157969390349
2025-06-16 02:18:24.675098+00:00,39.07157969390349
2025-06-16 02:18:31.671938+00:00,39.09489145795758
2025-06-16 02:18:32.058787+00:00,39.11234122777459
2025-06-16 02:18:35.898680+00:00,39.10654686407389
2025-06-16 02:18:36.267664+00:00,39.12979090848117
2025-06-16 02:18:37.455600+00:00,39.11815779791128
2025-06-16 02:18:40.038447+00:00,39.12983479656249
2025-06-16 02:18:41.345985+00:00,39.100708057797746
2025-06-16 02:18:44.318690+00:00,39.11231906743397
2025-06-16 02:18:45.456864+00:00,39.10652464773675
2025-06-16 02:18:48.398356+00:00,39.123974358146796
2025-06-16 02:18:50.199820+00:00,39.11234122777459
2025-06-16 02:18:51.560018+00:00,39.135651203532596
2025-06-16 02:18:52.154321+00:00,39.135585555501464
2025-06-16 02:18:52.411132+00:00,39.12979090848117
2025-06-16 02:18:52.996462+00:00,39.123974358146796
2025-06-16 02:18:54.028796+00:00,39.10652464773675
2025-06-16 02:18:55.345338+00:00,39.11238551624796
2025-06-16 02:18:55.608177+00:00,39.11817988078369
2025-06-16 02:18:56.054826+00:00,39.10656906967504
2025-06-16 02:18:58.428977+00:00,39.118224014320724
2025-06-16 02:18:59.210833+00:00,39.094958475157796
2025-06-16 02:18:59.458870+00:00,39.11238551624796
2025-06-16 02:19:00.547889+00:00,39.11238551624796
2025-06-16 02:19:01.239848+00:00,39.10652464773675
2025-06-16 02:19:02.288867+00:00,39.083325646173456
2025-06-16 02:19:04.264955+00:00,39.09491380776035
2025-06-16 02:19:04.732337+00:00,39.10654686407389
2025-06-16 02:19:05.518664+00:00,39.10654686407389
2025-06-16 02:19:05.877754+00:00,39.10654686407389
2025-06-16 02:19:07.424667+00:00,39.123974358146796
2025-06-16 02:19:13.329276+00:00,39.11238551624796
2025-06-16 02:19:13.520338+00:00,39.11815779791128
2025-06-16 02:19:15.230253+00:00,39.118201952920174
2025-06-16 02:19:17.086332+00:00,39.10656906967504
2025-06-16 02:19:17.748596+00:00,39.123952331270495
2025-06-16 02:19:18.183651+00:00,39.12983479656249
2025-06-16 02:19:19.977841+00:00,39.11815779791128
2025-06-16 02:19:23.928690+00:00,39.129812857889775
2025-06-16 02:19:24.587682+00:00,39.147305715513625
2025-06-16 02:19:29.419650+00:00,39.153078693290745
2025-06-16 02:19:29.956091+00:00,39.141467600601985
2025-06-16 02:19:30.687921+00:00,39.141467600601985
2025-06-16 02:19:32.969742+00:00,39.11817988078369
2025-06-16 02:19:34.245342+00:00,39.11238551624796
2025-06-16 02:19:34.624547+00:00,39.10075261320141
2025-06-16 02:19:35.602289+00:00,39.11238551624796
2025-06-16 02:19:36.722829+00:00,39.12401837969169
2025-06-16 02:19:38.893492+00:00,39.12985672449933
2025-06-16 02:19:40.604560+00:00,39.12979090848117
2025-06-16 02:19:41.610675+00:00,39.10656906967504
2025-06-16 02:19:41.787768+00:00,39.11815779791128
2025-06-16 02:19:43.784471+00:00,39.11236337737925
2025-06-16 02:19:44.686684+00:00,39.10652464773675
2025-06-16 02:19:44.939111+00:00,39.100708057797746
2025-06-16 02:19:45.239015+00:00,39.11817988078369
2025-06-16 02:19:45.710887+00:00,39.11813570430292
2025-06-16 02:19:49.531192+00:00,39.10656906967504
2025-06-16 02:19:50.525596+00:00,39.09489145795758
2025-06-16 02:19:51.855961+00:00,39.07164757632208
2025-06-16 02:19:53.560739+00:00,39.09491380776035
2025-06-16 02:19:53.836336+00:00,39.10652464773675
2025-06-16 02:19:54.454214+00:00,39.08905242094429
2025-06-16 02:19:54.999032+00:00,39.08328071184308
2025-06-16 02:19:55.561693+00:00,39.083235734568404
2025-06-16 02:19:56.342756+00:00,39.08328071184308
2025-06-16 02:19:57.169288+00:00,39.100708057797746
2025-06-16 02:19:57.959844+00:00,39.09491380776035
2025-06-16 02:19:58.541267+00:00,39.083235734568404
2025-06-16 02:20:03.410494+00:00,39.083213229826946
2025-06-16 02:20:07.036003+00:00,39.07160233211247
2025-06-16 02:20:08.529931+00:00,39.07164757632208
2025-06-16 02:20:16.763494+00:00,39.04828958735419
2025-06-16 02:20:18.592305+00:00,39.042472698198544
2025-06-16 02:20:23.458192+00:00,39.05994611837356
2025-06-16 02:20:23.838011+00:00,39.054129315756185
2025-06-16 02:20:24.234748+00:00,39.065808310239376
2025-06-16 02:20:26.272346+00:00,39.05990054281018
2025-06-16 02:20:35.019953+00:00,39.05990054281018
2025-06-16 02:20:36.655211+00:00,39.048266660734974
2025-06-16 02:20:37.380539+00:00,39.042472698198544
2025-06-16 02:20:37.963049+00:00,39.05994611837356
2025-06-16 02:20:38.591027+00:00,39.048266660734974
2025-06-16 02:20:39.065403+00:00,39.054106466608
2025-06-16 02:20:39.548696+00:00,39.05408360672361
2025-06-16 02:20:40.946458+00:00,39.048312503237185
2025-06-16 02:20:53.567572+00:00,39.07153438527713
2025-06-16 02:20:53.858953+00:00,39.08316818813581
2025-06-16 02:20:54.067265+00:00,39.0773512916575
2025-06-16 02:20:55.321590+00:00,39.0773512916575
2025-06-16 02:20:56.365978+00:00,39.08319071434942
2025-06-16 02:20:57.517814+00:00,39.083213229826946
2025-06-16 02:20:57.838048+00:00,39.065740195410086
2025-06-16 02:20:58.078343+00:00,39.07153438527713
2025-06-16 02:20:58.304657+00:00,39.065740195410086
2025-06-16 02:21:00.912758+00:00,39.07157969390349
2025-06-16 02:21:04.584028+00:00,39.07730607355455
2025-06-16 02:21:05.833367+00:00,39.06578561603243
2025-06-16 02:21:08.153001+00:00,39.06578561603243
2025-06-16 02:21:08.580503+00:00,39.07157969390349
2025-06-16 02:21:09.556891+00:00,39.05999165099225
2025-06-16 02:21:09.920637+00:00,39.054129315756185
2025-06-16 02:21:10.344636+00:00,39.06576291108934
2025-06-16 02:21:11.408836+00:00,39.05994611837356
2025-06-16 02:21:13.586105+00:00,39.054129315756185
2025-06-16 02:21:15.304126+00:00,39.05994611837356
2025-06-16 02:21:17.460311+00:00,39.09484672614396
2025-06-16 02:21:18.369748+00:00,39.059968890050996
2025-06-16 02:21:18.761296+00:00,39.071624959585336
2025-06-16 02:21:22.619571+00:00,39.094869097418794
2025-06-16 02:21:23.052995+00:00,39.09484672614396
2025-06-16 02:21:24.771828+00:00,39.083258228573776
2025-06-16 02:21:25.773777+00:00,39.09489145795758
2025-06-16 02:21:25.985739+00:00,39.083235734568404
2025-06-16 02:21:26.186798+00:00,39.083213229826946
2025-06-16 02:21:26.369676+00:00,39.08905242094429
2025-06-16 02:21:28.204066+00:00,39.089074848216256
2025-06-16 02:21:28.656269+00:00,39.10650242066363
2025-06-16 02:21:29.993884+00:00,39.09489145795758
2025-06-16 02:21:31.850850+00:00,39.09489145795758
2025-06-16 02:21:34.062797+00:00,39.089074848216256
2025-06-16 02:21:35.836001+00:00,39.129812857889775
2025-06-16 02:21:37.961998+00:00,39.10654686407389
2025-06-16 02:21:38.588373+00:00,39.09491380776035
2025-06-16 02:21:39.381141+00:00,39.11231906743397
2025-06-16 02:21:41.780544+00:00,39.09489145795758
2025-06-16 02:21:43.703007+00:00,39.100708057797746
2025-06-16 02:21:47.394340+00:00,39.10656906967504
2025-06-16 02:21:48.986285+00:00,39.11240764438071
2025-06-16 02:21:50.235578+00:00,39.10075261320141
2025-06-16 02:21:51.227191+00:00,39.10652464773675
2025-06-16 02:21:52.818525+00:00,39.106591264540214
2025-06-16 02:21:55.350662+00:00,39.10656906967504
2025-06-16 02:21:55.795058+00:00,39.09493614682708
2025-06-16 02:21:56.127996+00:00,39.10073034086758
2025-06-16 02:21:57.448321+00:00,39.09493614682708
2025-06-16 02:21:57.722549+00:00,39.09493614682708
2025-06-16 02:22:00.005160+00:00,39.09491380776035
2025-06-16 02:22:00.359214+00:00,39.10652464773675
2025-06-16 02:22:00.836075+00:00,39.10654686407389
2025-06-16 02:22:04.752229+00:00,39.083235734568404
2025-06-16 02:22:06.401815+00:00,39.08328071184308
2025-06-16 02:22:13.494405+00:00,39.05994611837356
2025-06-16 02:22:14.229424+00:00,39.065808310239376
2025-06-16 02:22:15.008011+00:00,39.059968890050996
2025-06-16 02:22:17.891889+00:00,39.065808310239376
2025-06-16 02:22:18.293317+00:00,39.07157969390349
2025-06-16 02:22:20.070972+00:00,39.05994611837356
2025-06-16 02:22:21.984350+00:00,39.05992333595996
2025-06-16 02:22:22.116565+00:00,39.06571746899469
2025-06-16 02:22:23.906837+00:00,39.048312503237185
2025-06-16 02:22:24.601342+00:00,39.042472698198544
2025-06-16 02:22:24.844022+00:00,39.07153438527713
2025-06-16 02:22:25.102295+00:00,39.04822077528787
2025-06-16 02:22:25.326975+00:00,39.04242670075373
2025-06-16 02:22:25.595288+00:00,39.0307694774976
2025-06-16 02:22:26.054142+00:00,39.048266660734974
2025-06-16 02:22:30.777647+00:00,39.013364776859696
2025-06-16 02:22:36.893550+00:00,38.995819484908026
2025-06-16 02:22:38.532387+00:00,38.99002580987593
2025-06-16 02:22:41.464634+00:00,39.019135229458136
2025-06-16 02:22:42.616179+00:00,39.0017307363514
2025-06-16 02:22:43.971980+00:00,39.019135229458136
2025-06-16 02:22:48.901262+00:00,39.01915851122761
2025-06-16 02:22:49.219331+00:00,39.00752435705077
2025-06-16 02:22:49.427582+00:00,39.019205042557545
2025-06-16 02:22:49.644337+00:00,39.013318090584626
2025-06-16 02:22:49.861700+00:00,39.024952358429125
2025-06-16 02:22:50.940348+00:00,39.01334143909033
2025-06-16 02:22:51.150190+00:00,39.024952358429125
2025-06-16 02:22:51.810036+00:00,39.00752435705077
2025-06-16 02:22:52.035599+00:00,39.02499877775972
2025-06-16 02:22:52.234277+00:00,39.00170726510891
2025-06-16 02:22:52.979346+00:00,39.013318090584626
2025-06-16 02:22:54.698287+00:00,39.02499877775972
2025-06-16 02:22:55.325731+00:00,39.0017307363514
2025-06-16 02:22:55.671257+00:00,39.01918178226074
2025-06-16 02:22:56.354201+00:00,39.007594538359044
2025-06-16 02:22:56.723058+00:00,39.013388103892694
2025-06-16 02:22:58.368994+00:00,39.025045154145076
2025-06-16 02:23:02.316700+00:00,39.042472698198544
2025-06-16 02:23:07.867188+00:00,39.03672491499218
2025-06-16 02:23:08.283269+00:00,39.05419779878358
2025-06-16 02:23:09.611696+00:00,39.071624959585336
2025-06-16 02:23:10.850546+00:00,39.071624959585336
2025-06-16 02:23:12.347898+00:00,39.071624959585336
2025-06-16 02:23:13.721808+00:00,39.06578561603243
2025-06-16 02:23:15.412417+00:00,39.07746414903304
2025-06-16 02:23:20.017218+00:00,39.083258228573776
2025-06-16 02:23:20.723898+00:00,39.07160233211247
2025-06-16 02:23:22.349051+00:00,39.07746414903304
2025-06-16 02:23:22.653117+00:00,39.083303184376305
2025-06-16 02:23:23.530880+00:00,39.06583099371018
2025-06-16 02:23:24.833760+00:00,39.0716701823227
2025-06-16 02:23:25.374655+00:00,39.09491380776035
2025-06-16 02:23:27.934694+00:00,39.07164757632208
2025-06-16 02:23:28.300962+00:00,39.07744159903014
2025-06-16 02:23:30.662661+00:00,39.08905242094429
2025-06-16 02:23:35.250456+00:00,39.094869097418794
2025-06-16 02:23:36.825148+00:00,39.09493614682708
2025-06-16 02:23:40.534824+00:00,39.089119670552044
2025-06-16 02:23:41.311563+00:00,39.083325646173456
2025-06-16 02:23:41.709199+00:00,39.089119670552044
2025-06-16 02:23:42.267493+00:00,39.10077487479924
2025-06-16 02:23:43.370148+00:00,39.09493614682708
2025-06-16 02:23:44.466091+00:00,39.106591264540214
2025-06-16 02:23:47.657884+00:00,39.11238551624796
2025-06-16 02:23:49.028022+00:00,39.09493614682708
2025-06-16 02:23:51.167051+00:00,39.106591264540214
2025-06-16 02:23:52.511540+00:00,39.100797125661074
2025-06-16 02:23:52.903534+00:00,39.10661344866941
2025-06-16 02:23:53.363476+00:00,39.094958475157796
2025-06-16 02:23:54.116707+00:00,39.08914206561586
2025-06-16 02:23:55.308140+00:00,39.094958475157796
2025-06-16 02:24:02.208253+00:00,39.11824606498534
2025-06-16 02:24:03.562265+00:00,39.11826810491403
2025-06-16 02:24:04.011655+00:00,39.11824606498534
2025-06-16 02:24:06.948871+00:00,39.10661344866941
2025-06-16 02:24:08.714889+00:00,39.124084331489684
2025-06-16 02:24:10.764754+00:00,39.100797125661074
2025-06-16 02:24:14.265633+00:00,39.135694915207345
2025-06-16 02:24:15.314734+00:00,39.1299224438945
2025-06-16 02:24:17.790235+00:00,39.15904613705843
2025-06-16 02:24:18.524597+00:00,39.14166336437807
2025-06-16 02:24:18.752490+00:00,39.141511178814184
2025-06-16 02:24:19.974527+00:00,39.15318694467236
2025-06-16 02:24:21.191150+00:00,39.147414193191175
2025-06-16 02:24:21.503575+00:00,39.14155471408303
2025-06-16 02:24:22.582654+00:00,39.141511178814184
2025-06-16 02:24:22.881347+00:00,39.147370834327596
2025-06-16 02:24:23.490316+00:00,39.12410629395054
2025-06-16 02:24:28.214186+00:00,39.12410629395054
2025-06-16 02:24:28.707842+00:00,39.12410629395054
2025-06-16 02:24:28.908105+00:00,39.129900548165324
2025-06-16 02:24:29.983196+00:00,39.14155471408303
2025-06-16 02:24:33.413820+00:00,39.15318694467236
2025-06-16 02:24:33.912933+00:00,39.14155471408303
2025-06-16 02:24:34.712806+00:00,39.14155471408303
2025-06-16 02:24:36.642472+00:00,39.159003045117345
2025-06-16 02:24:37.428804+00:00,39.14155471408303
2025-06-16 02:24:37.753191+00:00,39.14732743252076
2025-06-16 02:24:38.105258+00:00,39.141511178814184
2025-06-16 02:24:38.500262+00:00,39.14155471408303
2025-06-16 02:24:42.654250+00:00,39.15318694467236
2025-06-16 02:24:45.466105+00:00,39.13582579257101
2025-06-16 02:24:46.192594+00:00,39.13578220972654
2025-06-16 02:24:47.915097+00:00,39.147414193191175
2025-06-16 02:24:48.972020+00:00,39.15323017007447
2025-06-16 02:24:51.495625+00:00,39.118290134106786
2025-06-16 02:24:51.957218+00:00,39.12401837969169
2025-06-16 02:24:52.208700+00:00,39.129878641700266
2025-06-16 02:24:52.514644+00:00,39.14153295181652
2025-06-16 02:24:54.093211+00:00,39.124084331489684
2025-06-16 02:24:54.554650+00:00,39.124062358292925
2025-06-16 02:24:55.723977+00:00,39.14155471408303
2025-06-16 02:24:57.015375+00:00,39.129878641700266
2025-06-16 02:24:57.804361+00:00,39.11824606498534
2025-06-16 02:24:58.398344+00:00,39.11824606498534
2025-06-16 02:24:59.636289+00:00,39.129900548165324
2025-06-16 02:25:02.396632+00:00,39.112429761777506
2025-06-16 02:25:07.606261+00:00,39.15314367632709
2025-06-16 02:25:10.181503+00:00,39.14734913879208
2025-06-16 02:25:14.280553+00:00,39.14153295181652
2025-06-16 02:25:16.328804+00:00,39.15318694467236
2025-06-16 02:25:19.647171+00:00,39.14155471408303
2025-06-16 02:25:21.052296+00:00,39.13573858393866
2025-06-16 02:25:26.065554+00:00,39.12410629395054
2025-06-16 02:25:30.608917+00:00,39.12410629395054
2025-06-16 02:25:31.987169+00:00,39.11247396436324
2025-06-16 02:25:33.483045+00:00,39.1299224438945
2025-06-16 02:25:36.464885+00:00,39.118290134106786
2025-06-16 02:25:40.205192+00:00,39.118224014320724
2025-06-16 02:25:45.812065+00:00,39.10656906967504
2025-06-16 02:25:50.438376+00:00,39.12401837969169
2025-06-16 02:25:52.535813+00:00,39.10075261320141
2025-06-16 02:25:55.410475+00:00,39.08916444994363
2025-06-16 02:25:56.263100+00:00,39.10075261320141
2025-06-16 02:25:56.580177+00:00,39.09493614682708
2025-06-16 02:25:59.297231+00:00,39.08916444994363
2025-06-16 02:25:59.606080+00:00,39.09498079275247
2025-06-16 02:25:59.808956+00:00,39.089119670552044
2025-06-16 02:26:00.670546+00:00,39.083303184376305
2025-06-16 02:26:05.788396+00:00,39.09493614682708
2025-06-16 02:26:15.120493+00:00,39.083348097234534
2025-06-16 02:26:15.530280+00:00,39.07171536211559
2025-06-16 02:26:17.829883+00:00,39.0716701823227
2025-06-16 02:26:20.497252+00:00,39.06589897970574
2025-06-16 02:26:20.964864+00:00,39.06583099371018
2025-06-16 02:26:21.687208+00:00,39.089119670552044
2025-06-16 02:26:23.918669+00:00,39.08328071184308
2025-06-16 02:26:24.960103+00:00,39.060037140666275
2025-06-16 02:26:26.325355+00:00,39.071624959585336
2025-06-16 02:26:27.827653+00:00,39.060037140666275
2025-06-16 02:26:29.488504+00:00,39.04835830279453
2025-06-16 02:26:30.308934+00:00,39.05419779878358
2025-06-16 02:26:31.172716+00:00,39.07744159903014
2025-06-16 02:26:31.604686+00:00,39.05417498184397
2025-06-16 02:26:35.073314+00:00,39.036678848494354
2025-06-16 02:26:36.015679+00:00,39.03672491499218
2025-06-16 02:26:37.764206+00:00,39.02509148758518
2025-06-16 02:26:38.545911+00:00,39.03090820623926
2025-06-16 02:26:40.464459+00:00,39.07164757632208
2025-06-16 02:26:40.801362+00:00,39.04835830279453
2025-06-16 02:26:41.063395+00:00,39.04835830279453
2025-06-16 02:26:43.214074+00:00,39.06001440119735
2025-06-16 02:26:43.862454+00:00,39.071624959585336
2025-06-16 02:26:47.127373+00:00,39.065876328443366
2025-06-16 02:26:48.818495+00:00,39.05422060498701
2025-06-16 02:26:49.903322+00:00,39.0716701823227
2025-06-16 02:26:50.978171+00:00,39.06001440119735
2025-06-16 02:26:51.714262+00:00,39.04840405940703
2025-06-16 02:26:53.255703+00:00,39.013481304661134
2025-06-16 02:26:55.250287+00:00,39.04256456425326
2025-06-16 02:26:56.353372+00:00,39.02513777808007
2025-06-16 02:26:58.216783+00:00,39.05424340045424
2025-06-16 02:27:01.469021+00:00,39.030931290119206
2025-06-16 02:27:01.971301+00:00,39.06001440119735
2025-06-16 02:27:02.572472+00:00,39.01927475902995
2025-06-16 02:27:04.035421+00:00,39.03672491499218
2025-06-16 02:27:05.939276+00:00,39.02511463820078
2025-06-16 02:27:06.979092+00:00,39.03090820623926
2025-06-16 02:27:07.557482+00:00,39.02506832623328
2025-06-16 02:27:08.077914+00:00,39.0367479321367
2025-06-16 02:27:08.678336+00:00,39.01927475902995
2025-06-16 02:27:14.676669+00:00,39.02511463820078
2025-06-16 02:27:16.600899+00:00,39.03672491499218
2025-06-16 02:27:19.310785+00:00,39.03090820623926
2025-06-16 02:27:19.803403+00:00,39.01343472574962
2025-06-16 02:27:20.071190+00:00,39.03090820623926
2025-06-16 02:27:20.439429+00:00,39.025045154145076
2025-06-16 02:27:20.698532+00:00,39.01343472574962
2025-06-16 02:27:20.965482+00:00,39.01343472574962
2025-06-16 02:27:21.174817+00:00,39.0367018871114
2025-06-16 02:27:21.425972+00:00,39.036632739051484
2025-06-16 02:27:21.602328+00:00,39.025045154145076
2025-06-16 02:27:21.787336+00:00,39.025045154145076
2025-06-16 02:27:21.994440+00:00,39.03665579914106
2025-06-16 02:27:22.435656+00:00,39.036678848494354
2025-06-16 02:27:22.904841+00:00,39.01343472574962
2025-06-16 02:27:23.255873+00:00,39.025045154145076
2025-06-16 02:27:25.192361+00:00,39.03095436326287
2025-06-16 02:27:25.738371+00:00,39.01925153094214
2025-06-16 02:27:26.413509+00:00,39.036678848494354
2025-06-16 02:27:27.333727+00:00,39.013411420189335
2025-06-16 02:27:27.801681+00:00,39.02509148758518
2025-06-16 02:27:28.180138+00:00,39.042541613843945
2025-06-16 02:27:29.549039+00:00,39.04835830279453
2025-06-16 02:27:29.959681+00:00,39.05994611837356
2025-06-16 02:27:31.491326+00:00,39.05415215416818
2025-06-16 02:27:31.891634+00:00,39.07157969390349
2025-06-16 02:27:32.293643+00:00,39.06578561603243
2025-06-16 02:27:33.151707+00:00,39.083258228573776
2025-06-16 02:27:33.516392+00:00,39.07741903829113
2025-06-16 02:27:33.785149+00:00,39.07157969390349
2025-06-16 02:27:34.387906+00:00,39.05999165099225
2025-06-16 02:27:35.349525+00:00,39.05417498184397
2025-06-16 02:27:36.852463+00:00,39.04838118646889
2025-06-16 02:27:37.940785+00:00,39.06005986939904
2025-06-16 02:27:38.575665+00:00,39.04840405940703
2025-06-16 02:27:38.959589+00:00,39.04251865269838
2025-06-16 02:27:40.714667+00:00,39.06585366644484
2025-06-16 02:27:41.812047+00:00,39.05424340045424
2025-06-16 02:27:43.723073+00:00,39.083303184376305
2025-06-16 02:27:44.080784+00:00,39.05422060498701
2025-06-16 02:27:49.309473+00:00,39.08914206561586
2025-06-16 02:27:51.768278+00:00,39.08916444994363
2025-06-16 02:27:54.299995+00:00,39.118290134106786
2025-06-16 02:27:54.751972+00:00,39.1008193657869
2025-06-16 02:27:56.806949+00:00,39.09498079275247
2025-06-16 02:27:58.548899+00:00,39.09498079275247
2025-06-16 02:28:01.633930+00:00,39.095025395733785
2025-06-16 02:28:01.991912+00:00,39.09498079275247
2025-06-16 02:28:02.534082+00:00,39.09489145795758
2025-06-16 02:28:03.010719+00:00,39.083303184376305
2025-06-16 02:28:13.070868+00:00,39.106635622062626
2025-06-16 02:28:13.662284+00:00,39.095025395733785
2025-06-16 02:28:13.969957+00:00,39.10661344866941
2025-06-16 02:28:16.743120+00:00,39.10084159517673
2025-06-16 02:28:18.734835+00:00,39.08918682353536
2025-06-16 02:28:20.334483+00:00,39.08916444994363
2025-06-16 02:28:21.608759+00:00,39.083348097234534
2025-06-16 02:28:22.262303+00:00,39.09498079275247
2025-06-16 02:28:22.587633+00:00,39.083348097234534
2025-06-16 02:28:23.689528+00:00,39.095025395733785
2025-06-16 02:28:25.037228+00:00,39.106702077826455
2025-06-16 02:28:26.314747+00:00,39.12404037436027
2025-06-16 02:28:27.711277+00:00,39.106635622062626
2025-06-16 02:28:27.960795+00:00,39.11247396436324
2025-06-16 02:28:29.299435+00:00,39.106635622062626
2025-06-16 02:28:29.677744+00:00,39.10084159517673
2025-06-16 02:28:32.434294+00:00,39.095025395733785
2025-06-16 02:28:34.189847+00:00,39.10084159517673
2025-06-16 02:28:35.312226+00:00,39.10667993664116
2025-06-16 02:28:35.743612+00:00,39.11251812400516
2025-06-16 02:28:36.242534+00:00,39.106702077826455
2025-06-16 02:28:38.781992+00:00,39.1183561572695
2025-06-16 02:28:39.116748+00:00,39.11826810491403
2025-06-16 02:28:39.549990+00:00,39.14155471408303
2025-06-16 02:28:41.631048+00:00,39.118334160284526
2025-06-16 02:28:41.979168+00:00,39.1183561572695
2025-06-16 02:28:42.511265+00:00,39.1299224438945
2025-06-16 02:28:43.070284+00:00,39.129966203145216
2025-06-16 02:28:44.823425+00:00,39.12417211691769
2025-06-16 02:28:46.996182+00:00,39.129966203145216
2025-06-16 02:28:47.982548+00:00,39.147414193191175
2025-06-16 02:28:51.909279+00:00,39.13571675494094
2025-06-16 02:28:55.461426+00:00,39.129988066666755
2025-06-16 02:28:56.214941+00:00,39.11254018772221
2025-06-16 02:28:57.426861+00:00,39.12415018666454
2025-06-16 02:28:59.388985+00:00,39.12415018666454
2025-06-16 02:28:59.777729+00:00,39.118290134106786
2025-06-16 02:29:01.333250+00:00,39.11247396436324
2025-06-16 02:29:04.067418+00:00,39.1299224438945
2025-06-16 02:29:07.123867+00:00,39.1299224438945
2025-06-16 02:29:07.718434+00:00,39.095025395733785
2025-06-16 02:29:13.614768+00:00,39.13573858393866
2025-06-16 02:29:13.923094+00:00,39.14739251912729
2025-06-16 02:29:18.023410+00:00,39.14155471408303
2025-06-16 02:29:18.416381+00:00,39.147414193191175
2025-06-16 02:29:19.486538+00:00,39.129966203145216
2025-06-16 02:29:20.139003+00:00,39.129966203145216
2025-06-16 02:29:21.892808+00:00,39.129966203145216
2025-06-16 02:29:24.686058+00:00,39.1358040065167
2025-06-16 02:29:25.036962+00:00,39.14739251912729
2025-06-16 02:29:25.559292+00:00,39.141619936467535
2025-06-16 02:29:25.903885+00:00,39.15318694467236
2025-06-16 02:29:28.838585+00:00,39.14745750911153
2025-06-16 02:29:29.389681+00:00,39.12417211691769
2025-06-16 02:29:29.817424+00:00,39.141619936467535
2025-06-16 02:29:30.546214+00:00,39.13582579257101
2025-06-16 02:29:34.828856+00:00,39.141619936467535
2025-06-16 02:29:35.288586+00:00,39.141641655790714
2025-06-16 02:29:35.768975+00:00,39.13000991945242
2025-06-16 02:29:37.203019+00:00,39.159089186056484
2025-06-16 02:29:38.773042+00:00,39.14159820640853
2025-06-16 02:29:39.439872+00:00,39.16492645134581
2025-06-16 02:29:40.111196+00:00,39.141641655790714
2025-06-16 02:29:44.618517+00:00,39.159089186056484
2025-06-16 02:29:47.294078+00:00,39.159089186056484
2025-06-16 02:29:49.250027+00:00,39.14166336437807
2025-06-16 02:29:50.203550+00:00,39.14745750911153
2025-06-16 02:29:50.755588+00:00,39.141641655790714
2025-06-16 02:29:51.548968+00:00,39.141641655790714
2025-06-16 02:29:52.142943+00:00,39.147479150968
2025-06-16 02:29:52.825772+00:00,39.129988066666755
2025-06-16 02:29:53.781877+00:00,39.15329492765926
2025-06-16 02:29:56.574015+00:00,39.141685062229584
2025-06-16 02:30:00.152388+00:00,39.164947882275264
2025-06-16 02:30:01.028897+00:00,39.14166336437807
2025-06-16 02:30:01.733670+00:00,39.16492645134581
2025-06-16 02:30:03.366194+00:00,39.14166336437807
2025-06-16 02:30:04.872793+00:00,39.15333804570356
2025-06-16 02:30:08.981759+00:00,39.16490500968063
2025-06-16 02:30:10.304588+00:00,39.141641655790714
2025-06-16 02:30:11.715047+00:00,39.16496930246899
2025-06-16 02:30:12.198454+00:00,39.1707421983411
2025-06-16 02:30:17.422773+00:00,39.16490500968063
2025-06-16 02:30:18.115516+00:00,39.182352421159734
2025-06-16 02:30:18.907187+00:00,39.164947882275264
2025-06-16 02:30:19.415999+00:00,39.17655793543772
2025-06-16 02:30:19.805159+00:00,39.15329492765926
2025-06-16 02:30:23.322202+00:00,39.13000991945242
2025-06-16 02:30:24.789581+00:00,39.14745750911153
2025-06-16 02:30:28.535681+00:00,39.147414193191175
2025-06-16 02:30:30.394972+00:00,39.13578220972654
2025-06-16 02:30:30.779526+00:00,39.11837814351857
2025-06-16 02:30:31.314401+00:00,39.141641655790714
2025-06-16 02:30:31.905723+00:00,39.11837814351857
2025-06-16 02:30:32.540230+00:00,39.12417211691769
2025-06-16 02:30:33.131865+00:00,39.13578220972654
2025-06-16 02:30:33.635969+00:00,39.1358040065167
2025-06-16 02:30:38.332573+00:00,39.09506995577102
2025-06-16 02:30:40.935848+00:00,39.118290134106786
2025-06-16 02:30:42.054383+00:00,39.10672420827579
2025-06-16 02:30:42.979271+00:00,39.089209186391045
2025-06-16 02:30:45.305062+00:00,39.100886021748416
2025-06-16 02:30:47.300724+00:00,39.089209186391045
2025-06-16 02:30:52.734027+00:00,39.083392967148505
2025-06-16 02:30:54.019216+00:00,39.083392967148505
2025-06-16 02:30:54.299820+00:00,39.07755424168372
2025-06-16 02:30:57.806502+00:00,39.077576738006165
2025-06-16 02:31:00.344314+00:00,39.083392967148505
2025-06-16 02:31:01.174356+00:00,39.09506995577102
2025-06-16 02:31:02.287058+00:00,39.07753173462519
2025-06-16 02:31:04.264532+00:00,39.08916444994363
2025-06-16 02:31:11.489196+00:00,39.07755424168372
2025-06-16 02:31:12.016367+00:00,39.07176049896404
2025-06-16 02:31:12.671162+00:00,39.07176049896404
2025-06-16 02:31:13.302565+00:00,39.07176049896404
2025-06-16 02:31:14.123868+00:00,39.06589897970574
2025-06-16 02:31:16.928059+00:00,39.06589897970574
2025-06-16 02:31:18.896203+00:00,39.071783051284086
2025-06-16 02:31:21.801207+00:00,39.066012074975646
2025-06-16 02:31:22.050983+00:00,39.071895651842794
2025-06-16 02:31:23.517208+00:00,39.06010529465608
2025-06-16 02:31:23.942301+00:00,39.04844977307469
2025-06-16 02:31:24.201869+00:00,39.04265625852823
2025-06-16 02:31:24.525151+00:00,39.07171536211559
2025-06-16 02:31:24.808579+00:00,39.03681691915272
2025-06-16 02:31:25.476697+00:00,39.06010529465608
2025-06-16 02:31:25.852509+00:00,39.06008258739564
2025-06-16 02:31:26.116578+00:00,39.06010529465608
2025-06-16 02:31:26.369608+00:00,39.042633351063834
2025-06-16 02:31:26.588259+00:00,39.054266185185284
2025-06-16 02:31:29.149141+00:00,39.07755424168372
2025-06-16 02:31:29.965002+00:00,39.083392967148505
2025-06-16 02:31:31.764766+00:00,39.089209186391045
2025-06-16 02:31:32.162441+00:00,39.09498079275247
2025-06-16 02:31:32.807809+00:00,39.095003099611134
2025-06-16 02:31:35.107951+00:00,39.106635622062626
2025-06-16 02:31:38.293060+00:00,39.11249604955217
2025-06-16 02:31:38.754642+00:00,39.10661344866941
2025-06-16 02:31:39.171258+00:00,39.129878641700266
2025-06-16 02:31:39.615990+00:00,39.10661344866941
2025-06-16 02:31:41.760874+00:00,39.11240764438071
2025-06-16 02:31:42.074848+00:00,39.1008193657869
2025-06-16 02:31:42.260460+00:00,39.106591264540214
2025-06-16 02:31:42.646425+00:00,39.11824606498534
2025-06-16 02:31:45.733688+00:00,39.13571675494094
2025-06-16 02:31:47.917909+00:00,39.14734913879208
2025-06-16 02:31:49.630113+00:00,39.14155471408303
2025-06-16 02:31:50.208838+00:00,39.15904613705843
2025-06-16 02:31:50.773296+00:00,39.15314367632709
2025-06-16 02:31:51.092865+00:00,39.15318694467236
2025-06-16 02:31:53.240075+00:00,39.13571675494094
2025-06-16 02:31:54.704050+00:00,39.14155471408303
2025-06-16 02:31:55.998376+00:00,39.1299224438945
2025-06-16 02:31:57.696366+00:00,39.1299224438945
2025-06-16 02:31:58.697844+00:00,39.112429761777506
2025-06-16 02:32:03.283794+00:00,39.10665778471988
2025-06-16 02:32:04.844564+00:00,39.106635622062626
2025-06-16 02:32:06.540790+00:00,39.118290134106786
2025-06-16 02:32:07.777834+00:00,39.11831215256362
2025-06-16 02:32:09.543745+00:00,39.10084159517673
2025-06-16 02:32:10.062894+00:00,39.11247396436324
2025-06-16 02:32:10.521193+00:00,39.112429761777506
2025-06-16 02:32:12.211208+00:00,39.106702077826455
2025-06-16 02:32:15.107225+00:00,39.100886021748416
2025-06-16 02:32:18.712540+00:00,39.106702077826455
2025-06-16 02:32:21.155989+00:00,39.11245186843834
2025-06-16 02:32:22.482710+00:00,39.10084159517673
2025-06-16 02:32:25.415142+00:00,39.095025395733785
2025-06-16 02:32:27.114755+00:00,39.106702077826455
2025-06-16 02:32:28.273757+00:00,39.089253879894294
2025-06-16 02:32:28.581181+00:00,39.106635622062626
2025-06-16 02:32:30.222928+00:00,39.07180559286803
2025-06-16 02:32:33.085930+00:00,39.083392967148505
2025-06-16 02:32:34.865257+00:00,39.077576738006165
2025-06-16 02:32:35.974708+00:00,39.077576738006165
2025-06-16 02:32:36.226098+00:00,39.07171536211559
2025-06-16 02:32:36.777476+00:00,39.07753173462519
2025-06-16 02:32:37.370966+00:00,39.06010529465608
2025-06-16 02:32:40.932341+00:00,39.06005986939904
2025-06-16 02:32:41.717577+00:00,39.07171536211559
2025-06-16 02:32:41.899984+00:00,39.0716701823227
2025-06-16 02:32:42.637190+00:00,39.06005986939904
2025-06-16 02:32:43.471492+00:00,39.04844977307469
2025-06-16 02:32:44.657740+00:00,39.04844977307469
2025-06-16 02:32:46.216388+00:00,39.06010529465608
2025-06-16 02:32:47.461915+00:00,39.07171536211559
2025-06-16 02:32:48.255342+00:00,39.07171536211559
2025-06-16 02:32:48.869831+00:00,39.04844977307469
2025-06-16 02:32:49.309690+00:00,39.054266185185284
2025-06-16 02:32:50.114019+00:00,39.06008258739564
2025-06-16 02:32:51.585224+00:00,39.048426921608964
2025-06-16 02:32:51.919253+00:00,39.05422060498701
2025-06-16 02:32:52.107185+00:00,39.07164757632208
2025-06-16 02:32:52.480683+00:00,39.04840405940703
2025-06-16 02:32:53.021255+00:00,39.04256456425326
2025-06-16 02:32:54.836364+00:00,39.0659442500221
2025-06-16 02:32:57.215570+00:00,39.05424340045424
2025-06-16 02:32:58.905394+00:00,39.07173793590787
2025-06-16 02:32:59.675362+00:00,39.07171536211559
2025-06-16 02:33:01.024090+00:00,39.06005986939904
2025-06-16 02:33:02.011383+00:00,39.0716927775872
2025-06-16 02:33:02.705243+00:00,39.06008258739564
2025-06-16 02:33:03.343449+00:00,39.06589897970574
2025-06-16 02:33:04.608730+00:00,39.06008258739564
2025-06-16 02:33:06.462715+00:00,39.054266185185284
2025-06-16 02:33:07.109078+00:00,39.0716927775872
2025-06-16 02:33:12.082158+00:00,39.048426921608964
2025-06-16 02:33:16.863561+00:00,39.06592162023199
2025-06-16 02:33:17.883658+00:00,39.04267915525641
2025-06-16 02:33:18.380522+00:00,39.07176049896404
2025-06-16 02:33:18.797424+00:00,39.07173793590787
2025-06-16 02:33:20.411266+00:00,39.0659442500221
2025-06-16 02:33:21.364532+00:00,39.07171536211559
2025-06-16 02:33:22.609924+00:00,39.07176049896404
2025-06-16 02:33:22.820463+00:00,39.054288959180155
2025-06-16 02:33:23.028105+00:00,39.07171536211559
2025-06-16 02:33:23.213428+00:00,39.07171536211559
2025-06-16 02:33:23.496018+00:00,39.06592162023199
2025-06-16 02:33:23.814550+00:00,39.07171536211559
2025-06-16 02:33:24.056565+00:00,39.08337053755955
2025-06-16 02:33:26.779396+00:00,39.08918682353536
2025-06-16 02:33:27.547512+00:00,39.077576738006165
2025-06-16 02:33:27.782652+00:00,39.07171536211559
2025-06-16 02:33:29.161437+00:00,39.08337053755955
2025-06-16 02:33:30.568419+00:00,39.08343779411821
2025-06-16 02:33:35.428592+00:00,39.083348097234534
2025-06-16 02:33:36.439194+00:00,39.089209186391045
2025-06-16 02:33:38.072401+00:00,39.083348097234534
2025-06-16 02:33:39.839386+00:00,39.07753173462519
2025-06-16 02:33:41.837966+00:00,39.09498079275247
2025-06-16 02:33:44.997339+00:00,39.083392967148505
2025-06-16 02:33:47.201091+00:00,39.08916444994363
2025-06-16 02:33:49.674801+00:00,39.100797125661074
2025-06-16 02:33:53.863600+00:00,39.083348097234534
2025-06-16 02:33:54.162582+00:00,39.095003099611134
2025-06-16 02:33:54.447330+00:00,39.0659442500221
2025-06-16 02:33:54.714542+00:00,39.089209186391045
2025-06-16 02:33:55.256038+00:00,39.07176049896404
2025-06-16 02:33:55.812396+00:00,39.06012799118038
2025-06-16 02:33:57.018718+00:00,39.07755424168372
2025-06-16 02:33:59.068256+00:00,39.095025395733785
2025-06-16 02:34:02.736552+00:00,39.08918682353536
2025-06-16 02:34:03.341396+00:00,39.1008193657869
2025-06-16 02:34:07.709044+00:00,39.10661344866941
2025-06-16 02:34:08.994592+00:00,39.1008193657869
2025-06-16 02:34:12.198042+00:00,39.106635622062626
2025-06-16 02:34:15.133536+00:00,39.08337053755955
2025-06-16 02:34:17.135040+00:00,39.09506995577102
2025-06-16 02:34:20.061848+00:00,39.095025395733785
2025-06-16 02:34:20.814774+00:00,39.095025395733785
2025-06-16 02:34:21.422580+00:00,39.106635622062626
2025-06-16 02:34:23.855440+00:00,39.12412824567549
2025-06-16 02:34:25.442095+00:00,39.095025395733785
2025-06-16 02:34:25.885743+00:00,39.118290134106786
2025-06-16 02:34:26.087064+00:00,39.10084159517673
2025-06-16 02:34:27.613036+00:00,39.10086381383057
2025-06-16 02:34:28.352033+00:00,39.10667993664116
2025-06-16 02:34:29.838570+00:00,39.077576738006165
2025-06-16 02:34:32.628718+00:00,39.10665778471988
2025-06-16 02:34:34.505500+00:00,39.09506995577102
2025-06-16 02:34:35.511969+00:00,39.10084159517673
2025-06-16 02:34:35.841230+00:00,39.118290134106786
2025-06-16 02:34:36.964357+00:00,39.106702077826455
2025-06-16 02:34:38.937433+00:00,39.083392967148505
2025-06-16 02:34:39.873980+00:00,39.0892985304534
2025-06-16 02:34:40.312447+00:00,39.083392967148505
2025-06-16 02:34:40.760430+00:00,39.0776216984428
2025-06-16 02:34:41.151708+00:00,39.08343779411821
2025-06-16 02:34:41.563425+00:00,39.08343779411821
2025-06-16 02:34:41.788568+00:00,39.07766661593511
2025-06-16 02:34:42.172199+00:00,39.08343779411821
2025-06-16 02:34:42.421700+00:00,39.06019601633631
2025-06-16 02:34:43.513886+00:00,39.0776216984428
2025-06-16 02:34:43.928437+00:00,39.07753173462519
2025-06-16 02:34:44.396343+00:00,39.095025395733785
2025-06-16 02:34:44.754370+00:00,39.083392967148505
2025-06-16 02:34:46.033426+00:00,39.10665778471988
2025-06-16 02:34:49.624177+00:00,39.077576738006165
2025-06-16 02:34:50.018860+00:00,39.06592162023199
2025-06-16 02:34:50.342879+00:00,39.07173793590787
2025-06-16 02:34:51.054539+00:00,39.0659442500221
2025-06-16 02:34:51.321326+00:00,39.06592162023199
2025-06-16 02:34:51.515808+00:00,39.07755424168372
2025-06-16 02:34:51.924339+00:00,39.083348097234534
2025-06-16 02:34:52.592961+00:00,39.083348097234534
2025-06-16 02:34:52.779226+00:00,39.07176049896404
2025-06-16 02:34:54.346756+00:00,39.095025395733785
2025-06-16 02:34:56.845793+00:00,39.07173793590787
2025-06-16 02:34:57.437149+00:00,39.06589897970574
2025-06-16 02:35:00.765733+00:00,39.06592162023199
2025-06-16 02:35:01.948349+00:00,39.07173793590787
2025-06-16 02:35:04.706151+00:00,39.054288959180155
2025-06-16 02:35:06.147132+00:00,39.06589897970574
2025-06-16 02:35:07.156355+00:00,39.054266185185284
2025-06-16 02:35:08.466820+00:00,39.06010529465608
2025-06-16 02:35:10.762031+00:00,39.0776216984428
2025-06-16 02:35:20.128714+00:00,39.065989477393934
2025-06-16 02:35:21.441156+00:00,39.07173793590787
2025-06-16 02:35:25.365250+00:00,39.04844977307469
2025-06-16 02:35:29.014326+00:00,39.07176049896404
2025-06-16 02:35:29.438384+00:00,39.07182812371588
2025-06-16 02:35:30.890792+00:00,39.077576738006165
2025-06-16 02:35:31.239753+00:00,39.083392967148505
2025-06-16 02:35:31.877044+00:00,39.077576738006165
2025-06-16 02:35:34.581415+00:00,39.04856386936028
2025-06-16 02:35:41.494830+00:00,39.07766661593511
2025-06-16 02:35:44.716335+00:00,39.08348257814369
2025-06-16 02:35:47.615682+00:00,39.09506995577102
2025-06-16 02:35:50.786798+00:00,39.0893208396289
2025-06-16 02:35:51.745323+00:00,39.0892985304534
2025-06-16 02:35:52.220751+00:00,39.10674632798917
2025-06-16 02:35:52.935670+00:00,39.10093040537613
2025-06-16 02:35:53.577962+00:00,39.11256224070332
2025-06-16 02:35:55.761433+00:00,39.11254018772221
2025-06-16 02:35:57.098137+00:00,39.11837814351857
2025-06-16 02:35:57.656958+00:00,39.10679053520802
2025-06-16 02:35:58.519784+00:00,39.13586933247208
2025-06-16 02:35:59.012511+00:00,39.09511447286421
2025-06-16 02:35:59.720395+00:00,39.13009722323639
2025-06-16 02:36:00.956596+00:00,39.13005359281614
2025-06-16 02:36:08.397538+00:00,39.106768436966576
2025-06-16 02:36:09.737117+00:00,39.11258428294848
2025-06-16 02:36:11.822226+00:00,39.09511447286421
2025-06-16 02:36:20.819910+00:00,39.08348257814369
2025-06-16 02:36:23.166155+00:00,39.09515894701335
2025-06-16 02:36:23.568061+00:00,39.07766661593511
2025-06-16 02:36:23.978730+00:00,39.100908218930265
2025-06-16 02:36:26.861545+00:00,39.0892985304534
2025-06-16 02:36:27.103773+00:00,39.0892985304534
2025-06-16 02:36:27.497665+00:00,39.0892985304534
2025-06-16 02:36:28.174877+00:00,39.08357201736199
2025-06-16 02:36:29.199201+00:00,39.09515894701335
2025-06-16 02:36:34.449282+00:00,39.10674632798917
2025-06-16 02:36:34.651718+00:00,39.08348257814369
2025-06-16 02:36:35.834994+00:00,39.09513671530678
2025-06-16 02:36:36.446165+00:00,39.09511447286421
2025-06-16 02:36:36.878799+00:00,39.083460191498986
2025-06-16 02:36:37.065358+00:00,39.07766661593511
2025-06-16 02:36:38.392733+00:00,39.07768905857713
2025-06-16 02:36:39.420879+00:00,39.06605723793072
2025-06-16 02:36:39.660657+00:00,39.06603466182125
2025-06-16 02:36:40.465834+00:00,39.083504954052344
2025-06-16 02:36:42.944489+00:00,39.0893208396289
2025-06-16 02:36:44.428900+00:00,39.10095258108601
2025-06-16 02:36:44.727189+00:00,39.09511447286421
2025-06-16 02:36:44.979423+00:00,39.083460191498986
2025-06-16 02:36:48.680398+00:00,39.089343138068365
2025-06-16 02:36:55.536896+00:00,39.071850643827624
2025-06-16 02:36:56.228302+00:00,39.089343138068365
2025-06-16 02:36:57.255993+00:00,39.09515894701335
2025-06-16 02:36:57.491136+00:00,39.10674632798917
2025-06-16 02:36:59.111841+00:00,39.10095258108601
2025-06-16 02:37:02.907015+00:00,39.11258428294848
2025-06-16 02:37:08.559177+00:00,39.071873153203256
2025-06-16 02:37:09.115054+00:00,39.08352731922494
2025-06-16 02:37:09.479299+00:00,39.10095258108601
2025-06-16 02:37:13.147627+00:00,39.10093040537613
2025-06-16 02:37:13.623036+00:00,39.100886021748416
2025-06-16 02:37:14.486694+00:00,39.100974746059904
2025-06-16 02:37:23.108233+00:00,39.07766661593511
2025-06-16 02:37:23.411726+00:00,39.08348257814369
2025-06-16 02:37:23.902718+00:00,39.083460191498986
2025-06-16 02:37:24.905756+00:00,39.083504954052344
2025-06-16 02:37:25.610348+00:00,39.08348257814369
2025-06-16 02:37:27.643475+00:00,39.10674632798917
2025-06-16 02:37:28.076312+00:00,39.077644162556986
2025-06-16 02:37:29.987805+00:00,39.07182812371588
2025-06-16 02:37:30.346474+00:00,39.07766661593511
2025-06-16 02:37:30.686334+00:00,39.083460191498986
2025-06-16 02:37:31.063665+00:00,39.09506995577102
2025-06-16 02:37:31.629118+00:00,39.08348257814369
2025-06-16 02:37:32.029722+00:00,39.071850643827624
2025-06-16 02:37:33.299815+00:00,39.07182812371588
2025-06-16 02:37:34.072384+00:00,39.08927621054186
2025-06-16 02:37:38.327023+00:00,39.09504768112041
2025-06-16 02:37:40.717105+00:00,39.0892985304534
2025-06-16 02:37:41.210369+00:00,39.083460191498986
2025-06-16 02:37:42.856015+00:00,39.08348257814369
2025-06-16 02:37:45.764875+00:00,39.08348257814369
2025-06-16 02:37:48.931045+00:00,39.08348257814369
2025-06-16 02:37:49.326524+00:00,39.0892985304534
2025-06-16 02:37:50.009411+00:00,39.08927621054186
2025-06-16 02:37:50.859046+00:00,39.09506995577102
2025-06-16 02:37:52.210468+00:00,39.083504954052344
2025-06-16 02:37:55.215589+00:00,39.100908218930265
2025-06-16 02:37:56.134729+00:00,39.07180559286803
2025-06-16 02:37:57.170312+00:00,39.0776216984428
2025-06-16 02:37:58.207900+00:00,39.08927621054186
2025-06-16 02:37:58.951825+00:00,39.0776216984428
2025-06-16 02:37:59.501464+00:00,39.05442537768966
2025-06-16 02:38:04.311669+00:00,39.07768905857713
2025-06-16 02:38:07.198713+00:00,39.06019601633631
2025-06-16 02:38:10.702183+00:00,39.05449344200611
2025-06-16 02:38:13.821189+00:00,39.066012074975646
2025-06-16 02:38:14.450710+00:00,39.07766661593511
2025-06-16 02:38:14.642066+00:00,39.048541071575556
2025-06-16 02:38:16.202970+00:00,39.077644162556986
2025-06-16 02:38:23.167347+00:00,39.083460191498986
2025-06-16 02:38:23.384085+00:00,39.071850643827624
2025-06-16 02:38:23.578215+00:00,39.08348257814369
2025-06-16 02:38:23.801583+00:00,39.083392967148505
2025-06-16 02:38:24.119344+00:00,39.089253879894294
2025-06-16 02:38:24.293871+00:00,39.083392967148505
2025-06-16 02:38:24.524989+00:00,39.10672420827579
2025-06-16 02:38:26.885695+00:00,39.09511447286421
2025-06-16 02:38:29.248471+00:00,39.09511447286421
2025-06-16 02:38:30.349304+00:00,39.08927621054186
2025-06-16 02:38:31.922707+00:00,39.083504954052344
2025-06-16 02:38:34.604163+00:00,39.06021866991599
2025-06-16 02:38:36.124924+00:00,39.071850643827624
2025-06-16 02:38:37.330209+00:00,39.071850643827624
2025-06-16 02:38:37.789680+00:00,39.08348257814369
2025-06-16 02:38:39.757205+00:00,39.066012074975646
2025-06-16 02:38:40.640387+00:00,39.08348257814369
2025-06-16 02:38:40.948309+00:00,39.05435721674768
2025-06-16 02:38:41.215727+00:00,39.0485866564088
2025-06-16 02:38:41.589459+00:00,39.065989477393934
2025-06-16 02:38:41.773908+00:00,39.08343779411821
2025-06-16 02:38:41.964028+00:00,39.06603466182125
2025-06-16 02:38:42.158132+00:00,39.065989477393934
2025-06-16 02:38:42.357775+00:00,39.08343779411821
2025-06-16 02:38:42.575794+00:00,39.06019601633631
2025-06-16 02:38:42.876662+00:00,39.07759922359253
2025-06-16 02:38:44.046833+00:00,39.06021866991599
2025-06-16 02:38:44.851172+00:00,39.06603466182125
2025-06-16 02:38:46.474748+00:00,39.06605723793072
2025-06-16 02:38:48.018378+00:00,39.08348257814369
2025-06-16 02:38:49.202373+00:00,39.08348257814369
2025-06-16 02:38:50.568588+00:00,39.07771149048308
2025-06-16 02:38:50.784667+00:00,39.06603466182125
2025-06-16 02:38:51.620140+00:00,39.07771149048308
2025-06-16 02:38:52.004267+00:00,39.071895651842794
2025-06-16 02:38:52.395971+00:00,39.06603466182125
2025-06-16 02:38:52.930530+00:00,39.04277063480688
2025-06-16 02:38:55.154777+00:00,39.083460191498986
2025-06-16 02:38:55.773884+00:00,39.07766661593511
2025-06-16 02:38:56.162932+00:00,39.07766661593511
2025-06-16 02:38:57.810531+00:00,39.071850643827624
2025-06-16 02:38:58.173203+00:00,39.06019601633631
2025-06-16 02:39:00.125795+00:00,39.06019601633631
2025-06-16 02:39:00.967965+00:00,39.0834153860014
2025-06-16 02:39:03.829950+00:00,39.04272491650408
2025-06-16 02:39:08.321246+00:00,39.07176049896404
2025-06-16 02:39:14.144085+00:00,39.03681691915272
2025-06-16 02:39:14.341495+00:00,39.054288959180155
2025-06-16 02:39:14.741776+00:00,39.054288959180155
2025-06-16 02:39:24.249761+00:00,39.03102351827621
2025-06-16 02:39:25.061545+00:00,39.03118450420457
2025-06-16 02:39:26.310860+00:00,39.02523023023426
2025-06-16 02:39:26.798637+00:00,39.02523023023426
2025-06-16 02:39:27.109156+00:00,39.01939073842408
2025-06-16 02:39:28.705239+00:00,39.02520713330016
2025-06-16 02:39:29.450115+00:00,39.00778121611394
2025-06-16 02:39:32.401351+00:00,39.01941390209395
2025-06-16 02:39:33.353163+00:00,39.03109257666309
2025-06-16 02:39:33.859010+00:00,39.02525331643208
2025-06-16 02:39:35.981985+00:00,39.042747781023586
2025-06-16 02:39:36.782159+00:00,39.04870043060857
2025-06-16 02:39:37.739903+00:00,39.06019601633631
2025-06-16 02:39:39.325056+00:00,39.06019601633631
2025-06-16 02:39:39.920055+00:00,39.04856386936028
2025-06-16 02:39:40.448942+00:00,39.048541071575556
2025-06-16 02:39:42.980878+00:00,39.042747781023586
2025-06-16 02:39:44.428667+00:00,39.03113856190636
2025-06-16 02:39:44.686052+00:00,39.036954603306064
2025-06-16 02:39:44.937748+00:00,39.04856386936028
2025-06-16 02:39:46.169177+00:00,39.04849544379753
2025-06-16 02:39:49.388334+00:00,39.04856386936028
2025-06-16 02:39:51.357884+00:00,39.0485866564088
2025-06-16 02:39:53.216309+00:00,39.04856386936028
2025-06-16 02:39:58.700763+00:00,39.0485866564088
2025-06-16 02:39:59.624555+00:00,39.042747781023586
2025-06-16 02:40:01.598923+00:00,39.01950644941028
2025-06-16 02:40:02.731479+00:00,39.042747781023586
2025-06-16 02:40:03.171839+00:00,39.036931682787774
2025-06-16 02:40:09.838739+00:00,39.06021866991599
2025-06-16 02:40:14.829926+00:00,39.036954603306064
2025-06-16 02:40:15.414653+00:00,39.04277063480688
2025-06-16 02:40:16.010492+00:00,39.054379947797855
2025-06-16 02:40:19.316955+00:00,39.0485866564088
2025-06-16 02:40:22.848255+00:00,39.036931682787774
2025-06-16 02:40:27.580264+00:00,39.025345553860426
2025-06-16 02:40:28.539743+00:00,39.04863219829727
2025-06-16 02:40:29.793106+00:00,39.05442537768966
2025-06-16 02:40:31.487403+00:00,39.0544480765313
2025-06-16 02:40:37.052950+00:00,39.05440266811184
2025-06-16 02:40:37.892007+00:00,39.05440266811184
2025-06-16 02:40:38.880390+00:00,39.05442537768966
2025-06-16 02:40:44.827398+00:00,39.0485866564088
2025-06-16 02:40:45.428318+00:00,39.071895651842794
2025-06-16 02:40:47.878433+00:00,39.06607980330406
2025-06-16 02:40:51.164839+00:00,39.04863219829727
2025-06-16 02:40:54.020559+00:00,39.05447076463679
2025-06-16 02:40:55.932286+00:00,39.08354967366149
2025-06-16 02:40:58.750484+00:00,39.07194061691358
2025-06-16 02:40:59.415918+00:00,39.08354967366149
2025-06-16 02:41:00.833530+00:00,39.08354967366149
2025-06-16 02:41:12.083288+00:00,39.071895651842794
2025-06-16 02:41:12.524086+00:00,39.08361667255485
2025-06-16 02:41:12.940308+00:00,39.07773391165296
2025-06-16 02:41:13.600747+00:00,39.08352731922494
2025-06-16 02:41:14.663374+00:00,39.0893654257718
2025-06-16 02:41:15.807248+00:00,39.089343138068365
2025-06-16 02:41:18.824446+00:00,39.07775632208677
2025-06-16 02:41:20.980672+00:00,39.09520337821847
2025-06-16 02:41:22.433268+00:00,39.095247766479595
2025-06-16 02:41:23.018418+00:00,39.08357201736199
2025-06-16 02:41:24.441766+00:00,39.08943222446598
2025-06-16 02:41:27.818725+00:00,39.08361667255485
2025-06-16 02:41:36.866173+00:00,39.095247766479595
2025-06-16 02:41:37.082545+00:00,39.101019043799745
2025-06-16 02:41:37.259230+00:00,39.09522557771703
2025-06-16 02:41:37.435481+00:00,39.101019043799745
2025-06-16 02:41:37.753900+00:00,39.10683469948304
2025-06-16 02:41:38.007733+00:00,39.1010411765657
2025-06-16 02:41:38.295282+00:00,39.089387702739224
2025-06-16 02:41:38.499305+00:00,39.10687882081423
2025-06-16 02:41:38.713141+00:00,39.11846598115567
2025-06-16 02:41:39.248782+00:00,39.11269433313525
2025-06-16 02:41:41.541424+00:00,39.10687882081423
2025-06-16 02:41:42.918012+00:00,39.11273827805845
2025-06-16 02:41:47.432446+00:00,39.11848791372517
2025-06-16 02:41:51.658582+00:00,39.11273827805845
2025-06-16 02:41:53.087449+00:00,39.118509835558754
2025-06-16 02:41:53.287819+00:00,39.13014081071318
2025-06-16 02:41:53.495944+00:00,39.12434717245076
2025-06-16 02:41:53.689062+00:00,39.11853174665644
2025-06-16 02:41:53.989510+00:00,39.12434717245076
2025-06-16 02:41:54.366988+00:00,39.08943222446598
2025-06-16 02:41:55.286176+00:00,39.112716310964814
2025-06-16 02:41:56.858580+00:00,39.130184355246534
2025-06-16 02:41:57.750462+00:00,39.130184355246534
2025-06-16 02:41:58.482664+00:00,39.106922899201614
2025-06-16 02:41:59.657696+00:00,39.11855364701822
2025-06-16 02:42:02.727108+00:00,39.130184355246534
2025-06-16 02:42:09.395375+00:00,39.11269433313525
2025-06-16 02:42:10.880147+00:00,39.09522557771703
2025-06-16 02:42:17.857398+00:00,39.095247766479595
2025-06-16 02:42:19.661958+00:00,39.1069008653759
2025-06-16 02:42:21.048585+00:00,39.11853174665644
2025-06-16 02:42:21.984953+00:00,39.11848791372517
2025-06-16 02:42:22.220128+00:00,39.12432532808473
2025-06-16 02:42:22.480467+00:00,39.124303472982824
2025-06-16 02:42:23.588911+00:00,39.118509835558754
2025-06-16 02:42:24.459280+00:00,39.12432532808473
2025-06-16 02:42:25.187817+00:00,39.1010411765657
2025-06-16 02:42:26.531674+00:00,39.12432532808473
2025-06-16 02:42:27.225693+00:00,39.124303472982824
2025-06-16 02:42:33.876722+00:00,39.12434717245076
2025-06-16 02:42:34.948143+00:00,39.13009722323639
2025-06-16 02:42:35.626536+00:00,39.141771746277485
2025-06-16 02:42:35.908791+00:00,39.13591282942978
2025-06-16 02:42:37.932022+00:00,39.1650334986358
2025-06-16 02:42:41.555660+00:00,39.12434717245076
2025-06-16 02:42:45.018667+00:00,39.11846598115567
2025-06-16 02:42:45.919455+00:00,39.118509835558754
2025-06-16 02:42:48.310844+00:00,39.11269433313525
2025-06-16 02:42:49.281689+00:00,39.12432532808473
2025-06-16 02:42:49.965932+00:00,39.12434717245076
2025-06-16 02:42:50.776837+00:00,39.141771746277485
2025-06-16 02:42:51.431236+00:00,39.13014081071318
2025-06-16 02:42:51.670727+00:00,39.13014081071318
2025-06-16 02:42:52.767285+00:00,39.141771746277485
2025-06-16 02:42:53.174522+00:00,39.12432532808473
2025-06-16 02:42:53.898059+00:00,39.13014081071318
2025-06-16 02:42:57.353280+00:00,39.13593456180485
2025-06-16 02:43:01.338960+00:00,39.09522557771703
2025-06-16 02:43:05.130409+00:00,39.11853174665644
2025-06-16 02:43:08.001358+00:00,39.10685676551661
2025-06-16 02:43:09.003528+00:00,39.1069008653759
2025-06-16 02:43:12.806486+00:00,39.089409968970614
2025-06-16 02:43:13.554959+00:00,39.10108540988968
2025-06-16 02:43:13.995075+00:00,39.10685676551661
2025-06-16 02:43:14.353513+00:00,39.11853174665644
2025-06-16 02:43:16.321011+00:00,39.10687882081423
2025-06-16 02:43:18.537474+00:00,39.12434717245076
2025-06-16 02:43:20.394940+00:00,39.11269433313525
2025-06-16 02:43:20.771192+00:00,39.118509835558754
2025-06-16 02:43:21.021697+00:00,39.11848791372517
2025-06-16 02:43:21.264446+00:00,39.08357201736199
2025-06-16 02:43:21.506589+00:00,39.10683469948304
2025-06-16 02:43:23.304973+00:00,39.1069008653759
2025-06-16 02:43:25.379068+00:00,39.10106329859567
2025-06-16 02:43:26.845626+00:00,39.11848791372517
2025-06-16 02:43:28.299700+00:00,39.11846598115567
2025-06-16 02:43:29.371994+00:00,39.095247766479595
2025-06-16 02:43:30.058569+00:00,39.10108540988968
2025-06-16 02:43:32.724712+00:00,39.11848791372517
2025-06-16 02:43:38.727818+00:00,39.11848791372517
2025-06-16 02:43:40.471097+00:00,39.11846598115567
2025-06-16 02:43:40.704595+00:00,39.12425973057133
2025-06-16 02:43:40.938896+00:00,39.106812622713505
2025-06-16 02:43:41.390399+00:00,39.101019043799745
2025-06-16 02:43:42.056053+00:00,39.10683469948304
2025-06-16 02:43:44.464905+00:00,39.10106329859567
2025-06-16 02:43:44.854577+00:00,39.089409968970614
2025-06-16 02:43:45.105547+00:00,39.10683469948304
2025-06-16 02:43:45.469332+00:00,39.089409968970614
2025-06-16 02:43:45.850594+00:00,39.08943222446598
2025-06-16 02:43:48.369800+00:00,39.10106329859567
2025-06-16 02:43:48.819031+00:00,39.11265034526834
2025-06-16 02:43:49.012432+00:00,39.1010411765657
2025-06-16 02:43:50.964347+00:00,39.095247766479595
2025-06-16 02:43:51.295340+00:00,39.10685676551661
2025-06-16 02:43:51.527412+00:00,39.10683469948304
2025-06-16 02:43:53.508796+00:00,39.095247766479595
2025-06-16 02:43:53.865865+00:00,39.101019043799745
2025-06-16 02:43:54.451023+00:00,39.10683469948304
2025-06-16 02:43:54.846053+00:00,39.09518116798392
2025-06-16 02:43:56.646517+00:00,39.11848791372517
2025-06-16 02:43:56.936336+00:00,39.10685676551661
2025-06-16 02:43:58.790259+00:00,39.13011902234271
2025-06-16 02:43:59.749053+00:00,39.101019043799745
2025-06-16 02:44:01.170042+00:00,39.089387702739224
2025-06-16 02:44:01.706310+00:00,39.089387702739224
2025-06-16 02:44:03.302053+00:00,39.1010411765657
2025-06-16 02:44:04.612323+00:00,39.09520337821847
2025-06-16 02:44:05.420889+00:00,39.10685676551661
2025-06-16 02:44:08.236758+00:00,39.10685676551661
2025-06-16 02:44:08.667070+00:00,39.09520337821847
2025-06-16 02:44:12.564637+00:00,39.089409968970614
2025-06-16 02:44:14.252040+00:00,39.10685676551661
2025-06-16 02:44:14.578635+00:00,39.09515894701335
2025-06-16 02:44:20.072982+00:00,39.071895651842794
2025-06-16 02:44:20.621637+00:00,39.07773391165296
2025-06-16 02:44:20.774417+00:00,39.0602639448669
2025-06-16 02:44:21.076817+00:00,39.071850643827624
2025-06-16 02:44:24.501901+00:00,39.0544480765313
2025-06-16 02:44:25.446109+00:00,39.0544480765313
2025-06-16 02:44:25.996055+00:00,39.05442537768966
2025-06-16 02:44:26.305718+00:00,39.071873153203256
2025-06-16 02:44:26.574392+00:00,39.0602639448669
2025-06-16 02:44:28.078981+00:00,39.06607980330406
2025-06-16 02:44:29.902745+00:00,39.0370004121339
2025-06-16 02:44:30.587453+00:00,39.04281631016481
2025-06-16 02:44:31.978132+00:00,39.019483328685666
2025-06-16 02:44:33.794771+00:00,39.01369037831391
2025-06-16 02:44:34.312061+00:00,39.036931682787774
2025-06-16 02:44:34.952504+00:00,39.002034885491504
2025-06-16 02:44:35.679250+00:00,39.01364399265655
2025-06-16 02:44:36.464871+00:00,39.03113856190636
2025-06-16 02:44:37.158704+00:00,39.013713555038095
2025-06-16 02:44:41.790675+00:00,39.042747781023586
2025-06-16 02:44:42.029285+00:00,39.04856386936028
2025-06-16 02:44:43.420819+00:00,39.01955265865058
2025-06-16 02:44:45.180093+00:00,39.03111557465286
2025-06-16 02:44:47.983751+00:00,39.036931682787774
2025-06-16 02:44:48.453417+00:00,39.05442537768966
2025-06-16 02:44:49.638553+00:00,39.036977513088104
2025-06-16 02:44:50.767260+00:00,39.025322510607765
2025-06-16 02:44:51.164048+00:00,39.048609432721136
2025-06-16 02:44:52.011713+00:00,39.02529945661882
2025-06-16 02:44:55.296267+00:00,39.06024131275952
2025-06-16 02:44:55.546118+00:00,39.0485866564088
2025-06-16 02:44:55.931095+00:00,39.04277063480688
2025-06-16 02:44:56.163659+00:00,39.036977513088104
2025-06-16 02:44:56.413769+00:00,39.05442537768966
2025-06-16 02:45:02.269557+00:00,39.036977513088104
2025-06-16 02:45:04.260127+00:00,39.0253685863768
2025-06-16 02:45:05.484860+00:00,39.05442537768966
2025-06-16 02:45:06.244677+00:00,39.03118450420457
2025-06-16 02:45:06.728597+00:00,39.036954603306064
2025-06-16 02:45:07.115741+00:00,39.025322510607765
2025-06-16 02:45:10.784381+00:00,39.03118450420457
2025-06-16 02:45:11.274037+00:00,39.036931682787774
2025-06-16 02:45:11.725314+00:00,39.00787429731865
2025-06-16 02:45:15.752701+00:00,39.0544480765313
2025-06-16 02:45:16.311438+00:00,39.04277063480688
2025-06-16 02:45:19.685008+00:00,39.04277063480688
2025-06-16 02:45:21.652582+00:00,39.03704617801681
2025-06-16 02:45:24.754877+00:00,39.0253685863768
2025-06-16 02:45:25.150370+00:00,39.0544480765313
2025-06-16 02:45:25.899102+00:00,39.04865495313722
2025-06-16 02:45:28.121379+00:00,39.05449344200611
2025-06-16 02:45:28.891972+00:00,39.0602639448669
2025-06-16 02:45:40.613753+00:00,39.03123040355775
2025-06-16 02:45:44.203847+00:00,39.060309176873254
2025-06-16 02:45:44.598780+00:00,39.06607980330406
2025-06-16 02:45:49.176812+00:00,39.06028656623815
2025-06-16 02:45:49.516720+00:00,39.0544480765313
2025-06-16 02:45:50.028071+00:00,39.07191813974624
2025-06-16 02:45:52.503229+00:00,39.0544480765313
2025-06-16 02:45:53.544954+00:00,39.03702330044347
2025-06-16 02:45:55.292903+00:00,39.03120745924928
2025-06-16 02:45:55.659759+00:00,39.04865495313722
2025-06-16 02:45:57.119063+00:00,39.0079672067417
2025-06-16 02:45:57.988919+00:00,39.042861942577886
2025-06-16 02:46:00.136743+00:00,39.04865495313722
2025-06-16 02:46:03.619836+00:00,39.042861942577886
2025-06-16 02:46:04.333127+00:00,39.03702330044347
2025-06-16 02:46:04.617545+00:00,39.03702330044347
2025-06-16 02:46:04.920660+00:00,39.04863219829727
2025-06-16 02:46:05.340966+00:00,39.04863219829727
2025-06-16 02:46:05.749887+00:00,39.04281631016481
2025-06-16 02:46:06.121981+00:00,39.0370004121339
2025-06-16 02:46:08.416534+00:00,39.0370004121339
2025-06-16 02:46:10.366240+00:00,39.04283913173945
2025-06-16 02:46:11.062048+00:00,39.04281631016481
2025-06-16 02:46:11.702986+00:00,39.05442537768966
2025-06-16 02:46:12.287876+00:00,39.06024131275952
2025-06-16 02:46:12.867170+00:00,39.04281631016481
2025-06-16 02:46:16.750322+00:00,39.04865495313722
2025-06-16 02:46:20.123456+00:00,39.04867769724099
2025-06-16 02:46:22.454278+00:00,39.05447076463679
2025-06-16 02:46:26.279169+00:00,39.03118450420457
2025-06-16 02:46:29.554217+00:00,39.019575747166286
2025-06-16 02:46:29.769998+00:00,39.0370004121339
2025-06-16 02:46:30.820908+00:00,39.0370004121339
2025-06-16 02:46:31.460752+00:00,39.04863219829727
2025-06-16 02:46:31.808879+00:00,39.03118450420457
2025-06-16 02:46:32.368053+00:00,39.025345553860426
2025-06-16 02:46:32.812497+00:00,39.04863219829727
2025-06-16 02:46:33.200051+00:00,39.042861942577886
2025-06-16 02:46:37.551381+00:00,39.03704617801681
2025-06-16 02:46:40.315674+00:00,39.02541461920071
2025-06-16 02:46:40.688157+00:00,39.04865495313722
2025-06-16 02:46:41.290682+00:00,39.02539160815689
2025-06-16 02:46:44.555838+00:00,39.02539160815689
2025-06-16 02:46:44.829799+00:00,39.04867769724099
2025-06-16 02:46:46.107906+00:00,39.04865495313722
2025-06-16 02:46:46.475312+00:00,39.0602639448669
2025-06-16 02:46:48.157901+00:00,39.03120745924928
2025-06-16 02:46:49.741633+00:00,39.031161538423596
2025-06-16 02:46:50.702845+00:00,39.02541461920071
2025-06-16 02:46:52.014297+00:00,39.01373672102594
2025-06-16 02:46:52.659744+00:00,39.01950644941028
2025-06-16 02:46:55.038823+00:00,39.019575747166286
2025-06-16 02:46:56.561248+00:00,39.00208151662112
2025-06-16 02:46:57.818583+00:00,38.99628884876141
2025-06-16 02:46:58.020985+00:00,39.0020582064245
2025-06-16 02:46:58.347867+00:00,38.98460987434871
2025-06-16 02:46:59.584797+00:00,39.0020582064245
2025-06-16 02:47:00.949309+00:00,38.99044943860949
2025-06-16 02:47:03.666239+00:00,38.97879374385901
2025-06-16 02:47:05.272929+00:00,38.99624210563146
2025-06-16 02:47:06.417086+00:00,39.0136671908534
2025-06-16 02:47:16.040554+00:00,39.002034885491504
2025-06-16 02:47:19.841909+00:00,38.97288292057878
2025-06-16 02:47:20.893848+00:00,38.97288292057878
2025-06-16 02:47:22.114496+00:00,38.961226245162024
2025-06-16 02:47:23.258827+00:00,38.97288292057878
2025-06-16 02:47:24.492186+00:00,38.96711399973465
2025-06-16 02:47:25.747218+00:00,38.97288292057878
2025-06-16 02:47:26.157000+00:00,38.96125007620202
2025-06-16 02:47:29.331999+00:00,38.95540974138569
2025-06-16 02:47:30.214416+00:00,38.97293028349759
2025-06-16 02:47:33.859010+00:00,38.95548140251074
2025-06-16 02:47:34.351541+00:00,38.9670665033403
2025-06-16 02:47:39.212072+00:00,38.97869932791747
2025-06-16 02:47:42.280269+00:00,38.9555291229113
2025-06-16 02:47:47.864478+00:00,39.002011553822136
2025-06-16 02:47:50.267965+00:00,38.984586353205295
2025-06-16 02:47:50.659294+00:00,38.99619531955591
2025-06-16 02:47:51.334246+00:00,39.0020582064245
2025-06-16 02:47:57.177062+00:00,39.002034885491504
2025-06-16 02:47:58.196362+00:00,39.0136671908534
2025-06-16 02:48:00.614893+00:00,39.02529945661882
2025-06-16 02:48:06.382028+00:00,38.99626548256463
2025-06-16 02:48:12.236434+00:00,39.002034885491504
2025-06-16 02:48:12.892998+00:00,38.990402540533154
2025-06-16 02:48:17.388319+00:00,38.98456282132544
2025-06-16 02:48:22.102204+00:00,38.99624210563146
2025-06-16 02:48:23.095939+00:00,38.99624210563146
2025-06-16 02:48:23.984366+00:00,38.990425994939535
2025-06-16 02:48:28.053944+00:00,38.9670665033403
2025-06-16 02:48:28.418751+00:00,38.967137731827044
2025-06-16 02:48:28.866169+00:00,38.97295394885225
2025-06-16 02:48:29.130099+00:00,38.9670665033403
2025-06-16 02:48:31.640303+00:00,38.96716145318293
2025-06-16 02:48:34.542585+00:00,38.97295394885225
2025-06-16 02:48:36.823032+00:00,38.96711399973465
2025-06-16 02:48:38.916424+00:00,38.9555052680793
2025-06-16 02:48:41.702416+00:00,38.967137731827044
2025-06-16 02:48:42.212188+00:00,38.984586353205295
2025-06-16 02:48:43.064224+00:00,38.96711399973465
2025-06-16 02:48:50.156502+00:00,38.97874655736118
2025-06-16 02:48:50.963204+00:00,38.98460987434871
2025-06-16 02:48:51.206267+00:00,38.9555291229113
2025-06-16 02:48:51.655644+00:00,38.98460987434871
2025-06-16 02:48:51.973981+00:00,38.97295394885225
2025-06-16 02:48:52.202038+00:00,38.99621871796188
2025-06-16 02:48:56.418525+00:00,38.967137731827044
2025-06-16 02:48:58.591900+00:00,38.98460987434871
2025-06-16 02:48:59.845067+00:00,38.97300124735209
2025-06-16 02:49:01.721133+00:00,38.990425994939535
2025-06-16 02:49:04.887987+00:00,38.99624210563146
2025-06-16 02:49:05.202979+00:00,39.0136671908534
2025-06-16 02:49:05.473103+00:00,39.002034885491504
2025-06-16 02:49:05.866483+00:00,39.0020582064245
2025-06-16 02:49:06.629030+00:00,39.019529559398585
2025-06-16 02:49:07.336052+00:00,39.01369037831391
2025-06-16 02:49:07.828475+00:00,39.002034885491504
2025-06-16 02:49:11.760333+00:00,39.01373672102594
2025-06-16 02:49:12.529453+00:00,38.99044943860949
2025-06-16 02:49:14.992082+00:00,39.01955265865058
2025-06-16 02:49:17.778503+00:00,39.03118450420457
2025-06-16 02:49:20.130645+00:00,39.03123040355775
2025-06-16 02:49:24.098569+00:00,39.0253685863768
2025-06-16 02:49:26.316497+00:00,39.013759876277476
2025-06-16 02:49:28.140548+00:00,39.025345553860426
2025-06-16 02:49:30.412721+00:00,39.0253685863768
2025-06-16 02:49:32.173918+00:00,39.0253685863768
2025-06-16 02:49:32.835858+00:00,39.01373672102594
2025-06-16 02:49:33.319223+00:00,39.00208151662112
2025-06-16 02:49:33.839201+00:00,39.00787429731865
2025-06-16 02:49:34.090885+00:00,39.007851043122
2025-06-16 02:49:35.967840+00:00,39.007897540778934
2025-06-16 02:49:36.897566+00:00,38.99044943860949
2025-06-16 02:49:37.271579+00:00,38.97869932791747
2025-06-16 02:49:38.023317+00:00,38.990379075390344
2025-06-16 02:49:41.133324+00:00,38.99624210563146
2025-06-16 02:49:41.792551+00:00,38.99619531955591
2025-06-16 02:49:43.532673+00:00,38.990402540533154
2025-06-16 02:49:44.542555+00:00,39.002034885491504
2025-06-16 02:49:44.900335+00:00,39.002034885491504
2025-06-16 02:49:47.429093+00:00,38.990402540533154
2025-06-16 02:49:49.842712+00:00,38.990379075390344
2025-06-16 02:49:51.913743+00:00,38.990379075390344
2025-06-16 02:49:54.355689+00:00,38.97877015597833
2025-06-16 02:49:54.606498+00:00,38.990379075390344
2025-06-16 02:49:54.938983+00:00,38.98456282132544
2025-06-16 02:49:55.183204+00:00,38.97869932791747
2025-06-16 02:49:55.506377+00:00,38.97874655736118
2025-06-16 02:49:56.083682+00:00,38.97293028349759
2025-06-16 02:49:56.292327+00:00,38.99619531955591
2025-06-16 02:49:56.627963+00:00,38.97869932791747
2025-06-16 02:49:57.019450+00:00,38.98451572535636
2025-06-16 02:49:58.240205+00:00,38.97874655736118
2025-06-16 02:49:58.807522+00:00,38.967137731827044
2025-06-16 02:50:01.334825+00:00,38.97869932791747
2025-06-16 02:50:01.748137+00:00,38.967137731827044
2025-06-16 02:50:02.144520+00:00,38.97288292057878
2025-06-16 02:50:02.545146+00:00,38.96711399973465
2025-06-16 02:50:07.735733+00:00,38.95543363916394
2025-06-16 02:50:11.020472+00:00,38.95548140251074
2025-06-16 02:50:11.662315+00:00,38.95555296700673
2025-06-16 02:50:14.377314+00:00,38.97877015597833
2025-06-16 02:50:15.330056+00:00,38.96716145318293
2025-06-16 02:50:16.735516+00:00,38.9671851638023
2025-06-16 02:50:21.985675+00:00,38.94384876568947
2025-06-16 02:50:22.409762+00:00,38.97293028349759
2025-06-16 02:50:25.243289+00:00,38.98460987434871
2025-06-16 02:50:27.213906+00:00,38.96136907035384
2025-06-16 02:50:27.827248+00:00,38.9671851638023
2025-06-16 02:50:29.396446+00:00,38.96716145318293
2025-06-16 02:50:29.997126+00:00,38.98460987434871
2025-06-16 02:50:30.502288+00:00,38.97297760347041
2025-06-16 02:50:31.389594+00:00,38.984586353205295
2025-06-16 02:50:32.093035+00:00,38.99621871796188
2025-06-16 02:50:34.198858+00:00,38.97881732100322
2025-06-16 02:50:34.769664+00:00,38.97877015597833
2025-06-16 02:50:43.527496+00:00,38.938080553262175
2025-06-16 02:50:44.276584+00:00,38.938080553262175
2025-06-16 02:50:46.532807+00:00,38.94389675304411
2025-06-16 02:50:47.589889+00:00,38.93226434358136
2025-06-16 02:50:49.156022+00:00,38.9671851638023
2025-06-16 02:50:50.300653+00:00,38.93231255494528
2025-06-16 02:50:54.605675+00:00,38.94394469745232
2025-06-16 02:50:56.486939+00:00,38.9555768003656
2025-06-16 02:50:57.295876+00:00,38.97300124735209
2025-06-16 02:50:58.659699+00:00,38.97881732100322
2025-06-16 02:51:00.096713+00:00,38.97881732100322
2025-06-16 02:51:01.742704+00:00,38.97884088741096
2025-06-16 02:51:03.573432+00:00,38.96716145318293
2025-06-16 02:51:05.233808+00:00,38.97881732100322
2025-06-16 02:51:07.081123+00:00,38.96720886368515
2025-06-16 02:51:10.073771+00:00,38.96720886368515
2025-06-16 02:51:11.339564+00:00,38.97884088741096
2025-06-16 02:51:13.089294+00:00,38.9555291229113
2025-06-16 02:51:13.588873+00:00,38.97300124735209
2025-06-16 02:51:13.886960+00:00,38.97879374385901
2025-06-16 02:51:15.860027+00:00,38.97302488049727
2025-06-16 02:51:18.464130+00:00,38.961392836974596
2025-06-16 02:51:19.173510+00:00,38.99044943860949
2025-06-16 02:51:20.106910+00:00,38.99628884876141
2025-06-16 02:51:20.468797+00:00,39.01950644941028
2025-06-16 02:51:21.684515+00:00,39.01378302079269
2025-06-16 02:51:21.901765+00:00,38.99626548256463
2025-06-16 02:51:22.144047+00:00,39.01373672102594
2025-06-16 02:51:22.670787+00:00,39.002104816081356
2025-06-16 02:51:25.840251+00:00,39.00794399549045
2025-06-16 02:51:27.646885+00:00,39.019575747166286
2025-06-16 02:51:28.071872+00:00,39.00212810480523
2025-06-16 02:51:30.409120+00:00,39.01959882494568
2025-06-16 02:51:37.997034+00:00,39.05453876453627
2025-06-16 02:51:38.486873+00:00,39.025460609079516
2025-06-16 02:51:39.406757+00:00,39.03713758094787
2025-06-16 02:51:41.870998+00:00,39.02548358791451
2025-06-16 02:51:43.216110+00:00,39.0079672067417
2025-06-16 02:51:44.478268+00:00,39.031276259965914
2025-06-16 02:51:44.776901+00:00,39.01382927761413
2025-06-16 02:51:46.001152+00:00,39.037069044853915
2025-06-16 02:51:47.667234+00:00,39.042861942577886
2025-06-16 02:51:51.328289+00:00,39.02541461920071
2025-06-16 02:51:52.398944+00:00,39.025460609079516
2025-06-16 02:51:55.746557+00:00,39.00212810480523
2025-06-16 02:51:57.997118+00:00,39.002151382792725
2025-06-16 02:51:59.610305+00:00,38.97886444308224
2025-06-16 02:52:05.041867+00:00,39.002104816081356
2025-06-16 02:52:08.784879+00:00,39.01378302079269
2025-06-16 02:52:10.141410+00:00,39.02541461920071
2025-06-16 02:52:11.265842+00:00,39.03125333712996
2025-06-16 02:52:14.722106+00:00,38.97888798801706
2025-06-16 02:52:19.979683+00:00,39.03704617801681
2025-06-16 02:52:20.183024+00:00,39.00217465004386
2025-06-16 02:52:20.388879+00:00,39.01955265865058
2025-06-16 02:52:21.446908+00:00,38.99633554894578
2025-06-16 02:52:22.039893+00:00,39.0079672067417
2025-06-16 02:52:23.612921+00:00,39.0079672067417
2025-06-16 02:52:25.181765+00:00,38.99633554894578
2025-06-16 02:52:26.325128+00:00,38.990519705200846
2025-06-16 02:52:26.482777+00:00,39.00212810480523
2025-06-16 02:52:27.977809+00:00,39.01378302079269
2025-06-16 02:52:33.534872+00:00,38.990496293740144
2025-06-16 02:52:35.137915+00:00,38.97888798801706
2025-06-16 02:52:38.321525+00:00,39.01378302079269
2025-06-16 02:52:39.087520+00:00,39.00212810480523
2025-06-16 02:52:40.116640+00:00,38.99628884876141
2025-06-16 02:52:41.253718+00:00,38.99633554894578
2025-06-16 02:52:41.845883+00:00,39.00212810480523
2025-06-16 02:52:43.025969+00:00,38.99628884876141
2025-06-16 02:52:43.952577+00:00,38.9671851638023
2025-06-16 02:52:45.004677+00:00,38.97884088741096
2025-06-16 02:52:47.832311+00:00,38.97302488049727
2025-06-16 02:52:48.697292+00:00,38.990425994939535
2025-06-16 02:52:49.238963+00:00,38.97302488049727
2025-06-16 02:52:49.613778+00:00,38.96716145318293
2025-06-16 02:52:50.203719+00:00,38.98460987434871
2025-06-16 02:52:51.336503+00:00,38.97881732100322
2025-06-16 02:52:53.550229+00:00,38.96716145318293
2025-06-16 02:52:56.687115+00:00,38.961392836974596
2025-06-16 02:52:58.174327+00:00,38.95555296700673
2025-06-16 02:53:06.732590+00:00,38.98463338475569
2025-06-16 02:53:07.197481+00:00,38.99628884876141
2025-06-16 02:53:07.631147+00:00,38.98460987434871
2025-06-16 02:53:08.231119+00:00,38.97884088741096
2025-06-16 02:53:08.759700+00:00,38.99044943860949
2025-06-16 02:53:11.490748+00:00,39.00792077350287
2025-06-16 02:53:12.901539+00:00,38.97886444308224
2025-06-16 02:53:13.836960+00:00,38.98465688442621
2025-06-16 02:53:14.505428+00:00,38.996312204221795
2025-06-16 02:53:18.397570+00:00,39.00792077350287
2025-06-16 02:53:18.718556+00:00,39.00792077350287
2025-06-16 02:53:19.412062+00:00,39.019575747166286
2025-06-16 02:53:19.733413+00:00,39.01373672102594
2025-06-16 02:53:20.017970+00:00,39.01373672102594
2025-06-16 02:53:20.259944+00:00,39.00794399549045
2025-06-16 02:53:20.570190+00:00,39.013713555038095
2025-06-16 02:53:22.357016+00:00,38.984703851557946
2025-06-16 02:53:23.745707+00:00,39.013806154571554
2025-06-16 02:53:24.898772+00:00,38.99047287154303
2025-06-16 02:53:25.623790+00:00,39.01378302079269
2025-06-16 02:53:25.883698+00:00,39.00212810480523
2025-06-16 02:53:27.268804+00:00,38.990496293740144
2025-06-16 02:53:28.784781+00:00,38.97884088741096
2025-06-16 02:53:29.393080+00:00,39.00212810480523
2025-06-16 02:53:30.147805+00:00,39.002151382792725
2025-06-16 02:53:30.570143+00:00,39.002104816081356
2025-06-16 02:53:33.144720+00:00,38.99054310592514
2025-06-16 02:53:34.664421+00:00,39.00212810480523
2025-06-16 02:53:36.919462+00:00,38.9846803733603
2025-06-16 02:53:37.419961+00:00,38.990496293740144
2025-06-16 02:53:38.525044+00:00,38.990519705200846
2025-06-16 02:53:39.069888+00:00,38.99633554894578
2025-06-16 02:53:39.494097+00:00,39.00212810480523
2025-06-16 02:53:39.987087+00:00,38.99054310592514
2025-06-16 02:53:41.190332+00:00,38.97886444308224
2025-06-16 02:53:42.736686+00:00,38.97886444308224
2025-06-16 02:53:44.656510+00:00,38.97307211457819
2025-06-16 02:53:47.388798+00:00,38.990519705200846
2025-06-16 02:53:49.399805+00:00,38.984703851557946
2025-06-16 02:53:50.469219+00:00,38.990519705200846
2025-06-16 02:53:50.997051+00:00,38.97307211457819
2025-06-16 02:53:51.569159+00:00,38.96725623124133
2025-06-16 02:53:53.310931+00:00,38.96725623124133
2025-06-16 02:53:54.601588+00:00,38.97888798801706
2025-06-16 02:53:55.327474+00:00,38.99047287154303
2025-06-16 02:53:59.096323+00:00,38.95555296700673
2025-06-16 02:54:02.705038+00:00,38.94392073061651
2025-06-16 02:54:05.976763+00:00,38.99047287154303
2025-06-16 02:54:09.706271+00:00,38.9555768003656
2025-06-16 02:54:18.879101+00:00,38.955624434873684
2025-06-16 02:54:19.183577+00:00,38.96725623124133
2025-06-16 02:54:19.499306+00:00,38.96727989891466
2025-06-16 02:54:20.245479+00:00,38.96730355585149
2025-06-16 02:54:20.904004+00:00,38.96725623124133
2025-06-16 02:54:21.202047+00:00,38.9614403380065
2025-06-16 02:54:22.574312+00:00,38.97888798801706
2025-06-16 02:54:24.481014+00:00,38.97311930571317
2025-06-16 02:54:28.585765+00:00,38.973095715513914
2025-06-16 02:54:29.150386+00:00,38.996382206184585
2025-06-16 02:54:29.984564+00:00,38.996382206184585
2025-06-16 02:54:34.885637+00:00,38.98477422173227
2025-06-16 02:54:35.423333+00:00,38.99056649591302
2025-06-16 02:54:35.714900+00:00,39.002151382792725
2025-06-16 02:54:36.058169+00:00,38.98472731901916
2025-06-16 02:54:36.826079+00:00,38.97311930571317
2025-06-16 02:54:38.064056+00:00,38.98472731901916
2025-06-16 02:54:40.885947+00:00,38.984703851557946
2025-06-16 02:54:41.514173+00:00,38.973095715513914
2025-06-16 02:54:42.373336+00:00,38.98475077574393
2025-06-16 02:54:47.205737+00:00,38.99054310592514
2025-06-16 02:54:50.719548+00:00,38.98477422173227
2025-06-16 02:54:50.968762+00:00,38.99054310592514
2025-06-16 02:54:53.401591+00:00,39.0196910287003
2025-06-16 02:54:55.398186+00:00,39.00219790655862
2025-06-16 02:54:56.384485+00:00,38.996405518699405
2025-06-16 02:54:57.528627+00:00,39.00226761168474
2025-06-16 02:54:58.556175+00:00,38.990589875164495
2025-06-16 02:54:58.867489+00:00,38.96730355585149
2025-06-16 02:55:04.399855+00:00,39.01382927761413
2025-06-16 02:55:07.134105+00:00,38.996428820477846
2025-06-16 02:55:08.954015+00:00,38.98479765698418
2025-06-16 02:55:10.732081+00:00,38.97900555164428
2025-06-16 02:55:13.549024+00:00,38.996382206184585
2025-06-16 02:55:16.510797+00:00,39.00219790655862
2025-06-16 02:55:19.166513+00:00,39.00805994438321
2025-06-16 02:55:20.043419+00:00,39.01382927761413
2025-06-16 02:55:23.094479+00:00,39.00219790655862
2025-06-16 02:55:23.518664+00:00,38.99056649591302
2025-06-16 02:55:26.742268+00:00,39.002151382792725
2025-06-16 02:55:29.347259+00:00,38.99054310592514
2025-06-16 02:55:30.252367+00:00,38.996358882933386
2025-06-16 02:55:31.169182+00:00,38.996382206184585
2025-06-16 02:55:34.259175+00:00,38.996358882933386
2025-06-16 02:55:37.711071+00:00,38.97884088741096
2025-06-16 02:55:38.134649+00:00,38.97891152221541
2025-06-16 02:55:38.877822+00:00,38.97888798801706
2025-06-16 02:55:39.952995+00:00,38.97307211457819
2025-06-16 02:55:43.621303+00:00,38.97888798801706
2025-06-16 02:55:44.233791+00:00,38.97307211457819
2025-06-16 02:55:45.150680+00:00,38.97304850290597
2025-06-16 02:55:47.309121+00:00,38.97302488049727
2025-06-16 02:55:49.536844+00:00,38.97302488049727
2025-06-16 02:55:51.017233+00:00,38.96720886368515
2025-06-16 02:55:51.323106+00:00,38.98463338475569
2025-06-16 02:55:51.984084+00:00,38.99047287154303
2025-06-16 02:55:52.579317+00:00,39.00208151662112
2025-06-16 02:55:57.492230+00:00,38.961392836974596
2025-06-16 02:55:58.384140+00:00,38.97884088741096
2025-06-16 02:56:01.553521+00:00,38.99044943860949
2025-06-16 02:56:02.817842+00:00,38.98465688442621
2025-06-16 02:56:07.267767+00:00,38.96720886368515
2025-06-16 02:56:14.467722+00:00,38.932288454631646
2025-06-16 02:56:16.519230+00:00,38.926496468844114
2025-06-16 02:56:18.684374+00:00,38.920680372844515
2025-06-16 02:56:19.832571+00:00,38.93233664452227
2025-06-16 02:56:23.091125+00:00,38.926496468844114
2025-06-16 02:56:23.785590+00:00,38.95560062298792
2025-06-16 02:56:24.108496+00:00,38.93231255494528
2025-06-16 02:56:25.432342+00:00,38.92652062516034
2025-06-16 02:56:26.242105+00:00,38.9265447707399
2025-06-16 02:56:35.846042+00:00,38.9555768003656
2025-06-16 02:56:36.550524+00:00,38.943992598914114
2025-06-16 02:56:37.443451+00:00,38.97888798801706
2025-06-16 02:56:38.025199+00:00,38.973095715513914
2025-06-16 02:56:39.583506+00:00,38.961535211231975
2025-06-16 02:56:39.941342+00:00,38.96730355585149
2025-06-16 02:56:40.384013+00:00,38.95560062298792
2025-06-16 02:56:41.908113+00:00,38.9614403380065
2025-06-16 02:56:43.427045+00:00,38.9614403380065
2025-06-16 02:56:44.830964+00:00,38.97307211457819
2025-06-16 02:56:45.924046+00:00,38.9672325528315
2025-06-16 02:56:50.153508+00:00,38.96146407241766
2025-06-16 02:56:52.057091+00:00,38.944016533540115
2025-06-16 02:56:52.683218+00:00,38.97307211457819
2025-06-16 02:56:53.167433+00:00,38.94396865355151
2025-06-16 02:56:56.924488+00:00,38.96141659285881
2025-06-16 02:57:00.064410+00:00,38.95560062298792
2025-06-16 02:57:04.009433+00:00,38.9265447707399
2025-06-16 02:57:04.501647+00:00,38.93231255494528
2025-06-16 02:57:04.973785+00:00,38.91486426694648
2025-06-16 02:57:07.246747+00:00,38.9555768003656
2025-06-16 02:57:10.876047+00:00,38.920704595900204
2025-06-16 02:57:16.446179+00:00,38.90904815115
2025-06-16 02:57:16.866791+00:00,38.920656139052134
2025-06-16 02:57:17.425785+00:00,38.920631894523055
2025-06-16 02:57:18.156225+00:00,38.92652062516034
2025-06-16 02:57:22.383347+00:00,38.920656139052134
2025-06-16 02:57:28.582881+00:00,38.93231255494528
2025-06-16 02:57:28.824724+00:00,38.93812863114802
2025-06-16 02:57:33.140497+00:00,38.920656139052134
2025-06-16 02:57:34.432985+00:00,38.914839966414384
2025-06-16 02:57:34.905688+00:00,38.90904815115
2025-06-16 02:57:35.715640+00:00,38.90904815115
2025-06-16 02:57:36.444072+00:00,38.920680372844515
2025-06-16 02:57:37.231948+00:00,38.91491283580052
2025-06-16 02:57:37.755102+00:00,38.926496468844114
2025-06-16 02:57:40.863506+00:00,38.9090725076853
2025-06-16 02:57:43.530544+00:00,38.920631894523055
2025-06-16 02:57:48.290589+00:00,38.926496468844114
2025-06-16 02:57:49.624978+00:00,38.94394469745232
2025-06-16 02:57:49.968687+00:00,38.955624434873684
2025-06-16 02:57:51.631468+00:00,38.920704595900204
2025-06-16 02:57:51.815987+00:00,38.926496468844114
2025-06-16 02:57:57.673937+00:00,38.93231255494528
2025-06-16 02:57:58.248823+00:00,38.93236072336262
2025-06-16 02:58:00.880431+00:00,38.92659302968902
2025-06-16 02:58:02.834718+00:00,38.938152653986
2025-06-16 02:58:05.489077+00:00,38.96730355585149
2025-06-16 02:58:06.554932+00:00,38.96155890269704
2025-06-16 02:58:08.255444+00:00,38.955672026435565
2025-06-16 02:58:08.911699+00:00,38.9382006674521
2025-06-16 02:58:11.051165+00:00,38.944016533540115
2025-06-16 02:58:13.929628+00:00,38.944016533540115
2025-06-16 02:58:18.190563+00:00,38.96730355585149
2025-06-16 02:58:19.336528+00:00,38.97311930571317
2025-06-16 02:58:20.035050+00:00,38.96732720205182
2025-06-16 02:58:21.844737+00:00,38.96727989891466
2025-06-16 02:58:24.631556+00:00,38.96730355585149
2025-06-16 02:58:26.568485+00:00,38.944016533540115
2025-06-16 02:58:27.420758+00:00,38.96730355585149
2025-06-16 02:58:28.415684+00:00,38.955648236022896
2025-06-16 02:58:30.923098+00:00,38.99633554894578
2025-06-16 02:58:32.261838+00:00,38.984703851557946
2025-06-16 02:58:34.656206+00:00,38.99056649591302
2025-06-16 02:58:35.216552+00:00,38.97314288517593
2025-06-16 02:58:39.377193+00:00,38.99054310592514
2025-06-16 02:58:40.813224+00:00,38.97893504567731
2025-06-16 02:58:41.696920+00:00,38.97307211457819
2025-06-16 02:58:42.765928+00:00,38.97307211457819
2025-06-16 02:58:44.047323+00:00,38.97304850290597
2025-06-16 02:58:47.315205+00:00,38.98477422173227
2025-06-16 02:58:49.409475+00:00,38.96727989891466
2025-06-16 02:58:50.395884+00:00,38.9614403380065
2025-06-16 02:58:53.477918+00:00,38.97888798801706
2025-06-16 02:58:57.578757+00:00,38.9265447707399
2025-06-16 02:58:58.374682+00:00,38.938224658080216
2025-06-16 02:58:59.100098+00:00,38.943992598914114
2025-06-16 02:59:02.014650+00:00,38.93812863114802
2025-06-16 02:59:02.787467+00:00,38.93236072336262
2025-06-16 02:59:04.696012+00:00,38.93236072336262
2025-06-16 02:59:05.187140+00:00,38.938176666087365
2025-06-16 02:59:07.454976+00:00,38.92656890558279
2025-06-16 02:59:08.803788+00:00,38.96725623124133
2025-06-16 02:59:11.461972+00:00,38.93240884883338
2025-06-16 02:59:11.860996+00:00,38.955648236022896
2025-06-16 02:59:12.426262+00:00,38.938152653986
2025-06-16 02:59:13.942593+00:00,38.961487796092285
2025-06-16 02:59:15.372663+00:00,38.9382006674521
2025-06-16 02:59:16.460159+00:00,38.9207288082192
2025-06-16 02:59:19.573080+00:00,38.96730355585149
2025-06-16 02:59:21.581407+00:00,38.932384791466326
2025-06-16 02:59:23.528359+00:00,38.938224658080216
2025-06-16 02:59:24.681154+00:00,38.938224658080216
2025-06-16 02:59:26.734105+00:00,38.932384791466326
2025-06-16 02:59:28.277124+00:00,38.955672026435565
2025-06-16 02:59:28.847141+00:00,38.93236072336262
2025-06-16 02:59:29.387753+00:00,38.938176666087365
2025-06-16 02:59:32.389445+00:00,38.932384791466326
2025-06-16 02:59:32.839364+00:00,38.932384791466326
2025-06-16 02:59:34.681353+00:00,38.938224658080216
2025-06-16 02:59:36.020326+00:00,38.932432895463805
2025-06-16 02:59:37.171485+00:00,38.955672026435565
2025-06-16 02:59:37.380155+00:00,38.95571957505125
2025-06-16 02:59:37.613091+00:00,38.944016533540115
2025-06-16 02:59:37.855217+00:00,38.94404045742953
2025-06-16 02:59:38.380278+00:00,38.93240884883338
2025-06-16 02:59:38.796768+00:00,38.94404045742953
2025-06-16 02:59:39.869675+00:00,38.93240884883338
2025-06-16 02:59:42.049900+00:00,38.94404045742953
2025-06-16 02:59:43.629788+00:00,38.95571957505125
2025-06-16 02:59:44.113106+00:00,38.94404045742953
2025-06-16 02:59:47.787662+00:00,38.944064370582346
2025-06-16 02:59:49.130712+00:00,38.97316645390222
2025-06-16 02:59:49.834253+00:00,38.98479765698418
2025-06-16 02:59:50.120199+00:00,38.96730355585149
2025-06-16 02:59:52.396758+00:00,38.97900555164428
2025-06-16 02:59:54.797688+00:00,38.9906366014582
2025-06-16 02:59:56.693141+00:00,38.996428820477846
2025-06-16 02:59:57.387681+00:00,38.990613243679555
2025-06-16 03:00:02.145275+00:00,39.00222115233703
2025-06-16 03:00:02.652513+00:00,38.97314288517593
2025-06-16 03:00:03.185925+00:00,38.97895855840275
2025-06-16 03:00:04.796384+00:00,38.97898206039174
2025-06-16 03:00:06.369916+00:00,38.9906366014582
2025-06-16 03:00:09.082157+00:00,38.9906366014582
2025-06-16 03:00:11.285063+00:00,39.00226761168474
2025-06-16 03:00:14.043262+00:00,39.00229082525407
2025-06-16 03:00:18.621899+00:00,39.00224438737907
2025-06-16 03:00:24.993902+00:00,39.013898582323904
2025-06-16 03:00:27.794711+00:00,39.0255753958918
2025-06-16 03:00:28.359569+00:00,39.00229082525407
2025-06-16 03:00:28.761487+00:00,39.00805994438321
2025-06-16 03:00:29.294375+00:00,38.9964521115199
2025-06-16 03:00:29.662654+00:00,39.00808310195274
2025-06-16 03:00:34.371068+00:00,39.013898582323904
2025-06-16 03:00:35.862533+00:00,38.9906366014582
2025-06-16 03:00:44.152808+00:00,39.00224438737907
2025-06-16 03:00:49.148288+00:00,39.00810624878594
2025-06-16 03:00:52.213700+00:00,39.01392166242121
2025-06-16 03:01:01.044207+00:00,38.99065994850045
2025-06-16 03:01:01.527474+00:00,39.00229082525407
2025-06-16 03:01:02.205403+00:00,39.00229082525407
2025-06-16 03:01:02.905907+00:00,39.0139447317822
2025-06-16 03:01:03.547682+00:00,39.00226761168474
2025-06-16 03:01:05.743694+00:00,39.00229082525407
2025-06-16 03:01:07.252289+00:00,38.996428820477846
2025-06-16 03:01:09.578318+00:00,38.996382206184585
2025-06-16 03:01:09.985246+00:00,38.990613243679555
2025-06-16 03:01:10.442348+00:00,38.97898206039174
2025-06-16 03:01:11.222727+00:00,38.990613243679555
2025-06-16 03:01:26.103120+00:00,39.00805994438321
2025-06-16 03:01:26.354882+00:00,38.97900555164428
2025-06-16 03:01:26.620136+00:00,38.9964521115199
2025-06-16 03:01:27.141560+00:00,38.98479765698418
2025-06-16 03:01:35.352392+00:00,38.990613243679555
2025-06-16 03:01:35.845330+00:00,38.97898206039174
2025-06-16 03:01:36.488816+00:00,38.990613243679555
2025-06-16 03:01:37.323492+00:00,38.973190011892044
2025-06-16 03:01:40.656283+00:00,38.938224658080216
2025-06-16 03:01:41.041057+00:00,38.93240884883338
2025-06-16 03:01:41.659989+00:00,38.94985624688131
2025-06-16 03:01:43.469686+00:00,38.938224658080216
2025-06-16 03:01:43.952970+00:00,38.932384791466326
2025-06-16 03:01:45.775237+00:00,38.926617143058586
2025-06-16 03:01:47.502001+00:00,38.96730355585149
2025-06-16 03:01:52.478185+00:00,38.96732720205182
2025-06-16 03:01:54.841185+00:00,38.98477422173227
2025-06-16 03:01:57.917791+00:00,38.996405518699405
2025-06-16 03:01:59.635634+00:00,38.98477422173227
2025-06-16 03:02:00.927226+00:00,38.99056649591302
2025-06-16 03:02:09.481822+00:00,39.0196910287003
2025-06-16 03:02:12.801874+00:00,38.9964521115199
2025-06-16 03:02:14.048167+00:00,39.00226761168474
2025-06-16 03:02:15.757728+00:00,38.990613243679555
2025-06-16 03:02:17.318437+00:00,39.00224438737907
2025-06-16 03:02:18.133623+00:00,39.00808310195274
2025-06-16 03:02:20.809713+00:00,39.00810624878594
2025-06-16 03:02:22.499568+00:00,39.00229082525407
2025-06-16 03:02:24.212471+00:00,39.01392166242121
2025-06-16 03:02:26.470188+00:00,39.01392166242121
2025-06-16 03:02:35.361736+00:00,39.00229082525407
2025-06-16 03:02:40.310828+00:00,38.9906366014582
2025-06-16 03:02:40.809446+00:00,39.0139447317822
2025-06-16 03:02:41.170947+00:00,38.99647539182557
2025-06-16 03:02:42.709249+00:00,39.01392166242121
2025-06-16 03:02:46.171072+00:00,39.025552460001876
2025-06-16 03:02:51.345934+00:00,39.0255753958918
2025-06-16 03:02:52.967156+00:00,39.00815251024335
2025-06-16 03:02:56.259785+00:00,39.01973706615985
2025-06-16 03:02:57.617870+00:00,39.00810624878594
2025-06-16 03:02:58.799199+00:00,39.02552951337568
2025-06-16 03:03:00.119391+00:00,39.03136784394727
2025-06-16 03:03:00.972470+00:00,39.03136784394727
2025-06-16 03:03:01.450044+00:00,39.0255753958918
2025-06-16 03:03:01.865983+00:00,39.025552460001876
2025-06-16 03:03:05.940936+00:00,39.01392166242121
2025-06-16 03:03:10.178462+00:00,39.03720602041582
2025-06-16 03:03:15.904929+00:00,39.01396779040689
2025-06-16 03:03:18.554159+00:00,39.03139071310201
2025-06-16 03:03:19.077696+00:00,39.00231402808704
2025-06-16 03:03:19.470545+00:00,39.03720602041582
2025-06-16 03:03:20.098917+00:00,39.03720602041582
2025-06-16 03:03:21.374869+00:00,39.0139447317822
2025-06-16 03:03:25.117547+00:00,39.01392166242121
2025-06-16 03:03:28.166243+00:00,39.00808310195274
2025-06-16 03:03:28.550764+00:00,38.996428820477846
2025-06-16 03:03:28.952022+00:00,39.00224438737907
2025-06-16 03:03:29.306860+00:00,39.00810624878594
2025-06-16 03:03:34.715735+00:00,39.00226761168474
2025-06-16 03:03:35.805561+00:00,39.00224438737907
2025-06-16 03:03:36.969338+00:00,38.9906366014582
2025-06-16 03:03:40.650880+00:00,39.00224438737907
2025-06-16 03:03:40.915416+00:00,39.00229082525407
2025-06-16 03:03:41.177425+00:00,38.990613243679555
2025-06-16 03:03:41.460544+00:00,38.990613243679555
2025-06-16 03:03:41.760324+00:00,39.00803677607735
2025-06-16 03:03:43.415258+00:00,38.996428820477846
2025-06-16 03:03:52.076092+00:00,39.013898582323904
2025-06-16 03:03:53.658657+00:00,39.00229082525407
2025-06-16 03:03:54.141801+00:00,39.00226761168474
2025-06-16 03:03:55.368762+00:00,38.99647539182557
2025-06-16 03:03:59.160391+00:00,39.00808310195274
2025-06-16 03:04:03.011712+00:00,39.002337220183655
2025-06-16 03:04:09.332081+00:00,38.9964521115199
2025-06-16 03:04:13.400281+00:00,39.00226761168474
2025-06-16 03:04:13.772677+00:00,39.0139447317822
2025-06-16 03:04:14.076685+00:00,39.013898582323904
2025-06-16 03:04:14.621046+00:00,38.99647539182557
2025-06-16 03:04:15.304374+00:00,39.00229082525407
2025-06-16 03:04:16.789714+00:00,38.97902903216036
2025-06-16 03:04:21.242059+00:00,39.0313449640563
2025-06-16 03:04:22.230662+00:00,39.0255753958918
2025-06-16 03:04:29.506580+00:00,39.0196910287003
2025-06-16 03:04:32.558333+00:00,39.04299858214822
2025-06-16 03:04:35.506358+00:00,39.025598321045464
2025-06-16 03:04:39.102550+00:00,39.00226761168474
2025-06-16 03:04:39.983855+00:00,38.9964521115199
2025-06-16 03:04:41.326924+00:00,38.99647539182557
2025-06-16 03:04:42.086399+00:00,38.9964521115199
2025-06-16 03:04:42.418358+00:00,38.9906366014582
2025-06-16 03:04:42.774446+00:00,39.01387549149029
2025-06-16 03:04:43.213755+00:00,38.97898206039174
2025-06-16 03:04:43.440829+00:00,38.97316645390222
2025-06-16 03:04:44.400957+00:00,38.9906366014582
2025-06-16 03:04:44.933056+00:00,38.98479765698418
2025-06-16 03:04:48.709383+00:00,38.967374462242965
2025-06-16 03:04:49.393303+00:00,38.95571957505125
2025-06-16 03:04:49.602560+00:00,38.97902903216036
2025-06-16 03:04:50.258457+00:00,38.97898206039174
2025-06-16 03:04:50.941705+00:00,38.97316645390222
2025-06-16 03:04:51.666635+00:00,38.961535211231975
2025-06-16 03:04:53.813563+00:00,38.967374462242965
2025-06-16 03:04:56.060711+00:00,38.97900555164428
2025-06-16 03:05:00.337124+00:00,38.97902903216036
2025-06-16 03:05:01.211107+00:00,38.97900555164428
2025-06-16 03:05:01.707623+00:00,38.99647539182557
2025-06-16 03:05:02.086977+00:00,38.967350837515646
2025-06-16 03:05:04.130004+00:00,38.979052501940004
2025-06-16 03:05:05.778955+00:00,38.98486789832135
2025-06-16 03:05:08.388024+00:00,39.00229082525407
2025-06-16 03:05:08.808373+00:00,38.9964521115199
2025-06-16 03:05:12.918377+00:00,39.002337220183655
2025-06-16 03:05:13.982468+00:00,38.99070661037575
2025-06-16 03:05:14.550783+00:00,39.008129384882814
2025-06-16 03:05:15.029109+00:00,39.01973706615985
2025-06-16 03:05:15.510324+00:00,38.99070661037575
2025-06-16 03:05:16.088902+00:00,38.990613243679555
2025-06-16 03:05:16.859707+00:00,39.008129384882814
2025-06-16 03:05:17.279241+00:00,38.99070661037575
2025-06-16 03:05:17.707655+00:00,39.008129384882814
2025-06-16 03:05:20.880858+00:00,39.0255753958918
2025-06-16 03:05:21.438364+00:00,39.01392166242121
2025-06-16 03:05:24.172522+00:00,39.00815251024335
2025-06-16 03:05:26.350277+00:00,39.01392166242121
2025-06-16 03:05:33.671492+00:00,38.996428820477846
2025-06-16 03:05:35.365074+00:00,39.008129384882814
2025-06-16 03:05:42.954803+00:00,39.01392166242121
2025-06-16 03:05:47.477691+00:00,39.01392166242121
2025-06-16 03:05:50.409478+00:00,39.00815251024335
2025-06-16 03:05:52.946911+00:00,39.00229082525407
2025-06-16 03:05:53.431731+00:00,39.013898582323904
2025-06-16 03:05:55.043656+00:00,39.00815251024335
2025-06-16 03:05:55.731884+00:00,39.01392166242121
2025-06-16 03:05:58.260352+00:00,39.00810624878594
2025-06-16 03:06:00.758006+00:00,39.01973706615985
2025-06-16 03:06:01.409119+00:00,38.990729925208804
2025-06-16 03:06:08.621952+00:00,39.00808310195274
2025-06-16 03:06:13.925285+00:00,39.00810624878594
2025-06-16 03:06:14.883668+00:00,39.01392166242121
2025-06-16 03:06:17.058822+00:00,39.00815251024335
2025-06-16 03:06:18.538462+00:00,38.996545168324324
2025-06-16 03:06:19.674089+00:00,39.0023604015439
2025-06-16 03:06:21.407881+00:00,39.025552460001876
2025-06-16 03:06:21.918273+00:00,39.00810624878594
2025-06-16 03:06:24.451284+00:00,39.01973706615985
2025-06-16 03:06:25.318702+00:00,39.002337220183655
2025-06-16 03:06:27.753912+00:00,39.00815251024335
2025-06-16 03:06:28.259187+00:00,39.008129384882814
2025-06-16 03:06:29.887733+00:00,39.01978306067426
2025-06-16 03:06:32.999719+00:00,38.9906832848063
2025-06-16 03:06:34.565870+00:00,38.98486789832135
2025-06-16 03:06:41.120764+00:00,38.99070661037575
2025-06-16 03:06:42.405503+00:00,38.99065994850045
2025-06-16 03:06:44.540659+00:00,39.00231402808704
2025-06-16 03:06:44.839315+00:00,39.00229082525407
2025-06-16 03:06:48.613839+00:00,38.97900555164428
2025-06-16 03:06:53.106792+00:00,38.9906366014582
2025-06-16 03:06:54.131027+00:00,38.97900555164428
2025-06-16 03:06:54.914126+00:00,38.97902903216036
2025-06-16 03:06:55.515841+00:00,39.00226761168474
2025-06-16 03:06:57.285237+00:00,38.984844495278715
2025-06-16 03:06:57.686810+00:00,38.984844495278715
2025-06-16 03:06:58.732520+00:00,38.97902903216036
2025-06-16 03:06:59.832118+00:00,38.984844495278715
2025-06-16 03:07:01.453670+00:00,39.00808310195274
2025-06-16 03:07:05.013285+00:00,38.99065994850045
2025-06-16 03:07:05.423636+00:00,38.9673980762338
2025-06-16 03:07:05.813232+00:00,38.967374462242965
2025-06-16 03:07:06.247901+00:00,38.96158258342558
2025-06-16 03:07:09.418571+00:00,38.96155890269704
2025-06-16 03:07:09.968575+00:00,38.9906366014582
2025-06-16 03:07:10.465556+00:00,38.973190011892044
2025-06-16 03:07:11.202447+00:00,38.97900555164428
2025-06-16 03:07:15.126853+00:00,38.98479765698418
2025-06-16 03:07:16.141124+00:00,38.96158258342558
2025-06-16 03:07:18.344186+00:00,38.973190011892044
2025-06-16 03:07:20.037631+00:00,38.9673980762338
2025-06-16 03:07:20.923721+00:00,38.96744527200598
2025-06-16 03:07:24.852046+00:00,38.94413604562124
2025-06-16 03:07:25.921073+00:00,38.96742167948814
2025-06-16 03:07:26.813219+00:00,38.967374462242965
2025-06-16 03:07:27.899127+00:00,38.96158258342558
2025-06-16 03:07:28.663480+00:00,38.94408827299856
2025-06-16 03:07:29.154381+00:00,38.9673980762338
2025-06-16 03:07:31.759785+00:00,38.93829656554489
2025-06-16 03:07:32.691484+00:00,38.944159915827704
2025-06-16 03:07:34.608896+00:00,38.97323709566227
2025-06-16 03:07:35.929543+00:00,38.979052501940004
2025-06-16 03:07:43.317676+00:00,38.96155890269704
2025-06-16 03:07:43.947401+00:00,38.92084970876389
2025-06-16 03:07:44.254218+00:00,38.93827260712661
2025-06-16 03:07:47.663779+00:00,38.955767080720754
2025-06-16 03:07:48.076086+00:00,38.95574333325427
2025-06-16 03:07:49.268014+00:00,38.961629912673125
2025-06-16 03:07:51.890543+00:00,38.93827260712661
2025-06-16 03:07:53.860331+00:00,38.94408827299856
2025-06-16 03:07:55.482232+00:00,38.93248095651473
2025-06-16 03:07:56.519018+00:00,38.944064370582346
2025-06-16 03:07:58.407087+00:00,38.961487796092285
2025-06-16 03:08:03.161388+00:00,38.96727989891466
2025-06-16 03:08:04.067142+00:00,38.955648236022896
2025-06-16 03:08:05.115388+00:00,38.920801380756075
2025-06-16 03:08:09.925154+00:00,38.92656890558279
2025-06-16 03:08:10.936847+00:00,38.92659302968902
2025-06-16 03:08:14.596517+00:00,38.93240884883338
2025-06-16 03:08:15.974541+00:00,38.92659302968902
2025-06-16 03:08:22.798541+00:00,38.93240884883338
2025-06-16 03:08:24.462296+00:00,38.94408827299856
2025-06-16 03:08:25.923935+00:00,38.95569580611168
2025-06-16 03:08:26.257308+00:00,38.93827260712661
2025-06-16 03:08:26.565052+00:00,38.932432895463805
2025-06-16 03:08:27.150902+00:00,38.93827260712661
2025-06-16 03:08:29.200414+00:00,38.944064370582346
2025-06-16 03:08:42.352284+00:00,38.94408827299856
2025-06-16 03:08:47.458267+00:00,38.95569580611168
2025-06-16 03:08:47.925454+00:00,38.944064370582346
2025-06-16 03:08:48.319674+00:00,38.932456931357585
2025-06-16 03:08:49.086270+00:00,38.938248637971725
2025-06-16 03:08:50.421664+00:00,38.95574333325427
2025-06-16 03:08:50.781584+00:00,38.95569580611168
2025-06-16 03:08:52.668421+00:00,38.961535211231975
2025-06-16 03:08:55.012138+00:00,38.973213559145385
2025-06-16 03:08:57.161577+00:00,38.94413604562124
2025-06-16 03:08:58.991371+00:00,38.967350837515646
2025-06-16 03:08:59.386625+00:00,38.967350837515646
2025-06-16 03:09:06.224215+00:00,38.94408827299856
2025-06-16 03:09:06.954646+00:00,38.95571957505125
2025-06-16 03:09:08.003506+00:00,38.96155890269704
2025-06-16 03:09:10.582308+00:00,38.97898206039174
2025-06-16 03:09:13.698521+00:00,38.967350837515646
2025-06-16 03:09:14.436764+00:00,38.93829656554489
2025-06-16 03:09:21.128931+00:00,38.955767080720754
2025-06-16 03:09:21.501714+00:00,38.973213559145385
2025-06-16 03:09:22.178595+00:00,38.96158258342558
2025-06-16 03:09:22.879781+00:00,38.967374462242965
2025-06-16 03:09:23.503844+00:00,38.95569580611168
2025-06-16 03:09:26.148475+00:00,38.973190011892044
2025-06-16 03:09:26.370257+00:00,38.95574333325427
2025-06-16 03:09:28.829529+00:00,38.96158258342558
2025-06-16 03:09:29.164434+00:00,38.967374462242965
2025-06-16 03:09:29.564514+00:00,38.967350837515646
2025-06-16 03:09:37.100408+00:00,38.97316645390222
2025-06-16 03:09:39.370784+00:00,38.94408827299856
2025-06-16 03:09:41.352055+00:00,38.94408827299856
2025-06-16 03:09:42.259112+00:00,38.944112164678195
2025-06-16 03:09:43.228199+00:00,38.93252897461913
2025-06-16 03:09:45.774670+00:00,38.955767080720754
2025-06-16 03:09:46.486436+00:00,38.95574333325427
2025-06-16 03:09:49.902967+00:00,38.96155890269704
2025-06-16 03:09:50.153268+00:00,38.967374462242965
2025-06-16 03:09:50.429307+00:00,38.97316645390222
2025-06-16 03:09:50.703369+00:00,38.944064370582346
2025-06-16 03:09:50.928899+00:00,38.967350837515646
2025-06-16 03:09:51.965983+00:00,38.955767080720754
2025-06-16 03:09:52.935434+00:00,38.95571957505125
2025-06-16 03:09:55.298659+00:00,38.96730355585149
2025-06-16 03:09:55.724758+00:00,38.961487796092285
2025-06-16 03:09:56.000109+00:00,38.95569580611168
2025-06-16 03:09:56.301108+00:00,38.94408827299856
2025-06-16 03:09:56.544594+00:00,38.944064370582346
2025-06-16 03:09:56.851289+00:00,38.961511509030395
2025-06-16 03:09:58.240252+00:00,38.95571957505125
2025-06-16 03:10:01.632845+00:00,38.94408827299856
2025-06-16 03:10:09.214075+00:00,38.932432895463805
2025-06-16 03:10:09.796636+00:00,38.92077720064714
2025-06-16 03:10:12.521434+00:00,38.95569580611168
2025-06-16 03:10:17.018510+00:00,38.938224658080216
2025-06-16 03:10:19.623689+00:00,38.95569580611168
2025-06-16 03:10:20.258361+00:00,38.955672026435565
2025-06-16 03:10:20.973928+00:00,38.94404045742953
2025-06-16 03:10:22.015249+00:00,38.944064370582346
2025-06-16 03:10:25.898125+00:00,38.938224658080216
2025-06-16 03:10:26.222012+00:00,38.926617143058586
2025-06-16 03:10:27.825689+00:00,38.92659302968902
2025-06-16 03:10:29.039694+00:00,38.944064370582346
2025-06-16 03:10:30.104504+00:00,38.95569580611168
2025-06-16 03:10:31.200232+00:00,38.932432895463805
2025-06-16 03:10:32.256465+00:00,38.944064370582346
2025-06-16 03:10:32.678396+00:00,38.932432895463805
2025-06-16 03:10:36.067082+00:00,38.94404045742953
2025-06-16 03:10:37.413676+00:00,38.920801380756075
2025-06-16 03:10:39.880396+00:00,38.92664124569149
2025-06-16 03:10:42.569895+00:00,38.93827260712661
2025-06-16 03:10:47.884671+00:00,38.932432895463805
2025-06-16 03:10:51.508719+00:00,38.92664124569149
2025-06-16 03:10:51.817247+00:00,38.94408827299856
2025-06-16 03:10:52.051523+00:00,38.938224658080216
2025-06-16 03:10:52.812053+00:00,38.93248095651473
2025-06-16 03:10:55.685263+00:00,38.94408827299856
2025-06-16 03:10:56.437322+00:00,38.92664124569149
2025-06-16 03:10:57.590244+00:00,38.93829656554489
2025-06-16 03:10:57.783389+00:00,38.95574333325427
2025-06-16 03:10:58.125161+00:00,38.938224658080216
2025-06-16 03:10:58.384284+00:00,38.94404045742953
2025-06-16 03:10:59.017854+00:00,38.967350837515646
2025-06-16 03:10:59.705338+00:00,38.938248637971725
2025-06-16 03:11:01.030454+00:00,38.95571957505125
2025-06-16 03:11:01.484630+00:00,38.95569580611168
2025-06-16 03:11:04.512773+00:00,38.92082555012832
2025-06-16 03:11:06.613771+00:00,38.93832051322656
2025-06-16 03:11:07.934072+00:00,38.90924270280384
2025-06-16 03:11:09.761200+00:00,38.93248095651473
2025-06-16 03:11:10.488337+00:00,38.9150340700432
2025-06-16 03:11:11.355463+00:00,38.93836837638007
2025-06-16 03:11:13.858975+00:00,38.93250497093525
2025-06-16 03:11:14.433228+00:00,38.94408827299856
2025-06-16 03:11:16.102096+00:00,38.93829656554489
2025-06-16 03:11:19.698723+00:00,38.95569580611168
2025-06-16 03:11:20.610204+00:00,38.94408827299856
2025-06-16 03:11:21.254180+00:00,38.96155890269704
2025-06-16 03:11:23.467564+00:00,38.932456931357585
2025-06-16 03:11:25.373125+00:00,38.944064370582346
2025-06-16 03:11:26.242116+00:00,38.932456931357585
2025-06-16 03:11:28.031946+00:00,38.944112164678195
2025-06-16 03:11:29.022067+00:00,38.96732720205182
2025-06-16 03:11:29.447911+00:00,38.944064370582346
2025-06-16 03:11:31.151510+00:00,38.94408827299856
2025-06-16 03:11:35.580967+00:00,38.938224658080216
2025-06-16 03:11:36.032455+00:00,38.93827260712661
2025-06-16 03:11:37.702955+00:00,38.93832051322656
2025-06-16 03:11:40.300882+00:00,38.93829656554489
2025-06-16 03:11:41.829577+00:00,38.92668941874732
2025-06-16 03:11:44.595682+00:00,38.93250497093525
2025-06-16 03:11:44.933672+00:00,38.93829656554489
2025-06-16 03:11:55.402162+00:00,38.93834445017161
2025-06-16 03:11:57.058226+00:00,38.93252897461913
2025-06-16 03:11:58.474810+00:00,38.94413604562124
2025-06-16 03:11:59.879508+00:00,38.955767080720754
2025-06-16 03:12:01.769251+00:00,38.944112164678195
2025-06-16 03:12:03.602059+00:00,38.93834445017161
2025-06-16 03:12:05.194730+00:00,38.93255296756639
2025-06-16 03:12:08.302973+00:00,38.94413604562124
2025-06-16 03:12:09.127247+00:00,38.961629912673125
2025-06-16 03:12:13.689061+00:00,38.96742167948814
2025-06-16 03:12:18.136424+00:00,38.97323709566227
2025-06-16 03:12:21.866225+00:00,38.990753229305454
2025-06-16 03:12:24.941805+00:00,38.96744527200598
2025-06-16 03:12:27.114483+00:00,38.97328413648661
2025-06-16 03:12:29.666276+00:00,38.98489129062756
2025-06-16 03:12:38.641772+00:00,38.955767080720754
2025-06-16 03:12:38.824903+00:00,38.96155890269704
2025-06-16 03:12:39.076891+00:00,38.96158258342558
2025-06-16 03:12:39.901959+00:00,38.967374462242965
2025-06-16 03:12:40.174642+00:00,38.967350837515646
2025-06-16 03:12:40.438100+00:00,38.95569580611168
2025-06-16 03:12:40.656414+00:00,38.944064370582346
2025-06-16 03:12:41.840967+00:00,38.944112164678195
2025-06-16 03:12:43.628014+00:00,38.94413604562124
2025-06-16 03:12:46.474285+00:00,38.932456931357585
2025-06-16 03:12:47.698746+00:00,38.94408827299856
2025-06-16 03:12:48.464742+00:00,38.95571957505125
2025-06-16 03:12:48.956296+00:00,38.938248637971725
2025-06-16 03:12:49.241468+00:00,38.932456931357585
2025-06-16 03:12:51.301487+00:00,38.93240884883338
2025-06-16 03:12:51.734042+00:00,38.94404045742953
2025-06-16 03:12:52.267354+00:00,38.91496136170772
2025-06-16 03:12:52.647586+00:00,38.92659302968902
2025-06-16 03:12:57.116680+00:00,38.90330526307114
2025-06-16 03:12:57.948072+00:00,38.8974648591566
2025-06-16 03:13:00.830016+00:00,38.87420075172629
2025-06-16 03:13:01.314082+00:00,38.86254375889738
2025-06-16 03:13:02.363907+00:00,38.85091147271831
2025-06-16 03:13:04.282195+00:00,38.86251886843457
2025-06-16 03:13:05.316985+00:00,38.86254375889738
2025-06-16 03:13:05.835690+00:00,38.868285383765674
2025-06-16 03:13:06.484687+00:00,38.85083636866655
2025-06-16 03:13:06.922661+00:00,38.86251886843457
2025-06-16 03:13:09.337101+00:00,38.84514546394924
2025-06-16 03:13:10.891422+00:00,38.86251886843457
2025-06-16 03:13:11.811022+00:00,38.885808212477
2025-06-16 03:13:12.815290+00:00,38.86835988713959
2025-06-16 03:13:13.581809+00:00,38.86831022896055
2025-06-16 03:13:20.872937+00:00,38.85083636866655
2025-06-16 03:13:21.113578+00:00,38.827596189008695
2025-06-16 03:13:21.440181+00:00,38.827570876616605
2025-06-16 03:13:21.731919+00:00,38.82177985799236
2025-06-16 03:13:22.199273+00:00,38.839228821345394
2025-06-16 03:13:23.159527+00:00,38.839228821345394
2025-06-16 03:13:24.338078+00:00,38.85088644877136
2025-06-16 03:13:24.888464+00:00,38.827621490663724
2025-06-16 03:13:25.943888+00:00,38.827596189008695
2025-06-16 03:13:27.064139+00:00,38.83925398951442
2025-06-16 03:13:28.801836+00:00,38.82180522639073
2025-06-16 03:13:29.584723+00:00,38.83343774503829
2025-06-16 03:13:34.237490+00:00,38.827570876616605
2025-06-16 03:13:36.620703+00:00,38.8159889522193
2025-06-16 03:13:38.023109+00:00,38.827621490663724
2025-06-16 03:13:39.145412+00:00,38.82177985799236
2025-06-16 03:13:39.738499+00:00,38.804305226184425
2025-06-16 03:13:40.131302+00:00,38.827596189008695
2025-06-16 03:13:42.002182+00:00,38.79854007031439
2025-06-16 03:13:42.430396+00:00,38.83341251012638
2025-06-16 03:13:43.515105+00:00,38.827621490663724
2025-06-16 03:13:46.659187+00:00,38.81601437662414
2025-06-16 03:13:47.515230+00:00,38.83925398951442
2025-06-16 03:13:53.397921+00:00,38.84504512266575
2025-06-16 03:13:53.647251+00:00,38.839228821345394
2025-06-16 03:13:56.058307+00:00,38.82177985799236
2025-06-16 03:13:58.983074+00:00,38.827570876616605
2025-06-16 03:13:59.275567+00:00,38.798488788829154
2025-06-16 03:14:00.943778+00:00,38.810172668149434
2025-06-16 03:14:04.049131+00:00,38.81593807119829
2025-06-16 03:14:04.723330+00:00,38.82175447885689
2025-06-16 03:14:05.818232+00:00,38.804279636080324
2025-06-16 03:14:09.257909+00:00,38.792517838959355
2025-06-16 03:14:10.690369+00:00,38.79838609701249
2025-06-16 03:14:11.049464+00:00,38.78675265864789
2025-06-16 03:14:11.451114+00:00,38.78675265864789
2025-06-16 03:14:14.739025+00:00,38.78683009408429
2025-06-16 03:14:17.216867+00:00,38.79262088365196
2025-06-16 03:14:19.373085+00:00,38.78096181391031
2025-06-16 03:14:23.597048+00:00,38.775197016591335
2025-06-16 03:14:24.088300+00:00,38.7693544616856
2025-06-16 03:14:25.854037+00:00,38.79264661798208
2025-06-16 03:14:26.983503+00:00,38.78101356028737
2025-06-16 03:14:27.767167+00:00,38.792672341575006
2025-06-16 03:14:27.944094+00:00,38.77511918068411
2025-06-16 03:14:28.143410+00:00,38.78098769246747
2025-06-16 03:14:28.453738+00:00,38.77509321390713
2025-06-16 03:14:28.653024+00:00,38.79262088365196
2025-06-16 03:14:29.020856+00:00,38.78675265864789
2025-06-16 03:14:29.253991+00:00,38.76353783144565
2025-06-16 03:14:29.532429+00:00,38.78098769246747
2025-06-16 03:14:29.967219+00:00,38.78101356028737
2025-06-16 03:14:30.369064+00:00,38.78093592461589
2025-06-16 03:14:31.123201+00:00,38.775197016591335
2025-06-16 03:14:31.532887+00:00,38.79259513858463
2025-06-16 03:14:31.974125+00:00,38.81009613028078
2025-06-16 03:14:32.665709+00:00,38.78101356028737
2025-06-16 03:14:33.655329+00:00,38.79262088365196
2025-06-16 03:14:35.017755+00:00,38.781039417370025
2025-06-16 03:14:38.676655+00:00,38.78101356028737
2025-06-16 03:14:41.349394+00:00,38.804279636080324
2025-06-16 03:14:42.094578+00:00,38.769380462996196
2025-06-16 03:14:42.604662+00:00,38.79846313198077
2025-06-16 03:14:43.364383+00:00,38.78685588442195
2025-06-16 03:14:44.201897+00:00,38.78101356028737
2025-06-16 03:14:44.743337+00:00,38.80425403523908
2025-06-16 03:14:46.206819+00:00,38.775171082026205
2025-06-16 03:14:49.161970+00:00,38.827570876616605
2025-06-16 03:14:50.666874+00:00,38.81009613028078
2025-06-16 03:14:51.794053+00:00,38.821729088984334
2025-06-16 03:14:52.220587+00:00,38.81591261458212
2025-06-16 03:14:54.557947+00:00,38.798437464395185
2025-06-16 03:14:55.453715+00:00,38.821729088984334
2025-06-16 03:14:55.752434+00:00,38.78675265864789
2025-06-16 03:14:56.279914+00:00,38.81009613028078
2025-06-16 03:14:56.836684+00:00,38.81591261458212
2025-06-16 03:14:58.632275+00:00,38.79838609701249
2025-06-16 03:15:02.479787+00:00,38.79264661798208
2025-06-16 03:15:05.314592+00:00,38.781039417370025
2025-06-16 03:15:05.663924+00:00,38.804279636080324
2025-06-16 03:15:05.996472+00:00,38.79262088365196
2025-06-16 03:15:06.382095+00:00,38.804279636080324
2025-06-16 03:15:06.767775+00:00,38.80425403523908
2025-06-16 03:15:07.285478+00:00,38.79262088365196
2025-06-16 03:15:07.780276+00:00,38.78677848119725
2025-06-16 03:15:14.024126+00:00,38.79256938278008
2025-06-16 03:15:15.086529+00:00,38.78675265864789
2025-06-16 03:15:19.123461+00:00,38.780884113815276
2025-06-16 03:15:20.073831+00:00,38.7693544616856
2025-06-16 03:15:22.297875+00:00,38.78098769246747
2025-06-16 03:15:26.052686+00:00,38.78675265864789
2025-06-16 03:15:28.172664+00:00,38.804279636080324
2025-06-16 03:15:28.694779+00:00,38.78675265864789
2025-06-16 03:15:31.613692+00:00,38.8101216536408
2025-06-16 03:15:32.987354+00:00,38.81007059618362
2025-06-16 03:15:35.113524+00:00,38.79264661798208
2025-06-16 03:15:39.719442+00:00,38.804279636080324
2025-06-16 03:15:41.201562+00:00,38.79846313198077
2025-06-16 03:15:44.372403+00:00,38.804305226184425
2025-06-16 03:15:45.605129+00:00,38.804305226184425
2025-06-16 03:15:47.205701+00:00,38.80433080555135
2025-06-16 03:15:48.534109+00:00,38.8276467815817
2025-06-16 03:15:52.116440+00:00,38.8159889522193
2025-06-16 03:15:58.348734+00:00,38.81009613028078
2025-06-16 03:16:07.532047+00:00,38.798488788829154
2025-06-16 03:16:09.729808+00:00,38.81593807119829
2025-06-16 03:16:16.911305+00:00,38.804279636080324
2025-06-16 03:16:22.511135+00:00,38.81593807119829
2025-06-16 03:16:23.257756+00:00,38.81009613028078
2025-06-16 03:16:23.859836+00:00,38.8101216536408
2025-06-16 03:16:24.703103+00:00,38.78109109932357
2025-06-16 03:16:28.694852+00:00,38.845095314781474
2025-06-16 03:16:33.044708+00:00,38.85088644877136
2025-06-16 03:16:34.678325+00:00,38.8741760054836
2025-06-16 03:16:35.362303+00:00,38.87996742369112
2025-06-16 03:16:35.585971+00:00,38.86249396723485
2025-06-16 03:16:37.101534+00:00,38.86835988713959
2025-06-16 03:16:38.251612+00:00,38.845070224092105
2025-06-16 03:16:38.887413+00:00,38.862568638623266
2025-06-16 03:16:40.827941+00:00,38.85091147271831
2025-06-16 03:16:43.783942+00:00,38.87420075172629
2025-06-16 03:16:45.042070+00:00,38.86254375889738
2025-06-16 03:16:47.167829+00:00,38.85088644877136
2025-06-16 03:16:47.649894+00:00,38.856752567224774
2025-06-16 03:16:50.610163+00:00,38.88001679343084
2025-06-16 03:16:51.430228+00:00,38.8509364859283
2025-06-16 03:16:54.344651+00:00,38.86254375889738
2025-06-16 03:16:55.867156+00:00,38.85672762075695
2025-06-16 03:16:59.116462+00:00,38.862568638623266
2025-06-16 03:16:59.842957+00:00,38.88583282523741
2025-06-16 03:17:00.812709+00:00,38.89744037987757
2025-06-16 03:17:02.705337+00:00,38.88583282523741
2025-06-16 03:17:10.362198+00:00,38.85091147271831
2025-06-16 03:17:13.019754+00:00,38.85672762075695
2025-06-16 03:17:14.907238+00:00,38.8509364859283
2025-06-16 03:17:16.861197+00:00,38.856702663552184
2025-06-16 03:17:20.796757+00:00,38.891648847145994
2025-06-16 03:17:30.251145+00:00,38.85682734220658
2025-06-16 03:17:30.975232+00:00,38.88006612022316
2025-06-16 03:17:31.752373+00:00,38.87427492603314
2025-06-16 03:17:33.358377+00:00,38.874324321886675
2025-06-16 03:17:38.540131+00:00,38.91498560855625
2025-06-16 03:17:38.891611+00:00,38.885906599097666
2025-06-16 03:17:41.206215+00:00,38.903378404056376
2025-06-16 03:17:41.457343+00:00,38.903402762911284
2025-06-16 03:17:42.323097+00:00,38.90919412931076
2025-06-16 03:17:46.762345+00:00,38.880115404068086
2025-06-16 03:17:47.741399+00:00,38.89756266890491
2025-06-16 03:17:55.448620+00:00,38.89761150935842
2025-06-16 03:17:55.892580+00:00,38.90924270280384
2025-06-16 03:17:57.218346+00:00,38.90926697344529
2025-06-16 03:17:59.692567+00:00,38.89177141619197
2025-06-16 03:18:02.373108+00:00,38.8918203686528
2025-06-16 03:18:03.418388+00:00,38.90929123335002
2025-06-16 03:18:11.284997+00:00,38.92666533758773
2025-06-16 03:18:11.908463+00:00,38.91505828468162
2025-06-16 03:18:14.231331+00:00,38.955790817450705
2025-06-16 03:18:14.583239+00:00,38.93832051322656
2025-06-16 03:18:14.858797+00:00,38.94413604562124
2025-06-16 03:18:18.233269+00:00,38.93839229185191
2025-06-16 03:18:20.965952+00:00,38.96744527200598
2025-06-16 03:18:28.134461+00:00,38.979075960983195
2025-06-16 03:18:29.915735+00:00,38.97912284686025
2025-06-16 03:18:30.865755+00:00,38.98491467219734
2025-06-16 03:18:33.800065+00:00,38.96746885378734
2025-06-16 03:18:34.749960+00:00,38.98491467219734
2025-06-16 03:18:36.269842+00:00,38.979075960983195
2025-06-16 03:18:37.516548+00:00,38.97326062144267
2025-06-16 03:18:38.701028+00:00,38.97323709566227
2025-06-16 03:18:39.008346+00:00,38.95581454344411
2025-06-16 03:18:39.286784+00:00,38.97323709566227
2025-06-16 03:18:39.854913+00:00,38.961629912673125
2025-06-16 03:18:43.798927+00:00,38.979052501940004
2025-06-16 03:18:44.139815+00:00,38.9674924248322
2025-06-16 03:18:45.550382+00:00,38.95581454344411
2025-06-16 03:18:46.305725+00:00,38.96744527200598
2025-06-16 03:18:46.717038+00:00,38.95586196322132
2025-06-16 03:18:47.375108+00:00,38.97902903216036
2025-06-16 03:18:47.783017+00:00,38.961629912673125
2025-06-16 03:18:48.275873+00:00,38.955790817450705
2025-06-16 03:18:48.729261+00:00,38.93834445017161
2025-06-16 03:18:50.056773+00:00,38.95583825870098
2025-06-16 03:18:50.798860+00:00,38.95581454344411
2025-06-16 03:18:51.844302+00:00,38.96746885378734
2025-06-16 03:18:52.202121+00:00,38.961629912673125
2025-06-16 03:18:52.559467+00:00,38.96744527200598
2025-06-16 03:18:52.803190+00:00,38.9673980762338
2025-06-16 03:18:54.408306+00:00,38.979099409289944
2025-06-16 03:18:57.059240+00:00,38.97323709566227
2025-06-16 03:18:57.674886+00:00,38.97326062144267
2025-06-16 03:18:58.426165+00:00,38.96158258342558
2025-06-16 03:18:59.150095+00:00,38.961629912673125
2025-06-16 03:19:03.007748+00:00,38.96165356119213
2025-06-16 03:19:03.649020+00:00,38.961629912673125
2025-06-16 03:19:04.146824+00:00,38.95581454344411
2025-06-16 03:19:05.734320+00:00,38.97326062144267
2025-06-16 03:19:06.236192+00:00,38.979075960983195
2025-06-16 03:19:06.739098+00:00,38.984844495278715
2025-06-16 03:19:11.763004+00:00,38.97323709566227
2025-06-16 03:19:15.636961+00:00,38.96744527200598
2025-06-16 03:19:17.866349+00:00,38.99649866139487
2025-06-16 03:19:19.684872+00:00,38.98489129062756
2025-06-16 03:19:21.104170+00:00,38.97328413648661
2025-06-16 03:19:22.401813+00:00,38.96742167948814
2025-06-16 03:19:22.775744+00:00,39.008198728755424
2025-06-16 03:19:23.074758+00:00,38.97326062144267
2025-06-16 03:19:23.361489+00:00,38.97326062144267
2025-06-16 03:19:27.394965+00:00,38.97330764079408
2025-06-16 03:19:27.931495+00:00,38.97912284686025
2025-06-16 03:19:28.564799+00:00,38.97328413648661
2025-06-16 03:19:31.557484+00:00,38.990729925208804
2025-06-16 03:19:33.085592+00:00,38.9674924248322
2025-06-16 03:19:33.987813+00:00,38.98493804303071
2025-06-16 03:19:36.632461+00:00,38.97916968979155
2025-06-16 03:19:37.864008+00:00,38.96751598514059
2025-06-16 03:19:39.049819+00:00,38.95588565700512
2025-06-16 03:19:40.293079+00:00,38.9733311343651
2025-06-16 03:19:43.764129+00:00,38.9733311343651
2025-06-16 03:19:44.088371+00:00,38.950046717572306
2025-06-16 03:19:44.939524+00:00,38.97330764079408
2025-06-16 03:19:48.230506+00:00,38.990753229305454
2025-06-16 03:19:51.046198+00:00,38.9674924248322
2025-06-16 03:19:51.294563+00:00,38.9674924248322
2025-06-16 03:19:52.532730+00:00,38.95588565700512
2025-06-16 03:19:56.525331+00:00,38.96744527200598
2025-06-16 03:19:58.195992+00:00,38.96165356119213
2025-06-16 03:20:03.326297+00:00,38.96746885378734
2025-06-16 03:20:05.103212+00:00,38.97330764079408
2025-06-16 03:20:08.204153+00:00,38.944207624030874
2025-06-16 03:20:09.672482+00:00,38.95581454344411
2025-06-16 03:20:19.461041+00:00,38.93252897461913
2025-06-16 03:20:21.466278+00:00,38.93255296756639
2025-06-16 03:20:21.978518+00:00,38.93257694977701
2025-06-16 03:20:26.542492+00:00,38.94413604562124
2025-06-16 03:20:27.630118+00:00,38.9209462359394
2025-06-16 03:20:31.796799+00:00,38.93836837638007
2025-06-16 03:20:33.230540+00:00,38.95581454344411
2025-06-16 03:20:36.214115+00:00,38.944183775297574
2025-06-16 03:20:38.504576+00:00,38.961629912673125
2025-06-16 03:20:39.521943+00:00,38.944159915827704
2025-06-16 03:20:40.526500+00:00,38.93834445017161
2025-06-16 03:20:44.363882+00:00,38.961606253417614
2025-06-16 03:20:46.452817+00:00,38.92092212025054
2025-06-16 03:20:47.455521+00:00,38.93255296756639
2025-06-16 03:20:48.820109+00:00,38.944183775297574
2025-06-16 03:20:49.262831+00:00,38.93836837638007
2025-06-16 03:20:52.272331+00:00,38.96744527200598
2025-06-16 03:20:54.218962+00:00,38.97328413648661
2025-06-16 03:20:55.027772+00:00,38.93839229185191
2025-06-16 03:20:55.839477+00:00,38.95581454344411
2025-06-16 03:20:57.780401+00:00,38.96744527200598
2025-06-16 03:20:58.405787+00:00,38.96742167948814
2025-06-16 03:21:00.195805+00:00,38.955767080720754
2025-06-16 03:21:01.488329+00:00,38.944159915827704
2025-06-16 03:21:03.938578+00:00,38.961629912673125
2025-06-16 03:21:06.904847+00:00,38.93836837638007
2025-06-16 03:21:14.439019+00:00,38.944159915827704
2025-06-16 03:21:17.164468+00:00,38.92092212025054
2025-06-16 03:21:18.027708+00:00,38.93839229185191
2025-06-16 03:21:20.517090+00:00,38.97328413648661
2025-06-16 03:21:23.902060+00:00,38.96751598514059
2025-06-16 03:21:24.180070+00:00,38.96746885378734
2025-06-16 03:21:25.055624+00:00,38.95586196322132
2025-06-16 03:21:26.221278+00:00,38.96165356119213
2025-06-16 03:21:27.564086+00:00,38.944207624030874
2025-06-16 03:21:30.075463+00:00,38.94423146202758
2025-06-16 03:21:34.160319+00:00,38.96742167948814
2025-06-16 03:21:34.455315+00:00,38.9674924248322
2025-06-16 03:21:35.748084+00:00,38.944183775297574
2025-06-16 03:21:36.241238+00:00,38.9674924248322
2025-06-16 03:21:37.929637+00:00,38.96167719897461
2025-06-16 03:21:38.572745+00:00,38.95581454344411
2025-06-16 03:21:39.088413+00:00,38.961629912673125
2025-06-16 03:21:40.452548+00:00,38.961629912673125
2025-06-16 03:21:41.412464+00:00,38.944183775297574
2025-06-16 03:21:42.603707+00:00,38.96165356119213
2025-06-16 03:21:48.606223+00:00,38.95583825870098
2025-06-16 03:21:49.588826+00:00,38.95586196322132
2025-06-16 03:21:53.144895+00:00,38.979075960983195
2025-06-16 03:21:55.546271+00:00,38.97335461719965
2025-06-16 03:21:56.953203+00:00,38.97328413648661
2025-06-16 03:21:59.349995+00:00,38.95586196322132
2025-06-16 03:22:01.094007+00:00,38.9674924248322
2025-06-16 03:22:02.257788+00:00,38.96167719897461
2025-06-16 03:22:06.195758+00:00,38.932600921251
2025-06-16 03:22:13.137123+00:00,38.944183775297574
2025-06-16 03:22:13.387729+00:00,38.95583825870098
2025-06-16 03:22:13.629798+00:00,38.95581454344411
2025-06-16 03:22:14.080500+00:00,38.96746885378734
2025-06-16 03:22:15.141448+00:00,38.9674924248322
2025-06-16 03:22:15.525337+00:00,38.93255296756639
2025-06-16 03:22:18.611547+00:00,38.93836837638007
2025-06-16 03:22:22.920911+00:00,38.92092212025054
2025-06-16 03:22:27.169258+00:00,38.93834445017161
2025-06-16 03:22:27.921567+00:00,38.9209462359394
2025-06-16 03:22:30.685182+00:00,38.903427111029444
2025-06-16 03:22:31.561979+00:00,38.93839229185191
2025-06-16 03:22:36.034359+00:00,38.93257694977701
2025-06-16 03:22:40.344398+00:00,38.93841619658715
2025-06-16 03:22:41.269963+00:00,38.96167719897461
2025-06-16 03:22:43.862308+00:00,38.97330764079408
2025-06-16 03:22:44.913979+00:00,38.95583825870098
2025-06-16 03:22:47.181626+00:00,38.95586196322132
2025-06-16 03:22:48.568589+00:00,38.95583825870098
2025-06-16 03:22:50.676742+00:00,38.93844009058579
2025-06-16 03:22:51.397663+00:00,38.93841619658715
2025-06-16 03:22:54.295083+00:00,38.94423146202758
2025-06-16 03:22:54.504849+00:00,38.92671348917026
2025-06-16 03:22:56.953827+00:00,38.92099443510712
2025-06-16 03:22:57.228645+00:00,38.93257694977701
2025-06-16 03:22:58.478158+00:00,38.932600921251
2025-06-16 03:22:59.766730+00:00,38.93252897461913
2025-06-16 03:23:02.995202+00:00,38.92680966349549
2025-06-16 03:23:08.509595+00:00,38.92676159780617
2025-06-16 03:23:08.892581+00:00,38.92092212025054
2025-06-16 03:23:10.028392+00:00,38.94427910581128
2025-06-16 03:23:11.259098+00:00,38.920970340891586
2025-06-16 03:23:16.992371+00:00,38.93839229185191
2025-06-16 03:23:21.426748+00:00,38.95583825870098
2025-06-16 03:23:22.266073+00:00,38.95588565700512
2025-06-16 03:23:22.918799+00:00,38.96167719897461
2025-06-16 03:23:24.061381+00:00,38.93836837638007
2025-06-16 03:23:24.344806+00:00,38.96751598514059
2025-06-16 03:23:25.625342+00:00,38.95588565700512
2025-06-16 03:23:28.942556+00:00,38.926785636019154
2025-06-16 03:23:31.547739+00:00,38.96167719897461
2025-06-16 03:23:32.735908+00:00,38.93269669978079
2025-06-16 03:23:38.152472+00:00,38.95586196322132
2025-06-16 03:23:38.889723+00:00,38.961700826020596
2025-06-16 03:23:40.211696+00:00,38.94423146202758
2025-06-16 03:23:40.686262+00:00,38.95588565700512
2025-06-16 03:23:41.347188+00:00,38.95588565700512
2025-06-16 03:23:44.445326+00:00,38.95588565700512
2025-06-16 03:23:46.572872+00:00,38.96172444233007
2025-06-16 03:23:49.166208+00:00,38.9733311343651
2025-06-16 03:23:50.828165+00:00,38.9559093400524
2025-06-16 03:23:52.443700+00:00,38.938487846373285
2025-06-16 03:23:52.744567+00:00,38.93262488198838
2025-06-16 03:23:53.252131+00:00,38.932600921251
2025-06-16 03:23:55.022208+00:00,38.932600921251
2025-06-16 03:23:55.482460+00:00,38.93841619658715
2025-06-16 03:23:56.877273+00:00,38.94425528928772
2025-06-16 03:23:58.949192+00:00,38.94425528928772
2025-06-16 03:24:04.328654+00:00,38.92676159780617
2025-06-16 03:24:08.019136+00:00,38.90929123335002
2025-06-16 03:24:10.239744+00:00,38.897635913480016
2025-06-16 03:24:11.201138+00:00,38.91505828468162
2025-06-16 03:24:14.693496+00:00,38.903451448410856
2025-06-16 03:24:16.172871+00:00,38.89761150935842
2025-06-16 03:24:16.642277+00:00,38.90924270280384
2025-06-16 03:24:17.290869+00:00,38.90929123335002
2025-06-16 03:24:17.762838+00:00,38.903451448410856
2025-06-16 03:24:18.127930+00:00,38.89761150935842
2025-06-16 03:24:19.889207+00:00,38.92676159780617
2025-06-16 03:24:20.934957+00:00,38.91510668174836
2025-06-16 03:24:22.325580+00:00,38.89766030686485
2025-06-16 03:24:24.074215+00:00,38.90929123335002
2025-06-16 03:24:24.457056+00:00,38.90924270280384
2025-06-16 03:24:24.858820+00:00,38.91505828468162
2025-06-16 03:24:29.577756+00:00,38.89758709450005
2025-06-16 03:24:33.056753+00:00,38.89758709450005
2025-06-16 03:24:35.790991+00:00,38.903427111029444
2025-06-16 03:24:37.318539+00:00,38.909218421425656
2025-06-16 03:24:37.861872+00:00,38.891795897790786
2025-06-16 03:24:39.448822+00:00,38.87439833514053
2025-06-16 03:24:40.203969+00:00,38.891795897790786
2025-06-16 03:24:40.469370+00:00,38.89761150935842
2025-06-16 03:24:40.829917+00:00,38.88014002988529
2025-06-16 03:24:41.130815+00:00,38.88595572798706
2025-06-16 03:24:41.481011+00:00,38.9150340700432
2025-06-16 03:24:43.176211+00:00,38.903451448410856
2025-06-16 03:24:45.515362+00:00,38.89766030686485
2025-06-16 03:24:46.826764+00:00,38.85111127776326
2025-06-16 03:24:47.381850+00:00,38.88595572798706
2025-06-16 03:24:47.848578+00:00,38.87437367479278
2025-06-16 03:24:51.289144+00:00,38.880115404068086
2025-06-16 03:24:51.865563+00:00,38.897635913480016
2025-06-16 03:24:52.791664+00:00,38.891795897790786
2025-06-16 03:24:54.481543+00:00,38.89177141619197
2025-06-16 03:24:54.765168+00:00,38.874349003708154
2025-06-16 03:24:55.033201+00:00,38.87429962932834
2025-06-16 03:24:56.392380+00:00,38.891795897790786
2025-06-16 03:24:56.936142+00:00,38.874324321886675
2025-06-16 03:24:58.113400+00:00,38.87437367479278
2025-06-16 03:24:59.032544+00:00,38.856902020555964
2025-06-16 03:24:59.541861+00:00,38.868508603991216
2025-06-16 03:25:00.755329+00:00,38.868508603991216
2025-06-16 03:25:01.830593+00:00,38.862668050157616
2025-06-16 03:25:08.313853+00:00,38.862717691503306
2025-06-16 03:25:11.263307+00:00,38.868533352554046
2025-06-16 03:25:14.196964+00:00,38.874324321886675
2025-06-16 03:25:14.806432+00:00,38.88016464496565
2025-06-16 03:25:15.249369+00:00,38.868533352554046
2025-06-16 03:25:18.774469+00:00,38.88016464496565
2025-06-16 03:25:30.722067+00:00,38.91505828468162
2025-06-16 03:25:37.212718+00:00,38.90929123335002
2025-06-16 03:25:37.648215+00:00,38.903427111029444
2025-06-16 03:25:43.267285+00:00,38.903427111029444
2025-06-16 03:25:45.528782+00:00,38.92092212025054
2025-06-16 03:25:46.765243+00:00,38.920897993824994
2025-06-16 03:25:47.398501+00:00,38.920897993824994
2025-06-16 03:25:47.822913+00:00,38.90924270280384
2025-06-16 03:25:50.666597+00:00,38.91510668174836
2025-06-16 03:25:51.073568+00:00,38.920897993824994
2025-06-16 03:25:51.386246+00:00,38.92671348917026
2025-06-16 03:25:52.242010+00:00,38.93252897461913
2025-06-16 03:25:52.501992+00:00,38.9209462359394
2025-06-16 03:25:55.700600+00:00,38.91510668174836
2025-06-16 03:25:57.880213+00:00,38.93248095651473
2025-06-16 03:25:58.166723+00:00,38.920897993824994
2025-06-16 03:25:59.767921+00:00,38.9209462359394
2025-06-16 03:26:00.403570+00:00,38.93257694977701
2025-06-16 03:26:02.488342+00:00,38.93839229185191
2025-06-16 03:26:05.015020+00:00,38.93257694977701
2025-06-16 03:26:05.471779+00:00,38.955790817450705
2025-06-16 03:26:06.618095+00:00,38.90926697344529
2025-06-16 03:26:07.033756+00:00,38.93255296756639
2025-06-16 03:26:09.605932+00:00,38.926785636019154
2025-06-16 03:26:10.377076+00:00,38.93257694977701
2025-06-16 03:26:10.902512+00:00,38.9209462359394
2025-06-16 03:26:13.668000+00:00,38.93836837638007
2025-06-16 03:26:15.918806+00:00,38.944207624030874
2025-06-16 03:26:17.108735+00:00,38.93839229185191
2025-06-16 03:26:17.485788+00:00,38.926737548856536
2025-06-16 03:26:18.022858+00:00,38.926737548856536
2025-06-16 03:26:18.744823+00:00,38.926737548856536
2025-06-16 03:26:19.081971+00:00,38.92092212025054
2025-06-16 03:26:19.967355+00:00,38.95583825870098
2025-06-16 03:26:20.843180+00:00,38.926785636019154
2025-06-16 03:26:22.279943+00:00,38.944207624030874
2025-06-16 03:26:22.642359+00:00,38.93255296756639
2025-06-16 03:26:25.178060+00:00,38.92101851858597
2025-06-16 03:26:25.561466+00:00,38.96165356119213
2025-06-16 03:26:26.333332+00:00,38.944207624030874
2025-06-16 03:26:29.683030+00:00,38.944207624030874
2025-06-16 03:26:30.674058+00:00,38.94423146202758
2025-06-16 03:26:32.829427+00:00,38.9733311343651
2025-06-16 03:26:33.853413+00:00,38.96167719897461
2025-06-16 03:26:34.386142+00:00,38.932600921251
2025-06-16 03:26:34.968412+00:00,38.95583825870098
2025-06-16 03:26:35.252246+00:00,38.92676159780617
2025-06-16 03:26:35.528424+00:00,38.96746885378734
2025-06-16 03:26:35.929834+00:00,38.932600921251
2025-06-16 03:26:37.959106+00:00,38.97914627369413
2025-06-16 03:26:38.953286+00:00,38.932600921251
2025-06-16 03:26:43.631032+00:00,38.95586196322132
2025-06-16 03:26:44.768266+00:00,38.95586196322132
2025-06-16 03:26:46.862343+00:00,38.93841619658715
2025-06-16 03:26:49.277738+00:00,38.94423146202758
2025-06-16 03:26:49.636950+00:00,38.96167719897461
2025-06-16 03:26:50.354574+00:00,38.93841619658715
2025-06-16 03:26:51.618525+00:00,38.95586196322132
2025-06-16 03:26:52.433494+00:00,38.94427910581128
2025-06-16 03:26:53.613844+00:00,38.938463973847846
2025-06-16 03:26:55.516759+00:00,38.96751598514059
2025-06-16 03:26:57.256287+00:00,38.95593301236315
2025-06-16 03:26:59.398768+00:00,38.95593301236315
2025-06-16 03:27:00.057244+00:00,38.97335461719965
2025-06-16 03:27:04.644126+00:00,38.97335461719965
2025-06-16 03:27:05.996169+00:00,38.97921648977711
2025-06-16 03:27:07.495176+00:00,38.97919309515254
2025-06-16 03:27:07.945406+00:00,38.97921648977711
2025-06-16 03:27:13.948258+00:00,38.98496140312766
2025-06-16 03:27:16.768860+00:00,38.96753953471249
2025-06-16 03:27:18.511462+00:00,38.99663805334678
2025-06-16 03:27:20.738392+00:00,38.973401550659375
2025-06-16 03:27:21.967453+00:00,38.97916968979155
2025-06-16 03:27:22.525237+00:00,38.98496140312766
2025-06-16 03:27:23.159935+00:00,38.97916968979155
2025-06-16 03:27:23.778094+00:00,38.99079980528958
2025-06-16 03:27:24.012432+00:00,38.97916968979155
2025-06-16 03:27:25.842156+00:00,38.96753953471249
2025-06-16 03:27:27.971631+00:00,38.97916968979155
2025-06-16 03:27:28.623661+00:00,38.97916968979155
2025-06-16 03:27:29.968999+00:00,38.973401550659375
2025-06-16 03:27:30.817751+00:00,38.94427910581128
2025-06-16 03:27:38.033655+00:00,38.973401550659375
2025-06-16 03:27:38.408910+00:00,38.9849847524882
2025-06-16 03:27:38.964573+00:00,38.9675630735479
2025-06-16 03:27:39.449162+00:00,38.97919309515254
2025-06-16 03:27:39.932854+00:00,38.961748047903036
2025-06-16 03:27:40.623451+00:00,38.96753953471249
2025-06-16 03:27:42.135074+00:00,38.96753953471249
2025-06-16 03:27:42.582470+00:00,38.9675630735479
2025-06-16 03:27:42.886599+00:00,38.9675630735479
2025-06-16 03:27:45.043830+00:00,38.9674924248322
2025-06-16 03:27:45.493874+00:00,38.97335461719965
2025-06-16 03:27:46.713479+00:00,38.97919309515254
2025-06-16 03:27:49.755120+00:00,39.00245301962146
2025-06-16 03:27:50.138649+00:00,38.98503141900003
2025-06-16 03:27:50.613705+00:00,39.002429881206595
2025-06-16 03:27:51.074975+00:00,38.99077652266571
2025-06-16 03:27:51.995137+00:00,38.97921648977711
2025-06-16 03:27:52.521329+00:00,38.97916968979155
2025-06-16 03:27:52.871527+00:00,38.9849847524882
2025-06-16 03:27:53.237317+00:00,38.98496140312766
2025-06-16 03:27:53.489573+00:00,38.99082307717706
2025-06-16 03:27:54.607837+00:00,38.98496140312766
2025-06-16 03:27:57.699296+00:00,38.97335461719965
2025-06-16 03:27:57.866901+00:00,38.97914627369413
2025-06-16 03:27:58.300075+00:00,38.97335461719965
2025-06-16 03:27:58.911844+00:00,38.990846338328154
2025-06-16 03:27:59.766133+00:00,38.99663805334678
2025-06-16 03:28:02.958685+00:00,38.99079980528958
2025-06-16 03:28:07.718243+00:00,38.96753953471249
2025-06-16 03:28:08.132098+00:00,38.96753953471249
2025-06-16 03:28:09.395228+00:00,38.96753953471249
2025-06-16 03:28:11.878012+00:00,38.97916968979155
2025-06-16 03:28:17.112134+00:00,38.94430291159827
2025-06-16 03:28:20.955670+00:00,38.96758660164684
2025-06-16 03:28:22.790089+00:00,38.97916968979155
2025-06-16 03:28:24.337716+00:00,38.98500809111231
2025-06-16 03:28:25.793536+00:00,38.9849847524882
2025-06-16 03:28:26.327402+00:00,38.96753953471249
2025-06-16 03:28:26.560891+00:00,38.99079980528958
2025-06-16 03:28:29.862166+00:00,38.9675630735479
2025-06-16 03:28:31.740803+00:00,38.99079980528958
2025-06-16 03:28:32.217087+00:00,38.97921648977711
2025-06-16 03:28:32.585051+00:00,38.97916968979155
2025-06-16 03:28:32.935350+00:00,38.99079980528958
2025-06-16 03:28:33.751775+00:00,38.96753953471249
2025-06-16 03:28:34.356552+00:00,38.98500809111231
2025-06-16 03:28:35.543418+00:00,38.99082307717706
2025-06-16 03:28:39.915387+00:00,38.97916968979155
2025-06-16 03:28:40.147883+00:00,39.002429881206595
2025-06-16 03:28:43.416136+00:00,39.01987492086767
2025-06-16 03:28:44.214575+00:00,38.99077652266571
2025-06-16 03:28:46.032567+00:00,38.97916968979155
2025-06-16 03:28:48.166526+00:00,38.96172444233007
2025-06-16 03:28:50.065237+00:00,38.97912284686025
2025-06-16 03:28:52.462706+00:00,38.98496140312766
2025-06-16 03:28:52.822990+00:00,38.97914627369413
2025-06-16 03:28:53.098316+00:00,38.97916968979155
2025-06-16 03:28:53.890863+00:00,38.961700826020596
2025-06-16 03:28:54.397863+00:00,38.97912284686025
2025-06-16 03:28:54.644231+00:00,38.97912284686025
2025-06-16 03:28:57.851271+00:00,38.97335461719965
2025-06-16 03:28:58.937745+00:00,38.97335461719965
2025-06-16 03:28:59.464472+00:00,38.9674924248322
2025-06-16 03:29:03.367217+00:00,38.961700826020596
2025-06-16 03:29:04.704287+00:00,38.97916968979155
2025-06-16 03:29:08.891955+00:00,38.98503141900003
2025-06-16 03:29:09.483972+00:00,38.97335461719965
2025-06-16 03:29:11.767480+00:00,38.9849847524882
2025-06-16 03:29:12.416870+00:00,38.97337808929774
2025-06-16 03:29:12.786567+00:00,38.96758660164684
2025-06-16 03:29:13.905584+00:00,38.973401550659375
2025-06-16 03:29:14.900761+00:00,38.99661484819572
2025-06-16 03:29:19.240678+00:00,38.98500809111231
2025-06-16 03:29:19.653330+00:00,39.00245301962146
2025-06-16 03:29:22.210315+00:00,39.002476147299994
2025-06-16 03:29:25.007833+00:00,38.99082307717706
2025-06-16 03:29:26.285004+00:00,38.973401550659375
2025-06-16 03:29:28.481049+00:00,38.99079980528958
2025-06-16 03:29:29.230905+00:00,38.97916968979155
2025-06-16 03:29:32.492335+00:00,38.990846338328154
2025-06-16 03:29:34.070678+00:00,38.973401550659375
2025-06-16 03:29:35.624025+00:00,38.98503141900003
2025-06-16 03:29:36.642040+00:00,38.990846338328154
2025-06-16 03:29:41.510648+00:00,38.96758660164684
2025-06-16 03:29:44.018896+00:00,38.95595667393737
2025-06-16 03:29:44.252825+00:00,38.95595667393737
2025-06-16 03:29:44.652367+00:00,38.97344844117328
2025-06-16 03:29:44.945021+00:00,38.95595667393737
2025-06-16 03:29:45.575834+00:00,38.95593301236315
2025-06-16 03:29:46.166025+00:00,38.93851170816214
2025-06-16 03:29:46.541515+00:00,38.95595667393737
2025-06-16 03:29:46.899380+00:00,38.944350490962535
2025-06-16 03:29:47.272982+00:00,38.973401550659375
2025-06-16 03:29:47.955919+00:00,38.93264883198914
2025-06-16 03:29:52.201584+00:00,38.95593301236315
2025-06-16 03:29:53.925328+00:00,38.96758660164684
2025-06-16 03:29:54.070675+00:00,38.990846338328154
2025-06-16 03:29:54.304979+00:00,38.973401550659375
2025-06-16 03:29:55.303559+00:00,38.96177164273951
2025-06-16 03:29:56.879297+00:00,38.97337808929774
2025-06-16 03:29:57.206458+00:00,38.98503141900003
2025-06-16 03:29:58.069487+00:00,38.973425001284554
2025-06-16 03:29:58.909818+00:00,38.990846338328154
2025-06-16 03:29:59.796305+00:00,38.9675630735479
2025-06-16 03:30:01.952001+00:00,38.98507804256623
2025-06-16 03:30:04.120789+00:00,38.98503141900003
2025-06-16 03:30:04.955821+00:00,38.990846338328154
2025-06-16 03:30:06.456074+00:00,39.00245301962146
2025-06-16 03:30:09.296220+00:00,38.990846338328154
2025-06-16 03:30:10.848815+00:00,39.002476147299994
2025-06-16 03:30:11.423820+00:00,38.97926324681693
2025-06-16 03:30:12.991123+00:00,38.9966844314398
2025-06-16 03:30:13.500147+00:00,38.990846338328154
2025-06-16 03:30:14.099808+00:00,39.019943703281854
2025-06-16 03:30:15.538735+00:00,38.9966844314398
2025-06-16 03:30:18.981001+00:00,38.97916968979155
2025-06-16 03:30:22.026101+00:00,39.014059917542575
2025-06-16 03:30:25.340131+00:00,38.99082307717706
2025-06-16 03:30:26.499305+00:00,39.008244904322204
2025-06-16 03:30:29.964373+00:00,39.002429881206595
2025-06-16 03:30:33.760560+00:00,38.98503141900003
2025-06-16 03:30:36.372340+00:00,38.99661484819572
2025-06-16 03:30:36.880917+00:00,38.990846338328154
2025-06-16 03:30:38.351179+00:00,38.97919309515254
2025-06-16 03:30:38.951729+00:00,39.00245301962146
2025-06-16 03:30:44.693915+00:00,38.99666124776147
2025-06-16 03:30:47.689482+00:00,38.996707604381776
2025-06-16 03:30:50.214981+00:00,38.97926324681693
2025-06-16 03:30:51.311728+00:00,38.95595667393737
2025-06-16 03:30:51.576279+00:00,38.98507804256623
2025-06-16 03:30:51.787116+00:00,38.98500809111231
2025-06-16 03:30:52.086481+00:00,38.96753953471249
2025-06-16 03:30:54.357271+00:00,38.97926324681693
2025-06-16 03:30:57.748275+00:00,38.97919309515254
2025-06-16 03:31:01.721331+00:00,38.95588565700512
2025-06-16 03:31:02.680868+00:00,38.96753953471249
2025-06-16 03:31:02.994826+00:00,38.97916968979155
2025-06-16 03:31:03.631857+00:00,38.97912284686025
2025-06-16 03:31:05.108861+00:00,38.97337808929774
2025-06-16 03:31:10.089509+00:00,38.96751598514059
2025-06-16 03:31:10.540480+00:00,38.97912284686025
2025-06-16 03:31:10.920162+00:00,38.961700826020596
2025-06-16 03:31:11.623238+00:00,38.95588565700512
2025-06-16 03:31:17.202085+00:00,38.97335461719965
2025-06-16 03:31:20.527317+00:00,38.95588565700512
2025-06-16 03:31:22.166582+00:00,38.961700826020596
2025-06-16 03:31:28.298107+00:00,38.97916968979155
2025-06-16 03:31:30.905570+00:00,38.9849847524882
2025-06-16 03:31:31.589519+00:00,38.97921648977711
2025-06-16 03:31:37.210595+00:00,38.97335461719965
2025-06-16 03:31:37.478751+00:00,38.96746885378734
2025-06-16 03:31:37.826686+00:00,38.96751598514059
2025-06-16 03:31:39.300785+00:00,38.96172444233007
2025-06-16 03:31:40.637410+00:00,38.99077652266571
2025-06-16 03:31:42.380719+00:00,38.95581454344411
2025-06-16 03:31:43.947519+00:00,38.944207624030874
2025-06-16 03:31:44.562762+00:00,38.932600921251
2025-06-16 03:31:46.973529+00:00,38.93257694977701
2025-06-16 03:31:47.972443+00:00,38.93257694977701
2025-06-16 03:31:50.652851+00:00,38.944207624030874
2025-06-16 03:31:52.561535+00:00,38.93262488198838
2025-06-16 03:31:53.221811+00:00,38.944207624030874
2025-06-16 03:31:56.673433+00:00,38.96165356119213
2025-06-16 03:31:57.027834+00:00,38.944159915827704
2025-06-16 03:31:57.281961+00:00,38.944183775297574
2025-06-16 03:31:57.527448+00:00,38.926737548856536
2025-06-16 03:31:57.808563+00:00,38.955767080720754
2025-06-16 03:31:58.251395+00:00,38.93255296756639
2025-06-16 03:32:04.351993+00:00,38.93839229185191
2025-06-16 03:32:09.554877+00:00,38.93841619658715
2025-06-16 03:32:13.177583+00:00,38.94423146202758
2025-06-16 03:32:15.398429+00:00,38.94425528928772
2025-06-16 03:32:17.001811+00:00,38.96746885378734
2025-06-16 03:32:17.390631+00:00,38.92676159780617
2025-06-16 03:32:18.345045+00:00,38.95586196322132
2025-06-16 03:32:20.232866+00:00,38.97328413648661
2025-06-16 03:32:23.081193+00:00,38.96744527200598
2025-06-16 03:32:25.095814+00:00,38.96753953471249
2025-06-16 03:32:26.002064+00:00,38.97330764079408
2025-06-16 03:32:26.264317+00:00,38.9559093400524
2025-06-16 03:32:26.735555+00:00,38.96751598514059
2025-06-16 03:32:26.985351+00:00,38.938463973847846
2025-06-16 03:32:28.335838+00:00,38.96753953471249
2025-06-16 03:32:28.653851+00:00,38.95588565700512
2025-06-16 03:32:29.816571+00:00,38.94425528928772
2025-06-16 03:32:30.679581+00:00,38.93262488198838
2025-06-16 03:32:33.102370+00:00,38.94423146202758
2025-06-16 03:32:33.608285+00:00,38.96753953471249
2025-06-16 03:32:34.635979+00:00,38.93839229185191
2025-06-16 03:32:36.733202+00:00,38.95588565700512
2025-06-16 03:32:38.036600+00:00,38.93264883198914
2025-06-16 03:32:38.812973+00:00,38.93841619658715
2025-06-16 03:32:41.095066+00:00,38.94427910581128
2025-06-16 03:32:44.359789+00:00,38.9559093400524
2025-06-16 03:32:51.810058+00:00,38.95586196322132
2025-06-16 03:32:53.013161+00:00,38.9559093400524
2025-06-16 03:32:54.633299+00:00,38.9674924248322
2025-06-16 03:32:56.362562+00:00,38.96167719897461
2025-06-16 03:33:00.144966+00:00,38.92676159780617
2025-06-16 03:33:04.436631+00:00,38.90929123335002
2025-06-16 03:33:05.084580+00:00,38.90929123335002
2025-06-16 03:33:05.578013+00:00,38.89184482877802
2025-06-16 03:33:06.085286+00:00,38.926737548856536
2025-06-16 03:33:07.088967+00:00,38.92671348917026
2025-06-16 03:33:10.413493+00:00,38.90347577505552
2025-06-16 03:33:11.260684+00:00,38.920897993824994
2025-06-16 03:33:14.156486+00:00,38.90929123335002
2025-06-16 03:33:15.793015+00:00,38.90929123335002
2025-06-16 03:33:17.322696+00:00,38.92092212025054
2025-06-16 03:33:18.576531+00:00,38.90924270280384
2025-06-16 03:33:20.398533+00:00,38.90926697344529
2025-06-16 03:33:22.377891+00:00,38.93252897461913
2025-06-16 03:33:22.904480+00:00,38.91510668174836
2025-06-16 03:33:23.216623+00:00,38.90350009096344
2025-06-16 03:33:24.383363+00:00,38.91505828468162
2025-06-16 03:33:25.577292+00:00,38.920897993824994
2025-06-16 03:33:31.216774+00:00,38.897635913480016
2025-06-16 03:33:32.140711+00:00,38.89766030686485
2025-06-16 03:33:32.777054+00:00,38.91510668174836
2025-06-16 03:33:33.820874+00:00,38.8918203686528
2025-06-16 03:33:36.637592+00:00,38.897635913480016
2025-06-16 03:33:38.925297+00:00,38.89766030686485
2025-06-16 03:33:39.780219+00:00,38.8918937168181
2025-06-16 03:33:41.456899+00:00,38.90924270280384
2025-06-16 03:33:42.741674+00:00,38.92092212025054
2025-06-16 03:33:43.414187+00:00,38.90929123335002
2025-06-16 03:33:44.139791+00:00,38.90347577505552
2025-06-16 03:33:45.507219+00:00,38.90347577505552
2025-06-16 03:33:48.573470+00:00,38.920897993824994
2025-06-16 03:33:51.028363+00:00,38.90929123335002
2025-06-16 03:33:53.149580+00:00,38.90929123335002
2025-06-16 03:33:53.348237+00:00,38.92087385666278
2025-06-16 03:33:57.600395+00:00,38.9209462359394
2025-06-16 03:33:58.938230+00:00,38.9209462359394
2025-06-16 03:34:00.459821+00:00,38.926737548856536
2025-06-16 03:34:02.734783+00:00,38.95588565700512
2025-06-16 03:34:03.151972+00:00,38.93257694977701
2025-06-16 03:34:04.594090+00:00,38.94423146202758
2025-06-16 03:34:08.350716+00:00,38.93836837638007
2025-06-16 03:34:08.859338+00:00,38.90929123335002
2025-06-16 03:34:10.481943+00:00,38.920970340891586
2025-06-16 03:34:11.465536+00:00,38.90926697344529
2025-06-16 03:34:12.302609+00:00,38.926737548856536
2025-06-16 03:34:12.738535+00:00,38.90929123335002
2025-06-16 03:34:18.958360+00:00,38.920970340891586
2025-06-16 03:34:19.248705+00:00,38.920970340891586
2025-06-16 03:34:19.965389+00:00,38.90931548251803
2025-06-16 03:34:20.866761+00:00,38.92092212025054
2025-06-16 03:34:24.616723+00:00,38.926737548856536
2025-06-16 03:34:26.228961+00:00,38.95586196322132
2025-06-16 03:34:27.775787+00:00,38.94423146202758
2025-06-16 03:34:28.928821+00:00,38.93839229185191
2025-06-16 03:34:29.849515+00:00,38.94423146202758
2025-06-16 03:34:30.770228+00:00,38.95586196322132
2025-06-16 03:34:32.352845+00:00,38.96167719897461
2025-06-16 03:34:35.958124+00:00,38.98493804303071
2025-06-16 03:34:36.262374+00:00,38.97330764079408
2025-06-16 03:34:41.124398+00:00,38.97902903216036
2025-06-16 03:34:41.932648+00:00,38.9733311343651
2025-06-16 03:34:42.216369+00:00,38.96753953471249
2025-06-16 03:34:43.003357+00:00,38.94427910581128
2025-06-16 03:34:43.356122+00:00,38.96172444233007
2025-06-16 03:34:43.930104+00:00,38.93264883198914
2025-06-16 03:34:47.084699+00:00,38.938463973847846
2025-06-16 03:34:47.775306+00:00,38.96753953471249
2025-06-16 03:34:48.175099+00:00,38.94427910581128
2025-06-16 03:34:49.638990+00:00,38.95588565700512
2025-06-16 03:34:52.950501+00:00,38.98500809111231
2025-06-16 03:34:57.705579+00:00,38.96753953471249
2025-06-16 03:35:01.956976+00:00,38.96177164273951
2025-06-16 03:35:04.464140+00:00,38.9559093400524
2025-06-16 03:35:06.090056+00:00,38.97335461719965
2025-06-16 03:35:08.157826+00:00,38.94427910581128
2025-06-16 03:35:12.826333+00:00,38.97916968979155
2025-06-16 03:35:14.066360+00:00,38.9559093400524
2025-06-16 03:35:17.929171+00:00,38.97335461719965
2025-06-16 03:35:18.399030+00:00,38.95595667393737
2025-06-16 03:35:18.726011+00:00,38.96172444233007
2025-06-16 03:35:19.090705+00:00,38.9674924248322
2025-06-16 03:35:19.456931+00:00,38.96751598514059
2025-06-16 03:35:19.865505+00:00,38.97912284686025
2025-06-16 03:35:20.407147+00:00,38.96172444233007
2025-06-16 03:35:20.856793+00:00,38.9674924248322
2025-06-16 03:35:21.518427+00:00,38.95588565700512
2025-06-16 03:35:21.940155+00:00,38.96165356119213
2025-06-16 03:35:22.324283+00:00,38.990753229305454
2025-06-16 03:35:22.822766+00:00,38.9733311343651
2025-06-16 03:35:23.290867+00:00,38.97912284686025
2025-06-16 03:35:23.758363+00:00,39.008244904322204
2025-06-16 03:35:26.366941+00:00,38.99659163230829
2025-06-16 03:35:28.318146+00:00,38.98491467219734
2025-06-16 03:35:36.881468+00:00,38.96751598514059
2025-06-16 03:35:38.528733+00:00,38.93839229185191
2025-06-16 03:35:38.878474+00:00,38.93839229185191
2025-06-16 03:35:39.261595+00:00,38.94423146202758
2025-06-16 03:35:40.563074+00:00,38.96751598514059
2025-06-16 03:35:44.170351+00:00,38.96167719897461
2025-06-16 03:35:44.404312+00:00,38.96746885378734
2025-06-16 03:35:46.299972+00:00,38.9674924248322
2025-06-16 03:35:49.174272+00:00,38.95588565700512
2025-06-16 03:35:50.477474+00:00,38.96753953471249
2025-06-16 03:35:51.913492+00:00,38.99079980528958
2025-06-16 03:35:54.139636+00:00,38.97335461719965
2025-06-16 03:35:54.462954+00:00,38.9674924248322
2025-06-16 03:35:58.054905+00:00,38.961629912673125
2025-06-16 03:36:03.456522+00:00,38.944183775297574
2025-06-16 03:36:05.171703+00:00,38.93839229185191
2025-06-16 03:36:08.745583+00:00,38.96165356119213
2025-06-16 03:36:09.254231+00:00,38.93839229185191
2025-06-16 03:36:09.653887+00:00,38.93252897461913
2025-06-16 03:36:10.035849+00:00,38.93836837638007
2025-06-16 03:36:10.495469+00:00,38.92676159780617
2025-06-16 03:36:12.768843+00:00,38.93250497093525
2025-06-16 03:36:15.407058+00:00,38.89761150935842
2025-06-16 03:36:17.272822+00:00,38.90929123335002
2025-06-16 03:36:17.639180+00:00,38.897635913480016
2025-06-16 03:36:19.867347+00:00,38.88602934079502
2025-06-16 03:36:20.167443+00:00,38.88016464496565
2025-06-16 03:36:22.015049+00:00,38.86855809037999
2025-06-16 03:36:25.213467+00:00,38.88598027632652
2025-06-16 03:36:25.442323+00:00,38.88600481392918
2025-06-16 03:36:25.685806+00:00,38.88595572798706
2025-06-16 03:36:25.968420+00:00,38.88595572798706
2025-06-16 03:36:26.236494+00:00,38.868533352554046
2025-06-16 03:36:26.580903+00:00,38.86848384469151
2025-06-16 03:36:28.388987+00:00,38.8394549483342
2025-06-16 03:36:32.860908+00:00,38.85680242794958
2025-06-16 03:36:33.221874+00:00,38.82772258991326
2025-06-16 03:36:33.607157+00:00,38.833588929032025
2025-06-16 03:36:34.220068+00:00,38.82772258991326
2025-06-16 03:36:36.119381+00:00,38.83935455482037
2025-06-16 03:36:38.750600+00:00,38.84522060717348
2025-06-16 03:36:38.942802+00:00,38.85098648013737
2025-06-16 03:36:39.200305+00:00,38.83940477305129
2025-06-16 03:36:39.445285+00:00,38.85685224572664
2025-06-16 03:36:41.360161+00:00,38.85098648013737
2025-06-16 03:36:42.506671+00:00,38.8510364313986
2025-06-16 03:36:45.105629+00:00,38.83353857731558
2025-06-16 03:36:48.015688+00:00,38.81603979029188
2025-06-16 03:36:49.939764+00:00,38.804356374181125
2025-06-16 03:36:52.260461+00:00,38.79272375654922
2025-06-16 03:36:53.758290+00:00,38.786933191011606
2025-06-16 03:36:54.008718+00:00,38.804305226184425
2025-06-16 03:36:54.555491+00:00,38.804356374181125
2025-06-16 03:37:00.413660+00:00,38.798488788829154
2025-06-16 03:37:02.655422+00:00,38.81014716626368
2025-06-16 03:37:03.283811+00:00,38.792698054430716
2025-06-16 03:37:04.671432+00:00,38.804356374181125
2025-06-16 03:37:05.900017+00:00,38.792698054430716
2025-06-16 03:37:06.746826+00:00,38.781039417370025
2025-06-16 03:37:07.705957+00:00,38.76940645356949
2025-06-16 03:37:11.410685+00:00,38.7577995635009
2025-06-16 03:37:13.332688+00:00,38.76353783144565
2025-06-16 03:37:13.625233+00:00,38.757721191306366
2025-06-16 03:37:14.871350+00:00,38.7577734501734
2025-06-16 03:37:18.198038+00:00,38.72287420241179
2025-06-16 03:37:18.892563+00:00,38.73448093354387
2025-06-16 03:37:19.438405+00:00,38.73448093354387
2025-06-16 03:37:20.059292+00:00,38.740244865713734
2025-06-16 03:37:20.554757+00:00,38.75774732610856
2025-06-16 03:37:22.236896+00:00,38.75774732610856
2025-06-16 03:37:22.871102+00:00,38.75193074281605
2025-06-16 03:37:23.987151+00:00,38.7577734501734
2025-06-16 03:37:24.312651+00:00,38.769380462996196
2025-06-16 03:37:24.888503+00:00,38.7577734501734
2025-06-16 03:37:27.474555+00:00,38.7752229404192
2025-06-16 03:37:28.561580+00:00,38.76358995682089
2025-06-16 03:37:29.980030+00:00,38.7752229404192
2025-06-16 03:37:30.976111+00:00,38.77524885350979
2025-06-16 03:37:31.812543+00:00,38.76940645356949
2025-06-16 03:37:32.304468+00:00,38.78683009408429
2025-06-16 03:37:32.937342+00:00,38.78101356028737
2025-06-16 03:37:33.398483+00:00,38.76940645356949
2025-06-16 03:37:33.974420+00:00,38.76940645356949
2025-06-16 03:37:35.329008+00:00,38.775274755863094
2025-06-16 03:37:38.171098+00:00,38.78109109932357
2025-06-16 03:37:41.243428+00:00,38.792698054430716
2025-06-16 03:37:43.472465+00:00,38.781065263715426
2025-06-16 03:37:43.991086+00:00,38.76948436086559
2025-06-16 03:37:45.994683+00:00,38.79854007031439
2025-06-16 03:37:50.903098+00:00,38.75193074281605
2025-06-16 03:37:51.482794+00:00,38.74035018440406
2025-06-16 03:37:52.501867+00:00,38.74616665400166
2025-06-16 03:37:53.629877+00:00,38.74611414962445
2025-06-16 03:37:55.166571+00:00,38.7577995635009
2025-06-16 03:38:01.248346+00:00,38.717084207026986
2025-06-16 03:38:02.287039+00:00,38.71703103517965
2025-06-16 03:38:05.920496+00:00,38.72863784211977
2025-06-16 03:38:09.177155+00:00,38.711241040633475
2025-06-16 03:38:14.081624+00:00,38.72290071621925
2025-06-16 03:38:19.310507+00:00,38.74611414962445
2025-06-16 03:38:21.892806+00:00,38.75200928303684
2025-06-16 03:38:22.376743+00:00,38.75195693362702
2025-06-16 03:38:24.786947+00:00,38.77524885350979
2025-06-16 03:38:25.920976+00:00,38.769458402504185
2025-06-16 03:38:27.467399+00:00,38.775274755863094
2025-06-16 03:38:28.253006+00:00,38.75785175794388
2025-06-16 03:38:28.987046+00:00,38.775300647479135
2025-06-16 03:38:29.538990+00:00,38.79854007031439
2025-06-16 03:38:30.219132+00:00,38.78114273832814
2025-06-16 03:38:33.081959+00:00,38.79280079848155
2025-06-16 03:38:33.943045+00:00,38.79859130885092
2025-06-16 03:38:35.555888+00:00,38.80443301564754
2025-06-16 03:38:35.973475+00:00,38.79861691201342
2025-06-16 03:38:37.027905+00:00,38.81022363970954
2025-06-16 03:38:39.288929+00:00,38.804458541328714
2025-06-16 03:38:40.400924+00:00,38.80443301564754
2025-06-16 03:38:41.294024+00:00,38.79277512857464
2025-06-16 03:38:41.645026+00:00,38.81022363970954
2025-06-16 03:38:42.302889+00:00,38.78116854172456
2025-06-16 03:38:42.670043+00:00,38.79859130885092
2025-06-16 03:38:42.999175+00:00,38.8102491093839
2025-06-16 03:38:44.928138+00:00,38.85096148840132
2025-06-16 03:38:48.894833+00:00,38.83935455482037
2025-06-16 03:38:52.820981+00:00,38.85682734220658
2025-06-16 03:38:55.112026+00:00,38.85682734220658
2025-06-16 03:38:58.218935+00:00,38.86848384469151
2025-06-16 03:38:59.902800+00:00,38.839379669304336
2025-06-16 03:39:02.206090+00:00,38.856877138509766
2025-06-16 03:39:03.101527+00:00,38.87427492603314
2025-06-16 03:39:06.683673+00:00,38.868508603991216
2025-06-16 03:39:07.878040+00:00,38.856877138509766
2025-06-16 03:39:08.248402+00:00,38.88595572798706
2025-06-16 03:39:09.893557+00:00,38.862668050157616
2025-06-16 03:39:11.886074+00:00,38.868508603991216
2025-06-16 03:39:13.001319+00:00,38.862717691503306
2025-06-16 03:39:15.591939+00:00,38.87429962932834
2025-06-16 03:39:16.711226+00:00,38.89761150935842
2025-06-16 03:39:20.899855+00:00,38.903427111029444
2025-06-16 03:39:21.843012+00:00,38.92084970876389
2025-06-16 03:39:24.095202+00:00,38.92087385666278
2025-06-16 03:39:25.027597+00:00,38.93252897461913
2025-06-16 03:39:26.395830+00:00,38.897635913480016
2025-06-16 03:39:26.733305+00:00,38.90929123335002
2025-06-16 03:39:26.976080+00:00,38.92668941874732
2025-06-16 03:39:27.234344+00:00,38.92087385666278
2025-06-16 03:39:27.429967+00:00,38.909218421425656
2025-06-16 03:39:27.754168+00:00,38.89758709450005
2025-06-16 03:39:28.122968+00:00,38.91505828468162
2025-06-16 03:39:32.076301+00:00,38.93248095651473
2025-06-16 03:39:32.751697+00:00,38.93248095651473
2025-06-16 03:39:35.739333+00:00,38.90926697344529
2025-06-16 03:39:36.060525+00:00,38.92666533758773
2025-06-16 03:39:36.343045+00:00,38.91505828468162
2025-06-16 03:39:36.659167+00:00,38.9150340700432
2025-06-16 03:39:36.910028+00:00,38.91496136170772
2025-06-16 03:39:37.201686+00:00,38.903402762911284
2025-06-16 03:39:37.476277+00:00,38.89751378550431
2025-06-16 03:39:41.785723+00:00,38.903378404056376
2025-06-16 03:39:42.905590+00:00,38.89758709450005
2025-06-16 03:39:43.460592+00:00,38.903427111029444
2025-06-16 03:39:45.150585+00:00,38.909169826459134
2025-06-16 03:39:46.408259+00:00,38.88595572798706
2025-06-16 03:39:48.263149+00:00,38.87425021200106
2025-06-16 03:39:51.928301+00:00,38.89756266890491
2025-06-16 03:39:52.213136+00:00,38.880115404068086
2025-06-16 03:39:53.038884+00:00,38.88588201854774
2025-06-16 03:39:53.354985+00:00,38.90919412931076
2025-06-16 03:39:54.458511+00:00,38.87427492603314
2025-06-16 03:39:54.717592+00:00,38.87425021200106
2025-06-16 03:39:55.085303+00:00,38.88006612022316
2025-06-16 03:39:55.334937+00:00,38.86261836586427
2025-06-16 03:39:55.620583+00:00,38.87425021200106
2025-06-16 03:39:56.156329+00:00,38.87425021200106
2025-06-16 03:39:58.335482+00:00,38.86843429388142
2025-06-16 03:40:02.505004+00:00,38.86261836586427
2025-06-16 03:40:02.881029+00:00,38.85680242794958
2025-06-16 03:40:03.464116+00:00,38.8626432133794
2025-06-16 03:40:03.932430+00:00,38.8626432133794
2025-06-16 03:40:06.370156+00:00,38.8626432133794
2025-06-16 03:40:07.863452+00:00,38.868533352554046
2025-06-16 03:40:12.030752+00:00,38.85680242794958
2025-06-16 03:40:14.863461+00:00,38.88014002988529
2025-06-16 03:40:17.766473+00:00,38.868508603991216
2025-06-16 03:40:18.824440+00:00,38.874349003708154
2025-06-16 03:40:20.393500+00:00,38.856902020555964
2025-06-16 03:40:25.400406+00:00,38.874324321886675
2025-06-16 03:40:27.491838+00:00,38.897635913480016
2025-06-16 03:40:33.225978+00:00,38.88016464496565
2025-06-16 03:40:36.729652+00:00,38.89761150935842
2025-06-16 03:40:37.132623+00:00,38.897635913480016
2025-06-16 03:40:37.645683+00:00,38.880189249309176
2025-06-16 03:40:38.058186+00:00,38.88598027632652
2025-06-16 03:40:38.416686+00:00,38.8918203686528
2025-06-16 03:40:38.994328+00:00,38.8918203686528
2025-06-16 03:40:44.434285+00:00,38.89770906142422
2025-06-16 03:40:44.657398+00:00,38.897635913480016
2025-06-16 03:40:45.223340+00:00,38.89766030686485
2025-06-16 03:40:45.643393+00:00,38.90926697344529
2025-06-16 03:40:46.148104+00:00,38.90924270280384
2025-06-16 03:40:46.858247+00:00,38.90931548251803
2025-06-16 03:40:47.338135+00:00,38.89770906142422
2025-06-16 03:40:49.879158+00:00,38.88605385692405
2025-06-16 03:40:51.209434+00:00,38.8918937168181
2025-06-16 03:40:52.017350+00:00,38.89768468951292
2025-06-16 03:40:53.540913+00:00,38.89194256191104
2025-06-16 03:40:54.424456+00:00,38.89766030686485
2025-06-16 03:40:55.041027+00:00,38.90929123335002
2025-06-16 03:40:56.200469+00:00,38.87444762362548
2025-06-16 03:40:57.415761+00:00,38.89773342259876
2025-06-16 03:40:59.351174+00:00,38.920970340891586
2025-06-16 03:40:59.608638+00:00,38.909339720949326
2025-06-16 03:41:03.332724+00:00,38.92099443510712
2025-06-16 03:41:07.665035+00:00,38.92099443510712
2025-06-16 03:41:09.980780+00:00,38.932600921251
2025-06-16 03:41:11.072141+00:00,38.926785636019154
2025-06-16 03:41:12.237406+00:00,38.932600921251
2025-06-16 03:41:17.057241+00:00,38.93841619658715
2025-06-16 03:41:17.978804+00:00,38.94423146202758
2025-06-16 03:41:19.572435+00:00,38.920970340891586
2025-06-16 03:41:21.769309+00:00,38.93839229185191
2025-06-16 03:41:25.292954+00:00,38.9209462359394
2025-06-16 03:41:28.369504+00:00,38.93841619658715
2025-06-16 03:41:30.562855+00:00,38.926785636019154
2025-06-16 03:41:33.816306+00:00,38.926785636019154
2025-06-16 03:41:34.148536+00:00,38.944183775297574
2025-06-16 03:41:34.433169+00:00,38.944207624030874
2025-06-16 03:41:34.891391+00:00,38.93836837638007
2025-06-16 03:41:35.218314+00:00,38.93257694977701
2025-06-16 03:41:36.038807+00:00,38.926785636019154
2025-06-16 03:41:37.182398+00:00,38.926785636019154
2025-06-16 03:41:38.683842+00:00,38.93262488198838
2025-06-16 03:41:39.855789+00:00,38.93255296756639
2025-06-16 03:41:42.045140+00:00,38.93257694977701
2025-06-16 03:41:42.712479+00:00,38.926785636019154
2025-06-16 03:41:42.981381+00:00,38.94423146202758
2025-06-16 03:41:43.347713+00:00,38.93839229185191
2025-06-16 03:41:44.375064+00:00,38.95581454344411
2025-06-16 03:41:46.005626+00:00,38.95586196322132
2025-06-16 03:41:48.643808+00:00,38.9674924248322
2025-06-16 03:41:49.056682+00:00,38.990729925208804
2025-06-16 03:41:53.314762+00:00,38.95586196322132
2025-06-16 03:41:53.557861+00:00,38.97914627369413
2025-06-16 03:41:54.764831+00:00,38.979099409289944
2025-06-16 03:41:55.678306+00:00,38.961700826020596
2025-06-16 03:41:57.249592+00:00,38.961700826020596
2025-06-16 03:41:58.184436+00:00,38.9733311343651
2025-06-16 03:42:04.192930+00:00,38.99656840568449
2025-06-16 03:42:05.811301+00:00,38.99079980528958
2025-06-16 03:42:06.772122+00:00,38.97914627369413
2025-06-16 03:42:08.159804+00:00,38.97914627369413
2025-06-16 03:42:11.091483+00:00,38.97912284686025
2025-06-16 03:42:16.683473+00:00,38.96751598514059
2025-06-16 03:42:20.876992+00:00,38.97916968979155
2025-06-16 03:42:21.218566+00:00,38.9674924248322
2025-06-16 03:42:21.445372+00:00,38.96751598514059
2025-06-16 03:42:21.712712+00:00,38.97914627369413
2025-06-16 03:42:21.972157+00:00,38.9559093400524
2025-06-16 03:42:22.264250+00:00,38.97914627369413
2025-06-16 03:42:23.098753+00:00,38.96167719897461
2025-06-16 03:42:24.136212+00:00,38.96751598514059
2025-06-16 03:42:27.678578+00:00,38.96751598514059
2025-06-16 03:42:29.081164+00:00,38.95583825870098
2025-06-16 03:42:32.363127+00:00,38.97330764079408
2025-06-16 03:42:33.466558+00:00,38.961700826020596
2025-06-16 03:42:33.964370+00:00,38.95581454344411
2025-06-16 03:42:36.422484+00:00,38.97326062144267
2025-06-16 03:42:37.402583+00:00,38.96167719897461
2025-06-16 03:42:38.912720+00:00,38.9674924248322
2025-06-16 03:42:41.148712+00:00,38.97330764079408
2025-06-16 03:42:43.857212+00:00,38.961700826020596
2025-06-16 03:42:52.914307+00:00,38.93264883198914
2025-06-16 03:42:54.259931+00:00,38.938463973847846
2025-06-16 03:42:55.085579+00:00,38.94425528928772
2025-06-16 03:42:58.470580+00:00,38.96172444233007
2025-06-16 03:43:00.059065+00:00,38.96167719897461
2025-06-16 03:43:02.535250+00:00,38.94423146202758
2025-06-16 03:43:05.199277+00:00,38.932600921251
2025-06-16 03:43:07.336589+00:00,38.961748047903036
2025-06-16 03:43:07.812951+00:00,38.97335461719965
2025-06-16 03:43:08.673788+00:00,38.95586196322132
2025-06-16 03:43:09.908255+00:00,38.96751598514059
2025-06-16 03:43:12.454562+00:00,38.95593301236315
2025-06-16 03:43:16.250361+00:00,38.97335461719965
2025-06-16 03:43:18.202883+00:00,38.973401550659375
2025-06-16 03:43:19.570057+00:00,38.95593301236315
2025-06-16 03:43:23.958586+00:00,38.96753953471249
2025-06-16 03:43:25.169923+00:00,38.9675630735479
2025-06-16 03:43:25.413573+00:00,38.94425528928772
2025-06-16 03:43:26.884561+00:00,38.96753953471249
2025-06-16 03:43:27.184730+00:00,38.94427910581128
2025-06-16 03:43:27.852439+00:00,38.97337808929774
2025-06-16 03:43:29.849077+00:00,38.97919309515254
2025-06-16 03:43:35.180145+00:00,38.99663805334678
2025-06-16 03:43:36.331238+00:00,39.002522370448034
2025-06-16 03:43:38.326732+00:00,38.99663805334678
2025-06-16 03:43:39.838722+00:00,39.002476147299994
2025-06-16 03:43:40.916670+00:00,38.99082307717706
2025-06-16 03:43:41.780264+00:00,38.97916968979155
2025-06-16 03:43:42.814250+00:00,38.9849847524882
2025-06-16 03:43:45.050924+00:00,39.01408292248574
2025-06-16 03:43:45.522250+00:00,39.008267976001115
2025-06-16 03:43:47.118441+00:00,39.002476147299994
2025-06-16 03:43:48.511000+00:00,39.008198728755424
2025-06-16 03:43:50.147872+00:00,38.990846338328154
2025-06-16 03:43:50.490141+00:00,38.99079980528958
2025-06-16 03:43:56.245358+00:00,39.00245301962146
2025-06-16 03:43:56.572813+00:00,39.01410591669262
2025-06-16 03:43:57.100373+00:00,39.014059917542575
2025-06-16 03:43:57.400468+00:00,39.008267976001115
2025-06-16 03:43:57.917215+00:00,39.008267976001115
2025-06-16 03:43:58.375772+00:00,38.99666124776147
2025-06-16 03:44:02.894157+00:00,39.008221821906986
2025-06-16 03:44:03.271854+00:00,38.99079980528958
2025-06-16 03:44:05.252729+00:00,38.97919309515254
2025-06-16 03:44:08.476888+00:00,38.96753953471249
2025-06-16 03:44:12.114976+00:00,38.9733311343651
2025-06-16 03:44:13.587845+00:00,38.97916968979155
2025-06-16 03:44:15.250744+00:00,38.9733311343651
2025-06-16 03:44:17.818866+00:00,38.9674924248322
2025-06-16 03:44:21.274368+00:00,38.97912284686025
2025-06-16 03:44:22.211059+00:00,38.9674924248322
2025-06-16 03:44:22.735235+00:00,38.979075960983195
2025-06-16 03:44:22.994505+00:00,38.97912284686025
2025-06-16 03:44:23.413041+00:00,38.96165356119213
2025-06-16 03:44:24.383925+00:00,38.96746885378734
2025-06-16 03:44:27.475292+00:00,38.96167719897461
2025-06-16 03:44:28.269045+00:00,38.9674924248322
2025-06-16 03:44:33.264173+00:00,38.9674924248322
2025-06-16 03:44:36.888591+00:00,38.9733311343651
2025-06-16 03:44:37.231586+00:00,38.96753953471249
2025-06-16 03:44:37.975844+00:00,38.9733311343651
2025-06-16 03:44:39.028519+00:00,38.97335461719965
2025-06-16 03:44:40.373030+00:00,38.97335461719965
2025-06-16 03:44:41.082668+00:00,38.96751598514059
2025-06-16 03:44:47.434822+00:00,38.9674924248322
2025-06-16 03:44:49.622155+00:00,38.9559093400524
2025-06-16 03:44:50.801134+00:00,38.97337808929774
2025-06-16 03:44:51.431328+00:00,38.96172444233007
2025-06-16 03:44:53.374468+00:00,38.94430291159827
2025-06-16 03:44:57.325555+00:00,38.94425528928772
2025-06-16 03:44:57.550085+00:00,38.96753953471249
2025-06-16 03:44:57.783947+00:00,38.94425528928772
2025-06-16 03:44:58.585281+00:00,38.95588565700512
2025-06-16 03:45:04.725724+00:00,38.961700826020596
2025-06-16 03:45:05.177166+00:00,38.94427910581128
2025-06-16 03:45:05.558128+00:00,38.96753953471249
2025-06-16 03:45:06.074839+00:00,38.932600921251
2025-06-16 03:45:08.246104+00:00,38.96751598514059
2025-06-16 03:45:08.676950+00:00,38.96172444233007
2025-06-16 03:45:12.104677+00:00,38.9675630735479
2025-06-16 03:45:15.547361+00:00,38.95595667393737
2025-06-16 03:45:18.045842+00:00,38.96179522683948
2025-06-16 03:45:19.742757+00:00,38.96758660164684
2025-06-16 03:45:20.631245+00:00,38.973401550659375
2025-06-16 03:45:21.050593+00:00,38.96177164273951
2025-06-16 03:45:21.482783+00:00,38.98503141900003
2025-06-16 03:45:30.356349+00:00,38.9966844314398
2025-06-16 03:45:30.747694+00:00,39.008267976001115
2025-06-16 03:45:31.343702+00:00,39.00249926424218
2025-06-16 03:45:31.943944+00:00,38.99666124776147
2025-06-16 03:45:34.075362+00:00,39.01996660928069
2025-06-16 03:45:42.304516+00:00,39.0141289001632
2025-06-16 03:45:45.397156+00:00,39.00836015535358
2025-06-16 03:45:47.166541+00:00,39.019989504543275
2025-06-16 03:45:47.783873+00:00,39.008337126619935
2025-06-16 03:45:50.220997+00:00,39.002522370448034
2025-06-16 03:45:52.929117+00:00,39.02578133576955
2025-06-16 03:45:53.486782+00:00,38.99673076658739
2025-06-16 03:45:55.224903+00:00,39.00836015535358
2025-06-16 03:45:59.394111+00:00,39.01417483489549
2025-06-16 03:46:02.306943+00:00,39.01417483489549
2025-06-16 03:46:04.425197+00:00,39.014197786157204
2025-06-16 03:46:07.550099+00:00,39.014197786157204
2025-06-16 03:46:07.988639+00:00,39.00259162464758
2025-06-16 03:46:08.423273+00:00,38.99673076658739
2025-06-16 03:46:09.033824+00:00,39.014197786157204
2025-06-16 03:46:09.404426+00:00,39.00254546591755
2025-06-16 03:46:09.867205+00:00,39.00840618061194
2025-06-16 03:46:11.145628+00:00,39.0200123890696
2025-06-16 03:46:13.485456+00:00,39.03747881202871
2025-06-16 03:46:17.274514+00:00,39.0374561384434
2025-06-16 03:46:22.015023+00:00,39.03747881202871
2025-06-16 03:46:23.378086+00:00,39.03747881202871
2025-06-16 03:46:23.806466+00:00,39.031641565212695
2025-06-16 03:46:25.862880+00:00,39.014197786157204
2025-06-16 03:46:29.037380+00:00,39.02582698208809
2025-06-16 03:46:32.104033+00:00,39.04908525522313
2025-06-16 03:46:32.612263+00:00,39.0548548197986
2025-06-16 03:46:33.996898+00:00,39.02578133576955
2025-06-16 03:46:35.284923+00:00,39.0374334541219
2025-06-16 03:46:36.761697+00:00,39.03166430553269
2025-06-16 03:46:36.931164+00:00,39.02580416429695
2025-06-16 03:46:40.320519+00:00,39.06066948692136
2025-06-16 03:46:42.594117+00:00,39.06071433242729
2025-06-16 03:46:42.852790+00:00,39.049062704370385
2025-06-16 03:46:45.748315+00:00,39.04322545587002
2025-06-16 03:46:48.479153+00:00,39.0374561384434
2025-06-16 03:46:49.146083+00:00,39.05489979877216
2025-06-16 03:46:50.449002+00:00,39.04327070178022
2025-06-16 03:46:51.869359+00:00,39.02584978914301
2025-06-16 03:46:53.027289+00:00,39.043248084193216
2025-06-16 03:46:54.642439+00:00,39.04327070178022
2025-06-16 03:46:55.521789+00:00,39.037410759064215
2025-06-16 03:46:57.525440+00:00,39.0374334541219
2025-06-16 03:47:02.239920+00:00,39.01415187289749
2025-06-16 03:47:04.272170+00:00,39.04327070178022
2025-06-16 03:47:07.214986+00:00,39.049062704370385
2025-06-16 03:47:08.839522+00:00,39.0374561384434
2025-06-16 03:47:11.602900+00:00,39.049107795339744
2025-06-16 03:47:13.406808+00:00,39.04327070178022
2025-06-16 03:47:13.744303+00:00,39.031641565212695
2025-06-16 03:47:13.945162+00:00,39.037410759064215
2025-06-16 03:47:14.266125+00:00,39.03159605236406
2025-06-16 03:47:15.887454+00:00,39.049062704370385
2025-06-16 03:47:16.237008+00:00,39.04327070178022
2025-06-16 03:47:16.647238+00:00,39.01996660928069
2025-06-16 03:47:17.661226+00:00,39.05489979877216
2025-06-16 03:47:22.270591+00:00,39.037410759064215
2025-06-16 03:47:24.298973+00:00,39.04329330863106
2025-06-16 03:47:25.251322+00:00,39.049107795339744
2025-06-16 03:47:26.066017+00:00,39.04908525522313
2025-06-16 03:47:28.590285+00:00,39.02582698208809
2025-06-16 03:47:30.222627+00:00,39.00840618061194
2025-06-16 03:47:31.565669+00:00,39.0200123890696
2025-06-16 03:47:36.052069+00:00,38.99680018878611
2025-06-16 03:47:37.164091+00:00,38.996777058789554
2025-06-16 03:47:38.178050+00:00,39.008337126619935
2025-06-16 03:47:41.016989+00:00,39.02582698208809
2025-06-16 03:47:42.693916+00:00,39.00259162464758
2025-06-16 03:47:43.312577+00:00,39.008383173350914
2025-06-16 03:47:44.131316+00:00,39.00256855065073
2025-06-16 03:47:53.754977+00:00,39.002522370448034
2025-06-16 03:47:57.239383+00:00,38.985124623186806
2025-06-16 03:47:57.648966+00:00,38.99096248303787
2025-06-16 03:47:58.358188+00:00,39.008383173350914
2025-06-16 03:48:01.992725+00:00,39.00256855065073
2025-06-16 03:48:04.470014+00:00,39.008383173350914
2025-06-16 03:48:07.422523+00:00,39.01422072668263
2025-06-16 03:48:11.747148+00:00,39.019989504543275
2025-06-16 03:48:13.219578+00:00,39.02005812591345
2025-06-16 03:48:16.199344+00:00,39.049130324720196
2025-06-16 03:48:17.971967+00:00,39.06078152016541
2025-06-16 03:48:18.411014+00:00,39.03747881202871
2025-06-16 03:48:19.076434+00:00,39.03752412699073
2025-06-16 03:48:19.929415+00:00,39.03161881415649
2025-06-16 03:48:20.848366+00:00,39.03752412699073
2025-06-16 03:48:22.018102+00:00,39.025872585461684
2025-06-16 03:48:24.955290+00:00,39.04917535127267
2025-06-16 03:48:26.483941+00:00,39.04917535127267
2025-06-16 03:48:29.714349+00:00,39.060759134988814
2025-06-16 03:48:32.712519+00:00,39.049130324720196
2025-06-16 03:48:34.951691+00:00,39.03754676836747
2025-06-16 03:48:35.202617+00:00,39.03750147487782
2025-06-16 03:48:35.477796+00:00,39.04908525522313
2025-06-16 03:48:35.679476+00:00,39.03168703511647
2025-06-16 03:48:36.009917+00:00,39.04908525522313
2025-06-16 03:48:36.221834+00:00,39.025895371044115
2025-06-16 03:48:36.563827+00:00,39.054944734801225
2025-06-16 03:48:39.326856+00:00,39.04917535127267
2025-06-16 03:48:41.394565+00:00,39.03750147487782
2025-06-16 03:48:42.229574+00:00,39.026031859077904
2025-06-16 03:48:43.473662+00:00,39.05496718671157
2025-06-16 03:48:43.737221+00:00,39.049107795339744
2025-06-16 03:48:44.061076+00:00,39.049107795339744
2025-06-16 03:48:44.361089+00:00,39.049107795339744
2025-06-16 03:48:46.386373+00:00,39.03752412699073
2025-06-16 03:48:46.879454+00:00,39.054944734801225
2025-06-16 03:48:49.270786+00:00,39.043315904745725
2025-06-16 03:48:53.293396+00:00,39.043338490124235
2025-06-16 03:48:53.624175+00:00,39.054989627885796
2025-06-16 03:48:54.508451+00:00,39.03750147487782
2025-06-16 03:48:58.402660+00:00,39.054944734801225
2025-06-16 03:49:02.403008+00:00,39.03752412699073
2025-06-16 03:49:04.809888+00:00,39.043315904745725
2025-06-16 03:49:07.836094+00:00,39.02005812591345
2025-06-16 03:49:10.970345+00:00,39.05489979877216
2025-06-16 03:49:12.845098+00:00,39.05489979877216
2025-06-16 03:49:19.314581+00:00,39.05489979877216
2025-06-16 03:49:21.312334+00:00,39.04329330863106
2025-06-16 03:49:22.891863+00:00,39.07234337005586
2025-06-16 03:49:23.851446+00:00,39.0374561384434
2025-06-16 03:49:24.537852+00:00,39.06071433242729
2025-06-16 03:49:24.975920+00:00,39.07234337005586
2025-06-16 03:49:27.493467+00:00,39.06655119610378
2025-06-16 03:49:29.349659+00:00,39.0607367390761
2025-06-16 03:49:36.433755+00:00,39.01417483489549
2025-06-16 03:49:40.654906+00:00,39.025758496505915
2025-06-16 03:49:41.757686+00:00,39.0200123890696
2025-06-16 03:49:42.127333+00:00,39.01417483489549
2025-06-16 03:49:42.501952+00:00,39.01415187289749
2025-06-16 03:49:43.004512+00:00,39.014197786157204
2025-06-16 03:49:44.433223+00:00,38.9966844314398
2025-06-16 03:49:45.776730+00:00,39.00254546591755
2025-06-16 03:49:49.321187+00:00,39.01417483489549
2025-06-16 03:49:49.562450+00:00,39.002522370448034
2025-06-16 03:49:51.999456+00:00,38.996753918056655
2025-06-16 03:49:55.026089+00:00,39.00249926424218
2025-06-16 03:49:57.548774+00:00,38.996707604381776
2025-06-16 03:49:57.814563+00:00,38.996753918056655
2025-06-16 03:49:58.316774+00:00,38.99666124776147
2025-06-16 03:49:59.017700+00:00,39.00259162464758
2025-06-16 03:50:03.842787+00:00,39.00249926424218
2025-06-16 03:50:04.946405+00:00,39.00254546591755
2025-06-16 03:50:08.398814+00:00,39.01996660928069
2025-06-16 03:50:12.411411+00:00,39.01415187289749
2025-06-16 03:50:14.952440+00:00,38.99089282842118
2025-06-16 03:50:16.851970+00:00,38.99673076658739
2025-06-16 03:50:17.284792+00:00,38.99666124776147
2025-06-16 03:50:18.290445+00:00,39.00256855065073
2025-06-16 03:50:19.282496+00:00,38.99086958874286
2025-06-16 03:50:23.928322+00:00,39.002522370448034
2025-06-16 03:50:25.461164+00:00,39.002522370448034
2025-06-16 03:50:26.067811+00:00,39.008337126619935
2025-06-16 03:50:26.635713+00:00,39.00831408714998
2025-06-16 03:50:30.893690+00:00,39.00249926424218
2025-06-16 03:50:42.649956+00:00,38.96753953471249
2025-06-16 03:50:43.110149+00:00,38.95593301236315
2025-06-16 03:50:43.507902+00:00,38.961748047903036
2025-06-16 03:50:46.643900+00:00,38.9675630735479
2025-06-16 03:50:48.933923+00:00,38.96177164273951
2025-06-16 03:50:49.373166+00:00,38.96172444233007
2025-06-16 03:50:54.209254+00:00,38.92680966349549
2025-06-16 03:50:54.835127+00:00,38.92680966349549
2025-06-16 03:50:55.789894+00:00,38.93844009058579
2025-06-16 03:50:57.384993+00:00,38.920970340891586
2025-06-16 03:51:03.959529+00:00,38.92676159780617
2025-06-16 03:51:05.696199+00:00,38.932600921251
2025-06-16 03:51:07.555006+00:00,38.944207624030874
2025-06-16 03:51:08.517019+00:00,38.93839229185191
2025-06-16 03:51:10.556145+00:00,38.91505828468162
2025-06-16 03:51:11.966231+00:00,38.920970340891586
2025-06-16 03:51:13.439147+00:00,38.9209462359394
2025-06-16 03:51:20.315303+00:00,38.89186927816645
2025-06-16 03:51:24.809777+00:00,38.88600481392918
2025-06-16 03:51:26.889970+00:00,38.87444762362548
2025-06-16 03:51:28.255892+00:00,38.86858281746904
2025-06-16 03:51:29.252256+00:00,38.88602934079502
2025-06-16 03:51:31.550742+00:00,38.8918203686528
2025-06-16 03:51:35.814352+00:00,38.8918203686528
2025-06-16 03:51:38.830568+00:00,38.903451448410856
2025-06-16 03:51:39.165468+00:00,38.90929123335002
2025-06-16 03:51:41.938189+00:00,38.90929123335002
2025-06-16 03:51:43.009885+00:00,38.92092212025054
2025-06-16 03:51:44.640672+00:00,38.91513086417668
2025-06-16 03:51:49.417572+00:00,38.89766030686485
2025-06-16 03:51:50.989742+00:00,38.90931548251803
2025-06-16 03:51:56.425474+00:00,38.90929123335002
2025-06-16 03:51:57.795088+00:00,38.89766030686485
2025-06-16 03:52:00.715180+00:00,38.90936394864391
2025-06-16 03:52:02.836070+00:00,38.891697906974784
2025-06-16 03:52:03.340110+00:00,38.8918203686528
2025-06-16 03:52:14.270644+00:00,38.90931548251803
2025-06-16 03:52:15.173087+00:00,38.909339720949326
2025-06-16 03:52:16.094004+00:00,38.91513086417668
2025-06-16 03:52:18.914162+00:00,38.90929123335002
2025-06-16 03:52:20.864807+00:00,38.903548690569075
2025-06-16 03:52:21.773396+00:00,38.89184482877802
2025-06-16 03:52:25.805822+00:00,38.903548690569075
2025-06-16 03:52:28.247293+00:00,38.88021384291586
2025-06-16 03:52:29.768645+00:00,38.862767289901385
2025-06-16 03:52:32.786887+00:00,38.874349003708154
2025-06-16 03:52:33.515027+00:00,38.868533352554046
2025-06-16 03:52:33.865389+00:00,38.874324321886675
2025-06-16 03:52:34.262532+00:00,38.874349003708154
2025-06-16 03:52:34.537689+00:00,38.862717691503306
2025-06-16 03:52:36.243277+00:00,38.862767289901385
2025-06-16 03:52:36.997805+00:00,38.856902020555964
2025-06-16 03:52:41.700206+00:00,38.862717691503306
2025-06-16 03:52:42.127444+00:00,38.88021384291586
2025-06-16 03:52:42.536946+00:00,38.88026299791873
2025-06-16 03:52:44.976084+00:00,38.88021384291586
2025-06-16 03:52:45.330979+00:00,38.87439833514053
2025-06-16 03:52:47.255960+00:00,38.87437367479278
2025-06-16 03:52:49.016637+00:00,38.88600481392918
2025-06-16 03:52:50.296930+00:00,38.87439833514053
2025-06-16 03:52:50.664674+00:00,38.86855809037999
2025-06-16 03:52:51.649864+00:00,38.86855809037999
2025-06-16 03:52:52.284330+00:00,38.86855809037999
2025-06-16 03:52:53.856388+00:00,38.86858281746904
2025-06-16 03:52:55.594499+00:00,38.856976602272965
2025-06-16 03:52:56.180575+00:00,38.85111127776326
2025-06-16 03:52:57.121976+00:00,38.856902020555964
2025-06-16 03:52:57.404454+00:00,38.83948001987016
2025-06-16 03:52:57.741158+00:00,38.87437367479278
2025-06-16 03:52:57.974617+00:00,38.85692689186523
2025-06-16 03:52:58.202853+00:00,38.86274249607081
2025-06-16 03:53:01.284929+00:00,38.862767289901385
2025-06-16 03:53:02.512123+00:00,38.85695175243757
2025-06-16 03:53:04.319556+00:00,38.845320647821424
2025-06-16 03:53:04.684808+00:00,38.85106139092377
2025-06-16 03:53:10.702978+00:00,38.88021384291586
2025-06-16 03:53:13.938162+00:00,38.89194256191104
2025-06-16 03:53:16.279745+00:00,38.909339720949326
2025-06-16 03:53:21.321132+00:00,38.92676159780617
2025-06-16 03:53:22.332015+00:00,38.920970340891586
2025-06-16 03:53:22.745531+00:00,38.90936394864391
2025-06-16 03:53:24.787050+00:00,38.93264883198914
2025-06-16 03:53:26.357703+00:00,38.932600921251
2025-06-16 03:53:28.062965+00:00,38.938463973847846
2025-06-16 03:53:28.513009+00:00,38.93264883198914
2025-06-16 03:53:29.566628+00:00,38.94427910581128
2025-06-16 03:53:31.971864+00:00,38.926833680235184
2025-06-16 03:53:33.303787+00:00,38.91517919682325
2025-06-16 03:53:34.988010+00:00,38.926833680235184
2025-06-16 03:53:36.398230+00:00,38.94432670664869
2025-06-16 03:53:44.507566+00:00,38.95595667393737
2025-06-16 03:53:44.966579+00:00,38.96179522683948
2025-06-16 03:53:46.537534+00:00,38.938487846373285
2025-06-16 03:53:51.901660+00:00,38.95593301236315
2025-06-16 03:53:52.152662+00:00,38.961748047903036
2025-06-16 03:53:55.151781+00:00,38.96179522683948
2025-06-16 03:53:56.035776+00:00,38.96167719897461
2025-06-16 03:53:59.262217+00:00,38.973401550659375
2025-06-16 03:54:00.522953+00:00,38.96758660164684
2025-06-16 03:54:02.594681+00:00,38.97916968979155
2025-06-16 03:54:06.646562+00:00,38.9675630735479
2025-06-16 03:54:10.821305+00:00,38.96179522683948
2025-06-16 03:54:11.436715+00:00,38.93851170816214
2025-06-16 03:54:13.199510+00:00,38.96179522683948
2025-06-16 03:54:14.013705+00:00,38.94432670664869
2025-06-16 03:54:14.574826+00:00,38.95598032477507
2025-06-16 03:54:16.445651+00:00,38.95595667393737
2025-06-16 03:54:16.845804+00:00,38.94430291159827
2025-06-16 03:54:19.845032+00:00,38.9676101190093
2025-06-16 03:54:21.425889+00:00,38.96177164273951
2025-06-16 03:54:22.567318+00:00,38.96763362563529
2025-06-16 03:54:23.285468+00:00,38.99086958874286
2025-06-16 03:54:24.238512+00:00,38.97921648977711
2025-06-16 03:54:24.521923+00:00,38.97344844117328
2025-06-16 03:54:25.691433+00:00,38.99089282842118
2025-06-16 03:54:26.379514+00:00,38.97926324681693
2025-06-16 03:54:27.262337+00:00,38.98507804256623
2025-06-16 03:54:28.876690+00:00,38.99091605736312
2025-06-16 03:54:29.168311+00:00,39.002522370448034
2025-06-16 03:54:29.928557+00:00,38.99086958874286
2025-06-16 03:54:32.935408+00:00,39.01415187289749
2025-06-16 03:54:33.468992+00:00,39.0141289001632
2025-06-16 03:54:33.862883+00:00,39.002522370448034
2025-06-16 03:54:34.321524+00:00,39.002476147299994
2025-06-16 03:54:34.622077+00:00,39.008337126619935
2025-06-16 03:54:36.724160+00:00,39.002476147299994
2025-06-16 03:54:38.032232+00:00,39.00249926424218
2025-06-16 03:54:38.270199+00:00,39.01415187289749
2025-06-16 03:54:39.945114+00:00,39.008337126619935
2025-06-16 03:54:50.433350+00:00,39.00245301962146
2025-06-16 03:54:51.510597+00:00,39.00249926424218
2025-06-16 03:54:53.128886+00:00,39.0141289001632
2025-06-16 03:54:53.418551+00:00,39.002476147299994
2025-06-16 03:54:53.789910+00:00,39.00829103694371
2025-06-16 03:54:54.090963+00:00,39.01415187289749
2025-06-16 03:54:54.346074+00:00,39.00831408714998
2025-06-16 03:54:54.676505+00:00,39.002476147299994
2025-06-16 03:54:55.360835+00:00,39.002522370448034
2025-06-16 03:54:57.742878+00:00,38.99086958874286
2025-06-16 03:55:00.812918+00:00,39.002522370448034
2025-06-16 03:55:02.077082+00:00,38.97921648977711
2025-06-16 03:55:02.673360+00:00,38.996707604381776
2025-06-16 03:55:03.160455+00:00,38.97921648977711
2025-06-16 03:55:08.622401+00:00,38.98500809111231
2025-06-16 03:55:11.553693+00:00,38.973401550659375
2025-06-16 03:55:12.453458+00:00,38.973401550659375
2025-06-16 03:55:16.203559+00:00,38.97921648977711
2025-06-16 03:55:20.825247+00:00,38.95598032477507
2025-06-16 03:55:21.301465+00:00,38.9674924248322
2025-06-16 03:55:22.277896+00:00,38.97347187032556
2025-06-16 03:55:24.051702+00:00,38.96758660164684
2025-06-16 03:55:27.068926+00:00,38.99666124776147
2025-06-16 03:55:28.169565+00:00,38.97926324681693
2025-06-16 03:55:30.352349+00:00,38.97923987366523
2025-06-16 03:55:33.219474+00:00,38.9676101190093
2025-06-16 03:55:33.617831+00:00,38.96763362563529
2025-06-16 03:55:36.256736+00:00,38.98505473615133
2025-06-16 03:55:43.209374+00:00,39.002476147299994
2025-06-16 03:55:48.418762+00:00,38.97921648977711
2025-06-16 03:55:50.169029+00:00,38.97344844117328
2025-06-16 03:55:50.735432+00:00,38.973401550659375
2025-06-16 03:55:52.003956+00:00,39.00245301962146
2025-06-16 03:55:53.984169+00:00,39.002476147299994
2025-06-16 03:55:56.585231+00:00,38.98503141900003
2025-06-16 03:55:59.188211+00:00,38.99082307717706
2025-06-16 03:56:01.907290+00:00,38.96177164273951
2025-06-16 03:56:07.167170+00:00,38.97337808929774
2025-06-16 03:56:07.878986+00:00,38.9675630735479
2025-06-16 03:56:08.691724+00:00,38.97921648977711
2025-06-16 03:56:09.134515+00:00,38.96758660164684
2025-06-16 03:56:18.950433+00:00,38.98503141900003
2025-06-16 03:56:20.199569+00:00,38.979286609232204
2025-06-16 03:56:21.807172+00:00,39.0141289001632
2025-06-16 03:56:22.068127+00:00,39.01410591669262
2025-06-16 03:56:22.392807+00:00,38.99666124776147
2025-06-16 03:56:22.668322+00:00,38.97921648977711
2025-06-16 03:56:23.320378+00:00,38.99086958874286
2025-06-16 03:56:25.734909+00:00,39.002522370448034
2025-06-16 03:56:27.422955+00:00,38.99089282842118
2025-06-16 03:56:29.796015+00:00,38.99673076658739
2025-06-16 03:56:34.441819+00:00,39.02578133576955
2025-06-16 03:56:34.890685+00:00,39.00836015535358
2025-06-16 03:56:35.202353+00:00,39.008337126619935
2025-06-16 03:56:35.567980+00:00,39.02578133576955
2025-06-16 03:56:36.772384+00:00,39.01410591669262
2025-06-16 03:56:42.027132+00:00,39.02578133576955
2025-06-16 03:56:42.594234+00:00,39.02580416429695
2025-06-16 03:56:43.176456+00:00,39.01996660928069
2025-06-16 03:56:43.412371+00:00,39.03738805327033
2025-06-16 03:56:44.451410+00:00,39.037410759064215
2025-06-16 03:56:45.956263+00:00,39.037410759064215
2025-06-16 03:56:48.045623+00:00,39.01415187289749
2025-06-16 03:56:52.746131+00:00,39.00831408714998
2025-06-16 03:56:55.907034+00:00,38.996707604381776
2025-06-16 03:56:57.729679+00:00,39.00249926424218
2025-06-16 03:57:01.550743+00:00,39.00249926424218
2025-06-16 03:57:01.910961+00:00,39.002522370448034
2025-06-16 03:57:02.526728+00:00,38.9966844314398
2025-06-16 03:57:05.883924+00:00,38.99086958874286
2025-06-16 03:57:12.957315+00:00,39.00249926424218
2025-06-16 03:57:13.433430+00:00,38.99673076658739
2025-06-16 03:57:13.668160+00:00,39.002476147299994
2025-06-16 03:57:13.901058+00:00,38.996707604381776
2025-06-16 03:57:14.142485+00:00,38.99663805334678
2025-06-16 03:57:14.394082+00:00,38.98505473615133
2025-06-16 03:57:15.355520+00:00,38.996753918056655
2025-06-16 03:57:15.780001+00:00,38.99089282842118
2025-06-16 03:57:20.626023+00:00,39.01996660928069
2025-06-16 03:57:21.208910+00:00,38.99666124776147
2025-06-16 03:57:22.370154+00:00,38.99091605736312
2025-06-16 03:57:23.490899+00:00,38.98507804256623
2025-06-16 03:57:26.088406+00:00,38.97926324681693
2025-06-16 03:57:27.767237+00:00,38.98507804256623
2025-06-16 03:57:31.241061+00:00,38.99089282842118
2025-06-16 03:57:32.516248+00:00,39.01996660928069
2025-06-16 03:57:34.040083+00:00,39.00249926424218
2025-06-16 03:57:38.102847+00:00,39.00254546591755
2025-06-16 03:57:41.093332+00:00,38.979286609232204
2025-06-16 03:57:43.390801+00:00,39.02003526285966
2025-06-16 03:57:45.289371+00:00,39.02580416429695
2025-06-16 03:57:48.231049+00:00,39.04329330863106
2025-06-16 03:57:49.731538+00:00,39.03168703511647
2025-06-16 03:57:52.247775+00:00,39.043315904745725
2025-06-16 03:57:56.736572+00:00,39.037410759064215
2025-06-16 03:57:57.673723+00:00,39.04908525522313
2025-06-16 03:57:58.650940+00:00,39.03747881202871
2025-06-16 03:58:00.842374+00:00,39.02578133576955
2025-06-16 03:58:09.507517+00:00,39.02578133576955
2025-06-16 03:58:09.971923+00:00,39.02578133576955
2025-06-16 03:58:10.404027+00:00,39.0200123890696
2025-06-16 03:58:10.881408+00:00,39.008337126619935
2025-06-16 03:58:11.674805+00:00,39.01417483489549
2025-06-16 03:58:13.676764+00:00,39.01415187289749
2025-06-16 03:58:14.346357+00:00,39.01415187289749
2025-06-16 03:58:16.166848+00:00,39.01417483489549
2025-06-16 03:58:16.674311+00:00,39.00254546591755
2025-06-16 03:58:17.219650+00:00,39.002522370448034
2025-06-16 03:58:19.058808+00:00,38.985124623186806
2025-06-16 03:58:23.460683+00:00,39.008383173350914
2025-06-16 03:58:25.765586+00:00,38.99093927556868
2025-06-16 03:58:30.069207+00:00,39.014197786157204
2025-06-16 03:58:32.597079+00:00,39.0200123890696
2025-06-16 03:58:33.447403+00:00,39.01422072668263
2025-06-16 03:58:33.823930+00:00,38.985101338244725
2025-06-16 03:58:35.693840+00:00,39.00836015535358
2025-06-16 03:58:37.516515+00:00,39.00836015535358
2025-06-16 03:58:38.661176+00:00,39.02580416429695
2025-06-16 03:58:38.970551+00:00,39.01415187289749
2025-06-16 03:58:41.200369+00:00,39.01417483489549
2025-06-16 03:58:41.543694+00:00,39.01415187289749
2025-06-16 03:58:41.794377+00:00,39.008337126619935
2025-06-16 03:58:42.605296+00:00,39.01417483489549
2025-06-16 03:58:43.497977+00:00,39.01424365647177
2025-06-16 03:58:44.308397+00:00,39.002522370448034
2025-06-16 03:58:46.068907+00:00,39.02582698208809
2025-06-16 03:58:46.453448+00:00,39.008337126619935
2025-06-16 03:58:51.176718+00:00,39.02578133576955
2025-06-16 03:58:51.405911+00:00,39.01417483489549
2025-06-16 03:58:53.989376+00:00,39.031641565212695
2025-06-16 03:58:54.801991+00:00,39.02578133576955
2025-06-16 03:59:00.713243+00:00,39.03161881415649
2025-06-16 03:59:01.475779+00:00,39.02578133576955
2025-06-16 03:59:08.163462+00:00,39.01415187289749
2025-06-16 03:59:10.213842+00:00,39.008383173350914
2025-06-16 03:59:10.568461+00:00,39.00836015535358
2025-06-16 03:59:12.021174+00:00,39.01417483489549
2025-06-16 03:59:13.743119+00:00,39.0200123890696
2025-06-16 03:59:14.036350+00:00,39.002522370448034
2025-06-16 03:59:14.696922+00:00,39.008383173350914
2025-06-16 03:59:20.140861+00:00,39.01415187289749
2025-06-16 03:59:23.058305+00:00,39.02582698208809
2025-06-16 03:59:26.559314+00:00,39.05489979877216
2025-06-16 03:59:29.075268+00:00,39.04908525522313
2025-06-16 03:59:30.246832+00:00,39.03166430553269
2025-06-16 03:59:30.535120+00:00,39.03161881415649
2025-06-16 03:59:32.280434+00:00,39.0200123890696
2025-06-16 03:59:32.658129+00:00,39.02580416429695
2025-06-16 03:59:33.375511+00:00,39.014197786157204
2025-06-16 03:59:34.013322+00:00,39.02582698208809
2025-06-16 03:59:40.625727+00:00,39.00254546591755
2025-06-16 03:59:41.688597+00:00,39.0200123890696
2025-06-16 03:59:42.389574+00:00,39.00836015535358
2025-06-16 03:59:43.427069+00:00,39.04908525522313
2025-06-16 03:59:43.953889+00:00,39.031641565212695
2025-06-16 03:59:44.513891+00:00,39.031641565212695
2025-06-16 03:59:45.171649+00:00,39.03161881415649
2025-06-16 03:59:47.940454+00:00,39.049107795339744
2025-06-16 03:59:50.888557+00:00,39.0374561384434
2025-06-16 03:59:53.301332+00:00,39.0374334541219
2025-06-16 03:59:54.228961+00:00,39.03750147487782
2025-06-16 03:59:55.468528+00:00,39.0200123890696
2025-06-16 03:59:55.837158+00:00,39.06071433242729
2025-06-16 03:59:56.211518+00:00,39.03747881202871
2025-06-16 03:59:59.322242+00:00,39.04327070178022
2025-06-16 04:00:05.625765+00:00,39.008337126619935
2025-06-16 04:00:08.344860+00:00,39.01417483489549
2025-06-16 04:00:09.637847+00:00,38.985124623186806
2025-06-16 04:00:12.225321+00:00,38.9966844314398
2025-06-16 04:00:13.163191+00:00,38.98503141900003
2025-06-16 04:00:16.769577+00:00,38.94437426453981
2025-06-16 04:00:17.337087+00:00,38.9676101190093
2025-06-16 04:00:20.303191+00:00,38.96758660164684
2025-06-16 04:00:21.613137+00:00,38.97926324681693
2025-06-16 04:00:22.070149+00:00,38.9559093400524
2025-06-16 04:00:24.516323+00:00,38.961748047903036
2025-06-16 04:00:30.871786+00:00,38.932600921251
2025-06-16 04:00:34.661666+00:00,38.92676159780617
2025-06-16 04:00:35.862230+00:00,38.92092212025054
2025-06-16 04:00:41.605225+00:00,38.90929123335002
2025-06-16 04:00:42.865904+00:00,38.89766030686485
2025-06-16 04:00:46.433945+00:00,38.909339720949326
2025-06-16 04:00:49.629772+00:00,38.90352439613463
2025-06-16 04:00:50.653005+00:00,38.90931548251803
2025-06-16 04:00:55.734917+00:00,38.90350009096344
2025-06-16 04:00:56.063151+00:00,38.89770906142422
2025-06-16 04:00:56.298124+00:00,38.90931548251803
2025-06-16 04:00:56.765688+00:00,38.926785636019154
2025-06-16 04:00:57.612279+00:00,38.89768468951292
2025-06-16 04:00:58.604325+00:00,38.926833680235184
2025-06-16 04:01:03.220211+00:00,38.920970340891586
2025-06-16 04:01:03.810448+00:00,38.93262488198838
2025-06-16 04:01:07.104142+00:00,38.92099443510712
2025-06-16 04:01:13.904281+00:00,38.938487846373285
2025-06-16 04:01:21.103805+00:00,38.97337808929774
2025-06-16 04:01:23.225811+00:00,38.94432670664869
2025-06-16 04:01:24.836519+00:00,38.96758660164684
2025-06-16 04:01:25.954804+00:00,38.961748047903036
2025-06-16 04:01:26.388008+00:00,38.973425001284554
2025-06-16 04:01:27.477955+00:00,38.96758660164684
2025-06-16 04:01:29.833271+00:00,38.96758660164684
2025-06-16 04:01:31.501002+00:00,38.97921648977711
2025-06-16 04:01:32.784275+00:00,38.96181880020294
2025-06-16 04:01:41.972946+00:00,38.99089282842118
2025-06-16 04:01:43.245373+00:00,38.97919309515254
2025-06-16 04:01:43.969833+00:00,38.99089282842118
2025-06-16 04:01:44.221518+00:00,38.97921648977711
2025-06-16 04:01:44.547707+00:00,38.973401550659375
2025-06-16 04:01:47.794188+00:00,38.96763362563529
2025-06-16 04:01:50.910727+00:00,38.97923987366523
2025-06-16 04:01:51.162644+00:00,38.97926324681693
2025-06-16 04:01:52.816878+00:00,38.96763362563529
2025-06-16 04:01:53.995240+00:00,38.99086958874286
2025-06-16 04:01:55.582826+00:00,38.990846338328154
2025-06-16 04:01:57.040219+00:00,38.97926324681693
2025-06-16 04:01:58.304952+00:00,38.97344844117328
2025-06-16 04:02:00.797038+00:00,38.97926324681693
2025-06-16 04:02:01.331244+00:00,38.99089282842118
2025-06-16 04:02:02.854232+00:00,38.98503141900003
2025-06-16 04:02:07.492293+00:00,38.98505473615133
2025-06-16 04:02:09.637718+00:00,38.98507804256623
2025-06-16 04:02:10.840704+00:00,38.97923987366523
2025-06-16 04:02:11.817810+00:00,38.94427910581128
2025-06-16 04:02:12.992643+00:00,38.93267277125327
2025-06-16 04:02:16.104686+00:00,38.93267277125327
2025-06-16 04:02:16.818424+00:00,38.926833680235184
2025-06-16 04:02:17.854570+00:00,38.938487846373285
2025-06-16 04:02:18.593842+00:00,38.9152033470415
2025-06-16 04:02:19.061887+00:00,38.93844009058579
2025-06-16 04:02:19.315305+00:00,38.95588565700512
2025-06-16 04:02:22.529139+00:00,38.94425528928772
2025-06-16 04:02:23.001232+00:00,38.9209462359394
2025-06-16 04:02:26.802153+00:00,38.920970340891586
2025-06-16 04:02:27.903057+00:00,38.90352439613463
2025-06-16 04:02:28.201429+00:00,38.909339720949326
2025-06-16 04:02:28.454992+00:00,38.92092212025054
2025-06-16 04:02:28.744707+00:00,38.91510668174836
2025-06-16 04:02:29.215944+00:00,38.92676159780617
2025-06-16 04:02:29.498576+00:00,38.89766030686485
2025-06-16 04:02:31.065854+00:00,38.89768468951292
2025-06-16 04:02:32.689739+00:00,38.88016464496565
2025-06-16 04:02:34.344087+00:00,38.88602934079502
2025-06-16 04:02:34.686784+00:00,38.89768468951292
2025-06-16 04:02:35.748242+00:00,38.89766030686485
2025-06-16 04:02:38.427355+00:00,38.89186927816645
2025-06-16 04:02:39.386474+00:00,38.87442298475143
2025-06-16 04:02:40.228012+00:00,38.88602934079502
2025-06-16 04:02:41.435998+00:00,38.85692689186523
2025-06-16 04:02:41.764997+00:00,38.862767289901385
2025-06-16 04:02:44.405898+00:00,38.85113620507758
2025-06-16 04:02:45.495309+00:00,38.862792072995056
2025-06-16 04:02:45.924783+00:00,38.87439833514053
2025-06-16 04:02:48.898983+00:00,38.86860753382121
2025-06-16 04:02:49.383492+00:00,38.87437367479278
2025-06-16 04:02:51.444533+00:00,38.8918937168181
2025-06-16 04:02:52.995700+00:00,38.88607836231627
2025-06-16 04:02:54.687917+00:00,38.868632239436515
2025-06-16 04:02:55.998329+00:00,38.88607836231627
2025-06-16 04:02:56.984132+00:00,38.88026299791873
2025-06-16 04:02:57.351385+00:00,38.86281684535184
2025-06-16 04:02:58.019241+00:00,38.88026299791873
2025-06-16 04:02:59.542819+00:00,38.868632239436515
2025-06-16 04:02:59.774958+00:00,38.88026299791873
2025-06-16 04:03:00.067178+00:00,38.88607836231627
2025-06-16 04:03:00.680458+00:00,38.8918937168181
2025-06-16 04:03:02.114707+00:00,38.880312109974284
2025-06-16 04:03:02.657193+00:00,38.88026299791873
2025-06-16 04:03:03.407542+00:00,38.909388165601776
2025-06-16 04:03:13.802791+00:00,38.909339720949326
2025-06-16 04:03:21.634891+00:00,38.897757773036545
2025-06-16 04:03:21.868209+00:00,38.903548690569075
2025-06-16 04:03:22.196383+00:00,38.89778211273756
2025-06-16 04:03:22.944293+00:00,38.90941237182292
2025-06-16 04:03:23.287573+00:00,38.903548690569075
2025-06-16 04:03:26.111344+00:00,38.90941237182292
2025-06-16 04:03:27.012183+00:00,38.9152033470415
2025-06-16 04:03:27.281880+00:00,38.9152033470415
2025-06-16 04:03:27.497666+00:00,38.90357297426678
2025-06-16 04:03:27.739408+00:00,38.92101851858597
2025-06-16 04:03:28.057114+00:00,38.90936394864391
2025-06-16 04:03:28.918979+00:00,38.926833680235184
2025-06-16 04:03:31.656838+00:00,38.938463973847846
2025-06-16 04:03:36.111461+00:00,38.93269669978079
2025-06-16 04:03:37.013792+00:00,38.94432670664869
2025-06-16 04:03:39.435124+00:00,38.93264883198914
2025-06-16 04:03:40.316445+00:00,38.9385355592144
2025-06-16 04:03:41.926390+00:00,38.92106665333368
2025-06-16 04:03:42.701295+00:00,38.92106665333368
2025-06-16 04:03:46.455212+00:00,38.94432670664869
2025-06-16 04:03:48.758759+00:00,38.9327206175717
2025-06-16 04:03:49.146299+00:00,38.96184236282992
2025-06-16 04:03:49.879060+00:00,38.92692963982754
2025-06-16 04:03:53.104217+00:00,38.97930996091105
2025-06-16 04:03:55.618293+00:00,38.985101338244725
2025-06-16 04:03:56.700244+00:00,38.973425001284554
2025-06-16 04:03:58.084342+00:00,38.97926324681693
2025-06-16 04:04:00.254498+00:00,38.97926324681693
2025-06-16 04:04:06.539821+00:00,38.97921648977711
2025-06-16 04:04:17.100959+00:00,38.9385355592144
2025-06-16 04:04:18.981465+00:00,38.96181880020294
2025-06-16 04:04:19.802775+00:00,38.973401550659375
2025-06-16 04:04:22.222320+00:00,38.9676101190093
2025-06-16 04:04:22.845116+00:00,38.95602759424091
2025-06-16 04:04:24.394590+00:00,38.97344844117328
2025-06-16 04:04:32.832348+00:00,38.9966844314398
2025-06-16 04:04:33.835789+00:00,38.97347187032556
2025-06-16 04:04:34.311268+00:00,38.99089282842118
2025-06-16 04:04:35.055270+00:00,38.96177164273951
2025-06-16 04:04:36.909563+00:00,38.973401550659375
2025-06-16 04:04:39.664752+00:00,38.97926324681693
2025-06-16 04:04:40.159461+00:00,38.97926324681693
2025-06-16 04:04:41.615126+00:00,38.97926324681693
2025-06-16 04:04:42.582184+00:00,38.98507804256623
2025-06-16 04:04:43.484531+00:00,38.96758660164684
2025-06-16 04:04:43.797097+00:00,38.990846338328154
2025-06-16 04:04:44.515666+00:00,38.96758660164684
2025-06-16 04:04:46.673466+00:00,38.956003964876246
2025-06-16 04:04:47.775881+00:00,38.956003964876246
2025-06-16 04:04:49.417087+00:00,38.93274452462598
2025-06-16 04:04:49.675782+00:00,38.973401550659375
2025-06-16 04:04:50.431079+00:00,38.973425001284554
2025-06-16 04:04:51.439592+00:00,38.94432670664869
2025-06-16 04:04:53.581044+00:00,38.96177164273951
2025-06-16 04:04:54.079974+00:00,38.9327206175717
2025-06-16 04:04:54.408262+00:00,38.94430291159827
2025-06-16 04:04:55.748534+00:00,38.961748047903036
2025-06-16 04:04:56.375725+00:00,38.95595667393737
2025-06-16 04:04:57.923225+00:00,38.961748047903036
2025-06-16 04:05:00.144248+00:00,38.94432670664869
2025-06-16 04:05:02.227790+00:00,38.93267277125327
2025-06-16 04:05:04.840849+00:00,38.961748047903036
2025-06-16 04:05:09.477451+00:00,38.9559093400524
2025-06-16 04:05:11.204744+00:00,38.98505473615133
2025-06-16 04:05:15.670715+00:00,38.93269669978079
2025-06-16 04:05:16.830338+00:00,38.90943656730737
2025-06-16 04:05:18.688011+00:00,38.93269669978079
2025-06-16 04:05:21.098464+00:00,38.92688168150464
2025-06-16 04:05:24.374038+00:00,38.93274452462598
2025-06-16 04:05:26.114266+00:00,38.93267277125327
2025-06-16 04:05:30.712596+00:00,38.93851170816214
2025-06-16 04:05:31.066464+00:00,38.92685768623823
2025-06-16 04:05:31.424188+00:00,38.92106665333368
2025-06-16 04:05:31.849299+00:00,38.93264883198914
2025-06-16 04:05:34.109345+00:00,38.95593301236315
2025-06-16 04:05:34.565000+00:00,38.95595667393737
2025-06-16 04:05:35.084084+00:00,38.9559093400524
2025-06-16 04:05:35.524965+00:00,38.94427910581128
2025-06-16 04:05:36.828514+00:00,38.94430291159827
2025-06-16 04:05:38.120499+00:00,38.95595667393737
2025-06-16 04:05:38.973689+00:00,38.95593301236315
2025-06-16 04:05:39.481325+00:00,38.95598032477507
2025-06-16 04:05:42.356378+00:00,38.94432670664869
2025-06-16 04:05:47.227887+00:00,38.97337808929774
2025-06-16 04:05:47.762352+00:00,38.9676101190093
2025-06-16 04:05:48.272327+00:00,38.9676101190093
2025-06-16 04:05:48.691996+00:00,38.961748047903036
2025-06-16 04:05:49.021410+00:00,38.97337808929774
2025-06-16 04:05:49.263720+00:00,38.96172444233007
2025-06-16 04:05:50.785976+00:00,38.96758660164684
2025-06-16 04:05:51.261239+00:00,38.96181880020294
2025-06-16 04:05:51.538240+00:00,38.93851170816214
2025-06-16 04:05:53.807408+00:00,38.96177164273951
2025-06-16 04:05:54.405132+00:00,38.97926324681693
2025-06-16 04:05:55.264358+00:00,38.973425001284554
2025-06-16 04:05:55.622230+00:00,38.973401550659375
2025-06-16 04:05:56.699894+00:00,38.96763362563529
2025-06-16 04:05:57.854784+00:00,38.96184236282992
2025-06-16 04:05:58.470857+00:00,38.98500809111231
2025-06-16 04:06:05.082453+00:00,38.9676101190093
2025-06-16 04:06:05.451474+00:00,38.98505473615133
2025-06-16 04:06:05.996907+00:00,38.98507804256623
2025-06-16 04:06:06.369567+00:00,38.97923987366523
2025-06-16 04:06:10.496275+00:00,38.99089282842118
2025-06-16 04:06:12.445429+00:00,38.973425001284554
2025-06-16 04:06:13.228353+00:00,38.96763362563529
2025-06-16 04:06:18.020452+00:00,38.96179522683948
2025-06-16 04:06:19.311988+00:00,38.979286609232204
2025-06-16 04:06:21.848782+00:00,38.97344844117328
2025-06-16 04:06:24.097349+00:00,38.967657121524795
2025-06-16 04:06:24.647281+00:00,38.93269669978079
2025-06-16 04:06:25.776908+00:00,38.96181880020294
2025-06-16 04:06:26.187699+00:00,38.95595667393737
2025-06-16 04:06:26.805583+00:00,38.93269669978079
2025-06-16 04:06:27.614426+00:00,38.944350490962535
2025-06-16 04:06:28.158425+00:00,38.9327206175717
2025-06-16 04:06:29.111512+00:00,38.944350490962535
2025-06-16 04:06:31.663646+00:00,38.96179522683948
2025-06-16 04:06:33.734782+00:00,38.97344844117328
2025-06-16 04:06:35.731074+00:00,38.99673076658739
2025-06-16 04:06:36.882438+00:00,38.99089282842118
2025-06-16 04:06:39.356754+00:00,38.996753918056655
2025-06-16 04:06:40.205674+00:00,39.002522370448034
2025-06-16 04:06:40.685816+00:00,38.99091605736312
2025-06-16 04:06:41.945898+00:00,38.99089282842118
2025-06-16 04:06:42.555281+00:00,38.996707604381776
2025-06-16 04:06:43.604926+00:00,38.97926324681693
2025-06-16 04:06:44.229663+00:00,38.99086958874286
2025-06-16 04:06:46.435146+00:00,38.99091605736312
2025-06-16 04:06:46.954186+00:00,38.98507804256623
2025-06-16 04:06:47.762990+00:00,39.002522370448034
2025-06-16 04:06:48.996686+00:00,38.99089282842118
2025-06-16 04:06:49.184186+00:00,38.99086958874286
2025-06-16 04:06:50.173347+00:00,38.99089282842118
2025-06-16 04:06:51.738961+00:00,38.99091605736312
2025-06-16 04:06:52.130008+00:00,38.97344844117328
2025-06-16 04:06:53.979014+00:00,38.9966844314398
2025-06-16 04:06:54.564841+00:00,38.96763362563529
2025-06-16 04:06:54.945882+00:00,38.96763362563529
2025-06-16 04:06:55.904953+00:00,38.97347187032556
2025-06-16 04:06:57.462134+00:00,38.97930996091105
2025-06-16 04:07:00.966800+00:00,38.99091605736312
2025-06-16 04:07:02.149341+00:00,38.98507804256623
2025-06-16 04:07:06.418356+00:00,38.99091605736312
2025-06-16 04:07:08.200860+00:00,38.99091605736312
2025-06-16 04:07:12.246916+00:00,39.002522370448034
2025-06-16 04:07:12.696401+00:00,39.002522370448034
2025-06-16 04:07:13.323800+00:00,38.99089282842118
2025-06-16 04:07:16.033264+00:00,39.00831408714998
2025-06-16 04:07:20.016587+00:00,39.002522370448034
2025-06-16 04:07:20.326533+00:00,39.01996660928069
2025-06-16 04:07:22.676640+00:00,39.00836015535358
2025-06-16 04:07:25.485718+00:00,39.02580416429695
2025-06-16 04:07:28.451404+00:00,39.00254546591755
2025-06-16 04:07:29.045717+00:00,39.008337126619935
2025-06-16 04:07:29.252364+00:00,39.00249926424218
2025-06-16 04:07:29.546297+00:00,38.990846338328154
2025-06-16 04:07:29.788642+00:00,38.99089282842118
2025-06-16 04:07:31.437207+00:00,39.002522370448034
2025-06-16 04:07:34.049043+00:00,38.96763362563529
2025-06-16 04:07:34.518177+00:00,38.979286609232204
2025-06-16 04:07:37.799561+00:00,39.008337126619935
2025-06-16 04:07:38.445333+00:00,39.00256855065073
2025-06-16 04:07:39.022231+00:00,38.97930996091105
2025-06-16 04:07:40.591969+00:00,38.99673076658739
2025-06-16 04:07:40.991980+00:00,38.985101338244725
2025-06-16 04:07:41.221056+00:00,39.008337126619935
2025-06-16 04:07:41.494571+00:00,38.97921648977711
2025-06-16 04:07:42.046161+00:00,38.996753918056655
2025-06-16 04:07:45.948426+00:00,38.98507804256623
2025-06-16 04:07:47.050946+00:00,38.996707604381776
2025-06-16 04:07:48.617530+00:00,38.98507804256623
2025-06-16 04:07:50.226263+00:00,38.985101338244725
2025-06-16 04:07:50.593598+00:00,38.97923987366523
2025-06-16 04:07:50.878864+00:00,38.973425001284554
2025-06-16 04:07:51.807070+00:00,38.98503141900003
2025-06-16 04:07:52.031414+00:00,39.00831408714998
2025-06-16 04:07:52.358022+00:00,38.99086958874286
2025-06-16 04:07:53.878165+00:00,38.98505473615133
2025-06-16 04:07:54.915191+00:00,38.97347187032556
2025-06-16 04:07:56.170367+00:00,39.00249926424218
2025-06-16 04:07:57.136772+00:00,38.99091605736312
2025-06-16 04:07:57.946682+00:00,38.98507804256623
2025-06-16 04:07:59.033442+00:00,38.99673076658739
2025-06-16 04:08:02.020519+00:00,38.99089282842118
2025-06-16 04:08:02.329647+00:00,38.98507804256623
2025-06-16 04:08:04.398830+00:00,38.96186591472039
2025-06-16 04:08:06.175147+00:00,38.996707604381776
2025-06-16 04:08:07.291576+00:00,38.99089282842118
2025-06-16 04:08:12.586898+00:00,38.97930996091105
2025-06-16 04:08:13.356157+00:00,38.9851478973925
2025-06-16 04:08:13.574078+00:00,38.996707604381776
2025-06-16 04:08:14.200872+00:00,38.98505473615133
2025-06-16 04:08:14.502372+00:00,38.99089282842118
2025-06-16 04:08:14.734191+00:00,39.00254546591755
2025-06-16 04:08:20.496049+00:00,39.0200123890696
2025-06-16 04:08:21.561941+00:00,39.008383173350914
2025-06-16 04:08:24.062576+00:00,38.996777058789554
2025-06-16 04:08:25.590937+00:00,39.014197786157204
2025-06-16 04:08:26.479412+00:00,39.008429177136655
2025-06-16 04:08:26.868350+00:00,39.00256855065073
2025-06-16 04:08:27.883170+00:00,39.00259162464758
2025-06-16 04:08:28.167268+00:00,39.014197786157204
2025-06-16 04:08:28.467119+00:00,38.996707604381776
2025-06-16 04:08:29.052026+00:00,38.99663805334678
2025-06-16 04:08:29.731586+00:00,38.99093927556868
2025-06-16 04:08:30.986453+00:00,39.00254546591755
2025-06-16 04:08:34.241998+00:00,39.008429177136655
2025-06-16 04:08:34.727998+00:00,39.00259162464758
2025-06-16 04:08:36.082574+00:00,39.00263774043229
2025-06-16 04:08:37.134580+00:00,39.00840618061194
2025-06-16 04:08:37.818308+00:00,39.00263774043229
2025-06-16 04:08:38.734498+00:00,39.01422072668263
2025-06-16 04:08:39.761793+00:00,39.00263774043229
2025-06-16 04:08:44.135565+00:00,39.01422072668263
2025-06-16 04:08:44.362384+00:00,39.00259162464758
2025-06-16 04:08:47.448496+00:00,39.01424365647177
2025-06-16 04:08:48.556093+00:00,39.008429177136655
2025-06-16 04:08:49.660065+00:00,39.008452162925074
2025-06-16 04:08:50.788105+00:00,39.020080978230986
2025-06-16 04:08:51.832270+00:00,39.01428948384122
2025-06-16 04:08:52.660274+00:00,39.01426657552463
2025-06-16 04:08:53.998716+00:00,39.03173246207539
2025-06-16 04:08:55.198779+00:00,39.03752412699073
2025-06-16 04:08:56.414923+00:00,39.03750147487782
2025-06-16 04:08:56.748015+00:00,39.043315904745725
2025-06-16 04:08:56.952386+00:00,39.02582698208809
2025-06-16 04:08:57.184535+00:00,39.03750147487782
2025-06-16 04:08:57.560116+00:00,39.025872585461684
2025-06-16 04:08:58.335500+00:00,39.03750147487782
2025-06-16 04:08:59.111747+00:00,39.03750147487782
2025-06-16 04:08:59.347818+00:00,39.025872585461684
2025-06-16 04:09:00.164868+00:00,39.00266078222017
2025-06-16 04:09:02.929250+00:00,39.03168703511647
2025-06-16 04:09:07.232514+00:00,39.03168703511647
2025-06-16 04:09:07.553280+00:00,39.03750147487782
2025-06-16 04:09:08.961698+00:00,39.01424365647177
2025-06-16 04:09:09.390426+00:00,39.02584978914301
2025-06-16 04:09:10.786336+00:00,39.025872585461684
2025-06-16 04:09:11.268558+00:00,39.008429177136655
2025-06-16 04:09:11.694838+00:00,39.00261468790811
2025-06-16 04:09:12.037600+00:00,39.0374561384434
2025-06-16 04:09:12.989744+00:00,39.031641565212695
2025-06-16 04:09:14.065752+00:00,39.01422072668263
2025-06-16 04:09:14.303823+00:00,39.031641565212695
2025-06-16 04:09:14.490538+00:00,39.01417483489549
2025-06-16 04:09:14.752861+00:00,39.019989504543275
2025-06-16 04:09:20.600700+00:00,39.00256855065073
2025-06-16 04:09:23.835427+00:00,39.01424365647177
2025-06-16 04:09:25.274306+00:00,39.00263774043229
2025-06-16 04:09:28.090031+00:00,39.02005812591345
2025-06-16 04:09:28.765483+00:00,39.02003526285966
2025-06-16 04:09:29.016979+00:00,39.02584978914301
2025-06-16 04:09:32.856717+00:00,39.0200123890696
2025-06-16 04:09:34.019207+00:00,38.99673076658739
2025-06-16 04:09:35.231676+00:00,39.00256855065073
2025-06-16 04:09:35.464438+00:00,39.00254546591755
2025-06-16 04:09:35.857906+00:00,39.01408292248574
2025-06-16 04:09:38.047658+00:00,38.99091605736312
2025-06-16 04:09:38.797225+00:00,39.008337126619935
2025-06-16 04:09:39.239543+00:00,39.008337126619935
2025-06-16 04:09:39.684839+00:00,39.02578133576955
2025-06-16 04:09:43.041239+00:00,38.985101338244725
2025-06-16 04:09:44.194320+00:00,39.00256855065073
2025-06-16 04:09:47.713382+00:00,38.985124623186806
2025-06-16 04:09:48.975282+00:00,38.996753918056655
2025-06-16 04:09:50.937473+00:00,38.985101338244725
2025-06-16 04:09:51.615267+00:00,38.99089282842118
2025-06-16 04:09:51.865352+00:00,39.002522370448034
2025-06-16 04:09:52.499734+00:00,39.008337126619935
2025-06-16 04:09:53.788924+00:00,39.00254546591755
2025-06-16 04:09:59.154827+00:00,38.99089282842118
2025-06-16 04:09:59.437820+00:00,38.996707604381776
2025-06-16 04:10:01.711734+00:00,38.973401550659375
2025-06-16 04:10:02.893147+00:00,38.98507804256623
2025-06-16 04:10:12.206395+00:00,38.97923987366523
2025-06-16 04:10:13.863866+00:00,38.973401550659375
2025-06-16 04:10:16.806961+00:00,38.97344844117328
2025-06-16 04:10:20.045073+00:00,38.96758660164684
2025-06-16 04:10:29.746393+00:00,38.92104259132815
2025-06-16 04:10:34.536245+00:00,38.9559093400524
2025-06-16 04:10:35.012935+00:00,38.96172444233007
2025-06-16 04:10:39.906991+00:00,38.973401550659375
2025-06-16 04:10:41.956240+00:00,38.9559093400524
2025-06-16 04:10:45.170348+00:00,38.944350490962535
2025-06-16 04:10:47.752633+00:00,38.93274452462598
2025-06-16 04:10:58.360253+00:00,38.94430291159827
2025-06-16 04:10:58.813740+00:00,38.93267277125327
2025-06-16 04:10:59.288820+00:00,38.94427910581128
2025-06-16 04:11:00.729170+00:00,38.938463973847846
2025-06-16 04:11:04.095754+00:00,38.93267277125327
2025-06-16 04:11:04.604116+00:00,38.909388165601776
2025-06-16 04:11:07.558128+00:00,38.9152033470415
2025-06-16 04:11:13.672153+00:00,38.92099443510712
2025-06-16 04:11:14.521254+00:00,38.91515503586832
2025-06-16 04:11:16.979936+00:00,38.909388165601776
2025-06-16 04:11:20.513214+00:00,38.89773342259876
2025-06-16 04:11:21.832906+00:00,38.903621509452
2025-06-16 04:11:24.037282+00:00,38.903548690569075
2025-06-16 04:11:35.355394+00:00,38.920970340891586
2025-06-16 04:11:44.068970+00:00,38.90352439613463
2025-06-16 04:11:44.570347+00:00,38.897757773036545
2025-06-16 04:11:44.803803+00:00,38.897757773036545
2025-06-16 04:11:47.542885+00:00,38.9152033470415
2025-06-16 04:11:51.420867+00:00,38.89194256191104
2025-06-16 04:11:52.569434+00:00,38.9152033470415
2025-06-16 04:11:54.636286+00:00,38.92688168150464
2025-06-16 04:11:56.300261+00:00,38.92101851858597
2025-06-16 04:12:01.437526+00:00,38.89773342259876
2025-06-16 04:12:02.735910+00:00,38.91522748652305
2025-06-16 04:12:04.565303+00:00,38.903548690569075
2025-06-16 04:12:09.103101+00:00,38.88610285697168
2025-06-16 04:12:09.751365+00:00,38.90943656730737
2025-06-16 04:12:14.526577+00:00,38.90941237182292
2025-06-16 04:12:15.427572+00:00,38.91525161526793
2025-06-16 04:12:16.068496+00:00,38.9152033470415
2025-06-16 04:12:18.276502+00:00,38.897757773036545
2025-06-16 04:12:19.934937+00:00,38.89778211273756
2025-06-16 04:12:20.423333+00:00,38.897757773036545
2025-06-16 04:12:20.717230+00:00,38.909388165601776
2025-06-16 04:12:20.932963+00:00,38.89773342259876
2025-06-16 04:12:21.134904+00:00,38.91515503586832
2025-06-16 04:12:21.418274+00:00,38.92099443510712
2025-06-16 04:12:21.653358+00:00,38.90936394864391
2025-06-16 04:12:21.976495+00:00,38.89770906142422
2025-06-16 04:12:22.221727+00:00,38.89773342259876
2025-06-16 04:12:22.546769+00:00,38.90357297426678
2025-06-16 04:12:22.782652+00:00,38.897757773036545
2025-06-16 04:12:23.042798+00:00,38.88610285697168
2025-06-16 04:12:23.298575+00:00,38.880287559314915
2025-06-16 04:12:23.506733+00:00,38.89194256191104
2025-06-16 04:12:23.735803+00:00,38.88607836231627
2025-06-16 04:12:23.959178+00:00,38.90936394864391
2025-06-16 04:12:24.158380+00:00,38.89770906142422
2025-06-16 04:12:29.002307+00:00,38.89201574902461
2025-06-16 04:12:30.938340+00:00,38.91522748652305
2025-06-16 04:12:34.692581+00:00,38.90943656730737
2025-06-16 04:12:35.666494+00:00,38.897757773036545
2025-06-16 04:12:37.864462+00:00,38.909460752055104
2025-06-16 04:12:40.670570+00:00,38.92106665333368
2025-06-16 04:12:40.979064+00:00,38.9327206175717
2025-06-16 04:12:41.247640+00:00,38.93267277125327
2025-06-16 04:12:42.127216+00:00,38.94432670664869
2025-06-16 04:12:42.866586+00:00,38.95595667393737
2025-06-16 04:12:44.355819+00:00,38.909460752055104
2025-06-16 04:12:48.200876+00:00,38.956003964876246
2025-06-16 04:12:49.324107+00:00,38.93274452462598
2025-06-16 04:12:50.377316+00:00,38.95598032477507
2025-06-16 04:12:52.540358+00:00,38.96179522683948
2025-06-16 04:12:53.234362+00:00,38.92692963982754
2025-06-16 04:12:53.543123+00:00,38.93855939953007
2025-06-16 04:12:55.798632+00:00,38.938583229109156
2025-06-16 04:12:56.741982+00:00,38.94439802738053
2025-06-16 04:12:57.211638+00:00,38.95595667393737
2025-06-16 04:13:00.063251+00:00,38.9385355592144
2025-06-16 04:13:01.296133+00:00,38.89785506742012
2025-06-16 04:13:02.526178+00:00,38.92106665333368
2025-06-16 04:13:03.171147+00:00,38.92685768623823
2025-06-16 04:13:07.116998+00:00,38.90357297426678
2025-06-16 04:13:07.967640+00:00,38.89773342259876
2025-06-16 04:13:09.059509+00:00,38.880287559314915
2025-06-16 04:13:09.441874+00:00,38.909388165601776
2025-06-16 04:13:12.431245+00:00,38.89773342259876
2025-06-16 04:13:13.941847+00:00,38.85705108735766
2025-06-16 04:13:15.176957+00:00,38.86281684535184
2025-06-16 04:13:16.005164+00:00,38.868632239436515
2025-06-16 04:13:16.391548+00:00,38.88026299791873
2025-06-16 04:13:20.167773+00:00,38.868632239436515
2025-06-16 04:13:21.752052+00:00,38.89770906142422
2025-06-16 04:13:22.002623+00:00,38.88602934079502
2025-06-16 04:13:22.285683+00:00,38.86855809037999
2025-06-16 04:13:22.644102+00:00,38.87439833514053
2025-06-16 04:13:23.451047+00:00,38.86281684535184
2025-06-16 04:13:24.118090+00:00,38.87437367479278
2025-06-16 04:13:25.168039+00:00,38.868533352554046
2025-06-16 04:13:27.181449+00:00,38.88607836231627
2025-06-16 04:13:29.250853+00:00,38.86274249607081
2025-06-16 04:13:29.553300+00:00,38.86269287619891
2025-06-16 04:13:33.042548+00:00,38.874349003708154
2025-06-16 04:13:33.698985+00:00,38.88598027632652
2025-06-16 04:13:35.930044+00:00,38.85113620507758
2025-06-16 04:13:39.865475+00:00,38.88598027632652
2025-06-16 04:13:40.702231+00:00,38.880189249309176
2025-06-16 04:13:42.531556+00:00,38.86858281746904
2025-06-16 04:13:43.675384+00:00,38.868533352554046
2025-06-16 04:13:45.538777+00:00,38.88595572798706
2025-06-16 04:13:48.652336+00:00,38.86291582740997
2025-06-16 04:13:50.649439+00:00,38.85692689186523
2025-06-16 04:13:51.910556+00:00,38.86855809037999
2025-06-16 04:13:52.573344+00:00,38.85692689186523
2025-06-16 04:13:53.639441+00:00,38.86274249607081
2025-06-16 04:13:54.523264+00:00,38.87437367479278
2025-06-16 04:13:56.010454+00:00,38.86858281746904
2025-06-16 04:13:58.419396+00:00,38.86274249607081
2025-06-16 04:14:00.375150+00:00,38.87437367479278
2025-06-16 04:14:01.685802+00:00,38.84534563114097
2025-06-16 04:14:05.906740+00:00,38.874324321886675
2025-06-16 04:14:07.975428+00:00,38.862767289901385
2025-06-16 04:14:08.648752+00:00,38.86281684535184
2025-06-16 04:14:12.712969+00:00,38.862767289901385
2025-06-16 04:14:13.946590+00:00,38.862792072995056
2025-06-16 04:14:14.215165+00:00,38.862767289901385
2025-06-16 04:14:17.166993+00:00,38.86281684535184
2025-06-16 04:14:18.148672+00:00,38.856976602272965
2025-06-16 04:14:20.170750+00:00,38.86284160697172
2025-06-16 04:14:22.884919+00:00,38.880287559314915
2025-06-16 04:14:25.124424+00:00,38.89773342259876
2025-06-16 04:14:27.346310+00:00,38.89768468951292
2025-06-16 04:14:29.100156+00:00,38.86281684535184
2025-06-16 04:14:29.860935+00:00,38.909388165601776
2025-06-16 04:14:32.608337+00:00,38.89770906142422
2025-06-16 04:14:38.640058+00:00,38.87444762362548
2025-06-16 04:14:39.563733+00:00,38.88610285697168
2025-06-16 04:14:42.821532+00:00,38.88607836231627
2025-06-16 04:14:44.257660+00:00,38.89191814473296
2025-06-16 04:14:45.839742+00:00,38.880287559314915
2025-06-16 04:14:46.768819+00:00,38.880312109974284
2025-06-16 04:14:47.556882+00:00,38.89770906142422
2025-06-16 04:14:49.714066+00:00,38.88610285697168
2025-06-16 04:14:51.092656+00:00,38.868681618456485
2025-06-16 04:14:51.716135+00:00,38.88610285697168
2025-06-16 04:14:55.496707+00:00,38.90941237182292
2025-06-16 04:14:56.574208+00:00,38.88612734089029
2025-06-16 04:15:01.362907+00:00,38.874496869163
2025-06-16 04:15:02.430650+00:00,38.88610285697168
2025-06-16 04:15:03.460141+00:00,38.87452147582649
2025-06-16 04:15:03.946658+00:00,38.89780644170184
2025-06-16 04:15:04.979927+00:00,38.88610285697168
2025-06-16 04:15:06.221318+00:00,38.868681618456485
2025-06-16 04:15:06.557181+00:00,38.88610285697168
2025-06-16 04:15:06.913144+00:00,38.86284160697172
2025-06-16 04:15:07.535704+00:00,38.868681618456485
2025-06-16 04:15:07.934997+00:00,38.88607836231627
2025-06-16 04:15:08.468667+00:00,38.868681618456485
2025-06-16 04:15:09.178412+00:00,38.88607836231627
2025-06-16 04:15:09.631815+00:00,38.87444762362548
2025-06-16 04:15:09.973734+00:00,38.90357297426678
2025-06-16 04:15:11.320923+00:00,38.8918937168181
2025-06-16 04:15:15.293356+00:00,38.8918937168181
2025-06-16 04:15:17.641272+00:00,38.903548690569075
2025-06-16 04:15:22.739362+00:00,38.90350009096344
2025-06-16 04:15:27.310034+00:00,38.862767289901385
2025-06-16 04:15:28.547674+00:00,38.85123580696536
2025-06-16 04:15:29.456919+00:00,38.83955517005603
2025-06-16 04:15:29.976873+00:00,38.862767289901385
2025-06-16 04:15:30.362814+00:00,38.862792072995056
2025-06-16 04:15:31.623219+00:00,38.85113620507758
2025-06-16 04:15:33.078568+00:00,38.85118602749536
2025-06-16 04:15:33.506296+00:00,38.862767289901385
2025-06-16 04:15:39.921788+00:00,38.82203305880755
2025-06-16 04:15:42.312710+00:00,38.82787391667599
2025-06-16 04:15:45.253469+00:00,38.83955517005603
2025-06-16 04:15:50.599269+00:00,38.83950508066911
2025-06-16 04:15:51.843868+00:00,38.85118602749536
2025-06-16 04:15:53.323124+00:00,38.85692689186523
2025-06-16 04:15:53.841521+00:00,38.83953013073107
2025-06-16 04:15:55.406704+00:00,38.84537060372355
2025-06-16 04:15:57.399306+00:00,38.83953013073107
2025-06-16 04:15:59.555543+00:00,38.82789910022344
2025-06-16 04:15:59.972160+00:00,38.83948001987016
2025-06-16 04:16:00.309801+00:00,38.833664376079014
2025-06-16 04:16:01.479121+00:00,38.83371462042522
2025-06-16 04:16:02.488580+00:00,38.85695175243757
2025-06-16 04:16:03.400922+00:00,38.82787391667599
2025-06-16 04:16:04.178547+00:00,38.83950508066911
2025-06-16 04:16:08.199303+00:00,38.83955517005603
2025-06-16 04:16:08.862845+00:00,38.85118602749536
2025-06-16 04:16:09.205528+00:00,38.85116112165494
2025-06-16 04:16:09.889268+00:00,38.845320647821424
2025-06-16 04:16:16.713055+00:00,38.85700144137145
2025-06-16 04:16:17.365889+00:00,38.880287559314915
2025-06-16 04:16:17.720441+00:00,38.874496869163
2025-06-16 04:16:22.072740+00:00,38.85700144137145
2025-06-16 04:16:22.752322+00:00,38.86281684535184
2025-06-16 04:16:23.081116+00:00,38.868656934314934
2025-06-16 04:16:23.331166+00:00,38.868632239436515
2025-06-16 04:16:25.016214+00:00,38.86284160697172
2025-06-16 04:16:26.281390+00:00,38.85118602749536
2025-06-16 04:16:29.335676+00:00,38.89770906142422
2025-06-16 04:16:31.205819+00:00,38.868632239436515
2025-06-16 04:16:31.674424+00:00,38.88023842578571
2025-06-16 04:16:34.524104+00:00,38.87444762362548
2025-06-16 04:16:35.708877+00:00,38.85702626973302
2025-06-16 04:16:38.030561+00:00,38.85702626973302
2025-06-16 04:16:38.432899+00:00,38.86281684535184
2025-06-16 04:16:40.337426+00:00,38.868656934314934
2025-06-16 04:16:47.184599+00:00,38.86284160697172
2025-06-16 04:16:49.245414+00:00,38.87447225176267
2025-06-16 04:16:51.985453+00:00,38.897757773036545
2025-06-16 04:16:52.395534+00:00,38.874496869163
2025-06-16 04:16:52.744461+00:00,38.90352439613463
2025-06-16 04:16:53.329120+00:00,38.8918937168181
2025-06-16 04:16:55.002062+00:00,38.897757773036545
2025-06-16 04:16:55.288751+00:00,38.88607836231627
2025-06-16 04:16:55.667921+00:00,38.868632239436515
2025-06-16 04:16:57.166139+00:00,38.886151814072086
2025-06-16 04:16:58.720695+00:00,38.897757773036545
2025-06-16 04:16:59.326974+00:00,38.897757773036545
2025-06-16 04:17:02.537552+00:00,38.874496869163
2025-06-16 04:17:02.967014+00:00,38.886151814072086
2025-06-16 04:17:03.323372+00:00,38.89194256191104
2025-06-16 04:17:03.934119+00:00,38.89773342259876
2025-06-16 04:17:04.375827+00:00,38.903548690569075
2025-06-16 04:17:04.840757+00:00,38.88607836231627
2025-06-16 04:17:05.203992+00:00,38.90936394864391
2025-06-16 04:17:06.261083+00:00,38.897757773036545
2025-06-16 04:17:15.798856+00:00,38.89770906142422
2025-06-16 04:17:16.135933+00:00,38.8918937168181
2025-06-16 04:17:19.366887+00:00,38.89773342259876
2025-06-16 04:17:19.900668+00:00,38.897757773036545
2025-06-16 04:17:21.778948+00:00,38.8628663578547
2025-06-16 04:17:22.773703+00:00,38.87452147582649
2025-06-16 04:17:23.138047+00:00,38.8628663578547
2025-06-16 04:17:24.661507+00:00,38.88617627651709
2025-06-16 04:17:25.797875+00:00,38.88612734089029
2025-06-16 04:17:27.058435+00:00,38.86870629186116
2025-06-16 04:17:28.177635+00:00,38.903621509452
2025-06-16 04:17:28.662291+00:00,38.86289109800078
2025-06-16 04:17:32.151834+00:00,38.88617627651709
2025-06-16 04:17:33.309647+00:00,38.89780644170184
2025-06-16 04:17:34.834796+00:00,38.903621509452
2025-06-16 04:17:35.982479+00:00,38.90357297426678
2025-06-16 04:17:36.295793+00:00,38.903621509452
2025-06-16 04:17:36.553347+00:00,38.89194256191104
2025-06-16 04:17:36.813476+00:00,38.909388165601776
2025-06-16 04:17:37.181292+00:00,38.90936394864391
2025-06-16 04:17:37.449839+00:00,38.88610285697168
2025-06-16 04:17:39.045387+00:00,38.90943656730737
2025-06-16 04:17:47.482016+00:00,38.89780644170184
2025-06-16 04:17:49.700655+00:00,38.92111474513476
2025-06-16 04:17:52.480493+00:00,38.90950908934046
2025-06-16 04:17:54.253455+00:00,38.92692963982754
2025-06-16 04:17:54.913846+00:00,38.909460752055104
2025-06-16 04:17:56.794631+00:00,38.9385355592144
2025-06-16 04:17:57.536282+00:00,38.92692963982754
2025-06-16 04:18:01.980091+00:00,38.897830759929356
2025-06-16 04:18:11.599454+00:00,38.921138774930306
2025-06-16 04:18:12.063655+00:00,38.93279230652473
2025-06-16 04:18:13.750503+00:00,38.93274452462598
2025-06-16 04:18:13.993336+00:00,38.9327206175717
2025-06-16 04:18:18.530015+00:00,38.93851170816214
2025-06-16 04:18:19.380490+00:00,38.91527573327611
2025-06-16 04:18:25.154479+00:00,38.93269669978079
2025-06-16 04:18:26.272510+00:00,38.92690566603441
2025-06-16 04:18:26.824032+00:00,38.903621509452
2025-06-16 04:18:28.121233+00:00,38.90948492606613
2025-06-16 04:18:30.483317+00:00,38.909533241878094
2025-06-16 04:18:31.989278+00:00,38.90948492606613
2025-06-16 04:18:33.556228+00:00,38.9211627939892
2025-06-16 04:18:33.815550+00:00,38.921138774930306
2025-06-16 04:18:34.057381+00:00,38.90950908934046
2025-06-16 04:18:35.310179+00:00,38.903670001690294
2025-06-16 04:18:36.813299+00:00,38.92109070460255
2025-06-16 04:18:37.910091+00:00,38.93855939953007
2025-06-16 04:18:40.759195+00:00,38.92690566603441
2025-06-16 04:18:44.085983+00:00,38.93855939953007
2025-06-16 04:18:45.749600+00:00,38.94439802738053
2025-06-16 04:18:50.863292+00:00,38.956003964876246
2025-06-16 04:18:51.294972+00:00,38.92692963982754
2025-06-16 04:18:51.801553+00:00,38.92111474513476
2025-06-16 04:18:52.912763+00:00,38.92692963982754
2025-06-16 04:18:57.606061+00:00,38.909388165601776
2025-06-16 04:18:57.897724+00:00,38.89778211273756
2025-06-16 04:18:58.166857+00:00,38.92688168150464
2025-06-16 04:18:58.541576+00:00,38.91525161526793
2025-06-16 04:19:00.200640+00:00,38.891966968352335
2025-06-16 04:19:01.591996+00:00,38.89194256191104
2025-06-16 04:19:02.293394+00:00,38.88617627651709
2025-06-16 04:19:02.678547+00:00,38.87447225176267
2025-06-16 04:19:08.695927+00:00,38.880287559314915
2025-06-16 04:19:13.437479+00:00,38.868681618456485
2025-06-16 04:19:14.179771+00:00,38.86289109800078
2025-06-16 04:19:14.980393+00:00,38.8628663578547
2025-06-16 04:19:15.982522+00:00,38.868681618456485
2025-06-16 04:19:16.372269+00:00,38.86284160697172
2025-06-16 04:19:17.923786+00:00,38.86281684535184
2025-06-16 04:19:19.551648+00:00,38.886151814072086
2025-06-16 04:19:19.945697+00:00,38.880287559314915
2025-06-16 04:19:20.297009+00:00,38.880312109974284
2025-06-16 04:19:20.560927+00:00,38.880287559314915
2025-06-16 04:19:21.415933+00:00,38.880312109974284
2025-06-16 04:19:23.487103+00:00,38.85121092259884
2025-06-16 04:19:26.136560+00:00,38.83955517005603
2025-06-16 04:19:27.071394+00:00,38.85121092259884
2025-06-16 04:19:27.429119+00:00,38.86284160697172
2025-06-16 04:19:27.790776+00:00,38.85116112165494
2025-06-16 04:19:29.100744+00:00,38.85702626973302
2025-06-16 04:19:31.619420+00:00,38.85121092259884
2025-06-16 04:19:33.882323+00:00,38.86281684535184
2025-06-16 04:19:34.992215+00:00,38.85118602749536
2025-06-16 04:19:36.219189+00:00,38.85702626973302
2025-06-16 04:19:38.409302+00:00,38.84539556556916
2025-06-16 04:19:40.127303+00:00,38.86284160697172
2025-06-16 04:19:40.404282+00:00,38.85118602749536
2025-06-16 04:19:42.394746+00:00,38.84539556556916
2025-06-16 04:19:44.991950+00:00,38.86281684535184
2025-06-16 04:19:51.411205+00:00,38.851260680594955
2025-06-16 04:19:53.083541+00:00,38.83965521998601
2025-06-16 04:19:54.529522+00:00,38.85131039564331
2025-06-16 04:19:56.303316+00:00,38.851260680594955
2025-06-16 04:19:56.641131+00:00,38.851260680594955
2025-06-16 04:20:00.318745+00:00,38.85707589424538
2025-06-16 04:20:02.697466+00:00,38.86291582740997
2025-06-16 04:20:04.410883+00:00,38.87452147582649
2025-06-16 04:20:06.760693+00:00,38.880312109974284
2025-06-16 04:20:08.023524+00:00,38.85123580696536
2025-06-16 04:20:11.197992+00:00,38.88610285697168
2025-06-16 04:20:13.456225+00:00,38.85705108735766
2025-06-16 04:20:14.517222+00:00,38.874496869163
2025-06-16 04:20:15.328304+00:00,38.874496869163
2025-06-16 04:20:19.899685+00:00,38.86281684535184
2025-06-16 04:20:21.765854+00:00,38.83955517005603
2025-06-16 04:20:23.739682+00:00,38.839580198644015
2025-06-16 04:20:27.872471+00:00,38.868656934314934
2025-06-16 04:20:29.276867+00:00,38.839580198644015
2025-06-16 04:20:37.908214+00:00,38.83373972649281
2025-06-16 04:20:39.317363+00:00,38.839605216495
2025-06-16 04:20:42.301295+00:00,38.85128554348759
2025-06-16 04:20:45.287726+00:00,38.839630223609
2025-06-16 04:20:51.598896+00:00,38.851260680594955
2025-06-16 04:20:52.111801+00:00,38.868681618456485
2025-06-16 04:20:52.344015+00:00,38.85123580696536
2025-06-16 04:20:56.806596+00:00,38.88607836231627
2025-06-16 04:20:57.264921+00:00,38.880287559314915
2025-06-16 04:20:58.535781+00:00,38.89773342259876
2025-06-16 04:20:59.139144+00:00,38.868730954528964
2025-06-16 04:21:00.068896+00:00,38.880312109974284
2025-06-16 04:21:04.362624+00:00,38.874496869163
2025-06-16 04:21:06.621576+00:00,38.891991364056864
2025-06-16 04:21:07.488452+00:00,38.87452147582649
2025-06-16 04:21:07.937855+00:00,38.88036117908252
2025-06-16 04:21:08.442502+00:00,38.85705108735766
2025-06-16 04:21:08.870685+00:00,38.8628663578547
2025-06-16 04:21:09.271503+00:00,38.86294054608228
2025-06-16 04:21:10.716637+00:00,38.88036117908252
2025-06-16 04:21:11.862581+00:00,38.87452147582649
2025-06-16 04:21:14.390905+00:00,38.868730954528964
2025-06-16 04:21:20.671760+00:00,38.874546071753144
2025-06-16 04:21:21.139656+00:00,38.891991364056864
2025-06-16 04:21:21.899844+00:00,38.891991364056864
2025-06-16 04:21:23.043209+00:00,38.88036117908252
2025-06-16 04:21:23.462847+00:00,38.874496869163
2025-06-16 04:21:23.653795+00:00,38.89778211273756
2025-06-16 04:21:23.894472+00:00,38.8918937168181
2025-06-16 04:21:24.134542+00:00,38.88612734089029
2025-06-16 04:21:24.435161+00:00,38.880312109974284
2025-06-16 04:21:24.664744+00:00,38.891991364056864
2025-06-16 04:21:24.924518+00:00,38.897757773036545
2025-06-16 04:21:25.316596+00:00,38.874496869163
2025-06-16 04:21:25.725295+00:00,38.89194256191104
2025-06-16 04:21:25.976992+00:00,38.891966968352335
2025-06-16 04:21:26.275582+00:00,38.90357297426678
2025-06-16 04:21:26.534812+00:00,38.88610285697168
2025-06-16 04:21:27.130880+00:00,38.88612734089029
2025-06-16 04:21:35.140078+00:00,38.868681618456485
2025-06-16 04:21:35.834958+00:00,38.891966968352335
2025-06-16 04:21:37.972739+00:00,38.88612734089029
2025-06-16 04:21:39.160554+00:00,38.87452147582649
2025-06-16 04:21:40.401890+00:00,38.88607836231627
2025-06-16 04:21:42.392769+00:00,38.87452147582649
2025-06-16 04:21:43.166580+00:00,38.880287559314915
2025-06-16 04:21:44.679483+00:00,38.87452147582649
2025-06-16 04:21:45.369814+00:00,38.86289109800078
2025-06-16 04:21:47.613073+00:00,38.874496869163
2025-06-16 04:21:49.794268+00:00,38.839605216495
2025-06-16 04:21:51.724338+00:00,38.85123580696536
2025-06-16 04:21:52.759587+00:00,38.86284160697172
2025-06-16 04:21:58.692230+00:00,38.85118602749536
2025-06-16 04:21:58.959978+00:00,38.85123580696536
2025-06-16 04:22:03.475249+00:00,38.86858281746904
2025-06-16 04:22:10.545304+00:00,38.781323136621104
2025-06-16 04:22:13.629067+00:00,38.804586008677425
2025-06-16 04:22:14.293960+00:00,38.80453505394936
2025-06-16 04:22:14.685141+00:00,38.81040170195053
2025-06-16 04:22:14.830751+00:00,38.787113197251486
2025-06-16 04:22:15.211698+00:00,38.79290337073729
2025-06-16 04:22:20.151661+00:00,38.792928986958266
2025-06-16 04:22:21.430518+00:00,38.781323136621104
2025-06-16 04:22:21.948332+00:00,38.775455771692855
2025-06-16 04:22:22.492340+00:00,38.79290337073729
2025-06-16 04:22:24.871733+00:00,38.804586008677425
2025-06-16 04:22:25.195514+00:00,38.78129739764809
2025-06-16 04:22:25.457911+00:00,38.804586008677425
2025-06-16 04:22:27.042703+00:00,38.79295459244205
2025-06-16 04:22:27.745494+00:00,38.79300577119807
2025-06-16 04:22:29.200128+00:00,38.79874476676842
2025-06-16 04:22:31.977495+00:00,38.792980187188654
2025-06-16 04:22:33.703114+00:00,38.822007787042864
2025-06-16 04:22:34.963123+00:00,38.81042709646506
2025-06-16 04:22:36.242583+00:00,38.792980187188654
2025-06-16 04:22:39.281275+00:00,38.82203305880755
2025-06-16 04:22:40.861450+00:00,38.793031344470315
2025-06-16 04:22:41.120242+00:00,38.804586008677425
2025-06-16 04:22:41.316324+00:00,38.804586008677425
2025-06-16 04:22:41.563083+00:00,38.80456053668196
2025-06-16 04:22:41.778846+00:00,38.80456053668196
2025-06-16 04:22:42.238344+00:00,38.80453505394936
2025-06-16 04:22:42.548630+00:00,38.78127164793785
2025-06-16 04:22:42.999473+00:00,38.80453505394936
2025-06-16 04:22:43.408549+00:00,38.804586008677425
2025-06-16 04:22:43.765468+00:00,38.787113197251486
2025-06-16 04:22:45.792538+00:00,38.792928986958266
2025-06-16 04:22:49.563472+00:00,38.80456053668196
2025-06-16 04:22:49.815279+00:00,38.81616669757403
2025-06-16 04:22:50.089990+00:00,38.80456053668196
2025-06-16 04:22:50.291057+00:00,38.79874476676842
2025-06-16 04:22:52.286952+00:00,38.82205831983518
2025-06-16 04:22:55.412711+00:00,38.80456053668196
2025-06-16 04:22:55.659397+00:00,38.79290337073729
2025-06-16 04:22:55.907860+00:00,38.787113197251486
2025-06-16 04:22:56.166890+00:00,38.79290337073729
2025-06-16 04:22:56.516144+00:00,38.804586008677425
2025-06-16 04:22:56.933688+00:00,38.80456053668196
2025-06-16 04:22:57.765190+00:00,38.792928986958266
2025-06-16 04:22:59.671019+00:00,38.792980187188654
2025-06-16 04:23:03.371340+00:00,38.781245887490385
2025-06-16 04:23:06.770580+00:00,38.787138869479776
2025-06-16 04:23:07.293769+00:00,38.79879583351028
2025-06-16 04:23:07.797209+00:00,38.775481588148075
2025-06-16 04:23:09.069266+00:00,38.792980187188654
2025-06-16 04:23:10.919063+00:00,38.7988723530944
2025-06-16 04:23:12.124748+00:00,38.80456053668196
2025-06-16 04:23:14.171021+00:00,38.804586008677425
2025-06-16 04:23:14.856358+00:00,38.80463692045694
2025-06-16 04:23:16.944553+00:00,38.81037629669888
2025-06-16 04:23:20.223307+00:00,38.804586008677425
2025-06-16 04:23:20.715433+00:00,38.787138869479776
2025-06-16 04:23:23.208715+00:00,38.78129739764809
2025-06-16 04:23:24.235428+00:00,38.79295459244205
2025-06-16 04:23:25.154650+00:00,38.792980187188654
2025-06-16 04:23:26.081573+00:00,38.787087514286
2025-06-16 04:23:27.258452+00:00,38.775481588148075
2025-06-16 04:23:28.581038+00:00,38.769665768751445
2025-06-16 04:23:29.774120+00:00,38.75808610143938
2025-06-16 04:23:34.378173+00:00,38.781245887490385
2025-06-16 04:23:34.912563+00:00,38.78129739764809
2025-06-16 04:23:36.030055+00:00,38.758060106222516
2025-06-16 04:23:37.453309+00:00,38.78134886485688
2025-06-16 04:23:38.695366+00:00,38.76384993945819
2025-06-16 04:23:39.213625+00:00,38.76382398951234
2025-06-16 04:23:39.557082+00:00,38.74635008109434
2025-06-16 04:23:41.903735+00:00,38.76382398951234
2025-06-16 04:23:42.532092+00:00,38.7521660735697
2025-06-16 04:23:47.199483+00:00,38.78129739764809
2025-06-16 04:23:47.624819+00:00,38.775429944500395
2025-06-16 04:23:48.090658+00:00,38.76963988555103
2025-06-16 04:23:48.451151+00:00,38.76963988555103
2025-06-16 04:23:49.431852+00:00,38.775481588148075
2025-06-16 04:23:51.272520+00:00,38.76969164121459
2025-06-16 04:23:51.553961+00:00,38.75224432388188
2025-06-16 04:23:51.837654+00:00,38.74635008109434
2025-06-16 04:23:52.106672+00:00,38.7521660735697
2025-06-16 04:23:54.368061+00:00,38.73479691748165
2025-06-16 04:23:55.298315+00:00,38.734744360866245
2025-06-16 04:23:57.892138+00:00,38.75219216774444
2025-06-16 04:23:58.970703+00:00,38.758034100268326
2025-06-16 04:23:59.457153+00:00,38.74635008109434
2025-06-16 04:24:00.434973+00:00,38.75219216774444
2025-06-16 04:24:01.755093+00:00,38.740586523318996
2025-06-16 04:24:02.359403+00:00,38.73471806645241
2025-06-16 04:24:03.326462+00:00,38.74056030638915
2025-06-16 04:24:04.159098+00:00,38.75219216774444
2025-06-16 04:24:05.366521+00:00,38.7521660735697
2025-06-16 04:24:06.596947+00:00,38.746402392198725
2025-06-16 04:24:06.927222+00:00,38.758060106222516
2025-06-16 04:24:09.974909+00:00,38.758060106222516
2025-06-16 04:24:15.215943+00:00,38.781323136621104
2025-06-16 04:24:15.572585+00:00,38.763875878666745
2025-06-16 04:24:15.899568+00:00,38.798719217291755
2025-06-16 04:24:17.504529+00:00,38.792980187188654
2025-06-16 04:24:20.225695+00:00,38.792980187188654
2025-06-16 04:24:20.831573+00:00,38.763875878666745
2025-06-16 04:24:21.430957+00:00,38.781323136621104
2025-06-16 04:24:22.505952+00:00,38.79300577119807
2025-06-16 04:24:22.989971+00:00,38.79874476676842
2025-06-16 04:24:23.274795+00:00,38.781323136621104
2025-06-16 04:24:23.580510+00:00,38.792928986958266
2025-06-16 04:24:23.900198+00:00,38.792980187188654
2025-06-16 04:24:24.348207+00:00,38.79874476676842
2025-06-16 04:24:24.923392+00:00,38.792980187188654
2025-06-16 04:24:25.531205+00:00,38.787138869479776
2025-06-16 04:24:26.239776+00:00,38.775481588148075
2025-06-16 04:24:28.156687+00:00,38.76974335392906
2025-06-16 04:24:28.632040+00:00,38.76971750294046
2025-06-16 04:24:31.072893+00:00,38.792980187188654
2025-06-16 04:24:32.434395+00:00,38.77558474659643
2025-06-16 04:24:32.973068+00:00,38.78137458235544
2025-06-16 04:24:33.490310+00:00,38.77553318884676
2025-06-16 04:24:37.041934+00:00,38.798846857303516
2025-06-16 04:24:37.400695+00:00,38.79305690700538
2025-06-16 04:24:39.005081+00:00,38.798897838148136
2025-06-16 04:24:41.645364+00:00,38.80466236024101
2025-06-16 04:24:42.938250+00:00,38.781425985140885
2025-06-16 04:24:43.724712+00:00,38.822159256575034
2025-06-16 04:24:44.000285+00:00,38.81629333642886
2025-06-16 04:24:44.292935+00:00,38.80466236024101
2025-06-16 04:24:44.685684+00:00,38.810452480242475
2025-06-16 04:24:49.447775+00:00,38.81629333642886
2025-06-16 04:24:50.984228+00:00,38.81636919089674
2025-06-16 04:24:55.896216+00:00,38.82799972704292
2025-06-16 04:24:56.389005+00:00,38.8222096605226
2025-06-16 04:24:56.742029+00:00,38.83955517005603
2025-06-16 04:24:57.580464+00:00,38.83381498027347
2025-06-16 04:24:59.045298+00:00,38.8454703866842
2025-06-16 04:25:00.148741+00:00,38.83381498027347
2025-06-16 04:25:03.181756+00:00,38.84539556556916
2025-06-16 04:25:07.294188+00:00,38.83965521998601
2025-06-16 04:25:10.858061+00:00,38.85123580696536
2025-06-16 04:25:11.246544+00:00,38.8628663578547
2025-06-16 04:25:22.936761+00:00,38.8628663578547
2025-06-16 04:25:30.922968+00:00,38.85118602749536
2025-06-16 04:25:32.077940+00:00,38.82797458644361
2025-06-16 04:25:35.468512+00:00,38.82794943510726
2025-06-16 04:25:37.763673+00:00,38.83376482182338
2025-06-16 04:25:40.399414+00:00,38.82794943510726
2025-06-16 04:25:42.088841+00:00,38.82794943510726
2025-06-16 04:25:42.764275+00:00,38.85123580696536
2025-06-16 04:25:44.217251+00:00,38.83376482182338
2025-06-16 04:25:44.592465+00:00,38.83378990641693
2025-06-16 04:25:46.071937+00:00,38.85121092259884
2025-06-16 04:25:46.765888+00:00,38.827924273033865
2025-06-16 04:25:47.830840+00:00,38.84537060372355
2025-06-16 04:25:51.231459+00:00,38.83371462042522
2025-06-16 04:25:51.762260+00:00,38.827924273033865
2025-06-16 04:25:53.262796+00:00,38.84537060372355
2025-06-16 04:25:53.590189+00:00,38.82784872239148
2025-06-16 04:25:53.914002+00:00,38.82210880967922
2025-06-16 04:25:54.338781+00:00,38.816268030132065
2025-06-16 04:25:55.379739+00:00,38.82794943510726
2025-06-16 04:25:56.086897+00:00,38.82789910022344
2025-06-16 04:25:57.072424+00:00,38.83955517005603
2025-06-16 04:25:57.338027+00:00,38.82794943510726
2025-06-16 04:25:57.587054+00:00,38.85113620507758
2025-06-16 04:26:05.905346+00:00,38.81047785328279
2025-06-16 04:26:09.767272+00:00,38.82797458644361
2025-06-16 04:26:12.341884+00:00,38.81629333642886
2025-06-16 04:26:13.913014+00:00,38.822134038495655
2025-06-16 04:26:15.287467+00:00,38.816318631988565
2025-06-16 04:26:15.638407+00:00,38.816318631988565
2025-06-16 04:26:16.022256+00:00,38.81629333642886
2025-06-16 04:26:16.367290+00:00,38.816318631988565
2025-06-16 04:26:16.948756+00:00,38.80466236024101
2025-06-16 04:26:19.832001+00:00,38.82794943510726
2025-06-16 04:26:20.357458+00:00,38.816318631988565
2025-06-16 04:26:21.036300+00:00,38.80468778928795
2025-06-16 04:26:22.239670+00:00,38.82794943510726
2025-06-16 04:26:23.195021+00:00,38.80468778928795
2025-06-16 04:26:24.520071+00:00,38.82210880967922
2025-06-16 04:26:26.827213+00:00,38.83376482182338
2025-06-16 04:26:27.677273+00:00,38.82797458644361
2025-06-16 04:26:31.870811+00:00,38.81629333642886
2025-06-16 04:26:32.388438+00:00,38.8105285671521
2025-06-16 04:26:32.905855+00:00,38.822134038495655
2025-06-16 04:26:34.370864+00:00,38.82794943510726
2025-06-16 04:26:34.895850+00:00,38.816318631988565
2025-06-16 04:26:36.081240+00:00,38.82797458644361
2025-06-16 04:26:38.096035+00:00,38.83376482182338
2025-06-16 04:26:38.804413+00:00,38.81636919089674
2025-06-16 04:26:39.138617+00:00,38.83376482182338
2025-06-16 04:26:40.900787+00:00,38.83378990641693
2025-06-16 04:26:41.145707+00:00,38.83373972649281
2025-06-16 04:26:42.740302+00:00,38.839580198644015
2025-06-16 04:26:43.658889+00:00,38.839580198644015
2025-06-16 04:26:44.536013+00:00,38.839605216495
2025-06-16 04:26:49.387771+00:00,38.839580198644015
2025-06-16 04:26:50.635090+00:00,38.822159256575034
2025-06-16 04:26:52.069988+00:00,38.82218446391734
2025-06-16 04:26:53.467885+00:00,38.81634391681119
2025-06-16 04:26:54.735737+00:00,38.81047785328279
2025-06-16 04:26:55.420795+00:00,38.80471320759774
2025-06-16 04:26:56.170263+00:00,38.83376482182338
2025-06-16 04:26:57.197576+00:00,38.8105285671521
2025-06-16 04:27:00.713047+00:00,38.83376482182338
2025-06-16 04:27:01.612885+00:00,38.822159256575034
2025-06-16 04:27:01.920427+00:00,38.82797458644361
2025-06-16 04:27:02.971472+00:00,38.8105285671521
2025-06-16 04:27:04.404698+00:00,38.83378990641693
2025-06-16 04:27:05.828440+00:00,38.84542051667781
2025-06-16 04:27:06.252025+00:00,38.839580198644015
2025-06-16 04:27:06.701069+00:00,38.83378990641693
2025-06-16 04:27:11.904933+00:00,38.85121092259884
2025-06-16 04:27:14.972082+00:00,38.84542051667781
2025-06-16 04:27:16.244570+00:00,38.83381498027347
2025-06-16 04:27:19.544835+00:00,38.839605216495
2025-06-16 04:27:23.166685+00:00,38.85710069039618
2025-06-16 04:27:23.570082+00:00,38.85707589424538
2025-06-16 04:27:23.868556+00:00,38.85123580696536
2025-06-16 04:27:24.736176+00:00,38.85131039564331
2025-06-16 04:27:25.705317+00:00,38.839605216495
2025-06-16 04:27:27.102233+00:00,38.85710069039618
2025-06-16 04:27:28.624756+00:00,38.851260680594955
2025-06-16 04:27:29.254376+00:00,38.85123580696536
2025-06-16 04:27:30.408803+00:00,38.839630223609
2025-06-16 04:27:32.008799+00:00,38.868730954528964
2025-06-16 04:27:33.677169+00:00,38.874496869163
2025-06-16 04:27:36.095183+00:00,38.839605216495
2025-06-16 04:27:38.730216+00:00,38.85128554348759
2025-06-16 04:27:40.585928+00:00,38.85710069039618
2025-06-16 04:27:41.403126+00:00,38.851260680594955
2025-06-16 04:27:41.953028+00:00,38.86289109800078
2025-06-16 04:27:44.069763+00:00,38.86291582740997
2025-06-16 04:27:50.083107+00:00,38.84544545704949
2025-06-16 04:27:50.517154+00:00,38.85128554348759
2025-06-16 04:27:50.768238+00:00,38.85123580696536
2025-06-16 04:27:51.702560+00:00,38.83381498027347
2025-06-16 04:27:52.752396+00:00,38.839630223609
2025-06-16 04:27:53.551101+00:00,38.83384004339301
2025-06-16 04:27:55.530818+00:00,38.868681618456485
2025-06-16 04:27:56.819390+00:00,38.86291582740997
2025-06-16 04:27:59.381595+00:00,38.85123580696536
2025-06-16 04:27:59.767316+00:00,38.85118602749536
2025-06-16 04:28:01.444318+00:00,38.874570656942936
2025-06-16 04:28:04.477685+00:00,38.86289109800078
2025-06-16 04:28:05.627461+00:00,38.86294054608228
2025-06-16 04:28:06.086590+00:00,38.868681618456485
2025-06-16 04:28:06.597101+00:00,38.85700144137145
2025-06-16 04:28:07.559825+00:00,38.86294054608228
2025-06-16 04:28:08.757493+00:00,38.857125475810086
2025-06-16 04:28:11.136309+00:00,38.82799972704292
2025-06-16 04:28:11.669089+00:00,38.85128554348759
2025-06-16 04:28:16.554352+00:00,38.839630223609
2025-06-16 04:28:18.059709+00:00,38.83965521998601
2025-06-16 04:28:19.380233+00:00,38.839630223609
2025-06-16 04:28:25.136532+00:00,38.82802485690521
2025-06-16 04:28:25.494585+00:00,38.8454703866842
2025-06-16 04:28:25.768099+00:00,38.839605216495
2025-06-16 04:28:26.322068+00:00,38.85128554348759
2025-06-16 04:28:28.526430+00:00,38.84549530558196
2025-06-16 04:28:28.945829+00:00,38.851260680594955
2025-06-16 04:28:29.221861+00:00,38.857125475810086
2025-06-16 04:28:29.604561+00:00,38.82218446391734
2025-06-16 04:28:29.872121+00:00,38.82799972704292
2025-06-16 04:28:32.694462+00:00,38.84549530558196
2025-06-16 04:28:33.285269+00:00,38.83970518052909
2025-06-16 04:28:35.009633+00:00,38.84549530558196
2025-06-16 04:28:36.509287+00:00,38.83386509577554
2025-06-16 04:28:36.734454+00:00,38.839680205626046
2025-06-16 04:28:37.432274+00:00,38.83965521998601
2025-06-16 04:28:41.197912+00:00,38.83965521998601
2025-06-16 04:28:43.715080+00:00,38.81641970685659
2025-06-16 04:28:44.118877+00:00,38.80473861517042
2025-06-16 04:28:44.458485+00:00,38.8222096605226
2025-06-16 04:28:45.035132+00:00,38.82802485690521
2025-06-16 04:28:47.619023+00:00,38.81639445424519
2025-06-16 04:28:49.271089+00:00,38.82804997603048
2025-06-16 04:28:50.356600+00:00,38.82804997603048
2025-06-16 04:28:51.767728+00:00,38.83384004339301
2025-06-16 04:28:54.132554+00:00,38.839680205626046
2025-06-16 04:28:54.383807+00:00,38.84542051667781
2025-06-16 04:28:55.345734+00:00,38.8222096605226
2025-06-16 04:28:56.763222+00:00,38.82804997603048
2025-06-16 04:28:57.892138+00:00,38.8222096605226
2025-06-16 04:28:58.458788+00:00,38.82799972704292
2025-06-16 04:28:59.619401+00:00,38.8280750844187
2025-06-16 04:28:59.888811+00:00,38.83384004339301
2025-06-16 04:29:00.238650+00:00,38.82218446391734
2025-06-16 04:29:00.568380+00:00,38.81639445424519
2025-06-16 04:29:01.258397+00:00,38.82797458644361
2025-06-16 04:29:01.576518+00:00,38.82794943510726
2025-06-16 04:29:03.593755+00:00,38.82802485690521
2025-06-16 04:29:05.568707+00:00,38.83384004339301
2025-06-16 04:29:09.816883+00:00,38.8454703866842
2025-06-16 04:29:12.933025+00:00,38.8454703866842
2025-06-16 04:29:13.842647+00:00,38.83965521998601
2025-06-16 04:29:21.601453+00:00,38.84544545704949
2025-06-16 04:29:23.533969+00:00,38.86289109800078
2025-06-16 04:29:24.500584+00:00,38.85128554348759
2025-06-16 04:29:25.001283+00:00,38.86289109800078
2025-06-16 04:29:25.343595+00:00,38.84544545704949
2025-06-16 04:29:26.555750+00:00,38.85131039564331
2025-06-16 04:29:26.897709+00:00,38.839605216495
2025-06-16 04:29:27.195901+00:00,38.85128554348759
2025-06-16 04:29:27.548921+00:00,38.84542051667781
2025-06-16 04:29:28.357412+00:00,38.839630223609
2025-06-16 04:29:32.908364+00:00,38.85707589424538
2025-06-16 04:29:34.590940+00:00,38.85128554348759
2025-06-16 04:29:35.166084+00:00,38.857125475810086
2025-06-16 04:29:35.786261+00:00,38.839630223609
2025-06-16 04:29:36.203326+00:00,38.82218446391734
2025-06-16 04:29:37.374529+00:00,38.839630223609
2025-06-16 04:29:40.122273+00:00,38.83384004339301
2025-06-16 04:29:41.209700+00:00,38.84544545704949
2025-06-16 04:29:41.500775+00:00,38.8454703866842
2025-06-16 04:29:44.023748+00:00,38.85707589424538
2025-06-16 04:29:48.670707+00:00,38.83384004339301
2025-06-16 04:29:53.867279+00:00,38.85121092259884
2025-06-16 04:29:54.723952+00:00,38.839605216495
2025-06-16 04:29:56.371093+00:00,38.839630223609
2025-06-16 04:29:57.906257+00:00,38.839630223609
2025-06-16 04:29:58.726174+00:00,38.81636919089674
2025-06-16 04:30:00.658221+00:00,38.8454703866842
2025-06-16 04:30:04.840770+00:00,38.84544545704949
2025-06-16 04:30:06.632449+00:00,38.8454703866842
2025-06-16 04:30:11.454646+00:00,38.8628663578547
2025-06-16 04:30:18.407133+00:00,38.86291582740997
2025-06-16 04:30:28.341154+00:00,38.86294054608228
2025-06-16 04:30:29.786779+00:00,38.874570656942936
2025-06-16 04:30:30.857165+00:00,38.85715025048706
2025-06-16 04:30:31.591190+00:00,38.8454703866842
2025-06-16 04:30:33.215633+00:00,38.839680205626046
2025-06-16 04:30:33.797897+00:00,38.85133523706209
2025-06-16 04:30:36.339939+00:00,38.83384004339301
2025-06-16 04:30:39.201907+00:00,38.85128554348759
2025-06-16 04:30:40.051108+00:00,38.86291582740997
2025-06-16 04:30:45.317861+00:00,38.84542051667781
2025-06-16 04:30:46.122365+00:00,38.85707589424538
2025-06-16 04:30:47.031640+00:00,38.83376482182338
2025-06-16 04:30:47.866446+00:00,38.86289109800078
2025-06-16 04:30:51.557876+00:00,38.82799972704292
2025-06-16 04:30:52.392183+00:00,38.827924273033865
2025-06-16 04:30:53.448110+00:00,38.84542051667781
2025-06-16 04:30:54.831164+00:00,38.822159256575034
2025-06-16 04:30:56.828691+00:00,38.83381498027347
2025-06-16 04:30:59.590151+00:00,38.81636919089674
2025-06-16 04:31:00.527748+00:00,38.80463692045694
2025-06-16 04:31:00.964972+00:00,38.81047785328279
2025-06-16 04:31:02.520643+00:00,38.810503215585996
2025-06-16 04:31:04.024558+00:00,38.81057923807299
2025-06-16 04:31:05.283692+00:00,38.82210880967922
2025-06-16 04:31:05.835190+00:00,38.83373972649281
2025-06-16 04:31:06.458688+00:00,38.827924273033865
2025-06-16 04:31:10.363035+00:00,38.839580198644015
2025-06-16 04:31:10.847668+00:00,38.810503215585996
2025-06-16 04:31:11.240612+00:00,38.80471320759774
2025-06-16 04:31:11.686737+00:00,38.80471320759774
2025-06-16 04:31:12.220960+00:00,38.81047785328279
2025-06-16 04:31:12.639004+00:00,38.798846857303516
2025-06-16 04:31:12.957489+00:00,38.81634391681119
2025-06-16 04:31:13.350181+00:00,38.82210880967922
2025-06-16 04:31:13.724434+00:00,38.82794943510726
2025-06-16 04:31:14.026581+00:00,38.816268030132065
2025-06-16 04:31:14.301051+00:00,38.79305690700538
2025-06-16 04:31:14.599458+00:00,38.81629333642886
2025-06-16 04:31:16.723560+00:00,38.83955517005603
2025-06-16 04:31:18.630662+00:00,38.82210880967922
2025-06-16 04:31:21.971068+00:00,38.79300577119807
2025-06-16 04:31:25.026221+00:00,38.781425985140885
2025-06-16 04:31:27.615343+00:00,38.810503215585996
2025-06-16 04:31:27.983774+00:00,38.7872158217414
2025-06-16 04:31:28.300681+00:00,38.798846857303516
2025-06-16 04:31:28.575672+00:00,38.793031344470315
2025-06-16 04:31:28.952053+00:00,38.793031344470315
2025-06-16 04:31:29.347337+00:00,38.798846857303516
2025-06-16 04:31:34.640793+00:00,38.793031344470315
2025-06-16 04:31:35.140475+00:00,38.78137458235544
2025-06-16 04:31:36.085018+00:00,38.792980187188654
2025-06-16 04:31:38.456696+00:00,38.81047785328279
2025-06-16 04:31:38.616722+00:00,38.82210880967922
2025-06-16 04:31:39.059380+00:00,38.798846857303516
2025-06-16 04:31:41.766366+00:00,38.793031344470315
2025-06-16 04:31:46.271590+00:00,38.80463692045694
2025-06-16 04:31:53.144396+00:00,38.798846857303516
2025-06-16 04:31:53.364355+00:00,38.798846857303516
2025-06-16 04:31:53.570864+00:00,38.80466236024101
2025-06-16 04:31:53.821122+00:00,38.79882135077547
2025-06-16 04:31:54.882052+00:00,38.793031344470315
2025-06-16 04:31:55.141901+00:00,38.81047785328279
2025-06-16 04:31:55.738595+00:00,38.792980187188654
2025-06-16 04:31:58.766775+00:00,38.80463692045694
2025-06-16 04:31:59.995143+00:00,38.82789910022344
2025-06-16 04:32:01.996265+00:00,38.798846857303516
2025-06-16 04:32:02.563488+00:00,38.79879583351028
2025-06-16 04:32:03.688984+00:00,38.7872158217414
2025-06-16 04:32:04.837201+00:00,38.793235544110104
2025-06-16 04:32:07.663205+00:00,38.798897838148136
2025-06-16 04:32:10.391168+00:00,38.810503215585996
2025-06-16 04:32:10.849079+00:00,38.80463692045694
2025-06-16 04:32:11.226982+00:00,38.816268030132065
2025-06-16 04:32:11.619546+00:00,38.80463692045694
2025-06-16 04:32:13.261898+00:00,38.7988723530944
2025-06-16 04:32:13.519822+00:00,38.80461146993576
2025-06-16 04:32:13.764680+00:00,38.78716453097085
2025-06-16 04:32:14.197658+00:00,38.78716453097085
2025-06-16 04:32:14.456472+00:00,38.804586008677425
2025-06-16 04:32:16.863088+00:00,38.810503215585996
2025-06-16 04:32:18.250799+00:00,38.80463692045694
2025-06-16 04:32:18.597298+00:00,38.80463692045694
2025-06-16 04:32:24.897150+00:00,38.80463692045694
2025-06-16 04:32:25.637030+00:00,38.78716453097085
2025-06-16 04:32:30.075171+00:00,38.79877030550793
2025-06-16 04:32:31.042633+00:00,38.81629333642886
2025-06-16 04:32:31.680393+00:00,38.82205831983518
2025-06-16 04:32:32.925959+00:00,38.82208357012573
2025-06-16 04:32:34.658492+00:00,38.80466236024101
2025-06-16 04:32:35.254517+00:00,38.810452480242475
2025-06-16 04:32:35.786715+00:00,38.78716453097085
2025-06-16 04:32:40.611636+00:00,38.81042709646506
2025-06-16 04:32:40.935974+00:00,38.82208357012573
2025-06-16 04:32:42.329819+00:00,38.8162427130982
2025-06-16 04:32:44.402773+00:00,38.82789910022344
2025-06-16 04:32:49.163564+00:00,38.82198250454111
2025-06-16 04:32:50.542449+00:00,38.80463692045694
2025-06-16 04:32:51.705919+00:00,38.79879583351028
2025-06-16 04:32:52.724152+00:00,38.792980187188654
2025-06-16 04:32:53.683322+00:00,38.78134886485688
2025-06-16 04:32:54.805646+00:00,38.78716453097085
2025-06-16 04:32:55.506510+00:00,38.79877030550793
2025-06-16 04:32:56.458850+00:00,38.77550739386604
2025-06-16 04:32:58.714013+00:00,38.781323136621104
2025-06-16 04:32:59.355446+00:00,38.80461146993576
2025-06-16 04:33:02.971488+00:00,38.78716453097085
2025-06-16 04:33:04.620531+00:00,38.792980187188654
2025-06-16 04:33:08.121392+00:00,38.78134886485688
2025-06-16 04:33:11.387876+00:00,38.792980187188654
2025-06-16 04:33:11.762932+00:00,38.781323136621104
2025-06-16 04:33:13.892343+00:00,38.76976919418039
2025-06-16 04:33:14.702657+00:00,38.75800808357681
2025-06-16 04:33:17.983996+00:00,38.79295459244205
2025-06-16 04:33:18.335405+00:00,38.769613991613326
2025-06-16 04:33:19.221504+00:00,38.769665768751445
2025-06-16 04:33:19.505206+00:00,38.787087514286
2025-06-16 04:33:20.520591+00:00,38.76963988555103
2025-06-16 04:33:23.063919+00:00,38.787113197251486
2025-06-16 04:33:23.830102+00:00,38.775455771692855
2025-06-16 04:33:24.544293+00:00,38.769665768751445
2025-06-16 04:33:31.984432+00:00,38.758034100268326
2025-06-16 04:33:32.334180+00:00,38.763875878666745
2025-06-16 04:33:34.060587+00:00,38.76392772487196
2025-06-16 04:33:35.247432+00:00,38.78134886485688
2025-06-16 04:33:36.142240+00:00,38.78134886485688
2025-06-16 04:33:36.651208+00:00,38.78137458235544
2025-06-16 04:33:37.494067+00:00,38.76974335392906
2025-06-16 04:33:38.663561+00:00,38.78134886485688
2025-06-16 04:33:40.218913+00:00,38.78134886485688
2025-06-16 04:33:42.598724+00:00,38.78134886485688
2025-06-16 04:33:43.433967+00:00,38.76974335392906
2025-06-16 04:33:44.631357+00:00,38.77558474659643
2025-06-16 04:33:47.478065+00:00,38.78726706956315
2025-06-16 04:33:48.904480+00:00,38.77558474659643
2025-06-16 04:33:50.837763+00:00,38.77563626139713
2025-06-16 04:33:53.268356+00:00,38.78726706956315
2025-06-16 04:33:56.259246+00:00,38.81634391681119
2025-06-16 04:33:57.968174+00:00,38.80473861517042
2025-06-16 04:33:58.278497+00:00,38.8162427130982
2025-06-16 04:33:58.988976+00:00,38.8105285671521
2025-06-16 04:34:01.485046+00:00,38.81634391681119
2025-06-16 04:34:10.199854+00:00,38.85121092259884
2025-06-16 04:34:15.383789+00:00,38.839630223609
2025-06-16 04:34:15.747743+00:00,38.82799972704292
2025-06-16 04:34:16.090472+00:00,38.839605216495
2025-06-16 04:34:19.072477+00:00,38.82799972704292
2025-06-16 04:34:22.805894+00:00,38.839580198644015
2025-06-16 04:34:25.553389+00:00,38.82804997603048
2025-06-16 04:34:26.298887+00:00,38.83386509577554
2025-06-16 04:34:34.892671+00:00,38.827924273033865
2025-06-16 04:34:36.298867+00:00,38.839630223609
2025-06-16 04:34:38.663400+00:00,38.822159256575034
2025-06-16 04:34:39.658082+00:00,38.8222096605226
2025-06-16 04:34:43.110160+00:00,38.8222096605226
2025-06-16 04:34:46.797248+00:00,38.83384004339301
2025-06-16 04:34:47.285935+00:00,38.82203305880755
2025-06-16 04:34:48.601105+00:00,38.81055390798109
2025-06-16 04:34:49.977255+00:00,38.80478939810442
2025-06-16 04:34:51.173022+00:00,38.82226002152198
2025-06-16 04:34:53.235524+00:00,38.8222096605226
2025-06-16 04:34:54.781490+00:00,38.82802485690521
2025-06-16 04:34:55.961326+00:00,38.81634391681119
2025-06-16 04:34:56.885519+00:00,38.82802485690521
2025-06-16 04:34:57.160844+00:00,38.839605216495
2025-06-16 04:34:57.654155+00:00,38.84544545704949
2025-06-16 04:34:59.136338+00:00,38.8280750844187
2025-06-16 04:34:59.374368+00:00,38.81055390798109
2025-06-16 04:35:01.890817+00:00,38.82802485690521
2025-06-16 04:35:03.966533+00:00,38.839630223609
2025-06-16 04:35:06.118307+00:00,38.82799972704292
2025-06-16 04:35:07.691721+00:00,38.8222096605226
2025-06-16 04:35:12.908525+00:00,38.839605216495
2025-06-16 04:35:13.318122+00:00,38.816318631988565
2025-06-16 04:35:17.361600+00:00,38.82802485690521
2025-06-16 04:35:24.234766+00:00,38.85705108735766
2025-06-16 04:35:30.785431+00:00,38.86284160697172
2025-06-16 04:35:31.291006+00:00,38.851260680594955
2025-06-16 04:35:31.858557+00:00,38.84544545704949
2025-06-16 04:35:32.373627+00:00,38.85121092259884
2025-06-16 04:35:33.557343+00:00,38.85128554348759
2025-06-16 04:35:39.337587+00:00,38.81047785328279
2025-06-16 04:35:39.815183+00:00,38.83378990641693
2025-06-16 04:35:41.109547+00:00,38.82799972704292
2025-06-16 04:35:43.766869+00:00,38.822134038495655
2025-06-16 04:35:44.208772+00:00,38.8105285671521
2025-06-16 04:35:45.767564+00:00,38.827924273033865
2025-06-16 04:35:46.409655+00:00,38.82210880967922
2025-06-16 04:35:47.601556+00:00,38.816318631988565
2025-06-16 04:35:50.400774+00:00,38.82210880967922
2025-06-16 04:35:52.235092+00:00,38.822159256575034
2025-06-16 04:35:54.259441+00:00,38.798846857303516
2025-06-16 04:35:55.971178+00:00,38.7988723530944
2025-06-16 04:35:57.143340+00:00,38.76976919418039
2025-06-16 04:35:58.611435+00:00,38.793031344470315
2025-06-16 04:36:01.303243+00:00,38.78716453097085
2025-06-16 04:36:03.435835+00:00,38.75808610143938
2025-06-16 04:36:05.853344+00:00,38.74642853164487
2025-06-16 04:36:06.888967+00:00,38.746402392198725
2025-06-16 04:36:10.678044+00:00,38.76382398951234
2025-06-16 04:36:12.058866+00:00,38.73479691748165
2025-06-16 04:36:14.043083+00:00,38.758060106222516
2025-06-16 04:36:16.128463+00:00,38.7231388573001
2025-06-16 04:36:18.029878+00:00,38.7231388573001
2025-06-16 04:36:19.510115+00:00,38.74637624201522
2025-06-16 04:36:21.258171+00:00,38.74637624201522
2025-06-16 04:36:23.020100+00:00,38.746402392198725
2025-06-16 04:36:24.747452+00:00,38.758060106222516
2025-06-16 04:36:26.251760+00:00,38.73471806645241
2025-06-16 04:36:28.975024+00:00,38.740534078721915
2025-06-16 04:36:30.424250+00:00,38.74056030638915
2025-06-16 04:36:33.154358+00:00,38.76384993945819
2025-06-16 04:36:36.683014+00:00,38.72892840544648
2025-06-16 04:36:39.875901+00:00,38.72305957357703
2025-06-16 04:36:41.608099+00:00,38.71726997026146
2025-06-16 04:36:42.380245+00:00,38.71145391840368
2025-06-16 04:36:45.779931+00:00,38.71145391840368
2025-06-16 04:36:48.597917+00:00,38.71729646491642
2025-06-16 04:36:49.028867+00:00,38.70563785664881
2025-06-16 04:36:49.328944+00:00,38.699848479894996
2025-06-16 04:36:49.637990+00:00,38.69982178499687
2025-06-16 04:36:49.893730+00:00,38.70566448479899
2025-06-16 04:36:50.306845+00:00,38.705611217761096
2025-06-16 04:36:52.956077+00:00,38.711480479806134
2025-06-16 04:36:57.048902+00:00,38.74637624201522
2025-06-16 04:37:00.778421+00:00,38.75224432388188
2025-06-16 04:37:02.146200+00:00,38.75221825118183
2025-06-16 04:37:05.521374+00:00,38.763875878666745
2025-06-16 04:37:09.798129+00:00,38.769665768751445
2025-06-16 04:37:10.137073+00:00,38.758034100268326
2025-06-16 04:37:10.566997+00:00,38.7521660735697
2025-06-16 04:37:11.117452+00:00,38.76382398951234
2025-06-16 04:37:11.779844+00:00,38.76963988555103
2025-06-16 04:37:12.402182+00:00,38.75800808357681
2025-06-16 04:37:12.964131+00:00,38.76969164121459
2025-06-16 04:37:13.615939+00:00,38.787138869479776
2025-06-16 04:37:14.067435+00:00,38.758034100268326
2025-06-16 04:37:14.346893+00:00,38.758060106222516
2025-06-16 04:37:14.608737+00:00,38.75221825118183
2025-06-16 04:37:15.131261+00:00,38.758034100268326
2025-06-16 04:37:16.201803+00:00,38.758034100268326
2025-06-16 04:37:19.526075+00:00,38.77550739386604
2025-06-16 04:37:19.936748+00:00,38.75808610143938
2025-06-16 04:37:21.376709+00:00,38.746480778325044
2025-06-16 04:37:22.052017+00:00,38.763901807138005
2025-06-16 04:37:22.486138+00:00,38.763875878666745
2025-06-16 04:37:23.124670+00:00,38.76969164121459
2025-06-16 04:37:23.854717+00:00,38.758034100268326
2025-06-16 04:37:26.913160+00:00,38.75808610143938
2025-06-16 04:37:27.163847+00:00,38.758034100268326
2025-06-16 04:37:28.216193+00:00,38.76395363186863
2025-06-16 04:37:29.821195+00:00,38.763901807138005
2025-06-16 04:37:33.453562+00:00,38.763875878666745
2025-06-16 04:37:36.450825+00:00,38.77553318884676
2025-06-16 04:37:41.552523+00:00,38.74635008109434
2025-06-16 04:37:42.338677+00:00,38.746402392198725
2025-06-16 04:37:47.293627+00:00,38.72890204428583
2025-06-16 04:37:48.804894+00:00,38.723112440129874
2025-06-16 04:37:50.730041+00:00,38.73471806645241
2025-06-16 04:37:56.383398+00:00,38.74635008109434
2025-06-16 04:37:58.903231+00:00,38.7521660735697
2025-06-16 04:37:59.466530+00:00,38.76384993945819
2025-06-16 04:38:00.472484+00:00,38.74635008109434
2025-06-16 04:38:01.545543+00:00,38.75800808357681
2025-06-16 04:38:04.455805+00:00,38.75800808357681
2025-06-16 04:38:06.178162+00:00,38.763901807138005
2025-06-16 04:38:06.862157+00:00,38.75224432388188
2025-06-16 04:38:07.287527+00:00,38.763798028829186
2025-06-16 04:38:07.862827+00:00,38.758034100268326
2025-06-16 04:38:10.562187+00:00,38.74635008109434
2025-06-16 04:38:14.015837+00:00,38.73471806645241
2025-06-16 04:38:15.954743+00:00,38.71726997026146
2025-06-16 04:38:16.320081+00:00,38.72303312419442
2025-06-16 04:38:16.697600+00:00,38.717216948739086
2025-06-16 04:38:18.844760+00:00,38.740534078721915
2025-06-16 04:38:19.163243+00:00,38.71145391840368
2025-06-16 04:38:19.370470+00:00,38.74048159117524
2025-06-16 04:38:19.691996+00:00,38.72305957357703
2025-06-16 04:38:21.197657+00:00,38.711507030471076
2025-06-16 04:38:23.953092+00:00,38.70563785664881
2025-06-16 04:38:24.670813+00:00,38.71726997026146
2025-06-16 04:38:25.891106+00:00,38.72308601222219
2025-06-16 04:38:26.987523+00:00,38.71145391840368
2025-06-16 04:38:28.682820+00:00,38.71729646491642
2025-06-16 04:38:30.791869+00:00,38.69403246509417
2025-06-16 04:38:31.266437+00:00,38.70563785664881
2025-06-16 04:38:36.009197+00:00,38.71140076338622
2025-06-16 04:38:36.818716+00:00,38.694005703447864
2025-06-16 04:38:37.831387+00:00,38.70569110221164
2025-06-16 04:38:41.055803+00:00,38.694005703447864
2025-06-16 04:38:47.569786+00:00,38.694005703447864
2025-06-16 04:38:48.553507+00:00,38.69397893106397
2025-06-16 04:38:52.648969+00:00,38.71724346486902
2025-06-16 04:38:53.157690+00:00,38.69971489802876
2025-06-16 04:38:53.776107+00:00,38.69976836298793
2025-06-16 04:38:54.198739+00:00,38.69976836298793
2025-06-16 04:38:57.919964+00:00,38.71724346486902
2025-06-16 04:38:58.856427+00:00,38.70558456813585
2025-06-16 04:38:59.166818+00:00,38.71716388426674
2025-06-16 04:38:59.432216+00:00,38.71724346486902
2025-06-16 04:39:00.211720+00:00,38.72887567238775
2025-06-16 04:39:05.347828+00:00,38.705557907773056
2025-06-16 04:39:10.269574+00:00,38.71140076338622
2025-06-16 04:39:13.584712+00:00,38.71137416977123
2025-06-16 04:39:14.201164+00:00,38.70558456813585
2025-06-16 04:39:15.097273+00:00,38.70553123667273
2025-06-16 04:39:18.661081+00:00,38.71137416977123
2025-06-16 04:39:19.631865+00:00,38.72303312419442
2025-06-16 04:39:20.059263+00:00,38.688135922999535
2025-06-16 04:39:21.461399+00:00,38.71142734626371
2025-06-16 04:39:24.183997+00:00,38.70558456813585
2025-06-16 04:39:24.418451+00:00,38.69979507936118
2025-06-16 04:39:25.880432+00:00,38.69979507936118
2025-06-16 04:39:28.428434+00:00,38.69397893106397
2025-06-16 04:39:29.691160+00:00,38.70558456813585
2025-06-16 04:39:32.278874+00:00,38.688109062392
2025-06-16 04:39:35.703412+00:00,38.688135922999535
2025-06-16 04:39:38.328139+00:00,38.69976836298793
2025-06-16 04:39:40.587174+00:00,38.71140076338622
2025-06-16 04:39:42.267150+00:00,38.72298019321677
2025-06-16 04:39:42.619568+00:00,38.7346654454125
2025-06-16 04:39:43.003246+00:00,38.71137416977123
2025-06-16 04:39:43.370737+00:00,38.71134756541872
2025-06-16 04:39:44.172532+00:00,38.72298019321677
2025-06-16 04:39:45.991774+00:00,38.72887567238775
2025-06-16 04:39:47.053052+00:00,38.72882289637924
2025-06-16 04:39:49.499454+00:00,38.74629772704047
2025-06-16 04:39:51.816466+00:00,38.74629772704047
2025-06-16 04:39:54.105479+00:00,38.72303312419442
2025-06-16 04:39:54.474251+00:00,38.70558456813585
2025-06-16 04:39:55.184717+00:00,38.72879649226882
2025-06-16 04:39:57.430713+00:00,38.7346654454125
2025-06-16 04:39:58.651400+00:00,38.74050784031728
2025-06-16 04:39:59.067820+00:00,38.75792996907833
2025-06-16 04:40:03.114502+00:00,38.74629772704047
2025-06-16 04:40:03.609244+00:00,38.74632390943609
2025-06-16 04:40:06.683712+00:00,38.7521660735697
2025-06-16 04:40:10.554678+00:00,38.740534078721915
2025-06-16 04:40:11.868661+00:00,38.7521660735697
2025-06-16 04:40:13.318756+00:00,38.74048159117524
2025-06-16 04:40:15.201986+00:00,38.74635008109434
2025-06-16 04:40:27.559645+00:00,38.72308601222219
2025-06-16 04:40:29.410901+00:00,38.711533570398515
2025-06-16 04:40:33.163982+00:00,38.74635008109434
2025-06-16 04:40:36.650382+00:00,38.72890204428583
2025-06-16 04:40:38.111180+00:00,38.7521660735697
2025-06-16 04:40:46.949579+00:00,38.7346654454125
2025-06-16 04:40:48.964694+00:00,38.69979507936118
2025-06-16 04:40:49.418730+00:00,38.705557907773056
2025-06-16 04:40:52.735210+00:00,38.705611217761096
2025-06-16 04:40:53.094015+00:00,38.717216948739086
2025-06-16 04:40:53.746715+00:00,38.71140076338622
2025-06-16 04:40:54.272740+00:00,38.734691761301164
2025-06-16 04:40:55.485436+00:00,38.73471806645241
2025-06-16 04:40:56.112891+00:00,38.705611217761096
2025-06-16 04:40:57.728653+00:00,38.71142734626371
2025-06-16 04:40:58.561335+00:00,38.68816277286946
2025-06-16 04:41:01.913012+00:00,38.7346654454125
2025-06-16 04:41:04.288712+00:00,38.734691761301164
2025-06-16 04:41:05.994269+00:00,38.705611217761096
2025-06-16 04:41:12.398083+00:00,38.72303312419442
2025-06-16 04:41:13.639633+00:00,38.699741635877125
2025-06-16 04:41:17.000151+00:00,38.72308601222219
2025-06-16 04:41:18.608703+00:00,38.71724346486902
2025-06-16 04:41:20.445904+00:00,38.71726997026146
2025-06-16 04:41:24.738999+00:00,38.72892840544648
2025-06-16 04:41:27.178371+00:00,38.71724346486902
2025-06-16 04:41:28.149694+00:00,38.71726997026146
2025-06-16 04:41:28.650654+00:00,38.74050784031728
2025-06-16 04:41:29.660390+00:00,38.74056030638915
2025-06-16 04:41:30.207344+00:00,38.72303312419442
2025-06-16 04:41:32.208105+00:00,38.74045533129581
2025-06-16 04:41:33.181215+00:00,38.734691761301164
2025-06-16 04:41:34.180216+00:00,38.74629772704047
2025-06-16 04:41:36.278642+00:00,38.74050784031728
2025-06-16 04:41:38.984813+00:00,38.734744360866245
2025-06-16 04:41:40.614207+00:00,38.75221825118183
2025-06-16 04:41:41.383548+00:00,38.73471806645241
2025-06-16 04:41:41.859877+00:00,38.7521660735697
2025-06-16 04:41:43.596009+00:00,38.740534078721915
2025-06-16 04:41:43.914206+00:00,38.74635008109434
2025-06-16 04:41:44.472570+00:00,38.734744360866245
2025-06-16 04:41:53.192410+00:00,38.74050784031728
2025-06-16 04:41:53.416866+00:00,38.74635008109434
2025-06-16 04:41:53.796712+00:00,38.74632390943609
2025-06-16 04:41:54.025633+00:00,38.74632390943609
2025-06-16 04:41:54.327479+00:00,38.76958808693835
2025-06-16 04:41:54.579878+00:00,38.75211385300816
2025-06-16 04:41:54.888240+00:00,38.74629772704047
2025-06-16 04:41:55.221967+00:00,38.73471806645241
2025-06-16 04:41:55.522515+00:00,38.734691761301164
2025-06-16 04:41:55.780250+00:00,38.7521660735697
2025-06-16 04:41:56.031233+00:00,38.74050784031728
2025-06-16 04:41:57.693921+00:00,38.734691761301164
2025-06-16 04:41:57.920969+00:00,38.74635008109434
2025-06-16 04:41:58.162263+00:00,38.75792996907833
2025-06-16 04:41:58.471380+00:00,38.7521660735697
2025-06-16 04:42:04.721551+00:00,38.740534078721915
2025-06-16 04:42:08.015499+00:00,38.74048159117524
2025-06-16 04:42:09.214138+00:00,38.72308601222219
2025-06-16 04:42:10.581366+00:00,38.74056030638915
2025-06-16 04:42:14.341921+00:00,38.75800808357681
2025-06-16 04:42:14.703159+00:00,38.72895475586969
2025-06-16 04:42:17.557137+00:00,38.746402392198725
2025-06-16 04:42:19.090391+00:00,38.75800808357681
2025-06-16 04:42:20.200306+00:00,38.74637624201522
2025-06-16 04:42:22.220833+00:00,38.758034100268326
2025-06-16 04:42:23.539902+00:00,38.746402392198725
2025-06-16 04:42:26.911626+00:00,38.758034100268326
2025-06-16 04:42:29.172850+00:00,38.74637624201522
2025-06-16 04:42:30.212404+00:00,38.75219216774444
2025-06-16 04:42:32.927139+00:00,38.758034100268326
2025-06-16 04:42:33.440461+00:00,38.73479691748165
2025-06-16 04:42:33.822518+00:00,38.734744360866245
2025-06-16 04:42:35.202989+00:00,38.746402392198725
2025-06-16 04:42:35.761826+00:00,38.73477064454265
2025-06-16 04:42:36.396217+00:00,38.740586523318996
2025-06-16 04:42:36.966050+00:00,38.72308601222219
2025-06-16 04:42:38.729061+00:00,38.746402392198725
2025-06-16 04:42:39.503583+00:00,38.74645466035364
2025-06-16 04:42:40.984077+00:00,38.723112440129874
2025-06-16 04:42:41.419482+00:00,38.723112440129874
2025-06-16 04:42:41.678105+00:00,38.734744360866245
2025-06-16 04:42:44.090099+00:00,38.72890204428583
2025-06-16 04:42:44.550045+00:00,38.723112440129874
2025-06-16 04:42:45.970133+00:00,38.74632390943609
2025-06-16 04:42:46.320196+00:00,38.74629772704047
2025-06-16 04:42:46.740872+00:00,38.72305957357703
2025-06-16 04:42:47.147961+00:00,38.74048159117524
2025-06-16 04:42:47.563423+00:00,38.74050784031728
2025-06-16 04:42:48.070345+00:00,38.7346654454125
2025-06-16 04:42:48.569179+00:00,38.74050784031728
2025-06-16 04:42:48.802587+00:00,38.75213996865761
2025-06-16 04:42:49.506118+00:00,38.734744360866245
2025-06-16 04:42:49.881659+00:00,38.72305957357703
2025-06-16 04:42:50.250128+00:00,38.72895475586969
2025-06-16 04:42:50.710255+00:00,38.72305957357703
2025-06-16 04:42:51.179579+00:00,38.72882289637924
2025-06-16 04:42:53.628099+00:00,38.75800808357681
2025-06-16 04:42:54.813808+00:00,38.74627153390747
2025-06-16 04:42:55.201323+00:00,38.74629772704047
2025-06-16 04:42:56.912143+00:00,38.75219216774444
2025-06-16 04:42:58.479144+00:00,38.740534078721915
2025-06-16 04:42:59.345794+00:00,38.73471806645241
2025-06-16 04:43:05.119480+00:00,38.74629772704047
2025-06-16 04:43:06.556463+00:00,38.757903909437516
2025-06-16 04:43:07.161849+00:00,38.76374607525098
2025-06-16 04:43:09.236719+00:00,38.75792996907833
2025-06-16 04:43:10.013035+00:00,38.769613991613326
2025-06-16 04:43:13.611019+00:00,38.76956217152609
2025-06-16 04:43:14.468990+00:00,38.76374607525098
2025-06-16 04:43:14.718669+00:00,38.76377205740873
2025-06-16 04:43:16.363019+00:00,38.77540410657066
2025-06-16 04:43:17.255024+00:00,38.775429944500395
2025-06-16 04:43:20.512494+00:00,38.78703611614339
2025-06-16 04:43:21.451020+00:00,38.76382398951234
2025-06-16 04:43:23.462515+00:00,38.74056030638915
2025-06-16 04:43:25.419225+00:00,38.74056030638915
2025-06-16 04:43:26.212401+00:00,38.75213996865761
2025-06-16 04:43:29.403867+00:00,38.74635008109434
2025-06-16 04:43:29.660155+00:00,38.74632390943609
2025-06-16 04:43:29.915306+00:00,38.74045533129581
2025-06-16 04:43:34.316305+00:00,38.72890204428583
2025-06-16 04:43:38.986570+00:00,38.781245887490385
2025-06-16 04:43:40.399506+00:00,38.73471806645241
2025-06-16 04:43:41.744315+00:00,38.74635008109434
2025-06-16 04:43:46.895555+00:00,38.75800808357681
2025-06-16 04:43:49.735099+00:00,38.76963988555103
2025-06-16 04:43:50.368335+00:00,38.74632390943609
2025-06-16 04:43:52.220996+00:00,38.75792996907833
2025-06-16 04:43:57.329001+00:00,38.75213996865761
2025-06-16 04:43:57.561322+00:00,38.757956017981826
2025-06-16 04:43:58.289543+00:00,38.74632390943609
2025-06-16 04:44:01.782856+00:00,38.7346654454125
2025-06-16 04:44:02.562729+00:00,38.734691761301164
2025-06-16 04:44:04.149099+00:00,38.734691761301164
2025-06-16 04:44:04.540047+00:00,38.74632390943609
2025-06-16 04:44:06.521203+00:00,38.75219216774444
2025-06-16 04:44:12.544972+00:00,38.72884928975222
2025-06-16 04:44:13.752249+00:00,38.75798205614798
2025-06-16 04:44:17.618764+00:00,38.74048159117524
2025-06-16 04:44:20.210810+00:00,38.7346654454125
2025-06-16 04:44:20.717697+00:00,38.72308601222219
2025-06-16 04:44:21.153040+00:00,38.71142734626371
2025-06-16 04:44:22.647740+00:00,38.72303312419442
2025-06-16 04:44:24.812474+00:00,38.717216948739086
2025-06-16 04:44:25.062549+00:00,38.717216948739086
2025-06-16 04:44:25.397312+00:00,38.71137416977123
2025-06-16 04:44:25.646820+00:00,38.693952147942504
2025-06-16 04:44:25.890672+00:00,38.7346654454125
2025-06-16 04:44:26.115669+00:00,38.71137416977123
2025-06-16 04:44:26.327132+00:00,38.71132095032869
2025-06-16 04:44:27.745463+00:00,38.72884928975222
2025-06-16 04:44:34.667713+00:00,38.734639118786404
2025-06-16 04:44:35.782720+00:00,38.74050784031728
2025-06-16 04:44:36.469299+00:00,38.75206158949721
2025-06-16 04:44:36.708262+00:00,38.74048159117524
2025-06-16 04:44:36.951971+00:00,38.74627153390747
2025-06-16 04:44:37.189837+00:00,38.7346654454125
2025-06-16 04:44:37.436142+00:00,38.7346654454125
2025-06-16 04:44:39.365784+00:00,38.72884928975222
2025-06-16 04:44:40.578833+00:00,38.74048159117524
2025-06-16 04:44:41.483310+00:00,38.723006664074326
2025-06-16 04:44:41.656147+00:00,38.72303312419442
2025-06-16 04:44:46.771694+00:00,38.740429060678984
2025-06-16 04:44:49.200157+00:00,38.73471806645241
2025-06-16 04:44:50.052508+00:00,38.72887567238775
2025-06-16 04:44:50.979802+00:00,38.72884928975222
2025-06-16 04:44:51.858856+00:00,38.74629772704047
2025-06-16 04:44:54.089508+00:00,38.7346654454125
2025-06-16 04:44:55.913463+00:00,38.72305957357703
2025-06-16 04:44:56.777771+00:00,38.71726997026146
2025-06-16 04:44:57.227321+00:00,38.7346654454125
2025-06-16 04:45:00.985690+00:00,38.72305957357703
2025-06-16 04:45:02.434814+00:00,38.71716388426674
2025-06-16 04:45:06.558543+00:00,38.72303312419442
2025-06-16 04:45:08.371231+00:00,38.70553123667273
2025-06-16 04:45:11.429835+00:00,38.70547786225945
2025-06-16 04:45:11.952682+00:00,38.70550455483486
2025-06-16 04:45:13.666801+00:00,38.71132095032869
2025-06-16 04:45:16.743278+00:00,38.6996078392596
2025-06-16 04:45:17.753036+00:00,38.71126768793608
2025-06-16 04:45:20.249243+00:00,38.69963462005825
2025-06-16 04:45:22.016960+00:00,38.70545115894649
2025-06-16 04:45:25.594328+00:00,38.68800151258577
2025-06-16 04:45:27.236241+00:00,38.69381807127134
2025-06-16 04:45:28.909380+00:00,38.67636836551865
2025-06-16 04:45:33.301539+00:00,38.647257943082174
2025-06-16 04:45:35.058553+00:00,38.66473517885687
2025-06-16 04:45:35.497896+00:00,38.6414412384569
2025-06-16 04:45:37.891721+00:00,38.62399106518775
2025-06-16 04:45:38.251352+00:00,38.658891322636045
2025-06-16 04:45:38.814078+00:00,38.6472305508023
2025-06-16 04:45:41.527868+00:00,38.67634131772519
2025-06-16 04:45:44.039540+00:00,38.68794767325695
2025-06-16 04:45:44.858077+00:00,38.68213097117506
2025-06-16 04:45:48.024232+00:00,38.68218494400154
2025-06-16 04:45:50.654990+00:00,38.67052466259437
2025-06-16 04:45:51.732115+00:00,38.67057888094213
2025-06-16 04:45:53.232075+00:00,38.65310195260046
2025-06-16 04:45:53.922734+00:00,38.6647895092282
2025-06-16 04:45:55.484470+00:00,38.641496124304076
2025-06-16 04:45:56.129791+00:00,38.653019976011464
2025-06-16 04:46:00.094991+00:00,38.676395402574435
2025-06-16 04:46:01.915255+00:00,38.6531292566546
2025-06-16 04:46:04.404254+00:00,38.682238873877445
2025-06-16 04:46:07.143954+00:00,38.688109062392
2025-06-16 04:46:10.475373+00:00,38.69968814944282
2025-06-16 04:46:12.074539+00:00,38.699741635877125
2025-06-16 04:46:13.202040+00:00,38.676395402574435
2025-06-16 04:46:14.482305+00:00,38.67642242889257
2025-06-16 04:46:15.608784+00:00,38.682238873877445
2025-06-16 04:46:22.032197+00:00,38.69379122372433
2025-06-16 04:46:22.240089+00:00,38.68221191430831
2025-06-16 04:46:22.559375+00:00,38.69966139011931
2025-06-16 04:46:24.004006+00:00,38.69384490808075
2025-06-16 04:46:25.234366+00:00,38.69384490808075
2025-06-16 04:46:26.503595+00:00,38.6938985494868
2025-06-16 04:46:26.778227+00:00,38.68800151258577
2025-06-16 04:46:27.832174+00:00,38.69966139011931
2025-06-16 04:46:28.091252+00:00,38.67636836551865
2025-06-16 04:46:28.459212+00:00,38.69963462005825
2025-06-16 04:46:28.733592+00:00,38.68800151258577
2025-06-16 04:46:28.958355+00:00,38.70542444489598
2025-06-16 04:46:30.914894+00:00,38.69384490808075
2025-06-16 04:46:31.550722+00:00,38.67636836551865
2025-06-16 04:46:33.094315+00:00,38.67636836551865
2025-06-16 04:46:34.981911+00:00,38.68805530896411
2025-06-16 04:46:35.324954+00:00,38.71121438259334
2025-06-16 04:46:35.691419+00:00,38.68802841614375
2025-06-16 04:46:37.497226+00:00,38.69966139011931
2025-06-16 04:46:37.797020+00:00,38.68218494400154
2025-06-16 04:46:38.775047+00:00,38.68800151258577
2025-06-16 04:46:40.304225+00:00,38.68797459829017
2025-06-16 04:46:42.076208+00:00,38.68218494400154
2025-06-16 04:46:43.404028+00:00,38.641496124304076
2025-06-16 04:46:44.340460+00:00,38.676395402574435
2025-06-16 04:46:46.031783+00:00,38.64731269542855
2025-06-16 04:46:46.509345+00:00,38.6647895092282
2025-06-16 04:46:50.664998+00:00,38.67055177713709
2025-06-16 04:46:51.390539+00:00,38.67060597400949
2025-06-16 04:46:51.814707+00:00,38.6531292566546
2025-06-16 04:46:53.664584+00:00,38.647257943082174
2025-06-16 04:46:54.540181+00:00,38.6531292566546
2025-06-16 04:46:54.775248+00:00,38.64728532462426
2025-06-16 04:46:55.100743+00:00,38.658918570678
2025-06-16 04:46:55.732165+00:00,38.67057888094213
2025-06-16 04:46:56.126686+00:00,38.67052466259437
2025-06-16 04:46:57.416592+00:00,38.653183832549644
2025-06-16 04:46:58.684419+00:00,38.62983538130368
2025-06-16 04:46:59.065557+00:00,38.62983538130368
2025-06-16 04:47:06.765258+00:00,38.64146868674939
2025-06-16 04:47:10.495195+00:00,38.64146868674939
2025-06-16 04:47:10.847966+00:00,38.62991806225855
2025-06-16 04:47:13.748759+00:00,38.64146868674939
2025-06-16 04:47:16.977934+00:00,38.6531292566546
2025-06-16 04:47:19.429570+00:00,38.62986295235981
2025-06-16 04:47:23.012466+00:00,38.6531292566546
2025-06-16 04:47:24.023697+00:00,38.62399106518775
2025-06-16 04:47:24.699708+00:00,38.641496124304076
2025-06-16 04:47:26.862583+00:00,38.653183832549644
2025-06-16 04:47:27.874723+00:00,38.641550967200054
2025-06-16 04:47:28.392000+00:00,38.641550967200054
2025-06-16 04:47:28.859286+00:00,38.6414412384569
2025-06-16 04:47:29.495939+00:00,38.62991806225855
2025-06-16 04:47:29.895761+00:00,38.6182574346424
2025-06-16 04:47:30.307704+00:00,38.62986295235981
2025-06-16 04:47:30.813809+00:00,38.62994560110114
2025-06-16 04:47:31.214661+00:00,38.62410159494082
2025-06-16 04:47:31.649571+00:00,38.629890512678095
2025-06-16 04:47:34.886055+00:00,38.67644944447304
2025-06-16 04:47:35.391436+00:00,38.67060597400949
2025-06-16 04:47:37.231128+00:00,38.676395402574435
2025-06-16 04:47:37.574903+00:00,38.67644944447304
2025-06-16 04:47:38.136012+00:00,38.66481665830731
2025-06-16 04:47:39.222999+00:00,38.69397893106397
2025-06-16 04:47:39.412181+00:00,38.67068718878547
2025-06-16 04:47:40.201298+00:00,38.68234660477764
2025-06-16 04:47:44.084241+00:00,38.72882289637924
2025-06-16 04:47:44.288179+00:00,38.72884928975222
2025-06-16 04:47:49.264083+00:00,38.72303312419442
2025-06-16 04:47:50.659857+00:00,38.71724346486902
2025-06-16 04:47:50.865152+00:00,38.71137416977123
2025-06-16 04:47:51.076386+00:00,38.7346654454125
2025-06-16 04:47:51.191173+00:00,38.71134756541872
2025-06-16 04:47:51.403368+00:00,38.71140076338622
2025-06-16 04:47:54.548687+00:00,38.734691761301164
2025-06-16 04:47:55.106968+00:00,38.734639118786404
2025-06-16 04:47:58.171470+00:00,38.7346654454125
2025-06-16 04:47:58.888871+00:00,38.74632390943609
2025-06-16 04:48:00.706347+00:00,38.74629772704047
2025-06-16 04:48:03.438331+00:00,38.74050784031728
2025-06-16 04:48:06.049779+00:00,38.72303312419442
2025-06-16 04:48:12.939803+00:00,38.734586433321944
2025-06-16 04:48:14.900448+00:00,38.734586433321944
2025-06-16 04:48:17.505267+00:00,38.740429060678984
2025-06-16 04:48:20.236182+00:00,38.74048159117524
2025-06-16 04:48:24.079834+00:00,38.7462453300371
2025-06-16 04:48:25.314825+00:00,38.72303312419442
2025-06-16 04:48:26.586859+00:00,38.75206158949721
2025-06-16 04:48:27.555645+00:00,38.72879649226882
2025-06-16 04:48:29.118870+00:00,38.72882289637924
2025-06-16 04:48:30.676707+00:00,38.72303312419442
2025-06-16 04:48:35.649938+00:00,38.6938985494868
2025-06-16 04:48:36.019679+00:00,38.70553123667273
2025-06-16 04:48:37.680134+00:00,38.71134756541872
2025-06-16 04:48:39.313429+00:00,38.72295371162174
2025-06-16 04:48:45.821298+00:00,38.68221191430831
2025-06-16 04:48:49.066318+00:00,38.68221191430831
2025-06-16 04:48:49.903790+00:00,38.68221191430831
2025-06-16 04:48:51.740726+00:00,38.68808219104687
2025-06-16 04:48:54.337405+00:00,38.69971489802876
2025-06-16 04:48:56.822703+00:00,38.693871734152566
2025-06-16 04:48:57.521093+00:00,38.64731269542855
2025-06-16 04:48:57.930253+00:00,38.6531292566546
2025-06-16 04:48:58.818629+00:00,38.67060597400949
2025-06-16 04:49:02.277791+00:00,38.67063305633916
2025-06-16 04:49:04.280063+00:00,38.676395402574435
2025-06-16 04:49:07.557536+00:00,38.693871734152566
2025-06-16 04:49:08.880444+00:00,38.67642242889257
2025-06-16 04:49:18.521239+00:00,38.71132095032869
2025-06-16 04:49:19.471779+00:00,38.69384490808075
2025-06-16 04:49:20.066720+00:00,38.71132095032869
2025-06-16 04:49:21.644559+00:00,38.6938985494868
2025-06-16 04:49:24.284772+00:00,38.68226582270894
2025-06-16 04:49:26.029207+00:00,38.69968814944282
2025-06-16 04:49:26.605225+00:00,38.69384490808075
2025-06-16 04:49:27.780556+00:00,38.6938985494868
2025-06-16 04:49:28.804778+00:00,38.69384490808075
2025-06-16 04:49:31.057804+00:00,38.71134756541872
2025-06-16 04:49:34.227462+00:00,38.693871734152566
2025-06-16 04:49:35.446347+00:00,38.68221191430831
2025-06-16 04:49:36.874161+00:00,38.67063305633916
2025-06-16 04:49:37.351270+00:00,38.68800151258577
2025-06-16 04:49:37.751927+00:00,38.68221191430831
2025-06-16 04:49:39.304541+00:00,38.68221191430831
2025-06-16 04:49:39.538007+00:00,38.68218494400154
2025-06-16 04:49:39.848182+00:00,38.68221191430831
2025-06-16 04:49:40.117864+00:00,38.676395402574435
2025-06-16 04:49:40.400552+00:00,38.68215796295713
2025-06-16 04:49:40.626033+00:00,38.676395402574435
2025-06-16 04:49:40.918574+00:00,38.68221191430831
2025-06-16 04:49:41.138654+00:00,38.64728532462426
2025-06-16 04:49:41.788500+00:00,38.647257943082174
2025-06-16 04:49:43.024930+00:00,38.682238873877445
2025-06-16 04:49:48.014283+00:00,38.69384490808075
2025-06-16 04:49:50.187983+00:00,38.71713733592432
2025-06-16 04:49:53.218187+00:00,38.69966139011931
2025-06-16 04:49:53.525224+00:00,38.68805530896411
2025-06-16 04:49:54.171413+00:00,38.68800151258577
2025-06-16 04:49:56.926119+00:00,38.64731269542855
2025-06-16 04:49:57.052169+00:00,38.63573451967829
2025-06-16 04:49:57.337681+00:00,38.64728532462426
2025-06-16 04:49:57.519750+00:00,38.63562452393274
2025-06-16 04:49:57.761511+00:00,38.65310195260046
2025-06-16 04:49:57.988104+00:00,38.64731269542855
2025-06-16 04:49:59.828432+00:00,38.62991806225855
2025-06-16 04:50:01.881064+00:00,38.66481665830731
2025-06-16 04:50:03.024702+00:00,38.653183832549644
2025-06-16 04:50:11.947922+00:00,38.69966139011931
2025-06-16 04:50:16.427566+00:00,38.6938985494868
2025-06-16 04:50:17.086871+00:00,38.69971489802876
2025-06-16 04:50:18.377618+00:00,38.67647644931586
2025-06-16 04:50:20.662514+00:00,38.70553123667273
2025-06-16 04:50:22.353201+00:00,38.69968814944282
2025-06-16 04:50:22.694091+00:00,38.68821644039649
2025-06-16 04:50:26.669214+00:00,38.653183832549644
2025-06-16 04:50:28.361271+00:00,38.68808219104687
2025-06-16 04:50:29.586724+00:00,38.68221191430831
2025-06-16 04:50:29.984820+00:00,38.69381807127134
2025-06-16 04:50:30.394258+00:00,38.68800151258577
2025-06-16 04:50:30.816895+00:00,38.676395402574435
2025-06-16 04:50:34.453784+00:00,38.68802841614375
2025-06-16 04:50:40.318448+00:00,38.67057888094213
2025-06-16 04:50:45.445538+00:00,38.72292721928923
2025-06-16 04:50:47.299872+00:00,38.6996078392596
2025-06-16 04:50:47.752374+00:00,38.68802841614375
2025-06-16 04:50:53.688964+00:00,38.69381807127134
2025-06-16 04:50:54.637049+00:00,38.6647895092282
2025-06-16 04:50:55.661335+00:00,38.6531292566546
2025-06-16 04:50:56.128165+00:00,38.6647895092282
2025-06-16 04:50:57.760725+00:00,38.70547786225945
2025-06-16 04:50:58.327034+00:00,38.69966139011931
2025-06-16 04:50:59.536067+00:00,38.69381807127134
2025-06-16 04:51:01.693100+00:00,38.70550455483486
2025-06-16 04:51:04.101895+00:00,38.69968814944282
2025-06-16 04:51:05.656179+00:00,38.693871734152566
2025-06-16 04:51:08.696359+00:00,38.69971489802876
2025-06-16 04:51:12.468790+00:00,38.705557907773056
2025-06-16 04:51:18.202579+00:00,38.682238873877445
2025-06-16 04:51:19.937669+00:00,38.69384490808075
2025-06-16 04:51:22.293929+00:00,38.69971489802876
2025-06-16 04:51:23.830246+00:00,38.71137416977123
2025-06-16 04:51:25.210999+00:00,38.72298019321677
2025-06-16 04:51:26.504379+00:00,38.688109062392
2025-06-16 04:51:27.777356+00:00,38.67644944447304
2025-06-16 04:51:28.316864+00:00,38.67642242889257
2025-06-16 04:51:29.745950+00:00,38.67642242889257
2025-06-16 04:51:33.366419+00:00,38.67647644931586
2025-06-16 04:51:34.583444+00:00,38.68226582270894
2025-06-16 04:51:36.678014+00:00,38.7171107768444
2025-06-16 04:51:37.221258+00:00,38.69392535408344
2025-06-16 04:51:37.722363+00:00,38.68802841614375
2025-06-16 04:51:39.267665+00:00,38.693871734152566
2025-06-16 04:51:39.987081+00:00,38.688135922999535
2025-06-16 04:51:41.198794+00:00,38.69392535408344
2025-06-16 04:51:41.436375+00:00,38.69966139011931
2025-06-16 04:51:42.008704+00:00,38.69968814944282
2025-06-16 04:51:44.727450+00:00,38.69392535408344
2025-06-16 04:51:46.744406+00:00,38.69971489802876
2025-06-16 04:51:47.955754+00:00,38.71137416977123
2025-06-16 04:51:51.532994+00:00,38.68805530896411
2025-06-16 04:51:53.990330+00:00,38.71142734626371
2025-06-16 04:51:55.260168+00:00,38.705611217761096
2025-06-16 04:51:56.578235+00:00,38.71142734626371
2025-06-16 04:51:58.024679+00:00,38.72303312419442
2025-06-16 04:52:00.674343+00:00,38.72303312419442
2025-06-16 04:52:06.416125+00:00,38.7462453300371
2025-06-16 04:52:11.707016+00:00,38.734560074483575
2025-06-16 04:52:12.259765+00:00,38.734639118786404
2025-06-16 04:52:14.132503+00:00,38.75211385300816
2025-06-16 04:52:15.970418+00:00,38.74627153390747
2025-06-16 04:52:22.057291+00:00,38.734639118786404
2025-06-16 04:52:22.758533+00:00,38.74045533129581
2025-06-16 04:52:23.833852+00:00,38.73461278142289
2025-06-16 04:52:24.963371+00:00,38.734639118786404
2025-06-16 04:52:28.799820+00:00,38.734639118786404
2025-06-16 04:52:29.417538+00:00,38.734691761301164
2025-06-16 04:52:30.341334+00:00,38.740534078721915
2025-06-16 04:52:34.083254+00:00,38.72303312419442
2025-06-16 04:52:34.343423+00:00,38.740534078721915
2025-06-16 04:52:34.655275+00:00,38.740534078721915
2025-06-16 04:52:41.752040+00:00,38.74632390943609
2025-06-16 04:52:42.935199+00:00,38.72887567238775
2025-06-16 04:52:44.500252+00:00,38.72887567238775
2025-06-16 04:52:48.491479+00:00,38.72303312419442
2025-06-16 04:52:51.258659+00:00,38.723006664074326
2025-06-16 04:52:52.927184+00:00,38.71724346486902
2025-06-16 04:52:54.641844+00:00,38.734691761301164
2025-06-16 04:52:54.942053+00:00,38.74048159117524
2025-06-16 04:52:55.198947+00:00,38.72303312419442
2025-06-16 04:52:56.437849+00:00,38.74048159117524
2025-06-16 04:52:56.650512+00:00,38.72303312419442
2025-06-16 04:52:56.854728+00:00,38.71134756541872
2025-06-16 04:52:57.489886+00:00,38.71134756541872
2025-06-16 04:52:59.077214+00:00,38.72884928975222
2025-06-16 04:52:59.661663+00:00,38.72882289637924
2025-06-16 04:53:03.364928+00:00,38.72303312419442
2025-06-16 04:53:05.370581+00:00,38.723006664074326
2025-06-16 04:53:08.390336+00:00,38.723006664074326
2025-06-16 04:53:12.648939+00:00,38.734586433321944
2025-06-16 04:53:14.638205+00:00,38.74040277932475
2025-06-16 04:53:18.965866+00:00,38.72882289637924
2025-06-16 04:53:20.456207+00:00,38.73461278142289
2025-06-16 04:53:23.180361+00:00,38.734586433321944
2025-06-16 04:53:23.498811+00:00,38.734586433321944
2025-06-16 04:53:24.376917+00:00,38.72295371162174
2025-06-16 04:53:25.567492+00:00,38.71129432450114
2025-06-16 04:53:26.749440+00:00,38.71132095032869
2025-06-16 04:53:27.467480+00:00,38.69971489802876
2025-06-16 04:53:27.766053+00:00,38.70553123667273
2025-06-16 04:53:27.993277+00:00,38.68802841614375
2025-06-16 04:53:28.250040+00:00,38.68797459829017
2025-06-16 04:53:28.477142+00:00,38.68800151258577
2025-06-16 04:53:29.722719+00:00,38.69971489802876
2025-06-16 04:53:35.083902+00:00,38.734560074483575
2025-06-16 04:53:39.839040+00:00,38.72290071621925
2025-06-16 04:53:41.159496+00:00,38.71716388426674
2025-06-16 04:53:43.157000+00:00,38.70550455483486
2025-06-16 04:53:44.042466+00:00,38.68226582270894
2025-06-16 04:53:45.079170+00:00,38.71132095032869
2025-06-16 04:53:46.592225+00:00,38.73461278142289
2025-06-16 04:53:50.014400+00:00,38.72882289637924
2025-06-16 04:53:51.359971+00:00,38.69971489802876
2025-06-16 04:53:52.663932+00:00,38.71137416977123
2025-06-16 04:53:53.478262+00:00,38.73461278142289
2025-06-16 04:53:54.018507+00:00,38.71132095032869
2025-06-16 04:53:55.303274+00:00,38.693952147942504
2025-06-16 04:53:55.654466+00:00,38.717216948739086
2025-06-16 04:53:58.086867+00:00,38.72877007742095
2025-06-16 04:53:58.725486+00:00,38.71134756541872
2025-06-16 04:53:59.801426+00:00,38.705557907773056
2025-06-16 04:54:00.504253+00:00,38.72298019321677
2025-06-16 04:54:01.423160+00:00,38.71713733592432
2025-06-16 04:54:02.932001+00:00,38.72298019321677
2025-06-16 04:54:05.531062+00:00,38.699741635877125
2025-06-16 04:54:07.131575+00:00,38.699741635877125
2025-06-16 04:54:14.638022+00:00,38.71140076338622
2025-06-16 04:54:18.672758+00:00,38.740429060678984
2025-06-16 04:54:19.298967+00:00,38.74627153390747
2025-06-16 04:54:19.992413+00:00,38.72884928975222
2025-06-16 04:54:20.552396+00:00,38.74629772704047
2025-06-16 04:54:22.211665+00:00,38.74627153390747
2025-06-16 04:54:23.373551+00:00,38.74050784031728
2025-06-16 04:54:26.823332+00:00,38.74045533129581
2025-06-16 04:54:29.573181+00:00,38.7346654454125
2025-06-16 04:54:29.849367+00:00,38.7346654454125
2025-06-16 04:54:30.165302+00:00,38.72879649226882
2025-06-16 04:54:30.645545+00:00,38.72882289637924
2025-06-16 04:54:33.410213+00:00,38.72298019321677
2025-06-16 04:54:36.673593+00:00,38.734639118786404
2025-06-16 04:54:37.006106+00:00,38.74616665400166
2025-06-16 04:54:37.507162+00:00,38.7171107768444
2025-06-16 04:54:37.726365+00:00,38.73461278142289
2025-06-16 04:54:37.949923+00:00,38.72298019321677
2025-06-16 04:54:38.253527+00:00,38.70553123667273
2025-06-16 04:54:38.494898+00:00,38.71134756541872
2025-06-16 04:54:40.433876+00:00,38.734639118786404
2025-06-16 04:54:40.717078+00:00,38.728584872837075
2025-06-16 04:54:42.199115+00:00,38.72887567238775
2025-06-16 04:54:44.513743+00:00,38.717216948739086
2025-06-16 04:54:45.894445+00:00,38.73461278142289
2025-06-16 04:54:46.948047+00:00,38.73471806645241
2025-06-16 04:54:48.523927+00:00,38.717216948739086
2025-06-16 04:54:50.907977+00:00,38.71145391840368
2025-06-16 04:54:51.160270+00:00,38.71137416977123
2025-06-16 04:54:51.453212+00:00,38.71134756541872
2025-06-16 04:54:51.711058+00:00,38.71142734626371
2025-06-16 04:54:54.737590+00:00,38.72890204428583
2025-06-16 04:54:56.098716+00:00,38.71142734626371
2025-06-16 04:54:57.728056+00:00,38.74632390943609
2025-06-16 04:54:59.597562+00:00,38.740534078721915
2025-06-16 04:55:01.571366+00:00,38.7521660735697
2025-06-16 04:55:03.479246+00:00,38.74635008109434
2025-06-16 04:55:05.031754+00:00,38.763798028829186
2025-06-16 04:55:05.623487+00:00,38.74635008109434
2025-06-16 04:55:09.497920+00:00,38.787061820583304
2025-06-16 04:55:09.827966+00:00,38.77537825790368
2025-06-16 04:55:10.543300+00:00,38.76377205740873
2025-06-16 04:55:10.892080+00:00,38.769613991613326
2025-06-16 04:55:11.212498+00:00,38.77537825790368
2025-06-16 04:55:11.888337+00:00,38.76963988555103
2025-06-16 04:55:13.457967+00:00,38.74635008109434
2025-06-16 04:55:16.750847+00:00,38.787061820583304
2025-06-16 04:55:18.955454+00:00,38.792877743779144
2025-06-16 04:55:20.053532+00:00,38.787061820583304
2025-06-16 04:55:35.299732+00:00,38.775429944500395
2025-06-16 04:55:38.059561+00:00,38.76958808693835
2025-06-16 04:55:38.661073+00:00,38.75213996865761
2025-06-16 04:55:39.252434+00:00,38.75798205614798
2025-06-16 04:55:39.652854+00:00,38.72890204428583
2025-06-16 04:55:41.324513+00:00,38.76958808693835
2025-06-16 04:55:43.263534+00:00,38.72308601222219
2025-06-16 04:55:44.480371+00:00,38.74635008109434
2025-06-16 04:55:52.606348+00:00,38.75792996907833
2025-06-16 04:55:53.347728+00:00,38.74635008109434
2025-06-16 04:55:53.665236+00:00,38.74629772704047
2025-06-16 04:55:54.542414+00:00,38.75213996865761
2025-06-16 04:55:55.688780+00:00,38.757956017981826
2025-06-16 04:55:56.681038+00:00,38.75211385300816
2025-06-16 04:55:57.868399+00:00,38.74050784031728
2025-06-16 04:55:59.195688+00:00,38.7521660735697
2025-06-16 04:55:59.681171+00:00,38.763901807138005
2025-06-16 04:56:02.451532+00:00,38.74632390943609
2025-06-16 04:56:03.825730+00:00,38.734744360866245
2025-06-16 04:56:11.586166+00:00,38.7521660735697
2025-06-16 04:56:16.669230+00:00,38.769613991613326
2025-06-16 04:56:17.009030+00:00,38.76382398951234
2025-06-16 04:56:17.360505+00:00,38.75800808357681
2025-06-16 04:56:17.778400+00:00,38.75213996865761
2025-06-16 04:56:18.360592+00:00,38.769613991613326
2025-06-16 04:56:18.722572+00:00,38.781245887490385
2025-06-16 04:56:20.804754+00:00,38.76382398951234
2025-06-16 04:56:21.740928+00:00,38.781245887490385
2025-06-16 04:56:23.380551+00:00,38.76958808693835
2025-06-16 04:56:24.428532+00:00,38.77550739386604
2025-06-16 04:56:26.068233+00:00,38.79290337073729
2025-06-16 04:56:32.635632+00:00,38.73471806645241
2025-06-16 04:56:33.908101+00:00,38.74635008109434
2025-06-16 04:56:35.461187+00:00,38.769613991613326
2025-06-16 04:56:36.974236+00:00,38.75221825118183
2025-06-16 04:56:37.775079+00:00,38.7521660735697
2025-06-16 04:56:39.880980+00:00,38.75792996907833
2025-06-16 04:56:41.219709+00:00,38.76956217152609
2025-06-16 04:56:42.194887+00:00,38.74635008109434
2025-06-16 04:56:43.613167+00:00,38.75798205614798
2025-06-16 04:56:45.203417+00:00,38.75800808357681
2025-06-16 04:56:49.539176+00:00,38.763798028829186
2025-06-16 04:56:49.998330+00:00,38.75798205614798
2025-06-16 04:56:52.748743+00:00,38.74632390943609
2025-06-16 04:56:54.495591+00:00,38.757956017981826
2025-06-16 04:56:55.521898+00:00,38.75213996865761
2025-06-16 04:56:56.793291+00:00,38.76958808693835
2025-06-16 04:56:57.101989+00:00,38.77540410657066
2025-06-16 04:56:58.871812+00:00,38.76374607525098
2025-06-16 04:56:59.726956+00:00,38.757956017981826
2025-06-16 04:57:04.180186+00:00,38.75792996907833
2025-06-16 04:57:12.632556+00:00,38.75208772662137
2025-06-16 04:57:13.226669+00:00,38.74048159117524
2025-06-16 04:57:14.705208+00:00,38.74635008109434
2025-06-16 04:57:16.502178+00:00,38.74048159117524
2025-06-16 04:57:17.213418+00:00,38.7637200823559
2025-06-16 04:57:18.808461+00:00,38.76956217152609
2025-06-16 04:57:22.265193+00:00,38.74627153390747
2025-06-16 04:57:23.862471+00:00,38.757956017981826
2025-06-16 04:57:25.050193+00:00,38.75211385300816
2025-06-16 04:57:25.528482+00:00,38.7462453300371
2025-06-16 04:57:26.996157+00:00,38.7462453300371
2025-06-16 04:57:29.076978+00:00,38.70553123667273
2025-06-16 04:57:33.874949+00:00,38.71137416977123
2025-06-16 04:57:38.479410+00:00,38.7462453300371
2025-06-16 04:57:39.128758+00:00,38.7462453300371
2025-06-16 04:57:39.463946+00:00,38.757903909437516
2025-06-16 04:57:39.645020+00:00,38.74621911542933
2025-06-16 04:57:40.256834+00:00,38.740429060678984
2025-06-16 04:57:40.568287+00:00,38.74621911542933
2025-06-16 04:57:42.139299+00:00,38.72879649226882
2025-06-16 04:57:43.454696+00:00,38.69976836298793
2025-06-16 04:57:44.146241+00:00,38.72298019321677
2025-06-16 04:57:44.392762+00:00,38.71129432450114
2025-06-16 04:57:45.063583+00:00,38.69971489802876
2025-06-16 04:57:45.371351+00:00,38.71713733592432
2025-06-16 04:57:46.082993+00:00,38.705557907773056
2025-06-16 04:57:48.621566+00:00,38.72298019321677
2025-06-16 04:57:48.865093+00:00,38.71137416977123
2025-06-16 04:57:49.378878+00:00,38.705557907773056
2025-06-16 04:57:50.285980+00:00,38.69968814944282
2025-06-16 04:57:54.714407+00:00,38.73461278142289
2025-06-16 04:57:56.659504+00:00,38.72298019321677
2025-06-16 04:57:57.027970+00:00,38.71132095032869
2025-06-16 04:57:57.853115+00:00,38.723006664074326
2025-06-16 04:57:59.594944+00:00,38.717190421871656
2025-06-16 04:58:02.046974+00:00,38.69968814944282
2025-06-16 04:58:05.004744+00:00,38.693871734152566
2025-06-16 04:58:06.236076+00:00,38.69966139011931
2025-06-16 04:58:07.553534+00:00,38.69971489802876
2025-06-16 04:58:08.207490+00:00,38.70545115894649
2025-06-16 04:58:08.562406+00:00,38.70547786225945
2025-06-16 04:58:13.402299+00:00,38.69966139011931
2025-06-16 04:58:16.049165+00:00,38.70542444489598
2025-06-16 04:58:16.483771+00:00,38.67636836551865
2025-06-16 04:58:21.844002+00:00,38.68794767325695
2025-06-16 04:58:22.760629+00:00,38.68221191430831
2025-06-16 04:58:23.066339+00:00,38.6996078392596
2025-06-16 04:58:23.266298+00:00,38.67634131772519
2025-06-16 04:58:23.491245+00:00,38.67047040129583
2025-06-16 04:58:23.958552+00:00,38.68794767325695
2025-06-16 04:58:24.937173+00:00,38.69379122372433
2025-06-16 04:58:25.212024+00:00,38.67049753731395
2025-06-16 04:58:25.488673+00:00,38.66465360276705
2025-06-16 04:58:25.936674+00:00,38.67631425919406
2025-06-16 04:58:26.312472+00:00,38.66470799756465
2025-06-16 04:58:26.528890+00:00,38.66468080553471
2025-06-16 04:58:26.753806+00:00,38.653019976011464
2025-06-16 04:58:27.569968+00:00,38.67052466259437
2025-06-16 04:58:27.845488+00:00,38.68213097117506
2025-06-16 04:58:28.037002+00:00,38.676233019174674
2025-06-16 04:58:28.270348+00:00,38.66459916501859
2025-06-16 04:58:34.341081+00:00,38.653047312278886
2025-06-16 04:58:36.452183+00:00,38.6414137794266
2025-06-16 04:58:39.364924+00:00,38.641331337908866
2025-06-16 04:58:40.558539+00:00,38.6414412384569
2025-06-16 04:58:40.735683+00:00,38.62969736495523
2025-06-16 04:58:41.627964+00:00,38.635569461633
2025-06-16 04:58:42.080836+00:00,38.612246331276275
2025-06-16 04:58:42.305255+00:00,38.6413863096585
2025-06-16 04:58:43.266337+00:00,38.612246331276275
2025-06-16 04:58:43.569698+00:00,38.658836794338924
2025-06-16 04:58:44.560987+00:00,38.641331337908866
2025-06-16 04:58:47.142596+00:00,38.68794767325695
2025-06-16 04:58:52.131305+00:00,38.67628718992527
2025-06-16 04:58:52.753000+00:00,38.65878222309086
2025-06-16 04:58:53.016199+00:00,38.641331337908866
2025-06-16 04:58:53.769695+00:00,38.6413863096585
2025-06-16 04:58:54.695753+00:00,38.653019976011464
2025-06-16 04:58:55.874916+00:00,38.64714830953599
2025-06-16 04:58:57.060185+00:00,38.67049753731395
2025-06-16 04:59:04.565235+00:00,38.63551435638194
2025-06-16 04:59:08.122845+00:00,38.61814659493264
2025-06-16 04:59:08.931250+00:00,38.60642930025036
2025-06-16 04:59:10.117034+00:00,38.62969736495523
2025-06-16 04:59:11.682203+00:00,38.600612259324656
2025-06-16 04:59:12.198154+00:00,38.59479520849915
2025-06-16 04:59:12.586381+00:00,38.59479520849915
2025-06-16 04:59:13.544161+00:00,38.606401397760926
2025-06-16 04:59:14.773597+00:00,38.60642930025036
2025-06-16 04:59:18.366732+00:00,38.606401397760926
2025-06-16 04:59:18.867251+00:00,38.61232977406136
2025-06-16 04:59:19.308855+00:00,38.61221849553873
2025-06-16 04:59:19.594281+00:00,38.629642083250836
2025-06-16 04:59:21.422581+00:00,38.60642930025036
2025-06-16 04:59:21.933292+00:00,38.61811885816045
2025-06-16 04:59:23.137433+00:00,38.62393573588398
2025-06-16 04:59:24.484762+00:00,38.60645719200185
2025-06-16 04:59:25.252809+00:00,38.606373484533535
2025-06-16 04:59:25.510761+00:00,38.61806335240239
2025-06-16 04:59:27.142675+00:00,38.61806335240239
2025-06-16 04:59:30.260270+00:00,38.64714830953599
2025-06-16 04:59:35.380842+00:00,38.64712087430498
2025-06-16 04:59:38.314014+00:00,38.606401397760926
2025-06-16 04:59:39.042847+00:00,38.61806335240239
2025-06-16 04:59:40.294776+00:00,38.62388036362871
2025-06-16 04:59:44.170694+00:00,38.64717573402922
2025-06-16 04:59:44.472762+00:00,38.623658445092126
2025-06-16 04:59:44.848559+00:00,38.629669729471956
2025-06-16 04:59:45.090337+00:00,38.62385266139424
2025-06-16 04:59:46.301464+00:00,38.612246331276275
2025-06-16 04:59:49.493422+00:00,38.641331337908866
2025-06-16 04:59:50.011557+00:00,38.600612259324656
2025-06-16 04:59:55.292205+00:00,38.676233019174674
2025-06-16 04:59:56.120254+00:00,38.64709342833618
2025-06-16 04:59:56.729375+00:00,38.66465360276705
2025-06-16 04:59:58.826255+00:00,38.676233019174674
2025-06-16 04:59:59.892032+00:00,38.641331337908866
2025-06-16 05:00:00.188966+00:00,38.66459916501859
2025-06-16 05:00:01.119776+00:00,38.66459916501859
2025-06-16 05:00:01.584071+00:00,38.63551435638194
2025-06-16 05:00:01.950157+00:00,38.635486787649654
2025-06-16 05:00:04.081993+00:00,38.64720314778465
2025-06-16 05:00:09.463282+00:00,38.61806335240239
2025-06-16 05:00:14.408027+00:00,38.59473912577338
2025-06-16 05:00:15.090251+00:00,38.59485124827292
2025-06-16 05:00:15.502656+00:00,38.59476717250526
2025-06-16 05:00:16.008636+00:00,38.60055631010359
2025-06-16 05:00:16.424582+00:00,38.58313290764951
2025-06-16 05:00:18.748240+00:00,38.606401397760926
2025-06-16 05:00:28.122856+00:00,38.59479520849915
2025-06-16 05:00:29.501163+00:00,38.60648507301538
2025-06-16 05:00:30.797454+00:00,38.60648507301538
2025-06-16 05:00:35.598402+00:00,38.641331337908866
2025-06-16 05:00:38.897999+00:00,38.6239634059048
2025-06-16 05:00:43.400638+00:00,38.653019976011464
2025-06-16 05:00:44.150121+00:00,38.658836794338924
2025-06-16 05:00:46.657401+00:00,38.653047312278886
2025-06-16 05:00:46.970092+00:00,38.63562452393274
2025-06-16 05:00:47.353039+00:00,38.64720314778465
2025-06-16 05:00:47.712554+00:00,38.6414137794266
2025-06-16 05:00:48.118600+00:00,38.6413863096585
2025-06-16 05:00:48.582809+00:00,38.63562452393274
2025-06-16 05:00:49.020698+00:00,38.6414137794266
2025-06-16 05:00:49.240140+00:00,38.6472305508023
2025-06-16 05:00:53.092512+00:00,38.66465360276705
2025-06-16 05:00:53.333316+00:00,38.67631425919406
2025-06-16 05:00:53.592358+00:00,38.653019976011464
2025-06-16 05:00:54.857766+00:00,38.6414137794266
2025-06-16 05:00:55.228454+00:00,38.65310195260046
2025-06-16 05:00:55.500505+00:00,38.653019976011464
2025-06-16 05:00:55.820355+00:00,38.66468080553471
2025-06-16 05:00:56.072992+00:00,38.647257943082174
2025-06-16 05:00:56.298969+00:00,38.64720314778465
2025-06-16 05:00:56.525267+00:00,38.63559699815178
2025-06-16 05:00:59.868396+00:00,38.67628718992527
2025-06-16 05:01:01.717403+00:00,38.653019976011464
2025-06-16 05:01:04.496260+00:00,38.65307463780855
2025-06-16 05:01:04.987997+00:00,38.64720314778465
2025-06-16 05:01:06.671114+00:00,38.67628718992527
2025-06-16 05:01:08.744921+00:00,38.65307463780855
2025-06-16 05:01:10.054389+00:00,38.67628718992527
2025-06-16 05:01:10.417422+00:00,38.658864063856356
2025-06-16 05:01:12.632699+00:00,38.67636836551865
2025-06-16 05:01:14.828228+00:00,38.67634131772519
2025-06-16 05:01:15.173407+00:00,38.68797459829017
2025-06-16 05:01:20.742176+00:00,38.69381807127134
2025-06-16 05:01:22.940956+00:00,38.68802841614375
2025-06-16 05:01:24.780549+00:00,38.6996078392596
2025-06-16 05:01:26.625492+00:00,38.69384490808075
2025-06-16 05:01:26.942231+00:00,38.71705762647208
2025-06-16 05:01:27.640857+00:00,38.6996078392596
2025-06-16 05:01:27.872155+00:00,38.6996078392596
2025-06-16 05:01:28.206404+00:00,38.68797459829017
2025-06-16 05:01:30.686483+00:00,38.68800151258577
2025-06-16 05:01:34.166490+00:00,38.67634131772519
2025-06-16 05:01:34.398402+00:00,38.67052466259437
2025-06-16 05:01:34.756133+00:00,38.68218494400154
2025-06-16 05:01:38.737074+00:00,38.67636836551865
2025-06-16 05:01:41.070384+00:00,38.67049753731395
2025-06-16 05:01:43.366504+00:00,38.658918570678
2025-06-16 05:01:44.823996+00:00,38.65307463780855
2025-06-16 05:01:48.151592+00:00,38.6414137794266
2025-06-16 05:01:48.491082+00:00,38.6413863096585
2025-06-16 05:01:48.724680+00:00,38.658918570678
2025-06-16 05:01:49.051444+00:00,38.652965271263334
2025-06-16 05:01:51.022509+00:00,38.66468080553471
2025-06-16 05:01:53.199920+00:00,38.68794767325695
2025-06-16 05:01:56.956454+00:00,38.70542444489598
2025-06-16 05:01:57.732249+00:00,38.69379122372433
2025-06-16 05:01:59.306894+00:00,38.69379122372433
2025-06-16 05:01:59.846353+00:00,38.69955424544958
2025-06-16 05:02:00.523350+00:00,38.67628718992527
2025-06-16 05:02:01.044807+00:00,38.68215796295713
2025-06-16 05:02:01.972289+00:00,38.68213097117506
2025-06-16 05:02:04.936567+00:00,38.69381807127134
2025-06-16 05:02:12.724505+00:00,38.67052466259437
2025-06-16 05:02:13.899661+00:00,38.6239634059048
2025-06-16 05:02:14.181721+00:00,38.6413863096585
2025-06-16 05:02:14.551084+00:00,38.635569461633
2025-06-16 05:02:14.919388+00:00,38.629752603708155
2025-06-16 05:02:17.939785+00:00,38.6414137794266
2025-06-16 05:02:18.443973+00:00,38.6239634059048
2025-06-16 05:02:19.244767+00:00,38.65307463780855
2025-06-16 05:02:19.637646+00:00,38.635569461633
2025-06-16 05:02:20.114803+00:00,38.6413863096585
2025-06-16 05:02:20.365874+00:00,38.647257943082174
2025-06-16 05:02:22.462821+00:00,38.629807799509685
2025-06-16 05:02:22.707794+00:00,38.6414412384569
2025-06-16 05:02:23.005857+00:00,38.6413863096585
2025-06-16 05:02:23.497439+00:00,38.6413863096585
2025-06-16 05:02:24.544228+00:00,38.6414137794266
2025-06-16 05:02:25.688700+00:00,38.6414137794266
2025-06-16 05:02:26.257058+00:00,38.63562452393274
2025-06-16 05:02:28.441253+00:00,38.65307463780855
2025-06-16 05:02:29.123827+00:00,38.658836794338924
2025-06-16 05:02:31.677434+00:00,38.65307463780855
2025-06-16 05:02:32.165843+00:00,38.66465360276705
2025-06-16 05:02:34.162186+00:00,38.66470799756465
2025-06-16 05:02:35.508379+00:00,38.66470799756465
2025-06-16 05:02:37.565830+00:00,38.653047312278886
2025-06-16 05:02:37.772107+00:00,38.67631425919406
2025-06-16 05:02:37.999394+00:00,38.66470799756465
2025-06-16 05:02:38.241882+00:00,38.67628718992527
2025-06-16 05:02:38.567216+00:00,38.67631425919406
2025-06-16 05:02:38.830724+00:00,38.67626010991881
2025-06-16 05:02:39.160064+00:00,38.67626010991881
2025-06-16 05:02:39.566597+00:00,38.67631425919406
2025-06-16 05:02:39.894843+00:00,38.653019976011464
2025-06-16 05:02:40.240531+00:00,38.66459916501859
2025-06-16 05:02:40.556636+00:00,38.66465360276705
2025-06-16 05:02:41.661209+00:00,38.66465360276705
2025-06-16 05:02:43.226052+00:00,38.653047312278886
2025-06-16 05:02:43.743155+00:00,38.670416097046534
2025-06-16 05:02:46.576879+00:00,38.647257943082174
2025-06-16 05:02:47.018310+00:00,38.658864063856356
2025-06-16 05:02:47.451171+00:00,38.62393573588398
2025-06-16 05:02:50.769590+00:00,38.61230197053759
2025-06-16 05:02:52.215591+00:00,38.61814659493264
2025-06-16 05:02:54.053932+00:00,38.59485124827292
2025-06-16 05:02:55.540101+00:00,38.61235756684721
2025-06-16 05:02:57.012148+00:00,38.62399106518775
2025-06-16 05:02:57.623321+00:00,38.629780206977856
2025-06-16 05:02:58.749563+00:00,38.6414137794266
2025-06-16 05:02:59.726929+00:00,38.66473517885687
2025-06-16 05:03:00.999958+00:00,38.66470799756465
2025-06-16 05:03:02.792776+00:00,38.65307463780855
2025-06-16 05:03:05.831582+00:00,38.62393573588398
2025-06-16 05:03:09.090847+00:00,38.64146868674939
2025-06-16 05:03:17.247754+00:00,38.66470799756465
2025-06-16 05:03:21.024725+00:00,38.653047312278886
2025-06-16 05:03:21.848092+00:00,38.67055177713709
2025-06-16 05:03:22.880912+00:00,38.65897303454871
2025-06-16 05:03:23.253056+00:00,38.64731269542855
2025-06-16 05:03:23.622658+00:00,38.65310195260046
2025-06-16 05:03:24.202356+00:00,38.66473517885687
2025-06-16 05:03:24.875148+00:00,38.65307463780855
2025-06-16 05:03:25.937328+00:00,38.6414412384569
2025-06-16 05:03:26.930305+00:00,38.641496124304076
2025-06-16 05:03:27.201295+00:00,38.63562452393274
2025-06-16 05:03:30.146850+00:00,38.647257943082174
2025-06-16 05:03:30.714068+00:00,38.658891322636045
2025-06-16 05:03:31.158425+00:00,38.647340055495086
2025-06-16 05:03:31.985292+00:00,38.66470799756465
2025-06-16 05:03:33.296245+00:00,38.68221191430831
2025-06-16 05:03:33.999554+00:00,38.66470799756465
2025-06-16 05:03:34.399566+00:00,38.69963462005825
2025-06-16 05:03:35.604245+00:00,38.66470799756465
2025-06-16 05:03:36.456838+00:00,38.68213097117506
2025-06-16 05:03:36.691180+00:00,38.66468080553471
2025-06-16 05:03:36.915516+00:00,38.693764365439726
2025-06-16 05:03:37.151168+00:00,38.66470799756465
2025-06-16 05:03:37.355532+00:00,38.66470799756465
2025-06-16 05:03:38.688729+00:00,38.67634131772519
2025-06-16 05:03:41.606478+00:00,38.67634131772519
2025-06-16 05:03:41.840060+00:00,38.66468080553471
2025-06-16 05:03:43.019344+00:00,38.66468080553471
2025-06-16 05:03:49.058141+00:00,38.66465360276705
2025-06-16 05:03:51.663155+00:00,38.699581047723385
2025-06-16 05:03:55.380207+00:00,38.69379122372433
2025-06-16 05:03:56.282096+00:00,38.68221191430831
2025-06-16 05:03:57.462220+00:00,38.68800151258577
2025-06-16 05:03:58.579350+00:00,38.68800151258577
2025-06-16 05:03:59.463813+00:00,38.69966139011931
2025-06-16 05:04:03.474025+00:00,38.68797459829017
2025-06-16 05:04:04.232872+00:00,38.70542444489598
2025-06-16 05:04:05.833170+00:00,38.68800151258577
2025-06-16 05:04:10.542573+00:00,38.69379122372433
2025-06-16 05:04:10.981518+00:00,38.699581047723385
2025-06-16 05:04:13.008782+00:00,38.71126768793608
2025-06-16 05:04:13.695097+00:00,38.71129432450114
2025-06-16 05:04:14.018884+00:00,38.70537098458231
2025-06-16 05:04:17.606511+00:00,38.69963462005825
2025-06-16 05:04:19.540207+00:00,38.69379122372433
2025-06-16 05:04:20.360001+00:00,38.71705762647208
2025-06-16 05:04:20.585815+00:00,38.699581047723385
2025-06-16 05:04:20.795456+00:00,38.717004433149725
2025-06-16 05:04:21.222930+00:00,38.69368372616031
2025-06-16 05:04:22.528813+00:00,38.711241040633475
2025-06-16 05:04:23.018533+00:00,38.69955424544958
2025-06-16 05:04:23.244587+00:00,38.711134344047785
2025-06-16 05:04:23.537895+00:00,38.711134344047785
2025-06-16 05:04:25.037242+00:00,38.69955424544958
2025-06-16 05:04:25.702107+00:00,38.693764365439726
2025-06-16 05:04:25.967949+00:00,38.69955424544958
2025-06-16 05:04:26.946552+00:00,38.67631425919406
2025-06-16 05:04:27.305330+00:00,38.70537098458231
2025-06-16 05:04:29.118761+00:00,38.68797459829017
2025-06-16 05:04:29.494490+00:00,38.70537098458231
2025-06-16 05:04:32.794585+00:00,38.699581047723385
2025-06-16 05:04:36.303426+00:00,38.69963462005825
2025-06-16 05:04:36.780103+00:00,38.68213097117506
2025-06-16 05:04:37.281845+00:00,38.68213097117506
2025-06-16 05:04:37.813096+00:00,38.68792073748612
2025-06-16 05:04:40.183233+00:00,38.68797459829017
2025-06-16 05:04:41.084889+00:00,38.66465360276705
2025-06-16 05:04:43.005062+00:00,38.66465360276705
2025-06-16 05:04:44.529225+00:00,38.64720314778465
2025-06-16 05:04:45.379009+00:00,38.658836794338924
2025-06-16 05:04:54.825508+00:00,38.66459916501859
2025-06-16 05:04:55.226593+00:00,38.64720314778465
2025-06-16 05:04:56.754631+00:00,38.652965271263334
2025-06-16 05:04:57.365365+00:00,38.66465360276705
2025-06-16 05:04:57.504584+00:00,38.670388928815335
2025-06-16 05:04:57.966764+00:00,38.641331337908866
2025-06-16 05:04:58.190263+00:00,38.66457193003778
2025-06-16 05:04:58.800682+00:00,38.65878222309086
2025-06-16 05:04:59.563911+00:00,38.66457193003778
2025-06-16 05:04:59.794469+00:00,38.66457193003778
2025-06-16 05:05:00.807103+00:00,38.652937902782604
2025-06-16 05:05:03.280110+00:00,38.63551435638194
2025-06-16 05:05:07.798532+00:00,38.67628718992527
2025-06-16 05:05:09.978863+00:00,38.66465360276705
2025-06-16 05:05:10.380003+00:00,38.68210396865536
2025-06-16 05:05:12.964773+00:00,38.670388928815335
2025-06-16 05:05:13.438033+00:00,38.676233019174674
2025-06-16 05:05:13.804647+00:00,38.66459916501859
2025-06-16 05:05:14.229047+00:00,38.66459916501859
2025-06-16 05:05:14.628989+00:00,38.66465360276705
2025-06-16 05:05:15.058579+00:00,38.652965271263334
2025-06-16 05:05:22.364101+00:00,38.658836794338924
2025-06-16 05:05:22.722600+00:00,38.66457193003778
2025-06-16 05:05:24.230570+00:00,38.66468080553471
2025-06-16 05:05:29.338300+00:00,38.66465360276705
2025-06-16 05:05:29.843890+00:00,38.66465360276705
2025-06-16 05:05:30.373174+00:00,38.67047040129583
2025-06-16 05:05:36.011169+00:00,38.66457193003778
2025-06-16 05:05:36.469883+00:00,38.670388928815335
2025-06-16 05:05:42.119895+00:00,38.64130383592733
2025-06-16 05:05:42.803637+00:00,38.66459916501859
2025-06-16 05:05:44.247753+00:00,38.670416097046534
2025-06-16 05:05:50.481515+00:00,38.629669729471956
2025-06-16 05:05:53.551227+00:00,38.63551435638194
2025-06-16 05:05:55.594571+00:00,38.653019976011464
2025-06-16 05:05:56.926843+00:00,38.63551435638194
2025-06-16 05:05:58.363214+00:00,38.6413863096585
2025-06-16 05:05:59.057353+00:00,38.63551435638194
2025-06-16 05:06:00.227780+00:00,38.64714830953599
2025-06-16 05:06:02.173764+00:00,38.63545920817953
2025-06-16 05:06:04.580664+00:00,38.670416097046534
2025-06-16 05:06:05.598047+00:00,38.670416097046534
2025-06-16 05:06:06.029682+00:00,38.65872760889181
2025-06-16 05:06:06.664096+00:00,38.66459916501859
2025-06-16 05:06:07.321382+00:00,38.64130383592733
2025-06-16 05:06:07.794683+00:00,38.65878222309086
2025-06-16 05:06:15.239078+00:00,38.67617880547338
2025-06-16 05:06:16.347322+00:00,38.68786683373156
2025-06-16 05:06:19.075118+00:00,38.68210396865536
2025-06-16 05:06:19.832001+00:00,38.67628718992527
2025-06-16 05:06:20.418453+00:00,38.68792073748612
2025-06-16 05:06:20.643207+00:00,38.68792073748612
2025-06-16 05:06:21.259711+00:00,38.676233019174674
2025-06-16 05:06:21.701724+00:00,38.68783986574785
2025-06-16 05:06:22.831275+00:00,38.670416097046534
2025-06-16 05:06:24.035180+00:00,38.67631425919406
2025-06-16 05:06:24.519341+00:00,38.67628718992527
2025-06-16 05:06:24.776745+00:00,38.67620591769286
2025-06-16 05:06:25.054122+00:00,38.67617880547338
2025-06-16 05:06:25.348134+00:00,38.67036174984644
2025-06-16 05:06:26.401266+00:00,38.67628718992527
2025-06-16 05:06:26.675157+00:00,38.65878222309086
2025-06-16 05:06:27.710742+00:00,38.66465360276705
2025-06-16 05:06:28.109711+00:00,38.641331337908866
2025-06-16 05:06:32.044731+00:00,38.67628718992527
2025-06-16 05:06:35.105268+00:00,38.67047040129583
2025-06-16 05:06:35.263988+00:00,38.670416097046534
2025-06-16 05:06:36.225937+00:00,38.67047040129583
2025-06-16 05:06:37.161266+00:00,38.68210396865536
2025-06-16 05:06:38.314102+00:00,38.68792073748612
2025-06-16 05:06:39.150829+00:00,38.69368372616031
2025-06-16 05:06:40.617924+00:00,38.67628718992527
2025-06-16 05:06:41.763429+00:00,38.67047040129583
2025-06-16 05:06:42.976027+00:00,38.66465360276705
2025-06-16 05:06:44.802426+00:00,38.68792073748612
2025-06-16 05:06:46.324737+00:00,38.71121438259334
2025-06-16 05:06:47.667209+00:00,38.69955424544958
2025-06-16 05:06:49.918650+00:00,38.67631425919406
2025-06-16 05:06:51.216313+00:00,38.68792073748612
2025-06-16 05:06:54.977560+00:00,38.68797459829017
2025-06-16 05:06:55.413480+00:00,38.68213097117506
2025-06-16 05:06:57.961108+00:00,38.66468080553471
2025-06-16 05:06:59.671590+00:00,38.67634131772519
2025-06-16 05:07:02.091269+00:00,38.658864063856356
2025-06-16 05:07:03.122733+00:00,38.68792073748612
2025-06-16 05:07:03.453046+00:00,38.68213097117506
2025-06-16 05:07:05.692004+00:00,38.693764365439726
2025-06-16 05:07:07.353325+00:00,38.67631425919406
2025-06-16 05:07:12.128438+00:00,38.66465360276705
2025-06-16 05:07:12.377465+00:00,38.65307463780855
2025-06-16 05:07:14.258703+00:00,38.67047040129583
2025-06-16 05:07:15.335829+00:00,38.67628718992527
2025-06-16 05:07:16.965066+00:00,38.68794767325695
2025-06-16 05:07:19.614081+00:00,38.693764365439726
2025-06-16 05:07:25.566748+00:00,38.67049753731395
2025-06-16 05:07:26.490986+00:00,38.6472305508023
2025-06-16 05:07:26.942711+00:00,38.641331337908866
2025-06-16 05:07:27.488709+00:00,38.65307463780855
2025-06-16 05:07:27.726318+00:00,38.67049753731395
2025-06-16 05:07:27.946180+00:00,38.67049753731395
2025-06-16 05:07:28.749785+00:00,38.658864063856356
2025-06-16 05:07:29.977550+00:00,38.658891322636045
2025-06-16 05:07:31.314022+00:00,38.66468080553471
2025-06-16 05:07:32.577796+00:00,38.65307463780855
2025-06-16 05:07:32.895430+00:00,38.68794767325695
2025-06-16 05:07:33.528745+00:00,38.66470799756465
2025-06-16 05:07:34.707629+00:00,38.66470799756465
2025-06-16 05:07:36.150223+00:00,38.68215796295713
2025-06-16 05:07:36.880304+00:00,38.658864063856356
2025-06-16 05:07:37.798335+00:00,38.66468080553471
2025-06-16 05:07:39.690387+00:00,38.66468080553471
2025-06-16 05:07:40.564794+00:00,38.67631425919406
2025-06-16 05:07:41.202281+00:00,38.658864063856356
2025-06-16 05:07:42.060207+00:00,38.68210396865536
2025-06-16 05:07:43.272710+00:00,38.66468080553471
2025-06-16 05:07:44.468344+00:00,38.65307463780855
2025-06-16 05:07:47.336059+00:00,38.629807799509685
2025-06-16 05:07:51.417380+00:00,38.66459916501859
2025-06-16 05:07:52.880675+00:00,38.67631425919406
2025-06-16 05:07:55.972948+00:00,38.64720314778465
2025-06-16 05:07:59.282892+00:00,38.658836794338924
2025-06-16 05:07:59.793908+00:00,38.65299262900628
2025-06-16 05:08:03.633044+00:00,38.641331337908866
2025-06-16 05:08:05.552882+00:00,38.653047312278886
2025-06-16 05:08:08.007099+00:00,38.61817432096692
2025-06-16 05:08:09.440016+00:00,38.64130383592733
2025-06-16 05:08:12.012771+00:00,38.641331337908866
2025-06-16 05:08:12.707344+00:00,38.66476234941139
2025-06-16 05:08:14.293058+00:00,38.64130383592733
2025-06-16 05:08:15.142839+00:00,38.62969736495523
2025-06-16 05:08:16.290168+00:00,38.635569461633
2025-06-16 05:08:17.076658+00:00,38.635569461633
2025-06-16 05:08:18.073131+00:00,38.62969736495523
2025-06-16 05:08:19.446534+00:00,38.61814659493264
2025-06-16 05:08:20.928004+00:00,38.641331337908866
2025-06-16 05:08:21.466670+00:00,38.6413863096585
2025-06-16 05:08:22.482424+00:00,38.652965271263334
2025-06-16 05:08:22.883894+00:00,38.652937902782604
2025-06-16 05:08:23.223926+00:00,38.64130383592733
2025-06-16 05:08:23.493856+00:00,38.64127632320798
2025-06-16 05:08:23.784933+00:00,38.641331337908866
2025-06-16 05:08:24.025196+00:00,38.664544684319246
2025-06-16 05:08:24.265013+00:00,38.64127632320798
2025-06-16 05:08:24.508384+00:00,38.65291052356411
2025-06-16 05:08:24.679259+00:00,38.64127632320798
2025-06-16 05:08:26.493347+00:00,38.652965271263334
2025-06-16 05:08:27.213690+00:00,38.67044325454003
2025-06-16 05:08:31.575923+00:00,38.670416097046534
2025-06-16 05:08:34.589432+00:00,38.66465360276705
2025-06-16 05:08:37.141596+00:00,38.66465360276705
2025-06-16 05:08:38.942449+00:00,38.66465360276705
2025-06-16 05:08:40.514288+00:00,38.64714830953599
2025-06-16 05:08:41.961652+00:00,38.635569461633
2025-06-16 05:08:45.422236+00:00,38.64720314778465
2025-06-16 05:08:51.602956+00:00,38.652965271263334
2025-06-16 05:08:54.276441+00:00,38.670416097046534
2025-06-16 05:08:55.684642+00:00,38.641331337908866
2025-06-16 05:08:56.594068+00:00,38.693656824925306
2025-06-16 05:08:59.882998+00:00,38.64714830953599
2025-06-16 05:09:01.399523+00:00,38.635486787649654
2025-06-16 05:09:04.541793+00:00,38.629669729471956
2025-06-16 05:09:06.649298+00:00,38.62382494842189
2025-06-16 05:09:14.574595+00:00,38.65288313360786
2025-06-16 05:09:16.167488+00:00,38.64712087430498
2025-06-16 05:09:18.168055+00:00,38.64714830953599
2025-06-16 05:09:20.024709+00:00,38.63545920817953
2025-06-16 05:09:21.853167+00:00,38.670416097046534
2025-06-16 05:09:22.887149+00:00,38.66459916501859
2025-06-16 05:09:23.831029+00:00,38.65291052356411
2025-06-16 05:09:24.082554+00:00,38.66457193003778
2025-06-16 05:09:26.472194+00:00,38.62969736495523
2025-06-16 05:09:28.252873+00:00,38.62385266139424
2025-06-16 05:09:28.782171+00:00,38.635486787649654
2025-06-16 05:09:30.565346+00:00,38.63551435638194
2025-06-16 05:09:33.833838+00:00,38.635486787649654
2025-06-16 05:09:34.665290+00:00,38.62972498970063
2025-06-16 05:09:35.182245+00:00,38.652937902782604
2025-06-16 05:09:35.529021+00:00,38.641331337908866
2025-06-16 05:09:35.884317+00:00,38.664544684319246
2025-06-16 05:09:36.098951+00:00,38.676233019174674
2025-06-16 05:09:36.408689+00:00,38.67036174984644
2025-06-16 05:09:36.794386+00:00,38.629642083250836
2025-06-16 05:09:37.227252+00:00,38.67617880547338
2025-06-16 05:09:37.753646+00:00,38.64127632320798
2025-06-16 05:09:39.459419+00:00,38.62969736495523
2025-06-16 05:09:41.557035+00:00,38.6413863096585
2025-06-16 05:09:43.778695+00:00,38.653047312278886
2025-06-16 05:09:45.052805+00:00,38.66465360276705
2025-06-16 05:09:45.724330+00:00,38.641331337908866
2025-06-16 05:09:46.227448+00:00,38.66457193003778
2025-06-16 05:09:48.372863+00:00,38.653019976011464
2025-06-16 05:09:50.811872+00:00,38.64712087430498
2025-06-16 05:09:51.806100+00:00,38.64714830953599
2025-06-16 05:09:53.212843+00:00,38.635486787649654
2025-06-16 05:09:55.364208+00:00,38.61798001323098
2025-06-16 05:09:56.568751+00:00,38.62379722471165
2025-06-16 05:09:58.263256+00:00,38.59468300009561
2025-06-16 05:09:59.890479+00:00,38.588893807320424
2025-06-16 05:10:02.651739+00:00,38.55972191550217
2025-06-16 05:10:03.977071+00:00,38.5539329518116
2025-06-16 05:10:06.666372+00:00,38.542240622650276
2025-06-16 05:10:07.623402+00:00,38.5247588294198
2025-06-16 05:10:08.072572+00:00,38.54805822985511
2025-06-16 05:10:11.561129+00:00,38.524729906473866
2025-06-16 05:10:14.023809+00:00,38.501458725777574
2025-06-16 05:10:14.490975+00:00,38.50148791574677
2025-06-16 05:10:14.955327+00:00,38.51303619080016
2025-06-16 05:10:15.416253+00:00,38.495611638384915
2025-06-16 05:10:16.632631+00:00,38.47815791891726
2025-06-16 05:10:20.581929+00:00,38.4839170011382
2025-06-16 05:10:22.592459+00:00,38.47803994059414
2025-06-16 05:10:25.899582+00:00,38.419857561731774
2025-06-16 05:10:26.981931+00:00,38.443130632112435
2025-06-16 05:10:29.380370+00:00,38.454707520230144
2025-06-16 05:10:31.134153+00:00,38.408251278915984
2025-06-16 05:10:35.712391+00:00,38.44882938965277
2025-06-16 05:10:40.856402+00:00,38.41973674125329
2025-06-16 05:10:41.281767+00:00,38.4138878831355
2025-06-16 05:10:42.314915+00:00,38.43719236000464
2025-06-16 05:10:43.629882+00:00,38.42552512553408
2025-06-16 05:10:43.823159+00:00,38.40218970441105
2025-06-16 05:10:49.547836+00:00,38.4254949495885
2025-06-16 05:10:52.096263+00:00,38.41391818186174
2025-06-16 05:10:54.141816+00:00,38.41970650928685
2025-06-16 05:10:56.540013+00:00,38.396462444263776
2025-06-16 05:10:57.722397+00:00,38.384733306543254
2025-06-16 05:10:58.128834+00:00,38.37312644597089
2025-06-16 05:10:58.504420+00:00,38.37312644597089
2025-06-16 05:10:58.982541+00:00,38.384702641798015
2025-06-16 05:11:02.503350+00:00,38.36142703893075
2025-06-16 05:11:04.807728+00:00,38.3672150787362
2025-06-16 05:11:06.221049+00:00,38.35557710415931
2025-06-16 05:11:06.597161+00:00,38.36139609640026
2025-06-16 05:11:09.654560+00:00,38.34975810201333
2025-06-16 05:11:10.322770+00:00,38.3381512775868
2025-06-16 05:11:10.664716+00:00,38.3672150787362
2025-06-16 05:11:11.134698+00:00,38.37297240093663
2025-06-16 05:11:12.321570+00:00,38.3671841922287
2025-06-16 05:11:13.924560+00:00,38.38467196631389
2025-06-16 05:11:14.202595+00:00,38.39627928913944
2025-06-16 05:11:15.021583+00:00,38.390490909029744
2025-06-16 05:11:19.705189+00:00,38.41376658084297
2025-06-16 05:11:20.919279+00:00,38.39055211573708
2025-06-16 05:11:22.963129+00:00,38.40800848389119
2025-06-16 05:11:24.955895+00:00,38.41379692252425
2025-06-16 05:11:25.188586+00:00,38.43128350276607
2025-06-16 05:11:25.477571+00:00,38.40791725856701
2025-06-16 05:11:26.670455+00:00,38.41385757367051
2025-06-16 05:11:28.650925+00:00,38.41970650928685
2025-06-16 05:11:28.969043+00:00,38.419676266581675
2025-06-16 05:11:29.312270+00:00,38.41379692252425
2025-06-16 05:11:31.270537+00:00,38.373157222760966
2025-06-16 05:11:32.454027+00:00,38.39637091502635
2025-06-16 05:11:32.793631+00:00,38.384794603817106
2025-06-16 05:11:35.043531+00:00,38.361488891774805
2025-06-16 05:11:36.538340+00:00,38.349882341799336
2025-06-16 05:11:37.071683+00:00,38.3556391120056
2025-06-16 05:11:37.736725+00:00,38.378914487444845
2025-06-16 05:11:38.762357+00:00,38.37318798881212
2025-06-16 05:11:39.514235+00:00,38.367276819534354
2025-06-16 05:11:40.727665+00:00,38.39643194525679
2025-06-16 05:11:41.277961+00:00,38.402159239948126
2025-06-16 05:11:42.673197+00:00,38.39055211573708
2025-06-16 05:11:44.996512+00:00,38.41379692252425
2025-06-16 05:11:46.777746+00:00,38.40803887085501
2025-06-16 05:11:49.371517+00:00,38.37312644597089
2025-06-16 05:11:49.734590+00:00,38.37306486017397
2025-06-16 05:11:50.067681+00:00,38.36724595450475
2025-06-16 05:11:50.578595+00:00,38.361488891774805
2025-06-16 05:11:50.854815+00:00,38.355546084127674
2025-06-16 05:11:51.111731+00:00,38.36724595450475
2025-06-16 05:11:51.948223+00:00,38.367276819534354
2025-06-16 05:11:53.461411+00:00,38.37312644597089
2025-06-16 05:11:55.015386+00:00,38.41385757367051
2025-06-16 05:11:56.511417+00:00,38.38476396054962
2025-06-16 05:11:57.998158+00:00,38.40228103336698
2025-06-16 05:11:59.058869+00:00,38.41391818186174
2025-06-16 05:12:03.081018+00:00,38.437222380954395
2025-06-16 05:12:11.311573+00:00,38.41973674125329
2025-06-16 05:12:12.550931+00:00,38.41973674125329
2025-06-16 05:12:13.735715+00:00,38.4081603113225
2025-06-16 05:12:15.312469+00:00,38.42558544520913
2025-06-16 05:12:18.065274+00:00,38.44885927708504
2025-06-16 05:12:20.012502+00:00,38.437222380954395
2025-06-16 05:12:21.990719+00:00,38.454707520230144
2025-06-16 05:12:22.709191+00:00,38.44301087978065
2025-06-16 05:12:23.560801+00:00,38.44882938965277
2025-06-16 05:12:24.377315+00:00,38.483769727789195
2025-06-16 05:12:24.722918+00:00,38.47795134409765
2025-06-16 05:12:25.056631+00:00,38.489588101577084
2025-06-16 05:12:25.770587+00:00,38.454707520230144
2025-06-16 05:12:26.226983+00:00,38.44888915377869
2025-06-16 05:12:30.953758+00:00,38.45464788962102
2025-06-16 05:12:33.238786+00:00,38.44885927708504
2025-06-16 05:12:34.616737+00:00,38.44882938965277
2025-06-16 05:12:37.692214+00:00,38.4313437318772
2025-06-16 05:12:39.480213+00:00,38.4080996125663
2025-06-16 05:12:41.585965+00:00,38.43716232831621
2025-06-16 05:12:41.844396+00:00,38.43128350276607
2025-06-16 05:12:42.054245+00:00,38.419676266581675
2025-06-16 05:12:42.262886+00:00,38.419676266581675
2025-06-16 05:12:43.890507+00:00,38.40228103336698
2025-06-16 05:12:47.512414+00:00,38.390521517752845
2025-06-16 05:12:47.859425+00:00,38.384702641798015
2025-06-16 05:12:49.632263+00:00,38.37309565844188
2025-06-16 05:12:50.075516+00:00,38.36142703893075
2025-06-16 05:12:50.594941+00:00,38.36139609640026
2025-06-16 05:12:52.874096+00:00,38.36142703893075
2025-06-16 05:12:54.011490+00:00,38.36724595450475
2025-06-16 05:12:56.467472+00:00,38.36139609640026
2025-06-16 05:12:58.096366+00:00,38.35557710415931
2025-06-16 05:12:59.367062+00:00,38.35560811345195
2025-06-16 05:13:00.603160+00:00,38.35560811345195
2025-06-16 05:13:00.957543+00:00,38.34384559707515
2025-06-16 05:13:01.402008+00:00,38.36133417912237
2025-06-16 05:13:01.853511+00:00,38.33802637483047
2025-06-16 05:13:03.047307+00:00,38.36139609640026
2025-06-16 05:13:04.288180+00:00,38.34975810201333
2025-06-16 05:13:08.905354+00:00,38.35560811345195
2025-06-16 05:13:10.819105+00:00,38.34969591768621
2025-06-16 05:13:13.875418+00:00,38.326450640533274
2025-06-16 05:13:17.778628+00:00,38.33802637483047
2025-06-16 05:13:18.878978+00:00,38.33226974906265
2025-06-16 05:13:19.093646+00:00,38.33220714268009
2025-06-16 05:13:22.589127+00:00,38.33802637483047
2025-06-16 05:13:24.743856+00:00,38.297228091251576
2025-06-16 05:13:25.338275+00:00,38.32635651456071
2025-06-16 05:13:26.408984+00:00,38.31478089564636
2025-06-16 05:13:26.793075+00:00,38.30314247572261
2025-06-16 05:13:28.360505+00:00,38.29150401617697
2025-06-16 05:13:28.847881+00:00,38.29147224026783
2025-06-16 05:13:30.760747+00:00,38.30893011502158
2025-06-16 05:13:31.655478+00:00,38.31474938679476
2025-06-16 05:13:35.239835+00:00,38.29725982187447
2025-06-16 05:13:35.634836+00:00,38.31474938679476
2025-06-16 05:13:36.661766+00:00,38.279801687391576
2025-06-16 05:13:37.286722+00:00,38.28555733641385
2025-06-16 05:13:38.132166+00:00,38.29144045361943
2025-06-16 05:13:39.011718+00:00,38.27395029173542
2025-06-16 05:13:40.430459+00:00,38.27391828331273
2025-06-16 05:13:41.014335+00:00,38.297228091251576
2025-06-16 05:13:42.820536+00:00,38.26813081709098
2025-06-16 05:13:43.706249+00:00,38.268066655974856
2025-06-16 05:13:44.424254+00:00,38.26227919058608
2025-06-16 05:13:44.816674+00:00,38.27388626415072
2025-06-16 05:13:46.335353+00:00,38.2506400582339
2025-06-16 05:13:48.418074+00:00,38.26224703789238
2025-06-16 05:13:50.260929+00:00,38.24472338600109
2025-06-16 05:13:50.439464+00:00,38.22719880078668
2025-06-16 05:13:52.177994+00:00,38.256362938765314
2025-06-16 05:13:53.067875+00:00,38.22729655732502
2025-06-16 05:13:53.274040+00:00,38.2563306870872
2025-06-16 05:13:53.766687+00:00,38.262182700286836
2025-06-16 05:13:54.042778+00:00,38.26800245190129
2025-06-16 05:13:54.326467+00:00,38.26797033375545
2025-06-16 05:13:54.594077+00:00,38.26797033375545
2025-06-16 05:13:54.844280+00:00,38.26800245190129
2025-06-16 05:13:55.260298+00:00,38.26797033375545
2025-06-16 05:13:55.670038+00:00,38.244691000789786
2025-06-16 05:13:56.406579+00:00,38.24472338600109
2025-06-16 05:13:58.317008+00:00,38.233148798880876
2025-06-16 05:13:59.577340+00:00,38.27388626415072
2025-06-16 05:14:02.281797+00:00,38.27388626415072
2025-06-16 05:14:03.132000+00:00,38.27391828331273
2025-06-16 05:14:03.451534+00:00,38.27382219360867
2025-06-16 05:14:03.715926+00:00,38.30292075353965
2025-06-16 05:14:05.079980+00:00,38.30304751636523
2025-06-16 05:14:09.693502+00:00,38.29131319963319
2025-06-16 05:14:10.158423+00:00,38.285589211305805
2025-06-16 05:14:13.879550+00:00,38.291408656231766
2025-06-16 05:14:14.204342+00:00,38.26813081709098
2025-06-16 05:14:14.764198+00:00,38.268066655974856
2025-06-16 05:14:15.207486+00:00,38.27960994079453
2025-06-16 05:14:15.751469+00:00,38.279801687391576
2025-06-16 05:14:22.091118+00:00,38.30304751636523
2025-06-16 05:14:22.692730+00:00,38.29144045361943
2025-06-16 05:14:22.918561+00:00,38.30304751636523
2025-06-16 05:14:23.676913+00:00,38.30304751636523
2025-06-16 05:14:24.354294+00:00,38.314717867203996
2025-06-16 05:14:24.847675+00:00,38.30307918022357
2025-06-16 05:14:28.447557+00:00,38.33220714268009
2025-06-16 05:14:29.778870+00:00,38.33802637483047
2025-06-16 05:14:30.103147+00:00,38.33220714268009
2025-06-16 05:14:30.689525+00:00,38.33220714268009
2025-06-16 05:14:31.099764+00:00,38.349664809414115
2025-06-16 05:14:33.700808+00:00,38.338057616628156
2025-06-16 05:14:34.466993+00:00,38.31481239375879
2025-06-16 05:14:36.063019+00:00,38.33223845124092
2025-06-16 05:14:39.171187+00:00,38.31481239375879
2025-06-16 05:14:42.294978+00:00,38.33808884768678
2025-06-16 05:14:45.162359+00:00,38.34972701521928
2025-06-16 05:14:46.091921+00:00,38.33812006800632
2025-06-16 05:14:47.201786+00:00,38.34393908996233
2025-06-16 05:14:47.671900+00:00,38.35557710415931
2025-06-16 05:14:52.375968+00:00,38.36145797072226
2025-06-16 05:14:53.777896+00:00,38.37306486017397
2025-06-16 05:14:55.041120+00:00,38.367276819534354
2025-06-16 05:14:57.213643+00:00,38.38476396054962
2025-06-16 05:14:59.308421+00:00,38.40225060112048
2025-06-16 05:15:02.656845+00:00,38.40225060112048
2025-06-16 05:15:03.625135+00:00,38.419676266581675
2025-06-16 05:15:05.106718+00:00,38.41391818186174
2025-06-16 05:15:05.874909+00:00,38.39640143551099
2025-06-16 05:15:08.966742+00:00,38.42555529074096
2025-06-16 05:15:10.366683+00:00,38.413948469849224
2025-06-16 05:15:14.794388+00:00,38.38482523634572
2025-06-16 05:15:17.342700+00:00,38.43140391803359
2025-06-16 05:15:18.969529+00:00,38.41979717296999
2025-06-16 05:15:22.692141+00:00,38.431433995003765
2025-06-16 05:15:26.530737+00:00,38.44888915377869
2025-06-16 05:15:34.001366+00:00,38.43146406123524
2025-06-16 05:15:34.510276+00:00,38.41400901360793
2025-06-16 05:15:34.874547+00:00,38.419857561731774
2025-06-16 05:15:35.282220+00:00,38.425615588938584
2025-06-16 05:15:35.800272+00:00,38.443160543348796
2025-06-16 05:15:36.224546+00:00,38.41982737272024
2025-06-16 05:15:36.609519+00:00,38.41403926937917
2025-06-16 05:15:36.970419+00:00,38.43728239063794
2025-06-16 05:15:37.307445+00:00,38.42564572192935
2025-06-16 05:15:39.437718+00:00,38.431524161482194
2025-06-16 05:15:40.023750+00:00,38.443160543348796
2025-06-16 05:15:40.466471+00:00,38.443100710137436
2025-06-16 05:15:43.094774+00:00,38.46640354404547
2025-06-16 05:15:43.302922+00:00,38.454767107884905
2025-06-16 05:15:44.255929+00:00,38.45482665258534
2025-06-16 05:15:44.530707+00:00,38.454707520230144
2025-06-16 05:15:46.040411+00:00,38.472221747271284
2025-06-16 05:15:46.486171+00:00,38.46640354404547
2025-06-16 05:15:48.610917+00:00,38.48388756794534
2025-06-16 05:15:49.111431+00:00,38.483858124014
2025-06-16 05:15:50.072840+00:00,38.47803994059414
2025-06-16 05:15:50.691463+00:00,38.47806945128265
2025-06-16 05:15:51.586964+00:00,38.478098951232674
2025-06-16 05:15:52.320817+00:00,38.50137109143966
2025-06-16 05:15:53.831492+00:00,38.466433188249034
2025-06-16 05:15:55.987932+00:00,38.48967629753089
2025-06-16 05:15:58.069386+00:00,38.47803994059414
2025-06-16 05:15:58.441499+00:00,38.466433188249034
2025-06-16 05:15:58.729196+00:00,38.50131261485575
2025-06-16 05:15:59.023521+00:00,38.47225132471721
2025-06-16 05:16:02.773235+00:00,38.48388756794534
2025-06-16 05:16:03.141853+00:00,38.47225132471721
2025-06-16 05:16:03.542933+00:00,38.47225132471721
2025-06-16 05:16:03.975782+00:00,38.483858124014
2025-06-16 05:16:04.572463+00:00,38.50137109143966
2025-06-16 05:16:06.240955+00:00,38.50137109143966
2025-06-16 05:16:06.605548+00:00,38.48388756794534
2025-06-16 05:16:07.018188+00:00,38.495553071241694
2025-06-16 05:16:07.374634+00:00,38.49552377156246
2025-06-16 05:16:07.631656+00:00,38.5013418585169
2025-06-16 05:16:07.989885+00:00,38.507159935568595
2025-06-16 05:16:09.934242+00:00,38.518825092618414
2025-06-16 05:16:13.642042+00:00,38.48967629753089
2025-06-16 05:16:20.151011+00:00,38.4605556092167
2025-06-16 05:16:20.616090+00:00,38.466433188249034
2025-06-16 05:16:21.848986+00:00,38.46640354404547
2025-06-16 05:16:24.886110+00:00,38.44891901973373
2025-06-16 05:16:25.171421+00:00,38.431433995003765
2025-06-16 05:16:25.873677+00:00,38.43728239063794
2025-06-16 05:16:26.365350+00:00,38.41979717296999
2025-06-16 05:16:26.584509+00:00,38.43137383032473
2025-06-16 05:16:28.145883+00:00,38.4081603113225
2025-06-16 05:16:28.739802+00:00,38.437132285889135
2025-06-16 05:16:29.023838+00:00,38.42555529074096
2025-06-16 05:16:29.717309+00:00,38.41973674125329
2025-06-16 05:16:33.907695+00:00,38.4080996125663
2025-06-16 05:16:34.111915+00:00,38.41385757367051
2025-06-16 05:16:34.247910+00:00,38.40222015813517
2025-06-16 05:16:34.482170+00:00,38.41379692252425
2025-06-16 05:16:34.612823+00:00,38.384733306543254
2025-06-16 05:16:34.773783+00:00,38.39055211573708
2025-06-16 05:16:34.981547+00:00,38.39637091502635
2025-06-16 05:16:35.559218+00:00,38.39640143551099
2025-06-16 05:16:35.926786+00:00,38.39640143551099
2025-06-16 05:16:36.151317+00:00,38.39055211573708
2025-06-16 05:16:36.373281+00:00,38.39637091502635
2025-06-16 05:16:38.623881+00:00,38.37312644597089
2025-06-16 05:16:39.061049+00:00,38.378914487444845
2025-06-16 05:16:39.840325+00:00,38.39637091502635
2025-06-16 05:16:41.659557+00:00,38.39634038380288
2025-06-16 05:16:41.910783+00:00,38.39637091502635
2025-06-16 05:16:44.058220+00:00,38.37300323142134
2025-06-16 05:16:44.423839+00:00,38.38467196631389
2025-06-16 05:16:44.840062+00:00,38.35557710415931
2025-06-16 05:16:55.272733+00:00,38.338057616628156
2025-06-16 05:16:57.344448+00:00,38.35548401184739
2025-06-16 05:16:57.690025+00:00,38.33223845124092
2025-06-16 05:16:57.896776+00:00,38.343814411301324
2025-06-16 05:17:00.097080+00:00,38.338057616628156
2025-06-16 05:17:02.705252+00:00,38.31474938679476
2025-06-16 05:17:04.037787+00:00,38.326419275948204
2025-06-16 05:17:05.755362+00:00,38.332175823380176
2025-06-16 05:17:07.881013+00:00,38.332175823380176
2025-06-16 05:17:08.194193+00:00,38.343783214788445
2025-06-16 05:17:08.504682+00:00,38.32638790062402
2025-06-16 05:17:13.343452+00:00,38.30889852866675
2025-06-16 05:17:14.096568+00:00,38.32056864866224
2025-06-16 05:17:15.597794+00:00,38.32056864866224
2025-06-16 05:17:17.333443+00:00,38.32629371021672
2025-06-16 05:17:20.064585+00:00,38.32638790062402
2025-06-16 05:17:21.160639+00:00,38.343814411301324
2025-06-16 05:17:23.074151+00:00,38.361303204374956
2025-06-16 05:17:26.258510+00:00,38.384610583129
2025-06-16 05:17:27.468389+00:00,38.396218151520664
2025-06-16 05:17:28.774967+00:00,38.402067782126494
2025-06-16 05:17:29.015274+00:00,38.384610583129
2025-06-16 05:17:29.241663+00:00,38.39036836674877
2025-06-16 05:17:29.555934+00:00,38.39036836674877
2025-06-16 05:17:29.818949+00:00,38.372941559713006
2025-06-16 05:17:30.201363+00:00,38.38457987542823
2025-06-16 05:17:31.122506+00:00,38.361303204374956
2025-06-16 05:17:32.195634+00:00,38.36712238699683
2025-06-16 05:17:37.698586+00:00,38.402067782126494
2025-06-16 05:17:38.475184+00:00,38.39627928913944
2025-06-16 05:17:38.775577+00:00,38.37297240093663
2025-06-16 05:17:38.989410+00:00,38.39627928913944
2025-06-16 05:17:39.218392+00:00,38.38457987542823
2025-06-16 05:17:39.365305+00:00,38.396218151520664
2025-06-16 05:17:39.661247+00:00,38.36712238699683
2025-06-16 05:17:41.366735+00:00,38.396309841840576
2025-06-16 05:17:43.339655+00:00,38.3671841922287
2025-06-16 05:17:44.058278+00:00,38.38467196631389
2025-06-16 05:17:44.792960+00:00,38.38464128009089
2025-06-16 05:17:45.018243+00:00,38.355515053357024
2025-06-16 05:17:45.338987+00:00,38.36133417912237
2025-06-16 05:17:45.632129+00:00,38.35548401184739
2025-06-16 05:17:45.941367+00:00,38.36127221888857
2025-06-16 05:17:48.713525+00:00,38.34972701521928
2025-06-16 05:17:50.515899+00:00,38.338057616628156
2025-06-16 05:17:51.343373+00:00,38.34387677210992
2025-06-16 05:17:51.611962+00:00,38.34972701521928
2025-06-16 05:17:51.970294+00:00,38.32063152209866
2025-06-16 05:17:52.941504+00:00,38.32648199437923
2025-06-16 05:17:54.509922+00:00,38.33812006800632
2025-06-16 05:17:55.270155+00:00,38.33812006800632
2025-06-16 05:17:56.866288+00:00,38.34969591768621
2025-06-16 05:17:57.971356+00:00,38.31481239375879
2025-06-16 05:17:58.202300+00:00,38.33223845124092
2025-06-16 05:18:02.203939+00:00,38.33808884768678
2025-06-16 05:18:04.487879+00:00,38.326450640533274
2025-06-16 05:18:05.890680+00:00,38.326450640533274
2025-06-16 05:18:09.668917+00:00,38.32063152209866
2025-06-16 05:18:11.178147+00:00,38.326450640533274
2025-06-16 05:18:11.736484+00:00,38.33226974906265
2025-06-16 05:18:13.259280+00:00,38.34978917806836
2025-06-16 05:18:14.003724+00:00,38.320662942708154
2025-06-16 05:18:14.378142+00:00,38.3381512775868
2025-06-16 05:18:16.869548+00:00,38.33230103614529
2025-06-16 05:18:17.378548+00:00,38.314843881132056
2025-06-16 05:18:22.563760+00:00,38.314906823661126
2025-06-16 05:18:23.799246+00:00,38.30905635304904
2025-06-16 05:18:25.553463+00:00,38.31487535776617
2025-06-16 05:18:30.106459+00:00,38.338182476428216
2025-06-16 05:18:30.719238+00:00,38.34403248619814
2025-06-16 05:18:31.154892+00:00,38.3265446698538
2025-06-16 05:18:34.706406+00:00,38.34982024338437
2025-06-16 05:18:35.638983+00:00,38.373157222760966
2025-06-16 05:18:35.891891+00:00,38.361488891774805
2025-06-16 05:18:37.555873+00:00,38.3672150787362
2025-06-16 05:18:39.939093+00:00,38.36145797072226
2025-06-16 05:18:40.605692+00:00,38.36145797072226
2025-06-16 05:18:40.845031+00:00,38.367276819534354
2025-06-16 05:18:41.573981+00:00,38.34393908996233
2025-06-16 05:18:42.068041+00:00,38.36142703893075
2025-06-16 05:18:42.793229+00:00,38.3381512775868
2025-06-16 05:18:43.871885+00:00,38.35567009982025
2025-06-16 05:18:45.477563+00:00,38.34982024338437
2025-06-16 05:18:45.852849+00:00,38.338182476428216
2025-06-16 05:18:46.329025+00:00,38.34982024338437
2025-06-16 05:18:47.070751+00:00,38.32660730237194
2025-06-16 05:18:47.439584+00:00,38.3381512775868
2025-06-16 05:18:47.741105+00:00,38.33821366453057
2025-06-16 05:18:48.892099+00:00,38.3381512775868
2025-06-16 05:18:49.393245+00:00,38.349851297961365
2025-06-16 05:18:49.827224+00:00,38.34409469666014
2025-06-16 05:18:50.982566+00:00,38.349851297961365
2025-06-16 05:18:51.214503+00:00,38.3556391120056
2025-06-16 05:18:51.516180+00:00,38.36145797072226
2025-06-16 05:18:52.101142+00:00,38.36142703893075
2025-06-16 05:18:55.267513+00:00,38.349882341799336
2025-06-16 05:18:58.522011+00:00,38.37900661753086
2025-06-16 05:18:58.928733+00:00,38.36730767382502
2025-06-16 05:18:59.388478+00:00,38.35570107689591
2025-06-16 05:19:01.159252+00:00,38.36155070166298
2025-06-16 05:19:01.459477+00:00,38.37318798881212
2025-06-16 05:19:02.094191+00:00,38.384794603817106
2025-06-16 05:19:02.481929+00:00,38.36151980208837
2025-06-16 05:19:04.543636+00:00,38.396462444263776
2025-06-16 05:19:07.634872+00:00,38.396462444263776
2025-06-16 05:19:11.219200+00:00,38.40806924708004
2025-06-16 05:19:12.713703+00:00,38.40806924708004
2025-06-16 05:19:13.231244+00:00,38.40806924708004
2025-06-16 05:19:15.013445+00:00,38.41391818186174
2025-06-16 05:19:18.911413+00:00,38.4080996125663
2025-06-16 05:19:25.662352+00:00,38.39046028956779
2025-06-16 05:19:26.170247+00:00,38.37894520821242
2025-06-16 05:19:26.382761+00:00,38.384794603817106
2025-06-16 05:19:27.677008+00:00,38.384733306543254
2025-06-16 05:19:28.729948+00:00,38.384794603817106
2025-06-16 05:19:29.557907+00:00,38.39058270298247
2025-06-16 05:19:29.801120+00:00,38.38476396054962
2025-06-16 05:19:30.013317+00:00,38.390490909029744
2025-06-16 05:19:32.517931+00:00,38.37306486017397
2025-06-16 05:19:34.713208+00:00,38.34978917806836
2025-06-16 05:19:37.546672+00:00,38.34969591768621
2025-06-16 05:19:37.858287+00:00,38.34969591768621
2025-06-16 05:19:38.248100+00:00,38.33220714268009
2025-06-16 05:19:38.914576+00:00,38.30899325551368
2025-06-16 05:19:39.986861+00:00,38.33220714268009
2025-06-16 05:19:41.758148+00:00,38.326450640533274
2025-06-16 05:19:43.462742+00:00,38.3031108333427
2025-06-16 05:19:44.264122+00:00,38.30889852866675
2025-06-16 05:19:45.217482+00:00,38.297228091251576
2025-06-16 05:19:47.799501+00:00,38.30304751636523
2025-06-16 05:19:50.488939+00:00,38.26813081709098
2025-06-16 05:19:51.541685+00:00,38.27395029173542
2025-06-16 05:19:52.587331+00:00,38.27388626415072
2025-06-16 05:19:53.645699+00:00,38.27970586241997
2025-06-16 05:19:54.851593+00:00,38.26813081709098
2025-06-16 05:19:55.085527+00:00,38.256362938765314
2025-06-16 05:19:55.326926+00:00,38.250575475041884
2025-06-16 05:19:55.553412+00:00,38.23890359475838
2025-06-16 05:19:55.777596+00:00,38.244691000789786
2025-06-16 05:19:56.221169+00:00,38.24482047719823
2025-06-16 05:19:56.630990+00:00,38.2506400582339
2025-06-16 05:19:57.985545+00:00,38.25060777200761
2025-06-16 05:19:59.221572+00:00,38.239033295276506
2025-06-16 05:20:00.319072+00:00,38.2680987419026
2025-06-16 05:20:01.541656+00:00,38.25652403606473
2025-06-16 05:20:07.924793+00:00,38.23308379360861
2025-06-16 05:20:08.453352+00:00,38.256395179704015
2025-06-16 05:20:08.859691+00:00,38.24475576047293
2025-06-16 05:20:10.058313+00:00,38.256362938765314
2025-06-16 05:20:11.826298+00:00,38.25060777200761
2025-06-16 05:20:13.275633+00:00,38.2506400582339
2025-06-16 05:20:16.391487+00:00,38.215591611668664
2025-06-16 05:20:17.484420+00:00,38.1981318593085
2025-06-16 05:20:18.184954+00:00,38.22144416158787
2025-06-16 05:20:19.015178+00:00,38.22141150930747
2025-06-16 05:20:21.266926+00:00,38.244691000789786
2025-06-16 05:20:21.910855+00:00,38.23301874537832
2025-06-16 05:20:22.350775+00:00,38.244658604839024
2025-06-16 05:20:23.518368+00:00,38.22137884628752
2025-06-16 05:20:25.071353+00:00,38.23301874537832
2025-06-16 05:20:25.602518+00:00,38.23883868006243
2025-06-16 05:20:27.753587+00:00,38.221313488028954
2025-06-16 05:20:29.165948+00:00,38.1981318593085
2025-06-16 05:20:34.068843+00:00,38.19221289923686
2025-06-16 05:20:35.249759+00:00,38.19221289923686
2025-06-16 05:20:36.183187+00:00,38.18642583686447
2025-06-16 05:20:38.647407+00:00,38.21552614135346
2025-06-16 05:20:39.082814+00:00,38.19221289923686
2025-06-16 05:20:48.007335+00:00,38.209706100271156
2025-06-16 05:20:48.731981+00:00,38.198033036811225
2025-06-16 05:20:49.333028+00:00,38.215558881880845
2025-06-16 05:20:50.593856+00:00,38.21549339008648
2025-06-16 05:20:53.177379+00:00,38.25626615151273
2025-06-16 05:20:54.614326+00:00,38.244658604839024
2025-06-16 05:20:55.542780+00:00,38.25051084889214
2025-06-16 05:20:56.393666+00:00,38.25629842466967
2025-06-16 05:20:59.126339+00:00,38.25047851970811
2025-06-16 05:21:01.085955+00:00,38.24472338600109
2025-06-16 05:21:04.240498+00:00,38.26215051537497
2025-06-16 05:21:05.677094+00:00,38.26800245190129
2025-06-16 05:21:08.293109+00:00,38.238871142780155
2025-06-16 05:21:08.658579+00:00,38.24472338600109
2025-06-16 05:21:13.961068+00:00,38.279737814816485
2025-06-16 05:21:14.951511+00:00,38.29131319963319
2025-06-16 05:21:15.271100+00:00,38.285493554412085
2025-06-16 05:21:15.678092+00:00,38.31459168144924
2025-06-16 05:21:17.849683+00:00,38.27970586241997
2025-06-16 05:21:19.118074+00:00,38.297132834947455
2025-06-16 05:21:20.398021+00:00,38.29716459778807
2025-06-16 05:21:22.403687+00:00,38.31459168144924
2025-06-16 05:21:26.450953+00:00,38.29716459778807
2025-06-16 05:21:29.309302+00:00,38.30304751636523
2025-06-16 05:21:33.754089+00:00,38.32047425796403
2025-06-16 05:21:34.498542+00:00,38.297228091251576
2025-06-16 05:21:35.944120+00:00,38.29137684810484
2025-06-16 05:21:37.015214+00:00,38.297228091251576
2025-06-16 05:21:39.112136+00:00,38.30298415643089
2025-06-16 05:21:39.981997+00:00,38.27970586241997
2025-06-16 05:21:41.018702+00:00,38.30304751636523
2025-06-16 05:21:43.057725+00:00,38.26813081709098
2025-06-16 05:21:44.109580+00:00,38.256395179704015
2025-06-16 05:21:44.483720+00:00,38.26224703789238
2025-06-16 05:21:45.295900+00:00,38.2506400582339
2025-06-16 05:21:46.407802+00:00,38.24475576047293
2025-06-16 05:21:46.823035+00:00,38.23890359475838
2025-06-16 05:21:49.443210+00:00,38.250575475041884
2025-06-16 05:21:49.721841+00:00,38.244691000789786
2025-06-16 05:21:50.298749+00:00,38.2680987419026
2025-06-16 05:21:51.626980+00:00,38.25051084889214
2025-06-16 05:21:52.400866+00:00,38.23883868006243
2025-06-16 05:21:54.027204+00:00,38.19224591757776
2025-06-16 05:21:55.684935+00:00,38.209706100271156
2025-06-16 05:21:56.081958+00:00,38.215558881880845
2025-06-16 05:21:56.860181+00:00,38.198033036811225
2025-06-16 05:21:57.742639+00:00,38.18635965590488
2025-06-16 05:21:58.330155+00:00,38.198033036811225
2025-06-16 05:21:59.701626+00:00,38.18642583686447
2025-06-16 05:22:05.500710+00:00,38.1688323291657
2025-06-16 05:22:05.964059+00:00,38.13969663072791
2025-06-16 05:22:08.650117+00:00,38.15722499558662
2025-06-16 05:22:10.829298+00:00,38.163078699817255
2025-06-16 05:22:11.905075+00:00,38.13966295775795
2025-06-16 05:22:13.393826+00:00,38.11641455631986
2025-06-16 05:22:20.237224+00:00,38.104637100819815
2025-06-16 05:22:22.610822+00:00,38.11627873165525
2025-06-16 05:22:23.112268+00:00,38.11045792119243
2025-06-16 05:22:24.350094+00:00,38.09302966971146
2025-06-16 05:22:25.093285+00:00,38.092961180238866
2025-06-16 05:22:25.493685+00:00,38.104602984259024
2025-06-16 05:22:29.582068+00:00,38.075463938716936
2025-06-16 05:22:33.884740+00:00,38.05796619662032
2025-06-16 05:22:36.076574+00:00,38.075463938716936
2025-06-16 05:22:37.939326+00:00,38.05800086884927
2025-06-16 05:22:38.159457+00:00,38.05796619662032
2025-06-16 05:22:39.695847+00:00,38.05796619662032
2025-06-16 05:22:42.862097+00:00,38.06375268039923
2025-06-16 05:22:43.946792+00:00,38.02886054809441
2025-06-16 05:22:45.911987+00:00,38.028755465340666
2025-06-16 05:22:50.966075+00:00,38.03457681519325
2025-06-16 05:22:51.267713+00:00,38.02300430503791
2025-06-16 05:22:51.441928+00:00,38.028755465340666
2025-06-16 05:22:51.759384+00:00,38.02293410557693
2025-06-16 05:22:51.976470+00:00,38.028825531250185
2025-06-16 05:22:52.293820+00:00,38.03461178674268
2025-06-16 05:22:52.719228+00:00,38.02296921067761
2025-06-16 05:22:52.962927+00:00,38.03461178674268
2025-06-16 05:22:54.050175+00:00,38.011326594968835
2025-06-16 05:22:55.984001+00:00,38.034646747551776
2025-06-16 05:22:56.758023+00:00,38.034681697620535
2025-06-16 05:22:57.117041+00:00,38.03461178674268
2025-06-16 05:22:57.967553+00:00,38.05207557650835
2025-06-16 05:22:59.729585+00:00,38.05796619662032
2025-06-16 05:23:01.731823+00:00,38.034646747551776
2025-06-16 05:23:03.245353+00:00,38.05796619662032
2025-06-16 05:23:03.588417+00:00,38.06964292533796
2025-06-16 05:23:07.737945+00:00,38.075463938716936
2025-06-16 05:23:09.495769+00:00,38.081353720231455
2025-06-16 05:23:11.430580+00:00,38.075532850309884
2025-06-16 05:23:12.029340+00:00,38.08717458024322
2025-06-16 05:23:13.307179+00:00,38.07556728999611
2025-06-16 05:23:14.366209+00:00,38.098816270537405
2025-06-16 05:23:18.003919+00:00,38.12213343771247
2025-06-16 05:23:19.146563+00:00,38.1163806162637
2025-06-16 05:23:19.799125+00:00,38.104637100819815
2025-06-16 05:23:21.167075+00:00,38.12792032285154
2025-06-16 05:23:21.928345+00:00,38.10467120664055
2025-06-16 05:23:23.591654+00:00,38.09302966971146
2025-06-16 05:23:24.206351+00:00,38.09885044313079
2025-06-16 05:23:26.775820+00:00,38.12802180682904
2025-06-16 05:23:27.024687+00:00,38.122167332476685
2025-06-16 05:23:27.258810+00:00,38.12209953220829
2025-06-16 05:23:27.517815+00:00,38.13374110358499
2025-06-16 05:23:27.744487+00:00,38.122167332476685
2025-06-16 05:23:27.965567+00:00,38.13374110358499
2025-06-16 05:23:28.269909+00:00,38.13374110358499
2025-06-16 05:23:30.201903+00:00,38.11056000611737
2025-06-16 05:23:35.915421+00:00,38.13962927404808
2025-06-16 05:23:36.708652+00:00,38.14551712455772
2025-06-16 05:23:37.096904+00:00,38.13374110358499
2025-06-16 05:23:37.323272+00:00,38.14548351835874
2025-06-16 05:23:38.090723+00:00,38.13962927404808
2025-06-16 05:23:38.316166+00:00,38.13962927404808
2025-06-16 05:23:38.970597+00:00,38.13384238724805
2025-06-16 05:23:40.062249+00:00,38.13380863676695
2025-06-16 05:23:43.173719+00:00,38.11641455631986
2025-06-16 05:23:43.549898+00:00,38.12220121650092
2025-06-16 05:23:45.420151+00:00,38.09306389833763
2025-06-16 05:23:45.736824+00:00,38.110525988549064
2025-06-16 05:23:46.689221+00:00,38.098918756097376
2025-06-16 05:23:48.970113+00:00,38.09895289647057
2025-06-16 05:23:49.705582+00:00,38.098884604984114
2025-06-16 05:23:51.475931+00:00,38.09306389833763
2025-06-16 05:23:51.818490+00:00,38.08720888638258
2025-06-16 05:23:52.078890+00:00,38.08717458024322
2025-06-16 05:23:52.786793+00:00,38.06974647693854
2025-06-16 05:23:53.757972+00:00,38.069780972658364
2025-06-16 05:23:54.551558+00:00,38.075532850309884
2025-06-16 05:23:55.203912+00:00,38.075532850309884
2025-06-16 05:23:56.045856+00:00,38.063960216465205
2025-06-16 05:23:56.590313+00:00,38.05803553033798
2025-06-16 05:23:56.849894+00:00,38.06967745327834
2025-06-16 05:23:59.649152+00:00,38.06385649676317
2025-06-16 05:24:02.120993+00:00,38.03478648338483
2025-06-16 05:24:02.521957+00:00,38.06385649676317
2025-06-16 05:24:05.733497+00:00,38.058070181086464
2025-06-16 05:24:06.344995+00:00,38.05800086884927
2025-06-16 05:24:14.015787+00:00,38.05800086884927
2025-06-16 05:24:14.582139+00:00,38.05796619662032
2025-06-16 05:24:14.827495+00:00,38.05789681994172
2025-06-16 05:24:15.379747+00:00,38.07542946681022
2025-06-16 05:24:19.239396+00:00,38.05796619662032
2025-06-16 05:24:21.994341+00:00,38.06960838665739
2025-06-16 05:24:22.620038+00:00,38.046393567757555
2025-06-16 05:24:24.807259+00:00,38.05813945036271
2025-06-16 05:24:26.032357+00:00,38.07542946681022
2025-06-16 05:24:27.600764+00:00,38.034681697620535
2025-06-16 05:24:30.234484+00:00,38.02879050366561
2025-06-16 05:24:30.603454+00:00,38.03457681519325
2025-06-16 05:24:31.482319+00:00,38.02293410557693
2025-06-16 05:24:33.276865+00:00,38.01718306891492
2025-06-16 05:24:33.722732+00:00,38.005505272248065
2025-06-16 05:24:38.049649+00:00,38.005434650649114
2025-06-16 05:24:38.935419+00:00,37.99968393961636
2025-06-16 05:24:39.204595+00:00,37.99957779077726
2025-06-16 05:24:39.519672+00:00,37.9996131844641
2025-06-16 05:24:41.056734+00:00,37.993756247903946
2025-06-16 05:24:41.917895+00:00,38.00536398608834
2025-06-16 05:24:44.032100+00:00,37.99957779077726
2025-06-16 05:24:45.292895+00:00,37.97629155981438
2025-06-16 05:24:46.515400+00:00,37.99957779077726
2025-06-16 05:24:49.095087+00:00,37.987970222359934
2025-06-16 05:24:51.243514+00:00,37.96464838486329
2025-06-16 05:24:51.494181+00:00,37.96464838486329
2025-06-16 05:24:51.903239+00:00,37.96457676393788
2025-06-16 05:24:52.129358+00:00,37.97043423898032
2025-06-16 05:24:52.407176+00:00,37.97043423898032
2025-06-16 05:24:54.593153+00:00,37.97636287066557
2025-06-16 05:24:57.668946+00:00,37.96464838486329
2025-06-16 05:24:58.549144+00:00,37.97632722061025
2025-06-16 05:25:00.775538+00:00,37.970505704868344
2025-06-16 05:25:01.410469+00:00,37.987970222359934
2025-06-16 05:25:03.717073+00:00,37.95304109817433
2025-06-16 05:25:05.999379+00:00,37.993827158090966
2025-06-16 05:25:11.086694+00:00,37.9996131844641
2025-06-16 05:25:12.935319+00:00,38.01129135631601
2025-06-16 05:25:14.464467+00:00,38.00554056693685
2025-06-16 05:25:15.204617+00:00,37.99957779077726
2025-06-16 05:25:15.643050+00:00,37.999648567410475
2025-06-16 05:25:16.793081+00:00,38.005505272248065
2025-06-16 05:25:18.371514+00:00,38.017112735902046
2025-06-16 05:25:20.154400+00:00,38.017147907778686
2025-06-16 05:25:20.577586+00:00,38.017077553285
2025-06-16 05:25:22.858481+00:00,38.011326594968835
2025-06-16 05:25:33.834479+00:00,38.005399323738956
2025-06-16 05:25:36.054461+00:00,37.99954238634992
2025-06-16 05:25:36.626568+00:00,38.011256106922744
2025-06-16 05:25:41.337306+00:00,38.00536398608834
2025-06-16 05:25:41.692500+00:00,37.98786360841561
2025-06-16 05:25:42.123768+00:00,37.993720776699675
2025-06-16 05:25:42.657990+00:00,37.98786360841561
2025-06-16 05:25:43.461952+00:00,38.011256106922744
2025-06-16 05:25:44.580812+00:00,37.99957779077726
2025-06-16 05:25:44.881626+00:00,38.005434650649114
2025-06-16 05:25:46.655437+00:00,38.02286386315442
2025-06-16 05:25:47.008960+00:00,38.01122084678906
2025-06-16 05:25:47.362664+00:00,38.02289898973587
2025-06-16 05:25:47.873241+00:00,38.017007155829674
2025-06-16 05:25:48.372488+00:00,38.005399323738956
2025-06-16 05:25:48.768748+00:00,38.028755465340666
2025-06-16 05:25:49.009596+00:00,38.01118557591492
2025-06-16 05:25:50.629762+00:00,37.99957779077726
2025-06-16 05:25:51.022109+00:00,37.993756247903946
2025-06-16 05:25:51.565024+00:00,37.98789915713758
2025-06-16 05:25:52.989063+00:00,38.02286386315442
2025-06-16 05:25:54.005471+00:00,37.98793469511902
2025-06-16 05:25:54.648871+00:00,37.993756247903946
2025-06-16 05:25:55.122206+00:00,38.01118557591492
2025-06-16 05:25:58.974412+00:00,37.98793469511902
2025-06-16 05:25:59.333412+00:00,37.99954238634992
2025-06-16 05:25:59.694330+00:00,37.98204191216427
2025-06-16 05:26:01.161583+00:00,37.97632722061025
2025-06-16 05:26:02.146963+00:00,37.970505704868344
2025-06-16 05:26:03.330364+00:00,37.97629155981438
2025-06-16 05:26:04.805222+00:00,37.98214872644079
2025-06-16 05:26:07.153854+00:00,37.970469977294634
2025-06-16 05:26:07.997825+00:00,37.976255888277905
2025-06-16 05:26:10.052540+00:00,37.97054142170146
2025-06-16 05:26:14.400235+00:00,37.98214872644079
2025-06-16 05:26:22.002126+00:00,37.95304109817433
2025-06-16 05:26:24.249593+00:00,37.97636287066557
2025-06-16 05:26:24.865827+00:00,37.97057712779398
2025-06-16 05:26:26.104859+00:00,37.958898494039786
2025-06-16 05:26:29.697442+00:00,37.98225544405235
2025-06-16 05:26:31.091685+00:00,37.99975465180671
2025-06-16 05:26:32.457199+00:00,38.00561112409308
2025-06-16 05:26:33.894985+00:00,37.993862597073736
2025-06-16 05:26:35.054061+00:00,37.98807673963952
2025-06-16 05:26:36.073477+00:00,37.993933442817756
2025-06-16 05:26:37.133632+00:00,38.00554056693685
2025-06-16 05:26:39.503522+00:00,38.005505272248065
2025-06-16 05:26:42.778070+00:00,37.98793469511902
2025-06-16 05:26:44.097770+00:00,37.987970222359934
2025-06-16 05:26:45.075464+00:00,37.95304109817433
2025-06-16 05:26:46.015354+00:00,37.98214872644079
2025-06-16 05:26:47.949373+00:00,37.99379170836771
2025-06-16 05:26:49.629886+00:00,37.97632722061025
2025-06-16 05:26:51.618324+00:00,37.97057712779398
2025-06-16 05:26:53.887321+00:00,37.99950697118211
2025-06-16 05:26:55.354721+00:00,38.005434650649114
2025-06-16 05:26:58.404402+00:00,37.97636287066557
2025-06-16 05:27:00.037778+00:00,37.96461257977089
2025-06-16 05:27:03.658892+00:00,37.97629155981438
2025-06-16 05:27:07.915877+00:00,37.9821131324225
2025-06-16 05:27:09.432326+00:00,37.97632722061025
2025-06-16 05:27:10.439731+00:00,37.970469977294634
2025-06-16 05:27:11.687059+00:00,37.970469977294634
2025-06-16 05:27:12.640211+00:00,37.970505704868344
2025-06-16 05:27:13.901630+00:00,37.98793469511902
2025-06-16 05:27:15.106947+00:00,37.993756247903946
2025-06-16 05:27:17.972027+00:00,37.97632722061025
2025-06-16 05:27:22.339077+00:00,37.97629155981438
2025-06-16 05:27:24.212202+00:00,38.011256106922744
2025-06-16 05:27:24.511810+00:00,38.02282872583259
2025-06-16 05:27:24.814099+00:00,37.9996131844641
2025-06-16 05:27:26.443214+00:00,38.02872041627537
2025-06-16 05:27:26.734398+00:00,38.01122084678906
2025-06-16 05:27:26.985330+00:00,38.02286386315442
2025-06-16 05:27:28.003515+00:00,38.011256106922744
2025-06-16 05:27:28.235366+00:00,38.011256106922744
2025-06-16 05:27:28.745416+00:00,38.00536398608834
2025-06-16 05:27:29.248426+00:00,37.993756247903946
2025-06-16 05:27:29.445034+00:00,37.993756247903946
2025-06-16 05:27:31.442936+00:00,37.97629155981438
2025-06-16 05:27:31.790681+00:00,37.99957779077726
2025-06-16 05:27:32.169290+00:00,37.97629155981438
2025-06-16 05:27:33.769504+00:00,37.987970222359934
2025-06-16 05:27:34.959428+00:00,37.993827158090966
2025-06-16 05:27:36.052670+00:00,37.97639850998031
2025-06-16 05:27:36.653974+00:00,37.98218430971852
2025-06-16 05:27:37.205647+00:00,37.98800573886032
2025-06-16 05:27:38.384848+00:00,37.97636287066557
2025-06-16 05:27:38.725276+00:00,37.97632722061025
2025-06-16 05:27:39.998253+00:00,37.9996131844641
2025-06-16 05:27:40.909364+00:00,37.98807673963952
2025-06-16 05:27:44.463292+00:00,38.011326594968835
2025-06-16 05:27:46.738515+00:00,38.005575850885194
2025-06-16 05:27:50.154281+00:00,37.999719301081775
2025-06-16 05:27:50.528484+00:00,37.999719301081775
2025-06-16 05:27:50.730294+00:00,37.999719301081775
2025-06-16 05:27:51.027762+00:00,38.011326594968835
2025-06-16 05:27:51.360913+00:00,38.011326594968835
2025-06-16 05:27:53.370240+00:00,38.005575850885194
2025-06-16 05:27:55.300811+00:00,38.02307446153734
2025-06-16 05:27:56.605391+00:00,38.034716636948964
2025-06-16 05:28:01.705423+00:00,38.05211033699235
2025-06-16 05:28:02.243645+00:00,38.02896553418495
2025-06-16 05:28:02.729721+00:00,38.05800086884927
2025-06-16 05:28:07.030993+00:00,38.04635877271961
2025-06-16 05:28:09.101124+00:00,38.04632396694137
2025-06-16 05:28:16.076525+00:00,38.034681697620535
2025-06-16 05:28:19.831767+00:00,38.02879050366561
2025-06-16 05:28:20.950923+00:00,38.01143224648475
2025-06-16 05:28:22.570995+00:00,38.02886054809441
2025-06-16 05:28:23.390070+00:00,38.02879050366561
2025-06-16 05:28:23.609805+00:00,38.01129135631601
2025-06-16 05:28:23.944651+00:00,38.02296921067761
2025-06-16 05:28:25.771211+00:00,38.02300430503791
2025-06-16 05:28:26.140155+00:00,38.005399323738956
2025-06-16 05:28:26.641963+00:00,38.017147907778686
2025-06-16 05:28:27.008735+00:00,38.005469966818815
2025-06-16 05:28:27.234402+00:00,37.9996131844641
2025-06-16 05:28:28.179498+00:00,37.9821131324225
2025-06-16 05:28:29.239746+00:00,37.999648567410475
2025-06-16 05:28:34.696834+00:00,37.964684179215055
2025-06-16 05:28:35.051912+00:00,37.97043423898032
2025-06-16 05:28:35.485452+00:00,37.970505704868344
2025-06-16 05:28:36.092582+00:00,37.958862643650384
2025-06-16 05:28:36.643358+00:00,37.96464838486329
2025-06-16 05:28:38.281325+00:00,37.970469977294634
2025-06-16 05:28:38.607505+00:00,37.964684179215055
2025-06-16 05:28:39.033993+00:00,37.953005170265776
2025-06-16 05:28:39.293021+00:00,37.952933282226645
2025-06-16 05:28:39.458533+00:00,37.95296923161655
2025-06-16 05:28:39.910981+00:00,37.95296923161655
2025-06-16 05:28:41.649387+00:00,37.96457676393788
2025-06-16 05:28:49.807786+00:00,37.96457676393788
2025-06-16 05:28:50.717332+00:00,37.98789915713758
2025-06-16 05:28:52.516047+00:00,37.96461257977089
2025-06-16 05:28:52.739777+00:00,37.98793469511902
2025-06-16 05:28:52.940909+00:00,37.98207752766366
2025-06-16 05:28:53.204789+00:00,37.976255888277905
2025-06-16 05:28:53.430380+00:00,37.97622020600086
2025-06-16 05:28:53.729725+00:00,37.976184512983245
2025-06-16 05:28:55.736479+00:00,37.95304109817433
2025-06-16 05:28:55.996099+00:00,37.95879091064964
2025-06-16 05:28:56.218507+00:00,37.952933282226645
2025-06-16 05:28:56.492204+00:00,37.952897322096064
2025-06-16 05:28:56.758902+00:00,37.952933282226645
2025-06-16 05:28:58.025616+00:00,37.94136191602183
2025-06-16 05:28:58.288308+00:00,37.97039848992541
2025-06-16 05:28:59.876889+00:00,37.953005170265776
2025-06-16 05:29:02.445741+00:00,37.964719962826194
2025-06-16 05:29:03.742686+00:00,37.95304109817433
2025-06-16 05:29:04.496702+00:00,37.953005170265776
2025-06-16 05:29:04.847662+00:00,37.95296923161655
2025-06-16 05:29:05.220587+00:00,37.95296923161655
2025-06-16 05:29:05.603215+00:00,37.94711152650294
2025-06-16 05:29:07.345110+00:00,37.96464838486329
2025-06-16 05:29:11.885791+00:00,37.95296923161655
2025-06-16 05:29:12.181490+00:00,37.96461257977089
2025-06-16 05:29:12.506816+00:00,37.95875502803829
2025-06-16 05:29:12.732483+00:00,37.94714754267162
2025-06-16 05:29:12.958479+00:00,37.95875502803829
2025-06-16 05:29:13.793377+00:00,37.970469977294634
2025-06-16 05:29:15.914545+00:00,37.970469977294634
2025-06-16 05:29:17.053257+00:00,37.976255888277905
2025-06-16 05:29:21.802401+00:00,37.94714754267162
2025-06-16 05:29:22.008491+00:00,37.970469977294634
2025-06-16 05:29:22.559576+00:00,37.94711152650294
2025-06-16 05:29:25.034935+00:00,37.93546798531934
2025-06-16 05:29:25.711086+00:00,37.94711152650294
2025-06-16 05:29:28.927654+00:00,37.912144356420406
2025-06-16 05:29:30.651900+00:00,37.93539565364323
2025-06-16 05:29:31.203100+00:00,37.929609972612276
2025-06-16 05:29:31.560870+00:00,37.89460536293746
2025-06-16 05:29:34.203198+00:00,37.89460536293746
2025-06-16 05:29:36.079281+00:00,37.877102307140625
2025-06-16 05:29:36.275776+00:00,37.877102307140625
2025-06-16 05:29:37.066325+00:00,37.877028553926195
2025-06-16 05:29:41.517789+00:00,37.871206268654774
2025-06-16 05:29:42.516936+00:00,37.888746580817084
2025-06-16 05:29:44.858560+00:00,37.877102307140625
2025-06-16 05:29:48.402358+00:00,37.871206268654774
2025-06-16 05:29:49.430284+00:00,37.85377650246656
2025-06-16 05:29:51.801515+00:00,37.86538397346993
2025-06-16 05:29:52.608569+00:00,37.871317082710505
2025-06-16 05:29:53.965926+00:00,37.85956166837166
2025-06-16 05:29:54.250594+00:00,37.8770654359039
2025-06-16 05:29:55.704209+00:00,37.87124321741437
2025-06-16 05:29:56.234082+00:00,37.871206268654774
2025-06-16 05:29:56.581503+00:00,37.8653469471872
2025-06-16 05:29:56.958503+00:00,37.87116930915417
2025-06-16 05:29:57.682647+00:00,37.85956166837166
2025-06-16 05:29:58.640666+00:00,37.85952457530658
2025-06-16 05:29:59.202259+00:00,37.87116930915417
2025-06-16 05:29:59.483702+00:00,37.84780531632008
2025-06-16 05:30:07.218245+00:00,37.84776805746625
2025-06-16 05:30:08.836383+00:00,37.83616023603053
2025-06-16 05:30:10.143931+00:00,37.818542105706435
2025-06-16 05:30:10.502504+00:00,37.841833414137746
2025-06-16 05:30:12.726710+00:00,37.818579730701785
2025-06-16 05:30:14.468942+00:00,37.81850446996984
2025-06-16 05:30:15.061627+00:00,37.806858622695195
2025-06-16 05:30:15.468399+00:00,37.795174822142926
2025-06-16 05:30:17.607969+00:00,37.7719590129231
2025-06-16 05:30:21.190774+00:00,37.78349070404676
2025-06-16 05:30:22.323466+00:00,37.754336643575336
2025-06-16 05:30:26.319371+00:00,37.789351797016984
2025-06-16 05:30:27.124534+00:00,37.795174822142926
2025-06-16 05:30:28.675228+00:00,37.79513689778493
2025-06-16 05:30:42.552014+00:00,37.75418292575488
2025-06-16 05:30:43.346877+00:00,37.7309275979471
2025-06-16 05:30:45.848467+00:00,37.713496066130865
2025-06-16 05:30:50.563599+00:00,37.71337932688735
2025-06-16 05:30:51.082887+00:00,37.713496066130865
2025-06-16 05:30:52.218508+00:00,37.713496066130865
2025-06-16 05:30:53.420801+00:00,37.713496066130865
2025-06-16 05:30:53.883148+00:00,37.70767263503431
2025-06-16 05:30:54.432404+00:00,37.70181015810453
2025-06-16 05:30:54.941722+00:00,37.719280651759895
2025-06-16 05:30:55.401012+00:00,37.719202948432624
2025-06-16 05:30:56.140286+00:00,37.713457163791375
2025-06-16 05:30:58.126596+00:00,37.719280651759895
2025-06-16 05:30:59.053656+00:00,37.719280651759895
2025-06-16 05:31:00.367356+00:00,37.72506535030714
2025-06-16 05:31:00.907200+00:00,37.7309275979471
2025-06-16 05:31:03.280259+00:00,37.707594686036494
2025-06-16 05:31:03.605949+00:00,37.72502656006083
2025-06-16 05:31:03.931911+00:00,37.71334039232281
2025-06-16 05:31:07.296914+00:00,37.713301447016576
2025-06-16 05:31:07.848808+00:00,37.701732054045635
2025-06-16 05:31:09.616369+00:00,37.69008474153567
2025-06-16 05:31:10.202443+00:00,37.67843738935747
2025-06-16 05:31:13.689429+00:00,37.69583012214514
2025-06-16 05:31:13.948567+00:00,37.6842610704051
2025-06-16 05:31:14.299765+00:00,37.69008474153567
2025-06-16 05:31:14.607963+00:00,37.7016539070198
2025-06-16 05:31:15.126253+00:00,37.69586926781804
2025-06-16 05:31:16.145282+00:00,37.69590840274918
2025-06-16 05:31:19.019084+00:00,37.7016539070198
2025-06-16 05:31:21.401552+00:00,37.68422180189509
2025-06-16 05:31:21.782252+00:00,37.66088720462936
2025-06-16 05:31:23.208457+00:00,37.666789997511025
2025-06-16 05:31:23.683438+00:00,37.67843738935747
2025-06-16 05:31:24.119250+00:00,37.67827998370733
2025-06-16 05:31:27.601731+00:00,37.68418252264327
2025-06-16 05:31:28.130860+00:00,37.68418252264327
2025-06-16 05:31:28.639427+00:00,37.67253488347134
2025-06-16 05:31:29.640063+00:00,37.67253488347134
2025-06-16 05:31:30.026587+00:00,37.68418252264327
2025-06-16 05:31:30.373796+00:00,37.68996710414893
2025-06-16 05:31:35.618570+00:00,37.69579096573047
2025-06-16 05:31:35.742464+00:00,37.701575717027005
2025-06-16 05:31:35.981856+00:00,37.69579096573047
2025-06-16 05:31:36.820951+00:00,37.695751798574044
2025-06-16 05:31:38.217437+00:00,37.6841039319142
2025-06-16 05:31:39.043753+00:00,37.678358708016056
2025-06-16 05:31:41.643073+00:00,37.707360581241964
2025-06-16 05:31:42.655984+00:00,37.70747768197695
2025-06-16 05:31:43.139956+00:00,37.68996710414893
2025-06-16 05:31:44.556557+00:00,37.69583012214514
2025-06-16 05:31:46.686587+00:00,37.69579096573047
2025-06-16 05:31:47.898766+00:00,37.70747768197695
2025-06-16 05:31:51.114408+00:00,37.660808079578885
2025-06-16 05:31:51.683077+00:00,37.70747768197695
2025-06-16 05:31:53.437664+00:00,37.68414323264964
2025-06-16 05:31:55.308981+00:00,37.666632057539665
2025-06-16 05:31:55.454835+00:00,37.68402529821787
2025-06-16 05:31:55.971685+00:00,37.666632057539665
2025-06-16 05:31:56.289504+00:00,37.68406462043694
2025-06-16 05:32:00.030401+00:00,37.68418252264327
2025-06-16 05:32:00.415302+00:00,37.6841039319142
2025-06-16 05:32:00.785786+00:00,37.67831935123261
2025-06-16 05:32:01.277930+00:00,37.68414323264964
2025-06-16 05:32:03.865001+00:00,37.6667110490091
2025-06-16 05:32:08.418017+00:00,37.67831935123261
2025-06-16 05:32:09.331562+00:00,37.67249545989784
2025-06-16 05:32:11.558177+00:00,37.66084764747507
2025-06-16 05:32:12.178061+00:00,37.67249545989784
2025-06-16 05:32:13.632109+00:00,37.65498409170013
2025-06-16 05:32:15.231407+00:00,37.64916009390342
2025-06-16 05:32:15.889392+00:00,37.64916009390342
2025-06-16 05:32:16.913663+00:00,37.64916009390342
2025-06-16 05:32:18.446025+00:00,37.64329630717761
2025-06-16 05:32:19.031305+00:00,37.64916009390342
2025-06-16 05:32:21.811510+00:00,37.63747222275348
2025-06-16 05:32:22.063404+00:00,37.62586400353683
2025-06-16 05:32:22.862625+00:00,37.63751206855606
2025-06-16 05:32:23.589544+00:00,37.63751206855606
2025-06-16 05:32:23.832513+00:00,37.63160820507486
2025-06-16 05:32:27.281326+00:00,37.64912038168353
2025-06-16 05:32:27.610757+00:00,37.63747222275348
2025-06-16 05:32:27.879665+00:00,37.64329630717761
2025-06-16 05:32:28.191293+00:00,37.66072891156077
2025-06-16 05:32:39.184069+00:00,37.64325651742449
2025-06-16 05:32:40.055811+00:00,37.64337585445786
2025-06-16 05:32:40.438351+00:00,37.6373924989223
2025-06-16 05:32:41.400209+00:00,37.64908065872167
2025-06-16 05:32:41.692747+00:00,37.65490479010043
2025-06-16 05:32:42.568943+00:00,37.64908065872167
2025-06-16 05:32:44.215260+00:00,37.64916009390342
2025-06-16 05:32:45.972751+00:00,37.64912038168353
2025-06-16 05:32:49.318593+00:00,37.64325651742449
2025-06-16 05:32:50.425498+00:00,37.64333608618872
2025-06-16 05:32:50.808421+00:00,37.63160820507486
2025-06-16 05:32:51.327022+00:00,37.62578403402241
2025-06-16 05:32:51.596520+00:00,37.64908065872167
2025-06-16 05:32:51.904172+00:00,37.63743236620889
2025-06-16 05:32:52.224006+00:00,37.63743236620889
2025-06-16 05:32:55.057281+00:00,37.66072891156077
2025-06-16 05:32:55.481335+00:00,37.67241658052526
2025-06-16 05:32:55.799531+00:00,37.67820121643123
2025-06-16 05:32:56.797229+00:00,37.66072891156077
2025-06-16 05:32:59.320215+00:00,37.67249545989784
2025-06-16 05:32:59.563209+00:00,37.69571262067584
2025-06-16 05:33:02.201800+00:00,37.66084764747507
2025-06-16 05:33:04.475657+00:00,37.67241658052526
2025-06-16 05:33:04.915419+00:00,37.69571262067584
2025-06-16 05:33:09.681907+00:00,37.66072891156077
2025-06-16 05:33:10.223302+00:00,37.66072891156077
2025-06-16 05:33:10.722316+00:00,37.68402529821787
2025-06-16 05:33:11.317826+00:00,37.66072891156077
2025-06-16 05:33:14.098676+00:00,37.666632057539665
2025-06-16 05:33:14.379779+00:00,37.660768500940776
2025-06-16 05:33:15.078086+00:00,37.660808079578885
2025-06-16 05:33:17.321411+00:00,37.64916009390342
2025-06-16 05:33:17.665345+00:00,37.660808079578885
2025-06-16 05:33:22.164444+00:00,37.6841039319142
2025-06-16 05:33:23.612279+00:00,37.695751798574044
2025-06-16 05:33:25.214125+00:00,37.695751798574044
2025-06-16 05:33:25.647731+00:00,37.719008502135296
2025-06-16 05:33:26.300904+00:00,37.695673432035875
2025-06-16 05:33:26.912574+00:00,37.68414323264964
2025-06-16 05:33:27.853655+00:00,37.68414323264964
2025-06-16 05:33:28.814423+00:00,37.68418252264327
2025-06-16 05:33:32.099969+00:00,37.66659254569211
2025-06-16 05:33:36.668471+00:00,37.63747222275348
2025-06-16 05:33:37.754183+00:00,37.65498409170013
2025-06-16 05:33:39.033493+00:00,37.64923948611732
2025-06-16 05:33:39.869244+00:00,37.66667155864533
2025-06-16 05:33:40.112377+00:00,37.660808079578885
2025-06-16 05:33:41.867962+00:00,37.6667110490091
2025-06-16 05:33:43.498204+00:00,37.69579096573047
2025-06-16 05:33:46.601808+00:00,37.69586926781804
2025-06-16 05:33:49.103117+00:00,37.66084764747507
2025-06-16 05:33:49.321331+00:00,37.64337585445786
2025-06-16 05:33:51.789076+00:00,37.678358708016056
2025-06-16 05:33:52.413519+00:00,37.660689311438844
2025-06-16 05:33:55.324436+00:00,37.67261369839277
2025-06-16 05:33:55.757140+00:00,37.64919979538134
2025-06-16 05:33:56.467254+00:00,37.66088720462936
2025-06-16 05:33:58.022840+00:00,37.6667110490091
2025-06-16 05:33:59.917980+00:00,37.66088720462936
2025-06-16 05:34:03.628217+00:00,37.65506335033209
2025-06-16 05:34:04.912512+00:00,37.67257429630299
2025-06-16 05:34:05.395715+00:00,37.67257429630299
2025-06-16 05:34:14.856691+00:00,37.65498409170013
2025-06-16 05:34:15.395120+00:00,37.64916009390342
2025-06-16 05:34:16.218981+00:00,37.660768500940776
2025-06-16 05:34:20.428651+00:00,37.63168804100543
2025-06-16 05:34:20.797698+00:00,37.654944446271244
2025-06-16 05:34:21.056481+00:00,37.64325651742449
2025-06-16 05:34:21.249033+00:00,37.654944446271244
2025-06-16 05:34:21.717390+00:00,37.64912038168353
2025-06-16 05:34:23.161172+00:00,37.65502372638708
2025-06-16 05:34:23.622649+00:00,37.654944446271244
2025-06-16 05:34:23.897374+00:00,37.66072891156077
2025-06-16 05:34:24.491542+00:00,37.64908065872167
2025-06-16 05:34:24.807545+00:00,37.65490479010043
2025-06-16 05:34:25.527505+00:00,37.64904092501788
2025-06-16 05:34:27.414334+00:00,37.666513489771354
2025-06-16 05:34:27.692702+00:00,37.65486512318768
2025-06-16 05:34:28.878046+00:00,37.631648128411165
2025-06-16 05:34:30.328517+00:00,37.63743236620889
2025-06-16 05:34:30.720808+00:00,37.64908065872167
2025-06-16 05:34:31.075613+00:00,37.64908065872167
2025-06-16 05:34:31.402225+00:00,37.6373526208937
2025-06-16 05:34:32.470174+00:00,37.66072891156077
2025-06-16 05:34:35.246699+00:00,37.649001180572114
2025-06-16 05:34:35.524843+00:00,37.649001180572114
2025-06-16 05:34:35.810507+00:00,37.654825445533
2025-06-16 05:34:36.080822+00:00,37.63152832617618
2025-06-16 05:34:36.724924+00:00,37.65490479010043
2025-06-16 05:34:36.990314+00:00,37.649001180572114
2025-06-16 05:34:37.291839+00:00,37.637312732123085
2025-06-16 05:34:37.734751+00:00,37.63160820507486
2025-06-16 05:34:38.018317+00:00,37.63727283261046
2025-06-16 05:34:38.652316+00:00,37.6373526208937
2025-06-16 05:34:42.003295+00:00,37.637312732123085
2025-06-16 05:34:43.434762+00:00,37.63148837061378
2025-06-16 05:34:44.939694+00:00,37.614055382510344
2025-06-16 05:34:49.165476+00:00,37.63152832617618
2025-06-16 05:34:50.886237+00:00,37.6198797069845
2025-06-16 05:34:51.371143+00:00,37.637312732123085
2025-06-16 05:34:51.814103+00:00,37.619799517949126
2025-06-16 05:34:52.130789+00:00,37.619799517949126
2025-06-16 05:34:52.918053+00:00,37.63148837061378
2025-06-16 05:34:53.577941+00:00,37.619759407318305
2025-06-16 05:34:55.534424+00:00,37.613975059890016
2025-06-16 05:34:55.933710+00:00,37.596420859850056
2025-06-16 05:34:56.236149+00:00,37.60220514876022
2025-06-16 05:34:56.961987+00:00,37.60228580300477
2025-06-16 05:34:57.198769+00:00,37.61967915383041
2025-06-16 05:34:58.935002+00:00,37.58485262080448
2025-06-16 05:35:05.178600+00:00,37.596582349574604
2025-06-16 05:35:06.801799+00:00,37.59075798542493
2025-06-16 05:35:07.223987+00:00,37.59079839779397
2025-06-16 05:35:09.251452+00:00,37.63160820507486
2025-06-16 05:35:10.019300+00:00,37.6198797069845
2025-06-16 05:35:11.168975+00:00,37.608271260106974
2025-06-16 05:35:12.301889+00:00,37.608231048117304
2025-06-16 05:35:14.244669+00:00,37.62578403402241
2025-06-16 05:35:16.346904+00:00,37.608231048117304
2025-06-16 05:35:26.119850+00:00,37.613975059890016
2025-06-16 05:35:27.644429+00:00,37.59067712846026
2025-06-16 05:35:28.845375+00:00,37.5906366838646
2025-06-16 05:35:34.179259+00:00,37.613975059890016
2025-06-16 05:35:34.549005+00:00,37.56741973935047
2025-06-16 05:35:35.846264+00:00,37.59071756231369
2025-06-16 05:35:36.324726+00:00,37.596420859850056
2025-06-16 05:35:40.976664+00:00,37.5789875250462
2025-06-16 05:35:41.217811+00:00,37.579028103229376
2025-06-16 05:35:41.980168+00:00,37.58477158728366
2025-06-16 05:35:42.607910+00:00,37.5789875250462
2025-06-16 05:35:43.300354+00:00,37.579028103229376
2025-06-16 05:35:43.591873+00:00,37.5906366838646
2025-06-16 05:35:46.735811+00:00,37.59650162619669
2025-06-16 05:35:47.424580+00:00,37.58477158728366
2025-06-16 05:35:47.838255+00:00,37.578946936120786
2025-06-16 05:35:50.063932+00:00,37.59650162619669
2025-06-16 05:35:50.988586+00:00,37.59055576244669
2025-06-16 05:35:51.506556+00:00,37.5789875250462
2025-06-16 05:35:52.660501+00:00,37.5906366838646
2025-06-16 05:35:54.115195+00:00,37.5789063364531
2025-06-16 05:35:54.418355+00:00,37.5789063364531
2025-06-16 05:35:54.581876+00:00,37.6021648055247
2025-06-16 05:35:55.217530+00:00,37.5789875250462
2025-06-16 05:36:03.026307+00:00,37.57886572604316
2025-06-16 05:36:05.717361+00:00,37.57312227503811
2025-06-16 05:36:06.694548+00:00,37.58477158728366
2025-06-16 05:36:08.073222+00:00,37.58477158728366
2025-06-16 05:36:10.101232+00:00,37.57886572604316
2025-06-16 05:36:16.408262+00:00,37.5380508663048
2025-06-16 05:36:16.855865+00:00,37.56729760403566
2025-06-16 05:36:17.451156+00:00,37.56725687077945
2025-06-16 05:36:19.633991+00:00,37.5789063364531
2025-06-16 05:36:21.674039+00:00,37.55564823227139
2025-06-16 05:36:22.109787+00:00,37.55564823227139
2025-06-16 05:36:26.350014+00:00,37.57308160857629
2025-06-16 05:36:28.920368+00:00,37.58485262080448
2025-06-16 05:36:29.815102+00:00,37.56741973935047
2025-06-16 05:36:32.339581+00:00,37.59067712846026
2025-06-16 05:36:34.359119+00:00,37.5789875250462
2025-06-16 05:36:36.565026+00:00,37.578946936120786
2025-06-16 05:36:37.307774+00:00,37.56733832654956
2025-06-16 05:36:38.077956+00:00,37.56733832654956
2025-06-16 05:36:38.912162+00:00,37.56725687077945
2025-06-16 05:36:39.674407+00:00,37.56725687077945
2025-06-16 05:36:41.015895+00:00,37.5789063364531
2025-06-16 05:36:41.775540+00:00,37.57312227503811
2025-06-16 05:36:43.795705+00:00,37.57304093137217
2025-06-16 05:36:52.801461+00:00,37.52635976151675
2025-06-16 05:36:53.033481+00:00,37.5379686566448
2025-06-16 05:36:53.277517+00:00,37.55548470043468
2025-06-16 05:36:53.679311+00:00,37.54965973249249
2025-06-16 05:36:55.501119+00:00,37.52053474397108
2025-06-16 05:36:56.687435+00:00,37.52053474397108
2025-06-16 05:36:57.248212+00:00,37.50884323493497
2025-06-16 05:36:57.815465+00:00,37.502976599108024
2025-06-16 05:37:05.908204+00:00,37.50896753525532
2025-06-16 05:37:12.332600+00:00,37.532184769141736
2025-06-16 05:37:12.765692+00:00,37.526400994567396
2025-06-16 05:37:13.148007+00:00,37.5380508663048
2025-06-16 05:37:13.681168+00:00,37.51462695099033
2025-06-16 05:37:14.040270+00:00,37.5438347546296
2025-06-16 05:37:14.354263+00:00,37.54379371122399
2025-06-16 05:37:14.713825+00:00,37.5380508663048
2025-06-16 05:37:14.983597+00:00,37.52045211204977
2025-06-16 05:37:15.517884+00:00,37.54375265707598
2025-06-16 05:37:15.891160+00:00,37.52045211204977
2025-06-16 05:37:16.239960+00:00,37.520493433381674
2025-06-16 05:37:16.497009+00:00,37.52045211204977
2025-06-16 05:37:18.757511+00:00,37.5438347546296
2025-06-16 05:37:19.202947+00:00,37.53792753570115
2025-06-16 05:37:19.550069+00:00,37.52627726318804
2025-06-16 05:37:20.175173+00:00,37.508801780009755
2025-06-16 05:37:21.149583+00:00,37.526318517723645
2025-06-16 05:37:23.542318+00:00,37.51462695099033
2025-06-16 05:37:23.744790+00:00,37.508760314341984
2025-06-16 05:37:24.021923+00:00,37.502893523435866
2025-06-16 05:37:24.781549+00:00,37.51462695099033
2025-06-16 05:37:25.964996+00:00,37.48550099687593
2025-06-16 05:37:26.939960+00:00,37.49715140828514
2025-06-16 05:37:27.859202+00:00,37.49132620754111
2025-06-16 05:37:28.135671+00:00,37.47971756520206
2025-06-16 05:37:28.386208+00:00,37.49710980902311
2025-06-16 05:37:28.628583+00:00,37.491242864679464
2025-06-16 05:37:28.844577+00:00,37.49710980902311
2025-06-16 05:37:29.031879+00:00,37.508760314341984
2025-06-16 05:37:29.411724+00:00,37.491242864679464
2025-06-16 05:37:29.670460+00:00,37.49698494678136
2025-06-16 05:37:34.787680+00:00,37.49710980902311
2025-06-16 05:37:36.326215+00:00,37.48541752041885
2025-06-16 05:37:37.120717+00:00,37.485459264018715
2025-06-16 05:37:40.357468+00:00,37.502893523435866
2025-06-16 05:37:42.638827+00:00,37.48550099687593
2025-06-16 05:37:44.266927+00:00,37.479592166236635
2025-06-16 05:37:46.699323+00:00,37.479592166236635
2025-06-16 05:37:47.051996+00:00,37.48541752041885
2025-06-16 05:37:47.444437+00:00,37.49120117713469
2025-06-16 05:37:47.757291+00:00,37.491242864679464
2025-06-16 05:37:48.228777+00:00,37.497068199018464
2025-06-16 05:37:48.604699+00:00,37.497068199018464
2025-06-16 05:37:48.891185+00:00,37.49702657827122
2025-06-16 05:37:53.050888+00:00,37.502893523435866
2025-06-16 05:37:54.590888+00:00,37.49120117713469
2025-06-16 05:37:56.568228+00:00,37.48541752041885
2025-06-16 05:37:57.732227+00:00,37.49694330454889
2025-06-16 05:38:01.738688+00:00,37.47950851321297
2025-06-16 05:38:03.462760+00:00,37.479633976634446
2025-06-16 05:38:04.330223+00:00,37.473724914194115
2025-06-16 05:38:07.220412+00:00,37.46789947337026
2025-06-16 05:38:10.040810+00:00,37.43872982094795
2025-06-16 05:38:11.982691+00:00,37.432777090509994
2025-06-16 05:38:12.590451+00:00,37.4444708806002
2025-06-16 05:38:14.160259+00:00,37.4444708806002
2025-06-16 05:38:14.413771+00:00,37.426908836985994
2025-06-16 05:38:14.989984+00:00,37.43856051561732
2025-06-16 05:38:18.829086+00:00,37.415299728310735
2025-06-16 05:38:19.064720+00:00,37.403605360647695
2025-06-16 05:38:19.237194+00:00,37.40356260665488
2025-06-16 05:38:20.400175+00:00,37.415299728310735
2025-06-16 05:38:20.775756+00:00,37.41534232721573
2025-06-16 05:38:21.248130+00:00,37.3978222768068
2025-06-16 05:38:21.548864+00:00,37.40369083640435
2025-06-16 05:38:24.069582+00:00,37.39191067534509
2025-06-16 05:38:25.305793+00:00,37.39195356294074
2025-06-16 05:38:25.790683+00:00,37.41534232721573
2025-06-16 05:38:27.872299+00:00,37.3860846948054
2025-06-16 05:38:28.697374+00:00,37.39191067534509
2025-06-16 05:38:29.441019+00:00,37.39195356294074
2025-06-16 05:38:30.312103+00:00,37.39195356294074
2025-06-16 05:38:32.666429+00:00,37.3861276492028
2025-06-16 05:38:34.763258+00:00,37.4094739210655
2025-06-16 05:38:35.739977+00:00,37.38025870434251
2025-06-16 05:38:36.593190+00:00,37.38025870434251
2025-06-16 05:38:39.308131+00:00,37.39186777700639
2025-06-16 05:38:40.931308+00:00,37.38595576715474
2025-06-16 05:38:42.605408+00:00,37.36847716477617
2025-06-16 05:38:43.043435+00:00,37.368433966999554
2025-06-16 05:38:43.920718+00:00,37.385998753781365
2025-06-16 05:38:46.846377+00:00,37.345172222670456
2025-06-16 05:38:47.250332+00:00,37.345085281949174
2025-06-16 05:38:47.838356+00:00,37.350998473082704
2025-06-16 05:38:52.269916+00:00,37.35678138218871
2025-06-16 05:38:53.572029+00:00,37.345172222670456
2025-06-16 05:38:55.729830+00:00,37.333519692074326
2025-06-16 05:38:55.947376+00:00,37.33347609347774
2025-06-16 05:38:56.203338+00:00,37.321735892937475
2025-06-16 05:38:56.423167+00:00,37.327562383458364
2025-06-16 05:38:56.748366+00:00,37.32177964662922
2025-06-16 05:38:57.066572+00:00,37.32751868582769
2025-06-16 05:38:58.180597+00:00,37.333432484137866
2025-06-16 05:38:58.497473+00:00,37.32164835332394
2025-06-16 05:38:58.779545+00:00,37.31012676942325
2025-06-16 05:39:00.508485+00:00,37.315953212988404
2025-06-16 05:39:02.355499+00:00,37.327606070345716
2025-06-16 05:39:06.286688+00:00,37.333432484137866
2025-06-16 05:39:08.163447+00:00,37.345172222670456
2025-06-16 05:39:11.143925+00:00,37.350911665968326
2025-06-16 05:39:15.608521+00:00,37.333432484137866
2025-06-16 05:39:15.964058+00:00,37.32751868582769
2025-06-16 05:39:18.674366+00:00,37.315953212988404
2025-06-16 05:39:20.136352+00:00,37.321735892937475
2025-06-16 05:39:21.730730+00:00,37.32177964662922
2025-06-16 05:39:22.702666+00:00,37.31003898407741
2025-06-16 05:39:23.947872+00:00,37.30421239697774
2025-06-16 05:39:25.725626+00:00,37.29838579995328
2025-06-16 05:39:26.680637+00:00,37.315865561252295
2025-06-16 05:39:28.918178+00:00,37.31003898407741
2025-06-16 05:39:29.622428+00:00,37.321692128502384
2025-06-16 05:39:34.506444+00:00,37.30999507528939
2025-06-16 05:39:34.904951+00:00,37.31003898407741
2025-06-16 05:39:35.753370+00:00,37.304168421384595
2025-06-16 05:39:36.456008+00:00,37.32743125833637
2025-06-16 05:39:37.391323+00:00,37.31590939249204
2025-06-16 05:39:39.522104+00:00,37.321735892937475
2025-06-16 05:39:41.060468+00:00,37.32160456740215
2025-06-16 05:39:45.296269+00:00,37.29825364052744
2025-06-16 05:39:46.417965+00:00,37.304124435048024
2025-06-16 05:39:49.932458+00:00,37.268986246233546
2025-06-16 05:39:53.413484+00:00,37.26889735370975
2025-06-16 05:39:54.221122+00:00,37.26894180534344
2025-06-16 05:39:54.521569+00:00,37.26302563349797
2025-06-16 05:39:55.463233+00:00,37.239850859902745
2025-06-16 05:39:56.454594+00:00,37.245677957021215
2025-06-16 05:39:58.183713+00:00,37.25146040290214
2025-06-16 05:39:58.768247+00:00,37.25719836573662
2025-06-16 05:40:01.620689+00:00,37.239850859902745
2025-06-16 05:40:03.160054+00:00,37.23976129930567
2025-06-16 05:40:03.794867+00:00,37.21645227710348
2025-06-16 05:40:04.178225+00:00,37.2163621390644
2025-06-16 05:40:04.420036+00:00,37.25150504421352
2025-06-16 05:40:04.869939+00:00,37.2455885300397
2025-06-16 05:40:05.544937+00:00,37.22227954754394
2025-06-16 05:40:06.228808+00:00,37.22810680805779
2025-06-16 05:40:06.637437+00:00,37.22810680805779
2025-06-16 05:40:07.873562+00:00,37.23976129930567
2025-06-16 05:40:11.297888+00:00,37.23397891112344
2025-06-16 05:40:18.872422+00:00,37.263114681122715
2025-06-16 05:40:19.627128+00:00,37.23397891112344
2025-06-16 05:40:20.004689+00:00,37.245677957021215
2025-06-16 05:40:20.462341+00:00,37.23980608497606
2025-06-16 05:40:20.897500+00:00,37.23393405864503
2025-06-16 05:40:21.343733+00:00,37.2455885300397
2025-06-16 05:40:21.669471+00:00,37.22810680805779
2025-06-16 05:40:22.053809+00:00,37.23976129930567
2025-06-16 05:40:33.807659+00:00,37.19296170807292
2025-06-16 05:40:37.526246+00:00,37.18126101603867
2025-06-16 05:40:40.445473+00:00,37.16960565815384
2025-06-16 05:40:44.045299+00:00,37.15790447509041
2025-06-16 05:40:44.687204+00:00,37.17538775702518
2025-06-16 05:40:44.970963+00:00,37.163732245663304
2025-06-16 05:40:45.463055+00:00,37.175342161246256
2025-06-16 05:40:45.790362+00:00,37.16956000630823
2025-06-16 05:40:46.160703+00:00,37.14046708970627
2025-06-16 05:40:46.719831+00:00,37.16960565815384
2025-06-16 05:40:48.027361+00:00,37.14624890416072
2025-06-16 05:40:49.615317+00:00,37.15790447509041
2025-06-16 05:40:52.056904+00:00,37.1638236722323
2025-06-16 05:40:54.370989+00:00,37.16960565815384
2025-06-16 05:40:54.807755+00:00,37.17511402119192
2025-06-16 05:40:55.362214+00:00,37.16956000630823
2025-06-16 05:40:55.692990+00:00,37.163732245663304
2025-06-16 05:40:55.930620+00:00,37.18699776651693
2025-06-16 05:40:56.204997+00:00,37.14624890416072
2025-06-16 05:40:57.833068+00:00,37.163732245663304
2025-06-16 05:40:59.319856+00:00,37.163732245663304
2025-06-16 05:40:59.611724+00:00,37.18130652351922
2025-06-16 05:41:02.939572+00:00,37.16956000630823
2025-06-16 05:41:03.609992+00:00,37.1638236722323
2025-06-16 05:41:04.430094+00:00,37.17538775702518
2025-06-16 05:41:05.357397+00:00,37.175433342060124
2025-06-16 05:41:06.594613+00:00,37.16364077611822
2025-06-16 05:41:07.265585+00:00,37.187043228675165
2025-06-16 05:41:10.701697+00:00,37.15785867887874
2025-06-16 05:41:11.043779+00:00,37.14037510715744
2025-06-16 05:41:11.444053+00:00,37.152030831566506
2025-06-16 05:41:12.475370+00:00,37.15198495779938
2025-06-16 05:41:16.698725+00:00,37.13450115585794
2025-06-16 05:41:21.669406+00:00,37.1401449627632
2025-06-16 05:41:22.140683+00:00,37.12275279036724
2025-06-16 05:41:22.960986+00:00,37.13454723006062
2025-06-16 05:41:24.052442+00:00,37.11683205855735
2025-06-16 05:41:25.318851+00:00,37.12275279036724
2025-06-16 05:41:26.584670+00:00,37.12839613030305
2025-06-16 05:41:27.028198+00:00,37.12252148262467
2025-06-16 05:41:28.556954+00:00,37.110957412508064
2025-06-16 05:41:32.553788+00:00,37.12252148262467
2025-06-16 05:41:35.114505+00:00,37.05845509923944
2025-06-16 05:41:37.355484+00:00,37.041064022696844
2025-06-16 05:41:40.698053+00:00,37.134316751605745
2025-06-16 05:41:41.975441+00:00,37.08195583062232
2025-06-16 05:41:42.895145+00:00,37.087690704890015
2025-06-16 05:41:43.096361+00:00,37.087690704890015
2025-06-16 05:41:43.321880+00:00,37.076127653800384
2025-06-16 05:41:44.183362+00:00,37.12858088775813
2025-06-16 05:41:44.624426+00:00,37.122614037954314
2025-06-16 05:41:45.952052+00:00,37.12275279036724
2025-06-16 05:41:46.282999+00:00,37.12266029950282
2025-06-16 05:41:46.882817+00:00,37.13427062368231
2025-06-16 05:41:47.610690+00:00,37.11100380768256
2025-06-16 05:41:48.392376+00:00,37.1110965657988
2025-06-16 05:41:50.152640+00:00,37.07025262566579
2025-06-16 05:41:51.391230+00:00,37.076080879231256
2025-06-16 05:41:52.619959+00:00,37.08787724716336
2025-06-16 05:41:53.096011+00:00,37.13450115585794
2025-06-16 05:41:56.004371+00:00,37.1287654733064
2025-06-16 05:41:56.413741+00:00,37.14028308163213
2025-06-16 05:41:59.255169+00:00,37.14028308163213
2025-06-16 05:42:00.091004+00:00,37.16354926359702
2025-06-16 05:42:03.875805+00:00,37.13450115585794
2025-06-16 05:42:07.352704+00:00,37.12275279036724
2025-06-16 05:42:07.904597+00:00,37.12858088775813
2025-06-16 05:42:11.127245+00:00,37.12275279036724
2025-06-16 05:42:13.243680+00:00,37.13454723006062
2025-06-16 05:42:14.133639+00:00,37.12867320202061
2025-06-16 05:42:14.377106+00:00,37.12867320202061
2025-06-16 05:42:18.686525+00:00,37.093705270499676
2025-06-16 05:42:22.064206+00:00,37.105454093175716
2025-06-16 05:42:24.121038+00:00,37.140421103803924
2025-06-16 05:42:24.414460+00:00,37.1287654733064
2025-06-16 05:42:25.115996+00:00,37.14624890416072
2025-06-16 05:42:25.861080+00:00,37.14615703374733
2025-06-16 05:42:27.155854+00:00,37.122937643165685
2025-06-16 05:42:28.601583+00:00,37.117109803097
2025-06-16 05:42:29.512902+00:00,37.12298382950482
2025-06-16 05:42:32.526267+00:00,37.169468670384994
2025-06-16 05:42:33.788294+00:00,37.15790447509041
2025-06-16 05:42:34.091454+00:00,37.15207669458955
2025-06-16 05:42:34.316722+00:00,37.151893178032914
2025-06-16 05:42:34.534679+00:00,37.15772122577941
2025-06-16 05:42:35.639740+00:00,37.146202974326066
2025-06-16 05:42:36.465760+00:00,37.14615703374733
2025-06-16 05:42:36.717193+00:00,37.12848853051895
2025-06-16 05:42:38.202551+00:00,37.12858088775813
2025-06-16 05:42:38.593008+00:00,37.12853471451063
2025-06-16 05:42:38.821450+00:00,37.14615703374733
2025-06-16 05:42:39.200145+00:00,37.12266029950282
2025-06-16 05:42:40.568871+00:00,37.13440897522015
2025-06-16 05:42:41.372060+00:00,37.12266029950282
2025-06-16 05:42:42.666956+00:00,37.11687837617452
2025-06-16 05:42:43.617582+00:00,37.116924683047465
2025-06-16 05:42:44.467756+00:00,37.087644042460816
2025-06-16 05:42:45.291280+00:00,37.09351899548215
2025-06-16 05:42:45.742250+00:00,37.09925420779786
2025-06-16 05:42:47.265807+00:00,37.110957412508064
2025-06-16 05:42:49.435289+00:00,37.110911006589305
2025-06-16 05:42:51.282134+00:00,37.06428357310858
2025-06-16 05:42:53.202374+00:00,37.06428357310858
2025-06-16 05:42:53.428911+00:00,37.04670380772182
2025-06-16 05:42:53.755710+00:00,37.05836105251169
2025-06-16 05:42:54.535400+00:00,37.06423662193215
2025-06-16 05:42:56.311816+00:00,37.070112037047934
2025-06-16 05:42:56.966507+00:00,37.05257953063344
2025-06-16 05:42:58.226274+00:00,37.06423662193215
2025-06-16 05:42:59.130761+00:00,37.05257953063344
2025-06-16 05:42:59.426352+00:00,37.0526266154405
2025-06-16 05:42:59.690837+00:00,37.06423662193215
2025-06-16 05:42:59.933017+00:00,37.06418966001126
2025-06-16 05:43:01.846383+00:00,37.087550685369365
2025-06-16 05:43:03.057544+00:00,37.09342579350746
2025-06-16 05:43:03.641917+00:00,37.06428357310858
2025-06-16 05:43:05.533528+00:00,37.0759404910575
2025-06-16 05:43:12.909238+00:00,37.040922399614665
2025-06-16 05:43:13.274419+00:00,37.05817283012247
2025-06-16 05:43:13.635450+00:00,37.04078067983156
2025-06-16 05:43:13.858715+00:00,37.035093819210246
2025-06-16 05:43:14.578404+00:00,37.05243821174525
2025-06-16 05:43:15.123763+00:00,37.046656634610045
2025-06-16 05:43:17.211767+00:00,37.04087517043151
2025-06-16 05:43:18.606759+00:00,37.029312580946865
2025-06-16 05:43:19.817924+00:00,37.02926522887581
2025-06-16 05:43:20.358332+00:00,37.01765550412131
2025-06-16 05:43:20.789369+00:00,37.02338919897912
2025-06-16 05:43:21.133172+00:00,37.029217866060165
2025-06-16 05:43:21.826793+00:00,37.023436628611364
2025-06-16 05:43:22.525156+00:00,37.04087517043151
2025-06-16 05:43:23.107397+00:00,37.04087517043151
2025-06-16 05:43:24.366849+00:00,37.023484047498975
2025-06-16 05:43:24.868099+00:00,37.02353145564198
2025-06-16 05:43:25.379358+00:00,37.04670380772182
2025-06-16 05:43:27.685980+00:00,37.035141104464955
2025-06-16 05:43:29.649889+00:00,37.0526266154405
2025-06-16 05:43:32.016187+00:00,37.087690704890015
2025-06-16 05:43:34.331724+00:00,37.07603409391773
2025-06-16 05:43:34.538692+00:00,37.064330513540575
2025-06-16 05:43:35.177529+00:00,37.064471270369864
2025-06-16 05:43:36.723024+00:00,37.07603409391773
2025-06-16 05:43:37.198250+00:00,37.06437744322811
2025-06-16 05:43:40.542470+00:00,37.09365871786178
2025-06-16 05:43:41.417198+00:00,37.087690704890015
2025-06-16 05:43:43.985189+00:00,37.09930074734356
2025-06-16 05:43:45.140114+00:00,37.11100380768256
2025-06-16 05:43:45.815584+00:00,37.093472399866975
2025-06-16 05:43:46.716131+00:00,37.087690704890015
2025-06-16 05:43:48.883541+00:00,37.05276780539473
2025-06-16 05:43:50.336875+00:00,37.06437744322811
2025-06-16 05:43:51.083541+00:00,37.06437744322811
2025-06-16 05:43:53.605225+00:00,37.081909122867614
2025-06-16 05:43:53.965640+00:00,37.087690704890015
2025-06-16 05:43:54.474357+00:00,37.111050192112806
2025-06-16 05:43:55.451669+00:00,37.076127653800384
2025-06-16 05:43:55.754127+00:00,37.08195583062232
2025-06-16 05:44:02.585991+00:00,37.064330513540575
2025-06-16 05:44:03.440249+00:00,37.07029946704956
2025-06-16 05:44:04.342003+00:00,37.05290889864857
2025-06-16 05:44:09.872199+00:00,37.1110965657988
2025-06-16 05:44:12.443148+00:00,37.08181567512509
2025-06-16 05:44:13.857752+00:00,37.08181567512509
2025-06-16 05:44:17.576153+00:00,37.087644042460816
2025-06-16 05:44:18.201341+00:00,37.08181567512509
2025-06-16 05:44:19.319646+00:00,37.09953328390756
2025-06-16 05:44:19.746589+00:00,37.081862404368536
2025-06-16 05:44:20.025248+00:00,37.087644042460816
2025-06-16 05:44:20.314374+00:00,37.087597369287266
2025-06-16 05:44:20.550465+00:00,37.081768935137276
2025-06-16 05:44:20.817733+00:00,37.09342579350746
2025-06-16 05:44:21.041747+00:00,37.09925420779786
2025-06-16 05:44:21.470127+00:00,37.10508261215848
2025-06-16 05:44:24.265518+00:00,37.09930074734356
2025-06-16 05:44:26.955712+00:00,37.11673939109035
2025-06-16 05:44:31.180668+00:00,37.07589367351079
2025-06-16 05:44:32.580787+00:00,37.07598729785981
2025-06-16 05:44:33.140999+00:00,37.08167542292851
2025-06-16 05:44:33.515059+00:00,37.07001825758059
2025-06-16 05:44:34.418554+00:00,37.087550685369365
2025-06-16 05:44:35.998577+00:00,37.058266962806044
2025-06-16 05:44:36.202941+00:00,37.06409570393614
2025-06-16 05:44:36.442733+00:00,37.05239108396019
2025-06-16 05:44:36.840719+00:00,37.058266962806044
2025-06-16 05:44:37.173341+00:00,37.05253243508187
2025-06-16 05:44:37.456463+00:00,37.06409570393614
2025-06-16 05:44:37.928559+00:00,37.064048709781886
2025-06-16 05:44:38.489878+00:00,37.058266962806044
2025-06-16 05:44:39.542497+00:00,37.02907571314564
2025-06-16 05:44:45.775056+00:00,36.96500575414941
2025-06-16 05:44:47.326993+00:00,36.98249242442117
2025-06-16 05:44:47.654530+00:00,36.98249242442117
2025-06-16 05:44:48.706156+00:00,36.988225558363894
2025-06-16 05:44:49.765652+00:00,37.017322878552875
2025-06-16 05:44:50.438193+00:00,36.9998357856774
2025-06-16 05:44:52.201713+00:00,36.988225558363894
2025-06-16 05:44:56.915277+00:00,36.94742232274964
2025-06-16 05:44:57.484252+00:00,36.95334792431475
2025-06-16 05:44:58.755258+00:00,36.96500575414941
2025-06-16 05:44:59.698729+00:00,36.96486133177915
2025-06-16 05:45:01.781066+00:00,36.94742232274964
2025-06-16 05:45:03.836496+00:00,36.9708346541707
2025-06-16 05:45:10.694460+00:00,37.03504652321096
2025-06-16 05:45:11.320826+00:00,37.00580784575372
2025-06-16 05:45:14.302662+00:00,37.017417968152806
2025-06-16 05:45:17.531880+00:00,37.01173183502631
2025-06-16 05:45:22.429669+00:00,37.029407252855194
2025-06-16 05:45:22.786290+00:00,37.04087517043151
2025-06-16 05:45:27.592789+00:00,37.07598729785981
2025-06-16 05:45:30.569329+00:00,37.05267368950307
2025-06-16 05:45:30.993403+00:00,37.087690704890015
2025-06-16 05:45:31.336779+00:00,37.064471270369864
2025-06-16 05:45:31.712418+00:00,37.07020577353759
2025-06-16 05:45:32.113433+00:00,37.064330513540575
2025-06-16 05:45:33.482673+00:00,37.05267368950307
2025-06-16 05:45:34.853277+00:00,37.05859608874752
2025-06-16 05:45:35.320102+00:00,37.07020577353759
2025-06-16 05:45:35.705684+00:00,37.06437744322811
2025-06-16 05:45:36.509633+00:00,37.07603409391773
2025-06-16 05:45:36.987110+00:00,37.076080879231256
2025-06-16 05:45:37.403253+00:00,37.07603409391773
2025-06-16 05:45:37.951577+00:00,37.07603409391773
2025-06-16 05:45:44.513897+00:00,37.07589367351079
2025-06-16 05:45:47.662063+00:00,37.0526266154405
2025-06-16 05:45:48.413553+00:00,37.0526266154405
2025-06-16 05:45:49.306398+00:00,37.07598729785981
2025-06-16 05:45:49.840786+00:00,37.04675097008906
2025-06-16 05:45:51.160810+00:00,37.029312580946865
2025-06-16 05:45:54.137986+00:00,36.99438897354184
2025-06-16 05:45:54.923390+00:00,37.023436628611364
2025-06-16 05:45:55.348633+00:00,37.029312580946865
2025-06-16 05:45:56.443521+00:00,37.02935992227332
2025-06-16 05:46:04.565081+00:00,37.029217866060165
2025-06-16 05:46:05.161683+00:00,37.03504652321096
2025-06-16 05:46:05.745345+00:00,37.01756052196784
2025-06-16 05:46:07.903256+00:00,37.04096961805326
2025-06-16 05:46:09.285706+00:00,37.04087517043151
2025-06-16 05:46:10.698189+00:00,37.040827930503816
2025-06-16 05:46:12.236167+00:00,37.03495189897867
2025-06-16 05:46:12.520997+00:00,37.03485723176808
2025-06-16 05:46:13.122007+00:00,37.04068614625341
2025-06-16 05:46:14.861580+00:00,37.029217866060165
2025-06-16 05:46:15.552881+00:00,37.0174654968358
2025-06-16 05:46:15.972694+00:00,37.023246845614686
2025-06-16 05:46:16.291115+00:00,37.029028307351595
2025-06-16 05:46:16.936256+00:00,37.029028307351595
2025-06-16 05:46:19.704463+00:00,37.017370428725165
2025-06-16 05:46:20.530125+00:00,36.99400673485614
2025-06-16 05:46:20.743975+00:00,37.023104395548614
2025-06-16 05:46:21.072039+00:00,37.01149385752576
2025-06-16 05:46:21.847340+00:00,37.01154147451522
2025-06-16 05:46:23.738275+00:00,37.023104395548614
2025-06-16 05:46:24.179055+00:00,37.01144622979163
2025-06-16 05:46:25.613529+00:00,36.99969246933563
2025-06-16 05:46:27.279042+00:00,36.976375404643484
2025-06-16 05:46:28.586958+00:00,36.9531064984467
2025-06-16 05:46:33.752680+00:00,36.9587909684253
2025-06-16 05:46:35.740922+00:00,36.9587909684253
2025-06-16 05:46:37.882577+00:00,36.976279272145625
2025-06-16 05:46:39.104205+00:00,36.976327343766975
2025-06-16 05:46:40.130502+00:00,36.9587909684253
2025-06-16 05:46:41.883733+00:00,36.91788706689716
2025-06-16 05:46:42.154078+00:00,36.912008570411885
2025-06-16 05:46:43.700069+00:00,36.91205740928868
2025-06-16 05:46:44.184097+00:00,36.90627663670034
2025-06-16 05:46:44.534909+00:00,36.90622774174723
2025-06-16 05:46:44.738685+00:00,36.90622774174723
2025-06-16 05:46:45.834418+00:00,36.90617883604899
2025-06-16 05:46:46.647942+00:00,36.935327408531485
2025-06-16 05:46:48.721117+00:00,36.92366800933809
2025-06-16 05:46:49.955225+00:00,36.912008570411885
2025-06-16 05:46:52.046258+00:00,36.92366800933809
2025-06-16 05:46:54.193513+00:00,36.91769191420438
2025-06-16 05:46:54.621302+00:00,36.91769191420438
2025-06-16 05:46:55.345891+00:00,36.92366800933809
2025-06-16 05:46:55.678791+00:00,36.92940040483867
2025-06-16 05:46:56.110049+00:00,36.92352182916401
2025-06-16 05:46:56.312297+00:00,36.9002021097222
2025-06-16 05:46:56.520651+00:00,36.91764309916848
2025-06-16 05:46:58.266617+00:00,36.9002021097222
2025-06-16 05:46:59.269545+00:00,36.90603205448348
2025-06-16 05:46:59.520717+00:00,36.911715311503855
2025-06-16 05:47:08.274887+00:00,36.83009251336897
2025-06-16 05:47:12.387200+00:00,36.81255161034622
2025-06-16 05:47:12.586995+00:00,36.82426223899295
2025-06-16 05:47:12.870747+00:00,36.84175303231731
2025-06-16 05:47:13.113350+00:00,36.81245147792764
2025-06-16 05:47:13.329246+00:00,36.82994293228487
2025-06-16 05:47:13.598468+00:00,36.83582320148232
2025-06-16 05:47:16.121241+00:00,36.8299928033917
2025-06-16 05:47:18.770079+00:00,36.81828197264863
2025-06-16 05:47:19.231398+00:00,36.80667111167899
2025-06-16 05:47:19.881901+00:00,36.7891293996912
2025-06-16 05:47:20.843622+00:00,36.8066209732714
2025-06-16 05:47:22.497289+00:00,36.77168827605931
2025-06-16 05:47:23.237670+00:00,36.80667111167899
2025-06-16 05:47:23.516760+00:00,36.81245147792764
2025-06-16 05:47:23.768768+00:00,36.81235130252693
2025-06-16 05:47:24.084967+00:00,36.77751877350015
2025-06-16 05:47:24.361823+00:00,36.783248438836324
2025-06-16 05:47:24.755344+00:00,36.79495993415318
2025-06-16 05:47:26.457919+00:00,36.771637736693755
2025-06-16 05:47:28.682138+00:00,36.771637736693755
2025-06-16 05:47:33.941498+00:00,36.748416982875405
2025-06-16 05:47:38.268936+00:00,36.77756923529312
2025-06-16 05:47:39.137060+00:00,36.795160957916906
2025-06-16 05:47:40.142764+00:00,36.80682146242843
2025-06-16 05:47:42.585698+00:00,36.85336392920841
2025-06-16 05:47:43.986790+00:00,36.83592277781042
2025-06-16 05:47:50.162230+00:00,36.800890858401026
2025-06-16 05:47:50.638069+00:00,36.8299928033917
2025-06-16 05:47:51.899984+00:00,36.824162395366045
2025-06-16 05:47:52.235018+00:00,36.82426223899295
2025-06-16 05:47:53.287690+00:00,36.78350041366803
2025-06-16 05:47:53.781280+00:00,36.79506046752624
2025-06-16 05:47:53.990493+00:00,36.8067713562575
2025-06-16 05:47:54.202724+00:00,36.7891293996912
2025-06-16 05:47:54.399835+00:00,36.79506046752624
2025-06-16 05:47:57.003801+00:00,36.78345004019298
2025-06-16 05:47:57.264966+00:00,36.79506046752624
2025-06-16 05:47:57.727690+00:00,36.77767012664208
2025-06-16 05:47:59.297408+00:00,36.771839829681795
2025-06-16 05:48:00.532704+00:00,36.77767012664208
2025-06-16 05:48:03.324419+00:00,36.76017920595821
2025-06-16 05:48:04.520517+00:00,36.771890326064565
2025-06-16 05:48:05.787511+00:00,36.771789322553325
2025-06-16 05:48:06.617323+00:00,36.77194081170165
2025-06-16 05:48:07.257798+00:00,36.76600952278717
2025-06-16 05:48:07.620982+00:00,36.78360112838118
2025-06-16 05:48:11.824329+00:00,36.79521118699384
2025-06-16 05:48:13.249227+00:00,36.812701728382635
2025-06-16 05:48:13.851118+00:00,36.795160957916906
2025-06-16 05:48:14.276004+00:00,36.80114166965627
2025-06-16 05:48:14.511177+00:00,36.80687155785381
2025-06-16 05:48:15.814760+00:00,36.78938098666269
2025-06-16 05:48:18.495743+00:00,36.83024199774398
2025-06-16 05:48:19.844739+00:00,36.87678365501319
2025-06-16 05:48:20.487211+00:00,36.847682542939225
2025-06-16 05:48:21.352808+00:00,36.871052236907566
2025-06-16 05:48:22.308033+00:00,36.86512338892578
2025-06-16 05:48:24.632769+00:00,36.87678365501319
2025-06-16 05:48:25.242179+00:00,36.876832948548355
2025-06-16 05:48:26.876877+00:00,36.86507395099921
2025-06-16 05:48:27.257973+00:00,36.85929324098057
2025-06-16 05:48:28.911933+00:00,36.876832948548355
2025-06-16 05:48:31.493817+00:00,36.85346308310101
2025-06-16 05:48:32.518997+00:00,36.84758327688964
2025-06-16 05:48:33.012361+00:00,36.86507395099921
2025-06-16 05:48:35.407001+00:00,36.85924373623058
2025-06-16 05:48:37.305499+00:00,36.84170331635032
2025-06-16 05:48:42.080017+00:00,36.80074024270098
2025-06-16 05:48:42.312505+00:00,36.7891293996912
2025-06-16 05:48:42.720396+00:00,36.77746830096148
2025-06-16 05:48:43.047293+00:00,36.7891293996912
2025-06-16 05:48:43.452479+00:00,36.75997657835256
2025-06-16 05:48:44.589081+00:00,36.76600952278717
2025-06-16 05:48:44.896184+00:00,36.7715871865825
2025-06-16 05:48:46.201113+00:00,36.75997657835256
2025-06-16 05:48:47.226396+00:00,36.74243388207714
2025-06-16 05:48:47.749056+00:00,36.7424847663264
2025-06-16 05:48:49.802641+00:00,36.73087451579293
2025-06-16 05:48:50.738155+00:00,36.76575654555237
2025-06-16 05:48:53.825281+00:00,36.7424847663264
2025-06-16 05:48:56.722295+00:00,36.71916221119806
2025-06-16 05:48:57.960415+00:00,36.71328032918488
2025-06-16 05:48:59.915383+00:00,36.73665414244719
2025-06-16 05:49:02.285982+00:00,36.72499286488301
2025-06-16 05:49:06.099886+00:00,36.74836618694579
2025-06-16 05:49:12.069852+00:00,36.75992589458678
2025-06-16 05:49:16.164741+00:00,36.748416982875405
2025-06-16 05:49:18.724835+00:00,36.75424745322854
2025-06-16 05:49:20.508998+00:00,36.7424847663264
2025-06-16 05:49:21.643230+00:00,36.71921335201593
2025-06-16 05:49:23.543355+00:00,36.74836618694579
2025-06-16 05:49:23.793393+00:00,36.73087451579293
2025-06-16 05:49:24.984292+00:00,36.742586502587486
2025-06-16 05:49:25.942024+00:00,36.77168827605931
2025-06-16 05:49:27.496079+00:00,36.76580716249079
2025-06-16 05:49:29.486141+00:00,36.77741781767715
2025-06-16 05:49:30.506109+00:00,36.78907905006002
2025-06-16 05:49:34.934822+00:00,36.75399370026161
2025-06-16 05:49:35.496185+00:00,36.73655222954623
2025-06-16 05:49:35.969670+00:00,36.73655222954623
2025-06-16 05:49:36.750645+00:00,36.73650125697697
2025-06-16 05:49:38.474220+00:00,36.713229100045965
2025-06-16 05:49:41.479404+00:00,36.70151610213759
2025-06-16 05:49:42.582019+00:00,36.71895754046742
2025-06-16 05:49:42.949733+00:00,36.72494178014821
2025-06-16 05:49:44.293076+00:00,36.72483957844089
2025-06-16 05:49:46.217310+00:00,36.72483957844089
2025-06-16 05:49:48.176644+00:00,36.73056831164364
2025-06-16 05:49:49.151840+00:00,36.71900872426897
2025-06-16 05:49:49.860876+00:00,36.701413322811526
2025-06-16 05:49:50.071438+00:00,36.71312660953029
2025-06-16 05:49:51.226205+00:00,36.6780891528909
2025-06-16 05:49:51.560083+00:00,36.6780891528909
2025-06-16 05:49:54.436562+00:00,36.6605440475216
2025-06-16 05:49:55.346370+00:00,36.66647880433156
2025-06-16 05:49:56.257076+00:00,36.67220634563549
2025-06-16 05:49:58.388134+00:00,36.6780891528909
2025-06-16 05:49:59.057834+00:00,36.67210283352852
2025-06-16 05:50:04.446717+00:00,36.66637520154685
2025-06-16 05:50:04.916584+00:00,36.666427008312276
2025-06-16 05:50:06.379239+00:00,36.67225808556978
2025-06-16 05:50:07.521189+00:00,36.67798579593803
2025-06-16 05:50:11.553217+00:00,36.66621971677366
2025-06-16 05:50:12.801518+00:00,36.61962097603525
2025-06-16 05:50:14.029751+00:00,36.63138812834614
2025-06-16 05:50:15.147102+00:00,36.63133590984283
2025-06-16 05:50:16.413484+00:00,36.61962097603525
2025-06-16 05:50:16.776325+00:00,36.62540002645407
2025-06-16 05:50:19.722710+00:00,36.61378960885066
2025-06-16 05:50:20.207308+00:00,36.642946345402926
2025-06-16 05:50:26.146643+00:00,36.648777662902184
2025-06-16 05:50:26.644653+00:00,36.64289423907195
2025-06-16 05:50:30.334292+00:00,36.648777662902184
2025-06-16 05:50:31.892530+00:00,36.654660932385156
2025-06-16 05:50:33.361914+00:00,36.61956860237351
2025-06-16 05:50:35.110545+00:00,36.654660932385156
2025-06-16 05:50:39.304215+00:00,36.61373716835567
2025-06-16 05:50:43.700227+00:00,36.63701066089367
2025-06-16 05:50:45.220368+00:00,36.642946345402926
2025-06-16 05:50:46.268051+00:00,36.63128368059323
2025-06-16 05:50:48.462073+00:00,36.57291685198649
2025-06-16 05:50:50.331962+00:00,36.61967333895063
2025-06-16 05:50:51.161955+00:00,36.61967333895063
2025-06-16 05:50:52.197028+00:00,36.60207427050809
2025-06-16 05:50:52.908951+00:00,36.61378960885066
2025-06-16 05:50:53.316883+00:00,36.60212684467027
2025-06-16 05:50:56.415808+00:00,36.648777662902184
2025-06-16 05:50:59.136105+00:00,36.67783067991294
2025-06-16 05:51:00.882773+00:00,36.671999278437035
2025-06-16 05:51:03.025156+00:00,36.666116006527425
2025-06-16 05:51:04.913511+00:00,36.63102237315067
2025-06-16 05:51:05.606707+00:00,36.648517357945536
2025-06-16 05:51:06.845703+00:00,36.63102237315067
2025-06-16 05:51:08.419239+00:00,36.5843158146862
2025-06-16 05:51:12.261125+00:00,36.584368643083366
2025-06-16 05:51:17.142162+00:00,36.543439504281785
2025-06-16 05:51:17.450443+00:00,36.543439504281785
2025-06-16 05:51:18.562701+00:00,36.525890063556126
2025-06-16 05:51:21.091337+00:00,36.52000440685048
2025-06-16 05:51:21.318181+00:00,36.52578299481927
2025-06-16 05:51:21.524092+00:00,36.52578299481927
2025-06-16 05:51:21.770412+00:00,36.53739393728168
2025-06-16 05:51:22.192688+00:00,36.53744735409665
2025-06-16 05:51:22.397499+00:00,36.520058002682624
2025-06-16 05:51:23.574849+00:00,36.51406491162145
2025-06-16 05:51:25.414590+00:00,36.537554155486475
2025-06-16 05:51:26.141820+00:00,36.537554155486475
2025-06-16 05:51:26.716760+00:00,36.5491649460123
2025-06-16 05:51:27.001139+00:00,36.53744735409665
2025-06-16 05:51:27.344312+00:00,36.53739393728168
2025-06-16 05:51:27.695769+00:00,36.549111673616665
2025-06-16 05:51:27.947027+00:00,36.53161517942763
2025-06-16 05:51:28.984375+00:00,36.543332858058164
2025-06-16 05:51:29.719819+00:00,36.53750076016491
2025-06-16 05:51:30.735089+00:00,36.560882220080515
2025-06-16 05:51:32.860210+00:00,36.6074852789023
2025-06-16 05:51:34.499389+00:00,36.584157265015676
2025-06-16 05:51:34.806419+00:00,36.57249319843768
2025-06-16 05:51:37.698931+00:00,36.60738006006363
2025-06-16 05:51:39.371770+00:00,36.5491649460123
2025-06-16 05:51:45.424328+00:00,36.53760754006132
2025-06-16 05:51:46.685660+00:00,36.519950800271566
2025-06-16 05:51:48.308226+00:00,36.53161517942763
2025-06-16 05:51:50.891375+00:00,36.519950800271566
2025-06-16 05:51:51.675718+00:00,36.519950800271566
2025-06-16 05:51:52.231075+00:00,36.51406491162145
2025-06-16 05:51:52.386252+00:00,36.5198435548734
2025-06-16 05:51:54.000896+00:00,36.52578299481927
2025-06-16 05:51:59.638849+00:00,36.5315082013776
2025-06-16 05:51:59.901557+00:00,36.53728707141162
2025-06-16 05:52:00.201280+00:00,36.53145469623248
2025-06-16 05:52:00.602838+00:00,36.531347653702014
2025-06-16 05:52:01.592846+00:00,36.531401180340616
2025-06-16 05:52:04.356851+00:00,36.49640631949998
2025-06-16 05:52:09.010634+00:00,36.48468722502339
2025-06-16 05:52:10.209872+00:00,36.49068176466643
2025-06-16 05:52:12.540735+00:00,36.478800487779615
2025-06-16 05:52:13.950871+00:00,36.46135677211257
2025-06-16 05:52:14.253054+00:00,36.455578529571085
2025-06-16 05:52:16.571940+00:00,36.48479533695849
2025-06-16 05:52:17.350940+00:00,36.47896287231913
2025-06-16 05:52:18.740293+00:00,36.455524134033666
2025-06-16 05:52:19.606536+00:00,36.46141110081025
2025-06-16 05:52:22.098764+00:00,36.4554697277492
2025-06-16 05:52:23.228696+00:00,36.473022018448944
2025-06-16 05:52:24.339655+00:00,36.4554697277492
2025-06-16 05:52:25.372983+00:00,36.4379169357967
2025-06-16 05:52:26.068785+00:00,36.44380428808974
2025-06-16 05:52:26.714299+00:00,36.420418471407324
2025-06-16 05:52:27.388846+00:00,36.4145307343987
2025-06-16 05:52:28.058516+00:00,36.4203636425851
2025-06-16 05:52:28.978760+00:00,36.4203636425851
2025-06-16 05:52:29.353760+00:00,36.431974723247144
2025-06-16 05:52:31.206345+00:00,36.42014421982409
2025-06-16 05:52:32.950424+00:00,36.39097824264215
2025-06-16 05:52:33.434145+00:00,36.385034439410504
2025-06-16 05:52:33.998001+00:00,36.39097824264215
2025-06-16 05:52:34.282513+00:00,36.39681145796269
2025-06-16 05:52:36.153692+00:00,36.396701147363885
2025-06-16 05:52:37.976084+00:00,36.39081256009559
2025-06-16 05:52:39.780844+00:00,36.396701147363885
2025-06-16 05:52:40.105015+00:00,36.38492381845199
2025-06-16 05:52:40.850595+00:00,36.367423280893924
2025-06-16 05:52:42.956222+00:00,36.367423280893924
2025-06-16 05:52:47.762790+00:00,36.30903131382964
2025-06-16 05:52:49.451896+00:00,36.32653235021365
2025-06-16 05:52:50.837822+00:00,36.32647634442563
2025-06-16 05:52:51.688917+00:00,36.338255519437496
2025-06-16 05:52:51.949944+00:00,36.33219816005021
2025-06-16 05:52:52.151212+00:00,36.332142188864445
2025-06-16 05:52:55.423866+00:00,36.3381437859888
2025-06-16 05:52:57.072942+00:00,36.308975107505084
2025-06-16 05:52:58.240996+00:00,36.33236600912189
2025-06-16 05:52:59.879949+00:00,36.308975107505084
2025-06-16 05:53:03.816874+00:00,36.32047432634309
2025-06-16 05:53:10.407497+00:00,36.36125602343472
2025-06-16 05:53:11.116781+00:00,36.37881324118506
2025-06-16 05:53:12.296857+00:00,36.37875779400473
2025-06-16 05:53:14.000188+00:00,36.3728128201361
2025-06-16 05:53:14.208161+00:00,36.36703436528772
2025-06-16 05:53:15.790658+00:00,36.30280347725273
2025-06-16 05:53:16.550961+00:00,36.285131238697275
2025-06-16 05:53:19.344790+00:00,36.238455704833356
2025-06-16 05:53:20.504255+00:00,36.23262121834567
2025-06-16 05:53:20.690550+00:00,36.22667221182597
2025-06-16 05:53:21.509894+00:00,36.22684396083369
2025-06-16 05:53:22.730074+00:00,36.22678672191251
2025-06-16 05:53:23.154465+00:00,36.22678672191251
2025-06-16 05:53:23.446427+00:00,36.220780233733706
2025-06-16 05:53:23.689618+00:00,36.22661494066062
2025-06-16 05:53:24.123267+00:00,36.21494551686063
2025-06-16 05:53:24.400405+00:00,36.21494551686063
2025-06-16 05:53:25.495373+00:00,36.23839858886222
2025-06-16 05:53:25.719959+00:00,36.232506841957495
2025-06-16 05:53:25.971449+00:00,36.24995366890656
2025-06-16 05:53:26.414250+00:00,36.25573137843313
2025-06-16 05:53:28.570860+00:00,36.24995366890656
2025-06-16 05:53:29.964187+00:00,36.25584526302417
2025-06-16 05:53:31.473050+00:00,36.261566092531126
2025-06-16 05:53:33.182373+00:00,36.22060815520077
2025-06-16 05:53:33.624814+00:00,36.20899581436823
2025-06-16 05:53:34.207637+00:00,36.22644306267615
2025-06-16 05:53:34.550430+00:00,36.22049338243835
2025-06-16 05:53:35.486404+00:00,36.208938310409444
2025-06-16 05:53:38.317855+00:00,36.21477323777853
2025-06-16 05:53:38.635664+00:00,36.232220712896385
2025-06-16 05:53:39.470103+00:00,36.22043597993498
2025-06-16 05:53:41.288813+00:00,36.2555034802757
2025-06-16 05:53:47.982979+00:00,36.20876573404422
2025-06-16 05:53:48.882514+00:00,36.19698007631072
2025-06-16 05:53:51.465119+00:00,36.22014880619662
2025-06-16 05:53:51.799420+00:00,36.23193431513407
2025-06-16 05:53:52.000646+00:00,36.22615638440729
2025-06-16 05:53:52.283898+00:00,36.20275772252799
2025-06-16 05:53:52.584674+00:00,36.19686466126532
2025-06-16 05:53:52.861513+00:00,36.19686466126532
2025-06-16 05:53:53.177731+00:00,36.17930043172702
2025-06-16 05:53:53.471032+00:00,36.18519380098706
2025-06-16 05:53:53.778662+00:00,36.18519380098706
2025-06-16 05:53:54.991334+00:00,36.173580881216495
2025-06-16 05:53:55.408163+00:00,36.173580881216495
2025-06-16 05:53:56.764368+00:00,36.161793836295686
2025-06-16 05:53:56.972573+00:00,36.15023922909939
2025-06-16 05:53:57.656705+00:00,36.15006445372485
2025-06-16 05:53:58.067673+00:00,36.12683890268909
2025-06-16 05:53:58.321408+00:00,36.13261597827002
2025-06-16 05:53:58.534665+00:00,36.115050473744375
2025-06-16 05:54:00.961900+00:00,36.12088616194671
2025-06-16 05:54:02.019457+00:00,36.11499179266965
2025-06-16 05:54:08.306265+00:00,36.08551763018448
2025-06-16 05:54:08.932940+00:00,36.07962233446216
2025-06-16 05:54:09.717136+00:00,36.08551763018448
2025-06-16 05:54:11.411521+00:00,36.09141277149737
2025-06-16 05:54:12.153224+00:00,36.07956317701855
2025-06-16 05:54:13.030925+00:00,36.04448570229464
2025-06-16 05:54:14.258682+00:00,36.03876854466877
2025-06-16 05:54:14.744384+00:00,36.0094070563048
2025-06-16 05:54:18.702105+00:00,35.99177699316096
2025-06-16 05:54:21.336224+00:00,35.95104115035848
2025-06-16 05:54:22.004028+00:00,35.96855102662972
2025-06-16 05:54:22.705183+00:00,35.96271441115715
2025-06-16 05:54:24.008054+00:00,36.0094070563048
2025-06-16 05:54:25.079673+00:00,35.98594028377485
2025-06-16 05:54:27.112594+00:00,36.00934706433166
2025-06-16 05:54:29.658439+00:00,35.997553545407094
2025-06-16 05:54:30.348169+00:00,35.985880002868406
2025-06-16 05:54:30.807158+00:00,35.985880002868406
2025-06-16 05:54:32.015034+00:00,35.96830912218697
2025-06-16 05:54:34.470460+00:00,35.95079844359232
2025-06-16 05:54:36.168690+00:00,35.9740855590239
2025-06-16 05:54:37.737647+00:00,35.980043216671284
2025-06-16 05:54:39.519046+00:00,35.97402511215094
2025-06-16 05:54:43.781279+00:00,35.96830912218697
2025-06-16 05:54:44.009339+00:00,35.93900292277972
2025-06-16 05:54:44.231637+00:00,35.95079844359232
2025-06-16 05:54:45.466562+00:00,35.94483997922294
2025-06-16 05:54:47.247365+00:00,35.94490076039775
2025-06-16 05:54:52.579822+00:00,35.90969509433805
2025-06-16 05:54:53.417104+00:00,35.89193758960754
2025-06-16 05:54:54.913390+00:00,35.86852561546957
2025-06-16 05:54:56.211951+00:00,35.891814662499655
2025-06-16 05:54:56.770168+00:00,35.868463879086306
2025-06-16 05:54:57.018954+00:00,35.868463879086306
2025-06-16 05:54:57.252895+00:00,35.88591543503629
2025-06-16 05:54:57.621102+00:00,35.868340374070854
2025-06-16 05:54:59.353535+00:00,35.8508267808032
2025-06-16 05:55:00.446268+00:00,35.87995441823757
2025-06-16 05:55:01.646138+00:00,35.856664655180566
2025-06-16 05:55:02.263271+00:00,35.839151002184
2025-06-16 05:55:04.756343+00:00,35.780520360817555
2025-06-16 05:55:05.337156+00:00,35.79213419258678
2025-06-16 05:55:08.803189+00:00,35.78604477585869
2025-06-16 05:55:11.060264+00:00,35.750949849933505
2025-06-16 05:55:16.774305+00:00,35.669078522236696
2025-06-16 05:55:22.388771+00:00,35.668950169183375
2025-06-16 05:55:27.241545+00:00,35.668885976530945
2025-06-16 05:55:28.613875+00:00,35.67466102605642
2025-06-16 05:55:29.487752+00:00,35.680628397593594
2025-06-16 05:55:37.677400+00:00,35.68037209745729
2025-06-16 05:55:38.202754+00:00,35.680628397593594
2025-06-16 05:55:38.630417+00:00,35.68050026902637
2025-06-16 05:55:39.679695+00:00,35.680692445751504
2025-06-16 05:55:42.536591+00:00,35.66875755897455
2025-06-16 05:55:45.576816+00:00,35.6395608105912
2025-06-16 05:55:46.029659+00:00,35.65714323739579
2025-06-16 05:55:47.422010+00:00,35.66291822921526
2025-06-16 05:55:47.813240+00:00,35.65123953982061
2025-06-16 05:55:49.805625+00:00,35.674789288367485
2025-06-16 05:55:53.414692+00:00,35.65707888949728
2025-06-16 05:55:54.873514+00:00,35.645464661829735
2025-06-16 05:55:55.215634+00:00,35.668821773128
2025-06-16 05:55:55.509937+00:00,35.645335687790144
2025-06-16 05:55:57.326132+00:00,35.63359216800372
2025-06-16 05:55:58.753027+00:00,35.63372143103846
2025-06-16 05:55:59.409641+00:00,35.65117511429863
2025-06-16 05:56:00.484226+00:00,35.66285393743885
2025-06-16 05:56:02.026336+00:00,35.68037209745729
2025-06-16 05:56:03.644836+00:00,35.668693334070575
2025-06-16 05:56:04.016382+00:00,35.691986852841424
2025-06-16 05:56:04.563726+00:00,35.668693334070575
2025-06-16 05:56:05.096679+00:00,35.65104623100288
2025-06-16 05:56:06.062371+00:00,35.63372143103846
2025-06-16 05:56:09.586898+00:00,35.57519648725153
2025-06-16 05:56:09.963600+00:00,35.55767758882256
2025-06-16 05:56:12.479104+00:00,35.56935686440102
2025-06-16 05:56:13.227237+00:00,35.58687570307514
2025-06-16 05:56:14.084099+00:00,35.551772352196515
2025-06-16 05:56:14.802424+00:00,35.575000505822196
2025-06-16 05:56:16.779818+00:00,35.55170675754741
2025-06-16 05:56:18.026686+00:00,35.56961828996491
2025-06-16 05:56:18.710721+00:00,35.56338632055102
2025-06-16 05:56:18.994223+00:00,35.55170675754741
2025-06-16 05:56:19.655629+00:00,35.539961415550835
2025-06-16 05:56:20.625517+00:00,35.539961415550835
2025-06-16 05:56:20.859319+00:00,35.533989887995396
2025-06-16 05:56:26.233921+00:00,35.53989566564522
2025-06-16 05:56:27.119243+00:00,35.52814986104198
2025-06-16 05:56:27.469528+00:00,35.53982990498852
2025-06-16 05:56:28.247938+00:00,35.49908202372875
2025-06-16 05:56:29.357283+00:00,35.504921966725675
2025-06-16 05:56:31.795547+00:00,35.51653580542276
2025-06-16 05:56:32.182727+00:00,35.52237578541846
2025-06-16 05:56:32.552837+00:00,35.48726939348015
2025-06-16 05:56:32.996230+00:00,35.49310949015554
2025-06-16 05:56:33.826467+00:00,35.5164697772543
2025-06-16 05:56:37.349666+00:00,35.545538492209566
2025-06-16 05:56:38.850581+00:00,35.52211187575084
2025-06-16 05:56:39.117333+00:00,35.48707024128249
2025-06-16 05:56:40.425376+00:00,35.48136284665021
2025-06-16 05:56:40.916779+00:00,35.481030484408976
2025-06-16 05:56:41.407901+00:00,35.47552266317434
2025-06-16 05:56:42.352922+00:00,35.46968246973797
2025-06-16 05:56:46.220255+00:00,35.44605412296425
2025-06-16 05:56:46.520896+00:00,35.434373091474335
2025-06-16 05:56:47.257195+00:00,35.43417197222725
2025-06-16 05:56:49.136384+00:00,35.50439245629544
2025-06-16 05:56:49.375413+00:00,35.45760158091229
2025-06-16 05:56:51.150526+00:00,35.47518996653323
2025-06-16 05:56:51.677264+00:00,35.469216151019275
2025-06-16 05:56:52.375545+00:00,35.46928280023326
2025-06-16 05:56:56.903529+00:00,35.43410491097514
2025-06-16 05:56:57.784338+00:00,35.43417197222725
2025-06-16 05:56:59.138485+00:00,35.43403783897149
2025-06-16 05:57:02.530341+00:00,35.422490499599725
2025-06-16 05:57:03.286328+00:00,35.39912743479942
2025-06-16 05:57:03.676892+00:00,35.416582486444256
2025-06-16 05:57:08.086513+00:00,35.43403783897149
2025-06-16 05:57:10.791491+00:00,35.48096397970672
2025-06-16 05:57:11.669080+00:00,35.45753479793702
2025-06-16 05:57:12.497138+00:00,35.47518996653323
2025-06-16 05:57:14.385457+00:00,35.46337547945921
2025-06-16 05:57:15.717790+00:00,35.43403783897149
2025-06-16 05:57:18.982806+00:00,35.40483341386302
2025-06-16 05:57:19.967638+00:00,35.42235609881578
2025-06-16 05:57:20.987482+00:00,35.42235609881578
2025-06-16 05:57:22.441780+00:00,35.4457864775174
2025-06-16 05:57:24.439729+00:00,35.451627245845025
2025-06-16 05:57:24.733331+00:00,35.43410491097514
2025-06-16 05:57:26.109861+00:00,35.451627245845025
2025-06-16 05:57:28.925250+00:00,35.451627245845025
2025-06-16 05:57:30.237516+00:00,35.434239022727816
2025-06-16 05:57:31.959647+00:00,35.416784239885075
2025-06-16 05:57:34.440872+00:00,35.45189462376708
2025-06-16 05:57:35.166493+00:00,35.434440109720285
2025-06-16 05:57:36.924856+00:00,35.423228935173185
2025-06-16 05:57:40.425791+00:00,35.46954928957526
2025-06-16 05:57:41.042575+00:00,35.45800205298367
2025-06-16 05:57:41.368301+00:00,35.48136284665021
2025-06-16 05:57:43.465899+00:00,35.50472348094856
2025-06-16 05:57:44.100380+00:00,35.51056361462187
2025-06-16 05:57:45.684579+00:00,35.5282157554541
2025-06-16 05:57:49.932330+00:00,35.539698351421904
2025-06-16 05:57:51.016452+00:00,35.54566991202137
2025-06-16 05:57:52.397573+00:00,35.557546544029016
2025-06-16 05:57:53.858370+00:00,35.55761207180128
2025-06-16 05:57:55.590973+00:00,35.54606391343161
2025-06-16 05:57:59.738070+00:00,35.604394452116935
2025-06-16 05:58:02.008875+00:00,35.616138405863964
2025-06-16 05:58:06.225089+00:00,35.63949625132274
2025-06-16 05:58:08.126269+00:00,35.63949625132274
2025-06-16 05:58:09.201433+00:00,35.633786046429826
2025-06-16 05:58:11.034955+00:00,35.62197788216704
2025-06-16 05:58:11.741971+00:00,35.62197788216704
2025-06-16 05:58:12.255594+00:00,35.61600872008346
2025-06-16 05:58:13.348780+00:00,35.65714323739579
2025-06-16 05:58:13.708033+00:00,35.63372143103846
2025-06-16 05:58:14.024807+00:00,35.63359216800372
2025-06-16 05:58:14.253322+00:00,35.63943168130364
2025-06-16 05:58:15.848101+00:00,35.60445942338107
2025-06-16 05:58:20.008031+00:00,35.62204264205691
2025-06-16 05:58:21.388637+00:00,35.645335687790144
2025-06-16 05:58:23.660757+00:00,35.61036381324061
2025-06-16 05:58:24.738997+00:00,35.62801139530665
2025-06-16 05:58:25.241208+00:00,35.645464661829735
2025-06-16 05:58:26.684281+00:00,35.63372143103846
2025-06-16 05:58:26.890206+00:00,35.61620323262811
2025-06-16 05:58:27.126674+00:00,35.633656804896425
2025-06-16 05:58:27.313593+00:00,35.6395608105912
2025-06-16 05:58:28.330556+00:00,35.651303954591995
2025-06-16 05:58:34.249770+00:00,35.668821773128
2025-06-16 05:58:34.584643+00:00,35.65714323739579
2025-06-16 05:58:34.824138+00:00,35.65707888949728
2025-06-16 05:58:34.967825+00:00,35.645464661829735
2025-06-16 05:58:35.328064+00:00,35.645271184644415
2025-06-16 05:58:36.597590+00:00,35.62184833013512
2025-06-16 05:58:38.899063+00:00,35.62178353799308
2025-06-16 05:58:41.116832+00:00,35.633656804896425
2025-06-16 05:58:42.171831+00:00,35.61587899129995
2025-06-16 05:58:42.505657+00:00,35.598294618997485
2025-06-16 05:58:42.780411+00:00,35.598229527104245
2025-06-16 05:58:43.348112+00:00,35.59809931106529
2025-06-16 05:58:44.398673+00:00,35.557284325429954
2025-06-16 05:58:45.242744+00:00,35.55144427144073
2025-06-16 05:58:46.883068+00:00,35.53976413358075
2025-06-16 05:58:47.227022+00:00,35.528083955878735
2025-06-16 05:58:48.169809+00:00,35.52814986104198
2025-06-16 05:58:48.596757+00:00,35.53392404971
2025-06-16 05:58:49.725496+00:00,35.57480442763455
2025-06-16 05:58:51.649326+00:00,35.56916068234321
2025-06-16 05:58:52.050246+00:00,35.574935157177244
2025-06-16 05:58:52.797339+00:00,35.586614908007476
2025-06-16 05:58:54.905346+00:00,35.56332084890439
2025-06-16 05:58:55.693377+00:00,35.586680122900695
2025-06-16 05:58:57.789467+00:00,35.59842477053146
2025-06-16 05:59:00.334936+00:00,35.598619917201255
2025-06-16 05:59:04.178802+00:00,35.598619917201255
2025-06-16 05:59:14.000978+00:00,35.62768793022742
2025-06-16 05:59:14.223503+00:00,35.62178353799308
2025-06-16 05:59:15.044935+00:00,35.62775264474465
2025-06-16 05:59:19.792323+00:00,35.59265018028305
2025-06-16 05:59:20.109794+00:00,35.62178353799308
2025-06-16 05:59:21.613938+00:00,35.6395608105912
2025-06-16 05:59:21.863490+00:00,35.645335687790144
2025-06-16 05:59:22.077838+00:00,35.62775264474465
2025-06-16 05:59:22.590352+00:00,35.63352752036034
2025-06-16 05:59:23.463471+00:00,35.60452438389443
2025-06-16 05:59:25.840221+00:00,35.59258505376705
2025-06-16 05:59:26.088757+00:00,35.59848983017221
2025-06-16 05:59:26.398476+00:00,35.59848983017221
2025-06-16 05:59:26.731300+00:00,35.61600872008346
2025-06-16 05:59:27.518106+00:00,35.627817348511186
2025-06-16 05:59:28.478063+00:00,35.62197788216704
2025-06-16 05:59:28.720865+00:00,35.62184833013512
2025-06-16 05:59:28.956048+00:00,35.61010417418147
2025-06-16 05:59:29.289390+00:00,35.61016910007241
2025-06-16 05:59:29.540811+00:00,35.61003923753975
2025-06-16 05:59:29.914980+00:00,35.575000505822196
2025-06-16 05:59:30.797064+00:00,35.61016910007241
2025-06-16 05:59:34.093679+00:00,35.627817348511186
2025-06-16 05:59:34.822194+00:00,35.633656804896425
2025-06-16 05:59:36.348559+00:00,35.61023401521258
2025-06-16 05:59:37.216564+00:00,35.61023401521258
2025-06-16 05:59:39.776405+00:00,35.63949625132274
2025-06-16 05:59:41.122307+00:00,35.61626804864151
2025-06-16 05:59:42.505094+00:00,35.62197788216704
2025-06-16 05:59:43.997291+00:00,35.633656804896425
2025-06-16 05:59:46.381539+00:00,35.61600872008346
2025-06-16 05:59:48.122721+00:00,35.604394452116935
2025-06-16 05:59:49.313251+00:00,35.63352752036034
2025-06-16 05:59:49.959830+00:00,35.62191311152644
2025-06-16 05:59:50.246366+00:00,35.633656804896425
2025-06-16 05:59:50.589006+00:00,35.63352752036034
2025-06-16 05:59:51.355886+00:00,35.61600872008346
2025-06-16 05:59:52.951314+00:00,35.62775264474465
2025-06-16 05:59:53.619596+00:00,35.62191311152644
2025-06-16 05:59:53.921557+00:00,35.61607356834908
2025-06-16 05:59:55.474824+00:00,35.62768793022742
2025-06-16 05:59:57.530735+00:00,35.598619917201255
2025-06-16 05:59:57.860825+00:00,35.61029891960198
2025-06-16 05:59:58.141234+00:00,35.64520667074807
2025-06-16 06:00:02.614494+00:00,35.5810361001429
2025-06-16 06:00:04.072349+00:00,35.61029891960198
2025-06-16 06:00:07.079805+00:00,35.62788204152703
2025-06-16 06:00:07.439275+00:00,35.622107391196074
2025-06-16 06:00:08.821078+00:00,35.616138405863964
2025-06-16 06:00:09.729126+00:00,35.62788204152703
2025-06-16 06:00:12.137357+00:00,35.63372143103846
2025-06-16 06:00:14.556586+00:00,35.58681052043452
2025-06-16 06:00:17.138498+00:00,35.58097085062661
2025-06-16 06:00:17.540791+00:00,35.59835970013988
2025-06-16 06:00:18.656091+00:00,35.575000505822196
2025-06-16 06:00:19.492272+00:00,35.621718735100316
2025-06-16 06:00:21.962661+00:00,35.57513117085934
2025-06-16 06:00:23.418284+00:00,35.61003923753975
2025-06-16 06:00:24.939099+00:00,35.58084031934136
2025-06-16 06:00:25.491175+00:00,35.5925199165002
2025-06-16 06:00:25.924316+00:00,35.586680122900695
2025-06-16 06:00:28.066346+00:00,35.58681052043452
2025-06-16 06:00:31.009866+00:00,35.56916068234321
2025-06-16 06:00:32.269268+00:00,35.59265018028305
2025-06-16 06:00:35.573395+00:00,35.57513117085934
2025-06-16 06:00:36.871632+00:00,35.55734989620622
2025-06-16 06:00:38.421998+00:00,35.51036523272014
2025-06-16 06:00:41.797168+00:00,35.5338582006735
2025-06-16 06:00:43.234521+00:00,35.527754268795505
2025-06-16 06:00:44.043107+00:00,35.53366058905734
2025-06-16 06:00:46.092258+00:00,35.50439245629544
2025-06-16 06:00:48.199419+00:00,35.52191383061297
2025-06-16 06:00:54.718297+00:00,35.48693741939418
2025-06-16 06:00:56.699241+00:00,35.47538961677197
2025-06-16 06:00:57.608720+00:00,35.49894957687065
2025-06-16 06:00:57.876559+00:00,35.47538961677197
2025-06-16 06:00:58.344103+00:00,35.481229934007715
2025-06-16 06:00:58.578510+00:00,35.48713663609968
2025-06-16 06:00:58.795903+00:00,35.475323077443754
2025-06-16 06:00:59.045388+00:00,35.49861827157851
2025-06-16 06:00:59.279743+00:00,35.4985519782663
2025-06-16 06:00:59.505093+00:00,35.45753479793702
2025-06-16 06:00:59.708343+00:00,35.49841935938807
2025-06-16 06:00:59.958542+00:00,35.48083093804817
2025-06-16 06:01:00.421801+00:00,35.48096397970672
2025-06-16 06:01:01.080077+00:00,35.475256527364174
2025-06-16 06:01:01.712621+00:00,35.446121007447246
2025-06-16 06:01:03.737443+00:00,35.46364227932873
2025-06-16 06:01:08.221761+00:00,35.42215441700288
2025-06-16 06:01:14.749404+00:00,35.35762992417687
2025-06-16 06:01:16.321547+00:00,35.36924492616201
2025-06-16 06:01:16.870080+00:00,35.37535766883912
2025-06-16 06:01:17.405087+00:00,35.38099567575493
2025-06-16 06:01:19.183950+00:00,35.35756189667514
2025-06-16 06:01:21.483853+00:00,35.316807960245455
2025-06-16 06:01:23.277682+00:00,35.299077444262664
2025-06-16 06:01:23.772552+00:00,35.299077444262664
2025-06-16 06:01:26.604304+00:00,35.30485047953921
2025-06-16 06:01:29.829216+00:00,35.31653395593237
2025-06-16 06:01:33.024696+00:00,35.30478181780701
2025-06-16 06:01:35.069275+00:00,35.30471314532268
2025-06-16 06:01:36.364752+00:00,35.26973074814459
2025-06-16 06:01:38.429281+00:00,35.24622447558173
2025-06-16 06:01:39.331116+00:00,35.26375057617106
2025-06-16 06:01:41.076696+00:00,35.26938527156556
2025-06-16 06:01:42.044061+00:00,35.26361224100982
2025-06-16 06:01:44.120318+00:00,35.263473862839355
2025-06-16 06:01:44.285441+00:00,35.24010463856077
2025-06-16 06:01:44.544134+00:00,35.257631571719365
2025-06-16 06:01:46.863137+00:00,35.28106967019657
2025-06-16 06:01:48.644554+00:00,35.26945438838592
2025-06-16 06:01:50.869819+00:00,35.26368141396659
2025-06-16 06:01:52.457954+00:00,35.245946959580074
2025-06-16 06:01:53.543363+00:00,35.26361224100982
2025-06-16 06:01:55.164182+00:00,35.27550361107812
2025-06-16 06:01:57.521807+00:00,35.26952349445399
2025-06-16 06:01:58.748264+00:00,35.2872563278186
2025-06-16 06:02:01.612679+00:00,35.29880250828064
2025-06-16 06:02:02.493649+00:00,35.29316696328669
2025-06-16 06:02:05.616285+00:00,35.32828577589973
2025-06-16 06:02:06.731441+00:00,35.3516522618464
2025-06-16 06:02:13.533087+00:00,35.293442037792616
2025-06-16 06:02:15.608849+00:00,35.322649415948845
2025-06-16 06:02:15.970942+00:00,35.32862753178732
2025-06-16 06:02:18.260690+00:00,35.36381101882399
2025-06-16 06:02:18.685037+00:00,35.340378310981
2025-06-16 06:02:18.896578+00:00,35.34635573044532
2025-06-16 06:02:19.096872+00:00,35.357969900407255
2025-06-16 06:02:19.402325+00:00,35.3403101258311
2025-06-16 06:02:20.692989+00:00,35.37549322576841
2025-06-16 06:02:21.404033+00:00,35.36965212727771
2025-06-16 06:02:22.811359+00:00,35.381537368399485
2025-06-16 06:02:23.350831+00:00,35.40469856877669
2025-06-16 06:02:23.568083+00:00,35.41638063623888
2025-06-16 06:02:24.822288+00:00,35.39301646146243
2025-06-16 06:02:33.964686+00:00,35.48089746425312
2025-06-16 06:02:34.305920+00:00,35.46928280023326
2025-06-16 06:02:34.560176+00:00,35.47505681261725
2025-06-16 06:02:34.875142+00:00,35.46330875261329
2025-06-16 06:02:35.166136+00:00,35.46337547945921
2025-06-16 06:02:35.418167+00:00,35.445853405006346
2025-06-16 06:02:37.013469+00:00,35.45773511460849
2025-06-16 06:02:37.329956+00:00,35.46928280023326
2025-06-16 06:02:37.801262+00:00,35.44007967721675
2025-06-16 06:02:38.568345+00:00,35.46344219555371
2025-06-16 06:02:39.587710+00:00,35.44598722772977
2025-06-16 06:02:41.760105+00:00,35.46344219555371
2025-06-16 06:02:42.386762+00:00,35.469349438695836
2025-06-16 06:02:42.669771+00:00,35.48687099232306
2025-06-16 06:02:43.129065+00:00,35.48096397970672
2025-06-16 06:02:48.152214+00:00,35.45753479793702
2025-06-16 06:02:49.546472+00:00,35.457401199732175
2025-06-16 06:02:50.157892+00:00,35.46317526666718
2025-06-16 06:02:50.860336+00:00,35.46337547945921
2025-06-16 06:02:53.215977+00:00,35.439744651607064
2025-06-16 06:02:54.677347+00:00,35.43987869410551
2025-06-16 06:02:54.885216+00:00,35.43410491097514
2025-06-16 06:02:55.103992+00:00,35.38717539286077
2025-06-16 06:02:57.592632+00:00,35.39899249895363
2025-06-16 06:02:59.293751+00:00,35.381402009749
2025-06-16 06:02:59.541828+00:00,35.38717539286077
2025-06-16 06:03:01.374774+00:00,35.41074165834263
2025-06-16 06:03:03.708802+00:00,35.416582486444256
2025-06-16 06:03:04.052355+00:00,35.410674318809825
2025-06-16 06:03:04.410542+00:00,35.39912743479942
2025-06-16 06:03:06.152440+00:00,35.416582486444256
2025-06-16 06:03:09.109486+00:00,35.43403783897149
2025-06-16 06:03:11.109951+00:00,35.416515213794085
2025-06-16 06:03:15.226095+00:00,35.3694485751031
2025-06-16 06:03:15.585231+00:00,35.39281371189558
2025-06-16 06:03:15.934341+00:00,35.39879001454723
2025-06-16 06:03:16.772433+00:00,35.39872249824169
2025-06-16 06:03:18.376220+00:00,35.398587433375496
2025-06-16 06:03:18.627278+00:00,35.39274610720317
2025-06-16 06:03:18.860949+00:00,35.398587433375496
2025-06-16 06:03:22.100555+00:00,35.381063424966726
2025-06-16 06:03:23.037652+00:00,35.392881305836255
2025-06-16 06:03:23.665811+00:00,35.39872249824169
2025-06-16 06:03:26.683668+00:00,35.41040485316215
2025-06-16 06:03:26.891815+00:00,35.42195263842555
2025-06-16 06:03:27.160085+00:00,35.39281371189558
2025-06-16 06:03:27.393011+00:00,35.40442874958391
2025-06-16 06:03:27.634846+00:00,35.39865497118445
2025-06-16 06:03:27.952944+00:00,35.427861118173304
2025-06-16 06:03:30.185557+00:00,35.410606968525386
2025-06-16 06:03:32.033784+00:00,35.42215441700288
2025-06-16 06:03:34.252470+00:00,35.40456368068366
2025-06-16 06:03:36.933169+00:00,35.36971995649893
2025-06-16 06:03:38.071634+00:00,35.363675194357
2025-06-16 06:03:43.142918+00:00,35.37535766883912
2025-06-16 06:03:43.534917+00:00,35.357833942170735
2025-06-16 06:03:43.751025+00:00,35.36374311196642
2025-06-16 06:03:45.185495+00:00,35.36381101882399
2025-06-16 06:03:47.141311+00:00,35.39899249895363
2025-06-16 06:03:50.891347+00:00,35.387107753539944
2025-06-16 06:03:51.245120+00:00,35.38724302142985
2025-06-16 06:03:53.126794+00:00,35.381334314296105
2025-06-16 06:03:53.793968+00:00,35.37549322576841
2025-06-16 06:03:54.855177+00:00,35.34628763368473
2025-06-16 06:03:58.816045+00:00,35.328559202113816
2025-06-16 06:03:59.125422+00:00,35.328559202113816
2025-06-16 06:03:59.384793+00:00,35.33433229746384
2025-06-16 06:04:00.107392+00:00,35.33446883379094
2025-06-16 06:04:01.673796+00:00,35.316807960245455
2025-06-16 06:04:02.132774+00:00,35.305125018946896
2025-06-16 06:04:03.574034+00:00,35.3049191305193
2025-06-16 06:04:04.390882+00:00,35.29330452204398
2025-06-16 06:04:09.401763+00:00,35.32244412950154
2025-06-16 06:04:09.800003+00:00,35.34581065530665
2025-06-16 06:04:12.090317+00:00,35.3284225105108
2025-06-16 06:04:13.275284+00:00,35.33405909578583
2025-06-16 06:04:16.108729+00:00,35.31619120861951
2025-06-16 06:04:16.500153+00:00,35.316259779586225
2025-06-16 06:04:17.981158+00:00,35.27550361107812
2025-06-16 06:04:20.725042+00:00,35.245877553698705
2025-06-16 06:04:21.129365+00:00,35.24601635470905
2025-06-16 06:04:21.633783+00:00,35.25770083306972
2025-06-16 06:04:21.940650+00:00,35.25185859887249
2025-06-16 06:04:22.349912+00:00,35.269247005668
2025-06-16 06:04:22.775415+00:00,35.25749301676166
2025-06-16 06:04:24.105375+00:00,35.25756229961667
2025-06-16 06:04:25.007823+00:00,35.245738709678825
2025-06-16 06:04:25.699815+00:00,35.22229885742357
2025-06-16 06:04:26.879871+00:00,35.21061359056113
2025-06-16 06:04:28.566673+00:00,35.2165260015656
2025-06-16 06:04:31.400525+00:00,35.198858299813786
2025-06-16 06:04:34.532855+00:00,35.15211613905354
2025-06-16 06:04:34.933207+00:00,35.15197506848572
2025-06-16 06:04:35.702973+00:00,35.16971484257125
2025-06-16 06:04:36.656483+00:00,35.15204560914602
2025-06-16 06:04:37.750351+00:00,35.14028916104562
2025-06-16 06:04:39.491901+00:00,35.1519045170726
2025-06-16 06:04:42.008715+00:00,35.14592023257138
2025-06-16 06:04:43.265481+00:00,35.145990872383635
2025-06-16 06:04:43.708039+00:00,35.13423390383204
2025-06-16 06:04:43.908252+00:00,35.12254753521785
2025-06-16 06:04:44.188879+00:00,35.11649134858968
2025-06-16 06:04:45.115387+00:00,35.12240568818159
2025-06-16 06:04:47.156147+00:00,35.12853239474495
2025-06-16 06:04:49.943584+00:00,35.14007707318606
2025-06-16 06:04:51.028763+00:00,35.15183395490669
2025-06-16 06:04:52.416895+00:00,35.13444619237354
2025-06-16 06:04:53.074759+00:00,35.14606150144307
2025-06-16 06:04:54.020216+00:00,35.16929277042552
2025-06-16 06:04:57.713238+00:00,35.140147779892104
2025-06-16 06:04:57.948918+00:00,35.14613211974968
2025-06-16 06:05:00.421277+00:00,35.14028916104562
2025-06-16 06:05:02.124866+00:00,35.1519045170726
2025-06-16 06:05:06.075877+00:00,35.16366093605369
2025-06-16 06:05:06.411125+00:00,35.16373134292774
2025-06-16 06:05:07.503873+00:00,35.16373134292774
2025-06-16 06:05:08.149194+00:00,35.18133006428548
2025-06-16 06:05:11.866201+00:00,35.193015564605254
2025-06-16 06:05:21.176062+00:00,35.198998257092256
2025-06-16 06:05:23.132189+00:00,35.19336571161481
2025-06-16 06:05:24.765903+00:00,35.187453226109184
2025-06-16 06:05:30.673375+00:00,35.17555755075755
2025-06-16 06:05:31.024751+00:00,35.18147042291487
2025-06-16 06:05:33.214163+00:00,35.17562779158817
2025-06-16 06:05:34.032010+00:00,35.163801739049035
2025-06-16 06:05:34.839712+00:00,35.116704335957685
2025-06-16 06:05:35.199271+00:00,35.12817813850904
2025-06-16 06:05:35.580274+00:00,35.1221928369802
2025-06-16 06:05:39.934430+00:00,35.14627332410444
2025-06-16 06:05:40.327504+00:00,35.151622203892146
2025-06-16 06:05:41.845065+00:00,35.14584958200629
2025-06-16 06:05:43.596998+00:00,35.11649134858968
2025-06-16 06:05:43.780769+00:00,35.11642033129443
2025-06-16 06:05:44.667157+00:00,35.10473336770723
2025-06-16 06:05:49.230422+00:00,35.11050575954239
2025-06-16 06:05:49.923164+00:00,35.10473336770723
2025-06-16 06:05:51.074782+00:00,35.09297506861181
2025-06-16 06:05:52.173471+00:00,35.08727419932687
2025-06-16 06:05:53.307848+00:00,35.08128789147549
2025-06-16 06:05:55.474695+00:00,35.07544428795256
2025-06-16 06:05:56.357733+00:00,35.08128789147549
2025-06-16 06:05:57.339892+00:00,35.09290376222899
2025-06-16 06:05:58.237548+00:00,35.09874740273812
2025-06-16 06:05:59.617113+00:00,35.09318892324185
2025-06-16 06:06:00.836360+00:00,35.116562355131975
2025-06-16 06:06:02.361216+00:00,35.116633350921305
2025-06-16 06:06:03.930955+00:00,35.11079007479749
2025-06-16 06:06:05.646634+00:00,35.10494678870474
2025-06-16 06:06:07.413012+00:00,35.099317017549616
2025-06-16 06:06:09.872401+00:00,35.14007707318606
2025-06-16 06:06:11.004998+00:00,35.12254753521785
2025-06-16 06:06:11.496222+00:00,35.11677531024111
2025-06-16 06:06:12.482081+00:00,35.13430467743208
2025-06-16 06:06:13.024756+00:00,35.116704335957685
2025-06-16 06:06:21.217408+00:00,35.10480451879274
2025-06-16 06:06:21.642343+00:00,35.093046364241545
2025-06-16 06:06:21.903072+00:00,35.081073538691165
2025-06-16 06:06:22.847877+00:00,35.09290376222899
2025-06-16 06:06:23.147696+00:00,35.09290376222899
2025-06-16 06:06:23.457569+00:00,35.08713148502857
2025-06-16 06:06:23.698307+00:00,35.06354209614263
2025-06-16 06:06:23.909328+00:00,35.08114500037238
2025-06-16 06:06:25.573363+00:00,35.05769826201873
2025-06-16 06:06:26.482062+00:00,35.02840686733004
2025-06-16 06:06:27.432659+00:00,35.022490754321325
2025-06-16 06:06:33.839807+00:00,34.98114633234206
2025-06-16 06:06:35.839421+00:00,34.95762229941747
2025-06-16 06:06:36.282061+00:00,34.9633211254103
2025-06-16 06:06:38.198666+00:00,34.99276275832131
2025-06-16 06:06:40.680252+00:00,34.97522906079192
2025-06-16 06:06:41.049224+00:00,34.969384475003615
2025-06-16 06:06:41.340860+00:00,34.98691820245077
2025-06-16 06:06:41.657390+00:00,34.96324818595886
2025-06-16 06:06:41.932001+00:00,34.99254500799835
2025-06-16 06:06:42.158573+00:00,34.99860730421928
2025-06-16 06:06:42.440263+00:00,34.98670025142728
2025-06-16 06:06:42.732833+00:00,34.98085548488294
2025-06-16 06:06:43.178944+00:00,34.98684556286315
2025-06-16 06:06:43.682075+00:00,34.98691820245077
2025-06-16 06:06:44.716958+00:00,34.969384475003615
2025-06-16 06:06:47.369718+00:00,34.95762229941747
2025-06-16 06:06:49.281401+00:00,34.90487261223904
2025-06-16 06:06:49.530385+00:00,34.91656239465945
2025-06-16 06:06:53.100645+00:00,34.934096993490535
2025-06-16 06:06:53.449457+00:00,34.928252137186774
2025-06-16 06:06:53.723049+00:00,34.94016139647332
2025-06-16 06:06:55.449433+00:00,34.928545393100954
2025-06-16 06:06:59.233296+00:00,34.93446320198664
2025-06-16 06:06:59.856572+00:00,34.94038085634192
2025-06-16 06:07:00.169184+00:00,34.951996707528714
2025-06-16 06:07:00.470355+00:00,34.9519236880428
2025-06-16 06:07:03.579590+00:00,34.969530123321626
2025-06-16 06:07:08.532497+00:00,35.010658064737754
2025-06-16 06:07:10.322294+00:00,35.022274233311904
2025-06-16 06:07:11.383975+00:00,35.00481387328192
2025-06-16 06:07:12.779134+00:00,35.022346417735086
2025-06-16 06:07:13.432704+00:00,35.02241859140489
2025-06-16 06:07:13.673684+00:00,35.02833478206558
2025-06-16 06:07:14.057294+00:00,35.02826268604776
2025-06-16 06:07:14.259044+00:00,35.022490754321325
2025-06-16 06:07:14.868358+00:00,35.02840686733004
2025-06-16 06:07:19.062273+00:00,35.004741488161386
2025-06-16 06:07:19.733059+00:00,35.004741488161386
2025-06-16 06:07:21.564079+00:00,35.01073037220551
2025-06-16 06:07:24.639542+00:00,35.022274233311904
2025-06-16 06:07:25.304334+00:00,35.01073037220551
2025-06-16 06:07:26.871508+00:00,34.98136435502395
2025-06-16 06:07:27.790988+00:00,34.96375853629235
2025-06-16 06:07:28.006718+00:00,34.97544731643616
2025-06-16 06:07:34.200260+00:00,34.9515584293078
2025-06-16 06:07:34.491072+00:00,34.96324818595886
2025-06-16 06:07:34.689641+00:00,34.9515584293078
2025-06-16 06:07:35.971356+00:00,34.9516315025622
2025-06-16 06:07:36.239193+00:00,34.945786676178244
2025-06-16 06:07:38.000766+00:00,34.910496851458475
2025-06-16 06:07:38.321715+00:00,34.91064396686396
2025-06-16 06:07:39.963518+00:00,34.863735796930555
2025-06-16 06:07:40.976348+00:00,34.84612592712788
2025-06-16 06:07:41.397060+00:00,34.8578164442586
2025-06-16 06:07:41.936586+00:00,34.85766806004991
2025-06-16 06:07:42.310531+00:00,34.863513437464704
2025-06-16 06:07:44.631026+00:00,34.863290981212025
2025-06-16 06:07:45.631912+00:00,34.834062990803666
2025-06-16 06:07:45.986282+00:00,34.839983039297415
2025-06-16 06:07:48.337148+00:00,34.845828580448284
2025-06-16 06:07:49.031057+00:00,34.851451189413346
2025-06-16 06:07:49.914280+00:00,34.82237172481309
2025-06-16 06:07:51.412826+00:00,34.79913885999506
2025-06-16 06:07:51.688711+00:00,34.75799367070387
2025-06-16 06:07:52.273001+00:00,34.78145197962347
2025-06-16 06:07:54.170210+00:00,34.793068408795506
2025-06-16 06:07:54.873289+00:00,34.79314338526853
2025-06-16 06:07:55.657073+00:00,34.81060564317143
2025-06-16 06:07:57.964338+00:00,34.82806820198455
2025-06-16 06:08:00.093169+00:00,34.82821736279604
2025-06-16 06:08:02.725280+00:00,34.82806820198455
2025-06-16 06:08:04.146914+00:00,34.84575421689297
2025-06-16 06:08:07.219169+00:00,34.82229708287764
2025-06-16 06:08:07.809556+00:00,34.78707252502671
2025-06-16 06:08:08.168341+00:00,34.798764312169794
2025-06-16 06:08:10.779348+00:00,34.83391396380541
2025-06-16 06:08:12.901919+00:00,34.8221477667439
2025-06-16 06:08:15.074238+00:00,34.81038125139608
2025-06-16 06:08:18.909895+00:00,34.79831449988486
2025-06-16 06:08:19.653139+00:00,34.79254327236097
2025-06-16 06:08:20.829149+00:00,34.76923359948222
2025-06-16 06:08:22.120083+00:00,34.728082551724185
2025-06-16 06:08:22.607757+00:00,34.745773128191686
2025-06-16 06:08:25.206091+00:00,34.75161943113285
2025-06-16 06:08:28.303276+00:00,34.775079795605755
2025-06-16 06:08:29.622802+00:00,34.76331200708374
2025-06-16 06:08:30.226853+00:00,34.76331200708374
2025-06-16 06:08:31.567107+00:00,34.763462768925265
2025-06-16 06:08:34.286544+00:00,34.792843414850026
2025-06-16 06:08:35.332043+00:00,34.80468505494334
2025-06-16 06:08:36.337259+00:00,34.81045605940886
2025-06-16 06:08:37.284552+00:00,34.798914163563026
2025-06-16 06:08:39.130911+00:00,34.82237172481309
2025-06-16 06:08:40.200429+00:00,34.834062990803666
2025-06-16 06:08:42.258370+00:00,34.886894847377505
2025-06-16 06:08:43.521763+00:00,34.88097556924592
2025-06-16 06:08:44.439180+00:00,34.86358756804074
2025-06-16 06:08:44.939682+00:00,34.88112343972257
2025-06-16 06:08:46.035683+00:00,34.863809895244344
2025-06-16 06:08:47.226349+00:00,34.875278159136364
2025-06-16 06:08:47.775557+00:00,34.8695069214926
2025-06-16 06:08:48.678993+00:00,34.86943286857576
2025-06-16 06:08:49.287544+00:00,34.88719023468105
2025-06-16 06:08:49.903818+00:00,34.904578113814274
2025-06-16 06:08:50.545963+00:00,34.89296153081515
2025-06-16 06:08:51.382432+00:00,34.89296153081515
2025-06-16 06:08:53.262790+00:00,34.86388398280403
2025-06-16 06:08:54.214336+00:00,34.88134516478246
2025-06-16 06:08:56.505711+00:00,34.87550008491014
2025-06-16 06:08:59.537122+00:00,34.863809895244344
2025-06-16 06:08:59.731590+00:00,34.8578164442586
2025-06-16 06:08:59.945024+00:00,34.85789062023178
2025-06-16 06:09:01.243926+00:00,34.86980302561938
2025-06-16 06:09:03.375694+00:00,34.88726405462197
2025-06-16 06:09:06.560549+00:00,34.88141905162773
2025-06-16 06:09:12.396155+00:00,34.86987702476594
2025-06-16 06:09:13.723357+00:00,34.875574038660005
2025-06-16 06:09:13.908201+00:00,34.88149292771901
2025-06-16 06:09:14.286482+00:00,34.86972901571877
2025-06-16 06:09:15.503717+00:00,34.86958096365538
2025-06-16 06:09:19.356804+00:00,34.86972901571877
2025-06-16 06:09:20.333808+00:00,34.88726405462197
2025-06-16 06:09:20.684281+00:00,34.86958096365538
2025-06-16 06:09:26.736011+00:00,34.822744773176275
2025-06-16 06:09:29.093930+00:00,34.863513437464704
2025-06-16 06:09:32.327490+00:00,34.851822672660475
2025-06-16 06:09:34.251912+00:00,34.86336514405034
2025-06-16 06:09:34.875441+00:00,34.851748397519344
2025-06-16 06:09:35.828592+00:00,34.87513015485033
2025-06-16 06:09:39.845206+00:00,34.875352145148334
2025-06-16 06:09:40.656092+00:00,34.88097556924592
2025-06-16 06:09:45.647781+00:00,34.89888034455705
2025-06-16 06:09:45.932098+00:00,34.904651754551324
2025-06-16 06:09:46.527995+00:00,34.91634193839168
2025-06-16 06:09:47.841422+00:00,34.92803208233624
2025-06-16 06:09:49.102494+00:00,34.898806647670206
2025-06-16 06:09:50.985436+00:00,34.9515584293078
2025-06-16 06:09:53.793771+00:00,34.97508350326112
2025-06-16 06:09:54.327115+00:00,34.9518506578032
2025-06-16 06:09:55.215929+00:00,34.9518506578032
2025-06-16 06:09:55.585641+00:00,34.951996707528714
2025-06-16 06:09:55.817221+00:00,34.957768236847365
2025-06-16 06:09:57.612203+00:00,34.97522906079192
2025-06-16 06:09:58.850723+00:00,34.98691820245077
2025-06-16 06:10:04.431890+00:00,34.97522906079192
2025-06-16 06:10:04.831204+00:00,34.957768236847365
2025-06-16 06:10:10.113081+00:00,34.93972218638497
2025-06-16 06:10:12.015587+00:00,34.91064396686396
2025-06-16 06:10:12.357940+00:00,34.89310904764271
2025-06-16 06:10:13.802826+00:00,34.89296153081515
2025-06-16 06:10:14.826979+00:00,34.88711640398614
2025-06-16 06:10:16.604165+00:00,34.89865922163474
2025-06-16 06:10:19.608708+00:00,34.886968710334365
2025-06-16 06:10:21.156562+00:00,34.88112343972257
2025-06-16 06:10:22.581771+00:00,34.85766806004991
2025-06-16 06:10:24.507228+00:00,34.85766806004991
2025-06-16 06:10:26.627472+00:00,34.85189693704747
2025-06-16 06:10:28.747701+00:00,34.85766806004991
2025-06-16 06:10:31.973808+00:00,34.91619491377722
2025-06-16 06:10:32.323575+00:00,34.91042327762492
2025-06-16 06:10:33.135248+00:00,34.9045044623233
2025-06-16 06:10:34.639751+00:00,34.89288775627043
2025-06-16 06:10:38.722251+00:00,34.91064396686396
2025-06-16 06:10:40.124713+00:00,34.91648891999071
2025-06-16 06:10:40.580371+00:00,34.910496851458475
2025-06-16 06:10:41.041100+00:00,34.934023719529996
2025-06-16 06:10:41.992312+00:00,34.934023719529996
2025-06-16 06:10:42.360521+00:00,34.9341702566973
2025-06-16 06:10:43.764166+00:00,34.93986863276276
2025-06-16 06:10:47.281230+00:00,34.951777616809885
2025-06-16 06:10:48.710582+00:00,34.96361277567958
2025-06-16 06:10:49.867316+00:00,34.97544731643616
2025-06-16 06:10:51.067888+00:00,34.975592766431056
2025-06-16 06:10:52.331026+00:00,34.98728123908573
2025-06-16 06:10:52.935761+00:00,35.004741488161386
2025-06-16 06:10:53.223031+00:00,34.98143700774411
2025-06-16 06:10:54.099685+00:00,35.010658064737754
2025-06-16 06:10:55.755168+00:00,35.01073037220551
2025-06-16 06:10:56.713385+00:00,34.999042113121256
2025-06-16 06:10:58.133891+00:00,34.993052941536014
2025-06-16 06:10:58.985071+00:00,34.96390425389059
2025-06-16 06:11:00.613802+00:00,34.969821290914304
2025-06-16 06:11:02.263983+00:00,35.01073037220551
2025-06-16 06:11:04.275957+00:00,35.01058574651657
2025-06-16 06:11:05.859995+00:00,35.004741488161386
2025-06-16 06:11:06.502814+00:00,34.97537457530833
2025-06-16 06:11:07.201093+00:00,34.98136435502395
2025-06-16 06:11:07.817472+00:00,34.9755200468104
2025-06-16 06:11:08.269537+00:00,34.99889721983454
2025-06-16 06:11:08.698271+00:00,34.9755200468104
2025-06-16 06:11:09.256263+00:00,34.97544731643616
2025-06-16 06:11:09.655382+00:00,34.96974851514654
2025-06-16 06:11:11.537216+00:00,34.98720865326582
2025-06-16 06:11:12.708388+00:00,34.963831400468294
2025-06-16 06:11:15.515241+00:00,34.952069716260944
2025-06-16 06:11:17.755368+00:00,34.95784118943181
2025-06-16 06:11:18.880580+00:00,34.9518506578032
2025-06-16 06:11:19.634024+00:00,34.957768236847365
2025-06-16 06:11:21.834491+00:00,34.981219017322914
2025-06-16 06:11:22.840453+00:00,34.987063449365365
2025-06-16 06:11:23.449521+00:00,34.98114633234206
2025-06-16 06:11:23.609064+00:00,34.98100093011964
2025-06-16 06:11:24.090900+00:00,34.95784118943181
2025-06-16 06:11:26.820278+00:00,34.95754931457201
2025-06-16 06:11:29.505989+00:00,34.951777616809885
2025-06-16 06:11:32.482085+00:00,34.95170456506289
2025-06-16 06:11:35.567558+00:00,34.945786676178244
2025-06-16 06:11:37.659121+00:00,34.93424350915028
2025-06-16 06:11:40.093002+00:00,34.94023456051659
2025-06-16 06:11:40.517308+00:00,34.946152215653484
2025-06-16 06:11:41.304280+00:00,34.951996707528714
2025-06-16 06:11:42.524689+00:00,34.98699083128484
2025-06-16 06:11:43.461275+00:00,34.981219017322914
2025-06-16 06:11:44.362479+00:00,34.99889721983454
2025-06-16 06:11:45.371070+00:00,34.98720865326582
2025-06-16 06:11:49.692491+00:00,35.00488624764899
2025-06-16 06:11:49.991563+00:00,35.01671893566793
2025-06-16 06:11:50.453934+00:00,34.993270466035185
2025-06-16 06:11:51.046393+00:00,34.99918696339406
2025-06-16 06:11:51.574456+00:00,35.0167911439764
2025-06-16 06:11:51.925097+00:00,35.03439482267722
2025-06-16 06:11:55.275009+00:00,35.08143073956612
2025-06-16 06:11:56.218967+00:00,35.09311764911823
2025-06-16 06:11:56.553216+00:00,35.08720284755426
2025-06-16 06:11:57.350565+00:00,35.098961088940186
2025-06-16 06:11:58.674609+00:00,35.0873455403464
2025-06-16 06:12:04.555057+00:00,35.14021847584529
2025-06-16 06:12:05.862802+00:00,35.1519045170726
2025-06-16 06:12:07.770560+00:00,35.15225716661022
2025-06-16 06:12:10.147227+00:00,35.16950385488564
2025-06-16 06:12:12.529691+00:00,35.18724293722812
2025-06-16 06:12:14.809628+00:00,35.19892828382932
2025-06-16 06:12:20.534003+00:00,35.22821111471224
2025-06-16 06:12:21.107565+00:00,35.21645622897602
2025-06-16 06:12:21.359476+00:00,35.2165260015656
2025-06-16 06:12:21.610028+00:00,35.234192767914095
2025-06-16 06:12:22.881805+00:00,35.2224382580689
2025-06-16 06:12:25.040933+00:00,35.245808137064955
2025-06-16 06:12:27.926743+00:00,35.22828074276825
2025-06-16 06:12:29.041686+00:00,35.22828074276825
2025-06-16 06:12:29.515076+00:00,35.234192767914095
2025-06-16 06:12:31.896658+00:00,35.23996568226628
2025-06-16 06:12:32.679702+00:00,35.251581221400116
2025-06-16 06:12:33.678094+00:00,35.245808137064955
2025-06-16 06:12:34.994149+00:00,35.263404657625664
2025-06-16 06:12:36.511433+00:00,35.234192767914095
2025-06-16 06:12:37.079297+00:00,35.245877553698705
2025-06-16 06:12:38.618417+00:00,35.25756229961667
2025-06-16 06:12:39.525504+00:00,35.25756229961667
2025-06-16 06:12:40.196986+00:00,35.269247005668
2025-06-16 06:12:40.431943+00:00,35.26910869676131
2025-06-16 06:12:40.732348+00:00,35.26910869676131
2025-06-16 06:12:44.158896+00:00,35.25756229961667
2025-06-16 06:12:44.415504+00:00,35.269247005668
2025-06-16 06:12:44.701906+00:00,35.245877553698705
2025-06-16 06:12:46.828006+00:00,35.257631571719365
2025-06-16 06:12:47.952974+00:00,35.26938527156556
2025-06-16 06:12:50.682196+00:00,35.26938527156556
2025-06-16 06:12:54.401563+00:00,35.25770083306972
2025-06-16 06:12:55.246003+00:00,35.263473862839355
2025-06-16 06:12:56.006815+00:00,35.26361224100982
2025-06-16 06:13:01.420848+00:00,35.29859619339656
2025-06-16 06:13:07.286182+00:00,35.30457576809767
2025-06-16 06:13:07.965074+00:00,35.281138653240184
2025-06-16 06:13:09.866374+00:00,35.29289171674611
2025-06-16 06:13:12.814061+00:00,35.30450706335697
2025-06-16 06:13:13.374553+00:00,35.31041777882482
2025-06-16 06:13:14.261590+00:00,35.30457576809767
2025-06-16 06:13:14.980220+00:00,35.30457576809767
2025-06-16 06:13:15.540320+00:00,35.30443834786415
2025-06-16 06:13:15.819243+00:00,35.30443834786415
2025-06-16 06:13:16.178016+00:00,35.29268516894284
2025-06-16 06:13:16.494862+00:00,35.292754028962776
2025-06-16 06:13:18.156174+00:00,35.30457576809767
2025-06-16 06:13:18.540893+00:00,35.316259779586225
2025-06-16 06:13:21.356865+00:00,35.28106967019657
2025-06-16 06:13:22.803072+00:00,35.29289171674611
2025-06-16 06:13:23.938213+00:00,35.30443834786415
2025-06-16 06:13:24.623082+00:00,35.31619120861951
2025-06-16 06:13:26.007420+00:00,35.298664975776745
2025-06-16 06:13:27.780374+00:00,35.30457576809767
2025-06-16 06:13:28.651893+00:00,35.31034914097123
2025-06-16 06:13:32.456318+00:00,35.33378572207594
2025-06-16 06:13:33.036798+00:00,35.3220332663018
2025-06-16 06:13:33.462141+00:00,35.31619120861951
2025-06-16 06:13:33.948585+00:00,35.316259779586225
2025-06-16 06:13:34.304142+00:00,35.30464446208623
2025-06-16 06:13:34.661188+00:00,35.31619120861951
2025-06-16 06:13:35.050590+00:00,35.29818327332015
2025-06-16 06:13:38.930363+00:00,35.31048640592631
2025-06-16 06:13:39.194311+00:00,35.30457576809767
2025-06-16 06:13:40.426116+00:00,35.29873374740476
2025-06-16 06:13:41.940072+00:00,35.328080593343024
2025-06-16 06:13:42.875050+00:00,35.32801217765342
2025-06-16 06:13:43.367578+00:00,35.32801217765342
2025-06-16 06:13:44.168674+00:00,35.32217026370991
2025-06-16 06:13:45.325047+00:00,35.33392243043488
2025-06-16 06:13:47.360481+00:00,35.351447881918666
2025-06-16 06:13:48.956897+00:00,35.32223874628589
2025-06-16 06:13:49.650925+00:00,35.339900789140636
2025-06-16 06:13:50.439204+00:00,35.339764257561434
2025-06-16 06:13:50.971968+00:00,35.339764257561434
2025-06-16 06:13:52.021382+00:00,35.328217392466186
2025-06-16 06:13:53.538900+00:00,35.3284225105108
2025-06-16 06:13:56.057014+00:00,35.36333544503206
2025-06-16 06:13:57.813472+00:00,35.38099567575493
2025-06-16 06:14:00.407380+00:00,35.38119889113497
2025-06-16 06:14:04.031700+00:00,35.42799549270868
2025-06-16 06:14:05.110900+00:00,35.43397075621629
2025-06-16 06:14:06.668068+00:00,35.44565259028501
2025-06-16 06:14:07.887168+00:00,35.486605176525416
2025-06-16 06:14:08.358966+00:00,35.47492361569579
2025-06-16 06:14:12.642105+00:00,35.48096397970672
2025-06-16 06:14:13.118299+00:00,35.50432621911111
2025-06-16 06:14:14.147199+00:00,35.50439245629544
2025-06-16 06:14:19.986745+00:00,35.55721874390267
2025-06-16 06:14:22.035854+00:00,35.56902984054993
2025-06-16 06:14:22.937543+00:00,35.58070974505251
2025-06-16 06:14:23.422574+00:00,35.56896440352686
2025-06-16 06:14:24.447169+00:00,35.598229527104245
2025-06-16 06:14:26.813699+00:00,35.61594386106708
2025-06-16 06:14:27.239550+00:00,35.62755846894085
2025-06-16 06:14:28.579153+00:00,35.62755846894085
2025-06-16 06:14:30.166075+00:00,35.668564852011066
2025-06-16 06:14:32.076482+00:00,35.668564852011066
2025-06-16 06:14:33.325953+00:00,35.70372950472372
2025-06-16 06:14:38.034773+00:00,35.715153281369574
2025-06-16 06:14:42.429487+00:00,35.697762354503915
2025-06-16 06:14:45.001916+00:00,35.7212474556049
2025-06-16 06:14:46.446552+00:00,35.72715030883956
2025-06-16 06:14:47.409357+00:00,35.750507129942264
2025-06-16 06:14:48.946480+00:00,35.73889215101051
2025-06-16 06:14:50.453992+00:00,35.76802464120305
2025-06-16 06:14:52.288292+00:00,35.744731284437385
2025-06-16 06:14:53.871480+00:00,35.75653591135439
2025-06-16 06:14:54.862525+00:00,35.75653591135439
2025-06-16 06:14:55.847086+00:00,35.7505704079058
2025-06-16 06:14:56.081418+00:00,35.75069693158236
2025-06-16 06:14:57.829692+00:00,35.75653591135439
2025-06-16 06:14:58.807980+00:00,35.75653591135439
2025-06-16 06:15:00.206821+00:00,35.76821384102442
2025-06-16 06:15:00.920643+00:00,35.75653591135439
2025-06-16 06:15:01.456335+00:00,35.75653591135439
2025-06-16 06:15:04.606397+00:00,35.76815078516739
2025-06-16 06:15:04.916090+00:00,35.78001754285373
2025-06-16 06:15:06.949158+00:00,35.785730660844415
2025-06-16 06:15:07.806387+00:00,35.78001754285373
2025-06-16 06:15:09.019949+00:00,35.773989801933666
2025-06-16 06:15:09.400085+00:00,35.774052790922426
2025-06-16 06:15:12.105466+00:00,35.79728303714848
2025-06-16 06:15:13.403336+00:00,35.773989801933666
2025-06-16 06:15:24.499044+00:00,35.762248624967235
2025-06-16 06:15:25.490473+00:00,35.779828808741705
2025-06-16 06:15:25.883288+00:00,35.75640952141575
2025-06-16 06:15:26.884669+00:00,35.75647272176014
2025-06-16 06:15:27.332679+00:00,35.768087718560274
2025-06-16 06:15:27.697644+00:00,35.762374881168405
2025-06-16 06:15:28.090811+00:00,35.76815078516739
2025-06-16 06:15:28.475420+00:00,35.768087718560274
2025-06-16 06:15:28.843030+00:00,35.773863791705935
2025-06-16 06:15:29.200624+00:00,35.77976587587094
2025-06-16 06:15:29.544476+00:00,35.77976587587094
2025-06-16 06:15:30.171431+00:00,35.76821384102442
2025-06-16 06:15:30.532337+00:00,35.77976587587094
2025-06-16 06:15:30.999249+00:00,35.774052790922426
2025-06-16 06:15:33.406717+00:00,35.75647272176014
2025-06-16 06:15:37.290870+00:00,35.74460458402165
2025-06-16 06:15:43.358017+00:00,35.76205916003957
2025-06-16 06:15:43.863330+00:00,35.73882873930829
2025-06-16 06:15:44.804803+00:00,35.727086752647466
2025-06-16 06:15:46.871539+00:00,35.73292603973112
2025-06-16 06:15:49.566100+00:00,35.73292603973112
2025-06-16 06:15:51.587867+00:00,35.75038054176466
2025-06-16 06:15:52.953252+00:00,35.75031723155059
2025-06-16 06:15:53.413480+00:00,35.738638439700274
2025-06-16 06:15:53.848991+00:00,35.732862539658704
2025-06-16 06:15:54.308889+00:00,35.71521701430353
2025-06-16 06:15:56.488682+00:00,35.69763449816073
2025-06-16 06:15:59.021454+00:00,35.70341022509751
2025-06-16 06:16:00.467139+00:00,35.70931369692646
2025-06-16 06:16:01.044206+00:00,35.71508953768529
2025-06-16 06:16:04.131493+00:00,35.691602818080945
2025-06-16 06:16:07.069546+00:00,35.70321852831718
2025-06-16 06:16:07.885664+00:00,35.70321852831718
2025-06-16 06:16:10.430773+00:00,35.72092917903909
2025-06-16 06:16:12.788541+00:00,35.69153877466101
2025-06-16 06:16:13.140656+00:00,35.69737865646946
2025-06-16 06:16:14.271343+00:00,35.68582709272468
2025-06-16 06:16:15.063716+00:00,35.69166685075044
2025-06-16 06:16:15.548985+00:00,35.68569888289182
2025-06-16 06:16:16.031545+00:00,35.69750659881592
2025-06-16 06:16:18.012306+00:00,35.69744263301789
2025-06-16 06:16:20.300514+00:00,35.6799231583255
2025-06-16 06:16:25.089240+00:00,35.71502578325065
2025-06-16 06:16:27.657687+00:00,35.67947369241976
2025-06-16 06:16:28.379789+00:00,35.69185888425633
2025-06-16 06:16:28.578488+00:00,35.70931369692646
2025-06-16 06:16:29.386375+00:00,35.703537969199125
2025-06-16 06:16:29.818119+00:00,35.70347410252351
2025-06-16 06:16:31.167234+00:00,35.69769843170753
2025-06-16 06:16:31.864204+00:00,35.71528073648716
2025-06-16 06:16:32.499553+00:00,35.721120177229494
2025-06-16 06:16:34.788448+00:00,35.71534444792046
2025-06-16 06:16:36.084672+00:00,35.71528073648716
2025-06-16 06:16:37.195234+00:00,35.72118382179235
2025-06-16 06:16:37.931458+00:00,35.721120177229494
2025-06-16 06:16:38.741761+00:00,35.73292603973112
2025-06-16 06:16:42.363095+00:00,35.73876531685584
2025-06-16 06:16:48.765165+00:00,35.76218548074147
2025-06-16 06:16:50.987230+00:00,35.76802464120305
2025-06-16 06:16:52.768169+00:00,35.773989801933666
2025-06-16 06:16:54.724180+00:00,35.80883586555705
2025-06-16 06:16:55.418044+00:00,35.79715754036268
2025-06-16 06:16:56.244923+00:00,35.797220294130575
2025-06-16 06:16:57.814721+00:00,35.79138118346245
2025-06-16 06:16:58.103113+00:00,35.791255531441806
2025-06-16 06:16:58.343460+00:00,35.77963997787926
2025-06-16 06:16:59.920551+00:00,35.76796155309573
2025-06-16 06:17:00.840936+00:00,35.79715754036268
2025-06-16 06:17:04.256952+00:00,35.779577012758345
2025-06-16 06:17:05.778387+00:00,35.79119268930648
2025-06-16 06:17:09.529294+00:00,35.77380077046695
2025-06-16 06:17:11.595311+00:00,35.7737377384779
2025-06-16 06:17:12.044631+00:00,35.7737377384779
2025-06-16 06:17:12.302105+00:00,35.767835344630775
2025-06-16 06:17:12.561035+00:00,35.77951403688737
2025-06-16 06:17:12.882056+00:00,35.773674695738755
2025-06-16 06:17:13.357498+00:00,35.785227517820424
2025-06-16 06:17:13.600449+00:00,35.773674695738755
2025-06-16 06:17:13.827104+00:00,35.77354857801023
2025-06-16 06:17:14.044135+00:00,35.77354857801023
2025-06-16 06:17:17.595645+00:00,35.744414452771544
2025-06-16 06:17:19.794010+00:00,35.750253910586345
2025-06-16 06:17:21.413010+00:00,35.75012723640729
2025-06-16 06:17:22.209597+00:00,35.75603009359622
2025-06-16 06:17:24.344461+00:00,35.73267197493997
2025-06-16 06:17:25.219655+00:00,35.70931369692646
2025-06-16 06:17:25.949011+00:00,35.71508953768529
2025-06-16 06:17:27.738473+00:00,35.72664155829499
2025-06-16 06:17:29.274843+00:00,35.71489824213038
2025-06-16 06:17:31.934091+00:00,35.69147472049063
2025-06-16 06:17:34.030832+00:00,35.685634761849684
2025-06-16 06:17:34.288284+00:00,35.69147472049063
2025-06-16 06:17:35.057656+00:00,35.685570630057086
2025-06-16 06:17:35.859326+00:00,35.70899453664766
2025-06-16 06:17:37.567860+00:00,35.68569888289182
2025-06-16 06:17:39.669479+00:00,35.67966638516807
2025-06-16 06:17:40.443356+00:00,35.66208159757859
2025-06-16 06:17:40.879258+00:00,35.67376198582283
2025-06-16 06:17:43.181849+00:00,35.65027202817731
2025-06-16 06:17:44.258635+00:00,35.64436701178786
2025-06-16 06:17:44.612997+00:00,35.64449630834651
2025-06-16 06:17:44.954828+00:00,35.63275091008658
2025-06-16 06:17:47.728755+00:00,35.61509971553504
2025-06-16 06:17:52.077173+00:00,35.57395363739023
2025-06-16 06:17:54.431303+00:00,35.55032678642646
2025-06-16 06:17:55.933638+00:00,35.538776272333166
2025-06-16 06:17:56.405776+00:00,35.538776272333166
2025-06-16 06:17:56.689464+00:00,35.50372960064584
2025-06-16 06:17:56.973740+00:00,35.532803153937216
2025-06-16 06:17:57.742810+00:00,35.53871032890781
2025-06-16 06:17:59.175666+00:00,35.49742334701315
2025-06-16 06:18:08.603076+00:00,35.46203889976804
2025-06-16 06:18:13.859589+00:00,35.4444456699212
2025-06-16 06:18:14.383836+00:00,35.432895969920736
2025-06-16 06:18:15.587791+00:00,35.44457994420829
2025-06-16 06:18:16.535898+00:00,35.438536333843906
2025-06-16 06:18:17.199156+00:00,35.41523499063003
2025-06-16 06:18:17.736825+00:00,35.421144556470566
2025-06-16 06:18:19.164054+00:00,35.40946036868562
2025-06-16 06:18:19.534758+00:00,35.409190128917494
2025-06-16 06:18:23.345122+00:00,35.39186626779309
2025-06-16 06:18:24.555458+00:00,35.37427166514334
2025-06-16 06:18:27.839849+00:00,35.36245083881811
2025-06-16 06:18:29.426643+00:00,35.38588840721293
2025-06-16 06:18:30.510453+00:00,35.356608382701616
2025-06-16 06:18:32.450688+00:00,35.3623145842761
2025-06-16 06:18:33.183057+00:00,35.35076591661755
2025-06-16 06:18:34.542226+00:00,35.34485511801442
2025-06-16 06:18:36.427839+00:00,35.34492344056591
2025-06-16 06:18:39.979239+00:00,35.35654019392131
2025-06-16 06:18:40.617662+00:00,35.33928605834697
2025-06-16 06:18:40.864258+00:00,35.33310153516073
2025-06-16 06:18:41.307659+00:00,35.37427166514334
2025-06-16 06:18:42.143684+00:00,35.362587050352545
2025-06-16 06:18:42.754724+00:00,35.356608382701616
2025-06-16 06:18:43.197035+00:00,35.368293284967045
2025-06-16 06:18:43.619042+00:00,35.36245083881811
2025-06-16 06:18:43.884512+00:00,35.36245083881811
2025-06-16 06:18:44.185780+00:00,35.3741357211484
2025-06-16 06:18:44.376026+00:00,35.35667656073
2025-06-16 06:18:45.016518+00:00,35.35674472800646
2025-06-16 06:18:51.955865+00:00,35.3623145842761
2025-06-16 06:18:53.752813+00:00,35.35667656073
2025-06-16 06:18:54.815419+00:00,35.379910226121495
2025-06-16 06:18:55.492148+00:00,35.35062939453404
2025-06-16 06:18:56.710010+00:00,35.34478678471096
2025-06-16 06:18:57.244562+00:00,35.338875753978435
2025-06-16 06:18:57.630076+00:00,35.35049282944271
2025-06-16 06:18:57.856286+00:00,35.344513343977326
2025-06-16 06:18:58.109115+00:00,35.34458172028871
2025-06-16 06:18:59.200704+00:00,35.33894416491985
2025-06-16 06:18:59.636369+00:00,35.33296456875344
2025-06-16 06:19:03.511409+00:00,35.30381942458256
2025-06-16 06:19:04.018251+00:00,35.338738899839576
2025-06-16 06:19:04.680867+00:00,35.33867045664214
2025-06-16 06:19:05.018857+00:00,35.32712179525338
2025-06-16 06:19:05.560961+00:00,35.309593414942306
2025-06-16 06:19:05.944005+00:00,35.326916064342676
2025-06-16 06:19:12.857928+00:00,35.30966217106918
2025-06-16 06:19:13.041046+00:00,35.32114173482298
2025-06-16 06:19:13.273038+00:00,35.32698465206497
2025-06-16 06:19:13.760579+00:00,35.31543621834781
2025-06-16 06:19:14.797267+00:00,35.32698465206497
2025-06-16 06:19:17.603052+00:00,35.297632111096625
2025-06-16 06:19:19.533403+00:00,35.29158194632528
2025-06-16 06:19:20.088393+00:00,35.25060904544793
2025-06-16 06:19:20.583216+00:00,35.268208640518665
2025-06-16 06:19:25.186764+00:00,35.23279971668071
2025-06-16 06:19:25.652839+00:00,35.20942467425245
2025-06-16 06:19:26.616258+00:00,35.22709560347943
2025-06-16 06:19:29.249910+00:00,35.2211821039006
2025-06-16 06:19:30.368850+00:00,35.197666926401084
2025-06-16 06:19:31.501528+00:00,35.174220931962
2025-06-16 06:19:33.441480+00:00,35.1449301461516
2025-06-16 06:19:34.016186+00:00,35.12732682674539
2025-06-16 06:19:34.173365+00:00,35.103878715945406
2025-06-16 06:19:36.466197+00:00,35.0859882221955
2025-06-16 06:19:36.866393+00:00,35.068382454569914
2025-06-16 06:19:37.511797+00:00,35.068382454569914
2025-06-16 06:19:38.117376+00:00,35.039158551267036
2025-06-16 06:19:40.800225+00:00,35.00971708909374
2025-06-16 06:19:41.205068+00:00,35.00964463107772
2025-06-16 06:19:42.365858+00:00,34.998026956820894
2025-06-16 06:19:42.598465+00:00,35.015272511281545
2025-06-16 06:19:42.942343+00:00,34.98604581766479
2025-06-16 06:19:48.845444+00:00,34.96273730869635
2025-06-16 06:19:50.600302+00:00,34.96266428321562
2025-06-16 06:19:54.574441+00:00,34.974282167958926
2025-06-16 06:19:55.107929+00:00,34.98604581766479
2025-06-16 06:19:57.006512+00:00,34.96281032342341
2025-06-16 06:19:57.236189+00:00,34.962591246981205
2025-06-16 06:19:58.183709+00:00,34.95097345613911
2025-06-16 06:19:59.715022+00:00,34.98604581766479
2025-06-16 06:20:00.606998+00:00,34.96273730869635
2025-06-16 06:20:03.236691+00:00,35.02119017655658
2025-06-16 06:20:03.654035+00:00,34.99773652503745
2025-06-16 06:20:04.113804+00:00,34.97435507039084
2025-06-16 06:20:08.042334+00:00,34.974427962069136
2025-06-16 06:20:10.650442+00:00,34.9745008429938
2025-06-16 06:20:12.596115+00:00,34.98619132266473
2025-06-16 06:20:13.384126+00:00,34.99780914911359
2025-06-16 06:20:13.843022+00:00,34.991745762125454
2025-06-16 06:20:14.217313+00:00,34.98604581766479
2025-06-16 06:20:14.783412+00:00,34.968582640370286
2025-06-16 06:20:16.382257+00:00,35.02133485725158
2025-06-16 06:20:18.441013+00:00,35.009572162308224
2025-06-16 06:20:19.082869+00:00,34.98604581766479
2025-06-16 06:20:19.842911+00:00,34.98597304903445
2025-06-16 06:20:21.893151+00:00,34.97420925477338
2025-06-16 06:20:29.508491+00:00,34.962298994506774
2025-06-16 06:20:30.694742+00:00,34.97391749449489
2025-06-16 06:20:32.776750+00:00,34.97391749449489
2025-06-16 06:20:33.133807+00:00,34.9681447275891
2025-06-16 06:20:34.224402+00:00,34.97976327452533
2025-06-16 06:20:35.072509+00:00,34.96222590450396
2025-06-16 06:20:37.456729+00:00,34.973844527541175
2025-06-16 06:20:38.249768+00:00,34.93884260480182
2025-06-16 06:20:39.331557+00:00,34.96222590450396
2025-06-16 06:20:41.022983+00:00,34.96807170448777
2025-06-16 06:20:41.858478+00:00,34.95053427460626
2025-06-16 06:20:42.755529+00:00,34.94476173540104
2025-06-16 06:20:42.985677+00:00,34.9331435932081
2025-06-16 06:20:47.788065+00:00,34.96222590450396
2025-06-16 06:20:48.901083+00:00,34.94483501535591
2025-06-16 06:20:49.643349+00:00,34.94490828455703
2025-06-16 06:20:51.480510+00:00,34.96266428321562
2025-06-16 06:20:52.076992+00:00,34.98020044901547
2025-06-16 06:20:52.413025+00:00,34.96273730869635
2025-06-16 06:20:52.791146+00:00,34.96251819999312
2025-06-16 06:20:55.312558+00:00,34.95667265763932
2025-06-16 06:20:55.522853+00:00,34.95075391376448
2025-06-16 06:20:55.739947+00:00,34.95659953299592
2025-06-16 06:20:56.207223+00:00,34.93321699621414
2025-06-16 06:20:57.555082+00:00,34.93891596241287
2025-06-16 06:20:58.948790+00:00,34.92729786716984
2025-06-16 06:21:00.780493+00:00,34.89214941935501
2025-06-16 06:21:02.432500+00:00,34.87453770754426
2025-06-16 06:21:12.113409+00:00,34.97435507039084
2025-06-16 06:21:12.371208+00:00,34.98619132266473
2025-06-16 06:21:15.164069+00:00,35.02147949493292
2025-06-16 06:21:18.346797+00:00,35.097606108529675
2025-06-16 06:21:19.691822+00:00,35.09767752006571
2025-06-16 06:21:20.979428+00:00,35.074298884431315
2025-06-16 06:21:24.203039+00:00,35.109295500297506
2025-06-16 06:21:24.518642+00:00,35.10922421180005
2025-06-16 06:21:24.769883+00:00,35.109295500297506
2025-06-16 06:21:24.954489+00:00,35.10922421180005
2025-06-16 06:21:25.170413+00:00,35.10337945400727
2025-06-16 06:21:25.478192+00:00,35.097606108529675
2025-06-16 06:21:26.920924+00:00,35.097606108529675
2025-06-16 06:21:29.804314+00:00,35.14443431260667
2025-06-16 06:21:32.277626+00:00,35.126971656510804
2025-06-16 06:21:34.554768+00:00,35.138589748446286
2025-06-16 06:21:34.755262+00:00,35.126758425334636
2025-06-16 06:21:36.245383+00:00,35.12105599612417
2025-06-16 06:21:37.780061+00:00,35.11506895961886
2025-06-16 06:21:39.511538+00:00,35.13866068096277
2025-06-16 06:21:40.355660+00:00,35.14443431260667
2025-06-16 06:21:41.205890+00:00,35.1385188051769
2025-06-16 06:21:43.970816+00:00,35.138589748446286
2025-06-16 06:21:44.843100+00:00,35.14457603309816
2025-06-16 06:21:45.456190+00:00,35.167883067560496
2025-06-16 06:21:45.804208+00:00,35.16189726955338
2025-06-16 06:21:47.679802+00:00,35.161967945246836
2025-06-16 06:21:49.179570+00:00,35.167883067560496
2025-06-16 06:21:49.813045+00:00,35.173727514960234
2025-06-16 06:21:50.988066+00:00,35.150349665521674
2025-06-16 06:21:51.227724+00:00,35.150349665521674
2025-06-16 06:21:51.469823+00:00,35.150349665521674
2025-06-16 06:21:52.121112+00:00,35.17365698380613
2025-06-16 06:21:54.020686+00:00,35.16203861018749
2025-06-16 06:21:56.899657+00:00,35.17365698380613
2025-06-16 06:21:57.199073+00:00,35.15619414284121
2025-06-16 06:21:58.307923+00:00,35.16217990781038
2025-06-16 06:21:59.972566+00:00,35.156335574251266
2025-06-16 06:22:00.302081+00:00,35.14464687721459
2025-06-16 06:22:02.172789+00:00,35.16210926437534
2025-06-16 06:22:05.251851+00:00,35.162250540492636
2025-06-16 06:22:07.795858+00:00,35.168094797185624
2025-06-16 06:22:14.120587+00:00,35.16823589650519
2025-06-16 06:22:17.303726+00:00,35.150561997188895
2025-06-16 06:22:18.213557+00:00,35.14464687721459
2025-06-16 06:22:18.814624+00:00,35.162250540492636
2025-06-16 06:22:20.511620+00:00,35.16217990781038
2025-06-16 06:22:21.787848+00:00,35.144505178228854
2025-06-16 06:22:22.128445+00:00,35.15049123071934
2025-06-16 06:22:22.963476+00:00,35.15049123071934
2025-06-16 06:22:23.693955+00:00,35.15063275290561
2025-06-16 06:22:26.199330+00:00,35.15640627382706
2025-06-16 06:22:26.476824+00:00,35.16210926437534
2025-06-16 06:22:28.754682+00:00,35.138589748446286
2025-06-16 06:22:31.304769+00:00,35.16203861018749
2025-06-16 06:22:34.120592+00:00,35.14443431260667
2025-06-16 06:22:36.596544+00:00,35.12690059020504
2025-06-16 06:22:37.588885+00:00,35.10345080940046
2025-06-16 06:22:39.035573+00:00,35.1383768863794
2025-06-16 06:22:39.570189+00:00,35.12682951314632
2025-06-16 06:22:41.427832+00:00,35.12690059020504
2025-06-16 06:22:43.774324+00:00,35.13866068096277
2025-06-16 06:22:45.971037+00:00,35.150349665521674
2025-06-16 06:22:46.370904+00:00,35.15049123071934
2025-06-16 06:22:46.744346+00:00,35.144505178228854
2025-06-16 06:22:48.255968+00:00,35.144717710578156
2025-06-16 06:22:53.244651+00:00,35.18562750742909
2025-06-16 06:22:53.417572+00:00,35.17408000943949
2025-06-16 06:22:53.686445+00:00,35.18569786178676
2025-06-16 06:22:55.935592+00:00,35.185908860343595
2025-06-16 06:22:56.961543+00:00,35.18006490113863
2025-06-16 06:22:57.391511+00:00,35.19175280957689
2025-06-16 06:22:58.343719+00:00,35.18604947228472
2025-06-16 06:22:59.119324+00:00,35.19759674883851
2025-06-16 06:22:59.445549+00:00,35.2210423161649
2025-06-16 06:23:00.020405+00:00,35.197737093211025
2025-06-16 06:23:02.925004+00:00,35.21554820683173
2025-06-16 06:23:04.711645+00:00,35.233148382706396
2025-06-16 06:23:06.362723+00:00,35.244765597271005
2025-06-16 06:23:07.344725+00:00,35.239061417991074
2025-06-16 06:23:09.281124+00:00,35.27412121464597
2025-06-16 06:23:09.920477+00:00,35.28580773377214
2025-06-16 06:23:14.345080+00:00,35.30340632521471
2025-06-16 06:23:16.215962+00:00,35.28017191217592
2025-06-16 06:23:17.318238+00:00,35.297632111096625
2025-06-16 06:23:19.106220+00:00,35.315298807612045
2025-06-16 06:23:19.674043+00:00,35.29199597737299
2025-06-16 06:23:20.471175+00:00,35.297838877571806
2025-06-16 06:23:20.819579+00:00,35.30361292328335
2025-06-16 06:23:23.241397+00:00,35.29206494491487
2025-06-16 06:23:23.928411+00:00,35.32121037867995
2025-06-16 06:23:24.561339+00:00,35.32698465206497
2025-06-16 06:23:25.247792+00:00,35.333033057333104
2025-06-16 06:23:28.544234+00:00,35.35062939453404
2025-06-16 06:23:28.761771+00:00,35.35042453076911
2025-06-16 06:23:29.384556+00:00,35.33894416491985
2025-06-16 06:23:30.177178+00:00,35.362246440877236
2025-06-16 06:23:32.134814+00:00,35.33901256510927
2025-06-16 06:23:33.646000+00:00,35.338875753978435
2025-06-16 06:23:34.607201+00:00,35.35056111736435
2025-06-16 06:23:36.118665+00:00,35.35049282944271
2025-06-16 06:23:36.629988+00:00,35.35049282944271
2025-06-16 06:23:39.085355+00:00,35.35049282944271
2025-06-16 06:23:39.334748+00:00,35.368225229957005
2025-06-16 06:23:39.751840+00:00,35.35633556306883
2025-06-16 06:23:41.153409+00:00,35.34485511801442
2025-06-16 06:23:41.386420+00:00,35.373999734146054
2025-06-16 06:23:43.528426+00:00,35.368021000415624
2025-06-16 06:23:43.880901+00:00,35.368225229957005
2025-06-16 06:23:45.274915+00:00,35.379910226121495
2025-06-16 06:23:49.259582+00:00,35.3856848441439
2025-06-16 06:23:49.460999+00:00,35.35633556306883
2025-06-16 06:23:49.903743+00:00,35.373999734146054
2025-06-16 06:23:50.560540+00:00,35.3681571641951
2025-06-16 06:23:50.941033+00:00,35.37393172451711
2025-06-16 06:23:51.307057+00:00,35.373999734146054
2025-06-16 06:23:51.542479+00:00,35.37393172451711
2025-06-16 06:23:52.902826+00:00,35.40334775254158
2025-06-16 06:23:53.913521+00:00,35.409190128917494
2025-06-16 06:23:56.778113+00:00,35.38588840721293
2025-06-16 06:23:57.602203+00:00,35.39166296988702
2025-06-16 06:23:58.292192+00:00,35.3856848441439
2025-06-16 06:23:58.676964+00:00,35.403415395494555
2025-06-16 06:23:59.290791+00:00,35.38588840721293
2025-06-16 06:24:02.725595+00:00,35.42685193832967
2025-06-16 06:24:04.354933+00:00,35.40925770498707
2025-06-16 06:24:07.701286+00:00,35.42100972562188
2025-06-16 06:24:08.519136+00:00,35.42691929224717
2025-06-16 06:24:10.753339+00:00,35.438536333843906
2025-06-16 06:24:11.974216+00:00,35.44457994420829
2025-06-16 06:24:12.874872+00:00,35.44437851665034
2025-06-16 06:24:14.312081+00:00,35.46197195789323
2025-06-16 06:24:17.524039+00:00,35.4327614281054
2025-06-16 06:24:18.984202+00:00,35.444512812440514
2025-06-16 06:24:20.887921+00:00,35.43262684328369
2025-06-16 06:24:21.553424+00:00,35.438401861283495
2025-06-16 06:24:22.473776+00:00,35.43269414107034
2025-06-16 06:24:23.067221+00:00,35.420874851766605
2025-06-16 06:24:25.817190+00:00,35.397369914269625
2025-06-16 06:24:27.697186+00:00,35.41496497538776
2025-06-16 06:24:29.519305+00:00,35.42067246034633
2025-06-16 06:24:29.727536+00:00,35.42073993490475
2025-06-16 06:24:35.468853+00:00,35.397234419334154
2025-06-16 06:24:40.976440+00:00,35.37963843364049
2025-06-16 06:24:41.211114+00:00,35.379774351384654
2025-06-16 06:24:41.827081+00:00,35.385549081672195
2025-06-16 06:24:43.502753+00:00,35.338738899839576
2025-06-16 06:24:44.235274+00:00,35.362041946169214
2025-06-16 06:24:44.537086+00:00,35.3621101218238
2025-06-16 06:24:45.039061+00:00,35.35035622134355
2025-06-16 06:24:45.444129+00:00,35.37372763111912
2025-06-16 06:24:46.708671+00:00,35.36781667410731
2025-06-16 06:24:52.164087+00:00,35.33839657633224
2025-06-16 06:24:53.199511+00:00,35.31481753134522
2025-06-16 06:24:55.758027+00:00,35.28560040468521
2025-06-16 06:24:57.121061+00:00,35.25617459956947
2025-06-16 06:24:58.514213+00:00,35.24448717806753
2025-06-16 06:25:02.975316+00:00,35.16774186071319
2025-06-16 06:25:06.866857+00:00,35.14400889306298
2025-06-16 06:25:07.966243+00:00,35.13224787735314
2025-06-16 06:25:09.950660+00:00,35.13224787735314
2025-06-16 06:25:11.500895+00:00,35.12034407270234
2025-06-16 06:25:11.877241+00:00,35.12034407270234
2025-06-16 06:25:15.101077+00:00,35.06766440295253
2025-06-16 06:25:19.975501+00:00,35.06181897326516
2025-06-16 06:25:20.658272+00:00,35.07928350188922
2025-06-16 06:25:23.733163+00:00,35.05604552094834
2025-06-16 06:25:24.676573+00:00,35.07935523239925
2025-06-16 06:25:26.116942+00:00,35.067592538648064
2025-06-16 06:25:26.551317+00:00,35.061747042063125
2025-06-16 06:25:26.942694+00:00,35.04421049245095
2025-06-16 06:25:28.308343+00:00,35.04421049245095
2025-06-16 06:25:29.393089+00:00,35.061747042063125
2025-06-16 06:25:32.936969+00:00,35.050056018964575
2025-06-16 06:25:33.551721+00:00,35.03259167518827
2025-06-16 06:25:38.850318+00:00,35.04991185670896
2025-06-16 06:25:40.792868+00:00,35.050056018964575
2025-06-16 06:25:42.388055+00:00,35.05604552094834
2025-06-16 06:25:43.123747+00:00,35.05604552094834
2025-06-16 06:25:44.151762+00:00,35.05604552094834
2025-06-16 06:25:46.745021+00:00,35.06181897326516
2025-06-16 06:25:49.380018+00:00,35.0561174975416
2025-06-16 06:25:52.221722+00:00,35.0209730748634
2025-06-16 06:25:53.067536+00:00,35.03850934279686
2025-06-16 06:25:53.985700+00:00,35.03273617431464
2025-06-16 06:25:55.214331+00:00,35.032808407747766
2025-06-16 06:25:56.633035+00:00,35.032952842353886
2025-06-16 06:25:58.314720+00:00,35.03288063042751
2025-06-16 06:25:58.523673+00:00,35.03273617431464
2025-06-16 06:26:03.830591+00:00,35.044498955515316
2025-06-16 06:26:10.348903+00:00,35.021045452847886
2025-06-16 06:26:13.891831+00:00,34.95659953299592
2025-06-16 06:26:15.698906+00:00,34.980054767199846
2025-06-16 06:26:16.498509+00:00,34.96222590450396
2025-06-16 06:26:19.849935+00:00,34.97976327452533
2025-06-16 06:26:21.863668+00:00,34.96207969223726
2025-06-16 06:26:23.852825+00:00,34.95024127184296
2025-06-16 06:26:24.479188+00:00,34.93270294934176
2025-06-16 06:26:27.420949+00:00,34.87964279923035
2025-06-16 06:26:28.299011+00:00,34.838417741222116
2025-06-16 06:26:29.034878+00:00,34.815104769859225
2025-06-16 06:26:30.623542+00:00,34.77379904083811
2025-06-16 06:26:34.089373+00:00,34.69717218346815
2025-06-16 06:26:35.515189+00:00,34.685399651210574
2025-06-16 06:26:36.655232+00:00,34.72033567528906
2025-06-16 06:26:37.648023+00:00,34.691094778274554
2025-06-16 06:26:38.535557+00:00,34.70286751281403
2025-06-16 06:26:39.838587+00:00,34.67347342916287
2025-06-16 06:26:41.744030+00:00,34.691018287910694
2025-06-16 06:26:43.099764+00:00,34.68501686482648
2025-06-16 06:26:46.114566+00:00,34.679091788295864
2025-06-16 06:26:46.465872+00:00,34.65569774049791
2025-06-16 06:26:48.779353+00:00,34.66146939947263
2025-06-16 06:26:49.091096+00:00,34.65562080563263
2025-06-16 06:26:49.347729+00:00,34.65546690363684
2025-06-16 06:26:49.632270+00:00,34.65562080563263
2025-06-16 06:26:49.899160+00:00,34.6497722018082
2025-06-16 06:26:50.350559+00:00,34.65554386001228
2025-06-16 06:26:51.070739+00:00,34.644077714632886
2025-06-16 06:26:52.499718+00:00,34.65577466460811
2025-06-16 06:26:55.098396+00:00,34.67339672730448
2025-06-16 06:26:56.512972+00:00,34.63245790573571
2025-06-16 06:26:56.963792+00:00,34.62068369487465
2025-06-16 06:26:58.633830+00:00,34.63245790573571
2025-06-16 06:27:01.581217+00:00,34.66762512294654
2025-06-16 06:27:07.454045+00:00,34.66747157464741
2025-06-16 06:27:11.973730+00:00,34.644077714632886
2025-06-16 06:27:14.626130+00:00,34.644154761816985
2025-06-16 06:27:20.585461+00:00,34.691094778274554
2025-06-16 06:27:21.721958+00:00,34.691247726737544
2025-06-16 06:27:22.859701+00:00,34.69717218346815
2025-06-16 06:27:23.735859+00:00,34.685476176222586
2025-06-16 06:27:24.011696+00:00,34.66770188096358
2025-06-16 06:27:25.515108+00:00,34.68532311544363
2025-06-16 06:27:26.757733+00:00,34.69724856389975
2025-06-16 06:27:27.411090+00:00,34.703020172117014
2025-06-16 06:27:27.773557+00:00,34.691324184836674
2025-06-16 06:27:28.963870+00:00,34.7090968583399
2025-06-16 06:27:32.185477+00:00,34.715020773718486
2025-06-16 06:27:34.769952+00:00,34.767876205041276
2025-06-16 06:27:35.471510+00:00,34.75618137411741
2025-06-16 06:27:36.902776+00:00,34.78549367805757
2025-06-16 06:27:37.595398+00:00,34.76210436369548
2025-06-16 06:27:38.424020+00:00,34.77387446539001
2025-06-16 06:27:39.009849+00:00,34.78556896879124
2025-06-16 06:27:39.327751+00:00,34.7681781493776
2025-06-16 06:27:39.561250+00:00,34.77387446539001
2025-06-16 06:27:41.630395+00:00,34.7681781493776
2025-06-16 06:27:42.456013+00:00,34.785870024181115
2025-06-16 06:27:43.306896+00:00,34.76225546968299
2025-06-16 06:27:43.589990+00:00,34.77379904083811
2025-06-16 06:27:47.321339+00:00,34.79164181246896
2025-06-16 06:27:48.604910+00:00,34.79171699327604
2025-06-16 06:27:52.031346+00:00,34.83864164559705
2025-06-16 06:27:53.692487+00:00,34.85040960601794
2025-06-16 06:27:54.819935+00:00,34.827247048591694
2025-06-16 06:27:56.348190+00:00,34.78617090749943
2025-06-16 06:27:58.180304+00:00,34.77455280240346
2025-06-16 06:28:00.194534+00:00,34.79224295780122
2025-06-16 06:28:02.137744+00:00,34.85655380733354
2025-06-16 06:28:03.199533+00:00,34.868469202036145
2025-06-16 06:28:05.338551+00:00,34.88600765308311
2025-06-16 06:28:06.529856+00:00,34.880531699719455
2025-06-16 06:28:07.979140+00:00,34.9154591454727
2025-06-16 06:28:19.079999+00:00,34.950900286101295
2025-06-16 06:28:19.780489+00:00,34.956965048675926
2025-06-16 06:28:20.330998+00:00,34.9449815430044
2025-06-16 06:28:21.022950+00:00,34.939135970723285
2025-06-16 06:28:21.224154+00:00,34.9331435932081
2025-06-16 06:28:22.455037+00:00,34.9449815430044
2025-06-16 06:28:22.896530+00:00,34.95068071146548
2025-06-16 06:28:23.763194+00:00,34.92722438650716
2025-06-16 06:28:23.980770+00:00,34.921305025270016
2025-06-16 06:28:24.197783+00:00,34.94468844469239
2025-06-16 06:28:24.356928+00:00,34.921452131155355
2025-06-16 06:28:24.484206+00:00,34.92707739292028
2025-06-16 06:28:24.697473+00:00,34.92707739292028
2025-06-16 06:28:26.089443+00:00,34.95060749841274
2025-06-16 06:28:27.375100+00:00,34.95652639759881
2025-06-16 06:28:29.287791+00:00,34.97983616382437
2025-06-16 06:28:30.199877+00:00,34.962298994506774
2025-06-16 06:28:31.313941+00:00,34.95068071146548
2025-06-16 06:28:35.207930+00:00,34.968217739936776
2025-06-16 06:28:36.055723+00:00,34.974136330834206
2025-06-16 06:28:38.446231+00:00,34.97998191016163
2025-06-16 06:28:39.637082+00:00,34.974282167958926
2025-06-16 06:28:40.136131+00:00,34.980054767199846
2025-06-16 06:28:40.462165+00:00,34.980054767199846
2025-06-16 06:28:41.564732+00:00,34.980054767199846
2025-06-16 06:28:42.740886+00:00,34.98597304903445
2025-06-16 06:28:50.728840+00:00,34.93928258916133
2025-06-16 06:28:51.671207+00:00,34.9745008429938
2025-06-16 06:28:54.346704+00:00,35.02140718146895
2025-06-16 06:28:55.984920+00:00,35.0156345206317
2025-06-16 06:28:57.206851+00:00,35.03324158252573
2025-06-16 06:28:57.416228+00:00,35.033097233946535
2025-06-16 06:28:58.304654+00:00,35.05662103260282
2025-06-16 06:28:59.054189+00:00,35.02739669507157
2025-06-16 06:28:59.439152+00:00,35.0097895363563
2025-06-16 06:29:07.703183+00:00,34.998172108191525
2025-06-16 06:29:14.206798+00:00,35.01585159720054
2025-06-16 06:29:25.813471+00:00,35.06831069779765
2025-06-16 06:29:26.921087+00:00,35.08000032309666
2025-06-16 06:29:28.514524+00:00,35.09183287611736
2025-06-16 06:29:35.107008+00:00,35.09197580072242
2025-06-16 06:29:35.294656+00:00,35.09183287611736
2025-06-16 06:29:36.946959+00:00,35.115353781508716
2025-06-16 06:29:37.312904+00:00,35.1152113920698
2025-06-16 06:29:37.998544+00:00,35.09767752006571
2025-06-16 06:29:41.132263+00:00,35.08577355395042
2025-06-16 06:29:41.629776+00:00,35.08014355830015
2025-06-16 06:29:42.162452+00:00,35.074298884431315
2025-06-16 06:29:43.088753+00:00,35.09183287611736
2025-06-16 06:29:44.594439+00:00,35.05676480298379
2025-06-16 06:29:45.518019+00:00,35.06253769385678
2025-06-16 06:29:49.663117+00:00,35.06845420058897
2025-06-16 06:29:50.907136+00:00,35.08620279366243
2025-06-16 06:29:52.511466+00:00,35.08627429597849
2025-06-16 06:29:53.106020+00:00,35.08014355830015
2025-06-16 06:29:55.538319+00:00,35.09197580072242
2025-06-16 06:29:55.805276+00:00,35.086059756770936
2025-06-16 06:29:56.641133+00:00,35.0859882221955
2025-06-16 06:29:56.984720+00:00,35.05662103260282
2025-06-16 06:29:57.308201+00:00,35.068382454569914
2025-06-16 06:29:59.571519+00:00,35.02746892012981
2025-06-16 06:30:00.709316+00:00,34.998099537882965
2025-06-16 06:30:03.333493+00:00,35.0097895363563
2025-06-16 06:30:03.719168+00:00,35.00964463107772
2025-06-16 06:30:04.134588+00:00,34.992181875722856
2025-06-16 06:30:04.519806+00:00,34.99795436500531
2025-06-16 06:30:05.011186+00:00,34.99795436500531
2025-06-16 06:30:06.333283+00:00,34.99225452368503
2025-06-16 06:30:06.750257+00:00,35.00971708909374
2025-06-16 06:30:10.810163+00:00,35.00971708909374
2025-06-16 06:30:13.486445+00:00,35.00401704551544
2025-06-16 06:30:14.832062+00:00,35.0156345206317
2025-06-16 06:30:20.287803+00:00,35.032808407747766
2025-06-16 06:30:24.510469+00:00,34.94490828455703
2025-06-16 06:30:28.964945+00:00,34.8570740930503
2025-06-16 06:30:31.447112+00:00,34.856999798781764
2025-06-16 06:30:34.523188+00:00,34.87453770754426
2025-06-16 06:30:37.009518+00:00,34.892001622924155
2025-06-16 06:30:45.011919+00:00,34.926856821886155
2025-06-16 06:30:45.984202+00:00,34.91553277069561
2025-06-16 06:30:48.505858+00:00,34.89762603494417
2025-06-16 06:30:51.704126+00:00,34.88593365032417
2025-06-16 06:30:51.963842+00:00,34.89163194365218
2025-06-16 06:30:53.157893+00:00,34.880161512711496
2025-06-16 06:30:54.411919+00:00,34.8567025141662
2025-06-16 06:30:55.507433+00:00,34.87431536236251
2025-06-16 06:30:56.834699+00:00,34.862548761353
2025-06-16 06:30:57.521555+00:00,34.868617576721775
2025-06-16 06:30:58.523457+00:00,34.87431536236251
2025-06-16 06:30:59.361537+00:00,34.88622959683583
2025-06-16 06:31:02.203058+00:00,34.92123145619655
2025-06-16 06:31:05.567719+00:00,34.88578561254421
2025-06-16 06:31:07.158092+00:00,34.84500998985982
2025-06-16 06:31:08.763840+00:00,34.850856257001816
2025-06-16 06:31:11.612086+00:00,34.84500998985982
2025-06-16 06:31:17.175756+00:00,34.868469202036145
2025-06-16 06:31:22.361767+00:00,34.885859636811205
2025-06-16 06:31:23.052522+00:00,34.85100505462969
2025-06-16 06:31:25.300379+00:00,34.821774288209625
2025-06-16 06:31:29.310375+00:00,34.88023557162117
2025-06-16 06:31:29.711073+00:00,34.86876590839103
2025-06-16 06:31:32.202715+00:00,34.9096132556987
2025-06-16 06:31:32.908754+00:00,34.89192770857776
2025-06-16 06:31:34.677333+00:00,34.886081645088034
2025-06-16 06:31:35.604893+00:00,34.892001622924155
2025-06-16 06:31:35.977485+00:00,34.880383657178385
2025-06-16 06:31:37.126270+00:00,34.880383657178385
2025-06-16 06:31:38.919928+00:00,34.921378583589615
2025-06-16 06:31:39.928137+00:00,34.91553277069561
2025-06-16 06:31:42.230473+00:00,34.92152566796723
2025-06-16 06:31:44.135863+00:00,34.92744479623371
2025-06-16 06:31:44.529978+00:00,34.91575358184103
2025-06-16 06:31:45.783136+00:00,34.892297172769894
2025-06-16 06:31:49.615459+00:00,34.8571483765647
2025-06-16 06:31:50.395197+00:00,34.880457683825945
2025-06-16 06:31:51.177251+00:00,34.897995272154844
2025-06-16 06:31:52.743301+00:00,34.921378583589615
2025-06-16 06:31:53.555013+00:00,34.933070179448244
2025-06-16 06:31:53.759297+00:00,34.915385509495906
2025-06-16 06:31:54.099038+00:00,34.93299675493458
2025-06-16 06:31:55.577558+00:00,34.9154591454727
2025-06-16 06:31:56.548918+00:00,34.91560638516463
2025-06-16 06:31:58.309687+00:00,34.892223301439444
2025-06-16 06:31:59.293992+00:00,34.86299422231774
2025-06-16 06:31:59.828108+00:00,34.85122817041525
2025-06-16 06:32:04.213082+00:00,34.957111179672054
2025-06-16 06:32:06.112126+00:00,35.01577924909769
2025-06-16 06:32:06.950130+00:00,35.0098619728654
2025-06-16 06:32:07.341339+00:00,35.0098619728654
2025-06-16 06:32:07.789920+00:00,35.02746892012981
2025-06-16 06:32:08.165126+00:00,35.01585159720054
2025-06-16 06:32:14.887855+00:00,35.09810576346737
2025-06-16 06:32:19.867001+00:00,35.12739782853347
2025-06-16 06:32:24.693421+00:00,35.15119841153715
2025-06-16 06:32:25.418206+00:00,35.145283990383454
2025-06-16 06:32:28.259206+00:00,35.15126907047836
2025-06-16 06:32:28.519157+00:00,35.14542545280622
2025-06-16 06:32:29.228382+00:00,35.15133971866675
2025-06-16 06:32:34.202993+00:00,35.18647105004379
2025-06-16 06:32:34.953733+00:00,35.22153138507064
2025-06-16 06:32:36.452693+00:00,35.23335745329214
2025-06-16 06:32:39.825516+00:00,35.25088702505338
2025-06-16 06:32:41.096266+00:00,35.239270255648734
2025-06-16 06:32:41.534813+00:00,35.23920065384862
2025-06-16 06:32:41.905792+00:00,35.23328777384936
2025-06-16 06:32:42.215763+00:00,35.24511337934583
2025-06-16 06:32:42.817870+00:00,35.239270255648734
2025-06-16 06:32:43.017492+00:00,35.23920065384862
2025-06-16 06:32:43.285478+00:00,35.23328777384936
2025-06-16 06:32:43.620467+00:00,35.25666078381844
2025-06-16 06:32:44.542183+00:00,35.24504384443569
2025-06-16 06:32:44.781994+00:00,35.21582779180635
2025-06-16 06:32:45.065456+00:00,35.215757911691504
2025-06-16 06:32:45.406050+00:00,35.22160120904708
2025-06-16 06:32:47.471801+00:00,35.26264269062213
2025-06-16 06:32:49.645903+00:00,35.244974298773144
2025-06-16 06:32:52.611939+00:00,35.221740824742426
2025-06-16 06:32:52.977999+00:00,35.21012441312658
2025-06-16 06:32:54.650111+00:00,35.21610720474037
2025-06-16 06:32:57.451701+00:00,35.245321919561775
2025-06-16 06:32:57.716143+00:00,35.25686898721103
2025-06-16 06:32:59.028520+00:00,35.24546089261038
2025-06-16 06:32:59.445710+00:00,35.25714644120146
2025-06-16 06:33:00.577288+00:00,35.25707709383238
2025-06-16 06:33:01.897443+00:00,35.268831949920425
2025-06-16 06:33:02.436035+00:00,35.28642914041193
2025-06-16 06:33:07.555290+00:00,35.34499175236542
2025-06-16 06:33:09.230561+00:00,35.32760145772316
2025-06-16 06:33:12.772250+00:00,35.36265513999191
2025-06-16 06:33:14.868270+00:00,35.38038544901805
2025-06-16 06:33:15.576961+00:00,35.38011395758807
2025-06-16 06:33:16.022689+00:00,35.37447550049695
2025-06-16 06:33:17.341049+00:00,35.37454342411114
2025-06-16 06:33:19.674177+00:00,35.38038544901805
2025-06-16 06:33:22.306459+00:00,35.386227463958754
2025-06-16 06:33:22.691267+00:00,35.39213718114312
2025-06-16 06:33:23.172133+00:00,35.40959542405953
2025-06-16 06:33:23.621826+00:00,35.41536993374115
2025-06-16 06:33:24.049140+00:00,35.39784380786366
2025-06-16 06:33:24.483364+00:00,35.40361825984316
2025-06-16 06:33:26.643440+00:00,35.38052113022218
2025-06-16 06:33:27.098587+00:00,35.397911463941554
2025-06-16 06:33:27.356101+00:00,35.386227463958754
2025-06-16 06:33:27.567153+00:00,35.397911463941554
2025-06-16 06:33:28.562479+00:00,35.397979109267716
2025-06-16 06:33:29.200178+00:00,35.3746113369735
2025-06-16 06:33:34.198873+00:00,35.392204882601234
2025-06-16 06:33:35.664224+00:00,35.36313146641472
2025-06-16 06:33:36.616459+00:00,35.421548790977326
2025-06-16 06:33:38.906449+00:00,35.41570710336489
2025-06-16 06:33:39.616933+00:00,35.433299337328684
2025-06-16 06:33:40.703216+00:00,35.44504956553974
2025-06-16 06:33:42.041464+00:00,35.43907379402286
2025-06-16 06:33:42.300203+00:00,35.44491544177412
2025-06-16 06:33:43.735321+00:00,35.415774505034676
2025-06-16 06:33:44.003340+00:00,35.41563969094345
2025-06-16 06:33:44.848388+00:00,35.433164924532356
2025-06-16 06:33:46.167466+00:00,35.45679947561339
2025-06-16 06:33:46.479656+00:00,35.445116611295276
2025-06-16 06:33:46.819598+00:00,35.468415521842196
2025-06-16 06:33:48.279597+00:00,35.462707727185766
2025-06-16 06:33:48.918000+00:00,35.46264089282553
2025-06-16 06:33:51.123277+00:00,35.43947643759184
2025-06-16 06:33:51.384707+00:00,35.445183646299284
2025-06-16 06:33:53.222101+00:00,35.49204729703864
2025-06-16 06:34:01.908246+00:00,35.56240311699822
2025-06-16 06:34:03.920831+00:00,35.62094026182966
2025-06-16 06:34:04.178865+00:00,35.59744758581993
2025-06-16 06:34:04.571776+00:00,35.585831490719585
2025-06-16 06:34:05.214429+00:00,35.60912899572303
2025-06-16 06:34:12.625740+00:00,35.65611238095001
2025-06-16 06:34:13.861765+00:00,35.64430234738254
2025-06-16 06:34:20.384038+00:00,35.65007823558193
2025-06-16 06:34:22.257795+00:00,35.67921661824827
2025-06-16 06:34:24.491587+00:00,35.64423767222657
2025-06-16 06:34:27.679135+00:00,35.649948986765175
2025-06-16 06:34:28.865066+00:00,35.644108289662654
2025-06-16 06:34:30.686251+00:00,35.632362024412004
2025-06-16 06:34:34.053490+00:00,35.63223230984809
2025-06-16 06:34:34.533271+00:00,35.608868539603634
2025-06-16 06:34:35.758099+00:00,35.6146444230788
2025-06-16 06:34:37.171866+00:00,35.608803398696736
2025-06-16 06:34:38.750824+00:00,35.62042041958893
2025-06-16 06:34:40.270020+00:00,35.59699073847212
2025-06-16 06:34:40.704523+00:00,35.60296236435051
2025-06-16 06:34:41.918008+00:00,35.585308352455336
2025-06-16 06:34:42.200354+00:00,35.57940163696158
2025-06-16 06:34:43.799535+00:00,35.56194346084643
2025-06-16 06:34:44.040375+00:00,35.57356035216516
2025-06-16 06:34:44.892069+00:00,35.57356035216516
2025-06-16 06:34:47.135657+00:00,35.555904855642105
2025-06-16 06:34:48.919126+00:00,35.567522069022864
2025-06-16 06:34:51.576996+00:00,35.54993163812745
2025-06-16 06:34:52.107565+00:00,35.55570740149201
2025-06-16 06:34:53.539935+00:00,35.52630045253605
2025-06-16 06:34:54.844945+00:00,35.52616802939325
2025-06-16 06:34:56.325307+00:00,35.51441757143646
2025-06-16 06:34:58.664765+00:00,35.51435119922914
2025-06-16 06:34:59.449160+00:00,35.50850900226953
2025-06-16 06:35:00.063891+00:00,35.502666795342336
2025-06-16 06:35:01.040648+00:00,35.473522451560015
2025-06-16 06:35:02.843570+00:00,35.47916428873059
2025-06-16 06:35:03.243282+00:00,35.46761334446019
2025-06-16 06:35:03.809148+00:00,35.47916428873059
2025-06-16 06:35:04.372365+00:00,35.479030666497664
2025-06-16 06:35:04.685626+00:00,35.47332189820413
2025-06-16 06:35:05.156154+00:00,35.46747949770964
2025-06-16 06:35:07.298309+00:00,35.47929786795786
2025-06-16 06:35:07.803563+00:00,35.45008648445689
2025-06-16 06:35:08.199305+00:00,35.46754642646064
2025-06-16 06:35:14.688725+00:00,35.449952236418014
2025-06-16 06:35:15.083808+00:00,35.45579466681659
2025-06-16 06:35:15.843698+00:00,35.444109796051414
2025-06-16 06:35:16.726830+00:00,35.44988509627128
2025-06-16 06:35:17.042785+00:00,35.46157008086347
2025-06-16 06:35:17.385463+00:00,35.45586172933016
2025-06-16 06:35:17.732168+00:00,35.44988509627128
2025-06-16 06:35:18.068442+00:00,35.438401861283495
2025-06-16 06:35:23.535170+00:00,35.44397537124262
2025-06-16 06:35:23.906831+00:00,35.44397537124262
2025-06-16 06:35:26.770050+00:00,35.44981794537301
2025-06-16 06:35:30.652397+00:00,35.44390814271089
2025-06-16 06:35:33.234783+00:00,35.408784446714265
2025-06-16 06:35:35.474311+00:00,35.408919717122174
2025-06-16 06:35:36.649029+00:00,35.42053747897452
2025-06-16 06:35:42.888914+00:00,35.39682767648542
2025-06-16 06:35:43.115406+00:00,35.40273848213689
2025-06-16 06:35:43.324007+00:00,35.37929845112291
2025-06-16 06:35:43.548179+00:00,35.37929845112291
2025-06-16 06:35:43.734512+00:00,35.36768040280897
2025-06-16 06:35:43.980628+00:00,35.39084881060241
2025-06-16 06:35:44.280444+00:00,35.3733872604185
2025-06-16 06:35:44.425633+00:00,35.37916238285295
2025-06-16 06:35:44.698581+00:00,35.36156441553343
2025-06-16 06:35:44.894499+00:00,35.38500560171283
2025-06-16 06:35:45.094018+00:00,35.36747591522225
2025-06-16 06:35:45.451526+00:00,35.37331915402275
2025-06-16 06:35:47.184815+00:00,35.35578940771035
2025-06-16 06:35:49.432397+00:00,35.31481753134522
2025-06-16 06:35:49.717194+00:00,35.32079835425677
2025-06-16 06:35:49.967010+00:00,35.32650431221548
2025-06-16 06:35:50.227172+00:00,35.332210484742575
2025-06-16 06:35:51.823537+00:00,35.326572964450186
2025-06-16 06:35:52.540255+00:00,35.33825957166517
2025-06-16 06:35:52.999516+00:00,35.33825957166517
2025-06-16 06:35:53.987519+00:00,35.30904297885043
2025-06-16 06:35:54.312635+00:00,35.31474873458432
2025-06-16 06:35:54.677899+00:00,35.31481753134522
2025-06-16 06:35:55.968102+00:00,35.32072964588724
2025-06-16 06:35:56.209378+00:00,35.3323476876948
2025-06-16 06:35:56.486713+00:00,35.3030617800569
2025-06-16 06:35:57.322910+00:00,35.344034408741855
2025-06-16 06:35:58.115590+00:00,35.33832807937472
2025-06-16 06:36:00.383827+00:00,35.326572964450186
2025-06-16 06:36:02.483448+00:00,35.33241627304284
2025-06-16 06:36:04.459820+00:00,35.30911182099441
2025-06-16 06:36:08.883500+00:00,35.32664160593283
2025-06-16 06:36:09.967713+00:00,35.344239731211886
2025-06-16 06:36:12.606130+00:00,35.35008287612168
2025-06-16 06:36:12.819570+00:00,35.33839657633224
2025-06-16 06:36:13.138785+00:00,35.344239731211886
2025-06-16 06:36:13.420551+00:00,35.35008287612168
2025-06-16 06:36:14.713724+00:00,35.3501512285551
2025-06-16 06:36:18.871506+00:00,35.350219570236554
2025-06-16 06:36:20.062858+00:00,35.338807332285015
2025-06-16 06:36:22.009002+00:00,35.35042453076911
2025-06-16 06:36:24.598368+00:00,35.34471844065552
2025-06-16 06:36:24.972929+00:00,35.37393172451711
2025-06-16 06:36:25.259236+00:00,35.344513343977326
2025-06-16 06:36:27.747643+00:00,35.39716665573877
2025-06-16 06:36:28.009666+00:00,35.373795673003634
2025-06-16 06:36:28.820296+00:00,35.391256083776916
2025-06-16 06:36:29.998140+00:00,35.41489744469801
2025-06-16 06:36:37.524950+00:00,35.45599582210281
2025-06-16 06:36:37.790508+00:00,35.43269414107034
2025-06-16 06:36:37.997182+00:00,35.44437851665034
2025-06-16 06:36:38.260177+00:00,35.44437851665034
2025-06-16 06:36:39.034981+00:00,35.4327614281054
2025-06-16 06:36:41.784315+00:00,35.47372290815308
2025-06-16 06:36:43.146120+00:00,35.473856492124696
2025-06-16 06:36:43.814895+00:00,35.473856492124696
2025-06-16 06:36:43.991337+00:00,35.47963162787656
2025-06-16 06:36:44.950307+00:00,35.497290362591116
2025-06-16 06:36:49.588642+00:00,35.51488187585276
2025-06-16 06:36:50.174770+00:00,35.497489823097204
2025-06-16 06:36:51.109558+00:00,35.52078974713141
2025-06-16 06:36:53.835261+00:00,35.53267107957475
2025-06-16 06:36:54.852263+00:00,35.53267107957475
2025-06-16 06:36:55.965901+00:00,35.52098834057965
2025-06-16 06:36:57.887970+00:00,35.567719057403906
2025-06-16 06:37:00.330072+00:00,35.550392606847524
2025-06-16 06:37:01.842151+00:00,35.585504609936315
2025-06-16 06:37:03.967481+00:00,35.562074844930606
2025-06-16 06:37:07.005376+00:00,35.544617349407304
2025-06-16 06:37:09.474921+00:00,35.58543920152692
2025-06-16 06:37:12.433580+00:00,35.56811274388896
2025-06-16 06:37:12.947362+00:00,35.56220618601069
2025-06-16 06:37:14.964197+00:00,35.6089336697597
2025-06-16 06:37:18.582312+00:00,35.544551472859744
2025-06-16 06:37:20.587220+00:00,35.56174630408748
2025-06-16 06:37:21.640299+00:00,35.5501951133311
2025-06-16 06:37:22.217654+00:00,35.526763594873316
2025-06-16 06:37:22.505501+00:00,35.55006339723144
2025-06-16 06:37:22.727474+00:00,35.520922153514775
2025-06-16 06:37:26.731236+00:00,35.58524291179316
2025-06-16 06:37:27.799372+00:00,35.56187775267781
2025-06-16 06:37:28.888285+00:00,35.57356035216516
2025-06-16 06:37:32.483777+00:00,35.567587742567554
2025-06-16 06:37:34.612955+00:00,35.58517746038005
2025-06-16 06:37:37.880305+00:00,35.60867308463047
2025-06-16 06:37:40.720313+00:00,35.59699073847212
2025-06-16 06:37:41.348652+00:00,35.60289714581749
2025-06-16 06:37:41.788052+00:00,35.591084176659905
2025-06-16 06:37:41.993763+00:00,35.60867308463047
2025-06-16 06:37:42.201560+00:00,35.60289714581749
2025-06-16 06:37:42.679162+00:00,35.58524291179316
2025-06-16 06:37:42.894390+00:00,35.60867308463047
2025-06-16 06:37:43.129683+00:00,35.59705603463157
2025-06-16 06:37:43.336899+00:00,35.59114955044603
2025-06-16 06:37:43.647434+00:00,35.585308352455336
2025-06-16 06:37:43.829846+00:00,35.60867308463047
2025-06-16 06:37:44.089205+00:00,35.62029035152103
2025-06-16 06:37:45.761897+00:00,35.59712132004013
2025-06-16 06:37:47.047594+00:00,35.56798155806459
2025-06-16 06:37:51.696248+00:00,35.61477456039168
2025-06-16 06:37:52.198917+00:00,35.6089336697597
2025-06-16 06:37:54.449759+00:00,35.57979452092803
2025-06-16 06:37:55.229275+00:00,35.585766136064755
2025-06-16 06:37:57.148886+00:00,35.61483961292193
2025-06-16 06:37:58.394843+00:00,35.65007823558193
2025-06-16 06:37:58.787302+00:00,35.626586138575625
2025-06-16 06:38:00.673588+00:00,35.632426865567886
2025-06-16 06:38:02.430916+00:00,35.638332346127996
2025-06-16 06:38:03.381673+00:00,35.632491695973044
2025-06-16 06:38:04.187532+00:00,35.644172986319944
2025-06-16 06:38:06.079438+00:00,35.62074540162013
2025-06-16 06:38:06.506549+00:00,35.632362024412004
2025-06-16 06:38:06.872558+00:00,35.62652123054545
2025-06-16 06:38:08.803423+00:00,35.609063897819404
2025-06-16 06:38:11.754912+00:00,35.62074540162013
2025-06-16 06:38:12.438008+00:00,35.632491695973044
2025-06-16 06:38:14.121184+00:00,35.644172986319944
2025-06-16 06:38:14.728730+00:00,35.65591878897451
2025-06-16 06:38:19.765450+00:00,35.65585423681479
2025-06-16 06:38:20.703834+00:00,35.66753544745755
2025-06-16 06:38:21.288515+00:00,35.66163035108048
2025-06-16 06:38:23.737782+00:00,35.66753544745755
2025-06-16 06:38:24.288551+00:00,35.649948986765175
2025-06-16 06:38:24.530309+00:00,35.667406578378404
2025-06-16 06:38:25.400742+00:00,35.64988434623083
2025-06-16 06:38:25.868750+00:00,35.649948986765175
2025-06-16 06:38:26.159746+00:00,35.64404358225469
2025-06-16 06:38:28.553886+00:00,35.685057188699105
2025-06-16 06:38:28.775848+00:00,35.67331167554281
2025-06-16 06:38:29.293619+00:00,35.66156584429268
2025-06-16 06:38:29.770710+00:00,35.644108289662654
2025-06-16 06:38:30.601879+00:00,35.644172986319944
2025-06-16 06:38:32.648032+00:00,35.655789673904444
2025-06-16 06:38:35.648096+00:00,35.638202808315086
2025-06-16 06:38:41.201705+00:00,35.632362024412004
2025-06-16 06:38:43.521850+00:00,35.632362024412004
2025-06-16 06:38:43.990262+00:00,35.632362024412004
2025-06-16 06:38:46.086523+00:00,35.626456311764535
2025-06-16 06:38:48.452597+00:00,35.620615441059954
2025-06-16 06:38:50.342343+00:00,35.60296236435051
2025-06-16 06:38:50.861766+00:00,35.59121491348127
2025-06-16 06:38:51.368343+00:00,35.59121491348127
2025-06-16 06:38:51.669253+00:00,35.56785032923625
2025-06-16 06:38:52.437401+00:00,35.55616797732743
2025-06-16 06:38:57.058153+00:00,35.54422192885548
2025-06-16 06:38:57.934348+00:00,35.53234070552339
2025-06-16 06:38:58.584268+00:00,35.49709080532323
2025-06-16 06:38:59.434046+00:00,35.45042191640242
2025-06-16 06:38:59.866572+00:00,35.43282870438886
2025-06-16 06:39:01.517087+00:00,35.42712128948995
2025-06-16 06:39:02.805635+00:00,35.40946036868562
2025-06-16 06:39:08.467994+00:00,35.42053747897452
2025-06-16 06:39:12.786352+00:00,35.40885208729407
2025-06-16 06:39:13.268009+00:00,35.43229019307641
2025-06-16 06:39:14.355209+00:00,35.397234419334154
2025-06-16 06:39:15.478003+00:00,35.39132392500805
2025-06-16 06:39:21.975444+00:00,35.33269050691447
2025-06-16 06:39:24.984895+00:00,35.350219570236554
2025-06-16 06:39:26.946737+00:00,35.3501512285551
2025-06-16 06:39:28.052129+00:00,35.33846506253774
2025-06-16 06:39:29.509812+00:00,35.27432884829383
2025-06-16 06:39:29.789195+00:00,35.291789010234105
2025-06-16 06:39:35.661904+00:00,35.32664160593283
2025-06-16 06:39:36.064050+00:00,35.28580773377214
2025-06-16 06:39:37.026358+00:00,35.27398273845261
2025-06-16 06:39:37.385757+00:00,35.279826136778006
2025-06-16 06:39:38.046297+00:00,35.26807000904281
2025-06-16 06:39:42.002828+00:00,35.24455679899704
2025-06-16 06:39:42.216842+00:00,35.25040044784367
2025-06-16 06:39:42.477006+00:00,35.2211821039006
2025-06-16 06:39:42.726707+00:00,35.21519848368112
2025-06-16 06:39:44.700880+00:00,35.22709560347943
2025-06-16 06:39:50.028981+00:00,35.17365698380613
2025-06-16 06:39:50.264764+00:00,35.18548676645567
2025-06-16 06:39:51.218004+00:00,35.18562750742909
2025-06-16 06:39:51.869338+00:00,35.20900431480418
2025-06-16 06:39:55.738165+00:00,35.14429254910366
2025-06-16 06:39:56.002198+00:00,35.155911150987144
2025-06-16 06:39:56.235597+00:00,35.144363436231615
2025-06-16 06:39:56.464552+00:00,35.161826583107114
2025-06-16 06:39:58.129286+00:00,35.126758425334636
2025-06-16 06:39:58.286117+00:00,35.161755885908036
2025-06-16 06:39:58.930043+00:00,35.13787983187123
2025-06-16 06:40:00.509496+00:00,35.1383768863794
2025-06-16 06:40:02.264475+00:00,35.1326031432316
2025-06-16 06:40:04.495294+00:00,35.10316532330936
2025-06-16 06:40:06.169786+00:00,35.10915291254955
2025-06-16 06:40:07.544072+00:00,35.10908160254601
2025-06-16 06:40:09.263395+00:00,35.13239001596335
2025-06-16 06:40:15.733776+00:00,35.120842532004026
2025-06-16 06:40:16.612432+00:00,35.14429254910366
2025-06-16 06:40:16.975705+00:00,35.13816392753628
2025-06-16 06:40:17.419225+00:00,35.108938950279814
2025-06-16 06:40:17.774042+00:00,35.10908160254601
2025-06-16 06:40:18.110467+00:00,35.10337945400727
2025-06-16 06:40:18.463386+00:00,35.103236710961724
2025-06-16 06:40:18.786969+00:00,35.10915291254955
2025-06-16 06:40:19.294621+00:00,35.10337945400727
2025-06-16 06:40:19.877710+00:00,35.11506895961886
2025-06-16 06:40:20.407984+00:00,35.11506895961886
2025-06-16 06:40:20.819756+00:00,35.12091369746372
2025-06-16 06:40:23.844772+00:00,35.15020805731259
2025-06-16 06:40:27.213013+00:00,35.144505178228854
2025-06-16 06:40:28.748846+00:00,35.150349665521674
2025-06-16 06:40:31.022926+00:00,35.12112712932491
2025-06-16 06:40:33.543979+00:00,35.15027886679356
2025-06-16 06:40:33.899848+00:00,35.150349665521674
2025-06-16 06:40:34.243503+00:00,35.126971656510804
2025-06-16 06:40:34.735830+00:00,35.138589748446286
2025-06-16 06:40:35.208780+00:00,35.150349665521674
2025-06-16 06:40:35.585927+00:00,35.15042045349693
2025-06-16 06:40:36.674728+00:00,35.156335574251266
2025-06-16 06:40:43.227805+00:00,35.16217990781038
2025-06-16 06:40:43.462010+00:00,35.150561997188895
2025-06-16 06:40:43.837686+00:00,35.17393904390603
2025-06-16 06:40:44.110284+00:00,35.138944303499706
2025-06-16 06:40:45.201380+00:00,35.17379803536158
2025-06-16 06:40:51.437896+00:00,35.191612288409644
2025-06-16 06:40:51.864153+00:00,35.20907440159371
2025-06-16 06:40:52.573762+00:00,35.17408000943949
2025-06-16 06:40:52.925860+00:00,35.20914447763064
2025-06-16 06:40:53.663588+00:00,35.17985370190412
2025-06-16 06:40:54.708473+00:00,35.185838538244006
2025-06-16 06:40:55.008239+00:00,35.17400953204914
2025-06-16 06:40:56.204459+00:00,35.174220931962
2025-06-16 06:40:56.346110+00:00,35.17992411240168
2025-06-16 06:40:56.797113+00:00,35.19745636145544
2025-06-16 06:40:57.131530+00:00,35.18576820539173
2025-06-16 06:40:57.433018+00:00,35.17408000943949
2025-06-16 06:41:04.252540+00:00,35.17415047607711
2025-06-16 06:41:05.913394+00:00,35.179994512146514
2025-06-16 06:41:09.317277+00:00,35.17408000943949
2025-06-16 06:41:10.901127+00:00,35.19745636145544
2025-06-16 06:41:12.137526+00:00,35.174291377094136
2025-06-16 06:41:12.923145+00:00,35.19175280957689
2025-06-16 06:41:14.553484+00:00,35.18569786178676
2025-06-16 06:41:15.357876+00:00,35.17400953204914
2025-06-16 06:41:16.669157+00:00,35.16253296369369
2025-06-16 06:41:17.076876+00:00,35.13880251373703
2025-06-16 06:41:18.557718+00:00,35.1330291074389
2025-06-16 06:41:19.022367+00:00,35.12725581420437
2025-06-16 06:41:20.397859+00:00,35.09803441644977
2025-06-16 06:41:21.204688+00:00,35.07472873334662
2025-06-16 06:41:21.847260+00:00,35.06881276938624
2025-06-16 06:41:23.292699+00:00,35.063111896097254
2025-06-16 06:41:24.563893+00:00,35.074657118743666
2025-06-16 06:41:27.086386+00:00,35.08641726835125
2025-06-16 06:41:27.337049+00:00,35.09226152089538
2025-06-16 06:41:27.914764+00:00,35.11563843135057
2025-06-16 06:41:28.203701+00:00,35.115709566928544
2025-06-16 06:41:29.001406+00:00,35.11563843135057
2025-06-16 06:41:30.176473+00:00,35.12732682674539
2025-06-16 06:41:31.769006+00:00,35.11578069175354
2025-06-16 06:41:35.461321+00:00,35.09810576346737
2025-06-16 06:41:36.532420+00:00,35.08071606898813
2025-06-16 06:41:39.185113+00:00,35.16246237402261
2025-06-16 06:41:39.664702+00:00,35.13908605025079
2025-06-16 06:41:42.553173+00:00,35.115709566928544
2025-06-16 06:41:45.092595+00:00,35.0514234151105
2025-06-16 06:41:46.799363+00:00,35.03396268022053
2025-06-16 06:41:50.963480+00:00,35.10993661288849
2025-06-16 06:41:53.858484+00:00,35.086703084059415
2025-06-16 06:41:54.129961+00:00,35.05741123741239
2025-06-16 06:41:54.451434+00:00,35.069027781626275
2025-06-16 06:41:55.138061+00:00,35.06332704450937
2025-06-16 06:41:56.911852+00:00,35.11592290914457
2025-06-16 06:41:57.921542+00:00,35.10430623538082
2025-06-16 06:41:59.861103+00:00,35.12753979985084
2025-06-16 06:42:04.609300+00:00,35.14514248494928
2025-06-16 06:42:05.392545+00:00,35.17450264797416
2025-06-16 06:42:07.541618+00:00,35.17450264797416
2025-06-16 06:42:08.116128+00:00,35.221391704860196
2025-06-16 06:42:11.097737+00:00,35.20956470804786
2025-06-16 06:42:13.706928+00:00,35.197877394573005
2025-06-16 06:42:14.581659+00:00,35.221391704860196
2025-06-16 06:42:15.304741+00:00,35.2213218486262
2025-06-16 06:42:17.375000+00:00,35.244765597271005
2025-06-16 06:42:17.917567+00:00,35.2211821039006
2025-06-16 06:42:18.592041+00:00,35.22709560347943
2025-06-16 06:42:18.885760+00:00,35.21547828370671
2025-06-16 06:42:21.510072+00:00,35.19794752912507
2025-06-16 06:42:22.040339+00:00,35.19189328773348
2025-06-16 06:42:23.941594+00:00,35.186190041215106
2025-06-16 06:42:26.078718+00:00,35.18611976212625
2025-06-16 06:42:27.356019+00:00,35.18604947228472
2025-06-16 06:42:27.573196+00:00,35.18604947228472
2025-06-16 06:42:27.754965+00:00,35.221112215409015
2025-06-16 06:42:27.980446+00:00,35.20914447763064
2025-06-16 06:42:28.231059+00:00,35.21526844981635
2025-06-16 06:42:28.464765+00:00,35.185908860343595
2025-06-16 06:42:28.665247+00:00,35.209354641225886
2025-06-16 06:42:28.999236+00:00,35.19182305403152
2025-06-16 06:42:29.291508+00:00,35.20942467425245
2025-06-16 06:42:29.667973+00:00,35.19175280957689
2025-06-16 06:42:29.914811+00:00,35.1859791716905
2025-06-16 06:42:30.232923+00:00,35.19759674883851
2025-06-16 06:42:31.040060+00:00,35.19759674883851
2025-06-16 06:42:31.657239+00:00,35.18006490113863
2025-06-16 06:42:31.915549+00:00,35.185908860343595
2025-06-16 06:42:32.260557+00:00,35.13873160272636
2025-06-16 06:42:33.740264+00:00,35.16253296369369
2025-06-16 06:42:35.952014+00:00,35.144859345046655
2025-06-16 06:42:37.045524+00:00,35.11563843135057
2025-06-16 06:42:37.748695+00:00,35.12134046440931
2025-06-16 06:42:39.327383+00:00,35.06874107713318
2025-06-16 06:42:40.522703+00:00,35.04536331238991
2025-06-16 06:42:41.493863+00:00,35.02169637080435
2025-06-16 06:42:41.869278+00:00,35.039302701529245
2025-06-16 06:42:42.119071+00:00,35.033458024744334
2025-06-16 06:42:42.293771+00:00,35.03338588809149
2025-06-16 06:42:45.541510+00:00,34.98691820245077
2025-06-16 06:42:48.206244+00:00,35.045075365484635
2025-06-16 06:42:50.547622+00:00,34.99254500799835
2025-06-16 06:42:51.230500+00:00,35.010151611367235
2025-06-16 06:42:51.982140+00:00,35.021768641254674
2025-06-16 06:42:52.684916+00:00,35.039374760530364
2025-06-16 06:42:56.395036+00:00,34.9633211254103
2025-06-16 06:42:57.297507+00:00,34.95170456506289
2025-06-16 06:42:58.885210+00:00,34.951485345299716
2025-06-16 06:43:00.280859+00:00,34.934023719529996
2025-06-16 06:43:03.223256+00:00,34.94585980558073
2025-06-16 06:43:05.519005+00:00,34.9341702566973
2025-06-16 06:43:08.205990+00:00,34.986627579579014
2025-06-16 06:43:10.364308+00:00,34.95740331262008
2025-06-16 06:43:11.568005+00:00,34.98691820245077
2025-06-16 06:43:13.087773+00:00,35.033602265789966
2025-06-16 06:43:15.019094+00:00,35.05676480298379
2025-06-16 06:43:18.855191+00:00,34.98063723637606
2025-06-16 06:43:19.313801+00:00,34.95740331262008
2025-06-16 06:43:19.546763+00:00,34.96317523575377
2025-06-16 06:43:19.922889+00:00,34.951485345299716
2025-06-16 06:43:20.358855+00:00,34.939795414950744
2025-06-16 06:43:22.856201+00:00,34.969093049324144
2025-06-16 06:43:24.526825+00:00,34.99838975459616
2025-06-16 06:43:26.040047+00:00,35.02739669507157
2025-06-16 06:43:26.858486+00:00,34.99261760219286
2025-06-16 06:43:27.125519+00:00,34.986554896977204
2025-06-16 06:43:27.376252+00:00,34.998099537882965
2025-06-16 06:43:28.352964+00:00,35.01577924909769
2025-06-16 06:43:31.474841+00:00,34.969530123321626
2025-06-16 06:43:33.894650+00:00,34.96310227479503
2025-06-16 06:43:34.130140+00:00,34.969020166020215
2025-06-16 06:43:34.563728+00:00,34.98078274613422
2025-06-16 06:43:35.139488+00:00,35.021768641254674
2025-06-16 06:43:35.322907+00:00,35.00416202007242
2025-06-16 06:43:35.526485+00:00,35.03324158252573
2025-06-16 06:43:35.892721+00:00,35.02155179764347
2025-06-16 06:43:37.970799+00:00,34.96353987924273
2025-06-16 06:43:38.765362+00:00,34.94016139647332
2025-06-16 06:43:39.419570+00:00,34.946079129265875
2025-06-16 06:43:40.286995+00:00,34.928472095253106
2025-06-16 06:43:41.698245+00:00,34.93446320198664
2025-06-16 06:43:42.521928+00:00,34.96353987924273
2025-06-16 06:43:42.796613+00:00,34.95769527350925
2025-06-16 06:43:44.580048+00:00,34.95170456506289
2025-06-16 06:43:44.861664+00:00,34.934316750849504
2025-06-16 06:43:48.850891+00:00,34.987063449365365
2025-06-16 06:43:51.684111+00:00,34.99298041186261
2025-06-16 06:43:52.189699+00:00,35.01635773282458
2025-06-16 06:43:53.738438+00:00,35.03396268022053
2025-06-16 06:43:54.350309+00:00,35.0338906188411
2025-06-16 06:43:55.063632+00:00,35.05156712572812
2025-06-16 06:43:56.354530+00:00,35.045651087242476
2025-06-16 06:43:57.551922+00:00,35.051495275795936
2025-06-16 06:43:57.955287+00:00,35.05712404075433
2025-06-16 06:43:58.571000+00:00,35.0338906188411
2025-06-16 06:43:59.706839+00:00,35.04557915965927
2025-06-16 06:43:59.992445+00:00,35.04550722132277
2025-06-16 06:44:03.213503+00:00,35.069027781626275
2025-06-16 06:44:03.530253+00:00,35.039806888717344
2025-06-16 06:44:03.888519+00:00,35.0338906188411
2025-06-16 06:44:04.213427+00:00,35.01051341754194
2025-06-16 06:44:04.514566+00:00,35.00459668565995
2025-06-16 06:44:04.876536+00:00,35.02212983220536
2025-06-16 06:44:05.269415+00:00,35.01044107781388
2025-06-16 06:44:05.764308+00:00,34.987063449365365
2025-06-16 06:44:06.201372+00:00,34.97544731643616
2025-06-16 06:44:06.670721+00:00,35.022274233311904
2025-06-16 06:44:07.029149+00:00,35.02220203813532
2025-06-16 06:44:13.531049+00:00,35.086560197711556
2025-06-16 06:44:13.964649+00:00,35.104092524051765
2025-06-16 06:44:14.105773+00:00,35.0924043164633
2025-06-16 06:44:14.348179+00:00,35.08050145812873
2025-06-16 06:44:14.657566+00:00,35.09233292405588
2025-06-16 06:44:17.771272+00:00,35.039806888717344
2025-06-16 06:44:19.847830+00:00,35.01051341754194
2025-06-16 06:44:20.029248+00:00,34.99298041186261
2025-06-16 06:44:21.278778+00:00,34.987063449365365
2025-06-16 06:44:22.255084+00:00,34.99882475706096
2025-06-16 06:44:23.071929+00:00,35.02804633347416
2025-06-16 06:44:23.359952+00:00,35.01628545999569
2025-06-16 06:44:24.605764+00:00,35.06296841005646
2025-06-16 06:44:25.200115+00:00,35.07472873334662
2025-06-16 06:44:27.037394+00:00,35.09803441644977
2025-06-16 06:44:31.155389+00:00,35.08035833045674
2025-06-16 06:44:33.303286+00:00,35.0512077685346
2025-06-16 06:44:36.310785+00:00,35.02155179764347
2025-06-16 06:44:36.537000+00:00,35.033097233946535
2025-06-16 06:44:37.892049+00:00,35.0156345206317
2025-06-16 06:44:39.471954+00:00,34.99780914911359
2025-06-16 06:44:39.688962+00:00,34.974282167958926
2025-06-16 06:44:40.796717+00:00,34.99773652503745
2025-06-16 06:44:42.865014+00:00,34.96836373237114
2025-06-16 06:44:43.441232+00:00,34.962591246981205
2025-06-16 06:44:44.102887+00:00,34.96251819999312
2025-06-16 06:44:45.041672+00:00,34.962591246981205
2025-06-16 06:44:46.130301+00:00,34.96829074153078
2025-06-16 06:44:46.562018+00:00,34.945054790698016
2025-06-16 06:44:47.046192+00:00,34.933070179448244
2025-06-16 06:44:48.203111+00:00,34.856925493759086
2025-06-16 06:44:48.573356+00:00,34.83961077944821
2025-06-16 06:44:49.109223+00:00,34.851153809240884
2025-06-16 06:44:49.737749+00:00,34.8629200057089
2025-06-16 06:44:50.254911+00:00,34.8570740930503
2025-06-16 06:44:50.574797+00:00,34.82784438011041
2025-06-16 06:44:51.113398+00:00,34.83346662470908
2025-06-16 06:44:54.984662+00:00,34.78092598175237
2025-06-16 06:44:55.621704+00:00,34.76923359948222
2025-06-16 06:44:57.338810+00:00,34.81008191180159
2025-06-16 06:44:59.248031+00:00,34.79831449988486
2025-06-16 06:45:00.301256+00:00,34.809932177478295
2025-06-16 06:45:01.429444+00:00,34.833317425643045
2025-06-16 06:45:02.387019+00:00,34.82747112856826
2025-06-16 06:45:02.845329+00:00,34.83316818356001
2025-06-16 06:45:05.536355+00:00,34.80985729418513
2025-06-16 06:45:06.909296+00:00,34.804085840493116
2025-06-16 06:45:09.942792+00:00,34.80985729418513
2025-06-16 06:45:10.405873+00:00,34.798089448558066
2025-06-16 06:45:10.936679+00:00,34.79224295780122
2025-06-16 06:45:11.279216+00:00,34.78647161874637
2025-06-16 06:45:12.081064+00:00,34.774703425662345
2025-06-16 06:45:12.841574+00:00,34.75146835863448
2025-06-16 06:45:13.308559+00:00,34.75124166922744
2025-06-16 06:45:15.445150+00:00,34.76316120222404
2025-06-16 06:45:16.116229+00:00,34.768706137916006
2025-06-16 06:45:18.438033+00:00,34.78047470701012
2025-06-16 06:45:21.610617+00:00,34.76301035434615
2025-06-16 06:45:25.337032+00:00,34.798014409940336
2025-06-16 06:45:26.362519+00:00,34.79224295780122
2025-06-16 06:45:27.379104+00:00,34.757239299946804
2025-06-16 06:45:27.896270+00:00,34.76316120222404
2025-06-16 06:45:28.439590+00:00,34.745621921873315
2025-06-16 06:45:35.682640+00:00,34.79239313658995
2025-06-16 06:45:37.086723+00:00,34.80401089029218
2025-06-16 06:45:44.948740+00:00,34.851153809240884
2025-06-16 06:45:45.301572+00:00,34.85107943731237
2025-06-16 06:45:45.837402+00:00,34.86284577834595
2025-06-16 06:45:46.348301+00:00,34.8629200057089
2025-06-16 06:45:46.736027+00:00,34.86869174793345
2025-06-16 06:45:47.066946+00:00,34.856999798781764
2025-06-16 06:45:49.653826+00:00,34.87468588389512
2025-06-16 06:45:50.737158+00:00,34.90968694782515
2025-06-16 06:45:57.823294+00:00,34.880753682875806
2025-06-16 06:45:58.537535+00:00,34.92181970767622
2025-06-16 06:46:01.072662+00:00,34.927885325333506
2025-06-16 06:46:03.821802+00:00,34.956965048675926
2025-06-16 06:46:07.326911+00:00,34.96865558819604
2025-06-16 06:46:08.545192+00:00,34.93986863276276
2025-06-16 06:46:09.029000+00:00,34.951339145022395
2025-06-16 06:46:09.586486+00:00,34.93972218638497
2025-06-16 06:46:13.034488+00:00,34.998172108191525
2025-06-16 06:46:13.654710+00:00,34.99239978734875
2025-06-16 06:46:16.142416+00:00,34.99831721654811
2025-06-16 06:46:16.934931+00:00,34.99824466774657
2025-06-16 06:46:17.722734+00:00,34.96339405410809
2025-06-16 06:46:19.226124+00:00,34.94001503612554
2025-06-16 06:46:19.879153+00:00,34.95747631897289
2025-06-16 06:46:26.511704+00:00,35.01029636609745
2025-06-16 06:46:28.317510+00:00,34.98085548488294
2025-06-16 06:46:29.860020+00:00,35.01029636609745
2025-06-16 06:46:30.803483+00:00,34.986554896977204
2025-06-16 06:46:36.836087+00:00,34.969020166020215
2025-06-16 06:46:37.862582+00:00,34.92233386314396
2025-06-16 06:46:40.097103+00:00,34.90494620996048
2025-06-16 06:46:40.296917+00:00,34.88726405462197
2025-06-16 06:46:40.645115+00:00,34.89310904764271
2025-06-16 06:46:42.712863+00:00,34.916635858574324
2025-06-16 06:46:44.134806+00:00,34.98085548488294
2025-06-16 06:46:45.285827+00:00,34.98684556286315
2025-06-16 06:46:50.308132+00:00,34.934096993490535
2025-06-16 06:46:50.983495+00:00,34.95747631897289
2025-06-16 06:46:52.027187+00:00,35.004451840144654
2025-06-16 06:46:53.850350+00:00,35.01044107781388
2025-06-16 06:46:57.706037+00:00,35.022057615522016
2025-06-16 06:46:57.957070+00:00,35.033674370182766
2025-06-16 06:46:58.959952+00:00,35.027829884120315
2025-06-16 06:46:59.337186+00:00,35.02184090095161
2025-06-16 06:46:59.954350+00:00,35.033674370182766
2025-06-16 06:47:04.393657+00:00,35.03944680877816
2025-06-16 06:47:04.740740+00:00,35.01628545999569
2025-06-16 06:47:05.051927+00:00,35.03381854670833
2025-06-16 06:47:05.393331+00:00,35.01614088207766
2025-06-16 06:47:10.852112+00:00,35.033602265789966
2025-06-16 06:47:14.341743+00:00,35.02184090095161
2025-06-16 06:47:18.769643+00:00,34.97508350326112
2025-06-16 06:47:19.804654+00:00,34.99247240305032
2025-06-16 06:47:20.435585+00:00,34.99247240305032
2025-06-16 06:47:21.642928+00:00,35.0098619728654
2025-06-16 06:47:24.844401+00:00,34.9516315025622
2025-06-16 06:47:26.224826+00:00,34.969093049324144
2025-06-16 06:47:26.933615+00:00,34.97479225915633
2025-06-16 06:47:31.411024+00:00,34.96317523575377
2025-06-16 06:47:32.342662+00:00,34.974937902715936
2025-06-16 06:47:32.732172+00:00,34.969093049324144
2025-06-16 06:47:34.227213+00:00,34.98078274613422
2025-06-16 06:47:34.855567+00:00,34.98078274613422
2025-06-16 06:47:35.984041+00:00,34.974937902715936
2025-06-16 06:47:37.117819+00:00,34.9514122505379
2025-06-16 06:47:37.429020+00:00,34.94542086785986
2025-06-16 06:47:38.618207+00:00,34.9514122505379
2025-06-16 06:47:44.883388+00:00,34.875056136576255
2025-06-16 06:47:45.544303+00:00,34.8983642405165
2025-06-16 06:47:47.991755+00:00,34.8808276557532
2025-06-16 06:47:49.535800+00:00,34.88652537128327
2025-06-16 06:47:49.737569+00:00,34.8982166854337
2025-06-16 06:47:49.946894+00:00,34.8689883252393
2025-06-16 06:47:52.236574+00:00,34.90413604355973
2025-06-16 06:47:52.429762+00:00,34.880753682875806
2025-06-16 06:47:53.618247+00:00,34.88067969924438
2025-06-16 06:47:55.138319+00:00,34.88667319398295
2025-06-16 06:47:55.724517+00:00,34.86906244268056
2025-06-16 06:47:56.801779+00:00,34.857445403080995
2025-06-16 06:47:59.492208+00:00,34.90420974882029
2025-06-16 06:48:00.649632+00:00,34.88067969924438
2025-06-16 06:48:02.175467+00:00,34.880901617876575
2025-06-16 06:48:02.951781+00:00,34.89259255055193
2025-06-16 06:48:05.534994+00:00,34.892444883168864
2025-06-16 06:48:06.407731+00:00,34.92759168228226
2025-06-16 06:48:08.858947+00:00,34.93358384993732
2025-06-16 06:48:09.894949+00:00,34.9276651091758
2025-06-16 06:48:12.076450+00:00,34.910276097696126
2025-06-16 06:48:12.526979+00:00,34.9160478461473
2025-06-16 06:48:13.126137+00:00,34.91597429620155
2025-06-16 06:48:13.596302+00:00,34.90443080007842
2025-06-16 06:48:15.285682+00:00,34.904283443326925
2025-06-16 06:48:19.126583+00:00,34.91597429620155
2025-06-16 06:48:21.279525+00:00,34.927885325333506
2025-06-16 06:48:21.875093+00:00,34.94542086785986
2025-06-16 06:48:23.168082+00:00,34.91619491377722
2025-06-16 06:48:23.933835+00:00,34.91619491377722
2025-06-16 06:48:24.768164+00:00,34.93387713934758
2025-06-16 06:48:25.937796+00:00,34.92803208233624
2025-06-16 06:48:28.424213+00:00,34.88119735882988
2025-06-16 06:48:28.981407+00:00,34.88711640398614
2025-06-16 06:48:29.280809+00:00,34.91042327762492
2025-06-16 06:48:34.159752+00:00,34.92196666300763
2025-06-16 06:48:36.121681+00:00,34.91619491377722
2025-06-16 06:48:37.174975+00:00,34.92773852531551
2025-06-16 06:48:37.844770+00:00,34.91619491377722
2025-06-16 06:48:39.841444+00:00,34.92196666300763
2025-06-16 06:48:40.042589+00:00,34.8926663681125
2025-06-16 06:48:40.500404+00:00,34.904283443326925
2025-06-16 06:48:40.661532+00:00,34.8983642405165
2025-06-16 06:48:40.920824+00:00,34.886820973666644
2025-06-16 06:48:41.129558+00:00,34.92181970767622
2025-06-16 06:48:41.328838+00:00,34.9160478461473
2025-06-16 06:48:41.605937+00:00,34.90420974882029
2025-06-16 06:48:41.921690+00:00,34.8983642405165
2025-06-16 06:48:42.172135+00:00,34.8867470892018
2025-06-16 06:48:42.447895+00:00,34.91005524714876
2025-06-16 06:48:42.665406+00:00,34.8808276557532
2025-06-16 06:48:43.902926+00:00,34.89259255055193
2025-06-16 06:48:49.200198+00:00,34.881049509861256
2025-06-16 06:48:50.913649+00:00,34.886820973666644
2025-06-16 06:48:51.623934+00:00,34.8926663681125
2025-06-16 06:48:52.499978+00:00,34.898585492486085
2025-06-16 06:48:54.063098+00:00,34.898585492486085
2025-06-16 06:48:54.206207+00:00,34.91005524714876
2025-06-16 06:48:54.624096+00:00,34.88097556924592
2025-06-16 06:48:55.015811+00:00,34.886820973666644
2025-06-16 06:48:55.227275+00:00,34.881049509861256
2025-06-16 06:48:55.468565+00:00,34.8808276557532
2025-06-16 06:48:55.758778+00:00,34.88097556924592
2025-06-16 06:48:56.353292+00:00,34.86928473047988
2025-06-16 06:48:56.596062+00:00,34.881049509861256
2025-06-16 06:48:59.075781+00:00,34.87513015485033
2025-06-16 06:49:11.248908+00:00,34.86321680761961
2025-06-16 06:49:11.649493+00:00,34.88667319398295
2025-06-16 06:49:14.179703+00:00,34.881049509861256
2025-06-16 06:49:14.438824+00:00,34.898585492486085
2025-06-16 06:49:15.316630+00:00,34.89274017491912
2025-06-16 06:49:17.037239+00:00,34.86913654936774
2025-06-16 06:49:17.838334+00:00,34.875056136576255
2025-06-16 06:49:18.575243+00:00,34.86336514405034
2025-06-16 06:49:18.915781+00:00,34.8808276557532
2025-06-16 06:49:20.076740+00:00,34.869210645300846
2025-06-16 06:49:23.245879+00:00,34.84005745900467
2025-06-16 06:49:24.215385+00:00,34.875278159136364
2025-06-16 06:49:27.590410+00:00,34.8578164442586
2025-06-16 06:49:28.351957+00:00,34.91064396686396
2025-06-16 06:49:29.238815+00:00,34.88726405462197
2025-06-16 06:49:30.752274+00:00,34.904799003763706
2025-06-16 06:49:32.481028+00:00,34.88141905162773
2025-06-16 06:49:35.380430+00:00,34.916782754142545
2025-06-16 06:49:36.541144+00:00,34.89895403068996
2025-06-16 06:49:38.413649+00:00,34.969384475003615
2025-06-16 06:49:38.756438+00:00,34.969311634714174
2025-06-16 06:49:38.998286+00:00,34.98085548488294
2025-06-16 06:49:41.366385+00:00,34.98677291252199
2025-06-16 06:49:41.899575+00:00,34.98085548488294
2025-06-16 06:49:42.658006+00:00,34.98677291252199
2025-06-16 06:49:42.940961+00:00,34.97508350326112
2025-06-16 06:49:44.456654+00:00,34.97544731643616
2025-06-16 06:49:47.268119+00:00,34.99882475706096
2025-06-16 06:49:54.322347+00:00,35.022274233311904
2025-06-16 06:49:54.716106+00:00,35.022274233311904
2025-06-16 06:49:55.554864+00:00,35.0457230040724
2025-06-16 06:49:56.446594+00:00,35.03396268022053
2025-06-16 06:49:57.201424+00:00,35.0457230040724
2025-06-16 06:49:57.925469+00:00,35.03973489423613
2025-06-16 06:49:58.919544+00:00,35.0513515436718
2025-06-16 06:49:59.154345+00:00,35.0513515436718
2025-06-16 06:49:59.881909+00:00,35.034034730846635
2025-06-16 06:50:01.479710+00:00,35.045651087242476
2025-06-16 06:50:02.552333+00:00,35.01628545999569
2025-06-16 06:50:08.423561+00:00,35.01614088207766
2025-06-16 06:50:10.589956+00:00,35.01044107781388
2025-06-16 06:50:11.206225+00:00,34.99867979925333
2025-06-16 06:50:11.748992+00:00,35.01614088207766
2025-06-16 06:50:23.887847+00:00,34.99860730421928
2025-06-16 06:50:24.253768+00:00,34.98114633234206
2025-06-16 06:50:26.147877+00:00,35.01614088207766
2025-06-16 06:50:26.731679+00:00,34.99283532025527
2025-06-16 06:50:28.012449+00:00,35.00452426827904
2025-06-16 06:50:29.040590+00:00,34.99846228189069
2025-06-16 06:50:31.221482+00:00,34.99831721654811
2025-06-16 06:50:32.413852+00:00,34.98684556286315
2025-06-16 06:50:34.248676+00:00,34.969093049324144
2025-06-16 06:50:38.128242+00:00,34.97479225915633
2025-06-16 06:50:39.227182+00:00,34.98070999663193
2025-06-16 06:50:41.872716+00:00,34.96310227479503
2025-06-16 06:50:42.079264+00:00,34.9864094995129
2025-06-16 06:50:42.441168+00:00,34.980564465366605
2025-06-16 06:50:43.053558+00:00,34.96295632061654
2025-06-16 06:50:43.963921+00:00,34.96324818595886
2025-06-16 06:50:44.641096+00:00,34.97479225915633
2025-06-16 06:50:44.991050+00:00,34.95718422903959
2025-06-16 06:50:45.503640+00:00,34.98063723637606
2025-06-16 06:50:47.889899+00:00,34.98078274613422
2025-06-16 06:50:48.258565+00:00,34.974937902715936
2025-06-16 06:50:50.365349+00:00,34.99239978734875
2025-06-16 06:50:52.052330+00:00,34.99232716089365
2025-06-16 06:50:52.780555+00:00,34.98063723637606
2025-06-16 06:50:54.457831+00:00,34.98070999663193
2025-06-16 06:50:55.729675+00:00,34.986554896977204
2025-06-16 06:50:58.353243+00:00,34.99247240305032
2025-06-16 06:50:59.498872+00:00,34.986627579579014
2025-06-16 06:51:03.301339+00:00,34.97479225915633
2025-06-16 06:51:07.268304+00:00,34.968947271962655
2025-06-16 06:51:10.721873+00:00,34.99232716089365
2025-06-16 06:51:12.527737+00:00,34.97486508631293
2025-06-16 06:51:13.929356+00:00,34.96324818595886
2025-06-16 06:51:14.430766+00:00,34.986627579579014
2025-06-16 06:51:14.615657+00:00,34.98063723637606
2025-06-16 06:51:15.025402+00:00,35.00401704551544
2025-06-16 06:51:19.098208+00:00,35.010079217871954
2025-06-16 06:51:20.222756+00:00,35.00430695161548
2025-06-16 06:51:21.857458+00:00,34.99860730421928
2025-06-16 06:51:23.479258+00:00,35.02212983220536
2025-06-16 06:51:25.955542+00:00,35.02212983220536
2025-06-16 06:51:26.318775+00:00,35.0279020446583
2025-06-16 06:51:27.827337+00:00,35.03951884627263
2025-06-16 06:51:28.695373+00:00,35.02220203813532
2025-06-16 06:51:29.414853+00:00,35.0514234151105
2025-06-16 06:51:30.869795+00:00,35.03374646382222
2025-06-16 06:51:36.715093+00:00,35.0338906188411
2025-06-16 06:51:38.563113+00:00,35.039806888717344
2025-06-16 06:51:40.151037+00:00,35.063183622987836
2025-06-16 06:51:40.893406+00:00,35.063255339125206
2025-06-16 06:51:42.947214+00:00,35.063111896097254
2025-06-16 06:51:43.284155+00:00,35.069027781626275
2025-06-16 06:51:43.780956+00:00,35.07472873334662
2025-06-16 06:51:44.312169+00:00,35.063183622987836
2025-06-16 06:51:48.549676+00:00,35.06917106935371
2025-06-16 06:51:49.034243+00:00,35.092547069018885
2025-06-16 06:51:49.831737+00:00,35.05156712572812
2025-06-16 06:51:50.150552+00:00,35.069027781626275
2025-06-16 06:51:51.352059+00:00,35.08684592739486
2025-06-16 06:51:53.870693+00:00,35.075158195148
2025-06-16 06:51:54.199564+00:00,35.08085908912873
2025-06-16 06:51:56.963016+00:00,35.06332704450937
2025-06-16 06:51:59.838503+00:00,35.05748300969381
2025-06-16 06:52:00.998364+00:00,35.08085908912873
2025-06-16 06:52:01.254405+00:00,35.063398739140325
2025-06-16 06:52:01.615549+00:00,35.05755477122201
2025-06-16 06:52:01.976683+00:00,35.06924269708765
2025-06-16 06:52:05.880136+00:00,35.08684592739486
2025-06-16 06:52:06.818768+00:00,35.069385920296014
2025-06-16 06:52:07.717856+00:00,35.075301263056566
2025-06-16 06:52:08.226494+00:00,35.08114500037238
2025-06-16 06:52:08.870219+00:00,35.087060111749786
2025-06-16 06:52:12.330916+00:00,35.08128789147549
2025-06-16 06:52:14.503563+00:00,35.10480451879274
2025-06-16 06:52:19.060447+00:00,35.12817813850904
2025-06-16 06:52:22.260208+00:00,35.15169279831647
2025-06-16 06:52:23.644826+00:00,35.15767702746126
2025-06-16 06:52:25.662828+00:00,35.16936314266495
2025-06-16 06:52:27.408404+00:00,35.15781800725372
2025-06-16 06:52:29.106538+00:00,35.16373134292774
2025-06-16 06:52:29.624118+00:00,35.181189662645444
2025-06-16 06:52:30.212224+00:00,35.163801739049035
2025-06-16 06:52:32.041393+00:00,35.18717281942916
2025-06-16 06:52:35.954270+00:00,35.2165260015656
2025-06-16 06:52:36.762455+00:00,35.18731304427445
2025-06-16 06:52:38.403736+00:00,35.24003516578973
2025-06-16 06:52:41.404998+00:00,35.234192767914095
2025-06-16 06:52:41.837332+00:00,35.25171993164102
2025-06-16 06:52:42.438048+00:00,35.245877553698705
2025-06-16 06:52:42.665477+00:00,35.25756229961667
2025-06-16 06:52:43.512720+00:00,35.234262307575044
2025-06-16 06:52:44.881702+00:00,35.24608573908566
2025-06-16 06:52:45.443640+00:00,35.25756229961667
2025-06-16 06:52:45.808179+00:00,35.24010463856077
2025-06-16 06:52:46.227184+00:00,35.24010463856077
2025-06-16 06:52:46.635958+00:00,35.234192767914095
2025-06-16 06:52:47.260158+00:00,35.26938527156556
2025-06-16 06:52:47.892556+00:00,35.269247005668
2025-06-16 06:52:52.042952+00:00,35.29859619339656
2025-06-16 06:52:53.719695+00:00,35.31041777882482
2025-06-16 06:52:55.050198+00:00,35.292754028962776
2025-06-16 06:52:56.228181+00:00,35.26354305730074
2025-06-16 06:52:56.936083+00:00,35.29859619339656
2025-06-16 06:52:57.919149+00:00,35.286980770718344
2025-06-16 06:52:58.791390+00:00,35.26361224100982
2025-06-16 06:52:59.575004+00:00,35.26931614399292
2025-06-16 06:53:03.900068+00:00,35.30430088462211
2025-06-16 06:53:05.350179+00:00,35.33378572207594
2025-06-16 06:53:06.870629+00:00,35.345469633906994
2025-06-16 06:53:09.136715+00:00,35.327806866072436
2025-06-16 06:53:10.033952+00:00,35.351311574873904
2025-06-16 06:53:11.836509+00:00,35.351311574873904
2025-06-16 06:53:14.462941+00:00,35.36306345203853
2025-06-16 06:53:14.788797+00:00,35.380453294996016
2025-06-16 06:53:14.996092+00:00,35.38038544901805
2025-06-16 06:53:15.425168+00:00,35.36299542691046
2025-06-16 06:53:15.793255+00:00,35.368769368985
2025-06-16 06:53:16.351719+00:00,35.38052113022218
2025-06-16 06:53:16.742157+00:00,35.374679239084024
2025-06-16 06:53:17.077275+00:00,35.374679239084024
2025-06-16 06:53:17.845390+00:00,35.38636301139458
2025-06-16 06:53:18.309504+00:00,35.374679239084024
2025-06-16 06:53:18.513524+00:00,35.38052113022218
2025-06-16 06:53:21.844913+00:00,35.35722159788814
2025-06-16 06:53:23.453293+00:00,35.35151601931316
2025-06-16 06:53:24.238913+00:00,35.36306345203853
2025-06-16 06:53:24.485221+00:00,35.357153505875054
2025-06-16 06:53:24.896453+00:00,35.35722159788814
2025-06-16 06:53:25.809310+00:00,35.36313146641472
2025-06-16 06:53:26.803069+00:00,35.380588954696535
2025-06-16 06:53:27.988849+00:00,35.368973243714805
2025-06-16 06:53:31.376172+00:00,35.36299542691046
2025-06-16 06:53:33.630852+00:00,35.351447881918666
2025-06-16 06:53:34.489978+00:00,35.351447881918666
2025-06-16 06:53:36.861502+00:00,35.38656625190998
2025-06-16 06:53:41.417805+00:00,35.392475580916155
2025-06-16 06:53:44.852571+00:00,35.40415875836416
2025-06-16 06:53:49.110657+00:00,35.36890529622339
2025-06-16 06:53:50.450646+00:00,35.35137973377224
2025-06-16 06:53:53.036365+00:00,35.304369621619195
2025-06-16 06:53:54.144582+00:00,35.32773840737471
2025-06-16 06:53:56.390537+00:00,35.304025829112376
2025-06-16 06:53:58.288042+00:00,35.26897034484546
2025-06-16 06:54:01.638571+00:00,35.27481295047554
2025-06-16 06:54:02.071283+00:00,35.28065554613806
2025-06-16 06:54:02.708284+00:00,35.28642914041193
2025-06-16 06:54:04.019173+00:00,35.286498131832985
2025-06-16 06:54:05.740913+00:00,35.25721577781819
2025-06-16 06:54:12.324854+00:00,35.25707709383238
2025-06-16 06:54:14.754056+00:00,35.251303671889936
2025-06-16 06:54:20.683226+00:00,35.221810616461326
2025-06-16 06:54:21.317621+00:00,35.22779312057438
2025-06-16 06:54:23.393853+00:00,35.22195016764161
2025-06-16 06:54:23.692000+00:00,35.221810616461326
2025-06-16 06:54:27.208396+00:00,35.180908730333265
2025-06-16 06:54:27.443260+00:00,35.198298040596
2025-06-16 06:54:27.660218+00:00,35.198298040596
2025-06-16 06:54:27.862306+00:00,35.18661148994212
2025-06-16 06:54:28.270306+00:00,35.198298040596
2025-06-16 06:54:28.652222+00:00,35.19822795980704
2025-06-16 06:54:29.657445+00:00,35.18675188682981
2025-06-16 06:54:32.724025+00:00,35.18069791819598
2025-06-16 06:54:35.088409+00:00,35.13395070190305
2025-06-16 06:54:36.602171+00:00,35.1455668722176
2025-06-16 06:54:38.039489+00:00,35.151480982785074
2025-06-16 06:54:39.518430+00:00,35.14542545280622
2025-06-16 06:54:40.263193+00:00,35.12789453996794
2025-06-16 06:54:41.500641+00:00,35.11015012353121
2025-06-16 06:54:42.068467+00:00,35.08684592739486
2025-06-16 06:54:43.298453+00:00,35.09276111720417
2025-06-16 06:54:46.278353+00:00,35.09839104400714
2025-06-16 06:54:47.213498+00:00,35.07501508422683
2025-06-16 06:54:47.656104+00:00,35.10430623538082
2025-06-16 06:54:48.351847+00:00,35.09839104400714
2025-06-16 06:54:49.119563+00:00,35.08085908912873
2025-06-16 06:54:49.369625+00:00,35.086560197711556
2025-06-16 06:54:49.604554+00:00,35.086703084059415
2025-06-16 06:54:50.774212+00:00,35.092547069018885
2025-06-16 06:54:51.377519+00:00,35.09839104400714
2025-06-16 06:54:52.453671+00:00,35.069027781626275
2025-06-16 06:54:54.484826+00:00,35.04557915965927
2025-06-16 06:54:54.795525+00:00,35.063183622987836
2025-06-16 06:54:55.062174+00:00,35.03374646382222
2025-06-16 06:54:55.589328+00:00,35.03396268022053
2025-06-16 06:54:55.903793+00:00,35.05733945437773
2025-06-16 06:54:56.102420+00:00,35.04557915965927
2025-06-16 06:54:56.803678+00:00,35.0514234151105
2025-06-16 06:54:57.610437+00:00,35.05726766058983
2025-06-16 06:54:58.982267+00:00,35.045651087242476
2025-06-16 06:55:03.756710+00:00,35.04557915965927
2025-06-16 06:55:06.304709+00:00,35.03410677071941
2025-06-16 06:55:10.380374+00:00,35.03396268022053
2025-06-16 06:55:11.062998+00:00,35.03410677071941
2025-06-16 06:55:13.114711+00:00,35.051638964907035
2025-06-16 06:55:23.626056+00:00,35.0457230040724
2025-06-16 06:55:26.006747+00:00,35.03987887244524
2025-06-16 06:55:27.614455+00:00,35.051638964907035
2025-06-16 06:55:30.991759+00:00,35.051495275795936
2025-06-16 06:55:32.580831+00:00,35.02220203813532
2025-06-16 06:55:38.463128+00:00,34.951996707528714
2025-06-16 06:55:38.857018+00:00,34.952142714239486
2025-06-16 06:55:39.970504+00:00,34.957987062339726
2025-06-16 06:55:41.206304+00:00,34.969530123321626
2025-06-16 06:55:42.884282+00:00,34.9519236880428
2025-06-16 06:55:43.655863+00:00,34.928691956535296
2025-06-16 06:55:43.991312+00:00,34.9516315025622
2025-06-16 06:55:44.669243+00:00,34.96368566136278
2025-06-16 06:55:46.031033+00:00,34.94600603212455
2025-06-16 06:55:50.234504+00:00,34.9516315025622
2025-06-16 06:55:51.847690+00:00,34.981219017322914
2025-06-16 06:55:52.424526+00:00,34.97537457530833
2025-06-16 06:55:52.631674+00:00,34.96923878367112
2025-06-16 06:55:53.961532+00:00,34.99276275832131
2025-06-16 06:55:54.915553+00:00,34.98691820245077
2025-06-16 06:55:57.254013+00:00,34.987063449365365
2025-06-16 06:55:58.124205+00:00,34.98699083128484
2025-06-16 06:56:00.035911+00:00,34.99860730421928
2025-06-16 06:56:00.413406+00:00,34.987063449365365
2025-06-16 06:56:00.809597+00:00,34.993342952694576
2025-06-16 06:56:02.745364+00:00,34.96960293135021
2025-06-16 06:56:03.070444+00:00,34.99875228353388
2025-06-16 06:56:07.345558+00:00,34.97537457530833
2025-06-16 06:56:07.854092+00:00,34.975301823426925
2025-06-16 06:56:08.296128+00:00,34.96945730453943
2025-06-16 06:56:09.552819+00:00,34.94016139647332
2025-06-16 06:56:10.099441+00:00,34.95769527350925
2025-06-16 06:56:10.588010+00:00,34.946079129265875
2025-06-16 06:56:12.388047+00:00,34.98720865326582
2025-06-16 06:56:13.009936+00:00,34.96368566136278
2025-06-16 06:56:13.639904+00:00,34.98699083128484
2025-06-16 06:56:15.678329+00:00,34.9579141312626
2025-06-16 06:56:21.790530+00:00,34.99298041186261
2025-06-16 06:56:22.134890+00:00,34.9755200468104
2025-06-16 06:56:24.700557+00:00,34.98136435502395
2025-06-16 06:56:24.949140+00:00,34.96375853629235
2025-06-16 06:56:26.500022+00:00,34.917149804870895
2025-06-16 06:56:28.426912+00:00,34.928911721033415
2025-06-16 06:56:28.709898+00:00,34.92876522212178
2025-06-16 06:56:28.887092+00:00,34.94629835616757
2025-06-16 06:56:30.647825+00:00,34.94629835616757
2025-06-16 06:56:31.137548+00:00,34.92876522212178
2025-06-16 06:56:34.058428+00:00,34.97566547529813
2025-06-16 06:56:34.849762+00:00,34.97566547529813
2025-06-16 06:56:38.804488+00:00,35.01073037220551
2025-06-16 06:56:39.591643+00:00,34.999042113121256
2025-06-16 06:56:41.596342+00:00,34.95228867793551
2025-06-16 06:56:42.598198+00:00,34.98720865326582
2025-06-16 06:56:43.857802+00:00,34.969821290914304
2025-06-16 06:56:46.316930+00:00,34.958132892232996
2025-06-16 06:56:47.335016+00:00,34.95228867793551
2025-06-16 06:56:49.185632+00:00,34.94629835616757
2025-06-16 06:56:51.220721+00:00,34.9579141312626
2025-06-16 06:56:53.001843+00:00,34.96960293135021
2025-06-16 06:56:53.617123+00:00,34.98720865326582
2025-06-16 06:56:53.903642+00:00,35.0046690922874
2025-06-16 06:56:54.892328+00:00,34.99882475706096
2025-06-16 06:56:57.541564+00:00,34.99889721983454
2025-06-16 06:56:58.475810+00:00,34.99896967185464
2025-06-16 06:56:58.609829+00:00,34.99882475706096
2025-06-16 06:56:58.961674+00:00,35.0046690922874
2025-06-16 06:57:04.161786+00:00,34.99298041186261
2025-06-16 06:57:05.527791+00:00,35.01044107781388
2025-06-16 06:57:07.765554+00:00,34.987136056692364
2025-06-16 06:57:08.677917+00:00,34.993052941536014
2025-06-16 06:57:09.003068+00:00,35.034034730846635
2025-06-16 06:57:09.524299+00:00,35.01058574651657
2025-06-16 06:57:10.777519+00:00,35.00481387328192
2025-06-16 06:57:13.173093+00:00,34.94629835616757
2025-06-16 06:57:13.540122+00:00,34.946444453666814
2025-06-16 06:57:14.100537+00:00,34.96967572862518
2025-06-16 06:57:14.667841+00:00,34.94629835616757
2025-06-16 06:57:14.865416+00:00,34.951996707528714
2025-06-16 06:57:15.151729+00:00,34.94030771380613
2025-06-16 06:57:15.485850+00:00,34.9519236880428
2025-06-16 06:57:18.892099+00:00,34.98114633234206
2025-06-16 06:57:19.253271+00:00,34.969530123321626
2025-06-16 06:57:21.489645+00:00,34.94001503612554
2025-06-16 06:57:25.416536+00:00,34.934023719529996
2025-06-16 06:57:28.983419+00:00,34.89281397097175
2025-06-16 06:57:29.241438+00:00,34.9045044623233
2025-06-16 06:57:29.467253+00:00,34.886894847377505
2025-06-16 06:57:29.712264+00:00,34.89259255055193
2025-06-16 06:57:29.996270+00:00,34.8926663681125
2025-06-16 06:57:30.326775+00:00,34.8926663681125
2025-06-16 06:57:30.670370+00:00,34.89274017491912
2025-06-16 06:57:31.032420+00:00,34.8926663681125
2025-06-16 06:57:31.344811+00:00,34.91641543456812
2025-06-16 06:57:34.792574+00:00,34.886820973666644
2025-06-16 06:57:35.334966+00:00,34.881049509861256
2025-06-16 06:57:35.541313+00:00,34.886820973666644
2025-06-16 06:57:36.714391+00:00,34.86336514405034
2025-06-16 06:57:39.812896+00:00,34.83421197478503
2025-06-16 06:57:40.096107+00:00,34.88667319398295
2025-06-16 06:57:40.248971+00:00,34.86928473047988
2025-06-16 06:57:41.537905+00:00,34.857593851814386
2025-06-16 06:57:42.706776+00:00,34.869358804904856
2025-06-16 06:57:44.606543+00:00,34.85189693704747
2025-06-16 06:57:45.093446+00:00,34.84005745900467
2025-06-16 06:57:45.485528+00:00,34.851748397519344
2025-06-16 06:57:45.785760+00:00,34.863439296134565
2025-06-16 06:57:46.102455+00:00,34.863439296134565
2025-06-16 06:57:46.911049+00:00,34.84597727529642
2025-06-16 06:57:47.343205+00:00,34.875352145148334
2025-06-16 06:57:48.915662+00:00,34.8695069214926
2025-06-16 06:57:52.685319+00:00,34.84605160658923
2025-06-16 06:57:57.165911+00:00,34.84028065360125
2025-06-16 06:57:58.525578+00:00,34.80528358111493
2025-06-16 06:57:59.018121+00:00,34.793368250161215
2025-06-16 06:57:59.927135+00:00,34.78767274302345
2025-06-16 06:58:03.905192+00:00,34.88711640398614
2025-06-16 06:58:05.750471+00:00,34.89303529460591
2025-06-16 06:58:07.926725+00:00,34.858038939915815
2025-06-16 06:58:11.030899+00:00,34.87550008491014
2025-06-16 06:58:12.602915+00:00,34.834360915749514
2025-06-16 06:58:13.348804+00:00,34.81112884757927
2025-06-16 06:58:15.164797+00:00,34.84620023691237
2025-06-16 06:58:18.779576+00:00,34.875278159136364
2025-06-16 06:58:19.222337+00:00,34.86943286857576
2025-06-16 06:58:20.417057+00:00,34.88711640398614
2025-06-16 06:58:21.491403+00:00,34.886894847377505
2025-06-16 06:58:24.701932+00:00,34.85789062023178
2025-06-16 06:58:26.574038+00:00,34.88711640398614
2025-06-16 06:58:28.496314+00:00,34.8578164442586
2025-06-16 06:58:29.064236+00:00,34.88134516478246
2025-06-16 06:58:32.232247+00:00,34.88149292771901
2025-06-16 06:58:32.604878+00:00,34.916782754142545
2025-06-16 06:58:34.499651+00:00,34.85219388705409
2025-06-16 06:58:35.151039+00:00,34.840578095838104
2025-06-16 06:58:35.848260+00:00,34.8696549950641
2025-06-16 06:58:36.261941+00:00,34.88141905162773
2025-06-16 06:58:36.881783+00:00,34.875574038660005
2025-06-16 06:58:37.390298+00:00,34.88156679305628
2025-06-16 06:58:38.109475+00:00,34.89303529460591
2025-06-16 06:58:38.907213+00:00,34.89296153081515
2025-06-16 06:58:39.398502+00:00,34.88141905162773
2025-06-16 06:58:39.921529+00:00,34.88141905162773
2025-06-16 06:58:44.274967+00:00,34.875574038660005
2025-06-16 06:58:45.141748+00:00,34.88141905162773
2025-06-16 06:58:46.918846+00:00,34.89310904764271
2025-06-16 06:58:50.049388+00:00,34.86388398280403
2025-06-16 06:58:54.063275+00:00,34.857964785450854
2025-06-16 06:58:54.759926+00:00,34.85789062023178
2025-06-16 06:58:55.311231+00:00,34.86366168786269
2025-06-16 06:58:56.106548+00:00,34.834360915749514
2025-06-16 06:58:57.246598+00:00,34.834360915749514
2025-06-16 06:58:57.417941+00:00,34.83443537010044
2025-06-16 06:58:58.262270+00:00,34.86366168786269
2025-06-16 06:58:59.741390+00:00,34.86958096365538
2025-06-16 06:59:01.208823+00:00,34.857593851814386
2025-06-16 06:59:02.055553+00:00,34.85766806004991
2025-06-16 06:59:05.325298+00:00,34.82836648059053
2025-06-16 06:59:06.416722+00:00,34.8107551839167
2025-06-16 06:59:06.800384+00:00,34.8107551839167
2025-06-16 06:59:08.440872+00:00,34.83413748817146
2025-06-16 06:59:11.217668+00:00,34.834062990803666
2025-06-16 06:59:13.954294+00:00,34.816526076854814
2025-06-16 06:59:15.956727+00:00,34.82821736279604
2025-06-16 06:59:19.763893+00:00,34.81060564317143
2025-06-16 06:59:20.564409+00:00,34.798914163563026
2025-06-16 06:59:22.571330+00:00,34.798989073128084
2025-06-16 06:59:25.558630+00:00,34.75799367070387
2025-06-16 06:59:28.169179+00:00,34.76368883102851
2025-06-16 06:59:29.087734+00:00,34.78130174828972
2025-06-16 06:59:33.202916+00:00,34.75199692417339
2025-06-16 06:59:33.950296+00:00,34.74622648903602
2025-06-16 06:59:35.972010+00:00,34.71684508562235
2025-06-16 06:59:37.274738+00:00,34.73445898907067
2025-06-16 06:59:38.387372+00:00,34.75207239051774
2025-06-16 06:59:38.620652+00:00,34.746302011535604
2025-06-16 06:59:39.640394+00:00,34.728840160442346
2025-06-16 06:59:40.659880+00:00,34.717224370882896
2025-06-16 06:59:41.815475+00:00,34.728612990751095
2025-06-16 06:59:42.624641+00:00,34.72868872473619
2025-06-16 06:59:43.669038+00:00,34.76968528996994
2025-06-16 06:59:44.580515+00:00,34.74622648903602
2025-06-16 06:59:45.804042+00:00,34.77568142828178
2025-06-16 06:59:47.370537+00:00,34.798989073128084
2025-06-16 06:59:47.709413+00:00,34.7988392432436
2025-06-16 06:59:48.106555+00:00,34.78729768743366
2025-06-16 06:59:48.791221+00:00,34.81060564317143
2025-06-16 06:59:49.015161+00:00,34.804834751012315
2025-06-16 06:59:49.175203+00:00,34.78137686933382
2025-06-16 06:59:50.538036+00:00,34.769835767429804
2025-06-16 06:59:50.962957+00:00,34.76968528996994
2025-06-16 06:59:51.507308+00:00,34.78145197962347
2025-06-16 06:59:51.816319+00:00,34.76961003510826
2025-06-16 06:59:53.087724+00:00,34.76938420599617
2025-06-16 06:59:55.393499+00:00,34.76938420599617
2025-06-16 06:59:56.257234+00:00,34.769459493121374
2025-06-16 07:00:00.000180+00:00,34.704924783646945
2025-06-16 07:00:00.770564+00:00,34.704848728243526
2025-06-16 07:00:02.587765+00:00,34.74584871521893
2025-06-16 07:00:03.687068+00:00,34.704924783646945
2025-06-16 07:00:06.982344+00:00,34.698850068590325
2025-06-16 07:00:13.288645+00:00,34.72800673170156
2025-06-16 07:00:16.733026+00:00,34.698697748676125
2025-06-16 07:00:18.897501+00:00,34.669540846874035
2025-06-16 07:00:19.527525+00:00,34.6811577375906
2025-06-16 07:00:22.955487+00:00,34.69285108829234
2025-06-16 07:00:24.657019+00:00,34.675158149039135
2025-06-16 07:00:26.323303+00:00,34.681004973182766
2025-06-16 07:00:33.311277+00:00,34.628537165519056
2025-06-16 07:00:34.186930+00:00,34.616843595300104
2025-06-16 07:00:34.960884+00:00,34.622690385398606
2025-06-16 07:00:35.338122+00:00,34.605304446325306
2025-06-16 07:00:37.690194+00:00,34.628537165519056
2025-06-16 07:00:38.353121+00:00,34.62284444506317
2025-06-16 15:28:30.462044+00:00,30.471804486672397
2025-06-16 15:28:32.802741+00:00,30.49516189098919
2025-06-16 15:28:33.936956+00:00,30.477294761033775
2025-06-16 15:28:34.228683+00:00,30.465552260649517
2025-06-16 15:28:34.561888+00:00,30.453936922409035
2025-06-16 15:28:34.678987+00:00,30.459808130611638
2025-06-16 15:28:36.638768+00:00,30.48341971915649
2025-06-16 15:28:37.039908+00:00,30.46567932877706
2025-06-16 15:28:37.727381+00:00,30.48329286305025
2025-06-16 15:28:39.646812+00:00,30.50115960593727
2025-06-16 15:28:43.198272+00:00,30.45993525504767
2025-06-16 15:28:44.719438+00:00,30.465933432709253
2025-06-16 15:28:48.430076+00:00,30.459808130611638
2025-06-16 15:28:49.062158+00:00,30.453809720115622
2025-06-16 15:28:50.047278+00:00,30.430324518598933
2025-06-16 15:28:50.328078+00:00,30.43632323757814
2025-06-16 15:28:50.844570+00:00,30.435813558755786
2025-06-16 15:28:52.897692+00:00,30.43632323757814
2025-06-16 15:29:03.571555+00:00,30.459553849416576
2025-06-16 15:29:05.854555+00:00,30.489037221268397
2025-06-16 15:29:08.386030+00:00,30.459680995401275
2025-06-16 15:29:10.012231+00:00,30.459680995401275
2025-06-16 15:29:10.354273+00:00,30.447938434792565
2025-06-16 15:29:10.694715+00:00,30.459680995401275
2025-06-16 15:29:11.030124+00:00,30.465425181747666
2025-06-16 15:29:11.700149+00:00,30.447683863716023
2025-06-16 15:29:12.228087+00:00,30.448065704169252
2025-06-16 15:29:12.910366+00:00,30.459808130611638
2025-06-16 15:29:15.787585+00:00,30.488910410695638
2025-06-16 15:29:17.649774+00:00,30.47716781629693
2025-06-16 15:29:21.294580+00:00,30.459426692657544
2025-06-16 15:29:21.961271+00:00,30.465552260649517
2025-06-16 15:29:22.618769+00:00,30.47142351586035
2025-06-16 15:29:22.897401+00:00,30.49478169283854
2025-06-16 15:29:23.122256+00:00,30.48291223008619
2025-06-16 15:29:23.500220+00:00,30.477040860785827
2025-06-16 15:29:24.276326+00:00,30.48329286305025
2025-06-16 15:29:25.637746+00:00,30.483165996169788
2025-06-16 15:29:27.166753+00:00,30.483165996169788
2025-06-16 15:29:27.545740+00:00,30.488910410695638
2025-06-16 15:29:28.001637+00:00,30.48291223008619
2025-06-16 15:29:28.737274+00:00,30.483165996169788
2025-06-16 15:29:29.248381+00:00,30.4711694814476
2025-06-16 15:29:31.353873+00:00,30.465552260649517
2025-06-16 15:29:33.031459+00:00,30.48329286305025
2025-06-16 15:29:34.794673+00:00,30.489164021066955
2025-06-16 15:29:36.117004+00:00,30.48941758834149
2025-06-16 15:29:37.964548+00:00,30.50103296185011
2025-06-16 15:29:38.985710+00:00,30.471296504041117
2025-06-16 15:29:41.835365+00:00,30.45355528320572
2025-06-16 15:29:42.260142+00:00,30.447683863716023
2025-06-16 15:29:44.458036+00:00,30.40696689544971
2025-06-16 15:29:44.824808+00:00,30.453809720115622
2025-06-16 15:29:46.879411+00:00,30.442067139432094
2025-06-16 15:29:47.654073+00:00,30.447811154641485
2025-06-16 15:29:48.804921+00:00,30.447429249541923
2025-06-16 15:29:49.143968+00:00,30.441685065405025
2025-06-16 15:29:50.145418+00:00,30.441939792197488
2025-06-16 15:29:50.560940+00:00,30.447811154641485
2025-06-16 15:29:51.047725+00:00,30.436450630347625
2025-06-16 15:29:53.925029+00:00,30.40683915648369
2025-06-16 15:29:55.436187+00:00,30.43594099462304
2025-06-16 15:29:55.771779+00:00,30.424070515343022
2025-06-16 15:29:55.895947+00:00,30.41232743177788
2025-06-16 15:29:56.497495+00:00,30.40658364622792
2025-06-16 15:29:56.832101+00:00,30.40658364622792
2025-06-16 15:29:57.424402+00:00,30.418454242045108
2025-06-16 15:29:59.502982+00:00,30.436195834034216
2025-06-16 15:30:02.594100+00:00,30.412710512068617
2025-06-16 15:30:03.178102+00:00,30.412710512068617
2025-06-16 15:30:04.977724+00:00,30.41858185761613
2025-06-16 15:30:06.123508+00:00,30.442067139432094
2025-06-16 15:30:10.953702+00:00,30.471550516905307
2025-06-16 15:30:11.352389+00:00,30.459808130611638
2025-06-16 15:30:11.803007+00:00,30.489037221268397
2025-06-16 15:30:12.396365+00:00,30.48341971915649
2025-06-16 15:30:15.069383+00:00,30.465806386130307
2025-06-16 15:30:17.269401+00:00,30.448320210599476
2025-06-16 15:30:18.527786+00:00,30.460189471596774
2025-06-16 15:30:20.108194+00:00,30.47780243223868
2025-06-16 15:30:20.795433+00:00,30.46006236870938
2025-06-16 15:30:22.572648+00:00,30.471550516905307
2025-06-16 15:30:22.930706+00:00,30.47780243223868
2025-06-16 15:30:24.511739+00:00,30.448192962771554
2025-06-16 15:30:26.691379+00:00,30.43594099462304
2025-06-16 15:30:28.479848+00:00,30.460189471596774
2025-06-16 15:30:33.339748+00:00,30.47716781629693
2025-06-16 15:30:34.095129+00:00,30.471550516905307
2025-06-16 15:30:34.467900+00:00,30.477040860785827
2025-06-16 15:30:36.189286+00:00,30.48329286305025
2025-06-16 15:30:38.084658+00:00,30.471550516905307
2025-06-16 15:30:39.844660+00:00,30.48329286305025
2025-06-16 15:30:40.698832+00:00,30.47742169499637
2025-06-16 15:30:42.054041+00:00,30.471296504041117
2025-06-16 15:30:44.723993+00:00,30.51864611421117
2025-06-16 15:30:45.059066+00:00,30.506650836339762
2025-06-16 15:30:45.643815+00:00,30.50677743489398
2025-06-16 15:30:46.084679+00:00,30.50077964135338
2025-06-16 15:30:46.941333+00:00,30.49478169283854
2025-06-16 15:30:49.535437+00:00,30.489164021066955
2025-06-16 15:30:49.919860+00:00,30.495541992172374
2025-06-16 15:30:51.057900+00:00,30.49516189098919
2025-06-16 15:30:51.734229+00:00,30.48341971915649
2025-06-16 15:30:52.275545+00:00,30.489164021066955
2025-06-16 15:30:53.127876+00:00,30.51864611421117
2025-06-16 15:30:53.495629+00:00,30.50690402267408
2025-06-16 15:30:54.758000+00:00,30.500906306988817
2025-06-16 15:30:55.293911+00:00,30.49516189098919
2025-06-16 15:30:57.476671+00:00,30.51864611421117
2025-06-16 15:30:58.881567+00:00,30.495035169046478
2025-06-16 15:30:59.082205+00:00,30.49516189098919
2025-06-16 15:30:59.757295+00:00,30.495288602157743
2025-06-16 15:31:00.601677+00:00,30.507283721369763
2025-06-16 15:31:01.549985+00:00,30.512901583386164
2025-06-16 15:31:02.998719+00:00,30.518772557055524
2025-06-16 15:31:03.483019+00:00,30.52464352068816
2025-06-16 15:31:03.959025+00:00,30.52439075838638
2025-06-16 15:31:05.804809+00:00,30.559617134367315
2025-06-16 15:31:07.494171+00:00,30.53026184614282
2025-06-16 15:31:08.419939+00:00,30.54225635136573
2025-06-16 15:31:08.812220+00:00,30.530388165600446
2025-06-16 15:31:09.594147+00:00,30.53026184614282
2025-06-16 15:31:10.977332+00:00,30.512901583386164
2025-06-16 15:31:11.435667+00:00,30.536385417843263
2025-06-16 15:31:12.266441+00:00,30.53613292386208
2025-06-16 15:31:12.668646+00:00,30.54187779547245
2025-06-16 15:31:12.901096+00:00,30.530388165600446
2025-06-16 15:31:13.193101+00:00,30.51264855276196
2025-06-16 15:31:13.868533+00:00,30.518393196200293
2025-06-16 15:31:14.195426+00:00,30.524517144924285
2025-06-16 15:31:15.525921+00:00,30.50677743489398
2025-06-16 15:31:16.151099+00:00,30.50677743489398
2025-06-16 15:31:18.152171+00:00,30.50103296185011
2025-06-16 15:31:19.909368+00:00,30.465933432709253
2025-06-16 15:31:20.266494+00:00,30.448065704169252
2025-06-16 15:31:21.634686+00:00,30.46006236870938
2025-06-16 15:31:22.049744+00:00,30.489037221268397
2025-06-16 15:31:22.649123+00:00,30.50690402267408
2025-06-16 15:31:23.835135+00:00,30.49516189098919
2025-06-16 15:31:24.897688+00:00,30.489164021066955
2025-06-16 15:31:25.113980+00:00,30.48341971915649
2025-06-16 15:31:27.771622+00:00,30.495035169046478
2025-06-16 15:31:28.365503+00:00,30.489290810091315
2025-06-16 15:31:28.758206+00:00,30.500906306988817
2025-06-16 15:31:29.242031+00:00,30.489164021066955
2025-06-16 15:31:30.159943+00:00,30.45993525504767
2025-06-16 15:31:31.259853+00:00,30.49516189098919
2025-06-16 15:31:33.519121+00:00,30.50115960593727
2025-06-16 15:31:34.139782+00:00,30.48941758834149
2025-06-16 15:31:34.341378+00:00,30.49490843632959
2025-06-16 15:31:34.850795+00:00,30.48341971915649
2025-06-16 15:31:35.234575+00:00,30.489164021066955
2025-06-16 15:31:35.458130+00:00,30.47167750717599
2025-06-16 15:31:35.711843+00:00,30.48341971915649
2025-06-16 15:31:36.161816+00:00,30.465806386130307
2025-06-16 15:31:36.399749+00:00,30.48341971915649
2025-06-16 15:31:36.913301+00:00,30.477548618184713
2025-06-16 15:31:37.525979+00:00,30.466060468513902
2025-06-16 15:31:37.800093+00:00,30.460189471596774
2025-06-16 15:31:39.447446+00:00,30.460189471596774
2025-06-16 15:31:40.424677+00:00,30.47780243223868
2025-06-16 15:31:41.562490+00:00,30.483800222829927
2025-06-16 15:31:44.095422+00:00,30.49579533909039
2025-06-16 15:31:44.535883+00:00,30.483673399046328
2025-06-16 15:31:47.613550+00:00,30.519151820944295
2025-06-16 15:31:48.767130+00:00,30.51927822069246
2025-06-16 15:31:50.050747+00:00,30.51328104851689
2025-06-16 15:31:50.941317+00:00,30.48979785844691
2025-06-16 15:31:51.835088+00:00,30.507410266053448
2025-06-16 15:31:52.016143+00:00,30.495668671018457
2025-06-16 15:31:52.524905+00:00,30.483673399046328
2025-06-16 15:31:53.373567+00:00,30.49541530255214
2025-06-16 15:31:53.898454+00:00,30.47780243223868
2025-06-16 15:31:54.642300+00:00,30.471804486672397
2025-06-16 15:31:54.919508+00:00,30.45993525504767
2025-06-16 15:31:55.202255+00:00,30.454064113928087
2025-06-16 15:31:55.483895+00:00,30.46567932877706
2025-06-16 15:31:57.832906+00:00,30.42458073083831
2025-06-16 15:31:58.077988+00:00,30.430451989226817
2025-06-16 15:31:59.404750+00:00,30.41858185761613
2025-06-16 15:31:59.866482+00:00,30.418326615699563
2025-06-16 15:32:02.145841+00:00,30.436195834034216
2025-06-16 15:32:04.046516+00:00,30.442194475892283
2025-06-16 15:32:05.202618+00:00,30.447938434792565
2025-06-16 15:32:06.918793+00:00,30.447938434792565
2025-06-16 15:32:07.893598+00:00,30.41232743177788
2025-06-16 15:32:11.041217+00:00,30.38896911673645
2025-06-16 15:32:14.962564+00:00,30.400839974035634
2025-06-16 15:32:15.814830+00:00,30.3773541428294
2025-06-16 15:32:18.466210+00:00,30.430451989226817
2025-06-16 15:32:20.801190+00:00,30.412199716798522
2025-06-16 15:32:21.553586+00:00,30.423815342948362
2025-06-16 15:32:22.006283+00:00,30.40620030003489
2025-06-16 15:32:22.298577+00:00,30.418071330684896
2025-06-16 15:32:22.640711+00:00,30.412071991044602
2025-06-16 15:32:22.867066+00:00,30.423687740589273
2025-06-16 15:32:23.427104+00:00,30.39445688789981
2025-06-16 15:32:24.033322+00:00,30.412071991044602
2025-06-16 15:32:27.399072+00:00,30.39445688789981
2025-06-16 15:32:28.071714+00:00,30.376969822675473
2025-06-16 15:32:28.421171+00:00,30.4004564589108
2025-06-16 15:32:33.265441+00:00,30.376969822675473
2025-06-16 15:32:34.286773+00:00,30.359354740096588
2025-06-16 15:32:34.491516+00:00,30.37084173703847
2025-06-16 15:32:34.723190+00:00,30.394712731144452
2025-06-16 15:32:35.074867+00:00,30.376713555365907
2025-06-16 15:32:35.307142+00:00,30.371226323099886
2025-06-16 15:32:35.591352+00:00,30.376841694408053
2025-06-16 15:32:36.432178+00:00,30.38845716190443
2025-06-16 15:32:36.704698+00:00,30.365226444327874
2025-06-16 15:32:37.271562+00:00,30.376969822675473
2025-06-16 15:32:37.538327+00:00,30.365098181887454
2025-06-16 15:32:38.591460+00:00,30.394584814909454
2025-06-16 15:32:39.218834+00:00,30.376841694408053
2025-06-16 15:32:39.972118+00:00,30.365226444327874
2025-06-16 15:32:40.916521+00:00,30.4004564589108
2025-06-16 15:32:42.787718+00:00,30.38296954719836
2025-06-16 15:32:44.458802+00:00,30.364969908672254
2025-06-16 15:32:46.644816+00:00,30.394584814909454
2025-06-16 15:32:47.250405+00:00,30.38858516677444
2025-06-16 15:32:53.091684+00:00,30.394584814909454
2025-06-16 15:32:54.466296+00:00,30.400584308060356
2025-06-16 15:32:54.982652+00:00,30.38896911673645
2025-06-16 15:32:55.458036+00:00,30.406455874938164
2025-06-16 15:32:55.893282+00:00,30.412199716798522
2025-06-16 15:32:56.821765+00:00,30.412455135982675
2025-06-16 15:32:58.032890+00:00,30.441812434188463
2025-06-16 15:32:58.683376+00:00,30.424070515343022
2025-06-16 15:32:59.424970+00:00,30.42419808537859
2025-06-16 15:33:01.815375+00:00,30.424070515343022
2025-06-16 15:33:05.281570+00:00,30.424070515343022
2025-06-16 15:33:06.669221+00:00,30.42994204206845
2025-06-16 15:33:08.482025+00:00,30.447683863716023
2025-06-16 15:33:11.082425+00:00,30.40658364622792
2025-06-16 15:33:11.590488+00:00,30.4181989785795
2025-06-16 15:33:12.065022+00:00,30.41232743177788
2025-06-16 15:33:14.208369+00:00,30.435686112114084
2025-06-16 15:33:14.489787+00:00,30.43594099462304
2025-06-16 15:33:15.490275+00:00,30.412199716798522
2025-06-16 15:33:17.357500+00:00,30.42458073083831
2025-06-16 15:33:18.875260+00:00,30.418454242045108
2025-06-16 15:33:19.373929+00:00,30.42419808537859
2025-06-16 15:33:19.887541+00:00,30.430324518598933
2025-06-16 15:33:20.388969+00:00,30.40683915648369
2025-06-16 15:33:20.772794+00:00,30.418326615699563
2025-06-16 15:33:21.081411+00:00,30.40658364622792
2025-06-16 15:33:21.298430+00:00,30.40096779086136
2025-06-16 15:33:21.683404+00:00,30.400712146435296
2025-06-16 15:33:22.010580+00:00,30.38896911673645
2025-06-16 15:33:22.286363+00:00,30.406455874938164
2025-06-16 15:33:22.600015+00:00,30.42419808537859
2025-06-16 15:33:22.821568+00:00,30.412582829412923
2025-06-16 15:33:23.430961+00:00,30.400712146435296
2025-06-16 15:33:23.873872+00:00,30.412455135982675
2025-06-16 15:33:24.143250+00:00,30.412455135982675
2025-06-16 15:33:24.433894+00:00,30.412582829412923
2025-06-16 15:33:24.733189+00:00,30.4004564589108
2025-06-16 15:33:25.212043+00:00,30.41858185761613
2025-06-16 15:33:25.699301+00:00,30.406455874938164
2025-06-16 15:33:26.665684+00:00,30.430324518598933
2025-06-16 15:33:27.501556+00:00,30.43606841971585
2025-06-16 15:33:28.207014+00:00,30.430197037196574
2025-06-16 15:33:28.524081+00:00,30.424070515343022
2025-06-16 15:33:28.774451+00:00,30.424070515343022
2025-06-16 15:33:29.140132+00:00,30.424070515343022
2025-06-16 15:33:29.417568+00:00,30.418326615699563
2025-06-16 15:33:29.925499+00:00,30.42419808537859
2025-06-16 15:33:31.841900+00:00,30.418454242045108
2025-06-16 15:33:32.424448+00:00,30.42432564463966
2025-06-16 15:33:33.637653+00:00,30.43606841971585
2025-06-16 15:33:34.623301+00:00,30.424453193126233
2025-06-16 15:33:35.673346+00:00,30.418454242045108
2025-06-16 15:33:37.534844+00:00,30.418326615699563
2025-06-16 15:33:38.398941+00:00,30.430197037196574
2025-06-16 15:33:39.581212+00:00,30.412582829412923
2025-06-16 15:33:41.516065+00:00,30.418071330684896
2025-06-16 15:33:42.636648+00:00,30.400839974035634
2025-06-16 15:33:43.714393+00:00,30.42419808537859
2025-06-16 15:33:46.165520+00:00,30.40658364622792
2025-06-16 15:33:53.885401+00:00,30.376969822675473
2025-06-16 15:33:54.061306+00:00,30.365226444327874
2025-06-16 15:33:56.419654+00:00,30.371098138520836
2025-06-16 15:33:58.099405+00:00,30.37096994316703
2025-06-16 15:33:59.389906+00:00,30.33025336597026
2025-06-16 15:33:59.632223+00:00,30.34161103638363
2025-06-16 15:34:02.323138+00:00,30.38258536365456
2025-06-16 15:34:04.556137+00:00,30.347739754445808
2025-06-16 15:34:06.785774+00:00,30.35322622182348
2025-06-16 15:34:07.358927+00:00,30.34761130151904
2025-06-16 15:34:08.147319+00:00,30.365098181887454
2025-06-16 15:34:09.122667+00:00,30.34161103638363
2025-06-16 15:34:11.083451+00:00,30.353739786731133
2025-06-16 15:34:12.036095+00:00,30.341868087187052
2025-06-16 15:34:12.254161+00:00,30.341739567172784
2025-06-16 15:34:12.462061+00:00,30.335867822788206
2025-06-16 15:34:12.697134+00:00,30.353097803659484
2025-06-16 15:34:13.473373+00:00,30.347354363340926
2025-06-16 15:34:14.176268+00:00,30.341868087187052
2025-06-16 15:34:14.459594+00:00,30.34161103638363
2025-06-16 15:34:15.288765+00:00,30.364969908672254
2025-06-16 15:34:16.097075+00:00,30.353354629212642
2025-06-16 15:34:19.424358+00:00,30.34212509489093
2025-06-16 15:34:21.016691+00:00,30.260052004702715
2025-06-16 15:34:23.068527+00:00,30.189591943543057
2025-06-16 15:34:23.789386+00:00,30.166104935292754
2025-06-16 15:34:24.734779+00:00,30.159972012334965
2025-06-16 15:34:26.060308+00:00,30.15410009095196
2025-06-16 15:34:26.635334+00:00,30.159972012334965
2025-06-16 15:34:27.312470+00:00,30.159972012334965
2025-06-16 15:34:28.349218+00:00,30.11860622361732
2025-06-16 15:34:29.819199+00:00,30.147966702246833
2025-06-16 15:34:30.747263+00:00,30.153446702398266
2025-06-16 15:34:31.122072+00:00,30.12382316571895
2025-06-16 15:34:32.420821+00:00,30.118081837823365
2025-06-16 15:34:34.071054+00:00,30.088193866146998
2025-06-16 15:34:34.762767+00:00,30.09980789387168
2025-06-16 15:34:35.602035+00:00,30.0585665159615
2025-06-16 15:34:36.044986+00:00,30.08192641377823
2025-06-16 15:34:36.546784+00:00,30.081794812374394
2025-06-16 15:34:38.384831+00:00,30.0695217696775
2025-06-16 15:34:39.497230+00:00,30.06938998019628
2025-06-16 15:34:40.663814+00:00,30.05711547403245
2025-06-16 15:34:40.966143+00:00,30.045103959088696
2025-06-16 15:34:41.851678+00:00,30.039230169499717
2025-06-16 15:34:43.298667+00:00,29.997848010146903
2025-06-16 15:34:43.767545+00:00,30.00358937967566
2025-06-16 15:34:44.133827+00:00,29.985834329297813
2025-06-16 15:34:46.904879+00:00,29.991575697362208
2025-06-16 15:34:49.330581+00:00,29.991575697362208
2025-06-16 15:34:51.176865+00:00,29.97328795094974
2025-06-16 15:34:53.188203+00:00,29.96728025641693
2025-06-16 15:34:54.482510+00:00,29.955664177395704
2025-06-16 15:34:54.909988+00:00,29.949122884831972
2025-06-16 15:34:55.810593+00:00,29.931898629206323
2025-06-16 15:34:56.972527+00:00,29.92535571239818
2025-06-16 15:34:59.637987+00:00,29.883693004875983
2025-06-16 15:35:00.120484+00:00,29.877549047076624
2025-06-16 15:35:01.737004+00:00,29.877280516165914
2025-06-16 15:35:02.069115+00:00,29.85377746197806
2025-06-16 15:35:03.062990+00:00,29.83601531444526
2025-06-16 15:35:04.970041+00:00,29.853239197114
2025-06-16 15:35:05.594213+00:00,29.859115244165444
2025-06-16 15:35:05.944959+00:00,29.853239197114
2025-06-16 15:35:06.637250+00:00,29.847497789502174
2025-06-16 15:35:09.554997+00:00,29.853373779495936
2025-06-16 15:35:11.855877+00:00,29.841487072860456
2025-06-16 15:35:12.363726+00:00,29.817982703750783
2025-06-16 15:35:12.921559+00:00,29.829600046813738
2025-06-16 15:35:13.597901+00:00,29.829330291296905
2025-06-16 15:35:14.099259+00:00,29.82946517444402
2025-06-16 15:35:16.130287+00:00,29.835610995658364
2025-06-16 15:35:16.537547+00:00,29.830004599258494
2025-06-16 15:35:17.230768+00:00,29.829734908406053
2025-06-16 15:35:18.010422+00:00,29.841621789458426
2025-06-16 15:35:18.416381+00:00,29.817982703750783
2025-06-16 15:35:19.054396+00:00,29.830004599258494
2025-06-16 15:35:19.470075+00:00,29.853508351100587
2025-06-16 15:35:20.095445+00:00,29.853508351100587
2025-06-16 15:35:20.630246+00:00,29.82986975922097
2025-06-16 15:35:21.115500+00:00,29.835610995658364
2025-06-16 15:35:21.561722+00:00,29.859115244165444
2025-06-16 15:35:22.297713+00:00,29.865260166723083
2025-06-16 15:35:24.021017+00:00,29.847497789502174
2025-06-16 15:35:24.467136+00:00,29.835880552293656
2025-06-16 15:35:26.987424+00:00,29.835610995658364
2025-06-16 15:35:27.395474+00:00,29.835880552293656
2025-06-16 15:35:29.454015+00:00,29.864991281166677
2025-06-16 15:35:30.751522+00:00,29.841621789458426
2025-06-16 15:35:31.754172+00:00,29.818117688783566
2025-06-16 15:35:33.203512+00:00,29.830139428518635
2025-06-16 15:35:34.979308+00:00,29.806500686620268
2025-06-16 15:35:36.062208+00:00,29.835880552293656
2025-06-16 15:35:36.986269+00:00,29.84202587458832
2025-06-16 15:35:38.721333+00:00,29.847632428214702
2025-06-16 15:35:44.289590+00:00,29.859115244165444
2025-06-16 15:35:45.152450+00:00,29.87701194214654
2025-06-16 15:35:46.005059+00:00,29.88876367737097
2025-06-16 15:35:46.886232+00:00,29.882887814783636
2025-06-16 15:35:48.170200+00:00,29.900247292119527
2025-06-16 15:35:48.819769+00:00,29.894505428052614
2025-06-16 15:35:49.312680+00:00,29.88876367737097
2025-06-16 15:35:50.448627+00:00,29.9124009169842
2025-06-16 15:35:52.669655+00:00,29.912267027222722
2025-06-16 15:35:56.686979+00:00,29.912534795968675
2025-06-16 15:35:56.902986+00:00,29.930028122535244
2025-06-16 15:35:57.112916+00:00,29.912267027222722
2025-06-16 15:35:58.422798+00:00,29.92415239740109
2025-06-16 15:35:59.099930+00:00,29.912534795968675
2025-06-16 15:35:59.343278+00:00,29.9069269676404
2025-06-16 15:35:59.694956+00:00,29.894639529908545
2025-06-16 15:35:59.995578+00:00,29.91213312668424
2025-06-16 15:36:01.857313+00:00,29.924553599392542
2025-06-16 15:36:02.860236+00:00,29.906659107791466
2025-06-16 15:36:04.369067+00:00,29.924286142175188
2025-06-16 15:36:09.286355+00:00,29.930161800204495
2025-06-16 15:36:09.836311+00:00,29.947922179575848
2025-06-16 15:36:13.461795+00:00,29.93042912321224
2025-06-16 15:36:14.128650+00:00,29.93643821521706
2025-06-16 15:36:15.678493+00:00,29.948055634378257
2025-06-16 15:36:17.095384+00:00,29.913070204136602
2025-06-16 15:36:17.919837+00:00,29.907060881399335
2025-06-16 15:36:19.363825+00:00,29.912802521606626
2025-06-16 15:36:19.921651+00:00,29.930295467096823
2025-06-16 15:36:20.340015+00:00,29.93042912321224
2025-06-16 15:36:20.710440+00:00,29.906793043104443
2025-06-16 15:36:21.074823+00:00,29.930295467096823
2025-06-16 15:36:21.826462+00:00,29.912267027222722
2025-06-16 15:36:23.800839+00:00,29.92976073486598
2025-06-16 15:36:24.391026+00:00,29.936171047972234
2025-06-16 15:36:24.819029+00:00,29.936037448184496
2025-06-16 15:36:25.220405+00:00,29.924286142175188
2025-06-16 15:36:25.520244+00:00,29.924286142175188
2025-06-16 15:36:25.812372+00:00,29.92989443408907
2025-06-16 15:36:26.387103+00:00,29.941779542654956
2025-06-16 15:36:26.775634+00:00,29.92989443408907
2025-06-16 15:36:27.150893+00:00,29.93577021627834
2025-06-16 15:36:27.911272+00:00,29.889166119594904
2025-06-16 15:36:29.903000+00:00,29.95406449492432
2025-06-16 15:36:30.943537+00:00,29.936171047972234
2025-06-16 15:36:31.394537+00:00,29.936037448184496
2025-06-16 15:36:31.760815+00:00,29.930161800204495
2025-06-16 15:36:32.739531+00:00,29.924419876172337
2025-06-16 15:36:34.619923+00:00,29.948055634378257
2025-06-16 15:36:35.371797+00:00,29.959539939611503
2025-06-16 15:36:36.662420+00:00,29.947388252597833
2025-06-16 15:36:36.986871+00:00,29.941645988417843
2025-06-16 15:36:37.152439+00:00,29.947521750507597
2025-06-16 15:36:38.086326+00:00,29.92989443408907
2025-06-16 15:36:39.641164+00:00,29.894371315419594
2025-06-16 15:36:39.910479+00:00,29.90572125884367
2025-06-16 15:36:40.427980+00:00,29.882216526668604
2025-06-16 15:36:40.743715+00:00,29.89997916873442
2025-06-16 15:36:40.969758+00:00,29.882350805845913
2025-06-16 15:36:42.081751+00:00,29.86445338072706
2025-06-16 15:36:43.811823+00:00,29.858846181285138
2025-06-16 15:36:44.278491+00:00,29.864722352501346
2025-06-16 15:36:44.654089+00:00,29.85283538530446
2025-06-16 15:36:45.634338+00:00,29.858711633679093
2025-06-16 15:36:48.494323+00:00,29.835071753059324
2025-06-16 15:36:50.661295+00:00,29.82291408386933
2025-06-16 15:36:51.682156+00:00,29.79954297689517
2025-06-16 15:36:52.158727+00:00,29.781913296098548
2025-06-16 15:36:52.561741+00:00,29.781913296098548
2025-06-16 15:36:53.669487+00:00,29.764283524837627
2025-06-16 15:36:54.384959+00:00,29.77016012530952
2025-06-16 15:36:55.310157+00:00,29.799678227921714
2025-06-16 15:36:56.534771+00:00,29.81129604716831
2025-06-16 15:36:59.934371+00:00,29.799813468170708
2025-06-16 15:37:01.364304+00:00,29.793801744817888
2025-06-16 15:37:06.685520+00:00,29.81730761692503
2025-06-16 15:37:07.792239+00:00,29.82906049267045
2025-06-16 15:37:10.675638+00:00,29.852970000018267
2025-06-16 15:37:11.287062+00:00,29.864722352501346
2025-06-16 15:37:12.615854+00:00,29.85283538530446
2025-06-16 15:37:13.359258+00:00,29.84135234548515
2025-06-16 15:37:14.413210+00:00,29.864856822222627
2025-06-16 15:37:14.938783+00:00,29.858980718113926
2025-06-16 15:37:16.309346+00:00,29.87100168917729
2025-06-16 15:37:20.417246+00:00,29.888361138152995
2025-06-16 15:37:21.535537+00:00,29.87647466478173
2025-06-16 15:37:22.021830+00:00,29.87647466478173
2025-06-16 15:37:23.550511+00:00,29.864991281166677
2025-06-16 15:37:23.937482+00:00,29.859384263936715
2025-06-16 15:37:27.494519+00:00,29.882753578714926
2025-06-16 15:37:28.053694+00:00,29.871404767692905
2025-06-16 15:37:31.008589+00:00,29.853912001250876
2025-06-16 15:37:31.857713+00:00,29.865932192012703
2025-06-16 15:37:34.405303+00:00,29.883424651287065
2025-06-16 15:37:34.731655+00:00,29.88903198296404
2025-06-16 15:37:35.408975+00:00,29.871807749213783
2025-06-16 15:37:35.751092+00:00,29.90118538448995
2025-06-16 15:37:38.451348+00:00,29.90105140362533
2025-06-16 15:37:41.820524+00:00,29.88956846482488
2025-06-16 15:37:42.301903+00:00,29.88355883347009
2025-06-16 15:37:42.813503+00:00,29.889702558347338
2025-06-16 15:37:44.216694+00:00,29.90719478438125
2025-06-16 15:37:44.717795+00:00,29.913337843558622
2025-06-16 15:37:45.748982+00:00,29.895577941141763
2025-06-16 15:37:46.441535+00:00,29.878085979572173
2025-06-16 15:37:48.879920+00:00,29.889300245448663
2025-06-16 15:37:49.858283+00:00,29.895577941141763
2025-06-16 15:37:50.760693+00:00,29.889836641092703
2025-06-16 15:37:51.946415+00:00,29.901453313888034
2025-06-16 15:37:52.172914+00:00,29.877951762614007
2025-06-16 15:37:52.426894+00:00,29.88355883347009
2025-06-16 15:37:52.668444+00:00,29.883693004875983
2025-06-16 15:37:52.902526+00:00,29.889166119594904
2025-06-16 15:37:53.134177+00:00,29.88355883347009
2025-06-16 15:37:53.727169+00:00,29.878085979572173
2025-06-16 15:37:54.011240+00:00,29.88956846482488
2025-06-16 15:37:54.544132+00:00,29.8839613153564
2025-06-16 15:37:55.724185+00:00,29.88943436052532
2025-06-16 15:37:56.374548+00:00,29.90118538448995
2025-06-16 15:37:58.366715+00:00,29.895577941141763
2025-06-16 15:38:00.783545+00:00,29.889702558347338
2025-06-16 15:38:01.503845+00:00,29.913204029236102
2025-06-16 15:38:02.792129+00:00,29.91293636826011
2025-06-16 15:38:04.682310+00:00,29.924687311835815
2025-06-16 15:38:07.067966+00:00,29.900917411983674
2025-06-16 15:38:08.467061+00:00,29.924687311835815
2025-06-16 15:38:09.075050+00:00,29.930562768550743
2025-06-16 15:38:09.827387+00:00,29.930830026897024
2025-06-16 15:38:10.225036+00:00,29.924954704391542
2025-06-16 15:38:11.335313+00:00,29.90719478438125
2025-06-16 15:38:11.684716+00:00,29.924954704391542
2025-06-16 15:38:12.039441+00:00,29.93657178267415
2025-06-16 15:38:12.423575+00:00,29.95406449492432
2025-06-16 15:38:12.765367+00:00,29.9603397661899
2025-06-16 15:38:14.812460+00:00,29.96020648870209
2025-06-16 15:38:15.074720+00:00,29.954197861069257
2025-06-16 15:38:15.491597+00:00,29.948589345819652
2025-06-16 15:38:18.075943+00:00,29.94818907840385
2025-06-16 15:38:18.871284+00:00,29.983574457426716
2025-06-16 15:38:19.959080+00:00,29.942580641763524
2025-06-16 15:38:20.226739+00:00,29.95406449492432
2025-06-16 15:38:20.551491+00:00,29.94244715218757
2025-06-16 15:38:20.652208+00:00,29.936171047972234
2025-06-16 15:38:20.845121+00:00,29.942180140705094
2025-06-16 15:38:21.119766+00:00,29.93657178267415
2025-06-16 15:38:21.463269+00:00,29.942180140705094
2025-06-16 15:38:21.741356+00:00,29.93643821521706
2025-06-16 15:38:22.359496+00:00,29.93657178267415
2025-06-16 15:38:22.732999+00:00,29.948055634378257
2025-06-16 15:38:23.297400+00:00,29.900917411983674
2025-06-16 15:38:25.843409+00:00,29.901319354577513
2025-06-16 15:38:26.177988+00:00,29.877683296366243
2025-06-16 15:38:26.638388+00:00,29.901319354577513
2025-06-16 15:38:27.106118+00:00,29.895443914725387
2025-06-16 15:38:27.591173+00:00,29.90118538448995
2025-06-16 15:38:27.860873+00:00,29.913204029236102
2025-06-16 15:38:29.011308+00:00,29.883827165504755
2025-06-16 15:38:29.112189+00:00,29.91293636826011
2025-06-16 15:38:30.194932+00:00,29.871673432817342
2025-06-16 15:38:31.136171+00:00,29.90105140362533
2025-06-16 15:38:32.087177+00:00,29.883693004875983
2025-06-16 15:38:32.789966+00:00,29.90118538448995
2025-06-16 15:38:35.897021+00:00,29.983441426797455
2025-06-16 15:38:36.472981+00:00,29.97155750858248
2025-06-16 15:38:36.825561+00:00,29.971424322194203
2025-06-16 15:38:37.384990+00:00,29.953797730304043
2025-06-16 15:38:38.834357+00:00,29.936037448184496
2025-06-16 15:38:43.750573+00:00,29.894505428052614
2025-06-16 15:38:44.134577+00:00,29.877146234544814
2025-06-16 15:38:45.021334+00:00,29.865260166723083
2025-06-16 15:38:46.103671+00:00,29.865125729333492
2025-06-16 15:38:49.466579+00:00,29.841891190322357
2025-06-16 15:38:50.258872+00:00,29.847767056149927
2025-06-16 15:38:52.075655+00:00,29.8129167375381
2025-06-16 15:38:54.349788+00:00,29.84216054807695
2025-06-16 15:38:55.438456+00:00,29.86579780850921
2025-06-16 15:38:55.734501+00:00,29.854046529746423
2025-06-16 15:38:56.109965+00:00,29.865932192012703
2025-06-16 15:38:56.352079+00:00,29.848170875291764
2025-06-16 15:38:57.696209+00:00,29.853912001250876
2025-06-16 15:38:58.258714+00:00,29.836284806416383
2025-06-16 15:39:04.472537+00:00,29.595783158107366
2025-06-16 15:39:05.013079+00:00,29.590044711975125
2025-06-16 15:39:06.021898+00:00,29.61313645705379
2025-06-16 15:39:11.061286+00:00,29.69512764057756
2025-06-16 15:39:13.447598+00:00,29.6889787114871
2025-06-16 15:39:14.491790+00:00,29.671350068500455
2025-06-16 15:39:14.909320+00:00,29.66547383407206
2025-06-16 15:39:15.235378+00:00,29.67695311222015
2025-06-16 15:39:15.698256+00:00,29.67681650572351
2025-06-16 15:39:17.289128+00:00,29.65850299752183
2025-06-16 15:39:17.719874+00:00,29.652489266443173
2025-06-16 15:39:18.382163+00:00,29.634995771403975
2025-06-16 15:39:18.798810+00:00,29.628844512784298
2025-06-16 15:39:19.059307+00:00,29.63389834181161
2025-06-16 15:39:19.329287+00:00,29.611213554797274
2025-06-16 15:39:19.814517+00:00,29.628570042709633
2025-06-16 15:39:20.574668+00:00,29.59358250634183
2025-06-16 15:39:21.044333+00:00,29.617090550844992
2025-06-16 15:39:21.478102+00:00,29.617090550844992
2025-06-16 15:39:21.702727+00:00,29.61695318696292
2025-06-16 15:39:21.932069+00:00,29.616678426863537
2025-06-16 15:39:22.088538+00:00,29.616678426863537
2025-06-16 15:39:22.421680+00:00,29.634309958746268
2025-06-16 15:39:24.018163+00:00,29.634309958746268
2025-06-16 15:39:25.430286+00:00,29.663832492671116
2025-06-16 15:39:27.274679+00:00,29.628158256759903
2025-06-16 15:39:28.030361+00:00,29.669435958916782
2025-06-16 15:39:28.665106+00:00,29.639775700349873
2025-06-16 15:39:30.193019+00:00,29.604786491559068
2025-06-16 15:39:31.657161+00:00,29.616541030646214
2025-06-16 15:39:32.846194+00:00,29.645378852119023
2025-06-16 15:39:33.952794+00:00,29.622143594574815
2025-06-16 15:39:34.689110+00:00,29.622143594574815
2025-06-16 15:39:35.365380+00:00,29.657544663602668
2025-06-16 15:39:36.218855+00:00,29.651393361413547
2025-06-16 15:39:37.482094+00:00,29.604786491559068
2025-06-16 15:39:37.933152+00:00,29.61612877732369
2025-06-16 15:39:39.293113+00:00,29.61612877732369
2025-06-16 15:39:39.616276+00:00,29.62200623313945
2025-06-16 15:39:41.215406+00:00,29.580863831302512
2025-06-16 15:39:41.724764+00:00,29.59849634955452
2025-06-16 15:39:42.294367+00:00,29.604511398318987
2025-06-16 15:39:43.463324+00:00,29.61038880712435
2025-06-16 15:39:43.706840+00:00,29.604373835531227
2025-06-16 15:39:44.710015+00:00,29.61626620587629
2025-06-16 15:39:46.799537+00:00,29.586879111582384
2025-06-16 15:39:49.286304+00:00,29.60464895032827
2025-06-16 15:39:49.665831+00:00,29.604236261964967
2025-06-16 15:39:51.083456+00:00,29.591930206726737
2025-06-16 15:39:51.661269+00:00,29.586052365050413
2025-06-16 15:39:51.952072+00:00,29.580312398473154
2025-06-16 15:39:52.220961+00:00,29.562678984308675
2025-06-16 15:39:52.469909+00:00,29.574572545300427
2025-06-16 15:39:53.290156+00:00,29.54490719178197
2025-06-16 15:39:53.565412+00:00,29.574296651533388
2025-06-16 15:39:55.941045+00:00,29.533428170943196
2025-06-16 15:39:56.180333+00:00,29.52125687586176
2025-06-16 15:39:56.441066+00:00,29.509500806896497
2025-06-16 15:39:56.706614+00:00,29.51019420598525
2025-06-16 15:39:56.965756+00:00,29.54490719178197
2025-06-16 15:39:57.192198+00:00,29.515240201373597
2025-06-16 15:39:57.382730+00:00,29.544630583703313
2025-06-16 15:39:57.763068+00:00,29.520979709259436
2025-06-16 15:39:59.014005+00:00,29.496911457635765
2025-06-16 15:39:59.715701+00:00,29.4970503579292
2025-06-16 15:39:59.991440+00:00,29.490894007031873
2025-06-16 15:40:03.370856+00:00,29.485015457443815
2025-06-16 15:40:03.810995+00:00,29.46136183393586
2025-06-16 15:40:04.440897+00:00,29.478997774579675
2025-06-16 15:40:05.232109+00:00,29.47311913775525
2025-06-16 15:40:06.623205+00:00,29.46710122262889
2025-06-16 15:40:07.051415+00:00,29.45520435117662
2025-06-16 15:40:07.385762+00:00,29.466961943604634
2025-06-16 15:40:07.729837+00:00,29.466961943604634
2025-06-16 15:40:08.379420+00:00,29.449325539876646
2025-06-16 15:40:08.746052+00:00,29.460665049300413
2025-06-16 15:40:09.224493+00:00,29.45506492712565
2025-06-16 15:40:09.624269+00:00,29.43140964975593
2025-06-16 15:40:10.158753+00:00,29.44890703401361
2025-06-16 15:40:10.604814+00:00,29.449186048701563
2025-06-16 15:40:11.163063+00:00,29.41979150571806
2025-06-16 15:40:11.610373+00:00,29.42553066397664
2025-06-16 15:40:11.929914+00:00,29.413632746761316
2025-06-16 15:40:12.312680+00:00,29.425251090732115
2025-06-16 15:40:12.679026+00:00,29.425390882744068
2025-06-16 15:40:13.004238+00:00,29.448627976208602
2025-06-16 15:40:13.414405+00:00,29.425111287940787
2025-06-16 15:40:14.071294+00:00,29.41951181978169
2025-06-16 15:40:14.428081+00:00,29.42567043442984
2025-06-16 15:40:14.790904+00:00,29.41377266224475
2025-06-16 15:40:15.304045+00:00,29.40761367029429
2025-06-16 15:40:27.197142+00:00,29.46136183393586
2025-06-16 15:40:28.272285+00:00,29.461501158525348
2025-06-16 15:40:29.556969+00:00,29.479136897799133
2025-06-16 15:40:32.337425+00:00,29.46751899502665
2025-06-16 15:40:33.257300+00:00,29.47311913775525
2025-06-16 15:40:33.715923+00:00,29.47311913775525
2025-06-16 15:40:34.237671+00:00,29.473258328097828
2025-06-16 15:40:35.350834+00:00,29.47941511190072
2025-06-16 15:40:37.062940+00:00,29.485293537299714
2025-06-16 15:40:37.366885+00:00,29.473536676445566
2025-06-16 15:40:38.022267+00:00,29.46751899502665
2025-06-16 15:40:38.379220+00:00,29.450301676283253
2025-06-16 15:40:38.754148+00:00,29.46765823093425
2025-06-16 15:40:39.154703+00:00,29.46164047233565
2025-06-16 15:40:40.629977+00:00,29.47367583445075
2025-06-16 15:40:42.638592+00:00,29.456180017715198
2025-06-16 15:40:42.823801+00:00,29.485432561059053
2025-06-16 15:40:43.041506+00:00,29.46177977536676
2025-06-16 15:40:43.315029+00:00,29.46751899502665
2025-06-16 15:40:43.701214+00:00,29.467797456062684
2025-06-16 15:40:43.888506+00:00,29.49677254656331
2025-06-16 15:40:44.103547+00:00,29.47941511190072
2025-06-16 15:40:44.337948+00:00,29.479554202782868
2025-06-16 15:40:44.638297+00:00,29.497189247443618
2025-06-16 15:40:45.071108+00:00,29.49732812617902
2025-06-16 15:40:45.479309+00:00,29.485154502761304
2025-06-16 15:40:45.890425+00:00,29.479554202782868
2025-06-16 15:40:46.269292+00:00,29.503345187999628
2025-06-16 15:40:46.720645+00:00,29.479832352209854
2025-06-16 15:40:47.877898+00:00,29.485710576240518
2025-06-16 15:40:48.806673+00:00,29.503206387165307
2025-06-16 15:40:49.081900+00:00,29.479971410754708
2025-06-16 15:40:49.289998+00:00,29.50348397805497
2025-06-16 15:40:49.600162+00:00,29.491310909279306
2025-06-16 15:40:49.789835+00:00,29.49732812617902
2025-06-16 15:40:50.042240+00:00,29.520979709259436
2025-06-16 15:40:50.530019+00:00,29.49172771451534
2025-06-16 15:40:50.796899+00:00,29.491588790215697
2025-06-16 15:40:51.514099+00:00,29.50908463809589
2025-06-16 15:40:52.367183+00:00,29.50936209474191
2025-06-16 15:40:52.773373+00:00,29.526996384471232
2025-06-16 15:40:53.336347+00:00,29.50348397805497
2025-06-16 15:40:53.787625+00:00,29.50348397805497
2025-06-16 15:40:54.473440+00:00,29.51510154556164
2025-06-16 15:40:54.688343+00:00,29.509500806896497
2025-06-16 15:40:54.898014+00:00,29.509500806896497
2025-06-16 15:40:55.115691+00:00,29.532597541261133
2025-06-16 15:40:55.442730+00:00,29.53287446093718
2025-06-16 15:40:56.068977+00:00,29.51579471683223
2025-06-16 15:40:56.519800+00:00,29.527134895261856
2025-06-16 15:40:56.778809+00:00,29.50376152582872
2025-06-16 15:40:57.040034+00:00,29.526996384471232
2025-06-16 15:40:57.404862+00:00,29.53847574191318
2025-06-16 15:40:57.681792+00:00,29.53287446093718
2025-06-16 15:40:57.973429+00:00,29.52153399934851
2025-06-16 15:40:58.388272+00:00,29.51551748066075
2025-06-16 15:40:58.843662+00:00,29.533289759609946
2025-06-16 15:40:59.093000+00:00,29.533151337497856
2025-06-16 15:40:59.298093+00:00,29.539167624658816
2025-06-16 15:40:59.569649+00:00,29.50963950827213
2025-06-16 15:40:59.781820+00:00,29.545045479653123
2025-06-16 15:41:00.198259+00:00,29.556663005846914
2025-06-16 15:41:00.552666+00:00,29.521395442994574
2025-06-16 15:41:02.117584+00:00,29.551061534565154
2025-06-16 15:41:03.244810+00:00,29.568832805532825
2025-06-16 15:41:04.277355+00:00,29.568970792588875
2025-06-16 15:41:19.490087+00:00,29.669709532480933
2025-06-16 15:41:22.618164+00:00,29.652215354855286
2025-06-16 15:41:22.910886+00:00,29.675859958459668
2025-06-16 15:41:23.072876+00:00,29.65768160078294
2025-06-16 15:41:23.620170+00:00,29.640324232906806
2025-06-16 15:41:25.214886+00:00,29.652078382893972
2025-06-16 15:41:26.153512+00:00,29.651941400154403
2025-06-16 15:41:26.285829+00:00,29.651667402340497
2025-06-16 15:41:26.522136+00:00,29.63963854026485
2025-06-16 15:41:30.087222+00:00,29.652078382893972
2025-06-16 15:41:31.676064+00:00,29.693627065329085
2025-06-16 15:41:32.486974+00:00,29.652489266443173
2025-06-16 15:41:34.021817+00:00,29.687613719358048
2025-06-16 15:41:34.280845+00:00,29.687613719358048
2025-06-16 15:41:34.450007+00:00,29.687613719358048
2025-06-16 15:41:34.559090+00:00,29.693217591195165
2025-06-16 15:41:34.986662+00:00,29.681326934779978
2025-06-16 15:41:35.586005+00:00,29.675859958459668
2025-06-16 15:41:36.072390+00:00,29.675723265738025
2025-06-16 15:41:36.796523+00:00,29.681873458763626
2025-06-16 15:41:37.437401+00:00,29.687613719358048
2025-06-16 15:41:37.637137+00:00,29.693627065329085
2025-06-16 15:41:38.007405+00:00,29.675723265738025
2025-06-16 15:41:38.287750+00:00,29.663969330401205
2025-06-16 15:41:38.626618+00:00,29.652078382893972
2025-06-16 15:41:39.204236+00:00,29.663969330401205
2025-06-16 15:41:39.747740+00:00,29.663832492671116
2025-06-16 15:41:40.407276+00:00,29.652352316038353
2025-06-16 15:41:40.712829+00:00,29.675723265738025
2025-06-16 15:41:40.950378+00:00,29.65180440663658
2025-06-16 15:41:41.720783+00:00,29.67599664040317
2025-06-16 15:41:42.178918+00:00,29.68173684393488
2025-06-16 15:41:42.738649+00:00,29.687886804008404
2025-06-16 15:41:43.090522+00:00,29.69950385353409
2025-06-16 15:41:43.391698+00:00,29.675586562238244
2025-06-16 15:41:43.765845+00:00,29.687613719358048
2025-06-16 15:41:44.076255+00:00,29.693627065329085
2025-06-16 15:41:44.460430+00:00,29.69909458074246
2025-06-16 15:41:44.961244+00:00,29.681873458763626
2025-06-16 15:41:45.705145+00:00,29.663969330401205
2025-06-16 15:41:46.169452+00:00,29.675859958459668
2025-06-16 15:41:46.753158+00:00,29.693490584729165
2025-06-16 15:41:47.643345+00:00,29.687477160865743
2025-06-16 15:41:48.754388+00:00,29.71699794569319
2025-06-16 15:41:48.964495+00:00,29.687613719358048
2025-06-16 15:41:49.231405+00:00,29.687750267072264
2025-06-16 15:41:49.782638+00:00,29.699367440048242
2025-06-16 15:41:50.342591+00:00,29.693627065329085
2025-06-16 15:41:50.944010+00:00,29.705107928165265
2025-06-16 15:41:51.396842+00:00,29.705380631687273
2025-06-16 15:41:51.870473+00:00,29.711393668269064
2025-06-16 15:41:52.737319+00:00,29.723147040089867
2025-06-16 15:41:53.033877+00:00,29.72301090583593
2025-06-16 15:41:53.221782+00:00,29.699640256241914
2025-06-16 15:41:53.518453+00:00,29.70524428531527
2025-06-16 15:41:53.752647+00:00,29.71112112053025
2025-06-16 15:41:54.529062+00:00,29.71740654979439
2025-06-16 15:41:54.903493+00:00,29.740777022434152
2025-06-16 15:41:55.329993+00:00,29.746653663112404
2025-06-16 15:41:55.540006+00:00,29.734764371675944
2025-06-16 15:41:56.088506+00:00,29.723147040089867
2025-06-16 15:41:56.559300+00:00,29.711393668269064
2025-06-16 15:41:57.051910+00:00,29.72341927626403
2025-06-16 15:41:57.412762+00:00,29.722874760804075
2025-06-16 15:41:58.205802+00:00,29.71740654979439
2025-06-16 15:41:58.765031+00:00,29.729023710922885
2025-06-16 15:41:59.128707+00:00,29.717270359205262
2025-06-16 15:41:59.796922+00:00,29.711393668269064
2025-06-16 15:42:00.364742+00:00,29.71166617289603
2025-06-16 15:42:01.033426+00:00,29.71166617289603
2025-06-16 15:42:01.792869+00:00,29.723555378184244
2025-06-16 15:42:03.011574+00:00,29.72341927626403
2025-06-16 15:42:03.459751+00:00,29.735036360954833
2025-06-16 15:42:03.895409+00:00,29.735172339427496
2025-06-16 15:42:04.261311+00:00,29.711529925971533
2025-06-16 15:42:04.611735+00:00,29.729295812871325
2025-06-16 15:42:04.937689+00:00,29.729159767286045
2025-06-16 15:42:05.463588+00:00,29.729159767286045
2025-06-16 15:42:05.886020+00:00,29.72341927626403
2025-06-16 15:42:06.400407+00:00,29.73530830712231
2025-06-16 15:42:07.243725+00:00,29.73530830712231
2025-06-16 15:42:07.854358+00:00,29.74746863160102
2025-06-16 15:42:08.282779+00:00,29.735580210178412
2025-06-16 15:42:08.817547+00:00,29.735580210178412
2025-06-16 15:42:09.220596+00:00,29.753073380728306
2025-06-16 15:42:09.721236+00:00,29.747197018549304
2025-06-16 15:42:10.193880+00:00,29.7357161455397
2025-06-16 15:42:28.362770+00:00,29.836284806416383
2025-06-16 15:42:29.175284+00:00,29.82493785272581
2025-06-16 15:42:29.376758+00:00,29.841891190322357
2025-06-16 15:42:29.585569+00:00,29.87741478700985
2025-06-16 15:42:29.845022+00:00,29.854046529746423
2025-06-16 15:42:30.113145+00:00,29.84216054807695
2025-06-16 15:42:30.443421+00:00,29.836419536235915
2025-06-16 15:42:31.350956+00:00,29.819197181057948
2025-06-16 15:42:31.677388+00:00,29.80731111113723
2025-06-16 15:42:33.421518+00:00,29.81332166763748
2025-06-16 15:42:34.081314+00:00,29.83040905470674
2025-06-16 15:42:34.892006+00:00,29.80744614416885
2025-06-16 15:42:35.367500+00:00,29.82507268443026
2025-06-16 15:42:35.953329+00:00,29.82507268443026
2025-06-16 15:42:37.138014+00:00,29.81933206909381
2025-06-16 15:42:39.111492+00:00,29.830813413158562
2025-06-16 15:42:40.630063+00:00,29.83108293157291
2025-06-16 15:42:41.276962+00:00,29.81946694635225
2025-06-16 15:42:41.585574+00:00,29.79583022356047
2025-06-16 15:42:47.705835+00:00,29.82493785272581
2025-06-16 15:42:48.169405+00:00,29.81345662278237
2025-06-16 15:42:48.645308+00:00,29.830948177754422
2025-06-16 15:42:49.364234+00:00,29.836958347740566
2025-06-16 15:42:49.587407+00:00,29.830948177754422
2025-06-16 15:42:49.747344+00:00,29.837093023673376
2025-06-16 15:42:50.021204+00:00,29.83108293157291
2025-06-16 15:42:50.166913+00:00,29.81946694635225
2025-06-16 15:43:03.276505+00:00,29.843102960732438
2025-06-16 15:43:04.968439+00:00,29.854853474397192
2025-06-16 15:43:12.083179+00:00,29.866738266712346
2025-06-16 15:43:13.465771+00:00,29.867141158570035
2025-06-16 15:43:15.163049+00:00,29.85566003106698
2025-06-16 15:43:15.504986+00:00,29.861266195284635
2025-06-16 15:43:15.785530+00:00,29.86140053812317
2025-06-16 15:43:16.166731+00:00,29.84951623857416
2025-06-16 15:43:19.111234+00:00,29.86166919146862
2025-06-16 15:43:19.352901+00:00,29.85005408212354
2025-06-16 15:43:20.036784+00:00,29.867543953433085
2025-06-16 15:43:20.270790+00:00,29.861803501975547
2025-06-16 15:43:22.103105+00:00,29.89691761256737
2025-06-16 15:43:22.371594+00:00,29.879829819309084
2025-06-16 15:43:22.627412+00:00,29.89117687580685
2025-06-16 15:43:22.938730+00:00,29.88530222113187
2025-06-16 15:43:23.097518+00:00,29.90292615501988
2025-06-16 15:43:23.316975+00:00,29.896649764498637
2025-06-16 15:43:23.724669+00:00,29.89077491855188
2025-06-16 15:43:24.284476+00:00,29.90880077955794
2025-06-16 15:43:25.046266+00:00,29.932165672014808
2025-06-16 15:43:25.446219+00:00,29.937906864517238
2025-06-16 15:43:25.687588+00:00,29.937906864517238
2025-06-16 15:43:25.840542+00:00,29.967013997298807
2025-06-16 15:43:26.407531+00:00,29.938173751563593
2025-06-16 15:43:26.633744+00:00,29.955664177395704
2025-06-16 15:43:26.886534+00:00,29.943648170404934
2025-06-16 15:43:27.341946+00:00,29.937773404828796
2025-06-16 15:43:27.726692+00:00,29.949656251415412
2025-06-16 15:43:28.002895+00:00,29.943781562989376
2025-06-16 15:43:28.311484+00:00,29.937773404828796
2025-06-16 15:43:28.763366+00:00,29.91440797016771
2025-06-16 15:43:29.123500+00:00,29.897051520436186
2025-06-16 15:43:29.298724+00:00,29.89077491855188
2025-06-16 15:43:29.544142+00:00,29.896649764498637
2025-06-16 15:43:29.733405+00:00,29.902658462716353
2025-06-16 15:43:30.002080+00:00,29.91414050317724
2025-06-16 15:43:30.819093+00:00,29.91440797016771
2025-06-16 15:43:31.203519+00:00,29.926424592898254
2025-06-16 15:43:31.557430+00:00,29.914274242060955
2025-06-16 15:43:31.973743+00:00,29.90880077955794
2025-06-16 15:43:32.325343+00:00,29.937773404828796
2025-06-16 15:43:32.657423+00:00,29.91414050317724
2025-06-16 15:43:33.032337+00:00,29.902390727304773
2025-06-16 15:43:33.377967+00:00,29.91414050317724
2025-06-16 15:43:33.676792+00:00,29.92615743743467
2025-06-16 15:43:33.844449+00:00,29.902524600399072
2025-06-16 15:43:34.054464+00:00,29.91414050317724
2025-06-16 15:43:34.219986+00:00,29.931898629206323
2025-06-16 15:43:34.463173+00:00,29.931364414266795
2025-06-16 15:43:34.721186+00:00,29.925756623412525
2025-06-16 15:43:34.949492+00:00,29.89624791156771
2025-06-16 15:43:35.350083+00:00,29.908265620264284
2025-06-16 15:43:35.749927+00:00,29.908533221465078
2025-06-16 15:43:36.066996+00:00,29.907997975955528
2025-06-16 15:43:36.781729+00:00,29.949389589677292
2025-06-16 15:43:37.269350+00:00,29.902390727304773
2025-06-16 15:43:37.429487+00:00,29.914274242060955
2025-06-16 15:43:37.710369+00:00,29.913872993078922
2025-06-16 15:44:00.467058+00:00,29.985701481871338
2025-06-16 15:44:00.791321+00:00,29.97996017086443
2025-06-16 15:44:02.222557+00:00,29.962337635297292
2025-06-16 15:44:03.830135+00:00,29.956330253746092
2025-06-16 15:44:04.619725+00:00,29.962603834640543
2025-06-16 15:44:05.314960+00:00,29.97395302075542
2025-06-16 15:44:11.720390+00:00,30.009463430829783
2025-06-16 15:44:12.010894+00:00,29.98609999182094
2025-06-16 15:44:12.295402+00:00,29.985701481871338
2025-06-16 15:44:15.389230+00:00,30.003324098209767
2025-06-16 15:44:15.933661+00:00,30.015072458878425
2025-06-16 15:44:16.406106+00:00,30.009463430829783
2025-06-16 15:44:16.926039+00:00,29.991575697362208
2025-06-16 15:44:21.145738+00:00,29.974086002386546
2025-06-16 15:44:21.322742+00:00,29.97395302075542
2025-06-16 15:44:21.507436+00:00,29.98596716594768
2025-06-16 15:44:23.027152+00:00,29.98609999182094
2025-06-16 15:44:23.284841+00:00,29.997317178809055
2025-06-16 15:44:23.842983+00:00,29.962071392847175
2025-06-16 15:44:24.089401+00:00,29.99758261603109
2025-06-16 15:44:24.258745+00:00,29.99758261603109
2025-06-16 15:44:24.684296+00:00,29.97996017086443
2025-06-16 15:44:25.016099+00:00,29.99758261603109
2025-06-16 15:44:25.357557+00:00,29.99718444403321
2025-06-16 15:44:25.617839+00:00,29.997848010146903
2025-06-16 15:44:26.284372+00:00,29.97996017086443
2025-06-16 15:44:26.670385+00:00,30.009065693770047
2025-06-16 15:44:27.649046+00:00,30.009198283566462
2025-06-16 15:44:28.251303+00:00,29.97395302075542
2025-06-16 15:44:30.215395+00:00,29.96821182386417
2025-06-16 15:44:30.958121+00:00,29.9917084776867
2025-06-16 15:44:34.235793+00:00,30.015072458878425
2025-06-16 15:44:34.832986+00:00,30.02708552402654
2025-06-16 15:44:35.052401+00:00,30.03282723516297
2025-06-16 15:44:40.483592+00:00,30.009330862586374
2025-06-16 15:44:41.637150+00:00,30.015204970797267
2025-06-16 15:44:43.925725+00:00,30.00893309319713
2025-06-16 15:44:55.741114+00:00,29.997317178809055
2025-06-16 15:44:56.326120+00:00,29.97395302075542
2025-06-16 15:44:56.659731+00:00,29.99144290626113
2025-06-16 15:44:58.045488+00:00,30.009330862586374
2025-06-16 15:44:58.539015+00:00,30.02107906896367
2025-06-16 15:44:59.709151+00:00,30.020946624145665
2025-06-16 15:45:00.112680+00:00,30.01480740271132
2025-06-16 15:45:02.287245+00:00,30.009198283566462
2025-06-16 15:45:04.061185+00:00,30.015204970797267
2025-06-16 15:45:04.904257+00:00,30.026555991604138
2025-06-16 15:45:06.125394+00:00,30.003058773637758
2025-06-16 15:45:06.784699+00:00,29.996918942151822
2025-06-16 15:45:07.462522+00:00,29.973687025163162
2025-06-16 15:45:10.116617+00:00,29.979428448089845
2025-06-16 15:45:11.854669+00:00,29.94458169218291
2025-06-16 15:45:13.116545+00:00,29.962071392847175
2025-06-16 15:45:17.088279+00:00,29.949789566119286
2025-06-16 15:45:21.061248+00:00,29.9265581544647
2025-06-16 15:45:23.245491+00:00,29.91440797016771
2025-06-16 15:45:23.887731+00:00,29.890908915080598
2025-06-16 15:45:28.246036+00:00,29.867006872061324
2025-06-16 15:45:30.330511+00:00,29.879159327260453
2025-06-16 15:45:32.445957+00:00,29.87902519651938
2025-06-16 15:45:35.946240+00:00,29.878622739633382
2025-06-16 15:45:38.889322+00:00,29.872747662227912
2025-06-16 15:45:41.813855+00:00,29.878354381157056
2025-06-16 15:45:43.007700+00:00,29.860728716158366
2025-06-16 15:45:43.733871+00:00,29.860728716158366
2025-06-16 15:45:44.141946+00:00,29.878354381157056
2025-06-16 15:45:44.740843+00:00,29.84337212449536
2025-06-16 15:45:45.637973+00:00,29.860728716158366
2025-06-16 15:45:46.489224+00:00,29.866603947872065
2025-06-16 15:45:47.229961+00:00,29.85471901056521
2025-06-16 15:45:48.004980+00:00,29.860728716158366
2025-06-16 15:45:48.812001+00:00,29.866603947872065
2025-06-16 15:45:49.724958+00:00,29.895979955728507
2025-06-16 15:45:50.358451+00:00,29.89037286430328
2025-06-16 15:45:50.931874+00:00,29.866603947872065
2025-06-16 15:45:51.716836+00:00,29.86059431943375
2025-06-16 15:45:52.908487+00:00,29.85458453595597
2025-06-16 15:45:53.490353+00:00,29.85458453595597
2025-06-16 15:45:54.175301+00:00,29.843102960732438
2025-06-16 15:45:57.350197+00:00,29.81946694635225
2025-06-16 15:45:57.586046+00:00,29.843102960732438
2025-06-16 15:45:58.256883+00:00,29.831217674614035
2025-06-16 15:45:59.416290+00:00,29.837362343206994
2025-06-16 15:46:00.928318+00:00,29.84337212449536
2025-06-16 15:46:06.703651+00:00,29.85458453595597
2025-06-16 15:46:08.831804+00:00,29.81946694635225
2025-06-16 15:46:11.730852+00:00,29.825477114879266
2025-06-16 15:46:13.226802+00:00,29.825477114879266
2025-06-16 15:46:13.626741+00:00,29.825342315506994
2025-06-16 15:46:14.257802+00:00,29.8314871283642
2025-06-16 15:46:15.962240+00:00,29.825477114879266
2025-06-16 15:46:19.670912+00:00,29.831621839073247
2025-06-16 15:46:23.852197+00:00,29.82601620459454
2025-06-16 15:46:26.849993+00:00,29.778880361262388
2025-06-16 15:46:26.999670+00:00,29.80251600987003
2025-06-16 15:46:27.293760+00:00,29.80224594969522
2025-06-16 15:46:27.574484+00:00,29.820006347611866
2025-06-16 15:46:28.230772+00:00,29.80825611603165
2025-06-16 15:46:34.549913+00:00,29.83870829423585
2025-06-16 15:46:34.822829+00:00,29.82094988488622
2025-06-16 15:46:35.366161+00:00,29.826555121871827
2025-06-16 15:46:35.908938+00:00,29.838304622088963
2025-06-16 15:46:36.139479+00:00,29.83269913676116
2025-06-16 15:46:36.510385+00:00,29.84444834845537
2025-06-16 15:46:36.818236+00:00,29.838304622088963
2025-06-16 15:46:37.208075+00:00,29.861803501975547
2025-06-16 15:46:37.563285+00:00,29.86767819683309
2025-06-16 15:46:37.664332+00:00,29.86767819683309
2025-06-16 15:46:38.298179+00:00,29.873821201900174
2025-06-16 15:46:38.692161+00:00,29.87929344722441
2025-06-16 15:46:39.502171+00:00,29.9034614103029
2025-06-16 15:46:40.631909+00:00,29.879561654820975
2025-06-16 15:46:43.474061+00:00,29.9034614103029
2025-06-16 15:46:43.883255+00:00,29.903728973282433
2025-06-16 15:46:44.626263+00:00,29.909603195189128
2025-06-16 15:46:47.909148+00:00,29.903996493154025
2025-06-16 15:46:48.366484+00:00,29.892114398871474
2025-06-16 15:46:48.928918+00:00,29.89224828762967
2025-06-16 15:46:50.732079+00:00,29.909469486193018
2025-06-16 15:46:51.353968+00:00,29.909603195189128
2025-06-16 15:46:52.474379+00:00,29.91547740705155
2025-06-16 15:46:53.724743+00:00,29.915611038165807
2025-06-16 15:46:54.722858+00:00,29.909736893408283
2025-06-16 15:46:56.650493+00:00,29.915611038165807
2025-06-16 15:46:57.051662+00:00,29.909870580850484
2025-06-16 15:46:58.548046+00:00,29.909736893408283
2025-06-16 15:46:58.865671+00:00,29.915611038165807
2025-06-16 15:47:07.794511+00:00,29.92749278367699
2025-06-16 15:47:08.459878+00:00,29.93323341217413
2025-06-16 15:47:09.262396+00:00,29.93910751675549
2025-06-16 15:47:11.525184+00:00,29.903728973282433
2025-06-16 15:47:12.642176+00:00,29.891846589023967
2025-06-16 15:47:13.314881+00:00,29.88610624729674
2025-06-16 15:47:13.844576+00:00,29.915611038165807
2025-06-16 15:47:14.223028+00:00,29.897988573761115
2025-06-16 15:47:15.168523+00:00,29.91547740705155
2025-06-16 15:47:15.868414+00:00,29.915210112492247
2025-06-16 15:47:17.203013+00:00,29.862072090657804
2025-06-16 15:47:17.586999+00:00,29.874089479046816
2025-06-16 15:47:19.047942+00:00,29.862474892852266
2025-06-16 15:47:19.274811+00:00,29.85646619975645
2025-06-16 15:47:19.616000+00:00,29.862072090657804
2025-06-16 15:47:20.126734+00:00,29.891444793424853
2025-06-16 15:47:20.478356+00:00,29.873687047161155
2025-06-16 15:47:21.398235+00:00,29.87942755641125
2025-06-16 15:47:21.917327+00:00,29.891578736068276
2025-06-16 15:47:22.720715+00:00,29.879963885387486
2025-06-16 15:47:23.704756+00:00,29.867946651301583
2025-06-16 15:47:24.880775+00:00,29.862206368833146
2025-06-16 15:47:26.130693+00:00,29.838439190248565
2025-06-16 15:47:26.631010+00:00,29.85566003106698
2025-06-16 15:47:27.424381+00:00,29.84444834845537
2025-06-16 15:47:27.891254+00:00,29.844179357129075
2025-06-16 15:47:28.409899+00:00,29.83803545343784
2025-06-16 15:47:28.791395+00:00,29.826285684787923
2025-06-16 15:47:29.321291+00:00,29.819871513463074
2025-06-16 15:47:29.663706+00:00,29.79664093607251
2025-06-16 15:47:29.898905+00:00,29.808121147664853
2025-06-16 15:47:31.110050+00:00,29.808526020432872
2025-06-16 15:47:31.742820+00:00,29.779015654400617
2025-06-16 15:47:38.655384+00:00,29.73653153137299
2025-06-16 15:47:38.888106+00:00,29.748554652696885
2025-06-16 15:47:41.427782+00:00,29.748283212089515
2025-06-16 15:47:42.164430+00:00,29.74869035683393
2025-06-16 15:47:42.480561+00:00,29.71863178008992
2025-06-16 15:47:42.881627+00:00,29.736259779206534
2025-06-16 15:47:43.273821+00:00,29.771650984911364
2025-06-16 15:47:44.606638+00:00,29.78353801306685
2025-06-16 15:47:46.299821+00:00,29.771650984911364
2025-06-16 15:47:47.694926+00:00,29.759899250363418
2025-06-16 15:47:49.540494+00:00,29.766046182156348
2025-06-16 15:47:49.705573+00:00,29.771786452936446
2025-06-16 15:47:50.000680+00:00,29.74814747561919
2025-06-16 15:47:50.172439+00:00,29.76550402005678
2025-06-16 15:47:50.418294+00:00,29.759763637338466
2025-06-16 15:47:50.660932+00:00,29.74787597034524
2025-06-16 15:47:52.289112+00:00,29.76577512266193
2025-06-16 15:47:53.333256+00:00,29.78313197932255
2025-06-16 15:47:53.706341+00:00,29.789143233894116
2025-06-16 15:47:54.614475+00:00,29.760034852610666
2025-06-16 15:47:54.963467+00:00,29.759763637338466
2025-06-16 15:47:55.215594+00:00,29.74213575881347
2025-06-16 15:47:55.440058+00:00,29.759492378955407
2025-06-16 15:47:55.665121+00:00,29.736259779206534
2025-06-16 15:47:55.850300+00:00,29.736259779206534
2025-06-16 15:47:56.785652+00:00,29.73011186004772
2025-06-16 15:47:57.010240+00:00,29.72477981046109
2025-06-16 15:47:57.277415+00:00,29.71275576028578
2025-06-16 15:47:57.755099+00:00,29.71863178008992
2025-06-16 15:47:58.255881+00:00,29.724643805541863
2025-06-16 15:47:58.556343+00:00,29.73639566067867
2025-06-16 15:47:58.867410+00:00,29.730383789550295
2025-06-16 15:47:59.568581+00:00,29.736123886956566
2025-06-16 15:48:01.213351+00:00,29.724507789844758
2025-06-16 15:48:03.102007+00:00,29.7480117283711
2025-06-16 15:48:04.126718+00:00,29.74787597034524
2025-06-16 15:48:07.965904+00:00,29.76550402005678
2025-06-16 15:48:09.376833+00:00,29.771244516170174
2025-06-16 15:48:09.683644+00:00,29.76550402005678
2025-06-16 15:48:11.431123+00:00,29.753887687879434
2025-06-16 15:48:12.742713+00:00,29.735987983928773
2025-06-16 15:48:13.519089+00:00,29.712891910208764
2025-06-16 15:48:14.104511+00:00,29.718495686502084
2025-06-16 15:48:14.997229+00:00,29.736259779206534
2025-06-16 15:48:15.359715+00:00,29.724643805541863
2025-06-16 15:48:15.857068+00:00,29.730247830187935
2025-06-16 15:48:17.559360+00:00,29.7480117283711
2025-06-16 15:48:18.034258+00:00,29.741999933675668
2025-06-16 15:48:19.968457+00:00,29.73065567594146
2025-06-16 15:48:20.652564+00:00,29.730383789550295
2025-06-16 15:48:21.481852+00:00,29.74814747561919
2025-06-16 15:48:21.756966+00:00,29.742543169560093
2025-06-16 15:48:22.225222+00:00,29.73639566067867
2025-06-16 15:48:22.751543+00:00,29.736259779206534
2025-06-16 15:48:24.340941+00:00,29.742407376755676
2025-06-16 15:48:26.168075+00:00,29.783402679263016
2025-06-16 15:48:27.774003+00:00,29.777391425419754
2025-06-16 15:48:28.093146+00:00,29.771515506108628
2025-06-16 15:48:29.236853+00:00,29.777391425419754
2025-06-16 15:48:29.563392+00:00,29.783267334681586
2025-06-16 15:48:29.980125+00:00,29.771515506108628
2025-06-16 15:48:30.671183+00:00,29.771515506108628
2025-06-16 15:48:30.988261+00:00,29.78313197932255
2025-06-16 15:48:31.676983+00:00,29.765639576748196
2025-06-16 15:48:33.733820+00:00,29.78353801306685
2025-06-16 15:48:34.118232+00:00,29.783267334681586
2025-06-16 15:48:34.927531+00:00,29.783267334681586
2025-06-16 15:48:35.195505+00:00,29.777391425419754
2025-06-16 15:48:36.387432+00:00,29.760034852610666
2025-06-16 15:48:36.846975+00:00,29.74814747561919
2025-06-16 15:48:37.499796+00:00,29.75402336801584
2025-06-16 15:48:38.026774+00:00,29.73065567594146
2025-06-16 15:48:38.477947+00:00,29.73653153137299
2025-06-16 15:48:38.753847+00:00,29.73639566067867
2025-06-16 15:48:39.011744+00:00,29.74787597034524
2025-06-16 15:48:39.488551+00:00,29.73065567594146
2025-06-16 15:48:39.771231+00:00,29.74227157317347
2025-06-16 15:48:40.056495+00:00,29.742407376755676
2025-06-16 15:48:40.663865+00:00,29.754159037374514
2025-06-16 15:48:41.008700+00:00,29.78367333609308
2025-06-16 15:48:41.353878+00:00,29.78367333609308
2025-06-16 15:48:41.936203+00:00,29.771786452936446
2025-06-16 15:48:42.338363+00:00,29.766317198540055
2025-06-16 15:48:43.399574+00:00,29.778068376103356
2025-06-16 15:48:43.766429+00:00,29.7664526905654
2025-06-16 15:48:47.642409+00:00,29.772463631397123
2025-06-16 15:48:48.224256+00:00,29.778339080933463
2025-06-16 15:48:49.171486+00:00,29.790225151891217
2025-06-16 15:48:50.791818+00:00,29.784214520422104
2025-06-16 15:48:51.210053+00:00,29.802110903441587
2025-06-16 15:48:51.653067+00:00,29.760848239762392
2025-06-16 15:48:52.220631+00:00,29.760848239762392
2025-06-16 15:48:52.706001+00:00,29.772463631397123
2025-06-16 15:48:53.399106+00:00,29.742950483306636
2025-06-16 15:48:53.624013+00:00,29.748961732774767
2025-06-16 15:48:54.067912+00:00,29.737210723177395
2025-06-16 15:48:55.462247+00:00,29.725459673389214
2025-06-16 15:48:56.513420+00:00,29.725459673389214
2025-06-16 15:48:57.386354+00:00,29.71944811528102
2025-06-16 15:48:58.285558+00:00,29.754972827194216
2025-06-16 15:48:59.312886+00:00,29.754972827194216
2025-06-16 15:48:59.571792+00:00,29.74936871585293
2025-06-16 15:48:59.856869+00:00,29.737482324454515
2025-06-16 15:49:00.080422+00:00,29.7664526905654
2025-06-16 15:49:00.833531+00:00,29.77860974265313
2025-06-16 15:49:01.607963+00:00,29.807851178598863
2025-06-16 15:49:02.724220+00:00,29.80251600987003
2025-06-16 15:49:04.687041+00:00,29.796235628315337
2025-06-16 15:49:05.146571+00:00,29.79637074167858
2025-06-16 15:49:05.624401+00:00,29.813726500739804
2025-06-16 15:49:11.156465+00:00,29.796100504174568
2025-06-16 15:49:12.421042+00:00,29.807851178598863
2025-06-16 15:49:16.025088+00:00,29.807986168520593
2025-06-16 15:49:16.342228+00:00,29.78995473705731
2025-06-16 15:49:16.832296+00:00,29.796100504174568
2025-06-16 15:49:17.667797+00:00,29.813591567149807
2025-06-16 15:49:18.365363+00:00,29.807851178598863
2025-06-16 15:49:18.590205+00:00,29.81345662278237
2025-06-16 15:49:18.907417+00:00,29.807851178598863
2025-06-16 15:49:19.778722+00:00,29.813726500739804
2025-06-16 15:49:20.029914+00:00,29.81946694635225
2025-06-16 15:49:20.495458+00:00,29.790225151891217
2025-06-16 15:49:20.764489+00:00,29.790360343141845
2025-06-16 15:49:21.340179+00:00,29.772599034756336
2025-06-16 15:49:21.748961+00:00,29.784349789560395
2025-06-16 15:49:22.016578+00:00,29.772463631397123
2025-06-16 15:49:22.310993+00:00,29.772463631397123
2025-06-16 15:49:22.626818+00:00,29.772463631397123
2025-06-16 15:49:22.971695+00:00,29.784349789560395
2025-06-16 15:49:23.211414+00:00,29.772599034756336
2025-06-16 15:49:23.503839+00:00,29.772599034756336
2025-06-16 15:49:23.872093+00:00,29.79008994986304
2025-06-16 15:49:24.488971+00:00,29.77286980914186
2025-06-16 15:49:24.915946+00:00,29.778339080933463
2025-06-16 15:49:25.166930+00:00,29.778339080933463
2025-06-16 15:49:25.620939+00:00,29.78995473705731
2025-06-16 15:49:31.474861+00:00,29.760577153822606
2025-06-16 15:49:32.470991+00:00,29.79637074167858
2025-06-16 15:49:33.232778+00:00,29.807986168520593
2025-06-16 15:49:33.918523+00:00,29.813726500739804
2025-06-16 15:49:34.353257+00:00,29.79637074167858
2025-06-16 15:49:34.989055+00:00,29.81973666853688
2025-06-16 15:49:35.545303+00:00,29.813726500739804
2025-06-16 15:49:35.786378+00:00,29.837093023673376
2025-06-16 15:49:36.352840+00:00,29.80224594969522
2025-06-16 15:49:36.578686+00:00,29.81345662278237
2025-06-16 15:49:37.310545+00:00,29.819197181057948
2025-06-16 15:49:37.628779+00:00,29.819197181057948
2025-06-16 15:49:38.782493+00:00,29.825207505357323
2025-06-16 15:49:42.836736+00:00,29.754565980784125
2025-06-16 15:49:48.809904+00:00,29.760034852610666
2025-06-16 15:49:49.058982+00:00,29.74814747561919
2025-06-16 15:49:51.169177+00:00,29.772328217260274
2025-06-16 15:49:52.167507+00:00,29.760170444080206
2025-06-16 15:49:52.502770+00:00,29.771921910183874
2025-06-16 15:49:55.594420+00:00,29.759899250363418
2025-06-16 15:49:55.886077+00:00,29.753887687879434
2025-06-16 15:49:56.053924+00:00,29.765639576748196
2025-06-16 15:49:56.395492+00:00,29.75375199696528
2025-06-16 15:49:57.750083+00:00,29.736259779206534
2025-06-16 15:49:58.226998+00:00,29.748283212089515
2025-06-16 15:49:58.745235+00:00,29.7480117283711
2025-06-16 15:49:59.495630+00:00,29.748283212089515
2025-06-16 15:50:00.164177+00:00,29.759763637338466
2025-06-16 15:50:01.558838+00:00,29.75429469595545
2025-06-16 15:50:02.456065+00:00,29.748554652696885
2025-06-16 15:50:03.513480+00:00,29.760170444080206
2025-06-16 15:50:03.872639+00:00,29.78353801306685
2025-06-16 15:50:04.202026+00:00,29.76577512266193
2025-06-16 15:50:06.730169+00:00,29.760034852610666
2025-06-16 15:50:09.896181+00:00,29.748418937782084
2025-06-16 15:50:11.334053+00:00,29.754701607031876
2025-06-16 15:50:13.288721+00:00,29.73680324042818
2025-06-16 15:50:15.225944+00:00,29.76618169573704
2025-06-16 15:50:28.685926+00:00,29.742543169560093
2025-06-16 15:50:48.373349+00:00,29.765910657797978
2025-06-16 15:50:49.157160+00:00,29.7480117283711
2025-06-16 15:50:51.022354+00:00,29.73639566067867
2025-06-16 15:50:51.343223+00:00,29.74814747561919
2025-06-16 15:50:51.764787+00:00,29.74814747561919
2025-06-16 15:50:54.384800+00:00,29.74814747561919
2025-06-16 15:50:57.239878+00:00,29.759899250363418
2025-06-16 15:50:57.731851+00:00,29.730519738134802
2025-06-16 15:50:58.309771+00:00,29.72491580460245
2025-06-16 15:50:59.487730+00:00,29.736667391289494
2025-06-16 15:51:01.229688+00:00,29.772057356653654
2025-06-16 15:51:04.837391+00:00,29.766317198540055
2025-06-16 15:51:05.676436+00:00,29.777797628162787
2025-06-16 15:51:13.652531+00:00,29.730927519221254
2025-06-16 15:51:14.969819+00:00,29.74281472283557
2025-06-16 15:51:17.127335+00:00,29.7664526905654
2025-06-16 15:51:20.367719+00:00,29.707696870980637
2025-06-16 15:51:20.790725+00:00,29.725051787965942
2025-06-16 15:51:21.425656+00:00,29.73680324042818
2025-06-16 15:51:22.263775+00:00,29.748283212089515
2025-06-16 15:51:24.626035+00:00,29.748283212089515
2025-06-16 15:51:25.117255+00:00,29.765910657797978
2025-06-16 15:51:25.288439+00:00,29.771786452936446
2025-06-16 15:51:25.389194+00:00,29.76577512266193
2025-06-16 15:51:26.751650+00:00,29.78367333609308
2025-06-16 15:51:28.379923+00:00,29.748283212089515
2025-06-16 15:51:29.074765+00:00,29.760170444080206
2025-06-16 15:51:29.366167+00:00,29.71903999618601
2025-06-16 15:51:35.655782+00:00,29.71343640212143
2025-06-16 15:51:36.597183+00:00,29.725187760551556
2025-06-16 15:51:37.486462+00:00,29.742407376755676
2025-06-16 15:51:37.944360+00:00,29.742678951586726
2025-06-16 15:51:38.821409+00:00,29.742543169560093
2025-06-16 15:51:40.969315+00:00,29.724643805541863
2025-06-16 15:51:41.842961+00:00,29.72477981046109
2025-06-16 15:51:49.176277+00:00,29.72491580460245
2025-06-16 15:51:49.602707+00:00,29.73680324042818
2025-06-16 15:51:50.689480+00:00,29.725051787965942
2025-06-16 15:51:51.099596+00:00,29.72477981046109
2025-06-16 15:51:51.515112+00:00,29.724643805541863
2025-06-16 15:51:51.901472+00:00,29.71863178008992
2025-06-16 15:51:52.259138+00:00,29.70141251064499
2025-06-16 15:51:52.677717+00:00,29.695400332326585
2025-06-16 15:51:52.876428+00:00,29.70113997467938
2025-06-16 15:51:53.245445+00:00,29.69512764057756
2025-06-16 15:51:53.542297+00:00,29.694991278536023
2025-06-16 15:51:55.527137+00:00,29.665610542464027
2025-06-16 15:51:59.509051+00:00,29.665200384953646
2025-06-16 15:51:59.899530+00:00,29.66547383407206
2025-06-16 15:52:01.400667+00:00,29.665337114901934
2025-06-16 15:52:03.909903+00:00,29.629941961948955
2025-06-16 15:52:05.226529+00:00,29.647845070488312
2025-06-16 15:52:11.462331+00:00,29.659324006245072
2025-06-16 15:52:11.777097+00:00,29.677089707938677
2025-06-16 15:52:12.283855+00:00,29.694718522118883
2025-06-16 15:52:12.472027+00:00,29.688705799285785
2025-06-16 15:52:12.691418+00:00,29.682283238581245
2025-06-16 15:52:14.342423+00:00,29.641831808228602
2025-06-16 15:52:15.925487+00:00,29.61860084217329
2025-06-16 15:52:17.019277+00:00,29.64743427660438
2025-06-16 15:52:18.343378+00:00,29.641283749916717
2025-06-16 15:52:19.263260+00:00,29.641420780662113
2025-06-16 15:52:29.967284+00:00,29.629667664327844
2025-06-16 15:52:33.111418+00:00,29.605886433380473
2025-06-16 15:52:35.828689+00:00,29.647023385716178
2025-06-16 15:52:39.053542+00:00,29.593995338728647
2025-06-16 15:52:40.165209+00:00,29.593995338728647
2025-06-16 15:52:40.433031+00:00,29.599872163578713
2025-06-16 15:52:41.310129+00:00,29.588256160183914
2025-06-16 15:52:41.685989+00:00,29.599459532545687
2025-06-16 15:52:42.003686+00:00,29.599734630679524
2025-06-16 15:52:42.219783+00:00,29.605474036035936
2025-06-16 15:52:42.738834+00:00,29.600009685699415
2025-06-16 15:52:43.332875+00:00,29.605611512595907
2025-06-16 15:52:43.634127+00:00,29.64087259301082
2025-06-16 15:52:43.892220+00:00,29.634995771403975
2025-06-16 15:52:44.142576+00:00,29.62911893974554
2025-06-16 15:52:44.351205+00:00,29.617090550844992
2025-06-16 15:52:44.785178+00:00,29.62283024007567
2025-06-16 15:52:45.250745+00:00,29.6173652462739
2025-06-16 15:52:45.616233+00:00,29.62911893974554
2025-06-16 15:52:45.978426+00:00,29.611763171010395
2025-06-16 15:52:46.465421+00:00,29.629393323593376
2025-06-16 15:52:47.019660+00:00,29.62324209803551
2025-06-16 15:52:47.660119+00:00,29.606161311051217
2025-06-16 15:52:48.008984+00:00,29.5763648038703
2025-06-16 15:52:48.459769+00:00,29.600009685699415
2025-06-16 15:52:49.383500+00:00,29.582241658874445
2025-06-16 15:52:49.783382+00:00,29.605886433380473
2025-06-16 15:52:50.166540+00:00,29.617639898589186
2025-06-16 15:52:50.434787+00:00,29.600009685699415
2025-06-16 15:52:51.553962+00:00,29.605886433380473
2025-06-16 15:52:51.963239+00:00,29.623379362465364
2025-06-16 15:52:52.150808+00:00,29.62324209803551
2025-06-16 15:52:52.354489+00:00,29.635270021018773
2025-06-16 15:52:52.456273+00:00,29.628981731654093
2025-06-16 15:52:52.831041+00:00,29.61791450779088
2025-06-16 15:52:53.132535+00:00,29.62911893974554
2025-06-16 15:52:53.509521+00:00,29.641146708393045
2025-06-16 15:52:53.798858+00:00,29.623104822827283
2025-06-16 15:52:54.044086+00:00,29.629393323593376
2025-06-16 15:52:54.343712+00:00,29.629393323593376
2025-06-16 15:52:54.558639+00:00,29.628981731654093
2025-06-16 15:52:54.828384+00:00,29.64087259301082
2025-06-16 15:52:55.147123+00:00,29.6173652462739
2025-06-16 15:52:55.307042+00:00,29.62925613705863
2025-06-16 15:52:55.714906+00:00,29.62324209803551
2025-06-16 15:52:55.924103+00:00,29.61162578312476
2025-06-16 15:52:56.266535+00:00,29.617227903948653
2025-06-16 15:52:56.892642+00:00,29.605611512595907
2025-06-16 15:52:57.266662+00:00,29.62324209803551
2025-06-16 15:52:57.536343+00:00,29.617227903948653
2025-06-16 15:52:57.770254+00:00,29.599597087001854
2025-06-16 15:52:58.158205+00:00,29.59358250634183
2025-06-16 15:53:04.493266+00:00,29.59385773871156
2025-06-16 15:53:05.939924+00:00,29.62324209803551
2025-06-16 15:53:14.766493+00:00,29.6173652462739
2025-06-16 15:53:14.983479+00:00,29.6173652462739
2025-06-16 15:53:16.468990+00:00,29.582103924620853
2025-06-16 15:53:19.377871+00:00,29.605886433380473
2025-06-16 15:53:19.702767+00:00,29.61750257782074
2025-06-16 15:53:20.313652+00:00,29.605886433380473
2025-06-16 15:53:21.256786+00:00,29.605886433380473
2025-06-16 15:53:21.568157+00:00,29.623516616116845
2025-06-16 15:53:22.099432+00:00,29.629393323593376
2025-06-16 15:53:23.487996+00:00,29.6173652462739
2025-06-16 15:53:31.551253+00:00,29.605336548697505
2025-06-16 15:53:31.906304+00:00,29.605611512595907
2025-06-16 15:53:32.659520+00:00,29.58182842377797
2025-06-16 15:53:35.513398+00:00,29.62324209803551
2025-06-16 15:53:38.444220+00:00,29.617227903948653
2025-06-16 15:53:51.023408+00:00,29.59358250634183
2025-06-16 15:53:53.749059+00:00,29.641420780662113
2025-06-16 15:53:53.947277+00:00,29.66451657353965
2025-06-16 15:53:54.265488+00:00,29.676406621564894
2025-06-16 15:53:54.489072+00:00,29.652900052988187
2025-06-16 15:53:54.618400+00:00,29.66437977892232
2025-06-16 15:53:55.447103+00:00,29.65317385679369
2025-06-16 15:53:55.723699+00:00,29.641146708393045
2025-06-16 15:53:56.297416+00:00,29.647023385716178
2025-06-16 15:53:56.765006+00:00,29.635270021018773
2025-06-16 15:53:57.622471+00:00,29.61791450779088
2025-06-16 15:53:59.998598+00:00,29.647160360123834
2025-06-16 15:54:00.450076+00:00,29.64770814997192
2025-06-16 15:54:01.102392+00:00,29.641283749916717
2025-06-16 15:54:01.492689+00:00,29.623928312401073
2025-06-16 15:54:02.530440+00:00,29.635818390908614
2025-06-16 15:54:03.333023+00:00,29.636092511183694
2025-06-16 15:54:03.901702+00:00,29.629667664327844
2025-06-16 15:54:05.992316+00:00,29.60657354671899
2025-06-16 15:54:06.428791+00:00,29.63021621645674
2025-06-16 15:54:06.842041+00:00,29.612037914446386
2025-06-16 15:54:07.275722+00:00,29.630079094592016
2025-06-16 15:54:08.076013+00:00,29.62420272269874
2025-06-16 15:54:09.048274+00:00,29.606161311051217
2025-06-16 15:54:10.401017+00:00,29.641831808228602
2025-06-16 15:54:10.968589+00:00,29.635818390908614
2025-06-16 15:54:11.480806+00:00,29.64770814997192
2025-06-16 15:54:11.730027+00:00,29.66547383407206
2025-06-16 15:54:12.030965+00:00,29.66547383407206
2025-06-16 15:54:12.632024+00:00,29.66547383407206
2025-06-16 15:54:13.031207+00:00,29.659597589593904
2025-06-16 15:54:13.531024+00:00,29.677362867041413
2025-06-16 15:54:13.735081+00:00,29.671623340276383
2025-06-16 15:54:13.980264+00:00,29.659597589593904
2025-06-16 15:54:14.412579+00:00,29.665200384953646
2025-06-16 15:54:14.662968+00:00,29.653858177688523
2025-06-16 15:54:15.115780+00:00,29.671350068500455
2025-06-16 15:54:15.556254+00:00,29.65399500953284
2025-06-16 15:54:15.983157+00:00,29.665747240077835
2025-06-16 15:54:16.324721+00:00,29.65399500953284
2025-06-16 15:54:17.183358+00:00,29.671350068500455
2025-06-16 15:54:17.482360+00:00,29.671486709777486
2025-06-16 15:54:17.914410+00:00,29.683648470730876
2025-06-16 15:54:18.372163+00:00,29.677635983031738
2025-06-16 15:54:18.664235+00:00,29.671896568939793
2025-06-16 15:54:18.998487+00:00,29.64224273879064
2025-06-16 15:54:19.272580+00:00,29.677772524859762
2025-06-16 15:54:19.582508+00:00,29.665883926913487
2025-06-16 15:54:19.816519+00:00,29.671623340276383
2025-06-16 15:54:20.548581+00:00,29.671896568939793
2025-06-16 15:54:20.839333+00:00,29.70141251064499
2025-06-16 15:54:22.490490+00:00,29.683648470730876
2025-06-16 15:54:22.742263+00:00,29.683648470730876
2025-06-16 15:54:22.983919+00:00,29.7010036905296
2025-06-16 15:54:23.712436+00:00,29.665883926913487
2025-06-16 15:54:24.028856+00:00,29.683784934666434
2025-06-16 15:54:24.297828+00:00,29.654405440396555
2025-06-16 15:54:25.048112+00:00,29.677909055909687
2025-06-16 15:54:26.643540+00:00,29.69567298096357
2025-06-16 15:54:28.184449+00:00,29.6902062828799
2025-06-16 15:54:28.934469+00:00,29.66656719941956
2025-06-16 15:54:33.597805+00:00,29.71343640212143
2025-06-16 15:54:34.173997+00:00,29.730927519221254
2025-06-16 15:54:35.603279+00:00,29.73680324042818
2025-06-16 15:54:38.403195+00:00,29.701276248051173
2025-06-16 15:54:40.394895+00:00,29.719176046662238
2025-06-16 15:54:40.778485+00:00,29.70154876246082
2025-06-16 15:54:41.145559+00:00,29.713164177720948
2025-06-16 15:54:43.013257+00:00,29.718903934931877
2025-06-16 15:54:43.227521+00:00,29.713300295310148
2025-06-16 15:54:43.603303+00:00,29.71903999618601
2025-06-16 15:54:44.078422+00:00,29.719176046662238
2025-06-16 15:54:44.956134+00:00,29.71343640212143
2025-06-16 15:54:45.638754+00:00,29.707288349207275
2025-06-16 15:54:46.084592+00:00,29.713300295310148
2025-06-16 15:54:46.482898+00:00,29.68979718941794
2025-06-16 15:54:47.191844+00:00,29.71343640212143
2025-06-16 15:54:47.572250+00:00,29.70756070783413
2025-06-16 15:54:47.947516+00:00,29.69580928911506
2025-06-16 15:54:48.290323+00:00,29.70154876246082
2025-06-16 15:54:48.983502+00:00,29.684194261804738
2025-06-16 15:54:49.250873+00:00,29.70141251064499
2025-06-16 15:54:49.573966+00:00,29.70154876246082
2025-06-16 15:54:50.582337+00:00,29.701821233758558
2025-06-16 15:54:50.980225+00:00,29.690069929170605
2025-06-16 15:54:51.272594+00:00,29.701821233758558
2025-06-16 15:54:51.554781+00:00,29.713708583410245
2025-06-16 15:54:51.791917+00:00,29.71343640212143
2025-06-16 15:54:52.386283+00:00,29.70810529575252
2025-06-16 15:54:53.003065+00:00,29.696081873084033
2025-06-16 15:54:53.646176+00:00,29.713708583410245
2025-06-16 15:54:54.398489+00:00,29.695945586488545
2025-06-16 15:54:54.614236+00:00,29.71944811528102
2025-06-16 15:54:55.667361+00:00,29.708241415787285
2025-06-16 15:55:01.365181+00:00,29.773140540416875
2025-06-16 15:55:01.767065+00:00,29.75592175826448
2025-06-16 15:55:02.172989+00:00,29.738161139035956
2025-06-16 15:55:02.614540+00:00,29.74991120906883
2025-06-16 15:55:03.188753+00:00,29.737889645536743
2025-06-16 15:55:03.507188+00:00,29.738025397675244
2025-06-16 15:55:03.815411+00:00,29.738296869618893
2025-06-16 15:55:04.139451+00:00,29.750182391010426
2025-06-16 15:55:04.904283+00:00,29.75592175826448
2025-06-16 15:55:05.848563+00:00,29.768213106128297
2025-06-16 15:55:06.756973+00:00,29.791306380125032
2025-06-16 15:55:09.358149+00:00,29.80947034634752
2025-06-16 15:55:15.311409+00:00,29.81574921129846
2025-06-16 15:55:17.432454+00:00,29.845120638168883
2025-06-16 15:55:19.529657+00:00,29.839111869387057
2025-06-16 15:55:22.349516+00:00,29.886508114888695
2025-06-16 15:55:26.721373+00:00,29.86875175605523
2025-06-16 15:55:27.406918+00:00,29.85727198046627
2025-06-16 15:55:27.864508+00:00,29.857137710624297
2025-06-16 15:55:28.232010+00:00,29.845389478613463
2025-06-16 15:55:28.657900+00:00,29.857137710624297
2025-06-16 15:55:29.006083+00:00,29.83964981870664
2025-06-16 15:55:32.090017+00:00,29.845389478613463
2025-06-16 15:55:40.481927+00:00,29.881036026039215
2025-06-16 15:55:43.957508+00:00,29.893051393861203
2025-06-16 15:55:45.800098+00:00,29.881705763691407
2025-06-16 15:55:46.156072+00:00,29.893586582475177
2025-06-16 15:55:46.603665+00:00,29.893586582475177
2025-06-16 15:55:46.980335+00:00,29.893051393861203
2025-06-16 15:55:47.455689+00:00,29.904798794121348
2025-06-16 15:55:47.846398+00:00,29.893319009722216
2025-06-16 15:55:48.192351+00:00,29.89905884522614
2025-06-16 15:55:48.478316+00:00,29.91681323323265
2025-06-16 15:55:48.683450+00:00,29.910939692418015
2025-06-16 15:55:49.334474+00:00,29.91067247918776
2025-06-16 15:55:49.921747+00:00,29.91681323323265
2025-06-16 15:55:50.237067+00:00,29.916679699110645
2025-06-16 15:55:50.478936+00:00,29.928426884822596
2025-06-16 15:55:50.805578+00:00,29.904932473229852
2025-06-16 15:55:51.007578+00:00,29.910806091191358
2025-06-16 15:55:51.588254+00:00,29.9401740303657
2025-06-16 15:55:51.859508+00:00,29.91067247918776
2025-06-16 15:55:55.263637+00:00,29.86969055457442
2025-06-16 15:55:55.853034+00:00,29.905199799115977
2025-06-16 15:55:57.934094+00:00,29.89318520718022
2025-06-16 15:55:58.320031+00:00,29.916546154211737
2025-06-16 15:56:05.044120+00:00,29.933633636915822
2025-06-16 15:56:07.588406+00:00,29.89238216561083
2025-06-16 15:56:12.522559+00:00,29.857406239531038
2025-06-16 15:56:14.710172+00:00,29.857674725329016
2025-06-16 15:56:14.975469+00:00,29.86928827701471
2025-06-16 15:56:15.444549+00:00,29.86915416294055
2025-06-16 15:56:21.141751+00:00,29.822431519356808
2025-06-16 15:56:21.546071+00:00,29.845792658450947
2025-06-16 15:56:22.546205+00:00,29.82803625525258
2025-06-16 15:56:23.229369+00:00,29.833910272194522
2025-06-16 15:56:23.491238+00:00,29.827901660650124
2025-06-16 15:56:23.849258+00:00,29.822431519356808
2025-06-16 15:56:24.811495+00:00,29.822296879200834
2025-06-16 15:56:25.829730+00:00,29.834448274399403
2025-06-16 15:56:26.363239+00:00,29.84565827594903
2025-06-16 15:56:27.360104+00:00,29.82817083907771
2025-06-16 15:56:28.586978+00:00,29.82202756655683
2025-06-16 15:56:29.546317+00:00,29.845792658450947
2025-06-16 15:56:32.954902+00:00,29.83964981870664
2025-06-16 15:56:34.601815+00:00,29.839784279093337
2025-06-16 15:56:35.295914+00:00,29.82817083907771
2025-06-16 15:56:35.781068+00:00,29.84565827594903
2025-06-16 15:56:37.000825+00:00,29.84606139112305
2025-06-16 15:56:37.836078+00:00,29.840187595589803
2025-06-16 15:56:39.263820+00:00,29.857808952062225
2025-06-16 15:56:39.507526+00:00,29.86354855784171
2025-06-16 15:56:39.807522+00:00,29.84606139112305
2025-06-16 15:56:40.584829+00:00,29.86928827701471
2025-06-16 15:56:42.047740+00:00,29.869556472831643
2025-06-16 15:56:42.264181+00:00,29.857674725329016
2025-06-16 15:56:42.782877+00:00,29.86354855784171
2025-06-16 15:56:45.286516+00:00,29.8813039534313
2025-06-16 15:56:46.138042+00:00,29.88090204617755
2025-06-16 15:56:47.214754+00:00,29.851666578156234
2025-06-16 15:56:49.021997+00:00,29.86942238031174
2025-06-16 15:56:50.546384+00:00,29.857808952062225
2025-06-16 15:56:51.845136+00:00,29.881036026039215
2025-06-16 15:56:52.846168+00:00,29.87543021815269
2025-06-16 15:56:53.950504+00:00,29.874625904014554
2025-06-16 15:56:57.118118+00:00,29.84552388266987
2025-06-16 15:56:57.695418+00:00,29.85727198046627
2025-06-16 15:56:57.929009+00:00,29.82202756655683
2025-06-16 15:56:58.170663+00:00,29.85139793658975
2025-06-16 15:57:00.533103+00:00,29.816153462420182
2025-06-16 15:57:01.194352+00:00,29.821892894068792
2025-06-16 15:57:02.837969+00:00,29.82803625525258
2025-06-16 15:57:03.337878+00:00,29.833910272194522
2025-06-16 15:57:04.179786+00:00,29.816153462420182
2025-06-16 15:57:04.918399+00:00,29.82202756655683
2025-06-16 15:57:06.583002+00:00,29.80974005675477
2025-06-16 15:57:07.145104+00:00,29.803865664095504
2025-06-16 15:57:07.644276+00:00,29.792251889009396
2025-06-16 15:57:08.061669+00:00,29.786107307599632
2025-06-16 15:57:08.886288+00:00,29.774358297662534
2025-06-16 15:57:09.395029+00:00,29.780097611513337
2025-06-16 15:57:11.171576+00:00,29.76848377762724
2025-06-16 15:57:12.045985+00:00,29.756870161227713
2025-06-16 15:57:13.189687+00:00,29.774223034412323
2025-06-16 15:57:13.735850+00:00,29.780097611513337
2025-06-16 15:57:20.077436+00:00,29.74308623299993
2025-06-16 15:57:20.670660+00:00,29.713980721587408
2025-06-16 15:57:21.396404+00:00,29.731335203307154
2025-06-16 15:57:22.544749+00:00,29.737074906372126
2025-06-16 15:57:22.920408+00:00,29.737074906372126
2025-06-16 15:57:24.222668+00:00,29.707696870980637
2025-06-16 15:57:27.055348+00:00,29.678182085675274
2025-06-16 15:57:28.700796+00:00,29.689933564683283
2025-06-16 15:57:29.459282+00:00,29.671896568939793
2025-06-16 15:57:29.876437+00:00,29.678045576181525
2025-06-16 15:57:30.416748+00:00,29.665610542464027
2025-06-16 15:57:34.465237+00:00,29.65399500953284
2025-06-16 15:57:35.216051+00:00,29.62516281922253
2025-06-16 15:57:35.701251+00:00,29.630627517380997
2025-06-16 15:57:36.161723+00:00,29.62516281922253
2025-06-16 15:57:36.363178+00:00,29.619286907096274
2025-06-16 15:57:36.573711+00:00,29.61313645705379
2025-06-16 15:57:36.805485+00:00,29.6369146133299
2025-06-16 15:57:37.545822+00:00,29.654405440396555
2025-06-16 15:57:37.979507+00:00,29.654542229128054
2025-06-16 15:57:38.687347+00:00,29.65481577425647
2025-06-16 15:57:39.646597+00:00,29.654542229128054
2025-06-16 15:57:40.087071+00:00,29.654679007081356
2025-06-16 15:57:40.490680+00:00,29.683784934666434
2025-06-16 15:57:41.228903+00:00,29.654405440396555
2025-06-16 15:57:42.228755+00:00,29.66629392275156
2025-06-16 15:57:42.705831+00:00,29.66629392275156
2025-06-16 15:57:43.315702+00:00,29.665747240077835
2025-06-16 15:57:43.953288+00:00,29.671896568939793
2025-06-16 15:57:45.710521+00:00,29.666020602970992
2025-06-16 15:57:46.926991+00:00,29.65426864088685
2025-06-16 15:57:48.353857+00:00,29.648666367243724
2025-06-16 15:57:48.990814+00:00,29.624888559821738
2025-06-16 15:57:51.281071+00:00,29.630627517380997
2025-06-16 15:57:51.696175+00:00,29.64825576736807
2025-06-16 15:57:52.253293+00:00,29.654405440396555
2025-06-16 15:57:52.652361+00:00,29.66547383407206
2025-06-16 15:57:52.863671+00:00,29.659734365101038
2025-06-16 15:57:53.228439+00:00,29.63049042785124
2025-06-16 15:57:53.488308+00:00,29.630353327543155
2025-06-16 15:57:54.112039+00:00,29.636092511183694
2025-06-16 15:57:54.900738+00:00,29.64224273879064
2025-06-16 15:57:55.403519+00:00,29.63622955515379
2025-06-16 15:57:55.910979+00:00,29.659871129829988
2025-06-16 15:57:56.470565+00:00,29.665747240077835
2025-06-16 15:57:56.869151+00:00,29.665747240077835
2025-06-16 15:57:57.105482+00:00,29.659597589593904
2025-06-16 15:57:57.371693+00:00,29.654405440396555
2025-06-16 15:57:57.674464+00:00,29.653858177688523
2025-06-16 15:57:57.889965+00:00,29.612861886072377
2025-06-16 15:57:58.100069+00:00,29.647981980226476
2025-06-16 15:57:58.500273+00:00,29.6421057727149
2025-06-16 15:57:58.728471+00:00,29.630353327543155
2025-06-16 15:57:58.916817+00:00,29.653858177688523
2025-06-16 15:57:59.119933+00:00,29.653858177688523
2025-06-16 15:57:59.443219+00:00,29.641694809818052
2025-06-16 15:57:59.745833+00:00,29.647845070488312
2025-06-16 15:58:00.093990+00:00,29.636366588345588
2025-06-16 15:58:00.824375+00:00,29.665610542464027
2025-06-16 15:58:01.265143+00:00,29.653584481665245
2025-06-16 15:58:03.202873+00:00,29.64224273879064
2025-06-16 15:58:03.695752+00:00,29.63021621645674
2025-06-16 15:58:04.082381+00:00,29.630079094592016
2025-06-16 15:58:04.886815+00:00,29.606985685380817
2025-06-16 15:58:05.343469+00:00,29.60684831660531
2025-06-16 15:58:05.935203+00:00,29.62420272269874
2025-06-16 15:58:06.360471+00:00,29.62433991168004
2025-06-16 15:58:06.819730+00:00,29.618463596853573
2025-06-16 15:58:07.945814+00:00,29.630353327543155
2025-06-16 15:58:08.305149+00:00,29.606710937051364
2025-06-16 15:58:08.882709+00:00,29.636503610759092
2025-06-16 15:58:09.417818+00:00,29.63622955515379
2025-06-16 15:58:09.927050+00:00,29.63049042785124
2025-06-16 15:58:10.838307+00:00,29.647981980226476
2025-06-16 15:58:11.953219+00:00,29.630901664105583
2025-06-16 15:58:12.910705+00:00,29.642516638607336
2025-06-16 15:58:13.387486+00:00,29.65413183059895
2025-06-16 15:58:13.694268+00:00,29.636640622394314
2025-06-16 15:58:14.388584+00:00,29.665883926913487
2025-06-16 15:58:16.612660+00:00,29.619286907096274
2025-06-16 15:58:17.228993+00:00,29.64237969408812
2025-06-16 15:58:18.570701+00:00,29.625025694911308
2025-06-16 15:58:19.134753+00:00,29.60726039059655
2025-06-16 15:58:20.445263+00:00,29.6369146133299
2025-06-16 15:58:20.798044+00:00,29.630901664105583
2025-06-16 15:58:21.141292+00:00,29.61914971566841
2025-06-16 15:58:21.249050+00:00,29.64237969408812
2025-06-16 15:58:21.757680+00:00,29.619012513462184
2025-06-16 15:58:23.321832+00:00,29.613273726376903
2025-06-16 15:58:23.606045+00:00,29.607535052698594
2025-06-16 15:58:23.879881+00:00,29.619012513462184
2025-06-16 15:58:24.653271+00:00,29.630764596132444
2025-06-16 15:58:25.101383+00:00,29.642790495311004
2025-06-16 15:58:25.818758+00:00,29.607535052698594
2025-06-16 15:58:26.402722+00:00,29.60726039059655
2025-06-16 15:58:27.057018+00:00,29.60684831660531
2025-06-16 15:58:27.460294+00:00,29.601109474639962
2025-06-16 15:58:30.194336+00:00,29.601521717648044
2025-06-16 15:58:31.286173+00:00,29.619424087745767
2025-06-16 15:58:31.686104+00:00,29.607535052698594
2025-06-16 15:58:36.637117+00:00,29.595783158107366
2025-06-16 15:58:36.856645+00:00,29.63103872130041
2025-06-16 15:58:37.031945+00:00,29.601384314090467
2025-06-16 15:58:37.344271+00:00,29.60739772703678
2025-06-16 15:58:37.818642+00:00,29.62529993275543
2025-06-16 15:58:38.051223+00:00,29.654542229128054
2025-06-16 15:58:38.261122+00:00,29.630901664105583
2025-06-16 15:58:38.593655+00:00,29.648392644771516
2025-06-16 15:58:40.657404+00:00,29.637325518896194
2025-06-16 15:58:40.968419+00:00,29.60780967168696
2025-06-16 15:58:43.423812+00:00,29.696218148901526
2025-06-16 15:58:44.144912+00:00,29.66697703358556
2025-06-16 15:58:44.410215+00:00,29.672442896929212
2025-06-16 15:58:44.704465+00:00,29.69034262581117
2025-06-16 15:58:45.817802+00:00,29.679000916298143
2025-06-16 15:58:46.218958+00:00,29.67831858439094
2025-06-16 15:58:51.320562+00:00,29.666840432975025
2025-06-16 15:58:53.234867+00:00,29.690478957964423
2025-06-16 15:58:53.791375+00:00,29.696626911686074
2025-06-16 15:58:54.258956+00:00,29.69061527933966
2025-06-16 15:58:55.061162+00:00,29.696626911686074
2025-06-16 15:58:55.479251+00:00,29.678864471472842
2025-06-16 15:58:55.946233+00:00,29.696490668202546
2025-06-16 15:58:56.356172+00:00,29.68460349194057
2025-06-16 15:58:57.909641+00:00,29.714116774509126
2025-06-16 15:58:58.110391+00:00,29.702502223388485
2025-06-16 15:58:58.393444+00:00,29.720128098215007
2025-06-16 15:58:58.593879+00:00,29.719584133423577
2025-06-16 15:58:58.836758+00:00,29.719584133423577
2025-06-16 15:58:59.088697+00:00,29.725595613641257
2025-06-16 15:58:59.302252+00:00,29.72026406246817
2025-06-16 15:58:59.783001+00:00,29.726139266870916
2025-06-16 15:59:00.225921+00:00,29.714388848018867
2025-06-16 15:59:00.583816+00:00,29.720128098215007
2025-06-16 15:59:00.948678+00:00,29.714116774509126
2025-06-16 15:59:01.816928+00:00,29.708649711223988
2025-06-16 15:59:02.375325+00:00,29.726275153233725
2025-06-16 15:59:03.283769+00:00,29.69689936631919
2025-06-16 15:59:04.067897+00:00,29.702638388980592
2025-06-16 15:59:04.560931+00:00,29.708921854292182
2025-06-16 15:59:26.194413+00:00,29.780503167600628
2025-06-16 15:59:31.461912+00:00,29.77489924288748
2025-06-16 15:59:34.242831+00:00,29.78131398878117
2025-06-16 15:59:34.577304+00:00,29.775304838641574
2025-06-16 15:59:49.169012+00:00,29.81014454153496
2025-06-16 15:59:52.431904+00:00,29.7866477159443
2025-06-16 15:59:53.193526+00:00,29.816153462420182
2025-06-16 15:59:55.832231+00:00,29.82803625525258
2025-06-16 15:59:56.542419+00:00,29.798531089750124
2025-06-16 15:59:56.769575+00:00,29.82175821080339
2025-06-16 15:59:57.889200+00:00,29.83377574470006
2025-06-16 15:59:58.566533+00:00,29.827901660650124
2025-06-16 15:59:59.140306+00:00,29.827901660650124
2025-06-16 15:59:59.592644+00:00,29.82202756655683
2025-06-16 16:00:00.038732+00:00,29.816288191239316
2025-06-16 16:00:00.774134+00:00,29.816153462420182
2025-06-16 16:00:01.964835+00:00,29.804809780794685
2025-06-16 16:00:03.081123+00:00,29.833910272194522
2025-06-16 16:00:03.841292+00:00,29.84552388266987
2025-06-16 16:00:05.192025+00:00,29.85727198046627
2025-06-16 16:00:06.249115+00:00,29.833372097552832
2025-06-16 16:00:07.269448+00:00,29.810414144168
2025-06-16 16:00:09.224333+00:00,29.80467493931284
2025-06-16 16:00:10.431635+00:00,29.816557616545435
2025-06-16 16:00:11.572678+00:00,29.810414144168
2025-06-16 16:00:12.824682+00:00,29.82817083907771
2025-06-16 16:00:14.438739+00:00,29.82817083907771
2025-06-16 16:00:15.002977+00:00,29.834044788911687
2025-06-16 16:00:20.148823+00:00,29.804135465611065
2025-06-16 16:00:21.107479+00:00,29.792251889009396
2025-06-16 16:00:21.574222+00:00,29.7688897040435
2025-06-16 16:00:31.707180+00:00,29.78597217856963
2025-06-16 16:00:35.073565+00:00,29.77462879183018
2025-06-16 16:00:41.603488+00:00,29.779827186900633
2025-06-16 16:00:41.954177+00:00,29.786107307599632
2025-06-16 16:00:42.563909+00:00,29.762473850076113
2025-06-16 16:00:42.857383+00:00,29.774358297662534
2025-06-16 16:00:44.635640+00:00,29.78597217856963
2025-06-16 16:00:46.235766+00:00,29.72749764549661
2025-06-16 16:00:47.798138+00:00,29.774764022747622
2025-06-16 16:00:49.813351+00:00,29.763015375295566
2025-06-16 16:00:50.007580+00:00,29.780503167600628
2025-06-16 16:00:50.141796+00:00,29.780367993015762
2025-06-16 16:00:50.609985+00:00,29.774493550135155
2025-06-16 16:00:51.410945+00:00,29.804135465611065
2025-06-16 16:00:51.870731+00:00,29.780503167600628
2025-06-16 16:00:53.540298+00:00,29.816018722823667
2025-06-16 16:00:54.254673+00:00,29.810009724052318
2025-06-16 16:00:59.999005+00:00,29.810279348240183
2025-06-16 16:01:00.872031+00:00,29.816153462420182
2025-06-16 16:01:01.298186+00:00,29.810279348240183
2025-06-16 16:01:02.881862+00:00,29.786512630024436
2025-06-16 16:01:03.449397+00:00,29.75727645797537
2025-06-16 16:01:04.020935+00:00,29.739246681921855
2025-06-16 16:01:04.472775+00:00,29.763015375295566
2025-06-16 16:01:04.923366+00:00,29.76274463424113
2025-06-16 16:01:05.364781+00:00,29.757005604254598
2025-06-16 16:01:05.838995+00:00,29.745121185068076
2025-06-16 16:01:06.364860+00:00,29.733372168731364
2025-06-16 16:01:06.752267+00:00,29.751266687668267
2025-06-16 16:01:07.156982+00:00,29.739111026783295
2025-06-16 16:01:12.494541+00:00,29.83269913676116
2025-06-16 16:01:13.146688+00:00,29.844717296672577
2025-06-16 16:01:13.681478+00:00,29.81521005891928
2025-06-16 16:01:14.584179+00:00,29.791846735581192
2025-06-16 16:01:15.063439+00:00,29.80359581947014
2025-06-16 16:01:15.415801+00:00,29.80359581947014
2025-06-16 16:01:15.856461+00:00,29.826824515846283
2025-06-16 16:01:16.313758+00:00,29.821219369968116
2025-06-16 16:01:16.688457+00:00,29.821219369968116
2025-06-16 16:01:17.073997+00:00,29.821219369968116
2025-06-16 16:01:17.375094+00:00,29.82094988488622
2025-06-16 16:01:17.715826+00:00,29.82094988488622
2025-06-16 16:01:18.214530+00:00,29.826959196667474
2025-06-16 16:01:18.704915+00:00,29.83870829423585
2025-06-16 16:01:18.845267+00:00,29.83884283006355
2025-06-16 16:01:18.956253+00:00,29.862340636231302
2025-06-16 16:01:19.412011+00:00,29.84444834845537
2025-06-16 16:01:19.590967+00:00,29.83884283006355
2025-06-16 16:01:19.904772+00:00,29.815075243880976
2025-06-16 16:01:21.451278+00:00,29.821084632815854
2025-06-16 16:01:21.635777+00:00,29.820680356694794
2025-06-16 16:01:35.818206+00:00,29.72026406246817
2025-06-16 16:01:36.344216+00:00,29.690751589936884
2025-06-16 16:01:36.604461+00:00,29.69635441394103
2025-06-16 16:01:36.828992+00:00,29.702502223388485
2025-06-16 16:01:37.797297+00:00,29.702366047018423
2025-06-16 16:01:38.536426+00:00,29.67859154948804
2025-06-16 16:01:38.811736+00:00,29.69635441394103
2025-06-16 16:01:59.538259+00:00,29.602071224093905
2025-06-16 16:01:59.832061+00:00,29.59633288990938
2025-06-16 16:02:00.141331+00:00,29.584306379251927
2025-06-16 16:02:00.537083+00:00,29.584306379251927
2025-06-16 16:02:00.863144+00:00,29.59660769113962
2025-06-16 16:02:01.196839+00:00,29.57870577807487
2025-06-16 16:02:01.494346+00:00,29.57296772851137
2025-06-16 16:02:02.070919+00:00,29.578843385432823
2025-06-16 16:02:02.464492+00:00,29.584719032307035
2025-06-16 16:02:02.788838+00:00,29.602208573759277
2025-06-16 16:02:03.073754+00:00,29.572830054035094
2025-06-16 16:02:03.513527+00:00,29.561078575813127
2025-06-16 16:02:04.105220+00:00,29.590457196012018
2025-06-16 16:02:04.745555+00:00,29.608358780322817
2025-06-16 16:02:06.898651+00:00,29.59660769113962
2025-06-16 16:02:07.903570+00:00,29.579393707079255
2025-06-16 16:02:08.738534+00:00,29.608633269970337
2025-06-16 16:02:09.437850+00:00,29.59660769113962
2025-06-16 16:02:09.831059+00:00,29.596195473126574
2025-06-16 16:02:10.387892+00:00,29.572692368780256
2025-06-16 16:02:11.478412+00:00,29.59647029591373
2025-06-16 16:02:11.602899+00:00,29.6080842475617
2025-06-16 16:02:11.937583+00:00,29.59633288990938
2025-06-16 16:02:12.397142+00:00,29.591144453837142
2025-06-16 16:02:12.832359+00:00,29.590594669134003
2025-06-16 16:02:13.099369+00:00,29.596195473126574
2025-06-16 16:02:14.445853+00:00,29.602483240754726
2025-06-16 16:02:14.896201+00:00,29.57898098201223
2025-06-16 16:02:15.889369+00:00,29.57870577807487
2025-06-16 16:02:18.112407+00:00,29.590044711975125
2025-06-16 16:02:21.092733+00:00,29.596058045565304
2025-06-16 16:02:21.930804+00:00,29.590457196012018
2025-06-16 16:02:22.954988+00:00,29.602071224093905
2025-06-16 16:02:23.241383+00:00,29.596058045565304
2025-06-16 16:02:23.677202+00:00,29.613822695885467
2025-06-16 16:02:24.238927+00:00,29.6136854696759
2025-06-16 16:02:24.655818+00:00,29.602208573759277
2025-06-16 16:02:24.880328+00:00,29.584306379251927
2025-06-16 16:02:25.415620+00:00,29.607946965013536
2025-06-16 16:02:26.015989+00:00,29.601933863650096
2025-06-16 16:02:26.417143+00:00,29.57255467274684
2025-06-16 16:02:26.714157+00:00,29.5840312233226
2025-06-16 16:02:27.120238+00:00,29.566816567574428
2025-06-16 16:02:28.199484+00:00,29.572692368780256
2025-06-16 16:02:28.565234+00:00,29.590182217432577
2025-06-16 16:02:29.205101+00:00,29.572692368780256
2025-06-16 16:02:29.827925+00:00,29.602208573759277
2025-06-16 16:02:30.111619+00:00,29.58458149206718
2025-06-16 16:02:30.888803+00:00,29.584719032307035
2025-06-16 16:02:31.648033+00:00,29.607946965013536
2025-06-16 16:02:32.571846+00:00,29.63186083812504
2025-06-16 16:02:33.511817+00:00,29.6196984167097
2025-06-16 16:02:34.998828+00:00,29.631723845600007
2025-06-16 16:02:35.811232+00:00,29.607946965013536
2025-06-16 16:02:36.820524+00:00,29.613822695885467
2025-06-16 16:02:37.922725+00:00,29.619972702560215
2025-06-16 16:02:38.148048+00:00,29.613959911316652
2025-06-16 16:02:38.910981+00:00,29.602620558084812
2025-06-16 16:02:39.151382+00:00,29.608358780322817
2025-06-16 16:02:39.685948+00:00,29.602483240754726
2025-06-16 16:02:40.055341+00:00,29.608358780322817
2025-06-16 16:02:40.630568+00:00,29.608358780322817
2025-06-16 16:02:40.989541+00:00,29.59660769113962
2025-06-16 16:02:41.521707+00:00,29.61450866525765
2025-06-16 16:02:41.759345+00:00,29.608496030535775
2025-06-16 16:02:42.237577+00:00,29.602757864636473
2025-06-16 16:02:42.505247+00:00,29.61423430984389
2025-06-16 16:02:43.105451+00:00,29.602208573759277
2025-06-16 16:02:43.530899+00:00,29.596745075587062
2025-06-16 16:02:43.822897+00:00,29.608358780322817
2025-06-16 16:02:45.402443+00:00,29.608633269970337
2025-06-16 16:02:48.079930+00:00,29.655636150965258
2025-06-16 16:02:48.642744+00:00,29.66164809049296
2025-06-16 16:02:49.061773+00:00,29.643885490995864
2025-06-16 16:02:49.280517+00:00,29.661374830489148
2025-06-16 16:02:49.646052+00:00,29.655636150965258
2025-06-16 16:02:49.847641+00:00,29.66738677074843
2025-06-16 16:02:50.013720+00:00,29.66164809049296
2025-06-16 16:02:50.257152+00:00,29.66752332824648
2025-06-16 16:02:50.357590+00:00,29.66738677074843
2025-06-16 16:02:51.001009+00:00,29.66151146588012
2025-06-16 16:02:51.300511+00:00,29.65044451243735
2025-06-16 16:02:51.493859+00:00,29.67339855595368
2025-06-16 16:02:51.877861+00:00,29.66738677074843
2025-06-16 16:02:52.738962+00:00,29.655772842693107
2025-06-16 16:02:52.888228+00:00,29.67312556440859
2025-06-16 16:02:53.346401+00:00,29.66752332824648
2025-06-16 16:02:53.800520+00:00,29.679000916298143
2025-06-16 16:02:54.350701+00:00,29.67927377361455
2025-06-16 16:02:56.162202+00:00,29.66738677074843
2025-06-16 16:03:07.511923+00:00,29.691160457060505
2025-06-16 16:03:09.618792+00:00,29.679682978753732
2025-06-16 16:03:11.120925+00:00,29.691432981252923
2025-06-16 16:03:11.728516+00:00,29.709466011093618
2025-06-16 16:03:12.876669+00:00,29.703727325711487
2025-06-16 16:03:14.297569+00:00,29.703455156196384
2025-06-16 16:03:14.589806+00:00,29.70932998806012
2025-06-16 16:03:15.466424+00:00,29.714932865703616
2025-06-16 16:03:16.896430+00:00,29.72121551046019
2025-06-16 16:03:19.100933+00:00,29.7213513884905
2025-06-16 16:03:21.298099+00:00,29.726546893625816
2025-06-16 16:03:22.286002+00:00,29.71520480987867
2025-06-16 16:03:26.028709+00:00,29.714932865703616
2025-06-16 16:03:26.698522+00:00,29.715340765799382
2025-06-16 16:03:26.913871+00:00,29.744036179075444
2025-06-16 16:03:27.130071+00:00,29.738432589424054
2025-06-16 16:03:27.366541+00:00,29.72668274765512
2025-06-16 16:03:27.591152+00:00,29.72668274765512
2025-06-16 16:03:27.921459+00:00,29.715068843180088
2025-06-16 16:03:28.200786+00:00,29.72107962165204
2025-06-16 16:03:28.494670+00:00,29.72668274765512
2025-06-16 16:03:28.710367+00:00,29.714932865703616
2025-06-16 16:03:28.887356+00:00,29.714388848018867
2025-06-16 16:03:29.162733+00:00,29.726546893625816
2025-06-16 16:03:29.387593+00:00,29.714388848018867
2025-06-16 16:03:29.622440+00:00,29.738432589424054
2025-06-16 16:03:29.846708+00:00,29.72107962165204
2025-06-16 16:03:30.301768+00:00,29.738161139035956
2025-06-16 16:03:30.966866+00:00,29.738703996701048
2025-06-16 16:03:31.426475+00:00,29.732286088950367
2025-06-16 16:03:32.098082+00:00,29.744578768293685
2025-06-16 16:03:32.486532+00:00,29.738703996701048
2025-06-16 16:03:32.926352+00:00,29.744578768293685
2025-06-16 16:03:34.629867+00:00,29.691160457060505
2025-06-16 16:03:35.821478+00:00,29.708921854292182
2025-06-16 16:03:36.205124+00:00,29.720807811702187
2025-06-16 16:03:36.546357+00:00,29.732286088950367
2025-06-16 16:03:36.924193+00:00,29.71520480987867
2025-06-16 16:03:37.817530+00:00,29.714932865703616
2025-06-16 16:03:38.186815+00:00,29.714932865703616
2025-06-16 16:03:38.445496+00:00,29.70291068783096
2025-06-16 16:03:38.913967+00:00,29.720943722066043
2025-06-16 16:03:39.162811+00:00,29.71520480987867
2025-06-16 16:03:39.490490+00:00,29.69170546233336
2025-06-16 16:03:39.748595+00:00,29.68596689182101
2025-06-16 16:03:40.100489+00:00,29.70932998806012
2025-06-16 16:03:40.300839+00:00,29.696490668202546
2025-06-16 16:03:40.619091+00:00,29.69758031428746
2025-06-16 16:03:41.737291+00:00,29.69730796743406
2025-06-16 16:03:42.583111+00:00,29.71466087841702
2025-06-16 16:03:43.016687+00:00,29.70291068783096
2025-06-16 16:03:43.542994+00:00,29.71520480987867
2025-06-16 16:03:45.568102+00:00,29.703046821089224
2025-06-16 16:03:47.095736+00:00,29.71547671094222
2025-06-16 16:03:48.415243+00:00,29.692114103119117
2025-06-16 16:03:48.929787+00:00,29.703046821089224
2025-06-16 16:03:49.101390+00:00,29.714796877449263
2025-06-16 16:03:49.434647+00:00,29.714388848018867
2025-06-16 16:03:51.031075+00:00,29.70932998806012
2025-06-16 16:03:51.612067+00:00,29.691841686706592
2025-06-16 16:03:51.837522+00:00,29.691160457060505
2025-06-16 16:03:52.120591+00:00,29.673535035559087
2025-06-16 16:03:52.511457+00:00,29.67380796243567
2025-06-16 16:03:54.231128+00:00,29.70318294356955
2025-06-16 16:03:56.504902+00:00,29.697171777840406
2025-06-16 16:03:57.079713+00:00,29.70291068783096
2025-06-16 16:03:58.037550+00:00,29.70318294356955
2025-06-16 16:03:58.670773+00:00,29.66779641090825
2025-06-16 16:03:59.437627+00:00,29.65030779670703
2025-06-16 16:04:00.350783+00:00,29.656046193814298
2025-06-16 16:04:02.063576+00:00,29.644432730160762
2025-06-16 16:04:04.553890+00:00,29.63828392131159
2025-06-16 16:04:05.551426+00:00,29.608907716504298
2025-06-16 16:04:06.394200+00:00,29.60303244540454
2025-06-16 16:04:07.800502+00:00,29.63855765356886
2025-06-16 16:04:09.234658+00:00,29.66192130738421
2025-06-16 16:04:10.626583+00:00,29.656046193814298
2025-06-16 16:04:11.444027+00:00,29.644432730160762
2025-06-16 16:04:11.881147+00:00,29.644295936536864
2025-06-16 16:04:18.944818+00:00,29.691841686706592
2025-06-16 16:04:19.156721+00:00,29.68555798502615
2025-06-16 16:04:19.545881+00:00,29.686103172529936
2025-06-16 16:04:20.427688+00:00,29.679955728289602
2025-06-16 16:04:20.620944+00:00,29.668205954065105
2025-06-16 16:04:20.803110+00:00,29.66765987496642
2025-06-16 16:04:21.155709+00:00,29.679546587818717
2025-06-16 16:04:22.248464+00:00,29.674217271914973
2025-06-16 16:04:22.667649+00:00,29.66752332824648
2025-06-16 16:04:23.318809+00:00,29.691841686706592
2025-06-16 16:04:23.676789+00:00,29.68009208689047
2025-06-16 16:04:23.946380+00:00,29.691841686706592
2025-06-16 16:04:24.514157+00:00,29.686103172529936
2025-06-16 16:04:24.940381+00:00,29.68583060033407
2025-06-16 16:04:25.431919+00:00,29.674353686851937
2025-06-16 16:04:26.453600+00:00,29.668342446894524
2025-06-16 16:04:26.720328+00:00,29.68596689182101
2025-06-16 16:04:27.664700+00:00,29.69798875373288
2025-06-16 16:04:28.211849+00:00,29.691977900301843
2025-06-16 16:04:30.104655+00:00,29.691977900301843
2025-06-16 16:04:31.265216+00:00,29.68050109802485
2025-06-16 16:04:32.393141+00:00,29.704135499149693
2025-06-16 16:04:33.888487+00:00,29.692250295158402
2025-06-16 16:04:34.163466+00:00,29.686239442460852
2025-06-16 16:04:34.415955+00:00,29.698124878658774
2025-06-16 16:04:34.743715+00:00,29.691977900301843
2025-06-16 16:04:35.125935+00:00,29.7035912463429
2025-06-16 16:04:35.392710+00:00,29.668342446894524
2025-06-16 16:04:36.310419+00:00,29.674353686851937
2025-06-16 16:04:36.580256+00:00,29.691977900301843
2025-06-16 16:04:37.246742+00:00,29.69798875373288
2025-06-16 16:04:37.819727+00:00,29.69785261802903
2025-06-16 16:04:39.731430+00:00,29.691977900301843
2025-06-16 16:04:39.939759+00:00,29.674080846199946
2025-06-16 16:04:40.141278+00:00,29.680228434713303
2025-06-16 16:04:40.400238+00:00,29.686239442460852
2025-06-16 16:04:40.624873+00:00,29.674353686851937
2025-06-16 16:04:40.911932+00:00,29.691841686706592
2025-06-16 16:04:41.083783+00:00,29.691841686706592
2025-06-16 16:04:41.386199+00:00,29.69170546233336
2025-06-16 16:04:41.618340+00:00,29.680228434713303
2025-06-16 16:04:41.895422+00:00,29.66916117753116
2025-06-16 16:04:42.296644+00:00,29.709466011093618
2025-06-16 16:04:42.547087+00:00,29.686239442460852
2025-06-16 16:04:42.987246+00:00,29.709466011093618
2025-06-16 16:04:43.164989+00:00,29.70399945211488
2025-06-16 16:04:43.362034+00:00,29.679955728289602
2025-06-16 16:04:43.766861+00:00,29.703863394302147
2025-06-16 16:04:44.060976+00:00,29.703863394302147
2025-06-16 16:04:44.453519+00:00,29.715340765799382
2025-06-16 16:04:44.768600+00:00,29.692114103119117
2025-06-16 16:04:45.308723+00:00,29.70399945211488
2025-06-16 16:04:46.908924+00:00,29.7035912463429
2025-06-16 16:04:48.704703+00:00,29.65590952364278
2025-06-16 16:04:49.248086+00:00,29.674080846199946
2025-06-16 16:04:49.455723+00:00,29.679682978753732
2025-06-16 16:04:50.153156+00:00,29.668205954065105
2025-06-16 16:04:51.973095+00:00,29.632956390307214
2025-06-16 16:04:52.160366+00:00,29.63828392131159
2025-06-16 16:04:52.332631+00:00,29.63855765356886
2025-06-16 16:04:53.069703+00:00,29.632682566931315
2025-06-16 16:04:54.004534+00:00,29.620932363519294
2025-06-16 16:04:54.921863+00:00,29.620932363519294
2025-06-16 16:04:55.249475+00:00,29.632956390307214
2025-06-16 16:04:55.557717+00:00,29.632682566931315
2025-06-16 16:04:56.141832+00:00,29.644706285073912
2025-06-16 16:04:57.036296+00:00,29.62708142785609
2025-06-16 16:04:57.278209+00:00,29.644706285073912
2025-06-16 16:04:57.747596+00:00,29.650717911563447
2025-06-16 16:04:57.984916+00:00,29.65618285320765
2025-06-16 16:04:58.416178+00:00,29.63855765356886
2025-06-16 16:04:59.326598+00:00,29.650717911563447
2025-06-16 16:04:59.568758+00:00,29.644706285073912
2025-06-16 16:04:59.861688+00:00,29.644843046363174
2025-06-16 16:05:00.192095+00:00,29.644432730160762
2025-06-16 16:05:00.572649+00:00,29.65618285320765
2025-06-16 16:05:00.916223+00:00,29.650717911563447
2025-06-16 16:05:01.473579+00:00,29.680228434713303
2025-06-16 16:05:02.008889+00:00,29.668205954065105
2025-06-16 16:05:02.460308+00:00,29.650581217389487
2025-06-16 16:05:03.256531+00:00,29.66779641090825
2025-06-16 16:05:04.718077+00:00,29.62571120868414
2025-06-16 16:05:05.281498+00:00,29.596195473126574
2025-06-16 16:05:05.999831+00:00,29.584856561768373
2025-06-16 16:05:08.075712+00:00,29.596195473126574
2025-06-16 16:05:09.424893+00:00,29.59633288990938
2025-06-16 16:05:11.235530+00:00,29.63144982821506
2025-06-16 16:05:13.814556+00:00,29.596058045565304
2025-06-16 16:05:14.685304+00:00,29.584168806676523
2025-06-16 16:05:17.039334+00:00,29.596058045565304
2025-06-16 16:05:18.105993+00:00,29.584306379251927
2025-06-16 16:05:19.575297+00:00,29.57870577807487
2025-06-16 16:05:20.675248+00:00,29.584443941048814
2025-06-16 16:05:21.014693+00:00,29.60780967168696
2025-06-16 16:05:23.316875+00:00,29.59633288990938
2025-06-16 16:05:24.715498+00:00,29.61409711596946
2025-06-16 16:05:25.925187+00:00,29.649487275983066
2025-06-16 16:05:26.677367+00:00,29.61423430984389
2025-06-16 16:05:30.984984+00:00,29.608907716504298
2025-06-16 16:05:33.577942+00:00,29.602895160409716
2025-06-16 16:05:35.372522+00:00,29.59701981214659
2025-06-16 16:05:37.126945+00:00,29.65590952364278
2025-06-16 16:05:38.066526+00:00,29.65590952364278
2025-06-16 16:05:38.516550+00:00,29.673535035559087
2025-06-16 16:05:40.311235+00:00,29.656046193814298
2025-06-16 16:05:41.935290+00:00,29.691432981252923
2025-06-16 16:05:43.402037+00:00,29.679955728289602
2025-06-16 16:05:43.612507+00:00,29.679546587818717
2025-06-16 16:05:44.239317+00:00,29.66793293607197
2025-06-16 16:05:44.497614+00:00,29.66192130738421
2025-06-16 16:05:45.116321+00:00,29.65030779670703
2025-06-16 16:05:50.179400+00:00,29.62065822856551
2025-06-16 16:05:50.568957+00:00,29.63855765356886
2025-06-16 16:05:51.157496+00:00,29.6210694148287
2025-06-16 16:05:51.535415+00:00,29.615331472818287
2025-06-16 16:05:52.010066+00:00,29.644706285073912
2025-06-16 16:05:52.619380+00:00,29.662331051885083
2025-06-16 16:05:53.035469+00:00,29.656456139659873
2025-06-16 16:05:53.593706+00:00,29.66205789966263
2025-06-16 16:05:53.984961+00:00,29.638831342713157
2025-06-16 16:05:55.360252+00:00,29.668342446894524
2025-06-16 16:05:55.652942+00:00,29.638831342713157
2025-06-16 16:05:56.237505+00:00,29.674080846199946
2025-06-16 16:05:56.438042+00:00,29.656456139659873
2025-06-16 16:05:56.742947+00:00,29.65030779670703
2025-06-16 16:05:56.991088+00:00,29.644295936536864
2025-06-16 16:05:57.167472+00:00,29.644295936536864
2025-06-16 16:05:58.209047+00:00,29.65659276671876
2025-06-16 16:05:58.419152+00:00,29.656456139659873
2025-06-16 16:05:58.625108+00:00,29.65618285320765
2025-06-16 16:05:58.843600+00:00,29.65099126757684
2025-06-16 16:06:01.218074+00:00,29.68596689182101
2025-06-16 16:06:01.607300+00:00,29.668615400219085
2025-06-16 16:06:01.974368+00:00,29.668751860714224
2025-06-16 16:06:02.356398+00:00,29.66274069938283
2025-06-16 16:06:02.732481+00:00,29.686103172529936
2025-06-16 16:06:04.549707+00:00,29.68637570161376
2025-06-16 16:06:05.907093+00:00,29.686239442460852
2025-06-16 16:06:06.798180+00:00,29.680364771758093
2025-06-16 16:06:08.175984+00:00,29.65686598850208
2025-06-16 16:06:11.804856+00:00,29.698397096176734
2025-06-16 16:06:12.906705+00:00,29.686920630445407
2025-06-16 16:06:13.969842+00:00,29.68664818758558
2025-06-16 16:06:16.724870+00:00,29.651401220760643
2025-06-16 16:06:43.734478+00:00,29.769836488465177
2025-06-16 16:06:44.342898+00:00,29.752214881414872
2025-06-16 16:06:44.850004+00:00,29.763556728072793
2025-06-16 16:06:45.104765+00:00,29.740060386420467
2025-06-16 16:06:45.463921+00:00,29.746069999480863
2025-06-16 16:06:45.903176+00:00,29.763556728072793
2025-06-16 16:06:46.214064+00:00,29.775304838641574
2025-06-16 16:06:47.403526+00:00,29.769701265880588
2025-06-16 16:06:48.155136+00:00,29.769971700272176
2025-06-16 16:06:48.642699+00:00,29.757953403668235
2025-06-16 16:06:49.205628+00:00,29.757953403668235
2025-06-16 16:06:49.692211+00:00,29.76342140604493
2025-06-16 16:06:50.317749+00:00,29.79880093926438
2025-06-16 16:06:51.052394+00:00,29.751808577332422
2025-06-16 16:06:51.400804+00:00,29.740060386420467
2025-06-16 16:06:52.229910+00:00,29.763556728072793
2025-06-16 16:06:53.265680+00:00,29.763286073239442
2025-06-16 16:06:53.557397+00:00,29.786917855451467
2025-06-16 16:06:53.743321+00:00,29.769160267766274
2025-06-16 16:06:53.944359+00:00,29.774764022747622
2025-06-16 16:06:54.219436+00:00,29.775440015671123
2025-06-16 16:06:55.384196+00:00,29.763692039323022
2025-06-16 16:06:56.181268+00:00,29.786917855451467
2025-06-16 16:06:56.858165+00:00,29.78104375816452
2025-06-16 16:07:20.792498+00:00,29.775304838641574
2025-06-16 16:07:28.984477+00:00,29.775034452249752
2025-06-16 16:07:29.194330+00:00,29.78104375816452
2025-06-16 16:07:50.803854+00:00,29.716428025161843
2025-06-16 16:07:51.170364+00:00,29.716292155464043
2025-06-16 16:07:51.430709+00:00,29.70454357558665
2025-06-16 16:07:52.023237+00:00,29.722166430337705
2025-06-16 16:07:52.383336+00:00,29.728447869254687
2025-06-16 16:07:52.892986+00:00,29.728176430641366
2025-06-16 16:07:53.698145+00:00,29.716563884081797
2025-06-16 16:07:53.904573+00:00,29.745798963537215
2025-06-16 16:07:54.889479+00:00,29.728447869254687
2025-06-16 16:07:55.407228+00:00,29.757818036084966
2025-06-16 16:07:55.741091+00:00,29.76342140604493
2025-06-16 16:08:03.121301+00:00,29.799610229148147
2025-06-16 16:08:06.760891+00:00,29.734457558734253
2025-06-16 16:08:11.263630+00:00,29.752079457498397
2025-06-16 16:08:15.211071+00:00,29.740195966114804
2025-06-16 16:08:19.079774+00:00,29.710961553121244
2025-06-16 16:08:19.705887+00:00,29.698941401877377
2025-06-16 16:08:20.493057+00:00,29.716563884081797
2025-06-16 16:08:20.725646+00:00,29.728583572394662
2025-06-16 16:08:21.314770+00:00,29.728583572394662
2025-06-16 16:08:27.095940+00:00,29.76409790840799
2025-06-16 16:08:27.278544+00:00,29.746476472563543
2025-06-16 16:08:28.607204+00:00,29.717243017013907
2025-06-16 16:08:29.351862+00:00,29.722845335486824
2025-06-16 16:08:29.722795+00:00,29.722981084183203
2025-06-16 16:08:29.903998+00:00,29.72270957601263
2025-06-16 16:08:30.491519+00:00,29.717107211983162
2025-06-16 16:08:30.970349+00:00,29.72270957601263
2025-06-16 16:08:31.219361+00:00,29.72325254924255
2025-06-16 16:08:31.592004+00:00,29.73472879845734
2025-06-16 16:08:32.076036+00:00,29.72270957601263
2025-06-16 16:08:32.521407+00:00,29.72885494634126
2025-06-16 16:08:32.827936+00:00,29.72885494634126
2025-06-16 16:08:33.170852+00:00,29.746611942035706
2025-06-16 16:08:33.591279+00:00,29.734864402152247
2025-06-16 16:08:33.871487+00:00,29.72885494634126
2025-06-16 16:08:34.165955+00:00,29.722981084183203
2025-06-16 16:08:34.464313+00:00,29.740602640531435
2025-06-16 16:08:34.732245+00:00,29.72885494634126
2025-06-16 16:08:34.890302+00:00,29.746476472563543
2025-06-16 16:08:35.192032+00:00,29.752485696914807
2025-06-16 16:08:35.568017+00:00,29.75849476622484
2025-06-16 16:08:35.769842+00:00,29.752621088498273
2025-06-16 16:08:35.944102+00:00,29.728990617147886
2025-06-16 16:08:36.137346+00:00,29.75822410650182
2025-06-16 16:08:36.337810+00:00,29.752350294553676
2025-06-16 16:08:36.589829+00:00,29.752350294553676
2025-06-16 16:08:36.898200+00:00,29.76436843390989
2025-06-16 16:08:37.231203+00:00,29.717243017013907
2025-06-16 16:08:38.736131+00:00,29.77051243972432
2025-06-16 16:08:38.978034+00:00,29.740873702920553
2025-06-16 16:08:39.207084+00:00,29.76436843390989
2025-06-16 16:08:39.429462+00:00,29.776115739155404
2025-06-16 16:08:39.722232+00:00,29.752485696914807
2025-06-16 16:08:39.949141+00:00,29.740602640531435
2025-06-16 16:08:40.684096+00:00,29.752350294553676
2025-06-16 16:08:41.142688+00:00,29.775980616013666
2025-06-16 16:08:41.331089+00:00,29.775845482094375
2025-06-16 16:08:41.607659+00:00,29.805079431426094
2025-06-16 16:08:41.936974+00:00,29.817230991206696
2025-06-16 16:08:42.190449+00:00,29.816826998742055
2025-06-16 16:08:42.406471+00:00,29.7992056327048
2025-06-16 16:08:42.632773+00:00,29.82870906660501
2025-06-16 16:08:42.940536+00:00,29.81095322010518
2025-06-16 16:08:43.257405+00:00,29.81108796214597
2025-06-16 16:08:43.676272+00:00,29.80548382654252
2025-06-16 16:08:43.925618+00:00,29.79934050896337
2025-06-16 16:08:44.198251+00:00,29.79934050896337
2025-06-16 16:08:44.501671+00:00,29.811222693409366
2025-06-16 16:08:44.746709+00:00,29.805079431426094
2025-06-16 16:08:45.131071+00:00,29.793196869796024
2025-06-16 16:08:45.563600+00:00,29.81135741389537
2025-06-16 16:08:45.931243+00:00,29.8169616736743
2025-06-16 16:08:46.387282+00:00,29.79947537444448
2025-06-16 16:08:47.142271+00:00,29.823239133968418
2025-06-16 16:08:47.473080+00:00,29.80521424057566
2025-06-16 16:08:47.803370+00:00,29.822835375160643
2025-06-16 16:08:48.103020+00:00,29.79934050896337
2025-06-16 16:08:49.273589+00:00,29.80521424057566
2025-06-16 16:08:49.499114+00:00,29.822835375160643
2025-06-16 16:08:49.807684+00:00,29.79934050896337
2025-06-16 16:08:59.302490+00:00,29.781854320684
2025-06-16 16:09:12.302127+00:00,29.758765382837314
2025-06-16 16:09:13.823935+00:00,29.782394480146362
2025-06-16 16:09:23.171123+00:00,29.753162547055524
2025-06-16 16:09:23.385741+00:00,29.752891839332214
2025-06-16 16:09:24.181696+00:00,29.770647597643414
2025-06-16 16:09:24.347317+00:00,29.74688284864695
2025-06-16 16:09:25.284995+00:00,29.753027198582696
2025-06-16 16:09:25.709540+00:00,29.758630079919893
2025-06-16 16:09:27.406484+00:00,29.764638916301354
2025-06-16 16:09:27.764139+00:00,29.752891839332214
2025-06-16 16:09:32.245494+00:00,29.752621088498273
2025-06-16 16:09:33.916792+00:00,29.77051243972432
2025-06-16 16:09:36.448718+00:00,29.74688284864695
2025-06-16 16:09:37.134412+00:00,29.752621088498273
2025-06-16 16:09:38.089956+00:00,29.794141322485956
2025-06-16 16:09:39.048588+00:00,29.77638595310622
2025-06-16 16:09:39.980388+00:00,29.75890067497711
2025-06-16 16:09:41.990654+00:00,29.76436843390989
2025-06-16 16:09:43.478979+00:00,29.75849476622484
2025-06-16 16:09:43.795523+00:00,29.75849476622484
2025-06-16 16:09:46.461502+00:00,29.752891839332214
2025-06-16 16:09:50.118987+00:00,29.76436843390989
2025-06-16 16:09:52.955357+00:00,29.782394480146362
2025-06-16 16:09:53.679330+00:00,29.776250851519592
2025-06-16 16:09:56.104533+00:00,29.770242091553406
2025-06-16 16:09:57.733522+00:00,29.76436843390989
2025-06-16 16:09:58.333788+00:00,29.764503680494425
2025-06-16 16:09:59.940861+00:00,29.782124421970227
2025-06-16 16:10:05.405431+00:00,29.83485166289152
2025-06-16 16:10:06.647357+00:00,29.82911262408869
2025-06-16 16:10:10.193436+00:00,29.81135741389537
2025-06-16 16:10:12.154444+00:00,29.817230991206696
2025-06-16 16:10:16.752131+00:00,29.799745073074373
2025-06-16 16:10:19.350930+00:00,29.787863004234826
2025-06-16 16:10:22.155563+00:00,29.823373698683014
2025-06-16 16:10:22.583398+00:00,29.811626822535217
2025-06-16 16:10:25.187442+00:00,29.82911262408869
2025-06-16 16:10:32.302755+00:00,29.81081846728699
2025-06-16 16:10:33.950412+00:00,29.78759301561284
2025-06-16 16:10:38.470434+00:00,29.763692039323022
2025-06-16 16:10:40.834204+00:00,29.763692039323022
2025-06-16 16:10:42.749791+00:00,29.757818036084966
2025-06-16 16:10:44.073209+00:00,29.74593448689789
2025-06-16 16:10:44.364668+00:00,29.746205501286124
2025-06-16 16:10:44.891884+00:00,29.758088760473854
2025-06-16 16:10:45.516598+00:00,29.728719264756855
2025-06-16 16:10:46.491397+00:00,29.746476472563543
2025-06-16 16:10:48.022593+00:00,29.746476472563543
2025-06-16 16:10:51.090907+00:00,29.746340992313684
2025-06-16 16:10:51.813692+00:00,29.740873702920553
2025-06-16 16:10:52.454628+00:00,29.723116822101776
2025-06-16 16:10:53.696054+00:00,29.740602640531435
2025-06-16 16:10:54.038655+00:00,29.740873702920553
2025-06-16 16:10:54.420206+00:00,29.746611942035706
2025-06-16 16:10:54.743528+00:00,29.752214881414872
2025-06-16 16:10:55.797460+00:00,29.75849476622484
2025-06-16 16:10:56.104116+00:00,29.75849476622484
2025-06-16 16:10:56.348669+00:00,29.770242091553406
2025-06-16 16:10:56.587627+00:00,29.75835944175215
2025-06-16 16:10:57.611024+00:00,29.746611942035706
2025-06-16 16:10:58.059247+00:00,29.775980616013666
2025-06-16 16:10:58.461126+00:00,29.752485696914807
2025-06-16 16:10:58.636326+00:00,29.770242091553406
2025-06-16 16:10:58.980734+00:00,29.740602640531435
2025-06-16 16:10:59.984256+00:00,29.769971700272176
2025-06-16 16:11:02.288600+00:00,29.76423317654774
2025-06-16 16:11:04.141546+00:00,29.752214881414872
2025-06-16 16:11:04.623577+00:00,29.746205501286124
2025-06-16 16:11:04.966124+00:00,29.752214881414872
2025-06-16 16:11:06.070692+00:00,29.76409790840799
2025-06-16 16:11:06.545011+00:00,29.73472879845734
2025-06-16 16:11:07.023199+00:00,29.734864402152247
2025-06-16 16:11:07.770179+00:00,29.72885494634126
2025-06-16 16:11:08.755115+00:00,29.711097446820126
2025-06-16 16:11:10.059892+00:00,29.72270957601263
2025-06-16 16:11:10.552422+00:00,29.71683556958816
2025-06-16 16:11:11.624884+00:00,29.69934951798459
2025-06-16 16:11:13.679150+00:00,29.69948553513115
2025-06-16 16:11:13.963482+00:00,29.675717243428554
2025-06-16 16:11:18.808400+00:00,29.67558093627209
2025-06-16 16:11:19.323425+00:00,29.681318829286884
2025-06-16 16:11:21.960682+00:00,29.663696166310327
2025-06-16 16:11:22.506646+00:00,29.65795844450987
2025-06-16 16:11:23.348249+00:00,29.6576853951767
2025-06-16 16:11:24.668502+00:00,29.675444618337597
2025-06-16 16:11:25.739988+00:00,29.645936748662162
2025-06-16 16:11:28.019207+00:00,29.65741230273102
2025-06-16 16:11:28.235348+00:00,29.652220836117973
2025-06-16 16:11:28.621785+00:00,29.657548854342924
2025-06-16 16:11:31.616252+00:00,29.663696166310327
2025-06-16 16:11:32.350422+00:00,29.657821925232344
2025-06-16 16:11:33.644970+00:00,29.681318829286884
2025-06-16 16:11:34.188712+00:00,29.68118256768826
2025-06-16 16:11:34.689749+00:00,29.68719303019328
2025-06-16 16:11:34.856166+00:00,29.681318829286884
2025-06-16 16:11:35.136258+00:00,29.66957039734541
2025-06-16 16:11:35.458557+00:00,29.66916117753116
2025-06-16 16:11:36.445188+00:00,29.681318829286884
2025-06-16 16:11:36.796350+00:00,29.675444618337597
2025-06-16 16:11:37.353317+00:00,29.663559703369277
2025-06-16 16:11:37.828550+00:00,29.663832618473283
2025-06-16 16:11:38.291539+00:00,29.681318829286884
2025-06-16 16:11:38.777147+00:00,29.68719303019328
2025-06-16 16:11:40.168336+00:00,29.675717243428554
2025-06-16 16:11:40.999564+00:00,29.699077451357702
2025-06-16 16:11:43.741088+00:00,29.717107211983162
2025-06-16 16:11:44.492165+00:00,29.717243017013907
2025-06-16 16:11:44.694027+00:00,29.69347553850351
2025-06-16 16:11:45.239454+00:00,29.72885494634126
2025-06-16 16:11:45.672724+00:00,29.72885494634126
2025-06-16 16:11:45.973435+00:00,29.728990617147886
2025-06-16 16:11:47.441885+00:00,29.722981084183203
2025-06-16 16:11:48.309564+00:00,29.717243017013907
2025-06-16 16:11:48.577721+00:00,29.73499999506941
2025-06-16 16:11:49.210225+00:00,29.71697139617458
2025-06-16 16:11:50.168061+00:00,29.72270957601263
2025-06-16 16:11:50.669869+00:00,29.71683556958816
2025-06-16 16:11:51.368294+00:00,29.728990617147886
2025-06-16 16:11:53.560172+00:00,29.70549537671292
2025-06-16 16:11:53.762384+00:00,29.69948553513115
2025-06-16 16:11:55.118874+00:00,29.711505063249586
2025-06-16 16:11:55.436441+00:00,29.717107211983162
2025-06-16 16:11:56.594233+00:00,29.705359437457137
2025-06-16 16:11:56.795986+00:00,29.73472879845734
2025-06-16 16:11:57.347194+00:00,29.687737700353235
2025-06-16 16:11:58.718193+00:00,29.723116822101776
2025-06-16 16:11:59.051813+00:00,29.705359437457137
2025-06-16 16:11:59.336530+00:00,29.6818637679013
2025-06-16 16:11:59.776844+00:00,29.717514594741917
2025-06-16 16:12:01.702744+00:00,29.74701828578604
2025-06-16 16:12:02.045810+00:00,29.75903595633927
2025-06-16 16:12:03.088369+00:00,29.73513557720883
2025-06-16 16:12:03.484655+00:00,29.72912627717674
2025-06-16 16:12:03.924086+00:00,29.72926192642782
2025-06-16 16:12:04.317022+00:00,29.72325254924255
2025-06-16 16:12:04.898099+00:00,29.7352711485705
2025-06-16 16:12:05.286789+00:00,29.72926192642782
2025-06-16 16:12:06.106094+00:00,29.717514594741917
2025-06-16 16:12:07.312350+00:00,29.711369201884292
2025-06-16 16:12:07.752499+00:00,29.717378811266826
2025-06-16 16:12:08.859179+00:00,29.717514594741917
2025-06-16 16:12:09.181239+00:00,29.717378811266826
2025-06-16 16:12:11.967645+00:00,29.734864402152247
2025-06-16 16:12:12.144482+00:00,29.741009217948537
2025-06-16 16:12:12.386878+00:00,29.752485696914807
2025-06-16 16:12:12.594004+00:00,29.75849476622484
2025-06-16 16:12:15.113910+00:00,29.752891839332214
2025-06-16 16:12:15.563197+00:00,29.76436843390989
2025-06-16 16:12:16.126575+00:00,29.73499999506941
2025-06-16 16:12:18.007567+00:00,29.77638595310622
2025-06-16 16:12:18.403039+00:00,29.787997982379572
2025-06-16 16:12:18.835281+00:00,29.78840285214885
2025-06-16 16:12:19.616326+00:00,29.758765382837314
2025-06-16 16:12:19.865027+00:00,29.77051243972432
2025-06-16 16:12:20.589398+00:00,29.782259456447058
2025-06-16 16:12:20.984489+00:00,29.78813294974682
2025-06-16 16:12:21.352398+00:00,29.787997982379572
2025-06-16 16:12:24.607181+00:00,29.794141322485956
2025-06-16 16:12:25.081714+00:00,29.788267906336582
2025-06-16 16:12:26.920703+00:00,29.77665612394685
2025-06-16 16:12:27.561283+00:00,29.794276201188936
2025-06-16 16:12:27.815740+00:00,29.77665612394685
2025-06-16 16:12:28.275551+00:00,29.78840285214885
2025-06-16 16:12:28.561245+00:00,29.776115739155404
2025-06-16 16:12:28.810112+00:00,29.77638595310622
2025-06-16 16:12:31.090521+00:00,29.782664495212433
2025-06-16 16:12:31.436322+00:00,29.776521043915302
2025-06-16 16:12:31.808352+00:00,29.77638595310622
2025-06-16 16:12:32.255665+00:00,29.770647597643414
2025-06-16 16:12:32.673506+00:00,29.753162547055524
2025-06-16 16:12:33.031985+00:00,29.794006433005528
2025-06-16 16:12:33.382576+00:00,29.799879906223158
2025-06-16 16:12:34.091428+00:00,29.80014954018841
2025-06-16 16:12:50.242577+00:00,29.48339010886223
2025-06-16 16:12:58.743340+00:00,28.624244040012353
2025-06-16 16:12:59.569968+00:00,29.845792658450947
2025-06-16 16:13:01.282891+00:00,29.417108665272966
2025-06-16 16:13:05.246575+00:00,29.334442745681383
2025-06-16 16:13:10.649910+00:00,29.3755670286127
2025-06-16 16:13:11.082470+00:00,29.39333113187589
2025-06-16 16:13:12.270799+00:00,29.399066397905372
2025-06-16 16:13:13.315401+00:00,29.240583843275147
2025-06-16 16:13:18.659840+00:00,29.104312475620965
2025-06-16 16:13:19.381777+00:00,29.127672904364104
2025-06-16 16:13:20.626790+00:00,29.116064044248265
2025-06-16 16:13:25.526689+00:00,29.280018029930744
2025-06-16 16:13:31.232392+00:00,28.97388695550934
2025-06-16 16:13:33.999192+00:00,29.232587074745922
2025-06-16 16:13:34.817572+00:00,29.144587826765186
2025-06-16 16:13:36.897035+00:00,29.279736087141863
2025-06-16 16:13:39.588685+00:00,29.156055254919334
2025-06-16 16:13:39.930773+00:00,29.068053924371096
2025-06-16 16:13:40.476049+00:00,29.18572046860459
2025-06-16 16:13:43.272252+00:00,29.321148114506535
2025-06-16 16:13:43.701002+00:00,29.332899476829652
2025-06-16 16:13:44.008115+00:00,29.321007618404423
2025-06-16 16:13:44.341028+00:00,29.36199764363325
2025-06-16 16:13:45.058809+00:00,29.386478736855516
2025-06-16 16:13:46.231846+00:00,29.433480376026775
2025-06-16 16:13:47.653395+00:00,29.327445022935155
2025-06-16 16:13:48.031600+00:00,29.297786023146404
2025-06-16 16:13:48.684061+00:00,29.27414226337929
2025-06-16 16:13:48.905705+00:00,29.28561197790666
2025-06-16 16:13:49.223359+00:00,29.274283285733635
2025-06-16 16:13:51.127696+00:00,29.232587074745922
2025-06-16 16:13:51.646313+00:00,29.232587074745922
2025-06-16 16:13:51.880220+00:00,29.1620738319118
2025-06-16 16:13:52.142595+00:00,29.185294251253893
2025-06-16 16:13:52.448981+00:00,29.173257247963363
2025-06-16 16:13:52.675440+00:00,29.161789139159573
2025-06-16 16:13:52.958327+00:00,29.173257247963363
2025-06-16 16:13:53.299053+00:00,29.17941798830083
2025-06-16 16:13:53.625941+00:00,29.149751518417446
2025-06-16 16:13:53.883566+00:00,29.13197939597644
2025-06-16 16:13:54.269478+00:00,29.13197939597644
2025-06-16 16:13:54.486430+00:00,29.120369130416947
2025-06-16 16:13:54.796805+00:00,29.120226276362132
2025-06-16 16:13:55.007142+00:00,29.114206769511686
2025-06-16 16:13:55.941093+00:00,29.090413667592333
2025-06-16 16:13:56.283780+00:00,29.078660004485187
2025-06-16 16:13:56.533891+00:00,29.067193271666852
2025-06-16 16:13:56.814214+00:00,29.03752186708601
2025-06-16 16:13:57.101352+00:00,29.04311122328651
2025-06-16 16:13:57.451834+00:00,29.019602998213237
2025-06-16 16:13:57.618667+00:00,29.037378029979287
2025-06-16 16:13:57.786977+00:00,29.048700794870665
2025-06-16 16:13:57.936353+00:00,29.025048058366448
2025-06-16 16:13:58.099746+00:00,29.019170785604718
2025-06-16 16:14:04.003051+00:00,28.93630771738087
2025-06-16 16:14:09.461792+00:00,28.454153007294956
2025-06-16 16:14:17.225627+00:00,28.301458901381192
2025-06-16 16:14:18.063071+00:00,28.2900062293554
2025-06-16 16:14:18.685486+00:00,28.236944852268525
2025-06-16 16:14:19.025269+00:00,28.18976040974184
2025-06-16 16:14:19.266595+00:00,28.20739725489557
2025-06-16 16:14:19.725380+00:00,28.224880808009434
2025-06-16 16:14:20.201377+00:00,28.18976040974184
2025-06-16 16:14:20.557891+00:00,28.124628140682145
2025-06-16 16:14:21.056749+00:00,28.060265698939308
2025-06-16 16:14:21.547848+00:00,28.00735202615819
2025-06-16 16:14:22.942142+00:00,28.06057585309259
2025-06-16 16:14:23.907215+00:00,28.048972793460837
2025-06-16 16:14:26.081893+00:00,27.802042976148407
2025-06-16 16:14:37.376712+00:00,27.889606130445973
2025-06-16 16:14:41.323851+00:00,28.195792894836533
2025-06-16 16:14:41.521910+00:00,28.183881441256375
2025-06-16 16:14:41.789564+00:00,28.17212347413411
2025-06-16 16:14:42.774499+00:00,28.166552189760377
2025-06-16 16:14:43.015929+00:00,28.21946160657184
2025-06-16 16:14:43.351082+00:00,28.21327618317926
2025-06-16 16:14:43.769142+00:00,28.236944852268525
2025-06-16 16:14:44.211300+00:00,28.254581254700426
2025-06-16 16:14:45.784656+00:00,28.242976641632822
2025-06-16 16:14:46.588133+00:00,28.2488553752731
2025-06-16 16:14:46.987118+00:00,28.237097897942558
2025-06-16 16:14:47.369775+00:00,28.21961484297399
2025-06-16 16:14:48.723026+00:00,28.107917506809212
2025-06-16 16:14:49.057074+00:00,28.090590149765365
2025-06-16 16:14:49.699669+00:00,28.06676494211522
2025-06-16 16:14:50.076892+00:00,28.055162082544587
2025-06-16 16:14:50.343186+00:00,28.013698190671967
2025-06-16 16:14:50.574108+00:00,27.949339788152226
2025-06-16 16:14:52.508124+00:00,27.94949609310626
2025-06-16 16:14:52.886180+00:00,28.00209563124143
2025-06-16 16:14:53.099516+00:00,28.084556586472285
2025-06-16 16:14:53.577902+00:00,28.137620215674545
2025-06-16 16:14:53.879535+00:00,28.167013680265498
2025-06-16 16:14:54.273064+00:00,28.173046084460417
2025-06-16 16:14:54.498529+00:00,28.190681810957198
2025-06-16 16:14:54.999577+00:00,28.266949580655474
2025-06-16 16:14:55.393737+00:00,28.26710224733973
2025-06-16 16:14:55.851193+00:00,28.249466912756766
2025-06-16 16:14:56.215584+00:00,28.266949580655474
2025-06-16 16:14:56.429345+00:00,28.278859086816347
2025-06-16 16:14:56.669457+00:00,28.26710224733973
2025-06-16 16:14:57.592058+00:00,28.155872031645064
2025-06-16 16:14:57.858016+00:00,28.090899502720745
2025-06-16 16:14:58.142010+00:00,28.14983962965945
2025-06-16 16:14:58.884111+00:00,28.14999360742232
2025-06-16 16:14:59.515820+00:00,28.261681949380463
2025-06-16 16:14:59.802179+00:00,28.29107301541366
2025-06-16 16:15:01.055476+00:00,28.31519396745346
2025-06-16 16:15:01.925567+00:00,28.31488984898043
2025-06-16 16:15:10.373281+00:00,28.208777397472392
2025-06-16 16:15:11.068939+00:00,28.197327568251595
2025-06-16 16:15:11.818787+00:00,28.150301530592078
2025-06-16 16:15:13.170453+00:00,28.47977064706915
2025-06-16 16:15:14.575080+00:00,28.60364421140456
2025-06-16 16:15:15.351638+00:00,28.638758815495642
2025-06-16 16:15:15.890146+00:00,28.668440624359114
2025-06-16 16:15:16.690137+00:00,28.668588594655926
2025-06-16 16:15:17.134305+00:00,28.645228979991213
2025-06-16 16:15:17.461839+00:00,28.56280203624292
2025-06-16 16:15:18.237223+00:00,28.362974100509483
2025-06-16 16:15:18.897497+00:00,28.239545161978942
2025-06-16 16:15:21.110479+00:00,28.351067557464685
2025-06-16 16:15:21.780097+00:00,28.457012222819873
2025-06-16 16:15:22.209695+00:00,28.539144022382434
2025-06-16 16:15:23.969456+00:00,28.25114775108655
2025-06-16 16:15:24.776302+00:00,28.327557275997933
2025-06-16 16:15:25.228190+00:00,28.380606444346064
2025-06-16 16:15:26.055388+00:00,28.510207071109072
2025-06-16 16:15:26.740963+00:00,28.492575793290264
2025-06-16 16:15:27.408472+00:00,28.4924258298513
2025-06-16 16:15:29.150789+00:00,28.315954074906866
2025-06-16 16:15:30.093209+00:00,28.30435109151502
2025-06-16 16:15:30.907771+00:00,28.210309864645037
2025-06-16 16:15:36.750306+00:00,28.18122848956119
2025-06-16 16:15:37.341957+00:00,28.234584898200524
2025-06-16 16:15:38.430394+00:00,28.187719730827652
2025-06-16 16:15:39.725147+00:00,27.828556031383783
2025-06-16 16:15:42.992299+00:00,27.540191681606046
2025-06-16 16:15:43.494634+00:00,27.569746077980852
2025-06-16 16:15:43.770596+00:00,27.622334012871228
2025-06-16 16:15:44.254568+00:00,27.534151949875568
2025-06-16 16:15:44.673356+00:00,27.540191681606046
2025-06-16 16:15:44.823453+00:00,27.551949266120648
2025-06-16 16:15:45.100032+00:00,27.5635462220323
2025-06-16 16:15:46.418266+00:00,27.846033171519625
2025-06-16 16:15:46.862044+00:00,27.969317481924527
2025-06-16 16:15:47.295796+00:00,28.134207584630886
2025-06-16 16:15:48.043520+00:00,28.157564336295508
2025-06-16 16:15:49.065452+00:00,27.945805125802927
2025-06-16 16:15:49.480882+00:00,27.964063378436112
2025-06-16 16:15:49.947054+00:00,27.975195545839686
2025-06-16 16:15:50.263211+00:00,27.96962935437171
2025-06-16 16:15:50.640860+00:00,27.99870770103931
2025-06-16 16:15:51.031183+00:00,27.981385203434034
2025-06-16 16:15:51.334217+00:00,27.96359541676078
2025-06-16 16:15:51.616465+00:00,27.987263112896734
2025-06-16 16:15:53.071657+00:00,27.988041597552975
2025-06-16 16:15:53.339505+00:00,27.999641173544745
2025-06-16 16:15:57.031535+00:00,27.340469727907937
2025-06-16 16:15:57.430127+00:00,27.275143729941213
2025-06-16 16:15:58.452323+00:00,27.375581279040254
2025-06-16 16:15:59.639789+00:00,27.64584884790963
2025-06-16 16:16:06.056211+00:00,27.83443420203315
2025-06-16 16:16:09.409423+00:00,27.611536678377675
2025-06-16 16:16:10.259759+00:00,27.605818380898988
2025-06-16 16:16:11.002508+00:00,27.58150342764239
2025-06-16 16:16:11.595516+00:00,27.551949266120648
2025-06-16 16:16:11.969765+00:00,27.375581279040254
2025-06-16 16:16:12.316787+00:00,27.122440128480694
2025-06-16 16:16:12.605908+00:00,27.057763370622446
2025-06-16 16:16:13.515910+00:00,27.09304175287983
2025-06-16 16:16:18.553973+00:00,27.717186487634695
2025-06-16 16:16:19.588320+00:00,27.85763235877787
2025-06-16 16:16:19.984949+00:00,27.83443420203315
2025-06-16 16:16:20.327731+00:00,27.84031236263688
2025-06-16 16:16:20.502349+00:00,27.881302267018505
2025-06-16 16:16:20.787148+00:00,27.857946784174217
2025-06-16 16:16:21.162917+00:00,27.64632775861532
2025-06-16 16:16:21.422679+00:00,27.61137668146347
2025-06-16 16:16:21.704436+00:00,27.634890252988885
2025-06-16 16:16:23.386885+00:00,27.78232054638754
2025-06-16 16:16:23.844860+00:00,27.752614084082694
2025-06-16 16:16:24.071843+00:00,27.770722836486414
2025-06-16 16:16:24.337780+00:00,27.740857854596285
2025-06-16 16:16:24.739512+00:00,27.682394453296403
2025-06-16 16:16:25.491645+00:00,27.61757493806428
2025-06-16 16:16:25.949914+00:00,27.611536678377675
2025-06-16 16:16:26.294719+00:00,27.587862949215115
2025-06-16 16:16:26.986161+00:00,27.693832534852454
2025-06-16 16:16:28.006243+00:00,27.729101584930056
2025-06-16 16:16:28.381383+00:00,27.693673478639568
2025-06-16 16:16:28.798378+00:00,27.6582441936386
2025-06-16 16:16:29.158765+00:00,27.622973614003158
2025-06-16 16:16:29.592161+00:00,27.517320788132412
2025-06-16 16:16:29.828596+00:00,27.510958726920975
2025-06-16 16:16:30.517315+00:00,27.74117485961331
2025-06-16 16:16:32.324015+00:00,27.799165027452315
2025-06-16 16:16:33.313795+00:00,28.040939307613574
2025-06-16 16:16:34.915540+00:00,27.823623286679325
2025-06-16 16:16:35.365612+00:00,27.83553623232993
2025-06-16 16:16:37.791686+00:00,27.347489945855106
2025-06-16 16:16:38.544059+00:00,28.005674257973652
2025-06-16 16:16:40.154801+00:00,27.871273151058084
2025-06-16 16:16:41.027678+00:00,27.47126137319683
2025-06-16 16:16:43.029569+00:00,27.712102415779018
2025-06-16 16:16:43.430315+00:00,27.753089172291933
2025-06-16 16:16:43.909537+00:00,27.764528512535282
2025-06-16 16:16:44.144419+00:00,27.81155233046214
2025-06-16 16:16:44.928875+00:00,27.882714325800286
2025-06-16 16:16:45.615756+00:00,27.7821625195933
2025-06-16 16:16:46.047731+00:00,27.876522923286466
2025-06-16 16:16:46.398250+00:00,27.7351382998774
2025-06-16 16:16:47.026408+00:00,27.705747836101352
2025-06-16 16:16:47.348327+00:00,27.782004482012006
2025-06-16 16:16:47.816237+00:00,27.90575465362794
2025-06-16 16:16:48.622352+00:00,28.070636010126492
2025-06-16 16:16:49.215507+00:00,28.029339525564758
2025-06-16 16:16:49.493343+00:00,28.02902912613922
2025-06-16 16:16:49.961275+00:00,27.929734386714365
2025-06-16 16:16:50.270289+00:00,27.976442239316533
2025-06-16 16:16:50.762292+00:00,28.093990659443016
2025-06-16 16:16:51.122751+00:00,28.176425667145985
2025-06-16 16:16:51.509961+00:00,28.15291713570811
2025-06-16 16:16:51.765155+00:00,28.164517783019285
2025-06-16 16:16:52.022503+00:00,28.170548549352578
2025-06-16 16:16:53.362256+00:00,28.16482504922576
2025-06-16 16:16:54.798573+00:00,28.059191065844693
2025-06-16 16:16:55.213448+00:00,27.877150579544924
2025-06-16 16:16:56.488928+00:00,27.82393834571466
2025-06-16 16:16:56.774090+00:00,27.88287116728763
2025-06-16 16:16:56.965738+00:00,27.876993681660192
2025-06-16 16:16:57.217096+00:00,27.87667985353097
2025-06-16 16:16:57.425191+00:00,27.888278287601096
2025-06-16 16:16:57.876507+00:00,27.929421746307828
2025-06-16 16:16:58.108924+00:00,27.952776005510188
2025-06-16 16:16:58.555035+00:00,27.90638100936154
2025-06-16 16:16:58.797982+00:00,27.870959210133655
2025-06-16 16:16:59.339690+00:00,27.859046933280478
2025-06-16 16:17:00.047234+00:00,27.953556235928637
2025-06-16 16:17:01.250585+00:00,28.1589479785173
2025-06-16 16:17:02.213481+00:00,28.21214740163059
2025-06-16 16:17:04.613587+00:00,28.000263272828107
2025-06-16 16:17:10.586962+00:00,27.876993681660192
2025-06-16 16:17:18.611971+00:00,27.92323132156613
2025-06-16 16:17:30.767998+00:00,27.845718455808655
2025-06-16 16:17:35.731171+00:00,27.95740523719114
2025-06-16 16:18:21.145913+00:00,28.709431921525173
2025-06-16 16:18:24.318077+00:00,28.69224396761101
2025-06-16 16:18:24.535665+00:00,28.7034073229712
2025-06-16 16:18:25.912417+00:00,28.427324127518517
2025-06-16 16:18:26.195127+00:00,28.368548756866222
2025-06-16 16:18:26.446794+00:00,28.303590366308885
2025-06-16 16:18:27.227666+00:00,28.197941135634725
2025-06-16 16:18:27.433790+00:00,28.227024648778535
2025-06-16 16:18:27.799740+00:00,28.220993485268245
2025-06-16 16:18:28.261110+00:00,28.221146613820437
2025-06-16 16:18:30.704732+00:00,28.36809447353156
2025-06-16 16:18:31.376466+00:00,28.473893044152305
2025-06-16 16:18:32.113305+00:00,28.62097865349694
2025-06-16 16:18:32.721591+00:00,28.626707454562226
2025-06-16 16:18:33.323153+00:00,28.66226750432676
2025-06-16 16:18:33.740924+00:00,28.6621194345277
2025-06-16 16:18:36.963308+00:00,28.803316261516947
2025-06-16 16:18:37.958950+00:00,28.827116171897334
2025-06-16 16:18:38.456731+00:00,28.827116171897334
2025-06-16 16:18:39.144508+00:00,28.832700690856427
2025-06-16 16:18:41.200104+00:00,28.86825308127448
2025-06-16 16:18:41.766943+00:00,28.85047713810648
2025-06-16 16:18:42.227558+00:00,28.826823825082556
2025-06-16 16:18:42.586708+00:00,28.791562419452063
2025-06-16 16:18:42.937959+00:00,28.78539215333014
2025-06-16 16:18:43.167907+00:00,28.79141582698267
2025-06-16 16:18:44.145133+00:00,28.75630065212908
2025-06-16 16:18:45.405584+00:00,28.715014001022947
2025-06-16 16:18:45.946241+00:00,28.750423655744036
2025-06-16 16:18:46.481902+00:00,28.61510135887501
2025-06-16 16:18:47.359656+00:00,28.520913586157885
2025-06-16 16:18:48.350825+00:00,28.5677843192685
2025-06-16 16:18:48.837495+00:00,28.632733212599085
2025-06-16 16:18:49.426496+00:00,28.520913586157885
2025-06-16 16:18:49.943513+00:00,28.467113424018496
2025-06-16 16:18:50.636520+00:00,28.50930833760177
2025-06-16 16:18:51.042978+00:00,28.538546123626702
2025-06-16 16:18:51.539915+00:00,28.56793348512532
2025-06-16 16:18:51.915887+00:00,28.603197987357113
2025-06-16 16:18:52.518581+00:00,28.66829264327948
2025-06-16 16:18:53.052380+00:00,28.70913686715689
2025-06-16 16:18:53.335584+00:00,28.72676823861334
2025-06-16 16:18:54.045252+00:00,28.73852243601476
2025-06-16 16:18:54.613859+00:00,28.767907753691578
2025-06-16 16:18:55.090718+00:00,28.744252379194762
2025-06-16 16:18:55.634806+00:00,28.66829264327948
2025-06-16 16:18:56.189687+00:00,28.386030258053985
2025-06-16 16:18:56.418481+00:00,28.30343818891393
2025-06-16 16:18:56.711289+00:00,28.303133801770258
2025-06-16 16:18:57.153492+00:00,28.444504878856016
2025-06-16 16:18:57.742686+00:00,28.48549813385317
2025-06-16 16:18:58.173407+00:00,28.502981138270112
2025-06-16 16:18:59.110470+00:00,28.53266862118457
2025-06-16 16:18:59.820713+00:00,28.591443193469733
2025-06-16 16:19:00.320302+00:00,28.562056032920538
2025-06-16 16:19:01.952639+00:00,27.974260072714127
2025-06-16 16:19:03.454740+00:00,28.620532969153373
2025-06-16 16:19:04.816981+00:00,28.632881618170327
2025-06-16 16:19:05.666064+00:00,28.720743715787325
2025-06-16 16:19:06.386458+00:00,28.82080069253359
2025-06-16 16:19:07.296686+00:00,28.832700690856427
2025-06-16 16:19:07.749951+00:00,28.838723591087305
2025-06-16 16:19:09.200847+00:00,28.81521637648753
2025-06-16 16:19:09.644857+00:00,28.7856854833491
2025-06-16 16:19:10.328085+00:00,28.750570707478417
2025-06-16 16:19:12.400895+00:00,28.433502933354134
2025-06-16 16:19:12.708969+00:00,28.456711436090238
2025-06-16 16:19:13.217670+00:00,28.56250366726399
2025-06-16 16:19:13.827583+00:00,28.55662640648534
2025-06-16 16:19:14.118984+00:00,28.444655444288554
2025-06-16 16:19:14.476558+00:00,28.40351206102206
2025-06-16 16:19:14.598799+00:00,28.444805998937177
2025-06-16 16:19:15.194818+00:00,28.53266862118457
2025-06-16 16:19:16.720528+00:00,28.6563903471895
2025-06-16 16:19:18.752634+00:00,28.79214868150714
2025-06-16 16:19:19.575442+00:00,28.8388696248093
2025-06-16 16:19:20.625511+00:00,28.85649972882808
2025-06-16 16:19:21.002465+00:00,28.84474633619545
2025-06-16 16:19:21.304245+00:00,28.8388696248093
2025-06-16 16:19:21.926589+00:00,28.827116171897334
2025-06-16 16:19:22.550375+00:00,28.815362678799143
2025-06-16 16:19:22.901751+00:00,28.826970003880987
2025-06-16 16:19:23.435559+00:00,28.827116171897334
2025-06-16 16:19:24.319162+00:00,28.845621909224654
2025-06-16 16:19:25.169842+00:00,28.89175966560862
2025-06-16 16:19:25.715346+00:00,28.674761304177096
2025-06-16 16:19:26.492323+00:00,28.72192268631051
2025-06-16 16:19:26.869698+00:00,28.738963994121697
2025-06-16 16:19:27.168485+00:00,28.715456364945734
2025-06-16 16:19:27.403000+00:00,28.68695805371023
2025-06-16 16:19:28.121128+00:00,28.65140217820747
2025-06-16 16:19:28.443242+00:00,28.638758815495642
2025-06-16 16:19:29.056817+00:00,28.668736554169897
2025-06-16 16:19:29.451473+00:00,28.668588594655926
2025-06-16 16:19:30.018160+00:00,28.633326770186038
2025-06-16 16:19:32.573527+00:00,28.451134915522932
2025-06-16 16:19:33.642744+00:00,28.40999348314715
2025-06-16 16:19:34.057098+00:00,28.44525759817966
2025-06-16 16:19:34.453733+00:00,28.439530849465427
2025-06-16 16:19:34.743251+00:00,28.474794260137564
2025-06-16 16:19:34.980038+00:00,28.55089845985689
2025-06-16 16:19:35.858598+00:00,28.69812079585604
2025-06-16 16:19:36.300858+00:00,28.763352676032593
2025-06-16 16:19:37.000774+00:00,28.697973172106828
2025-06-16 16:19:37.470325+00:00,28.77451864884648
2025-06-16 16:19:37.687029+00:00,28.79773236380269
2025-06-16 16:19:38.526297+00:00,28.804194784124043
2025-06-16 16:19:39.600236+00:00,28.704292694900904
2025-06-16 16:19:42.908180+00:00,28.645080751861308
2025-06-16 16:19:45.482306+00:00,28.162827047740205
2025-06-16 16:19:47.499874+00:00,28.59806458404837
2025-06-16 16:19:52.902681+00:00,29.033227185275894
2025-06-16 16:19:59.204326+00:00,29.028070099048247
2025-06-16 16:20:02.047018+00:00,29.045841213947455
2025-06-16 16:20:03.146923+00:00,29.081381931711615
2025-06-16 16:20:03.514496+00:00,29.099008584481048
2025-06-16 16:20:04.107119+00:00,29.128243513006854
2025-06-16 16:20:04.891752+00:00,29.145870126124596
2025-06-16 16:20:06.309878+00:00,29.158047987578023
2025-06-16 16:20:07.593037+00:00,29.08181135392625
2025-06-16 16:20:09.549901+00:00,28.952117049291395
2025-06-16 16:20:10.633789+00:00,28.92273798895046
2025-06-16 16:20:16.821644+00:00,28.975620116771427
2025-06-16 16:20:19.872318+00:00,28.993535618344406
2025-06-16 16:20:20.989431+00:00,29.087543650661846
2025-06-16 16:20:21.592762+00:00,29.040539955897778
2025-06-16 16:20:21.949099+00:00,29.028501431025145
2025-06-16 16:20:23.173913+00:00,28.74645835378373
2025-06-16 16:20:33.922446+00:00,29.322271695253246
2025-06-16 16:20:34.872849+00:00,29.34017749723024
2025-06-16 16:20:36.484298+00:00,28.864124750718887
2025-06-16 16:20:40.331995+00:00,29.19903305150775
2025-06-16 16:20:42.322861+00:00,29.216517292814693
2025-06-16 16:20:43.994302+00:00,29.151888000411176
2025-06-16 16:20:44.582117+00:00,29.181549111822104
2025-06-16 16:20:46.989059+00:00,29.287442962587203
2025-06-16 16:20:48.126337+00:00,29.346192591021385
2025-06-16 16:20:48.559880+00:00,29.328567807946346
2025-06-16 16:20:49.961163+00:00,28.905545897089503
2025-06-16 16:20:50.124407+00:00,28.893649266782162
2025-06-16 16:20:50.731939+00:00,28.83503718342958
2025-06-16 16:20:51.106037+00:00,28.84047528413848
2025-06-16 16:20:51.590980+00:00,28.917297208759198
2025-06-16 16:20:51.975705+00:00,28.993535618344406
2025-06-16 16:20:52.616365+00:00,28.964013097429003
2025-06-16 16:20:53.044456+00:00,28.71751944678974
2025-06-16 16:20:53.565570+00:00,28.764233501347256
2025-06-16 16:20:53.780023+00:00,28.899525014869777
2025-06-16 16:20:54.241549+00:00,29.011450180712618
2025-06-16 16:20:54.749144+00:00,29.093276060846982
2025-06-16 16:20:56.479204+00:00,29.14615496295173
2025-06-16 16:20:57.047010+00:00,29.181549111822104
2025-06-16 16:20:57.864233+00:00,29.16392328370442
2025-06-16 16:20:58.667447+00:00,29.199316636807048
2025-06-16 16:20:59.486236+00:00,29.20519179549587
2025-06-16 16:21:01.032370+00:00,29.222817211302214
2025-06-16 16:21:02.342772+00:00,29.26394282999962
2025-06-16 16:21:03.312323+00:00,29.287583732103478
2025-06-16 16:21:05.041630+00:00,29.15203034629987
2025-06-16 16:21:14.805055+00:00,29.357802421425475
2025-06-16 16:21:15.080063+00:00,29.328567807946346
2025-06-16 16:21:19.642308+00:00,29.141134224116808
2025-06-16 16:21:20.085194+00:00,29.100009008843834
2025-06-16 16:21:20.728224+00:00,29.12938421282244
2025-06-16 16:21:21.438174+00:00,29.21764985035412
2025-06-16 16:21:21.680484+00:00,29.276115595365447
2025-06-16 16:21:22.040148+00:00,29.28786523879644
2025-06-16 16:21:22.924213+00:00,29.31751996391596
2025-06-16 16:21:23.428717+00:00,29.311645331691185
2025-06-16 16:21:23.719817+00:00,29.335283978929255
2025-06-16 16:21:24.004509+00:00,29.335143800337026
2025-06-16 16:21:24.272287+00:00,29.31737957316145
2025-06-16 16:21:24.515401+00:00,29.323113928065375
2025-06-16 16:21:33.385507+00:00,29.394586697862703
2025-06-16 16:21:34.290099+00:00,29.400600240183408
2025-06-16 16:21:34.505245+00:00,29.412069872928964
2025-06-16 16:21:34.789305+00:00,29.40689221191073
2025-06-16 16:21:35.040549+00:00,29.388712531811432
2025-06-16 16:21:35.492207+00:00,29.41822244659507
2025-06-16 16:21:36.126551+00:00,29.453882870238477
2025-06-16 16:21:36.619917+00:00,29.441718581238884
2025-06-16 16:21:36.814227+00:00,29.441857486904183
2025-06-16 16:21:37.029203+00:00,29.471088523624783
2025-06-16 16:21:37.558304+00:00,29.45934057679294
2025-06-16 16:21:38.124840+00:00,29.488987095166223
2025-06-16 16:21:41.641720+00:00,29.506746592785518
2025-06-16 16:21:41.926250+00:00,29.488848737255687
2025-06-16 16:21:42.731094+00:00,29.47723947706455
2025-06-16 16:21:44.198909+00:00,29.48912544229788
2025-06-16 16:21:44.660005+00:00,29.512620289534425
2025-06-16 16:21:46.665214+00:00,29.53024131954023
2025-06-16 16:21:47.688256+00:00,29.542264076444347
2025-06-16 16:21:48.771102+00:00,29.54212635494983
2025-06-16 16:21:49.648874+00:00,29.51289641449696
2025-06-16 16:21:50.865029+00:00,29.542264076444347
2025-06-16 16:21:51.097318+00:00,29.54212635494983
2025-06-16 16:21:51.346815+00:00,29.530517041784478
2025-06-16 16:21:51.580355+00:00,29.541850879624892
2025-06-16 16:21:51.831262+00:00,29.524367652911785
2025-06-16 16:21:52.007536+00:00,29.536114976128534
2025-06-16 16:21:52.248448+00:00,29.542264076444347
2025-06-16 16:21:54.847699+00:00,29.530517041784478
2025-06-16 16:21:55.347523+00:00,29.518769966965827
2025-06-16 16:21:56.619832+00:00,29.583652852503807
2025-06-16 16:21:59.049947+00:00,29.595125235448837
2025-06-16 16:21:59.260236+00:00,29.577642247478032
2025-06-16 16:22:01.340238+00:00,29.542539487097503
2025-06-16 16:22:03.281276+00:00,29.554148647424036
2025-06-16 16:22:21.641762+00:00,29.5072990680761
2025-06-16 16:22:22.103000+00:00,29.507575241048652
2025-06-16 16:22:22.456677+00:00,29.513034460810076
2025-06-16 16:22:24.084141+00:00,29.489678723035688
2025-06-16 16:22:24.859230+00:00,28.99627237852836
2025-06-16 16:22:25.597647+00:00,29.26060601537437
2025-06-16 16:22:25.812889+00:00,29.295848964283753
2025-06-16 16:22:26.039358+00:00,29.336965281226036
2025-06-16 16:22:27.571594+00:00,29.401854231909475
2025-06-16 16:22:27.935883+00:00,29.378081106245656
2025-06-16 16:22:28.369855+00:00,29.40157564253649
2025-06-16 16:22:28.803722+00:00,29.366613172737534
2025-06-16 16:22:30.304188+00:00,29.454992481087817
2025-06-16 16:22:31.148316+00:00,29.39598074714444
2025-06-16 16:22:31.602913+00:00,29.378220674820845
2025-06-16 16:22:33.977960+00:00,29.44898049016456
2025-06-16 16:22:34.155753+00:00,29.454715143049683
2025-06-16 16:22:34.418446+00:00,29.43695604313001
2025-06-16 16:22:34.812505+00:00,29.466600441930012
2025-06-16 16:22:35.221682+00:00,29.472058287642135
2025-06-16 16:22:35.839825+00:00,29.431082551474635
2025-06-16 16:22:36.801758+00:00,29.47219678224306
2025-06-16 16:22:37.004789+00:00,29.472335266065034
2025-06-16 16:22:37.854183+00:00,29.460588527426914
2025-06-16 16:22:38.120409+00:00,29.478347026247558
2025-06-16 16:22:38.722881+00:00,29.413601171323208
2025-06-16 16:22:39.723994+00:00,29.407727706635733
2025-06-16 16:22:41.112850+00:00,29.460727134713412
2025-06-16 16:22:41.454738+00:00,29.39010725234062
2025-06-16 16:22:42.098107+00:00,29.41374031559274
2025-06-16 16:22:43.747486+00:00,29.307596533606308
2025-06-16 16:22:49.117879+00:00,29.341998946277627
2025-06-16 16:22:54.208169+00:00,29.41248762911467
2025-06-16 16:22:56.408897+00:00,29.377103824396112
2025-06-16 16:22:57.778855+00:00,29.323113928065375
2025-06-16 16:22:59.140147+00:00,29.341158503858118
2025-06-16 16:22:59.669195+00:00,29.335143800337026
2025-06-16 16:23:01.655240+00:00,29.299614842056755
2025-06-16 16:23:02.540675+00:00,29.281286238874582
2025-06-16 16:23:04.658449+00:00,29.316958336219614
2025-06-16 16:23:05.469625+00:00,29.28786523879644
2025-06-16 16:23:08.154698+00:00,29.27569291638012
2025-06-16 16:23:08.572517+00:00,29.25233387574098
2025-06-16 16:23:08.914566+00:00,29.26394282999962
2025-06-16 16:23:09.905473+00:00,29.246458864529625
2025-06-16 16:23:10.413799+00:00,29.140564497534353
2025-06-16 16:23:11.747522+00:00,29.04627190933025
2025-06-16 16:23:12.398073+00:00,29.02305720598274
2025-06-16 16:23:12.658579+00:00,28.987371590247204
2025-06-16 16:23:12.952711+00:00,28.934344802416
2025-06-16 16:23:13.534264+00:00,28.86383346843037
2025-06-16 16:23:13.785696+00:00,28.940220681627054
2025-06-16 16:23:15.480977+00:00,29.06948748307024
2025-06-16 16:23:15.955758+00:00,29.092703927182065
2025-06-16 16:23:16.411581+00:00,29.104741221563433
2025-06-16 16:23:16.754312+00:00,29.13999459846295
2025-06-16 16:23:17.146231+00:00,29.16335441566283
2025-06-16 16:23:19.577090+00:00,29.198465751545672
2025-06-16 16:23:21.642286+00:00,29.22210950984589
2025-06-16 16:23:23.313136+00:00,29.234143252545355
2025-06-16 16:23:25.411308+00:00,29.19832389960441
2025-06-16 16:23:31.154981+00:00,29.24518732161397
2025-06-16 16:23:42.233341+00:00,29.238887453107324
2025-06-16 16:23:43.017132+00:00,29.256938542344912
2025-06-16 16:23:43.361126+00:00,29.215809093995887
2025-06-16 16:23:44.313468+00:00,29.22140153888489
2025-06-16 16:23:45.140916+00:00,29.20964992908312
2025-06-16 16:23:45.767010+00:00,29.209366396708475
2025-06-16 16:23:48.554658+00:00,29.162500790186463
2025-06-16 16:23:55.973543+00:00,29.191596520110625
2025-06-16 16:23:56.346293+00:00,29.162358481542064
2025-06-16 16:23:57.469467+00:00,29.14473034759403
2025-06-16 16:23:58.355858+00:00,29.109330884810365
2025-06-16 16:23:58.721144+00:00,29.12681666798072
2025-06-16 16:23:58.957092+00:00,29.121226028351277
2025-06-16 16:23:59.159167+00:00,29.150321484120997
2025-06-16 16:23:59.350045+00:00,29.132692887085625
2025-06-16 16:23:59.884337+00:00,29.150321484120997
2025-06-16 16:24:05.459553+00:00,28.721185910602884
2025-06-16 16:24:11.514345+00:00,29.10918795038667
2025-06-16 16:24:11.779254+00:00,29.11506419963124
2025-06-16 16:24:11.960103+00:00,29.10331169109554
2025-06-16 16:24:12.544207+00:00,29.12094043882926
2025-06-16 16:24:14.808835+00:00,29.126673924184534
2025-06-16 16:24:15.261435+00:00,29.144302752765768
2025-06-16 16:24:16.153968+00:00,29.11506419963124
2025-06-16 16:24:46.364181+00:00,29.116492387373683
2025-06-16 16:24:47.134388+00:00,29.140137089401648
2025-06-16 16:24:47.495423+00:00,29.15203034629987
2025-06-16 16:24:47.917988+00:00,29.15217268140805
2025-06-16 16:24:48.361065+00:00,29.140564497534353
2025-06-16 16:24:48.888460+00:00,29.14042203893735
2025-06-16 16:24:49.107202+00:00,29.128813949159568
2025-06-16 16:24:49.833468+00:00,29.128671356292315
2025-06-16 16:24:50.194219+00:00,29.093419067311235
2025-06-16 16:24:50.522080+00:00,29.064328535587435
2025-06-16 16:24:50.894984+00:00,29.005142749453007
2025-06-16 16:24:51.246569+00:00,29.011018373852618
2025-06-16 16:24:52.482382+00:00,29.111188051272226
2025-06-16 16:24:53.911423+00:00,29.19903305150775
2025-06-16 16:24:56.404070+00:00,29.18169110048046
2025-06-16 16:24:57.654826+00:00,29.16392328370442
2025-06-16 16:24:59.746596+00:00,29.098865623591905
2025-06-16 16:24:59.973188+00:00,29.10459831703002
2025-06-16 16:25:00.393113+00:00,29.11663514685412
2025-06-16 16:25:00.760512+00:00,29.116492387373683
2025-06-16 16:25:01.318096+00:00,29.140137089401648
2025-06-16 16:25:03.955295+00:00,29.16335441566283
2025-06-16 16:25:06.503770+00:00,29.17524761376879
2025-06-16 16:25:43.845779+00:00,29.09170227820753
2025-06-16 16:25:51.917965+00:00,29.062034112450924
2025-06-16 16:25:53.072877+00:00,28.920562230540344
2025-06-16 16:25:56.146524+00:00,29.020755090797117
2025-06-16 16:25:57.854259+00:00,29.067336740736597
2025-06-16 16:26:01.207915+00:00,29.044117462123676
2025-06-16 16:26:01.890090+00:00,29.00856963551009
2025-06-16 16:26:02.366346+00:00,28.885300983689138
2025-06-16 16:26:03.633119+00:00,28.99724885343728
2025-06-16 16:26:04.275984+00:00,28.944359231627374
2025-06-16 16:26:04.600540+00:00,28.926584128737755
2025-06-16 16:26:05.041836+00:00,28.99724885343728
2025-06-16 16:26:05.534064+00:00,28.990939308011992
2025-06-16 16:26:06.011797+00:00,29.020323136936987
2025-06-16 16:26:06.661198+00:00,29.026487718320464
2025-06-16 16:26:07.043352+00:00,29.0204671323382
2025-06-16 16:26:07.394382+00:00,29.03809710770193
2025-06-16 16:26:07.735787+00:00,29.04970671466949
2025-06-16 16:26:08.192881+00:00,29.055726992638416
2025-06-16 16:26:08.816202+00:00,29.079806553465467
2025-06-16 16:26:09.618326+00:00,29.091415995758883
2025-06-16 16:26:10.224960+00:00,29.079233365222475
2025-06-16 16:26:11.053695+00:00,29.06748019902539
2025-06-16 16:26:11.696411+00:00,29.044404861904727
2025-06-16 16:26:12.203248+00:00,29.07364353710645
2025-06-16 16:26:12.493579+00:00,29.096863039162077
2025-06-16 16:26:13.234835+00:00,29.102882621730302
2025-06-16 16:26:15.045247+00:00,29.09170227820753
2025-06-16 16:26:18.756442+00:00,29.138996860035856
2025-06-16 16:26:20.202306+00:00,29.074073581187754
2025-06-16 16:26:20.527482+00:00,28.95654662373397
2025-06-16 16:26:23.294880+00:00,29.05673183872913
2025-06-16 16:26:28.634652+00:00,28.922158023903343
2025-06-16 16:26:30.767507+00:00,28.99223789982026
2025-06-16 16:26:32.487630+00:00,28.975042568852547
2025-06-16 16:26:33.508035+00:00,29.08682817484808
2025-06-16 16:26:34.301495+00:00,29.06346845033945
2025-06-16 16:26:34.860968+00:00,29.098722651922003
2025-06-16 16:26:35.294573+00:00,29.080809217826904
2025-06-16 16:26:35.595422+00:00,29.080809217826904
2025-06-16 16:26:37.017494+00:00,29.09857966947133
2025-06-16 16:26:37.527436+00:00,29.092703927182065
2025-06-16 16:26:40.300554+00:00,29.128528752644453
2025-06-16 16:26:40.593283+00:00,29.13440416612402
2025-06-16 16:26:40.968882+00:00,29.14615496295173
2025-06-16 16:26:41.353070+00:00,29.157905719604194
2025-06-16 16:26:41.805866+00:00,29.14615496295173
2025-06-16 16:26:42.223048+00:00,29.15819024477138
2025-06-16 16:26:45.844687+00:00,29.187140492382788
2025-06-16 16:26:52.843646+00:00,29.15274191403574
2025-06-16 16:26:54.296767+00:00,29.029076389392355
2025-06-16 16:26:54.572653+00:00,29.035095417699363
2025-06-16 16:26:55.232698+00:00,28.770402925423696
2025-06-16 16:26:55.918176+00:00,28.917297208759198
2025-06-16 16:26:56.368173+00:00,28.97017761412681
2025-06-16 16:26:56.553088+00:00,28.964302053703825
2025-06-16 16:26:56.843365+00:00,28.92904848025548
2025-06-16 16:26:57.543152+00:00,28.699891439798048
2025-06-16 16:26:58.818650+00:00,28.976053164506443
2025-06-16 16:26:59.132949+00:00,29.046846018906525
2025-06-16 16:26:59.722176+00:00,29.081954473102783
2025-06-16 16:27:00.467140+00:00,29.140991808642024
2025-06-16 16:27:01.437945+00:00,29.146724507239576
2025-06-16 16:27:03.293155+00:00,29.18785010000869
2025-06-16 16:27:03.921647+00:00,29.152599622049564
2025-06-16 16:27:04.271518+00:00,29.117206076969094
2025-06-16 16:27:04.640795+00:00,29.134974247490902
2025-06-16 16:27:05.058464+00:00,29.12909910255222
2025-06-16 16:27:05.533445+00:00,29.105598422368526
2025-06-16 16:27:05.883424+00:00,29.111473607478796
2025-06-16 16:27:06.308753+00:00,29.140849382386687
2025-06-16 16:27:06.641793+00:00,29.12293865990714
2025-06-16 16:27:07.231956+00:00,29.141134224116808
2025-06-16 16:27:07.636184+00:00,29.164207653042492
2025-06-16 16:27:08.166693+00:00,29.099580320230004
2025-06-16 16:27:08.604508+00:00,29.141134224116808
2025-06-16 16:27:10.627106+00:00,29.176526018871197
2025-06-16 16:27:12.408213+00:00,29.15316872531131
2025-06-16 16:27:13.642825+00:00,29.15316872531131
2025-06-16 16:27:13.870042+00:00,29.15875916574006
2025-06-16 16:27:14.083442+00:00,29.164491979258784
2025-06-16 16:27:14.267730+00:00,29.15302646566661
2025-06-16 16:27:14.492587+00:00,29.15875916574006
2025-06-16 16:27:14.787941+00:00,29.176384016981366
2025-06-16 16:27:15.615098+00:00,29.158474726816664
2025-06-16 16:27:16.554568+00:00,29.176951959858435
2025-06-16 16:27:17.523817+00:00,29.176951959858435
2025-06-16 16:27:18.732826+00:00,29.188417592063427
2025-06-16 16:27:19.590594+00:00,29.1829685132896
2025-06-16 16:27:19.851004+00:00,29.18254280604303
2025-06-16 16:27:20.193236+00:00,29.194292368041847
2025-06-16 16:27:20.559495+00:00,29.176668009980652
2025-06-16 16:27:21.112299+00:00,29.164918387729944
2025-06-16 16:27:21.313481+00:00,29.176809990309728
2025-06-16 16:27:21.864063+00:00,29.176668009980652
2025-06-16 16:27:22.241851+00:00,29.159043561541615
2025-06-16 16:27:22.558721+00:00,29.176526018871197
2025-06-16 16:27:22.901549+00:00,29.176951959858435
2025-06-16 16:27:23.567515+00:00,29.176809990309728
2025-06-16 16:27:24.034631+00:00,29.165202606141897
2025-06-16 16:27:24.596363+00:00,29.129811797373268
2025-06-16 16:27:24.934186+00:00,29.14170377821052
2025-06-16 16:27:25.348390+00:00,29.11806214872162
2025-06-16 16:27:25.833087+00:00,29.118347419727243
2025-06-16 16:27:26.159012+00:00,29.112330017361998
2025-06-16 16:27:26.409656+00:00,29.10029474734935
2025-06-16 16:27:26.885198+00:00,29.129811797373268
2025-06-16 16:27:28.623436+00:00,29.13597147483071
2025-06-16 16:27:28.991528+00:00,29.14170377821052
2025-06-16 16:27:29.317412+00:00,29.16506050232613
2025-06-16 16:27:35.249419+00:00,28.782887308608778
2025-06-16 16:27:35.960364+00:00,28.60088928221289
2025-06-16 16:27:37.134381+00:00,28.700481309400395
2025-06-16 16:27:38.819454+00:00,28.812118723706266
2025-06-16 16:27:39.235853+00:00,28.882624696426795
2025-06-16 16:27:39.594649+00:00,28.929193345075273
2025-06-16 16:27:39.805168+00:00,28.970610766253852
2025-06-16 16:27:40.965038+00:00,29.023344776320616
2025-06-16 16:27:41.316983+00:00,29.04655898568039
2025-06-16 16:27:41.625658+00:00,29.058309815269098
2025-06-16 16:27:42.319364+00:00,29.070203858135674
2025-06-16 16:27:42.571133+00:00,29.070060604684382
2025-06-16 16:27:42.744723+00:00,29.052147463423182
2025-06-16 16:27:42.859189+00:00,29.05229093985029
2025-06-16 16:27:43.059195+00:00,29.075649579356792
2025-06-16 16:27:43.205271+00:00,29.06375518854582
2025-06-16 16:27:44.248940+00:00,29.06389854147761
2025-06-16 16:27:44.626490+00:00,29.075792787232327
2025-06-16 16:27:44.926922+00:00,29.081954473102783
2025-06-16 16:27:45.326952+00:00,29.05787958740247
2025-06-16 16:27:45.778234+00:00,29.052721304445758
2025-06-16 16:27:46.130843+00:00,29.017037867469753
2025-06-16 16:27:46.483195+00:00,28.917297208759198
2025-06-16 16:27:46.851708+00:00,28.8172636276771
2025-06-16 16:27:47.304226+00:00,28.788177047174656
2025-06-16 16:27:47.667221+00:00,28.846497094102755
2025-06-16 16:27:48.058923+00:00,28.905545897089503
2025-06-16 16:27:48.475645+00:00,28.899525014869777
2025-06-16 16:27:48.851537+00:00,28.917007178201455
2025-06-16 16:27:49.316213+00:00,29.011162320253792
2025-06-16 16:27:51.326318+00:00,29.00485469002691
2025-06-16 16:27:51.885892+00:00,28.993391470522347
2025-06-16 16:27:52.119594+00:00,28.963724098028585
2025-06-16 16:27:52.439920+00:00,28.95197240991636
2025-06-16 16:27:52.755617+00:00,28.981062915188087
2025-06-16 16:27:53.048950+00:00,28.993391470522347
2025-06-16 16:27:53.708021+00:00,29.011018373852618
2025-06-16 16:27:53.925512+00:00,29.016318363351566
2025-06-16 16:27:54.152190+00:00,28.975620116771427
2025-06-16 16:27:54.600450+00:00,28.963724098028585
2025-06-16 16:27:55.034660+00:00,28.957848258994606
2025-06-16 16:27:55.956999+00:00,28.987371590247204
2025-06-16 16:27:56.633530+00:00,29.034377082388694
2025-06-16 16:27:56.941869+00:00,29.03452077101295
2025-06-16 16:27:57.192459+00:00,29.0636118248331
2025-06-16 16:27:57.426748+00:00,29.05773615655169
2025-06-16 16:27:57.653030+00:00,29.02835766448061
2025-06-16 16:27:58.091957+00:00,29.058023007472304
2025-06-16 16:27:58.504783+00:00,29.05787958740247
2025-06-16 16:27:59.140737+00:00,29.022769592520408
2025-06-16 16:27:59.859537+00:00,29.016750098165932
2025-06-16 16:28:00.435658+00:00,29.02821388715498
2025-06-16 16:28:01.630403+00:00,28.922882953258238
2025-06-16 16:28:02.558956+00:00,28.622908830881357
2025-06-16 16:28:03.714079+00:00,28.816971292606755
2025-06-16 16:28:04.830307+00:00,28.87000061616997
2025-06-16 16:28:05.519913+00:00,28.934489643218953
2025-06-16 16:28:07.503320+00:00,29.040539955897778
2025-06-16 16:28:07.805616+00:00,29.064041883628473
2025-06-16 16:28:08.197336+00:00,29.04627190933025
2025-06-16 16:28:08.540428+00:00,29.064185214998417
2025-06-16 16:28:08.906250+00:00,29.08181135392625
2025-06-16 16:28:09.283198+00:00,29.093419067311235
2025-06-16 16:28:09.666674+00:00,29.08181135392625
2025-06-16 16:28:10.171922+00:00,29.08181135392625
2025-06-16 16:28:10.947940+00:00,29.09370504789739
2025-06-16 16:28:11.481987+00:00,29.09370504789739
2025-06-16 16:28:11.890848+00:00,29.09370504789739
2025-06-16 16:28:12.221806+00:00,29.02305720598274
2025-06-16 16:28:12.572793+00:00,29.028932665972185
2025-06-16 16:28:12.859689+00:00,29.02305720598274
2025-06-16 16:28:13.094993+00:00,29.02305720598274
2025-06-16 16:28:13.480044+00:00,29.040539955897778
2025-06-16 16:28:13.923045+00:00,29.04627190933025
2025-06-16 16:28:14.413933+00:00,29.058023007472304
2025-06-16 16:28:14.806299+00:00,29.064041883628473
2025-06-16 16:28:15.133412+00:00,29.093276060846982
2025-06-16 16:28:15.499898+00:00,29.09313304360194
2025-06-16 16:28:15.839495+00:00,29.081381931711615
2025-06-16 16:28:16.164511+00:00,29.081525083230666
2025-06-16 16:28:16.538498+00:00,29.093419067311235
2025-06-16 16:28:16.965447+00:00,29.069917340452193
2025-06-16 16:28:17.398458+00:00,29.022913404642136
2025-06-16 16:28:17.839932+00:00,29.02878893177093
2025-06-16 16:28:18.256598+00:00,29.040539955897778
2025-06-16 16:28:18.692446+00:00,29.087543650661846
2025-06-16 16:28:18.993476+00:00,29.05229093985029
2025-06-16 16:28:19.252365+00:00,28.90525559795645
2025-06-16 16:28:19.466671+00:00,28.88204315322986
2025-06-16 16:28:19.694140+00:00,28.864415989879912
2025-06-16 16:28:19.938290+00:00,28.881897740476177
2025-06-16 16:28:20.156849+00:00,28.917007178201455
2025-06-16 16:28:20.623882+00:00,28.98809261115485
2025-06-16 16:28:20.756619+00:00,29.017181735949944
2025-06-16 16:28:21.185297+00:00,29.034808115918274
2025-06-16 16:28:21.593572+00:00,29.064328535587435
2025-06-16 16:28:22.118912+00:00,29.087829765521647
2025-06-16 16:28:22.445072+00:00,29.087972806780343
2025-06-16 16:28:22.649546+00:00,29.09370504789739
2025-06-16 16:28:22.853652+00:00,29.011162320253792
2025-06-16 16:28:23.155467+00:00,28.92904848025548
2025-06-16 16:28:23.465756+00:00,28.92904848025548
2025-06-16 16:28:23.741398+00:00,28.952550902727793
2025-06-16 16:28:24.000103+00:00,28.976341809089757
2025-06-16 16:28:24.268987+00:00,29.02305720598274
2025-06-16 16:28:24.391659+00:00,29.02878893177093
2025-06-16 16:28:28.420260+00:00,29.152457319282895
2025-06-16 16:28:52.581373+00:00,29.110759636107133
2025-06-16 16:28:53.052685+00:00,29.005430765754284
2025-06-16 16:28:55.973308+00:00,29.05186047822601
2025-06-16 16:28:57.122183+00:00,29.09299001557611
2025-06-16 16:28:57.748420+00:00,29.069630779645124
2025-06-16 16:28:58.440841+00:00,29.069200857577755
2025-06-16 16:28:58.865437+00:00,29.081238769411716
2025-06-16 16:28:59.555847+00:00,29.074933378266
2025-06-16 16:29:00.148141+00:00,29.06346845033945
2025-06-16 16:29:00.903578+00:00,29.05200397621509
2025-06-16 16:29:01.854266+00:00,28.928179064923853
2025-06-16 16:29:02.506126+00:00,28.981640151416446
2025-06-16 16:29:03.481424+00:00,29.033945951829498
2025-06-16 16:29:04.531716+00:00,28.734264652959688
2025-06-16 16:29:05.873873+00:00,28.45776400092688
2025-06-16 16:29:11.366453+00:00,28.86869011055356
2025-06-16 16:29:12.110009+00:00,28.88029748858713
2025-06-16 16:29:12.812850+00:00,28.680342455775268
2025-06-16 16:29:13.831461+00:00,28.822116614930597
2025-06-16 16:29:14.471983+00:00,28.827116171897334
2025-06-16 16:29:14.676007+00:00,28.89234127542589
2025-06-16 16:29:14.973158+00:00,28.880006393534664
2025-06-16 16:29:15.305100+00:00,28.915556378514914
2025-06-16 16:29:15.655097+00:00,28.915266089197868
2025-06-16 16:29:16.169487+00:00,28.92114266997879
2025-06-16 16:29:16.488833+00:00,28.915266089197868
2025-06-16 16:29:17.120867+00:00,28.827116171897334
2025-06-16 16:29:17.631577+00:00,28.79200213216674
2025-06-16 16:29:18.334771+00:00,28.844892291988618
2025-06-16 16:29:18.765766+00:00,28.867961674512358
2025-06-16 16:29:19.160357+00:00,28.867670224622675
2025-06-16 16:29:19.937788+00:00,28.897345551266095
2025-06-16 16:29:20.246994+00:00,28.926439069849398
2025-06-16 16:29:20.599092+00:00,28.90293165232836
2025-06-16 16:29:21.967509+00:00,28.856062199635698
2025-06-16 16:29:22.170283+00:00,28.850039375128972
2025-06-16 16:29:22.349700+00:00,28.85591633500768
2025-06-16 16:29:22.566644+00:00,28.855770459597707
2025-06-16 16:29:22.780322+00:00,28.879424074047787
2025-06-16 16:29:22.977734+00:00,28.902640965054005
2025-06-16 16:29:23.390473+00:00,28.90278631408205
2025-06-16 16:29:27.499598+00:00,28.973742455325233
2025-06-16 16:29:27.950782+00:00,28.9800523367072
2025-06-16 16:29:37.374043+00:00,28.903512897496356
2025-06-16 16:29:41.526187+00:00,28.968299500313243
2025-06-16 16:29:41.943954+00:00,28.98607307339184
2025-06-16 16:29:42.420286+00:00,28.98077423238595
2025-06-16 16:29:42.688274+00:00,29.00427844180017
2025-06-16 16:29:43.087406+00:00,29.01603048623618
2025-06-16 16:29:47.799232+00:00,28.839161659907226
2025-06-16 16:29:48.995460+00:00,28.951538427102452
2025-06-16 16:29:50.282233+00:00,29.003846142427278
2025-06-16 16:29:50.607687+00:00,28.992670569693093
2025-06-16 16:29:50.816032+00:00,29.010442480436133
2025-06-16 16:29:51.116258+00:00,29.033802220080947
2025-06-16 16:29:51.327728+00:00,29.010442480436133
2025-06-16 16:29:51.539238+00:00,29.021906493386407
2025-06-16 16:29:51.962551+00:00,29.015742565996124
2025-06-16 16:29:52.421023+00:00,29.022338091468498
2025-06-16 16:29:52.671122+00:00,29.028070099048247
2025-06-16 16:29:52.931583+00:00,29.022050370194904
2025-06-16 16:29:53.281101+00:00,29.039821794566024
2025-06-16 16:29:55.687727+00:00,29.02248193593359
2025-06-16 16:29:56.255939+00:00,29.034377082388694
2025-06-16 16:29:57.141824+00:00,29.02821388715498
2025-06-16 16:29:58.422322+00:00,28.66374760926026
2025-06-16 16:29:58.653233+00:00,28.716488170041092
2025-06-16 16:29:58.963875+00:00,28.7634995072076
2025-06-16 16:29:59.289272+00:00,28.85708295013746
2025-06-16 16:30:00.098339+00:00,28.839745600718917
2025-06-16 16:30:00.419131+00:00,28.83401530756277
2025-06-16 16:30:00.942453+00:00,28.89850823374304
2025-06-16 16:30:08.708445+00:00,29.02248193593359
2025-06-16 16:30:09.419202+00:00,29.022194236222273
2025-06-16 16:30:18.239593+00:00,29.02821388715498
2025-06-16 16:30:18.528978+00:00,29.022625769617562
2025-06-16 16:30:18.866556+00:00,29.0166061973423
2025-06-16 16:30:19.399662+00:00,29.034089672796974
2025-06-16 16:30:25.247818+00:00,29.02305720598274
2025-06-16 16:30:30.279556+00:00,28.858394567341218
2025-06-16 16:30:30.673281+00:00,28.89379454524639
2025-06-16 16:30:31.199478+00:00,28.92904848025548
2025-06-16 16:30:37.378246+00:00,28.98780423513564
2025-06-16 16:30:40.302738+00:00,29.02305720598274
2025-06-16 16:30:41.280566+00:00,29.040683555821012
2025-06-16 16:30:48.086342+00:00,29.081954473102783
2025-06-16 16:30:49.298532+00:00,29.023200996542233
2025-06-16 16:30:49.522113+00:00,28.9996993247105
2025-06-16 16:30:49.747532+00:00,28.99367975538521
2025-06-16 16:30:49.973017+00:00,28.970033208521734
2025-06-16 16:30:50.159453+00:00,28.98192870484272
2025-06-16 16:30:50.360521+00:00,28.975764476797778
2025-06-16 16:30:50.660883+00:00,28.981640151416446
2025-06-16 16:30:50.880210+00:00,28.993247311919028
2025-06-16 16:30:51.280222+00:00,29.017037867469753
2025-06-16 16:30:51.529035+00:00,29.01087441667027
2025-06-16 16:30:52.405896+00:00,28.975764476797778
2025-06-16 16:30:53.660890+00:00,29.011162320253792
2025-06-16 16:30:53.922502+00:00,29.028932665972185
2025-06-16 16:30:54.228767+00:00,29.02305720598274
2025-06-16 16:30:59.468228+00:00,29.06389854147761
2025-06-16 16:31:01.139978+00:00,29.05816641676117
2025-06-16 16:31:03.572009+00:00,28.940365455287143
2025-06-16 16:31:04.177380+00:00,28.91113139310086
2025-06-16 16:31:05.098563+00:00,28.6816724944623
2025-06-16 16:31:05.642216+00:00,28.804780250218528
2025-06-16 16:31:06.760778+00:00,28.916572051502666
2025-06-16 16:31:07.379943+00:00,28.939931101962323
2025-06-16 16:31:08.410580+00:00,28.952117049291395
2025-06-16 16:31:08.740673+00:00,28.91113139310086
2025-06-16 16:31:09.484936+00:00,28.90496525569669
2025-06-16 16:31:11.493426+00:00,28.987227353721813
2025-06-16 16:31:12.012345+00:00,28.975475745963735
2025-06-16 16:31:12.686138+00:00,28.998978921302815
2025-06-16 16:31:16.563575+00:00,28.611155977633942
2025-06-16 16:31:18.938375+00:00,28.981640151416446
2025-06-16 16:31:19.931120+00:00,29.040396345193507
2025-06-16 16:31:20.562718+00:00,29.05773615655169
2025-06-16 16:31:21.904966+00:00,29.02248193593359
2025-06-16 16:31:22.947538+00:00,28.91671710451722
2025-06-16 16:31:23.509365+00:00,28.987227353721813
2025-06-16 16:31:23.770888+00:00,28.9929589623686
2025-06-16 16:31:24.412054+00:00,28.998978921302815
2025-06-16 16:31:24.829572+00:00,29.034808115918274
2025-06-16 16:31:25.204933+00:00,29.02248193593359
2025-06-16 16:31:25.905804+00:00,29.040396345193507
2025-06-16 16:31:38.541003+00:00,28.98665029980728
2025-06-16 16:31:39.233468+00:00,28.998402404514394
2025-06-16 16:31:40.396220+00:00,28.9929589623686
2025-06-16 16:31:41.679948+00:00,29.010730448706738
2025-06-16 16:31:41.862187+00:00,29.02248193593359
2025-06-16 16:31:44.399299+00:00,28.928468913160675
2025-06-16 16:31:44.500189+00:00,28.887046618880333
2025-06-16 16:31:44.762635+00:00,28.89879879654497
2025-06-16 16:31:45.152124+00:00,28.910696064970725
2025-06-16 16:31:45.580399+00:00,28.922303031337528
2025-06-16 16:31:48.742460+00:00,29.022338091468498
2025-06-16 16:31:50.081687+00:00,28.83445331905493
2025-06-16 16:31:50.306315+00:00,28.8165327091355
2025-06-16 16:31:50.594899+00:00,28.863687811113294
2025-06-16 16:31:52.278920+00:00,28.881606882623455
2025-06-16 16:31:52.655064+00:00,28.664339349314115
2025-06-16 16:31:52.887023+00:00,28.70517767865515
2025-06-16 16:31:53.121087+00:00,28.775838920730692
2025-06-16 16:31:53.438448+00:00,28.834307326006236
2025-06-16 16:31:53.974709+00:00,28.916862146750148
2025-06-16 16:31:54.176166+00:00,28.91113139310086
2025-06-16 16:31:54.410407+00:00,28.940075897185448
2025-06-16 16:31:54.660965+00:00,28.934344802416
2025-06-16 16:31:54.993133+00:00,28.963724098028585
2025-06-16 16:31:55.518827+00:00,28.969599927018297
2025-06-16 16:32:04.175873+00:00,28.716930210485963
2025-06-16 16:32:20.469343+00:00,29.010298480129045
2025-06-16 16:32:21.096931+00:00,28.998978921302815
2025-06-16 16:32:21.774098+00:00,29.004422520028683
2025-06-16 16:32:22.185096+00:00,28.998546549883365
2025-06-16 16:32:22.609235+00:00,28.998690684471097
2025-06-16 16:32:23.151296+00:00,28.998690684471097
2025-06-16 16:32:23.860806+00:00,29.01058646996203
2025-06-16 16:32:24.473511+00:00,29.00485469002691
2025-06-16 16:32:25.123365+00:00,28.951538427102452
2025-06-16 16:32:25.708616+00:00,28.969166548482455
2025-06-16 16:32:26.285324+00:00,28.992814771421486
2025-06-16 16:32:27.262388+00:00,29.01058646996203
2025-06-16 16:32:27.941185+00:00,29.010730448706738
2025-06-16 16:32:28.662031+00:00,29.010730448706738
2025-06-16 16:32:29.278770+00:00,29.034233382983363
2025-06-16 16:32:29.961304+00:00,29.0402527237082
2025-06-16 16:32:30.979983+00:00,28.975620116771427
2025-06-16 16:32:32.284476+00:00,29.028645186788584
2025-06-16 16:32:33.212102+00:00,29.005286762994242
2025-06-16 16:32:35.168307+00:00,29.028645186788584
2025-06-16 16:32:38.820369+00:00,29.075506360700388
2025-06-16 16:32:40.448527+00:00,28.911276480914267
2025-06-16 16:32:42.028486+00:00,29.040827144963213
2025-06-16 16:32:42.447330+00:00,29.064615144422728
2025-06-16 16:32:44.543371+00:00,29.093848022019298
2025-06-16 16:32:45.596847+00:00,29.0585965799421
2025-06-16 16:32:46.549133+00:00,29.105598422368526
2025-06-16 16:32:47.266415+00:00,29.105598422368526
2025-06-16 16:32:48.132513+00:00,29.12924166307763
2025-06-16 16:32:48.760788+00:00,29.134974247490902
2025-06-16 16:32:49.247503+00:00,29.105598422368526
2025-06-16 16:32:49.761271+00:00,29.105598422368526
2025-06-16 16:32:51.411571+00:00,29.082526842000618
2025-06-16 16:32:52.169586+00:00,29.105884069724436
2025-06-16 16:32:52.877874+00:00,29.12952675178665
2025-06-16 16:32:54.627854+00:00,29.105741251436836
2025-06-16 16:32:55.287530+00:00,29.094133937920795
2025-06-16 16:32:55.868036+00:00,29.03538267635624
2025-06-16 16:32:56.535920+00:00,29.08266990727302
2025-06-16 16:32:57.210577+00:00,29.10029474734935
2025-06-16 16:32:57.784928+00:00,29.029507494966367
2025-06-16 16:32:58.289695+00:00,29.05945661521861
2025-06-16 16:32:58.816334+00:00,29.088687851361815
2025-06-16 16:32:59.584244+00:00,29.112044590523656
2025-06-16 16:33:00.390678+00:00,28.770989571797084
2025-06-16 16:33:01.038415+00:00,28.724278557105535
2025-06-16 16:33:01.439725+00:00,28.776865195054285
2025-06-16 16:33:01.891476+00:00,28.8124110421223
2025-06-16 16:33:02.659227+00:00,28.84766340348414
2025-06-16 16:33:03.043867+00:00,28.888790701496113
2025-06-16 16:33:06.764318+00:00,29.006006668982486
2025-06-16 16:33:07.152121+00:00,29.05300816027122
2025-06-16 16:33:22.006221+00:00,29.035957064297463
2025-06-16 16:33:22.256925+00:00,29.035813483483718
2025-06-16 16:33:22.607540+00:00,29.08309903840532
2025-06-16 16:33:22.857412+00:00,29.11247271461016
2025-06-16 16:33:23.802441+00:00,29.11290074167064
2025-06-16 16:33:25.700089+00:00,29.189268506736052
2025-06-16 16:33:25.975923+00:00,29.15402205678944
2025-06-16 16:33:26.225690+00:00,29.153737656085294
2025-06-16 16:33:27.026499+00:00,29.11275807676448
2025-06-16 16:33:27.271578+00:00,29.065761148527738
2025-06-16 16:33:27.496734+00:00,29.012745019109946
2025-06-16 16:33:27.785493+00:00,29.00113932293458
2025-06-16 16:33:28.340472+00:00,29.03653127974215
2025-06-16 16:33:28.539665+00:00,29.083385071922805
2025-06-16 16:33:28.709418+00:00,29.106597999451786
2025-06-16 16:33:28.933075+00:00,29.118632647610298
2025-06-16 16:33:29.116770+00:00,29.11247271461016
2025-06-16 16:33:29.368163+00:00,29.13597147483071
2025-06-16 16:33:29.634572+00:00,29.136113892756995
2025-06-16 16:33:31.040529+00:00,29.118490039059093
2025-06-16 16:33:31.344706+00:00,29.118632647610298
2025-06-16 16:33:32.638322+00:00,29.1070262279198
2025-06-16 16:33:33.841924+00:00,29.095420025829853
2025-06-16 16:33:34.079397+00:00,29.07736736232663
2025-06-16 16:33:34.335496+00:00,29.071492654057717
2025-06-16 16:33:34.881366+00:00,29.05945661521861
2025-06-16 16:33:35.717189+00:00,29.11290074167064
2025-06-16 16:33:36.619890+00:00,28.953851880839114
2025-06-16 16:33:37.162139+00:00,29.030369415025486
2025-06-16 16:33:37.687955+00:00,29.054155152334797
2025-06-16 16:33:38.457612+00:00,29.083528072510344
2025-06-16 16:33:38.702520+00:00,29.101008904950326
2025-06-16 16:33:38.984829+00:00,29.11290074167064
2025-06-16 16:33:39.493713+00:00,29.13038175917942
2025-06-16 16:33:39.836339+00:00,29.1305242226795
2025-06-16 16:33:40.086374+00:00,29.11247271461016
2025-06-16 16:33:40.313161+00:00,29.053868469004595
2025-06-16 16:33:40.538442+00:00,29.03008215146337
2025-06-16 16:33:40.743685+00:00,29.053868469004595
2025-06-16 16:33:41.039504+00:00,29.10072327425211
2025-06-16 16:33:41.836293+00:00,29.142130830585188
2025-06-16 16:33:42.159411+00:00,29.1538798618276
2025-06-16 16:33:43.004335+00:00,29.141988490574164
2025-06-16 16:33:43.363568+00:00,29.165486781432154
2025-06-16 16:33:44.027008+00:00,29.112615401077655
2025-06-16 16:33:44.373145+00:00,29.094991426886942
2025-06-16 16:33:45.887794+00:00,29.1598964902154
2025-06-16 16:33:46.338687+00:00,29.20703317614508
2025-06-16 16:33:47.415783+00:00,29.230530219617062
2025-06-16 16:33:47.850894+00:00,29.230388908159345
2025-06-16 16:33:48.109944+00:00,29.224655973809643
2025-06-16 16:33:48.411776+00:00,29.21248288117692
2025-06-16 16:33:48.727266+00:00,29.2245145952207
2025-06-16 16:33:48.996077+00:00,29.183252264218957
2025-06-16 16:33:49.344715+00:00,29.20689159616112
2025-06-16 16:33:49.643113+00:00,29.189268506736052
2025-06-16 16:33:49.897770+00:00,29.165486781432154
2025-06-16 16:33:51.652957+00:00,29.212907452073647
2025-06-16 16:33:52.822238+00:00,29.130666675399006
2025-06-16 16:33:53.460957+00:00,29.14814761332287
2025-06-16 16:33:53.968775+00:00,29.100866094991577
2025-06-16 16:33:55.671852+00:00,29.082956005475364
2025-06-16 16:33:57.160696+00:00,29.14170377821052
2025-06-16 16:34:03.024032+00:00,29.140991808642024
2025-06-16 16:34:05.289390+00:00,29.15288419524142
2025-06-16 16:34:06.423592+00:00,29.140991808642024
2025-06-16 16:34:07.655543+00:00,29.140849382386687
2025-06-16 16:34:08.814733+00:00,29.105598422368526
2025-06-16 16:34:10.267223+00:00,29.117348782546166
2025-06-16 16:34:10.963799+00:00,29.11749147734257
2025-06-16 16:34:12.215900+00:00,29.135259223490845
2025-06-16 16:34:12.931784+00:00,29.140849382386687
2025-06-16 16:34:13.517831+00:00,29.12909910255222
2025-06-16 16:34:14.385629+00:00,29.117348782546166
2025-06-16 16:34:15.103968+00:00,29.123651798211135
2025-06-16 16:34:17.562852+00:00,28.84737189083044
2025-06-16 16:34:24.660775+00:00,29.123366575231437
2025-06-16 16:34:25.651985+00:00,29.141134224116808
2025-06-16 16:34:27.308042+00:00,29.106169673957492
2025-06-16 16:34:27.641784+00:00,29.135544156368493
2025-06-16 16:34:36.508072+00:00,29.100151883486962
2025-06-16 16:34:38.450141+00:00,29.100151883486962
2025-06-16 16:34:39.122495+00:00,29.09427687970039
2025-06-16 16:34:39.722471+00:00,29.10631245990296
2025-06-16 16:34:40.834416+00:00,29.11791949704784
2025-06-16 16:34:41.085788+00:00,29.100151883486962
2025-06-16 16:34:41.912311+00:00,29.130096799837517
2025-06-16 16:34:43.090977+00:00,28.94783231742591
2025-06-16 16:34:43.333818+00:00,28.95356285006217
2025-06-16 16:34:43.667188+00:00,28.977207484087874
2025-06-16 16:34:44.133289+00:00,29.012457352711923
2025-06-16 16:34:44.671392+00:00,29.065331477845085
2025-06-16 16:34:46.048271+00:00,29.09513430398199
2025-06-16 16:34:47.505059+00:00,29.065761148527738
2025-06-16 16:34:48.596770+00:00,29.08911674874124
2025-06-16 16:34:49.698597+00:00,29.041975469984106
2025-06-16 16:34:49.925463+00:00,29.053868469004595
2025-06-16 16:34:50.418277+00:00,29.035813483483718
2025-06-16 16:34:50.857371+00:00,29.041831967090037
2025-06-16 16:34:51.095752+00:00,29.0067263054411
2025-06-16 16:34:52.257406+00:00,28.989245683980958
2025-06-16 16:34:53.861100+00:00,29.065331477845085
2025-06-16 16:34:54.366546+00:00,29.094848539011142
2025-06-16 16:34:55.925553+00:00,28.748074526593715
2025-06-16 16:34:57.194782+00:00,29.000707436670005
2025-06-16 16:34:57.867142+00:00,28.977207484087874
2025-06-16 16:35:00.024330+00:00,29.035957064297463
2025-06-16 16:35:02.444435+00:00,29.082956005475364
2025-06-16 16:35:02.886207+00:00,29.10072327425211
2025-06-16 16:35:03.869894+00:00,29.129811797373268
2025-06-16 16:35:08.332155+00:00,29.117776834593403
2025-06-16 16:35:15.033910+00:00,28.929338199113513
2025-06-16 16:35:16.471306+00:00,29.041257847703672
2025-06-16 16:35:19.010043+00:00,28.953129223036054
2025-06-16 16:35:24.532712+00:00,28.947109270004916
2025-06-16 16:35:29.162757+00:00,29.03538267635624
2025-06-16 16:35:29.862821+00:00,29.058883301491335
2025-06-16 16:35:30.281874+00:00,29.05873994610718
2025-06-16 16:35:30.908833+00:00,29.05873994610718
2025-06-16 16:35:33.814551+00:00,29.09441981069922
2025-06-16 16:35:34.406911+00:00,29.099866123419968
2025-06-16 16:35:35.288010+00:00,29.08854486400711
2025-06-16 16:35:37.339001+00:00,29.076794940496946
2025-06-16 16:35:39.988034+00:00,29.006006668982486
2025-06-16 16:35:42.544953+00:00,29.10029474734935
2025-06-16 16:35:42.866893+00:00,29.105598422368526
2025-06-16 16:35:44.249390+00:00,29.08266990727302
2025-06-16 16:35:44.675243+00:00,29.088830827935737
2025-06-16 16:35:46.135448+00:00,29.100580442731918
2025-06-16 16:35:46.982215+00:00,29.088401865871614
2025-06-16 16:35:47.569154+00:00,29.058883301491335
2025-06-16 16:35:48.728225+00:00,29.00027545337463
2025-06-16 16:35:48.918899+00:00,28.988236782992544
2025-06-16 16:35:49.212270+00:00,29.005718738930767
2025-06-16 16:35:49.607651+00:00,29.029507494966367
2025-06-16 16:35:50.082526+00:00,29.011881890542114
2025-06-16 16:35:51.493554+00:00,29.035526289513108
2025-06-16 16:35:51.762703+00:00,29.046846018906525
2025-06-16 16:35:51.932364+00:00,29.064758432669006
2025-06-16 16:35:52.598010+00:00,29.0585965799421
2025-06-16 16:35:54.544654+00:00,29.07636551092581
2025-06-16 16:35:55.796550+00:00,28.988236782992544
2025-06-16 16:35:58.037578+00:00,28.800074957522934
2025-06-16 16:35:59.357394+00:00,29.005862709347223
2025-06-16 16:36:00.103049+00:00,29.047133009008665
2025-06-16 16:36:06.860658+00:00,29.017757102059306
2025-06-16 16:36:07.964306+00:00,29.02377605096913
2025-06-16 16:36:10.237775+00:00,29.05902664609455
2025-06-16 16:36:11.281295+00:00,29.064758432669006
2025-06-16 16:36:12.481987+00:00,29.08266990727302
2025-06-16 16:36:12.919564+00:00,29.06504497681885
2025-06-16 16:36:14.308363+00:00,29.070776764132003
2025-06-16 16:36:16.053326+00:00,29.04154492895888
2025-06-16 16:36:20.193120+00:00,29.058883301491335
2025-06-16 16:36:21.335814+00:00,29.070633553804242
2025-06-16 16:36:22.557895+00:00,28.953273776159524
2025-06-16 16:36:24.198345+00:00,29.023632303534058
2025-06-16 16:36:26.817724+00:00,29.123651798211135
2025-06-16 16:36:27.680236+00:00,29.14715155225993
2025-06-16 16:36:28.047483+00:00,29.14715155225993
2025-06-16 16:36:28.273211+00:00,29.147009214700333
2025-06-16 16:36:28.873195+00:00,29.15861695166859
2025-06-16 16:36:29.602059+00:00,29.135401695319956
2025-06-16 16:36:29.786813+00:00,29.12938421282244
2025-06-16 16:36:30.196349+00:00,29.141134224116808
2025-06-16 16:36:30.547873+00:00,29.15890136903107
2025-06-16 16:36:31.141338+00:00,29.176242004311156
2025-06-16 16:36:33.378526+00:00,29.06504497681885
2025-06-16 16:36:34.531762+00:00,29.023632303534058
2025-06-16 16:36:34.840107+00:00,29.0180447204272
2025-06-16 16:36:36.871267+00:00,28.818286460787565
2025-06-16 16:36:39.495431+00:00,28.95370737084135
2025-06-16 16:36:43.314189+00:00,28.941089161864955
2025-06-16 16:36:43.522217+00:00,28.935213685510682
2025-06-16 16:36:43.831741+00:00,28.970322008950518
2025-06-16 16:36:44.357635+00:00,29.00013143738042
2025-06-16 16:36:44.668134+00:00,29.00557475773312
2025-06-16 16:36:44.917671+00:00,28.95871553067039
2025-06-16 16:36:50.616722+00:00,28.911421557946028
2025-06-16 16:36:50.851540+00:00,28.970466392992865
2025-06-16 16:36:52.220156+00:00,28.959004534977637
2025-06-16 16:36:52.470832+00:00,28.911856724351463
2025-06-16 16:36:52.721324+00:00,28.8589772279912
2025-06-16 16:36:52.946947+00:00,28.84105883679835
2025-06-16 16:36:54.309380+00:00,28.935503226956673
2025-06-16 16:36:55.056194+00:00,28.935213685510682
2025-06-16 16:36:55.245222+00:00,28.923317781492024
2025-06-16 16:36:55.555423+00:00,28.905545897089503
2025-06-16 16:36:55.879990+00:00,28.841204698008376
2025-06-16 16:36:56.105572+00:00,28.81168016521644
2025-06-16 16:36:56.332358+00:00,28.79361358188855
2025-06-16 16:36:56.675065+00:00,28.764820502576725
2025-06-16 16:36:57.077414+00:00,28.752775189602563
2025-06-16 16:36:57.375678+00:00,28.740876291206554
2025-06-16 16:36:57.604849+00:00,28.72324820328275
2025-06-16 16:36:59.980893+00:00,28.976053164506443
2025-06-16 16:37:00.838460+00:00,28.99955526559142
2025-06-16 16:37:03.526330+00:00,29.040970723324392
2025-06-16 16:37:03.867429+00:00,29.05873994610718
2025-06-16 16:37:08.770743+00:00,29.035095417699363
2025-06-16 16:37:09.167025+00:00,29.05286473774897
2025-06-16 16:37:10.192364+00:00,29.04655898568039
2025-06-16 16:37:10.578599+00:00,29.046702507683957
2025-06-16 16:37:10.987699+00:00,29.058883301491335
2025-06-16 16:37:13.946063+00:00,29.082383765947398
2025-06-16 16:37:15.139917+00:00,29.070633553804242
2025-06-16 16:37:15.498796+00:00,29.052721304445758
2025-06-16 16:37:19.270820+00:00,29.070347100806085
2025-06-16 16:37:19.630504+00:00,29.058883301491335
2025-06-16 16:37:19.851788+00:00,29.088115837258226
2025-06-16 16:37:20.087671+00:00,29.070633553804242
2025-06-16 16:37:20.396068+00:00,29.070776764132003
2025-06-16 16:37:20.688251+00:00,29.058883301491335
2025-06-16 16:37:22.705858+00:00,29.112044590523656
2025-06-16 16:37:32.800635+00:00,29.071206330430037
2025-06-16 16:37:33.284374+00:00,29.065617935747746
2025-06-16 16:37:33.783581+00:00,29.05945661521861
2025-06-16 16:37:37.937884+00:00,29.118490039059093
2025-06-16 16:37:38.152469+00:00,29.135829046123867
2025-06-16 16:37:40.627514+00:00,28.965890542346457
2025-06-16 16:37:41.027344+00:00,28.948121460924128
2025-06-16 16:37:41.763650+00:00,28.971765364213237
2025-06-16 16:37:42.634064+00:00,29.01861982778953
2025-06-16 16:37:43.193515+00:00,29.012745019109946
2025-06-16 16:37:43.442337+00:00,28.98895748046199
2025-06-16 16:37:43.729575+00:00,28.98895748046199
2025-06-16 16:37:44.001700+00:00,29.000995371627585
2025-06-16 16:37:44.279275+00:00,29.018332295670596
2025-06-16 16:37:44.519487+00:00,29.036100634330182
2025-06-16 16:37:44.762225+00:00,29.01861982778953
2025-06-16 16:37:44.930285+00:00,29.024350932898436
2025-06-16 16:37:45.640235+00:00,29.047993720571416
2025-06-16 16:37:47.387699+00:00,29.000995371627585
2025-06-16 16:37:48.786838+00:00,29.14227315981569
2025-06-16 16:37:48.949147+00:00,29.13023928489876
2025-06-16 16:37:49.340375+00:00,29.1305242226795
2025-06-16 16:37:49.668576+00:00,29.15961222377926
2025-06-16 16:37:50.071300+00:00,29.136113892756995
2025-06-16 16:37:50.629510+00:00,29.1598964902154
2025-06-16 16:37:51.464242+00:00,29.15975436238755
2025-06-16 16:37:51.690490+00:00,29.17164532694549
2025-06-16 16:37:51.923677+00:00,29.16577091360075
2025-06-16 16:37:52.284734+00:00,29.17766164589652
2025-06-16 16:37:52.801958+00:00,29.06619072218242
2025-06-16 16:37:54.289659+00:00,28.678454839221505
2025-06-16 16:37:54.782156+00:00,28.913451504319614
2025-06-16 16:37:54.995379+00:00,28.96632354011303
2025-06-16 16:37:55.383243+00:00,28.99584051724859
2025-06-16 16:37:56.076759+00:00,29.072351366200206
2025-06-16 16:37:56.319351+00:00,29.107311659661708
2025-06-16 16:37:56.635096+00:00,29.107597048280883
2025-06-16 16:37:57.480395+00:00,29.142984644260448
2025-06-16 16:37:58.349245+00:00,29.16060696764815
2025-06-16 16:37:59.095444+00:00,29.184245052891477
2025-06-16 16:37:59.428582+00:00,29.208165427929327
2025-06-16 16:37:59.769914+00:00,29.213756302802185
2025-06-16 16:38:00.063584+00:00,29.219488784861422
2025-06-16 16:38:00.956943+00:00,29.237251694963014
2025-06-16 16:38:01.876781+00:00,29.231519097978385
2025-06-16 16:38:02.691967+00:00,29.190402455936233
2025-06-16 16:38:04.232545+00:00,29.231377861981326
2025-06-16 16:38:04.796211+00:00,29.249281389240114
2025-06-16 16:38:05.890766+00:00,29.23194274128912
2025-06-16 16:38:06.932901+00:00,29.067335777569955
2025-06-16 16:38:10.091314+00:00,29.202716296957902
2025-06-16 16:38:12.578244+00:00,29.25515505784459
2025-06-16 16:38:12.987027+00:00,29.243407710597083
2025-06-16 16:38:13.921556+00:00,29.25515505784459
2025-06-16 16:38:14.174630+00:00,29.25515505784459
2025-06-16 16:38:16.713354+00:00,29.261310463201582
2025-06-16 16:38:20.213180+00:00,29.249281389240114
2025-06-16 16:38:20.571030+00:00,29.219912895639453
2025-06-16 16:38:21.387640+00:00,29.002434399544345
2025-06-16 16:38:23.158665+00:00,29.108595568856902
2025-06-16 16:38:24.218849+00:00,29.18467037204644
2025-06-16 16:38:25.407226+00:00,29.22592789600457
2025-06-16 16:38:26.299364+00:00,29.23194274128912
2025-06-16 16:38:26.868927+00:00,29.196559537291137
2025-06-16 16:38:33.990296+00:00,29.26145132042721
2025-06-16 16:38:36.353352+00:00,29.243689860168388
2025-06-16 16:38:36.794728+00:00,29.26145132042721
2025-06-16 16:38:39.088575+00:00,29.24970439603628
2025-06-16 16:38:39.815592+00:00,29.237816305747806
2025-06-16 16:38:40.877627+00:00,29.243830918784013
2025-06-16 16:38:41.494797+00:00,29.24956340455088
2025-06-16 16:38:42.310735+00:00,29.214321987684507
2025-06-16 16:38:43.024653+00:00,29.22578661443669
2025-06-16 16:38:44.904317+00:00,29.255436938895276
2025-06-16 16:38:45.873344+00:00,29.273338916853582
2025-06-16 16:38:48.998131+00:00,29.272353705167784
2025-06-16 16:38:49.345747+00:00,29.27207211909571
2025-06-16 16:38:52.492694+00:00,29.119060408580125
2025-06-16 16:38:53.134835+00:00,29.148289864638436
2025-06-16 16:38:53.378195+00:00,29.160180713529787
2025-06-16 16:38:54.210717+00:00,29.177945444849275
2025-06-16 16:38:54.390815+00:00,29.1952845941668
2025-06-16 16:38:57.842257+00:00,29.188701273408878
2025-06-16 16:38:59.661312+00:00,29.129954303995685
2025-06-16 16:39:00.839995+00:00,29.12436466699946
2025-06-16 16:39:04.040813+00:00,29.14184613978261
2025-06-16 16:39:04.340892+00:00,29.13023928489876
2025-06-16 16:39:04.884769+00:00,29.100580442731918
2025-06-16 16:39:07.122482+00:00,29.04785029559674
2025-06-16 16:39:07.473932+00:00,29.05945661521861
2025-06-16 16:39:09.731261+00:00,28.331199073596174
2025-06-16 16:39:10.439378+00:00,28.407585945156914
2025-06-16 16:39:10.993408+00:00,28.70709381180188
2025-06-16 16:39:12.128788+00:00,29.012745019109946
2025-06-16 16:39:12.856577+00:00,29.05988648731437
2025-06-16 16:39:13.289701+00:00,29.07736736232663
2025-06-16 16:39:13.524787+00:00,29.071492654057717
2025-06-16 16:39:13.691406+00:00,29.08309903840532
2025-06-16 16:39:13.911417+00:00,29.07736736232663
2025-06-16 16:39:14.317083+00:00,29.118490039059093
2025-06-16 16:39:14.835358+00:00,29.09470564035459
2025-06-16 16:39:15.589905+00:00,29.07779656550013
2025-06-16 16:39:15.925917+00:00,29.112615401077655
2025-06-16 16:39:16.443951+00:00,29.13023928489876
2025-06-16 16:39:16.915624+00:00,29.142130830585188
2025-06-16 16:39:17.335635+00:00,29.13038175917942
2025-06-16 16:39:17.818632+00:00,29.1305242226795
2025-06-16 16:39:18.527977+00:00,29.14227315981569
2025-06-16 16:39:19.021682+00:00,29.148289864638436
2025-06-16 16:39:19.386424+00:00,29.160180713529787
2025-06-16 16:39:19.690037+00:00,29.15975436238755
2025-06-16 16:39:19.941307+00:00,29.083528072510344
2025-06-16 16:39:20.165891+00:00,29.03653127974215
2025-06-16 16:39:20.476045+00:00,28.965890542346457
2025-06-16 16:39:20.700308+00:00,28.889516944361947
2025-06-16 16:39:21.011388+00:00,28.883351382833172
2025-06-16 16:39:21.394245+00:00,28.883351382833172
2025-06-16 16:39:21.669030+00:00,28.953851880839114
2025-06-16 16:39:21.944547+00:00,28.995120532824807
2025-06-16 16:39:22.187101+00:00,29.047993720571416
2025-06-16 16:39:22.321784+00:00,29.071492654057717
2025-06-16 16:39:22.519869+00:00,29.08911674874124
2025-06-16 16:39:22.731239+00:00,29.11247271461016
2025-06-16 16:39:22.941769+00:00,29.15961222377926
2025-06-16 16:39:23.224138+00:00,29.14800535122681
2025-06-16 16:39:23.501529+00:00,29.136113892756995
2025-06-16 16:39:23.793176+00:00,29.147863078350262
2025-06-16 16:39:24.052584+00:00,29.124507208415277
2025-06-16 16:39:24.425888+00:00,29.1305242226795
2025-06-16 16:39:24.678763+00:00,29.12436466699946
2025-06-16 16:39:24.996490+00:00,29.14227315981569
2025-06-16 16:39:25.113262+00:00,29.141988490574164
2025-06-16 16:39:25.278032+00:00,29.141988490574164
2025-06-16 16:39:25.488777+00:00,29.153595439562515
2025-06-16 16:39:25.639797+00:00,29.154306414371725
2025-06-16 16:39:25.934865+00:00,29.1598964902154
2025-06-16 16:39:26.200698+00:00,29.083242060554465
2025-06-16 16:39:26.483626+00:00,29.001283263460387
2025-06-16 16:39:26.760284+00:00,29.03653127974215
2025-06-16 16:39:27.076929+00:00,29.065761148527738
2025-06-16 16:39:27.328089+00:00,29.1070262279198
2025-06-16 16:39:27.627676+00:00,29.124649739050486
2025-06-16 16:39:27.946091+00:00,29.160180713529787
2025-06-16 16:39:28.171866+00:00,29.14772079469321
2025-06-16 16:39:28.373282+00:00,29.160038607262813
2025-06-16 16:39:28.765426+00:00,29.183394123513136
2025-06-16 16:39:29.051845+00:00,29.201017243060043
2025-06-16 16:39:29.378247+00:00,29.207174745348823
2025-06-16 16:39:30.044192+00:00,29.154306414371725
2025-06-16 16:39:30.413340+00:00,29.154306414371725
2025-06-16 16:39:31.358281+00:00,29.183535972027
2025-06-16 16:39:31.883538+00:00,29.18381963671374
2025-06-16 16:39:32.315574+00:00,29.18941028811709
2025-06-16 16:39:33.287667+00:00,29.20115889017613
2025-06-16 16:39:33.774153+00:00,29.213190445437203
2025-06-16 16:39:34.758887+00:00,29.154306414371725
2025-06-16 16:39:36.136573+00:00,29.166339048573043
2025-06-16 16:39:36.948057+00:00,29.078225671646226
2025-06-16 16:39:37.352556+00:00,29.107597048280883
2025-06-16 16:39:37.725888+00:00,29.125077266272516
2025-06-16 16:39:38.651148+00:00,29.18997730583831
2025-06-16 16:39:39.001890+00:00,29.13109396887409
2025-06-16 16:39:40.577640+00:00,29.03123094696662
2025-06-16 16:39:40.833904+00:00,29.048854044019187
2025-06-16 16:39:42.279959+00:00,29.06662019880923
2025-06-16 16:39:43.484464+00:00,28.990398066807085
2025-06-16 16:39:43.718543+00:00,28.990398066807085
2025-06-16 16:39:44.384866+00:00,28.97277507140783
2025-06-16 16:39:44.802166+00:00,29.002146680210394
2025-06-16 16:39:45.835923+00:00,29.084385849638917
2025-06-16 16:39:49.068460+00:00,29.21389774019301
2025-06-16 16:39:50.662918+00:00,29.225645322088706
2025-06-16 16:39:51.864045+00:00,29.225645322088706
2025-06-16 16:39:52.324714+00:00,29.249422402285493
2025-06-16 16:39:53.278188+00:00,29.237534021915508
2025-06-16 16:39:53.618520+00:00,29.231519097978385
2025-06-16 16:39:54.840863+00:00,29.213756302802185
2025-06-16 16:39:55.243844+00:00,29.22550401896062
2025-06-16 16:39:56.001584+00:00,29.237392863829285
2025-06-16 16:39:57.894480+00:00,29.249422402285493
2025-06-16 16:39:58.142356+00:00,29.25515505784459
2025-06-16 16:39:58.300290+00:00,29.2550141011493
2025-06-16 16:39:58.835992+00:00,29.237392863829285
2025-06-16 16:39:59.742900+00:00,29.255296003759916
2025-06-16 16:40:00.734313+00:00,29.26145132042721
2025-06-16 16:40:04.244797+00:00,29.243971966619625
2025-06-16 16:40:05.595771+00:00,29.285366750202304
2025-06-16 16:40:06.717664+00:00,29.296832296363267
2025-06-16 16:40:08.446092+00:00,29.314592457108983
2025-06-16 16:40:10.374735+00:00,29.2850856266837
2025-06-16 16:40:13.001004+00:00,29.26145132042721
2025-06-16 16:40:16.189737+00:00,29.25600057163715
2025-06-16 16:40:16.922198+00:00,29.29767473202074
2025-06-16 16:40:17.644890+00:00,29.326478978631943
2025-06-16 16:40:24.855387+00:00,29.27963414728196
2025-06-16 16:40:26.688792+00:00,29.28564783060167
2025-06-16 16:40:28.740018+00:00,29.320886108117737
2025-06-16 16:40:35.888673+00:00,29.314872887787242
2025-06-16 16:40:42.983323+00:00,29.326619054326716
2025-06-16 16:40:46.700483+00:00,29.326198794903537
2025-06-16 16:40:47.394534+00:00,29.32046567965197
2025-06-16 16:40:49.382776+00:00,29.320745976075457
2025-06-16 16:40:50.310023+00:00,29.29138043426486
2025-06-16 16:40:51.381399+00:00,29.30885951238518
2025-06-16 16:40:51.981481+00:00,29.29138043426486
2025-06-16 16:40:53.475387+00:00,29.308438616476288
2025-06-16 16:40:53.793046+00:00,29.290958966542306
2025-06-16 16:40:54.005756+00:00,29.273198204666674
2025-06-16 16:40:54.200444+00:00,29.26145132042721
2025-06-16 16:40:54.439852+00:00,29.291099466562944
2025-06-16 16:40:56.720868+00:00,29.320325515270756
2025-06-16 16:40:56.872548+00:00,29.296972729255565
2025-06-16 16:40:58.542370+00:00,29.308438616476288
2025-06-16 16:40:58.857495+00:00,29.302565239602686
2025-06-16 16:40:59.110912+00:00,29.302565239602686
2025-06-16 16:40:59.832410+00:00,29.296691852691215
2025-06-16 16:41:00.126784+00:00,29.308157965305163
2025-06-16 16:41:00.942525+00:00,29.296832296363267
2025-06-16 16:41:01.410852+00:00,29.278930975891917
2025-06-16 16:41:02.752399+00:00,29.290958966542306
2025-06-16 16:41:04.469706+00:00,29.273057481699897
2025-06-16 16:41:05.905583+00:00,29.279352911065466
2025-06-16 16:41:07.142800+00:00,29.296691852691215
2025-06-16 16:41:12.382391+00:00,29.196842739402705
2025-06-16 16:41:15.468186+00:00,29.279071631729607
2025-06-16 16:41:19.172418+00:00,29.255436938895276
2025-06-16 16:41:20.403648+00:00,29.273198204666674
2025-06-16 16:41:20.711740+00:00,29.26704317659379
2025-06-16 16:41:23.208071+00:00,29.27879030927437
2025-06-16 16:41:24.265700+00:00,29.255436938895276
2025-06-16 16:41:26.550652+00:00,29.24354879077275
2025-06-16 16:41:27.384907+00:00,29.26102871641051
2025-06-16 16:41:28.740099+00:00,29.255436938895276
2025-06-16 16:41:30.527805+00:00,29.18509559417872
2025-06-16 16:41:33.769865+00:00,29.284663860557178
2025-06-16 16:41:34.240350+00:00,29.23823965064593
2025-06-16 16:41:35.023864+00:00,29.137679778430176
2025-06-16 16:41:36.101728+00:00,29.149853917597966
2025-06-16 16:41:39.440466+00:00,29.267183977469784
2025-06-16 16:41:40.332972+00:00,29.255577863250675
2025-06-16 16:41:41.508410+00:00,29.2965513982394
2025-06-16 16:41:42.131954+00:00,29.284663860557178
2025-06-16 16:41:42.498420+00:00,29.272916747953243
2025-06-16 16:41:43.866529+00:00,29.284663860557178
2025-06-16 16:41:44.558377+00:00,29.290256304742247
2025-06-16 16:41:44.807100+00:00,29.296129970205335
2025-06-16 16:41:52.081825+00:00,29.308157965305163
2025-06-16 16:41:52.340740+00:00,29.296129970205335
2025-06-16 16:41:52.665277+00:00,29.302144045292522
2025-06-16 16:41:53.050996+00:00,29.302003625629645
2025-06-16 16:41:53.275048+00:00,29.29039685866185
2025-06-16 16:41:53.513635+00:00,29.296410933007813
2025-06-16 16:41:54.608372+00:00,29.296129970205335
2025-06-16 16:41:57.590753+00:00,29.296270456996464
2025-06-16 16:41:57.780075+00:00,29.302284454175652
2025-06-16 16:41:58.133222+00:00,29.301863195187025
2025-06-16 16:41:58.349864+00:00,29.290256304742247
2025-06-16 16:41:58.683729+00:00,29.302284454175652
2025-06-16 16:41:58.974002+00:00,29.278508943699716
2025-06-16 16:41:59.559227+00:00,29.237816305747806
2025-06-16 16:41:59.882776+00:00,29.255296003759916
2025-06-16 16:42:00.173900+00:00,29.261169595196016
2025-06-16 16:42:06.091695+00:00,29.11389909415548
2025-06-16 16:42:09.453290+00:00,28.87305506633127
2025-06-16 16:42:10.046351+00:00,28.967044987430402
2025-06-16 16:42:13.253420+00:00,28.89640771393031
2025-06-16 16:42:13.773202+00:00,28.66127281745536
2025-06-16 16:42:14.699733+00:00,28.837662438281388
2025-06-16 16:42:14.906792+00:00,28.89640771393031
2025-06-16 16:42:17.410942+00:00,28.943403211624315
2025-06-16 16:42:19.233276+00:00,29.084099967052545
2025-06-16 16:42:19.733150+00:00,29.08997425241917
2025-06-16 16:42:20.664020+00:00,29.00200280437167
2025-06-16 16:42:22.073544+00:00,29.048997393527127
2025-06-16 16:42:22.544895+00:00,29.025356561203036
2025-06-16 16:42:23.253563+00:00,29.096134141786614
2025-06-16 16:42:23.549300+00:00,29.07263751733427
2025-06-16 16:42:25.164832+00:00,29.025930968765056
2025-06-16 16:42:26.162960+00:00,29.01432641344836
2025-06-16 16:42:26.455022+00:00,29.049284060200172
2025-06-16 16:42:28.292816+00:00,28.784937181231154
2025-06-16 16:42:28.803039+00:00,28.837953917625626
2025-06-16 16:42:29.379582+00:00,28.979225883034385
2025-06-16 16:42:30.501067+00:00,29.102008272801605
2025-06-16 16:42:32.253459+00:00,29.149711784867623
2025-06-16 16:42:33.808333+00:00,29.213756302802185
2025-06-16 16:42:34.332819+00:00,29.219488784861422
2025-06-16 16:42:34.716830+00:00,29.2550141011493
2025-06-16 16:42:35.761010+00:00,29.21389774019301
2025-06-16 16:42:36.014412+00:00,29.213756302802185
2025-06-16 16:42:36.263004+00:00,29.04355329027339
2025-06-16 16:42:36.554022+00:00,28.814018022491155
2025-06-16 16:42:36.780680+00:00,28.673170325589762
2025-06-16 16:42:37.021729+00:00,28.708419298041964
2025-06-16 16:42:37.273329+00:00,28.80256093895335
2025-06-16 16:42:37.498008+00:00,28.914175973040937
2025-06-16 16:42:37.707026+00:00,28.95529638783914
2025-06-16 16:42:37.982788+00:00,28.99068605470131
2025-06-16 16:42:38.424455+00:00,29.04942737736527
2025-06-16 16:42:38.943909+00:00,29.10802505035459
2025-06-16 16:42:39.276844+00:00,29.10229370944708
2025-06-16 16:42:39.705448+00:00,29.1257895960307
2025-06-16 16:42:40.040083+00:00,29.125932029640587
2025-06-16 16:42:40.775375+00:00,29.143269162574793
2025-06-16 16:42:41.084373+00:00,29.014182704232265
2025-06-16 16:42:41.441694+00:00,28.7439615371641
2025-06-16 16:42:42.238928+00:00,28.46196897621231
2025-06-16 16:42:43.085911+00:00,28.69696438321039
2025-06-16 16:42:43.397697+00:00,29.008308556907696
2025-06-16 16:42:43.677466+00:00,29.055301454418373
2025-06-16 16:42:43.909697+00:00,29.072923625344995
2025-06-16 16:42:44.107945+00:00,29.10229370944708
2025-06-16 16:42:44.323973+00:00,29.107739726419453
2025-06-16 16:42:44.647884+00:00,29.078368685466625
2025-06-16 16:42:44.922872+00:00,29.04326651088599
2025-06-16 16:42:45.499886+00:00,29.049284060200172
2025-06-16 16:42:45.899033+00:00,29.04355329027339
2025-06-16 16:42:46.273276+00:00,29.055014943583018
2025-06-16 16:42:46.821585+00:00,29.108167696151156
2025-06-16 16:42:47.183268+00:00,29.11963060561115
2025-06-16 16:42:47.506401+00:00,29.113613904491622
2025-06-16 16:42:47.925475+00:00,29.149000959508957
2025-06-16 16:42:49.467529+00:00,29.178654753575163
2025-06-16 16:42:49.722471+00:00,29.166765036608073
2025-06-16 16:42:50.018452+00:00,29.1962762920586
2025-06-16 16:42:52.406280+00:00,29.09627693263578
2025-06-16 16:42:55.601275+00:00,28.914031100859848
2025-06-16 16:42:55.884541+00:00,28.966612151384
2025-06-16 16:42:56.060175+00:00,29.037105322690504
2025-06-16 16:42:58.793768+00:00,29.00185891775177
2025-06-16 16:42:59.201491+00:00,29.025356561203036
2025-06-16 16:42:59.319855+00:00,29.048854044019187
2025-06-16 16:42:59.744885+00:00,29.037105322690504
2025-06-16 16:43:01.049931+00:00,29.102008272801605
2025-06-16 16:43:02.398960+00:00,29.149000959508957
2025-06-16 16:43:04.990494+00:00,29.219064577062124
2025-06-16 16:43:05.324894+00:00,29.18410325827921
2025-06-16 16:43:05.686737+00:00,29.16662305137679
2025-06-16 16:43:06.141045+00:00,29.17808732815513
2025-06-16 16:43:12.462922+00:00,29.154875000170808
2025-06-16 16:43:15.603111+00:00,29.125504696469182
2025-06-16 16:43:16.323351+00:00,29.143126908807872
2025-06-16 16:43:16.799007+00:00,29.11418424069679
2025-06-16 16:43:17.322474+00:00,29.113756504713873
2025-06-16 16:43:20.709676+00:00,29.137252848067547
2025-06-16 16:43:20.995257+00:00,29.13137877728799
2025-06-16 16:43:22.584923+00:00,29.008164769771017
2025-06-16 16:43:26.928890+00:00,29.13109396887409
2025-06-16 16:43:29.581225+00:00,29.008020971853192
2025-06-16 16:43:29.964852+00:00,28.97219816055598
2025-06-16 16:43:30.240676+00:00,28.96088201178864
2025-06-16 16:43:30.616458+00:00,28.955151985655434
2025-06-16 16:43:31.249719+00:00,28.966756440847476
2025-06-16 16:43:31.657188+00:00,28.849120319837322
2025-06-16 16:43:32.082093+00:00,28.74337423786951
2025-06-16 16:43:32.816201+00:00,28.754830517425177
2025-06-16 16:43:33.349517+00:00,28.801830091408462
2025-06-16 16:43:33.921935+00:00,28.84309991258047
2025-06-16 16:43:34.306556+00:00,28.84324562284319
2025-06-16 16:43:34.463998+00:00,28.842662717100723
2025-06-16 16:43:34.823240+00:00,28.848537682679012
2025-06-16 16:43:35.055867+00:00,28.860433124884718
2025-06-16 16:43:35.308209+00:00,28.848683358141447
2025-06-16 16:43:35.573649+00:00,28.836787741481828
2025-06-16 16:43:36.009635+00:00,28.848537682679012
2025-06-16 16:43:36.498336+00:00,28.901411921056148
2025-06-16 16:43:36.725627+00:00,28.936950287295993
2025-06-16 16:43:36.935660+00:00,28.936950287295993
2025-06-16 16:43:37.195392+00:00,28.983803250936983
2025-06-16 16:43:37.538722+00:00,28.977928583433545
2025-06-16 16:43:37.762765+00:00,28.96632354011303
2025-06-16 16:43:38.073523+00:00,28.913306578230564
2025-06-16 16:43:38.364901+00:00,28.931075606612122
2025-06-16 16:43:38.590229+00:00,28.94841056129657
2025-06-16 16:43:38.891166+00:00,28.96632354011303
2025-06-16 16:43:39.106260+00:00,29.0071579579422
2025-06-16 16:43:39.333959+00:00,29.02506929273566
2025-06-16 16:43:39.611702+00:00,29.02506929273566
2025-06-16 16:43:39.877079+00:00,29.0190510451096
2025-06-16 16:43:40.147421+00:00,29.048710683730295
2025-06-16 16:43:40.337447+00:00,28.977928583433545
2025-06-16 16:43:40.589990+00:00,28.81960075562071
2025-06-16 16:43:40.804906+00:00,28.831350354180433
2025-06-16 16:43:41.316670+00:00,28.884223050722984
2025-06-16 16:43:41.785429+00:00,28.954574269106672
2025-06-16 16:43:42.128847+00:00,29.007589513412878
2025-06-16 16:43:42.559261+00:00,29.037105322690504
2025-06-16 16:43:42.966304+00:00,29.042692822739472
2025-06-16 16:43:43.366472+00:00,29.066477050714496
2025-06-16 16:43:44.740717+00:00,29.060745940421327
2025-06-16 16:43:45.832167+00:00,29.107739726419453
2025-06-16 16:43:46.438087+00:00,29.113756504713873
2025-06-16 16:43:47.449199+00:00,29.131521165324095
2025-06-16 16:43:48.597855+00:00,29.108167696151156
2025-06-16 16:43:49.165586+00:00,29.137395168968947
2025-06-16 16:43:49.633236+00:00,29.113328671705183
2025-06-16 16:43:50.395711+00:00,29.055014943583018
2025-06-16 16:43:51.606119+00:00,29.00185891775177
2025-06-16 16:43:52.449925+00:00,29.031374497889832
2025-06-16 16:43:53.025572+00:00,29.048710683730295
2025-06-16 16:43:53.430116+00:00,29.060889144872675
2025-06-16 16:43:54.021412+00:00,29.113471293488725
2025-06-16 16:43:55.198230+00:00,29.13137877728799
2025-06-16 16:43:55.830261+00:00,29.12005814018796
2025-06-16 16:43:56.437375+00:00,29.12521975378533
2025-06-16 16:43:56.954224+00:00,29.12536223051755
2025-06-16 16:43:57.713463+00:00,29.12521975378533
2025-06-16 16:43:58.314454+00:00,28.98437966778717
2025-06-16 16:43:59.059030+00:00,29.001715020350694
2025-06-16 16:43:59.672087+00:00,29.048567312660442
2025-06-16 16:44:00.322190+00:00,29.078225671646226
2025-06-16 16:44:01.627566+00:00,29.072208274461914
2025-06-16 16:44:04.565507+00:00,29.12521975378533
2025-06-16 16:44:12.619792+00:00,29.078225671646226
2025-06-16 16:44:12.897843+00:00,29.055014943583018
2025-06-16 16:44:13.071489+00:00,29.037392279478617
2025-06-16 16:44:21.454913+00:00,29.142700082824085
2025-06-16 16:44:23.490323+00:00,29.149285321993826
2025-06-16 16:44:24.237282+00:00,29.154732869891717
2025-06-16 16:44:24.484837+00:00,29.13696817392315
2025-06-16 16:44:25.496768+00:00,29.16060696764815
2025-06-16 16:44:25.905676+00:00,29.154590728832172
2025-06-16 16:44:26.240085+00:00,29.154590728832172
2025-06-16 16:44:27.079110+00:00,29.142557785935132
2025-06-16 16:44:27.399539+00:00,29.148858762095816
2025-06-16 16:44:28.077813+00:00,29.154732869891717
2025-06-16 16:44:28.605012+00:00,29.12521975378533
2025-06-16 16:44:29.163716+00:00,29.13696817392315
2025-06-16 16:44:29.599264+00:00,29.13696817392315
2025-06-16 16:44:34.728139+00:00,29.095991340156722
2025-06-16 16:44:37.235581+00:00,29.143126908807872
2025-06-16 16:44:39.212537+00:00,29.101865538307823
2025-06-16 16:44:39.416182+00:00,29.119345528656872
2025-06-16 16:44:40.435990+00:00,29.16032280901634
2025-06-16 16:44:41.796712+00:00,29.14914314614163
2025-06-16 16:44:42.712033+00:00,28.98466781152472
2025-06-16 16:44:43.336099+00:00,29.037535741701173
2025-06-16 16:44:46.640566+00:00,29.025930968765056
2025-06-16 16:44:49.632031+00:00,29.1610331247427
2025-06-16 16:44:53.643457+00:00,29.15515922838765
2025-06-16 16:44:54.812196+00:00,29.14942748706555
2025-06-16 16:44:56.336947+00:00,29.178654753575163
2025-06-16 16:44:59.158282+00:00,29.202291679016433
2025-06-16 16:45:00.196248+00:00,29.231801537632286
2025-06-16 16:45:00.546206+00:00,29.17908020944672
2025-06-16 16:45:04.013192+00:00,29.155017119669452
2025-06-16 16:45:04.928530+00:00,29.178371062425818
2025-06-16 16:45:09.292495+00:00,29.08481459266264
2025-06-16 16:45:09.663280+00:00,29.102864453369783
2025-06-16 16:45:18.881253+00:00,29.155727555456092
2025-06-16 16:45:19.295449+00:00,29.185237313328898
2025-06-16 16:45:24.604143+00:00,29.273338916853582
2025-06-16 16:45:24.970775+00:00,29.279352911065466
2025-06-16 16:45:26.283166+00:00,29.290958966542306
2025-06-16 16:45:28.943852+00:00,29.303126681099958
2025-06-16 16:45:29.735931+00:00,29.296972729255565
2025-06-16 16:45:30.191130+00:00,29.285226193832912
2025-06-16 16:45:30.554588+00:00,29.290958966542306
2025-06-16 16:45:38.045490+00:00,29.297113151368105
2025-06-16 16:45:43.132457+00:00,29.302845981910778
2025-06-16 16:45:43.445872+00:00,29.308999789462074
2025-06-16 16:45:43.600237+00:00,29.32046567965197
2025-06-16 16:45:43.796246+00:00,29.303126681099958
2025-06-16 16:45:44.052680+00:00,29.285226193832912
2025-06-16 16:45:47.269082+00:00,29.27347961826062
2025-06-16 16:45:48.287861+00:00,29.2850856266837
2025-06-16 16:45:48.882730+00:00,29.285226193832912
2025-06-16 16:45:49.710818+00:00,29.296972729255565
2025-06-16 16:45:52.299790+00:00,29.24425402995083
2025-06-16 16:45:52.719994+00:00,29.25600057163715
2025-06-16 16:45:53.385799+00:00,29.303267014524952
2025-06-16 16:45:54.460369+00:00,29.250268254178057
2025-06-16 16:45:56.938166+00:00,29.314872887787242
2025-06-16 16:45:57.177302+00:00,29.326619054326716
2025-06-16 16:45:57.484796+00:00,29.31473267783795
2025-06-16 16:45:57.867292+00:00,29.314592457108983
2025-06-16 16:45:58.093493+00:00,29.320605833253538
2025-06-16 16:45:58.343377+00:00,29.30298633689523
2025-06-16 16:45:59.095177+00:00,29.30298633689523
2025-06-16 16:45:59.770536+00:00,29.273760988735084
2025-06-16 16:46:00.860064+00:00,29.285507295791884
2025-06-16 16:46:01.793554+00:00,29.297534353027203
2025-06-16 16:46:03.077380+00:00,29.321026229380386
2025-06-16 16:46:09.462345+00:00,29.36814907380794
2025-06-16 16:46:10.477800+00:00,29.35081014121224
2025-06-16 16:46:11.986797+00:00,29.33878494036459
2025-06-16 16:46:13.281264+00:00,29.321026229380386
2025-06-16 16:46:13.652470+00:00,29.332912083567123
2025-06-16 16:46:14.107691+00:00,29.197833607216015
2025-06-16 16:46:15.477311+00:00,29.13308672220541
2025-06-16 16:46:16.577256+00:00,29.121624936863796
2025-06-16 16:46:18.968774+00:00,29.215311521192763
2025-06-16 16:46:19.377599+00:00,29.227198945011263
2025-06-16 16:46:19.890746+00:00,29.244677044097617
2025-06-16 16:46:21.340778+00:00,29.0746393678206
2025-06-16 16:46:21.777981+00:00,29.092116313646088
2025-06-16 16:46:23.764824+00:00,29.197975116639903
2025-06-16 16:46:24.394775+00:00,29.098274872549858
2025-06-16 16:46:24.751416+00:00,29.045273060997392
2025-06-16 16:46:25.242942+00:00,29.10973608839039
2025-06-16 16:46:26.036506+00:00,29.192243651879828
2025-06-16 16:46:26.798921+00:00,29.215735445279975
2025-06-16 16:46:27.275176+00:00,29.15127465197687
2025-06-16 16:46:29.094727+00:00,29.08079827095199
2025-06-16 16:46:35.027155+00:00,29.280477597215548
2025-06-16 16:46:35.304254+00:00,29.262577790155074
2025-06-16 16:46:35.518645+00:00,29.291942240311393
2025-06-16 16:46:35.734864+00:00,29.256704870015703
2025-06-16 16:46:36.650880+00:00,29.274323600325715
2025-06-16 16:46:36.792982+00:00,29.274604841441924
2025-06-16 16:46:37.562705+00:00,29.262437019168786
2025-06-16 16:46:38.806853+00:00,29.227198945011263
2025-06-16 16:46:39.267101+00:00,29.20384813713965
2025-06-16 16:46:39.525652+00:00,29.22076082613202
2025-06-16 16:46:40.129548+00:00,29.233213089097827
2025-06-16 16:46:42.158763+00:00,29.157005660705348
2025-06-16 16:46:44.071484+00:00,29.2806181344751
2025-06-16 16:46:44.539713+00:00,29.274464226273743
2025-06-16 16:46:44.766274+00:00,29.286069370352205
2025-06-16 16:46:45.248778+00:00,29.2505501185691
2025-06-16 16:47:08.760877+00:00,29.25740889889596
2025-06-16 16:47:12.838655+00:00,29.19266828452558
2025-06-16 16:47:13.285436+00:00,29.257127319683622
2025-06-16 16:47:13.489998+00:00,29.26342218969492
2025-06-16 16:47:13.644005+00:00,29.298516779607535
2025-06-16 16:47:13.854168+00:00,29.328019218396346
2025-06-16 16:47:14.738892+00:00,29.36898628827801
2025-06-16 16:47:15.541770+00:00,29.416104118956667
2025-06-16 16:47:17.862651+00:00,29.457486583209743
2025-06-16 16:47:18.281964+00:00,29.486846692572158
2025-06-16 16:47:18.709418+00:00,29.463497016857755
2025-06-16 16:47:19.133882+00:00,29.43413704242109
2025-06-16 16:47:20.561847+00:00,29.428126222992113
2025-06-16 16:47:21.572339+00:00,29.310682273569487
2025-06-16 16:47:22.468678+00:00,29.31669463617946
2025-06-16 16:47:23.066323+00:00,29.36339300391942
2025-06-16 16:47:23.771194+00:00,29.380870429668512
2025-06-16 16:47:24.372675+00:00,29.42197636538336
2025-06-16 16:47:25.017091+00:00,29.457625042038384
2025-06-16 16:47:25.610747+00:00,29.416243069200714
2025-06-16 16:47:26.530712+00:00,29.439731726208148
2025-06-16 16:47:27.931359+00:00,29.398765611919274
2025-06-16 16:47:28.316777+00:00,29.39247580338488
2025-06-16 16:47:34.705978+00:00,29.38114912486507
2025-06-16 16:47:37.667039+00:00,29.334031505335627
2025-06-16 16:47:39.245787+00:00,29.398765611919274
2025-06-16 16:47:39.504058+00:00,29.38114912486507
2025-06-16 16:47:39.801583+00:00,29.393032656782605
2025-06-16 16:47:40.014267+00:00,29.404359595999278
2025-06-16 16:47:40.291420+00:00,29.410509886451035
2025-06-16 16:47:41.396826+00:00,29.404637754202263
2025-06-16 16:47:41.569546+00:00,29.38114912486507
2025-06-16 16:47:42.396878+00:00,29.416382008665604
2025-06-16 16:47:42.664174+00:00,29.439454351923708
2025-06-16 16:47:42.998047+00:00,29.404359595999278
2025-06-16 16:47:43.507422+00:00,29.433720828132756
2025-06-16 16:47:43.825496+00:00,29.416104118956667
2025-06-16 16:47:44.102577+00:00,29.39247580338488
2025-06-16 16:47:44.334946+00:00,29.25740889889596
2025-06-16 16:47:46.534673+00:00,29.322426849127503
2025-06-16 16:47:46.887847+00:00,29.2578311868651
2025-06-16 16:47:47.225855+00:00,29.23434155410706
2025-06-16 16:47:48.680675+00:00,29.29879737589865
2025-06-16 16:47:48.890394+00:00,29.274886039438766
2025-06-16 16:47:49.097790+00:00,29.228469120832028
2025-06-16 16:47:49.317272+00:00,29.180922730404593
2025-06-16 16:47:51.292976+00:00,29.33976400225504
2025-06-16 16:47:59.530869+00:00,29.29809580432293
2025-06-16 16:48:00.317304+00:00,29.298376465292392
2025-06-16 16:48:06.176183+00:00,29.286350342953586
2025-06-16 16:48:08.720482+00:00,29.280477597215548
2025-06-16 16:48:13.934497+00:00,29.356543147484008
2025-06-16 16:48:14.286445+00:00,29.345077248377105
2025-06-16 16:48:15.705309+00:00,29.2274812817652
2025-06-16 16:48:17.054167+00:00,29.327319271106486
2025-06-16 16:48:20.091595+00:00,29.327039216733397
2025-06-16 16:48:22.557593+00:00,29.32144652849053
2025-06-16 16:48:22.898313+00:00,29.274604841441924
2025-06-16 16:48:23.242451+00:00,29.30340733717024
2025-06-16 16:48:24.079287+00:00,29.333192003686637
2025-06-16 16:48:24.605320+00:00,29.345077248377105
2025-06-16 16:48:28.180851+00:00,29.297534353027203
2025-06-16 16:48:32.698037+00:00,29.32717924930974
2025-06-16 16:48:34.832646+00:00,29.33333194757704
2025-06-16 16:48:36.011875+00:00,29.3157139211101
2025-06-16 16:48:37.070463+00:00,29.180355994924437
2025-06-16 16:48:40.463673+00:00,29.285788354631645
2025-06-16 16:48:41.183500+00:00,29.274182963597838
2025-06-16 16:48:42.779557+00:00,29.180072562502623
2025-06-16 16:48:45.095363+00:00,29.07435351854939
2025-06-16 16:48:45.605396+00:00,29.05057352657253
2025-06-16 16:48:48.981043+00:00,28.891839110205726
2025-06-16 16:48:50.534678+00:00,28.727219513894998
2025-06-16 16:48:50.950685+00:00,28.63278643639144
2025-06-16 16:48:52.548200+00:00,28.4089421595216
2025-06-16 16:48:52.998927+00:00,28.415118525985026
2025-06-16 16:48:54.429640+00:00,28.285559833207273
2025-06-16 16:48:56.065810+00:00,28.33768114071548
2025-06-16 16:48:58.404222+00:00,28.81960075562071
2025-06-16 16:48:59.120956+00:00,28.848537682679012
2025-06-16 16:48:59.253486+00:00,28.82445387610943
2025-06-16 16:48:59.761434+00:00,28.801537676915633
2025-06-16 16:49:03.090444+00:00,28.818870699645075
2025-06-16 16:49:07.157565+00:00,28.553584451445776
2025-06-16 16:49:10.490145+00:00,28.906126365975577
2025-06-16 16:49:12.654379+00:00,28.917732173733707
2025-06-16 16:49:13.449190+00:00,28.929483042370197
2025-06-16 16:49:15.781823+00:00,28.917587196190485
2025-06-16 16:49:16.537392+00:00,28.92962787484533
2025-06-16 16:49:18.619576+00:00,28.95871553067039
2025-06-16 16:49:19.457236+00:00,28.929193345075273
2025-06-16 16:49:20.101183+00:00,28.934344802416
2025-06-16 16:49:20.469763+00:00,28.922593013861082
2025-06-16 16:49:21.520409+00:00,28.917152198871136
2025-06-16 16:49:22.205516+00:00,28.928613821106726
2025-06-16 16:49:23.527092+00:00,28.893213366699086
2025-06-16 16:49:25.506662+00:00,28.840183443116644
2025-06-16 16:49:26.579538+00:00,28.82828512787357
2025-06-16 16:49:28.156699+00:00,28.86941827704793
2025-06-16 16:49:31.344414+00:00,28.875148856447108
2025-06-16 16:49:35.147460+00:00,28.839891558966823
2025-06-16 16:49:35.925886+00:00,28.83357719903235
2025-06-16 16:49:37.861079+00:00,28.83416132217551
2025-06-16 16:49:40.510804+00:00,28.84503823699979
2025-06-16 16:49:41.582695+00:00,28.85649972882808
2025-06-16 16:49:42.576365+00:00,28.904384441796942
2025-06-16 16:49:43.220571+00:00,28.892632015643954
2025-06-16 16:49:44.567431+00:00,28.892050492080784
2025-06-16 16:49:44.951916+00:00,28.86223064493852
2025-06-16 16:49:46.845641+00:00,28.833431141291474
2025-06-16 16:49:49.197324+00:00,28.83857754658328
2025-06-16 16:49:50.466663+00:00,28.84474633619545
2025-06-16 16:49:51.469909+00:00,28.832846802507536
2025-06-16 16:49:51.953411+00:00,28.83857754658328
2025-06-16 16:49:54.310317+00:00,28.879715255354892
2025-06-16 16:50:02.721812+00:00,28.803316261516947
2025-06-16 16:50:06.371853+00:00,28.785245472147235
2025-06-16 16:50:07.606632+00:00,28.797439345508014
2025-06-16 16:50:08.145986+00:00,28.856645550328324
2025-06-16 16:50:09.887971+00:00,28.820946949261675
2025-06-16 16:50:10.489762+00:00,28.803316261516947
2025-06-16 16:50:11.187436+00:00,28.809485917180215
2025-06-16 16:50:14.914549+00:00,28.838723591087305
2025-06-16 16:50:15.540720+00:00,28.838285425229152
2025-06-16 16:50:15.983414+00:00,28.838285425229152
2025-06-16 16:50:16.446419+00:00,28.861939082320703
2025-06-16 16:50:19.382415+00:00,28.879424074047787
2025-06-16 16:50:20.808109+00:00,28.873838469957132
2025-06-16 16:50:21.140062+00:00,28.850039375128972
2025-06-16 16:50:21.475152+00:00,28.879424074047787
2025-06-16 16:50:22.880108+00:00,28.879715255354892
2025-06-16 16:50:23.228853+00:00,28.82080069253359
2025-06-16 16:50:23.574689+00:00,28.738080780865268
2025-06-16 16:50:27.468071+00:00,28.838723591087305
2025-06-16 16:50:32.447819+00:00,28.762471462552767
2025-06-16 16:50:34.662967+00:00,28.786125397510446
2025-06-16 16:50:38.851279+00:00,28.87412974242785
2025-06-16 16:50:40.020878+00:00,28.903658181834057
2025-06-16 16:50:41.452568+00:00,28.762618358422017
2025-06-16 16:50:43.647502+00:00,28.85047713810648
2025-06-16 16:50:49.177842+00:00,28.909244270395288
2025-06-16 16:50:49.420168+00:00,28.903076979792946
2025-06-16 16:50:50.163630+00:00,28.908953782100014
2025-06-16 16:50:54.283747+00:00,28.721038523113616
2025-06-16 16:50:55.864497+00:00,28.715456364945734
2025-06-16 16:50:56.800653+00:00,28.791562419452063
2025-06-16 16:50:57.788041+00:00,28.85649972882808
2025-06-16 16:50:58.494257+00:00,28.856353896545894
2025-06-16 16:51:04.147860+00:00,28.51383758935859
2025-06-16 16:51:06.405517+00:00,28.51383758935859
2025-06-16 16:51:10.304921+00:00,28.266796903186435
2025-06-16 16:51:14.632261+00:00,28.425212711237343
2025-06-16 16:51:15.628135+00:00,28.307642158926573
2025-06-16 16:51:15.994176+00:00,28.44857571162303
2025-06-16 16:51:18.734031+00:00,28.677679758185032
2025-06-16 16:51:19.542571+00:00,28.701192194874782
2025-06-16 16:51:20.697773+00:00,28.724704470757416
2025-06-16 16:51:22.336372+00:00,28.73660789616959
2025-06-16 16:51:22.887419+00:00,28.73660789616959
2025-06-16 16:51:23.309799+00:00,28.748363799304354
2025-06-16 16:51:23.880947+00:00,28.74821658583293
2025-06-16 16:51:25.438480+00:00,28.748069361579017
2025-06-16 16:51:25.863314+00:00,28.730877333669238
2025-06-16 16:51:27.048819+00:00,28.748069361579017
2025-06-16 16:51:27.293510+00:00,28.742633122601923
2025-06-16 16:51:28.427992+00:00,28.77216934236405
2025-06-16 16:51:28.969929+00:00,28.760119662238257
2025-06-16 16:51:29.213027+00:00,28.765703543807515
2025-06-16 16:51:29.949371+00:00,28.76599757862988
2025-06-16 16:51:30.954958+00:00,28.771728540101332
2025-06-16 16:51:34.676349+00:00,28.778340784319617
2025-06-16 16:51:36.408435+00:00,28.784658639592685
2025-06-16 16:51:37.443137+00:00,28.737639028673133
2025-06-16 16:51:38.712789+00:00,28.61993857239889
2025-06-16 16:51:39.616237+00:00,28.702226223235247
2025-06-16 16:51:40.852995+00:00,28.75527145813257
2025-06-16 16:51:42.207275+00:00,28.77878122339789
2025-06-16 16:51:42.601748+00:00,28.79656003185051
2025-06-16 16:51:43.975789+00:00,28.82594652586811
2025-06-16 16:51:44.534243+00:00,28.773050655765484
2025-06-16 16:51:46.461961+00:00,28.784952077434546
2025-06-16 16:51:49.359982+00:00,28.808461104537514
2025-06-16 16:51:50.069217+00:00,28.82036185765662
2025-06-16 16:51:51.791314+00:00,28.291377714368377
2025-06-16 16:51:52.743238+00:00,28.026855122141637
2025-06-16 16:51:54.331476+00:00,28.473292017820132
2025-06-16 16:51:56.278026+00:00,28.667552576138696
2025-06-16 16:51:56.779062+00:00,28.714571540056596
2025-06-16 16:51:57.875212+00:00,28.76158986090708
2025-06-16 16:51:58.217691+00:00,28.767173286623258
2025-06-16 16:51:58.552079+00:00,28.726031421272904
2025-06-16 16:51:58.733783+00:00,28.65535316207725
2025-06-16 16:51:58.966553+00:00,28.602305248117016
2025-06-16 16:51:59.754713+00:00,28.643746213459462
2025-06-16 16:51:59.997581+00:00,28.667404530361996
2025-06-16 16:52:00.522227+00:00,28.625964875269528
2025-06-16 16:52:20.403181+00:00,28.748952545365153
2025-06-16 16:52:21.423258+00:00,28.772903797154484
2025-06-16 16:52:25.543214+00:00,28.767320201601674
2025-06-16 16:52:27.542450+00:00,28.7031121127333
2025-06-16 16:52:28.509257+00:00,28.74439951964461
2025-06-16 16:52:30.081179+00:00,28.797292820187344
2025-06-16 16:52:33.850200+00:00,28.80963227585764
2025-06-16 16:52:34.327168+00:00,28.815508970328626
2025-06-16 16:52:34.996993+00:00,28.832992903376596
2025-06-16 16:52:35.336420+00:00,28.791855572044092
2025-06-16 16:52:35.558743+00:00,28.751011797986887
2025-06-16 16:52:36.463176+00:00,28.715751220314548
2025-06-16 16:52:36.964741+00:00,28.78597877023894
2025-06-16 16:52:37.190978+00:00,28.81565525107597
2025-06-16 16:52:37.407856+00:00,28.809924960866024
2025-06-16 16:52:37.724755+00:00,28.82799295357189
2025-06-16 16:52:37.986627+00:00,28.83328507276856
2025-06-16 16:52:38.208664+00:00,28.839307661283165
2025-06-16 16:52:38.470350+00:00,28.80977862375291
2025-06-16 16:52:38.829329+00:00,28.727652063597347
2025-06-16 16:52:38.982876+00:00,28.72192268631051
2025-06-16 16:52:39.231223+00:00,28.72750478638972
2025-06-16 16:52:39.565314+00:00,28.762618358422017
2025-06-16 16:52:39.823983+00:00,28.786418619706655
2025-06-16 16:52:40.158597+00:00,28.821385654753275
2025-06-16 16:52:40.416364+00:00,28.850768926181633
2025-06-16 16:52:40.668045+00:00,28.832846802507536
2025-06-16 16:52:40.992805+00:00,28.83328507276856
2025-06-16 16:52:41.279072+00:00,28.821824263205954
2025-06-16 16:52:41.842056+00:00,28.839745600718917
2025-06-16 16:52:42.091002+00:00,28.85062303753504
2025-06-16 16:52:42.533431+00:00,28.82740847558379
2025-06-16 16:52:43.050219+00:00,28.83328507276856
2025-06-16 16:52:44.053446+00:00,28.827700736141974
2025-06-16 16:52:44.497223+00:00,28.780688671375856
2025-06-16 16:52:45.016261+00:00,28.816240266244122
2025-06-16 16:52:46.041144+00:00,28.85693716098301
2025-06-16 16:52:48.467888+00:00,28.909970302453946
2025-06-16 16:52:49.465908+00:00,28.82197044445932
2025-06-16 16:52:50.202626+00:00,28.88029748858713
2025-06-16 16:52:50.945220+00:00,28.87529440103679
2025-06-16 16:52:51.573048+00:00,28.910550934030702
2025-06-16 16:52:52.900445+00:00,28.822116614930597
2025-06-16 16:52:54.917777+00:00,28.428529702116602
2025-06-16 16:52:58.186884+00:00,28.83416132217551
2025-06-16 16:52:59.789215+00:00,28.840037506432733
2025-06-16 16:52:59.979477+00:00,28.85781173418088
2025-06-16 16:53:01.919337+00:00,28.940365455287143
2025-06-16 16:53:09.258188+00:00,28.964446515669145
2025-06-16 16:53:10.081756+00:00,28.95871553067039
2025-06-16 16:53:10.431675+00:00,28.976053164506443
2025-06-16 16:53:14.441186+00:00,29.05286473774897
2025-06-16 16:53:14.795534+00:00,29.05300816027122
2025-06-16 16:53:17.919121+00:00,29.047419955986843
2025-06-16 16:53:21.880049+00:00,28.965313061052
2025-06-16 16:53:22.365239+00:00,28.994544351223805
2025-06-16 16:53:22.800094+00:00,29.029938503510714
2025-06-16 16:53:23.091011+00:00,29.07091996367889
2025-06-16 16:53:23.385978+00:00,29.06504497681885
2025-06-16 16:53:23.904771+00:00,29.070776764132003
2025-06-16 16:53:25.106789+00:00,29.06504497681885
2025-06-16 16:53:25.499439+00:00,29.03008215146337
2025-06-16 16:53:26.077527+00:00,29.071206330430037
2025-06-16 16:53:26.937700+00:00,29.10645523506772
2025-06-16 16:53:27.971430+00:00,29.09441981069922
2025-06-16 16:53:28.716565+00:00,29.047706859841085
2025-06-16 16:53:29.126055+00:00,28.83605853097813
2025-06-16 16:53:29.283361+00:00,28.506725787879706
2025-06-16 16:53:29.594289+00:00,28.295638970194787
2025-06-16 16:53:29.820881+00:00,28.389354507894858
2025-06-16 16:53:31.039233+00:00,28.836204394642824
2025-06-16 16:53:34.471646+00:00,28.971476779411436
2025-06-16 16:53:35.300137+00:00,29.030225788634958
2025-06-16 16:53:35.641230+00:00,29.042118962097174
2025-06-16 16:53:36.360185+00:00,29.05358174255061
2025-06-16 16:53:38.793594+00:00,29.095562870582672
2025-06-16 16:53:41.374503+00:00,29.13038175917942
2025-06-16 16:53:49.889953+00:00,29.083957009588186
2025-06-16 16:54:24.363536+00:00,28.767166782323258
2025-06-16 16:55:57.525735+00:00,29.19153571519887
2025-06-16 16:55:57.813053+00:00,29.20901416399953
2025-06-16 16:55:57.967753+00:00,29.19139409552195
2025-06-16 16:55:59.171245+00:00,29.197550556027604
2025-06-16 16:55:59.916827+00:00,29.191110823827337
2025-06-16 16:56:00.259423+00:00,29.16761672160774
2025-06-16 16:56:01.420810+00:00,29.185379021698786
2025-06-16 16:56:02.522709+00:00,29.179505568295394
2025-06-16 16:56:03.205656+00:00,29.16775863137638
2025-06-16 16:56:04.014005+00:00,29.202999321684512
2025-06-16 16:56:04.480698+00:00,29.19139409552195
2025-06-16 16:56:04.821425+00:00,29.220478225754984
2025-06-16 16:56:05.270319+00:00,29.143980269701974
2025-06-16 16:56:05.804712+00:00,29.132090609663027
2025-06-16 16:56:07.297890+00:00,29.18509559417872
2025-06-16 16:56:08.180306+00:00,29.184953864248257
2025-06-16 16:56:12.340064+00:00,29.12048557773935
2025-06-16 16:56:12.984161+00:00,29.155727555456092
2025-06-16 16:56:13.475958+00:00,29.114611879654028
2025-06-16 16:56:16.613017+00:00,29.19698432428814
2025-06-16 16:56:17.538029+00:00,29.179363792792817
2025-06-16 16:56:17.921970+00:00,28.926648240930376
2025-06-16 16:56:18.405133+00:00,28.920484698553576
2025-06-16 16:56:19.227381+00:00,29.014613799537237
2025-06-16 16:56:19.672044+00:00,29.05573113981458
2025-06-16 16:56:20.102715+00:00,28.961892206144622
2025-06-16 16:56:20.790527+00:00,28.7501295868873
2025-06-16 16:56:21.835238+00:00,28.915044979714335
2025-06-16 16:56:23.511185+00:00,28.98509994627169
2025-06-16 16:56:25.085504+00:00,29.05000053821632
2025-06-16 16:56:27.055816+00:00,29.143980269701974
2025-06-16 16:56:28.887574+00:00,29.155727555456092
2025-06-16 16:56:29.312906+00:00,29.167332869729368
2025-06-16 16:56:29.721040+00:00,29.149853917597966
2025-06-16 16:56:36.487967+00:00,29.143980269701974
2025-06-16 16:56:38.986790+00:00,29.02048773540543
2025-06-16 16:56:39.378838+00:00,28.93839626948659
2025-06-16 16:56:40.783077+00:00,29.026792256676618
2025-06-16 16:56:41.068263+00:00,29.061748145182154
2025-06-16 16:56:41.292852+00:00,29.073209690232403
2025-06-16 16:56:43.120320+00:00,28.85057615800066
2025-06-16 16:56:44.351444+00:00,28.721198265017218
2025-06-16 16:56:44.928040+00:00,28.891548990418876
2025-06-16 16:56:46.913630+00:00,29.026505203830258
2025-06-16 16:56:47.431090+00:00,29.03810948278143
2025-06-16 16:56:47.788678+00:00,29.061461854869183
2025-06-16 16:56:48.160969+00:00,29.07335270650487
2025-06-16 16:56:48.529094+00:00,29.108310331167065
2025-06-16 16:56:48.857547+00:00,29.108595568856902
2025-06-16 16:56:49.062315+00:00,29.09670524049897
2025-06-16 16:56:51.386784+00:00,29.067478860979538
2025-06-16 16:56:51.788080+00:00,29.044126719676605
2025-06-16 16:56:57.245450+00:00,29.15586961027212
2025-06-16 16:56:58.536236+00:00,29.167900530364648
2025-06-16 16:57:00.538583+00:00,29.202857814711308
2025-06-16 16:57:07.005794+00:00,28.85057615800066
2025-06-16 16:57:07.444597+00:00,28.90931586130021
2025-06-16 16:57:08.153189+00:00,28.991693672722917
2025-06-16 16:57:09.243636+00:00,29.08567178762937
2025-06-16 16:57:09.594852+00:00,28.944703651700376
2025-06-16 16:57:10.111521+00:00,28.95645121717909
2025-06-16 16:57:10.931315+00:00,29.056303902743558
2025-06-16 16:57:11.332289+00:00,29.08567178762937
2025-06-16 16:57:11.586420+00:00,29.09168809545384
2025-06-16 16:57:11.850450+00:00,29.05057352657253
2025-06-16 16:57:12.085868+00:00,29.032809414165666
2025-06-16 16:57:12.753069+00:00,29.0681941163148
2025-06-16 16:57:12.979067+00:00,29.09770424818832
2025-06-16 16:57:13.230925+00:00,29.120770482203962
2025-06-16 16:57:13.706645+00:00,29.144548961355
2025-06-16 16:57:15.069025+00:00,29.156295710037682
2025-06-16 16:57:19.004016+00:00,29.20356524177536
2025-06-16 16:57:21.162272+00:00,29.068480142983066
2025-06-16 16:57:21.445298+00:00,29.097418871323427
2025-06-16 16:57:21.738182+00:00,29.139102178905578
2025-06-16 16:57:22.371968+00:00,29.151132627050938
2025-06-16 16:57:22.724068+00:00,29.168751697906742
2025-06-16 16:57:23.327871+00:00,29.180214284103673
2025-06-16 16:57:23.794654+00:00,29.197975116639903
2025-06-16 16:57:23.993432+00:00,29.20398956865152
2025-06-16 16:57:25.790444+00:00,29.156863692132628
2025-06-16 16:57:26.291973+00:00,29.150990591344584
2025-06-16 16:57:26.658433+00:00,29.08610023957255
2025-06-16 16:57:26.903253+00:00,29.003728602879978
2025-06-16 16:57:27.151793+00:00,28.962757666548725
2025-06-16 16:57:27.394119+00:00,28.986251831222646
2025-06-16 16:57:27.686981+00:00,28.980234290083967
2025-06-16 16:57:27.919473+00:00,28.974504768958674
2025-06-16 16:57:28.255177+00:00,28.99226921726317
2025-06-16 16:57:28.456942+00:00,28.99799885334064
2025-06-16 16:57:28.673039+00:00,29.003872349344896
2025-06-16 16:57:29.027006+00:00,29.01561931124392
2025-06-16 16:57:29.376270+00:00,29.033383078807795
2025-06-16 16:57:29.784152+00:00,29.06260675738025
2025-06-16 16:57:34.655977+00:00,29.2158767317488
2025-06-16 16:57:34.902724+00:00,29.21559414803103
2025-06-16 16:57:35.122639+00:00,29.20398956865152
2025-06-16 16:57:35.324641+00:00,29.21559414803103
2025-06-16 16:57:35.535382+00:00,29.23349527003033
2025-06-16 16:57:35.767391+00:00,29.22762243397207
2025-06-16 16:57:36.166455+00:00,29.233213089097827
2025-06-16 16:57:36.484706+00:00,29.22174958787822
2025-06-16 16:57:36.768594+00:00,29.22734011877827
2025-06-16 16:57:37.018966+00:00,29.215735445279975
2025-06-16 16:57:37.420531+00:00,29.162736782884632
2025-06-16 16:57:43.160526+00:00,29.251113717991633
2025-06-16 16:57:43.787755+00:00,29.198399580230323
2025-06-16 16:57:44.719096+00:00,29.25726811467975
2025-06-16 16:57:46.011406+00:00,29.022353821020616
2025-06-16 16:57:47.344569+00:00,29.23349527003033
2025-06-16 16:57:48.731717+00:00,29.20441379850608
2025-06-16 16:57:49.543330+00:00,29.23993206003625
2025-06-16 16:57:50.411487+00:00,29.22818693499892
2025-06-16 16:57:52.352272+00:00,29.210710471882376
2025-06-16 16:57:56.251670+00:00,29.052148355127272
2025-06-16 16:57:57.730754+00:00,29.08738501324239
2025-06-16 16:58:02.761219+00:00,29.245522781331463
2025-06-16 16:58:03.286582+00:00,29.286912158798938
2025-06-16 16:58:03.731597+00:00,29.286350342953586
2025-06-16 16:58:04.101442+00:00,29.298236140197528
2025-06-16 16:58:04.536188+00:00,29.26314076630121
2025-06-16 16:58:05.150988+00:00,29.298516779607535
2025-06-16 16:58:05.568060+00:00,29.281039681574935
2025-06-16 16:58:06.690386+00:00,29.274745445830263
2025-06-16 16:58:07.088239+00:00,29.245522781331463
2025-06-16 16:58:07.751672+00:00,29.286912158798938
2025-06-16 16:58:08.276815+00:00,29.263000038434523
2025-06-16 16:58:08.968308+00:00,29.1455437566998
2025-06-16 16:58:09.476283+00:00,29.1572895655096
2025-06-16 16:58:09.935799+00:00,29.198399580230323
2025-06-16 16:58:11.020561+00:00,29.245522781331463
2025-06-16 16:58:11.942376+00:00,28.816936462543566
2025-06-16 16:58:17.702156+00:00,29.186087401844055
2025-06-16 16:58:25.284115+00:00,29.16917713614311
2025-06-16 16:58:26.049841+00:00,29.02822687404699
2025-06-16 16:58:30.757841+00:00,29.104147996526542
2025-06-16 16:58:34.840030+00:00,29.192243651879828
2025-06-16 16:58:35.075755+00:00,29.145117480520497
2025-06-16 16:58:35.807805+00:00,29.151416666122373
2025-06-16 16:58:36.059789+00:00,29.186229045532297
2025-06-16 16:58:36.291882+00:00,29.2158767317488
2025-06-16 16:58:36.577774+00:00,29.209862511983655
2025-06-16 16:58:36.970807+00:00,29.250691034594677
2025-06-16 16:58:37.580471+00:00,29.2685913933355
2025-06-16 16:58:38.275781+00:00,29.286490813084598
2025-06-16 16:58:39.319628+00:00,29.28620986204279
2025-06-16 16:58:54.100460+00:00,29.22705776046419
2025-06-16 16:58:59.215727+00:00,29.22146713842267
2025-06-16 16:58:59.500246+00:00,29.256704870015703
2025-06-16 16:58:59.809051+00:00,29.23880395958964
2025-06-16 16:59:00.194243+00:00,29.256564031899863
2025-06-16 16:59:01.309077+00:00,29.22762243397207
2025-06-16 16:59:03.107029+00:00,29.20398956865152
2025-06-16 16:59:04.129441+00:00,29.2158767317488
2025-06-16 16:59:04.442902+00:00,29.145117480520497
2025-06-16 16:59:05.001515+00:00,29.121624936863796
2025-06-16 16:59:07.076580+00:00,29.251113717991633
2025-06-16 16:59:07.442198+00:00,29.262859299787937
2025-06-16 16:59:07.918485+00:00,29.256845697351604
2025-06-16 16:59:08.268251+00:00,29.262859299787937
2025-06-16 16:59:08.861780+00:00,29.280196490356975
2025-06-16 16:59:10.304308+00:00,29.239227078107184
2025-06-16 16:59:14.025840+00:00,29.145117480520497
2025-06-16 16:59:14.829693+00:00,29.05114634243411
2025-06-16 16:59:15.257854+00:00,29.098132232630498
2025-06-16 16:59:25.033562+00:00,29.051003154640075
2025-06-16 16:59:25.342203+00:00,29.08051259907713
2025-06-16 16:59:25.569185+00:00,29.10400542374288
2025-06-16 16:59:25.967074+00:00,29.115466866491797
2025-06-16 16:59:26.825107+00:00,29.145259583360723
2025-06-16 16:59:27.482233+00:00,29.074496448575392
2025-06-16 16:59:27.859187+00:00,29.10400542374288
2025-06-16 16:59:28.126803+00:00,29.051289519447238
2025-06-16 16:59:28.642272+00:00,29.074782276285017
2025-06-16 16:59:29.043706+00:00,29.03939976952464
2025-06-16 16:59:29.745492+00:00,29.098417501688544
2025-06-16 16:59:31.792097+00:00,29.039543080813498
2025-06-16 16:59:32.890442+00:00,28.798586178113677
2025-06-16 16:59:34.502358+00:00,28.99799885334064
2025-06-16 16:59:35.045025+00:00,29.074782276285017
2025-06-16 16:59:35.824048+00:00,29.11002111046742
2025-06-16 16:59:36.724476+00:00,28.9805223093526
2025-06-16 16:59:38.839360+00:00,28.939841173531654
2025-06-16 16:59:39.256710+00:00,28.945281344750505
2025-06-16 16:59:39.608018+00:00,28.64571855792028
2025-06-16 16:59:39.775048+00:00,28.463768520378093
2025-06-16 16:59:40.777057+00:00,28.804459881063956
2025-06-16 16:59:41.909492+00:00,29.027796602036524
2025-06-16 16:59:42.443651+00:00,28.93998560463828
2025-06-16 16:59:49.999554+00:00,29.11002111046742
2025-06-16 16:59:52.325022+00:00,29.004016085028677
2025-06-16 16:59:53.226882+00:00,28.846157563897282
2025-06-16 16:59:53.534340+00:00,28.898727597923624
2025-06-16 16:59:55.150839+00:00,28.875379075046457
2025-06-16 16:59:55.366697+00:00,28.816353119557853
2025-06-16 17:00:02.882578+00:00,29.086528594489053
2025-06-16 17:00:03.464061+00:00,29.12190966883915
2025-06-16 17:00:03.841038+00:00,29.145685827198665
2025-06-16 17:00:04.448405+00:00,29.163020574982898
2025-06-16 17:00:05.291381+00:00,29.086671357899757
2025-06-16 17:00:05.765252+00:00,29.039543080813498
2025-06-16 17:00:06.202416+00:00,29.08079827095199
2025-06-16 17:00:07.007371+00:00,29.1572895655096
2025-06-16 17:00:13.041823+00:00,29.2160180074375
2025-06-16 17:00:13.746702+00:00,29.216300526474566
2025-06-16 17:00:16.985688+00:00,29.204555186897267
2025-06-16 17:00:41.699734+00:00,29.28719300204295
2025-06-16 17:00:42.049573+00:00,29.2578311868651
2025-06-16 17:00:42.398512+00:00,29.24580460750292
2025-06-16 17:00:42.890304+00:00,29.251677144934916
2025-06-16 17:00:46.086949+00:00,29.2519587937269
2025-06-16 17:01:09.097789+00:00,29.23993206003625
2025-06-16 17:01:11.681580+00:00,29.12792496821997
2025-06-16 17:01:12.291310+00:00,28.916492461645266
2025-06-16 17:01:12.982171+00:00,28.92780532469525
2025-06-16 17:01:14.620444+00:00,28.851594603193746
2025-06-16 17:01:16.773487+00:00,29.051432685679476
2025-06-16 17:01:17.127203+00:00,29.051432685679476
2025-06-16 17:01:18.291854+00:00,29.08638582029762
2025-06-16 17:01:18.796415+00:00,29.11575177585953
2025-06-16 17:01:19.142135+00:00,29.127498087832027
2025-06-16 17:01:19.606670+00:00,29.13938652963469
2025-06-16 17:01:19.908726+00:00,29.1455437566998
2025-06-16 17:01:20.136198+00:00,29.115894214372492
2025-06-16 17:01:20.443753+00:00,29.127498087832027
2025-06-16 17:01:21.273285+00:00,29.157005660705348
2025-06-16 17:01:21.865160+00:00,29.168751697906742
2025-06-16 17:01:22.157892+00:00,29.139244359660378
2025-06-16 17:01:22.773162+00:00,29.12205201865599
2025-06-16 17:01:23.736432+00:00,28.969207712184275
2025-06-16 17:01:24.022958+00:00,28.95144351149484
2025-06-16 17:01:24.189759+00:00,28.957172635122177
2025-06-16 17:01:24.679219+00:00,28.968775361296963
2025-06-16 17:01:24.940252+00:00,28.986827514948892
2025-06-16 17:01:25.197551+00:00,28.980666302815056
2025-06-16 17:01:25.463473+00:00,29.004159809931334
2025-06-16 17:01:25.901977+00:00,29.02794003682102
2025-06-16 17:01:26.219447+00:00,29.033813214089
2025-06-16 17:01:26.539656+00:00,29.057162723710395
2025-06-16 17:01:27.281915+00:00,29.068766126528033
2025-06-16 17:01:27.724361+00:00,29.116321465227855
2025-06-16 17:01:28.048861+00:00,29.15714761849767
2025-06-16 17:01:28.513896+00:00,29.15127465197687
2025-06-16 17:01:29.067984+00:00,29.15714761849767
2025-06-16 17:01:30.181988+00:00,29.157005660705348
2025-06-16 17:01:30.797549+00:00,29.180639384225085
2025-06-16 17:01:31.186548+00:00,29.15127465197687
2025-06-16 17:01:31.567994+00:00,29.12806724012155
2025-06-16 17:01:31.906114+00:00,29.133371228764222
2025-06-16 17:01:32.263595+00:00,29.104147996526542
2025-06-16 17:01:32.588287+00:00,29.098417501688544
2025-06-16 17:01:32.943720+00:00,29.110163605335007
2025-06-16 17:01:33.532699+00:00,29.157431501741133
2025-06-16 17:01:33.792398+00:00,29.168893521432537
2025-06-16 17:01:33.984130+00:00,29.210003865583797
2025-06-16 17:01:34.268395+00:00,29.210003865583797
2025-06-16 17:01:34.585676+00:00,29.22189079643586
2025-06-16 17:01:34.828025+00:00,29.22734011877827
2025-06-16 17:01:35.143612+00:00,29.180639384225085
2025-06-16 17:01:35.372244+00:00,29.157005660705348
2025-06-16 17:01:35.589689+00:00,29.150990591344584
2025-06-16 17:01:35.831185+00:00,29.168609863600608
2025-06-16 17:01:36.032128+00:00,29.162736782884632
2025-06-16 17:01:36.264937+00:00,29.168751697906742
2025-06-16 17:01:36.490296+00:00,29.151132627050938
2025-06-16 17:01:36.700089+00:00,29.156863692132628
2025-06-16 17:01:36.824334+00:00,29.180355994924437
2025-06-16 17:01:37.080133+00:00,29.168468018514123
2025-06-16 17:01:37.267151+00:00,29.180072562502623
2025-06-16 17:01:37.498207+00:00,29.162594870664943
2025-06-16 17:01:37.710579+00:00,29.19196050954817
2025-06-16 17:01:37.994297+00:00,29.192102086104118
2025-06-16 17:01:38.278582+00:00,29.162736782884632
2025-06-16 17:01:38.671533+00:00,29.180639384225085
2025-06-16 17:01:38.947270+00:00,29.180497694964902
2025-06-16 17:01:39.181836+00:00,29.192102086104118
2025-06-16 17:01:39.482034+00:00,29.19769208701192
2025-06-16 17:01:39.698111+00:00,29.168893521432537
2025-06-16 17:01:40.061479+00:00,29.162736782884632
2025-06-16 17:01:40.301482+00:00,29.145117480520497
2025-06-16 17:01:40.574770+00:00,29.145401675420487
2025-06-16 17:01:41.120717+00:00,29.192102086104118
2025-06-16 17:01:41.380369+00:00,29.180355994924437
2025-06-16 17:01:41.815126+00:00,29.192385206875308
2025-06-16 17:01:42.022090+00:00,29.22762243397207
2025-06-16 17:01:42.241894+00:00,29.22734011877827
2025-06-16 17:01:42.501192+00:00,29.22705776046419
2025-06-16 17:01:42.827094+00:00,29.209579772442915
2025-06-16 17:01:43.031877+00:00,29.22734011877827
2025-06-16 17:01:43.286714+00:00,29.227198945011263
2025-06-16 17:01:43.635967+00:00,29.215452840001962
2025-06-16 17:01:44.005020+00:00,29.22146713842267
2025-06-16 17:01:44.471572+00:00,29.23363634432652
2025-06-16 17:01:44.721223+00:00,29.23349527003033
2025-06-16 17:01:45.052100+00:00,29.244818027253224
2025-06-16 17:01:45.466671+00:00,29.23349527003033
2025-06-16 17:01:45.828995+00:00,29.227763575398864
2025-06-16 17:01:46.192293+00:00,29.22734011877827
2025-06-16 17:01:46.854641+00:00,29.22174958787822
2025-06-16 17:01:47.279565+00:00,29.227198945011263
2025-06-16 17:01:47.745830+00:00,29.20384813713965
2025-06-16 17:01:48.271730+00:00,29.2160180074375
2025-06-16 17:01:48.746649+00:00,29.227763575398864
2025-06-16 17:01:48.998068+00:00,29.12778268553786
2025-06-16 17:01:49.232885+00:00,29.02794003682102
2025-06-16 17:01:49.438046+00:00,29.033813214089
2025-06-16 17:01:49.647653+00:00,29.045273060997392
2025-06-16 17:01:49.864160+00:00,29.062892875199427
2025-06-16 17:01:50.253783+00:00,29.08638582029762
2025-06-16 17:01:50.502812+00:00,29.12190966883915
2025-06-16 17:01:50.639909+00:00,29.168751697906742
2025-06-16 17:01:50.940010+00:00,29.151132627050938
2025-06-16 17:01:51.062763+00:00,29.186512300567987
2025-06-16 17:01:51.223736+00:00,29.168751697906742
2025-06-16 17:01:51.447734+00:00,29.197975116639903
2025-06-16 17:01:51.679685+00:00,29.20384813713965
2025-06-16 17:01:52.032942+00:00,29.198258103147054
2025-06-16 17:01:52.306865+00:00,29.204130989383213
2025-06-16 17:01:52.568363+00:00,29.2333541849541
2025-06-16 17:01:52.778940+00:00,29.22174958787822
2025-06-16 17:01:52.990998+00:00,29.23936809605301
2025-06-16 17:01:53.612740+00:00,29.23363634432652
2025-06-16 17:01:53.712755+00:00,29.192385206875308
2025-06-16 17:01:53.956350+00:00,29.145259583360723
2025-06-16 17:01:54.080993+00:00,29.133513465872856
2025-06-16 17:01:54.364771+00:00,29.139244359660378
2025-06-16 17:01:55.025067+00:00,29.18078106270498
2025-06-16 17:01:55.334031+00:00,29.204130989383213
2025-06-16 17:01:55.842947+00:00,29.198258103147054
2025-06-16 17:01:56.071930+00:00,29.210145208403794
2025-06-16 17:01:56.370115+00:00,29.198116615283578
2025-06-16 17:01:56.596853+00:00,29.20972114760336
2025-06-16 17:01:56.879756+00:00,29.20356524177536
2025-06-16 17:01:57.147984+00:00,29.227198945011263
2025-06-16 17:01:57.354683+00:00,29.23293086504516
2025-06-16 17:01:57.580563+00:00,29.2389450098755
2025-06-16 17:01:57.741182+00:00,29.180355994924437
2025-06-16 17:01:57.932009+00:00,29.127498087832027
2025-06-16 17:01:58.330958+00:00,29.033239678818752
2025-06-16 17:01:58.572668+00:00,29.004016085028677
2025-06-16 17:01:58.784072+00:00,29.033813214089
2025-06-16 17:01:59.077239+00:00,29.038969770972297
2025-06-16 17:01:59.330941+00:00,29.092401738537358
2025-06-16 17:01:59.604395+00:00,29.11002111046742
2025-06-16 17:01:59.830579+00:00,29.104433109751938
2025-06-16 17:02:00.173145+00:00,29.03939976952464
2025-06-16 17:02:00.738573+00:00,28.933678806852708
2025-06-16 17:02:01.192885+00:00,28.9985739999474
2025-06-16 17:02:01.732729+00:00,29.004447227393285
2025-06-16 17:02:02.153915+00:00,29.027796602036524
2025-06-16 17:02:02.613799+00:00,28.963334424524913
2025-06-16 17:02:03.038716+00:00,28.839265040968957
2025-06-16 17:02:03.430899+00:00,28.8454299829546
2025-06-16 17:02:03.805173+00:00,28.916058330272215
2025-06-16 17:02:04.115403+00:00,28.986539694648183
2025-06-16 17:02:04.432538+00:00,29.01576291264912
2025-06-16 17:02:04.888330+00:00,28.974648840342915
2025-06-16 17:02:05.174736+00:00,29.004159809931334
2025-06-16 17:02:05.470843+00:00,29.03352646801585
2025-06-16 17:02:06.077009+00:00,29.068623140145963
2025-06-16 17:02:06.655003+00:00,29.08638582029762
2025-06-16 17:02:07.104692+00:00,29.092259031482076
2025-06-16 17:02:07.606198+00:00,29.098132232630498
2025-06-16 17:02:07.960912+00:00,28.904456151230494
2025-06-16 17:02:10.254485+00:00,29.063178949895217
2025-06-16 17:02:11.312545+00:00,29.086671357899757
2025-06-16 17:02:12.051689+00:00,29.145401675420487
2025-06-16 17:02:12.402257+00:00,29.168751697906742
2025-06-16 17:02:12.645985+00:00,29.16903533417799
2025-06-16 17:02:12.903743+00:00,29.168893521432537
2025-06-16 17:02:13.161578+00:00,29.157005660705348
2025-06-16 17:02:13.605485+00:00,29.151416666122373
2025-06-16 17:02:14.072083+00:00,29.145401675420487
2025-06-16 17:02:14.382097+00:00,29.145401675420487
2025-06-16 17:02:14.591000+00:00,29.139244359660378
2025-06-16 17:02:15.571554+00:00,29.1572895655096
2025-06-16 17:02:16.030435+00:00,29.163162454861467
2025-06-16 17:02:20.555234+00:00,29.251254590897375
2025-06-16 17:02:22.546484+00:00,29.228045825912293
2025-06-16 17:02:23.189577+00:00,29.245522781331463
2025-06-16 17:02:23.822628+00:00,29.26328148338801
2025-06-16 17:02:25.912339+00:00,29.251677144934916
2025-06-16 17:02:26.413502+00:00,29.233918460578813
2025-06-16 17:02:27.456960+00:00,29.245522781331463
2025-06-16 17:02:28.839991+00:00,29.251395453023164
2025-06-16 17:02:31.279512+00:00,29.26901340788755
2025-06-16 17:02:32.403698+00:00,29.210286540443647
2025-06-16 17:02:33.036988+00:00,29.23936809605301
2025-06-16 17:02:33.787573+00:00,29.08695685237897
2025-06-16 17:02:34.362415+00:00,29.06332197107185
2025-06-16 17:02:35.659568+00:00,28.9985739999474
2025-06-16 17:02:41.942275+00:00,28.945281344750505
2025-06-16 17:02:42.452691+00:00,28.99226921726317
2025-06-16 17:02:43.129052+00:00,29.051003154640075
2025-06-16 17:02:43.670669+00:00,29.062463682299384
2025-06-16 17:02:44.073107+00:00,29.09784692044973
2025-06-16 17:02:44.424046+00:00,29.109593561180933
2025-06-16 17:02:47.263398+00:00,29.05644706652357
2025-06-16 17:02:48.679225+00:00,29.061748145182154
2025-06-16 17:02:49.594467+00:00,29.109451023190847
2025-06-16 17:02:51.145367+00:00,28.99198146655542
2025-06-16 17:02:54.834347+00:00,29.13308672220541
2025-06-16 17:02:56.531700+00:00,29.132802172524517
2025-06-16 17:02:58.362367+00:00,29.044986540352838
2025-06-16 17:03:04.410893+00:00,29.074210577742587
2025-06-16 17:03:24.877903+00:00,29.21502885123397
2025-06-16 17:03:25.320412+00:00,29.19153571519887
2025-06-16 17:03:26.953879+00:00,29.2389450098755
2025-06-16 17:03:27.318331+00:00,29.22734011877827
2025-06-16 17:03:33.512090+00:00,29.0681941163148
2025-06-16 17:03:38.446221+00:00,28.97421659384637
2025-06-16 17:03:39.723059+00:00,28.82722578873354
2025-06-16 17:03:41.642646+00:00,28.357576486894114
2025-06-16 17:04:02.710877+00:00,29.037679193142726
2025-06-16 17:04:05.056252+00:00,29.04942737736527
2025-06-16 17:04:32.335312+00:00,28.87305506633127
2025-06-16 17:04:42.161285+00:00,29.055587922130087
2025-06-16 17:04:47.265451+00:00,28.8153318542253
2025-06-16 17:04:48.429409+00:00,28.856450173498956
2025-06-16 17:04:50.734517+00:00,28.96232498486268
2025-06-16 17:04:51.584667+00:00,29.06790804652321
2025-06-16 17:04:52.328362+00:00,29.103435024801648
2025-06-16 17:04:54.859685+00:00,29.10916591486877
2025-06-16 17:04:56.674289+00:00,29.144264637089446
2025-06-16 17:04:58.847431+00:00,29.11518191400165
2025-06-16 17:04:59.373100+00:00,28.968198742509088
2025-06-16 17:05:03.518965+00:00,28.615310854000697
2025-06-16 17:05:07.382026+00:00,29.032809414165666
2025-06-16 17:05:14.616714+00:00,28.956595522330417
2025-06-16 17:05:20.238035+00:00,29.139102178905578
2025-06-16 17:05:20.939725+00:00,29.144691107317072
2025-06-16 17:05:23.492542+00:00,29.015906503273253
2025-06-16 17:05:24.207492+00:00,28.833828245274802
2025-06-16 17:05:24.684533+00:00,28.980810285496275
2025-06-16 17:05:26.535848+00:00,28.828246038539444
2025-06-16 17:05:29.957886+00:00,28.90431129570503
2025-06-16 17:05:33.350331+00:00,29.091973585029386
2025-06-16 17:05:36.367501+00:00,29.003872349344896
2025-06-16 17:05:39.002252+00:00,29.121624936863796
2025-06-16 17:05:39.664154+00:00,29.145117480520497
2025-06-16 17:05:44.761082+00:00,29.133513465872856
2025-06-16 17:06:00.048804+00:00,29.133371228764222
2025-06-16 17:06:06.010487+00:00,29.180072562502623
2025-06-16 17:06:07.465368+00:00,29.074782276285017
2025-06-16 17:06:08.108834+00:00,29.11575177585953
2025-06-16 17:06:09.090045+00:00,29.145259583360723
2025-06-16 17:06:13.576207+00:00,29.192243651879828
2025-06-16 17:06:16.306914+00:00,29.086671357899757
2025-06-16 17:06:17.019972+00:00,29.133797907748598
2025-06-16 17:06:18.678732+00:00,29.051862119690817
2025-06-16 17:06:19.032786+00:00,29.01633721045924
2025-06-16 17:06:19.287929+00:00,28.998286448206322
2025-06-16 17:06:22.815096+00:00,29.02221034065955
2025-06-16 17:06:23.208538+00:00,29.028083460824504
2025-06-16 17:06:23.501171+00:00,29.074925173968648
2025-06-16 17:06:24.429006+00:00,29.127498087832027
2025-06-16 17:06:25.866725+00:00,29.1572895655096
2025-06-16 17:06:26.109092+00:00,29.163162454861467
2025-06-16 17:06:26.400748+00:00,29.16903533417799
2025-06-16 17:06:26.818523+00:00,29.204272399334734
2025-06-16 17:06:27.303386+00:00,29.18078106270498
2025-06-16 17:06:27.608977+00:00,29.198116615283578
2025-06-16 17:06:28.349369+00:00,29.210003865583797
2025-06-16 17:06:28.648351+00:00,29.22189079643586
2025-06-16 17:06:29.025977+00:00,29.216441769822932
2025-06-16 17:06:32.076128+00:00,29.075210936993557
2025-06-16 17:06:34.134221+00:00,29.19266828452558
2025-06-16 17:06:36.461137+00:00,29.20441379850608
2025-06-16 17:06:40.749477+00:00,29.251113717991633
2025-06-16 17:06:41.132203+00:00,29.257127319683622
2025-06-16 17:06:41.513841+00:00,29.257127319683622
2025-06-16 17:06:44.128385+00:00,29.22762243397207
2025-06-16 17:06:44.963736+00:00,29.063178949895217
2025-06-16 17:06:45.377224+00:00,29.068909102129286
2025-06-16 17:06:46.290057+00:00,29.12778268553786
2025-06-16 17:06:49.090677+00:00,29.151132627050938
2025-06-16 17:06:53.126256+00:00,29.20398956865152
2025-06-16 17:06:56.091994+00:00,29.03366984644292
2025-06-16 17:06:56.467666+00:00,28.945570126587125
2025-06-16 17:06:58.977841+00:00,29.18078106270498
2025-06-16 17:06:59.244831+00:00,29.180355994924437
2025-06-16 17:07:01.688729+00:00,29.186512300567987
2025-06-16 17:07:02.463457+00:00,29.204272399334734
2025-06-16 17:07:03.147355+00:00,29.198258103147054
2025-06-16 17:07:03.504344+00:00,29.192102086104118
2025-06-16 17:07:04.447449+00:00,29.186087401844055
2025-06-16 17:07:04.763735+00:00,29.168751697906742
2025-06-16 17:07:05.538906+00:00,29.180922730404593
2025-06-16 17:07:06.980060+00:00,29.210427861703362
2025-06-16 17:07:08.533881+00:00,29.222031994213413
2025-06-16 17:07:09.639516+00:00,29.07549665689536
2025-06-16 17:07:11.564852+00:00,29.0342432523414
2025-06-16 17:07:12.858565+00:00,29.116321465227855
2025-06-16 17:07:15.238542+00:00,29.06360798108262
2025-06-16 17:07:18.909238+00:00,28.969495892202726
2025-06-16 17:07:19.225069+00:00,29.09884532442057
2025-06-16 17:07:19.679028+00:00,29.15184264387639
2025-06-16 17:07:20.597756+00:00,29.11087591796372
2025-06-16 17:07:24.651193+00:00,28.887270831720112
2025-06-16 17:07:25.669018+00:00,29.116321465227855
2025-06-16 17:07:25.937891+00:00,29.145827886917093
2025-06-16 17:07:26.464530+00:00,29.18078106270498
2025-06-16 17:07:27.375060+00:00,29.204555186897267
2025-06-16 17:07:27.709816+00:00,29.216300526474566
2025-06-16 17:07:28.235420+00:00,29.204272399334734
2025-06-16 17:07:28.586579+00:00,29.210286540443647
2025-06-16 17:07:28.861285+00:00,29.20441379850608
2025-06-16 17:07:29.086961+00:00,29.227904706045607
2025-06-16 17:07:29.404874+00:00,29.23936809605301
2025-06-16 17:07:30.147296+00:00,29.245663699807178
2025-06-16 17:07:30.860224+00:00,29.24580460750292
2025-06-16 17:07:31.378019+00:00,29.274745445830263
2025-06-16 17:07:32.554519+00:00,29.233777407842684
2025-06-16 17:07:33.943382+00:00,29.25726811467975
2025-06-16 17:07:34.450171+00:00,29.26328148338801
2025-06-16 17:07:34.685756+00:00,29.25740889889596
2025-06-16 17:07:35.321805+00:00,29.274745445830263
2025-06-16 17:07:35.583586+00:00,29.26328148338801
2025-06-16 17:07:35.917395+00:00,29.25153630436902
2025-06-16 17:07:36.907890+00:00,29.22189079643586
2025-06-16 17:07:37.674128+00:00,29.198399580230323
2025-06-16 17:07:37.987589+00:00,29.18078106270498
2025-06-16 17:07:38.323863+00:00,29.198399580230323
2025-06-16 17:07:38.525296+00:00,29.2158767317488
2025-06-16 17:07:39.025143+00:00,29.239650099604635
2025-06-16 17:07:40.483835+00:00,29.256986513907574
2025-06-16 17:07:40.877802+00:00,29.204130989383213
2025-06-16 17:07:41.289443+00:00,29.192526751090558
2025-06-16 17:07:43.432745+00:00,29.227763575398864
2025-06-16 17:07:43.800021+00:00,29.216300526474566
2025-06-16 17:07:44.466218+00:00,29.08695685237897
2025-06-16 17:07:46.786989+00:00,28.757763034031736
2025-06-16 17:07:50.973739+00:00,28.974504768958674
2025-06-16 17:07:51.192913+00:00,29.004159809931334
2025-06-16 17:07:52.007870+00:00,29.08638582029762
2025-06-16 17:07:58.135867+00:00,29.156295710037682
2025-06-16 17:07:58.350236+00:00,29.150564419542913
2025-06-16 17:07:58.511197+00:00,29.132802172524517
2025-06-16 17:07:59.256030+00:00,29.150706487590572
2025-06-16 17:07:59.631444+00:00,29.150706487590572
2025-06-16 17:07:59.915153+00:00,29.16216906932359
2025-06-16 17:08:01.329197+00:00,29.103435024801648
2025-06-16 17:08:01.636598+00:00,29.091973585029386
2025-06-16 17:08:04.612803+00:00,28.968198742509088
2025-06-16 17:08:06.164718+00:00,28.99756738018342
2025-06-16 17:08:06.765734+00:00,28.991837575029763
2025-06-16 17:08:07.529530+00:00,29.0681941163148
2025-06-16 17:08:08.775956+00:00,28.75115632453057
2025-06-16 17:08:09.364782+00:00,28.92780532469525
2025-06-16 17:08:10.115805+00:00,29.021492777138693
2025-06-16 17:08:11.420319+00:00,29.109451023190847
2025-06-16 17:08:12.131537+00:00,29.13322898087507
2025-06-16 17:08:12.350113+00:00,29.13308672220541
2025-06-16 17:08:12.575446+00:00,29.121197758046478
2025-06-16 17:08:13.182711+00:00,28.99799885334064
2025-06-16 17:08:13.583149+00:00,29.044843263859153
2025-06-16 17:08:14.251060+00:00,29.0859574330389
2025-06-16 17:08:14.735351+00:00,29.09770424818832
2025-06-16 17:08:14.911178+00:00,29.11560932656596
2025-06-16 17:08:15.323149+00:00,29.115324395637025
2025-06-16 17:08:16.357690+00:00,29.13308672220541
2025-06-16 17:08:16.873132+00:00,29.156579722645972
2025-06-16 17:08:17.620597+00:00,29.132944452755222
2025-06-16 17:08:18.410261+00:00,29.13867557195823
2025-06-16 17:08:19.733287+00:00,29.15643772173203
2025-06-16 17:08:19.850651+00:00,29.150422340714815
2025-06-16 17:08:20.098087+00:00,29.126501656274403
2025-06-16 17:08:20.410370+00:00,29.126501656274403
2025-06-16 17:08:20.899321+00:00,29.11489691838907
2025-06-16 17:08:21.307256+00:00,29.138533348081463
2025-06-16 17:08:21.988101+00:00,29.097133451335754
2025-06-16 17:08:22.238172+00:00,29.12105534354622
2025-06-16 17:08:22.473145+00:00,29.10930847442013
2025-06-16 17:08:22.748947+00:00,29.10902334453677
2025-06-16 17:08:23.025811+00:00,29.114611879654028
2025-06-16 17:08:23.577055+00:00,28.885820100429296
2025-06-16 17:08:23.756304+00:00,28.797709566832605
2025-06-16 17:08:24.093495+00:00,28.7861075881816
2025-06-16 17:08:24.465368+00:00,28.779648133571854
2025-06-16 17:08:24.670586+00:00,28.82707999563339
2025-06-16 17:08:24.887178+00:00,28.891839110205726
2025-06-16 17:08:25.455873+00:00,28.87392689305209
2025-06-16 17:08:26.397845+00:00,28.938829853905247
2025-06-16 17:08:26.909011+00:00,29.009027330874158
2025-06-16 17:08:27.124471+00:00,29.02091853226318
2025-06-16 17:08:27.353373+00:00,28.96791036842732
2025-06-16 17:08:27.536546+00:00,28.944270268707896
2025-06-16 17:08:27.863322+00:00,28.96160363309254
2025-06-16 17:08:28.456899+00:00,28.973640114246443
2025-06-16 17:08:29.089467+00:00,28.727072568489035
2025-06-16 17:08:29.358338+00:00,28.656580264343223
2025-06-16 17:08:29.843046+00:00,28.474168756694013
2025-06-16 17:08:30.249236+00:00,28.544815455399743
2025-06-16 17:08:30.862141+00:00,28.656580264343223
2025-06-16 17:08:31.336774+00:00,28.797709566832605
2025-06-16 17:08:31.754415+00:00,28.885674968000917
2025-06-16 17:08:32.196733+00:00,28.921063681511207
2025-06-16 17:08:32.781012+00:00,28.991837575029763
2025-06-16 17:08:33.620312+00:00,29.056017542840863
2025-06-16 17:08:34.048996+00:00,29.097133451335754
2025-06-16 17:08:34.288430+00:00,29.091402562755416
2025-06-16 17:08:34.512494+00:00,29.10902334453677
2025-06-16 17:08:35.014095+00:00,29.09756156514622
2025-06-16 17:08:35.314673+00:00,29.138533348081463
2025-06-16 17:08:36.399775+00:00,29.132659881513284
2025-06-16 17:08:36.909139+00:00,29.132659881513284
2025-06-16 17:08:37.111368+00:00,29.10916591486877
2025-06-16 17:08:37.337848+00:00,29.12105534354622
2025-06-16 17:08:37.556685+00:00,29.11489691838907
2025-06-16 17:08:37.907642+00:00,29.12105534354622
2025-06-16 17:08:38.281729+00:00,29.10916591486877
2025-06-16 17:08:39.116154+00:00,29.068337135039346
2025-06-16 17:08:39.425328+00:00,29.09756156514622
2025-06-16 17:08:39.706479+00:00,29.097276166719944
2025-06-16 17:08:39.965775+00:00,29.10902334453677
2025-06-16 17:08:40.219363+00:00,29.12664403598145
2025-06-16 17:08:40.554354+00:00,29.10916591486877
2025-06-16 17:08:40.831273+00:00,29.103577640707943
2025-06-16 17:08:41.090255+00:00,29.11503942158567
2025-06-16 17:08:41.382397+00:00,29.126928763053844
2025-06-16 17:08:41.781453+00:00,29.097418871323427
2025-06-16 17:08:42.375890+00:00,29.12091291826539
2025-06-16 17:08:42.776753+00:00,29.11518191400165
2025-06-16 17:08:43.665409+00:00,29.138391113424188
2025-06-16 17:08:44.552095+00:00,29.185804082126772
2025-06-16 17:08:45.123233+00:00,29.144548961355
2025-06-16 17:08:45.683690+00:00,29.16216906932359
2025-06-16 17:08:48.349335+00:00,28.7922740065634
2025-06-16 17:08:49.705977+00:00,28.41044803989269
2025-06-16 17:08:50.356914+00:00,28.216428948353826
2025-06-16 17:08:50.590776+00:00,28.298677547765813
2025-06-16 17:08:50.751737+00:00,28.38062239693206
2025-06-16 17:08:51.021132+00:00,28.451119556355202
2025-06-16 17:08:51.277902+00:00,28.44494449971437
2025-06-16 17:08:51.613456+00:00,28.515740682760853
2025-06-16 17:08:51.862265+00:00,28.580360594640016
2025-06-16 17:08:52.648829+00:00,28.80358367266758
2025-06-16 17:08:52.982599+00:00,28.81547778161889
2025-06-16 17:08:53.264313+00:00,28.785961325050422
2025-06-16 17:08:53.573811+00:00,28.73309374017888
2025-06-16 17:08:53.814429+00:00,28.74454866394049
2025-06-16 17:08:54.215069+00:00,28.745135618198876
2025-06-16 17:08:54.590058+00:00,28.780233519382605
2025-06-16 17:08:55.530383+00:00,28.798001813721395
2025-06-16 17:08:56.803294+00:00,28.96834291337801
2025-06-16 17:08:57.059521+00:00,29.003441077606748
2025-06-16 17:08:58.297378+00:00,28.838973755699467
2025-06-16 17:08:58.588595+00:00,28.88625543302424
2025-06-16 17:08:58.831530+00:00,28.9389743604819
2025-06-16 17:08:59.164376+00:00,28.97994622769036
2025-06-16 17:08:59.573847+00:00,28.9389743604819
2025-06-16 17:08:59.973866+00:00,28.885820100429296
2025-06-16 17:09:01.389756+00:00,28.99226921726317
2025-06-16 17:09:08.069386+00:00,29.074210577742587
2025-06-16 17:09:12.966690+00:00,28.76892468070899
2025-06-16 17:09:14.462124+00:00,28.398548202315016
2025-06-16 17:09:15.038256+00:00,28.310275494998525
2025-06-16 17:09:20.040516+00:00,29.038826416559587
2025-06-16 17:09:20.494768+00:00,29.062320596437658
2025-06-16 17:09:22.867241+00:00,29.068480142983066
2025-06-16 17:09:23.277529+00:00,29.09784692044973
2025-06-16 17:09:24.996705+00:00,29.12134016176616
2025-06-16 17:09:25.974940+00:00,29.139102178905578
2025-06-16 17:09:26.465224+00:00,29.098132232630498
2025-06-16 17:09:28.147402+00:00,29.1273557728083
2025-06-16 17:09:29.659890+00:00,29.11560932656596
2025-06-16 17:09:30.722396+00:00,29.127498087832027
2025-06-16 17:09:33.274454+00:00,29.092116313646088
2025-06-16 17:09:35.242517+00:00,28.763636672936403
2025-06-16 17:09:35.531278+00:00,28.73382796972095
2025-06-16 17:09:37.593521+00:00,29.08079827095199
2025-06-16 17:09:38.116786+00:00,29.02765315647102
2025-06-16 17:09:38.934145+00:00,29.02794003682102
2025-06-16 17:09:41.248443+00:00,29.10457565019367
2025-06-16 17:09:42.872885+00:00,29.10400542374288
2025-06-16 17:09:51.564999+00:00,28.998286448206322
2025-06-16 17:09:54.305578+00:00,29.11560932656596
2025-06-16 17:09:56.092101+00:00,29.068480142983066
2025-06-16 17:09:56.801267+00:00,29.039113114604042
2025-06-16 17:09:58.766705+00:00,28.951010523992792
2025-06-16 17:10:02.133381+00:00,29.021779834890154
2025-06-16 17:10:08.584715+00:00,29.121624936863796
2025-06-16 17:10:16.959652+00:00,28.839265040968957
2025-06-16 17:10:19.103439+00:00,29.068766126528033
2025-06-16 17:10:20.293174+00:00,29.104290558529566
2025-06-16 17:10:20.906225+00:00,29.121624936863796
2025-06-16 17:10:21.424907+00:00,29.150990591344584
2025-06-16 17:10:21.814059+00:00,29.145401675420487
2025-06-16 17:10:22.440528+00:00,29.163162454861467
2025-06-16 17:10:22.898943+00:00,29.168893521432537
2025-06-16 17:10:24.335638+00:00,29.168893521432537
2025-06-16 17:10:25.257209+00:00,29.168751697906742
2025-06-16 17:10:26.675708+00:00,29.186653911915446
2025-06-16 17:10:27.684714+00:00,29.16903533417799
2025-06-16 17:10:28.521785+00:00,29.198399580230323
2025-06-16 17:10:29.267594+00:00,29.16903533417799
2025-06-16 17:10:30.605098+00:00,29.20441379850608
2025-06-16 17:10:31.196079+00:00,29.210145208403794
2025-06-16 17:10:32.148854+00:00,29.204130989383213
2025-06-16 17:10:32.514994+00:00,29.186512300567987
2025-06-16 17:10:32.974100+00:00,29.21559414803103
2025-06-16 17:10:35.020638+00:00,29.204272399334734
2025-06-16 17:10:36.291724+00:00,29.21615927234609
2025-06-16 17:10:39.201288+00:00,29.216300526474566
2025-06-16 17:10:39.964455+00:00,29.204555186897267
2025-06-16 17:10:40.784073+00:00,29.22231435742826
2025-06-16 17:10:41.204959+00:00,29.116036642104874
2025-06-16 17:10:41.635005+00:00,29.11030608942197
2025-06-16 17:10:42.438896+00:00,29.13394011251571
2025-06-16 17:10:43.832304+00:00,28.892854189837298
2025-06-16 17:10:44.670827+00:00,29.045845972915373
2025-06-16 17:10:46.848448+00:00,29.110448562728326
2025-06-16 17:10:47.463179+00:00,29.145401675420487
2025-06-16 17:10:48.057697+00:00,29.145401675420487
2025-06-16 17:10:49.366239+00:00,29.204130989383213
2025-06-16 17:10:53.701973+00:00,28.992700762465937
2025-06-16 17:10:53.980370+00:00,28.892709210806323
2025-06-16 17:10:54.355866+00:00,28.816498971477294
2025-06-16 17:10:54.664941+00:00,28.622518501517597
2025-06-16 17:10:54.994236+00:00,28.49328935115986
2025-06-16 17:10:55.236836+00:00,28.481391315283194
2025-06-16 17:10:55.774502+00:00,28.604600059620825
2025-06-16 17:10:56.235143+00:00,28.716206268013604
2025-06-16 17:10:56.585985+00:00,28.798586178113677
2025-06-16 17:10:57.870052+00:00,28.980666302815056
2025-06-16 17:10:58.366289+00:00,29.010176808602495
2025-06-16 17:10:58.641103+00:00,29.02736623299697
2025-06-16 17:10:58.854320+00:00,29.068623140145963
2025-06-16 17:10:59.135464+00:00,29.10400542374288
2025-06-16 17:10:59.511836+00:00,29.091830845631968
2025-06-16 17:11:00.271116+00:00,29.12134016176616
2025-06-16 17:11:00.680047+00:00,29.09770424818832
2025-06-16 17:11:01.412657+00:00,28.85130367276213
2025-06-16 17:11:12.668857+00:00,29.062749821680264
2025-06-16 17:11:14.699731+00:00,29.13308672220541
2025-06-16 17:11:14.966495+00:00,29.121624936863796
2025-06-16 17:11:15.315675+00:00,29.13322898087507
2025-06-16 17:11:15.665925+00:00,29.127213447004035
2025-06-16 17:11:20.012885+00:00,29.144833242498677
2025-06-16 17:11:25.085011+00:00,29.080226884079213
2025-06-16 17:11:25.359998+00:00,29.080226884079213
2025-06-16 17:11:28.575658+00:00,29.115466866491797
2025-06-16 17:11:28.994952+00:00,29.103577640707943
2025-06-16 17:11:29.619552+00:00,29.109451023190847
2025-06-16 17:11:30.070359+00:00,29.132802172524517
2025-06-16 17:11:30.949783+00:00,29.109593561180933
2025-06-16 17:11:31.300137+00:00,29.12134016176616
2025-06-16 17:11:31.626194+00:00,29.12134016176616
2025-06-16 17:11:31.910395+00:00,29.132802172524517
2025-06-16 17:11:32.798433+00:00,29.13308672220541
2025-06-16 17:11:33.624221+00:00,29.103720245833582
2025-06-16 17:11:34.048709+00:00,29.12134016176616
2025-06-16 17:11:34.850331+00:00,29.16216906932359
2025-06-16 17:11:35.264463+00:00,29.12105534354622
2025-06-16 17:11:35.447133+00:00,29.126928763053844
2025-06-16 17:11:35.839230+00:00,29.10902334453677
2025-06-16 17:11:36.397036+00:00,29.132802172524517
2025-06-16 17:11:36.781207+00:00,29.144406804612462
2025-06-16 17:11:37.012990+00:00,29.132944452755222
2025-06-16 17:11:37.314135+00:00,29.156579722645972
2025-06-16 17:11:37.631677+00:00,29.144548961355
2025-06-16 17:11:37.893012+00:00,29.144691107317072
2025-06-16 17:11:38.182191+00:00,29.115466866491797
2025-06-16 17:11:38.401515+00:00,29.085814615724505
2025-06-16 17:11:38.662531+00:00,29.073924663786585
2025-06-16 17:11:38.979224+00:00,29.073924663786585
2025-06-16 17:11:40.138190+00:00,29.004016085028677
2025-06-16 17:11:40.423233+00:00,28.827663103342136
2025-06-16 17:11:40.656010+00:00,28.827371571051707
2025-06-16 17:11:40.924566+00:00,28.850867196250825
2025-06-16 17:11:41.207421+00:00,28.885965222075974
2025-06-16 17:11:41.460707+00:00,28.921642491964324
2025-06-16 17:11:41.701460+00:00,28.968487073465624
2025-06-16 17:11:41.927702+00:00,29.015044797812333
2025-06-16 17:11:42.705871+00:00,29.05644706652357
2025-06-16 17:11:42.963434+00:00,29.09168809545384
2025-06-16 17:11:43.212751+00:00,29.073924663786585
2025-06-16 17:11:44.382364+00:00,28.94484809113503
2025-06-16 17:11:44.767500+00:00,28.82178930624305
2025-06-16 17:11:45.903689+00:00,28.533662706177918
2025-06-16 17:11:46.395508+00:00,28.321873659964456
2025-06-16 17:11:47.862473+00:00,28.10449460565724
2025-06-16 17:11:48.529403+00:00,28.46271897499635
2025-06-16 17:11:49.190037+00:00,28.726778645329734
2025-06-16 17:11:49.672942+00:00,28.66818145437306
2025-06-16 17:11:50.330269+00:00,28.803291516945436
2025-06-16 17:11:50.767445+00:00,28.86805284052122
2025-06-16 17:11:52.373934+00:00,28.985243969624868
2025-06-16 17:11:52.675871+00:00,28.93252226022741
2025-06-16 17:11:53.828800+00:00,28.897423002799197
2025-06-16 17:11:55.992674+00:00,28.980090264277788
2025-06-16 17:11:56.485229+00:00,29.02091853226318
2025-06-16 17:12:08.490061+00:00,29.10329239811469
2025-06-16 17:12:09.632673+00:00,29.085814615724505
2025-06-16 17:12:10.395598+00:00,29.062320596437658
2025-06-16 17:12:11.607318+00:00,28.986107883338054
2025-06-16 17:12:11.973321+00:00,29.015044797812333
2025-06-16 17:12:12.362718+00:00,29.073924663786585
2025-06-16 17:12:12.779166+00:00,29.06790804652321
2025-06-16 17:12:13.304938+00:00,29.0681941163148
2025-06-16 17:12:14.096835+00:00,29.00358484563393
2025-06-16 17:12:14.522274+00:00,29.003297298798422
2025-06-16 17:12:14.879821+00:00,29.026935766928244
2025-06-16 17:12:15.402117+00:00,29.03266597105264
2025-06-16 17:12:15.939038+00:00,29.044556678528977
2025-06-16 17:12:17.114191+00:00,29.03868305136591
2025-06-16 17:12:17.622356+00:00,29.044556678528977
2025-06-16 17:12:18.022250+00:00,29.00358484563393
2025-06-16 17:12:19.903352+00:00,29.10888076342413
2025-06-16 17:12:20.378041+00:00,29.097276166719944
2025-06-16 17:12:20.664469+00:00,29.10916591486877
2025-06-16 17:12:22.529086+00:00,29.109593561180933
2025-06-16 17:12:23.354804+00:00,29.050287053956268
2025-06-16 17:12:23.580413+00:00,29.027079266398843
2025-06-16 17:12:23.955457+00:00,28.991837575029763
2025-06-16 17:12:24.446350+00:00,28.921642491964324
2025-06-16 17:12:24.716699+00:00,28.921208400296777
2025-06-16 17:12:24.913096+00:00,28.9389743604819
2025-06-16 17:12:25.241526+00:00,28.980090264277788
2025-06-16 17:12:25.472537+00:00,29.026935766928244
2025-06-16 17:12:26.530697+00:00,29.062320596437658
2025-06-16 17:12:27.246258+00:00,29.06260675738025
2025-06-16 17:12:27.680526+00:00,29.080226884079213
2025-06-16 17:12:29.461703+00:00,29.092259031482076
2025-06-16 17:12:30.180083+00:00,29.03295284649769
2025-06-16 17:12:31.863838+00:00,29.074210577742587
2025-06-16 17:12:32.486846+00:00,29.0859574330389
2025-06-16 17:12:33.246101+00:00,29.115324395637025
2025-06-16 17:12:33.980701+00:00,29.12134016176616
2025-06-16 17:12:34.348666+00:00,29.062320596437658
2025-06-16 17:12:34.787868+00:00,28.92149780552333
2025-06-16 17:12:34.985256+00:00,28.96304606709946
2025-06-16 17:12:35.136729+00:00,28.980090264277788
2025-06-16 17:12:35.519461+00:00,29.00358484563393
2025-06-16 17:12:35.728587+00:00,29.05057352657253
2025-06-16 17:12:35.912251+00:00,29.05043029565486
2025-06-16 17:12:36.237551+00:00,29.062320596437658
2025-06-16 17:12:36.472457+00:00,29.062320596437658
2025-06-16 17:12:36.824141+00:00,29.079798230726567
2025-06-16 17:12:37.048806+00:00,29.02736623299697
2025-06-16 17:12:37.290117+00:00,28.980234290083967
2025-06-16 17:12:37.491906+00:00,28.99198146655542
2025-06-16 17:12:37.837289+00:00,28.980090264277788
2025-06-16 17:12:38.403464+00:00,28.99212534729989
2025-06-16 17:12:38.605998+00:00,28.998430229467434
2025-06-16 17:12:40.957642+00:00,29.09784692044973
2025-06-16 17:12:41.200839+00:00,29.098132232630498
2025-06-16 17:12:41.517990+00:00,29.12148255470526
2025-06-16 17:12:41.793809+00:00,29.092259031482076
2025-06-16 17:12:44.412121+00:00,29.11002111046742
2025-06-16 17:12:46.292539+00:00,29.098417501688544
2025-06-16 17:12:47.212169+00:00,29.139528688828523
2025-06-16 17:12:47.780532+00:00,28.957316886366744
2025-06-16 17:12:49.454200+00:00,29.098560120046553
2025-06-16 17:12:49.796365+00:00,29.092401738537358
2025-06-16 17:12:50.196659+00:00,29.068909102129286
2025-06-16 17:12:50.719780+00:00,29.092401738537358
2025-06-16 17:12:51.370897+00:00,29.05157584113081
2025-06-16 17:12:51.828258+00:00,29.05157584113081
2025-06-16 17:12:52.237184+00:00,29.074925173968648
2025-06-16 17:12:52.782759+00:00,29.098560120046553
2025-06-16 17:12:53.266106+00:00,29.110163605335007
2025-06-16 17:12:54.422002+00:00,29.133655692200982
2025-06-16 17:12:57.064342+00:00,29.098417501688544
2025-06-16 17:12:58.028560+00:00,29.06360798108262
2025-06-16 17:12:58.528822+00:00,29.09282979501899
2025-06-16 17:12:58.702212+00:00,29.081083899703824
2025-06-16 17:12:58.995310+00:00,29.07506806087149
2025-06-16 17:13:00.076214+00:00,29.12205201865599
2025-06-16 17:13:00.571858+00:00,29.122336685947985
2025-06-16 17:13:01.296592+00:00,28.97522501806726
2025-06-16 17:13:01.653919+00:00,29.02221034065955
2025-06-16 17:13:02.004594+00:00,29.051718985801255
2025-06-16 17:13:02.856012+00:00,29.110448562728326
2025-06-16 17:13:03.542912+00:00,29.09884532442057
2025-06-16 17:13:06.179753+00:00,29.027796602036524
2025-06-16 17:13:08.488353+00:00,29.145685827198665
2025-06-16 17:13:11.226750+00:00,28.981098218515026
2025-06-16 17:13:13.879319+00:00,29.075210936993557
2025-06-16 17:13:16.101899+00:00,29.1572895655096
2025-06-16 17:13:18.703257+00:00,29.12778268553786
2025-06-16 17:13:20.493182+00:00,29.16917713614311
2025-06-16 17:13:21.028137+00:00,29.139528688828523
2025-06-16 17:13:21.769068+00:00,29.1572895655096
2025-06-16 17:13:23.870153+00:00,29.16903533417799
2025-06-16 17:13:24.071641+00:00,29.150990591344584
2025-06-16 17:13:24.890127+00:00,29.039543080813498
2025-06-16 17:13:25.553242+00:00,29.051432685679476
2025-06-16 17:13:26.301858+00:00,29.05114634243411
2025-06-16 17:13:27.418680+00:00,29.10973608839039
2025-06-16 17:13:27.926945+00:00,29.139102178905578
2025-06-16 17:13:28.834762+00:00,28.9805223093526
2025-06-16 17:13:29.118217+00:00,28.904166429397964
2025-06-16 17:13:30.211761+00:00,28.87465311882105
2025-06-16 17:13:34.780443+00:00,28.897712988298295
2025-06-16 17:13:35.157513+00:00,28.950577439458325
2025-06-16 17:13:35.386573+00:00,28.98581995522523
2025-06-16 17:13:35.775947+00:00,28.991837575029763
2025-06-16 17:13:36.477109+00:00,28.99771121535032
2025-06-16 17:13:37.437866+00:00,29.021062109653638
2025-06-16 17:13:38.010491+00:00,29.056160728182657
2025-06-16 17:13:38.984892+00:00,29.073781690637375
2025-06-16 17:13:41.286435+00:00,28.986107883338054
2025-06-16 17:13:42.175278+00:00,28.99198146655542
2025-06-16 17:13:43.679347+00:00,28.638956962459925
2025-06-16 17:13:45.411558+00:00,28.850721682516674
2025-06-16 17:13:50.026838+00:00,28.621481724388175
2025-06-16 17:13:50.196722+00:00,28.66230698337204
2025-06-16 17:13:51.416546+00:00,28.868198174383316
2025-06-16 17:13:51.751251+00:00,28.90931586130021
2025-06-16 17:13:52.077460+00:00,28.838828096891845
2025-06-16 17:13:53.153145+00:00,28.798001813721395
2025-06-16 17:13:56.951760+00:00,28.85057615800066
2025-06-16 17:13:58.438095+00:00,28.5741887138128
2025-06-16 17:14:01.373891+00:00,28.94398129280578
2025-06-16 17:14:04.402980+00:00,29.008739853630953
2025-06-16 17:14:10.782856+00:00,28.926069440291776
2025-06-16 17:14:13.822166+00:00,29.043840026536923
2025-06-16 17:14:14.159211+00:00,29.025930968765056
2025-06-16 17:14:14.285373+00:00,29.043696663795636
2025-06-16 17:14:15.385360+00:00,29.061605005416105
2025-06-16 17:14:18.869892+00:00,29.061461854869183
2025-06-16 17:14:22.796239+00:00,28.97335180975876
2025-06-16 17:14:24.569156+00:00,29.020631345139076
2025-06-16 17:14:28.109210+00:00,28.932088377348546
2025-06-16 17:14:28.496136+00:00,28.926069440291776
2025-06-16 17:14:28.963091+00:00,28.95558515986239
2025-06-16 17:14:29.440298+00:00,28.97335180975876
2025-06-16 17:14:34.017800+00:00,28.649966586774706
2025-06-16 17:14:34.694912+00:00,28.55611801323764
2025-06-16 17:14:35.018919+00:00,28.60869463469959
2025-06-16 17:14:36.484225+00:00,28.491344280480387
2025-06-16 17:14:37.626403+00:00,28.76745987321022
2025-06-16 17:14:43.828675+00:00,28.99068605470131
2025-06-16 17:14:44.452723+00:00,28.967189244549864
2025-06-16 17:14:45.742993+00:00,29.020200483594916
2025-06-16 17:14:49.822844+00:00,29.07908359285653
2025-06-16 17:14:52.864898+00:00,28.87349102820964
2025-06-16 17:15:03.535275+00:00,28.955440779241457
2025-06-16 17:15:19.856022+00:00,28.826496715412997
2025-06-16 17:15:43.416399+00:00,29.03194859377238
2025-06-16 17:15:47.399464+00:00,28.96203647649865
2025-06-16 17:15:58.856900+00:00,29.05043029565486
2025-06-16 17:15:59.124715+00:00,29.03868305136591
2025-06-16 17:16:26.834116+00:00,29.103435024801648
2025-06-16 17:16:27.244225+00:00,29.10902334453677
2025-06-16 17:16:29.174788+00:00,28.956306901246403
2025-06-16 17:16:31.898854+00:00,29.026792256676618
2025-06-16 17:16:40.803148+00:00,29.050287053956268
2025-06-16 17:16:43.224949+00:00,29.06260675738025
2025-06-16 17:16:44.027274+00:00,28.96232498486268
2025-06-16 17:16:45.322838+00:00,29.03309626804872
2025-06-16 17:17:21.557502+00:00,28.985387982196798
2025-06-16 17:17:24.215118+00:00,28.97349596739325
2025-06-16 17:17:24.448698+00:00,28.944125786147556
2025-06-16 17:17:24.878906+00:00,28.961892206144622
2025-06-16 17:17:26.538706+00:00,29.015044797812333
2025-06-16 17:17:28.356670+00:00,29.027079266398843
2025-06-16 17:17:29.228168+00:00,29.026792256676618
2025-06-16 17:17:29.588501+00:00,29.032379052483574
2025-06-16 17:17:31.215778+00:00,28.985531983987503
2025-06-16 17:17:31.593263+00:00,28.967766165214467
2025-06-16 17:17:35.645512+00:00,28.950144257891335
2025-06-16 17:17:35.887478+00:00,28.967333490888
2025-06-16 17:17:36.864570+00:00,29.002865897686572
2025-06-16 17:17:37.765250+00:00,29.026505203830258
2025-06-16 17:17:40.508550+00:00,29.05573113981458
2025-06-16 17:17:42.855088+00:00,28.720904207556806
2025-06-16 17:17:44.854496+00:00,28.991261901115173
2025-06-16 17:17:50.192227+00:00,29.044126719676605
2025-06-16 17:17:50.796395+00:00,29.073638706707353
2025-06-16 17:17:53.700939+00:00,29.026505203830258
2025-06-16 17:17:54.501102+00:00,28.832808314545602
2025-06-16 17:17:57.452211+00:00,28.950144257891335
2025-06-16 17:17:58.112823+00:00,28.979369973528105
2025-06-16 17:18:03.593965+00:00,29.07349571199652
2025-06-16 17:18:31.348328+00:00,29.144975366899814
2025-06-16 17:18:31.942951+00:00,29.12148255470526
2025-06-16 17:18:32.424955+00:00,28.71591220564166
2025-06-16 17:18:33.261136+00:00,28.58065781076561
2025-06-16 17:18:33.661158+00:00,28.72766028541819
2025-06-16 17:18:34.421498+00:00,28.72163927033923
2025-06-16 17:18:35.107132+00:00,28.89756800093957
2025-06-16 17:18:39.770365+00:00,28.80358367266758
2025-06-16 17:18:43.805169+00:00,28.821497639659547
2025-06-16 17:18:44.130906+00:00,28.7513029582074
2025-06-16 17:18:44.499826+00:00,28.404422856367695
2025-06-16 17:18:44.975593+00:00,28.46301889902394
2025-06-16 17:18:46.430124+00:00,28.67464609284627
2025-06-16 17:18:46.779887+00:00,28.78640008209745
2025-06-16 17:18:47.270903+00:00,28.850867196250825
2025-06-16 17:18:50.246942+00:00,29.050716746709288
2025-06-16 17:18:50.514186+00:00,29.038826416559587
2025-06-16 17:18:50.796765+00:00,29.003872349344896
2025-06-16 17:18:51.065577+00:00,29.015475699057642
2025-06-16 17:18:51.510414+00:00,29.02120567626304
2025-06-16 17:18:51.993307+00:00,29.074067626154985
2025-06-16 17:18:52.611852+00:00,29.062177499795087
2025-06-16 17:18:53.773405+00:00,29.080084010409106
2025-06-16 17:19:12.297411+00:00,28.75115632453057
2025-06-16 17:19:33.703215+00:00,28.856595630869506
2025-06-16 17:19:40.274003+00:00,29.10314976064706
2025-06-16 17:19:46.641914+00:00,29.07335270650487
2025-06-16 17:19:48.046201+00:00,29.03266597105264
2025-06-16 17:19:50.192840+00:00,29.05673336174094
2025-06-16 17:20:02.051691+00:00,29.074210577742587
2025-06-16 17:20:03.593518+00:00,29.01533207609029
2025-06-16 17:20:04.451927+00:00,28.909605556661997
2025-06-16 17:20:05.188294+00:00,29.009745835312653
2025-06-16 17:20:06.144263+00:00,29.050716746709288
2025-06-16 17:20:07.476945+00:00,29.08567178762937
2025-06-16 17:20:08.369167+00:00,29.103435024801648
2025-06-16 17:20:10.157432+00:00,29.0859574330389
2025-06-16 17:20:15.536068+00:00,29.085243238659427
2025-06-16 17:20:19.802567+00:00,28.96791036842732
2025-06-16 17:20:20.595409+00:00,29.020774944091656
2025-06-16 17:20:21.720950+00:00,29.05000053821632
2025-06-16 17:20:22.835180+00:00,29.085528948753478
2025-06-16 17:20:23.626617+00:00,29.067764995456162
2025-06-16 17:20:25.992131+00:00,28.956162574532343
2025-06-16 17:20:28.544033+00:00,29.056160728182657
2025-06-16 17:20:30.510906+00:00,29.050287053956268
2025-06-16 17:20:32.412648+00:00,29.01475747641003
2025-06-16 17:20:33.742762+00:00,29.07965532471413
2025-06-16 17:20:51.019721+00:00,29.090974182852314
2025-06-16 17:20:52.203116+00:00,29.003441077606748
2025-06-16 17:20:53.018219+00:00,29.04427005007501
2025-06-16 17:20:53.561188+00:00,29.056303902743558
2025-06-16 17:20:53.803794+00:00,29.04427005007501
2025-06-16 17:20:54.387701+00:00,29.009027330874158
2025-06-16 17:20:54.664331+00:00,28.93839626948659
2025-06-16 17:20:55.726822+00:00,28.844556530021357
2025-06-16 17:20:56.034977+00:00,28.838536746930824
2025-06-16 17:20:57.071643+00:00,28.70930247031994
2025-06-16 17:20:57.384392+00:00,28.65041017131022
2025-06-16 17:20:57.696257+00:00,28.56831408220592
2025-06-16 17:20:57.940468+00:00,28.56801651118942
2025-06-16 17:20:58.301909+00:00,28.438769121254794
2025-06-16 17:20:58.524810+00:00,28.333017642966375
2025-06-16 17:20:58.894174+00:00,28.403669661247633
2025-06-16 17:20:59.068752+00:00,28.538493393545455
2025-06-16 17:20:59.335489+00:00,28.638661024735796
2025-06-16 17:20:59.669909+00:00,28.69153186812072
2025-06-16 17:20:59.828040+00:00,28.768045925596862
2025-06-16 17:21:00.434470+00:00,28.803291516945436
2025-06-16 17:21:00.921728+00:00,28.838245353842098
2025-06-16 17:21:01.408129+00:00,28.89727799387718
2025-06-16 17:21:01.800807+00:00,28.909026122812058
2025-06-16 17:21:02.141832+00:00,28.967621951220302
2025-06-16 17:21:02.492341+00:00,28.89727799387718
2025-06-16 17:21:03.016867+00:00,28.909170997446928
2025-06-16 17:21:03.452999+00:00,28.920774211595468
2025-06-16 17:21:03.856009+00:00,28.95587388876012
2025-06-16 17:21:04.565811+00:00,28.956306901246403
2025-06-16 17:21:05.174395+00:00,28.932233015756324
2025-06-16 17:21:05.592157+00:00,28.956162574532343
2025-06-16 17:21:06.035074+00:00,28.944270268707896
2025-06-16 17:21:06.803505+00:00,28.962180736071335
2025-06-16 17:21:07.219962+00:00,28.985387982196798
2025-06-16 17:21:07.663253+00:00,28.99742353423535
2025-06-16 17:21:08.076254+00:00,28.985387982196798
2025-06-16 17:21:08.402190+00:00,28.87392689305209
2025-06-16 17:21:08.758735+00:00,28.838828096891845
2025-06-16 17:21:09.143051+00:00,28.88552982479084
2025-06-16 17:21:09.875167+00:00,28.91533456235293
2025-06-16 17:21:11.252291+00:00,28.77392021591629
2025-06-16 17:21:11.594534+00:00,28.72692561230061
2025-06-16 17:21:12.243186+00:00,28.6505580112564
2025-06-16 17:21:12.773082+00:00,28.703133587652317
2025-06-16 17:21:13.921674+00:00,28.826788377087162
2025-06-16 17:21:14.267840+00:00,28.87363632727222
2025-06-16 17:21:14.489547+00:00,28.90873634119753
2025-06-16 17:21:14.740386+00:00,28.920629460465292
2025-06-16 17:21:15.058051+00:00,28.94383678868257
2025-06-16 17:21:17.073782+00:00,28.973928375608974
2025-06-16 17:21:21.443715+00:00,29.044126719676605
2025-06-16 17:21:21.853983+00:00,29.008883597643116
2025-06-16 17:21:22.151749+00:00,29.003009708838334
2025-06-16 17:21:22.454062+00:00,28.98509994627169
2025-06-16 17:21:22.730523+00:00,28.979658122171745
2025-06-16 17:21:22.951075+00:00,28.991261901115173
2025-06-16 17:21:23.205951+00:00,29.003297298798422
2025-06-16 17:21:23.566091+00:00,29.01475747641003
2025-06-16 17:21:23.668070+00:00,29.014901142501728
2025-06-16 17:21:24.092420+00:00,29.020631345139076
2025-06-16 17:21:24.744085+00:00,29.008883597643116
2025-06-16 17:21:25.029356+00:00,29.050143801476754
2025-06-16 17:21:26.115167+00:00,29.020631345139076
2025-06-16 17:21:28.261627+00:00,28.96203647649865
2025-06-16 17:21:28.537876+00:00,28.914900172222694
2025-06-16 17:21:28.862711+00:00,28.838828096891845
2025-06-16 17:21:29.122837+00:00,28.826934191751267
2025-06-16 17:21:29.339172+00:00,28.797563427215028
2025-06-16 17:21:29.766135+00:00,28.803291516945436
2025-06-16 17:21:30.016653+00:00,28.838536746930824
2025-06-16 17:21:30.535164+00:00,28.826788377087162
2025-06-16 17:21:32.108193+00:00,29.003297298798422
2025-06-16 17:21:33.485391+00:00,29.027079266398843
2025-06-16 17:21:34.226826+00:00,28.97436068679316
2025-06-16 17:21:34.863814+00:00,28.921353108300817
2025-06-16 17:21:35.310259+00:00,28.756590544940323
2025-06-16 17:21:35.623521+00:00,28.756590544940323
2025-06-16 17:21:35.891880+00:00,28.76261125276253
2025-06-16 17:21:37.102859+00:00,28.97421659384637
2025-06-16 17:21:38.039813+00:00,28.909750388170522
2025-06-16 17:21:38.481796+00:00,28.88611033294095
2025-06-16 17:21:38.798572+00:00,28.956739816700388
2025-06-16 17:21:39.292265+00:00,28.97421659384637
2025-06-16 17:21:39.450116+00:00,28.98596392467225
2025-06-16 17:21:39.568576+00:00,28.974072490118314
2025-06-16 17:21:39.850751+00:00,28.97994622769036
2025-06-16 17:21:40.353805+00:00,29.00358484563393
2025-06-16 17:21:40.695458+00:00,29.003441077606748
2025-06-16 17:21:41.036988+00:00,29.01561931124392
2025-06-16 17:21:41.273164+00:00,29.015475699057642
2025-06-16 17:21:41.715420+00:00,29.009602155987174
2025-06-16 17:21:41.943488+00:00,29.010033161620314
2025-06-16 17:21:42.266880+00:00,29.027222755088417
2025-06-16 17:21:42.574937+00:00,29.01561931124392
2025-06-16 17:21:42.785112+00:00,29.015188442341856
2025-06-16 17:21:43.017669+00:00,29.02120567626304
2025-06-16 17:21:43.210232+00:00,29.044699976584536
2025-06-16 17:21:43.486484+00:00,29.044699976584536
2025-06-16 17:21:43.786845+00:00,29.038969770972297
2025-06-16 17:21:44.580473+00:00,29.01561931124392
2025-06-16 17:21:44.839587+00:00,29.050859956065135
2025-06-16 17:21:46.619653+00:00,28.998286448206322
2025-06-16 17:21:49.187874+00:00,28.669214621864974
2025-06-16 17:21:49.611933+00:00,28.698290010701445
2025-06-16 17:21:51.105688+00:00,28.816061383372944
2025-06-16 17:21:51.957903+00:00,28.763197271841218
2025-06-16 17:21:52.976356+00:00,28.916058330272215
2025-06-16 17:21:53.575535+00:00,28.939407815523225
2025-06-16 17:21:54.101214+00:00,28.904021552309302
2025-06-16 17:21:55.871920+00:00,28.99814265616406
2025-06-16 17:21:56.917250+00:00,28.96906360600313
2025-06-16 17:21:57.541960+00:00,29.016050083116312
2025-06-16 17:21:58.661225+00:00,29.02765315647102
2025-06-16 17:21:59.707156+00:00,29.045129806065578
2025-06-16 17:22:02.245682+00:00,29.0746393678206
2025-06-16 17:22:05.928209+00:00,29.050859956065135
2025-06-16 17:22:08.159456+00:00,29.098132232630498
2025-06-16 17:22:14.005461+00:00,28.909895208897474
2025-06-16 17:22:15.831664+00:00,28.96906360600313
2025-06-16 17:22:16.398810+00:00,29.03352646801585
2025-06-16 17:22:16.895700+00:00,29.057162723710395
2025-06-16 17:22:17.329516+00:00,29.08065544040494
2025-06-16 17:22:17.855783+00:00,29.104290558529566
2025-06-16 17:22:18.807981+00:00,29.145401675420487
2025-06-16 17:22:20.118047+00:00,29.139528688828523
2025-06-16 17:22:22.539742+00:00,29.12778268553786
2025-06-16 17:22:23.173524+00:00,29.145259583360723
2025-06-16 17:22:24.721170+00:00,29.116036642104874
2025-06-16 17:22:25.423369+00:00,29.104147996526542
2025-06-16 17:22:28.007439+00:00,29.133513465872856
2025-06-16 17:22:28.173535+00:00,29.11002111046742
2025-06-16 17:22:28.373549+00:00,29.02765315647102
2025-06-16 17:22:29.525650+00:00,28.8693604571362
2025-06-16 17:22:31.023866+00:00,28.968775361296963
2025-06-16 17:22:38.683529+00:00,28.727807187694367
2025-06-16 17:22:42.419491+00:00,29.00430352405287
2025-06-16 17:22:43.697198+00:00,28.974936950767606
2025-06-16 17:22:44.356212+00:00,28.968919489040694
2025-06-16 17:22:44.941459+00:00,28.992700762465937
2025-06-16 17:22:47.797802+00:00,28.957172635122177
2025-06-16 17:22:48.633892+00:00,28.534408244062732
2025-06-16 17:22:49.320697+00:00,28.816498971477294
2025-06-16 17:22:50.933484+00:00,28.640288148466613
2025-06-16 17:22:52.888204+00:00,28.50503765645401
2025-06-16 17:22:57.634367+00:00,28.821935123361804
2025-06-16 17:22:58.582782+00:00,28.59285182692316
2025-06-16 17:22:59.488891+00:00,28.78125752943692
2025-06-16 17:22:59.799598+00:00,28.82178930624305
2025-06-16 17:23:00.107623+00:00,28.62207423315979
2025-06-16 17:23:06.414359+00:00,28.9805223093526
2025-06-16 17:23:07.815445+00:00,29.038969770972297
2025-06-16 17:23:08.828678+00:00,28.99814265616406
2025-06-16 17:23:13.134788+00:00,28.99785503973606
2025-06-16 17:23:13.793091+00:00,29.038826416559587
2025-06-16 17:23:14.559924+00:00,29.038969770972297
2025-06-16 17:23:18.305764+00:00,28.69197394540611
2025-06-16 17:23:19.931837+00:00,28.927516118443005
2025-06-16 17:23:27.241164+00:00,28.874362660858715
2025-06-16 17:23:28.140411+00:00,28.84528443442044
2025-06-16 17:23:29.275541+00:00,28.86848880976217
2025-06-16 17:23:30.240151+00:00,28.956739816700388
2025-06-16 17:23:33.340378+00:00,28.86848880976217
2025-06-16 17:23:33.779632+00:00,28.821497639659547
2025-06-16 17:23:33.957035+00:00,28.82707999563339
2025-06-16 17:23:35.249766+00:00,28.833682573230735
2025-06-16 17:23:36.561795+00:00,28.99212534729989
2025-06-16 17:23:37.146363+00:00,28.99198146655542
2025-06-16 17:23:37.600301+00:00,29.015475699057642
2025-06-16 17:23:39.613451+00:00,29.062892875199427
2025-06-16 17:23:41.667469+00:00,28.65144482449435
2025-06-16 17:23:42.813371+00:00,28.263428388904657
2025-06-16 17:23:43.292308+00:00,28.175457137130692
2025-06-16 17:23:43.973739+00:00,28.122428140157435
2025-06-16 17:23:45.421720+00:00,28.704311256597418
2025-06-16 17:23:48.895908+00:00,29.009458465880584
2025-06-16 17:23:50.192969+00:00,29.027079266398843
2025-06-16 17:23:52.100164+00:00,29.050859956065135
2025-06-16 17:23:53.266881+00:00,28.92737149914465
2025-06-16 17:23:54.341297+00:00,28.980234290083967
2025-06-16 17:23:56.880227+00:00,29.09770424818832
2025-06-16 17:23:57.264020+00:00,29.08567178762937
2025-06-16 17:23:57.515258+00:00,29.08567178762937
2025-06-16 17:23:57.749160+00:00,29.10930847442013
2025-06-16 17:23:57.975775+00:00,29.09756156514622
2025-06-16 17:23:58.225292+00:00,29.085528948753478
2025-06-16 17:23:58.815116+00:00,29.10930847442013
2025-06-16 17:23:59.095505+00:00,29.109451023190847
2025-06-16 17:23:59.362326+00:00,29.12105534354622
2025-06-16 17:24:01.104804+00:00,29.13308672220541
2025-06-16 17:24:03.011476+00:00,28.4396705699078
2025-06-16 17:24:08.607489+00:00,29.08051259907713
2025-06-16 17:24:09.455943+00:00,29.10987860481922
2025-06-16 17:24:10.537075+00:00,29.08638582029762
2025-06-16 17:24:11.571472+00:00,29.121624936863796
2025-06-16 17:24:12.787829+00:00,29.157005660705348
2025-06-16 17:24:13.169551+00:00,29.09770424818832
2025-06-16 17:24:13.357539+00:00,29.098132232630498
2025-06-16 17:24:13.774501+00:00,29.097989581930456
2025-06-16 17:24:14.982582+00:00,29.122194357692262
2025-06-16 17:24:15.463427+00:00,29.12792496821997
2025-06-16 17:24:17.640816+00:00,29.15155866948746
2025-06-16 17:24:18.090510+00:00,29.1455437566998
2025-06-16 17:24:19.517393+00:00,29.07506806087149
2025-06-16 17:24:20.360878+00:00,29.10457565019367
2025-06-16 17:24:21.530878+00:00,28.99886150856389
2025-06-16 17:24:24.967704+00:00,29.09282979501899
2025-06-16 17:24:27.309173+00:00,29.051862119690817
2025-06-16 17:24:28.085530+00:00,29.06360798108262
2025-06-16 17:24:28.360005+00:00,29.10457565019367
2025-06-16 17:24:29.220386+00:00,29.075210936993557
2025-06-16 17:24:29.606688+00:00,29.045845972915373
2025-06-16 17:24:30.266155+00:00,29.075210936993557
2025-06-16 17:24:31.493676+00:00,29.10457565019367
2025-06-16 17:24:33.148118+00:00,28.96906360600313
2025-06-16 17:24:36.056901+00:00,28.910474383989534
2025-06-16 17:24:36.400062+00:00,28.863196358584716
2025-06-16 17:24:37.367389+00:00,28.78125752943692
2025-06-16 17:24:37.581898+00:00,28.775091265952184
2025-06-16 17:24:37.827173+00:00,28.786546312882127
2025-06-16 17:24:38.024113+00:00,28.827663103342136
2025-06-16 17:24:38.180062+00:00,28.86877940201392
2025-06-16 17:24:38.347268+00:00,28.88640052232584
2025-06-16 17:24:38.614620+00:00,28.91018481800664
2025-06-16 17:24:38.990502+00:00,28.93353427625968
2025-06-16 17:24:39.291241+00:00,28.986539694648183
2025-06-16 17:24:39.623654+00:00,29.010176808602495
2025-06-16 17:24:39.983373+00:00,29.033239678818752
2025-06-16 17:24:40.285727+00:00,29.021923347594324
2025-06-16 17:24:41.115798+00:00,28.851594603193746
2025-06-16 17:24:44.748155+00:00,28.533662706177918
2025-06-16 17:24:50.089716+00:00,28.915624101865287
2025-06-16 17:24:50.387859+00:00,28.804021825385124
2025-06-16 17:24:50.663026+00:00,28.78037983887979
2025-06-16 17:24:53.208315+00:00,28.950866173262686
2025-06-16 17:24:53.418206+00:00,28.980378305108903
2025-06-16 17:24:53.643676+00:00,28.99771121535032
2025-06-16 17:24:53.894388+00:00,29.038826416559587
2025-06-16 17:24:55.406413+00:00,28.67479361026703
2025-06-16 17:24:55.890647+00:00,28.70416408571824
2025-06-16 17:24:56.166282+00:00,28.58095498375863
2025-06-16 17:24:56.358261+00:00,28.486367594046687
2025-06-16 17:24:56.647657+00:00,28.39839751769595
2025-06-16 17:24:56.817973+00:00,28.439520355425195
2025-06-16 17:24:57.772182+00:00,28.76892468070899
2025-06-16 17:24:58.431062+00:00,28.88023650191831
2025-06-16 17:24:59.968066+00:00,28.99212534729989
2025-06-16 17:25:01.844469+00:00,28.780233519382605
2025-06-16 17:25:04.731032+00:00,28.980090264277788
2025-06-16 17:25:05.982938+00:00,29.05043029565486
2025-06-16 17:25:07.569294+00:00,29.05043029565486
2025-06-16 17:25:07.885736+00:00,29.056303902743558
2025-06-16 17:25:08.539087+00:00,29.038396288635628
2025-06-16 17:25:09.627722+00:00,28.944559201484306
2025-06-16 17:25:11.210291+00:00,28.903441936138595
2025-06-16 17:25:12.437036+00:00,28.98581995522523
2025-06-16 17:25:17.669802+00:00,29.00358484563393
2025-06-16 17:25:18.162967+00:00,29.026792256676618
2025-06-16 17:25:18.628310+00:00,29.027079266398843
2025-06-16 17:25:19.256487+00:00,29.044556678528977
2025-06-16 17:25:19.764036+00:00,29.026935766928244
2025-06-16 17:25:20.353925+00:00,29.00917105332408
2025-06-16 17:25:24.602381+00:00,29.009458465880584
2025-06-16 17:25:25.096484+00:00,29.015475699057642
2025-06-16 17:25:44.040838+00:00,28.809603763005793
2025-06-16 17:25:45.038811+00:00,28.91518977642441
2025-06-16 17:25:46.135172+00:00,28.97436068679316
2025-06-16 17:25:46.700491+00:00,29.01533207609029
2025-06-16 17:25:50.604198+00:00,28.99785503973606
2025-06-16 17:25:50.930336+00:00,28.98567597499698
2025-06-16 17:25:52.943290+00:00,29.01561931124392
2025-06-16 17:25:53.556297+00:00,29.015475699057642
2025-06-16 17:25:55.215582+00:00,29.021492777138693
2025-06-16 17:25:55.456892+00:00,29.00917105332408
2025-06-16 17:25:57.757640+00:00,28.92737149914465
2025-06-16 17:25:58.363998+00:00,28.94499251978826
2025-06-16 17:25:59.231145+00:00,28.939118856277112
2025-06-16 17:25:59.587428+00:00,28.956595522330417
2025-06-16 17:26:10.180152+00:00,29.00931476499289
2025-06-16 17:26:10.823356+00:00,28.99756738018342
2025-06-16 17:26:11.272052+00:00,28.991405835765622
2025-06-16 17:26:12.015777+00:00,29.00358484563393
2025-06-16 17:26:12.483052+00:00,28.98596392467225
2025-06-16 17:26:12.721943+00:00,28.92149780552333
2025-06-16 17:26:12.994283+00:00,28.921208400296777
2025-06-16 17:26:14.622891+00:00,28.598132408172233
2025-06-16 17:26:16.499972+00:00,28.81547778161889
2025-06-16 17:26:16.881501+00:00,28.84470213246496
2025-06-16 17:26:19.309147+00:00,28.821060058919294
2025-06-16 17:26:19.838440+00:00,28.826788377087162
2025-06-16 17:26:20.169807+00:00,28.850285076623027
2025-06-16 17:26:20.438228+00:00,28.84441091679586
2025-06-16 17:26:20.745967+00:00,28.874072159769387
2025-06-16 17:26:20.971699+00:00,28.879946135118047
2025-06-16 17:26:21.289549+00:00,28.89727799387718
2025-06-16 17:26:21.941714+00:00,28.815623698230436
2025-06-16 17:26:23.778341+00:00,28.856450173498956
2025-06-16 17:26:24.421955+00:00,28.568462851539355
2025-06-16 17:26:25.208248+00:00,28.403820321839635
2025-06-16 17:26:27.672141+00:00,28.83295405128132
2025-06-16 17:26:27.906572+00:00,28.88009132390904
2025-06-16 17:26:30.467763+00:00,28.98567597499698
2025-06-16 17:26:30.976336+00:00,29.009458465880584
2025-06-16 17:26:31.466725+00:00,28.99154975963487
2025-06-16 17:26:32.190099+00:00,29.003728602879978
2025-06-16 17:26:33.015898+00:00,28.93926334129089
2025-06-16 17:26:34.073316+00:00,29.009602155987174
2025-06-16 17:26:37.810987+00:00,29.050859956065135
2025-06-16 17:26:38.514551+00:00,28.9805223093526
2025-06-16 17:26:39.537577+00:00,29.033239678818752
2025-06-16 17:26:39.992052+00:00,28.99212534729989
2025-06-16 17:26:40.435985+00:00,28.956884100289006
2025-06-16 17:26:40.930673+00:00,28.93353427625968
2025-06-16 17:26:41.430586+00:00,28.986251831222646
2025-06-16 17:26:42.373271+00:00,28.945281344750505
2025-06-16 17:26:43.079812+00:00,29.009745835312653
2025-06-16 17:26:43.864279+00:00,29.05114634243411
2025-06-16 17:26:44.679189+00:00,29.08065544040494
2025-06-16 17:26:44.945406+00:00,29.068623140145963
2025-06-16 17:26:45.915812+00:00,29.098274872549858
2025-06-16 17:26:49.316069+00:00,28.9985739999474
2025-06-16 17:26:49.621542+00:00,29.004590919952577
2025-06-16 17:26:50.103350+00:00,28.81664481261472
2025-06-16 17:26:50.881111+00:00,28.67538357212318
2025-06-16 17:26:52.822188+00:00,28.939841173531654
2025-06-16 17:26:53.261336+00:00,28.975080989808063
2025-06-16 17:26:53.545432+00:00,28.99255692484619
2025-06-16 17:26:55.073649+00:00,28.939841173531654
2025-06-16 17:26:55.292085+00:00,28.968775361296963
2025-06-16 17:26:55.743855+00:00,29.00430352405287
2025-06-16 17:26:57.412154+00:00,29.021779834890154
2025-06-16 17:26:57.887494+00:00,29.05114634243411
2025-06-16 17:26:58.124292+00:00,29.08051259907713
2025-06-16 17:26:58.358257+00:00,29.068480142983066
2025-06-16 17:27:00.155330+00:00,28.798732242256495
2025-06-16 17:27:00.997462+00:00,28.91018481800664
2025-06-16 17:27:03.553244+00:00,28.880817106138217
2025-06-16 17:27:03.909067+00:00,28.78096500904661
2025-06-16 17:27:04.372485+00:00,28.710332347371953
2025-06-16 17:27:07.889314+00:00,29.057305822805137
2025-06-16 17:27:08.407123+00:00,29.08065544040494
2025-06-16 17:27:08.782398+00:00,29.08051259907713
2025-06-16 17:27:09.199053+00:00,29.045129806065578
2025-06-16 17:27:09.727888+00:00,29.010033161620314
2025-06-16 17:27:10.189323+00:00,29.010033161620314
2025-06-16 17:27:12.024438+00:00,29.051289519447238
2025-06-16 17:27:12.541203+00:00,28.616496408780495
2025-06-16 17:27:12.870359+00:00,28.69315234373213
2025-06-16 17:27:13.277174+00:00,28.839847482125016
2025-06-16 17:27:19.537732+00:00,29.092259031482076
2025-06-16 17:27:19.961101+00:00,29.092401738537358
2025-06-16 17:27:20.896619+00:00,29.0746393678206
2025-06-16 17:27:21.849479+00:00,29.086528594489053
2025-06-16 17:27:24.474484+00:00,28.99212534729989
2025-06-16 17:27:25.650286+00:00,29.02736623299697
2025-06-16 17:27:25.903891+00:00,29.02736623299697
2025-06-16 17:27:26.545535+00:00,29.02736623299697
2025-06-16 17:27:28.084858+00:00,28.716353283025835
2025-06-16 17:27:29.270776+00:00,28.663192990772718
2025-06-16 17:27:30.254249+00:00,28.663192990772718
2025-06-16 17:27:31.668125+00:00,28.72766028541819
2025-06-16 17:27:32.185278+00:00,28.8278088533144
2025-06-16 17:27:34.428187+00:00,28.933389734885196
2025-06-16 17:27:36.322149+00:00,28.980378305108903
2025-06-16 17:27:36.715300+00:00,28.786546312882127
2025-06-16 17:27:38.262497+00:00,28.36962777810547
2025-06-16 17:27:38.663665+00:00,28.41662351905057
2025-06-16 17:27:39.048800+00:00,28.533960953681927
2025-06-16 17:27:39.295534+00:00,28.627948371499695
2025-06-16 17:27:39.448398+00:00,28.692563230829975
2025-06-16 17:27:40.751238+00:00,28.89241922039942
2025-06-16 17:27:42.735846+00:00,28.927660726959868
2025-06-16 17:27:44.838446+00:00,28.76892468070899
2025-06-16 17:27:45.171859+00:00,28.8278088533144
2025-06-16 17:27:45.705865+00:00,28.886545600845746
2025-06-16 17:27:46.659072+00:00,28.87494353365642
2025-06-16 17:27:47.180289+00:00,28.87465311882105
2025-06-16 17:27:47.786052+00:00,28.927660726959868
2025-06-16 17:27:48.691117+00:00,28.968775361296963
2025-06-16 17:27:49.011220+00:00,28.980666302815056
2025-06-16 17:27:49.248584+00:00,29.004159809931334
2025-06-16 17:27:49.481349+00:00,29.02736623299697
2025-06-16 17:27:50.058359+00:00,29.0275097001245
2025-06-16 17:27:50.226651+00:00,29.0275097001245
2025-06-16 17:27:50.694004+00:00,29.03939976952464
2025-06-16 17:27:51.018222+00:00,29.03939976952464
2025-06-16 17:27:51.328658+00:00,28.99198146655542
2025-06-16 17:27:52.677698+00:00,29.039543080813498
2025-06-16 17:27:52.924716+00:00,29.050859956065135
2025-06-16 17:27:53.258876+00:00,29.045129806065578
2025-06-16 17:27:53.483017+00:00,29.021779834890154
2025-06-16 17:27:53.710657+00:00,28.998286448206322
2025-06-16 17:27:53.918392+00:00,29.004159809931334
2025-06-16 17:27:54.167994+00:00,29.004016085028677
2025-06-16 17:27:54.486213+00:00,28.99255692484619
2025-06-16 17:27:55.195284+00:00,28.968919489040694
2025-06-16 17:27:55.478448+00:00,28.99212534729989
2025-06-16 17:27:55.738231+00:00,29.004159809931334
2025-06-16 17:27:56.383157+00:00,29.051003154640075
2025-06-16 17:27:57.043383+00:00,29.03939976952464
2025-06-16 17:27:57.318376+00:00,29.05701961383479
2025-06-16 17:27:57.720260+00:00,29.074925173968648
2025-06-16 17:27:57.987408+00:00,29.051432685679476
2025-06-16 17:27:58.437357+00:00,29.05701961383479
2025-06-16 17:27:59.089861+00:00,29.057305822805137
2025-06-16 17:27:59.385368+00:00,29.062892875199427
2025-06-16 17:27:59.591373+00:00,29.022066849517454
2025-06-16 17:27:59.800715+00:00,28.974936950767606
2025-06-16 17:28:00.076903+00:00,28.91004001884284
2025-06-16 17:28:00.435429+00:00,28.8454299829546
2025-06-16 17:28:00.899185+00:00,28.91018481800664
2025-06-16 17:28:01.914894+00:00,28.99255692484619
2025-06-16 17:28:02.307304+00:00,29.02765315647102
2025-06-16 17:28:02.672654+00:00,29.03352646801585
2025-06-16 17:28:03.197845+00:00,29.015906503273253
2025-06-16 17:28:03.631186+00:00,29.033813214089
2025-06-16 17:28:04.240292+00:00,29.057305822805137
2025-06-16 17:28:04.624484+00:00,29.068766126528033
2025-06-16 17:28:05.107784+00:00,29.051289519447238
2025-06-16 17:28:06.015504+00:00,29.074782276285017
2025-06-16 17:28:07.066100+00:00,29.062892875199427
2025-06-16 17:28:07.451056+00:00,29.074925173968648
2025-06-16 17:28:07.931583+00:00,29.098274872549858
2025-06-16 17:28:08.738674+00:00,29.104147996526542
2025-06-16 17:28:09.174371+00:00,29.086528594489053
2025-06-16 17:28:09.890152+00:00,29.092687120305815
2025-06-16 17:28:10.246161+00:00,29.074925173968648
2025-06-16 17:28:10.591901+00:00,29.08051259907713
2025-06-16 17:28:10.919278+00:00,29.074496448575392
2025-06-16 17:28:11.353797+00:00,29.045273060997392
2025-06-16 17:28:13.458934+00:00,29.063178949895217
2025-06-16 17:28:13.700141+00:00,29.0746393678206
2025-06-16 17:28:14.009463+00:00,29.086243035325452
2025-06-16 17:28:14.560236+00:00,29.098132232630498
2025-06-16 17:28:14.810155+00:00,29.104290558529566
2025-06-16 17:28:15.104584+00:00,29.10987860481922
2025-06-16 17:28:16.032005+00:00,29.10400542374288
2025-06-16 17:28:16.694942+00:00,29.12190966883915
2025-06-16 17:28:17.069012+00:00,29.121624936863796
2025-06-16 17:28:24.642997+00:00,28.99241307644527
2025-06-16 17:28:29.138957+00:00,29.03366984644292
2025-06-16 17:28:32.788648+00:00,29.03395657095411
2025-06-16 17:28:33.951339+00:00,28.892999158086628
2025-06-16 17:28:35.933611+00:00,28.88712580710859
2025-06-16 17:28:36.356247+00:00,28.892999158086628
2025-06-16 17:28:36.928093+00:00,28.95746112682997
2025-06-16 17:28:38.079774+00:00,28.975369035545203
2025-06-16 17:28:42.868953+00:00,28.922510384198464
2025-06-16 17:28:43.951681+00:00,28.54087829905427
2025-06-16 17:28:44.376219+00:00,28.611511500804895
2025-06-16 17:28:44.807300+00:00,28.73456192970282
2025-06-16 17:28:45.850872+00:00,28.91090865210216
2025-06-16 17:28:46.740272+00:00,28.77009575038629
2025-06-16 17:28:47.406439+00:00,28.676120781833077
2025-06-16 17:28:48.079965+00:00,28.893289062240363
2025-06-16 17:28:49.377053+00:00,28.946147560883613
2025-06-16 17:28:50.039447+00:00,28.96391101000011
2025-06-16 17:28:50.438090+00:00,28.99313221063814
2025-06-16 17:28:51.031783+00:00,28.999005246700435
2025-06-16 17:28:51.492375+00:00,29.046132364188853
2025-06-16 17:28:52.134576+00:00,29.063893947970058
2025-06-16 17:28:53.035773+00:00,29.098417501688544
2025-06-16 17:28:53.638951+00:00,29.134508823779193
2025-06-16 17:28:54.322367+00:00,29.116890982106842
2025-06-16 17:28:54.766342+00:00,29.046275543654225
2025-06-16 17:28:55.177245+00:00,29.034386576863593
2025-06-16 17:28:56.020020+00:00,29.0756395006751
2025-06-16 17:28:57.172867+00:00,29.128636219922615
2025-06-16 17:28:57.874495+00:00,29.110733476999197
2025-06-16 17:28:58.734082+00:00,29.14009721779909
2025-06-16 17:28:59.670734+00:00,29.14596993585507
2025-06-16 17:29:00.430398+00:00,29.134650974643833
2025-06-16 17:29:01.100301+00:00,28.94041883326965
2025-06-16 17:29:01.939139+00:00,29.034673193565077
2025-06-16 17:29:02.829912+00:00,29.0872423037353
2025-06-16 17:29:03.739069+00:00,29.134224489708444
2025-06-16 17:29:06.126756+00:00,29.122763606031832
2025-06-16 17:29:06.638218+00:00,29.15184264387639
2025-06-16 17:29:07.425675+00:00,29.146254001389718
2025-06-16 17:29:08.089835+00:00,29.14596993585507
2025-06-16 17:29:08.913268+00:00,29.15785724575341
2025-06-16 17:29:09.751652+00:00,29.18106438732393
2025-06-16 17:29:11.287047+00:00,29.169602477356463
2025-06-16 17:29:12.834010+00:00,29.028657049028453
2025-06-16 17:29:13.276304+00:00,28.793589091137964
2025-06-16 17:29:13.754189+00:00,28.63589304154325
2025-06-16 17:29:14.289839+00:00,28.294017473548255
2025-06-16 17:29:14.506709+00:00,28.293865666231476
2025-06-16 17:29:16.464430+00:00,28.93440129809604
2025-06-16 17:29:17.259556+00:00,29.01662429467794
2025-06-16 17:29:17.638041+00:00,28.85188549049798
2025-06-16 17:29:18.616972+00:00,28.793296925596223
2025-06-16 17:29:20.301251+00:00,29.07549665689536
2025-06-16 17:29:23.379592+00:00,29.157573427192283
2025-06-16 17:29:24.444585+00:00,29.116179059056655
2025-06-16 17:29:27.814115+00:00,28.8750887249015
2025-06-16 17:29:28.407193+00:00,28.980954257396263
2025-06-16 17:29:29.024568+00:00,29.004447227393285
2025-06-16 17:29:29.310827+00:00,29.03352646801585
2025-06-16 17:29:31.512921+00:00,28.980954257396263
2025-06-16 17:29:33.237179+00:00,29.063035917937746
2025-06-16 17:29:34.130113+00:00,28.92178716762379
2025-06-16 17:29:34.779468+00:00,28.675531035630513
2025-06-16 17:29:35.155735+00:00,28.534259158052485
2025-06-16 17:29:35.541958+00:00,28.634266365236165
2025-06-16 17:29:36.024580+00:00,28.716206268013604
2025-06-16 17:29:36.400887+00:00,28.8278088533144
2025-06-16 17:29:36.815758+00:00,28.91018481800664
2025-06-16 17:29:37.268302+00:00,28.957316886366744
2025-06-16 17:29:38.360081+00:00,28.83999306545927
2025-06-16 17:29:39.605318+00:00,28.781111274632856
2025-06-16 17:29:41.025543+00:00,28.616496408780495
2025-06-16 17:29:41.975487+00:00,28.87465311882105
2025-06-16 17:29:42.209818+00:00,28.927660726959868
2025-06-16 17:29:42.542852+00:00,28.939841173531654
2025-06-16 17:29:42.878019+00:00,28.95144351149484
2025-06-16 17:29:44.801643+00:00,28.857322755994804
2025-06-16 17:29:48.031293+00:00,28.91032960638887
2025-06-16 17:29:48.468480+00:00,28.463918412297836
2025-06-16 17:29:48.900627+00:00,28.563778580776237
2025-06-16 17:29:49.143212+00:00,28.704899832288643
2025-06-16 17:29:50.254861+00:00,28.9577495754124
2025-06-16 17:29:51.339897+00:00,28.94542574105952
2025-06-16 17:29:54.009049+00:00,29.057162723710395
2025-06-16 17:29:55.132086+00:00,29.045273060997392
2025-06-16 17:30:01.130308+00:00,29.08065544040494
2025-06-16 17:30:01.473737+00:00,29.051432685679476
2025-06-16 17:30:04.511989+00:00,29.051718985801255
2025-06-16 17:30:05.314942+00:00,29.074925173968648
2025-06-16 17:30:05.753461+00:00,29.080941090718284
2025-06-16 17:30:06.286856+00:00,29.051289519447238
2025-06-16 17:30:06.685181+00:00,29.02794003682102
2025-06-16 17:30:07.202278+00:00,29.03982967104836
2025-06-16 17:30:07.620801+00:00,29.05114634243411
2025-06-16 17:30:10.395722+00:00,28.998717759646215
2025-06-16 17:30:13.574214+00:00,29.074925173968648
2025-06-16 17:30:14.012780+00:00,29.074925173968648
2025-06-16 17:30:15.021692+00:00,29.063178949895217
2025-06-16 17:30:16.359128+00:00,29.081083899703824
2025-06-16 17:30:16.792589+00:00,29.04555953851823
2025-06-16 17:30:20.237473+00:00,28.88683572554052
2025-06-16 17:30:27.937003+00:00,29.045416305148272
2025-06-16 17:30:28.444946+00:00,29.039543080813498
2025-06-16 17:30:28.787179+00:00,29.051003154640075
2025-06-16 17:30:29.185663+00:00,29.05701961383479
2025-06-16 17:30:29.939054+00:00,29.051289519447238
2025-06-16 17:30:30.566399+00:00,29.08051259907713
2025-06-16 17:30:31.023829+00:00,29.021779834890154
2025-06-16 17:30:31.491702+00:00,28.904456151230494
2025-06-16 17:30:31.928471+00:00,28.722374063559826
2025-06-16 17:30:32.473774+00:00,28.633970465730336
2025-06-16 17:30:32.984299+00:00,28.663635848905933
2025-06-16 17:30:33.514730+00:00,28.73397478328213
2025-06-16 17:30:34.106839+00:00,28.857322755994804
2025-06-16 17:30:34.632457+00:00,28.886690668583974
2025-06-16 17:30:35.092446+00:00,28.810625422892844
2025-06-16 17:30:35.558598+00:00,28.804751864272824
2025-06-16 17:30:35.953397+00:00,28.851594603193746
2025-06-16 17:30:36.321447+00:00,28.916347761969117
2025-06-16 17:30:36.689593+00:00,28.951587819099444
2025-06-16 17:30:37.352469+00:00,28.981098218515026
2025-06-16 17:30:37.823059+00:00,28.892564220993698
2025-06-16 17:30:38.233555+00:00,28.951732115922677
2025-06-16 17:30:38.785060+00:00,28.869215209528274
2025-06-16 17:30:39.354820+00:00,28.869215209528274
2025-06-16 17:30:39.877367+00:00,28.945281344750505
2025-06-16 17:30:40.439944+00:00,28.95746112682997
2025-06-16 17:30:40.849258+00:00,28.9985739999474
2025-06-16 17:30:41.380494+00:00,29.004159809931334
2025-06-16 17:30:42.324163+00:00,29.039686381321406
2025-06-16 17:30:43.201125+00:00,29.039543080813498
2025-06-16 17:30:44.418521+00:00,29.051432685679476
2025-06-16 17:30:45.137023+00:00,29.039686381321406
2025-06-16 17:30:45.533547+00:00,28.975080989808063
2025-06-16 17:30:46.014283+00:00,28.974648840342915
2025-06-16 17:30:46.550196+00:00,28.975080989808063
2025-06-16 17:30:46.924363+00:00,29.004447227393285
2025-06-16 17:30:47.597757+00:00,29.03395657095411
2025-06-16 17:30:47.993343+00:00,29.016050083116312
2025-06-16 17:30:48.440946+00:00,29.01619365217831
2025-06-16 17:30:49.031919+00:00,28.992700762465937
2025-06-16 17:30:49.698427+00:00,29.01619365217831
2025-06-16 17:30:50.047969+00:00,29.010607684862503
2025-06-16 17:30:50.325874+00:00,29.004590919952577
2025-06-16 17:30:50.666255+00:00,28.95746112682997
2025-06-16 17:30:50.961455+00:00,28.939696731643608
2025-06-16 17:30:51.328438+00:00,28.980810285496275
2025-06-16 17:30:51.619585+00:00,29.004447227393285
2025-06-16 17:30:51.829849+00:00,29.02794003682102
2025-06-16 17:30:52.046438+00:00,29.01619365217831
2025-06-16 17:30:52.548360+00:00,29.063464981467654
2025-06-16 17:30:53.024285+00:00,29.075353802334845
2025-06-16 17:30:53.323387+00:00,29.074925173968648
2025-06-16 17:30:53.633989+00:00,29.06332197107185
2025-06-16 17:30:57.993054+00:00,29.040259475543557
2025-06-16 17:30:58.256990+00:00,29.06948089672618
2025-06-16 17:30:58.571083+00:00,29.075353802334845
2025-06-16 17:31:03.602796+00:00,29.06360798108262
2025-06-16 17:31:04.100236+00:00,29.07549665689536
2025-06-16 17:31:04.494301+00:00,29.0756395006751
2025-06-16 17:31:04.918414+00:00,28.946147560883613
2025-06-16 17:31:05.469468+00:00,28.940707598450164
2025-06-16 17:31:05.928513+00:00,28.934545764000365
2025-06-16 17:31:06.395888+00:00,28.781842440831458
2025-06-16 17:31:07.119573+00:00,28.688015068677778
2025-06-16 17:31:07.619535+00:00,28.635153804964723
2025-06-16 17:31:08.186710+00:00,28.464517872139965
2025-06-16 17:31:08.776541+00:00,28.475966300797598
2025-06-16 17:31:09.059512+00:00,28.652626638308146
2025-06-16 17:31:09.485495+00:00,28.681552200605847
2025-06-16 17:31:09.949337+00:00,28.781696229156076
2025-06-16 17:31:10.665418+00:00,28.922799595357812
2025-06-16 17:31:11.106735+00:00,28.940274434507277
2025-06-16 17:31:11.700971+00:00,28.96963996604003
2025-06-16 17:31:12.410743+00:00,29.00502193294379
2025-06-16 17:31:12.751438+00:00,28.99886150856389
2025-06-16 17:31:13.062177+00:00,28.99327600513321
2025-06-16 17:31:13.438366+00:00,29.028370276488477
2025-06-16 17:31:14.157423+00:00,29.034386576863593
2025-06-16 17:31:14.424794+00:00,29.06375096991675
2025-06-16 17:31:14.683901+00:00,29.051862119690817
2025-06-16 17:31:16.247425+00:00,29.10486069873522
2025-06-16 17:31:16.589433+00:00,29.052148355127272
2025-06-16 17:31:16.953630+00:00,29.06375096991675
2025-06-16 17:31:17.284718+00:00,28.97580102329155
2025-06-16 17:31:17.826723+00:00,28.95803798086949
2025-06-16 17:31:18.874237+00:00,28.958326343201275
2025-06-16 17:31:19.748828+00:00,28.80548163360892
2025-06-16 17:31:19.979540+00:00,28.734855438218805
2025-06-16 17:31:20.605339+00:00,28.676120781833077
2025-06-16 17:31:20.882029+00:00,28.664373730139943
2025-06-16 17:31:21.206646+00:00,28.758202539533197
2025-06-16 17:31:21.483095+00:00,28.816936462543566
2025-06-16 17:31:21.750598+00:00,28.887850822349574
2025-06-16 17:31:22.077508+00:00,28.916926495984537
2025-06-16 17:31:22.310084+00:00,28.9577495754124
2025-06-16 17:31:22.620827+00:00,28.975513042241896
2025-06-16 17:31:24.557598+00:00,29.057735055404166
2025-06-16 17:31:25.710482+00:00,29.051718985801255
2025-06-16 17:31:26.192370+00:00,29.04598917394257
2025-06-16 17:31:29.438025+00:00,28.38228166963724
2025-06-16 17:31:29.712667+00:00,28.511658405510918
2025-06-16 17:31:29.931508+00:00,28.605193158589465
2025-06-16 17:31:30.701248+00:00,28.817082271334993
2025-06-16 17:31:52.640065+00:00,29.028370276488477
2025-06-16 17:31:53.567437+00:00,29.081369485332658
2025-06-16 17:31:53.777711+00:00,29.09884532442057
2025-06-16 17:31:53.876508+00:00,29.09870272762389
2025-06-16 17:31:54.963289+00:00,29.116606245228507
2025-06-16 17:31:57.514815+00:00,29.087670399914426
2025-06-16 17:31:58.095564+00:00,29.093257754474376
2025-06-16 17:31:59.807200+00:00,29.0756395006751
2025-06-16 17:32:00.392733+00:00,29.093257754474376
2025-06-16 17:32:05.634293+00:00,28.946147560883613
2025-06-16 17:32:13.744934+00:00,28.787277305073168
2025-06-16 17:32:14.880689+00:00,28.675531035630513
2025-06-16 17:32:17.613561+00:00,28.96935180758414
2025-06-16 17:32:18.981920+00:00,28.92222112991312
2025-06-16 17:32:19.280263+00:00,28.857904262022277
2025-06-16 17:32:19.523057+00:00,28.86994133975036
2025-06-16 17:32:20.759815+00:00,28.946436213343524
2025-06-16 17:32:21.139504+00:00,28.981530037183965
2025-06-16 17:32:22.372329+00:00,28.84601206927248
2025-06-16 17:32:24.281173+00:00,28.82839174538388
2025-06-16 17:32:27.336173+00:00,29.02221034065955
2025-06-16 17:32:27.588701+00:00,29.045416305148272
2025-06-16 17:32:27.846473+00:00,29.03366984644292
2025-06-16 17:32:28.682080+00:00,29.05157584113081
2025-06-16 17:32:36.170864+00:00,28.78125752943692
2025-06-16 17:32:37.687516+00:00,28.963622738825123
2025-06-16 17:32:38.053010+00:00,28.992988405361903
2025-06-16 17:32:39.138596+00:00,28.957605356511852
2025-06-16 17:32:41.797003+00:00,29.022353821020616
2025-06-16 17:32:42.381277+00:00,29.01619365217831
2025-06-16 17:32:42.965465+00:00,29.03352646801585
2025-06-16 17:32:43.209423+00:00,29.010176808602495
2025-06-16 17:32:43.685182+00:00,28.99255692484619
2025-06-16 17:32:44.078136+00:00,28.898437763367383
2025-06-16 17:32:53.036878+00:00,28.79285859641775
2025-06-16 17:32:53.280486+00:00,28.79285859641775
2025-06-16 17:32:59.293885+00:00,28.757469976452672
2025-06-16 17:33:01.668892+00:00,28.622370422847933
2025-06-16 17:33:04.162136+00:00,28.892709210806323
2025-06-16 17:33:07.519275+00:00,28.839701888008857
2025-06-16 17:33:08.482441+00:00,28.968919489040694
2025-06-16 17:33:09.232406+00:00,28.99212534729989
2025-06-16 17:33:10.002109+00:00,29.00358484563393
2025-06-16 17:33:13.118042+00:00,28.96834291337801
2025-06-16 17:33:13.636325+00:00,28.897712988298295
2025-06-16 17:33:16.602164+00:00,28.638956962459925
2025-06-16 17:33:18.781939+00:00,28.70974391089457
2025-06-16 17:33:20.286223+00:00,28.674351025656648
2025-06-16 17:33:22.884117+00:00,28.82722578873354
2025-06-16 17:33:23.762746+00:00,28.691826597093605
2025-06-16 17:33:29.820149+00:00,28.497967295198965
2025-06-16 17:33:34.866748+00:00,28.527639065853112
2025-06-16 17:33:56.343901+00:00,28.85057615800066
2025-06-16 17:33:56.679338+00:00,28.868198174383316
2025-06-16 17:33:57.021300+00:00,28.891694055703137
2025-06-16 17:33:57.900549+00:00,28.84484772412666
2025-06-16 17:34:13.227507+00:00,28.974936950767606
2025-06-16 17:34:23.545232+00:00,29.010751288720332
2025-06-16 17:34:23.868771+00:00,29.040116218159433
2025-06-16 17:34:24.336401+00:00,29.03409991703824
2025-06-16 17:34:25.324025+00:00,29.052005242799485
2025-06-16 17:34:25.841993+00:00,29.052005242799485
2025-06-16 17:34:26.660926+00:00,29.057735055404166
2025-06-16 17:34:31.805227+00:00,29.034673193565077
2025-06-16 17:34:39.292406+00:00,28.740582166949647
2025-06-16 17:34:39.616356+00:00,28.758202539533197
2025-06-16 17:34:39.836390+00:00,28.722814810102665
2025-06-16 17:34:40.187832+00:00,28.74616237303024
2025-06-16 17:34:40.460926+00:00,28.82839174538388
2025-06-16 17:34:40.776762+00:00,28.86965092000678
2025-06-16 17:34:41.402711+00:00,28.893433998144772
2025-06-16 17:34:41.739122+00:00,28.875524233946347
2025-06-16 17:34:42.609768+00:00,28.940274434507277
2025-06-16 17:34:43.002111+00:00,28.864068150065094
2025-06-16 17:34:43.703898+00:00,28.911198110269474
2025-06-16 17:34:44.189161+00:00,28.922799595357812
2025-06-16 17:34:44.732244+00:00,28.981817862390507
2025-06-16 17:34:45.404790+00:00,29.04598917394257
2025-06-16 17:34:47.550529+00:00,29.069337964248167
2025-06-16 17:34:56.593570+00:00,29.06403691524254
2025-06-16 17:34:56.911328+00:00,29.07549665689536
2025-06-16 17:34:58.537558+00:00,29.070195397404255
2025-06-16 17:35:09.888430+00:00,29.053006802695638
2025-06-16 17:35:14.458022+00:00,28.783157860712965
2025-06-16 17:35:15.545971+00:00,28.871247694900468
2025-06-16 17:35:24.970027+00:00,28.98268107926119
2025-06-16 17:35:27.111911+00:00,29.04169145643368
2025-06-16 17:35:28.129269+00:00,29.10027069945131
2025-06-16 17:35:29.366835+00:00,28.971368011149153
2025-06-16 17:35:30.228893+00:00,29.07706734553074
2025-06-16 17:35:33.427319+00:00,28.93555672345056
2025-06-16 17:35:34.027595+00:00,28.959047060357673
2025-06-16 17:35:36.399462+00:00,29.088241043890044
2025-06-16 17:35:38.213592+00:00,28.84761191714336
2025-06-16 17:35:38.977683+00:00,28.90648299652114
2025-06-16 17:35:41.604873+00:00,29.035819229132873
2025-06-16 17:35:42.568518+00:00,28.789176623260005
2025-06-16 17:35:44.018719+00:00,29.006457942143147
2025-06-16 17:35:50.600875+00:00,29.02994699179969
2025-06-16 17:35:51.754226+00:00,29.088811515374555
2025-06-16 17:35:57.481510+00:00,29.012330219605854
2025-06-16 17:35:57.832989+00:00,29.030233527158188
2025-06-16 17:35:57.965428+00:00,29.05314983955733
2025-06-16 17:36:01.761244+00:00,28.98282491100545
2025-06-16 17:36:06.775641+00:00,29.153261868996825
2025-06-16 17:36:07.297694+00:00,29.164864172536795
2025-06-16 17:36:07.664226+00:00,29.165147641224618
2025-06-16 17:36:08.011368+00:00,29.153119994996548
2025-06-16 17:36:08.536178+00:00,29.15913389565004
2025-06-16 17:36:08.934114+00:00,29.14738983231124
2025-06-16 17:36:09.344205+00:00,29.158850271135552
2025-06-16 17:36:10.331005+00:00,29.16500591227087
2025-06-16 17:36:10.698699+00:00,29.2181358491559
2025-06-16 17:36:11.031865+00:00,29.18262190193908
2025-06-16 17:36:11.419776+00:00,29.13550365344161
2025-06-16 17:36:12.000532+00:00,29.123901585245083
2025-06-16 17:36:12.478159+00:00,29.15913389565004
2025-06-16 17:36:12.820419+00:00,29.165147641224618
2025-06-16 17:36:13.421908+00:00,29.147531762664567
2025-06-16 17:36:14.331451+00:00,29.10628529460548
2025-06-16 17:36:14.559788+00:00,29.129631519524747
2025-06-16 17:36:14.816321+00:00,29.129631519524747
2025-06-16 17:36:15.234431+00:00,29.123901585245083
2025-06-16 17:36:15.538059+00:00,29.088811515374555
2025-06-16 17:36:17.264308+00:00,29.1360718903641
2025-06-16 17:36:17.968271+00:00,29.12418597224315
2025-06-16 17:36:18.769243+00:00,29.147673682237485
2025-06-16 17:36:19.034108+00:00,29.159275691736752
2025-06-16 17:36:19.294682+00:00,29.153545584656264
2025-06-16 17:36:20.355640+00:00,29.206392254988724
2025-06-16 17:36:20.739108+00:00,29.235610252571213
2025-06-16 17:36:21.466657+00:00,29.218276952363126
2025-06-16 17:36:21.850930+00:00,29.230020372141595
2025-06-16 17:36:23.488464+00:00,29.23617383827543
2025-06-16 17:36:24.423485+00:00,29.218418044790287
2025-06-16 17:36:26.386322+00:00,29.153545584656264
2025-06-16 17:36:26.667482+00:00,29.100413177660855
2025-06-16 17:36:26.971460+00:00,29.06503738428711
2025-06-16 17:36:27.281540+00:00,29.059165129978943
2025-06-16 17:36:27.614642+00:00,29.0355327849266
2025-06-16 17:36:27.909017+00:00,29.053578885457288
2025-06-16 17:36:28.159173+00:00,29.06518026531311
2025-06-16 17:36:28.459093+00:00,29.10628529460548
2025-06-16 17:36:28.966964+00:00,29.147531762664567
2025-06-16 17:36:29.620446+00:00,29.159417477043114
2025-06-16 17:36:29.767091+00:00,29.15913389565004
2025-06-16 17:36:30.000665+00:00,29.17087791885932
2025-06-16 17:36:30.376571+00:00,29.182197254588928
2025-06-16 17:36:30.739924+00:00,29.135929847304165
2025-06-16 17:36:32.562397+00:00,29.194648620693854
2025-06-16 17:36:33.120976+00:00,29.18262190193908
2025-06-16 17:36:34.799394+00:00,29.012330219605854
2025-06-16 17:36:35.091216+00:00,28.900899982440862
2025-06-16 17:36:35.635853+00:00,28.97709640434392
2025-06-16 17:36:36.540129+00:00,29.06546599502273
2025-06-16 17:36:36.914591+00:00,29.053578885457288
2025-06-16 17:36:37.208625+00:00,29.006457942143147
2025-06-16 17:36:37.466172+00:00,28.94171793696791
2025-06-16 17:36:37.777026+00:00,28.824266730913504
2025-06-16 17:36:38.160662+00:00,28.877120270252103
2025-06-16 17:36:38.557980+00:00,28.900465699606023
2025-06-16 17:36:38.753329+00:00,28.93570110310347
2025-06-16 17:36:39.079106+00:00,29.012043238292563
2025-06-16 17:36:39.341982+00:00,29.05329286563817
2025-06-16 17:36:39.683309+00:00,29.082368695440305
2025-06-16 17:36:40.332067+00:00,29.13521947029758
2025-06-16 17:36:40.550825+00:00,29.158850271135552
2025-06-16 17:36:40.834547+00:00,29.14724789117751
2025-06-16 17:36:41.575966+00:00,28.970936145418783
2025-06-16 17:36:42.227925+00:00,29.006170826551966
2025-06-16 17:36:42.747042+00:00,29.02994699179969
2025-06-16 17:36:42.974225+00:00,29.041261975366307
2025-06-16 17:36:43.298418+00:00,29.082511396618482
2025-06-16 17:36:44.176259+00:00,29.10027069945131
2025-06-16 17:36:44.986580+00:00,29.117744934008247
2025-06-16 17:36:45.408776+00:00,29.047134394047504
2025-06-16 17:36:45.752289+00:00,28.92410051189126
2025-06-16 17:36:46.761768+00:00,28.994713357120595
2025-06-16 17:36:49.028033+00:00,29.053435880938153
2025-06-16 17:36:49.380190+00:00,29.070766803892532
2025-06-16 17:36:49.800260+00:00,29.100128210461133
2025-06-16 17:36:50.258810+00:00,29.118029498397597
2025-06-16 17:36:50.558594+00:00,29.12347492389409
2025-06-16 17:36:51.433595+00:00,29.100128210461133
2025-06-16 17:36:52.191510+00:00,28.98224951934125
2025-06-16 17:36:52.589688+00:00,28.87023171636696
2025-06-16 17:36:53.810125+00:00,28.86479434646663
2025-06-16 17:36:54.684032+00:00,29.006027252584754
2025-06-16 17:36:55.047694+00:00,29.047134394047504
2025-06-16 17:36:55.692436+00:00,29.0764963369575
2025-06-16 17:36:56.070730+00:00,29.076353557862326
2025-06-16 17:36:58.473686+00:00,29.1113031761737
2025-06-16 17:36:59.250078+00:00,29.129773662060195
2025-06-16 17:36:59.591785+00:00,29.09970067880678
2025-06-16 17:36:59.995463+00:00,29.093828216151962
2025-06-16 17:37:01.447771+00:00,29.100128210461133
2025-06-16 17:37:01.798305+00:00,29.111445574015832
2025-06-16 17:37:02.168145+00:00,29.117744934008247
2025-06-16 17:37:02.518117+00:00,29.08809839906719
2025-06-16 17:37:02.876084+00:00,28.96491961950179
2025-06-16 17:37:03.606554+00:00,28.882412878252655
2025-06-16 17:37:04.733163+00:00,28.78859241174223
2025-06-16 17:37:06.009506+00:00,28.98239338342909
2025-06-16 17:37:06.983311+00:00,29.046991279267527
2025-06-16 17:37:07.899232+00:00,29.02937379171112
2025-06-16 17:37:09.302458+00:00,29.0764963369575
2025-06-16 17:37:11.458663+00:00,29.059022171035235
2025-06-16 17:37:12.798031+00:00,29.06460867652429
2025-06-16 17:37:14.164041+00:00,29.0647515898927
2025-06-16 17:37:14.616029+00:00,29.076353557862326
2025-06-16 17:37:14.974377+00:00,29.0822259834814
2025-06-16 17:37:20.320934+00:00,29.070481122209955
2025-06-16 17:37:21.298578+00:00,29.087955743463635
2025-06-16 17:37:23.318300+00:00,29.13536156725983
2025-06-16 17:37:24.273450+00:00,29.141517785593273
2025-06-16 17:37:24.973477+00:00,29.082368695440305
2025-06-16 17:37:29.076753+00:00,28.73602904098755
2025-06-16 17:37:31.317848+00:00,28.7126843680804
2025-06-16 17:37:33.460530+00:00,28.59507707311
2025-06-16 17:37:35.056845+00:00,28.80635700100469
2025-06-16 17:37:35.300249+00:00,28.918083446502514
2025-06-16 17:37:35.583551+00:00,28.93570110310347
2025-06-16 17:37:35.835697+00:00,28.971224066686936
2025-06-16 17:37:36.085007+00:00,28.994713357120595
2025-06-16 17:37:36.269635+00:00,29.000298404778526
2025-06-16 17:37:36.825480+00:00,28.97709640434392
2025-06-16 17:37:37.122112+00:00,28.959047060357673
2025-06-16 17:37:37.382341+00:00,28.958902938489015
2025-06-16 17:37:41.526953+00:00,28.900755232277493
2025-06-16 17:37:41.777784+00:00,28.894593097241525
2025-06-16 17:37:42.095060+00:00,28.906627690323035
2025-06-16 17:38:14.119094+00:00,28.619406585033836
2025-06-16 17:38:24.530376+00:00,27.83648040904222
2025-06-16 17:38:42.911023+00:00,28.2992343816121
2025-06-16 17:38:43.228751+00:00,28.281602824857494
2025-06-16 17:38:43.504119+00:00,28.31671391274749
2025-06-16 17:38:43.729132+00:00,28.298777939107428
2025-06-16 17:38:43.955790+00:00,28.24633944013449
2025-06-16 17:38:44.271794+00:00,28.21092254953351
2025-06-16 17:39:13.631314+00:00,28.073882847853127
2025-06-16 17:39:14.105274+00:00,28.114877221094844
2025-06-16 17:39:16.890625+00:00,28.344128051588303
2025-06-16 17:39:19.157144+00:00,28.391454367644858
2025-06-16 17:39:21.847048+00:00,28.32710161452852
2025-06-16 17:39:26.907489+00:00,27.745309522521328
2025-06-16 17:39:37.647012+00:00,28.133283123684418
2025-06-16 17:40:14.880464+00:00,28.454454160676104
2025-06-16 17:40:17.054537+00:00,28.36642793758132
2025-06-16 17:40:17.733213+00:00,28.360549404940787
2025-06-16 17:40:19.019440+00:00,28.431392759307027
2025-06-16 17:40:20.096199+00:00,28.243741372376608
2025-06-16 17:40:21.455439+00:00,27.396659350045496
2025-06-16 17:40:22.513273+00:00,27.878789782975304
2025-06-16 17:40:25.478483+00:00,27.855430172890554
2025-06-16 17:40:25.953069+00:00,27.802516962222864
2025-06-16 17:40:26.396401+00:00,27.68429175713417
2025-06-16 17:40:29.835695+00:00,27.74896851576499
2025-06-16 17:40:30.299850+00:00,27.913908247619723
2025-06-16 17:40:30.787652+00:00,28.07248899432034
2025-06-16 17:40:31.256471+00:00,28.149223610754607
2025-06-16 17:40:31.870732+00:00,28.143036632100063
2025-06-16 17:40:32.327664+00:00,28.20785739948675
2025-06-16 17:40:32.791558+00:00,28.184496020564403
2025-06-16 17:40:33.188997+00:00,28.12555416950312
2025-06-16 17:40:33.563351+00:00,28.119520913639953
2025-06-16 17:40:35.196038+00:00,27.90167913463093
2025-06-16 17:40:36.046745+00:00,27.866087608432895
2025-06-16 17:40:38.282073+00:00,28.125245536371338
2025-06-16 17:40:39.672264+00:00,28.019110690464267
2025-06-16 17:40:40.822023+00:00,27.901365331147094
2025-06-16 17:40:41.742018+00:00,27.842568925605384
2025-06-16 17:40:42.180881+00:00,27.90105148451705
2025-06-16 17:40:42.697998+00:00,28.030869314567646
2025-06-16 17:40:44.420456+00:00,28.101110958110976
2025-06-16 17:40:44.950060+00:00,28.17181585107674
2025-06-16 17:40:49.802120+00:00,28.153254084827605
2025-06-16 17:40:51.711440+00:00,28.253511043583764
2025-06-16 17:40:54.543644+00:00,28.288938914848025
2025-06-16 17:40:54.825593+00:00,28.206323206704997
2025-06-16 17:40:55.034426+00:00,28.158979614191246
2025-06-16 17:40:55.402126+00:00,28.059490124804803
2025-06-16 17:40:55.607688+00:00,28.059179819650414
2025-06-16 17:40:55.835795+00:00,28.0533000926325
2025-06-16 17:40:56.371313+00:00,28.11225146383826
2025-06-16 17:40:56.980800+00:00,28.14164915991539
2025-06-16 17:40:57.441688+00:00,28.129890111640677
2025-06-16 17:40:57.683234+00:00,28.20601623872756
2025-06-16 17:40:58.628471+00:00,28.241599446844972
2025-06-16 17:40:59.053941+00:00,28.288481332574452
2025-06-16 17:40:59.980619+00:00,28.347425996022906
2025-06-16 17:41:02.986939+00:00,28.453550571125856
2025-06-16 17:41:16.870634+00:00,28.56145903616238
2025-06-16 17:41:18.896838+00:00,28.550151731037978
2025-06-16 17:41:19.274241+00:00,28.55558130527826
2025-06-16 17:41:19.633756+00:00,28.561757556108166
2025-06-16 17:41:19.927010+00:00,28.520614169124773
2025-06-16 17:41:20.363053+00:00,28.52709034827538
2025-06-16 17:41:21.372315+00:00,28.538994563868684
2025-06-16 17:41:22.055653+00:00,28.573960015198686
2025-06-16 17:41:22.641379+00:00,28.58601260991074
2025-06-16 17:41:23.150523+00:00,28.544871854787687
2025-06-16 17:41:23.625635+00:00,28.56265285714512
2025-06-16 17:41:24.210978+00:00,28.521811578452226
2025-06-16 17:41:24.586186+00:00,28.522110822948772
2025-06-16 17:41:25.352980+00:00,28.48127178642649
2025-06-16 17:41:25.688730+00:00,28.51668281498558
2025-06-16 17:41:26.784916+00:00,28.51668281498558
2025-06-16 17:41:27.513472+00:00,28.50492919718746
2025-06-16 17:41:28.561195+00:00,28.427776298872587
2025-06-16 17:41:28.822225+00:00,28.433653579192054
2025-06-16 17:41:29.356315+00:00,28.464091698343456
2025-06-16 17:41:29.776377+00:00,28.49332544873021
2025-06-16 17:41:30.357423+00:00,28.49332544873021
2025-06-16 17:41:31.029092+00:00,28.558267640829268
2025-06-16 17:41:33.184279+00:00,28.452037419870674
2025-06-16 17:41:33.585923+00:00,28.458365229303684
2025-06-16 17:41:34.062092+00:00,28.458515509438357
2025-06-16 17:41:34.362509+00:00,28.35288600876408
2025-06-16 17:41:34.709749+00:00,28.281907468946287
2025-06-16 17:41:35.204171+00:00,28.25855169787142
2025-06-16 17:41:35.618716+00:00,28.34052598489641
2025-06-16 17:41:36.390756+00:00,28.45263887375888
2025-06-16 17:41:36.799455+00:00,28.45866577878923
2025-06-16 17:41:37.169144+00:00,28.35861133689772
2025-06-16 17:41:37.754873+00:00,28.381664970056732
2025-06-16 17:41:38.202518+00:00,28.423255544700872
2025-06-16 17:41:38.552759+00:00,28.434858357673665
2025-06-16 17:41:39.142246+00:00,28.441036043104127
2025-06-16 17:41:39.508084+00:00,28.45866577878923
2025-06-16 17:41:39.759747+00:00,28.464241922100516
2025-06-16 17:41:41.021459+00:00,28.546514566607936
2025-06-16 17:41:41.252960+00:00,28.54666383934575
2025-06-16 17:41:41.448481+00:00,28.540488663751454
2025-06-16 17:41:41.802499+00:00,28.54666383934575
2025-06-16 17:41:42.292499+00:00,28.563995080825606
2025-06-16 17:41:42.692478+00:00,28.59880830308047
2025-06-16 17:41:43.252229+00:00,28.57559927057891
2025-06-16 17:41:43.828256+00:00,28.58750133718781
2025-06-16 17:41:44.435445+00:00,28.53431316634559
2025-06-16 17:41:45.235001+00:00,28.463791218477976
2025-06-16 17:41:46.019487+00:00,28.446010047905972
2025-06-16 17:41:47.204379+00:00,28.292900562063707
2025-06-16 17:41:48.086105+00:00,28.275878013788006
2025-06-16 17:41:48.742470+00:00,28.387390809316216
2025-06-16 17:41:49.210547+00:00,28.43938027079006
2025-06-16 17:41:49.637315+00:00,28.468917050140785
2025-06-16 17:41:50.169139+00:00,28.486848700408007
2025-06-16 17:41:50.603851+00:00,28.51005730915015
2025-06-16 17:41:50.938809+00:00,28.521811578452226
2025-06-16 17:41:51.407822+00:00,28.5454693555082
2025-06-16 17:41:51.684852+00:00,28.55089845985689
2025-06-16 17:41:51.944394+00:00,28.533416303464378
2025-06-16 17:41:52.477230+00:00,28.539144022382434
2025-06-16 17:41:52.676949+00:00,28.538994563868684
2025-06-16 17:41:52.836019+00:00,28.527389544721753
2025-06-16 17:41:54.968710+00:00,28.544722452649008
2025-06-16 17:41:55.426779+00:00,28.544722452649008
2025-06-16 17:41:55.818318+00:00,28.556477138663023
2025-06-16 17:41:58.077845+00:00,28.579837380151314
2025-06-16 17:41:59.094011+00:00,28.597618223231162
2025-06-16 17:42:00.146417+00:00,28.603197987357113
2025-06-16 17:42:01.252167+00:00,28.549404732633864
2025-06-16 17:42:01.868807+00:00,28.573214467785448
2025-06-16 17:42:02.760785+00:00,28.561608301526945
2025-06-16 17:42:03.555416+00:00,28.573512719100634
2025-06-16 17:42:04.394503+00:00,28.597022924510433
2025-06-16 17:42:05.410445+00:00,28.585267841901388
2025-06-16 17:42:06.209388+00:00,28.555879959540036
2025-06-16 17:42:07.230564+00:00,28.561757556108166
2025-06-16 17:42:08.425339+00:00,28.561608301526945
2025-06-16 17:42:09.696258+00:00,28.556029270495856
2025-06-16 17:42:10.584744+00:00,28.550002352923983
2025-06-16 17:42:11.869449+00:00,28.555879959540036
2025-06-16 17:42:13.658059+00:00,28.50885882526959
2025-06-16 17:42:14.384063+00:00,28.556178570668283
2025-06-16 17:42:15.271043+00:00,28.561906799906026
2025-06-16 17:42:15.679560+00:00,28.52649182598047
2025-06-16 17:42:16.152225+00:00,28.561906799906026
2025-06-16 17:42:16.655554+00:00,28.544124736259995
2025-06-16 17:42:20.633195+00:00,28.344583237971555
2025-06-16 17:42:20.901258+00:00,28.379547390209492
2025-06-16 17:42:21.142146+00:00,28.38557654685139
2025-06-16 17:42:21.318698+00:00,28.379547390209492
2025-06-16 17:42:21.561940+00:00,28.373669482155584
2025-06-16 17:42:24.427289+00:00,28.48594841975811
2025-06-16 17:42:25.087730+00:00,28.491675850901434
2025-06-16 17:42:27.818657+00:00,28.585863677875334
2025-06-16 17:42:34.684256+00:00,28.538994563868684
2025-06-16 17:42:36.883427+00:00,28.456711436090238
2025-06-16 17:42:37.109065+00:00,28.29786476291418
2025-06-16 17:42:37.344879+00:00,28.203819076439036
2025-06-16 17:42:37.592794+00:00,28.156795268688175
2025-06-16 17:42:37.887719+00:00,28.192063184783404
2025-06-16 17:42:38.210517+00:00,28.209697007196336
2025-06-16 17:42:40.259858+00:00,28.503730607372184
2025-06-16 17:42:42.099501+00:00,28.55119707590069
2025-06-16 17:43:04.858655+00:00,28.422200536482478
2025-06-16 17:43:11.475185+00:00,28.36388264958413
2025-06-16 17:43:11.991406+00:00,28.357854119488238
2025-06-16 17:43:17.232525+00:00,28.38754192775787
2025-06-16 17:43:17.849022+00:00,28.481571884893352
2025-06-16 17:43:18.575430+00:00,28.522858745478608
2025-06-16 17:43:19.399929+00:00,28.558267640829268
2025-06-16 17:43:20.175718+00:00,28.581624788164003
2025-06-16 17:43:20.634182+00:00,28.48202195171588
2025-06-16 17:43:21.129190+00:00,28.34082926407058
2025-06-16 17:43:21.672352+00:00,28.21138194995734
2025-06-16 17:43:22.932325+00:00,28.11162257593471
2025-06-16 17:43:23.192346+00:00,28.152455784825758
2025-06-16 17:43:23.509465+00:00,28.181995890154127
2025-06-16 17:43:23.861427+00:00,28.258856814602783
2025-06-16 17:43:24.203858+00:00,28.32304668706409
2025-06-16 17:43:24.477972+00:00,28.36418541300151
2025-06-16 17:43:24.753481+00:00,28.42898161465549
2025-06-16 17:43:25.032021+00:00,28.47584518812647
2025-06-16 17:43:25.372511+00:00,28.47011860485308
2025-06-16 17:43:25.607196+00:00,28.523606398420874
2025-06-16 17:43:25.815138+00:00,28.546514566607936
2025-06-16 17:43:26.049686+00:00,28.55811849162382
2025-06-16 17:43:26.250829+00:00,28.558267640829268
2025-06-16 17:43:28.186244+00:00,28.34113250010728
2025-06-16 17:43:28.688667+00:00,28.253132513953194
2025-06-16 17:43:29.307765+00:00,28.31205241726363
2025-06-16 17:43:29.618216+00:00,28.376695292467307
2025-06-16 17:43:29.808292+00:00,28.423104861593046
2025-06-16 17:43:30.158258+00:00,28.447063024600062
2025-06-16 17:43:31.239245+00:00,28.52978156347039
2025-06-16 17:43:31.673903+00:00,28.576790636782434
2025-06-16 17:43:32.065410+00:00,28.612047019964802
2025-06-16 17:43:32.775386+00:00,28.61881329988784
2025-06-16 17:43:33.224955+00:00,28.576790636782434
2025-06-16 17:43:33.982686+00:00,28.518029194713414
2025-06-16 17:43:34.387715+00:00,28.39492879506239
2025-06-16 17:43:34.617335+00:00,28.370667462435236
2025-06-16 17:43:34.940321+00:00,28.3531889330002
2025-06-16 17:43:35.265205+00:00,28.28884997465645
2025-06-16 17:43:36.150884+00:00,28.32426107065359
2025-06-16 17:43:36.393974+00:00,28.365093444431505
2025-06-16 17:43:36.735269+00:00,28.429885148566754
2025-06-16 17:43:37.111469+00:00,28.48307173020603
2025-06-16 17:43:37.511838+00:00,28.50642646393336
2025-06-16 17:43:40.011132+00:00,28.63599564429698
2025-06-16 17:43:41.247961+00:00,28.707241131181096
2025-06-16 17:43:41.457015+00:00,28.700923598384485
2025-06-16 17:43:41.665493+00:00,28.700923598384485
2025-06-16 17:43:41.766201+00:00,28.67697823391011
2025-06-16 17:43:41.973671+00:00,28.718108510572495
2025-06-16 17:43:42.218506+00:00,28.712380093031545
2025-06-16 17:43:43.804939+00:00,28.712380093031545
2025-06-16 17:43:44.247843+00:00,28.717961260800642
2025-06-16 17:43:44.895334+00:00,28.671102439931442
2025-06-16 17:43:46.365138+00:00,28.66537447926987
2025-06-16 17:43:46.815437+00:00,28.677125942963556
2025-06-16 17:43:47.278692+00:00,28.700923598384485
2025-06-16 17:43:47.783809+00:00,28.706651788968667
2025-06-16 17:43:48.157305+00:00,28.70062874984439
2025-06-16 17:43:48.692767+00:00,28.712085469967686
2025-06-16 17:43:49.151950+00:00,28.635254640823582
2025-06-16 17:43:51.932654+00:00,28.688434609895534
2025-06-16 17:43:52.173261+00:00,28.700186396164504
2025-06-16 17:43:52.958886+00:00,28.700186396164504
2025-06-16 17:43:53.185896+00:00,28.717814000246232
2025-06-16 17:43:53.363575+00:00,28.723542644001903
2025-06-16 17:43:58.850930+00:00,28.76496722592825
2025-06-16 17:44:01.858802+00:00,28.629378507929417
2025-06-16 17:44:02.218099+00:00,28.664635154644106
2025-06-16 17:44:02.609380+00:00,28.647006876481857
2025-06-16 17:44:03.303689+00:00,28.61189853986733
2025-06-16 17:44:03.757526+00:00,28.588245296456336
2025-06-16 17:44:06.747855+00:00,28.63510640778005
2025-06-16 17:44:10.645831+00:00,28.629230207731208
2025-06-16 17:44:11.006302+00:00,28.635402863084156
2025-06-16 17:44:11.399669+00:00,28.64715496443382
2025-06-16 17:44:13.474118+00:00,28.69401541738078
2025-06-16 17:44:14.330336+00:00,28.670659046615643
2025-06-16 17:44:15.015118+00:00,28.7000389233726
2025-06-16 17:44:21.056012+00:00,28.782594297147078
2025-06-16 17:44:21.308059+00:00,28.74778077403361
2025-06-16 17:44:21.548948+00:00,28.776865195054285
2025-06-16 17:44:21.773956+00:00,28.753362641770842
2025-06-16 17:44:22.108380+00:00,28.776865195054285
2025-06-16 17:44:25.475757+00:00,28.76526064028431
2025-06-16 17:44:25.668997+00:00,28.76526064028431
2025-06-16 17:44:28.209822+00:00,28.506725787879706
2025-06-16 17:44:35.023108+00:00,28.76526064028431
2025-06-16 17:44:41.717836+00:00,28.712821946758023
2025-06-16 17:44:41.976890+00:00,28.742346048981446
2025-06-16 17:44:43.874755+00:00,28.63673637819691
2025-06-16 17:44:46.384097+00:00,28.70753573759177
2025-06-16 17:44:46.955246+00:00,28.70709381180188
2025-06-16 17:44:47.514282+00:00,28.70753573759177
2025-06-16 17:44:47.856290+00:00,28.58973240625541
2025-06-16 17:44:48.232194+00:00,28.54875252542129
2025-06-16 17:44:48.858314+00:00,28.607655860669077
2025-06-16 17:44:49.113837+00:00,28.619554879362827
2025-06-16 17:44:49.365507+00:00,28.637032596276402
2025-06-16 17:44:49.629532+00:00,28.695637882327844
2025-06-16 17:44:49.790520+00:00,28.713410934104086
2025-06-16 17:44:51.158387+00:00,28.74308052352783
2025-06-16 17:44:52.446654+00:00,28.584451675193886
2025-06-16 17:44:55.161108+00:00,28.42566500780795
2025-06-16 17:44:55.555977+00:00,28.43726584412588
2025-06-16 17:44:55.879199+00:00,28.48442066898358
2025-06-16 17:44:56.632831+00:00,28.59002969881736
2025-06-16 17:44:56.965330+00:00,28.63115726923616
2025-06-16 17:44:57.284077+00:00,28.672875042745815
2025-06-16 17:44:57.735530+00:00,28.713852561396823
2025-06-16 17:44:58.018167+00:00,28.707830300872125
2025-06-16 17:44:59.247619+00:00,28.74910232090871
2025-06-16 17:44:59.949320+00:00,28.778623293287815
2025-06-16 17:45:00.413344+00:00,28.80799723004478
2025-06-16 17:45:01.546424+00:00,28.825767372542682
2025-06-16 17:45:02.096971+00:00,28.855286126388062
2025-06-16 17:45:02.505213+00:00,28.7847908318425
2025-06-16 17:45:02.854839+00:00,28.802414791008605
2025-06-16 17:45:04.246035+00:00,28.83780818334448
2025-06-16 17:45:05.214038+00:00,28.855868236198322
2025-06-16 17:45:05.661740+00:00,28.814310060573096
2025-06-16 17:45:06.071072+00:00,28.767020220706353
2025-06-16 17:45:06.496761+00:00,28.761292079071698
2025-06-16 17:45:07.888069+00:00,28.767020220706353
2025-06-16 17:45:08.264542+00:00,28.737793165673086
2025-06-16 17:45:08.946920+00:00,28.75556405091398
2025-06-16 17:45:09.397743+00:00,28.79066549493711
2025-06-16 17:45:10.398142+00:00,28.814456063440982
2025-06-16 17:45:10.873933+00:00,28.784937181231154
2025-06-16 17:45:11.456747+00:00,28.790958048635844
2025-06-16 17:45:11.902721+00:00,28.778769731389357
2025-06-16 17:45:12.313126+00:00,28.79081177717756
2025-06-16 17:45:12.704678+00:00,28.78464447167165
2025-06-16 17:45:13.123664+00:00,28.80256093895335
2025-06-16 17:45:13.630724+00:00,28.802414791008605
2025-06-16 17:45:14.030461+00:00,28.802414791008605
2025-06-16 17:45:14.515862+00:00,28.8082894239855
2025-06-16 17:45:24.957946+00:00,28.8147480368306
2025-06-16 17:45:26.151925+00:00,28.756150683622973
2025-06-16 17:45:26.714001+00:00,28.64423975649403
2025-06-16 17:45:29.836181+00:00,28.68595223339597
2025-06-16 17:45:35.366660+00:00,28.76848535167307
2025-06-16 17:45:36.418945+00:00,28.827371571051707
2025-06-16 17:45:37.085449+00:00,28.862614948628675
2025-06-16 17:45:38.489668+00:00,28.86848880976217
2025-06-16 17:45:39.384292+00:00,28.874507895230757
2025-06-16 17:45:47.587192+00:00,28.84528443442044
2025-06-16 17:45:48.721733+00:00,28.869069951138588
2025-06-16 17:45:50.150674+00:00,28.87494353365642
2025-06-16 17:45:50.970594+00:00,28.822080929698576
2025-06-16 17:45:51.754452+00:00,28.880817106138217
2025-06-16 17:45:52.320759+00:00,28.88683572554052
2025-06-16 17:45:53.124539+00:00,28.886690668583974
2025-06-16 17:45:53.705813+00:00,28.898582686036313
2025-06-16 17:45:55.079178+00:00,28.60489663067118
2025-06-16 17:45:55.831932+00:00,28.722667905370837
2025-06-16 17:45:56.646836+00:00,28.757909546647834
2025-06-16 17:45:57.367939+00:00,28.681257418678094
2025-06-16 17:45:58.162503+00:00,28.752035964856717
2025-06-16 17:45:59.148728+00:00,28.76951030180549
2025-06-16 17:45:59.959196+00:00,28.793150826652184
2025-06-16 17:46:00.859738+00:00,28.816498971477294
2025-06-16 17:46:01.911621+00:00,28.863196358584716
2025-06-16 17:46:02.873516+00:00,28.85188549049798
2025-06-16 17:46:04.062357+00:00,28.863486998871974
2025-06-16 17:46:05.471334+00:00,28.875379075046457
2025-06-16 17:46:07.145784+00:00,28.922510384198464
2025-06-16 17:46:14.263285+00:00,28.892999158086628
2025-06-16 17:46:14.556843+00:00,28.88712580710859
2025-06-16 17:46:14.943425+00:00,28.82839174538388
2025-06-16 17:46:15.354996+00:00,28.822372510026156
2025-06-16 17:46:18.476009+00:00,28.8402841997821
2025-06-16 17:46:29.653776+00:00,28.85188549049798
2025-06-16 17:46:34.028254+00:00,29.011038464092753
2025-06-16 17:46:38.963853+00:00,29.029087126981004
2025-06-16 17:46:46.345018+00:00,29.076639105271926
2025-06-16 17:46:50.768828+00:00,28.729862687406154
2025-06-16 17:46:51.145574+00:00,28.794465328992718
2025-06-16 17:46:51.412763+00:00,28.800338236209914
2025-06-16 17:46:52.347949+00:00,28.96491961950179
2025-06-16 17:52:14.643957+00:00,28.368117411966153
2025-06-16 17:52:15.751625+00:00,27.974613445870784
2025-06-16 17:52:17.222736+00:00,28.36857063504165
2025-06-16 17:52:17.996437+00:00,28.47401889125831
2025-06-16 17:52:19.246102+00:00,28.4624190078339
2025-06-16 17:52:19.955779+00:00,28.62691183800899
2025-06-16 17:52:22.026285+00:00,28.715176861018033
2025-06-16 17:52:22.642086+00:00,28.67390834400193
2025-06-16 17:52:23.082888+00:00,28.679487821367807
2025-06-16 17:52:23.726737+00:00,28.720904207556806
2025-06-16 17:52:25.101797+00:00,28.75629731484441
2025-06-16 17:52:26.973274+00:00,28.79198164694342
2025-06-16 17:52:27.282243+00:00,28.809311763142436
2025-06-16 17:52:27.874493+00:00,28.82707999563339
2025-06-16 17:52:29.148814+00:00,28.8153318542253
2025-06-16 17:52:34.890373+00:00,28.90474582993665
2025-06-16 17:52:36.132884+00:00,28.91018481800664
2025-06-16 17:52:36.947315+00:00,28.910474383989534
2025-06-16 17:52:37.078417+00:00,28.928239053212476
2025-06-16 17:52:37.257361+00:00,28.939696731643608
2025-06-16 17:52:37.570843+00:00,28.928094487821546
2025-06-16 17:52:38.423694+00:00,28.898727597923624
2025-06-16 17:52:39.702660+00:00,28.92222112991312
2025-06-16 17:52:40.507033+00:00,28.91032960638887
2025-06-16 17:52:41.207853+00:00,28.78096500904661
2025-06-16 17:52:46.221693+00:00,28.728541537338717
2025-06-16 17:52:46.974086+00:00,28.540580336832296
2025-06-16 17:52:48.476189+00:00,28.628392438394787
2025-06-16 17:52:48.828251+00:00,28.5932970702556
2025-06-16 17:52:48.975795+00:00,28.516636634120392
2025-06-16 17:52:49.255350+00:00,28.464068293433893
2025-06-16 17:52:50.132565+00:00,28.546454279896064
2025-06-16 17:52:50.684622+00:00,28.575823844684663
2025-06-16 17:52:50.927521+00:00,28.634414298814765
2025-06-16 17:52:51.210445+00:00,28.651888085545455
2025-06-16 17:52:51.436292+00:00,28.687278584400506
2025-06-16 17:52:51.717049+00:00,28.740142057104258
2025-06-16 17:52:52.675594+00:00,28.793004716926028
2025-06-16 17:52:53.459664+00:00,28.488163138103435
2025-06-16 17:52:54.164584+00:00,28.499462454396042
2025-06-16 17:52:55.499255+00:00,28.622962672829015
2025-06-16 17:52:55.807954+00:00,28.605193158589465
2025-06-16 17:52:58.195650+00:00,28.769656680124022
2025-06-16 17:52:58.446690+00:00,28.810917228679347
2025-06-16 17:53:03.842306+00:00,28.911198110269474
2025-06-16 17:53:08.382966+00:00,28.782134831835737
2025-06-16 17:53:13.006318+00:00,28.56481953041684
2025-06-16 17:53:18.448573+00:00,28.717529014954362
2025-06-16 17:53:24.164235+00:00,28.781842440831458
2025-06-16 17:53:24.358351+00:00,28.769803047660336
2025-06-16 17:53:24.548281+00:00,28.73470868935201
2025-06-16 17:53:24.823523+00:00,28.74028877116842
2025-06-16 17:53:25.065135+00:00,28.728688374920303
2025-06-16 17:53:25.291058+00:00,28.73456192970282
2025-06-16 17:53:32.342958+00:00,28.482588536856724
2025-06-16 17:53:33.447585+00:00,28.241453136837862
2025-06-16 17:53:33.724834+00:00,28.176682558458616
2025-06-16 17:53:34.015078+00:00,28.170501692546093
2025-06-16 17:53:34.327704+00:00,28.147156777593178
2025-06-16 17:53:35.170921+00:00,28.111909277297542
2025-06-16 17:53:35.531477+00:00,28.070786737021198
2025-06-16 17:53:36.040785+00:00,28.035538453985975
2025-06-16 17:53:36.778343+00:00,27.924228553928756
2025-06-16 17:53:37.198250+00:00,28.329111702992403
2025-06-16 17:53:37.639164+00:00,28.470242029717998
2025-06-16 17:53:38.341874+00:00,28.57024724245107
2025-06-16 17:53:39.820397+00:00,28.716941235249905
2025-06-16 17:53:39.989997+00:00,28.73456192970282
2025-06-16 17:53:40.691171+00:00,28.775969100626202
2025-06-16 17:53:41.450869+00:00,28.82897446494217
2025-06-16 17:53:41.735949+00:00,28.811063115399556
2025-06-16 17:53:42.360951+00:00,28.84057529097737
2025-06-16 17:53:43.004987+00:00,28.87639496092961
2025-06-16 17:53:43.816403+00:00,28.89386874116822
2025-06-16 17:53:48.243233+00:00,28.647048557272093
2025-06-16 17:53:49.370942+00:00,28.253353878660455
2025-06-16 17:53:49.956870+00:00,28.4822892961649
2025-06-16 17:53:50.714349+00:00,28.68830958691042
2025-06-16 17:53:51.451890+00:00,28.776261625926654
2025-06-16 17:53:52.188742+00:00,28.723255459603475
2025-06-16 17:53:52.963081+00:00,28.711655698668988
2025-06-16 17:53:53.415229+00:00,28.670394737750026
2025-06-16 17:53:53.789663+00:00,28.617533203107172
2025-06-16 17:53:54.343780+00:00,28.711655698668988
2025-06-16 17:53:54.697591+00:00,28.758641947994157
2025-06-16 17:53:54.945396+00:00,28.793881213551273
2025-06-16 17:53:56.055469+00:00,28.605934289682576
2025-06-16 17:53:56.706863+00:00,28.80591936582598
2025-06-16 17:53:57.410028+00:00,28.835138808484906
2025-06-16 17:53:58.238360+00:00,28.89959684283361
2025-06-16 17:53:58.771195+00:00,28.823538400057533
2025-06-16 17:53:59.499546+00:00,28.86479434646663
2025-06-16 17:54:01.547722+00:00,28.923233331235625
2025-06-16 17:54:03.185449+00:00,28.970360173507494
2025-06-16 17:54:03.516133+00:00,28.970216153576533
2025-06-16 17:54:03.880630+00:00,28.958470508195187
2025-06-16 17:54:04.350927+00:00,28.952453438318447
2025-06-16 17:54:04.901468+00:00,28.96434333590285
2025-06-16 17:54:05.574526+00:00,28.958758805839054
2025-06-16 17:54:05.942674+00:00,28.982105644472206
2025-06-16 17:54:06.350998+00:00,28.970216153576533
2025-06-16 17:54:06.864034+00:00,28.958758805839054
2025-06-16 17:54:07.386657+00:00,28.958326343201275
2025-06-16 17:54:12.402685+00:00,28.958758805839054
2025-06-16 17:54:13.620274+00:00,28.976376856015982
2025-06-16 17:54:13.955900+00:00,28.97007212286431
2025-06-16 17:54:15.991446+00:00,28.952453438318447
2025-06-16 17:54:16.371137+00:00,28.958614662407776
2025-06-16 17:54:17.016415+00:00,28.853484599770564
2025-06-16 17:54:17.556598+00:00,28.84115734398532
2025-06-16 17:54:20.023423+00:00,28.75922767499037
2025-06-16 17:54:20.825479+00:00,28.73602904098755
2025-06-16 17:54:28.447887+00:00,28.60682329115554
2025-06-16 17:54:29.333090+00:00,28.64191396747314
2025-06-16 17:54:31.745460+00:00,28.900465699606023
2025-06-16 17:54:33.115167+00:00,28.959191171445024
2025-06-16 17:54:33.843288+00:00,28.965207696613586
2025-06-16 17:54:33.942098+00:00,28.98253723673574
2025-06-16 17:54:35.180823+00:00,28.994713357120595
2025-06-16 17:54:36.362284+00:00,29.006457942143147
2025-06-16 17:54:36.917282+00:00,29.000154763672096
2025-06-16 17:54:37.628203+00:00,28.994425972972248
2025-06-16 17:54:41.776955+00:00,28.847466530337044
2025-06-16 17:54:42.619379+00:00,28.959191171445024
2025-06-16 17:54:42.887801+00:00,28.96491961950179
2025-06-16 17:54:43.755845+00:00,28.98253723673574
2025-06-16 17:54:44.007360+00:00,29.00001111178456
2025-06-16 17:54:44.273266+00:00,28.987978364903935
2025-06-16 17:54:46.831481+00:00,29.017485288588862
2025-06-16 17:54:47.166060+00:00,28.98268107926119
2025-06-16 17:54:47.623430+00:00,28.98224951934125
2025-06-16 17:54:48.370310+00:00,28.988553531133135
2025-06-16 17:54:48.880432+00:00,28.970936145418783
2025-06-16 17:54:49.183415+00:00,28.994138545699364
2025-06-16 17:54:50.149086+00:00,28.98884104956075
2025-06-16 17:54:50.383544+00:00,29.012043238292563
2025-06-16 17:54:50.709825+00:00,28.994282264726376
2025-06-16 17:54:51.036568+00:00,28.99399481589121
2025-06-16 17:54:51.872022+00:00,28.994425972972248
2025-06-16 17:54:52.105107+00:00,29.006027252584754
2025-06-16 17:54:52.339420+00:00,28.994425972972248
2025-06-16 17:54:52.999418+00:00,28.959047060357673
2025-06-16 17:54:54.236915+00:00,29.012186734339732
2025-06-16 17:54:59.702701+00:00,29.058879201310702
2025-06-16 17:55:05.066593+00:00,28.412404072174557
2025-06-16 17:55:10.541792+00:00,28.717529014954362
2025-06-16 17:55:41.247942+00:00,28.658647800292673
2025-06-16 17:55:45.313736+00:00,28.66452127403857
2025-06-16 17:55:45.769391+00:00,28.681994292627646
2025-06-16 17:55:46.351415+00:00,28.74072884866672
2025-06-16 17:55:46.764927+00:00,28.793443013758147
2025-06-16 17:55:47.118241+00:00,28.764222390111705
2025-06-16 17:55:47.580671+00:00,28.77009575038629
2025-06-16 17:55:48.069894+00:00,28.816790642970144
2025-06-16 17:55:49.760517+00:00,28.617533203107172
2025-06-16 17:55:50.492950+00:00,28.552625906517672
2025-06-16 17:55:51.193780+00:00,28.629132334228565
2025-06-16 17:55:51.787372+00:00,28.452769963629738
2025-06-16 17:55:52.845496+00:00,28.299891770929857
2025-06-16 17:56:10.164505+00:00,28.87023171636696
2025-06-16 17:56:11.664389+00:00,28.899307137656717
2025-06-16 17:56:12.636656+00:00,28.787715771002045
2025-06-16 17:56:13.306544+00:00,28.83484764768939
2025-06-16 17:56:13.791370+00:00,28.893433998144772
2025-06-16 17:56:14.708749+00:00,28.928672684696423
2025-06-16 17:56:15.796434+00:00,28.905325057969936
2025-06-16 17:56:17.071226+00:00,28.458793828064106
2025-06-16 17:56:18.506242+00:00,28.317969154108983
2025-06-16 17:56:19.729358+00:00,28.42897351190383
2025-06-16 17:56:20.418837+00:00,28.35291112065736
2025-06-16 17:56:21.285788+00:00,28.36450837980942
2025-06-16 17:56:22.238391+00:00,28.370382556769552
2025-06-16 17:56:22.638151+00:00,28.470242029717998
2025-06-16 17:56:22.881295+00:00,28.51135979327586
2025-06-16 17:56:23.290980+00:00,28.705046949255095
2025-06-16 17:56:23.526291+00:00,28.734268378057273
2025-06-16 17:56:24.243551+00:00,28.76951030180549
2025-06-16 17:56:24.862372+00:00,28.763929553088555
2025-06-16 17:56:25.162436+00:00,28.798878295617214
2025-06-16 17:56:25.454552+00:00,28.828246038539444
2025-06-16 17:56:26.127124+00:00,28.757909546647834
2025-06-16 17:56:26.544662+00:00,28.816936462543566
2025-06-16 17:56:27.537254+00:00,28.852176334674866
2025-06-16 17:56:28.138295+00:00,28.887270831720112
2025-06-16 17:56:28.856005+00:00,28.64087950633769
2025-06-16 17:56:29.319716+00:00,28.66995227516339
2025-06-16 17:56:30.544077+00:00,28.428823238584705
2025-06-16 17:56:32.241749+00:00,28.229399540032478
2025-06-16 17:56:33.143145+00:00,28.481690685378158
2025-06-16 17:56:33.964567+00:00,28.664078609994522
2025-06-16 17:56:34.361274+00:00,28.53485543739337
2025-06-16 17:56:35.224879+00:00,28.705488235459264
2025-06-16 17:56:36.906531+00:00,28.852176334674866
2025-06-16 17:56:37.586087+00:00,28.86965092000678
2025-06-16 17:56:38.018392+00:00,28.875814519400965
2025-06-16 17:56:38.410705+00:00,28.875814519400965
2025-06-16 17:56:38.628897+00:00,28.88756084859817
2025-06-16 17:56:39.244068+00:00,28.911342823180814
2025-06-16 17:56:39.574238+00:00,28.934690219123258
2025-06-16 17:56:40.209249+00:00,28.928817206961465
2025-06-16 17:56:40.459887+00:00,28.946436213343524
2025-06-16 17:56:40.952968+00:00,28.923233331235625
2025-06-16 17:56:41.378822+00:00,28.875959645955692
2025-06-16 17:56:41.872096+00:00,28.835138808484906
2025-06-16 17:56:42.146575+00:00,28.788154139891702
2025-06-16 17:56:42.903786+00:00,28.764954293980313
2025-06-16 17:56:43.812028+00:00,28.74718859952698
2025-06-16 17:56:44.517036+00:00,28.741168829123787
2025-06-16 17:56:48.847395+00:00,28.758934833056784
2025-06-16 17:56:49.217980+00:00,28.747335160182924
2025-06-16 17:56:51.618116+00:00,28.81237561069059
2025-06-16 17:56:52.238410+00:00,28.865084749554928
2025-06-16 17:56:55.982702+00:00,28.906338291937693
2025-06-16 17:56:57.319380+00:00,28.959191171445024
2025-06-16 17:56:58.215350+00:00,28.959191171445024
2025-06-16 17:56:59.098783+00:00,28.918228016800498
2025-06-16 17:56:59.819299+00:00,28.942006508083345
2025-06-16 17:57:02.447880+00:00,28.953751139406126
2025-06-16 17:57:06.266770+00:00,28.97724028166586
2025-06-16 17:57:08.411966+00:00,29.006745014610036
2025-06-16 17:57:09.935320+00:00,28.995000698144427
2025-06-16 17:57:12.687773+00:00,29.053864862153016
2025-06-16 17:57:13.403092+00:00,29.066037325072532
2025-06-16 17:57:14.758367+00:00,29.095111124257503
2025-06-16 17:57:18.583856+00:00,29.071909099392133
2025-06-16 17:57:19.439335+00:00,29.030949676887765
2025-06-16 17:57:19.655647+00:00,29.007462507108652
2025-06-16 17:57:20.117762+00:00,29.01920611205977
2025-06-16 17:57:22.122380+00:00,28.790198578305276
2025-06-16 17:57:22.724295+00:00,28.925400555126
2025-06-16 17:57:23.986792+00:00,29.036535150982278
2025-06-16 17:57:25.423261+00:00,29.071909099392133
2025-06-16 17:57:28.349784+00:00,29.024934623967077
2025-06-16 17:57:29.051600+00:00,29.08952436216489
2025-06-16 17:57:30.344978+00:00,29.03080646850374
2025-06-16 17:57:33.785368+00:00,28.795924862850647
2025-06-16 17:57:34.257310+00:00,28.754672556858605
2025-06-16 17:57:34.819512+00:00,28.872263145129896
2025-06-16 17:57:36.596966+00:00,28.93098374716334
2025-06-16 17:57:37.267202+00:00,28.98383143134221
2025-06-16 17:57:37.693036+00:00,29.007319030171043
2025-06-16 17:57:38.194017+00:00,29.07219456545948
2025-06-16 17:57:38.885599+00:00,28.98383143134221
2025-06-16 17:57:39.739825+00:00,28.971943681185678
2025-06-16 17:57:40.443464+00:00,29.019062769399408
2025-06-16 17:57:42.031673+00:00,29.036678303009392
2025-06-16 17:57:43.167162+00:00,29.083937815461272
2025-06-16 17:57:43.876439+00:00,28.971943681185678
2025-06-16 17:57:45.679436+00:00,28.74322078815875
2025-06-16 17:57:56.968446+00:00,29.054293746340303
2025-06-16 17:57:58.296118+00:00,28.72545725148007
2025-06-16 17:58:20.054519+00:00,28.824849201523364
2025-06-16 17:58:20.624351+00:00,28.907350997609388
2025-06-16 17:58:31.098669+00:00,28.98984702445113
2025-06-16 17:58:41.446131+00:00,28.73764161803828
2025-06-16 17:58:43.493696+00:00,28.94903214483743
2025-06-16 17:58:43.990119+00:00,28.94888801806252
2025-06-16 17:58:44.645986+00:00,29.00187774539684
2025-06-16 17:58:48.597022+00:00,28.97839091211811
2025-06-16 17:58:51.756226+00:00,29.002021257130192
2025-06-16 17:58:52.632144+00:00,29.019636075354878
2025-06-16 17:58:55.847027+00:00,29.054865440991712
2025-06-16 17:58:56.934388+00:00,29.066751245067334
2025-06-16 17:58:57.690897+00:00,29.06689399672399
2025-06-16 17:58:58.422448+00:00,28.485727959890948
2025-06-16 17:59:03.350325+00:00,28.34990758048545
2025-06-16 17:59:03.702307+00:00,28.56719685977598
2025-06-16 17:59:04.005257+00:00,28.67877250477993
2025-06-16 17:59:04.893076+00:00,28.772728134123597
2025-06-16 17:59:06.517661+00:00,28.784472407241633
2025-06-16 17:59:07.177724+00:00,28.849210460412753
2025-06-16 17:59:09.316111+00:00,28.96077568184067
2025-06-16 17:59:11.905842+00:00,29.00789287323518
2025-06-16 17:59:13.677258+00:00,28.796654225452325
2025-06-16 17:59:18.857044+00:00,28.9372885677129
2025-06-16 17:59:22.743916+00:00,29.007605973265207
2025-06-16 17:59:22.995100+00:00,29.00789287323518
2025-06-16 17:59:23.382296+00:00,29.013621101854266
2025-06-16 17:59:25.668431+00:00,28.960919663552612
2025-06-16 17:59:26.260170+00:00,28.872843165206525
2025-06-16 17:59:26.788097+00:00,28.737788151257973
2025-06-16 17:59:27.197584+00:00,28.72604398624922
2025-06-16 17:59:27.748848+00:00,28.684791955198115
2025-06-16 17:59:28.125467+00:00,28.590686770167036
2025-06-16 17:59:28.499409+00:00,28.4849809095578
2025-06-16 17:59:28.793184+00:00,28.373398975398114
2025-06-16 17:59:29.793544+00:00,28.32039178819376
2025-06-16 17:59:30.137307+00:00,28.384994028515084
2025-06-16 17:59:30.592305+00:00,28.431676587612944
2025-06-16 17:59:31.191817+00:00,28.478809236519403
2025-06-16 17:59:31.530827+00:00,28.51991846781139
2025-06-16 17:59:32.025288+00:00,28.619753126051908
2025-06-16 17:59:32.443808+00:00,28.65528319622195
2025-06-16 17:59:32.835408+00:00,28.75481893176046
2025-06-16 17:59:33.174816+00:00,28.78403432210447
2025-06-16 17:59:33.506146+00:00,28.795778957984158
2025-06-16 17:59:33.739058+00:00,28.784180361265637
2025-06-16 17:59:33.989241+00:00,28.790198578305276
2025-06-16 17:59:34.223344+00:00,28.831303618067537
2025-06-16 17:59:34.367051+00:00,28.872553176731582
2025-06-16 17:59:34.634816+00:00,28.87211811315651
2025-06-16 17:59:35.034533+00:00,28.901623571534223
2025-06-16 17:59:35.326536+00:00,28.91952866431549
2025-06-16 17:59:36.189340+00:00,28.937144306655362
2025-06-16 17:59:36.429648+00:00,28.948743880506278
2025-06-16 17:59:36.655813+00:00,28.972375320510206
2025-06-16 17:59:36.919458+00:00,28.966359573810177
2025-06-16 17:59:37.174661+00:00,28.960199647180215
2025-06-16 17:59:37.424080+00:00,28.972375320510206
2025-06-16 17:59:37.672382+00:00,28.96063168934747
2025-06-16 17:59:37.833396+00:00,28.96048768607299
2025-06-16 17:59:38.384626+00:00,28.95447170710848
2025-06-16 17:59:38.636881+00:00,28.972087571741742
2025-06-16 17:59:38.871063+00:00,28.972375320510206
2025-06-16 17:59:39.104562+00:00,28.98984702445113
2025-06-16 17:59:39.405475+00:00,28.984118911550745
2025-06-16 17:59:39.739841+00:00,28.94903214483743
2025-06-16 17:59:39.980951+00:00,28.872263145129896
2025-06-16 17:59:40.325196+00:00,28.81383291450207
2025-06-16 17:59:40.634272+00:00,28.755111649217415
2025-06-16 17:59:40.922522+00:00,28.696095320424465
2025-06-16 17:59:41.172269+00:00,28.755111649217415
2025-06-16 17:59:41.337126+00:00,28.790344528754822
2025-06-16 17:59:41.737684+00:00,28.82543149962241
2025-06-16 17:59:41.980088+00:00,28.878280204520472
2025-06-16 17:59:42.255280+00:00,28.89604100076795
2025-06-16 17:59:42.506266+00:00,28.91365676347443
2025-06-16 17:59:42.807294+00:00,28.931272435905953
2025-06-16 17:59:43.065811+00:00,28.94888801806252
2025-06-16 17:59:43.315077+00:00,28.948743880506278
2025-06-16 17:59:43.580330+00:00,28.907640245053205
2025-06-16 17:59:43.842688+00:00,28.83115812686148
2025-06-16 17:59:44.162728+00:00,28.737495074036268
2025-06-16 17:59:44.603935+00:00,28.696389380877623
2025-06-16 17:59:44.938416+00:00,28.7079870242561
2025-06-16 17:59:45.233016+00:00,28.76083753469455
2025-06-16 17:59:45.584432+00:00,28.8197049858625
2025-06-16 17:59:46.718242+00:00,28.907784852602823
2025-06-16 17:59:47.190933+00:00,28.93098374716334
2025-06-16 17:59:47.663125+00:00,28.895751506315374
2025-06-16 17:59:48.399519+00:00,28.825577047192382
2025-06-16 17:59:48.898074+00:00,28.778454190953322
2025-06-16 17:59:49.213829+00:00,28.73720195368525
2025-06-16 17:59:49.494986+00:00,28.760691237723513
2025-06-16 17:59:49.988154+00:00,28.72545725148007
2025-06-16 17:59:50.385126+00:00,28.560878616650257
2025-06-16 17:59:50.675951+00:00,28.408335125055313
2025-06-16 17:59:51.086294+00:00,28.414358281975396
2025-06-16 17:59:51.590366+00:00,28.589797206886118
2025-06-16 17:59:52.084202+00:00,28.68390890332895
2025-06-16 17:59:52.509595+00:00,28.748800173715722
2025-06-16 17:59:52.813003+00:00,28.795924862850647
2025-06-16 17:59:53.204403+00:00,28.67275289924537
2025-06-16 17:59:53.825763+00:00,28.631498189373396
2025-06-16 17:59:55.113753+00:00,28.654988195644265
2025-06-16 17:59:57.649884+00:00,28.94802303100507
2025-06-16 18:00:02.266045+00:00,28.925256149003488
2025-06-16 18:00:03.498516+00:00,28.819413745648575
2025-06-16 18:00:04.854110+00:00,28.978247121045754
2025-06-16 18:00:06.099861+00:00,29.025364418190406
2025-06-16 18:00:10.407416+00:00,29.031092874490845
2025-06-16 18:00:14.666419+00:00,28.755257991772524
2025-06-16 18:00:16.937214+00:00,28.784326389644693
2025-06-16 18:00:18.916767+00:00,28.954759858720266
2025-06-16 18:00:20.434999+00:00,28.907784852602823
2025-06-16 18:00:22.693131+00:00,28.867116363618422
2025-06-16 18:00:24.775235+00:00,28.749385877224768
2025-06-16 18:00:25.567335+00:00,28.902057595611556
2025-06-16 18:00:26.590734+00:00,28.96063168934747
2025-06-16 18:00:29.801354+00:00,28.972806862803807
2025-06-16 18:00:30.489355+00:00,28.99629319908647
2025-06-16 18:00:30.999355+00:00,28.990277994829924
2025-06-16 18:00:31.730817+00:00,29.013764479310076
2025-06-16 18:00:51.829177+00:00,29.055722659544312
2025-06-16 18:00:52.137073+00:00,29.05586549157026
2025-06-16 18:00:53.207498+00:00,29.061736547447385
2025-06-16 18:00:53.608978+00:00,29.037966186112595
2025-06-16 18:00:54.003955+00:00,29.014337881323204
2025-06-16 18:00:54.329615+00:00,29.03238116777681
2025-06-16 18:01:02.519346+00:00,29.1261754738137
2025-06-16 18:01:02.994927+00:00,29.13805936125702
2025-06-16 18:01:03.909300+00:00,29.108704633438588
2025-06-16 18:01:04.390954+00:00,29.108562405634117
2025-06-16 18:01:05.790498+00:00,29.10326047792382
2025-06-16 18:01:06.947734+00:00,29.09123409483454
2025-06-16 18:01:07.281338+00:00,29.114575599059265
2025-06-16 18:01:07.650199+00:00,29.12631750021513
2025-06-16 18:01:08.515558+00:00,29.126033436631804
2025-06-16 18:01:09.162201+00:00,29.138201242610485
2025-06-16 18:01:09.878823+00:00,29.15581375756007
2025-06-16 18:01:10.397537+00:00,29.102975941948124
2025-06-16 18:01:10.889634+00:00,28.997728287040477
2025-06-16 18:01:11.372956+00:00,28.691987425699487
2025-06-16 18:01:15.906253+00:00,28.93815390764931
2025-06-16 18:01:19.098151+00:00,29.07892193212337
2025-06-16 18:01:21.267628+00:00,29.114149084708004
2025-06-16 18:01:22.729694+00:00,29.137917469123142
2025-06-16 18:01:34.311588+00:00,29.067750280268182
2025-06-16 18:01:35.009886+00:00,29.097105023405465
2025-06-16 18:01:35.412596+00:00,29.149659424317694
2025-06-16 18:01:37.290727+00:00,29.115002016385848
2025-06-16 18:01:37.575641+00:00,29.126459515836096
2025-06-16 18:01:37.701393+00:00,29.120588637406502
2025-06-16 18:01:38.028185+00:00,29.12044655465144
2025-06-16 18:01:39.005662+00:00,29.026796364839488
2025-06-16 18:01:39.630969+00:00,29.038252263767912
2025-06-16 18:01:40.049782+00:00,29.0207821697787
2025-06-16 18:01:40.309092+00:00,29.008896683527443
2025-06-16 18:01:40.584806+00:00,29.009040041873664
2025-06-16 18:01:43.188142+00:00,29.0207821697787
2025-06-16 18:01:43.453353+00:00,29.043980383430625
2025-06-16 18:01:43.710257+00:00,28.97968454661643
2025-06-16 18:01:43.960109+00:00,28.913945811944007
2025-06-16 18:01:47.802821+00:00,28.920972803982
2025-06-16 18:01:51.479813+00:00,28.84979142542026
2025-06-16 18:02:00.151907+00:00,28.973382101591753
2025-06-16 18:02:02.270255+00:00,29.079634749527308
2025-06-16 18:02:05.235198+00:00,28.814706779254394
2025-06-16 18:02:08.063273+00:00,28.90908583538136
2025-06-16 18:02:08.959672+00:00,28.96751076100706
2025-06-16 18:02:10.988363+00:00,29.08479314929376
2025-06-16 18:02:12.461697+00:00,29.096677937182527
2025-06-16 18:02:12.649445+00:00,29.108420167049093
2025-06-16 18:02:12.927880+00:00,29.114006891696526
2025-06-16 18:02:13.411328+00:00,29.108420167049093
2025-06-16 18:02:14.103186+00:00,29.114433438389366
2025-06-16 18:02:14.594053+00:00,29.114433438389366
2025-06-16 18:02:16.218330+00:00,29.114575599059265
2025-06-16 18:02:17.426958+00:00,29.096677937182527
2025-06-16 18:02:19.013747+00:00,29.032094955846368
2025-06-16 18:02:20.211190+00:00,29.073193357101967
2025-06-16 18:02:20.627289+00:00,29.07892193212337
2025-06-16 18:02:22.527998+00:00,29.061308220437123
2025-06-16 18:02:28.609278+00:00,29.102975941948124
2025-06-16 18:02:29.819031+00:00,28.961927233660976
2025-06-16 18:02:31.365285+00:00,29.085363156235353
2025-06-16 18:02:34.665416+00:00,29.102975941948124
2025-06-16 18:02:36.061046+00:00,29.079634749527308
2025-06-16 18:02:36.761158+00:00,29.1148598880575
2025-06-16 18:02:38.599804+00:00,29.144213894394962
2025-06-16 18:02:39.009211+00:00,29.150226391104525
2025-06-16 18:02:39.268449+00:00,29.15581375756007
2025-06-16 18:02:41.542965+00:00,29.009183389438867
2025-06-16 18:02:43.320680+00:00,29.115286240701014
2025-06-16 18:02:44.098024+00:00,29.115286240701014
2025-06-16 18:02:46.196380+00:00,29.114717748948642
2025-06-16 18:02:49.746890+00:00,29.161826177860988
2025-06-16 18:02:54.951279+00:00,28.985842887185512
2025-06-16 18:02:57.612476+00:00,29.062164777430723
2025-06-16 18:02:59.667543+00:00,28.90364818705015
2025-06-16 18:03:14.272353+00:00,29.038252263767912
2025-06-16 18:03:15.094694+00:00,28.932859453120294
2025-06-16 18:03:15.811639+00:00,28.99744135569827
2025-06-16 18:03:19.651659+00:00,28.862405084620587
2025-06-16 18:03:21.816631+00:00,29.05615112327976
2025-06-16 18:03:22.101412+00:00,29.04426630524957
2025-06-16 18:03:22.429058+00:00,29.067607593296017
2025-06-16 18:03:23.073524+00:00,29.097105023405465
2025-06-16 18:03:23.499139+00:00,29.073478629116153
2025-06-16 18:03:28.328575+00:00,29.208932880077594
2025-06-16 18:03:28.669957+00:00,29.191179783076944
2025-06-16 18:03:29.038705+00:00,29.191321038677668
2025-06-16 18:03:29.297765+00:00,29.191321038677668
2025-06-16 18:03:29.625679+00:00,29.20292115496706
2025-06-16 18:03:32.054111+00:00,29.156097085126973
2025-06-16 18:03:33.801543+00:00,28.874002687839297
2025-06-16 18:03:35.037559+00:00,28.944745782799153
2025-06-16 18:03:37.342451+00:00,28.99157032378592
2025-06-16 18:03:39.449815+00:00,29.126743514736646
2025-06-16 18:03:40.242506+00:00,29.120588637406502
2025-06-16 18:03:41.172694+00:00,29.161684575820072
2025-06-16 18:03:42.616986+00:00,29.15581375756007
2025-06-16 18:03:44.406363+00:00,29.17328470369881
2025-06-16 18:03:54.032314+00:00,29.096962672111754
2025-06-16 18:03:56.787946+00:00,28.956343921722993
2025-06-16 18:03:58.728577+00:00,29.0207821697787
2025-06-16 18:04:13.461773+00:00,29.06817827650027
2025-06-16 18:04:15.503427+00:00,29.079064517165538
2025-06-16 18:04:16.760881+00:00,29.10927343685104
2025-06-16 18:04:17.199748+00:00,29.120730709381068
2025-06-16 18:04:17.760327+00:00,29.126459515836096
2025-06-16 18:04:19.329006+00:00,28.944889847339276
2025-06-16 18:04:19.774657+00:00,28.926988310899524
2025-06-16 18:04:19.989044+00:00,28.95032880065254
2025-06-16 18:04:20.267044+00:00,28.927132587645005
2025-06-16 18:04:21.693774+00:00,29.009183389438867
2025-06-16 18:04:25.088790+00:00,28.950184770909413
2025-06-16 18:04:25.788730+00:00,28.97982822987709
2025-06-16 18:04:27.011284+00:00,29.067750280268182
2025-06-16 18:04:27.377100+00:00,29.085363156235353
2025-06-16 18:04:27.779115+00:00,29.067892956459612
2025-06-16 18:04:28.547593+00:00,29.07390645628208
2025-06-16 18:04:30.170115+00:00,29.085648095022204
2025-06-16 18:04:32.518710+00:00,28.34569559225748
2025-06-16 18:04:33.698761+00:00,28.445520523384655
2025-06-16 18:04:33.872545+00:00,28.3923715839213
2025-06-16 18:04:34.398728+00:00,28.32792798992877
2025-06-16 18:04:34.724816+00:00,28.38619839981157
2025-06-16 18:04:35.503231+00:00,28.59187225069225
2025-06-16 18:04:36.791025+00:00,28.8737128718711
2025-06-16 18:04:37.175110+00:00,28.938298093237268
2025-06-16 18:04:37.925633+00:00,28.985268401138793
2025-06-16 18:04:38.459600+00:00,29.01476781963253
2025-06-16 18:04:38.703302+00:00,29.043694418488254
2025-06-16 18:04:38.921665+00:00,29.0381092303307
2025-06-16 18:04:39.283478+00:00,29.04383740634987
2025-06-16 18:04:39.731773+00:00,29.049851526501833
2025-06-16 18:04:39.957647+00:00,29.04383740634987
2025-06-16 18:04:40.175461+00:00,29.043694418488254
2025-06-16 18:04:40.467796+00:00,29.026080526276765
2025-06-16 18:04:41.419669+00:00,29.055436963150015
2025-06-16 18:04:42.515066+00:00,29.055579816737566
2025-06-16 18:04:42.991115+00:00,29.078779336300506
2025-06-16 18:04:49.150374+00:00,29.008323142332333
2025-06-16 18:04:49.418452+00:00,28.914523779505338
2025-06-16 18:04:49.727469+00:00,28.926411096103546
2025-06-16 18:04:50.055038+00:00,28.938009711279992
2025-06-16 18:04:50.407778+00:00,28.961783327417816
2025-06-16 18:04:50.657222+00:00,28.979109705762195
2025-06-16 18:04:50.862983+00:00,28.990708868178594
2025-06-16 18:04:51.390037+00:00,29.00245172764383
2025-06-16 18:04:51.781689+00:00,29.020209208814574
2025-06-16 18:04:53.566920+00:00,28.897198547315465
2025-06-16 18:04:55.160968+00:00,28.73866712414747
2025-06-16 18:04:55.595484+00:00,28.820869515440975
2025-06-16 18:04:56.530587+00:00,28.879729152006487
2025-06-16 18:04:57.165968+00:00,28.738813581890973
2025-06-16 18:04:59.022944+00:00,28.63884729215109
2025-06-16 18:05:00.508779+00:00,28.938298093237268
2025-06-16 18:05:03.347866+00:00,29.038252263767912
2025-06-16 18:05:07.890521+00:00,28.979109705762195
2025-06-16 18:05:12.787831+00:00,28.744099552235017
2025-06-16 18:05:13.401880+00:00,28.573811365950093
2025-06-16 18:05:14.000357+00:00,28.738374176313545
2025-06-16 18:05:14.483284+00:00,28.85580824802609
2025-06-16 18:05:15.941330+00:00,28.996867363641016
2025-06-16 18:05:16.343520+00:00,29.026223715551186
2025-06-16 18:05:18.355368+00:00,29.0670367375999
2025-06-16 18:05:19.966658+00:00,28.94402529837876
2025-06-16 18:05:20.423360+00:00,28.979109705762195
2025-06-16 18:05:20.965377+00:00,28.990708868178594
2025-06-16 18:05:25.598840+00:00,29.043694418488254
2025-06-16 18:05:26.218003+00:00,29.049422764328423
2025-06-16 18:05:26.577013+00:00,29.055436963150015
2025-06-16 18:05:27.012582+00:00,29.055436963150015
2025-06-16 18:05:27.347864+00:00,29.03782313111361
2025-06-16 18:05:27.658282+00:00,29.078779336300506
2025-06-16 18:05:28.560896+00:00,29.067179467695055
2025-06-16 18:05:31.726020+00:00,29.114149084708004
2025-06-16 18:05:32.843131+00:00,29.114291266938945
2025-06-16 18:05:36.833920+00:00,28.715033628476903
2025-06-16 18:05:38.683861+00:00,28.403364416184086
2025-06-16 18:05:40.766809+00:00,28.791074119271475
2025-06-16 18:05:41.160487+00:00,28.814561162083894
2025-06-16 18:05:41.513461+00:00,28.79694589501869
2025-06-16 18:05:44.361861+00:00,28.93786550412931
2025-06-16 18:05:44.882168+00:00,28.98469374259394
2025-06-16 18:05:45.599281+00:00,29.01405120187865
2025-06-16 18:05:49.026992+00:00,28.520812607559098
2025-06-16 18:05:50.540402+00:00,28.744099552235017
2025-06-16 18:05:51.306888+00:00,28.849936639717672
2025-06-16 18:05:52.492908+00:00,28.973238308066566
2025-06-16 18:05:53.156391+00:00,28.80839801544533
2025-06-16 18:05:53.473007+00:00,28.79122000502861
2025-06-16 18:05:53.740097+00:00,28.814561162083894
2025-06-16 18:05:55.172622+00:00,28.908507728628177
2025-06-16 18:05:55.589284+00:00,28.949464460474257
2025-06-16 18:05:56.448935+00:00,28.996867363641016
2025-06-16 18:05:58.778340+00:00,29.072908041964908
2025-06-16 18:05:59.830735+00:00,29.067179467695055
2025-06-16 18:06:02.490749+00:00,28.83203091236962
2025-06-16 18:06:04.672079+00:00,28.83174002699442
2025-06-16 18:06:05.341704+00:00,28.86109946158211
2025-06-16 18:06:10.005676+00:00,28.960919663552612
2025-06-16 18:06:12.033760+00:00,29.037536988772953
2025-06-16 18:06:14.885102+00:00,28.585259145149998
2025-06-16 18:06:15.288199+00:00,28.502897228211218
2025-06-16 18:06:15.857764+00:00,28.561621463487054
2025-06-16 18:06:16.223361+00:00,28.64353848175966
2025-06-16 18:06:17.524760+00:00,28.77302040556197
2025-06-16 18:06:20.123661+00:00,28.808543721326103
2025-06-16 18:06:20.390032+00:00,28.814124245880677
2025-06-16 18:06:23.482190+00:00,28.978534692409287
2025-06-16 18:06:24.034847+00:00,28.996149630995102
2025-06-16 18:06:24.760931+00:00,28.948743880506278
2025-06-16 18:06:27.926729+00:00,28.925400555126
2025-06-16 18:06:28.622483+00:00,28.948743880506278
2025-06-16 18:06:28.823038+00:00,28.948743880506278
2025-06-16 18:06:29.130425+00:00,28.983256341551122
2025-06-16 18:06:29.298350+00:00,28.972231451516585
2025-06-16 18:06:29.581806+00:00,28.98383143134221
2025-06-16 18:06:29.800923+00:00,28.984118911550745
2025-06-16 18:06:30.004446+00:00,28.92511173209953
2025-06-16 18:06:30.585188+00:00,28.801797098596644
2025-06-16 18:06:31.383073+00:00,28.84891991321824
2025-06-16 18:06:32.390076+00:00,28.890169059804684
2025-06-16 18:06:33.258359+00:00,28.948599732168706
2025-06-16 18:06:34.046109+00:00,29.001590689586926
2025-06-16 18:06:34.572511+00:00,29.01319090480073
2025-06-16 18:06:35.122129+00:00,29.00144714551035
2025-06-16 18:06:35.624569+00:00,28.995144352484655
2025-06-16 18:06:36.108296+00:00,29.00130359065269
2025-06-16 18:06:37.346915+00:00,28.960199647180215
2025-06-16 18:06:37.755000+00:00,28.960343672017245
2025-06-16 18:06:38.048958+00:00,29.00144714551035
2025-06-16 18:06:38.658547+00:00,29.007319030171043
2025-06-16 18:06:39.234596+00:00,28.84891991321824
2025-06-16 18:06:39.719265+00:00,28.76685598251876
2025-06-16 18:06:40.329882+00:00,28.66629095977103
2025-06-16 18:06:40.738874+00:00,28.560432779150105
2025-06-16 18:06:41.157286+00:00,28.413456565452076
2025-06-16 18:06:41.650452+00:00,28.555154560566613
2025-06-16 18:06:41.851375+00:00,28.572624014903962
2025-06-16 18:06:42.297661+00:00,28.58994549439053
2025-06-16 18:06:42.814877+00:00,28.601691060951556
2025-06-16 18:06:43.023109+00:00,28.595818282686892
2025-06-16 18:06:43.473285+00:00,28.561027207583958
2025-06-16 18:06:44.581326+00:00,28.50215102350752
2025-06-16 18:06:45.386378+00:00,28.719438107532742
2025-06-16 18:06:46.449093+00:00,28.842757100253422
2025-06-16 18:06:46.999816+00:00,28.895751506315374
2025-06-16 18:06:48.926011+00:00,28.96063168934747
2025-06-16 18:06:49.336076+00:00,28.96063168934747
2025-06-16 18:06:49.764596+00:00,28.966215626894993
2025-06-16 18:06:50.204189+00:00,28.97795950655748
2025-06-16 18:06:50.790825+00:00,28.96048768607299
2025-06-16 18:06:51.039662+00:00,28.966359573810177
2025-06-16 18:06:51.538417+00:00,28.984118911550745
2025-06-16 18:06:52.104160+00:00,28.731622862248113
2025-06-16 18:06:52.298159+00:00,28.660860672134465
2025-06-16 18:06:52.507100+00:00,28.666733138593653
2025-06-16 18:06:53.163474+00:00,28.74923946752092
2025-06-16 18:06:53.642991+00:00,28.807960833111085
2025-06-16 18:06:54.680499+00:00,28.872408166321584
2025-06-16 18:06:55.830089+00:00,28.772728134123597
2025-06-16 18:06:55.984011+00:00,28.81383291450207
2025-06-16 18:06:56.333715+00:00,28.86668119564611
2025-06-16 18:06:56.627743+00:00,28.866971318409366
2025-06-16 18:06:56.880092+00:00,28.878570080270872
2025-06-16 18:06:57.271666+00:00,28.896330452094222
2025-06-16 18:06:57.881068+00:00,28.996149630995102
2025-06-16 18:06:58.438314+00:00,28.990277994829924
2025-06-16 18:06:58.711407+00:00,28.97251917872262
2025-06-16 18:06:59.501558+00:00,28.866971318409366
2025-06-16 18:07:00.815116+00:00,28.86668119564611
2025-06-16 18:07:01.798103+00:00,28.93141676410515
2025-06-16 18:07:03.698068+00:00,29.090094445545155
2025-06-16 18:07:06.615599+00:00,28.94888801806252
2025-06-16 18:07:08.870944+00:00,28.755111649217415
2025-06-16 18:07:14.632125+00:00,29.031665557093838
2025-06-16 18:07:14.932028+00:00,29.025364418190406
2025-06-16 18:07:16.095175+00:00,29.0313792373542
2025-06-16 18:07:16.731352+00:00,29.02579411538508
2025-06-16 18:07:17.297855+00:00,29.0313792373542
2025-06-16 18:07:17.925965+00:00,29.06102261519306
2025-06-16 18:07:18.459412+00:00,29.06102261519306
2025-06-16 18:07:18.785391+00:00,29.061165423205484
2025-06-16 18:07:19.151662+00:00,29.07247998840386
2025-06-16 18:07:19.671546+00:00,29.019922663646685
2025-06-16 18:07:20.374792+00:00,28.867551434555377
2025-06-16 18:07:21.343915+00:00,28.908652271488723
2025-06-16 18:07:22.003044+00:00,28.972806862803807
2025-06-16 18:07:25.362440+00:00,29.008179730080986
2025-06-16 18:07:43.626414+00:00,29.066465709411712
2025-06-16 18:07:44.513824+00:00,29.054722533500097
2025-06-16 18:07:52.030463+00:00,29.002021257130192
2025-06-16 18:07:52.229902+00:00,28.995862462469077
2025-06-16 18:08:01.334726+00:00,28.508173023311574
2025-06-16 18:08:02.371047+00:00,28.684350477785166
2025-06-16 18:08:08.795390+00:00,28.972087571741742
2025-06-16 18:08:09.452874+00:00,28.937144306655362
2025-06-16 18:08:09.885271+00:00,28.960919663552612
2025-06-16 18:08:10.458136+00:00,28.972375320510206
2025-06-16 18:08:11.231494+00:00,29.025077899489155
2025-06-16 18:08:12.075555+00:00,29.042693201592638
2025-06-16 18:08:18.451920+00:00,28.67877250477993
2025-06-16 18:08:19.138668+00:00,28.89031385800186
2025-06-16 18:08:19.614300+00:00,28.943304544425093
2025-06-16 18:08:21.895582+00:00,28.949176260831027
2025-06-16 18:08:22.095714+00:00,28.97266302615382
2025-06-16 18:08:29.040824+00:00,28.755404323545395
2025-06-16 18:08:29.325461+00:00,28.825577047192382
2025-06-16 18:08:29.551225+00:00,28.890169059804684
2025-06-16 18:08:31.149481+00:00,28.949176260831027
2025-06-16 18:08:33.137823+00:00,29.036964574720876
2025-06-16 18:08:34.097027+00:00,29.05457961522766
2025-06-16 18:08:36.647531+00:00,29.066608482629906
2025-06-16 18:08:38.362195+00:00,29.07247998840386
2025-06-16 18:08:38.694521+00:00,29.048993905127478
2025-06-16 18:08:39.245585+00:00,28.990421630060602
2025-06-16 18:08:39.689600+00:00,29.008036307048602
2025-06-16 18:08:40.317925+00:00,29.055294098781655
2025-06-16 18:08:40.630468+00:00,29.090094445545155
2025-06-16 18:08:40.985679+00:00,29.08408039805172
2025-06-16 18:08:41.554252+00:00,29.08995194087107
2025-06-16 18:08:41.880897+00:00,29.054865440991712
2025-06-16 18:08:42.725172+00:00,28.990277994829924
2025-06-16 18:08:43.310587+00:00,29.05515122363249
2025-06-16 18:08:46.405479+00:00,28.843629144707577
2025-06-16 18:08:47.246830+00:00,28.73822768622312
2025-06-16 18:08:48.882920+00:00,28.856243624793684
2025-06-16 18:08:50.538937+00:00,28.33891726842135
2025-06-16 18:08:50.791080+00:00,28.362256601402116
2025-06-16 18:08:54.167829+00:00,28.896619860294216
2025-06-16 18:08:59.911240+00:00,29.04326539021823
2025-06-16 18:09:04.530317+00:00,28.567345351204114
2025-06-16 18:09:09.989698+00:00,29.055008337702514
2025-06-16 18:09:11.169172+00:00,29.019922663646685
2025-06-16 18:09:12.170840+00:00,29.043551419845777
2025-06-16 18:09:12.438998+00:00,29.037393901431287
2025-06-16 18:09:12.739189+00:00,29.037536988772953
2025-06-16 18:09:12.957108+00:00,29.055008337702514
2025-06-16 18:09:13.541138+00:00,29.031665557093838
2025-06-16 18:09:14.833430+00:00,29.061165423205484
2025-06-16 18:09:15.660359+00:00,29.078636729696946
2025-06-16 18:09:17.999573+00:00,28.96693525365848
2025-06-16 18:09:20.148792+00:00,29.031808700792265
2025-06-16 18:09:21.585152+00:00,29.008323142332333
2025-06-16 18:09:22.361734+00:00,28.978822220648087
2025-06-16 18:09:23.152420+00:00,28.767733070335936
2025-06-16 18:09:23.359749+00:00,28.726190642985554
2025-06-16 18:09:23.534380+00:00,28.7201718886997
2025-06-16 18:09:23.986658+00:00,28.785056369808395
2025-06-16 18:09:24.729650+00:00,28.938009711279992
2025-06-16 18:09:25.304224+00:00,29.00288210112794
2025-06-16 18:09:26.416705+00:00,29.07892193212337
2025-06-16 18:09:26.735475+00:00,29.108277917683512
2025-06-16 18:09:27.603734+00:00,28.943737029141307
2025-06-16 18:09:28.089122+00:00,28.961783327417816
2025-06-16 18:09:28.749167+00:00,28.867841427938203
2025-06-16 18:09:29.352175+00:00,28.955336032568294
2025-06-16 18:09:30.173135+00:00,28.978965968595727
2025-06-16 18:09:31.188701+00:00,28.93141676410515
2025-06-16 18:09:32.078430+00:00,28.937721286197263
2025-06-16 18:09:33.788584+00:00,28.996149630995102
2025-06-16 18:09:34.172970+00:00,29.00789287323518
2025-06-16 18:09:35.068599+00:00,29.037536988772953
2025-06-16 18:09:35.402880+00:00,29.054865440991712
2025-06-16 18:09:35.730086+00:00,29.06102261519306
2025-06-16 18:09:36.256148+00:00,29.07247998840386
2025-06-16 18:09:37.176061+00:00,29.04927982204228
2025-06-16 18:09:39.466381+00:00,29.037250803308723
2025-06-16 18:09:41.487836+00:00,29.02579411538508
2025-06-16 18:09:50.547976+00:00,28.937432817989066
2025-06-16 18:09:51.249760+00:00,28.97266302615382
2025-06-16 18:09:52.452359+00:00,29.013907845984875
2025-06-16 18:09:55.546931+00:00,29.025364418190406
2025-06-16 18:09:55.799041+00:00,29.0313792373542
2025-06-16 18:09:56.173062+00:00,29.019636075354878
2025-06-16 18:09:56.769528+00:00,29.04326539021823
2025-06-16 18:09:58.414923+00:00,29.054722533500097
2025-06-16 18:10:05.601581+00:00,28.879294580967947
2025-06-16 18:10:09.052895+00:00,28.790782315411025
2025-06-16 18:10:44.767986+00:00,29.1148598880575
2025-06-16 18:10:50.884437+00:00,29.091376502482856
2025-06-16 18:10:58.742340+00:00,28.927276853609094
2025-06-16 18:11:27.255002+00:00,29.067750280268182
2025-06-16 18:11:27.530092+00:00,29.097105023405465
2025-06-16 18:11:29.870791+00:00,29.15008466557834
2025-06-16 18:11:57.008326+00:00,29.102975941948124
2025-06-16 18:11:57.368056+00:00,29.10283365778942
2025-06-16 18:11:57.620076+00:00,29.114717748948642
2025-06-16 18:11:57.799626+00:00,29.114433438389366
2025-06-16 18:11:58.067426+00:00,29.03223806720204
2025-06-16 18:11:58.351565+00:00,28.961927233660976
2025-06-16 18:11:59.626590+00:00,29.04426630524957
2025-06-16 18:11:59.891481+00:00,29.073478629116153
2025-06-16 18:12:00.141299+00:00,29.09123409483454
2025-06-16 18:12:02.709057+00:00,29.114717748948642
2025-06-16 18:12:03.525082+00:00,29.1261754738137
2025-06-16 18:12:03.847679+00:00,29.131904506434804
2025-06-16 18:12:04.318902+00:00,29.1261754738137
2025-06-16 18:12:05.029752+00:00,29.120588637406502
2025-06-16 18:12:06.029524+00:00,29.05586549157026
2025-06-16 18:12:07.279798+00:00,29.03223806720204
2025-06-16 18:12:07.584094+00:00,29.108704633438588
2025-06-16 18:12:07.963985+00:00,29.12631750021513
2025-06-16 18:12:08.333087+00:00,29.14393027673522
2025-06-16 18:12:08.675348+00:00,29.161684575820072
2025-06-16 18:12:09.116791+00:00,29.155672077606138
2025-06-16 18:12:09.599227+00:00,29.161684575820072
2025-06-16 18:12:10.132200+00:00,29.173426182255266
2025-06-16 18:12:14.199587+00:00,29.096962672111754
2025-06-16 18:12:14.375704+00:00,29.09123409483454
2025-06-16 18:12:14.627086+00:00,29.102975941948124
2025-06-16 18:12:14.760039+00:00,29.13233038423742
2025-06-16 18:12:15.040824+00:00,29.108846850462516
2025-06-16 18:12:15.374200+00:00,29.103118215326255
2025-06-16 18:12:15.726172+00:00,29.138201242610485
2025-06-16 18:12:18.767634+00:00,28.867986408457075
2025-06-16 18:12:25.521112+00:00,29.115002016385848
2025-06-16 18:12:27.167496+00:00,29.13275616501614
2025-06-16 18:12:27.399750+00:00,29.156097085126973
2025-06-16 18:12:29.366980+00:00,29.161826177860988
2025-06-16 18:12:30.223880+00:00,29.185733017946045
2025-06-16 18:12:31.204012+00:00,29.197332840194765
2025-06-16 18:12:32.689372+00:00,29.138768660220325
2025-06-16 18:12:33.061704+00:00,29.126743514736646
2025-06-16 18:12:33.427813+00:00,29.14463924003177
2025-06-16 18:12:54.643561+00:00,29.150509809815865
2025-06-16 18:12:54.883255+00:00,29.13275616501614
2025-06-16 18:12:55.653838+00:00,29.103402729740814
2025-06-16 18:12:57.114855+00:00,29.150509809815865
2025-06-16 18:12:57.326597+00:00,29.162534026361257
2025-06-16 18:12:57.726383+00:00,29.17399198867873
2025-06-16 18:12:58.236452+00:00,29.144497468933206
2025-06-16 18:12:59.875738+00:00,28.915823575802452
2025-06-16 18:13:05.107331+00:00,29.127027470515372
2025-06-16 18:13:11.014734+00:00,29.15036810585037
2025-06-16 18:13:12.731375+00:00,29.138768660220325
2025-06-16 18:13:13.474293+00:00,29.121298889474513
2025-06-16 18:13:14.076029+00:00,29.109415610752805
2025-06-16 18:13:14.427039+00:00,29.080347297414246
2025-06-16 18:13:14.995241+00:00,29.09767432077434
2025-06-16 18:13:15.480780+00:00,29.068320920349496
2025-06-16 18:13:18.253943+00:00,28.75114195265489
2025-06-16 18:13:19.140370+00:00,28.96235888770302
2025-06-16 18:13:19.541181+00:00,28.985842887185512
2025-06-16 18:13:20.532306+00:00,29.050994417941375
2025-06-16 18:13:22.091242+00:00,29.062022044883705
2025-06-16 18:13:22.406736+00:00,29.056579489988103
2025-06-16 18:13:22.824100+00:00,29.044838019517293
2025-06-16 18:13:23.171702+00:00,29.05615112327976
2025-06-16 18:13:23.502373+00:00,29.033525584262506
2025-06-16 18:13:23.807349+00:00,29.03366858780921
2025-06-16 18:13:24.104394+00:00,29.03338256993491
2025-06-16 18:13:24.700949+00:00,29.033811580575033
2025-06-16 18:13:25.277077+00:00,29.027798086028344
2025-06-16 18:13:26.649833+00:00,29.045266692019286
2025-06-16 18:13:27.170507+00:00,29.06302094631696
2025-06-16 18:13:27.432263+00:00,29.05686501388974
2025-06-16 18:13:27.595137+00:00,29.062735599811212
2025-06-16 18:13:27.964212+00:00,29.06302094631696
2025-06-16 18:13:28.148464+00:00,29.009899965549767
2025-06-16 18:13:28.314079+00:00,29.02751193387897
2025-06-16 18:13:30.397776+00:00,29.03323954482644
2025-06-16 18:13:31.094518+00:00,29.038967269240864
2025-06-16 18:13:31.556789+00:00,29.050708759766373
2025-06-16 18:13:35.106129+00:00,28.75672082430088
2025-06-16 18:13:35.375999+00:00,28.809708980221274
2025-06-16 18:13:35.906830+00:00,28.89233990069572
2025-06-16 18:13:36.319135+00:00,28.856388728819397
2025-06-16 18:13:36.582390+00:00,28.773896961105468
2025-06-16 18:13:37.692200+00:00,28.7857860804198
2025-06-16 18:13:37.908911+00:00,28.779768565497935
2025-06-16 18:13:38.573792+00:00,28.71488688057039
2025-06-16 18:13:38.948600+00:00,28.7857860804198
2025-06-16 18:13:39.362875+00:00,28.809126437029438
2025-06-16 18:13:40.283389+00:00,28.667764511786487
2025-06-16 18:13:40.642285+00:00,28.69154644086892
2025-06-16 18:13:41.460529+00:00,28.714740121881448
2025-06-16 18:13:41.795367+00:00,28.738374176313545
2025-06-16 18:13:41.922512+00:00,28.72633728893951
2025-06-16 18:13:44.872749+00:00,28.55574908509489
2025-06-16 18:13:46.267236+00:00,28.643686100179906
2025-06-16 18:13:46.673029+00:00,28.74923946752092
2025-06-16 18:13:47.812839+00:00,28.713859343316823
2025-06-16 18:13:48.949431+00:00,28.396438827978855
2025-06-16 18:13:49.344205+00:00,28.549281903518263
2025-06-16 18:13:50.178667+00:00,28.701526756601613
2025-06-16 18:13:50.554985+00:00,28.77772360549837
2025-06-16 18:13:51.248304+00:00,28.80694036362792
2025-06-16 18:13:51.590164+00:00,28.765685928293166
2025-06-16 18:13:51.809654+00:00,28.723989659789428
2025-06-16 18:13:52.749348+00:00,28.72369601206234
2025-06-16 18:13:54.707773+00:00,28.435598514669177
2025-06-16 18:13:55.076978+00:00,28.447046033805716
2025-06-16 18:13:55.562223+00:00,28.4764154441917
2025-06-16 18:13:58.102734+00:00,28.763783118403605
2025-06-16 18:13:58.531850+00:00,28.757469976452672
2025-06-16 18:13:59.114376+00:00,28.78096500904661
2025-06-16 18:13:59.598193+00:00,28.78125752943692
2025-06-16 18:14:00.304147+00:00,28.810333573978202
2025-06-16 18:14:01.306645+00:00,28.76951030180549
2025-06-16 18:14:02.097365+00:00,28.79285859641775
2025-06-16 18:14:03.178420+00:00,28.82810032091305
2025-06-16 18:14:03.523195+00:00,28.833828245274802
2025-06-16 18:14:03.964268+00:00,28.863196358584716
2025-06-16 18:14:04.262149+00:00,28.84528443442044
2025-06-16 18:14:05.392619+00:00,28.85115819137355
2025-06-16 18:14:06.870586+00:00,28.787131128199263
2025-06-16 18:14:08.601504+00:00,28.769363912704716
2025-06-16 18:14:09.627141+00:00,28.73456192970282
2025-06-16 18:14:10.752062+00:00,28.711655698668988
2025-06-16 18:14:11.107126+00:00,28.71150870276599
2025-06-16 18:14:11.355714+00:00,28.7113616960805
2025-06-16 18:14:11.672130+00:00,28.7113616960805
2025-06-16 18:14:11.835445+00:00,28.711214678612514
2025-06-16 18:14:12.055503+00:00,28.71738208620195
2025-06-16 18:14:12.261340+00:00,28.69917327714581
2025-06-16 18:14:12.419904+00:00,28.67567848835516
2025-06-16 18:14:12.629441+00:00,28.669509715532467
2025-06-16 18:14:13.365188+00:00,28.652183538998887
2025-06-16 18:14:13.983456+00:00,28.652774316512343
2025-06-16 18:14:14.193896+00:00,28.64087950633769
2025-06-16 18:14:19.473969+00:00,28.617088927379164
2025-06-16 18:14:19.772855+00:00,28.599764228349116
2025-06-16 18:14:20.302033+00:00,28.599170990156505
2025-06-16 18:14:20.823166+00:00,28.616792689645745
2025-06-16 18:14:21.072549+00:00,28.581549200347045
2025-06-16 18:14:21.383349+00:00,28.569503934943672
2025-06-16 18:14:21.849777+00:00,28.5932970702556
2025-06-16 18:14:22.800978+00:00,28.628392438394787
2025-06-16 18:14:22.944363+00:00,28.640140282041735
2025-06-16 18:14:23.195365+00:00,28.639992404834018
2025-06-16 18:14:23.470563+00:00,28.633970465730336
2025-06-16 18:14:23.721463+00:00,28.627948371499695
2025-06-16 18:14:24.180733+00:00,28.59255494411948
2025-06-16 18:14:24.975176+00:00,28.581103554080432
2025-06-16 18:14:25.305092+00:00,28.440271320000104
2025-06-16 18:14:25.720064+00:00,28.481091902053805
2025-06-16 18:14:26.519480+00:00,28.481241614060306
2025-06-16 18:14:26.850666+00:00,28.387100469638245
2025-06-16 18:14:27.646894+00:00,28.404422856367695
2025-06-16 18:14:28.253268+00:00,28.322479869433128
2025-06-16 18:14:29.078425+00:00,28.387100469638245
2025-06-16 18:14:30.276573+00:00,28.598132408172233
2025-06-16 18:14:31.188777+00:00,28.639400788174573
2025-06-16 18:14:31.513649+00:00,28.662602362303296
2025-06-16 18:14:31.939951+00:00,28.651001466398032
2025-06-16 18:14:32.314194+00:00,28.645127166743887
2025-06-16 18:14:32.706593+00:00,28.66215927773227
2025-06-16 18:14:33.189725+00:00,28.650853658800305
2025-06-16 18:14:33.661942+00:00,28.580063335381812
2025-06-16 18:14:33.945276+00:00,28.56214173523115
2025-06-16 18:14:34.312309+00:00,28.597093297817842
2025-06-16 18:14:34.788756+00:00,28.620592637742032
2025-06-16 18:14:35.306004+00:00,28.59121843773984
2025-06-16 18:14:35.606029+00:00,28.544666406654738
2025-06-16 18:14:35.983950+00:00,28.52629571683419
2025-06-16 18:14:36.150394+00:00,28.485169701987967
2025-06-16 18:14:37.138673+00:00,28.33226009445508
2025-06-16 18:14:37.638715+00:00,28.384837376644477
2025-06-16 18:14:37.998204+00:00,28.461668901212608
2025-06-16 18:14:38.233847+00:00,28.473419321678765
2025-06-16 18:14:38.513218+00:00,28.50234641414294
2025-06-16 18:14:38.901645+00:00,28.54979607588308
2025-06-16 18:14:39.122181+00:00,28.55507515932724
2025-06-16 18:14:39.361349+00:00,28.519673583750656
2025-06-16 18:14:39.821484+00:00,28.531723046022318
2025-06-16 18:14:40.121512+00:00,28.543324482699514
2025-06-16 18:14:40.415935+00:00,28.537449129325424
2025-06-16 18:14:40.690501+00:00,28.560652561585634
2025-06-16 18:14:40.897301+00:00,28.554926137064005
2025-06-16 18:14:41.597692+00:00,28.554926137064005
2025-06-16 18:14:41.945018+00:00,28.584451675193886
2025-06-16 18:14:43.614657+00:00,28.5782788740465
2025-06-16 18:14:44.159686+00:00,28.59017832892363
2025-06-16 18:14:44.722746+00:00,28.554628060187614
2025-06-16 18:14:45.563797+00:00,28.542876980614125
2025-06-16 18:14:46.817341+00:00,28.478395241935683
2025-06-16 18:14:47.175935+00:00,28.513798123057096
2025-06-16 18:14:49.106360+00:00,28.51937470097708
2025-06-16 18:14:49.799901+00:00,28.51937470097708
2025-06-16 18:14:50.778817+00:00,28.48412098029636
2025-06-16 18:14:52.249665+00:00,28.384233475383695
2025-06-16 18:14:53.190308+00:00,28.48397111977728
2025-06-16 18:14:55.264256+00:00,28.566528009113203
2025-06-16 18:14:55.776397+00:00,28.55507515932724
2025-06-16 18:14:56.370629+00:00,28.56035459745728
2025-06-16 18:14:57.858571+00:00,28.40788740161486
2025-06-16 18:15:01.419364+00:00,28.131410002086106
2025-06-16 18:15:03.804770+00:00,28.137286316925774
2025-06-16 18:15:04.260627+00:00,28.119657342283563
2025-06-16 18:15:06.432654+00:00,27.972745705891562
2025-06-16 18:15:07.462272+00:00,28.107904642316747
2025-06-16 18:15:09.333682+00:00,28.337226586635055
2025-06-16 18:15:17.737593+00:00,28.3840824731082
2025-06-16 18:15:18.461997+00:00,28.40216246220702
2025-06-16 18:15:19.138541+00:00,28.39041112916427
2025-06-16 18:15:19.810263+00:00,28.425363975894733
2025-06-16 18:15:20.227008+00:00,28.47251964379897
2025-06-16 18:15:21.493944+00:00,28.525100895544313
2025-06-16 18:15:23.312385+00:00,28.57857639210086
2025-06-16 18:15:23.903553+00:00,28.590475556786757
2025-06-16 18:15:24.725969+00:00,28.572701098967684
2025-06-16 18:15:25.503927+00:00,28.561099426903585
2025-06-16 18:15:26.151918+00:00,28.59062415454362
2025-06-16 18:15:27.492594+00:00,28.484720314536236
2025-06-16 18:15:28.712279+00:00,28.549348904670847
2025-06-16 18:15:30.304169+00:00,28.602522854568356
2025-06-16 18:15:31.682339+00:00,28.57902258830849
2025-06-16 18:15:34.734392+00:00,28.58549217862024
2025-06-16 18:15:35.083010+00:00,28.614569531816272
2025-06-16 18:15:35.461374+00:00,28.626319295932625
2025-06-16 18:15:36.821314+00:00,28.673613168985227
2025-06-16 18:15:37.849907+00:00,28.55611801323764
2025-06-16 18:15:38.609126+00:00,28.526594314322313
2025-06-16 18:15:38.982104+00:00,28.597241774503416
2025-06-16 18:15:39.439835+00:00,28.597241774503416
2025-06-16 18:15:39.797541+00:00,28.603116557387175
2025-06-16 18:15:40.265175+00:00,28.615014357475925
2025-06-16 18:15:40.592129+00:00,28.56214173523115
2025-06-16 18:15:40.825895+00:00,28.550392153199642
2025-06-16 18:15:41.110267+00:00,28.520719333778942
2025-06-16 18:15:41.787208+00:00,28.56184398676813
2025-06-16 18:15:42.070386+00:00,28.615014357475925
2025-06-16 18:15:42.881239+00:00,28.585640778834282
2025-06-16 18:15:43.533489+00:00,28.50911882662077
2025-06-16 18:15:45.170983+00:00,28.603264956134236
2025-06-16 18:15:46.710040+00:00,28.555522161417155
2025-06-16 18:15:47.134730+00:00,28.59768713986165
2025-06-16 18:15:49.788157+00:00,28.76848535167307
2025-06-16 18:15:50.102256+00:00,28.75629731484441
2025-06-16 18:15:50.319996+00:00,28.66818145437306
2025-06-16 18:15:50.520230+00:00,28.539537129380708
2025-06-16 18:15:50.913217+00:00,28.356971846258762
2025-06-16 18:15:54.156152+00:00,28.039865750446697
2025-06-16 18:15:54.516292+00:00,28.14546783219988
2025-06-16 18:15:55.617675+00:00,28.545113520539786
2025-06-16 18:15:56.203560+00:00,28.63910491514768
2025-06-16 18:15:57.006883+00:00,28.463168844862174
2025-06-16 18:15:57.841356+00:00,28.439370130158764
2025-06-16 18:15:58.051530+00:00,28.46301889902394
2025-06-16 18:15:58.678295+00:00,28.369023761059648
2025-06-16 18:15:59.389675+00:00,28.36917478149733
2025-06-16 18:15:59.825499+00:00,28.345675864178048
2025-06-16 18:16:00.644160+00:00,28.475217512801542
2025-06-16 18:16:01.321109+00:00,28.29265081945517
2025-06-16 18:16:01.953750+00:00,28.340103789927
2025-06-16 18:16:02.788470+00:00,28.481091902053805
2025-06-16 18:16:03.452900+00:00,28.357727620092426
2025-06-16 18:16:07.535727+00:00,28.263428388904657
2025-06-16 18:16:09.252491+00:00,28.56348106954435
2025-06-16 18:16:10.797530+00:00,28.1225819709118
2025-06-16 18:16:11.594491+00:00,28.322934413298718
2025-06-16 18:16:18.268169+00:00,28.70401690405651
2025-06-16 18:16:18.685553+00:00,28.545858494681866
2025-06-16 18:16:18.868225+00:00,28.486816625639236
2025-06-16 18:16:19.346831+00:00,28.36917478149733
2025-06-16 18:16:20.399802+00:00,28.251830941973243
2025-06-16 18:16:20.650086+00:00,28.369023761059648
2025-06-16 18:16:20.912551+00:00,28.46919325640242
2025-06-16 18:16:22.695225+00:00,28.621926122141307
2025-06-16 18:16:22.890192+00:00,28.639400788174573
2025-06-16 18:16:23.308412+00:00,28.65144482449435
2025-06-16 18:16:23.570780+00:00,28.663192990772718
2025-06-16 18:16:23.759002+00:00,28.68052027516222
2025-06-16 18:16:25.900098+00:00,28.745575720677856
2025-06-16 18:16:26.133877+00:00,28.757176875744427
2025-06-16 18:16:26.513353+00:00,28.763197271841218
2025-06-16 18:16:26.744321+00:00,28.786838742105
2025-06-16 18:16:27.045157+00:00,28.774944922435463
2025-06-16 18:16:27.672753+00:00,28.616496408780495
2025-06-16 18:16:27.920704+00:00,28.59931931587921
2025-06-16 18:16:28.563539+00:00,28.686983915211265
2025-06-16 18:16:30.022807+00:00,28.798732242256495
2025-06-16 18:16:30.612900+00:00,28.805043804353428
2025-06-16 18:16:31.048450+00:00,28.74028877116842
2025-06-16 18:16:36.683630+00:00,28.811208991337732
2025-06-16 18:16:36.969226+00:00,28.811063115399556
2025-06-16 18:16:37.652850+00:00,28.840720820402172
2025-06-16 18:16:38.547303+00:00,28.723255459603475
2025-06-16 18:16:39.115906+00:00,28.670247261003844
2025-06-16 18:16:39.687160+00:00,28.694035689607606
2025-06-16 18:16:41.144222+00:00,28.711949658127512
2025-06-16 18:16:41.792016+00:00,28.658795400561225
2025-06-16 18:16:45.478159+00:00,28.72956917397913
2025-06-16 18:16:48.777871+00:00,28.829411391400544
2025-06-16 18:16:50.718262+00:00,28.894303387157045
2025-06-16 18:16:51.069374+00:00,28.894158515942387
2025-06-16 18:17:04.042189+00:00,28.289509551183873
2025-06-16 18:17:06.299512+00:00,28.748067801728045
2025-06-16 18:17:07.194438+00:00,28.812521389590678
2025-06-16 18:17:07.577380+00:00,28.847902658410508
2025-06-16 18:17:10.157473+00:00,28.701085689463017
2025-06-16 18:17:10.608891+00:00,28.806794539145145
2025-06-16 18:17:10.956660+00:00,28.8540657705972
2025-06-16 18:17:11.534938+00:00,28.83057605421832
2025-06-16 18:17:11.989181+00:00,28.85392049406323
2025-06-16 18:17:12.312202+00:00,28.824412364738865
2025-06-16 18:17:13.340652+00:00,28.724576825854573
2025-06-16 18:17:13.570217+00:00,28.730302876678753
2025-06-16 18:17:13.909678+00:00,28.759666857023845
2025-06-16 18:17:14.301330+00:00,28.824412364738865
2025-06-16 18:17:14.553283+00:00,28.842030100041168
2025-06-16 18:17:16.126614+00:00,28.877265299771523
2025-06-16 18:17:17.325328+00:00,28.888720484844182
2025-06-16 18:17:17.760717+00:00,28.87095746922809
2025-06-16 18:17:18.233862+00:00,28.85319394966644
2025-06-16 18:17:18.646003+00:00,28.830430509102786
2025-06-16 18:17:19.634214+00:00,28.50140454921744
2025-06-16 18:17:20.135224+00:00,28.653807762024236
2025-06-16 18:17:20.311979+00:00,28.71253744765477
2025-06-16 18:17:20.720931+00:00,28.777138943055686
2025-06-16 18:17:21.481116+00:00,28.859647745052055
2025-06-16 18:17:21.949422+00:00,28.88886539085754
2025-06-16 18:17:22.241404+00:00,28.865229934926454
2025-06-16 18:17:23.152011+00:00,28.912500138336195
2025-06-16 18:17:23.336012+00:00,28.91837257631698
2025-06-16 18:17:23.610658+00:00,28.90032091709793
2025-06-16 18:17:24.297648+00:00,28.865084749554928
2025-06-16 18:17:24.615014+00:00,28.81237561069059
2025-06-16 18:17:24.859810+00:00,28.783157860712965
2025-06-16 18:17:25.186214+00:00,28.759520473794932
2025-06-16 18:17:25.474327+00:00,28.765393306914692
2025-06-16 18:17:25.910158+00:00,28.75937407978378
2025-06-16 18:17:26.476975+00:00,28.823975430916953
2025-06-16 18:17:27.045688+00:00,28.829993809064746
2025-06-16 18:17:27.231110+00:00,28.824266730913504
2025-06-16 18:17:27.469215+00:00,28.829702621796482
2025-06-16 18:17:29.422121+00:00,28.865229934926454
2025-06-16 18:17:31.362531+00:00,28.90032091709793
2025-06-16 18:17:34.604513+00:00,28.965207696613586
2025-06-16 18:17:35.969971+00:00,28.9477346157352
2025-06-16 18:17:37.415399+00:00,28.953318669408894
2025-06-16 18:17:37.832623+00:00,28.847321132748892
2025-06-16 18:17:38.117822+00:00,28.817665398680766
2025-06-16 18:17:38.361030+00:00,28.794465328992718
2025-06-16 18:17:38.743916+00:00,28.741168829123787
2025-06-16 18:17:39.454158+00:00,28.764807934771067
2025-06-16 18:17:39.713163+00:00,28.794173292836188
2025-06-16 18:17:40.239270+00:00,28.777138943055686
2025-06-16 18:17:40.527061+00:00,28.80591936582598
2025-06-16 18:17:40.766624+00:00,28.81781115356224
2025-06-16 18:17:41.034475+00:00,28.84101184690614
2025-06-16 18:17:41.558757+00:00,28.870667200428827
2025-06-16 18:17:41.801533+00:00,28.852903256435084
2025-06-16 18:17:48.680873+00:00,28.506531281381175
2025-06-16 18:17:48.957433+00:00,28.500508424214747
2025-06-16 18:17:49.257191+00:00,28.500508424214747
2025-06-16 18:17:49.502296+00:00,28.517830632060637
2025-06-16 18:17:49.935462+00:00,28.465117159443288
2025-06-16 18:17:50.251020+00:00,28.412404072174557
2025-06-16 18:17:50.479282+00:00,28.45321984824607
2025-06-16 18:17:50.743897+00:00,28.54719876878983
2025-06-16 18:17:51.023096+00:00,28.629576142334148
2025-06-16 18:17:53.563735+00:00,28.917360433290106
2025-06-16 18:17:53.950636+00:00,28.935412333016234
2025-06-16 18:17:54.618213+00:00,28.958470508195187
2025-06-16 18:17:55.125918+00:00,28.964631499264883
2025-06-16 18:17:55.943546+00:00,28.953174491180494
2025-06-16 18:17:56.526665+00:00,28.976232914006722
2025-06-16 18:17:57.308101+00:00,28.958614662407776
2025-06-16 18:17:58.068043+00:00,28.911487525310605
2025-06-16 18:17:58.585588+00:00,28.858776197609345
2025-06-16 18:17:59.345459+00:00,28.86464912874985
2025-06-16 18:17:59.975720+00:00,28.87639496092961
2025-06-16 18:18:00.860235+00:00,28.876104761728705
2025-06-16 18:18:01.797440+00:00,28.88828570211428
2025-06-16 18:18:02.745274+00:00,28.899886504884115
2025-06-16 18:18:08.558491+00:00,28.923522434580075
2025-06-16 18:18:09.396530+00:00,28.958758805839054
2025-06-16 18:18:09.878136+00:00,28.97064818102564
2025-06-16 18:18:13.362857+00:00,29.02937379171112
2025-06-16 18:18:13.755303+00:00,29.00631438973809
2025-06-16 18:18:15.987760+00:00,28.841739224483327
2025-06-16 18:18:19.430618+00:00,28.823975430916953
2025-06-16 18:18:23.919327+00:00,28.824412364738865
2025-06-16 18:18:24.177188+00:00,28.85392049406323
2025-06-16 18:18:25.576325+00:00,28.372343719554284
2025-06-16 18:18:27.554315+00:00,28.255027863386058
2025-06-16 18:18:27.863482+00:00,28.37189130528857
2025-06-16 18:18:28.743362+00:00,28.60726764632183
2025-06-16 18:18:32.026124+00:00,28.613140538831917
2025-06-16 18:18:32.435957+00:00,28.531068100616018
2025-06-16 18:18:33.033565+00:00,28.61299249838057
2025-06-16 18:18:33.858161+00:00,28.759959591134926
2025-06-16 18:18:37.541546+00:00,28.72501708718812
2025-06-16 18:18:40.104930+00:00,28.14297059858274
2025-06-16 18:18:40.480236+00:00,28.289964818747034
2025-06-16 18:18:40.923936+00:00,28.536643240215977
2025-06-16 18:18:42.219295+00:00,28.7364689641168
2025-06-16 18:18:42.827287+00:00,28.56630568476115
2025-06-16 18:18:44.192136+00:00,28.795049271920764
2025-06-16 18:18:46.918147+00:00,28.789176623260005
2025-06-16 18:18:48.469399+00:00,28.87168295254617
2025-06-16 18:18:49.051658+00:00,28.89517238803121
2025-06-16 18:18:49.379600+00:00,28.918950706568054
2025-06-16 18:18:49.849906+00:00,28.766124779494284
2025-06-16 18:18:50.267549+00:00,28.73676219229121
2025-06-16 18:18:51.170222+00:00,28.266774707896193
2025-06-16 18:18:51.487712+00:00,28.254875736879736
2025-06-16 18:18:51.880713+00:00,28.478061472965635
2025-06-16 18:18:52.155696+00:00,28.595670062337554
2025-06-16 18:18:52.802034+00:00,28.7429277805416
2025-06-16 18:18:53.210808+00:00,28.795341178692322
2025-06-16 18:18:53.710725+00:00,28.836303020391128
2025-06-16 18:18:54.075671+00:00,28.871973070401427
2025-06-16 18:18:54.454806+00:00,28.90147887527867
2025-06-16 18:18:54.830053+00:00,28.924678416698995
2025-06-16 18:18:55.098081+00:00,28.93671145879444
2025-06-16 18:18:55.690747+00:00,28.93083938661991
2025-06-16 18:18:55.915921+00:00,28.960343672017245
2025-06-16 18:18:56.053198+00:00,28.948599732168706
2025-06-16 18:18:56.299886+00:00,28.971655867729876
2025-06-16 18:18:56.551490+00:00,28.972087571741742
2025-06-16 18:18:56.878611+00:00,28.977815683141554
2025-06-16 18:18:57.722482+00:00,28.924967304414135
2025-06-16 18:18:58.808165+00:00,28.98984702445113
2025-06-16 18:18:59.016265+00:00,28.98383143134221
2025-06-16 18:19:00.856873+00:00,28.749093047034794
2025-06-16 18:19:01.273232+00:00,28.802088741689552
2025-06-16 18:19:01.694324+00:00,28.878715001973593
2025-06-16 18:19:02.124898+00:00,28.9372885677129
2025-06-16 18:19:02.456305+00:00,28.96063168934747
2025-06-16 18:19:02.772322+00:00,28.91365676347443
2025-06-16 18:19:03.088747+00:00,28.84891991321824
2025-06-16 18:19:03.450595+00:00,28.83174002699442
2025-06-16 18:19:04.075727+00:00,28.790490468422295
2025-06-16 18:19:04.447571+00:00,28.755111649217415
2025-06-16 18:19:05.794643+00:00,28.53783424609975
2025-06-16 18:19:07.256961+00:00,28.943160361290325
2025-06-16 18:19:09.893813+00:00,28.814124245880677
2025-06-16 18:19:10.918920+00:00,28.80810657133782
2025-06-16 18:19:11.869816+00:00,28.913945811944007
2025-06-16 18:19:12.942087+00:00,29.008179730080986
2025-06-16 18:19:13.799241+00:00,29.031522402614485
2025-06-16 18:19:14.050358+00:00,29.049136868975303
2025-06-16 18:19:14.276628+00:00,29.06689399672399
2025-06-16 18:19:14.508957+00:00,29.042836264920354
2025-06-16 18:19:14.774723+00:00,29.066608482629906
2025-06-16 18:19:15.025954+00:00,28.99056525451016
2025-06-16 18:19:15.567506+00:00,28.796800065626524
2025-06-16 18:19:16.462931+00:00,28.65587306798474
2025-06-16 18:19:17.197071+00:00,28.65572561621811
2025-06-16 18:19:17.838366+00:00,28.491450935826737
2025-06-16 18:19:18.563472+00:00,28.379573069336264
2025-06-16 18:19:20.463842+00:00,28.702702461207593
2025-06-16 18:19:21.823844+00:00,28.86109946158211
2025-06-16 18:19:25.459675+00:00,29.019636075354878
2025-06-16 18:19:27.774103+00:00,29.0488509304988
2025-06-16 18:19:28.517851+00:00,29.043122359233145
2025-06-16 18:19:29.455418+00:00,29.048993905127478
2025-06-16 18:19:35.066282+00:00,29.03782313111361
2025-06-16 18:19:35.370294+00:00,28.914234817287632
2025-06-16 18:19:35.865279+00:00,28.93757705748385
2025-06-16 18:19:42.344120+00:00,28.914668244441977
2025-06-16 18:19:42.787048+00:00,29.002308248253676
2025-06-16 18:19:43.107827+00:00,29.019922663646685
2025-06-16 18:19:43.382392+00:00,29.03782313111361
2025-06-16 18:19:45.771409+00:00,28.855953384397033
2025-06-16 18:19:49.714277+00:00,28.96163941039341
2025-06-16 18:19:51.970557+00:00,29.067464895543107
2025-06-16 18:19:52.524022+00:00,29.00846654380265
2025-06-16 18:19:55.472823+00:00,28.632384673384756
2025-06-16 18:19:58.849121+00:00,28.96149548258776
2025-06-16 18:20:04.469122+00:00,29.061736547447385
2025-06-16 18:20:11.028887+00:00,29.04426630524957
2025-06-16 18:20:11.345147+00:00,29.03238116777681
2025-06-16 18:20:11.819704+00:00,29.043980383430625
2025-06-16 18:20:12.364754+00:00,29.043980383430625
2025-06-16 18:20:12.999214+00:00,29.050137314046623
2025-06-16 18:20:13.444494+00:00,29.061593782558074
2025-06-16 18:20:13.909695+00:00,29.067464895543107
2025-06-16 18:20:14.388586+00:00,29.061593782558074
2025-06-16 18:20:14.930782+00:00,29.03839528642425
2025-06-16 18:20:16.200886+00:00,29.05586549157026
2025-06-16 18:20:16.567285+00:00,29.055722659544312
2025-06-16 18:20:16.882374+00:00,29.032524257570667
2025-06-16 18:20:17.482274+00:00,28.96794227831567
2025-06-16 18:20:17.998590+00:00,28.833048671554113
2025-06-16 18:20:18.365219+00:00,28.668500883444757
2025-06-16 18:20:18.827911+00:00,28.574553109903267
2025-06-16 18:20:19.405724+00:00,28.504239717321454
2025-06-16 18:20:19.752796+00:00,28.409837902676117
2025-06-16 18:20:20.104235+00:00,28.28079808566403
2025-06-16 18:20:20.620423+00:00,28.2923912731782
2025-06-16 18:20:21.507920+00:00,28.67965563608025
2025-06-16 18:20:21.882749+00:00,28.83290330973047
2025-06-16 18:20:22.361237+00:00,28.87958430577528
2025-06-16 18:20:22.803705+00:00,28.95032880065254
2025-06-16 18:20:23.570448+00:00,28.99701087782695
2025-06-16 18:20:23.989847+00:00,29.020638945709116
2025-06-16 18:20:24.327782+00:00,29.044123349730526
2025-06-16 18:20:24.655070+00:00,29.049994425664636
2025-06-16 18:20:25.207551+00:00,29.04426630524957
2025-06-16 18:20:25.479771+00:00,28.979397147751637
2025-06-16 18:20:25.776157+00:00,28.850227035967162
2025-06-16 18:20:32.327299+00:00,28.850517389089564
2025-06-16 18:20:35.044880+00:00,28.64471912720419
2025-06-16 18:20:37.215413+00:00,28.662481902892115
2025-06-16 18:20:38.285747+00:00,28.838484057842855
2025-06-16 18:20:38.787381+00:00,28.873857785246027
2025-06-16 18:20:40.150888+00:00,28.97968454661643
2025-06-16 18:20:45.267080+00:00,28.967798449994017
2025-06-16 18:20:46.277769+00:00,28.950184770909413
2025-06-16 18:20:47.933724+00:00,29.05600831281541
2025-06-16 18:20:49.207437+00:00,29.003025537393867
2025-06-16 18:20:49.780216+00:00,29.02092538306732
2025-06-16 18:20:50.456879+00:00,29.04426630524957
2025-06-16 18:20:50.924885+00:00,29.02092538306732
2025-06-16 18:20:51.701017+00:00,29.05615112327976
2025-06-16 18:20:53.105779+00:00,29.091376502482856
2025-06-16 18:20:53.864341+00:00,29.103118215326255
2025-06-16 18:20:54.327242+00:00,29.115144133933686
2025-06-16 18:20:54.571994+00:00,29.10326047792382
2025-06-16 18:20:56.390489+00:00,29.15638036957261
2025-06-16 18:20:56.722518+00:00,29.13862682198846
2025-06-16 18:20:57.436435+00:00,29.108989056705894
2025-06-16 18:20:57.971154+00:00,29.109415610752805
2025-06-16 18:20:58.522511+00:00,29.10354497077725
2025-06-16 18:21:00.485399+00:00,29.138768660220325
2025-06-16 18:21:01.388754+00:00,29.156663610897002
2025-06-16 18:21:02.469286+00:00,29.168121459004038
2025-06-16 18:21:02.844414+00:00,29.14463924003177
2025-06-16 18:21:03.239817+00:00,29.17399198867873
2025-06-16 18:21:03.585122+00:00,29.162534026361257
2025-06-16 18:21:04.018079+00:00,29.156521995624956
2025-06-16 18:21:05.566496+00:00,29.203626653857977
2025-06-16 18:21:07.325857+00:00,29.197474007103953
2025-06-16 18:21:07.673834+00:00,29.20949698910707
2025-06-16 18:21:07.995274+00:00,29.174274827209082
2025-06-16 18:21:08.344276+00:00,29.20935597801979
2025-06-16 18:21:08.668779+00:00,29.19775630858199
2025-06-16 18:21:09.064790+00:00,29.21536731432927
2025-06-16 18:21:09.843772+00:00,29.215649169902754
2025-06-16 18:21:11.300663+00:00,29.221378495571088
2025-06-16 18:21:11.869520+00:00,29.221801029030654
2025-06-16 18:21:13.046386+00:00,29.221660195324123
2025-06-16 18:21:13.350049+00:00,29.215649169902754
2025-06-16 18:21:14.042871+00:00,29.227248733609482
2025-06-16 18:21:14.560267+00:00,29.227671065679175
2025-06-16 18:21:15.928941+00:00,29.203908777953743
2025-06-16 18:21:16.645502+00:00,29.245281115468856
2025-06-16 18:21:18.409384+00:00,29.256880667601692
2025-06-16 18:21:19.715214+00:00,29.257021098532068
2025-06-16 18:21:20.427326+00:00,29.25101061395429
2025-06-16 18:21:20.952993+00:00,29.245140550280674
2025-06-16 18:21:23.084040+00:00,29.028370260956226
2025-06-16 18:21:24.162973+00:00,29.139761225992515
2025-06-16 18:21:25.489511+00:00,29.215930982356152
2025-06-16 18:21:26.408118+00:00,29.238707839512042
2025-06-16 18:21:27.713311+00:00,29.227389521746012
2025-06-16 18:21:28.776253+00:00,29.027798086028344
2025-06-16 18:21:30.118064+00:00,29.03366858780921
2025-06-16 18:21:33.034458+00:00,29.19245069539833
2025-06-16 18:21:34.296892+00:00,29.239832941171148
2025-06-16 18:21:34.852805+00:00,29.262891075024708
2025-06-16 18:21:35.631152+00:00,29.28022060873199
2025-06-16 18:21:36.107863+00:00,29.245281115468856
2025-06-16 18:21:36.567968+00:00,29.26876104149136
2025-06-16 18:21:37.281137+00:00,29.26876104149136
2025-06-16 18:21:37.612628+00:00,29.227389521746012
2025-06-16 18:21:37.970336+00:00,29.20949698910707
2025-06-16 18:21:38.305353+00:00,29.198038566939584
2025-06-16 18:21:38.882152+00:00,29.157229964182164
2025-06-16 18:21:39.454573+00:00,29.145064488645286
2025-06-16 18:21:39.905643+00:00,29.186298114831942
2025-06-16 18:21:41.146963+00:00,29.221519350837603
2025-06-16 18:21:41.398451+00:00,29.198179679948215
2025-06-16 18:21:41.672851+00:00,29.186298114831942
2025-06-16 18:21:42.813736+00:00,29.163100111116478
2025-06-16 18:21:45.021623+00:00,29.221801029030654
2025-06-16 18:21:47.285920+00:00,29.227952566492505
2025-06-16 18:21:49.600727+00:00,29.210060925655664
2025-06-16 18:21:49.911130+00:00,29.256740225891495
2025-06-16 18:21:50.151891+00:00,29.233541092301717
2025-06-16 18:21:50.347740+00:00,29.25101061395429
2025-06-16 18:21:53.897122+00:00,29.086787418943896
2025-06-16 18:21:55.580374+00:00,29.11585455996532
2025-06-16 18:21:55.902631+00:00,29.1039716292032
2025-06-16 18:21:57.323562+00:00,28.646193963562645
2025-06-16 18:21:58.738817+00:00,28.822324207042154
2025-06-16 18:21:59.865079+00:00,28.646193963562645
2025-06-16 18:22:01.056448+00:00,28.52862000981485
2025-06-16 18:22:01.405325+00:00,28.510856695635013
2025-06-16 18:22:03.477445+00:00,28.85138818969446
2025-06-16 18:22:04.445686+00:00,28.974675758165194
2025-06-16 18:22:09.364222+00:00,29.127169432234062
2025-06-16 18:22:12.177158+00:00,29.139052304342865
2025-06-16 18:22:12.754062+00:00,29.16281709029941
2025-06-16 18:22:13.474086+00:00,29.151359807221873
2025-06-16 18:22:14.180275+00:00,29.16267556372047
2025-06-16 18:22:14.993321+00:00,29.11613865491451
2025-06-16 18:22:17.392586+00:00,29.215649169902754
2025-06-16 18:22:17.810728+00:00,29.21579008151946
2025-06-16 18:22:20.694001+00:00,29.110268427772347
2025-06-16 18:22:20.835894+00:00,29.11599661283016
2025-06-16 18:22:21.021192+00:00,29.133181848771034
2025-06-16 18:22:21.763724+00:00,29.16854590202553
2025-06-16 18:22:22.073563+00:00,29.17455762261855
2025-06-16 18:22:22.517215+00:00,29.204049823831504
2025-06-16 18:22:22.985939+00:00,29.204190858929202
2025-06-16 18:22:26.195955+00:00,29.204190858929202
2025-06-16 18:22:26.578936+00:00,29.133749276185103
2025-06-16 18:22:26.813466+00:00,29.1454896402356
2025-06-16 18:22:29.662478+00:00,29.192733001777178
2025-06-16 18:22:34.683247+00:00,28.82276040427569
2025-06-16 18:22:34.885263+00:00,28.852258602156443
2025-06-16 18:22:35.084553+00:00,28.893496690600443
2025-06-16 18:22:35.512089+00:00,28.975394078920672
2025-06-16 18:22:35.987000+00:00,29.010902719303232
2025-06-16 18:22:36.329375+00:00,29.039824920039898
2025-06-16 18:22:36.562177+00:00,29.05156560492178
2025-06-16 18:22:37.066020+00:00,29.075189355622154
2025-06-16 18:22:38.196308+00:00,28.875451120781477
2025-06-16 18:22:39.223167+00:00,28.676432000484677
2025-06-16 18:22:40.596550+00:00,28.881321748962883
2025-06-16 18:22:40.827956+00:00,28.951768505113176
2025-06-16 18:22:41.055206+00:00,28.96322190469393
2025-06-16 18:22:41.770728+00:00,29.09265768618998
2025-06-16 18:22:42.942813+00:00,29.069176557049754
2025-06-16 18:22:43.143025+00:00,28.975250436331883
2025-06-16 18:22:50.133503+00:00,29.11642270674176
2025-06-16 18:22:51.079579+00:00,29.151359807221873
2025-06-16 18:22:51.639873+00:00,29.0866450411859
2025-06-16 18:22:53.620989+00:00,28.846097829484755
2025-06-16 18:22:54.986630+00:00,28.845662405647424
2025-06-16 18:22:55.434433+00:00,28.94532197627177
2025-06-16 18:22:57.976009+00:00,28.92155015796831
2025-06-16 18:23:01.537793+00:00,28.892195253440665
2025-06-16 18:23:06.752946+00:00,28.815434703377775
2025-06-16 18:23:07.484510+00:00,28.95648786276287
2025-06-16 18:23:08.092092+00:00,29.009326726223062
2025-06-16 18:23:08.459728+00:00,29.038681299394298
2025-06-16 18:23:10.650420+00:00,29.103402729740814
2025-06-16 18:23:12.317044+00:00,29.10354497077725
2025-06-16 18:23:13.486539+00:00,29.10326047792382
2025-06-16 18:23:14.933887+00:00,28.97424463633797
2025-06-16 18:23:18.262305+00:00,29.050708759766373
2025-06-16 18:23:19.262413+00:00,29.044980921132122
2025-06-16 18:23:21.417361+00:00,29.132898070381525
2025-06-16 18:23:21.919546+00:00,29.07390645628208
2025-06-16 18:23:22.303579+00:00,29.00345578150539
2025-06-16 18:23:23.742147+00:00,29.068320920349496
2025-06-16 18:23:24.058482+00:00,29.115286240701014
2025-06-16 18:23:24.987559+00:00,29.120730709381068
2025-06-16 18:23:26.156938+00:00,29.156097085126973
2025-06-16 18:23:28.497655+00:00,29.197332840194765
2025-06-16 18:23:32.581769+00:00,28.950616827794917
2025-06-16 18:23:33.411961+00:00,28.985842887185512
2025-06-16 18:23:36.735674+00:00,29.10354497077725
2025-06-16 18:23:38.194840+00:00,29.150509809815865
2025-06-16 18:23:39.287874+00:00,29.11557042189416
2025-06-16 18:23:39.520087+00:00,29.14463924003177
2025-06-16 18:23:41.586861+00:00,29.197474007103953
2025-06-16 18:23:44.871409+00:00,29.13805936125702
2025-06-16 18:23:50.557267+00:00,29.14393027673522
2025-06-16 18:23:52.829686+00:00,29.12631750021513
2025-06-16 18:23:53.403842+00:00,29.184885049211985
2025-06-16 18:23:54.792414+00:00,29.0381092303307
2025-06-16 18:23:55.979876+00:00,29.038252263767912
2025-06-16 18:23:56.674343+00:00,29.120020241703312
2025-06-16 18:23:57.236792+00:00,29.137917469123142
2025-06-16 18:23:58.313268+00:00,29.067464895543107
2025-06-16 18:23:58.829331+00:00,29.102549057130286
2025-06-16 18:23:59.139628+00:00,29.108135657537378
2025-06-16 18:23:59.498648+00:00,29.13763365251415
2025-06-16 18:24:00.157036+00:00,29.07892193212337
2025-06-16 18:24:01.554042+00:00,28.984981093428647
2025-06-16 18:24:02.598650+00:00,29.119735979168716
2025-06-16 18:24:03.135323+00:00,29.154963516131524
2025-06-16 18:24:04.018968+00:00,29.172435605974865
2025-06-16 18:24:04.378151+00:00,29.16670594821536
2025-06-16 18:24:04.898468+00:00,29.17271868167052
2025-06-16 18:24:11.791955+00:00,29.061165423205484
2025-06-16 18:24:14.810204+00:00,29.143504769392738
2025-06-16 18:24:19.207336+00:00,29.04927982204228
2025-06-16 18:24:21.548071+00:00,29.08479314929376
2025-06-16 18:24:26.211707+00:00,28.973382101591753
2025-06-16 18:24:28.426516+00:00,29.078636729696946
2025-06-16 18:24:28.668535+00:00,29.078779336300506
2025-06-16 18:24:29.110937+00:00,29.020352465227056
2025-06-16 18:24:29.670423+00:00,29.031808700792265
2025-06-16 18:24:30.019041+00:00,29.025507661369588
2025-06-16 18:24:30.374678+00:00,29.037393901431287
2025-06-16 18:24:32.022651+00:00,28.99056525451016
2025-06-16 18:24:33.084851+00:00,28.949608544123898
2025-06-16 18:24:34.201104+00:00,28.908652271488723
2025-06-16 18:24:34.602961+00:00,28.925978071801723
2025-06-16 18:24:34.877215+00:00,28.91996201942068
2025-06-16 18:24:42.743067+00:00,29.00789287323518
2025-06-16 18:24:43.132630+00:00,29.020065941621116
2025-06-16 18:24:58.567439+00:00,28.896909225367953
2025-06-16 18:24:58.815279+00:00,28.914523779505338
2025-06-16 18:24:59.843057+00:00,28.996580302925917
2025-06-16 18:25:00.437985+00:00,28.972950688672594
2025-06-16 18:25:00.768759+00:00,29.002595196252923
2025-06-16 18:25:01.143104+00:00,28.93184968401431
2025-06-16 18:25:01.490473+00:00,28.937721286197263
2025-06-16 18:25:02.720767+00:00,28.99643675639674
2025-06-16 18:25:07.971528+00:00,28.925978071801723
2025-06-16 18:25:08.905936+00:00,28.937721286197263
2025-06-16 18:25:13.026131+00:00,28.967223028895223
2025-06-16 18:25:14.438837+00:00,28.78534828639921
2025-06-16 18:25:15.323170+00:00,28.65602050896866
2025-06-16 18:25:17.678828+00:00,28.902925352664603
2025-06-16 18:25:18.812331+00:00,28.949608544123898
2025-06-16 18:25:20.460188+00:00,29.00860993449194
2025-06-16 18:25:21.530127+00:00,29.02049571085857
2025-06-16 18:25:26.916706+00:00,28.78006053012681
2025-06-16 18:25:29.643528+00:00,28.93257100156836
2025-06-16 18:25:30.129463+00:00,28.95032880065254
2025-06-16 18:25:34.542846+00:00,28.985699281845523
2025-06-16 18:25:38.171128+00:00,29.161967769121613
2025-06-16 18:25:38.380262+00:00,29.185591716774148
2025-06-16 18:25:38.865547+00:00,29.208932880077594
2025-06-16 18:25:39.259311+00:00,29.20865076088247
2025-06-16 18:25:39.834390+00:00,29.244156292126604
2025-06-16 18:25:40.779748+00:00,29.238004300627818
2025-06-16 18:25:41.208027+00:00,29.24387497849209
2025-06-16 18:25:42.259714+00:00,28.7857860804198
2025-06-16 18:25:42.678150+00:00,28.627399048410737
2025-06-16 18:25:45.529227+00:00,29.097247363918573
2025-06-16 18:25:49.940933+00:00,29.197191662505453
2025-06-16 18:25:51.510317+00:00,29.20879182587007
2025-06-16 18:25:53.850948+00:00,29.1384849729762
2025-06-16 18:25:54.188823+00:00,29.150226391104525
2025-06-16 18:26:40.315162+00:00,29.203908777953743
2025-06-16 18:26:41.369520+00:00,29.25058905509767
2025-06-16 18:26:42.113357+00:00,29.139052304342865
2025-06-16 18:26:42.864502+00:00,28.96307809548183
2025-06-16 18:26:43.239289+00:00,28.974675758165194
2025-06-16 18:26:43.883151+00:00,28.91024153137634
2025-06-16 18:26:44.205334+00:00,28.8866136604678
2025-06-16 18:26:44.986868+00:00,28.775065098030684
2025-06-16 18:26:45.640636+00:00,28.921694469511323
2025-06-16 18:26:46.516053+00:00,28.804420333823884
2025-06-16 18:26:47.867809+00:00,28.522153089304826
2025-06-16 18:26:49.733482+00:00,28.82761358107288
2025-06-16 18:26:51.105639+00:00,28.63386128411196
2025-06-16 18:26:51.781076+00:00,28.739545708874076
2025-06-16 18:26:52.901733+00:00,28.264243867595212
2025-06-16 18:26:53.285365+00:00,28.076028553833265
2025-06-16 18:26:53.588318+00:00,28.30474176154563
2025-06-16 18:26:54.138232+00:00,28.622118369702463
2025-06-16 18:26:55.807128+00:00,28.763176819851402
2025-06-16 18:26:57.169289+00:00,28.82203335497706
2025-06-16 18:26:59.074740+00:00,28.38137978519695
2025-06-16 18:27:00.888242+00:00,28.798403595929056
2025-06-16 18:27:04.203924+00:00,28.939018859456795
2025-06-16 18:27:05.034358+00:00,29.015770631686394
2025-06-16 18:27:19.432041+00:00,29.162958606098076
2025-06-16 18:27:26.198755+00:00,29.05715049466829
2025-06-16 18:27:26.979598+00:00,29.02178443639906
2025-06-16 18:27:27.146114+00:00,29.045266692019286
2025-06-16 18:27:28.482791+00:00,29.02178443639906
2025-06-16 18:27:29.955845+00:00,29.092230721979753
2025-06-16 18:27:30.358035+00:00,29.103829420508433
2025-06-16 18:27:30.775422+00:00,29.133039964966486
2025-06-16 18:27:33.475042+00:00,29.133465584038888
2025-06-16 18:27:33.807541+00:00,29.074761819535
2025-06-16 18:27:34.023276+00:00,28.95133670697839
2025-06-16 18:27:34.417150+00:00,28.951192752704245
2025-06-16 18:27:34.909659+00:00,28.998302020352163
2025-06-16 18:27:35.340039+00:00,29.0688913879392
2025-06-16 18:27:35.699287+00:00,29.07461928594458
2025-06-16 18:27:35.954889+00:00,29.045409561291624
2025-06-16 18:27:36.381633+00:00,29.07419162048917
2025-06-16 18:27:36.656476+00:00,29.10998419855459
2025-06-16 18:27:36.873515+00:00,29.10984206777493
2025-06-16 18:27:37.190897+00:00,29.09824344565381
2025-06-16 18:27:37.423562+00:00,29.12115686062187
2025-06-16 18:27:37.899034+00:00,29.091803660744073
2025-06-16 18:27:38.136027+00:00,29.045123811966118
2025-06-16 18:27:38.344045+00:00,29.021641287796133
2025-06-16 18:27:38.565586+00:00,29.015770631686394
2025-06-16 18:27:38.854010+00:00,29.021354958247457
2025-06-16 18:27:39.080743+00:00,28.998158603195822
2025-06-16 18:27:39.289596+00:00,29.003742557007882
2025-06-16 18:27:39.516515+00:00,29.033096508937078
2025-06-16 18:27:39.757638+00:00,29.027368841632914
2025-06-16 18:27:40.761689+00:00,29.097958904775233
2025-06-16 18:27:40.987386+00:00,29.09767432077434
2025-06-16 18:27:42.941793+00:00,29.15093485703035
2025-06-16 18:27:43.169071+00:00,29.156663610897002
2025-06-16 18:27:43.476877+00:00,29.16239247822177
2025-06-16 18:27:45.717368+00:00,29.162250919302
2025-06-16 18:27:46.386992+00:00,28.94532197627177
2025-06-16 18:27:47.412397+00:00,28.839501045118865
2025-06-16 18:27:47.910563+00:00,28.856969037104882
2025-06-16 18:27:49.277597+00:00,28.49294366397705
2025-06-16 18:27:49.531786+00:00,28.469307339497416
2025-06-16 18:27:49.721678+00:00,28.5807214087507
2025-06-16 18:27:50.363451+00:00,28.73367443717534
2025-06-16 18:27:50.757227+00:00,28.87458219039586
2025-06-16 18:27:51.338579+00:00,28.962502750821233
2025-06-16 18:27:51.943885+00:00,29.009613367448427
2025-06-16 18:27:52.405450+00:00,29.05085159424428
2025-06-16 18:27:52.814752+00:00,29.068606175705785
2025-06-16 18:27:53.030526+00:00,29.05643671186611
2025-06-16 18:27:53.323671+00:00,29.085648095022204
2025-06-16 18:27:53.530650+00:00,29.085648095022204
2025-06-16 18:27:53.874431+00:00,29.10927343685104
2025-06-16 18:27:54.116919+00:00,29.115002016385848
2025-06-16 18:27:54.360964+00:00,29.10927343685104
2025-06-16 18:27:54.736999+00:00,29.14463924003177
2025-06-16 18:27:54.989746+00:00,29.13275616501614
2025-06-16 18:27:55.370973+00:00,29.121298889474513
2025-06-16 18:27:55.590178+00:00,29.13261424887033
2025-06-16 18:27:55.989005+00:00,29.126743514736646
2025-06-16 18:27:56.214975+00:00,29.15036810585037
2025-06-16 18:27:56.626779+00:00,29.138768660220325
2025-06-16 18:27:57.349555+00:00,29.144213894394962
2025-06-16 18:27:57.721994+00:00,29.150226391104525
2025-06-16 18:27:58.194252+00:00,29.162250919302
2025-06-16 18:27:58.518960+00:00,29.13275616501614
2025-06-16 18:27:58.876422+00:00,29.132898070381525
2025-06-16 18:27:59.640469+00:00,29.127027470515372
2025-06-16 18:28:01.222779+00:00,29.13862682198846
2025-06-16 18:28:01.572338+00:00,29.115428336687838
2025-06-16 18:28:01.853502+00:00,29.150793185405856
2025-06-16 18:28:02.204944+00:00,29.115002016385848
2025-06-16 18:28:03.509186+00:00,28.997871736539985
2025-06-16 18:28:06.832133+00:00,29.068320920349496
2025-06-16 18:28:07.542043+00:00,29.05643671186611
2025-06-16 18:28:08.615154+00:00,29.115002016385848
2025-06-16 18:28:12.778200+00:00,29.197474007103953
2025-06-16 18:28:16.075566+00:00,29.14478100034997
2025-06-16 18:28:17.799443+00:00,29.25058905509767
2025-06-16 18:28:19.298113+00:00,29.285950562526786
2025-06-16 18:28:19.681386+00:00,29.256459310131604
2025-06-16 18:28:19.906173+00:00,29.156663610897002
2025-06-16 18:28:20.141194+00:00,29.027368841632914
2025-06-16 18:28:20.455443+00:00,28.915823575802452
2025-06-16 18:28:21.279742+00:00,29.05085159424428
2025-06-16 18:28:21.938583+00:00,29.127311383172305
2025-06-16 18:28:22.522582+00:00,29.139052304342865
2025-06-16 18:28:23.207671+00:00,29.15694680910018
2025-06-16 18:28:23.777107+00:00,29.15694680910018
2025-06-16 18:28:24.295018+00:00,29.15694680910018
2025-06-16 18:28:25.065576+00:00,29.174416230303926
2025-06-16 18:28:25.874144+00:00,29.23884851494912
2025-06-16 18:28:26.557395+00:00,29.233259682627985
2025-06-16 18:28:27.530850+00:00,29.245281115468856
2025-06-16 18:28:27.981180+00:00,29.26848043736462
2025-06-16 18:28:28.656164+00:00,29.233541092301717
2025-06-16 18:28:28.834345+00:00,29.239411108898278
2025-06-16 18:28:29.210089+00:00,29.262610336641277
2025-06-16 18:28:29.559600+00:00,29.26876104149136
2025-06-16 18:28:29.919350+00:00,29.280360781929215
2025-06-16 18:28:30.381893+00:00,29.298110723434917
2025-06-16 18:28:33.581265+00:00,29.315720412289277
2025-06-16 18:28:36.013527+00:00,29.26918186683324
2025-06-16 18:28:36.213892+00:00,29.23396312596284
2025-06-16 18:28:36.371590+00:00,29.239411108898278
2025-06-16 18:28:36.779485+00:00,29.222223465470343
2025-06-16 18:28:37.836547+00:00,29.20461389954188
2025-06-16 18:28:38.478035+00:00,29.24570274635416
2025-06-16 18:28:39.088410+00:00,29.25171299645166
2025-06-16 18:28:39.942685+00:00,29.268901327385084
2025-06-16 18:28:41.313713+00:00,29.26918186683324
2025-06-16 18:28:41.522222+00:00,29.24542166987716
2025-06-16 18:28:41.721775+00:00,29.221801029030654
2025-06-16 18:28:41.947735+00:00,29.19860295429354
2025-06-16 18:28:50.531067+00:00,28.963940789036304
2025-06-16 18:28:52.259528+00:00,29.02808419505409
2025-06-16 18:28:52.593586+00:00,29.045980930572764
2025-06-16 18:28:52.810117+00:00,29.087072142118014
2025-06-16 18:28:53.029109+00:00,29.098527943410083
2025-06-16 18:28:53.294228+00:00,29.127737171304393
2025-06-16 18:28:53.621829+00:00,29.122150836200543
2025-06-16 18:28:53.829789+00:00,29.133891106087614
2025-06-16 18:28:54.080729+00:00,29.151359807221873
2025-06-16 18:28:54.298374+00:00,29.139902977981322
2025-06-16 18:28:54.496730+00:00,29.15694680910018
2025-06-16 18:28:54.742062+00:00,29.16281709029941
2025-06-16 18:28:55.051538+00:00,29.1633830888125
2025-06-16 18:28:55.686628+00:00,29.198461873625195
2025-06-16 18:28:55.986992+00:00,29.227671065679175
2025-06-16 18:28:56.255354+00:00,29.215930982356152
2025-06-16 18:29:03.748673+00:00,29.18658059859392
2025-06-16 18:29:08.033019+00:00,29.104682510968832
2025-06-16 18:29:09.532464+00:00,29.152067841934752
2025-06-16 18:29:10.256134+00:00,29.19888508328997
2025-06-16 18:29:11.224072+00:00,29.22236425605694
2025-06-16 18:29:12.196512+00:00,29.245843268422853
2025-06-16 18:29:13.206805+00:00,29.240254676424964
2025-06-16 18:29:14.016222+00:00,29.257863457738203
2025-06-16 18:29:14.946099+00:00,29.252134296592025
2025-06-16 18:29:15.552850+00:00,29.20489587271669
2025-06-16 18:29:16.315852+00:00,29.21076560379049
2025-06-16 18:29:16.640352+00:00,29.210906507077365
2025-06-16 18:29:17.364379+00:00,29.22236425605694
2025-06-16 18:29:18.914263+00:00,29.23396312596284
2025-06-16 18:29:19.163098+00:00,29.234385062604666
2025-06-16 18:29:19.674705+00:00,29.25185344061161
2025-06-16 18:29:20.135635+00:00,29.239973530368978
2025-06-16 18:29:21.019651+00:00,29.245843268422853
2025-06-16 18:29:21.597530+00:00,29.222505035863577
2025-06-16 18:29:22.113031+00:00,29.21062468972359
2025-06-16 18:29:22.546850+00:00,29.186863039235295
2025-06-16 18:29:22.970587+00:00,29.21076560379049
2025-06-16 18:29:23.393231+00:00,29.21062468972359
2025-06-16 18:29:23.745847+00:00,29.21062468972359
2025-06-16 18:29:24.420932+00:00,29.234244427837307
2025-06-16 18:29:24.873315+00:00,29.22236425605694
2025-06-16 18:29:25.405705+00:00,29.245843268422853
2025-06-16 18:29:25.783234+00:00,29.239832941171148
2025-06-16 18:29:26.501744+00:00,29.151926256552795
2025-06-16 18:29:26.962648+00:00,29.06974676590241
2025-06-16 18:29:41.510690+00:00,28.806167216552907
2025-06-16 18:29:41.805027+00:00,28.917411029762455
2025-06-16 18:29:52.880054+00:00,29.040967850711375
2025-06-16 18:30:23.229541+00:00,28.922560112359786
2025-06-16 18:30:30.231546+00:00,29.26303142804673
2025-06-16 18:30:49.694855+00:00,29.210060925655664
2025-06-16 18:30:57.655398+00:00,29.245843268422853
2025-06-16 18:31:01.929056+00:00,29.269462363162376
2025-06-16 18:31:37.952644+00:00,29.32312619489139
2025-06-16 18:31:38.203932+00:00,29.323265758066178
2025-06-16 18:31:39.700854+00:00,29.15305863776013
2025-06-16 18:31:40.035748+00:00,29.211329152257854
2025-06-16 18:31:44.809549+00:00,29.15305863776013
2025-06-16 18:31:45.008451+00:00,29.16479733047766
2025-06-16 18:31:45.336948+00:00,29.194143886864808
2025-06-16 18:32:03.122199+00:00,28.824649470974247
2025-06-16 18:32:04.128130+00:00,28.93617354632889
2025-06-16 18:32:04.919133+00:00,29.118409862120295
2025-06-16 18:32:15.584940+00:00,29.446790202640155
2025-06-16 18:32:15.906911+00:00,29.4351909961269
2025-06-16 18:32:16.407311+00:00,29.44119784260606
2025-06-16 18:32:16.844892+00:00,29.446652070615187
2025-06-16 18:32:17.861063+00:00,29.476271467889877
2025-06-16 18:32:18.409185+00:00,29.470265006370145
2025-06-16 18:32:19.793261+00:00,29.48814629595979
2025-06-16 18:32:20.083332+00:00,29.49373964973562
2025-06-16 18:32:38.160029+00:00,29.4351909961269
2025-06-16 18:32:39.470001+00:00,29.435467474766916
2025-06-16 18:32:39.698991+00:00,29.423730375403736
2025-06-16 18:32:42.375819+00:00,29.335700852362507
2025-06-16 18:32:44.084147+00:00,29.212455731752122
2025-06-16 18:32:45.151463+00:00,29.282742076988434
2025-06-16 18:32:46.704445+00:00,29.335143287580006
2025-06-16 18:32:47.112565+00:00,29.341430249485217
2025-06-16 18:32:47.382091+00:00,29.35316776371667
2025-06-16 18:32:47.639237+00:00,29.364766187676356
2025-06-16 18:32:48.350887+00:00,29.341151601344293
2025-06-16 18:32:48.558847+00:00,29.364488054973588
2025-06-16 18:32:49.026859+00:00,29.370773959896404
2025-06-16 18:32:50.247584+00:00,29.15935225281169
2025-06-16 18:32:50.456895+00:00,29.053420771331837
2025-06-16 18:32:50.667023+00:00,29.04755130667957
2025-06-16 18:32:52.404045+00:00,29.312086288515893
2025-06-16 18:32:52.653564+00:00,29.32941377852244
2025-06-16 18:32:53.193999+00:00,29.335143287580006
2025-06-16 18:32:53.498713+00:00,29.347020497721047
2025-06-16 18:32:53.773148+00:00,29.341708854508607
2025-06-16 18:32:54.057000+00:00,29.335143287580006
2025-06-16 18:32:58.267078+00:00,29.329692695164468
2025-06-16 18:33:11.351463+00:00,29.359175612326304
2025-06-16 18:33:12.113397+00:00,29.341708854508607
2025-06-16 18:33:47.815895+00:00,29.05886247375586
2025-06-16 18:33:48.367257+00:00,29.029657023861933
2025-06-16 18:33:48.742146+00:00,29.08248332397703
2025-06-16 18:33:48.943681+00:00,29.11755848283186
2025-06-16 18:33:49.174405+00:00,29.15305863776013
2025-06-16 18:33:49.395336+00:00,29.164231763174477
2025-06-16 18:33:49.613524+00:00,29.164514568386537
2025-06-16 18:33:49.913827+00:00,29.141036605798767
2025-06-16 18:33:50.372349+00:00,29.152775607140047
2025-06-16 18:33:50.633056+00:00,29.169960011381697
2025-06-16 18:33:50.841289+00:00,29.211470012424655
2025-06-16 18:33:51.176058+00:00,29.21705780096942
2025-06-16 18:33:51.477056+00:00,29.252274708412493
2025-06-16 18:33:51.784755+00:00,29.234666299799645
2025-06-16 18:33:52.028417+00:00,29.234806902227277
2025-06-16 18:33:52.538101+00:00,29.205318751628507
2025-06-16 18:33:52.738818+00:00,29.146622903474743
2025-06-16 18:33:53.005307+00:00,29.140753263526523
2025-06-16 18:33:53.231001+00:00,29.152634075659574
2025-06-16 18:33:53.398373+00:00,29.175688373048107
2025-06-16 18:33:53.565172+00:00,29.199167169166053
2025-06-16 18:33:53.784209+00:00,29.211047399584213
2025-06-16 18:33:54.049260+00:00,29.222505035863577
2025-06-16 18:33:54.285551+00:00,29.234385062604666
2025-06-16 18:33:54.526810+00:00,29.251993873991736
2025-06-16 18:33:54.765521+00:00,29.251993873991736
2025-06-16 18:33:55.011027+00:00,29.257863457738203
2025-06-16 18:33:55.221314+00:00,29.246124280220656
2025-06-16 18:33:55.547112+00:00,29.27561230291724
2025-06-16 18:33:55.783844+00:00,29.27547214882995
2025-06-16 18:33:56.073108+00:00,29.29308074970021
2025-06-16 18:33:56.224994+00:00,29.269602595157316
2025-06-16 18:33:56.547598+00:00,29.29308074970021
2025-06-16 18:33:56.817767+00:00,29.269602595157316
2025-06-16 18:34:01.157519+00:00,29.140753263526523
2025-06-16 18:34:01.565223+00:00,29.129013953557628
2025-06-16 18:34:02.134492+00:00,29.123002394830216
2025-06-16 18:34:02.496812+00:00,29.11713264765156
2025-06-16 18:34:02.918456+00:00,29.146339652346953
2025-06-16 18:34:03.362440+00:00,29.175970952853543
2025-06-16 18:34:04.331441+00:00,29.234666299799645
2025-06-16 18:34:04.733198+00:00,29.27002322646367
2025-06-16 18:34:05.133809+00:00,29.293220702405144
2025-06-16 18:34:05.600195+00:00,29.2816218556175
2025-06-16 18:34:06.212006+00:00,29.287211226101405
2025-06-16 18:34:06.557092+00:00,29.287491254986048
2025-06-16 18:34:07.359155+00:00,29.275892578752664
2025-06-16 18:34:07.840048+00:00,29.269602595157316
2025-06-16 18:34:08.215273+00:00,29.264013597366954
2025-06-16 18:34:08.682756+00:00,29.26988302680796
2025-06-16 18:34:09.032550+00:00,29.252274708412493
2025-06-16 18:34:09.407955+00:00,29.2581441579018
2025-06-16 18:34:09.790244+00:00,29.258284491813903
2025-06-16 18:34:10.377690+00:00,29.264013597366954
2025-06-16 18:34:11.389078+00:00,29.2581441579018
2025-06-16 18:34:11.792389+00:00,29.252274708412493
2025-06-16 18:34:12.168251+00:00,29.264013597366954
2025-06-16 18:34:12.469040+00:00,29.28763125325888
2025-06-16 18:34:12.941138+00:00,29.26988302680796
2025-06-16 18:34:13.291431+00:00,29.2581441579018
2025-06-16 18:34:13.781527+00:00,29.275331983962953
2025-06-16 18:34:13.997421+00:00,29.264013597366954
2025-06-16 18:34:14.457152+00:00,29.134458317893674
2025-06-16 18:34:14.841804+00:00,29.123144283536952
2025-06-16 18:34:16.572454+00:00,29.134883613554155
2025-06-16 18:34:20.287189+00:00,29.293360644330438
2025-06-16 18:34:21.033843+00:00,29.293360644330438
2025-06-16 18:34:22.391050+00:00,29.223068047290415
2025-06-16 18:34:22.748748+00:00,29.23452568659211
2025-06-16 18:34:23.304695+00:00,29.2581441579018
2025-06-16 18:34:23.639380+00:00,29.252134296592025
2025-06-16 18:34:23.933356+00:00,29.24654571706844
2025-06-16 18:34:24.157321+00:00,29.24640524889903
2025-06-16 18:34:24.426181+00:00,29.263592732336956
2025-06-16 18:34:24.894124+00:00,29.228515438759754
2025-06-16 18:34:25.196092+00:00,29.164231763174477
2025-06-16 18:34:25.569449+00:00,29.116990681030536
2025-06-16 18:34:26.040372+00:00,29.058291986551964
2025-06-16 18:34:26.414835+00:00,29.111404913423133
2025-06-16 18:34:28.580010+00:00,29.222927310603648
2025-06-16 18:34:35.942450+00:00,29.128872131984487
2025-06-16 18:34:36.190598+00:00,29.128872131984487
2025-06-16 18:34:59.163948+00:00,29.211188281311042
2025-06-16 18:35:01.697433+00:00,29.251993873991736
2025-06-16 18:35:03.214127+00:00,29.20503684313401
2025-06-16 18:35:09.373514+00:00,29.19357966219098
2025-06-16 18:35:10.193097+00:00,29.23452568659211
2025-06-16 18:35:10.676782+00:00,29.23410378229003
2025-06-16 18:35:11.255978+00:00,29.22837473686286
2025-06-16 18:35:11.639376+00:00,29.21663532483945
2025-06-16 18:35:12.525262+00:00,29.234385062604666
2025-06-16 18:35:13.014755+00:00,29.187286619346256
2025-06-16 18:35:13.610987+00:00,29.070031805644557
2025-06-16 18:35:14.192701+00:00,29.081771584638712
2025-06-16 18:35:15.016245+00:00,29.14648128330101
2025-06-16 18:35:16.446032+00:00,29.240254676424964
2025-06-16 18:35:16.940572+00:00,29.234385062604666
2025-06-16 18:35:17.682707+00:00,29.26415386415075
2025-06-16 18:35:18.623014+00:00,29.252134296592025
2025-06-16 18:35:20.580852+00:00,29.25185344061161
2025-06-16 18:35:21.256640+00:00,29.19357966219098
2025-06-16 18:35:21.673066+00:00,29.169818648957097
2025-06-16 18:35:22.850625+00:00,29.228796810213726
2025-06-16 18:35:23.312789+00:00,29.252274708412493
2025-06-16 18:35:24.894138+00:00,29.21691698637276
2025-06-16 18:35:25.494058+00:00,29.170101363026085
2025-06-16 18:35:25.825245+00:00,29.19944921192182
2025-06-16 18:35:26.296385+00:00,29.128872131984487
2025-06-16 18:35:26.830806+00:00,29.09379578307126
2025-06-16 18:35:27.430282+00:00,29.14089494005282
2025-06-16 18:35:28.772561+00:00,28.9175552790703
2025-06-16 18:35:29.173505+00:00,28.988139106395085
2025-06-16 18:35:29.589955+00:00,29.09966550321271
2025-06-16 18:35:30.068470+00:00,29.129013953557628
2025-06-16 18:35:30.672164+00:00,29.141036605798767
2025-06-16 18:35:33.471228+00:00,29.2816218556175
2025-06-16 18:35:33.854992+00:00,29.269602595157316
2025-06-16 18:35:34.497793+00:00,29.293500575476102
2025-06-16 18:35:35.190173+00:00,29.2993698876694
2025-06-16 18:35:37.199391+00:00,29.276312911657993
2025-06-16 18:35:39.210011+00:00,29.32312619489139
2025-06-16 18:35:40.829390+00:00,29.246967056897592
2025-06-16 18:35:41.408451+00:00,29.270163415339642
2025-06-16 18:35:41.988360+00:00,29.281761921017736
2025-06-16 18:35:42.259916+00:00,29.31138790917666
2025-06-16 18:35:43.772697+00:00,29.31739668734649
2025-06-16 18:35:44.240920+00:00,29.32885581588501
2025-06-16 18:35:45.438189+00:00,29.317257057045758
2025-06-16 18:35:48.495875+00:00,29.335003869435834
2025-06-16 18:35:49.613265+00:00,29.364627126714613
2025-06-16 18:35:51.639661+00:00,29.340872910085803
2025-06-16 18:35:54.362064+00:00,29.370773959896404
2025-06-16 18:35:55.324410+00:00,29.358619121540894
2025-06-16 18:35:55.625504+00:00,29.347299011612108
2025-06-16 18:35:56.669440+00:00,29.31795510075441
2025-06-16 18:35:56.878960+00:00,29.32941377852244
2025-06-16 18:35:57.511966+00:00,29.312225932045163
2025-06-16 18:35:58.885976+00:00,29.341430249485217
2025-06-16 18:35:59.453856+00:00,29.376503755976984
2025-06-16 18:35:59.955250+00:00,29.376642671911668
2025-06-16 18:36:00.777144+00:00,29.370773959896404
2025-06-16 18:36:01.601905+00:00,29.376642671911668
2025-06-16 18:36:02.120243+00:00,29.364766187676356
2025-06-16 18:36:02.874718+00:00,29.2356502904152
2025-06-16 18:36:05.136774+00:00,29.271004322221174
2025-06-16 18:36:05.620026+00:00,29.277013250906233
2025-06-16 18:36:05.987118+00:00,29.27086419802356
2025-06-16 18:36:06.847192+00:00,29.259266527364606
2025-06-16 18:36:07.348976+00:00,29.259266527364606
2025-06-16 18:36:07.688043+00:00,29.294759470704275
2025-06-16 18:36:08.037600+00:00,29.19470793905723
2025-06-16 18:36:08.459989+00:00,29.047979364675843
2025-06-16 18:36:10.599830+00:00,29.077325580668393
2025-06-16 18:36:12.945928+00:00,29.089348375104215
2025-06-16 18:36:13.192854+00:00,29.130431576367343
2025-06-16 18:36:13.366311+00:00,29.15390747089374
2025-06-16 18:36:13.755074+00:00,29.19470793905723
2025-06-16 18:36:14.194921+00:00,29.224052902259107
2025-06-16 18:36:14.544655+00:00,29.14803851229494
2025-06-16 18:36:14.746329+00:00,29.195271818768468
2025-06-16 18:36:14.979716+00:00,29.212314947045332
2025-06-16 18:36:15.297995+00:00,29.22419355270629
2025-06-16 18:36:15.740906+00:00,29.24780944550035
2025-06-16 18:36:16.152506+00:00,29.200717870709568
2025-06-16 18:36:16.628635+00:00,28.942474785411225
2025-06-16 18:36:16.921990+00:00,28.930591995124278
2025-06-16 18:36:17.956330+00:00,29.118693568972933
2025-06-16 18:36:18.487841+00:00,29.212878021192576
2025-06-16 18:36:18.836272+00:00,29.195271818768468
2025-06-16 18:36:19.102928+00:00,29.212455731752122
2025-06-16 18:36:20.101160+00:00,29.236071838980685
2025-06-16 18:36:20.819180+00:00,29.124704347803227
2025-06-16 18:36:22.361735+00:00,29.095501634725206
2025-06-16 18:36:23.163128+00:00,29.300767934979234
2025-06-16 18:36:23.450682+00:00,29.300767934979234
2025-06-16 18:36:23.770911+00:00,29.30090768042254
2025-06-16 18:36:24.220636+00:00,29.35945379304321
2025-06-16 18:36:24.712012+00:00,29.35372439364806
2025-06-16 18:36:24.929292+00:00,29.377337089896876
2025-06-16 18:36:25.830953+00:00,29.371607631883116
2025-06-16 18:36:27.730352+00:00,29.389489931328136
2025-06-16 18:36:29.362227+00:00,29.10752334290175
2025-06-16 18:36:33.171030+00:00,29.342265935202892
2025-06-16 18:36:33.488497+00:00,29.35372439364806
2025-06-16 18:36:34.299561+00:00,29.324660796943295
2025-06-16 18:36:34.850598+00:00,29.34799510770108
2025-06-16 18:36:35.058495+00:00,29.365739312588982
2025-06-16 18:36:35.610291+00:00,29.34813429458084
2025-06-16 18:36:35.971926+00:00,29.36560032708211
2025-06-16 18:36:36.553544+00:00,29.371746539486924
2025-06-16 18:36:37.059031+00:00,29.389351235873537
2025-06-16 18:36:38.285467+00:00,29.31893190920786
2025-06-16 18:36:38.620497+00:00,29.34813429458084
2025-06-16 18:36:38.836762+00:00,29.360010025125547
2025-06-16 18:36:39.205284+00:00,29.401087650027645
2025-06-16 18:36:39.731703+00:00,29.40695584207361
2025-06-16 18:36:39.974361+00:00,29.33639756580398
2025-06-16 18:36:40.342031+00:00,29.283581790270823
2025-06-16 18:36:40.562421+00:00,29.23705507500467
2025-06-16 18:36:40.851608+00:00,29.21888740974817
2025-06-16 18:36:41.136971+00:00,29.142877279486047
2025-06-16 18:36:41.436799+00:00,29.171937953405124
2025-06-16 18:36:42.002700+00:00,29.160341824092697
2025-06-16 18:36:42.386399+00:00,29.224896643243277
2025-06-16 18:36:43.986167+00:00,29.32521851066943
2025-06-16 18:36:44.271583+00:00,29.348412636002358
2025-06-16 18:36:48.100916+00:00,29.43643481047058
2025-06-16 18:36:49.071313+00:00,29.407232819467907
2025-06-16 18:36:49.737880+00:00,29.418830555945895
2025-06-16 18:36:50.179257+00:00,29.418692196103365
2025-06-16 18:36:50.679253+00:00,29.430566735649517
2025-06-16 18:36:51.121141+00:00,29.459769119554622
2025-06-16 18:36:51.761710+00:00,29.471505293211305
2025-06-16 18:36:53.278641+00:00,29.4131008672488
2025-06-16 18:36:53.605160+00:00,29.424698650807958
2025-06-16 18:36:53.837089+00:00,29.448446946186976
2025-06-16 18:36:54.351039+00:00,29.49525248405306
2025-06-16 18:36:55.060208+00:00,29.49525248405306
2025-06-16 18:36:55.494193+00:00,29.506713573683903
2025-06-16 18:36:55.963368+00:00,29.500845551990285
2025-06-16 18:36:58.470092+00:00,29.248370822305755
2025-06-16 18:37:09.054659+00:00,29.265555939102118
2025-06-16 18:37:10.812290+00:00,28.83139010885907
2025-06-16 18:37:11.157285+00:00,29.00131129021776
2025-06-16 18:37:14.323161+00:00,29.17710084086821
2025-06-16 18:37:20.668969+00:00,28.918564722345987
2025-06-16 18:37:22.657119+00:00,29.04755130667957
2025-06-16 18:37:24.759202+00:00,29.19456694217925
2025-06-16 18:37:25.143500+00:00,29.212033345291776
2025-06-16 18:37:25.776796+00:00,29.252695879194963
2025-06-16 18:37:26.303044+00:00,29.25870542887147
2025-06-16 18:37:26.681798+00:00,29.247107481947634
2025-06-16 18:37:26.954192+00:00,29.252695879194963
2025-06-16 18:37:27.536708+00:00,29.25255549971396
2025-06-16 18:37:30.493477+00:00,29.311806969118788
2025-06-16 18:37:32.609262+00:00,29.264995238478548
2025-06-16 18:37:34.159979+00:00,29.28246208632373
2025-06-16 18:37:34.461480+00:00,29.299789415048
2025-06-16 18:37:35.164739+00:00,29.288191138553707
2025-06-16 18:37:36.703916+00:00,29.311527606603565
2025-06-16 18:37:38.556393+00:00,29.335422091530088
2025-06-16 18:37:38.807407+00:00,29.346741940712533
2025-06-16 18:37:40.321962+00:00,29.358758260406205
2025-06-16 18:37:41.036888+00:00,29.358619121540894
2025-06-16 18:37:43.437580+00:00,29.24123834805472
2025-06-16 18:37:45.601293+00:00,29.246967056897592
2025-06-16 18:37:47.643502+00:00,29.25870542887147
2025-06-16 18:37:49.677779+00:00,29.088068333638162
2025-06-16 18:37:52.287464+00:00,29.17066666180157
2025-06-16 18:37:53.040439+00:00,29.22334948832407
2025-06-16 18:37:53.592116+00:00,29.23522864483076
2025-06-16 18:37:55.561197+00:00,29.270163415339642
2025-06-16 18:37:56.120323+00:00,29.187992370595165
2025-06-16 18:37:57.043394+00:00,29.229359423762485
2025-06-16 18:37:57.761491+00:00,29.229078138547962
2025-06-16 18:37:58.921228+00:00,29.176253489538244
2025-06-16 18:37:59.825837+00:00,29.229359423762485
2025-06-16 18:38:02.126034+00:00,29.23494749387501
2025-06-16 18:38:04.906702+00:00,29.25255549971396
2025-06-16 18:38:05.326864+00:00,29.222927310603648
2025-06-16 18:38:05.962865+00:00,29.25255549971396
2025-06-16 18:38:06.384972+00:00,29.22865612987671
2025-06-16 18:38:07.921466+00:00,29.270163415339642
2025-06-16 18:38:08.936910+00:00,29.158645092775142
2025-06-16 18:38:14.742792+00:00,29.023501378721864
2025-06-16 18:38:24.426571+00:00,29.03552665285748
2025-06-16 18:38:25.560456+00:00,29.082198660583575
2025-06-16 18:38:27.046396+00:00,29.18855677755209
2025-06-16 18:38:27.402988+00:00,29.211610861811444
2025-06-16 18:38:27.932793+00:00,29.12929756436271
2025-06-16 18:38:29.263966+00:00,28.912550853326405
2025-06-16 18:38:29.886404+00:00,29.00617840764506
2025-06-16 18:38:30.292461+00:00,29.070744216337953
2025-06-16 18:38:30.569901+00:00,29.111972897516726
2025-06-16 18:38:30.903623+00:00,29.017774670992733
2025-06-16 18:38:31.444457+00:00,29.035240915285602
2025-06-16 18:38:34.134811+00:00,29.059005068604996
2025-06-16 18:38:34.486920+00:00,29.106103465960427
2025-06-16 18:38:35.305986+00:00,29.158927989130515
2025-06-16 18:38:58.797923+00:00,29.223208773197225
2025-06-16 18:38:59.023866+00:00,29.164514568386537
2025-06-16 18:38:59.239696+00:00,29.082056312715913
2025-06-16 18:38:59.532041+00:00,28.99987889752333
2025-06-16 18:38:59.762757+00:00,29.00603520856143
2025-06-16 18:39:01.173126+00:00,29.08276794424802
2025-06-16 18:39:02.083997+00:00,29.076756157830335
2025-06-16 18:39:03.044066+00:00,29.141319904949636
2025-06-16 18:39:04.143043+00:00,29.11741654855222
2025-06-16 18:39:04.683008+00:00,29.094080199485816
2025-06-16 18:39:07.849764+00:00,29.19987219520494
2025-06-16 18:39:08.260238+00:00,29.20001316807252
2025-06-16 18:39:11.561259+00:00,29.152775607140047
2025-06-16 18:39:22.107127+00:00,29.094364572778108
2025-06-16 18:39:22.809549+00:00,29.029514093329247
2025-06-16 18:39:23.318880+00:00,29.09379578307126
2025-06-16 18:39:26.501384+00:00,28.624038097602327
2025-06-16 18:39:26.901453+00:00,28.818052998365193
2025-06-16 18:39:28.019649+00:00,28.95320713144761
2025-06-16 18:39:29.450825+00:00,28.812328289760387
2025-06-16 18:39:29.802196+00:00,28.753627068362356
2025-06-16 18:39:30.173571+00:00,28.82377782045529
2025-06-16 18:39:31.199841+00:00,29.082198660583575
2025-06-16 18:39:31.633963+00:00,29.100091910259646
2025-06-16 18:39:31.958882+00:00,29.082198660583575
2025-06-16 18:39:32.720586+00:00,29.12929756436271
2025-06-16 18:39:34.556655+00:00,29.17639474171033
2025-06-16 18:39:36.534188+00:00,29.26988302680796
2025-06-16 18:39:36.767356+00:00,29.27002322646367
2025-06-16 18:39:37.250868+00:00,29.281901975638288
2025-06-16 18:39:37.650379+00:00,29.287771240752065
2025-06-16 18:39:37.967163+00:00,29.293500575476102
2025-06-16 18:39:38.124246+00:00,29.293640495842144
2025-06-16 18:39:39.003385+00:00,29.288191138553707
2025-06-16 18:39:39.912779+00:00,29.28232207482187
2025-06-16 18:39:40.733543+00:00,29.241519300072977
2025-06-16 18:39:46.350149+00:00,29.135450523509533
2025-06-16 18:39:49.685128+00:00,29.305938012605342
2025-06-16 18:39:51.119964+00:00,29.317675915609456
2025-06-16 18:39:51.907726+00:00,29.341012261104744
2025-06-16 18:39:53.035643+00:00,29.35889738849221
2025-06-16 18:39:53.318657+00:00,29.34129093080445
2025-06-16 18:39:54.582302+00:00,29.35302857928551
2025-06-16 18:39:55.517988+00:00,29.352610961316024
2025-06-16 18:39:55.860194+00:00,29.352053986445913
2025-06-16 18:39:56.842943+00:00,29.317257057045758
2025-06-16 18:39:57.932764+00:00,29.25870542887147
2025-06-16 18:39:59.838789+00:00,29.20001316807252
2025-06-16 18:40:00.858192+00:00,29.252415109453132
2025-06-16 18:40:01.208588+00:00,29.25255549971396
2025-06-16 18:40:02.750355+00:00,29.258424814946217
2025-06-16 18:40:03.499707+00:00,29.26988302680796
2025-06-16 18:40:03.808316+00:00,29.2581441579018
2025-06-16 18:40:05.764865+00:00,29.258003813209903
2025-06-16 18:40:06.982767+00:00,29.19944921192182
2025-06-16 18:40:07.399955+00:00,29.19329748517348
2025-06-16 18:40:11.909110+00:00,28.78239469453742
2025-06-16 18:40:13.511332+00:00,29.076044136718306
2025-06-16 18:40:14.891258+00:00,29.16366602338749
2025-06-16 18:40:15.298069+00:00,29.187568952186208
2025-06-16 18:40:18.658981+00:00,29.134741859114374
2025-06-16 18:40:19.092824+00:00,29.158220667390122
2025-06-16 18:40:20.604819+00:00,29.240254676424964
2025-06-16 18:40:21.340482+00:00,29.22865612987671
2025-06-16 18:40:26.951418+00:00,29.164655954822216
2025-06-16 18:40:27.383534+00:00,29.158503628427063
2025-06-16 18:40:28.089910+00:00,29.099807649675558
2025-06-16 18:40:33.107809+00:00,29.2171986047861
2025-06-16 18:40:34.019810+00:00,29.09966550321271
2025-06-16 18:40:35.858123+00:00,29.210906507077365
2025-06-16 18:40:36.606232+00:00,29.19329748517348
2025-06-16 18:40:38.411963+00:00,28.999592289612377
2025-06-16 18:40:38.848547+00:00,29.046552127360926
2025-06-16 18:40:39.340414+00:00,29.122718585075432
2025-06-16 18:40:40.283821+00:00,29.169677275752274
2025-06-16 18:40:40.635902+00:00,29.187286619346256
2025-06-16 18:40:41.316721+00:00,29.187286619346256
2025-06-16 18:40:42.466536+00:00,29.187568952186208
2025-06-16 18:40:46.886302+00:00,28.94704952168539
2025-06-16 18:40:50.645859+00:00,28.999735598958363
2025-06-16 18:40:51.140405+00:00,29.02335835948999
2025-06-16 18:40:51.657961+00:00,29.029085237045972
2025-06-16 18:40:53.280042+00:00,29.058434624524043
2025-06-16 18:40:53.990167+00:00,29.05857725171538
2025-06-16 18:40:55.888464+00:00,29.175970952853543
2025-06-16 18:40:56.918027+00:00,29.19329748517348
2025-06-16 18:40:57.483697+00:00,29.19357966219098
2025-06-16 18:40:58.308778+00:00,28.952919492430667
2025-06-16 18:40:59.013968+00:00,28.753334863541482
2025-06-16 18:40:59.608204+00:00,28.782540488165527
2025-06-16 18:41:00.522542+00:00,28.806167216552907
2025-06-16 18:41:01.256955+00:00,28.74130171384139
2025-06-16 18:41:02.440800+00:00,28.588518321740946
2025-06-16 18:41:03.928749+00:00,28.711656052870552
2025-06-16 18:41:07.353353+00:00,28.94690561886462
2025-06-16 18:41:11.723272+00:00,28.929439549304654
2025-06-16 18:41:12.541367+00:00,28.800296995203805
2025-06-16 18:41:13.390226+00:00,28.911829486706537
2025-06-16 18:41:14.264655+00:00,29.0701743093446
2025-06-16 18:41:17.656893+00:00,29.100091910259646
2025-06-16 18:41:19.898397+00:00,29.217761712252965
2025-06-16 18:41:20.699456+00:00,29.229218786545186
2025-06-16 18:41:21.602303+00:00,29.229640665857325
2025-06-16 18:41:23.148559+00:00,29.2647148234883
2025-06-16 18:41:24.151411+00:00,29.282602087045912
2025-06-16 18:41:25.880940+00:00,29.253116952959104
2025-06-16 18:41:27.352471+00:00,29.276453001067022
2025-06-16 18:41:27.970778+00:00,29.264574599823547
2025-06-16 18:41:28.598826+00:00,29.258985999677595
2025-06-16 18:41:29.668087+00:00,29.082910238212598
2025-06-16 18:41:31.868214+00:00,29.253257289320874
2025-06-16 18:41:35.704003+00:00,29.282742076988434
2025-06-16 18:41:37.602390+00:00,29.33011098928172
2025-06-16 18:41:38.227025+00:00,29.330250399095277
2025-06-16 18:41:38.596936+00:00,29.341987416414494
2025-06-16 18:41:40.631763+00:00,29.377337089896876
2025-06-16 18:41:41.563317+00:00,29.383066661357272
2025-06-16 18:41:41.841585+00:00,29.377337089896876
2025-06-16 18:41:42.783929+00:00,29.236774204325695
2025-06-16 18:41:43.699488+00:00,29.283581790270823
2025-06-16 18:41:44.087806+00:00,29.325079098407052
2025-06-16 18:41:44.753509+00:00,29.29545847965605
2025-06-16 18:41:45.157368+00:00,29.177947804112495
2025-06-16 18:41:46.554957+00:00,29.295598249107645
2025-06-16 18:41:48.473506+00:00,29.377475941156295
2025-06-16 18:41:48.843021+00:00,29.371885436311505
2025-06-16 18:41:49.178830+00:00,29.383899269160995
2025-06-16 18:41:49.496177+00:00,29.401226211236736
2025-06-16 18:41:50.157017+00:00,29.40136476166674
2025-06-16 18:41:50.505794+00:00,29.389351235873537
2025-06-16 18:41:50.964668+00:00,29.401226211236736
2025-06-16 18:41:51.310117+00:00,29.41296245106334
2025-06-16 18:41:51.594399+00:00,29.418692196103365
2025-06-16 18:41:51.761771+00:00,29.400949078039478
2025-06-16 18:41:52.187021+00:00,29.412685586355334
2025-06-16 18:41:52.461719+00:00,29.43643481047058
2025-06-16 18:41:52.722109+00:00,29.424836932749788
2025-06-16 18:41:54.184696+00:00,29.4131008672488
2025-06-16 18:41:56.291071+00:00,29.448446946186976
2025-06-16 18:41:56.985031+00:00,29.448308943508522
2025-06-16 18:41:57.301315+00:00,29.454314856705455
2025-06-16 18:41:57.719149+00:00,29.442164783914155
2025-06-16 18:41:58.054503+00:00,29.442302875271142
2025-06-16 18:41:58.731247+00:00,29.413239272655236
2025-06-16 18:42:02.008132+00:00,29.19639906074816
2025-06-16 18:42:02.329130+00:00,29.24893202663425
2025-06-16 18:42:02.687884+00:00,29.2958777556721
2025-06-16 18:42:03.229325+00:00,29.337511746782074
2025-06-16 18:42:06.293454+00:00,29.424836932749788
2025-06-16 18:42:06.828228+00:00,29.38990595301712
2025-06-16 18:42:07.897560+00:00,29.37216319762301
2025-06-16 18:42:08.771218+00:00,29.378031238402023
2025-06-16 18:42:09.091891+00:00,29.4131008672488
2025-06-16 18:42:10.723187+00:00,29.207994731710883
2025-06-16 18:42:11.106355+00:00,29.201704001639687
2025-06-16 18:42:11.470884+00:00,29.2486514460296
2025-06-16 18:42:12.269405+00:00,29.36042708600486
2025-06-16 18:42:12.477991+00:00,29.371885436311505
2025-06-16 18:42:13.747796+00:00,29.418830555945895
2025-06-16 18:42:14.146873+00:00,29.384037999401205
2025-06-16 18:42:14.650807+00:00,29.278133233159995
2025-06-16 18:42:15.206012+00:00,29.20785398767397
2025-06-16 18:42:16.238435+00:00,29.096211948074732
2025-06-16 18:42:17.595522+00:00,29.28428125489932
2025-06-16 18:42:19.413494+00:00,29.336815464516125
2025-06-16 18:42:21.295321+00:00,29.31907141015472
2025-06-16 18:42:24.797554+00:00,29.34296204353505
2025-06-16 18:42:26.336131+00:00,29.372302062109934
2025-06-16 18:42:26.528229+00:00,29.389767289899925
2025-06-16 18:42:27.389037+00:00,29.389767289899925
2025-06-16 18:42:27.648381+00:00,29.354559015165727
2025-06-16 18:42:27.898074+00:00,29.354419938527705
2025-06-16 18:42:29.329954+00:00,29.366295146823955
2025-06-16 18:42:29.571062+00:00,29.33695474252807
2025-06-16 18:42:29.856381+00:00,29.248791741721824
2025-06-16 18:42:30.139944+00:00,29.225318368206437
2025-06-16 18:42:30.598485+00:00,29.254379592142428
2025-06-16 18:42:30.952550+00:00,29.283581790270823
2025-06-16 18:42:31.327644+00:00,29.307334849672177
2025-06-16 18:42:34.803632+00:00,29.348551790544118
2025-06-16 18:42:36.890352+00:00,29.313203134923697
2025-06-16 18:42:38.091324+00:00,29.213300213613216
2025-06-16 18:42:38.859520+00:00,29.242783050552603
2025-06-16 18:42:39.526759+00:00,29.219449999776916
2025-06-16 18:42:40.170946+00:00,29.272404971313506
2025-06-16 18:42:40.706410+00:00,29.289729933794632
2025-06-16 18:42:42.938600+00:00,29.2486514460296
2025-06-16 18:42:43.524554+00:00,29.2958777556721
2025-06-16 18:42:44.114272+00:00,29.30160624594568
2025-06-16 18:42:44.601396+00:00,29.30174592671165
2025-06-16 18:42:44.884394+00:00,29.296296934671993
2025-06-16 18:42:45.245572+00:00,29.319210900322116
2025-06-16 18:42:45.531450+00:00,29.31935037971004
2025-06-16 18:42:46.014233+00:00,29.31907141015472
2025-06-16 18:42:46.888684+00:00,29.336815464516125
2025-06-16 18:42:47.236850+00:00,29.19611731493352
2025-06-16 18:42:47.774317+00:00,29.04940552391405
2025-06-16 18:42:48.224165+00:00,29.073022119405834
2025-06-16 18:42:48.487502+00:00,29.119827965166596
2025-06-16 18:42:48.831288+00:00,29.19597642585614
2025-06-16 18:42:49.064054+00:00,29.24893202663425
2025-06-16 18:42:49.291244+00:00,29.2486514460296
2025-06-16 18:42:49.541837+00:00,29.29545847965605
2025-06-16 18:42:50.084352+00:00,29.2605283683579
2025-06-16 18:42:50.564479+00:00,29.242783050552603
2025-06-16 18:42:50.846226+00:00,29.231467688433185
2025-06-16 18:42:51.029979+00:00,29.22517780399863
2025-06-16 18:42:51.279247+00:00,29.237195494174376
2025-06-16 18:42:51.805906+00:00,29.155038644710658
2025-06-16 18:42:52.214964+00:00,29.090485456662087
2025-06-16 18:42:52.480730+00:00,29.055131615520924
2025-06-16 18:42:52.724690+00:00,29.019919511112864
2025-06-16 18:42:52.943851+00:00,29.014193762205554
2025-06-16 18:42:53.412800+00:00,29.03781100099386
2025-06-16 18:42:53.705996+00:00,29.02593105618855
2025-06-16 18:42:53.854204+00:00,29.019919511112864
2025-06-16 18:42:54.071526+00:00,29.06028793711489
2025-06-16 18:42:54.330509+00:00,29.10208052692991
2025-06-16 18:42:54.848187+00:00,29.18996704033723
2025-06-16 18:42:55.108037+00:00,29.242923413373383
2025-06-16 18:42:55.407770+00:00,29.29573800777966
2025-06-16 18:42:55.650669+00:00,29.325079098407052
2025-06-16 18:42:55.875833+00:00,29.324939675365243
2025-06-16 18:42:56.203062+00:00,29.37216319762301
2025-06-16 18:42:56.571380+00:00,29.37761478163652
2025-06-16 18:42:56.847523+00:00,29.372024322356868
2025-06-16 18:42:57.191814+00:00,29.38362177634309
2025-06-16 18:42:57.514626+00:00,29.372302062109934
2025-06-16 18:42:57.698978+00:00,29.325079098407052
2025-06-16 18:42:57.824843+00:00,29.307614087731157
2025-06-16 18:42:58.040820+00:00,29.31907141015472
2025-06-16 18:42:58.276374+00:00,29.33080793055527
2025-06-16 18:42:58.671922+00:00,29.32521851066943
2025-06-16 18:42:58.994850+00:00,29.348412636002358
2025-06-16 18:42:59.463397+00:00,29.325079098407052
2025-06-16 18:42:59.754641+00:00,29.2958777556721
2025-06-16 18:43:00.060249+00:00,29.31935037971004
2025-06-16 18:43:00.565697+00:00,29.290009574612515
2025-06-16 18:43:00.927707+00:00,29.29573800777966
2025-06-16 18:43:01.345571+00:00,29.32521851066943
2025-06-16 18:43:01.543684+00:00,29.354837136103868
2025-06-16 18:43:01.919119+00:00,29.354419938527705
2025-06-16 18:43:02.404454+00:00,29.354559015165727
2025-06-16 18:43:02.811383+00:00,29.354559015165727
2025-06-16 18:43:03.233248+00:00,29.35469808102444
2025-06-16 18:43:16.262392+00:00,29.259967657936215
2025-06-16 18:43:16.695497+00:00,29.283161982138058
2025-06-16 18:43:17.572163+00:00,29.236352817458293
2025-06-16 18:43:17.990867+00:00,29.118835406228605
2025-06-16 18:43:18.758839+00:00,28.948775514596935
2025-06-16 18:43:22.913502+00:00,29.018918887588686
2025-06-16 18:43:23.640910+00:00,29.089490548030895
2025-06-16 18:43:24.267385+00:00,29.159776419470663
2025-06-16 18:43:25.153748+00:00,29.15362456963695
2025-06-16 18:43:48.493175+00:00,29.224052902259107
2025-06-16 18:43:48.877093+00:00,29.2356502904152
2025-06-16 18:43:49.088330+00:00,29.253397614902838
2025-06-16 18:43:49.377532+00:00,29.229781270734872
2025-06-16 18:43:50.298189+00:00,29.136017260979084
2025-06-16 18:43:52.762905+00:00,29.24180020897181
2025-06-16 18:43:53.586893+00:00,29.24194064725145
2025-06-16 18:43:57.844538+00:00,29.24194064725145
2025-06-16 18:44:01.116994+00:00,29.283161982138058
2025-06-16 18:44:03.168314+00:00,29.15419032902948
2025-06-16 18:44:05.690251+00:00,29.27142463013574
2025-06-16 18:44:06.059224+00:00,29.294759470704275
2025-06-16 18:44:06.505097+00:00,29.306776244199916
2025-06-16 18:44:06.917799+00:00,29.283301928961958
2025-06-16 18:44:08.449571+00:00,29.001597639384755
2025-06-16 18:44:08.850554+00:00,29.024788066668588
2025-06-16 18:44:09.811353+00:00,29.112966454632343
2025-06-16 18:44:11.374971+00:00,29.136158918395587
2025-06-16 18:44:12.041207+00:00,29.17710084086821
2025-06-16 18:44:12.578453+00:00,29.247528692418744
2025-06-16 18:44:13.398100+00:00,29.312086288515893
2025-06-16 18:44:14.049390+00:00,29.311946634207107
2025-06-16 18:44:14.611200+00:00,29.317675915609456
2025-06-16 18:44:14.883232+00:00,29.300069046069112
2025-06-16 18:44:15.334245+00:00,29.270724063046227
2025-06-16 18:44:15.666957+00:00,29.176818433545556
2025-06-16 18:44:16.121573+00:00,29.188415691983028
2025-06-16 18:44:16.526407+00:00,29.21175170041822
2025-06-16 18:44:16.901374+00:00,29.22334948832407
2025-06-16 18:44:17.329418+00:00,29.012191197899078
2025-06-16 18:44:17.987802+00:00,29.01834686553801
2025-06-16 18:44:18.383925+00:00,29.082910238212598
2025-06-16 18:44:19.179459+00:00,29.159069421137822
2025-06-16 18:44:19.404028+00:00,29.176535983102237
2025-06-16 18:44:25.105455+00:00,29.29433993597805
2025-06-16 18:44:25.586523+00:00,29.28232207482187
2025-06-16 18:44:25.819221+00:00,29.2353692041388
2025-06-16 18:44:26.126660+00:00,29.176677213713976
2025-06-16 18:44:26.352018+00:00,29.206023334214024
2025-06-16 18:44:35.201874+00:00,29.353585252334195
2025-06-16 18:44:36.163227+00:00,29.341987416414494
2025-06-16 18:44:36.480177+00:00,29.347855910041982
2025-06-16 18:44:37.642894+00:00,29.36546133079598
2025-06-16 18:44:40.052349+00:00,29.377475941156295
2025-06-16 18:44:41.470584+00:00,29.394803498291076
2025-06-16 18:44:42.895449+00:00,29.236774204325695
2025-06-16 18:44:44.478698+00:00,29.313203134923697
2025-06-16 18:44:44.774535+00:00,29.254379592142428
2025-06-16 18:44:45.010530+00:00,29.177383205070235
2025-06-16 18:44:45.323748+00:00,29.036811938279776
2025-06-16 18:44:45.638052+00:00,28.837549540306863
2025-06-16 18:44:45.977845+00:00,28.696685225698815
2025-06-16 18:44:46.463474+00:00,28.596902843882035
2025-06-16 18:44:46.980591+00:00,28.69052233066826
2025-06-16 18:44:47.399522+00:00,28.842983847811336
2025-06-16 18:44:47.841817+00:00,28.942906339513453
2025-06-16 18:44:48.294348+00:00,28.948775514596935
2025-06-16 18:44:48.603231+00:00,28.831535214373343
2025-06-16 18:44:48.837363+00:00,28.878344752181974
2025-06-16 18:44:49.069907+00:00,28.93674932817383
2025-06-16 18:44:49.535879+00:00,29.031228548184956
2025-06-16 18:44:49.865397+00:00,29.066014481083208
2025-06-16 18:44:50.203317+00:00,29.136725440258143
2025-06-16 18:44:50.377174+00:00,29.154048905351733
2025-06-16 18:44:50.585748+00:00,29.177242028359295
2025-06-16 18:44:50.795236+00:00,29.20099967630406
2025-06-16 18:44:51.078988+00:00,29.224474821260863
2025-06-16 18:44:51.421494+00:00,29.230484133423978
2025-06-16 18:44:51.746189+00:00,29.259827453381416
2025-06-16 18:44:52.005383+00:00,29.265976351382587
2025-06-16 18:44:52.272982+00:00,29.277293311147716
2025-06-16 18:44:53.777323+00:00,29.260107851711265
2025-06-16 18:44:54.020421+00:00,29.295039106623758
2025-06-16 18:44:54.270023+00:00,29.271564711214513
2025-06-16 18:44:54.678027+00:00,29.31264479795587
2025-06-16 18:44:55.086693+00:00,29.324381875403553
2025-06-16 18:44:55.439828+00:00,29.336258244674482
2025-06-16 18:44:55.749809+00:00,29.330250399095277
2025-06-16 18:44:56.108717+00:00,29.34813429458084
2025-06-16 18:44:56.351878+00:00,29.33011098928172
2025-06-16 18:44:56.661300+00:00,29.359592867232724
2025-06-16 18:44:57.037166+00:00,29.342126681198376
2025-06-16 18:44:57.304196+00:00,29.365322323730588
2025-06-16 18:44:57.563648+00:00,29.359592867232724
2025-06-16 18:44:57.778167+00:00,29.36546133079598
2025-06-16 18:44:57.990172+00:00,29.35372439364806
2025-06-16 18:44:58.157395+00:00,29.353585252334195
2025-06-16 18:44:58.450040+00:00,29.341987416414494
2025-06-16 18:44:58.761751+00:00,29.30663656588301
2025-06-16 18:44:59.202374+00:00,29.271844841032955
2025-06-16 18:44:59.478800+00:00,29.26583622473549
2025-06-16 18:44:59.702535+00:00,29.24222149147119
2025-06-16 18:44:59.928526+00:00,29.248370822305755
2025-06-16 18:45:00.263586+00:00,29.194989900472986
2025-06-16 18:45:00.577048+00:00,29.195271818768468
2025-06-16 18:45:01.003539+00:00,29.224896643243277
2025-06-16 18:45:01.415657+00:00,29.248370822305755
2025-06-16 18:45:01.825707+00:00,29.283441865006214
2025-06-16 18:45:02.602147+00:00,29.330250399095277
2025-06-16 18:45:03.455885+00:00,29.271844841032955
2025-06-16 18:45:04.031813+00:00,29.277853302274572
2025-06-16 18:45:07.370277+00:00,29.271844841032955
2025-06-16 18:45:08.069192+00:00,29.30146655440016
2025-06-16 18:45:10.803126+00:00,29.143160298348622
2025-06-16 18:45:13.325761+00:00,29.13142327090177
2025-06-16 18:45:14.099831+00:00,29.125413036708114
2025-06-16 18:45:17.031477+00:00,29.324939675365243
2025-06-16 18:45:18.693585+00:00,29.008468126772367
2025-06-16 18:45:19.728511+00:00,29.16076576436689
2025-06-16 18:45:21.766177+00:00,29.213581621327126
2025-06-16 18:45:25.832318+00:00,29.19010800732527
2025-06-16 18:45:30.151549+00:00,29.014193762205554
2025-06-16 18:45:34.841296+00:00,29.325497302855865
2025-06-16 18:45:41.457434+00:00,29.354419938527705
2025-06-16 18:45:44.992662+00:00,29.225318368206437
2025-06-16 18:45:46.236461+00:00,29.30202525590495
2025-06-16 18:45:48.571692+00:00,29.366572999265973
2025-06-16 18:45:48.889147+00:00,29.243204106675456
2025-06-16 18:45:50.284357+00:00,28.96724418547193
2025-06-16 18:45:50.686764+00:00,29.05527411579532
2025-06-16 18:45:51.425899+00:00,29.207713232857067
2025-06-16 18:45:52.099727+00:00,29.284141383532884
2025-06-16 18:45:53.518857+00:00,29.342544410873824
2025-06-16 18:45:54.698926+00:00,29.325079098407052
2025-06-16 18:45:57.098504+00:00,29.307334849672177
2025-06-16 18:46:00.477916+00:00,29.031942446189184
2025-06-16 18:46:04.510223+00:00,28.996301392009133
2025-06-16 18:46:04.856592+00:00,28.88450302916067
2025-06-16 18:46:05.253382+00:00,28.80834863662361
2025-06-16 18:46:05.597880+00:00,28.83783956313737
2025-06-16 18:46:12.227277+00:00,29.28986975959338
2025-06-16 18:46:12.458468+00:00,29.28386160846112
2025-06-16 18:46:12.591526+00:00,29.295178908414112
2025-06-16 18:46:12.902409+00:00,29.277853302274572
2025-06-16 18:46:13.077254+00:00,29.295318699424875
2025-06-16 18:46:13.394598+00:00,29.289729933794632
2025-06-16 18:46:13.678927+00:00,29.31907141015472
2025-06-16 18:46:15.073457+00:00,29.34869093430655
2025-06-16 18:46:20.009665+00:00,29.17823003895278
2025-06-16 18:46:20.510160+00:00,29.13128163259507
2025-06-16 18:46:20.827304+00:00,29.03724017269918
2025-06-16 18:46:21.053329+00:00,29.096069906965873
2025-06-16 18:46:21.279848+00:00,29.131139983508017
2025-06-16 18:46:23.793323+00:00,29.07860615138757
2025-06-16 18:46:24.443147+00:00,29.172502691611047
2025-06-16 18:46:25.459349+00:00,29.307753690591362
2025-06-16 18:46:29.111446+00:00,29.37216319762301
2025-06-16 18:46:35.568702+00:00,29.260808658890273
2025-06-16 18:46:48.724501+00:00,29.442440955849243
2025-06-16 18:46:49.029814+00:00,29.46591284636475
2025-06-16 18:46:49.570783+00:00,29.436572958169695
2025-06-16 18:46:50.004048+00:00,29.366295146823955
2025-06-16 18:46:50.265963+00:00,29.354419938527705
2025-06-16 18:46:50.510092+00:00,29.354419938527705
2025-06-16 18:46:51.041375+00:00,29.348273470681267
2025-06-16 18:46:51.326145+00:00,29.360288076491027
2025-06-16 18:47:12.479758+00:00,29.34296204353505
2025-06-16 18:47:25.380027+00:00,29.354976180404
2025-06-16 18:47:34.983108+00:00,29.378586363180755
2025-06-16 18:47:44.230876+00:00,29.378586363180755
2025-06-16 18:47:50.444760+00:00,29.319908189467164
2025-06-16 18:47:50.703123+00:00,29.337372511887633
2025-06-16 18:47:51.118571+00:00,29.31962930614751
2025-06-16 18:47:51.362291+00:00,29.31962930614751
2025-06-16 18:47:54.954437+00:00,29.3140403169906
2025-06-16 18:47:56.367811+00:00,29.331504602343465
2025-06-16 18:47:56.716179+00:00,29.34324041141245
2025-06-16 18:47:57.279966+00:00,29.331225965966404
2025-06-16 18:47:57.464097+00:00,29.31962930614751
2025-06-16 18:47:59.583396+00:00,29.178935437401233
2025-06-16 18:48:01.819509+00:00,29.208135464967814
2025-06-16 18:48:04.162517+00:00,29.255361041172996
2025-06-16 18:48:06.911025+00:00,29.308032863973242
2025-06-16 18:48:09.117752+00:00,29.29070848801425
2025-06-16 18:48:11.072080+00:00,29.19109447439964
2025-06-16 18:48:14.623396+00:00,28.768138635982805
2025-06-16 18:48:14.992328+00:00,28.756546744496514
2025-06-16 18:48:15.985959+00:00,28.8152345365724
2025-06-16 18:48:16.311981+00:00,28.897107211678804
2025-06-16 18:48:18.558651+00:00,29.202689604348738
2025-06-16 18:48:20.095945+00:00,29.19682159861984
2025-06-16 18:48:22.366147+00:00,29.30272339024632
2025-06-16 18:48:24.399496+00:00,29.343657882383468
2025-06-16 18:48:25.635757+00:00,29.21456620875712
2025-06-16 18:48:27.032013+00:00,28.926882504661
2025-06-16 18:48:27.666456+00:00,28.83885430341944
2025-06-16 18:48:28.720493+00:00,29.02664507426091
2025-06-16 18:48:28.988184+00:00,29.07945938007321
2025-06-16 18:48:29.272041+00:00,29.120536612424438
2025-06-16 18:48:29.471526+00:00,29.143726206710255
2025-06-16 18:48:29.864853+00:00,29.190671767476715
2025-06-16 18:48:30.352188+00:00,29.267096976489533
2025-06-16 18:48:30.694894+00:00,29.296296934671993
2025-06-16 18:48:31.017282+00:00,29.308172434494914
2025-06-16 18:48:31.360165+00:00,29.243765363921817
2025-06-16 18:48:31.694288+00:00,29.243765363921817
2025-06-16 18:48:33.503169+00:00,29.35539324862868
2025-06-16 18:48:33.884426+00:00,29.372996222856468
2025-06-16 18:48:34.276795+00:00,29.408201900807942
2025-06-16 18:48:34.861294+00:00,29.414069478734504
2025-06-16 18:48:35.455655+00:00,29.390599106916223
2025-06-16 18:48:36.098539+00:00,29.35539324862868
2025-06-16 18:48:36.383411+00:00,29.36098301626751
2025-06-16 18:48:36.674581+00:00,29.366572999265973
2025-06-16 18:48:36.942975+00:00,29.384454125446915
2025-06-16 18:48:37.259270+00:00,29.419660488642187
2025-06-16 18:48:37.574294+00:00,29.396328172799866
2025-06-16 18:48:39.173757+00:00,29.33178319560293
2025-06-16 18:48:39.882168+00:00,29.31417980960689
2025-06-16 18:48:40.657126+00:00,29.31417980960689
2025-06-16 18:48:41.060571+00:00,29.290428954992336
2025-06-16 18:48:41.415319+00:00,29.178935437401233
2025-06-16 18:48:41.704706+00:00,29.178935437401233
2025-06-16 18:48:42.039670+00:00,29.17292613207383
2025-06-16 18:48:42.349151+00:00,29.17865331036223
2025-06-16 18:48:42.556094+00:00,29.190812680564413
2025-06-16 18:48:42.808623+00:00,29.166916671684074
2025-06-16 18:48:43.293246+00:00,29.14931163851825
2025-06-16 18:48:43.620740+00:00,29.190530843608954
2025-06-16 18:48:44.070923+00:00,29.226021027546913
2025-06-16 18:48:44.405057+00:00,29.22588051723862
2025-06-16 18:48:44.614790+00:00,29.272824955837223
2025-06-16 18:48:45.308159+00:00,29.308172434494914
2025-06-16 18:48:45.798241+00:00,29.302164904332294
2025-06-16 18:48:46.235760+00:00,29.3023045419801
2025-06-16 18:48:47.135785+00:00,29.31390081359483
2025-06-16 18:48:53.358545+00:00,29.45486649114888
2025-06-16 18:48:56.515643+00:00,29.413516051131047
2025-06-16 18:48:58.948950+00:00,29.296157219118264
2025-06-16 18:48:59.992657+00:00,29.31417980960689
2025-06-16 18:49:02.998576+00:00,29.360705072694714
2025-06-16 18:49:06.729783+00:00,29.10823287710455
2025-06-16 18:49:12.203039+00:00,29.366850808591053
2025-06-16 18:49:12.745991+00:00,29.390044605355186
2025-06-16 18:49:13.697469+00:00,29.155745277988427
2025-06-16 18:49:15.597505+00:00,29.402472777060158
2025-06-16 18:49:17.095442+00:00,29.41393113800215
2025-06-16 18:49:20.964411+00:00,29.39618961992185
2025-06-16 18:49:23.330483+00:00,29.326054757875625
2025-06-16 18:49:25.859035+00:00,29.408063492953623
2025-06-16 18:49:27.505632+00:00,29.472331666061276
2025-06-16 18:49:28.852588+00:00,29.448860889549206
2025-06-16 18:49:30.884182+00:00,29.27855304864069
2025-06-16 18:49:32.650197+00:00,29.296157219118264
2025-06-16 18:49:33.943759+00:00,29.225739996150423
2025-06-16 18:49:35.589208+00:00,29.343101232863418
2025-06-16 18:49:36.490298+00:00,29.366434078434583
2025-06-16 18:49:37.527488+00:00,29.366572999265973
2025-06-16 18:49:38.304770+00:00,29.366572999265973
2025-06-16 18:49:39.141122+00:00,29.33723326621382
2025-06-16 18:49:41.340508+00:00,29.02034818805286
2025-06-16 18:49:42.581539+00:00,29.137716438474815
2025-06-16 18:49:43.422163+00:00,29.061427531591626
2025-06-16 18:49:44.640998+00:00,29.049548080543765
2025-06-16 18:49:45.297723+00:00,29.06100026451799
2025-06-16 18:49:48.601547+00:00,29.16677545773168
2025-06-16 18:49:51.374182+00:00,29.266396666645534
2025-06-16 18:49:56.923248+00:00,29.178088926922705
2025-06-16 18:49:59.228716+00:00,29.172502691611047
2025-06-16 18:50:00.301779+00:00,29.14860445397473
2025-06-16 18:50:02.908019+00:00,29.04912037831239
2025-06-16 18:50:07.861413+00:00,29.00217020834704
2025-06-16 18:50:10.802292+00:00,29.025645373493703
2025-06-16 18:50:13.662397+00:00,29.13128163259507
2025-06-16 18:50:16.217246+00:00,29.096069906965873
2025-06-16 18:50:19.041322+00:00,29.020205306520403
2025-06-16 18:50:22.891066+00:00,28.743932810088005
2025-06-16 18:50:29.314705+00:00,29.201704001639687
2025-06-16 18:50:30.130122+00:00,29.266676822922253
2025-06-16 18:50:31.250360+00:00,29.2605283683579
2025-06-16 18:50:32.704735+00:00,29.3140403169906
2025-06-16 18:50:33.174577+00:00,29.31907141015472
2025-06-16 18:50:34.032407+00:00,29.31962930614751
2025-06-16 18:50:34.850133+00:00,29.313342692216906
2025-06-16 18:50:35.533698+00:00,29.325357912152363
2025-06-16 18:50:36.226528+00:00,29.31935037971004
2025-06-16 18:50:37.211103+00:00,29.33108663160877
2025-06-16 18:50:37.755895+00:00,29.331365289544635
2025-06-16 18:50:38.348046+00:00,29.337372511887633
2025-06-16 18:50:38.709278+00:00,29.3491083009179
2025-06-16 18:50:39.127464+00:00,29.30202525590495
2025-06-16 18:50:39.571344+00:00,29.19653991748542
2025-06-16 18:50:39.886562+00:00,29.131564898428117
2025-06-16 18:50:40.354616+00:00,29.16705787485629
2025-06-16 18:50:41.083239+00:00,29.20785398767397
2025-06-16 18:50:41.744302+00:00,29.28456096529332
2025-06-16 18:51:09.927258+00:00,29.166916671684074
2025-06-16 18:51:10.857590+00:00,29.225739996150423
2025-06-16 18:51:11.949914+00:00,29.072879831318886
2025-06-16 18:51:12.437253+00:00,29.10208052692991
2025-06-16 18:51:13.220593+00:00,29.201844834366735
2025-06-16 18:51:13.789879+00:00,29.242923413373383
2025-06-16 18:51:14.832647+00:00,29.307334849672177
2025-06-16 18:51:15.523598+00:00,29.30174592671165
2025-06-16 18:51:16.278483+00:00,29.307614087731157
2025-06-16 18:51:16.711325+00:00,29.331365289544635
2025-06-16 18:51:17.295677+00:00,29.33108663160877
2025-06-16 18:51:17.741135+00:00,29.330529186384116
2025-06-16 18:51:18.278855+00:00,29.31893190920786
2025-06-16 18:51:18.618737+00:00,29.32521851066943
2025-06-16 18:51:18.853570+00:00,29.360149056197926
2025-06-16 18:51:19.096574+00:00,29.354002643937843
2025-06-16 18:51:21.422414+00:00,29.37216319762301
2025-06-16 18:51:21.947119+00:00,29.34282284342733
2025-06-16 18:51:23.278222+00:00,29.27212492773261
2025-06-16 18:51:25.041432+00:00,29.342544410873824
2025-06-16 18:51:25.504090+00:00,29.313063566850996
2025-06-16 18:51:35.641664+00:00,29.31879239748152
2025-06-16 18:51:36.811127+00:00,29.313203134923697
2025-06-16 18:51:37.035556+00:00,29.277293311147716
2025-06-16 18:51:38.540416+00:00,29.306915911737274
2025-06-16 18:51:39.265478+00:00,29.295598249107645
2025-06-16 18:51:39.608707+00:00,29.301047415086284
2025-06-16 18:51:40.019016+00:00,29.312784398367082
2025-06-16 18:51:40.387520+00:00,29.31851334169042
2025-06-16 18:51:40.855664+00:00,29.295318699424875
2025-06-16 18:51:41.297512+00:00,29.295318699424875
2025-06-16 18:51:41.690366+00:00,29.265976351382587
2025-06-16 18:51:42.007779+00:00,29.277153286416816
2025-06-16 18:51:42.333713+00:00,29.253958809432756
2025-06-16 18:51:42.642256+00:00,29.24823049427412
2025-06-16 18:51:43.021661+00:00,29.277713320662368
2025-06-16 18:51:43.285853+00:00,29.307055568495105
2025-06-16 18:51:43.512267+00:00,29.295178908414112
2025-06-16 18:51:43.822137+00:00,29.30090768042254
2025-06-16 18:51:44.029057+00:00,29.300767934979234
2025-06-16 18:51:44.658504+00:00,29.283441865006214
2025-06-16 18:51:44.869200+00:00,29.295318699424875
2025-06-16 18:51:45.238743+00:00,29.307055568495105
2025-06-16 18:51:45.802784+00:00,29.31879239748152
2025-06-16 18:51:46.140112+00:00,29.295178908414112
2025-06-16 18:51:46.465471+00:00,29.295178908414112
2025-06-16 18:51:46.948200+00:00,29.224896643243277
2025-06-16 18:51:47.269190+00:00,29.160200489107535
2025-06-16 18:51:47.683101+00:00,29.166210494120254
2025-06-16 18:52:18.074019+00:00,29.07917501363369
2025-06-16 18:52:32.198495+00:00,29.272964929119112
2025-06-16 18:52:38.610198+00:00,29.285120256725914
2025-06-16 18:52:38.928247+00:00,29.290848238355828
2025-06-16 18:52:39.404810+00:00,29.31417980960689
2025-06-16 18:52:39.655500+00:00,29.343379579182127
2025-06-16 18:52:40.074430+00:00,29.3316439043629
2025-06-16 18:52:40.309202+00:00,29.343379579182127
2025-06-16 18:52:40.617353+00:00,29.35539324862868
2025-06-16 18:52:40.841852+00:00,29.361121971885023
2025-06-16 18:52:41.236255+00:00,29.36098301626751
2025-06-16 18:52:41.902464+00:00,29.384870154480296
2025-06-16 18:52:42.747290+00:00,29.07359116394744
2025-06-16 18:52:43.650553+00:00,29.09133781504766
2025-06-16 18:52:43.893187+00:00,29.132414437199003
2025-06-16 18:52:44.168913+00:00,29.179076484750563
2025-06-16 18:52:47.021280+00:00,29.343797017815145
2025-06-16 18:52:48.918730+00:00,29.373135022668176
2025-06-16 18:52:51.096555+00:00,28.991721423616525
2025-06-16 18:52:51.322874+00:00,28.885802957944108
2025-06-16 18:52:54.131098+00:00,29.01519425196195
2025-06-16 18:53:01.313268+00:00,29.261509196575886
2025-06-16 18:53:01.635194+00:00,29.22658296098121
2025-06-16 18:53:02.729660+00:00,29.079743703390406
2025-06-16 18:53:03.662034+00:00,28.991578260299885
2025-06-16 18:53:04.052982+00:00,29.05598645545673
2025-06-16 18:53:04.988799+00:00,29.14443334960595
2025-06-16 18:53:05.521984+00:00,29.144150524788493
2025-06-16 18:53:06.995447+00:00,29.202830361615717
2025-06-16 18:53:07.437812+00:00,29.14429194258736
2025-06-16 18:53:08.336695+00:00,29.032370655621914
2025-06-16 18:53:08.845123+00:00,28.903408538079024
2025-06-16 18:53:09.912332+00:00,28.99744654955206
2025-06-16 18:53:10.467523+00:00,29.097347888847246
2025-06-16 18:53:10.830854+00:00,29.132555989262983
2025-06-16 18:53:11.778779+00:00,29.138423970934394
2025-06-16 18:53:12.137448+00:00,29.14429194258736
2025-06-16 18:53:12.687520+00:00,29.1677637290148
2025-06-16 18:53:13.054430+00:00,29.114668466430956
2025-06-16 18:53:13.411463+00:00,29.144150524788493
2025-06-16 18:53:13.724711+00:00,29.167481419691896
2025-06-16 18:53:13.924339+00:00,29.2323103151688
2025-06-16 18:53:14.125338+00:00,29.232029482709713
2025-06-16 18:53:14.293458+00:00,29.238037782815866
2025-06-16 18:53:14.544247+00:00,29.232169904329186
2025-06-16 18:53:14.944572+00:00,29.267377024969218
2025-06-16 18:53:15.354856+00:00,29.27911265169986
2025-06-16 18:53:15.696013+00:00,29.290848238355828
2025-06-16 18:53:16.030365+00:00,29.29699535074723
2025-06-16 18:53:16.370993+00:00,29.267377024969218
2025-06-16 18:53:16.809734+00:00,29.23859909298021
2025-06-16 18:53:17.139112+00:00,29.232169904329186
2025-06-16 18:53:17.464345+00:00,29.21456620875712
2025-06-16 18:53:17.937408+00:00,29.155886572303306
2025-06-16 18:53:18.359135+00:00,29.050118199255365
2025-06-16 18:53:18.676111+00:00,28.950356310940585
2025-06-16 18:53:20.412107+00:00,29.24404592786614
2025-06-16 18:53:21.563008+00:00,29.179922542464247
2025-06-16 18:53:22.540665+00:00,29.09748983293156
2025-06-16 18:53:25.093367+00:00,29.138565445085398
2025-06-16 18:53:26.971649+00:00,29.297274641720474
2025-06-16 18:53:29.772123+00:00,29.273944440261708
2025-06-16 18:53:34.461951+00:00,29.085469686094214
2025-06-16 18:53:34.700383+00:00,29.09147983704674
2025-06-16 18:53:35.817477+00:00,29.15015990422188
2025-06-16 18:53:37.169150+00:00,29.191235355147175
2025-06-16 18:53:37.578494+00:00,29.24977350973322
2025-06-16 18:53:40.654199+00:00,29.343797017815145
2025-06-16 18:53:40.955720+00:00,29.325915410289817
2025-06-16 18:53:41.280778+00:00,29.320187029669
2025-06-16 18:53:42.308542+00:00,29.314319291443706
2025-06-16 18:53:43.093355+00:00,29.114810230674735
2025-06-16 18:53:48.532797+00:00,29.24977350973322
2025-06-16 18:53:49.542859+00:00,29.27352471444998
2025-06-16 18:53:49.805883+00:00,29.290848238355828
2025-06-16 18:53:49.968125+00:00,29.285120256725914
2025-06-16 18:53:50.326048+00:00,29.29643663944616
2025-06-16 18:53:50.749570+00:00,29.30873060878658
2025-06-16 18:53:51.368506+00:00,29.320326433600755
2025-06-16 18:53:51.884106+00:00,29.343657882383468
2025-06-16 18:53:52.574606+00:00,29.332061745744834
2025-06-16 18:53:53.308470+00:00,29.33192247606358
2025-06-16 18:53:53.724726+00:00,29.32046582675307
2025-06-16 18:53:53.934937+00:00,29.332201004646702
2025-06-16 18:53:54.143441+00:00,29.33779018423286
2025-06-16 18:53:55.154899+00:00,29.332201004646702
2025-06-16 18:54:00.835044+00:00,29.314737672277346
2025-06-16 18:54:06.132503+00:00,29.056413729885254
2025-06-16 18:54:08.418818+00:00,29.203111843809697
2025-06-16 18:54:10.968847+00:00,28.99744654955206
2025-06-16 18:54:13.726635+00:00,29.24390565128388
2025-06-16 18:54:14.210212+00:00,29.162037003058323
2025-06-16 18:54:14.535965+00:00,29.10894214179597
2025-06-16 18:54:18.444251+00:00,28.927170319145116
2025-06-16 18:54:24.857366+00:00,28.803787714372238
2025-06-16 18:54:25.218095+00:00,28.844867772927586
2025-06-16 18:54:25.535208+00:00,28.932750971259242
2025-06-16 18:54:25.777890+00:00,28.98542346777593
2025-06-16 18:54:26.011548+00:00,29.003171788964067
2025-06-16 18:54:26.238273+00:00,29.0505456750915
2025-06-16 18:54:27.975640+00:00,29.044392502897317
2025-06-16 18:54:28.760382+00:00,28.968248434976022
2025-06-16 18:54:32.400718+00:00,29.23259110450846
2025-06-16 18:54:33.495935+00:00,29.296855689091295
2025-06-16 18:54:36.150518+00:00,29.173772721935496
2025-06-16 18:54:36.650406+00:00,29.20883896955281
2025-06-16 18:54:37.974052+00:00,29.114951984138106
2025-06-16 18:54:38.882894+00:00,29.23817812652669
2025-06-16 18:54:42.083597+00:00,29.332340252769193
2025-06-16 18:54:43.070745+00:00,29.320744580719385
2025-06-16 18:54:43.612845+00:00,29.32046582675307
2025-06-16 18:54:44.590792+00:00,29.332061745744834
2025-06-16 18:54:44.826824+00:00,29.309009631255442
2025-06-16 18:54:45.210875+00:00,29.332340252769193
2025-06-16 18:54:45.517394+00:00,29.320605209125944
2025-06-16 18:54:46.338457+00:00,29.30873060878658
2025-06-16 18:54:46.716210+00:00,29.320326433600755
2025-06-16 18:54:47.050576+00:00,29.220715196715656
2025-06-16 18:54:47.401665+00:00,29.196962423017013
2025-06-16 18:54:47.958557+00:00,29.132697530546636
2025-06-16 18:54:48.510585+00:00,28.897684269725893
2025-06-16 18:54:48.774562+00:00,28.78060432488963
2025-06-16 18:54:49.095995+00:00,28.762852946784843
2025-06-16 18:54:49.547275+00:00,28.72162612451697
2025-06-16 18:54:50.408291+00:00,28.839289030385903
2025-06-16 18:54:50.756863+00:00,28.909421158809028
2025-06-16 18:54:51.202034+00:00,28.926882504661
2025-06-16 18:54:52.264584+00:00,28.72177237643561
2025-06-16 18:54:55.062804+00:00,29.02091960637405
2025-06-16 18:54:56.868439+00:00,29.10335780757961
2025-06-16 18:54:57.665864+00:00,29.13828248600308
2025-06-16 18:54:58.799305+00:00,29.132555989262983
2025-06-16 18:54:59.224051+00:00,29.120536612424438
2025-06-16 18:54:59.840508+00:00,28.956368314394755
2025-06-16 18:55:00.695759+00:00,28.7980644735078
2025-06-16 18:55:01.901186+00:00,29.044392502897317
2025-06-16 18:55:02.625818+00:00,29.121244990172592
2025-06-16 18:55:06.546799+00:00,28.91528958832259
2025-06-16 18:55:07.467472+00:00,29.05068814547545
2025-06-16 18:55:07.758735+00:00,29.09748983293156
2025-06-16 18:55:09.648032+00:00,29.203111843809697
2025-06-16 18:55:10.897977+00:00,29.161895797435605
2025-06-16 18:55:11.699400+00:00,29.179499562117876
2025-06-16 18:55:12.106722+00:00,29.07988584887814
2025-06-16 18:55:12.426262+00:00,28.944918975689326
2025-06-16 18:55:13.582181+00:00,29.044677610279525
2025-06-16 18:55:13.938239+00:00,29.10335780757961
2025-06-16 18:55:14.334687+00:00,29.138565445085398
2025-06-16 18:55:14.701067+00:00,29.179499562117876
2025-06-16 18:55:16.974701+00:00,29.214988013099365
2025-06-16 18:55:17.780565+00:00,29.203393282883717
2025-06-16 18:55:18.141586+00:00,29.155886572303306
2025-06-16 18:55:27.910806+00:00,29.168187112147972
2025-06-16 18:55:29.146536+00:00,29.15602785583797
2025-06-16 18:55:36.042381+00:00,28.827552169432355
2025-06-16 18:55:37.695541+00:00,29.13312208971568
2025-06-16 18:55:40.122517+00:00,28.809946802865436
2025-06-16 18:55:40.347390+00:00,28.674969330406473
2025-06-16 18:55:40.564437+00:00,28.792195910766743
2025-06-16 18:55:40.773685+00:00,28.897684269725893
2025-06-16 18:55:41.048179+00:00,28.956368314394755
2025-06-16 18:55:42.318504+00:00,29.138423970934394
2025-06-16 18:55:43.464632+00:00,29.203111843809697
2025-06-16 18:55:45.975466+00:00,29.249913719187152
2025-06-16 18:55:48.585886+00:00,29.155886572303306
2025-06-16 18:55:49.773946+00:00,29.13828248600308
2025-06-16 18:55:51.595001+00:00,29.109083962392923
2025-06-16 18:55:52.638771+00:00,29.01519425196195
2025-06-16 18:55:54.060070+00:00,28.932607114985952
2025-06-16 18:55:54.897387+00:00,28.85631539488744
2025-06-16 18:55:55.573145+00:00,28.85631539488744
2025-06-16 18:55:56.726677+00:00,28.91528958832259
2025-06-16 18:55:57.506135+00:00,29.008897141851943
2025-06-16 18:55:58.298588+00:00,28.991721423616525
2025-06-16 18:55:58.947049+00:00,28.97397333243134
2025-06-16 18:55:59.601832+00:00,29.009183098000396
2025-06-16 18:56:00.005833+00:00,29.02650229220811
2025-06-16 18:56:01.138679+00:00,29.173631650575558
2025-06-16 18:56:04.735662+00:00,29.202689604348738
2025-06-16 18:56:06.272658+00:00,29.231748607131188
2025-06-16 18:56:10.074569+00:00,29.302444168848368
2025-06-16 18:56:10.401879+00:00,29.314319291443706
2025-06-16 18:56:22.290098+00:00,29.279392388551614
2025-06-16 18:56:23.097919+00:00,29.28498045003718
2025-06-16 18:56:23.306864+00:00,29.32046582675307
2025-06-16 18:56:23.532785+00:00,29.2967160166558
2025-06-16 18:56:24.827859+00:00,29.28498045003718
2025-06-16 18:56:26.657795+00:00,29.26136911059822
2025-06-16 18:56:26.925060+00:00,29.237897428325216
2025-06-16 18:56:28.621622+00:00,29.226021027546913
2025-06-16 18:56:29.629944+00:00,29.23775706305473
2025-06-16 18:56:29.991291+00:00,29.237476300174237
2025-06-16 18:56:30.465876+00:00,29.208276187444767
2025-06-16 18:56:38.372249+00:00,29.07889060407182
2025-06-16 18:56:39.112870+00:00,29.15532133036245
2025-06-16 18:56:39.337747+00:00,29.15532133036245
2025-06-16 18:56:39.546150+00:00,29.155038644710658
2025-06-16 18:56:40.775485+00:00,29.20785398767397
2025-06-16 18:56:41.760349+00:00,29.014336721656292
2025-06-16 18:56:43.040387+00:00,29.002885676978245
2025-06-16 18:56:43.298177+00:00,29.01447967032613
2025-06-16 18:56:43.799910+00:00,29.01476553532313
2025-06-16 18:56:44.052764+00:00,29.02635949937448
2025-06-16 18:56:44.453009+00:00,28.944056676077775
2025-06-16 18:56:48.947528+00:00,29.032370655621914
2025-06-16 18:56:49.249694+00:00,29.03781100099386
2025-06-16 18:56:50.553455+00:00,28.832695670343803
2025-06-16 18:56:50.838168+00:00,28.885369745383215
2025-06-16 18:56:51.055653+00:00,28.92645070207504
2025-06-16 18:56:51.262697+00:00,28.944056676077775
2025-06-16 18:56:51.789931+00:00,29.020205306520403
2025-06-16 18:56:55.885946+00:00,28.90884463789605
2025-06-16 18:56:56.093639+00:00,28.90884463789605
2025-06-16 18:56:56.337136+00:00,28.90312014333924
2025-06-16 18:56:56.504309+00:00,28.91442514511346
2025-06-16 18:56:56.863844+00:00,28.920582024034964
2025-06-16 18:56:57.096242+00:00,28.944056676077775
2025-06-16 18:56:57.556511+00:00,28.97955502420911
2025-06-16 18:56:57.830445+00:00,29.032370655621914
2025-06-16 18:56:58.195031+00:00,29.0851854754854
2025-06-16 18:56:58.434757+00:00,29.114526691406763
2025-06-16 18:56:58.659330+00:00,29.138140990291475
2025-06-16 18:56:59.404280+00:00,29.173208371814948
2025-06-16 18:56:59.847330+00:00,29.14987719210834
2025-06-16 18:57:00.179969+00:00,29.15560397289333
2025-06-16 18:57:00.634452+00:00,29.167622579743433
2025-06-16 18:57:00.976109+00:00,29.202830361615717
2025-06-16 18:57:01.284088+00:00,29.196962423017013
2025-06-16 18:57:01.730387+00:00,29.21456620875712
2025-06-16 18:57:02.146188+00:00,29.226021027546913
2025-06-16 18:57:02.422696+00:00,29.238037782815866
2025-06-16 18:57:02.724272+00:00,29.226302015823837
2025-06-16 18:57:03.087590+00:00,29.202689604348738
2025-06-16 18:57:03.432769+00:00,29.15616912859241
2025-06-16 18:57:04.174010+00:00,29.120394904533658
2025-06-16 18:57:04.906426+00:00,29.15015990422188
2025-06-16 18:57:07.036682+00:00,29.238458781608863
2025-06-16 18:57:07.747856+00:00,29.26765703033013
2025-06-16 18:57:08.634941+00:00,29.27380454243745
2025-06-16 18:57:13.181687+00:00,29.291546828370052
2025-06-16 18:57:13.707752+00:00,29.168045995217074
2025-06-16 18:57:14.150468+00:00,29.13298058077298
2025-06-16 18:57:14.465681+00:00,29.12697120362584
2025-06-16 18:57:16.572580+00:00,29.080312220657927
2025-06-16 18:57:17.814473+00:00,29.27422420357127
2025-06-16 18:57:19.996277+00:00,29.332897137465377
2025-06-16 18:57:21.946730+00:00,29.326751334113478
2025-06-16 18:57:25.883274+00:00,29.315574142899216
2025-06-16 18:57:29.437290+00:00,29.33331468780415
2025-06-16 18:57:29.836998+00:00,29.333453849691693
2025-06-16 18:57:30.413403+00:00,29.34504875163068
2025-06-16 18:57:31.275268+00:00,29.34504875163068
2025-06-16 18:57:31.572229+00:00,29.345326796128397
2025-06-16 18:57:32.135377+00:00,29.32171988004956
2025-06-16 18:57:33.171738+00:00,29.298530917513077
2025-06-16 18:57:33.603595+00:00,29.298530917513077
2025-06-16 18:58:01.446250+00:00,29.493368652776343
2025-06-16 18:58:05.992517+00:00,29.264868026131115
2025-06-16 18:58:06.531466+00:00,29.31780283404399
2025-06-16 18:58:07.300837+00:00,29.206486266787653
2025-06-16 18:58:07.647784+00:00,29.164999830917676
2025-06-16 18:58:18.773803+00:00,29.50510056488123
2025-06-16 18:58:34.428003+00:00,29.492682389799857
2025-06-16 18:58:35.079346+00:00,29.498685893484403
2025-06-16 18:58:35.279957+00:00,29.475220915268736
2025-06-16 18:58:35.506668+00:00,29.481224572455545
2025-06-16 18:58:37.336218+00:00,29.445889467171565
2025-06-16 18:58:42.183828+00:00,29.451618032833355
2025-06-16 18:58:50.268960+00:00,29.14655316125457
2025-06-16 18:58:50.519273+00:00,29.169879674468003
2025-06-16 18:58:52.408519+00:00,29.322416199045904
2025-06-16 18:58:53.478937+00:00,29.35761597404539
2025-06-16 18:58:56.445453+00:00,28.92374780013902
2025-06-16 18:59:01.519127+00:00,29.28735569772123
2025-06-16 18:59:27.655162+00:00,29.445889467171565
2025-06-16 18:59:28.026969+00:00,29.416695904642232
2025-06-16 18:59:28.276920+00:00,29.42270025527408
2025-06-16 18:59:28.579837+00:00,29.404686738270073
2025-06-16 18:59:28.920492+00:00,29.422562197242375
2025-06-16 18:59:29.211545+00:00,29.36403754984991
2025-06-16 18:59:29.602171+00:00,29.37549297025327
2025-06-16 18:59:29.911178+00:00,29.334427681082715
2025-06-16 18:59:30.280231+00:00,29.32283386109096
2025-06-16 18:59:30.789262+00:00,29.352027150814596
2025-06-16 18:59:33.638915+00:00,29.134960724963403
2025-06-16 18:59:34.586116+00:00,29.29336190119874
2025-06-16 18:59:37.804233+00:00,29.357754802760358
2025-06-16 18:59:38.977843+00:00,29.363760080563054
2025-06-16 18:59:40.034002+00:00,29.34602171873505
2025-06-16 18:59:42.340891+00:00,29.351749369916348
2025-06-16 18:59:46.008808+00:00,29.228267726416465
2025-06-16 18:59:46.739366+00:00,29.25201556742517
2025-06-16 18:59:50.490531+00:00,29.287076418510868
2025-06-16 18:59:50.833651+00:00,29.310404096831057
2025-06-16 18:59:51.902424+00:00,29.321998439986306
2025-06-16 18:59:59.055965+00:00,29.15800469340209
2025-06-16 19:01:27.655325+00:00,29.22141770660694
2025-06-16 19:01:27.938689+00:00,29.233292889210315
2025-06-16 19:01:28.299990+00:00,29.215409720422215
2025-06-16 19:01:28.515625+00:00,29.233152553829626
2025-06-16 19:01:28.891506+00:00,29.22728513522682
2025-06-16 19:01:29.204099+00:00,29.221698635104186
2025-06-16 19:01:29.520388+00:00,29.221277226188477
2025-06-16 19:01:29.730663+00:00,29.221277226188477
2025-06-16 19:01:29.974182+00:00,29.23873939357174
2025-06-16 19:01:30.408755+00:00,29.221277226188477
2025-06-16 19:01:30.724972+00:00,29.238879683383455
2025-06-16 19:01:31.969833+00:00,29.250754749535616
2025-06-16 19:01:32.594992+00:00,29.233573527632206
2025-06-16 19:01:33.296781+00:00,29.251035006747045
2025-06-16 19:01:33.749364+00:00,29.26276948528788
2025-06-16 19:01:34.274323+00:00,29.13955546229439
2025-06-16 19:01:34.641864+00:00,29.010612231888558
2025-06-16 19:01:34.919236+00:00,28.95751654172542
2025-06-16 19:01:35.183169+00:00,28.881234070958552
2025-06-16 19:01:35.411801+00:00,28.82842213799092
2025-06-16 19:01:35.674940+00:00,28.869498155972536
2025-06-16 19:01:35.930428+00:00,28.93390143331994
2025-06-16 19:01:36.216052+00:00,28.992723264965438
2025-06-16 19:01:36.415396+00:00,29.039379889389846
2025-06-16 19:01:36.733981+00:00,29.07472873556163
2025-06-16 19:01:37.043178+00:00,29.10979290367121
2025-06-16 19:01:37.274286+00:00,29.145281565332013
2025-06-16 19:01:37.560523+00:00,29.157016538734748
2025-06-16 19:01:37.844722+00:00,29.157157736027777
2025-06-16 19:01:38.112292+00:00,29.168751472070113
2025-06-16 19:01:38.506882+00:00,29.20968281931596
2025-06-16 19:01:39.299947+00:00,29.239160230667455
2025-06-16 19:01:39.591184+00:00,29.251035006747045
2025-06-16 19:01:39.810012+00:00,29.26276948528788
2025-06-16 19:01:40.195162+00:00,29.262909463468493
2025-06-16 19:01:42.123669+00:00,29.315713516941457
2025-06-16 19:01:42.435333+00:00,29.309706998786634
2025-06-16 19:01:43.010375+00:00,29.315574142899216
2025-06-16 19:01:43.778940+00:00,29.22798703997582
2025-06-16 19:01:46.058066+00:00,29.110784968683237
2025-06-16 19:01:46.503402+00:00,29.093041367523057
2025-06-16 19:01:46.808162+00:00,29.104492435085717
2025-06-16 19:01:47.132970+00:00,29.13969685020313
2025-06-16 19:01:47.449252+00:00,29.18105001573065
2025-06-16 19:01:47.850255+00:00,29.222119947000927
2025-06-16 19:01:48.291622+00:00,29.215971845933794
2025-06-16 19:01:48.841433+00:00,29.151431575111182
2025-06-16 19:01:49.010180+00:00,29.057837277236434
2025-06-16 19:01:49.241304+00:00,29.033939926753824
2025-06-16 19:01:49.646135+00:00,29.06900326157199
2025-06-16 19:01:50.012512+00:00,29.098341271047325
2025-06-16 19:01:50.456436+00:00,29.157581263225747
2025-06-16 19:01:51.016087+00:00,29.22798703997582
2025-06-16 19:01:52.956682+00:00,29.287076418510868
2025-06-16 19:01:53.408098+00:00,29.222400767699373
2025-06-16 19:01:54.145206+00:00,29.23413467511808
2025-06-16 19:01:54.746708+00:00,29.263329333332198
2025-06-16 19:01:55.699643+00:00,29.34574378203025
2025-06-16 19:01:56.399612+00:00,29.363066218709942
2025-06-16 19:01:57.018179+00:00,29.34574378203025
2025-06-16 19:01:57.689311+00:00,29.374938439314974
2025-06-16 19:01:58.299840+00:00,29.30453727833059
2025-06-16 19:01:59.485311+00:00,29.216533798966807
2025-06-16 19:02:00.897776+00:00,29.268776620586593
2025-06-16 19:02:01.741455+00:00,29.209964016330737
2025-06-16 19:02:04.233245+00:00,28.951505161637908
2025-06-16 19:02:05.409588+00:00,29.15086649585155
2025-06-16 19:02:05.770052+00:00,29.203674678837796
2025-06-16 19:02:06.074243+00:00,29.215269162094526
2025-06-16 19:02:06.406371+00:00,29.150583891540382
2025-06-16 19:02:06.699418+00:00,28.95121801365064
2025-06-16 19:02:09.023727+00:00,29.086037977945267
2025-06-16 19:02:10.008891+00:00,29.156451641760672
2025-06-16 19:02:10.651840+00:00,29.14443334960595
2025-06-16 19:02:17.006282+00:00,28.956368314394755
2025-06-16 19:02:19.231475+00:00,29.07359116394744
2025-06-16 19:02:21.327478+00:00,29.12682960598966
2025-06-16 19:02:21.925974+00:00,29.1617545810327
2025-06-16 19:02:23.343537+00:00,29.208979638129897
2025-06-16 19:02:26.262034+00:00,29.191376225114656
2025-06-16 19:02:26.804914+00:00,29.203111843809697
2025-06-16 19:02:31.353010+00:00,29.144998869877686
2025-06-16 19:02:33.015860+00:00,29.13298058077298
2025-06-16 19:02:33.441538+00:00,29.039094733981113
2025-06-16 19:02:34.296104+00:00,29.062708750656498
2025-06-16 19:02:38.898460+00:00,29.22141770660694
2025-06-16 19:02:39.812944+00:00,29.151149057041803
2025-06-16 19:02:41.676769+00:00,29.13913123388652
2025-06-16 19:02:42.580896+00:00,29.203956031671964
2025-06-16 19:02:44.475965+00:00,29.280510904773628
2025-06-16 19:02:46.989531+00:00,29.151431575111182
2025-06-16 19:02:47.565948+00:00,29.239861410230915
2025-06-16 19:03:18.580340+00:00,29.058690888175708
2025-06-16 19:03:19.172367+00:00,28.92961500108338
2025-06-16 19:03:20.310193+00:00,29.146976832518025
2025-06-16 19:03:20.578882+00:00,29.21723599771041
2025-06-16 19:03:21.280851+00:00,29.25271564451772
2025-06-16 19:03:21.680587+00:00,29.299088982042296
2025-06-16 19:03:22.525722+00:00,29.264168782008348
2025-06-16 19:03:23.060322+00:00,29.228828969939666
2025-06-16 19:03:23.443255+00:00,29.228828969939666
2025-06-16 19:03:23.810321+00:00,29.264308652392213
2025-06-16 19:03:25.362845+00:00,29.111776505455744
2025-06-16 19:03:25.731359+00:00,29.19391004114464
2025-06-16 19:03:26.046339+00:00,29.229109527022274
2025-06-16 19:03:28.421678+00:00,29.27590187793952
2025-06-16 19:03:28.663962+00:00,29.310961581236374
2025-06-16 19:03:29.164448+00:00,29.323251426121555
2025-06-16 19:03:32.335355+00:00,29.3113795813562
2025-06-16 19:03:33.995857+00:00,29.31724591996374
2025-06-16 19:03:34.197989+00:00,29.28777453569011
2025-06-16 19:03:34.447001+00:00,29.31124025876236
2025-06-16 19:03:34.695929+00:00,29.281628731100852
2025-06-16 19:03:36.259872+00:00,29.340711174255144
2025-06-16 19:03:36.563979+00:00,29.3524437413176
2025-06-16 19:03:36.836945+00:00,29.352166025094842
2025-06-16 19:03:37.445893+00:00,29.35817122422993
2025-06-16 19:03:37.756466+00:00,29.334566756735505
2025-06-16 19:03:38.007499+00:00,29.334705821608967
2025-06-16 19:03:38.442413+00:00,29.363898820596077
2025-06-16 19:03:44.517423+00:00,29.223523619298607
2025-06-16 19:03:53.034403+00:00,29.08802564107755
2025-06-16 19:03:54.354780+00:00,29.205502701492613
2025-06-16 19:03:57.189308+00:00,29.02935588490987
2025-06-16 19:03:59.452269+00:00,29.240562320299624
2025-06-16 19:04:00.657949+00:00,29.26388900890164
2025-06-16 19:04:01.050365+00:00,29.269895520944726
2025-06-16 19:04:01.551441+00:00,29.28735569772123
2025-06-16 19:04:02.330656+00:00,29.281489040538514
2025-06-16 19:04:02.637870+00:00,29.240281988611482
2025-06-16 19:04:02.923514+00:00,29.269895520944726
2025-06-16 19:04:03.645862+00:00,29.263749106178786
2025-06-16 19:04:05.880835+00:00,29.27548260487234
2025-06-16 19:04:07.304020+00:00,29.269895520944726
2025-06-16 19:04:09.407712+00:00,29.275622373341008
2025-06-16 19:04:09.758162+00:00,29.27548260487234
2025-06-16 19:04:10.346439+00:00,29.26961586053307
2025-06-16 19:04:13.004179+00:00,29.29336190119874
2025-06-16 19:04:14.049424+00:00,29.334566756735505
2025-06-16 19:04:15.753957+00:00,29.340294181007902
2025-06-16 19:04:16.904890+00:00,29.352166025094842
2025-06-16 19:04:17.344796+00:00,29.36962653041544
2025-06-16 19:04:17.846410+00:00,29.357893620696103
2025-06-16 19:04:18.328899+00:00,29.340155161700213
2025-06-16 19:04:19.664393+00:00,29.358032427852624
2025-06-16 19:04:23.249028+00:00,29.375631576039986
2025-06-16 19:04:24.497535+00:00,29.375631576039986
2025-06-16 19:04:24.718535+00:00,29.34043318953628
2025-06-16 19:04:27.145765+00:00,29.364176268324556
2025-06-16 19:04:32.105285+00:00,29.305373843015452
2025-06-16 19:04:34.121482+00:00,29.299786320165076
2025-06-16 19:04:34.652848+00:00,29.305652611674663
2025-06-16 19:04:35.146773+00:00,29.334983919017915
2025-06-16 19:04:35.817027+00:00,29.31724591996374
2025-06-16 19:04:36.448205+00:00,29.334844875703105
2025-06-16 19:04:36.680020+00:00,29.340850150445632
2025-06-16 19:04:36.941720+00:00,29.346438542947656
2025-06-16 19:04:37.475632+00:00,29.29392001864184
2025-06-16 19:04:37.678348+00:00,29.346438542947656
2025-06-16 19:04:37.920836+00:00,29.35817122422993
2025-06-16 19:04:38.200285+00:00,29.340572187285364
2025-06-16 19:04:38.355858+00:00,29.2700353349811
2025-06-16 19:04:38.539203+00:00,29.234695650126923
2025-06-16 19:04:38.832214+00:00,29.205502701492613
2025-06-16 19:04:39.186725+00:00,29.217376405119477
2025-06-16 19:04:39.541586+00:00,29.229249789393844
2025-06-16 19:04:40.126711+00:00,29.27632105399025
2025-06-16 19:04:40.747343+00:00,29.223242971077926
2025-06-16 19:04:41.047144+00:00,28.9772679936721
2025-06-16 19:04:42.204279+00:00,29.153125777990322
2025-06-16 19:04:42.467204+00:00,29.152984653708106
2025-06-16 19:04:42.935705+00:00,29.146976832518025
2025-06-16 19:04:44.156022+00:00,29.252855627597093
2025-06-16 19:04:44.734351+00:00,29.276460757781297
2025-06-16 19:04:44.968158+00:00,29.27604161406937
2025-06-16 19:04:47.095444+00:00,29.3173851646529
2025-06-16 19:04:47.446496+00:00,29.323251426121555
2025-06-16 19:04:48.144488+00:00,29.288053707104954
2025-06-16 19:04:48.561179+00:00,29.223804224399903
2025-06-16 19:04:48.861158+00:00,29.12379291853191
2025-06-16 19:04:49.101183+00:00,29.076433799313392
2025-06-16 19:04:50.021590+00:00,29.000592175081167
2025-06-16 19:04:50.281975+00:00,29.006173361222665
2025-06-16 19:04:50.668868+00:00,29.088309420465492
2025-06-16 19:04:51.200081+00:00,29.088167536161766
2025-06-16 19:04:53.786358+00:00,29.20564324316026
2025-06-16 19:04:54.537153+00:00,29.252855627597093
2025-06-16 19:04:54.753517+00:00,29.27031493071495
2025-06-16 19:04:55.146503+00:00,29.29392001864184
2025-06-16 19:04:55.545532+00:00,29.323251426121555
2025-06-16 19:04:55.871984+00:00,29.311518893170604
2025-06-16 19:04:56.249660+00:00,29.299507417254446
2025-06-16 19:04:57.703544+00:00,29.346716371859696
2025-06-16 19:04:59.624561+00:00,29.299925755451156
2025-06-16 19:04:59.852594+00:00,29.299786320165076
2025-06-16 19:05:00.143576+00:00,29.299925755451156
2025-06-16 19:05:00.712816+00:00,29.240982736983536
2025-06-16 19:05:01.168844+00:00,29.170584450612935
2025-06-16 19:05:01.927818+00:00,29.112201288081106
2025-06-16 19:05:02.258437+00:00,29.06526856909174
2025-06-16 19:05:02.619109+00:00,29.082584564840086
2025-06-16 19:05:03.010515+00:00,29.117643251668046
2025-06-16 19:05:03.667843+00:00,29.21751680174866
2025-06-16 19:05:04.062928+00:00,29.229530281797526
2025-06-16 19:05:04.368829+00:00,29.264448511996417
2025-06-16 19:05:04.709898+00:00,29.299507417254446
2025-06-16 19:05:05.160454+00:00,29.305652611674663
2025-06-16 19:05:05.483918+00:00,29.31696739824719
2025-06-16 19:05:06.151856+00:00,29.322973060213872
2025-06-16 19:05:06.753566+00:00,29.32911767757656
2025-06-16 19:05:07.092931+00:00,29.334705821608967
2025-06-16 19:05:07.477308+00:00,29.346438542947656
2025-06-16 19:05:07.826925+00:00,29.352304888595842
2025-06-16 19:05:08.235280+00:00,29.334566756735505
2025-06-16 19:05:08.619306+00:00,29.228969253870883
2025-06-16 19:05:09.368192+00:00,29.199776647159503
2025-06-16 19:05:09.833853+00:00,29.246428980457765
2025-06-16 19:05:10.313864+00:00,29.199776647159503
2025-06-16 19:05:11.044291+00:00,29.000020631280044
2025-06-16 19:05:11.484150+00:00,29.006316174645125
2025-06-16 19:05:11.719110+00:00,29.152984653708106
2025-06-16 19:05:12.072226+00:00,29.205783774047976
2025-06-16 19:05:14.160633+00:00,28.818136470650856
2025-06-16 19:05:14.643874+00:00,28.75946210778575
2025-06-16 19:05:15.047741+00:00,28.876809832059998
2025-06-16 19:05:15.613194+00:00,29.052681598877978
2025-06-16 19:05:16.461300+00:00,29.140827565383614
2025-06-16 19:05:16.810780+00:00,29.199636038362215
2025-06-16 19:05:17.151844+00:00,29.240842608868668
2025-06-16 19:05:18.307955+00:00,29.216955150552636
2025-06-16 19:05:18.725277+00:00,29.211228869290526
2025-06-16 19:05:22.427678+00:00,29.35817122422993
2025-06-16 19:05:24.388226+00:00,29.3524437413176
2025-06-16 19:05:25.022580+00:00,29.358310009828017
2025-06-16 19:05:25.882766+00:00,29.346438542947656
2025-06-16 19:05:26.276726+00:00,29.340711174255144
2025-06-16 19:05:26.727900+00:00,29.340572187285364
2025-06-16 19:05:27.219965+00:00,29.32911767757656
2025-06-16 19:05:28.506145+00:00,29.293640981479328
2025-06-16 19:05:29.195546+00:00,29.258442156532478
2025-06-16 19:05:29.972411+00:00,29.205924294155757
2025-06-16 19:05:32.342708+00:00,29.25872199921585
2025-06-16 19:05:32.976279+00:00,29.28777453569011
2025-06-16 19:05:35.531978+00:00,29.29392001864184
2025-06-16 19:05:36.053147+00:00,29.27590187793952
2025-06-16 19:05:36.519409+00:00,29.305373843015452
2025-06-16 19:05:36.852834+00:00,29.287914126787303
2025-06-16 19:05:37.341380+00:00,29.234835866929618
2025-06-16 19:05:37.695080+00:00,29.146976832518025
2025-06-16 19:05:38.267453+00:00,29.199776647159503
2025-06-16 19:05:38.700036+00:00,29.21150982914692
2025-06-16 19:05:39.060414+00:00,29.240842608868668
2025-06-16 19:05:40.202116+00:00,29.21150982914692
2025-06-16 19:05:41.002724+00:00,29.246569063004106
2025-06-16 19:05:41.243026+00:00,29.252575650658642
2025-06-16 19:05:41.374615+00:00,29.25271564451772
2025-06-16 19:05:41.619361+00:00,29.28735569772123
2025-06-16 19:05:41.876520+00:00,29.29392001864184
2025-06-16 19:05:42.094081+00:00,29.29392001864184
2025-06-16 19:05:42.687905+00:00,29.305373843015452
2025-06-16 19:05:43.733233+00:00,29.252855627597093
2025-06-16 19:05:46.780300+00:00,29.281908079886787
2025-06-16 19:05:48.022971+00:00,29.3113795813562
2025-06-16 19:05:48.974987+00:00,29.2996468740995
2025-06-16 19:05:49.258495+00:00,29.2996468740995
2025-06-16 19:05:52.018078+00:00,29.253135561416716
2025-06-16 19:05:52.401383+00:00,29.264588360820966
2025-06-16 19:05:53.605589+00:00,29.123651458589237
2025-06-16 19:05:53.998858+00:00,29.153266891492365
2025-06-16 19:05:54.391812+00:00,29.19391004114464
2025-06-16 19:05:54.942969+00:00,29.25271564451772
2025-06-16 19:05:55.669146+00:00,29.287914126787303
2025-06-16 19:05:56.154803+00:00,29.22967051182965
2025-06-16 19:05:56.632316+00:00,29.25271564451772
2025-06-16 19:05:57.083847+00:00,29.24112285431864
2025-06-16 19:05:57.527284+00:00,29.240982736983536
2025-06-16 19:05:57.886520+00:00,29.264448511996417
2025-06-16 19:05:58.943495+00:00,29.287914126787303
2025-06-16 19:05:59.274955+00:00,29.323251426121555
2025-06-16 19:05:59.951253+00:00,29.311518893170604
2025-06-16 19:06:03.810585+00:00,29.217797562667407
2025-06-16 19:06:04.335415+00:00,29.24126296087398
2025-06-16 19:06:05.133654+00:00,29.24698924596469
2025-06-16 19:06:05.767464+00:00,29.252995599896757
2025-06-16 19:06:06.350981+00:00,29.27059448333029
2025-06-16 19:06:08.300398+00:00,29.000735034079195
2025-06-16 19:06:09.046363+00:00,29.10060987532857
2025-06-16 19:06:11.620451+00:00,29.32339059290633
2025-06-16 19:06:12.309905+00:00,29.334983919017915
2025-06-16 19:06:12.570903+00:00,29.28819327664306
2025-06-16 19:06:12.910294+00:00,29.26472819886586
2025-06-16 19:06:13.164131+00:00,29.28218738555443
2025-06-16 19:06:13.402739+00:00,29.27073424346853
2025-06-16 19:06:13.623641+00:00,29.28218738555443
2025-06-16 19:06:13.824265+00:00,29.27059448333029
2025-06-16 19:06:14.559414+00:00,29.32339059290633
2025-06-16 19:06:14.859970+00:00,29.334844875703105
2025-06-16 19:06:15.254575+00:00,29.341128070488725
2025-06-16 19:06:15.767659+00:00,29.294477963612724
2025-06-16 19:06:16.199021+00:00,29.288332835401636
2025-06-16 19:06:16.567230+00:00,29.176591885311424
2025-06-16 19:06:16.867104+00:00,29.14754157661303
2025-06-16 19:06:17.745173+00:00,29.076717825677566
2025-06-16 19:06:22.125309+00:00,29.329534944218594
2025-06-16 19:06:22.860085+00:00,29.358865044428274
2025-06-16 19:06:25.085450+00:00,29.34713303438328
2025-06-16 19:06:26.789072+00:00,29.30006517995776
2025-06-16 19:06:27.034929+00:00,29.282606263209132
2025-06-16 19:06:27.259420+00:00,29.176732730289316
2025-06-16 19:06:27.884398+00:00,28.830595361263786
2025-06-16 19:06:28.228517+00:00,28.69565101204149
2025-06-16 19:06:28.533913+00:00,28.760190274729037
2025-06-16 19:06:28.751553+00:00,28.842618713403876
2025-06-16 19:06:29.180815+00:00,29.036077739684142
2025-06-16 19:06:35.009022+00:00,29.171007186938713
2025-06-16 19:06:37.394674+00:00,29.27073424346853
2025-06-16 19:06:38.197768+00:00,29.212071619500854
2025-06-16 19:06:38.420785+00:00,29.15913336621173
2025-06-16 19:06:38.684779+00:00,29.129942263730282
2025-06-16 19:06:38.839632+00:00,29.10060987532857
2025-06-16 19:06:39.399502+00:00,29.20620530203155
2025-06-16 19:06:40.551239+00:00,29.259281555226483
2025-06-16 19:06:41.463171+00:00,29.211790745883686
2025-06-16 19:06:42.301568+00:00,29.147259226125932
2025-06-16 19:06:42.616186+00:00,29.223663927239176
2025-06-16 19:06:43.184727+00:00,29.24112285431864
2025-06-16 19:06:44.229127+00:00,29.305652611674663
2025-06-16 19:06:44.755629+00:00,29.311658194205577
2025-06-16 19:06:45.083205+00:00,29.311797484461128
2025-06-16 19:06:45.917267+00:00,29.32925677723658
2025-06-16 19:06:46.488984+00:00,29.311518893170604
2025-06-16 19:06:47.132773+00:00,29.264588360820966
2025-06-16 19:06:48.103871+00:00,29.27073424346853
2025-06-16 19:06:48.751475+00:00,29.32352974891174
2025-06-16 19:06:50.206703+00:00,29.306070683817552
2025-06-16 19:06:50.826714+00:00,29.312076032633957
2025-06-16 19:06:52.632165+00:00,29.34713303438328
2025-06-16 19:06:52.927151+00:00,29.340850150445632
2025-06-16 19:06:54.586658+00:00,29.29392001864184
2025-06-16 19:06:55.577730+00:00,29.346716371859696
2025-06-16 19:06:58.148467+00:00,29.288053707104954
2025-06-16 19:06:58.657143+00:00,29.305931337216037
2025-06-16 19:07:00.329947+00:00,29.346994157654677
2025-06-16 19:07:01.842094+00:00,29.335261973309585
2025-06-16 19:07:03.966200+00:00,28.965677664433706
2025-06-16 19:07:06.064285+00:00,29.14740040675958
2025-06-16 19:07:09.919928+00:00,29.33512295155341
2025-06-16 19:07:13.060253+00:00,29.311518893170604
2025-06-16 19:07:14.997286+00:00,29.346716371859696
2025-06-16 19:07:15.352196+00:00,29.364176268324556
2025-06-16 19:07:19.543668+00:00,29.099759472136373
2025-06-16 19:07:20.680802+00:00,29.234976072952524
2025-06-16 19:07:21.609316+00:00,29.311518893170604
2025-06-16 19:07:22.244242+00:00,29.235116268195625
2025-06-16 19:07:22.470981+00:00,29.146976832518025
2025-06-16 19:07:22.693872+00:00,29.14111013637623
2025-06-16 19:07:23.312940+00:00,29.164435849278888
2025-06-16 19:07:23.768990+00:00,29.22310263079781
2025-06-16 19:07:26.223577+00:00,29.270175138237843
2025-06-16 19:07:26.936916+00:00,29.275622373341008
2025-06-16 19:07:40.384691+00:00,29.264028900844828
2025-06-16 19:07:40.638204+00:00,29.19348798102322
2025-06-16 19:07:43.738049+00:00,29.199636038362215
2025-06-16 19:07:43.984737+00:00,29.182035988885048
2025-06-16 19:07:44.193078+00:00,29.19391004114464
2025-06-16 19:07:44.451138+00:00,29.20536214904503
2025-06-16 19:07:44.623657+00:00,29.211228869290526
2025-06-16 19:07:45.044861+00:00,29.205221585817505
2025-06-16 19:07:45.533962+00:00,29.211228869290526
2025-06-16 19:07:45.874134+00:00,29.176028397599147
2025-06-16 19:07:46.178417+00:00,29.164294826918873
2025-06-16 19:07:46.518242+00:00,29.07600767891303
2025-06-16 19:07:50.416693+00:00,29.164435849278888
2025-06-16 19:07:50.634525+00:00,29.19391004114464
2025-06-16 19:07:50.833571+00:00,29.211369354608678
2025-06-16 19:08:01.053231+00:00,29.269755696128716
2025-06-16 19:08:01.473090+00:00,29.252295630601346
2025-06-16 19:08:01.726930+00:00,29.199636038362215
2025-06-16 19:08:02.126263+00:00,29.21723599771041
2025-06-16 19:08:10.068718+00:00,28.906146137218585
2025-06-16 19:08:10.684500+00:00,28.88238859094019
2025-06-16 19:08:11.125958+00:00,28.911869448214855
2025-06-16 19:08:11.767057+00:00,28.88825599627054
2025-06-16 19:08:12.055081+00:00,28.742005460036786
2025-06-16 19:08:12.247520+00:00,28.741859603642308
2025-06-16 19:08:12.472310+00:00,28.782786575957616
2025-06-16 19:08:12.708421+00:00,28.85891886946864
2025-06-16 19:08:12.942156+00:00,28.917448998283543
2025-06-16 19:08:13.500497+00:00,28.98227624461115
2025-06-16 19:08:15.198139+00:00,29.123227014079298
2025-06-16 19:08:15.707721+00:00,29.158428026556898
2025-06-16 19:08:16.687988+00:00,29.111493263136953
2025-06-16 19:08:17.529639+00:00,29.129093874528632
2025-06-16 19:08:18.210527+00:00,29.129093874528632
2025-06-16 19:08:18.874126+00:00,28.994153550510397
2025-06-16 19:08:20.242539+00:00,28.93562583266158
2025-06-16 19:08:21.016666+00:00,28.988286459726194
2025-06-16 19:08:21.818466+00:00,28.993867579649002
2025-06-16 19:08:23.029899+00:00,28.747727115038014
2025-06-16 19:08:23.625970+00:00,28.771197060475245
2025-06-16 19:08:24.433356+00:00,28.97082836509842
2025-06-16 19:08:25.655729+00:00,29.123085511015333
2025-06-16 19:08:26.000129+00:00,29.117360143615404
2025-06-16 19:08:26.223778+00:00,29.093750722883556
2025-06-16 19:08:26.423967+00:00,29.076149729827037
2025-06-16 19:08:26.732883+00:00,29.093750722883556
2025-06-16 19:08:26.986596+00:00,29.105484668180633
2025-06-16 19:08:27.212492+00:00,29.14641191593965
2025-06-16 19:08:27.403962+00:00,29.134819356164524
2025-06-16 19:08:27.582793+00:00,29.140686263716944
2025-06-16 19:08:27.896844+00:00,29.164153793778723
2025-06-16 19:08:28.363960+00:00,29.181895167917443
2025-06-16 19:08:28.591815+00:00,29.228828969939666
2025-06-16 19:08:28.807647+00:00,29.211228869290526
2025-06-16 19:08:29.123855+00:00,29.205502701492613
2025-06-16 19:08:29.626456+00:00,29.170443516944154
2025-06-16 19:08:29.977458+00:00,29.193347272756093
2025-06-16 19:08:30.337867+00:00,29.217095579521466
2025-06-16 19:08:30.721151+00:00,29.20536214904503
2025-06-16 19:08:31.089210+00:00,29.134960724963403
2025-06-16 19:08:31.472855+00:00,29.123509987866246
2025-06-16 19:08:31.950149+00:00,29.04108991625988
2025-06-16 19:08:32.370792+00:00,28.98241935892743
2025-06-16 19:08:33.372364+00:00,28.94163650916416
2025-06-16 19:08:34.558417+00:00,29.04695691691305
2025-06-16 19:08:34.907959+00:00,29.09417620673421
2025-06-16 19:08:35.215670+00:00,29.09389256161424
2025-06-16 19:08:35.435203+00:00,29.09389256161424
2025-06-16 19:08:35.723802+00:00,29.123227014079298
2025-06-16 19:08:36.044958+00:00,29.123227014079298
2025-06-16 19:08:36.722229+00:00,29.19391004114464
2025-06-16 19:08:37.101250+00:00,29.17030257249527
2025-06-16 19:08:37.600355+00:00,29.20564324316026
2025-06-16 19:08:38.906555+00:00,29.21765718759797
2025-06-16 19:08:39.896487+00:00,29.182458387107584
2025-06-16 19:08:40.486888+00:00,29.1821767990726
2025-06-16 19:08:41.747107+00:00,29.19949541878497
2025-06-16 19:08:42.216577+00:00,29.15899231984107
2025-06-16 19:08:43.275418+00:00,29.247269314039734
2025-06-16 19:08:44.893569+00:00,29.229530281797526
2025-06-16 19:08:48.704155+00:00,29.076717825677566
2025-06-16 19:08:49.340315+00:00,29.123509987866246
2025-06-16 19:08:51.429175+00:00,29.10032645071955
2025-06-16 19:08:51.824225+00:00,29.100042982988825
2025-06-16 19:08:53.987758+00:00,29.270454712412434
2025-06-16 19:09:01.316897+00:00,28.95380079305032
2025-06-16 19:09:02.215100+00:00,29.053393034439807
2025-06-16 19:09:04.843343+00:00,29.14153391201338
2025-06-16 19:09:05.569144+00:00,29.19433200424615
2025-06-16 19:09:11.114961+00:00,29.276740133024624
2025-06-16 19:09:20.122674+00:00,29.270873992827152
2025-06-16 19:09:21.626592+00:00,29.300343996632535
2025-06-16 19:09:21.990978+00:00,29.30006517995776
2025-06-16 19:09:22.798004+00:00,29.30621001963961
2025-06-16 19:09:23.014529+00:00,29.335539984484
2025-06-16 19:09:23.982596+00:00,29.300343996632535
2025-06-16 19:09:25.147205+00:00,29.28316461583492
2025-06-16 19:09:25.656871+00:00,29.30621001963961
2025-06-16 19:09:26.159538+00:00,29.300622770189413
2025-06-16 19:09:26.455423+00:00,29.31221529055124
2025-06-16 19:09:27.035454+00:00,29.259421417279967
2025-06-16 19:09:27.478042+00:00,29.271293176225345
2025-06-16 19:09:28.005865+00:00,29.27101373140616
2025-06-16 19:09:28.656145+00:00,29.294477963612724
2025-06-16 19:09:29.226987+00:00,29.288611920580184
2025-06-16 19:09:30.202576+00:00,29.31221529055124
2025-06-16 19:09:31.327849+00:00,29.200620073564117
2025-06-16 19:09:31.685949+00:00,29.206907633072458
2025-06-16 19:09:32.026579+00:00,29.23567694137016
2025-06-16 19:09:34.165597+00:00,29.259561268553785
2025-06-16 19:09:35.797140+00:00,29.26514764832269
2025-06-16 19:09:36.381179+00:00,29.136373820037715
2025-06-16 19:09:37.183681+00:00,29.171570684451876
2025-06-16 19:09:37.458394+00:00,29.235957213278724
2025-06-16 19:09:37.793710+00:00,29.23581708271433
2025-06-16 19:09:38.196794+00:00,29.26528744324901
2025-06-16 19:09:38.998135+00:00,29.277019465149596
2025-06-16 19:09:40.321284+00:00,29.25397510416289
2025-06-16 19:09:46.488051+00:00,29.2127736148957
2025-06-16 19:09:47.535463+00:00,29.271851936508483
2025-06-16 19:09:49.245361+00:00,29.03721691475305
2025-06-16 19:09:49.580399+00:00,29.01961864238849
2025-06-16 19:09:50.559339+00:00,29.025342249764826
2025-06-16 19:09:51.135042+00:00,29.107325985332555
2025-06-16 19:09:51.971534+00:00,29.15439541142273
2025-06-16 19:09:52.498242+00:00,29.148247264177368
2025-06-16 19:09:53.142874+00:00,29.124924209982236
2025-06-16 19:09:53.484949+00:00,29.10131824819386
2025-06-16 19:09:55.046533+00:00,29.159979418052767
2025-06-16 19:09:56.218329+00:00,29.20118214223497
2025-06-16 19:09:57.738835+00:00,28.872674379838735
2025-06-16 19:09:58.306155+00:00,28.73759664817796
2025-06-16 19:09:59.568822+00:00,28.902006706559664
2025-06-16 19:10:01.248196+00:00,28.954804263912717
2025-06-16 19:10:12.095378+00:00,28.972546377924182
2025-06-16 19:10:17.229937+00:00,28.678635284447115
2025-06-16 19:10:34.746493+00:00,28.80727222317596
2025-06-16 19:10:35.909688+00:00,28.812994224811238
2025-06-16 19:10:36.713134+00:00,28.88955340219002
2025-06-16 19:10:37.168597+00:00,28.9070098336075
2025-06-16 19:10:37.762686+00:00,29.024344493940966
2025-06-16 19:10:38.221221+00:00,29.036077739684142
2025-06-16 19:10:40.164589+00:00,29.171007186938713
2025-06-16 19:10:40.412310+00:00,29.176873564487156
2025-06-16 19:10:43.222952+00:00,29.21765718759797
2025-06-16 19:10:44.019920+00:00,29.200479529446557
2025-06-16 19:10:46.020656+00:00,29.21821862319652
2025-06-16 19:10:47.707394+00:00,28.95966760822589
2025-06-16 19:10:49.465386+00:00,29.088876849875565
2025-06-16 19:10:50.335110+00:00,29.106618002035795
2025-06-16 19:10:51.414705+00:00,29.15927440180225
2025-06-16 19:10:52.171428+00:00,29.165422703955524
2025-06-16 19:10:53.252597+00:00,29.141675148998633
2025-06-16 19:10:54.307391+00:00,29.06526856909174
2025-06-16 19:10:55.451403+00:00,29.15913336621173
2025-06-16 19:10:56.445119+00:00,29.170725373501618
2025-06-16 19:10:56.671068+00:00,29.153407994214234
2025-06-16 19:10:56.889254+00:00,29.153125777990322
2025-06-16 19:10:57.716301+00:00,29.176873564487156
2025-06-16 19:10:58.109177+00:00,29.176591885311424
2025-06-16 19:10:58.735787+00:00,29.19447263705336
2025-06-16 19:11:13.739944+00:00,29.2654272273957
2025-06-16 19:11:14.149126+00:00,29.27101373140616
2025-06-16 19:11:14.384137+00:00,29.253275512156982
2025-06-16 19:11:14.625164+00:00,29.212212040139597
2025-06-16 19:11:16.782661+00:00,29.247409331907665
2025-06-16 19:11:20.024790+00:00,28.971687565569763
2025-06-16 19:11:20.745321+00:00,28.971687565569763
2025-06-16 19:11:20.944986+00:00,29.000735034079195
2025-06-16 19:11:21.205830+00:00,29.00674455022728
2025-06-16 19:11:21.588482+00:00,28.977411110440674
2025-06-16 19:11:21.862188+00:00,28.854063403012667
2025-06-16 19:11:22.559005+00:00,28.912876661749475
2025-06-16 19:11:23.153542+00:00,28.90071099435033
2025-06-16 19:11:23.386565+00:00,28.853629758152486
2025-06-16 19:11:23.904678+00:00,28.724841176027656
2025-06-16 19:11:25.041850+00:00,29.029926085972427
2025-06-16 19:11:25.704108+00:00,29.077001808919587
2025-06-16 19:11:26.003326+00:00,29.135243430220342
2025-06-16 19:11:27.213262+00:00,29.205783774047976
2025-06-16 19:11:27.472079+00:00,29.170725373501618
2025-06-16 19:11:27.664511+00:00,29.05897533891037
2025-06-16 19:11:28.885460+00:00,28.970685127286224
2025-06-16 19:11:31.618228+00:00,29.158569116048174
2025-06-16 19:11:32.166369+00:00,29.158710194759294
2025-06-16 19:11:32.613688+00:00,29.182035988885048
2025-06-16 19:11:40.862442+00:00,28.75374033851892
2025-06-16 19:11:41.071182+00:00,28.794521582822213
2025-06-16 19:11:41.272084+00:00,28.882532857421243
2025-06-16 19:11:42.178408+00:00,29.04695691691305
2025-06-16 19:11:42.732921+00:00,29.099901232952814
2025-06-16 19:11:43.896034+00:00,29.164294826918873
2025-06-16 19:11:44.831394+00:00,29.223242971077926
2025-06-16 19:11:47.476271+00:00,29.234976072952524
2025-06-16 19:11:49.728018+00:00,29.21765718759797
2025-06-16 19:11:50.961163+00:00,29.211790745883686
2025-06-16 19:11:51.428151+00:00,29.1821767990726
2025-06-16 19:11:52.128461+00:00,29.176310163015426
2025-06-16 19:11:52.727773+00:00,29.13552609235622
2025-06-16 19:11:53.121153+00:00,29.12965951045089
2025-06-16 19:11:53.745003+00:00,29.12379291853191
2025-06-16 19:11:54.036901+00:00,29.129235299679635
2025-06-16 19:11:54.787955+00:00,29.182035988885048
2025-06-16 19:11:56.077099+00:00,29.170584450612935
2025-06-16 19:11:57.052987+00:00,29.170584450612935
2025-06-16 19:11:57.479645+00:00,29.158710194759294
2025-06-16 19:11:57.730227+00:00,29.16471786165853
2025-06-16 19:11:58.813293+00:00,28.800824626022372
2025-06-16 19:11:59.586113+00:00,28.80669190298213
2025-06-16 19:12:00.781451+00:00,29.029783551877934
2025-06-16 19:12:02.865909+00:00,28.759899040297842
2025-06-16 19:12:04.032470+00:00,28.912301175846174
2025-06-16 19:12:04.952701+00:00,28.941780061110258
2025-06-16 19:12:05.907282+00:00,28.74816445043273
2025-06-16 19:12:06.316368+00:00,28.624801660671793
2025-06-16 19:12:06.690239+00:00,28.59003869595982
2025-06-16 19:12:09.665386+00:00,29.10046816841427
2025-06-16 19:12:10.248590+00:00,29.094318013123505
2025-06-16 19:12:10.728522+00:00,29.05925974652254
2025-06-16 19:12:12.682047+00:00,29.088876849875565
2025-06-16 19:12:13.050037+00:00,29.123934367694268
2025-06-16 19:12:13.251389+00:00,29.152843518645707
2025-06-16 19:12:13.461570+00:00,29.152984653708106
2025-06-16 19:12:16.410452+00:00,29.229390040985596
2025-06-16 19:12:17.077771+00:00,29.235536789246197
2025-06-16 19:12:17.400188+00:00,29.235396626342464
2025-06-16 19:12:17.740953+00:00,29.252855627597093
2025-06-16 19:12:18.095232+00:00,29.24140305664956
2025-06-16 19:12:18.446289+00:00,29.182458387107584
2025-06-16 19:12:18.599742+00:00,29.13580871137105
2025-06-16 19:12:18.901547+00:00,29.094318013123505
2025-06-16 19:12:22.554177+00:00,29.25914168239333
2025-06-16 19:12:24.083588+00:00,29.23581708271433
2025-06-16 19:12:32.637678+00:00,29.18273993202241
2025-06-16 19:12:34.544634+00:00,29.14782388397934
2025-06-16 19:12:37.891025+00:00,28.80727222317596
2025-06-16 19:12:40.651734+00:00,29.041801969275028
2025-06-16 19:12:41.843243+00:00,28.983277818424373
2025-06-16 19:12:45.036682+00:00,29.171148077487125
2025-06-16 19:12:45.430538+00:00,29.194191360658962
2025-06-16 19:12:46.068439+00:00,29.182458387107584
2025-06-16 19:12:56.765758+00:00,28.666754576923037
2025-06-16 19:12:56.967825+00:00,28.701957053025357
2025-06-16 19:13:22.499412+00:00,29.130790264841824
2025-06-16 19:14:21.436128+00:00,29.16040229844153
2025-06-16 19:14:22.233429+00:00,28.98427886396991
2025-06-16 19:14:23.089803+00:00,28.972689475583042
2025-06-16 19:14:23.674117+00:00,29.031350833976227
2025-06-16 19:14:24.642761+00:00,29.12520692504186
2025-06-16 19:14:25.797389+00:00,29.172134009483848
2025-06-16 19:14:26.965793+00:00,29.172134009483848
2025-06-16 19:14:28.871671+00:00,29.07241318917537
2025-06-16 19:14:29.865023+00:00,28.9728325624609
2025-06-16 19:14:30.787238+00:00,28.966823284681226
2025-06-16 19:14:35.100259+00:00,28.94893790869854
2025-06-16 19:14:36.243433+00:00,28.749475874384125
2025-06-16 19:14:36.885427+00:00,28.808287368415737
2025-06-16 19:14:38.941788+00:00,29.113475053817737
2025-06-16 19:14:40.121176+00:00,29.148388369349675
2025-06-16 19:14:41.869443+00:00,29.03693218567008
2025-06-16 19:14:42.240730+00:00,28.972260150263434
2025-06-16 19:14:43.907073+00:00,28.820020415110566
2025-06-16 19:14:45.170494+00:00,28.702541949030355
2025-06-16 19:14:46.644986+00:00,28.972689475583042
2025-06-16 19:14:48.997346+00:00,29.055099380162964
2025-06-16 19:14:50.983724+00:00,29.113475053817737
2025-06-16 19:14:54.127856+00:00,28.931769485883237
2025-06-16 19:14:57.368065+00:00,29.04294069350307
2025-06-16 19:14:58.661931+00:00,28.943214987607018
2025-06-16 19:14:59.324060+00:00,29.084003378486614
2025-06-16 19:15:00.543797+00:00,29.113475053817737
2025-06-16 19:15:02.531530+00:00,29.0897276705765
2025-06-16 19:15:05.702286+00:00,29.04294069350307
2025-06-16 19:15:09.669734+00:00,29.02548474318804
2025-06-16 19:15:14.072377+00:00,28.826031699628853
2025-06-16 19:15:16.300062+00:00,29.148529463741806
2025-06-16 19:15:20.241595+00:00,29.160261349092064
2025-06-16 19:15:21.769339+00:00,29.096160515163966
2025-06-16 19:15:22.472740+00:00,29.09029466876797
2025-06-16 19:15:22.902491+00:00,29.066547168466723
2025-06-16 19:15:24.076692+00:00,28.96095708376805
2025-06-16 19:15:24.508469+00:00,29.01961864238849
2025-06-16 19:15:24.901098+00:00,29.102167939878925
2025-06-16 19:15:25.357973+00:00,29.131214119864026
2025-06-16 19:15:25.970625+00:00,29.12520692504186
2025-06-16 19:15:26.357990+00:00,29.125348266401247
2025-06-16 19:15:26.816800+00:00,29.137079963315667
2025-06-16 19:15:27.500835+00:00,29.166549891065237
2025-06-16 19:15:27.951820+00:00,29.18372499965349
2025-06-16 19:15:28.398408+00:00,29.208171149812305
2025-06-16 19:15:28.775213+00:00,29.178140587165384
2025-06-16 19:15:29.991984+00:00,29.20174403842694
2025-06-16 19:15:35.615508+00:00,28.92575966805037
2025-06-16 19:15:39.162801+00:00,28.573765688375246
2025-06-16 19:15:39.295769+00:00,28.573470350407078
2025-06-16 19:15:39.540724+00:00,28.584909219851465
2025-06-16 19:15:39.690028+00:00,28.62070030136206
2025-06-16 19:15:39.947648+00:00,28.679074746069805
2025-06-16 19:15:40.166537+00:00,28.773087988053064
2025-06-16 19:15:40.433179+00:00,28.825597338718975
2025-06-16 19:15:43.533591+00:00,28.966823284681226
2025-06-16 19:15:46.964050+00:00,28.608819447509877
2025-06-16 19:15:47.410715+00:00,28.749767183326068
2025-06-16 19:15:47.751465+00:00,28.873107096968717
2025-06-16 19:15:48.126825+00:00,28.925903292041887
2025-06-16 19:15:48.623150+00:00,28.966966438697497
2025-06-16 19:15:48.857132+00:00,29.013609903881378
2025-06-16 19:15:49.084374+00:00,29.048522339290756
2025-06-16 19:15:52.016880+00:00,28.614980692517076
2025-06-16 19:15:52.318983+00:00,28.65032765798574
2025-06-16 19:15:52.547109+00:00,28.76120925560437
2025-06-16 19:15:53.432271+00:00,28.972546377924182
2025-06-16 19:15:54.698317+00:00,29.09001119123313
2025-06-16 19:15:55.031129+00:00,29.09001119123313
2025-06-16 19:15:55.398102+00:00,29.031208407689167
2025-06-16 19:15:55.807965+00:00,28.937492180001716
2025-06-16 19:15:56.352112+00:00,28.908448465082643
2025-06-16 19:15:58.433913+00:00,28.996439764948796
2025-06-16 19:16:03.808159+00:00,29.07241318917537
2025-06-16 19:16:13.157000+00:00,29.11990656372108
2025-06-16 19:16:16.417228+00:00,29.084570602091606
2025-06-16 19:16:18.631905+00:00,29.03778624355064
2025-06-16 19:16:19.737011+00:00,28.98470772177509
2025-06-16 19:16:22.896515+00:00,28.71500569635881
2025-06-16 19:16:26.815806+00:00,29.16068416480012
2025-06-16 19:16:27.109859+00:00,29.1490937335086
2025-06-16 19:16:27.384433+00:00,29.172697162034837
2025-06-16 19:16:31.467630+00:00,29.108033699120007
2025-06-16 19:16:34.012283+00:00,29.184428295989616
2025-06-16 19:16:34.238515+00:00,29.202024921843414
2025-06-16 19:16:34.547209+00:00,29.184287658282393
2025-06-16 19:16:34.781133+00:00,29.17856273401745
2025-06-16 19:16:35.109762+00:00,29.1961593899026
2025-06-16 19:16:35.434713+00:00,29.20230576214024
2025-06-16 19:16:36.273595+00:00,29.243083365136545
2025-06-16 19:16:37.447673+00:00,29.12548959698035
2025-06-16 19:16:38.123085+00:00,29.16110688348717
2025-06-16 19:16:39.680759+00:00,29.066973174208194
2025-06-16 19:16:40.077487+00:00,29.03163565420817
2025-06-16 19:16:40.349679+00:00,28.961243515296804
2025-06-16 19:16:41.133049+00:00,28.755779315799334
2025-06-16 19:16:41.351590+00:00,28.79068772328656
2025-06-16 19:16:41.569632+00:00,28.855652603985085
2025-06-16 19:16:42.313149+00:00,29.03792854879832
2025-06-16 19:16:43.194350+00:00,29.08471238104168
2025-06-16 19:16:44.479554+00:00,29.15495941266426
2025-06-16 19:16:46.617054+00:00,29.20174403842694
2025-06-16 19:16:47.059376+00:00,29.225066413754135
2025-06-16 19:16:48.324335+00:00,29.131496635977555
2025-06-16 19:16:48.685842+00:00,29.14895268223715
2025-06-16 19:16:49.105452+00:00,29.16068416480012
2025-06-16 19:16:49.526716+00:00,29.172415607319454
2025-06-16 19:16:49.889041+00:00,29.172415607319454
2025-06-16 19:16:50.145598+00:00,29.13107284563688
2025-06-16 19:16:50.398893+00:00,29.137221159630567
2025-06-16 19:16:50.696708+00:00,29.066547168466723
2025-06-16 19:16:51.508355+00:00,29.02548474318804
2025-06-16 19:16:52.370384+00:00,29.0256272258305
2025-06-16 19:16:53.505733+00:00,29.04336753720738
2025-06-16 19:16:53.871628+00:00,29.0197611921673
2025-06-16 19:16:54.425899+00:00,28.943358420960344
2025-06-16 19:16:54.810312+00:00,28.984421827352577
2025-06-16 19:16:55.592239+00:00,29.04350979688082
2025-06-16 19:17:12.915556+00:00,28.95523416113728
2025-06-16 19:17:19.318837+00:00,29.090436391364722
2025-06-16 19:17:19.927686+00:00,29.13736234516525
2025-06-16 19:17:25.594034+00:00,29.066831183074928
2025-06-16 19:17:28.604950+00:00,29.0502285850638
2025-06-16 19:17:31.692198+00:00,29.09029466876797
2025-06-16 19:17:42.362381+00:00,29.04336753720738
2025-06-16 19:17:42.579763+00:00,29.049233463690623
2025-06-16 19:17:42.788257+00:00,29.078421078298206
2025-06-16 19:17:42.995833+00:00,29.09029466876797
2025-06-16 19:17:43.207766+00:00,29.11333356741284
2025-06-16 19:17:43.466263+00:00,29.11962380063889
2025-06-16 19:17:43.696951+00:00,29.12548959698035
2025-06-16 19:17:44.211047+00:00,29.154818428524088
2025-06-16 19:17:44.461441+00:00,29.131214119864026
2025-06-16 19:17:46.757821+00:00,29.072555134735225
2025-06-16 19:17:47.359426+00:00,29.066831183074928
2025-06-16 19:17:48.364345+00:00,28.832332193246405
2025-06-16 19:17:48.655372+00:00,28.73832556504996
2025-06-16 19:17:49.433248+00:00,28.832476859164085
2025-06-16 19:17:49.695108+00:00,28.89084993481495
2025-06-16 19:17:49.913265+00:00,28.95537743864996
2025-06-16 19:17:50.280259+00:00,29.00817176807888
2025-06-16 19:17:50.564430+00:00,29.04350979688082
2025-06-16 19:17:50.897962+00:00,29.04894904627261
2025-06-16 19:17:52.613361+00:00,29.12577222579774
2025-06-16 19:17:54.584251+00:00,29.090719804216917
2025-06-16 19:17:55.503998+00:00,29.020473779349754
2025-06-16 19:17:55.812141+00:00,29.055667817090928
2025-06-16 19:18:00.439432+00:00,29.002733928059296
2025-06-16 19:18:01.153910+00:00,28.985279381248834
2025-06-16 19:18:02.173986+00:00,28.973547835135253
2025-06-16 19:18:03.362594+00:00,29.06739908292471
2025-06-16 19:18:03.862648+00:00,29.12605481149404
2025-06-16 19:18:04.221397+00:00,29.167254032656007
2025-06-16 19:18:04.914573+00:00,29.167254032656007
2025-06-16 19:18:05.278463+00:00,29.178844111352053
2025-06-16 19:18:05.689308+00:00,29.202446166118797
2025-06-16 19:18:06.033356+00:00,29.202165347381783
2025-06-16 19:18:06.357598+00:00,29.138068111135446
2025-06-16 19:18:06.717076+00:00,29.09686868467585
2025-06-16 19:18:07.090720+00:00,29.07354845179955
2025-06-16 19:18:07.485842+00:00,29.04436312852766
2025-06-16 19:18:08.253485+00:00,28.93863979582309
2025-06-16 19:18:08.613224+00:00,28.833055415018276
2025-06-16 19:18:09.004084+00:00,28.8386321769561
2025-06-16 19:18:09.573161+00:00,28.738908504469578
2025-06-16 19:18:10.217987+00:00,28.633462497041066
2025-06-16 19:18:10.589558+00:00,28.77997154349025
2025-06-16 19:18:11.068885+00:00,28.93863979582309
2025-06-16 19:18:11.481740+00:00,29.02075873875737
2025-06-16 19:18:11.853709+00:00,29.07955571760485
2025-06-16 19:18:12.365857+00:00,29.090861494472357
2025-06-16 19:18:12.780350+00:00,29.12633735406929
2025-06-16 19:18:13.156318+00:00,29.12633735406929
2025-06-16 19:18:13.556656+00:00,29.16181119903029
2025-06-16 19:18:13.778116+00:00,29.150080790564346
2025-06-16 19:18:13.978707+00:00,29.173260142105036
2025-06-16 19:18:14.204317+00:00,29.167394828633945
2025-06-16 19:18:14.580684+00:00,29.18499073901861
2025-06-16 19:18:14.882772+00:00,29.18499073901861
2025-06-16 19:18:15.341919+00:00,29.21431705613566
2025-06-16 19:18:15.700750+00:00,29.21431705613566
2025-06-16 19:18:16.056103+00:00,29.231912726291455
2025-06-16 19:18:19.349381+00:00,29.021043655041964
2025-06-16 19:18:19.588253+00:00,29.038782153890143
2025-06-16 19:18:21.552849+00:00,29.226607903852667
2025-06-16 19:18:21.829816+00:00,29.214737768278773
2025-06-16 19:18:22.054371+00:00,29.23805787817363
2025-06-16 19:18:22.255063+00:00,29.226187626819634
2025-06-16 19:18:23.165902+00:00,29.255932528083086
2025-06-16 19:18:23.436275+00:00,29.261518054524412
2025-06-16 19:18:23.686594+00:00,29.26137835416554
2025-06-16 19:18:24.488562+00:00,29.243922937274945
2025-06-16 19:18:26.278598+00:00,29.262076748163754
2025-06-16 19:18:26.562302+00:00,29.279113081692163
2025-06-16 19:18:27.363563+00:00,29.27953151395294
2025-06-16 19:18:27.589515+00:00,29.279392047312207
2025-06-16 19:18:28.668048+00:00,29.173541567459907
2025-06-16 19:18:29.436856+00:00,29.250067623254246
2025-06-16 19:18:29.688473+00:00,29.255792782156533
2025-06-16 19:18:29.929946+00:00,29.255373479699006
2025-06-16 19:18:30.600702+00:00,29.279113081692163
2025-06-16 19:18:30.929597+00:00,29.261937090923333
2025-06-16 19:18:31.303719+00:00,29.273108516539715
2025-06-16 19:18:31.688930+00:00,29.273248082645328
2025-06-16 19:18:33.506179+00:00,29.314302865782512
2025-06-16 19:18:33.870497+00:00,29.302433747312257
2025-06-16 19:18:35.028422+00:00,29.243922937274945
2025-06-16 19:18:35.252764+00:00,29.26738307358941
2025-06-16 19:18:35.520915+00:00,29.255653025450332
2025-06-16 19:18:35.829117+00:00,29.284838638876657
2025-06-16 19:18:36.100046+00:00,29.279670969814152
2025-06-16 19:18:36.908394+00:00,29.26137835416554
2025-06-16 19:18:37.213274+00:00,29.273248082645328
2025-06-16 19:18:37.460122+00:00,29.27296893965454
2025-06-16 19:18:37.711169+00:00,29.267103796345566
2025-06-16 19:18:37.979105+00:00,29.255373479699006
2025-06-16 19:18:38.395438+00:00,29.261238643027056
2025-06-16 19:18:38.664813+00:00,29.278973582712837
2025-06-16 19:18:38.914288+00:00,29.26095918841121
2025-06-16 19:18:39.284684+00:00,29.26682447598335
2025-06-16 19:18:39.508987+00:00,29.26682447598335
2025-06-16 19:18:39.710191+00:00,29.254954080224643
2025-06-16 19:18:40.296264+00:00,29.255233690653874
2025-06-16 19:18:41.357942+00:00,29.243363265634848
2025-06-16 19:18:42.828413+00:00,29.243503199714432
2025-06-16 19:18:43.120906+00:00,29.237497938022738
2025-06-16 19:18:44.751944+00:00,29.24936845018903
2025-06-16 19:18:45.121174+00:00,29.208171149812305
2025-06-16 19:18:45.447364+00:00,29.184428295989616
2025-06-16 19:18:45.787669+00:00,29.184428295989616
2025-06-16 19:18:47.579894+00:00,29.12577222579774
2025-06-16 19:18:48.762311+00:00,29.161247768155985
2025-06-16 19:18:49.357237+00:00,29.14937580371101
2025-06-16 19:18:50.266356+00:00,29.12004792909173
2025-06-16 19:18:51.171439+00:00,28.87926167080552
2025-06-16 19:18:51.353818+00:00,28.884983738037235
2025-06-16 19:18:51.995945+00:00,28.914602084454785
2025-06-16 19:18:52.578708+00:00,28.70327282643514
2025-06-16 19:18:52.875965+00:00,28.668073976407854
2025-06-16 19:18:53.117709+00:00,28.697552586740237
2025-06-16 19:18:53.495183+00:00,28.820744523955362
2025-06-16 19:18:54.455955+00:00,28.832476859164085
2025-06-16 19:18:55.417312+00:00,28.60955564305092
2025-06-16 19:18:56.369197+00:00,28.932200091750616
2025-06-16 19:18:56.587870+00:00,28.86752936147981
2025-06-16 19:18:56.813564+00:00,28.791268374821584
2025-06-16 19:18:57.039128+00:00,28.661767562128976
2025-06-16 19:18:57.303224+00:00,28.58579442791241
2025-06-16 19:18:57.707546+00:00,28.527126803973324
2025-06-16 19:18:58.204695+00:00,28.662207466365935
2025-06-16 19:18:59.086204+00:00,28.58579442791241
2025-06-16 19:18:59.646003+00:00,28.597380459155847
2025-06-16 19:19:00.137810+00:00,28.57406098321184
2025-06-16 19:19:00.628053+00:00,28.568194245845202
2025-06-16 19:19:01.109161+00:00,28.509229549330975
2025-06-16 19:19:11.625035+00:00,28.914170874325794
2025-06-16 19:19:11.987223+00:00,28.873395521148005
2025-06-16 19:19:17.893436+00:00,29.01990373116534
2025-06-16 19:19:18.653101+00:00,28.796844494715238
2025-06-16 19:19:19.046377+00:00,28.826176465035417
2025-06-16 19:19:19.231331+00:00,28.855508185077237
2025-06-16 19:19:19.581057+00:00,28.920324438109166
2025-06-16 19:19:20.117861+00:00,28.967109581932736
2025-06-16 19:19:21.077796+00:00,28.99071661226957
2025-06-16 19:19:21.412508+00:00,29.01990373116534
2025-06-16 19:19:23.118662+00:00,28.662354079546652
2025-06-16 19:19:23.652325+00:00,28.679514110650892
2025-06-16 19:19:23.860151+00:00,28.70283433233911
2025-06-16 19:19:24.389208+00:00,28.71471364633784
2025-06-16 19:19:24.923068+00:00,28.62084741694855
2025-06-16 19:19:25.350018+00:00,28.579484953599465
2025-06-16 19:19:25.867137+00:00,28.45041020695111
2025-06-16 19:19:26.203435+00:00,28.37428643506827
2025-06-16 19:19:27.037398+00:00,28.538564308157902
2025-06-16 19:19:27.513070+00:00,28.73803403064751
2025-06-16 19:19:28.234284+00:00,28.861230136505537
2025-06-16 19:19:28.509405+00:00,28.878829219790482
2025-06-16 19:19:29.011066+00:00,28.890561891923632
2025-06-16 19:19:29.379091+00:00,28.919893397057653
2025-06-16 19:19:30.055288+00:00,28.966823284681226
2025-06-16 19:19:30.853444+00:00,28.878829219790482
2025-06-16 19:19:31.818916+00:00,28.966823284681226
2025-06-16 19:19:32.349674+00:00,28.978555656473496
2025-06-16 19:19:32.972903+00:00,29.01990373116534
2025-06-16 19:19:33.606936+00:00,29.05481509701534
2025-06-16 19:19:34.025117+00:00,29.03721691475305
2025-06-16 19:19:35.246747+00:00,29.07241318917537
2025-06-16 19:19:35.471256+00:00,29.05495724397946
2025-06-16 19:19:35.714479+00:00,29.030923522772856
2025-06-16 19:19:36.073398+00:00,29.03163565420817
2025-06-16 19:19:36.324003+00:00,29.031350833976227
2025-06-16 19:19:36.608038+00:00,29.049091260371938
2025-06-16 19:19:36.926793+00:00,29.078279199872654
2025-06-16 19:19:37.644198+00:00,29.09029466876797
2025-06-16 19:19:39.182072+00:00,29.090152935390776
2025-06-16 19:19:40.167970+00:00,29.096160515163966
2025-06-16 19:19:41.248314+00:00,29.108175209536412
2025-06-16 19:19:42.410176+00:00,28.99658256171353
2025-06-16 19:19:42.793273+00:00,29.031778048153065
2025-06-16 19:19:43.090124+00:00,29.05495724397946
2025-06-16 19:19:43.993339+00:00,29.143369151965025
2025-06-16 19:19:45.009009+00:00,29.155100386024298
2025-06-16 19:19:48.034724+00:00,28.937779148644015
2025-06-16 19:19:48.853662+00:00,28.680099779138892
2025-06-16 19:19:49.805904+00:00,28.93234360547737
2025-06-16 19:19:50.719093+00:00,29.014322934554333
2025-06-16 19:19:51.729358+00:00,28.69183246055045
2025-06-16 19:19:52.864156+00:00,28.72703026453981
2025-06-16 19:19:53.375134+00:00,28.7736694453365
2025-06-16 19:19:53.793260+00:00,28.844209154331008
2025-06-16 19:19:54.385266+00:00,28.949941321260837
2025-06-16 19:19:55.231124+00:00,29.020331283474803
2025-06-16 19:19:55.409301+00:00,29.020331283474803
2025-06-16 19:19:56.081844+00:00,28.961816248981698
2025-06-16 19:19:57.575174+00:00,28.961673081732044
2025-06-16 19:19:58.005550+00:00,29.01475062358852
2025-06-16 19:19:59.565343+00:00,29.008884972723337
2025-06-16 19:20:00.802503+00:00,29.08542111408514
2025-06-16 19:20:03.262595+00:00,28.955950440889932
2025-06-16 19:20:05.173587+00:00,28.85079744761345
2025-06-16 19:20:09.850842+00:00,28.961816248981698
2025-06-16 19:20:10.212367+00:00,29.008884972723337
2025-06-16 19:20:10.636337+00:00,29.020473779349754
2025-06-16 19:20:11.320261+00:00,29.0500864572095
2025-06-16 19:20:12.141159+00:00,29.084995906600433
2025-06-16 19:20:14.920061+00:00,28.820889313379173
2025-06-16 19:20:18.945013+00:00,28.474771372818434
2025-06-16 19:20:19.377920+00:00,28.703711223490714
2025-06-16 19:20:20.394068+00:00,28.90902361579606
2025-06-16 19:20:21.629172+00:00,29.0320628037007
2025-06-16 19:20:22.078548+00:00,29.00287662534426
2025-06-16 19:20:25.436741+00:00,29.06739908292471
2025-06-16 19:20:26.679910+00:00,28.95580720650155
2025-06-16 19:20:27.040420+00:00,28.890993940088524
2025-06-16 19:20:29.624896+00:00,28.34540105824571
2025-06-16 19:20:31.061463+00:00,28.421821301989016
2025-06-16 19:20:32.089051+00:00,28.756070425755308
2025-06-16 19:20:32.450542+00:00,28.814588595854023
2025-06-16 19:20:33.426901+00:00,28.885271872086076
2025-06-16 19:20:37.453739+00:00,29.049517837986098
2025-06-16 19:20:39.326582+00:00,28.97311870387362
2025-06-16 19:20:40.086290+00:00,28.79112322811062
2025-06-16 19:20:41.312243+00:00,28.820599723749844
2025-06-16 19:20:43.797481+00:00,28.972975638557756
2025-06-16 19:20:46.251490+00:00,29.008457082279133
2025-06-16 19:20:47.519351+00:00,29.055383620188152
2025-06-16 19:20:49.387650+00:00,29.090578103181034
2025-06-16 19:20:50.308151+00:00,29.08471238104168
2025-06-16 19:20:52.280737+00:00,29.067541030935793
2025-06-16 19:20:54.252654+00:00,28.94951135199222
2025-06-16 19:20:55.372564+00:00,29.055667817090928
2025-06-16 19:20:55.506140+00:00,29.067257124133086
2025-06-16 19:20:57.769752+00:00,28.962102551137892
2025-06-16 19:20:58.134267+00:00,28.704003434283106
2025-06-16 19:20:58.423002+00:00,28.622023953464623
2025-06-16 19:20:59.042153+00:00,28.692271195805585
2025-06-16 19:20:59.234961+00:00,28.76266402609854
2025-06-16 19:20:59.484454+00:00,28.879982206868533
2025-06-16 19:21:00.721813+00:00,28.97383386873808
2025-06-16 19:21:03.325303+00:00,28.868394778115416
2025-06-16 19:21:04.214486+00:00,28.95638007936869
2025-06-16 19:21:04.993342+00:00,29.009312766140205
2025-06-16 19:21:05.460066+00:00,28.985422269164943
2025-06-16 19:21:11.623973+00:00,29.044505312736543
2025-06-16 19:21:12.174426+00:00,28.97383386873808
2025-06-16 19:21:14.059628+00:00,29.067966810285842
2025-06-16 19:21:15.008575+00:00,28.92147340653871
2025-06-16 19:21:18.957076+00:00,28.950800968708492
2025-06-16 19:21:19.994236+00:00,29.05051280843056
2025-06-16 19:21:22.424587+00:00,28.991859135374437
2025-06-16 19:21:24.484549+00:00,28.980414072174366
2025-06-16 19:21:29.312962+00:00,29.19756383148349
2025-06-16 19:21:32.483900+00:00,29.215158383403377
2025-06-16 19:21:32.783615+00:00,29.221023214027007
2025-06-16 19:21:36.074874+00:00,29.221023214027007
2025-06-16 19:21:36.302517+00:00,29.220883086893757
2025-06-16 19:21:37.939064+00:00,29.221163330380456
2025-06-16 19:21:38.238253+00:00,29.232892827347037
2025-06-16 19:21:41.993730+00:00,28.962961198861784
2025-06-16 19:21:42.323920+00:00,28.869115662154517
2025-06-16 19:21:44.735379+00:00,28.681270598560975
2025-06-16 19:21:45.449822+00:00,28.569818335161692
2025-06-16 19:21:45.997426+00:00,28.63434377013065
2025-06-16 19:21:47.074627+00:00,28.962961198861784
2025-06-16 19:21:47.483774+00:00,28.974691710803196
2025-06-16 19:21:47.826866+00:00,29.009883006431437
2025-06-16 19:21:49.016981+00:00,29.103724700002772
2025-06-16 19:21:49.216117+00:00,29.07425764057308
2025-06-16 19:21:49.416221+00:00,29.068250609283222
2025-06-16 19:21:49.975095+00:00,29.080264516805933
2025-06-16 19:21:50.552506+00:00,29.121460989882493
2025-06-16 19:21:53.331933+00:00,29.16852080837541
2025-06-16 19:21:53.971500+00:00,29.174104288809303
2025-06-16 19:21:54.182543+00:00,29.186396091992847
2025-06-16 19:21:54.771774+00:00,29.19798495374942
2025-06-16 19:21:54.989950+00:00,29.168098646822738
2025-06-16 19:21:55.241117+00:00,29.11545473155219
2025-06-16 19:21:55.849586+00:00,29.045358191596478
2025-06-16 19:21:56.107552+00:00,29.062669274322555
2025-06-16 19:21:56.369954+00:00,29.127184723068947
2025-06-16 19:21:56.844191+00:00,29.138914674553035
2025-06-16 19:21:57.087208+00:00,29.156509526717915
2025-06-16 19:21:57.371676+00:00,29.162374457423216
2025-06-16 19:21:57.755331+00:00,29.174244942196598
2025-06-16 19:21:57.973959+00:00,29.185834080162728
2025-06-16 19:21:58.207217+00:00,29.174104288809303
2025-06-16 19:21:58.474145+00:00,29.15036270984467
2025-06-16 19:21:58.682833+00:00,29.138632529867937
2025-06-16 19:21:58.901538+00:00,29.150644586004457
2025-06-16 19:21:59.235948+00:00,29.162092849786905
2025-06-16 19:22:00.015952+00:00,29.168239378120344
2025-06-16 19:22:01.483923+00:00,28.945651888380375
2025-06-16 19:22:01.808203+00:00,28.93993003886466
2025-06-16 19:22:02.641892+00:00,29.092560936665027
2025-06-16 19:22:04.882906+00:00,29.26877881303381
2025-06-16 19:22:06.069965+00:00,29.133755212532513
2025-06-16 19:22:07.065934+00:00,28.822625945492437
2025-06-16 19:22:07.769019+00:00,29.022325244675883
2025-06-16 19:22:09.032948+00:00,29.092560936665027
2025-06-16 19:22:09.915941+00:00,29.151349087751733
2025-06-16 19:22:15.176017+00:00,29.20999468802583
2025-06-16 19:22:16.259412+00:00,29.24532136179671
2025-06-16 19:22:17.317526+00:00,29.08153967619914
2025-06-16 19:22:18.922771+00:00,28.95795459031664
2025-06-16 19:22:19.974323+00:00,29.116302518048794
2025-06-16 19:22:20.204414+00:00,29.151349087751733
2025-06-16 19:22:20.597883+00:00,29.14548447268568
2025-06-16 19:22:20.949538+00:00,29.122167116017796
2025-06-16 19:22:21.707060+00:00,29.086696154395383
2025-06-16 19:22:22.268980+00:00,29.081256382908197
2025-06-16 19:22:22.937870+00:00,29.157495283787274
2025-06-16 19:22:23.815871+00:00,29.13976084988401
2025-06-16 19:22:24.540129+00:00,29.16293754333497
2025-06-16 19:22:25.153462+00:00,29.186817487675953
2025-06-16 19:22:26.315175+00:00,29.204270436870114
2025-06-16 19:22:27.000681+00:00,29.215859193014605
2025-06-16 19:22:28.347145+00:00,29.15120820896251
2025-06-16 19:22:28.822524+00:00,29.180531469839256
2025-06-16 19:22:29.098830+00:00,29.198265648027213
2025-06-16 19:22:30.292027+00:00,29.24532136179671
2025-06-16 19:22:31.985198+00:00,29.081256382908197
2025-06-16 19:22:32.674879+00:00,29.104431887026642
2025-06-16 19:22:33.378709+00:00,29.06337881102338
2025-06-16 19:22:33.747874+00:00,28.90517032663817
2025-06-16 19:22:34.002716+00:00,28.86983627665715
2025-06-16 19:22:34.231919+00:00,28.916613115420557
2025-06-16 19:22:34.472374+00:00,28.893152725428067
2025-06-16 19:22:34.632579+00:00,28.846087084406292
2025-06-16 19:22:35.039214+00:00,28.775993549362116
2025-06-16 19:22:35.685185+00:00,28.916613115420557
2025-06-16 19:22:36.277840+00:00,28.94007334529699
2025-06-16 19:22:36.626972+00:00,28.96353341505738
2025-06-16 19:22:36.937749+00:00,29.016175552951797
2025-06-16 19:22:37.138948+00:00,29.016175552951797
2025-06-16 19:22:37.496875+00:00,29.051649270673508
2025-06-16 19:22:37.722346+00:00,29.080689666961028
2025-06-16 19:22:38.106315+00:00,29.0456423983048
2025-06-16 19:22:38.442164+00:00,29.0221828889506
2025-06-16 19:22:40.064753+00:00,29.122167116017796
2025-06-16 19:22:41.073491+00:00,29.168802195510317
2025-06-16 19:23:27.671928+00:00,28.933921544914345
2025-06-16 19:23:40.636386+00:00,28.55764310080647
2025-06-16 19:24:15.113839+00:00,28.809012148704845
2025-06-16 19:24:20.621861+00:00,28.879694024787614
2025-06-16 19:24:21.711764+00:00,28.838921299032933
2025-06-16 19:24:22.192057+00:00,28.662647273560687
2025-06-16 19:24:22.741700+00:00,28.72130990902511
2025-06-16 19:24:23.252129+00:00,28.81487834133533
2025-06-16 19:24:25.092714+00:00,28.961529903701344
2025-06-16 19:24:25.810297+00:00,28.973547835135253
2025-06-16 19:24:26.462172+00:00,28.93248710842294
2025-06-16 19:24:26.994016+00:00,28.662500681944902
2025-06-16 19:24:27.353399+00:00,28.615275025646177
2025-06-16 19:24:27.628852+00:00,28.57406098321184
2025-06-16 19:24:27.913407+00:00,28.621141615773517
2025-06-16 19:24:32.803993+00:00,28.785692470371046
2025-06-16 19:24:34.444312+00:00,28.949798008952403
2025-06-16 19:24:34.759527+00:00,28.94951135199222
2025-06-16 19:24:35.034469+00:00,28.95552070538157
2025-06-16 19:24:35.296808+00:00,28.95537743864996
2025-06-16 19:24:36.412479+00:00,28.984993573073833
2025-06-16 19:24:37.457239+00:00,28.967682047063473
2025-06-16 19:24:38.559526+00:00,28.991145139290637
2025-06-16 19:24:39.178061+00:00,28.897147903634462
2025-06-16 19:24:39.647581+00:00,28.92075538212948
2025-06-16 19:24:46.268165+00:00,29.008742353356087
2025-06-16 19:24:48.138054+00:00,28.978984683349616
2025-06-16 19:24:50.054464+00:00,29.020616264443944
2025-06-16 19:24:50.426510+00:00,29.043794283885713
2025-06-16 19:24:55.349473+00:00,29.03192043131724
2025-06-16 19:24:55.625037+00:00,29.03807084326531
2025-06-16 19:24:55.910701+00:00,29.043652045773594
2025-06-16 19:24:56.269425+00:00,29.043936511217172
2025-06-16 19:24:56.602260+00:00,28.99715364096367
2025-06-16 19:24:56.903630+00:00,29.008742353356087
2025-06-16 19:25:04.405970+00:00,29.07913030871852
2025-06-16 19:25:06.912190+00:00,28.967825136393618
2025-06-16 19:25:07.170170+00:00,29.00287662534426
2025-06-16 19:25:07.900553+00:00,29.014608071357916
2025-06-16 19:25:09.279770+00:00,29.03277450390741
2025-06-16 19:25:09.672353+00:00,28.985422269164943
2025-06-16 19:25:10.903116+00:00,28.84464268453369
2025-06-16 19:25:12.504966+00:00,28.686697632109308
2025-06-16 19:25:12.897686+00:00,28.70429560194648
2025-06-16 19:25:13.271260+00:00,28.69197871641781
2025-06-16 19:25:13.648877+00:00,28.59841184661218
2025-06-16 19:25:15.355409+00:00,28.70986953850756
2025-06-16 19:25:16.203554+00:00,28.87454878660678
2025-06-16 19:25:27.295446+00:00,28.78069762504347
2025-06-16 19:25:31.936999+00:00,28.997867247456778
2025-06-16 19:25:32.268912+00:00,29.009455342384214
2025-06-16 19:25:32.644665+00:00,29.03291681160666
2025-06-16 19:25:32.985247+00:00,29.056378120687484
2025-06-16 19:25:33.879104+00:00,28.92762593900568
2025-06-16 19:25:36.047650+00:00,28.72790522066832
2025-06-16 19:25:37.476419+00:00,28.65766068112415
2025-06-16 19:25:38.236169+00:00,28.69872188084144
2025-06-16 19:25:39.427572+00:00,28.862961775485317
2025-06-16 19:25:40.049001+00:00,28.915751503756532
2025-06-16 19:25:41.069369+00:00,28.97454876407809
2025-06-16 19:25:41.727336+00:00,28.985993713020143
2025-06-16 19:25:42.344287+00:00,29.009455342384214
2025-06-16 19:25:42.958046+00:00,29.009597907847418
2025-06-16 19:25:43.443554+00:00,28.88642397702542
2025-06-16 19:25:43.984728+00:00,28.921760540833848
2025-06-16 19:25:46.159283+00:00,28.205651574917304
2025-06-16 19:25:46.767502+00:00,28.352469186657164
2025-06-16 19:25:48.656239+00:00,28.774541307803553
2025-06-16 19:25:49.291837+00:00,28.880558441653328
2025-06-16 19:25:50.057494+00:00,28.916182358104095
2025-06-16 19:25:50.519828+00:00,28.939213344986204
2025-06-16 19:25:51.380772+00:00,28.95123064688771
2025-06-16 19:25:52.007238+00:00,28.921329823219313
2025-06-16 19:25:52.336131+00:00,28.815747319017586
2025-06-16 19:25:52.760983+00:00,28.6868439012142
2025-06-16 19:25:53.287393+00:00,28.75650700982411
2025-06-16 19:25:53.911850+00:00,28.810026388275414
2025-06-16 19:25:54.751958+00:00,28.921329823219313
2025-06-16 19:25:55.391913+00:00,28.991430770066838
2025-06-16 19:25:56.042967+00:00,29.021043655041964
2025-06-16 19:25:56.712442+00:00,28.968397385904147
2025-06-16 19:25:57.698014+00:00,28.968397385904147
2025-06-16 19:25:58.434497+00:00,28.84522057386166
2025-06-16 19:25:58.825736+00:00,28.815747319017586
2025-06-16 19:26:07.253386+00:00,28.810171236515625
2025-06-16 19:26:07.860162+00:00,28.927338938990367
2025-06-16 19:26:08.269837+00:00,28.974405806572026
2025-06-16 19:26:10.177965+00:00,28.903732964389985
2025-06-16 19:26:10.526672+00:00,28.82190253745814
2025-06-16 19:26:11.186909+00:00,28.72790522066832
2025-06-16 19:26:11.864695+00:00,28.61645192685522
2025-06-16 19:26:12.369110+00:00,28.62231797976715
2025-06-16 19:26:17.501157+00:00,28.493114018507093
2025-06-16 19:26:18.790722+00:00,28.70429560194648
2025-06-16 19:26:25.245592+00:00,28.96224568604444
2025-06-16 19:26:26.650248+00:00,29.009027581309766
2025-06-16 19:26:27.810106+00:00,29.03291681160666
2025-06-16 19:26:29.959181+00:00,28.5752417312429
2025-06-16 19:26:32.272343+00:00,28.939069973867138
2025-06-16 19:26:34.428417+00:00,28.985993713020143
2025-06-16 19:26:36.449039+00:00,28.827478868518607
2025-06-16 19:26:37.368597+00:00,28.686551352222082
2025-06-16 19:26:37.986997+00:00,28.510861262926877
2025-06-16 19:26:39.148841+00:00,28.862529011290736
2025-06-16 19:26:40.571265+00:00,28.575389276223866
2025-06-16 19:26:42.333896+00:00,28.76310024699808
2025-06-16 19:26:42.958406+00:00,28.604425361789854
2025-06-16 19:26:43.764490+00:00,28.569375531106502
2025-06-16 19:26:44.440027+00:00,28.762954850813543
2025-06-16 19:26:45.994682+00:00,28.123820456349033
2025-06-16 19:26:47.058525+00:00,28.63390318210749
2025-06-16 19:26:47.767594+00:00,28.692563632064108
2025-06-16 19:26:48.402587+00:00,28.52845993211409
2025-06-16 19:26:49.055467+00:00,28.751805138330496
2025-06-16 19:26:49.650029+00:00,28.786708514527124
2025-06-16 19:26:50.200512+00:00,28.88642397702542
2025-06-16 19:26:50.776401+00:00,28.950657721086603
2025-06-16 19:26:51.177096+00:00,28.974262838285
2025-06-16 19:26:51.643196+00:00,28.991859135374437
2025-06-16 19:26:52.333231+00:00,28.998009936412828
2025-06-16 19:26:52.825190+00:00,29.009312766140205
2025-06-16 19:26:53.267069+00:00,28.98585086822772
2025-06-16 19:26:53.668134+00:00,28.99815261458802
2025-06-16 19:26:54.211910+00:00,29.015463223029798
2025-06-16 19:26:54.659389+00:00,29.033343670020262
2025-06-16 19:26:55.497421+00:00,28.986136547031645
2025-06-16 19:26:56.143309+00:00,28.7283425531737
2025-06-16 19:26:56.750538+00:00,28.733916804548535
2025-06-16 19:26:57.178024+00:00,28.82204724062836
2025-06-16 19:26:57.560938+00:00,28.886711895446375
2025-06-16 19:26:58.137102+00:00,28.9569527797389
2025-06-16 19:26:58.596556+00:00,28.94522207347079
2025-06-16 19:26:59.139745+00:00,28.851230614663525
2025-06-16 19:26:59.576357+00:00,28.769401972112345
2025-06-16 19:26:59.986200+00:00,28.763536370859896
2025-06-16 19:27:00.579453+00:00,28.74593950705355
2025-06-16 19:27:01.292026+00:00,28.75151413128567
2025-06-16 19:27:01.984778+00:00,28.60486698943819
2025-06-16 19:27:02.550981+00:00,28.67525839819758
2025-06-16 19:27:03.101468+00:00,28.798584867286255
2025-06-16 19:27:03.767236+00:00,28.880558441653328
2025-06-16 19:27:04.309806+00:00,28.575536810421962
2025-06-16 19:27:04.750483+00:00,28.493262503660002
2025-06-16 19:27:05.785444+00:00,28.552072487053767
2025-06-16 19:27:06.459053+00:00,28.63434377013065
2025-06-16 19:27:11.493822+00:00,28.862961775485317
2025-06-16 19:27:12.036836+00:00,28.93377814978042
2025-06-16 19:27:12.592917+00:00,28.95108743160904
2025-06-16 19:27:12.974853+00:00,28.693148375193513
2025-06-16 19:27:13.232247+00:00,28.66381961831878
2025-06-16 19:27:13.700743+00:00,28.54034026531793
2025-06-16 19:27:14.168647+00:00,28.498980348761528
2025-06-16 19:27:14.761407+00:00,28.634490611239887
2025-06-16 19:27:15.278011+00:00,28.72863405426665
2025-06-16 19:27:15.983598+00:00,28.646515625363076
2025-06-16 19:27:16.718146+00:00,28.576126839385832
2025-06-16 19:27:17.201017+00:00,28.54078401198967
2025-06-16 19:27:17.972326+00:00,28.505588315374418
2025-06-16 19:27:18.500910+00:00,28.53506604871973
2025-06-16 19:27:18.870991+00:00,28.5758318464696
2025-06-16 19:27:19.123274+00:00,28.58155032250433
2025-06-16 19:27:20.774941+00:00,28.851663684679664
2025-06-16 19:27:21.145673+00:00,28.857673336633436
2025-06-16 19:27:21.525869+00:00,28.886999770741827
2025-06-16 19:27:21.754223+00:00,28.904164286267992
2025-06-16 19:27:28.184850+00:00,29.098142710632356
2025-06-16 19:27:30.299671+00:00,28.705317849127564
2025-06-16 19:27:31.101746+00:00,28.81676063574527
2025-06-16 19:27:31.468172+00:00,28.86940394029992
2025-06-16 19:27:31.809551+00:00,28.928056358169762
2025-06-16 19:27:32.175929+00:00,28.969112455219914
2025-06-16 19:27:32.583856+00:00,28.992858277094655
2025-06-16 19:27:33.117047+00:00,29.02776317177907
2025-06-16 19:27:33.448915+00:00,29.0221828889506
2025-06-16 19:27:33.725726+00:00,28.86940394029992
2025-06-16 19:27:34.101696+00:00,28.7990197178384
2025-06-16 19:27:34.392543+00:00,28.786998715820697
2025-06-16 19:27:34.642043+00:00,28.851808019788628
2025-06-16 19:27:35.047156+00:00,28.910460737889768
2025-06-16 19:27:35.541378+00:00,28.928056358169762
2025-06-16 19:27:36.256629+00:00,29.0279054819299
2025-06-16 19:27:41.703694+00:00,28.8751251605815
2025-06-16 19:27:42.882442+00:00,28.98642218271194
2025-06-16 19:27:44.202166+00:00,29.033628188392584
2025-06-16 19:27:49.602372+00:00,28.904020523089958
2025-06-16 19:27:50.756526+00:00,28.96281811786036
2025-06-16 19:27:50.981997+00:00,28.933204461433178
2025-06-16 19:27:51.349660+00:00,28.892001675125034
2025-06-16 19:27:52.877781+00:00,28.79257421003718
2025-06-16 19:27:53.872290+00:00,28.79829491300919
2025-06-16 19:27:54.606268+00:00,28.657220866562856
2025-06-16 19:27:55.741900+00:00,28.586974101488455
2025-06-16 19:27:55.985510+00:00,28.592398176336822
2025-06-16 19:27:57.197715+00:00,28.84493165076084
2025-06-16 19:27:58.081925+00:00,28.89786732476205
2025-06-16 19:27:58.425852+00:00,28.93306101239347
2025-06-16 19:27:58.694027+00:00,28.93306101239347
2025-06-16 19:27:58.944665+00:00,28.98585086822772
2025-06-16 19:27:59.194831+00:00,28.95652327063282
2025-06-16 19:27:59.690671+00:00,29.009170179115387
2025-06-16 19:28:01.415282+00:00,29.009170179115387
2025-06-16 19:28:02.665935+00:00,28.927051895850294
2025-06-16 19:28:02.964800+00:00,28.827334200147178
2025-06-16 19:28:03.382547+00:00,28.72775942160226
2025-06-16 19:28:03.933258+00:00,28.622170972007208
2025-06-16 19:28:05.604816+00:00,28.493262503660002
2025-06-16 19:28:07.115513+00:00,28.40481884619071
2025-06-16 19:28:07.516995+00:00,28.59855914454631
2025-06-16 19:28:08.890432+00:00,28.645048287726496
2025-06-16 19:28:09.765474+00:00,28.68053891728992
2025-06-16 19:28:10.249414+00:00,28.762373158255635
2025-06-16 19:28:10.757072+00:00,28.880270345823764
2025-06-16 19:28:11.463282+00:00,28.891713804735737
2025-06-16 19:28:11.949388+00:00,28.886280001642874
2025-06-16 19:28:12.726902+00:00,28.962102551137892
2025-06-16 19:28:13.084568+00:00,28.967968214942758
2025-06-16 19:28:14.137181+00:00,28.80930198534809
2025-06-16 19:28:14.924733+00:00,28.7861279825577
2025-06-16 19:28:23.015963+00:00,28.85695188898626
2025-06-16 19:28:23.413331+00:00,28.69285602519341
2025-06-16 19:28:23.673565+00:00,28.65120804583386
2025-06-16 19:28:23.906403+00:00,28.663086983713317
2025-06-16 19:28:25.477639+00:00,28.933491327169108
2025-06-16 19:28:27.174381+00:00,29.009597907847418
2025-06-16 19:28:29.134130+00:00,28.868971506909624
2025-06-16 19:28:30.922410+00:00,28.593134947857564
2025-06-16 19:28:32.433942+00:00,28.569080274488584
2025-06-16 19:28:34.848633+00:00,28.62231797976715
2025-06-16 19:28:35.049661+00:00,28.61645192685522
2025-06-16 19:28:35.543834+00:00,28.60486698943819
2025-06-16 19:28:36.879142+00:00,28.82776817291646
2025-06-16 19:28:37.306525+00:00,28.84493165076084
2025-06-16 19:28:39.362954+00:00,28.880702473395996
2025-06-16 19:28:45.294624+00:00,28.904020523089958
2025-06-16 19:28:45.858394+00:00,28.939213344986204
2025-06-16 19:28:46.490185+00:00,28.939069973867138
2025-06-16 19:28:48.496672+00:00,28.540488191658195
2025-06-16 19:28:48.832311+00:00,28.68097795839963
2025-06-16 19:28:49.415798+00:00,28.79257421003718
2025-06-16 19:28:49.859475+00:00,28.904020523089958
2025-06-16 19:28:50.427846+00:00,28.939500054880966
2025-06-16 19:28:51.255013+00:00,29.009597907847418
2025-06-16 19:28:52.024825+00:00,28.95108743160904
2025-06-16 19:28:52.625587+00:00,28.962961198861784
2025-06-16 19:28:53.110597+00:00,28.857384789919113
2025-06-16 19:28:53.665551+00:00,28.810605716545826
2025-06-16 19:28:54.387995+00:00,28.804595369455548
2025-06-16 19:28:54.915701+00:00,28.786998715820697
2025-06-16 19:28:55.493352+00:00,28.82204724062836
2025-06-16 19:28:55.964659+00:00,28.79257421003718
2025-06-16 19:28:56.379500+00:00,28.82204724062836
2025-06-16 19:28:57.415030+00:00,28.69901409654396
2025-06-16 19:28:57.996934+00:00,28.6460755372886
2025-06-16 19:28:58.665841+00:00,28.77541278212152
2025-06-16 19:28:59.209987+00:00,28.833633798366165
2025-06-16 19:28:59.568591+00:00,28.892289502388888
2025-06-16 19:29:00.905903+00:00,28.72819678645404
2025-06-16 19:29:01.526208+00:00,28.746230605263676
2025-06-16 19:29:02.881478+00:00,28.975120486292763
2025-06-16 19:29:04.131772+00:00,29.033770431407728
2025-06-16 19:29:05.186962+00:00,29.0456423983048
2025-06-16 19:29:05.598181+00:00,29.0456423983048
2025-06-16 19:29:07.230127+00:00,29.092419375774536
2025-06-16 19:29:07.548046+00:00,29.104431887026642
2025-06-16 19:29:07.889285+00:00,29.098425708927415
2025-06-16 19:29:09.705562+00:00,29.110155223430436
2025-06-16 19:29:10.440730+00:00,29.12774942013056
2025-06-16 19:29:10.814460+00:00,29.110155223430436
2025-06-16 19:29:14.952416+00:00,28.96939840747934
2025-06-16 19:29:17.370252+00:00,28.641236849987724
2025-06-16 19:29:18.748275+00:00,28.64079668985126
2025-06-16 19:29:20.017502+00:00,28.50588489843913
2025-06-16 19:29:20.598390+00:00,28.364951834792738
2025-06-16 19:29:20.973669+00:00,28.54709337455847
2025-06-16 19:29:21.236231+00:00,28.62305285682735
2025-06-16 19:29:21.538689+00:00,28.693440682064445
2025-06-16 19:29:22.107091+00:00,28.775993549362116
2025-06-16 19:29:23.296921+00:00,28.916613115420557
2025-06-16 19:29:24.206467+00:00,28.928199809662107
2025-06-16 19:29:24.838413+00:00,28.910604390802167
2025-06-16 19:29:25.356422+00:00,28.857817593818332
2025-06-16 19:29:34.512439+00:00,28.745793941775425
2025-06-16 19:29:39.940731+00:00,28.68742886981049
2025-06-16 19:29:40.432006+00:00,28.76969253315176
2025-06-16 19:29:41.172121+00:00,28.86983627665715
2025-06-16 19:29:42.031918+00:00,28.857817593818332
2025-06-16 19:29:42.524887+00:00,28.845942692936106
2025-06-16 19:29:43.021645+00:00,28.74021948741144
2025-06-16 19:29:43.513915+00:00,28.76368172391658
2025-06-16 19:29:44.086566+00:00,28.76969253315176
2025-06-16 19:29:44.713775+00:00,28.746230605263676
2025-06-16 19:29:45.006317+00:00,28.77526756335663
2025-06-16 19:29:48.809574+00:00,28.576126839385832
2025-06-16 19:29:49.436399+00:00,28.628771677277527
2025-06-16 19:29:50.404801+00:00,28.663966112892563
2025-06-16 19:29:53.849459+00:00,28.68742886981049
2025-06-16 19:29:58.068213+00:00,28.728051008952242
2025-06-16 19:29:58.662020+00:00,28.693148375193513
2025-06-16 19:29:59.045598+00:00,28.687282643834898
2025-06-16 19:29:59.346783+00:00,28.575536810421962
2025-06-16 19:29:59.598394+00:00,28.475514967689314
2025-06-16 19:29:59.872870+00:00,28.393684115709686
2025-06-16 19:30:00.369945+00:00,28.3232869419834
2025-06-16 19:30:01.033686+00:00,28.317420445783497
2025-06-16 19:30:01.412439+00:00,28.364352135141303
2025-06-16 19:30:01.729004+00:00,28.3232869419834
2025-06-16 19:30:02.028790+00:00,28.329303772237665
2025-06-16 19:30:02.720560+00:00,28.387668056385845
2025-06-16 19:30:03.106699+00:00,28.452347326199714
2025-06-16 19:30:03.687146+00:00,28.194221713593528
2025-06-16 19:30:04.012228+00:00,28.123973151259417
2025-06-16 19:30:04.337422+00:00,28.170754787983334
2025-06-16 19:30:04.637862+00:00,28.28191946330046
2025-06-16 19:30:05.271177+00:00,28.42858372510908
2025-06-16 19:30:05.773108+00:00,28.575389276223866
2025-06-16 19:30:06.191799+00:00,28.65120804583386
2025-06-16 19:30:06.905121+00:00,28.704003434283106
2025-06-16 19:30:07.443484+00:00,28.74535718124876
2025-06-16 19:30:07.893921+00:00,28.757088970967693
2025-06-16 19:30:08.212734+00:00,28.76310024699808
2025-06-16 19:30:08.647537+00:00,28.774396024347194
2025-06-16 19:30:08.966796+00:00,28.79800491560491
2025-06-16 19:30:09.361989+00:00,28.821613098772637
2025-06-16 19:30:09.721915+00:00,28.833055415018276
2025-06-16 19:30:10.078888+00:00,28.80973665944974
2025-06-16 19:30:10.413721+00:00,28.82146836325734
2025-06-16 19:30:10.806132+00:00,28.84478717303806
2025-06-16 19:30:11.239031+00:00,28.827334200147178
2025-06-16 19:30:11.540945+00:00,28.76266402609854
2025-06-16 19:30:12.380474+00:00,28.726884400780868
2025-06-16 19:30:13.110405+00:00,28.762809443847026
2025-06-16 19:30:13.762367+00:00,28.680392548688612
2025-06-16 19:30:14.129928+00:00,28.68640506155252
2025-06-16 19:30:14.724353+00:00,28.627890130670938
2025-06-16 19:30:15.106649+00:00,28.48650475494547
2025-06-16 19:30:15.600576+00:00,28.568784974739085
2025-06-16 19:30:16.070778+00:00,28.674379880733515
2025-06-16 19:30:16.654514+00:00,28.639181939095113
2025-06-16 19:30:16.980805+00:00,28.59826453789529
2025-06-16 19:30:17.614827+00:00,28.568784974739085
2025-06-16 19:30:18.079465+00:00,28.58623688637459
2025-06-16 19:30:18.526747+00:00,28.674086955319645
2025-06-16 19:30:18.935568+00:00,28.709431407591126
2025-06-16 19:30:19.378333+00:00,28.345551297876135
2025-06-16 19:30:19.779410+00:00,28.363152218212775
2025-06-16 19:30:20.146136+00:00,28.515689753857508
2025-06-16 19:30:20.463387+00:00,28.615569315644517
2025-06-16 19:30:20.824463+00:00,28.521704661081284
2025-06-16 19:30:21.166742+00:00,28.36871921889017
2025-06-16 19:30:21.488918+00:00,28.228209526561823
2025-06-16 19:30:21.872999+00:00,28.204285104644747
2025-06-16 19:30:22.330019+00:00,28.25724283980641
2025-06-16 19:30:22.629730+00:00,28.280711851519648
2025-06-16 19:30:23.272331+00:00,28.315915068762326
2025-06-16 19:30:23.674285+00:00,28.157802541766934
2025-06-16 19:30:24.308345+00:00,27.99335970159395
2025-06-16 19:30:24.780105+00:00,27.975447712735278
2025-06-16 19:30:25.171914+00:00,27.96957988707901
2025-06-16 19:30:25.679215+00:00,28.09280212352235
2025-06-16 19:30:25.996916+00:00,28.280560851517787
2025-06-16 19:30:26.297940+00:00,28.38617063100471
2025-06-16 19:30:26.630667+00:00,28.473878703122637
2025-06-16 19:30:26.950260+00:00,28.515096521119084
2025-06-16 19:30:27.329748+00:00,28.550446063035988
2025-06-16 19:30:27.914446+00:00,28.591366243330526
2025-06-16 19:30:28.563527+00:00,28.527126803973324
2025-06-16 19:30:29.006283+00:00,28.33923335167812
2025-06-16 19:30:29.725730+00:00,28.13959014377253
2025-06-16 19:30:30.285637+00:00,28.15117283950758
2025-06-16 19:30:30.847359+00:00,28.421373170032
2025-06-16 19:30:31.506138+00:00,28.298011897391323
2025-06-16 19:30:32.146374+00:00,28.40347273405168
2025-06-16 19:30:32.921090+00:00,28.579189728373045
2025-06-16 19:30:34.182060+00:00,28.690954698917402
2025-06-16 19:30:35.614169+00:00,28.602952568750975
2025-06-16 19:30:36.491798+00:00,28.667487684461356
2025-06-16 19:30:37.147151+00:00,28.655607382920145
2025-06-16 19:30:37.581956+00:00,28.72615492025373
2025-06-16 19:30:37.996325+00:00,28.726008991801795
2025-06-16 19:30:38.660719+00:00,28.725863052567682
2025-06-16 19:30:38.971173+00:00,28.77895457647582
2025-06-16 19:30:39.288491+00:00,28.78496640108905
2025-06-16 19:30:39.758699+00:00,28.80785237086089
2025-06-16 19:30:40.372010+00:00,28.866807884459092
2025-06-16 19:30:40.974572+00:00,28.87253011923245
2025-06-16 19:30:41.337400+00:00,28.72630083792349
2025-06-16 19:30:41.646501+00:00,28.62627295371713
2025-06-16 19:30:42.111104+00:00,28.579189728373045
2025-06-16 19:30:42.461212+00:00,28.538120076249196
2025-06-16 19:30:42.796545+00:00,28.46756491220004
2025-06-16 19:30:43.179021+00:00,28.479299523186153
2025-06-16 19:30:43.499067+00:00,28.420924941022413
2025-06-16 19:30:43.791415+00:00,28.051267611685272
2025-06-16 19:30:44.033783+00:00,27.781333985871235
2025-06-16 19:30:44.352903+00:00,27.65238602677169
2025-06-16 19:30:44.676988+00:00,27.76912656618485
2025-06-16 19:30:45.053468+00:00,28.103925176261292
2025-06-16 19:30:45.366234+00:00,28.268523930333586
2025-06-16 19:30:45.704885+00:00,28.39745581579253
2025-06-16 19:30:46.054011+00:00,28.526385799819668
2025-06-16 19:30:46.487374+00:00,28.61468631625718
2025-06-16 19:30:46.832452+00:00,28.67922121171256
2025-06-16 19:30:47.492640+00:00,28.690515672539316
2025-06-16 19:30:48.162149+00:00,28.661620905818367
2025-06-16 19:30:48.904436+00:00,28.643873641274396
2025-06-16 19:30:49.315102+00:00,28.655313882085306
2025-06-16 19:30:49.696954+00:00,28.672768257227624
2025-06-16 19:30:50.041014+00:00,28.679074746069805
2025-06-16 19:30:50.284635+00:00,28.637712851692573
2025-06-16 19:30:50.646414+00:00,28.46199552471966
2025-06-16 19:30:50.854999+00:00,28.37955405323899
2025-06-16 19:30:51.171864+00:00,28.29139001113845
2025-06-16 19:30:51.388037+00:00,28.21541288187748
2025-06-16 19:30:51.697564+00:00,28.191790024890444
2025-06-16 19:30:51.973069+00:00,28.16245096932544
2025-06-16 19:30:52.256796+00:00,28.168318800462995
2025-06-16 19:30:52.569956+00:00,28.138979544652468
2025-06-16 19:30:52.858878+00:00,28.156278166928875
2025-06-16 19:30:53.150079+00:00,28.20352557703051
2025-06-16 19:30:53.485093+00:00,28.256486388639726
2025-06-16 19:30:53.952418+00:00,28.23286428216585
2025-06-16 19:30:54.243745+00:00,28.19735378509129
2025-06-16 19:30:54.471692+00:00,28.150715277013507
2025-06-16 19:30:54.654429+00:00,28.09203621471727
2025-06-16 19:30:54.888487+00:00,28.080300282110713
2025-06-16 19:30:55.194984+00:00,28.05080659104848
2025-06-16 19:30:55.479396+00:00,28.074278885153316
2025-06-16 19:30:55.782445+00:00,28.16275575309256
2025-06-16 19:30:56.025881+00:00,28.256335066053147
2025-06-16 19:30:56.325316+00:00,28.36781910183549
2025-06-16 19:30:56.526704+00:00,28.44379719096373
2025-06-16 19:30:56.820100+00:00,28.508635875436603
2025-06-16 19:30:57.070247+00:00,28.566864475032993
2025-06-16 19:30:57.411555+00:00,28.625390307281947
2025-06-16 19:30:58.207202+00:00,28.660887462528088
2025-06-16 19:30:58.448286+00:00,28.7374508324572
2025-06-16 19:30:58.725001+00:00,28.7606270455106
2025-06-16 19:30:58.999642+00:00,28.80756231858203
2025-06-16 19:30:59.270838+00:00,28.78438535158941
2025-06-16 19:30:59.501743+00:00,28.831029714812157
2025-06-16 19:31:01.027039+00:00,28.772360923854855
2025-06-16 19:31:01.436326+00:00,28.795683383788216
2025-06-16 19:31:01.761470+00:00,28.772360923854855
2025-06-16 19:31:02.150468+00:00,28.772651781880015
2025-06-16 19:31:02.478520+00:00,28.748893127115412
2025-06-16 19:31:02.799343+00:00,28.701664540329055
2025-06-16 19:31:03.115701+00:00,28.66074074152255
2025-06-16 19:31:03.458669+00:00,28.637418904820954
2025-06-16 19:31:03.780486+00:00,28.655313882085306
2025-06-16 19:31:04.260673+00:00,28.696089998706803
2025-06-16 19:31:04.918069+00:00,28.707531718932664
2025-06-16 19:31:05.359786+00:00,28.748601688788593
2025-06-16 19:31:05.922749+00:00,28.66660792306798
2025-06-16 19:31:06.389072+00:00,28.6431391368085
2025-06-16 19:31:06.745917+00:00,28.561144985865795
2025-06-16 19:31:07.036457+00:00,28.525792802400442
2025-06-16 19:31:07.406442+00:00,28.54354307195517
2025-06-16 19:31:07.801506+00:00,28.53767574729283
2025-06-16 19:31:08.426639+00:00,28.461548608997866
2025-06-16 19:31:08.811052+00:00,28.320276452803263
2025-06-16 19:31:09.195683+00:00,28.420028191845166
2025-06-16 19:31:09.562735+00:00,28.379104252099722
2025-06-16 19:31:10.089067+00:00,28.326294842008416
2025-06-16 19:31:10.532116+00:00,28.361351048752738
2025-06-16 19:31:11.311085+00:00,28.502025954237514
2025-06-16 19:31:11.669397+00:00,28.49029075177977
2025-06-16 19:31:11.960252+00:00,28.408442462807923
2025-06-16 19:31:12.413128+00:00,28.337879911146462
2025-06-16 19:31:12.754692+00:00,28.278899139733333
2025-06-16 19:31:13.230733+00:00,28.28461611136921
2025-06-16 19:31:13.482590+00:00,28.314408613329153
2025-06-16 19:31:13.770074+00:00,28.337579027959507
2025-06-16 19:31:14.050180+00:00,28.355182799161263
2025-06-16 19:31:14.325267+00:00,28.413861385613437
2025-06-16 19:31:14.569708+00:00,28.46080353379265
2025-06-16 19:31:14.978730+00:00,28.51346424147587
2025-06-16 19:31:16.085520+00:00,28.63096344862112
2025-06-16 19:31:16.434694+00:00,28.648418819338534
2025-06-16 19:31:16.909745+00:00,28.595611137135936
2025-06-16 19:31:17.294181+00:00,28.52519963245095
2025-06-16 19:31:18.954036+00:00,28.337579027959507
2025-06-16 19:31:19.215494+00:00,28.325843130423443
2025-06-16 19:31:19.691002+00:00,28.396257914821067
2025-06-16 19:31:20.043708+00:00,28.378354367857412
2025-06-16 19:31:20.443854+00:00,28.231802841424617
2025-06-16 19:31:20.702378+00:00,28.108415635754547
2025-06-16 19:31:21.102344+00:00,28.091116768239328
2025-06-16 19:31:21.339716+00:00,28.13806332242286
2025-06-16 19:31:21.881565+00:00,28.261294977999377
2025-06-16 19:31:22.264715+00:00,28.03243267428175
2025-06-16 19:31:22.495708+00:00,27.768027901438344
2025-06-16 19:31:22.859278+00:00,27.51612932068874
2025-06-16 19:31:23.120174+00:00,27.6278022738111
2025-06-16 19:31:23.402994+00:00,27.903168714295504
2025-06-16 19:31:23.718554+00:00,28.073511645195335
2025-06-16 19:31:24.446310+00:00,28.337579027959507
2025-06-16 19:31:24.771167+00:00,28.349465198100475
2025-06-16 19:31:25.032277+00:00,28.314107192832793
2025-06-16 19:31:25.298339+00:00,28.314107192832793
2025-06-16 19:31:25.704293+00:00,28.29650321134447
2025-06-16 19:31:29.576240+00:00,27.950273260448583
2025-06-16 19:31:31.944913+00:00,28.208785790539743
2025-06-16 19:31:32.670843+00:00,28.326294842008416
2025-06-16 19:31:36.078808+00:00,28.508190506792072
2025-06-16 19:31:59.912244+00:00,28.64885948230308
2025-06-16 19:33:58.870576+00:00,28.39745581579253
2025-06-16 19:33:59.243009+00:00,28.414758667154867
2025-06-16 19:33:59.574942+00:00,28.320878895730445
2025-06-16 19:33:59.877350+00:00,28.20939333808213
2025-06-16 19:34:00.664626+00:00,28.144847415839127
2025-06-16 19:34:05.674115+00:00,28.455383079267065
2025-06-16 19:34:06.485175+00:00,28.455233997067527
2025-06-16 19:34:07.568344+00:00,28.238428912629796
2025-06-16 19:34:08.014407+00:00,28.455233997067527
2025-06-16 19:34:08.664473+00:00,28.508190506792072
2025-06-16 19:34:09.969855+00:00,28.326144282264185
2025-06-16 19:34:11.830665+00:00,28.696089998706803
2025-06-16 19:34:13.351366+00:00,28.30869152507801
2025-06-16 19:34:13.763968+00:00,28.273484620867247
2025-06-16 19:34:14.256713+00:00,28.208633876692513
2025-06-16 19:34:14.873109+00:00,28.208481952060623
2025-06-16 19:34:15.178174+00:00,28.173425145132917
2025-06-16 19:34:15.593691+00:00,28.067643250820048
2025-06-16 19:34:17.721971+00:00,27.86795605237958
2025-06-16 19:34:18.152360+00:00,27.897299962344203
2025-06-16 19:34:19.311518+00:00,28.020849809459513
2025-06-16 19:34:20.252149+00:00,28.278899139733333
2025-06-16 19:34:20.569451+00:00,28.13806332242286
2025-06-16 19:34:21.893597+00:00,28.067643250820048
2025-06-16 19:34:22.291924+00:00,28.226086384163022
2025-06-16 19:34:22.603863+00:00,28.35488227581572
2025-06-16 19:34:22.934694+00:00,28.308239209016996
2025-06-16 19:34:23.544799+00:00,27.9677243248441
2025-06-16 19:34:23.812215+00:00,27.9851756913949
2025-06-16 19:34:24.122735+00:00,28.113824966897315
2025-06-16 19:34:24.489594+00:00,28.161078908522
2025-06-16 19:34:24.783107+00:00,28.07289765909338
2025-06-16 19:34:25.109549+00:00,27.985484678133165
2025-06-16 19:34:25.425453+00:00,27.949808554964413
2025-06-16 19:34:25.728292+00:00,27.979307012460733
2025-06-16 19:34:26.035663+00:00,27.99660425804691
2025-06-16 19:34:26.327874+00:00,27.996449861281373
2025-06-16 19:34:26.627314+00:00,28.002473041291687
2025-06-16 19:34:26.946598+00:00,28.06718257590052
2025-06-16 19:34:27.138168+00:00,28.161383886416974
2025-06-16 19:34:27.604892+00:00,28.30206948289689
2025-06-16 19:34:28.194501+00:00,28.372186196360552
2025-06-16 19:34:29.117543+00:00,28.560109721233257
2025-06-16 19:34:29.593471+00:00,28.54852224341145
2025-06-16 19:34:30.246638+00:00,28.483976799252662
2025-06-16 19:34:30.890150+00:00,28.477811225766267
2025-06-16 19:34:31.668808+00:00,28.30176770746934
2025-06-16 19:34:32.064669+00:00,28.25482124704377
2025-06-16 19:34:32.456012+00:00,28.30748513323153
2025-06-16 19:34:32.823292+00:00,28.372486359868144
2025-06-16 19:34:33.752970+00:00,28.272577473744875
2025-06-16 19:34:34.748463+00:00,28.501580222374294
2025-06-16 19:34:38.015116+00:00,28.54852224341145
2025-06-16 19:34:38.432862+00:00,28.50143162352002
2025-06-16 19:34:41.256567+00:00,28.431165989126203
2025-06-16 19:34:41.787274+00:00,28.448918875120928
2025-06-16 19:34:42.221124+00:00,28.466373286004103
2025-06-16 19:34:46.130586+00:00,28.6130664758638
2025-06-16 19:34:46.500190+00:00,28.648418819338534
2025-06-16 19:34:47.480134+00:00,28.618492273642268
2025-06-16 19:34:47.854461+00:00,28.63066923805464
2025-06-16 19:34:48.287865+00:00,28.61291915294985
2025-06-16 19:34:48.964295+00:00,28.618492273642268
2025-06-16 19:34:49.757095+00:00,28.653992594593536
2025-06-16 19:34:50.053761+00:00,28.583580679917276
2025-06-16 19:34:50.359534+00:00,28.49556375866987
2025-06-16 19:34:51.098684+00:00,28.407544584197936
2025-06-16 19:34:52.148469+00:00,28.32554193544629
2025-06-16 19:34:52.451497+00:00,28.366468198340858
2025-06-16 19:34:52.752386+00:00,28.33697713217702
2025-06-16 19:34:53.042261+00:00,28.26655792223752
2025-06-16 19:34:53.835082+00:00,28.155057890545503
2025-06-16 19:34:54.486454+00:00,28.225479383804597
2025-06-16 19:34:54.828151+00:00,28.25451835382857
2025-06-16 19:34:55.290028+00:00,28.149189367679273
2025-06-16 19:34:56.417561+00:00,28.248649866876452
2025-06-16 19:34:58.423353+00:00,28.031816807297187
2025-06-16 19:34:59.281182+00:00,28.201853667227425
2025-06-16 19:34:59.677138+00:00,28.30176770746934
2025-06-16 19:35:12.806173+00:00,28.48412558879538
2025-06-16 19:35:14.172905+00:00,28.683183938884454
2025-06-16 19:35:14.981285+00:00,28.671741999339673
2025-06-16 19:35:16.288157+00:00,28.38422236583258
2025-06-16 19:35:17.055028+00:00,28.355032542880473
2025-06-16 19:35:17.971151+00:00,28.478108971517244
2025-06-16 19:35:18.405449+00:00,28.571697416833356
2025-06-16 19:35:18.862592+00:00,28.5133157877182
2025-06-16 19:35:19.517421+00:00,28.577860681101335
2025-06-16 19:35:44.141252+00:00,28.854496950838563
2025-06-16 19:35:46.802824+00:00,28.57889446001511
2025-06-16 19:35:51.478500+00:00,28.713837237501487
2025-06-16 19:35:52.559409+00:00,28.69638260257202
2025-06-16 19:35:52.849115+00:00,28.602510520575652
2025-06-16 19:35:53.175251+00:00,28.53767574729283
2025-06-16 19:35:53.634009+00:00,28.484571892723455
2025-06-16 19:35:53.895306+00:00,28.49073678953573
2025-06-16 19:35:54.162785+00:00,28.525941067929953
2025-06-16 19:35:54.410035+00:00,28.56671666880584
2025-06-16 19:35:55.247722+00:00,28.53782386772803
2025-06-16 19:35:56.442729+00:00,28.555425610211806
2025-06-16 19:35:56.893324+00:00,28.560997123267224
2025-06-16 19:35:59.909969+00:00,28.725425170172247
2025-06-16 19:36:03.637702+00:00,28.47253897070099
2025-06-16 19:36:04.178949+00:00,28.59605361320876
2025-06-16 19:36:05.265727+00:00,28.578746809661823
2025-06-16 19:36:06.330761+00:00,28.572879545075878
2025-06-16 19:36:12.370443+00:00,28.866807884459092
2025-06-16 19:36:15.897336+00:00,28.632139859581372
2025-06-16 19:36:16.295936+00:00,28.644167367582757
2025-06-16 19:36:17.244266+00:00,28.602805230141968
2025-06-16 19:36:19.080094+00:00,28.35638446118518
2025-06-16 19:36:19.334567+00:00,28.46169759168857
2025-06-16 19:36:27.519175+00:00,28.20352557703051
2025-06-16 19:36:27.770640+00:00,28.303125357190513
2025-06-16 19:36:30.511816+00:00,28.696675163307948
2025-06-16 19:36:31.086798+00:00,28.655313882085306
2025-06-16 19:36:36.216597+00:00,28.601920972049776
2025-06-16 19:36:36.650247+00:00,28.5725840777128
2025-06-16 19:36:44.978470+00:00,28.70107938554875
2025-06-16 19:36:48.443317+00:00,28.542061946087067
2025-06-16 19:36:52.853864+00:00,28.448023558414167
2025-06-16 19:36:53.172452+00:00,28.35413077873235
2025-06-16 19:36:53.506234+00:00,28.33667611958143
2025-06-16 19:36:53.856161+00:00,28.371885989717388
2025-06-16 19:36:54.283094+00:00,28.395359036174366
2025-06-16 19:36:54.642972+00:00,28.289729065225902
2025-06-16 19:36:56.078713+00:00,28.101934438193325
2025-06-16 19:36:56.521817+00:00,28.231044345930016
2025-06-16 19:37:00.999747+00:00,28.225327606753517
2025-06-16 19:37:01.493562+00:00,28.260538215599006
2025-06-16 19:37:02.019285+00:00,28.35428109971698
2025-06-16 19:37:02.535111+00:00,28.43056830540935
2025-06-16 19:37:03.128259+00:00,28.3601494063988
2025-06-16 19:37:03.617875+00:00,28.266406615354832
2025-06-16 19:37:08.660204+00:00,28.219307281890643
2025-06-16 19:37:09.036952+00:00,28.166489997970157
2025-06-16 19:37:18.838274+00:00,27.64382516089693
2025-06-16 19:37:25.113426+00:00,28.207114145063315
2025-06-16 19:37:27.077125+00:00,28.201397465347895
2025-06-16 19:37:27.413915+00:00,28.166185046566522
2025-06-16 19:37:27.743658+00:00,28.242781369909327
2025-06-16 19:37:29.633237+00:00,28.143015389170632
2025-06-16 19:37:30.961125+00:00,28.213438734848435
2025-06-16 19:37:31.568597+00:00,28.348111995941156
2025-06-16 19:37:32.344215+00:00,28.377604214018678
2025-06-16 19:37:33.385544+00:00,27.925867661385084
2025-06-16 19:37:34.840966+00:00,27.9959866062706
2025-06-16 19:37:35.674828+00:00,28.12510343561755
2025-06-16 19:37:35.957081+00:00,28.160163715999424
2025-06-16 19:37:36.159375+00:00,28.189660032482664
2025-06-16 19:37:36.603724+00:00,28.207114145063315
2025-06-16 19:37:37.179503+00:00,28.207266166757307
2025-06-16 19:37:37.621325+00:00,28.04324651409221
2025-06-16 19:37:37.915580+00:00,27.89003064946813
2025-06-16 19:37:38.355962+00:00,27.819910390546653
2025-06-16 19:37:38.633959+00:00,27.80801506598926
2025-06-16 19:37:38.949038+00:00,27.76692870813941
2025-06-16 19:37:39.284465+00:00,27.702521238994148
2025-06-16 19:37:39.583348+00:00,27.661117539995224
2025-06-16 19:37:40.997049+00:00,27.784380338106764
2025-06-16 19:37:41.758505+00:00,27.74947738035786
2025-06-16 19:37:44.992297+00:00,28.14857870196694
2025-06-16 19:37:45.468273+00:00,28.183486709502326
2025-06-16 19:37:45.905901+00:00,28.160011146165136
2025-06-16 19:37:50.333632+00:00,28.406496568493626
2025-06-16 19:37:54.999939+00:00,28.177770202016145
2025-06-16 19:37:59.178059+00:00,28.106884161615383
2025-06-16 19:37:59.636185+00:00,27.966022028389222
2025-06-16 19:38:03.025787+00:00,27.906705742457618
2025-06-16 19:38:03.451037+00:00,27.807075301386387
2025-06-16 19:38:03.959210+00:00,27.77185603462284
2025-06-16 19:38:04.875626+00:00,27.836580733368717
2025-06-16 19:38:05.241706+00:00,28.036299803363274
2025-06-16 19:38:05.767753+00:00,28.19492006508866
2025-06-16 19:38:06.539197+00:00,28.000929260046057
2025-06-16 19:38:07.174055+00:00,27.989499451249046
2025-06-16 19:38:07.583948+00:00,28.13020768485793
2025-06-16 19:38:08.250786+00:00,27.90114716256681
2025-06-16 19:38:08.608328+00:00,28.08927671047829
2025-06-16 19:38:09.111968+00:00,28.288671420235154
2025-06-16 19:38:09.966757+00:00,28.465180969668175
2025-06-16 19:38:10.391565+00:00,28.4766198114266
2025-06-16 19:38:11.526177+00:00,28.488356800038012
2025-06-16 19:38:11.941821+00:00,28.453444169560704
2025-06-16 19:38:12.525039+00:00,28.465180969668175
2025-06-16 19:38:13.154805+00:00,28.547337448636334
2025-06-16 19:38:13.572932+00:00,28.553205693443157
2025-06-16 19:38:13.964526+00:00,28.570958236236315
2025-06-16 19:38:14.272519+00:00,28.35969861258092
2025-06-16 19:38:14.765097+00:00,28.01930858277839
2025-06-16 19:38:15.475721+00:00,28.054369127993667
2025-06-16 19:38:15.850438+00:00,28.10132153670707
2025-06-16 19:38:16.315276+00:00,28.095759127332666
2025-06-16 19:38:16.924906+00:00,28.236609523572245
2025-06-16 19:38:17.383880+00:00,28.38332255184454
2025-06-16 19:38:17.989270+00:00,28.348111995941156
2025-06-16 19:38:18.549841+00:00,28.248498336925426
2025-06-16 19:38:19.033666+00:00,28.248498336925426
2025-06-16 19:38:19.315267+00:00,28.3246380916961
2025-06-16 19:38:23.607252+00:00,28.630080687529784
2025-06-16 19:38:25.241448+00:00,28.53047423906135
2025-06-16 19:38:30.098069+00:00,28.671741999339673
2025-06-16 19:38:31.775074+00:00,28.466373286004103
2025-06-16 19:38:32.125308+00:00,28.266709218335812
2025-06-16 19:38:32.481073+00:00,28.208026113456945
2025-06-16 19:38:33.075700+00:00,28.149494635825683
2025-06-16 19:38:37.976719+00:00,28.460505428226373
2025-06-16 19:38:38.226328+00:00,28.489844616973976
2025-06-16 19:38:38.473067+00:00,28.513167323177314
2025-06-16 19:38:38.856274+00:00,28.542654525831168
2025-06-16 19:39:00.389786+00:00,27.509460337975483
2025-06-16 19:39:26.234527+00:00,28.407544584197936
2025-06-16 19:39:33.588255+00:00,28.455233997067527
2025-06-16 19:39:33.890360+00:00,28.484423135530772
2025-06-16 19:39:34.240362+00:00,28.425895851081865
2025-06-16 19:39:34.558580+00:00,28.337879911146462
2025-06-16 19:39:34.909430+00:00,28.26716304192434
2025-06-16 19:39:35.329170+00:00,28.267314294885082
2025-06-16 19:39:35.582164+00:00,28.279201366207506
2025-06-16 19:39:35.880458+00:00,28.26159760746862
2025-06-16 19:39:36.096152+00:00,28.314709990688904
2025-06-16 19:39:36.597541+00:00,28.408592071499953
2025-06-16 19:39:36.997154+00:00,28.479001949969128
2025-06-16 19:39:37.347537+00:00,28.42604526907731
2025-06-16 19:39:37.735531+00:00,28.397006683806374
2025-06-16 19:39:38.412827+00:00,28.37368658254338
2025-06-16 19:39:38.760272+00:00,28.449664675829794
2025-06-16 19:39:41.466539+00:00,28.49103409412316
2025-06-16 19:39:42.587269+00:00,28.36766904458279
2025-06-16 19:39:44.049694+00:00,28.61453911195319
2025-06-16 19:39:44.682559+00:00,28.661180872191665
2025-06-16 19:39:45.435728+00:00,28.643726761946365
2025-06-16 19:39:47.035068+00:00,28.538120076249196
2025-06-16 19:39:48.147116+00:00,28.52066693613965
2025-06-16 19:39:49.120492+00:00,28.379853866746007
2025-06-16 19:39:50.164297+00:00,28.162603366601438
2025-06-16 19:39:51.186487+00:00,28.238883517242474
2025-06-16 19:39:51.845687+00:00,28.321029479501952
2025-06-16 19:39:52.405536+00:00,28.444244743463607
2025-06-16 19:39:59.794197+00:00,28.32118005248935
2025-06-16 19:40:01.030175+00:00,28.4446921989118
2025-06-16 19:40:04.239002+00:00,28.286126248557593
2025-06-16 19:40:07.054956+00:00,28.06917813283862
2025-06-16 19:40:14.738121+00:00,28.497644101549362
2025-06-16 19:40:16.871877+00:00,28.057442657523886
2025-06-16 19:40:17.504377+00:00,28.1513253387691
2025-06-16 19:40:19.346744+00:00,28.61453911195319
2025-06-16 19:40:20.407405+00:00,28.58579442791241
2025-06-16 19:40:25.248365+00:00,28.40933995320468
2025-06-16 19:40:27.358293+00:00,28.24535687088713
2025-06-16 19:40:29.389139+00:00,28.06917813283862
2025-06-16 19:40:32.962992+00:00,28.70899317963454
2025-06-16 19:40:40.971323+00:00,28.45041020695111
2025-06-16 19:40:43.888019+00:00,28.749912821623955
2025-06-16 19:40:45.128269+00:00,28.70312667251874
2025-06-16 19:40:46.863873+00:00,28.386020829155818
2025-06-16 19:40:47.737222+00:00,27.975602205636665
2025-06-16 19:40:48.389281+00:00,27.916458643946232
2025-06-16 19:40:49.798210+00:00,28.12198727619245
2025-06-16 19:40:51.083883+00:00,28.222039021909367
2025-06-16 19:40:51.718240+00:00,28.3568349065091
2025-06-16 19:40:52.277898+00:00,28.427240224830914
2025-06-16 19:40:52.853105+00:00,28.362552000935267
2025-06-16 19:40:53.196444+00:00,28.520963482895837
2025-06-16 19:40:54.328354+00:00,28.48605887156705
2025-06-16 19:40:55.070004+00:00,28.268826231352104
2025-06-16 19:40:55.904583+00:00,27.494572755535174
2025-06-16 19:40:59.243561+00:00,28.280560851517787
2025-06-16 19:41:07.360299+00:00,27.98085218649278
2025-06-16 19:41:09.154061+00:00,27.916148239076723
2025-06-16 19:41:13.629522+00:00,27.904411840093065
2025-06-16 19:41:19.982131+00:00,28.356534620410418
2025-06-16 19:41:38.897768+00:00,28.34404841629251
2025-06-16 19:41:55.689978+00:00,28.538120076249196
2025-06-16 19:41:57.136826+00:00,28.52683043466122
2025-06-16 19:41:57.419718+00:00,28.508932733950207
2025-06-16 19:41:57.995389+00:00,28.497198491713487
2025-06-16 19:41:58.324488+00:00,28.491777166884063
2025-06-16 19:41:58.894031+00:00,28.526682233830492
2025-06-16 19:41:59.772360+00:00,28.62070030136206
2025-06-16 19:42:03.287749+00:00,28.855508185077237
2025-06-16 19:42:05.281441+00:00,28.515096521119084
2025-06-16 19:42:08.561586+00:00,28.592103392249015
2025-06-16 19:42:13.068877+00:00,28.421223771145762
2025-06-16 19:42:14.882466+00:00,28.667780851999503
2025-06-16 19:42:21.741969+00:00,28.244599694134052
2025-06-16 19:42:26.351347+00:00,28.485612891138853
2025-06-16 19:42:27.335462+00:00,28.450112026853063
2025-06-16 19:42:27.828661+00:00,28.303276153238496
2025-06-16 19:42:31.461996+00:00,28.150715277013507
2025-06-16 19:42:33.593048+00:00,28.226996561163332
2025-06-16 19:42:41.071310+00:00,28.39745581579253
2025-06-16 19:43:17.642250+00:00,28.5098230506941
2025-06-16 19:43:18.701651+00:00,28.480489384720308
2025-06-16 19:43:19.493314+00:00,28.53915646640665
2025-06-16 19:43:20.458755+00:00,28.322384248161043
2025-06-16 19:43:21.208755+00:00,28.42152255813462
2025-06-16 19:43:21.920354+00:00,28.316216230439416
2025-06-16 19:43:23.239329+00:00,28.504401551787996
2025-06-16 19:43:23.856354+00:00,28.457320166565793
2025-06-16 19:43:26.003479+00:00,28.310650439789068
2025-06-16 19:43:26.538847+00:00,28.416253273697862
2025-06-16 19:43:27.124643+00:00,28.580812933366634
2025-06-16 19:43:29.287743+00:00,28.38105268942134
2025-06-16 19:43:29.848542+00:00,28.26973287558343
2025-06-16 19:43:30.766997+00:00,28.263865953478142
2025-06-16 19:43:31.803040+00:00,28.351568443016088
2025-06-16 19:43:33.101282+00:00,28.299067335963404
2025-06-16 19:43:36.349740+00:00,28.34615214855815
2025-06-16 19:43:37.115514+00:00,28.281466689764713
2025-06-16 19:43:37.509460+00:00,28.1287712899121
2025-06-16 19:43:38.417300+00:00,28.07009854435486
2025-06-16 19:43:39.034458+00:00,28.1287712899121
2025-06-16 19:43:39.348109+00:00,28.281164786819527
2025-06-16 19:43:39.817839+00:00,28.363602267940056
2025-06-16 19:43:40.074263+00:00,28.334118016493044
2025-06-16 19:43:40.541282+00:00,28.3460019520636
2025-06-16 19:43:41.284244+00:00,28.252283350362507
2025-06-16 19:43:41.969842+00:00,28.339834600418875
2025-06-16 19:43:42.955840+00:00,28.392486885231516
2025-06-16 19:43:43.642394+00:00,28.398353788603917
2025-06-16 19:43:44.834777+00:00,28.515689753857508
2025-06-16 19:43:45.624726+00:00,28.597822547048036
2025-06-16 19:43:46.906855+00:00,28.668220522438375
2025-06-16 19:43:48.233194+00:00,28.504104753059373
2025-06-16 19:43:49.081128+00:00,28.333817300932793
2025-06-16 19:43:49.651062+00:00,28.281013819170518
2025-06-16 19:43:50.322135+00:00,28.269279601997287
2025-06-16 19:43:51.166449+00:00,28.41008756531736
2025-06-16 19:43:52.078524+00:00,28.603689100054705
2025-06-16 19:43:52.870374+00:00,28.75621596456026
2025-06-16 19:43:53.956114+00:00,28.821178859881663
2025-06-16 19:43:54.524746+00:00,28.680246169304937
2025-06-16 19:43:55.202318+00:00,28.732313279031004
2025-06-16 19:43:55.929172+00:00,28.726446744811085
2025-06-16 19:43:56.933302+00:00,28.632874765996174
2025-06-16 19:43:58.142851+00:00,28.462293414617015
2025-06-16 19:43:59.266109+00:00,28.397605504887093
2025-06-16 19:44:00.322001+00:00,28.3330653233116
2025-06-16 19:44:01.057596+00:00,28.280409840731632
2025-06-16 19:44:02.341209+00:00,28.045553433800016
2025-06-16 19:44:03.217582+00:00,28.06315689334541
2025-06-16 19:44:03.875441+00:00,28.057442657523886
2025-06-16 19:44:04.809750+00:00,28.116425405862508
2025-06-16 19:44:05.767223+00:00,28.198265718300885
2025-06-16 19:44:06.391096+00:00,28.239338024794645
2025-06-16 19:44:07.400030+00:00,28.163060493720224
2025-06-16 19:44:07.888292+00:00,28.121834441076633
2025-06-16 19:44:08.472445+00:00,28.10407823446271
2025-06-16 19:44:09.321899+00:00,27.939930784336926
2025-06-16 19:44:10.301218+00:00,28.14515260262771
2025-06-16 19:44:11.270305+00:00,28.18051098764875
2025-06-16 19:44:11.858175+00:00,27.951821577646
2025-06-16 19:44:12.349591+00:00,28.397755183197916
2025-06-16 19:44:12.858652+00:00,28.508932733950207
2025-06-16 19:44:13.376667+00:00,28.608672176053485
2025-06-16 19:44:13.942993+00:00,28.538416241638068
2025-06-16 19:44:14.470789+00:00,28.3157644717476
2025-06-16 19:44:15.087382+00:00,28.133722531257202
2025-06-16 19:44:15.466895+00:00,28.092495792355912
2025-06-16 19:44:15.858642+00:00,28.251375561850832
2025-06-16 19:44:16.232863+00:00,28.392037745870425
2025-06-16 19:44:16.776107+00:00,28.391888011182548
2025-06-16 19:44:17.246079+00:00,28.485761562064898
2025-06-16 19:44:18.042007+00:00,28.397755183197916
2025-06-16 19:44:18.472770+00:00,28.456873308171723
2025-06-16 19:44:18.896711+00:00,28.53284549930732
2025-06-16 19:44:19.315586+00:00,28.662354079546652
2025-06-16 19:44:19.633172+00:00,28.69110101947874
2025-06-16 19:44:19.917215+00:00,28.679806966459658
2025-06-16 19:44:20.217687+00:00,28.67936766657292
2025-06-16 19:44:20.519740+00:00,28.650034109109527
2025-06-16 19:44:20.828560+00:00,28.608966708183534
2025-06-16 19:44:21.120805+00:00,28.673500975102968
2025-06-16 19:44:21.479154+00:00,28.70283433233911
2025-06-16 19:44:21.680748+00:00,28.744046317437437
2025-06-16 19:44:21.991951+00:00,28.773233368546844
2025-06-16 19:44:22.257307+00:00,28.773087988053064
2025-06-16 19:44:22.531693+00:00,28.78496640108905
2025-06-16 19:44:23.350093+00:00,28.867096507611883
2025-06-16 19:44:23.632427+00:00,28.884983738037235
2025-06-16 19:44:23.953580+00:00,28.878829219790482
2025-06-16 19:44:24.425801+00:00,28.86151885081733
2025-06-16 19:44:24.711911+00:00,28.779245192389514
2025-06-16 19:44:25.047517+00:00,28.761791293185983
2025-06-16 19:44:25.221663+00:00,28.78511163650922
2025-06-16 19:44:25.467192+00:00,28.80285593200413
2025-06-16 19:44:25.890551+00:00,28.78511163650922
2025-06-16 19:44:26.340181+00:00,28.72087211630463
2025-06-16 19:44:26.823719+00:00,28.579632550038372
2025-06-16 19:44:27.368731+00:00,28.49749557572066
2025-06-16 19:44:27.669959+00:00,28.533289803285037
2025-06-16 19:44:27.946211+00:00,28.574356234916877
2025-06-16 19:44:28.303901+00:00,28.614833509778478
2025-06-16 19:44:28.582215+00:00,28.69726015539203
2025-06-16 19:44:28.913770+00:00,28.726884400780868
2025-06-16 19:44:29.280954+00:00,28.755924876168333
2025-06-16 19:44:29.824900+00:00,28.81444370694075
2025-06-16 19:44:30.083889+00:00,28.844209154331008
2025-06-16 19:44:30.457012+00:00,28.843920080287884
2025-06-16 19:44:30.841635+00:00,28.838053803422927
2025-06-16 19:44:31.307916+00:00,28.84978634714194
2025-06-16 19:44:31.716514+00:00,28.873539717065444
2025-06-16 19:44:32.189881+00:00,28.855941409456136
2025-06-16 19:44:32.582243+00:00,28.808867214210576
2025-06-16 19:44:33.123962+00:00,28.779681035395683
2025-06-16 19:44:33.820569+00:00,28.732604926164232
2025-06-16 19:44:34.333444+00:00,28.720726163833426
2025-06-16 19:44:34.702302+00:00,28.756361492583192
2025-06-16 19:44:34.921801+00:00,28.744483369079852
2025-06-16 19:44:35.146469+00:00,28.685673446469544
2025-06-16 19:44:35.391948+00:00,28.620994521752365
2025-06-16 19:44:35.556727+00:00,28.550446063035988
2025-06-16 19:44:35.965913+00:00,28.515393159054632
2025-06-16 19:44:36.382802+00:00,28.491777166884063
2025-06-16 19:44:36.724949+00:00,28.4446921989118
2025-06-16 19:44:36.993485+00:00,28.27499566999057
2025-06-16 19:44:37.257423+00:00,28.16336519120847
2025-06-16 19:44:37.558247+00:00,28.1400479798704
2025-06-16 19:44:37.902279+00:00,28.228209526561823
2025-06-16 19:44:38.255869+00:00,28.35713514947207
2025-06-16 19:44:38.600179+00:00,28.515689753857508
2025-06-16 19:44:38.897311+00:00,28.597822547048036
2025-06-16 19:44:39.307929+00:00,28.574208614455802
2025-06-16 19:44:39.482167+00:00,28.40993806446217
2025-06-16 19:44:39.783689+00:00,28.386769730562428
2025-06-16 19:44:40.074889+00:00,28.433554998618874
2025-06-16 19:44:40.360779+00:00,28.48019198403681
2025-06-16 19:44:40.668732+00:00,28.533289803285037
2025-06-16 19:44:40.985648+00:00,28.591218781198403
2025-06-16 19:44:41.212501+00:00,28.632874765996174
2025-06-16 19:44:41.595193+00:00,28.691393628254417
2025-06-16 19:44:41.984150+00:00,28.71544369052364
2025-06-16 19:44:42.348752+00:00,28.767803115486778
2025-06-16 19:44:46.133057+00:00,28.556904206849133
2025-06-16 19:44:46.524527+00:00,28.445288655206927
2025-06-16 19:44:47.176885+00:00,28.392636576784376
2025-06-16 19:44:47.600177+00:00,28.41038653467676
2025-06-16 19:44:47.972661+00:00,28.36330224557242
2025-06-16 19:44:48.340556+00:00,28.351718593916104
2025-06-16 19:44:48.846169+00:00,28.310349186920725
2025-06-16 19:44:49.185448+00:00,28.33351654223643
2025-06-16 19:44:49.464309+00:00,28.310650439789068
2025-06-16 19:44:49.958015+00:00,28.322233761446395
2025-06-16 19:44:50.315289+00:00,28.34540105824571
2025-06-16 19:44:50.576459+00:00,28.322083263947658
2025-06-16 19:44:50.895499+00:00,28.29289882962117
2025-06-16 19:44:51.135962+00:00,28.275297750403375
2025-06-16 19:44:51.383142+00:00,28.275146715589127
2025-06-16 19:44:51.738644+00:00,28.251678201159073
2025-06-16 19:44:52.148397+00:00,28.233925194465
2025-06-16 19:44:52.680994+00:00,28.134333226500917
2025-06-16 19:44:53.206527+00:00,28.075965863955552
2025-06-16 19:44:53.541017+00:00,28.09326153938309
2025-06-16 19:44:53.818769+00:00,28.216323411936727
2025-06-16 19:44:54.116866+00:00,28.322083263947658
2025-06-16 19:44:54.551535+00:00,28.427986721710095
2025-06-16 19:44:55.072330+00:00,28.621435771467837
2025-06-16 19:44:55.481179+00:00,28.668367057686453
2025-06-16 19:44:57.195828+00:00,28.480489384720308
2025-06-16 19:45:10.123716+00:00,28.755924876168333
2025-06-16 19:45:15.015245+00:00,28.67995337819047
2025-06-16 19:45:15.577818+00:00,28.762373158255635
2025-06-16 19:45:18.551290+00:00,28.416253273697862
2025-06-16 19:45:18.981822+00:00,28.43325652340231
2025-06-16 19:45:19.479565+00:00,28.503807911197892
2025-06-16 19:45:20.440768+00:00,28.68581979105084
2025-06-16 19:45:20.924171+00:00,28.785692470371046
2025-06-16 19:45:21.548555+00:00,28.820744523955362
2025-06-16 19:45:22.762036+00:00,28.80314594606391
2025-06-16 19:45:23.472814+00:00,28.69197871641781
2025-06-16 19:45:25.723598+00:00,28.639035078876482
2025-06-16 19:45:26.183666+00:00,28.639181939095113
2025-06-16 19:45:26.980141+00:00,28.550889762618525
2025-06-16 19:45:28.198689+00:00,28.480638068887064
2025-06-16 19:45:28.799768+00:00,28.422418660294525
2025-06-16 19:45:29.401782+00:00,28.369319081249227
2025-06-16 19:45:29.857255+00:00,28.492519970062872
2025-06-16 19:45:30.223728+00:00,28.42768815530917
2025-06-16 19:45:30.631483+00:00,28.457618018244666
2025-06-16 19:45:31.248929+00:00,28.597969888113223
2025-06-16 19:45:31.809313+00:00,28.668660095835314
2025-06-16 19:45:32.767887+00:00,28.75078642498819
2025-06-16 19:45:33.144039+00:00,28.79199394664865
2025-06-16 19:45:33.613790+00:00,28.80930198534809
2025-06-16 19:45:34.015906+00:00,28.79785990073006
2025-06-16 19:45:34.590736+00:00,28.66895309085447
2025-06-16 19:45:34.995552+00:00,28.43430099794815
2025-06-16 19:45:36.025123+00:00,28.322685189238108
2025-06-16 19:45:36.552946+00:00,28.281466689764713
2025-06-16 19:45:37.152204+00:00,28.375335761808874
2025-06-16 19:45:38.002730+00:00,28.492668498348824
2025-06-16 19:45:38.481012+00:00,28.375485622493635
2025-06-16 19:45:39.803492+00:00,28.38135228725212
2025-06-16 19:45:40.389563+00:00,28.31696894591021
2025-06-16 19:45:42.069084+00:00,28.48138132797099
2025-06-16 19:45:44.177153+00:00,28.50529168917697
2025-06-16 19:45:48.506258+00:00,28.46979735118025
2025-06-16 19:45:51.424726+00:00,28.381951353508203
2025-06-16 19:45:53.847311+00:00,28.558086307785477
2025-06-16 19:45:56.422103+00:00,28.434897603307885
2025-06-16 19:45:59.229001+00:00,28.927769422841553
2025-06-16 19:46:01.589254+00:00,28.9219040918096
2025-06-16 19:46:07.546041+00:00,28.693440682064445
2025-06-16 19:46:13.535222+00:00,28.881422470388298
2025-06-16 19:46:21.749405+00:00,28.37126744230126
2025-06-16 19:46:24.489279+00:00,28.611762612268365
2025-06-16 19:46:24.781714+00:00,28.60604418872775
2025-06-16 19:46:25.168053+00:00,28.54122766161427
2025-06-16 19:46:26.262151+00:00,28.559120080000504
2025-06-16 19:46:27.406544+00:00,28.506329692162396
2025-06-16 19:46:28.301310+00:00,28.67056379251745
2025-06-16 19:46:29.201794+00:00,28.723351658642766
2025-06-16 19:46:39.038835+00:00,28.816905352150975
2025-06-16 19:46:39.682681+00:00,28.576126839385832
2025-06-16 19:46:41.572026+00:00,28.7283425531737
2025-06-16 19:46:42.506098+00:00,28.669831817133954
2025-06-16 19:46:43.627104+00:00,28.693294534020122
2025-06-16 19:46:44.662289+00:00,28.72863405426665
2025-06-16 19:46:45.997804+00:00,28.77555799010451
2025-06-16 19:46:48.604070+00:00,28.493707894419238
2025-06-16 19:46:50.510726+00:00,28.646515625363076
2025-06-16 19:46:51.688962+00:00,28.670271034711227
2025-06-16 19:46:52.614481+00:00,28.84623146509492
2025-06-16 19:46:53.350694+00:00,28.928486680303283
2025-06-16 19:46:54.135205+00:00,28.95180340019169
2025-06-16 19:46:54.646315+00:00,28.986993324701707
2025-06-16 19:46:55.588359+00:00,28.928486680303283
2025-06-16 19:46:56.225044+00:00,28.863827012774248
2025-06-16 19:46:57.924365+00:00,28.946224823991223
2025-06-16 19:47:00.285252+00:00,28.92276517125883
2025-06-16 19:47:01.307145+00:00,28.92276517125883
2025-06-16 19:47:02.079107+00:00,28.67056379251745
2025-06-16 19:47:03.011523+00:00,28.799599367629614
2025-06-16 19:47:03.954975+00:00,28.858538718020323
2025-06-16 19:47:04.848621+00:00,28.964677329960683
2025-06-16 19:47:05.959377+00:00,28.905457669712433
2025-06-16 19:47:06.700803+00:00,28.94093295748772
2025-06-16 19:47:07.529984+00:00,28.87026851598139
2025-06-16 19:47:08.196515+00:00,28.764408327470722
2025-06-16 19:47:08.869810+00:00,28.600767319629476
2025-06-16 19:47:09.235292+00:00,28.618069039229486
2025-06-16 19:47:09.733506+00:00,28.81147438549951
2025-06-16 19:47:10.426217+00:00,28.788304087940677
2025-06-16 19:47:10.944427+00:00,28.682879348510895
2025-06-16 19:47:11.454110+00:00,28.62437495623087
2025-06-16 19:47:11.913164+00:00,28.635958429291293
2025-06-16 19:47:12.611153+00:00,28.647688719131494
2025-06-16 19:47:13.241414+00:00,28.682879348510895
2025-06-16 19:47:13.701250+00:00,28.635958429291293
2025-06-16 19:47:14.337303+00:00,28.635958429291293
2025-06-16 19:47:14.826160+00:00,28.624228099427555
2025-06-16 19:47:15.541283+00:00,28.459999278864064
2025-06-16 19:47:16.400820+00:00,28.612350727651215
2025-06-16 19:47:17.004988+00:00,28.77671926582042
2025-06-16 19:47:17.785262+00:00,29.01745706762407
2025-06-16 19:47:18.853983+00:00,29.040914468666685
2025-06-16 19:47:20.089201+00:00,29.02317915263256
2025-06-16 19:47:20.603267+00:00,28.647981884748702
2025-06-16 19:47:20.996701+00:00,28.594902099665248
2025-06-16 19:47:21.258373+00:00,28.595049292228037
2025-06-16 19:47:21.593394+00:00,28.583318956587313
2025-06-16 19:47:21.819521+00:00,28.62437495623087
2025-06-16 19:47:22.182016+00:00,28.63639856444705
2025-06-16 19:47:22.469233+00:00,28.68346402502296
2025-06-16 19:47:22.804047+00:00,28.683317872068407
2025-06-16 19:47:23.230939+00:00,28.554140594239247
2025-06-16 19:47:23.581653+00:00,28.566018402391137
2025-06-16 19:47:23.958193+00:00,28.659418968948163
2025-06-16 19:47:24.283212+00:00,28.753695632876568
2025-06-16 19:47:24.564412+00:00,28.812342666311487
2025-06-16 19:47:24.784424+00:00,28.83594560669868
2025-06-16 19:47:24.973052+00:00,28.847386122468162
2025-06-16 19:47:25.227454+00:00,28.8124873420442
2025-06-16 19:47:25.614208+00:00,28.765279895931723
2025-06-16 19:47:26.147099+00:00,28.765279895931723
2025-06-16 19:47:26.472946+00:00,28.68346402502296
2025-06-16 19:47:26.798136+00:00,28.68346402502296
2025-06-16 19:47:27.194412+00:00,28.671734392447185
2025-06-16 19:47:27.531450+00:00,28.624815461945268
2025-06-16 19:47:28.044166+00:00,28.619244301476133
2025-06-16 19:47:28.518692+00:00,28.65413986854625
2025-06-16 19:47:29.038386+00:00,28.695193617578852
2025-06-16 19:47:29.389769+00:00,28.783164286114264
2025-06-16 19:47:29.955543+00:00,28.92977706452127
2025-06-16 19:47:30.347666+00:00,28.965249028668797
2025-06-16 19:47:30.743192+00:00,28.965249028668797
2025-06-16 19:47:31.125839+00:00,28.94765640834328
2025-06-16 19:47:31.620389+00:00,28.87113270353127
2025-06-16 19:47:32.011456+00:00,28.84781894108777
2025-06-16 19:47:32.520103+00:00,28.877428931453995
2025-06-16 19:47:32.869877+00:00,28.84767467899609
2025-06-16 19:47:33.576808+00:00,28.824505544927067
2025-06-16 19:47:34.026570+00:00,28.824216494381382
2025-06-16 19:47:34.296868+00:00,28.818351923215275
2025-06-16 19:47:34.793901+00:00,28.871420679796554
2025-06-16 19:47:35.070828+00:00,28.9244861657895
2025-06-16 19:47:35.379178+00:00,28.95352062512297
2025-06-16 19:47:35.671806+00:00,28.941649004499894
2025-06-16 19:47:36.408495+00:00,28.783599255789035
2025-06-16 19:47:41.395288+00:00,28.77758976976867
2025-06-16 19:47:41.745649+00:00,28.777879851496564
2025-06-16 19:47:43.683474+00:00,28.725245676737202
2025-06-16 19:47:43.992535+00:00,28.7604318997387
2025-06-16 19:47:46.778075+00:00,28.285086160421496
2025-06-16 19:47:47.203013+00:00,28.015272460014916
2025-06-16 19:47:47.552975+00:00,28.114683403887778
2025-06-16 19:47:48.018954+00:00,28.372764941433207
2025-06-16 19:47:48.422225+00:00,28.537284171948226
2025-06-16 19:47:48.856832+00:00,28.513676604119524
2025-06-16 19:47:49.365874+00:00,28.501946659878506
2025-06-16 19:47:49.742303+00:00,28.43171516227347
2025-06-16 19:47:50.014553+00:00,28.3846450164752
2025-06-16 19:47:50.302260+00:00,28.361184207577857
2025-06-16 19:47:50.830897+00:00,28.42585012225082
2025-06-16 19:47:51.296120+00:00,28.478635122300357
2025-06-16 19:47:51.797527+00:00,28.636838602560037
2025-06-16 19:47:53.680328+00:00,28.58449718335263
2025-06-16 19:47:53.919062+00:00,28.572473121531225
2025-06-16 19:47:54.227547+00:00,28.513972729378395
2025-06-16 19:47:54.820147+00:00,28.58405542918644
2025-06-16 19:47:56.993398+00:00,28.437878042064824
2025-06-16 19:47:57.312065+00:00,28.361633617649282
2025-06-16 19:47:57.586836+00:00,28.3204279646028
2025-06-16 19:47:57.846508+00:00,28.41426921110645
2025-06-16 19:47:58.363933+00:00,28.46690519231935
2025-06-16 19:47:58.639000+00:00,28.61953800921168
2025-06-16 19:47:58.939752+00:00,28.648861122820946
2025-06-16 19:47:59.460125+00:00,28.73682896304008
2025-06-16 19:48:02.232014+00:00,28.590656133512923
2025-06-16 19:48:02.821494+00:00,28.525998178486045
2025-06-16 19:48:03.335468+00:00,28.843108722823313
2025-06-16 19:48:03.872904+00:00,28.942794119103475
2025-06-16 19:48:04.389194+00:00,29.066497570695645
2025-06-16 19:48:04.960037+00:00,29.124847937438847
2025-06-16 19:48:05.368383+00:00,29.083945928134945
2025-06-16 19:48:05.745072+00:00,29.095955163926348
2025-06-16 19:48:06.126896+00:00,29.118702472247616
2025-06-16 19:48:06.839185+00:00,29.18892301080122
2025-06-16 19:48:07.319302+00:00,29.21237656606328
2025-06-16 19:48:07.735003+00:00,29.22410328367544
2025-06-16 19:48:08.452168+00:00,29.22424316287416
2025-06-16 19:48:08.844257+00:00,29.259283196436453
2025-06-16 19:48:09.209973+00:00,29.283153863008305
2025-06-16 19:48:09.563505+00:00,29.271288427587475
2025-06-16 19:48:10.168005+00:00,29.13671540615698
2025-06-16 19:48:10.585754+00:00,29.060634282475885
2025-06-16 19:48:11.944346+00:00,29.077799541764477
2025-06-16 19:48:12.401346+00:00,29.130711249899324
2025-06-16 19:48:12.809396+00:00,29.17719617315132
2025-06-16 19:48:13.304283+00:00,29.16518816217436
2025-06-16 19:48:13.546841+00:00,29.024743642557944
2025-06-16 19:48:13.855423+00:00,28.90732434852278
2025-06-16 19:48:14.147402+00:00,28.86041237951232
2025-06-16 19:48:14.465204+00:00,28.7838891816631
2025-06-16 19:48:14.868229+00:00,28.872284349838708
2025-06-16 19:48:21.207371+00:00,29.246718708351743
2025-06-16 19:48:23.617558+00:00,29.22368358140091
2025-06-16 19:48:24.879982+00:00,28.924199441179386
2025-06-16 19:48:26.971448+00:00,28.735955768339487
2025-06-16 19:48:28.287769+00:00,28.65370037009232
2025-06-16 19:48:29.464998+00:00,28.66543046559731
2025-06-16 19:48:30.996527+00:00,29.028901351126272
2025-06-16 19:48:32.288369+00:00,29.199107472143304
2025-06-16 19:48:34.074996+00:00,29.146329921824524
2025-06-16 19:48:35.221681+00:00,29.23415218113463
2025-06-16 19:48:39.563349+00:00,29.17522921406745
2025-06-16 19:48:40.598420+00:00,29.210835706596377
2025-06-16 19:48:47.477354+00:00,29.041056536740076
2025-06-16 19:48:49.807519+00:00,28.542410252827878
2025-06-16 19:48:52.560443+00:00,28.536397213798207
2025-06-16 19:48:53.853646+00:00,28.69446341647084
2025-06-16 19:48:54.973456+00:00,28.87026851598139
2025-06-16 19:48:55.682127+00:00,28.770854346032703
2025-06-16 19:48:56.562482+00:00,28.494895128648135
2025-06-16 19:48:57.402219+00:00,28.448268348647304
2025-06-16 19:48:58.242694+00:00,28.58874231791611
2025-06-16 19:48:59.264157+00:00,28.48316404987552
2025-06-16 19:49:00.695887+00:00,28.224615790184167
2025-06-16 19:49:02.091725+00:00,28.09571011796173
2025-06-16 19:49:03.599498+00:00,27.989960137664223
2025-06-16 19:49:04.094998+00:00,28.230633386729902
2025-06-16 19:49:05.209246+00:00,28.51761656871904
2025-06-16 19:49:05.819215+00:00,28.623787464322035
2025-06-16 19:49:07.700737+00:00,28.54122766161427
2025-06-16 19:49:09.034227+00:00,28.54753672567239
2025-06-16 19:49:10.875727+00:00,28.835079002022105
2025-06-16 19:49:12.591579+00:00,28.817339436677926
2025-06-16 19:49:13.632483+00:00,28.823493679338473
2025-06-16 19:49:16.154969+00:00,28.178141952885642
2025-06-16 19:49:17.100798+00:00,28.12504171365197
2025-06-16 19:49:18.466797+00:00,28.17783795546621
2025-06-16 19:49:19.386016+00:00,28.435941247521853
2025-06-16 19:49:19.869233+00:00,28.641383548468156
2025-06-16 19:49:20.498158+00:00,28.75883381932729
2025-06-16 19:49:21.392982+00:00,28.887863137875442
2025-06-16 19:49:22.056752+00:00,28.82334908398495
2025-06-16 19:49:22.965529+00:00,28.823782837700577
2025-06-16 19:49:23.810690+00:00,28.72393462751915
2025-06-16 19:49:26.230147+00:00,29.0761002700678
2025-06-16 19:49:26.966589+00:00,29.08797032149161
2025-06-16 19:49:27.494749+00:00,28.929347033478955
2025-06-16 19:49:27.860807+00:00,28.90603222648578
2025-06-16 19:49:28.527946+00:00,28.83594560669868
2025-06-16 19:49:34.498758+00:00,28.83609000307589
2025-06-16 19:49:35.419342+00:00,28.982698851860928
2025-06-16 19:49:37.164861+00:00,29.070944549047784
2025-06-16 19:49:37.898694+00:00,28.988705715706296
2025-06-16 19:49:38.361031+00:00,28.88329320114662
2025-06-16 19:49:39.044834+00:00,28.742257058297945
2025-06-16 19:49:40.455917+00:00,28.859691956106264
2025-06-16 19:49:42.237809+00:00,28.73096451038721
2025-06-16 19:49:54.261016+00:00,28.8308032653281
2025-06-16 19:50:23.186202+00:00,28.46690519231935
2025-06-16 19:50:24.704498+00:00,28.66660117142836
2025-06-16 19:50:28.368625+00:00,28.23831477305999
2025-06-16 19:50:30.161757+00:00,28.566755774459377
2025-06-16 19:50:32.149205+00:00,28.91247089757036
2025-06-16 19:50:33.662134+00:00,29.018026349401595
2025-06-16 19:50:34.777048+00:00,28.918622033266477
2025-06-16 19:50:37.358551+00:00,28.602091060146332
2025-06-16 19:50:42.990655+00:00,29.053920125289107
2025-06-16 19:50:48.031827+00:00,28.889732435169154
2025-06-16 19:50:50.919799+00:00,28.631707362494982
2025-06-16 19:50:56.193803+00:00,29.018737709057447
2025-06-16 19:50:57.310930+00:00,29.036186913224928
2025-06-16 19:51:03.438996+00:00,28.232751999635244
2025-06-16 19:51:06.147654+00:00,28.625842931221953
2025-06-16 19:51:09.622137+00:00,28.42644631593192
2025-06-16 19:51:11.981578+00:00,28.83666748076899
2025-06-16 19:51:19.187255+00:00,28.55517385528654
2025-06-16 19:51:20.035372+00:00,28.824794552346226
2025-06-16 19:51:21.382003+00:00,28.648861122820946
2025-06-16 19:51:21.649507+00:00,28.584349942746666
2025-06-16 19:51:26.101078+00:00,28.467053786808265
2025-06-16 19:51:32.687425+00:00,29.030323105049447
2025-06-16 19:51:35.628076+00:00,29.188642414523358
2025-06-16 19:51:35.810430+00:00,29.171192245184322
2025-06-16 19:51:37.374591+00:00,29.200649808438538
2025-06-16 19:51:37.950561+00:00,29.16518816217436
2025-06-16 19:51:40.547647+00:00,28.145077770700738
2025-06-16 19:51:42.602266+00:00,28.52042940468085
2025-06-16 19:51:44.213627+00:00,28.954664579261944
2025-06-16 19:51:48.622090+00:00,28.76101269643029
2025-06-16 19:51:50.837891+00:00,28.561628469953067
2025-06-16 19:51:55.409715+00:00,28.842820226077745
2025-06-16 19:51:56.626472+00:00,28.895596416290402
2025-06-16 19:51:57.703483+00:00,28.9599566266628
2025-06-16 19:51:57.976661+00:00,28.965677689499756
2025-06-16 19:51:58.395598+00:00,28.977833811178446
2025-06-16 19:51:58.730799+00:00,28.971398865827624
2025-06-16 19:51:59.155799+00:00,28.96539192639341
2025-06-16 19:51:59.438800+00:00,28.965820554881493
2025-06-16 19:52:00.395415+00:00,28.61382026132298
2025-06-16 19:52:02.029427+00:00,28.461188873968737
2025-06-16 19:52:02.956522+00:00,28.437580192291833
2025-06-16 19:52:03.976865+00:00,28.232751999635244
2025-06-16 19:52:05.537837+00:00,28.525998178486045
2025-06-16 19:52:06.155778+00:00,28.144773269224405
2025-06-16 19:52:07.232679+00:00,28.238768349744124
2025-06-16 19:52:13.775776+00:00,28.561333526995977
2025-06-16 19:52:14.733682+00:00,28.531419312002726
2025-06-16 19:52:14.934447+00:00,28.548866196734235
2025-06-16 19:52:15.286074+00:00,28.51954156123326
2025-06-16 19:52:15.786421+00:00,28.437580192291833
2025-06-16 19:52:16.189687+00:00,28.39051019368825
2025-06-16 19:52:16.901343+00:00,28.431566154053204
2025-06-16 19:52:17.596862+00:00,28.607661710959928
2025-06-16 19:52:18.278975+00:00,28.79547293934562
2025-06-16 19:52:18.903046+00:00,28.730818937745326
2025-06-16 19:52:19.516861+00:00,28.70178799465962
2025-06-16 19:52:20.104407+00:00,28.75999618900979
2025-06-16 19:52:21.658040+00:00,28.72480875737014
2025-06-16 19:52:22.811241+00:00,28.789173850838672
2025-06-16 19:52:23.252890+00:00,28.87113270353127
2025-06-16 19:52:23.450039+00:00,28.89459056798692
2025-06-16 19:52:23.984178+00:00,28.965249028668797
2025-06-16 19:52:26.885845+00:00,28.57819058212236
2025-06-16 19:52:27.386899+00:00,28.61352644084971
2025-06-16 19:52:28.100456+00:00,28.531419312002726
2025-06-16 19:52:28.944285+00:00,28.472770162311992
2025-06-16 19:52:29.524325+00:00,28.54300128964307
2025-06-16 19:52:33.569384+00:00,28.343138384275086
2025-06-16 19:52:35.575175+00:00,28.495785101424655
2025-06-16 19:52:36.030663+00:00,28.513232335357905
2025-06-16 19:52:37.099458+00:00,28.36660011916715
2025-06-16 19:52:37.525291+00:00,28.225827308567037
2025-06-16 19:52:38.050890+00:00,28.15528653407398
2025-06-16 19:53:01.727596+00:00,28.435643117378277
2025-06-16 19:53:02.505253+00:00,28.329905040649326
2025-06-16 19:53:03.152836+00:00,28.247778024709742
2025-06-16 19:53:03.649209+00:00,28.136164276874474
2025-06-16 19:53:04.151871+00:00,28.195132885067807
2025-06-16 19:53:04.587531+00:00,28.241911734229372
2025-06-16 19:53:05.380235+00:00,28.48271851497377
2025-06-16 19:53:05.740799+00:00,28.400447548777368
2025-06-16 19:53:06.372121+00:00,28.29470798828335
2025-06-16 19:53:08.047783+00:00,28.37141724074156
2025-06-16 19:53:09.290251+00:00,28.524074619710706
2025-06-16 19:53:09.689153+00:00,28.588447723006006
2025-06-16 19:53:10.081584+00:00,28.588300409376792
2025-06-16 19:53:10.495378+00:00,28.64710225850726
2025-06-16 19:53:20.211089+00:00,28.260265948377114
2025-06-16 19:53:45.097792+00:00,28.595490805220013
2025-06-16 19:54:07.742315+00:00,28.401493636263346
2025-06-16 19:54:08.898403+00:00,28.372315804923467
2025-06-16 19:54:11.615353+00:00,28.42495550822345
2025-06-16 19:54:13.932650+00:00,28.020215779229346
2025-06-16 19:54:15.124999+00:00,28.05525905778557
2025-06-16 19:54:15.718273+00:00,28.131518103898557
2025-06-16 19:54:16.460297+00:00,28.15513431521912
2025-06-16 19:54:17.441912+00:00,28.354419466065956
2025-06-16 19:54:18.551527+00:00,28.430373700084875
2025-06-16 19:54:19.100502+00:00,28.500908941622754
2025-06-16 19:54:19.727129+00:00,28.67716052107968
2025-06-16 19:54:20.521723+00:00,28.688598289452024
2025-06-16 19:54:21.022512+00:00,28.68317170833155
2025-06-16 19:54:21.665449+00:00,28.513084224204473
2025-06-16 19:54:22.356663+00:00,28.43668638416957
2025-06-16 19:54:22.817330+00:00,28.29576261368773
2025-06-16 19:54:23.210444+00:00,28.249138710488232
2025-06-16 19:54:23.902114+00:00,28.225373070057206
2025-06-16 19:54:24.231554+00:00,28.161000218455158
2025-06-16 19:54:24.639192+00:00,28.143250114750757
2025-06-16 19:54:24.931769+00:00,28.167018196201745
2025-06-16 19:54:27.837143+00:00,28.272450478865338
2025-06-16 19:54:31.435965+00:00,28.471730169057288
2025-06-16 19:54:32.710745+00:00,28.313359774462977
2025-06-16 19:54:40.607749+00:00,27.808872121240213
2025-06-16 19:54:41.323894+00:00,27.773359321950903
2025-06-16 19:54:51.910450+00:00,28.089537713128756
2025-06-16 19:54:53.069332+00:00,27.473661342555125
2025-06-16 19:54:56.520192+00:00,28.1537638602076
2025-06-16 19:54:57.021671+00:00,28.188658898504197
2025-06-16 19:54:57.380917+00:00,28.212276832467193
2025-06-16 19:54:57.622779+00:00,28.24732426866436
2025-06-16 19:54:58.108502+00:00,28.235288448079384
2025-06-16 19:54:58.989107+00:00,28.165344673360373
2025-06-16 19:54:59.248734+00:00,28.12999252752738
2025-06-16 19:54:59.657045+00:00,28.100658966732738
2025-06-16 19:55:00.913586+00:00,28.200240241680362
2025-06-16 19:55:01.323135+00:00,28.22972476270206
2025-06-16 19:55:06.023964+00:00,28.106678573762412
2025-06-16 19:55:14.132299+00:00,28.3587857147188
2025-06-16 19:55:17.342277+00:00,28.024390537711167
2025-06-16 19:55:17.821248+00:00,28.048165009168013
2025-06-16 19:55:18.299699+00:00,28.106678573762412
2025-06-16 19:55:22.500436+00:00,28.505588315374418
2025-06-16 19:55:26.523187+00:00,28.646515625363076
2025-06-16 19:55:26.899621+00:00,28.728488309111242
2025-06-16 19:55:27.348792+00:00,28.82248128544893
2025-06-16 19:55:29.216265+00:00,28.48227288302249
2025-06-16 19:55:44.841476+00:00,28.072397874464375
2025-06-16 19:55:45.218561+00:00,28.27184686898513
2025-06-16 19:55:50.830062+00:00,28.23093617512996
2025-06-16 19:55:51.023995+00:00,28.177989959568286
2025-06-16 19:55:51.371463+00:00,28.183704154522694
2025-06-16 19:55:54.983896+00:00,28.34268817563738
2025-06-16 19:55:55.243064+00:00,28.39517968327247
2025-06-16 19:56:04.607278+00:00,28.66543046559731
2025-06-16 19:56:04.987333+00:00,28.764989416239107
2025-06-16 19:56:05.346913+00:00,28.782874252421934
2025-06-16 19:56:07.383041+00:00,28.57745377375847
2025-06-16 19:56:07.774560+00:00,28.383897127233894
2025-06-16 19:56:09.441070+00:00,28.48977160098574
2025-06-16 19:56:10.397830+00:00,28.513084224204473
2025-06-16 19:56:11.055926+00:00,28.72451742388159
2025-06-16 19:56:12.089136+00:00,28.87113270353127
2025-06-16 19:56:13.155048+00:00,28.89473429294559
2025-06-16 19:56:13.454594+00:00,28.823927400709152
2025-06-16 19:56:13.712543+00:00,28.765425119605144
2025-06-16 19:56:16.797858+00:00,28.378480571590956
2025-06-16 19:56:17.231559+00:00,28.325692227517113
2025-06-16 19:56:21.521710+00:00,28.689036643909695
2025-06-16 19:56:21.977252+00:00,28.78902891731019
2025-06-16 19:56:23.313049+00:00,28.84209879553698
2025-06-16 19:56:23.865118+00:00,28.765570332496655
2025-06-16 19:56:24.567392+00:00,28.61337951443914
2025-06-16 19:56:24.842244+00:00,28.60751471739762
2025-06-16 19:56:25.661871+00:00,28.800902948926435
2025-06-16 19:56:25.911683+00:00,28.84767467899609
2025-06-16 19:56:26.262682+00:00,28.936214400823378
2025-06-16 19:56:26.595940+00:00,28.964820270809167
2025-06-16 19:56:26.838633+00:00,29.018026349401595
2025-06-16 19:56:27.097419+00:00,29.029612362846137
2025-06-16 19:56:27.433099+00:00,29.0356186095646
2025-06-16 19:56:30.539904+00:00,28.783744224116973
2025-06-16 19:56:31.905950+00:00,28.56705064780671
2025-06-16 19:56:34.545512+00:00,28.889588707757575
2025-06-16 19:56:34.974892+00:00,28.889588707757575
2025-06-16 19:56:35.434380+00:00,28.62554942248432
2025-06-16 19:56:36.363110+00:00,28.426297283686917
2025-06-16 19:56:37.113182+00:00,28.367498633396533
2025-06-16 19:56:39.748330+00:00,28.303133363380514
2025-06-16 19:56:42.590246+00:00,28.608102626950913
2025-06-16 19:56:43.617642+00:00,28.70808985684056
2025-06-16 19:56:45.822598+00:00,28.309148787469308
2025-06-16 19:56:46.190725+00:00,28.362082930666293
2025-06-16 19:56:47.015733+00:00,28.684778916410632
2025-06-16 19:56:49.487492+00:00,28.907611368159664
2025-06-16 19:56:49.654221+00:00,28.91933899181927
2025-06-16 19:56:50.103543+00:00,28.86084450417856
2025-06-16 19:56:52.813930+00:00,28.409001164687385
2025-06-16 19:56:56.707388+00:00,28.33877359166518
2025-06-16 19:56:57.271077+00:00,28.344488427856497
2025-06-16 19:57:00.756313+00:00,28.432757917877684
2025-06-16 19:57:03.664203+00:00,28.203729164359213
2025-06-16 19:57:08.262431+00:00,28.391556315587657
2025-06-16 19:57:09.097167+00:00,28.46222920355933
2025-06-16 19:57:14.238386+00:00,28.88473098495137
2025-06-16 19:57:18.484793+00:00,28.767166962697598
2025-06-16 19:57:21.968670+00:00,28.67920692324423
2025-06-16 19:57:22.838379+00:00,28.632293981976105
2025-06-16 19:57:30.285832+00:00,28.426595337393408
2025-06-16 19:57:33.058744+00:00,27.928368345636482
2025-06-16 19:57:34.283460+00:00,28.426893347965876
2025-06-16 19:57:34.843527+00:00,28.63830469540664
2025-06-16 19:57:35.709963+00:00,28.661175704102526
2025-06-16 19:57:36.327929+00:00,28.667040008205788
2025-06-16 19:57:37.288287+00:00,28.415164178134194
2025-06-16 19:57:37.982241+00:00,28.63244060989008
2025-06-16 19:57:38.241905+00:00,28.70266315381925
2025-06-16 19:57:38.509234+00:00,28.761157868648397
2025-06-16 19:57:39.236109+00:00,28.826094552042477
2025-06-16 19:57:39.919718+00:00,28.70266315381925
2025-06-16 19:57:40.189880+00:00,28.70251732091479
2025-06-16 19:57:40.437804+00:00,28.61440777287809
2025-06-16 19:57:40.840085+00:00,28.532601856258577
2025-06-16 19:57:41.692500+00:00,28.46193202045014
2025-06-16 19:57:42.727681+00:00,28.127787018898996
2025-06-16 19:57:43.037611+00:00,28.110191718736132
2025-06-16 19:57:43.445479+00:00,28.25064955905957
2025-06-16 19:57:44.669061+00:00,28.69064311335272
2025-06-16 19:57:48.719893+00:00,28.379976428574636
2025-06-16 19:57:49.096305+00:00,28.473809627185066
2025-06-16 19:57:49.428593+00:00,28.626136396829345
2025-06-16 19:57:49.796677+00:00,28.778459885570232
2025-06-16 19:57:51.211359+00:00,29.025454343115243
2025-06-16 19:57:53.641794+00:00,29.00242794676374
2025-06-16 19:57:56.176721+00:00,28.895883704488394
2025-06-16 19:57:58.904217+00:00,28.285990057506467
2025-06-16 19:57:59.682317+00:00,28.26313390592258
2025-06-16 19:57:59.991688+00:00,28.274561754629442
2025-06-16 19:58:05.179370+00:00,28.626723198653508
2025-06-16 19:58:06.367137+00:00,28.340423078860958
2025-06-16 19:58:08.469066+00:00,28.368247098699943
2025-06-16 19:58:09.463472+00:00,28.556059087079603
2025-06-16 19:58:10.854536+00:00,28.59710885592169
2025-06-16 19:58:11.802360+00:00,28.544773364924666
2025-06-16 19:58:13.282905+00:00,28.59153881840325
2025-06-16 19:58:14.086067+00:00,28.937216657404583
2025-06-16 19:58:14.669643+00:00,29.049191343709804
2025-06-16 19:58:16.230200+00:00,28.826238942545157
2025-06-16 19:58:17.856795+00:00,28.849693367162217
2025-06-16 19:58:18.393944+00:00,28.984553203159074
2025-06-16 19:58:18.821322+00:00,29.06678083557072
2025-06-16 19:58:22.017840+00:00,29.213916121176467
2025-06-16 19:58:22.863128+00:00,29.20219084037338
2025-06-16 19:58:24.345922+00:00,29.149567215025563
2025-06-16 19:58:25.025675+00:00,28.921201822661388
2025-06-16 19:58:25.842096+00:00,29.108810431163676
2025-06-16 19:58:26.485804+00:00,29.185023503382418
2025-06-16 19:58:27.631732+00:00,29.155429883302876
2025-06-16 19:58:28.625853+00:00,29.109092562133394
2025-06-16 19:58:32.561361+00:00,28.63991615216062
2025-06-16 19:58:32.919062+00:00,28.53422672778788
2025-06-16 19:58:33.520821+00:00,28.458296262698898
2025-06-16 19:58:35.316059+00:00,28.698694830681944
2025-06-16 19:58:38.356721+00:00,29.0099977440802
2025-06-16 19:58:38.918907+00:00,29.103512304493567
2025-06-16 19:58:41.117391+00:00,28.910335903860485
2025-06-16 19:58:42.358559+00:00,28.693414851270806
2025-06-16 19:58:43.093462+00:00,28.793372233094615
2025-06-16 19:58:48.151323+00:00,28.986975374973632
2025-06-16 19:58:51.375980+00:00,28.740898739402677
2025-06-16 19:58:52.311960+00:00,28.8988976268944
2025-06-16 19:58:53.029595+00:00,28.553586131362444
2025-06-16 19:58:54.057825+00:00,28.781791733740903
2025-06-16 19:58:55.996267+00:00,28.864298008329847
2025-06-16 19:58:56.345633+00:00,28.945796762111602
2025-06-16 19:58:57.834279+00:00,29.262766873490147
2025-06-16 19:59:05.669121+00:00,28.85843578001268
2025-06-16 19:59:09.171293+00:00,29.310075416156746
2025-06-16 19:59:10.361330+00:00,29.204709715467242
2025-06-16 19:59:16.168887+00:00,29.040727132888236
2025-06-16 19:59:18.611914+00:00,29.093481621824942
2025-06-16 19:59:19.903453+00:00,29.146375796668504
2025-06-16 19:59:21.192186+00:00,29.204989374882402
2025-06-16 19:59:22.124817+00:00,29.228574071306696
2025-06-16 19:59:24.341707+00:00,28.85944235226532
2025-06-16 19:59:26.045123+00:00,28.97639076707015
2025-06-16 19:59:28.016375+00:00,29.39268377337349
2025-06-16 19:59:28.944818+00:00,29.48645722744647
2025-06-16 19:59:29.507927+00:00,29.521621612998214
2025-06-16 19:59:30.053343+00:00,29.568371248578465
2025-06-16 19:59:30.497363+00:00,29.62179216892924
2025-06-16 19:59:31.701375+00:00,29.63910329366755
2025-06-16 19:59:32.416136+00:00,29.668405002721336
2025-06-16 19:59:32.902080+00:00,29.662275556701843
2025-06-16 19:59:33.400703+00:00,29.662410124190394
2025-06-16 19:59:33.812585+00:00,29.591678526568323
2025-06-16 19:59:34.034432+00:00,29.556649852417035
2025-06-16 19:59:35.258740+00:00,29.439845045160624
2025-06-16 19:59:38.259440+00:00,29.66308279996935
2025-06-16 20:00:01.324684+00:00,29.721950536724517
2025-06-16 20:00:02.941868+00:00,29.61606696263352
2025-06-16 20:00:03.324012+00:00,29.66308279996935
2025-06-16 20:00:04.866795+00:00,29.48741306732672
2025-06-16 20:00:05.359116+00:00,29.16466128448177
2025-06-16 20:00:06.766829+00:00,29.029854670982093
2025-06-16 20:00:07.316705+00:00,29.14721854393064
2025-06-16 20:00:09.283284+00:00,29.38737367048768
2025-06-16 20:00:09.633473+00:00,29.346348789094403
2025-06-16 20:00:10+00:00,29.311045653082584
2025-06-16 20:00:10.550198+00:00,29.305046148606632
2025-06-16 20:00:11.143133+00:00,29.351795207187262
2025-06-16 20:00:12.805590+00:00,29.5218939586058
2025-06-16 20:00:18.859304+00:00,29.405093090021193
2025-06-16 20:00:26.564959+00:00,29.487140024110094
2025-06-16 20:00:29.959505+00:00,29.481279593783587
2025-06-16 20:00:36.825743+00:00,29.574909748591985
2025-06-16 20:00:37.573880+00:00,29.58104100321494
2025-06-16 20:00:38.570431+00:00,29.522302396180358
2025-06-16 20:00:39.126107+00:00,29.680662930129067
2025-06-16 20:00:40.257352+00:00,29.686388708363463
2025-06-16 20:00:42.195563+00:00,29.52243852048207
2025-06-16 20:00:48.490875+00:00,29.071165926948854
2025-06-16 20:00:49.656005+00:00,29.07688576404972
2025-06-16 20:00:49.922567+00:00,29.123633744437086
2025-06-16 20:00:52.883757+00:00,29.047013660967828
2025-06-16 20:00:53.408585+00:00,29.070600690847613
2025-06-16 20:00:53.880285+00:00,29.011986827561262
2025-06-16 20:00:54.971478+00:00,28.871453085403772
2025-06-16 20:00:55.432287+00:00,29.076320753358253
2025-06-16 20:00:58.139238+00:00,28.906479354808457
2025-06-16 20:00:58.990907+00:00,29.017706318687043
2025-06-16 20:00:59.851575+00:00,29.246296961384736
2025-06-16 20:01:09.092247+00:00,29.046872045677468
2025-06-16 20:01:12.445074+00:00,29.49817872928042
2025-06-16 20:01:13.704641+00:00,29.574503090769838
2025-06-16 20:01:17.739472+00:00,29.275463357278912
2025-06-16 20:01:21.125395+00:00,29.416127376791962
2025-06-16 20:01:23.647044+00:00,29.33448901079045
2025-06-16 20:01:25.319735+00:00,29.263741095760913
2025-06-16 20:01:26.005414+00:00,29.25229731496725
2025-06-16 20:01:29.899161+00:00,29.258158336464284
2025-06-16 20:01:32.941434+00:00,29.170241964493236
2025-06-16 20:01:49.622185+00:00,28.800679784101355
2025-06-16 20:01:49.844700+00:00,28.806686077501855
2025-06-16 20:01:50.196549+00:00,28.842000971639838
2025-06-16 20:01:50.497131+00:00,28.87717114875352
2025-06-16 20:01:51.240234+00:00,28.994686858771086
2025-06-16 20:01:51.741349+00:00,29.105909451443242
2025-06-16 20:01:52.459803+00:00,29.264158457899253
2025-06-16 20:02:11.141799+00:00,29.070035282260513
2025-06-16 20:02:12.373198+00:00,28.88832072764393
2025-06-16 20:02:13.288195+00:00,29.10520473162937
2025-06-16 20:02:19.908943+00:00,28.88817726731141
2025-06-16 20:02:20.260548+00:00,28.946653786852774
2025-06-16 20:02:21.120934+00:00,29.028720094315062
2025-06-16 20:02:21.512994+00:00,29.04058541812232
2025-06-16 20:02:21.762768+00:00,28.993406786202105
2025-06-16 20:02:22.900815+00:00,29.02285828018952
2025-06-16 20:02:25.533501+00:00,28.917343916484654
2025-06-16 20:02:26.000539+00:00,28.77650830224687
2025-06-16 20:02:26.694103+00:00,28.841137083907164
2025-06-16 20:02:27.028398+00:00,28.81168195909421
2025-06-16 20:02:27.447510+00:00,28.793950608707892
2025-06-16 20:02:27.722035+00:00,28.758776369047485
2025-06-16 20:02:28.146394+00:00,28.66512268128006
2025-06-16 20:02:29.070890+00:00,28.729609533286013
2025-06-16 20:02:29.365392+00:00,28.565458803443356
2025-06-16 20:02:30.270844+00:00,27.844275260361975
2025-06-16 20:02:31.589281+00:00,28.10212450047887
2025-06-16 20:02:32.818762+00:00,28.512694404353326
2025-06-16 20:02:33.303451+00:00,28.670693207532565
2025-06-16 20:02:34.181718+00:00,28.89932779911395
2025-06-16 20:02:34.447710+00:00,28.852285718310622
2025-06-16 20:02:35.243057+00:00,28.7706459911162
2025-06-16 20:02:35.920472+00:00,28.823117958154146
2025-06-16 20:02:36.172032+00:00,28.89932779911395
2025-06-16 20:02:37.923478+00:00,28.993264502012963
2025-06-16 20:02:38.704588+00:00,28.964096980020884
2025-06-16 20:02:40.139986+00:00,29.01671243555489
2025-06-16 20:02:42.061953+00:00,28.8640104535078
2025-06-16 20:02:42.864158+00:00,28.993264502012963
2025-06-16 20:02:43.755708+00:00,29.092634796717242
2025-06-16 20:02:44.818244+00:00,29.25090428024779
2025-06-16 20:02:45.903803+00:00,29.373997728613567
2025-06-16 20:02:46.277320+00:00,29.391719888053796
2025-06-16 20:02:47.001095+00:00,29.385996289725096
2025-06-16 20:02:48.088172+00:00,29.368412244037465
2025-06-16 20:02:49.344532+00:00,29.204010378283723
2025-06-16 20:02:49.958254+00:00,29.05732123256101
2025-06-16 20:02:59.561997+00:00,28.962955719175053
2025-06-16 20:03:03.404821+00:00,29.092634796717242
2025-06-16 20:03:03.866900+00:00,29.104076619355915
2025-06-16 20:03:05.162475+00:00,28.91662807768922
2025-06-16 20:03:06.089005+00:00,28.617636002610343
2025-06-16 20:03:07.120506+00:00,28.740753535803627
2025-06-16 20:03:07.699775+00:00,28.73474561457956
2025-06-16 20:03:09.412296+00:00,28.44159752481783
2025-06-16 20:03:12.054439+00:00,29.174420883014527
2025-06-16 20:03:14.692184+00:00,29.321105376211886
2025-06-16 20:03:16.971548+00:00,29.05160077793128
2025-06-16 20:03:17.332405+00:00,28.99855752437444
2025-06-16 20:03:17.967219+00:00,28.916484877586782
2025-06-16 20:03:18.593794+00:00,28.81667824826982
2025-06-16 20:03:18.954196+00:00,28.75819638196307
2025-06-16 20:03:19.195377+00:00,28.758051358237296
2025-06-16 20:03:19.445668+00:00,28.828259277516956
2025-06-16 20:03:19.686924+00:00,28.787509616234672
2025-06-16 20:03:19.986436+00:00,28.79308298059775
2025-06-16 20:03:20.680060+00:00,28.705286302348885
2025-06-16 20:03:21.033597+00:00,28.664100145664474
2025-06-16 20:03:21.736737+00:00,28.775639530229753
2025-06-16 20:03:22.503692+00:00,28.86357904041446
2025-06-16 20:03:23.741850+00:00,28.881023047991576
2025-06-16 20:03:25.645495+00:00,29.07448327738213
2025-06-16 20:03:26.991754+00:00,29.232481595465956
2025-06-16 20:03:27.837853+00:00,29.004135362879452
2025-06-16 20:03:29.982779+00:00,28.599606913455453
2025-06-16 20:03:31.327520+00:00,28.57600740215056
2025-06-16 20:03:36.612534+00:00,29.1093746499822
2025-06-16 20:03:37.528690+00:00,29.179581782951857
2025-06-16 20:03:44.916033+00:00,28.992837584761006
2025-06-16 20:03:50.138264+00:00,29.22689881950575
2025-06-16 20:03:50.428272+00:00,29.29724217465565
2025-06-16 20:03:50.980765+00:00,29.314966445198188
2025-06-16 20:03:51.433335+00:00,29.33255176766019
2025-06-16 20:03:51.725835+00:00,29.39103107517345
2025-06-16 20:03:52.434880+00:00,29.403029796770415
2025-06-16 20:03:53.279162+00:00,29.28593532681228
2025-06-16 20:03:53.703861+00:00,29.244763706943246
2025-06-16 20:03:54.119789+00:00,29.13366832561747
2025-06-16 20:03:54.616353+00:00,28.99269525744884
2025-06-16 20:03:55.082689+00:00,28.945939626520907
2025-06-16 20:03:55.619366+00:00,28.86357904041446
2025-06-16 20:03:56.111077+00:00,28.775639530229753
2025-06-16 20:03:56.845410+00:00,28.64108730124229
2025-06-16 20:03:57.191107+00:00,28.675972032468547
2025-06-16 20:03:58.077449+00:00,28.675972032468547
2025-06-16 20:03:58.877409+00:00,28.58231172731824
2025-06-16 20:04:00.094538+00:00,28.371088808154642
2025-06-16 20:04:01.251856+00:00,28.740608321422627
2025-06-16 20:04:26.806430+00:00,28.692248278143826
2025-06-16 20:04:31.068893+00:00,29.143563836319867
2025-06-16 20:04:34.017807+00:00,29.014723084535284
2025-06-16 20:04:36.824020+00:00,28.728010579274724
2025-06-16 20:04:37.434119+00:00,28.78664132649828
2025-06-16 20:04:37.976224+00:00,28.809804366387496
2025-06-16 20:04:38.988587+00:00,28.862572032514976
2025-06-16 20:04:40.768293+00:00,28.944796409378647
2025-06-16 20:04:41.804571+00:00,28.99770373692255
2025-06-16 20:04:44.095650+00:00,28.815956325129054
2025-06-16 20:04:45.777531+00:00,28.868722692696362
2025-06-16 20:04:48.683899+00:00,28.86314753028872
2025-06-16 20:04:53.643727+00:00,28.845126992513
2025-06-16 20:04:57.118529+00:00,28.79851196357119
2025-06-16 20:04:57.490677+00:00,28.933213819778803
2025-06-16 20:04:57.727842+00:00,28.985835917523183
2025-06-16 20:04:59.111052+00:00,28.68696846124838
2025-06-16 20:04:59.839027+00:00,28.65750613274889
2025-06-16 20:05:00.409288+00:00,28.728301395224033
2025-06-16 20:05:01.331513+00:00,28.81023781873661
2025-06-16 20:05:02.493329+00:00,28.41168533359595
2025-06-16 20:05:03.208470+00:00,28.48761406118782
2025-06-16 20:05:07.491862+00:00,28.979688054200253
2025-06-16 20:05:08.707102+00:00,29.050183841001182
2025-06-16 20:05:09.712365+00:00,29.050042088015406
2025-06-16 20:05:11.129948+00:00,28.880017374584916
2025-06-16 20:05:11.509142+00:00,28.95637921675165
2025-06-16 20:05:12.895450+00:00,28.803941242373586
2025-06-16 20:05:15.409519+00:00,28.792214964345906
2025-06-16 20:05:15.876754+00:00,28.90990597276135
2025-06-16 20:05:16.323188+00:00,29.032737612562215
2025-06-16 20:05:18.665511+00:00,29.24951016757414
2025-06-16 20:05:24.360315+00:00,28.451986899769736
2025-06-16 20:05:29.595571+00:00,28.927064746676308
2025-06-16 20:05:29.960798+00:00,28.90976264083264
2025-06-16 20:05:32.356374+00:00,29.150129640415074
2025-06-16 20:05:34.676597+00:00,29.138686227439813
2025-06-16 20:05:35.260386+00:00,29.208893096109726
2025-06-16 20:05:35.794491+00:00,29.226340057289764
2025-06-16 20:05:36.811553+00:00,28.997988375862832
2025-06-16 20:05:38.967721+00:00,28.37049087704488
2025-06-16 20:05:40.626354+00:00,29.068338021581987
2025-06-16 20:05:41.505069+00:00,29.232481595465956
2025-06-16 20:05:43.668517+00:00,29.355722339795072
2025-06-16 20:05:47.083135+00:00,28.869585342444612
2025-06-16 20:05:47.468576+00:00,28.793372233094615
2025-06-16 20:05:47.955405+00:00,28.77534985330306
2025-06-16 20:05:48.733780+00:00,28.775494697157303
2025-06-16 20:05:49.109357+00:00,28.73445501917928
2025-06-16 20:05:49.635906+00:00,28.740608321422627
2025-06-16 20:05:49.948808+00:00,28.746325860250558
2025-06-16 20:05:50.351175+00:00,28.757906323729635
2025-06-16 20:05:50.769131+00:00,28.681688999024015
2025-06-16 20:05:52.641286+00:00,28.746180691451617
2025-06-16 20:05:52.794980+00:00,28.857716476390618
2025-06-16 20:05:53.293197+00:00,28.986690575295817
2025-06-16 20:05:53.469251+00:00,28.99841525341765
2025-06-16 20:05:53.809698+00:00,29.0215804525102
2025-06-16 20:05:54.067876+00:00,29.091928812669607
2025-06-16 20:05:54.745922+00:00,29.203730567952004
2025-06-16 20:05:55.001809+00:00,29.25034676453301
2025-06-16 20:05:55.363906+00:00,29.291380283385354
2025-06-16 20:05:55.782548+00:00,29.32041242821436
2025-06-16 20:05:56.032350+00:00,29.338551899268356
2025-06-16 20:05:56.276032+00:00,29.367584090009938
2025-06-16 20:05:57.244174+00:00,29.438061812743605
2025-06-16 20:05:58.134508+00:00,29.3738597754533
2025-06-16 20:05:58.383749+00:00,29.41475292088608
2025-06-16 20:05:59.041282+00:00,29.262349187967626
2025-06-16 20:05:59.376015+00:00,29.186284898924708
2025-06-16 20:06:00.554847+00:00,29.23918086474278
2025-06-16 20:06:01.300442+00:00,28.946082480149233
2025-06-16 20:06:03.542767+00:00,28.764059048813646
2025-06-16 20:06:06.676158+00:00,28.8991844191553
2025-06-16 20:06:09.143881+00:00,29.04001845125341
2025-06-16 20:06:15.017206+00:00,29.004419781301912
2025-06-16 20:06:15.509245+00:00,29.09835565129355
2025-06-16 20:06:15.967256+00:00,29.168699229360605
2025-06-16 20:06:18.600472+00:00,28.805097436820137
2025-06-16 20:06:19.218928+00:00,28.99841525341765
2025-06-16 20:06:25.547164+00:00,28.845991318347863
2025-06-16 20:06:27.969520+00:00,29.015718024171324
2025-06-16 20:06:32.390941+00:00,29.150551346266813
2025-06-16 20:06:36.802357+00:00,29.23304000293637
2025-06-16 20:06:37.009761+00:00,29.133527620289208
2025-06-16 20:06:42.001381+00:00,28.817111272775055
2025-06-16 20:06:44.693020+00:00,28.99297990129242
2025-06-16 20:06:47.848536+00:00,28.899471168291402
2025-06-16 20:06:48.551352+00:00,28.81725559271362
2025-06-16 20:06:48.944092+00:00,28.987971834251308
2025-06-16 20:06:49.216382+00:00,29.046022127545033
2025-06-16 20:06:49.474417+00:00,29.07533156960489
2025-06-16 20:06:50.568431+00:00,29.081193428025223
2025-06-16 20:06:51.717948+00:00,29.02257439394734
2025-06-16 20:06:54.015789+00:00,29.075190214518692
2025-06-16 20:06:56.405161+00:00,29.204150267279942
2025-06-16 20:07:03.415315+00:00,28.588027723074653
2025-06-16 20:07:03.770516+00:00,28.564722766946606
2025-06-16 20:07:08.635466+00:00,28.605469984558265
2025-06-16 20:07:09.222029+00:00,28.711149126329897
2025-06-16 20:07:09.856275+00:00,28.799090286242762
2025-06-16 20:07:13.639521+00:00,28.74031786031474
2025-06-16 20:07:14.917897+00:00,28.7691971506705
2025-06-16 20:07:16.097419+00:00,28.73445501917928
2025-06-16 20:07:16.930432+00:00,28.92749417055247
2025-06-16 20:07:19.395174+00:00,29.191446436924185
2025-06-16 20:07:19.812840+00:00,29.273516264054916
2025-06-16 20:07:19.955661+00:00,29.261792123024684
2025-06-16 20:07:26.951190+00:00,29.47323110789003
2025-06-16 20:07:27.903298+00:00,29.50867289428893
2025-06-16 20:07:28.313264+00:00,29.485090825737647
2025-06-16 20:07:28.624526+00:00,29.508263601331674
2025-06-16 20:07:32.319300+00:00,29.374135670994875
2025-06-16 20:07:33.351772+00:00,29.485364192306882
2025-06-16 20:07:34.619269+00:00,29.456331572726576
2025-06-16 20:07:35.883577+00:00,29.467917122242035
2025-06-16 20:07:37.077271+00:00,29.462192781328156
2025-06-16 20:07:38.337882+00:00,29.245460802473666
2025-06-16 20:07:39.331956+00:00,29.081475971590933
2025-06-16 20:07:40.188969+00:00,28.964239589112587
2025-06-16 20:07:41.116001+00:00,28.688718350397256
2025-06-16 20:07:41.867625+00:00,28.483380499408888
2025-06-16 20:07:43.957373+00:00,29.034581898443847
2025-06-16 20:07:44.800572+00:00,29.333520653314338
2025-06-16 20:07:45.423138+00:00,29.386271852108727
2025-06-16 20:07:46.247050+00:00,29.368964131142747
2025-06-16 20:07:47.607127+00:00,29.421438868117665
2025-06-16 20:07:49.132924+00:00,29.48645722744647
2025-06-16 20:07:49.565937+00:00,29.46260349108171
2025-06-16 20:07:49.949025+00:00,29.48618403333213
2025-06-16 20:07:51.294048+00:00,29.433572778670918
2025-06-16 20:07:52.289520+00:00,28.976248324594927
2025-06-16 20:07:53.064930+00:00,28.8124036249625
2025-06-16 20:07:54.343748+00:00,29.205129188420365
2025-06-16 20:07:55.655461+00:00,29.146235301061438
2025-06-16 20:07:55.899770+00:00,29.15795823093248
2025-06-16 20:07:56.157009+00:00,29.22243363048784
2025-06-16 20:07:56.675712+00:00,29.25774074061085
2025-06-16 20:07:57.720121+00:00,29.298769020841902
2025-06-16 20:07:59.440841+00:00,28.97639076707015
2025-06-16 20:07:59.849790+00:00,28.946939375518735
2025-06-16 20:08:00.155340+00:00,28.91148191242076
2025-06-16 20:08:01.397283+00:00,29.069893903162793
2025-06-16 20:08:03.104448+00:00,29.175542550766803
2025-06-16 20:08:03.712330+00:00,29.105063755325972
2025-06-16 20:08:05.306100+00:00,29.111066271537133
2025-06-16 20:08:06.734522+00:00,28.999695303922493
2025-06-16 20:08:07.329859+00:00,28.853292911492773
2025-06-16 20:08:07.779822+00:00,28.71216782617909
2025-06-16 20:08:11.007026+00:00,28.764928561878033
2025-06-16 20:08:22.299984+00:00,28.741189114254922
2025-06-16 20:08:36.380445+00:00,27.913867975063678
2025-06-16 20:08:37.793406+00:00,28.336058093651545
2025-06-16 20:08:38.753501+00:00,28.37123826397278
2025-06-16 20:08:39.190632+00:00,28.365524439442833
2025-06-16 20:08:39.840689+00:00,28.406418074361543
2025-06-16 20:08:40.333899+00:00,28.37710159069955
2025-06-16 20:08:40.918204+00:00,28.47061681955263
2025-06-16 20:08:41.720583+00:00,28.506092249163075
2025-06-16 20:08:42.099779+00:00,28.39995825284884
2025-06-16 20:08:42.516961+00:00,28.335908234866633
2025-06-16 20:08:43.158071+00:00,28.336058093651545
2025-06-16 20:08:44.438833+00:00,28.581870580400096
2025-06-16 20:08:47.854613+00:00,28.47061681955263
2025-06-16 20:08:52.196094+00:00,29.262349187967626
2025-06-16 20:08:52.807806+00:00,28.840272808041714
2025-06-16 20:08:53.574732+00:00,28.195333813041845
2025-06-16 20:08:53.949628+00:00,28.060314624495884
2025-06-16 20:08:59.544205+00:00,28.465198662323168
2025-06-16 20:09:00.077995+00:00,28.535260057616252
2025-06-16 20:09:00.629203+00:00,28.617489378112158
2025-06-16 20:09:01.029960+00:00,28.171879206378602
2025-06-16 20:09:01.395421+00:00,27.779303212244635
2025-06-16 20:09:01.915714+00:00,27.755376809177513
2025-06-16 20:09:13.654714+00:00,28.810960023685713
2025-06-16 20:09:13.992964+00:00,28.975250925405188
2025-06-16 20:09:14.403335+00:00,29.092775961185893
2025-06-16 20:09:15.134091+00:00,28.957949603992844
2025-06-16 20:09:20.849253+00:00,28.92820966139108
2025-06-16 20:09:23.356440+00:00,28.68813522652959
2025-06-16 20:09:23.582716+00:00,28.676117996252074
2025-06-16 20:09:24.184186+00:00,28.623059137875224
2025-06-16 20:09:27.791677+00:00,28.10737821320943
2025-06-16 20:09:28.132219+00:00,28.030994855521687
2025-06-16 20:09:28.457374+00:00,28.077753540989484
2025-06-16 20:09:28.735165+00:00,28.136849128073624
2025-06-16 20:09:28.979389+00:00,28.265546008468544
2025-06-16 20:09:29.220187+00:00,28.318317813244867
2025-06-16 20:09:34.810252+00:00,29.227457409247098
2025-06-16 20:09:37.050282+00:00,29.151534949286752
2025-06-16 20:09:37.725766+00:00,29.157396677743336
2025-06-16 20:09:38.236154+00:00,29.00484632808029
2025-06-16 20:09:38.621963+00:00,28.8701602266498
2025-06-16 20:09:42.316117+00:00,28.840849035077916
2025-06-16 20:09:43.466194+00:00,28.91119547496756
2025-06-16 20:09:44.039341+00:00,28.95208746849343
2025-06-16 20:09:44.832252+00:00,29.086772824026536
2025-06-16 20:09:46.695289+00:00,29.221875030949807
2025-06-16 20:09:47.044588+00:00,29.215733913760747
2025-06-16 20:09:47.378100+00:00,29.215733913760747
2025-06-16 20:09:48.219396+00:00,29.10464076173445
2025-06-16 20:09:53.606567+00:00,28.72946422774049
2025-06-16 20:09:54.604842+00:00,28.782225902143267
2025-06-16 20:09:55.389452+00:00,28.794095175656963
2025-06-16 20:09:56.194888+00:00,28.963954360148293
2025-06-16 20:09:57.129397+00:00,29.127806422910446
2025-06-16 20:09:57.547848+00:00,29.121944510205747
2025-06-16 20:09:57.797745+00:00,29.081052140071865
2025-06-16 20:09:58.074103+00:00,29.116223483444674
2025-06-16 20:09:58.331627+00:00,29.139530218326836
2025-06-16 20:09:58.666179+00:00,29.19200672397139
2025-06-16 20:09:58.908429+00:00,29.26848932852279
2025-06-16 20:09:59.149208+00:00,29.28593532681228
2025-06-16 20:09:59.643560+00:00,29.309659438642647
2025-06-16 20:09:59.918926+00:00,29.321243933473735
2025-06-16 20:10:00.556567+00:00,29.274768209378863
2025-06-16 20:10:03.002719+00:00,28.905619898360115
2025-06-16 20:10:03.460393+00:00,28.88188463329808
2025-06-16 20:10:05.486072+00:00,28.782225902143267
2025-06-16 20:10:06.581661+00:00,28.54772337319306
2025-06-16 20:10:17.191039+00:00,28.61221316320962
2025-06-16 20:10:21.631929+00:00,28.635370903845406
2025-06-16 20:10:23.968833+00:00,28.734600322270413
2025-06-16 20:10:29.311555+00:00,28.840272808041714
2025-06-16 20:10:34.068398+00:00,28.27110835481608
2025-06-16 20:10:34.456310+00:00,28.46475351848246
2025-06-16 20:10:35.787982+00:00,28.84012872432896
2025-06-16 20:10:39.367418+00:00,28.711003554651636
2025-06-16 20:10:39.890496+00:00,28.887316278910127
2025-06-16 20:10:40.268632+00:00,28.915768715357654
2025-06-16 20:10:44.088662+00:00,29.12166282024525
2025-06-16 20:10:47.307008+00:00,28.834410271166764
2025-06-16 20:10:49.601742+00:00,28.951801906293554
2025-06-16 20:10:50.630661+00:00,28.863866659924724
2025-06-16 20:10:51.397646+00:00,29.039309500105244
2025-06-16 20:10:51.768306+00:00,29.115800763280262
2025-06-16 20:10:52.018342+00:00,29.110079680950353
2025-06-16 20:10:52.252322+00:00,29.016002195612757
2025-06-16 20:10:52.478628+00:00,28.934072038296044
2025-06-16 20:10:52.753159+00:00,28.898754214592138
2025-06-16 20:10:53.280716+00:00,28.834554411240305
2025-06-16 20:10:53.698568+00:00,28.84012872432896
2025-06-16 20:11:19.108104+00:00,28.95766417606831
2025-06-16 20:11:31.713432+00:00,29.039734903135763
2025-06-16 20:11:37.530255+00:00,28.992410570482207
2025-06-16 20:11:58.979870+00:00,28.95137348213657
2025-06-16 20:11:59.304841+00:00,29.062900268205528
2025-06-16 20:12:02.371296+00:00,29.321105376211886
2025-06-16 20:12:07.558134+00:00,29.36855023198225
2025-06-16 20:12:13.070027+00:00,29.07547291391072
2025-06-16 20:12:13.357509+00:00,29.08733768574892
2025-06-16 20:12:13.799842+00:00,29.081617227203292
2025-06-16 20:12:14.970828+00:00,29.034298280740607
2025-06-16 20:12:19.956902+00:00,29.11650524298674
2025-06-16 20:12:20.251069+00:00,29.116364368605797
2025-06-16 20:12:20.394811+00:00,29.04630547671115
2025-06-16 20:12:22.104108+00:00,28.700151836503213
2025-06-16 20:12:22.558934+00:00,28.799812946994386
2025-06-16 20:12:26.379811+00:00,28.629508151336598
2025-06-16 20:12:26.838499+00:00,28.36567394085405
2025-06-16 20:12:27.099449+00:00,28.289451399816052
2025-06-16 20:12:27.974058+00:00,28.195788160536964
2025-06-16 20:12:28.678528+00:00,28.465347022036877
2025-06-16 20:12:29.429183+00:00,28.65281289057089
2025-06-16 20:13:12.953819+00:00,28.771949025673116
2025-06-16 20:13:21.995130+00:00,28.91863174710706
2025-06-16 20:13:30.434431+00:00,29.287602135452182
2025-06-16 20:13:50.900280+00:00,29.100753023164753
2025-06-16 20:13:53.371809+00:00,29.26499289113081
2025-06-16 20:13:54.366701+00:00,29.399920080845536
2025-06-16 20:13:56.528558+00:00,29.528842934694634
2025-06-16 20:13:57.993836+00:00,29.59916245265308
2025-06-16 20:13:58.760485+00:00,29.382752328308413
2025-06-16 20:14:00.971262+00:00,29.382752328308413
2025-06-16 20:14:03.810343+00:00,29.21866649958281
2025-06-16 20:14:04.288544+00:00,29.165922962249844
2025-06-16 20:14:09.905401+00:00,29.581988873554312
2025-06-16 20:14:11.879428+00:00,29.61142242257239
2025-06-16 20:14:16.186772+00:00,29.11932046677475
2025-06-16 20:14:17.496685+00:00,29.072295881694544
2025-06-16 20:14:19.407530+00:00,29.03713251727679
2025-06-16 20:14:20.543935+00:00,29.21894554553841
2025-06-16 20:14:21.355155+00:00,29.465475743170455
2025-06-16 20:14:23.316703+00:00,29.588119185938734
2025-06-16 20:14:23.568085+00:00,29.617282029010713
2025-06-16 20:14:35.821974+00:00,29.71210510912575
2025-06-16 20:14:36.959383+00:00,29.56522289104067
2025-06-16 20:14:37.293483+00:00,29.530066576339987
2025-06-16 20:14:37.636250+00:00,29.547916177771977
2025-06-16 20:14:37.886813+00:00,29.588930693879718
2025-06-16 20:14:38.138043+00:00,29.571217678348688
2025-06-16 20:14:42.193425+00:00,28.739099370245007
2025-06-16 20:14:51.597503+00:00,28.844302774727474
2025-06-16 20:14:52.818281+00:00,29.07271943684867
2025-06-16 20:14:53.486908+00:00,28.820860087170253
2025-06-16 20:14:55.300103+00:00,28.9383573091336
2025-06-16 20:14:58.867243+00:00,29.254523928381506
2025-06-16 20:15:03.043978+00:00,29.529930659269873
2025-06-16 20:15:08.794053+00:00,28.679763586612868
2025-06-16 20:15:17.869725+00:00,29.183923992357148
2025-06-16 20:15:18.669186+00:00,28.896905059645754
2025-06-16 20:15:19.531044+00:00,28.885183781422697
2025-06-16 20:15:20.671351+00:00,29.03755728082953
2025-06-16 20:15:21.797436+00:00,28.93764377113879
2025-06-16 20:15:22.129209+00:00,28.885040458793426
2025-06-16 20:15:22.485271+00:00,28.867171184655
2025-06-16 20:15:22.871086+00:00,28.83171779251653
2025-06-16 20:15:23.628158+00:00,28.89047133888494
2025-06-16 20:15:25.294893+00:00,29.113319352183073
2025-06-16 20:15:29.241473+00:00,29.013690074478642
2025-06-16 20:15:41.993978+00:00,29.36572341492444
2025-06-16 20:15:46.277406+00:00,28.937929218679578
2025-06-16 20:15:50.631580+00:00,29.38902510459212
2025-06-16 20:15:50.882169+00:00,29.483054476552947
2025-06-16 20:15:51.084018+00:00,29.506220244449
2025-06-16 20:15:53.932206+00:00,29.336700415950627
2025-06-16 20:15:55.100890+00:00,29.40129439458949
2025-06-16 20:15:55.469980+00:00,29.40101961807093
2025-06-16 20:15:55.704998+00:00,29.377580727373548
2025-06-16 20:15:56.013063+00:00,29.354141676808393
2025-06-16 20:15:56.573792+00:00,29.278518806560665
2025-06-16 20:15:57.159017+00:00,29.131603204430625
2025-06-16 20:15:57.793845+00:00,29.03784040262893
2025-06-16 20:15:58.437751+00:00,28.996960387195653
2025-06-16 20:15:58.788865+00:00,28.978952888107145
2025-06-16 20:15:59.054480+00:00,28.914486902040608
2025-06-16 20:15:59.347709+00:00,28.90276568376934
2025-06-16 20:15:59.774860+00:00,28.87917973755399
2025-06-16 20:16:02.731699+00:00,28.90276568376934
2025-06-16 20:16:03.267090+00:00,29.172343592140486
2025-06-16 20:16:03.650916+00:00,29.30126468302416
2025-06-16 20:16:04.502403+00:00,29.500496856585055
2025-06-16 20:16:04.880753+00:00,29.500769372656276
2025-06-16 20:16:05.442888+00:00,29.52393517643821
2025-06-16 20:16:06.418845+00:00,29.465475743170455
2025-06-16 20:16:07.886275+00:00,29.32498090501212
2025-06-16 20:16:08.385524+00:00,29.21936403362456
2025-06-16 20:16:08.960464+00:00,29.172343592140486
2025-06-16 20:16:09.441229+00:00,29.10188012014108
2025-06-16 20:16:09.783779+00:00,29.031413587331716
2025-06-16 20:16:10.685003+00:00,28.979095125747346
2025-06-16 20:16:12.243876+00:00,29.078720857571646
2025-06-16 20:16:12.550561+00:00,29.084016923225942
2025-06-16 20:16:13.050290+00:00,28.85016342163744
2025-06-16 20:16:13.775597+00:00,28.808706097041654
2025-06-16 20:16:14.266536+00:00,28.797417239745243
2025-06-16 20:16:16.024907+00:00,28.978526110501953
2025-06-16 20:16:16.487729+00:00,29.09015940709227
2025-06-16 20:16:16.949303+00:00,29.271825967858174
2025-06-16 20:16:23.812531+00:00,29.55936353023599
2025-06-16 20:16:23.957498+00:00,29.59451954519142
2025-06-16 20:16:24.650190+00:00,29.58866023434429
2025-06-16 20:16:27.441254+00:00,29.430455064681514
2025-06-16 20:16:27.758218+00:00,29.395159910384184
2025-06-16 20:16:28.105420+00:00,29.38385321772547
2025-06-16 20:16:28.399778+00:00,29.395297371152683
2025-06-16 20:16:28.723460+00:00,29.354141676808393
2025-06-16 20:16:28.975016+00:00,29.342422091575393
2025-06-16 20:16:31.875115+00:00,29.52447909162155
2025-06-16 20:16:32.594882+00:00,29.571082241853837
2025-06-16 20:16:33.509103+00:00,29.436177654364897
2025-06-16 20:16:34.192283+00:00,29.137463294615408
2025-06-16 20:16:34.677843+00:00,29.049560892735258
2025-06-16 20:16:35.160889+00:00,29.026261551553667
2025-06-16 20:16:35.660286+00:00,29.02025959253313
2025-06-16 20:16:52.517399+00:00,29.113037868024488
2025-06-16 20:16:55.601810+00:00,29.059726593220248
2025-06-16 20:16:56.429749+00:00,29.03642436241228
2025-06-16 20:16:57.400522+00:00,28.883750069975214
2025-06-16 20:16:58.401688+00:00,28.790401112108686
2025-06-16 20:16:59.282988+00:00,28.81341350435132
2025-06-16 20:16:59.541384+00:00,29.0655875417658
2025-06-16 20:17:00.142313+00:00,29.19452588128153
2025-06-16 20:17:00.525589+00:00,29.10661390175218
2025-06-16 20:17:01.376463+00:00,28.97166875317032
2025-06-16 20:17:02.624132+00:00,28.743220530644262
2025-06-16 20:17:03.063187+00:00,28.666728455514097
2025-06-16 20:17:04.692086+00:00,28.81956324543698
2025-06-16 20:17:08.225181+00:00,28.649435359897826
2025-06-16 20:17:09.766763+00:00,29.071307209023274
2025-06-16 20:17:10.201291+00:00,29.205688334774884
2025-06-16 20:17:10.667738+00:00,29.311599837039896
2025-06-16 20:17:14.532181+00:00,28.701898820246587
2025-06-16 20:17:14.767434+00:00,28.68475079052139
2025-06-16 20:17:15.370072+00:00,28.67874350059157
2025-06-16 20:17:16.900131+00:00,28.919203835964435
2025-06-16 20:17:17.782678+00:00,28.931068929482223
2025-06-16 20:17:18.297444+00:00,29.05414854772634
2025-06-16 20:17:18.680878+00:00,29.0657288694124
2025-06-16 20:17:19.083581+00:00,29.05414854772634
2025-06-16 20:17:19.371822+00:00,29.05414854772634
2025-06-16 20:17:19.615774+00:00,29.077450602255922
2025-06-16 20:17:19.990370+00:00,29.05386563468068
2025-06-16 20:17:20.449287+00:00,29.018557798070436
2025-06-16 20:17:20.867851+00:00,28.97752991876269
2025-06-16 20:17:21.468935+00:00,28.989109998008434
2025-06-16 20:17:22.035463+00:00,29.09517410777203
2025-06-16 20:17:22.297216+00:00,29.147639772031702
2025-06-16 20:17:24.110435+00:00,28.796117980867834
2025-06-16 20:17:24.770890+00:00,28.696619369253366
2025-06-16 20:17:25.662197+00:00,28.737504119879706
2025-06-16 20:17:27.049140+00:00,29.13047905141393
2025-06-16 20:17:27.694138+00:00,29.147920536865794
2025-06-16 20:17:29.097284+00:00,28.936787169773243
2025-06-16 20:17:29.835373+00:00,28.713912939621483
2025-06-16 20:17:30.149116+00:00,28.74893705492401
2025-06-16 20:17:31.795911+00:00,28.637858262625212
2025-06-16 20:17:33.192931+00:00,29.165502500012945
2025-06-16 20:17:34.410853+00:00,29.083452569155355
2025-06-16 20:17:34.959466+00:00,29.0481461951937
2025-06-16 20:17:35.442901+00:00,29.0657288694124
2025-06-16 20:17:36.023751+00:00,29.182804413933177
2025-06-16 20:17:40.248730+00:00,29.253410966617917
2025-06-16 20:17:40.589246+00:00,29.259410541932848
2025-06-16 20:17:40.897896+00:00,29.259132349507208
2025-06-16 20:17:41.337931+00:00,29.247550472132513
2025-06-16 20:17:41.909967+00:00,29.21796869605002
2025-06-16 20:17:42.189057+00:00,29.077450602255922
2025-06-16 20:17:42.546060+00:00,29.03642436241228
2025-06-16 20:17:42.830240+00:00,28.860879396210304
2025-06-16 20:17:43.246189+00:00,28.673173533797087
2025-06-16 20:17:43.581517+00:00,28.702480803133536
2025-06-16 20:17:45.240877+00:00,28.925493709254088
2025-06-16 20:17:45.915030+00:00,28.836715218564112
2025-06-16 20:17:48.945889+00:00,29.406055130237792
2025-06-16 20:17:49.248075+00:00,29.388061956661122
2025-06-16 20:17:50.776188+00:00,29.189224759541723
2025-06-16 20:17:51.118775+00:00,29.142481130287056
2025-06-16 20:17:51.528263+00:00,29.195504610338137
2025-06-16 20:17:51.862851+00:00,29.35317586070059
2025-06-16 20:17:52.889972+00:00,29.541106365885863
2025-06-16 20:17:53.467878+00:00,29.40060737245228
2025-06-16 20:17:53.817963+00:00,29.324427775440334
2025-06-16 20:17:54.165377+00:00,29.259827749725403
2025-06-16 20:18:15.340866+00:00,29.454577113428453
2025-06-16 20:18:18.005936+00:00,29.54259985857979
2025-06-16 20:18:18.465825+00:00,29.554724511946073
2025-06-16 20:18:18.882043+00:00,29.536605075207877
2025-06-16 20:18:26.009739+00:00,29.747791856314485
2025-06-16 20:18:26.304311+00:00,29.735941190921384
2025-06-16 20:18:26.705260+00:00,29.741933274990405
2025-06-16 20:18:29.102596+00:00,29.537148151686207
2025-06-16 20:18:29.406360+00:00,29.548730116457822
2025-06-16 20:18:29.579897+00:00,29.52529464105104
2025-06-16 20:18:29.904422+00:00,29.48986851616839
2025-06-16 20:18:30.230562+00:00,29.51330476825263
2025-06-16 20:18:31.045868+00:00,29.60745305329507
2025-06-16 20:18:42.086439+00:00,28.985950434516134
2025-06-16 20:18:42.711884+00:00,28.833300869788886
2025-06-16 20:18:43.136695+00:00,28.850881833372334
2025-06-16 20:18:43.320869+00:00,28.84487779424303
2025-06-16 20:18:43.647967+00:00,28.850738172588073
2025-06-16 20:18:44.114526+00:00,28.868462707040415
2025-06-16 20:18:45.001023+00:00,28.921061933444353
2025-06-16 20:18:46.663248+00:00,28.68063752555449
2025-06-16 20:18:49.722732+00:00,28.961656242765734
2025-06-16 20:18:50.174718+00:00,28.97937956868548
2025-06-16 20:18:55.087711+00:00,28.98523985151348
2025-06-16 20:18:55.672316+00:00,28.88575696412777
2025-06-16 20:18:56.913494+00:00,28.897191404002392
2025-06-16 20:18:57.946854+00:00,28.77426337519877
2025-06-16 20:18:58.574178+00:00,28.32281493037381
2025-06-16 20:18:59.067633+00:00,28.176123531159107
2025-06-16 20:18:59.585030+00:00,28.38714153121024
2025-06-16 20:18:59.968849+00:00,28.65118778423396
2025-06-16 20:19:01.845204+00:00,29.061140055899703
2025-06-16 20:19:03.119000+00:00,29.371720979719868
2025-06-16 20:19:04.180742+00:00,29.09630156931796
2025-06-16 20:19:05.181203+00:00,28.76239737990836
2025-06-16 20:19:07.387760+00:00,29.02011783562107
2025-06-16 20:19:09.454772+00:00,28.950078004676254
2025-06-16 20:19:15.022030+00:00,29.16048308585355
2025-06-16 20:19:21.305187+00:00,29.231084038510488
2025-06-16 20:19:34.178317+00:00,29.043700652677853
2025-06-16 20:19:39.249761+00:00,28.949650317047283
2025-06-16 20:20:15.237793+00:00,28.703062613507065
2025-06-16 20:20:16.780228+00:00,28.737939317544072
2025-06-16 20:20:18.708948+00:00,28.5560891055758
2025-06-16 20:20:19.629144+00:00,28.485453129707675
2025-06-16 20:20:20.529408+00:00,28.591111850511364
2025-06-16 20:20:22.012423+00:00,28.696619369253366
2025-06-16 20:20:22.482809+00:00,28.62613503071327
2025-06-16 20:20:22.916318+00:00,28.57924170331393
2025-06-16 20:20:23.378121+00:00,28.479295163953655
2025-06-16 20:20:23.903308+00:00,28.438854875516466
2025-06-16 20:20:24.721814+00:00,28.350178981874052
2025-06-16 20:20:25.221506+00:00,28.23323279818722
2025-06-16 20:20:33.461179+00:00,28.46683002609507
2025-06-16 20:20:33.911837+00:00,28.484269028332452
2025-06-16 20:20:34.328702+00:00,28.566341691407853
2025-06-16 20:20:34.929308+00:00,28.61338604944936
2025-06-16 20:20:49.203666+00:00,28.53057777231644
2025-06-16 20:20:50.503838+00:00,28.372284152755903
2025-06-16 20:20:50.762447+00:00,28.290203110647152
2025-06-16 20:20:50.995109+00:00,28.254723463430484
2025-06-16 20:20:51.273174+00:00,28.307491821325957
2025-06-16 20:20:51.990215+00:00,28.284490481071487
2025-06-16 20:20:52.258585+00:00,28.336957019899575
2025-06-16 20:20:52.567188+00:00,28.36040889490268
2025-06-16 20:20:52.769109+00:00,28.395437285028066
2025-06-16 20:20:53.061640+00:00,28.41888902879659
2025-06-16 20:20:53.344294+00:00,28.454066344539868
2025-06-16 20:20:58.926949+00:00,28.501116786011533
2025-06-16 20:21:02.686289+00:00,28.60048783681788
2025-06-16 20:21:03.446160+00:00,28.559154341412842
2025-06-16 20:21:04.320185+00:00,28.54772337319306
2025-06-16 20:21:06.878769+00:00,28.87030392074776
2025-06-16 20:21:07.718777+00:00,28.840849035077916
2025-06-16 20:21:09.287740+00:00,28.676701743563576
2025-06-16 20:21:09.932393+00:00,28.506535918029467
2025-06-16 20:21:10.942008+00:00,28.471506607244844
2025-06-16 20:21:11.535920+00:00,28.5123988133343
2025-06-16 20:21:11.969333+00:00,28.52998743926416
2025-06-16 20:21:12.269813+00:00,28.52998743926416
2025-06-16 20:21:12.545868+00:00,28.56501721389366
2025-06-16 20:21:12.856418+00:00,28.61177315295761
2025-06-16 20:21:13.097327+00:00,28.553586131362444
2025-06-16 20:21:13.353654+00:00,28.477221291543703
2025-06-16 20:21:13.969769+00:00,28.47707307692622
2025-06-16 20:21:14.410577+00:00,28.494958099794104
2025-06-16 20:21:14.711150+00:00,28.489095241652606
2025-06-16 20:21:14.961768+00:00,28.55388076065919
2025-06-16 20:21:15.404418+00:00,28.594331426332744
2025-06-16 20:21:15.718755+00:00,28.65339766913638
2025-06-16 20:21:16.702224+00:00,28.805675275283665
2025-06-16 20:21:17.077448+00:00,28.846567319941848
2025-06-16 20:21:17.361303+00:00,28.875735148714305
2025-06-16 20:21:17.661835+00:00,28.893895840248558
2025-06-16 20:21:18.028329+00:00,28.97582093248432
2025-06-16 20:21:35.578060+00:00,29.07017665057785
2025-06-16 20:21:36.261526+00:00,28.853724403992608
2025-06-16 20:21:36.578307+00:00,28.794673335636375
2025-06-16 20:21:37.339196+00:00,28.666144688562788
2025-06-16 20:21:37.600843+00:00,28.654274513513908
2025-06-16 20:21:37.849426+00:00,28.659698449468504
2025-06-16 20:21:38.468511+00:00,28.730190647648158
2025-06-16 20:21:39.605210+00:00,28.53673532653609
2025-06-16 20:21:39.812830+00:00,28.57205689563288
2025-06-16 20:21:40.184890+00:00,28.683439176404555
2025-06-16 20:21:41.528051+00:00,29.059160906297357
2025-06-16 20:21:41.796271+00:00,29.123352313199792
2025-06-16 20:21:42.085333+00:00,29.18754542129927
2025-06-16 20:21:42.414232+00:00,29.228574071306696
2025-06-16 20:21:42.940900+00:00,29.310768496428555
2025-06-16 20:21:43.235885+00:00,29.334350706345536
2025-06-16 20:21:43.416237+00:00,29.375238822003006
2025-06-16 20:21:43.674125+00:00,29.41640213862809
2025-06-16 20:21:51.793962+00:00,29.12419647755037
2025-06-16 20:21:52.068079+00:00,29.095033126567785
2025-06-16 20:21:52.720451+00:00,28.98953663153503
2025-06-16 20:21:52.972230+00:00,28.796117980867834
2025-06-16 20:21:53.246192+00:00,28.655297008024608
2025-06-16 20:21:55.519470+00:00,28.356340211186208
2025-06-16 20:22:08.660149+00:00,29.124759038182063
2025-06-16 20:22:24.654239+00:00,29.694260328062526
2025-06-16 20:22:28.657777+00:00,29.512624391741276
2025-06-16 20:22:45.361649+00:00,29.336838537150896
2025-06-16 20:23:12.523082+00:00,28.74481516100988
2025-06-16 20:23:12.999502+00:00,28.8032779665891
2025-06-16 20:23:13.583550+00:00,28.850019706946366
2025-06-16 20:23:14.000970+00:00,28.949507732942493
2025-06-16 20:23:15.451534+00:00,29.084722123258047
2025-06-16 20:23:18.007433+00:00,29.10244340990472
2025-06-16 20:23:20.001231+00:00,28.756102283329355
2025-06-16 20:23:20.869949+00:00,28.73880942176118
2025-06-16 20:23:21.080638+00:00,28.738664431346415
2025-06-16 20:23:22.652271+00:00,28.463487429027975
2025-06-16 20:23:26.598284+00:00,28.668187118134032
2025-06-16 20:23:27.073669+00:00,28.896761871295716
2025-06-16 20:23:28.833036+00:00,29.23694402596585
2025-06-16 20:23:29.463645+00:00,29.354141676808393
2025-06-16 20:23:29.706911+00:00,29.30126468302416
2025-06-16 20:23:30.342719+00:00,29.277686019620702
2025-06-16 20:23:31.101006+00:00,29.40115701171959
2025-06-16 20:23:32.520485+00:00,29.23150202682082
2025-06-16 20:23:34.776494+00:00,29.155183707318706
2025-06-16 20:23:35.452887+00:00,29.079144081964916
2025-06-16 20:23:35.912752+00:00,28.99710239108636
2025-06-16 20:23:36.125829+00:00,28.990958042543287
2025-06-16 20:23:36.873311+00:00,28.944075043001106
2025-06-16 20:23:37.325051+00:00,28.844302774727474
2025-06-16 20:23:37.584021+00:00,28.83286925081929
2025-06-16 20:23:37.867488+00:00,28.82114815562543
2025-06-16 20:23:38.618464+00:00,28.83286925081929
2025-06-16 20:23:39.146722+00:00,28.85602405855567
2025-06-16 20:23:39.690480+00:00,29.07928513520211
2025-06-16 20:23:40.808417+00:00,29.40701664229499
2025-06-16 20:23:41.576804+00:00,29.541785387872917
2025-06-16 20:23:42.313427+00:00,29.647656552997425
2025-06-16 20:23:43.134954+00:00,29.635534441359127
2025-06-16 20:23:44.370436+00:00,29.38971274403491
2025-06-16 20:23:44.963166+00:00,29.348833815455066
2025-06-16 20:23:46.556833+00:00,29.108866331672186
2025-06-16 20:23:49.043007+00:00,28.821292173680764
2025-06-16 20:23:50.817233+00:00,28.68049189601965
2025-06-16 20:23:51.154704+00:00,28.955938337460662
2025-06-16 20:23:51.652387+00:00,29.120304776379392
2025-06-16 20:23:52.038100+00:00,29.30795532624925
2025-06-16 20:23:52.555341+00:00,29.430592111955825
2025-06-16 20:23:54.571136+00:00,29.52447909162155
2025-06-16 20:23:55.192673+00:00,29.606778207526403
2025-06-16 20:23:56.424099+00:00,29.712372685378142
2025-06-16 20:23:56.791079+00:00,29.7122389026406
2025-06-16 20:23:57.143534+00:00,29.71823145086645
2025-06-16 20:23:58.084063+00:00,29.75910928366937
2025-06-16 20:23:58.513485+00:00,29.770959890694655
2025-06-16 20:23:59.055755+00:00,29.82355501356665
2025-06-16 20:23:59.841641+00:00,29.853244611872995
2025-06-16 20:24:00.201045+00:00,29.865093390604738
2025-06-16 20:24:00.764750+00:00,29.8652253855183
2025-06-16 20:24:01.823249+00:00,29.853640999223764
2025-06-16 20:24:02.465286+00:00,29.812500799993707
2025-06-16 20:24:04.706403+00:00,29.57788894201205
2025-06-16 20:24:07.439624+00:00,29.806642462765918
2025-06-16 20:24:09.283758+00:00,29.82421744448092
2025-06-16 20:24:10.050776+00:00,29.72475828732088
2025-06-16 20:24:12.434049+00:00,29.397083380273795
2025-06-16 20:24:13.462165+00:00,29.145006699614626
2025-06-16 20:24:14.806783+00:00,29.02181820704939
2025-06-16 20:24:19.627720+00:00,29.63115702681052
2025-06-16 20:24:21.131077+00:00,29.701458399823977
2025-06-16 20:24:22.358415+00:00,29.736608546924735
2025-06-16 20:24:26.822647+00:00,29.209318581995532
2025-06-16 20:24:28.168948+00:00,29.314783047852995
2025-06-16 20:24:31.472850+00:00,29.36151736000985
2025-06-16 20:24:31.843209+00:00,29.37309778717042
2025-06-16 20:24:33.649842+00:00,29.59600580089782
2025-06-16 20:24:33.841328+00:00,29.642604964668898
2025-06-16 20:24:36.002559+00:00,29.561125108929865
2025-06-16 20:24:39.024692+00:00,29.37337301931389
2025-06-16 20:24:41.307394+00:00,29.115569673114386
2025-06-16 20:24:41.456145+00:00,29.092272868285548
2025-06-16 20:24:44.857218+00:00,29.273630721720235
2025-06-16 20:24:46.231302+00:00,29.502267440400065
2025-06-16 20:24:49.836724+00:00,29.66684480510305
2025-06-16 20:24:53.900908+00:00,29.391224602273628
2025-06-16 20:24:57.108677+00:00,28.963364541087877
2025-06-16 20:24:57.568563+00:00,29.297482795829087
2025-06-16 20:24:57.796129+00:00,29.40866371990283
2025-06-16 20:24:58.041062+00:00,29.490822469834566
2025-06-16 20:24:58.405470+00:00,29.525973969175993
2025-06-16 20:24:58.707067+00:00,29.531832517439664
2025-06-16 20:24:58.881250+00:00,29.578700543961467
2025-06-16 20:24:59.215827+00:00,29.525838125107317
2025-06-16 20:24:59.465506+00:00,29.50826221904032
2025-06-16 20:25:03.773304+00:00,29.244890961044167
2025-06-16 20:25:04.031013+00:00,29.069117498826387
2025-06-16 20:25:04.375513+00:00,28.94006870066537
2025-06-16 20:25:06.846468+00:00,28.922489999380115
2025-06-16 20:25:07.364083+00:00,28.887332327118937
2025-06-16 20:25:08.046374+00:00,28.86975335614301
2025-06-16 20:25:08.765022+00:00,28.881186213232176
2025-06-16 20:25:09.656055+00:00,29.015958655513835
2025-06-16 20:25:10.504582+00:00,29.314783047852995
2025-06-16 20:25:11.254311+00:00,29.461119499668193
2025-06-16 20:25:12.681642+00:00,29.66630789311924
2025-06-16 20:25:13.781670+00:00,29.619439991462286
2025-06-16 20:25:15.648071+00:00,29.455397301207242
2025-06-16 20:25:16.587289+00:00,29.297482795829087
2025-06-16 20:25:17.237922+00:00,29.16830374901351
2025-06-16 20:25:17.673091+00:00,29.115710226541736
2025-06-16 20:25:18.172820+00:00,29.02167656872334
2025-06-16 20:25:20.386537+00:00,28.8341638166294
2025-06-16 20:25:25.604530+00:00,29.748591781249534
2025-06-16 20:25:29.021659+00:00,29.0806950746594
2025-06-16 20:25:30.454927+00:00,29.08697695227944
2025-06-16 20:25:30.967821+00:00,29.104132244299976
2025-06-16 20:25:33.796235+00:00,28.928064183800544
2025-06-16 20:25:34.288102+00:00,28.892905765808266
2025-06-16 20:25:34.913423+00:00,29.080554129224822
2025-06-16 20:25:35.696829+00:00,29.33849515078769
2025-06-16 20:25:36.271762+00:00,29.520115410923783
2025-06-16 20:25:36.697050+00:00,29.6900095448894
2025-06-16 20:25:42.342387+00:00,29.78413925269907
2025-06-16 20:25:42.747661+00:00,29.802110853254096
2025-06-16 20:25:43.267434+00:00,29.737142237738308
2025-06-16 20:25:43.667006+00:00,29.631695549428713
2025-06-16 20:25:43.931823+00:00,29.567389655411365
2025-06-16 20:25:44.175636+00:00,29.49068622307437
2025-06-16 20:25:44.943356+00:00,29.43223583851538
2025-06-16 20:25:45.504556+00:00,29.47365586497523
2025-06-16 20:25:45.938077+00:00,29.56153136841805
2025-06-16 20:25:46.564132+00:00,29.655262761768
2025-06-16 20:25:47.265911+00:00,29.720102338076615
2025-06-16 20:25:47.668640+00:00,29.8311345439889
2025-06-16 20:25:48.954779+00:00,29.942168201056106
2025-06-16 20:25:50.100890+00:00,29.93110856045567
2025-06-16 20:25:50.366906+00:00,29.983302502968865
2025-06-16 20:25:51.065814+00:00,29.64421866321595
2025-06-16 20:25:51.562807+00:00,29.462894509644645
2025-06-16 20:25:51.961852+00:00,29.404314090704997
2025-06-16 20:25:53.490013+00:00,29.72649403687285
2025-06-16 20:25:54.595410+00:00,29.908204422042708
2025-06-16 20:26:00.644805+00:00,29.972763257574574
2025-06-16 20:26:01.221826+00:00,29.984607685268887
2025-06-16 20:26:01.684394+00:00,29.996321469089537
2025-06-16 20:26:02.077937+00:00,29.984607685268887
2025-06-16 20:26:05.570161+00:00,29.41671515020374
2025-06-16 20:26:06.020948+00:00,29.44000932622813
2025-06-16 20:26:06.598268+00:00,29.516159407148493
2025-06-16 20:26:07.263477+00:00,29.69787498782379
2025-06-16 20:26:07.844244+00:00,29.809293518420905
2025-06-16 20:26:15.302930+00:00,29.551305029177517
2025-06-16 20:26:17.806783+00:00,29.82074285558736
2025-06-16 20:26:18.670540+00:00,29.58086291891712
2025-06-16 20:26:18.900755+00:00,29.586450291733925
2025-06-16 20:26:19.553160+00:00,29.59816529936992
2025-06-16 20:26:20.246453+00:00,29.50458007077786
2025-06-16 20:26:20.488348+00:00,29.51643102962132
2025-06-16 20:26:20.806716+00:00,29.52215278529437
2025-06-16 20:26:22.186038+00:00,29.33456796673326
2025-06-16 20:26:26.681553+00:00,29.539454302828997
2025-06-16 20:26:27.023995+00:00,29.621864401238817
2025-06-16 20:26:27.458963+00:00,29.697473746945736
2025-06-16 20:26:31.466417+00:00,29.32257596501468
2025-06-16 20:26:31.973326+00:00,29.28756565676655
2025-06-16 20:26:34.278878+00:00,29.047516763821925
2025-06-16 20:26:35.624342+00:00,28.942205756946798
2025-06-16 20:26:36.843125+00:00,29.252694620754916
2025-06-16 20:26:38.116666+00:00,29.551305029177517
2025-06-16 20:26:38.351739+00:00,29.68030317196832
2025-06-16 20:26:38.592491+00:00,29.726760913607446
2025-06-16 20:26:39.126085+00:00,29.826599964984002
2025-06-16 20:26:41.701564+00:00,29.686160453905263
2025-06-16 20:26:41.903159+00:00,29.64542791864474
2025-06-16 20:26:42.177812+00:00,29.58086291891712
2025-06-16 20:26:42.471912+00:00,29.528010336829624
2025-06-16 20:26:43.723036+00:00,29.469843368125357
2025-06-16 20:26:44.760585+00:00,29.586990272133143
2025-06-16 20:26:46.561956+00:00,29.118519031275795
2025-06-16 20:26:49.355180+00:00,29.270129987711858
2025-06-16 20:26:49.903368+00:00,29.253111067120503
2025-06-16 20:26:50.620081+00:00,29.22382186997002
2025-06-16 20:26:51.807942+00:00,29.50471601085482
2025-06-16 20:26:52.116760+00:00,29.586720303489187
2025-06-16 20:26:52.909532+00:00,29.691883922567396
2025-06-16 20:26:53.461593+00:00,29.704266808330992
2025-06-16 20:26:54.940655+00:00,29.657276497525608
2025-06-16 20:26:55.166709+00:00,29.604292397296028
2025-06-16 20:26:55.801768+00:00,29.405273809066028
2025-06-16 20:26:56.862381+00:00,29.709990223040517
2025-06-16 20:26:57.456933+00:00,29.598704742876272
2025-06-16 20:26:59.799580+00:00,29.59325218329432
2025-06-16 20:27:01.779970+00:00,29.774417011492716
2025-06-16 20:27:02.259529+00:00,29.856544876228483
2025-06-16 20:27:02.669383+00:00,29.938407021503963
2025-06-16 20:27:03.036186+00:00,29.938276068868177
2025-06-16 20:27:04.026983+00:00,30.037968565677332
2025-06-16 20:27:06.220935+00:00,30.096791081811052
2025-06-16 20:27:07.139146+00:00,29.98539027740166
2025-06-16 20:27:11.512763+00:00,29.001357494812112
2025-06-16 20:27:11.890761+00:00,28.97792470827727
2025-06-16 20:27:12.428141+00:00,28.7555942371013
2025-06-16 20:27:12.745769+00:00,28.59140703659411
2025-06-16 20:27:19.312297+00:00,29.598704742876272
2025-06-16 20:27:19.644528+00:00,29.569148119818298
2025-06-16 20:27:19.991453+00:00,29.57541086383149
2025-06-16 20:27:20.199345+00:00,29.48741565832971
2025-06-16 20:27:20.702961+00:00,29.37612296940083
2025-06-16 20:27:20.970295+00:00,29.30555458106879
2025-06-16 20:27:23.134007+00:00,29.15366671344648
2025-06-16 20:27:23.351034+00:00,29.142090917854624
2025-06-16 20:27:23.562841+00:00,29.153246875955812
2025-06-16 20:27:24.504688+00:00,29.317684477758785
2025-06-16 20:27:24.872571+00:00,29.317546422220985
2025-06-16 20:27:25.241571+00:00,29.258691390715672
2025-06-16 20:27:25.734852+00:00,29.118238344843142
2025-06-16 20:27:26.551825+00:00,28.87218886624
2025-06-16 20:27:27.062473+00:00,28.848467757971754
2025-06-16 20:27:27.279875+00:00,28.860185147635352
2025-06-16 20:27:27.797513+00:00,28.895194144927604
2025-06-16 20:27:29.252990+00:00,29.0830894976724
2025-06-16 20:27:29.612174+00:00,29.158685256301666
2025-06-16 20:27:32.031827+00:00,29.27640370894254
2025-06-16 20:27:35.821870+00:00,29.28267692043167
2025-06-16 20:27:38.719315+00:00,29.481830579875723
2025-06-16 20:27:39.229903+00:00,29.539725409944776
2025-06-16 20:27:41.045773+00:00,29.405273809066028
2025-06-16 20:27:41.353486+00:00,29.39927904467527
2025-06-16 20:27:41.579710+00:00,29.42270976118111
2025-06-16 20:27:41.829728+00:00,29.411131426066156
2025-06-16 20:27:42.456480+00:00,29.39397009401497
2025-06-16 20:27:43.694082+00:00,29.411816280227377
2025-06-16 20:27:45.011217+00:00,29.26482667608963
2025-06-16 20:27:49.794626+00:00,29.03636509741927
2025-06-16 20:27:53.454401+00:00,29.833117920472596
2025-06-16 20:28:02.550394+00:00,29.276542245121
2025-06-16 20:28:12.206193+00:00,29.258691390715672
2025-06-16 20:28:13.746346+00:00,28.907054306884834
2025-06-16 20:28:14.573107+00:00,28.58496241122255
2025-06-16 20:28:15.501287+00:00,28.813315349338023
2025-06-16 20:28:16.392122+00:00,28.983641038010465
2025-06-16 20:28:17.230859+00:00,29.153246875955812
2025-06-16 20:28:18.010106+00:00,29.48700726639524
2025-06-16 20:28:19.379332+00:00,29.809293518420905
2025-06-16 20:28:20.434911+00:00,29.73900879766497
2025-06-16 20:28:21.127210+00:00,29.64542791864474
2025-06-16 20:28:21.938731+00:00,29.469707046910788
2025-06-16 20:28:22.966575+00:00,29.41671515020374
2025-06-16 20:28:23.885266+00:00,29.76243719767526
2025-06-16 20:28:24.637385+00:00,29.35827490637162
2025-06-16 20:28:25.865407+00:00,29.35855011008348
2025-06-16 20:28:26.677345+00:00,29.375848168411125
2025-06-16 20:28:27.168185+00:00,29.217685574949723
2025-06-16 20:28:27.780455+00:00,29.30555458106879
2025-06-16 20:28:28.549124+00:00,29.469843368125357
2025-06-16 20:28:29.176750+00:00,29.545989310022367
2025-06-16 20:28:29.720889+00:00,29.60442718567247
2025-06-16 20:28:30.439892+00:00,29.69241907106216
2025-06-16 20:28:31.570568+00:00,29.79185511396476
2025-06-16 20:28:32.784299+00:00,29.915111566723468
2025-06-16 20:28:33.924013+00:00,29.944394537563067
2025-06-16 20:28:34.491627+00:00,29.897410252857387
2025-06-16 20:28:35.370350+00:00,29.803834001132994
2025-06-16 20:28:36.205641+00:00,29.551846620277225
2025-06-16 20:28:36.899154+00:00,29.440556018096
2025-06-16 20:28:37.710585+00:00,29.651419366990652
2025-06-16 20:28:38.262432+00:00,29.44668665509895
2025-06-16 20:28:38.578569+00:00,29.370402811059545
2025-06-16 20:28:39.415050+00:00,29.20066911780717
2025-06-16 20:28:39.892244+00:00,29.07165489593243
2025-06-16 20:28:40.452058+00:00,29.387838159023534
2025-06-16 20:28:41.004124+00:00,29.56396688831225
2025-06-16 20:28:42.036137+00:00,29.592847512496924
2025-06-16 20:28:42.959960+00:00,29.786130843231778
2025-06-16 20:28:43.562257+00:00,29.92109931323844
2025-06-16 20:28:44.164026+00:00,29.850820089845797
2025-06-16 20:28:45.532792+00:00,29.915636299975716
2025-06-16 20:28:48.332511+00:00,29.406232999271953
2025-06-16 20:28:49.626026+00:00,29.839766943438658
2025-06-16 20:28:49.960780+00:00,29.9216237349904
2025-06-16 20:28:53.398865+00:00,29.582078042320127
2025-06-16 20:28:53.892418+00:00,29.71651460471661
2025-06-16 20:28:55.463831+00:00,29.968865197557804
2025-06-16 20:28:55.706799+00:00,29.99215883590388
2025-06-16 20:28:55.968547+00:00,30.027035043447196
2025-06-16 20:28:57.905990+00:00,30.08585387272487
2025-06-16 20:28:58.356100+00:00,30.050718533395436
2025-06-16 20:28:59.275897+00:00,30.03900667375804
2025-06-16 20:29:00.119169+00:00,30.02716491420657
2025-06-16 20:29:01.583336+00:00,29.881155702963877
2025-06-16 20:29:02.091978+00:00,29.769888473683242
2025-06-16 20:29:08.487428+00:00,28.896765804580163
2025-06-16 20:29:09.215511+00:00,29.21893815075994
2025-06-16 20:29:11.114948+00:00,29.74593103308499
2025-06-16 20:29:14.568823+00:00,29.669660763932082
2025-06-16 20:29:14.792862+00:00,29.6932214704845
2025-06-16 20:29:15.557711+00:00,29.376809783245974
2025-06-16 20:29:16.007062+00:00,29.265519866533086
2025-06-16 20:29:17.081504+00:00,29.400375842119427
2025-06-16 20:29:18.742439+00:00,29.036788898084424
2025-06-16 20:29:19.050375+00:00,29.142090917854624
2025-06-16 20:29:20.062297+00:00,29.65195622208392
2025-06-16 20:29:20.774010+00:00,29.821801169629886
2025-06-16 20:29:21.066503+00:00,29.862533393584396
2025-06-16 20:29:21.316921+00:00,29.915767456348078
2025-06-16 20:29:21.558860+00:00,29.927086904795708
2025-06-16 20:29:21.784764+00:00,29.938668894446995
2025-06-16 20:29:22.368080+00:00,29.88635442152087
2025-06-16 20:29:22.570872+00:00,29.86279696800974
2025-06-16 20:29:22.926329+00:00,29.850820089845797
2025-06-16 20:29:23.254965+00:00,29.8335143047989
2025-06-16 20:29:23.692166+00:00,29.76336780657003
2025-06-16 20:29:27.460427+00:00,29.3712272933845
2025-06-16 20:29:32.298094+00:00,29.44123914041445
2025-06-16 20:29:32.666398+00:00,29.458946964406543
2025-06-16 20:29:33.042383+00:00,29.523102730083792
2025-06-16 20:29:34.320520+00:00,29.66979473865778
2025-06-16 20:29:34.684821+00:00,29.69894448929715
2025-06-16 20:29:34.922779+00:00,29.721837699082123
2025-06-16 20:29:35.199808+00:00,29.76869296844653
2025-06-16 20:29:35.675809+00:00,29.839370857408124
2025-06-16 20:29:36.738174+00:00,29.628259730985704
2025-06-16 20:29:37.334501+00:00,29.751521519999535
2025-06-16 20:29:37.597560+00:00,29.734084630286382
2025-06-16 20:29:37.800956+00:00,29.768958711715634
2025-06-16 20:29:38.810738+00:00,29.669660763932082
2025-06-16 20:29:39.145867+00:00,29.587665005131196
2025-06-16 20:29:40.298633+00:00,29.593387052004545
2025-06-16 20:29:42.998668+00:00,29.177377602612086
2025-06-16 20:29:44.052361+00:00,29.58180809034211
2025-06-16 20:29:44.501972+00:00,29.71052439381065
2025-06-16 20:29:44.896630+00:00,29.810352733681178
2025-06-16 20:29:45.435550+00:00,29.857072293483565
2025-06-16 20:29:45.849409+00:00,29.909517464979753
2025-06-16 20:29:46.343133+00:00,29.92748000364966
2025-06-16 20:29:47.151885+00:00,30.038747211392096
2025-06-16 20:29:48.089053+00:00,30.097178375715192
2025-06-16 20:29:48.800335+00:00,30.126973356368765
2025-06-16 20:29:49.756409+00:00,30.10927723262554
2025-06-16 20:29:51.046881+00:00,29.675651436589064
2025-06-16 20:29:51.347046+00:00,29.587934822885753
2025-06-16 20:29:51.815203+00:00,29.49422513589464
2025-06-16 20:29:52.117787+00:00,29.447369334046208
2025-06-16 20:29:52.407746+00:00,29.417947283627804
2025-06-16 20:29:52.569737+00:00,29.429661528051366
2025-06-16 20:29:52.885915+00:00,29.49395317050997
2025-06-16 20:29:53.195740+00:00,29.523374045877723
2025-06-16 20:29:54.224077+00:00,29.11364358215656
2025-06-16 20:29:55.292280+00:00,29.113362912384172
2025-06-16 20:29:57.182776+00:00,28.896480145309276
2025-06-16 20:29:57.425481+00:00,28.86118819000743
2025-06-16 20:29:58.093910+00:00,28.75002482986195
2025-06-16 20:29:58.650807+00:00,28.749880305519603
2025-06-16 20:29:59.599907+00:00,28.82018044134634
2025-06-16 20:30:00.090224+00:00,28.89633729950225
2025-06-16 20:30:02.289254+00:00,29.130515340063152
2025-06-16 20:30:02.906935+00:00,29.124797750674098
2025-06-16 20:30:03.666151+00:00,29.0545038445679
2025-06-16 20:30:06.293204+00:00,29.36454525840741
2025-06-16 20:30:07.691012+00:00,29.27681928514009
2025-06-16 20:30:09.858685+00:00,29.52269567555705
2025-06-16 20:30:13.255107+00:00,29.69241907106216
2025-06-16 20:30:13.691771+00:00,29.715713751202337
2025-06-16 20:30:14.193892+00:00,29.680437098696622
2025-06-16 20:30:17.732235+00:00,29.42312033563925
2025-06-16 20:30:18.206395+00:00,29.46997967856156
2025-06-16 20:30:22.699772+00:00,29.57554595543285
2025-06-16 20:30:23.425269+00:00,29.65767895368448
2025-06-16 20:30:24.122561+00:00,29.762969038848535
2025-06-16 20:30:24.463492+00:00,29.786661524518184
2025-06-16 20:30:24.931116+00:00,29.845095416905476
2025-06-16 20:30:25.398010+00:00,29.9037922771968
2025-06-16 20:30:25.732204+00:00,29.944132777263647
2025-06-16 20:30:26.585193+00:00,30.00894632072278
2025-06-16 20:30:27.039508+00:00,30.026515452652117
2025-06-16 20:30:27.379403+00:00,30.07336603183513
2025-06-16 20:30:33.972078+00:00,29.136513261922428
2025-06-16 20:30:35.000209+00:00,29.118799674588377
2025-06-16 20:30:44.679831+00:00,29.569688819340403
2025-06-16 20:30:47.624580+00:00,29.18253734345374
2025-06-16 20:30:48.065269+00:00,29.11223980209315
2025-06-16 20:30:48.397505+00:00,29.10638160874462
2025-06-16 20:30:48.848314+00:00,29.088947663829188
2025-06-16 20:30:49.075399+00:00,29.223543578585257
2025-06-16 20:30:49.293526+00:00,29.34070155446806
2025-06-16 20:30:49.475557+00:00,29.492864877841235
2025-06-16 20:30:49.665539+00:00,29.563155436353604
2025-06-16 20:30:50.164573+00:00,29.69787498782379
2025-06-16 20:30:50.472332+00:00,29.750456763970238
2025-06-16 20:30:51.132696+00:00,29.84456737662598
2025-06-16 20:30:51.507549+00:00,29.8797084357568
2025-06-16 20:30:51.742461+00:00,29.914980356469695
2025-06-16 20:30:52.001356+00:00,29.903004242812425
2025-06-16 20:30:52.644370+00:00,29.891685010336
2025-06-16 20:30:53.138468+00:00,29.89142204225641
2025-06-16 20:30:53.465327+00:00,29.920705883773763
2025-06-16 20:30:53.882669+00:00,29.96157214752083
2025-06-16 20:30:54.400406+00:00,29.786130843231778
2025-06-16 20:30:54.883946+00:00,29.645696523520215
2025-06-16 20:30:55.252163+00:00,29.645696523520215
2025-06-16 20:30:55.637641+00:00,29.505123766416446
2025-06-16 20:30:56.164823+00:00,29.35868769577107
2025-06-16 20:30:56.541489+00:00,29.323542110284603
2025-06-16 20:30:56.666196+00:00,29.35855011008348
2025-06-16 20:30:57.016805+00:00,29.346697089908073
2025-06-16 20:30:57.573692+00:00,29.399416182081232
2025-06-16 20:30:57.850871+00:00,29.399553308708487
2025-06-16 20:30:58.104018+00:00,29.49913046854375
2025-06-16 20:30:58.378504+00:00,29.598704742876272
2025-06-16 20:30:58.813044+00:00,29.557974517203547
2025-06-16 20:30:59.389600+00:00,29.42925131662577
2025-06-16 20:31:19.333289+00:00,30.097307452132366
2025-06-16 20:31:21.022395+00:00,29.83404266636074
2025-06-16 20:31:21.416819+00:00,29.617218575971243
2025-06-16 20:31:22.001082+00:00,29.575951165569723
2025-06-16 20:31:22.469282+00:00,29.687364802502422
2025-06-16 20:31:24.976684+00:00,29.195369052446516
2025-06-16 20:31:25.443783+00:00,29.12493797825057
2025-06-16 20:31:25.723533+00:00,29.142511028759788
2025-06-16 20:31:26.037589+00:00,29.219077271952262
2025-06-16 20:31:26.439459+00:00,29.271792903962453
2025-06-16 20:31:27.600300+00:00,29.44151231389236
2025-06-16 20:31:28.093101+00:00,29.61136184531983
2025-06-16 20:31:28.821258+00:00,29.78719203337452
2025-06-16 20:31:29.347140+00:00,29.769490068930274
2025-06-16 20:31:29.865785+00:00,29.75178760123636
2025-06-16 20:31:31.579577+00:00,29.886748864800225
2025-06-16 20:31:33.016755+00:00,29.775213774011135
2025-06-16 20:31:34.522137+00:00,29.47106977403021
2025-06-16 20:31:34.881389+00:00,29.418494618239237
2025-06-16 20:31:35.307157+00:00,29.429934948442376
2025-06-16 20:31:35.673940+00:00,29.47066106906712
2025-06-16 20:31:36.501503+00:00,29.435928548354394
2025-06-16 20:31:36.987547+00:00,29.5413511472841
2025-06-16 20:31:37.790413+00:00,29.459219713625796
2025-06-16 20:31:38.186128+00:00,29.388935857915783
2025-06-16 20:31:38.701594+00:00,29.37722174220751
2025-06-16 20:31:39.109982+00:00,29.28922628591466
2025-06-16 20:31:39.562377+00:00,29.248225048440815
2025-06-16 20:31:40.066955+00:00,29.318236592119202
2025-06-16 20:31:41.016119+00:00,29.324093956156723
2025-06-16 20:31:41.556503+00:00,29.2247955502618
2025-06-16 20:31:41.944222+00:00,29.359375462525755
2025-06-16 20:31:42.769695+00:00,29.593656757091647
2025-06-16 20:31:43.363468+00:00,29.69335516600095
2025-06-16 20:31:43.897140+00:00,29.76376647729866
2025-06-16 20:31:44.493699+00:00,29.804893494575502
2025-06-16 20:31:45.104420+00:00,29.82818637217661
2025-06-16 20:31:47.083824+00:00,29.51152433417577
2025-06-16 20:31:48.027569+00:00,29.3005262263179
2025-06-16 20:31:49.909088+00:00,29.125078195047067
2025-06-16 20:31:51.229633+00:00,29.095649361069242
2025-06-16 20:31:51.497677+00:00,29.107224408925156
2025-06-16 20:31:53.536650+00:00,28.404217060541882
2025-06-16 20:31:54.556872+00:00,28.608983416894763
2025-06-16 20:31:55.275814+00:00,28.69671880956441
2025-06-16 20:31:56.654430+00:00,29.20052973055827
2025-06-16 20:31:57.447101+00:00,29.42884100819319
2025-06-16 20:31:59.770024+00:00,29.17124041974498
2025-06-16 20:32:00.383833+00:00,29.276542245121
2025-06-16 20:32:01.873868+00:00,29.22981879176629
2025-06-16 20:32:02.628124+00:00,29.305830992971757
2025-06-16 20:32:03.990096+00:00,29.4054108685743
2025-06-16 20:32:04.844536+00:00,29.598839576808434
2025-06-16 20:32:07.496106+00:00,29.65155359693024
2025-06-16 20:32:09.081960+00:00,29.633847915479134
2025-06-16 20:32:14.180062+00:00,29.253249861016922
2025-06-16 20:32:17.447683+00:00,29.024507286947834
2025-06-16 20:32:19.939053+00:00,29.030365552951288
2025-06-16 20:32:20.765103+00:00,29.02464870966394
2025-06-16 20:32:21.149695+00:00,29.012649157222462
2025-06-16 20:32:21.542868+00:00,29.012365989351967
2025-06-16 20:32:22.204807+00:00,29.030224186588313
2025-06-16 20:32:23.205205+00:00,29.111958916719892
2025-06-16 20:32:23.685479+00:00,29.14153061906238
2025-06-16 20:32:24.806089+00:00,29.035941199730445
2025-06-16 20:32:25.481914+00:00,28.842609048162274
2025-06-16 20:32:25.932890+00:00,28.883476740807453
2025-06-16 20:32:26.358775+00:00,28.953922827086465
2025-06-16 20:32:27.339437+00:00,29.012649157222462
2025-06-16 20:32:27.845313+00:00,29.141390517414532
2025-06-16 20:32:28.128395+00:00,29.269991341292148
2025-06-16 20:32:28.615270+00:00,29.270684465597537
2025-06-16 20:32:28.999986+00:00,29.199693180692464
2025-06-16 20:32:30.828544+00:00,29.100382833853498
2025-06-16 20:32:35.074950+00:00,28.876902194686878
2025-06-16 20:32:35.711128+00:00,28.665969645213575
2025-06-16 20:32:36.085828+00:00,28.60737497346699
2025-06-16 20:32:36.764348+00:00,28.689697895434467
2025-06-16 20:32:37.537209+00:00,28.853465883880812
2025-06-16 20:32:37.859329+00:00,28.8881910661839
2025-06-16 20:32:38.302793+00:00,28.865040726817064
2025-06-16 20:32:40.265939+00:00,28.906340210182083
2025-06-16 20:32:40.496077+00:00,28.9173443766789
2025-06-16 20:32:40.730237+00:00,28.905482938364333
2025-06-16 20:32:41.445225+00:00,28.689407234290464
2025-06-16 20:32:43.240058+00:00,28.923916987216746
2025-06-16 20:32:43.859961+00:00,28.964929117445088
2025-06-16 20:32:44.196476+00:00,29.02337551712187
2025-06-16 20:32:44.579068+00:00,29.0349517278084
2025-06-16 20:32:44.779837+00:00,29.034386078111904
2025-06-16 20:32:45.006366+00:00,29.02866844508564
2025-06-16 20:32:45.461352+00:00,29.040527909021264
2025-06-16 20:32:49.170401+00:00,29.6970724090718
2025-06-16 20:32:49.545209+00:00,29.67377574920178
2025-06-16 20:32:49.894717+00:00,29.69121474445873
2025-06-16 20:32:50.246777+00:00,29.761506060707138
2025-06-16 20:32:50.587643+00:00,29.837785543388108
2025-06-16 20:32:50.797930+00:00,29.843378655564443
2025-06-16 20:32:51.140997+00:00,29.87279770374557
2025-06-16 20:32:51.365577+00:00,29.866544741942704
2025-06-16 20:32:51.634069+00:00,29.84897198305555
2025-06-16 20:32:51.900170+00:00,29.84311437678548
2025-06-16 20:32:53.646893+00:00,29.504172185877664
2025-06-16 20:32:53.889495+00:00,29.422025254845583
2025-06-16 20:32:54.400870+00:00,29.369440424576762
2025-06-16 20:32:56.339213+00:00,29.09982043982156
2025-06-16 20:32:56.689067+00:00,29.070245662084282
2025-06-16 20:32:57.012182+00:00,29.087962572168852
2025-06-16 20:32:57.593969+00:00,29.181559694835116
2025-06-16 20:32:58.498109+00:00,29.263717010854645
2025-06-16 20:32:58.795627+00:00,29.298728466157204
2025-06-16 20:33:05.172978+00:00,29.246141971429708
2025-06-16 20:33:09.034926+00:00,29.434014790767357
2025-06-16 20:33:09.559238+00:00,29.41630424504722
2025-06-16 20:33:11.614299+00:00,29.386877106608246
2025-06-16 20:33:16.383523+00:00,29.422299089715604
2025-06-16 20:33:21.378736+00:00,28.777729724264276
2025-06-16 20:33:23.068116+00:00,29.12953383963607
2025-06-16 20:33:24.253177+00:00,29.305139882370742
2025-06-16 20:33:24.662803+00:00,29.387289050887393
2025-06-16 20:33:25.474567+00:00,29.46929801859682
2025-06-16 20:33:26.195859+00:00,29.645293600040674
2025-06-16 20:33:26.720185+00:00,29.715313178952737
2025-06-16 20:33:27.535873+00:00,29.57473524415652
2025-06-16 20:33:28.385023+00:00,29.387151746906447
2025-06-16 20:33:29.127857+00:00,29.43987262631487
2025-06-16 20:33:29.810130+00:00,29.521881275494245
2025-06-16 20:33:31.150214+00:00,29.317132190933062
2025-06-16 20:33:38.623169+00:00,29.41072038422567
2025-06-16 20:33:39.005391+00:00,29.44586708467257
2025-06-16 20:33:39.753182+00:00,29.33456796673326
2025-06-16 20:33:41.411068+00:00,29.07095041376155
2025-06-16 20:33:41.589278+00:00,29.05923360876244
2025-06-16 20:33:41.833159+00:00,29.047516763821925
2025-06-16 20:33:42.066885+00:00,29.04137578671797
2025-06-16 20:33:42.361533+00:00,29.059092545723107
2025-06-16 20:33:44.860287+00:00,28.988222488967452
2025-06-16 20:33:45.584935+00:00,29.10024225151569
2025-06-16 20:33:47.634297+00:00,29.35786201996207
2025-06-16 20:33:48.087454+00:00,29.457309563704015
2025-06-16 20:33:48.427385+00:00,29.504172185877664
2025-06-16 20:33:48.718534+00:00,29.55103416895969
2025-06-16 20:33:49.276925+00:00,29.591767916147358
2025-06-16 20:33:49.603396+00:00,29.603753136012745
2025-06-16 20:33:49.863321+00:00,29.67990132711903
2025-06-16 20:33:50.239549+00:00,29.69148244803425
2025-06-16 20:33:50.606068+00:00,29.714778931738675
2025-06-16 20:33:51.411517+00:00,29.67404383387185
2025-06-16 20:33:51.618815+00:00,29.656471294215464
2025-06-16 20:33:53.692111+00:00,29.29328535324966
2025-06-16 20:33:54.177399+00:00,29.34628383310941
2025-06-16 20:33:54.394764+00:00,29.392872414698445
2025-06-16 20:33:54.571453+00:00,29.43415155779834
2025-06-16 20:33:54.901733+00:00,29.50444411992268
2025-06-16 20:33:55.515631+00:00,29.44000932622813
2025-06-16 20:33:58.123221+00:00,29.24739210868058
2025-06-16 20:33:58.309558+00:00,29.223265244082366
2025-06-16 20:33:58.927659+00:00,29.240839597833556
2025-06-16 20:33:59.134559+00:00,29.31113611415675
2025-06-16 20:33:59.496799+00:00,29.28184607376572
2025-06-16 20:34:01.911880+00:00,29.33484375053042
2025-06-16 20:34:02.324910+00:00,29.4518613880317
2025-06-16 20:34:02.776338+00:00,29.551305029177517
2025-06-16 20:34:03.473600+00:00,29.668722639084216
2025-06-16 20:34:03.790858+00:00,29.750589896193603
2025-06-16 20:34:04.125655+00:00,29.774018484744776
2025-06-16 20:34:04.594495+00:00,29.791457158823857
2025-06-16 20:34:04.995839+00:00,29.826996712267572
2025-06-16 20:34:05.529307+00:00,29.856281102941587
2025-06-16 20:34:13.268480+00:00,29.205830174483307
2025-06-16 20:34:13.670036+00:00,28.995074037992563
2025-06-16 20:34:14.552421+00:00,29.100382833853498
2025-06-16 20:34:15.558844+00:00,29.33484375053042
2025-06-16 20:34:15.993812+00:00,29.317132190933062
2025-06-16 20:34:17.774134+00:00,29.335119491211543
2025-06-16 20:34:18.663466+00:00,29.469843368125357
2025-06-16 20:34:19.333332+00:00,29.61041917368165
2025-06-16 20:34:20.692534+00:00,29.704133182365503
2025-06-16 20:34:21.011184+00:00,29.709990223040517
2025-06-16 20:34:21.276499+00:00,29.67484782922386
2025-06-16 20:34:21.485772+00:00,29.633847915479134
2025-06-16 20:34:21.982885+00:00,29.558109799364573
2025-06-16 20:34:22.157569+00:00,29.51697414522912
2025-06-16 20:34:22.608711+00:00,29.399553308708487
2025-06-16 20:34:23.111296+00:00,29.130094761702782
2025-06-16 20:34:23.402638+00:00,29.077372140053125
2025-06-16 20:34:23.587915+00:00,29.077372140053125
2025-06-16 20:34:25.225962+00:00,29.329537643340924
2025-06-16 20:34:25.745292+00:00,29.552117351159147
2025-06-16 20:34:27.107034+00:00,29.75138846321556
2025-06-16 20:34:27.333242+00:00,29.803701515957087
2025-06-16 20:34:28.500524+00:00,29.86279696800974
2025-06-16 20:34:28.989331+00:00,29.903398308498154
2025-06-16 20:34:29.574206+00:00,29.932812377361458
2025-06-16 20:34:30.125998+00:00,29.762836094720715
2025-06-16 20:34:30.994971+00:00,29.50539554956652
2025-06-16 20:34:32.050440+00:00,29.446823212445338
2025-06-16 20:34:32.825912+00:00,29.42353081309011
2025-06-16 20:34:34.001364+00:00,29.37694711367861
2025-06-16 20:34:34.347227+00:00,29.358962834809592
2025-06-16 20:34:35.667389+00:00,29.347110249696183
2025-06-16 20:34:36.320005+00:00,29.39410725542526
2025-06-16 20:34:36.897086+00:00,29.370540251727437
2025-06-16 20:34:37.288845+00:00,29.446823212445338
2025-06-16 20:34:37.934682+00:00,29.505531424974258
2025-06-16 20:34:38.569869+00:00,29.42353081309011
2025-06-16 20:34:39.112960+00:00,29.38811264841906
2025-06-16 20:34:39.555789+00:00,29.417673551650505
2025-06-16 20:34:40.082768+00:00,29.49368116201232
2025-06-16 20:34:40.374376+00:00,29.552117351159147
2025-06-16 20:34:40.817392+00:00,29.6401081361104
2025-06-16 20:34:41.258429+00:00,29.745265413638013
2025-06-16 20:34:41.663945+00:00,29.83910674617127
2025-06-16 20:34:42.040109+00:00,29.86865347070133
2025-06-16 20:34:42.340297+00:00,29.83910674617127
2025-06-16 20:34:42.833883+00:00,29.821404382689387
2025-06-16 20:34:43.458980+00:00,29.897541664409182
2025-06-16 20:34:43.853092+00:00,29.968212488978768
2025-06-16 20:34:44.151108+00:00,29.804363834068607
2025-06-16 20:34:44.547153+00:00,29.728227965079757
2025-06-16 20:34:44.924285+00:00,29.628663129122454
2025-06-16 20:34:45.582644+00:00,29.5171098971857
2025-06-16 20:34:46.119100+00:00,29.49408915859143
2025-06-16 20:34:46.683739+00:00,29.470524812522722
2025-06-16 20:34:47.262506+00:00,29.49354514159612
2025-06-16 20:34:48.527306+00:00,29.417947283627804
2025-06-16 20:34:49.401106+00:00,29.376397727275293
2025-06-16 20:34:49.879459+00:00,29.5171098971857
2025-06-16 20:34:50.451285+00:00,29.60510096588863
2025-06-16 20:34:51.158180+00:00,29.73994128550971
2025-06-16 20:34:51.742733+00:00,29.839238807178017
2025-06-16 20:34:51.977088+00:00,29.874378315786466
2025-06-16 20:34:52.436780+00:00,29.974199308138015
2025-06-16 20:34:53.000257+00:00,30.009466716656814
2025-06-16 20:34:53.801772+00:00,30.06217142748505
2025-06-16 20:34:54.286506+00:00,30.015192819845367
2025-06-16 20:34:54.746385+00:00,29.851347732399855
2025-06-16 20:34:55.330561+00:00,29.78080488205723
2025-06-16 20:34:55.884869+00:00,29.675517528971696
2025-06-16 20:34:56.718214+00:00,29.845755224781147
2025-06-16 20:34:57.203947+00:00,29.96873467739405
2025-06-16 20:34:57.550681+00:00,30.003870855263106
2025-06-16 20:34:58.076414+00:00,30.079868751650604
2025-06-16 20:34:59.101472+00:00,29.62347873444259
2025-06-16 20:35:04.166628+00:00,30.132957705118557
2025-06-16 20:35:08.823016+00:00,30.06880370153783
2025-06-16 20:35:09.181434+00:00,29.975373288758462
2025-06-16 20:35:09.631846+00:00,29.88141870236244
2025-06-16 20:35:09.973839+00:00,29.787987473353052
2025-06-16 20:35:10.316672+00:00,29.71172564757552
2025-06-16 20:35:10.732265+00:00,29.723571238742633
2025-06-16 20:35:11.118133+00:00,29.81141125922854
2025-06-16 20:35:11.522704+00:00,29.881813120637144
2025-06-16 20:35:12.062222+00:00,29.805290626799444
2025-06-16 20:35:12.665427+00:00,29.79410836103147
2025-06-16 20:35:13.065743+00:00,29.676856120163073
2025-06-16 20:35:15.125064+00:00,29.782264104645584
2025-06-16 20:35:15.547016+00:00,29.905104805731025
2025-06-16 20:35:16.492778+00:00,30.05735136903694
2025-06-16 20:35:17.532659+00:00,30.110308210178847
2025-06-16 20:35:18.338314+00:00,30.110179375698422
2025-06-16 20:35:25.364682+00:00,29.02634494138197
2025-06-16 20:35:26.658380+00:00,29.42476166339983
2025-06-16 20:35:27.006943+00:00,29.565183338740677
2025-06-16 20:35:28.051695+00:00,29.500897300989035
2025-06-16 20:35:28.450118+00:00,29.56545354250119
2025-06-16 20:35:28.816268+00:00,29.65888574017729
2025-06-16 20:35:29.170581+00:00,29.776275520527832
2025-06-16 20:35:30.725290+00:00,30.045640334486404
2025-06-16 20:35:31.260442+00:00,30.07478858742144
2025-06-16 20:35:36.580848+00:00,29.360200426928582
2025-06-16 20:35:37.529000+00:00,29.319202377255888
2025-06-16 20:35:39.822709+00:00,29.518602457351427
2025-06-16 20:35:40.335471+00:00,29.553470358890458
2025-06-16 20:35:40.781739+00:00,29.52418773458511
2025-06-16 20:35:41.356965+00:00,29.67059836068622
2025-06-16 20:35:42.895076+00:00,29.9457026924915
2025-06-16 20:35:43.261895+00:00,29.93412176648673
2025-06-16 20:35:54.221521+00:00,29.58833946868409
2025-06-16 20:35:55.410149+00:00,29.611631083074332
2025-06-16 20:35:55.843420+00:00,29.611631083074332
2025-06-16 20:35:56.078719+00:00,29.60563979606245
2025-06-16 20:35:56.404662+00:00,29.61122721027604
2025-06-16 20:35:56.599855+00:00,29.634654341425584
2025-06-16 20:35:56.873670+00:00,29.634519964045158
2025-06-16 20:35:57.142098+00:00,29.576086214059615
2025-06-16 20:35:58.492781+00:00,29.189651003507997
2025-06-16 20:36:00.939443+00:00,28.972776405711432
2025-06-16 20:36:03.572464+00:00,28.697444506724196
2025-06-16 20:36:07.088708+00:00,29.376397727275293
2025-06-16 20:36:07.955649+00:00,29.49940240748034
2025-06-16 20:36:10.292661+00:00,29.3005262263179
2025-06-16 20:36:10.788659+00:00,29.15380663771699
2025-06-16 20:36:11.276983+00:00,29.05464487771684
2025-06-16 20:36:11.766294+00:00,29.10122610149805
2025-06-16 20:36:11.982978+00:00,29.136373157824913
2025-06-16 20:36:13.038768+00:00,29.106803057345218
2025-06-16 20:36:13.942046+00:00,28.94891803750644
2025-06-16 20:36:14.652302+00:00,28.954633968770217
2025-06-16 20:36:17.185147+00:00,28.855186643585473
2025-06-16 20:36:20.165684+00:00,29.33539518877666
2025-06-16 20:36:20.943922+00:00,29.551846620277225
2025-06-16 20:36:22.436176+00:00,29.67471385694207
2025-06-16 20:36:26.096710+00:00,29.282538472935475
2025-06-16 20:36:26.332848+00:00,29.217964000586605
2025-06-16 20:36:26.674931+00:00,29.16524272683615
2025-06-16 20:36:28.059947+00:00,29.282538472935475
2025-06-16 20:36:29.072587+00:00,29.522559969158568
2025-06-16 20:36:29.549242+00:00,29.504987858674113
2025-06-16 20:36:30.001477+00:00,29.487551767417948
2025-06-16 20:36:33.387354+00:00,29.79212036350768
2025-06-16 20:36:33.897935+00:00,29.8802348656114
2025-06-16 20:36:35.861953+00:00,29.774682642106608
2025-06-16 20:36:36.446029+00:00,29.569688819340403
2025-06-16 20:36:37.156690+00:00,29.470115978219393
2025-06-16 20:36:37.615058+00:00,29.59897439996283
2025-06-16 20:36:38.268145+00:00,29.704534027930166
2025-06-16 20:36:38.923228+00:00,29.645830809791633
2025-06-16 20:36:39.723637+00:00,29.487960030012985
2025-06-16 20:36:40.980237+00:00,29.557974517203547
2025-06-16 20:36:41.279993+00:00,29.51697414522912
2025-06-16 20:36:41.899728+00:00,29.569553660626728
2025-06-16 20:36:42.223725+00:00,29.423257172234784
2025-06-16 20:36:42.639394+00:00,29.382255192839168
2025-06-16 20:36:42.922758+00:00,29.458128458066934
2025-06-16 20:36:44.146470+00:00,29.71651460471661
2025-06-16 20:36:46.113649+00:00,29.8802348656114
2025-06-16 20:36:49.349821+00:00,29.628528673854493
2025-06-16 20:36:49.859105+00:00,29.55225270043314
2025-06-16 20:36:50.306340+00:00,29.3706776816165
2025-06-16 20:36:50.641153+00:00,29.329675543076622
2025-06-16 20:36:50.890749+00:00,29.28267692043167
2025-06-16 20:36:51.144156+00:00,29.259246319361463
2025-06-16 20:36:51.319036+00:00,29.171100686079512
2025-06-16 20:36:51.507083+00:00,29.10122610149805
2025-06-16 20:36:51.745507+00:00,29.060361724986148
2025-06-16 20:36:51.980819+00:00,29.025072913129502
2025-06-16 20:36:52.263770+00:00,29.0307895873576
2025-06-16 20:36:52.506857+00:00,29.01921490567641
2025-06-16 20:36:52.708061+00:00,29.01335688823956
2025-06-16 20:36:53.157391+00:00,29.07765374475684
2025-06-16 20:36:53.686534+00:00,29.189372057519233
2025-06-16 20:36:54.748884+00:00,29.511388536660963
2025-06-16 20:36:55.164461+00:00,29.564102092582612
2025-06-16 20:36:55.840491+00:00,29.68124043274137
2025-06-16 20:36:59.838855+00:00,29.675383610576937
2025-06-16 20:37:02.208754+00:00,29.48237513379541
2025-06-16 20:37:02.970867+00:00,29.49408915859143
2025-06-16 20:37:03.436496+00:00,29.441375732542646
2025-06-16 20:37:07.886707+00:00,29.54108029884116
2025-06-16 20:37:11.339547+00:00,29.424077965457847
2025-06-16 20:37:14.290361+00:00,29.289087959437992
2025-06-16 20:37:14.856899+00:00,29.394381545909685
2025-06-16 20:37:16.338541+00:00,29.505803143455157
2025-06-16 20:37:16.797515+00:00,29.44723281981368
2025-06-16 20:37:18.487325+00:00,29.30679809508938
2025-06-16 20:37:18.931175+00:00,29.476381916994484
2025-06-16 20:37:19.516678+00:00,29.265519866533086
2025-06-16 20:37:20.231593+00:00,29.165941623005896
2025-06-16 20:37:20.689935+00:00,29.306659969981382
2025-06-16 20:37:21.096097+00:00,29.435518635288542
2025-06-16 20:37:21.799492+00:00,29.611092564454562
2025-06-16 20:37:22.107554+00:00,29.68124043274137
2025-06-16 20:37:22.700830+00:00,29.722237908353684
2025-06-16 20:37:24.290359+00:00,29.722371289889832
2025-06-16 20:37:24.861852+00:00,29.675517528971696
2025-06-16 20:37:41.756660+00:00,29.658215411011547
2025-06-16 20:37:42.274428+00:00,29.266074224860123
2025-06-16 20:37:42.650314+00:00,29.143071025714814
2025-06-16 20:37:42.859695+00:00,29.119501094219657
2025-06-16 20:37:43.033804+00:00,29.096070986071584
2025-06-16 20:37:43.422052+00:00,29.13107596029093
2025-06-16 20:37:43.603411+00:00,29.154366227000573
2025-06-16 20:37:43.807021+00:00,29.18951153590345
2025-06-16 20:37:44.514708+00:00,29.27193141025127
2025-06-16 20:37:44.741506+00:00,29.34779863376425
2025-06-16 20:37:45.275748+00:00,29.546801776011495
2025-06-16 20:37:45.619844+00:00,29.705201888326
2025-06-16 20:37:46.439159+00:00,29.857599538313856
2025-06-16 20:37:47.437982+00:00,29.922016938153778
2025-06-16 20:37:47.801170+00:00,29.927611015048534
2025-06-16 20:37:48.418570+00:00,29.998275209164838
2025-06-16 20:37:49.004310+00:00,30.05683346494154
2025-06-16 20:37:49.180334+00:00,30.09756557264043
2025-06-16 20:37:49.439118+00:00,30.109406142533466
2025-06-16 20:37:49.764853+00:00,30.097823650046802
2025-06-16 20:37:50.217093+00:00,30.12710205422866
2025-06-16 20:37:50.714061+00:00,30.12710205422866
2025-06-16 20:37:51.010003+00:00,30.138813346026293
2025-06-16 20:37:51.519339+00:00,30.15676523143574
2025-06-16 20:37:51.762350+00:00,30.086112218498947
2025-06-16 20:37:52.130070+00:00,29.99267977836309
2025-06-16 20:37:52.366569+00:00,29.898855187227298
2025-06-16 20:37:54.404707+00:00,29.495040773371027
2025-06-16 20:37:54.713980+00:00,29.424898370652567
2025-06-16 20:37:55.100829+00:00,29.342629894101925
2025-06-16 20:37:55.291369+00:00,29.28977948402934
2025-06-16 20:37:55.986698+00:00,29.272069905760812
2025-06-16 20:37:56.162652+00:00,29.28991775661003
2025-06-16 20:37:58.026508+00:00,29.471205987461214
2025-06-16 20:37:58.636014+00:00,29.44818819309382
2025-06-16 20:38:00.585080+00:00,29.30748855894265
2025-06-16 20:38:01.161064+00:00,29.330640539414073
2025-06-16 20:38:02.802519+00:00,29.6178912539724
2025-06-16 20:38:05.596702+00:00,29.74659638310536
2025-06-16 20:38:06.932713+00:00,29.933859974871154
2025-06-16 20:38:07.915146+00:00,29.68257846062655
2025-06-16 20:38:09.122586+00:00,29.383627664286948
2025-06-16 20:38:10.602309+00:00,29.30748855894265
2025-06-16 20:38:12.172356+00:00,29.418905006022648
2025-06-16 20:38:12.765649+00:00,29.506618040221465
2025-06-16 20:38:13.275283+00:00,29.547478534607535
2025-06-16 20:38:15.945740+00:00,29.799699386253288
2025-06-16 20:38:18.831949+00:00,29.47774332625346
2025-06-16 20:38:19.374118+00:00,29.366057251240726
2025-06-16 20:38:21.113110+00:00,29.430754950930595
2025-06-16 20:38:21.333040+00:00,29.37763360415998
2025-06-16 20:38:22.460347+00:00,29.348899487769195
2025-06-16 20:38:22.735505+00:00,29.35434359263473
2025-06-16 20:38:22.986530+00:00,29.32505927143995
2025-06-16 20:38:23.206995+00:00,29.283784112348734
2025-06-16 20:38:24.174465+00:00,29.143350959513015
2025-06-16 20:38:25.032966+00:00,28.979343605462287
2025-06-16 20:38:25.495036+00:00,28.885621603793755
2025-06-16 20:38:26.494438+00:00,28.891336455503268
2025-06-16 20:38:27.499666+00:00,29.184351575239212
2025-06-16 20:38:27.931980+00:00,29.43633836441368
2025-06-16 20:38:31.848933+00:00,29.822726628639458
2025-06-16 20:38:34.032955+00:00,29.764430712973542
2025-06-16 20:38:34.305127+00:00,29.746729420778273
2025-06-16 20:38:34.790777+00:00,29.389347317151238
2025-06-16 20:38:35.058366+00:00,29.295912895381164
2025-06-16 20:38:36.666373+00:00,29.41304833866399
2025-06-16 20:38:37.232163+00:00,29.64145096937903
2025-06-16 20:38:37.607905+00:00,29.75258558629805
2025-06-16 20:38:39.698265+00:00,29.817134969872125
2025-06-16 20:38:40.984493+00:00,29.86997002522999
2025-06-16 20:38:45.086670+00:00,29.483463724276753
2025-06-16 20:38:46.917701+00:00,29.437021175609242
2025-06-16 20:38:47.502141+00:00,29.594869896484067
2025-06-16 20:38:48.782867+00:00,29.711859066329986
2025-06-16 20:38:49.589827+00:00,29.16148164455566
2025-06-16 20:38:50.101141+00:00,29.161341927551096
2025-06-16 20:38:50.973131+00:00,29.51873807997052
2025-06-16 20:38:53.033359+00:00,29.88220744192416
2025-06-16 20:38:53.979050+00:00,30.01675229733827
2025-06-16 20:38:54.648684+00:00,30.075047093809836
2025-06-16 20:38:55.249709+00:00,30.110437033883926
2025-06-16 20:38:56.653262+00:00,29.764829125054916
2025-06-16 20:38:57.037912+00:00,29.53671330958483
2025-06-16 20:38:57.355649+00:00,29.501440575282565
2025-06-16 20:38:58.616306+00:00,29.759106097495053
2025-06-16 20:39:00.456241+00:00,29.437430732984776
2025-06-16 20:39:03.102414+00:00,29.548425543966935
2025-06-16 20:39:04.450854+00:00,29.894181057204243
2025-06-16 20:39:04.916812+00:00,30.0053015560539
2025-06-16 20:39:06.093913+00:00,30.10496842044053
2025-06-16 20:39:06.920205+00:00,30.1283884401876
2025-06-16 20:39:07.284755+00:00,30.204502401588968
2025-06-16 20:39:07.650168+00:00,30.216339665110276
2025-06-16 20:39:07.983972+00:00,30.24548614375204
2025-06-16 20:39:08.434427+00:00,30.210484891928452
2025-06-16 20:39:08.818677+00:00,30.257449890579863
2025-06-16 20:39:09.241678+00:00,30.25732279795283
2025-06-16 20:39:09.628076+00:00,30.15791971731619
2025-06-16 20:39:10.321400+00:00,29.999706410935307
2025-06-16 20:39:11.258792+00:00,29.871022492947155
2025-06-16 20:39:11.874085+00:00,30.023256657072025
2025-06-16 20:39:12.352817+00:00,30.152193200849567
2025-06-16 20:39:12.888270+00:00,30.204885490798297
2025-06-16 20:39:13.932930+00:00,29.64292684116932
2025-06-16 20:39:14.911098+00:00,29.53739009263318
2025-06-16 20:39:16.071565+00:00,29.50225516337751
2025-06-16 20:39:17.448966+00:00,29.71918131436145
2025-06-16 20:39:18.245773+00:00,29.929967377498333
2025-06-16 20:39:18.932690+00:00,29.970821706893588
2025-06-16 20:39:19.809746+00:00,30.082064640607552
2025-06-16 20:39:20.548772+00:00,30.058645374984145
2025-06-16 20:39:21.732022+00:00,30.158432541998955
2025-06-16 20:39:21.931843+00:00,30.117193239673657
2025-06-16 20:39:22.390724+00:00,29.889113487738967
2025-06-16 20:39:22.717783+00:00,29.736614281788516
2025-06-16 20:39:23.486418+00:00,29.473111843771125
2025-06-16 20:39:24.021340+00:00,29.55509254547902
2025-06-16 20:39:24.340375+00:00,29.62562876452685
2025-06-16 20:39:24.714946+00:00,29.68431628566532
2025-06-16 20:39:25.030790+00:00,29.71332596133431
2025-06-16 20:39:25.185394+00:00,29.742602626682622
2025-06-16 20:39:25.522489+00:00,29.748457929816063
2025-06-16 20:39:25.684754+00:00,29.76615646482475
2025-06-16 20:39:26.135307+00:00,29.59621680525635
2025-06-16 20:39:26.381422+00:00,29.449824747118235
2025-06-16 20:39:26.946197+00:00,29.361574505291898
2025-06-16 20:39:29.774829+00:00,29.133736550958357
2025-06-16 20:39:30.413583+00:00,29.063178997068988
2025-06-16 20:39:34.662120+00:00,29.554687144333897
2025-06-16 20:39:35.096706+00:00,29.64239031140354
2025-06-16 20:39:37.845707+00:00,29.61338007765548
2025-06-16 20:39:38.172013+00:00,29.56626389511351
2025-06-16 20:39:38.523520+00:00,29.513288721056607
2025-06-16 20:39:38.798533+00:00,29.44873388355673
2025-06-16 20:39:39.221881+00:00,29.255469097365427
2025-06-16 20:39:39.377099+00:00,29.185048871609006
2025-06-16 20:39:39.601137+00:00,29.16190073089068
2025-06-16 20:39:39.835402+00:00,29.185327714699223
2025-06-16 20:39:40.069404+00:00,29.238315436123074
2025-06-16 20:39:41.032328+00:00,28.98647662722639
2025-06-16 20:39:41.256727+00:00,28.886478869778788
2025-06-16 20:39:41.473147+00:00,28.90990799844306
2025-06-16 20:39:42.039423+00:00,28.898193454072047
2025-06-16 20:39:42.486045+00:00,29.03862424647297
2025-06-16 20:39:42.830153+00:00,29.138053695520632
2025-06-16 20:39:43.538485+00:00,29.51301739548061
2025-06-16 20:39:44.157343+00:00,29.700814457174378
2025-06-16 20:39:44.692854+00:00,29.718115147807747
2025-06-16 20:39:44.980959+00:00,29.747527420497885
2025-06-16 20:39:45.385869+00:00,29.747261463699495
2025-06-16 20:39:45.797810+00:00,29.75338318338706
2025-06-16 20:39:46.272471+00:00,29.80595229830393
2025-06-16 20:39:47.934109+00:00,29.75338318338706
2025-06-16 20:39:48.452549+00:00,29.548290289249493
2025-06-16 20:39:49.206134+00:00,29.442877534573267
2025-06-16 20:39:49.455824+00:00,29.536577920641133
2025-06-16 20:39:49.606291+00:00,29.61842920237565
2025-06-16 20:39:49.863569+00:00,29.636266029340046
2025-06-16 20:39:50.186128+00:00,29.671535429347678
2025-06-16 20:39:50.547818+00:00,29.671401594728206
2025-06-16 20:39:50.909323+00:00,29.571849892967126
2025-06-16 20:39:51.285262+00:00,29.44873388355673
2025-06-16 20:39:51.745936+00:00,29.378319825171953
2025-06-16 20:39:52.123292+00:00,29.284475756972192
2025-06-16 20:39:52.580283+00:00,29.20261940743212
2025-06-16 20:39:52.892034+00:00,29.21447213937941
2025-06-16 20:39:53.116912+00:00,29.23176453348297
2025-06-16 20:39:53.376425+00:00,29.3023221648014
2025-06-16 20:39:53.727362+00:00,29.272762221619494
2025-06-16 20:39:53.958829+00:00,28.897908010421926
2025-06-16 20:39:54.261092+00:00,28.7809017553934
2025-06-16 20:39:55.047561+00:00,29.20248017109775
2025-06-16 20:39:55.905917+00:00,29.20248017109775
2025-06-16 20:39:56.435867+00:00,29.226046648798548
2025-06-16 20:39:56.833998+00:00,29.272485327613822
2025-06-16 20:39:57.095971+00:00,29.319616123485837
2025-06-16 20:39:57.372423+00:00,29.360475328831985
2025-06-16 20:39:57.754687+00:00,29.471750733401887
2025-06-16 20:39:58.122299+00:00,29.55986748666559
2025-06-16 20:39:58.492086+00:00,29.600726120194903
2025-06-16 20:39:59.051819+00:00,29.69429073285167
2025-06-16 20:39:59.343463+00:00,29.764829125054916
2025-06-16 20:39:59.789010+00:00,29.793710955509724
2025-06-16 20:40:00.663542+00:00,29.74113942250225
2025-06-16 20:40:01.511146+00:00,29.793710955509724
2025-06-16 20:40:01.870881+00:00,29.752984433339098
2025-06-16 20:40:02.191126+00:00,29.629604014225166
2025-06-16 20:40:02.794368+00:00,29.419315296798864
2025-06-16 20:40:03.238884+00:00,29.29005601841154
2025-06-16 20:40:03.613558+00:00,29.190766356276534
2025-06-16 20:40:04.039239+00:00,29.161341927551096
2025-06-16 20:40:04.548577+00:00,29.079061121463393
2025-06-16 20:40:04.866044+00:00,29.008772701684187
2025-06-16 20:40:05.237833+00:00,29.008772701684187
2025-06-16 20:40:06.015183+00:00,29.03791855885415
2025-06-16 20:40:06.395185+00:00,29.126199541340174
2025-06-16 20:40:06.865711+00:00,29.301769762369315
2025-06-16 20:40:07.645427+00:00,29.090775718349427
2025-06-16 20:40:08.023950+00:00,28.932482924049793
2025-06-16 20:40:08.500991+00:00,28.956197531765536
2025-06-16 20:40:09.662661+00:00,29.266628410718297
2025-06-16 20:40:09.996428+00:00,29.38948444867228
2025-06-16 20:40:10.491502+00:00,29.44219505896369
2025-06-16 20:40:10.852124+00:00,29.524323311646356
2025-06-16 20:40:12.390196+00:00,29.82858273149934
2025-06-16 20:40:12.932675+00:00,29.922672061234714
2025-06-16 20:40:13.442545+00:00,29.96366197473302
2025-06-16 20:40:14.392352+00:00,29.71784849839771
2025-06-16 20:40:16.898660+00:00,29.378045369103464
2025-06-16 20:40:21.799987+00:00,29.120062035884715
2025-06-16 20:40:22.249033+00:00,29.137913710002135
2025-06-16 20:40:22.976324+00:00,29.272485327613822
2025-06-16 20:40:26.494279+00:00,29.746995463792963
2025-06-16 20:40:30.414255+00:00,29.331191728754582
2025-06-16 20:40:30.994805+00:00,29.313621448933183
2025-06-16 20:40:31.644904+00:00,29.295912895381164
2025-06-16 20:40:32.638180+00:00,28.675173689893285
2025-06-16 20:40:39.294963+00:00,29.137073570513255
2025-06-16 20:40:49.037267+00:00,29.48850422924385
2025-06-16 20:40:55.771078+00:00,29.331053947587943
2025-06-16 20:40:56.887054+00:00,29.330916155642313
2025-06-16 20:40:57.747853+00:00,29.571579909653924
2025-06-16 20:40:59.404855+00:00,29.072922284685173
2025-06-16 20:40:59.529223+00:00,29.172497537644897
2025-06-16 20:41:00.163560+00:00,29.32478352096846
2025-06-16 20:41:02.057285+00:00,29.69402348192365
2025-06-16 20:41:02.956374+00:00,29.588744017482316
2025-06-16 20:41:05.115453+00:00,29.412911486396602
2025-06-16 20:41:05.740642+00:00,29.336773029862968
2025-06-16 20:41:10.365130+00:00,28.9441981542945
2025-06-16 20:41:11.924147+00:00,29.17877345950852
2025-06-16 20:41:12.434140+00:00,29.29577470070261
2025-06-16 20:41:12.758977+00:00,29.401060990214784
2025-06-16 20:41:13.796375+00:00,29.70573598265215
2025-06-16 20:41:14.038828+00:00,29.730093235498405
2025-06-16 20:41:14.265232+00:00,29.787589801859646
2025-06-16 20:41:14.615097+00:00,29.787589801859646
2025-06-16 20:41:14.832198+00:00,29.82233006800987
2025-06-16 20:41:15.067084+00:00,29.816870515797653
2025-06-16 20:41:19.722233+00:00,29.688701943763363
2025-06-16 20:41:20.373689+00:00,29.793710955509724
2025-06-16 20:41:20.600006+00:00,29.811543526426597
2025-06-16 20:41:20.845655+00:00,29.71784849839771
2025-06-16 20:41:21.175295+00:00,29.582887639586417
2025-06-16 20:41:21.445893+00:00,29.454044800563633
2025-06-16 20:41:21.686079+00:00,29.389621569414608
2025-06-16 20:41:22.412725+00:00,29.331191728754582
2025-06-16 20:41:23.282316+00:00,29.108628213487886
2025-06-16 20:41:24.235988+00:00,29.190487582762323
2025-06-16 20:41:25.722705+00:00,29.700013301024185
2025-06-16 20:41:26.709268+00:00,29.893130564261977
2025-06-16 20:41:27.428563+00:00,29.975503677169705
2025-06-16 20:41:28.214145+00:00,30.010246987282798
2025-06-16 20:41:30.369912+00:00,29.78772236980097
2025-06-16 20:41:32.914471+00:00,29.483871767865683
2025-06-16 20:41:37.110168+00:00,29.4251717528224
2025-06-16 20:41:39.457225+00:00,29.594735146329278
2025-06-16 20:41:40.275995+00:00,29.77640819034632
2025-06-16 20:41:41.446361+00:00,29.95234255884959
2025-06-16 20:41:44.370861+00:00,29.3785942381254
2025-06-16 20:41:44.682402+00:00,29.355031102153827
2025-06-16 20:41:45.454025+00:00,29.237899032397653
2025-06-16 20:41:49.242837+00:00,29.425035067126757
2025-06-16 20:41:50.121252+00:00,29.378182602527094
2025-06-16 20:41:51.356984+00:00,29.43089158028713
2025-06-16 20:41:53.636391+00:00,29.547749162600073
2025-06-16 20:41:55.661509+00:00,29.214054833133336
2025-06-16 20:41:57.219351+00:00,29.155345093223207
2025-06-16 20:41:58.038391+00:00,28.985909854363037
2025-06-16 20:41:58.735376+00:00,28.792328951008212
2025-06-16 20:41:59.011226+00:00,28.68074107088625
2025-06-16 20:41:59.287442+00:00,28.75103619836956
2025-06-16 20:42:00.583952+00:00,28.961912956628506
2025-06-16 20:42:01.026182+00:00,28.879906865598887
2025-06-16 20:42:02.190167+00:00,28.944055910273647
2025-06-16 20:42:03.113366+00:00,29.03805971793865
2025-06-16 20:42:03.445410+00:00,29.08463717005987
2025-06-16 20:42:05.839767+00:00,29.623747639089636
2025-06-16 20:42:06.745551+00:00,29.805290626799444
2025-06-16 20:42:10.912732+00:00,29.51247461499105
2025-06-16 20:42:12.383329+00:00,29.37205138767209
2025-06-16 20:42:13.343521+00:00,29.419041780393293
2025-06-16 20:42:13.870657+00:00,29.448051743532
2025-06-16 20:42:14.204380+00:00,29.518195524825508
2025-06-16 20:42:16.619942+00:00,29.74686244767414
2025-06-16 20:42:21.386387+00:00,29.342492225619846
2025-06-16 20:42:22.873183+00:00,29.53031528852635
2025-06-16 20:42:23.548616+00:00,29.384176351061026
2025-06-16 20:42:24.952999+00:00,29.741405556619437
2025-06-16 20:42:25.294021+00:00,29.881944571842553
2025-06-16 20:42:27.036962+00:00,30.075305557096183
2025-06-16 20:42:27.669444+00:00,30.06957955860533
2025-06-16 20:42:28.472386+00:00,30.02833326613238
2025-06-16 20:42:29.553033+00:00,30.040432946309124
2025-06-16 20:42:30.144890+00:00,30.069708830402217
2025-06-16 20:42:30.521518+00:00,30.10458181270404
2025-06-16 20:42:31.244487+00:00,30.10458181270404
2025-06-16 20:42:31.685236+00:00,29.999446289414323
2025-06-16 20:42:34.758957+00:00,29.460719063676716
2025-06-16 20:42:35.652318+00:00,29.308040736001406
2025-06-16 20:42:36.227184+00:00,29.214750289645817
2025-06-16 20:42:37.377220+00:00,29.29102354920518
2025-06-16 20:42:41.724269+00:00,30.06983809142357
2025-06-16 20:42:42.728161+00:00,30.093516303667407
2025-06-16 20:42:43.373549+00:00,30.134371932416496
2025-06-16 20:42:43.961951+00:00,30.181466795057478
2025-06-16 20:42:45.645818+00:00,29.806745948476344
2025-06-16 20:42:46.476374+00:00,29.689770880805856
2025-06-16 20:42:47.203455+00:00,29.84760125354719
2025-06-16 20:42:48.570595+00:00,29.60180319654721
2025-06-16 20:42:49.120546+00:00,29.56666892591839
2025-06-16 20:42:49.537780+00:00,29.630947219705327
2025-06-16 20:42:50.917968+00:00,29.542975332589524
2025-06-16 20:42:51.728176+00:00,29.79503526339382
2025-06-16 20:42:52.506166+00:00,30.017661275952957
2025-06-16 20:42:53.065861+00:00,30.023386422513887
2025-06-16 20:42:54.193135+00:00,30.14048369331204
2025-06-16 20:42:55.805080+00:00,30.245995029394233
2025-06-16 20:42:56.418773+00:00,30.193431770167717
2025-06-16 20:42:57.851552+00:00,29.742735580582206
2025-06-16 20:42:59.834824+00:00,29.777734295802205
2025-06-16 20:43:00.226920+00:00,29.637473776797393
2025-06-16 20:43:00.651949+00:00,29.46194483457433
2025-06-16 20:43:02.682551+00:00,29.73102507858987
2025-06-16 20:43:05.174514+00:00,30.17014158712869
2025-06-16 20:43:13.227746+00:00,29.802213170100163
2025-06-16 20:43:13.921268+00:00,29.61472421867307
2025-06-16 20:43:14.363228+00:00,29.53860762310665
2025-06-16 20:43:14.740153+00:00,29.549912634514282
2025-06-16 20:43:16.494417+00:00,29.719847318200273
2025-06-16 20:43:18.433514+00:00,29.971733914833038
2025-06-16 20:43:20.465563+00:00,30.006990703232773
2025-06-16 20:43:21.517848+00:00,30.001136308828354
2025-06-16 20:43:22.493572+00:00,29.895755503457387
2025-06-16 20:43:22.885381+00:00,29.930621302993266
2025-06-16 20:43:23.499510+00:00,29.931013528976457
2025-06-16 20:43:24.292093+00:00,29.878454381052215
2025-06-16 20:43:25.453419+00:00,29.62111635776334
2025-06-16 20:43:26.218739+00:00,29.614858573497905
2025-06-16 20:43:27.033766+00:00,29.6735416553559
2025-06-16 20:43:28.421189+00:00,29.98383330967325
2025-06-16 20:43:28.969053+00:00,30.08920900584754
2025-06-16 20:43:29.392085+00:00,30.165183628285522
2025-06-16 20:43:30.093616+00:00,30.135784855912622
2025-06-16 20:43:31.066766+00:00,30.206161754462027
2025-06-16 20:43:32.515352+00:00,30.2294502975373
2025-06-16 20:43:33.168300+00:00,30.217997133651405
2025-06-16 20:43:34.191014+00:00,30.212270721840305
2025-06-16 20:43:34.501002+00:00,30.200180121401033
2025-06-16 20:43:38.114137+00:00,29.450778686868375
2025-06-16 20:43:38.243792+00:00,29.445059645745427
2025-06-16 20:43:39.922460+00:00,29.51518679294026
2025-06-16 20:43:40.742444+00:00,29.550317978326984
2025-06-16 20:43:41.236047+00:00,29.562028293638747
2025-06-16 20:43:44.984393+00:00,29.807539210686137
2025-06-16 20:43:46.051398+00:00,29.73169035748544
2025-06-16 20:43:46.584068+00:00,29.60819688446074
2025-06-16 20:43:47.399664+00:00,29.830826935630505
2025-06-16 20:43:47.862583+00:00,29.9771977459033
2025-06-16 20:43:48.239992+00:00,30.07074261685856
2025-06-16 20:43:48.715399+00:00,30.129416773136477
2025-06-16 20:43:49.066499+00:00,30.17065370270048
2025-06-16 20:43:49.324671+00:00,30.182490038989464
2025-06-16 20:43:50.888196+00:00,29.90720260991595
2025-06-16 20:43:51.320811+00:00,29.854246684352464
2025-06-16 20:43:51.867938+00:00,29.54365161840249
2025-06-16 20:43:56.302204+00:00,29.520364710708314
2025-06-16 20:43:56.533280+00:00,29.555497849622927
2025-06-16 20:43:57.497093+00:00,29.520364710708314
2025-06-16 20:43:57.806291+00:00,29.51464470224974
2025-06-16 20:43:58.335067+00:00,29.514509152631888
2025-06-16 20:43:58.649962+00:00,29.39739589566393
2025-06-16 20:43:59.393736+00:00,29.59076530647457
2025-06-16 20:44:00.309569+00:00,29.41496313865534
2025-06-16 20:44:01.224696+00:00,29.204011177899172
2025-06-16 20:44:01.852589+00:00,29.25113728164804
2025-06-16 20:44:02.976382+00:00,29.35068690420802
2025-06-16 20:44:03.760833+00:00,29.320856780107963
2025-06-16 20:44:05.025765+00:00,29.168874044041964
2025-06-16 20:44:05.927333+00:00,29.19787661175987
2025-06-16 20:44:06.697919+00:00,29.361849191618575
2025-06-16 20:44:08.836649+00:00,29.596082162878897
2025-06-16 20:44:09.336002+00:00,29.6660812343606
2025-06-16 20:44:10.635157+00:00,29.876877777848584
2025-06-16 20:44:11.193064+00:00,29.911878226638418
2025-06-16 20:44:12.248510+00:00,29.88885092427879
2025-06-16 20:44:13.159229+00:00,29.8361543883462
2025-06-16 20:44:13.408839+00:00,29.841614062497474
2025-06-16 20:44:13.684801+00:00,29.81832447976022
2025-06-16 20:44:14.010453+00:00,29.753914699239687
2025-06-16 20:44:14.300507+00:00,29.748325032244512
2025-06-16 20:44:14.726772+00:00,29.718781582732465
2025-06-16 20:44:14.950677+00:00,29.678059930770523
2025-06-16 20:44:15.383916+00:00,29.630947219705327
2025-06-16 20:44:15.724421+00:00,29.595543485591868
2025-06-16 20:44:16.124597+00:00,29.525407540125578
2025-06-16 20:44:16.878482+00:00,29.49639930690771
2025-06-16 20:44:17.328505+00:00,29.50824666971257
2025-06-16 20:44:17.745009+00:00,29.654637910952257
2025-06-16 20:44:22.001336+00:00,29.560813179219736
2025-06-16 20:44:23.541987+00:00,29.753914699239687
2025-06-16 20:44:24.155948+00:00,29.765492929651543
2025-06-16 20:44:24.639861+00:00,29.466711421249787
2025-06-16 20:44:25.526667+00:00,29.18588527152374
2025-06-16 20:44:26.228320+00:00,29.109750480975535
2025-06-16 20:44:27.015045+00:00,29.04532741784324
2025-06-16 20:44:27.899969+00:00,29.13917319159275
2025-06-16 20:44:28.158859+00:00,29.103613252317885
2025-06-16 20:44:28.651946+00:00,29.004188840338298
2025-06-16 20:44:29.129351+00:00,29.08032683879403
2025-06-16 20:44:29.714417+00:00,29.021476759668072
2025-06-16 20:44:29.871897+00:00,28.951050690772817
2025-06-16 20:44:30.484393+00:00,28.787335203042172
2025-06-16 20:44:30.833703+00:00,28.875193135844402
2025-06-16 20:44:32.377341+00:00,29.3670187494319
2025-06-16 20:44:33.917478+00:00,29.507839657844777
2025-06-16 20:44:35.748672+00:00,29.753648962867363
2025-06-16 20:44:36.926984+00:00,29.4492794015648
2025-06-16 20:44:40.099171+00:00,29.507975339245508
2025-06-16 20:44:48.797025+00:00,29.88260166622358
2025-06-16 20:44:49.223262+00:00,29.894181057204243
2025-06-16 20:44:49.507325+00:00,29.882733052770597
2025-06-16 20:44:50.078280+00:00,29.835890573970673
2025-06-16 20:44:50.928453+00:00,29.818192355101676
2025-06-16 20:44:51.666567+00:00,29.554551989063018
2025-06-16 20:44:52.642169+00:00,29.38486196700717
2025-06-16 20:44:53.549027+00:00,29.320305484955036
2025-06-16 20:44:54.556427+00:00,29.2678746983109
2025-06-16 20:44:55.800867+00:00,29.455135472101226
2025-06-16 20:44:56.466923+00:00,29.448870279226377
2025-06-16 20:45:05.476040+00:00,30.146466797807154
2025-06-16 20:45:07.483808+00:00,29.85398335879647
2025-06-16 20:45:08.476191+00:00,29.737013344803096
2025-06-16 20:45:09.519563+00:00,29.52050019321229
2025-06-16 20:45:09.928938+00:00,29.303564439695712
2025-06-16 20:45:11.374791+00:00,29.450097355224525
2025-06-16 20:45:11.769038+00:00,29.590630629319346
2025-06-16 20:45:12.808337+00:00,29.936345254869554
2025-06-16 20:45:18.226851+00:00,30.1412540086424
2025-06-16 20:45:20.116249+00:00,30.10625641249754
2025-06-16 20:45:34.570689+00:00,29.438249556717142
2025-06-16 20:45:43.688127+00:00,29.661162843958806
2025-06-16 20:45:47.740816+00:00,29.262987576570993
2025-06-16 20:45:48.332548+00:00,29.356405312777397
2025-06-16 20:45:48.799552+00:00,29.52050019321229
2025-06-16 20:45:49.208688+00:00,29.690305090672222
2025-06-16 20:45:50.777809+00:00,29.830299167792187
2025-06-16 20:45:51.102313+00:00,29.836418159615324
2025-06-16 20:45:51.722074+00:00,29.906809481768615
2025-06-16 20:45:52.147327+00:00,29.97121271780913
2025-06-16 20:45:52.591441+00:00,30.047582952118823
2025-06-16 20:45:53.230833+00:00,30.08258086779239
2025-06-16 20:45:53.902108+00:00,30.035355559399648
2025-06-16 20:45:54.595484+00:00,29.69589333312859
2025-06-16 20:46:03.356382+00:00,29.696293740709514
2025-06-16 20:46:06.273667+00:00,30.088435390883593
2025-06-16 20:46:12.453020+00:00,29.36239843492615
2025-06-16 20:46:20.961333+00:00,29.925028273650923
2025-06-16 20:46:29.522095+00:00,29.918911976409806
2025-06-16 20:46:30.605383+00:00,30.071130108983827
2025-06-16 20:46:33.054698+00:00,30.1997971218521
2025-06-16 20:46:33.506229+00:00,30.129802220200972
2025-06-16 20:46:33.947463+00:00,29.948446310217175
2025-06-16 20:46:34.192283+00:00,29.801816515503383
2025-06-16 20:46:34.423717+00:00,29.720113644295893
2025-06-16 20:46:34.683849+00:00,29.73727933292754
2025-06-16 20:46:35.017135+00:00,29.78438428242516
2025-06-16 20:46:35.385424+00:00,29.80806783662488
2025-06-16 20:46:35.582211+00:00,29.790371465491972
2025-06-16 20:46:35.887554+00:00,29.766819730574934
2025-06-16 20:46:36.072043+00:00,29.743267288410287
2025-06-16 20:46:36.723237+00:00,29.620579271568946
2025-06-16 20:46:36.982700+00:00,29.719714138986774
2025-06-16 20:46:37.216927+00:00,29.720113644295893
2025-06-16 20:46:37.442285+00:00,29.69057213094177
2025-06-16 20:46:37.692059+00:00,29.625897324290737
2025-06-16 20:46:37.907051+00:00,29.58531410338121
2025-06-16 20:46:39.130187+00:00,29.527167940200066
2025-06-16 20:46:42.341098+00:00,29.848786870951752
2025-06-16 20:46:42.598428+00:00,29.889900919487243
2025-06-16 20:46:43.597492+00:00,30.036262525597692
2025-06-16 20:46:43.811742+00:00,30.04198739295998
2025-06-16 20:46:44.037427+00:00,30.065404899726413
2025-06-16 20:46:44.256318+00:00,30.083096922570114
2025-06-16 20:46:44.598311+00:00,30.07151750412966
2025-06-16 20:46:45.068811+00:00,30.083096922570114
2025-06-16 20:46:45.563938+00:00,30.053825499290927
2025-06-16 20:46:46.020072+00:00,30.11860802156204
2025-06-16 20:46:47.222729+00:00,30.171037676241482
2025-06-16 20:46:52.990442+00:00,29.64426741115911
2025-06-16 20:46:53.782100+00:00,29.978239344560485
2025-06-16 20:46:54.079068+00:00,30.02468348426784
2025-06-16 20:46:54.304695+00:00,30.08920900584754
2025-06-16 20:46:54.521927+00:00,30.118479458903092
2025-06-16 20:46:54.747393+00:00,30.130059131034535
2025-06-16 20:46:54.898046+00:00,30.141767336692528
2025-06-16 20:46:57.212767+00:00,30.20069063661783
2025-06-16 20:46:58.515302+00:00,30.194709160079093
2025-06-16 20:47:04.123668+00:00,29.281246061538972
2025-06-16 20:47:04.830482+00:00,29.386643307358224
2025-06-16 20:47:05.180673+00:00,29.503747567127256
2025-06-16 20:47:05.577102+00:00,29.573873393642206
2025-06-16 20:47:07.006242+00:00,29.755375478733473
2025-06-16 20:47:13.682443+00:00,29.26912011278314
2025-06-16 20:47:15.263219+00:00,29.391950972893373
2025-06-16 20:47:15.855410+00:00,29.380239810431654
2025-06-16 20:47:16.262910+00:00,29.2746992723837
2025-06-16 20:47:16.647839+00:00,29.23370816242726
2025-06-16 20:47:16.996472+00:00,29.221857432102077
2025-06-16 20:47:17.333760+00:00,29.087166911256897
2025-06-16 20:47:17.787451+00:00,28.97575512250585
2025-06-16 20:47:18.387038+00:00,28.823913621711796
2025-06-16 20:47:19.312784+00:00,28.89976262330555
2025-06-16 20:47:19.489949+00:00,28.99932242348173
2025-06-16 20:47:19.663594+00:00,28.99918096695001
2025-06-16 20:47:19.881406+00:00,29.075313858793272
2025-06-16 20:47:20.084094+00:00,29.098458361802468
2025-06-16 20:47:20.376086+00:00,29.11630779438291
2025-06-16 20:47:20.719563+00:00,29.192298839860815
2025-06-16 20:47:20.978139+00:00,29.25113728164804
2025-06-16 20:47:21.320570+00:00,29.303426452268287
2025-06-16 20:47:21.630285+00:00,29.4029779713205
2025-06-16 20:47:21.889003+00:00,29.57292939510626
2025-06-16 20:47:22.355131+00:00,29.649050447050275
2025-06-16 20:47:23.040551+00:00,29.73102507858987
2025-06-16 20:47:23.334198+00:00,29.801287491833232
2025-06-16 20:47:23.474990+00:00,29.836550029084997
2025-06-16 20:47:23.680810+00:00,29.847996556337563
2025-06-16 20:47:23.886548+00:00,29.777866847074954
2025-06-16 20:47:24.094035+00:00,29.689904449438366
2025-06-16 20:47:24.395523+00:00,29.502933690390478
2025-06-16 20:47:24.738847+00:00,29.391540128043562
2025-06-16 20:47:25.063182+00:00,29.326988317491555
2025-06-16 20:47:25.296790+00:00,29.309282503807154
2025-06-16 20:47:25.530496+00:00,29.338562611820393
2025-06-16 20:47:25.816532+00:00,29.373835594114706
2025-06-16 20:47:26.116003+00:00,29.426538016959665
2025-06-16 20:47:26.383710+00:00,29.490950991689513
2025-06-16 20:47:26.586270+00:00,29.432393791827657
2025-06-16 20:47:26.763081+00:00,29.40897063248461
2025-06-16 20:47:27.071319+00:00,29.4029779713205
2025-06-16 20:47:27.378856+00:00,29.426401439049283
2025-06-16 20:47:27.845961+00:00,29.432393791827657
2025-06-16 20:47:28.337751+00:00,29.46780041533937
2025-06-16 20:47:28.673171+00:00,29.415099829243992
2025-06-16 20:47:29.057532+00:00,29.36784247036516
2025-06-16 20:47:29.483535+00:00,29.355993162768247
2025-06-16 20:47:29.775707+00:00,29.35613055688347
2025-06-16 20:47:31.042019+00:00,29.373835594114706
2025-06-16 20:47:32.006673+00:00,29.596620667722405
2025-06-16 20:47:33.099934+00:00,29.85411502696272
2025-06-16 20:47:33.626587+00:00,29.912664371300078
2025-06-16 20:47:34.152535+00:00,29.97706749757948
2025-06-16 20:47:34.446405+00:00,30.05304933969938
2025-06-16 20:47:34.855058+00:00,30.053178726570252
2025-06-16 20:47:35.120731+00:00,30.023775654185116
2025-06-16 20:47:35.366966+00:00,30.05304933969938
2025-06-16 20:47:36.538863+00:00,30.158945194280157
2025-06-16 20:47:37.336133+00:00,30.117450569721793
2025-06-16 20:47:37.921211+00:00,30.117707856668783
2025-06-16 20:47:38.240572+00:00,30.129288269231193
2025-06-16 20:47:38.582259+00:00,30.14112564969195
2025-06-16 20:47:38.741867+00:00,30.164927522522973
2025-06-16 20:47:38.988969+00:00,30.170525689970088
2025-06-16 20:47:39.374898+00:00,29.971603631741
2025-06-16 20:47:39.644322+00:00,29.84839176213906
2025-06-16 20:47:40.043809+00:00,29.731557323260482
2025-06-16 20:47:40.303275+00:00,29.731557323260482
2025-06-16 20:47:40.654524+00:00,29.7080039598038
2025-06-16 20:47:41.215347+00:00,29.52050019321229
2025-06-16 20:47:41.440309+00:00,29.391950972893373
2025-06-16 20:47:41.638720+00:00,29.350961729669383
2025-06-16 20:47:42.695542+00:00,29.350961729669383
2025-06-16 20:47:44.014518+00:00,29.82536788753437
2025-06-16 20:47:44.364646+00:00,29.918911976409806
2025-06-16 20:47:44.712229+00:00,29.81352624119081
2025-06-16 20:47:45.046495+00:00,29.79023911308716
2025-06-16 20:47:45.438277+00:00,29.83095885064854
2025-06-16 20:47:45.837799+00:00,29.883783757197047
2025-06-16 20:47:46.195024+00:00,29.930490539446584
2025-06-16 20:47:46.567424+00:00,29.889769707803374
2025-06-16 20:47:46.980208+00:00,29.8543783309657
2025-06-16 20:47:47.538979+00:00,29.78438428242516
2025-06-16 20:47:48.270284+00:00,29.760832161303007
2025-06-16 20:47:48.797935+00:00,29.760832161303007
2025-06-16 20:47:49.226975+00:00,29.766952351394234
2025-06-16 20:47:50.039210+00:00,29.46235323086333
2025-06-16 20:47:50.603569+00:00,29.186999867749808
2025-06-16 20:47:52.069779+00:00,29.35068690420802
2025-06-16 20:47:54.211810+00:00,29.70813727322967
2025-06-16 20:47:54.504928+00:00,29.57959369177781
2025-06-16 20:47:55.479698+00:00,29.391950972893373
2025-06-16 20:47:56.158657+00:00,29.292266741269053
2025-06-16 20:47:56.400588+00:00,29.251414389266596
2025-06-16 20:47:56.627044+00:00,29.22771342196738
2025-06-16 20:47:57.311349+00:00,29.4680725560786
2025-06-16 20:47:58.270001+00:00,29.702415605533158
2025-06-16 20:47:58.461126+00:00,29.7665544566056
2025-06-16 20:47:58.809809+00:00,29.842800380801396
2025-06-16 20:47:59.661558+00:00,29.965749043281264
2025-06-16 20:47:59.893618+00:00,29.989037244674062
2025-06-16 20:48:00.471071+00:00,30.04172842627457
2025-06-16 20:48:01.561373+00:00,30.176763800903434
2025-06-16 20:48:02.028875+00:00,30.217742257014223
2025-06-16 20:48:07.272507+00:00,29.919304604980557
2025-06-16 20:48:09.052004+00:00,29.556443182065607
2025-06-16 20:48:09.552905+00:00,29.451187356514087
2025-06-16 20:48:11.844992+00:00,29.977979009551703
2025-06-16 20:48:13.612093+00:00,29.9837031931007
2025-06-16 20:48:14.143146+00:00,30.0189589008921
2025-06-16 20:48:14.762520+00:00,30.03652156181624
2025-06-16 20:48:15.103071+00:00,30.030408181078997
2025-06-16 20:48:15.479332+00:00,30.059938303374803
2025-06-16 20:48:16.250651+00:00,29.89601776029786
2025-06-16 20:48:19.248067+00:00,29.954692150575983
2025-06-16 20:48:19.757744+00:00,29.66795427427161
2025-06-16 20:48:20.460054+00:00,29.46888871961707
2025-06-16 20:48:20.692485+00:00,29.5040187731478
2025-06-16 20:48:21.480010+00:00,29.591842335718137
2025-06-16 20:48:24.079028+00:00,30.001785831383344
2025-06-16 20:48:25.687100+00:00,30.15984192093158
2025-06-16 20:48:26.009573+00:00,30.141767336692528
2025-06-16 20:48:26.637985+00:00,29.93114424941858
2025-06-16 20:48:27.605401+00:00,29.49203732073073
2025-06-16 20:48:27.895376+00:00,29.450778686868375
2025-06-16 20:48:29.529756+00:00,29.556578186445872
2025-06-16 20:48:30.154343+00:00,29.70880367870136
2025-06-16 20:48:31.653192+00:00,29.76162819185168
2025-06-16 20:48:32.603850+00:00,29.445468484405286
2025-06-16 20:48:34.057014+00:00,29.445195936077113
2025-06-16 20:48:34.969415+00:00,29.521448268954487
2025-06-16 20:48:35.493764+00:00,29.580132657066436
2025-06-16 20:48:36.748094+00:00,29.71452517821054
2025-06-16 20:48:37.102850+00:00,29.77905932357112
2025-06-16 20:48:37.734191+00:00,29.984093510490702
2025-06-16 20:48:37.851788+00:00,30.03665106376205
2025-06-16 20:48:38.246455+00:00,30.095191947434092
2025-06-16 20:48:39.031823+00:00,30.165567706116487
2025-06-16 20:48:40.929006+00:00,29.814582697608866
2025-06-16 20:48:41.544197+00:00,29.65637869695283
2025-06-16 20:48:44.171574+00:00,29.451595929154458
2025-06-16 20:48:51.544584+00:00,30.001526054688764
2025-06-16 20:48:56.812377+00:00,29.603551974464914
2025-06-16 20:48:57.802479+00:00,29.258100856401583
2025-06-16 20:48:59.243427+00:00,29.281384220444583
2025-06-16 20:48:59.519568+00:00,29.193273377571526
2025-06-16 20:48:59.795049+00:00,29.152422815795173
2025-06-16 20:49:00.238422+00:00,29.134855635431606
2025-06-16 20:49:00.716562+00:00,29.146287661058633
2025-06-16 20:49:01.189104+00:00,29.169850461306698
2025-06-16 20:49:01.519072+00:00,29.18727840901002
2025-06-16 20:49:01.814451+00:00,29.204706658899223
2025-06-16 20:49:02.140494+00:00,29.22227408423238
2025-06-16 20:49:02.535685+00:00,29.27483755230836
2025-06-16 20:49:02.984764+00:00,29.474199956029064
2025-06-16 20:49:03.586671+00:00,29.63814437039371
2025-06-16 20:49:05.201921+00:00,29.807803545208937
2025-06-16 20:49:07.334828+00:00,29.632423500925185
2025-06-16 20:49:07.985745+00:00,29.3922248155666
2025-06-16 20:49:08.385661+00:00,29.36880298768588
2025-06-16 20:49:09.011856+00:00,29.42163844551005
2025-06-16 20:49:09.434401+00:00,29.403798887933696
2025-06-16 20:49:09.946933+00:00,29.35109912623178
2025-06-16 20:49:10.301178+00:00,29.228407452661312
2025-06-16 20:49:11.234348+00:00,29.222412946716908
2025-06-16 20:49:12.913739+00:00,29.45608924383123
2025-06-16 20:49:14.176798+00:00,29.6495864497207
2025-06-16 20:49:14.861131+00:00,29.77826443623203
2025-06-16 20:49:15.093560+00:00,29.836813735694566
2025-06-16 20:49:19.181629+00:00,30.205906587928254
2025-06-16 20:49:23.376956+00:00,29.708537148844204
2025-06-16 20:49:26.511339+00:00,29.73195639360416
2025-06-16 20:49:27.588383+00:00,29.9308827977582
2025-06-16 20:49:27.956772+00:00,30.059938303374803
2025-06-16 20:49:28.610960+00:00,30.106385152438875
2025-06-16 20:49:28.986106+00:00,30.11822230125941
2025-06-16 20:49:29.359797+00:00,30.17689171422053
2025-06-16 20:49:29.760777+00:00,30.241158298151806
2025-06-16 20:49:32.777465+00:00,29.51572871118152
2025-06-16 20:49:34.153403+00:00,29.52158366523404
2025-06-16 20:49:34.623979+00:00,29.585448804536547
2025-06-16 20:49:34.991745+00:00,29.562298200508653
2025-06-16 20:49:35.451778+00:00,29.427493760534265
2025-06-16 20:49:35.969871+00:00,29.357366618872998
2025-06-16 20:49:36.362075+00:00,29.30466795106828
2025-06-16 20:49:37.235861+00:00,29.134575928992515
2025-06-16 20:49:37.715837+00:00,29.146287661058633
2025-06-16 20:49:40.745794+00:00,29.883915046756684
2025-06-16 20:49:42.413217+00:00,29.96600973288186
2025-06-16 20:49:46.511255+00:00,29.81977713974356
2025-06-16 20:49:46.851974+00:00,29.761097547926948
2025-06-16 20:49:47.178881+00:00,29.743400188424754
2025-06-16 20:49:47.511565+00:00,29.696560625210587
2025-06-16 20:49:51.331804+00:00,30.001136308828354
2025-06-16 20:49:54.921759+00:00,30.305678025599928
2025-06-16 20:49:55.398262+00:00,30.29995070085589
2025-06-16 20:49:56.407111+00:00,30.08335488530637
2025-06-16 20:49:57.343882+00:00,29.890294489880894
2025-06-16 20:49:57.712046+00:00,29.88444009723167
2025-06-16 20:49:58.081143+00:00,29.855036402384407
2025-06-16 20:49:58.330862+00:00,29.837472813628327
2025-06-16 20:49:58.577732+00:00,29.837472813628327
2025-06-16 20:49:58.820048+00:00,29.91358104975331
2025-06-16 20:49:59.077429+00:00,29.93114424941858
2025-06-16 20:49:59.303426+00:00,29.790503807119983
2025-06-16 20:49:59.567475+00:00,29.696960871132962
2025-06-16 20:49:59.836677+00:00,29.60341751775265
2025-06-16 20:50:00.443970+00:00,29.527303280144203
2025-06-16 20:50:00.863759+00:00,29.509195986836307
2025-06-16 20:50:01.236571+00:00,29.503883175526592
2025-06-16 20:50:01.616749+00:00,29.562433137776825
2025-06-16 20:50:01.950574+00:00,29.703082292651082
2025-06-16 20:50:02.390179+00:00,29.784913895796606
2025-06-16 20:50:02.860205+00:00,29.866876859425247
2025-06-16 20:50:03.726809+00:00,29.878716997383385
2025-06-16 20:50:04.110047+00:00,29.902134279630605
2025-06-16 20:50:04.520203+00:00,29.943114139478325
2025-06-16 20:50:04.912689+00:00,29.93725990371449
2025-06-16 20:50:05.341861+00:00,29.954431257245272
2025-06-16 20:50:05.782006+00:00,29.995671851592274
2025-06-16 20:50:07.250080+00:00,30.024942767310126
2025-06-16 20:50:08.120213+00:00,30.013493939268493
2025-06-16 20:50:08.743224+00:00,30.03665106376205
2025-06-16 20:50:09.303221+00:00,30.048359320308137
2025-06-16 20:50:10.293292+00:00,29.70880367870136
2025-06-16 20:50:11.360153+00:00,29.697094264885965
2025-06-16 20:50:11.830254+00:00,29.58571817451396
2025-06-16 20:50:12.162784+00:00,29.433485490146836
2025-06-16 20:50:12.574324+00:00,29.304943721120747
2025-06-16 20:50:12.993932+00:00,29.28152236857102
2025-06-16 20:50:13.392046+00:00,29.316516592145017
2025-06-16 20:50:13.871188+00:00,29.351511251245892
2025-06-16 20:50:14.659218+00:00,29.392361720735227
2025-06-16 20:50:15.316796+00:00,29.37479556614735
2025-06-16 20:50:16.138741+00:00,29.50960267536049
2025-06-16 20:50:17.112545+00:00,29.63841253238969
2025-06-16 20:50:17.535141+00:00,29.696960871132962
2025-06-16 20:50:18.293466+00:00,29.88444009723167
2025-06-16 20:50:18.966716+00:00,29.989687599818108
2025-06-16 20:50:19.619861+00:00,30.08908009695873
2025-06-16 20:50:20.318492+00:00,30.095191947434092
2025-06-16 20:50:20.999318+00:00,30.11860802156204
2025-06-16 20:50:21.657902+00:00,29.989817638519327
2025-06-16 20:50:22.293903+00:00,29.691106082153727
2025-06-16 20:50:22.858686+00:00,29.790636137971205
2025-06-16 20:50:23.421061+00:00,29.76162819185168
2025-06-16 20:50:24.159241+00:00,29.802213170100163
2025-06-16 20:50:25.013504+00:00,29.550588153645872
2025-06-16 20:50:25.401248+00:00,29.42776673312058
2025-06-16 20:50:25.910915+00:00,29.32808968097058
2025-06-16 20:50:26.292909+00:00,29.27539056421493
2025-06-16 20:50:27.026582+00:00,29.310247719584037
2025-06-16 20:50:29.566309+00:00,29.837341019594724
2025-06-16 20:50:30.048254+00:00,29.87819172161554
2025-06-16 20:50:30.708454+00:00,30.02468348426784
2025-06-16 20:50:31.049701+00:00,30.094934274614594
2025-06-16 20:50:31.444640+00:00,30.141767336692528
2025-06-16 20:50:31.842132+00:00,30.18872752861429
2025-06-16 20:50:32.441799+00:00,30.212143232597356
2025-06-16 20:50:32.983860+00:00,30.17689171422053
2025-06-16 20:50:33.450377+00:00,29.87299401098175
2025-06-16 20:50:41.675980+00:00,29.6793964742652
2025-06-16 20:50:41.822723+00:00,29.720246791178017
2025-06-16 20:50:42.001637+00:00,29.725702325719176
2025-06-16 20:50:42.190712+00:00,29.72556921361152
2025-06-16 20:50:42.410675+00:00,29.725436090726767
2025-06-16 20:50:44.427862+00:00,29.802080962677977
2025-06-16 20:50:45.474343+00:00,29.94831576951485
2025-06-16 20:50:46.713460+00:00,29.790503807119983
2025-06-16 20:50:47.799674+00:00,29.766687098978718
2025-06-16 20:50:48.376236+00:00,29.714258761011454
2025-06-16 20:50:49.093764+00:00,29.650122279951844
2025-06-16 20:50:49.797136+00:00,29.438931613419932
2025-06-16 20:50:50.576701+00:00,29.380239810431654
2025-06-16 20:50:51.726276+00:00,29.438931613419932
2025-06-16 20:50:51.995420+00:00,29.427357258073382
2025-06-16 20:50:52.388437+00:00,29.532617125365885
2025-06-16 20:50:52.806746+00:00,29.64985438639117
2025-06-16 20:50:53.376485+00:00,29.837209214784554
2025-06-16 20:50:53.869173+00:00,29.977718631439267
2025-06-16 20:50:54.329067+00:00,30.059421261325127
2025-06-16 20:50:55.225429+00:00,30.11211076149489
2025-06-16 20:50:56.094290+00:00,30.14762142455615
2025-06-16 20:50:57.084060+00:00,30.188471981106517
2025-06-16 20:50:58.092366+00:00,30.194581469575088
2025-06-16 20:51:00.208982+00:00,30.03639204909479
2025-06-16 20:51:00.765280+00:00,29.872337107713975
2025-06-16 20:51:01.479812+00:00,29.761097547926948
2025-06-16 20:51:03.065633+00:00,29.684850634633335
2025-06-16 20:51:03.406864+00:00,29.585179391448126
2025-06-16 20:51:03.811271+00:00,29.567478696526003
2025-06-16 20:51:04.207505+00:00,29.40951764175395
2025-06-16 20:51:05.432758+00:00,29.450642442096374
2025-06-16 20:51:06.611818+00:00,29.6495864497207
2025-06-16 20:51:10.939888+00:00,29.766687098978718
2025-06-16 20:51:11.257582+00:00,29.579189354644686
2025-06-16 20:51:11.701421+00:00,29.544192453049554
2025-06-16 20:51:12.475524+00:00,29.46262544116435
2025-06-16 20:51:12.958501+00:00,29.63801027322947
2025-06-16 20:51:13.211254+00:00,29.725968517603185
2025-06-16 20:51:13.484234+00:00,29.743267288410287
2025-06-16 20:51:14.808354+00:00,29.66129669424329
2025-06-16 20:51:19.078889+00:00,29.77826443623203
2025-06-16 20:51:19.371600+00:00,29.754977213649703
2025-06-16 20:51:21.219035+00:00,29.94259181604133
2025-06-16 20:51:21.712264+00:00,29.94233058966633
2025-06-16 20:51:21.995886+00:00,29.936345254869554
2025-06-16 20:51:22.723949+00:00,29.848655178790715
2025-06-16 20:51:22.982465+00:00,29.772542026676827
2025-06-16 20:51:24.375252+00:00,29.720113644295893
2025-06-16 20:51:24.612743+00:00,29.69057213094177
2025-06-16 20:51:25.282972+00:00,29.67300689885548
2025-06-16 20:51:25.967083+00:00,29.608734723087483
2025-06-16 20:51:26.471257+00:00,29.57945892351122
2025-06-16 20:51:27.161138+00:00,29.56801832804087
2025-06-16 20:51:29.142891+00:00,29.67912925178481
2025-06-16 20:51:30.303961+00:00,29.848918552336265
2025-06-16 20:51:32.681185+00:00,30.141895641767157
2025-06-16 20:51:33.266213+00:00,30.147493175795713
2025-06-16 20:51:34.152028+00:00,30.053825499290927
2025-06-16 20:51:34.736483+00:00,30.059550538000863
2025-06-16 20:51:35.410444+00:00,30.042246316542887
2025-06-16 20:51:36.708377+00:00,29.831354531042983
2025-06-16 20:51:37.411987+00:00,29.755508212207488
2025-06-16 20:51:37.594003+00:00,29.702682312711925
2025-06-16 20:51:37.908675+00:00,29.64386535332575
2025-06-16 20:51:39.434200+00:00,29.574008207464683
2025-06-16 20:51:39.684703+00:00,29.608734723087483
2025-06-16 20:51:40.684081+00:00,29.503476317994206
2025-06-16 20:51:43.780562+00:00,29.240118731209247
2025-06-16 20:51:44.007819+00:00,29.228268668081384
2025-06-16 20:51:44.549693+00:00,29.17556681662391
2025-06-16 20:51:46.897880+00:00,29.321821131633836
2025-06-16 20:51:50.769417+00:00,29.836945572834477
2025-06-16 20:51:51.646311+00:00,29.995541879986284
2025-06-16 20:51:51.846956+00:00,29.98929741905929
2025-06-16 20:51:52.058208+00:00,29.90746464146623
2025-06-16 20:51:52.440785+00:00,29.8195131167366
2025-06-16 20:51:52.999933+00:00,29.67926286841366
2025-06-16 20:51:53.946423+00:00,29.46262544116435
2025-06-16 20:51:54.641685+00:00,29.374932661894196
2025-06-16 20:51:55.851491+00:00,29.257547125246628
2025-06-16 20:51:56.077809+00:00,29.275114079820053
2025-06-16 20:51:57.544214+00:00,29.53302300852655
2025-06-16 20:52:02.582745+00:00,29.43334906558157
2025-06-16 20:52:04.037705+00:00,29.299088397947667
2025-06-16 20:52:05.014520+00:00,29.240395999531835
2025-06-16 20:52:06.974797+00:00,28.964893134744667
2025-06-16 20:52:08.139354+00:00,29.21655721537528
2025-06-16 20:52:08.597441+00:00,29.433485490146836
2025-06-16 20:52:08.929883+00:00,29.53874285038048
2025-06-16 20:52:09.290148+00:00,29.55045307137538
2025-06-16 20:52:10.298327+00:00,29.57959369177781
2025-06-16 20:52:11.209147+00:00,29.82004111964391
2025-06-16 20:52:13.374863+00:00,30.01921829657113
2025-06-16 20:52:13.612958+00:00,30.03639204909479
2025-06-16 20:52:14.024295+00:00,30.048359320308137
2025-06-16 20:52:17.097070+00:00,29.744064526841935
2025-06-16 20:52:19.089906+00:00,29.345793294209408
2025-06-16 20:52:19.455913+00:00,29.42776673312058
2025-06-16 20:52:20.043145+00:00,29.49230879520915
2025-06-16 20:52:21.549363+00:00,29.67367531753767
2025-06-16 20:52:23.436519+00:00,30.00139615017777
2025-06-16 20:52:25.175735+00:00,30.054213433616486
2025-06-16 20:52:26.167704+00:00,29.843327353190375
2025-06-16 20:52:26.820917+00:00,29.866876859425247
2025-06-16 20:52:28.745406+00:00,29.61526157330676
2025-06-16 20:52:29.074345+00:00,29.650657937743897
2025-06-16 20:52:29.520953+00:00,29.73248833651687
2025-06-16 20:52:30.098309+00:00,29.62670274492078
2025-06-16 20:52:34.939234+00:00,30.054084132950194
2025-06-16 20:52:35.506768+00:00,30.159457674159988
2025-06-16 20:52:36.016699+00:00,30.212143232597356
2025-06-16 20:52:36.652886+00:00,30.27666234677737
2025-06-16 20:52:37.066724+00:00,30.31725932937461
2025-06-16 20:52:38.415946+00:00,30.347032314583675
2025-06-16 20:52:42.766693+00:00,29.469024709149465
2025-06-16 20:52:43.659271+00:00,29.35777844551741
2025-06-16 20:52:46.475357+00:00,30.113268429239422
2025-06-16 20:52:46.796722+00:00,30.194836839808186
2025-06-16 20:52:47.339047+00:00,30.21812455580779
2025-06-16 20:52:48.079367+00:00,30.21252566800172
2025-06-16 20:52:48.454967+00:00,30.253501357066735
2025-06-16 20:52:48.822864+00:00,30.282642744448538
2025-06-16 20:52:49.098857+00:00,30.29460307503605
2025-06-16 20:52:49.316364+00:00,30.28849639161471
2025-06-16 20:52:49.684782+00:00,30.264827982923038
2025-06-16 20:52:49.810786+00:00,30.282642744448538
2025-06-16 20:52:50.040231+00:00,30.29435002880465
2025-06-16 20:52:50.229009+00:00,30.29435002880465
2025-06-16 20:52:50.366038+00:00,30.300203656018354
2025-06-16 20:52:50.578672+00:00,30.299824207113023
2025-06-16 20:52:51.016311+00:00,30.18898303302231
2025-06-16 20:52:51.274485+00:00,30.112882636968838
2025-06-16 20:52:51.600322+00:00,30.095320767680782
2025-06-16 20:52:52.452730+00:00,29.791165353608253
2025-06-16 20:52:52.665795+00:00,29.785046272197434
2025-06-16 20:52:52.912226+00:00,29.814450678274973
2025-06-16 20:52:53.012149+00:00,29.872862651881
2025-06-16 20:52:53.185361+00:00,29.872731282003848
2025-06-16 20:52:53.655696+00:00,29.884833771936236
2025-06-16 20:52:53.948335+00:00,29.95482258107731
2025-06-16 20:52:54.307359+00:00,30.07177571368279
2025-06-16 20:52:56.489094+00:00,29.814582697608866
2025-06-16 20:52:56.790186+00:00,29.82056895012486
2025-06-16 20:52:58.216307+00:00,29.744595803589664
2025-06-16 20:53:00.102292+00:00,29.475015587535058
2025-06-16 20:53:03.722689+00:00,29.73248833651687
2025-06-16 20:53:04.482098+00:00,29.5334287946853
2025-06-16 20:53:06.119477+00:00,29.580267371444172
2025-06-16 20:53:06.421964+00:00,29.650657937743897
2025-06-16 20:53:07.619877+00:00,29.779324199802733
2025-06-16 20:53:08.639030+00:00,29.557118096188177
2025-06-16 20:53:10.264649+00:00,29.439477064770255
2025-06-16 20:53:10.661357+00:00,29.49230879520915
2025-06-16 20:53:11.321292+00:00,29.626568535093007
2025-06-16 20:53:11.688441+00:00,29.814054555613264
2025-06-16 20:53:12.304409+00:00,29.6738089689421
2025-06-16 20:53:13.415810+00:00,29.521448268954487
2025-06-16 20:53:14.099480+00:00,29.720646167161696
2025-06-16 20:53:14.919692+00:00,29.896411064736355
2025-06-16 20:53:16.040467+00:00,30.101174734086364
2025-06-16 20:53:19.924187+00:00,29.75018461753981
2025-06-16 20:53:20.802523+00:00,29.94324469339739
2025-06-16 20:53:22.082877+00:00,29.83799988199707
2025-06-16 20:53:22.590557+00:00,29.721045446151393
2025-06-16 20:53:23.512491+00:00,29.697494381481665
2025-06-16 20:53:24.480770+00:00,29.76189344915253
2025-06-16 20:53:24.974116+00:00,29.80859629013628
2025-06-16 20:53:25.795906+00:00,29.931667023425753
2025-06-16 20:53:26.296379+00:00,29.996061701755274
2025-06-16 20:53:26.941332+00:00,30.06630906509405
2025-06-16 20:53:27.658887+00:00,30.148262506731427
2025-06-16 20:53:28.371804+00:00,30.247774771531326
2025-06-16 20:53:29.056181+00:00,30.29460307503605
2025-06-16 20:53:29.757498+00:00,30.306310051154476
2025-06-16 20:53:32.188813+00:00,29.93778232312305
2025-06-16 20:53:34.740114+00:00,29.569501425536444
2025-06-16 20:53:35.174381+00:00,29.469568559496235
2025-06-16 20:53:35.549234+00:00,29.41102102801247
2025-06-16 20:53:36.401058+00:00,29.434576498644784
2025-06-16 20:53:38.184811+00:00,29.375892030317797
2025-06-16 20:53:38.423321+00:00,29.41673927558113
2025-06-16 20:53:40.575586+00:00,29.955474571943697
2025-06-16 20:53:41.462244+00:00,30.04939387446115
2025-06-16 20:53:41.912216+00:00,30.06682549395744
2025-06-16 20:53:42.633496+00:00,30.1427934755854
2025-06-16 20:53:43.260568+00:00,29.85010319985382
2025-06-16 20:53:44.028764+00:00,29.63935075988459
2025-06-16 20:53:48.016328+00:00,29.393182925395422
2025-06-16 20:53:49.412444+00:00,29.451868257022895
2025-06-16 20:53:50.865776+00:00,29.738608626927338
2025-06-16 20:53:53.407647+00:00,30.043152209651208
2025-06-16 20:53:54.359106+00:00,29.984613782815032
2025-06-16 20:53:55.982030+00:00,30.002045564974736
2025-06-16 20:53:56.465424+00:00,30.025590786341215
2025-06-16 20:53:57.508748+00:00,29.88496497528508
2025-06-16 20:53:57.921193+00:00,29.77972143332392
2025-06-16 20:53:58.255116+00:00,29.756304386735696
2025-06-16 20:53:58.705979+00:00,29.77945662175329
2025-06-16 20:53:59.673380+00:00,29.885096167857586
2025-06-16 20:53:59.872285+00:00,29.89667321381391
2025-06-16 20:54:00.129265+00:00,29.914366353869376
2025-06-16 20:54:00.463160+00:00,29.826555047685016
2025-06-16 20:54:01.034931+00:00,29.686185752643617
2025-06-16 20:54:01.633748+00:00,29.604089693537443
2025-06-16 20:54:02.300283+00:00,29.481142133903067
2025-06-16 20:54:05.963097+00:00,29.855957249758205
2025-06-16 20:54:06.943835+00:00,29.773867186639844
2025-06-16 20:54:09.403932+00:00,29.990727607703967
2025-06-16 20:54:11.423693+00:00,29.768012929980447
2025-06-16 20:54:11.943975+00:00,29.74446300056822
2025-06-16 20:54:12.357281+00:00,29.750450100150342
2025-06-16 20:54:13.160975+00:00,29.98474382395642
2025-06-16 20:54:13.899765+00:00,29.996321547984827
2025-06-16 20:54:14.744098+00:00,29.8207008808035
2025-06-16 20:54:15.177751+00:00,29.75603903833406
2025-06-16 20:54:16.268354+00:00,29.481277946091883
2025-06-16 20:54:17.901038+00:00,29.29950217354957
2025-06-16 20:54:18.502681+00:00,29.405166220001092
2025-06-16 20:54:19.089459+00:00,29.691639860929655
2025-06-16 20:54:19.556295+00:00,29.95534419532244
2025-06-16 20:54:20.013396+00:00,30.0724210489948
2025-06-16 20:54:20.425556+00:00,30.165951686972086
2025-06-16 20:54:20.927300+00:00,30.189493912539184
2025-06-16 20:54:22.523898+00:00,30.271822771791363
2025-06-16 20:54:23.130067+00:00,30.20145608619675
2025-06-16 20:54:23.697446+00:00,30.043410939273155
2025-06-16 20:54:24.128108+00:00,29.908774152643208
2025-06-16 20:54:25.450812+00:00,29.990727607703967
2025-06-16 20:54:26.105871+00:00,29.95534419532244
2025-06-16 20:54:26.744742+00:00,30.008548299645252
2025-06-16 20:54:28.230290+00:00,29.885489680917118
2025-06-16 20:54:28.421388+00:00,29.826818742509083
2025-06-16 20:54:28.663886+00:00,29.709336609089696
2025-06-16 20:54:29.003897+00:00,29.62804425043366
2025-06-16 20:54:29.305884+00:00,29.59823514759377
2025-06-16 20:54:29.554800+00:00,29.62165327151655
2025-06-16 20:54:29.780721+00:00,29.603955279935782
2025-06-16 20:54:30.113225+00:00,29.610212890156006
2025-06-16 20:54:30.464941+00:00,29.627507777558943
2025-06-16 20:54:30.885950+00:00,29.70986936704356
2025-06-16 20:54:31.386113+00:00,29.862074157748392
2025-06-16 20:54:31.807987+00:00,29.93804346817078
2025-06-16 20:54:32.248490+00:00,29.972905977743952
2025-06-16 20:54:32.785505+00:00,29.943375236540376
2025-06-16 20:54:33.092131+00:00,29.949490247897963
2025-06-16 20:54:33.536765+00:00,29.94376680131296
2025-06-16 20:54:33.808525+00:00,30.072550083730803
2025-06-16 20:54:34.108061+00:00,30.107929191260283
2025-06-16 20:54:34.302890+00:00,30.177786805740503
2025-06-16 20:54:34.503418+00:00,30.21876150496778
2025-06-16 20:54:34.702811+00:00,30.2537553209279
2025-06-16 20:54:34.929553+00:00,30.27131577837927
2025-06-16 20:54:35.196100+00:00,30.3007094370503
2025-06-16 20:54:35.431530+00:00,30.318143225992152
2025-06-16 20:54:35.656200+00:00,30.30656278595558
2025-06-16 20:54:35.973551+00:00,30.306310051154476
2025-06-16 20:54:36.107229+00:00,30.183640364127506
2025-06-16 20:54:39.510092+00:00,29.5398242805646
2025-06-16 20:54:49.546898+00:00,29.299364259128012
2025-06-16 20:54:54.191689+00:00,29.22868498948291
2025-06-16 20:54:55.278393+00:00,29.369351617593388
2025-06-16 20:54:55.472137+00:00,29.40420920072911
2025-06-16 20:54:58.714428+00:00,29.45663401912426
2025-06-16 20:54:59.407841+00:00,29.521448268954487
2025-06-16 20:55:00.255432+00:00,29.661831987607243
2025-06-16 20:55:00.954593+00:00,29.74353307766221
2025-06-16 20:55:01.506651+00:00,29.819909135082064
2025-06-16 20:55:05.550695+00:00,29.70880367870136
2025-06-16 20:55:06.401306+00:00,29.650122279951844
2025-06-16 20:55:20.680197+00:00,29.768277966858154
2025-06-16 20:55:24.238056+00:00,30.154500567909874
2025-06-16 20:55:24.607353+00:00,30.15437247243931
2025-06-16 20:55:24.975351+00:00,30.17791463285772
2025-06-16 20:55:25.343464+00:00,30.171933237378184
2025-06-16 20:55:28.647100+00:00,29.697894401082454
2025-06-16 20:55:29.983670+00:00,29.721178517593756
2025-06-16 20:55:31.211718+00:00,29.721577667258273
2025-06-16 20:55:32.041509+00:00,29.52226048496125
2025-06-16 20:55:32.447818+00:00,29.49870634032733
2025-06-16 20:55:33.213258+00:00,29.815242632628408
2025-06-16 20:55:34.357499+00:00,29.674610651044926
2025-06-16 20:55:36.568233+00:00,29.932189625014995
2025-06-16 20:55:39.593781+00:00,30.20145608619675
2025-06-16 20:55:41.967233+00:00,30.014272205599134
2025-06-16 20:55:42.736541+00:00,30.08464405246255
2025-06-16 20:55:43.155091+00:00,30.184151339595655
2025-06-16 20:55:43.713261+00:00,30.207819286383796
2025-06-16 20:55:44.129133+00:00,30.1080577911226
2025-06-16 20:55:45.304342+00:00,29.63403250222992
2025-06-16 20:55:48.203855+00:00,29.505374156563704
2025-06-16 20:55:49.581045+00:00,30.00308406830888
2025-06-16 20:55:49.983596+00:00,30.04379895288914
2025-06-16 20:55:51.472422+00:00,30.15501284204138
2025-06-16 20:55:52.264924+00:00,29.89772137907311
2025-06-16 20:55:52.441587+00:00,29.715989702240496
2025-06-16 20:55:52.944983+00:00,29.46398584597059
2025-06-16 20:55:54.231431+00:00,29.76854296062838
2025-06-16 20:55:56.189403+00:00,29.62272658170022
2025-06-16 20:55:57.345808+00:00,29.35302154632748
2025-06-16 20:55:58.503355+00:00,29.587333489048827
2025-06-16 20:56:00.207318+00:00,30.0967370792209
2025-06-16 20:56:01.748880+00:00,30.120149932999922
2025-06-16 20:56:02.175073+00:00,30.055376654713292
2025-06-16 20:56:02.583205+00:00,30.143434462201498
2025-06-16 20:56:03.016329+00:00,30.22537857443505
2025-06-16 20:56:03.390478+00:00,30.260623704502567
2025-06-16 20:56:03.791547+00:00,30.319026594667655
2025-06-16 20:56:04.311736+00:00,30.360373816866893
2025-06-16 20:56:04.724523+00:00,30.401091731139825
2025-06-16 20:56:05.071784+00:00,30.40096651784115
2025-06-16 20:56:09.626835+00:00,29.617006784942355
2025-06-16 20:56:10.232545+00:00,29.587602557249927
2025-06-16 20:56:10.782244+00:00,29.593187652278836
2025-06-16 20:56:11.233543+00:00,29.499655389900493
2025-06-16 20:56:11.711768+00:00,29.429676334036273
2025-06-16 20:56:19.290617+00:00,30.131728000870606
2025-06-16 20:56:19.718737+00:00,30.049910892924075
2025-06-16 20:56:19.918778+00:00,30.014920464542207
2025-06-16 20:56:20.385862+00:00,29.903705851650784
2025-06-16 20:56:20.803795+00:00,29.956256605375298
2025-06-16 20:56:21.480487+00:00,29.89785235123732
2025-06-16 20:56:21.942082+00:00,29.839316798560365
2025-06-16 20:56:22.552721+00:00,29.769072818846453
2025-06-16 20:57:05.605530+00:00,30.003213832734655
2025-06-16 20:57:07.724346+00:00,30.27843573369938
2025-06-16 20:57:09.111066+00:00,30.026627056455762
2025-06-16 20:57:10.711353+00:00,29.810180616108408
2025-06-16 20:57:12.157852+00:00,30.044186869524882
2025-06-16 20:57:12.825512+00:00,30.155652942266762
2025-06-16 20:57:13.293889+00:00,30.17880912097923
2025-06-16 20:57:13.938790+00:00,30.132112866074536
2025-06-16 20:57:15.602558+00:00,30.00906715362518
2025-06-16 20:57:18.064707+00:00,29.804062942454884
2025-06-16 20:57:19.395962+00:00,30.231485957103928
2025-06-16 20:57:19.964577+00:00,30.202093664537188
2025-06-16 20:57:20.432177+00:00,30.120278355580712
2025-06-16 20:57:21.109678+00:00,30.202093664537188
2025-06-16 20:57:21.517441+00:00,30.207946713415488
2025-06-16 20:57:22.173645+00:00,30.084901756588934
2025-06-16 20:57:22.440418+00:00,30.096865770163397
2025-06-16 20:57:25.043834+00:00,29.511634662939557
2025-06-16 20:57:26.460532+00:00,29.476645686496457
2025-06-16 20:57:26.969834+00:00,29.581748518267638
2025-06-16 20:57:27.420974+00:00,29.54076996613372
2025-06-16 20:57:27.925846+00:00,29.52307231295916
2025-06-16 20:57:28.083564+00:00,29.49393673671372
2025-06-16 20:57:28.268703+00:00,29.47024812991864
2025-06-16 20:57:28.492321+00:00,29.481821087065033
2025-06-16 20:57:28.710723+00:00,29.475830831023966
2025-06-16 20:57:28.909202+00:00,29.528656086795223
2025-06-16 20:57:29.634962+00:00,29.792223267597336
2025-06-16 20:57:29.841304+00:00,29.86819074425773
2025-06-16 20:57:35.482661+00:00,29.997360501870638
2025-06-16 20:57:36.124874+00:00,30.015438877733867
2025-06-16 20:57:36.375655+00:00,30.03846295956245
2025-06-16 20:57:36.933919+00:00,29.968223854169224
2025-06-16 20:57:37.396241+00:00,29.82774133493062
2025-06-16 20:57:37.514209+00:00,29.75736534926518
2025-06-16 20:57:38.243322+00:00,29.71080127854297
2025-06-16 20:57:38.432647+00:00,29.646008540914476
2025-06-16 20:57:39.386490+00:00,29.68765313768181
2025-06-16 20:57:39.888399+00:00,29.89772137907311
2025-06-16 20:57:40.138357+00:00,30.038333608475337
2025-06-16 20:57:40.497235+00:00,30.102718931477973
2025-06-16 20:57:40.866681+00:00,30.184789816494835
2025-06-16 20:57:41.258904+00:00,30.261004109640265
2025-06-16 20:57:41.801727+00:00,30.296120447372484
2025-06-16 20:57:42.636351+00:00,30.302225745803998
2025-06-16 20:57:42.817687+00:00,30.313426096453803
2025-06-16 20:57:43.560214+00:00,30.36622646229363
2025-06-16 20:57:43.800567+00:00,30.372204614121735
2025-06-16 20:57:44.442163+00:00,30.38951161835859
2025-06-16 20:57:44.725212+00:00,30.413047266669825
2025-06-16 20:57:48.504165+00:00,29.822283208370703
2025-06-16 20:57:49.335313+00:00,29.968744371294523
2025-06-16 20:57:50.142189+00:00,29.757630482128405
2025-06-16 20:57:50.747372+00:00,29.605836089594582
2025-06-16 20:57:52.084403+00:00,29.699360309774697
2025-06-16 20:57:57.360351+00:00,29.717053991565432
2025-06-16 20:57:57.587024+00:00,29.634836420897432
2025-06-16 20:57:58.624671+00:00,29.635104307566785
2025-06-16 20:57:58.901335+00:00,29.67009230474809
2025-06-16 20:57:59.534035+00:00,29.664238673825007
2025-06-16 20:57:59.794580+00:00,29.664238673825007
2025-06-16 20:58:00.095273+00:00,29.705213880862267
2025-06-16 20:58:00.464169+00:00,29.8280048357761
2025-06-16 20:58:01.488267+00:00,29.95703825087145
2025-06-16 20:58:01.992068+00:00,30.009585835193317
2025-06-16 20:58:02.771024+00:00,30.015568454092534
2025-06-16 20:58:23.907961+00:00,30.349548762714907
2025-06-16 20:58:24.261299+00:00,30.390388673470277
2025-06-16 20:58:25.001489+00:00,30.478419000576466
2025-06-16 20:58:25.456903+00:00,30.51938215666043
2025-06-16 20:58:25.949344+00:00,30.531333053241347
2025-06-16 20:58:26.325762+00:00,30.56619659389821
2025-06-16 20:58:26.576877+00:00,30.542912940011888
2025-06-16 20:58:26.993662+00:00,30.40234327156115
2025-06-16 20:58:27.823660+00:00,30.121690292805532
2025-06-16 20:58:28.148971+00:00,29.992805554516558
2025-06-16 20:58:28.359475+00:00,29.951576054262688
2025-06-16 20:58:28.692371+00:00,29.89889974060613
2025-06-16 20:58:29.027588+00:00,29.910736398868803
2025-06-16 20:58:29.367011+00:00,29.9280339085559
2025-06-16 20:58:32.395490+00:00,29.67647973379608
2025-06-16 20:58:33.966278+00:00,30.13301050775312
2025-06-16 20:58:34.242716+00:00,30.18555563320153
2025-06-16 20:58:34.684040+00:00,30.10972860878275
2025-06-16 20:58:35.334567+00:00,29.910605657887082
2025-06-16 20:58:35.738266+00:00,29.910605657887082
2025-06-16 20:58:36.309298+00:00,29.940131076798973
2025-06-16 20:58:36.591700+00:00,30.004640530218502
2025-06-16 20:58:37.260444+00:00,29.992545962026277
2025-06-16 20:58:37.574295+00:00,30.06303693509988
2025-06-16 20:58:37.878986+00:00,30.132882305553057
2025-06-16 20:58:38.289114+00:00,30.12130534831937
2025-06-16 20:58:38.722799+00:00,30.05094441262373
2025-06-16 20:58:38.998505+00:00,30.068760566690333
2025-06-16 20:58:39.249030+00:00,30.03351538117786
2025-06-16 20:58:39.493599+00:00,29.928425527622775
2025-06-16 20:58:40.104131+00:00,29.887193783438484
2025-06-16 20:58:40.420448+00:00,29.975247485018322
2025-06-16 20:58:40.958550+00:00,30.092170936286102
2025-06-16 20:58:42.501491+00:00,30.12130534831937
2025-06-16 20:58:42.686791+00:00,30.127286191536385
2025-06-16 20:58:42.794655+00:00,30.12104866478595
2025-06-16 20:58:43.092583+00:00,30.144715627300176
2025-06-16 20:58:43.354095+00:00,30.132754092577855
2025-06-16 20:58:43.673216+00:00,30.115709528257273
2025-06-16 20:58:44.083196+00:00,30.103747534381196
2025-06-16 20:58:44.700784+00:00,30.156548630030194
2025-06-16 20:58:45.362792+00:00,30.162528933021026
2025-06-16 20:58:45.754172+00:00,30.19166322716505
2025-06-16 20:58:49.505925+00:00,29.8580600608874
2025-06-16 20:58:50.084417+00:00,29.863650460894267
2025-06-16 20:58:50.351936+00:00,29.887062763286938
2025-06-16 20:58:50.601956+00:00,29.934017372788894
2025-06-16 20:58:50.895540+00:00,29.92178900037483
2025-06-16 20:58:51.140661+00:00,29.886800690654983
2025-06-16 20:58:51.865135+00:00,29.822546778759413
2025-06-16 20:58:52.300988+00:00,29.735012710569883
2025-06-16 20:58:52.732521+00:00,29.623531111681352
2025-06-16 20:58:53.365952+00:00,29.58840950318851
2025-06-16 20:58:53.832811+00:00,29.4944790389812
2025-06-16 20:58:54.717598+00:00,29.441929461721166
2025-06-16 20:58:54.942916+00:00,29.582017677579504
2025-06-16 20:58:55.161337+00:00,29.71652193311973
2025-06-16 20:58:55.435884+00:00,29.78716282896675
2025-06-16 20:58:55.618126+00:00,29.82774133493062
2025-06-16 20:58:58.797899+00:00,30.35489828199255
2025-06-16 20:59:09.093935+00:00,29.95677774547663
2025-06-16 20:59:12.725187+00:00,30.472069814086662
2025-06-16 20:59:15.153426+00:00,29.857928716015085
2025-06-16 20:59:16.097962+00:00,30.02727437506846
2025-06-16 20:59:17.511187+00:00,29.79354469017632
2025-06-16 20:59:19.712594+00:00,29.822678547788886
2025-06-16 20:59:21.491056+00:00,29.83451648258624
2025-06-16 20:59:21.843205+00:00,29.969004565201683
2025-06-16 20:59:22.266262+00:00,30.085932142079123
2025-06-16 20:59:22.596995+00:00,30.19102551669828
2025-06-16 20:59:22.915508+00:00,30.22639607892646
2025-06-16 20:59:23.557410+00:00,30.302352034833334
2025-06-16 20:59:23.967508+00:00,30.290773463679905
2025-06-16 20:59:25.391367+00:00,29.74671918626456
2025-06-16 20:59:26.164409+00:00,29.840237998951174
2025-06-16 20:59:26.690926+00:00,29.922180917718894
2025-06-16 20:59:27.182766+00:00,29.845959628769116
2025-06-16 20:59:27.719734+00:00,29.89889974060613
2025-06-16 20:59:28.847294+00:00,30.051331804714838
2025-06-16 20:59:29.708418+00:00,30.039368115455673
2025-06-16 20:59:30.251428+00:00,30.0102339446997
2025-06-16 20:59:31.401334+00:00,29.79354469017632
2025-06-16 20:59:32.061597+00:00,29.74099864032056
2025-06-16 20:59:33.167752+00:00,29.899030615784167
2025-06-16 20:59:35.089535+00:00,29.951445772184904
2025-06-16 20:59:36.116795+00:00,30.16838131374601
2025-06-16 20:59:39.948959+00:00,30.027792035997074
2025-06-16 20:59:41.587451+00:00,29.84036955590096
2025-06-16 20:59:42.013371+00:00,29.887324792813747
2025-06-16 20:59:42.274818+00:00,29.84036955590096
2025-06-16 20:59:43.699209+00:00,29.787691537088207
2025-06-16 20:59:44.070128+00:00,29.764013955686107
2025-06-16 20:59:44.357043+00:00,29.711599639520447
2025-06-16 20:59:44.756767+00:00,29.699759876733676
2025-06-16 20:59:44.990398+00:00,29.75177686658587
2025-06-16 20:59:45.511142+00:00,29.775720600077804
2025-06-16 20:59:45.848299+00:00,29.875487786384152
2025-06-16 20:59:46.513728+00:00,30.062778952850206
2025-06-16 20:59:47.243252+00:00,30.13301050775312
2025-06-16 20:59:48.029986+00:00,30.10960014899893
2025-06-16 20:59:49.761903+00:00,30.261764629002506
2025-06-16 20:59:50.021902+00:00,30.308583112855985
2025-06-16 20:59:51.939727+00:00,30.3205397126982
2025-06-16 20:59:52.445595+00:00,30.121561988752006
2025-06-16 20:59:52.839490+00:00,29.992675763659317
2025-06-16 20:59:53.199660+00:00,29.89889974060613
2025-06-16 20:59:53.848520+00:00,29.91658927545395
2025-06-16 20:59:54.125519+00:00,29.951576054262688
2025-06-16 20:59:54.695969+00:00,29.834384858535646
2025-06-16 20:59:54.882889+00:00,29.764278825019023
2025-06-16 20:59:55.557549+00:00,29.65266511868182
2025-06-16 20:59:55.948727+00:00,29.605970352309512
2025-06-16 20:59:56.692538+00:00,29.547568762595372
2025-06-16 20:59:57.224267+00:00,29.582555866870585
2025-06-16 20:59:57.415143+00:00,29.71133356230306
2025-06-16 20:59:58.431809+00:00,30.08046577143111
2025-06-16 20:59:58.718072+00:00,30.126644791213145
2025-06-16 20:59:58.919591+00:00,30.156036873101343
2025-06-16 20:59:59.270672+00:00,30.15031215947474
2025-06-16 20:59:59.678727+00:00,30.056539002992025
2025-06-16 21:00:04.634926+00:00,29.986433378191816
2025-06-16 21:00:10.885094+00:00,29.875356632034407
2025-06-16 21:00:11.686360+00:00,29.86937231922474
2025-06-16 21:00:12.475669+00:00,29.887062763286938
2025-06-16 21:00:13.035080+00:00,30.004121881993914
2025-06-16 21:00:14.553206+00:00,30.085932142079123
2025-06-16 21:00:14.912459+00:00,30.0567971840789
2025-06-16 21:00:15.502934+00:00,30.12079193815171
2025-06-16 21:00:19.944174+00:00,30.02740380646406
2025-06-16 21:00:23.842718+00:00,29.804723063545357
2025-06-16 21:00:25.750225+00:00,30.179703081128196
2025-06-16 21:00:26.175454+00:00,30.290647051258993
2025-06-16 21:00:27.144713+00:00,30.22067073623161
2025-06-16 21:00:28.408194+00:00,30.196878250088687
2025-06-16 21:00:29.093502+00:00,29.886931732359102
2025-06-16 21:00:29.629112+00:00,29.857140420476252
2025-06-16 21:00:31.301014+00:00,30.026886016227785
2025-06-16 21:00:31.776443+00:00,30.05081526037564
2025-06-16 21:00:32.178046+00:00,30.056409896285338
2025-06-16 21:00:32.566735+00:00,30.109471678439853
2025-06-16 21:00:35.604207+00:00,29.758160618532063
2025-06-16 21:00:36.106539+00:00,29.646811524949168
2025-06-16 21:00:36.618363+00:00,29.54675906264484
2025-06-16 21:00:37.092793+00:00,29.746055925545043
2025-06-16 21:00:37.451031+00:00,29.921919650265647
2025-06-16 21:00:37.876710+00:00,30.07995052582845
2025-06-16 21:00:38.291323+00:00,30.214436390424407
2025-06-16 21:00:38.720760+00:00,30.296499548032344
2025-06-16 21:00:42.617042+00:00,30.16774231540412
2025-06-16 21:00:43.184866+00:00,29.99839876610581
2025-06-16 21:00:43.539910+00:00,29.857665993941186
2025-06-16 21:00:44.496893+00:00,29.688053107279448
2025-06-16 21:00:44.763542+00:00,29.623531111681352
2025-06-16 21:00:45.064731+00:00,29.617409267427323
2025-06-16 21:00:46.100657+00:00,29.6589196463163
2025-06-16 21:00:48.823384+00:00,29.301707338342673
2025-06-16 21:00:49.092270+00:00,29.278291047189377
2025-06-16 21:00:49.281547+00:00,29.248882112818833
2025-06-16 21:00:49.673037+00:00,29.441793309062426
2025-06-16 21:00:50.110920+00:00,29.670359364565883
2025-06-16 21:00:50.382202+00:00,29.85181281634122
2025-06-16 21:00:51.592109+00:00,29.758425622072544
2025-06-16 21:00:51.848481+00:00,29.728893783179906
2025-06-16 21:00:52.453571+00:00,29.769867282868017
2025-06-16 21:00:52.697295+00:00,29.875356632034407
2025-06-16 21:00:53.281944+00:00,30.074355438612994
2025-06-16 21:00:53.825332+00:00,30.15616482849611
2025-06-16 21:00:54.100049+00:00,30.22067073623161
2025-06-16 21:00:54.836544+00:00,30.325887892239543
2025-06-16 21:00:56.123434+00:00,30.355400958522345
2025-06-16 21:00:56.363302+00:00,30.279321635235114
2025-06-16 21:00:57.595855+00:00,29.910605657887082
2025-06-16 21:00:59.997175+00:00,29.939870276585168
2025-06-16 21:01:17.418228+00:00,29.9044910557443
2025-06-16 21:01:29.297048+00:00,29.65266511868182
2025-06-16 21:01:34.519016+00:00,30.126901383667967
2025-06-16 21:01:35.722253+00:00,29.898507050414636
2025-06-16 21:01:36.249856+00:00,29.822546778759413
2025-06-16 21:01:36.697444+00:00,29.822546778759413
2025-06-16 21:01:37.219107+00:00,29.78755937622297
2025-06-16 21:01:37.736981+00:00,29.81097219715452
2025-06-16 21:01:38.070762+00:00,29.764278825019023
2025-06-16 21:01:38.747163+00:00,29.752572409154386
2025-06-16 21:01:39.250545+00:00,29.646945317900656
2025-06-16 21:01:39.844031+00:00,29.553287535699013
2025-06-16 21:01:40.522154+00:00,29.664372276230058
2025-06-16 21:01:41.172544+00:00,29.758028100596494
2025-06-16 21:01:42.124181+00:00,29.758028100596494
2025-06-16 21:01:42.686282+00:00,29.863256530589354
2025-06-16 21:01:43.180172+00:00,29.8927848501263
2025-06-16 21:01:43.731232+00:00,29.886800690654983
2025-06-16 21:01:44.242347+00:00,29.886669638174563
2025-06-16 21:01:44.760557+00:00,29.869109822444535
2025-06-16 21:01:45.469208+00:00,29.8744382498485
2025-06-16 21:01:46.697674+00:00,29.722508639277574
2025-06-16 21:01:48.380085+00:00,29.547029005739873
2025-06-16 21:01:49.607483+00:00,29.90409850219052
2025-06-16 21:01:49.856716+00:00,29.845565062233163
2025-06-16 21:01:50.810289+00:00,29.68738643739727
2025-06-16 21:01:51.690802+00:00,29.611152862937207
2025-06-16 21:01:52.388610+00:00,29.56459066828202
2025-06-16 21:01:52.821858+00:00,29.576029121467673
2025-06-16 21:01:53.092454+00:00,29.564321127858346
2025-06-16 21:01:53.698731+00:00,29.517353431211696
2025-06-16 21:01:54.417760+00:00,29.65798395972686
2025-06-16 21:01:55.014499+00:00,29.768940370457223
2025-06-16 21:01:55.447313+00:00,29.77505890918572
2025-06-16 21:01:55.867819+00:00,29.663837801945856
2025-06-16 21:01:56.253030+00:00,29.5580625232895
2025-06-16 21:01:56.771667+00:00,29.59931060529401
2025-06-16 21:01:57.406409+00:00,29.599176210803275
2025-06-16 21:01:58.007539+00:00,29.645874672521035
2025-06-16 21:01:58.365427+00:00,29.67487779219403
2025-06-16 21:01:58.624871+00:00,29.692706901174223
2025-06-16 21:01:58.910424+00:00,29.727697714083686
2025-06-16 21:01:59.147102+00:00,29.74512690790559
2025-06-16 21:01:59.539756+00:00,29.81537458730235
2025-06-16 21:01:59.889860+00:00,29.885620830384312
2025-06-16 21:02:00.447968+00:00,29.86819074425773
2025-06-16 21:02:07.681508+00:00,29.879767031653394
2025-06-16 21:02:09.132087+00:00,30.225251337887332
2025-06-16 21:02:11.507172+00:00,30.27767596932096
2025-06-16 21:02:22.230147+00:00,29.73341882169775
2025-06-16 21:02:22.897919+00:00,29.82734600283806
2025-06-16 21:02:24.207186+00:00,30.038074873974303
2025-06-16 21:02:24.830899+00:00,30.043928269209964
2025-06-16 21:02:25.886589+00:00,30.020514628423598
2025-06-16 21:02:26.894929+00:00,30.055764201119217
2025-06-16 21:02:28.568486+00:00,30.120278355580712
2025-06-16 21:02:28.844015+00:00,30.155524943771802
2025-06-16 21:02:29.004122+00:00,30.091012598875327
2025-06-16 21:02:29.303490+00:00,30.032350908496312
2025-06-16 21:02:29.531005+00:00,30.00906715362518
2025-06-16 21:02:29.983376+00:00,30.06734175041309
2025-06-16 21:02:30.806479+00:00,29.78064793435134
2025-06-16 21:02:31.944343+00:00,29.652263876487485
2025-06-16 21:02:33.182178+00:00,29.80432702322113
2025-06-16 21:02:34.071075+00:00,29.86273113931311
2025-06-16 21:02:34.319370+00:00,29.92126629305019
2025-06-16 21:02:34.571054+00:00,29.956256605375298
2025-06-16 21:02:34.837462+00:00,30.050556923552882
2025-06-16 21:02:35.203770+00:00,30.08503059248904
2025-06-16 21:02:35.688509+00:00,30.173211694555764
2025-06-16 21:02:36.626932+00:00,30.249298583945198
2025-06-16 21:02:36.853120+00:00,30.21418176750701
2025-06-16 21:02:37.294239+00:00,30.22576021942979
2025-06-16 21:02:37.429042+00:00,30.249171658837852
2025-06-16 21:02:37.863551+00:00,30.27856232338506
2025-06-16 21:02:38.081181+00:00,30.28466805423461
2025-06-16 21:02:38.406902+00:00,30.260750516989702
2025-06-16 21:02:38.731383+00:00,30.21978006333514
2025-06-16 21:02:39.177477+00:00,30.20234862044943
2025-06-16 21:02:40.204434+00:00,29.968614258177077
2025-06-16 21:02:40.704913+00:00,29.945332090558946
2025-06-16 21:02:40.857128+00:00,29.986303477136456
2025-06-16 21:02:40.964968+00:00,29.97433731372803
2025-06-16 21:02:41.768561+00:00,30.10921470499594
2025-06-16 21:02:42.179874+00:00,30.197133232426083
2025-06-16 21:02:43.884474+00:00,29.898507050414636
2025-06-16 21:02:44.821367+00:00,29.448191596444023
2025-06-16 21:02:46.104861+00:00,29.640824050406845
2025-06-16 21:02:48.957037+00:00,30.296752227933606
2025-06-16 21:02:50.186424+00:00,30.273469309795914
2025-06-16 21:02:50.493278+00:00,30.255785480273232
2025-06-16 21:02:50.728408+00:00,30.2440806054803
2025-06-16 21:02:51.011886+00:00,30.226268928576566
2025-06-16 21:02:52.542119+00:00,29.840237998951174
2025-06-16 21:02:52.828069+00:00,29.80498703654478
2025-06-16 21:02:53.211747+00:00,29.793280491874377
2025-06-16 21:02:56.080146+00:00,29.857665993941186
2025-06-16 21:03:13.789651+00:00,30.062391898659673
2025-06-16 21:03:14.842273+00:00,30.244207533024834
2025-06-16 21:03:15.477032+00:00,30.255658676123602
2025-06-16 21:03:15.988380+00:00,30.021680405769356
2025-06-16 21:03:18.704970+00:00,29.606238845406583
2025-06-16 21:03:18.918958+00:00,29.565129619795783
2025-06-16 21:03:19.096070+00:00,29.605970352309512
2025-06-16 21:03:19.545626+00:00,29.694039731530793
2025-06-16 21:03:19.821925+00:00,29.79886966199174
2025-06-16 21:03:20.134498+00:00,29.910344143595108
2025-06-16 21:03:20.517974+00:00,29.957428928143933
2025-06-16 21:03:20.928684+00:00,29.945462461285235
2025-06-16 21:03:21.247503+00:00,29.945723170409764
2025-06-16 21:03:21.773552+00:00,29.857665993941186
2025-06-16 21:03:21.998249+00:00,29.834121578104867
2025-06-16 21:03:22.232374+00:00,29.799001720982044
2025-06-16 21:03:22.517922+00:00,29.793016250465538
2025-06-16 21:03:22.835975+00:00,29.79913376919564
2025-06-16 21:03:23.113309+00:00,29.816693541326668
2025-06-16 21:03:23.328819+00:00,29.846879906842986
2025-06-16 21:03:23.846918+00:00,29.822546778759413
2025-06-16 21:03:24.030551+00:00,29.781309397495374
2025-06-16 21:03:24.179932+00:00,29.78144165779381
2025-06-16 21:03:24.430070+00:00,29.78144165779381
2025-06-16 21:03:24.549456+00:00,29.769734899139866
2025-06-16 21:03:26.080167+00:00,29.95131547933113
2025-06-16 21:03:28.661803+00:00,30.015827574482774
2025-06-16 21:03:29.298699+00:00,29.89889974060613
2025-06-16 21:03:30.261918+00:00,29.85154991696124
2025-06-16 21:03:32.456649+00:00,29.688186408924228
2025-06-16 21:03:33.063428+00:00,29.62366516229021
2025-06-16 21:03:36.096106+00:00,29.693639995584395
2025-06-16 21:03:36.872034+00:00,29.75829312569074
2025-06-16 21:03:37.316714+00:00,29.76999965581934
2025-06-16 21:03:38.312482+00:00,30.091656227412518
2025-06-16 21:03:38.520726+00:00,30.144331390909137
2025-06-16 21:03:39.757708+00:00,30.314435378465134
2025-06-16 21:03:40.327707+00:00,30.35514964180568
2025-06-16 21:03:41.188311+00:00,30.36672873146866
2025-06-16 21:03:41.463534+00:00,30.36125314435811
2025-06-16 21:03:41.899355+00:00,30.355400958522345
2025-06-16 21:03:42.468876+00:00,30.35527530555107
2025-06-16 21:03:45.285154+00:00,30.373082927070964
2025-06-16 21:03:49.346139+00:00,29.96913464599141
2025-06-16 21:03:50.703520+00:00,30.19166322716505
2025-06-16 21:03:50.887715+00:00,30.2266503473021
2025-06-16 21:03:51.060460+00:00,30.26227142641969
2025-06-16 21:03:53.579196+00:00,30.455135754528424
2025-06-16 21:03:54.079477+00:00,30.490246897944697
2025-06-16 21:03:54.513692+00:00,30.51377793702146
2025-06-16 21:03:56.178542+00:00,29.987212558231736
2025-06-16 21:03:56.828984+00:00,29.876143396487823
2025-06-16 21:03:57.620099+00:00,29.840895675935112
2025-06-16 21:03:58.749003+00:00,29.888110622763534
2025-06-16 21:03:59.799224+00:00,29.747382177560613
2025-06-16 21:04:02.154749+00:00,29.87601229601975
2025-06-16 21:04:04.962806+00:00,30.3910148181885
2025-06-16 21:04:06.708585+00:00,30.514149301052043
2025-06-16 21:04:13.193177+00:00,29.922833897769916
2025-06-16 21:04:14.238274+00:00,29.829453319902004
2025-06-16 21:04:15.957853+00:00,30.186448595768038
2025-06-16 21:04:19.215810+00:00,30.566935732319173
2025-06-16 21:04:21.161868+00:00,30.169147756182184
2025-06-16 21:04:22.294830+00:00,30.315443970921066
2025-06-16 21:04:22.610588+00:00,30.403218708809153
2025-06-16 21:04:23.160828+00:00,30.350805370657888
2025-06-16 21:04:24.277943+00:00,30.052106297958208
2025-06-16 21:04:24.627816+00:00,29.91191258277692
2025-06-16 21:04:27.151538+00:00,30.12258811947516
2025-06-16 21:04:27.570652+00:00,30.175127360016038
2025-06-16 21:04:27.720075+00:00,30.174744420872972
2025-06-16 21:04:27.919111+00:00,30.18085168266786
2025-06-16 21:04:29.352459+00:00,30.443930353509245
2025-06-16 21:04:32.599913+00:00,30.456131295365605
2025-06-16 21:04:36.290472+00:00,30.479660743577636
2025-06-16 21:04:37.302381+00:00,30.105417543274143
2025-06-16 21:04:39.193670+00:00,29.71292937898173
2025-06-16 21:04:40.822670+00:00,29.94715630011049
2025-06-16 21:04:41.753352+00:00,29.97043486121446
2025-06-16 21:04:42.703194+00:00,30.070049268248546
2025-06-16 21:04:43.121128+00:00,30.19866222136384
2025-06-16 21:04:43.328753+00:00,30.221942210231152
2025-06-16 21:04:43.492402+00:00,30.303866662785662
2025-06-16 21:04:44.107992+00:00,30.41504672291856
2025-06-16 21:04:44.558225+00:00,30.36810908283989
2025-06-16 21:04:46.083649+00:00,30.081881807869852
2025-06-16 21:04:49.131830+00:00,30.43895095263247
2025-06-16 21:04:49.505232+00:00,30.292542106260242
2025-06-16 21:04:50.027287+00:00,30.187213572033237
2025-06-16 21:04:50.953193+00:00,30.040918582857444
2025-06-16 21:04:51.623040+00:00,30.011529355534623
2025-06-16 21:04:52.302567+00:00,29.900338774872587
2025-06-16 21:04:52.677333+00:00,29.806833640554913
2025-06-16 21:04:52.959862+00:00,29.76001473805804
2025-06-16 21:04:53.371402+00:00,29.736605047555056
2025-06-16 21:04:53.754792+00:00,29.718781990647198
2025-06-16 21:04:54.071706+00:00,29.759749993162398
2025-06-16 21:04:54.402491+00:00,29.77717537168183
2025-06-16 21:04:55.233570+00:00,29.900077229264564
2025-06-16 21:04:55.736573+00:00,29.92946937098683
2025-06-16 21:04:56.021275+00:00,30.011140845428912
2025-06-16 21:04:56.379683+00:00,29.981879508812465
2025-06-16 21:04:56.818038+00:00,29.82997971810598
2025-06-16 21:04:57.199083+00:00,29.706810761460165
2025-06-16 21:04:57.901522+00:00,29.812290636767077
2025-06-16 21:04:58.429436+00:00,29.92959980291503
2025-06-16 21:04:58.843253+00:00,29.95847026006199
2025-06-16 21:04:59.181497+00:00,30.0583453654591
2025-06-16 21:05:00.552472+00:00,29.888634293871437
2025-06-16 21:05:02.047391+00:00,29.771455047013614
2025-06-16 21:05:04.360686+00:00,30.286690605761397
2025-06-16 21:05:11.372912+00:00,30.210747382089284
2025-06-16 21:05:12.006712+00:00,30.14599571489002
2025-06-16 21:05:13.871379+00:00,30.24572982313915
2025-06-16 21:05:18.244170+00:00,30.216471822197935
2025-06-16 21:05:26.127407+00:00,30.046641422792984
2025-06-16 21:05:28.504546+00:00,30.10528914570313
2025-06-16 21:05:30.155499+00:00,30.233772777056945
2025-06-16 21:05:31.269512+00:00,30.186958623044315
2025-06-16 21:05:40.268156+00:00,30.005806858343888
2025-06-16 21:05:48.000805+00:00,30.321799459220397
2025-06-16 21:05:49.197416+00:00,30.257686249570188
2025-06-16 21:05:49.638843+00:00,30.345456445511584
2025-06-16 21:05:51.126929+00:00,29.888896064767874
2025-06-16 21:05:51.443522+00:00,29.771719523495893
2025-06-16 21:05:51.838349+00:00,29.70774155846447
2025-06-16 21:05:52.014678+00:00,29.707608619795128
2025-06-16 21:05:52.250013+00:00,29.748309912744425
2025-06-16 21:05:52.716904+00:00,30.017640210338744
2025-06-16 21:05:53.316719+00:00,30.15808286641453
2025-06-16 21:05:53.620402+00:00,30.24611015323922
2025-06-16 21:05:53.905636+00:00,30.29292082635204
2025-06-16 21:05:54.168114+00:00,30.298645953460383
2025-06-16 21:05:54.347439+00:00,30.309970487611242
2025-06-16 21:05:54.651902+00:00,30.31009654794315
2025-06-16 21:05:55.033577+00:00,30.321925374614242
2025-06-16 21:05:55.852216+00:00,30.351056562957062
2025-06-16 21:05:56.094955+00:00,30.374462066505483
2025-06-16 21:05:57.089772+00:00,30.474057848478434
2025-06-16 21:05:57.658144+00:00,30.514891738232365
2025-06-16 21:05:58.937079+00:00,30.48576006734406
2025-06-16 21:05:59.154016+00:00,30.45638007283859
2025-06-16 21:06:00.108527+00:00,30.25781288132696
2025-06-16 21:06:00.575823+00:00,30.251708113810682
2025-06-16 21:06:00.968218+00:00,30.19319263324944
2025-06-16 21:06:04.701545+00:00,29.636978307177408
2025-06-16 21:06:08.625474+00:00,29.478952336529712
2025-06-16 21:06:10.591928+00:00,29.671960818180402
2025-06-16 21:06:16.323745+00:00,30.09307126196481
2025-06-16 21:06:18.140533+00:00,29.636443094266063
2025-06-16 21:06:18.925989+00:00,29.648282654658573
2025-06-16 21:06:20.448695+00:00,29.753500051801584
2025-06-16 21:06:21.393557+00:00,29.700691822437523
2025-06-16 21:06:22.091774+00:00,29.712397612522246
2025-06-16 21:06:22.353481+00:00,29.71226464396467
2025-06-16 21:06:22.747536+00:00,29.70654472246504
2025-06-16 21:06:22.923308+00:00,29.65333364012472
2025-06-16 21:06:23.267248+00:00,29.560219230685252
2025-06-16 21:06:23.843351+00:00,29.677146751429486
2025-06-16 21:06:24.253491+00:00,29.852469876203287
2025-06-16 21:06:24.520224+00:00,29.858454030845863
2025-06-16 21:06:25.097137+00:00,29.794469044766583
2025-06-16 21:06:25.514732+00:00,29.776514273513676
2025-06-16 21:06:26.377240+00:00,29.63630926409465
2025-06-16 21:06:26.828784+00:00,29.63018841753104
2025-06-16 21:06:27.136736+00:00,29.65945408726568
2025-06-16 21:06:27.434185+00:00,29.653467312081183
2025-06-16 21:06:27.665968+00:00,29.664906578076977
2025-06-16 21:06:28.098748+00:00,29.671160285364202
2025-06-16 21:06:28.701030+00:00,29.67701336945732
2025-06-16 21:06:29.345374+00:00,29.641760919941884
2025-06-16 21:06:29.903680+00:00,29.54810834700494
2025-06-16 21:06:30.717903+00:00,29.530413124133414
2025-06-16 21:06:31.267395+00:00,29.506999193955124
2025-06-16 21:06:32.595551+00:00,29.55369207117068
2025-06-16 21:06:33.424738+00:00,30.00477016533532
2025-06-16 21:06:33.817037+00:00,30.150824141657395
2025-06-16 21:06:35.029102+00:00,30.308835459780337
2025-06-16 21:06:36.326527+00:00,30.449283862393116
2025-06-16 21:06:41.119319+00:00,29.595203606305912
2025-06-16 21:06:51.307927+00:00,29.51830046782333
2025-06-16 21:06:56.866958+00:00,29.887193783438484
2025-06-16 21:06:57.192798+00:00,29.957298713162395
2025-06-16 21:06:57.418879+00:00,30.02714493289721
2025-06-16 21:06:57.645848+00:00,30.07995052582845
2025-06-16 21:06:57.837981+00:00,30.13224113292551
2025-06-16 21:06:58.022799+00:00,30.126644791213145
2025-06-16 21:06:58.223802+00:00,30.16761448341079
2025-06-16 21:06:58.614958+00:00,30.16761448341079
2025-06-16 21:06:58.899151+00:00,30.191280633209615
2025-06-16 21:06:59.147021+00:00,30.197005746644813
2025-06-16 21:06:59.417261+00:00,30.249679294619543
2025-06-16 21:06:59.909846+00:00,30.320035512409927
2025-06-16 21:07:00.307823+00:00,30.343444971895618
2025-06-16 21:07:00.523754+00:00,30.349297311836718
2025-06-16 21:07:00.864086+00:00,30.313930823653994
2025-06-16 21:07:01.257497+00:00,30.308330722834306
2025-06-16 21:07:01.657994+00:00,30.255658676123602
2025-06-16 21:07:02.871274+00:00,29.86351916156903
2025-06-16 21:07:03.320436+00:00,29.78755937622297
2025-06-16 21:07:04.298835+00:00,29.805250966437523
2025-06-16 21:07:04.665213+00:00,29.84036955590096
2025-06-16 21:07:05.144406+00:00,29.81110408961061
2025-06-16 21:07:06.823592+00:00,30.004121881993914
2025-06-16 21:07:08.065385+00:00,30.16240108781462
2025-06-16 21:07:12.461100+00:00,30.209093071834307
2025-06-16 21:07:13.000404+00:00,30.308583112855985
2025-06-16 21:07:13.832707+00:00,30.37295748611462
2025-06-16 21:07:16.202571+00:00,30.16838131374601
2025-06-16 21:07:19.262619+00:00,30.08046577143111
2025-06-16 21:07:19.989922+00:00,30.027792035997074
2025-06-16 21:07:22.493117+00:00,29.82879507967491
2025-06-16 21:07:23.142024+00:00,29.84635409831674
2025-06-16 21:07:23.459285+00:00,29.83477969835783
2025-06-16 21:07:23.902319+00:00,29.787823687176697
2025-06-16 21:07:24.012931+00:00,29.769867282868017
2025-06-16 21:07:24.186773+00:00,29.752439845668594
2025-06-16 21:07:24.482664+00:00,29.764013955686107
2025-06-16 21:07:24.740097+00:00,29.78170614606033
2025-06-16 21:07:25.141042+00:00,29.83451648258624
2025-06-16 21:07:25.449771+00:00,29.96887447363606
2025-06-16 21:07:25.724392+00:00,30.027533227084028
2025-06-16 21:07:25.974799+00:00,30.056926258459082
2025-06-16 21:07:26.257842+00:00,30.097766305051838
2025-06-16 21:07:26.504323+00:00,30.10960014899893
2025-06-16 21:07:27.250992+00:00,30.133138699178037
2025-06-16 21:07:27.590462+00:00,29.881209702646625
2025-06-16 21:07:27.849896+00:00,29.84036955590096
2025-06-16 21:07:28.093128+00:00,29.799397833292755
2025-06-16 21:07:28.343686+00:00,29.875356632034407
2025-06-16 21:07:28.723329+00:00,29.95131547933113
2025-06-16 21:07:28.901779+00:00,29.957168487404903
2025-06-16 21:07:29.079298+00:00,30.009974733224293
2025-06-16 21:07:29.262683+00:00,30.021550918055844
2025-06-16 21:07:29.436857+00:00,29.992545962026277
2025-06-16 21:07:29.639329+00:00,29.95131547933113
2025-06-16 21:07:29.848418+00:00,29.922050289380334
2025-06-16 21:07:30.091100+00:00,29.857928716015085
2025-06-16 21:07:30.506259+00:00,29.793280491874377
2025-06-16 21:07:30.915995+00:00,29.799397833292755
2025-06-16 21:07:31.348599+00:00,29.887193783438484
2025-06-16 21:07:31.677502+00:00,29.893439561508995
2025-06-16 21:07:32.159063+00:00,29.875487786384152
2025-06-16 21:07:32.515138+00:00,29.94598383643024
2025-06-16 21:07:33.080531+00:00,29.916327916909992
2025-06-16 21:07:33.546937+00:00,29.74099864032056
2025-06-16 21:07:33.793330+00:00,29.787691537088207
2025-06-16 21:07:34.086925+00:00,29.846222619244013
2025-06-16 21:07:34.303551+00:00,29.869634772899467
2025-06-16 21:07:34.446267+00:00,29.922311535281338
2025-06-16 21:07:34.684434+00:00,29.93414784538072
2025-06-16 21:07:34.819943+00:00,29.898637957921366
2025-06-16 21:07:35.023048+00:00,29.86351916156903
2025-06-16 21:07:35.206384+00:00,29.816825377457654
2025-06-16 21:07:35.590830+00:00,29.711599639520447
2025-06-16 21:07:35.881020+00:00,29.606238845406583
2025-06-16 21:07:36.192111+00:00,29.46588860194702
2025-06-16 21:07:36.851037+00:00,29.46575276086456
2025-06-16 21:07:37.052588+00:00,29.477188707913783
2025-06-16 21:07:37.696442+00:00,29.46575276086456
2025-06-16 21:07:38.024791+00:00,29.4713348821254
2025-06-16 21:07:38.367575+00:00,29.529872691263428
2025-06-16 21:07:39.455060+00:00,29.51830046782333
2025-06-16 21:07:40.296712+00:00,29.64721287147141
2025-06-16 21:07:42.246241+00:00,29.969264716005227
2025-06-16 21:07:42.464212+00:00,29.887193783438484
2025-06-16 21:07:44.553278+00:00,29.55914122187759
2025-06-16 21:07:47.023362+00:00,29.430494087721957
2025-06-16 21:07:48.675191+00:00,29.723173295979322
2025-06-16 21:07:48.916670+00:00,29.75829312569074
2025-06-16 21:07:49.126454+00:00,29.78144165779381
2025-06-16 21:07:49.383857+00:00,29.840237998951174
2025-06-16 21:07:49.551927+00:00,29.915935798272915
2025-06-16 21:07:49.845049+00:00,29.951054861295617
2025-06-16 21:07:50.179488+00:00,29.945332090558946
2025-06-16 21:07:50.456689+00:00,29.910344143595108
2025-06-16 21:07:50.672479+00:00,29.86351916156903
2025-06-16 21:07:50.875005+00:00,29.874963104327133
2025-06-16 21:07:54.511764+00:00,29.840106431224886
2025-06-16 21:08:22.802514+00:00,29.62898266302995
2025-06-16 21:08:26.181252+00:00,29.435530565212755
2025-06-16 21:08:26.398457+00:00,29.40040502855483
2025-06-16 21:08:26.982289+00:00,29.46507339377843
2025-06-16 21:08:28.076444+00:00,29.593994324886435
2025-06-16 21:08:28.380851+00:00,29.58228679378048
2025-06-16 21:08:28.662691+00:00,29.57017512964964
2025-06-16 21:08:29.072014+00:00,29.60516461435581
2025-06-16 21:08:29.323636+00:00,29.640824050406845
2025-06-16 21:08:29.607576+00:00,29.67594592569858
2025-06-16 21:08:29.934291+00:00,29.663570500139716
2025-06-16 21:08:30.336689+00:00,29.652130107534596
2025-06-16 21:08:31.682149+00:00,29.640422373230255
2025-06-16 21:08:40.919742+00:00,29.986173565305258
2025-06-16 21:08:44.792098+00:00,29.863125198934906
2025-06-16 21:08:48.727620+00:00,29.50060391134603
2025-06-16 21:08:50.947305+00:00,29.553152668986108
2025-06-16 21:08:51.739431+00:00,29.57030983813893
2025-06-16 21:08:52.005774+00:00,29.623262978131084
2025-06-16 21:08:52.273837+00:00,29.653066263879694
2025-06-16 21:08:52.691360+00:00,29.705213880862267
2025-06-16 21:08:53.075246+00:00,29.55900642227648
2025-06-16 21:08:53.652028+00:00,29.447783404486326
2025-06-16 21:08:54.062878+00:00,29.418377169811315
2025-06-16 21:08:54.538907+00:00,29.441793309062426
2025-06-16 21:08:54.882279+00:00,29.535456270453246
2025-06-16 21:08:55.132274+00:00,29.63497036962084
2025-06-16 21:08:55.538496+00:00,29.75190948395626
2025-06-16 21:08:56.288954+00:00,29.968744371294523
2025-06-16 21:08:56.811652+00:00,30.13835046741826
2025-06-16 21:08:57.172159+00:00,30.22614176745196
2025-06-16 21:08:58.001064+00:00,30.3024783130883
2025-06-16 21:08:58.246693+00:00,30.302225745803998
2025-06-16 21:08:58.573187+00:00,30.36672873146866
2025-06-16 21:08:58.920125+00:00,30.372706571879814
2025-06-16 21:08:59.181140+00:00,30.366603180336014
2025-06-16 21:08:59.689316+00:00,30.173850519082958
2025-06-16 21:08:59.924381+00:00,30.03885094817022
2025-06-16 21:09:01.912471+00:00,29.816825377457654
2025-06-16 21:09:02.806512+00:00,29.840237998951174
2025-06-16 21:09:03.604003+00:00,29.81110408961061
2025-06-16 21:09:04.970889+00:00,29.541715123584765
2025-06-16 21:09:05.397175+00:00,29.576971384781498
2025-06-16 21:09:05.788599+00:00,29.594531891071572
2025-06-16 21:09:06.633560+00:00,29.693773251677047
2025-06-16 21:09:07.837831+00:00,29.875356632034407
2025-06-16 21:09:09.322086+00:00,29.828400006220033
2025-06-16 21:09:10.962399+00:00,29.85181281634122
2025-06-16 21:09:11.512183+00:00,29.781309397495374
2025-06-16 21:09:11.954652+00:00,29.70002620082053
2025-06-16 21:09:12.163747+00:00,29.676212851301873
2025-06-16 21:09:12.398594+00:00,29.717053991565432
2025-06-16 21:09:12.722659+00:00,29.758028100596494
2025-06-16 21:09:12.942357+00:00,29.646811524949168
2025-06-16 21:09:13.215224+00:00,29.59426312953431
2025-06-16 21:09:13.529779+00:00,29.54743383954831
2025-06-16 21:09:14.053928+00:00,29.676079393888866
2025-06-16 21:09:14.389832+00:00,29.758028100596494
2025-06-16 21:09:14.596561+00:00,29.769867282868017
2025-06-16 21:09:15.112141+00:00,29.781573907315458
2025-06-16 21:09:16.161678+00:00,29.70548013539985
2025-06-16 21:09:16.660753+00:00,29.635104307566785
2025-06-16 21:09:17.275121+00:00,29.57084856431835
2025-06-16 21:09:18.031831+00:00,29.57017512964964
2025-06-16 21:09:18.596798+00:00,29.50618686926471
2025-06-16 21:09:19.325786+00:00,29.43607550898365
2025-06-16 21:09:19.664321+00:00,29.546894039581296
2025-06-16 21:09:19.952677+00:00,29.67594592569858
2025-06-16 21:09:20.446559+00:00,29.880816376237142
2025-06-16 21:09:20.655930+00:00,29.886669638174563
2025-06-16 21:09:20.897845+00:00,29.869109822444535
2025-06-16 21:09:21.163855+00:00,29.86299385650405
2025-06-16 21:09:21.491347+00:00,29.828136570033976
2025-06-16 21:09:21.697033+00:00,29.8280048357761
2025-06-16 21:09:23.206594+00:00,29.86937231922474
2025-06-16 21:09:23.708854+00:00,29.88653857491785
2025-06-16 21:09:24.970697+00:00,30.038721629409892
2025-06-16 21:09:25.262646+00:00,30.11481062854779
2025-06-16 21:09:25.554986+00:00,30.178936861896766
2025-06-16 21:09:25.830905+00:00,30.22614176745196
2025-06-16 21:09:26.273362+00:00,30.261384417806887
2025-06-16 21:09:26.438060+00:00,30.325383787890704
2025-06-16 21:09:26.723697+00:00,30.34294167252515
2025-06-16 21:09:27.060262+00:00,30.34892005471332
2025-06-16 21:09:27.243371+00:00,30.34904581786194
2025-06-16 21:09:27.463562+00:00,30.308078289715287
2025-06-16 21:09:27.694782+00:00,30.284541553181484
2025-06-16 21:09:28.589109+00:00,30.079821687489304
2025-06-16 21:09:28.733696+00:00,30.097251778338933
2025-06-16 21:09:29.051807+00:00,29.968744371294523
2025-06-16 21:09:30.651264+00:00,29.53572641733052
2025-06-16 21:09:33.595221+00:00,29.722774534289456
2025-06-16 21:09:34.112758+00:00,29.91047490612918
2025-06-16 21:09:34.690766+00:00,30.021550918055844
2025-06-16 21:09:35.487769+00:00,30.062391898659673
2025-06-16 21:09:35.862806+00:00,30.132754092577855
2025-06-16 21:09:36.797363+00:00,29.97472745179344
2025-06-16 21:09:37.516423+00:00,30.068244784354956
2025-06-16 21:09:38.379027+00:00,29.816693541326668
2025-06-16 21:09:39.156896+00:00,29.91047490612918
2025-06-16 21:09:39.666422+00:00,29.916327916909992
2025-06-16 21:09:40.077648+00:00,29.986563268471357
2025-06-16 21:09:40.778554+00:00,29.90422936415133
2025-06-16 21:09:48.512277+00:00,30.162145365076785
2025-06-16 21:09:49.594203+00:00,30.18606596217459
2025-06-16 21:09:49.997467+00:00,30.17410597346913
2025-06-16 21:09:50.475994+00:00,30.17983074662117
2025-06-16 21:09:51.488687+00:00,29.893046767008148
2025-06-16 21:09:52.732087+00:00,29.74671918626456
2025-06-16 21:09:52.967802+00:00,29.758425622072544
2025-06-16 21:09:53.761125+00:00,29.82307379021779
2025-06-16 21:09:54.414510+00:00,29.799529849176274
2025-06-16 21:09:55.038363+00:00,29.57125249578637
2025-06-16 21:09:55.504875+00:00,29.343371662813155
2025-06-16 21:09:56.311656+00:00,29.331526995532464
2025-06-16 21:09:56.579771+00:00,29.383799892416512
2025-06-16 21:09:57.157482+00:00,29.436756446183335
2025-06-16 21:09:57.579248+00:00,29.55941078874636
2025-06-16 21:09:57.879039+00:00,29.307561386201247
2025-06-16 21:09:58.276717+00:00,29.254598027831374
2025-06-16 21:09:58.837921+00:00,29.39564421119387
2025-06-16 21:09:59.170670+00:00,29.500874820470447
2025-06-16 21:09:59.488475+00:00,29.623799202121553
2025-06-16 21:09:59.748809+00:00,29.717452922240316
2025-06-16 21:10:00.202482+00:00,29.82879507967491
2025-06-16 21:10:00.762144+00:00,29.886931732359102
2025-06-16 21:10:02.552279+00:00,30.221052291566092
2025-06-16 21:10:03.360682+00:00,30.343822333294632
2025-06-16 21:10:03.869354+00:00,30.396616384470537
2025-06-16 21:10:04.319527+00:00,30.425751367667267
2025-06-16 21:10:04.869212+00:00,30.28542683429
2025-06-16 21:10:05.220259+00:00,30.156548630030194
2025-06-16 21:10:05.569145+00:00,30.033774034353147
2025-06-16 21:10:06.086286+00:00,29.91671993856171
2025-06-16 21:10:08.952425+00:00,29.688452979882154
2025-06-16 21:10:10.503107+00:00,29.905014309615773
2025-06-16 21:10:10.828089+00:00,29.94598383643024
2025-06-16 21:10:11.464134+00:00,30.086575782811007
2025-06-16 21:10:12.978164+00:00,30.12181858608388
2025-06-16 21:10:21.861736+00:00,29.952357520433804
2025-06-16 21:10:24.386140+00:00,30.06940505216222
2025-06-16 21:10:33.334742+00:00,29.794469044766583
2025-06-16 21:10:44.911442+00:00,29.677546832682502
2025-06-16 21:11:02.802095+00:00,29.88238909995444
2025-06-16 21:11:03.277249+00:00,29.975767345829297
2025-06-16 21:11:03.924810+00:00,30.116094609361582
2025-06-16 21:11:04.243862+00:00,30.192555569274138
2025-06-16 21:11:04.854383+00:00,30.274228636266933
2025-06-16 21:11:05.247112+00:00,30.332999097955998
2025-06-16 21:11:05.672543+00:00,30.379561723684578
2025-06-16 21:11:06.365667+00:00,30.44990649160234
2025-06-16 21:11:09.548515+00:00,30.186576118749418
2025-06-16 21:11:11.318262+00:00,29.888110622763534
2025-06-16 21:11:11.718173+00:00,29.85871662360279
2025-06-16 21:11:14.153534+00:00,29.864569254432027
2025-06-16 21:11:17.062786+00:00,29.946505039159163
2025-06-16 21:11:20.694873+00:00,29.747249600855262
2025-06-16 21:11:27.772248+00:00,30.034161933299096
2025-06-16 21:11:31.134727+00:00,30.344325330988358
2025-06-16 21:11:32.335989+00:00,30.31519188745282
2025-06-16 21:11:33.514729+00:00,29.823863984108097
2025-06-16 21:11:34.066190+00:00,29.823863984108097
2025-06-16 21:11:34.259935+00:00,29.75922037404886
2025-06-16 21:11:34.495178+00:00,29.753367563754107
2025-06-16 21:11:34.994393+00:00,29.841421623545436
2025-06-16 21:11:35.254287+00:00,30.010622681094986
2025-06-16 21:11:35.434982+00:00,30.045737566266997
2025-06-16 21:11:35.747674+00:00,30.086704478631326
2025-06-16 21:11:36.299599+00:00,30.0048997896764
2025-06-16 21:11:36.500636+00:00,29.84115867129324
2025-06-16 21:11:36.843188+00:00,29.794337026440953
2025-06-16 21:11:36.968652+00:00,29.788352179763237
2025-06-16 21:11:37.285112+00:00,29.80591060257777
2025-06-16 21:11:37.602948+00:00,29.852995330117036
2025-06-16 21:11:38.071333+00:00,29.864569254432027
2025-06-16 21:11:38.422434+00:00,29.90566813449072
2025-06-16 21:11:38.882145+00:00,30.02843886970622
2025-06-16 21:11:39.307831+00:00,30.075386121737022
2025-06-16 21:11:40.469900+00:00,30.12233165144543
2025-06-16 21:11:40.644643+00:00,30.121946868587038
2025-06-16 21:11:40.946726+00:00,30.092685472754418
2025-06-16 21:11:41.114090+00:00,30.075257324060427
2025-06-16 21:11:41.374526+00:00,30.051590012231326
2025-06-16 21:11:41.600335+00:00,30.08098084462763
2025-06-16 21:11:41.918080+00:00,30.11024234016559
2025-06-16 21:11:42.153401+00:00,30.18034130084382
2025-06-16 21:11:42.670384+00:00,30.297762516563417
2025-06-16 21:11:42.911622+00:00,30.344325330988358
2025-06-16 21:11:43.129246+00:00,30.385413467156535
2025-06-16 21:11:43.303199+00:00,30.414672034961722
2025-06-16 21:11:43.488872+00:00,30.426375392291646
2025-06-16 21:11:43.674852+00:00,30.438078709740353
2025-06-16 21:11:45.176994+00:00,30.332999097955998
2025-06-16 21:11:49.692869+00:00,29.7596176045493
2025-06-16 21:11:52.664843+00:00,29.677546832682502
2025-06-16 21:11:52.827494+00:00,29.683133062533148
2025-06-16 21:11:53.065524+00:00,29.66584119138248
2025-06-16 21:11:53.249713+00:00,29.665574212896008
2025-06-16 21:11:53.444278+00:00,29.67142717274536
2025-06-16 21:11:53.902576+00:00,29.671560600270023
2025-06-16 21:11:54.118840+00:00,29.659721243076348
2025-06-16 21:11:54.311361+00:00,29.665707707527893
2025-06-16 21:11:54.494895+00:00,29.636041571419497
2025-06-16 21:11:54.687130+00:00,29.665707707527893
2025-06-16 21:11:54.906161+00:00,29.688719507731268
2025-06-16 21:11:55.286048+00:00,29.73607444099155
2025-06-16 21:11:55.577463+00:00,29.81774792862955
2025-06-16 21:11:55.869639+00:00,29.934800046698964
2025-06-16 21:11:57.054957+00:00,29.835437549197728
2025-06-16 21:11:57.329250+00:00,29.83556908703617
2025-06-16 21:11:58.901788+00:00,29.970044909794346
2025-06-16 21:11:59.453526+00:00,29.905929589007414
2025-06-16 21:12:01.324701+00:00,29.812290636767077
2025-06-16 21:12:02.883531+00:00,30.052106297958208
2025-06-16 21:12:05.012598+00:00,29.782763668055548
2025-06-16 21:12:06.760737+00:00,29.923486608418223
2025-06-16 21:12:07.633856+00:00,30.028697527760574
2025-06-16 21:12:08.622252+00:00,30.157443789817098
2025-06-16 21:12:09.234696+00:00,30.163295777984565
2025-06-16 21:12:10.545311+00:00,29.958340131288033
2025-06-16 21:12:11.090867+00:00,29.99371378879539
2025-06-16 21:12:11.958514+00:00,30.134035737448723
2025-06-16 21:12:12.207564+00:00,30.20998408054946
2025-06-16 21:12:12.893452+00:00,30.221942210231152
2025-06-16 21:12:13.856530+00:00,29.864962861445388
2025-06-16 21:12:14.239482+00:00,29.81774792862955
2025-06-16 21:12:14.515510+00:00,29.74179453550945
2025-06-16 21:12:14.765514+00:00,29.735941762408263
2025-06-16 21:12:14.975727+00:00,29.665707707527893
2025-06-16 21:12:15.342820+00:00,29.677546832682502
2025-06-16 21:12:24.210532+00:00,29.952878282361848
2025-06-16 21:12:24.736493+00:00,30.198916902005934
2025-06-16 21:12:27.462400+00:00,29.953008445903972
2025-06-16 21:12:27.821905+00:00,30.06432619982103
2025-06-16 21:12:28.155474+00:00,30.181361892093477
2025-06-16 21:12:29.762318+00:00,30.46808248566886
2025-06-16 21:12:30.533680+00:00,30.538172680957736
2025-06-16 21:12:31.054133+00:00,30.550244846951554
2025-06-16 21:12:37.753196+00:00,30.4450511079996
2025-06-16 21:12:38.693666+00:00,30.363010215550805
2025-06-16 21:12:39.759939+00:00,30.181871929120863
2025-06-16 21:12:40.554764+00:00,30.31657781320172
2025-06-16 21:12:40.983273+00:00,30.374837969188068
2025-06-16 21:12:41.167179+00:00,30.439324609409294
2025-06-16 21:12:41.493019+00:00,30.503437146075807
2025-06-16 21:12:42.000681+00:00,30.544887234228803
2025-06-16 21:12:42.253005+00:00,30.58547307933609
2025-06-16 21:12:42.488267+00:00,30.609243939727158
2025-06-16 21:12:42.712863+00:00,30.626306000176605
2025-06-16 21:12:43.526268+00:00,30.620455202047122
2025-06-16 21:12:43.749683+00:00,30.61497198178097
2025-06-16 21:12:44.512753+00:00,30.60339337997426
2025-06-16 21:12:45.115755+00:00,30.60314808545688
2025-06-16 21:12:48.749911+00:00,30.474678543614694
2025-06-16 21:12:52.069320+00:00,30.21723439798037
2025-06-16 21:12:56.644240+00:00,30.252468209885638
2025-06-16 21:12:57.429290+00:00,30.3694881305528
2025-06-16 21:12:57.746322+00:00,30.369613433882623
2025-06-16 21:12:58.316711+00:00,30.42787195246616
2025-06-16 21:12:58.850289+00:00,30.386915661913637
2025-06-16 21:12:59.052297+00:00,30.32255478997
2025-06-16 21:12:59.317903+00:00,30.299150537508776
2025-06-16 21:12:59.494480+00:00,30.24623690839007
2025-06-16 21:12:59.703420+00:00,30.15248689310843
2025-06-16 21:12:59.934445+00:00,30.105545930069926
2025-06-16 21:13:00.131424+00:00,30.04130595725803
2025-06-16 21:13:00.457089+00:00,30.017898985907642
2025-06-16 21:13:00.831367+00:00,30.035454229372814
2025-06-16 21:13:01.211493+00:00,30.05924775469566
2025-06-16 21:13:02.007533+00:00,30.030119376604265
2025-06-16 21:13:02.411467+00:00,29.942215926762756
2025-06-16 21:13:02.740677+00:00,29.801772470365012
2025-06-16 21:13:03.290890+00:00,29.661723537548554
2025-06-16 21:13:03.739967+00:00,29.690717092508418
2025-06-16 21:13:04.156095+00:00,29.737400634091685
2025-06-16 21:13:04.593833+00:00,29.766396227817086
2025-06-16 21:13:05.183807+00:00,29.971604133578033
2025-06-16 21:13:05.814618+00:00,30.17029669252713
2025-06-16 21:13:06.213233+00:00,30.1996806853369
2025-06-16 21:13:06.724578+00:00,30.252341554142856
2025-06-16 21:13:07.065742+00:00,30.28147091240444
2025-06-16 21:13:07.539353+00:00,30.32255478997
2025-06-16 21:13:07.898937+00:00,30.346084465374396
2025-06-16 21:13:08.449383+00:00,30.369362816448966
2025-06-16 21:13:08.756976+00:00,30.404593329300067
2025-06-16 21:13:09.144806+00:00,30.416294982477062
2025-06-16 21:13:09.649719+00:00,30.445424498903655
2025-06-16 21:13:10.074357+00:00,30.474802650321376
2025-06-16 21:13:10.518538+00:00,30.515881051165344
2025-06-16 21:13:10.945203+00:00,30.545133827088133
2025-06-16 21:13:11.412116+00:00,30.527211682328442
2025-06-16 21:13:11.765162+00:00,30.521484496838596
2025-06-16 21:13:13.152877+00:00,30.498453082865684
2025-06-16 21:13:15.165128+00:00,30.463349645887106
2025-06-16 21:13:16.524817+00:00,29.97771528831234
2025-06-16 21:13:17.597909+00:00,29.801904292268585
2025-06-16 21:13:18.926970+00:00,29.91893956264646
2025-06-16 21:13:19.260205+00:00,29.953919288972344
2025-06-16 21:13:19.770516+00:00,30.0299901714964
2025-06-16 21:13:20.313724+00:00,30.06535683576671
2025-06-16 21:13:20.534215+00:00,30.106187702420343
2025-06-16 21:13:20.959771+00:00,30.12374169223855
2025-06-16 21:13:21.193509+00:00,30.12374169223855
2025-06-16 21:13:21.410777+00:00,30.1351882965598
2025-06-16 21:13:21.589883+00:00,30.135444302280632
2025-06-16 21:13:22.172183+00:00,30.135316304807763
2025-06-16 21:13:22.807820+00:00,30.10605936950071
2025-06-16 21:13:23.000121+00:00,30.12361356058766
2025-06-16 21:13:23.208846+00:00,30.111782499892247
2025-06-16 21:13:23.441551+00:00,30.13506027753676
2025-06-16 21:13:23.601786+00:00,30.18161693215694
2025-06-16 21:13:23.809811+00:00,30.19942613399244
2025-06-16 21:13:23.994413+00:00,30.216980249151764
2025-06-16 21:13:24.380038+00:00,30.111782499892247
2025-06-16 21:13:24.755143+00:00,30.08811942148251
2025-06-16 21:13:24.934357+00:00,30.064841603997227
2025-06-16 21:13:25.139906+00:00,30.029731728953944
2025-06-16 21:13:25.474110+00:00,30.018157718373978
2025-06-16 21:13:25.860556+00:00,30.076673505856903
2025-06-16 21:13:26.377490+00:00,30.28770084718141
2025-06-16 21:13:26.551006+00:00,30.30512766756942
2025-06-16 21:13:26.855095+00:00,30.275619727384257
2025-06-16 21:13:27.076378+00:00,30.15859393374256
2025-06-16 21:13:27.565064+00:00,29.91893956264646
2025-06-16 21:13:27.899699+00:00,29.72582922852754
2025-06-16 21:13:28.433090+00:00,29.620357841829083
2025-06-16 21:13:28.763472+00:00,29.57939192260158
2025-06-16 21:13:29.187199+00:00,29.60865334331623
2025-06-16 21:13:29.634564+00:00,29.643766719243924
2025-06-16 21:13:30.600987+00:00,29.842735738218245
2025-06-16 21:13:32.404697+00:00,30.270021452153
2025-06-16 21:13:32.748092+00:00,30.310852683674536
2025-06-16 21:13:33.616925+00:00,30.457374751786013
2025-06-16 21:13:33.926579+00:00,30.457001827982776
2025-06-16 21:13:34.157985+00:00,30.48040527224947
2025-06-16 21:13:34.345796+00:00,30.48625610839664
2025-06-16 21:13:34.991679+00:00,30.486380091726105
2025-06-16 21:13:35.817990+00:00,30.48040527224947
2025-06-16 21:13:36.051494+00:00,30.44530004604263
2025-06-16 21:13:36.284923+00:00,30.44517558240794
2025-06-16 21:13:36.586725+00:00,30.41604541675575
2025-06-16 21:13:37.485527+00:00,30.480281211071258
2025-06-16 21:13:37.606465+00:00,30.439324609409294
2025-06-16 21:13:37.806933+00:00,30.433473626442616
2025-06-16 21:13:38.826225+00:00,30.269262563589177
2025-06-16 21:13:39.883150+00:00,30.064841603997227
2025-06-16 21:13:41.644386+00:00,30.070693214949678
2025-06-16 21:13:43.517378+00:00,30.234280485183437
2025-06-16 21:13:48.268467+00:00,30.579745210201146
2025-06-16 21:13:51.399660+00:00,30.024267897154694
2025-06-16 21:13:58.025538+00:00,30.252214887625524
2025-06-16 21:13:58.357383+00:00,30.228809888381992
2025-06-16 21:14:04.113613+00:00,30.11165421251203
2025-06-16 21:14:05.805364+00:00,30.099951120191502
2025-06-16 21:14:12.028869+00:00,30.568289812137856
2025-06-16 21:14:12.639151+00:00,30.620700137234387
2025-06-16 21:14:13.391730+00:00,30.626917921999315
2025-06-16 21:14:13.909935+00:00,30.41031931632051
2025-06-16 21:14:14.588359+00:00,30.018416407737774
2025-06-16 21:14:14.880916+00:00,29.93610364113225
2025-06-16 21:14:16.358300+00:00,29.959510902320346
2025-06-16 21:14:18.290594+00:00,30.059376624341954
2025-06-16 21:14:20.372650+00:00,29.749237119860062
2025-06-16 21:14:20.633821+00:00,29.842735738218245
2025-06-16 21:14:20.865668+00:00,29.913087893817345
2025-06-16 21:14:21.240750+00:00,29.98876975452484
2025-06-16 21:14:21.441121+00:00,30.053138352188245
2025-06-16 21:14:21.626200+00:00,30.11165421251203
2025-06-16 21:14:21.877595+00:00,30.246490386368038
2025-06-16 21:14:22.452631+00:00,30.386665403860178
2025-06-16 21:14:23.114142+00:00,30.43957366005873
2025-06-16 21:14:24.156789+00:00,30.462728441595726
2025-06-16 21:14:24.644850+00:00,30.45687749850116
2025-06-16 21:14:25.214656+00:00,30.462728441595726
2025-06-16 21:14:25.839793+00:00,30.34595888295006
2025-06-16 21:14:26.307340+00:00,30.035712559280757
2025-06-16 21:14:26.868295+00:00,30.00073233910783
2025-06-16 21:14:27.362046+00:00,30.053396257990954
2025-06-16 21:14:27.833629+00:00,30.006454441263784
2025-06-16 21:14:28.824738+00:00,30.070950718202358
2025-06-16 21:14:29.219054+00:00,30.111910776497265
2025-06-16 21:14:29.854542+00:00,30.25208821033365
2025-06-16 21:14:30.843258+00:00,29.971604133578033
2025-06-16 21:14:31.778652+00:00,29.936364230706598
2025-06-16 21:14:33.089340+00:00,29.783952555878653
2025-06-16 21:14:33.907346+00:00,29.637647080824582
2025-06-16 21:14:34.551162+00:00,29.655337587849615
2025-06-16 21:14:35.381979+00:00,29.801904292268585
2025-06-16 21:14:35.758074+00:00,29.84247300149536
2025-06-16 21:14:36.265454+00:00,29.889419477245834
2025-06-16 21:14:37.234515+00:00,29.95365910197537
2025-06-16 21:14:38.063081+00:00,29.97121447310623
2025-06-16 21:14:38.331516+00:00,29.95352899231297
2025-06-16 21:14:39.445264+00:00,30.20515029093206
2025-06-16 21:14:40.411775+00:00,30.26353766574567
2025-06-16 21:14:40.646218+00:00,30.14663535462008
2025-06-16 21:14:40.941466+00:00,29.953398871874633
2025-06-16 21:14:41.147654+00:00,29.90099245030926
2025-06-16 21:14:41.457546+00:00,29.842210221666654
2025-06-16 21:14:42.478195+00:00,29.93012142286723
2025-06-16 21:14:42.751443+00:00,29.953398871874633
2025-06-16 21:14:43.086922+00:00,30.017640210338744
2025-06-16 21:14:43.286139+00:00,30.006195440422914
2025-06-16 21:14:43.705519+00:00,29.830505943885548
2025-06-16 21:14:43.974733+00:00,29.78355635692825
2025-06-16 21:14:44.157532+00:00,29.736870286175055
2025-06-16 21:14:44.407505+00:00,29.7074756703487
2025-06-16 21:14:44.558452+00:00,29.684199107258475
2025-06-16 21:14:44.892258+00:00,29.631527120894713
2025-06-16 21:14:45.052033+00:00,29.631794732238056
2025-06-16 21:14:45.395368+00:00,29.537616238344803
2025-06-16 21:14:45.737907+00:00,29.374008008753144
2025-06-16 21:14:46.063265+00:00,29.163157007500114
2025-06-16 21:14:46.853798+00:00,28.706420757423057
2025-06-16 21:14:47.264421+00:00,28.870476926964443
2025-06-16 21:14:48.104857+00:00,29.104762847661938
2025-06-16 21:14:48.320371+00:00,29.116329869357955
2025-06-16 21:14:48.506484+00:00,29.19214590128331
2025-06-16 21:14:48.746187+00:00,29.26823973729709
2025-06-16 21:14:49.456247+00:00,29.613835589509698
2025-06-16 21:14:49.866811+00:00,29.725032901397736
2025-06-16 21:14:50.107902+00:00,29.771983956871004
2025-06-16 21:14:50.334830+00:00,29.783424269057996
2025-06-16 21:14:50.524025+00:00,29.818538266489742
2025-06-16 21:14:50.710899+00:00,29.783424269057996
2025-06-16 21:14:50.928959+00:00,29.771719523495893
2025-06-16 21:14:51.191362+00:00,29.76586713576144
2025-06-16 21:14:51.380082+00:00,29.771719523495893
2025-06-16 21:14:51.590880+00:00,29.800849415293996
2025-06-16 21:14:51.864665+00:00,29.771455047013614
2025-06-16 21:14:52.107306+00:00,29.666375019027914
2025-06-16 21:14:52.342359+00:00,29.654402714010335
2025-06-16 21:14:52.607801+00:00,29.724900142489922
2025-06-16 21:14:52.869132+00:00,29.759882370998643
2025-06-16 21:14:53.124125+00:00,29.771455047013614
2025-06-16 21:14:53.323277+00:00,29.783424269057996
2025-06-16 21:14:53.671576+00:00,29.736605047555056
2025-06-16 21:14:53.828836+00:00,29.730487184069943
2025-06-16 21:14:54.115022+00:00,29.736339765827225
2025-06-16 21:14:54.538766+00:00,29.73075260000696
2025-06-16 21:14:54.882596+00:00,29.7074756703487
2025-06-16 21:14:55.209067+00:00,29.742324916763128
2025-06-16 21:14:55.553063+00:00,29.771719523495893
2025-06-16 21:14:55.922511+00:00,29.83024285254881
2025-06-16 21:14:56.237942+00:00,29.78355635692825
2025-06-16 21:14:56.637562+00:00,29.742457485134207
2025-06-16 21:14:57.315476+00:00,29.666641868186908
2025-06-16 21:14:58.599480+00:00,29.56661084729166
2025-06-16 21:14:58.973481+00:00,29.642964690512805
2025-06-16 21:14:59.173691+00:00,29.63112562304889
2025-06-16 21:14:59.391035+00:00,29.677946816940352
2025-06-16 21:14:59.658409+00:00,29.71292937898173
2025-06-16 21:14:59.898901+00:00,29.701357174626068
2025-06-16 21:15:00.169646+00:00,29.73647241207962
2025-06-16 21:15:00.628813+00:00,29.748177411477467
2025-06-16 21:15:01.021088+00:00,29.73647241207962
2025-06-16 21:15:03.188777+00:00,30.01725196616805
2025-06-16 21:15:03.813039+00:00,30.152103342860592
2025-06-16 21:15:04.229787+00:00,30.22792104269825
2025-06-16 21:15:05.304155+00:00,30.298393596790152
2025-06-16 21:15:05.644754+00:00,30.31594800856624
2025-06-16 21:15:06.643380+00:00,30.356907953797574
2025-06-16 21:15:08.712590+00:00,29.993973187321682
2025-06-16 21:15:09.596304+00:00,29.830374403605436
2025-06-16 21:15:10.415750+00:00,29.660655948927968
2025-06-16 21:15:10.907819+00:00,29.701224125742613
2025-06-16 21:15:12.887296+00:00,30.175254984847207
2025-06-16 21:15:13.337497+00:00,30.263284504076605
2025-06-16 21:15:15.054432+00:00,30.363010215550805
2025-06-16 21:15:15.501145+00:00,30.357033466705598
2025-06-16 21:15:17.037898+00:00,30.146379531053203
2025-06-16 21:15:17.656722+00:00,30.05288040328364
2025-06-16 21:15:19.778972+00:00,29.783688434021784
2025-06-16 21:15:20.213408+00:00,29.78355635692825
2025-06-16 21:15:20.552374+00:00,29.859766563574684
2025-06-16 21:15:20.928415+00:00,29.859504143240034
2025-06-16 21:15:22.605169+00:00,29.783688434021784
2025-06-16 21:15:23.690558+00:00,29.40299962688631
2025-06-16 21:15:24.350589+00:00,29.449959307315094
2025-06-16 21:15:24.785345+00:00,29.239249746251993
2025-06-16 21:15:25.129331+00:00,29.25667124176341
2025-06-16 21:15:25.561583+00:00,29.356175221534862
2025-06-16 21:15:26.122020+00:00,29.543334164821047
2025-06-16 21:15:26.473045+00:00,29.689918349581262
2025-06-16 21:15:26.829595+00:00,29.748309912744425
2025-06-16 21:15:27.230593+00:00,29.759485205159347
2025-06-16 21:15:28.278335+00:00,29.56688002127089
2025-06-16 21:15:30.626813+00:00,29.9883806009247
2025-06-16 21:15:31.073313+00:00,30.163806792460566
2025-06-16 21:15:32.647147+00:00,30.169658502307144
2025-06-16 21:15:34.362062+00:00,30.029473243309155
2025-06-16 21:15:39.701141+00:00,29.889288640290705
2025-06-16 21:15:39.885572+00:00,29.877322815766355
2025-06-16 21:15:39.986445+00:00,29.865487519927434
2025-06-16 21:15:42.102253+00:00,30.15808286641453
2025-06-16 21:15:42.302048+00:00,30.205023055409107
2025-06-16 21:15:42.746997+00:00,30.258066112516907
2025-06-16 21:15:42.896324+00:00,30.339479465519123
2025-06-16 21:15:48.253353+00:00,30.222958613651606
2025-06-16 21:15:49.558168+00:00,30.217488503710147
2025-06-16 21:15:50.148370+00:00,30.05950548321281
2025-06-16 21:15:54.650860+00:00,30.187978160403393
2025-06-16 21:15:56.882596+00:00,30.345833289751624
2025-06-16 21:16:01.619263+00:00,29.52699067845685
2025-06-16 21:16:03.288426+00:00,29.444378366480095
2025-06-16 21:16:04.902993+00:00,29.298332000711635
2025-06-16 21:16:08.233094+00:00,30.38068911891444
2025-06-16 21:16:11.361042+00:00,30.32230305615039
2025-06-16 21:16:12.195852+00:00,30.252341554142856
2025-06-16 21:16:13.246402+00:00,29.98876975452484
2025-06-16 21:16:13.542527+00:00,30.018287068443687
2025-06-16 21:16:15.134041+00:00,29.69643611032432
2025-06-16 21:16:15.576352+00:00,29.70215524160729
2025-06-16 21:16:26.453190+00:00,30.235295384253902
2025-06-16 21:16:36.876119+00:00,30.15897712110125
2025-06-16 21:16:38.431257+00:00,29.983696422841962
2025-06-16 21:16:43.597527+00:00,29.94273670821385
2025-06-16 21:16:54.215347+00:00,29.644301189517144
2025-06-16 21:17:05.693166+00:00,29.825706261135007
2025-06-16 21:17:09.234755+00:00,29.819986211624222
2025-06-16 21:17:10.803249+00:00,29.790860164836758
2025-06-16 21:17:11.102077+00:00,29.796448026448974
2025-06-16 21:17:13.275955+00:00,29.98967740243993
2025-06-16 21:17:14.371087+00:00,29.907497410909745
2025-06-16 21:17:14.530055+00:00,29.866798411788267
2025-06-16 21:17:14.772646+00:00,29.837278098275135
2025-06-16 21:17:15.291769+00:00,29.860684695290228
2025-06-16 21:17:19.536392+00:00,29.925443123950707
2025-06-16 21:17:19.670219+00:00,29.937406157963796
2025-06-16 21:17:20.765213+00:00,29.76745389464184
2025-06-16 21:17:20.965577+00:00,29.77915704967171
2025-06-16 21:17:21.142690+00:00,29.778892966037418
2025-06-16 21:17:21.325659+00:00,29.86081581385843
2025-06-16 21:17:23.448821+00:00,30.147658217886104
2025-06-16 21:17:24.221556+00:00,30.147786027306736
2025-06-16 21:17:24.454045+00:00,30.182764079086127
2025-06-16 21:17:25.237133+00:00,30.229571335899223
2025-06-16 21:17:25.386782+00:00,30.264549881442
2025-06-16 21:17:26.322349+00:00,30.258825547498326
2025-06-16 21:17:28.071264+00:00,30.112423775165407
2025-06-16 21:17:28.248085+00:00,30.13570026490112
2025-06-16 21:17:29.602272+00:00,30.07731679384057
2025-06-16 21:17:30.341822+00:00,30.206167787224143
2025-06-16 21:17:32.239297+00:00,29.913740467231115
2025-06-16 21:17:34.524891+00:00,29.995917302361054
2025-06-16 21:17:34.959770+00:00,29.995658227106993
2025-06-16 21:17:36.564671+00:00,30.264676359918848
2025-06-16 21:17:38.246151+00:00,30.428744229447524
2025-06-16 21:17:38.948009+00:00,30.487123765460208
2025-06-16 21:17:39.165587+00:00,30.49832926600627
2025-06-16 21:17:41.155744+00:00,30.463722239179138
2025-06-16 21:17:41.523184+00:00,30.44032055343877
2025-06-16 21:17:41.932169+00:00,30.451772763182383
2025-06-16 21:17:42.117413+00:00,30.440071632073447
2025-06-16 21:17:42.287740+00:00,30.47492674625454
2025-06-16 21:17:43.555876+00:00,30.358288003212238
2025-06-16 21:17:44.779691+00:00,29.77915704967171
2025-06-16 21:17:45.444066+00:00,29.849112669483933
2025-06-16 21:17:46.023638+00:00,29.931033842905865
2025-06-16 21:17:48.938061+00:00,30.094870329352965
2025-06-16 21:17:49.572190+00:00,30.024655649103682
2025-06-16 21:17:49.849221+00:00,30.01893365715787
2025-06-16 21:17:53.686723+00:00,30.246997213029125
2025-06-16 21:17:54.755060+00:00,30.01893365715787
2025-06-16 21:17:55.197983+00:00,30.01854573625623
2025-06-16 21:17:55.498988+00:00,30.030765240510036
2025-06-16 21:17:55.749536+00:00,30.042209453715923
2025-06-16 21:17:56.045377+00:00,30.053911940290785
2025-06-16 21:17:56.193974+00:00,30.018675053999065
2025-06-16 21:17:56.404813+00:00,29.94845801381515
2025-06-16 21:17:56.577154+00:00,29.889811923453863
2025-06-16 21:17:56.862200+00:00,29.749634332684938
2025-06-16 21:17:57.120327+00:00,29.649752480305256
2025-06-16 21:17:57.397488+00:00,29.60918942419494
2025-06-16 21:17:57.655021+00:00,29.620625635387324
2025-06-16 21:17:57.864293+00:00,29.597082975538093
2025-06-16 21:17:58.082924+00:00,29.59735128441534
2025-06-16 21:17:58.290373+00:00,29.620759516000227
2025-06-16 21:17:58.474478+00:00,29.68499818816018
2025-06-16 21:17:58.675172+00:00,29.76679293370234
2025-06-16 21:17:59.044454+00:00,29.878370455670215
2025-06-16 21:17:59.243678+00:00,30.02439715857995
2025-06-16 21:17:59.395780+00:00,30.10072148792377
2025-06-16 21:17:59.687901+00:00,30.1238698131143
2025-06-16 21:17:59.913201+00:00,30.182381793750206
2025-06-16 21:18:00.316795+00:00,30.194084070271987
2025-06-16 21:18:00.750302+00:00,30.17067947735996
2025-06-16 21:18:01.266970+00:00,30.164572990925503
2025-06-16 21:18:01.808687+00:00,30.223339587151898
2025-06-16 21:18:02.773591+00:00,30.28782707887418
2025-06-16 21:18:03.140011+00:00,30.422270493736814
2025-06-16 21:18:08.789981+00:00,30.059763168628223
2025-06-16 21:18:09.427533+00:00,30.01880436096628
2025-06-16 21:18:09.823763+00:00,29.901907143321104
2025-06-16 21:18:10.202936+00:00,29.77290913421529
2025-06-16 21:18:14.454669+00:00,30.334633973830524
2025-06-16 21:18:14.627998+00:00,30.346210037024612
2025-06-16 21:18:14.818186+00:00,30.369613433882623
2025-06-16 21:18:14.996132+00:00,30.334633973830524
2025-06-16 21:18:15.311355+00:00,30.32280648069273
2025-06-16 21:18:15.644923+00:00,30.31695556669197
2025-06-16 21:18:16.120948+00:00,30.288079509936594
2025-06-16 21:18:16.823323+00:00,30.264170381364558
2025-06-16 21:18:18.223119+00:00,30.153636962001414
2025-06-16 21:18:19.856933+00:00,30.28795329979257
2025-06-16 21:18:20.109003+00:00,30.28795329979257
2025-06-16 21:18:20.594587+00:00,30.317207348480913
2025-06-16 21:18:20.910619+00:00,30.34086161007454
2025-06-16 21:18:21.353686+00:00,30.264676359918848
2025-06-16 21:18:21.554415+00:00,30.170934613373912
2025-06-16 21:18:21.806323+00:00,30.083167982311362
2025-06-16 21:18:22.067493+00:00,30.013211778656437
2025-06-16 21:18:22.291048+00:00,29.948327890936493
2025-06-16 21:18:22.586048+00:00,29.878370455670215
2025-06-16 21:18:22.792188+00:00,29.802299693319505
2025-06-16 21:18:23.059619+00:00,29.773041259300246
2025-06-16 21:18:23.353524+00:00,29.76120555663485
2025-06-16 21:18:23.602935+00:00,29.731946438263197
2025-06-16 21:18:23.820244+00:00,29.726227246603052
2025-06-16 21:18:24.030375+00:00,29.761337815925913
2025-06-16 21:18:24.154279+00:00,29.726227246603052
2025-06-16 21:18:24.329804+00:00,29.761337815925913
2025-06-16 21:18:24.775426+00:00,29.796448026448974
2025-06-16 21:18:25.009315+00:00,29.790464425834276
2025-06-16 21:18:25.217132+00:00,29.78461267192817
2025-06-16 21:18:25.401724+00:00,29.737665743388366
2025-06-16 21:18:25.627081+00:00,29.731681216311692
2025-06-16 21:18:25.829776+00:00,29.68499818816018
2025-06-16 21:18:26.162553+00:00,29.644033975935272
2025-06-16 21:18:26.623366+00:00,29.55066901799171
2025-06-16 21:18:26.861778+00:00,29.532977825288558
2025-06-16 21:18:27.141520+00:00,29.56223863803134
2025-06-16 21:18:27.533334+00:00,29.684731870968353
2025-06-16 21:18:27.834200+00:00,29.77251269429981
2025-06-16 21:18:28.094953+00:00,29.8310319972409
2025-06-16 21:18:28.302180+00:00,29.90138452625707
2025-06-16 21:18:28.654376+00:00,29.942346138289498
2025-06-16 21:18:29.908082+00:00,29.80203610339552
2025-06-16 21:18:30.406551+00:00,29.72582922852754
2025-06-16 21:18:32.807613+00:00,29.79033249128009
2025-06-16 21:18:33.635319+00:00,29.749237119860062
2025-06-16 21:18:35.270184+00:00,29.8900735003781
2025-06-16 21:18:37.586495+00:00,29.942476339040255
2025-06-16 21:18:38.103684+00:00,30.112167297381717
2025-06-16 21:18:38.543396+00:00,30.15287034638112
2025-06-16 21:18:38.860108+00:00,30.164572990925503
2025-06-16 21:18:40.799728+00:00,30.352186394985484
2025-06-16 21:18:41.861534+00:00,30.410444160872235
2025-06-16 21:18:42.189147+00:00,30.38118990333793
2025-06-16 21:18:42.380870+00:00,30.310600681527877
2025-06-16 21:18:44.187529+00:00,30.047673755148914
2025-06-16 21:18:47.102636+00:00,30.047802748203658
2025-06-16 21:18:47.439281+00:00,29.90736681835338
2025-06-16 21:18:47.864476+00:00,29.761073286566965
2025-06-16 21:18:48.165207+00:00,29.749501939186857
2025-06-16 21:18:48.356162+00:00,29.72582922852754
2025-06-16 21:18:48.617415+00:00,29.749104694031352
2025-06-16 21:18:49.287241+00:00,29.726094584688198
2025-06-16 21:18:51.385641+00:00,29.86653631962678
2025-06-16 21:18:52.354931+00:00,29.854701864542683
2025-06-16 21:18:52.621465+00:00,29.860553565945672
2025-06-16 21:18:52.932791+00:00,29.88955030342474
2025-06-16 21:18:59.510666+00:00,29.78434865783851
2025-06-16 21:19:00.957512+00:00,29.667308802482108
2025-06-16 21:19:06.731780+00:00,30.20527751568024
2025-06-16 21:19:13.419389+00:00,29.72582922852754
2025-06-16 21:19:19.652335+00:00,30.264549881442
2025-06-16 21:19:22.188922+00:00,29.749369534911896
2025-06-16 21:19:23.700569+00:00,29.80775615047725
2025-06-16 21:19:26.376022+00:00,29.82544320802098
2025-06-16 21:19:26.634285+00:00,29.878239538399214
2025-06-16 21:19:26.867646+00:00,29.877977671528388
2025-06-16 21:19:27.078294+00:00,29.825180111800865
2025-06-16 21:19:27.453280+00:00,29.760941005722263
2025-06-16 21:19:28.306104+00:00,29.638181905748958
2025-06-16 21:19:28.774837+00:00,29.661590126691504
2025-06-16 21:19:29.142187+00:00,29.70827320537103
2025-06-16 21:19:30.583747+00:00,29.877846721928552
2025-06-16 21:19:31.621944+00:00,30.11789037226649
2025-06-16 21:19:32.351566+00:00,30.246490386368038
2025-06-16 21:19:32.696192+00:00,30.334382572981124
2025-06-16 21:19:33.027183+00:00,30.40471823015613
2025-06-16 21:19:35.942662+00:00,30.11801856023157
2025-06-16 21:19:36.193979+00:00,30.047931730482915
2025-06-16 21:19:36.681248+00:00,29.936624777176906
2025-06-16 21:19:37.066705+00:00,29.8900735003781
2025-06-16 21:19:37.626512+00:00,29.761073286566965
2025-06-16 21:19:38.439150+00:00,29.760941005722263
2025-06-16 21:19:39.869258+00:00,30.076930853376435
2025-06-16 21:19:40.853965+00:00,30.25272148904758
2025-06-16 21:19:41.429599+00:00,30.352186394985484
2025-06-16 21:19:42.107916+00:00,30.334633973830524
2025-06-16 21:19:42.817144+00:00,30.346210037024612
2025-06-16 21:19:43.277523+00:00,30.3635118480256
2025-06-16 21:19:43.759847+00:00,30.381315072508922
2025-06-16 21:19:44.347920+00:00,30.40484312023836
2025-06-16 21:19:44.750257+00:00,30.42812122832947
2025-06-16 21:19:45.369500+00:00,30.463349645887106
2025-06-16 21:19:46.553162+00:00,30.375589483655652
2025-06-16 21:19:47.104607+00:00,30.281976172153634
2025-06-16 21:19:47.816555+00:00,30.229317563158737
2025-06-16 21:19:48.601003+00:00,30.14740256671977
2025-06-16 21:19:49.160853+00:00,30.094870329352965
2025-06-16 21:19:49.517900+00:00,29.989547770779335
2025-06-16 21:19:49.972762+00:00,29.889811923453863
2025-06-16 21:19:50.307511+00:00,29.79033249128009
2025-06-16 21:19:50.664863+00:00,29.778892966037418
2025-06-16 21:19:51.102458+00:00,29.79618430232136
2025-06-16 21:19:51.577353+00:00,29.878108610351937
2025-06-16 21:19:51.925883+00:00,29.960290931425867
2025-06-16 21:19:52.282920+00:00,30.007101754791485
2025-06-16 21:19:52.638788+00:00,30.05950548321281
2025-06-16 21:19:53.151349+00:00,30.141423511959797
2025-06-16 21:19:53.601467+00:00,30.17067947735996
2025-06-16 21:19:54.569065+00:00,30.270400750979633
2025-06-16 21:19:55.264151+00:00,30.21761554041298
2025-06-16 21:19:56.167851+00:00,30.135828230048745
2025-06-16 21:19:56.662466+00:00,30.135572288978416
2025-06-16 21:19:57.432356+00:00,30.205786306925297
2025-06-16 21:19:57.893071+00:00,30.28782707887418
2025-06-16 21:19:58.467332+00:00,30.369613433882623
2025-06-16 21:19:58.775966+00:00,30.393141695505946
2025-06-16 21:19:59.141753+00:00,30.40484312023836
2025-06-16 21:19:59.461942+00:00,30.39301667126676
2025-06-16 21:19:59.596857+00:00,30.369613433882623
2025-06-16 21:19:59.801003+00:00,30.334759658093983
2025-06-16 21:19:59.973149+00:00,30.322680640718477
2025-06-16 21:20:00.263854+00:00,30.310852683674536
2025-06-16 21:20:01.004049+00:00,30.31695556669197
2025-06-16 21:20:01.558155+00:00,30.36388795925435
2025-06-16 21:20:01.911914+00:00,30.369864008220272
2025-06-16 21:20:02.229044+00:00,30.276251610550606
2025-06-16 21:20:02.520696+00:00,30.246997213029125
2025-06-16 21:20:03.740677+00:00,30.25272148904758
2025-06-16 21:20:05.471015+00:00,30.141807206136914
2025-06-16 21:20:08.971292+00:00,30.369989279228108
2025-06-16 21:20:09.504125+00:00,30.35243735025465
2025-06-16 21:20:11.719096+00:00,30.580973934709004
2025-06-16 21:20:12.129588+00:00,30.627774160092862
2025-06-16 21:20:12.721510+00:00,30.627774160092862
2025-06-16 21:20:13.056654+00:00,30.633501923080075
2025-06-16 21:20:13.516279+00:00,30.633257450081967
2025-06-16 21:20:13.859654+00:00,30.627284945819103
2025-06-16 21:20:14.205663+00:00,30.69748730727518
2025-06-16 21:20:14.545741+00:00,30.69773032632188
2025-06-16 21:20:14.879838+00:00,30.668236497751717
2025-06-16 21:20:23.138650+00:00,30.492726408113842
2025-06-16 21:20:24.037718+00:00,30.364013308115876
2025-06-16 21:20:24.377660+00:00,30.428370461097863
2025-06-16 21:20:24.759495+00:00,30.463225426575974
2025-06-16 21:20:25.237278+00:00,30.539776616569604
2025-06-16 21:20:26.396803+00:00,30.604006427741545
2025-06-16 21:20:27.695114+00:00,30.656902025006104
2025-06-16 21:20:28.929409+00:00,30.721009022138244
2025-06-16 21:20:30.412328+00:00,30.510277820727406
2025-06-16 21:20:31.374843+00:00,30.43994715523028
2025-06-16 21:20:33.799023+00:00,30.398617509052222
2025-06-16 21:20:35.311141+00:00,30.38081433118125
2025-06-16 21:20:36.253079+00:00,30.39874248776055
2025-06-16 21:20:37.378919+00:00,30.42762263350791
2025-06-16 21:20:38.212756+00:00,30.322428928447305
2025-06-16 21:20:39.049448+00:00,30.228682942751167
2025-06-16 21:20:39.746408+00:00,30.09969424474538
2025-06-16 21:20:40.479795+00:00,29.953398871874633
2025-06-16 21:20:40.821696+00:00,29.958990667398538
2025-06-16 21:20:41.348146+00:00,29.97095464557909
2025-06-16 21:20:41.749505+00:00,29.994102870421187
2025-06-16 21:20:42.252299+00:00,30.087862256123874
2025-06-16 21:20:42.568240+00:00,30.152231203718227
2025-06-16 21:20:42.904406+00:00,30.275114026911254
2025-06-16 21:20:43.333903+00:00,30.46260416841672
2025-06-16 21:20:44.123777+00:00,30.41567098737033
2025-06-16 21:20:44.574364+00:00,30.397992453902468
2025-06-16 21:20:46.990775+00:00,30.64361389303199
2025-06-16 21:20:48.335385+00:00,30.696028288105342
2025-06-16 21:20:49.492278+00:00,30.631667325247314
2025-06-16 21:20:50.025298+00:00,30.631667325247314
2025-06-16 21:20:50.644357+00:00,30.578884462049867
2025-06-16 21:20:51.086872+00:00,30.54390043186341
2025-06-16 21:20:51.563395+00:00,30.578884462049867
2025-06-16 21:20:52.097819+00:00,30.58461272527424
2025-06-16 21:20:52.557656+00:00,30.608263039671634
2025-06-16 21:20:52.885565+00:00,30.608017706928564
2025-06-16 21:20:53.160976+00:00,30.5904639856426
2025-06-16 21:20:53.495174+00:00,30.625448857165793
2025-06-16 21:20:54.467086+00:00,30.631300114815023
2025-06-16 21:20:55.353033+00:00,30.63739604608268
2025-06-16 21:20:55.934598+00:00,30.631544932542702
2025-06-16 21:20:56.257594+00:00,30.625816268807483
2025-06-16 21:20:56.814206+00:00,30.637273709674826
2025-06-16 21:20:58.257887+00:00,30.65494932688488
2025-06-16 21:21:24.298594+00:00,30.040014332112033
2025-06-16 21:21:24.532984+00:00,30.045866720954436
2025-06-16 21:21:24.743117+00:00,30.092428226070904
2025-06-16 21:21:24.915063+00:00,30.16863683765793
2025-06-16 21:21:25.359119+00:00,30.303361959191093
2025-06-16 21:21:27.225253+00:00,30.35005153518162
2025-06-16 21:21:27.883946+00:00,30.297636268194992
2025-06-16 21:21:28.559071+00:00,30.157060214558545
2025-06-16 21:21:28.928389+00:00,30.204004783333332
2025-06-16 21:21:29.649184+00:00,30.134035737448723
2025-06-16 21:21:30.203133+00:00,30.075128515608434
2025-06-16 21:21:31.027060+00:00,29.806042497475865
2025-06-16 21:21:32.052336+00:00,29.81761616793479
2025-06-16 21:21:33.204120+00:00,29.940913218815705
2025-06-16 21:21:34.252750+00:00,29.806174381597305
2025-06-16 21:23:27.251297+00:00,30.270653562991782
2025-06-16 21:24:06.140745+00:00,29.9210257757206
2025-06-16 21:24:06.918376+00:00,29.786195851223326
2025-06-16 21:24:07.873941+00:00,29.844573688317823
2025-06-16 21:24:09.124855+00:00,29.967700408502488
2025-06-16 21:24:09.426235+00:00,30.061308375985547
2025-06-16 21:24:10.110384+00:00,30.207311646284605
2025-06-16 21:24:10.549311+00:00,30.336392573071876
2025-06-16 21:24:12.150238+00:00,30.57025705579704
2025-06-16 21:24:12.410380+00:00,30.587805665143076
2025-06-16 21:24:12.738848+00:00,30.610713997062838
2025-06-16 21:24:12.956496+00:00,30.599259604295863
2025-06-16 21:24:13.195702+00:00,30.62265806744368
2025-06-16 21:24:13.380408+00:00,30.6286298703194
2025-06-16 21:24:16.556110+00:00,30.32456710904101
2025-06-16 21:24:16.865007+00:00,30.389166045091237
2025-06-16 21:24:17.253442+00:00,30.336141473898426
2025-06-16 21:24:18.018059+00:00,30.213542835783628
2025-06-16 21:24:18.778346+00:00,30.038035588855763
2025-06-16 21:24:19.440951+00:00,29.95599923321641
2025-06-16 21:24:19.846413+00:00,29.792442150946883
2025-06-16 21:24:23.060130+00:00,30.26009041050734
2025-06-16 21:24:28.935416+00:00,30.464963516538536
2025-06-16 21:24:29.204666+00:00,30.47666295810121
2025-06-16 21:24:29.428261+00:00,30.44741427946506
2025-06-16 21:24:29.729597+00:00,30.38281626219395
2025-06-16 21:24:29.989806+00:00,30.341614957624248
2025-06-16 21:24:30.239448+00:00,30.26009041050734
2025-06-16 21:24:30.486411+00:00,30.20171554452488
2025-06-16 21:24:30.815184+00:00,30.125406423163568
2025-06-16 21:24:31.172646+00:00,30.0611796679705
2025-06-16 21:24:31.590701+00:00,29.967570626996892
2025-06-16 21:24:32.094634+00:00,29.938447395557834
2025-06-16 21:24:32.531143+00:00,29.932466578997534
2025-06-16 21:24:36.392663+00:00,30.11981206035187
2025-06-16 21:24:38.968728+00:00,30.517734154517242
2025-06-16 21:24:39.360798+00:00,30.505664157403306
2025-06-16 21:24:40.906000+00:00,30.38879122364087
2025-06-16 21:25:00.613340+00:00,30.28374322370242
2025-06-16 21:25:34.888801+00:00,30.0320561601551
2025-06-16 21:25:35.847105+00:00,29.710530781019138
2025-06-16 21:25:37.303413+00:00,29.979790421226507
2025-06-16 21:25:37.745658+00:00,30.131768451203612
2025-06-16 21:25:39.413090+00:00,30.482636531192398
2025-06-16 21:25:44.669800+00:00,30.664335690263716
2025-06-16 21:25:45.767319+00:00,30.44778705627216
2025-06-16 21:25:46.153406+00:00,30.313118763627692
2025-06-16 21:25:46.504869+00:00,30.28424770769618
2025-06-16 21:25:46.786460+00:00,30.301544957550828
2025-06-16 21:25:47.171484+00:00,30.359792024846556
2025-06-16 21:25:47.543704+00:00,30.418539134690107
2025-06-16 21:25:48.263652+00:00,30.406839896314576
2025-06-16 21:25:49.260922+00:00,30.266193261232665
2025-06-16 21:25:49.512963+00:00,30.21379670934475
2025-06-16 21:25:49.786695+00:00,30.20222382833173
2025-06-16 21:25:50.011895+00:00,30.266193261232665
2025-06-16 21:25:50.255342+00:00,30.266066912049347
2025-06-16 21:25:50.477277+00:00,30.1961196580457
2025-06-16 21:25:50.758080+00:00,30.12006810225264
2025-06-16 21:25:51.141527+00:00,30.038035588855763
2025-06-16 21:25:51.424914+00:00,30.014633945067125
2025-06-16 21:25:51.652085+00:00,30.026463875904906
2025-06-16 21:25:51.868947+00:00,29.95599923321641
2025-06-16 21:25:52.118305+00:00,29.91530554426252
2025-06-16 21:25:52.361195+00:00,29.89190333191283
2025-06-16 21:25:52.593825+00:00,29.84496725996914
2025-06-16 21:25:52.871905+00:00,29.79829288835854
2025-06-16 21:25:53.080316+00:00,29.745635892968643
2025-06-16 21:25:54.420653+00:00,30.067544647379147
2025-06-16 21:25:55.227543+00:00,30.20781974794639
2025-06-16 21:25:55.461979+00:00,30.25449323643434
2025-06-16 21:25:55.729248+00:00,30.289467110413145
2025-06-16 21:25:56.727024+00:00,30.441937491882236
2025-06-16 21:25:57.110335+00:00,30.377341509058713
2025-06-16 21:25:57.334016+00:00,30.307268903001575
2025-06-16 21:26:00.160171+00:00,30.512502073359663
2025-06-16 21:26:08.552720+00:00,30.45985843255134
2025-06-16 21:26:38.246449+00:00,30.48375085168954
2025-06-16 21:27:15.582391+00:00,30.39638854409857
2025-06-16 21:27:16.360552+00:00,30.29110532108935
2025-06-16 21:27:18.046455+00:00,30.3377728481772
2025-06-16 21:27:18.461198+00:00,30.38456568930861
2025-06-16 21:27:18.775941+00:00,30.44305584421537
2025-06-16 21:27:19.119692+00:00,30.49557251735006
2025-06-16 21:27:19.440763+00:00,30.548212601885474
2025-06-16 21:27:20.945281+00:00,30.70027942476291
2025-06-16 21:27:21.266527+00:00,30.689431798634146
2025-06-16 21:27:21.528147+00:00,30.688460803874857
2025-06-16 21:27:21.792956+00:00,30.688339381053844
2025-06-16 21:27:25.145209+00:00,30.314501871776244
2025-06-16 21:27:25.411436+00:00,30.255631101736494
2025-06-16 21:27:25.536013+00:00,30.22638388416615
2025-06-16 21:27:25.769569+00:00,30.243805724045647
2025-06-16 21:27:26.004840+00:00,30.278902578435343
2025-06-16 21:27:31.976534+00:00,29.951447865868726
2025-06-16 21:27:33.033076+00:00,30.238082801079237
2025-06-16 21:27:33.518415+00:00,30.32569782642312
2025-06-16 21:27:33.903465+00:00,30.39626379997952
2025-06-16 21:27:34.476347+00:00,30.430860418566482
2025-06-16 21:27:35.850577+00:00,30.448780653719655
2025-06-16 21:27:36.118070+00:00,30.44865649174626
2025-06-16 21:27:37.349290+00:00,30.343245880047554
2025-06-16 21:27:37.618463+00:00,30.232106692887392
2025-06-16 21:27:38.010766+00:00,30.20870851102835
2025-06-16 21:27:38.277121+00:00,30.243679192723455
2025-06-16 21:27:38.603874+00:00,30.232233347603522
2025-06-16 21:27:38.931518+00:00,30.243679192723455
2025-06-16 21:27:39.187938+00:00,30.296702693972236
2025-06-16 21:27:39.486387+00:00,30.34299508742039
2025-06-16 21:27:40.084489+00:00,30.32569782642312
2025-06-16 21:27:40.342597+00:00,30.196882292325835
2025-06-16 21:27:40.561505+00:00,30.161656717323318
2025-06-16 21:27:40.810550+00:00,30.167379066616544
2025-06-16 21:27:41.138448+00:00,30.191032634946655
2025-06-16 21:27:41.344976+00:00,30.2084546325927
2025-06-16 21:27:41.571999+00:00,30.062594863489966
2025-06-16 21:27:41.797632+00:00,29.951188105027594
2025-06-16 21:27:42.289718+00:00,29.82235276371455
2025-06-16 21:27:42.825229+00:00,29.89866755397986
2025-06-16 21:27:43.233640+00:00,30.103030263671684
2025-06-16 21:27:43.734359+00:00,30.302174421631
2025-06-16 21:27:44.059961+00:00,30.33129612664437
2025-06-16 21:27:44.303732+00:00,30.331421662505814
2025-06-16 21:27:44.601417+00:00,30.33714561201355
2025-06-16 21:27:44.810677+00:00,30.32544663131286
2025-06-16 21:27:45.219029+00:00,30.301922668321726
2025-06-16 21:27:45.622487+00:00,30.29022343390897
2025-06-16 21:27:46.007897+00:00,30.26707740383174
2025-06-16 21:27:46.394125+00:00,30.354694008347078
2025-06-16 21:27:46.810200+00:00,30.4423103729558
2025-06-16 21:27:47.293626+00:00,30.559172801854967
2025-06-16 21:27:47.744026+00:00,30.61803144321354
2025-06-16 21:27:48.201068+00:00,30.653124874654843
2025-06-16 21:27:48.610853+00:00,30.641183131435625
2025-06-16 21:27:49.060665+00:00,30.64715408048109
2025-06-16 21:27:49.419046+00:00,30.68797504795593
2025-06-16 21:27:49.651314+00:00,30.693823992689442
2025-06-16 21:27:50.111741+00:00,30.664579169396262
2025-06-16 21:27:50.335656+00:00,30.60633355303626
2025-06-16 21:27:50.527071+00:00,30.606211169713475
2025-06-16 21:27:50.687986+00:00,30.565144907200555
2025-06-16 21:27:50.842582+00:00,30.54162504913357
2025-06-16 21:27:51.074025+00:00,30.488981252978785
2025-06-16 21:27:51.364538+00:00,30.44828394118459
2025-06-16 21:27:51.649667+00:00,30.395515109015008
2025-06-16 21:27:52.008228+00:00,30.33739653880129
2025-06-16 21:27:52.277121+00:00,30.26707740383174
2025-06-16 21:27:52.652450+00:00,30.062337652192074
2025-06-16 21:27:52.920582+00:00,29.991620584260346
2025-06-16 21:27:53.262573+00:00,29.962758464322537
2025-06-16 21:27:53.737507+00:00,30.044787962782948
2025-06-16 21:27:54.021657+00:00,30.044530305834733
2025-06-16 21:27:54.181751+00:00,30.09145864893926
2025-06-16 21:27:54.624075+00:00,30.073780409285217
2025-06-16 21:27:54.875183+00:00,30.05635907678124
2025-06-16 21:27:55.435119+00:00,29.99175004350928
2025-06-16 21:27:55.744386+00:00,29.746165024102698
2025-06-16 21:27:56.029174+00:00,29.64683756846468
2025-06-16 21:27:56.262163+00:00,29.582613874416506
2025-06-16 21:27:56.497596+00:00,29.535538635627262
2025-06-16 21:27:56.721895+00:00,29.500027694436266
2025-06-16 21:27:57.018874+00:00,29.51213490656956
2025-06-16 21:27:57.232720+00:00,29.470907144915692
2025-06-16 21:27:57.468826+00:00,29.470636249558872
2025-06-16 21:27:57.659593+00:00,29.523567146816262
2025-06-16 21:27:57.885811+00:00,29.55282235472211
2025-06-16 21:27:58.310698+00:00,29.664123090062994
2025-06-16 21:27:59.122375+00:00,29.874874794279346
2025-06-16 21:27:59.577343+00:00,30.015021582345778
2025-06-16 21:28:00.143296+00:00,30.091202043895066
2025-06-16 21:28:01.109645+00:00,30.091330351804782
2025-06-16 21:28:02.076209+00:00,30.126557862453286
2025-06-16 21:28:02.836225+00:00,30.196755213549352
2025-06-16 21:28:03.198933+00:00,30.23172666409152
2025-06-16 21:28:03.551029+00:00,30.331170580008806
2025-06-16 21:28:03.893124+00:00,30.360543453866924
2025-06-16 21:28:04.277027+00:00,30.313621862884244
2025-06-16 21:28:04.662914+00:00,30.22028082222149
2025-06-16 21:28:06.167416+00:00,29.97445868035254
2025-06-16 21:28:07.028892+00:00,30.10900830052677
2025-06-16 21:28:08.304868+00:00,30.266824845532724
2025-06-16 21:28:08.798421+00:00,30.307898085544338
2025-06-16 21:28:09.208078+00:00,30.307772270584266
2025-06-16 21:28:09.567819+00:00,30.319722796042207
2025-06-16 21:28:09.933710+00:00,30.307898085544338
2025-06-16 21:28:10.428514+00:00,30.38966565619089
2025-06-16 21:28:11.210012+00:00,30.488857495891484
2025-06-16 21:28:11.760280+00:00,30.629485052679936
2025-06-16 21:28:12.151652+00:00,30.694066758060565
2025-06-16 21:28:12.492323+00:00,30.729038437553342
2025-06-16 21:28:12.986309+00:00,30.75840301716398
2025-06-16 21:28:13.404226+00:00,30.723068566918595
2025-06-16 21:28:13.746596+00:00,30.694066758060565
2025-06-16 21:28:14.072648+00:00,30.52992649750536
2025-06-16 21:28:14.280739+00:00,30.494954282753273
2025-06-16 21:28:14.650720+00:00,30.453884940550097
2025-06-16 21:28:15.526780+00:00,30.185182967605375
2025-06-16 21:28:15.891071+00:00,30.13253551323908
2025-06-16 21:28:17.174109+00:00,30.079887251942246
2025-06-16 21:28:17.529187+00:00,30.06208039779271
2025-06-16 21:28:20.017527+00:00,30.196882292325835
2025-06-16 21:28:26.110495+00:00,30.635578203763668
2025-06-16 21:28:36.657747+00:00,30.44243464509975
2025-06-16 21:28:36.908246+00:00,30.401239799418832
2025-06-16 21:28:37.150086+00:00,30.454009089315388
2025-06-16 21:28:37.376014+00:00,30.471681025900644
2025-06-16 21:28:37.677765+00:00,30.54199444477069
2025-06-16 21:28:38.120734+00:00,30.60608877561783
2025-06-16 21:28:38.615635+00:00,30.547843504423547
2025-06-16 21:28:38.834714+00:00,30.559172801854967
2025-06-16 21:28:39.041921+00:00,30.54747431000349
2025-06-16 21:28:39.743356+00:00,30.33129612664437
2025-06-16 21:28:40.675282+00:00,30.325321017596508
2025-06-16 21:28:41.011330+00:00,30.43658533905257
2025-06-16 21:28:41.447401+00:00,30.419161890814454
2025-06-16 21:28:42.017703+00:00,30.419161890814454
2025-06-16 21:28:42.376097+00:00,30.430736023043057
2025-06-16 21:28:42.683998+00:00,30.44815973611687
2025-06-16 21:28:43.520919+00:00,30.31387334786724
2025-06-16 21:28:44.226335+00:00,30.196628123998128
2025-06-16 21:28:45.065308+00:00,30.22028082222149
2025-06-16 21:28:45.458354+00:00,30.272926931703545
2025-06-16 21:28:46.026274+00:00,30.401614024470625
2025-06-16 21:28:46.701239+00:00,30.389915397097546
2025-06-16 21:28:48.282153+00:00,30.40136455187657
2025-06-16 21:28:48.799717+00:00,30.430860418566482
2025-06-16 21:28:49.427891+00:00,30.64142710402283
2025-06-16 21:28:49.678517+00:00,30.664822605438435
2025-06-16 21:28:50.159385+00:00,30.71161313008858
2025-06-16 21:28:51.039685+00:00,30.67067145588707
2025-06-16 21:28:51.491754+00:00,30.50714689241873
2025-06-16 21:28:51.976073+00:00,30.489228734833183
2025-06-16 21:28:52.269763+00:00,30.52420055061779
2025-06-16 21:28:52.559809+00:00,30.536145375155737
2025-06-16 21:28:53.292110+00:00,30.618153681624104
2025-06-16 21:28:53.665104+00:00,30.629729293542397
2025-06-16 21:28:53.872665+00:00,30.61803144321354
2025-06-16 21:28:55.920134+00:00,29.869416962616228
2025-06-16 21:28:57.000454+00:00,29.682340242119093
2025-06-16 21:28:57.198558+00:00,29.781927325256618
2025-06-16 21:28:57.441801+00:00,29.869416962616228
2025-06-16 21:29:01.476307+00:00,29.787250441952565
2025-06-16 21:29:03.467745+00:00,30.55381553030265
2025-06-16 21:29:04.799053+00:00,30.290601450203553
2025-06-16 21:29:05.239027+00:00,30.22613042979014
2025-06-16 21:29:05.700975+00:00,30.325823407817026
2025-06-16 21:29:08.484409+00:00,30.05063786921476
2025-06-16 21:29:10.442555+00:00,30.208835434084147
2025-06-16 21:29:12.466716+00:00,30.272926931703545
2025-06-16 21:29:13.016811+00:00,30.202731939742907
2025-06-16 21:29:13.640795+00:00,30.30280361635473
2025-06-16 21:29:13.912021+00:00,30.372492436850727
2025-06-16 21:29:14.374218+00:00,30.466079745025425
2025-06-16 21:29:14.991734+00:00,30.55369255411429
2025-06-16 21:29:15.495279+00:00,30.60060703262442
2025-06-16 21:29:17.142210+00:00,30.07416587217586
2025-06-16 21:29:17.975712+00:00,30.11485816446461
2025-06-16 21:29:18.325151+00:00,30.126685746276745
2025-06-16 21:29:19.389404+00:00,30.173356255914662
2025-06-16 21:29:19.908999+00:00,30.114986182465753
2025-06-16 21:29:20.766044+00:00,29.957167989566294
2025-06-16 21:29:21.319474+00:00,29.869286137449514
2025-06-16 21:29:21.562978+00:00,29.740446788379263
2025-06-16 21:29:21.988380+00:00,29.740579100547354
2025-06-16 21:29:22.280180+00:00,29.793232562063224
2025-06-16 21:29:22.707791+00:00,29.95092830108293
2025-06-16 21:29:23.200983+00:00,29.99213835660188
2025-06-16 21:29:23.818536+00:00,30.068187528737568
2025-06-16 21:29:24.068960+00:00,30.079758831402586
2025-06-16 21:29:24.576110+00:00,30.068187528737568
2025-06-16 21:29:24.899351+00:00,30.067930408520244
2025-06-16 21:29:25.140738+00:00,30.091202043895066
2025-06-16 21:29:25.642423+00:00,30.173101529346443
2025-06-16 21:29:25.949327+00:00,30.190778332446936
2025-06-16 21:29:26.474272+00:00,30.219900358593247
2025-06-16 21:29:27.017079+00:00,30.31909433818445
2025-06-16 21:29:27.261732+00:00,30.348468484359
2025-06-16 21:29:27.544526+00:00,30.406964603242027
2025-06-16 21:29:27.779660+00:00,30.47728252202038
2025-06-16 21:29:28.316043+00:00,30.559172801854967
2025-06-16 21:29:28.866962+00:00,30.594513105547446
2025-06-16 21:29:29.233406+00:00,30.588541463214366
2025-06-16 21:29:29.730678+00:00,30.61766466334503
2025-06-16 21:29:29.951657+00:00,30.61754238184324
2025-06-16 21:29:32.277677+00:00,30.4423103729558
2025-06-16 21:29:33.916469+00:00,30.337020132458537
2025-06-16 21:29:36.926206+00:00,30.600484593004463
2025-06-16 21:29:37.557773+00:00,30.629485052679936
2025-06-16 21:29:38.110089+00:00,30.54162504913357
2025-06-16 21:29:38.522701+00:00,30.524077206747073
2025-06-16 21:29:38.766067+00:00,30.518227906026
2025-06-16 21:29:39.592072+00:00,30.559172801854967
2025-06-16 21:29:39.900049+00:00,30.559418673953353
2025-06-16 21:29:40.462895+00:00,30.547351223650544
2025-06-16 21:29:41.315850+00:00,30.553323560910624
2025-06-16 21:29:46.166097+00:00,30.079630400087638
2025-06-16 21:29:48.533977+00:00,30.17348360303649
2025-06-16 21:29:50.014142+00:00,29.734463896803355
2025-06-16 21:29:51.290840+00:00,29.781136302897753
2025-06-16 21:29:52.839476+00:00,29.98602935174168
2025-06-16 21:29:53.498354+00:00,30.09107372521011
2025-06-16 21:29:54.201444+00:00,30.026463875904906
2025-06-16 21:29:55.195403+00:00,29.79283740499988
2025-06-16 21:29:56.581737+00:00,29.752015572808524
2025-06-16 21:29:57.034435+00:00,29.845491871301395
2025-06-16 21:29:57.285664+00:00,29.915696571058696
2025-06-16 21:29:57.631597+00:00,30.067673245201537
2025-06-16 21:29:58.450407+00:00,30.226003686440222
2025-06-16 21:29:59.708517+00:00,29.704945420736877
2025-06-16 21:30:01.137728+00:00,29.681675326039322
2025-06-16 21:30:02.783756+00:00,29.956778501099123
2025-06-16 21:30:06.665048+00:00,30.289845320645526
2025-06-16 21:30:15.957207+00:00,30.266824845532724
2025-06-16 21:30:18.148596+00:00,30.27839799850077
2025-06-16 21:30:19.193370+00:00,30.325195393106
2025-06-16 21:30:20.419954+00:00,30.38954076957677
2025-06-16 21:30:20.880279+00:00,30.465459725823397
2025-06-16 21:30:22.740328+00:00,30.25487262183874
2025-06-16 21:30:23.806088+00:00,30.143851937276555
2025-06-16 21:30:26.623842+00:00,30.184801296434877
2025-06-16 21:30:27.003814+00:00,30.20298593080018
2025-06-16 21:30:32.790161+00:00,30.108367713447784
2025-06-16 21:30:33.357134+00:00,30.03855134352769
2025-06-16 21:30:33.768483+00:00,30.068058974016576
2025-06-16 21:30:34.556422+00:00,30.132279868994125
2025-06-16 21:30:42.439305+00:00,30.079630400087638
2025-06-16 21:30:43.208245+00:00,30.419161890814454
2025-06-16 21:30:49.601316+00:00,30.448532318999284
2025-06-16 21:30:50.502841+00:00,30.635456155787725
2025-06-16 21:30:51.205995+00:00,30.72403668722891
2025-06-16 21:30:51.941870+00:00,30.664700892803644
2025-06-16 21:30:54.523784+00:00,30.09145864893926
2025-06-16 21:30:55.714401+00:00,30.126941481598447
2025-06-16 21:30:56.662678+00:00,30.126557862453286
2025-06-16 21:30:57.481814+00:00,30.436958292071967
2025-06-16 21:30:57.739235+00:00,30.500927157643208
2025-06-16 21:30:57.956394+00:00,30.57111685766738
2025-06-16 21:30:58.308276+00:00,30.61803144321354
2025-06-16 21:30:58.540334+00:00,30.65897374502769
2025-06-16 21:30:59.538289+00:00,30.729401329949386
2025-06-16 21:31:00.047044+00:00,30.67079309068176
2025-06-16 21:31:00.838832+00:00,30.471928867110385
2025-06-16 21:31:01.495992+00:00,30.355195013865785
2025-06-16 21:31:02.229527+00:00,30.179460559562308
2025-06-16 21:31:02.730900+00:00,30.173865579752864
2025-06-16 21:31:09.062637+00:00,30.577334058287903
2025-06-16 21:31:10.082332+00:00,30.735370812207336
2025-06-16 21:31:11.000676+00:00,30.770582303405952
2025-06-16 21:31:12.195685+00:00,30.75888546776793
2025-06-16 21:31:13.358653+00:00,30.290853407195055
2025-06-16 21:31:15.163105+00:00,30.34997217658452
2025-06-16 21:31:16.097108+00:00,30.36141963084082
2025-06-16 21:31:18.230373+00:00,29.869940155520492
2025-06-16 21:31:21.119048+00:00,30.355445451981094
2025-06-16 21:31:21.412832+00:00,30.38456568930861
2025-06-16 21:31:21.834262+00:00,30.367143528105203
2025-06-16 21:31:22.190088+00:00,30.331798205445427
2025-06-16 21:31:22.723115+00:00,30.30267779895848
2025-06-16 21:31:23.014967+00:00,30.209089247871677
2025-06-16 21:31:23.201196+00:00,30.226637295443744
2025-06-16 21:31:23.628243+00:00,30.30280361635473
2025-06-16 21:31:23.954511+00:00,30.36664314541385
2025-06-16 21:31:24.156070+00:00,30.431109177292345
2025-06-16 21:31:24.664808+00:00,30.542240654663015
2025-06-16 21:31:25.281080+00:00,30.642036846968747
2025-06-16 21:31:25.599821+00:00,30.671157930430475
2025-06-16 21:31:27.698723+00:00,30.30267779895848
2025-06-16 21:31:28.107637+00:00,30.320225368393213
2025-06-16 21:31:29.075196+00:00,30.32009974146672
2025-06-16 21:31:29.298235+00:00,30.30840123764232
2025-06-16 21:31:29.544021+00:00,30.31425049453523
2025-06-16 21:31:29.765243+00:00,30.360668654328
2025-06-16 21:31:29.912953+00:00,30.430860418566482
2025-06-16 21:31:30.146320+00:00,30.431233540494784
2025-06-16 21:31:30.464261+00:00,30.466203716545323
2025-06-16 21:31:31.009532+00:00,30.290727434086463
2025-06-16 21:31:31.470901+00:00,30.191541110648863
2025-06-16 21:31:35.105090+00:00,30.226510595192245
2025-06-16 21:31:35.501957+00:00,30.243932244593307
2025-06-16 21:31:36.298177+00:00,30.290979369529357
2025-06-16 21:31:37.129475+00:00,30.407961870805643
2025-06-16 21:31:37.852551+00:00,30.54236374344945
2025-06-16 21:31:39.338891+00:00,30.41978437759586
2025-06-16 21:31:40.600149+00:00,30.092099972983185
2025-06-16 21:31:42.643209+00:00,30.215319045639333
2025-06-16 21:31:45.135534+00:00,30.033732744752736
2025-06-16 21:31:48.284151+00:00,30.67140110306687
2025-06-16 21:31:48.685583+00:00,30.653733946918127
2025-06-16 21:31:48.914590+00:00,30.65336853587806
2025-06-16 21:31:49.061104+00:00,30.665187678707294
2025-06-16 21:31:49.662908+00:00,30.641914919924933
2025-06-16 21:31:49.930868+00:00,30.636066287940245
2025-06-16 21:31:50.248449+00:00,30.60085187954569
2025-06-16 21:31:50.491547+00:00,30.60682297859887
2025-06-16 21:31:50.757965+00:00,30.583428151824272
2025-06-16 21:31:51.042407+00:00,30.583550749563845
2025-06-16 21:31:51.317761+00:00,30.583550749563845
2025-06-16 21:31:51.852706+00:00,30.560156031694817
2025-06-16 21:31:52.180359+00:00,30.490094581961724
2025-06-16 21:31:52.405254+00:00,30.460602696444106
2025-06-16 21:31:53.064582+00:00,30.39066436124516
2025-06-16 21:31:53.264974+00:00,30.314627544235464
2025-06-16 21:31:53.475116+00:00,30.209216138603427
2025-06-16 21:31:53.824841+00:00,30.162548860121447
2025-06-16 21:31:54.125408+00:00,30.1154981467191
2025-06-16 21:31:55.080079+00:00,30.14500088635461
2025-06-16 21:31:55.897982+00:00,30.03971116117393
2025-06-16 21:31:56.625189+00:00,30.004743086245668
2025-06-16 21:31:57.176302+00:00,29.95768715666059
2025-06-16 21:31:58.055378+00:00,29.893731051317467
2025-06-16 21:31:58.373921+00:00,29.928568505616813
2025-06-16 21:31:58.629548+00:00,29.89347007785915
2025-06-16 21:32:03.201549+00:00,30.15059510848715
2025-06-16 21:32:03.561494+00:00,30.244438219038756
2025-06-16 21:32:03.937464+00:00,30.273431650676702
2025-06-16 21:32:04.282267+00:00,30.180096744241638
2025-06-16 21:32:09.964234+00:00,29.981085978447883
2025-06-16 21:32:13.538562+00:00,30.47814945902209
2025-06-16 21:32:14.663867+00:00,30.53676115445033
2025-06-16 21:32:15.337384+00:00,30.63631026539226
2025-06-16 21:32:16.156284+00:00,30.729643204351973
2025-06-16 21:32:20.150154+00:00,30.50739386409485
2025-06-16 21:32:21.646643+00:00,30.203366836575753
2025-06-16 21:32:22.072751+00:00,30.168143454895052
2025-06-16 21:32:24.009405+00:00,30.226637295443744
2025-06-16 21:32:26.318175+00:00,30.249908120835
2025-06-16 21:32:27.938636+00:00,30.39638854409857
2025-06-16 21:32:29.843674+00:00,30.133046672428502
2025-06-16 21:32:30.881569+00:00,29.811177992746924
2025-06-16 21:32:32.359205+00:00,29.934158131505864
2025-06-16 21:32:32.819805+00:00,29.886967347320038
2025-06-16 21:32:34.206248+00:00,29.869547777006677
2025-06-16 21:32:34.650518+00:00,29.770095044208013
2025-06-16 21:32:34.950849+00:00,29.822484136453905
2025-06-16 21:32:35.188745+00:00,29.89866755397986
2025-06-16 21:32:35.419209+00:00,29.957167989566294
2025-06-16 21:32:35.720948+00:00,29.94559792427216
2025-06-16 21:32:35.929185+00:00,29.90464805417001
2025-06-16 21:32:36.671819+00:00,29.641387234097216
2025-06-16 21:32:37.348928+00:00,29.635403266017274
2025-06-16 21:32:38.795243+00:00,30.039066925791854
2025-06-16 21:32:41.321525+00:00,30.290601450203553
2025-06-16 21:32:45.269344+00:00,30.185182967605375
2025-06-16 21:32:46.760404+00:00,30.091586935298505
2025-06-16 21:32:47.227205+00:00,30.079887251942246
2025-06-16 21:32:47.652190+00:00,29.93389801119408
2025-06-16 21:32:48.257128+00:00,29.863828566659873
2025-06-16 21:32:48.662238+00:00,29.840034961543047
2025-06-16 21:32:50.345096+00:00,30.33739653880129
2025-06-16 21:32:50.570996+00:00,30.389915397097546
2025-06-16 21:32:50.920676+00:00,30.495448891977432
2025-06-16 21:32:51.868549+00:00,30.442558906470087
2025-06-16 21:32:52.135874+00:00,30.41903736113703
2025-06-16 21:32:52.380103+00:00,30.436709667499333
2025-06-16 21:32:52.796454+00:00,30.47790181660312
2025-06-16 21:32:53.146490+00:00,30.506899877649367
2025-06-16 21:32:53.457568+00:00,30.541748191785768
2025-06-16 21:32:53.683129+00:00,30.52420055061779
2025-06-16 21:32:53.854643+00:00,30.536022186977295
2025-06-16 21:32:54.116633+00:00,30.547843504423547
2025-06-16 21:32:54.451768+00:00,30.541748191785768
2025-06-16 21:32:54.709281+00:00,30.565267770791536
2025-06-16 21:32:54.986580+00:00,30.600484593004463
2025-06-16 21:32:55.218902+00:00,30.623880373359018
2025-06-16 21:32:56.295708+00:00,30.185182967605375
2025-06-16 21:32:56.558450+00:00,30.09197172972485
2025-06-16 21:32:57.200479+00:00,30.04491677509388
2025-06-16 21:32:57.853620+00:00,30.01579656596204
2025-06-16 21:32:58.428566+00:00,29.97484753263849
2025-06-16 21:33:00.018217+00:00,29.828859536237246
2025-06-16 21:33:00.409584+00:00,29.805327879171706
2025-06-16 21:33:09.285513+00:00,30.009946733943625
2025-06-16 21:33:13.685017+00:00,29.846278465008357
2025-06-16 21:33:15.654951+00:00,30.401863453969494
2025-06-16 21:33:17.278224+00:00,30.325823407817026
2025-06-16 21:33:18.204751+00:00,30.378716619031362
2025-06-16 21:33:19.345715+00:00,30.513242715225818
2025-06-16 21:33:19.526839+00:00,30.524940387604175
2025-06-16 21:33:20.754194+00:00,30.513242715225818
2025-06-16 21:33:21.220756+00:00,30.431233540494784
2025-06-16 21:33:22.896196+00:00,30.31425049453523
2025-06-16 21:33:23.363192+00:00,30.337898263087673
2025-06-16 21:33:24.057025+00:00,30.279280900255447
2025-06-16 21:33:24.301153+00:00,30.297080347406265
2025-06-16 21:33:24.750449+00:00,30.31437618854283
2025-06-16 21:33:27.851721+00:00,30.41928640971816
2025-06-16 21:33:30.475458+00:00,30.612549387227876
2025-06-16 21:33:32.001973+00:00,30.665187678707294
2025-06-16 21:33:33.034010+00:00,30.606700638367492
2025-06-16 21:33:34.759186+00:00,30.448904804919472
2025-06-16 21:33:35.397108+00:00,30.51921489192681
2025-06-16 21:33:35.919940+00:00,30.472176665226236
2025-06-16 21:33:36.577802+00:00,30.279280900255447
2025-06-16 21:33:37.310521+00:00,30.15682701845199
2025-06-16 21:33:38.295339+00:00,29.928178172352595
2025-06-16 21:33:41.823069+00:00,30.548335612826545
2025-06-16 21:33:44.431259+00:00,30.70003685815918
2025-06-16 21:34:05.883567+00:00,30.50727038364344
2025-06-16 21:34:16.794239+00:00,29.940137935729968
2025-06-16 21:34:21.004634+00:00,30.747671407047296
2025-06-16 21:34:22.224008+00:00,30.61267166038953
2025-06-16 21:34:28.259887+00:00,30.35557065487774
2025-06-16 21:34:31.808869+00:00,30.068958630781466
2025-06-16 21:34:59.219373+00:00,30.77142523834531
2025-06-16 21:35:30.882397+00:00,30.192684550655688
2025-06-16 21:35:34.175116+00:00,30.631315808806455
2025-06-16 21:35:36.056460+00:00,30.748395306024968
2025-06-16 21:35:39.759215+00:00,30.502779885722372
2025-06-16 21:35:41.249224+00:00,30.169416573370125
2025-06-16 21:35:43.188375+00:00,30.140045035120874
2025-06-16 21:35:44.131515+00:00,30.216206358630465
2025-06-16 21:35:45.213995+00:00,30.16928931000944
2025-06-16 21:35:45.985886+00:00,30.245449650753372
2025-06-16 21:35:46.746515+00:00,30.21607963195562
2025-06-16 21:35:47.332952+00:00,30.175010928060747
2025-06-16 21:35:48.632930+00:00,30.37386733658645
2025-06-16 21:35:48.983193+00:00,30.455746040806698
2025-06-16 21:35:50.893452+00:00,30.46184227438433
2025-06-16 21:35:54.501978+00:00,30.210104072034923
2025-06-16 21:35:56.669241+00:00,30.034892390392738
2025-06-16 21:35:57.019901+00:00,29.981992227346563
2025-06-16 21:35:58.463621+00:00,30.309658363692183
2025-06-16 21:35:59.786475+00:00,30.59610499228184
2025-06-16 21:36:00.864590+00:00,30.561138572059058
2025-06-16 21:36:01.348118+00:00,30.58440863209844
2025-06-16 21:36:02.689357+00:00,30.613649457861648
2025-06-16 21:36:19.286434+00:00,30.303684036449837
2025-06-16 21:36:19.553056+00:00,30.345125451059538
2025-06-16 21:36:20.197173+00:00,30.385564413844666
2025-06-16 21:36:20.689911+00:00,30.233752363780958
2025-06-16 21:36:21.385510+00:00,30.315758111530464
2025-06-16 21:36:21.783524+00:00,30.28066725063788
2025-06-16 21:36:22.245665+00:00,30.14042779918618
2025-06-16 21:36:23.491830+00:00,30.11080051125369
2025-06-16 21:36:23.983468+00:00,30.33317803328453
2025-06-16 21:36:24.202643+00:00,30.292238400286333
2025-06-16 21:36:24.819951+00:00,30.268970217337504
2025-06-16 21:36:26.124475+00:00,30.502903314741147
2025-06-16 21:36:26.643522+00:00,30.643255524909936
2025-06-16 21:36:26.866594+00:00,30.678221264257864
2025-06-16 21:36:27.304335+00:00,30.759849851913
2025-06-16 21:36:28.063022+00:00,30.73657897495847
2025-06-16 21:36:29.557343+00:00,30.78932950145446
2025-06-16 21:36:30.179361+00:00,30.772027011568344
2025-06-16 21:36:30.536781+00:00,30.806872578683347
2025-06-16 21:36:30.889565+00:00,30.70185505737754
2025-06-16 21:36:32.040837+00:00,30.567477473240956
2025-06-16 21:36:32.953375+00:00,30.32732954416154
2025-06-16 21:36:35.958087+00:00,29.701748895089185
2025-06-16 21:36:36.165608+00:00,29.730731339425194
2025-06-16 21:36:37.497135+00:00,29.95898432008785
2025-06-16 21:36:37.797648+00:00,30.122881718536153
2025-06-16 21:36:38.107367+00:00,30.26884410519119
2025-06-16 21:36:38.867544+00:00,30.555781684177397
2025-06-16 21:36:39.232195+00:00,30.61986388822938
2025-06-16 21:36:39.883286+00:00,30.63740763067783
2025-06-16 21:36:40.136972+00:00,30.58465364443764
2025-06-16 21:36:40.472006+00:00,30.561261341125903
2025-06-16 21:36:40.732300+00:00,30.526172587390786
2025-06-16 21:36:40.983268+00:00,30.42687680583494
2025-06-16 21:36:41.910864+00:00,30.239601012246624
2025-06-16 21:36:42.195151+00:00,30.222308323829377
2025-06-16 21:36:42.416516+00:00,30.22192837738274
2025-06-16 21:36:43.205646+00:00,30.27469269390335
2025-06-16 21:36:43.683835+00:00,30.473662548951005
2025-06-16 21:36:44.252048+00:00,30.625833822087493
2025-06-16 21:36:45.161273+00:00,30.771786334595323
2025-06-16 21:36:45.846457+00:00,30.65519462154281
2025-06-16 21:36:49.596802+00:00,30.596716771630753
2025-06-16 21:36:49.866801+00:00,30.509121459219273
2025-06-16 21:36:50.272165+00:00,30.43284928172502
2025-06-16 21:37:03.407126+00:00,30.222308323829377
2025-06-16 21:37:09.771039+00:00,30.222181685788428
2025-06-16 21:37:10.379161+00:00,30.16356780539746
2025-06-16 21:37:11.279237+00:00,29.98238045809598
2025-06-16 21:37:21.922183+00:00,30.280793217844842
2025-06-16 21:37:31.271652+00:00,30.5672321231148
2025-06-16 21:37:40.298723+00:00,30.374117178295794
2025-06-16 21:37:44.489373+00:00,30.731093545896783
2025-06-16 21:37:52.340654+00:00,29.77779058505935
2025-06-16 21:37:56.707590+00:00,30.234005382300165
2025-06-16 21:37:58.045401+00:00,30.374366976909567
2025-06-16 21:37:59.223886+00:00,30.187216909413944
2025-06-16 21:38:20.080897+00:00,30.573202750229765
2025-06-16 21:38:20.322651+00:00,30.596594437306702
2025-06-16 21:38:20.456248+00:00,30.6318036010768
2025-06-16 21:38:20.807036+00:00,30.631559726487037
2025-06-16 21:38:21.066490+00:00,30.66092075519521
2025-06-16 21:38:21.318518+00:00,30.672494846690125
2025-06-16 21:38:21.592628+00:00,30.70149161143701
2025-06-16 21:38:22.093747+00:00,30.70161277085624
2025-06-16 21:38:22.356530+00:00,30.678585482677086
2025-06-16 21:38:24.394329+00:00,30.497302141365576
2025-06-16 21:38:24.614561+00:00,30.508874789195094
2025-06-16 21:38:24.923123+00:00,30.491083475134662
2025-06-16 21:38:25.148996+00:00,30.46793818660813
2025-06-16 21:38:26.667446+00:00,30.21073798696059
2025-06-16 21:38:27.301525+00:00,30.28066725063788
2025-06-16 21:38:27.689798+00:00,30.280919174277486
2025-06-16 21:38:28.446809+00:00,30.146531460812827
2025-06-16 21:38:29.030626+00:00,30.11703300506922
2025-06-16 21:38:29.540724+00:00,30.040998823779095
2025-06-16 21:38:29.806334+00:00,29.988358789305924
2025-06-16 21:38:29.950544+00:00,30.01760335248675
2025-06-16 21:38:32.191870+00:00,30.21073798696059
2025-06-16 21:38:33.117743+00:00,30.520817273468378
2025-06-16 21:38:33.628168+00:00,30.608412421279038
2025-06-16 21:38:36.796020+00:00,30.824774754906528
2025-06-16 21:38:37.072223+00:00,30.818807517685286
2025-06-16 21:38:37.379929+00:00,30.742547523985085
2025-06-16 21:38:37.680953+00:00,30.561629583688294
2025-06-16 21:38:38.249976+00:00,30.444793768851763
2025-06-16 21:38:39.122651+00:00,30.509368086150413
2025-06-16 21:38:40.314586+00:00,30.532759138233953
2025-06-16 21:38:59.829087+00:00,30.644107958495898
2025-06-16 21:39:03.652711+00:00,30.421774525316117
2025-06-16 21:39:05.431210+00:00,30.678949604143966
2025-06-16 21:39:09.587349+00:00,30.205523470940346
2025-06-16 21:39:13.246546+00:00,30.649955373293682
2025-06-16 21:39:14.985827+00:00,30.562243105831904
2025-06-16 21:39:19.824179+00:00,30.135217175642975
2025-06-16 21:39:21.037091+00:00,30.04164225100295
2025-06-16 21:39:21.829205+00:00,30.11169582464593
2025-06-16 21:39:22.696648+00:00,29.988617400188193
2025-06-16 21:39:23.042013+00:00,29.900884229735897
2025-06-16 21:39:25.321840+00:00,29.865790334200593
2025-06-16 21:39:25.474776+00:00,29.865790334200593
2025-06-16 21:39:25.851789+00:00,30.00031498696239
2025-06-16 21:39:27.474027+00:00,30.56833585933337
2025-06-16 21:39:28.556487+00:00,30.626565654359972
2025-06-16 21:39:29.039075+00:00,30.63752950629058
2025-06-16 21:39:29.904814+00:00,30.562243105831904
2025-06-16 21:39:30.230529+00:00,30.550302322742333
2025-06-16 21:39:30.725488+00:00,30.40995433737254
2025-06-16 21:39:33.128401+00:00,29.930518717183013
2025-06-16 21:39:34.358277+00:00,30.02422552324309
2025-06-16 21:39:35.317801+00:00,30.024096668849243
2025-06-16 21:39:35.727883+00:00,30.129241159985266
2025-06-16 21:39:35.963191+00:00,30.117160839893668
2025-06-16 21:39:36.205073+00:00,30.07049967113508
2025-06-16 21:39:36.472950+00:00,30.08219697908511
2025-06-16 21:39:38.128262+00:00,30.60293133855972
2025-06-16 21:39:38.379715+00:00,30.67285923399248
2025-06-16 21:39:39.547122+00:00,30.72597085956921
2025-06-16 21:39:39.862881+00:00,30.743030176116662
2025-06-16 21:39:40.111227+00:00,30.74875711008946
2025-06-16 21:39:40.326819+00:00,30.561752309663046
2025-06-16 21:39:40.486733+00:00,30.38083922480358
2025-06-16 21:39:40.754929+00:00,30.26337401188442
2025-06-16 21:39:41.005423+00:00,30.24595510802292
2025-06-16 21:39:41.956880+00:00,30.0884300319573
2025-06-16 21:39:43.238582+00:00,30.20526991087045
2025-06-16 21:39:45.847282+00:00,30.099998884631955
2025-06-16 21:39:47.348986+00:00,30.386936534215398
2025-06-16 21:39:48.717147+00:00,30.544454604530422
2025-06-16 21:39:49.029244+00:00,30.538606876360962
2025-06-16 21:39:49.973090+00:00,30.38083922480358
2025-06-16 21:39:50.322299+00:00,30.380464873565504
2025-06-16 21:39:50.546725+00:00,30.39800923723056
2025-06-16 21:39:50.746262+00:00,30.39191177291805
2025-06-16 21:39:50.865912+00:00,30.409705429883896
2025-06-16 21:39:51.878744+00:00,30.526911390149394
2025-06-16 21:39:53.441016+00:00,29.98276859186408
2025-06-16 21:39:53.945230+00:00,29.854353943561527
2025-06-16 21:39:54.126239+00:00,29.853961446091954
2025-06-16 21:39:54.268836+00:00,29.859548955927252
2025-06-16 21:39:54.497421+00:00,29.94156697037661
2025-06-16 21:39:55.038079+00:00,30.076348330089097
2025-06-16 21:39:55.464765+00:00,30.175646855557513
2025-06-16 21:39:55.825119+00:00,30.281045119935825
2025-06-16 21:39:56.309508+00:00,30.30990965961176
2025-06-16 21:39:57.701112+00:00,30.06465100222306
2025-06-16 21:39:58.628685+00:00,29.84824325199985
2025-06-16 21:40:00.591764+00:00,30.04164225100295
2025-06-16 21:40:04.958751+00:00,30.70782383503467
2025-06-16 21:40:06.299739+00:00,30.725366726950412
2025-06-16 21:40:13.667279+00:00,30.292741710909407
2025-06-16 21:40:14.041710+00:00,30.34525066960139
2025-06-16 21:40:14.507865+00:00,30.31588367624796
2025-06-16 21:40:14.908020+00:00,30.339277116014145
2025-06-16 21:40:15.285036+00:00,30.327580416047976
2025-06-16 21:40:15.824709+00:00,30.339151819618397
2025-06-16 21:40:18.444520+00:00,30.427001096056554
2025-06-16 21:40:23.649831+00:00,30.20501630770192
2025-06-16 21:40:24.142846+00:00,30.087917458627977
2025-06-16 21:40:24.552154+00:00,30.017732327850467
2025-06-16 21:40:25.220044+00:00,29.87137804696724
2025-06-16 21:40:25.621781+00:00,29.99992745703584
2025-06-16 21:40:35.757203+00:00,30.280919174277486
2025-06-16 21:40:39.810108+00:00,30.28066725063788
2025-06-16 21:40:41.363741+00:00,30.234005382300165
2025-06-16 21:40:42.270890+00:00,30.187216909413944
2025-06-16 21:40:43.103546+00:00,30.15797379021005
2025-06-16 21:40:44.815326+00:00,30.058031192043302
2025-06-16 21:40:45.867139+00:00,30.315758111530464
2025-06-16 21:40:46.947278+00:00,30.467814365916908
2025-06-16 21:40:48.402862+00:00,30.111056368955552
2025-06-16 21:40:49.362998+00:00,29.929478906074355
2025-06-16 21:40:51.179729+00:00,30.503026732986623
2025-06-16 21:40:52.577820+00:00,30.678099836573143
2025-06-16 21:40:53.456212+00:00,30.64885989391255
2025-06-16 21:40:55.111991+00:00,30.742547523985085
2025-06-16 21:40:55.754323+00:00,30.696007329798306
2025-06-16 21:40:57.303857+00:00,30.467690534452228
2025-06-16 21:40:59.090067+00:00,30.292238400286333
2025-06-16 21:41:00.602847+00:00,30.32732954416154
2025-06-16 21:41:03.253042+00:00,30.105335548259973
2025-06-16 21:41:04.896047+00:00,30.128730422044626
2025-06-16 21:41:10.724352+00:00,30.304312584719636
2025-06-16 21:41:13.616275+00:00,30.07609173196377
2025-06-16 21:41:16.998878+00:00,30.11703300506922
2025-06-16 21:41:20.891962+00:00,30.444669701405942
2025-06-16 21:41:21.718006+00:00,30.193065503379337
2025-06-16 21:41:22.687086+00:00,30.193192466071103
2025-06-16 21:41:23.924688+00:00,30.140682921354884
2025-06-16 21:41:24.627670+00:00,30.105335548259973
2025-06-16 21:41:26.010371+00:00,29.953264984859707
2025-06-16 21:41:27.284459+00:00,30.374366976909567
2025-06-16 21:41:28.861339+00:00,30.69040210395661
2025-06-16 21:41:29.265063+00:00,30.707944884298684
2025-06-16 21:41:29.966115+00:00,30.749239364698543
2025-06-16 21:41:32.928963+00:00,30.819406339121265
2025-06-16 21:41:34.512242+00:00,30.47452859802367
2025-06-16 21:41:34.835463+00:00,30.48012904700109
2025-06-16 21:41:35.195168+00:00,30.445041871422728
2025-06-16 21:41:36.024659+00:00,30.357572435962666
2025-06-16 21:41:36.744013+00:00,30.50376701622047
2025-06-16 21:41:37.328751+00:00,30.293244849144358
2025-06-16 21:41:37.890101+00:00,30.158610508510062
2025-06-16 21:41:38.632677+00:00,30.14106552379573
2025-06-16 21:41:40.479884+00:00,30.00031498696239
2025-06-16 21:41:41.002346+00:00,30.006163765412484
2025-06-16 21:41:41.943233+00:00,30.36342033865812
2025-06-16 21:41:42.334844+00:00,30.468433361638503
2025-06-16 21:41:44.836005+00:00,30.743271437549325
2025-06-16 21:41:48.149521+00:00,30.46270933791982
2025-06-16 21:41:49.452695+00:00,30.45101372696252
2025-06-16 21:41:49.973369+00:00,30.41007877495629
2025-06-16 21:41:53.409890+00:00,30.141193036392774
2025-06-16 21:41:54.946255+00:00,30.532882167248484
2025-06-16 21:41:59.692579+00:00,30.573693096014456
2025-06-16 21:42:00.955759+00:00,30.713792457830028
2025-06-16 21:42:01.407248+00:00,30.749359901420437
2025-06-16 21:42:01.838395+00:00,30.754966186902138
2025-06-16 21:42:02.292291+00:00,30.78444316548442
2025-06-16 21:42:02.781549+00:00,30.73766540040901
2025-06-16 21:42:03.330682+00:00,30.527157571550184
2025-06-16 21:42:05.561345+00:00,30.661407076833942
2025-06-16 21:42:10.540352+00:00,30.63229122098397
2025-06-16 21:42:11.069232+00:00,30.644107958495898
2025-06-16 21:42:11.581189+00:00,30.333679465639758
2025-06-16 21:42:12.106147+00:00,30.129368817532896
2025-06-16 21:42:12.613700+00:00,29.965610747777543
2025-06-16 21:42:13.216860+00:00,30.06516460589332
2025-06-16 21:42:13.643243+00:00,30.018248121550023
2025-06-16 21:42:14.035018+00:00,29.965610747777543
2025-06-16 21:42:14.359056+00:00,30.00070241990844
2025-06-16 21:42:14.570247+00:00,30.082453399929353
2025-06-16 21:42:14.776800+00:00,30.088173766843045
2025-06-16 21:42:14.996936+00:00,30.08258159418864
2025-06-16 21:42:15.335988+00:00,30.082453399929353
2025-06-16 21:42:15.747263+00:00,30.070371310369755
2025-06-16 21:42:17.113860+00:00,30.07088468877934
2025-06-16 21:42:18.275072+00:00,30.030073993492984
2025-06-16 21:42:18.763890+00:00,30.129241159985266
2025-06-16 21:42:19.382684+00:00,30.187978926457973
2025-06-16 21:42:19.625963+00:00,30.269600616453516
2025-06-16 21:42:20.018854+00:00,30.51533909434018
2025-06-16 21:42:20.353693+00:00,30.585388422905215
2025-06-16 21:42:20.577339+00:00,30.63229122098397
2025-06-16 21:42:20.764269+00:00,30.67882824109416
2025-06-16 21:42:20.952350+00:00,30.696492041836034
2025-06-16 21:42:21.265509+00:00,30.690280853494823
2025-06-16 21:42:21.546863+00:00,30.708307967456644
2025-06-16 21:42:21.857846+00:00,30.67870686727186
2025-06-16 21:42:22.084427+00:00,30.69673433322053
2025-06-16 21:42:22.425198+00:00,30.696492041836034
2025-06-16 21:42:22.828180+00:00,30.70209730080933
2025-06-16 21:42:23.053087+00:00,30.69040210395661
2025-06-16 21:42:23.264446+00:00,30.596839095181952
2025-06-16 21:42:23.656453+00:00,30.52666516565592
2025-06-16 21:42:23.882075+00:00,30.480376301577223
2025-06-16 21:42:24.244018+00:00,30.40995433737254
2025-06-16 21:42:30.280232+00:00,30.211371632520283
2025-06-16 21:42:30.824964+00:00,30.211371632520283
2025-06-16 21:42:31.468340+00:00,30.25815656670433
2025-06-16 21:42:34.268029+00:00,30.16433156181007
2025-06-16 21:42:38.947258+00:00,30.514722835445095
2025-06-16 21:42:41.013566+00:00,30.240106737851082
2025-06-16 21:43:13.561978+00:00,30.585021082149538
2025-06-16 21:43:16.036293+00:00,30.17615540360848
2025-06-16 21:43:16.440391+00:00,30.152379990312763
2025-06-16 21:43:17.903494+00:00,30.216713157583666
2025-06-16 21:43:19.425172+00:00,30.351599425717797
2025-06-16 21:43:20.019475+00:00,30.450765780089956
2025-06-16 21:43:21.563390+00:00,30.63801690101486
2025-06-16 21:43:21.810036+00:00,30.643620918225476
2025-06-16 21:43:22.085043+00:00,30.65519462154281
2025-06-16 21:43:22.432380+00:00,30.678585482677086
2025-06-16 21:43:22.741063+00:00,30.678949604143966
2025-06-16 21:43:23.242579+00:00,30.667254595894835
2025-06-16 21:43:23.603704+00:00,30.661042351763733
2025-06-16 21:43:23.819889+00:00,30.6553162744063
2025-06-16 21:43:24.025947+00:00,30.65507295790674
2025-06-16 21:43:24.189362+00:00,30.68455449059324
2025-06-16 21:43:24.409072+00:00,30.701733919503077
2025-06-16 21:43:24.573728+00:00,30.707944884298684
2025-06-16 21:43:24.924449+00:00,30.760331785454493
2025-06-16 21:43:25.173839+00:00,30.795657441678213
2025-06-16 21:43:25.684975+00:00,30.854489288637183
2025-06-16 21:43:27.808010+00:00,30.538729838303276
2025-06-16 21:43:27.999486+00:00,30.509121459219273
2025-06-16 21:43:31.287071+00:00,30.20539669629272
2025-06-16 21:43:31.749995+00:00,30.164586061082137
2025-06-16 21:43:32.236992+00:00,30.047619344500077
2025-06-16 21:43:33.809566+00:00,30.146913861991163
2025-06-16 21:43:34.218077+00:00,30.152634801032004
2025-06-16 21:43:34.842874+00:00,30.322233933932825
2025-06-16 21:43:35.126590+00:00,30.380714451831402
2025-06-16 21:43:35.375893+00:00,30.404230884840395
2025-06-16 21:43:35.678885+00:00,30.427498149206613
2025-06-16 21:43:36.222076+00:00,30.468557128462482
2025-06-16 21:43:36.653889+00:00,30.474404909047827
2025-06-16 21:43:36.897597+00:00,30.462585504020886
2025-06-16 21:43:37.158220+00:00,30.503273537157714
2025-06-16 21:43:37.498726+00:00,30.532759138233953
2025-06-16 21:43:37.941878+00:00,30.555781684177397
2025-06-16 21:43:38.252483+00:00,30.579295747233527
2025-06-16 21:43:38.485051+00:00,30.631681669168263
2025-06-16 21:43:38.737097+00:00,30.602686857915412
2025-06-16 21:43:38.936083+00:00,30.573325352835383
2025-06-16 21:43:39.342177+00:00,30.380340068271774
2025-06-16 21:43:39.558102+00:00,30.356947175657787
2025-06-16 21:43:44.219423+00:00,30.0239678036799
2025-06-16 21:43:57.053807+00:00,30.199421605163046
2025-06-16 21:43:57.242131+00:00,30.187470958194254
2025-06-16 21:43:57.464058+00:00,30.222814768247346
2025-06-16 21:43:58.994934+00:00,30.327831244838013
2025-06-16 21:43:59.493488+00:00,30.327705835830045
2025-06-16 21:44:03.922855+00:00,30.450393778979652
2025-06-16 21:44:05.961256+00:00,30.450641790493385
2025-06-16 21:44:10.591451+00:00,30.07049967113508
2025-06-16 21:44:15.839213+00:00,30.67273778233087
2025-06-16 21:44:27.817380+00:00,30.620596187551406
2025-06-16 21:44:28.726314+00:00,30.620230086367766
2025-06-16 21:44:28.941718+00:00,30.626321753360017
2025-06-16 21:44:31.917664+00:00,30.556272791723703
2025-06-16 21:44:33.302198+00:00,30.404479861841157
2025-06-16 21:44:34.694316+00:00,30.223067925808866
2025-06-16 21:44:34.977692+00:00,30.24048591892215
2025-06-16 21:44:35.207229+00:00,30.234258357721238
2025-06-16 21:44:35.713571+00:00,30.252055998057834
2025-06-16 21:44:35.949218+00:00,30.316636838295803
2025-06-16 21:44:36.307133+00:00,30.39825841302874
2025-06-16 21:44:36.564631+00:00,30.45698542762045
2025-06-16 21:44:36.749265+00:00,30.503643662614692
2025-06-16 21:44:36.993516+00:00,30.53885278947247
2025-06-16 21:44:37.197809+00:00,30.561752309663046
2025-06-16 21:44:37.423873+00:00,30.585143539841006
2025-06-16 21:44:37.689740+00:00,30.62644370924635
2025-06-16 21:44:38.070952+00:00,30.655802778134372
2025-06-16 21:44:38.439076+00:00,30.684918378543017
2025-06-16 21:44:38.730536+00:00,30.69040210395661
2025-06-16 21:44:39.032136+00:00,30.702581658404455
2025-06-16 21:44:39.383539+00:00,30.713429478917437
2025-06-16 21:44:39.842264+00:00,30.67322352434227
2025-06-16 21:44:40.110439+00:00,30.673344932913867
2025-06-16 21:44:40.356354+00:00,30.65592437713494
2025-06-16 21:44:40.637532+00:00,30.66737608230591
2025-06-16 21:44:41.032722+00:00,30.749239364698543
2025-06-16 21:44:41.346571+00:00,30.796017506964194
2025-06-16 21:44:41.574225+00:00,30.81367894505095
2025-06-16 21:44:41.840983+00:00,30.83694785868718
2025-06-16 21:44:42.142849+00:00,30.854369948256615
2025-06-16 21:44:42.352125+00:00,30.889571879689473
2025-06-16 21:44:42.552406+00:00,30.889690806943776
2025-06-16 21:44:42.677597+00:00,30.92453557659889
2025-06-16 21:44:42.959786+00:00,30.895418943347558
2025-06-16 21:44:43.282391+00:00,30.766781242728086
2025-06-16 21:44:43.545678+00:00,30.632169332166214
2025-06-16 21:44:43.889567+00:00,30.491948191059915
2025-06-16 21:44:44.240136+00:00,30.42762238556004
2025-06-16 21:44:44.489595+00:00,30.45698542762045
2025-06-16 21:44:44.724528+00:00,30.533005185489873
2025-06-16 21:44:45.040548+00:00,30.603175776112735
2025-06-16 21:44:45.492872+00:00,30.63801690101486
2025-06-16 21:44:45.968395+00:00,30.60914539615803
2025-06-16 21:44:46.517088+00:00,30.34612689772205
2025-06-16 21:44:46.972113+00:00,30.164586061082137
2025-06-16 21:44:47.292478+00:00,30.012786497702464
2025-06-16 21:44:47.784212+00:00,29.959891693326007
2025-06-16 21:44:48.124195+00:00,29.96574027310395
2025-06-16 21:44:48.433529+00:00,29.995112201718864
2025-06-16 21:44:48.648556+00:00,30.100254859838223
2025-06-16 21:44:48.878649+00:00,30.252308484781157
2025-06-16 21:44:49.253987+00:00,30.398507545731853
2025-06-16 21:44:49.479233+00:00,30.527280646090823
2025-06-16 21:44:50.983145+00:00,30.649955373293682
2025-06-16 21:44:51.869785+00:00,30.65592437713494
2025-06-16 21:44:52.504697+00:00,30.655681168361223
2025-06-16 21:44:52.924125+00:00,30.667497557944465
2025-06-16 21:44:53.232665+00:00,30.685160916647312
2025-06-16 21:44:53.482660+00:00,30.70854996903359
2025-06-16 21:44:53.757753+00:00,30.725850054589966
2025-06-16 21:44:53.985742+00:00,30.749359901420437
2025-06-16 21:44:59.591368+00:00,29.942735210711824
2025-06-16 21:45:02.075018+00:00,29.790541592621
2025-06-16 21:45:02.447103+00:00,29.87814105193163
2025-06-16 21:45:02.892570+00:00,29.960021274971137
2025-06-16 21:45:03.217130+00:00,30.123903558722677
2025-06-16 21:45:03.776129+00:00,30.334431290950597
2025-06-16 21:45:08.950654+00:00,30.30494086363427
2025-06-16 21:45:11.492154+00:00,30.141575509534217
2025-06-16 21:45:15.000083+00:00,29.80237042305663
2025-06-16 21:45:15.548888+00:00,29.983544568456647
2025-06-16 21:45:16.201470+00:00,30.164840517254838
2025-06-16 21:45:16.900204+00:00,30.33430601366727
2025-06-16 21:45:22.603348+00:00,29.907644551444285
2025-06-16 21:45:25.649844+00:00,29.85487712265298
2025-06-16 21:45:30.725983+00:00,30.778716170333137
2025-06-16 21:45:32.054669+00:00,30.8548472451489
2025-06-16 21:45:32.951190+00:00,30.849000312969164
2025-06-16 21:45:33.549897+00:00,30.81391851080132
2025-06-16 21:45:34.501016+00:00,30.626809512269077
2025-06-16 21:45:35.475775+00:00,30.35782246466695
2025-06-16 21:45:37.100577+00:00,30.603664521944975
2025-06-16 21:45:37.954142+00:00,30.340279099314646
2025-06-16 21:45:38.831991+00:00,30.35807245027547
2025-06-16 21:45:44.790555+00:00,30.44578592057052
2025-06-16 21:45:45.547795+00:00,30.603664521944975
2025-06-16 21:45:50.797550+00:00,30.545191812156045
2025-06-16 21:45:52.779982+00:00,30.25891336578978
2025-06-16 21:45:53.631166+00:00,30.06580636803689
2025-06-16 21:45:55.731273+00:00,29.825764952588983
2025-06-16 21:45:56.398814+00:00,29.919471496677396
2025-06-16 21:45:56.685344+00:00,29.97782551154852
2025-06-16 21:45:57.979267+00:00,30.118055381962954
2025-06-16 21:45:58.398238+00:00,30.22357411163708
2025-06-16 21:45:58.882790+00:00,30.328708806219268
2025-06-16 21:45:59.463362+00:00,30.33468181319511
2025-06-16 21:46:00.350265+00:00,30.082966112315162
2025-06-16 21:46:00.720973+00:00,30.09466257535765
2025-06-16 21:46:01.075218+00:00,30.00108975587406
2025-06-16 21:46:03.049780+00:00,30.229169037812305
2025-06-16 21:46:09.152534+00:00,30.59184775519843
2025-06-16 21:46:10.740859+00:00,30.714397207237994
2025-06-16 21:46:12.094635+00:00,30.726453971763654
2025-06-16 21:46:12.829423+00:00,30.56833585933337
2025-06-16 21:46:13.262843+00:00,30.486471072507868
2025-06-16 21:46:14.809903+00:00,30.305443292830507
2025-06-16 21:46:15.840178+00:00,30.34612689772205
2025-06-16 21:46:17.265161+00:00,30.036565893204628
2025-06-16 21:46:19.041526+00:00,29.82563384926077
2025-06-16 21:46:21.465759+00:00,30.52167934017361
2025-06-16 21:46:22.105581+00:00,30.609267520933088
2025-06-16 21:46:22.903628+00:00,30.56248843927828
2025-06-16 21:46:23.886906+00:00,30.433842679036385
2025-06-16 21:46:24.476718+00:00,30.352224805939656
2025-06-16 21:46:25.254307+00:00,30.22344758134187
2025-06-16 21:46:26.423302+00:00,30.047876484228333
2025-06-16 21:46:27.145392+00:00,30.118055381962954
2025-06-16 21:46:27.869124+00:00,30.199928950544873
2025-06-16 21:46:28.210164+00:00,30.153398974592214
2025-06-16 21:46:28.580050+00:00,30.135599882372208
2025-06-16 21:46:29.278877+00:00,30.1532716392694
2025-06-16 21:46:29.490048+00:00,30.1532716392694
2025-06-16 21:46:30.223056+00:00,30.10063874183409
2025-06-16 21:46:30.665698+00:00,30.059444636455915
2025-06-16 21:46:31.078511+00:00,30.09466257535765
2025-06-16 21:46:31.713707+00:00,30.117927622563947
2025-06-16 21:46:32.515428+00:00,30.170815759199083
2025-06-16 21:46:33.075704+00:00,30.264130731704448
2025-06-16 21:46:33.406919+00:00,30.35782246466695
2025-06-16 21:46:33.844587+00:00,30.439566248257247
2025-06-16 21:46:34.487030+00:00,30.340279099314646
2025-06-16 21:46:35.168537+00:00,30.27582671160026
2025-06-16 21:46:35.775744+00:00,30.240865003022797
2025-06-16 21:46:36.676371+00:00,30.398507545731853
2025-06-16 21:46:37.387687+00:00,30.416175363807323
2025-06-16 21:46:38.256867+00:00,30.211498329308338
2025-06-16 21:46:39.167999+00:00,30.05359628308234
2025-06-16 21:46:39.887395+00:00,30.006938131766585
2025-06-16 21:46:40.598482+00:00,30.03020277001936
2025-06-16 21:46:41.201197+00:00,30.106486881374774
2025-06-16 21:46:41.859762+00:00,30.10635899857358
2025-06-16 21:46:42.521449+00:00,29.965869787654594
2025-06-16 21:46:43.223209+00:00,30.00083154267258
2025-06-16 21:46:43.916876+00:00,30.18823284594142
2025-06-16 21:46:44.396782+00:00,30.38108873842641
2025-06-16 21:46:45.375644+00:00,30.609023260610186
2025-06-16 21:46:46.190070+00:00,30.667254595894835
2025-06-16 21:46:48.413577+00:00,30.77883635019444
2025-06-16 21:46:48.632166+00:00,30.81391851080132
2025-06-16 21:46:49.013175+00:00,30.83145945669012
2025-06-16 21:46:49.944194+00:00,30.831220293305723
2025-06-16 21:46:51.608580+00:00,30.702581658404455
2025-06-16 21:46:52.635478+00:00,30.58003066957363
2025-06-16 21:47:18.792499+00:00,30.352099751443223
2025-06-16 21:47:24.496260+00:00,30.059829895013717
2025-06-16 21:47:28.702635+00:00,30.796497443205087
2025-06-16 21:47:34.827035+00:00,30.294124926247175
2025-06-16 21:47:35.244224+00:00,30.089070506177073
2025-06-16 21:47:35.512739+00:00,30.04215679882459
2025-06-16 21:47:35.810997+00:00,29.983544568456647
2025-06-16 21:47:36.690634+00:00,30.112462815896436
2025-06-16 21:47:37.150712+00:00,30.299218551909473
2025-06-16 21:47:37.769904+00:00,30.410452023065307
2025-06-16 21:47:38.577323+00:00,30.49256552209223
2025-06-16 21:47:40.558220+00:00,30.72633320987341
2025-06-16 21:47:41.787274+00:00,30.790530443556626
2025-06-16 21:47:43.961217+00:00,30.52777283652177
2025-06-16 21:47:44.528859+00:00,30.316887806118615
2025-06-16 21:47:47.730678+00:00,30.270356739838896
2025-06-16 21:47:48.691253+00:00,30.10661475340087
2025-06-16 21:47:49.811352+00:00,30.00108975587406
2025-06-16 21:47:50.253852+00:00,30.118055381962954
2025-06-16 21:47:50.887410+00:00,30.176790846239456
2025-06-16 21:47:51.833063+00:00,30.34637715164766
2025-06-16 21:47:53.693749+00:00,30.656167542818363
2025-06-16 21:47:55.469221+00:00,30.591970059636665
2025-06-16 21:47:56.179112+00:00,30.50426032291082
2025-06-16 21:47:56.630099+00:00,30.410452023065307
2025-06-16 21:47:57.038899+00:00,30.340529487399476
2025-06-16 21:47:57.286374+00:00,30.316887806118615
2025-06-16 21:47:58.176525+00:00,30.334556557459873
2025-06-16 21:48:00.080903+00:00,30.316887806118615
2025-06-16 21:48:02.213531+00:00,30.048133580855087
2025-06-16 21:48:05.126238+00:00,30.498412927479617
2025-06-16 21:48:05.521849+00:00,30.56845844282608
2025-06-16 21:48:06.096880+00:00,30.609267520933088
2025-06-16 21:48:07.806210+00:00,30.09491859854119
2025-06-16 21:48:08.880242+00:00,30.036437226871712
2025-06-16 21:48:09.230051+00:00,30.059701486269766
2025-06-16 21:48:12.402590+00:00,29.919341477692445
2025-06-16 21:48:12.641228+00:00,29.896077872741678
2025-06-16 21:48:12.865865+00:00,29.88412014712919
2025-06-16 21:48:13.368422+00:00,29.883989704011235
2025-06-16 21:48:13.869229+00:00,30.118055381962954
2025-06-16 21:48:14.285370+00:00,30.199675299403317
2025-06-16 21:48:14.837116+00:00,30.229421975008954
2025-06-16 21:48:16.647803+00:00,30.32273564435258
2025-06-16 21:48:17.739121+00:00,30.504013691112178
2025-06-16 21:48:18.154338+00:00,30.55664100926655
2025-06-16 21:48:20.404320+00:00,30.796497443205087
2025-06-16 21:48:20.730637+00:00,30.73790670979263
2025-06-16 21:48:21.198592+00:00,30.591725439987336
2025-06-16 21:48:21.630491+00:00,30.527403709858294
2025-06-16 21:48:24.200786+00:00,30.17666377926282
2025-06-16 21:48:26.064512+00:00,30.118183130586907
2025-06-16 21:48:26.360524+00:00,29.84902848788782
2025-06-16 21:48:28.722031+00:00,30.082966112315162
2025-06-16 21:48:29.581388+00:00,30.387061207787994
2025-06-16 21:48:29.816986+00:00,30.387061207787994
2025-06-16 21:48:30.562689+00:00,30.322610232908808
2025-06-16 21:48:31.134358+00:00,30.31676232759428
2025-06-16 21:48:31.612209+00:00,30.316887806118615
2025-06-16 21:48:32.121905+00:00,30.129624100303143
2025-06-16 21:48:33.090587+00:00,30.153144293171703
2025-06-16 21:48:33.426271+00:00,30.27582671160026
2025-06-16 21:48:34.386871+00:00,30.322610232908808
2025-06-16 21:48:34.597899+00:00,30.36354529131824
2025-06-16 21:48:34.722574+00:00,30.398632095922775
2025-06-16 21:48:34.986062+00:00,30.4222716312995
2025-06-16 21:48:35.157758+00:00,30.492318621999278
2025-06-16 21:48:35.426568+00:00,30.480376301577223
2025-06-16 21:48:35.769758+00:00,30.486471072507868
2025-06-16 21:48:36.001458+00:00,30.33430601366727
2025-06-16 21:48:36.745532+00:00,30.083094263473573
2025-06-16 21:48:36.978738+00:00,30.053467774921586
2025-06-16 21:48:37.226407+00:00,30.018377043036107
2025-06-16 21:48:37.577194+00:00,30.0068090976465
2025-06-16 21:48:38.608386+00:00,29.872684089507
2025-06-16 21:48:39.010538+00:00,30.01863485368171
2025-06-16 21:48:39.361393+00:00,30.118055381962954
2025-06-16 21:48:39.585444+00:00,30.164840517254838
2025-06-16 21:48:39.811629+00:00,30.164840517254838
2025-06-16 21:48:40.730357+00:00,30.09466257535765
2025-06-16 21:48:40.981993+00:00,30.141448029262015
2025-06-16 21:48:41.317598+00:00,30.176282513684246
2025-06-16 21:48:41.534775+00:00,30.164586061082137
2025-06-16 21:48:41.877341+00:00,30.187851950554148
2025-06-16 21:48:42.136112+00:00,30.164458816833523
2025-06-16 21:48:42.395692+00:00,30.18823284594142
2025-06-16 21:48:43.203579+00:00,30.170561458748995
2025-06-16 21:48:44.045326+00:00,30.100510791943933
2025-06-16 21:48:44.392832+00:00,29.895556658600395
2025-06-16 21:48:47.860926+00:00,30.123903558722677
2025-06-16 21:48:50.821026+00:00,30.0068090976465
2025-06-16 21:48:51.431080+00:00,30.041770904121474
2025-06-16 21:48:51.697029+00:00,30.065292979872623
2025-06-16 21:48:52.594511+00:00,30.129624100303143
2025-06-16 21:48:55.535906+00:00,30.61511486133506
2025-06-16 21:48:57.925863+00:00,30.340404298744065
2025-06-16 21:49:01.078170+00:00,30.17094289326192
2025-06-16 21:49:01.768765+00:00,30.171324230801634
2025-06-16 21:49:02.211911+00:00,30.21162501532176
2025-06-16 21:49:02.624481+00:00,30.211751690560583
2025-06-16 21:49:02.962349+00:00,30.25243471198116
2025-06-16 21:49:03.397952+00:00,30.258408876163738
2025-06-16 21:49:04.425536+00:00,30.293496353616344
2025-06-16 21:49:04.869455+00:00,30.43371854208007
2025-06-16 21:49:05.360593+00:00,30.533251189653225
2025-06-16 21:49:05.816681+00:00,30.603297978730016
2025-06-16 21:49:06.229703+00:00,30.644229691631924
2025-06-16 21:49:06.710440+00:00,30.679434948618507
2025-06-16 21:49:07.082987+00:00,30.73790670979263
2025-06-16 21:49:07.429492+00:00,30.778716170333137
2025-06-16 21:49:07.720121+00:00,30.807951664374407
2025-06-16 21:49:07.953655+00:00,30.843153370832788
2025-06-16 21:49:08.686267+00:00,30.80831116571089
2025-06-16 21:49:09.087172+00:00,30.767142217005695
2025-06-16 21:49:09.826478+00:00,30.755448043990384
2025-06-16 21:49:11.037633+00:00,30.61560298443102
2025-06-16 21:49:11.439907+00:00,30.568826128666423
2025-06-16 21:49:12.135832+00:00,30.586122813548233
2025-06-16 21:49:13.506786+00:00,30.2590394612603
2025-06-16 21:49:14.388142+00:00,30.171451321765286
2025-06-16 21:49:15.536218+00:00,30.171070016549958
2025-06-16 21:49:15.819541+00:00,30.25891336578978
2025-06-16 21:49:18.029820+00:00,30.679920120733648
2025-06-16 21:49:24.728871+00:00,30.61000004335505
2025-06-16 21:49:26.660619+00:00,30.610244131313543
2025-06-16 21:49:28.046732+00:00,30.36454452473837
2025-06-16 21:49:28.552321+00:00,29.94949117733408
2025-06-16 21:49:29.595770+00:00,30.200562889842058
2025-06-16 21:49:29.869655+00:00,30.183146681075996
2025-06-16 21:49:30.163782+00:00,30.159628697496952
2025-06-16 21:49:30.628929+00:00,30.22420660149482
2025-06-16 21:49:32.340819+00:00,30.539958865205463
2025-06-16 21:49:32.662599+00:00,30.463823358204586
2025-06-16 21:49:39.375380+00:00,30.504876713875365
2025-06-16 21:49:40.259688+00:00,30.563591906523843
2025-06-16 21:49:40.501093+00:00,30.52838783216455
2025-06-16 21:49:41.237475+00:00,30.39402990017539
2025-06-16 21:49:41.503859+00:00,30.41119822839352
2025-06-16 21:49:42.891377+00:00,30.73887151643957
2025-06-16 21:49:43.460207+00:00,30.68613063816717
2025-06-16 21:49:44.168246+00:00,30.662622126852334
2025-06-16 21:49:45.501447+00:00,30.662743572605233
2025-06-16 21:49:46.051785+00:00,30.662743572605233
2025-06-16 21:49:47.510510+00:00,30.621937729057727
2025-06-16 21:49:48.227005+00:00,30.51097011081163
2025-06-16 21:49:49.186487+00:00,30.49342933305826
2025-06-16 21:49:49.858137+00:00,30.528264854582282
2025-06-16 21:49:50.309592+00:00,30.55177554530349
2025-06-16 21:49:50.596213+00:00,30.470041490022826
2025-06-16 21:49:52.627354+00:00,30.382335660110765
2025-06-16 21:49:52.862280+00:00,30.46431819822159
2025-06-16 21:49:55.234551+00:00,30.317765854113475
2025-06-16 21:49:55.871512+00:00,30.36441965826952
2025-06-16 21:49:57.365467+00:00,30.475764895245064
2025-06-16 21:49:58.402829+00:00,30.5750406581539
2025-06-16 21:50:00.159240+00:00,30.47551772198792
2025-06-16 21:50:01.414891+00:00,30.3120439348996
2025-06-16 21:50:01.718279+00:00,30.423016967065347
2025-06-16 21:50:03.085245+00:00,30.393780870339935
2025-06-16 21:50:10.551185+00:00,30.493059192998363
2025-06-16 21:50:10.976200+00:00,30.586612191852478
2025-06-16 21:50:12.063858+00:00,30.62754082745161
2025-06-16 21:50:12.552006+00:00,30.59830613751431
2025-06-16 21:50:13.645489+00:00,30.516447681638464
2025-06-16 21:50:14.892683+00:00,30.63899117337582
2025-06-16 21:50:16.317039+00:00,30.504753457228965
2025-06-16 21:50:16.968803+00:00,30.452252814914605
2025-06-16 21:50:19.386026+00:00,30.154035489583087
2025-06-16 21:50:21.197903+00:00,30.417294019626773
2025-06-16 21:50:24.571994+00:00,30.545805855584483
2025-06-16 21:50:26.244923+00:00,30.346877530211003
2025-06-16 21:50:28.101135+00:00,30.20068964537752
2025-06-16 21:50:28.935512+00:00,30.171324230801634
2025-06-16 21:50:33.827006+00:00,30.767863874715363
2025-06-16 21:50:34.866997+00:00,30.79113051065928
2025-06-16 21:50:35.660211+00:00,30.808790350020082
2025-06-16 21:50:36.208727+00:00,30.843989164523446
2025-06-16 21:50:37.399414+00:00,30.66846897524233
2025-06-16 21:50:38.247537+00:00,30.36466938043333
2025-06-16 21:50:39.285800+00:00,30.59270366003612
2025-06-16 21:50:41.242348+00:00,30.276708122002283
2025-06-16 21:50:42.110687+00:00,30.241875419880834
2025-06-16 21:50:42.641186+00:00,30.265265084164184
2025-06-16 21:50:43.731990+00:00,30.446157799701687
2025-06-16 21:50:44.616386+00:00,30.528264854582282
2025-06-16 21:50:45.921390+00:00,30.218485596320388
2025-06-16 21:50:46.908459+00:00,30.487582387231285
2025-06-16 21:50:47.842535+00:00,30.709396635224632
2025-06-16 21:50:48.806196+00:00,30.843989164523446
2025-06-16 21:50:49.249993+00:00,30.83826210492374
2025-06-16 21:50:49.866850+00:00,30.797217024408795
2025-06-16 21:50:50.241569+00:00,30.762017195565022
2025-06-16 21:50:50.582587+00:00,30.791370462096754
2025-06-16 21:50:51.041667+00:00,30.81487634292921
2025-06-16 21:50:55.492227+00:00,30.329460581499976
2025-06-16 21:50:56.294271+00:00,30.622181505649937
2025-06-16 21:50:56.494360+00:00,30.68637296082293
2025-06-16 21:50:58.091031+00:00,30.774311293790003
2025-06-16 21:50:58.341512+00:00,30.75056467617175
2025-06-16 21:50:58.977667+00:00,30.80318340220304
2025-06-16 21:50:59.470835+00:00,30.850074204372447
2025-06-16 21:51:00.313699+00:00,30.86188598499232
2025-06-16 21:51:02.719954+00:00,30.434959426831952
2025-06-16 21:51:04.342340+00:00,30.593070314802443
2025-06-16 21:51:04.673497+00:00,30.63984309612808
2025-06-16 21:51:05.734085+00:00,30.323989166215082
2025-06-16 21:51:09.226576+00:00,30.528633755009682
2025-06-16 21:51:10.526159+00:00,30.622425239151333
2025-06-16 21:51:10.885441+00:00,30.639599743490567
2025-06-16 21:51:11.357163+00:00,30.66310784522882
2025-06-16 21:51:11.647632+00:00,30.715605898131454
2025-06-16 21:51:11.998121+00:00,30.73899206879564
2025-06-16 21:51:12.222990+00:00,30.75068509440019
2025-06-16 21:51:16.734083+00:00,30.312294821401096
2025-06-16 21:51:17.035242+00:00,30.323989166215082
2025-06-16 21:51:20.108048+00:00,30.18352748680267
2025-06-16 21:51:23.112053+00:00,30.809508803328278
2025-06-16 21:51:25.611413+00:00,30.78015761771698
2025-06-16 21:51:25.940675+00:00,30.68052634349745
2025-06-16 21:51:26.265899+00:00,30.55799031073453
2025-06-16 21:51:26.523363+00:00,30.42923647775557
2025-06-16 21:51:27.519555+00:00,30.20729718467007
2025-06-16 21:51:27.793670+00:00,30.253696391387976
2025-06-16 21:51:28.016243+00:00,30.323738548035273
2025-06-16 21:51:28.177466+00:00,30.388058208511936
2025-06-16 21:51:35.299758+00:00,30.107765116756607
2025-06-16 21:51:37.726039+00:00,30.558112909866328
2025-06-16 21:51:40.797847+00:00,30.39415439893248
2025-06-16 21:51:41.040476+00:00,30.423513642103373
2025-06-16 21:51:41.381383+00:00,30.358822148526635
2025-06-16 21:51:41.796432+00:00,30.23602797892295
2025-06-16 21:51:42.166215+00:00,30.259669776997203
2025-06-16 21:51:42.456553+00:00,30.294753229522403
2025-06-16 21:51:42.757858+00:00,30.277337377631735
2025-06-16 21:51:42.957438+00:00,30.212891282852603
2025-06-16 21:51:43.669380+00:00,30.154290020155344
2025-06-16 21:51:47.533324+00:00,30.014075575322828
2025-06-16 21:51:47.885496+00:00,30.101661953050954
2025-06-16 21:51:48.350126+00:00,30.154035489583087
2025-06-16 21:51:49.578258+00:00,30.452252814914605
2025-06-16 21:51:49.878630+00:00,30.463947084368986
2025-06-16 21:51:50.171664+00:00,30.469546875210753
2025-06-16 21:51:50.449029+00:00,30.452005083512205
2025-06-16 21:51:50.698261+00:00,30.440434511174626
2025-06-16 21:51:54.217050+00:00,30.22420660149482
2025-06-16 21:51:55.502038+00:00,30.446777382783218
2025-06-16 21:51:55.947552+00:00,30.458223737085167
2025-06-16 21:51:56.280763+00:00,30.458223737085167
2025-06-16 21:51:57.257416+00:00,30.353099885743873
2025-06-16 21:51:57.691715+00:00,30.19547595204865
2025-06-16 21:51:59.140558+00:00,30.45834750877756
2025-06-16 21:52:01.682950+00:00,30.616334845892645
2025-06-16 21:52:02.166425+00:00,30.63363128698265
2025-06-16 21:52:02.481842+00:00,30.68052634349745
2025-06-16 21:52:03.305120+00:00,30.762498353516033
2025-06-16 21:52:07.557663+00:00,30.616578713531325
2025-06-16 21:52:18.886960+00:00,30.540572974665622
2025-06-16 21:52:19.246905+00:00,30.53472630969091
2025-06-16 21:52:19.472336+00:00,30.481858924070703
2025-06-16 21:52:19.830493+00:00,30.435083456052485
2025-06-16 21:52:20.224757+00:00,30.329961549539274
2025-06-16 21:52:20.440483+00:00,30.23653319709874
2025-06-16 21:52:20.648726+00:00,30.12556257823569
2025-06-16 21:52:21.119147+00:00,30.02564221039369
2025-06-16 21:52:21.373048+00:00,29.897380153769973
2025-06-16 21:52:21.629230+00:00,29.832792401201345
2025-06-16 21:52:21.995568+00:00,29.79198756515099
2025-06-16 21:52:22.297049+00:00,29.81537949031309
2025-06-16 21:52:22.563723+00:00,29.809400327089932
2025-06-16 21:52:22.789971+00:00,29.733374986270718
2025-06-16 21:52:23.064891+00:00,29.76248395660837
2025-06-16 21:52:23.358658+00:00,29.867749677088053
2025-06-16 21:52:23.742875+00:00,30.055265908616168
2025-06-16 21:52:24.122307+00:00,30.23602797892295
2025-06-16 21:52:24.378741+00:00,30.335683471211613
2025-06-16 21:52:24.628440+00:00,30.376613225137028
2025-06-16 21:52:24.890257+00:00,30.417542491298658
2025-06-16 21:52:25.213050+00:00,30.400001436955563
2025-06-16 21:52:25.556346+00:00,30.388556450303003
2025-06-16 21:52:26.108214+00:00,30.405972818853243
2025-06-16 21:52:26.307845+00:00,30.470288732788422
2025-06-16 21:52:26.484484+00:00,30.50512319484843
2025-06-16 21:52:26.730624+00:00,30.522786935982584
2025-06-16 21:52:26.994353+00:00,30.53435767511852
2025-06-16 21:52:27.446567+00:00,30.557499806477388
2025-06-16 21:52:27.763622+00:00,30.581254678307264
2025-06-16 21:52:28.006172+00:00,30.610366159133644
2025-06-16 21:52:28.257032+00:00,30.55189824382549
2025-06-16 21:52:28.656666+00:00,30.516817016820237
2025-06-16 21:52:28.941023+00:00,30.516817016820237
2025-06-16 21:52:29.167477+00:00,30.528510798973684
2025-06-16 21:52:29.399974+00:00,30.563346766991273
2025-06-16 21:52:29.664634+00:00,30.581499350779218
2025-06-16 21:52:29.867939+00:00,30.56346934214405
2025-06-16 21:52:30.085949+00:00,30.516940107001115
2025-06-16 21:52:30.549250+00:00,30.446529581871147
2025-06-16 21:52:30.890679+00:00,30.294753229522403
2025-06-16 21:52:31.424925+00:00,30.207170560867286
2025-06-16 21:52:31.868812+00:00,30.055265908616168
2025-06-16 21:52:32.281559+00:00,30.07268015552926
2025-06-16 21:52:32.720703+00:00,30.060856777054184
2025-06-16 21:52:33.163505+00:00,30.06696086105256
2025-06-16 21:52:33.765415+00:00,30.084375182421585
2025-06-16 21:52:34.216536+00:00,30.08411908483352
2025-06-16 21:52:34.947161+00:00,30.160264715431158
2025-06-16 21:52:36.221811+00:00,30.16649343183213
2025-06-16 21:52:36.468189+00:00,30.23602797892295
2025-06-16 21:52:36.784642+00:00,30.14284971963508
2025-06-16 21:52:37.020300+00:00,30.095942260269453
2025-06-16 21:52:37.369380+00:00,30.08411908483352
2025-06-16 21:52:37.729521+00:00,30.049161536347526
2025-06-16 21:52:37.997563+00:00,30.05475237163862
2025-06-16 21:52:38.223446+00:00,30.131282387748325
2025-06-16 21:52:38.430476+00:00,30.200943124124468
2025-06-16 21:52:38.664482+00:00,30.259669776997203
2025-06-16 21:52:38.816302+00:00,30.34153060877833
2025-06-16 21:52:39.048867+00:00,30.411571185612885
2025-06-16 21:52:39.260154+00:00,30.49330596381159
2025-06-16 21:52:39.459376+00:00,30.55189824382549
2025-06-16 21:52:39.963181+00:00,30.60451941239849
2025-06-16 21:52:40.323518+00:00,30.651293107551204
2025-06-16 21:52:40.629521+00:00,30.715847507042753
2025-06-16 21:52:41.005808+00:00,30.75056467617175
2025-06-16 21:52:41.239774+00:00,30.80342302076192
2025-06-16 21:52:41.806320+00:00,30.78015761771698
2025-06-16 21:53:07.980151+00:00,30.744959061095212
2025-06-16 21:53:54.291878+00:00,30.277589004463483
2025-06-16 21:54:03.403930+00:00,30.593436872613278
2025-06-16 21:54:12.597412+00:00,30.873816424414922
2025-06-16 21:54:34.286940+00:00,30.645811242092286
2025-06-16 21:54:34.830129+00:00,30.675043521805552
2025-06-16 21:54:35.588655+00:00,30.73959466899353
2025-06-16 21:54:36.438579+00:00,30.791850235708537
2025-06-16 21:54:38.633803+00:00,30.6927038159728
2025-06-16 21:54:40.249684+00:00,30.692582770186615
2025-06-16 21:54:43.288781+00:00,30.458471269696496
2025-06-16 21:54:43.807709+00:00,30.610732177957413
2025-06-16 21:54:44.574487+00:00,30.6807687571959
2025-06-16 21:54:47.220682+00:00,30.62230337778698
2025-06-16 21:54:50.466215+00:00,30.657139774649636
2025-06-16 21:54:52.422363+00:00,30.49330596381159
2025-06-16 21:54:53.271570+00:00,30.446653487713938
2025-06-16 21:54:54.987018+00:00,30.56371446013067
2025-06-16 21:54:55.737169+00:00,30.446777382783218
2025-06-16 21:55:02.250835+00:00,30.557867700829746
2025-06-16 21:55:10.835381+00:00,30.587101397790732
2025-06-16 21:55:12.270887+00:00,30.347252701006724
2025-06-16 21:55:13.578032+00:00,30.13102738512765
2025-06-16 21:55:21.362282+00:00,30.090606545236838
2025-06-16 21:55:21.767152+00:00,30.061113389811318
2025-06-16 21:55:22.088652+00:00,29.99627432855106
2025-06-16 21:55:22.510454+00:00,29.88568462400693
2025-06-16 21:55:23.437423+00:00,29.991072053827768
2025-06-16 21:55:23.869425+00:00,30.061113389811318
2025-06-16 21:55:25.127235+00:00,30.06696086105256
2025-06-16 21:55:26.935628+00:00,30.142977081383115
2025-06-16 21:55:28.888030+00:00,30.341780781383047
2025-06-16 21:55:30.713045+00:00,30.101789805965055
2025-06-16 21:55:32.064900+00:00,30.113740272641827
2025-06-16 21:55:32.411926+00:00,30.07852767395249
2025-06-16 21:55:32.948225+00:00,30.031618600629812
2025-06-16 21:55:33.439596+00:00,30.002380175346357
2025-06-16 21:55:34.982543+00:00,29.826813391264363
2025-06-16 21:55:35.327313+00:00,29.821358498605797
2025-06-16 21:55:35.651449+00:00,29.809269119449638
2025-06-16 21:55:35.960018+00:00,29.885293650265055
2025-06-16 21:55:36.693832+00:00,30.084503215052845
2025-06-16 21:55:37.078664+00:00,30.212891282852603
2025-06-16 21:55:38.502775+00:00,30.277211548054435
2025-06-16 21:55:39.652803+00:00,30.4001258578616
2025-06-16 21:55:43.004402+00:00,30.668954425351206
2025-06-16 21:55:46.417330+00:00,30.622425239151333
2025-06-16 21:55:48.209080+00:00,30.18962863270813
2025-06-16 21:55:50.538555+00:00,30.376737914353658
2025-06-16 21:55:51.073307+00:00,30.318392708029283
2025-06-16 21:55:55.755916+00:00,30.212638115543236
2025-06-16 21:55:56.897704+00:00,29.932206939321045
2025-06-16 21:55:57.304217+00:00,29.914663406341546
2025-06-16 21:55:58.672533+00:00,29.879576071614746
2025-06-16 21:55:58.938402+00:00,29.902837533850743
2025-06-16 21:55:59.307388+00:00,29.902707389008725
2025-06-16 21:55:59.804049+00:00,29.838509522701226
2025-06-16 21:56:00.134254+00:00,29.879184831924032
2025-06-16 21:56:02.118229+00:00,30.049289982294987
2025-06-16 21:56:02.857660+00:00,29.98457860047573
2025-06-16 21:56:08.294368+00:00,30.6216939093747
2025-06-16 21:56:11.652031+00:00,30.48148841388771
2025-06-16 21:56:12.320050+00:00,30.35297490666512
2025-06-16 21:56:13.545417+00:00,30.376239092844134
2025-06-16 21:56:20.528580+00:00,30.610122092720676
2025-06-16 21:56:24.672778+00:00,29.87320620478955
2025-06-16 21:56:27.443516+00:00,29.697623279335097
2025-06-16 21:56:29.276938+00:00,29.32343167340811
2025-06-16 21:56:30.683246+00:00,29.44585500735597
2025-06-16 21:56:34.541256+00:00,29.632622002058945
2025-06-16 21:56:35.169642+00:00,29.696960489212984
2025-06-16 21:56:35.500840+00:00,29.76129777161359
2025-06-16 21:56:35.951381+00:00,29.8079564503407
2025-06-16 21:56:36.770899+00:00,29.79041007591345
2025-06-16 21:56:36.986855+00:00,29.72620485783559
2025-06-16 21:56:37.508341+00:00,29.702676859600054
2025-06-16 21:56:38.324663+00:00,29.544751424691995
2025-06-16 21:56:38.944250+00:00,29.50965589787142
2025-06-16 21:56:39.919491+00:00,29.948064777288227
2025-06-16 21:56:40.372445+00:00,30.018377043036107
2025-06-16 21:56:40.825481+00:00,30.047619344500077
2025-06-16 21:56:41.644333+00:00,30.094406509073476
2025-06-16 21:56:41.977649+00:00,30.15873781984544
2025-06-16 21:56:42.622144+00:00,30.141193036392774
2025-06-16 21:56:43.076384+00:00,30.146913861991163
2025-06-16 21:56:43.450356+00:00,30.240106737851082
2025-06-16 21:56:46.384327+00:00,30.094150399688637
2025-06-16 21:56:47.616670+00:00,30.25765181849258
2025-06-16 21:57:03.819160+00:00,30.047233554092315
2025-06-16 21:57:04.241935+00:00,30.0351499708937
2025-06-16 21:57:05.051872+00:00,30.00603466663894
2025-06-16 21:57:13.318480+00:00,30.293244849144358
2025-06-16 21:57:14.729183+00:00,30.15288956865165
2025-06-16 21:57:15.317002+00:00,30.164586061082137
2025-06-16 21:57:19.297093+00:00,30.15873781984544
2025-06-16 21:57:19.543853+00:00,30.182130725049653
2025-06-16 21:57:19.816180+00:00,30.20526991087045
2025-06-16 21:57:20.150039+00:00,30.20526991087045
2025-06-16 21:57:20.434054+00:00,30.141193036392774
2025-06-16 21:57:21.608876+00:00,29.784429669938525
2025-06-16 21:57:21.814854+00:00,29.778580781490632
2025-06-16 21:57:22.065117+00:00,29.80184487148092
2025-06-16 21:57:22.389993+00:00,29.906863406081946
2025-06-16 21:57:22.624318+00:00,29.994466198554296
2025-06-16 21:57:22.851034+00:00,29.98887596796779
2025-06-16 21:57:24.188230+00:00,29.91323281505624
2025-06-16 21:57:24.456092+00:00,29.883859250117133
2025-06-16 21:57:24.848809+00:00,29.918821293992917
2025-06-16 21:57:25.106452+00:00,29.965869787654594
2025-06-16 21:57:25.374365+00:00,30.006680052750852
2025-06-16 21:57:25.657942+00:00,30.04710493573895
2025-06-16 21:57:26.142122+00:00,30.141448029262015
2025-06-16 21:57:26.443414+00:00,30.252055998057834
2025-06-16 21:57:26.743577+00:00,30.275574783087954
2025-06-16 21:57:27.286791+00:00,30.311039957928006
2025-06-16 21:57:28.034717+00:00,30.117927622563947
2025-06-16 21:57:28.206511+00:00,30.065421343076626
2025-06-16 21:57:28.465159+00:00,30.030073993492984
2025-06-16 21:57:28.690984+00:00,30.00070241990844
2025-06-16 21:57:28.834180+00:00,30.02345223524753
2025-06-16 21:57:29.551780+00:00,30.036051163220407
2025-06-16 21:57:30.002180+00:00,30.018377043036107
2025-06-16 21:57:30.398395+00:00,29.977566783150905
2025-06-16 21:57:33.867834+00:00,30.375116114177747
2025-06-16 21:57:34.508723+00:00,30.23501702539587
2025-06-16 21:57:34.874926+00:00,30.228916057517512
2025-06-16 21:57:35.544747+00:00,30.451261630741005
2025-06-16 21:57:36.796974+00:00,30.702823772567836
2025-06-16 21:57:39.571126+00:00,30.586122813548233
2025-06-16 21:57:39.842359+00:00,30.609389634935354
2025-06-16 21:57:41.093268+00:00,30.50413701239813
2025-06-16 21:57:42.867820+00:00,30.767142217005695
2025-06-16 21:57:43.133683+00:00,30.76129513547636
2025-06-16 21:57:43.640904+00:00,30.77310952473046
2025-06-16 21:57:47.059894+00:00,30.656410665411524
2025-06-16 21:57:51.295818+00:00,30.153653612913192
2025-06-16 21:57:51.833266+00:00,30.147678373424956
2025-06-16 21:57:52.134717+00:00,30.118694017332274
2025-06-16 21:57:53.133088+00:00,30.089582691599624
2025-06-16 21:57:53.876517+00:00,30.05436710576456
2025-06-16 21:57:55.047733+00:00,30.17157840195414
2025-06-16 21:57:55.773837+00:00,30.375740098953166
2025-06-16 21:57:56.783337+00:00,30.539467383721792
2025-06-16 21:57:57.335827+00:00,30.609633830621558
2025-06-16 21:57:57.551015+00:00,30.656410665411524
2025-06-16 21:57:58.300009+00:00,30.779437087920915
2025-06-16 21:57:58.556858+00:00,30.75605012297816
2025-06-16 21:57:58.723834+00:00,30.744236052393045
2025-06-16 21:58:02.107818+00:00,30.54020454130877
2025-06-16 21:58:03.089421+00:00,30.428988274388978
2025-06-16 21:58:03.446135+00:00,30.540081708643655
2025-06-16 21:58:03.846366+00:00,30.63363128698265
2025-06-16 21:58:16.903043+00:00,30.411819769890755
2025-06-16 21:58:17.338342+00:00,30.39440336412541
2025-06-16 21:58:17.681882+00:00,30.39440336412541
2025-06-16 21:58:18.016501+00:00,30.423141151985284
2025-06-16 21:58:18.474297+00:00,30.4413022461882
2025-06-16 21:58:18.825826+00:00,30.57589751900265
2025-06-16 21:58:19.099567+00:00,30.63423997698476
2025-06-16 21:58:19.375812+00:00,30.67516476879003
2025-06-16 21:58:20.212421+00:00,30.79817586278713
2025-06-16 21:58:20.950287+00:00,30.868089360728884
2025-06-16 21:58:24.249316+00:00,30.985361094115518
2025-06-16 21:58:28.076668+00:00,30.582110843433703
2025-06-16 21:58:28.383449+00:00,30.593925465541535
2025-06-16 21:58:28.670770+00:00,30.605495783692607
2025-06-16 21:58:40.884331+00:00,30.681859085603985
2025-06-16 21:58:41.828959+00:00,30.611829652700578
2025-06-16 21:58:42.119780+00:00,30.558970802145296
2025-06-16 21:58:42.342735+00:00,30.50647806991411
2025-06-16 21:58:42.657799+00:00,30.494785683734683
2025-06-16 21:58:43.133857+00:00,30.57699842158777
2025-06-16 21:58:43.391793+00:00,30.60013775893418
2025-06-16 21:58:43.884532+00:00,30.664442682032362
2025-06-16 21:58:44.136343+00:00,30.670167296549753
2025-06-16 21:58:44.445431+00:00,30.588323658536403
2025-06-16 21:58:45.172774+00:00,30.535708861201158
2025-06-16 21:58:45.990533+00:00,30.51244728682418
2025-06-16 21:58:46.486657+00:00,30.61779740536188
2025-06-16 21:58:47.122545+00:00,30.763700494349955
2025-06-16 21:58:48.224183+00:00,30.86331474428546
2025-06-16 21:58:51.914923+00:00,30.799134011765013
2025-06-16 21:58:52.140161+00:00,30.869160181252138
2025-06-16 21:58:54.491846+00:00,30.57127488982484
2025-06-16 21:58:54.706049+00:00,30.576753851979074
2025-06-16 21:58:55.091464+00:00,30.55373742889391
2025-06-16 21:58:55.382771+00:00,30.565429079465705
2025-06-16 21:58:55.658754+00:00,30.53607714026169
2025-06-16 21:58:55.893532+00:00,30.55933830867024
2025-06-16 21:58:56.192855+00:00,30.588567981411448
2025-06-16 21:58:56.415599+00:00,30.62364326029707
2025-06-16 21:58:57.004890+00:00,30.652872385698558
2025-06-16 21:58:57.395760+00:00,30.68210126230927
2025-06-16 21:58:57.672038+00:00,30.752129272917404
2025-06-16 21:58:57.858788+00:00,30.728625843737472
2025-06-16 21:58:58.224085+00:00,30.699396694544692
2025-06-16 21:58:58.406740+00:00,30.717296255640775
2025-06-16 21:58:58.691327+00:00,30.73471261325578
2025-06-16 21:58:58.940875+00:00,30.752129272917404
2025-06-16 21:58:59.259832+00:00,30.740317433749976
2025-06-16 21:58:59.644493+00:00,30.71717558583829
2025-06-16 21:58:59.862687+00:00,30.705000861017183
2025-06-16 21:59:01.257889+00:00,30.7461632138281
2025-06-16 21:59:01.577959+00:00,30.74019699988759
2025-06-16 21:59:01.921523+00:00,30.71084683493785
2025-06-16 21:59:02.272146+00:00,30.728625843737472
2025-06-16 21:59:02.626814+00:00,30.68173798109274
2025-06-16 21:59:03.128856+00:00,30.593925465541535
2025-06-16 21:59:03.687907+00:00,30.44229329693505
2025-06-16 21:59:04.105451+00:00,30.35434908396503
2025-06-16 21:59:04.565959+00:00,30.307702090928807
2025-06-16 21:59:05.158022+00:00,30.290036883172903
2025-06-16 21:59:05.534049+00:00,30.184796138868148
2025-06-16 21:59:06.384953+00:00,30.17297557289638
2025-06-16 21:59:06.821237+00:00,30.120225643165703
2025-06-16 21:59:07.146842+00:00,30.079552170013613
2025-06-16 21:59:07.514955+00:00,30.06773003817624
2025-06-16 21:59:08.062854+00:00,30.143868311922148
2025-06-16 21:59:09.066710+00:00,30.38967686406754
2025-06-16 21:59:09.947597+00:00,30.459584633161803
2025-06-16 21:59:10.725896+00:00,30.41293786584501
2025-06-16 21:59:11.931512+00:00,30.418535947040713
2025-06-16 21:59:12.140642+00:00,30.389427958647268
2025-06-16 21:59:12.623410+00:00,30.31914457718314
2025-06-16 21:59:12.894012+00:00,30.23729070112827
2025-06-16 21:59:13.786804+00:00,30.038623089076026
2025-06-16 21:59:14.181812+00:00,29.99145927512262
2025-06-16 21:59:14.731004+00:00,30.102684474661086
2025-06-16 21:59:16.629621+00:00,30.12607267942837
2025-06-16 21:59:17.888378+00:00,30.23119132863938
2025-06-16 21:59:18.566568+00:00,30.2610555234742
2025-06-16 21:59:19.041911+00:00,30.266398563901532
2025-06-16 21:59:19.627410+00:00,30.167001654589487
2025-06-16 21:59:20.136029+00:00,30.126200177789098
2025-06-16 21:59:21.063178+00:00,30.14361372849975
2025-06-16 21:59:21.332080+00:00,30.15530771145016
2025-06-16 21:59:21.999158+00:00,30.108276109207157
2025-06-16 21:59:22.660025+00:00,30.16128178383481
2025-06-16 21:59:22.870145+00:00,30.190135868291385
2025-06-16 21:59:23.099311+00:00,30.24250658024711
2025-06-16 21:59:23.330281+00:00,30.271993676543563
2025-06-16 21:59:23.745837+00:00,30.31851804649015
2025-06-16 21:59:24.357543+00:00,30.459089912689404
2025-06-16 21:59:24.607270+00:00,30.47090665116802
2025-06-16 21:59:24.857108+00:00,30.488199407233413
2025-06-16 21:59:28.031292+00:00,30.29538126344238
2025-06-16 21:59:31.399925+00:00,30.558848278424374
2025-06-16 21:59:35.744481+00:00,30.628637073069275
2025-06-16 21:59:35.927327+00:00,30.622912576881806
2025-06-16 21:59:36.319040+00:00,30.628515311091327
2025-06-16 21:59:38.752545+00:00,30.774911774369553
2025-06-16 21:59:41.535791+00:00,30.44789195359919
2025-06-16 21:59:43.123593+00:00,30.190389421434915
2025-06-16 21:59:43.716669+00:00,30.14374102559839
2025-06-16 21:59:43.925211+00:00,30.126200177789098
2025-06-16 21:59:44.267895+00:00,30.10293999731275
2025-06-16 21:59:44.553130+00:00,30.07929611064949
2025-06-16 21:59:45.907066+00:00,30.178822452498352
2025-06-16 21:59:49.861249+00:00,30.599527487780787
2025-06-16 21:59:53.948770+00:00,30.62315618111093
2025-06-16 21:59:54.675473+00:00,30.599771628560493
2025-06-16 21:59:54.967316+00:00,30.517924440613715
2025-06-16 21:59:56.914065+00:00,30.37785963248139
2025-06-16 21:59:57.165641+00:00,30.39527440292787
2025-06-16 21:59:57.631311+00:00,30.412813676055805
2025-06-16 21:59:58.718392+00:00,30.3018555644442
2025-06-16 21:59:59.088802+00:00,30.272371172584215
