time,temperature_wm_bme280
2025-08-14 22:00:00.585979+00:00,29.74998037997284
2025-08-14 22:00:07.809599+00:00,29.74998037997284
2025-08-14 22:00:08.309774+00:00,29.744829811155796
2025-08-14 22:00:08.776701+00:00,29.74998037997284
2025-08-14 22:00:10.955321+00:00,29.75513094908092
2025-08-14 22:00:14.923315+00:00,29.760281518480042
2025-08-14 22:00:16.568133+00:00,29.74998037997284
2025-08-14 22:00:17.504829+00:00,29.75513094908092
2025-08-14 22:00:18.761119+00:00,29.744829811155796
2025-08-14 22:00:19.668588+00:00,29.74998037997284
2025-08-14 22:00:23.072396+00:00,29.744829811155796
2025-08-14 22:00:24.805816+00:00,29.744829811155796
2025-08-14 22:00:30.160725+00:00,29.7654320881702
2025-08-14 22:00:33.175957+00:00,29.760281518480042
2025-08-14 22:00:34.003962+00:00,29.74998037997284
2025-08-14 22:00:34.543540+00:00,29.75513094908092
2025-08-14 22:00:35.072590+00:00,29.74998037997284
2025-08-14 22:00:35.616052+00:00,29.760281518480042
2025-08-14 22:00:37.726023+00:00,29.760281518480042
2025-08-14 22:00:40.042036+00:00,29.75513094908092
2025-08-14 22:00:42.286970+00:00,29.74998037997284
2025-08-14 22:00:42.812476+00:00,29.744829811155796
2025-08-14 22:00:42.960381+00:00,29.75513094908092
2025-08-14 22:00:43.883468+00:00,29.760281518480042
2025-08-14 22:00:49.583088+00:00,29.7654320881702
2025-08-14 22:00:49.783695+00:00,29.7654320881702
2025-08-14 22:00:50.668731+00:00,29.7654320881702
2025-08-14 22:00:51.411953+00:00,29.75513094908092
2025-08-14 22:00:51.671022+00:00,29.7654320881702
2025-08-14 22:00:53.068511+00:00,29.760281518480042
2025-08-14 22:00:53.352534+00:00,29.75513094908092
2025-08-14 22:00:53.602042+00:00,29.7654320881702
2025-08-14 22:00:53.852121+00:00,29.7654320881702
2025-08-14 22:00:54.604759+00:00,29.7654320881702
2025-08-14 22:00:54.893625+00:00,29.7654320881702
2025-08-14 22:00:55.373897+00:00,29.7654320881702
2025-08-14 22:00:57.014695+00:00,29.760281518480042
2025-08-14 22:01:00.474647+00:00,29.760281518480042
2025-08-14 22:01:01.126566+00:00,29.75513094908092
2025-08-14 22:01:02.150666+00:00,29.7654320881702
2025-08-14 22:01:03.067872+00:00,29.75513094908092
2025-08-14 22:01:04.236971+00:00,29.75513094908092
2025-08-14 22:01:04.705051+00:00,29.75513094908092
2025-08-14 22:01:05.326559+00:00,29.75513094908092
2025-08-14 22:01:08.691994+00:00,29.74998037997284
2025-08-14 22:01:12.918089+00:00,29.75513094908092
2025-08-14 22:01:14.198870+00:00,29.75513094908092
2025-08-14 22:01:14.546887+00:00,29.75513094908092
2025-08-14 22:01:16.570717+00:00,29.74998037997284
2025-08-14 22:01:17.625996+00:00,29.75513094908092
2025-08-14 22:01:18.084333+00:00,29.75513094908092
2025-08-14 22:01:18.446037+00:00,29.75513094908092
2025-08-14 22:01:18.608531+00:00,29.760281518480042
2025-08-14 22:01:19.451316+00:00,29.75513094908092
2025-08-14 22:01:19.736893+00:00,29.7654320881702
2025-08-14 22:01:21.632176+00:00,29.74998037997284
2025-08-14 22:01:21.766165+00:00,29.73967924262979
2025-08-14 22:01:21.993068+00:00,29.75513094908092
2025-08-14 22:01:22.209918+00:00,29.74998037997284
2025-08-14 22:01:22.436841+00:00,29.744829811155796
2025-08-14 22:01:23.154948+00:00,29.734528674394824
2025-08-14 22:01:24.687987+00:00,29.73967924262979
2025-08-14 22:01:24.944048+00:00,29.744829811155796
2025-08-14 22:01:25.177954+00:00,29.73967924262979
2025-08-14 22:01:25.478209+00:00,29.744829811155796
2025-08-14 22:01:26.480403+00:00,29.74998037997284
2025-08-14 22:01:27.115772+00:00,29.744829811155796
2025-08-14 22:01:27.605023+00:00,29.744829811155796
2025-08-14 22:01:28.004472+00:00,29.744829811155796
2025-08-14 22:01:28.353863+00:00,29.744829811155796
2025-08-14 22:01:28.929041+00:00,29.760281518480042
2025-08-14 22:01:29.438432+00:00,29.744829811155796
2025-08-14 22:01:30.197738+00:00,29.744829811155796
2025-08-14 22:01:33.461475+00:00,29.74998037997284
2025-08-14 22:01:34.310753+00:00,29.74998037997284
2025-08-14 22:01:34.720218+00:00,29.760281518480042
2025-08-14 22:01:35.941320+00:00,29.744829811155796
2025-08-14 22:01:38.030992+00:00,29.744829811155796
2025-08-14 22:01:40.221554+00:00,29.744829811155796
2025-08-14 22:01:40.845307+00:00,29.75513094908092
2025-08-14 22:01:42.217443+00:00,29.74998037997284
2025-08-14 22:01:43.563129+00:00,29.75513094908092
2025-08-14 22:01:43.730473+00:00,29.75513094908092
2025-08-14 22:01:43.904659+00:00,29.74998037997284
2025-08-14 22:01:44.750060+00:00,29.75513094908092
2025-08-14 22:01:45.948892+00:00,29.75513094908092
2025-08-14 22:01:46.362076+00:00,29.7654320881702
2025-08-14 22:01:48.751907+00:00,29.760281518480042
2025-08-14 22:01:49.764709+00:00,29.760281518480042
2025-08-14 22:01:50.466585+00:00,29.74998037997284
2025-08-14 22:01:52.447000+00:00,29.74998037997284
2025-08-14 22:01:52.674138+00:00,29.744829811155796
2025-08-14 22:01:55.785123+00:00,29.75513094908092
2025-08-14 22:01:56.476815+00:00,29.74998037997284
2025-08-14 22:01:56.877318+00:00,29.74998037997284
2025-08-14 22:02:00.232012+00:00,29.75513094908092
2025-08-14 22:02:04.291736+00:00,29.744829811155796
2025-08-14 22:02:05.466939+00:00,29.734528674394824
2025-08-14 22:02:06.194083+00:00,29.744829811155796
2025-08-14 22:02:07.905946+00:00,29.73967924262979
2025-08-14 22:02:08.400826+00:00,29.74998037997284
2025-08-14 22:02:08.814235+00:00,29.744829811155796
2025-08-14 22:02:09.361574+00:00,29.74998037997284
2025-08-14 22:02:09.699284+00:00,29.744829811155796
2025-08-14 22:02:10.372648+00:00,29.74998037997284
2025-08-14 22:02:11.276910+00:00,29.744829811155796
2025-08-14 22:02:12.355299+00:00,29.744829811155796
2025-08-14 22:02:13.040392+00:00,29.734528674394824
2025-08-14 22:02:13.600787+00:00,29.73967924262979
2025-08-14 22:02:16.781921+00:00,29.73967924262979
2025-08-14 22:02:17.375990+00:00,29.73967924262979
2025-08-14 22:02:18.359194+00:00,29.734528674394824
2025-08-14 22:02:19.835193+00:00,29.734528674394824
2025-08-14 22:02:21.980016+00:00,29.73967924262979
2025-08-14 22:02:22.331746+00:00,29.744829811155796
2025-08-14 22:02:22.633569+00:00,29.73967924262979
2025-08-14 22:02:27.791305+00:00,29.744829811155796
2025-08-14 22:02:28.473744+00:00,29.734528674394824
2025-08-14 22:02:33.797263+00:00,29.734528674394824
2025-08-14 22:02:34.061159+00:00,29.734528674394824
2025-08-14 22:02:34.347903+00:00,29.734528674394824
2025-08-14 22:02:35.427563+00:00,29.734528674394824
2025-08-14 22:02:35.668351+00:00,29.729378106450895
2025-08-14 22:02:36.839436+00:00,29.734528674394824
2025-08-14 22:02:37.665930+00:00,29.724227538798004
2025-08-14 22:02:40.626169+00:00,29.724227538798004
2025-08-14 22:02:41.061154+00:00,29.729378106450895
2025-08-14 22:02:41.477946+00:00,29.719076971436152
2025-08-14 22:02:42.022747+00:00,29.719076971436152
2025-08-14 22:02:44.687268+00:00,29.719076971436152
2025-08-14 22:02:44.814204+00:00,29.719076971436152
2025-08-14 22:02:44.977610+00:00,29.729378106450895
2025-08-14 22:02:49.204641+00:00,29.71392640436534
2025-08-14 22:02:49.553480+00:00,29.719076971436152
2025-08-14 22:02:50.695577+00:00,29.724227538798004
2025-08-14 22:02:52.729873+00:00,29.734528674394824
2025-08-14 22:02:52.953558+00:00,29.729378106450895
2025-08-14 22:02:53.220057+00:00,29.734528674394824
2025-08-14 22:02:54.769434+00:00,29.734528674394824
2025-08-14 22:02:58.954517+00:00,29.703625271096826
2025-08-14 22:03:00.281189+00:00,29.734528674394824
2025-08-14 22:03:03.144347+00:00,29.724227538798004
2025-08-14 22:03:06.937253+00:00,29.724227538798004
2025-08-14 22:03:10.298122+00:00,29.724227538798004
2025-08-14 22:03:13.587092+00:00,29.73967924262979
2025-08-14 22:03:22.512353+00:00,29.73967924262979
2025-08-14 22:03:22.796397+00:00,29.734528674394824
2025-08-14 22:03:22.972773+00:00,29.729378106450895
2025-08-14 22:03:23.214806+00:00,29.73967924262979
2025-08-14 22:03:23.682332+00:00,29.734528674394824
2025-08-14 22:03:24.361639+00:00,29.729378106450895
2025-08-14 22:03:26.732325+00:00,29.73967924262979
2025-08-14 22:03:27.359885+00:00,29.734528674394824
2025-08-14 22:03:27.743325+00:00,29.744829811155796
2025-08-14 22:03:29.370650+00:00,29.73967924262979
2025-08-14 22:03:29.810585+00:00,29.744829811155796
2025-08-14 22:03:32.826911+00:00,29.73967924262979
2025-08-14 22:03:33.709775+00:00,29.744829811155796
2025-08-14 22:03:33.935490+00:00,29.724227538798004
2025-08-14 22:03:34.176443+00:00,29.73967924262979
2025-08-14 22:03:34.462327+00:00,29.7654320881702
2025-08-14 22:03:34.869639+00:00,29.734528674394824
2025-08-14 22:03:36.777573+00:00,29.729378106450895
2025-08-14 22:03:39.327294+00:00,29.729378106450895
2025-08-14 22:03:39.645482+00:00,29.734528674394824
2025-08-14 22:03:41.117824+00:00,29.73967924262979
2025-08-14 22:03:42.703781+00:00,29.734528674394824
2025-08-14 22:03:44.298437+00:00,29.744829811155796
2025-08-14 22:03:45.036361+00:00,29.744829811155796
2025-08-14 22:03:50.068225+00:00,29.734528674394824
2025-08-14 22:03:50.752661+00:00,29.73967924262979
2025-08-14 22:03:52.410272+00:00,29.734528674394824
2025-08-14 22:03:52.865831+00:00,29.729378106450895
2025-08-14 22:03:53.166269+00:00,29.734528674394824
2025-08-14 22:03:53.985653+00:00,29.734528674394824
2025-08-14 22:03:55.396207+00:00,29.734528674394824
2025-08-14 22:03:56.735403+00:00,29.729378106450895
2025-08-14 22:03:57.828442+00:00,29.744829811155796
2025-08-14 22:04:00.455823+00:00,29.744829811155796
2025-08-14 22:04:01.546381+00:00,29.73967924262979
2025-08-14 22:04:04.072845+00:00,29.73967924262979
2025-08-14 22:04:11.247270+00:00,29.73967924262979
2025-08-14 22:04:12.755051+00:00,29.729378106450895
2025-08-14 22:04:13.297148+00:00,29.734528674394824
2025-08-14 22:04:15.152106+00:00,29.724227538798004
2025-08-14 22:04:17.791747+00:00,29.724227538798004
2025-08-14 22:04:19.293993+00:00,29.724227538798004
2025-08-14 22:04:19.493564+00:00,29.724227538798004
2025-08-14 22:04:19.836240+00:00,29.724227538798004
2025-08-14 22:04:20.035397+00:00,29.734528674394824
2025-08-14 22:04:21.316137+00:00,29.729378106450895
2025-08-14 22:04:21.570269+00:00,29.734528674394824
2025-08-14 22:04:22.645680+00:00,29.734528674394824
2025-08-14 22:04:23.518474+00:00,29.734528674394824
2025-08-14 22:04:24.726024+00:00,29.724227538798004
2025-08-14 22:04:26.079806+00:00,29.719076971436152
2025-08-14 22:04:27.073002+00:00,29.729378106450895
2025-08-14 22:04:27.675367+00:00,29.719076971436152
2025-08-14 22:04:28.076372+00:00,29.729378106450895
2025-08-14 22:04:29.155019+00:00,29.729378106450895
2025-08-14 22:04:29.823290+00:00,29.734528674394824
2025-08-14 22:04:30.051658+00:00,29.724227538798004
2025-08-14 22:04:31.716892+00:00,29.724227538798004
2025-08-14 22:04:32.397130+00:00,29.71392640436534
2025-08-14 22:04:32.839780+00:00,29.698474704899127
2025-08-14 22:04:33.313877+00:00,29.724227538798004
2025-08-14 22:04:33.659256+00:00,29.734528674394824
2025-08-14 22:04:34.705058+00:00,29.724227538798004
2025-08-14 22:04:34.925670+00:00,29.724227538798004
2025-08-14 22:04:35.114320+00:00,29.724227538798004
2025-08-14 22:04:35.306287+00:00,29.734528674394824
2025-08-14 22:04:35.514289+00:00,29.734528674394824
2025-08-14 22:04:35.818449+00:00,29.734528674394824
2025-08-14 22:04:36.066014+00:00,29.73967924262979
2025-08-14 22:04:36.376491+00:00,29.734528674394824
2025-08-14 22:04:36.877921+00:00,29.734528674394824
2025-08-14 22:04:37.110566+00:00,29.73967924262979
2025-08-14 22:04:41.292734+00:00,29.724227538798004
2025-08-14 22:04:42.216146+00:00,29.719076971436152
2025-08-14 22:04:42.809644+00:00,29.724227538798004
2025-08-14 22:04:43.027684+00:00,29.719076971436152
2025-08-14 22:04:44.368239+00:00,29.724227538798004
2025-08-14 22:04:45.292434+00:00,29.729378106450895
2025-08-14 22:04:47.028576+00:00,29.724227538798004
2025-08-14 22:04:47.354005+00:00,29.729378106450895
2025-08-14 22:04:50.147995+00:00,29.724227538798004
2025-08-14 22:04:50.471482+00:00,29.724227538798004
2025-08-14 22:04:50.781969+00:00,29.729378106450895
2025-08-14 22:04:51.109412+00:00,29.724227538798004
2025-08-14 22:04:53.433163+00:00,29.734528674394824
2025-08-14 22:04:53.774414+00:00,29.724227538798004
2025-08-14 22:04:53.974344+00:00,29.734528674394824
2025-08-14 22:04:54.669008+00:00,29.724227538798004
2025-08-14 22:04:54.901498+00:00,29.724227538798004
2025-08-14 22:04:55.120831+00:00,29.724227538798004
2025-08-14 22:04:58.957672+00:00,29.724227538798004
2025-08-14 22:05:00.851696+00:00,29.724227538798004
2025-08-14 22:05:01.378425+00:00,29.719076971436152
2025-08-14 22:05:02.267164+00:00,29.729378106450895
2025-08-14 22:05:04.944792+00:00,29.729378106450895
2025-08-14 22:05:06.157587+00:00,29.719076971436152
2025-08-14 22:05:07.351984+00:00,29.724227538798004
2025-08-14 22:05:08.545554+00:00,29.71392640436534
2025-08-14 22:05:13.914548+00:00,29.71392640436534
2025-08-14 22:05:14.305362+00:00,29.734528674394824
2025-08-14 22:05:14.668334+00:00,29.719076971436152
2025-08-14 22:05:15.159599+00:00,29.724227538798004
2025-08-14 22:05:15.508612+00:00,29.724227538798004
2025-08-14 22:05:21.574937+00:00,29.724227538798004
2025-08-14 22:05:22.877872+00:00,29.719076971436152
2025-08-14 22:05:24.093777+00:00,29.724227538798004
2025-08-14 22:05:24.569305+00:00,29.719076971436152
2025-08-14 22:05:30.592063+00:00,29.734528674394824
2025-08-14 22:05:30.997655+00:00,29.71392640436534
2025-08-14 22:05:31.396010+00:00,29.71392640436534
2025-08-14 22:05:32.046323+00:00,29.71392640436534
2025-08-14 22:05:33.662961+00:00,29.71392640436534
2025-08-14 22:05:35.150807+00:00,29.708775837585563
2025-08-14 22:05:35.691386+00:00,29.719076971436152
2025-08-14 22:05:39.311628+00:00,29.719076971436152
2025-08-14 22:05:40.494885+00:00,29.724227538798004
2025-08-14 22:05:41.750694+00:00,29.719076971436152
2025-08-14 22:05:41.957269+00:00,29.71392640436534
2025-08-14 22:05:42.794046+00:00,29.719076971436152
2025-08-14 22:05:43.069014+00:00,29.724227538798004
2025-08-14 22:05:43.262128+00:00,29.724227538798004
2025-08-14 22:05:43.871902+00:00,29.724227538798004
2025-08-14 22:05:44.814439+00:00,29.719076971436152
2025-08-14 22:05:45.580372+00:00,29.719076971436152
2025-08-14 22:05:46.987517+00:00,29.724227538798004
2025-08-14 22:05:47.764774+00:00,29.71392640436534
2025-08-14 22:05:49.370674+00:00,29.729378106450895
2025-08-14 22:05:51.434330+00:00,29.724227538798004
2025-08-14 22:05:54.141986+00:00,29.719076971436152
2025-08-14 22:05:55.427209+00:00,29.719076971436152
2025-08-14 22:05:56.241782+00:00,29.71392640436534
2025-08-14 22:05:58.509670+00:00,29.71392640436534
2025-08-14 22:05:59.782984+00:00,29.71392640436534
2025-08-14 22:06:01.160373+00:00,29.708775837585563
2025-08-14 22:06:02.801401+00:00,29.719076971436152
2025-08-14 22:06:04.544390+00:00,29.71392640436534
2025-08-14 22:06:05.237747+00:00,29.719076971436152
2025-08-14 22:06:06.979271+00:00,29.71392640436534
2025-08-14 22:06:09.759977+00:00,29.71392640436534
2025-08-14 22:06:10.926996+00:00,29.719076971436152
2025-08-14 22:06:15.426828+00:00,29.71392640436534
2025-08-14 22:06:16.485350+00:00,29.71392640436534
2025-08-14 22:06:19.417294+00:00,29.719076971436152
2025-08-14 22:06:19.618973+00:00,29.724227538798004
2025-08-14 22:06:19.836706+00:00,29.724227538798004
2025-08-14 22:06:21.874827+00:00,29.719076971436152
2025-08-14 22:06:25.478572+00:00,29.724227538798004
2025-08-14 22:06:26.714141+00:00,29.71392640436534
2025-08-14 22:06:28.242106+00:00,29.719076971436152
2025-08-14 22:06:28.969381+00:00,29.71392640436534
2025-08-14 22:06:29.212507+00:00,29.719076971436152
2025-08-14 22:06:31.234264+00:00,29.719076971436152
2025-08-14 22:06:33.283118+00:00,29.71392640436534
2025-08-14 22:06:33.641594+00:00,29.719076971436152
2025-08-14 22:06:34.047441+00:00,29.71392640436534
2025-08-14 22:06:34.987504+00:00,29.719076971436152
2025-08-14 22:06:35.352026+00:00,29.71392640436534
2025-08-14 22:06:36.767484+00:00,29.719076971436152
2025-08-14 22:06:37.957452+00:00,29.708775837585563
2025-08-14 22:06:39.631044+00:00,29.71392640436534
2025-08-14 22:06:40.007471+00:00,29.719076971436152
2025-08-14 22:06:40.318208+00:00,29.724227538798004
2025-08-14 22:06:43.032581+00:00,29.708775837585563
2025-08-14 22:06:46.433740+00:00,29.698474704899127
2025-08-14 22:06:48.522017+00:00,29.708775837585563
2025-08-14 22:06:50.469224+00:00,29.693324138992466
2025-08-14 22:06:51.639130+00:00,29.703625271096826
2025-08-14 22:06:51.875742+00:00,29.71392640436534
2025-08-14 22:06:52.083534+00:00,29.724227538798004
2025-08-14 22:06:52.350516+00:00,29.703625271096826
2025-08-14 22:06:53.457980+00:00,29.708775837585563
2025-08-14 22:06:55.366777+00:00,29.703625271096826
2025-08-14 22:06:55.668965+00:00,29.698474704899127
2025-08-14 22:06:56.293324+00:00,29.703625271096826
2025-08-14 22:06:57.241732+00:00,29.71392640436534
2025-08-14 22:06:58.142021+00:00,29.724227538798004
2025-08-14 22:06:58.826830+00:00,29.71392640436534
2025-08-14 22:07:00.296049+00:00,29.71392640436534
2025-08-14 22:07:00.997918+00:00,29.677872443018714
2025-08-14 22:07:01.532310+00:00,29.71392640436534
2025-08-14 22:07:01.889583+00:00,29.71392640436534
2025-08-14 22:07:02.223527+00:00,29.719076971436152
2025-08-14 22:07:02.555924+00:00,29.71392640436534
2025-08-14 22:07:02.914242+00:00,29.719076971436152
2025-08-14 22:07:03.539574+00:00,29.703625271096826
2025-08-14 22:07:03.895259+00:00,29.719076971436152
2025-08-14 22:07:04.281631+00:00,29.703625271096826
2025-08-14 22:07:06.212741+00:00,29.719076971436152
2025-08-14 22:07:08.082675+00:00,29.703625271096826
2025-08-14 22:07:08.710699+00:00,29.724227538798004
2025-08-14 22:07:10.094839+00:00,29.729378106450895
2025-08-14 22:07:12.411564+00:00,29.708775837585563
2025-08-14 22:07:12.762674+00:00,29.724227538798004
2025-08-14 22:07:16.492774+00:00,29.719076971436152
2025-08-14 22:07:19.833725+00:00,29.719076971436152
2025-08-14 22:07:20.109864+00:00,29.719076971436152
2025-08-14 22:07:20.393146+00:00,29.724227538798004
2025-08-14 22:07:21.989757+00:00,29.719076971436152
2025-08-14 22:07:22.332039+00:00,29.724227538798004
2025-08-14 22:07:22.541385+00:00,29.719076971436152
2025-08-14 22:07:22.843306+00:00,29.729378106450895
2025-08-14 22:07:23.656547+00:00,29.719076971436152
2025-08-14 22:07:25.241288+00:00,29.708775837585563
2025-08-14 22:07:27.297384+00:00,29.719076971436152
2025-08-14 22:07:28.095497+00:00,29.71392640436534
2025-08-14 22:07:28.757431+00:00,29.719076971436152
2025-08-14 22:07:31.213794+00:00,29.71392640436534
2025-08-14 22:07:32.082514+00:00,29.71392640436534
2025-08-14 22:07:34.165277+00:00,29.71392640436534
2025-08-14 22:07:34.966298+00:00,29.708775837585563
2025-08-14 22:07:36.346847+00:00,29.724227538798004
2025-08-14 22:07:37.164538+00:00,29.724227538798004
2025-08-14 22:07:37.597963+00:00,29.724227538798004
2025-08-14 22:07:37.791507+00:00,29.724227538798004
2025-08-14 22:07:38.210214+00:00,29.724227538798004
2025-08-14 22:07:38.853457+00:00,29.71392640436534
2025-08-14 22:07:40.876036+00:00,29.719076971436152
2025-08-14 22:07:41.602887+00:00,29.724227538798004
2025-08-14 22:07:42.149202+00:00,29.71392640436534
2025-08-14 22:07:42.539806+00:00,29.719076971436152
2025-08-14 22:07:43.208247+00:00,29.719076971436152
2025-08-14 22:07:46.225491+00:00,29.71392640436534
2025-08-14 22:07:48.216416+00:00,29.729378106450895
2025-08-14 22:07:48.745496+00:00,29.724227538798004
2025-08-14 22:07:49.983504+00:00,29.724227538798004
2025-08-14 22:07:50.368555+00:00,29.724227538798004
2025-08-14 22:07:54.788430+00:00,29.729378106450895
2025-08-14 22:07:56.098371+00:00,29.724227538798004
2025-08-14 22:07:58.357167+00:00,29.71392640436534
2025-08-14 22:08:00.096075+00:00,29.71392640436534
2025-08-14 22:08:01.064881+00:00,29.719076971436152
2025-08-14 22:08:01.415737+00:00,29.724227538798004
2025-08-14 22:08:01.865349+00:00,29.724227538798004
2025-08-14 22:08:02.741760+00:00,29.719076971436152
2025-08-14 22:08:03.097664+00:00,29.71392640436534
2025-08-14 22:08:04.140401+00:00,29.71392640436534
2025-08-14 22:08:05.861267+00:00,29.719076971436152
2025-08-14 22:08:06.801411+00:00,29.724227538798004
2025-08-14 22:08:09.374582+00:00,29.724227538798004
2025-08-14 22:08:13.065920+00:00,29.719076971436152
2025-08-14 22:08:14.222725+00:00,29.724227538798004
2025-08-14 22:08:16.022086+00:00,29.724227538798004
2025-08-14 22:08:21.796064+00:00,29.71392640436534
2025-08-14 22:08:22.015186+00:00,29.71392640436534
2025-08-14 22:08:22.981709+00:00,29.708775837585563
2025-08-14 22:08:23.265422+00:00,29.719076971436152
2025-08-14 22:08:23.659719+00:00,29.708775837585563
2025-08-14 22:08:26.785312+00:00,29.71392640436534
2025-08-14 22:08:27.397522+00:00,29.708775837585563
2025-08-14 22:08:28.724123+00:00,29.708775837585563
2025-08-14 22:08:29.057737+00:00,29.71392640436534
2025-08-14 22:08:29.639297+00:00,29.708775837585563
2025-08-14 22:08:31.181092+00:00,29.71392640436534
2025-08-14 22:08:35.622728+00:00,29.719076971436152
2025-08-14 22:08:35.823790+00:00,29.698474704899127
2025-08-14 22:08:36.218779+00:00,29.719076971436152
2025-08-14 22:08:36.581586+00:00,29.71392640436534
2025-08-14 22:08:36.811495+00:00,29.708775837585563
2025-08-14 22:08:37.321772+00:00,29.719076971436152
2025-08-14 22:08:38.130237+00:00,29.708775837585563
2025-08-14 22:08:38.372668+00:00,29.703625271096826
2025-08-14 22:08:40.554650+00:00,29.708775837585563
2025-08-14 22:08:43.004719+00:00,29.693324138992466
2025-08-14 22:08:43.992557+00:00,29.698474704899127
2025-08-14 22:08:44.195919+00:00,29.698474704899127
2025-08-14 22:08:48.715578+00:00,29.693324138992466
2025-08-14 22:08:49.037345+00:00,29.698474704899127
2025-08-14 22:08:50.382228+00:00,29.698474704899127
2025-08-14 22:08:54.058421+00:00,29.708775837585563
2025-08-14 22:08:54.653209+00:00,29.703625271096826
2025-08-14 22:08:54.912972+00:00,29.71392640436534
2025-08-14 22:08:55.363329+00:00,29.71392640436534
2025-08-14 22:08:55.922878+00:00,29.698474704899127
2025-08-14 22:08:57.231568+00:00,29.698474704899127
2025-08-14 22:08:58.447090+00:00,29.698474704899127
2025-08-14 22:08:59.432701+00:00,29.693324138992466
2025-08-14 22:08:59.767722+00:00,29.698474704899127
2025-08-14 22:09:02.091521+00:00,29.693324138992466
2025-08-14 22:09:02.940397+00:00,29.703625271096826
2025-08-14 22:09:05.213315+00:00,29.703625271096826
2025-08-14 22:09:07.797503+00:00,29.708775837585563
2025-08-14 22:09:13.279392+00:00,29.698474704899127
2025-08-14 22:09:17.098875+00:00,29.693324138992466
2025-08-14 22:09:17.591802+00:00,29.703625271096826
2025-08-14 22:09:19.285114+00:00,29.693324138992466
2025-08-14 22:09:19.916685+00:00,29.698474704899127
2025-08-14 22:09:23.881352+00:00,29.703625271096826
2025-08-14 22:09:24.458715+00:00,29.688173573376844
2025-08-14 22:09:26.824478+00:00,29.693324138992466
2025-08-14 22:09:27.758465+00:00,29.693324138992466
2025-08-14 22:09:28.369831+00:00,29.693324138992466
2025-08-14 22:09:30.510077+00:00,29.693324138992466
2025-08-14 22:09:31.252397+00:00,29.698474704899127
2025-08-14 22:09:34.359933+00:00,29.688173573376844
2025-08-14 22:09:36.397211+00:00,29.688173573376844
2025-08-14 22:09:36.825924+00:00,29.688173573376844
2025-08-14 22:09:36.950419+00:00,29.693324138992466
2025-08-14 22:09:37.593515+00:00,29.698474704899127
2025-08-14 22:09:37.911830+00:00,29.693324138992466
2025-08-14 22:09:38.155171+00:00,29.698474704899127
2025-08-14 22:09:39.922581+00:00,29.693324138992466
2025-08-14 22:09:40.727109+00:00,29.693324138992466
2025-08-14 22:09:42.148143+00:00,29.698474704899127
2025-08-14 22:09:48.758481+00:00,29.693324138992466
2025-08-14 22:09:49.654056+00:00,29.698474704899127
2025-08-14 22:09:50.914097+00:00,29.693324138992466
2025-08-14 22:09:53.113249+00:00,29.698474704899127
2025-08-14 22:09:54.546225+00:00,29.703625271096826
2025-08-14 22:09:55.260544+00:00,29.703625271096826
2025-08-14 22:09:55.912544+00:00,29.703625271096826
2025-08-14 22:09:56.212148+00:00,29.703625271096826
2025-08-14 22:09:56.817087+00:00,29.703625271096826
2025-08-14 22:09:59.645570+00:00,29.698474704899127
2025-08-14 22:10:02.213025+00:00,29.708775837585563
2025-08-14 22:10:04.333698+00:00,29.688173573376844
2025-08-14 22:10:06.765665+00:00,29.703625271096826
2025-08-14 22:10:09.455531+00:00,29.703625271096826
2025-08-14 22:10:09.821540+00:00,29.703625271096826
2025-08-14 22:10:10.391631+00:00,29.708775837585563
2025-08-14 22:10:13.040597+00:00,29.698474704899127
2025-08-14 22:10:13.833482+00:00,29.698474704899127
2025-08-14 22:10:14.417284+00:00,29.698474704899127
2025-08-14 22:10:14.889666+00:00,29.698474704899127
2025-08-14 22:10:15.320657+00:00,29.703625271096826
2025-08-14 22:10:18.239367+00:00,29.708775837585563
2025-08-14 22:10:27.770827+00:00,29.708775837585563
2025-08-14 22:10:29.537934+00:00,29.703625271096826
2025-08-14 22:10:37.333036+00:00,29.698474704899127
2025-08-14 22:10:41.712328+00:00,29.703625271096826
2025-08-14 22:10:42.496794+00:00,29.708775837585563
2025-08-14 22:10:43.408131+00:00,29.708775837585563
2025-08-14 22:10:44.126634+00:00,29.703625271096826
2025-08-14 22:10:47.180263+00:00,29.71392640436534
2025-08-14 22:10:47.559178+00:00,29.708775837585563
2025-08-14 22:10:48.915074+00:00,29.703625271096826
2025-08-14 22:10:49.179355+00:00,29.71392640436534
2025-08-14 22:10:51.762406+00:00,29.724227538798004
2025-08-14 22:10:54.194115+00:00,29.71392640436534
2025-08-14 22:10:57.655280+00:00,29.708775837585563
2025-08-14 22:10:59.221293+00:00,29.71392640436534
2025-08-14 22:10:59.469975+00:00,29.71392640436534
2025-08-14 22:10:59.678996+00:00,29.71392640436534
2025-08-14 22:10:59.846322+00:00,29.724227538798004
2025-08-14 22:11:00.164036+00:00,29.724227538798004
2025-08-14 22:11:01.407757+00:00,29.724227538798004
2025-08-14 22:11:04.177775+00:00,29.71392640436534
2025-08-14 22:11:06.327121+00:00,29.708775837585563
2025-08-14 22:11:08.712502+00:00,29.71392640436534
2025-08-14 22:11:10.512788+00:00,29.708775837585563
2025-08-14 22:11:14.240189+00:00,29.71392640436534
2025-08-14 22:11:15.819793+00:00,29.71392640436534
2025-08-14 22:11:17.252586+00:00,29.708775837585563
2025-08-14 22:11:18.067750+00:00,29.719076971436152
2025-08-14 22:11:18.751977+00:00,29.71392640436534
2025-08-14 22:11:20.070491+00:00,29.724227538798004
2025-08-14 22:11:21.494693+00:00,29.71392640436534
2025-08-14 22:11:22.167614+00:00,29.724227538798004
2025-08-14 22:11:22.394124+00:00,29.703625271096826
2025-08-14 22:11:22.761561+00:00,29.729378106450895
2025-08-14 22:11:23.992220+00:00,29.71392640436534
2025-08-14 22:11:24.461420+00:00,29.698474704899127
2025-08-14 22:11:25.512552+00:00,29.708775837585563
2025-08-14 22:11:27.961191+00:00,29.703625271096826
2025-08-14 22:11:28.181084+00:00,29.719076971436152
2025-08-14 22:11:29.152368+00:00,29.708775837585563
2025-08-14 22:11:30.153004+00:00,29.708775837585563
2025-08-14 22:11:31.982210+00:00,29.708775837585563
2025-08-14 22:11:34.062808+00:00,29.703625271096826
2025-08-14 22:11:34.276746+00:00,29.719076971436152
2025-08-14 22:11:34.486650+00:00,29.724227538798004
2025-08-14 22:11:34.807155+00:00,29.724227538798004
2025-08-14 22:11:35.008535+00:00,29.729378106450895
2025-08-14 22:11:37.633903+00:00,29.703625271096826
2025-08-14 22:11:38.244579+00:00,29.698474704899127
2025-08-14 22:11:40.000417+00:00,29.703625271096826
2025-08-14 22:11:40.437243+00:00,29.71392640436534
2025-08-14 22:11:42.235709+00:00,29.708775837585563
2025-08-14 22:11:42.903216+00:00,29.71392640436534
2025-08-14 22:11:43.083715+00:00,29.719076971436152
2025-08-14 22:11:43.277084+00:00,29.719076971436152
2025-08-14 22:11:43.594632+00:00,29.724227538798004
2025-08-14 22:11:47.219984+00:00,29.708775837585563
2025-08-14 22:11:48.280531+00:00,29.719076971436152
2025-08-14 22:11:49.794740+00:00,29.719076971436152
2025-08-14 22:11:51.740134+00:00,29.708775837585563
2025-08-14 22:11:53.761954+00:00,29.719076971436152
2025-08-14 22:11:55.918418+00:00,29.724227538798004
2025-08-14 22:11:56.397276+00:00,29.724227538798004
2025-08-14 22:11:56.743808+00:00,29.71392640436534
2025-08-14 22:11:57.457811+00:00,29.71392640436534
2025-08-14 22:11:57.792688+00:00,29.729378106450895
2025-08-14 22:11:58.845414+00:00,29.724227538798004
2025-08-14 22:12:00.227777+00:00,29.729378106450895
2025-08-14 22:12:01.897033+00:00,29.719076971436152
2025-08-14 22:12:03.176690+00:00,29.724227538798004
2025-08-14 22:12:03.641013+00:00,29.724227538798004
2025-08-14 22:12:08.561106+00:00,29.719076971436152
2025-08-14 22:12:09.245913+00:00,29.724227538798004
2025-08-14 22:12:12.069278+00:00,29.734528674394824
2025-08-14 22:12:12.487003+00:00,29.719076971436152
2025-08-14 22:12:13.498298+00:00,29.719076971436152
2025-08-14 22:12:14.526428+00:00,29.724227538798004
2025-08-14 22:12:15.640271+00:00,29.719076971436152
2025-08-14 22:12:18.216230+00:00,29.724227538798004
2025-08-14 22:12:19.361373+00:00,29.724227538798004
2025-08-14 22:12:19.816081+00:00,29.719076971436152
2025-08-14 22:12:20.163165+00:00,29.719076971436152
2025-08-14 22:12:20.438686+00:00,29.724227538798004
2025-08-14 22:12:22.368817+00:00,29.729378106450895
2025-08-14 22:12:24.266878+00:00,29.729378106450895
2025-08-14 22:12:24.570108+00:00,29.724227538798004
2025-08-14 22:12:25.476903+00:00,29.729378106450895
2025-08-14 22:12:28.605152+00:00,29.724227538798004
2025-08-14 22:12:33.682268+00:00,29.71392640436534
2025-08-14 22:12:34.010115+00:00,29.719076971436152
2025-08-14 22:12:34.217377+00:00,29.719076971436152
2025-08-14 22:12:35.371258+00:00,29.719076971436152
2025-08-14 22:12:36.407971+00:00,29.724227538798004
2025-08-14 22:12:36.707142+00:00,29.724227538798004
2025-08-14 22:12:38.431530+00:00,29.71392640436534
2025-08-14 22:12:39.699738+00:00,29.719076971436152
2025-08-14 22:12:40.150577+00:00,29.724227538798004
2025-08-14 22:12:41.760647+00:00,29.71392640436534
2025-08-14 22:12:44.456376+00:00,29.71392640436534
2025-08-14 22:12:47.018764+00:00,29.708775837585563
2025-08-14 22:12:50.998718+00:00,29.71392640436534
2025-08-14 22:12:52.694286+00:00,29.708775837585563
2025-08-14 22:12:53.230701+00:00,29.71392640436534
2025-08-14 22:12:54.000635+00:00,29.708775837585563
2025-08-14 22:12:54.266425+00:00,29.719076971436152
2025-08-14 22:12:57.326086+00:00,29.71392640436534
2025-08-14 22:12:59.227846+00:00,29.703625271096826
2025-08-14 22:13:01.835333+00:00,29.703625271096826
2025-08-14 22:13:04.197190+00:00,29.703625271096826
2025-08-14 22:13:06.386547+00:00,29.698474704899127
2025-08-14 22:13:08.267002+00:00,29.703625271096826
2025-08-14 22:13:08.808533+00:00,29.693324138992466
2025-08-14 22:13:10.102635+00:00,29.698474704899127
2025-08-14 22:13:10.707264+00:00,29.693324138992466
2025-08-14 22:13:12.707567+00:00,29.698474704899127
2025-08-14 22:13:13.407685+00:00,29.703625271096826
2025-08-14 22:13:14.643115+00:00,29.693324138992466
2025-08-14 22:13:18.896120+00:00,29.703625271096826
2025-08-14 22:13:19.301713+00:00,29.703625271096826
2025-08-14 22:13:20.075011+00:00,29.698474704899127
2025-08-14 22:13:21.935290+00:00,29.693324138992466
2025-08-14 22:13:26.341544+00:00,29.703625271096826
2025-08-14 22:13:26.577670+00:00,29.693324138992466
2025-08-14 22:13:26.842567+00:00,29.708775837585563
2025-08-14 22:13:27.144283+00:00,29.708775837585563
2025-08-14 22:13:27.545835+00:00,29.708775837585563
2025-08-14 22:13:35.158894+00:00,29.68302300805226
2025-08-14 22:13:37.475752+00:00,29.68302300805226
2025-08-14 22:13:38.008048+00:00,29.693324138992466
2025-08-14 22:13:38.380739+00:00,29.693324138992466
2025-08-14 22:13:38.823230+00:00,29.703625271096826
2025-08-14 22:13:39.608040+00:00,29.693324138992466
2025-08-14 22:13:41.011465+00:00,29.698474704899127
2025-08-14 22:13:41.412714+00:00,29.703625271096826
2025-08-14 22:13:42.257039+00:00,29.703625271096826
2025-08-14 22:13:43.802374+00:00,29.708775837585563
2025-08-14 22:13:49.259200+00:00,29.708775837585563
2025-08-14 22:13:50.876571+00:00,29.698474704899127
2025-08-14 22:13:51.129002+00:00,29.703625271096826
2025-08-14 22:13:51.372031+00:00,29.708775837585563
2025-08-14 22:13:51.572896+00:00,29.703625271096826
2025-08-14 22:13:54.130883+00:00,29.703625271096826
2025-08-14 22:13:55.712465+00:00,29.703625271096826
2025-08-14 22:13:55.949685+00:00,29.703625271096826
2025-08-14 22:13:56.371307+00:00,29.71392640436534
2025-08-14 22:13:56.676407+00:00,29.703625271096826
2025-08-14 22:13:57.082232+00:00,29.698474704899127
2025-08-14 22:13:58.634990+00:00,29.698474704899127
2025-08-14 22:13:59.083058+00:00,29.708775837585563
2025-08-14 22:13:59.294863+00:00,29.703625271096826
2025-08-14 22:14:00.094085+00:00,29.703625271096826
2025-08-14 22:14:01.913510+00:00,29.693324138992466
2025-08-14 22:14:02.417921+00:00,29.703625271096826
2025-08-14 22:14:03.241578+00:00,29.693324138992466
2025-08-14 22:14:03.600078+00:00,29.703625271096826
2025-08-14 22:14:04.057128+00:00,29.698474704899127
2025-08-14 22:14:04.348141+00:00,29.708775837585563
2025-08-14 22:14:09.741918+00:00,29.703625271096826
2025-08-14 22:14:12.542382+00:00,29.693324138992466
2025-08-14 22:14:13.858411+00:00,29.703625271096826
2025-08-14 22:14:19.272366+00:00,29.703625271096826
2025-08-14 22:14:20.425335+00:00,29.71392640436534
2025-08-14 22:14:21.762184+00:00,29.703625271096826
2025-08-14 22:14:24.211581+00:00,29.698474704899127
2025-08-14 22:14:24.449415+00:00,29.693324138992466
2025-08-14 22:14:24.840250+00:00,29.708775837585563
2025-08-14 22:14:26.284555+00:00,29.703625271096826
2025-08-14 22:14:28.116384+00:00,29.672721878276207
2025-08-14 22:14:28.834009+00:00,29.693324138992466
2025-08-14 22:14:29.594179+00:00,29.703625271096826
2025-08-14 22:14:31.474676+00:00,29.703625271096826
2025-08-14 22:14:36.214371+00:00,29.708775837585563
2025-08-14 22:14:36.398525+00:00,29.708775837585563
2025-08-14 22:14:37.017441+00:00,29.698474704899127
2025-08-14 22:14:40.744507+00:00,29.693324138992466
2025-08-14 22:14:42.925261+00:00,29.698474704899127
2025-08-14 22:14:44.574912+00:00,29.703625271096826
2025-08-14 22:14:47.842766+00:00,29.703625271096826
2025-08-14 22:14:48.365664+00:00,29.703625271096826
2025-08-14 22:14:48.824195+00:00,29.698474704899127
2025-08-14 22:14:51.791484+00:00,29.703625271096826
2025-08-14 22:14:52.308732+00:00,29.698474704899127
2025-08-14 22:14:52.898793+00:00,29.698474704899127
2025-08-14 22:14:53.112106+00:00,29.703625271096826
2025-08-14 22:14:54.759003+00:00,29.698474704899127
2025-08-14 22:14:55.202459+00:00,29.698474704899127
2025-08-14 22:14:55.652633+00:00,29.698474704899127
2025-08-14 22:14:56.283097+00:00,29.703625271096826
2025-08-14 22:14:57.299444+00:00,29.703625271096826
2025-08-14 22:14:58.234749+00:00,29.703625271096826
2025-08-14 22:14:59.021119+00:00,29.703625271096826
2025-08-14 22:14:59.346724+00:00,29.703625271096826
2025-08-14 22:14:59.558720+00:00,29.719076971436152
2025-08-14 22:15:07.418412+00:00,29.698474704899127
2025-08-14 22:15:08.368554+00:00,29.703625271096826
2025-08-14 22:15:10.517693+00:00,29.698474704899127
2025-08-14 22:15:11.743421+00:00,29.703625271096826
2025-08-14 22:15:15.514969+00:00,29.708775837585563
2025-08-14 22:15:17.354027+00:00,29.703625271096826
2025-08-14 22:15:26.608253+00:00,29.698474704899127
2025-08-14 22:15:39.591996+00:00,29.708775837585563
2025-08-14 22:15:41.145640+00:00,29.693324138992466
2025-08-14 22:15:41.554921+00:00,29.693324138992466
2025-08-14 22:15:44.462670+00:00,29.703625271096826
2025-08-14 22:15:44.971663+00:00,29.698474704899127
2025-08-14 22:15:48.369686+00:00,29.703625271096826
2025-08-14 22:15:48.700032+00:00,29.719076971436152
2025-08-14 22:15:50.560752+00:00,29.708775837585563
2025-08-14 22:15:51.214049+00:00,29.708775837585563
2025-08-14 22:15:51.613522+00:00,29.71392640436534
2025-08-14 22:15:53.135668+00:00,29.708775837585563
2025-08-14 22:15:53.779137+00:00,29.698474704899127
2025-08-14 22:15:55.858388+00:00,29.698474704899127
2025-08-14 22:15:56.888017+00:00,29.703625271096826
2025-08-14 22:15:57.873659+00:00,29.698474704899127
2025-08-14 22:15:58.635187+00:00,29.703625271096826
2025-08-14 22:15:59.340660+00:00,29.698474704899127
2025-08-14 22:15:59.565470+00:00,29.703625271096826
2025-08-14 22:16:01.434176+00:00,29.703625271096826
2025-08-14 22:16:02.914980+00:00,29.703625271096826
2025-08-14 22:16:03.815557+00:00,29.71392640436534
2025-08-14 22:16:05.329068+00:00,29.708775837585563
2025-08-14 22:16:07.539979+00:00,29.71392640436534
2025-08-14 22:16:08.902951+00:00,29.71392640436534
2025-08-14 22:16:12.359641+00:00,29.703625271096826
2025-08-14 22:16:12.659510+00:00,29.698474704899127
2025-08-14 22:16:13.771723+00:00,29.693324138992466
2025-08-14 22:16:14.616516+00:00,29.693324138992466
2025-08-14 22:16:16.173679+00:00,29.698474704899127
2025-08-14 22:16:20.064199+00:00,29.698474704899127
2025-08-14 22:16:21.535359+00:00,29.688173573376844
2025-08-14 22:16:25.780598+00:00,29.708775837585563
2025-08-14 22:16:26.141015+00:00,29.71392640436534
2025-08-14 22:16:26.592638+00:00,29.703625271096826
2025-08-14 22:16:26.725413+00:00,29.708775837585563
2025-08-14 22:16:26.939933+00:00,29.703625271096826
2025-08-14 22:16:27.394993+00:00,29.703625271096826
2025-08-14 22:16:27.596926+00:00,29.71392640436534
2025-08-14 22:16:29.197169+00:00,29.71392640436534
2025-08-14 22:16:32.270319+00:00,29.71392640436534
2025-08-14 22:16:32.869207+00:00,29.71392640436534
2025-08-14 22:16:33.464004+00:00,29.698474704899127
2025-08-14 22:16:34.164466+00:00,29.703625271096826
2025-08-14 22:16:34.889206+00:00,29.703625271096826
2025-08-14 22:16:35.441946+00:00,29.698474704899127
2025-08-14 22:16:36.984171+00:00,29.703625271096826
2025-08-14 22:16:37.430220+00:00,29.71392640436534
2025-08-14 22:16:38.169337+00:00,29.71392640436534
2025-08-14 22:16:41.437074+00:00,29.71392640436534
2025-08-14 22:16:41.821244+00:00,29.71392640436534
2025-08-14 22:16:43.526166+00:00,29.719076971436152
2025-08-14 22:16:44.181951+00:00,29.703625271096826
2025-08-14 22:16:44.462365+00:00,29.708775837585563
2025-08-14 22:16:45.314449+00:00,29.71392640436534
2025-08-14 22:16:47.696027+00:00,29.71392640436534
2025-08-14 22:16:49.173507+00:00,29.703625271096826
2025-08-14 22:16:49.649728+00:00,29.708775837585563
2025-08-14 22:16:50.931748+00:00,29.719076971436152
2025-08-14 22:16:51.815792+00:00,29.71392640436534
2025-08-14 22:16:52.702413+00:00,29.708775837585563
2025-08-14 22:16:56.597632+00:00,29.703625271096826
2025-08-14 22:16:58.954766+00:00,29.71392640436534
2025-08-14 22:16:59.245099+00:00,29.708775837585563
2025-08-14 22:16:59.621496+00:00,29.703625271096826
2025-08-14 22:16:59.989358+00:00,29.703625271096826
2025-08-14 22:17:02.054953+00:00,29.708775837585563
2025-08-14 22:17:02.537639+00:00,29.703625271096826
2025-08-14 22:17:03.654091+00:00,29.703625271096826
2025-08-14 22:17:06.530128+00:00,29.703625271096826
2025-08-14 22:17:07.069666+00:00,29.708775837585563
2025-08-14 22:17:09.588892+00:00,29.71392640436534
2025-08-14 22:17:12.612479+00:00,29.708775837585563
2025-08-14 22:17:12.837910+00:00,29.708775837585563
2025-08-14 22:17:13.046964+00:00,29.698474704899127
2025-08-14 22:17:13.413466+00:00,29.698474704899127
2025-08-14 22:17:16.063303+00:00,29.698474704899127
2025-08-14 22:17:17.071757+00:00,29.703625271096826
2025-08-14 22:17:17.430964+00:00,29.708775837585563
2025-08-14 22:17:18.302145+00:00,29.703625271096826
2025-08-14 22:17:19.469729+00:00,29.703625271096826
2025-08-14 22:17:22.662119+00:00,29.698474704899127
2025-08-14 22:17:24.090476+00:00,29.703625271096826
2025-08-14 22:17:24.389880+00:00,29.703625271096826
2025-08-14 22:17:27.125692+00:00,29.698474704899127
2025-08-14 22:17:28.724060+00:00,29.688173573376844
2025-08-14 22:17:30.481579+00:00,29.693324138992466
2025-08-14 22:17:31.698104+00:00,29.698474704899127
2025-08-14 22:17:35.121780+00:00,29.703625271096826
2025-08-14 22:17:37.178656+00:00,29.703625271096826
2025-08-14 22:17:38.287899+00:00,29.677872443018714
2025-08-14 22:17:40.150245+00:00,29.693324138992466
2025-08-14 22:17:43.173481+00:00,29.698474704899127
2025-08-14 22:17:43.362716+00:00,29.693324138992466
2025-08-14 22:17:43.651731+00:00,29.693324138992466
2025-08-14 22:17:44.188361+00:00,29.693324138992466
2025-08-14 22:17:44.520187+00:00,29.693324138992466
2025-08-14 22:17:44.780023+00:00,29.698474704899127
2025-08-14 22:17:49.348553+00:00,29.68302300805226
2025-08-14 22:17:49.576094+00:00,29.688173573376844
2025-08-14 22:17:49.883358+00:00,29.698474704899127
2025-08-14 22:17:50.122060+00:00,29.693324138992466
2025-08-14 22:17:50.345784+00:00,29.693324138992466
2025-08-14 22:17:52.718673+00:00,29.68302300805226
2025-08-14 22:17:53.670772+00:00,29.688173573376844
2025-08-14 22:17:55.024747+00:00,29.68302300805226
2025-08-14 22:17:55.704067+00:00,29.688173573376844
2025-08-14 22:17:56.964053+00:00,29.693324138992466
2025-08-14 22:17:57.220012+00:00,29.693324138992466
2025-08-14 22:17:58.526770+00:00,29.693324138992466
2025-08-14 22:17:58.776437+00:00,29.693324138992466
2025-08-14 22:17:59.277243+00:00,29.698474704899127
2025-08-14 22:17:59.672267+00:00,29.693324138992466
2025-08-14 22:17:59.947202+00:00,29.693324138992466
2025-08-14 22:18:04.040108+00:00,29.693324138992466
2025-08-14 22:18:05.619514+00:00,29.68302300805226
2025-08-14 22:18:06.414031+00:00,29.68302300805226
2025-08-14 22:18:12.346942+00:00,29.68302300805226
2025-08-14 22:18:13.105482+00:00,29.688173573376844
2025-08-14 22:18:13.665507+00:00,29.693324138992466
2025-08-14 22:18:16.386970+00:00,29.68302300805226
2025-08-14 22:18:17.697390+00:00,29.68302300805226
2025-08-14 22:18:18.043992+00:00,29.68302300805226
2025-08-14 22:18:18.628228+00:00,29.677872443018714
2025-08-14 22:18:19.827492+00:00,29.68302300805226
2025-08-14 22:18:22.011561+00:00,29.68302300805226
2025-08-14 22:18:22.648674+00:00,29.68302300805226
2025-08-14 22:18:23.421435+00:00,29.68302300805226
2025-08-14 22:18:23.628429+00:00,29.68302300805226
2025-08-14 22:18:27.397369+00:00,29.688173573376844
2025-08-14 22:18:32.584322+00:00,29.672721878276207
2025-08-14 22:18:32.961020+00:00,29.68302300805226
2025-08-14 22:18:49.730723+00:00,29.677872443018714
2025-08-14 22:18:50.790774+00:00,29.667571313824737
2025-08-14 22:18:51.264369+00:00,29.68302300805226
2025-08-14 22:18:55.155646+00:00,29.68302300805226
2025-08-14 22:18:56.892590+00:00,29.68302300805226
2025-08-14 22:18:57.237572+00:00,29.677872443018714
2025-08-14 22:18:57.712725+00:00,29.68302300805226
2025-08-14 22:18:59.299903+00:00,29.68302300805226
2025-08-14 22:19:02.183888+00:00,29.667571313824737
2025-08-14 22:19:04.469464+00:00,29.667571313824737
2025-08-14 22:19:06.926952+00:00,29.672721878276207
2025-08-14 22:19:07.983681+00:00,29.667571313824737
2025-08-14 22:19:08.376393+00:00,29.667571313824737
2025-08-14 22:19:08.916451+00:00,29.68302300805226
2025-08-14 22:19:09.760429+00:00,29.672721878276207
2025-08-14 22:19:10.118221+00:00,29.667571313824737
2025-08-14 22:19:12.367028+00:00,29.667571313824737
2025-08-14 22:19:17.601086+00:00,29.667571313824737
2025-08-14 22:19:18.216918+00:00,29.677872443018714
2025-08-14 22:19:19.898084+00:00,29.667571313824737
2025-08-14 22:19:20.336989+00:00,29.667571313824737
2025-08-14 22:19:20.587017+00:00,29.672721878276207
2025-08-14 22:19:20.924799+00:00,29.68302300805226
2025-08-14 22:19:21.332896+00:00,29.672721878276207
2025-08-14 22:19:22.552920+00:00,29.68302300805226
2025-08-14 22:19:23.003929+00:00,29.672721878276207
2025-08-14 22:19:23.388823+00:00,29.672721878276207
2025-08-14 22:19:23.814453+00:00,29.672721878276207
2025-08-14 22:19:24.593196+00:00,29.667571313824737
2025-08-14 22:19:24.967971+00:00,29.672721878276207
2025-08-14 22:19:26.405943+00:00,29.667571313824737
2025-08-14 22:19:27.532628+00:00,29.672721878276207
2025-08-14 22:19:28.469958+00:00,29.672721878276207
2025-08-14 22:19:29.983022+00:00,29.677872443018714
2025-08-14 22:19:30.349716+00:00,29.672721878276207
2025-08-14 22:19:30.727276+00:00,29.677872443018714
2025-08-14 22:19:32.261763+00:00,29.677872443018714
2025-08-14 22:19:34.986042+00:00,29.677872443018714
2025-08-14 22:19:35.596333+00:00,29.672721878276207
2025-08-14 22:19:35.847923+00:00,29.667571313824737
2025-08-14 22:19:38.547135+00:00,29.657270185794914
2025-08-14 22:19:41.037970+00:00,29.667571313824737
2025-08-14 22:19:42.502460+00:00,29.667571313824737
2025-08-14 22:19:45.107692+00:00,29.672721878276207
2025-08-14 22:19:46.849048+00:00,29.677872443018714
2025-08-14 22:19:49.817915+00:00,29.677872443018714
2025-08-14 22:19:50.711415+00:00,29.672721878276207
2025-08-14 22:19:52.164525+00:00,29.667571313824737
2025-08-14 22:19:53.975818+00:00,29.672721878276207
2025-08-14 22:19:54.778827+00:00,29.677872443018714
2025-08-14 22:19:55.220035+00:00,29.677872443018714
2025-08-14 22:19:58.319260+00:00,29.677872443018714
2025-08-14 22:20:02.009552+00:00,29.677872443018714
2025-08-14 22:20:02.714725+00:00,29.672721878276207
2025-08-14 22:20:07.880185+00:00,29.672721878276207
2025-08-14 22:20:14.318201+00:00,29.677872443018714
2025-08-14 22:20:14.806325+00:00,29.672721878276207
2025-08-14 22:20:15.631328+00:00,29.667571313824737
2025-08-14 22:20:18.350348+00:00,29.677872443018714
2025-08-14 22:20:22.266335+00:00,29.688173573376844
2025-08-14 22:20:22.717147+00:00,29.68302300805226
2025-08-14 22:20:23.392912+00:00,29.677872443018714
2025-08-14 22:20:24.957867+00:00,29.677872443018714
2025-08-14 22:20:26.817513+00:00,29.677872443018714
2025-08-14 22:20:28.966917+00:00,29.677872443018714
2025-08-14 22:20:30.640264+00:00,29.672721878276207
2025-08-14 22:20:32.778461+00:00,29.68302300805226
2025-08-14 22:20:37.454339+00:00,29.68302300805226
2025-08-14 22:20:37.916166+00:00,29.68302300805226
2025-08-14 22:20:38.540259+00:00,29.688173573376844
2025-08-14 22:20:41.740736+00:00,29.693324138992466
2025-08-14 22:20:41.951428+00:00,29.688173573376844
2025-08-14 22:20:42.651378+00:00,29.68302300805226
2025-08-14 22:20:43.203493+00:00,29.677872443018714
2025-08-14 22:20:43.495767+00:00,29.688173573376844
2025-08-14 22:20:50.984301+00:00,29.693324138992466
2025-08-14 22:20:57.579322+00:00,29.68302300805226
2025-08-14 22:20:58.036259+00:00,29.677872443018714
2025-08-14 22:20:58.381277+00:00,29.677872443018714
2025-08-14 22:21:01.001242+00:00,29.688173573376844
2025-08-14 22:21:03.016408+00:00,29.693324138992466
2025-08-14 22:21:04.707530+00:00,29.693324138992466
2025-08-14 22:21:05.318335+00:00,29.688173573376844
2025-08-14 22:21:06.082844+00:00,29.68302300805226
2025-08-14 22:21:06.904488+00:00,29.693324138992466
2025-08-14 22:21:08.115056+00:00,29.693324138992466
2025-08-14 22:21:09.278344+00:00,29.68302300805226
2025-08-14 22:21:11.749355+00:00,29.688173573376844
2025-08-14 22:21:12.518499+00:00,29.693324138992466
2025-08-14 22:21:12.769803+00:00,29.688173573376844
2025-08-14 22:21:13.076372+00:00,29.688173573376844
2025-08-14 22:21:13.284965+00:00,29.693324138992466
2025-08-14 22:21:18.711930+00:00,29.688173573376844
2025-08-14 22:21:18.976102+00:00,29.693324138992466
2025-08-14 22:21:20.281707+00:00,29.693324138992466
2025-08-14 22:21:21.785427+00:00,29.68302300805226
2025-08-14 22:21:22.152995+00:00,29.703625271096826
2025-08-14 22:21:22.831182+00:00,29.68302300805226
2025-08-14 22:21:23.412936+00:00,29.688173573376844
2025-08-14 22:21:24.332230+00:00,29.693324138992466
2025-08-14 22:21:24.540895+00:00,29.688173573376844
2025-08-14 22:21:25.376432+00:00,29.698474704899127
2025-08-14 22:21:27.800802+00:00,29.68302300805226
2025-08-14 22:21:28.394507+00:00,29.688173573376844
2025-08-14 22:21:30.012283+00:00,29.693324138992466
2025-08-14 22:21:32.088123+00:00,29.68302300805226
2025-08-14 22:21:33.894035+00:00,29.68302300805226
2025-08-14 22:21:35.533419+00:00,29.672721878276207
2025-08-14 22:21:37.839663+00:00,29.688173573376844
2025-08-14 22:21:38.210658+00:00,29.68302300805226
2025-08-14 22:21:38.682132+00:00,29.68302300805226
2025-08-14 22:21:40.528649+00:00,29.68302300805226
2025-08-14 22:21:41.791073+00:00,29.672721878276207
2025-08-14 22:21:42.610986+00:00,29.693324138992466
2025-08-14 22:21:44.176812+00:00,29.68302300805226
2025-08-14 22:21:45.275395+00:00,29.68302300805226
2025-08-14 22:21:48.606148+00:00,29.662420749664307
2025-08-14 22:21:49.716548+00:00,29.662420749664307
2025-08-14 22:21:52.841166+00:00,29.672721878276207
2025-08-14 22:21:53.307919+00:00,29.672721878276207
2025-08-14 22:21:55.068647+00:00,29.688173573376844
2025-08-14 22:21:56.092702+00:00,29.672721878276207
2025-08-14 22:21:57.027783+00:00,29.672721878276207
2025-08-14 22:21:57.950098+00:00,29.677872443018714
2025-08-14 22:21:58.648221+00:00,29.688173573376844
2025-08-14 22:21:58.999593+00:00,29.68302300805226
2025-08-14 22:22:03.040718+00:00,29.68302300805226
2025-08-14 22:22:05.639384+00:00,29.672721878276207
2025-08-14 22:22:09.222775+00:00,29.688173573376844
2025-08-14 22:22:09.914565+00:00,29.677872443018714
2025-08-14 22:22:12.852506+00:00,29.68302300805226
2025-08-14 22:22:13.749851+00:00,29.672721878276207
2025-08-14 22:22:14.734091+00:00,29.672721878276207
2025-08-14 22:22:17.842964+00:00,29.672721878276207
2025-08-14 22:22:18.350980+00:00,29.662420749664307
2025-08-14 22:22:19.074409+00:00,29.667571313824737
2025-08-14 22:22:19.378494+00:00,29.667571313824737
2025-08-14 22:22:21.115447+00:00,29.68302300805226
2025-08-14 22:22:23.323936+00:00,29.672721878276207
2025-08-14 22:22:24.892167+00:00,29.667571313824737
2025-08-14 22:22:25.358201+00:00,29.667571313824737
2025-08-14 22:22:26.389807+00:00,29.662420749664307
2025-08-14 22:22:26.656942+00:00,29.667571313824737
2025-08-14 22:22:26.867797+00:00,29.662420749664307
2025-08-14 22:22:27.267324+00:00,29.672721878276207
2025-08-14 22:22:28.386847+00:00,29.662420749664307
2025-08-14 22:22:29.417447+00:00,29.667571313824737
2025-08-14 22:22:29.916757+00:00,29.672721878276207
2025-08-14 22:22:31.089518+00:00,29.672721878276207
2025-08-14 22:22:32.613979+00:00,29.672721878276207
2025-08-14 22:22:34.949953+00:00,29.672721878276207
2025-08-14 22:22:36.770245+00:00,29.672721878276207
2025-08-14 22:22:37.342076+00:00,29.672721878276207
2025-08-14 22:22:39.119236+00:00,29.672721878276207
2025-08-14 22:22:40.096158+00:00,29.677872443018714
2025-08-14 22:22:40.480643+00:00,29.68302300805226
2025-08-14 22:22:41.925177+00:00,29.672721878276207
2025-08-14 22:22:42.971095+00:00,29.667571313824737
2025-08-14 22:22:43.184577+00:00,29.68302300805226
2025-08-14 22:22:43.397893+00:00,29.68302300805226
2025-08-14 22:22:48.527732+00:00,29.667571313824737
2025-08-14 22:22:48.879510+00:00,29.667571313824737
2025-08-14 22:22:49.042155+00:00,29.672721878276207
2025-08-14 22:22:51.890652+00:00,29.672721878276207
2025-08-14 22:22:52.975635+00:00,29.667571313824737
2025-08-14 22:22:55.041512+00:00,29.662420749664307
2025-08-14 22:22:55.728047+00:00,29.672721878276207
2025-08-14 22:22:56.606926+00:00,29.672721878276207
2025-08-14 22:22:57.749750+00:00,29.672721878276207
2025-08-14 22:23:00.325425+00:00,29.672721878276207
2025-08-14 22:23:02.085294+00:00,29.677872443018714
2025-08-14 22:23:02.492793+00:00,29.672721878276207
2025-08-14 22:23:06.269779+00:00,29.677872443018714
2025-08-14 22:23:07.879701+00:00,29.672721878276207
2025-08-14 22:23:08.855307+00:00,29.672721878276207
2025-08-14 22:23:10.855196+00:00,29.68302300805226
2025-08-14 22:23:11.537773+00:00,29.662420749664307
2025-08-14 22:23:12.548089+00:00,29.672721878276207
2025-08-14 22:23:13.341782+00:00,29.68302300805226
2025-08-14 22:23:14.017616+00:00,29.672721878276207
2025-08-14 22:23:14.695252+00:00,29.68302300805226
2025-08-14 22:23:17.804176+00:00,29.677872443018714
2025-08-14 22:23:18.558855+00:00,29.672721878276207
2025-08-14 22:23:19.776236+00:00,29.672721878276207
2025-08-14 22:23:20.170295+00:00,29.677872443018714
2025-08-14 22:23:20.557342+00:00,29.672721878276207
2025-08-14 22:23:22.008704+00:00,29.68302300805226
2025-08-14 22:23:22.526234+00:00,29.68302300805226
2025-08-14 22:23:22.791638+00:00,29.672721878276207
2025-08-14 22:23:22.985594+00:00,29.672721878276207
2025-08-14 22:23:23.179024+00:00,29.688173573376844
2025-08-14 22:23:23.392438+00:00,29.672721878276207
2025-08-14 22:23:23.670663+00:00,29.672721878276207
2025-08-14 22:23:23.922562+00:00,29.68302300805226
2025-08-14 22:23:24.172418+00:00,29.672721878276207
2025-08-14 22:23:24.407800+00:00,29.688173573376844
2025-08-14 22:23:25.068081+00:00,29.672721878276207
2025-08-14 22:23:25.343985+00:00,29.677872443018714
2025-08-14 22:23:25.693396+00:00,29.677872443018714
2025-08-14 22:23:25.886793+00:00,29.68302300805226
2025-08-14 22:23:26.091412+00:00,29.672721878276207
2025-08-14 22:23:26.796461+00:00,29.677872443018714
2025-08-14 22:23:32.071522+00:00,29.677872443018714
2025-08-14 22:23:33.466363+00:00,29.68302300805226
2025-08-14 22:23:34.382822+00:00,29.68302300805226
2025-08-14 22:23:35.218501+00:00,29.677872443018714
2025-08-14 22:23:36.657720+00:00,29.672721878276207
2025-08-14 22:23:37.366082+00:00,29.677872443018714
2025-08-14 22:23:38.351079+00:00,29.68302300805226
2025-08-14 22:23:38.821198+00:00,29.68302300805226
2025-08-14 22:23:39.348191+00:00,29.68302300805226
2025-08-14 22:23:40.764791+00:00,29.688173573376844
2025-08-14 22:23:40.934553+00:00,29.688173573376844
2025-08-14 22:23:41.199819+00:00,29.68302300805226
2025-08-14 22:23:42.441438+00:00,29.68302300805226
2025-08-14 22:23:44.940754+00:00,29.672721878276207
2025-08-14 22:23:46.511059+00:00,29.662420749664307
2025-08-14 22:23:47.386089+00:00,29.672721878276207
2025-08-14 22:23:51.567465+00:00,29.672721878276207
2025-08-14 22:23:52.737138+00:00,29.672721878276207
2025-08-14 22:23:53.384544+00:00,29.68302300805226
2025-08-14 22:23:58.073575+00:00,29.677872443018714
2025-08-14 22:23:58.674311+00:00,29.677872443018714
2025-08-14 22:23:59.410190+00:00,29.672721878276207
2025-08-14 22:24:00.526984+00:00,29.68302300805226
2025-08-14 22:24:01.651904+00:00,29.662420749664307
2025-08-14 22:24:04.195817+00:00,29.677872443018714
2025-08-14 22:24:07.111777+00:00,29.662420749664307
2025-08-14 22:24:07.690366+00:00,29.662420749664307
2025-08-14 22:24:09.588108+00:00,29.667571313824737
2025-08-14 22:24:10.082470+00:00,29.657270185794914
2025-08-14 22:24:13.237154+00:00,29.662420749664307
2025-08-14 22:24:14.157840+00:00,29.667571313824737
2025-08-14 22:24:14.756046+00:00,29.667571313824737
2025-08-14 22:24:17.124404+00:00,29.667571313824737
2025-08-14 22:24:18.177972+00:00,29.662420749664307
2025-08-14 22:24:18.619958+00:00,29.672721878276207
2025-08-14 22:24:19.831816+00:00,29.667571313824737
2025-08-14 22:24:20.959304+00:00,29.667571313824737
2025-08-14 22:24:21.449919+00:00,29.662420749664307
2025-08-14 22:24:23.722151+00:00,29.662420749664307
2025-08-14 22:24:25.223151+00:00,29.662420749664307
2025-08-14 22:24:25.811135+00:00,29.662420749664307
2025-08-14 22:24:26.290329+00:00,29.672721878276207
2025-08-14 22:24:26.792288+00:00,29.667571313824737
2025-08-14 22:24:27.005301+00:00,29.672721878276207
2025-08-14 22:24:27.200359+00:00,29.672721878276207
2025-08-14 22:24:27.402512+00:00,29.677872443018714
2025-08-14 22:24:29.517323+00:00,29.672721878276207
2025-08-14 22:24:33.325043+00:00,29.662420749664307
2025-08-14 22:24:33.768675+00:00,29.667571313824737
2025-08-14 22:24:34.094522+00:00,29.667571313824737
2025-08-14 22:24:35.430519+00:00,29.667571313824737
2025-08-14 22:24:37.480743+00:00,29.672721878276207
2025-08-14 22:24:38.102925+00:00,29.662420749664307
2025-08-14 22:24:38.356356+00:00,29.672721878276207
2025-08-14 22:24:39.095413+00:00,29.667571313824737
2025-08-14 22:24:39.755075+00:00,29.667571313824737
2025-08-14 22:24:40.424240+00:00,29.672721878276207
2025-08-14 22:24:41.973420+00:00,29.677872443018714
2025-08-14 22:24:43.503184+00:00,29.667571313824737
2025-08-14 22:24:45.048509+00:00,29.667571313824737
2025-08-14 22:24:46.049669+00:00,29.677872443018714
2025-08-14 22:24:47.201366+00:00,29.667571313824737
2025-08-14 22:24:52.789102+00:00,29.662420749664307
2025-08-14 22:24:56.913239+00:00,29.667571313824737
2025-08-14 22:24:59.186889+00:00,29.662420749664307
2025-08-14 22:24:59.878399+00:00,29.662420749664307
2025-08-14 22:25:02.551563+00:00,29.662420749664307
2025-08-14 22:25:06.930379+00:00,29.662420749664307
2025-08-14 22:25:08.758571+00:00,29.657270185794914
2025-08-14 22:25:11.986167+00:00,29.657270185794914
2025-08-14 22:25:12.704294+00:00,29.65211962221656
2025-08-14 22:25:15.366381+00:00,29.65211962221656
2025-08-14 22:25:17.357206+00:00,29.636667933227727
2025-08-14 22:25:17.941941+00:00,29.657270185794914
2025-08-14 22:25:19.347122+00:00,29.657270185794914
2025-08-14 22:25:20.793249+00:00,29.662420749664307
2025-08-14 22:25:23.882579+00:00,29.65211962221656
2025-08-14 22:25:24.743313+00:00,29.657270185794914
2025-08-14 22:25:26.334471+00:00,29.641818495932966
2025-08-14 22:25:29.032251+00:00,29.65211962221656
2025-08-14 22:25:32.648152+00:00,29.657270185794914
2025-08-14 22:25:34.274621+00:00,29.657270185794914
2025-08-14 22:25:34.683916+00:00,29.65211962221656
2025-08-14 22:25:35.107897+00:00,29.657270185794914
2025-08-14 22:25:39.563803+00:00,29.65211962221656
2025-08-14 22:25:44.763085+00:00,29.672721878276207
2025-08-14 22:25:45.233269+00:00,29.667571313824737
2025-08-14 22:25:46.558256+00:00,29.667571313824737
2025-08-14 22:25:46.883673+00:00,29.662420749664307
2025-08-14 22:25:50.878857+00:00,29.662420749664307
2025-08-14 22:25:51.621061+00:00,29.662420749664307
2025-08-14 22:25:52.256926+00:00,29.657270185794914
2025-08-14 22:25:52.992955+00:00,29.662420749664307
2025-08-14 22:25:53.431200+00:00,29.667571313824737
2025-08-14 22:25:55.355636+00:00,29.657270185794914
2025-08-14 22:25:58.644189+00:00,29.667571313824737
2025-08-14 22:26:02.865690+00:00,29.662420749664307
2025-08-14 22:26:03.340448+00:00,29.667571313824737
2025-08-14 22:26:03.780421+00:00,29.667571313824737
2025-08-14 22:26:08.041643+00:00,29.667571313824737
2025-08-14 22:26:08.375758+00:00,29.662420749664307
2025-08-14 22:26:11.054838+00:00,29.672721878276207
2025-08-14 22:26:13.527406+00:00,29.667571313824737
2025-08-14 22:26:17.058425+00:00,29.672721878276207
2025-08-14 22:26:19.995189+00:00,29.672721878276207
2025-08-14 22:26:20.213705+00:00,29.677872443018714
2025-08-14 22:26:21.977227+00:00,29.672721878276207
2025-08-14 22:26:22.620087+00:00,29.667571313824737
2025-08-14 22:26:24.893201+00:00,29.672721878276207
2025-08-14 22:26:25.095641+00:00,29.672721878276207
2025-08-14 22:26:25.712917+00:00,29.667571313824737
2025-08-14 22:26:26.546801+00:00,29.672721878276207
2025-08-14 22:26:27.466459+00:00,29.667571313824737
2025-08-14 22:26:27.685148+00:00,29.693324138992466
2025-08-14 22:26:27.968770+00:00,29.68302300805226
2025-08-14 22:26:28.337353+00:00,29.688173573376844
2025-08-14 22:26:28.578822+00:00,29.672721878276207
2025-08-14 22:26:28.872452+00:00,29.68302300805226
2025-08-14 22:26:29.045708+00:00,29.688173573376844
2025-08-14 22:26:29.254772+00:00,29.677872443018714
2025-08-14 22:26:33.298545+00:00,29.667571313824737
2025-08-14 22:26:35.599262+00:00,29.662420749664307
2025-08-14 22:26:36.063079+00:00,29.662420749664307
2025-08-14 22:26:37.252870+00:00,29.677872443018714
2025-08-14 22:26:38.879415+00:00,29.677872443018714
2025-08-14 22:26:40.815234+00:00,29.672721878276207
2025-08-14 22:26:42.687791+00:00,29.667571313824737
2025-08-14 22:26:47.915318+00:00,29.672721878276207
2025-08-14 22:26:48.273868+00:00,29.667571313824737
2025-08-14 22:26:48.611303+00:00,29.68302300805226
2025-08-14 22:26:48.904033+00:00,29.677872443018714
2025-08-14 22:26:49.112329+00:00,29.677872443018714
2025-08-14 22:26:50.413047+00:00,29.68302300805226
2025-08-14 22:26:50.720038+00:00,29.68302300805226
2025-08-14 22:26:52.043313+00:00,29.677872443018714
2025-08-14 22:26:54.534324+00:00,29.677872443018714
2025-08-14 22:26:56.004302+00:00,29.68302300805226
2025-08-14 22:26:56.896934+00:00,29.672721878276207
2025-08-14 22:26:58.340319+00:00,29.68302300805226
2025-08-14 22:27:03.266911+00:00,29.688173573376844
2025-08-14 22:27:08.018635+00:00,29.672721878276207
2025-08-14 22:27:14.157535+00:00,29.677872443018714
2025-08-14 22:27:21.488106+00:00,29.677872443018714
2025-08-14 22:27:22.041324+00:00,29.672721878276207
2025-08-14 22:27:23.194524+00:00,29.677872443018714
2025-08-14 22:27:24.501964+00:00,29.672721878276207
2025-08-14 22:27:24.695171+00:00,29.677872443018714
2025-08-14 22:27:24.887010+00:00,29.68302300805226
2025-08-14 22:27:25.089892+00:00,29.68302300805226
2025-08-14 22:27:26.377036+00:00,29.68302300805226
2025-08-14 22:27:28.125635+00:00,29.672721878276207
2025-08-14 22:27:30.605007+00:00,29.68302300805226
2025-08-14 22:27:31.031579+00:00,29.677872443018714
2025-08-14 22:27:31.346249+00:00,29.672721878276207
2025-08-14 22:27:33.881694+00:00,29.677872443018714
2025-08-14 22:27:34.148879+00:00,29.667571313824737
2025-08-14 22:27:34.490234+00:00,29.677872443018714
2025-08-14 22:27:35.519829+00:00,29.667571313824737
2025-08-14 22:27:36.219969+00:00,29.672721878276207
2025-08-14 22:27:37.098832+00:00,29.677872443018714
2025-08-14 22:27:37.700256+00:00,29.677872443018714
2025-08-14 22:27:39.254140+00:00,29.672721878276207
2025-08-14 22:27:40.567112+00:00,29.672721878276207
2025-08-14 22:27:41.200582+00:00,29.68302300805226
2025-08-14 22:27:41.695064+00:00,29.672721878276207
2025-08-14 22:27:43.350830+00:00,29.68302300805226
2025-08-14 22:27:44.570750+00:00,29.677872443018714
2025-08-14 22:27:46.751810+00:00,29.672721878276207
2025-08-14 22:27:47.882131+00:00,29.672721878276207
2025-08-14 22:27:48.491267+00:00,29.667571313824737
2025-08-14 22:27:49.628021+00:00,29.672721878276207
2025-08-14 22:27:52.727210+00:00,29.677872443018714
2025-08-14 22:27:53.219857+00:00,29.677872443018714
2025-08-14 22:27:54.471672+00:00,29.672721878276207
2025-08-14 22:27:55.561166+00:00,29.667571313824737
2025-08-14 22:27:56.564002+00:00,29.672721878276207
2025-08-14 22:27:57.091084+00:00,29.672721878276207
2025-08-14 22:27:57.298546+00:00,29.672721878276207
2025-08-14 22:27:57.500275+00:00,29.677872443018714
2025-08-14 22:27:58.042864+00:00,29.667571313824737
2025-08-14 22:27:58.336489+00:00,29.672721878276207
2025-08-14 22:27:58.920261+00:00,29.667571313824737
2025-08-14 22:27:59.086241+00:00,29.672721878276207
2025-08-14 22:27:59.317850+00:00,29.667571313824737
2025-08-14 22:27:59.538367+00:00,29.677872443018714
2025-08-14 22:27:59.747530+00:00,29.672721878276207
2025-08-14 22:28:02.550777+00:00,29.667571313824737
2025-08-14 22:28:03.341702+00:00,29.662420749664307
2025-08-14 22:28:11.847538+00:00,29.672721878276207
2025-08-14 22:28:13.797161+00:00,29.662420749664307
2025-08-14 22:28:15.687463+00:00,29.662420749664307
2025-08-14 22:28:17.913300+00:00,29.667571313824737
2025-08-14 22:28:23.178764+00:00,29.672721878276207
2025-08-14 22:28:23.849791+00:00,29.662420749664307
2025-08-14 22:28:24.036686+00:00,29.677872443018714
2025-08-14 22:28:25.362789+00:00,29.662420749664307
2025-08-14 22:28:26.145158+00:00,29.667571313824737
2025-08-14 22:28:26.346690+00:00,29.677872443018714
2025-08-14 22:28:26.515507+00:00,29.672721878276207
2025-08-14 22:28:26.842980+00:00,29.677872443018714
2025-08-14 22:28:27.024800+00:00,29.672721878276207
2025-08-14 22:28:27.284329+00:00,29.677872443018714
2025-08-14 22:28:27.585912+00:00,29.677872443018714
2025-08-14 22:28:28.095405+00:00,29.672721878276207
2025-08-14 22:28:28.486838+00:00,29.672721878276207
2025-08-14 22:28:28.731398+00:00,29.662420749664307
2025-08-14 22:28:29.307664+00:00,29.672721878276207
2025-08-14 22:28:32.712086+00:00,29.667571313824737
2025-08-14 22:28:33.086146+00:00,29.677872443018714
2025-08-14 22:28:34.781195+00:00,29.672721878276207
2025-08-14 22:28:35.425825+00:00,29.677872443018714
2025-08-14 22:28:35.702481+00:00,29.677872443018714
2025-08-14 22:28:36.135224+00:00,29.662420749664307
2025-08-14 22:28:36.359803+00:00,29.672721878276207
2025-08-14 22:28:39.478041+00:00,29.672721878276207
2025-08-14 22:28:40.355157+00:00,29.672721878276207
2025-08-14 22:28:41.008172+00:00,29.667571313824737
2025-08-14 22:28:42.312133+00:00,29.662420749664307
2025-08-14 22:28:44.450625+00:00,29.662420749664307
2025-08-14 22:28:45.638976+00:00,29.667571313824737
2025-08-14 22:28:46.537123+00:00,29.677872443018714
2025-08-14 22:28:47.514102+00:00,29.662420749664307
2025-08-14 22:28:51.199977+00:00,29.662420749664307
2025-08-14 22:28:52.021574+00:00,29.667571313824737
2025-08-14 22:28:53.852686+00:00,29.672721878276207
2025-08-14 22:28:56.318397+00:00,29.667571313824737
2025-08-14 22:28:57.288218+00:00,29.677872443018714
2025-08-14 22:28:57.601310+00:00,29.677872443018714
2025-08-14 22:28:58.273844+00:00,29.672721878276207
2025-08-14 22:28:58.910312+00:00,29.672721878276207
2025-08-14 22:28:59.143618+00:00,29.657270185794914
2025-08-14 22:28:59.402782+00:00,29.667571313824737
2025-08-14 22:28:59.627977+00:00,29.68302300805226
2025-08-14 22:29:06.098307+00:00,29.667571313824737
2025-08-14 22:29:10.142318+00:00,29.677872443018714
2025-08-14 22:29:10.843947+00:00,29.662420749664307
2025-08-14 22:29:14.012975+00:00,29.672721878276207
2025-08-14 22:29:14.992838+00:00,29.672721878276207
2025-08-14 22:29:16.686756+00:00,29.677872443018714
2025-08-14 22:29:17.020537+00:00,29.672721878276207
2025-08-14 22:29:19.536903+00:00,29.672721878276207
2025-08-14 22:29:19.911716+00:00,29.672721878276207
2025-08-14 22:29:21.874891+00:00,29.662420749664307
2025-08-14 22:29:23.206718+00:00,29.672721878276207
2025-08-14 22:29:23.822230+00:00,29.662420749664307
2025-08-14 22:29:24.593551+00:00,29.672721878276207
2025-08-14 22:29:25.068903+00:00,29.667571313824737
2025-08-14 22:29:25.520156+00:00,29.672721878276207
2025-08-14 22:29:26.448420+00:00,29.68302300805226
2025-08-14 22:29:27.752736+00:00,29.667571313824737
2025-08-14 22:29:29.317978+00:00,29.677872443018714
2025-08-14 22:29:31.013323+00:00,29.672721878276207
2025-08-14 22:29:35.768358+00:00,29.677872443018714
2025-08-14 22:29:37.084643+00:00,29.672721878276207
2025-08-14 22:29:37.308925+00:00,29.68302300805226
2025-08-14 22:29:39.347540+00:00,29.68302300805226
2025-08-14 22:29:39.796756+00:00,29.688173573376844
2025-08-14 22:29:40.104460+00:00,29.677872443018714
2025-08-14 22:29:40.322532+00:00,29.68302300805226
2025-08-14 22:29:40.523695+00:00,29.68302300805226
2025-08-14 22:29:40.824470+00:00,29.688173573376844
2025-08-14 22:29:41.109147+00:00,29.693324138992466
2025-08-14 22:29:41.310626+00:00,29.693324138992466
2025-08-14 22:29:41.519973+00:00,29.698474704899127
2025-08-14 22:29:53.617520+00:00,29.677872443018714
2025-08-14 22:29:54.009469+00:00,29.688173573376844
2025-08-14 22:29:54.438936+00:00,29.688173573376844
2025-08-14 22:29:55.185678+00:00,29.688173573376844
2025-08-14 22:29:56.944391+00:00,29.667571313824737
2025-08-14 22:29:57.749050+00:00,29.68302300805226
2025-08-14 22:29:58.291838+00:00,29.672721878276207
2025-08-14 22:29:59.551518+00:00,29.677872443018714
2025-08-14 22:29:59.754493+00:00,29.672721878276207
2025-08-14 22:30:03.340960+00:00,29.672721878276207
2025-08-14 22:30:04.335060+00:00,29.672721878276207
2025-08-14 22:30:04.769628+00:00,29.677872443018714
2025-08-14 22:30:06.575584+00:00,29.677872443018714
2025-08-14 22:30:08.341214+00:00,29.68302300805226
2025-08-14 22:30:12.204384+00:00,29.677872443018714
2025-08-14 22:30:16.169613+00:00,29.667571313824737
2025-08-14 22:30:19.970666+00:00,29.672721878276207
2025-08-14 22:30:20.604528+00:00,29.667571313824737
2025-08-14 22:30:23.111045+00:00,29.667571313824737
2025-08-14 22:30:23.718929+00:00,29.662420749664307
2025-08-14 22:30:24.052763+00:00,29.677872443018714
2025-08-14 22:30:27.152709+00:00,29.667571313824737
2025-08-14 22:30:27.567768+00:00,29.657270185794914
2025-08-14 22:30:30.974919+00:00,29.662420749664307
2025-08-14 22:30:33.371786+00:00,29.657270185794914
2025-08-14 22:30:34.157772+00:00,29.657270185794914
2025-08-14 22:30:34.535144+00:00,29.662420749664307
2025-08-14 22:30:35.041316+00:00,29.672721878276207
2025-08-14 22:30:35.749731+00:00,29.662420749664307
2025-08-14 22:30:40.468637+00:00,29.657270185794914
2025-08-14 22:30:40.965904+00:00,29.65211962221656
2025-08-14 22:30:43.708424+00:00,29.65211962221656
2025-08-14 22:30:45.135040+00:00,29.65211962221656
2025-08-14 22:30:48.836612+00:00,29.646969058929244
2025-08-14 22:30:49.516459+00:00,29.65211962221656
2025-08-14 22:30:50.034791+00:00,29.641818495932966
2025-08-14 22:30:50.375826+00:00,29.657270185794914
2025-08-14 22:30:51.561831+00:00,29.65211962221656
2025-08-14 22:30:52.607262+00:00,29.657270185794914
2025-08-14 22:30:53.010953+00:00,29.65211962221656
2025-08-14 22:30:54.400576+00:00,29.641818495932966
2025-08-14 22:30:55.341590+00:00,29.641818495932966
2025-08-14 22:30:56.576533+00:00,29.641818495932966
2025-08-14 22:30:57.771153+00:00,29.65211962221656
2025-08-14 22:30:57.981810+00:00,29.641818495932966
2025-08-14 22:30:59.100787+00:00,29.646969058929244
2025-08-14 22:31:02.950683+00:00,29.662420749664307
2025-08-14 22:31:03.276152+00:00,29.646969058929244
2025-08-14 22:31:03.604007+00:00,29.657270185794914
2025-08-14 22:31:04.026419+00:00,29.65211962221656
2025-08-14 22:31:04.435197+00:00,29.65211962221656
2025-08-14 22:31:09.266695+00:00,29.641818495932966
2025-08-14 22:31:12.849889+00:00,29.646969058929244
2025-08-14 22:31:13.251598+00:00,29.65211962221656
2025-08-14 22:31:15.758464+00:00,29.641818495932966
2025-08-14 22:31:16.783655+00:00,29.65211962221656
2025-08-14 22:31:18.641701+00:00,29.631517370813526
2025-08-14 22:31:18.908113+00:00,29.631517370813526
2025-08-14 22:31:20.663541+00:00,29.641818495932966
2025-08-14 22:31:21.539482+00:00,29.641818495932966
2025-08-14 22:31:21.807796+00:00,29.646969058929244
2025-08-14 22:31:22.007325+00:00,29.646969058929244
2025-08-14 22:31:22.237402+00:00,29.65211962221656
2025-08-14 22:31:23.766264+00:00,29.641818495932966
2025-08-14 22:31:24.357993+00:00,29.641818495932966
2025-08-14 22:31:25.265473+00:00,29.65211962221656
2025-08-14 22:31:25.628159+00:00,29.65211962221656
2025-08-14 22:31:25.857553+00:00,29.662420749664307
2025-08-14 22:31:27.849141+00:00,29.65211962221656
2025-08-14 22:31:28.267635+00:00,29.65211962221656
2025-08-14 22:31:28.869809+00:00,29.65211962221656
2025-08-14 22:31:29.321282+00:00,29.65211962221656
2025-08-14 22:31:29.523924+00:00,29.657270185794914
2025-08-14 22:31:29.831745+00:00,29.657270185794914
2025-08-14 22:31:30.166741+00:00,29.65211962221656
2025-08-14 22:31:30.509251+00:00,29.65211962221656
2025-08-14 22:31:32.203049+00:00,29.65211962221656
2025-08-14 22:31:34.458477+00:00,29.646969058929244
2025-08-14 22:31:35.562463+00:00,29.65211962221656
2025-08-14 22:31:39.366272+00:00,29.65211962221656
2025-08-14 22:31:40.059974+00:00,29.646969058929244
2025-08-14 22:31:41.082312+00:00,29.65211962221656
2025-08-14 22:31:41.731802+00:00,29.65211962221656
2025-08-14 22:31:42.709165+00:00,29.65211962221656
2025-08-14 22:31:44.574021+00:00,29.65211962221656
2025-08-14 22:31:45.442721+00:00,29.65211962221656
2025-08-14 22:31:47.429436+00:00,29.646969058929244
2025-08-14 22:31:49.291437+00:00,29.641818495932966
2025-08-14 22:31:49.700071+00:00,29.65211962221656
2025-08-14 22:31:50.214197+00:00,29.646969058929244
2025-08-14 22:31:51.214347+00:00,29.646969058929244
2025-08-14 22:31:52.145901+00:00,29.657270185794914
2025-08-14 22:31:52.720377+00:00,29.65211962221656
2025-08-14 22:31:55.211163+00:00,29.646969058929244
2025-08-14 22:31:57.658573+00:00,29.657270185794914
2025-08-14 22:31:57.858465+00:00,29.657270185794914
2025-08-14 22:31:58.102332+00:00,29.657270185794914
2025-08-14 22:31:58.390293+00:00,29.662420749664307
2025-08-14 22:31:58.619733+00:00,29.657270185794914
2025-08-14 22:32:04.539734+00:00,29.657270185794914
2025-08-14 22:32:06.132765+00:00,29.65211962221656
2025-08-14 22:32:06.590150+00:00,29.641818495932966
2025-08-14 22:32:07.389981+00:00,29.641818495932966
2025-08-14 22:32:13.112653+00:00,29.65211962221656
2025-08-14 22:32:20.457532+00:00,29.646969058929244
2025-08-14 22:32:20.724242+00:00,29.662420749664307
2025-08-14 22:32:21.441089+00:00,29.65211962221656
2025-08-14 22:32:23.449640+00:00,29.65211962221656
2025-08-14 22:32:23.806386+00:00,29.65211962221656
2025-08-14 22:32:24.291793+00:00,29.657270185794914
2025-08-14 22:32:24.417286+00:00,29.662420749664307
2025-08-14 22:32:25.427987+00:00,29.65211962221656
2025-08-14 22:32:25.999790+00:00,29.65211962221656
2025-08-14 22:32:27.393366+00:00,29.641818495932966
2025-08-14 22:32:28.200987+00:00,29.65211962221656
2025-08-14 22:32:30.813119+00:00,29.646969058929244
2025-08-14 22:32:33.183958+00:00,29.657270185794914
2025-08-14 22:32:33.383870+00:00,29.662420749664307
2025-08-14 22:32:33.666348+00:00,29.667571313824737
2025-08-14 22:32:34.161176+00:00,29.662420749664307
2025-08-14 22:32:34.790867+00:00,29.662420749664307
2025-08-14 22:32:35.997773+00:00,29.65211962221656
2025-08-14 22:32:37.115168+00:00,29.662420749664307
2025-08-14 22:32:38.347791+00:00,29.65211962221656
2025-08-14 22:32:39.250196+00:00,29.65211962221656
2025-08-14 22:32:39.777524+00:00,29.65211962221656
2025-08-14 22:32:40.066834+00:00,29.662420749664307
2025-08-14 22:32:40.946435+00:00,29.662420749664307
2025-08-14 22:32:41.204337+00:00,29.65211962221656
2025-08-14 22:32:41.439885+00:00,29.662420749664307
2025-08-14 22:32:41.814454+00:00,29.636667933227727
2025-08-14 22:32:42.041018+00:00,29.667571313824737
2025-08-14 22:32:42.517586+00:00,29.672721878276207
2025-08-14 22:32:43.330705+00:00,29.662420749664307
2025-08-14 22:32:48.047569+00:00,29.667571313824737
2025-08-14 22:32:48.542131+00:00,29.662420749664307
2025-08-14 22:32:48.809424+00:00,29.65211962221656
2025-08-14 22:32:49.487598+00:00,29.662420749664307
2025-08-14 22:32:49.974404+00:00,29.641818495932966
2025-08-14 22:32:50.432585+00:00,29.65211962221656
2025-08-14 22:32:52.258934+00:00,29.65211962221656
2025-08-14 22:32:52.677599+00:00,29.657270185794914
2025-08-14 22:32:53.336533+00:00,29.662420749664307
2025-08-14 22:32:53.557173+00:00,29.657270185794914
2025-08-14 22:32:53.716533+00:00,29.662420749664307
2025-08-14 22:32:53.924316+00:00,29.662420749664307
2025-08-14 22:32:54.093637+00:00,29.667571313824737
2025-08-14 22:32:54.441486+00:00,29.667571313824737
2025-08-14 22:32:56.554238+00:00,29.662420749664307
2025-08-14 22:32:56.830897+00:00,29.65211962221656
2025-08-14 22:32:58.403131+00:00,29.657270185794914
2025-08-14 22:32:59.304676+00:00,29.65211962221656
2025-08-14 22:32:59.565195+00:00,29.657270185794914
2025-08-14 22:33:02.497519+00:00,29.657270185794914
2025-08-14 22:33:02.947327+00:00,29.662420749664307
2025-08-14 22:33:03.507084+00:00,29.65211962221656
2025-08-14 22:33:03.830159+00:00,29.65211962221656
2025-08-14 22:33:08.390361+00:00,29.65211962221656
2025-08-14 22:33:11.648266+00:00,29.657270185794914
2025-08-14 22:33:13.081569+00:00,29.657270185794914
2025-08-14 22:33:13.449000+00:00,29.646969058929244
2025-08-14 22:33:13.808597+00:00,29.657270185794914
2025-08-14 22:33:14.090117+00:00,29.657270185794914
2025-08-14 22:33:14.636358+00:00,29.646969058929244
2025-08-14 22:33:17.689039+00:00,29.65211962221656
2025-08-14 22:33:21.280544+00:00,29.646969058929244
2025-08-14 22:33:21.856366+00:00,29.646969058929244
2025-08-14 22:33:22.151875+00:00,29.657270185794914
2025-08-14 22:33:22.505778+00:00,29.657270185794914
2025-08-14 22:33:23.511872+00:00,29.65211962221656
2025-08-14 22:33:26.622384+00:00,29.646969058929244
2025-08-14 22:33:26.746429+00:00,29.65211962221656
2025-08-14 22:33:27.639698+00:00,29.646969058929244
2025-08-14 22:33:28.760795+00:00,29.646969058929244
2025-08-14 22:33:29.440857+00:00,29.657270185794914
2025-08-14 22:33:29.646955+00:00,29.657270185794914
2025-08-14 22:33:29.888730+00:00,29.657270185794914
2025-08-14 22:33:30.272657+00:00,29.662420749664307
2025-08-14 22:33:30.823678+00:00,29.65211962221656
2025-08-14 22:33:31.256785+00:00,29.657270185794914
2025-08-14 22:33:34.559903+00:00,29.65211962221656
2025-08-14 22:33:34.990895+00:00,29.657270185794914
2025-08-14 22:33:36.105758+00:00,29.662420749664307
2025-08-14 22:33:39.365340+00:00,29.65211962221656
2025-08-14 22:33:41.587956+00:00,29.65211962221656
2025-08-14 22:33:42.509541+00:00,29.65211962221656
2025-08-14 22:33:44.295048+00:00,29.641818495932966
2025-08-14 22:33:46.574124+00:00,29.657270185794914
2025-08-14 22:33:49.443679+00:00,29.657270185794914
2025-08-14 22:33:51.706112+00:00,29.65211962221656
2025-08-14 22:33:52.100914+00:00,29.65211962221656
2025-08-14 22:33:53.230636+00:00,29.646969058929244
2025-08-14 22:33:53.789668+00:00,29.657270185794914
2025-08-14 22:33:54.903525+00:00,29.646969058929244
2025-08-14 22:33:55.311257+00:00,29.65211962221656
2025-08-14 22:33:55.678569+00:00,29.662420749664307
2025-08-14 22:33:55.938115+00:00,29.65211962221656
2025-08-14 22:33:56.565249+00:00,29.65211962221656
2025-08-14 22:33:58.204468+00:00,29.65211962221656
2025-08-14 22:34:00.105524+00:00,29.65211962221656
2025-08-14 22:34:00.487426+00:00,29.657270185794914
2025-08-14 22:34:01.706301+00:00,29.65211962221656
2025-08-14 22:34:02.497580+00:00,29.65211962221656
2025-08-14 22:34:04.381757+00:00,29.657270185794914
2025-08-14 22:34:04.738642+00:00,29.65211962221656
2025-08-14 22:34:07.015411+00:00,29.657270185794914
2025-08-14 22:34:11.772808+00:00,29.646969058929244
2025-08-14 22:34:12.131539+00:00,29.641818495932966
2025-08-14 22:34:12.391197+00:00,29.657270185794914
2025-08-14 22:34:13.167479+00:00,29.657270185794914
2025-08-14 22:34:16.355271+00:00,29.657270185794914
2025-08-14 22:34:19.770095+00:00,29.65211962221656
2025-08-14 22:34:20.414347+00:00,29.657270185794914
2025-08-14 22:34:21.129487+00:00,29.646969058929244
2025-08-14 22:34:21.515792+00:00,29.641818495932966
2025-08-14 22:34:22.048297+00:00,29.641818495932966
2025-08-14 22:34:22.922481+00:00,29.641818495932966
2025-08-14 22:34:23.247501+00:00,29.65211962221656
2025-08-14 22:34:24.678794+00:00,29.646969058929244
2025-08-14 22:34:25.063803+00:00,29.65211962221656
2025-08-14 22:34:25.279773+00:00,29.662420749664307
2025-08-14 22:34:27.710258+00:00,29.65211962221656
2025-08-14 22:34:28.730442+00:00,29.646969058929244
2025-08-14 22:34:29.675438+00:00,29.662420749664307
2025-08-14 22:34:32.373843+00:00,29.646969058929244
2025-08-14 22:34:33.354578+00:00,29.646969058929244
2025-08-14 22:34:34.504268+00:00,29.65211962221656
2025-08-14 22:34:35.088077+00:00,29.641818495932966
2025-08-14 22:34:35.262200+00:00,29.65211962221656
2025-08-14 22:34:36.312241+00:00,29.65211962221656
2025-08-14 22:34:39.156146+00:00,29.646969058929244
2025-08-14 22:34:40.009392+00:00,29.641818495932966
2025-08-14 22:34:40.586006+00:00,29.641818495932966
2025-08-14 22:34:41.739253+00:00,29.641818495932966
2025-08-14 22:34:44.138680+00:00,29.646969058929244
2025-08-14 22:34:44.404138+00:00,29.641818495932966
2025-08-14 22:34:45.952944+00:00,29.631517370813526
2025-08-14 22:34:46.296332+00:00,29.641818495932966
2025-08-14 22:34:46.895007+00:00,29.631517370813526
2025-08-14 22:34:50.279890+00:00,29.636667933227727
2025-08-14 22:34:51.637510+00:00,29.641818495932966
2025-08-14 22:34:53.271135+00:00,29.641818495932966
2025-08-14 22:34:53.603940+00:00,29.641818495932966
2025-08-14 22:34:54.454269+00:00,29.641818495932966
2025-08-14 22:34:56.447168+00:00,29.646969058929244
2025-08-14 22:34:56.673912+00:00,29.631517370813526
2025-08-14 22:34:57.962487+00:00,29.626366808690364
2025-08-14 22:34:58.669879+00:00,29.631517370813526
2025-08-14 22:34:59.983458+00:00,29.62121624685824
2025-08-14 22:35:03.123958+00:00,29.631517370813526
2025-08-14 22:35:03.786161+00:00,29.636667933227727
2025-08-14 22:35:11.778522+00:00,29.641818495932966
2025-08-14 22:35:12.930658+00:00,29.631517370813526
2025-08-14 22:35:13.430027+00:00,29.626366808690364
2025-08-14 22:35:15.928304+00:00,29.65211962221656
2025-08-14 22:35:16.399962+00:00,29.641818495932966
2025-08-14 22:35:16.850960+00:00,29.641818495932966
2025-08-14 22:35:17.237531+00:00,29.646969058929244
2025-08-14 22:35:21.773117+00:00,29.65211962221656
2025-08-14 22:35:27.503496+00:00,29.641818495932966
2025-08-14 22:35:27.837215+00:00,29.636667933227727
2025-08-14 22:35:28.204690+00:00,29.636667933227727
2025-08-14 22:35:36.270196+00:00,29.636667933227727
2025-08-14 22:35:42.352909+00:00,29.636667933227727
2025-08-14 22:35:42.862549+00:00,29.636667933227727
2025-08-14 22:35:43.087248+00:00,29.626366808690364
2025-08-14 22:35:44.449860+00:00,29.636667933227727
2025-08-14 22:35:46.566405+00:00,29.631517370813526
2025-08-14 22:35:46.906104+00:00,29.631517370813526
2025-08-14 22:35:49.346821+00:00,29.636667933227727
2025-08-14 22:35:50.007405+00:00,29.636667933227727
2025-08-14 22:35:52.438893+00:00,29.636667933227727
2025-08-14 22:35:52.919253+00:00,29.631517370813526
2025-08-14 22:35:54.362118+00:00,29.636667933227727
2025-08-14 22:35:55.154391+00:00,29.646969058929244
2025-08-14 22:36:02.204733+00:00,29.641818495932966
2025-08-14 22:36:03.686785+00:00,29.641818495932966
2025-08-14 22:36:05.051509+00:00,29.631517370813526
2025-08-14 22:36:06.332117+00:00,29.636667933227727
2025-08-14 22:36:07.101513+00:00,29.631517370813526
2025-08-14 22:36:09.748788+00:00,29.631517370813526
2025-08-14 22:36:10.095021+00:00,29.646969058929244
2025-08-14 22:36:10.427981+00:00,29.641818495932966
2025-08-14 22:36:10.902804+00:00,29.65211962221656
2025-08-14 22:36:11.766849+00:00,29.646969058929244
2025-08-14 22:36:12.399068+00:00,29.641818495932966
2025-08-14 22:36:13.388487+00:00,29.641818495932966
2025-08-14 22:36:14.370215+00:00,29.641818495932966
2025-08-14 22:36:14.847993+00:00,29.641818495932966
2025-08-14 22:36:16.177686+00:00,29.631517370813526
2025-08-14 22:36:19.201223+00:00,29.646969058929244
2025-08-14 22:36:20.292921+00:00,29.636667933227727
2025-08-14 22:36:21.344762+00:00,29.646969058929244
2025-08-14 22:36:22.976697+00:00,29.65211962221656
2025-08-14 22:36:26.376475+00:00,29.646969058929244
2025-08-14 22:36:28.443108+00:00,29.65211962221656
2025-08-14 22:36:28.851725+00:00,29.636667933227727
2025-08-14 22:36:29.747002+00:00,29.641818495932966
2025-08-14 22:36:31.208720+00:00,29.65211962221656
2025-08-14 22:36:34.889353+00:00,29.646969058929244
2025-08-14 22:36:35.331654+00:00,29.65211962221656
2025-08-14 22:36:35.950229+00:00,29.65211962221656
2025-08-14 22:36:36.359079+00:00,29.65211962221656
2025-08-14 22:36:37.513467+00:00,29.65211962221656
2025-08-14 22:36:38.082485+00:00,29.657270185794914
2025-08-14 22:36:38.398211+00:00,29.65211962221656
2025-08-14 22:36:39.284319+00:00,29.657270185794914
2025-08-14 22:36:39.711022+00:00,29.646969058929244
2025-08-14 22:36:41.493932+00:00,29.641818495932966
2025-08-14 22:36:42.092839+00:00,29.646969058929244
2025-08-14 22:36:43.029203+00:00,29.641818495932966
2025-08-14 22:36:43.531818+00:00,29.657270185794914
2025-08-14 22:36:43.760285+00:00,29.65211962221656
2025-08-14 22:36:44.725926+00:00,29.641818495932966
2025-08-14 22:36:48.843380+00:00,29.657270185794914
2025-08-14 22:36:50.002018+00:00,29.65211962221656
2025-08-14 22:36:50.416128+00:00,29.65211962221656
2025-08-14 22:36:50.909326+00:00,29.646969058929244
2025-08-14 22:36:51.109179+00:00,29.641818495932966
2025-08-14 22:36:51.402485+00:00,29.646969058929244
2025-08-14 22:36:51.795778+00:00,29.65211962221656
2025-08-14 22:36:52.237710+00:00,29.65211962221656
2025-08-14 22:36:52.404993+00:00,29.65211962221656
2025-08-14 22:36:52.643126+00:00,29.65211962221656
2025-08-14 22:36:52.830766+00:00,29.662420749664307
2025-08-14 22:36:53.079984+00:00,29.657270185794914
2025-08-14 22:36:53.391079+00:00,29.657270185794914
2025-08-14 22:36:56.123550+00:00,29.65211962221656
2025-08-14 22:36:59.650488+00:00,29.657270185794914
2025-08-14 22:37:01.393653+00:00,29.657270185794914
2025-08-14 22:37:04.534924+00:00,29.657270185794914
2025-08-14 22:37:07.261746+00:00,29.646969058929244
2025-08-14 22:37:08.593403+00:00,29.641818495932966
2025-08-14 22:37:10.668918+00:00,29.657270185794914
2025-08-14 22:37:12.544574+00:00,29.657270185794914
2025-08-14 22:37:16.148637+00:00,29.657270185794914
2025-08-14 22:37:17.336076+00:00,29.65211962221656
2025-08-14 22:37:18.718239+00:00,29.662420749664307
2025-08-14 22:37:19.310807+00:00,29.65211962221656
2025-08-14 22:37:20.268789+00:00,29.657270185794914
2025-08-14 22:37:21.868978+00:00,29.646969058929244
2025-08-14 22:37:24.341089+00:00,29.646969058929244
2025-08-14 22:37:25.145137+00:00,29.662420749664307
2025-08-14 22:37:27.868518+00:00,29.657270185794914
2025-08-14 22:37:30.701519+00:00,29.65211962221656
2025-08-14 22:37:32.543466+00:00,29.662420749664307
2025-08-14 22:37:33.492534+00:00,29.662420749664307
2025-08-14 22:37:33.897897+00:00,29.65211962221656
2025-08-14 22:37:34.074024+00:00,29.662420749664307
2025-08-14 22:37:35.233487+00:00,29.65211962221656
2025-08-14 22:37:35.484258+00:00,29.667571313824737
2025-08-14 22:37:35.710535+00:00,29.662420749664307
2025-08-14 22:37:35.926702+00:00,29.667571313824737
2025-08-14 22:37:37.774021+00:00,29.657270185794914
2025-08-14 22:37:39.446174+00:00,29.662420749664307
2025-08-14 22:37:39.751926+00:00,29.662420749664307
2025-08-14 22:37:41.158119+00:00,29.662420749664307
2025-08-14 22:37:41.385303+00:00,29.667571313824737
2025-08-14 22:37:43.031111+00:00,29.672721878276207
2025-08-14 22:37:43.624564+00:00,29.672721878276207
2025-08-14 22:37:43.935424+00:00,29.662420749664307
2025-08-14 22:37:44.160083+00:00,29.672721878276207
2025-08-14 22:37:45.266132+00:00,29.631517370813526
2025-08-14 22:37:47.424037+00:00,29.662420749664307
2025-08-14 22:37:48.001722+00:00,29.657270185794914
2025-08-14 22:37:49.520753+00:00,29.662420749664307
2025-08-14 22:37:50.851293+00:00,29.662420749664307
2025-08-14 22:37:55.281737+00:00,29.667571313824737
2025-08-14 22:37:56.834742+00:00,29.662420749664307
2025-08-14 22:37:57.609981+00:00,29.667571313824737
2025-08-14 22:37:58.291680+00:00,29.667571313824737
2025-08-14 22:38:01.822662+00:00,29.672721878276207
2025-08-14 22:38:04.266486+00:00,29.667571313824737
2025-08-14 22:38:06.842260+00:00,29.657270185794914
2025-08-14 22:38:10.692015+00:00,29.667571313824737
2025-08-14 22:38:12.210996+00:00,29.662420749664307
2025-08-14 22:38:12.858958+00:00,29.667571313824737
2025-08-14 22:38:13.353390+00:00,29.672721878276207
2025-08-14 22:38:14.072931+00:00,29.662420749664307
2025-08-14 22:38:14.742599+00:00,29.662420749664307
2025-08-14 22:38:15.393013+00:00,29.662420749664307
2025-08-14 22:38:16.223134+00:00,29.662420749664307
2025-08-14 22:38:18.208591+00:00,29.662420749664307
2025-08-14 22:38:18.561733+00:00,29.667571313824737
2025-08-14 22:38:19.109224+00:00,29.672721878276207
2025-08-14 22:38:19.692503+00:00,29.667571313824737
2025-08-14 22:38:20.940114+00:00,29.662420749664307
2025-08-14 22:38:22.786343+00:00,29.662420749664307
2025-08-14 22:38:23.213489+00:00,29.662420749664307
2025-08-14 22:38:24.616825+00:00,29.667571313824737
2025-08-14 22:38:25.736597+00:00,29.65211962221656
2025-08-14 22:38:27.567077+00:00,29.662420749664307
2025-08-14 22:38:28.931871+00:00,29.662420749664307
2025-08-14 22:38:33.267418+00:00,29.65211962221656
2025-08-14 22:38:35.078277+00:00,29.65211962221656
2025-08-14 22:38:35.587891+00:00,29.65211962221656
2025-08-14 22:38:35.964564+00:00,29.657270185794914
2025-08-14 22:38:36.843292+00:00,29.641818495932966
2025-08-14 22:38:37.244010+00:00,29.65211962221656
2025-08-14 22:38:38.396491+00:00,29.65211962221656
2025-08-14 22:38:39.702852+00:00,29.65211962221656
2025-08-14 22:38:41.023514+00:00,29.646969058929244
2025-08-14 22:38:41.958874+00:00,29.641818495932966
2025-08-14 22:38:42.394386+00:00,29.646969058929244
2025-08-14 22:38:42.952312+00:00,29.646969058929244
2025-08-14 22:38:45.142938+00:00,29.646969058929244
2025-08-14 22:38:45.964881+00:00,29.657270185794914
2025-08-14 22:38:46.281830+00:00,29.65211962221656
2025-08-14 22:38:46.641785+00:00,29.646969058929244
2025-08-14 22:38:50.138729+00:00,29.65211962221656
2025-08-14 22:38:50.592934+00:00,29.657270185794914
2025-08-14 22:38:51.885858+00:00,29.641818495932966
2025-08-14 22:38:52.462299+00:00,29.641818495932966
2025-08-14 22:38:53.223379+00:00,29.65211962221656
2025-08-14 22:38:54.217697+00:00,29.641818495932966
2025-08-14 22:38:55.436514+00:00,29.636667933227727
2025-08-14 22:38:56.656973+00:00,29.646969058929244
2025-08-14 22:38:57.735153+00:00,29.65211962221656
2025-08-14 22:38:58.008261+00:00,29.657270185794914
2025-08-14 22:38:58.990741+00:00,29.657270185794914
2025-08-14 22:39:00.954403+00:00,29.646969058929244
2025-08-14 22:39:02.013189+00:00,29.646969058929244
2025-08-14 22:39:02.709465+00:00,29.657270185794914
2025-08-14 22:39:03.072116+00:00,29.657270185794914
2025-08-14 22:39:04.948486+00:00,29.641818495932966
2025-08-14 22:39:05.390364+00:00,29.65211962221656
2025-08-14 22:39:07.006331+00:00,29.646969058929244
2025-08-14 22:39:09.414329+00:00,29.65211962221656
2025-08-14 22:39:11.302206+00:00,29.65211962221656
2025-08-14 22:39:13.202539+00:00,29.641818495932966
2025-08-14 22:39:13.878390+00:00,29.646969058929244
2025-08-14 22:39:15.508697+00:00,29.636667933227727
2025-08-14 22:39:16.648494+00:00,29.646969058929244
2025-08-14 22:39:17.691954+00:00,29.636667933227727
2025-08-14 22:39:18.717737+00:00,29.641818495932966
2025-08-14 22:39:19.450253+00:00,29.631517370813526
2025-08-14 22:39:19.745045+00:00,29.636667933227727
2025-08-14 22:39:20.865535+00:00,29.641818495932966
2025-08-14 22:39:22.520556+00:00,29.636667933227727
2025-08-14 22:39:23.747246+00:00,29.631517370813526
2025-08-14 22:39:24.256850+00:00,29.631517370813526
2025-08-14 22:39:25.625141+00:00,29.65211962221656
2025-08-14 22:39:26.757464+00:00,29.631517370813526
2025-08-14 22:39:27.684027+00:00,29.641818495932966
2025-08-14 22:39:28.212235+00:00,29.646969058929244
2025-08-14 22:39:29.623406+00:00,29.641818495932966
2025-08-14 22:39:30.257751+00:00,29.636667933227727
2025-08-14 22:39:32.318060+00:00,29.631517370813526
2025-08-14 22:39:36.626018+00:00,29.631517370813526
2025-08-14 22:39:36.813496+00:00,29.631517370813526
2025-08-14 22:39:37.131966+00:00,29.641818495932966
2025-08-14 22:39:37.874885+00:00,29.626366808690364
2025-08-14 22:39:38.866543+00:00,29.636667933227727
2025-08-14 22:39:39.018732+00:00,29.636667933227727
2025-08-14 22:39:39.337577+00:00,29.636667933227727
2025-08-14 22:39:39.629203+00:00,29.636667933227727
2025-08-14 22:39:41.761089+00:00,29.631517370813526
2025-08-14 22:39:42.509336+00:00,29.626366808690364
2025-08-14 22:39:43.282446+00:00,29.626366808690364
2025-08-14 22:39:44.204044+00:00,29.636667933227727
2025-08-14 22:39:45.440586+00:00,29.631517370813526
2025-08-14 22:39:45.829557+00:00,29.62121624685824
2025-08-14 22:39:48.253637+00:00,29.631517370813526
2025-08-14 22:39:49.623953+00:00,29.626366808690364
2025-08-14 22:39:51.046063+00:00,29.62121624685824
2025-08-14 22:39:51.797949+00:00,29.626366808690364
2025-08-14 22:39:52.466574+00:00,29.626366808690364
2025-08-14 22:39:52.926863+00:00,29.631517370813526
2025-08-14 22:39:53.102178+00:00,29.631517370813526
2025-08-14 22:39:53.587234+00:00,29.636667933227727
2025-08-14 22:39:56.107896+00:00,29.62121624685824
2025-08-14 22:39:57.422110+00:00,29.626366808690364
2025-08-14 22:39:59.133980+00:00,29.62121624685824
2025-08-14 22:39:59.899304+00:00,29.616065685317153
2025-08-14 22:40:00.279674+00:00,29.62121624685824
2025-08-14 22:40:00.639587+00:00,29.626366808690364
2025-08-14 22:40:03.545875+00:00,29.62121624685824
2025-08-14 22:40:12.845846+00:00,29.62121624685824
2025-08-14 22:40:13.461905+00:00,29.631517370813526
2025-08-14 22:40:13.921178+00:00,29.631517370813526
2025-08-14 22:40:14.539917+00:00,29.631517370813526
2025-08-14 22:40:15.023280+00:00,29.631517370813526
2025-08-14 22:40:15.374453+00:00,29.626366808690364
2025-08-14 22:40:15.793694+00:00,29.631517370813526
2025-08-14 22:40:16.297123+00:00,29.62121624685824
2025-08-14 22:40:17.148501+00:00,29.631517370813526
2025-08-14 22:40:17.621822+00:00,29.631517370813526
2025-08-14 22:40:18.023895+00:00,29.631517370813526
2025-08-14 22:40:18.408057+00:00,29.631517370813526
2025-08-14 22:40:18.973354+00:00,29.631517370813526
2025-08-14 22:40:22.354473+00:00,29.631517370813526
2025-08-14 22:40:22.942968+00:00,29.631517370813526
2025-08-14 22:40:25.971454+00:00,29.631517370813526
2025-08-14 22:40:29.318028+00:00,29.641818495932966
2025-08-14 22:40:30.496136+00:00,29.631517370813526
2025-08-14 22:40:31.450313+00:00,29.641818495932966
2025-08-14 22:40:38.535882+00:00,29.631517370813526
2025-08-14 22:40:43.393799+00:00,29.636667933227727
2025-08-14 22:40:43.662919+00:00,29.636667933227727
2025-08-14 22:40:43.874184+00:00,29.636667933227727
2025-08-14 22:40:44.077996+00:00,29.631517370813526
2025-08-14 22:40:44.280417+00:00,29.636667933227727
2025-08-14 22:40:44.504939+00:00,29.646969058929244
2025-08-14 22:40:44.740349+00:00,29.641818495932966
2025-08-14 22:40:50.681009+00:00,29.631517370813526
2025-08-14 22:40:51.231941+00:00,29.631517370813526
2025-08-14 22:40:52.794993+00:00,29.62121624685824
2025-08-14 22:40:54.981392+00:00,29.641818495932966
2025-08-14 22:40:57.232236+00:00,29.641818495932966
2025-08-14 22:40:58.436912+00:00,29.641818495932966
2025-08-14 22:40:58.738749+00:00,29.641818495932966
2025-08-14 22:40:59.246921+00:00,29.641818495932966
2025-08-14 22:40:59.582014+00:00,29.641818495932966
2025-08-14 22:41:00.634518+00:00,29.641818495932966
2025-08-14 22:41:01.087045+00:00,29.641818495932966
2025-08-14 22:41:01.419789+00:00,29.636667933227727
2025-08-14 22:41:06.065729+00:00,29.631517370813526
2025-08-14 22:41:06.702029+00:00,29.631517370813526
2025-08-14 22:41:07.297482+00:00,29.641818495932966
2025-08-14 22:41:07.836149+00:00,29.636667933227727
2025-08-14 22:41:08.549325+00:00,29.626366808690364
2025-08-14 22:41:09.640108+00:00,29.631517370813526
2025-08-14 22:41:12.046764+00:00,29.646969058929244
2025-08-14 22:41:13.201942+00:00,29.631517370813526
2025-08-14 22:41:13.841833+00:00,29.631517370813526
2025-08-14 22:41:14.301279+00:00,29.641818495932966
2025-08-14 22:41:20.285360+00:00,29.636667933227727
2025-08-14 22:41:20.761995+00:00,29.641818495932966
2025-08-14 22:41:21.086534+00:00,29.646969058929244
2025-08-14 22:41:21.390179+00:00,29.631517370813526
2025-08-14 22:41:22.698124+00:00,29.641818495932966
2025-08-14 22:41:22.976556+00:00,29.641818495932966
2025-08-14 22:41:23.663095+00:00,29.636667933227727
2025-08-14 22:41:24.004348+00:00,29.641818495932966
2025-08-14 22:41:24.252544+00:00,29.641818495932966
2025-08-14 22:41:24.488668+00:00,29.646969058929244
2025-08-14 22:41:26.218063+00:00,29.657270185794914
2025-08-14 22:41:27.062990+00:00,29.631517370813526
2025-08-14 22:41:27.278346+00:00,29.65211962221656
2025-08-14 22:41:27.638324+00:00,29.641818495932966
2025-08-14 22:41:28.422264+00:00,29.636667933227727
2025-08-14 22:41:28.822744+00:00,29.641818495932966
2025-08-14 22:41:33.200585+00:00,29.631517370813526
2025-08-14 22:41:34.322215+00:00,29.631517370813526
2025-08-14 22:41:34.681927+00:00,29.636667933227727
2025-08-14 22:41:35.279086+00:00,29.636667933227727
2025-08-14 22:41:41.965112+00:00,29.626366808690364
2025-08-14 22:41:46.569353+00:00,29.636667933227727
2025-08-14 22:41:47.610948+00:00,29.631517370813526
2025-08-14 22:41:49.824010+00:00,29.626366808690364
2025-08-14 22:41:50.857988+00:00,29.626366808690364
2025-08-14 22:41:51.592785+00:00,29.631517370813526
2025-08-14 22:41:53.481687+00:00,29.626366808690364
2025-08-14 22:41:53.967490+00:00,29.626366808690364
2025-08-14 22:41:55.479695+00:00,29.626366808690364
2025-08-14 22:41:57.252961+00:00,29.626366808690364
2025-08-14 22:41:58.229195+00:00,29.626366808690364
2025-08-14 22:41:58.487149+00:00,29.626366808690364
2025-08-14 22:41:58.613681+00:00,29.636667933227727
2025-08-14 22:41:58.906092+00:00,29.641818495932966
2025-08-14 22:41:59.046329+00:00,29.641818495932966
2025-08-14 22:41:59.363421+00:00,29.636667933227727
2025-08-14 22:41:59.589829+00:00,29.626366808690364
2025-08-14 22:41:59.816574+00:00,29.631517370813526
2025-08-14 22:41:59.999210+00:00,29.636667933227727
2025-08-14 22:42:00.293940+00:00,29.626366808690364
2025-08-14 22:42:02.859191+00:00,29.631517370813526
2025-08-14 22:42:06.585479+00:00,29.626366808690364
2025-08-14 22:42:07.945481+00:00,29.610915124067105
2025-08-14 22:42:09.082049+00:00,29.616065685317153
2025-08-14 22:42:09.893640+00:00,29.62121624685824
2025-08-14 22:42:12.646175+00:00,29.62121624685824
2025-08-14 22:42:12.981054+00:00,29.631517370813526
2025-08-14 22:42:14.663172+00:00,29.626366808690364
2025-08-14 22:42:15.336453+00:00,29.62121624685824
2025-08-14 22:42:15.696974+00:00,29.62121624685824
2025-08-14 22:42:18.919093+00:00,29.631517370813526
2025-08-14 22:42:19.610355+00:00,29.631517370813526
2025-08-14 22:42:19.838528+00:00,29.626366808690364
2025-08-14 22:42:20.720383+00:00,29.626366808690364
2025-08-14 22:42:21.279785+00:00,29.626366808690364
2025-08-14 22:42:24.634585+00:00,29.636667933227727
2025-08-14 22:42:24.946335+00:00,29.631517370813526
2025-08-14 22:42:28.312938+00:00,29.636667933227727
2025-08-14 22:42:29.330788+00:00,29.62121624685824
2025-08-14 22:42:31.032421+00:00,29.626366808690364
2025-08-14 22:42:34.901940+00:00,29.626366808690364
2025-08-14 22:42:38.504696+00:00,29.631517370813526
2025-08-14 22:42:39.276112+00:00,29.62121624685824
2025-08-14 22:42:39.686494+00:00,29.631517370813526
2025-08-14 22:42:42.485634+00:00,29.616065685317153
2025-08-14 22:42:44.109011+00:00,29.62121624685824
2025-08-14 22:42:44.478517+00:00,29.616065685317153
2025-08-14 22:42:47.056129+00:00,29.626366808690364
2025-08-14 22:42:47.794570+00:00,29.610915124067105
2025-08-14 22:42:49.481159+00:00,29.62121624685824
2025-08-14 22:42:50.537852+00:00,29.62121624685824
2025-08-14 22:42:51.119090+00:00,29.62121624685824
2025-08-14 22:42:51.721026+00:00,29.610915124067105
2025-08-14 22:42:54.469420+00:00,29.616065685317153
2025-08-14 22:42:56.351267+00:00,29.610915124067105
2025-08-14 22:42:58.390253+00:00,29.62121624685824
2025-08-14 22:42:59.692624+00:00,29.610915124067105
2025-08-14 22:43:00.500317+00:00,29.610915124067105
2025-08-14 22:43:01.217073+00:00,29.62121624685824
2025-08-14 22:43:03.148388+00:00,29.610915124067105
2025-08-14 22:43:04.916730+00:00,29.616065685317153
2025-08-14 22:43:07.000487+00:00,29.62121624685824
2025-08-14 22:43:08.725648+00:00,29.62121624685824
2025-08-14 22:43:12.586226+00:00,29.631517370813526
2025-08-14 22:43:14.047277+00:00,29.62121624685824
2025-08-14 22:43:16.658659+00:00,29.616065685317153
2025-08-14 22:43:17.341918+00:00,29.610915124067105
2025-08-14 22:43:19.864555+00:00,29.62121624685824
2025-08-14 22:43:21.026873+00:00,29.610915124067105
2025-08-14 22:43:22.204250+00:00,29.626366808690364
2025-08-14 22:43:22.388362+00:00,29.631517370813526
2025-08-14 22:43:22.637090+00:00,29.631517370813526
2025-08-14 22:43:22.870593+00:00,29.631517370813526
2025-08-14 22:43:23.153327+00:00,29.636667933227727
2025-08-14 22:43:23.386430+00:00,29.641818495932966
2025-08-14 22:43:25.932398+00:00,29.631517370813526
2025-08-14 22:43:26.487484+00:00,29.62121624685824
2025-08-14 22:43:27.276991+00:00,29.631517370813526
2025-08-14 22:43:27.652924+00:00,29.62121624685824
2025-08-14 22:43:29.142285+00:00,29.631517370813526
2025-08-14 22:43:29.769358+00:00,29.631517370813526
2025-08-14 22:43:30.545691+00:00,29.626366808690364
2025-08-14 22:43:35.266478+00:00,29.626366808690364
2025-08-14 22:43:36.175720+00:00,29.631517370813526
2025-08-14 22:43:37.344096+00:00,29.626366808690364
2025-08-14 22:43:38.520600+00:00,29.631517370813526
2025-08-14 22:43:39.276511+00:00,29.626366808690364
2025-08-14 22:43:41.278125+00:00,29.626366808690364
2025-08-14 22:43:42.203503+00:00,29.631517370813526
2025-08-14 22:43:45.941764+00:00,29.631517370813526
2025-08-14 22:43:46.502028+00:00,29.626366808690364
2025-08-14 22:43:48.764258+00:00,29.636667933227727
2025-08-14 22:43:49.177976+00:00,29.62121624685824
2025-08-14 22:43:50.385559+00:00,29.631517370813526
2025-08-14 22:43:51.319215+00:00,29.62121624685824
2025-08-14 22:43:53.437520+00:00,29.626366808690364
2025-08-14 22:43:53.653544+00:00,29.626366808690364
2025-08-14 22:43:53.890357+00:00,29.616065685317153
2025-08-14 22:43:55.436763+00:00,29.631517370813526
2025-08-14 22:43:58.213751+00:00,29.610915124067105
2025-08-14 22:43:59.315286+00:00,29.631517370813526
2025-08-14 22:44:01.590406+00:00,29.626366808690364
2025-08-14 22:44:04.786241+00:00,29.626366808690364
2025-08-14 22:44:05.557818+00:00,29.62121624685824
2025-08-14 22:44:07.058273+00:00,29.62121624685824
2025-08-14 22:44:12.901194+00:00,29.62121624685824
2025-08-14 22:44:13.723176+00:00,29.62121624685824
2025-08-14 22:44:16.974803+00:00,29.616065685317153
2025-08-14 22:44:17.667819+00:00,29.62121624685824
2025-08-14 22:44:18.006565+00:00,29.631517370813526
2025-08-14 22:44:18.344683+00:00,29.62121624685824
2025-08-14 22:44:20.335807+00:00,29.62121624685824
2025-08-14 22:44:21.252134+00:00,29.62121624685824
2025-08-14 22:44:21.983905+00:00,29.626366808690364
2025-08-14 22:44:22.217357+00:00,29.626366808690364
2025-08-14 22:44:22.535882+00:00,29.626366808690364
2025-08-14 22:44:23.385308+00:00,29.631517370813526
2025-08-14 22:44:24.400027+00:00,29.62121624685824
2025-08-14 22:44:25.284182+00:00,29.626366808690364
2025-08-14 22:44:25.737570+00:00,29.626366808690364
2025-08-14 22:44:26.229303+00:00,29.626366808690364
2025-08-14 22:44:27.959199+00:00,29.631517370813526
2025-08-14 22:44:28.613259+00:00,29.62121624685824
2025-08-14 22:44:29.601294+00:00,29.616065685317153
2025-08-14 22:44:30.709787+00:00,29.631517370813526
2025-08-14 22:44:33.230508+00:00,29.610915124067105
2025-08-14 22:44:33.916910+00:00,29.62121624685824
2025-08-14 22:44:35.063136+00:00,29.616065685317153
2025-08-14 22:44:36.776065+00:00,29.62121624685824
2025-08-14 22:44:37.418406+00:00,29.616065685317153
2025-08-14 22:44:40.267674+00:00,29.62121624685824
2025-08-14 22:44:40.965224+00:00,29.62121624685824
2025-08-14 22:44:42.560541+00:00,29.616065685317153
2025-08-14 22:44:43.732915+00:00,29.616065685317153
2025-08-14 22:44:47.390898+00:00,29.62121624685824
2025-08-14 22:44:49.481516+00:00,29.616065685317153
2025-08-14 22:44:51.075443+00:00,29.62121624685824
2025-08-14 22:44:51.861790+00:00,29.646969058929244
2025-08-14 22:44:54.943117+00:00,29.616065685317153
2025-08-14 22:44:55.054445+00:00,29.616065685317153
2025-08-14 22:44:56.767520+00:00,29.616065685317153
2025-08-14 22:44:58.790929+00:00,29.610915124067105
2025-08-14 22:45:02.015231+00:00,29.616065685317153
2025-08-14 22:45:02.592466+00:00,29.610915124067105
2025-08-14 22:45:04.930328+00:00,29.62121624685824
2025-08-14 22:45:05.402698+00:00,29.610915124067105
2025-08-14 22:45:05.930688+00:00,29.62121624685824
2025-08-14 22:45:07.031073+00:00,29.62121624685824
2025-08-14 22:45:07.464690+00:00,29.616065685317153
2025-08-14 22:45:12.609029+00:00,29.605764563108096
2025-08-14 22:45:15.719814+00:00,29.600614002440125
2025-08-14 22:45:17.865262+00:00,29.616065685317153
2025-08-14 22:45:21.756368+00:00,29.600614002440125
2025-08-14 22:45:23.430078+00:00,29.600614002440125
2025-08-14 22:45:25.030511+00:00,29.605764563108096
2025-08-14 22:45:26.050482+00:00,29.600614002440125
2025-08-14 22:45:27.036360+00:00,29.600614002440125
2025-08-14 22:45:28.783645+00:00,29.600614002440125
2025-08-14 22:45:30.173277+00:00,29.590312881977297
2025-08-14 22:45:31.413849+00:00,29.595463442063192
2025-08-14 22:45:33.538662+00:00,29.600614002440125
2025-08-14 22:45:34.899621+00:00,29.600614002440125
2025-08-14 22:45:35.321861+00:00,29.605764563108096
2025-08-14 22:45:35.731301+00:00,29.600614002440125
2025-08-14 22:45:37.983411+00:00,29.595463442063192
2025-08-14 22:45:38.848689+00:00,29.605764563108096
2025-08-14 22:45:39.976096+00:00,29.595463442063192
2025-08-14 22:45:40.179513+00:00,29.600614002440125
2025-08-14 22:45:42.863472+00:00,29.605764563108096
2025-08-14 22:45:47.099027+00:00,29.62121624685824
2025-08-14 22:45:52.145499+00:00,29.600614002440125
2025-08-14 22:45:52.866555+00:00,29.595463442063192
2025-08-14 22:45:53.242231+00:00,29.600614002440125
2025-08-14 22:45:53.958172+00:00,29.616065685317153
2025-08-14 22:45:54.960526+00:00,29.600614002440125
2025-08-14 22:45:55.951584+00:00,29.610915124067105
2025-08-14 22:45:58.711708+00:00,29.605764563108096
2025-08-14 22:45:59.474136+00:00,29.610915124067105
2025-08-14 22:46:00.413798+00:00,29.590312881977297
2025-08-14 22:46:04.455944+00:00,29.600614002440125
2025-08-14 22:46:06.071589+00:00,29.610915124067105
2025-08-14 22:46:08.270916+00:00,29.610915124067105
2025-08-14 22:46:09.255169+00:00,29.610915124067105
2025-08-14 22:46:11.004416+00:00,29.610915124067105
2025-08-14 22:46:11.881843+00:00,29.616065685317153
2025-08-14 22:46:14.658057+00:00,29.605764563108096
2025-08-14 22:46:15.636791+00:00,29.626366808690364
2025-08-14 22:46:19.577326+00:00,29.610915124067105
2025-08-14 22:46:21.584711+00:00,29.616065685317153
2025-08-14 22:46:21.850447+00:00,29.62121624685824
2025-08-14 22:46:23.140735+00:00,29.62121624685824
2025-08-14 22:46:23.516031+00:00,29.62121624685824
2025-08-14 22:46:23.975822+00:00,29.62121624685824
2025-08-14 22:46:24.643671+00:00,29.62121624685824
2025-08-14 22:46:25.874109+00:00,29.616065685317153
2025-08-14 22:46:27.583687+00:00,29.626366808690364
2025-08-14 22:46:28.662412+00:00,29.62121624685824
2025-08-14 22:46:29.422203+00:00,29.616065685317153
2025-08-14 22:46:29.748544+00:00,29.626366808690364
2025-08-14 22:46:31.530372+00:00,29.62121624685824
2025-08-14 22:46:33.860321+00:00,29.631517370813526
2025-08-14 22:46:34.778673+00:00,29.626366808690364
2025-08-14 22:46:36.196064+00:00,29.631517370813526
2025-08-14 22:46:37.561626+00:00,29.641818495932966
2025-08-14 22:46:37.785955+00:00,29.641818495932966
2025-08-14 22:46:38.011381+00:00,29.636667933227727
2025-08-14 22:46:38.413202+00:00,29.636667933227727
2025-08-14 22:46:38.633593+00:00,29.65211962221656
2025-08-14 22:46:40.007240+00:00,29.646969058929244
2025-08-14 22:46:40.935683+00:00,29.631517370813526
2025-08-14 22:46:41.649808+00:00,29.626366808690364
2025-08-14 22:46:43.041781+00:00,29.62121624685824
2025-08-14 22:46:43.266213+00:00,29.636667933227727
2025-08-14 22:46:43.566690+00:00,29.641818495932966
2025-08-14 22:46:51.536903+00:00,29.62121624685824
2025-08-14 22:46:52.155557+00:00,29.631517370813526
2025-08-14 22:46:53.908032+00:00,29.62121624685824
2025-08-14 22:46:54.144121+00:00,29.631517370813526
2025-08-14 22:46:54.554488+00:00,29.636667933227727
2025-08-14 22:46:54.916244+00:00,29.631517370813526
2025-08-14 22:46:55.798293+00:00,29.631517370813526
2025-08-14 22:46:56.790399+00:00,29.626366808690364
2025-08-14 22:46:57.483032+00:00,29.62121624685824
2025-08-14 22:46:57.821694+00:00,29.631517370813526
2025-08-14 22:46:58.055597+00:00,29.631517370813526
2025-08-14 22:46:58.306368+00:00,29.636667933227727
2025-08-14 22:46:58.415133+00:00,29.626366808690364
2025-08-14 22:46:58.640432+00:00,29.646969058929244
2025-08-14 22:46:59.017268+00:00,29.62121624685824
2025-08-14 22:46:59.635670+00:00,29.631517370813526
2025-08-14 22:47:00.382591+00:00,29.631517370813526
2025-08-14 22:47:01.544094+00:00,29.631517370813526
2025-08-14 22:47:03.896140+00:00,29.62121624685824
2025-08-14 22:47:05.384896+00:00,29.626366808690364
2025-08-14 22:47:06.068015+00:00,29.62121624685824
2025-08-14 22:47:09.378637+00:00,29.631517370813526
2025-08-14 22:47:11.886417+00:00,29.631517370813526
2025-08-14 22:47:12.459484+00:00,29.62121624685824
2025-08-14 22:47:13.125092+00:00,29.631517370813526
2025-08-14 22:47:15.719733+00:00,29.626366808690364
2025-08-14 22:47:17.371382+00:00,29.631517370813526
2025-08-14 22:47:20.238217+00:00,29.631517370813526
2025-08-14 22:47:20.849750+00:00,29.626366808690364
2025-08-14 22:47:21.483914+00:00,29.626366808690364
2025-08-14 22:47:21.944027+00:00,29.626366808690364
2025-08-14 22:47:23.781189+00:00,29.616065685317153
2025-08-14 22:47:24.801833+00:00,29.626366808690364
2025-08-14 22:47:24.995705+00:00,29.626366808690364
2025-08-14 22:47:25.204045+00:00,29.636667933227727
2025-08-14 22:47:27.352184+00:00,29.626366808690364
2025-08-14 22:47:27.653267+00:00,29.631517370813526
2025-08-14 22:47:27.911830+00:00,29.631517370813526
2025-08-14 22:47:28.722353+00:00,29.631517370813526
2025-08-14 22:47:28.965462+00:00,29.636667933227727
2025-08-14 22:47:29.113646+00:00,29.631517370813526
2025-08-14 22:47:29.775421+00:00,29.631517370813526
2025-08-14 22:47:32.051819+00:00,29.626366808690364
2025-08-14 22:47:35.172753+00:00,29.626366808690364
2025-08-14 22:47:35.413775+00:00,29.626366808690364
2025-08-14 22:47:36.634814+00:00,29.626366808690364
2025-08-14 22:47:37.120016+00:00,29.62121624685824
2025-08-14 22:47:38.063429+00:00,29.62121624685824
2025-08-14 22:47:42.661388+00:00,29.631517370813526
2025-08-14 22:47:45.702396+00:00,29.62121624685824
2025-08-14 22:47:46.170174+00:00,29.626366808690364
2025-08-14 22:47:47.268767+00:00,29.62121624685824
2025-08-14 22:47:47.791763+00:00,29.631517370813526
2025-08-14 22:47:49.355949+00:00,29.616065685317153
2025-08-14 22:47:54.015056+00:00,29.62121624685824
2025-08-14 22:47:54.632122+00:00,29.626366808690364
2025-08-14 22:47:55.022997+00:00,29.62121624685824
2025-08-14 22:47:57.128677+00:00,29.631517370813526
2025-08-14 22:47:57.906409+00:00,29.631517370813526
2025-08-14 22:47:58.540894+00:00,29.62121624685824
2025-08-14 22:47:58.873492+00:00,29.631517370813526
2025-08-14 22:47:59.601318+00:00,29.631517370813526
2025-08-14 22:48:05.160864+00:00,29.626366808690364
2025-08-14 22:48:09.357189+00:00,29.631517370813526
2025-08-14 22:48:11.900559+00:00,29.626366808690364
2025-08-14 22:48:12.795989+00:00,29.626366808690364
2025-08-14 22:48:13.063099+00:00,29.636667933227727
2025-08-14 22:48:17.634186+00:00,29.62121624685824
2025-08-14 22:48:18.080652+00:00,29.610915124067105
2025-08-14 22:48:18.625822+00:00,29.616065685317153
2025-08-14 22:48:21.441989+00:00,29.610915124067105
2025-08-14 22:48:21.689535+00:00,29.631517370813526
2025-08-14 22:48:21.913337+00:00,29.610915124067105
2025-08-14 22:48:24.176131+00:00,29.616065685317153
2025-08-14 22:48:24.355341+00:00,29.610915124067105
2025-08-14 22:48:24.636442+00:00,29.62121624685824
2025-08-14 22:48:24.846323+00:00,29.62121624685824
2025-08-14 22:48:26.777141+00:00,29.62121624685824
2025-08-14 22:48:29.597819+00:00,29.605764563108096
2025-08-14 22:48:29.800770+00:00,29.610915124067105
2025-08-14 22:48:29.935702+00:00,29.62121624685824
2025-08-14 22:48:30.263311+00:00,29.631517370813526
2025-08-14 22:48:30.758492+00:00,29.616065685317153
2025-08-14 22:48:31.173670+00:00,29.631517370813526
2025-08-14 22:48:33.117861+00:00,29.62121624685824
2025-08-14 22:48:34.172278+00:00,29.616065685317153
2025-08-14 22:48:34.546897+00:00,29.616065685317153
2025-08-14 22:48:35.886297+00:00,29.62121624685824
2025-08-14 22:48:36.661964+00:00,29.62121624685824
2025-08-14 22:48:37.757541+00:00,29.62121624685824
2025-08-14 22:48:38.868295+00:00,29.610915124067105
2025-08-14 22:48:40.396941+00:00,29.610915124067105
2025-08-14 22:48:42.403120+00:00,29.610915124067105
2025-08-14 22:48:42.622495+00:00,29.610915124067105
2025-08-14 22:48:43.988186+00:00,29.605764563108096
2025-08-14 22:48:45.006005+00:00,29.605764563108096
2025-08-14 22:48:46.921566+00:00,29.610915124067105
2025-08-14 22:48:47.937351+00:00,29.610915124067105
2025-08-14 22:48:48.303586+00:00,29.62121624685824
2025-08-14 22:48:48.597232+00:00,29.616065685317153
2025-08-14 22:48:48.905925+00:00,29.610915124067105
2025-08-14 22:48:49.625924+00:00,29.62121624685824
2025-08-14 22:48:50.503557+00:00,29.610915124067105
2025-08-14 22:48:50.816957+00:00,29.616065685317153
2025-08-14 22:48:54.877786+00:00,29.616065685317153
2025-08-14 22:48:57.997009+00:00,29.610915124067105
2025-08-14 22:48:58.312229+00:00,29.62121624685824
2025-08-14 22:48:59.079146+00:00,29.605764563108096
2025-08-14 22:49:00.262848+00:00,29.610915124067105
2025-08-14 22:49:02.298234+00:00,29.610915124067105
2025-08-14 22:49:04.448706+00:00,29.610915124067105
2025-08-14 22:49:06.442207+00:00,29.610915124067105
2025-08-14 22:49:08.568099+00:00,29.605764563108096
2025-08-14 22:49:08.915733+00:00,29.610915124067105
2025-08-14 22:49:09.585121+00:00,29.600614002440125
2025-08-14 22:49:10.487215+00:00,29.610915124067105
2025-08-14 22:49:11.049643+00:00,29.610915124067105
2025-08-14 22:49:11.429648+00:00,29.62121624685824
2025-08-14 22:49:11.672197+00:00,29.616065685317153
2025-08-14 22:49:11.882440+00:00,29.62121624685824
2025-08-14 22:49:12.114476+00:00,29.62121624685824
2025-08-14 22:49:12.330351+00:00,29.62121624685824
2025-08-14 22:49:12.474188+00:00,29.626366808690364
2025-08-14 22:49:13.659763+00:00,29.62121624685824
2025-08-14 22:49:21.156534+00:00,29.610915124067105
2025-08-14 22:49:21.624533+00:00,29.610915124067105
2025-08-14 22:49:21.951518+00:00,29.610915124067105
2025-08-14 22:49:22.242696+00:00,29.616065685317153
2025-08-14 22:49:23.763013+00:00,29.605764563108096
2025-08-14 22:49:25.627818+00:00,29.610915124067105
2025-08-14 22:49:26.638373+00:00,29.610915124067105
2025-08-14 22:49:27.031927+00:00,29.610915124067105
2025-08-14 22:49:27.725082+00:00,29.62121624685824
2025-08-14 22:49:32.582723+00:00,29.610915124067105
2025-08-14 22:49:36.616965+00:00,29.610915124067105
2025-08-14 22:49:36.816177+00:00,29.610915124067105
2025-08-14 22:49:37.021992+00:00,29.610915124067105
2025-08-14 22:49:37.385983+00:00,29.62121624685824
2025-08-14 22:49:37.503366+00:00,29.616065685317153
2025-08-14 22:49:37.805128+00:00,29.616065685317153
2025-08-14 22:49:38.397106+00:00,29.62121624685824
2025-08-14 22:49:38.613724+00:00,29.62121624685824
2025-08-14 22:49:38.857210+00:00,29.62121624685824
2025-08-14 22:49:39.482659+00:00,29.610915124067105
2025-08-14 22:49:40.879665+00:00,29.62121624685824
2025-08-14 22:49:41.137898+00:00,29.631517370813526
2025-08-14 22:49:41.456534+00:00,29.626366808690364
2025-08-14 22:49:41.781924+00:00,29.626366808690364
2025-08-14 22:49:41.991683+00:00,29.626366808690364
2025-08-14 22:49:44.690122+00:00,29.610915124067105
2025-08-14 22:49:44.907692+00:00,29.616065685317153
2025-08-14 22:49:47.808631+00:00,29.610915124067105
2025-08-14 22:49:48.592108+00:00,29.62121624685824
2025-08-14 22:49:49.008337+00:00,29.610915124067105
2025-08-14 22:49:50.652776+00:00,29.605764563108096
2025-08-14 22:49:51.237783+00:00,29.610915124067105
2025-08-14 22:49:53.165832+00:00,29.62121624685824
2025-08-14 22:49:54.827523+00:00,29.62121624685824
2025-08-14 22:49:55.773168+00:00,29.62121624685824
2025-08-14 22:49:56.965196+00:00,29.610915124067105
2025-08-14 22:49:58.254021+00:00,29.610915124067105
2025-08-14 22:50:02.263943+00:00,29.610915124067105
2025-08-14 22:50:04.005775+00:00,29.62121624685824
2025-08-14 22:50:04.341372+00:00,29.626366808690364
2025-08-14 22:50:04.690368+00:00,29.62121624685824
2025-08-14 22:50:08.856872+00:00,29.616065685317153
2025-08-14 22:50:09.491471+00:00,29.600614002440125
2025-08-14 22:50:11.024209+00:00,29.616065685317153
2025-08-14 22:50:15.313957+00:00,29.610915124067105
2025-08-14 22:50:15.765666+00:00,29.590312881977297
2025-08-14 22:50:16.107162+00:00,29.610915124067105
2025-08-14 22:50:16.599912+00:00,29.605764563108096
2025-08-14 22:50:16.946704+00:00,29.626366808690364
2025-08-14 22:50:17.295258+00:00,29.616065685317153
2025-08-14 22:50:19.210162+00:00,29.610915124067105
2025-08-14 22:50:19.619705+00:00,29.610915124067105
2025-08-14 22:50:20.137176+00:00,29.616065685317153
2025-08-14 22:50:21.215134+00:00,29.616065685317153
2025-08-14 22:50:21.539855+00:00,29.62121624685824
2025-08-14 22:50:22.165258+00:00,29.610915124067105
2025-08-14 22:50:22.583468+00:00,29.610915124067105
2025-08-14 22:50:28.477539+00:00,29.605764563108096
2025-08-14 22:50:29.343951+00:00,29.605764563108096
2025-08-14 22:50:29.934320+00:00,29.605764563108096
2025-08-14 22:50:30.351817+00:00,29.616065685317153
2025-08-14 22:50:35.014902+00:00,29.610915124067105
2025-08-14 22:50:35.677633+00:00,29.605764563108096
2025-08-14 22:50:36.967381+00:00,29.605764563108096
2025-08-14 22:50:37.530270+00:00,29.600614002440125
2025-08-14 22:50:38.036989+00:00,29.610915124067105
2025-08-14 22:50:40.547747+00:00,29.610915124067105
2025-08-14 22:50:40.986903+00:00,29.616065685317153
2025-08-14 22:50:41.445078+00:00,29.605764563108096
2025-08-14 22:50:41.662121+00:00,29.616065685317153
2025-08-14 22:50:41.870951+00:00,29.610915124067105
2025-08-14 22:50:42.132019+00:00,29.616065685317153
2025-08-14 22:50:42.340266+00:00,29.62121624685824
2025-08-14 22:50:42.545346+00:00,29.62121624685824
2025-08-14 22:50:44.720088+00:00,29.631517370813526
2025-08-14 22:50:45.105659+00:00,29.62121624685824
2025-08-14 22:50:49.351054+00:00,29.610915124067105
2025-08-14 22:50:49.818072+00:00,29.610915124067105
2025-08-14 22:50:57.390932+00:00,29.610915124067105
2025-08-14 22:50:57.790337+00:00,29.62121624685824
2025-08-14 22:50:58.453728+00:00,29.62121624685824
2025-08-14 22:50:59.226203+00:00,29.626366808690364
2025-08-14 22:50:59.558028+00:00,29.62121624685824
2025-08-14 22:50:59.793751+00:00,29.605764563108096
2025-08-14 22:51:00.096268+00:00,29.610915124067105
2025-08-14 22:51:00.536571+00:00,29.616065685317153
2025-08-14 22:51:00.879037+00:00,29.616065685317153
2025-08-14 22:51:01.225450+00:00,29.616065685317153
2025-08-14 22:51:01.547565+00:00,29.616065685317153
2025-08-14 22:51:01.869146+00:00,29.616065685317153
2025-08-14 22:51:02.206374+00:00,29.626366808690364
2025-08-14 22:51:02.840041+00:00,29.62121624685824
2025-08-14 22:51:05.632365+00:00,29.610915124067105
2025-08-14 22:51:07.203343+00:00,29.62121624685824
2025-08-14 22:51:10.268328+00:00,29.610915124067105
2025-08-14 22:51:12.153563+00:00,29.62121624685824
2025-08-14 22:51:12.466594+00:00,29.610915124067105
2025-08-14 22:51:14.037354+00:00,29.610915124067105
2025-08-14 22:51:14.431028+00:00,29.616065685317153
2025-08-14 22:51:14.890905+00:00,29.610915124067105
2025-08-14 22:51:15.264091+00:00,29.610915124067105
2025-08-14 22:51:16.565035+00:00,29.616065685317153
2025-08-14 22:51:18.266966+00:00,29.605764563108096
2025-08-14 22:51:20.256679+00:00,29.595463442063192
2025-08-14 22:51:22.000432+00:00,29.610915124067105
2025-08-14 22:51:22.520412+00:00,29.610915124067105
2025-08-14 22:51:24.219755+00:00,29.616065685317153
2025-08-14 22:51:26.414433+00:00,29.610915124067105
2025-08-14 22:51:26.657018+00:00,29.616065685317153
2025-08-14 22:51:26.935770+00:00,29.616065685317153
2025-08-14 22:51:27.250058+00:00,29.626366808690364
2025-08-14 22:51:28.589365+00:00,29.610915124067105
2025-08-14 22:51:29.967910+00:00,29.610915124067105
2025-08-14 22:51:32.938196+00:00,29.600614002440125
2025-08-14 22:51:33.962632+00:00,29.610915124067105
2025-08-14 22:51:34.094238+00:00,29.610915124067105
2025-08-14 22:51:34.394669+00:00,29.610915124067105
2025-08-14 22:51:35.302590+00:00,29.616065685317153
2025-08-14 22:51:36.477584+00:00,29.605764563108096
2025-08-14 22:51:38.459120+00:00,29.610915124067105
2025-08-14 22:51:40.934570+00:00,29.605764563108096
2025-08-14 22:51:41.844461+00:00,29.600614002440125
2025-08-14 22:51:42.737311+00:00,29.600614002440125
2025-08-14 22:51:43.665073+00:00,29.605764563108096
2025-08-14 22:51:44.206965+00:00,29.605764563108096
2025-08-14 22:51:44.758265+00:00,29.605764563108096
2025-08-14 22:51:45.161534+00:00,29.600614002440125
2025-08-14 22:51:45.899056+00:00,29.600614002440125
2025-08-14 22:51:46.469963+00:00,29.605764563108096
2025-08-14 22:51:46.998866+00:00,29.600614002440125
2025-08-14 22:51:47.731287+00:00,29.605764563108096
2025-08-14 22:51:50.140347+00:00,29.600614002440125
2025-08-14 22:51:52.222665+00:00,29.610915124067105
2025-08-14 22:51:54.435679+00:00,29.595463442063192
2025-08-14 22:51:56.694595+00:00,29.595463442063192
2025-08-14 22:51:57.491293+00:00,29.590312881977297
2025-08-14 22:52:02.261206+00:00,29.590312881977297
2025-08-14 22:52:03.169757+00:00,29.595463442063192
2025-08-14 22:52:03.713922+00:00,29.600614002440125
2025-08-14 22:52:04.104292+00:00,29.600614002440125
2025-08-14 22:52:04.596799+00:00,29.600614002440125
2025-08-14 22:52:07.226274+00:00,29.590312881977297
2025-08-14 22:52:08.714910+00:00,29.595463442063192
2025-08-14 22:52:13.823028+00:00,29.600614002440125
2025-08-14 22:52:14.425572+00:00,29.595463442063192
2025-08-14 22:52:16.126401+00:00,29.595463442063192
2025-08-14 22:52:18.893984+00:00,29.595463442063192
2025-08-14 22:52:19.154735+00:00,29.600614002440125
2025-08-14 22:52:19.525834+00:00,29.605764563108096
2025-08-14 22:52:20.286139+00:00,29.590312881977297
2025-08-14 22:52:22.145847+00:00,29.600614002440125
2025-08-14 22:52:22.527444+00:00,29.600614002440125
2025-08-14 22:52:22.949005+00:00,29.605764563108096
2025-08-14 22:52:24.069376+00:00,29.600614002440125
2025-08-14 22:52:26.993016+00:00,29.610915124067105
2025-08-14 22:52:28.355759+00:00,29.600614002440125
2025-08-14 22:52:32.062203+00:00,29.605764563108096
2025-08-14 22:52:33.970522+00:00,29.605764563108096
2025-08-14 22:52:34.605182+00:00,29.595463442063192
2025-08-14 22:52:36.076503+00:00,29.62121624685824
2025-08-14 22:52:37.422057+00:00,29.610915124067105
2025-08-14 22:52:37.864369+00:00,29.610915124067105
2025-08-14 22:52:38.441660+00:00,29.605764563108096
2025-08-14 22:52:38.976428+00:00,29.610915124067105
2025-08-14 22:52:39.401323+00:00,29.605764563108096
2025-08-14 22:52:41.408391+00:00,29.605764563108096
2025-08-14 22:52:41.657520+00:00,29.610915124067105
2025-08-14 22:52:42.543898+00:00,29.62121624685824
2025-08-14 22:52:42.758256+00:00,29.610915124067105
2025-08-14 22:52:43.522568+00:00,29.616065685317153
2025-08-14 22:52:43.743257+00:00,29.616065685317153
2025-08-14 22:52:44.966930+00:00,29.62121624685824
2025-08-14 22:52:48.324401+00:00,29.600614002440125
2025-08-14 22:52:49.926923+00:00,29.610915124067105
2025-08-14 22:52:51.117439+00:00,29.600614002440125
2025-08-14 22:52:52.211519+00:00,29.616065685317153
2025-08-14 22:52:52.795951+00:00,29.605764563108096
2025-08-14 22:52:56.138879+00:00,29.605764563108096
2025-08-14 22:52:57.283005+00:00,29.610915124067105
2025-08-14 22:52:58.284320+00:00,29.605764563108096
2025-08-14 22:52:58.804020+00:00,29.610915124067105
2025-08-14 22:52:59.083263+00:00,29.605764563108096
2025-08-14 22:52:59.254566+00:00,29.616065685317153
2025-08-14 22:53:01.011700+00:00,29.610915124067105
2025-08-14 22:53:05.411050+00:00,29.600614002440125
2025-08-14 22:53:06.932468+00:00,29.610915124067105
2025-08-14 22:53:11.534098+00:00,29.605764563108096
2025-08-14 22:53:12.022837+00:00,29.600614002440125
2025-08-14 22:53:12.620159+00:00,29.605764563108096
2025-08-14 22:53:14.756909+00:00,29.595463442063192
2025-08-14 22:53:18.218044+00:00,29.600614002440125
2025-08-14 22:53:18.740628+00:00,29.605764563108096
2025-08-14 22:53:21.115122+00:00,29.610915124067105
2025-08-14 22:53:21.534356+00:00,29.600614002440125
2025-08-14 22:53:23.425254+00:00,29.610915124067105
2025-08-14 22:53:25.026904+00:00,29.605764563108096
2025-08-14 22:53:29.005290+00:00,29.610915124067105
2025-08-14 22:53:30.144515+00:00,29.62121624685824
2025-08-14 22:53:30.858285+00:00,29.62121624685824
2025-08-14 22:53:31.916398+00:00,29.62121624685824
2025-08-14 22:53:34.577097+00:00,29.626366808690364
2025-08-14 22:53:36.348600+00:00,29.62121624685824
2025-08-14 22:53:37.693495+00:00,29.610915124067105
2025-08-14 22:53:40.134499+00:00,29.616065685317153
2025-08-14 22:53:44.086933+00:00,29.62121624685824
2025-08-14 22:53:44.757328+00:00,29.62121624685824
2025-08-14 22:53:45.198573+00:00,29.62121624685824
2025-08-14 22:53:45.948182+00:00,29.626366808690364
2025-08-14 22:53:46.924555+00:00,29.631517370813526
2025-08-14 22:53:47.452415+00:00,29.626366808690364
2025-08-14 22:53:49.114406+00:00,29.62121624685824
2025-08-14 22:53:49.724531+00:00,29.616065685317153
2025-08-14 22:53:50.087035+00:00,29.610915124067105
2025-08-14 22:53:52.118857+00:00,29.610915124067105
2025-08-14 22:53:52.410116+00:00,29.616065685317153
2025-08-14 22:53:52.911127+00:00,29.62121624685824
2025-08-14 22:53:53.438447+00:00,29.605764563108096
2025-08-14 22:53:54.875311+00:00,29.616065685317153
2025-08-14 22:53:55.224186+00:00,29.62121624685824
2025-08-14 22:53:55.466971+00:00,29.610915124067105
2025-08-14 22:53:55.662844+00:00,29.62121624685824
2025-08-14 22:53:56.256368+00:00,29.616065685317153
2025-08-14 22:53:56.482573+00:00,29.616065685317153
2025-08-14 22:53:56.682371+00:00,29.62121624685824
2025-08-14 22:53:56.892144+00:00,29.616065685317153
2025-08-14 22:53:57.601024+00:00,29.610915124067105
2025-08-14 22:53:59.457064+00:00,29.610915124067105
2025-08-14 22:54:06.047757+00:00,29.605764563108096
2025-08-14 22:54:07.626278+00:00,29.600614002440125
2025-08-14 22:54:10.653337+00:00,29.616065685317153
2025-08-14 22:54:14.692096+00:00,29.610915124067105
2025-08-14 22:54:14.901859+00:00,29.595463442063192
2025-08-14 22:54:15.283475+00:00,29.616065685317153
2025-08-14 22:54:15.703720+00:00,29.616065685317153
2025-08-14 22:54:16.816307+00:00,29.605764563108096
2025-08-14 22:54:19.130321+00:00,29.600614002440125
2025-08-14 22:54:19.353941+00:00,29.605764563108096
2025-08-14 22:54:20.524423+00:00,29.610915124067105
2025-08-14 22:54:20.825292+00:00,29.600614002440125
2025-08-14 22:54:22.925375+00:00,29.595463442063192
2025-08-14 22:54:25.590267+00:00,29.595463442063192
2025-08-14 22:54:27.736193+00:00,29.600614002440125
2025-08-14 22:54:28.096281+00:00,29.600614002440125
2025-08-14 22:54:28.690218+00:00,29.600614002440125
2025-08-14 22:54:29.541703+00:00,29.595463442063192
2025-08-14 22:54:34.160947+00:00,29.610915124067105
2025-08-14 22:54:35.483846+00:00,29.605764563108096
2025-08-14 22:54:35.690812+00:00,29.610915124067105
2025-08-14 22:54:36.118765+00:00,29.600614002440125
2025-08-14 22:54:39.250575+00:00,29.595463442063192
2025-08-14 22:54:39.485147+00:00,29.600614002440125
2025-08-14 22:54:40.006819+00:00,29.605764563108096
2025-08-14 22:54:42.489568+00:00,29.595463442063192
2025-08-14 22:54:46.946725+00:00,29.595463442063192
2025-08-14 22:54:47.449779+00:00,29.595463442063192
2025-08-14 22:54:47.700362+00:00,29.595463442063192
2025-08-14 22:54:49.840349+00:00,29.600614002440125
2025-08-14 22:54:50.742909+00:00,29.600614002440125
2025-08-14 22:54:53.441902+00:00,29.590312881977297
2025-08-14 22:54:55.422886+00:00,29.590312881977297
2025-08-14 22:54:55.632686+00:00,29.595463442063192
2025-08-14 22:54:55.916070+00:00,29.595463442063192
2025-08-14 22:54:56.810930+00:00,29.595463442063192
2025-08-14 22:54:59.517767+00:00,29.590312881977297
2025-08-14 22:55:05.655040+00:00,29.600614002440125
2025-08-14 22:55:08.250342+00:00,29.605764563108096
2025-08-14 22:55:11.346816+00:00,29.595463442063192
2025-08-14 22:55:13.481524+00:00,29.610915124067105
2025-08-14 22:55:13.831394+00:00,29.600614002440125
2025-08-14 22:55:15.252198+00:00,29.600614002440125
2025-08-14 22:55:16.078933+00:00,29.595463442063192
2025-08-14 22:55:16.488759+00:00,29.600614002440125
2025-08-14 22:55:17.891509+00:00,29.610915124067105
2025-08-14 22:55:18.496962+00:00,29.605764563108096
2025-08-14 22:55:24.532863+00:00,29.595463442063192
2025-08-14 22:55:25.439592+00:00,29.58516232218244
2025-08-14 22:55:26.048803+00:00,29.600614002440125
2025-08-14 22:55:26.480683+00:00,29.600614002440125
2025-08-14 22:55:28.704087+00:00,29.590312881977297
2025-08-14 22:55:30.858740+00:00,29.595463442063192
2025-08-14 22:55:31.819386+00:00,29.58516232218244
2025-08-14 22:55:35.842197+00:00,29.58516232218244
2025-08-14 22:55:36.707580+00:00,29.595463442063192
2025-08-14 22:55:37.122092+00:00,29.590312881977297
2025-08-14 22:55:37.669179+00:00,29.595463442063192
2025-08-14 22:55:40.229158+00:00,29.600614002440125
2025-08-14 22:55:41.682423+00:00,29.605764563108096
2025-08-14 22:55:42.057136+00:00,29.595463442063192
2025-08-14 22:55:42.390061+00:00,29.590312881977297
2025-08-14 22:55:42.698307+00:00,29.605764563108096
2025-08-14 22:55:44.980196+00:00,29.58516232218244
2025-08-14 22:55:48.909074+00:00,29.600614002440125
2025-08-14 22:55:50.504470+00:00,29.590312881977297
2025-08-14 22:55:51.750164+00:00,29.595463442063192
2025-08-14 22:55:54.441144+00:00,29.595463442063192
2025-08-14 22:55:54.976125+00:00,29.58516232218244
2025-08-14 22:55:56.191475+00:00,29.600614002440125
2025-08-14 22:55:57.384258+00:00,29.590312881977297
2025-08-14 22:55:58.879656+00:00,29.590312881977297
2025-08-14 22:55:59.547349+00:00,29.580011762678623
2025-08-14 22:56:01.235074+00:00,29.590312881977297
2025-08-14 22:56:03.140176+00:00,29.580011762678623
2025-08-14 22:56:05.316983+00:00,29.580011762678623
2025-08-14 22:56:07.530142+00:00,29.569710644544102
2025-08-14 22:56:09.231640+00:00,29.559409527573735
2025-08-14 22:56:09.788515+00:00,29.58516232218244
2025-08-14 22:56:10.290060+00:00,29.590312881977297
2025-08-14 22:56:15.680042+00:00,29.580011762678623
2025-08-14 22:56:16.590376+00:00,29.580011762678623
2025-08-14 22:56:16.973027+00:00,29.580011762678623
2025-08-14 22:56:17.304593+00:00,29.58516232218244
2025-08-14 22:56:17.646031+00:00,29.58516232218244
2025-08-14 22:56:18.387124+00:00,29.58516232218244
2025-08-14 22:56:18.689428+00:00,29.590312881977297
2025-08-14 22:56:23.780254+00:00,29.580011762678623
2025-08-14 22:56:25.013718+00:00,29.580011762678623
2025-08-14 22:56:26.279355+00:00,29.574861203465844
2025-08-14 22:56:29.429843+00:00,29.574861203465844
2025-08-14 22:56:33.304908+00:00,29.574861203465844
2025-08-14 22:56:35.161875+00:00,29.580011762678623
2025-08-14 22:56:35.614833+00:00,29.574861203465844
2025-08-14 22:56:36.758691+00:00,29.574861203465844
2025-08-14 22:56:43.303252+00:00,29.580011762678623
2025-08-14 22:56:44.347389+00:00,29.569710644544102
2025-08-14 22:56:46.148410+00:00,29.569710644544102
2025-08-14 22:56:47.818155+00:00,29.569710644544102
2025-08-14 22:56:49.127253+00:00,29.574861203465844
2025-08-14 22:56:50.096333+00:00,29.580011762678623
2025-08-14 22:56:51.231029+00:00,29.574861203465844
2025-08-14 22:56:52.627721+00:00,29.574861203465844
2025-08-14 22:56:53.613035+00:00,29.569710644544102
2025-08-14 22:56:54.858271+00:00,29.569710644544102
2025-08-14 22:56:56.646182+00:00,29.569710644544102
2025-08-14 22:56:57.340801+00:00,29.5645600859134
2025-08-14 22:56:57.691995+00:00,29.559409527573735
2025-08-14 22:56:58.594956+00:00,29.574861203465844
2025-08-14 22:56:59.690191+00:00,29.569710644544102
2025-08-14 22:57:02.447993+00:00,29.569710644544102
2025-08-14 22:57:02.929274+00:00,29.580011762678623
2025-08-14 22:57:03.556583+00:00,29.58516232218244
2025-08-14 22:57:04.184933+00:00,29.580011762678623
2025-08-14 22:57:04.771174+00:00,29.58516232218244
2025-08-14 22:57:05.113189+00:00,29.590312881977297
2025-08-14 22:57:06.540401+00:00,29.580011762678623
2025-08-14 22:57:06.948969+00:00,29.574861203465844
2025-08-14 22:57:08.221734+00:00,29.569710644544102
2025-08-14 22:57:11.604097+00:00,29.574861203465844
2025-08-14 22:57:13.225490+00:00,29.58516232218244
2025-08-14 22:57:19.129722+00:00,29.580011762678623
2025-08-14 22:57:24.967267+00:00,29.5645600859134
2025-08-14 22:57:25.852509+00:00,29.569710644544102
2025-08-14 22:57:27.288419+00:00,29.590312881977297
2025-08-14 22:57:28.008628+00:00,29.569710644544102
2025-08-14 22:57:30.406022+00:00,29.569710644544102
2025-08-14 22:57:30.738861+00:00,29.569710644544102
2025-08-14 22:57:31.133124+00:00,29.574861203465844
2025-08-14 22:57:31.446419+00:00,29.580011762678623
2025-08-14 22:57:31.771436+00:00,29.580011762678623
2025-08-14 22:57:36.147089+00:00,29.574861203465844
2025-08-14 22:57:37.985737+00:00,29.574861203465844
2025-08-14 22:57:38.295489+00:00,29.590312881977297
2025-08-14 22:57:38.680897+00:00,29.580011762678623
2025-08-14 22:57:38.938193+00:00,29.580011762678623
2025-08-14 22:57:40.056252+00:00,29.580011762678623
2025-08-14 22:57:40.371667+00:00,29.580011762678623
2025-08-14 22:57:41.711255+00:00,29.580011762678623
2025-08-14 22:57:41.946455+00:00,29.58516232218244
2025-08-14 22:57:42.246483+00:00,29.58516232218244
2025-08-14 22:57:42.481474+00:00,29.595463442063192
2025-08-14 22:57:43.228429+00:00,29.580011762678623
2025-08-14 22:57:43.762719+00:00,29.580011762678623
2025-08-14 22:57:44.421057+00:00,29.580011762678623
2025-08-14 22:57:44.721718+00:00,29.574861203465844
2025-08-14 22:57:45.950499+00:00,29.574861203465844
2025-08-14 22:57:46.604870+00:00,29.580011762678623
2025-08-14 22:57:46.978616+00:00,29.574861203465844
2025-08-14 22:57:47.430456+00:00,29.580011762678623
2025-08-14 22:57:49.233096+00:00,29.580011762678623
2025-08-14 22:57:50.749444+00:00,29.580011762678623
2025-08-14 22:57:53.275688+00:00,29.574861203465844
2025-08-14 22:57:57.955914+00:00,29.58516232218244
2025-08-14 22:57:59.076800+00:00,29.580011762678623
2025-08-14 22:57:59.344855+00:00,29.590312881977297
2025-08-14 22:58:00.236569+00:00,29.58516232218244
2025-08-14 22:58:00.770296+00:00,29.580011762678623
2025-08-14 22:58:01.112015+00:00,29.580011762678623
2025-08-14 22:58:03.570057+00:00,29.600614002440125
2025-08-14 22:58:05.655716+00:00,29.580011762678623
2025-08-14 22:58:08.685021+00:00,29.590312881977297
2025-08-14 22:58:09.554924+00:00,29.590312881977297
2025-08-14 22:58:11.603860+00:00,29.58516232218244
2025-08-14 22:58:13.553059+00:00,29.58516232218244
2025-08-14 22:58:18.920554+00:00,29.595463442063192
2025-08-14 22:58:19.477198+00:00,29.58516232218244
2025-08-14 22:58:20.345815+00:00,29.595463442063192
2025-08-14 22:58:21.607170+00:00,29.590312881977297
2025-08-14 22:58:23.554173+00:00,29.58516232218244
2025-08-14 22:58:23.755246+00:00,29.605764563108096
2025-08-14 22:58:24.524433+00:00,29.580011762678623
2025-08-14 22:58:25.403504+00:00,29.590312881977297
2025-08-14 22:58:25.628748+00:00,29.590312881977297
2025-08-14 22:58:25.770923+00:00,29.595463442063192
2025-08-14 22:58:26.137665+00:00,29.595463442063192
2025-08-14 22:58:27.311840+00:00,29.590312881977297
2025-08-14 22:58:30.318280+00:00,29.580011762678623
2025-08-14 22:58:35.022777+00:00,29.590312881977297
2025-08-14 22:58:37.548367+00:00,29.590312881977297
2025-08-14 22:58:39.284795+00:00,29.580011762678623
2025-08-14 22:58:39.744223+00:00,29.574861203465844
2025-08-14 22:58:40.831065+00:00,29.580011762678623
2025-08-14 22:58:41.049724+00:00,29.58516232218244
2025-08-14 22:58:42.519031+00:00,29.580011762678623
2025-08-14 22:58:43.104376+00:00,29.58516232218244
2025-08-14 22:58:44.561486+00:00,29.58516232218244
2025-08-14 22:58:45.299204+00:00,29.580011762678623
2025-08-14 22:58:47.361699+00:00,29.590312881977297
2025-08-14 22:58:48.971295+00:00,29.58516232218244
2025-08-14 22:58:50.935480+00:00,29.580011762678623
2025-08-14 22:58:51.344440+00:00,29.580011762678623
2025-08-14 22:58:58.758654+00:00,29.574861203465844
2025-08-14 22:59:00.322754+00:00,29.590312881977297
2025-08-14 22:59:01.843053+00:00,29.590312881977297
2025-08-14 22:59:02.776618+00:00,29.580011762678623
2025-08-14 22:59:06.944369+00:00,29.580011762678623
2025-08-14 22:59:09.207109+00:00,29.580011762678623
2025-08-14 22:59:10.734106+00:00,29.58516232218244
2025-08-14 22:59:11.185741+00:00,29.58516232218244
2025-08-14 22:59:11.652101+00:00,29.595463442063192
2025-08-14 22:59:12.422134+00:00,29.58516232218244
2025-08-14 22:59:15.043446+00:00,29.58516232218244
2025-08-14 22:59:20.980690+00:00,29.580011762678623
2025-08-14 22:59:23.457570+00:00,29.580011762678623
2025-08-14 22:59:23.727054+00:00,29.574861203465844
2025-08-14 22:59:23.957787+00:00,29.580011762678623
2025-08-14 22:59:24.936314+00:00,29.574861203465844
2025-08-14 22:59:26.461448+00:00,29.580011762678623
2025-08-14 22:59:26.665458+00:00,29.58516232218244
2025-08-14 22:59:27.817894+00:00,29.580011762678623
2025-08-14 22:59:28.206702+00:00,29.574861203465844
2025-08-14 22:59:28.368670+00:00,29.58516232218244
2025-08-14 22:59:28.579289+00:00,29.58516232218244
2025-08-14 22:59:28.799847+00:00,29.58516232218244
2025-08-14 22:59:29.232702+00:00,29.574861203465844
2025-08-14 22:59:29.599967+00:00,29.580011762678623
2025-08-14 22:59:29.949060+00:00,29.580011762678623
2025-08-14 22:59:30.350739+00:00,29.580011762678623
2025-08-14 22:59:30.711020+00:00,29.58516232218244
2025-08-14 22:59:31.068955+00:00,29.580011762678623
2025-08-14 22:59:35.598115+00:00,29.569710644544102
2025-08-14 22:59:38.011691+00:00,29.580011762678623
2025-08-14 22:59:38.711583+00:00,29.574861203465844
2025-08-14 22:59:39.737124+00:00,29.58516232218244
2025-08-14 22:59:40.395203+00:00,29.58516232218244
2025-08-14 22:59:41.177719+00:00,29.58516232218244
2025-08-14 22:59:42.031801+00:00,29.580011762678623
2025-08-14 22:59:42.698787+00:00,29.58516232218244
2025-08-14 22:59:43.928843+00:00,29.569710644544102
2025-08-14 22:59:44.564095+00:00,29.569710644544102
2025-08-14 22:59:45.851730+00:00,29.569710644544102
2025-08-14 22:59:49.775105+00:00,29.569710644544102
2025-08-14 22:59:49.976974+00:00,29.574861203465844
2025-08-14 22:59:50.092437+00:00,29.590312881977297
2025-08-14 22:59:50.383439+00:00,29.590312881977297
2025-08-14 22:59:51.212421+00:00,29.574861203465844
2025-08-14 22:59:52.541750+00:00,29.569710644544102
2025-08-14 22:59:53.253593+00:00,29.574861203465844
2025-08-14 22:59:54.182882+00:00,29.569710644544102
2025-08-14 22:59:55.686977+00:00,29.574861203465844
2025-08-14 22:59:56.077921+00:00,29.569710644544102
2025-08-14 22:59:56.487529+00:00,29.590312881977297
2025-08-14 22:59:57.083075+00:00,29.5645600859134
2025-08-14 22:59:59.580925+00:00,29.5645600859134
2025-08-14 23:00:00.442963+00:00,29.574861203465844
2025-08-14 23:00:02.699973+00:00,29.569710644544102
2025-08-14 23:00:04.259041+00:00,29.580011762678623
2025-08-14 23:00:08.482074+00:00,29.569710644544102
2025-08-14 23:00:11.025791+00:00,29.569710644544102
2025-08-14 23:00:11.460874+00:00,29.5645600859134
2025-08-14 23:00:13.485299+00:00,29.569710644544102
2025-08-14 23:00:14.307721+00:00,29.569710644544102
2025-08-14 23:00:15.494856+00:00,29.574861203465844
2025-08-14 23:00:17.283324+00:00,29.574861203465844
2025-08-14 23:00:17.751528+00:00,29.580011762678623
2025-08-14 23:00:18.535052+00:00,29.580011762678623
2025-08-14 23:00:18.967746+00:00,29.580011762678623
2025-08-14 23:00:20.257033+00:00,29.58516232218244
2025-08-14 23:00:23.101121+00:00,29.580011762678623
2025-08-14 23:00:25.165719+00:00,29.574861203465844
2025-08-14 23:00:28.885061+00:00,29.58516232218244
2025-08-14 23:00:32.584577+00:00,29.58516232218244
2025-08-14 23:00:34.604934+00:00,29.580011762678623
2025-08-14 23:00:39.761973+00:00,29.580011762678623
2025-08-14 23:00:40.280849+00:00,29.574861203465844
2025-08-14 23:00:40.572942+00:00,29.590312881977297
2025-08-14 23:00:43.380323+00:00,29.58516232218244
2025-08-14 23:00:44.300880+00:00,29.580011762678623
2025-08-14 23:00:44.533385+00:00,29.590312881977297
2025-08-14 23:00:47.163052+00:00,29.574861203465844
2025-08-14 23:00:50.341367+00:00,29.5645600859134
2025-08-14 23:00:51.842142+00:00,29.580011762678623
2025-08-14 23:00:52.101919+00:00,29.580011762678623
2025-08-14 23:00:54.266493+00:00,29.569710644544102
2025-08-14 23:00:54.593993+00:00,29.569710644544102
2025-08-14 23:00:56.389555+00:00,29.580011762678623
2025-08-14 23:00:56.725291+00:00,29.569710644544102
2025-08-14 23:00:57.361052+00:00,29.574861203465844
2025-08-14 23:00:57.568525+00:00,29.569710644544102
2025-08-14 23:00:58.300027+00:00,29.569710644544102
2025-08-14 23:00:59.013751+00:00,29.569710644544102
2025-08-14 23:00:59.240091+00:00,29.58516232218244
2025-08-14 23:00:59.516804+00:00,29.554258969525108
2025-08-14 23:00:59.642749+00:00,29.574861203465844
2025-08-14 23:01:00.856272+00:00,29.580011762678623
2025-08-14 23:01:06.217269+00:00,29.569710644544102
2025-08-14 23:01:06.940328+00:00,29.574861203465844
2025-08-14 23:01:07.249127+00:00,29.574861203465844
2025-08-14 23:01:07.598904+00:00,29.574861203465844
2025-08-14 23:01:09.798463+00:00,29.574861203465844
2025-08-14 23:01:10.232797+00:00,29.580011762678623
2025-08-14 23:01:10.689976+00:00,29.580011762678623
2025-08-14 23:01:11.116300+00:00,29.580011762678623
2025-08-14 23:01:11.615107+00:00,29.574861203465844
2025-08-14 23:01:11.906684+00:00,29.580011762678623
2025-08-14 23:01:12.433544+00:00,29.580011762678623
2025-08-14 23:01:12.901147+00:00,29.58516232218244
2025-08-14 23:01:15.347750+00:00,29.574861203465844
2025-08-14 23:01:17.146036+00:00,29.569710644544102
2025-08-14 23:01:17.941439+00:00,29.574861203465844
2025-08-14 23:01:18.884813+00:00,29.580011762678623
2025-08-14 23:01:19.571226+00:00,29.580011762678623
2025-08-14 23:01:27.555222+00:00,29.580011762678623
2025-08-14 23:01:27.983727+00:00,29.574861203465844
2025-08-14 23:01:30.590563+00:00,29.5645600859134
2025-08-14 23:01:33.039929+00:00,29.580011762678623
2025-08-14 23:01:37.065147+00:00,29.580011762678623
2025-08-14 23:01:40.474573+00:00,29.574861203465844
2025-08-14 23:01:40.842769+00:00,29.569710644544102
2025-08-14 23:01:41.118240+00:00,29.569710644544102
2025-08-14 23:01:41.350493+00:00,29.554258969525108
2025-08-14 23:01:41.896114+00:00,29.580011762678623
2025-08-14 23:01:42.749478+00:00,29.580011762678623
2025-08-14 23:01:44.110019+00:00,29.580011762678623
2025-08-14 23:01:44.988590+00:00,29.574861203465844
2025-08-14 23:01:46.763592+00:00,29.569710644544102
2025-08-14 23:01:50.530358+00:00,29.574861203465844
2025-08-14 23:01:54.164888+00:00,29.574861203465844
2025-08-14 23:01:55.284009+00:00,29.569710644544102
2025-08-14 23:01:55.486480+00:00,29.580011762678623
2025-08-14 23:01:56.466266+00:00,29.574861203465844
2025-08-14 23:01:57.918191+00:00,29.5645600859134
2025-08-14 23:01:58.962783+00:00,29.580011762678623
2025-08-14 23:02:00.401567+00:00,29.580011762678623
2025-08-14 23:02:01.338702+00:00,29.574861203465844
2025-08-14 23:02:02.866215+00:00,29.569710644544102
2025-08-14 23:02:04.443589+00:00,29.580011762678623
2025-08-14 23:02:08.214760+00:00,29.574861203465844
2025-08-14 23:02:14.578427+00:00,29.580011762678623
2025-08-14 23:02:15.187622+00:00,29.580011762678623
2025-08-14 23:02:15.606236+00:00,29.580011762678623
2025-08-14 23:02:19.349555+00:00,29.574861203465844
2025-08-14 23:02:21.704644+00:00,29.569710644544102
2025-08-14 23:02:22.114001+00:00,29.569710644544102
2025-08-14 23:02:25.133317+00:00,29.58516232218244
2025-08-14 23:02:27.622989+00:00,29.580011762678623
2025-08-14 23:02:28.039217+00:00,29.58516232218244
2025-08-14 23:02:29.304452+00:00,29.569710644544102
2025-08-14 23:02:31.153985+00:00,29.574861203465844
2025-08-14 23:02:34.415184+00:00,29.569710644544102
2025-08-14 23:02:35.038288+00:00,29.580011762678623
2025-08-14 23:02:35.789356+00:00,29.580011762678623
2025-08-14 23:02:37.795223+00:00,29.580011762678623
2025-08-14 23:02:38.799150+00:00,29.574861203465844
2025-08-14 23:02:39.640258+00:00,29.590312881977297
2025-08-14 23:02:40.235813+00:00,29.590312881977297
2025-08-14 23:02:40.828466+00:00,29.574861203465844
2025-08-14 23:02:41.440792+00:00,29.574861203465844
2025-08-14 23:02:41.864474+00:00,29.574861203465844
2025-08-14 23:02:42.482820+00:00,29.580011762678623
2025-08-14 23:02:42.691141+00:00,29.580011762678623
2025-08-14 23:02:44.241081+00:00,29.5645600859134
2025-08-14 23:02:46.752700+00:00,29.580011762678623
2025-08-14 23:02:48.117948+00:00,29.574861203465844
2025-08-14 23:02:49.624862+00:00,29.580011762678623
2025-08-14 23:02:49.918143+00:00,29.590312881977297
2025-08-14 23:02:51.514488+00:00,29.580011762678623
2025-08-14 23:02:53.757856+00:00,29.58516232218244
2025-08-14 23:02:53.973458+00:00,29.580011762678623
2025-08-14 23:02:54.389690+00:00,29.595463442063192
2025-08-14 23:02:54.673971+00:00,29.580011762678623
2025-08-14 23:02:54.815516+00:00,29.580011762678623
2025-08-14 23:02:57.332593+00:00,29.574861203465844
2025-08-14 23:02:58.267987+00:00,29.574861203465844
2025-08-14 23:02:58.832004+00:00,29.574861203465844
2025-08-14 23:03:00.791338+00:00,29.58516232218244
2025-08-14 23:03:01.846585+00:00,29.58516232218244
2025-08-14 23:03:06.989648+00:00,29.58516232218244
2025-08-14 23:03:09.630415+00:00,29.580011762678623
2025-08-14 23:03:10.058367+00:00,29.580011762678623
2025-08-14 23:03:10.486740+00:00,29.574861203465844
2025-08-14 23:03:10.843147+00:00,29.574861203465844
2025-08-14 23:03:11.961860+00:00,29.574861203465844
2025-08-14 23:03:12.269907+00:00,29.58516232218244
2025-08-14 23:03:13.464179+00:00,29.580011762678623
2025-08-14 23:03:17.343076+00:00,29.574861203465844
2025-08-14 23:03:19.822660+00:00,29.58516232218244
2025-08-14 23:03:20.492970+00:00,29.580011762678623
2025-08-14 23:03:22.032840+00:00,29.580011762678623
2025-08-14 23:03:22.664042+00:00,29.574861203465844
2025-08-14 23:03:25.613850+00:00,29.574861203465844
2025-08-14 23:03:29.836434+00:00,29.580011762678623
2025-08-14 23:03:30.689399+00:00,29.590312881977297
2025-08-14 23:03:31.324165+00:00,29.574861203465844
2025-08-14 23:03:32.542436+00:00,29.574861203465844
2025-08-14 23:03:34.541943+00:00,29.569710644544102
2025-08-14 23:03:38.362067+00:00,29.569710644544102
2025-08-14 23:03:38.578513+00:00,29.5645600859134
2025-08-14 23:03:39.296458+00:00,29.5645600859134
2025-08-14 23:03:40.608794+00:00,29.569710644544102
2025-08-14 23:03:41.545351+00:00,29.5645600859134
2025-08-14 23:03:41.888051+00:00,29.5645600859134
2025-08-14 23:03:42.223713+00:00,29.569710644544102
2025-08-14 23:03:43.912312+00:00,29.554258969525108
2025-08-14 23:03:44.679812+00:00,29.5645600859134
2025-08-14 23:03:44.905557+00:00,29.554258969525108
2025-08-14 23:03:45.245172+00:00,29.574861203465844
2025-08-14 23:03:45.618842+00:00,29.569710644544102
2025-08-14 23:03:48.796766+00:00,29.54910841176752
2025-08-14 23:03:49.108772+00:00,29.559409527573735
2025-08-14 23:03:49.339136+00:00,29.54910841176752
2025-08-14 23:03:51.881883+00:00,29.54910841176752
2025-08-14 23:03:55.843411+00:00,29.5645600859134
2025-08-14 23:03:58.841111+00:00,29.559409527573735
2025-08-14 23:03:59.360269+00:00,29.54910841176752
2025-08-14 23:03:59.862267+00:00,29.5645600859134
2025-08-14 23:04:00.530333+00:00,29.569710644544102
2025-08-14 23:04:03.229126+00:00,29.554258969525108
2025-08-14 23:04:03.567805+00:00,29.54910841176752
2025-08-14 23:04:05.000461+00:00,29.54910841176752
2025-08-14 23:04:08.674542+00:00,29.54910841176752
2025-08-14 23:04:09.954490+00:00,29.5645600859134
2025-08-14 23:04:10.470668+00:00,29.554258969525108
2025-08-14 23:04:11.624572+00:00,29.53880729712546
2025-08-14 23:04:13.788149+00:00,29.54395785430097
2025-08-14 23:04:16.546224+00:00,29.54395785430097
2025-08-14 23:04:18.116132+00:00,29.54910841176752
2025-08-14 23:04:18.601715+00:00,29.54395785430097
2025-08-14 23:04:18.884970+00:00,29.54910841176752
2025-08-14 23:04:21.542681+00:00,29.54910841176752
2025-08-14 23:04:24.275392+00:00,29.54395785430097
2025-08-14 23:04:26.878747+00:00,29.53880729712546
2025-08-14 23:04:29.506400+00:00,29.54395785430097
2025-08-14 23:04:29.708441+00:00,29.54910841176752
2025-08-14 23:04:30.147545+00:00,29.54910841176752
2025-08-14 23:04:36.997177+00:00,29.5645600859134
2025-08-14 23:04:38.099482+00:00,29.54395785430097
2025-08-14 23:04:40.441989+00:00,29.54395785430097
2025-08-14 23:04:41.529790+00:00,29.5645600859134
2025-08-14 23:04:42.845291+00:00,29.54910841176752
2025-08-14 23:04:43.022660+00:00,29.554258969525108
2025-08-14 23:04:43.550051+00:00,29.5645600859134
2025-08-14 23:04:44.267233+00:00,29.54910841176752
2025-08-14 23:04:44.546477+00:00,29.554258969525108
2025-08-14 23:04:45.772294+00:00,29.54395785430097
2025-08-14 23:04:46.982711+00:00,29.54910841176752
2025-08-14 23:04:49.556415+00:00,29.559409527573735
2025-08-14 23:04:49.857522+00:00,29.554258969525108
2025-08-14 23:04:50.180361+00:00,29.559409527573735
2025-08-14 23:04:53.918740+00:00,29.554258969525108
2025-08-14 23:04:55.897434+00:00,29.559409527573735
2025-08-14 23:04:56.200674+00:00,29.559409527573735
2025-08-14 23:04:56.488874+00:00,29.54910841176752
2025-08-14 23:04:57.277867+00:00,29.54910841176752
2025-08-14 23:04:58.656068+00:00,29.554258969525108
2025-08-14 23:04:59.248008+00:00,29.54910841176752
2025-08-14 23:05:02.374790+00:00,29.5645600859134
2025-08-14 23:05:03.293501+00:00,29.569710644544102
2025-08-14 23:05:06.108106+00:00,29.559409527573735
2025-08-14 23:05:11.759833+00:00,29.554258969525108
2025-08-14 23:05:14.755905+00:00,29.569710644544102
2025-08-14 23:05:15.464060+00:00,29.569710644544102
2025-08-14 23:05:17.348923+00:00,29.5645600859134
2025-08-14 23:05:20.604188+00:00,29.554258969525108
2025-08-14 23:05:22.207937+00:00,29.54910841176752
2025-08-14 23:05:22.733180+00:00,29.554258969525108
2025-08-14 23:05:23.217930+00:00,29.54910841176752
2025-08-14 23:05:26.030706+00:00,29.554258969525108
2025-08-14 23:05:27.909238+00:00,29.574861203465844
2025-08-14 23:05:34.205324+00:00,29.5645600859134
2025-08-14 23:05:34.842376+00:00,29.54910841176752
2025-08-14 23:05:36.999004+00:00,29.54910841176752
2025-08-14 23:05:38.416847+00:00,29.54395785430097
2025-08-14 23:05:39.002877+00:00,29.54395785430097
2025-08-14 23:05:39.478178+00:00,29.54910841176752
2025-08-14 23:05:39.936594+00:00,29.554258969525108
2025-08-14 23:05:40.521560+00:00,29.554258969525108
2025-08-14 23:05:42.024094+00:00,29.559409527573735
2025-08-14 23:05:43.672062+00:00,29.554258969525108
2025-08-14 23:05:43.946644+00:00,29.54910841176752
2025-08-14 23:05:44.206984+00:00,29.5645600859134
2025-08-14 23:05:44.648369+00:00,29.554258969525108
2025-08-14 23:05:49.052581+00:00,29.559409527573735
2025-08-14 23:05:49.956457+00:00,29.53880729712546
2025-08-14 23:05:51.950530+00:00,29.53880729712546
2025-08-14 23:05:53.480877+00:00,29.54395785430097
2025-08-14 23:05:55.912128+00:00,29.53880729712546
2025-08-14 23:05:57.296017+00:00,29.54910841176752
2025-08-14 23:06:03.008270+00:00,29.53880729712546
2025-08-14 23:06:05.085823+00:00,29.53880729712546
2025-08-14 23:06:06.236720+00:00,29.533656740240986
2025-08-14 23:06:07.490589+00:00,29.533656740240986
2025-08-14 23:06:08.507637+00:00,29.533656740240986
2025-08-14 23:06:10.840135+00:00,29.513054515613476
2025-08-14 23:06:14.245405+00:00,29.54395785430097
2025-08-14 23:06:15.015560+00:00,29.53880729712546
2025-08-14 23:06:17.205778+00:00,29.54910841176752
2025-08-14 23:06:20.612646+00:00,29.54910841176752
2025-08-14 23:06:21.089220+00:00,29.54395785430097
2025-08-14 23:06:21.446479+00:00,29.533656740240986
2025-08-14 23:06:23.703550+00:00,29.54395785430097
2025-08-14 23:06:23.913598+00:00,29.53880729712546
2025-08-14 23:06:24.941281+00:00,29.53880729712546
2025-08-14 23:06:25.842402+00:00,29.54395785430097
2025-08-14 23:06:26.170479+00:00,29.53880729712546
2025-08-14 23:06:30.840263+00:00,29.554258969525108
2025-08-14 23:06:31.888725+00:00,29.54395785430097
2025-08-14 23:06:32.282751+00:00,29.54395785430097
2025-08-14 23:06:33.443791+00:00,29.559409527573735
2025-08-14 23:06:34.180285+00:00,29.54395785430097
2025-08-14 23:06:34.928718+00:00,29.559409527573735
2025-08-14 23:06:36.382594+00:00,29.54395785430097
2025-08-14 23:06:39.269807+00:00,29.54395785430097
2025-08-14 23:06:40.997686+00:00,29.53880729712546
2025-08-14 23:06:42.843557+00:00,29.53880729712546
2025-08-14 23:06:43.284786+00:00,29.53880729712546
2025-08-14 23:06:43.752640+00:00,29.54395785430097
2025-08-14 23:06:46.450981+00:00,29.53880729712546
2025-08-14 23:06:48.771035+00:00,29.54395785430097
2025-08-14 23:06:50.055488+00:00,29.54395785430097
2025-08-14 23:06:52.662595+00:00,29.54395785430097
2025-08-14 23:06:53.811718+00:00,29.53880729712546
2025-08-14 23:06:55.326252+00:00,29.54395785430097
2025-08-14 23:06:55.910493+00:00,29.54395785430097
2025-08-14 23:06:56.196056+00:00,29.554258969525108
2025-08-14 23:06:56.871400+00:00,29.54910841176752
2025-08-14 23:06:57.585701+00:00,29.54395785430097
2025-08-14 23:06:58.292032+00:00,29.54910841176752
2025-08-14 23:06:58.650436+00:00,29.554258969525108
2025-08-14 23:07:02.172595+00:00,29.53880729712546
2025-08-14 23:07:04.314912+00:00,29.54395785430097
2025-08-14 23:07:10.904137+00:00,29.554258969525108
2025-08-14 23:07:11.656918+00:00,29.554258969525108
2025-08-14 23:07:12.370827+00:00,29.554258969525108
2025-08-14 23:07:12.988822+00:00,29.54910841176752
2025-08-14 23:07:13.278108+00:00,29.554258969525108
2025-08-14 23:07:13.970388+00:00,29.554258969525108
2025-08-14 23:07:14.261481+00:00,29.569710644544102
2025-08-14 23:07:14.461838+00:00,29.569710644544102
2025-08-14 23:07:14.663715+00:00,29.569710644544102
2025-08-14 23:07:14.913369+00:00,29.574861203465844
2025-08-14 23:07:15.390188+00:00,29.569710644544102
2025-08-14 23:07:15.976990+00:00,29.5645600859134
2025-08-14 23:07:20.867599+00:00,29.54395785430097
2025-08-14 23:07:25.011058+00:00,29.554258969525108
2025-08-14 23:07:28.890753+00:00,29.5645600859134
2025-08-14 23:07:30.001177+00:00,29.54395785430097
2025-08-14 23:07:34.686044+00:00,29.54910841176752
2025-08-14 23:07:37.694474+00:00,29.5645600859134
2025-08-14 23:07:39.847000+00:00,29.569710644544102
2025-08-14 23:07:40.522282+00:00,29.54910841176752
2025-08-14 23:07:42.738049+00:00,29.5645600859134
2025-08-14 23:07:44.116687+00:00,29.554258969525108
2025-08-14 23:07:51.845193+00:00,29.54395785430097
2025-08-14 23:07:52.394130+00:00,29.569710644544102
2025-08-14 23:07:52.681106+00:00,29.559409527573735
2025-08-14 23:07:53.369677+00:00,29.559409527573735
2025-08-14 23:07:54.150743+00:00,29.559409527573735
2025-08-14 23:07:55.010151+00:00,29.569710644544102
2025-08-14 23:07:55.661691+00:00,29.5645600859134
2025-08-14 23:07:56.419693+00:00,29.554258969525108
2025-08-14 23:07:57.484822+00:00,29.554258969525108
2025-08-14 23:07:58.126547+00:00,29.569710644544102
2025-08-14 23:07:58.711272+00:00,29.554258969525108
2025-08-14 23:08:01.328148+00:00,29.554258969525108
2025-08-14 23:08:02.559125+00:00,29.5645600859134
2025-08-14 23:08:03.056911+00:00,29.554258969525108
2025-08-14 23:08:03.552777+00:00,29.569710644544102
2025-08-14 23:08:04.070398+00:00,29.569710644544102
2025-08-14 23:08:04.694277+00:00,29.559409527573735
2025-08-14 23:08:05.177160+00:00,29.569710644544102
2025-08-14 23:08:08.437687+00:00,29.569710644544102
2025-08-14 23:08:09.030197+00:00,29.554258969525108
2025-08-14 23:08:11.779578+00:00,29.554258969525108
2025-08-14 23:08:12.453113+00:00,29.554258969525108
2025-08-14 23:08:13.146059+00:00,29.569710644544102
2025-08-14 23:08:13.747937+00:00,29.554258969525108
2025-08-14 23:08:14.341014+00:00,29.554258969525108
2025-08-14 23:08:14.984663+00:00,29.54910841176752
2025-08-14 23:08:15.554256+00:00,29.559409527573735
2025-08-14 23:08:19.994418+00:00,29.569710644544102
2025-08-14 23:08:24.027169+00:00,29.54910841176752
2025-08-14 23:08:25.327326+00:00,29.554258969525108
2025-08-14 23:08:27.424181+00:00,29.54910841176752
2025-08-14 23:08:28.284771+00:00,29.554258969525108
2025-08-14 23:08:29.019844+00:00,29.5645600859134
2025-08-14 23:08:29.762555+00:00,29.559409527573735
2025-08-14 23:08:30.562502+00:00,29.54910841176752
2025-08-14 23:08:31.476914+00:00,29.554258969525108
2025-08-14 23:08:36.372089+00:00,29.554258969525108
2025-08-14 23:08:36.622661+00:00,29.554258969525108
2025-08-14 23:08:37.264381+00:00,29.54395785430097
2025-08-14 23:08:37.917395+00:00,29.54910841176752
2025-08-14 23:08:38.351222+00:00,29.54910841176752
2025-08-14 23:08:38.693700+00:00,29.5645600859134
2025-08-14 23:08:38.976501+00:00,29.5645600859134
2025-08-14 23:08:40.586367+00:00,29.554258969525108
2025-08-14 23:08:46.609995+00:00,29.54910841176752
2025-08-14 23:08:51.593159+00:00,29.54910841176752
2025-08-14 23:08:52.084852+00:00,29.54910841176752
2025-08-14 23:08:52.576721+00:00,29.554258969525108
2025-08-14 23:08:52.832654+00:00,29.54910841176752
2025-08-14 23:08:53.127027+00:00,29.54910841176752
2025-08-14 23:08:53.351030+00:00,29.559409527573735
2025-08-14 23:08:53.820500+00:00,29.5645600859134
2025-08-14 23:08:54.076463+00:00,29.559409527573735
2025-08-14 23:08:54.353762+00:00,29.54910841176752
2025-08-14 23:08:55.749159+00:00,29.559409527573735
2025-08-14 23:08:57.528902+00:00,29.5645600859134
2025-08-14 23:08:58.118281+00:00,29.554258969525108
2025-08-14 23:08:58.657357+00:00,29.54910841176752
2025-08-14 23:08:59.633999+00:00,29.5645600859134
2025-08-14 23:09:03.068585+00:00,29.54910841176752
2025-08-14 23:09:04.704709+00:00,29.559409527573735
2025-08-14 23:09:05.452829+00:00,29.559409527573735
2025-08-14 23:09:11.091766+00:00,29.554258969525108
2025-08-14 23:09:13.264581+00:00,29.569710644544102
2025-08-14 23:09:14.291354+00:00,29.559409527573735
2025-08-14 23:09:15.752782+00:00,29.554258969525108
2025-08-14 23:09:17.417393+00:00,29.569710644544102
2025-08-14 23:09:17.818575+00:00,29.53880729712546
2025-08-14 23:09:19.049958+00:00,29.54910841176752
2025-08-14 23:09:19.284304+00:00,29.54910841176752
2025-08-14 23:09:19.440433+00:00,29.5645600859134
2025-08-14 23:09:19.650536+00:00,29.574861203465844
2025-08-14 23:09:22.788680+00:00,29.559409527573735
2025-08-14 23:09:23.091508+00:00,29.569710644544102
2025-08-14 23:09:23.374538+00:00,29.569710644544102
2025-08-14 23:09:24.987259+00:00,29.5645600859134
2025-08-14 23:09:25.419875+00:00,29.54910841176752
2025-08-14 23:09:26.073306+00:00,29.5645600859134
2025-08-14 23:09:28.717706+00:00,29.5645600859134
2025-08-14 23:09:29.549838+00:00,29.559409527573735
2025-08-14 23:09:33.307796+00:00,29.54910841176752
2025-08-14 23:09:34.501127+00:00,29.5645600859134
2025-08-14 23:09:34.824528+00:00,29.5645600859134
2025-08-14 23:09:35.889859+00:00,29.5645600859134
2025-08-14 23:09:36.984948+00:00,29.574861203465844
2025-08-14 23:09:38.041551+00:00,29.559409527573735
2025-08-14 23:09:39.417588+00:00,29.569710644544102
2025-08-14 23:09:40.559288+00:00,29.5645600859134
2025-08-14 23:09:41.417509+00:00,29.54910841176752
2025-08-14 23:09:42.725967+00:00,29.54395785430097
2025-08-14 23:09:48.994375+00:00,29.569710644544102
2025-08-14 23:09:50.715567+00:00,29.559409527573735
2025-08-14 23:09:51.034321+00:00,29.5645600859134
2025-08-14 23:09:52.235549+00:00,29.54910841176752
2025-08-14 23:09:52.946857+00:00,29.559409527573735
2025-08-14 23:09:54.372711+00:00,29.54910841176752
2025-08-14 23:09:55.806187+00:00,29.569710644544102
2025-08-14 23:09:56.187382+00:00,29.5645600859134
2025-08-14 23:09:56.781567+00:00,29.54910841176752
2025-08-14 23:09:57.957400+00:00,29.569710644544102
2025-08-14 23:09:59.588961+00:00,29.569710644544102
2025-08-14 23:10:02.514195+00:00,29.569710644544102
2025-08-14 23:10:04.150334+00:00,29.569710644544102
2025-08-14 23:10:04.927138+00:00,29.5645600859134
2025-08-14 23:10:07.592467+00:00,29.569710644544102
2025-08-14 23:10:10.110092+00:00,29.569710644544102
2025-08-14 23:10:11.417578+00:00,29.569710644544102
2025-08-14 23:10:11.863291+00:00,29.559409527573735
2025-08-14 23:10:13.818897+00:00,29.569710644544102
2025-08-14 23:10:15.178129+00:00,29.580011762678623
2025-08-14 23:10:15.611118+00:00,29.580011762678623
2025-08-14 23:10:16.016469+00:00,29.569710644544102
2025-08-14 23:10:25.158535+00:00,29.559409527573735
2025-08-14 23:10:25.784494+00:00,29.569710644544102
2025-08-14 23:10:26.180016+00:00,29.5645600859134
2025-08-14 23:10:26.584934+00:00,29.569710644544102
2025-08-14 23:10:26.968102+00:00,29.569710644544102
2025-08-14 23:10:27.282779+00:00,29.569710644544102
2025-08-14 23:10:27.754468+00:00,29.5645600859134
2025-08-14 23:10:29.348382+00:00,29.5645600859134
2025-08-14 23:10:30.539707+00:00,29.5645600859134
2025-08-14 23:10:31.907516+00:00,29.559409527573735
2025-08-14 23:10:32.609568+00:00,29.5645600859134
2025-08-14 23:10:34.875085+00:00,29.5645600859134
2025-08-14 23:10:36.380391+00:00,29.5645600859134
2025-08-14 23:10:37.706812+00:00,29.574861203465844
2025-08-14 23:10:39.685700+00:00,29.569710644544102
2025-08-14 23:10:40.931583+00:00,29.5645600859134
2025-08-14 23:10:41.766174+00:00,29.569710644544102
2025-08-14 23:10:43.072285+00:00,29.554258969525108
2025-08-14 23:10:43.456348+00:00,29.569710644544102
2025-08-14 23:10:43.985377+00:00,29.569710644544102
2025-08-14 23:10:45.491985+00:00,29.569710644544102
2025-08-14 23:10:49.379566+00:00,29.5645600859134
2025-08-14 23:10:50.449291+00:00,29.554258969525108
2025-08-14 23:10:53.203576+00:00,29.54910841176752
2025-08-14 23:10:55.771758+00:00,29.574861203465844
2025-08-14 23:10:56.064950+00:00,29.5645600859134
2025-08-14 23:10:57.008344+00:00,29.554258969525108
2025-08-14 23:10:59.023062+00:00,29.554258969525108
2025-08-14 23:11:01.230640+00:00,29.569710644544102
2025-08-14 23:11:02.329400+00:00,29.54910841176752
2025-08-14 23:11:04.333260+00:00,29.559409527573735
2025-08-14 23:11:07.347761+00:00,29.554258969525108
2025-08-14 23:11:08.748717+00:00,29.54910841176752
2025-08-14 23:11:12.390491+00:00,29.5645600859134
2025-08-14 23:11:13.965982+00:00,29.559409527573735
2025-08-14 23:11:19.547098+00:00,29.559409527573735
2025-08-14 23:11:19.773397+00:00,29.559409527573735
2025-08-14 23:11:20.224063+00:00,29.554258969525108
2025-08-14 23:11:21.572560+00:00,29.559409527573735
2025-08-14 23:11:21.954326+00:00,29.554258969525108
2025-08-14 23:11:22.212294+00:00,29.554258969525108
2025-08-14 23:11:22.437510+00:00,29.5645600859134
2025-08-14 23:11:22.730717+00:00,29.5645600859134
2025-08-14 23:11:25.302869+00:00,29.54395785430097
2025-08-14 23:11:26.091308+00:00,29.54910841176752
2025-08-14 23:11:27.313283+00:00,29.554258969525108
2025-08-14 23:11:28.453695+00:00,29.5645600859134
2025-08-14 23:11:28.798772+00:00,29.54910841176752
2025-08-14 23:11:29.082033+00:00,29.569710644544102
2025-08-14 23:11:30.383255+00:00,29.5645600859134
2025-08-14 23:11:32.615909+00:00,29.5645600859134
2025-08-14 23:11:37.518580+00:00,29.554258969525108
2025-08-14 23:11:38.546532+00:00,29.54910841176752
2025-08-14 23:11:40.870054+00:00,29.54910841176752
2025-08-14 23:11:41.587349+00:00,29.554258969525108
2025-08-14 23:11:41.948167+00:00,29.559409527573735
2025-08-14 23:11:42.333995+00:00,29.554258969525108
2025-08-14 23:11:44.164723+00:00,29.569710644544102
2025-08-14 23:11:45.205556+00:00,29.569710644544102
2025-08-14 23:11:47.106637+00:00,29.559409527573735
2025-08-14 23:11:50.997989+00:00,29.559409527573735
2025-08-14 23:11:52.553858+00:00,29.554258969525108
2025-08-14 23:11:55.338142+00:00,29.559409527573735
2025-08-14 23:11:55.619467+00:00,29.5645600859134
2025-08-14 23:11:56.004570+00:00,29.569710644544102
2025-08-14 23:11:56.314143+00:00,29.569710644544102
2025-08-14 23:11:57.398379+00:00,29.569710644544102
2025-08-14 23:11:58.627523+00:00,29.574861203465844
2025-08-14 23:11:58.911531+00:00,29.569710644544102
2025-08-14 23:11:59.161807+00:00,29.580011762678623
2025-08-14 23:12:00.104714+00:00,29.5645600859134
2025-08-14 23:12:02.420560+00:00,29.554258969525108
2025-08-14 23:12:06.913222+00:00,29.54395785430097
2025-08-14 23:12:07.938293+00:00,29.5645600859134
2025-08-14 23:12:08.756950+00:00,29.54910841176752
2025-08-14 23:12:09.507517+00:00,29.569710644544102
2025-08-14 23:12:12.919592+00:00,29.54910841176752
2025-08-14 23:12:15.689552+00:00,29.54395785430097
2025-08-14 23:12:18.050279+00:00,29.54395785430097
2025-08-14 23:12:18.949407+00:00,29.54395785430097
2025-08-14 23:12:19.202777+00:00,29.54395785430097
2025-08-14 23:12:19.708716+00:00,29.54910841176752
2025-08-14 23:12:21.297118+00:00,29.54910841176752
2025-08-14 23:12:21.874116+00:00,29.54395785430097
2025-08-14 23:12:22.149510+00:00,29.53880729712546
2025-08-14 23:12:22.532794+00:00,29.554258969525108
2025-08-14 23:12:22.973671+00:00,29.554258969525108
2025-08-14 23:12:24.403920+00:00,29.554258969525108
2025-08-14 23:12:26.740274+00:00,29.54910841176752
2025-08-14 23:12:26.984797+00:00,29.554258969525108
2025-08-14 23:12:27.388283+00:00,29.54910841176752
2025-08-14 23:12:27.770536+00:00,29.5645600859134
2025-08-14 23:12:28.079812+00:00,29.54910841176752
2025-08-14 23:12:29.655478+00:00,29.54395785430097
2025-08-14 23:12:31.871830+00:00,29.54395785430097
2025-08-14 23:12:33.054410+00:00,29.554258969525108
2025-08-14 23:12:33.876266+00:00,29.54395785430097
2025-08-14 23:12:34.911993+00:00,29.54395785430097
2025-08-14 23:12:36.108515+00:00,29.53880729712546
2025-08-14 23:12:37.694902+00:00,29.53880729712546
2025-08-14 23:12:38.246254+00:00,29.52850618364755
2025-08-14 23:12:38.523132+00:00,29.53880729712546
2025-08-14 23:12:38.783310+00:00,29.54395785430097
2025-08-14 23:12:39.042034+00:00,29.554258969525108
2025-08-14 23:12:39.402502+00:00,29.54910841176752
2025-08-14 23:12:39.725679+00:00,29.54910841176752
2025-08-14 23:12:41.444866+00:00,29.54395785430097
2025-08-14 23:12:41.869748+00:00,29.533656740240986
2025-08-14 23:12:42.915806+00:00,29.53880729712546
2025-08-14 23:12:43.358166+00:00,29.52850618364755
2025-08-14 23:12:44.220341+00:00,29.53880729712546
2025-08-14 23:12:46.003782+00:00,29.54395785430097
2025-08-14 23:12:46.737852+00:00,29.53880729712546
2025-08-14 23:12:49.419403+00:00,29.52850618364755
2025-08-14 23:12:49.836438+00:00,29.523355627345154
2025-08-14 23:12:54.035146+00:00,29.52850618364755
2025-08-14 23:12:54.680527+00:00,29.52850618364755
2025-08-14 23:12:56.981566+00:00,29.523355627345154
2025-08-14 23:12:57.423505+00:00,29.52850618364755
2025-08-14 23:12:57.585682+00:00,29.52850618364755
2025-08-14 23:13:00.155488+00:00,29.52850618364755
2025-08-14 23:13:02.360149+00:00,29.52850618364755
2025-08-14 23:13:02.837286+00:00,29.523355627345154
2025-08-14 23:13:03.495158+00:00,29.53880729712546
2025-08-14 23:13:04.178819+00:00,29.533656740240986
2025-08-14 23:13:04.855014+00:00,29.52850618364755
2025-08-14 23:13:06.829781+00:00,29.52850618364755
2025-08-14 23:13:08.786060+00:00,29.52850618364755
2025-08-14 23:13:09.487781+00:00,29.518205071333796
2025-08-14 23:13:10.178736+00:00,29.52850618364755
2025-08-14 23:13:13.416729+00:00,29.53880729712546
2025-08-14 23:13:14.410569+00:00,29.52850618364755
2025-08-14 23:13:15.720735+00:00,29.523355627345154
2025-08-14 23:13:17.498516+00:00,29.523355627345154
2025-08-14 23:13:18.547663+00:00,29.533656740240986
2025-08-14 23:13:19.072302+00:00,29.52850618364755
2025-08-14 23:13:19.323683+00:00,29.53880729712546
2025-08-14 23:13:20.503859+00:00,29.533656740240986
2025-08-14 23:13:21.363238+00:00,29.52850618364755
2025-08-14 23:13:21.871389+00:00,29.533656740240986
2025-08-14 23:13:24.882238+00:00,29.54395785430097
2025-08-14 23:13:25.250171+00:00,29.507903960184194
2025-08-14 23:13:26.411572+00:00,29.53880729712546
2025-08-14 23:13:26.643741+00:00,29.54910841176752
2025-08-14 23:13:28.707544+00:00,29.53880729712546
2025-08-14 23:13:29.827750+00:00,29.53880729712546
2025-08-14 23:13:32.577214+00:00,29.53880729712546
2025-08-14 23:13:34.138375+00:00,29.53880729712546
2025-08-14 23:13:35.675000+00:00,29.533656740240986
2025-08-14 23:13:36.277778+00:00,29.53880729712546
2025-08-14 23:13:36.563558+00:00,29.53880729712546
2025-08-14 23:13:36.888535+00:00,29.54395785430097
2025-08-14 23:13:37.164964+00:00,29.53880729712546
2025-08-14 23:13:38.725638+00:00,29.554258969525108
2025-08-14 23:13:39.930590+00:00,29.53880729712546
2025-08-14 23:13:40.221870+00:00,29.54395785430097
2025-08-14 23:13:40.506892+00:00,29.54910841176752
2025-08-14 23:13:41.096850+00:00,29.54910841176752
2025-08-14 23:13:41.847005+00:00,29.54910841176752
2025-08-14 23:13:42.806549+00:00,29.554258969525108
2025-08-14 23:13:44.103833+00:00,29.54910841176752
2025-08-14 23:13:46.290453+00:00,29.54910841176752
2025-08-14 23:13:47.762736+00:00,29.554258969525108
2025-08-14 23:13:48.286904+00:00,29.54395785430097
2025-08-14 23:13:48.497052+00:00,29.559409527573735
2025-08-14 23:13:48.880996+00:00,29.54395785430097
2025-08-14 23:13:50.744431+00:00,29.54910841176752
2025-08-14 23:13:52.012897+00:00,29.54910841176752
2025-08-14 23:14:00.585600+00:00,29.54395785430097
2025-08-14 23:14:02.160004+00:00,29.53880729712546
2025-08-14 23:14:02.601967+00:00,29.52850618364755
2025-08-14 23:14:11.911179+00:00,29.53880729712546
2025-08-14 23:14:12.379296+00:00,29.54395785430097
2025-08-14 23:14:13.987184+00:00,29.52850618364755
2025-08-14 23:14:15.900141+00:00,29.53880729712546
2025-08-14 23:14:17.925842+00:00,29.54395785430097
2025-08-14 23:14:18.863811+00:00,29.554258969525108
2025-08-14 23:14:19.303725+00:00,29.54395785430097
2025-08-14 23:14:20.302660+00:00,29.554258969525108
2025-08-14 23:14:21.387830+00:00,29.54395785430097
2025-08-14 23:14:23.038374+00:00,29.54910841176752
2025-08-14 23:14:24.112849+00:00,29.54395785430097
2025-08-14 23:14:25.882533+00:00,29.533656740240986
2025-08-14 23:14:26.820243+00:00,29.54395785430097
2025-08-14 23:14:27.480028+00:00,29.53880729712546
2025-08-14 23:14:29.025248+00:00,29.53880729712546
2025-08-14 23:14:29.344094+00:00,29.53880729712546
2025-08-14 23:14:29.821017+00:00,29.53880729712546
2025-08-14 23:14:30.684752+00:00,29.53880729712546
2025-08-14 23:14:31.226858+00:00,29.54395785430097
2025-08-14 23:14:31.703934+00:00,29.54910841176752
2025-08-14 23:14:32.877866+00:00,29.559409527573735
2025-08-14 23:14:34.029504+00:00,29.54910841176752
2025-08-14 23:14:34.359899+00:00,29.54910841176752
2025-08-14 23:14:34.604156+00:00,29.554258969525108
2025-08-14 23:14:34.849862+00:00,29.54910841176752
2025-08-14 23:14:35.201519+00:00,29.54395785430097
2025-08-14 23:14:35.476226+00:00,29.5645600859134
2025-08-14 23:14:39.430838+00:00,29.54910841176752
2025-08-14 23:14:39.828478+00:00,29.54910841176752
2025-08-14 23:14:41.395211+00:00,29.54395785430097
2025-08-14 23:14:42.200654+00:00,29.54910841176752
2025-08-14 23:14:43.170701+00:00,29.54395785430097
2025-08-14 23:14:48.145631+00:00,29.54910841176752
2025-08-14 23:14:50.550920+00:00,29.54395785430097
2025-08-14 23:14:51.704173+00:00,29.54910841176752
2025-08-14 23:14:55.791244+00:00,29.53880729712546
2025-08-14 23:14:59.610916+00:00,29.54910841176752
2025-08-14 23:15:00.307814+00:00,29.54910841176752
2025-08-14 23:15:03.199881+00:00,29.54910841176752
2025-08-14 23:15:04.606408+00:00,29.54395785430097
2025-08-14 23:15:09.143198+00:00,29.54910841176752
2025-08-14 23:15:13.254059+00:00,29.54395785430097
2025-08-14 23:15:15.309737+00:00,29.54910841176752
2025-08-14 23:15:23.867075+00:00,29.54395785430097
2025-08-14 23:15:26.041031+00:00,29.533656740240986
2025-08-14 23:15:27.361803+00:00,29.54395785430097
2025-08-14 23:15:28.699811+00:00,29.53880729712546
2025-08-14 23:15:29.041711+00:00,29.53880729712546
2025-08-14 23:15:31.305173+00:00,29.53880729712546
2025-08-14 23:15:32.442002+00:00,29.53880729712546
2025-08-14 23:15:37.875440+00:00,29.533656740240986
2025-08-14 23:15:43.124241+00:00,29.52850618364755
2025-08-14 23:15:48.674711+00:00,29.52850618364755
2025-08-14 23:15:50.719119+00:00,29.52850618364755
2025-08-14 23:15:50.906242+00:00,29.52850618364755
2025-08-14 23:15:52.428220+00:00,29.52850618364755
2025-08-14 23:15:53.161001+00:00,29.52850618364755
2025-08-14 23:15:55.176413+00:00,29.533656740240986
2025-08-14 23:15:58.026329+00:00,29.523355627345154
2025-08-14 23:16:04.911088+00:00,29.533656740240986
2025-08-14 23:16:06.969368+00:00,29.52850618364755
2025-08-14 23:16:07.704278+00:00,29.53880729712546
2025-08-14 23:16:11.875943+00:00,29.533656740240986
2025-08-14 23:16:12.449454+00:00,29.52850618364755
2025-08-14 23:16:14.544559+00:00,29.533656740240986
2025-08-14 23:16:14.803518+00:00,29.518205071333796
2025-08-14 23:16:16.397169+00:00,29.533656740240986
2025-08-14 23:16:18.204451+00:00,29.53880729712546
2025-08-14 23:16:18.665663+00:00,29.53880729712546
2025-08-14 23:16:20.143370+00:00,29.533656740240986
2025-08-14 23:16:20.894505+00:00,29.523355627345154
2025-08-14 23:16:22.975419+00:00,29.52850618364755
2025-08-14 23:16:23.402529+00:00,29.53880729712546
2025-08-14 23:16:25.127288+00:00,29.52850618364755
2025-08-14 23:16:26.057944+00:00,29.52850618364755
2025-08-14 23:16:27.394039+00:00,29.53880729712546
2025-08-14 23:16:28.204737+00:00,29.533656740240986
2025-08-14 23:16:30.215508+00:00,29.52850618364755
2025-08-14 23:16:32.066520+00:00,29.533656740240986
2025-08-14 23:16:34.985545+00:00,29.533656740240986
2025-08-14 23:16:36.451170+00:00,29.53880729712546
2025-08-14 23:16:36.742363+00:00,29.53880729712546
2025-08-14 23:16:37.503768+00:00,29.53880729712546
2025-08-14 23:16:39.040050+00:00,29.53880729712546
2025-08-14 23:16:40.152233+00:00,29.533656740240986
2025-08-14 23:16:41.868519+00:00,29.53880729712546
2025-08-14 23:16:42.640325+00:00,29.533656740240986
2025-08-14 23:16:43.051007+00:00,29.533656740240986
2025-08-14 23:16:43.968201+00:00,29.52850618364755
2025-08-14 23:16:45.013875+00:00,29.533656740240986
2025-08-14 23:16:47.130773+00:00,29.53880729712546
2025-08-14 23:16:49.358178+00:00,29.52850618364755
2025-08-14 23:16:49.842985+00:00,29.53880729712546
2025-08-14 23:16:50.670209+00:00,29.533656740240986
2025-08-14 23:16:51.356078+00:00,29.53880729712546
2025-08-14 23:16:53.674996+00:00,29.52850618364755
2025-08-14 23:16:53.993839+00:00,29.52850618364755
2025-08-14 23:16:56.117107+00:00,29.533656740240986
2025-08-14 23:16:56.643632+00:00,29.53880729712546
2025-08-14 23:16:59.566543+00:00,29.53880729712546
2025-08-14 23:17:08.285938+00:00,29.54910841176752
2025-08-14 23:17:09.605117+00:00,29.53880729712546
2025-08-14 23:17:10.547290+00:00,29.533656740240986
2025-08-14 23:17:13.812489+00:00,29.54395785430097
2025-08-14 23:17:14.476104+00:00,29.54395785430097
2025-08-14 23:17:16.562474+00:00,29.53880729712546
2025-08-14 23:17:17.938450+00:00,29.52850618364755
2025-08-14 23:17:19.057913+00:00,29.54395785430097
2025-08-14 23:17:22.298960+00:00,29.54395785430097
2025-08-14 23:17:24.156554+00:00,29.54395785430097
2025-08-14 23:17:32.234976+00:00,29.53880729712546
2025-08-14 23:17:32.913586+00:00,29.53880729712546
2025-08-14 23:17:33.420594+00:00,29.53880729712546
2025-08-14 23:17:33.803560+00:00,29.533656740240986
2025-08-14 23:17:36.171049+00:00,29.54395785430097
2025-08-14 23:17:38.163013+00:00,29.53880729712546
2025-08-14 23:17:39.222780+00:00,29.53880729712546
2025-08-14 23:17:39.834401+00:00,29.54910841176752
2025-08-14 23:17:40.929726+00:00,29.54395785430097
2025-08-14 23:17:41.596523+00:00,29.533656740240986
2025-08-14 23:17:42.051460+00:00,29.54395785430097
2025-08-14 23:17:42.329227+00:00,29.54910841176752
2025-08-14 23:17:50.608268+00:00,29.54910841176752
2025-08-14 23:17:51.341289+00:00,29.54395785430097
2025-08-14 23:17:51.887483+00:00,29.53880729712546
2025-08-14 23:17:52.127532+00:00,29.53880729712546
2025-08-14 23:17:54.149739+00:00,29.53880729712546
2025-08-14 23:17:55.461471+00:00,29.52850618364755
2025-08-14 23:17:56.565233+00:00,29.533656740240986
2025-08-14 23:17:57.091324+00:00,29.533656740240986
2025-08-14 23:17:57.919576+00:00,29.533656740240986
2025-08-14 23:18:01.069967+00:00,29.54395785430097
2025-08-14 23:18:04.571662+00:00,29.533656740240986
2025-08-14 23:18:05.171316+00:00,29.53880729712546
2025-08-14 23:18:05.676567+00:00,29.533656740240986
2025-08-14 23:18:08.615220+00:00,29.53880729712546
2025-08-14 23:18:09.641943+00:00,29.53880729712546
2025-08-14 23:18:11.155887+00:00,29.53880729712546
2025-08-14 23:18:15.069094+00:00,29.53880729712546
2025-08-14 23:18:15.463131+00:00,29.533656740240986
2025-08-14 23:18:20.202666+00:00,29.52850618364755
2025-08-14 23:18:22.895065+00:00,29.523355627345154
2025-08-14 23:18:23.746424+00:00,29.533656740240986
2025-08-14 23:18:25.365923+00:00,29.533656740240986
2025-08-14 23:18:25.976469+00:00,29.518205071333796
2025-08-14 23:18:26.945459+00:00,29.533656740240986
2025-08-14 23:18:28.163473+00:00,29.52850618364755
2025-08-14 23:18:29.711166+00:00,29.53880729712546
2025-08-14 23:18:29.971369+00:00,29.52850618364755
2025-08-14 23:18:34.273046+00:00,29.523355627345154
2025-08-14 23:18:34.556049+00:00,29.523355627345154
2025-08-14 23:18:34.815019+00:00,29.523355627345154
2025-08-14 23:18:35.011298+00:00,29.52850618364755
2025-08-14 23:18:35.377744+00:00,29.523355627345154
2025-08-14 23:18:38.379133+00:00,29.523355627345154
2025-08-14 23:18:41.351882+00:00,29.518205071333796
2025-08-14 23:18:41.635564+00:00,29.52850618364755
2025-08-14 23:18:42.513690+00:00,29.52850618364755
2025-08-14 23:18:43.141192+00:00,29.518205071333796
2025-08-14 23:18:44.210986+00:00,29.52850618364755
2025-08-14 23:18:44.795428+00:00,29.523355627345154
2025-08-14 23:18:45.011237+00:00,29.523355627345154
2025-08-14 23:18:49.128286+00:00,29.523355627345154
2025-08-14 23:18:50.568906+00:00,29.52850618364755
2025-08-14 23:18:52.141088+00:00,29.52850618364755
2025-08-14 23:18:52.937401+00:00,29.523355627345154
2025-08-14 23:18:54.335939+00:00,29.533656740240986
2025-08-14 23:18:55.470302+00:00,29.52850618364755
2025-08-14 23:18:56.251754+00:00,29.513054515613476
2025-08-14 23:18:57.260949+00:00,29.518205071333796
2025-08-14 23:18:57.528041+00:00,29.518205071333796
2025-08-14 23:18:57.718418+00:00,29.513054515613476
2025-08-14 23:19:00.719143+00:00,29.50275340504595
2025-08-14 23:19:03.227768+00:00,29.523355627345154
2025-08-14 23:19:09.201812+00:00,29.518205071333796
2025-08-14 23:19:14.268222+00:00,29.518205071333796
2025-08-14 23:19:14.743721+00:00,29.523355627345154
2025-08-14 23:19:15.451920+00:00,29.513054515613476
2025-08-14 23:19:20.886175+00:00,29.507903960184194
2025-08-14 23:19:21.203313+00:00,29.507903960184194
2025-08-14 23:19:21.421280+00:00,29.507903960184194
2025-08-14 23:19:21.997432+00:00,29.513054515613476
2025-08-14 23:19:23.601670+00:00,29.518205071333796
2025-08-14 23:19:24.086174+00:00,29.513054515613476
2025-08-14 23:19:24.410710+00:00,29.513054515613476
2025-08-14 23:19:24.638889+00:00,29.518205071333796
2025-08-14 23:19:25.782348+00:00,29.513054515613476
2025-08-14 23:19:26.702541+00:00,29.513054515613476
2025-08-14 23:19:27.872022+00:00,29.513054515613476
2025-08-14 23:19:28.417777+00:00,29.513054515613476
2025-08-14 23:19:28.777635+00:00,29.518205071333796
2025-08-14 23:19:30.426056+00:00,29.513054515613476
2025-08-14 23:19:31.051788+00:00,29.513054515613476
2025-08-14 23:19:33.982258+00:00,29.513054515613476
2025-08-14 23:19:35.478008+00:00,29.518205071333796
2025-08-14 23:19:37.533880+00:00,29.507903960184194
2025-08-14 23:19:38.484737+00:00,29.513054515613476
2025-08-14 23:19:40.110004+00:00,29.497602850198746
2025-08-14 23:19:41.118394+00:00,29.507903960184194
2025-08-14 23:19:42.765904+00:00,29.518205071333796
2025-08-14 23:19:44.834661+00:00,29.497602850198746
2025-08-14 23:19:47.466951+00:00,29.507903960184194
2025-08-14 23:19:49.076333+00:00,29.513054515613476
2025-08-14 23:19:49.751998+00:00,29.507903960184194
2025-08-14 23:19:53.746343+00:00,29.50275340504595
2025-08-14 23:19:53.955558+00:00,29.507903960184194
2025-08-14 23:19:55.801943+00:00,29.513054515613476
2025-08-14 23:19:57.122250+00:00,29.513054515613476
2025-08-14 23:19:57.344434+00:00,29.513054515613476
2025-08-14 23:19:57.915154+00:00,29.507903960184194
2025-08-14 23:19:59.278474+00:00,29.518205071333796
2025-08-14 23:20:00.772554+00:00,29.523355627345154
2025-08-14 23:20:01.373720+00:00,29.518205071333796
2025-08-14 23:20:01.983890+00:00,29.518205071333796
2025-08-14 23:20:02.467330+00:00,29.507903960184194
2025-08-14 23:20:05.433326+00:00,29.513054515613476
2025-08-14 23:20:05.918490+00:00,29.50275340504595
2025-08-14 23:20:07.417849+00:00,29.523355627345154
2025-08-14 23:20:17.015933+00:00,29.523355627345154
2025-08-14 23:20:18.020023+00:00,29.513054515613476
2025-08-14 23:20:20.918156+00:00,29.518205071333796
2025-08-14 23:20:21.824429+00:00,29.513054515613476
2025-08-14 23:20:22.422925+00:00,29.513054515613476
2025-08-14 23:20:25.267082+00:00,29.518205071333796
2025-08-14 23:20:26.100338+00:00,29.523355627345154
2025-08-14 23:20:26.540884+00:00,29.518205071333796
2025-08-14 23:20:28.869514+00:00,29.518205071333796
2025-08-14 23:20:29.392430+00:00,29.518205071333796
2025-08-14 23:20:29.816236+00:00,29.507903960184194
2025-08-14 23:20:32.550638+00:00,29.513054515613476
2025-08-14 23:20:33.693309+00:00,29.513054515613476
2025-08-14 23:20:36.758580+00:00,29.518205071333796
2025-08-14 23:20:37.201186+00:00,29.507903960184194
2025-08-14 23:20:44.627157+00:00,29.513054515613476
2025-08-14 23:20:45.011384+00:00,29.50275340504595
2025-08-14 23:20:49.676264+00:00,29.513054515613476
2025-08-14 23:20:52.814170+00:00,29.523355627345154
2025-08-14 23:20:54.852109+00:00,29.507903960184194
2025-08-14 23:20:59.217560+00:00,29.507903960184194
2025-08-14 23:20:59.897578+00:00,29.518205071333796
2025-08-14 23:21:03.197637+00:00,29.518205071333796
2025-08-14 23:21:08.309321+00:00,29.513054515613476
2025-08-14 23:21:10.062565+00:00,29.513054515613476
2025-08-14 23:21:12.442741+00:00,29.507903960184194
2025-08-14 23:21:16.267813+00:00,29.518205071333796
2025-08-14 23:21:18.782426+00:00,29.52850618364755
2025-08-14 23:21:21.937276+00:00,29.52850618364755
2025-08-14 23:21:23.416202+00:00,29.523355627345154
2025-08-14 23:21:23.793250+00:00,29.52850618364755
2025-08-14 23:21:27.959026+00:00,29.518205071333796
2025-08-14 23:21:29.956081+00:00,29.52850618364755
2025-08-14 23:21:33.490953+00:00,29.523355627345154
2025-08-14 23:21:40.414007+00:00,29.52850618364755
2025-08-14 23:21:41.638312+00:00,29.533656740240986
2025-08-14 23:21:42.449583+00:00,29.52850618364755
2025-08-14 23:21:42.949735+00:00,29.52850618364755
2025-08-14 23:21:43.175236+00:00,29.52850618364755
2025-08-14 23:21:43.633133+00:00,29.52850618364755
2025-08-14 23:21:49.101227+00:00,29.533656740240986
2025-08-14 23:21:51.975831+00:00,29.52850618364755
2025-08-14 23:21:53.200830+00:00,29.523355627345154
2025-08-14 23:21:56.323128+00:00,29.53880729712546
2025-08-14 23:21:56.640938+00:00,29.52850618364755
2025-08-14 23:21:57.837035+00:00,29.533656740240986
2025-08-14 23:21:58.263246+00:00,29.533656740240986
2025-08-14 23:22:01.418883+00:00,29.518205071333796
2025-08-14 23:22:02.014867+00:00,29.518205071333796
2025-08-14 23:22:02.531745+00:00,29.518205071333796
2025-08-14 23:22:02.915472+00:00,29.523355627345154
2025-08-14 23:22:03.355000+00:00,29.52850618364755
2025-08-14 23:22:03.763971+00:00,29.533656740240986
2025-08-14 23:22:10.307333+00:00,29.533656740240986
2025-08-14 23:22:12.153985+00:00,29.513054515613476
2025-08-14 23:22:13.138890+00:00,29.513054515613476
2025-08-14 23:22:14.201365+00:00,29.513054515613476
2025-08-14 23:22:20.858341+00:00,29.513054515613476
2025-08-14 23:22:22.207981+00:00,29.507903960184194
2025-08-14 23:22:22.593078+00:00,29.518205071333796
2025-08-14 23:22:24.262497+00:00,29.507903960184194
2025-08-14 23:22:24.626765+00:00,29.507903960184194
2025-08-14 23:22:25.100084+00:00,29.507903960184194
2025-08-14 23:22:33.628895+00:00,29.513054515613476
2025-08-14 23:22:35.457064+00:00,29.518205071333796
2025-08-14 23:22:36.250885+00:00,29.513054515613476
2025-08-14 23:22:37.189921+00:00,29.513054515613476
2025-08-14 23:22:38.522509+00:00,29.507903960184194
2025-08-14 23:22:38.783744+00:00,29.518205071333796
2025-08-14 23:22:39.224851+00:00,29.518205071333796
2025-08-14 23:22:39.574088+00:00,29.50275340504595
2025-08-14 23:22:40.903256+00:00,29.513054515613476
2025-08-14 23:22:45.959813+00:00,29.518205071333796
2025-08-14 23:22:46.841891+00:00,29.518205071333796
2025-08-14 23:22:47.814237+00:00,29.513054515613476
2025-08-14 23:22:48.360537+00:00,29.513054515613476
2025-08-14 23:22:49.774672+00:00,29.513054515613476
2025-08-14 23:22:52.290831+00:00,29.52850618364755
2025-08-14 23:22:53.441635+00:00,29.507903960184194
2025-08-14 23:22:54.421446+00:00,29.523355627345154
2025-08-14 23:22:54.639593+00:00,29.523355627345154
2025-08-14 23:22:55.066478+00:00,29.52850618364755
2025-08-14 23:22:56.932184+00:00,29.523355627345154
2025-08-14 23:22:57.504333+00:00,29.518205071333796
2025-08-14 23:22:59.532270+00:00,29.513054515613476
2025-08-14 23:22:59.765832+00:00,29.52850618364755
2025-08-14 23:22:59.954362+00:00,29.523355627345154
2025-08-14 23:23:00.321042+00:00,29.533656740240986
2025-08-14 23:23:03.327103+00:00,29.518205071333796
2025-08-14 23:23:04.482165+00:00,29.518205071333796
2025-08-14 23:23:06.015981+00:00,29.513054515613476
2025-08-14 23:23:08.178371+00:00,29.513054515613476
2025-08-14 23:23:12.495023+00:00,29.518205071333796
2025-08-14 23:23:13.069978+00:00,29.513054515613476
2025-08-14 23:23:14.098926+00:00,29.518205071333796
2025-08-14 23:23:16.025574+00:00,29.52850618364755
2025-08-14 23:23:16.521217+00:00,29.518205071333796
2025-08-14 23:23:16.929502+00:00,29.513054515613476
2025-08-14 23:23:17.831324+00:00,29.518205071333796
2025-08-14 23:23:18.923471+00:00,29.518205071333796
2025-08-14 23:23:19.431426+00:00,29.513054515613476
2025-08-14 23:23:19.862120+00:00,29.518205071333796
2025-08-14 23:23:21.202111+00:00,29.513054515613476
2025-08-14 23:23:25.905152+00:00,29.50275340504595
2025-08-14 23:23:26.154776+00:00,29.518205071333796
2025-08-14 23:23:26.572502+00:00,29.518205071333796
2025-08-14 23:23:26.906736+00:00,29.518205071333796
2025-08-14 23:23:31.189553+00:00,29.523355627345154
2025-08-14 23:23:33.474867+00:00,29.513054515613476
2025-08-14 23:23:36.473522+00:00,29.507903960184194
2025-08-14 23:23:38.000903+00:00,29.513054515613476
2025-08-14 23:23:39.033038+00:00,29.50275340504595
2025-08-14 23:23:40.231174+00:00,29.513054515613476
2025-08-14 23:23:48.753077+00:00,29.507903960184194
2025-08-14 23:23:50.436138+00:00,29.513054515613476
2025-08-14 23:23:51.707019+00:00,29.513054515613476
2025-08-14 23:23:52.598418+00:00,29.518205071333796
2025-08-14 23:23:55.418399+00:00,29.513054515613476
2025-08-14 23:23:55.990377+00:00,29.513054515613476
2025-08-14 23:23:57.190108+00:00,29.507903960184194
2025-08-14 23:24:00.528192+00:00,29.497602850198746
2025-08-14 23:24:01.035636+00:00,29.50275340504595
2025-08-14 23:24:01.417851+00:00,29.518205071333796
2025-08-14 23:24:01.960904+00:00,29.497602850198746
2025-08-14 23:24:02.534661+00:00,29.50275340504595
2025-08-14 23:24:03.538852+00:00,29.507903960184194
2025-08-14 23:24:04.505725+00:00,29.507903960184194
2025-08-14 23:24:05.577336+00:00,29.50275340504595
2025-08-14 23:24:11.269591+00:00,29.497602850198746
2025-08-14 23:24:12.678181+00:00,29.53880729712546
2025-08-14 23:24:15.022894+00:00,29.49245229564258
2025-08-14 23:24:15.418833+00:00,29.507903960184194
2025-08-14 23:24:19.259301+00:00,29.497602850198746
2025-08-14 23:24:20.244804+00:00,29.497602850198746
2025-08-14 23:24:21.679232+00:00,29.50275340504595
2025-08-14 23:24:23.226200+00:00,29.50275340504595
2025-08-14 23:24:23.880804+00:00,29.50275340504595
2025-08-14 23:24:26.780078+00:00,29.497602850198746
2025-08-14 23:24:27.198461+00:00,29.513054515613476
2025-08-14 23:24:27.448949+00:00,29.507903960184194
2025-08-14 23:24:27.750166+00:00,29.497602850198746
2025-08-14 23:24:27.988821+00:00,29.50275340504595
2025-08-14 23:24:28.256650+00:00,29.50275340504595
2025-08-14 23:24:28.454623+00:00,29.507903960184194
2025-08-14 23:24:28.631220+00:00,29.507903960184194
2025-08-14 23:24:28.902866+00:00,29.513054515613476
2025-08-14 23:24:36.547180+00:00,29.48730174137745
2025-08-14 23:24:37.423977+00:00,29.49245229564258
2025-08-14 23:24:38.264228+00:00,29.497602850198746
2025-08-14 23:24:40.741271+00:00,29.48730174137745
2025-08-14 23:24:41.032976+00:00,29.48730174137745
2025-08-14 23:24:45.143466+00:00,29.497602850198746
2025-08-14 23:24:46.019770+00:00,29.49245229564258
2025-08-14 23:24:47.350480+00:00,29.49245229564258
2025-08-14 23:24:48.251564+00:00,29.49245229564258
2025-08-14 23:24:49.470037+00:00,29.49245229564258
2025-08-14 23:24:51.730842+00:00,29.48730174137745
2025-08-14 23:24:52.304277+00:00,29.497602850198746
2025-08-14 23:24:53.762191+00:00,29.48215118740336
2025-08-14 23:24:54.796355+00:00,29.49245229564258
2025-08-14 23:24:56.798599+00:00,29.48730174137745
2025-08-14 23:24:57.131974+00:00,29.49245229564258
2025-08-14 23:25:03.940044+00:00,29.497602850198746
2025-08-14 23:25:04.787311+00:00,29.49245229564258
2025-08-14 23:25:08.981499+00:00,29.497602850198746
2025-08-14 23:25:09.616572+00:00,29.49245229564258
2025-08-14 23:25:10.252270+00:00,29.49245229564258
2025-08-14 23:25:11.159046+00:00,29.49245229564258
2025-08-14 23:25:12.527989+00:00,29.48730174137745
2025-08-14 23:25:15.658520+00:00,29.497602850198746
2025-08-14 23:25:16.091491+00:00,29.48215118740336
2025-08-14 23:25:16.939462+00:00,29.47700063372031
2025-08-14 23:25:21.851583+00:00,29.48730174137745
2025-08-14 23:25:22.507533+00:00,29.497602850198746
2025-08-14 23:25:23.946322+00:00,29.497602850198746
2025-08-14 23:25:25.817386+00:00,29.497602850198746
2025-08-14 23:25:33.662832+00:00,29.48730174137745
2025-08-14 23:25:34.557348+00:00,29.49245229564258
2025-08-14 23:25:35.130779+00:00,29.497602850198746
2025-08-14 23:25:35.814875+00:00,29.497602850198746
2025-08-14 23:25:37.129028+00:00,29.50275340504595
2025-08-14 23:25:43.643136+00:00,29.48730174137745
2025-08-14 23:25:45.949673+00:00,29.497602850198746
2025-08-14 23:25:50.328501+00:00,29.497602850198746
2025-08-14 23:25:50.762287+00:00,29.497602850198746
2025-08-14 23:25:51.098896+00:00,29.49245229564258
2025-08-14 23:25:51.985586+00:00,29.497602850198746
2025-08-14 23:25:53.504171+00:00,29.50275340504595
2025-08-14 23:25:57.812836+00:00,29.497602850198746
2025-08-14 23:25:59.758505+00:00,29.49245229564258
2025-08-14 23:26:01.701029+00:00,29.50275340504595
2025-08-14 23:26:07.133535+00:00,29.497602850198746
2025-08-14 23:26:12.201280+00:00,29.507903960184194
2025-08-14 23:26:12.581834+00:00,29.497602850198746
2025-08-14 23:26:12.872764+00:00,29.49245229564258
2025-08-14 23:26:13.124891+00:00,29.49245229564258
2025-08-14 23:26:17.132701+00:00,29.50275340504595
2025-08-14 23:26:17.530138+00:00,29.50275340504595
2025-08-14 23:26:18.181992+00:00,29.507903960184194
2025-08-14 23:26:19.829948+00:00,29.507903960184194
2025-08-14 23:26:20.082218+00:00,29.497602850198746
2025-08-14 23:26:20.245824+00:00,29.507903960184194
2025-08-14 23:26:20.477862+00:00,29.507903960184194
2025-08-14 23:26:20.808452+00:00,29.497602850198746
2025-08-14 23:26:20.993152+00:00,29.513054515613476
2025-08-14 23:26:22.212056+00:00,29.507903960184194
2025-08-14 23:26:23.779219+00:00,29.49245229564258
2025-08-14 23:26:25.479513+00:00,29.50275340504595
2025-08-14 23:26:27.545227+00:00,29.497602850198746
2025-08-14 23:26:34.362305+00:00,29.507903960184194
2025-08-14 23:26:37.862753+00:00,29.507903960184194
2025-08-14 23:26:38.206541+00:00,29.50275340504595
2025-08-14 23:26:38.523631+00:00,29.50275340504595
2025-08-14 23:26:39.567368+00:00,29.50275340504595
2025-08-14 23:26:40.243243+00:00,29.523355627345154
2025-08-14 23:26:41.211970+00:00,29.50275340504595
2025-08-14 23:26:43.794932+00:00,29.50275340504595
2025-08-14 23:26:44.118376+00:00,29.50275340504595
2025-08-14 23:26:47.254925+00:00,29.497602850198746
2025-08-14 23:26:47.694430+00:00,29.497602850198746
2025-08-14 23:26:48.107059+00:00,29.507903960184194
2025-08-14 23:26:48.630658+00:00,29.513054515613476
2025-08-14 23:26:51.513306+00:00,29.507903960184194
2025-08-14 23:26:53.167071+00:00,29.518205071333796
2025-08-14 23:26:53.494113+00:00,29.507903960184194
2025-08-14 23:26:56.535657+00:00,29.513054515613476
2025-08-14 23:26:57.571398+00:00,29.513054515613476
2025-08-14 23:26:58.013220+00:00,29.507903960184194
2025-08-14 23:26:59.769353+00:00,29.507903960184194
2025-08-14 23:27:01.327257+00:00,29.507903960184194
2025-08-14 23:27:03.107112+00:00,29.513054515613476
2025-08-14 23:27:04.248185+00:00,29.513054515613476
2025-08-14 23:27:05.238464+00:00,29.507903960184194
2025-08-14 23:27:10.174994+00:00,29.523355627345154
2025-08-14 23:27:14.935925+00:00,29.523355627345154
2025-08-14 23:27:16.107001+00:00,29.518205071333796
2025-08-14 23:27:16.513632+00:00,29.523355627345154
2025-08-14 23:27:17.564019+00:00,29.518205071333796
2025-08-14 23:27:18.147470+00:00,29.523355627345154
2025-08-14 23:27:20.826141+00:00,29.518205071333796
2025-08-14 23:27:21.911584+00:00,29.518205071333796
2025-08-14 23:27:22.371507+00:00,29.52850618364755
2025-08-14 23:27:22.827390+00:00,29.523355627345154
2025-08-14 23:27:23.039122+00:00,29.518205071333796
2025-08-14 23:27:23.319180+00:00,29.52850618364755
2025-08-14 23:27:23.821329+00:00,29.523355627345154
2025-08-14 23:27:25.927366+00:00,29.523355627345154
2025-08-14 23:27:26.571515+00:00,29.523355627345154
2025-08-14 23:27:26.774770+00:00,29.523355627345154
2025-08-14 23:27:28.391106+00:00,29.523355627345154
2025-08-14 23:27:29.223582+00:00,29.513054515613476
2025-08-14 23:27:31.788383+00:00,29.518205071333796
2025-08-14 23:27:32.340131+00:00,29.518205071333796
2025-08-14 23:27:37.652581+00:00,29.513054515613476
2025-08-14 23:27:38.754480+00:00,29.507903960184194
2025-08-14 23:27:40.183897+00:00,29.507903960184194
2025-08-14 23:27:41.452436+00:00,29.507903960184194
2025-08-14 23:27:42.547153+00:00,29.507903960184194
2025-08-14 23:27:44.076891+00:00,29.513054515613476
2025-08-14 23:27:46.403188+00:00,29.507903960184194
2025-08-14 23:27:49.451653+00:00,29.507903960184194
2025-08-14 23:27:51.695415+00:00,29.513054515613476
2025-08-14 23:27:52.288836+00:00,29.507903960184194
2025-08-14 23:27:53.300594+00:00,29.507903960184194
2025-08-14 23:27:54.518669+00:00,29.513054515613476
2025-08-14 23:27:56.583915+00:00,29.507903960184194
2025-08-14 23:27:58.423032+00:00,29.513054515613476
2025-08-14 23:28:03.490008+00:00,29.513054515613476
2025-08-14 23:28:05.571529+00:00,29.518205071333796
2025-08-14 23:28:07.569008+00:00,29.507903960184194
2025-08-14 23:28:09.801123+00:00,29.507903960184194
2025-08-14 23:28:10.318880+00:00,29.513054515613476
2025-08-14 23:28:10.703167+00:00,29.513054515613476
2025-08-14 23:28:12.560070+00:00,29.518205071333796
2025-08-14 23:28:15.513269+00:00,29.518205071333796
2025-08-14 23:28:17.778201+00:00,29.507903960184194
2025-08-14 23:28:19.046936+00:00,29.513054515613476
2025-08-14 23:28:20.543351+00:00,29.518205071333796
2025-08-14 23:28:22.218078+00:00,29.518205071333796
2025-08-14 23:28:23.667581+00:00,29.513054515613476
2025-08-14 23:28:25.639005+00:00,29.513054515613476
2025-08-14 23:28:26.707253+00:00,29.507903960184194
2025-08-14 23:28:27.758887+00:00,29.507903960184194
2025-08-14 23:28:29.805684+00:00,29.507903960184194
2025-08-14 23:28:31.311391+00:00,29.50275340504595
2025-08-14 23:28:34.614553+00:00,29.513054515613476
2025-08-14 23:28:35.802909+00:00,29.507903960184194
2025-08-14 23:28:38.425230+00:00,29.50275340504595
2025-08-14 23:28:47.201714+00:00,29.497602850198746
2025-08-14 23:28:52.200957+00:00,29.507903960184194
2025-08-14 23:28:52.994540+00:00,29.513054515613476
2025-08-14 23:28:54.062745+00:00,29.497602850198746
2025-08-14 23:28:55.025041+00:00,29.50275340504595
2025-08-14 23:28:58.032771+00:00,29.507903960184194
2025-08-14 23:28:59.150933+00:00,29.497602850198746
2025-08-14 23:29:00.253075+00:00,29.497602850198746
2025-08-14 23:29:01.995205+00:00,29.497602850198746
2025-08-14 23:29:02.376777+00:00,29.507903960184194
2025-08-14 23:29:05.341768+00:00,29.497602850198746
2025-08-14 23:29:05.725279+00:00,29.513054515613476
2025-08-14 23:29:06.437212+00:00,29.497602850198746
2025-08-14 23:29:07.037990+00:00,29.497602850198746
2025-08-14 23:29:07.713639+00:00,29.497602850198746
2025-08-14 23:29:17.144435+00:00,29.497602850198746
2025-08-14 23:29:17.745781+00:00,29.507903960184194
2025-08-14 23:29:20.493396+00:00,29.497602850198746
2025-08-14 23:29:22.808341+00:00,29.497602850198746
2025-08-14 23:29:23.201907+00:00,29.497602850198746
2025-08-14 23:29:26.040945+00:00,29.497602850198746
2025-08-14 23:29:28.066483+00:00,29.49245229564258
2025-08-14 23:29:29.398964+00:00,29.497602850198746
2025-08-14 23:29:29.615919+00:00,29.50275340504595
2025-08-14 23:29:29.984494+00:00,29.50275340504595
2025-08-14 23:29:31.211178+00:00,29.497602850198746
2025-08-14 23:29:33.360495+00:00,29.49245229564258
2025-08-14 23:29:34.027798+00:00,29.50275340504595
2025-08-14 23:29:35.867147+00:00,29.497602850198746
2025-08-14 23:29:38.809751+00:00,29.497602850198746
2025-08-14 23:29:39.596844+00:00,29.50275340504595
2025-08-14 23:29:40.182350+00:00,29.497602850198746
2025-08-14 23:29:40.533805+00:00,29.497602850198746
2025-08-14 23:29:40.849116+00:00,29.49245229564258
2025-08-14 23:29:43.732523+00:00,29.507903960184194
2025-08-14 23:29:45.469269+00:00,29.49245229564258
2025-08-14 23:29:45.980714+00:00,29.497602850198746
2025-08-14 23:29:46.760172+00:00,29.497602850198746
2025-08-14 23:29:48.175636+00:00,29.49245229564258
2025-08-14 23:29:52.557451+00:00,29.497602850198746
2025-08-14 23:29:55.102625+00:00,29.507903960184194
2025-08-14 23:29:56.657966+00:00,29.507903960184194
2025-08-14 23:29:58.503854+00:00,29.497602850198746
2025-08-14 23:29:59.439759+00:00,29.497602850198746
2025-08-14 23:30:00.950124+00:00,29.497602850198746
2025-08-14 23:30:02.142189+00:00,29.50275340504595
2025-08-14 23:30:04.335202+00:00,29.50275340504595
2025-08-14 23:30:05.565991+00:00,29.50275340504595
2025-08-14 23:30:09.116358+00:00,29.50275340504595
2025-08-14 23:30:09.522195+00:00,29.497602850198746
2025-08-14 23:30:10.558275+00:00,29.48215118740336
2025-08-14 23:30:10.919671+00:00,29.50275340504595
2025-08-14 23:30:21.986105+00:00,29.49245229564258
2025-08-14 23:30:22.435369+00:00,29.507903960184194
2025-08-14 23:30:23.717560+00:00,29.50275340504595
2025-08-14 23:30:24.951249+00:00,29.507903960184194
2025-08-14 23:30:27.266508+00:00,29.49245229564258
2025-08-14 23:30:28.476509+00:00,29.497602850198746
2025-08-14 23:30:34.551912+00:00,29.518205071333796
2025-08-14 23:30:35.203297+00:00,29.507903960184194
2025-08-14 23:30:35.577989+00:00,29.513054515613476
2025-08-14 23:30:35.973543+00:00,29.513054515613476
2025-08-14 23:30:48.924786+00:00,29.507903960184194
2025-08-14 23:30:49.524391+00:00,29.513054515613476
2025-08-14 23:30:49.892560+00:00,29.523355627345154
2025-08-14 23:30:50.166854+00:00,29.513054515613476
2025-08-14 23:30:50.664491+00:00,29.513054515613476
2025-08-14 23:30:52.172892+00:00,29.518205071333796
2025-08-14 23:30:52.564833+00:00,29.507903960184194
2025-08-14 23:30:52.843023+00:00,29.507903960184194
2025-08-14 23:30:54.732055+00:00,29.507903960184194
2025-08-14 23:30:55.490213+00:00,29.507903960184194
2025-08-14 23:30:56.176451+00:00,29.513054515613476
2025-08-14 23:30:57.707681+00:00,29.518205071333796
2025-08-14 23:30:58.024283+00:00,29.513054515613476
2025-08-14 23:30:58.283705+00:00,29.518205071333796
2025-08-14 23:30:59.023909+00:00,29.518205071333796
2025-08-14 23:30:59.541913+00:00,29.518205071333796
2025-08-14 23:31:00.917220+00:00,29.518205071333796
2025-08-14 23:31:05.058824+00:00,29.513054515613476
2025-08-14 23:31:05.442499+00:00,29.507903960184194
2025-08-14 23:31:05.834221+00:00,29.48730174137745
2025-08-14 23:31:06.241968+00:00,29.513054515613476
2025-08-14 23:31:06.933049+00:00,29.518205071333796
2025-08-14 23:31:09.041456+00:00,29.507903960184194
2025-08-14 23:31:13.049724+00:00,29.518205071333796
2025-08-14 23:31:17.202343+00:00,29.518205071333796
2025-08-14 23:31:20.520767+00:00,29.518205071333796
2025-08-14 23:31:21.598057+00:00,29.518205071333796
2025-08-14 23:31:22.908114+00:00,29.513054515613476
2025-08-14 23:31:25.117477+00:00,29.518205071333796
2025-08-14 23:31:25.835905+00:00,29.52850618364755
2025-08-14 23:31:26.507693+00:00,29.513054515613476
2025-08-14 23:31:26.808334+00:00,29.50275340504595
2025-08-14 23:31:27.908404+00:00,29.518205071333796
2025-08-14 23:31:28.065051+00:00,29.518205071333796
2025-08-14 23:31:28.324637+00:00,29.513054515613476
2025-08-14 23:31:28.842624+00:00,29.507903960184194
2025-08-14 23:31:30.356383+00:00,29.507903960184194
2025-08-14 23:31:31.554683+00:00,29.507903960184194
2025-08-14 23:31:34.203983+00:00,29.518205071333796
2025-08-14 23:31:35.324469+00:00,29.507903960184194
2025-08-14 23:31:35.628544+00:00,29.518205071333796
2025-08-14 23:31:36.145539+00:00,29.518205071333796
2025-08-14 23:31:37.982824+00:00,29.507903960184194
2025-08-14 23:31:38.752073+00:00,29.507903960184194
2025-08-14 23:31:47.004552+00:00,29.518205071333796
2025-08-14 23:31:52.442344+00:00,29.48215118740336
2025-08-14 23:31:54.366586+00:00,29.507903960184194
2025-08-14 23:31:55.518934+00:00,29.507903960184194
2025-08-14 23:31:58.518407+00:00,29.507903960184194
2025-08-14 23:31:59.062201+00:00,29.507903960184194
2025-08-14 23:32:00.672963+00:00,29.50275340504595
2025-08-14 23:32:02.530902+00:00,29.497602850198746
2025-08-14 23:32:02.882629+00:00,29.507903960184194
2025-08-14 23:32:04.731298+00:00,29.507903960184194
2025-08-14 23:32:13.618835+00:00,29.513054515613476
2025-08-14 23:32:15.231477+00:00,29.507903960184194
2025-08-14 23:32:15.892894+00:00,29.507903960184194
2025-08-14 23:32:16.547056+00:00,29.507903960184194
2025-08-14 23:32:17.040098+00:00,29.518205071333796
2025-08-14 23:32:19.476211+00:00,29.513054515613476
2025-08-14 23:32:19.665230+00:00,29.507903960184194
2025-08-14 23:32:20.019981+00:00,29.507903960184194
2025-08-14 23:32:20.629813+00:00,29.507903960184194
2025-08-14 23:32:20.905591+00:00,29.518205071333796
2025-08-14 23:32:21.130666+00:00,29.523355627345154
2025-08-14 23:32:21.623625+00:00,29.507903960184194
2025-08-14 23:32:22.673544+00:00,29.518205071333796
2025-08-14 23:32:23.228498+00:00,29.507903960184194
2025-08-14 23:32:26.828928+00:00,29.507903960184194
2025-08-14 23:32:27.814977+00:00,29.507903960184194
2025-08-14 23:32:29.489082+00:00,29.507903960184194
2025-08-14 23:32:29.694966+00:00,29.507903960184194
2025-08-14 23:32:30.003871+00:00,29.513054515613476
2025-08-14 23:32:33.572856+00:00,29.507903960184194
2025-08-14 23:32:34.164289+00:00,29.507903960184194
2025-08-14 23:32:41.258498+00:00,29.507903960184194
2025-08-14 23:32:44.530065+00:00,29.518205071333796
2025-08-14 23:32:45.515023+00:00,29.50275340504595
2025-08-14 23:32:51.581800+00:00,29.513054515613476
2025-08-14 23:32:52.039909+00:00,29.507903960184194
2025-08-14 23:32:52.870709+00:00,29.513054515613476
2025-08-14 23:32:53.152845+00:00,29.50275340504595
2025-08-14 23:32:53.405344+00:00,29.50275340504595
2025-08-14 23:32:55.207832+00:00,29.507903960184194
2025-08-14 23:32:58.291017+00:00,29.507903960184194
2025-08-14 23:32:59.236164+00:00,29.518205071333796
2025-08-14 23:32:59.569431+00:00,29.507903960184194
2025-08-14 23:33:03.014293+00:00,29.513054515613476
2025-08-14 23:33:04.064971+00:00,29.497602850198746
2025-08-14 23:33:08.871823+00:00,29.50275340504595
2025-08-14 23:33:09.248903+00:00,29.497602850198746
2025-08-14 23:33:10.055230+00:00,29.518205071333796
2025-08-14 23:33:11.295471+00:00,29.50275340504595
2025-08-14 23:33:11.802628+00:00,29.507903960184194
2025-08-14 23:33:13.395902+00:00,29.507903960184194
2025-08-14 23:33:14.337966+00:00,29.50275340504595
2025-08-14 23:33:15.131133+00:00,29.507903960184194
2025-08-14 23:33:17.671231+00:00,29.507903960184194
2025-08-14 23:33:20.245136+00:00,29.49245229564258
2025-08-14 23:33:21.956700+00:00,29.50275340504595
2025-08-14 23:33:23.288175+00:00,29.513054515613476
2025-08-14 23:33:26.077461+00:00,29.513054515613476
2025-08-14 23:33:28.765641+00:00,29.507903960184194
2025-08-14 23:33:31.117396+00:00,29.50275340504595
2025-08-14 23:33:31.531028+00:00,29.518205071333796
2025-08-14 23:33:34.788964+00:00,29.518205071333796
2025-08-14 23:33:35.491865+00:00,29.507903960184194
2025-08-14 23:33:36.586434+00:00,29.513054515613476
2025-08-14 23:33:37.214766+00:00,29.518205071333796
2025-08-14 23:33:39.433820+00:00,29.513054515613476
2025-08-14 23:33:41.475318+00:00,29.513054515613476
2025-08-14 23:33:43.104117+00:00,29.471850080328295
2025-08-14 23:33:47.190972+00:00,29.513054515613476
2025-08-14 23:33:50.997365+00:00,29.497602850198746
2025-08-14 23:33:51.737372+00:00,29.497602850198746
2025-08-14 23:33:52.025521+00:00,29.513054515613476
2025-08-14 23:33:52.299107+00:00,29.518205071333796
2025-08-14 23:33:52.676810+00:00,29.523355627345154
2025-08-14 23:33:52.868438+00:00,29.513054515613476
2025-08-14 23:33:53.201556+00:00,29.523355627345154
2025-08-14 23:33:57.321243+00:00,29.518205071333796
2025-08-14 23:33:57.905090+00:00,29.50275340504595
2025-08-14 23:33:58.430344+00:00,29.50275340504595
2025-08-14 23:33:59.043220+00:00,29.50275340504595
2025-08-14 23:34:02.213425+00:00,29.507903960184194
2025-08-14 23:34:02.980759+00:00,29.507903960184194
2025-08-14 23:34:05.995675+00:00,29.507903960184194
2025-08-14 23:34:06.479564+00:00,29.497602850198746
2025-08-14 23:34:06.868317+00:00,29.507903960184194
2025-08-14 23:34:07.445978+00:00,29.507903960184194
2025-08-14 23:34:07.969384+00:00,29.513054515613476
2025-08-14 23:34:08.311751+00:00,29.497602850198746
2025-08-14 23:34:08.713579+00:00,29.497602850198746
2025-08-14 23:34:09.136236+00:00,29.507903960184194
2025-08-14 23:34:10.824863+00:00,29.50275340504595
2025-08-14 23:34:12.315678+00:00,29.497602850198746
2025-08-14 23:34:12.509427+00:00,29.507903960184194
2025-08-14 23:34:12.796077+00:00,29.50275340504595
2025-08-14 23:34:12.993352+00:00,29.50275340504595
2025-08-14 23:34:13.236891+00:00,29.50275340504595
2025-08-14 23:34:15.530965+00:00,29.513054515613476
2025-08-14 23:34:18.270138+00:00,29.513054515613476
2025-08-14 23:34:19.272022+00:00,29.49245229564258
2025-08-14 23:34:19.818557+00:00,29.507903960184194
2025-08-14 23:34:21.192773+00:00,29.48730174137745
2025-08-14 23:34:22.773289+00:00,29.497602850198746
2025-08-14 23:34:23.170541+00:00,29.48730174137745
2025-08-14 23:34:24.414855+00:00,29.48730174137745
2025-08-14 23:34:27.129114+00:00,29.497602850198746
2025-08-14 23:34:27.612998+00:00,29.497602850198746
2025-08-14 23:34:27.899479+00:00,29.50275340504595
2025-08-14 23:34:28.959130+00:00,29.497602850198746
2025-08-14 23:34:31.334723+00:00,29.497602850198746
2025-08-14 23:34:38.880867+00:00,29.48215118740336
2025-08-14 23:34:41.370132+00:00,29.48730174137745
2025-08-14 23:34:41.928708+00:00,29.49245229564258
2025-08-14 23:34:44.329284+00:00,29.497602850198746
2025-08-14 23:34:45.836264+00:00,29.48730174137745
2025-08-14 23:34:46.477516+00:00,29.48730174137745
2025-08-14 23:34:47.778417+00:00,29.48215118740336
2025-08-14 23:34:55.169077+00:00,29.48215118740336
2025-08-14 23:34:56.845268+00:00,29.497602850198746
2025-08-14 23:34:58.369706+00:00,29.48730174137745
2025-08-14 23:34:58.627928+00:00,29.49245229564258
2025-08-14 23:35:01.851526+00:00,29.48215118740336
2025-08-14 23:35:02.444206+00:00,29.48215118740336
2025-08-14 23:35:02.861119+00:00,29.48215118740336
2025-08-14 23:35:06.510776+00:00,29.48730174137745
2025-08-14 23:35:07.319229+00:00,29.48730174137745
2025-08-14 23:35:15.290314+00:00,29.47700063372031
2025-08-14 23:35:17.982542+00:00,29.47700063372031
2025-08-14 23:35:18.357515+00:00,29.48215118740336
2025-08-14 23:35:19.833723+00:00,29.47700063372031
2025-08-14 23:35:21.050674+00:00,29.47700063372031
2025-08-14 23:35:23.094549+00:00,29.48215118740336
2025-08-14 23:35:23.437695+00:00,29.48730174137745
2025-08-14 23:35:23.961000+00:00,29.48730174137745
2025-08-14 23:35:24.351922+00:00,29.48215118740336
2025-08-14 23:35:24.722850+00:00,29.497602850198746
2025-08-14 23:35:25.251634+00:00,29.48730174137745
2025-08-14 23:35:31.513973+00:00,29.48730174137745
2025-08-14 23:35:32.699396+00:00,29.48730174137745
2025-08-14 23:35:33.252325+00:00,29.48215118740336
2025-08-14 23:35:33.717991+00:00,29.48215118740336
2025-08-14 23:35:34.199320+00:00,29.48215118740336
2025-08-14 23:35:38.375532+00:00,29.48730174137745
2025-08-14 23:35:38.784789+00:00,29.49245229564258
2025-08-14 23:35:39.309542+00:00,29.48730174137745
2025-08-14 23:35:43.218796+00:00,29.49245229564258
2025-08-14 23:35:43.478367+00:00,29.48730174137745
2025-08-14 23:35:44.855983+00:00,29.47700063372031
2025-08-14 23:35:46.226991+00:00,29.497602850198746
2025-08-14 23:35:47.684241+00:00,29.48730174137745
2025-08-14 23:35:49.492394+00:00,29.497602850198746
2025-08-14 23:35:49.878423+00:00,29.497602850198746
2025-08-14 23:35:56.308501+00:00,29.49245229564258
2025-08-14 23:35:56.701152+00:00,29.48730174137745
2025-08-14 23:35:57.203321+00:00,29.49245229564258
2025-08-14 23:35:57.418423+00:00,29.49245229564258
2025-08-14 23:36:00.884381+00:00,29.49245229564258
2025-08-14 23:36:01.442247+00:00,29.497602850198746
2025-08-14 23:36:01.826107+00:00,29.497602850198746
2025-08-14 23:36:02.340141+00:00,29.497602850198746
2025-08-14 23:36:02.732826+00:00,29.50275340504595
2025-08-14 23:36:03.093497+00:00,29.50275340504595
2025-08-14 23:36:05.963262+00:00,29.48730174137745
2025-08-14 23:36:07.070939+00:00,29.49245229564258
2025-08-14 23:36:10.084044+00:00,29.497602850198746
2025-08-14 23:36:11.201299+00:00,29.497602850198746
2025-08-14 23:36:11.809263+00:00,29.497602850198746
2025-08-14 23:36:12.297909+00:00,29.49245229564258
2025-08-14 23:36:12.485262+00:00,29.497602850198746
2025-08-14 23:36:12.758290+00:00,29.507903960184194
2025-08-14 23:36:14.138171+00:00,29.50275340504595
2025-08-14 23:36:14.652541+00:00,29.49245229564258
2025-08-14 23:36:19.926956+00:00,29.49245229564258
2025-08-14 23:36:23.292183+00:00,29.48730174137745
2025-08-14 23:36:24.139482+00:00,29.48730174137745
2025-08-14 23:36:24.362822+00:00,29.49245229564258
2025-08-14 23:36:24.568316+00:00,29.497602850198746
2025-08-14 23:36:26.559839+00:00,29.49245229564258
2025-08-14 23:36:29.275109+00:00,29.48730174137745
2025-08-14 23:36:29.818775+00:00,29.48730174137745
2025-08-14 23:36:33.250560+00:00,29.50275340504595
2025-08-14 23:36:33.600781+00:00,29.49245229564258
2025-08-14 23:36:34.621718+00:00,29.48730174137745
2025-08-14 23:36:37.001550+00:00,29.48730174137745
2025-08-14 23:36:37.370799+00:00,29.497602850198746
2025-08-14 23:36:37.644631+00:00,29.50275340504595
2025-08-14 23:36:37.904565+00:00,29.50275340504595
2025-08-14 23:36:38.190135+00:00,29.507903960184194
2025-08-14 23:36:43.978483+00:00,29.48730174137745
2025-08-14 23:36:44.512819+00:00,29.497602850198746
2025-08-14 23:36:46.299336+00:00,29.49245229564258
2025-08-14 23:36:48.129727+00:00,29.49245229564258
2025-08-14 23:36:48.459463+00:00,29.48730174137745
2025-08-14 23:36:48.832189+00:00,29.48730174137745
2025-08-14 23:36:49.099488+00:00,29.48730174137745
2025-08-14 23:36:49.442698+00:00,29.497602850198746
2025-08-14 23:36:52.174679+00:00,29.48215118740336
2025-08-14 23:36:56.015809+00:00,29.497602850198746
2025-08-14 23:36:57.688648+00:00,29.47700063372031
2025-08-14 23:36:58.470284+00:00,29.47700063372031
2025-08-14 23:36:59.159409+00:00,29.48215118740336
2025-08-14 23:36:59.800764+00:00,29.48730174137745
2025-08-14 23:37:00.349659+00:00,29.48730174137745
2025-08-14 23:37:00.758853+00:00,29.48215118740336
2025-08-14 23:37:03.607753+00:00,29.48730174137745
2025-08-14 23:37:06.943415+00:00,29.48215118740336
2025-08-14 23:37:07.366372+00:00,29.48215118740336
2025-08-14 23:37:07.823045+00:00,29.48730174137745
2025-08-14 23:37:08.297433+00:00,29.48730174137745
2025-08-14 23:37:08.916643+00:00,29.48730174137745
2025-08-14 23:37:11.623234+00:00,29.48215118740336
2025-08-14 23:37:14.300996+00:00,29.497602850198746
2025-08-14 23:37:14.501777+00:00,29.48730174137745
2025-08-14 23:37:16.532315+00:00,29.48730174137745
2025-08-14 23:37:17.783319+00:00,29.48730174137745
2025-08-14 23:37:18.869157+00:00,29.50275340504595
2025-08-14 23:37:19.117792+00:00,29.48730174137745
2025-08-14 23:37:19.371087+00:00,29.497602850198746
2025-08-14 23:37:21.401969+00:00,29.50275340504595
2025-08-14 23:37:21.982479+00:00,29.48730174137745
2025-08-14 23:37:22.844032+00:00,29.49245229564258
2025-08-14 23:37:23.583622+00:00,29.47700063372031
2025-08-14 23:37:23.810437+00:00,29.49245229564258
2025-08-14 23:37:24.074771+00:00,29.49245229564258
2025-08-14 23:37:24.545985+00:00,29.48215118740336
2025-08-14 23:37:25.808549+00:00,29.48730174137745
2025-08-14 23:37:27.037567+00:00,29.49245229564258
2025-08-14 23:37:29.617916+00:00,29.48730174137745
2025-08-14 23:37:30.078083+00:00,29.497602850198746
2025-08-14 23:37:31.906936+00:00,29.48730174137745
2025-08-14 23:37:32.698203+00:00,29.497602850198746
2025-08-14 23:37:34.624359+00:00,29.50275340504595
2025-08-14 23:37:35.500080+00:00,29.497602850198746
2025-08-14 23:37:37.629872+00:00,29.48215118740336
2025-08-14 23:37:38.197204+00:00,29.49245229564258
2025-08-14 23:37:38.866209+00:00,29.49245229564258
2025-08-14 23:37:39.507455+00:00,29.497602850198746
2025-08-14 23:37:39.783527+00:00,29.49245229564258
2025-08-14 23:37:41.400071+00:00,29.497602850198746
2025-08-14 23:37:42.590000+00:00,29.49245229564258
2025-08-14 23:37:42.828046+00:00,29.518205071333796
2025-08-14 23:37:43.224934+00:00,29.497602850198746
2025-08-14 23:37:45.116875+00:00,29.49245229564258
2025-08-14 23:37:46.223339+00:00,29.497602850198746
2025-08-14 23:37:46.881050+00:00,29.49245229564258
2025-08-14 23:37:50.532592+00:00,29.48730174137745
2025-08-14 23:37:50.688039+00:00,29.48730174137745
2025-08-14 23:37:51.491965+00:00,29.48730174137745
2025-08-14 23:37:52.903772+00:00,29.49245229564258
2025-08-14 23:37:53.696142+00:00,29.48730174137745
2025-08-14 23:37:54.542968+00:00,29.48215118740336
2025-08-14 23:37:55.453464+00:00,29.48730174137745
2025-08-14 23:37:56.555477+00:00,29.48215118740336
2025-08-14 23:37:57.283085+00:00,29.48730174137745
2025-08-14 23:37:57.699824+00:00,29.48730174137745
2025-08-14 23:38:02.718695+00:00,29.48215118740336
2025-08-14 23:38:09.088897+00:00,29.47700063372031
2025-08-14 23:38:10.365620+00:00,29.48730174137745
2025-08-14 23:38:13.224124+00:00,29.48215118740336
2025-08-14 23:38:13.856638+00:00,29.47700063372031
2025-08-14 23:38:17.587328+00:00,29.47700063372031
2025-08-14 23:38:18.678243+00:00,29.48215118740336
2025-08-14 23:38:19.930592+00:00,29.48215118740336
2025-08-14 23:38:20.767357+00:00,29.48215118740336
2025-08-14 23:38:22.791558+00:00,29.48730174137745
2025-08-14 23:38:24.087141+00:00,29.47700063372031
2025-08-14 23:38:25.958416+00:00,29.48215118740336
2025-08-14 23:38:26.769095+00:00,29.47700063372031
2025-08-14 23:38:27.254254+00:00,29.48730174137745
2025-08-14 23:38:28.857589+00:00,29.46669952722732
2025-08-14 23:38:29.890951+00:00,29.46669952722732
2025-08-14 23:38:30.950066+00:00,29.48215118740336
2025-08-14 23:38:31.646941+00:00,29.47700063372031
2025-08-14 23:38:32.201685+00:00,29.47700063372031
2025-08-14 23:38:32.774494+00:00,29.471850080328295
2025-08-14 23:38:34.538901+00:00,29.47700063372031
2025-08-14 23:38:36.936661+00:00,29.47700063372031
2025-08-14 23:38:37.163077+00:00,29.47700063372031
2025-08-14 23:38:37.424180+00:00,29.48215118740336
2025-08-14 23:38:37.663863+00:00,29.48215118740336
2025-08-14 23:38:38.063834+00:00,29.48215118740336
2025-08-14 23:38:38.273284+00:00,29.48215118740336
2025-08-14 23:38:38.656672+00:00,29.48215118740336
2025-08-14 23:38:38.958097+00:00,29.48730174137745
2025-08-14 23:38:39.217308+00:00,29.47700063372031
2025-08-14 23:38:39.426481+00:00,29.48730174137745
2025-08-14 23:38:39.642080+00:00,29.47700063372031
2025-08-14 23:38:39.894389+00:00,29.48215118740336
2025-08-14 23:38:42.358342+00:00,29.47700063372031
2025-08-14 23:38:43.574168+00:00,29.471850080328295
2025-08-14 23:38:44.541377+00:00,29.47700063372031
2025-08-14 23:38:47.687157+00:00,29.47700063372031
2025-08-14 23:38:49.202056+00:00,29.47700063372031
2025-08-14 23:38:53.182549+00:00,29.48215118740336
2025-08-14 23:38:53.836028+00:00,29.47700063372031
2025-08-14 23:38:54.542394+00:00,29.48215118740336
2025-08-14 23:38:54.751740+00:00,29.48730174137745
2025-08-14 23:38:55.094915+00:00,29.47700063372031
2025-08-14 23:39:03.664147+00:00,29.471850080328295
2025-08-14 23:39:13.781592+00:00,29.471850080328295
2025-08-14 23:39:14.062328+00:00,29.47700063372031
2025-08-14 23:39:16.011393+00:00,29.47700063372031
2025-08-14 23:39:17.964893+00:00,29.471850080328295
2025-08-14 23:39:19.592346+00:00,29.471850080328295
2025-08-14 23:39:20.029596+00:00,29.471850080328295
2025-08-14 23:39:21.340321+00:00,29.47700063372031
2025-08-14 23:39:21.731930+00:00,29.471850080328295
2025-08-14 23:39:23.213162+00:00,29.47700063372031
2025-08-14 23:39:26.327864+00:00,29.48215118740336
2025-08-14 23:39:26.982234+00:00,29.47700063372031
2025-08-14 23:39:28.598378+00:00,29.47700063372031
2025-08-14 23:39:29.138694+00:00,29.471850080328295
2025-08-14 23:39:29.887115+00:00,29.47700063372031
2025-08-14 23:39:31.167154+00:00,29.48730174137745
2025-08-14 23:39:33.154541+00:00,29.47700063372031
2025-08-14 23:39:34.115817+00:00,29.48215118740336
2025-08-14 23:39:34.764525+00:00,29.471850080328295
2025-08-14 23:39:35.031204+00:00,29.47700063372031
2025-08-14 23:39:36.505932+00:00,29.471850080328295
2025-08-14 23:39:36.813972+00:00,29.47700063372031
2025-08-14 23:39:37.282026+00:00,29.48730174137745
2025-08-14 23:39:38.039731+00:00,29.47700063372031
2025-08-14 23:39:38.669920+00:00,29.47700063372031
2025-08-14 23:39:40.948892+00:00,29.48215118740336
2025-08-14 23:39:43.222715+00:00,29.47700063372031
2025-08-14 23:39:44.316454+00:00,29.48215118740336
2025-08-14 23:39:44.718600+00:00,29.47700063372031
2025-08-14 23:39:45.012202+00:00,29.48215118740336
2025-08-14 23:39:47.588688+00:00,29.47700063372031
2025-08-14 23:39:48.286039+00:00,29.47700063372031
2025-08-14 23:39:48.580173+00:00,29.49245229564258
2025-08-14 23:39:57.988932+00:00,29.48730174137745
2025-08-14 23:39:58.463333+00:00,29.48730174137745
2025-08-14 23:39:58.797867+00:00,29.48730174137745
2025-08-14 23:39:59.465599+00:00,29.48730174137745
2025-08-14 23:40:01.404736+00:00,29.48730174137745
2025-08-14 23:40:08.189548+00:00,29.50275340504595
2025-08-14 23:40:08.560209+00:00,29.49245229564258
2025-08-14 23:40:09.652515+00:00,29.49245229564258
2025-08-14 23:40:10.603628+00:00,29.48215118740336
2025-08-14 23:40:11.814372+00:00,29.49245229564258
2025-08-14 23:40:14.423170+00:00,29.497602850198746
2025-08-14 23:40:16.744289+00:00,29.48730174137745
2025-08-14 23:40:17.935829+00:00,29.49245229564258
2025-08-14 23:40:23.004180+00:00,29.48730174137745
2025-08-14 23:40:26.144371+00:00,29.48730174137745
2025-08-14 23:40:27.687072+00:00,29.49245229564258
2025-08-14 23:40:29.406159+00:00,29.48730174137745
2025-08-14 23:40:30.626146+00:00,29.48730174137745
2025-08-14 23:40:33.935956+00:00,29.49245229564258
2025-08-14 23:40:34.385506+00:00,29.48730174137745
2025-08-14 23:40:34.744773+00:00,29.48730174137745
2025-08-14 23:40:36.143764+00:00,29.48730174137745
2025-08-14 23:40:41.302508+00:00,29.497602850198746
2025-08-14 23:40:44.412340+00:00,29.49245229564258
2025-08-14 23:40:45.885740+00:00,29.497602850198746
2025-08-14 23:40:46.224348+00:00,29.49245229564258
2025-08-14 23:40:46.573976+00:00,29.48730174137745
2025-08-14 23:40:47.902823+00:00,29.49245229564258
2025-08-14 23:40:48.286600+00:00,29.48730174137745
2025-08-14 23:40:48.612593+00:00,29.497602850198746
2025-08-14 23:40:48.981105+00:00,29.497602850198746
2025-08-14 23:40:50.388846+00:00,29.49245229564258
2025-08-14 23:40:52.665519+00:00,29.48730174137745
2025-08-14 23:40:53.879122+00:00,29.497602850198746
2025-08-14 23:40:54.920368+00:00,29.48730174137745
2025-08-14 23:40:56.968003+00:00,29.497602850198746
2025-08-14 23:40:59.103816+00:00,29.48730174137745
2025-08-14 23:41:02.908933+00:00,29.48730174137745
2025-08-14 23:41:07.329827+00:00,29.48730174137745
2025-08-14 23:41:08.002905+00:00,29.48730174137745
2025-08-14 23:41:08.510161+00:00,29.507903960184194
2025-08-14 23:41:12.483707+00:00,29.49245229564258
2025-08-14 23:41:17.575327+00:00,29.497602850198746
2025-08-14 23:41:21.979171+00:00,29.48730174137745
2025-08-14 23:41:26.154161+00:00,29.497602850198746
2025-08-14 23:41:26.766539+00:00,29.49245229564258
2025-08-14 23:41:27.810305+00:00,29.48730174137745
2025-08-14 23:41:28.360842+00:00,29.48730174137745
2025-08-14 23:41:30.075338+00:00,29.48215118740336
2025-08-14 23:41:33.583670+00:00,29.48730174137745
2025-08-14 23:41:36.450275+00:00,29.497602850198746
2025-08-14 23:41:37.704437+00:00,29.48730174137745
2025-08-14 23:41:39.263594+00:00,29.497602850198746
2025-08-14 23:41:43.401099+00:00,29.48730174137745
2025-08-14 23:41:45.814750+00:00,29.48730174137745
2025-08-14 23:41:46.148402+00:00,29.48730174137745
2025-08-14 23:41:48.913839+00:00,29.48730174137745
2025-08-14 23:41:50.383842+00:00,29.48730174137745
2025-08-14 23:41:52.783726+00:00,29.49245229564258
2025-08-14 23:41:53.445283+00:00,29.48730174137745
2025-08-14 23:41:56.025382+00:00,29.48730174137745
2025-08-14 23:41:56.284193+00:00,29.47700063372031
2025-08-14 23:41:56.577212+00:00,29.49245229564258
2025-08-14 23:41:58.388810+00:00,29.49245229564258
2025-08-14 23:41:58.747009+00:00,29.48215118740336
2025-08-14 23:42:02.090291+00:00,29.48730174137745
2025-08-14 23:42:03.838077+00:00,29.48730174137745
2025-08-14 23:42:07.541203+00:00,29.47700063372031
2025-08-14 23:42:09.200290+00:00,29.48215118740336
2025-08-14 23:42:14.657358+00:00,29.48730174137745
2025-08-14 23:42:15.810762+00:00,29.49245229564258
2025-08-14 23:42:16.540264+00:00,29.47700063372031
2025-08-14 23:42:17.071432+00:00,29.47700063372031
2025-08-14 23:42:17.652173+00:00,29.47700063372031
2025-08-14 23:42:18.059909+00:00,29.48215118740336
2025-08-14 23:42:18.425980+00:00,29.48730174137745
2025-08-14 23:42:18.737942+00:00,29.48215118740336
2025-08-14 23:42:20.255411+00:00,29.471850080328295
2025-08-14 23:42:25.200317+00:00,29.471850080328295
2025-08-14 23:42:27.252556+00:00,29.471850080328295
2025-08-14 23:42:27.835488+00:00,29.46669952722732
2025-08-14 23:42:28.112233+00:00,29.471850080328295
2025-08-14 23:42:28.553108+00:00,29.47700063372031
2025-08-14 23:42:28.894378+00:00,29.48215118740336
2025-08-14 23:42:30.089656+00:00,29.48730174137745
2025-08-14 23:42:31.150276+00:00,29.46669952722732
2025-08-14 23:42:31.843144+00:00,29.48730174137745
2025-08-14 23:42:33.898322+00:00,29.48215118740336
2025-08-14 23:42:35.628279+00:00,29.47700063372031
2025-08-14 23:42:36.053562+00:00,29.471850080328295
2025-08-14 23:42:36.311296+00:00,29.471850080328295
2025-08-14 23:42:39.203369+00:00,29.46669952722732
2025-08-14 23:42:39.811044+00:00,29.46669952722732
2025-08-14 23:42:40.248181+00:00,29.497602850198746
2025-08-14 23:42:40.769566+00:00,29.48215118740336
2025-08-14 23:42:41.745342+00:00,29.48215118740336
2025-08-14 23:42:45.695016+00:00,29.471850080328295
2025-08-14 23:42:47.932957+00:00,29.471850080328295
2025-08-14 23:42:48.392236+00:00,29.46669952722732
2025-08-14 23:42:49.201398+00:00,29.471850080328295
2025-08-14 23:42:49.971026+00:00,29.46669952722732
2025-08-14 23:42:51.634628+00:00,29.47700063372031
2025-08-14 23:42:52.161392+00:00,29.46669952722732
2025-08-14 23:42:52.636146+00:00,29.471850080328295
2025-08-14 23:42:52.930753+00:00,29.48215118740336
2025-08-14 23:42:53.155091+00:00,29.48215118740336
2025-08-14 23:42:53.815587+00:00,29.47700063372031
2025-08-14 23:42:55.351870+00:00,29.47700063372031
2025-08-14 23:42:58.939427+00:00,29.47700063372031
2025-08-14 23:42:59.114521+00:00,29.471850080328295
2025-08-14 23:42:59.370558+00:00,29.48215118740336
2025-08-14 23:43:01.516275+00:00,29.46669952722732
2025-08-14 23:43:03.324388+00:00,29.47700063372031
2025-08-14 23:43:05.882690+00:00,29.47700063372031
2025-08-14 23:43:07.931488+00:00,29.48730174137745
2025-08-14 23:43:11.532427+00:00,29.48215118740336
2025-08-14 23:43:12.894091+00:00,29.48215118740336
2025-08-14 23:43:16.340112+00:00,29.49245229564258
2025-08-14 23:43:18.936919+00:00,29.49245229564258
2025-08-14 23:43:19.254488+00:00,29.48730174137745
2025-08-14 23:43:19.533557+00:00,29.497602850198746
2025-08-14 23:43:19.922703+00:00,29.49245229564258
2025-08-14 23:43:20.222650+00:00,29.507903960184194
2025-08-14 23:43:26.353208+00:00,29.49245229564258
2025-08-14 23:43:26.859167+00:00,29.50275340504595
2025-08-14 23:43:27.186572+00:00,29.48215118740336
2025-08-14 23:43:29.900908+00:00,29.49245229564258
2025-08-14 23:43:32.656765+00:00,29.48215118740336
2025-08-14 23:43:34.286153+00:00,29.49245229564258
2025-08-14 23:43:34.570365+00:00,29.48730174137745
2025-08-14 23:43:35.231563+00:00,29.48215118740336
2025-08-14 23:43:36.091248+00:00,29.49245229564258
2025-08-14 23:43:38.034166+00:00,29.48730174137745
2025-08-14 23:43:39.826507+00:00,29.48730174137745
2025-08-14 23:43:40.612331+00:00,29.48730174137745
2025-08-14 23:43:41.062880+00:00,29.497602850198746
2025-08-14 23:43:41.404624+00:00,29.49245229564258
2025-08-14 23:43:43.821348+00:00,29.47700063372031
2025-08-14 23:43:45.612712+00:00,29.48730174137745
2025-08-14 23:43:45.997189+00:00,29.48730174137745
2025-08-14 23:43:46.403888+00:00,29.48730174137745
2025-08-14 23:43:46.781364+00:00,29.48730174137745
2025-08-14 23:43:48.466044+00:00,29.48730174137745
2025-08-14 23:43:49.211572+00:00,29.48730174137745
2025-08-14 23:43:53.237840+00:00,29.47700063372031
2025-08-14 23:43:53.442487+00:00,29.48215118740336
2025-08-14 23:43:53.663934+00:00,29.48215118740336
2025-08-14 23:43:53.867357+00:00,29.48730174137745
2025-08-14 23:43:54.999482+00:00,29.48215118740336
2025-08-14 23:43:55.712779+00:00,29.48730174137745
2025-08-14 23:43:57.459711+00:00,29.47700063372031
2025-08-14 23:43:58.684064+00:00,29.47700063372031
2025-08-14 23:43:59.515063+00:00,29.49245229564258
2025-08-14 23:43:59.872659+00:00,29.48730174137745
2025-08-14 23:44:00.821225+00:00,29.48730174137745
2025-08-14 23:44:01.247701+00:00,29.47700063372031
2025-08-14 23:44:01.868014+00:00,29.47700063372031
2025-08-14 23:44:02.289642+00:00,29.48730174137745
2025-08-14 23:44:03.964916+00:00,29.49245229564258
2025-08-14 23:44:04.291708+00:00,29.48215118740336
2025-08-14 23:44:04.958886+00:00,29.48730174137745
2025-08-14 23:44:06.080107+00:00,29.48730174137745
2025-08-14 23:44:07.014263+00:00,29.48215118740336
2025-08-14 23:44:09.797162+00:00,29.48730174137745
2025-08-14 23:44:16.466886+00:00,29.48215118740336
2025-08-14 23:44:18.295708+00:00,29.48215118740336
2025-08-14 23:44:18.957639+00:00,29.49245229564258
2025-08-14 23:44:19.609571+00:00,29.48215118740336
2025-08-14 23:44:19.938521+00:00,29.48730174137745
2025-08-14 23:44:20.401908+00:00,29.47700063372031
2025-08-14 23:44:20.654881+00:00,29.471850080328295
2025-08-14 23:44:20.962157+00:00,29.48215118740336
2025-08-14 23:44:22.306989+00:00,29.471850080328295
2025-08-14 23:44:24.965340+00:00,29.47700063372031
2025-08-14 23:44:25.674937+00:00,29.47700063372031
2025-08-14 23:44:27.036736+00:00,29.47700063372031
2025-08-14 23:44:28.601028+00:00,29.48215118740336
2025-08-14 23:44:33.431516+00:00,29.48215118740336
2025-08-14 23:44:35.142443+00:00,29.47700063372031
2025-08-14 23:44:36.101551+00:00,29.471850080328295
2025-08-14 23:44:36.608830+00:00,29.47700063372031
2025-08-14 23:44:41.024618+00:00,29.471850080328295
2025-08-14 23:44:42.535424+00:00,29.47700063372031
2025-08-14 23:44:42.712148+00:00,29.48215118740336
2025-08-14 23:44:43.321813+00:00,29.471850080328295
2025-08-14 23:44:43.890193+00:00,29.47700063372031
2025-08-14 23:44:47.768636+00:00,29.47700063372031
2025-08-14 23:44:49.815479+00:00,29.46669952722732
2025-08-14 23:44:50.513954+00:00,29.46669952722732
2025-08-14 23:44:50.790854+00:00,29.471850080328295
2025-08-14 23:44:51.867561+00:00,29.46669952722732
2025-08-14 23:44:55.134234+00:00,29.46669952722732
2025-08-14 23:44:55.584349+00:00,29.46669952722732
2025-08-14 23:44:55.911855+00:00,29.48215118740336
2025-08-14 23:44:59.265253+00:00,29.48730174137745
2025-08-14 23:45:02.221078+00:00,29.46669952722732
2025-08-14 23:45:04.611822+00:00,29.47700063372031
2025-08-14 23:45:05.467001+00:00,29.46669952722732
2025-08-14 23:45:08.128812+00:00,29.471850080328295
2025-08-14 23:45:08.455081+00:00,29.47700063372031
2025-08-14 23:45:11.053088+00:00,29.471850080328295
2025-08-14 23:45:12.107171+00:00,29.46669952722732
2025-08-14 23:45:12.778852+00:00,29.46669952722732
2025-08-14 23:45:14.067850+00:00,29.46669952722732
2025-08-14 23:45:15.829929+00:00,29.47700063372031
2025-08-14 23:45:19.685662+00:00,29.471850080328295
2025-08-14 23:45:21.804581+00:00,29.47700063372031
2025-08-14 23:45:22.123117+00:00,29.47700063372031
2025-08-14 23:45:22.537468+00:00,29.48215118740336
2025-08-14 23:45:25.155671+00:00,29.48215118740336
2025-08-14 23:45:25.942322+00:00,29.48215118740336
2025-08-14 23:45:28.479043+00:00,29.47700063372031
2025-08-14 23:45:28.775303+00:00,29.48730174137745
2025-08-14 23:45:30.145916+00:00,29.47700063372031
2025-08-14 23:45:30.488646+00:00,29.48215118740336
2025-08-14 23:45:31.562159+00:00,29.47700063372031
2025-08-14 23:45:32.182706+00:00,29.48730174137745
2025-08-14 23:45:35.181922+00:00,29.48215118740336
2025-08-14 23:45:37.796834+00:00,29.48730174137745
2025-08-14 23:45:38.821463+00:00,29.48215118740336
2025-08-14 23:45:42.291141+00:00,29.471850080328295
2025-08-14 23:45:42.806838+00:00,29.48215118740336
2025-08-14 23:45:43.629937+00:00,29.471850080328295
2025-08-14 23:45:46.784429+00:00,29.47700063372031
2025-08-14 23:45:47.853089+00:00,29.48730174137745
2025-08-14 23:45:50.740035+00:00,29.49245229564258
2025-08-14 23:45:50.999194+00:00,29.48215118740336
2025-08-14 23:45:51.215078+00:00,29.48215118740336
2025-08-14 23:45:52.920219+00:00,29.48730174137745
2025-08-14 23:45:58.786548+00:00,29.48215118740336
2025-08-14 23:46:00.740078+00:00,29.48730174137745
2025-08-14 23:46:03.200579+00:00,29.48215118740336
2025-08-14 23:46:06.486276+00:00,29.48215118740336
2025-08-14 23:46:06.860954+00:00,29.48730174137745
2025-08-14 23:46:09.894159+00:00,29.49245229564258
2025-08-14 23:46:10.818813+00:00,29.497602850198746
2025-08-14 23:46:11.996515+00:00,29.497602850198746
2025-08-14 23:46:12.412060+00:00,29.48730174137745
2025-08-14 23:46:12.748069+00:00,29.48730174137745
2025-08-14 23:46:12.989718+00:00,29.48730174137745
2025-08-14 23:46:18.228712+00:00,29.48730174137745
2025-08-14 23:46:18.795447+00:00,29.48730174137745
2025-08-14 23:46:19.152571+00:00,29.48730174137745
2025-08-14 23:46:20.561376+00:00,29.49245229564258
2025-08-14 23:46:20.855156+00:00,29.48730174137745
2025-08-14 23:46:26.764011+00:00,29.497602850198746
2025-08-14 23:46:31.427532+00:00,29.48730174137745
2025-08-14 23:46:31.749967+00:00,29.48730174137745
2025-08-14 23:46:32.127702+00:00,29.48730174137745
2025-08-14 23:46:32.477459+00:00,29.49245229564258
2025-08-14 23:46:34.532140+00:00,29.48730174137745
2025-08-14 23:46:35.718929+00:00,29.48730174137745
2025-08-14 23:46:38.763834+00:00,29.49245229564258
2025-08-14 23:46:39.065427+00:00,29.497602850198746
2025-08-14 23:46:39.326763+00:00,29.50275340504595
2025-08-14 23:46:39.638171+00:00,29.507903960184194
2025-08-14 23:46:40.215440+00:00,29.49245229564258
2025-08-14 23:46:41.914011+00:00,29.48730174137745
2025-08-14 23:46:42.426575+00:00,29.48730174137745
2025-08-14 23:46:43.505852+00:00,29.49245229564258
2025-08-14 23:46:44.291463+00:00,29.48730174137745
2025-08-14 23:46:45.142790+00:00,29.497602850198746
2025-08-14 23:46:46.551966+00:00,29.48730174137745
2025-08-14 23:46:49.590361+00:00,29.48730174137745
2025-08-14 23:46:50.593881+00:00,29.48730174137745
2025-08-14 23:46:53.132097+00:00,29.48730174137745
2025-08-14 23:46:54.569343+00:00,29.497602850198746
2025-08-14 23:46:57.042268+00:00,29.48730174137745
2025-08-14 23:46:59.514632+00:00,29.49245229564258
2025-08-14 23:47:00.101232+00:00,29.48730174137745
2025-08-14 23:47:05.376369+00:00,29.48215118740336
2025-08-14 23:47:05.892903+00:00,29.48215118740336
2025-08-14 23:47:06.282501+00:00,29.49245229564258
2025-08-14 23:47:09.175210+00:00,29.47700063372031
2025-08-14 23:47:12.784223+00:00,29.48215118740336
2025-08-14 23:47:15.064174+00:00,29.48730174137745
2025-08-14 23:47:17.042426+00:00,29.47700063372031
2025-08-14 23:47:18.581358+00:00,29.48730174137745
2025-08-14 23:47:20.001978+00:00,29.47700063372031
2025-08-14 23:47:22.010282+00:00,29.48730174137745
2025-08-14 23:47:23.433785+00:00,29.48215118740336
2025-08-14 23:47:24.647478+00:00,29.48215118740336
2025-08-14 23:47:27.502488+00:00,29.48215118740336
2025-08-14 23:47:29.413875+00:00,29.47700063372031
2025-08-14 23:47:31.373076+00:00,29.49245229564258
2025-08-14 23:47:32.301851+00:00,29.47700063372031
2025-08-14 23:47:32.885317+00:00,29.48215118740336
2025-08-14 23:47:33.978440+00:00,29.47700063372031
2025-08-14 23:47:35.804592+00:00,29.48215118740336
2025-08-14 23:47:36.373201+00:00,29.48215118740336
2025-08-14 23:47:37.728858+00:00,29.48730174137745
2025-08-14 23:47:38.731206+00:00,29.47700063372031
2025-08-14 23:47:39.405702+00:00,29.48730174137745
2025-08-14 23:47:40.218323+00:00,29.48730174137745
2025-08-14 23:47:40.527538+00:00,29.48215118740336
2025-08-14 23:47:44.547126+00:00,29.48730174137745
2025-08-14 23:47:44.964392+00:00,29.48215118740336
2025-08-14 23:47:45.526104+00:00,29.48215118740336
2025-08-14 23:47:46.661847+00:00,29.471850080328295
2025-08-14 23:47:49.599557+00:00,29.471850080328295
2025-08-14 23:47:49.851507+00:00,29.47700063372031
2025-08-14 23:47:50.213296+00:00,29.48215118740336
2025-08-14 23:47:50.504371+00:00,29.49245229564258
2025-08-14 23:47:52.039762+00:00,29.48215118740336
2025-08-14 23:47:53.283737+00:00,29.48215118740336
2025-08-14 23:47:54.756240+00:00,29.47700063372031
2025-08-14 23:47:55.916534+00:00,29.46669952722732
2025-08-14 23:47:57.362301+00:00,29.46669952722732
2025-08-14 23:47:59.470238+00:00,29.48215118740336
2025-08-14 23:48:01.396642+00:00,29.46669952722732
2025-08-14 23:48:03.091990+00:00,29.471850080328295
2025-08-14 23:48:03.665326+00:00,29.471850080328295
2025-08-14 23:48:04.582810+00:00,29.47700063372031
2025-08-14 23:48:07.907168+00:00,29.47700063372031
2025-08-14 23:48:12.441251+00:00,29.46669952722732
2025-08-14 23:48:13.471737+00:00,29.46669952722732
2025-08-14 23:48:14.137199+00:00,29.461548974417383
2025-08-14 23:48:15.256417+00:00,29.461548974417383
2025-08-14 23:48:16.973255+00:00,29.46669952722732
2025-08-14 23:48:18.308006+00:00,29.47700063372031
2025-08-14 23:48:21.254778+00:00,29.46669952722732
2025-08-14 23:48:22.433702+00:00,29.47700063372031
2025-08-14 23:48:22.717903+00:00,29.47700063372031
2025-08-14 23:48:23.309490+00:00,29.47700063372031
2025-08-14 23:48:25.519222+00:00,29.46669952722732
2025-08-14 23:48:28.277155+00:00,29.47700063372031
2025-08-14 23:48:28.522806+00:00,29.46669952722732
2025-08-14 23:48:28.828408+00:00,29.471850080328295
2025-08-14 23:48:29.389189+00:00,29.48215118740336
2025-08-14 23:48:34.509399+00:00,29.47700063372031
2025-08-14 23:48:34.767372+00:00,29.47700063372031
2025-08-14 23:48:39.604653+00:00,29.48215118740336
2025-08-14 23:48:40.304181+00:00,29.48215118740336
2025-08-14 23:48:40.581369+00:00,29.48730174137745
2025-08-14 23:48:40.823281+00:00,29.48215118740336
2025-08-14 23:48:41.083169+00:00,29.48215118740336
2025-08-14 23:48:41.374752+00:00,29.48215118740336
2025-08-14 23:48:41.742271+00:00,29.48215118740336
2025-08-14 23:48:43.930886+00:00,29.48215118740336
2025-08-14 23:48:45.248627+00:00,29.48215118740336
2025-08-14 23:48:46.470909+00:00,29.49245229564258
2025-08-14 23:48:46.798585+00:00,29.497602850198746
2025-08-14 23:48:47.270901+00:00,29.49245229564258
2025-08-14 23:48:47.781390+00:00,29.49245229564258
2025-08-14 23:48:48.174308+00:00,29.48730174137745
2025-08-14 23:48:54.039799+00:00,29.48730174137745
2025-08-14 23:48:55.187783+00:00,29.48730174137745
2025-08-14 23:48:55.460846+00:00,29.497602850198746
2025-08-14 23:48:56.413416+00:00,29.49245229564258
2025-08-14 23:48:57.400266+00:00,29.49245229564258
2025-08-14 23:48:58.429819+00:00,29.49245229564258
2025-08-14 23:48:59.077812+00:00,29.497602850198746
2025-08-14 23:49:03.563661+00:00,29.49245229564258
2025-08-14 23:49:08.449369+00:00,29.48215118740336
2025-08-14 23:49:10.049286+00:00,29.49245229564258
2025-08-14 23:49:14.486274+00:00,29.48215118740336
2025-08-14 23:49:16.156374+00:00,29.47700063372031
2025-08-14 23:49:17.859504+00:00,29.48215118740336
2025-08-14 23:49:18.407496+00:00,29.47700063372031
2025-08-14 23:49:21.045510+00:00,29.47700063372031
2025-08-14 23:49:21.611822+00:00,29.47700063372031
2025-08-14 23:49:23.069273+00:00,29.48215118740336
2025-08-14 23:49:23.560837+00:00,29.48730174137745
2025-08-14 23:49:24.313236+00:00,29.48215118740336
2025-08-14 23:49:26.629618+00:00,29.48730174137745
2025-08-14 23:49:27.992893+00:00,29.47700063372031
2025-08-14 23:49:30.757298+00:00,29.46669952722732
2025-08-14 23:49:31.161874+00:00,29.471850080328295
2025-08-14 23:49:31.886316+00:00,29.471850080328295
2025-08-14 23:49:34.709969+00:00,29.47700063372031
2025-08-14 23:49:38.112036+00:00,29.47700063372031
2025-08-14 23:49:40.419279+00:00,29.471850080328295
2025-08-14 23:49:41.484185+00:00,29.47700063372031
2025-08-14 23:49:45.803623+00:00,29.47700063372031
2025-08-14 23:49:50.410741+00:00,29.48215118740336
2025-08-14 23:49:53.511370+00:00,29.471850080328295
2025-08-14 23:49:54.643741+00:00,29.47700063372031
2025-08-14 23:49:56.960347+00:00,29.471850080328295
2025-08-14 23:49:57.676798+00:00,29.46669952722732
2025-08-14 23:49:59.761146+00:00,29.461548974417383
2025-08-14 23:50:02.236819+00:00,29.461548974417383
2025-08-14 23:50:03.356990+00:00,29.461548974417383
2025-08-14 23:50:05.747016+00:00,29.48215118740336
2025-08-14 23:50:08.546486+00:00,29.471850080328295
2025-08-14 23:50:10.079150+00:00,29.461548974417383
2025-08-14 23:50:13.148299+00:00,29.46669952722732
2025-08-14 23:50:13.586981+00:00,29.46669952722732
2025-08-14 23:50:14.014547+00:00,29.461548974417383
2025-08-14 23:50:14.621799+00:00,29.456398421898484
2025-08-14 23:50:15.080126+00:00,29.456398421898484
2025-08-14 23:50:19.649028+00:00,29.46669952722732
2025-08-14 23:50:20.596051+00:00,29.461548974417383
2025-08-14 23:50:21.230571+00:00,29.461548974417383
2025-08-14 23:50:23.273405+00:00,29.461548974417383
2025-08-14 23:50:27.787407+00:00,29.46669952722732
2025-08-14 23:50:29.553533+00:00,29.461548974417383
2025-08-14 23:50:37.736675+00:00,29.46669952722732
2025-08-14 23:50:40.949508+00:00,29.451247869670624
2025-08-14 23:50:41.362101+00:00,29.461548974417383
2025-08-14 23:50:43.385147+00:00,29.456398421898484
2025-08-14 23:50:44.735168+00:00,29.471850080328295
2025-08-14 23:50:45.769970+00:00,29.46669952722732
2025-08-14 23:50:47.020307+00:00,29.461548974417383
2025-08-14 23:50:49.326278+00:00,29.46669952722732
2025-08-14 23:50:50.200297+00:00,29.46669952722732
2025-08-14 23:50:50.915280+00:00,29.461548974417383
2025-08-14 23:50:51.188905+00:00,29.471850080328295
2025-08-14 23:50:53.644216+00:00,29.46669952722732
2025-08-14 23:50:55.297631+00:00,29.46669952722732
2025-08-14 23:50:56.009235+00:00,29.46669952722732
2025-08-14 23:50:57.062329+00:00,29.46669952722732
2025-08-14 23:50:57.486720+00:00,29.46669952722732
2025-08-14 23:50:57.662542+00:00,29.47700063372031
2025-08-14 23:50:57.939666+00:00,29.47700063372031
2025-08-14 23:50:58.256469+00:00,29.471850080328295
2025-08-14 23:50:58.934509+00:00,29.47700063372031
2025-08-14 23:51:00.610678+00:00,29.46669952722732
2025-08-14 23:51:03.353244+00:00,29.471850080328295
2025-08-14 23:51:03.725814+00:00,29.46669952722732
2025-08-14 23:51:04.038839+00:00,29.471850080328295
2025-08-14 23:51:07.201849+00:00,29.46669952722732
2025-08-14 23:51:07.754912+00:00,29.48215118740336
2025-08-14 23:51:10.621265+00:00,29.46669952722732
2025-08-14 23:51:14.550565+00:00,29.471850080328295
2025-08-14 23:51:16.246104+00:00,29.471850080328295
2025-08-14 23:51:19.452779+00:00,29.471850080328295
2025-08-14 23:51:20.455521+00:00,29.456398421898484
2025-08-14 23:51:22.927520+00:00,29.456398421898484
2025-08-14 23:51:24.013505+00:00,29.46669952722732
2025-08-14 23:51:26.292741+00:00,29.46669952722732
2025-08-14 23:51:27.123056+00:00,29.461548974417383
2025-08-14 23:51:27.514376+00:00,29.46669952722732
2025-08-14 23:51:27.833528+00:00,29.471850080328295
2025-08-14 23:51:28.817476+00:00,29.471850080328295
2025-08-14 23:51:35.690036+00:00,29.471850080328295
2025-08-14 23:51:37.710778+00:00,29.46669952722732
2025-08-14 23:51:39.147956+00:00,29.46669952722732
2025-08-14 23:51:39.957105+00:00,29.47700063372031
2025-08-14 23:51:41.561672+00:00,29.46669952722732
2025-08-14 23:51:44.924643+00:00,29.46669952722732
2025-08-14 23:51:45.410042+00:00,29.48215118740336
2025-08-14 23:51:46.412168+00:00,29.46669952722732
2025-08-14 23:51:49.041146+00:00,29.46669952722732
2025-08-14 23:51:49.238530+00:00,29.47700063372031
2025-08-14 23:51:49.442060+00:00,29.47700063372031
2025-08-14 23:51:51.294999+00:00,29.46669952722732
2025-08-14 23:51:52.166174+00:00,29.471850080328295
2025-08-14 23:51:53.792648+00:00,29.471850080328295
2025-08-14 23:51:54.046180+00:00,29.46669952722732
2025-08-14 23:51:54.222883+00:00,29.47700063372031
2025-08-14 23:51:54.439745+00:00,29.47700063372031
2025-08-14 23:51:55.719749+00:00,29.46669952722732
2025-08-14 23:51:55.908006+00:00,29.471850080328295
2025-08-14 23:51:56.539395+00:00,29.471850080328295
2025-08-14 23:51:56.889079+00:00,29.461548974417383
2025-08-14 23:51:59.046827+00:00,29.46669952722732
2025-08-14 23:51:59.991733+00:00,29.461548974417383
2025-08-14 23:52:02.351332+00:00,29.471850080328295
2025-08-14 23:52:02.956540+00:00,29.471850080328295
2025-08-14 23:52:10.244075+00:00,29.461548974417383
2025-08-14 23:52:12.410495+00:00,29.471850080328295
2025-08-14 23:52:13.232032+00:00,29.471850080328295
2025-08-14 23:52:13.902662+00:00,29.46669952722732
2025-08-14 23:52:15.184768+00:00,29.461548974417383
2025-08-14 23:52:18.657811+00:00,29.46669952722732
2025-08-14 23:52:19.927493+00:00,29.46669952722732
2025-08-14 23:52:21.031455+00:00,29.461548974417383
2025-08-14 23:52:21.389292+00:00,29.456398421898484
2025-08-14 23:52:21.600165+00:00,29.456398421898484
2025-08-14 23:52:22.016572+00:00,29.471850080328295
2025-08-14 23:52:24.114414+00:00,29.461548974417383
2025-08-14 23:52:25.427237+00:00,29.461548974417383
2025-08-14 23:52:26.755937+00:00,29.461548974417383
2025-08-14 23:52:27.608138+00:00,29.461548974417383
2025-08-14 23:52:27.891939+00:00,29.46669952722732
2025-08-14 23:52:30.651191+00:00,29.46669952722732
2025-08-14 23:52:31.695992+00:00,29.471850080328295
2025-08-14 23:52:33.735420+00:00,29.471850080328295
2025-08-14 23:52:34.361799+00:00,29.46669952722732
2025-08-14 23:52:34.626337+00:00,29.456398421898484
2025-08-14 23:52:37.719066+00:00,29.456398421898484
2025-08-14 23:52:39.790556+00:00,29.46669952722732
2025-08-14 23:52:41.519808+00:00,29.461548974417383
2025-08-14 23:52:42.270954+00:00,29.46669952722732
2025-08-14 23:52:43.399628+00:00,29.47700063372031
2025-08-14 23:52:43.925036+00:00,29.47700063372031
2025-08-14 23:52:48.285099+00:00,29.471850080328295
2025-08-14 23:52:48.683915+00:00,29.46669952722732
2025-08-14 23:52:48.900469+00:00,29.461548974417383
2025-08-14 23:52:49.343325+00:00,29.46669952722732
2025-08-14 23:52:51.039114+00:00,29.46669952722732
2025-08-14 23:52:53.656526+00:00,29.46669952722732
2025-08-14 23:52:54.657421+00:00,29.461548974417383
2025-08-14 23:52:55.612647+00:00,29.471850080328295
2025-08-14 23:52:55.844586+00:00,29.46669952722732
2025-08-14 23:52:56.063215+00:00,29.46669952722732
2025-08-14 23:52:57.601077+00:00,29.456398421898484
2025-08-14 23:52:58.086194+00:00,29.471850080328295
2025-08-14 23:52:58.490219+00:00,29.46669952722732
2025-08-14 23:52:59.081581+00:00,29.46669952722732
2025-08-14 23:53:00.877909+00:00,29.46669952722732
2025-08-14 23:53:01.565744+00:00,29.456398421898484
2025-08-14 23:53:01.900768+00:00,29.461548974417383
2025-08-14 23:53:02.476568+00:00,29.461548974417383
2025-08-14 23:53:04.949586+00:00,29.461548974417383
2025-08-14 23:53:08.967896+00:00,29.46669952722732
2025-08-14 23:53:11.266288+00:00,29.461548974417383
2025-08-14 23:53:13.734324+00:00,29.461548974417383
2025-08-14 23:53:14.915105+00:00,29.456398421898484
2025-08-14 23:53:17.524268+00:00,29.456398421898484
2025-08-14 23:53:18.573419+00:00,29.451247869670624
2025-08-14 23:53:20.651833+00:00,29.471850080328295
2025-08-14 23:53:20.887730+00:00,29.46669952722732
2025-08-14 23:53:21.431389+00:00,29.461548974417383
2025-08-14 23:53:25.316173+00:00,29.461548974417383
2025-08-14 23:53:25.593350+00:00,29.461548974417383
2025-08-14 23:53:27.156513+00:00,29.46669952722732
2025-08-14 23:53:27.731090+00:00,29.46669952722732
2025-08-14 23:53:28.865857+00:00,29.461548974417383
2025-08-14 23:53:29.379911+00:00,29.456398421898484
2025-08-14 23:53:33.373831+00:00,29.471850080328295
2025-08-14 23:53:34.870418+00:00,29.456398421898484
2025-08-14 23:53:35.641740+00:00,29.461548974417383
2025-08-14 23:53:36.347904+00:00,29.47700063372031
2025-08-14 23:53:40.026967+00:00,29.46669952722732
2025-08-14 23:53:42.059092+00:00,29.456398421898484
2025-08-14 23:53:42.551866+00:00,29.456398421898484
2025-08-14 23:53:44.240107+00:00,29.46669952722732
2025-08-14 23:53:45.510279+00:00,29.46669952722732
2025-08-14 23:53:48.570061+00:00,29.46669952722732
2025-08-14 23:53:48.815080+00:00,29.461548974417383
2025-08-14 23:53:50.006723+00:00,29.46669952722732
2025-08-14 23:53:51.068044+00:00,29.46669952722732
2025-08-14 23:53:51.489575+00:00,29.46669952722732
2025-08-14 23:53:51.862070+00:00,29.471850080328295
2025-08-14 23:53:52.756878+00:00,29.451247869670624
2025-08-14 23:53:53.968816+00:00,29.451247869670624
2025-08-14 23:53:54.453069+00:00,29.456398421898484
2025-08-14 23:53:55.790344+00:00,29.461548974417383
2025-08-14 23:53:56.148329+00:00,29.46669952722732
2025-08-14 23:53:56.339352+00:00,29.461548974417383
2025-08-14 23:53:57.397975+00:00,29.456398421898484
2025-08-14 23:53:57.695578+00:00,29.46669952722732
2025-08-14 23:53:58.006341+00:00,29.461548974417383
2025-08-14 23:53:59.206995+00:00,29.46669952722732
2025-08-14 23:53:59.587454+00:00,29.461548974417383
2025-08-14 23:54:00.255329+00:00,29.461548974417383
2025-08-14 23:54:01.799051+00:00,29.456398421898484
2025-08-14 23:54:03.524689+00:00,29.46669952722732
2025-08-14 23:54:04.022689+00:00,29.456398421898484
2025-08-14 23:54:10.591699+00:00,29.456398421898484
2025-08-14 23:54:14.968179+00:00,29.471850080328295
2025-08-14 23:54:18.407504+00:00,29.461548974417383
2025-08-14 23:54:18.736211+00:00,29.456398421898484
2025-08-14 23:54:19.055329+00:00,29.456398421898484
2025-08-14 23:54:19.389196+00:00,29.461548974417383
2025-08-14 23:54:19.746972+00:00,29.461548974417383
2025-08-14 23:54:20.558992+00:00,29.451247869670624
2025-08-14 23:54:21.570333+00:00,29.456398421898484
2025-08-14 23:54:22.239977+00:00,29.456398421898484
2025-08-14 23:54:24.320972+00:00,29.471850080328295
2025-08-14 23:54:24.553344+00:00,29.46669952722732
2025-08-14 23:54:25.200408+00:00,29.46669952722732
2025-08-14 23:54:27.046463+00:00,29.46669952722732
2025-08-14 23:54:28.507683+00:00,29.461548974417383
2025-08-14 23:54:29.826812+00:00,29.461548974417383
2025-08-14 23:54:30.013064+00:00,29.456398421898484
2025-08-14 23:54:30.322087+00:00,29.461548974417383
2025-08-14 23:54:34.097787+00:00,29.461548974417383
2025-08-14 23:54:34.398594+00:00,29.456398421898484
2025-08-14 23:54:34.616165+00:00,29.46669952722732
2025-08-14 23:54:35.284562+00:00,29.46669952722732
2025-08-14 23:54:38.381337+00:00,29.461548974417383
2025-08-14 23:54:39.641245+00:00,29.461548974417383
2025-08-14 23:54:47.321889+00:00,29.46669952722732
2025-08-14 23:54:47.974418+00:00,29.461548974417383
2025-08-14 23:54:48.930392+00:00,29.456398421898484
2025-08-14 23:54:50.448219+00:00,29.46669952722732
2025-08-14 23:54:50.832292+00:00,29.46669952722732
2025-08-14 23:54:51.635484+00:00,29.46669952722732
2025-08-14 23:54:52.130391+00:00,29.461548974417383
2025-08-14 23:54:52.972780+00:00,29.46669952722732
2025-08-14 23:54:54.203440+00:00,29.461548974417383
2025-08-14 23:54:55.163438+00:00,29.456398421898484
2025-08-14 23:54:55.757585+00:00,29.456398421898484
2025-08-14 23:54:56.384642+00:00,29.461548974417383
2025-08-14 23:55:05.078214+00:00,29.461548974417383
2025-08-14 23:55:05.571680+00:00,29.461548974417383
2025-08-14 23:55:05.904407+00:00,29.456398421898484
2025-08-14 23:55:08.421899+00:00,29.461548974417383
2025-08-14 23:55:10.898180+00:00,29.461548974417383
2025-08-14 23:55:12.805550+00:00,29.446097317733802
2025-08-14 23:55:16.895462+00:00,29.456398421898484
2025-08-14 23:55:20.165321+00:00,29.456398421898484
2025-08-14 23:55:26.028784+00:00,29.456398421898484
2025-08-14 23:55:30.441411+00:00,29.446097317733802
2025-08-14 23:55:32.329468+00:00,29.456398421898484
2025-08-14 23:55:33.323864+00:00,29.451247869670624
2025-08-14 23:55:34.347298+00:00,29.446097317733802
2025-08-14 23:55:36.596481+00:00,29.456398421898484
2025-08-14 23:55:38.602418+00:00,29.440946766088018
2025-08-14 23:55:39.164823+00:00,29.451247869670624
2025-08-14 23:55:44.037652+00:00,29.451247869670624
2025-08-14 23:55:45.045278+00:00,29.456398421898484
2025-08-14 23:55:47.213313+00:00,29.456398421898484
2025-08-14 23:55:48.555419+00:00,29.446097317733802
2025-08-14 23:55:50.129718+00:00,29.456398421898484
2025-08-14 23:55:50.547308+00:00,29.451247869670624
2025-08-14 23:55:52.073553+00:00,29.456398421898484
2025-08-14 23:55:53.331261+00:00,29.451247869670624
2025-08-14 23:55:55.597815+00:00,29.451247869670624
2025-08-14 23:55:56.154162+00:00,29.456398421898484
2025-08-14 23:55:56.537544+00:00,29.456398421898484
2025-08-14 23:55:57.561309+00:00,29.446097317733802
2025-08-14 23:55:58.061804+00:00,29.456398421898484
2025-08-14 23:55:58.513138+00:00,29.451247869670624
2025-08-14 23:56:02.686804+00:00,29.446097317733802
2025-08-14 23:56:04.576670+00:00,29.451247869670624
2025-08-14 23:56:07.436554+00:00,29.446097317733802
2025-08-14 23:56:09.974525+00:00,29.446097317733802
2025-08-14 23:56:10.614039+00:00,29.456398421898484
2025-08-14 23:56:12.019710+00:00,29.446097317733802
2025-08-14 23:56:12.332986+00:00,29.446097317733802
2025-08-14 23:56:13.161130+00:00,29.451247869670624
2025-08-14 23:56:14.577557+00:00,29.451247869670624
2025-08-14 23:56:15.000497+00:00,29.446097317733802
2025-08-14 23:56:15.794091+00:00,29.446097317733802
2025-08-14 23:56:18.541092+00:00,29.446097317733802
2025-08-14 23:56:18.820425+00:00,29.456398421898484
2025-08-14 23:56:19.026420+00:00,29.446097317733802
2025-08-14 23:56:19.479260+00:00,29.456398421898484
2025-08-14 23:56:19.752765+00:00,29.461548974417383
2025-08-14 23:56:20.652437+00:00,29.456398421898484
2025-08-14 23:56:20.806964+00:00,29.456398421898484
2025-08-14 23:56:20.961598+00:00,29.451247869670624
2025-08-14 23:56:21.156199+00:00,29.451247869670624
2025-08-14 23:56:21.302006+00:00,29.46669952722732
2025-08-14 23:56:21.533721+00:00,29.461548974417383
2025-08-14 23:56:22.871352+00:00,29.451247869670624
2025-08-14 23:56:23.890387+00:00,29.456398421898484
2025-08-14 23:56:26.115416+00:00,29.451247869670624
2025-08-14 23:56:26.792825+00:00,29.446097317733802
2025-08-14 23:56:27.199566+00:00,29.451247869670624
2025-08-14 23:56:29.466406+00:00,29.451247869670624
2025-08-14 23:56:29.706552+00:00,29.451247869670624
2025-08-14 23:56:31.111807+00:00,29.461548974417383
2025-08-14 23:56:31.579753+00:00,29.451247869670624
2025-08-14 23:56:33.344504+00:00,29.446097317733802
2025-08-14 23:56:35.158498+00:00,29.456398421898484
2025-08-14 23:56:36.854817+00:00,29.451247869670624
2025-08-14 23:56:38.346274+00:00,29.456398421898484
2025-08-14 23:56:38.666482+00:00,29.440946766088018
2025-08-14 23:56:39.159771+00:00,29.456398421898484
2025-08-14 23:56:40.423594+00:00,29.451247869670624
2025-08-14 23:56:50.153953+00:00,29.451247869670624
2025-08-14 23:56:50.554508+00:00,29.446097317733802
2025-08-14 23:56:51.005367+00:00,29.461548974417383
2025-08-14 23:56:52.762940+00:00,29.456398421898484
2025-08-14 23:56:56.580669+00:00,29.456398421898484
2025-08-14 23:56:56.966795+00:00,29.451247869670624
2025-08-14 23:56:58.612385+00:00,29.456398421898484
2025-08-14 23:56:58.846885+00:00,29.451247869670624
2025-08-14 23:56:59.106034+00:00,29.456398421898484
2025-08-14 23:57:01.604950+00:00,29.456398421898484
2025-08-14 23:57:03.094649+00:00,29.451247869670624
2025-08-14 23:57:03.409941+00:00,29.456398421898484
2025-08-14 23:57:05.371502+00:00,29.456398421898484
2025-08-14 23:57:08.454078+00:00,29.440946766088018
2025-08-14 23:57:11.002280+00:00,29.451247869670624
2025-08-14 23:57:12.824262+00:00,29.440946766088018
2025-08-14 23:57:13.507560+00:00,29.440946766088018
2025-08-14 23:57:13.702645+00:00,29.461548974417383
2025-08-14 23:57:13.911931+00:00,29.461548974417383
2025-08-14 23:57:15.318062+00:00,29.456398421898484
2025-08-14 23:57:15.761922+00:00,29.456398421898484
2025-08-14 23:57:19.091188+00:00,29.446097317733802
2025-08-14 23:57:19.500966+00:00,29.440946766088018
2025-08-14 23:57:20.203423+00:00,29.446097317733802
2025-08-14 23:57:20.687774+00:00,29.446097317733802
2025-08-14 23:57:21.428249+00:00,29.440946766088018
2025-08-14 23:57:21.941333+00:00,29.446097317733802
2025-08-14 23:57:23.110841+00:00,29.451247869670624
2025-08-14 23:57:23.811980+00:00,29.456398421898484
2025-08-14 23:57:24.199957+00:00,29.451247869670624
2025-08-14 23:57:24.441019+00:00,29.456398421898484
2025-08-14 23:57:25.636053+00:00,29.451247869670624
2025-08-14 23:57:27.945661+00:00,29.451247869670624
2025-08-14 23:57:28.885341+00:00,29.451247869670624
2025-08-14 23:57:29.445863+00:00,29.461548974417383
2025-08-14 23:57:32.657030+00:00,29.456398421898484
2025-08-14 23:57:34.094114+00:00,29.456398421898484
2025-08-14 23:57:34.352552+00:00,29.451247869670624
2025-08-14 23:57:34.635254+00:00,29.456398421898484
2025-08-14 23:57:35.504411+00:00,29.446097317733802
2025-08-14 23:57:37.235955+00:00,29.446097317733802
2025-08-14 23:57:37.496005+00:00,29.446097317733802
2025-08-14 23:57:38.197437+00:00,29.451247869670624
2025-08-14 23:57:39.060768+00:00,29.456398421898484
2025-08-14 23:57:39.287124+00:00,29.456398421898484
2025-08-14 23:57:39.753139+00:00,29.446097317733802
2025-08-14 23:57:40.239109+00:00,29.456398421898484
2025-08-14 23:57:41.845113+00:00,29.440946766088018
2025-08-14 23:57:42.713434+00:00,29.446097317733802
2025-08-14 23:57:43.601941+00:00,29.451247869670624
2025-08-14 23:57:44.801344+00:00,29.446097317733802
2025-08-14 23:57:51.347511+00:00,29.451247869670624
2025-08-14 23:57:52.576090+00:00,29.446097317733802
2025-08-14 23:57:53.760657+00:00,29.440946766088018
2025-08-14 23:57:54.004030+00:00,29.456398421898484
2025-08-14 23:57:54.679596+00:00,29.446097317733802
2025-08-14 23:57:57.640474+00:00,29.435796214733273
2025-08-14 23:58:09.350917+00:00,29.435796214733273
2025-08-14 23:58:10.663936+00:00,29.440946766088018
2025-08-14 23:58:11.075414+00:00,29.446097317733802
2025-08-14 23:58:12.906306+00:00,29.446097317733802
2025-08-14 23:58:13.796901+00:00,29.451247869670624
2025-08-14 23:58:14.081798+00:00,29.451247869670624
2025-08-14 23:58:16.464875+00:00,29.446097317733802
2025-08-14 23:58:18.137676+00:00,29.446097317733802
2025-08-14 23:58:18.902923+00:00,29.446097317733802
2025-08-14 23:58:19.530127+00:00,29.446097317733802
2025-08-14 23:58:19.877691+00:00,29.435796214733273
2025-08-14 23:58:21.043504+00:00,29.440946766088018
2025-08-14 23:58:22.162854+00:00,29.446097317733802
2025-08-14 23:58:24.235903+00:00,29.430645663669566
2025-08-14 23:58:24.705334+00:00,29.440946766088018
2025-08-14 23:58:24.964130+00:00,29.446097317733802
2025-08-14 23:58:26.058684+00:00,29.435796214733273
2025-08-14 23:58:27.095026+00:00,29.446097317733802
2025-08-14 23:58:28.381822+00:00,29.446097317733802
2025-08-14 23:58:30.047514+00:00,29.451247869670624
2025-08-14 23:58:31.208739+00:00,29.451247869670624
2025-08-14 23:58:33.166730+00:00,29.461548974417383
2025-08-14 23:58:35.190651+00:00,29.451247869670624
2025-08-14 23:58:36.387350+00:00,29.440946766088018
2025-08-14 23:58:36.572863+00:00,29.451247869670624
2025-08-14 23:58:37.958404+00:00,29.456398421898484
2025-08-14 23:58:38.509823+00:00,29.456398421898484
2025-08-14 23:58:41.302439+00:00,29.456398421898484
2025-08-14 23:58:42.332115+00:00,29.451247869670624
2025-08-14 23:58:42.742506+00:00,29.46669952722732
2025-08-14 23:58:44.729062+00:00,29.451247869670624
2025-08-14 23:58:45.982898+00:00,29.446097317733802
2025-08-14 23:58:49.009997+00:00,29.451247869670624
2025-08-14 23:58:49.385469+00:00,29.446097317733802
2025-08-14 23:58:53.339773+00:00,29.456398421898484
2025-08-14 23:58:55.403564+00:00,29.461548974417383
2025-08-14 23:58:55.621714+00:00,29.456398421898484
2025-08-14 23:58:58.510743+00:00,29.47700063372031
2025-08-14 23:58:58.956570+00:00,29.471850080328295
2025-08-14 23:58:59.301363+00:00,29.471850080328295
2025-08-14 23:59:04.807733+00:00,29.46669952722732
2025-08-14 23:59:06.200664+00:00,29.46669952722732
2025-08-14 23:59:07.126755+00:00,29.47700063372031
2025-08-14 23:59:07.767081+00:00,29.471850080328295
2025-08-14 23:59:08.425656+00:00,29.47700063372031
2025-08-14 23:59:09.775905+00:00,29.46669952722732
2025-08-14 23:59:10.226153+00:00,29.46669952722732
2025-08-14 23:59:13.451775+00:00,29.47700063372031
2025-08-14 23:59:13.933491+00:00,29.471850080328295
2025-08-14 23:59:17.565878+00:00,29.471850080328295
2025-08-14 23:59:18.047569+00:00,29.471850080328295
2025-08-14 23:59:19.073524+00:00,29.47700063372031
2025-08-14 23:59:19.509935+00:00,29.47700063372031
2025-08-14 23:59:23.496012+00:00,29.46669952722732
2025-08-14 23:59:24.257044+00:00,29.47700063372031
2025-08-14 23:59:25.309720+00:00,29.48730174137745
2025-08-14 23:59:26.020978+00:00,29.47700063372031
2025-08-14 23:59:26.934508+00:00,29.471850080328295
2025-08-14 23:59:27.576574+00:00,29.47700063372031
2025-08-14 23:59:27.917724+00:00,29.471850080328295
2025-08-14 23:59:29.322075+00:00,29.47700063372031
2025-08-14 23:59:29.540726+00:00,29.471850080328295
2025-08-14 23:59:33.634269+00:00,29.47700063372031
2025-08-14 23:59:34.809580+00:00,29.47700063372031
2025-08-14 23:59:36.734214+00:00,29.47700063372031
2025-08-14 23:59:37.336178+00:00,29.47700063372031
2025-08-14 23:59:37.586357+00:00,29.471850080328295
2025-08-14 23:59:38.631568+00:00,29.47700063372031
2025-08-14 23:59:39.710489+00:00,29.471850080328295
2025-08-14 23:59:40.751281+00:00,29.461548974417383
2025-08-14 23:59:41.535723+00:00,29.461548974417383
2025-08-14 23:59:42.158592+00:00,29.46669952722732
2025-08-14 23:59:42.876175+00:00,29.461548974417383
2025-08-14 23:59:43.355000+00:00,29.456398421898484
2025-08-14 23:59:45.656029+00:00,29.461548974417383
2025-08-14 23:59:48.792676+00:00,29.471850080328295
2025-08-14 23:59:48.967123+00:00,29.46669952722732
2025-08-14 23:59:49.146128+00:00,29.471850080328295
2025-08-14 23:59:49.328710+00:00,29.471850080328295
2025-08-14 23:59:50.819548+00:00,29.46669952722732
2025-08-14 23:59:51.144041+00:00,29.471850080328295
2025-08-14 23:59:55.884035+00:00,29.471850080328295
2025-08-14 23:59:57.626830+00:00,29.46669952722732
2025-08-14 23:59:58.075700+00:00,29.456398421898484
2025-08-14 23:59:58.526094+00:00,29.46669952722732
2025-08-14 23:59:58.734644+00:00,29.461548974417383
2025-08-14 23:59:58.993828+00:00,29.46669952722732
2025-08-14 23:59:59.227294+00:00,29.46669952722732
2025-08-14 23:59:59.587127+00:00,29.46669952722732
2025-08-14 23:59:59.800401+00:00,29.471850080328295
2025-08-15 00:00:07.880328+00:00,29.461548974417383
2025-08-15 00:00:09.549174+00:00,29.461548974417383
2025-08-15 00:00:09.891323+00:00,29.461548974417383
2025-08-15 00:00:10.430439+00:00,29.451247869670624
2025-08-15 00:00:11.534803+00:00,29.456398421898484
2025-08-15 00:00:14.729616+00:00,29.456398421898484
2025-08-15 00:00:17.639453+00:00,29.461548974417383
2025-08-15 00:00:23.286577+00:00,29.46669952722732
2025-08-15 00:00:23.854580+00:00,29.456398421898484
2025-08-15 00:00:27.172686+00:00,29.461548974417383
2025-08-15 00:00:32.439919+00:00,29.456398421898484
2025-08-15 00:00:33.680201+00:00,29.456398421898484
2025-08-15 00:00:36.771127+00:00,29.461548974417383
2025-08-15 00:00:40.551159+00:00,29.461548974417383
2025-08-15 00:00:42.874642+00:00,29.456398421898484
2025-08-15 00:00:43.828787+00:00,29.461548974417383
2025-08-15 00:00:46.222909+00:00,29.451247869670624
2025-08-15 00:00:49.437105+00:00,29.451247869670624
2025-08-15 00:00:51.384847+00:00,29.456398421898484
2025-08-15 00:00:51.734998+00:00,29.456398421898484
2025-08-15 00:00:52.516018+00:00,29.461548974417383
2025-08-15 00:00:52.790934+00:00,29.456398421898484
2025-08-15 00:00:52.980561+00:00,29.456398421898484
2025-08-15 00:00:54.647122+00:00,29.461548974417383
2025-08-15 00:00:59.018008+00:00,29.461548974417383
2025-08-15 00:00:59.512093+00:00,29.46669952722732
2025-08-15 00:00:59.831927+00:00,29.46669952722732
2025-08-15 00:01:04.031329+00:00,29.461548974417383
2025-08-15 00:01:05.104814+00:00,29.46669952722732
2025-08-15 00:01:06.324988+00:00,29.461548974417383
2025-08-15 00:01:07.896861+00:00,29.47700063372031
2025-08-15 00:01:12.533737+00:00,29.46669952722732
2025-08-15 00:01:12.799556+00:00,29.471850080328295
2025-08-15 00:01:13.682947+00:00,29.46669952722732
2025-08-15 00:01:13.941050+00:00,29.47700063372031
2025-08-15 00:01:14.212307+00:00,29.471850080328295
2025-08-15 00:01:14.612669+00:00,29.471850080328295
2025-08-15 00:01:15.431328+00:00,29.47700063372031
2025-08-15 00:01:16.412807+00:00,29.461548974417383
2025-08-15 00:01:17.246295+00:00,29.46669952722732
2025-08-15 00:01:19.777899+00:00,29.46669952722732
2025-08-15 00:01:19.961839+00:00,29.471850080328295
2025-08-15 00:01:20.199030+00:00,29.471850080328295
2025-08-15 00:01:20.441044+00:00,29.46669952722732
2025-08-15 00:01:20.720169+00:00,29.471850080328295
2025-08-15 00:01:23.438795+00:00,29.47700063372031
2025-08-15 00:01:23.782568+00:00,29.461548974417383
2025-08-15 00:01:26.221818+00:00,29.461548974417383
2025-08-15 00:01:26.857554+00:00,29.456398421898484
2025-08-15 00:01:27.489959+00:00,29.461548974417383
2025-08-15 00:01:28.584832+00:00,29.461548974417383
2025-08-15 00:01:29.506658+00:00,29.456398421898484
2025-08-15 00:01:30.484176+00:00,29.461548974417383
2025-08-15 00:01:31.604144+00:00,29.46669952722732
2025-08-15 00:01:32.963166+00:00,29.456398421898484
2025-08-15 00:01:33.618387+00:00,29.456398421898484
2025-08-15 00:01:35.054323+00:00,29.456398421898484
2025-08-15 00:01:37.098197+00:00,29.456398421898484
2025-08-15 00:01:41.532365+00:00,29.471850080328295
2025-08-15 00:01:42.063081+00:00,29.461548974417383
2025-08-15 00:01:42.470632+00:00,29.471850080328295
2025-08-15 00:01:42.878532+00:00,29.461548974417383
2025-08-15 00:01:43.271996+00:00,29.471850080328295
2025-08-15 00:01:45.895830+00:00,29.456398421898484
2025-08-15 00:01:46.440250+00:00,29.456398421898484
2025-08-15 00:01:49.401726+00:00,29.46669952722732
2025-08-15 00:01:49.822812+00:00,29.46669952722732
2025-08-15 00:01:52.639358+00:00,29.461548974417383
2025-08-15 00:01:52.973435+00:00,29.46669952722732
2025-08-15 00:01:55.399460+00:00,29.461548974417383
2025-08-15 00:01:57.314925+00:00,29.461548974417383
2025-08-15 00:01:58.579239+00:00,29.456398421898484
2025-08-15 00:01:59.445902+00:00,29.461548974417383
2025-08-15 00:01:59.986966+00:00,29.46669952722732
2025-08-15 00:02:00.536522+00:00,29.46669952722732
2025-08-15 00:02:01.219016+00:00,29.471850080328295
2025-08-15 00:02:02.890122+00:00,29.471850080328295
2025-08-15 00:02:03.514400+00:00,29.461548974417383
2025-08-15 00:02:05.246222+00:00,29.471850080328295
2025-08-15 00:02:10.758383+00:00,29.46669952722732
2025-08-15 00:02:14.477701+00:00,29.471850080328295
2025-08-15 00:02:14.871272+00:00,29.46669952722732
2025-08-15 00:02:15.659798+00:00,29.46669952722732
2025-08-15 00:02:19.215804+00:00,29.471850080328295
2025-08-15 00:02:20.450631+00:00,29.46669952722732
2025-08-15 00:02:22.650456+00:00,29.461548974417383
2025-08-15 00:02:28.988926+00:00,29.46669952722732
2025-08-15 00:02:29.227392+00:00,29.46669952722732
2025-08-15 00:02:29.564307+00:00,29.456398421898484
2025-08-15 00:02:29.729589+00:00,29.471850080328295
2025-08-15 00:02:31.104307+00:00,29.461548974417383
2025-08-15 00:02:34.363969+00:00,29.461548974417383
2025-08-15 00:02:36.415428+00:00,29.451247869670624
2025-08-15 00:02:39.339271+00:00,29.451247869670624
2025-08-15 00:02:40.308156+00:00,29.46669952722732
2025-08-15 00:02:41.469863+00:00,29.461548974417383
2025-08-15 00:02:43.349894+00:00,29.456398421898484
2025-08-15 00:02:44.553832+00:00,29.461548974417383
2025-08-15 00:02:46.529218+00:00,29.456398421898484
2025-08-15 00:02:47.756303+00:00,29.46669952722732
2025-08-15 00:02:50.579399+00:00,29.461548974417383
2025-08-15 00:02:51.504495+00:00,29.461548974417383
2025-08-15 00:02:51.849197+00:00,29.46669952722732
2025-08-15 00:02:53.022516+00:00,29.461548974417383
2025-08-15 00:02:53.762292+00:00,29.461548974417383
2025-08-15 00:02:53.971901+00:00,29.46669952722732
2025-08-15 00:02:55.901858+00:00,29.47700063372031
2025-08-15 00:02:57.413256+00:00,29.46669952722732
2025-08-15 00:03:00.533226+00:00,29.461548974417383
2025-08-15 00:03:03.017965+00:00,29.456398421898484
2025-08-15 00:03:05.003303+00:00,29.46669952722732
2025-08-15 00:03:05.514107+00:00,29.46669952722732
2025-08-15 00:03:06.428005+00:00,29.461548974417383
2025-08-15 00:03:06.923582+00:00,29.461548974417383
2025-08-15 00:03:07.359397+00:00,29.461548974417383
2025-08-15 00:03:07.801486+00:00,29.456398421898484
2025-08-15 00:03:09.247122+00:00,29.46669952722732
2025-08-15 00:03:09.993567+00:00,29.46669952722732
2025-08-15 00:03:10.819597+00:00,29.456398421898484
2025-08-15 00:03:11.918245+00:00,29.461548974417383
2025-08-15 00:03:15.460471+00:00,29.46669952722732
2025-08-15 00:03:17.030059+00:00,29.456398421898484
2025-08-15 00:03:20.056566+00:00,29.46669952722732
2025-08-15 00:03:20.409799+00:00,29.46669952722732
2025-08-15 00:03:25.594384+00:00,29.46669952722732
2025-08-15 00:03:31.589443+00:00,29.46669952722732
2025-08-15 00:03:32.047747+00:00,29.47700063372031
2025-08-15 00:03:32.411991+00:00,29.47700063372031
2025-08-15 00:03:32.798115+00:00,29.471850080328295
2025-08-15 00:03:34.037260+00:00,29.46669952722732
2025-08-15 00:03:34.224904+00:00,29.46669952722732
2025-08-15 00:03:34.445313+00:00,29.47700063372031
2025-08-15 00:03:34.617450+00:00,29.471850080328295
2025-08-15 00:03:34.914711+00:00,29.47700063372031
2025-08-15 00:03:39.261040+00:00,29.456398421898484
2025-08-15 00:03:39.552190+00:00,29.46669952722732
2025-08-15 00:03:39.882367+00:00,29.471850080328295
2025-08-15 00:03:40.929294+00:00,29.46669952722732
2025-08-15 00:03:41.553663+00:00,29.461548974417383
2025-08-15 00:03:41.752684+00:00,29.46669952722732
2025-08-15 00:03:42.364575+00:00,29.46669952722732
2025-08-15 00:03:43.596277+00:00,29.471850080328295
2025-08-15 00:03:44.129044+00:00,29.46669952722732
2025-08-15 00:03:44.397936+00:00,29.47700063372031
2025-08-15 00:03:44.836455+00:00,29.46669952722732
2025-08-15 00:03:45.584717+00:00,29.46669952722732
2025-08-15 00:03:46.626373+00:00,29.46669952722732
2025-08-15 00:03:47.469721+00:00,29.46669952722732
2025-08-15 00:03:47.955179+00:00,29.471850080328295
2025-08-15 00:03:48.414150+00:00,29.46669952722732
2025-08-15 00:03:48.653007+00:00,29.440946766088018
2025-08-15 00:03:50.419646+00:00,29.456398421898484
2025-08-15 00:03:51.112767+00:00,29.461548974417383
2025-08-15 00:03:52.578136+00:00,29.461548974417383
2025-08-15 00:03:55.373586+00:00,29.46669952722732
2025-08-15 00:03:56.704539+00:00,29.461548974417383
2025-08-15 00:04:00.354313+00:00,29.471850080328295
2025-08-15 00:04:02.169661+00:00,29.461548974417383
2025-08-15 00:04:08.075270+00:00,29.461548974417383
2025-08-15 00:04:11.142960+00:00,29.46669952722732
2025-08-15 00:04:12.112933+00:00,29.471850080328295
2025-08-15 00:04:14.391348+00:00,29.471850080328295
2025-08-15 00:04:15.651187+00:00,29.46669952722732
2025-08-15 00:04:21.561150+00:00,29.456398421898484
2025-08-15 00:04:22.012213+00:00,29.471850080328295
2025-08-15 00:04:25.771592+00:00,29.46669952722732
2025-08-15 00:04:26.203837+00:00,29.461548974417383
2025-08-15 00:04:28.251129+00:00,29.46669952722732
2025-08-15 00:04:29.045318+00:00,29.461548974417383
2025-08-15 00:04:29.581752+00:00,29.461548974417383
2025-08-15 00:04:30.198146+00:00,29.456398421898484
2025-08-15 00:04:35.196228+00:00,29.456398421898484
2025-08-15 00:04:35.756287+00:00,29.456398421898484
2025-08-15 00:04:36.287014+00:00,29.456398421898484
2025-08-15 00:04:37.569702+00:00,29.461548974417383
2025-08-15 00:04:39.015753+00:00,29.46669952722732
2025-08-15 00:04:40.016974+00:00,29.461548974417383
2025-08-15 00:04:40.903471+00:00,29.461548974417383
2025-08-15 00:04:41.669801+00:00,29.461548974417383
2025-08-15 00:04:41.955954+00:00,29.456398421898484
2025-08-15 00:04:43.444768+00:00,29.46669952722732
2025-08-15 00:04:46.244425+00:00,29.461548974417383
2025-08-15 00:04:48.032426+00:00,29.451247869670624
2025-08-15 00:04:48.666810+00:00,29.461548974417383
2025-08-15 00:04:48.900321+00:00,29.456398421898484
2025-08-15 00:04:49.220727+00:00,29.461548974417383
2025-08-15 00:04:50.129667+00:00,29.46669952722732
2025-08-15 00:04:52.920507+00:00,29.456398421898484
2025-08-15 00:04:53.238600+00:00,29.456398421898484
2025-08-15 00:04:53.521429+00:00,29.46669952722732
2025-08-15 00:04:53.997189+00:00,29.46669952722732
2025-08-15 00:04:54.844726+00:00,29.451247869670624
2025-08-15 00:04:59.436495+00:00,29.461548974417383
2025-08-15 00:05:01.932149+00:00,29.46669952722732
2025-08-15 00:05:03.136991+00:00,29.461548974417383
2025-08-15 00:05:03.614056+00:00,29.456398421898484
2025-08-15 00:05:04.015444+00:00,29.461548974417383
2025-08-15 00:05:05.084955+00:00,29.471850080328295
2025-08-15 00:05:06.998673+00:00,29.456398421898484
2025-08-15 00:05:09.115431+00:00,29.446097317733802
2025-08-15 00:05:11.998235+00:00,29.456398421898484
2025-08-15 00:05:15.428205+00:00,29.440946766088018
2025-08-15 00:05:16.631786+00:00,29.451247869670624
2025-08-15 00:05:18.723227+00:00,29.446097317733802
2025-08-15 00:05:20.571068+00:00,29.456398421898484
2025-08-15 00:05:21.041399+00:00,29.446097317733802
2025-08-15 00:05:21.410587+00:00,29.451247869670624
2025-08-15 00:05:24.289897+00:00,29.451247869670624
2025-08-15 00:05:28.256537+00:00,29.461548974417383
2025-08-15 00:05:33.039584+00:00,29.440946766088018
2025-08-15 00:05:35.702055+00:00,29.451247869670624
2025-08-15 00:05:36.861625+00:00,29.446097317733802
2025-08-15 00:05:38.445186+00:00,29.440946766088018
2025-08-15 00:05:40.287710+00:00,29.446097317733802
2025-08-15 00:05:41.310596+00:00,29.451247869670624
2025-08-15 00:05:42.592511+00:00,29.446097317733802
2025-08-15 00:05:46.423045+00:00,29.451247869670624
2025-08-15 00:05:49.355626+00:00,29.446097317733802
2025-08-15 00:05:51.133776+00:00,29.435796214733273
2025-08-15 00:05:52.376383+00:00,29.440946766088018
2025-08-15 00:05:54.843670+00:00,29.446097317733802
2025-08-15 00:05:55.237073+00:00,29.446097317733802
2025-08-15 00:05:55.697946+00:00,29.446097317733802
2025-08-15 00:05:56.404479+00:00,29.446097317733802
2025-08-15 00:05:58.018649+00:00,29.456398421898484
2025-08-15 00:05:59.993718+00:00,29.446097317733802
2025-08-15 00:06:04.531633+00:00,29.440946766088018
2025-08-15 00:06:07.272972+00:00,29.440946766088018
2025-08-15 00:06:09.427045+00:00,29.451247869670624
2025-08-15 00:06:14.233126+00:00,29.435796214733273
2025-08-15 00:06:16.480819+00:00,29.446097317733802
2025-08-15 00:06:19.296654+00:00,29.440946766088018
2025-08-15 00:06:20.533953+00:00,29.446097317733802
2025-08-15 00:06:21.267940+00:00,29.451247869670624
2025-08-15 00:06:21.503510+00:00,29.451247869670624
2025-08-15 00:06:21.718281+00:00,29.446097317733802
2025-08-15 00:06:22.035774+00:00,29.446097317733802
2025-08-15 00:06:22.401577+00:00,29.451247869670624
2025-08-15 00:06:22.647518+00:00,29.446097317733802
2025-08-15 00:06:22.914405+00:00,29.446097317733802
2025-08-15 00:06:23.143243+00:00,29.461548974417383
2025-08-15 00:06:23.679981+00:00,29.456398421898484
2025-08-15 00:06:24.075988+00:00,29.456398421898484
2025-08-15 00:06:26.415806+00:00,29.446097317733802
2025-08-15 00:06:26.682600+00:00,29.435796214733273
2025-08-15 00:06:28.321424+00:00,29.446097317733802
2025-08-15 00:06:30.208180+00:00,29.446097317733802
2025-08-15 00:06:30.888122+00:00,29.446097317733802
2025-08-15 00:06:32.975829+00:00,29.456398421898484
2025-08-15 00:06:33.299929+00:00,29.451247869670624
2025-08-15 00:06:34.847422+00:00,29.451247869670624
2025-08-15 00:06:35.850368+00:00,29.446097317733802
2025-08-15 00:06:38.809294+00:00,29.446097317733802
2025-08-15 00:06:39.616795+00:00,29.446097317733802
2025-08-15 00:06:40.618028+00:00,29.446097317733802
2025-08-15 00:06:42.734156+00:00,29.451247869670624
2025-08-15 00:06:43.904183+00:00,29.440946766088018
2025-08-15 00:06:45.068072+00:00,29.451247869670624
2025-08-15 00:06:47.521784+00:00,29.451247869670624
2025-08-15 00:06:48.492089+00:00,29.451247869670624
2025-08-15 00:06:49.525759+00:00,29.446097317733802
2025-08-15 00:06:50.341937+00:00,29.446097317733802
2025-08-15 00:06:52.236694+00:00,29.446097317733802
2025-08-15 00:06:54.275244+00:00,29.440946766088018
2025-08-15 00:06:55.136688+00:00,29.451247869670624
2025-08-15 00:06:55.345106+00:00,29.456398421898484
2025-08-15 00:06:57.224915+00:00,29.446097317733802
2025-08-15 00:06:58.346129+00:00,29.451247869670624
2025-08-15 00:06:59.115793+00:00,29.451247869670624
2025-08-15 00:07:00.680420+00:00,29.451247869670624
2025-08-15 00:07:03.155084+00:00,29.451247869670624
2025-08-15 00:07:04.191937+00:00,29.440946766088018
2025-08-15 00:07:06.021035+00:00,29.446097317733802
2025-08-15 00:07:08.604235+00:00,29.446097317733802
2025-08-15 00:07:09.004105+00:00,29.456398421898484
2025-08-15 00:07:10.912051+00:00,29.461548974417383
2025-08-15 00:07:11.702798+00:00,29.456398421898484
2025-08-15 00:07:13.176944+00:00,29.461548974417383
2025-08-15 00:07:14.255781+00:00,29.456398421898484
2025-08-15 00:07:15.278164+00:00,29.451247869670624
2025-08-15 00:07:15.702670+00:00,29.456398421898484
2025-08-15 00:07:16.038562+00:00,29.451247869670624
2025-08-15 00:07:20.372134+00:00,29.461548974417383
2025-08-15 00:07:20.706863+00:00,29.451247869670624
2025-08-15 00:07:21.033030+00:00,29.446097317733802
2025-08-15 00:07:21.267240+00:00,29.461548974417383
2025-08-15 00:07:21.525677+00:00,29.456398421898484
2025-08-15 00:07:21.741705+00:00,29.46669952722732
2025-08-15 00:07:22.055285+00:00,29.46669952722732
2025-08-15 00:07:23.599573+00:00,29.461548974417383
2025-08-15 00:07:24.709386+00:00,29.451247869670624
2025-08-15 00:07:25.992433+00:00,29.451247869670624
2025-08-15 00:07:26.506408+00:00,29.451247869670624
2025-08-15 00:07:26.739267+00:00,29.456398421898484
2025-08-15 00:07:27.842571+00:00,29.451247869670624
2025-08-15 00:07:30.712255+00:00,29.456398421898484
2025-08-15 00:07:31.034956+00:00,29.446097317733802
2025-08-15 00:07:32.203316+00:00,29.451247869670624
2025-08-15 00:07:34.428294+00:00,29.451247869670624
2025-08-15 00:07:35.086936+00:00,29.446097317733802
2025-08-15 00:07:35.396082+00:00,29.461548974417383
2025-08-15 00:07:36.073623+00:00,29.451247869670624
2025-08-15 00:07:36.650028+00:00,29.456398421898484
2025-08-15 00:07:38.705834+00:00,29.461548974417383
2025-08-15 00:07:39.857053+00:00,29.461548974417383
2025-08-15 00:07:40.050206+00:00,29.456398421898484
2025-08-15 00:07:41.914482+00:00,29.461548974417383
2025-08-15 00:07:42.156255+00:00,29.446097317733802
2025-08-15 00:07:46.477931+00:00,29.456398421898484
2025-08-15 00:07:48.490879+00:00,29.446097317733802
2025-08-15 00:07:48.939804+00:00,29.456398421898484
2025-08-15 00:07:49.186272+00:00,29.456398421898484
2025-08-15 00:07:50.164958+00:00,29.451247869670624
2025-08-15 00:07:50.378536+00:00,29.451247869670624
2025-08-15 00:07:50.599002+00:00,29.446097317733802
2025-08-15 00:07:52.632292+00:00,29.461548974417383
2025-08-15 00:07:52.951230+00:00,29.456398421898484
2025-08-15 00:07:53.536037+00:00,29.451247869670624
2025-08-15 00:07:55.508761+00:00,29.456398421898484
2025-08-15 00:07:55.766023+00:00,29.46669952722732
2025-08-15 00:07:57.124697+00:00,29.446097317733802
2025-08-15 00:07:58.149649+00:00,29.451247869670624
2025-08-15 00:08:00.222172+00:00,29.446097317733802
2025-08-15 00:08:03.251817+00:00,29.461548974417383
2025-08-15 00:08:04.416345+00:00,29.446097317733802
2025-08-15 00:08:09.761060+00:00,29.456398421898484
2025-08-15 00:08:12.795206+00:00,29.456398421898484
2025-08-15 00:08:12.986950+00:00,29.446097317733802
2025-08-15 00:08:13.731791+00:00,29.451247869670624
2025-08-15 00:08:15.848341+00:00,29.451247869670624
2025-08-15 00:08:22.289882+00:00,29.451247869670624
2025-08-15 00:08:24.222858+00:00,29.446097317733802
2025-08-15 00:08:25.289338+00:00,29.446097317733802
2025-08-15 00:08:26.325184+00:00,29.435796214733273
2025-08-15 00:08:27.261298+00:00,29.456398421898484
2025-08-15 00:08:27.663842+00:00,29.446097317733802
2025-08-15 00:08:28.524177+00:00,29.451247869670624
2025-08-15 00:08:28.948962+00:00,29.440946766088018
2025-08-15 00:08:33.061882+00:00,29.461548974417383
2025-08-15 00:08:34.617759+00:00,29.456398421898484
2025-08-15 00:08:35.018299+00:00,29.451247869670624
2025-08-15 00:08:36.963859+00:00,29.451247869670624
2025-08-15 00:08:37.639842+00:00,29.456398421898484
2025-08-15 00:08:38.323072+00:00,29.440946766088018
2025-08-15 00:08:38.552434+00:00,29.461548974417383
2025-08-15 00:08:38.932481+00:00,29.461548974417383
2025-08-15 00:08:39.555997+00:00,29.456398421898484
2025-08-15 00:08:40.071690+00:00,29.456398421898484
2025-08-15 00:08:41.275135+00:00,29.456398421898484
2025-08-15 00:08:41.636012+00:00,29.456398421898484
2025-08-15 00:08:50.518080+00:00,29.446097317733802
2025-08-15 00:08:51.056787+00:00,29.451247869670624
2025-08-15 00:08:51.285732+00:00,29.446097317733802
2025-08-15 00:08:53.593650+00:00,29.446097317733802
2025-08-15 00:08:55.113789+00:00,29.446097317733802
2025-08-15 00:08:55.363503+00:00,29.451247869670624
2025-08-15 00:08:57.101853+00:00,29.456398421898484
2025-08-15 00:08:58.222227+00:00,29.456398421898484
2025-08-15 00:09:01.075289+00:00,29.461548974417383
2025-08-15 00:09:01.501092+00:00,29.446097317733802
2025-08-15 00:09:03.676894+00:00,29.446097317733802
2025-08-15 00:09:06.017595+00:00,29.440946766088018
2025-08-15 00:09:08.282089+00:00,29.446097317733802
2025-08-15 00:09:09.685803+00:00,29.451247869670624
2025-08-15 00:09:10.254236+00:00,29.456398421898484
2025-08-15 00:09:10.755247+00:00,29.451247869670624
2025-08-15 00:09:11.209237+00:00,29.451247869670624
2025-08-15 00:09:12.321492+00:00,29.451247869670624
2025-08-15 00:09:21.047308+00:00,29.456398421898484
2025-08-15 00:09:21.329397+00:00,29.446097317733802
2025-08-15 00:09:21.549833+00:00,29.451247869670624
2025-08-15 00:09:21.815210+00:00,29.440946766088018
2025-08-15 00:09:21.975012+00:00,29.461548974417383
2025-08-15 00:09:22.224935+00:00,29.451247869670624
2025-08-15 00:09:24.571782+00:00,29.446097317733802
2025-08-15 00:09:25.687008+00:00,29.446097317733802
2025-08-15 00:09:27.047786+00:00,29.456398421898484
2025-08-15 00:09:28.117711+00:00,29.461548974417383
2025-08-15 00:09:28.410654+00:00,29.446097317733802
2025-08-15 00:09:29.045273+00:00,29.446097317733802
2025-08-15 00:09:29.262004+00:00,29.461548974417383
2025-08-15 00:09:30.225124+00:00,29.456398421898484
2025-08-15 00:09:31.776127+00:00,29.446097317733802
2025-08-15 00:09:32.262832+00:00,29.46669952722732
2025-08-15 00:09:32.683787+00:00,29.435796214733273
2025-08-15 00:09:34.995978+00:00,29.456398421898484
2025-08-15 00:09:35.229531+00:00,29.456398421898484
2025-08-15 00:09:35.471558+00:00,29.46669952722732
2025-08-15 00:09:36.400777+00:00,29.456398421898484
2025-08-15 00:09:36.749544+00:00,29.456398421898484
2025-08-15 00:09:36.950329+00:00,29.456398421898484
2025-08-15 00:09:37.241273+00:00,29.461548974417383
2025-08-15 00:09:37.443801+00:00,29.451247869670624
2025-08-15 00:09:37.659399+00:00,29.46669952722732
2025-08-15 00:09:38.789112+00:00,29.451247869670624
2025-08-15 00:09:41.161474+00:00,29.46669952722732
2025-08-15 00:09:41.368993+00:00,29.456398421898484
2025-08-15 00:09:41.656295+00:00,29.46669952722732
2025-08-15 00:09:41.921907+00:00,29.456398421898484
2025-08-15 00:09:42.214897+00:00,29.461548974417383
2025-08-15 00:09:46.829422+00:00,29.456398421898484
2025-08-15 00:09:48.663683+00:00,29.456398421898484
2025-08-15 00:09:51.165713+00:00,29.456398421898484
2025-08-15 00:09:52.055597+00:00,29.461548974417383
2025-08-15 00:09:52.398491+00:00,29.456398421898484
2025-08-15 00:09:52.577258+00:00,29.46669952722732
2025-08-15 00:09:53.749509+00:00,29.461548974417383
2025-08-15 00:09:54.081147+00:00,29.451247869670624
2025-08-15 00:09:56.713673+00:00,29.451247869670624
2025-08-15 00:09:56.949702+00:00,29.461548974417383
2025-08-15 00:09:57.401448+00:00,29.451247869670624
2025-08-15 00:09:57.751956+00:00,29.446097317733802
2025-08-15 00:09:59.729141+00:00,29.456398421898484
2025-08-15 00:10:04.395867+00:00,29.456398421898484
2025-08-15 00:10:05.889779+00:00,29.456398421898484
2025-08-15 00:10:06.265244+00:00,29.456398421898484
2025-08-15 00:10:06.679223+00:00,29.446097317733802
2025-08-15 00:10:08.050415+00:00,29.425495112896897
2025-08-15 00:10:09.923452+00:00,29.440946766088018
2025-08-15 00:10:13.016123+00:00,29.446097317733802
2025-08-15 00:10:15.129508+00:00,29.451247869670624
2025-08-15 00:10:15.731515+00:00,29.451247869670624
2025-08-15 00:10:16.216434+00:00,29.440946766088018
2025-08-15 00:10:17.407330+00:00,29.440946766088018
2025-08-15 00:10:26.314145+00:00,29.451247869670624
2025-08-15 00:10:28.592345+00:00,29.446097317733802
2025-08-15 00:10:31.882681+00:00,29.440946766088018
2025-08-15 00:10:32.859227+00:00,29.446097317733802
2025-08-15 00:10:34.757965+00:00,29.451247869670624
2025-08-15 00:10:35.204795+00:00,29.440946766088018
2025-08-15 00:10:35.585050+00:00,29.446097317733802
2025-08-15 00:10:36.264492+00:00,29.440946766088018
2025-08-15 00:10:40.201577+00:00,29.440946766088018
2025-08-15 00:10:42.137453+00:00,29.446097317733802
2025-08-15 00:10:46.700895+00:00,29.446097317733802
2025-08-15 00:10:47.505997+00:00,29.435796214733273
2025-08-15 00:10:48.463164+00:00,29.440946766088018
2025-08-15 00:10:50.738208+00:00,29.435796214733273
2025-08-15 00:10:51.765662+00:00,29.430645663669566
2025-08-15 00:10:52.166106+00:00,29.446097317733802
2025-08-15 00:10:53.094054+00:00,29.435796214733273
2025-08-15 00:10:54.815259+00:00,29.440946766088018
2025-08-15 00:10:56.212233+00:00,29.440946766088018
2025-08-15 00:10:57.503707+00:00,29.435796214733273
2025-08-15 00:10:57.845780+00:00,29.440946766088018
2025-08-15 00:10:58.617761+00:00,29.440946766088018
2025-08-15 00:10:59.197484+00:00,29.440946766088018
2025-08-15 00:10:59.754779+00:00,29.435796214733273
2025-08-15 00:11:00.497911+00:00,29.435796214733273
2025-08-15 00:11:05.083391+00:00,29.435796214733273
2025-08-15 00:11:05.524059+00:00,29.425495112896897
2025-08-15 00:11:05.938273+00:00,29.440946766088018
2025-08-15 00:11:06.323819+00:00,29.446097317733802
2025-08-15 00:11:08.749378+00:00,29.451247869670624
2025-08-15 00:11:10.306855+00:00,29.451247869670624
2025-08-15 00:11:10.840476+00:00,29.440946766088018
2025-08-15 00:11:11.656805+00:00,29.446097317733802
2025-08-15 00:11:12.041718+00:00,29.446097317733802
2025-08-15 00:11:12.582790+00:00,29.451247869670624
2025-08-15 00:11:13.877568+00:00,29.435796214733273
2025-08-15 00:11:14.477941+00:00,29.435796214733273
2025-08-15 00:11:16.321906+00:00,29.435796214733273
2025-08-15 00:11:17.264230+00:00,29.435796214733273
2025-08-15 00:11:18.447720+00:00,29.446097317733802
2025-08-15 00:11:19.937259+00:00,29.435796214733273
2025-08-15 00:11:20.885538+00:00,29.440946766088018
2025-08-15 00:11:24.255374+00:00,29.435796214733273
2025-08-15 00:11:28.622092+00:00,29.435796214733273
2025-08-15 00:11:28.998707+00:00,29.435796214733273
2025-08-15 00:11:29.458437+00:00,29.440946766088018
2025-08-15 00:11:30.227484+00:00,29.446097317733802
2025-08-15 00:11:31.062198+00:00,29.435796214733273
2025-08-15 00:11:31.369162+00:00,29.440946766088018
2025-08-15 00:11:31.706806+00:00,29.440946766088018
2025-08-15 00:11:32.073020+00:00,29.435796214733273
2025-08-15 00:11:32.813113+00:00,29.435796214733273
2025-08-15 00:11:33.253523+00:00,29.446097317733802
2025-08-15 00:11:33.604917+00:00,29.440946766088018
2025-08-15 00:11:33.879183+00:00,29.440946766088018
2025-08-15 00:11:35.787420+00:00,29.446097317733802
2025-08-15 00:11:36.995512+00:00,29.440946766088018
2025-08-15 00:11:38.736272+00:00,29.430645663669566
2025-08-15 00:11:39.035593+00:00,29.435796214733273
2025-08-15 00:11:39.338096+00:00,29.440946766088018
2025-08-15 00:11:39.604660+00:00,29.425495112896897
2025-08-15 00:11:40.718716+00:00,29.435796214733273
2025-08-15 00:11:41.100642+00:00,29.430645663669566
2025-08-15 00:11:42.301584+00:00,29.435796214733273
2025-08-15 00:11:43.623561+00:00,29.440946766088018
2025-08-15 00:11:44.643793+00:00,29.435796214733273
2025-08-15 00:11:45.131067+00:00,29.446097317733802
2025-08-15 00:11:45.461070+00:00,29.446097317733802
2025-08-15 00:11:46.913726+00:00,29.435796214733273
2025-08-15 00:11:49.989520+00:00,29.440946766088018
2025-08-15 00:11:51.175975+00:00,29.435796214733273
2025-08-15 00:11:53.960373+00:00,29.435796214733273
2025-08-15 00:11:55.036130+00:00,29.435796214733273
2025-08-15 00:11:56.883441+00:00,29.435796214733273
2025-08-15 00:11:57.346045+00:00,29.435796214733273
2025-08-15 00:11:58.002332+00:00,29.425495112896897
2025-08-15 00:11:59.357821+00:00,29.430645663669566
2025-08-15 00:12:00.105567+00:00,29.425495112896897
2025-08-15 00:12:02.910923+00:00,29.430645663669566
2025-08-15 00:12:04.401867+00:00,29.415194012224674
2025-08-15 00:12:08.121645+00:00,29.435796214733273
2025-08-15 00:12:10.115853+00:00,29.425495112896897
2025-08-15 00:12:10.455423+00:00,29.425495112896897
2025-08-15 00:12:13.874583+00:00,29.425495112896897
2025-08-15 00:12:15.668994+00:00,29.430645663669566
2025-08-15 00:12:19.275854+00:00,29.430645663669566
2025-08-15 00:12:19.565529+00:00,29.430645663669566
2025-08-15 00:12:19.809992+00:00,29.430645663669566
2025-08-15 00:12:20.041690+00:00,29.430645663669566
2025-08-15 00:12:20.848534+00:00,29.435796214733273
2025-08-15 00:12:22.551525+00:00,29.425495112896897
2025-08-15 00:12:29.144853+00:00,29.435796214733273
2025-08-15 00:12:32.931234+00:00,29.425495112896897
2025-08-15 00:12:35.226243+00:00,29.425495112896897
2025-08-15 00:12:36.630063+00:00,29.415194012224674
2025-08-15 00:12:37.967500+00:00,29.435796214733273
2025-08-15 00:12:39.427783+00:00,29.440946766088018
2025-08-15 00:12:40.707962+00:00,29.440946766088018
2025-08-15 00:12:41.559304+00:00,29.435796214733273
2025-08-15 00:12:42.145231+00:00,29.440946766088018
2025-08-15 00:12:47.175354+00:00,29.425495112896897
2025-08-15 00:12:49.989530+00:00,29.430645663669566
2025-08-15 00:12:50.449770+00:00,29.430645663669566
2025-08-15 00:12:50.701655+00:00,29.430645663669566
2025-08-15 00:12:51.838122+00:00,29.440946766088018
2025-08-15 00:12:52.530215+00:00,29.435796214733273
2025-08-15 00:12:53.049822+00:00,29.446097317733802
2025-08-15 00:12:54.160730+00:00,29.425495112896897
2025-08-15 00:12:56.083561+00:00,29.435796214733273
2025-08-15 00:12:57.656251+00:00,29.430645663669566
2025-08-15 00:12:58.540931+00:00,29.425495112896897
2025-08-15 00:13:00.270764+00:00,29.430645663669566
2025-08-15 00:13:01.696190+00:00,29.425495112896897
2025-08-15 00:13:03.895740+00:00,29.446097317733802
2025-08-15 00:13:04.286277+00:00,29.446097317733802
2025-08-15 00:13:06.226939+00:00,29.440946766088018
2025-08-15 00:13:10.263214+00:00,29.440946766088018
2025-08-15 00:13:12.868514+00:00,29.435796214733273
2025-08-15 00:13:13.760531+00:00,29.435796214733273
2025-08-15 00:13:15.902223+00:00,29.440946766088018
2025-08-15 00:13:16.340243+00:00,29.440946766088018
2025-08-15 00:13:16.669884+00:00,29.440946766088018
2025-08-15 00:13:17.053103+00:00,29.435796214733273
2025-08-15 00:13:22.669090+00:00,29.435796214733273
2025-08-15 00:13:23.356491+00:00,29.430645663669566
2025-08-15 00:13:23.868135+00:00,29.425495112896897
2025-08-15 00:13:25.242407+00:00,29.435796214733273
2025-08-15 00:13:27.029183+00:00,29.430645663669566
2025-08-15 00:13:28.590782+00:00,29.440946766088018
2025-08-15 00:13:28.982617+00:00,29.446097317733802
2025-08-15 00:13:31.197742+00:00,29.440946766088018
2025-08-15 00:13:34.863714+00:00,29.435796214733273
2025-08-15 00:13:35.781261+00:00,29.440946766088018
2025-08-15 00:13:36.126590+00:00,29.435796214733273
2025-08-15 00:13:36.957838+00:00,29.435796214733273
2025-08-15 00:13:38.226103+00:00,29.446097317733802
2025-08-15 00:13:38.815916+00:00,29.435796214733273
2025-08-15 00:13:39.683257+00:00,29.435796214733273
2025-08-15 00:13:40.275865+00:00,29.440946766088018
2025-08-15 00:13:42.024449+00:00,29.446097317733802
2025-08-15 00:13:42.316671+00:00,29.446097317733802
2025-08-15 00:13:43.494141+00:00,29.446097317733802
2025-08-15 00:13:44.173527+00:00,29.435796214733273
2025-08-15 00:13:44.520639+00:00,29.435796214733273
2025-08-15 00:13:45.573872+00:00,29.446097317733802
2025-08-15 00:13:47.456674+00:00,29.440946766088018
2025-08-15 00:13:48.787136+00:00,29.430645663669566
2025-08-15 00:13:50.530764+00:00,29.430645663669566
2025-08-15 00:13:51.130988+00:00,29.435796214733273
2025-08-15 00:13:53.638873+00:00,29.435796214733273
2025-08-15 00:13:55.102111+00:00,29.440946766088018
2025-08-15 00:13:55.586959+00:00,29.430645663669566
2025-08-15 00:13:56.597384+00:00,29.435796214733273
2025-08-15 00:13:57.926365+00:00,29.435796214733273
2025-08-15 00:13:58.226568+00:00,29.435796214733273
2025-08-15 00:13:59.856681+00:00,29.430645663669566
2025-08-15 00:14:00.236057+00:00,29.430645663669566
2025-08-15 00:14:02.051910+00:00,29.430645663669566
2025-08-15 00:14:04.011272+00:00,29.430645663669566
2025-08-15 00:14:12.738353+00:00,29.430645663669566
2025-08-15 00:14:13.165040+00:00,29.435796214733273
2025-08-15 00:14:13.439299+00:00,29.435796214733273
2025-08-15 00:14:14.643653+00:00,29.425495112896897
2025-08-15 00:14:16.692297+00:00,29.430645663669566
2025-08-15 00:14:18.979509+00:00,29.430645663669566
2025-08-15 00:14:19.496403+00:00,29.435796214733273
2025-08-15 00:14:21.519253+00:00,29.420344562415266
2025-08-15 00:14:22.060562+00:00,29.425495112896897
2025-08-15 00:14:22.264734+00:00,29.430645663669566
2025-08-15 00:14:22.633351+00:00,29.430645663669566
2025-08-15 00:14:26.079552+00:00,29.435796214733273
2025-08-15 00:14:27.477193+00:00,29.420344562415266
2025-08-15 00:14:28.298688+00:00,29.415194012224674
2025-08-15 00:14:29.184511+00:00,29.425495112896897
2025-08-15 00:14:31.176758+00:00,29.420344562415266
2025-08-15 00:14:34.843329+00:00,29.430645663669566
2025-08-15 00:14:36.208355+00:00,29.415194012224674
2025-08-15 00:14:37.279911+00:00,29.425495112896897
2025-08-15 00:14:38.474702+00:00,29.41004346232512
2025-08-15 00:14:41.272786+00:00,29.41004346232512
2025-08-15 00:14:42.300444+00:00,29.41004346232512
2025-08-15 00:14:43.107814+00:00,29.41004346232512
2025-08-15 00:14:43.771580+00:00,29.415194012224674
2025-08-15 00:14:44.482039+00:00,29.415194012224674
2025-08-15 00:14:45.201739+00:00,29.415194012224674
2025-08-15 00:14:49.653768+00:00,29.415194012224674
2025-08-15 00:14:52.529199+00:00,29.415194012224674
2025-08-15 00:14:54.840962+00:00,29.399742363399127
2025-08-15 00:14:55.661389+00:00,29.41004346232512
2025-08-15 00:14:56.111456+00:00,29.415194012224674
2025-08-15 00:14:56.380678+00:00,29.415194012224674
2025-08-15 00:14:56.706180+00:00,29.420344562415266
2025-08-15 00:14:56.915833+00:00,29.415194012224674
2025-08-15 00:14:57.206672+00:00,29.415194012224674
2025-08-15 00:14:57.425331+00:00,29.41004346232512
2025-08-15 00:14:57.917668+00:00,29.404892912716605
2025-08-15 00:14:58.665409+00:00,29.415194012224674
2025-08-15 00:14:59.237062+00:00,29.41004346232512
2025-08-15 00:14:59.796855+00:00,29.41004346232512
2025-08-15 00:15:03.991199+00:00,29.415194012224674
2025-08-15 00:15:04.617190+00:00,29.404892912716605
2025-08-15 00:15:07.981468+00:00,29.404892912716605
2025-08-15 00:15:10.575436+00:00,29.39459181437269
2025-08-15 00:15:11.091084+00:00,29.41004346232512
2025-08-15 00:15:12.143417+00:00,29.399742363399127
2025-08-15 00:15:14.964258+00:00,29.39459181437269
2025-08-15 00:15:18.951632+00:00,29.39459181437269
2025-08-15 00:15:19.826057+00:00,29.389441265637288
2025-08-15 00:15:22.125462+00:00,29.389441265637288
2025-08-15 00:15:22.574983+00:00,29.39459181437269
2025-08-15 00:15:24.492400+00:00,29.389441265637288
2025-08-15 00:15:24.853542+00:00,29.39459181437269
2025-08-15 00:15:25.563591+00:00,29.39459181437269
2025-08-15 00:15:29.141963+00:00,29.399742363399127
2025-08-15 00:15:29.550043+00:00,29.389441265637288
2025-08-15 00:15:29.881747+00:00,29.384290717192926
2025-08-15 00:15:31.473837+00:00,29.389441265637288
2025-08-15 00:15:33.198541+00:00,29.373989621177316
2025-08-15 00:15:37.757194+00:00,29.384290717192926
2025-08-15 00:15:42.136430+00:00,29.384290717192926
2025-08-15 00:15:42.444585+00:00,29.384290717192926
2025-08-15 00:15:42.703950+00:00,29.39459181437269
2025-08-15 00:15:42.978613+00:00,29.384290717192926
2025-08-15 00:15:43.120444+00:00,29.389441265637288
2025-08-15 00:15:43.455993+00:00,29.39459181437269
2025-08-15 00:15:43.765004+00:00,29.39459181437269
2025-08-15 00:15:44.032151+00:00,29.39459181437269
2025-08-15 00:15:45.130336+00:00,29.389441265637288
2025-08-15 00:15:45.492197+00:00,29.3791401690396
2025-08-15 00:15:46.205199+00:00,29.384290717192926
2025-08-15 00:15:46.557402+00:00,29.389441265637288
2025-08-15 00:15:48.861955+00:00,29.389441265637288
2025-08-15 00:15:49.140086+00:00,29.384290717192926
2025-08-15 00:15:49.413651+00:00,29.39459181437269
2025-08-15 00:15:49.640539+00:00,29.389441265637288
2025-08-15 00:15:49.832157+00:00,29.399742363399127
2025-08-15 00:15:50.332285+00:00,29.389441265637288
2025-08-15 00:15:50.590432+00:00,29.39459181437269
2025-08-15 00:15:52.072455+00:00,29.39459181437269
2025-08-15 00:15:52.767153+00:00,29.384290717192926
2025-08-15 00:15:53.771993+00:00,29.39459181437269
2025-08-15 00:15:54.670036+00:00,29.39459181437269
2025-08-15 00:15:56.484359+00:00,29.384290717192926
2025-08-15 00:15:57.089927+00:00,29.384290717192926
2025-08-15 00:15:58.664517+00:00,29.39459181437269
2025-08-15 00:16:00.094919+00:00,29.39459181437269
2025-08-15 00:16:01.379336+00:00,29.389441265637288
2025-08-15 00:16:02.572197+00:00,29.389441265637288
2025-08-15 00:16:03.090209+00:00,29.389441265637288
2025-08-15 00:16:05.982252+00:00,29.389441265637288
2025-08-15 00:16:11.348340+00:00,29.384290717192926
2025-08-15 00:16:11.549937+00:00,29.399742363399127
2025-08-15 00:16:11.922705+00:00,29.389441265637288
2025-08-15 00:16:12.569088+00:00,29.39459181437269
2025-08-15 00:16:13.740413+00:00,29.389441265637288
2025-08-15 00:16:14.290776+00:00,29.39459181437269
2025-08-15 00:16:16.947477+00:00,29.384290717192926
2025-08-15 00:16:20.625431+00:00,29.39459181437269
2025-08-15 00:16:21.414827+00:00,29.384290717192926
2025-08-15 00:16:21.897325+00:00,29.39459181437269
2025-08-15 00:16:22.524046+00:00,29.389441265637288
2025-08-15 00:16:23.333479+00:00,29.389441265637288
2025-08-15 00:16:24.837711+00:00,29.389441265637288
2025-08-15 00:16:25.966166+00:00,29.384290717192926
2025-08-15 00:16:29.944793+00:00,29.389441265637288
2025-08-15 00:16:31.631289+00:00,29.399742363399127
2025-08-15 00:16:33.646865+00:00,29.399742363399127
2025-08-15 00:16:36.812367+00:00,29.389441265637288
2025-08-15 00:16:39.772134+00:00,29.39459181437269
2025-08-15 00:16:40.290758+00:00,29.39459181437269
2025-08-15 00:16:40.666649+00:00,29.39459181437269
2025-08-15 00:16:40.956018+00:00,29.399742363399127
2025-08-15 00:16:41.335865+00:00,29.404892912716605
2025-08-15 00:16:41.888384+00:00,29.39459181437269
2025-08-15 00:16:42.523524+00:00,29.389441265637288
2025-08-15 00:16:42.755792+00:00,29.404892912716605
2025-08-15 00:16:42.963549+00:00,29.404892912716605
2025-08-15 00:16:43.655315+00:00,29.399742363399127
2025-08-15 00:16:45.524443+00:00,29.399742363399127
2025-08-15 00:16:46.272513+00:00,29.399742363399127
2025-08-15 00:16:47.064938+00:00,29.39459181437269
2025-08-15 00:16:48.989029+00:00,29.389441265637288
2025-08-15 00:16:50.035827+00:00,29.39459181437269
2025-08-15 00:16:52.196829+00:00,29.404892912716605
2025-08-15 00:16:52.407065+00:00,29.389441265637288
2025-08-15 00:16:53.091626+00:00,29.399742363399127
2025-08-15 00:16:55.647383+00:00,29.399742363399127
2025-08-15 00:16:56.111669+00:00,29.389441265637288
2025-08-15 00:16:58.375181+00:00,29.39459181437269
2025-08-15 00:16:58.869194+00:00,29.399742363399127
2025-08-15 00:16:59.455311+00:00,29.39459181437269
2025-08-15 00:17:01.150544+00:00,29.39459181437269
2025-08-15 00:17:03.739637+00:00,29.39459181437269
2025-08-15 00:17:05.138919+00:00,29.389441265637288
2025-08-15 00:17:05.655455+00:00,29.39459181437269
2025-08-15 00:17:06.597500+00:00,29.404892912716605
2025-08-15 00:17:07.498520+00:00,29.389441265637288
2025-08-15 00:17:09.064621+00:00,29.404892912716605
2025-08-15 00:17:10.405332+00:00,29.399742363399127
2025-08-15 00:17:12.621179+00:00,29.415194012224674
2025-08-15 00:17:13.748034+00:00,29.39459181437269
2025-08-15 00:17:14.090775+00:00,29.41004346232512
2025-08-15 00:17:16.788839+00:00,29.399742363399127
2025-08-15 00:17:18.494198+00:00,29.39459181437269
2025-08-15 00:17:19.379508+00:00,29.39459181437269
2025-08-15 00:17:19.621416+00:00,29.404892912716605
2025-08-15 00:17:21.263756+00:00,29.404892912716605
2025-08-15 00:17:21.721569+00:00,29.399742363399127
2025-08-15 00:17:23.241542+00:00,29.399742363399127
2025-08-15 00:17:24.962117+00:00,29.39459181437269
2025-08-15 00:17:31.483013+00:00,29.399742363399127
2025-08-15 00:17:32.698163+00:00,29.399742363399127
2025-08-15 00:17:33.904776+00:00,29.404892912716605
2025-08-15 00:17:34.904684+00:00,29.404892912716605
2025-08-15 00:17:37.359352+00:00,29.404892912716605
2025-08-15 00:17:39.069783+00:00,29.404892912716605
2025-08-15 00:17:39.870169+00:00,29.399742363399127
2025-08-15 00:17:40.754926+00:00,29.404892912716605
2025-08-15 00:17:44.047374+00:00,29.399742363399127
2025-08-15 00:17:46.537301+00:00,29.39459181437269
2025-08-15 00:17:47.854760+00:00,29.39459181437269
2025-08-15 00:17:49.912725+00:00,29.39459181437269
2025-08-15 00:17:50.616470+00:00,29.399742363399127
2025-08-15 00:17:51.234798+00:00,29.404892912716605
2025-08-15 00:17:52.096350+00:00,29.404892912716605
2025-08-15 00:17:54.542168+00:00,29.399742363399127
2025-08-15 00:17:55.512206+00:00,29.404892912716605
2025-08-15 00:17:55.771662+00:00,29.39459181437269
2025-08-15 00:17:56.120644+00:00,29.404892912716605
2025-08-15 00:17:58.378174+00:00,29.36883907360607
2025-08-15 00:17:59.678874+00:00,29.399742363399127
2025-08-15 00:17:59.957008+00:00,29.399742363399127
2025-08-15 00:18:00.397195+00:00,29.404892912716605
2025-08-15 00:18:01.245024+00:00,29.404892912716605
2025-08-15 00:18:03.980241+00:00,29.399742363399127
2025-08-15 00:18:10.419693+00:00,29.389441265637288
2025-08-15 00:18:11.546826+00:00,29.39459181437269
2025-08-15 00:18:13.504394+00:00,29.399742363399127
2025-08-15 00:18:13.994754+00:00,29.404892912716605
2025-08-15 00:18:14.227419+00:00,29.399742363399127
2025-08-15 00:18:14.645135+00:00,29.404892912716605
2025-08-15 00:18:16.336247+00:00,29.404892912716605
2025-08-15 00:18:16.994372+00:00,29.404892912716605
2025-08-15 00:18:17.560841+00:00,29.41004346232512
2025-08-15 00:18:19.551816+00:00,29.39459181437269
2025-08-15 00:18:20.362101+00:00,29.404892912716605
2025-08-15 00:18:21.093977+00:00,29.39459181437269
2025-08-15 00:18:21.656411+00:00,29.39459181437269
2025-08-15 00:18:22.303173+00:00,29.39459181437269
2025-08-15 00:18:22.711053+00:00,29.384290717192926
2025-08-15 00:18:24.305727+00:00,29.39459181437269
2025-08-15 00:18:24.558220+00:00,29.404892912716605
2025-08-15 00:18:26.770084+00:00,29.39459181437269
2025-08-15 00:18:27.334828+00:00,29.399742363399127
2025-08-15 00:18:27.681100+00:00,29.404892912716605
2025-08-15 00:18:27.998474+00:00,29.389441265637288
2025-08-15 00:18:29.263014+00:00,29.404892912716605
2025-08-15 00:18:29.727904+00:00,29.399742363399127
2025-08-15 00:18:30.429133+00:00,29.399742363399127
2025-08-15 00:18:32.287827+00:00,29.41004346232512
2025-08-15 00:18:32.812925+00:00,29.399742363399127
2025-08-15 00:18:35.232648+00:00,29.404892912716605
2025-08-15 00:18:35.685392+00:00,29.404892912716605
2025-08-15 00:18:39.193809+00:00,29.39459181437269
2025-08-15 00:18:39.459957+00:00,29.384290717192926
2025-08-15 00:18:40.416052+00:00,29.39459181437269
2025-08-15 00:18:42.007442+00:00,29.399742363399127
2025-08-15 00:18:43.735277+00:00,29.39459181437269
2025-08-15 00:18:44.905874+00:00,29.39459181437269
2025-08-15 00:18:45.326356+00:00,29.399742363399127
2025-08-15 00:18:47.178049+00:00,29.399742363399127
2025-08-15 00:18:50.627324+00:00,29.39459181437269
2025-08-15 00:18:50.911102+00:00,29.389441265637288
2025-08-15 00:18:51.128571+00:00,29.39459181437269
2025-08-15 00:18:52.119183+00:00,29.39459181437269
2025-08-15 00:18:54.336400+00:00,29.39459181437269
2025-08-15 00:18:55.717990+00:00,29.389441265637288
2025-08-15 00:18:56.721180+00:00,29.399742363399127
2025-08-15 00:18:57.422318+00:00,29.389441265637288
2025-08-15 00:18:58.014289+00:00,29.399742363399127
2025-08-15 00:18:59.024547+00:00,29.404892912716605
2025-08-15 00:19:02.870157+00:00,29.389441265637288
2025-08-15 00:19:03.270012+00:00,29.39459181437269
2025-08-15 00:19:04.052316+00:00,29.384290717192926
2025-08-15 00:19:07.844470+00:00,29.384290717192926
2025-08-15 00:19:09.568754+00:00,29.389441265637288
2025-08-15 00:19:11.528382+00:00,29.384290717192926
2025-08-15 00:19:12.802619+00:00,29.389441265637288
2025-08-15 00:19:13.052820+00:00,29.3791401690396
2025-08-15 00:19:16.884548+00:00,29.3791401690396
2025-08-15 00:19:19.421256+00:00,29.3791401690396
2025-08-15 00:19:20.511681+00:00,29.384290717192926
2025-08-15 00:19:21.536717+00:00,29.384290717192926
2025-08-15 00:19:22.201508+00:00,29.384290717192926
2025-08-15 00:19:22.463078+00:00,29.384290717192926
2025-08-15 00:19:23.169931+00:00,29.384290717192926
2025-08-15 00:19:23.450350+00:00,29.389441265637288
2025-08-15 00:19:23.750356+00:00,29.39459181437269
2025-08-15 00:19:23.882549+00:00,29.384290717192926
2025-08-15 00:19:25.851951+00:00,29.39459181437269
2025-08-15 00:19:26.632898+00:00,29.3791401690396
2025-08-15 00:19:28.419427+00:00,29.373989621177316
2025-08-15 00:19:29.163964+00:00,29.373989621177316
2025-08-15 00:19:29.977256+00:00,29.373989621177316
2025-08-15 00:19:30.750226+00:00,29.373989621177316
2025-08-15 00:19:31.792256+00:00,29.373989621177316
2025-08-15 00:19:32.609598+00:00,29.384290717192926
2025-08-15 00:19:32.984641+00:00,29.36883907360607
2025-08-15 00:19:34.854726+00:00,29.373989621177316
2025-08-15 00:19:36.099945+00:00,29.373989621177316
2025-08-15 00:19:37.693102+00:00,29.3791401690396
2025-08-15 00:19:38.113023+00:00,29.384290717192926
2025-08-15 00:19:38.573385+00:00,29.389441265637288
2025-08-15 00:19:38.957172+00:00,29.384290717192926
2025-08-15 00:19:40.861733+00:00,29.373989621177316
2025-08-15 00:19:43.182408+00:00,29.384290717192926
2025-08-15 00:19:46.322673+00:00,29.373989621177316
2025-08-15 00:19:48.891244+00:00,29.3791401690396
2025-08-15 00:19:51.875080+00:00,29.36883907360607
2025-08-15 00:19:52.873558+00:00,29.384290717192926
2025-08-15 00:19:55.113882+00:00,29.373989621177316
2025-08-15 00:19:56.301152+00:00,29.373989621177316
2025-08-15 00:19:57.352413+00:00,29.373989621177316
2025-08-15 00:19:57.627299+00:00,29.3791401690396
2025-08-15 00:19:57.829218+00:00,29.384290717192926
2025-08-15 00:19:59.248329+00:00,29.384290717192926
2025-08-15 00:19:59.551186+00:00,29.373989621177316
2025-08-15 00:19:59.841969+00:00,29.373989621177316
2025-08-15 00:20:00.150392+00:00,29.36883907360607
2025-08-15 00:20:02.084063+00:00,29.373989621177316
2025-08-15 00:20:04.472144+00:00,29.384290717192926
2025-08-15 00:20:07.475286+00:00,29.3791401690396
2025-08-15 00:20:08.566203+00:00,29.3791401690396
2025-08-15 00:20:09.292507+00:00,29.373989621177316
2025-08-15 00:20:12.300436+00:00,29.384290717192926
2025-08-15 00:20:14.168694+00:00,29.3791401690396
2025-08-15 00:20:16.417457+00:00,29.39459181437269
2025-08-15 00:20:16.792962+00:00,29.384290717192926
2025-08-15 00:20:21.899288+00:00,29.3791401690396
2025-08-15 00:20:25.495196+00:00,29.384290717192926
2025-08-15 00:20:26.215504+00:00,29.39459181437269
2025-08-15 00:20:26.510473+00:00,29.389441265637288
2025-08-15 00:20:26.901131+00:00,29.399742363399127
2025-08-15 00:20:27.435234+00:00,29.39459181437269
2025-08-15 00:20:27.865180+00:00,29.404892912716605
2025-08-15 00:20:28.217113+00:00,29.39459181437269
2025-08-15 00:20:34.942427+00:00,29.389441265637288
2025-08-15 00:20:37.676060+00:00,29.389441265637288
2025-08-15 00:20:38.331009+00:00,29.389441265637288
2025-08-15 00:20:38.667003+00:00,29.39459181437269
2025-08-15 00:20:38.978758+00:00,29.399742363399127
2025-08-15 00:20:40.054112+00:00,29.389441265637288
2025-08-15 00:20:41.868228+00:00,29.39459181437269
2025-08-15 00:20:42.885359+00:00,29.399742363399127
2025-08-15 00:20:43.104162+00:00,29.399742363399127
2025-08-15 00:20:43.250319+00:00,29.404892912716605
2025-08-15 00:20:43.481384+00:00,29.399742363399127
2025-08-15 00:20:44.934832+00:00,29.404892912716605
2025-08-15 00:20:49.175517+00:00,29.39459181437269
2025-08-15 00:20:51.791949+00:00,29.404892912716605
2025-08-15 00:20:52.925277+00:00,29.39459181437269
2025-08-15 00:20:53.450973+00:00,29.39459181437269
2025-08-15 00:20:55.148311+00:00,29.39459181437269
2025-08-15 00:20:56.645328+00:00,29.389441265637288
2025-08-15 00:20:57.663890+00:00,29.384290717192926
2025-08-15 00:20:59.235668+00:00,29.3791401690396
2025-08-15 00:20:59.960820+00:00,29.384290717192926
2025-08-15 00:21:00.254451+00:00,29.399742363399127
2025-08-15 00:21:00.681329+00:00,29.39459181437269
2025-08-15 00:21:01.224264+00:00,29.399742363399127
2025-08-15 00:21:01.622828+00:00,29.389441265637288
2025-08-15 00:21:08.248958+00:00,29.389441265637288
2025-08-15 00:21:10.070279+00:00,29.399742363399127
2025-08-15 00:21:12.343102+00:00,29.39459181437269
2025-08-15 00:21:13.377533+00:00,29.39459181437269
2025-08-15 00:21:13.956719+00:00,29.399742363399127
2025-08-15 00:21:14.557441+00:00,29.389441265637288
2025-08-15 00:21:18.742010+00:00,29.404892912716605
2025-08-15 00:21:19.293907+00:00,29.39459181437269
2025-08-15 00:21:19.968717+00:00,29.39459181437269
2025-08-15 00:21:20.868121+00:00,29.39459181437269
2025-08-15 00:21:25.428578+00:00,29.39459181437269
2025-08-15 00:21:28.058046+00:00,29.399742363399127
2025-08-15 00:21:28.662089+00:00,29.399742363399127
2025-08-15 00:21:29.120323+00:00,29.399742363399127
2025-08-15 00:21:31.319138+00:00,29.404892912716605
2025-08-15 00:21:33.379941+00:00,29.41004346232512
2025-08-15 00:21:35.333923+00:00,29.399742363399127
2025-08-15 00:21:37.306441+00:00,29.39459181437269
2025-08-15 00:21:38.148513+00:00,29.39459181437269
2025-08-15 00:21:38.612087+00:00,29.404892912716605
2025-08-15 00:21:39.138120+00:00,29.389441265637288
2025-08-15 00:21:41.702875+00:00,29.39459181437269
2025-08-15 00:21:43.824439+00:00,29.399742363399127
2025-08-15 00:21:46.678308+00:00,29.399742363399127
2025-08-15 00:21:53.516070+00:00,29.404892912716605
2025-08-15 00:21:54.710636+00:00,29.404892912716605
2025-08-15 00:21:55.938600+00:00,29.39459181437269
2025-08-15 00:21:58.721914+00:00,29.399742363399127
2025-08-15 00:22:01.771215+00:00,29.404892912716605
2025-08-15 00:22:04.994620+00:00,29.404892912716605
2025-08-15 00:22:07.832060+00:00,29.404892912716605
2025-08-15 00:22:09.423139+00:00,29.41004346232512
2025-08-15 00:22:09.780067+00:00,29.41004346232512
2025-08-15 00:22:10.274259+00:00,29.41004346232512
2025-08-15 00:22:10.796966+00:00,29.404892912716605
2025-08-15 00:22:11.515283+00:00,29.41004346232512
2025-08-15 00:22:12.063457+00:00,29.415194012224674
2025-08-15 00:22:12.505995+00:00,29.420344562415266
2025-08-15 00:22:14.034905+00:00,29.41004346232512
2025-08-15 00:22:14.716370+00:00,29.415194012224674
2025-08-15 00:22:15.562826+00:00,29.415194012224674
2025-08-15 00:22:16.047292+00:00,29.41004346232512
2025-08-15 00:22:16.766189+00:00,29.404892912716605
2025-08-15 00:22:17.230291+00:00,29.399742363399127
2025-08-15 00:22:17.580163+00:00,29.399742363399127
2025-08-15 00:22:17.945157+00:00,29.415194012224674
2025-08-15 00:22:18.342799+00:00,29.404892912716605
2025-08-15 00:22:20.865915+00:00,29.415194012224674
2025-08-15 00:22:22.273399+00:00,29.399742363399127
2025-08-15 00:22:25.167040+00:00,29.41004346232512
2025-08-15 00:22:25.807965+00:00,29.404892912716605
2025-08-15 00:22:27.924632+00:00,29.404892912716605
2025-08-15 00:22:28.089351+00:00,29.41004346232512
2025-08-15 00:22:28.323978+00:00,29.415194012224674
2025-08-15 00:22:30.907304+00:00,29.404892912716605
2025-08-15 00:22:34.941896+00:00,29.404892912716605
2025-08-15 00:22:35.340720+00:00,29.435796214733273
2025-08-15 00:22:38.015158+00:00,29.404892912716605
2025-08-15 00:22:38.535974+00:00,29.404892912716605
2025-08-15 00:22:38.958202+00:00,29.41004346232512
2025-08-15 00:22:39.196134+00:00,29.404892912716605
2025-08-15 00:22:39.403753+00:00,29.404892912716605
2025-08-15 00:22:40.515871+00:00,29.415194012224674
2025-08-15 00:22:41.942791+00:00,29.39459181437269
2025-08-15 00:22:44.851925+00:00,29.39459181437269
2025-08-15 00:22:46.030652+00:00,29.404892912716605
2025-08-15 00:22:47.828832+00:00,29.404892912716605
2025-08-15 00:22:48.970406+00:00,29.384290717192926
2025-08-15 00:22:50.680084+00:00,29.404892912716605
2025-08-15 00:22:52.729653+00:00,29.404892912716605
2025-08-15 00:22:54.942062+00:00,29.404892912716605
2025-08-15 00:22:55.673103+00:00,29.389441265637288
2025-08-15 00:22:58.326511+00:00,29.399742363399127
2025-08-15 00:22:58.698952+00:00,29.404892912716605
2025-08-15 00:22:59.138765+00:00,29.404892912716605
2025-08-15 00:22:59.623766+00:00,29.399742363399127
2025-08-15 00:23:00.198060+00:00,29.404892912716605
2025-08-15 00:23:00.545785+00:00,29.404892912716605
2025-08-15 00:23:01.007643+00:00,29.399742363399127
2025-08-15 00:23:05.573876+00:00,29.404892912716605
2025-08-15 00:23:12.989607+00:00,29.404892912716605
2025-08-15 00:23:13.655675+00:00,29.399742363399127
2025-08-15 00:23:14.780580+00:00,29.404892912716605
2025-08-15 00:23:17.588770+00:00,29.41004346232512
2025-08-15 00:23:18.789789+00:00,29.399742363399127
2025-08-15 00:23:19.064915+00:00,29.404892912716605
2025-08-15 00:23:19.282088+00:00,29.41004346232512
2025-08-15 00:23:19.497798+00:00,29.415194012224674
2025-08-15 00:23:19.973233+00:00,29.404892912716605
2025-08-15 00:23:20.251121+00:00,29.404892912716605
2025-08-15 00:23:20.480859+00:00,29.404892912716605
2025-08-15 00:23:20.707166+00:00,29.41004346232512
2025-08-15 00:23:21.208170+00:00,29.41004346232512
2025-08-15 00:23:22.732419+00:00,29.41004346232512
2025-08-15 00:23:24.480815+00:00,29.39459181437269
2025-08-15 00:23:24.723282+00:00,29.404892912716605
2025-08-15 00:23:25.560648+00:00,29.41004346232512
2025-08-15 00:23:27.270366+00:00,29.404892912716605
2025-08-15 00:23:28.499307+00:00,29.404892912716605
2025-08-15 00:23:29.093333+00:00,29.404892912716605
2025-08-15 00:23:29.648697+00:00,29.41004346232512
2025-08-15 00:23:29.936004+00:00,29.415194012224674
2025-08-15 00:23:34.415341+00:00,29.41004346232512
2025-08-15 00:23:34.639438+00:00,29.41004346232512
2025-08-15 00:23:34.831401+00:00,29.404892912716605
2025-08-15 00:23:35.075394+00:00,29.41004346232512
2025-08-15 00:23:35.369394+00:00,29.41004346232512
2025-08-15 00:23:35.594311+00:00,29.415194012224674
2025-08-15 00:23:39.971875+00:00,29.415194012224674
2025-08-15 00:23:41.423586+00:00,29.41004346232512
2025-08-15 00:23:42.998061+00:00,29.420344562415266
2025-08-15 00:23:43.248531+00:00,29.420344562415266
2025-08-15 00:23:44.977918+00:00,29.420344562415266
2025-08-15 00:23:46.394538+00:00,29.41004346232512
2025-08-15 00:23:48.253511+00:00,29.41004346232512
2025-08-15 00:23:48.646267+00:00,29.39459181437269
2025-08-15 00:23:52.723732+00:00,29.415194012224674
2025-08-15 00:23:53.264442+00:00,29.399742363399127
2025-08-15 00:23:53.708939+00:00,29.41004346232512
2025-08-15 00:23:54.361939+00:00,29.404892912716605
2025-08-15 00:23:57.661281+00:00,29.41004346232512
2025-08-15 00:23:58.511138+00:00,29.41004346232512
2025-08-15 00:23:59.825379+00:00,29.39459181437269
2025-08-15 00:24:02.818107+00:00,29.399742363399127
2025-08-15 00:24:04.743130+00:00,29.41004346232512
2025-08-15 00:24:05.577262+00:00,29.404892912716605
2025-08-15 00:24:08.130117+00:00,29.404892912716605
2025-08-15 00:24:11.019442+00:00,29.399742363399127
2025-08-15 00:24:14.096892+00:00,29.404892912716605
2025-08-15 00:24:15.814348+00:00,29.41004346232512
2025-08-15 00:24:21.354926+00:00,29.404892912716605
2025-08-15 00:24:21.900284+00:00,29.415194012224674
2025-08-15 00:24:22.638640+00:00,29.404892912716605
2025-08-15 00:24:24.231735+00:00,29.41004346232512
2025-08-15 00:24:26.717848+00:00,29.404892912716605
2025-08-15 00:24:28.763780+00:00,29.41004346232512
2025-08-15 00:24:30.221417+00:00,29.404892912716605
2025-08-15 00:24:30.802411+00:00,29.420344562415266
2025-08-15 00:24:31.235664+00:00,29.415194012224674
2025-08-15 00:24:31.634636+00:00,29.425495112896897
2025-08-15 00:24:32.348328+00:00,29.415194012224674
2025-08-15 00:24:33.096495+00:00,29.415194012224674
2025-08-15 00:24:34.031452+00:00,29.399742363399127
2025-08-15 00:24:34.298182+00:00,29.41004346232512
2025-08-15 00:24:34.555564+00:00,29.41004346232512
2025-08-15 00:24:34.750043+00:00,29.420344562415266
2025-08-15 00:24:36.772769+00:00,29.41004346232512
2025-08-15 00:24:37.256136+00:00,29.41004346232512
2025-08-15 00:24:38.818471+00:00,29.404892912716605
2025-08-15 00:24:43.405569+00:00,29.404892912716605
2025-08-15 00:24:44.307953+00:00,29.415194012224674
2025-08-15 00:24:47.227988+00:00,29.404892912716605
2025-08-15 00:24:53.634546+00:00,29.404892912716605
2025-08-15 00:24:54.236682+00:00,29.404892912716605
2025-08-15 00:24:55.199297+00:00,29.404892912716605
2025-08-15 00:24:56.384058+00:00,29.399742363399127
2025-08-15 00:24:58.395790+00:00,29.404892912716605
2025-08-15 00:24:59.648723+00:00,29.41004346232512
2025-08-15 00:24:59.921427+00:00,29.415194012224674
2025-08-15 00:25:00.233979+00:00,29.404892912716605
2025-08-15 00:25:02.970916+00:00,29.39459181437269
2025-08-15 00:25:03.501214+00:00,29.399742363399127
2025-08-15 00:25:03.909515+00:00,29.399742363399127
2025-08-15 00:25:07.322491+00:00,29.39459181437269
2025-08-15 00:25:09.034855+00:00,29.39459181437269
2025-08-15 00:25:11.029046+00:00,29.399742363399127
2025-08-15 00:25:11.476351+00:00,29.404892912716605
2025-08-15 00:25:12.466020+00:00,29.404892912716605
2025-08-15 00:25:14.170974+00:00,29.404892912716605
2025-08-15 00:25:16.935739+00:00,29.415194012224674
2025-08-15 00:25:18.038325+00:00,29.404892912716605
2025-08-15 00:25:19.809687+00:00,29.41004346232512
2025-08-15 00:25:20.127832+00:00,29.415194012224674
2025-08-15 00:25:20.521319+00:00,29.404892912716605
2025-08-15 00:25:21.349559+00:00,29.415194012224674
2025-08-15 00:25:21.784309+00:00,29.41004346232512
2025-08-15 00:25:22.692321+00:00,29.404892912716605
2025-08-15 00:25:23.041235+00:00,29.404892912716605
2025-08-15 00:25:25.576400+00:00,29.399742363399127
2025-08-15 00:25:26.051711+00:00,29.399742363399127
2025-08-15 00:25:26.420516+00:00,29.404892912716605
2025-08-15 00:25:27.141554+00:00,29.415194012224674
2025-08-15 00:25:27.609369+00:00,29.404892912716605
2025-08-15 00:25:35.072044+00:00,29.399742363399127
2025-08-15 00:25:39.420413+00:00,29.404892912716605
2025-08-15 00:25:39.834388+00:00,29.404892912716605
2025-08-15 00:25:41.894929+00:00,29.404892912716605
2025-08-15 00:25:42.662246+00:00,29.399742363399127
2025-08-15 00:25:46.174862+00:00,29.404892912716605
2025-08-15 00:25:48.020503+00:00,29.404892912716605
2025-08-15 00:25:48.336651+00:00,29.404892912716605
2025-08-15 00:25:49.038738+00:00,29.399742363399127
2025-08-15 00:25:51.756286+00:00,29.399742363399127
2025-08-15 00:25:52.311774+00:00,29.404892912716605
2025-08-15 00:25:52.807721+00:00,29.39459181437269
2025-08-15 00:25:53.204088+00:00,29.41004346232512
2025-08-15 00:25:55.312703+00:00,29.39459181437269
2025-08-15 00:25:58.943078+00:00,29.389441265637288
2025-08-15 00:26:05.542532+00:00,29.404892912716605
2025-08-15 00:26:08.668204+00:00,29.39459181437269
2025-08-15 00:26:10.091271+00:00,29.39459181437269
2025-08-15 00:26:13.388774+00:00,29.389441265637288
2025-08-15 00:26:13.771330+00:00,29.389441265637288
2025-08-15 00:26:14.231202+00:00,29.399742363399127
2025-08-15 00:26:14.472355+00:00,29.384290717192926
2025-08-15 00:26:14.701956+00:00,29.404892912716605
2025-08-15 00:26:15.048587+00:00,29.399742363399127
2025-08-15 00:26:15.512008+00:00,29.404892912716605
2025-08-15 00:26:17.508738+00:00,29.39459181437269
2025-08-15 00:26:19.020378+00:00,29.384290717192926
2025-08-15 00:26:20.652864+00:00,29.39459181437269
2025-08-15 00:26:21.630769+00:00,29.39459181437269
2025-08-15 00:26:25.402377+00:00,29.384290717192926
2025-08-15 00:26:26.540442+00:00,29.389441265637288
2025-08-15 00:26:26.761266+00:00,29.389441265637288
2025-08-15 00:26:27.074875+00:00,29.39459181437269
2025-08-15 00:26:27.717066+00:00,29.39459181437269
2025-08-15 00:26:28.326485+00:00,29.39459181437269
2025-08-15 00:26:28.611327+00:00,29.399742363399127
2025-08-15 00:26:28.894671+00:00,29.39459181437269
2025-08-15 00:26:29.128551+00:00,29.39459181437269
2025-08-15 00:26:29.452238+00:00,29.399742363399127
2025-08-15 00:26:32.798890+00:00,29.404892912716605
2025-08-15 00:26:33.315005+00:00,29.389441265637288
2025-08-15 00:26:33.566628+00:00,29.399742363399127
2025-08-15 00:26:33.790456+00:00,29.39459181437269
2025-08-15 00:26:35.162866+00:00,29.39459181437269
2025-08-15 00:26:37.059473+00:00,29.389441265637288
2025-08-15 00:26:38.219933+00:00,29.384290717192926
2025-08-15 00:26:39.037482+00:00,29.384290717192926
2025-08-15 00:26:39.689181+00:00,29.389441265637288
2025-08-15 00:26:40.728414+00:00,29.39459181437269
2025-08-15 00:26:41.085491+00:00,29.3791401690396
2025-08-15 00:26:41.378911+00:00,29.404892912716605
2025-08-15 00:26:43.165035+00:00,29.384290717192926
2025-08-15 00:26:43.452964+00:00,29.389441265637288
2025-08-15 00:26:44.929489+00:00,29.389441265637288
2025-08-15 00:26:46.058842+00:00,29.404892912716605
2025-08-15 00:26:48.860994+00:00,29.384290717192926
2025-08-15 00:26:49.215252+00:00,29.384290717192926
2025-08-15 00:26:49.885803+00:00,29.3791401690396
2025-08-15 00:26:50.124577+00:00,29.384290717192926
2025-08-15 00:26:50.376299+00:00,29.384290717192926
2025-08-15 00:26:51.218680+00:00,29.39459181437269
2025-08-15 00:26:51.993445+00:00,29.384290717192926
2025-08-15 00:26:54.036441+00:00,29.384290717192926
2025-08-15 00:26:54.628311+00:00,29.3791401690396
2025-08-15 00:26:55.169119+00:00,29.389441265637288
2025-08-15 00:26:56.151484+00:00,29.384290717192926
2025-08-15 00:26:56.702316+00:00,29.389441265637288
2025-08-15 00:26:57.276755+00:00,29.389441265637288
2025-08-15 00:26:58.524265+00:00,29.39459181437269
2025-08-15 00:27:02.513131+00:00,29.384290717192926
2025-08-15 00:27:03.622470+00:00,29.389441265637288
2025-08-15 00:27:06.951387+00:00,29.373989621177316
2025-08-15 00:27:07.715919+00:00,29.384290717192926
2025-08-15 00:27:09.639767+00:00,29.3791401690396
2025-08-15 00:27:10.474558+00:00,29.384290717192926
2025-08-15 00:27:13.403355+00:00,29.384290717192926
2025-08-15 00:27:14.056791+00:00,29.389441265637288
2025-08-15 00:27:15.325979+00:00,29.373989621177316
2025-08-15 00:27:16.765115+00:00,29.373989621177316
2025-08-15 00:27:19.202822+00:00,29.39459181437269
2025-08-15 00:27:19.738879+00:00,29.389441265637288
2025-08-15 00:27:20.342720+00:00,29.3791401690396
2025-08-15 00:27:22.431037+00:00,29.384290717192926
2025-08-15 00:27:23.772780+00:00,29.389441265637288
2025-08-15 00:27:23.939834+00:00,29.384290717192926
2025-08-15 00:27:24.240321+00:00,29.384290717192926
2025-08-15 00:27:25.134501+00:00,29.384290717192926
2025-08-15 00:27:26.889793+00:00,29.3791401690396
2025-08-15 00:27:27.525512+00:00,29.384290717192926
2025-08-15 00:27:28.644933+00:00,29.384290717192926
2025-08-15 00:27:34.383905+00:00,29.384290717192926
2025-08-15 00:27:35.517401+00:00,29.384290717192926
2025-08-15 00:27:35.706462+00:00,29.384290717192926
2025-08-15 00:27:37.545823+00:00,29.384290717192926
2025-08-15 00:27:39.974512+00:00,29.39459181437269
2025-08-15 00:27:41.329104+00:00,29.384290717192926
2025-08-15 00:27:42.250135+00:00,29.3791401690396
2025-08-15 00:27:43.091790+00:00,29.373989621177316
2025-08-15 00:27:43.611107+00:00,29.384290717192926
2025-08-15 00:27:44.193420+00:00,29.384290717192926
2025-08-15 00:27:45.612374+00:00,29.3791401690396
2025-08-15 00:27:46.789996+00:00,29.39459181437269
2025-08-15 00:27:47.897127+00:00,29.389441265637288
2025-08-15 00:27:48.455814+00:00,29.384290717192926
2025-08-15 00:27:49.367529+00:00,29.389441265637288
2025-08-15 00:27:50.268265+00:00,29.384290717192926
2025-08-15 00:27:50.545280+00:00,29.389441265637288
2025-08-15 00:27:51.405100+00:00,29.39459181437269
2025-08-15 00:27:52.859692+00:00,29.384290717192926
2025-08-15 00:27:53.334410+00:00,29.39459181437269
2025-08-15 00:27:55.525530+00:00,29.3791401690396
2025-08-15 00:27:57.397665+00:00,29.3791401690396
2025-08-15 00:27:57.917655+00:00,29.36883907360607
2025-08-15 00:27:59.332894+00:00,29.39459181437269
2025-08-15 00:27:59.728729+00:00,29.384290717192926
2025-08-15 00:28:03.541003+00:00,29.384290717192926
2025-08-15 00:28:03.962599+00:00,29.389441265637288
2025-08-15 00:28:04.405294+00:00,29.3791401690396
2025-08-15 00:28:07.995737+00:00,29.3791401690396
2025-08-15 00:28:12.470413+00:00,29.384290717192926
2025-08-15 00:28:14.261119+00:00,29.3791401690396
2025-08-15 00:28:15.887566+00:00,29.3791401690396
2025-08-15 00:28:17.870055+00:00,29.3791401690396
2025-08-15 00:28:20.142548+00:00,29.373989621177316
2025-08-15 00:28:20.458847+00:00,29.373989621177316
2025-08-15 00:28:21.603875+00:00,29.3791401690396
2025-08-15 00:28:23.711111+00:00,29.373989621177316
2025-08-15 00:28:26.953846+00:00,29.3791401690396
2025-08-15 00:28:27.828101+00:00,29.373989621177316
2025-08-15 00:28:28.455482+00:00,29.384290717192926
2025-08-15 00:28:29.891068+00:00,29.389441265637288
2025-08-15 00:28:32.392767+00:00,29.36883907360607
2025-08-15 00:28:33.803598+00:00,29.3791401690396
2025-08-15 00:28:34.029921+00:00,29.3791401690396
2025-08-15 00:28:34.255244+00:00,29.384290717192926
2025-08-15 00:28:34.957585+00:00,29.384290717192926
2025-08-15 00:28:36.575987+00:00,29.36883907360607
2025-08-15 00:28:39.313444+00:00,29.373989621177316
2025-08-15 00:28:42.719384+00:00,29.384290717192926
2025-08-15 00:28:43.400457+00:00,29.389441265637288
2025-08-15 00:28:43.771382+00:00,29.3791401690396
2025-08-15 00:28:44.248526+00:00,29.389441265637288
2025-08-15 00:28:47.022027+00:00,29.384290717192926
2025-08-15 00:28:48.145930+00:00,29.384290717192926
2025-08-15 00:28:49.444475+00:00,29.39459181437269
2025-08-15 00:28:50.549115+00:00,29.384290717192926
2025-08-15 00:28:50.809586+00:00,29.384290717192926
2025-08-15 00:28:51.298265+00:00,29.39459181437269
2025-08-15 00:28:57.142643+00:00,29.39459181437269
2025-08-15 00:28:59.125351+00:00,29.384290717192926
2025-08-15 00:28:59.406555+00:00,29.3791401690396
2025-08-15 00:28:59.774084+00:00,29.384290717192926
2025-08-15 00:29:00.160931+00:00,29.389441265637288
2025-08-15 00:29:00.687751+00:00,29.39459181437269
2025-08-15 00:29:01.106982+00:00,29.384290717192926
2025-08-15 00:29:01.410600+00:00,29.389441265637288
2025-08-15 00:29:11.143483+00:00,29.384290717192926
2025-08-15 00:29:14.406981+00:00,29.373989621177316
2025-08-15 00:29:18.453141+00:00,29.3791401690396
2025-08-15 00:29:18.777556+00:00,29.3791401690396
2025-08-15 00:29:19.782559+00:00,29.373989621177316
2025-08-15 00:29:21.393508+00:00,29.36883907360607
2025-08-15 00:29:21.898836+00:00,29.373989621177316
2025-08-15 00:29:24.967505+00:00,29.3791401690396
2025-08-15 00:29:27.758723+00:00,29.39459181437269
2025-08-15 00:29:28.223103+00:00,29.384290717192926
2025-08-15 00:29:28.956048+00:00,29.384290717192926
2025-08-15 00:29:29.657618+00:00,29.384290717192926
2025-08-15 00:29:29.916654+00:00,29.384290717192926
2025-08-15 00:29:31.978125+00:00,29.389441265637288
2025-08-15 00:29:32.454437+00:00,29.3791401690396
2025-08-15 00:29:32.833874+00:00,29.384290717192926
2025-08-15 00:29:33.175696+00:00,29.399742363399127
2025-08-15 00:29:35.198435+00:00,29.3791401690396
2025-08-15 00:29:35.524046+00:00,29.39459181437269
2025-08-15 00:29:37.740715+00:00,29.389441265637288
2025-08-15 00:29:38.202203+00:00,29.384290717192926
2025-08-15 00:29:41.091706+00:00,29.39459181437269
2025-08-15 00:29:41.477346+00:00,29.384290717192926
2025-08-15 00:29:42.337548+00:00,29.384290717192926
2025-08-15 00:29:44.491225+00:00,29.384290717192926
2025-08-15 00:29:48.053875+00:00,29.384290717192926
2025-08-15 00:29:48.825207+00:00,29.384290717192926
2025-08-15 00:29:49.900325+00:00,29.384290717192926
2025-08-15 00:29:54.319288+00:00,29.384290717192926
2025-08-15 00:29:54.570770+00:00,29.389441265637288
2025-08-15 00:29:54.906859+00:00,29.384290717192926
2025-08-15 00:29:55.140481+00:00,29.389441265637288
2025-08-15 00:29:57.124025+00:00,29.384290717192926
2025-08-15 00:30:01.459489+00:00,29.384290717192926
2025-08-15 00:30:03.316894+00:00,29.39459181437269
2025-08-15 00:30:05.804903+00:00,29.39459181437269
2025-08-15 00:30:14.405032+00:00,29.389441265637288
2025-08-15 00:30:16.791289+00:00,29.399742363399127
2025-08-15 00:30:17.277860+00:00,29.389441265637288
2025-08-15 00:30:19.460823+00:00,29.399742363399127
2025-08-15 00:30:20.162113+00:00,29.384290717192926
2025-08-15 00:30:27.943356+00:00,29.39459181437269
2025-08-15 00:30:29.301081+00:00,29.389441265637288
2025-08-15 00:30:32.546988+00:00,29.384290717192926
2025-08-15 00:30:32.966477+00:00,29.3791401690396
2025-08-15 00:30:34.683997+00:00,29.3791401690396
2025-08-15 00:30:36.325541+00:00,29.36883907360607
2025-08-15 00:30:43.982287+00:00,29.3791401690396
2025-08-15 00:30:45.356715+00:00,29.389441265637288
2025-08-15 00:30:45.892952+00:00,29.3791401690396
2025-08-15 00:30:48.149587+00:00,29.384290717192926
2025-08-15 00:30:48.577679+00:00,29.389441265637288
2025-08-15 00:30:48.840216+00:00,29.39459181437269
2025-08-15 00:30:49.089705+00:00,29.3791401690396
2025-08-15 00:30:49.303503+00:00,29.389441265637288
2025-08-15 00:30:49.464368+00:00,29.399742363399127
2025-08-15 00:30:54.106870+00:00,29.3791401690396
2025-08-15 00:30:54.386653+00:00,29.389441265637288
2025-08-15 00:30:54.837564+00:00,29.389441265637288
2025-08-15 00:30:56.476128+00:00,29.384290717192926
2025-08-15 00:30:58.605648+00:00,29.3791401690396
2025-08-15 00:30:59.742156+00:00,29.384290717192926
2025-08-15 00:31:01.702558+00:00,29.384290717192926
2025-08-15 00:31:02.042161+00:00,29.389441265637288
2025-08-15 00:31:02.483734+00:00,29.384290717192926
2025-08-15 00:31:04.615998+00:00,29.389441265637288
2025-08-15 00:31:06.588421+00:00,29.39459181437269
2025-08-15 00:31:08.614376+00:00,29.3791401690396
2025-08-15 00:31:09.131377+00:00,29.39459181437269
2025-08-15 00:31:16.509447+00:00,29.389441265637288
2025-08-15 00:31:17.656811+00:00,29.3791401690396
2025-08-15 00:31:17.999089+00:00,29.39459181437269
2025-08-15 00:31:19.688781+00:00,29.39459181437269
2025-08-15 00:31:20.008235+00:00,29.384290717192926
2025-08-15 00:31:20.858693+00:00,29.373989621177316
2025-08-15 00:31:21.294383+00:00,29.3791401690396
2025-08-15 00:31:21.697563+00:00,29.389441265637288
2025-08-15 00:31:22.088353+00:00,29.39459181437269
2025-08-15 00:31:23.516738+00:00,29.384290717192926
2025-08-15 00:31:24.411507+00:00,29.3791401690396
2025-08-15 00:31:28.261715+00:00,29.36883907360607
2025-08-15 00:31:31.929564+00:00,29.384290717192926
2025-08-15 00:31:37.862829+00:00,29.389441265637288
2025-08-15 00:31:38.138168+00:00,29.373989621177316
2025-08-15 00:31:38.640173+00:00,29.373989621177316
2025-08-15 00:31:39.763326+00:00,29.3791401690396
2025-08-15 00:31:40.618210+00:00,29.373989621177316
2025-08-15 00:31:41.002400+00:00,29.384290717192926
2025-08-15 00:31:41.221679+00:00,29.384290717192926
2025-08-15 00:31:42.713238+00:00,29.36883907360607
2025-08-15 00:31:42.976482+00:00,29.3791401690396
2025-08-15 00:31:45.450175+00:00,29.384290717192926
2025-08-15 00:31:49.366880+00:00,29.373989621177316
2025-08-15 00:31:50.872209+00:00,29.3791401690396
2025-08-15 00:31:51.372497+00:00,29.373989621177316
2025-08-15 00:31:51.857237+00:00,29.389441265637288
2025-08-15 00:31:52.444043+00:00,29.39459181437269
2025-08-15 00:31:54.271636+00:00,29.384290717192926
2025-08-15 00:31:55.066353+00:00,29.384290717192926
2025-08-15 00:31:57.163831+00:00,29.384290717192926
2025-08-15 00:31:57.447850+00:00,29.39459181437269
2025-08-15 00:31:57.998448+00:00,29.389441265637288
2025-08-15 00:31:59.929924+00:00,29.389441265637288
2025-08-15 00:32:00.957488+00:00,29.384290717192926
2025-08-15 00:32:01.482063+00:00,29.384290717192926
2025-08-15 00:32:03.114407+00:00,29.36883907360607
2025-08-15 00:32:05.075779+00:00,29.373989621177316
2025-08-15 00:32:05.687532+00:00,29.373989621177316
2025-08-15 00:32:06.715414+00:00,29.384290717192926
2025-08-15 00:32:07.507855+00:00,29.3791401690396
2025-08-15 00:32:12.069566+00:00,29.3791401690396
2025-08-15 00:32:14.062087+00:00,29.373989621177316
2025-08-15 00:32:14.510539+00:00,29.3791401690396
2025-08-15 00:32:19.837780+00:00,29.3791401690396
2025-08-15 00:32:20.293749+00:00,29.389441265637288
2025-08-15 00:32:21.052969+00:00,29.3791401690396
2025-08-15 00:32:22.144486+00:00,29.389441265637288
2025-08-15 00:32:22.398052+00:00,29.384290717192926
2025-08-15 00:32:24.563673+00:00,29.389441265637288
2025-08-15 00:32:24.846925+00:00,29.3791401690396
2025-08-15 00:32:25.247498+00:00,29.384290717192926
2025-08-15 00:32:26.634961+00:00,29.389441265637288
2025-08-15 00:32:27.554543+00:00,29.3791401690396
2025-08-15 00:32:28.232852+00:00,29.384290717192926
2025-08-15 00:32:28.851140+00:00,29.384290717192926
2025-08-15 00:32:30.931569+00:00,29.373989621177316
2025-08-15 00:32:31.473262+00:00,29.3791401690396
2025-08-15 00:32:32.565743+00:00,29.384290717192926
2025-08-15 00:32:32.905576+00:00,29.373989621177316
2025-08-15 00:32:33.661666+00:00,29.384290717192926
2025-08-15 00:32:33.913799+00:00,29.36883907360607
2025-08-15 00:32:34.213930+00:00,29.389441265637288
2025-08-15 00:32:36.319140+00:00,29.384290717192926
2025-08-15 00:32:37.405567+00:00,29.384290717192926
2025-08-15 00:32:38.678440+00:00,29.384290717192926
2025-08-15 00:32:38.985291+00:00,29.3791401690396
2025-08-15 00:32:39.610937+00:00,29.3791401690396
2025-08-15 00:32:40.263692+00:00,29.3791401690396
2025-08-15 00:32:41.127302+00:00,29.373989621177316
2025-08-15 00:32:41.801736+00:00,29.373989621177316
2025-08-15 00:32:44.090023+00:00,29.36883907360607
2025-08-15 00:32:44.414915+00:00,29.384290717192926
2025-08-15 00:32:45.556486+00:00,29.3791401690396
2025-08-15 00:32:47.105408+00:00,29.373989621177316
2025-08-15 00:32:47.794332+00:00,29.3791401690396
2025-08-15 00:32:49.086544+00:00,29.384290717192926
2025-08-15 00:32:49.821227+00:00,29.373989621177316
2025-08-15 00:32:50.672511+00:00,29.389441265637288
2025-08-15 00:32:52.404337+00:00,29.36883907360607
2025-08-15 00:32:52.704763+00:00,29.373989621177316
2025-08-15 00:32:52.945354+00:00,29.3791401690396
2025-08-15 00:32:53.740870+00:00,29.373989621177316
2025-08-15 00:32:54.550698+00:00,29.3791401690396
2025-08-15 00:32:56.180886+00:00,29.36883907360607
2025-08-15 00:32:58.645594+00:00,29.373989621177316
2025-08-15 00:32:59.365206+00:00,29.373989621177316
2025-08-15 00:33:00.071187+00:00,29.373989621177316
2025-08-15 00:33:02.287747+00:00,29.36883907360607
2025-08-15 00:33:04.847377+00:00,29.36368852632586
2025-08-15 00:33:05.343598+00:00,29.373989621177316
2025-08-15 00:33:05.797698+00:00,29.3791401690396
2025-08-15 00:33:08.990229+00:00,29.36368852632586
2025-08-15 00:33:12.636034+00:00,29.373989621177316
2025-08-15 00:33:14.178153+00:00,29.384290717192926
2025-08-15 00:33:20.269933+00:00,29.36883907360607
2025-08-15 00:33:22.303075+00:00,29.3791401690396
2025-08-15 00:33:23.027134+00:00,29.384290717192926
2025-08-15 00:33:23.590367+00:00,29.373989621177316
2025-08-15 00:33:23.923362+00:00,29.3791401690396
2025-08-15 00:33:24.307982+00:00,29.384290717192926
2025-08-15 00:33:26.527151+00:00,29.373989621177316
2025-08-15 00:33:27.186775+00:00,29.373989621177316
2025-08-15 00:33:27.459079+00:00,29.384290717192926
2025-08-15 00:33:28.777655+00:00,29.373989621177316
2025-08-15 00:33:29.382144+00:00,29.3791401690396
2025-08-15 00:33:29.682724+00:00,29.373989621177316
2025-08-15 00:33:32.222627+00:00,29.384290717192926
2025-08-15 00:33:33.155491+00:00,29.373989621177316
2025-08-15 00:33:34.754262+00:00,29.36883907360607
2025-08-15 00:33:35.906837+00:00,29.373989621177316
2025-08-15 00:33:36.926656+00:00,29.36883907360607
2025-08-15 00:33:37.169269+00:00,29.3791401690396
2025-08-15 00:33:39.156475+00:00,29.373989621177316
2025-08-15 00:33:39.399523+00:00,29.373989621177316
2025-08-15 00:33:39.628361+00:00,29.384290717192926
2025-08-15 00:33:39.802187+00:00,29.389441265637288
2025-08-15 00:33:40.119262+00:00,29.389441265637288
2025-08-15 00:33:43.509967+00:00,29.3791401690396
2025-08-15 00:33:43.820424+00:00,29.373989621177316
2025-08-15 00:33:44.104023+00:00,29.3791401690396
2025-08-15 00:33:44.360481+00:00,29.384290717192926
2025-08-15 00:33:44.579389+00:00,29.384290717192926
2025-08-15 00:33:45.612434+00:00,29.3791401690396
2025-08-15 00:33:46.370523+00:00,29.373989621177316
2025-08-15 00:33:46.971915+00:00,29.373989621177316
2025-08-15 00:33:48.048711+00:00,29.373989621177316
2025-08-15 00:33:48.841113+00:00,29.36368852632586
2025-08-15 00:33:49.577220+00:00,29.373989621177316
2025-08-15 00:33:50.086967+00:00,29.36883907360607
2025-08-15 00:33:51.160420+00:00,29.36883907360607
2025-08-15 00:33:51.916252+00:00,29.373989621177316
2025-08-15 00:33:52.542780+00:00,29.384290717192926
2025-08-15 00:33:53.377668+00:00,29.373989621177316
2025-08-15 00:33:54.966698+00:00,29.373989621177316
2025-08-15 00:33:57.989735+00:00,29.384290717192926
2025-08-15 00:33:59.568989+00:00,29.36883907360607
2025-08-15 00:34:01.560753+00:00,29.36883907360607
2025-08-15 00:34:02.007219+00:00,29.373989621177316
2025-08-15 00:34:03.594285+00:00,29.373989621177316
2025-08-15 00:34:05.304089+00:00,29.373989621177316
2025-08-15 00:34:07.445926+00:00,29.3791401690396
2025-08-15 00:34:08.003690+00:00,29.3791401690396
2025-08-15 00:34:08.335960+00:00,29.3791401690396
2025-08-15 00:34:10.895397+00:00,29.373989621177316
2025-08-15 00:34:12.153885+00:00,29.36883907360607
2025-08-15 00:34:12.363395+00:00,29.373989621177316
2025-08-15 00:34:12.562714+00:00,29.3791401690396
2025-08-15 00:34:13.051325+00:00,29.3791401690396
2025-08-15 00:34:13.424775+00:00,29.384290717192926
2025-08-15 00:34:16.344190+00:00,29.3791401690396
2025-08-15 00:34:17.893152+00:00,29.384290717192926
2025-08-15 00:34:19.525687+00:00,29.373989621177316
2025-08-15 00:34:23.495353+00:00,29.3791401690396
2025-08-15 00:34:26.800905+00:00,29.384290717192926
2025-08-15 00:34:28.031662+00:00,29.373989621177316
2025-08-15 00:34:29.626140+00:00,29.373989621177316
2025-08-15 00:34:32.166440+00:00,29.384290717192926
2025-08-15 00:34:33.797482+00:00,29.389441265637288
2025-08-15 00:34:33.976483+00:00,29.384290717192926
2025-08-15 00:34:36.983947+00:00,29.3791401690396
2025-08-15 00:34:37.941453+00:00,29.3791401690396
2025-08-15 00:34:38.367544+00:00,29.3791401690396
2025-08-15 00:34:38.837705+00:00,29.389441265637288
2025-08-15 00:34:39.605587+00:00,29.373989621177316
2025-08-15 00:34:41.493844+00:00,29.389441265637288
2025-08-15 00:34:43.759195+00:00,29.384290717192926
2025-08-15 00:34:44.009558+00:00,29.384290717192926
2025-08-15 00:34:44.267721+00:00,29.39459181437269
2025-08-15 00:34:44.618322+00:00,29.384290717192926
2025-08-15 00:34:44.878162+00:00,29.384290717192926
2025-08-15 00:34:48.975743+00:00,29.384290717192926
2025-08-15 00:34:50.007189+00:00,29.39459181437269
2025-08-15 00:34:53.543590+00:00,29.3791401690396
2025-08-15 00:34:53.834199+00:00,29.384290717192926
2025-08-15 00:34:54.721472+00:00,29.373989621177316
2025-08-15 00:34:57.135954+00:00,29.3791401690396
2025-08-15 00:34:57.966275+00:00,29.3791401690396
2025-08-15 00:34:58.625017+00:00,29.384290717192926
2025-08-15 00:35:00.192042+00:00,29.3791401690396
2025-08-15 00:35:00.648062+00:00,29.36883907360607
2025-08-15 00:35:07.884859+00:00,29.384290717192926
2025-08-15 00:35:08.837531+00:00,29.36883907360607
2025-08-15 00:35:09.449838+00:00,29.373989621177316
2025-08-15 00:35:11.811374+00:00,29.373989621177316
2025-08-15 00:35:12.869198+00:00,29.36883907360607
2025-08-15 00:35:14.497645+00:00,29.373989621177316
2025-08-15 00:35:16.903319+00:00,29.36368852632586
2025-08-15 00:35:20.103229+00:00,29.373989621177316
2025-08-15 00:35:27.759849+00:00,29.373989621177316
2025-08-15 00:35:28.376113+00:00,29.36368852632586
2025-08-15 00:35:28.784395+00:00,29.36883907360607
2025-08-15 00:35:29.478022+00:00,29.36883907360607
2025-08-15 00:35:31.255957+00:00,29.36883907360607
2025-08-15 00:35:31.652068+00:00,29.36368852632586
2025-08-15 00:35:32.291986+00:00,29.36883907360607
2025-08-15 00:35:32.676421+00:00,29.373989621177316
2025-08-15 00:35:33.088779+00:00,29.373989621177316
2025-08-15 00:35:35.509539+00:00,29.373989621177316
2025-08-15 00:35:36.618066+00:00,29.36883907360607
2025-08-15 00:35:38.510681+00:00,29.36368852632586
2025-08-15 00:35:41.001879+00:00,29.35853797933669
2025-08-15 00:35:41.359341+00:00,29.373989621177316
2025-08-15 00:35:41.842562+00:00,29.373989621177316
2025-08-15 00:35:42.894259+00:00,29.35853797933669
2025-08-15 00:35:43.204570+00:00,29.35853797933669
2025-08-15 00:35:43.453972+00:00,29.36883907360607
2025-08-15 00:35:43.872112+00:00,29.35853797933669
2025-08-15 00:35:44.225444+00:00,29.36883907360607
2025-08-15 00:35:45.935993+00:00,29.35853797933669
2025-08-15 00:35:46.333840+00:00,29.36883907360607
2025-08-15 00:35:48.944629+00:00,29.373989621177316
2025-08-15 00:35:49.315775+00:00,29.373989621177316
2025-08-15 00:35:49.546494+00:00,29.36883907360607
2025-08-15 00:35:49.829953+00:00,29.36368852632586
2025-08-15 00:35:50.064873+00:00,29.373989621177316
2025-08-15 00:35:50.232037+00:00,29.36883907360607
2025-08-15 00:35:50.808780+00:00,29.3791401690396
2025-08-15 00:35:51.093638+00:00,29.36883907360607
2025-08-15 00:35:51.385238+00:00,29.373989621177316
2025-08-15 00:35:51.661824+00:00,29.36883907360607
2025-08-15 00:35:52.180484+00:00,29.36368852632586
2025-08-15 00:35:52.575012+00:00,29.36368852632586
2025-08-15 00:35:52.905264+00:00,29.36883907360607
2025-08-15 00:35:54.244154+00:00,29.36368852632586
2025-08-15 00:35:58.624812+00:00,29.36883907360607
2025-08-15 00:35:58.856335+00:00,29.36368852632586
2025-08-15 00:35:59.074691+00:00,29.353387432638556
2025-08-15 00:35:59.264441+00:00,29.36368852632586
2025-08-15 00:36:00.434517+00:00,29.36368852632586
2025-08-15 00:36:02.195262+00:00,29.36883907360607
2025-08-15 00:36:03.748205+00:00,29.35853797933669
2025-08-15 00:36:04.799185+00:00,29.36883907360607
2025-08-15 00:36:06.201786+00:00,29.36368852632586
2025-08-15 00:36:07.798111+00:00,29.35853797933669
2025-08-15 00:36:09.409502+00:00,29.353387432638556
2025-08-15 00:36:10.383485+00:00,29.35853797933669
2025-08-15 00:36:11.201488+00:00,29.36368852632586
2025-08-15 00:36:13.467450+00:00,29.36368852632586
2025-08-15 00:36:13.869326+00:00,29.36883907360607
2025-08-15 00:36:14.511489+00:00,29.36368852632586
2025-08-15 00:36:15.201402+00:00,29.36883907360607
2025-08-15 00:36:17.083698+00:00,29.36883907360607
2025-08-15 00:36:17.432805+00:00,29.373989621177316
2025-08-15 00:36:18.649807+00:00,29.384290717192926
2025-08-15 00:36:18.907950+00:00,29.3791401690396
2025-08-15 00:36:19.134320+00:00,29.3791401690396
2025-08-15 00:36:19.577179+00:00,29.3791401690396
2025-08-15 00:36:19.806511+00:00,29.373989621177316
2025-08-15 00:36:19.986111+00:00,29.373989621177316
2025-08-15 00:36:20.220348+00:00,29.373989621177316
2025-08-15 00:36:20.470873+00:00,29.3791401690396
2025-08-15 00:36:21.956118+00:00,29.36883907360607
2025-08-15 00:36:24.533670+00:00,29.35853797933669
2025-08-15 00:36:34.523589+00:00,29.36368852632586
2025-08-15 00:36:34.765381+00:00,29.36368852632586
2025-08-15 00:36:38.034102+00:00,29.36368852632586
2025-08-15 00:36:38.586066+00:00,29.36368852632586
2025-08-15 00:36:39.099337+00:00,29.36883907360607
2025-08-15 00:36:39.498432+00:00,29.3791401690396
2025-08-15 00:36:39.779325+00:00,29.36368852632586
2025-08-15 00:36:42.972660+00:00,29.36883907360607
2025-08-15 00:36:46.974705+00:00,29.36368852632586
2025-08-15 00:36:47.808431+00:00,29.353387432638556
2025-08-15 00:36:48.172515+00:00,29.36368852632586
2025-08-15 00:36:49.397445+00:00,29.36368852632586
2025-08-15 00:36:49.639454+00:00,29.36368852632586
2025-08-15 00:36:50.834538+00:00,29.36368852632586
2025-08-15 00:36:51.144202+00:00,29.36368852632586
2025-08-15 00:36:52.004133+00:00,29.36883907360607
2025-08-15 00:36:54.638933+00:00,29.36368852632586
2025-08-15 00:36:55.039065+00:00,29.36368852632586
2025-08-15 00:36:56.373487+00:00,29.36368852632586
2025-08-15 00:36:56.958787+00:00,29.36883907360607
2025-08-15 00:36:57.265524+00:00,29.36368852632586
2025-08-15 00:36:57.494573+00:00,29.373989621177316
2025-08-15 00:36:57.770509+00:00,29.373989621177316
2025-08-15 00:36:58.163088+00:00,29.36883907360607
2025-08-15 00:36:58.396707+00:00,29.3791401690396
2025-08-15 00:36:59.674486+00:00,29.373989621177316
2025-08-15 00:37:00.009200+00:00,29.36883907360607
2025-08-15 00:37:00.290687+00:00,29.373989621177316
2025-08-15 00:37:02.314999+00:00,29.36883907360607
2025-08-15 00:37:05.797789+00:00,29.373989621177316
2025-08-15 00:37:06.431188+00:00,29.36883907360607
2025-08-15 00:37:06.798496+00:00,29.373989621177316
2025-08-15 00:37:07.166377+00:00,29.3791401690396
2025-08-15 00:37:07.632430+00:00,29.3791401690396
2025-08-15 00:37:11.098949+00:00,29.373989621177316
2025-08-15 00:37:12.216055+00:00,29.3791401690396
2025-08-15 00:37:13.362492+00:00,29.373989621177316
2025-08-15 00:37:19.738326+00:00,29.373989621177316
2025-08-15 00:37:19.922811+00:00,29.373989621177316
2025-08-15 00:37:20.129002+00:00,29.373989621177316
2025-08-15 00:37:21.314423+00:00,29.36368852632586
2025-08-15 00:37:21.608014+00:00,29.36368852632586
2025-08-15 00:37:23.140061+00:00,29.373989621177316
2025-08-15 00:37:24.257248+00:00,29.373989621177316
2025-08-15 00:37:26.931938+00:00,29.36368852632586
2025-08-15 00:37:29.410196+00:00,29.36883907360607
2025-08-15 00:37:32.807686+00:00,29.373989621177316
2025-08-15 00:37:33.174924+00:00,29.373989621177316
2025-08-15 00:37:38.590091+00:00,29.373989621177316
2025-08-15 00:37:39.754681+00:00,29.373989621177316
2025-08-15 00:37:41.589904+00:00,29.373989621177316
2025-08-15 00:37:43.103507+00:00,29.353387432638556
2025-08-15 00:37:44.097231+00:00,29.36368852632586
2025-08-15 00:37:44.304469+00:00,29.36368852632586
2025-08-15 00:37:46.640658+00:00,29.36368852632586
2025-08-15 00:37:49.947085+00:00,29.373989621177316
2025-08-15 00:37:51.509311+00:00,29.373989621177316
2025-08-15 00:37:51.860087+00:00,29.3791401690396
2025-08-15 00:37:52.102507+00:00,29.3791401690396
2025-08-15 00:37:52.704655+00:00,29.373989621177316
2025-08-15 00:37:53.832294+00:00,29.36368852632586
2025-08-15 00:37:54.531199+00:00,29.36883907360607
2025-08-15 00:37:55.318754+00:00,29.35853797933669
2025-08-15 00:37:55.714647+00:00,29.373989621177316
2025-08-15 00:37:59.049014+00:00,29.36883907360607
2025-08-15 00:38:00.249874+00:00,29.373989621177316
2025-08-15 00:38:03.430353+00:00,29.373989621177316
2025-08-15 00:38:04.531710+00:00,29.36883907360607
2025-08-15 00:38:04.879943+00:00,29.36368852632586
2025-08-15 00:38:06.381659+00:00,29.373989621177316
2025-08-15 00:38:08.161358+00:00,29.373989621177316
2025-08-15 00:38:11.789259+00:00,29.36368852632586
2025-08-15 00:38:12.307246+00:00,29.36368852632586
2025-08-15 00:38:12.597253+00:00,29.373989621177316
2025-08-15 00:38:12.966878+00:00,29.373989621177316
2025-08-15 00:38:13.218685+00:00,29.36368852632586
2025-08-15 00:38:15.692306+00:00,29.36368852632586
2025-08-15 00:38:16.206261+00:00,29.373989621177316
2025-08-15 00:38:16.630337+00:00,29.3791401690396
2025-08-15 00:38:17.681396+00:00,29.36883907360607
2025-08-15 00:38:20.086578+00:00,29.36883907360607
2025-08-15 00:38:20.310402+00:00,29.3791401690396
2025-08-15 00:38:23.470833+00:00,29.373989621177316
2025-08-15 00:38:24.321958+00:00,29.373989621177316
2025-08-15 00:38:25.330101+00:00,29.36883907360607
2025-08-15 00:38:26.462851+00:00,29.36883907360607
2025-08-15 00:38:27.580073+00:00,29.373989621177316
2025-08-15 00:38:32.391446+00:00,29.36883907360607
2025-08-15 00:38:33.125297+00:00,29.373989621177316
2025-08-15 00:38:37.319325+00:00,29.36368852632586
2025-08-15 00:38:37.554932+00:00,29.36368852632586
2025-08-15 00:38:37.827217+00:00,29.36368852632586
2025-08-15 00:38:38.094826+00:00,29.36368852632586
2025-08-15 00:38:38.443164+00:00,29.35853797933669
2025-08-15 00:38:40.759485+00:00,29.36368852632586
2025-08-15 00:38:42.835422+00:00,29.35853797933669
2025-08-15 00:38:43.106050+00:00,29.35853797933669
2025-08-15 00:38:43.542567+00:00,29.373989621177316
2025-08-15 00:38:43.851755+00:00,29.35853797933669
2025-08-15 00:38:45.338285+00:00,29.36883907360607
2025-08-15 00:38:47.946560+00:00,29.36368852632586
2025-08-15 00:38:50.378750+00:00,29.35853797933669
2025-08-15 00:38:52.958258+00:00,29.36883907360607
2025-08-15 00:38:54.153770+00:00,29.36883907360607
2025-08-15 00:38:56.332446+00:00,29.36883907360607
2025-08-15 00:39:00.546179+00:00,29.373989621177316
2025-08-15 00:39:02.224310+00:00,29.36368852632586
2025-08-15 00:39:03.963899+00:00,29.36368852632586
2025-08-15 00:39:05.322985+00:00,29.36368852632586
2025-08-15 00:39:05.871116+00:00,29.36368852632586
2025-08-15 00:39:06.319530+00:00,29.36883907360607
2025-08-15 00:39:08.670540+00:00,29.353387432638556
2025-08-15 00:39:09.555149+00:00,29.36368852632586
2025-08-15 00:39:10.484115+00:00,29.36368852632586
2025-08-15 00:39:11.925873+00:00,29.373989621177316
2025-08-15 00:39:12.846080+00:00,29.36368852632586
2025-08-15 00:39:15.512665+00:00,29.353387432638556
2025-08-15 00:39:21.623052+00:00,29.36883907360607
2025-08-15 00:39:22.908192+00:00,29.373989621177316
2025-08-15 00:39:23.796935+00:00,29.373989621177316
2025-08-15 00:39:24.705973+00:00,29.373989621177316
2025-08-15 00:39:26.395646+00:00,29.35853797933669
2025-08-15 00:39:27.725129+00:00,29.36368852632586
2025-08-15 00:39:27.969983+00:00,29.373989621177316
2025-08-15 00:39:28.170963+00:00,29.373989621177316
2025-08-15 00:39:28.828870+00:00,29.36883907360607
2025-08-15 00:39:29.103544+00:00,29.36368852632586
2025-08-15 00:39:36.820650+00:00,29.36883907360607
2025-08-15 00:39:37.221031+00:00,29.36368852632586
2025-08-15 00:39:37.682386+00:00,29.373989621177316
2025-08-15 00:39:38.668882+00:00,29.35853797933669
2025-08-15 00:39:41.783219+00:00,29.36368852632586
2025-08-15 00:39:42.008944+00:00,29.36883907360607
2025-08-15 00:39:42.619861+00:00,29.36368852632586
2025-08-15 00:39:43.454721+00:00,29.36883907360607
2025-08-15 00:39:49.034231+00:00,29.36883907360607
2025-08-15 00:39:49.311320+00:00,29.35853797933669
2025-08-15 00:39:49.578365+00:00,29.36368852632586
2025-08-15 00:39:50.924407+00:00,29.35853797933669
2025-08-15 00:39:54.960923+00:00,29.353387432638556
2025-08-15 00:39:55.219863+00:00,29.373989621177316
2025-08-15 00:39:55.537888+00:00,29.36883907360607
2025-08-15 00:39:56.063974+00:00,29.36368852632586
2025-08-15 00:39:56.389145+00:00,29.36368852632586
2025-08-15 00:39:56.657770+00:00,29.353387432638556
2025-08-15 00:39:57.693286+00:00,29.353387432638556
2025-08-15 00:39:57.977013+00:00,29.36368852632586
2025-08-15 00:39:58.327429+00:00,29.36368852632586
2025-08-15 00:39:58.938180+00:00,29.36368852632586
2025-08-15 00:39:59.647577+00:00,29.35853797933669
2025-08-15 00:39:59.874542+00:00,29.36883907360607
2025-08-15 00:40:01.536003+00:00,29.36883907360607
2025-08-15 00:40:04.199498+00:00,29.36883907360607
2025-08-15 00:40:11.861528+00:00,29.35853797933669
2025-08-15 00:40:12.679570+00:00,29.36368852632586
2025-08-15 00:40:15.266660+00:00,29.35853797933669
2025-08-15 00:40:15.869385+00:00,29.353387432638556
2025-08-15 00:40:17.080928+00:00,29.353387432638556
2025-08-15 00:40:19.569671+00:00,29.353387432638556
2025-08-15 00:40:21.669100+00:00,29.36368852632586
2025-08-15 00:40:26.527579+00:00,29.353387432638556
2025-08-15 00:40:27.003391+00:00,29.35853797933669
2025-08-15 00:40:27.369852+00:00,29.36368852632586
2025-08-15 00:40:27.735262+00:00,29.35853797933669
2025-08-15 00:40:28.485305+00:00,29.36368852632586
2025-08-15 00:40:30.188526+00:00,29.34823688623146
2025-08-15 00:40:30.770053+00:00,29.35853797933669
2025-08-15 00:40:42.113697+00:00,29.353387432638556
2025-08-15 00:40:43.718925+00:00,29.353387432638556
2025-08-15 00:40:45.801668+00:00,29.353387432638556
2025-08-15 00:40:46.134777+00:00,29.36368852632586
2025-08-15 00:40:46.455322+00:00,29.35853797933669
2025-08-15 00:40:49.041369+00:00,29.35853797933669
2025-08-15 00:40:50.878167+00:00,29.36368852632586
2025-08-15 00:40:52.667713+00:00,29.34823688623146
2025-08-15 00:40:53.969744+00:00,29.353387432638556
2025-08-15 00:40:54.615260+00:00,29.35853797933669
2025-08-15 00:40:58.024704+00:00,29.36368852632586
2025-08-15 00:40:59.118266+00:00,29.353387432638556
2025-08-15 00:41:01.003294+00:00,29.35853797933669
2025-08-15 00:41:06.227680+00:00,29.35853797933669
2025-08-15 00:41:07.814777+00:00,29.353387432638556
2025-08-15 00:41:12.301322+00:00,29.36368852632586
2025-08-15 00:41:16.694180+00:00,29.36368852632586
2025-08-15 00:41:20.002413+00:00,29.34823688623146
2025-08-15 00:41:20.814150+00:00,29.353387432638556
2025-08-15 00:41:24.567270+00:00,29.36368852632586
2025-08-15 00:41:25.292748+00:00,29.353387432638556
2025-08-15 00:41:26.287423+00:00,29.34823688623146
2025-08-15 00:41:27.381178+00:00,29.353387432638556
2025-08-15 00:41:27.732992+00:00,29.353387432638556
2025-08-15 00:41:29.359894+00:00,29.343086340115406
2025-08-15 00:41:29.796426+00:00,29.35853797933669
2025-08-15 00:41:30.225713+00:00,29.353387432638556
2025-08-15 00:41:32.318354+00:00,29.343086340115406
2025-08-15 00:41:32.650537+00:00,29.343086340115406
2025-08-15 00:41:36.130386+00:00,29.353387432638556
2025-08-15 00:41:36.673356+00:00,29.343086340115406
2025-08-15 00:41:37.352093+00:00,29.34823688623146
2025-08-15 00:41:44.700420+00:00,29.35853797933669
2025-08-15 00:41:49.578889+00:00,29.35853797933669
2025-08-15 00:41:50.741222+00:00,29.353387432638556
2025-08-15 00:41:51.450999+00:00,29.343086340115406
2025-08-15 00:41:52.781202+00:00,29.35853797933669
2025-08-15 00:41:53.525857+00:00,29.36368852632586
2025-08-15 00:41:54.602393+00:00,29.35853797933669
2025-08-15 00:41:55.276944+00:00,29.35853797933669
2025-08-15 00:41:55.579216+00:00,29.353387432638556
2025-08-15 00:41:56.363774+00:00,29.35853797933669
2025-08-15 00:41:57.040824+00:00,29.35853797933669
2025-08-15 00:41:57.381841+00:00,29.353387432638556
2025-08-15 00:41:57.625237+00:00,29.35853797933669
2025-08-15 00:41:57.832745+00:00,29.36883907360607
2025-08-15 00:42:02.867063+00:00,29.343086340115406
2025-08-15 00:42:03.308079+00:00,29.34823688623146
2025-08-15 00:42:05.942198+00:00,29.353387432638556
2025-08-15 00:42:08.926324+00:00,29.36368852632586
2025-08-15 00:42:09.424096+00:00,29.35853797933669
2025-08-15 00:42:10.283409+00:00,29.33278524875641
2025-08-15 00:42:11.099852+00:00,29.343086340115406
2025-08-15 00:42:11.369278+00:00,29.353387432638556
2025-08-15 00:42:11.836058+00:00,29.35853797933669
2025-08-15 00:42:15.098400+00:00,29.34823688623146
2025-08-15 00:42:17.225813+00:00,29.353387432638556
2025-08-15 00:42:18.904439+00:00,29.34823688623146
2025-08-15 00:42:19.750136+00:00,29.353387432638556
2025-08-15 00:42:19.975826+00:00,29.34823688623146
2025-08-15 00:42:20.742097+00:00,29.35853797933669
2025-08-15 00:42:23.434298+00:00,29.34823688623146
2025-08-15 00:42:23.759548+00:00,29.34823688623146
2025-08-15 00:42:25.692777+00:00,29.343086340115406
2025-08-15 00:42:27.158519+00:00,29.343086340115406
2025-08-15 00:42:29.266448+00:00,29.343086340115406
2025-08-15 00:42:29.499222+00:00,29.34823688623146
2025-08-15 00:42:33.419470+00:00,29.353387432638556
2025-08-15 00:42:33.811359+00:00,29.36368852632586
2025-08-15 00:42:34.832715+00:00,29.34823688623146
2025-08-15 00:42:36.844290+00:00,29.343086340115406
2025-08-15 00:42:37.177530+00:00,29.353387432638556
2025-08-15 00:42:37.947479+00:00,29.34823688623146
2025-08-15 00:42:38.548495+00:00,29.35853797933669
2025-08-15 00:42:39.625754+00:00,29.353387432638556
2025-08-15 00:42:40.599654+00:00,29.353387432638556
2025-08-15 00:42:41.968311+00:00,29.34823688623146
2025-08-15 00:42:42.941132+00:00,29.353387432638556
2025-08-15 00:42:45.099217+00:00,29.34823688623146
2025-08-15 00:42:45.726628+00:00,29.34823688623146
2025-08-15 00:42:50.900553+00:00,29.337935794290388
2025-08-15 00:42:51.662521+00:00,29.322484158561565
2025-08-15 00:42:53.983239+00:00,29.327634703513468
2025-08-15 00:42:54.227865+00:00,29.343086340115406
2025-08-15 00:42:54.478310+00:00,29.343086340115406
2025-08-15 00:42:55.316801+00:00,29.34823688623146
2025-08-15 00:42:57.527388+00:00,29.343086340115406
2025-08-15 00:42:57.787340+00:00,29.343086340115406
2025-08-15 00:42:58.229575+00:00,29.343086340115406
2025-08-15 00:42:59.449899+00:00,29.343086340115406
2025-08-15 00:43:01.974685+00:00,29.337935794290388
2025-08-15 00:43:07.824210+00:00,29.34823688623146
2025-08-15 00:43:12.834922+00:00,29.34823688623146
2025-08-15 00:43:13.712638+00:00,29.33278524875641
2025-08-15 00:43:16.731978+00:00,29.33278524875641
2025-08-15 00:43:17.831737+00:00,29.343086340115406
2025-08-15 00:43:20.179701+00:00,29.34823688623146
2025-08-15 00:43:21.531920+00:00,29.343086340115406
2025-08-15 00:43:21.773091+00:00,29.343086340115406
2025-08-15 00:43:22.150436+00:00,29.343086340115406
2025-08-15 00:43:22.366703+00:00,29.353387432638556
2025-08-15 00:43:22.994306+00:00,29.343086340115406
2025-08-15 00:43:25.274236+00:00,29.34823688623146
2025-08-15 00:43:25.928695+00:00,29.337935794290388
2025-08-15 00:43:26.763887+00:00,29.34823688623146
2025-08-15 00:43:29.137056+00:00,29.337935794290388
2025-08-15 00:43:30.557824+00:00,29.33278524875641
2025-08-15 00:43:32.386087+00:00,29.343086340115406
2025-08-15 00:43:34.065221+00:00,29.337935794290388
2025-08-15 00:43:36.474906+00:00,29.343086340115406
2025-08-15 00:43:37.017703+00:00,29.343086340115406
2025-08-15 00:43:40.033824+00:00,29.353387432638556
2025-08-15 00:43:40.616830+00:00,29.343086340115406
2025-08-15 00:43:41.261675+00:00,29.353387432638556
2025-08-15 00:43:43.721478+00:00,29.353387432638556
2025-08-15 00:43:45.288667+00:00,29.34823688623146
2025-08-15 00:43:47.883460+00:00,29.34823688623146
2025-08-15 00:43:49.473807+00:00,29.343086340115406
2025-08-15 00:43:49.915701+00:00,29.343086340115406
2025-08-15 00:43:51.548041+00:00,29.337935794290388
2025-08-15 00:43:52.443216+00:00,29.337935794290388
2025-08-15 00:43:52.771307+00:00,29.337935794290388
2025-08-15 00:43:53.447800+00:00,29.33278524875641
2025-08-15 00:43:53.840661+00:00,29.343086340115406
2025-08-15 00:43:54.172420+00:00,29.353387432638556
2025-08-15 00:43:56.262882+00:00,29.337935794290388
2025-08-15 00:43:56.598777+00:00,29.33278524875641
2025-08-15 00:43:56.907818+00:00,29.33278524875641
2025-08-15 00:43:57.372459+00:00,29.343086340115406
2025-08-15 00:43:57.847037+00:00,29.33278524875641
2025-08-15 00:43:58.156981+00:00,29.343086340115406
2025-08-15 00:43:58.402031+00:00,29.337935794290388
2025-08-15 00:43:58.770793+00:00,29.33278524875641
2025-08-15 00:44:04.390571+00:00,29.33278524875641
2025-08-15 00:44:05.379687+00:00,29.337935794290388
2025-08-15 00:44:06.865465+00:00,29.33278524875641
2025-08-15 00:44:07.267246+00:00,29.33278524875641
2025-08-15 00:44:08.438670+00:00,29.337935794290388
2025-08-15 00:44:09.272258+00:00,29.33278524875641
2025-08-15 00:44:09.913993+00:00,29.337935794290388
2025-08-15 00:44:10.231269+00:00,29.33278524875641
2025-08-15 00:44:11.932699+00:00,29.33278524875641
2025-08-15 00:44:13.282431+00:00,29.343086340115406
2025-08-15 00:44:14.180136+00:00,29.33278524875641
2025-08-15 00:44:14.350990+00:00,29.33278524875641
2025-08-15 00:44:15.672231+00:00,29.33278524875641
2025-08-15 00:44:16.941202+00:00,29.337935794290388
2025-08-15 00:44:18.088492+00:00,29.337935794290388
2025-08-15 00:44:18.530548+00:00,29.337935794290388
2025-08-15 00:44:18.996852+00:00,29.343086340115406
2025-08-15 00:44:22.456726+00:00,29.327634703513468
2025-08-15 00:44:24.912326+00:00,29.327634703513468
2025-08-15 00:44:26.090241+00:00,29.33278524875641
2025-08-15 00:44:28.456053+00:00,29.343086340115406
2025-08-15 00:44:28.823913+00:00,29.33278524875641
2025-08-15 00:44:29.498851+00:00,29.327634703513468
2025-08-15 00:44:30.515585+00:00,29.337935794290388
2025-08-15 00:44:31.525314+00:00,29.337935794290388
2025-08-15 00:44:31.937997+00:00,29.33278524875641
2025-08-15 00:44:32.296209+00:00,29.337935794290388
2025-08-15 00:44:36.629859+00:00,29.322484158561565
2025-08-15 00:44:40.260906+00:00,29.33278524875641
2025-08-15 00:44:41.539464+00:00,29.327634703513468
2025-08-15 00:44:42.129451+00:00,29.327634703513468
2025-08-15 00:44:43.438941+00:00,29.33278524875641
2025-08-15 00:44:49.956856+00:00,29.343086340115406
2025-08-15 00:44:51.096362+00:00,29.337935794290388
2025-08-15 00:44:53.199070+00:00,29.33278524875641
2025-08-15 00:44:54.726817+00:00,29.327634703513468
2025-08-15 00:44:57.622256+00:00,29.343086340115406
2025-08-15 00:44:58.813716+00:00,29.327634703513468
2025-08-15 00:44:59.095214+00:00,29.33278524875641
2025-08-15 00:44:59.594885+00:00,29.337935794290388
2025-08-15 00:44:59.981086+00:00,29.343086340115406
2025-08-15 00:45:03.928334+00:00,29.33278524875641
2025-08-15 00:45:06.902064+00:00,29.343086340115406
2025-08-15 00:45:07.370990+00:00,29.343086340115406
2025-08-15 00:45:07.758547+00:00,29.337935794290388
2025-08-15 00:45:13.554006+00:00,29.337935794290388
2025-08-15 00:45:18.179061+00:00,29.343086340115406
2025-08-15 00:45:21.123870+00:00,29.343086340115406
2025-08-15 00:45:23.136385+00:00,29.337935794290388
2025-08-15 00:45:25.773046+00:00,29.337935794290388
2025-08-15 00:45:27.261444+00:00,29.343086340115406
2025-08-15 00:45:27.691824+00:00,29.343086340115406
2025-08-15 00:45:29.669516+00:00,29.353387432638556
2025-08-15 00:45:33.037985+00:00,29.343086340115406
2025-08-15 00:45:35.629810+00:00,29.337935794290388
2025-08-15 00:45:36.626430+00:00,29.337935794290388
2025-08-15 00:45:39.908474+00:00,29.33278524875641
2025-08-15 00:45:40.859114+00:00,29.322484158561565
2025-08-15 00:45:41.375859+00:00,29.33278524875641
2025-08-15 00:45:41.671379+00:00,29.343086340115406
2025-08-15 00:45:42.618281+00:00,29.33278524875641
2025-08-15 00:45:48.689994+00:00,29.337935794290388
2025-08-15 00:45:49.009673+00:00,29.337935794290388
2025-08-15 00:45:49.811724+00:00,29.337935794290388
2025-08-15 00:45:50.305852+00:00,29.337935794290388
2025-08-15 00:45:53.162222+00:00,29.33278524875641
2025-08-15 00:45:53.598075+00:00,29.33278524875641
2025-08-15 00:45:54.203564+00:00,29.33278524875641
2025-08-15 00:45:55.770067+00:00,29.33278524875641
2025-08-15 00:45:57.587194+00:00,29.327634703513468
2025-08-15 00:45:57.818749+00:00,29.337935794290388
2025-08-15 00:45:58.044467+00:00,29.33278524875641
2025-08-15 00:46:00.629484+00:00,29.33278524875641
2025-08-15 00:46:00.951238+00:00,29.337935794290388
2025-08-15 00:46:01.326578+00:00,29.337935794290388
2025-08-15 00:46:01.695428+00:00,29.337935794290388
2025-08-15 00:46:03.985996+00:00,29.34823688623146
2025-08-15 00:46:05.839808+00:00,29.337935794290388
2025-08-15 00:46:10.936825+00:00,29.33278524875641
2025-08-15 00:46:13.434241+00:00,29.343086340115406
2025-08-15 00:46:14.452218+00:00,29.34823688623146
2025-08-15 00:46:16.048337+00:00,29.33278524875641
2025-08-15 00:46:22.866090+00:00,29.337935794290388
2025-08-15 00:46:23.387232+00:00,29.337935794290388
2025-08-15 00:46:24.737947+00:00,29.337935794290388
2025-08-15 00:46:25.085753+00:00,29.34823688623146
2025-08-15 00:46:25.577943+00:00,29.343086340115406
2025-08-15 00:46:26.196543+00:00,29.343086340115406
2025-08-15 00:46:31.416741+00:00,29.34823688623146
2025-08-15 00:46:34.522742+00:00,29.343086340115406
2025-08-15 00:46:34.739195+00:00,29.337935794290388
2025-08-15 00:46:34.962860+00:00,29.337935794290388
2025-08-15 00:46:35.261738+00:00,29.353387432638556
2025-08-15 00:46:38.683744+00:00,29.337935794290388
2025-08-15 00:46:38.878182+00:00,29.337935794290388
2025-08-15 00:46:40.539300+00:00,29.337935794290388
2025-08-15 00:46:40.824240+00:00,29.353387432638556
2025-08-15 00:46:41.952232+00:00,29.343086340115406
2025-08-15 00:46:43.120521+00:00,29.343086340115406
2025-08-15 00:46:44.737112+00:00,29.33278524875641
2025-08-15 00:46:45.495101+00:00,29.343086340115406
2025-08-15 00:46:48.678442+00:00,29.337935794290388
2025-08-15 00:46:48.902805+00:00,29.33278524875641
2025-08-15 00:46:49.145904+00:00,29.34823688623146
2025-08-15 00:46:49.538810+00:00,29.353387432638556
2025-08-15 00:46:50.409735+00:00,29.353387432638556
2025-08-15 00:46:52.224267+00:00,29.34823688623146
2025-08-15 00:46:55.090809+00:00,29.35853797933669
2025-08-15 00:46:55.930385+00:00,29.34823688623146
2025-08-15 00:46:57.515178+00:00,29.343086340115406
2025-08-15 00:46:59.325750+00:00,29.343086340115406
2025-08-15 00:47:01.794134+00:00,29.343086340115406
2025-08-15 00:47:02.503375+00:00,29.343086340115406
2025-08-15 00:47:07.037134+00:00,29.353387432638556
2025-08-15 00:47:08.860554+00:00,29.343086340115406
2025-08-15 00:47:10.217353+00:00,29.343086340115406
2025-08-15 00:47:10.770088+00:00,29.343086340115406
2025-08-15 00:47:11.161812+00:00,29.34823688623146
2025-08-15 00:47:11.557819+00:00,29.34823688623146
2025-08-15 00:47:11.926412+00:00,29.353387432638556
2025-08-15 00:47:14.087719+00:00,29.343086340115406
2025-08-15 00:47:14.537573+00:00,29.337935794290388
2025-08-15 00:47:19.201501+00:00,29.343086340115406
2025-08-15 00:47:19.432511+00:00,29.343086340115406
2025-08-15 00:47:20.544980+00:00,29.34823688623146
2025-08-15 00:47:21.820195+00:00,29.34823688623146
2025-08-15 00:47:23.356302+00:00,29.337935794290388
2025-08-15 00:47:26.200276+00:00,29.343086340115406
2025-08-15 00:47:26.883339+00:00,29.34823688623146
2025-08-15 00:47:28.765169+00:00,29.34823688623146
2025-08-15 00:47:30.330981+00:00,29.353387432638556
2025-08-15 00:47:30.668543+00:00,29.343086340115406
2025-08-15 00:47:31.337212+00:00,29.343086340115406
2025-08-15 00:47:31.745242+00:00,29.343086340115406
2025-08-15 00:47:32.185468+00:00,29.34823688623146
2025-08-15 00:47:32.619217+00:00,29.353387432638556
2025-08-15 00:47:33.495958+00:00,29.34823688623146
2025-08-15 00:47:35.458347+00:00,29.353387432638556
2025-08-15 00:47:36.986056+00:00,29.353387432638556
2025-08-15 00:47:38.011754+00:00,29.34823688623146
2025-08-15 00:47:38.383998+00:00,29.34823688623146
2025-08-15 00:47:38.709568+00:00,29.343086340115406
2025-08-15 00:47:41.884743+00:00,29.34823688623146
2025-08-15 00:47:42.536022+00:00,29.34823688623146
2025-08-15 00:47:43.028536+00:00,29.35853797933669
2025-08-15 00:47:46.123921+00:00,29.35853797933669
2025-08-15 00:47:49.849356+00:00,29.353387432638556
2025-08-15 00:47:51.435447+00:00,29.34823688623146
2025-08-15 00:47:51.693691+00:00,29.353387432638556
2025-08-15 00:47:52.223916+00:00,29.353387432638556
2025-08-15 00:47:52.832676+00:00,29.353387432638556
2025-08-15 00:47:54.449358+00:00,29.353387432638556
2025-08-15 00:47:57.858492+00:00,29.36368852632586
2025-08-15 00:48:01.569757+00:00,29.34823688623146
2025-08-15 00:48:02.627017+00:00,29.353387432638556
2025-08-15 00:48:03.407161+00:00,29.343086340115406
2025-08-15 00:48:03.891324+00:00,29.34823688623146
2025-08-15 00:48:04.241295+00:00,29.353387432638556
2025-08-15 00:48:06.153381+00:00,29.353387432638556
2025-08-15 00:48:09.323013+00:00,29.34823688623146
2025-08-15 00:48:09.715689+00:00,29.343086340115406
2025-08-15 00:48:11.911877+00:00,29.353387432638556
2025-08-15 00:48:12.178263+00:00,29.34823688623146
2025-08-15 00:48:12.528202+00:00,29.353387432638556
2025-08-15 00:48:13.513767+00:00,29.34823688623146
2025-08-15 00:48:16.023093+00:00,29.34823688623146
2025-08-15 00:48:18.493866+00:00,29.337935794290388
2025-08-15 00:48:22.756054+00:00,29.353387432638556
2025-08-15 00:48:23.835971+00:00,29.353387432638556
2025-08-15 00:48:24.777538+00:00,29.34823688623146
2025-08-15 00:48:25.671762+00:00,29.343086340115406
2025-08-15 00:48:27.068751+00:00,29.343086340115406
2025-08-15 00:48:27.216199+00:00,29.34823688623146
2025-08-15 00:48:27.643457+00:00,29.353387432638556
2025-08-15 00:48:28.020419+00:00,29.35853797933669
2025-08-15 00:48:28.269003+00:00,29.34823688623146
2025-08-15 00:48:28.764008+00:00,29.353387432638556
2025-08-15 00:48:29.128208+00:00,29.343086340115406
2025-08-15 00:48:30.478006+00:00,29.353387432638556
2025-08-15 00:48:35.198780+00:00,29.34823688623146
2025-08-15 00:48:35.478154+00:00,29.353387432638556
2025-08-15 00:48:35.984229+00:00,29.343086340115406
2025-08-15 00:48:37.817918+00:00,29.353387432638556
2025-08-15 00:48:39.633083+00:00,29.35853797933669
2025-08-15 00:48:40.495277+00:00,29.353387432638556
2025-08-15 00:48:41.629613+00:00,29.34823688623146
2025-08-15 00:48:42.131771+00:00,29.34823688623146
2025-08-15 00:48:43.653574+00:00,29.34823688623146
2025-08-15 00:48:44.015993+00:00,29.34823688623146
2025-08-15 00:48:44.726034+00:00,29.34823688623146
2025-08-15 00:48:45.557381+00:00,29.343086340115406
2025-08-15 00:48:47.188740+00:00,29.343086340115406
2025-08-15 00:48:49.459126+00:00,29.35853797933669
2025-08-15 00:48:50.128415+00:00,29.353387432638556
2025-08-15 00:48:50.436149+00:00,29.353387432638556
2025-08-15 00:48:50.645245+00:00,29.35853797933669
2025-08-15 00:48:52.483128+00:00,29.34823688623146
2025-08-15 00:48:56.197834+00:00,29.343086340115406
2025-08-15 00:48:58.884487+00:00,29.353387432638556
2025-08-15 00:49:02.122525+00:00,29.34823688623146
2025-08-15 00:49:03.440581+00:00,29.353387432638556
2025-08-15 00:49:07.958803+00:00,29.343086340115406
2025-08-15 00:49:10.257522+00:00,29.353387432638556
2025-08-15 00:49:14.142394+00:00,29.353387432638556
2025-08-15 00:49:15.219189+00:00,29.343086340115406
2025-08-15 00:49:18.980329+00:00,29.343086340115406
2025-08-15 00:49:19.430543+00:00,29.343086340115406
2025-08-15 00:49:20.933552+00:00,29.337935794290388
2025-08-15 00:49:21.485115+00:00,29.337935794290388
2025-08-15 00:49:21.734745+00:00,29.343086340115406
2025-08-15 00:49:22.977025+00:00,29.337935794290388
2025-08-15 00:49:26.735221+00:00,29.343086340115406
2025-08-15 00:49:33.313476+00:00,29.327634703513468
2025-08-15 00:49:35.708836+00:00,29.337935794290388
2025-08-15 00:49:37.881977+00:00,29.33278524875641
2025-08-15 00:49:38.700662+00:00,29.33278524875641
2025-08-15 00:49:39.741055+00:00,29.327634703513468
2025-08-15 00:49:40.224083+00:00,29.327634703513468
2025-08-15 00:49:41.142074+00:00,29.33278524875641
2025-08-15 00:49:42.472336+00:00,29.343086340115406
2025-08-15 00:49:44.187811+00:00,29.33278524875641
2025-08-15 00:49:46.870329+00:00,29.33278524875641
2025-08-15 00:49:47.292739+00:00,29.33278524875641
2025-08-15 00:49:47.626584+00:00,29.33278524875641
2025-08-15 00:49:52.029959+00:00,29.327634703513468
2025-08-15 00:49:52.376324+00:00,29.327634703513468
2025-08-15 00:49:52.601438+00:00,29.33278524875641
2025-08-15 00:49:53.726151+00:00,29.327634703513468
2025-08-15 00:49:54.045232+00:00,29.327634703513468
2025-08-15 00:49:54.501308+00:00,29.322484158561565
2025-08-15 00:49:56.794947+00:00,29.33278524875641
2025-08-15 00:49:59.283515+00:00,29.322484158561565
2025-08-15 00:50:05.050711+00:00,29.33278524875641
2025-08-15 00:50:05.372295+00:00,29.327634703513468
2025-08-15 00:50:05.866813+00:00,29.322484158561565
2025-08-15 00:50:06.919860+00:00,29.327634703513468
2025-08-15 00:50:12.421300+00:00,29.322484158561565
2025-08-15 00:50:13.032517+00:00,29.33278524875641
2025-08-15 00:50:13.513078+00:00,29.322484158561565
2025-08-15 00:50:14.218530+00:00,29.322484158561565
2025-08-15 00:50:14.622909+00:00,29.327634703513468
2025-08-15 00:50:15.039037+00:00,29.312183069530874
2025-08-15 00:50:23.163532+00:00,29.322484158561565
2025-08-15 00:50:26.487263+00:00,29.327634703513468
2025-08-15 00:50:27.199081+00:00,29.322484158561565
2025-08-15 00:50:31.370994+00:00,29.312183069530874
2025-08-15 00:50:31.828735+00:00,29.322484158561565
2025-08-15 00:50:32.847917+00:00,29.322484158561565
2025-08-15 00:50:33.220054+00:00,29.33278524875641
2025-08-15 00:50:35.888160+00:00,29.327634703513468
2025-08-15 00:50:36.844984+00:00,29.33278524875641
2025-08-15 00:50:37.193559+00:00,29.33278524875641
2025-08-15 00:50:37.610930+00:00,29.33278524875641
2025-08-15 00:50:38.036027+00:00,29.33278524875641
2025-08-15 00:50:38.611342+00:00,29.33278524875641
2025-08-15 00:50:39.678398+00:00,29.322484158561565
2025-08-15 00:50:41.252017+00:00,29.33278524875641
2025-08-15 00:50:42.456567+00:00,29.322484158561565
2025-08-15 00:50:43.677596+00:00,29.33278524875641
2025-08-15 00:50:44.162403+00:00,29.33278524875641
2025-08-15 00:50:46.679992+00:00,29.327634703513468
2025-08-15 00:50:50.107954+00:00,29.337935794290388
2025-08-15 00:50:50.997467+00:00,29.322484158561565
2025-08-15 00:50:51.391544+00:00,29.33278524875641
2025-08-15 00:50:51.884574+00:00,29.33278524875641
2025-08-15 00:50:52.343622+00:00,29.33278524875641
2025-08-15 00:50:52.589288+00:00,29.337935794290388
2025-08-15 00:50:53.097132+00:00,29.337935794290388
2025-08-15 00:50:53.630755+00:00,29.337935794290388
2025-08-15 00:50:53.858263+00:00,29.33278524875641
2025-08-15 00:50:54.075763+00:00,29.33278524875641
2025-08-15 00:50:55.142596+00:00,29.327634703513468
2025-08-15 00:50:55.370433+00:00,29.33278524875641
2025-08-15 00:50:56.250153+00:00,29.322484158561565
2025-08-15 00:50:57.863529+00:00,29.33278524875641
2025-08-15 00:50:59.324506+00:00,29.327634703513468
2025-08-15 00:51:02.020142+00:00,29.343086340115406
2025-08-15 00:51:05.444995+00:00,29.322484158561565
2025-08-15 00:51:06.741596+00:00,29.33278524875641
2025-08-15 00:51:09.412415+00:00,29.327634703513468
2025-08-15 00:51:13.760212+00:00,29.343086340115406
2025-08-15 00:51:15.006373+00:00,29.34823688623146
2025-08-15 00:51:15.352304+00:00,29.343086340115406
2025-08-15 00:51:16.056382+00:00,29.343086340115406
2025-08-15 00:51:17.236396+00:00,29.33278524875641
2025-08-15 00:51:17.596942+00:00,29.343086340115406
2025-08-15 00:51:17.964171+00:00,29.343086340115406
2025-08-15 00:51:18.403290+00:00,29.34823688623146
2025-08-15 00:51:19.057293+00:00,29.33278524875641
2025-08-15 00:51:20.412188+00:00,29.33278524875641
2025-08-15 00:51:23.129360+00:00,29.327634703513468
2025-08-15 00:51:23.373988+00:00,29.343086340115406
2025-08-15 00:51:23.631367+00:00,29.343086340115406
2025-08-15 00:51:26.200568+00:00,29.337935794290388
2025-08-15 00:51:27.081729+00:00,29.337935794290388
2025-08-15 00:51:27.323186+00:00,29.33278524875641
2025-08-15 00:51:27.525001+00:00,29.343086340115406
2025-08-15 00:51:30.253289+00:00,29.33278524875641
2025-08-15 00:51:32.832499+00:00,29.33278524875641
2025-08-15 00:51:34.775079+00:00,29.33278524875641
2025-08-15 00:51:35.444634+00:00,29.337935794290388
2025-08-15 00:51:37.557528+00:00,29.337935794290388
2025-08-15 00:51:37.940779+00:00,29.33278524875641
2025-08-15 00:51:38.150651+00:00,29.337935794290388
2025-08-15 00:51:38.338309+00:00,29.343086340115406
2025-08-15 00:51:38.702227+00:00,29.34823688623146
2025-08-15 00:51:39.179141+00:00,29.34823688623146
2025-08-15 00:51:41.414658+00:00,29.33278524875641
2025-08-15 00:51:42.514790+00:00,29.33278524875641
2025-08-15 00:51:42.923730+00:00,29.343086340115406
2025-08-15 00:51:43.248204+00:00,29.337935794290388
2025-08-15 00:51:44.034882+00:00,29.33278524875641
2025-08-15 00:51:44.714511+00:00,29.337935794290388
2025-08-15 00:51:48.687805+00:00,29.337935794290388
2025-08-15 00:51:49.157415+00:00,29.33278524875641
2025-08-15 00:51:49.691685+00:00,29.327634703513468
2025-08-15 00:51:51.400767+00:00,29.327634703513468
2025-08-15 00:51:51.658592+00:00,29.33278524875641
2025-08-15 00:51:52.102702+00:00,29.33278524875641
2025-08-15 00:51:52.338395+00:00,29.343086340115406
2025-08-15 00:51:52.690529+00:00,29.34823688623146
2025-08-15 00:51:53.407076+00:00,29.337935794290388
2025-08-15 00:51:54.426079+00:00,29.337935794290388
2025-08-15 00:51:55.126462+00:00,29.337935794290388
2025-08-15 00:51:55.671736+00:00,29.327634703513468
2025-08-15 00:51:55.957356+00:00,29.33278524875641
2025-08-15 00:51:59.847724+00:00,29.327634703513468
2025-08-15 00:52:02.142381+00:00,29.322484158561565
2025-08-15 00:52:07.344703+00:00,29.327634703513468
2025-08-15 00:52:12.147773+00:00,29.337935794290388
2025-08-15 00:52:14.179210+00:00,29.327634703513468
2025-08-15 00:52:16.093508+00:00,29.327634703513468
2025-08-15 00:52:19.157038+00:00,29.327634703513468
2025-08-15 00:52:20.929335+00:00,29.327634703513468
2025-08-15 00:52:22.098696+00:00,29.327634703513468
2025-08-15 00:52:23.785579+00:00,29.33278524875641
2025-08-15 00:52:24.245698+00:00,29.322484158561565
2025-08-15 00:52:25.121303+00:00,29.33278524875641
2025-08-15 00:52:25.741098+00:00,29.337935794290388
2025-08-15 00:52:28.340477+00:00,29.33278524875641
2025-08-15 00:52:29.072379+00:00,29.327634703513468
2025-08-15 00:52:29.591529+00:00,29.327634703513468
2025-08-15 00:52:29.931876+00:00,29.327634703513468
2025-08-15 00:52:31.889356+00:00,29.322484158561565
2025-08-15 00:52:32.423824+00:00,29.33278524875641
2025-08-15 00:52:34.778333+00:00,29.322484158561565
2025-08-15 00:52:34.878787+00:00,29.312183069530874
2025-08-15 00:52:35.114552+00:00,29.337935794290388
2025-08-15 00:52:35.548414+00:00,29.33278524875641
2025-08-15 00:52:35.806760+00:00,29.337935794290388
2025-08-15 00:52:36.348679+00:00,29.33278524875641
2025-08-15 00:52:36.959376+00:00,29.327634703513468
2025-08-15 00:52:37.636124+00:00,29.33278524875641
2025-08-15 00:52:39.089724+00:00,29.322484158561565
2025-08-15 00:52:39.557892+00:00,29.327634703513468
2025-08-15 00:52:40.353362+00:00,29.327634703513468
2025-08-15 00:52:41.262875+00:00,29.322484158561565
2025-08-15 00:52:41.781442+00:00,29.337935794290388
2025-08-15 00:52:42.154648+00:00,29.33278524875641
2025-08-15 00:52:42.902356+00:00,29.322484158561565
2025-08-15 00:52:43.378054+00:00,29.322484158561565
2025-08-15 00:52:44.321521+00:00,29.33278524875641
2025-08-15 00:52:46.969455+00:00,29.322484158561565
2025-08-15 00:52:48.083554+00:00,29.3173336139007
2025-08-15 00:52:48.590554+00:00,29.327634703513468
2025-08-15 00:52:48.966783+00:00,29.33278524875641
2025-08-15 00:52:49.927118+00:00,29.322484158561565
2025-08-15 00:52:51.031264+00:00,29.327634703513468
2025-08-15 00:52:52.783749+00:00,29.33278524875641
2025-08-15 00:52:54.097050+00:00,29.322484158561565
2025-08-15 00:52:54.665290+00:00,29.33278524875641
2025-08-15 00:52:55.421547+00:00,29.33278524875641
2025-08-15 00:52:56.569831+00:00,29.327634703513468
2025-08-15 00:52:56.848070+00:00,29.327634703513468
2025-08-15 00:52:57.673538+00:00,29.33278524875641
2025-08-15 00:52:58.184782+00:00,29.327634703513468
2025-08-15 00:52:59.385246+00:00,29.322484158561565
2025-08-15 00:53:12.865454+00:00,29.3173336139007
2025-08-15 00:53:19.460937+00:00,29.322484158561565
2025-08-15 00:53:20.904878+00:00,29.322484158561565
2025-08-15 00:53:21.590903+00:00,29.322484158561565
2025-08-15 00:53:25.220699+00:00,29.3173336139007
2025-08-15 00:53:25.788484+00:00,29.322484158561565
2025-08-15 00:53:27.214734+00:00,29.3173336139007
2025-08-15 00:53:29.904972+00:00,29.3173336139007
2025-08-15 00:53:32.326244+00:00,29.322484158561565
2025-08-15 00:53:34.187068+00:00,29.322484158561565
2025-08-15 00:53:35.410265+00:00,29.3173336139007
2025-08-15 00:53:36.854186+00:00,29.33278524875641
2025-08-15 00:53:38.230898+00:00,29.3173336139007
2025-08-15 00:53:38.549727+00:00,29.327634703513468
2025-08-15 00:53:38.803593+00:00,29.322484158561565
2025-08-15 00:53:39.878235+00:00,29.322484158561565
2025-08-15 00:53:40.897987+00:00,29.312183069530874
2025-08-15 00:53:43.781766+00:00,29.322484158561565
2025-08-15 00:53:44.708029+00:00,29.322484158561565
2025-08-15 00:53:45.848930+00:00,29.3173336139007
2025-08-15 00:53:47.670757+00:00,29.3173336139007
2025-08-15 00:53:49.160980+00:00,29.312183069530874
2025-08-15 00:53:49.493327+00:00,29.33278524875641
2025-08-15 00:53:49.902846+00:00,29.322484158561565
2025-08-15 00:53:51.763356+00:00,29.322484158561565
2025-08-15 00:53:53.019683+00:00,29.327634703513468
2025-08-15 00:53:55.442860+00:00,29.33278524875641
2025-08-15 00:53:56.085649+00:00,29.327634703513468
2025-08-15 00:53:57.774187+00:00,29.33278524875641
2025-08-15 00:53:58.210803+00:00,29.33278524875641
2025-08-15 00:53:59.886298+00:00,29.337935794290388
2025-08-15 00:54:00.964416+00:00,29.322484158561565
2025-08-15 00:54:01.349711+00:00,29.33278524875641
2025-08-15 00:54:01.860636+00:00,29.33278524875641
2025-08-15 00:54:02.746310+00:00,29.33278524875641
2025-08-15 00:54:04.441350+00:00,29.337935794290388
2025-08-15 00:54:13.125481+00:00,29.327634703513468
2025-08-15 00:54:19.288155+00:00,29.322484158561565
2025-08-15 00:54:19.648416+00:00,29.327634703513468
2025-08-15 00:54:20.337755+00:00,29.33278524875641
2025-08-15 00:54:22.435315+00:00,29.327634703513468
2025-08-15 00:54:22.752537+00:00,29.327634703513468
2025-08-15 00:54:23.447472+00:00,29.33278524875641
2025-08-15 00:54:24.113809+00:00,29.33278524875641
2025-08-15 00:54:27.503383+00:00,29.3173336139007
2025-08-15 00:54:27.754788+00:00,29.33278524875641
2025-08-15 00:54:27.920264+00:00,29.327634703513468
2025-08-15 00:54:28.192527+00:00,29.327634703513468
2025-08-15 00:54:28.354050+00:00,29.33278524875641
2025-08-15 00:54:31.432588+00:00,29.33278524875641
2025-08-15 00:54:32.390216+00:00,29.327634703513468
2025-08-15 00:54:35.148026+00:00,29.322484158561565
2025-08-15 00:54:35.548499+00:00,29.3173336139007
2025-08-15 00:54:35.707189+00:00,29.322484158561565
2025-08-15 00:54:36.061904+00:00,29.3173336139007
2025-08-15 00:54:37.519519+00:00,29.3173336139007
2025-08-15 00:54:37.721282+00:00,29.322484158561565
2025-08-15 00:54:37.945865+00:00,29.3173336139007
2025-08-15 00:54:38.824434+00:00,29.322484158561565
2025-08-15 00:54:39.200463+00:00,29.3173336139007
2025-08-15 00:54:39.591677+00:00,29.307032525452087
2025-08-15 00:54:40.856004+00:00,29.322484158561565
2025-08-15 00:54:41.457541+00:00,29.322484158561565
2025-08-15 00:54:43.404423+00:00,29.312183069530874
2025-08-15 00:54:44.204364+00:00,29.322484158561565
2025-08-15 00:54:44.498478+00:00,29.327634703513468
2025-08-15 00:54:46.405658+00:00,29.327634703513468
2025-08-15 00:54:47.662869+00:00,29.322484158561565
2025-08-15 00:54:48.850884+00:00,29.322484158561565
2025-08-15 00:54:51.205183+00:00,29.322484158561565
2025-08-15 00:54:52.995856+00:00,29.327634703513468
2025-08-15 00:54:55.825817+00:00,29.322484158561565
2025-08-15 00:54:58.278958+00:00,29.327634703513468
2025-08-15 00:54:58.556736+00:00,29.322484158561565
2025-08-15 00:54:59.099707+00:00,29.322484158561565
2025-08-15 00:54:59.417411+00:00,29.327634703513468
2025-08-15 00:55:03.163833+00:00,29.312183069530874
2025-08-15 00:55:03.562414+00:00,29.3173336139007
2025-08-15 00:55:05.832346+00:00,29.327634703513468
2025-08-15 00:55:06.220774+00:00,29.322484158561565
2025-08-15 00:55:07.170403+00:00,29.3173336139007
2025-08-15 00:55:10.239982+00:00,29.327634703513468
2025-08-15 00:55:13.072792+00:00,29.322484158561565
2025-08-15 00:55:14.698124+00:00,29.322484158561565
2025-08-15 00:55:18.763801+00:00,29.312183069530874
2025-08-15 00:55:22.455190+00:00,29.322484158561565
2025-08-15 00:55:24.738058+00:00,29.3173336139007
2025-08-15 00:55:26.146909+00:00,29.322484158561565
2025-08-15 00:55:27.996842+00:00,29.3173336139007
2025-08-15 00:55:36.479999+00:00,29.3173336139007
2025-08-15 00:55:36.926312+00:00,29.322484158561565
2025-08-15 00:55:37.484866+00:00,29.322484158561565
2025-08-15 00:55:42.295721+00:00,29.322484158561565
2025-08-15 00:55:43.504681+00:00,29.322484158561565
2025-08-15 00:55:44.744439+00:00,29.3173336139007
2025-08-15 00:55:45.493131+00:00,29.322484158561565
2025-08-15 00:55:45.842344+00:00,29.322484158561565
2025-08-15 00:55:46.585513+00:00,29.322484158561565
2025-08-15 00:55:48.346551+00:00,29.3173336139007
2025-08-15 00:55:53.438483+00:00,29.3173336139007
2025-08-15 00:55:54.106817+00:00,29.322484158561565
2025-08-15 00:55:55.559728+00:00,29.3173336139007
2025-08-15 00:55:57.749564+00:00,29.3173336139007
2025-08-15 00:56:00.639271+00:00,29.312183069530874
2025-08-15 00:56:03.328703+00:00,29.327634703513468
2025-08-15 00:56:03.930388+00:00,29.3173336139007
2025-08-15 00:56:04.294571+00:00,29.327634703513468
2025-08-15 00:56:04.866035+00:00,29.322484158561565
2025-08-15 00:56:06.694379+00:00,29.3173336139007
2025-08-15 00:56:08.102723+00:00,29.3173336139007
2025-08-15 00:56:11.153846+00:00,29.3173336139007
2025-08-15 00:56:16.254206+00:00,29.3173336139007
2025-08-15 00:56:19.581108+00:00,29.3173336139007
2025-08-15 00:56:20.308358+00:00,29.307032525452087
2025-08-15 00:56:21.602553+00:00,29.312183069530874
2025-08-15 00:56:24.644231+00:00,29.312183069530874
2025-08-15 00:56:27.600496+00:00,29.307032525452087
2025-08-15 00:56:29.159903+00:00,29.3173336139007
2025-08-15 00:56:32.452215+00:00,29.312183069530874
2025-08-15 00:56:34.292986+00:00,29.312183069530874
2025-08-15 00:56:35.889976+00:00,29.307032525452087
2025-08-15 00:56:36.976181+00:00,29.312183069530874
2025-08-15 00:56:39.148337+00:00,29.312183069530874
2025-08-15 00:56:39.759115+00:00,29.3173336139007
2025-08-15 00:56:40.759311+00:00,29.322484158561565
2025-08-15 00:56:43.058285+00:00,29.322484158561565
2025-08-15 00:56:43.843172+00:00,29.312183069530874
2025-08-15 00:56:44.583276+00:00,29.3173336139007
2025-08-15 00:56:45.643658+00:00,29.322484158561565
2025-08-15 00:56:47.287211+00:00,29.312183069530874
2025-08-15 00:56:48.157337+00:00,29.3173336139007
2025-08-15 00:56:51.054115+00:00,29.312183069530874
2025-08-15 00:56:51.537993+00:00,29.3173336139007
2025-08-15 00:56:54.300883+00:00,29.322484158561565
2025-08-15 00:56:55.665406+00:00,29.322484158561565
2025-08-15 00:56:56.241677+00:00,29.33278524875641
2025-08-15 00:56:57.816996+00:00,29.322484158561565
2025-08-15 00:57:00.170629+00:00,29.322484158561565
2025-08-15 00:57:02.827663+00:00,29.327634703513468
2025-08-15 00:57:06.427045+00:00,29.322484158561565
2025-08-15 00:57:07.644358+00:00,29.3173336139007
2025-08-15 00:57:12.908758+00:00,29.322484158561565
2025-08-15 00:57:17.055556+00:00,29.322484158561565
2025-08-15 00:57:22.678348+00:00,29.312183069530874
2025-08-15 00:57:22.988803+00:00,29.312183069530874
2025-08-15 00:57:24.608990+00:00,29.312183069530874
2025-08-15 00:57:26.080194+00:00,29.307032525452087
2025-08-15 00:57:28.360659+00:00,29.312183069530874
2025-08-15 00:57:29.589679+00:00,29.3173336139007
2025-08-15 00:57:30.566514+00:00,29.312183069530874
2025-08-15 00:57:31.201274+00:00,29.312183069530874
2025-08-15 00:57:31.860927+00:00,29.312183069530874
2025-08-15 00:57:33.217870+00:00,29.3173336139007
2025-08-15 00:57:34.567796+00:00,29.312183069530874
2025-08-15 00:57:38.683894+00:00,29.3173336139007
2025-08-15 00:57:38.895964+00:00,29.3173336139007
2025-08-15 00:57:39.099217+00:00,29.312183069530874
2025-08-15 00:57:39.571655+00:00,29.312183069530874
2025-08-15 00:57:41.366697+00:00,29.312183069530874
2025-08-15 00:57:43.222908+00:00,29.307032525452087
2025-08-15 00:57:44.785866+00:00,29.307032525452087
2025-08-15 00:57:46.202476+00:00,29.312183069530874
2025-08-15 00:57:50.374763+00:00,29.307032525452087
2025-08-15 00:57:51.275939+00:00,29.312183069530874
2025-08-15 00:57:52.057912+00:00,29.307032525452087
2025-08-15 00:57:52.641772+00:00,29.307032525452087
2025-08-15 00:57:53.183209+00:00,29.312183069530874
2025-08-15 00:57:54.250884+00:00,29.307032525452087
2025-08-15 00:57:55.281350+00:00,29.301881981664337
2025-08-15 00:57:55.740799+00:00,29.301881981664337
2025-08-15 00:57:56.474587+00:00,29.301881981664337
2025-08-15 00:57:58.456917+00:00,29.301881981664337
2025-08-15 00:57:59.365902+00:00,29.296731438167626
2025-08-15 00:57:59.691572+00:00,29.307032525452087
2025-08-15 00:57:59.909437+00:00,29.312183069530874
2025-08-15 00:58:07.654816+00:00,29.307032525452087
2025-08-15 00:58:08.176822+00:00,29.307032525452087
2025-08-15 00:58:08.533438+00:00,29.307032525452087
2025-08-15 00:58:09.078546+00:00,29.322484158561565
2025-08-15 00:58:13.956571+00:00,29.307032525452087
2025-08-15 00:58:16.417508+00:00,29.312183069530874
2025-08-15 00:58:16.864288+00:00,29.301881981664337
2025-08-15 00:58:17.466970+00:00,29.312183069530874
2025-08-15 00:58:17.835207+00:00,29.3173336139007
2025-08-15 00:58:18.181046+00:00,29.312183069530874
2025-08-15 00:58:20.255472+00:00,29.307032525452087
2025-08-15 00:58:21.230533+00:00,29.307032525452087
2025-08-15 00:58:23.951165+00:00,29.3173336139007
2025-08-15 00:58:25.074940+00:00,29.312183069530874
2025-08-15 00:58:25.330339+00:00,29.307032525452087
2025-08-15 00:58:25.790989+00:00,29.307032525452087
2025-08-15 00:58:26.082680+00:00,29.312183069530874
2025-08-15 00:58:26.306945+00:00,29.307032525452087
2025-08-15 00:58:28.407430+00:00,29.307032525452087
2025-08-15 00:58:29.098827+00:00,29.307032525452087
2025-08-15 00:58:29.526413+00:00,29.307032525452087
2025-08-15 00:58:29.899571+00:00,29.307032525452087
2025-08-15 00:58:32.883050+00:00,29.307032525452087
2025-08-15 00:58:38.040346+00:00,29.312183069530874
2025-08-15 00:58:43.094650+00:00,29.301881981664337
2025-08-15 00:58:43.373725+00:00,29.301881981664337
2025-08-15 00:58:43.553827+00:00,29.312183069530874
2025-08-15 00:58:43.797139+00:00,29.301881981664337
2025-08-15 00:58:44.348945+00:00,29.291580894961953
2025-08-15 00:58:50.502785+00:00,29.301881981664337
2025-08-15 00:58:56.184649+00:00,29.301881981664337
2025-08-15 00:58:56.559165+00:00,29.291580894961953
2025-08-15 00:58:58.489789+00:00,29.296731438167626
2025-08-15 00:58:58.705704+00:00,29.3173336139007
2025-08-15 00:58:59.173928+00:00,29.307032525452087
2025-08-15 00:59:03.941459+00:00,29.301881981664337
2025-08-15 00:59:04.458510+00:00,29.312183069530874
2025-08-15 00:59:07.385753+00:00,29.301881981664337
2025-08-15 00:59:07.877665+00:00,29.296731438167626
2025-08-15 00:59:10.380225+00:00,29.301881981664337
2025-08-15 00:59:13.173998+00:00,29.296731438167626
2025-08-15 00:59:13.665699+00:00,29.296731438167626
2025-08-15 00:59:14.240285+00:00,29.301881981664337
2025-08-15 00:59:14.494526+00:00,29.301881981664337
2025-08-15 00:59:16.138953+00:00,29.307032525452087
2025-08-15 00:59:19.464664+00:00,29.301881981664337
2025-08-15 00:59:20.897058+00:00,29.291580894961953
2025-08-15 00:59:23.623012+00:00,29.291580894961953
2025-08-15 00:59:26.945244+00:00,29.296731438167626
2025-08-15 00:59:27.213936+00:00,29.296731438167626
2025-08-15 00:59:27.579042+00:00,29.301881981664337
2025-08-15 00:59:28.932211+00:00,29.301881981664337
2025-08-15 00:59:29.159335+00:00,29.312183069530874
2025-08-15 00:59:30.723528+00:00,29.307032525452087
2025-08-15 00:59:31.082061+00:00,29.301881981664337
2025-08-15 00:59:33.962185+00:00,29.296731438167626
2025-08-15 00:59:34.505462+00:00,29.301881981664337
2025-08-15 00:59:36.001869+00:00,29.301881981664337
2025-08-15 00:59:37.221302+00:00,29.291580894961953
2025-08-15 00:59:37.997503+00:00,29.301881981664337
2025-08-15 00:59:38.989935+00:00,29.301881981664337
2025-08-15 00:59:40.562940+00:00,29.296731438167626
2025-08-15 00:59:41.054336+00:00,29.296731438167626
2025-08-15 00:59:41.271884+00:00,29.307032525452087
2025-08-15 00:59:41.991451+00:00,29.301881981664337
2025-08-15 00:59:43.254847+00:00,29.301881981664337
2025-08-15 00:59:44.900695+00:00,29.291580894961953
2025-08-15 00:59:46.106839+00:00,29.296731438167626
2025-08-15 00:59:48.072892+00:00,29.307032525452087
2025-08-15 00:59:49.262832+00:00,29.301881981664337
2025-08-15 00:59:49.624639+00:00,29.301881981664337
2025-08-15 00:59:52.092949+00:00,29.301881981664337
2025-08-15 00:59:52.635981+00:00,29.301881981664337
2025-08-15 00:59:54.166353+00:00,29.307032525452087
2025-08-15 00:59:56.231528+00:00,29.307032525452087
2025-08-15 00:59:57.070933+00:00,29.301881981664337
2025-08-15 00:59:57.273635+00:00,29.291580894961953
2025-08-15 00:59:58.369837+00:00,29.312183069530874
2025-08-15 00:59:59.924370+00:00,29.291580894961953
2025-08-15 01:00:03.355335+00:00,29.28643035204732
2025-08-15 01:00:08.555285+00:00,29.301881981664337
2025-08-15 01:00:12.116216+00:00,29.301881981664337
2025-08-15 01:00:14.488676+00:00,29.301881981664337
2025-08-15 01:00:16.154331+00:00,29.291580894961953
2025-08-15 01:00:16.697072+00:00,29.307032525452087
2025-08-15 01:00:17.956575+00:00,29.301881981664337
2025-08-15 01:00:18.427100+00:00,29.301881981664337
2025-08-15 01:00:19.008266+00:00,29.307032525452087
2025-08-15 01:00:19.455236+00:00,29.307032525452087
2025-08-15 01:00:19.913704+00:00,29.301881981664337
2025-08-15 01:00:20.272500+00:00,29.312183069530874
2025-08-15 01:00:20.573886+00:00,29.301881981664337
2025-08-15 01:00:20.921852+00:00,29.312183069530874
2025-08-15 01:00:23.646294+00:00,29.301881981664337
2025-08-15 01:00:33.564571+00:00,29.301881981664337
2025-08-15 01:00:34.039563+00:00,29.307032525452087
2025-08-15 01:00:34.556595+00:00,29.296731438167626
2025-08-15 01:00:36.628827+00:00,29.296731438167626
2025-08-15 01:00:37.178501+00:00,29.296731438167626
2025-08-15 01:00:37.739709+00:00,29.296731438167626
2025-08-15 01:00:42.804994+00:00,29.301881981664337
2025-08-15 01:00:44.471640+00:00,29.301881981664337
2025-08-15 01:00:48.229028+00:00,29.301881981664337
2025-08-15 01:00:49.869278+00:00,29.296731438167626
2025-08-15 01:00:50.100043+00:00,29.307032525452087
2025-08-15 01:00:50.371060+00:00,29.301881981664337
2025-08-15 01:00:50.718901+00:00,29.301881981664337
2025-08-15 01:00:51.169371+00:00,29.312183069530874
2025-08-15 01:00:53.935471+00:00,29.307032525452087
2025-08-15 01:00:54.704003+00:00,29.301881981664337
2025-08-15 01:00:55.020980+00:00,29.301881981664337
2025-08-15 01:00:55.232285+00:00,29.301881981664337
2025-08-15 01:00:58.223539+00:00,29.307032525452087
2025-08-15 01:00:58.787984+00:00,29.301881981664337
2025-08-15 01:00:59.225421+00:00,29.301881981664337
2025-08-15 01:01:00.797666+00:00,29.301881981664337
2025-08-15 01:01:03.813411+00:00,29.301881981664337
2025-08-15 01:01:08.779336+00:00,29.307032525452087
2025-08-15 01:01:10.629711+00:00,29.301881981664337
2025-08-15 01:01:11.294998+00:00,29.307032525452087
2025-08-15 01:01:11.845978+00:00,29.301881981664337
2025-08-15 01:01:12.197591+00:00,29.301881981664337
2025-08-15 01:01:13.735345+00:00,29.301881981664337
2025-08-15 01:01:18.278839+00:00,29.312183069530874
2025-08-15 01:01:20.844174+00:00,29.301881981664337
2025-08-15 01:01:23.024542+00:00,29.296731438167626
2025-08-15 01:01:23.419055+00:00,29.301881981664337
2025-08-15 01:01:24.811825+00:00,29.307032525452087
2025-08-15 01:01:26.454903+00:00,29.296731438167626
2025-08-15 01:01:27.503383+00:00,29.301881981664337
2025-08-15 01:01:28.286650+00:00,29.291580894961953
2025-08-15 01:01:29.250864+00:00,29.296731438167626
2025-08-15 01:01:35.651716+00:00,29.307032525452087
2025-08-15 01:01:38.180205+00:00,29.301881981664337
2025-08-15 01:01:38.435248+00:00,29.301881981664337
2025-08-15 01:01:38.775959+00:00,29.307032525452087
2025-08-15 01:01:39.071222+00:00,29.307032525452087
2025-08-15 01:01:39.403191+00:00,29.307032525452087
2025-08-15 01:01:40.852036+00:00,29.301881981664337
2025-08-15 01:01:41.116366+00:00,29.312183069530874
2025-08-15 01:01:41.502067+00:00,29.301881981664337
2025-08-15 01:01:42.929545+00:00,29.301881981664337
2025-08-15 01:01:43.415630+00:00,29.301881981664337
2025-08-15 01:01:43.569258+00:00,29.281279809423722
2025-08-15 01:01:43.812098+00:00,29.301881981664337
2025-08-15 01:01:44.065847+00:00,29.307032525452087
2025-08-15 01:01:44.459052+00:00,29.307032525452087
2025-08-15 01:01:44.750338+00:00,29.312183069530874
2025-08-15 01:01:45.461588+00:00,29.307032525452087
2025-08-15 01:01:50.473150+00:00,29.296731438167626
2025-08-15 01:01:54.392405+00:00,29.296731438167626
2025-08-15 01:01:54.675553+00:00,29.291580894961953
2025-08-15 01:01:54.893913+00:00,29.291580894961953
2025-08-15 01:01:55.436169+00:00,29.296731438167626
2025-08-15 01:01:55.735176+00:00,29.296731438167626
2025-08-15 01:01:56.019719+00:00,29.291580894961953
2025-08-15 01:01:56.306141+00:00,29.301881981664337
2025-08-15 01:01:56.923381+00:00,29.296731438167626
2025-08-15 01:01:57.166950+00:00,29.301881981664337
2025-08-15 01:01:58.019141+00:00,29.301881981664337
2025-08-15 01:01:59.002709+00:00,29.307032525452087
2025-08-15 01:02:01.736468+00:00,29.296731438167626
2025-08-15 01:02:02.796802+00:00,29.291580894961953
2025-08-15 01:02:03.577857+00:00,29.296731438167626
2025-08-15 01:02:06.163684+00:00,29.307032525452087
2025-08-15 01:02:06.631399+00:00,29.301881981664337
2025-08-15 01:02:08.686735+00:00,29.301881981664337
2025-08-15 01:02:12.576298+00:00,29.296731438167626
2025-08-15 01:02:14.347155+00:00,29.307032525452087
2025-08-15 01:02:16.158082+00:00,29.296731438167626
2025-08-15 01:02:16.626490+00:00,29.312183069530874
2025-08-15 01:02:18.357524+00:00,29.312183069530874
2025-08-15 01:02:18.777921+00:00,29.312183069530874
2025-08-15 01:02:20.595533+00:00,29.301881981664337
2025-08-15 01:02:20.818991+00:00,29.301881981664337
2025-08-15 01:02:21.135816+00:00,29.307032525452087
2025-08-15 01:02:21.307038+00:00,29.301881981664337
2025-08-15 01:02:21.777913+00:00,29.301881981664337
2025-08-15 01:02:23.193481+00:00,29.301881981664337
2025-08-15 01:02:25.418877+00:00,29.296731438167626
2025-08-15 01:02:26.859523+00:00,29.301881981664337
2025-08-15 01:02:28.243978+00:00,29.307032525452087
2025-08-15 01:02:28.433537+00:00,29.301881981664337
2025-08-15 01:02:29.751104+00:00,29.301881981664337
2025-08-15 01:02:39.790927+00:00,29.301881981664337
2025-08-15 01:02:40.526996+00:00,29.301881981664337
2025-08-15 01:02:42.171721+00:00,29.301881981664337
2025-08-15 01:02:42.774267+00:00,29.296731438167626
2025-08-15 01:02:43.000648+00:00,29.307032525452087
2025-08-15 01:02:43.299925+00:00,29.301881981664337
2025-08-15 01:02:44.751110+00:00,29.291580894961953
2025-08-15 01:02:47.926584+00:00,29.291580894961953
2025-08-15 01:02:48.751078+00:00,29.28643035204732
2025-08-15 01:02:50.761694+00:00,29.301881981664337
2025-08-15 01:02:51.353382+00:00,29.296731438167626
2025-08-15 01:02:51.897307+00:00,29.307032525452087
2025-08-15 01:02:52.583917+00:00,29.291580894961953
2025-08-15 01:02:53.886540+00:00,29.291580894961953
2025-08-15 01:02:56.135599+00:00,29.307032525452087
2025-08-15 01:02:57.881793+00:00,29.296731438167626
2025-08-15 01:02:59.542033+00:00,29.291580894961953
2025-08-15 01:03:01.025170+00:00,29.291580894961953
2025-08-15 01:03:01.960773+00:00,29.28643035204732
2025-08-15 01:03:02.317074+00:00,29.28643035204732
2025-08-15 01:03:03.152183+00:00,29.291580894961953
2025-08-15 01:03:04.918942+00:00,29.307032525452087
2025-08-15 01:03:09.268019+00:00,29.301881981664337
2025-08-15 01:03:13.860209+00:00,29.291580894961953
2025-08-15 01:03:14.785688+00:00,29.291580894961953
2025-08-15 01:03:15.049586+00:00,29.270978725049645
2025-08-15 01:03:19.650320+00:00,29.291580894961953
2025-08-15 01:03:21.705928+00:00,29.291580894961953
2025-08-15 01:03:24.748183+00:00,29.291580894961953
2025-08-15 01:03:26.516633+00:00,29.281279809423722
2025-08-15 01:03:27.230965+00:00,29.28643035204732
2025-08-15 01:03:27.488066+00:00,29.281279809423722
2025-08-15 01:03:28.825528+00:00,29.28643035204732
2025-08-15 01:03:29.141677+00:00,29.291580894961953
2025-08-15 01:03:29.394627+00:00,29.28643035204732
2025-08-15 01:03:29.759037+00:00,29.28643035204732
2025-08-15 01:03:31.450578+00:00,29.291580894961953
2025-08-15 01:03:35.930354+00:00,29.291580894961953
2025-08-15 01:03:40.333389+00:00,29.28643035204732
2025-08-15 01:03:40.541646+00:00,29.296731438167626
2025-08-15 01:03:40.808511+00:00,29.291580894961953
2025-08-15 01:03:41.108496+00:00,29.301881981664337
2025-08-15 01:03:41.349777+00:00,29.296731438167626
2025-08-15 01:03:41.618320+00:00,29.301881981664337
2025-08-15 01:03:42.179658+00:00,29.291580894961953
2025-08-15 01:03:44.859278+00:00,29.28643035204732
2025-08-15 01:03:45.578502+00:00,29.291580894961953
2025-08-15 01:03:49.354578+00:00,29.281279809423722
2025-08-15 01:03:50.575460+00:00,29.281279809423722
2025-08-15 01:03:50.825573+00:00,29.28643035204732
2025-08-15 01:03:51.692036+00:00,29.281279809423722
2025-08-15 01:03:54.016840+00:00,29.281279809423722
2025-08-15 01:03:55.258886+00:00,29.28643035204732
2025-08-15 01:03:56.793470+00:00,29.281279809423722
2025-08-15 01:03:57.225418+00:00,29.281279809423722
2025-08-15 01:03:57.583992+00:00,29.281279809423722
2025-08-15 01:03:57.828397+00:00,29.28643035204732
2025-08-15 01:03:59.642134+00:00,29.281279809423722
2025-08-15 01:04:01.093934+00:00,29.281279809423722
2025-08-15 01:04:02.174765+00:00,29.281279809423722
2025-08-15 01:04:02.549986+00:00,29.28643035204732
2025-08-15 01:04:03.024748+00:00,29.281279809423722
2025-08-15 01:04:03.375484+00:00,29.291580894961953
2025-08-15 01:04:06.348058+00:00,29.281279809423722
2025-08-15 01:04:06.910513+00:00,29.296731438167626
2025-08-15 01:04:07.482817+00:00,29.291580894961953
2025-08-15 01:04:07.749109+00:00,29.281279809423722
2025-08-15 01:04:08.117991+00:00,29.28643035204732
2025-08-15 01:04:08.663105+00:00,29.281279809423722
2025-08-15 01:04:09.974326+00:00,29.291580894961953
2025-08-15 01:04:11.750520+00:00,29.281279809423722
2025-08-15 01:04:14.635136+00:00,29.281279809423722
2025-08-15 01:04:19.315301+00:00,29.281279809423722
2025-08-15 01:04:21.527032+00:00,29.281279809423722
2025-08-15 01:04:22.344354+00:00,29.281279809423722
2025-08-15 01:04:24.074433+00:00,29.28643035204732
2025-08-15 01:04:26.990976+00:00,29.28643035204732
2025-08-15 01:04:29.199428+00:00,29.276129267091164
2025-08-15 01:04:31.158197+00:00,29.281279809423722
2025-08-15 01:04:32.915994+00:00,29.281279809423722
2025-08-15 01:04:33.509359+00:00,29.28643035204732
2025-08-15 01:04:33.949549+00:00,29.281279809423722
2025-08-15 01:04:34.184230+00:00,29.291580894961953
2025-08-15 01:04:36.029818+00:00,29.281279809423722
2025-08-15 01:04:36.280829+00:00,29.291580894961953
2025-08-15 01:04:36.773634+00:00,29.276129267091164
2025-08-15 01:04:37.391705+00:00,29.276129267091164
2025-08-15 01:04:42.350768+00:00,29.291580894961953
2025-08-15 01:04:42.941523+00:00,29.281279809423722
2025-08-15 01:04:43.534715+00:00,29.291580894961953
2025-08-15 01:04:44.596819+00:00,29.291580894961953
2025-08-15 01:04:47.615968+00:00,29.291580894961953
2025-08-15 01:04:50.511928+00:00,29.281279809423722
2025-08-15 01:04:51.899806+00:00,29.281279809423722
2025-08-15 01:04:52.501451+00:00,29.291580894961953
2025-08-15 01:04:53.176480+00:00,29.28643035204732
2025-08-15 01:04:57.146450+00:00,29.296731438167626
2025-08-15 01:04:59.375369+00:00,29.28643035204732
2025-08-15 01:05:00.871259+00:00,29.281279809423722
2025-08-15 01:05:09.857575+00:00,29.28643035204732
2025-08-15 01:05:22.432508+00:00,29.281279809423722
2025-08-15 01:05:22.831083+00:00,29.281279809423722
2025-08-15 01:05:26.054718+00:00,29.28643035204732
2025-08-15 01:05:27.574207+00:00,29.291580894961953
2025-08-15 01:05:29.270964+00:00,29.270978725049645
2025-08-15 01:05:32.348685+00:00,29.276129267091164
2025-08-15 01:05:39.030277+00:00,29.270978725049645
2025-08-15 01:05:39.865623+00:00,29.270978725049645
2025-08-15 01:05:45.723138+00:00,29.276129267091164
2025-08-15 01:05:49.305539+00:00,29.281279809423722
2025-08-15 01:05:50.449080+00:00,29.28643035204732
2025-08-15 01:05:50.808197+00:00,29.276129267091164
2025-08-15 01:05:52.270064+00:00,29.276129267091164
2025-08-15 01:05:53.215048+00:00,29.276129267091164
2025-08-15 01:05:53.786168+00:00,29.281279809423722
2025-08-15 01:05:54.617729+00:00,29.281279809423722
2025-08-15 01:05:57.465447+00:00,29.276129267091164
2025-08-15 01:05:57.748420+00:00,29.281279809423722
2025-08-15 01:05:57.994691+00:00,29.291580894961953
2025-08-15 01:05:58.357054+00:00,29.301881981664337
2025-08-15 01:06:01.270992+00:00,29.28643035204732
2025-08-15 01:06:03.866907+00:00,29.281279809423722
2025-08-15 01:06:05.349116+00:00,29.270978725049645
2025-08-15 01:06:06.013795+00:00,29.276129267091164
2025-08-15 01:06:06.638539+00:00,29.28643035204732
2025-08-15 01:06:10.039725+00:00,29.28643035204732
2025-08-15 01:06:14.030844+00:00,29.296731438167626
2025-08-15 01:06:17.514506+00:00,29.28643035204732
2025-08-15 01:06:17.883421+00:00,29.281279809423722
2025-08-15 01:06:18.239398+00:00,29.281279809423722
2025-08-15 01:06:18.696778+00:00,29.296731438167626
2025-08-15 01:06:19.168427+00:00,29.291580894961953
2025-08-15 01:06:19.521493+00:00,29.281279809423722
2025-08-15 01:06:22.337916+00:00,29.276129267091164
2025-08-15 01:06:24.370341+00:00,29.26067764183972
2025-08-15 01:06:26.437268+00:00,29.291580894961953
2025-08-15 01:06:27.331108+00:00,29.291580894961953
2025-08-15 01:06:28.091252+00:00,29.301881981664337
2025-08-15 01:06:28.537239+00:00,29.291580894961953
2025-08-15 01:06:29.473344+00:00,29.28643035204732
2025-08-15 01:06:32.120759+00:00,29.296731438167626
2025-08-15 01:06:35.010493+00:00,29.28643035204732
2025-08-15 01:06:36.071273+00:00,29.296731438167626
2025-08-15 01:06:36.288359+00:00,29.281279809423722
2025-08-15 01:06:36.955706+00:00,29.281279809423722
2025-08-15 01:06:37.997071+00:00,29.281279809423722
2025-08-15 01:06:39.388709+00:00,29.291580894961953
2025-08-15 01:06:40.862717+00:00,29.291580894961953
2025-08-15 01:06:42.347224+00:00,29.28643035204732
2025-08-15 01:06:45.057021+00:00,29.276129267091164
2025-08-15 01:06:49.194989+00:00,29.291580894961953
2025-08-15 01:06:50.079520+00:00,29.28643035204732
2025-08-15 01:06:52.076866+00:00,29.28643035204732
2025-08-15 01:06:52.745426+00:00,29.281279809423722
2025-08-15 01:06:55.639237+00:00,29.296731438167626
2025-08-15 01:06:55.912953+00:00,29.281279809423722
2025-08-15 01:06:57.693410+00:00,29.276129267091164
2025-08-15 01:06:57.935761+00:00,29.296731438167626
2025-08-15 01:06:58.276797+00:00,29.281279809423722
2025-08-15 01:06:58.612553+00:00,29.28643035204732
2025-08-15 01:06:59.137348+00:00,29.276129267091164
2025-08-15 01:07:01.585775+00:00,29.291580894961953
2025-08-15 01:07:03.363708+00:00,29.28643035204732
2025-08-15 01:07:03.804152+00:00,29.291580894961953
2025-08-15 01:07:04.562689+00:00,29.291580894961953
2025-08-15 01:07:09.294633+00:00,29.28643035204732
2025-08-15 01:07:11.953933+00:00,29.281279809423722
2025-08-15 01:07:13.638551+00:00,29.281279809423722
2025-08-15 01:07:13.803720+00:00,29.281279809423722
2025-08-15 01:07:14.049453+00:00,29.296731438167626
2025-08-15 01:07:14.253511+00:00,29.291580894961953
2025-08-15 01:07:14.508890+00:00,29.301881981664337
2025-08-15 01:07:16.328319+00:00,29.28643035204732
2025-08-15 01:07:19.205430+00:00,29.291580894961953
2025-08-15 01:07:20.063365+00:00,29.291580894961953
2025-08-15 01:07:21.603849+00:00,29.270978725049645
2025-08-15 01:07:24.240117+00:00,29.291580894961953
2025-08-15 01:07:24.936420+00:00,29.276129267091164
2025-08-15 01:07:26.908074+00:00,29.276129267091164
2025-08-15 01:07:28.903361+00:00,29.28643035204732
2025-08-15 01:07:29.288768+00:00,29.281279809423722
2025-08-15 01:07:30.576842+00:00,29.281279809423722
2025-08-15 01:07:32.488457+00:00,29.28643035204732
2025-08-15 01:07:33.644870+00:00,29.281279809423722
2025-08-15 01:07:33.909541+00:00,29.276129267091164
2025-08-15 01:07:34.538903+00:00,29.28643035204732
2025-08-15 01:07:35.870424+00:00,29.281279809423722
2025-08-15 01:07:37.894448+00:00,29.270978725049645
2025-08-15 01:07:40.480420+00:00,29.270978725049645
2025-08-15 01:07:41.027884+00:00,29.276129267091164
2025-08-15 01:07:41.455289+00:00,29.281279809423722
2025-08-15 01:07:43.342213+00:00,29.281279809423722
2025-08-15 01:07:44.414453+00:00,29.276129267091164
2025-08-15 01:07:45.393724+00:00,29.281279809423722
2025-08-15 01:07:48.227007+00:00,29.265828183299163
2025-08-15 01:07:48.852154+00:00,29.276129267091164
2025-08-15 01:07:53.013083+00:00,29.281279809423722
2025-08-15 01:07:53.280786+00:00,29.276129267091164
2025-08-15 01:07:53.554411+00:00,29.28643035204732
2025-08-15 01:07:55.796657+00:00,29.281279809423722
2025-08-15 01:07:57.960877+00:00,29.281279809423722
2025-08-15 01:07:58.679820+00:00,29.276129267091164
2025-08-15 01:07:59.120989+00:00,29.270978725049645
2025-08-15 01:07:59.320541+00:00,29.276129267091164
2025-08-15 01:08:00.468386+00:00,29.276129267091164
2025-08-15 01:08:02.467763+00:00,29.270978725049645
2025-08-15 01:08:03.062385+00:00,29.276129267091164
2025-08-15 01:08:04.077383+00:00,29.281279809423722
2025-08-15 01:08:06.012375+00:00,29.265828183299163
2025-08-15 01:08:09.876534+00:00,29.28643035204732
2025-08-15 01:08:12.002251+00:00,29.281279809423722
2025-08-15 01:08:12.397160+00:00,29.281279809423722
2025-08-15 01:08:12.696672+00:00,29.291580894961953
2025-08-15 01:08:12.888003+00:00,29.276129267091164
2025-08-15 01:08:13.112390+00:00,29.291580894961953
2025-08-15 01:08:13.355439+00:00,29.28643035204732
2025-08-15 01:08:13.624792+00:00,29.28643035204732
2025-08-15 01:08:14.125256+00:00,29.291580894961953
2025-08-15 01:08:14.960630+00:00,29.281279809423722
2025-08-15 01:08:17.378015+00:00,29.281279809423722
2025-08-15 01:08:19.814976+00:00,29.276129267091164
2025-08-15 01:08:20.736650+00:00,29.276129267091164
2025-08-15 01:08:21.288519+00:00,29.291580894961953
2025-08-15 01:08:23.337039+00:00,29.281279809423722
2025-08-15 01:08:26.227854+00:00,29.276129267091164
2025-08-15 01:08:27.070114+00:00,29.281279809423722
2025-08-15 01:08:27.690258+00:00,29.270978725049645
2025-08-15 01:08:28.132394+00:00,29.276129267091164
2025-08-15 01:08:30.566318+00:00,29.276129267091164
2025-08-15 01:08:30.911028+00:00,29.291580894961953
2025-08-15 01:08:31.407875+00:00,29.276129267091164
2025-08-15 01:08:34.944322+00:00,29.281279809423722
2025-08-15 01:08:35.520295+00:00,29.265828183299163
2025-08-15 01:08:35.872211+00:00,29.276129267091164
2025-08-15 01:08:39.072315+00:00,29.281279809423722
2025-08-15 01:08:40.162462+00:00,29.270978725049645
2025-08-15 01:08:41.481436+00:00,29.270978725049645
2025-08-15 01:08:43.383324+00:00,29.270978725049645
2025-08-15 01:08:44.370942+00:00,29.26067764183972
2025-08-15 01:08:44.636665+00:00,29.276129267091164
2025-08-15 01:08:44.878763+00:00,29.276129267091164
2025-08-15 01:08:45.168265+00:00,29.281279809423722
2025-08-15 01:08:50.760503+00:00,29.270978725049645
2025-08-15 01:08:51.128501+00:00,29.281279809423722
2025-08-15 01:08:51.548059+00:00,29.276129267091164
2025-08-15 01:08:52.017421+00:00,29.281279809423722
2025-08-15 01:08:54.287630+00:00,29.276129267091164
2025-08-15 01:08:54.748828+00:00,29.270978725049645
2025-08-15 01:08:56.495718+00:00,29.270978725049645
2025-08-15 01:08:56.761975+00:00,29.270978725049645
2025-08-15 01:08:56.995842+00:00,29.281279809423722
2025-08-15 01:08:57.270538+00:00,29.276129267091164
2025-08-15 01:08:58.903489+00:00,29.281279809423722
2025-08-15 01:08:59.169255+00:00,29.276129267091164
2025-08-15 01:08:59.385533+00:00,29.276129267091164
2025-08-15 01:08:59.577778+00:00,29.291580894961953
2025-08-15 01:08:59.953681+00:00,29.28643035204732
2025-08-15 01:09:05.959180+00:00,29.28643035204732
2025-08-15 01:09:06.335722+00:00,29.281279809423722
2025-08-15 01:09:06.817524+00:00,29.276129267091164
2025-08-15 01:09:09.016377+00:00,29.281279809423722
2025-08-15 01:09:10.767942+00:00,29.28643035204732
2025-08-15 01:09:11.442283+00:00,29.281279809423722
2025-08-15 01:09:12.448297+00:00,29.301881981664337
2025-08-15 01:09:12.991179+00:00,29.28643035204732
2025-08-15 01:09:13.468611+00:00,29.296731438167626
2025-08-15 01:09:13.670081+00:00,29.296731438167626
2025-08-15 01:09:13.919084+00:00,29.296731438167626
2025-08-15 01:09:14.938505+00:00,29.291580894961953
2025-08-15 01:09:22.281572+00:00,29.28643035204732
2025-08-15 01:09:23.509589+00:00,29.28643035204732
2025-08-15 01:09:23.828397+00:00,29.276129267091164
2025-08-15 01:09:24.042542+00:00,29.281279809423722
2025-08-15 01:09:24.194418+00:00,29.291580894961953
2025-08-15 01:09:24.410837+00:00,29.291580894961953
2025-08-15 01:09:26.503444+00:00,29.28643035204732
2025-08-15 01:09:29.024360+00:00,29.28643035204732
2025-08-15 01:09:29.340188+00:00,29.291580894961953
2025-08-15 01:09:29.949854+00:00,29.301881981664337
2025-08-15 01:09:31.312884+00:00,29.28643035204732
2025-08-15 01:09:31.742300+00:00,29.291580894961953
2025-08-15 01:09:32.133446+00:00,29.291580894961953
2025-08-15 01:09:32.531416+00:00,29.28643035204732
2025-08-15 01:09:34.278294+00:00,29.291580894961953
2025-08-15 01:09:36.233479+00:00,29.28643035204732
2025-08-15 01:09:36.494119+00:00,29.291580894961953
2025-08-15 01:09:36.751216+00:00,29.28643035204732
2025-08-15 01:09:37.028652+00:00,29.296731438167626
2025-08-15 01:09:37.253300+00:00,29.296731438167626
2025-08-15 01:09:38.346543+00:00,29.301881981664337
2025-08-15 01:09:39.202530+00:00,29.291580894961953
2025-08-15 01:09:39.391732+00:00,29.296731438167626
2025-08-15 01:09:40.400642+00:00,29.291580894961953
2025-08-15 01:09:41.064177+00:00,29.291580894961953
2025-08-15 01:09:41.743948+00:00,29.291580894961953
2025-08-15 01:09:42.055207+00:00,29.28643035204732
2025-08-15 01:09:42.234584+00:00,29.296731438167626
2025-08-15 01:09:43.059763+00:00,29.281279809423722
2025-08-15 01:09:44.982516+00:00,29.28643035204732
2025-08-15 01:09:47.004172+00:00,29.28643035204732
2025-08-15 01:09:49.118753+00:00,29.28643035204732
2025-08-15 01:09:50.202958+00:00,29.281279809423722
2025-08-15 01:09:50.475449+00:00,29.281279809423722
2025-08-15 01:09:54.987148+00:00,29.276129267091164
2025-08-15 01:09:56.772784+00:00,29.291580894961953
2025-08-15 01:09:59.247101+00:00,29.281279809423722
2025-08-15 01:10:00.924772+00:00,29.276129267091164
2025-08-15 01:10:01.361769+00:00,29.276129267091164
2025-08-15 01:10:03.665187+00:00,29.281279809423722
2025-08-15 01:10:04.109296+00:00,29.281279809423722
2025-08-15 01:10:04.508547+00:00,29.281279809423722
2025-08-15 01:10:06.038304+00:00,29.28643035204732
2025-08-15 01:10:08.730715+00:00,29.28643035204732
2025-08-15 01:10:09.331950+00:00,29.281279809423722
2025-08-15 01:10:09.814867+00:00,29.276129267091164
2025-08-15 01:10:12.978470+00:00,29.281279809423722
2025-08-15 01:10:14.831595+00:00,29.28643035204732
2025-08-15 01:10:15.216993+00:00,29.28643035204732
2025-08-15 01:10:15.785122+00:00,29.276129267091164
2025-08-15 01:10:19.024770+00:00,29.28643035204732
2025-08-15 01:10:21.437847+00:00,29.270978725049645
2025-08-15 01:10:26.431990+00:00,29.276129267091164
2025-08-15 01:10:30.364882+00:00,29.281279809423722
2025-08-15 01:10:30.792066+00:00,29.291580894961953
2025-08-15 01:10:33.198360+00:00,29.28643035204732
2025-08-15 01:10:35.044353+00:00,29.281279809423722
2025-08-15 01:10:39.847987+00:00,29.281279809423722
2025-08-15 01:10:40.222381+00:00,29.270978725049645
2025-08-15 01:10:40.784701+00:00,29.270978725049645
2025-08-15 01:10:41.725957+00:00,29.281279809423722
2025-08-15 01:10:44.349978+00:00,29.281279809423722
2025-08-15 01:10:46.489946+00:00,29.265828183299163
2025-08-15 01:10:46.931157+00:00,29.276129267091164
2025-08-15 01:10:47.300178+00:00,29.276129267091164
2025-08-15 01:10:47.839733+00:00,29.276129267091164
2025-08-15 01:10:48.385592+00:00,29.270978725049645
2025-08-15 01:10:50.597040+00:00,29.276129267091164
2025-08-15 01:10:51.307495+00:00,29.270978725049645
2025-08-15 01:10:51.902082+00:00,29.276129267091164
2025-08-15 01:10:53.355733+00:00,29.276129267091164
2025-08-15 01:10:54.103384+00:00,29.281279809423722
2025-08-15 01:10:57.298446+00:00,29.281279809423722
2025-08-15 01:10:57.767453+00:00,29.28643035204732
2025-08-15 01:10:58.779190+00:00,29.281279809423722
2025-08-15 01:10:59.883132+00:00,29.28643035204732
2025-08-15 01:11:02.763713+00:00,29.281279809423722
2025-08-15 01:11:03.854888+00:00,29.281279809423722
2025-08-15 01:11:07.330490+00:00,29.276129267091164
2025-08-15 01:11:11.346090+00:00,29.281279809423722
2025-08-15 01:11:11.815166+00:00,29.270978725049645
2025-08-15 01:11:13.305358+00:00,29.281279809423722
2025-08-15 01:11:13.754877+00:00,29.270978725049645
2025-08-15 01:11:14.271523+00:00,29.270978725049645
2025-08-15 01:11:14.530338+00:00,29.276129267091164
2025-08-15 01:11:16.222292+00:00,29.276129267091164
2025-08-15 01:11:17.638349+00:00,29.276129267091164
2025-08-15 01:11:19.578031+00:00,29.276129267091164
2025-08-15 01:11:19.824581+00:00,29.276129267091164
2025-08-15 01:11:20.459582+00:00,29.276129267091164
2025-08-15 01:11:23.037348+00:00,29.270978725049645
2025-08-15 01:11:23.325056+00:00,29.276129267091164
2025-08-15 01:11:23.575427+00:00,29.307032525452087
2025-08-15 01:11:24.208689+00:00,29.281279809423722
2025-08-15 01:11:24.900649+00:00,29.276129267091164
2025-08-15 01:11:25.202950+00:00,29.276129267091164
2025-08-15 01:11:27.666235+00:00,29.281279809423722
2025-08-15 01:11:28.142667+00:00,29.270978725049645
2025-08-15 01:11:30.216303+00:00,29.270978725049645
2025-08-15 01:11:35.031106+00:00,29.291580894961953
2025-08-15 01:11:35.526767+00:00,29.281279809423722
2025-08-15 01:11:36.375927+00:00,29.28643035204732
2025-08-15 01:11:37.252593+00:00,29.281279809423722
2025-08-15 01:11:38.989045+00:00,29.281279809423722
2025-08-15 01:11:39.860502+00:00,29.270978725049645
2025-08-15 01:11:41.923722+00:00,29.265828183299163
2025-08-15 01:11:43.016130+00:00,29.276129267091164
2025-08-15 01:11:43.828533+00:00,29.270978725049645
2025-08-15 01:11:44.579269+00:00,29.281279809423722
2025-08-15 01:11:49.138803+00:00,29.281279809423722
2025-08-15 01:11:49.491353+00:00,29.281279809423722
2025-08-15 01:11:49.692541+00:00,29.291580894961953
2025-08-15 01:11:49.882016+00:00,29.291580894961953
2025-08-15 01:11:50.082488+00:00,29.296731438167626
2025-08-15 01:11:50.306445+00:00,29.28643035204732
2025-08-15 01:11:51.914692+00:00,29.301881981664337
2025-08-15 01:11:52.384334+00:00,29.281279809423722
2025-08-15 01:11:56.244531+00:00,29.281279809423722
2025-08-15 01:11:56.486572+00:00,29.281279809423722
2025-08-15 01:11:57.630307+00:00,29.296731438167626
2025-08-15 01:12:05.882096+00:00,29.28643035204732
2025-08-15 01:12:07.905050+00:00,29.28643035204732
2025-08-15 01:12:09.944345+00:00,29.296731438167626
2025-08-15 01:12:11.738655+00:00,29.291580894961953
2025-08-15 01:12:14.517859+00:00,29.291580894961953
2025-08-15 01:12:15.090733+00:00,29.291580894961953
2025-08-15 01:12:15.972755+00:00,29.291580894961953
2025-08-15 01:12:22.136736+00:00,29.291580894961953
2025-08-15 01:12:22.573732+00:00,29.291580894961953
2025-08-15 01:12:24.856799+00:00,29.281279809423722
2025-08-15 01:12:25.915557+00:00,29.291580894961953
2025-08-15 01:12:26.676862+00:00,29.28643035204732
2025-08-15 01:12:27.331857+00:00,29.291580894961953
2025-08-15 01:12:28.831073+00:00,29.291580894961953
2025-08-15 01:12:29.826364+00:00,29.296731438167626
2025-08-15 01:12:31.713933+00:00,29.291580894961953
2025-08-15 01:12:35.805958+00:00,29.281279809423722
2025-08-15 01:12:36.808693+00:00,29.281279809423722
2025-08-15 01:12:37.422517+00:00,29.28643035204732
2025-08-15 01:12:37.752329+00:00,29.281279809423722
2025-08-15 01:12:38.221711+00:00,29.291580894961953
2025-08-15 01:12:40.359873+00:00,29.281279809423722
2025-08-15 01:12:42.205959+00:00,29.291580894961953
2025-08-15 01:12:42.532261+00:00,29.291580894961953
2025-08-15 01:12:43.800562+00:00,29.276129267091164
2025-08-15 01:12:46.536332+00:00,29.291580894961953
2025-08-15 01:12:49.198281+00:00,29.276129267091164
2025-08-15 01:12:50.249371+00:00,29.281279809423722
2025-08-15 01:12:51.989970+00:00,29.281279809423722
2025-08-15 01:12:54.640550+00:00,29.281279809423722
2025-08-15 01:12:54.871024+00:00,29.28643035204732
2025-08-15 01:12:55.616756+00:00,29.28643035204732
2025-08-15 01:12:56.323491+00:00,29.291580894961953
2025-08-15 01:12:56.727921+00:00,29.28643035204732
2025-08-15 01:12:57.765799+00:00,29.291580894961953
2025-08-15 01:13:01.769363+00:00,29.291580894961953
2025-08-15 01:13:02.411439+00:00,29.291580894961953
2025-08-15 01:13:04.002021+00:00,29.28643035204732
2025-08-15 01:13:06.393802+00:00,29.291580894961953
2025-08-15 01:13:07.109470+00:00,29.28643035204732
2025-08-15 01:13:07.811736+00:00,29.28643035204732
2025-08-15 01:13:08.327681+00:00,29.296731438167626
2025-08-15 01:13:08.710900+00:00,29.28643035204732
2025-08-15 01:13:18.320041+00:00,29.28643035204732
2025-08-15 01:13:19.190130+00:00,29.28643035204732
2025-08-15 01:13:19.626855+00:00,29.281279809423722
2025-08-15 01:13:20.816016+00:00,29.281279809423722
2025-08-15 01:13:22.973480+00:00,29.281279809423722
2025-08-15 01:13:25.228118+00:00,29.281279809423722
2025-08-15 01:13:26.988936+00:00,29.276129267091164
2025-08-15 01:13:28.164177+00:00,29.281279809423722
2025-08-15 01:13:29.780393+00:00,29.276129267091164
2025-08-15 01:13:36.506326+00:00,29.281279809423722
2025-08-15 01:13:37.000415+00:00,29.28643035204732
2025-08-15 01:13:37.384141+00:00,29.281279809423722
2025-08-15 01:13:37.739116+00:00,29.281279809423722
2025-08-15 01:13:39.698745+00:00,29.281279809423722
2025-08-15 01:13:40.195487+00:00,29.276129267091164
2025-08-15 01:13:40.817679+00:00,29.281279809423722
2025-08-15 01:13:41.553141+00:00,29.276129267091164
2025-08-15 01:13:42.739648+00:00,29.281279809423722
2025-08-15 01:13:47.059391+00:00,29.270978725049645
2025-08-15 01:13:49.026425+00:00,29.281279809423722
2025-08-15 01:13:49.640860+00:00,29.281279809423722
2025-08-15 01:13:50.383966+00:00,29.281279809423722
2025-08-15 01:13:50.593158+00:00,29.28643035204732
2025-08-15 01:13:50.805953+00:00,29.281279809423722
2025-08-15 01:13:51.344497+00:00,29.281279809423722
2025-08-15 01:13:51.490111+00:00,29.28643035204732
2025-08-15 01:13:52.806474+00:00,29.28643035204732
2025-08-15 01:13:53.066795+00:00,29.281279809423722
2025-08-15 01:13:53.347317+00:00,29.281279809423722
2025-08-15 01:13:53.601417+00:00,29.28643035204732
2025-08-15 01:13:53.909312+00:00,29.28643035204732
2025-08-15 01:13:54.485749+00:00,29.281279809423722
2025-08-15 01:13:56.600548+00:00,29.281279809423722
2025-08-15 01:13:57.705091+00:00,29.281279809423722
2025-08-15 01:13:58.305573+00:00,29.28643035204732
2025-08-15 01:13:59.056816+00:00,29.276129267091164
2025-08-15 01:14:02.257181+00:00,29.276129267091164
2025-08-15 01:14:05.716299+00:00,29.291580894961953
2025-08-15 01:14:10.508895+00:00,29.281279809423722
2025-08-15 01:14:12.976327+00:00,29.276129267091164
2025-08-15 01:14:13.544548+00:00,29.281279809423722
2025-08-15 01:14:15.182972+00:00,29.281279809423722
2025-08-15 01:14:22.071910+00:00,29.281279809423722
2025-08-15 01:14:23.501008+00:00,29.281279809423722
2025-08-15 01:14:24.612050+00:00,29.281279809423722
2025-08-15 01:14:25.356766+00:00,29.28643035204732
2025-08-15 01:14:26.530905+00:00,29.276129267091164
2025-08-15 01:14:26.951429+00:00,29.281279809423722
2025-08-15 01:14:27.602360+00:00,29.276129267091164
2025-08-15 01:14:28.982724+00:00,29.281279809423722
2025-08-15 01:14:29.875173+00:00,29.281279809423722
2025-08-15 01:14:31.684228+00:00,29.281279809423722
2025-08-15 01:14:33.082691+00:00,29.270978725049645
2025-08-15 01:14:33.409309+00:00,29.276129267091164
2025-08-15 01:14:34.530856+00:00,29.270978725049645
2025-08-15 01:14:35.584071+00:00,29.276129267091164
2025-08-15 01:14:40.622393+00:00,29.276129267091164
2025-08-15 01:14:41.680126+00:00,29.28643035204732
2025-08-15 01:14:43.142714+00:00,29.28643035204732
2025-08-15 01:14:43.670677+00:00,29.270978725049645
2025-08-15 01:14:46.318664+00:00,29.281279809423722
2025-08-15 01:14:48.176423+00:00,29.265828183299163
2025-08-15 01:14:50.452355+00:00,29.265828183299163
2025-08-15 01:14:51.897432+00:00,29.265828183299163
2025-08-15 01:14:52.758112+00:00,29.270978725049645
2025-08-15 01:14:53.633279+00:00,29.276129267091164
2025-08-15 01:14:55.140443+00:00,29.265828183299163
2025-08-15 01:14:55.780797+00:00,29.270978725049645
2025-08-15 01:14:57.831320+00:00,29.265828183299163
2025-08-15 01:14:59.267310+00:00,29.270978725049645
2025-08-15 01:15:02.275114+00:00,29.276129267091164
2025-08-15 01:15:02.667747+00:00,29.265828183299163
2025-08-15 01:15:03.051142+00:00,29.276129267091164
2025-08-15 01:15:03.433026+00:00,29.270978725049645
2025-08-15 01:15:18.350720+00:00,29.281279809423722
2025-08-15 01:15:22.484188+00:00,29.26067764183972
2025-08-15 01:15:23.135238+00:00,29.276129267091164
2025-08-15 01:15:23.641189+00:00,29.276129267091164
2025-08-15 01:15:25.616768+00:00,29.270978725049645
2025-08-15 01:15:28.320915+00:00,29.270978725049645
2025-08-15 01:15:29.282024+00:00,29.26067764183972
2025-08-15 01:15:29.821666+00:00,29.26067764183972
2025-08-15 01:15:30.356407+00:00,29.270978725049645
2025-08-15 01:15:31.703006+00:00,29.270978725049645
2025-08-15 01:15:35.665530+00:00,29.265828183299163
2025-08-15 01:15:38.822013+00:00,29.265828183299163
2025-08-15 01:15:39.364649+00:00,29.276129267091164
2025-08-15 01:15:40.390273+00:00,29.25037655979395
2025-08-15 01:15:41.466029+00:00,29.26067764183972
2025-08-15 01:15:42.347398+00:00,29.265828183299163
2025-08-15 01:15:45.205969+00:00,29.265828183299163
2025-08-15 01:15:46.012703+00:00,29.255527100671316
2025-08-15 01:15:47.364513+00:00,29.270978725049645
2025-08-15 01:15:47.932063+00:00,29.26067764183972
2025-08-15 01:15:49.961718+00:00,29.26067764183972
2025-08-15 01:15:50.201739+00:00,29.270978725049645
2025-08-15 01:15:50.439560+00:00,29.276129267091164
2025-08-15 01:15:50.648142+00:00,29.270978725049645
2025-08-15 01:15:50.853943+00:00,29.270978725049645
2025-08-15 01:15:52.779117+00:00,29.270978725049645
2025-08-15 01:15:53.089475+00:00,29.26067764183972
2025-08-15 01:15:54.225270+00:00,29.26067764183972
2025-08-15 01:15:56.843349+00:00,29.265828183299163
2025-08-15 01:15:57.948838+00:00,29.265828183299163
2025-08-15 01:15:58.384564+00:00,29.270978725049645
2025-08-15 01:15:59.291989+00:00,29.265828183299163
2025-08-15 01:16:01.259760+00:00,29.265828183299163
2025-08-15 01:16:03.661943+00:00,29.265828183299163
2025-08-15 01:16:05.035796+00:00,29.26067764183972
2025-08-15 01:16:05.913552+00:00,29.270978725049645
2025-08-15 01:16:08.229179+00:00,29.270978725049645
2025-08-15 01:16:09.554870+00:00,29.265828183299163
2025-08-15 01:16:11.123307+00:00,29.270978725049645
2025-08-15 01:16:16.046535+00:00,29.26067764183972
2025-08-15 01:16:16.512584+00:00,29.270978725049645
2025-08-15 01:16:18.221779+00:00,29.26067764183972
2025-08-15 01:16:18.647762+00:00,29.270978725049645
2025-08-15 01:16:19.841700+00:00,29.270978725049645
2025-08-15 01:16:21.227805+00:00,29.265828183299163
2025-08-15 01:16:24.153960+00:00,29.270978725049645
2025-08-15 01:16:24.796499+00:00,29.270978725049645
2025-08-15 01:16:26.217490+00:00,29.270978725049645
2025-08-15 01:16:26.885403+00:00,29.265828183299163
2025-08-15 01:16:27.210480+00:00,29.281279809423722
2025-08-15 01:16:28.607523+00:00,29.265828183299163
2025-08-15 01:16:28.882337+00:00,29.265828183299163
2025-08-15 01:16:33.592866+00:00,29.270978725049645
2025-08-15 01:16:34.498513+00:00,29.26067764183972
2025-08-15 01:16:34.720458+00:00,29.26067764183972
2025-08-15 01:16:34.952934+00:00,29.270978725049645
2025-08-15 01:16:37.377776+00:00,29.270978725049645
2025-08-15 01:16:40.303029+00:00,29.265828183299163
2025-08-15 01:16:41.111467+00:00,29.25037655979395
2025-08-15 01:16:41.598518+00:00,29.26067764183972
2025-08-15 01:16:41.823941+00:00,29.255527100671316
2025-08-15 01:16:42.149892+00:00,29.265828183299163
2025-08-15 01:16:42.391986+00:00,29.25037655979395
2025-08-15 01:16:42.801573+00:00,29.265828183299163
2025-08-15 01:16:43.743485+00:00,29.26067764183972
2025-08-15 01:16:44.697110+00:00,29.25037655979395
2025-08-15 01:16:45.738279+00:00,29.255527100671316
2025-08-15 01:16:46.195380+00:00,29.255527100671316
2025-08-15 01:16:47.439044+00:00,29.255527100671316
2025-08-15 01:16:48.040393+00:00,29.265828183299163
2025-08-15 01:16:52.391371+00:00,29.255527100671316
2025-08-15 01:16:53.986544+00:00,29.255527100671316
2025-08-15 01:16:54.756234+00:00,29.255527100671316
2025-08-15 01:16:55.148722+00:00,29.255527100671316
2025-08-15 01:16:55.533833+00:00,29.255527100671316
2025-08-15 01:16:56.126094+00:00,29.26067764183972
2025-08-15 01:16:57.351641+00:00,29.255527100671316
2025-08-15 01:17:03.997484+00:00,29.255527100671316
2025-08-15 01:17:07.037012+00:00,29.255527100671316
2025-08-15 01:17:14.274921+00:00,29.255527100671316
2025-08-15 01:17:16.295187+00:00,29.25037655979395
2025-08-15 01:17:17.052268+00:00,29.255527100671316
2025-08-15 01:17:17.521292+00:00,29.26067764183972
2025-08-15 01:17:18.071022+00:00,29.255527100671316
2025-08-15 01:17:23.430123+00:00,29.255527100671316
2025-08-15 01:17:25.392565+00:00,29.24522601920762
2025-08-15 01:17:25.927124+00:00,29.25037655979395
2025-08-15 01:17:26.447377+00:00,29.255527100671316
2025-08-15 01:17:26.780252+00:00,29.255527100671316
2025-08-15 01:17:27.908503+00:00,29.255527100671316
2025-08-15 01:17:29.254543+00:00,29.26067764183972
2025-08-15 01:17:30.770832+00:00,29.265828183299163
2025-08-15 01:17:31.362879+00:00,29.26067764183972
2025-08-15 01:17:32.934272+00:00,29.25037655979395
2025-08-15 01:17:35.836980+00:00,29.25037655979395
2025-08-15 01:17:36.072681+00:00,29.25037655979395
2025-08-15 01:17:39.937457+00:00,29.25037655979395
2025-08-15 01:17:40.447285+00:00,29.255527100671316
2025-08-15 01:17:41.610326+00:00,29.255527100671316
2025-08-15 01:17:45.712950+00:00,29.26067764183972
2025-08-15 01:17:48.410703+00:00,29.255527100671316
2025-08-15 01:17:50.758015+00:00,29.26067764183972
2025-08-15 01:17:51.050855+00:00,29.255527100671316
2025-08-15 01:17:51.259068+00:00,29.26067764183972
2025-08-15 01:17:51.401369+00:00,29.26067764183972
2025-08-15 01:17:53.975656+00:00,29.255527100671316
2025-08-15 01:17:54.842574+00:00,29.25037655979395
2025-08-15 01:17:55.477378+00:00,29.26067764183972
2025-08-15 01:17:55.777094+00:00,29.265828183299163
2025-08-15 01:17:58.795912+00:00,29.255527100671316
2025-08-15 01:17:59.630409+00:00,29.26067764183972
2025-08-15 01:18:00.461326+00:00,29.25037655979395
2025-08-15 01:18:01.018752+00:00,29.24522601920762
2025-08-15 01:18:01.601954+00:00,29.25037655979395
2025-08-15 01:18:02.720126+00:00,29.25037655979395
2025-08-15 01:18:10.214031+00:00,29.26067764183972
2025-08-15 01:18:10.681858+00:00,29.26067764183972
2025-08-15 01:18:12.730127+00:00,29.26067764183972
2025-08-15 01:18:20.260851+00:00,29.255527100671316
2025-08-15 01:18:20.650418+00:00,29.26067764183972
2025-08-15 01:18:20.893264+00:00,29.270978725049645
2025-08-15 01:18:21.996352+00:00,29.255527100671316
2025-08-15 01:18:22.816239+00:00,29.26067764183972
2025-08-15 01:18:23.883598+00:00,29.270978725049645
2025-08-15 01:18:24.119017+00:00,29.26067764183972
2025-08-15 01:18:24.409424+00:00,29.270978725049645
2025-08-15 01:18:24.626090+00:00,29.265828183299163
2025-08-15 01:18:26.608380+00:00,29.270978725049645
2025-08-15 01:18:26.867847+00:00,29.25037655979395
2025-08-15 01:18:30.128224+00:00,29.26067764183972
2025-08-15 01:18:31.600883+00:00,29.255527100671316
2025-08-15 01:18:34.711735+00:00,29.26067764183972
2025-08-15 01:18:35.967477+00:00,29.255527100671316
2025-08-15 01:18:36.666442+00:00,29.255527100671316
2025-08-15 01:18:39.573805+00:00,29.24522601920762
2025-08-15 01:18:40.475941+00:00,29.25037655979395
2025-08-15 01:18:43.700202+00:00,29.25037655979395
2025-08-15 01:18:44.610510+00:00,29.255527100671316
2025-08-15 01:18:46.707143+00:00,29.255527100671316
2025-08-15 01:18:47.560661+00:00,29.255527100671316
2025-08-15 01:18:48.234530+00:00,29.255527100671316
2025-08-15 01:18:50.925544+00:00,29.24522601920762
2025-08-15 01:18:51.673590+00:00,29.25037655979395
2025-08-15 01:18:52.150540+00:00,29.255527100671316
2025-08-15 01:18:52.625134+00:00,29.26067764183972
2025-08-15 01:18:56.499563+00:00,29.25037655979395
2025-08-15 01:18:58.112266+00:00,29.26067764183972
2025-08-15 01:19:00.509655+00:00,29.26067764183972
2025-08-15 01:19:01.585548+00:00,29.255527100671316
2025-08-15 01:19:02.101814+00:00,29.255527100671316
2025-08-15 01:19:05.735297+00:00,29.26067764183972
2025-08-15 01:19:06.502859+00:00,29.25037655979395
2025-08-15 01:19:09.085142+00:00,29.25037655979395
2025-08-15 01:19:10.447780+00:00,29.26067764183972
2025-08-15 01:19:11.032534+00:00,29.25037655979395
2025-08-15 01:19:13.967202+00:00,29.25037655979395
2025-08-15 01:19:22.983067+00:00,29.26067764183972
2025-08-15 01:19:23.576977+00:00,29.26067764183972
2025-08-15 01:19:24.375304+00:00,29.25037655979395
2025-08-15 01:19:24.779716+00:00,29.255527100671316
2025-08-15 01:19:25.147038+00:00,29.26067764183972
2025-08-15 01:19:25.591235+00:00,29.270978725049645
2025-08-15 01:19:26.010509+00:00,29.255527100671316
2025-08-15 01:19:26.226038+00:00,29.26067764183972
2025-08-15 01:19:26.456895+00:00,29.270978725049645
2025-08-15 01:19:27.154377+00:00,29.26067764183972
2025-08-15 01:19:33.772072+00:00,29.255527100671316
2025-08-15 01:19:37.304515+00:00,29.26067764183972
2025-08-15 01:19:38.491551+00:00,29.265828183299163
2025-08-15 01:19:39.128368+00:00,29.265828183299163
2025-08-15 01:19:40.215439+00:00,29.26067764183972
2025-08-15 01:19:41.225876+00:00,29.26067764183972
2025-08-15 01:19:41.919009+00:00,29.26067764183972
2025-08-15 01:19:42.877967+00:00,29.265828183299163
2025-08-15 01:19:44.049120+00:00,29.25037655979395
2025-08-15 01:19:44.307104+00:00,29.26067764183972
2025-08-15 01:19:45.788894+00:00,29.26067764183972
2025-08-15 01:19:47.657104+00:00,29.26067764183972
2025-08-15 01:19:50.077590+00:00,29.270978725049645
2025-08-15 01:19:50.848295+00:00,29.265828183299163
2025-08-15 01:19:52.150725+00:00,29.270978725049645
2025-08-15 01:19:52.486068+00:00,29.270978725049645
2025-08-15 01:19:52.723151+00:00,29.265828183299163
2025-08-15 01:19:54.024439+00:00,29.26067764183972
2025-08-15 01:19:56.419729+00:00,29.265828183299163
2025-08-15 01:20:01.184746+00:00,29.26067764183972
2025-08-15 01:20:04.666913+00:00,29.265828183299163
2025-08-15 01:20:07.625061+00:00,29.270978725049645
2025-08-15 01:20:07.991807+00:00,29.281279809423722
2025-08-15 01:20:08.668091+00:00,29.276129267091164
2025-08-15 01:20:09.149986+00:00,29.276129267091164
2025-08-15 01:20:09.508234+00:00,29.270978725049645
2025-08-15 01:20:12.581183+00:00,29.270978725049645
2025-08-15 01:20:16.716219+00:00,29.270978725049645
2025-08-15 01:20:19.048221+00:00,29.270978725049645
2025-08-15 01:20:20.496004+00:00,29.270978725049645
2025-08-15 01:20:27.758097+00:00,29.276129267091164
2025-08-15 01:20:28.459096+00:00,29.270978725049645
2025-08-15 01:20:28.782952+00:00,29.265828183299163
2025-08-15 01:20:29.167542+00:00,29.270978725049645
2025-08-15 01:20:31.498638+00:00,29.270978725049645
2025-08-15 01:20:38.254259+00:00,29.281279809423722
2025-08-15 01:20:43.450928+00:00,29.28643035204732
2025-08-15 01:20:45.202548+00:00,29.270978725049645
2025-08-15 01:20:46.357765+00:00,29.270978725049645
2025-08-15 01:20:46.806778+00:00,29.270978725049645
2025-08-15 01:20:47.299248+00:00,29.276129267091164
2025-08-15 01:20:48.048195+00:00,29.265828183299163
2025-08-15 01:20:49.550707+00:00,29.270978725049645
2025-08-15 01:20:51.747953+00:00,29.270978725049645
2025-08-15 01:20:52.498855+00:00,29.270978725049645
2025-08-15 01:20:53.221190+00:00,29.276129267091164
2025-08-15 01:20:54.783189+00:00,29.265828183299163
2025-08-15 01:20:55.358844+00:00,29.270978725049645
2025-08-15 01:20:58.186180+00:00,29.255527100671316
2025-08-15 01:21:01.091939+00:00,29.26067764183972
2025-08-15 01:21:02.763314+00:00,29.255527100671316
2025-08-15 01:21:05.957776+00:00,29.265828183299163
2025-08-15 01:21:07.282227+00:00,29.265828183299163
2025-08-15 01:21:09.009654+00:00,29.26067764183972
2025-08-15 01:21:10.982165+00:00,29.265828183299163
2025-08-15 01:21:11.334794+00:00,29.270978725049645
2025-08-15 01:21:12.330760+00:00,29.26067764183972
2025-08-15 01:21:13.121007+00:00,29.265828183299163
2025-08-15 01:21:13.536893+00:00,29.265828183299163
2025-08-15 01:21:19.611977+00:00,29.265828183299163
2025-08-15 01:21:20.321135+00:00,29.270978725049645
2025-08-15 01:21:21.655824+00:00,29.25037655979395
2025-08-15 01:21:21.900909+00:00,29.26067764183972
2025-08-15 01:21:27.375925+00:00,29.265828183299163
2025-08-15 01:21:28.355073+00:00,29.25037655979395
2025-08-15 01:21:31.797256+00:00,29.25037655979395
2025-08-15 01:21:33.464797+00:00,29.25037655979395
2025-08-15 01:21:33.872265+00:00,29.24522601920762
2025-08-15 01:21:34.118765+00:00,29.26067764183972
2025-08-15 01:21:35.679675+00:00,29.26067764183972
2025-08-15 01:21:38.328509+00:00,29.26067764183972
2025-08-15 01:21:39.340901+00:00,29.255527100671316
2025-08-15 01:21:41.002022+00:00,29.25037655979395
2025-08-15 01:21:41.888882+00:00,29.25037655979395
2025-08-15 01:21:42.554023+00:00,29.255527100671316
2025-08-15 01:21:43.328529+00:00,29.255527100671316
2025-08-15 01:21:44.030052+00:00,29.255527100671316
2025-08-15 01:21:45.280271+00:00,29.26067764183972
2025-08-15 01:21:49.457789+00:00,29.26067764183972
2025-08-15 01:21:51.648809+00:00,29.26067764183972
2025-08-15 01:21:53.170807+00:00,29.255527100671316
2025-08-15 01:21:55.138446+00:00,29.255527100671316
2025-08-15 01:21:56.192334+00:00,29.25037655979395
2025-08-15 01:21:58.044528+00:00,29.26067764183972
2025-08-15 01:21:59.705374+00:00,29.25037655979395
2025-08-15 01:22:00.976443+00:00,29.255527100671316
2025-08-15 01:22:03.539267+00:00,29.25037655979395
2025-08-15 01:22:05.182330+00:00,29.255527100671316
2025-08-15 01:22:06.287384+00:00,29.255527100671316
2025-08-15 01:22:10.378025+00:00,29.255527100671316
2025-08-15 01:22:11.155133+00:00,29.270978725049645
2025-08-15 01:22:11.616727+00:00,29.26067764183972
2025-08-15 01:22:12.163724+00:00,29.26067764183972
2025-08-15 01:22:13.394226+00:00,29.26067764183972
2025-08-15 01:22:13.928886+00:00,29.265828183299163
2025-08-15 01:22:14.770031+00:00,29.255527100671316
2025-08-15 01:22:17.679420+00:00,29.26067764183972
2025-08-15 01:22:19.023152+00:00,29.25037655979395
2025-08-15 01:22:19.616429+00:00,29.24522601920762
2025-08-15 01:22:21.513719+00:00,29.25037655979395
2025-08-15 01:22:21.999243+00:00,29.26067764183972
2025-08-15 01:22:23.562877+00:00,29.26067764183972
2025-08-15 01:22:24.423798+00:00,29.255527100671316
2025-08-15 01:22:24.956397+00:00,29.255527100671316
2025-08-15 01:22:25.585502+00:00,29.270978725049645
2025-08-15 01:22:26.038710+00:00,29.255527100671316
2025-08-15 01:22:26.312697+00:00,29.265828183299163
2025-08-15 01:22:27.073519+00:00,29.26067764183972
2025-08-15 01:22:31.982794+00:00,29.265828183299163
2025-08-15 01:22:32.404984+00:00,29.25037655979395
2025-08-15 01:22:32.778919+00:00,29.265828183299163
2025-08-15 01:22:33.120160+00:00,29.255527100671316
2025-08-15 01:22:33.613530+00:00,29.26067764183972
2025-08-15 01:22:34.091838+00:00,29.265828183299163
2025-08-15 01:22:34.901526+00:00,29.26067764183972
2025-08-15 01:22:35.937376+00:00,29.270978725049645
2025-08-15 01:22:37.868998+00:00,29.270978725049645
2025-08-15 01:22:38.213144+00:00,29.265828183299163
2025-08-15 01:22:38.468778+00:00,29.26067764183972
2025-08-15 01:22:38.678510+00:00,29.270978725049645
2025-08-15 01:22:39.798065+00:00,29.270978725049645
2025-08-15 01:22:40.061653+00:00,29.270978725049645
2025-08-15 01:22:40.829826+00:00,29.270978725049645
2025-08-15 01:22:41.153051+00:00,29.270978725049645
2025-08-15 01:22:41.522564+00:00,29.26067764183972
2025-08-15 01:22:41.937650+00:00,29.276129267091164
2025-08-15 01:22:42.336830+00:00,29.265828183299163
2025-08-15 01:22:42.971125+00:00,29.270978725049645
2025-08-15 01:22:43.272177+00:00,29.265828183299163
2025-08-15 01:22:43.487297+00:00,29.255527100671316
2025-08-15 01:22:43.798698+00:00,29.276129267091164
2025-08-15 01:22:48.719928+00:00,29.26067764183972
2025-08-15 01:22:49.103621+00:00,29.270978725049645
2025-08-15 01:22:49.437884+00:00,29.265828183299163
2025-08-15 01:22:51.126597+00:00,29.26067764183972
2025-08-15 01:22:51.744324+00:00,29.270978725049645
2025-08-15 01:22:52.557550+00:00,29.265828183299163
2025-08-15 01:22:54.201647+00:00,29.265828183299163
2025-08-15 01:22:55.031147+00:00,29.270978725049645
2025-08-15 01:22:55.874777+00:00,29.265828183299163
2025-08-15 01:22:56.776595+00:00,29.26067764183972
2025-08-15 01:22:58.362391+00:00,29.270978725049645
2025-08-15 01:22:58.948078+00:00,29.26067764183972
2025-08-15 01:23:05.311792+00:00,29.26067764183972
2025-08-15 01:23:06.517979+00:00,29.276129267091164
2025-08-15 01:23:07.711690+00:00,29.270978725049645
2025-08-15 01:23:08.210441+00:00,29.265828183299163
2025-08-15 01:23:09.361975+00:00,29.270978725049645
2025-08-15 01:23:10.387731+00:00,29.270978725049645
2025-08-15 01:23:14.078033+00:00,29.265828183299163
2025-08-15 01:23:14.786782+00:00,29.26067764183972
2025-08-15 01:23:19.841293+00:00,29.276129267091164
2025-08-15 01:23:20.315357+00:00,29.26067764183972
2025-08-15 01:23:20.808534+00:00,29.265828183299163
2025-08-15 01:23:22.004344+00:00,29.26067764183972
2025-08-15 01:23:25.761925+00:00,29.270978725049645
2025-08-15 01:23:26.065867+00:00,29.26067764183972
2025-08-15 01:23:26.371458+00:00,29.26067764183972
2025-08-15 01:23:28.294318+00:00,29.26067764183972
2025-08-15 01:23:30.121813+00:00,29.25037655979395
2025-08-15 01:23:35.487553+00:00,29.255527100671316
2025-08-15 01:23:36.413895+00:00,29.255527100671316
2025-08-15 01:23:39.369232+00:00,29.255527100671316
2025-08-15 01:23:41.327026+00:00,29.25037655979395
2025-08-15 01:23:46.965848+00:00,29.26067764183972
2025-08-15 01:23:47.766353+00:00,29.26067764183972
2025-08-15 01:23:48.392783+00:00,29.265828183299163
2025-08-15 01:23:48.796193+00:00,29.26067764183972
2025-08-15 01:23:49.274592+00:00,29.26067764183972
2025-08-15 01:23:49.634922+00:00,29.26067764183972
2025-08-15 01:23:51.038747+00:00,29.26067764183972
2025-08-15 01:23:54.250722+00:00,29.265828183299163
2025-08-15 01:23:55.676546+00:00,29.25037655979395
2025-08-15 01:23:56.539371+00:00,29.255527100671316
2025-08-15 01:23:57.439042+00:00,29.25037655979395
2025-08-15 01:23:58.002485+00:00,29.255527100671316
2025-08-15 01:23:59.219252+00:00,29.25037655979395
2025-08-15 01:24:00.392435+00:00,29.255527100671316
2025-08-15 01:24:02.011268+00:00,29.25037655979395
2025-08-15 01:24:05.453667+00:00,29.25037655979395
2025-08-15 01:24:14.225923+00:00,29.24007547891233
2025-08-15 01:24:14.459686+00:00,29.25037655979395
2025-08-15 01:24:14.735726+00:00,29.255527100671316
2025-08-15 01:24:19.378364+00:00,29.255527100671316
2025-08-15 01:24:22.645220+00:00,29.24007547891233
2025-08-15 01:24:23.817135+00:00,29.25037655979395
2025-08-15 01:24:25.788208+00:00,29.24007547891233
2025-08-15 01:24:27.518578+00:00,29.24522601920762
2025-08-15 01:24:28.491526+00:00,29.25037655979395
2025-08-15 01:24:29.018519+00:00,29.24522601920762
2025-08-15 01:24:30.384303+00:00,29.23492493890808
2025-08-15 01:24:34.515296+00:00,29.23492493890808
2025-08-15 01:24:37.304475+00:00,29.25037655979395
2025-08-15 01:24:38.659237+00:00,29.25037655979395
2025-08-15 01:24:39.017492+00:00,29.24522601920762
2025-08-15 01:24:39.359792+00:00,29.255527100671316
2025-08-15 01:24:39.868474+00:00,29.24007547891233
2025-08-15 01:24:40.312357+00:00,29.24007547891233
2025-08-15 01:24:40.537205+00:00,29.24522601920762
2025-08-15 01:24:40.773326+00:00,29.24522601920762
2025-08-15 01:24:40.997443+00:00,29.255527100671316
2025-08-15 01:24:41.333030+00:00,29.25037655979395
2025-08-15 01:24:47.528189+00:00,29.24522601920762
2025-08-15 01:24:48.235095+00:00,29.25037655979395
2025-08-15 01:24:49.709596+00:00,29.24522601920762
2025-08-15 01:24:51.163462+00:00,29.24007547891233
2025-08-15 01:24:51.401666+00:00,29.255527100671316
2025-08-15 01:24:51.743683+00:00,29.25037655979395
2025-08-15 01:24:51.975149+00:00,29.255527100671316
2025-08-15 01:24:52.260162+00:00,29.25037655979395
2025-08-15 01:24:54.424884+00:00,29.24007547891233
2025-08-15 01:24:55.292627+00:00,29.24007547891233
2025-08-15 01:24:55.645918+00:00,29.24522601920762
2025-08-15 01:24:56.021130+00:00,29.24007547891233
2025-08-15 01:24:56.404486+00:00,29.24007547891233
2025-08-15 01:24:56.588439+00:00,29.24007547891233
2025-08-15 01:24:58.093660+00:00,29.23492493890808
2025-08-15 01:24:58.351476+00:00,29.24522601920762
2025-08-15 01:24:59.889568+00:00,29.24007547891233
2025-08-15 01:25:02.023378+00:00,29.23492493890808
2025-08-15 01:25:02.606101+00:00,29.24007547891233
2025-08-15 01:25:03.792836+00:00,29.23492493890808
2025-08-15 01:25:04.324703+00:00,29.24007547891233
2025-08-15 01:25:04.800867+00:00,29.25037655979395
2025-08-15 01:25:07.231804+00:00,29.229774399194866
2025-08-15 01:25:08.359287+00:00,29.24007547891233
2025-08-15 01:25:08.909936+00:00,29.229774399194866
2025-08-15 01:25:14.862591+00:00,29.229774399194866
2025-08-15 01:25:15.834759+00:00,29.24007547891233
2025-08-15 01:25:21.450653+00:00,29.23492493890808
2025-08-15 01:25:22.299329+00:00,29.24007547891233
2025-08-15 01:25:26.492788+00:00,29.229774399194866
2025-08-15 01:25:27.359335+00:00,29.24007547891233
2025-08-15 01:25:27.826481+00:00,29.23492493890808
2025-08-15 01:25:32.659624+00:00,29.24007547891233
2025-08-15 01:25:34.422574+00:00,29.23492493890808
2025-08-15 01:25:35.524659+00:00,29.23492493890808
2025-08-15 01:25:36.134679+00:00,29.23492493890808
2025-08-15 01:25:36.942877+00:00,29.229774399194866
2025-08-15 01:25:37.500038+00:00,29.24007547891233
2025-08-15 01:25:40.884973+00:00,29.24522601920762
2025-08-15 01:25:41.774362+00:00,29.25037655979395
2025-08-15 01:25:45.934395+00:00,29.24007547891233
2025-08-15 01:25:51.833392+00:00,29.24522601920762
2025-08-15 01:25:52.410211+00:00,29.24007547891233
2025-08-15 01:25:53.580592+00:00,29.23492493890808
2025-08-15 01:25:55.292355+00:00,29.25037655979395
2025-08-15 01:25:55.780045+00:00,29.24522601920762
2025-08-15 01:26:01.492269+00:00,29.24007547891233
2025-08-15 01:26:03.709127+00:00,29.24522601920762
2025-08-15 01:26:04.410278+00:00,29.24007547891233
2025-08-15 01:26:05.675316+00:00,29.25037655979395
2025-08-15 01:26:06.051816+00:00,29.24522601920762
2025-08-15 01:26:06.501199+00:00,29.24522601920762
2025-08-15 01:26:07.017401+00:00,29.24007547891233
2025-08-15 01:26:08.292004+00:00,29.24522601920762
2025-08-15 01:26:09.219833+00:00,29.24007547891233
2025-08-15 01:26:10.133444+00:00,29.24007547891233
2025-08-15 01:26:12.395080+00:00,29.24522601920762
2025-08-15 01:26:13.216050+00:00,29.23492493890808
2025-08-15 01:26:13.667876+00:00,29.24007547891233
2025-08-15 01:26:16.499658+00:00,29.23492493890808
2025-08-15 01:26:18.621320+00:00,29.24007547891233
2025-08-15 01:26:18.955967+00:00,29.24007547891233
2025-08-15 01:26:19.873783+00:00,29.24007547891233
2025-08-15 01:26:20.407500+00:00,29.24522601920762
2025-08-15 01:26:22.498202+00:00,29.24007547891233
2025-08-15 01:26:24.308439+00:00,29.229774399194866
2025-08-15 01:26:28.483270+00:00,29.24522601920762
2025-08-15 01:26:33.132978+00:00,29.24007547891233
2025-08-15 01:26:34.898424+00:00,29.24007547891233
2025-08-15 01:26:38.893834+00:00,29.24007547891233
2025-08-15 01:26:41.891208+00:00,29.24522601920762
2025-08-15 01:26:43.291272+00:00,29.219473320641555
2025-08-15 01:26:43.490301+00:00,29.229774399194866
2025-08-15 01:26:45.341790+00:00,29.24007547891233
2025-08-15 01:26:48.590864+00:00,29.24522601920762
2025-08-15 01:26:49.096109+00:00,29.24007547891233
2025-08-15 01:26:49.588871+00:00,29.24007547891233
2025-08-15 01:26:50.174214+00:00,29.24007547891233
2025-08-15 01:26:50.733094+00:00,29.24007547891233
2025-08-15 01:26:51.576154+00:00,29.23492493890808
2025-08-15 01:26:54.474903+00:00,29.229774399194866
2025-08-15 01:26:55.422241+00:00,29.22462385977269
2025-08-15 01:26:57.843812+00:00,29.23492493890808
2025-08-15 01:26:59.216453+00:00,29.23492493890808
2025-08-15 01:27:05.634776+00:00,29.24007547891233
2025-08-15 01:27:07.274760+00:00,29.23492493890808
2025-08-15 01:27:10.808078+00:00,29.229774399194866
2025-08-15 01:27:11.548617+00:00,29.229774399194866
2025-08-15 01:27:12.728391+00:00,29.23492493890808
2025-08-15 01:27:14.599261+00:00,29.229774399194866
2025-08-15 01:27:15.024993+00:00,29.219473320641555
2025-08-15 01:27:18.157753+00:00,29.22462385977269
2025-08-15 01:27:19.000564+00:00,29.219473320641555
2025-08-15 01:27:19.428210+00:00,29.22462385977269
2025-08-15 01:27:21.174407+00:00,29.204021704994375
2025-08-15 01:27:21.531732+00:00,29.229774399194866
2025-08-15 01:27:22.360583+00:00,29.22462385977269
2025-08-15 01:27:24.382145+00:00,29.219473320641555
2025-08-15 01:27:29.405392+00:00,29.23492493890808
2025-08-15 01:27:30.105634+00:00,29.219473320641555
2025-08-15 01:27:31.839127+00:00,29.219473320641555
2025-08-15 01:27:34.467310+00:00,29.229774399194866
2025-08-15 01:27:36.104833+00:00,29.229774399194866
2025-08-15 01:27:36.573474+00:00,29.23492493890808
2025-08-15 01:27:37.015542+00:00,29.22462385977269
2025-08-15 01:27:45.280268+00:00,29.219473320641555
2025-08-15 01:27:47.272879+00:00,29.229774399194866
2025-08-15 01:27:47.657282+00:00,29.22462385977269
2025-08-15 01:27:48.836915+00:00,29.229774399194866
2025-08-15 01:27:49.209130+00:00,29.219473320641555
2025-08-15 01:27:49.801017+00:00,29.23492493890808
2025-08-15 01:27:50.092366+00:00,29.24007547891233
2025-08-15 01:27:50.515217+00:00,29.24007547891233
2025-08-15 01:27:52.640050+00:00,29.229774399194866
2025-08-15 01:27:54.020580+00:00,29.24007547891233
2025-08-15 01:27:54.296456+00:00,29.23492493890808
2025-08-15 01:27:54.681572+00:00,29.23492493890808
2025-08-15 01:27:54.981880+00:00,29.23492493890808
2025-08-15 01:27:55.322523+00:00,29.229774399194866
2025-08-15 01:27:55.566699+00:00,29.23492493890808
2025-08-15 01:27:55.824798+00:00,29.229774399194866
2025-08-15 01:27:56.069365+00:00,29.24522601920762
2025-08-15 01:27:56.276847+00:00,29.24007547891233
2025-08-15 01:27:56.463497+00:00,29.23492493890808
2025-08-15 01:27:56.694402+00:00,29.23492493890808
2025-08-15 01:27:56.922251+00:00,29.25037655979395
2025-08-15 01:27:57.192014+00:00,29.24007547891233
2025-08-15 01:27:57.479240+00:00,29.24007547891233
2025-08-15 01:27:57.745668+00:00,29.23492493890808
2025-08-15 01:27:58.023237+00:00,29.24007547891233
2025-08-15 01:27:58.271274+00:00,29.24007547891233
2025-08-15 01:27:58.624916+00:00,29.23492493890808
2025-08-15 01:28:03.829361+00:00,29.229774399194866
2025-08-15 01:28:04.319920+00:00,29.229774399194866
2025-08-15 01:28:04.746664+00:00,29.229774399194866
2025-08-15 01:28:05.206480+00:00,29.229774399194866
2025-08-15 01:28:09.605346+00:00,29.23492493890808
2025-08-15 01:28:14.412782+00:00,29.24007547891233
2025-08-15 01:28:18.328569+00:00,29.24007547891233
2025-08-15 01:28:21.594578+00:00,29.219473320641555
2025-08-15 01:28:22.256390+00:00,29.23492493890808
2025-08-15 01:28:26.480076+00:00,29.23492493890808
2025-08-15 01:28:29.076902+00:00,29.219473320641555
2025-08-15 01:28:29.356308+00:00,29.229774399194866
2025-08-15 01:28:29.603316+00:00,29.24007547891233
2025-08-15 01:28:29.857119+00:00,29.24007547891233
2025-08-15 01:28:30.630337+00:00,29.24007547891233
2025-08-15 01:28:31.047319+00:00,29.24522601920762
2025-08-15 01:28:31.434923+00:00,29.229774399194866
2025-08-15 01:28:34.138848+00:00,29.22462385977269
2025-08-15 01:28:38.173434+00:00,29.229774399194866
2025-08-15 01:28:39.103428+00:00,29.219473320641555
2025-08-15 01:28:39.880846+00:00,29.219473320641555
2025-08-15 01:28:40.304666+00:00,29.219473320641555
2025-08-15 01:28:41.304170+00:00,29.22462385977269
2025-08-15 01:28:45.224825+00:00,29.23492493890808
2025-08-15 01:28:49.373969+00:00,29.23492493890808
2025-08-15 01:28:49.976453+00:00,29.229774399194866
2025-08-15 01:28:50.278783+00:00,29.23492493890808
2025-08-15 01:28:50.527423+00:00,29.24007547891233
2025-08-15 01:28:51.454406+00:00,29.24522601920762
2025-08-15 01:28:52.215599+00:00,29.23492493890808
2025-08-15 01:28:52.700981+00:00,29.24522601920762
2025-08-15 01:28:55.473668+00:00,29.23492493890808
2025-08-15 01:28:56.567227+00:00,29.22462385977269
2025-08-15 01:29:01.088043+00:00,29.24007547891233
2025-08-15 01:29:01.696446+00:00,29.24007547891233
2025-08-15 01:29:04.044529+00:00,29.23492493890808
2025-08-15 01:29:09.413569+00:00,29.23492493890808
2025-08-15 01:29:12.697160+00:00,29.24007547891233
2025-08-15 01:29:13.267898+00:00,29.24007547891233
2025-08-15 01:29:14.811081+00:00,29.229774399194866
2025-08-15 01:29:15.662038+00:00,29.219473320641555
2025-08-15 01:29:16.946499+00:00,29.24007547891233
2025-08-15 01:29:17.596069+00:00,29.24007547891233
2025-08-15 01:29:18.086886+00:00,29.24522601920762
2025-08-15 01:29:19.480483+00:00,29.24007547891233
2025-08-15 01:29:20.157474+00:00,29.24007547891233
2025-08-15 01:29:20.838534+00:00,29.24007547891233
2025-08-15 01:29:21.969020+00:00,29.23492493890808
2025-08-15 01:29:23.788139+00:00,29.24007547891233
2025-08-15 01:29:24.320901+00:00,29.24007547891233
2025-08-15 01:29:25.729125+00:00,29.23492493890808
2025-08-15 01:29:28.012065+00:00,29.24007547891233
2025-08-15 01:29:28.628655+00:00,29.23492493890808
2025-08-15 01:29:29.447926+00:00,29.24007547891233
2025-08-15 01:29:32.544198+00:00,29.229774399194866
2025-08-15 01:29:34.016373+00:00,29.229774399194866
2025-08-15 01:29:34.312766+00:00,29.229774399194866
2025-08-15 01:29:34.545020+00:00,29.22462385977269
2025-08-15 01:29:34.804169+00:00,29.23492493890808
2025-08-15 01:29:35.030376+00:00,29.23492493890808
2025-08-15 01:29:35.463591+00:00,29.24007547891233
2025-08-15 01:29:35.722134+00:00,29.24007547891233
2025-08-15 01:29:37.712158+00:00,29.229774399194866
2025-08-15 01:29:40.217710+00:00,29.229774399194866
2025-08-15 01:29:41.271388+00:00,29.22462385977269
2025-08-15 01:29:43.836590+00:00,29.219473320641555
2025-08-15 01:29:45.011956+00:00,29.229774399194866
2025-08-15 01:29:53.112282+00:00,29.22462385977269
2025-08-15 01:29:53.594659+00:00,29.23492493890808
2025-08-15 01:29:53.856640+00:00,29.24007547891233
2025-08-15 01:29:54.130904+00:00,29.24007547891233
2025-08-15 01:29:56.505106+00:00,29.229774399194866
2025-08-15 01:29:56.780504+00:00,29.229774399194866
2025-08-15 01:29:57.315597+00:00,29.229774399194866
2025-08-15 01:29:58.978104+00:00,29.24007547891233
2025-08-15 01:30:03.336409+00:00,29.229774399194866
2025-08-15 01:30:03.735285+00:00,29.23492493890808
2025-08-15 01:30:04.119146+00:00,29.229774399194866
2025-08-15 01:30:04.561419+00:00,29.229774399194866
2025-08-15 01:30:04.935676+00:00,29.23492493890808
2025-08-15 01:30:09.453960+00:00,29.229774399194866
2025-08-15 01:30:09.942645+00:00,29.229774399194866
2025-08-15 01:30:10.661233+00:00,29.23492493890808
2025-08-15 01:30:14.101219+00:00,29.23492493890808
2025-08-15 01:30:17.311543+00:00,29.219473320641555
2025-08-15 01:30:18.324777+00:00,29.219473320641555
2025-08-15 01:30:23.552440+00:00,29.219473320641555
2025-08-15 01:30:24.438574+00:00,29.229774399194866
2025-08-15 01:30:24.771700+00:00,29.23492493890808
2025-08-15 01:30:26.137537+00:00,29.23492493890808
2025-08-15 01:30:26.518411+00:00,29.24007547891233
2025-08-15 01:30:28.939622+00:00,29.23492493890808
2025-08-15 01:30:29.293114+00:00,29.24007547891233
2025-08-15 01:30:30.301957+00:00,29.24522601920762
2025-08-15 01:30:30.760938+00:00,29.23492493890808
2025-08-15 01:30:31.243355+00:00,29.219473320641555
2025-08-15 01:30:31.612871+00:00,29.24007547891233
2025-08-15 01:30:32.100023+00:00,29.24522601920762
2025-08-15 01:30:33.486967+00:00,29.23492493890808
2025-08-15 01:30:33.974463+00:00,29.23492493890808
2025-08-15 01:30:36.239822+00:00,29.24007547891233
2025-08-15 01:30:38.330993+00:00,29.24522601920762
2025-08-15 01:30:42.057009+00:00,29.23492493890808
2025-08-15 01:30:44.812139+00:00,29.23492493890808
2025-08-15 01:30:45.106907+00:00,29.229774399194866
2025-08-15 01:30:45.585547+00:00,29.24522601920762
2025-08-15 01:30:53.611975+00:00,29.24007547891233
2025-08-15 01:30:53.806400+00:00,29.24007547891233
2025-08-15 01:30:54.216010+00:00,29.24522601920762
2025-08-15 01:30:54.584947+00:00,29.24007547891233
2025-08-15 01:30:55.720249+00:00,29.23492493890808
2025-08-15 01:30:57.492526+00:00,29.209172243252397
2025-08-15 01:30:59.398014+00:00,29.22462385977269
2025-08-15 01:31:02.102995+00:00,29.22462385977269
2025-08-15 01:31:02.893670+00:00,29.229774399194866
2025-08-15 01:31:04.676057+00:00,29.24522601920762
2025-08-15 01:31:06.010775+00:00,29.219473320641555
2025-08-15 01:31:10.591771+00:00,29.23492493890808
2025-08-15 01:31:11.908786+00:00,29.229774399194866
2025-08-15 01:31:14.075260+00:00,29.22462385977269
2025-08-15 01:31:15.245026+00:00,29.229774399194866
2025-08-15 01:31:16.034440+00:00,29.22462385977269
2025-08-15 01:31:17.026635+00:00,29.23492493890808
2025-08-15 01:31:18.342445+00:00,29.22462385977269
2025-08-15 01:31:20.303029+00:00,29.24007547891233
2025-08-15 01:31:21.301996+00:00,29.23492493890808
2025-08-15 01:31:22.686455+00:00,29.229774399194866
2025-08-15 01:31:22.803013+00:00,29.219473320641555
2025-08-15 01:31:25.068920+00:00,29.229774399194866
2025-08-15 01:31:30.501165+00:00,29.23492493890808
2025-08-15 01:31:33.141517+00:00,29.24007547891233
2025-08-15 01:31:35.036625+00:00,29.22462385977269
2025-08-15 01:31:36.623408+00:00,29.229774399194866
2025-08-15 01:31:36.890706+00:00,29.229774399194866
2025-08-15 01:31:37.981201+00:00,29.219473320641555
2025-08-15 01:31:39.981998+00:00,29.219473320641555
2025-08-15 01:31:42.252493+00:00,29.22462385977269
2025-08-15 01:31:42.502233+00:00,29.23492493890808
2025-08-15 01:31:42.812130+00:00,29.23492493890808
2025-08-15 01:31:46.963509+00:00,29.229774399194866
2025-08-15 01:31:48.765849+00:00,29.229774399194866
2025-08-15 01:31:52.576790+00:00,29.229774399194866
2025-08-15 01:31:55.859345+00:00,29.204021704994375
2025-08-15 01:31:56.662950+00:00,29.229774399194866
2025-08-15 01:31:58.100165+00:00,29.219473320641555
2025-08-15 01:31:58.885423+00:00,29.219473320641555
2025-08-15 01:31:59.752815+00:00,29.209172243252397
2025-08-15 01:32:03.145620+00:00,29.219473320641555
2025-08-15 01:32:10.306488+00:00,29.209172243252397
2025-08-15 01:32:12.752829+00:00,29.24007547891233
2025-08-15 01:32:14.643459+00:00,29.23492493890808
2025-08-15 01:32:16.738134+00:00,29.23492493890808
2025-08-15 01:32:18.139498+00:00,29.22462385977269
2025-08-15 01:32:18.516091+00:00,29.24007547891233
2025-08-15 01:32:19.910468+00:00,29.24007547891233
2025-08-15 01:32:20.245912+00:00,29.209172243252397
2025-08-15 01:32:20.584721+00:00,29.219473320641555
2025-08-15 01:32:20.888208+00:00,29.24007547891233
2025-08-15 01:32:21.776420+00:00,29.209172243252397
2025-08-15 01:32:22.942181+00:00,29.219473320641555
2025-08-15 01:32:23.545999+00:00,29.22462385977269
2025-08-15 01:32:24.156831+00:00,29.229774399194866
2025-08-15 01:32:24.950020+00:00,29.22462385977269
2025-08-15 01:32:25.324067+00:00,29.23492493890808
2025-08-15 01:32:25.742306+00:00,29.24007547891233
2025-08-15 01:32:26.168201+00:00,29.24522601920762
2025-08-15 01:32:26.386590+00:00,29.229774399194866
2025-08-15 01:32:26.618771+00:00,29.24522601920762
2025-08-15 01:32:27.672937+00:00,29.24522601920762
2025-08-15 01:32:28.331618+00:00,29.229774399194866
2025-08-15 01:32:30.415130+00:00,29.22462385977269
2025-08-15 01:32:33.581263+00:00,29.229774399194866
2025-08-15 01:32:34.513026+00:00,29.229774399194866
2025-08-15 01:32:37.982488+00:00,29.24007547891233
2025-08-15 01:32:38.141404+00:00,29.24007547891233
2025-08-15 01:32:38.424722+00:00,29.24522601920762
2025-08-15 01:32:38.869001+00:00,29.24522601920762
2025-08-15 01:32:39.686898+00:00,29.24007547891233
2025-08-15 01:32:41.351019+00:00,29.23492493890808
2025-08-15 01:32:42.301176+00:00,29.229774399194866
2025-08-15 01:32:43.293119+00:00,29.229774399194866
2025-08-15 01:32:46.545415+00:00,29.23492493890808
2025-08-15 01:32:47.302934+00:00,29.229774399194866
2025-08-15 01:32:48.330453+00:00,29.229774399194866
2025-08-15 01:32:52.790513+00:00,29.229774399194866
2025-08-15 01:32:56.941442+00:00,29.229774399194866
2025-08-15 01:32:57.198252+00:00,29.229774399194866
2025-08-15 01:32:57.726097+00:00,29.23492493890808
2025-08-15 01:32:59.437141+00:00,29.209172243252397
2025-08-15 01:33:02.228832+00:00,29.229774399194866
2025-08-15 01:33:03.681712+00:00,29.24007547891233
2025-08-15 01:33:04.814129+00:00,29.23492493890808
2025-08-15 01:33:05.208048+00:00,29.229774399194866
2025-08-15 01:33:05.729249+00:00,29.229774399194866
2025-08-15 01:33:06.140672+00:00,29.23492493890808
2025-08-15 01:33:06.581569+00:00,29.219473320641555
2025-08-15 01:33:07.231066+00:00,29.23492493890808
2025-08-15 01:33:07.691690+00:00,29.23492493890808
2025-08-15 01:33:12.997167+00:00,29.229774399194866
2025-08-15 01:33:14.484161+00:00,29.23492493890808
2025-08-15 01:33:14.825393+00:00,29.24007547891233
2025-08-15 01:33:15.810721+00:00,29.24007547891233
2025-08-15 01:33:18.291744+00:00,29.24007547891233
2025-08-15 01:33:19.316950+00:00,29.229774399194866
2025-08-15 01:33:22.134927+00:00,29.24007547891233
2025-08-15 01:33:22.488396+00:00,29.24522601920762
2025-08-15 01:33:22.746677+00:00,29.24007547891233
2025-08-15 01:33:23.022702+00:00,29.23492493890808
2025-08-15 01:33:23.358548+00:00,29.24007547891233
2025-08-15 01:33:23.933159+00:00,29.23492493890808
2025-08-15 01:33:24.933732+00:00,29.23492493890808
2025-08-15 01:33:26.255372+00:00,29.24007547891233
2025-08-15 01:33:27.373210+00:00,29.23492493890808
2025-08-15 01:33:28.118118+00:00,29.23492493890808
2025-08-15 01:33:29.624901+00:00,29.24007547891233
2025-08-15 01:33:30.273587+00:00,29.24007547891233
2025-08-15 01:33:31.860747+00:00,29.23492493890808
2025-08-15 01:33:35.281560+00:00,29.22462385977269
2025-08-15 01:33:36.522286+00:00,29.229774399194866
2025-08-15 01:33:36.847168+00:00,29.229774399194866
2025-08-15 01:33:37.750268+00:00,29.219473320641555
2025-08-15 01:33:37.900741+00:00,29.229774399194866
2025-08-15 01:33:38.216140+00:00,29.24007547891233
2025-08-15 01:33:38.896351+00:00,29.22462385977269
2025-08-15 01:33:40.625858+00:00,29.229774399194866
2025-08-15 01:33:41.090624+00:00,29.229774399194866
2025-08-15 01:33:42.389534+00:00,29.22462385977269
2025-08-15 01:33:46.665198+00:00,29.229774399194866
2025-08-15 01:33:47.131478+00:00,29.23492493890808
2025-08-15 01:33:48.455464+00:00,29.23492493890808
2025-08-15 01:33:50.933393+00:00,29.229774399194866
2025-08-15 01:33:51.927488+00:00,29.209172243252397
2025-08-15 01:33:55.504906+00:00,29.229774399194866
2025-08-15 01:33:59.451332+00:00,29.22462385977269
2025-08-15 01:33:59.857755+00:00,29.209172243252397
2025-08-15 01:34:02.200109+00:00,29.219473320641555
2025-08-15 01:34:05.163508+00:00,29.219473320641555
2025-08-15 01:34:05.551392+00:00,29.219473320641555
2025-08-15 01:34:06.284832+00:00,29.219473320641555
2025-08-15 01:34:07.231167+00:00,29.229774399194866
2025-08-15 01:34:08.054783+00:00,29.209172243252397
2025-08-15 01:34:14.274546+00:00,29.204021704994375
2025-08-15 01:34:14.674153+00:00,29.219473320641555
2025-08-15 01:34:14.889924+00:00,29.209172243252397
2025-08-15 01:34:20.334413+00:00,29.22462385977269
2025-08-15 01:34:22.288906+00:00,29.229774399194866
2025-08-15 01:34:22.974328+00:00,29.229774399194866
2025-08-15 01:34:23.223705+00:00,29.219473320641555
2025-08-15 01:34:23.814671+00:00,29.229774399194866
2025-08-15 01:34:25.371908+00:00,29.209172243252397
2025-08-15 01:34:27.587534+00:00,29.19887116702739
2025-08-15 01:34:28.471837+00:00,29.22462385977269
2025-08-15 01:34:29.265528+00:00,29.19887116702739
2025-08-15 01:34:30.820310+00:00,29.19887116702739
2025-08-15 01:34:32.012720+00:00,29.209172243252397
2025-08-15 01:34:32.520588+00:00,29.204021704994375
2025-08-15 01:34:33.773781+00:00,29.22462385977269
2025-08-15 01:34:34.608344+00:00,29.219473320641555
2025-08-15 01:34:36.096741+00:00,29.22462385977269
2025-08-15 01:34:37.426942+00:00,29.229774399194866
2025-08-15 01:34:38.555173+00:00,29.19887116702739
2025-08-15 01:34:38.820870+00:00,29.219473320641555
2025-08-15 01:34:39.199413+00:00,29.219473320641555
2025-08-15 01:34:41.797389+00:00,29.22462385977269
2025-08-15 01:34:42.872959+00:00,29.219473320641555
2025-08-15 01:34:43.474653+00:00,29.214322781801457
2025-08-15 01:34:44.822476+00:00,29.229774399194866
2025-08-15 01:34:47.712741+00:00,29.229774399194866
2025-08-15 01:34:49.331054+00:00,29.219473320641555
2025-08-15 01:34:50.443082+00:00,29.219473320641555
2025-08-15 01:34:51.045518+00:00,29.229774399194866
2025-08-15 01:34:53.093475+00:00,29.23492493890808
2025-08-15 01:34:53.720252+00:00,29.229774399194866
2025-08-15 01:34:54.749058+00:00,29.219473320641555
2025-08-15 01:34:55.298233+00:00,29.229774399194866
2025-08-15 01:34:55.951546+00:00,29.209172243252397
2025-08-15 01:34:56.787590+00:00,29.219473320641555
2025-08-15 01:34:59.441444+00:00,29.219473320641555
2025-08-15 01:34:59.747299+00:00,29.219473320641555
2025-08-15 01:35:00.672393+00:00,29.219473320641555
2025-08-15 01:35:02.046515+00:00,29.229774399194866
2025-08-15 01:35:03.080191+00:00,29.22462385977269
2025-08-15 01:35:04.211823+00:00,29.23492493890808
2025-08-15 01:35:06.403470+00:00,29.22462385977269
2025-08-15 01:35:06.834532+00:00,29.209172243252397
2025-08-15 01:35:10.564269+00:00,29.229774399194866
2025-08-15 01:35:11.744769+00:00,29.229774399194866
2025-08-15 01:35:12.244722+00:00,29.229774399194866
2025-08-15 01:35:12.577871+00:00,29.229774399194866
2025-08-15 01:35:13.923877+00:00,29.24007547891233
2025-08-15 01:35:15.429210+00:00,29.229774399194866
2025-08-15 01:35:20.621150+00:00,29.219473320641555
2025-08-15 01:35:21.006115+00:00,29.214322781801457
2025-08-15 01:35:24.019649+00:00,29.219473320641555
2025-08-15 01:35:25.165575+00:00,29.229774399194866
2025-08-15 01:35:28.430725+00:00,29.229774399194866
2025-08-15 01:35:30.051628+00:00,29.229774399194866
2025-08-15 01:35:31.814732+00:00,29.219473320641555
2025-08-15 01:35:33.144721+00:00,29.219473320641555
2025-08-15 01:35:33.558478+00:00,29.229774399194866
2025-08-15 01:35:34.003390+00:00,29.229774399194866
2025-08-15 01:35:34.361812+00:00,29.22462385977269
2025-08-15 01:35:35.734958+00:00,29.214322781801457
2025-08-15 01:35:36.418835+00:00,29.219473320641555
2025-08-15 01:35:42.877738+00:00,29.229774399194866
2025-08-15 01:35:43.452748+00:00,29.229774399194866
2025-08-15 01:35:45.111678+00:00,29.23492493890808
2025-08-15 01:35:49.027748+00:00,29.22462385977269
2025-08-15 01:35:49.647522+00:00,29.22462385977269
2025-08-15 01:35:51.718262+00:00,29.214322781801457
2025-08-15 01:35:53.105079+00:00,29.229774399194866
2025-08-15 01:35:53.306970+00:00,29.23492493890808
2025-08-15 01:35:55.105450+00:00,29.229774399194866
2025-08-15 01:35:55.394680+00:00,29.219473320641555
2025-08-15 01:35:55.702808+00:00,29.229774399194866
2025-08-15 01:35:56.013646+00:00,29.229774399194866
2025-08-15 01:35:56.261832+00:00,29.229774399194866
2025-08-15 01:35:57.925775+00:00,29.229774399194866
2025-08-15 01:35:58.370929+00:00,29.23492493890808
2025-08-15 01:35:59.003281+00:00,29.229774399194866
2025-08-15 01:35:59.262373+00:00,29.23492493890808
2025-08-15 01:35:59.802061+00:00,29.23492493890808
2025-08-15 01:36:00.343498+00:00,29.23492493890808
2025-08-15 01:36:02.894239+00:00,29.23492493890808
2025-08-15 01:36:06.860508+00:00,29.23492493890808
2025-08-15 01:36:14.530188+00:00,29.229774399194866
2025-08-15 01:36:16.510585+00:00,29.219473320641555
2025-08-15 01:36:17.262507+00:00,29.23492493890808
2025-08-15 01:36:20.518968+00:00,29.22462385977269
2025-08-15 01:36:21.547221+00:00,29.219473320641555
2025-08-15 01:36:22.340959+00:00,29.229774399194866
2025-08-15 01:36:23.143214+00:00,29.229774399194866
2025-08-15 01:36:24.214787+00:00,29.219473320641555
2025-08-15 01:36:26.345969+00:00,29.209172243252397
2025-08-15 01:36:27.961896+00:00,29.229774399194866
2025-08-15 01:36:28.347309+00:00,29.219473320641555
2025-08-15 01:36:28.788144+00:00,29.229774399194866
2025-08-15 01:36:29.775354+00:00,29.229774399194866
2025-08-15 01:36:32.739984+00:00,29.22462385977269
2025-08-15 01:36:33.388749+00:00,29.229774399194866
2025-08-15 01:36:35.313358+00:00,29.229774399194866
2025-08-15 01:36:36.528217+00:00,29.219473320641555
2025-08-15 01:36:37.203655+00:00,29.22462385977269
2025-08-15 01:36:38.020153+00:00,29.22462385977269
2025-08-15 01:36:38.746167+00:00,29.219473320641555
2025-08-15 01:36:39.088862+00:00,29.219473320641555
2025-08-15 01:36:39.375320+00:00,29.204021704994375
2025-08-15 01:36:40.424298+00:00,29.219473320641555
2025-08-15 01:36:40.868976+00:00,29.219473320641555
2025-08-15 01:36:41.864154+00:00,29.219473320641555
2025-08-15 01:36:42.321969+00:00,29.229774399194866
2025-08-15 01:36:44.103270+00:00,29.219473320641555
2025-08-15 01:36:44.813577+00:00,29.219473320641555
2025-08-15 01:36:46.183079+00:00,29.229774399194866
2025-08-15 01:36:49.301557+00:00,29.209172243252397
2025-08-15 01:36:51.790983+00:00,29.219473320641555
2025-08-15 01:36:52.761143+00:00,29.229774399194866
2025-08-15 01:36:54.492180+00:00,29.209172243252397
2025-08-15 01:36:54.908799+00:00,29.22462385977269
2025-08-15 01:36:55.210221+00:00,29.229774399194866
2025-08-15 01:36:55.788565+00:00,29.24522601920762
2025-08-15 01:36:58.352405+00:00,29.229774399194866
2025-08-15 01:36:59.028650+00:00,29.229774399194866
2025-08-15 01:37:01.263964+00:00,29.229774399194866
2025-08-15 01:37:02.029964+00:00,29.229774399194866
2025-08-15 01:37:02.453079+00:00,29.22462385977269
2025-08-15 01:37:02.945032+00:00,29.204021704994375
2025-08-15 01:37:05.866976+00:00,29.219473320641555
2025-08-15 01:37:06.349754+00:00,29.219473320641555
2025-08-15 01:37:11.007252+00:00,29.229774399194866
2025-08-15 01:37:11.448311+00:00,29.219473320641555
2025-08-15 01:37:15.262551+00:00,29.209172243252397
2025-08-15 01:37:15.724823+00:00,29.209172243252397
2025-08-15 01:37:18.317688+00:00,29.204021704994375
2025-08-15 01:37:19.853389+00:00,29.219473320641555
2025-08-15 01:37:20.608046+00:00,29.209172243252397
2025-08-15 01:37:20.933389+00:00,29.19887116702739
2025-08-15 01:37:21.277057+00:00,29.219473320641555
2025-08-15 01:37:21.543779+00:00,29.219473320641555
2025-08-15 01:37:24.568316+00:00,29.22462385977269
2025-08-15 01:37:24.770553+00:00,29.209172243252397
2025-08-15 01:37:25.858213+00:00,29.22462385977269
2025-08-15 01:37:26.087599+00:00,29.209172243252397
2025-08-15 01:37:31.003767+00:00,29.219473320641555
2025-08-15 01:37:31.423877+00:00,29.219473320641555
2025-08-15 01:37:32.440783+00:00,29.209172243252397
2025-08-15 01:37:33.636579+00:00,29.219473320641555
2025-08-15 01:37:34.134350+00:00,29.209172243252397
2025-08-15 01:37:34.419044+00:00,29.22462385977269
2025-08-15 01:37:34.670270+00:00,29.219473320641555
2025-08-15 01:37:34.962583+00:00,29.219473320641555
2025-08-15 01:37:36.732176+00:00,29.229774399194866
2025-08-15 01:37:38.802037+00:00,29.22462385977269
2025-08-15 01:37:38.978470+00:00,29.229774399194866
2025-08-15 01:37:39.364462+00:00,29.229774399194866
2025-08-15 01:37:40.644182+00:00,29.219473320641555
2025-08-15 01:37:41.764115+00:00,29.22462385977269
2025-08-15 01:37:44.076772+00:00,29.219473320641555
2025-08-15 01:37:44.320392+00:00,29.209172243252397
2025-08-15 01:37:45.606376+00:00,29.209172243252397
2025-08-15 01:37:46.319631+00:00,29.219473320641555
2025-08-15 01:37:46.927952+00:00,29.219473320641555
2025-08-15 01:37:49.677765+00:00,29.219473320641555
2025-08-15 01:37:53.177696+00:00,29.209172243252397
2025-08-15 01:37:53.978885+00:00,29.209172243252397
2025-08-15 01:37:54.180005+00:00,29.22462385977269
2025-08-15 01:37:54.522984+00:00,29.214322781801457
2025-08-15 01:37:56.902567+00:00,29.219473320641555
2025-08-15 01:37:57.898068+00:00,29.204021704994375
2025-08-15 01:38:00.423797+00:00,29.19887116702739
2025-08-15 01:38:01.416313+00:00,29.219473320641555
2025-08-15 01:38:02.444372+00:00,29.209172243252397
2025-08-15 01:38:04.598630+00:00,29.19887116702739
2025-08-15 01:38:05.202422+00:00,29.193720629351446
2025-08-15 01:38:08.372273+00:00,29.19887116702739
2025-08-15 01:38:12.647993+00:00,29.19887116702739
2025-08-15 01:38:14.051397+00:00,29.19887116702739
2025-08-15 01:38:14.718424+00:00,29.209172243252397
2025-08-15 01:38:16.629557+00:00,29.19887116702739
2025-08-15 01:38:18.742314+00:00,29.204021704994375
2025-08-15 01:38:19.567248+00:00,29.19887116702739
2025-08-15 01:38:21.092907+00:00,29.209172243252397
2025-08-15 01:38:21.871386+00:00,29.204021704994375
2025-08-15 01:38:23.204737+00:00,29.19887116702739
2025-08-15 01:38:24.137339+00:00,29.209172243252397
2025-08-15 01:38:26.652849+00:00,29.204021704994375
2025-08-15 01:38:27.029985+00:00,29.19887116702739
2025-08-15 01:38:27.235771+00:00,29.219473320641555
2025-08-15 01:38:27.605330+00:00,29.204021704994375
2025-08-15 01:38:29.158579+00:00,29.219473320641555
2025-08-15 01:38:29.993469+00:00,29.19887116702739
2025-08-15 01:38:32.407274+00:00,29.209172243252397
2025-08-15 01:38:34.763536+00:00,29.19887116702739
2025-08-15 01:38:35.115967+00:00,29.209172243252397
2025-08-15 01:38:35.425061+00:00,29.204021704994375
2025-08-15 01:38:35.976263+00:00,29.209172243252397
2025-08-15 01:38:37.137431+00:00,29.19887116702739
2025-08-15 01:38:37.851068+00:00,29.219473320641555
2025-08-15 01:38:41.361043+00:00,29.209172243252397
2025-08-15 01:38:42.558656+00:00,29.209172243252397
2025-08-15 01:38:43.395493+00:00,29.19887116702739
2025-08-15 01:38:43.621813+00:00,29.193720629351446
2025-08-15 01:38:43.820883+00:00,29.209172243252397
2025-08-15 01:38:48.506521+00:00,29.209172243252397
2025-08-15 01:38:49.134909+00:00,29.19887116702739
2025-08-15 01:38:49.375360+00:00,29.193720629351446
2025-08-15 01:38:51.339410+00:00,29.18857009196654
2025-08-15 01:38:51.560341+00:00,29.19887116702739
2025-08-15 01:38:52.233727+00:00,29.193720629351446
2025-08-15 01:38:52.783847+00:00,29.193720629351446
2025-08-15 01:38:54.379953+00:00,29.193720629351446
2025-08-15 01:38:55.559079+00:00,29.19887116702739
2025-08-15 01:38:56.293577+00:00,29.19887116702739
2025-08-15 01:38:56.560540+00:00,29.193720629351446
2025-08-15 01:38:57.017575+00:00,29.19887116702739
2025-08-15 01:38:58.507446+00:00,29.193720629351446
2025-08-15 01:39:03.301776+00:00,29.193720629351446
2025-08-15 01:39:07.247166+00:00,29.18857009196654
2025-08-15 01:39:08.934808+00:00,29.19887116702739
2025-08-15 01:39:11.615735+00:00,29.19887116702739
2025-08-15 01:39:15.936105+00:00,29.18857009196654
2025-08-15 01:39:18.921883+00:00,29.18857009196654
2025-08-15 01:39:19.552767+00:00,29.18857009196654
2025-08-15 01:39:21.590620+00:00,29.193720629351446
2025-08-15 01:39:22.017335+00:00,29.19887116702739
2025-08-15 01:39:22.276901+00:00,29.19887116702739
2025-08-15 01:39:22.687236+00:00,29.19887116702739
2025-08-15 01:39:23.802781+00:00,29.19887116702739
2025-08-15 01:39:24.073391+00:00,29.204021704994375
2025-08-15 01:39:25.310388+00:00,29.19887116702739
2025-08-15 01:39:25.885510+00:00,29.18857009196654
2025-08-15 01:39:26.226571+00:00,29.193720629351446
2025-08-15 01:39:27.113472+00:00,29.18857009196654
2025-08-15 01:39:28.083044+00:00,29.17826901806984
2025-08-15 01:39:30.646409+00:00,29.19887116702739
2025-08-15 01:39:32.088059+00:00,29.19887116702739
2025-08-15 01:39:33.013885+00:00,29.19887116702739
2025-08-15 01:39:34.948804+00:00,29.193720629351446
2025-08-15 01:39:35.794289+00:00,29.18857009196654
2025-08-15 01:39:36.370048+00:00,29.18857009196654
2025-08-15 01:39:37.748506+00:00,29.18857009196654
2025-08-15 01:39:37.975397+00:00,29.18857009196654
2025-08-15 01:39:38.427356+00:00,29.193720629351446
2025-08-15 01:39:41.703212+00:00,29.17826901806984
2025-08-15 01:39:44.065586+00:00,29.18857009196654
2025-08-15 01:39:44.341631+00:00,29.18857009196654
2025-08-15 01:39:44.575393+00:00,29.17826901806984
2025-08-15 01:39:45.722545+00:00,29.193720629351446
2025-08-15 01:39:50.072648+00:00,29.18857009196654
2025-08-15 01:39:51.850323+00:00,29.19887116702739
2025-08-15 01:39:53.346462+00:00,29.18341955487267
2025-08-15 01:39:54.685051+00:00,29.17826901806984
2025-08-15 01:39:55.695847+00:00,29.18857009196654
2025-08-15 01:39:56.547535+00:00,29.193720629351446
2025-08-15 01:39:56.868568+00:00,29.193720629351446
2025-08-15 01:39:58.266394+00:00,29.18857009196654
2025-08-15 01:39:59.510227+00:00,29.18341955487267
2025-08-15 01:40:03.587794+00:00,29.18341955487267
2025-08-15 01:40:05.154414+00:00,29.18857009196654
2025-08-15 01:40:05.520766+00:00,29.18857009196654
2025-08-15 01:40:05.996049+00:00,29.18341955487267
2025-08-15 01:40:06.486738+00:00,29.18341955487267
2025-08-15 01:40:07.078738+00:00,29.18341955487267
2025-08-15 01:40:12.511800+00:00,29.18857009196654
2025-08-15 01:40:12.986055+00:00,29.18341955487267
2025-08-15 01:40:15.245039+00:00,29.18857009196654
2025-08-15 01:40:19.255434+00:00,29.18857009196654
2025-08-15 01:40:20.994075+00:00,29.18857009196654
2025-08-15 01:40:22.237137+00:00,29.18341955487267
2025-08-15 01:40:22.930716+00:00,29.17826901806984
2025-08-15 01:40:23.761632+00:00,29.19887116702739
2025-08-15 01:40:24.245778+00:00,29.18857009196654
2025-08-15 01:40:25.936932+00:00,29.204021704994375
2025-08-15 01:40:27.895915+00:00,29.193720629351446
2025-08-15 01:40:28.855147+00:00,29.18857009196654
2025-08-15 01:40:30.230109+00:00,29.204021704994375
2025-08-15 01:40:30.645706+00:00,29.204021704994375
2025-08-15 01:40:31.171006+00:00,29.209172243252397
2025-08-15 01:40:33.204397+00:00,29.204021704994375
2025-08-15 01:40:35.980958+00:00,29.19887116702739
2025-08-15 01:40:37.879563+00:00,29.19887116702739
2025-08-15 01:40:38.449789+00:00,29.19887116702739
2025-08-15 01:40:39.227714+00:00,29.209172243252397
2025-08-15 01:40:41.985364+00:00,29.204021704994375
2025-08-15 01:40:45.376562+00:00,29.19887116702739
2025-08-15 01:40:46.086481+00:00,29.193720629351446
2025-08-15 01:40:47.621184+00:00,29.19887116702739
2025-08-15 01:40:50.678784+00:00,29.204021704994375
2025-08-15 01:40:51.591406+00:00,29.18857009196654
2025-08-15 01:40:55.960013+00:00,29.19887116702739
2025-08-15 01:40:57.447251+00:00,29.18857009196654
2025-08-15 01:41:01.508215+00:00,29.18857009196654
2025-08-15 01:41:02.383163+00:00,29.18857009196654
2025-08-15 01:41:03.033515+00:00,29.193720629351446
2025-08-15 01:41:03.468572+00:00,29.18857009196654
2025-08-15 01:41:10.679900+00:00,29.193720629351446
2025-08-15 01:41:11.552257+00:00,29.193720629351446
2025-08-15 01:41:15.020175+00:00,29.18857009196654
2025-08-15 01:41:22.357845+00:00,29.193720629351446
2025-08-15 01:41:22.656860+00:00,29.18857009196654
2025-08-15 01:41:22.871394+00:00,29.193720629351446
2025-08-15 01:41:23.058820+00:00,29.19887116702739
2025-08-15 01:41:23.297828+00:00,29.193720629351446
2025-08-15 01:41:23.481865+00:00,29.193720629351446
2025-08-15 01:41:24.485133+00:00,29.18857009196654
2025-08-15 01:41:27.425567+00:00,29.17826901806984
2025-08-15 01:41:28.588255+00:00,29.18857009196654
2025-08-15 01:41:29.181840+00:00,29.17826901806984
2025-08-15 01:41:30.626087+00:00,29.18341955487267
2025-08-15 01:41:34.945717+00:00,29.18857009196654
2025-08-15 01:41:35.956681+00:00,29.18857009196654
2025-08-15 01:41:37.084430+00:00,29.18857009196654
2025-08-15 01:41:38.364276+00:00,29.17826901806984
2025-08-15 01:41:38.739775+00:00,29.17826901806984
2025-08-15 01:41:38.990560+00:00,29.18341955487267
2025-08-15 01:41:39.375366+00:00,29.193720629351446
2025-08-15 01:41:39.759883+00:00,29.17826901806984
2025-08-15 01:41:40.468155+00:00,29.18857009196654
2025-08-15 01:41:42.583251+00:00,29.17826901806984
2025-08-15 01:41:43.711693+00:00,29.17826901806984
2025-08-15 01:41:44.196805+00:00,29.18341955487267
2025-08-15 01:41:44.554588+00:00,29.18857009196654
2025-08-15 01:41:45.232220+00:00,29.18341955487267
2025-08-15 01:41:50.403181+00:00,29.18857009196654
2025-08-15 01:41:50.991098+00:00,29.17826901806984
2025-08-15 01:41:51.407339+00:00,29.167967945337296
2025-08-15 01:41:52.724441+00:00,29.17311848155805
2025-08-15 01:41:52.928245+00:00,29.167967945337296
2025-08-15 01:41:53.369510+00:00,29.167967945337296
2025-08-15 01:41:54.156928+00:00,29.17826901806984
2025-08-15 01:41:55.451200+00:00,29.17311848155805
2025-08-15 01:41:56.236840+00:00,29.16281740940758
2025-08-15 01:41:56.462880+00:00,29.18341955487267
2025-08-15 01:41:57.832788+00:00,29.17311848155805
2025-08-15 01:41:59.712997+00:00,29.17826901806984
2025-08-15 01:42:03.209841+00:00,29.167967945337296
2025-08-15 01:42:04.940949+00:00,29.167967945337296
2025-08-15 01:42:05.660505+00:00,29.17311848155805
2025-08-15 01:42:07.517512+00:00,29.167967945337296
2025-08-15 01:42:08.002630+00:00,29.167967945337296
2025-08-15 01:42:11.035207+00:00,29.17311848155805
2025-08-15 01:42:14.112386+00:00,29.167967945337296
2025-08-15 01:42:16.440476+00:00,29.167967945337296
2025-08-15 01:42:20.816121+00:00,29.16281740940758
2025-08-15 01:42:23.632310+00:00,29.167967945337296
2025-08-15 01:42:23.932347+00:00,29.17826901806984
2025-08-15 01:42:24.501861+00:00,29.17311848155805
2025-08-15 01:42:28.499555+00:00,29.167967945337296
2025-08-15 01:42:29.828414+00:00,29.17311848155805
2025-08-15 01:42:32.243165+00:00,29.167967945337296
2025-08-15 01:42:37.549743+00:00,29.167967945337296
2025-08-15 01:42:37.789547+00:00,29.167967945337296
2025-08-15 01:42:39.961142+00:00,29.17311848155805
2025-08-15 01:42:40.157690+00:00,29.17311848155805
2025-08-15 01:42:40.387214+00:00,29.17826901806984
2025-08-15 01:42:40.631887+00:00,29.18341955487267
2025-08-15 01:42:42.459815+00:00,29.17826901806984
2025-08-15 01:42:42.780713+00:00,29.16281740940758
2025-08-15 01:42:43.270336+00:00,29.167967945337296
2025-08-15 01:42:44.566832+00:00,29.167967945337296
2025-08-15 01:42:45.607940+00:00,29.16281740940758
2025-08-15 01:42:46.459010+00:00,29.167967945337296
2025-08-15 01:42:49.573835+00:00,29.167967945337296
2025-08-15 01:42:50.964027+00:00,29.167967945337296
2025-08-15 01:42:54.040272+00:00,29.17311848155805
2025-08-15 01:42:54.730466+00:00,29.167967945337296
2025-08-15 01:42:55.420343+00:00,29.16281740940758
2025-08-15 01:42:56.508348+00:00,29.167967945337296
2025-08-15 01:42:57.289766+00:00,29.16281740940758
2025-08-15 01:42:57.583123+00:00,29.16281740940758
2025-08-15 01:42:57.925096+00:00,29.157666873768903
2025-08-15 01:42:58.502598+00:00,29.16281740940758
2025-08-15 01:42:59.647017+00:00,29.167967945337296
2025-08-15 01:43:03.425307+00:00,29.17826901806984
2025-08-15 01:43:07.757635+00:00,29.167967945337296
2025-08-15 01:43:10.766398+00:00,29.167967945337296
2025-08-15 01:43:11.841102+00:00,29.157666873768903
2025-08-15 01:43:12.978958+00:00,29.157666873768903
2025-08-15 01:43:13.237134+00:00,29.17826901806984
2025-08-15 01:43:13.546956+00:00,29.167967945337296
2025-08-15 01:43:13.805710+00:00,29.17826901806984
2025-08-15 01:43:14.558953+00:00,29.17311848155805
2025-08-15 01:43:15.043095+00:00,29.157666873768903
2025-08-15 01:43:20.156098+00:00,29.18341955487267
2025-08-15 01:43:20.648171+00:00,29.17311848155805
2025-08-15 01:43:22.078053+00:00,29.17311848155805
2025-08-15 01:43:22.480202+00:00,29.167967945337296
2025-08-15 01:43:22.939255+00:00,29.17311848155805
2025-08-15 01:43:24.447350+00:00,29.18341955487267
2025-08-15 01:43:27.019110+00:00,29.17311848155805
2025-08-15 01:43:27.243588+00:00,29.17826901806984
2025-08-15 01:43:27.470159+00:00,29.17826901806984
2025-08-15 01:43:27.731030+00:00,29.17311848155805
2025-08-15 01:43:28.200074+00:00,29.18341955487267
2025-08-15 01:43:30.047697+00:00,29.18341955487267
2025-08-15 01:43:34.414433+00:00,29.17311848155805
2025-08-15 01:43:34.670790+00:00,29.18857009196654
2025-08-15 01:43:34.920082+00:00,29.18341955487267
2025-08-15 01:43:36.514256+00:00,29.17826901806984
2025-08-15 01:43:37.878199+00:00,29.17311848155805
2025-08-15 01:43:38.605552+00:00,29.17311848155805
2025-08-15 01:43:40.669635+00:00,29.18341955487267
2025-08-15 01:43:41.914516+00:00,29.17826901806984
2025-08-15 01:43:42.842189+00:00,29.18857009196654
2025-08-15 01:43:43.938155+00:00,29.17826901806984
2025-08-15 01:43:46.658985+00:00,29.17826901806984
2025-08-15 01:43:48.549771+00:00,29.17826901806984
2025-08-15 01:43:49.710935+00:00,29.18341955487267
2025-08-15 01:43:51.213391+00:00,29.18341955487267
2025-08-15 01:43:52.245537+00:00,29.18341955487267
2025-08-15 01:43:52.633875+00:00,29.18857009196654
2025-08-15 01:43:53.001297+00:00,29.193720629351446
2025-08-15 01:43:53.769382+00:00,29.18857009196654
2025-08-15 01:43:54.479138+00:00,29.18857009196654
2025-08-15 01:43:55.666511+00:00,29.17826901806984
2025-08-15 01:43:56.260349+00:00,29.17826901806984
2025-08-15 01:43:57.863703+00:00,29.18857009196654
2025-08-15 01:43:59.811107+00:00,29.17826901806984
2025-08-15 01:44:06.057481+00:00,29.17826901806984
2025-08-15 01:44:09.177272+00:00,29.18341955487267
2025-08-15 01:44:13.104079+00:00,29.18857009196654
2025-08-15 01:44:13.847006+00:00,29.18857009196654
2025-08-15 01:44:14.155573+00:00,29.17826901806984
2025-08-15 01:44:16.562651+00:00,29.18857009196654
2025-08-15 01:44:16.914678+00:00,29.18341955487267
2025-08-15 01:44:17.289634+00:00,29.18857009196654
2025-08-15 01:44:17.724549+00:00,29.18341955487267
2025-08-15 01:44:18.272524+00:00,29.18857009196654
2025-08-15 01:44:18.853459+00:00,29.18857009196654
2025-08-15 01:44:19.095894+00:00,29.18857009196654
2025-08-15 01:44:19.939188+00:00,29.18857009196654
2025-08-15 01:44:21.938637+00:00,29.18857009196654
2025-08-15 01:44:22.621798+00:00,29.17826901806984
2025-08-15 01:44:22.861964+00:00,29.18857009196654
2025-08-15 01:44:23.098299+00:00,29.18341955487267
2025-08-15 01:44:23.356863+00:00,29.18857009196654
2025-08-15 01:44:23.698770+00:00,29.18857009196654
2025-08-15 01:44:29.459338+00:00,29.17826901806984
2025-08-15 01:44:31.397374+00:00,29.16281740940758
2025-08-15 01:44:31.821709+00:00,29.18341955487267
2025-08-15 01:44:32.246879+00:00,29.17311848155805
2025-08-15 01:44:32.597514+00:00,29.17826901806984
2025-08-15 01:44:33.218970+00:00,29.17826901806984
2025-08-15 01:44:33.726591+00:00,29.17826901806984
2025-08-15 01:44:34.244917+00:00,29.167967945337296
2025-08-15 01:44:34.502616+00:00,29.17826901806984
2025-08-15 01:44:34.804883+00:00,29.17826901806984
2025-08-15 01:44:36.488011+00:00,29.167967945337296
2025-08-15 01:44:43.789008+00:00,29.17311848155805
2025-08-15 01:44:44.357458+00:00,29.17826901806984
2025-08-15 01:44:44.839211+00:00,29.18857009196654
2025-08-15 01:44:47.022143+00:00,29.17311848155805
2025-08-15 01:44:48.846510+00:00,29.18857009196654
2025-08-15 01:44:49.353387+00:00,29.18857009196654
2025-08-15 01:44:49.668451+00:00,29.193720629351446
2025-08-15 01:44:52.100712+00:00,29.18341955487267
2025-08-15 01:44:53.839775+00:00,29.17826901806984
2025-08-15 01:44:54.890404+00:00,29.204021704994375
2025-08-15 01:44:55.408347+00:00,29.18857009196654
2025-08-15 01:44:56.177043+00:00,29.193720629351446
2025-08-15 01:44:56.644618+00:00,29.18857009196654
2025-08-15 01:44:57.037397+00:00,29.193720629351446
2025-08-15 01:44:57.256521+00:00,29.19887116702739
2025-08-15 01:44:57.404393+00:00,29.193720629351446
2025-08-15 01:44:57.591260+00:00,29.193720629351446
2025-08-15 01:44:57.752878+00:00,29.209172243252397
2025-08-15 01:44:58.000906+00:00,29.204021704994375
2025-08-15 01:44:58.843472+00:00,29.193720629351446
2025-08-15 01:45:04.921245+00:00,29.18341955487267
2025-08-15 01:45:05.855256+00:00,29.19887116702739
2025-08-15 01:45:06.735428+00:00,29.18857009196654
2025-08-15 01:45:11.662650+00:00,29.18857009196654
2025-08-15 01:45:14.746169+00:00,29.193720629351446
2025-08-15 01:45:15.256047+00:00,29.193720629351446
2025-08-15 01:45:16.079012+00:00,29.18857009196654
2025-08-15 01:45:21.640280+00:00,29.193720629351446
2025-08-15 01:45:26.222813+00:00,29.18857009196654
2025-08-15 01:45:30.629212+00:00,29.193720629351446
2025-08-15 01:45:36.079903+00:00,29.18857009196654
2025-08-15 01:45:38.207434+00:00,29.18341955487267
2025-08-15 01:45:38.623271+00:00,29.18857009196654
2025-08-15 01:45:39.025357+00:00,29.18857009196654
2025-08-15 01:45:40.971523+00:00,29.193720629351446
2025-08-15 01:45:42.115367+00:00,29.193720629351446
2025-08-15 01:45:44.169646+00:00,29.19887116702739
2025-08-15 01:45:45.332168+00:00,29.19887116702739
2025-08-15 01:45:47.779366+00:00,29.19887116702739
2025-08-15 01:45:49.120960+00:00,29.18857009196654
2025-08-15 01:45:49.601146+00:00,29.193720629351446
2025-08-15 01:45:52.368806+00:00,29.19887116702739
2025-08-15 01:45:53.023681+00:00,29.193720629351446
2025-08-15 01:45:54.280441+00:00,29.18857009196654
2025-08-15 01:45:57.449269+00:00,29.18341955487267
2025-08-15 01:45:58.177358+00:00,29.193720629351446
2025-08-15 01:45:59.295240+00:00,29.18857009196654
2025-08-15 01:45:59.888163+00:00,29.18857009196654
2025-08-15 01:46:00.260904+00:00,29.18857009196654
2025-08-15 01:46:02.390799+00:00,29.19887116702739
2025-08-15 01:46:06.763186+00:00,29.193720629351446
2025-08-15 01:46:08.596307+00:00,29.19887116702739
2025-08-15 01:46:11.030930+00:00,29.18857009196654
2025-08-15 01:46:11.837701+00:00,29.193720629351446
2025-08-15 01:46:13.703563+00:00,29.19887116702739
2025-08-15 01:46:14.296085+00:00,29.193720629351446
2025-08-15 01:46:19.818437+00:00,29.193720629351446
2025-08-15 01:46:22.452543+00:00,29.18341955487267
2025-08-15 01:46:22.701413+00:00,29.19887116702739
2025-08-15 01:46:23.363399+00:00,29.18857009196654
2025-08-15 01:46:23.577984+00:00,29.19887116702739
2025-08-15 01:46:24.847076+00:00,29.19887116702739
2025-08-15 01:46:25.594291+00:00,29.18341955487267
2025-08-15 01:46:27.432431+00:00,29.193720629351446
2025-08-15 01:46:29.869288+00:00,29.17826901806984
2025-08-15 01:46:36.984090+00:00,29.18857009196654
2025-08-15 01:46:37.220987+00:00,29.18857009196654
2025-08-15 01:46:38.252355+00:00,29.18341955487267
2025-08-15 01:46:40.453765+00:00,29.18857009196654
2025-08-15 01:46:41.514996+00:00,29.18341955487267
2025-08-15 01:46:42.365548+00:00,29.18857009196654
2025-08-15 01:46:43.695338+00:00,29.19887116702739
2025-08-15 01:46:44.288596+00:00,29.18341955487267
2025-08-15 01:46:45.014909+00:00,29.18857009196654
2025-08-15 01:46:45.398215+00:00,29.193720629351446
2025-08-15 01:46:46.856534+00:00,29.204021704994375
2025-08-15 01:46:49.685214+00:00,29.19887116702739
2025-08-15 01:46:50.496775+00:00,29.18341955487267
2025-08-15 01:46:51.265230+00:00,29.18341955487267
2025-08-15 01:46:51.651547+00:00,29.18857009196654
2025-08-15 01:46:53.428706+00:00,29.18857009196654
2025-08-15 01:46:54.850708+00:00,29.18341955487267
2025-08-15 01:46:58.609318+00:00,29.193720629351446
2025-08-15 01:46:59.236188+00:00,29.18341955487267
2025-08-15 01:46:59.653725+00:00,29.18857009196654
2025-08-15 01:47:00.160399+00:00,29.19887116702739
2025-08-15 01:47:00.767936+00:00,29.19887116702739
2025-08-15 01:47:04.336428+00:00,29.18857009196654
2025-08-15 01:47:06.160594+00:00,29.18341955487267
2025-08-15 01:47:08.329020+00:00,29.18857009196654
2025-08-15 01:47:11.464557+00:00,29.17826901806984
2025-08-15 01:47:12.668705+00:00,29.17826901806984
2025-08-15 01:47:14.324386+00:00,29.193720629351446
2025-08-15 01:47:14.991936+00:00,29.18857009196654
2025-08-15 01:47:17.861745+00:00,29.17311848155805
2025-08-15 01:47:19.281678+00:00,29.17826901806984
2025-08-15 01:47:19.792534+00:00,29.17826901806984
2025-08-15 01:47:20.701354+00:00,29.18341955487267
2025-08-15 01:47:21.624405+00:00,29.17826901806984
2025-08-15 01:47:23.367822+00:00,29.17826901806984
2025-08-15 01:47:26.084279+00:00,29.18857009196654
2025-08-15 01:47:26.618413+00:00,29.18857009196654
2025-08-15 01:47:27.049024+00:00,29.18341955487267
2025-08-15 01:47:28.998799+00:00,29.18857009196654
2025-08-15 01:47:29.793584+00:00,29.17826901806984
2025-08-15 01:47:33.564363+00:00,29.18857009196654
2025-08-15 01:47:37.861400+00:00,29.18341955487267
2025-08-15 01:47:39.882155+00:00,29.17826901806984
2025-08-15 01:47:40.669060+00:00,29.17826901806984
2025-08-15 01:47:42.666542+00:00,29.17826901806984
2025-08-15 01:47:45.835116+00:00,29.18341955487267
2025-08-15 01:47:47.310740+00:00,29.18341955487267
2025-08-15 01:47:50.189559+00:00,29.17311848155805
2025-08-15 01:47:51.571271+00:00,29.17311848155805
2025-08-15 01:47:51.798852+00:00,29.18857009196654
2025-08-15 01:47:52.140269+00:00,29.18341955487267
2025-08-15 01:47:52.399825+00:00,29.18857009196654
2025-08-15 01:47:53.829631+00:00,29.17826901806984
2025-08-15 01:47:55.016099+00:00,29.17311848155805
2025-08-15 01:47:56.504514+00:00,29.17826901806984
2025-08-15 01:48:01.901432+00:00,29.17311848155805
2025-08-15 01:48:02.524226+00:00,29.18341955487267
2025-08-15 01:48:02.904583+00:00,29.18341955487267
2025-08-15 01:48:05.059721+00:00,29.17311848155805
2025-08-15 01:48:06.302235+00:00,29.17826901806984
2025-08-15 01:48:07.475238+00:00,29.17826901806984
2025-08-15 01:48:07.850340+00:00,29.18341955487267
2025-08-15 01:48:09.614198+00:00,29.17311848155805
2025-08-15 01:48:10.093148+00:00,29.17311848155805
2025-08-15 01:48:10.690963+00:00,29.17826901806984
2025-08-15 01:48:13.711295+00:00,29.17311848155805
2025-08-15 01:48:14.368636+00:00,29.17311848155805
2025-08-15 01:48:15.799745+00:00,29.17311848155805
2025-08-15 01:48:18.764185+00:00,29.17826901806984
2025-08-15 01:48:20.077314+00:00,29.18341955487267
2025-08-15 01:48:20.353595+00:00,29.17826901806984
2025-08-15 01:48:20.552861+00:00,29.18341955487267
2025-08-15 01:48:22.596974+00:00,29.18341955487267
2025-08-15 01:48:24.847062+00:00,29.17826901806984
2025-08-15 01:48:26.417814+00:00,29.17826901806984
2025-08-15 01:48:27.377317+00:00,29.18341955487267
2025-08-15 01:48:32.175569+00:00,29.17826901806984
2025-08-15 01:48:34.373703+00:00,29.17311848155805
2025-08-15 01:48:36.001879+00:00,29.18341955487267
2025-08-15 01:48:38.058083+00:00,29.167967945337296
2025-08-15 01:48:38.571195+00:00,29.17311848155805
2025-08-15 01:48:42.095916+00:00,29.18341955487267
2025-08-15 01:48:42.433774+00:00,29.17311848155805
2025-08-15 01:48:43.699357+00:00,29.17311848155805
2025-08-15 01:48:43.935151+00:00,29.167967945337296
2025-08-15 01:48:44.267898+00:00,29.17826901806984
2025-08-15 01:48:44.478881+00:00,29.17826901806984
2025-08-15 01:48:44.752480+00:00,29.18341955487267
2025-08-15 01:48:50.216534+00:00,29.17311848155805
2025-08-15 01:48:50.531924+00:00,29.16281740940758
2025-08-15 01:48:51.253754+00:00,29.167967945337296
2025-08-15 01:48:51.780221+00:00,29.167967945337296
2025-08-15 01:48:52.864905+00:00,29.16281740940758
2025-08-15 01:48:53.440857+00:00,29.167967945337296
2025-08-15 01:48:53.799817+00:00,29.17311848155805
2025-08-15 01:48:55.238916+00:00,29.167967945337296
2025-08-15 01:48:56.116459+00:00,29.167967945337296
2025-08-15 01:48:56.466461+00:00,29.17311848155805
2025-08-15 01:48:56.975281+00:00,29.17826901806984
2025-08-15 01:48:57.207764+00:00,29.17826901806984
2025-08-15 01:48:58.630796+00:00,29.17826901806984
2025-08-15 01:48:59.166743+00:00,29.17826901806984
2025-08-15 01:49:00.965875+00:00,29.167967945337296
2025-08-15 01:49:07.533112+00:00,29.167967945337296
2025-08-15 01:49:07.906626+00:00,29.17311848155805
2025-08-15 01:49:08.674387+00:00,29.167967945337296
2025-08-15 01:49:09.332367+00:00,29.17826901806984
2025-08-15 01:49:10.226243+00:00,29.17826901806984
2025-08-15 01:49:11.100434+00:00,29.17311848155805
2025-08-15 01:49:12.209430+00:00,29.17311848155805
2025-08-15 01:49:14.108878+00:00,29.16281740940758
2025-08-15 01:49:14.390730+00:00,29.167967945337296
2025-08-15 01:49:15.998794+00:00,29.17826901806984
2025-08-15 01:49:16.634802+00:00,29.17826901806984
2025-08-15 01:49:20.356945+00:00,29.167967945337296
2025-08-15 01:49:21.731369+00:00,29.18341955487267
2025-08-15 01:49:22.839935+00:00,29.17826901806984
2025-08-15 01:49:23.357806+00:00,29.19887116702739
2025-08-15 01:49:24.062850+00:00,29.17826901806984
2025-08-15 01:49:25.514006+00:00,29.17826901806984
2025-08-15 01:49:26.609206+00:00,29.18341955487267
2025-08-15 01:49:27.812003+00:00,29.17826901806984
2025-08-15 01:49:29.424315+00:00,29.17826901806984
2025-08-15 01:49:32.671323+00:00,29.17826901806984
2025-08-15 01:49:33.546464+00:00,29.17826901806984
2025-08-15 01:49:35.696384+00:00,29.18857009196654
2025-08-15 01:49:36.305808+00:00,29.17311848155805
2025-08-15 01:49:37.006270+00:00,29.18341955487267
2025-08-15 01:49:37.540891+00:00,29.17826901806984
2025-08-15 01:49:39.401900+00:00,29.18857009196654
2025-08-15 01:49:40.121648+00:00,29.18857009196654
2025-08-15 01:49:41.842405+00:00,29.18857009196654
2025-08-15 01:49:44.082472+00:00,29.18341955487267
2025-08-15 01:49:44.657006+00:00,29.17826901806984
2025-08-15 01:49:44.915193+00:00,29.18857009196654
2025-08-15 01:49:45.139948+00:00,29.18857009196654
2025-08-15 01:49:46.347396+00:00,29.193720629351446
2025-08-15 01:49:48.414826+00:00,29.18857009196654
2025-08-15 01:49:53.037281+00:00,29.18857009196654
2025-08-15 01:49:58.275482+00:00,29.18857009196654
2025-08-15 01:49:59.387309+00:00,29.17311848155805
2025-08-15 01:50:00.668860+00:00,29.18857009196654
2025-08-15 01:50:02.996844+00:00,29.18857009196654
2025-08-15 01:50:04.154890+00:00,29.17311848155805
2025-08-15 01:50:12.176401+00:00,29.17826901806984
2025-08-15 01:50:15.604367+00:00,29.17826901806984
2025-08-15 01:50:16.897060+00:00,29.17826901806984
2025-08-15 01:50:21.821489+00:00,29.17826901806984
2025-08-15 01:50:22.222501+00:00,29.167967945337296
2025-08-15 01:50:23.022999+00:00,29.17311848155805
2025-08-15 01:50:32.200180+00:00,29.17826901806984
2025-08-15 01:50:33.748020+00:00,29.17311848155805
2025-08-15 01:50:36.222119+00:00,29.17826901806984
2025-08-15 01:50:36.664378+00:00,29.167967945337296
2025-08-15 01:50:43.669135+00:00,29.17826901806984
2025-08-15 01:50:49.955067+00:00,29.17311848155805
2025-08-15 01:50:50.241224+00:00,29.17311848155805
2025-08-15 01:50:51.511431+00:00,29.18341955487267
2025-08-15 01:50:51.872063+00:00,29.17311848155805
2025-08-15 01:50:52.431331+00:00,29.18341955487267
2025-08-15 01:50:53.397070+00:00,29.17826901806984
2025-08-15 01:50:54.403114+00:00,29.17311848155805
2025-08-15 01:50:54.688480+00:00,29.17826901806984
2025-08-15 01:50:55.105829+00:00,29.17311848155805
2025-08-15 01:50:57.795969+00:00,29.16281740940758
2025-08-15 01:50:57.953338+00:00,29.17826901806984
2025-08-15 01:50:59.680487+00:00,29.17311848155805
2025-08-15 01:51:00.337266+00:00,29.17311848155805
2025-08-15 01:51:05.130757+00:00,29.167967945337296
2025-08-15 01:51:05.531264+00:00,29.167967945337296
2025-08-15 01:51:09.896700+00:00,29.167967945337296
2025-08-15 01:51:11.747320+00:00,29.17826901806984
2025-08-15 01:51:12.305029+00:00,29.167967945337296
2025-08-15 01:51:13.679345+00:00,29.16281740940758
2025-08-15 01:51:16.895049+00:00,29.17826901806984
2025-08-15 01:51:17.371096+00:00,29.18341955487267
2025-08-15 01:51:19.363097+00:00,29.17826901806984
2025-08-15 01:51:19.922907+00:00,29.17826901806984
2025-08-15 01:51:22.761869+00:00,29.17311848155805
2025-08-15 01:51:23.465273+00:00,29.167967945337296
2025-08-15 01:51:23.963188+00:00,29.167967945337296
2025-08-15 01:51:24.821312+00:00,29.17826901806984
2025-08-15 01:51:26.164822+00:00,29.17826901806984
2025-08-15 01:51:26.957472+00:00,29.17826901806984
2025-08-15 01:51:27.267512+00:00,29.17311848155805
2025-08-15 01:51:31.561655+00:00,29.17311848155805
2025-08-15 01:51:37.536876+00:00,29.17311848155805
2025-08-15 01:51:40.107036+00:00,29.18341955487267
2025-08-15 01:51:43.520102+00:00,29.17311848155805
2025-08-15 01:51:46.285188+00:00,29.17826901806984
2025-08-15 01:51:51.555711+00:00,29.17311848155805
2025-08-15 01:51:54.104453+00:00,29.17826901806984
2025-08-15 01:51:54.679327+00:00,29.17311848155805
2025-08-15 01:51:54.880448+00:00,29.17826901806984
2025-08-15 01:51:55.423658+00:00,29.17826901806984
2025-08-15 01:51:55.833976+00:00,29.18341955487267
2025-08-15 01:51:56.049599+00:00,29.18857009196654
2025-08-15 01:51:56.396652+00:00,29.18857009196654
2025-08-15 01:51:56.663212+00:00,29.18341955487267
2025-08-15 01:51:57.636515+00:00,29.19887116702739
2025-08-15 01:51:59.444069+00:00,29.17826901806984
2025-08-15 01:52:05.218687+00:00,29.17826901806984
2025-08-15 01:52:08.445318+00:00,29.18341955487267
2025-08-15 01:52:13.005846+00:00,29.18857009196654
2025-08-15 01:52:13.343063+00:00,29.18341955487267
2025-08-15 01:52:13.566397+00:00,29.18341955487267
2025-08-15 01:52:13.787459+00:00,29.17826901806984
2025-08-15 01:52:15.446486+00:00,29.17826901806984
2025-08-15 01:52:16.084771+00:00,29.17311848155805
2025-08-15 01:52:24.244187+00:00,29.18857009196654
2025-08-15 01:52:24.872144+00:00,29.167967945337296
2025-08-15 01:52:25.314960+00:00,29.17826901806984
2025-08-15 01:52:25.987564+00:00,29.17311848155805
2025-08-15 01:52:27.078156+00:00,29.167967945337296
2025-08-15 01:52:28.304259+00:00,29.17311848155805
2025-08-15 01:52:32.735039+00:00,29.167967945337296
2025-08-15 01:52:34.195206+00:00,29.17826901806984
2025-08-15 01:52:34.594452+00:00,29.17826901806984
2025-08-15 01:52:34.872152+00:00,29.17826901806984
2025-08-15 01:52:36.912646+00:00,29.17826901806984
2025-08-15 01:52:37.470084+00:00,29.167967945337296
2025-08-15 01:52:39.835803+00:00,29.17826901806984
2025-08-15 01:52:40.962958+00:00,29.167967945337296
2025-08-15 01:52:41.480550+00:00,29.16281740940758
2025-08-15 01:52:42.770027+00:00,29.16281740940758
2025-08-15 01:52:43.378443+00:00,29.167967945337296
2025-08-15 01:52:43.646186+00:00,29.17311848155805
2025-08-15 01:52:45.186597+00:00,29.167967945337296
2025-08-15 01:52:46.891181+00:00,29.16281740940758
2025-08-15 01:52:51.719962+00:00,29.167967945337296
2025-08-15 01:52:53.229941+00:00,29.157666873768903
2025-08-15 01:52:55.660833+00:00,29.157666873768903
2025-08-15 01:52:56.104888+00:00,29.157666873768903
2025-08-15 01:52:56.622827+00:00,29.16281740940758
2025-08-15 01:52:58.236380+00:00,29.17311848155805
2025-08-15 01:52:58.643273+00:00,29.167967945337296
2025-08-15 01:52:59.069681+00:00,29.167967945337296
2025-08-15 01:53:01.168290+00:00,29.16281740940758
2025-08-15 01:53:06.228552+00:00,29.16281740940758
2025-08-15 01:53:06.734337+00:00,29.16281740940758
2025-08-15 01:53:07.780351+00:00,29.16281740940758
2025-08-15 01:53:08.118922+00:00,29.16281740940758
2025-08-15 01:53:08.569155+00:00,29.157666873768903
2025-08-15 01:53:09.776853+00:00,29.152516338421265
2025-08-15 01:53:10.234433+00:00,29.167967945337296
2025-08-15 01:53:14.571753+00:00,29.167967945337296
2025-08-15 01:53:15.457821+00:00,29.167967945337296
2025-08-15 01:53:15.828590+00:00,29.167967945337296
2025-08-15 01:53:16.170180+00:00,29.157666873768903
2025-08-15 01:53:17.058861+00:00,29.16281740940758
2025-08-15 01:53:18.330811+00:00,29.167967945337296
2025-08-15 01:53:21.151905+00:00,29.157666873768903
2025-08-15 01:53:22.231740+00:00,29.16281740940758
2025-08-15 01:53:24.251704+00:00,29.157666873768903
2025-08-15 01:53:24.469350+00:00,29.157666873768903
2025-08-15 01:53:27.885666+00:00,29.167967945337296
2025-08-15 01:53:29.244648+00:00,29.157666873768903
2025-08-15 01:53:30.820759+00:00,29.16281740940758
2025-08-15 01:53:31.526411+00:00,29.157666873768903
2025-08-15 01:53:33.378562+00:00,29.167967945337296
2025-08-15 01:53:34.982031+00:00,29.167967945337296
2025-08-15 01:53:35.165091+00:00,29.17311848155805
2025-08-15 01:53:35.410072+00:00,29.17826901806984
2025-08-15 01:53:36.308309+00:00,29.167967945337296
2025-08-15 01:53:38.397760+00:00,29.167967945337296
2025-08-15 01:53:38.877346+00:00,29.17311848155805
2025-08-15 01:53:39.332520+00:00,29.17826901806984
2025-08-15 01:53:40.911811+00:00,29.167967945337296
2025-08-15 01:53:42.167426+00:00,29.167967945337296
2025-08-15 01:53:44.013891+00:00,29.167967945337296
2025-08-15 01:53:44.535552+00:00,29.157666873768903
2025-08-15 01:53:45.803847+00:00,29.157666873768903
2025-08-15 01:53:46.252176+00:00,29.167967945337296
2025-08-15 01:53:46.742629+00:00,29.157666873768903
2025-08-15 01:53:47.404514+00:00,29.167967945337296
2025-08-15 01:53:50.613856+00:00,29.16281740940758
2025-08-15 01:53:56.010578+00:00,29.147365803364664
2025-08-15 01:53:56.295187+00:00,29.16281740940758
2025-08-15 01:53:56.478392+00:00,29.157666873768903
2025-08-15 01:53:56.668778+00:00,29.16281740940758
2025-08-15 01:53:57.481222+00:00,29.17311848155805
2025-08-15 01:53:59.228709+00:00,29.152516338421265
2025-08-15 01:54:03.794177+00:00,29.147365803364664
2025-08-15 01:54:09.000487+00:00,29.142215268599102
2025-08-15 01:54:09.543436+00:00,29.152516338421265
2025-08-15 01:54:09.891074+00:00,29.157666873768903
2025-08-15 01:54:10.357652+00:00,29.157666873768903
2025-08-15 01:54:10.916872+00:00,29.152516338421265
2025-08-15 01:54:11.374960+00:00,29.111312066117534
2025-08-15 01:54:11.848076+00:00,29.152516338421265
2025-08-15 01:54:13.854278+00:00,29.147365803364664
2025-08-15 01:54:14.497831+00:00,29.152516338421265
2025-08-15 01:54:16.265451+00:00,29.152516338421265
2025-08-15 01:54:19.700216+00:00,29.157666873768903
2025-08-15 01:54:20.142708+00:00,29.16281740940758
2025-08-15 01:54:22.026938+00:00,29.157666873768903
2025-08-15 01:54:22.784666+00:00,29.152516338421265
2025-08-15 01:54:24.454503+00:00,29.152516338421265
2025-08-15 01:54:25.958555+00:00,29.157666873768903
2025-08-15 01:54:26.884837+00:00,29.152516338421265
2025-08-15 01:54:28.476102+00:00,29.157666873768903
2025-08-15 01:54:29.019008+00:00,29.157666873768903
2025-08-15 01:54:29.317260+00:00,29.167967945337296
2025-08-15 01:54:29.578326+00:00,29.16281740940758
2025-08-15 01:54:32.858587+00:00,29.16281740940758
2025-08-15 01:54:36.962808+00:00,29.167967945337296
2025-08-15 01:54:37.850541+00:00,29.16281740940758
2025-08-15 01:54:40.302974+00:00,29.157666873768903
2025-08-15 01:54:41.432728+00:00,29.16281740940758
2025-08-15 01:54:43.592548+00:00,29.167967945337296
2025-08-15 01:54:43.983097+00:00,29.167967945337296
2025-08-15 01:54:49.485179+00:00,29.17826901806984
2025-08-15 01:54:51.716864+00:00,29.17826901806984
2025-08-15 01:54:54.590642+00:00,29.17311848155805
2025-08-15 01:54:56.933168+00:00,29.167967945337296
2025-08-15 01:54:59.630296+00:00,29.167967945337296
2025-08-15 01:54:59.996738+00:00,29.16281740940758
2025-08-15 01:55:01.007974+00:00,29.167967945337296
2025-08-15 01:55:01.622383+00:00,29.17311848155805
2025-08-15 01:55:04.340671+00:00,29.167967945337296
2025-08-15 01:55:04.824533+00:00,29.16281740940758
2025-08-15 01:55:05.135710+00:00,29.167967945337296
2025-08-15 01:55:05.505812+00:00,29.167967945337296
2025-08-15 01:55:05.846908+00:00,29.167967945337296
2025-08-15 01:55:07.815622+00:00,29.17311848155805
2025-08-15 01:55:09.906044+00:00,29.17311848155805
2025-08-15 01:55:12.423213+00:00,29.17311848155805
2025-08-15 01:55:13.951406+00:00,29.16281740940758
2025-08-15 01:55:15.214956+00:00,29.167967945337296
2025-08-15 01:55:15.781416+00:00,29.167967945337296
2025-08-15 01:55:20.601578+00:00,29.167967945337296
2025-08-15 01:55:21.849128+00:00,29.167967945337296
2025-08-15 01:55:24.292209+00:00,29.157666873768903
2025-08-15 01:55:26.782167+00:00,29.167967945337296
2025-08-15 01:55:27.856584+00:00,29.167967945337296
2025-08-15 01:55:34.024935+00:00,29.17311848155805
2025-08-15 01:55:37.100448+00:00,29.16281740940758
2025-08-15 01:55:37.518457+00:00,29.16281740940758
2025-08-15 01:55:38.449282+00:00,29.17826901806984
2025-08-15 01:55:42.599769+00:00,29.167967945337296
2025-08-15 01:55:43.051398+00:00,29.16281740940758
2025-08-15 01:55:43.430256+00:00,29.167967945337296
2025-08-15 01:55:44.789082+00:00,29.167967945337296
2025-08-15 01:55:45.582748+00:00,29.167967945337296
2025-08-15 01:55:48.779836+00:00,29.16281740940758
2025-08-15 01:55:49.992772+00:00,29.17826901806984
2025-08-15 01:55:50.177854+00:00,29.17311848155805
2025-08-15 01:55:52.982565+00:00,29.17311848155805
2025-08-15 01:55:56.982248+00:00,29.167967945337296
2025-08-15 01:55:59.273131+00:00,29.167967945337296
2025-08-15 01:56:00.696358+00:00,29.167967945337296
2025-08-15 01:56:01.315412+00:00,29.167967945337296
2025-08-15 01:56:02.773715+00:00,29.167967945337296
2025-08-15 01:56:04.480125+00:00,29.17311848155805
2025-08-15 01:56:06.670362+00:00,29.17311848155805
2025-08-15 01:56:10.039722+00:00,29.167967945337296
2025-08-15 01:56:13.245646+00:00,29.17826901806984
2025-08-15 01:56:14.556249+00:00,29.17311848155805
2025-08-15 01:56:15.428180+00:00,29.167967945337296
2025-08-15 01:56:16.289251+00:00,29.17311848155805
2025-08-15 01:56:17.457200+00:00,29.167967945337296
2025-08-15 01:56:18.933863+00:00,29.167967945337296
2025-08-15 01:56:19.654565+00:00,29.17311848155805
2025-08-15 01:56:20.056710+00:00,29.17826901806984
2025-08-15 01:56:21.647786+00:00,29.167967945337296
2025-08-15 01:56:23.909376+00:00,29.167967945337296
2025-08-15 01:56:24.112094+00:00,29.167967945337296
2025-08-15 01:56:25.672915+00:00,29.17826901806984
2025-08-15 01:56:27.873747+00:00,29.167967945337296
2025-08-15 01:56:28.323482+00:00,29.16281740940758
2025-08-15 01:56:29.986189+00:00,29.167967945337296
2025-08-15 01:56:32.260174+00:00,29.167967945337296
2025-08-15 01:56:32.605526+00:00,29.17311848155805
2025-08-15 01:56:33.043774+00:00,29.18857009196654
2025-08-15 01:56:34.823284+00:00,29.17826901806984
2025-08-15 01:56:36.223718+00:00,29.167967945337296
2025-08-15 01:56:37.287883+00:00,29.17311848155805
2025-08-15 01:56:39.265459+00:00,29.16281740940758
2025-08-15 01:56:40.844855+00:00,29.17826901806984
2025-08-15 01:56:43.868600+00:00,29.167967945337296
2025-08-15 01:56:45.811917+00:00,29.17311848155805
2025-08-15 01:56:46.829322+00:00,29.17311848155805
2025-08-15 01:56:51.204426+00:00,29.17311848155805
2025-08-15 01:56:51.917125+00:00,29.167967945337296
2025-08-15 01:56:52.702593+00:00,29.167967945337296
2025-08-15 01:56:54.063208+00:00,29.167967945337296
2025-08-15 01:56:55.171697+00:00,29.167967945337296
2025-08-15 01:56:58.892024+00:00,29.17826901806984
2025-08-15 01:57:00.690788+00:00,29.18341955487267
2025-08-15 01:57:07.160001+00:00,29.167967945337296
2025-08-15 01:57:08.344539+00:00,29.16281740940758
2025-08-15 01:57:08.936358+00:00,29.16281740940758
2025-08-15 01:57:09.293128+00:00,29.167967945337296
2025-08-15 01:57:09.768971+00:00,29.17311848155805
2025-08-15 01:57:14.597179+00:00,29.167967945337296
2025-08-15 01:57:16.119313+00:00,29.16281740940758
2025-08-15 01:57:18.391429+00:00,29.16281740940758
2025-08-15 01:57:18.772552+00:00,29.152516338421265
2025-08-15 01:57:24.103963+00:00,29.157666873768903
2025-08-15 01:57:24.456569+00:00,29.16281740940758
2025-08-15 01:57:26.154521+00:00,29.17311848155805
2025-08-15 01:57:26.863066+00:00,29.157666873768903
2025-08-15 01:57:27.205825+00:00,29.16281740940758
2025-08-15 01:57:27.671284+00:00,29.167967945337296
2025-08-15 01:57:27.997323+00:00,29.157666873768903
2025-08-15 01:57:29.621011+00:00,29.157666873768903
2025-08-15 01:57:31.696035+00:00,29.157666873768903
2025-08-15 01:57:33.333964+00:00,29.16281740940758
2025-08-15 01:57:33.940454+00:00,29.167967945337296
2025-08-15 01:57:34.358685+00:00,29.167967945337296
2025-08-15 01:57:34.802114+00:00,29.152516338421265
2025-08-15 01:57:36.722820+00:00,29.16281740940758
2025-08-15 01:57:41.927459+00:00,29.157666873768903
2025-08-15 01:57:43.005244+00:00,29.157666873768903
2025-08-15 01:57:43.529148+00:00,29.142215268599102
2025-08-15 01:57:43.743029+00:00,29.157666873768903
2025-08-15 01:57:44.092840+00:00,29.16281740940758
2025-08-15 01:57:44.330414+00:00,29.157666873768903
2025-08-15 01:57:44.736784+00:00,29.157666873768903
2025-08-15 01:57:48.251890+00:00,29.147365803364664
2025-08-15 01:57:48.803822+00:00,29.157666873768903
2025-08-15 01:57:49.321662+00:00,29.16281740940758
2025-08-15 01:57:50.218242+00:00,29.152516338421265
2025-08-15 01:57:50.885457+00:00,29.157666873768903
2025-08-15 01:57:51.831729+00:00,29.152516338421265
2025-08-15 01:57:54.438583+00:00,29.147365803364664
2025-08-15 01:57:56.596948+00:00,29.147365803364664
2025-08-15 01:57:56.868428+00:00,29.147365803364664
2025-08-15 01:57:57.088116+00:00,29.142215268599102
2025-08-15 01:57:57.344962+00:00,29.147365803364664
2025-08-15 01:57:57.597975+00:00,29.147365803364664
2025-08-15 01:57:58.771888+00:00,29.147365803364664
2025-08-15 01:58:01.595036+00:00,29.152516338421265
2025-08-15 01:58:11.587533+00:00,29.147365803364664
2025-08-15 01:58:17.424944+00:00,29.152516338421265
2025-08-15 01:58:18.509239+00:00,29.13706473412458
2025-08-15 01:58:19.059902+00:00,29.147365803364664
2025-08-15 01:58:19.995673+00:00,29.142215268599102
2025-08-15 01:58:20.471625+00:00,29.147365803364664
2025-08-15 01:58:21.040253+00:00,29.152516338421265
2025-08-15 01:58:23.704863+00:00,29.157666873768903
2025-08-15 01:58:23.897763+00:00,29.152516338421265
2025-08-15 01:58:24.387052+00:00,29.147365803364664
2025-08-15 01:58:24.766741+00:00,29.152516338421265
2025-08-15 01:58:25.737157+00:00,29.157666873768903
2025-08-15 01:58:26.380704+00:00,29.152516338421265
2025-08-15 01:58:28.127581+00:00,29.157666873768903
2025-08-15 01:58:28.353784+00:00,29.147365803364664
2025-08-15 01:58:29.505634+00:00,29.152516338421265
2025-08-15 01:58:29.871070+00:00,29.152516338421265
2025-08-15 01:58:32.600770+00:00,29.147365803364664
2025-08-15 01:58:34.769631+00:00,29.152516338421265
2025-08-15 01:58:35.605254+00:00,29.147365803364664
2025-08-15 01:58:37.206537+00:00,29.147365803364664
2025-08-15 01:58:37.761131+00:00,29.157666873768903
2025-08-15 01:58:40.073203+00:00,29.157666873768903
2025-08-15 01:58:41.702479+00:00,29.157666873768903
2025-08-15 01:58:42.595999+00:00,29.142215268599102
2025-08-15 01:58:43.741888+00:00,29.16281740940758
2025-08-15 01:58:47.634562+00:00,29.16281740940758
2025-08-15 01:58:48.652853+00:00,29.157666873768903
2025-08-15 01:58:49.044228+00:00,29.157666873768903
2025-08-15 01:58:50.099286+00:00,29.142215268599102
2025-08-15 01:58:51.094550+00:00,29.157666873768903
2025-08-15 01:58:52.013668+00:00,29.157666873768903
2025-08-15 01:58:53.310719+00:00,29.152516338421265
2025-08-15 01:58:55.029170+00:00,29.157666873768903
2025-08-15 01:58:56.214309+00:00,29.152516338421265
2025-08-15 01:58:56.874219+00:00,29.147365803364664
2025-08-15 01:58:58.042361+00:00,29.157666873768903
2025-08-15 01:58:59.708298+00:00,29.147365803364664
2025-08-15 01:59:00.599983+00:00,29.147365803364664
2025-08-15 01:59:09.135770+00:00,29.147365803364664
2025-08-15 01:59:11.815840+00:00,29.147365803364664
2025-08-15 01:59:14.841105+00:00,29.157666873768903
2025-08-15 01:59:23.410850+00:00,29.147365803364664
2025-08-15 01:59:25.403718+00:00,29.147365803364664
2025-08-15 01:59:27.587741+00:00,29.142215268599102
2025-08-15 01:59:30.121881+00:00,29.13706473412458
2025-08-15 01:59:36.260279+00:00,29.152516338421265
2025-08-15 01:59:37.206297+00:00,29.147365803364664
2025-08-15 01:59:38.732167+00:00,29.152516338421265
2025-08-15 01:59:40.037170+00:00,29.152516338421265
2025-08-15 01:59:40.317807+00:00,29.152516338421265
2025-08-15 01:59:40.527784+00:00,29.147365803364664
2025-08-15 01:59:41.215362+00:00,29.16281740940758
2025-08-15 01:59:41.794571+00:00,29.157666873768903
2025-08-15 01:59:42.335531+00:00,29.157666873768903
2025-08-15 01:59:42.885862+00:00,29.167967945337296
2025-08-15 01:59:43.254451+00:00,29.157666873768903
2025-08-15 01:59:43.620276+00:00,29.152516338421265
2025-08-15 01:59:48.441375+00:00,29.16281740940758
2025-08-15 01:59:48.811339+00:00,29.157666873768903
2025-08-15 01:59:49.217535+00:00,29.152516338421265
2025-08-15 01:59:49.776355+00:00,29.147365803364664
2025-08-15 01:59:50.201119+00:00,29.157666873768903
2025-08-15 01:59:51.069296+00:00,29.147365803364664
2025-08-15 01:59:51.256220+00:00,29.152516338421265
2025-08-15 01:59:51.707409+00:00,29.157666873768903
2025-08-15 01:59:53.678841+00:00,29.157666873768903
2025-08-15 01:59:54.530500+00:00,29.152516338421265
2025-08-15 01:59:56.436094+00:00,29.147365803364664
2025-08-15 01:59:59.119919+00:00,29.157666873768903
2025-08-15 01:59:59.385753+00:00,29.157666873768903
2025-08-15 02:00:10.405300+00:00,29.147365803364664
2025-08-15 02:00:11.966285+00:00,29.152516338421265
2025-08-15 02:00:14.847649+00:00,29.142215268599102
2025-08-15 02:00:15.833818+00:00,29.13706473412458
2025-08-15 02:00:18.907266+00:00,29.13706473412458
2025-08-15 02:00:19.468516+00:00,29.13706473412458
2025-08-15 02:00:21.423135+00:00,29.13706473412458
2025-08-15 02:00:24.272471+00:00,29.142215268599102
2025-08-15 02:00:25.564624+00:00,29.147365803364664
2025-08-15 02:00:30.202100+00:00,29.13706473412458
2025-08-15 02:00:34.644435+00:00,29.142215268599102
2025-08-15 02:00:36.681768+00:00,29.131914199941093
2025-08-15 02:00:39.321052+00:00,29.147365803364664
2025-08-15 02:00:39.937262+00:00,29.126763666048646
2025-08-15 02:00:40.401056+00:00,29.131914199941093
2025-08-15 02:00:40.941442+00:00,29.131914199941093
2025-08-15 02:00:41.566841+00:00,29.121613132447237
2025-08-15 02:00:42.679486+00:00,29.131914199941093
2025-08-15 02:00:44.757985+00:00,29.121613132447237
2025-08-15 02:00:46.423178+00:00,29.126763666048646
2025-08-15 02:00:46.913526+00:00,29.126763666048646
2025-08-15 02:00:48.626491+00:00,29.126763666048646
2025-08-15 02:00:51.124158+00:00,29.13706473412458
2025-08-15 02:00:52.843445+00:00,29.13706473412458
2025-08-15 02:00:53.534486+00:00,29.142215268599102
2025-08-15 02:00:57.450699+00:00,29.126763666048646
2025-08-15 02:00:57.700697+00:00,29.13706473412458
2025-08-15 02:00:58.024879+00:00,29.126763666048646
2025-08-15 02:00:59.722317+00:00,29.142215268599102
2025-08-15 02:01:02.464209+00:00,29.142215268599102
2025-08-15 02:01:04.521807+00:00,29.142215268599102
2025-08-15 02:01:05.739408+00:00,29.131914199941093
2025-08-15 02:01:06.672517+00:00,29.131914199941093
2025-08-15 02:01:07.218276+00:00,29.126763666048646
2025-08-15 02:01:08.970331+00:00,29.131914199941093
2025-08-15 02:01:13.463760+00:00,29.126763666048646
2025-08-15 02:01:17.839146+00:00,29.13706473412458
2025-08-15 02:01:20.132111+00:00,29.13706473412458
2025-08-15 02:01:20.434113+00:00,29.13706473412458
2025-08-15 02:01:20.810457+00:00,29.13706473412458
2025-08-15 02:01:21.744546+00:00,29.13706473412458
2025-08-15 02:01:23.907918+00:00,29.126763666048646
2025-08-15 02:01:25.683890+00:00,29.13706473412458
2025-08-15 02:01:26.098062+00:00,29.142215268599102
2025-08-15 02:01:27.411046+00:00,29.13706473412458
2025-08-15 02:01:29.858029+00:00,29.131914199941093
2025-08-15 02:01:31.912198+00:00,29.13706473412458
2025-08-15 02:01:32.430039+00:00,29.142215268599102
2025-08-15 02:01:32.793733+00:00,29.142215268599102
2025-08-15 02:01:35.512375+00:00,29.142215268599102
2025-08-15 02:01:36.499188+00:00,29.147365803364664
2025-08-15 02:01:37.325086+00:00,29.13706473412458
2025-08-15 02:01:39.375237+00:00,29.147365803364664
2025-08-15 02:01:41.547109+00:00,29.131914199941093
2025-08-15 02:01:44.284948+00:00,29.142215268599102
2025-08-15 02:01:44.487123+00:00,29.147365803364664
2025-08-15 02:01:44.814242+00:00,29.147365803364664
2025-08-15 02:01:46.541196+00:00,29.147365803364664
2025-08-15 02:01:47.437051+00:00,29.147365803364664
2025-08-15 02:01:50.034283+00:00,29.147365803364664
2025-08-15 02:01:50.234220+00:00,29.142215268599102
2025-08-15 02:01:50.442835+00:00,29.152516338421265
2025-08-15 02:01:52.724497+00:00,29.142215268599102
2025-08-15 02:01:54.116302+00:00,29.13706473412458
2025-08-15 02:01:54.958018+00:00,29.142215268599102
2025-08-15 02:01:56.191278+00:00,29.13706473412458
2025-08-15 02:01:57.074816+00:00,29.131914199941093
2025-08-15 02:01:57.522275+00:00,29.142215268599102
2025-08-15 02:01:59.675523+00:00,29.147365803364664
2025-08-15 02:02:02.285838+00:00,29.147365803364664
2025-08-15 02:02:03.086044+00:00,29.147365803364664
2025-08-15 02:02:03.443794+00:00,29.147365803364664
2025-08-15 02:02:04.689142+00:00,29.152516338421265
2025-08-15 02:02:19.195228+00:00,29.152516338421265
2025-08-15 02:02:19.738494+00:00,29.147365803364664
2025-08-15 02:02:20.674736+00:00,29.152516338421265
2025-08-15 02:02:23.339394+00:00,29.147365803364664
2025-08-15 02:02:24.030193+00:00,29.152516338421265
2025-08-15 02:02:24.969655+00:00,29.142215268599102
2025-08-15 02:02:25.181362+00:00,29.142215268599102
2025-08-15 02:02:26.365419+00:00,29.13706473412458
2025-08-15 02:02:26.789974+00:00,29.147365803364664
2025-08-15 02:02:28.529769+00:00,29.142215268599102
2025-08-15 02:02:28.764965+00:00,29.147365803364664
2025-08-15 02:02:28.981402+00:00,29.142215268599102
2025-08-15 02:02:30.884825+00:00,29.142215268599102
2025-08-15 02:02:32.297874+00:00,29.147365803364664
2025-08-15 02:02:33.616021+00:00,29.152516338421265
2025-08-15 02:02:33.826012+00:00,29.147365803364664
2025-08-15 02:02:34.151866+00:00,29.157666873768903
2025-08-15 02:02:34.572781+00:00,29.152516338421265
2025-08-15 02:02:34.929943+00:00,29.167967945337296
2025-08-15 02:02:35.305979+00:00,29.157666873768903
2025-08-15 02:02:35.581402+00:00,29.157666873768903
2025-08-15 02:02:36.525349+00:00,29.157666873768903
2025-08-15 02:02:38.334549+00:00,29.152516338421265
2025-08-15 02:02:38.690141+00:00,29.147365803364664
2025-08-15 02:02:40.215337+00:00,29.147365803364664
2025-08-15 02:02:46.104087+00:00,29.152516338421265
2025-08-15 02:02:46.850634+00:00,29.157666873768903
2025-08-15 02:02:47.317967+00:00,29.167967945337296
2025-08-15 02:02:51.836793+00:00,29.152516338421265
2025-08-15 02:02:52.364746+00:00,29.16281740940758
2025-08-15 02:02:54.268890+00:00,29.152516338421265
2025-08-15 02:02:55.164464+00:00,29.157666873768903
2025-08-15 02:02:55.948956+00:00,29.167967945337296
2025-08-15 02:02:59.515717+00:00,29.16281740940758
2025-08-15 02:03:00.135315+00:00,29.157666873768903
2025-08-15 02:03:01.571723+00:00,29.157666873768903
2025-08-15 02:03:03.244216+00:00,29.157666873768903
2025-08-15 02:03:06.596163+00:00,29.147365803364664
2025-08-15 02:03:07.027174+00:00,29.152516338421265
2025-08-15 02:03:09.761134+00:00,29.157666873768903
2025-08-15 02:03:10.527064+00:00,29.157666873768903
2025-08-15 02:03:14.250685+00:00,29.157666873768903
2025-08-15 02:03:15.958581+00:00,29.157666873768903
2025-08-15 02:03:20.553267+00:00,29.152516338421265
2025-08-15 02:03:22.502077+00:00,29.167967945337296
2025-08-15 02:03:24.063875+00:00,29.152516338421265
2025-08-15 02:03:27.771243+00:00,29.147365803364664
2025-08-15 02:03:29.434964+00:00,29.157666873768903
2025-08-15 02:03:33.051039+00:00,29.152516338421265
2025-08-15 02:03:34.414342+00:00,29.152516338421265
2025-08-15 02:03:35.926464+00:00,29.147365803364664
2025-08-15 02:03:36.253829+00:00,29.147365803364664
2025-08-15 02:03:37.165694+00:00,29.147365803364664
2025-08-15 02:03:37.689627+00:00,29.147365803364664
2025-08-15 02:03:38.024392+00:00,29.157666873768903
2025-08-15 02:03:40.856432+00:00,29.142215268599102
2025-08-15 02:03:41.956356+00:00,29.147365803364664
2025-08-15 02:03:44.271646+00:00,29.152516338421265
2025-08-15 02:03:44.789544+00:00,29.142215268599102
2025-08-15 02:03:46.175823+00:00,29.147365803364664
2025-08-15 02:03:46.577281+00:00,29.147365803364664
2025-08-15 02:03:47.014389+00:00,29.147365803364664
2025-08-15 02:03:47.666673+00:00,29.142215268599102
2025-08-15 02:03:50.179567+00:00,29.13706473412458
2025-08-15 02:03:50.798527+00:00,29.13706473412458
2025-08-15 02:03:52.056450+00:00,29.13706473412458
2025-08-15 02:03:53.071736+00:00,29.147365803364664
2025-08-15 02:03:54.416767+00:00,29.147365803364664
2025-08-15 02:03:56.562897+00:00,29.13706473412458
2025-08-15 02:03:57.491078+00:00,29.13706473412458
2025-08-15 02:04:03.008134+00:00,29.131914199941093
2025-08-15 02:04:04.068423+00:00,29.13706473412458
2025-08-15 02:04:04.525693+00:00,29.13706473412458
2025-08-15 02:04:05.673219+00:00,29.13706473412458
2025-08-15 02:04:06.980277+00:00,29.131914199941093
2025-08-15 02:04:13.871425+00:00,29.147365803364664
2025-08-15 02:04:14.180263+00:00,29.147365803364664
2025-08-15 02:04:15.442805+00:00,29.147365803364664
2025-08-15 02:04:18.249256+00:00,29.142215268599102
2025-08-15 02:04:22.013744+00:00,29.147365803364664
2025-08-15 02:04:22.396303+00:00,29.157666873768903
2025-08-15 02:04:25.655761+00:00,29.147365803364664
2025-08-15 02:04:25.937971+00:00,29.147365803364664
2025-08-15 02:04:26.233126+00:00,29.13706473412458
2025-08-15 02:04:26.639925+00:00,29.152516338421265
2025-08-15 02:04:26.892767+00:00,29.142215268599102
2025-08-15 02:04:27.199543+00:00,29.142215268599102
2025-08-15 02:04:28.940209+00:00,29.147365803364664
2025-08-15 02:04:29.707830+00:00,29.13706473412458
2025-08-15 02:04:31.233841+00:00,29.147365803364664
2025-08-15 02:04:31.965809+00:00,29.142215268599102
2025-08-15 02:04:33.700024+00:00,29.147365803364664
2025-08-15 02:04:38.396971+00:00,29.147365803364664
2025-08-15 02:04:39.063179+00:00,29.147365803364664
2025-08-15 02:04:40.111829+00:00,29.152516338421265
2025-08-15 02:04:41.429865+00:00,29.142215268599102
2025-08-15 02:04:41.829915+00:00,29.157666873768903
2025-08-15 02:04:42.092255+00:00,29.157666873768903
2025-08-15 02:04:43.519598+00:00,29.147365803364664
2025-08-15 02:04:44.380944+00:00,29.157666873768903
2025-08-15 02:04:46.340336+00:00,29.157666873768903
2025-08-15 02:04:50.636797+00:00,29.147365803364664
2025-08-15 02:04:52.173957+00:00,29.152516338421265
2025-08-15 02:04:53.586515+00:00,29.142215268599102
2025-08-15 02:04:54.028106+00:00,29.147365803364664
2025-08-15 02:04:56.384543+00:00,29.157666873768903
2025-08-15 02:04:56.625747+00:00,29.157666873768903
2025-08-15 02:04:57.200371+00:00,29.152516338421265
2025-08-15 02:04:58.399449+00:00,29.18341955487267
2025-08-15 02:04:59.009873+00:00,29.152516338421265
2025-08-15 02:04:59.594947+00:00,29.147365803364664
2025-08-15 02:05:01.589525+00:00,29.147365803364664
2025-08-15 02:05:03.207424+00:00,29.13706473412458
2025-08-15 02:05:03.611379+00:00,29.147365803364664
2025-08-15 02:05:04.972161+00:00,29.147365803364664
2025-08-15 02:05:08.907010+00:00,29.13706473412458
2025-08-15 02:05:09.482478+00:00,29.152516338421265
2025-08-15 02:05:10.327510+00:00,29.147365803364664
2025-08-15 02:05:11.311232+00:00,29.147365803364664
2025-08-15 02:05:12.828233+00:00,29.152516338421265
2025-08-15 02:05:20.560799+00:00,29.147365803364664
2025-08-15 02:05:22.898653+00:00,29.147365803364664
2025-08-15 02:05:23.703499+00:00,29.147365803364664
2025-08-15 02:05:25.945662+00:00,29.147365803364664
2025-08-15 02:05:28.393282+00:00,29.147365803364664
2025-08-15 02:05:28.798206+00:00,29.142215268599102
2025-08-15 02:05:31.456654+00:00,29.157666873768903
2025-08-15 02:05:31.932429+00:00,29.142215268599102
2025-08-15 02:05:32.364578+00:00,29.147365803364664
2025-08-15 02:05:39.236146+00:00,29.157666873768903
2025-08-15 02:05:40.313022+00:00,29.152516338421265
2025-08-15 02:05:46.363090+00:00,29.147365803364664
2025-08-15 02:05:48.995423+00:00,29.147365803364664
2025-08-15 02:05:49.480002+00:00,29.147365803364664
2025-08-15 02:05:51.436972+00:00,29.152516338421265
2025-08-15 02:05:51.669997+00:00,29.147365803364664
2025-08-15 02:05:51.938450+00:00,29.157666873768903
2025-08-15 02:05:53.013301+00:00,29.157666873768903
2025-08-15 02:05:53.443803+00:00,29.152516338421265
2025-08-15 02:05:56.659899+00:00,29.147365803364664
2025-08-15 02:05:57.203463+00:00,29.152516338421265
2025-08-15 02:05:58.136624+00:00,29.147365803364664
2025-08-15 02:05:59.768172+00:00,29.157666873768903
2025-08-15 02:06:00.221838+00:00,29.152516338421265
2025-08-15 02:06:01.846100+00:00,29.147365803364664
2025-08-15 02:06:04.716110+00:00,29.157666873768903
2025-08-15 02:06:07.513091+00:00,29.152516338421265
2025-08-15 02:06:12.547692+00:00,29.152516338421265
2025-08-15 02:06:13.702117+00:00,29.147365803364664
2025-08-15 02:06:14.228395+00:00,29.147365803364664
2025-08-15 02:06:14.493588+00:00,29.157666873768903
2025-08-15 02:06:16.688743+00:00,29.157666873768903
2025-08-15 02:06:17.692532+00:00,29.147365803364664
2025-08-15 02:06:18.139672+00:00,29.147365803364664
2025-08-15 02:06:18.697499+00:00,29.157666873768903
2025-08-15 02:06:21.381126+00:00,29.13706473412458
2025-08-15 02:06:21.599919+00:00,29.157666873768903
2025-08-15 02:06:28.211034+00:00,29.142215268599102
2025-08-15 02:06:29.237360+00:00,29.157666873768903
2025-08-15 02:06:34.027219+00:00,29.147365803364664
2025-08-15 02:06:34.378889+00:00,29.152516338421265
2025-08-15 02:06:34.526853+00:00,29.147365803364664
2025-08-15 02:06:34.754283+00:00,29.152516338421265
2025-08-15 02:06:34.969013+00:00,29.157666873768903
2025-08-15 02:06:35.363232+00:00,29.157666873768903
2025-08-15 02:06:35.613219+00:00,29.16281740940758
2025-08-15 02:06:35.855771+00:00,29.157666873768903
2025-08-15 02:06:36.063591+00:00,29.16281740940758
2025-08-15 02:06:36.273776+00:00,29.157666873768903
2025-08-15 02:06:36.632741+00:00,29.157666873768903
2025-08-15 02:06:36.878278+00:00,29.157666873768903
2025-08-15 02:06:37.133877+00:00,29.157666873768903
2025-08-15 02:06:37.369297+00:00,29.16281740940758
2025-08-15 02:06:37.761231+00:00,29.16281740940758
2025-08-15 02:06:40.285139+00:00,29.152516338421265
2025-08-15 02:06:42.960937+00:00,29.152516338421265
2025-08-15 02:06:44.479679+00:00,29.16281740940758
2025-08-15 02:06:46.471528+00:00,29.157666873768903
2025-08-15 02:06:47.327533+00:00,29.147365803364664
2025-08-15 02:06:49.461440+00:00,29.147365803364664
2025-08-15 02:06:50.786500+00:00,29.147365803364664
2025-08-15 02:06:51.686371+00:00,29.147365803364664
2025-08-15 02:06:53.951954+00:00,29.147365803364664
2025-08-15 02:06:55.592085+00:00,29.152516338421265
2025-08-15 02:06:56.203138+00:00,29.152516338421265
2025-08-15 02:06:57.589704+00:00,29.152516338421265
2025-08-15 02:06:58.418509+00:00,29.147365803364664
2025-08-15 02:06:58.937359+00:00,29.152516338421265
2025-08-15 02:07:06.937354+00:00,29.147365803364664
2025-08-15 02:07:07.555196+00:00,29.152516338421265
2025-08-15 02:07:07.952740+00:00,29.152516338421265
2025-08-15 02:07:08.310503+00:00,29.147365803364664
2025-08-15 02:07:08.623331+00:00,29.147365803364664
2025-08-15 02:07:09.053698+00:00,29.152516338421265
2025-08-15 02:07:10.984996+00:00,29.152516338421265
2025-08-15 02:07:11.589070+00:00,29.147365803364664
2025-08-15 02:07:12.208439+00:00,29.147365803364664
2025-08-15 02:07:12.609262+00:00,29.147365803364664
2025-08-15 02:07:13.151186+00:00,29.147365803364664
2025-08-15 02:07:15.606182+00:00,29.147365803364664
2025-08-15 02:07:16.428176+00:00,29.131914199941093
2025-08-15 02:07:16.813111+00:00,29.142215268599102
2025-08-15 02:07:18.311329+00:00,29.147365803364664
2025-08-15 02:07:19.040261+00:00,29.147365803364664
2025-08-15 02:07:20.091500+00:00,29.157666873768903
2025-08-15 02:07:20.534258+00:00,29.147365803364664
2025-08-15 02:07:22.790941+00:00,29.147365803364664
2025-08-15 02:07:23.066131+00:00,29.147365803364664
2025-08-15 02:07:26.308199+00:00,29.147365803364664
2025-08-15 02:07:31.956674+00:00,29.147365803364664
2025-08-15 02:07:33.900510+00:00,29.147365803364664
2025-08-15 02:07:34.845003+00:00,29.142215268599102
2025-08-15 02:07:36.370105+00:00,29.152516338421265
2025-08-15 02:07:36.591402+00:00,29.157666873768903
2025-08-15 02:07:39.215027+00:00,29.147365803364664
2025-08-15 02:07:40.185690+00:00,29.142215268599102
2025-08-15 02:07:41.544416+00:00,29.13706473412458
2025-08-15 02:07:43.600863+00:00,29.13706473412458
2025-08-15 02:07:43.901973+00:00,29.147365803364664
2025-08-15 02:07:46.369388+00:00,29.147365803364664
2025-08-15 02:07:48.959442+00:00,29.142215268599102
2025-08-15 02:07:49.643111+00:00,29.13706473412458
2025-08-15 02:07:51.119891+00:00,29.13706473412458
2025-08-15 02:07:52.460215+00:00,29.142215268599102
2025-08-15 02:07:53.378098+00:00,29.13706473412458
2025-08-15 02:07:54.696255+00:00,29.13706473412458
2025-08-15 02:07:56.291747+00:00,29.131914199941093
2025-08-15 02:07:58.347523+00:00,29.147365803364664
2025-08-15 02:07:58.917136+00:00,29.142215268599102
2025-08-15 02:07:59.702070+00:00,29.126763666048646
2025-08-15 02:08:01.718221+00:00,29.147365803364664
2025-08-15 02:08:06.079256+00:00,29.147365803364664
2025-08-15 02:08:09.076067+00:00,29.147365803364664
2025-08-15 02:08:10.311787+00:00,29.142215268599102
2025-08-15 02:08:12.793533+00:00,29.152516338421265
2025-08-15 02:08:15.334945+00:00,29.152516338421265
2025-08-15 02:08:15.727015+00:00,29.147365803364664
2025-08-15 02:08:18.128751+00:00,29.147365803364664
2025-08-15 02:08:19.809167+00:00,29.147365803364664
2025-08-15 02:08:21.722567+00:00,29.147365803364664
2025-08-15 02:08:23.445683+00:00,29.142215268599102
2025-08-15 02:08:25.195309+00:00,29.147365803364664
2025-08-15 02:08:25.577122+00:00,29.131914199941093
2025-08-15 02:08:28.241353+00:00,29.142215268599102
2025-08-15 02:08:30.436106+00:00,29.13706473412458
2025-08-15 02:08:35.971806+00:00,29.13706473412458
2025-08-15 02:08:36.577260+00:00,29.142215268599102
2025-08-15 02:08:36.983351+00:00,29.152516338421265
2025-08-15 02:08:37.976546+00:00,29.147365803364664
2025-08-15 02:08:38.529558+00:00,29.147365803364664
2025-08-15 02:08:39.658221+00:00,29.16281740940758
2025-08-15 02:08:40.116502+00:00,29.152516338421265
2025-08-15 02:08:43.332984+00:00,29.152516338421265
2025-08-15 02:08:44.552888+00:00,29.152516338421265
2025-08-15 02:08:45.300964+00:00,29.147365803364664
2025-08-15 02:08:46.084926+00:00,29.147365803364664
2025-08-15 02:08:48.951168+00:00,29.152516338421265
2025-08-15 02:08:49.405388+00:00,29.157666873768903
2025-08-15 02:08:49.650092+00:00,29.152516338421265
2025-08-15 02:08:50.376086+00:00,29.152516338421265
2025-08-15 02:08:51.775109+00:00,29.157666873768903
2025-08-15 02:08:52.378401+00:00,29.157666873768903
2025-08-15 02:08:52.655691+00:00,29.157666873768903
2025-08-15 02:08:54.536641+00:00,29.147365803364664
2025-08-15 02:08:54.745539+00:00,29.167967945337296
2025-08-15 02:08:56.117205+00:00,29.16281740940758
2025-08-15 02:08:58.367387+00:00,29.157666873768903
2025-08-15 02:08:59.399736+00:00,29.152516338421265
2025-08-15 02:09:01.034149+00:00,29.152516338421265
2025-08-15 02:09:01.434124+00:00,29.152516338421265
2025-08-15 02:09:01.967504+00:00,29.152516338421265
2025-08-15 02:09:07.360651+00:00,29.157666873768903
2025-08-15 02:09:17.197709+00:00,29.16281740940758
2025-08-15 02:09:22.407186+00:00,29.157666873768903
2025-08-15 02:09:23.258055+00:00,29.157666873768903
2025-08-15 02:09:23.597710+00:00,29.147365803364664
2025-08-15 02:09:24.859819+00:00,29.152516338421265
2025-08-15 02:09:25.124914+00:00,29.167967945337296
2025-08-15 02:09:25.383195+00:00,29.16281740940758
2025-08-15 02:09:26.505693+00:00,29.17311848155805
2025-08-15 02:09:28.632067+00:00,29.157666873768903
2025-08-15 02:09:33.179311+00:00,29.152516338421265
2025-08-15 02:09:34.680015+00:00,29.152516338421265
2025-08-15 02:09:38.808103+00:00,29.152516338421265
2025-08-15 02:09:38.975170+00:00,29.147365803364664
2025-08-15 02:09:39.209331+00:00,29.157666873768903
2025-08-15 02:09:39.768851+00:00,29.167967945337296
2025-08-15 02:09:41.348274+00:00,29.147365803364664
2025-08-15 02:09:42.803299+00:00,29.152516338421265
2025-08-15 02:09:43.428335+00:00,29.157666873768903
2025-08-15 02:09:43.880371+00:00,29.157666873768903
2025-08-15 02:09:44.181045+00:00,29.152516338421265
2025-08-15 02:09:44.548579+00:00,29.157666873768903
2025-08-15 02:09:44.783406+00:00,29.157666873768903
2025-08-15 02:09:45.037994+00:00,29.152516338421265
2025-08-15 02:09:50.461082+00:00,29.147365803364664
2025-08-15 02:09:52.117305+00:00,29.147365803364664
2025-08-15 02:09:54.088386+00:00,29.147365803364664
2025-08-15 02:09:55.081814+00:00,29.142215268599102
2025-08-15 02:09:56.067127+00:00,29.157666873768903
2025-08-15 02:09:57.773107+00:00,29.147365803364664
2025-08-15 02:09:58.348718+00:00,29.147365803364664
2025-08-15 02:09:58.717865+00:00,29.157666873768903
2025-08-15 02:09:59.774385+00:00,29.147365803364664
2025-08-15 02:10:01.599497+00:00,29.152516338421265
2025-08-15 02:10:03.770017+00:00,29.142215268599102
2025-08-15 02:10:06.732173+00:00,29.152516338421265
2025-08-15 02:10:10.033006+00:00,29.147365803364664
2025-08-15 02:10:20.865876+00:00,29.147365803364664
2025-08-15 02:10:21.440295+00:00,29.152516338421265
2025-08-15 02:10:24.590987+00:00,29.152516338421265
2025-08-15 02:10:28.057975+00:00,29.147365803364664
2025-08-15 02:10:32.878694+00:00,29.147365803364664
2025-08-15 02:10:41.639887+00:00,29.142215268599102
2025-08-15 02:10:42.223317+00:00,29.152516338421265
2025-08-15 02:10:42.663065+00:00,29.13706473412458
2025-08-15 02:10:51.617929+00:00,29.147365803364664
2025-08-15 02:10:52.496677+00:00,29.147365803364664
2025-08-15 02:10:53.664195+00:00,29.147365803364664
2025-08-15 02:10:56.348015+00:00,29.147365803364664
2025-08-15 02:10:57.074305+00:00,29.147365803364664
2025-08-15 02:10:57.474708+00:00,29.13706473412458
2025-08-15 02:10:58.604872+00:00,29.13706473412458
2025-08-15 02:10:59.848109+00:00,29.147365803364664
2025-08-15 02:11:01.669797+00:00,29.152516338421265
2025-08-15 02:11:04.583153+00:00,29.147365803364664
2025-08-15 02:11:12.327137+00:00,29.142215268599102
2025-08-15 02:11:15.279987+00:00,29.147365803364664
2025-08-15 02:11:17.108186+00:00,29.147365803364664
2025-08-15 02:11:19.864506+00:00,29.131914199941093
2025-08-15 02:11:20.129426+00:00,29.147365803364664
2025-08-15 02:11:23.557546+00:00,29.142215268599102
2025-08-15 02:11:24.300274+00:00,29.142215268599102
2025-08-15 02:11:25.946336+00:00,29.13706473412458
2025-08-15 02:11:29.031432+00:00,29.142215268599102
2025-08-15 02:11:35.546571+00:00,29.147365803364664
2025-08-15 02:11:36.812913+00:00,29.147365803364664
2025-08-15 02:11:37.288244+00:00,29.152516338421265
2025-08-15 02:11:40.370140+00:00,29.147365803364664
2025-08-15 02:11:40.653934+00:00,29.142215268599102
2025-08-15 02:11:41.183219+00:00,29.147365803364664
2025-08-15 02:11:41.515769+00:00,29.126763666048646
2025-08-15 02:11:43.764566+00:00,29.13706473412458
2025-08-15 02:11:44.577012+00:00,29.131914199941093
2025-08-15 02:11:44.968822+00:00,29.131914199941093
2025-08-15 02:11:46.363377+00:00,29.13706473412458
2025-08-15 02:11:47.674445+00:00,29.131914199941093
2025-08-15 02:11:48.820509+00:00,29.126763666048646
2025-08-15 02:11:50.164672+00:00,29.13706473412458
2025-08-15 02:11:51.357528+00:00,29.126763666048646
2025-08-15 02:11:52.512858+00:00,29.126763666048646
2025-08-15 02:11:52.938949+00:00,29.131914199941093
2025-08-15 02:11:54.755443+00:00,29.13706473412458
2025-08-15 02:11:56.323138+00:00,29.131914199941093
2025-08-15 02:11:56.696356+00:00,29.13706473412458
2025-08-15 02:11:57.103893+00:00,29.13706473412458
2025-08-15 02:12:02.479338+00:00,29.126763666048646
2025-08-15 02:12:07.330178+00:00,29.121613132447237
2025-08-15 02:12:08.335560+00:00,29.126763666048646
2025-08-15 02:12:10.950795+00:00,29.131914199941093
2025-08-15 02:12:12.663244+00:00,29.126763666048646
2025-08-15 02:12:13.913256+00:00,29.126763666048646
2025-08-15 02:12:17.744113+00:00,29.131914199941093
2025-08-15 02:12:19.386786+00:00,29.131914199941093
2025-08-15 02:12:20.473322+00:00,29.126763666048646
2025-08-15 02:12:22.047587+00:00,29.13706473412458
2025-08-15 02:12:22.705487+00:00,29.13706473412458
2025-08-15 02:12:23.282011+00:00,29.126763666048646
2025-08-15 02:12:24.124711+00:00,29.126763666048646
2025-08-15 02:12:25.929461+00:00,29.126763666048646
2025-08-15 02:12:27.426030+00:00,29.121613132447237
2025-08-15 02:12:28.980268+00:00,29.131914199941093
2025-08-15 02:12:29.717503+00:00,29.121613132447237
2025-08-15 02:12:31.652816+00:00,29.121613132447237
2025-08-15 02:12:37.361748+00:00,29.126763666048646
2025-08-15 02:12:39.018550+00:00,29.131914199941093
2025-08-15 02:12:42.492114+00:00,29.126763666048646
2025-08-15 02:12:44.247451+00:00,29.126763666048646
2025-08-15 02:12:45.201515+00:00,29.126763666048646
2025-08-15 02:12:47.344586+00:00,29.131914199941093
2025-08-15 02:12:49.390266+00:00,29.13706473412458
2025-08-15 02:12:52.090032+00:00,29.126763666048646
2025-08-15 02:12:53.685268+00:00,29.142215268599102
2025-08-15 02:12:54.714156+00:00,29.126763666048646
2025-08-15 02:12:55.934765+00:00,29.13706473412458
2025-08-15 02:12:56.794444+00:00,29.126763666048646
2025-08-15 02:12:57.262176+00:00,29.131914199941093
2025-08-15 02:12:58.357645+00:00,29.131914199941093
2025-08-15 02:12:58.902593+00:00,29.13706473412458
2025-08-15 02:13:00.636893+00:00,29.142215268599102
2025-08-15 02:13:01.150065+00:00,29.131914199941093
2025-08-15 02:13:01.663804+00:00,29.131914199941093
2025-08-15 02:13:02.638393+00:00,29.142215268599102
2025-08-15 02:13:03.643808+00:00,29.13706473412458
2025-08-15 02:13:05.309735+00:00,29.126763666048646
2025-08-15 02:13:06.460835+00:00,29.131914199941093
2025-08-15 02:13:07.435521+00:00,29.131914199941093
2025-08-15 02:13:08.535255+00:00,29.126763666048646
2025-08-15 02:13:12.748583+00:00,29.131914199941093
2025-08-15 02:13:13.777336+00:00,29.126763666048646
2025-08-15 02:13:15.491768+00:00,29.131914199941093
2025-08-15 02:13:17.161065+00:00,29.126763666048646
2025-08-15 02:13:19.708040+00:00,29.147365803364664
2025-08-15 02:13:22.247773+00:00,29.13706473412458
2025-08-15 02:13:24.094128+00:00,29.147365803364664
2025-08-15 02:13:24.678444+00:00,29.147365803364664
2025-08-15 02:13:26.703814+00:00,29.147365803364664
2025-08-15 02:13:26.867446+00:00,29.142215268599102
2025-08-15 02:13:27.527169+00:00,29.142215268599102
2025-08-15 02:13:28.287327+00:00,29.147365803364664
2025-08-15 02:13:28.766015+00:00,29.142215268599102
2025-08-15 02:13:29.023343+00:00,29.147365803364664
2025-08-15 02:13:29.242105+00:00,29.152516338421265
2025-08-15 02:13:29.408917+00:00,29.147365803364664
2025-08-15 02:13:29.652150+00:00,29.157666873768903
2025-08-15 02:13:30.060575+00:00,29.157666873768903
2025-08-15 02:13:31.029665+00:00,29.13706473412458
2025-08-15 02:13:33.603748+00:00,29.152516338421265
2025-08-15 02:13:34.103672+00:00,29.142215268599102
2025-08-15 02:13:35.153765+00:00,29.142215268599102
2025-08-15 02:13:35.673157+00:00,29.142215268599102
2025-08-15 02:13:35.872385+00:00,29.147365803364664
2025-08-15 02:13:39.093458+00:00,29.147365803364664
2025-08-15 02:13:39.970531+00:00,29.157666873768903
2025-08-15 02:13:44.148186+00:00,29.147365803364664
2025-08-15 02:13:50.110737+00:00,29.142215268599102
2025-08-15 02:13:50.330112+00:00,29.142215268599102
2025-08-15 02:13:50.805919+00:00,29.147365803364664
2025-08-15 02:13:51.733778+00:00,29.142215268599102
2025-08-15 02:13:54.074833+00:00,29.147365803364664
2025-08-15 02:13:54.958352+00:00,29.152516338421265
2025-08-15 02:13:55.244184+00:00,29.142215268599102
2025-08-15 02:13:55.736231+00:00,29.147365803364664
2025-08-15 02:13:56.043752+00:00,29.13706473412458
2025-08-15 02:13:58.033243+00:00,29.142215268599102
2025-08-15 02:14:00.151326+00:00,29.147365803364664
2025-08-15 02:14:01.908848+00:00,29.13706473412458
2025-08-15 02:14:08.767567+00:00,29.13706473412458
2025-08-15 02:14:09.125197+00:00,29.13706473412458
2025-08-15 02:14:12.758899+00:00,29.142215268599102
2025-08-15 02:14:13.176501+00:00,29.147365803364664
2025-08-15 02:14:14.087409+00:00,29.142215268599102
2025-08-15 02:14:14.378218+00:00,29.13706473412458
2025-08-15 02:14:14.819779+00:00,29.152516338421265
2025-08-15 02:14:15.070635+00:00,29.13706473412458
2025-08-15 02:14:19.157017+00:00,29.147365803364664
2025-08-15 02:14:19.650422+00:00,29.142215268599102
2025-08-15 02:14:21.018777+00:00,29.13706473412458
2025-08-15 02:14:21.505502+00:00,29.142215268599102
2025-08-15 02:14:23.829101+00:00,29.142215268599102
2025-08-15 02:14:25.285141+00:00,29.142215268599102
2025-08-15 02:14:25.885319+00:00,29.142215268599102
2025-08-15 02:14:27.477278+00:00,29.13706473412458
2025-08-15 02:14:31.526166+00:00,29.13706473412458
2025-08-15 02:14:32.060010+00:00,29.152516338421265
2025-08-15 02:14:34.846778+00:00,29.147365803364664
2025-08-15 02:14:36.541481+00:00,29.142215268599102
2025-08-15 02:14:36.897428+00:00,29.147365803364664
2025-08-15 02:14:37.426921+00:00,29.152516338421265
2025-08-15 02:14:38.535333+00:00,29.147365803364664
2025-08-15 02:14:39.160875+00:00,29.147365803364664
2025-08-15 02:14:39.747028+00:00,29.152516338421265
2025-08-15 02:14:42.458930+00:00,29.147365803364664
2025-08-15 02:14:43.828298+00:00,29.147365803364664
2025-08-15 02:14:44.385811+00:00,29.147365803364664
2025-08-15 02:14:46.861574+00:00,29.13706473412458
2025-08-15 02:14:47.401148+00:00,29.152516338421265
2025-08-15 02:14:47.883593+00:00,29.142215268599102
2025-08-15 02:14:48.359799+00:00,29.147365803364664
2025-08-15 02:14:48.701913+00:00,29.147365803364664
2025-08-15 02:14:49.150840+00:00,29.147365803364664
2025-08-15 02:14:55.092822+00:00,29.147365803364664
2025-08-15 02:14:55.293020+00:00,29.142215268599102
2025-08-15 02:14:56.870901+00:00,29.152516338421265
2025-08-15 02:14:58.123806+00:00,29.147365803364664
2025-08-15 02:14:58.744874+00:00,29.152516338421265
2025-08-15 02:15:00.236645+00:00,29.13706473412458
2025-08-15 02:15:02.558772+00:00,29.142215268599102
2025-08-15 02:15:03.832234+00:00,29.147365803364664
2025-08-15 02:15:07.142135+00:00,29.13706473412458
2025-08-15 02:15:07.607224+00:00,29.13706473412458
2025-08-15 02:15:07.977598+00:00,29.13706473412458
2025-08-15 02:15:08.356608+00:00,29.152516338421265
2025-08-15 02:15:09.526047+00:00,29.147365803364664
2025-08-15 02:15:11.383683+00:00,29.147365803364664
2025-08-15 02:15:12.640848+00:00,29.147365803364664
2025-08-15 02:15:15.100520+00:00,29.147365803364664
2025-08-15 02:15:17.657963+00:00,29.147365803364664
2025-08-15 02:15:24.025728+00:00,29.167967945337296
2025-08-15 02:15:26.805559+00:00,29.157666873768903
2025-08-15 02:15:29.431857+00:00,29.152516338421265
2025-08-15 02:15:33.525794+00:00,29.147365803364664
2025-08-15 02:15:34.525918+00:00,29.147365803364664
2025-08-15 02:15:35.016534+00:00,29.157666873768903
2025-08-15 02:15:35.492547+00:00,29.152516338421265
2025-08-15 02:15:35.906950+00:00,29.157666873768903
2025-08-15 02:15:36.307329+00:00,29.152516338421265
2025-08-15 02:15:39.966477+00:00,29.16281740940758
2025-08-15 02:15:41.774564+00:00,29.147365803364664
2025-08-15 02:15:50.432257+00:00,29.157666873768903
2025-08-15 02:15:51.700779+00:00,29.152516338421265
2025-08-15 02:15:52.160325+00:00,29.152516338421265
2025-08-15 02:15:58.284668+00:00,29.147365803364664
2025-08-15 02:15:58.644465+00:00,29.147365803364664
2025-08-15 02:16:00.865518+00:00,29.157666873768903
2025-08-15 02:16:08.339933+00:00,29.147365803364664
2025-08-15 02:16:08.924401+00:00,29.16281740940758
2025-08-15 02:16:11.058387+00:00,29.147365803364664
2025-08-15 02:16:14.976107+00:00,29.152516338421265
2025-08-15 02:16:16.556420+00:00,29.152516338421265
2025-08-15 02:16:17.314569+00:00,29.152516338421265
2025-08-15 02:16:20.521908+00:00,29.147365803364664
2025-08-15 02:16:23.110944+00:00,29.152516338421265
2025-08-15 02:16:23.479886+00:00,29.147365803364664
2025-08-15 02:16:23.757949+00:00,29.147365803364664
2025-08-15 02:16:24.456420+00:00,29.147365803364664
2025-08-15 02:16:25.318249+00:00,29.142215268599102
2025-08-15 02:16:26.174793+00:00,29.147365803364664
2025-08-15 02:16:27.841420+00:00,29.152516338421265
2025-08-15 02:16:28.592332+00:00,29.142215268599102
2025-08-15 02:16:29.112040+00:00,29.13706473412458
2025-08-15 02:16:29.941646+00:00,29.142215268599102
2025-08-15 02:16:31.266203+00:00,29.142215268599102
2025-08-15 02:16:33.498583+00:00,29.152516338421265
2025-08-15 02:16:34.275946+00:00,29.13706473412458
2025-08-15 02:16:34.692154+00:00,29.147365803364664
2025-08-15 02:16:35.852745+00:00,29.152516338421265
2025-08-15 02:16:36.180937+00:00,29.17311848155805
2025-08-15 02:16:38.036536+00:00,29.142215268599102
2025-08-15 02:16:38.877690+00:00,29.147365803364664
2025-08-15 02:16:39.983366+00:00,29.142215268599102
2025-08-15 02:16:40.866647+00:00,29.142215268599102
2025-08-15 02:16:41.199981+00:00,29.147365803364664
2025-08-15 02:16:41.435744+00:00,29.152516338421265
2025-08-15 02:16:41.840276+00:00,29.152516338421265
2025-08-15 02:16:43.657815+00:00,29.152516338421265
2025-08-15 02:16:43.957049+00:00,29.13706473412458
2025-08-15 02:16:52.792765+00:00,29.147365803364664
2025-08-15 02:16:54.430850+00:00,29.142215268599102
2025-08-15 02:16:55.499879+00:00,29.142215268599102
2025-08-15 02:16:56.512652+00:00,29.142215268599102
2025-08-15 02:16:57.022217+00:00,29.13706473412458
2025-08-15 02:16:58.299350+00:00,29.147365803364664
2025-08-15 02:16:58.733083+00:00,29.142215268599102
2025-08-15 02:16:58.940933+00:00,29.142215268599102
2025-08-15 02:16:59.151935+00:00,29.152516338421265
2025-08-15 02:16:59.453373+00:00,29.147365803364664
2025-08-15 02:17:00.564741+00:00,29.147365803364664
2025-08-15 02:17:04.597345+00:00,29.142215268599102
2025-08-15 02:17:05.388772+00:00,29.13706473412458
2025-08-15 02:17:06.263770+00:00,29.147365803364664
2025-08-15 02:17:06.787278+00:00,29.13706473412458
2025-08-15 02:17:07.245064+00:00,29.147365803364664
2025-08-15 02:17:07.742555+00:00,29.13706473412458
2025-08-15 02:17:08.256156+00:00,29.13706473412458
2025-08-15 02:17:13.762150+00:00,29.13706473412458
2025-08-15 02:17:14.095425+00:00,29.131914199941093
2025-08-15 02:17:16.313745+00:00,29.142215268599102
2025-08-15 02:17:18.823267+00:00,29.13706473412458
2025-08-15 02:17:19.313008+00:00,29.13706473412458
2025-08-15 02:17:20.972897+00:00,29.13706473412458
2025-08-15 02:17:21.582498+00:00,29.13706473412458
2025-08-15 02:17:22.109833+00:00,29.131914199941093
2025-08-15 02:17:22.318462+00:00,29.13706473412458
2025-08-15 02:17:22.666302+00:00,29.142215268599102
2025-08-15 02:17:23.971872+00:00,29.121613132447237
2025-08-15 02:17:24.232201+00:00,29.126763666048646
2025-08-15 02:17:27.639093+00:00,29.147365803364664
2025-08-15 02:17:29.542860+00:00,29.142215268599102
2025-08-15 02:17:29.928075+00:00,29.13706473412458
2025-08-15 02:17:30.629342+00:00,29.13706473412458
2025-08-15 02:17:30.971734+00:00,29.13706473412458
2025-08-15 02:17:31.573491+00:00,29.142215268599102
2025-08-15 02:17:33.252844+00:00,29.142215268599102
2025-08-15 02:17:35.277103+00:00,29.13706473412458
2025-08-15 02:17:36.489098+00:00,29.126763666048646
2025-08-15 02:17:37.173301+00:00,29.131914199941093
2025-08-15 02:17:37.815911+00:00,29.121613132447237
2025-08-15 02:17:38.304772+00:00,29.131914199941093
2025-08-15 02:17:38.620156+00:00,29.147365803364664
2025-08-15 02:17:39.071945+00:00,29.13706473412458
2025-08-15 02:17:41.769303+00:00,29.126763666048646
2025-08-15 02:17:42.756548+00:00,29.131914199941093
2025-08-15 02:17:44.063391+00:00,29.126763666048646
2025-08-15 02:17:47.490177+00:00,29.131914199941093
2025-08-15 02:17:49.556506+00:00,29.13706473412458
2025-08-15 02:17:49.907326+00:00,29.126763666048646
2025-08-15 02:17:50.479393+00:00,29.13706473412458
2025-08-15 02:17:51.145274+00:00,29.13706473412458
2025-08-15 02:17:52.120429+00:00,29.126763666048646
2025-08-15 02:17:55.929237+00:00,29.13706473412458
2025-08-15 02:17:57.182092+00:00,29.142215268599102
2025-08-15 02:18:01.375128+00:00,29.147365803364664
2025-08-15 02:18:01.829347+00:00,29.13706473412458
2025-08-15 02:18:02.561404+00:00,29.167967945337296
2025-08-15 02:18:05.095924+00:00,29.147365803364664
2025-08-15 02:18:06.730551+00:00,29.131914199941093
2025-08-15 02:18:07.397141+00:00,29.147365803364664
2025-08-15 02:18:08.014554+00:00,29.152516338421265
2025-08-15 02:18:09.230514+00:00,29.142215268599102
2025-08-15 02:18:10.931112+00:00,29.142215268599102
2025-08-15 02:18:11.362539+00:00,29.13706473412458
2025-08-15 02:18:20.481393+00:00,29.131914199941093
2025-08-15 02:18:20.806219+00:00,29.13706473412458
2025-08-15 02:18:21.751723+00:00,29.142215268599102
2025-08-15 02:18:22.192831+00:00,29.13706473412458
2025-08-15 02:18:27.714710+00:00,29.131914199941093
2025-08-15 02:18:28.811050+00:00,29.126763666048646
2025-08-15 02:18:29.511947+00:00,29.13706473412458
2025-08-15 02:18:30.277861+00:00,29.126763666048646
2025-08-15 02:18:35.598392+00:00,29.13706473412458
2025-08-15 02:18:36.210937+00:00,29.131914199941093
2025-08-15 02:18:37.998782+00:00,29.13706473412458
2025-08-15 02:18:38.213737+00:00,29.126763666048646
2025-08-15 02:18:39.355065+00:00,29.13706473412458
2025-08-15 02:18:39.997765+00:00,29.126763666048646
2025-08-15 02:18:41.058365+00:00,29.131914199941093
2025-08-15 02:18:41.458901+00:00,29.131914199941093
2025-08-15 02:18:41.699819+00:00,29.147365803364664
2025-08-15 02:18:42.481020+00:00,29.13706473412458
2025-08-15 02:18:44.734954+00:00,29.126763666048646
2025-08-15 02:18:48.044211+00:00,29.126763666048646
2025-08-15 02:18:49.431589+00:00,29.142215268599102
2025-08-15 02:18:50.229332+00:00,29.131914199941093
2025-08-15 02:18:51.138017+00:00,29.126763666048646
2025-08-15 02:18:51.684994+00:00,29.121613132447237
2025-08-15 02:18:52.732350+00:00,29.131914199941093
2025-08-15 02:18:54.265149+00:00,29.13706473412458
2025-08-15 02:18:57.388169+00:00,29.131914199941093
2025-08-15 02:18:58.146933+00:00,29.121613132447237
2025-08-15 02:18:59.442878+00:00,29.126763666048646
2025-08-15 02:18:59.776711+00:00,29.126763666048646
2025-08-15 02:19:02.608581+00:00,29.126763666048646
2025-08-15 02:19:06.868224+00:00,29.131914199941093
2025-08-15 02:19:10.199856+00:00,29.13706473412458
2025-08-15 02:19:17.285444+00:00,29.131914199941093
2025-08-15 02:19:18.555225+00:00,29.126763666048646
2025-08-15 02:19:19.073081+00:00,29.126763666048646
2025-08-15 02:19:19.797162+00:00,29.121613132447237
2025-08-15 02:19:20.894024+00:00,29.121613132447237
2025-08-15 02:19:21.896627+00:00,29.116462599136867
2025-08-15 02:19:25.850037+00:00,29.121613132447237
2025-08-15 02:19:27.204621+00:00,29.121613132447237
2025-08-15 02:19:28.090087+00:00,29.126763666048646
2025-08-15 02:19:28.801385+00:00,29.121613132447237
2025-08-15 02:19:31.531366+00:00,29.121613132447237
2025-08-15 02:19:34.311446+00:00,29.126763666048646
2025-08-15 02:19:35.740940+00:00,29.111312066117534
2025-08-15 02:19:37.202788+00:00,29.121613132447237
2025-08-15 02:19:39.340430+00:00,29.116462599136867
2025-08-15 02:19:40.787862+00:00,29.116462599136867
2025-08-15 02:19:41.403726+00:00,29.116462599136867
2025-08-15 02:19:41.597262+00:00,29.116462599136867
2025-08-15 02:19:41.922659+00:00,29.121613132447237
2025-08-15 02:19:42.182324+00:00,29.131914199941093
2025-08-15 02:19:43.719664+00:00,29.13706473412458
2025-08-15 02:19:44.479112+00:00,29.116462599136867
2025-08-15 02:19:44.923181+00:00,29.116462599136867
2025-08-15 02:19:48.143041+00:00,29.121613132447237
2025-08-15 02:19:49.200579+00:00,29.111312066117534
2025-08-15 02:19:50.137215+00:00,29.116462599136867
2025-08-15 02:19:53.469902+00:00,29.111312066117534
2025-08-15 02:19:54.546723+00:00,29.126763666048646
2025-08-15 02:19:56.809008+00:00,29.121613132447237
2025-08-15 02:19:57.275676+00:00,29.126763666048646
2025-08-15 02:19:58.426306+00:00,29.121613132447237
2025-08-15 02:20:01.330013+00:00,29.126763666048646
2025-08-15 02:20:02.533867+00:00,29.121613132447237
2025-08-15 02:20:03.152785+00:00,29.116462599136867
2025-08-15 02:20:05.917202+00:00,29.116462599136867
2025-08-15 02:20:08.116378+00:00,29.126763666048646
2025-08-15 02:20:09.985285+00:00,29.111312066117534
2025-08-15 02:20:16.129586+00:00,29.121613132447237
2025-08-15 02:20:17.284986+00:00,29.121613132447237
2025-08-15 02:20:19.557412+00:00,29.116462599136867
2025-08-15 02:20:20.728132+00:00,29.116462599136867
2025-08-15 02:20:23.418916+00:00,29.126763666048646
2025-08-15 02:20:30.000795+00:00,29.126763666048646
2025-08-15 02:20:34.941676+00:00,29.126763666048646
2025-08-15 02:20:36.985807+00:00,29.131914199941093
2025-08-15 02:20:37.422492+00:00,29.13706473412458
2025-08-15 02:20:41.420635+00:00,29.131914199941093
2025-08-15 02:20:44.020104+00:00,29.121613132447237
2025-08-15 02:20:47.824887+00:00,29.116462599136867
2025-08-15 02:20:51.089003+00:00,29.121613132447237
2025-08-15 02:20:51.436393+00:00,29.126763666048646
2025-08-15 02:20:52.050293+00:00,29.131914199941093
2025-08-15 02:20:52.970866+00:00,29.126763666048646
2025-08-15 02:20:53.388046+00:00,29.126763666048646
2025-08-15 02:20:57.110089+00:00,29.126763666048646
2025-08-15 02:21:02.560958+00:00,29.126763666048646
2025-08-15 02:21:04.553046+00:00,29.126763666048646
2025-08-15 02:21:05.932791+00:00,29.126763666048646
2025-08-15 02:21:06.389774+00:00,29.126763666048646
2025-08-15 02:21:06.998358+00:00,29.116462599136867
2025-08-15 02:21:07.592241+00:00,29.121613132447237
2025-08-15 02:21:08.054933+00:00,29.131914199941093
2025-08-15 02:21:08.719081+00:00,29.116462599136867
2025-08-15 02:21:18.143849+00:00,29.121613132447237
2025-08-15 02:21:19.505222+00:00,29.116462599136867
2025-08-15 02:21:21.584791+00:00,29.121613132447237
2025-08-15 02:21:23.152336+00:00,29.116462599136867
2025-08-15 02:21:25.579173+00:00,29.121613132447237
2025-08-15 02:21:25.929721+00:00,29.121613132447237
2025-08-15 02:21:26.239385+00:00,29.13706473412458
2025-08-15 02:21:26.714857+00:00,29.131914199941093
2025-08-15 02:21:27.126672+00:00,29.121613132447237
2025-08-15 02:21:27.435001+00:00,29.126763666048646
2025-08-15 02:21:27.742542+00:00,29.126763666048646
2025-08-15 02:21:28.000719+00:00,29.121613132447237
2025-08-15 02:21:31.461101+00:00,29.116462599136867
2025-08-15 02:21:33.975428+00:00,29.116462599136867
2025-08-15 02:21:35.393261+00:00,29.121613132447237
2025-08-15 02:21:36.127011+00:00,29.10616153338924
2025-08-15 02:21:36.783254+00:00,29.111312066117534
2025-08-15 02:21:37.275829+00:00,29.116462599136867
2025-08-15 02:21:38.445736+00:00,29.116462599136867
2025-08-15 02:21:39.213712+00:00,29.116462599136867
2025-08-15 02:21:42.176986+00:00,29.116462599136867
2025-08-15 02:21:44.218192+00:00,29.116462599136867
2025-08-15 02:21:46.464459+00:00,29.121613132447237
2025-08-15 02:21:47.454854+00:00,29.116462599136867
2025-08-15 02:21:48.034518+00:00,29.116462599136867
2025-08-15 02:21:48.454959+00:00,29.116462599136867
2025-08-15 02:21:49.297895+00:00,29.116462599136867
2025-08-15 02:21:49.598369+00:00,29.121613132447237
2025-08-15 02:21:50.794727+00:00,29.121613132447237
2025-08-15 02:21:51.543340+00:00,29.116462599136867
2025-08-15 02:21:51.797507+00:00,29.121613132447237
2025-08-15 02:21:52.010296+00:00,29.121613132447237
2025-08-15 02:21:52.458323+00:00,29.126763666048646
2025-08-15 02:21:52.709118+00:00,29.116462599136867
2025-08-15 02:21:55.884865+00:00,29.121613132447237
2025-08-15 02:21:56.603594+00:00,29.116462599136867
2025-08-15 02:21:58.000225+00:00,29.116462599136867
2025-08-15 02:21:59.852561+00:00,29.116462599136867
2025-08-15 02:22:04.057063+00:00,29.10616153338924
2025-08-15 02:22:09.430833+00:00,29.121613132447237
2025-08-15 02:22:13.325529+00:00,29.121613132447237
2025-08-15 02:22:13.964409+00:00,29.10616153338924
2025-08-15 02:22:14.500162+00:00,29.116462599136867
2025-08-15 02:22:15.705316+00:00,29.116462599136867
2025-08-15 02:22:17.114514+00:00,29.121613132447237
2025-08-15 02:22:18.726821+00:00,29.121613132447237
2025-08-15 02:22:20.482284+00:00,29.116462599136867
2025-08-15 02:22:21.433264+00:00,29.126763666048646
2025-08-15 02:22:22.327500+00:00,29.126763666048646
2025-08-15 02:22:22.722018+00:00,29.116462599136867
2025-08-15 02:22:23.004287+00:00,29.121613132447237
2025-08-15 02:22:24.459203+00:00,29.116462599136867
2025-08-15 02:22:26.672821+00:00,29.116462599136867
2025-08-15 02:22:27.973575+00:00,29.116462599136867
2025-08-15 02:22:28.224681+00:00,29.121613132447237
2025-08-15 02:22:28.411972+00:00,29.121613132447237
2025-08-15 02:22:28.777440+00:00,29.116462599136867
2025-08-15 02:22:29.067071+00:00,29.126763666048646
2025-08-15 02:22:29.369497+00:00,29.121613132447237
2025-08-15 02:22:29.582895+00:00,29.116462599136867
2025-08-15 02:22:31.477110+00:00,29.126763666048646
2025-08-15 02:22:31.910529+00:00,29.121613132447237
2025-08-15 02:22:33.028164+00:00,29.126763666048646
2025-08-15 02:22:34.492437+00:00,29.126763666048646
2025-08-15 02:22:35.250324+00:00,29.126763666048646
2025-08-15 02:22:36.550508+00:00,29.116462599136867
2025-08-15 02:22:36.842961+00:00,29.126763666048646
2025-08-15 02:22:37.118143+00:00,29.131914199941093
2025-08-15 02:22:39.186121+00:00,29.116462599136867
2025-08-15 02:22:39.659117+00:00,29.121613132447237
2025-08-15 02:22:40.702035+00:00,29.126763666048646
2025-08-15 02:22:42.347593+00:00,29.126763666048646
2025-08-15 02:22:43.859543+00:00,29.116462599136867
2025-08-15 02:22:46.547649+00:00,29.121613132447237
2025-08-15 02:22:47.464353+00:00,29.116462599136867
2025-08-15 02:22:50.562349+00:00,29.121613132447237
2025-08-15 02:22:50.917988+00:00,29.126763666048646
2025-08-15 02:22:51.573900+00:00,29.121613132447237
2025-08-15 02:22:52.321980+00:00,29.121613132447237
2025-08-15 02:22:52.556246+00:00,29.121613132447237
2025-08-15 02:22:53.292093+00:00,29.121613132447237
2025-08-15 02:22:53.624731+00:00,29.131914199941093
2025-08-15 02:22:53.843882+00:00,29.126763666048646
2025-08-15 02:22:54.043526+00:00,29.126763666048646
2025-08-15 02:22:54.218795+00:00,29.131914199941093
2025-08-15 02:22:54.441845+00:00,29.126763666048646
2025-08-15 02:22:55.015269+00:00,29.131914199941093
2025-08-15 02:22:55.490181+00:00,29.126763666048646
2025-08-15 02:22:55.823434+00:00,29.126763666048646
2025-08-15 02:22:57.368469+00:00,29.131914199941093
2025-08-15 02:22:57.633700+00:00,29.13706473412458
2025-08-15 02:22:58.591468+00:00,29.13706473412458
2025-08-15 02:22:59.535923+00:00,29.131914199941093
2025-08-15 02:22:59.866764+00:00,29.142215268599102
2025-08-15 02:23:00.245772+00:00,29.142215268599102
2025-08-15 02:23:06.448121+00:00,29.131914199941093
2025-08-15 02:23:07.815998+00:00,29.131914199941093
2025-08-15 02:23:08.264194+00:00,29.13706473412458
2025-08-15 02:23:13.648615+00:00,29.131914199941093
2025-08-15 02:23:14.589116+00:00,29.131914199941093
2025-08-15 02:23:16.780587+00:00,29.126763666048646
2025-08-15 02:23:20.500508+00:00,29.126763666048646
2025-08-15 02:23:22.833652+00:00,29.111312066117534
2025-08-15 02:23:24.925575+00:00,29.13706473412458
2025-08-15 02:23:25.708675+00:00,29.13706473412458
2025-08-15 02:23:26.289036+00:00,29.142215268599102
2025-08-15 02:23:26.769895+00:00,29.13706473412458
2025-08-15 02:23:27.931077+00:00,29.13706473412458
2025-08-15 02:23:29.243465+00:00,29.13706473412458
2025-08-15 02:23:29.970573+00:00,29.13706473412458
2025-08-15 02:23:32.072915+00:00,29.13706473412458
2025-08-15 02:23:34.898074+00:00,29.13706473412458
2025-08-15 02:23:36.019239+00:00,29.13706473412458
2025-08-15 02:23:36.628941+00:00,29.142215268599102
2025-08-15 02:23:38.598784+00:00,29.13706473412458
2025-08-15 02:23:38.907683+00:00,29.13706473412458
2025-08-15 02:23:39.202136+00:00,29.142215268599102
2025-08-15 02:23:39.522917+00:00,29.13706473412458
2025-08-15 02:23:39.785597+00:00,29.142215268599102
2025-08-15 02:23:42.440785+00:00,29.142215268599102
2025-08-15 02:23:42.814916+00:00,29.13706473412458
2025-08-15 02:23:43.049908+00:00,29.142215268599102
2025-08-15 02:23:43.320730+00:00,29.157666873768903
2025-08-15 02:23:47.026547+00:00,29.142215268599102
2025-08-15 02:23:49.236719+00:00,29.142215268599102
2025-08-15 02:23:49.773148+00:00,29.142215268599102
2025-08-15 02:23:50.024057+00:00,29.142215268599102
2025-08-15 02:23:52.498977+00:00,29.147365803364664
2025-08-15 02:23:52.974399+00:00,29.142215268599102
2025-08-15 02:23:53.924478+00:00,29.142215268599102
2025-08-15 02:23:54.801157+00:00,29.142215268599102
2025-08-15 02:23:55.093725+00:00,29.147365803364664
2025-08-15 02:23:55.364369+00:00,29.13706473412458
2025-08-15 02:23:55.615939+00:00,29.13706473412458
2025-08-15 02:23:56.329666+00:00,29.13706473412458
2025-08-15 02:23:58.202370+00:00,29.142215268599102
2025-08-15 02:24:03.137043+00:00,29.142215268599102
2025-08-15 02:24:08.062390+00:00,29.147365803364664
2025-08-15 02:24:09.293293+00:00,29.142215268599102
2025-08-15 02:24:13.463533+00:00,29.147365803364664
2025-08-15 02:24:16.519148+00:00,29.13706473412458
2025-08-15 02:24:19.558911+00:00,29.131914199941093
2025-08-15 02:24:20.435105+00:00,29.142215268599102
2025-08-15 02:24:21.411769+00:00,29.13706473412458
2025-08-15 02:24:22.330180+00:00,29.13706473412458
2025-08-15 02:24:24.152686+00:00,29.142215268599102
2025-08-15 02:24:26.340733+00:00,29.131914199941093
2025-08-15 02:24:26.688730+00:00,29.126763666048646
2025-08-15 02:24:28.662460+00:00,29.131914199941093
2025-08-15 02:24:30.603368+00:00,29.131914199941093
2025-08-15 02:24:34.561244+00:00,29.126763666048646
2025-08-15 02:24:35.164757+00:00,29.131914199941093
2025-08-15 02:24:40.560861+00:00,29.126763666048646
2025-08-15 02:24:40.945593+00:00,29.131914199941093
2025-08-15 02:24:41.379560+00:00,29.126763666048646
2025-08-15 02:24:43.353184+00:00,29.126763666048646
2025-08-15 02:24:43.546905+00:00,29.131914199941093
2025-08-15 02:24:43.813501+00:00,29.126763666048646
2025-08-15 02:24:47.819103+00:00,29.126763666048646
2025-08-15 02:24:49.023151+00:00,29.121613132447237
2025-08-15 02:24:49.299693+00:00,29.126763666048646
2025-08-15 02:24:49.751755+00:00,29.121613132447237
2025-08-15 02:24:50.318729+00:00,29.126763666048646
2025-08-15 02:24:51.155263+00:00,29.126763666048646
2025-08-15 02:24:52.560801+00:00,29.121613132447237
2025-08-15 02:24:53.571960+00:00,29.131914199941093
2025-08-15 02:24:54.738657+00:00,29.126763666048646
2025-08-15 02:24:58.875347+00:00,29.131914199941093
2025-08-15 02:24:59.168082+00:00,29.126763666048646
2025-08-15 02:24:59.603402+00:00,29.126763666048646
2025-08-15 02:25:01.388348+00:00,29.126763666048646
2025-08-15 02:25:09.274690+00:00,29.121613132447237
2025-08-15 02:25:09.846766+00:00,29.121613132447237
2025-08-15 02:25:16.712954+00:00,29.121613132447237
2025-08-15 02:25:18.051036+00:00,29.126763666048646
2025-08-15 02:25:18.792090+00:00,29.142215268599102
2025-08-15 02:25:19.686475+00:00,29.131914199941093
2025-08-15 02:25:21.330994+00:00,29.126763666048646
2025-08-15 02:25:23.117571+00:00,29.131914199941093
2025-08-15 02:25:27.126169+00:00,29.116462599136867
2025-08-15 02:25:28.785455+00:00,29.116462599136867
2025-08-15 02:25:32.176890+00:00,29.13706473412458
2025-08-15 02:25:34.813491+00:00,29.116462599136867
2025-08-15 02:25:39.027288+00:00,29.121613132447237
2025-08-15 02:25:41.366856+00:00,29.121613132447237
2025-08-15 02:25:42.340574+00:00,29.121613132447237
2025-08-15 02:25:44.419032+00:00,29.126763666048646
2025-08-15 02:25:47.409743+00:00,29.126763666048646
2025-08-15 02:25:51.055660+00:00,29.121613132447237
2025-08-15 02:25:51.938203+00:00,29.116462599136867
2025-08-15 02:25:52.706499+00:00,29.116462599136867
2025-08-15 02:25:54.047415+00:00,29.121613132447237
2025-08-15 02:25:55.738529+00:00,29.10616153338924
2025-08-15 02:25:56.566613+00:00,29.116462599136867
2025-08-15 02:25:57.420394+00:00,29.116462599136867
2025-08-15 02:26:00.386280+00:00,29.10616153338924
2025-08-15 02:26:05.885682+00:00,29.111312066117534
2025-08-15 02:26:06.291768+00:00,29.116462599136867
2025-08-15 02:26:06.659689+00:00,29.111312066117534
2025-08-15 02:26:07.337645+00:00,29.10616153338924
2025-08-15 02:26:07.724915+00:00,29.116462599136867
2025-08-15 02:26:08.712329+00:00,29.121613132447237
2025-08-15 02:26:13.042869+00:00,29.10616153338924
2025-08-15 02:26:15.749947+00:00,29.121613132447237
2025-08-15 02:26:16.341510+00:00,29.111312066117534
2025-08-15 02:26:16.766275+00:00,29.116462599136867
2025-08-15 02:26:17.141630+00:00,29.10616153338924
2025-08-15 02:26:17.840957+00:00,29.10616153338924
2025-08-15 02:26:19.075470+00:00,29.121613132447237
2025-08-15 02:26:19.352218+00:00,29.111312066117534
2025-08-15 02:26:19.618112+00:00,29.116462599136867
2025-08-15 02:26:20.270503+00:00,29.111312066117534
2025-08-15 02:26:21.988894+00:00,29.116462599136867
2025-08-15 02:26:22.375895+00:00,29.121613132447237
2025-08-15 02:26:24.982368+00:00,29.116462599136867
2025-08-15 02:26:26.139025+00:00,29.10616153338924
2025-08-15 02:26:26.386896+00:00,29.116462599136867
2025-08-15 02:26:26.715397+00:00,29.126763666048646
2025-08-15 02:26:28.869373+00:00,29.116462599136867
2025-08-15 02:26:32.450065+00:00,29.10616153338924
2025-08-15 02:26:34.029434+00:00,29.111312066117534
2025-08-15 02:26:34.942123+00:00,29.10616153338924
2025-08-15 02:26:35.211249+00:00,29.116462599136867
2025-08-15 02:26:36.045464+00:00,29.116462599136867
2025-08-15 02:26:37.633335+00:00,29.116462599136867
2025-08-15 02:26:40.149485+00:00,29.116462599136867
2025-08-15 02:26:41.361989+00:00,29.116462599136867
2025-08-15 02:26:42.755361+00:00,29.116462599136867
2025-08-15 02:26:43.112317+00:00,29.121613132447237
2025-08-15 02:26:43.340994+00:00,29.126763666048646
2025-08-15 02:26:43.585582+00:00,29.126763666048646
2025-08-15 02:26:43.818662+00:00,29.126763666048646
2025-08-15 02:26:44.086632+00:00,29.131914199941093
2025-08-15 02:26:46.005783+00:00,29.116462599136867
2025-08-15 02:26:46.630945+00:00,29.116462599136867
2025-08-15 02:26:47.706522+00:00,29.126763666048646
2025-08-15 02:26:51.739067+00:00,29.111312066117534
2025-08-15 02:26:54.056416+00:00,29.126763666048646
2025-08-15 02:26:56.461894+00:00,29.121613132447237
2025-08-15 02:26:57.113846+00:00,29.111312066117534
2025-08-15 02:26:57.423502+00:00,29.121613132447237
2025-08-15 02:26:58.784708+00:00,29.116462599136867
2025-08-15 02:26:59.020765+00:00,29.116462599136867
2025-08-15 02:26:59.159297+00:00,29.116462599136867
2025-08-15 02:26:59.345723+00:00,29.121613132447237
2025-08-15 02:27:01.741821+00:00,29.121613132447237
2025-08-15 02:27:04.540304+00:00,29.121613132447237
2025-08-15 02:27:05.316856+00:00,29.111312066117534
2025-08-15 02:27:06.164124+00:00,29.121613132447237
2025-08-15 02:27:06.602415+00:00,29.10616153338924
2025-08-15 02:27:07.072513+00:00,29.111312066117534
2025-08-15 02:27:07.538800+00:00,29.111312066117534
2025-08-15 02:27:18.071765+00:00,29.116462599136867
2025-08-15 02:27:22.048345+00:00,29.10616153338924
2025-08-15 02:27:24.251059+00:00,29.111312066117534
2025-08-15 02:27:24.584927+00:00,29.116462599136867
2025-08-15 02:27:25.043940+00:00,29.111312066117534
2025-08-15 02:27:25.704757+00:00,29.116462599136867
2025-08-15 02:27:26.825118+00:00,29.116462599136867
2025-08-15 02:27:27.233663+00:00,29.116462599136867
2025-08-15 02:27:28.035628+00:00,29.116462599136867
2025-08-15 02:27:33.055571+00:00,29.10616153338924
2025-08-15 02:27:34.972218+00:00,29.111312066117534
2025-08-15 02:27:35.637878+00:00,29.095860468805768
2025-08-15 02:27:37.944916+00:00,29.10616153338924
2025-08-15 02:27:38.931027+00:00,29.10616153338924
2025-08-15 02:27:39.224645+00:00,29.10616153338924
2025-08-15 02:27:40.077738+00:00,29.111312066117534
2025-08-15 02:27:40.385488+00:00,29.116462599136867
2025-08-15 02:27:40.747994+00:00,29.121613132447237
2025-08-15 02:27:42.976923+00:00,29.10616153338924
2025-08-15 02:27:45.704513+00:00,29.101011000951985
2025-08-15 02:27:47.938803+00:00,29.10616153338924
2025-08-15 02:27:48.918667+00:00,29.10616153338924
2025-08-15 02:27:49.351679+00:00,29.10616153338924
2025-08-15 02:27:49.901450+00:00,29.101011000951985
2025-08-15 02:27:51.181836+00:00,29.10616153338924
2025-08-15 02:27:52.576333+00:00,29.111312066117534
2025-08-15 02:27:53.579969+00:00,29.116462599136867
2025-08-15 02:27:54.492297+00:00,29.121613132447237
2025-08-15 02:27:54.942811+00:00,29.10616153338924
2025-08-15 02:27:55.408827+00:00,29.111312066117534
2025-08-15 02:27:57.232734+00:00,29.116462599136867
2025-08-15 02:27:57.507838+00:00,29.111312066117534
2025-08-15 02:27:59.145144+00:00,29.10616153338924
2025-08-15 02:27:59.679282+00:00,29.10616153338924
2025-08-15 02:28:00.279675+00:00,29.10616153338924
2025-08-15 02:28:03.829813+00:00,29.121613132447237
2025-08-15 02:28:09.664236+00:00,29.126763666048646
2025-08-15 02:28:12.182014+00:00,29.116462599136867
2025-08-15 02:28:12.510636+00:00,29.116462599136867
2025-08-15 02:28:12.953024+00:00,29.121613132447237
2025-08-15 02:28:13.201248+00:00,29.121613132447237
2025-08-15 02:28:13.494439+00:00,29.126763666048646
2025-08-15 02:28:17.240813+00:00,29.10616153338924
2025-08-15 02:28:21.633994+00:00,29.116462599136867
2025-08-15 02:28:21.870165+00:00,29.121613132447237
2025-08-15 02:28:24.875740+00:00,29.121613132447237
2025-08-15 02:28:26.507946+00:00,29.116462599136867
2025-08-15 02:28:26.775225+00:00,29.116462599136867
2025-08-15 02:28:27.143470+00:00,29.121613132447237
2025-08-15 02:28:28.734341+00:00,29.111312066117534
2025-08-15 02:28:34.869352+00:00,29.121613132447237
2025-08-15 02:28:35.768407+00:00,29.111312066117534
2025-08-15 02:28:36.165957+00:00,29.121613132447237
2025-08-15 02:28:36.492780+00:00,29.116462599136867
2025-08-15 02:28:36.700333+00:00,29.116462599136867
2025-08-15 02:28:37.151130+00:00,29.116462599136867
2025-08-15 02:28:39.598095+00:00,29.111312066117534
2025-08-15 02:28:40.034025+00:00,29.121613132447237
2025-08-15 02:28:40.685418+00:00,29.111312066117534
2025-08-15 02:28:41.602925+00:00,29.116462599136867
2025-08-15 02:28:43.726490+00:00,29.101011000951985
2025-08-15 02:28:44.378557+00:00,29.10616153338924
2025-08-15 02:28:44.772467+00:00,29.10616153338924
2025-08-15 02:28:47.519430+00:00,29.111312066117534
2025-08-15 02:28:49.575666+00:00,29.116462599136867
2025-08-15 02:28:51.199150+00:00,29.10616153338924
2025-08-15 02:28:51.422186+00:00,29.111312066117534
2025-08-15 02:28:51.898355+00:00,29.101011000951985
2025-08-15 02:28:52.260044+00:00,29.10616153338924
2025-08-15 02:28:52.541761+00:00,29.111312066117534
2025-08-15 02:28:52.952016+00:00,29.10616153338924
2025-08-15 02:28:53.384581+00:00,29.111312066117534
2025-08-15 02:28:53.778201+00:00,29.101011000951985
2025-08-15 02:28:54.003799+00:00,29.111312066117534
2025-08-15 02:28:55.259068+00:00,29.10616153338924
2025-08-15 02:28:55.851147+00:00,29.10616153338924
2025-08-15 02:28:56.441451+00:00,29.101011000951985
2025-08-15 02:28:56.678497+00:00,29.10616153338924
2025-08-15 02:29:02.003987+00:00,29.10616153338924
2025-08-15 02:29:04.120480+00:00,29.10616153338924
2025-08-15 02:29:05.003452+00:00,29.111312066117534
2025-08-15 02:29:05.440338+00:00,29.116462599136867
2025-08-15 02:29:05.978068+00:00,29.101011000951985
2025-08-15 02:29:06.645330+00:00,29.111312066117534
2025-08-15 02:29:10.861729+00:00,29.095860468805768
2025-08-15 02:29:11.405279+00:00,29.10616153338924
2025-08-15 02:29:11.975078+00:00,29.111312066117534
2025-08-15 02:29:12.469953+00:00,29.111312066117534
2025-08-15 02:29:14.550816+00:00,29.111312066117534
2025-08-15 02:29:17.287523+00:00,29.116462599136867
2025-08-15 02:29:18.575756+00:00,29.10616153338924
2025-08-15 02:29:25.856132+00:00,29.095860468805768
2025-08-15 02:29:26.926850+00:00,29.101011000951985
2025-08-15 02:29:27.277273+00:00,29.10616153338924
2025-08-15 02:29:27.880483+00:00,29.101011000951985
2025-08-15 02:29:28.211393+00:00,29.101011000951985
2025-08-15 02:29:29.659052+00:00,29.101011000951985
2025-08-15 02:29:30.845505+00:00,29.09070993695059
2025-08-15 02:29:32.727430+00:00,29.101011000951985
2025-08-15 02:29:33.843744+00:00,29.095860468805768
2025-08-15 02:29:35.413388+00:00,29.09070993695059
2025-08-15 02:29:37.341100+00:00,29.095860468805768
2025-08-15 02:29:37.593905+00:00,29.101011000951985
2025-08-15 02:29:39.158315+00:00,29.10616153338924
2025-08-15 02:29:42.176034+00:00,29.111312066117534
2025-08-15 02:29:44.063153+00:00,29.101011000951985
2025-08-15 02:29:44.591135+00:00,29.09070993695059
2025-08-15 02:29:44.923710+00:00,29.10616153338924
2025-08-15 02:29:45.308133+00:00,29.10616153338924
2025-08-15 02:29:47.244794+00:00,29.101011000951985
2025-08-15 02:29:50.002143+00:00,29.095860468805768
2025-08-15 02:29:51.378380+00:00,29.095860468805768
2025-08-15 02:29:53.210510+00:00,29.101011000951985
2025-08-15 02:29:54.972771+00:00,29.095860468805768
2025-08-15 02:29:58.372138+00:00,29.10616153338924
2025-08-15 02:29:59.667250+00:00,29.101011000951985
2025-08-15 02:30:03.581843+00:00,29.101011000951985
2025-08-15 02:30:04.242663+00:00,29.101011000951985
2025-08-15 02:30:07.443572+00:00,29.101011000951985
2025-08-15 02:30:13.918361+00:00,29.095860468805768
2025-08-15 02:30:14.662025+00:00,29.095860468805768
2025-08-15 02:30:17.943848+00:00,29.101011000951985
2025-08-15 02:30:27.586913+00:00,29.095860468805768
2025-08-15 02:30:29.641460+00:00,29.095860468805768
2025-08-15 02:30:29.992514+00:00,29.10616153338924
2025-08-15 02:30:35.173137+00:00,29.101011000951985
2025-08-15 02:30:36.058830+00:00,29.095860468805768
2025-08-15 02:30:36.459662+00:00,29.101011000951985
2025-08-15 02:30:36.859096+00:00,29.111312066117534
2025-08-15 02:30:37.449407+00:00,29.10616153338924
2025-08-15 02:30:37.858374+00:00,29.095860468805768
2025-08-15 02:30:43.191051+00:00,29.101011000951985
2025-08-15 02:30:43.837875+00:00,29.10616153338924
2025-08-15 02:30:45.092319+00:00,29.101011000951985
2025-08-15 02:30:46.335910+00:00,29.095860468805768
2025-08-15 02:30:47.239193+00:00,29.095860468805768
2025-08-15 02:30:50.323974+00:00,29.095860468805768
2025-08-15 02:30:51.341098+00:00,29.095860468805768
2025-08-15 02:30:52.870127+00:00,29.10616153338924
2025-08-15 02:30:53.147710+00:00,29.10616153338924
2025-08-15 02:30:53.505932+00:00,29.111312066117534
2025-08-15 02:30:54.273078+00:00,29.10616153338924
2025-08-15 02:30:55.702714+00:00,29.10616153338924
2025-08-15 02:30:57.901567+00:00,29.111312066117534
2025-08-15 02:30:58.402209+00:00,29.116462599136867
2025-08-15 02:31:01.954897+00:00,29.116462599136867
2025-08-15 02:31:03.006212+00:00,29.10616153338924
2025-08-15 02:31:05.753384+00:00,29.095860468805768
2025-08-15 02:31:06.436136+00:00,29.10616153338924
2025-08-15 02:31:07.774865+00:00,29.101011000951985
2025-08-15 02:31:08.167858+00:00,29.10616153338924
2025-08-15 02:31:10.791789+00:00,29.095860468805768
2025-08-15 02:31:13.085840+00:00,29.101011000951985
2025-08-15 02:31:13.420656+00:00,29.095860468805768
2025-08-15 02:31:15.751941+00:00,29.116462599136867
2025-08-15 02:31:16.729254+00:00,29.10616153338924
2025-08-15 02:31:18.090143+00:00,29.10616153338924
2025-08-15 02:31:18.734466+00:00,29.10616153338924
2025-08-15 02:31:23.230651+00:00,29.116462599136867
2025-08-15 02:31:24.277046+00:00,29.111312066117534
2025-08-15 02:31:24.605456+00:00,29.111312066117534
2025-08-15 02:31:25.289805+00:00,29.116462599136867
2025-08-15 02:31:25.891830+00:00,29.111312066117534
2025-08-15 02:31:26.334656+00:00,29.111312066117534
2025-08-15 02:31:27.138927+00:00,29.121613132447237
2025-08-15 02:31:27.921990+00:00,29.10616153338924
2025-08-15 02:31:28.216839+00:00,29.116462599136867
2025-08-15 02:31:30.181213+00:00,29.10616153338924
2025-08-15 02:31:32.911930+00:00,29.116462599136867
2025-08-15 02:31:35.475119+00:00,29.101011000951985
2025-08-15 02:31:36.694321+00:00,29.116462599136867
2025-08-15 02:31:37.139128+00:00,29.101011000951985
2025-08-15 02:31:38.358435+00:00,29.101011000951985
2025-08-15 02:31:39.151983+00:00,29.10616153338924
2025-08-15 02:31:41.165977+00:00,29.10616153338924
2025-08-15 02:31:41.998141+00:00,29.10616153338924
2025-08-15 02:31:42.464237+00:00,29.10616153338924
2025-08-15 02:31:42.761468+00:00,29.116462599136867
2025-08-15 02:31:43.080200+00:00,29.111312066117534
2025-08-15 02:31:43.397765+00:00,29.10616153338924
2025-08-15 02:31:45.381851+00:00,29.101011000951985
2025-08-15 02:31:45.873792+00:00,29.10616153338924
2025-08-15 02:31:49.085755+00:00,29.10616153338924
2025-08-15 02:31:49.355549+00:00,29.10616153338924
2025-08-15 02:31:49.620784+00:00,29.111312066117534
2025-08-15 02:31:50.580888+00:00,29.10616153338924
2025-08-15 02:31:51.016689+00:00,29.10616153338924
2025-08-15 02:31:51.284191+00:00,29.101011000951985
2025-08-15 02:31:54.058398+00:00,29.101011000951985
2025-08-15 02:31:54.425133+00:00,29.095860468805768
2025-08-15 02:31:55.597476+00:00,29.09070993695059
2025-08-15 02:31:57.738897+00:00,29.095860468805768
2025-08-15 02:31:58.914594+00:00,29.101011000951985
2025-08-15 02:31:59.682288+00:00,29.101011000951985
2025-08-15 02:32:02.125219+00:00,29.111312066117534
2025-08-15 02:32:03.507772+00:00,29.111312066117534
2025-08-15 02:32:05.201768+00:00,29.101011000951985
2025-08-15 02:32:06.635588+00:00,29.095860468805768
2025-08-15 02:32:07.597750+00:00,29.111312066117534
2025-08-15 02:32:08.533126+00:00,29.111312066117534
2025-08-15 02:32:11.548757+00:00,29.10616153338924
2025-08-15 02:32:15.215230+00:00,29.116462599136867
2025-08-15 02:32:16.354152+00:00,29.111312066117534
2025-08-15 02:32:17.839920+00:00,29.10616153338924
2025-08-15 02:32:18.836060+00:00,29.10616153338924
2025-08-15 02:32:21.515725+00:00,29.111312066117534
2025-08-15 02:32:21.876283+00:00,29.101011000951985
2025-08-15 02:32:25.117538+00:00,29.101011000951985
2025-08-15 02:32:27.377205+00:00,29.095860468805768
2025-08-15 02:32:28.289296+00:00,29.101011000951985
2025-08-15 02:32:28.964776+00:00,29.13706473412458
2025-08-15 02:32:33.098246+00:00,29.10616153338924
2025-08-15 02:32:35.307149+00:00,29.10616153338924
2025-08-15 02:32:37.151309+00:00,29.111312066117534
2025-08-15 02:32:37.386566+00:00,29.10616153338924
2025-08-15 02:32:37.962088+00:00,29.121613132447237
2025-08-15 02:32:38.900251+00:00,29.111312066117534
2025-08-15 02:32:39.685981+00:00,29.10616153338924
2025-08-15 02:32:40.512704+00:00,29.111312066117534
2025-08-15 02:32:41.530987+00:00,29.111312066117534
2025-08-15 02:32:43.502459+00:00,29.116462599136867
2025-08-15 02:32:44.554675+00:00,29.095860468805768
2025-08-15 02:32:44.806324+00:00,29.10616153338924
2025-08-15 02:32:48.814117+00:00,29.101011000951985
2025-08-15 02:32:50.179004+00:00,29.101011000951985
2025-08-15 02:32:50.394980+00:00,29.10616153338924
2025-08-15 02:32:50.621901+00:00,29.111312066117534
2025-08-15 02:32:50.921479+00:00,29.116462599136867
2025-08-15 02:32:51.497753+00:00,29.116462599136867
2025-08-15 02:32:53.906421+00:00,29.10616153338924
2025-08-15 02:32:55.314296+00:00,29.10616153338924
2025-08-15 02:32:57.140127+00:00,29.116462599136867
2025-08-15 02:32:58.518511+00:00,29.09070993695059
2025-08-15 02:33:00.206166+00:00,29.101011000951985
2025-08-15 02:33:03.447469+00:00,29.101011000951985
2025-08-15 02:33:05.788924+00:00,29.10616153338924
2025-08-15 02:33:08.186506+00:00,29.10616153338924
2025-08-15 02:33:09.088827+00:00,29.10616153338924
2025-08-15 02:33:10.848279+00:00,29.095860468805768
2025-08-15 02:33:11.517783+00:00,29.101011000951985
2025-08-15 02:33:13.428990+00:00,29.101011000951985
2025-08-15 02:33:15.542593+00:00,29.101011000951985
2025-08-15 02:33:17.672136+00:00,29.10616153338924
2025-08-15 02:33:19.622531+00:00,29.111312066117534
2025-08-15 02:33:19.954487+00:00,29.10616153338924
2025-08-15 02:33:20.127735+00:00,29.10616153338924
2025-08-15 02:33:20.486810+00:00,29.111312066117534
2025-08-15 02:33:22.249642+00:00,29.13706473412458
2025-08-15 02:33:23.497002+00:00,29.10616153338924
2025-08-15 02:33:23.738243+00:00,29.10616153338924
2025-08-15 02:33:24.063680+00:00,29.10616153338924
2025-08-15 02:33:27.412731+00:00,29.095860468805768
2025-08-15 02:33:28.484237+00:00,29.10616153338924
2025-08-15 02:33:29.070465+00:00,29.111312066117534
2025-08-15 02:33:35.748088+00:00,29.10616153338924
2025-08-15 02:33:36.078965+00:00,29.116462599136867
2025-08-15 02:33:37.042185+00:00,29.111312066117534
2025-08-15 02:33:39.391904+00:00,29.116462599136867
2025-08-15 02:33:40.444802+00:00,29.10616153338924
2025-08-15 02:33:41.364273+00:00,29.111312066117534
2025-08-15 02:33:42.499753+00:00,29.116462599136867
2025-08-15 02:33:42.766534+00:00,29.10616153338924
2025-08-15 02:33:44.898046+00:00,29.10616153338924
2025-08-15 02:33:50.854891+00:00,29.111312066117534
2025-08-15 02:33:51.413073+00:00,29.10616153338924
2025-08-15 02:33:51.731386+00:00,29.111312066117534
2025-08-15 02:33:51.932293+00:00,29.10616153338924
2025-08-15 02:33:52.184634+00:00,29.121613132447237
2025-08-15 02:33:52.669182+00:00,29.111312066117534
2025-08-15 02:33:54.424752+00:00,29.10616153338924
2025-08-15 02:33:54.929172+00:00,29.116462599136867
2025-08-15 02:33:55.829669+00:00,29.10616153338924
2025-08-15 02:33:58.645378+00:00,29.111312066117534
2025-08-15 02:33:58.962748+00:00,29.10616153338924
2025-08-15 02:34:01.685492+00:00,29.111312066117534
2025-08-15 02:34:12.037169+00:00,29.116462599136867
2025-08-15 02:34:16.829426+00:00,29.10616153338924
2025-08-15 02:34:20.179665+00:00,29.10616153338924
2025-08-15 02:34:21.007946+00:00,29.101011000951985
2025-08-15 02:34:22.427466+00:00,29.111312066117534
2025-08-15 02:34:23.198959+00:00,29.111312066117534
2025-08-15 02:34:26.558256+00:00,29.10616153338924
2025-08-15 02:34:26.855048+00:00,29.10616153338924
2025-08-15 02:34:27.117014+00:00,29.101011000951985
2025-08-15 02:34:27.243876+00:00,29.111312066117534
2025-08-15 02:34:28.286697+00:00,29.111312066117534
2025-08-15 02:34:31.142091+00:00,29.10616153338924
2025-08-15 02:34:35.441969+00:00,29.095860468805768
2025-08-15 02:34:36.669128+00:00,29.101011000951985
2025-08-15 02:34:37.637398+00:00,29.101011000951985
2025-08-15 02:34:38.054220+00:00,29.095860468805768
2025-08-15 02:34:40.495901+00:00,29.10616153338924
2025-08-15 02:34:40.714856+00:00,29.095860468805768
2025-08-15 02:34:42.091931+00:00,29.101011000951985
2025-08-15 02:34:42.752626+00:00,29.101011000951985
2025-08-15 02:34:43.311839+00:00,29.095860468805768
2025-08-15 02:34:44.290057+00:00,29.101011000951985
2025-08-15 02:34:48.635716+00:00,29.10616153338924
2025-08-15 02:34:50.524314+00:00,29.10616153338924
2025-08-15 02:34:50.815837+00:00,29.101011000951985
2025-08-15 02:34:51.087342+00:00,29.10616153338924
2025-08-15 02:34:51.301718+00:00,29.101011000951985
2025-08-15 02:34:51.536122+00:00,29.10616153338924
2025-08-15 02:34:52.572152+00:00,29.095860468805768
2025-08-15 02:34:53.464214+00:00,29.101011000951985
2025-08-15 02:34:54.720088+00:00,29.095860468805768
2025-08-15 02:34:55.594196+00:00,29.085559405386448
2025-08-15 02:34:57.535750+00:00,29.080408874113346
2025-08-15 02:34:58.070789+00:00,29.085559405386448
2025-08-15 02:34:58.969963+00:00,29.095860468805768
2025-08-15 02:34:59.636686+00:00,29.095860468805768
2025-08-15 02:34:59.958100+00:00,29.09070993695059
2025-08-15 02:35:02.076995+00:00,29.095860468805768
2025-08-15 02:35:04.585061+00:00,29.095860468805768
2025-08-15 02:35:09.101029+00:00,29.09070993695059
2025-08-15 02:35:11.845791+00:00,29.095860468805768
2025-08-15 02:35:12.219324+00:00,29.080408874113346
2025-08-15 02:35:12.673194+00:00,29.095860468805768
2025-08-15 02:35:15.811008+00:00,29.09070993695059
2025-08-15 02:35:22.663100+00:00,29.10616153338924
2025-08-15 02:35:24.359232+00:00,29.101011000951985
2025-08-15 02:35:26.018747+00:00,29.095860468805768
2025-08-15 02:35:26.857741+00:00,29.095860468805768
2025-08-15 02:35:27.851964+00:00,29.10616153338924
2025-08-15 02:35:29.894497+00:00,29.085559405386448
2025-08-15 02:35:32.053508+00:00,29.095860468805768
2025-08-15 02:35:41.226761+00:00,29.101011000951985
2025-08-15 02:35:42.520486+00:00,29.095860468805768
2025-08-15 02:35:43.028271+00:00,29.09070993695059
2025-08-15 02:35:43.248511+00:00,29.09070993695059
2025-08-15 02:35:43.594514+00:00,29.095860468805768
2025-08-15 02:35:43.823531+00:00,29.095860468805768
2025-08-15 02:35:49.096832+00:00,29.095860468805768
2025-08-15 02:35:50.936088+00:00,29.085559405386448
2025-08-15 02:35:51.277135+00:00,29.09070993695059
2025-08-15 02:35:51.779538+00:00,29.09070993695059
2025-08-15 02:35:53.386130+00:00,29.095860468805768
2025-08-15 02:35:54.226130+00:00,29.085559405386448
2025-08-15 02:35:54.502529+00:00,29.09070993695059
2025-08-15 02:35:55.700677+00:00,29.085559405386448
2025-08-15 02:35:56.520219+00:00,29.09070993695059
2025-08-15 02:35:57.446410+00:00,29.095860468805768
2025-08-15 02:35:58.274715+00:00,29.09070993695059
2025-08-15 02:35:59.318790+00:00,29.101011000951985
2025-08-15 02:35:59.754699+00:00,29.085559405386448
2025-08-15 02:36:01.772352+00:00,29.080408874113346
2025-08-15 02:36:05.344258+00:00,29.085559405386448
2025-08-15 02:36:05.935979+00:00,29.080408874113346
2025-08-15 02:36:07.143001+00:00,29.09070993695059
2025-08-15 02:36:07.506530+00:00,29.095860468805768
2025-08-15 02:36:09.558157+00:00,29.085559405386448
2025-08-15 02:36:13.772200+00:00,29.070107812440256
2025-08-15 02:36:13.956784+00:00,29.085559405386448
2025-08-15 02:36:14.186898+00:00,29.09070993695059
2025-08-15 02:36:14.408639+00:00,29.09070993695059
2025-08-15 02:36:14.713448+00:00,29.085559405386448
2025-08-15 02:36:15.576495+00:00,29.085559405386448
2025-08-15 02:36:18.217029+00:00,29.07525834313128
2025-08-15 02:36:18.652863+00:00,29.085559405386448
2025-08-15 02:36:19.330535+00:00,29.09070993695059
2025-08-15 02:36:20.014033+00:00,29.080408874113346
2025-08-15 02:36:24.168358+00:00,29.085559405386448
2025-08-15 02:36:24.684963+00:00,29.10616153338924
2025-08-15 02:36:27.562113+00:00,29.09070993695059
2025-08-15 02:36:27.839354+00:00,29.09070993695059
2025-08-15 02:36:28.547434+00:00,29.09070993695059
2025-08-15 02:36:28.959455+00:00,29.09070993695059
2025-08-15 02:36:30.054482+00:00,29.085559405386448
2025-08-15 02:36:31.305141+00:00,29.085559405386448
2025-08-15 02:36:33.909729+00:00,29.080408874113346
2025-08-15 02:36:34.390074+00:00,29.085559405386448
2025-08-15 02:36:34.713714+00:00,29.085559405386448
2025-08-15 02:36:35.834674+00:00,29.095860468805768
2025-08-15 02:36:36.218458+00:00,29.085559405386448
2025-08-15 02:36:36.508858+00:00,29.09070993695059
2025-08-15 02:36:37.516495+00:00,29.09070993695059
2025-08-15 02:36:46.841432+00:00,29.095860468805768
2025-08-15 02:36:47.983868+00:00,29.07525834313128
2025-08-15 02:36:48.333982+00:00,29.07525834313128
2025-08-15 02:36:48.641879+00:00,29.085559405386448
2025-08-15 02:36:48.838811+00:00,29.085559405386448
2025-08-15 02:36:49.121815+00:00,29.09070993695059
2025-08-15 02:36:51.012063+00:00,29.085559405386448
2025-08-15 02:36:53.200452+00:00,29.09070993695059
2025-08-15 02:36:53.602641+00:00,29.085559405386448
2025-08-15 02:36:54.279941+00:00,29.080408874113346
2025-08-15 02:36:56.117875+00:00,29.080408874113346
2025-08-15 02:36:57.113104+00:00,29.080408874113346
2025-08-15 02:36:57.959398+00:00,29.085559405386448
2025-08-15 02:36:59.336055+00:00,29.080408874113346
2025-08-15 02:36:59.929749+00:00,29.080408874113346
2025-08-15 02:37:02.352147+00:00,29.085559405386448
2025-08-15 02:37:03.445470+00:00,29.085559405386448
2025-08-15 02:37:04.133286+00:00,29.09070993695059
2025-08-15 02:37:06.824398+00:00,29.09070993695059
2025-08-15 02:37:07.296922+00:00,29.085559405386448
2025-08-15 02:37:11.782863+00:00,29.085559405386448
2025-08-15 02:37:14.115233+00:00,29.085559405386448
2025-08-15 02:37:14.581100+00:00,29.085559405386448
2025-08-15 02:37:17.200109+00:00,29.09070993695059
2025-08-15 02:37:18.674481+00:00,29.085559405386448
2025-08-15 02:37:20.131198+00:00,29.09070993695059
2025-08-15 02:37:21.736530+00:00,29.085559405386448
2025-08-15 02:37:21.918951+00:00,29.085559405386448
2025-08-15 02:37:22.175509+00:00,29.085559405386448
2025-08-15 02:37:22.338757+00:00,29.095860468805768
2025-08-15 02:37:24.016783+00:00,29.085559405386448
2025-08-15 02:37:25.380465+00:00,29.080408874113346
2025-08-15 02:37:25.599078+00:00,29.09070993695059
2025-08-15 02:37:26.409560+00:00,29.085559405386448
2025-08-15 02:37:27.252963+00:00,29.095860468805768
2025-08-15 02:37:28.142515+00:00,29.09070993695059
2025-08-15 02:37:29.810046+00:00,29.101011000951985
2025-08-15 02:37:30.553886+00:00,29.085559405386448
2025-08-15 02:37:32.914404+00:00,29.09070993695059
2025-08-15 02:37:33.828810+00:00,29.095860468805768
2025-08-15 02:37:34.038273+00:00,29.09070993695059
2025-08-15 02:37:35.291110+00:00,29.085559405386448
2025-08-15 02:37:35.675994+00:00,29.085559405386448
2025-08-15 02:37:36.620982+00:00,29.085559405386448
2025-08-15 02:37:39.355759+00:00,29.080408874113346
2025-08-15 02:37:41.008029+00:00,29.085559405386448
2025-08-15 02:37:43.203219+00:00,29.07525834313128
2025-08-15 02:37:44.555430+00:00,29.085559405386448
2025-08-15 02:37:44.959149+00:00,29.080408874113346
2025-08-15 02:37:50.077893+00:00,29.09070993695059
2025-08-15 02:37:51.139308+00:00,29.085559405386448
2025-08-15 02:37:51.973558+00:00,29.09070993695059
2025-08-15 02:37:52.177051+00:00,29.085559405386448
2025-08-15 02:37:52.911595+00:00,29.085559405386448
2025-08-15 02:37:53.119654+00:00,29.09070993695059
2025-08-15 02:37:53.872663+00:00,29.10616153338924
2025-08-15 02:37:54.467785+00:00,29.085559405386448
2025-08-15 02:37:56.199444+00:00,29.095860468805768
2025-08-15 02:37:57.834731+00:00,29.09070993695059
2025-08-15 02:37:58.857266+00:00,29.095860468805768
2025-08-15 02:37:59.105868+00:00,29.085559405386448
2025-08-15 02:37:59.380484+00:00,29.095860468805768
2025-08-15 02:37:59.649104+00:00,29.095860468805768
2025-08-15 02:37:59.908075+00:00,29.095860468805768
2025-08-15 02:38:04.730529+00:00,29.09070993695059
2025-08-15 02:38:06.731241+00:00,29.085559405386448
2025-08-15 02:38:07.296880+00:00,29.095860468805768
2025-08-15 02:38:09.573571+00:00,29.085559405386448
2025-08-15 02:38:10.223325+00:00,29.095860468805768
2025-08-15 02:38:11.503289+00:00,29.085559405386448
2025-08-15 02:38:13.376526+00:00,29.09070993695059
2025-08-15 02:38:17.105513+00:00,29.085559405386448
2025-08-15 02:38:17.947473+00:00,29.095860468805768
2025-08-15 02:38:18.421492+00:00,29.085559405386448
2025-08-15 02:38:19.197053+00:00,29.085559405386448
2025-08-15 02:38:21.763666+00:00,29.085559405386448
2025-08-15 02:38:22.943880+00:00,29.095860468805768
2025-08-15 02:38:23.541491+00:00,29.09070993695059
2025-08-15 02:38:23.929711+00:00,29.095860468805768
2025-08-15 02:38:24.107678+00:00,29.095860468805768
2025-08-15 02:38:24.557212+00:00,29.101011000951985
2025-08-15 02:38:26.418388+00:00,29.095860468805768
2025-08-15 02:38:28.633030+00:00,29.09070993695059
2025-08-15 02:38:28.825238+00:00,29.085559405386448
2025-08-15 02:38:28.999550+00:00,29.09070993695059
2025-08-15 02:38:29.585843+00:00,29.095860468805768
2025-08-15 02:38:30.019757+00:00,29.095860468805768
2025-08-15 02:38:30.665884+00:00,29.095860468805768
2025-08-15 02:38:32.563218+00:00,29.095860468805768
2025-08-15 02:38:35.076064+00:00,29.09070993695059
2025-08-15 02:38:35.990499+00:00,29.085559405386448
2025-08-15 02:38:36.857029+00:00,29.095860468805768
2025-08-15 02:38:37.290107+00:00,29.085559405386448
2025-08-15 02:38:37.424320+00:00,29.085559405386448
2025-08-15 02:38:39.171256+00:00,29.080408874113346
2025-08-15 02:38:40.165448+00:00,29.085559405386448
2025-08-15 02:38:40.567089+00:00,29.080408874113346
2025-08-15 02:38:41.457071+00:00,29.085559405386448
2025-08-15 02:38:42.267804+00:00,29.085559405386448
2025-08-15 02:38:45.010250+00:00,29.085559405386448
2025-08-15 02:38:45.713408+00:00,29.07525834313128
2025-08-15 02:38:47.263924+00:00,29.085559405386448
2025-08-15 02:38:47.697791+00:00,29.085559405386448
2025-08-15 02:38:48.174096+00:00,29.095860468805768
2025-08-15 02:38:49.603194+00:00,29.080408874113346
2025-08-15 02:38:50.798481+00:00,29.085559405386448
2025-08-15 02:38:51.509469+00:00,29.080408874113346
2025-08-15 02:38:53.123515+00:00,29.080408874113346
2025-08-15 02:38:53.665659+00:00,29.080408874113346
2025-08-15 02:38:54.442473+00:00,29.07525834313128
2025-08-15 02:38:55.370156+00:00,29.085559405386448
2025-08-15 02:38:57.252433+00:00,29.080408874113346
2025-08-15 02:38:57.838253+00:00,29.09070993695059
2025-08-15 02:38:58.448248+00:00,29.09070993695059
2025-08-15 02:38:58.756863+00:00,29.09070993695059
2025-08-15 02:38:59.759185+00:00,29.080408874113346
2025-08-15 02:39:00.212741+00:00,29.09070993695059
2025-08-15 02:39:03.345657+00:00,29.07525834313128
2025-08-15 02:39:06.729875+00:00,29.085559405386448
2025-08-15 02:39:09.719511+00:00,29.07525834313128
2025-08-15 02:39:10.080028+00:00,29.070107812440256
2025-08-15 02:39:11.479789+00:00,29.085559405386448
2025-08-15 02:39:13.434665+00:00,29.085559405386448
2025-08-15 02:39:14.314393+00:00,29.085559405386448
2025-08-15 02:39:15.817397+00:00,29.080408874113346
2025-08-15 02:39:16.387302+00:00,29.07525834313128
2025-08-15 02:39:19.357723+00:00,29.07525834313128
2025-08-15 02:39:19.707143+00:00,29.07525834313128
2025-08-15 02:39:21.004261+00:00,29.080408874113346
2025-08-15 02:39:22.706990+00:00,29.07525834313128
2025-08-15 02:39:22.911292+00:00,29.080408874113346
2025-08-15 02:39:23.120672+00:00,29.085559405386448
2025-08-15 02:39:23.367226+00:00,29.085559405386448
2025-08-15 02:39:25.364057+00:00,29.085559405386448
2025-08-15 02:39:25.869700+00:00,29.07525834313128
2025-08-15 02:39:27.063445+00:00,29.085559405386448
2025-08-15 02:39:28.510561+00:00,29.080408874113346
2025-08-15 02:39:30.835328+00:00,29.080408874113346
2025-08-15 02:39:32.570777+00:00,29.080408874113346
2025-08-15 02:39:35.781482+00:00,29.07525834313128
2025-08-15 02:39:38.074038+00:00,29.085559405386448
2025-08-15 02:39:38.539363+00:00,29.080408874113346
2025-08-15 02:39:40.237003+00:00,29.095860468805768
2025-08-15 02:39:40.739280+00:00,29.09070993695059
2025-08-15 02:39:41.064535+00:00,29.07525834313128
2025-08-15 02:39:41.522691+00:00,29.085559405386448
2025-08-15 02:39:41.872577+00:00,29.095860468805768
2025-08-15 02:39:43.959162+00:00,29.085559405386448
2025-08-15 02:39:44.992587+00:00,29.085559405386448
2025-08-15 02:39:53.173082+00:00,29.095860468805768
2025-08-15 02:39:53.809928+00:00,29.095860468805768
2025-08-15 02:39:54.146867+00:00,29.095860468805768
2025-08-15 02:39:54.377116+00:00,29.101011000951985
2025-08-15 02:39:56.488834+00:00,29.085559405386448
2025-08-15 02:39:58.064094+00:00,29.080408874113346
2025-08-15 02:39:59.969723+00:00,29.09070993695059
2025-08-15 02:40:01.751996+00:00,29.09070993695059
2025-08-15 02:40:02.130085+00:00,29.101011000951985
2025-08-15 02:40:02.631732+00:00,29.101011000951985
2025-08-15 02:40:03.535727+00:00,29.09070993695059
2025-08-15 02:40:04.363248+00:00,29.085559405386448
2025-08-15 02:40:04.712563+00:00,29.085559405386448
2025-08-15 02:40:05.046879+00:00,29.095860468805768
2025-08-15 02:40:06.944134+00:00,29.085559405386448
2025-08-15 02:40:07.437055+00:00,29.09070993695059
2025-08-15 02:40:07.821574+00:00,29.085559405386448
2025-08-15 02:40:10.729530+00:00,29.09070993695059
2025-08-15 02:40:14.679599+00:00,29.095860468805768
2025-08-15 02:40:17.294344+00:00,29.095860468805768
2025-08-15 02:40:17.728610+00:00,29.085559405386448
2025-08-15 02:40:22.247410+00:00,29.080408874113346
2025-08-15 02:40:23.395676+00:00,29.07525834313128
2025-08-15 02:40:24.829236+00:00,29.080408874113346
2025-08-15 02:40:28.779578+00:00,29.07525834313128
2025-08-15 02:40:29.794662+00:00,29.085559405386448
2025-08-15 02:40:31.428469+00:00,29.101011000951985
2025-08-15 02:40:35.129924+00:00,29.085559405386448
2025-08-15 02:40:35.568811+00:00,29.085559405386448
2025-08-15 02:40:36.144532+00:00,29.09070993695059
2025-08-15 02:40:36.540913+00:00,29.080408874113346
2025-08-15 02:40:40.107554+00:00,29.080408874113346
2025-08-15 02:40:41.296018+00:00,29.085559405386448
2025-08-15 02:40:41.946325+00:00,29.085559405386448
2025-08-15 02:40:43.683536+00:00,29.085559405386448
2025-08-15 02:40:44.638470+00:00,29.085559405386448
2025-08-15 02:40:45.802122+00:00,29.07525834313128
2025-08-15 02:40:46.401297+00:00,29.09070993695059
2025-08-15 02:40:50.385568+00:00,29.07525834313128
2025-08-15 02:40:51.112223+00:00,29.07525834313128
2025-08-15 02:40:51.692963+00:00,29.080408874113346
2025-08-15 02:40:51.927246+00:00,29.085559405386448
2025-08-15 02:40:52.188615+00:00,29.085559405386448
2025-08-15 02:40:52.386987+00:00,29.080408874113346
2025-08-15 02:40:53.279015+00:00,29.085559405386448
2025-08-15 02:40:56.079882+00:00,29.07525834313128
2025-08-15 02:40:57.169293+00:00,29.085559405386448
2025-08-15 02:40:59.115941+00:00,29.085559405386448
2025-08-15 02:41:01.146254+00:00,29.080408874113346
2025-08-15 02:41:01.681392+00:00,29.07525834313128
2025-08-15 02:41:03.469266+00:00,29.080408874113346
2025-08-15 02:41:06.769872+00:00,29.085559405386448
2025-08-15 02:41:09.117767+00:00,29.07525834313128
2025-08-15 02:41:10.367876+00:00,29.085559405386448
2025-08-15 02:41:11.065291+00:00,29.085559405386448
2025-08-15 02:41:12.376536+00:00,29.080408874113346
2025-08-15 02:41:13.701717+00:00,29.085559405386448
2025-08-15 02:41:14.413540+00:00,29.07525834313128
2025-08-15 02:41:14.623987+00:00,29.07525834313128
2025-08-15 02:41:16.107398+00:00,29.080408874113346
2025-08-15 02:41:16.982495+00:00,29.080408874113346
2025-08-15 02:41:18.106103+00:00,29.09070993695059
2025-08-15 02:41:19.847851+00:00,29.085559405386448
2025-08-15 02:41:20.711564+00:00,29.080408874113346
2025-08-15 02:41:23.574795+00:00,29.085559405386448
2025-08-15 02:41:23.816790+00:00,29.085559405386448
2025-08-15 02:41:24.137252+00:00,29.085559405386448
2025-08-15 02:41:24.687178+00:00,29.085559405386448
2025-08-15 02:41:25.047052+00:00,29.080408874113346
2025-08-15 02:41:28.672401+00:00,29.09070993695059
2025-08-15 02:41:29.200139+00:00,29.085559405386448
2025-08-15 02:41:33.611222+00:00,29.080408874113346
2025-08-15 02:41:34.062394+00:00,29.09070993695059
2025-08-15 02:41:34.775258+00:00,29.09070993695059
2025-08-15 02:41:36.361853+00:00,29.09070993695059
2025-08-15 02:41:36.780412+00:00,29.085559405386448
2025-08-15 02:41:37.622823+00:00,29.095860468805768
2025-08-15 02:41:38.115961+00:00,29.080408874113346
2025-08-15 02:41:38.337067+00:00,29.085559405386448
2025-08-15 02:41:38.575805+00:00,29.085559405386448
2025-08-15 02:41:39.086510+00:00,29.095860468805768
2025-08-15 02:41:41.079139+00:00,29.07525834313128
2025-08-15 02:41:42.919760+00:00,29.085559405386448
2025-08-15 02:41:43.297970+00:00,29.085559405386448
2025-08-15 02:41:46.367060+00:00,29.080408874113346
2025-08-15 02:41:48.987497+00:00,29.095860468805768
2025-08-15 02:41:53.737326+00:00,29.116462599136867
2025-08-15 02:41:53.936527+00:00,29.07525834313128
2025-08-15 02:41:55.650659+00:00,29.07525834313128
2025-08-15 02:41:56.008433+00:00,29.07525834313128
2025-08-15 02:41:56.754779+00:00,29.080408874113346
2025-08-15 02:41:57.019906+00:00,29.080408874113346
2025-08-15 02:41:57.272084+00:00,29.085559405386448
2025-08-15 02:41:57.696792+00:00,29.095860468805768
2025-08-15 02:41:59.528155+00:00,29.085559405386448
2025-08-15 02:41:59.928371+00:00,29.080408874113346
2025-08-15 02:42:03.148888+00:00,29.09070993695059
2025-08-15 02:42:03.831199+00:00,29.080408874113346
2025-08-15 02:42:04.155653+00:00,29.095860468805768
2025-08-15 02:42:04.491959+00:00,29.085559405386448
2025-08-15 02:42:05.642633+00:00,29.09070993695059
2025-08-15 02:42:08.938544+00:00,29.080408874113346
2025-08-15 02:42:10.386846+00:00,29.085559405386448
2025-08-15 02:42:11.826736+00:00,29.09070993695059
2025-08-15 02:42:13.110565+00:00,29.080408874113346
2025-08-15 02:42:16.134715+00:00,29.085559405386448
2025-08-15 02:42:16.854005+00:00,29.07525834313128
2025-08-15 02:42:20.211422+00:00,29.080408874113346
2025-08-15 02:42:20.587870+00:00,29.085559405386448
2025-08-15 02:42:21.263190+00:00,29.085559405386448
2025-08-15 02:42:21.530706+00:00,29.07525834313128
2025-08-15 02:42:21.749827+00:00,29.095860468805768
2025-08-15 02:42:22.294228+00:00,29.085559405386448
2025-08-15 02:42:23.068857+00:00,29.07525834313128
2025-08-15 02:42:23.663680+00:00,29.07525834313128
2025-08-15 02:42:23.838285+00:00,29.09070993695059
2025-08-15 02:42:24.482103+00:00,29.101011000951985
2025-08-15 02:42:24.824331+00:00,29.085559405386448
2025-08-15 02:42:25.869970+00:00,29.09070993695059
2025-08-15 02:42:27.136284+00:00,29.09070993695059
2025-08-15 02:42:27.420146+00:00,29.085559405386448
2025-08-15 02:42:28.274894+00:00,29.09070993695059
2025-08-15 02:42:29.163483+00:00,29.085559405386448
2025-08-15 02:42:29.619673+00:00,29.09070993695059
2025-08-15 02:42:29.863963+00:00,29.085559405386448
2025-08-15 02:42:33.928277+00:00,29.085559405386448
2025-08-15 02:42:34.676383+00:00,29.085559405386448
2025-08-15 02:42:35.261955+00:00,29.085559405386448
2025-08-15 02:42:35.796508+00:00,29.085559405386448
2025-08-15 02:42:36.086914+00:00,29.080408874113346
2025-08-15 02:42:36.391008+00:00,29.080408874113346
2025-08-15 02:42:37.485122+00:00,29.080408874113346
2025-08-15 02:42:38.110858+00:00,29.09070993695059
2025-08-15 02:42:39.943060+00:00,29.085559405386448
2025-08-15 02:42:40.619147+00:00,29.085559405386448
2025-08-15 02:42:41.704550+00:00,29.080408874113346
2025-08-15 02:42:42.411013+00:00,29.085559405386448
2025-08-15 02:42:43.452834+00:00,29.070107812440256
2025-08-15 02:42:44.048550+00:00,29.080408874113346
2025-08-15 02:42:47.613263+00:00,29.085559405386448
2025-08-15 02:42:56.758875+00:00,29.085559405386448
2025-08-15 02:42:57.010704+00:00,29.080408874113346
2025-08-15 02:42:57.662158+00:00,29.080408874113346
2025-08-15 02:42:58.013000+00:00,29.080408874113346
2025-08-15 02:42:58.346540+00:00,29.07525834313128
2025-08-15 02:42:59.909833+00:00,29.07525834313128
2025-08-15 02:43:00.523049+00:00,29.070107812440256
2025-08-15 02:43:01.715624+00:00,29.07525834313128
2025-08-15 02:43:03.118366+00:00,29.07525834313128
2025-08-15 02:43:08.298084+00:00,29.07525834313128
2025-08-15 02:43:08.600160+00:00,29.09070993695059
2025-08-15 02:43:08.931419+00:00,29.064957282040268
2025-08-15 02:43:09.665080+00:00,29.070107812440256
2025-08-15 02:43:12.793420+00:00,29.064957282040268
2025-08-15 02:43:14.115640+00:00,29.070107812440256
2025-08-15 02:43:15.338772+00:00,29.064957282040268
2025-08-15 02:43:17.149642+00:00,29.05980675193132
2025-08-15 02:43:17.972698+00:00,29.064957282040268
2025-08-15 02:43:19.419178+00:00,29.064957282040268
2025-08-15 02:43:20.276592+00:00,29.064957282040268
2025-08-15 02:43:20.594800+00:00,29.064957282040268
2025-08-15 02:43:22.946385+00:00,29.064957282040268
2025-08-15 02:43:23.145337+00:00,29.05980675193132
2025-08-15 02:43:23.309260+00:00,29.064957282040268
2025-08-15 02:43:23.657705+00:00,29.07525834313128
2025-08-15 02:43:25.190867+00:00,29.054656222113408
2025-08-15 02:43:26.138192+00:00,29.05980675193132
2025-08-15 02:43:26.346133+00:00,29.07525834313128
2025-08-15 02:43:27.636540+00:00,29.064957282040268
2025-08-15 02:43:28.204548+00:00,29.070107812440256
2025-08-15 02:43:29.079521+00:00,29.07525834313128
2025-08-15 02:43:31.439882+00:00,29.07525834313128
2025-08-15 02:43:31.807376+00:00,29.07525834313128
2025-08-15 02:43:34.200149+00:00,29.07525834313128
2025-08-15 02:43:34.468350+00:00,29.07525834313128
2025-08-15 02:43:34.980334+00:00,29.085559405386448
2025-08-15 02:43:38.808353+00:00,29.064957282040268
2025-08-15 02:43:40.641820+00:00,29.07525834313128
2025-08-15 02:43:40.981190+00:00,29.085559405386448
2025-08-15 02:43:41.591043+00:00,29.085559405386448
2025-08-15 02:43:41.867322+00:00,29.07525834313128
2025-08-15 02:43:42.734554+00:00,29.064957282040268
2025-08-15 02:43:44.282722+00:00,29.07525834313128
2025-08-15 02:43:48.156327+00:00,29.07525834313128
2025-08-15 02:43:50.298199+00:00,29.064957282040268
2025-08-15 02:43:53.152911+00:00,29.070107812440256
2025-08-15 02:43:53.582945+00:00,29.07525834313128
2025-08-15 02:43:53.997835+00:00,29.080408874113346
2025-08-15 02:43:58.518127+00:00,29.07525834313128
2025-08-15 02:44:01.956323+00:00,29.080408874113346
2025-08-15 02:44:04.642187+00:00,29.07525834313128
2025-08-15 02:44:06.064176+00:00,29.07525834313128
2025-08-15 02:44:08.079778+00:00,29.07525834313128
2025-08-15 02:44:08.963697+00:00,29.080408874113346
2025-08-15 02:44:09.302265+00:00,29.080408874113346
2025-08-15 02:44:11.270767+00:00,29.07525834313128
2025-08-15 02:44:12.462215+00:00,29.085559405386448
2025-08-15 02:44:13.930366+00:00,29.085559405386448
2025-08-15 02:44:16.479061+00:00,29.080408874113346
2025-08-15 02:44:18.828108+00:00,29.080408874113346
2025-08-15 02:44:19.740400+00:00,29.085559405386448
2025-08-15 02:44:20.933436+00:00,29.080408874113346
2025-08-15 02:44:21.450925+00:00,29.085559405386448
2025-08-15 02:44:21.728052+00:00,29.07525834313128
2025-08-15 02:44:22.764179+00:00,29.121613132447237
2025-08-15 02:44:24.383958+00:00,29.07525834313128
2025-08-15 02:44:25.198567+00:00,29.085559405386448
2025-08-15 02:44:25.722800+00:00,29.095860468805768
2025-08-15 02:44:26.508565+00:00,29.085559405386448
2025-08-15 02:44:27.174570+00:00,29.085559405386448
2025-08-15 02:44:28.849574+00:00,29.09070993695059
2025-08-15 02:44:30.702437+00:00,29.085559405386448
2025-08-15 02:44:32.166095+00:00,29.085559405386448
2025-08-15 02:44:34.377783+00:00,29.085559405386448
2025-08-15 02:44:34.645831+00:00,29.080408874113346
2025-08-15 02:44:37.168285+00:00,29.085559405386448
2025-08-15 02:44:37.988260+00:00,29.07525834313128
2025-08-15 02:44:38.816194+00:00,29.07525834313128
2025-08-15 02:44:39.025943+00:00,29.095860468805768
2025-08-15 02:44:39.300441+00:00,29.09070993695059
2025-08-15 02:44:41.665273+00:00,29.085559405386448
2025-08-15 02:44:46.094943+00:00,29.09070993695059
2025-08-15 02:44:47.229958+00:00,29.080408874113346
2025-08-15 02:44:48.091135+00:00,29.07525834313128
2025-08-15 02:44:49.102558+00:00,29.080408874113346
2025-08-15 02:44:49.285792+00:00,29.080408874113346
2025-08-15 02:44:49.625325+00:00,29.085559405386448
2025-08-15 02:44:49.837048+00:00,29.085559405386448
2025-08-15 02:44:50.105987+00:00,29.085559405386448
2025-08-15 02:44:52.888588+00:00,29.07525834313128
2025-08-15 02:44:53.447000+00:00,29.080408874113346
2025-08-15 02:44:53.907523+00:00,29.080408874113346
2025-08-15 02:44:54.794334+00:00,29.085559405386448
2025-08-15 02:45:03.729050+00:00,29.085559405386448
2025-08-15 02:45:05.141468+00:00,29.07525834313128
2025-08-15 02:45:06.548369+00:00,29.070107812440256
2025-08-15 02:45:07.207618+00:00,29.070107812440256
2025-08-15 02:45:09.886200+00:00,29.070107812440256
2025-08-15 02:45:10.564113+00:00,29.064957282040268
2025-08-15 02:45:10.937719+00:00,29.05980675193132
2025-08-15 02:45:11.439423+00:00,29.070107812440256
2025-08-15 02:45:12.130813+00:00,29.070107812440256
2025-08-15 02:45:24.237940+00:00,29.070107812440256
2025-08-15 02:45:24.606014+00:00,29.070107812440256
2025-08-15 02:45:33.519256+00:00,29.070107812440256
2025-08-15 02:45:34.094387+00:00,29.070107812440256
2025-08-15 02:45:34.660347+00:00,29.07525834313128
2025-08-15 02:45:35.172009+00:00,29.070107812440256
2025-08-15 02:45:35.524312+00:00,29.05980675193132
2025-08-15 02:45:36.252585+00:00,29.064957282040268
2025-08-15 02:45:39.436033+00:00,29.07525834313128
2025-08-15 02:45:41.023933+00:00,29.07525834313128
2025-08-15 02:45:41.263301+00:00,29.070107812440256
2025-08-15 02:45:41.890213+00:00,29.070107812440256
2025-08-15 02:45:42.200587+00:00,29.07525834313128
2025-08-15 02:45:42.442477+00:00,29.080408874113346
2025-08-15 02:45:42.682724+00:00,29.080408874113346
2025-08-15 02:45:42.899703+00:00,29.080408874113346
2025-08-15 02:45:45.591764+00:00,29.07525834313128
2025-08-15 02:45:47.335769+00:00,29.07525834313128
2025-08-15 02:45:47.685942+00:00,29.070107812440256
2025-08-15 02:45:48.020428+00:00,29.070107812440256
2025-08-15 02:45:51.850873+00:00,29.07525834313128
2025-08-15 02:45:52.292433+00:00,29.070107812440256
2025-08-15 02:45:52.498765+00:00,29.07525834313128
2025-08-15 02:45:55.394284+00:00,29.07525834313128
2025-08-15 02:45:57.059112+00:00,29.064957282040268
2025-08-15 02:45:57.360718+00:00,29.07525834313128
2025-08-15 02:45:59.547348+00:00,29.070107812440256
2025-08-15 02:46:01.258644+00:00,29.070107812440256
2025-08-15 02:46:02.945544+00:00,29.07525834313128
2025-08-15 02:46:05.909882+00:00,29.070107812440256
2025-08-15 02:46:08.073094+00:00,29.07525834313128
2025-08-15 02:46:08.459407+00:00,29.080408874113346
2025-08-15 02:46:09.109815+00:00,29.070107812440256
2025-08-15 02:46:09.563241+00:00,29.07525834313128
2025-08-15 02:46:11.495097+00:00,29.07525834313128
2025-08-15 02:46:14.909241+00:00,29.080408874113346
2025-08-15 02:46:15.418113+00:00,29.07525834313128
2025-08-15 02:46:16.539804+00:00,29.07525834313128
2025-08-15 02:46:17.139835+00:00,29.070107812440256
2025-08-15 02:46:18.262132+00:00,29.080408874113346
2025-08-15 02:46:18.644546+00:00,29.07525834313128
2025-08-15 02:46:19.277940+00:00,29.07525834313128
2025-08-15 02:46:20.257911+00:00,29.085559405386448
2025-08-15 02:46:20.926428+00:00,29.085559405386448
2025-08-15 02:46:21.326905+00:00,29.080408874113346
2025-08-15 02:46:21.836546+00:00,29.085559405386448
2025-08-15 02:46:22.132021+00:00,29.095860468805768
2025-08-15 02:46:22.341659+00:00,29.080408874113346
2025-08-15 02:46:22.723386+00:00,29.09070993695059
2025-08-15 02:46:22.956170+00:00,29.080408874113346
2025-08-15 02:46:23.341387+00:00,29.080408874113346
2025-08-15 02:46:23.538835+00:00,29.085559405386448
2025-08-15 02:46:24.780122+00:00,29.080408874113346
2025-08-15 02:46:27.098163+00:00,29.085559405386448
2025-08-15 02:46:27.881532+00:00,29.07525834313128
2025-08-15 02:46:29.398086+00:00,29.07525834313128
2025-08-15 02:46:31.633310+00:00,29.070107812440256
2025-08-15 02:46:32.752484+00:00,29.080408874113346
2025-08-15 02:46:34.988226+00:00,29.080408874113346
2025-08-15 02:46:35.375346+00:00,29.07525834313128
2025-08-15 02:46:36.011810+00:00,29.07525834313128
2025-08-15 02:46:36.648115+00:00,29.09070993695059
2025-08-15 02:46:39.145560+00:00,29.07525834313128
2025-08-15 02:46:39.347304+00:00,29.070107812440256
2025-08-15 02:46:39.572658+00:00,29.07525834313128
2025-08-15 02:46:39.840130+00:00,29.07525834313128
2025-08-15 02:46:40.023030+00:00,29.080408874113346
2025-08-15 02:46:40.200365+00:00,29.07525834313128
2025-08-15 02:46:40.375537+00:00,29.07525834313128
2025-08-15 02:46:40.526823+00:00,29.085559405386448
2025-08-15 02:46:40.679957+00:00,29.080408874113346
2025-08-15 02:46:40.908966+00:00,29.080408874113346
2025-08-15 02:46:41.160177+00:00,29.07525834313128
2025-08-15 02:46:41.412121+00:00,29.080408874113346
2025-08-15 02:46:41.680723+00:00,29.085559405386448
2025-08-15 02:46:42.124064+00:00,29.080408874113346
2025-08-15 02:46:43.317313+00:00,29.07525834313128
2025-08-15 02:46:45.168786+00:00,29.064957282040268
2025-08-15 02:46:46.268176+00:00,29.064957282040268
2025-08-15 02:46:49.175180+00:00,29.070107812440256
2025-08-15 02:46:49.610100+00:00,29.07525834313128
2025-08-15 02:46:50.136870+00:00,29.07525834313128
2025-08-15 02:46:50.363106+00:00,29.07525834313128
2025-08-15 02:46:50.955995+00:00,29.07525834313128
2025-08-15 02:46:51.642224+00:00,29.07525834313128
2025-08-15 02:46:51.977268+00:00,29.080408874113346
2025-08-15 02:46:52.252638+00:00,29.07525834313128
2025-08-15 02:46:53.296517+00:00,29.085559405386448
2025-08-15 02:46:55.111398+00:00,29.070107812440256
2025-08-15 02:46:55.397821+00:00,29.070107812440256
2025-08-15 02:46:56.347240+00:00,29.080408874113346
2025-08-15 02:46:56.588433+00:00,29.070107812440256
2025-08-15 02:46:57.621112+00:00,29.07525834313128
2025-08-15 02:46:58.144087+00:00,29.07525834313128
2025-08-15 02:47:00.474185+00:00,29.07525834313128
2025-08-15 02:47:00.925573+00:00,29.07525834313128
2025-08-15 02:47:01.783031+00:00,29.07525834313128
2025-08-15 02:47:02.848282+00:00,29.080408874113346
2025-08-15 02:47:04.000303+00:00,29.07525834313128
2025-08-15 02:47:05.204842+00:00,29.07525834313128
2025-08-15 02:47:05.618088+00:00,29.085559405386448
2025-08-15 02:47:13.747807+00:00,29.07525834313128
2025-08-15 02:47:15.227613+00:00,29.07525834313128
2025-08-15 02:47:15.719246+00:00,29.07525834313128
2025-08-15 02:47:16.028660+00:00,29.080408874113346
2025-08-15 02:47:16.388648+00:00,29.07525834313128
2025-08-15 02:47:16.717054+00:00,29.07525834313128
2025-08-15 02:47:17.074433+00:00,29.07525834313128
2025-08-15 02:47:17.508617+00:00,29.07525834313128
2025-08-15 02:47:21.894007+00:00,29.070107812440256
2025-08-15 02:47:22.122864+00:00,29.064957282040268
2025-08-15 02:47:22.905839+00:00,29.064957282040268
2025-08-15 02:47:23.223857+00:00,29.070107812440256
2025-08-15 02:47:24.201140+00:00,29.070107812440256
2025-08-15 02:47:27.062192+00:00,29.064957282040268
2025-08-15 02:47:27.565926+00:00,29.064957282040268
2025-08-15 02:47:28.371081+00:00,29.070107812440256
2025-08-15 02:47:29.122700+00:00,29.070107812440256
2025-08-15 02:47:29.614127+00:00,29.070107812440256
2025-08-15 02:47:32.030478+00:00,29.07525834313128
2025-08-15 02:47:35.261668+00:00,29.070107812440256
2025-08-15 02:47:35.505384+00:00,29.07525834313128
2025-08-15 02:47:35.786290+00:00,29.080408874113346
2025-08-15 02:47:36.904366+00:00,29.07525834313128
2025-08-15 02:47:37.611844+00:00,29.085559405386448
2025-08-15 02:47:39.071518+00:00,29.07525834313128
2025-08-15 02:47:40.112698+00:00,29.07525834313128
2025-08-15 02:47:40.353455+00:00,29.080408874113346
2025-08-15 02:47:41.480191+00:00,29.085559405386448
2025-08-15 02:47:43.017829+00:00,29.064957282040268
2025-08-15 02:47:43.845021+00:00,29.080408874113346
2025-08-15 02:47:45.938502+00:00,29.064957282040268
2025-08-15 02:47:48.483128+00:00,29.080408874113346
2025-08-15 02:47:49.371505+00:00,29.070107812440256
2025-08-15 02:47:49.629916+00:00,29.07525834313128
2025-08-15 02:47:53.865001+00:00,29.080408874113346
2025-08-15 02:47:55.580277+00:00,29.070107812440256
2025-08-15 02:47:58.414689+00:00,29.070107812440256
2025-08-15 02:47:58.604139+00:00,29.07525834313128
2025-08-15 02:47:59.175339+00:00,29.080408874113346
2025-08-15 02:48:02.477219+00:00,29.070107812440256
2025-08-15 02:48:08.787105+00:00,29.080408874113346
2025-08-15 02:48:09.370226+00:00,29.070107812440256
2025-08-15 02:48:09.789725+00:00,29.070107812440256
2025-08-15 02:48:14.219988+00:00,29.085559405386448
2025-08-15 02:48:14.863916+00:00,29.080408874113346
2025-08-15 02:48:16.565954+00:00,29.080408874113346
2025-08-15 02:48:19.650050+00:00,29.07525834313128
2025-08-15 02:48:20.929633+00:00,29.07525834313128
2025-08-15 02:48:21.137714+00:00,29.07525834313128
2025-08-15 02:48:21.338728+00:00,29.07525834313128
2025-08-15 02:48:21.580721+00:00,29.080408874113346
2025-08-15 02:48:23.627244+00:00,29.064957282040268
2025-08-15 02:48:24.562473+00:00,29.070107812440256
2025-08-15 02:48:26.237902+00:00,29.070107812440256
2025-08-15 02:48:27.288254+00:00,29.070107812440256
2025-08-15 02:48:27.825167+00:00,29.064957282040268
2025-08-15 02:48:28.595715+00:00,29.070107812440256
2025-08-15 02:48:28.959434+00:00,29.064957282040268
2025-08-15 02:48:29.517886+00:00,29.07525834313128
2025-08-15 02:48:30.121180+00:00,29.085559405386448
2025-08-15 02:48:30.781733+00:00,29.07525834313128
2025-08-15 02:48:31.249660+00:00,29.080408874113346
2025-08-15 02:48:31.811638+00:00,29.064957282040268
2025-08-15 02:48:32.327090+00:00,29.07525834313128
2025-08-15 02:48:33.554960+00:00,29.095860468805768
2025-08-15 02:48:35.010560+00:00,29.07525834313128
2025-08-15 02:48:35.808617+00:00,29.07525834313128
2025-08-15 02:48:37.782240+00:00,29.07525834313128
2025-08-15 02:48:38.870240+00:00,29.07525834313128
2025-08-15 02:48:39.937736+00:00,29.080408874113346
2025-08-15 02:48:44.203398+00:00,29.07525834313128
2025-08-15 02:48:45.273573+00:00,29.07525834313128
2025-08-15 02:48:45.715140+00:00,29.080408874113346
2025-08-15 02:48:48.122452+00:00,29.070107812440256
2025-08-15 02:48:51.625075+00:00,29.070107812440256
2025-08-15 02:48:51.851755+00:00,29.070107812440256
2025-08-15 02:48:52.284964+00:00,29.07525834313128
2025-08-15 02:48:52.486142+00:00,29.07525834313128
2025-08-15 02:48:52.727120+00:00,29.07525834313128
2025-08-15 02:48:52.953536+00:00,29.080408874113346
2025-08-15 02:48:53.180025+00:00,29.085559405386448
2025-08-15 02:48:54.233984+00:00,29.070107812440256
2025-08-15 02:48:55.003100+00:00,29.07525834313128
2025-08-15 02:48:55.220447+00:00,29.07525834313128
2025-08-15 02:48:55.537181+00:00,29.070107812440256
2025-08-15 02:48:55.788011+00:00,29.07525834313128
2025-08-15 02:48:56.012393+00:00,29.070107812440256
2025-08-15 02:48:56.138710+00:00,29.05980675193132
2025-08-15 02:48:58.287089+00:00,29.095860468805768
2025-08-15 02:48:59.500283+00:00,29.07525834313128
2025-08-15 02:49:00.486994+00:00,29.070107812440256
2025-08-15 02:49:02.305781+00:00,29.064957282040268
2025-08-15 02:49:02.956499+00:00,29.070107812440256
2025-08-15 02:49:06.001654+00:00,29.064957282040268
2025-08-15 02:49:06.501358+00:00,29.070107812440256
2025-08-15 02:49:09.156041+00:00,29.064957282040268
2025-08-15 02:49:10.298213+00:00,29.070107812440256
2025-08-15 02:49:13.768708+00:00,29.05980675193132
2025-08-15 02:49:15.546054+00:00,29.054656222113408
2025-08-15 02:49:16.047014+00:00,29.064957282040268
2025-08-15 02:49:21.238181+00:00,29.064957282040268
2025-08-15 02:49:21.535694+00:00,29.05980675193132
2025-08-15 02:49:22.833953+00:00,29.085559405386448
2025-08-15 02:49:23.830233+00:00,29.070107812440256
2025-08-15 02:49:24.319094+00:00,29.070107812440256
2025-08-15 02:49:25.928377+00:00,29.070107812440256
2025-08-15 02:49:26.919468+00:00,29.064957282040268
2025-08-15 02:49:29.310774+00:00,29.05980675193132
2025-08-15 02:49:30.447433+00:00,29.070107812440256
2025-08-15 02:49:31.837946+00:00,29.07525834313128
2025-08-15 02:49:34.610663+00:00,29.080408874113346
2025-08-15 02:49:35.346466+00:00,29.080408874113346
2025-08-15 02:49:35.797939+00:00,29.080408874113346
2025-08-15 02:49:36.759473+00:00,29.085559405386448
2025-08-15 02:49:37.977916+00:00,29.07525834313128
2025-08-15 02:49:40.394660+00:00,29.07525834313128
2025-08-15 02:49:42.485432+00:00,29.064957282040268
2025-08-15 02:49:44.794414+00:00,29.080408874113346
2025-08-15 02:49:47.392459+00:00,29.085559405386448
2025-08-15 02:49:48.652967+00:00,29.080408874113346
2025-08-15 02:49:52.979399+00:00,29.080408874113346
2025-08-15 02:49:53.154564+00:00,29.080408874113346
2025-08-15 02:49:53.360160+00:00,29.085559405386448
2025-08-15 02:49:54.217207+00:00,29.07525834313128
2025-08-15 02:49:54.810237+00:00,29.070107812440256
2025-08-15 02:49:57.716972+00:00,29.080408874113346
2025-08-15 02:49:57.968956+00:00,29.064957282040268
2025-08-15 02:49:58.187046+00:00,29.085559405386448
2025-08-15 02:49:58.655123+00:00,29.080408874113346
2025-08-15 02:49:59.094321+00:00,29.085559405386448
2025-08-15 02:49:59.926042+00:00,29.07525834313128
2025-08-15 02:50:00.461268+00:00,29.07525834313128
2025-08-15 02:50:02.984785+00:00,29.085559405386448
2025-08-15 02:50:04.411715+00:00,29.07525834313128
2025-08-15 02:50:06.386928+00:00,29.07525834313128
2025-08-15 02:50:16.555226+00:00,29.07525834313128
2025-08-15 02:50:17.555046+00:00,29.080408874113346
2025-08-15 02:50:18.311318+00:00,29.07525834313128
2025-08-15 02:50:19.179850+00:00,29.07525834313128
2025-08-15 02:50:20.888688+00:00,29.05980675193132
2025-08-15 02:50:22.705156+00:00,29.070107812440256
2025-08-15 02:50:24.262937+00:00,29.064957282040268
2025-08-15 02:50:25.599504+00:00,29.064957282040268
2025-08-15 02:50:27.177006+00:00,29.09070993695059
2025-08-15 02:50:27.971770+00:00,29.085559405386448
2025-08-15 02:50:31.978895+00:00,29.070107812440256
2025-08-15 02:50:34.253136+00:00,29.064957282040268
2025-08-15 02:50:34.695757+00:00,29.064957282040268
2025-08-15 02:50:40.942784+00:00,29.064957282040268
2025-08-15 02:50:42.070345+00:00,29.070107812440256
2025-08-15 02:50:43.211250+00:00,29.070107812440256
2025-08-15 02:50:44.683534+00:00,29.07525834313128
2025-08-15 02:50:44.925655+00:00,29.07525834313128
2025-08-15 02:50:45.663042+00:00,29.070107812440256
2025-08-15 02:50:46.087792+00:00,29.064957282040268
2025-08-15 02:50:48.128263+00:00,29.080408874113346
2025-08-15 02:50:48.742530+00:00,29.07525834313128
2025-08-15 02:50:50.448522+00:00,29.07525834313128
2025-08-15 02:50:50.639483+00:00,29.07525834313128
2025-08-15 02:50:51.265932+00:00,29.07525834313128
2025-08-15 02:50:52.361027+00:00,29.07525834313128
2025-08-15 02:50:54.927132+00:00,29.07525834313128
2025-08-15 02:50:55.233456+00:00,29.07525834313128
2025-08-15 02:50:56.262421+00:00,29.080408874113346
2025-08-15 02:50:56.958059+00:00,29.080408874113346
2025-08-15 02:50:57.226172+00:00,29.07525834313128
2025-08-15 02:50:57.617572+00:00,29.085559405386448
2025-08-15 02:51:00.199336+00:00,29.070107812440256
2025-08-15 02:51:00.740801+00:00,29.085559405386448
2025-08-15 02:51:01.025965+00:00,29.07525834313128
2025-08-15 02:51:03.384394+00:00,29.070107812440256
2025-08-15 02:51:04.794021+00:00,29.085559405386448
2025-08-15 02:51:07.499849+00:00,29.085559405386448
2025-08-15 02:51:08.826655+00:00,29.07525834313128
2025-08-15 02:51:09.582861+00:00,29.080408874113346
2025-08-15 02:51:12.861164+00:00,29.07525834313128
2025-08-15 02:51:13.458227+00:00,29.085559405386448
2025-08-15 02:51:14.899723+00:00,29.080408874113346
2025-08-15 02:51:16.216911+00:00,29.085559405386448
2025-08-15 02:51:20.399192+00:00,29.085559405386448
2025-08-15 02:51:21.473914+00:00,29.080408874113346
2025-08-15 02:51:22.359069+00:00,29.070107812440256
2025-08-15 02:51:23.228032+00:00,29.080408874113346
2025-08-15 02:51:23.537712+00:00,29.07525834313128
2025-08-15 02:51:23.989962+00:00,29.080408874113346
2025-08-15 02:51:24.873805+00:00,29.080408874113346
2025-08-15 02:51:26.153428+00:00,29.070107812440256
2025-08-15 02:51:26.747359+00:00,29.085559405386448
2025-08-15 02:51:28.453653+00:00,29.07525834313128
2025-08-15 02:51:29.309047+00:00,29.07525834313128
2025-08-15 02:51:34.199915+00:00,29.080408874113346
2025-08-15 02:51:35.087947+00:00,29.080408874113346
2025-08-15 02:51:37.887312+00:00,29.07525834313128
2025-08-15 02:51:38.674051+00:00,29.070107812440256
2025-08-15 02:51:40.552351+00:00,29.07525834313128
2025-08-15 02:51:42.950760+00:00,29.070107812440256
2025-08-15 02:51:43.782389+00:00,29.07525834313128
2025-08-15 02:51:44.505981+00:00,29.07525834313128
2025-08-15 02:51:46.177561+00:00,29.07525834313128
2025-08-15 02:51:46.860251+00:00,29.07525834313128
2025-08-15 02:51:48.274072+00:00,29.070107812440256
2025-08-15 02:51:50.055187+00:00,29.07525834313128
2025-08-15 02:51:50.942762+00:00,29.07525834313128
2025-08-15 02:51:51.754430+00:00,29.070107812440256
2025-08-15 02:51:52.233326+00:00,29.085559405386448
2025-08-15 02:51:53.424767+00:00,29.07525834313128
2025-08-15 02:51:54.377826+00:00,29.064957282040268
2025-08-15 02:51:57.989189+00:00,29.07525834313128
2025-08-15 02:51:58.857435+00:00,29.07525834313128
2025-08-15 02:51:59.634079+00:00,29.07525834313128
2025-08-15 02:52:01.603102+00:00,29.07525834313128
2025-08-15 02:52:03.247532+00:00,29.085559405386448
2025-08-15 02:52:03.572968+00:00,29.07525834313128
2025-08-15 02:52:06.963937+00:00,29.07525834313128
2025-08-15 02:52:08.043749+00:00,29.070107812440256
2025-08-15 02:52:09.085127+00:00,29.070107812440256
2025-08-15 02:52:09.435782+00:00,29.054656222113408
2025-08-15 02:52:09.927089+00:00,29.070107812440256
2025-08-15 02:52:10.341942+00:00,29.070107812440256
2025-08-15 02:52:11.218551+00:00,29.070107812440256
2025-08-15 02:52:11.791867+00:00,29.070107812440256
2025-08-15 02:52:12.327080+00:00,29.05980675193132
2025-08-15 02:52:12.576764+00:00,29.064957282040268
2025-08-15 02:52:12.757880+00:00,29.064957282040268
2025-08-15 02:52:12.934959+00:00,29.07525834313128
2025-08-15 02:52:13.111877+00:00,29.070107812440256
2025-08-15 02:52:13.386805+00:00,29.07525834313128
2025-08-15 02:52:14.631200+00:00,29.070107812440256
2025-08-15 02:52:15.018739+00:00,29.054656222113408
2025-08-15 02:52:15.751577+00:00,29.070107812440256
2025-08-15 02:52:16.761152+00:00,29.070107812440256
2025-08-15 02:52:17.693854+00:00,29.064957282040268
2025-08-15 02:52:18.349512+00:00,29.054656222113408
2025-08-15 02:52:25.794679+00:00,29.054656222113408
2025-08-15 02:52:26.476268+00:00,29.05980675193132
2025-08-15 02:52:26.660840+00:00,29.064957282040268
2025-08-15 02:52:26.911951+00:00,29.05980675193132
2025-08-15 02:52:27.140212+00:00,29.064957282040268
2025-08-15 02:52:27.621786+00:00,29.064957282040268
2025-08-15 02:52:28.658502+00:00,29.054656222113408
2025-08-15 02:52:29.465992+00:00,29.05980675193132
2025-08-15 02:52:31.229429+00:00,29.064957282040268
2025-08-15 02:52:32.917429+00:00,29.064957282040268
2025-08-15 02:52:33.547906+00:00,29.064957282040268
2025-08-15 02:52:34.148895+00:00,29.070107812440256
2025-08-15 02:52:34.659353+00:00,29.064957282040268
2025-08-15 02:52:36.049254+00:00,29.064957282040268
2025-08-15 02:52:37.341178+00:00,29.064957282040268
2025-08-15 02:52:37.978153+00:00,29.064957282040268
2025-08-15 02:52:39.449780+00:00,29.064957282040268
2025-08-15 02:52:40.569156+00:00,29.111312066117534
2025-08-15 02:52:41.429012+00:00,29.064957282040268
2025-08-15 02:52:43.243464+00:00,29.064957282040268
2025-08-15 02:52:43.552875+00:00,29.05980675193132
2025-08-15 02:52:44.079034+00:00,29.064957282040268
2025-08-15 02:52:44.898963+00:00,29.07525834313128
2025-08-15 02:52:48.194466+00:00,29.064957282040268
2025-08-15 02:52:49.059381+00:00,29.080408874113346
2025-08-15 02:52:49.654219+00:00,29.064957282040268
2025-08-15 02:52:50.532001+00:00,29.05980675193132
2025-08-15 02:52:51.023165+00:00,29.07525834313128
2025-08-15 02:52:51.214530+00:00,29.07525834313128
2025-08-15 02:52:53.173062+00:00,29.070107812440256
2025-08-15 02:52:55.381729+00:00,29.07525834313128
2025-08-15 02:52:56.031652+00:00,29.054656222113408
2025-08-15 02:52:57.333805+00:00,29.064957282040268
2025-08-15 02:52:57.607030+00:00,29.07525834313128
2025-08-15 02:52:57.919818+00:00,29.064957282040268
2025-08-15 02:52:58.992089+00:00,29.07525834313128
2025-08-15 02:53:00.416197+00:00,29.070107812440256
2025-08-15 02:53:05.650749+00:00,29.07525834313128
2025-08-15 02:53:08.540247+00:00,29.070107812440256
2025-08-15 02:53:10.119824+00:00,29.064957282040268
2025-08-15 02:53:11.217258+00:00,29.07525834313128
2025-08-15 02:53:13.915064+00:00,29.070107812440256
2025-08-15 02:53:14.723871+00:00,29.07525834313128
2025-08-15 02:53:15.108446+00:00,29.064957282040268
2025-08-15 02:53:15.898878+00:00,29.07525834313128
2025-08-15 02:53:16.731884+00:00,29.070107812440256
2025-08-15 02:53:17.532304+00:00,29.070107812440256
2025-08-15 02:53:17.987987+00:00,29.064957282040268
2025-08-15 02:53:22.590100+00:00,29.070107812440256
2025-08-15 02:53:22.950709+00:00,29.05980675193132
2025-08-15 02:53:23.606530+00:00,29.064957282040268
2025-08-15 02:53:24.812346+00:00,29.070107812440256
2025-08-15 02:53:27.003741+00:00,29.05980675193132
2025-08-15 02:53:28.938403+00:00,29.064957282040268
2025-08-15 02:53:34.246959+00:00,29.064957282040268
2025-08-15 02:53:34.465238+00:00,29.05980675193132
2025-08-15 02:53:34.951481+00:00,29.05980675193132
2025-08-15 02:53:35.325947+00:00,29.064957282040268
2025-08-15 02:53:37.248898+00:00,29.054656222113408
2025-08-15 02:53:37.924543+00:00,29.05980675193132
2025-08-15 02:53:40.348696+00:00,29.064957282040268
2025-08-15 02:53:40.613176+00:00,29.064957282040268
2025-08-15 02:53:42.706810+00:00,29.05980675193132
2025-08-15 02:53:42.814592+00:00,29.05980675193132
2025-08-15 02:53:43.072851+00:00,29.049505692586536
2025-08-15 02:53:43.207543+00:00,29.064957282040268
2025-08-15 02:53:43.409135+00:00,29.064957282040268
2025-08-15 02:53:44.421853+00:00,29.07525834313128
2025-08-15 02:53:46.200744+00:00,29.064957282040268
2025-08-15 02:53:46.823887+00:00,29.05980675193132
2025-08-15 02:53:49.607416+00:00,29.0443551633507
2025-08-15 02:53:50.088009+00:00,29.054656222113408
2025-08-15 02:53:50.560096+00:00,29.054656222113408
2025-08-15 02:53:51.908028+00:00,29.054656222113408
2025-08-15 02:53:52.547762+00:00,29.049505692586536
2025-08-15 02:53:53.261414+00:00,29.054656222113408
2025-08-15 02:53:54.407060+00:00,29.054656222113408
2025-08-15 02:53:56.630964+00:00,29.054656222113408
2025-08-15 02:53:57.925567+00:00,29.049505692586536
2025-08-15 02:53:58.175923+00:00,29.054656222113408
2025-08-15 02:53:58.806663+00:00,29.064957282040268
2025-08-15 02:53:59.697024+00:00,29.064957282040268
2025-08-15 02:54:03.108139+00:00,29.054656222113408
2025-08-15 02:54:10.483327+00:00,29.05980675193132
2025-08-15 02:54:12.060012+00:00,29.05980675193132
2025-08-15 02:54:12.512127+00:00,29.05980675193132
2025-08-15 02:54:12.712046+00:00,29.0443551633507
2025-08-15 02:54:13.200472+00:00,29.0443551633507
2025-08-15 02:54:15.965036+00:00,29.054656222113408
2025-08-15 02:54:20.202865+00:00,29.049505692586536
2025-08-15 02:54:20.546430+00:00,29.05980675193132
2025-08-15 02:54:21.211014+00:00,29.05980675193132
2025-08-15 02:54:24.807024+00:00,29.05980675193132
2025-08-15 02:54:24.990199+00:00,29.054656222113408
2025-08-15 02:54:25.251273+00:00,29.054656222113408
2025-08-15 02:54:25.479152+00:00,29.064957282040268
2025-08-15 02:54:25.744592+00:00,29.064957282040268
2025-08-15 02:54:26.051288+00:00,29.064957282040268
2025-08-15 02:54:26.639370+00:00,29.064957282040268
2025-08-15 02:54:26.846579+00:00,29.054656222113408
2025-08-15 02:54:27.045742+00:00,29.054656222113408
2025-08-15 02:54:27.972264+00:00,29.05980675193132
2025-08-15 02:54:29.749693+00:00,29.05980675193132
2025-08-15 02:54:30.384586+00:00,29.05980675193132
2025-08-15 02:54:33.122589+00:00,29.064957282040268
2025-08-15 02:54:34.107402+00:00,29.064957282040268
2025-08-15 02:54:34.734553+00:00,29.064957282040268
2025-08-15 02:54:37.157879+00:00,29.064957282040268
2025-08-15 02:54:37.388413+00:00,29.049505692586536
2025-08-15 02:54:39.531244+00:00,29.05980675193132
2025-08-15 02:54:40.654913+00:00,29.05980675193132
2025-08-15 02:54:43.450766+00:00,29.05980675193132
2025-08-15 02:54:44.221779+00:00,29.054656222113408
2025-08-15 02:54:44.571889+00:00,29.054656222113408
2025-08-15 02:54:45.582193+00:00,29.070107812440256
2025-08-15 02:54:47.153270+00:00,29.05980675193132
2025-08-15 02:54:48.202254+00:00,29.064957282040268
2025-08-15 02:54:48.698196+00:00,29.05980675193132
2025-08-15 02:54:49.019421+00:00,29.05980675193132
2025-08-15 02:54:50.409215+00:00,29.05980675193132
2025-08-15 02:54:52.352926+00:00,29.064957282040268
2025-08-15 02:54:53.897474+00:00,29.054656222113408
2025-08-15 02:54:58.029330+00:00,29.05980675193132
2025-08-15 02:54:58.354155+00:00,29.064957282040268
2025-08-15 02:54:58.720157+00:00,29.05980675193132
2025-08-15 02:54:59.137783+00:00,29.064957282040268
2025-08-15 02:55:00.032315+00:00,29.064957282040268
2025-08-15 02:55:01.354480+00:00,29.064957282040268
2025-08-15 02:55:05.736669+00:00,29.0443551633507
2025-08-15 02:55:06.228898+00:00,29.064957282040268
2025-08-15 02:55:09.064913+00:00,29.054656222113408
2025-08-15 02:55:11.627880+00:00,29.049505692586536
2025-08-15 02:55:13.364343+00:00,29.070107812440256
2025-08-15 02:55:14.646704+00:00,29.054656222113408
2025-08-15 02:55:17.539120+00:00,29.05980675193132
2025-08-15 02:55:18.706063+00:00,29.0443551633507
2025-08-15 02:55:24.717824+00:00,29.054656222113408
2025-08-15 02:55:25.331306+00:00,29.054656222113408
2025-08-15 02:55:27.086441+00:00,29.064957282040268
2025-08-15 02:55:33.463663+00:00,29.05980675193132
2025-08-15 02:55:36.952013+00:00,29.054656222113408
2025-08-15 02:55:39.784331+00:00,29.054656222113408
2025-08-15 02:55:42.505384+00:00,29.049505692586536
2025-08-15 02:55:44.345451+00:00,29.064957282040268
2025-08-15 02:55:47.682478+00:00,29.05980675193132
2025-08-15 02:55:48.847984+00:00,29.054656222113408
2025-08-15 02:55:49.635390+00:00,29.05980675193132
2025-08-15 02:55:50.612025+00:00,29.049505692586536
2025-08-15 02:55:52.175629+00:00,29.054656222113408
2025-08-15 02:55:52.404551+00:00,29.064957282040268
2025-08-15 02:55:53.990150+00:00,29.054656222113408
2025-08-15 02:55:56.555238+00:00,29.054656222113408
2025-08-15 02:55:57.799524+00:00,29.054656222113408
2025-08-15 02:55:59.930796+00:00,29.054656222113408
2025-08-15 02:56:01.320042+00:00,29.049505692586536
2025-08-15 02:56:04.837226+00:00,29.054656222113408
2025-08-15 02:56:06.806034+00:00,29.064957282040268
2025-08-15 02:56:08.201402+00:00,29.054656222113408
2025-08-15 02:56:09.619949+00:00,29.05980675193132
2025-08-15 02:56:10.282653+00:00,29.054656222113408
2025-08-15 02:56:12.596638+00:00,29.064957282040268
2025-08-15 02:56:19.166953+00:00,29.05980675193132
2025-08-15 02:56:19.474627+00:00,29.054656222113408
2025-08-15 02:56:19.759743+00:00,29.05980675193132
2025-08-15 02:56:20.436896+00:00,29.064957282040268
2025-08-15 02:56:21.223047+00:00,29.054656222113408
2025-08-15 02:56:23.613781+00:00,29.054656222113408
2025-08-15 02:56:24.549637+00:00,29.054656222113408
2025-08-15 02:56:25.444316+00:00,29.05980675193132
2025-08-15 02:56:29.239340+00:00,29.0443551633507
2025-08-15 02:56:29.892828+00:00,29.064957282040268
2025-08-15 02:56:30.334502+00:00,29.054656222113408
2025-08-15 02:56:30.927599+00:00,29.054656222113408
2025-08-15 02:56:35.129743+00:00,29.05980675193132
2025-08-15 02:56:35.368798+00:00,29.0443551633507
2025-08-15 02:56:36.169480+00:00,29.05980675193132
2025-08-15 02:56:38.238210+00:00,29.054656222113408
2025-08-15 02:56:39.718129+00:00,29.049505692586536
2025-08-15 02:56:40.051845+00:00,29.064957282040268
2025-08-15 02:56:41.262686+00:00,29.064957282040268
2025-08-15 02:56:42.525311+00:00,29.05980675193132
2025-08-15 02:56:44.412991+00:00,29.064957282040268
2025-08-15 02:56:47.411563+00:00,29.064957282040268
2025-08-15 02:56:50.386753+00:00,29.054656222113408
2025-08-15 02:56:50.922139+00:00,29.05980675193132
2025-08-15 02:56:51.234171+00:00,29.05980675193132
2025-08-15 02:56:51.615314+00:00,29.064957282040268
2025-08-15 02:56:52.476555+00:00,29.049505692586536
2025-08-15 02:56:52.677653+00:00,29.054656222113408
2025-08-15 02:56:53.697094+00:00,29.064957282040268
2025-08-15 02:56:53.951715+00:00,29.054656222113408
2025-08-15 02:56:54.382459+00:00,29.064957282040268
2025-08-15 02:56:54.633784+00:00,29.070107812440256
2025-08-15 02:56:57.615925+00:00,29.049505692586536
2025-08-15 02:56:57.825828+00:00,29.054656222113408
2025-08-15 02:56:58.477964+00:00,29.064957282040268
2025-08-15 02:56:58.903023+00:00,29.054656222113408
2025-08-15 02:57:01.233487+00:00,29.054656222113408
2025-08-15 02:57:01.956392+00:00,29.05980675193132
2025-08-15 02:57:09.970007+00:00,29.064957282040268
2025-08-15 02:57:11.145105+00:00,29.05980675193132
2025-08-15 02:57:13.747855+00:00,29.07525834313128
2025-08-15 02:57:15.219222+00:00,29.054656222113408
2025-08-15 02:57:16.462055+00:00,29.064957282040268
2025-08-15 02:57:19.921053+00:00,29.064957282040268
2025-08-15 02:57:20.473105+00:00,29.05980675193132
2025-08-15 02:57:20.776882+00:00,29.05980675193132
2025-08-15 02:57:21.103177+00:00,29.054656222113408
2025-08-15 02:57:23.443260+00:00,29.070107812440256
2025-08-15 02:57:23.849974+00:00,29.064957282040268
2025-08-15 02:57:25.470260+00:00,29.070107812440256
2025-08-15 02:57:26.706997+00:00,29.05980675193132
2025-08-15 02:57:28.070890+00:00,29.064957282040268
2025-08-15 02:57:29.235346+00:00,29.049505692586536
2025-08-15 02:57:30.596715+00:00,29.05980675193132
2025-08-15 02:57:31.847577+00:00,29.064957282040268
2025-08-15 02:57:32.218219+00:00,29.064957282040268
2025-08-15 02:57:33.774697+00:00,29.07525834313128
2025-08-15 02:57:34.382288+00:00,29.05980675193132
2025-08-15 02:57:35.934801+00:00,29.064957282040268
2025-08-15 02:57:36.168704+00:00,29.064957282040268
2025-08-15 02:57:36.819993+00:00,29.070107812440256
2025-08-15 02:57:38.035389+00:00,29.07525834313128
2025-08-15 02:57:39.496929+00:00,29.070107812440256
2025-08-15 02:57:40.674193+00:00,29.070107812440256
2025-08-15 02:57:40.876318+00:00,29.080408874113346
2025-08-15 02:57:41.217406+00:00,29.080408874113346
2025-08-15 02:57:41.426427+00:00,29.070107812440256
2025-08-15 02:57:43.357195+00:00,29.080408874113346
2025-08-15 02:57:45.367402+00:00,29.064957282040268
2025-08-15 02:57:46.123825+00:00,29.064957282040268
2025-08-15 02:57:50.251916+00:00,29.070107812440256
2025-08-15 02:57:51.739372+00:00,29.05980675193132
2025-08-15 02:57:51.926686+00:00,29.07525834313128
2025-08-15 02:57:52.277171+00:00,29.070107812440256
2025-08-15 02:57:52.711334+00:00,29.070107812440256
2025-08-15 02:57:52.919494+00:00,29.07525834313128
2025-08-15 02:57:53.695010+00:00,29.064957282040268
2025-08-15 02:57:54.452885+00:00,29.070107812440256
2025-08-15 02:57:56.011024+00:00,29.070107812440256
2025-08-15 02:57:56.801706+00:00,29.070107812440256
2025-08-15 02:57:56.979887+00:00,29.070107812440256
2025-08-15 02:57:57.470135+00:00,29.070107812440256
2025-08-15 02:57:57.756376+00:00,29.064957282040268
2025-08-15 02:57:58.242140+00:00,29.070107812440256
2025-08-15 02:57:59.823088+00:00,29.064957282040268
2025-08-15 02:58:00.989852+00:00,29.07525834313128
2025-08-15 02:58:01.417816+00:00,29.064957282040268
2025-08-15 02:58:01.801331+00:00,29.064957282040268
2025-08-15 02:58:05.060295+00:00,29.07525834313128
2025-08-15 02:58:09.560456+00:00,29.070107812440256
2025-08-15 02:58:09.976186+00:00,29.070107812440256
2025-08-15 02:58:13.301192+00:00,29.070107812440256
2025-08-15 02:58:13.598766+00:00,29.064957282040268
2025-08-15 02:58:14.860695+00:00,29.064957282040268
2025-08-15 02:58:19.072272+00:00,29.064957282040268
2025-08-15 02:58:19.791679+00:00,29.064957282040268
2025-08-15 02:58:20.160061+00:00,29.070107812440256
2025-08-15 02:58:20.376348+00:00,29.064957282040268
2025-08-15 02:58:23.780618+00:00,29.05980675193132
2025-08-15 02:58:24.032076+00:00,29.070107812440256
2025-08-15 02:58:24.450870+00:00,29.07525834313128
2025-08-15 02:58:24.708859+00:00,29.064957282040268
2025-08-15 02:58:25.208934+00:00,29.064957282040268
2025-08-15 02:58:25.868885+00:00,29.064957282040268
2025-08-15 02:58:26.355508+00:00,29.070107812440256
2025-08-15 02:58:27.900483+00:00,29.064957282040268
2025-08-15 02:58:31.427996+00:00,29.070107812440256
2025-08-15 02:58:37.386523+00:00,29.054656222113408
2025-08-15 02:58:39.492528+00:00,29.05980675193132
2025-08-15 02:58:40.327530+00:00,29.054656222113408
2025-08-15 02:58:40.888061+00:00,29.05980675193132
2025-08-15 02:58:41.758103+00:00,29.054656222113408
2025-08-15 02:58:42.719025+00:00,29.05980675193132
2025-08-15 02:58:43.618043+00:00,29.054656222113408
2025-08-15 02:58:45.849200+00:00,29.064957282040268
2025-08-15 02:58:46.533357+00:00,29.054656222113408
2025-08-15 02:58:49.381146+00:00,29.054656222113408
2025-08-15 02:58:49.882803+00:00,29.05980675193132
2025-08-15 02:58:50.301383+00:00,29.05980675193132
2025-08-15 02:58:50.591226+00:00,29.054656222113408
2025-08-15 02:58:53.625988+00:00,29.05980675193132
2025-08-15 02:58:54.934042+00:00,29.064957282040268
2025-08-15 02:58:55.201593+00:00,29.070107812440256
2025-08-15 02:58:58.276322+00:00,29.064957282040268
2025-08-15 02:59:00.047662+00:00,29.054656222113408
2025-08-15 02:59:06.988071+00:00,29.064957282040268
2025-08-15 02:59:07.383719+00:00,29.054656222113408
2025-08-15 02:59:07.941774+00:00,29.05980675193132
2025-08-15 02:59:08.801789+00:00,29.064957282040268
2025-08-15 02:59:09.203146+00:00,29.05980675193132
2025-08-15 02:59:09.695079+00:00,29.05980675193132
2025-08-15 02:59:10.141070+00:00,29.064957282040268
2025-08-15 02:59:11.056753+00:00,29.05980675193132
2025-08-15 02:59:11.758426+00:00,29.064957282040268
2025-08-15 02:59:12.175740+00:00,29.05980675193132
2025-08-15 02:59:15.341800+00:00,29.049505692586536
2025-08-15 02:59:16.949664+00:00,29.054656222113408
2025-08-15 02:59:17.358689+00:00,29.054656222113408
2025-08-15 02:59:18.099454+00:00,29.05980675193132
2025-08-15 02:59:19.649644+00:00,29.054656222113408
2025-08-15 02:59:20.517292+00:00,29.064957282040268
2025-08-15 02:59:21.034160+00:00,29.054656222113408
2025-08-15 02:59:21.533728+00:00,29.05980675193132
2025-08-15 02:59:22.266385+00:00,29.064957282040268
2025-08-15 02:59:23.726042+00:00,29.05980675193132
2025-08-15 02:59:24.160691+00:00,29.05980675193132
2025-08-15 02:59:24.394779+00:00,29.05980675193132
2025-08-15 02:59:26.283774+00:00,29.054656222113408
2025-08-15 02:59:27.050807+00:00,29.049505692586536
2025-08-15 02:59:27.320099+00:00,29.07525834313128
2025-08-15 02:59:28.608168+00:00,29.054656222113408
2025-08-15 02:59:28.948410+00:00,29.049505692586536
2025-08-15 02:59:29.141862+00:00,29.0443551633507
2025-08-15 02:59:30.053872+00:00,29.064957282040268
2025-08-15 02:59:30.598490+00:00,29.049505692586536
2025-08-15 02:59:31.499640+00:00,29.054656222113408
2025-08-15 02:59:33.485665+00:00,29.054656222113408
2025-08-15 02:59:34.180272+00:00,29.054656222113408
2025-08-15 02:59:39.749863+00:00,29.064957282040268
2025-08-15 02:59:41.010758+00:00,29.054656222113408
2025-08-15 02:59:44.767007+00:00,29.05980675193132
2025-08-15 02:59:45.062725+00:00,29.064957282040268
2025-08-15 02:59:45.539393+00:00,29.0443551633507
2025-08-15 02:59:48.492957+00:00,29.064957282040268
2025-08-15 02:59:50.457764+00:00,29.064957282040268
2025-08-15 02:59:50.679006+00:00,29.070107812440256
2025-08-15 02:59:51.030999+00:00,29.07525834313128
2025-08-15 02:59:53.490636+00:00,29.064957282040268
2025-08-15 02:59:53.731389+00:00,29.049505692586536
2025-08-15 02:59:58.763477+00:00,29.064957282040268
2025-08-15 02:59:59.224357+00:00,29.070107812440256
2025-08-15 02:59:59.815923+00:00,29.064957282040268
2025-08-15 03:00:01.505291+00:00,29.064957282040268
2025-08-15 03:00:04.179900+00:00,29.064957282040268
2025-08-15 03:00:08.138831+00:00,29.064957282040268
2025-08-15 03:00:09.105449+00:00,29.064957282040268
2025-08-15 03:00:12.961372+00:00,29.054656222113408
2025-08-15 03:00:18.054143+00:00,29.064957282040268
2025-08-15 03:00:23.501233+00:00,29.054656222113408
2025-08-15 03:00:25.064274+00:00,29.049505692586536
2025-08-15 03:00:25.398553+00:00,29.054656222113408
2025-08-15 03:00:27.337109+00:00,29.0443551633507
2025-08-15 03:00:27.936252+00:00,29.054656222113408
2025-08-15 03:00:28.355172+00:00,29.070107812440256
2025-08-15 03:00:30.718348+00:00,29.054656222113408
2025-08-15 03:00:32.713455+00:00,29.054656222113408
2025-08-15 03:00:35.837866+00:00,29.05980675193132
2025-08-15 03:00:38.745108+00:00,29.05980675193132
2025-08-15 03:00:40.854864+00:00,29.05980675193132
2025-08-15 03:00:44.720246+00:00,29.05980675193132
2025-08-15 03:00:45.105595+00:00,29.05980675193132
2025-08-15 03:00:45.787401+00:00,29.05980675193132
2025-08-15 03:00:47.889789+00:00,29.054656222113408
2025-08-15 03:00:49.369892+00:00,29.054656222113408
2025-08-15 03:00:50.372895+00:00,29.049505692586536
2025-08-15 03:00:51.501394+00:00,29.054656222113408
2025-08-15 03:00:51.652317+00:00,29.054656222113408
2025-08-15 03:00:51.918470+00:00,29.064957282040268
2025-08-15 03:00:52.990222+00:00,29.064957282040268
2025-08-15 03:00:53.550026+00:00,29.064957282040268
2025-08-15 03:00:53.731022+00:00,29.05980675193132
2025-08-15 03:00:54.379212+00:00,29.064957282040268
2025-08-15 03:00:55.514947+00:00,29.049505692586536
2025-08-15 03:00:55.755958+00:00,29.064957282040268
2025-08-15 03:00:56.098870+00:00,29.05980675193132
2025-08-15 03:00:58.489245+00:00,29.064957282040268
2025-08-15 03:00:58.882395+00:00,29.054656222113408
2025-08-15 03:00:59.559170+00:00,29.05980675193132
2025-08-15 03:01:03.393710+00:00,29.05980675193132
2025-08-15 03:01:05.753492+00:00,29.05980675193132
2025-08-15 03:01:07.568872+00:00,29.05980675193132
2025-08-15 03:01:09.660577+00:00,29.054656222113408
2025-08-15 03:01:12.410522+00:00,29.064957282040268
2025-08-15 03:01:14.933476+00:00,29.05980675193132
2025-08-15 03:01:19.481723+00:00,29.064957282040268
2025-08-15 03:01:20.588487+00:00,29.054656222113408
2025-08-15 03:01:21.040995+00:00,29.054656222113408
2025-08-15 03:01:22.712837+00:00,29.054656222113408
2025-08-15 03:01:23.942765+00:00,29.05980675193132
2025-08-15 03:01:24.653004+00:00,29.064957282040268
2025-08-15 03:01:25.568824+00:00,29.05980675193132
2025-08-15 03:01:26.534398+00:00,29.064957282040268
2025-08-15 03:01:26.993111+00:00,29.070107812440256
2025-08-15 03:01:28.247593+00:00,29.064957282040268
2025-08-15 03:01:28.506117+00:00,29.05980675193132
2025-08-15 03:01:29.484286+00:00,29.05980675193132
2025-08-15 03:01:32.604860+00:00,29.054656222113408
2025-08-15 03:01:33.887367+00:00,29.064957282040268
2025-08-15 03:01:34.457040+00:00,29.064957282040268
2025-08-15 03:01:35.268344+00:00,29.054656222113408
2025-08-15 03:01:38.123763+00:00,29.064957282040268
2025-08-15 03:01:39.732709+00:00,29.064957282040268
2025-08-15 03:01:41.030893+00:00,29.054656222113408
2025-08-15 03:01:41.634095+00:00,29.054656222113408
2025-08-15 03:01:43.480652+00:00,29.05980675193132
2025-08-15 03:01:45.067646+00:00,29.0443551633507
2025-08-15 03:01:45.511881+00:00,29.054656222113408
2025-08-15 03:01:45.859890+00:00,29.054656222113408
2025-08-15 03:01:47.340212+00:00,29.054656222113408
2025-08-15 03:01:49.797896+00:00,29.054656222113408
2025-08-15 03:01:50.431194+00:00,29.05980675193132
2025-08-15 03:01:51.910355+00:00,29.05980675193132
2025-08-15 03:01:53.123279+00:00,29.049505692586536
2025-08-15 03:01:55.061763+00:00,29.054656222113408
2025-08-15 03:01:56.482509+00:00,29.054656222113408
2025-08-15 03:01:57.638187+00:00,29.049505692586536
2025-08-15 03:01:58.020861+00:00,29.054656222113408
2025-08-15 03:01:59.616091+00:00,29.049505692586536
2025-08-15 03:01:59.917818+00:00,29.05980675193132
2025-08-15 03:02:00.370506+00:00,29.054656222113408
2025-08-15 03:02:01.136736+00:00,29.054656222113408
2025-08-15 03:02:03.136147+00:00,29.05980675193132
2025-08-15 03:02:04.596527+00:00,29.054656222113408
2025-08-15 03:02:08.455588+00:00,29.054656222113408
2025-08-15 03:02:08.990220+00:00,29.054656222113408
2025-08-15 03:02:11.320702+00:00,29.054656222113408
2025-08-15 03:02:11.639166+00:00,29.054656222113408
2025-08-15 03:02:12.015388+00:00,29.049505692586536
2025-08-15 03:02:12.483741+00:00,29.05980675193132
2025-08-15 03:02:14.899066+00:00,29.05980675193132
2025-08-15 03:02:17.056407+00:00,29.054656222113408
2025-08-15 03:02:17.404983+00:00,29.049505692586536
2025-08-15 03:02:18.433248+00:00,29.05980675193132
2025-08-15 03:02:18.985031+00:00,29.0443551633507
2025-08-15 03:02:19.309406+00:00,29.054656222113408
2025-08-15 03:02:21.155109+00:00,29.054656222113408
2025-08-15 03:02:22.196554+00:00,29.0443551633507
2025-08-15 03:02:25.469124+00:00,29.054656222113408
2025-08-15 03:02:28.964669+00:00,29.049505692586536
2025-08-15 03:02:29.405045+00:00,29.054656222113408
2025-08-15 03:02:30.012430+00:00,29.054656222113408
2025-08-15 03:02:34.861847+00:00,29.049505692586536
2025-08-15 03:02:35.388803+00:00,29.034054105752148
2025-08-15 03:02:36.514422+00:00,29.049505692586536
2025-08-15 03:02:36.824982+00:00,29.049505692586536
2025-08-15 03:02:37.986040+00:00,29.039204634405905
2025-08-15 03:02:39.951058+00:00,29.039204634405905
2025-08-15 03:02:40.460837+00:00,29.054656222113408
2025-08-15 03:02:41.851862+00:00,29.049505692586536
2025-08-15 03:02:42.772999+00:00,29.049505692586536
2025-08-15 03:02:45.210415+00:00,29.049505692586536
2025-08-15 03:02:45.767679+00:00,29.0443551633507
2025-08-15 03:02:46.993314+00:00,29.0443551633507
2025-08-15 03:02:47.377635+00:00,29.0443551633507
2025-08-15 03:02:50.503742+00:00,29.039204634405905
2025-08-15 03:02:50.846743+00:00,29.0443551633507
2025-08-15 03:02:51.146453+00:00,29.054656222113408
2025-08-15 03:02:51.469898+00:00,29.054656222113408
2025-08-15 03:02:54.923753+00:00,29.0443551633507
2025-08-15 03:02:56.050100+00:00,29.0443551633507
2025-08-15 03:02:56.743597+00:00,29.039204634405905
2025-08-15 03:02:57.931014+00:00,29.039204634405905
2025-08-15 03:03:00.003540+00:00,29.023753049317747
2025-08-15 03:03:01.359263+00:00,29.034054105752148
2025-08-15 03:03:03.268477+00:00,29.034054105752148
2025-08-15 03:03:04.284671+00:00,29.039204634405905
2025-08-15 03:03:06.249185+00:00,29.034054105752148
2025-08-15 03:03:07.786087+00:00,29.034054105752148
2025-08-15 03:03:09.706197+00:00,29.02890357738943
2025-08-15 03:03:10.148857+00:00,29.02890357738943
2025-08-15 03:03:14.803393+00:00,29.02890357738943
2025-08-15 03:03:20.840574+00:00,29.023753049317747
2025-08-15 03:03:22.938458+00:00,29.023753049317747
2025-08-15 03:03:24.587716+00:00,29.02890357738943
2025-08-15 03:03:25.012960+00:00,29.018602521537105
2025-08-15 03:03:25.211218+00:00,29.039204634405905
2025-08-15 03:03:25.545652+00:00,29.023753049317747
2025-08-15 03:03:26.915429+00:00,29.023753049317747
2025-08-15 03:03:27.254577+00:00,29.018602521537105
2025-08-15 03:03:27.633826+00:00,29.039204634405905
2025-08-15 03:03:27.861568+00:00,29.034054105752148
2025-08-15 03:03:29.622954+00:00,29.034054105752148
2025-08-15 03:03:32.639401+00:00,29.034054105752148
2025-08-15 03:03:33.284030+00:00,29.02890357738943
2025-08-15 03:03:34.301455+00:00,29.039204634405905
2025-08-15 03:03:35.293882+00:00,29.034054105752148
2025-08-15 03:03:35.848820+00:00,29.039204634405905
2025-08-15 03:03:36.571019+00:00,29.034054105752148
2025-08-15 03:03:37.294309+00:00,29.023753049317747
2025-08-15 03:03:38.867207+00:00,29.02890357738943
2025-08-15 03:03:39.435981+00:00,29.039204634405905
2025-08-15 03:03:41.901281+00:00,29.034054105752148
2025-08-15 03:03:45.399992+00:00,29.039204634405905
2025-08-15 03:03:45.873165+00:00,29.0443551633507
2025-08-15 03:03:47.534396+00:00,29.034054105752148
2025-08-15 03:03:48.980135+00:00,29.034054105752148
2025-08-15 03:03:49.314770+00:00,29.039204634405905
2025-08-15 03:03:50.946402+00:00,29.034054105752148
2025-08-15 03:03:51.973049+00:00,29.02890357738943
2025-08-15 03:03:53.552755+00:00,29.039204634405905
2025-08-15 03:03:54.213707+00:00,29.0443551633507
2025-08-15 03:03:54.429932+00:00,29.0443551633507
2025-08-15 03:03:54.807585+00:00,29.039204634405905
2025-08-15 03:03:55.828143+00:00,29.0443551633507
2025-08-15 03:03:57.156157+00:00,29.034054105752148
2025-08-15 03:03:58.616375+00:00,29.034054105752148
2025-08-15 03:03:59.628613+00:00,29.034054105752148
2025-08-15 03:04:00.595574+00:00,29.02890357738943
2025-08-15 03:04:01.159600+00:00,29.039204634405905
2025-08-15 03:04:02.766665+00:00,29.039204634405905
2025-08-15 03:04:07.816865+00:00,29.034054105752148
2025-08-15 03:04:08.133244+00:00,29.039204634405905
2025-08-15 03:04:08.676280+00:00,29.039204634405905
2025-08-15 03:04:09.210385+00:00,29.034054105752148
2025-08-15 03:04:11.502305+00:00,29.039204634405905
2025-08-15 03:04:12.764851+00:00,29.02890357738943
2025-08-15 03:04:14.325958+00:00,29.02890357738943
2025-08-15 03:04:16.224667+00:00,29.034054105752148
2025-08-15 03:04:18.843386+00:00,29.0443551633507
2025-08-15 03:04:19.425901+00:00,29.034054105752148
2025-08-15 03:04:19.740228+00:00,29.034054105752148
2025-08-15 03:04:20.760278+00:00,29.039204634405905
2025-08-15 03:04:22.131572+00:00,29.039204634405905
2025-08-15 03:04:22.561908+00:00,29.039204634405905
2025-08-15 03:04:23.074286+00:00,29.034054105752148
2025-08-15 03:04:23.584703+00:00,29.0443551633507
2025-08-15 03:04:23.753228+00:00,29.034054105752148
2025-08-15 03:04:24.429977+00:00,29.0443551633507
2025-08-15 03:04:26.470451+00:00,29.039204634405905
2025-08-15 03:04:26.751859+00:00,29.0443551633507
2025-08-15 03:04:27.134964+00:00,29.0443551633507
2025-08-15 03:04:27.761260+00:00,29.039204634405905
2025-08-15 03:04:27.971267+00:00,29.054656222113408
2025-08-15 03:04:28.168793+00:00,29.049505692586536
2025-08-15 03:04:32.525940+00:00,29.039204634405905
2025-08-15 03:04:33.937039+00:00,29.039204634405905
2025-08-15 03:04:36.286067+00:00,29.039204634405905
2025-08-15 03:04:37.777046+00:00,29.0443551633507
2025-08-15 03:04:38.360320+00:00,29.0443551633507
2025-08-15 03:04:38.628201+00:00,29.0443551633507
2025-08-15 03:04:39.603265+00:00,29.039204634405905
2025-08-15 03:04:40.825563+00:00,29.0443551633507
2025-08-15 03:04:41.333701+00:00,29.034054105752148
2025-08-15 03:04:41.485819+00:00,29.049505692586536
2025-08-15 03:04:42.874077+00:00,29.034054105752148
2025-08-15 03:04:43.711870+00:00,29.034054105752148
2025-08-15 03:04:49.314643+00:00,29.039204634405905
2025-08-15 03:04:52.444818+00:00,29.018602521537105
2025-08-15 03:04:52.962954+00:00,29.023753049317747
2025-08-15 03:04:55.085731+00:00,29.023753049317747
2025-08-15 03:04:56.251331+00:00,29.023753049317747
2025-08-15 03:05:02.206244+00:00,29.0134519940475
2025-08-15 03:05:03.106793+00:00,29.02890357738943
2025-08-15 03:05:05.833095+00:00,29.023753049317747
2025-08-15 03:05:13.616838+00:00,29.018602521537105
2025-08-15 03:05:14.570346+00:00,29.0134519940475
2025-08-15 03:05:17.575748+00:00,29.023753049317747
2025-08-15 03:05:18.000672+00:00,29.02890357738943
2025-08-15 03:05:18.315576+00:00,29.023753049317747
2025-08-15 03:05:18.691191+00:00,29.02890357738943
2025-08-15 03:05:21.448033+00:00,29.018602521537105
2025-08-15 03:05:22.200692+00:00,29.008301466848934
2025-08-15 03:05:26.549509+00:00,29.023753049317747
2025-08-15 03:05:26.886381+00:00,29.023753049317747
2025-08-15 03:05:28.232277+00:00,29.023753049317747
2025-08-15 03:05:31.824451+00:00,29.023753049317747
2025-08-15 03:05:32.199714+00:00,29.02890357738943
2025-08-15 03:05:32.907831+00:00,29.023753049317747
2025-08-15 03:05:40.125746+00:00,29.023753049317747
2025-08-15 03:05:41.506746+00:00,29.023753049317747
2025-08-15 03:05:41.968329+00:00,29.023753049317747
2025-08-15 03:05:43.343123+00:00,29.023753049317747
2025-08-15 03:05:43.569672+00:00,29.0443551633507
2025-08-15 03:05:43.851722+00:00,29.023753049317747
2025-08-15 03:05:44.253662+00:00,29.02890357738943
2025-08-15 03:05:44.530078+00:00,29.023753049317747
2025-08-15 03:05:44.742049+00:00,29.023753049317747
2025-08-15 03:05:45.052145+00:00,29.02890357738943
2025-08-15 03:05:45.475414+00:00,29.023753049317747
2025-08-15 03:05:45.910029+00:00,29.023753049317747
2025-08-15 03:05:48.976548+00:00,29.023753049317747
2025-08-15 03:05:49.745332+00:00,29.0134519940475
2025-08-15 03:05:50.071447+00:00,29.023753049317747
2025-08-15 03:05:50.681094+00:00,29.018602521537105
2025-08-15 03:05:51.323520+00:00,29.02890357738943
2025-08-15 03:05:52.470450+00:00,29.023753049317747
2025-08-15 03:05:53.431040+00:00,29.0134519940475
2025-08-15 03:05:54.233193+00:00,29.023753049317747
2025-08-15 03:05:54.609587+00:00,29.018602521537105
2025-08-15 03:05:56.840011+00:00,29.023753049317747
2025-08-15 03:05:59.121783+00:00,29.018602521537105
2025-08-15 03:05:59.339532+00:00,29.023753049317747
2025-08-15 03:05:59.990947+00:00,29.0134519940475
2025-08-15 03:06:00.283439+00:00,29.023753049317747
2025-08-15 03:06:02.198585+00:00,29.023753049317747
2025-08-15 03:06:02.832696+00:00,29.02890357738943
2025-08-15 03:06:03.757592+00:00,29.034054105752148
2025-08-15 03:06:06.105792+00:00,29.02890357738943
2025-08-15 03:06:06.641542+00:00,29.039204634405905
2025-08-15 03:06:07.072171+00:00,29.023753049317747
2025-08-15 03:06:08.013960+00:00,29.018602521537105
2025-08-15 03:06:10.490769+00:00,29.008301466848934
2025-08-15 03:06:13.888992+00:00,29.018602521537105
2025-08-15 03:06:16.123199+00:00,29.023753049317747
2025-08-15 03:06:16.594682+00:00,29.0134519940475
2025-08-15 03:06:19.226382+00:00,29.02890357738943
2025-08-15 03:06:19.535127+00:00,29.039204634405905
2025-08-15 03:06:19.811630+00:00,29.023753049317747
2025-08-15 03:06:20.052772+00:00,29.034054105752148
2025-08-15 03:06:20.261656+00:00,29.02890357738943
2025-08-15 03:06:20.628707+00:00,29.02890357738943
2025-08-15 03:06:24.258448+00:00,29.023753049317747
2025-08-15 03:06:24.701308+00:00,29.023753049317747
2025-08-15 03:06:24.949594+00:00,29.034054105752148
2025-08-15 03:06:25.268732+00:00,29.02890357738943
2025-08-15 03:06:26.094043+00:00,29.018602521537105
2025-08-15 03:06:26.491411+00:00,29.02890357738943
2025-08-15 03:06:27.556776+00:00,29.023753049317747
2025-08-15 03:06:29.059317+00:00,29.039204634405905
2025-08-15 03:06:30.100976+00:00,29.023753049317747
2025-08-15 03:06:31.672699+00:00,29.023753049317747
2025-08-15 03:06:33.818833+00:00,29.034054105752148
2025-08-15 03:06:34.709776+00:00,29.023753049317747
2025-08-15 03:06:35.027166+00:00,29.023753049317747
2025-08-15 03:06:35.261042+00:00,29.023753049317747
2025-08-15 03:06:37.433243+00:00,29.023753049317747
2025-08-15 03:06:41.178879+00:00,29.023753049317747
2025-08-15 03:06:41.441584+00:00,29.023753049317747
2025-08-15 03:06:42.488792+00:00,29.02890357738943
2025-08-15 03:06:42.689918+00:00,29.034054105752148
2025-08-15 03:06:49.359058+00:00,29.023753049317747
2025-08-15 03:06:52.700409+00:00,29.018602521537105
2025-08-15 03:06:52.996140+00:00,29.018602521537105
2025-08-15 03:06:53.371616+00:00,29.02890357738943
2025-08-15 03:06:53.865386+00:00,29.023753049317747
2025-08-15 03:06:58.632313+00:00,29.023753049317747
2025-08-15 03:06:59.499358+00:00,29.023753049317747
2025-08-15 03:06:59.900643+00:00,29.0134519940475
2025-08-15 03:07:02.599693+00:00,29.0134519940475
2025-08-15 03:07:04.303485+00:00,29.018602521537105
2025-08-15 03:07:04.720780+00:00,29.0134519940475
2025-08-15 03:07:05.165679+00:00,29.023753049317747
2025-08-15 03:07:14.747880+00:00,29.0134519940475
2025-08-15 03:07:15.425859+00:00,29.018602521537105
2025-08-15 03:07:16.378380+00:00,29.023753049317747
2025-08-15 03:07:17.896257+00:00,29.023753049317747
2025-08-15 03:07:19.298663+00:00,29.023753049317747
2025-08-15 03:07:19.767120+00:00,29.018602521537105
2025-08-15 03:07:20.616710+00:00,29.018602521537105
2025-08-15 03:07:20.862425+00:00,29.023753049317747
2025-08-15 03:07:21.116407+00:00,29.018602521537105
2025-08-15 03:07:23.914663+00:00,29.0134519940475
2025-08-15 03:07:24.825027+00:00,29.023753049317747
2025-08-15 03:07:25.090906+00:00,29.023753049317747
2025-08-15 03:07:25.267666+00:00,29.023753049317747
2025-08-15 03:07:25.651263+00:00,29.02890357738943
2025-08-15 03:07:25.869457+00:00,29.02890357738943
2025-08-15 03:07:27.170210+00:00,29.023753049317747
2025-08-15 03:07:28.173884+00:00,29.0134519940475
2025-08-15 03:07:31.847564+00:00,29.023753049317747
2025-08-15 03:07:34.639880+00:00,29.023753049317747
2025-08-15 03:07:34.950510+00:00,29.02890357738943
2025-08-15 03:07:35.195422+00:00,29.023753049317747
2025-08-15 03:07:35.504630+00:00,29.02890357738943
2025-08-15 03:07:36.875096+00:00,29.023753049317747
2025-08-15 03:07:37.516511+00:00,29.02890357738943
2025-08-15 03:07:38.294925+00:00,29.02890357738943
2025-08-15 03:07:40.142882+00:00,29.02890357738943
2025-08-15 03:07:40.985935+00:00,29.0134519940475
2025-08-15 03:07:43.720474+00:00,29.018602521537105
2025-08-15 03:07:44.095433+00:00,29.023753049317747
2025-08-15 03:07:44.506325+00:00,29.023753049317747
2025-08-15 03:07:44.773722+00:00,29.02890357738943
2025-08-15 03:07:45.065567+00:00,29.0443551633507
2025-08-15 03:07:48.140472+00:00,29.02890357738943
2025-08-15 03:07:49.727790+00:00,29.023753049317747
2025-08-15 03:07:50.470093+00:00,29.02890357738943
2025-08-15 03:07:52.749354+00:00,29.023753049317747
2025-08-15 03:07:53.254463+00:00,29.02890357738943
2025-08-15 03:07:53.613291+00:00,29.02890357738943
2025-08-15 03:07:55.157729+00:00,29.023753049317747
2025-08-15 03:07:57.322327+00:00,29.023753049317747
2025-08-15 03:07:57.611665+00:00,29.02890357738943
2025-08-15 03:07:58.155994+00:00,29.023753049317747
2025-08-15 03:08:01.117706+00:00,29.02890357738943
2025-08-15 03:08:01.526495+00:00,29.034054105752148
2025-08-15 03:08:04.011702+00:00,29.02890357738943
2025-08-15 03:08:06.502350+00:00,29.034054105752148
2025-08-15 03:08:08.355909+00:00,29.039204634405905
2025-08-15 03:08:08.727224+00:00,29.034054105752148
2025-08-15 03:08:09.377207+00:00,29.034054105752148
2025-08-15 03:08:09.852355+00:00,29.034054105752148
2025-08-15 03:08:10.260338+00:00,29.02890357738943
2025-08-15 03:08:12.290344+00:00,29.034054105752148
2025-08-15 03:08:12.548989+00:00,29.0443551633507
2025-08-15 03:08:12.850195+00:00,29.039204634405905
2025-08-15 03:08:16.100864+00:00,29.039204634405905
2025-08-15 03:08:18.449084+00:00,29.02890357738943
2025-08-15 03:08:19.041358+00:00,29.02890357738943
2025-08-15 03:08:19.242043+00:00,29.039204634405905
2025-08-15 03:08:19.768777+00:00,29.039204634405905
2025-08-15 03:08:21.758825+00:00,29.039204634405905
2025-08-15 03:08:22.828694+00:00,29.023753049317747
2025-08-15 03:08:23.012421+00:00,29.039204634405905
2025-08-15 03:08:23.288569+00:00,29.034054105752148
2025-08-15 03:08:23.538440+00:00,29.039204634405905
2025-08-15 03:08:24.239163+00:00,29.02890357738943
2025-08-15 03:08:26.339039+00:00,29.023753049317747
2025-08-15 03:08:26.557634+00:00,29.034054105752148
2025-08-15 03:08:26.730771+00:00,29.039204634405905
2025-08-15 03:08:27.173389+00:00,29.034054105752148
2025-08-15 03:08:28.240680+00:00,29.034054105752148
2025-08-15 03:08:28.468337+00:00,29.039204634405905
2025-08-15 03:08:28.730485+00:00,29.0443551633507
2025-08-15 03:08:28.978490+00:00,29.039204634405905
2025-08-15 03:08:30.482340+00:00,29.039204634405905
2025-08-15 03:08:33.059587+00:00,29.0443551633507
2025-08-15 03:08:34.829009+00:00,29.0443551633507
2025-08-15 03:08:35.983284+00:00,29.034054105752148
2025-08-15 03:08:37.145028+00:00,29.039204634405905
2025-08-15 03:08:39.073548+00:00,29.034054105752148
2025-08-15 03:08:39.591618+00:00,29.023753049317747
2025-08-15 03:08:42.901664+00:00,29.0443551633507
2025-08-15 03:08:43.250563+00:00,29.034054105752148
2025-08-15 03:08:44.020560+00:00,29.0443551633507
2025-08-15 03:08:44.837470+00:00,29.049505692586536
2025-08-15 03:08:45.200257+00:00,29.0443551633507
2025-08-15 03:08:46.760816+00:00,29.0443551633507
2025-08-15 03:08:47.170009+00:00,29.049505692586536
2025-08-15 03:08:48.223299+00:00,29.0443551633507
2025-08-15 03:08:49.292428+00:00,29.039204634405905
2025-08-15 03:08:49.991641+00:00,29.039204634405905
2025-08-15 03:08:50.868579+00:00,29.034054105752148
2025-08-15 03:08:52.213245+00:00,29.0443551633507
2025-08-15 03:08:52.625027+00:00,29.034054105752148
2025-08-15 03:08:52.840968+00:00,29.039204634405905
2025-08-15 03:08:53.144686+00:00,29.0443551633507
2025-08-15 03:08:53.400504+00:00,29.0443551633507
2025-08-15 03:08:53.635309+00:00,29.034054105752148
2025-08-15 03:08:54.063528+00:00,29.0443551633507
2025-08-15 03:08:54.313120+00:00,29.049505692586536
2025-08-15 03:08:54.430502+00:00,29.0443551633507
2025-08-15 03:08:54.647542+00:00,29.054656222113408
2025-08-15 03:08:54.805416+00:00,29.064957282040268
2025-08-15 03:08:56.243341+00:00,29.0443551633507
2025-08-15 03:09:00.829133+00:00,29.034054105752148
2025-08-15 03:09:01.660633+00:00,29.039204634405905
2025-08-15 03:09:03.342426+00:00,29.034054105752148
2025-08-15 03:09:03.926775+00:00,29.034054105752148
2025-08-15 03:09:04.311080+00:00,29.039204634405905
2025-08-15 03:09:07.777461+00:00,29.0443551633507
2025-08-15 03:09:08.211742+00:00,29.039204634405905
2025-08-15 03:09:13.752177+00:00,29.034054105752148
2025-08-15 03:09:14.001315+00:00,29.039204634405905
2025-08-15 03:09:14.328010+00:00,29.034054105752148
2025-08-15 03:09:19.281449+00:00,29.034054105752148
2025-08-15 03:09:20.201542+00:00,29.034054105752148
2025-08-15 03:09:20.926205+00:00,29.0443551633507
2025-08-15 03:09:21.682023+00:00,29.049505692586536
2025-08-15 03:09:23.343949+00:00,29.034054105752148
2025-08-15 03:09:24.096838+00:00,29.049505692586536
2025-08-15 03:09:26.125679+00:00,29.0443551633507
2025-08-15 03:09:27.061745+00:00,29.049505692586536
2025-08-15 03:09:28.516259+00:00,29.034054105752148
2025-08-15 03:09:29.325392+00:00,29.0443551633507
2025-08-15 03:09:29.828843+00:00,29.049505692586536
2025-08-15 03:09:32.117594+00:00,29.049505692586536
2025-08-15 03:09:34.700127+00:00,29.054656222113408
2025-08-15 03:09:35.885574+00:00,29.049505692586536
2025-08-15 03:09:36.568465+00:00,29.039204634405905
2025-08-15 03:09:37.009037+00:00,29.054656222113408
2025-08-15 03:09:37.261641+00:00,29.054656222113408
2025-08-15 03:09:37.867173+00:00,29.049505692586536
2025-08-15 03:09:38.617545+00:00,29.0443551633507
2025-08-15 03:09:39.469923+00:00,29.0443551633507
2025-08-15 03:09:40.614704+00:00,29.049505692586536
2025-08-15 03:09:41.943168+00:00,29.054656222113408
2025-08-15 03:09:43.301843+00:00,29.0443551633507
2025-08-15 03:09:44.418349+00:00,29.039204634405905
2025-08-15 03:09:46.087117+00:00,29.034054105752148
2025-08-15 03:09:48.511896+00:00,29.034054105752148
2025-08-15 03:09:49.421814+00:00,29.034054105752148
2025-08-15 03:09:50.856862+00:00,29.049505692586536
2025-08-15 03:09:51.159401+00:00,29.039204634405905
2025-08-15 03:09:52.797174+00:00,29.049505692586536
2025-08-15 03:09:53.424990+00:00,29.049505692586536
2025-08-15 03:09:53.674980+00:00,29.049505692586536
2025-08-15 03:09:54.743636+00:00,29.049505692586536
2025-08-15 03:09:55.013511+00:00,29.0443551633507
2025-08-15 03:09:55.302049+00:00,29.049505692586536
2025-08-15 03:09:56.043149+00:00,29.0443551633507
2025-08-15 03:09:56.624817+00:00,29.0443551633507
2025-08-15 03:09:59.638948+00:00,29.049505692586536
2025-08-15 03:10:00.005292+00:00,29.0443551633507
2025-08-15 03:10:00.948186+00:00,29.039204634405905
2025-08-15 03:10:02.074942+00:00,29.0443551633507
2025-08-15 03:10:02.590480+00:00,29.0443551633507
2025-08-15 03:10:03.144831+00:00,29.0443551633507
2025-08-15 03:10:03.611586+00:00,29.049505692586536
2025-08-15 03:10:04.115582+00:00,29.0443551633507
2025-08-15 03:10:05.324715+00:00,29.049505692586536
2025-08-15 03:10:05.624715+00:00,29.054656222113408
2025-08-15 03:10:08.741438+00:00,29.0443551633507
2025-08-15 03:10:10.165916+00:00,29.039204634405905
2025-08-15 03:10:11.615855+00:00,29.0443551633507
2025-08-15 03:10:12.556628+00:00,29.039204634405905
2025-08-15 03:10:13.200403+00:00,29.049505692586536
2025-08-15 03:10:14.750059+00:00,29.054656222113408
2025-08-15 03:10:18.133826+00:00,29.0443551633507
2025-08-15 03:10:18.939325+00:00,29.049505692586536
2025-08-15 03:10:19.299675+00:00,29.0443551633507
2025-08-15 03:10:19.665772+00:00,29.049505692586536
2025-08-15 03:10:23.593450+00:00,29.034054105752148
2025-08-15 03:10:27.259200+00:00,29.034054105752148
2025-08-15 03:10:28.112766+00:00,29.0443551633507
2025-08-15 03:10:33.894686+00:00,29.034054105752148
2025-08-15 03:10:34.514901+00:00,29.02890357738943
2025-08-15 03:10:38.890089+00:00,29.018602521537105
2025-08-15 03:10:40.201249+00:00,29.034054105752148
2025-08-15 03:10:40.695365+00:00,29.034054105752148
2025-08-15 03:10:40.997124+00:00,29.0443551633507
2025-08-15 03:10:41.297600+00:00,29.039204634405905
2025-08-15 03:10:41.546674+00:00,29.0443551633507
2025-08-15 03:10:50.183123+00:00,29.034054105752148
2025-08-15 03:10:50.324134+00:00,29.039204634405905
2025-08-15 03:10:51.286640+00:00,29.023753049317747
2025-08-15 03:10:52.363972+00:00,29.023753049317747
2025-08-15 03:10:56.677241+00:00,29.023753049317747
2025-08-15 03:10:57.597241+00:00,29.02890357738943
2025-08-15 03:10:57.856231+00:00,29.023753049317747
2025-08-15 03:10:58.380789+00:00,29.023753049317747
2025-08-15 03:10:59.601379+00:00,29.023753049317747
2025-08-15 03:11:00.298336+00:00,29.02890357738943
2025-08-15 03:11:04.309162+00:00,29.034054105752148
2025-08-15 03:11:05.963779+00:00,29.023753049317747
2025-08-15 03:11:09.507583+00:00,29.039204634405905
2025-08-15 03:11:09.981334+00:00,29.02890357738943
2025-08-15 03:11:11.984076+00:00,29.02890357738943
2025-08-15 03:11:15.963164+00:00,29.023753049317747
2025-08-15 03:11:18.051849+00:00,29.039204634405905
2025-08-15 03:11:20.717980+00:00,29.018602521537105
2025-08-15 03:11:21.119128+00:00,29.023753049317747
2025-08-15 03:11:22.071494+00:00,29.034054105752148
2025-08-15 03:11:22.279076+00:00,29.023753049317747
2025-08-15 03:11:23.572156+00:00,29.023753049317747
2025-08-15 03:11:25.461957+00:00,29.023753049317747
2025-08-15 03:11:26.220633+00:00,29.018602521537105
2025-08-15 03:11:26.759079+00:00,29.018602521537105
2025-08-15 03:11:27.680715+00:00,29.018602521537105
2025-08-15 03:11:29.021516+00:00,29.0134519940475
2025-08-15 03:11:29.391355+00:00,29.018602521537105
2025-08-15 03:11:31.588595+00:00,29.023753049317747
2025-08-15 03:11:34.879655+00:00,29.023753049317747
2025-08-15 03:11:36.339299+00:00,29.018602521537105
2025-08-15 03:11:39.741812+00:00,29.0134519940475
2025-08-15 03:11:41.491911+00:00,29.023753049317747
2025-08-15 03:11:41.740482+00:00,29.018602521537105
2025-08-15 03:11:41.949790+00:00,29.02890357738943
2025-08-15 03:11:42.323580+00:00,29.023753049317747
2025-08-15 03:11:42.593846+00:00,29.023753049317747
2025-08-15 03:11:44.824681+00:00,29.0134519940475
2025-08-15 03:11:47.997322+00:00,29.023753049317747
2025-08-15 03:11:48.508725+00:00,29.018602521537105
2025-08-15 03:11:49.014011+00:00,29.02890357738943
2025-08-15 03:11:49.427224+00:00,29.02890357738943
2025-08-15 03:11:51.582490+00:00,29.0134519940475
2025-08-15 03:11:53.149507+00:00,29.0134519940475
2025-08-15 03:11:54.940397+00:00,29.018602521537105
2025-08-15 03:11:55.473456+00:00,29.018602521537105
2025-08-15 03:11:56.749402+00:00,29.02890357738943
2025-08-15 03:11:57.631727+00:00,29.0134519940475
2025-08-15 03:11:59.107879+00:00,29.023753049317747
2025-08-15 03:12:00.281848+00:00,29.018602521537105
2025-08-15 03:12:01.322331+00:00,29.023753049317747
2025-08-15 03:12:01.973826+00:00,29.023753049317747
2025-08-15 03:12:02.469120+00:00,29.023753049317747
2025-08-15 03:12:02.930768+00:00,29.023753049317747
2025-08-15 03:12:04.638337+00:00,29.02890357738943
2025-08-15 03:12:07.441656+00:00,29.02890357738943
2025-08-15 03:12:10.200421+00:00,29.02890357738943
2025-08-15 03:12:11.434156+00:00,29.034054105752148
2025-08-15 03:12:12.698227+00:00,29.023753049317747
2025-08-15 03:12:14.420633+00:00,29.023753049317747
2025-08-15 03:12:20.088708+00:00,29.023753049317747
2025-08-15 03:12:20.831590+00:00,29.023753049317747
2025-08-15 03:12:21.843830+00:00,29.023753049317747
2025-08-15 03:12:22.082843+00:00,29.034054105752148
2025-08-15 03:12:22.403389+00:00,29.039204634405905
2025-08-15 03:12:22.745177+00:00,29.034054105752148
2025-08-15 03:12:25.402786+00:00,29.02890357738943
2025-08-15 03:12:26.170009+00:00,29.034054105752148
2025-08-15 03:12:26.397297+00:00,29.02890357738943
2025-08-15 03:12:26.629876+00:00,29.02890357738943
2025-08-15 03:12:26.880945+00:00,29.034054105752148
2025-08-15 03:12:27.264411+00:00,29.039204634405905
2025-08-15 03:12:27.556825+00:00,29.034054105752148
2025-08-15 03:12:28.492993+00:00,29.023753049317747
2025-08-15 03:12:28.961238+00:00,29.023753049317747
2025-08-15 03:12:30.680100+00:00,29.023753049317747
2025-08-15 03:12:34.982331+00:00,29.023753049317747
2025-08-15 03:12:35.745275+00:00,29.023753049317747
2025-08-15 03:12:36.111053+00:00,29.018602521537105
2025-08-15 03:12:36.386751+00:00,29.02890357738943
2025-08-15 03:12:37.130349+00:00,29.023753049317747
2025-08-15 03:12:38.828077+00:00,29.039204634405905
2025-08-15 03:12:39.257327+00:00,29.023753049317747
2025-08-15 03:12:39.514424+00:00,29.023753049317747
2025-08-15 03:12:39.773681+00:00,29.034054105752148
2025-08-15 03:12:40.273477+00:00,29.034054105752148
2025-08-15 03:12:40.523689+00:00,29.034054105752148
2025-08-15 03:12:40.757098+00:00,29.034054105752148
2025-08-15 03:12:41.007960+00:00,29.0443551633507
2025-08-15 03:12:42.011591+00:00,29.034054105752148
2025-08-15 03:12:44.275762+00:00,29.02890357738943
2025-08-15 03:12:47.300364+00:00,29.02890357738943
2025-08-15 03:12:48.457203+00:00,29.02890357738943
2025-08-15 03:12:48.810835+00:00,29.034054105752148
2025-08-15 03:12:49.438085+00:00,29.034054105752148
2025-08-15 03:12:50.281585+00:00,29.034054105752148
2025-08-15 03:12:51.041176+00:00,29.034054105752148
2025-08-15 03:12:52.556341+00:00,29.034054105752148
2025-08-15 03:12:53.590586+00:00,29.034054105752148
2025-08-15 03:12:57.215370+00:00,29.02890357738943
2025-08-15 03:13:00.170670+00:00,29.02890357738943
2025-08-15 03:13:07.113099+00:00,29.02890357738943
2025-08-15 03:13:07.830149+00:00,29.034054105752148
2025-08-15 03:13:08.611071+00:00,29.02890357738943
2025-08-15 03:13:09.295164+00:00,29.023753049317747
2025-08-15 03:13:10.546898+00:00,29.02890357738943
2025-08-15 03:13:18.729996+00:00,29.034054105752148
2025-08-15 03:13:19.297185+00:00,29.039204634405905
2025-08-15 03:13:19.794311+00:00,29.039204634405905
2025-08-15 03:13:20.082757+00:00,29.0443551633507
2025-08-15 03:13:23.598097+00:00,29.0443551633507
2025-08-15 03:13:24.101285+00:00,29.02890357738943
2025-08-15 03:13:26.500990+00:00,29.039204634405905
2025-08-15 03:13:29.846206+00:00,29.034054105752148
2025-08-15 03:13:30.131778+00:00,29.023753049317747
2025-08-15 03:13:34.008195+00:00,29.0443551633507
2025-08-15 03:13:34.290264+00:00,29.039204634405905
2025-08-15 03:13:34.430695+00:00,29.039204634405905
2025-08-15 03:13:34.664262+00:00,29.0443551633507
2025-08-15 03:13:36.207415+00:00,29.02890357738943
2025-08-15 03:13:36.540782+00:00,29.0443551633507
2025-08-15 03:13:36.807801+00:00,29.0443551633507
2025-08-15 03:13:37.185949+00:00,29.0443551633507
2025-08-15 03:13:39.439723+00:00,29.039204634405905
2025-08-15 03:13:40.632673+00:00,29.039204634405905
2025-08-15 03:13:41.844267+00:00,29.0443551633507
2025-08-15 03:13:42.539447+00:00,29.0443551633507
2025-08-15 03:13:43.707034+00:00,29.039204634405905
2025-08-15 03:13:44.066841+00:00,29.034054105752148
2025-08-15 03:13:44.324385+00:00,29.039204634405905
2025-08-15 03:13:44.656039+00:00,29.039204634405905
2025-08-15 03:13:44.921246+00:00,29.0443551633507
2025-08-15 03:13:45.106294+00:00,29.0443551633507
2025-08-15 03:13:45.518685+00:00,29.049505692586536
2025-08-15 03:13:46.293560+00:00,29.054656222113408
2025-08-15 03:13:46.719106+00:00,29.0443551633507
2025-08-15 03:13:47.373473+00:00,29.049505692586536
2025-08-15 03:13:47.942209+00:00,29.039204634405905
2025-08-15 03:13:48.285814+00:00,29.023753049317747
2025-08-15 03:13:48.693679+00:00,29.039204634405905
2025-08-15 03:13:49.085442+00:00,29.02890357738943
2025-08-15 03:13:49.464191+00:00,29.034054105752148
2025-08-15 03:13:53.397400+00:00,29.034054105752148
2025-08-15 03:13:56.989310+00:00,29.049505692586536
2025-08-15 03:13:57.131774+00:00,29.039204634405905
2025-08-15 03:13:57.523495+00:00,29.039204634405905
2025-08-15 03:13:58.394193+00:00,29.034054105752148
2025-08-15 03:14:00.020894+00:00,29.039204634405905
2025-08-15 03:14:02.128267+00:00,29.034054105752148
2025-08-15 03:14:04.243726+00:00,29.02890357738943
2025-08-15 03:14:04.658544+00:00,29.034054105752148
2025-08-15 03:14:07.154502+00:00,29.039204634405905
2025-08-15 03:14:10.003426+00:00,29.049505692586536
2025-08-15 03:14:14.918586+00:00,29.034054105752148
2025-08-15 03:14:19.253470+00:00,29.034054105752148
2025-08-15 03:14:21.402339+00:00,29.02890357738943
2025-08-15 03:14:23.763889+00:00,29.034054105752148
2025-08-15 03:14:25.462570+00:00,29.049505692586536
2025-08-15 03:14:26.714807+00:00,29.02890357738943
2025-08-15 03:14:27.259114+00:00,29.034054105752148
2025-08-15 03:14:29.002283+00:00,29.034054105752148
2025-08-15 03:14:29.256071+00:00,29.0443551633507
2025-08-15 03:14:29.504169+00:00,29.0443551633507
2025-08-15 03:14:35.948444+00:00,29.034054105752148
2025-08-15 03:14:36.442066+00:00,29.049505692586536
2025-08-15 03:14:36.767829+00:00,29.049505692586536
2025-08-15 03:14:37.019328+00:00,29.0443551633507
2025-08-15 03:14:37.260026+00:00,29.054656222113408
2025-08-15 03:14:37.661997+00:00,29.054656222113408
2025-08-15 03:14:38.328516+00:00,29.0443551633507
2025-08-15 03:14:38.580225+00:00,29.0443551633507
2025-08-15 03:14:39.463345+00:00,29.023753049317747
2025-08-15 03:14:41.970048+00:00,29.049505692586536
2025-08-15 03:14:42.495311+00:00,29.0443551633507
2025-08-15 03:14:44.804249+00:00,29.054656222113408
2025-08-15 03:14:47.486044+00:00,29.054656222113408
2025-08-15 03:14:48.392109+00:00,29.034054105752148
2025-08-15 03:14:49.881552+00:00,29.054656222113408
2025-08-15 03:14:54.618928+00:00,29.0443551633507
2025-08-15 03:14:55.539405+00:00,29.0443551633507
2025-08-15 03:15:00.254888+00:00,29.0443551633507
2025-08-15 03:15:00.893363+00:00,29.049505692586536
2025-08-15 03:15:01.264744+00:00,29.05980675193132
2025-08-15 03:15:02.184659+00:00,29.039204634405905
2025-08-15 03:15:02.527657+00:00,29.054656222113408
2025-08-15 03:15:02.840690+00:00,29.0443551633507
2025-08-15 03:15:03.708382+00:00,29.049505692586536
2025-08-15 03:15:09.284881+00:00,29.0443551633507
2025-08-15 03:15:10.042036+00:00,29.0443551633507
2025-08-15 03:15:13.087012+00:00,29.039204634405905
2025-08-15 03:15:17.595692+00:00,29.0443551633507
2025-08-15 03:15:19.200843+00:00,29.02890357738943
2025-08-15 03:15:26.604110+00:00,29.0443551633507
2025-08-15 03:15:27.953085+00:00,29.0443551633507
2025-08-15 03:15:28.974596+00:00,29.023753049317747
2025-08-15 03:15:29.499466+00:00,29.039204634405905
2025-08-15 03:15:32.219062+00:00,29.039204634405905
2025-08-15 03:15:34.257634+00:00,29.039204634405905
2025-08-15 03:15:36.353179+00:00,29.034054105752148
2025-08-15 03:15:38.268649+00:00,29.039204634405905
2025-08-15 03:15:39.692812+00:00,29.039204634405905
2025-08-15 03:15:40.700509+00:00,29.049505692586536
2025-08-15 03:15:41.333223+00:00,29.034054105752148
2025-08-15 03:15:46.149657+00:00,29.039204634405905
2025-08-15 03:15:46.512863+00:00,29.0443551633507
2025-08-15 03:15:49.544021+00:00,29.0443551633507
2025-08-15 03:15:51.735592+00:00,29.049505692586536
2025-08-15 03:15:52.674524+00:00,29.054656222113408
2025-08-15 03:15:53.654455+00:00,29.054656222113408
2025-08-15 03:15:54.764779+00:00,29.054656222113408
2025-08-15 03:15:55.066038+00:00,29.054656222113408
2025-08-15 03:15:58.625848+00:00,29.049505692586536
2025-08-15 03:15:59.852920+00:00,29.049505692586536
2025-08-15 03:16:00.416413+00:00,29.049505692586536
2025-08-15 03:16:01.106683+00:00,29.0443551633507
2025-08-15 03:16:04.724678+00:00,29.0443551633507
2025-08-15 03:16:05.061292+00:00,29.0443551633507
2025-08-15 03:16:07.086768+00:00,29.0443551633507
2025-08-15 03:16:07.773894+00:00,29.0443551633507
2025-08-15 03:16:08.482134+00:00,29.0443551633507
2025-08-15 03:16:08.977739+00:00,29.034054105752148
2025-08-15 03:16:09.425043+00:00,29.0443551633507
2025-08-15 03:16:10.020750+00:00,29.039204634405905
2025-08-15 03:16:10.542584+00:00,29.0443551633507
2025-08-15 03:16:10.989178+00:00,29.034054105752148
2025-08-15 03:16:11.473113+00:00,29.039204634405905
2025-08-15 03:16:11.865288+00:00,29.02890357738943
2025-08-15 03:16:12.340324+00:00,29.0443551633507
2025-08-15 03:16:13.375966+00:00,29.0443551633507
2025-08-15 03:16:13.619408+00:00,29.034054105752148
2025-08-15 03:16:23.722333+00:00,29.039204634405905
2025-08-15 03:16:23.954949+00:00,29.0443551633507
2025-08-15 03:16:24.808437+00:00,29.034054105752148
2025-08-15 03:16:25.458034+00:00,29.034054105752148
2025-08-15 03:16:26.278854+00:00,29.023753049317747
2025-08-15 03:16:27.147451+00:00,29.034054105752148
2025-08-15 03:16:29.068862+00:00,29.034054105752148
2025-08-15 03:16:29.259990+00:00,29.0443551633507
2025-08-15 03:16:29.677313+00:00,29.0443551633507
2025-08-15 03:16:32.431263+00:00,29.0443551633507
2025-08-15 03:16:33.791284+00:00,29.039204634405905
2025-08-15 03:16:34.227332+00:00,29.039204634405905
2025-08-15 03:16:35.509185+00:00,29.039204634405905
2025-08-15 03:16:35.827108+00:00,29.0443551633507
2025-08-15 03:16:36.084922+00:00,29.034054105752148
2025-08-15 03:16:36.352450+00:00,29.034054105752148
2025-08-15 03:16:36.771286+00:00,29.054656222113408
2025-08-15 03:16:40.604105+00:00,29.049505692586536
2025-08-15 03:16:41.581915+00:00,29.034054105752148
2025-08-15 03:16:42.089166+00:00,29.0443551633507
2025-08-15 03:16:42.410456+00:00,29.034054105752148
2025-08-15 03:16:42.884942+00:00,29.039204634405905
2025-08-15 03:16:43.296946+00:00,29.039204634405905
2025-08-15 03:16:43.522868+00:00,29.039204634405905
2025-08-15 03:16:43.744562+00:00,29.039204634405905
2025-08-15 03:16:44.745081+00:00,29.034054105752148
2025-08-15 03:16:47.341021+00:00,29.034054105752148
2025-08-15 03:16:47.766524+00:00,29.02890357738943
2025-08-15 03:16:51.777924+00:00,29.039204634405905
2025-08-15 03:16:51.987773+00:00,29.039204634405905
2025-08-15 03:16:52.176844+00:00,29.0443551633507
2025-08-15 03:16:52.632349+00:00,29.0443551633507
2025-08-15 03:16:53.751765+00:00,29.039204634405905
2025-08-15 03:16:54.694966+00:00,29.034054105752148
2025-08-15 03:16:55.936498+00:00,29.02890357738943
2025-08-15 03:16:58.911144+00:00,29.0443551633507
2025-08-15 03:17:01.508182+00:00,29.039204634405905
2025-08-15 03:17:02.159446+00:00,29.0443551633507
2025-08-15 03:17:04.964146+00:00,29.039204634405905
2025-08-15 03:17:05.313117+00:00,29.034054105752148
2025-08-15 03:17:06.244074+00:00,29.039204634405905
2025-08-15 03:17:07.952161+00:00,29.039204634405905
2025-08-15 03:17:09.130726+00:00,29.034054105752148
2025-08-15 03:17:13.233075+00:00,29.049505692586536
2025-08-15 03:17:17.472352+00:00,29.02890357738943
2025-08-15 03:17:20.920506+00:00,29.039204634405905
2025-08-15 03:17:21.363177+00:00,29.034054105752148
2025-08-15 03:17:22.327135+00:00,29.034054105752148
2025-08-15 03:17:28.742769+00:00,29.034054105752148
2025-08-15 03:17:29.008446+00:00,29.034054105752148
2025-08-15 03:17:29.241760+00:00,29.023753049317747
2025-08-15 03:17:29.493085+00:00,29.023753049317747
2025-08-15 03:17:30.452270+00:00,29.02890357738943
2025-08-15 03:17:30.829798+00:00,29.023753049317747
2025-08-15 03:17:31.201985+00:00,29.023753049317747
2025-08-15 03:17:31.588397+00:00,29.039204634405905
2025-08-15 03:17:33.770258+00:00,29.034054105752148
2025-08-15 03:17:36.468820+00:00,29.02890357738943
2025-08-15 03:17:36.903227+00:00,29.023753049317747
2025-08-15 03:17:38.200918+00:00,29.023753049317747
2025-08-15 03:17:38.549089+00:00,29.034054105752148
2025-08-15 03:17:39.035009+00:00,29.023753049317747
2025-08-15 03:17:40.840282+00:00,29.034054105752148
2025-08-15 03:17:41.841353+00:00,29.034054105752148
2025-08-15 03:17:42.308788+00:00,29.023753049317747
2025-08-15 03:17:42.819908+00:00,29.023753049317747
2025-08-15 03:17:43.662460+00:00,29.023753049317747
2025-08-15 03:17:44.432251+00:00,29.023753049317747
2025-08-15 03:17:46.655887+00:00,29.023753049317747
2025-08-15 03:17:47.630118+00:00,29.02890357738943
2025-08-15 03:17:50.417017+00:00,29.023753049317747
2025-08-15 03:17:52.410192+00:00,29.023753049317747
2025-08-15 03:17:55.126011+00:00,29.023753049317747
2025-08-15 03:17:55.384323+00:00,29.02890357738943
2025-08-15 03:17:56.208600+00:00,29.02890357738943
2025-08-15 03:17:57.548266+00:00,29.023753049317747
2025-08-15 03:17:58.946525+00:00,29.023753049317747
2025-08-15 03:18:00.199531+00:00,29.02890357738943
2025-08-15 03:18:03.813738+00:00,29.034054105752148
2025-08-15 03:18:05.107904+00:00,29.023753049317747
2025-08-15 03:18:12.632511+00:00,29.023753049317747
2025-08-15 03:18:13.149375+00:00,29.0134519940475
2025-08-15 03:18:14.252124+00:00,29.023753049317747
2025-08-15 03:18:15.069969+00:00,29.023753049317747
2025-08-15 03:18:16.709265+00:00,29.02890357738943
2025-08-15 03:18:20.636138+00:00,29.018602521537105
2025-08-15 03:18:21.246442+00:00,29.0134519940475
2025-08-15 03:18:22.300370+00:00,29.018602521537105
2025-08-15 03:18:22.683226+00:00,29.0134519940475
2025-08-15 03:18:24.020835+00:00,29.018602521537105
2025-08-15 03:18:26.395214+00:00,29.023753049317747
2025-08-15 03:18:29.865558+00:00,29.0134519940475
2025-08-15 03:18:30.788568+00:00,29.018602521537105
2025-08-15 03:18:39.040639+00:00,29.02890357738943
2025-08-15 03:18:39.502410+00:00,29.0134519940475
2025-08-15 03:18:40.198844+00:00,29.003150939941406
2025-08-15 03:18:40.860145+00:00,29.018602521537105
2025-08-15 03:18:41.183015+00:00,29.018602521537105
2025-08-15 03:18:45.485980+00:00,29.018602521537105
2025-08-15 03:18:47.891790+00:00,29.008301466848934
2025-08-15 03:18:48.373975+00:00,29.0134519940475
2025-08-15 03:18:48.913038+00:00,29.018602521537105
2025-08-15 03:18:49.160018+00:00,29.003150939941406
2025-08-15 03:18:51.918156+00:00,28.998000413324917
2025-08-15 03:18:52.277009+00:00,29.008301466848934
2025-08-15 03:18:52.954885+00:00,29.008301466848934
2025-08-15 03:18:53.733544+00:00,28.987699360965053
2025-08-15 03:18:57.064811+00:00,29.003150939941406
2025-08-15 03:18:58.474882+00:00,29.0134519940475
2025-08-15 03:19:00.151440+00:00,29.008301466848934
2025-08-15 03:19:02.257051+00:00,29.0134519940475
2025-08-15 03:19:03.483426+00:00,28.998000413324917
2025-08-15 03:19:04.853461+00:00,29.0134519940475
2025-08-15 03:19:05.924573+00:00,29.008301466848934
2025-08-15 03:19:08.969071+00:00,29.008301466848934
2025-08-15 03:19:09.336366+00:00,29.003150939941406
2025-08-15 03:19:10.960796+00:00,29.0134519940475
2025-08-15 03:19:15.070663+00:00,29.0134519940475
2025-08-15 03:19:16.466491+00:00,29.003150939941406
2025-08-15 03:19:21.344581+00:00,29.018602521537105
2025-08-15 03:19:28.577330+00:00,29.008301466848934
2025-08-15 03:19:31.963903+00:00,29.003150939941406
2025-08-15 03:19:38.348172+00:00,29.023753049317747
2025-08-15 03:19:39.169049+00:00,29.023753049317747
2025-08-15 03:19:39.661069+00:00,29.023753049317747
2025-08-15 03:19:40.847015+00:00,29.0134519940475
2025-08-15 03:19:41.659182+00:00,29.023753049317747
2025-08-15 03:19:42.380811+00:00,29.018602521537105
2025-08-15 03:19:42.795030+00:00,29.02890357738943
2025-08-15 03:19:45.901891+00:00,29.023753049317747
2025-08-15 03:19:47.548296+00:00,29.018602521537105
2025-08-15 03:19:49.636129+00:00,29.018602521537105
2025-08-15 03:19:50.822982+00:00,29.02890357738943
2025-08-15 03:19:52.225924+00:00,29.018602521537105
2025-08-15 03:19:52.623441+00:00,29.0134519940475
2025-08-15 03:19:53.739188+00:00,29.018602521537105
2025-08-15 03:19:54.046591+00:00,29.023753049317747
2025-08-15 03:19:54.306318+00:00,29.0134519940475
2025-08-15 03:19:54.974559+00:00,29.023753049317747
2025-08-15 03:19:55.349880+00:00,29.023753049317747
2025-08-15 03:19:55.708027+00:00,29.023753049317747
2025-08-15 03:19:56.115102+00:00,29.023753049317747
2025-08-15 03:19:57.020327+00:00,29.023753049317747
2025-08-15 03:19:59.602299+00:00,29.02890357738943
2025-08-15 03:20:00.210867+00:00,29.0134519940475
2025-08-15 03:20:02.417383+00:00,29.02890357738943
2025-08-15 03:20:02.885103+00:00,29.02890357738943
2025-08-15 03:20:03.777313+00:00,29.023753049317747
2025-08-15 03:20:04.208374+00:00,29.018602521537105
2025-08-15 03:20:05.056023+00:00,29.023753049317747
2025-08-15 03:20:07.115012+00:00,29.018602521537105
2025-08-15 03:20:09.398957+00:00,29.02890357738943
2025-08-15 03:20:12.195982+00:00,29.018602521537105
2025-08-15 03:20:13.849103+00:00,29.023753049317747
2025-08-15 03:20:15.714724+00:00,29.034054105752148
2025-08-15 03:20:19.875669+00:00,29.02890357738943
2025-08-15 03:20:21.719264+00:00,29.023753049317747
2025-08-15 03:20:22.117955+00:00,29.023753049317747
2025-08-15 03:20:22.515776+00:00,29.018602521537105
2025-08-15 03:20:23.951064+00:00,29.018602521537105
2025-08-15 03:20:34.693265+00:00,29.003150939941406
2025-08-15 03:20:37.983794+00:00,29.02890357738943
2025-08-15 03:20:42.353704+00:00,29.023753049317747
2025-08-15 03:20:44.171696+00:00,29.023753049317747
2025-08-15 03:20:48.557596+00:00,29.018602521537105
2025-08-15 03:20:50.155888+00:00,29.018602521537105
2025-08-15 03:20:51.949885+00:00,29.023753049317747
2025-08-15 03:20:52.266590+00:00,29.023753049317747
2025-08-15 03:20:52.509839+00:00,29.018602521537105
2025-08-15 03:20:52.826331+00:00,29.023753049317747
2025-08-15 03:20:53.095572+00:00,29.023753049317747
2025-08-15 03:20:56.443368+00:00,29.023753049317747
2025-08-15 03:20:58.130993+00:00,29.0134519940475
2025-08-15 03:21:01.148642+00:00,29.023753049317747
2025-08-15 03:21:05.678750+00:00,29.018602521537105
2025-08-15 03:21:10.940270+00:00,29.023753049317747
2025-08-15 03:21:14.536044+00:00,29.023753049317747
2025-08-15 03:21:20.292450+00:00,29.023753049317747
2025-08-15 03:21:20.809029+00:00,29.034054105752148
2025-08-15 03:21:21.136163+00:00,29.023753049317747
2025-08-15 03:21:22.057834+00:00,29.02890357738943
2025-08-15 03:21:23.458841+00:00,29.023753049317747
2025-08-15 03:21:23.767037+00:00,29.023753049317747
2025-08-15 03:21:24.025805+00:00,29.034054105752148
2025-08-15 03:21:24.343975+00:00,29.034054105752148
2025-08-15 03:21:24.609778+00:00,29.023753049317747
2025-08-15 03:21:27.160698+00:00,29.023753049317747
2025-08-15 03:21:28.356625+00:00,29.018602521537105
2025-08-15 03:21:28.840841+00:00,29.023753049317747
2025-08-15 03:21:30.478540+00:00,29.02890357738943
2025-08-15 03:21:37.463114+00:00,29.023753049317747
2025-08-15 03:21:37.684064+00:00,29.02890357738943
2025-08-15 03:21:43.481185+00:00,29.02890357738943
2025-08-15 03:21:43.673060+00:00,29.02890357738943
2025-08-15 03:21:43.905710+00:00,29.02890357738943
2025-08-15 03:21:45.815543+00:00,29.02890357738943
2025-08-15 03:21:50.716549+00:00,29.0134519940475
2025-08-15 03:21:51.059441+00:00,29.008301466848934
2025-08-15 03:21:52.378938+00:00,29.023753049317747
2025-08-15 03:21:53.456681+00:00,28.987699360965053
2025-08-15 03:21:54.432778+00:00,29.018602521537105
2025-08-15 03:21:55.800596+00:00,29.023753049317747
2025-08-15 03:21:56.632674+00:00,29.023753049317747
2025-08-15 03:21:58.467948+00:00,29.018602521537105
2025-08-15 03:21:58.984072+00:00,29.02890357738943
2025-08-15 03:22:00.072228+00:00,29.039204634405905
2025-08-15 03:22:01.145691+00:00,29.023753049317747
2025-08-15 03:22:08.797586+00:00,29.018602521537105
2025-08-15 03:22:10.160668+00:00,29.023753049317747
2025-08-15 03:22:10.823052+00:00,29.018602521537105
2025-08-15 03:22:11.467482+00:00,29.023753049317747
2025-08-15 03:22:12.181073+00:00,29.0134519940475
2025-08-15 03:22:19.476311+00:00,29.023753049317747
2025-08-15 03:22:19.952366+00:00,29.023753049317747
2025-08-15 03:22:20.888115+00:00,29.018602521537105
2025-08-15 03:22:22.828298+00:00,29.0134519940475
2025-08-15 03:22:23.074425+00:00,29.018602521537105
2025-08-15 03:22:23.317060+00:00,29.023753049317747
2025-08-15 03:22:23.574138+00:00,29.018602521537105
2025-08-15 03:22:23.806311+00:00,29.023753049317747
2025-08-15 03:22:24.205557+00:00,29.023753049317747
2025-08-15 03:22:24.424698+00:00,29.023753049317747
2025-08-15 03:22:26.316518+00:00,29.008301466848934
2025-08-15 03:22:27.350154+00:00,29.0134519940475
2025-08-15 03:22:27.634248+00:00,29.008301466848934
2025-08-15 03:22:27.876580+00:00,29.008301466848934
2025-08-15 03:22:29.231803+00:00,29.0134519940475
2025-08-15 03:22:31.090434+00:00,29.003150939941406
2025-08-15 03:22:36.554087+00:00,29.0134519940475
2025-08-15 03:22:38.791264+00:00,28.998000413324917
2025-08-15 03:22:39.116659+00:00,29.008301466848934
2025-08-15 03:22:40.114070+00:00,29.018602521537105
2025-08-15 03:22:40.340102+00:00,29.0134519940475
2025-08-15 03:22:42.327349+00:00,29.0134519940475
2025-08-15 03:22:42.697555+00:00,29.0134519940475
2025-08-15 03:22:43.498810+00:00,29.008301466848934
2025-08-15 03:22:43.764592+00:00,29.0134519940475
2025-08-15 03:22:44.359338+00:00,29.023753049317747
2025-08-15 03:22:47.213290+00:00,29.0134519940475
2025-08-15 03:22:48.969252+00:00,29.008301466848934
2025-08-15 03:22:49.880296+00:00,29.0134519940475
2025-08-15 03:22:50.398597+00:00,29.008301466848934
2025-08-15 03:22:52.507770+00:00,29.008301466848934
2025-08-15 03:22:53.458347+00:00,28.998000413324917
2025-08-15 03:22:53.690242+00:00,29.008301466848934
2025-08-15 03:22:54.553134+00:00,29.018602521537105
2025-08-15 03:22:54.873822+00:00,29.008301466848934
2025-08-15 03:22:58.881343+00:00,29.0134519940475
2025-08-15 03:22:59.547931+00:00,29.018602521537105
2025-08-15 03:23:01.706215+00:00,29.0134519940475
2025-08-15 03:23:04.422276+00:00,29.023753049317747
2025-08-15 03:23:09.797186+00:00,29.018602521537105
2025-08-15 03:23:10.536525+00:00,29.018602521537105
2025-08-15 03:23:13.456964+00:00,29.023753049317747
2025-08-15 03:23:14.977062+00:00,29.023753049317747
2025-08-15 03:23:18.694349+00:00,29.023753049317747
2025-08-15 03:23:20.639778+00:00,29.0134519940475
2025-08-15 03:23:21.920200+00:00,29.018602521537105
2025-08-15 03:23:25.201330+00:00,29.023753049317747
2025-08-15 03:23:27.117687+00:00,29.023753049317747
2025-08-15 03:23:29.290540+00:00,29.003150939941406
2025-08-15 03:23:31.127826+00:00,29.003150939941406
2025-08-15 03:23:32.081172+00:00,29.008301466848934
2025-08-15 03:23:32.640343+00:00,29.008301466848934
2025-08-15 03:23:36.394255+00:00,29.018602521537105
2025-08-15 03:23:40.806591+00:00,29.008301466848934
2025-08-15 03:23:41.876045+00:00,29.008301466848934
2025-08-15 03:23:43.048055+00:00,29.0134519940475
2025-08-15 03:23:43.391010+00:00,29.008301466848934
2025-08-15 03:23:43.925042+00:00,29.0134519940475
2025-08-15 03:23:44.855971+00:00,29.018602521537105
2025-08-15 03:23:45.403512+00:00,29.0134519940475
2025-08-15 03:23:45.995755+00:00,29.003150939941406
2025-08-15 03:23:48.627916+00:00,29.0134519940475
2025-08-15 03:23:50.738814+00:00,29.0134519940475
2025-08-15 03:23:51.915904+00:00,29.0134519940475
2025-08-15 03:23:52.130054+00:00,29.0134519940475
2025-08-15 03:23:53.016175+00:00,29.003150939941406
2025-08-15 03:23:53.784428+00:00,29.003150939941406
2025-08-15 03:23:54.418955+00:00,29.0134519940475
2025-08-15 03:23:55.271238+00:00,29.018602521537105
2025-08-15 03:23:56.417406+00:00,29.003150939941406
2025-08-15 03:23:57.202118+00:00,29.003150939941406
2025-08-15 03:24:02.993161+00:00,28.998000413324917
2025-08-15 03:24:03.537251+00:00,29.003150939941406
2025-08-15 03:24:03.945812+00:00,29.0134519940475
2025-08-15 03:24:05.433544+00:00,29.008301466848934
2025-08-15 03:24:07.103213+00:00,29.003150939941406
2025-08-15 03:24:11.836772+00:00,29.0134519940475
2025-08-15 03:24:12.223688+00:00,28.992849886999466
2025-08-15 03:24:14.240448+00:00,29.003150939941406
2025-08-15 03:24:16.502260+00:00,29.003150939941406
2025-08-15 03:24:18.313968+00:00,28.992849886999466
2025-08-15 03:24:20.139479+00:00,29.003150939941406
2025-08-15 03:24:20.487537+00:00,28.992849886999466
2025-08-15 03:24:21.455647+00:00,29.003150939941406
2025-08-15 03:24:22.493748+00:00,28.992849886999466
2025-08-15 03:24:23.103766+00:00,28.992849886999466
2025-08-15 03:24:23.697923+00:00,28.987699360965053
2025-08-15 03:24:26.620721+00:00,28.992849886999466
2025-08-15 03:24:27.113876+00:00,28.992849886999466
2025-08-15 03:24:27.396510+00:00,29.003150939941406
2025-08-15 03:24:31.455386+00:00,29.003150939941406
2025-08-15 03:24:32.325919+00:00,28.992849886999466
2025-08-15 03:24:34.606390+00:00,28.998000413324917
2025-08-15 03:24:35.776761+00:00,28.998000413324917
2025-08-15 03:24:37.623518+00:00,28.987699360965053
2025-08-15 03:24:40.412838+00:00,28.992849886999466
2025-08-15 03:24:44.888575+00:00,28.998000413324917
2025-08-15 03:24:45.295991+00:00,28.992849886999466
2025-08-15 03:24:48.739313+00:00,29.003150939941406
2025-08-15 03:24:49.223628+00:00,28.998000413324917
2025-08-15 03:24:49.517785+00:00,28.998000413324917
2025-08-15 03:24:50.228480+00:00,28.992849886999466
2025-08-15 03:24:50.470883+00:00,28.982548835221678
2025-08-15 03:24:50.997314+00:00,28.992849886999466
2025-08-15 03:24:51.523416+00:00,28.992849886999466
2025-08-15 03:24:52.971316+00:00,28.998000413324917
2025-08-15 03:24:54.264950+00:00,28.998000413324917
2025-08-15 03:24:54.958574+00:00,28.987699360965053
2025-08-15 03:24:55.149750+00:00,28.992849886999466
2025-08-15 03:24:57.323518+00:00,28.992849886999466
2025-08-15 03:24:57.983471+00:00,29.003150939941406
2025-08-15 03:24:58.266302+00:00,29.008301466848934
2025-08-15 03:24:59.097129+00:00,29.003150939941406
2025-08-15 03:24:59.688087+00:00,29.003150939941406
2025-08-15 03:25:02.277592+00:00,29.003150939941406
2025-08-15 03:25:05.250994+00:00,28.998000413324917
2025-08-15 03:25:07.375456+00:00,28.982548835221678
2025-08-15 03:25:07.708666+00:00,28.992849886999466
2025-08-15 03:25:08.146067+00:00,28.987699360965053
2025-08-15 03:25:08.617886+00:00,28.998000413324917
2025-08-15 03:25:10.578770+00:00,28.998000413324917
2025-08-15 03:25:14.886642+00:00,28.998000413324917
2025-08-15 03:25:16.556569+00:00,28.998000413324917
2025-08-15 03:25:18.790583+00:00,29.008301466848934
2025-08-15 03:25:19.298667+00:00,28.998000413324917
2025-08-15 03:25:19.663844+00:00,28.992849886999466
2025-08-15 03:25:24.293944+00:00,29.003150939941406
2025-08-15 03:25:24.936081+00:00,28.998000413324917
2025-08-15 03:25:25.535838+00:00,29.003150939941406
2025-08-15 03:25:26.805620+00:00,29.003150939941406
2025-08-15 03:25:30.958579+00:00,29.003150939941406
2025-08-15 03:25:32.292841+00:00,28.998000413324917
2025-08-15 03:25:35.289200+00:00,29.003150939941406
2025-08-15 03:25:35.783979+00:00,29.008301466848934
2025-08-15 03:25:36.213508+00:00,28.998000413324917
2025-08-15 03:25:40.976610+00:00,29.003150939941406
2025-08-15 03:25:43.269757+00:00,29.003150939941406
2025-08-15 03:25:46.473847+00:00,29.008301466848934
2025-08-15 03:25:47.071654+00:00,29.003150939941406
2025-08-15 03:25:48.333017+00:00,29.003150939941406
2025-08-15 03:25:49.198306+00:00,28.992849886999466
2025-08-15 03:25:50.873579+00:00,29.003150939941406
2025-08-15 03:25:51.137394+00:00,29.003150939941406
2025-08-15 03:25:51.751088+00:00,29.003150939941406
2025-08-15 03:25:52.469876+00:00,28.992849886999466
2025-08-15 03:25:53.631821+00:00,28.998000413324917
2025-08-15 03:25:55.171528+00:00,28.992849886999466
2025-08-15 03:25:56.221842+00:00,28.998000413324917
2025-08-15 03:25:56.695432+00:00,29.003150939941406
2025-08-15 03:25:57.474555+00:00,28.998000413324917
2025-08-15 03:25:58.008863+00:00,28.998000413324917
2025-08-15 03:25:58.337271+00:00,29.003150939941406
2025-08-15 03:25:59.748936+00:00,28.998000413324917
2025-08-15 03:26:00.751638+00:00,28.982548835221678
2025-08-15 03:26:01.319903+00:00,28.992849886999466
2025-08-15 03:26:01.678204+00:00,28.998000413324917
2025-08-15 03:26:02.059633+00:00,29.003150939941406
2025-08-15 03:26:03.358586+00:00,29.003150939941406
2025-08-15 03:26:06.815545+00:00,28.987699360965053
2025-08-15 03:26:10.878121+00:00,29.003150939941406
2025-08-15 03:26:12.144106+00:00,29.003150939941406
2025-08-15 03:26:12.792174+00:00,28.982548835221678
2025-08-15 03:26:14.055688+00:00,28.982548835221678
2025-08-15 03:26:16.111955+00:00,28.987699360965053
2025-08-15 03:26:20.387194+00:00,28.992849886999466
2025-08-15 03:26:23.153778+00:00,28.987699360965053
2025-08-15 03:26:25.871773+00:00,28.987699360965053
2025-08-15 03:26:27.445716+00:00,28.982548835221678
2025-08-15 03:26:28.786418+00:00,28.987699360965053
2025-08-15 03:26:29.006481+00:00,28.982548835221678
2025-08-15 03:26:29.344725+00:00,28.992849886999466
2025-08-15 03:26:33.131285+00:00,28.998000413324917
2025-08-15 03:26:34.254957+00:00,28.987699360965053
2025-08-15 03:26:38.094004+00:00,28.987699360965053
2025-08-15 03:26:41.308168+00:00,28.992849886999466
2025-08-15 03:26:45.523044+00:00,29.003150939941406
2025-08-15 03:26:49.226488+00:00,28.987699360965053
2025-08-15 03:26:51.131778+00:00,28.992849886999466
2025-08-15 03:26:51.357033+00:00,28.982548835221678
2025-08-15 03:26:52.478855+00:00,28.982548835221678
2025-08-15 03:26:53.397736+00:00,28.987699360965053
2025-08-15 03:26:56.953148+00:00,28.998000413324917
2025-08-15 03:26:57.454893+00:00,28.992849886999466
2025-08-15 03:26:57.954493+00:00,28.992849886999466
2025-08-15 03:26:59.802323+00:00,28.998000413324917
2025-08-15 03:27:00.314445+00:00,28.992849886999466
2025-08-15 03:27:01.090454+00:00,28.998000413324917
2025-08-15 03:27:05.760885+00:00,28.992849886999466
2025-08-15 03:27:06.891731+00:00,28.992849886999466
2025-08-15 03:27:07.474371+00:00,28.987699360965053
2025-08-15 03:27:11.826311+00:00,29.003150939941406
2025-08-15 03:27:14.177582+00:00,28.987699360965053
2025-08-15 03:27:15.840472+00:00,28.992849886999466
2025-08-15 03:27:18.370021+00:00,28.992849886999466
2025-08-15 03:27:18.793410+00:00,29.003150939941406
2025-08-15 03:27:20.290131+00:00,28.998000413324917
2025-08-15 03:27:21.200276+00:00,28.972247784608044
2025-08-15 03:27:21.602269+00:00,28.998000413324917
2025-08-15 03:27:22.925865+00:00,29.008301466848934
2025-08-15 03:27:23.218953+00:00,29.003150939941406
2025-08-15 03:27:25.769005+00:00,29.008301466848934
2025-08-15 03:27:27.454065+00:00,29.003150939941406
2025-08-15 03:27:28.390394+00:00,28.992849886999466
2025-08-15 03:27:29.053427+00:00,28.998000413324917
2025-08-15 03:27:30.490416+00:00,28.992849886999466
2025-08-15 03:27:33.987016+00:00,28.992849886999466
2025-08-15 03:27:35.439107+00:00,29.003150939941406
2025-08-15 03:27:37.477074+00:00,29.003150939941406
2025-08-15 03:27:37.705504+00:00,29.003150939941406
2025-08-15 03:27:37.941446+00:00,29.0134519940475
2025-08-15 03:27:38.117335+00:00,29.008301466848934
2025-08-15 03:27:40.898269+00:00,28.998000413324917
2025-08-15 03:27:41.276718+00:00,28.982548835221678
2025-08-15 03:27:42.355137+00:00,28.992849886999466
2025-08-15 03:27:45.055703+00:00,28.992849886999466
2025-08-15 03:27:48.402000+00:00,29.003150939941406
2025-08-15 03:27:49.570368+00:00,28.987699360965053
2025-08-15 03:27:51.267668+00:00,28.992849886999466
2025-08-15 03:27:54.502170+00:00,29.003150939941406
2025-08-15 03:27:57.284351+00:00,28.992849886999466
2025-08-15 03:27:57.529150+00:00,28.998000413324917
2025-08-15 03:27:58.748681+00:00,29.0134519940475
2025-08-15 03:27:59.042346+00:00,28.992849886999466
2025-08-15 03:27:59.959623+00:00,29.003150939941406
2025-08-15 03:28:00.286667+00:00,29.003150939941406
2025-08-15 03:28:02.635527+00:00,28.998000413324917
2025-08-15 03:28:04.528191+00:00,29.008301466848934
2025-08-15 03:28:07.014031+00:00,29.003150939941406
2025-08-15 03:28:08.727464+00:00,29.003150939941406
2025-08-15 03:28:11.575789+00:00,29.008301466848934
2025-08-15 03:28:11.810933+00:00,29.0134519940475
2025-08-15 03:28:12.448199+00:00,29.008301466848934
2025-08-15 03:28:12.906776+00:00,29.008301466848934
2025-08-15 03:28:13.158533+00:00,29.0134519940475
2025-08-15 03:28:15.739383+00:00,29.003150939941406
2025-08-15 03:28:16.517519+00:00,29.003150939941406
2025-08-15 03:28:17.056633+00:00,29.0134519940475
2025-08-15 03:28:17.337559+00:00,29.008301466848934
2025-08-15 03:28:17.670958+00:00,29.008301466848934
2025-08-15 03:28:18.455326+00:00,29.008301466848934
2025-08-15 03:28:18.866449+00:00,29.008301466848934
2025-08-15 03:28:19.267541+00:00,29.008301466848934
2025-08-15 03:28:19.475633+00:00,29.003150939941406
2025-08-15 03:28:20.353460+00:00,29.003150939941406
2025-08-15 03:28:22.034153+00:00,29.008301466848934
2025-08-15 03:28:22.268542+00:00,29.008301466848934
2025-08-15 03:28:23.010992+00:00,29.003150939941406
2025-08-15 03:28:23.278108+00:00,29.008301466848934
2025-08-15 03:28:25.126132+00:00,29.008301466848934
2025-08-15 03:28:26.350422+00:00,29.008301466848934
2025-08-15 03:28:27.532877+00:00,29.003150939941406
2025-08-15 03:28:28.713306+00:00,29.003150939941406
2025-08-15 03:28:29.900285+00:00,29.003150939941406
2025-08-15 03:28:31.389202+00:00,29.003150939941406
2025-08-15 03:28:31.797243+00:00,29.008301466848934
2025-08-15 03:28:33.142800+00:00,28.992849886999466
2025-08-15 03:28:33.800793+00:00,29.003150939941406
2025-08-15 03:28:35.815505+00:00,29.003150939941406
2025-08-15 03:28:36.050673+00:00,29.003150939941406
2025-08-15 03:28:36.593017+00:00,29.008301466848934
2025-08-15 03:28:38.964820+00:00,29.003150939941406
2025-08-15 03:28:39.141599+00:00,29.003150939941406
2025-08-15 03:28:39.325629+00:00,29.0134519940475
2025-08-15 03:28:39.574548+00:00,29.008301466848934
2025-08-15 03:28:39.818642+00:00,29.0134519940475
2025-08-15 03:28:40.000183+00:00,29.018602521537105
2025-08-15 03:28:40.260043+00:00,29.018602521537105
2025-08-15 03:28:40.487353+00:00,29.018602521537105
2025-08-15 03:28:40.703341+00:00,29.0134519940475
2025-08-15 03:28:40.896509+00:00,29.003150939941406
2025-08-15 03:28:41.172374+00:00,29.008301466848934
2025-08-15 03:28:41.524374+00:00,29.008301466848934
2025-08-15 03:28:43.580160+00:00,29.003150939941406
2025-08-15 03:28:43.845773+00:00,29.003150939941406
2025-08-15 03:28:44.558904+00:00,29.008301466848934
2025-08-15 03:28:45.936394+00:00,28.998000413324917
2025-08-15 03:28:50.345965+00:00,28.998000413324917
2025-08-15 03:28:51.533926+00:00,28.998000413324917
2025-08-15 03:28:55.273417+00:00,28.998000413324917
2025-08-15 03:28:56.101653+00:00,28.992849886999466
2025-08-15 03:28:57.280234+00:00,28.998000413324917
2025-08-15 03:28:59.017115+00:00,28.982548835221678
2025-08-15 03:28:59.475689+00:00,28.992849886999466
2025-08-15 03:28:59.920363+00:00,28.982548835221678
2025-08-15 03:29:01.992107+00:00,28.992849886999466
2025-08-15 03:29:02.395323+00:00,28.992849886999466
2025-08-15 03:29:02.820385+00:00,28.992849886999466
2025-08-15 03:29:05.162754+00:00,29.003150939941406
2025-08-15 03:29:05.552407+00:00,29.003150939941406
2025-08-15 03:29:05.916392+00:00,29.003150939941406
2025-08-15 03:29:06.311652+00:00,28.998000413324917
2025-08-15 03:29:06.749737+00:00,29.003150939941406
2025-08-15 03:29:07.275192+00:00,28.992849886999466
2025-08-15 03:29:08.870501+00:00,28.998000413324917
2025-08-15 03:29:12.778762+00:00,28.998000413324917
2025-08-15 03:29:15.087491+00:00,28.992849886999466
2025-08-15 03:29:16.827392+00:00,29.003150939941406
2025-08-15 03:29:18.830209+00:00,29.008301466848934
2025-08-15 03:29:19.039181+00:00,29.003150939941406
2025-08-15 03:29:19.229731+00:00,29.003150939941406
2025-08-15 03:29:19.545530+00:00,29.003150939941406
2025-08-15 03:29:20.809145+00:00,28.998000413324917
2025-08-15 03:29:21.091865+00:00,29.003150939941406
2025-08-15 03:29:22.156573+00:00,29.003150939941406
2025-08-15 03:29:22.575339+00:00,28.992849886999466
2025-08-15 03:29:22.899362+00:00,29.003150939941406
2025-08-15 03:29:23.618690+00:00,28.992849886999466
2025-08-15 03:29:24.791709+00:00,28.998000413324917
2025-08-15 03:29:25.425943+00:00,28.998000413324917
2025-08-15 03:29:25.642576+00:00,29.003150939941406
2025-08-15 03:29:27.966376+00:00,28.998000413324917
2025-08-15 03:29:29.811730+00:00,28.998000413324917
2025-08-15 03:29:30.512339+00:00,28.992849886999466
2025-08-15 03:29:32.899572+00:00,28.987699360965053
2025-08-15 03:29:34.266834+00:00,28.998000413324917
2025-08-15 03:29:35.183531+00:00,28.998000413324917
2025-08-15 03:29:35.763983+00:00,28.992849886999466
2025-08-15 03:29:35.956800+00:00,29.003150939941406
2025-08-15 03:29:36.757731+00:00,28.987699360965053
2025-08-15 03:29:37.251856+00:00,28.992849886999466
2025-08-15 03:29:38.097670+00:00,28.992849886999466
2025-08-15 03:29:39.592283+00:00,28.992849886999466
2025-08-15 03:29:40.227059+00:00,28.992849886999466
2025-08-15 03:29:40.869227+00:00,28.987699360965053
2025-08-15 03:29:42.853647+00:00,28.987699360965053
2025-08-15 03:29:43.084985+00:00,28.998000413324917
2025-08-15 03:29:43.371647+00:00,28.992849886999466
2025-08-15 03:29:43.547696+00:00,29.008301466848934
2025-08-15 03:29:47.792320+00:00,28.998000413324917
2025-08-15 03:29:48.344387+00:00,28.992849886999466
2025-08-15 03:29:48.617912+00:00,28.982548835221678
2025-08-15 03:29:48.794861+00:00,28.982548835221678
2025-08-15 03:29:49.004597+00:00,28.992849886999466
2025-08-15 03:29:50.658050+00:00,28.987699360965053
2025-08-15 03:29:53.753713+00:00,28.982548835221678
2025-08-15 03:29:56.487431+00:00,28.982548835221678
2025-08-15 03:29:56.667927+00:00,28.987699360965053
2025-08-15 03:29:56.909257+00:00,28.992849886999466
2025-08-15 03:29:57.191192+00:00,28.987699360965053
2025-08-15 03:29:57.413600+00:00,28.998000413324917
2025-08-15 03:29:59.211479+00:00,28.987699360965053
2025-08-15 03:30:00.006583+00:00,28.982548835221678
2025-08-15 03:30:02.010746+00:00,28.97739830976934
2025-08-15 03:30:02.459681+00:00,28.97739830976934
2025-08-15 03:30:03.776767+00:00,28.982548835221678
2025-08-15 03:30:04.159536+00:00,28.982548835221678
2025-08-15 03:30:04.566560+00:00,28.982548835221678
2025-08-15 03:30:05.144102+00:00,28.982548835221678
2025-08-15 03:30:05.677481+00:00,28.982548835221678
2025-08-15 03:30:06.240170+00:00,28.982548835221678
2025-08-15 03:30:15.989458+00:00,28.987699360965053
2025-08-15 03:30:16.540033+00:00,28.97739830976934
2025-08-15 03:30:16.994520+00:00,28.982548835221678
2025-08-15 03:30:17.570834+00:00,28.97739830976934
2025-08-15 03:30:20.195121+00:00,28.97739830976934
2025-08-15 03:30:21.812181+00:00,28.97739830976934
2025-08-15 03:30:25.024150+00:00,28.972247784608044
2025-08-15 03:30:26.220899+00:00,28.97739830976934
2025-08-15 03:30:27.880967+00:00,28.967097259737784
2025-08-15 03:30:28.379788+00:00,28.972247784608044
2025-08-15 03:30:28.827095+00:00,28.967097259737784
2025-08-15 03:30:29.837811+00:00,28.972247784608044
2025-08-15 03:30:30.531897+00:00,28.972247784608044
2025-08-15 03:30:31.462043+00:00,28.987699360965053
2025-08-15 03:30:32.331578+00:00,28.972247784608044
2025-08-15 03:30:33.182790+00:00,28.972247784608044
2025-08-15 03:30:33.711839+00:00,28.987699360965053
2025-08-15 03:30:34.164865+00:00,28.97739830976934
2025-08-15 03:30:35.835079+00:00,28.972247784608044
2025-08-15 03:30:38.828948+00:00,28.97739830976934
2025-08-15 03:30:39.243854+00:00,28.987699360965053
2025-08-15 03:30:39.660746+00:00,28.987699360965053
2025-08-15 03:30:40.107338+00:00,28.982548835221678
2025-08-15 03:30:40.348248+00:00,28.97739830976934
2025-08-15 03:30:40.559179+00:00,28.982548835221678
2025-08-15 03:30:40.908057+00:00,28.982548835221678
2025-08-15 03:30:44.381726+00:00,28.982548835221678
2025-08-15 03:30:44.672685+00:00,28.97739830976934
2025-08-15 03:30:45.258853+00:00,28.982548835221678
2025-08-15 03:30:45.622354+00:00,28.992849886999466
2025-08-15 03:30:46.075033+00:00,28.987699360965053
2025-08-15 03:30:49.556947+00:00,28.992849886999466
2025-08-15 03:30:49.756600+00:00,28.982548835221678
2025-08-15 03:30:50.086390+00:00,28.992849886999466
2025-08-15 03:30:50.720885+00:00,28.982548835221678
2025-08-15 03:30:52.214493+00:00,28.982548835221678
2025-08-15 03:30:53.199098+00:00,28.972247784608044
2025-08-15 03:30:54.164719+00:00,28.97739830976934
2025-08-15 03:30:54.548147+00:00,28.982548835221678
2025-08-15 03:30:54.977751+00:00,28.972247784608044
2025-08-15 03:30:55.373999+00:00,28.97739830976934
2025-08-15 03:30:55.897265+00:00,28.97739830976934
2025-08-15 03:30:57.048570+00:00,28.987699360965053
2025-08-15 03:30:57.467666+00:00,28.97739830976934
2025-08-15 03:30:57.834489+00:00,28.97739830976934
2025-08-15 03:30:58.689181+00:00,28.987699360965053
2025-08-15 03:30:58.920847+00:00,28.987699360965053
2025-08-15 03:30:59.480281+00:00,28.992849886999466
2025-08-15 03:31:01.676921+00:00,28.987699360965053
2025-08-15 03:31:02.031704+00:00,28.982548835221678
2025-08-15 03:31:02.364561+00:00,28.992849886999466
2025-08-15 03:31:02.685131+00:00,28.992849886999466
2025-08-15 03:31:07.010519+00:00,28.987699360965053
2025-08-15 03:31:08.332978+00:00,28.972247784608044
2025-08-15 03:31:10.501998+00:00,28.972247784608044
2025-08-15 03:31:11.481751+00:00,28.972247784608044
2025-08-15 03:31:12.414965+00:00,28.972247784608044
2025-08-15 03:31:12.839597+00:00,28.972247784608044
2025-08-15 03:31:13.921237+00:00,28.982548835221678
2025-08-15 03:31:17.664115+00:00,28.982548835221678
2025-08-15 03:31:19.729654+00:00,28.987699360965053
2025-08-15 03:31:22.135259+00:00,28.97739830976934
2025-08-15 03:31:23.647428+00:00,28.987699360965053
2025-08-15 03:31:24.023897+00:00,28.97739830976934
2025-08-15 03:31:24.240032+00:00,28.982548835221678
2025-08-15 03:31:24.684796+00:00,28.982548835221678
2025-08-15 03:31:24.878091+00:00,28.97739830976934
2025-08-15 03:31:25.077632+00:00,28.992849886999466
2025-08-15 03:31:25.471775+00:00,28.987699360965053
2025-08-15 03:31:25.613216+00:00,28.992849886999466
2025-08-15 03:31:25.887829+00:00,28.987699360965053
2025-08-15 03:31:26.447414+00:00,28.97739830976934
2025-08-15 03:31:26.741372+00:00,28.987699360965053
2025-08-15 03:31:27.954591+00:00,28.987699360965053
2025-08-15 03:31:28.638969+00:00,28.967097259737784
2025-08-15 03:31:29.148031+00:00,28.992849886999466
2025-08-15 03:31:29.716969+00:00,28.967097259737784
2025-08-15 03:31:30.353079+00:00,28.982548835221678
2025-08-15 03:31:33.648426+00:00,28.972247784608044
2025-08-15 03:31:34.530822+00:00,28.972247784608044
2025-08-15 03:31:35.233178+00:00,28.982548835221678
2025-08-15 03:31:36.929473+00:00,28.982548835221678
2025-08-15 03:31:38.327857+00:00,28.982548835221678
2025-08-15 03:31:40.964380+00:00,28.987699360965053
2025-08-15 03:31:42.553421+00:00,28.97739830976934
2025-08-15 03:31:43.046423+00:00,28.987699360965053
2025-08-15 03:31:44.332680+00:00,28.987699360965053
2025-08-15 03:31:46.551266+00:00,28.982548835221678
2025-08-15 03:31:50.107266+00:00,28.982548835221678
2025-08-15 03:31:50.467495+00:00,28.982548835221678
2025-08-15 03:31:51.471791+00:00,28.992849886999466
2025-08-15 03:31:52.163754+00:00,28.987699360965053
2025-08-15 03:31:53.116173+00:00,28.982548835221678
2025-08-15 03:31:53.982114+00:00,28.982548835221678
2025-08-15 03:31:54.502098+00:00,28.97739830976934
2025-08-15 03:31:55.547302+00:00,28.982548835221678
2025-08-15 03:31:58.285087+00:00,28.982548835221678
2025-08-15 03:32:01.857944+00:00,28.987699360965053
2025-08-15 03:32:07.870155+00:00,28.987699360965053
2025-08-15 03:32:08.638847+00:00,28.987699360965053
2025-08-15 03:32:11.328999+00:00,28.992849886999466
2025-08-15 03:32:11.680248+00:00,28.982548835221678
2025-08-15 03:32:14.137829+00:00,28.982548835221678
2025-08-15 03:32:16.374866+00:00,28.982548835221678
2025-08-15 03:32:21.064388+00:00,28.992849886999466
2025-08-15 03:32:21.573987+00:00,28.982548835221678
2025-08-15 03:32:22.133890+00:00,28.982548835221678
2025-08-15 03:32:22.311541+00:00,28.992849886999466
2025-08-15 03:32:22.555057+00:00,28.987699360965053
2025-08-15 03:32:22.837034+00:00,28.982548835221678
2025-08-15 03:32:24.115480+00:00,28.982548835221678
2025-08-15 03:32:24.321513+00:00,28.982548835221678
2025-08-15 03:32:24.520642+00:00,28.972247784608044
2025-08-15 03:32:25.363840+00:00,28.992849886999466
2025-08-15 03:32:25.862343+00:00,28.982548835221678
2025-08-15 03:32:26.739876+00:00,28.972247784608044
2025-08-15 03:32:29.790258+00:00,28.97739830976934
2025-08-15 03:32:32.381542+00:00,28.972247784608044
2025-08-15 03:32:34.318785+00:00,28.982548835221678
2025-08-15 03:32:34.953228+00:00,28.982548835221678
2025-08-15 03:32:35.772630+00:00,28.992849886999466
2025-08-15 03:32:36.349078+00:00,28.992849886999466
2025-08-15 03:32:38.244896+00:00,28.987699360965053
2025-08-15 03:32:39.828012+00:00,28.982548835221678
2025-08-15 03:32:44.294438+00:00,28.992849886999466
2025-08-15 03:32:44.481633+00:00,28.987699360965053
2025-08-15 03:32:44.926068+00:00,28.987699360965053
2025-08-15 03:32:45.254556+00:00,28.987699360965053
2025-08-15 03:32:45.606277+00:00,28.992849886999466
2025-08-15 03:32:47.007212+00:00,28.992849886999466
2025-08-15 03:32:48.686555+00:00,28.982548835221678
2025-08-15 03:32:51.144464+00:00,28.987699360965053
2025-08-15 03:32:53.466486+00:00,28.982548835221678
2025-08-15 03:32:53.768260+00:00,28.982548835221678
2025-08-15 03:32:54.180358+00:00,28.992849886999466
2025-08-15 03:32:55.663195+00:00,28.982548835221678
2025-08-15 03:32:55.999908+00:00,28.97739830976934
2025-08-15 03:32:57.563110+00:00,28.998000413324917
2025-08-15 03:32:57.914435+00:00,28.987699360965053
2025-08-15 03:32:59.618483+00:00,28.992849886999466
2025-08-15 03:33:02.311868+00:00,28.992849886999466
2025-08-15 03:33:04.172489+00:00,28.987699360965053
2025-08-15 03:33:07.621782+00:00,28.987699360965053
2025-08-15 03:33:08.248009+00:00,28.982548835221678
2025-08-15 03:33:09.705675+00:00,28.982548835221678
2025-08-15 03:33:11.467164+00:00,28.982548835221678
2025-08-15 03:33:14.910498+00:00,28.992849886999466
2025-08-15 03:33:16.978664+00:00,28.972247784608044
2025-08-15 03:33:17.421035+00:00,28.982548835221678
2025-08-15 03:33:18.031729+00:00,28.97739830976934
2025-08-15 03:33:18.520338+00:00,28.982548835221678
2025-08-15 03:33:20.692983+00:00,28.97739830976934
2025-08-15 03:33:22.464967+00:00,28.982548835221678
2025-08-15 03:33:23.526742+00:00,28.982548835221678
2025-08-15 03:33:23.901382+00:00,28.972247784608044
2025-08-15 03:33:24.504132+00:00,28.982548835221678
2025-08-15 03:33:25.219927+00:00,28.982548835221678
2025-08-15 03:33:25.499105+00:00,28.987699360965053
2025-08-15 03:33:25.878821+00:00,28.992849886999466
2025-08-15 03:33:27.770241+00:00,28.982548835221678
2025-08-15 03:33:28.070087+00:00,28.97739830976934
2025-08-15 03:33:28.965179+00:00,28.992849886999466
2025-08-15 03:33:29.301878+00:00,28.992849886999466
2025-08-15 03:33:29.760941+00:00,28.992849886999466
2025-08-15 03:33:33.037584+00:00,28.998000413324917
2025-08-15 03:33:33.892780+00:00,28.987699360965053
2025-08-15 03:33:34.973667+00:00,28.982548835221678
2025-08-15 03:33:35.299918+00:00,28.982548835221678
2025-08-15 03:33:35.642246+00:00,28.992849886999466
2025-08-15 03:33:36.033854+00:00,28.998000413324917
2025-08-15 03:33:36.974848+00:00,29.003150939941406
2025-08-15 03:33:37.279427+00:00,28.982548835221678
2025-08-15 03:33:37.733192+00:00,28.998000413324917
2025-08-15 03:33:38.501387+00:00,28.992849886999466
2025-08-15 03:33:38.875863+00:00,28.987699360965053
2025-08-15 03:33:39.161431+00:00,28.992849886999466
2025-08-15 03:33:40.784439+00:00,28.992849886999466
2025-08-15 03:33:41.778739+00:00,28.992849886999466
2025-08-15 03:33:43.202226+00:00,28.97739830976934
2025-08-15 03:33:44.469978+00:00,28.987699360965053
2025-08-15 03:33:44.944905+00:00,28.992849886999466
2025-08-15 03:33:47.288523+00:00,28.982548835221678
2025-08-15 03:33:47.839155+00:00,28.982548835221678
2025-08-15 03:33:49.236412+00:00,28.97739830976934
2025-08-15 03:33:50.454057+00:00,28.97739830976934
2025-08-15 03:33:53.132633+00:00,28.987699360965053
2025-08-15 03:33:54.018274+00:00,28.982548835221678
2025-08-15 03:33:54.200342+00:00,28.992849886999466
2025-08-15 03:33:56.742206+00:00,28.982548835221678
2025-08-15 03:33:56.947122+00:00,28.987699360965053
2025-08-15 03:33:58.092205+00:00,28.992849886999466
2025-08-15 03:33:58.542809+00:00,28.97739830976934
2025-08-15 03:33:58.777512+00:00,28.992849886999466
2025-08-15 03:33:59.200921+00:00,28.987699360965053
2025-08-15 03:33:59.663244+00:00,28.992849886999466
2025-08-15 03:34:09.512642+00:00,28.992849886999466
2025-08-15 03:34:12.139626+00:00,29.003150939941406
2025-08-15 03:34:12.599554+00:00,28.992849886999466
2025-08-15 03:34:13.334318+00:00,28.992849886999466
2025-08-15 03:34:14.220344+00:00,28.992849886999466
2025-08-15 03:34:15.122164+00:00,28.998000413324917
2025-08-15 03:34:15.428334+00:00,28.992849886999466
2025-08-15 03:34:19.851961+00:00,28.992849886999466
2025-08-15 03:34:23.663554+00:00,28.987699360965053
2025-08-15 03:34:23.956049+00:00,28.992849886999466
2025-08-15 03:34:25.152363+00:00,28.987699360965053
2025-08-15 03:34:25.934899+00:00,28.982548835221678
2025-08-15 03:34:28.593248+00:00,28.992849886999466
2025-08-15 03:34:29.271110+00:00,28.982548835221678
2025-08-15 03:34:29.537193+00:00,28.992849886999466
2025-08-15 03:34:29.906332+00:00,28.987699360965053
2025-08-15 03:34:31.045495+00:00,28.992849886999466
2025-08-15 03:34:33.228209+00:00,28.992849886999466
2025-08-15 03:34:35.028784+00:00,28.987699360965053
2025-08-15 03:34:35.643937+00:00,28.992849886999466
2025-08-15 03:34:36.651030+00:00,28.992849886999466
2025-08-15 03:34:37.609480+00:00,28.982548835221678
2025-08-15 03:34:38.702307+00:00,28.987699360965053
2025-08-15 03:34:39.281477+00:00,28.992849886999466
2025-08-15 03:34:42.566278+00:00,28.992849886999466
2025-08-15 03:34:42.834589+00:00,28.992849886999466
2025-08-15 03:34:43.145263+00:00,28.992849886999466
2025-08-15 03:34:43.428101+00:00,28.987699360965053
2025-08-15 03:34:44.130531+00:00,28.998000413324917
2025-08-15 03:34:44.690290+00:00,28.992849886999466
2025-08-15 03:34:44.860303+00:00,28.998000413324917
2025-08-15 03:34:47.012965+00:00,28.992849886999466
2025-08-15 03:34:49.173866+00:00,28.982548835221678
2025-08-15 03:34:49.382597+00:00,28.987699360965053
2025-08-15 03:34:49.710247+00:00,28.992849886999466
2025-08-15 03:34:49.968738+00:00,28.998000413324917
2025-08-15 03:34:50.905572+00:00,28.987699360965053
2025-08-15 03:34:52.366001+00:00,28.987699360965053
2025-08-15 03:34:52.676548+00:00,28.982548835221678
2025-08-15 03:34:52.858740+00:00,28.987699360965053
2025-08-15 03:34:54.288774+00:00,28.992849886999466
2025-08-15 03:34:55.293531+00:00,28.987699360965053
2025-08-15 03:34:56.067066+00:00,28.987699360965053
2025-08-15 03:34:59.669108+00:00,28.992849886999466
2025-08-15 03:35:01.794186+00:00,28.992849886999466
2025-08-15 03:35:10.317349+00:00,28.992849886999466
2025-08-15 03:35:10.989934+00:00,28.982548835221678
2025-08-15 03:35:13.628175+00:00,28.992849886999466
2025-08-15 03:35:14.635269+00:00,28.982548835221678
2025-08-15 03:35:16.857041+00:00,28.982548835221678
2025-08-15 03:35:19.703769+00:00,28.982548835221678
2025-08-15 03:35:25.053120+00:00,28.982548835221678
2025-08-15 03:35:28.594689+00:00,28.982548835221678
2025-08-15 03:35:30.061416+00:00,28.972247784608044
2025-08-15 03:35:33.619845+00:00,28.97739830976934
2025-08-15 03:35:36.152560+00:00,28.982548835221678
2025-08-15 03:35:40.420749+00:00,28.987699360965053
2025-08-15 03:35:41.143636+00:00,28.97739830976934
2025-08-15 03:35:41.519342+00:00,28.982548835221678
2025-08-15 03:35:44.185517+00:00,28.972247784608044
2025-08-15 03:35:46.612592+00:00,28.97739830976934
2025-08-15 03:35:48.342032+00:00,28.982548835221678
2025-08-15 03:35:49.527334+00:00,28.97739830976934
2025-08-15 03:35:54.367096+00:00,28.992849886999466
2025-08-15 03:35:54.601442+00:00,28.972247784608044
2025-08-15 03:35:55.273782+00:00,28.987699360965053
2025-08-15 03:35:56.060977+00:00,28.97739830976934
2025-08-15 03:35:57.873663+00:00,28.972247784608044
2025-08-15 03:35:59.795506+00:00,28.982548835221678
2025-08-15 03:36:00.095796+00:00,28.972247784608044
2025-08-15 03:36:00.413784+00:00,28.987699360965053
2025-08-15 03:36:04.238895+00:00,28.982548835221678
2025-08-15 03:36:17.243502+00:00,28.97739830976934
2025-08-15 03:36:17.576552+00:00,28.982548835221678
2025-08-15 03:36:18.245752+00:00,28.982548835221678
2025-08-15 03:36:18.949555+00:00,28.982548835221678
2025-08-15 03:36:19.481881+00:00,28.982548835221678
2025-08-15 03:36:21.854749+00:00,28.982548835221678
2025-08-15 03:36:23.075681+00:00,28.982548835221678
2025-08-15 03:36:23.927118+00:00,28.982548835221678
2025-08-15 03:36:28.324509+00:00,28.982548835221678
2025-08-15 03:36:29.532675+00:00,28.987699360965053
2025-08-15 03:36:34.578439+00:00,28.987699360965053
2025-08-15 03:36:36.099588+00:00,28.982548835221678
2025-08-15 03:36:37.688921+00:00,28.982548835221678
2025-08-15 03:36:39.283066+00:00,28.992849886999466
2025-08-15 03:36:39.508597+00:00,28.992849886999466
2025-08-15 03:36:46.024334+00:00,28.987699360965053
2025-08-15 03:36:46.778944+00:00,28.982548835221678
2025-08-15 03:36:51.601811+00:00,28.992849886999466
2025-08-15 03:36:53.415904+00:00,28.982548835221678
2025-08-15 03:36:54.176022+00:00,28.987699360965053
2025-08-15 03:36:54.957781+00:00,28.982548835221678
2025-08-15 03:36:55.318121+00:00,28.992849886999466
2025-08-15 03:36:56.230638+00:00,28.982548835221678
2025-08-15 03:36:56.921722+00:00,28.998000413324917
2025-08-15 03:36:58.514033+00:00,28.992849886999466
2025-08-15 03:37:10.018566+00:00,28.998000413324917
2025-08-15 03:37:15.006437+00:00,28.987699360965053
2025-08-15 03:37:18.162172+00:00,28.987699360965053
2025-08-15 03:37:20.052716+00:00,28.982548835221678
2025-08-15 03:37:20.352699+00:00,28.982548835221678
2025-08-15 03:37:20.987998+00:00,28.982548835221678
2025-08-15 03:37:23.815924+00:00,28.992849886999466
2025-08-15 03:37:24.547204+00:00,28.982548835221678
2025-08-15 03:37:25.433031+00:00,28.982548835221678
2025-08-15 03:37:25.676374+00:00,28.987699360965053
2025-08-15 03:37:26.595232+00:00,28.992849886999466
2025-08-15 03:37:27.823217+00:00,28.982548835221678
2025-08-15 03:37:29.752721+00:00,28.982548835221678
2025-08-15 03:37:32.760331+00:00,28.982548835221678
2025-08-15 03:37:33.617092+00:00,28.982548835221678
2025-08-15 03:37:36.053111+00:00,28.982548835221678
2025-08-15 03:37:36.477778+00:00,28.982548835221678
2025-08-15 03:37:39.167213+00:00,28.987699360965053
2025-08-15 03:37:39.372157+00:00,28.97739830976934
2025-08-15 03:37:40.036367+00:00,28.987699360965053
2025-08-15 03:37:44.273561+00:00,28.982548835221678
2025-08-15 03:37:44.940447+00:00,28.982548835221678
2025-08-15 03:37:48.075965+00:00,28.982548835221678
2025-08-15 03:37:49.438390+00:00,28.97739830976934
2025-08-15 03:37:49.778678+00:00,28.97739830976934
2025-08-15 03:37:50.022273+00:00,28.987699360965053
2025-08-15 03:37:50.270940+00:00,28.992849886999466
2025-08-15 03:37:50.532618+00:00,28.987699360965053
2025-08-15 03:37:50.773993+00:00,28.992849886999466
2025-08-15 03:37:52.455665+00:00,28.982548835221678
2025-08-15 03:37:53.597259+00:00,28.982548835221678
2025-08-15 03:37:56.031836+00:00,28.982548835221678
2025-08-15 03:37:57.266445+00:00,28.982548835221678
2025-08-15 03:37:57.686920+00:00,28.97739830976934
2025-08-15 03:37:58.095786+00:00,28.97739830976934
2025-08-15 03:37:59.871883+00:00,28.987699360965053
2025-08-15 03:38:01.073178+00:00,28.987699360965053
2025-08-15 03:38:03.191796+00:00,28.982548835221678
2025-08-15 03:38:10.741252+00:00,28.982548835221678
2025-08-15 03:38:12.607629+00:00,28.97739830976934
2025-08-15 03:38:14.359159+00:00,28.972247784608044
2025-08-15 03:38:15.942560+00:00,28.972247784608044
2025-08-15 03:38:17.853311+00:00,28.982548835221678
2025-08-15 03:38:18.344807+00:00,28.972247784608044
2025-08-15 03:38:18.704568+00:00,28.972247784608044
2025-08-15 03:38:19.199788+00:00,28.972247784608044
2025-08-15 03:38:19.553308+00:00,28.97739830976934
2025-08-15 03:38:25.275014+00:00,28.982548835221678
2025-08-15 03:38:26.111343+00:00,28.982548835221678
2025-08-15 03:38:26.412037+00:00,28.987699360965053
2025-08-15 03:38:29.661067+00:00,28.982548835221678
2025-08-15 03:38:35.442803+00:00,28.982548835221678
2025-08-15 03:38:36.463936+00:00,28.982548835221678
2025-08-15 03:38:36.888225+00:00,28.982548835221678
2025-08-15 03:38:37.139751+00:00,28.987699360965053
2025-08-15 03:38:37.671556+00:00,28.987699360965053
2025-08-15 03:38:38.836815+00:00,28.987699360965053
2025-08-15 03:38:41.880837+00:00,28.992849886999466
2025-08-15 03:38:43.465579+00:00,28.972247784608044
2025-08-15 03:38:45.721017+00:00,28.982548835221678
2025-08-15 03:38:46.089646+00:00,28.972247784608044
2025-08-15 03:38:46.569027+00:00,28.982548835221678
2025-08-15 03:38:49.897878+00:00,28.987699360965053
2025-08-15 03:38:50.765415+00:00,28.982548835221678
2025-08-15 03:38:51.409955+00:00,28.982548835221678
2025-08-15 03:38:52.588678+00:00,28.972247784608044
2025-08-15 03:38:54.427181+00:00,28.982548835221678
2025-08-15 03:38:55.113297+00:00,28.97739830976934
2025-08-15 03:38:55.505566+00:00,29.008301466848934
2025-08-15 03:38:57.671233+00:00,28.982548835221678
2025-08-15 03:38:59.925862+00:00,28.97739830976934
2025-08-15 03:39:01.328198+00:00,28.982548835221678
2025-08-15 03:39:03.129994+00:00,28.982548835221678
2025-08-15 03:39:03.955552+00:00,28.982548835221678
2025-08-15 03:39:06.940622+00:00,28.982548835221678
2025-08-15 03:39:07.571043+00:00,28.97739830976934
2025-08-15 03:39:08.597741+00:00,28.972247784608044
2025-08-15 03:39:12.647442+00:00,28.972247784608044
2025-08-15 03:39:13.381414+00:00,28.972247784608044
2025-08-15 03:39:15.279710+00:00,28.982548835221678
2025-08-15 03:39:19.529845+00:00,28.972247784608044
2025-08-15 03:39:20.612457+00:00,28.982548835221678
2025-08-15 03:39:21.030212+00:00,28.97739830976934
2025-08-15 03:39:23.543830+00:00,28.972247784608044
2025-08-15 03:39:26.046399+00:00,28.972247784608044
2025-08-15 03:39:26.401873+00:00,28.972247784608044
2025-08-15 03:39:27.127513+00:00,28.982548835221678
2025-08-15 03:39:27.378972+00:00,28.972247784608044
2025-08-15 03:39:28.632293+00:00,28.987699360965053
2025-08-15 03:39:29.618060+00:00,28.97739830976934
2025-08-15 03:39:33.171724+00:00,28.97739830976934
2025-08-15 03:39:34.488330+00:00,28.982548835221678
2025-08-15 03:39:37.372662+00:00,28.982548835221678
2025-08-15 03:39:38.442967+00:00,28.982548835221678
2025-08-15 03:39:40.755971+00:00,28.972247784608044
2025-08-15 03:39:41.098296+00:00,28.982548835221678
2025-08-15 03:39:42.913595+00:00,28.987699360965053
2025-08-15 03:39:43.800283+00:00,28.97739830976934
2025-08-15 03:39:45.095268+00:00,28.97739830976934
2025-08-15 03:39:49.779914+00:00,28.982548835221678
2025-08-15 03:39:52.730848+00:00,28.982548835221678
2025-08-15 03:39:53.104088+00:00,28.982548835221678
2025-08-15 03:39:53.473584+00:00,28.987699360965053
2025-08-15 03:39:57.412490+00:00,28.992849886999466
2025-08-15 03:39:59.557982+00:00,28.982548835221678
2025-08-15 03:40:05.754067+00:00,28.982548835221678
2025-08-15 03:40:10.013905+00:00,28.972247784608044
2025-08-15 03:40:12.196027+00:00,28.972247784608044
2025-08-15 03:40:13.379352+00:00,28.987699360965053
2025-08-15 03:40:14.140908+00:00,28.97739830976934
2025-08-15 03:40:24.420250+00:00,28.972247784608044
2025-08-15 03:40:27.286630+00:00,28.972247784608044
2025-08-15 03:40:28.219821+00:00,28.97739830976934
2025-08-15 03:40:29.696802+00:00,28.961946735158563
2025-08-15 03:40:30.746980+00:00,28.972247784608044
2025-08-15 03:40:31.364664+00:00,28.967097259737784
2025-08-15 03:40:34.828151+00:00,28.982548835221678
2025-08-15 03:40:37.394366+00:00,28.967097259737784
2025-08-15 03:40:38.470508+00:00,28.97739830976934
2025-08-15 03:40:41.561103+00:00,28.967097259737784
2025-08-15 03:40:43.399725+00:00,28.97739830976934
2025-08-15 03:40:43.882484+00:00,28.97739830976934
2025-08-15 03:40:45.212614+00:00,28.961946735158563
2025-08-15 03:40:46.594799+00:00,28.972247784608044
2025-08-15 03:40:49.289281+00:00,28.982548835221678
2025-08-15 03:40:49.664793+00:00,28.972247784608044
2025-08-15 03:40:49.947309+00:00,28.972247784608044
2025-08-15 03:40:50.434753+00:00,28.967097259737784
2025-08-15 03:40:51.309528+00:00,28.97739830976934
2025-08-15 03:40:52.302518+00:00,28.972247784608044
2025-08-15 03:40:53.159822+00:00,28.972247784608044
2025-08-15 03:40:53.993416+00:00,28.95679621087038
2025-08-15 03:40:54.502697+00:00,28.961946735158563
2025-08-15 03:40:55.470783+00:00,28.94649516316713
2025-08-15 03:40:56.107481+00:00,28.97739830976934
2025-08-15 03:40:57.981049+00:00,28.967097259737784
2025-08-15 03:41:03.320174+00:00,28.982548835221678
2025-08-15 03:41:04.036098+00:00,28.972247784608044
2025-08-15 03:41:05.122725+00:00,28.97739830976934
2025-08-15 03:41:06.659895+00:00,28.972247784608044
2025-08-15 03:41:09.001702+00:00,28.972247784608044
2025-08-15 03:41:10.911330+00:00,28.961946735158563
2025-08-15 03:41:12.265262+00:00,28.97739830976934
2025-08-15 03:41:13.910591+00:00,28.972247784608044
2025-08-15 03:41:17.671375+00:00,28.972247784608044
2025-08-15 03:41:18.361857+00:00,28.972247784608044
2025-08-15 03:41:20.485413+00:00,28.97739830976934
2025-08-15 03:41:21.908947+00:00,28.967097259737784
2025-08-15 03:41:24.006759+00:00,28.967097259737784
2025-08-15 03:41:24.941933+00:00,28.97739830976934
2025-08-15 03:41:25.199907+00:00,28.961946735158563
2025-08-15 03:41:25.761666+00:00,28.972247784608044
2025-08-15 03:41:27.901701+00:00,28.967097259737784
2025-08-15 03:41:28.202463+00:00,28.972247784608044
2025-08-15 03:41:28.686873+00:00,28.97739830976934
2025-08-15 03:41:29.855881+00:00,28.972247784608044
2025-08-15 03:41:31.027954+00:00,28.982548835221678
2025-08-15 03:41:32.010192+00:00,28.97739830976934
2025-08-15 03:41:32.388064+00:00,28.972247784608044
2025-08-15 03:41:32.897572+00:00,28.967097259737784
2025-08-15 03:41:36.339130+00:00,28.967097259737784
2025-08-15 03:41:36.748780+00:00,28.972247784608044
2025-08-15 03:41:37.900965+00:00,28.967097259737784
2025-08-15 03:41:38.463685+00:00,28.972247784608044
2025-08-15 03:41:39.810357+00:00,28.972247784608044
2025-08-15 03:41:40.099118+00:00,28.972247784608044
2025-08-15 03:41:41.396151+00:00,28.95679621087038
2025-08-15 03:41:42.054732+00:00,28.972247784608044
2025-08-15 03:41:42.399361+00:00,28.972247784608044
2025-08-15 03:41:44.277786+00:00,28.967097259737784
2025-08-15 03:41:44.882158+00:00,28.972247784608044
2025-08-15 03:41:46.377514+00:00,28.967097259737784
2025-08-15 03:41:48.810255+00:00,28.97739830976934
2025-08-15 03:41:49.040513+00:00,28.967097259737784
2025-08-15 03:41:49.434633+00:00,28.961946735158563
2025-08-15 03:41:49.709546+00:00,28.97739830976934
2025-08-15 03:41:50.077080+00:00,28.972247784608044
2025-08-15 03:41:50.495813+00:00,28.97739830976934
2025-08-15 03:41:50.761447+00:00,28.972247784608044
2025-08-15 03:41:51.013091+00:00,28.972247784608044
2025-08-15 03:41:51.225047+00:00,28.982548835221678
2025-08-15 03:41:51.555335+00:00,28.982548835221678
2025-08-15 03:41:51.746360+00:00,28.97739830976934
2025-08-15 03:41:52.151711+00:00,28.97739830976934
2025-08-15 03:41:54.559697+00:00,28.972247784608044
2025-08-15 03:41:56.494962+00:00,28.961946735158563
2025-08-15 03:41:57.330401+00:00,28.972247784608044
2025-08-15 03:41:57.588140+00:00,28.972247784608044
2025-08-15 03:41:57.851949+00:00,28.97739830976934
2025-08-15 03:41:58.097342+00:00,28.972247784608044
2025-08-15 03:42:00.118153+00:00,28.961946735158563
2025-08-15 03:42:01.425761+00:00,28.961946735158563
2025-08-15 03:42:02.638894+00:00,28.972247784608044
2025-08-15 03:42:03.026975+00:00,28.972247784608044
2025-08-15 03:42:06.932735+00:00,28.961946735158563
2025-08-15 03:42:07.485121+00:00,28.972247784608044
2025-08-15 03:42:14.617720+00:00,28.967097259737784
2025-08-15 03:42:15.561948+00:00,28.961946735158563
2025-08-15 03:42:19.105791+00:00,28.967097259737784
2025-08-15 03:42:19.947918+00:00,28.961946735158563
2025-08-15 03:42:21.202516+00:00,28.961946735158563
2025-08-15 03:42:23.292173+00:00,28.961946735158563
2025-08-15 03:42:27.563132+00:00,28.961946735158563
2025-08-15 03:42:28.842035+00:00,28.961946735158563
2025-08-15 03:42:31.659638+00:00,28.972247784608044
2025-08-15 03:42:32.971914+00:00,28.972247784608044
2025-08-15 03:42:34.279478+00:00,28.972247784608044
2025-08-15 03:42:35.234035+00:00,28.972247784608044
2025-08-15 03:42:37.592512+00:00,28.972247784608044
2025-08-15 03:42:38.600537+00:00,28.972247784608044
2025-08-15 03:42:39.267054+00:00,28.972247784608044
2025-08-15 03:42:39.870255+00:00,28.982548835221678
2025-08-15 03:42:41.667416+00:00,28.967097259737784
2025-08-15 03:42:42.801495+00:00,28.972247784608044
2025-08-15 03:42:43.681579+00:00,28.967097259737784
2025-08-15 03:42:44.994090+00:00,28.961946735158563
2025-08-15 03:42:45.333381+00:00,28.972247784608044
2025-08-15 03:42:46.782101+00:00,28.972247784608044
2025-08-15 03:42:48.329408+00:00,28.972247784608044
2025-08-15 03:42:49.345316+00:00,28.972247784608044
2025-08-15 03:42:49.558764+00:00,28.967097259737784
2025-08-15 03:42:51.160376+00:00,28.967097259737784
2025-08-15 03:42:52.259426+00:00,28.961946735158563
2025-08-15 03:42:53.050665+00:00,28.961946735158563
2025-08-15 03:42:53.466346+00:00,28.951645686873235
2025-08-15 03:42:54.252898+00:00,28.967097259737784
2025-08-15 03:42:55.276111+00:00,28.961946735158563
2025-08-15 03:42:57.500170+00:00,28.972247784608044
2025-08-15 03:42:58.281900+00:00,28.961946735158563
2025-08-15 03:42:59.258273+00:00,28.967097259737784
2025-08-15 03:42:59.743017+00:00,28.97739830976934
2025-08-15 03:43:03.882742+00:00,28.972247784608044
2025-08-15 03:43:04.666197+00:00,28.967097259737784
2025-08-15 03:43:07.491797+00:00,28.967097259737784
2025-08-15 03:43:08.315020+00:00,28.961946735158563
2025-08-15 03:43:12.175026+00:00,28.95679621087038
2025-08-15 03:43:12.759406+00:00,28.961946735158563
2025-08-15 03:43:13.299470+00:00,28.972247784608044
2025-08-15 03:43:14.024579+00:00,28.972247784608044
2025-08-15 03:43:14.999033+00:00,28.967097259737784
2025-08-15 03:43:18.156824+00:00,28.967097259737784
2025-08-15 03:43:19.407274+00:00,28.972247784608044
2025-08-15 03:43:19.642752+00:00,28.967097259737784
2025-08-15 03:43:19.933775+00:00,28.972247784608044
2025-08-15 03:43:20.250166+00:00,28.972247784608044
2025-08-15 03:43:21.923796+00:00,28.967097259737784
2025-08-15 03:43:26.175478+00:00,28.972247784608044
2025-08-15 03:43:29.634073+00:00,28.961946735158563
2025-08-15 03:43:29.992083+00:00,28.961946735158563
2025-08-15 03:43:30.367939+00:00,28.961946735158563
2025-08-15 03:43:30.757291+00:00,28.972247784608044
2025-08-15 03:43:31.204282+00:00,28.961946735158563
2025-08-15 03:43:31.758401+00:00,28.961946735158563
2025-08-15 03:43:32.916593+00:00,28.961946735158563
2025-08-15 03:43:33.290464+00:00,28.961946735158563
2025-08-15 03:43:35.975567+00:00,28.961946735158563
2025-08-15 03:43:36.212493+00:00,28.961946735158563
2025-08-15 03:43:37.216310+00:00,28.967097259737784
2025-08-15 03:43:37.955246+00:00,28.961946735158563
2025-08-15 03:43:39.963157+00:00,28.961946735158563
2025-08-15 03:43:42.101686+00:00,28.972247784608044
2025-08-15 03:43:42.349393+00:00,28.972247784608044
2025-08-15 03:43:42.678172+00:00,28.961946735158563
2025-08-15 03:43:42.945967+00:00,28.967097259737784
2025-08-15 03:43:44.366926+00:00,28.95679621087038
2025-08-15 03:43:44.681783+00:00,28.95679621087038
2025-08-15 03:43:48.407525+00:00,28.951645686873235
2025-08-15 03:43:51.434733+00:00,28.967097259737784
2025-08-15 03:43:52.253057+00:00,28.967097259737784
2025-08-15 03:43:52.873527+00:00,28.972247784608044
2025-08-15 03:43:54.051313+00:00,28.961946735158563
2025-08-15 03:43:55.133502+00:00,28.972247784608044
2025-08-15 03:43:55.471107+00:00,28.972247784608044
2025-08-15 03:43:55.690698+00:00,28.967097259737784
2025-08-15 03:43:57.593922+00:00,28.961946735158563
2025-08-15 03:43:59.172985+00:00,28.972247784608044
2025-08-15 03:44:00.497369+00:00,28.972247784608044
2025-08-15 03:44:03.952037+00:00,28.961946735158563
2025-08-15 03:44:05.455478+00:00,28.967097259737784
2025-08-15 03:44:06.855811+00:00,28.967097259737784
2025-08-15 03:44:09.348655+00:00,28.972247784608044
2025-08-15 03:44:10.630997+00:00,28.961946735158563
2025-08-15 03:44:12.389364+00:00,28.967097259737784
2025-08-15 03:44:13.321670+00:00,28.967097259737784
2025-08-15 03:44:13.855707+00:00,28.972247784608044
2025-08-15 03:44:14.740146+00:00,28.967097259737784
2025-08-15 03:44:15.082446+00:00,28.972247784608044
2025-08-15 03:44:16.530880+00:00,28.972247784608044
2025-08-15 03:44:18.155510+00:00,28.972247784608044
2025-08-15 03:44:20.065839+00:00,28.961946735158563
2025-08-15 03:44:21.565216+00:00,28.967097259737784
2025-08-15 03:44:22.126230+00:00,28.967097259737784
2025-08-15 03:44:22.364626+00:00,28.97739830976934
2025-08-15 03:44:22.677598+00:00,28.967097259737784
2025-08-15 03:44:22.966746+00:00,28.972247784608044
2025-08-15 03:44:25.500350+00:00,28.951645686873235
2025-08-15 03:44:28.723167+00:00,28.972247784608044
2025-08-15 03:44:29.176389+00:00,28.967097259737784
2025-08-15 03:44:29.814885+00:00,28.967097259737784
2025-08-15 03:44:31.175578+00:00,28.97739830976934
2025-08-15 03:44:32.398170+00:00,28.967097259737784
2025-08-15 03:44:35.297194+00:00,28.967097259737784
2025-08-15 03:44:36.848677+00:00,28.972247784608044
2025-08-15 03:44:39.348933+00:00,28.97739830976934
2025-08-15 03:44:40.578467+00:00,28.97739830976934
2025-08-15 03:44:40.811350+00:00,28.967097259737784
2025-08-15 03:44:41.223325+00:00,28.972247784608044
2025-08-15 03:44:41.940360+00:00,28.972247784608044
2025-08-15 03:44:44.357333+00:00,28.967097259737784
2025-08-15 03:44:46.369369+00:00,28.97739830976934
2025-08-15 03:44:50.741536+00:00,28.972247784608044
2025-08-15 03:44:52.956133+00:00,28.97739830976934
2025-08-15 03:44:54.130637+00:00,28.972247784608044
2025-08-15 03:44:54.983102+00:00,28.967097259737784
2025-08-15 03:44:55.723269+00:00,28.972247784608044
2025-08-15 03:44:57.107299+00:00,28.972247784608044
2025-08-15 03:45:00.632419+00:00,28.972247784608044
2025-08-15 03:45:01.512024+00:00,28.961946735158563
2025-08-15 03:45:02.029757+00:00,28.967097259737784
2025-08-15 03:45:04.555807+00:00,28.972247784608044
2025-08-15 03:45:04.887948+00:00,28.961946735158563
2025-08-15 03:45:05.187732+00:00,28.961946735158563
2025-08-15 03:45:05.496878+00:00,28.972247784608044
2025-08-15 03:45:10.784489+00:00,28.967097259737784
2025-08-15 03:45:12.842059+00:00,28.961946735158563
2025-08-15 03:45:13.725963+00:00,28.961946735158563
2025-08-15 03:45:17.529559+00:00,28.967097259737784
2025-08-15 03:45:20.357087+00:00,28.961946735158563
2025-08-15 03:45:21.787518+00:00,28.95679621087038
2025-08-15 03:45:22.814191+00:00,28.961946735158563
2025-08-15 03:45:24.109994+00:00,28.961946735158563
2025-08-15 03:45:24.561741+00:00,28.972247784608044
2025-08-15 03:45:27.337751+00:00,28.961946735158563
2025-08-15 03:45:35.259172+00:00,28.95679621087038
2025-08-15 03:45:38.378322+00:00,28.961946735158563
2025-08-15 03:45:38.678873+00:00,28.95679621087038
2025-08-15 03:45:39.919401+00:00,28.972247784608044
2025-08-15 03:45:44.556971+00:00,28.961946735158563
2025-08-15 03:45:49.131628+00:00,28.967097259737784
2025-08-15 03:45:50.301538+00:00,28.967097259737784
2025-08-15 03:45:52.096653+00:00,28.967097259737784
2025-08-15 03:45:53.967790+00:00,28.961946735158563
2025-08-15 03:45:54.200359+00:00,28.961946735158563
2025-08-15 03:45:54.429711+00:00,28.967097259737784
2025-08-15 03:45:54.688993+00:00,28.972247784608044
2025-08-15 03:45:54.931338+00:00,28.961946735158563
2025-08-15 03:45:55.181198+00:00,28.982548835221678
2025-08-15 03:45:55.457204+00:00,28.972247784608044
2025-08-15 03:45:55.774241+00:00,28.961946735158563
2025-08-15 03:45:56.083371+00:00,28.982548835221678
2025-08-15 03:45:56.242709+00:00,28.961946735158563
2025-08-15 03:45:56.497161+00:00,28.967097259737784
2025-08-15 03:46:03.506355+00:00,28.972247784608044
2025-08-15 03:46:04.269874+00:00,28.961946735158563
2025-08-15 03:46:04.665324+00:00,28.967097259737784
2025-08-15 03:46:06.145851+00:00,28.972247784608044
2025-08-15 03:46:06.803729+00:00,28.972247784608044
2025-08-15 03:46:09.120029+00:00,28.967097259737784
2025-08-15 03:46:10.221680+00:00,28.972247784608044
2025-08-15 03:46:11.613030+00:00,28.961946735158563
2025-08-15 03:46:11.876951+00:00,28.961946735158563
2025-08-15 03:46:12.628969+00:00,28.967097259737784
2025-08-15 03:46:14.857085+00:00,28.972247784608044
2025-08-15 03:46:19.429358+00:00,28.972247784608044
2025-08-15 03:46:20.070551+00:00,28.972247784608044
2025-08-15 03:46:21.772212+00:00,28.972247784608044
2025-08-15 03:46:26.520921+00:00,28.97739830976934
2025-08-15 03:46:27.400920+00:00,28.967097259737784
2025-08-15 03:46:27.792991+00:00,28.972247784608044
2025-08-15 03:46:33.634498+00:00,28.967097259737784
2025-08-15 03:46:34.414435+00:00,28.961946735158563
2025-08-15 03:46:39.684828+00:00,28.961946735158563
2025-08-15 03:46:40.546803+00:00,28.967097259737784
2025-08-15 03:46:41.339027+00:00,28.95679621087038
2025-08-15 03:46:42.209217+00:00,28.961946735158563
2025-08-15 03:46:43.198905+00:00,28.961946735158563
2025-08-15 03:46:44.675423+00:00,28.961946735158563
2025-08-15 03:46:47.235049+00:00,28.967097259737784
2025-08-15 03:46:49.295774+00:00,28.951645686873235
2025-08-15 03:46:50.179209+00:00,28.967097259737784
2025-08-15 03:46:50.663584+00:00,28.967097259737784
2025-08-15 03:46:50.943104+00:00,28.967097259737784
2025-08-15 03:46:51.241293+00:00,28.972247784608044
2025-08-15 03:46:54.880360+00:00,28.967097259737784
2025-08-15 03:46:59.688631+00:00,28.972247784608044
2025-08-15 03:47:01.587820+00:00,28.967097259737784
2025-08-15 03:47:02.176539+00:00,28.961946735158563
2025-08-15 03:47:02.907219+00:00,28.972247784608044
2025-08-15 03:47:03.946428+00:00,28.972247784608044
2025-08-15 03:47:07.010557+00:00,28.967097259737784
2025-08-15 03:47:08.991233+00:00,28.967097259737784
2025-08-15 03:47:10.727654+00:00,28.972247784608044
2025-08-15 03:47:12.857970+00:00,28.97739830976934
2025-08-15 03:47:13.754698+00:00,28.97739830976934
2025-08-15 03:47:14.077463+00:00,28.972247784608044
2025-08-15 03:47:15.389897+00:00,28.972247784608044
2025-08-15 03:47:15.802241+00:00,28.982548835221678
2025-08-15 03:47:16.242518+00:00,28.97739830976934
2025-08-15 03:47:17.119018+00:00,28.97739830976934
2025-08-15 03:47:18.023365+00:00,28.97739830976934
2025-08-15 03:47:20.213828+00:00,28.961946735158563
2025-08-15 03:47:20.753171+00:00,28.982548835221678
2025-08-15 03:47:21.079855+00:00,28.972247784608044
2025-08-15 03:47:23.920739+00:00,28.972247784608044
2025-08-15 03:47:24.229671+00:00,28.961946735158563
2025-08-15 03:47:24.738712+00:00,28.961946735158563
2025-08-15 03:47:25.145519+00:00,28.972247784608044
2025-08-15 03:47:25.441060+00:00,28.972247784608044
2025-08-15 03:47:25.648726+00:00,28.967097259737784
2025-08-15 03:47:25.946166+00:00,28.967097259737784
2025-08-15 03:47:26.308870+00:00,28.972247784608044
2025-08-15 03:47:26.562833+00:00,28.967097259737784
2025-08-15 03:47:27.055567+00:00,28.972247784608044
2025-08-15 03:47:27.529354+00:00,28.972247784608044
2025-08-15 03:47:28.639031+00:00,28.972247784608044
2025-08-15 03:47:29.132766+00:00,28.982548835221678
2025-08-15 03:47:33.929749+00:00,28.967097259737784
2025-08-15 03:47:34.253284+00:00,28.97739830976934
2025-08-15 03:47:34.632242+00:00,28.97739830976934
2025-08-15 03:47:34.990673+00:00,28.97739830976934
2025-08-15 03:47:37.068511+00:00,28.972247784608044
2025-08-15 03:47:38.208183+00:00,28.967097259737784
2025-08-15 03:47:40.205004+00:00,28.972247784608044
2025-08-15 03:47:42.597225+00:00,28.982548835221678
2025-08-15 03:47:43.408436+00:00,28.972247784608044
2025-08-15 03:47:45.577509+00:00,28.972247784608044
2025-08-15 03:47:47.986514+00:00,28.97739830976934
2025-08-15 03:47:49.539883+00:00,28.97739830976934
2025-08-15 03:47:50.094597+00:00,28.972247784608044
2025-08-15 03:47:50.534313+00:00,28.972247784608044
2025-08-15 03:47:52.463200+00:00,28.972247784608044
2025-08-15 03:47:53.496105+00:00,28.961946735158563
2025-08-15 03:47:55.934314+00:00,28.967097259737784
2025-08-15 03:47:56.852356+00:00,28.967097259737784
2025-08-15 03:47:58.582321+00:00,28.982548835221678
2025-08-15 03:47:59.376659+00:00,28.97739830976934
2025-08-15 03:48:02.741599+00:00,28.972247784608044
2025-08-15 03:48:04.174032+00:00,28.97739830976934
2025-08-15 03:48:05.958965+00:00,28.972247784608044
2025-08-15 03:48:06.948582+00:00,28.972247784608044
2025-08-15 03:48:09.999287+00:00,28.97739830976934
2025-08-15 03:48:10.793793+00:00,28.97739830976934
2025-08-15 03:48:12.818160+00:00,28.967097259737784
2025-08-15 03:48:13.603479+00:00,28.972247784608044
2025-08-15 03:48:13.803300+00:00,28.97739830976934
2025-08-15 03:48:14.162271+00:00,28.967097259737784
2025-08-15 03:48:14.506522+00:00,28.972247784608044
2025-08-15 03:48:14.704029+00:00,28.972247784608044
2025-08-15 03:48:15.091552+00:00,28.97739830976934
2025-08-15 03:48:15.425292+00:00,28.972247784608044
2025-08-15 03:48:18.161529+00:00,28.972247784608044
2025-08-15 03:48:18.533311+00:00,28.972247784608044
2025-08-15 03:48:18.860793+00:00,28.967097259737784
2025-08-15 03:48:23.293112+00:00,28.972247784608044
2025-08-15 03:48:24.175134+00:00,28.972247784608044
2025-08-15 03:48:24.728011+00:00,28.967097259737784
2025-08-15 03:48:26.402928+00:00,28.961946735158563
2025-08-15 03:48:26.897833+00:00,28.972247784608044
2025-08-15 03:48:27.228764+00:00,28.967097259737784
2025-08-15 03:48:28.051569+00:00,28.972247784608044
2025-08-15 03:48:28.311115+00:00,28.972247784608044
2025-08-15 03:48:28.544145+00:00,28.97739830976934
2025-08-15 03:48:29.861152+00:00,28.972247784608044
2025-08-15 03:48:33.384004+00:00,28.961946735158563
2025-08-15 03:48:33.959516+00:00,28.982548835221678
2025-08-15 03:48:37.789836+00:00,28.97739830976934
2025-08-15 03:48:42.088665+00:00,28.961946735158563
2025-08-15 03:48:42.795629+00:00,28.972247784608044
2025-08-15 03:48:43.436679+00:00,28.97739830976934
2025-08-15 03:48:43.760689+00:00,28.982548835221678
2025-08-15 03:48:44.136683+00:00,28.972247784608044
2025-08-15 03:48:45.913079+00:00,28.972247784608044
2025-08-15 03:48:47.481718+00:00,28.967097259737784
2025-08-15 03:48:48.316990+00:00,28.982548835221678
2025-08-15 03:48:48.802008+00:00,28.982548835221678
2025-08-15 03:48:49.423097+00:00,28.97739830976934
2025-08-15 03:48:52.414414+00:00,28.97739830976934
2025-08-15 03:48:54.094199+00:00,28.97739830976934
2025-08-15 03:48:56.048636+00:00,28.972247784608044
2025-08-15 03:48:56.274763+00:00,28.97739830976934
2025-08-15 03:48:59.130796+00:00,28.972247784608044
2025-08-15 03:48:59.549273+00:00,28.97739830976934
2025-08-15 03:49:01.629489+00:00,28.97739830976934
2025-08-15 03:49:03.166081+00:00,28.992849886999466
2025-08-15 03:49:09.377427+00:00,28.97739830976934
2025-08-15 03:49:09.705266+00:00,28.987699360965053
2025-08-15 03:49:14.260071+00:00,28.97739830976934
2025-08-15 03:49:14.801765+00:00,28.982548835221678
2025-08-15 03:49:16.947668+00:00,28.982548835221678
2025-08-15 03:49:17.915170+00:00,28.982548835221678
2025-08-15 03:49:18.555545+00:00,28.97739830976934
2025-08-15 03:49:18.723596+00:00,28.97739830976934
2025-08-15 03:49:19.198892+00:00,28.982548835221678
2025-08-15 03:49:20.060577+00:00,28.97739830976934
2025-08-15 03:49:20.777658+00:00,28.97739830976934
2025-08-15 03:49:21.132875+00:00,28.972247784608044
2025-08-15 03:49:22.091747+00:00,28.972247784608044
2025-08-15 03:49:22.805151+00:00,28.97739830976934
2025-08-15 03:49:23.045569+00:00,28.982548835221678
2025-08-15 03:49:25.141985+00:00,28.982548835221678
2025-08-15 03:49:25.685050+00:00,28.972247784608044
2025-08-15 03:49:26.237360+00:00,28.97739830976934
2025-08-15 03:49:28.199768+00:00,28.97739830976934
2025-08-15 03:49:28.585189+00:00,28.982548835221678
2025-08-15 03:49:28.827516+00:00,28.982548835221678
2025-08-15 03:49:29.303986+00:00,28.97739830976934
2025-08-15 03:49:29.731465+00:00,28.987699360965053
2025-08-15 03:49:30.442897+00:00,28.982548835221678
2025-08-15 03:49:32.848496+00:00,28.982548835221678
2025-08-15 03:49:35.594775+00:00,28.982548835221678
2025-08-15 03:49:37.167105+00:00,28.97739830976934
2025-08-15 03:49:38.231699+00:00,28.987699360965053
2025-08-15 03:49:40.021186+00:00,28.987699360965053
2025-08-15 03:49:43.740437+00:00,28.972247784608044
2025-08-15 03:49:44.217170+00:00,28.982548835221678
2025-08-15 03:49:44.442494+00:00,28.982548835221678
2025-08-15 03:49:44.733581+00:00,28.97739830976934
2025-08-15 03:49:48.393182+00:00,28.97739830976934
2025-08-15 03:49:49.316932+00:00,28.982548835221678
2025-08-15 03:49:50.057112+00:00,28.97739830976934
2025-08-15 03:49:50.942147+00:00,28.967097259737784
2025-08-15 03:49:51.759670+00:00,28.982548835221678
2025-08-15 03:49:52.818188+00:00,28.97739830976934
2025-08-15 03:49:53.392088+00:00,28.97739830976934
2025-08-15 03:49:54.133619+00:00,28.97739830976934
2025-08-15 03:49:54.608442+00:00,28.972247784608044
2025-08-15 03:49:55.689310+00:00,28.97739830976934
2025-08-15 03:49:56.142502+00:00,28.972247784608044
2025-08-15 03:49:56.558785+00:00,28.972247784608044
2025-08-15 03:49:57.283483+00:00,28.97739830976934
2025-08-15 03:49:57.520662+00:00,28.97739830976934
2025-08-15 03:49:58.740653+00:00,28.972247784608044
2025-08-15 03:49:59.284224+00:00,28.967097259737784
2025-08-15 03:49:59.544356+00:00,28.97739830976934
2025-08-15 03:49:59.784690+00:00,28.97739830976934
2025-08-15 03:50:04.797727+00:00,28.961946735158563
2025-08-15 03:50:08.700159+00:00,28.972247784608044
2025-08-15 03:50:10.769558+00:00,28.967097259737784
2025-08-15 03:50:11.831378+00:00,28.967097259737784
2025-08-15 03:50:12.587910+00:00,28.961946735158563
2025-08-15 03:50:18.198855+00:00,28.94649516316713
2025-08-15 03:50:21.977400+00:00,28.967097259737784
2025-08-15 03:50:22.569857+00:00,28.972247784608044
2025-08-15 03:50:23.663118+00:00,28.961946735158563
2025-08-15 03:50:24.305374+00:00,28.961946735158563
2025-08-15 03:50:24.662054+00:00,28.967097259737784
2025-08-15 03:50:25.206725+00:00,28.972247784608044
2025-08-15 03:50:25.808496+00:00,28.961946735158563
2025-08-15 03:50:29.222273+00:00,28.95679621087038
2025-08-15 03:50:30.854913+00:00,28.961946735158563
2025-08-15 03:50:33.995988+00:00,28.972247784608044
2025-08-15 03:50:34.738257+00:00,28.961946735158563
2025-08-15 03:50:36.386593+00:00,28.961946735158563
2025-08-15 03:50:37.038765+00:00,28.967097259737784
2025-08-15 03:50:39.024189+00:00,28.967097259737784
2025-08-15 03:50:39.367440+00:00,28.95679621087038
2025-08-15 03:50:40.238262+00:00,28.967097259737784
2025-08-15 03:50:45.103630+00:00,28.961946735158563
2025-08-15 03:50:45.868944+00:00,28.967097259737784
2025-08-15 03:50:46.734283+00:00,28.961946735158563
2025-08-15 03:50:49.231861+00:00,28.97739830976934
2025-08-15 03:50:50.308320+00:00,28.967097259737784
2025-08-15 03:50:51.282623+00:00,28.972247784608044
2025-08-15 03:50:51.645348+00:00,28.967097259737784
2025-08-15 03:50:53.434102+00:00,28.967097259737784
2025-08-15 03:50:56.141191+00:00,28.967097259737784
2025-08-15 03:50:56.425678+00:00,28.97739830976934
2025-08-15 03:50:58.272115+00:00,28.961946735158563
2025-08-15 03:50:58.823417+00:00,28.972247784608044
2025-08-15 03:50:59.366796+00:00,28.97739830976934
2025-08-15 03:51:00.995991+00:00,28.967097259737784
2025-08-15 03:51:02.318518+00:00,28.972247784608044
2025-08-15 03:51:05.055233+00:00,28.97739830976934
2025-08-15 03:51:06.449300+00:00,28.967097259737784
2025-08-15 03:51:06.912875+00:00,28.961946735158563
2025-08-15 03:51:07.412725+00:00,28.961946735158563
2025-08-15 03:51:11.935187+00:00,28.972247784608044
2025-08-15 03:51:13.298330+00:00,28.967097259737784
2025-08-15 03:51:13.567392+00:00,28.967097259737784
2025-08-15 03:51:13.833360+00:00,28.972247784608044
2025-08-15 03:51:14.092245+00:00,28.972247784608044
2025-08-15 03:51:14.586392+00:00,28.972247784608044
2025-08-15 03:51:14.969990+00:00,28.97739830976934
2025-08-15 03:51:15.316678+00:00,28.982548835221678
2025-08-15 03:51:15.674548+00:00,28.97739830976934
2025-08-15 03:51:16.134703+00:00,28.967097259737784
2025-08-15 03:51:19.316172+00:00,28.967097259737784
2025-08-15 03:51:20.195157+00:00,28.97739830976934
2025-08-15 03:51:20.633675+00:00,28.972247784608044
2025-08-15 03:51:21.913413+00:00,28.972247784608044
2025-08-15 03:51:23.318002+00:00,28.967097259737784
2025-08-15 03:51:23.686804+00:00,28.961946735158563
2025-08-15 03:51:24.898068+00:00,28.972247784608044
2025-08-15 03:51:27.915558+00:00,28.972247784608044
2025-08-15 03:51:28.215652+00:00,28.961946735158563
2025-08-15 03:51:28.407139+00:00,28.967097259737784
2025-08-15 03:51:28.673297+00:00,28.972247784608044
2025-08-15 03:51:32.587256+00:00,28.972247784608044
2025-08-15 03:51:33.698144+00:00,28.972247784608044
2025-08-15 03:51:34.431441+00:00,28.967097259737784
2025-08-15 03:51:35.710176+00:00,28.972247784608044
2025-08-15 03:51:37.206754+00:00,28.972247784608044
2025-08-15 03:51:39.027789+00:00,28.97739830976934
2025-08-15 03:51:40.381509+00:00,28.97739830976934
2025-08-15 03:51:40.632449+00:00,28.97739830976934
2025-08-15 03:51:41.618900+00:00,28.972247784608044
2025-08-15 03:51:44.648041+00:00,28.982548835221678
2025-08-15 03:51:45.074773+00:00,28.97739830976934
2025-08-15 03:51:47.449346+00:00,28.967097259737784
2025-08-15 03:51:48.591527+00:00,28.972247784608044
2025-08-15 03:51:49.928564+00:00,28.987699360965053
2025-08-15 03:51:53.569919+00:00,28.982548835221678
2025-08-15 03:51:54.581776+00:00,28.982548835221678
2025-08-15 03:51:57.398045+00:00,28.972247784608044
2025-08-15 03:51:58.133539+00:00,28.97739830976934
2025-08-15 03:51:58.391900+00:00,28.972247784608044
2025-08-15 03:51:58.616538+00:00,28.972247784608044
2025-08-15 03:51:58.830772+00:00,28.97739830976934
2025-08-15 03:51:59.251892+00:00,28.972247784608044
2025-08-15 03:51:59.629499+00:00,28.972247784608044
2025-08-15 03:51:59.870008+00:00,28.967097259737784
2025-08-15 03:52:00.214161+00:00,28.972247784608044
2025-08-15 03:52:02.566935+00:00,28.961946735158563
2025-08-15 03:52:05.601024+00:00,28.967097259737784
2025-08-15 03:52:06.961298+00:00,28.972247784608044
2025-08-15 03:52:07.625472+00:00,28.967097259737784
2025-08-15 03:52:09.586692+00:00,28.97739830976934
2025-08-15 03:52:11.001405+00:00,28.972247784608044
2025-08-15 03:52:13.111908+00:00,28.967097259737784
2025-08-15 03:52:14.417533+00:00,28.972247784608044
2025-08-15 03:52:14.616012+00:00,28.967097259737784
2025-08-15 03:52:14.858025+00:00,28.972247784608044
2025-08-15 03:52:15.209193+00:00,28.972247784608044
2025-08-15 03:52:20.181424+00:00,28.972247784608044
2025-08-15 03:52:20.723655+00:00,28.982548835221678
2025-08-15 03:52:21.359898+00:00,28.972247784608044
2025-08-15 03:52:22.429907+00:00,28.967097259737784
2025-08-15 03:52:26.873794+00:00,28.95679621087038
2025-08-15 03:52:28.388456+00:00,28.961946735158563
2025-08-15 03:52:28.921687+00:00,28.972247784608044
2025-08-15 03:52:34.444789+00:00,28.967097259737784
2025-08-15 03:52:34.655279+00:00,28.967097259737784
2025-08-15 03:52:34.889198+00:00,28.961946735158563
2025-08-15 03:52:35.139661+00:00,28.97739830976934
2025-08-15 03:52:36.167906+00:00,28.972247784608044
2025-08-15 03:52:38.455953+00:00,28.972247784608044
2025-08-15 03:52:39.835211+00:00,28.967097259737784
2025-08-15 03:52:41.119871+00:00,28.972247784608044
2025-08-15 03:52:43.953872+00:00,28.967097259737784
2025-08-15 03:52:50.816696+00:00,28.967097259737784
2025-08-15 03:52:51.201339+00:00,28.95679621087038
2025-08-15 03:52:51.509413+00:00,28.967097259737784
2025-08-15 03:52:52.007922+00:00,28.961946735158563
2025-08-15 03:52:53.200035+00:00,28.95679621087038
2025-08-15 03:52:54.726638+00:00,28.95679621087038
2025-08-15 03:52:56.539862+00:00,28.95679621087038
2025-08-15 03:52:56.798598+00:00,28.961946735158563
2025-08-15 03:52:57.024136+00:00,28.972247784608044
2025-08-15 03:52:59.942235+00:00,28.967097259737784
2025-08-15 03:53:00.684053+00:00,28.961946735158563
2025-08-15 03:53:06.834059+00:00,28.97739830976934
2025-08-15 03:53:07.925533+00:00,28.967097259737784
2025-08-15 03:53:09.525687+00:00,28.961946735158563
2025-08-15 03:53:09.865113+00:00,28.972247784608044
2025-08-15 03:53:10.302698+00:00,28.967097259737784
2025-08-15 03:53:11.547406+00:00,28.961946735158563
2025-08-15 03:53:11.789374+00:00,28.972247784608044
2025-08-15 03:53:12.635257+00:00,28.967097259737784
2025-08-15 03:53:13.579103+00:00,28.972247784608044
2025-08-15 03:53:14.447822+00:00,28.972247784608044
2025-08-15 03:53:16.068081+00:00,28.97739830976934
2025-08-15 03:53:16.734522+00:00,28.961946735158563
2025-08-15 03:53:19.108370+00:00,28.961946735158563
2025-08-15 03:53:20.013416+00:00,28.967097259737784
2025-08-15 03:53:20.463521+00:00,28.95679621087038
2025-08-15 03:53:22.147038+00:00,28.961946735158563
2025-08-15 03:53:25.292325+00:00,28.961946735158563
2025-08-15 03:53:25.597484+00:00,28.967097259737784
2025-08-15 03:53:26.228304+00:00,28.972247784608044
2025-08-15 03:53:26.905930+00:00,28.967097259737784
2025-08-15 03:53:28.209253+00:00,28.951645686873235
2025-08-15 03:53:28.978196+00:00,28.961946735158563
2025-08-15 03:53:29.864166+00:00,28.961946735158563
2025-08-15 03:53:30.806742+00:00,28.961946735158563
2025-08-15 03:53:31.197477+00:00,28.95679621087038
2025-08-15 03:53:32.450978+00:00,28.961946735158563
2025-08-15 03:53:34.895599+00:00,28.961946735158563
2025-08-15 03:53:36.296475+00:00,28.961946735158563
2025-08-15 03:53:37.239422+00:00,28.961946735158563
2025-08-15 03:53:38.511144+00:00,28.961946735158563
2025-08-15 03:53:39.288317+00:00,28.961946735158563
2025-08-15 03:53:39.948741+00:00,28.961946735158563
2025-08-15 03:53:40.321558+00:00,28.967097259737784
2025-08-15 03:53:40.773096+00:00,28.967097259737784
2025-08-15 03:53:42.730221+00:00,28.961946735158563
2025-08-15 03:53:42.879308+00:00,28.95679621087038
2025-08-15 03:53:43.096877+00:00,28.967097259737784
2025-08-15 03:53:44.292699+00:00,28.961946735158563
2025-08-15 03:53:44.620363+00:00,28.967097259737784
2025-08-15 03:53:46.175885+00:00,28.951645686873235
2025-08-15 03:53:46.475175+00:00,28.967097259737784
2025-08-15 03:53:48.625231+00:00,28.972247784608044
2025-08-15 03:53:51.957424+00:00,28.951645686873235
2025-08-15 03:53:53.594853+00:00,28.95679621087038
2025-08-15 03:53:54.607228+00:00,28.961946735158563
2025-08-15 03:53:55.316907+00:00,28.961946735158563
2025-08-15 03:53:56.669419+00:00,28.95679621087038
2025-08-15 03:53:57.061176+00:00,28.967097259737784
2025-08-15 03:53:57.472303+00:00,28.967097259737784
2025-08-15 03:54:02.147037+00:00,28.961946735158563
2025-08-15 03:54:02.474072+00:00,28.967097259737784
2025-08-15 03:54:05.493955+00:00,28.961946735158563
2025-08-15 03:54:08.563844+00:00,28.951645686873235
2025-08-15 03:54:09.345205+00:00,28.951645686873235
2025-08-15 03:54:09.662679+00:00,28.951645686873235
2025-08-15 03:54:10.896309+00:00,28.967097259737784
2025-08-15 03:54:12.107285+00:00,28.961946735158563
2025-08-15 03:54:12.652029+00:00,28.967097259737784
2025-08-15 03:54:14.692240+00:00,28.967097259737784
2025-08-15 03:54:16.083243+00:00,28.967097259737784
2025-08-15 03:54:17.005092+00:00,28.961946735158563
2025-08-15 03:54:17.434773+00:00,28.972247784608044
2025-08-15 03:54:18.003232+00:00,28.961946735158563
2025-08-15 03:54:20.105898+00:00,28.961946735158563
2025-08-15 03:54:20.783083+00:00,28.951645686873235
2025-08-15 03:54:21.498751+00:00,28.961946735158563
2025-08-15 03:54:24.217090+00:00,28.951645686873235
2025-08-15 03:54:28.920278+00:00,28.961946735158563
2025-08-15 03:54:33.331283+00:00,28.961946735158563
2025-08-15 03:54:33.553923+00:00,28.961946735158563
2025-08-15 03:54:33.950496+00:00,28.961946735158563
2025-08-15 03:54:34.603061+00:00,28.961946735158563
2025-08-15 03:54:35.212304+00:00,28.951645686873235
2025-08-15 03:54:36.221130+00:00,28.961946735158563
2025-08-15 03:54:36.480430+00:00,28.967097259737784
2025-08-15 03:54:36.849142+00:00,28.94649516316713
2025-08-15 03:54:37.257161+00:00,28.961946735158563
2025-08-15 03:54:37.835172+00:00,28.95679621087038
2025-08-15 03:54:39.707446+00:00,28.961946735158563
2025-08-15 03:54:40.133854+00:00,28.95679621087038
2025-08-15 03:54:41.772841+00:00,28.94134463975206
2025-08-15 03:54:44.396995+00:00,28.951645686873235
2025-08-15 03:54:46.740347+00:00,28.961946735158563
2025-08-15 03:54:47.229371+00:00,28.95679621087038
2025-08-15 03:54:47.888223+00:00,28.95679621087038
2025-08-15 03:54:48.358911+00:00,28.951645686873235
2025-08-15 03:54:49.141855+00:00,28.961946735158563
2025-08-15 03:54:49.415523+00:00,28.961946735158563
2025-08-15 03:54:49.704232+00:00,28.961946735158563
2025-08-15 03:54:52.854660+00:00,28.951645686873235
2025-08-15 03:54:53.967822+00:00,28.951645686873235
2025-08-15 03:54:55.398168+00:00,28.95679621087038
2025-08-15 03:54:57.442221+00:00,28.95679621087038
2025-08-15 03:54:57.676904+00:00,28.951645686873235
2025-08-15 03:55:01.075316+00:00,28.94649516316713
2025-08-15 03:55:02.263342+00:00,28.951645686873235
2025-08-15 03:55:06.046730+00:00,28.961946735158563
2025-08-15 03:55:06.689002+00:00,28.95679621087038
2025-08-15 03:55:07.783196+00:00,28.972247784608044
2025-08-15 03:55:10.222901+00:00,28.967097259737784
2025-08-15 03:55:11.700575+00:00,28.951645686873235
2025-08-15 03:55:12.031918+00:00,28.967097259737784
2025-08-15 03:55:13.420306+00:00,28.961946735158563
2025-08-15 03:55:14.384499+00:00,28.961946735158563
2025-08-15 03:55:15.690692+00:00,28.951645686873235
2025-08-15 03:55:18.055934+00:00,28.961946735158563
2025-08-15 03:55:18.460949+00:00,28.961946735158563
2025-08-15 03:55:21.567596+00:00,28.97739830976934
2025-08-15 03:55:22.236486+00:00,28.967097259737784
2025-08-15 03:55:22.643491+00:00,28.972247784608044
2025-08-15 03:55:23.026590+00:00,28.972247784608044
2025-08-15 03:55:23.305159+00:00,28.961946735158563
2025-08-15 03:55:24.572948+00:00,28.972247784608044
2025-08-15 03:55:25.480828+00:00,28.961946735158563
2025-08-15 03:55:26.989838+00:00,28.95679621087038
2025-08-15 03:55:31.483456+00:00,28.951645686873235
2025-08-15 03:55:32.737302+00:00,28.95679621087038
2025-08-15 03:55:36.656998+00:00,28.951645686873235
2025-08-15 03:55:38.511298+00:00,28.95679621087038
2025-08-15 03:55:40.466867+00:00,28.961946735158563
2025-08-15 03:55:41.785568+00:00,28.95679621087038
2025-08-15 03:55:42.160143+00:00,28.961946735158563
2025-08-15 03:55:42.465102+00:00,28.95679621087038
2025-08-15 03:55:42.701285+00:00,28.95679621087038
2025-08-15 03:55:43.524956+00:00,28.951645686873235
2025-08-15 03:55:44.851951+00:00,28.95679621087038
2025-08-15 03:55:46.373763+00:00,28.951645686873235
2025-08-15 03:55:47.651815+00:00,28.951645686873235
2025-08-15 03:55:49.048527+00:00,28.95679621087038
2025-08-15 03:55:49.494566+00:00,28.951645686873235
2025-08-15 03:55:59.385549+00:00,28.95679621087038
2025-08-15 03:56:04.012885+00:00,28.94134463975206
2025-08-15 03:56:07.369360+00:00,28.951645686873235
2025-08-15 03:56:07.804884+00:00,28.961946735158563
2025-08-15 03:56:08.187096+00:00,28.95679621087038
2025-08-15 03:56:09.229175+00:00,28.95679621087038
2025-08-15 03:56:12.479413+00:00,28.951645686873235
2025-08-15 03:56:14.227434+00:00,28.951645686873235
2025-08-15 03:56:14.885701+00:00,28.951645686873235
2025-08-15 03:56:16.553847+00:00,28.95679621087038
2025-08-15 03:56:18.084307+00:00,28.951645686873235
2025-08-15 03:56:20.583109+00:00,28.94649516316713
2025-08-15 03:56:21.176984+00:00,28.910441505373456
2025-08-15 03:56:21.777777+00:00,28.951645686873235
2025-08-15 03:56:23.015318+00:00,28.951645686873235
2025-08-15 03:56:26.474934+00:00,28.94649516316713
2025-08-15 03:56:27.670140+00:00,28.951645686873235
2025-08-15 03:56:28.138323+00:00,28.951645686873235
2025-08-15 03:56:28.601936+00:00,28.951645686873235
2025-08-15 03:56:29.207567+00:00,28.961946735158563
2025-08-15 03:56:29.477368+00:00,28.951645686873235
2025-08-15 03:56:30.121317+00:00,28.951645686873235
2025-08-15 03:56:31.956875+00:00,28.95679621087038
2025-08-15 03:56:34.467309+00:00,28.951645686873235
2025-08-15 03:56:36.370031+00:00,28.95679621087038
2025-08-15 03:56:37.001923+00:00,28.95679621087038
2025-08-15 03:56:40.472158+00:00,28.94134463975206
2025-08-15 03:56:45.000571+00:00,28.93619411662803
2025-08-15 03:56:45.342633+00:00,28.93104359379504
2025-08-15 03:56:46.003854+00:00,28.94649516316713
2025-08-15 03:56:46.828661+00:00,28.951645686873235
2025-08-15 03:56:50.633459+00:00,28.94134463975206
2025-08-15 03:56:51.226181+00:00,28.93619411662803
2025-08-15 03:56:52.376969+00:00,28.93619411662803
2025-08-15 03:56:53.301149+00:00,28.93104359379504
2025-08-15 03:56:54.292317+00:00,28.94134463975206
2025-08-15 03:56:54.642136+00:00,28.925893071253086
2025-08-15 03:56:55.425764+00:00,28.951645686873235
2025-08-15 03:56:57.924385+00:00,28.93104359379504
2025-08-15 03:56:59.699193+00:00,28.94134463975206
2025-08-15 03:57:01.604731+00:00,28.94649516316713
2025-08-15 03:57:02.336825+00:00,28.93619411662803
2025-08-15 03:57:03.721214+00:00,28.94134463975206
2025-08-15 03:57:04.049873+00:00,28.94649516316713
2025-08-15 03:57:04.429849+00:00,28.95679621087038
2025-08-15 03:57:05.746143+00:00,28.94134463975206
2025-08-15 03:57:07.003639+00:00,28.94649516316713
2025-08-15 03:57:07.853957+00:00,28.951645686873235
2025-08-15 03:57:08.200893+00:00,28.94649516316713
2025-08-15 03:57:08.945480+00:00,28.94649516316713
2025-08-15 03:57:10.027641+00:00,28.951645686873235
2025-08-15 03:57:12.845234+00:00,28.97739830976934
2025-08-15 03:57:13.236108+00:00,28.951645686873235
2025-08-15 03:57:18.207921+00:00,28.94649516316713
2025-08-15 03:57:20.679189+00:00,28.94649516316713
2025-08-15 03:57:21.682724+00:00,28.94134463975206
2025-08-15 03:57:23.396337+00:00,28.94649516316713
2025-08-15 03:57:28.906686+00:00,28.951645686873235
2025-08-15 03:57:29.444304+00:00,28.94649516316713
2025-08-15 03:57:32.269300+00:00,28.951645686873235
2025-08-15 03:57:33.813194+00:00,28.94649516316713
2025-08-15 03:57:34.014592+00:00,28.951645686873235
2025-08-15 03:57:35.768410+00:00,28.951645686873235
2025-08-15 03:57:36.379194+00:00,28.951645686873235
2025-08-15 03:57:39.121142+00:00,28.951645686873235
2025-08-15 03:57:40.041240+00:00,28.95679621087038
2025-08-15 03:57:41.946528+00:00,28.951645686873235
2025-08-15 03:57:42.671415+00:00,28.95679621087038
2025-08-15 03:57:43.163555+00:00,28.94649516316713
2025-08-15 03:57:43.423946+00:00,28.951645686873235
2025-08-15 03:57:43.992377+00:00,28.95679621087038
2025-08-15 03:57:48.977145+00:00,28.951645686873235
2025-08-15 03:57:49.746695+00:00,28.94649516316713
2025-08-15 03:57:50.071664+00:00,28.961946735158563
2025-08-15 03:57:50.613257+00:00,28.95679621087038
2025-08-15 03:57:51.258755+00:00,28.961946735158563
2025-08-15 03:57:51.713558+00:00,28.961946735158563
2025-08-15 03:57:51.835801+00:00,28.95679621087038
2025-08-15 03:57:52.529476+00:00,28.967097259737784
2025-08-15 03:57:53.114252+00:00,28.961946735158563
2025-08-15 03:57:54.227213+00:00,28.961946735158563
2025-08-15 03:57:55.079526+00:00,28.967097259737784
2025-08-15 03:57:55.783440+00:00,28.961946735158563
2025-08-15 03:57:56.041651+00:00,28.95679621087038
2025-08-15 03:57:57.024497+00:00,28.951645686873235
2025-08-15 03:57:57.417646+00:00,28.951645686873235
2025-08-15 03:57:59.187058+00:00,28.951645686873235
2025-08-15 03:58:01.599971+00:00,28.95679621087038
2025-08-15 03:58:05.184823+00:00,28.951645686873235
2025-08-15 03:58:08.149701+00:00,28.961946735158563
2025-08-15 03:58:08.767297+00:00,28.951645686873235
2025-08-15 03:58:10.326596+00:00,28.95679621087038
2025-08-15 03:58:12.906127+00:00,28.95679621087038
2025-08-15 03:58:14.316909+00:00,28.951645686873235
2025-08-15 03:58:15.533519+00:00,28.951645686873235
2025-08-15 03:58:16.469836+00:00,28.951645686873235
2025-08-15 03:58:18.276694+00:00,28.95679621087038
2025-08-15 03:58:18.794585+00:00,28.95679621087038
2025-08-15 03:58:19.169276+00:00,28.967097259737784
2025-08-15 03:58:20.657863+00:00,28.961946735158563
2025-08-15 03:58:21.276371+00:00,28.961946735158563
2025-08-15 03:58:21.958251+00:00,28.961946735158563
2025-08-15 03:58:22.656813+00:00,28.961946735158563
2025-08-15 03:58:23.331024+00:00,28.967097259737784
2025-08-15 03:58:25.799599+00:00,28.95679621087038
2025-08-15 03:58:26.209123+00:00,28.95679621087038
2025-08-15 03:58:26.593099+00:00,28.95679621087038
2025-08-15 03:58:27.996880+00:00,28.95679621087038
2025-08-15 03:58:28.799211+00:00,28.95679621087038
2025-08-15 03:58:29.121959+00:00,28.951645686873235
2025-08-15 03:58:30.485402+00:00,28.95679621087038
2025-08-15 03:58:33.091016+00:00,28.95679621087038
2025-08-15 03:58:33.961634+00:00,28.95679621087038
2025-08-15 03:58:34.205020+00:00,28.95679621087038
2025-08-15 03:58:35.173074+00:00,28.961946735158563
2025-08-15 03:58:35.808637+00:00,28.951645686873235
2025-08-15 03:58:36.535752+00:00,28.951645686873235
2025-08-15 03:58:36.738953+00:00,28.961946735158563
2025-08-15 03:58:38.207222+00:00,28.951645686873235
2025-08-15 03:58:38.433352+00:00,28.95679621087038
2025-08-15 03:58:38.832930+00:00,28.94649516316713
2025-08-15 03:58:39.036045+00:00,28.951645686873235
2025-08-15 03:58:39.242782+00:00,28.951645686873235
2025-08-15 03:58:39.685409+00:00,28.961946735158563
2025-08-15 03:58:39.962451+00:00,28.951645686873235
2025-08-15 03:58:42.024400+00:00,28.94649516316713
2025-08-15 03:58:42.797627+00:00,28.951645686873235
2025-08-15 03:58:44.048831+00:00,28.961946735158563
2025-08-15 03:58:44.290308+00:00,28.951645686873235
2025-08-15 03:58:44.526475+00:00,28.95679621087038
2025-08-15 03:58:44.723857+00:00,28.951645686873235
2025-08-15 03:58:45.150566+00:00,28.972247784608044
2025-08-15 03:58:45.567459+00:00,28.961946735158563
2025-08-15 03:58:46.097754+00:00,28.95679621087038
2025-08-15 03:58:46.643669+00:00,28.95679621087038
2025-08-15 03:58:47.624968+00:00,28.94649516316713
2025-08-15 03:58:51.746110+00:00,28.94649516316713
2025-08-15 03:58:52.297463+00:00,28.951645686873235
2025-08-15 03:58:52.948463+00:00,28.94649516316713
2025-08-15 03:58:55.606174+00:00,28.925893071253086
2025-08-15 03:58:56.357147+00:00,28.94134463975206
2025-08-15 03:58:56.640333+00:00,28.961946735158563
2025-08-15 03:58:57.040493+00:00,28.951645686873235
2025-08-15 03:59:04.233972+00:00,28.94649516316713
2025-08-15 03:59:05.359577+00:00,28.94134463975206
2025-08-15 03:59:06.315454+00:00,28.961946735158563
2025-08-15 03:59:07.897560+00:00,28.951645686873235
2025-08-15 03:59:11.176695+00:00,28.94649516316713
2025-08-15 03:59:11.734031+00:00,28.951645686873235
2025-08-15 03:59:12.007889+00:00,28.951645686873235
2025-08-15 03:59:12.444773+00:00,28.951645686873235
2025-08-15 03:59:12.948383+00:00,28.951645686873235
2025-08-15 03:59:15.157821+00:00,28.961946735158563
2025-08-15 03:59:15.407306+00:00,28.951645686873235
2025-08-15 03:59:19.103805+00:00,28.95679621087038
2025-08-15 03:59:19.437210+00:00,28.95679621087038
2025-08-15 03:59:19.713118+00:00,28.95679621087038
2025-08-15 03:59:20.024401+00:00,28.967097259737784
2025-08-15 03:59:20.198070+00:00,28.961946735158563
2025-08-15 03:59:20.573670+00:00,28.961946735158563
2025-08-15 03:59:24.316273+00:00,28.961946735158563
2025-08-15 03:59:25.172244+00:00,28.951645686873235
2025-08-15 03:59:25.938350+00:00,28.95679621087038
2025-08-15 03:59:26.163215+00:00,28.95679621087038
2025-08-15 03:59:26.565954+00:00,28.961946735158563
2025-08-15 03:59:27.549206+00:00,28.967097259737784
2025-08-15 03:59:28.200182+00:00,28.95679621087038
2025-08-15 03:59:28.468448+00:00,28.967097259737784
2025-08-15 03:59:28.728436+00:00,28.961946735158563
2025-08-15 03:59:29.013278+00:00,28.961946735158563
2025-08-15 03:59:29.797304+00:00,28.95679621087038
2025-08-15 03:59:31.994359+00:00,28.967097259737784
2025-08-15 03:59:34.558843+00:00,28.961946735158563
2025-08-15 03:59:35.531536+00:00,28.961946735158563
2025-08-15 03:59:36.048830+00:00,28.951645686873235
2025-08-15 03:59:37.552148+00:00,28.961946735158563
2025-08-15 03:59:39.215171+00:00,28.95679621087038
2025-08-15 03:59:40.214744+00:00,28.961946735158563
2025-08-15 03:59:40.910045+00:00,28.95679621087038
2025-08-15 03:59:42.164777+00:00,28.95679621087038
2025-08-15 03:59:42.438775+00:00,28.95679621087038
2025-08-15 03:59:42.682063+00:00,28.95679621087038
2025-08-15 03:59:43.014634+00:00,28.95679621087038
2025-08-15 03:59:43.719890+00:00,28.951645686873235
2025-08-15 03:59:45.197152+00:00,28.95679621087038
2025-08-15 03:59:45.573234+00:00,28.95679621087038
2025-08-15 03:59:49.403333+00:00,28.951645686873235
2025-08-15 03:59:50.245251+00:00,28.95679621087038
2025-08-15 03:59:50.680228+00:00,28.961946735158563
2025-08-15 03:59:53.026538+00:00,28.951645686873235
2025-08-15 03:59:53.495683+00:00,28.95679621087038
2025-08-15 03:59:55.651398+00:00,28.94649516316713
2025-08-15 03:59:56.199543+00:00,28.951645686873235
2025-08-15 03:59:57.614290+00:00,28.951645686873235
2025-08-15 03:59:57.829548+00:00,28.95679621087038
2025-08-15 03:59:58.526421+00:00,28.94649516316713
2025-08-15 03:59:59.260471+00:00,28.94649516316713
2025-08-15 03:59:59.763174+00:00,28.94134463975206
2025-08-15 04:00:01.707656+00:00,28.951645686873235
2025-08-15 04:00:02.048132+00:00,28.961946735158563
2025-08-15 04:00:05.607056+00:00,28.951645686873235
2025-08-15 04:00:11.355418+00:00,28.94649516316713
2025-08-15 04:00:14.123471+00:00,28.94649516316713
2025-08-15 04:00:18.131477+00:00,28.95679621087038
2025-08-15 04:00:19.502973+00:00,28.94649516316713
2025-08-15 04:00:22.033032+00:00,28.951645686873235
2025-08-15 04:00:22.740600+00:00,28.951645686873235
2025-08-15 04:00:24.600005+00:00,28.95679621087038
2025-08-15 04:00:28.409115+00:00,28.95679621087038
2025-08-15 04:00:31.615227+00:00,28.951645686873235
2025-08-15 04:00:32.801257+00:00,28.951645686873235
2025-08-15 04:00:36.499536+00:00,28.94134463975206
2025-08-15 04:00:39.109067+00:00,28.951645686873235
2025-08-15 04:00:39.992295+00:00,28.961946735158563
2025-08-15 04:00:40.768900+00:00,28.95679621087038
2025-08-15 04:00:41.260576+00:00,28.95679621087038
2025-08-15 04:00:41.664933+00:00,28.951645686873235
2025-08-15 04:00:43.694285+00:00,28.94649516316713
2025-08-15 04:00:45.874297+00:00,28.951645686873235
2025-08-15 04:00:46.518153+00:00,28.94649516316713
2025-08-15 04:00:47.063221+00:00,28.95679621087038
2025-08-15 04:00:47.880808+00:00,28.951645686873235
2025-08-15 04:00:48.251752+00:00,28.967097259737784
2025-08-15 04:00:48.626257+00:00,28.951645686873235
2025-08-15 04:00:51.975364+00:00,28.94649516316713
2025-08-15 04:00:52.421233+00:00,28.94134463975206
2025-08-15 04:00:54.255191+00:00,28.94649516316713
2025-08-15 04:00:55.545167+00:00,28.951645686873235
2025-08-15 04:00:56.279663+00:00,28.951645686873235
2025-08-15 04:00:57.288056+00:00,28.951645686873235
2025-08-15 04:00:57.682363+00:00,28.94649516316713
2025-08-15 04:00:58.042396+00:00,28.94134463975206
2025-08-15 04:01:01.199478+00:00,28.94649516316713
2025-08-15 04:01:04.946084+00:00,28.95679621087038
2025-08-15 04:01:06.970825+00:00,28.94134463975206
2025-08-15 04:01:08.514792+00:00,28.951645686873235
2025-08-15 04:01:10.993687+00:00,28.94649516316713
2025-08-15 04:01:12.905336+00:00,28.951645686873235
2025-08-15 04:01:13.288431+00:00,28.961946735158563
2025-08-15 04:01:14.480653+00:00,28.951645686873235
2025-08-15 04:01:14.857126+00:00,28.951645686873235
2025-08-15 04:01:15.896636+00:00,28.95679621087038
2025-08-15 04:01:19.033219+00:00,28.961946735158563
2025-08-15 04:01:19.954247+00:00,28.95679621087038
2025-08-15 04:01:20.763138+00:00,28.951645686873235
2025-08-15 04:01:21.703263+00:00,28.951645686873235
2025-08-15 04:01:23.020240+00:00,28.951645686873235
2025-08-15 04:01:24.290506+00:00,28.94649516316713
2025-08-15 04:01:24.626325+00:00,28.961946735158563
2025-08-15 04:01:24.860084+00:00,28.95679621087038
2025-08-15 04:01:25.552390+00:00,28.95679621087038
2025-08-15 04:01:25.819885+00:00,28.951645686873235
2025-08-15 04:01:26.639220+00:00,28.94649516316713
2025-08-15 04:01:26.864499+00:00,28.961946735158563
2025-08-15 04:01:27.199471+00:00,28.95679621087038
2025-08-15 04:01:27.615528+00:00,28.94649516316713
2025-08-15 04:01:28.462019+00:00,28.951645686873235
2025-08-15 04:01:29.588390+00:00,28.94134463975206
2025-08-15 04:01:31.171564+00:00,28.951645686873235
2025-08-15 04:01:34.250779+00:00,28.95679621087038
2025-08-15 04:01:35.288639+00:00,28.961946735158563
2025-08-15 04:01:35.597164+00:00,28.961946735158563
2025-08-15 04:01:36.338047+00:00,28.951645686873235
2025-08-15 04:01:36.593831+00:00,28.95679621087038
2025-08-15 04:01:37.452719+00:00,28.951645686873235
2025-08-15 04:01:38.640644+00:00,28.95679621087038
2025-08-15 04:01:38.899700+00:00,28.961946735158563
2025-08-15 04:01:39.595585+00:00,28.951645686873235
2025-08-15 04:01:39.970195+00:00,28.967097259737784
2025-08-15 04:01:41.148531+00:00,28.961946735158563
2025-08-15 04:01:42.604455+00:00,28.95679621087038
2025-08-15 04:01:43.995545+00:00,28.961946735158563
2025-08-15 04:01:46.085600+00:00,28.95679621087038
2025-08-15 04:01:47.119574+00:00,28.951645686873235
2025-08-15 04:01:48.478627+00:00,28.951645686873235
2025-08-15 04:01:49.112481+00:00,28.961946735158563
2025-08-15 04:01:50.445909+00:00,28.95679621087038
2025-08-15 04:01:52.662234+00:00,28.95679621087038
2025-08-15 04:01:53.929347+00:00,28.951645686873235
2025-08-15 04:01:55.052177+00:00,28.951645686873235
2025-08-15 04:01:55.963980+00:00,28.951645686873235
2025-08-15 04:01:56.523987+00:00,28.951645686873235
2025-08-15 04:01:57.342844+00:00,28.94649516316713
2025-08-15 04:01:57.887276+00:00,28.961946735158563
2025-08-15 04:01:58.965132+00:00,28.95679621087038
2025-08-15 04:01:59.199528+00:00,28.961946735158563
2025-08-15 04:01:59.427203+00:00,28.961946735158563
2025-08-15 04:02:03.352861+00:00,28.95679621087038
2025-08-15 04:02:04.745536+00:00,28.94649516316713
2025-08-15 04:02:05.595103+00:00,28.961946735158563
2025-08-15 04:02:14.182482+00:00,28.94649516316713
2025-08-15 04:02:16.711762+00:00,28.95679621087038
2025-08-15 04:02:17.908968+00:00,28.951645686873235
2025-08-15 04:02:18.447507+00:00,28.951645686873235
2025-08-15 04:02:18.926840+00:00,28.95679621087038
2025-08-15 04:02:19.376939+00:00,28.951645686873235
2025-08-15 04:02:21.658243+00:00,28.951645686873235
2025-08-15 04:02:22.461417+00:00,28.94134463975206
2025-08-15 04:02:22.761694+00:00,28.92074254900217
2025-08-15 04:02:23.229548+00:00,28.95679621087038
2025-08-15 04:02:23.595882+00:00,28.94649516316713
2025-08-15 04:02:24.656758+00:00,28.951645686873235
2025-08-15 04:02:25.053484+00:00,28.951645686873235
2025-08-15 04:02:26.444980+00:00,28.951645686873235
2025-08-15 04:02:27.015807+00:00,28.951645686873235
2025-08-15 04:02:27.424715+00:00,28.95679621087038
2025-08-15 04:02:27.591682+00:00,28.961946735158563
2025-08-15 04:02:27.975903+00:00,28.951645686873235
2025-08-15 04:02:28.342753+00:00,28.961946735158563
2025-08-15 04:02:28.602553+00:00,28.961946735158563
2025-08-15 04:02:28.934869+00:00,28.961946735158563
2025-08-15 04:02:30.447723+00:00,28.951645686873235
2025-08-15 04:02:30.799644+00:00,28.94134463975206
2025-08-15 04:02:31.136386+00:00,28.951645686873235
2025-08-15 04:02:31.468883+00:00,28.951645686873235
2025-08-15 04:02:31.827003+00:00,28.951645686873235
2025-08-15 04:02:32.203130+00:00,28.951645686873235
2025-08-15 04:02:34.493002+00:00,28.93104359379504
2025-08-15 04:02:34.810292+00:00,28.94134463975206
2025-08-15 04:02:35.844571+00:00,28.94649516316713
2025-08-15 04:02:38.034818+00:00,28.93619411662803
2025-08-15 04:02:38.695039+00:00,28.94649516316713
2025-08-15 04:02:42.379769+00:00,28.951645686873235
2025-08-15 04:02:42.712857+00:00,28.951645686873235
2025-08-15 04:02:43.536166+00:00,28.94649516316713
2025-08-15 04:02:45.712154+00:00,28.951645686873235
2025-08-15 04:02:47.750326+00:00,28.93619411662803
2025-08-15 04:02:48.671070+00:00,28.94649516316713
2025-08-15 04:02:49.260053+00:00,28.94134463975206
2025-08-15 04:02:49.607075+00:00,28.961946735158563
2025-08-15 04:02:49.731377+00:00,28.95679621087038
2025-08-15 04:02:50.266108+00:00,28.951645686873235
2025-08-15 04:02:51.201495+00:00,28.94649516316713
2025-08-15 04:02:52.465410+00:00,28.951645686873235
2025-08-15 04:02:54.437160+00:00,28.94134463975206
2025-08-15 04:02:54.712613+00:00,28.95679621087038
2025-08-15 04:02:55.117647+00:00,28.95679621087038
2025-08-15 04:02:55.499001+00:00,28.951645686873235
2025-08-15 04:02:55.694781+00:00,28.95679621087038
2025-08-15 04:02:56.801447+00:00,28.951645686873235
2025-08-15 04:02:57.545319+00:00,28.961946735158563
2025-08-15 04:02:59.160804+00:00,28.951645686873235
2025-08-15 04:02:59.969139+00:00,28.951645686873235
2025-08-15 04:03:03.452323+00:00,28.94649516316713
2025-08-15 04:03:05.572952+00:00,28.94649516316713
2025-08-15 04:03:09.243505+00:00,28.94134463975206
2025-08-15 04:03:10.840599+00:00,28.94649516316713
2025-08-15 04:03:11.678562+00:00,28.93619411662803
2025-08-15 04:03:12.205469+00:00,28.951645686873235
2025-08-15 04:03:14.206833+00:00,28.94649516316713
2025-08-15 04:03:18.369632+00:00,28.94134463975206
2025-08-15 04:03:19.460590+00:00,28.94649516316713
2025-08-15 04:03:19.913206+00:00,28.951645686873235
2025-08-15 04:03:20.433858+00:00,28.951645686873235
2025-08-15 04:03:21.207142+00:00,28.951645686873235
2025-08-15 04:03:22.035887+00:00,28.94649516316713
2025-08-15 04:03:23.999091+00:00,28.94134463975206
2025-08-15 04:03:24.316539+00:00,28.95679621087038
2025-08-15 04:03:25.594519+00:00,28.94649516316713
2025-08-15 04:03:28.204148+00:00,28.94134463975206
2025-08-15 04:03:29.957599+00:00,28.951645686873235
2025-08-15 04:03:30.242688+00:00,28.94134463975206
2025-08-15 04:03:31.510685+00:00,28.951645686873235
2025-08-15 04:03:31.976802+00:00,28.951645686873235
2025-08-15 04:03:32.622741+00:00,28.951645686873235
2025-08-15 04:03:34.341429+00:00,28.951645686873235
2025-08-15 04:03:34.885297+00:00,28.95679621087038
2025-08-15 04:03:35.868234+00:00,28.95679621087038
2025-08-15 04:03:36.118773+00:00,28.94649516316713
2025-08-15 04:03:36.530722+00:00,28.95679621087038
2025-08-15 04:03:37.893516+00:00,28.961946735158563
2025-08-15 04:03:39.357175+00:00,28.94649516316713
2025-08-15 04:03:39.739846+00:00,28.94649516316713
2025-08-15 04:03:39.983106+00:00,28.961946735158563
2025-08-15 04:03:40.256718+00:00,28.95679621087038
2025-08-15 04:03:40.844258+00:00,28.967097259737784
2025-08-15 04:03:41.939035+00:00,28.95679621087038
2025-08-15 04:03:42.389476+00:00,28.951645686873235
2025-08-15 04:03:42.831871+00:00,28.951645686873235
2025-08-15 04:03:43.106373+00:00,28.951645686873235
2025-08-15 04:03:43.358461+00:00,28.951645686873235
2025-08-15 04:03:44.287207+00:00,28.951645686873235
2025-08-15 04:03:50.273961+00:00,28.94649516316713
2025-08-15 04:03:51.956845+00:00,28.94134463975206
2025-08-15 04:03:52.608418+00:00,28.94134463975206
2025-08-15 04:03:53.391820+00:00,28.951645686873235
2025-08-15 04:03:55.132100+00:00,28.93619411662803
2025-08-15 04:03:57.035112+00:00,28.94134463975206
2025-08-15 04:03:57.534676+00:00,28.94649516316713
2025-08-15 04:03:59.485046+00:00,28.95679621087038
2025-08-15 04:04:02.710448+00:00,28.951645686873235
2025-08-15 04:04:03.162446+00:00,28.94134463975206
2025-08-15 04:04:03.499956+00:00,28.93619411662803
2025-08-15 04:04:07.492807+00:00,28.93619411662803
2025-08-15 04:04:10.890186+00:00,28.94649516316713
2025-08-15 04:04:12.141522+00:00,28.94649516316713
2025-08-15 04:04:12.826490+00:00,28.94134463975206
2025-08-15 04:04:13.244298+00:00,28.951645686873235
2025-08-15 04:04:13.663394+00:00,28.961946735158563
2025-08-15 04:04:17.291385+00:00,28.94134463975206
2025-08-15 04:04:17.787818+00:00,28.94134463975206
2025-08-15 04:04:18.325705+00:00,28.94134463975206
2025-08-15 04:04:21.959594+00:00,28.94649516316713
2025-08-15 04:04:24.341956+00:00,28.95679621087038
2025-08-15 04:04:26.132309+00:00,28.94649516316713
2025-08-15 04:04:27.468338+00:00,28.951645686873235
2025-08-15 04:04:27.709858+00:00,28.94649516316713
2025-08-15 04:04:28.036744+00:00,28.951645686873235
2025-08-15 04:04:28.235958+00:00,28.95679621087038
2025-08-15 04:04:28.521338+00:00,28.95679621087038
2025-08-15 04:04:30.437707+00:00,28.94134463975206
2025-08-15 04:04:33.058032+00:00,28.951645686873235
2025-08-15 04:04:35.466378+00:00,28.951645686873235
2025-08-15 04:04:36.408685+00:00,28.961946735158563
2025-08-15 04:04:37.853757+00:00,28.951645686873235
2025-08-15 04:04:39.258559+00:00,28.951645686873235
2025-08-15 04:04:40.661216+00:00,28.94134463975206
2025-08-15 04:04:40.863214+00:00,28.94134463975206
2025-08-15 04:04:42.266234+00:00,28.951645686873235
2025-08-15 04:04:43.518178+00:00,28.94134463975206
2025-08-15 04:04:44.699521+00:00,28.94649516316713
2025-08-15 04:04:46.351477+00:00,28.93619411662803
2025-08-15 04:04:48.225674+00:00,28.94649516316713
2025-08-15 04:04:49.167200+00:00,28.94649516316713
2025-08-15 04:04:49.901235+00:00,28.94649516316713
2025-08-15 04:04:50.302446+00:00,28.94649516316713
2025-08-15 04:04:51.200518+00:00,28.951645686873235
2025-08-15 04:04:51.511596+00:00,28.951645686873235
2025-08-15 04:04:51.866497+00:00,28.95679621087038
2025-08-15 04:04:52.157846+00:00,28.951645686873235
2025-08-15 04:04:52.626518+00:00,28.94649516316713
2025-08-15 04:04:53.245247+00:00,28.951645686873235
2025-08-15 04:04:54.466589+00:00,28.951645686873235
2025-08-15 04:04:55.233792+00:00,28.94649516316713
2025-08-15 04:04:55.958544+00:00,28.951645686873235
2025-08-15 04:04:57.331363+00:00,28.93619411662803
2025-08-15 04:04:58.118254+00:00,28.95679621087038
2025-08-15 04:04:59.954792+00:00,28.951645686873235
2025-08-15 04:05:00.748238+00:00,28.951645686873235
2025-08-15 04:05:03.206170+00:00,28.961946735158563
2025-08-15 04:05:05.988163+00:00,28.95679621087038
2025-08-15 04:05:07.708237+00:00,28.94649516316713
2025-08-15 04:05:09.014758+00:00,28.951645686873235
2025-08-15 04:05:15.182309+00:00,28.961946735158563
2025-08-15 04:05:18.445362+00:00,28.95679621087038
2025-08-15 04:05:19.315639+00:00,28.951645686873235
2025-08-15 04:05:24.083925+00:00,28.94649516316713
2025-08-15 04:05:27.618037+00:00,28.95679621087038
2025-08-15 04:05:28.700565+00:00,28.95679621087038
2025-08-15 04:05:30.547770+00:00,28.951645686873235
2025-08-15 04:05:31.258586+00:00,28.95679621087038
2025-08-15 04:05:38.006862+00:00,28.94134463975206
2025-08-15 04:05:40.697061+00:00,28.951645686873235
2025-08-15 04:05:42.907047+00:00,28.951645686873235
2025-08-15 04:05:44.199712+00:00,28.951645686873235
2025-08-15 04:05:44.486563+00:00,28.94649516316713
2025-08-15 04:05:44.793816+00:00,28.951645686873235
2025-08-15 04:05:46.356303+00:00,28.94649516316713
2025-08-15 04:05:50.225965+00:00,28.94649516316713
2025-08-15 04:05:50.565313+00:00,28.951645686873235
2025-08-15 04:05:50.927175+00:00,28.95679621087038
2025-08-15 04:05:51.571281+00:00,28.951645686873235
2025-08-15 04:05:54.054088+00:00,28.95679621087038
2025-08-15 04:05:54.546829+00:00,28.961946735158563
2025-08-15 04:05:55.265177+00:00,28.951645686873235
2025-08-15 04:05:55.640335+00:00,28.95679621087038
2025-08-15 04:05:56.123843+00:00,28.961946735158563
2025-08-15 04:05:57.128724+00:00,28.95679621087038
2025-08-15 04:05:57.772364+00:00,28.94649516316713
2025-08-15 04:05:59.241634+00:00,28.951645686873235
2025-08-15 04:05:59.948368+00:00,28.94134463975206
2025-08-15 04:06:03.027336+00:00,28.951645686873235
2025-08-15 04:06:05.006467+00:00,28.951645686873235
2025-08-15 04:06:05.733311+00:00,28.94649516316713
2025-08-15 04:06:10.272010+00:00,28.95679621087038
2025-08-15 04:06:12.006697+00:00,28.951645686873235
2025-08-15 04:06:13.755199+00:00,28.94649516316713
2025-08-15 04:06:15.117365+00:00,28.951645686873235
2025-08-15 04:06:15.771953+00:00,28.951645686873235
2025-08-15 04:06:17.179736+00:00,28.951645686873235
2025-08-15 04:06:18.390552+00:00,28.951645686873235
2025-08-15 04:06:18.812644+00:00,28.94649516316713
2025-08-15 04:06:19.085651+00:00,28.951645686873235
2025-08-15 04:06:19.385878+00:00,28.95679621087038
2025-08-15 04:06:24.218586+00:00,28.961946735158563
2025-08-15 04:06:26.257526+00:00,28.951645686873235
2025-08-15 04:06:28.721957+00:00,28.93619411662803
2025-08-15 04:06:29.392297+00:00,28.93619411662803
2025-08-15 04:06:29.707592+00:00,28.95679621087038
2025-08-15 04:06:30.288010+00:00,28.951645686873235
2025-08-15 04:06:30.613514+00:00,28.95679621087038
2025-08-15 04:06:30.939523+00:00,28.95679621087038
2025-08-15 04:06:31.288336+00:00,28.97739830976934
2025-08-15 04:06:31.787845+00:00,28.95679621087038
2025-08-15 04:06:32.321671+00:00,28.95679621087038
2025-08-15 04:06:33.142590+00:00,28.951645686873235
2025-08-15 04:06:33.626677+00:00,28.951645686873235
2025-08-15 04:06:34.145468+00:00,28.951645686873235
2025-08-15 04:06:34.427150+00:00,28.95679621087038
2025-08-15 04:06:34.628870+00:00,28.967097259737784
2025-08-15 04:06:34.853992+00:00,28.961946735158563
2025-08-15 04:06:36.299873+00:00,28.94134463975206
2025-08-15 04:06:37.528595+00:00,28.95679621087038
2025-08-15 04:06:40.746204+00:00,28.95679621087038
2025-08-15 04:06:41.321400+00:00,28.961946735158563
2025-08-15 04:06:42.005037+00:00,28.951645686873235
2025-08-15 04:06:45.831179+00:00,28.951645686873235
2025-08-15 04:06:48.482478+00:00,28.951645686873235
2025-08-15 04:06:48.848230+00:00,28.951645686873235
2025-08-15 04:06:50.614031+00:00,28.951645686873235
2025-08-15 04:06:52.201897+00:00,28.951645686873235
2025-08-15 04:06:53.132525+00:00,28.951645686873235
2025-08-15 04:06:55.618147+00:00,28.961946735158563
2025-08-15 04:06:55.752466+00:00,28.951645686873235
2025-08-15 04:06:56.020720+00:00,28.951645686873235
2025-08-15 04:06:58.922828+00:00,28.951645686873235
2025-08-15 04:07:00.979373+00:00,28.94649516316713
2025-08-15 04:07:04.229995+00:00,28.94649516316713
2025-08-15 04:07:04.780363+00:00,28.94134463975206
2025-08-15 04:07:05.121566+00:00,28.951645686873235
2025-08-15 04:07:05.829378+00:00,28.94134463975206
2025-08-15 04:07:06.469551+00:00,28.94649516316713
2025-08-15 04:07:07.006947+00:00,28.951645686873235
2025-08-15 04:07:07.354047+00:00,28.951645686873235
2025-08-15 04:07:08.067688+00:00,28.961946735158563
2025-08-15 04:07:08.485530+00:00,28.961946735158563
2025-08-15 04:07:08.796769+00:00,28.94134463975206
2025-08-15 04:07:09.088586+00:00,28.951645686873235
2025-08-15 04:07:09.630679+00:00,28.951645686873235
2025-08-15 04:07:12.527543+00:00,28.951645686873235
2025-08-15 04:07:13.604853+00:00,28.94649516316713
2025-08-15 04:07:13.931584+00:00,28.94649516316713
2025-08-15 04:07:14.137390+00:00,28.951645686873235
2025-08-15 04:07:14.388981+00:00,28.95679621087038
2025-08-15 04:07:16.976432+00:00,28.951645686873235
2025-08-15 04:07:17.696317+00:00,28.951645686873235
2025-08-15 04:07:19.679415+00:00,28.93619411662803
2025-08-15 04:07:20.598667+00:00,28.93619411662803
2025-08-15 04:07:20.939968+00:00,28.951645686873235
2025-08-15 04:07:22.135282+00:00,28.94134463975206
2025-08-15 04:07:22.354882+00:00,28.94649516316713
2025-08-15 04:07:24.694473+00:00,28.94649516316713
2025-08-15 04:07:28.572433+00:00,28.95679621087038
2025-08-15 04:07:28.899240+00:00,28.94649516316713
2025-08-15 04:07:29.926216+00:00,28.951645686873235
2025-08-15 04:07:30.928972+00:00,28.94134463975206
2025-08-15 04:07:34.505680+00:00,28.93619411662803
2025-08-15 04:07:34.697057+00:00,28.94134463975206
2025-08-15 04:07:34.871127+00:00,28.94649516316713
2025-08-15 04:07:36.342415+00:00,28.94134463975206
2025-08-15 04:07:37.204804+00:00,28.93619411662803
2025-08-15 04:07:37.513570+00:00,28.94134463975206
2025-08-15 04:07:37.788724+00:00,28.951645686873235
2025-08-15 04:07:38.013113+00:00,28.94649516316713
2025-08-15 04:07:38.322963+00:00,28.951645686873235
2025-08-15 04:07:38.564045+00:00,28.95679621087038
2025-08-15 04:07:38.816798+00:00,28.951645686873235
2025-08-15 04:07:39.024029+00:00,28.94134463975206
2025-08-15 04:07:39.222175+00:00,28.94134463975206
2025-08-15 04:07:39.451712+00:00,28.94649516316713
2025-08-15 04:07:39.671325+00:00,28.94649516316713
2025-08-15 04:07:39.904750+00:00,28.951645686873235
2025-08-15 04:07:40.112751+00:00,28.951645686873235
2025-08-15 04:07:43.111660+00:00,28.951645686873235
2025-08-15 04:07:43.839120+00:00,28.94134463975206
2025-08-15 04:07:44.088935+00:00,28.93619411662803
2025-08-15 04:07:45.133291+00:00,28.93619411662803
2025-08-15 04:07:46.244010+00:00,28.94134463975206
2025-08-15 04:07:48.221391+00:00,28.93619411662803
2025-08-15 04:07:49.403278+00:00,28.94134463975206
2025-08-15 04:07:49.669896+00:00,28.93104359379504
2025-08-15 04:07:49.938391+00:00,28.951645686873235
2025-08-15 04:07:50.239106+00:00,28.94134463975206
2025-08-15 04:07:50.545019+00:00,28.94134463975206
2025-08-15 04:07:50.740444+00:00,28.951645686873235
2025-08-15 04:07:51.011999+00:00,28.951645686873235
2025-08-15 04:07:51.174181+00:00,28.925893071253086
2025-08-15 04:07:51.467061+00:00,28.94649516316713
2025-08-15 04:07:53.627636+00:00,28.94649516316713
2025-08-15 04:07:54.442583+00:00,28.94649516316713
2025-08-15 04:07:55.352365+00:00,28.951645686873235
2025-08-15 04:07:56.212864+00:00,28.95679621087038
2025-08-15 04:07:56.448069+00:00,28.94134463975206
2025-08-15 04:07:57.226032+00:00,28.94134463975206
2025-08-15 04:07:58.846552+00:00,28.94134463975206
2025-08-15 04:07:59.389228+00:00,28.94134463975206
2025-08-15 04:08:00.192557+00:00,28.93619411662803
2025-08-15 04:08:01.271480+00:00,28.94134463975206
2025-08-15 04:08:01.761963+00:00,28.94134463975206
2025-08-15 04:08:02.260692+00:00,28.94649516316713
2025-08-15 04:08:06.703173+00:00,28.94649516316713
2025-08-15 04:08:08.544784+00:00,28.94649516316713
2025-08-15 04:08:08.986105+00:00,28.94134463975206
2025-08-15 04:08:09.432750+00:00,28.951645686873235
2025-08-15 04:08:09.870809+00:00,28.94134463975206
2025-08-15 04:08:10.286276+00:00,28.951645686873235
2025-08-15 04:08:10.785066+00:00,28.94134463975206
2025-08-15 04:08:11.278538+00:00,28.94649516316713
2025-08-15 04:08:11.787954+00:00,28.94649516316713
2025-08-15 04:08:12.089396+00:00,28.94649516316713
2025-08-15 04:08:12.364002+00:00,28.94134463975206
2025-08-15 04:08:12.639721+00:00,28.93104359379504
2025-08-15 04:08:12.857166+00:00,28.951645686873235
2025-08-15 04:08:13.141488+00:00,28.94134463975206
2025-08-15 04:08:13.493289+00:00,28.94649516316713
2025-08-15 04:08:13.761217+00:00,28.94649516316713
2025-08-15 04:08:13.993423+00:00,28.94134463975206
2025-08-15 04:08:16.578259+00:00,28.94134463975206
2025-08-15 04:08:17.820590+00:00,28.94134463975206
2025-08-15 04:08:18.168964+00:00,28.94649516316713
2025-08-15 04:08:18.940227+00:00,28.94134463975206
2025-08-15 04:08:20.810813+00:00,28.93104359379504
2025-08-15 04:08:24.514009+00:00,28.94134463975206
2025-08-15 04:08:24.836655+00:00,28.93104359379504
2025-08-15 04:08:25.827712+00:00,28.93619411662803
2025-08-15 04:08:27.164790+00:00,28.93619411662803
2025-08-15 04:08:29.863129+00:00,28.93104359379504
2025-08-15 04:08:30.444260+00:00,28.93619411662803
2025-08-15 04:08:31.920312+00:00,28.93104359379504
2025-08-15 04:08:32.756975+00:00,28.951645686873235
2025-08-15 04:08:34.336167+00:00,28.93619411662803
2025-08-15 04:08:37.418238+00:00,28.94649516316713
2025-08-15 04:08:38.403708+00:00,28.94134463975206
2025-08-15 04:08:39.406956+00:00,28.93619411662803
2025-08-15 04:08:41.267961+00:00,28.93619411662803
2025-08-15 04:08:41.737048+00:00,28.93104359379504
2025-08-15 04:08:43.977390+00:00,28.94134463975206
2025-08-15 04:08:44.528123+00:00,28.93619411662803
2025-08-15 04:08:44.703705+00:00,28.94134463975206
2025-08-15 04:08:47.803589+00:00,28.94134463975206
2025-08-15 04:08:48.161704+00:00,28.93104359379504
2025-08-15 04:08:48.362339+00:00,28.93619411662803
2025-08-15 04:08:51.605279+00:00,28.93104359379504
2025-08-15 04:08:51.793676+00:00,28.93104359379504
2025-08-15 04:08:52.042062+00:00,28.94134463975206
2025-08-15 04:08:52.210494+00:00,28.93104359379504
2025-08-15 04:08:52.818083+00:00,28.93619411662803
2025-08-15 04:08:53.978466+00:00,28.93619411662803
2025-08-15 04:08:54.420820+00:00,28.93619411662803
2025-08-15 04:08:54.731158+00:00,28.93619411662803
2025-08-15 04:08:57.136816+00:00,28.94134463975206
2025-08-15 04:09:01.006044+00:00,28.94134463975206
2025-08-15 04:09:01.585625+00:00,28.93104359379504
2025-08-15 04:09:02.285577+00:00,28.93104359379504
2025-08-15 04:09:03.078259+00:00,28.93619411662803
2025-08-15 04:09:03.420164+00:00,28.93619411662803
2025-08-15 04:09:04.727072+00:00,28.93104359379504
2025-08-15 04:09:05.077114+00:00,28.925893071253086
2025-08-15 04:09:05.701101+00:00,28.93104359379504
2025-08-15 04:09:06.140765+00:00,28.925893071253086
2025-08-15 04:09:08.519295+00:00,28.93104359379504
2025-08-15 04:09:08.868073+00:00,28.93619411662803
2025-08-15 04:09:09.284249+00:00,28.93104359379504
2025-08-15 04:09:13.212758+00:00,28.93104359379504
2025-08-15 04:09:13.501819+00:00,28.93104359379504
2025-08-15 04:09:17.517921+00:00,28.94134463975206
2025-08-15 04:09:20.294824+00:00,28.93104359379504
2025-08-15 04:09:23.378582+00:00,28.925893071253086
2025-08-15 04:09:23.544303+00:00,28.93104359379504
2025-08-15 04:09:25.835988+00:00,28.93104359379504
2025-08-15 04:09:26.436015+00:00,28.94649516316713
2025-08-15 04:09:33.207011+00:00,28.93104359379504
2025-08-15 04:09:33.902531+00:00,28.93104359379504
2025-08-15 04:09:35.253944+00:00,28.93619411662803
2025-08-15 04:09:35.701700+00:00,28.93104359379504
2025-08-15 04:09:36.852686+00:00,28.93104359379504
2025-08-15 04:09:39.899416+00:00,28.92074254900217
2025-08-15 04:09:40.259565+00:00,28.93619411662803
2025-08-15 04:09:40.500550+00:00,28.93619411662803
2025-08-15 04:09:40.951225+00:00,28.94134463975206
2025-08-15 04:09:42.121427+00:00,28.94134463975206
2025-08-15 04:09:44.719409+00:00,28.93104359379504
2025-08-15 04:09:44.937338+00:00,28.925893071253086
2025-08-15 04:09:45.242838+00:00,28.95679621087038
2025-08-15 04:09:48.317688+00:00,28.93619411662803
2025-08-15 04:09:48.706466+00:00,28.93104359379504
2025-08-15 04:09:49.064647+00:00,28.94134463975206
2025-08-15 04:09:49.618954+00:00,28.93619411662803
2025-08-15 04:09:50.135383+00:00,28.925893071253086
2025-08-15 04:09:51.086729+00:00,28.93104359379504
2025-08-15 04:09:52.839756+00:00,28.93104359379504
2025-08-15 04:09:53.468719+00:00,28.93104359379504
2025-08-15 04:09:54.277469+00:00,28.93619411662803
2025-08-15 04:09:55.239673+00:00,28.93619411662803
2025-08-15 04:09:56.393616+00:00,28.925893071253086
2025-08-15 04:09:58.318690+00:00,28.93104359379504
2025-08-15 04:10:04.208880+00:00,28.93619411662803
2025-08-15 04:10:06.883136+00:00,28.925893071253086
2025-08-15 04:10:07.607689+00:00,28.93104359379504
2025-08-15 04:10:08.715117+00:00,28.925893071253086
2025-08-15 04:10:09.383094+00:00,28.93104359379504
2025-08-15 04:10:16.183475+00:00,28.93104359379504
2025-08-15 04:10:17.100070+00:00,28.93619411662803
2025-08-15 04:10:17.826936+00:00,28.93104359379504
2025-08-15 04:10:26.940984+00:00,28.925893071253086
2025-08-15 04:10:27.316499+00:00,28.92074254900217
2025-08-15 04:10:27.776594+00:00,28.92074254900217
2025-08-15 04:10:28.133937+00:00,28.89498994211317
2025-08-15 04:10:28.494725+00:00,28.925893071253086
2025-08-15 04:10:29.007121+00:00,28.92074254900217
2025-08-15 04:10:29.717746+00:00,28.93104359379504
2025-08-15 04:10:30.375909+00:00,28.925893071253086
2025-08-15 04:10:30.831709+00:00,28.93104359379504
2025-08-15 04:10:31.722510+00:00,28.925893071253086
2025-08-15 04:10:36.898260+00:00,28.915592027042294
2025-08-15 04:10:40.874164+00:00,28.92074254900217
2025-08-15 04:10:42.401264+00:00,28.93104359379504
2025-08-15 04:10:42.949724+00:00,28.925893071253086
2025-08-15 04:10:43.684587+00:00,28.93104359379504
2025-08-15 04:10:44.824257+00:00,28.925893071253086
2025-08-15 04:10:47.793359+00:00,28.93104359379504
2025-08-15 04:10:49.383252+00:00,28.925893071253086
2025-08-15 04:10:52.281127+00:00,28.92074254900217
2025-08-15 04:10:53.932328+00:00,28.925893071253086
2025-08-15 04:10:54.412687+00:00,28.925893071253086
2025-08-15 04:10:58.202305+00:00,28.93104359379504
2025-08-15 04:10:58.733908+00:00,28.925893071253086
2025-08-15 04:10:59.325909+00:00,28.92074254900217
2025-08-15 04:11:00.631088+00:00,28.92074254900217
2025-08-15 04:11:03.594748+00:00,28.925893071253086
2025-08-15 04:11:05.123420+00:00,28.915592027042294
2025-08-15 04:11:05.708431+00:00,28.92074254900217
2025-08-15 04:11:08.029504+00:00,28.915592027042294
2025-08-15 04:11:08.990828+00:00,28.915592027042294
2025-08-15 04:11:09.924865+00:00,28.92074254900217
2025-08-15 04:11:14.740940+00:00,28.905290983995656
2025-08-15 04:11:15.794268+00:00,28.905290983995656
2025-08-15 04:11:17.123180+00:00,28.905290983995656
2025-08-15 04:11:17.499155+00:00,28.910441505373456
2025-08-15 04:11:17.880673+00:00,28.910441505373456
2025-08-15 04:11:18.248279+00:00,28.910441505373456
2025-08-15 04:11:20.108848+00:00,28.92074254900217
2025-08-15 04:11:22.400446+00:00,28.915592027042294
2025-08-15 04:11:23.500308+00:00,28.910441505373456
2025-08-15 04:11:24.225590+00:00,28.915592027042294
2025-08-15 04:11:24.850255+00:00,28.905290983995656
2025-08-15 04:11:25.631529+00:00,28.92074254900217
2025-08-15 04:11:28.791831+00:00,28.915592027042294
2025-08-15 04:11:30.303492+00:00,28.910441505373456
2025-08-15 04:11:30.996119+00:00,28.92074254900217
2025-08-15 04:11:33.980069+00:00,28.915592027042294
2025-08-15 04:11:38.953104+00:00,28.915592027042294
2025-08-15 04:11:40.399752+00:00,28.910441505373456
2025-08-15 04:11:43.197340+00:00,28.900140462908894
2025-08-15 04:11:44.418062+00:00,28.905290983995656
2025-08-15 04:11:44.694478+00:00,28.905290983995656
2025-08-15 04:11:45.162844+00:00,28.900140462908894
2025-08-15 04:11:51.300583+00:00,28.905290983995656
2025-08-15 04:11:52.201674+00:00,28.900140462908894
2025-08-15 04:11:53.198088+00:00,28.910441505373456
2025-08-15 04:11:53.955559+00:00,28.910441505373456
2025-08-15 04:11:54.842402+00:00,28.915592027042294
2025-08-15 04:11:57.181305+00:00,28.905290983995656
2025-08-15 04:11:58.102329+00:00,28.905290983995656
2025-08-15 04:11:58.955526+00:00,28.915592027042294
2025-08-15 04:11:59.657675+00:00,28.910441505373456
2025-08-15 04:12:00.423827+00:00,28.915592027042294
2025-08-15 04:12:03.164781+00:00,28.910441505373456
2025-08-15 04:12:03.506572+00:00,28.92074254900217
2025-08-15 04:12:03.882534+00:00,28.915592027042294
2025-08-15 04:12:04.308176+00:00,28.915592027042294
2025-08-15 04:12:11.413079+00:00,28.905290983995656
2025-08-15 04:12:11.960919+00:00,28.910441505373456
2025-08-15 04:12:12.654180+00:00,28.905290983995656
2025-08-15 04:12:13.206261+00:00,28.900140462908894
2025-08-15 04:12:13.588436+00:00,28.915592027042294
2025-08-15 04:12:14.081997+00:00,28.915592027042294
2025-08-15 04:12:14.458381+00:00,28.910441505373456
2025-08-15 04:12:14.750098+00:00,28.915592027042294
2025-08-15 04:12:15.196384+00:00,28.910441505373456
2025-08-15 04:12:15.538801+00:00,28.910441505373456
2025-08-15 04:12:17.054952+00:00,28.92074254900217
2025-08-15 04:12:20.823943+00:00,28.900140462908894
2025-08-15 04:12:21.768533+00:00,28.910441505373456
2025-08-15 04:12:22.008726+00:00,28.92074254900217
2025-08-15 04:12:22.490896+00:00,28.92074254900217
2025-08-15 04:12:22.713025+00:00,28.915592027042294
2025-08-15 04:12:22.990292+00:00,28.92074254900217
2025-08-15 04:12:23.222726+00:00,28.925893071253086
2025-08-15 04:12:23.507103+00:00,28.92074254900217
2025-08-15 04:12:26.330086+00:00,28.910441505373456
2025-08-15 04:12:27.208255+00:00,28.915592027042294
2025-08-15 04:12:28.631990+00:00,28.915592027042294
2025-08-15 04:12:28.886222+00:00,28.92074254900217
2025-08-15 04:12:29.961392+00:00,28.915592027042294
2025-08-15 04:12:32.276638+00:00,28.915592027042294
2025-08-15 04:12:35.620124+00:00,28.910441505373456
2025-08-15 04:12:36.868852+00:00,28.900140462908894
2025-08-15 04:12:41.742100+00:00,28.915592027042294
2025-08-15 04:12:42.466949+00:00,28.905290983995656
2025-08-15 04:12:44.678948+00:00,28.900140462908894
2025-08-15 04:12:49.324859+00:00,28.89498994211317
2025-08-15 04:12:49.702039+00:00,28.910441505373456
2025-08-15 04:12:50.391550+00:00,28.905290983995656
2025-08-15 04:12:52.315321+00:00,28.915592027042294
2025-08-15 04:12:52.631780+00:00,28.910441505373456
2025-08-15 04:12:52.849499+00:00,28.910441505373456
2025-08-15 04:12:54.439053+00:00,28.900140462908894
2025-08-15 04:12:57.241507+00:00,28.905290983995656
2025-08-15 04:12:57.747104+00:00,28.905290983995656
2025-08-15 04:12:58.022260+00:00,28.910441505373456
2025-08-15 04:13:01.673751+00:00,28.915592027042294
2025-08-15 04:13:03.284099+00:00,28.910441505373456
2025-08-15 04:13:04.788943+00:00,28.910441505373456
2025-08-15 04:13:05.524682+00:00,28.905290983995656
2025-08-15 04:13:07.603651+00:00,28.910441505373456
2025-08-15 04:13:13.041195+00:00,28.900140462908894
2025-08-15 04:13:13.577548+00:00,28.910441505373456
2025-08-15 04:13:13.990491+00:00,28.905290983995656
2025-08-15 04:13:14.229206+00:00,28.900140462908894
2025-08-15 04:13:15.587152+00:00,28.905290983995656
2025-08-15 04:13:16.233400+00:00,28.910441505373456
2025-08-15 04:13:18.288050+00:00,28.910441505373456
2025-08-15 04:13:20.888058+00:00,28.905290983995656
2025-08-15 04:13:23.315866+00:00,28.910441505373456
2025-08-15 04:13:25.114757+00:00,28.905290983995656
2025-08-15 04:13:26.614521+00:00,28.910441505373456
2025-08-15 04:13:29.815062+00:00,28.910441505373456
2025-08-15 04:13:32.041250+00:00,28.910441505373456
2025-08-15 04:13:32.483039+00:00,28.905290983995656
2025-08-15 04:13:32.843466+00:00,28.92074254900217
2025-08-15 04:13:33.176011+00:00,28.92074254900217
2025-08-15 04:13:33.637385+00:00,28.910441505373456
2025-08-15 04:13:35.396941+00:00,28.915592027042294
2025-08-15 04:13:36.259029+00:00,28.905290983995656
2025-08-15 04:13:37.290045+00:00,28.910441505373456
2025-08-15 04:13:37.954168+00:00,28.889839421608485
2025-08-15 04:13:38.919364+00:00,28.915592027042294
2025-08-15 04:13:39.330578+00:00,28.915592027042294
2025-08-15 04:13:42.229557+00:00,28.905290983995656
2025-08-15 04:13:44.751639+00:00,28.915592027042294
2025-08-15 04:13:46.435248+00:00,28.910441505373456
2025-08-15 04:13:48.342263+00:00,28.910441505373456
2025-08-15 04:13:50.507158+00:00,28.910441505373456
2025-08-15 04:13:51.551287+00:00,28.915592027042294
2025-08-15 04:13:51.897771+00:00,28.915592027042294
2025-08-15 04:13:52.481463+00:00,28.910441505373456
2025-08-15 04:13:52.715495+00:00,28.910441505373456
2025-08-15 04:13:53.682412+00:00,28.915592027042294
2025-08-15 04:13:57.163306+00:00,28.915592027042294
2025-08-15 04:13:58.752287+00:00,28.925893071253086
2025-08-15 04:13:59.056499+00:00,28.910441505373456
2025-08-15 04:13:59.287899+00:00,28.925893071253086
2025-08-15 04:14:00.609473+00:00,28.900140462908894
2025-08-15 04:14:01.528085+00:00,28.910441505373456
2025-08-15 04:14:02.199976+00:00,28.915592027042294
2025-08-15 04:14:03.630487+00:00,28.905290983995656
2025-08-15 04:14:05.441719+00:00,28.910441505373456
2025-08-15 04:14:06.974293+00:00,28.910441505373456
2025-08-15 04:14:07.976998+00:00,28.915592027042294
2025-08-15 04:14:08.643659+00:00,28.915592027042294
2025-08-15 04:14:10.296978+00:00,28.910441505373456
2025-08-15 04:14:12.129133+00:00,28.910441505373456
2025-08-15 04:14:12.672145+00:00,28.910441505373456
2025-08-15 04:14:12.907592+00:00,28.915592027042294
2025-08-15 04:14:13.097523+00:00,28.915592027042294
2025-08-15 04:14:13.372495+00:00,28.915592027042294
2025-08-15 04:14:13.623260+00:00,28.910441505373456
2025-08-15 04:14:13.898802+00:00,28.915592027042294
2025-08-15 04:14:17.281821+00:00,28.910441505373456
2025-08-15 04:14:20.496004+00:00,28.910441505373456
2025-08-15 04:14:22.276976+00:00,28.910441505373456
2025-08-15 04:14:22.603336+00:00,28.92074254900217
2025-08-15 04:14:23.560907+00:00,28.92074254900217
2025-08-15 04:14:27.466372+00:00,28.910441505373456
2025-08-15 04:14:28.426981+00:00,28.915592027042294
2025-08-15 04:14:32.886768+00:00,28.92074254900217
2025-08-15 04:14:33.550286+00:00,28.92074254900217
2025-08-15 04:14:35.194533+00:00,28.915592027042294
2025-08-15 04:14:36.005666+00:00,28.925893071253086
2025-08-15 04:14:37.605125+00:00,28.915592027042294
2025-08-15 04:14:38.108993+00:00,28.93104359379504
2025-08-15 04:14:45.148569+00:00,28.915592027042294
2025-08-15 04:14:45.600943+00:00,28.925893071253086
2025-08-15 04:14:45.929818+00:00,28.92074254900217
2025-08-15 04:14:46.369405+00:00,28.92074254900217
2025-08-15 04:14:46.699083+00:00,28.92074254900217
2025-08-15 04:14:47.076549+00:00,28.92074254900217
2025-08-15 04:14:48.776359+00:00,28.925893071253086
2025-08-15 04:14:51.056398+00:00,28.915592027042294
2025-08-15 04:14:51.934342+00:00,28.92074254900217
2025-08-15 04:14:53.103684+00:00,28.925893071253086
2025-08-15 04:14:53.553609+00:00,28.92074254900217
2025-08-15 04:14:53.873891+00:00,28.92074254900217
2025-08-15 04:14:54.741129+00:00,28.93104359379504
2025-08-15 04:14:58.168077+00:00,28.92074254900217
2025-08-15 04:14:58.425640+00:00,28.925893071253086
2025-08-15 04:14:58.678321+00:00,28.92074254900217
2025-08-15 04:14:58.859924+00:00,28.92074254900217
2025-08-15 04:14:59.096583+00:00,28.925893071253086
2025-08-15 04:15:02.449878+00:00,28.925893071253086
2025-08-15 04:15:06.674573+00:00,28.92074254900217
2025-08-15 04:15:09.096067+00:00,28.92074254900217
2025-08-15 04:15:09.544183+00:00,28.925893071253086
2025-08-15 04:15:10.279648+00:00,28.92074254900217
2025-08-15 04:15:10.806511+00:00,28.92074254900217
2025-08-15 04:15:11.141719+00:00,28.93104359379504
2025-08-15 04:15:12.394143+00:00,28.925893071253086
2025-08-15 04:15:12.976807+00:00,28.925893071253086
2025-08-15 04:15:14.265513+00:00,28.910441505373456
2025-08-15 04:15:14.950350+00:00,28.915592027042294
2025-08-15 04:15:20.128584+00:00,28.925893071253086
2025-08-15 04:15:21.666775+00:00,28.915592027042294
2025-08-15 04:15:27.984212+00:00,28.92074254900217
2025-08-15 04:15:35.762431+00:00,28.925893071253086
2025-08-15 04:15:36.150049+00:00,28.92074254900217
2025-08-15 04:15:38.989924+00:00,28.92074254900217
2025-08-15 04:15:40.603431+00:00,28.92074254900217
2025-08-15 04:15:41.442254+00:00,28.910441505373456
2025-08-15 04:15:42.425313+00:00,28.92074254900217
2025-08-15 04:15:42.868062+00:00,28.92074254900217
2025-08-15 04:15:43.283705+00:00,28.93104359379504
2025-08-15 04:15:43.664126+00:00,28.92074254900217
2025-08-15 04:15:49.576596+00:00,28.93619411662803
2025-08-15 04:15:50.016826+00:00,28.925893071253086
2025-08-15 04:15:50.445167+00:00,28.93104359379504
2025-08-15 04:15:52.443765+00:00,28.92074254900217
2025-08-15 04:15:52.717123+00:00,28.93619411662803
2025-08-15 04:15:53.045484+00:00,28.93104359379504
2025-08-15 04:15:54.147629+00:00,28.92074254900217
2025-08-15 04:15:54.565245+00:00,28.92074254900217
2025-08-15 04:15:55.101234+00:00,28.925893071253086
2025-08-15 04:15:55.635689+00:00,28.92074254900217
2025-08-15 04:15:58.199956+00:00,28.92074254900217
2025-08-15 04:15:59.779629+00:00,28.92074254900217
2025-08-15 04:16:00.606646+00:00,28.93104359379504
2025-08-15 04:16:01.048738+00:00,28.925893071253086
2025-08-15 04:16:01.467565+00:00,28.925893071253086
2025-08-15 04:16:01.828178+00:00,28.925893071253086
2025-08-15 04:16:04.523233+00:00,28.92074254900217
2025-08-15 04:16:07.540111+00:00,28.92074254900217
2025-08-15 04:16:11.248248+00:00,28.93104359379504
2025-08-15 04:16:13.302713+00:00,28.925893071253086
2025-08-15 04:16:19.445378+00:00,28.925893071253086
2025-08-15 04:16:20.112423+00:00,28.910441505373456
2025-08-15 04:16:22.536480+00:00,28.92074254900217
2025-08-15 04:16:23.487684+00:00,28.93619411662803
2025-08-15 04:16:25.042569+00:00,28.92074254900217
2025-08-15 04:16:26.534765+00:00,28.93104359379504
2025-08-15 04:16:27.489639+00:00,28.93104359379504
2025-08-15 04:16:29.243850+00:00,28.925893071253086
2025-08-15 04:16:30.121662+00:00,28.92074254900217
2025-08-15 04:16:31.054831+00:00,28.925893071253086
2025-08-15 04:16:32.023528+00:00,28.925893071253086
2025-08-15 04:16:32.852327+00:00,28.93104359379504
2025-08-15 04:16:34.794387+00:00,28.93619411662803
2025-08-15 04:16:37.156545+00:00,28.925893071253086
2025-08-15 04:16:39.694489+00:00,28.92074254900217
2025-08-15 04:16:40.512488+00:00,28.925893071253086
2025-08-15 04:16:42.552773+00:00,28.93104359379504
2025-08-15 04:16:42.801522+00:00,28.93104359379504
2025-08-15 04:16:44.175317+00:00,28.92074254900217
2025-08-15 04:16:53.403195+00:00,28.93104359379504
2025-08-15 04:16:53.893523+00:00,28.92074254900217
2025-08-15 04:16:54.571540+00:00,28.915592027042294
2025-08-15 04:16:55.307323+00:00,28.925893071253086
2025-08-15 04:16:56.477922+00:00,28.92074254900217
2025-08-15 04:16:57.596747+00:00,28.93619411662803
2025-08-15 04:16:58.002508+00:00,28.93104359379504
2025-08-15 04:16:59.702701+00:00,28.925893071253086
2025-08-15 04:17:00.420386+00:00,28.925893071253086
2025-08-15 04:17:01.963370+00:00,28.92074254900217
2025-08-15 04:17:03.456881+00:00,28.93619411662803
2025-08-15 04:17:06.928514+00:00,28.925893071253086
2025-08-15 04:17:08.030977+00:00,28.93104359379504
2025-08-15 04:17:08.384362+00:00,28.92074254900217
2025-08-15 04:17:09.104585+00:00,28.92074254900217
2025-08-15 04:17:10.031408+00:00,28.92074254900217
2025-08-15 04:17:11.353080+00:00,28.93104359379504
2025-08-15 04:17:14.569955+00:00,28.93104359379504
2025-08-15 04:17:15.901537+00:00,28.93619411662803
2025-08-15 04:17:16.367101+00:00,28.925893071253086
2025-08-15 04:17:17.332769+00:00,28.93104359379504
2025-08-15 04:17:22.234334+00:00,28.93619411662803
2025-08-15 04:17:22.583573+00:00,28.92074254900217
2025-08-15 04:17:22.817540+00:00,28.925893071253086
2025-08-15 04:17:23.302181+00:00,28.925893071253086
2025-08-15 04:17:25.576382+00:00,28.92074254900217
2025-08-15 04:17:26.266285+00:00,28.925893071253086
2025-08-15 04:17:28.245116+00:00,28.92074254900217
2025-08-15 04:17:30.365656+00:00,28.92074254900217
2025-08-15 04:17:32.749924+00:00,28.93104359379504
2025-08-15 04:17:33.411462+00:00,28.925893071253086
2025-08-15 04:17:33.968567+00:00,28.93104359379504
2025-08-15 04:17:35.663597+00:00,28.915592027042294
2025-08-15 04:17:35.914221+00:00,28.925893071253086
2025-08-15 04:17:36.223830+00:00,28.93104359379504
2025-08-15 04:17:37.709457+00:00,28.925893071253086
2025-08-15 04:17:40.108519+00:00,28.925893071253086
2025-08-15 04:17:41.687599+00:00,28.92074254900217
2025-08-15 04:17:43.082510+00:00,28.93104359379504
2025-08-15 04:17:45.794534+00:00,28.92074254900217
2025-08-15 04:17:53.630339+00:00,28.925893071253086
2025-08-15 04:17:53.950711+00:00,28.925893071253086
2025-08-15 04:17:54.238816+00:00,28.94134463975206
2025-08-15 04:17:55.301023+00:00,28.93104359379504
2025-08-15 04:17:56.770391+00:00,28.92074254900217
2025-08-15 04:17:57.956562+00:00,28.92074254900217
2025-08-15 04:17:58.401230+00:00,28.92074254900217
2025-08-15 04:18:00.723215+00:00,28.93104359379504
2025-08-15 04:18:01.571450+00:00,28.92074254900217
2025-08-15 04:18:02.811646+00:00,28.925893071253086
2025-08-15 04:18:04.148277+00:00,28.92074254900217
2025-08-15 04:18:07.322215+00:00,28.93104359379504
2025-08-15 04:18:07.909735+00:00,28.93104359379504
2025-08-15 04:18:08.474964+00:00,28.925893071253086
2025-08-15 04:18:10.863364+00:00,28.92074254900217
2025-08-15 04:18:13.167335+00:00,28.915592027042294
2025-08-15 04:18:16.087108+00:00,28.915592027042294
2025-08-15 04:18:19.682830+00:00,28.93104359379504
2025-08-15 04:18:20.218188+00:00,28.93104359379504
2025-08-15 04:18:21.655370+00:00,28.92074254900217
2025-08-15 04:18:22.683813+00:00,28.93104359379504
2025-08-15 04:18:23.410068+00:00,28.925893071253086
2025-08-15 04:18:24.019795+00:00,28.92074254900217
2025-08-15 04:18:24.331910+00:00,28.93104359379504
2025-08-15 04:18:25.533344+00:00,28.93104359379504
2025-08-15 04:18:27.252439+00:00,28.93619411662803
2025-08-15 04:18:29.064956+00:00,28.92074254900217
2025-08-15 04:18:29.565581+00:00,28.93104359379504
2025-08-15 04:18:29.917196+00:00,28.925893071253086
2025-08-15 04:18:30.318305+00:00,28.92074254900217
2025-08-15 04:18:34.787811+00:00,28.92074254900217
2025-08-15 04:18:35.555862+00:00,28.92074254900217
2025-08-15 04:18:36.449789+00:00,28.92074254900217
2025-08-15 04:18:37.317143+00:00,28.925893071253086
2025-08-15 04:18:40.522769+00:00,28.92074254900217
2025-08-15 04:18:41.707489+00:00,28.925893071253086
2025-08-15 04:18:42.305165+00:00,28.925893071253086
2025-08-15 04:18:42.707583+00:00,28.925893071253086
2025-08-15 04:18:42.999691+00:00,28.93619411662803
2025-08-15 04:18:43.315110+00:00,28.93104359379504
2025-08-15 04:18:43.776409+00:00,28.93104359379504
2025-08-15 04:18:45.205143+00:00,28.925893071253086
2025-08-15 04:18:47.494226+00:00,28.92074254900217
2025-08-15 04:18:48.629851+00:00,28.93619411662803
2025-08-15 04:18:49.575551+00:00,28.92074254900217
2025-08-15 04:18:50.075839+00:00,28.92074254900217
2025-08-15 04:18:50.679901+00:00,28.925893071253086
2025-08-15 04:18:51.312806+00:00,28.925893071253086
2025-08-15 04:18:51.779813+00:00,28.93104359379504
2025-08-15 04:18:52.850379+00:00,28.93104359379504
2025-08-15 04:18:56.433535+00:00,28.93104359379504
2025-08-15 04:18:56.695550+00:00,28.93104359379504
2025-08-15 04:18:56.971257+00:00,28.93104359379504
2025-08-15 04:18:57.247464+00:00,28.94649516316713
2025-08-15 04:18:57.740080+00:00,28.93619411662803
2025-08-15 04:18:59.798023+00:00,28.925893071253086
2025-08-15 04:19:00.234555+00:00,28.925893071253086
2025-08-15 04:19:00.897058+00:00,28.93104359379504
2025-08-15 04:19:09.461391+00:00,28.925893071253086
2025-08-15 04:19:09.818906+00:00,28.93104359379504
2025-08-15 04:19:11.022180+00:00,28.93104359379504
2025-08-15 04:19:12.784013+00:00,28.92074254900217
2025-08-15 04:19:13.981043+00:00,28.92074254900217
2025-08-15 04:19:14.348446+00:00,28.93104359379504
2025-08-15 04:19:14.791084+00:00,28.93104359379504
2025-08-15 04:19:17.493928+00:00,28.915592027042294
2025-08-15 04:19:18.839930+00:00,28.925893071253086
2025-08-15 04:19:19.082067+00:00,28.92074254900217
2025-08-15 04:19:19.331089+00:00,28.925893071253086
2025-08-15 04:19:19.575191+00:00,28.92074254900217
2025-08-15 04:19:20.785830+00:00,28.92074254900217
2025-08-15 04:19:21.061498+00:00,28.925893071253086
2025-08-15 04:19:23.317433+00:00,28.92074254900217
2025-08-15 04:19:23.463818+00:00,28.925893071253086
2025-08-15 04:19:24.084707+00:00,28.92074254900217
2025-08-15 04:19:24.336018+00:00,28.93104359379504
2025-08-15 04:19:25.540752+00:00,28.925893071253086
2025-08-15 04:19:26.299726+00:00,28.93619411662803
2025-08-15 04:19:33.711375+00:00,28.93104359379504
2025-08-15 04:19:34.488642+00:00,28.92074254900217
2025-08-15 04:19:38.207827+00:00,28.925893071253086
2025-08-15 04:19:38.615347+00:00,28.92074254900217
2025-08-15 04:19:40.561260+00:00,28.92074254900217
2025-08-15 04:19:41.429881+00:00,28.915592027042294
2025-08-15 04:19:42.339864+00:00,28.910441505373456
2025-08-15 04:19:43.699717+00:00,28.92074254900217
2025-08-15 04:19:45.642226+00:00,28.92074254900217
2025-08-15 04:19:48.874211+00:00,28.93104359379504
2025-08-15 04:19:49.100450+00:00,28.925893071253086
2025-08-15 04:19:51.373527+00:00,28.915592027042294
2025-08-15 04:19:51.793063+00:00,28.925893071253086
2025-08-15 04:19:54.634362+00:00,28.92074254900217
2025-08-15 04:19:54.998569+00:00,28.92074254900217
2025-08-15 04:19:55.980008+00:00,28.92074254900217
2025-08-15 04:19:58.928903+00:00,28.92074254900217
2025-08-15 04:19:59.214134+00:00,28.92074254900217
2025-08-15 04:19:59.463477+00:00,28.925893071253086
2025-08-15 04:19:59.790131+00:00,28.92074254900217
2025-08-15 04:20:00.266479+00:00,28.925893071253086
2025-08-15 04:20:05.845724+00:00,28.915592027042294
2025-08-15 04:20:06.575760+00:00,28.92074254900217
2025-08-15 04:20:08.628352+00:00,28.92074254900217
2025-08-15 04:20:11.291085+00:00,28.92074254900217
2025-08-15 04:20:14.106963+00:00,28.925893071253086
2025-08-15 04:20:24.200216+00:00,28.93104359379504
2025-08-15 04:20:35.822417+00:00,28.925893071253086
2025-08-15 04:20:36.641791+00:00,28.93104359379504
2025-08-15 04:20:37.059252+00:00,28.92074254900217
2025-08-15 04:20:37.674583+00:00,28.925893071253086
2025-08-15 04:20:38.290845+00:00,28.93619411662803
2025-08-15 04:20:38.683122+00:00,28.925893071253086
2025-08-15 04:20:39.799349+00:00,28.915592027042294
2025-08-15 04:20:40.166540+00:00,28.92074254900217
2025-08-15 04:20:40.700499+00:00,28.93104359379504
2025-08-15 04:20:44.660501+00:00,28.92074254900217
2025-08-15 04:20:45.896266+00:00,28.915592027042294
2025-08-15 04:20:46.893451+00:00,28.915592027042294
2025-08-15 04:20:49.473240+00:00,28.925893071253086
2025-08-15 04:20:50.826793+00:00,28.92074254900217
2025-08-15 04:20:52.764089+00:00,28.910441505373456
2025-08-15 04:20:53.541978+00:00,28.92074254900217
2025-08-15 04:20:54.088464+00:00,28.92074254900217
2025-08-15 04:20:54.587532+00:00,28.915592027042294
2025-08-15 04:20:55.821638+00:00,28.92074254900217
2025-08-15 04:21:03.650993+00:00,28.915592027042294
2025-08-15 04:21:09.323373+00:00,28.93104359379504
2025-08-15 04:21:11.058000+00:00,28.925893071253086
2025-08-15 04:21:11.599280+00:00,28.925893071253086
2025-08-15 04:21:13.067319+00:00,28.925893071253086
2025-08-15 04:21:16.375244+00:00,28.93104359379504
2025-08-15 04:21:17.241760+00:00,28.93104359379504
2025-08-15 04:21:18.907156+00:00,28.93104359379504
2025-08-15 04:21:19.770918+00:00,28.93619411662803
2025-08-15 04:21:20.232988+00:00,28.93619411662803
2025-08-15 04:21:20.846488+00:00,28.93619411662803
2025-08-15 04:21:21.545729+00:00,28.94134463975206
2025-08-15 04:21:21.979184+00:00,28.93619411662803
2025-08-15 04:21:22.421238+00:00,28.925893071253086
2025-08-15 04:21:24.837975+00:00,28.915592027042294
2025-08-15 04:21:25.849449+00:00,28.93619411662803
2025-08-15 04:21:26.383321+00:00,28.925893071253086
2025-08-15 04:21:26.912990+00:00,28.925893071253086
2025-08-15 04:21:28.422266+00:00,28.93104359379504
2025-08-15 04:21:28.907673+00:00,28.93104359379504
2025-08-15 04:21:31.656580+00:00,28.93104359379504
2025-08-15 04:21:34.557428+00:00,28.93104359379504
2025-08-15 04:21:34.952789+00:00,28.93619411662803
2025-08-15 04:21:36.536350+00:00,28.93104359379504
2025-08-15 04:21:36.774844+00:00,28.925893071253086
2025-08-15 04:21:38.328696+00:00,28.93104359379504
2025-08-15 04:21:40.101568+00:00,28.93104359379504
2025-08-15 04:21:41.145776+00:00,28.93104359379504
2025-08-15 04:21:43.941509+00:00,28.951645686873235
2025-08-15 04:21:48.075045+00:00,28.93104359379504
2025-08-15 04:21:51.679484+00:00,28.93619411662803
2025-08-15 04:21:51.844340+00:00,28.92074254900217
2025-08-15 04:21:52.815938+00:00,28.93104359379504
2025-08-15 04:21:53.271340+00:00,28.93104359379504
2025-08-15 04:21:53.817053+00:00,28.925893071253086
2025-08-15 04:21:56.154689+00:00,28.93104359379504
2025-08-15 04:21:56.495950+00:00,28.93104359379504
2025-08-15 04:21:57.125384+00:00,28.93104359379504
2025-08-15 04:22:00.405268+00:00,28.925893071253086
2025-08-15 04:22:04.172444+00:00,28.93104359379504
2025-08-15 04:22:05.843213+00:00,28.93104359379504
2025-08-15 04:22:08.156695+00:00,28.93104359379504
2025-08-15 04:22:09.172289+00:00,28.94649516316713
2025-08-15 04:22:10.496084+00:00,28.93619411662803
2025-08-15 04:22:12.641150+00:00,28.93104359379504
2025-08-15 04:22:13.556869+00:00,28.925893071253086
2025-08-15 04:22:14.957803+00:00,28.93104359379504
2025-08-15 04:22:18.097050+00:00,28.93104359379504
2025-08-15 04:22:21.436799+00:00,28.925893071253086
2025-08-15 04:22:22.236821+00:00,28.92074254900217
2025-08-15 04:22:22.526894+00:00,28.925893071253086
2025-08-15 04:22:22.908170+00:00,28.92074254900217
2025-08-15 04:22:24.002007+00:00,28.92074254900217
2025-08-15 04:22:25.722716+00:00,28.93104359379504
2025-08-15 04:22:26.128194+00:00,28.925893071253086
2025-08-15 04:22:26.954070+00:00,28.93104359379504
2025-08-15 04:22:27.310854+00:00,28.92074254900217
2025-08-15 04:22:27.694648+00:00,28.925893071253086
2025-08-15 04:22:28.301325+00:00,28.925893071253086
2025-08-15 04:22:34.869756+00:00,28.92074254900217
2025-08-15 04:22:35.312829+00:00,28.925893071253086
2025-08-15 04:22:35.636659+00:00,28.93104359379504
2025-08-15 04:22:35.978235+00:00,28.94134463975206
2025-08-15 04:22:38.270574+00:00,28.93619411662803
2025-08-15 04:22:40.107089+00:00,28.93104359379504
2025-08-15 04:22:40.482453+00:00,28.925893071253086
2025-08-15 04:22:41.152572+00:00,28.93619411662803
2025-08-15 04:22:41.410717+00:00,28.93104359379504
2025-08-15 04:22:41.894929+00:00,28.92074254900217
2025-08-15 04:22:42.489129+00:00,28.93104359379504
2025-08-15 04:22:43.968111+00:00,28.92074254900217
2025-08-15 04:22:44.434655+00:00,28.93104359379504
2025-08-15 04:22:47.580184+00:00,28.925893071253086
2025-08-15 04:22:48.104329+00:00,28.910441505373456
2025-08-15 04:22:49.214328+00:00,28.925893071253086
2025-08-15 04:22:50.836190+00:00,28.92074254900217
2025-08-15 04:22:51.152980+00:00,28.93104359379504
2025-08-15 04:22:51.402490+00:00,28.93619411662803
2025-08-15 04:22:52.552576+00:00,28.92074254900217
2025-08-15 04:22:53.544095+00:00,28.93104359379504
2025-08-15 04:22:54.345077+00:00,28.92074254900217
2025-08-15 04:22:57.810866+00:00,28.925893071253086
2025-08-15 04:22:58.120836+00:00,28.92074254900217
2025-08-15 04:22:58.537031+00:00,28.92074254900217
2025-08-15 04:22:58.877270+00:00,28.925893071253086
2025-08-15 04:22:59.627210+00:00,28.93104359379504
2025-08-15 04:23:03.477791+00:00,28.93104359379504
2025-08-15 04:23:09.082252+00:00,28.925893071253086
2025-08-15 04:23:09.653621+00:00,28.92074254900217
2025-08-15 04:23:11.512790+00:00,28.92074254900217
2025-08-15 04:23:13.412931+00:00,28.92074254900217
2025-08-15 04:23:14.143553+00:00,28.92074254900217
2025-08-15 04:23:14.579538+00:00,28.93104359379504
2025-08-15 04:23:15.653644+00:00,28.93104359379504
2025-08-15 04:23:18.513141+00:00,28.93104359379504
2025-08-15 04:23:20.768234+00:00,28.92074254900217
2025-08-15 04:23:22.225839+00:00,28.925893071253086
2025-08-15 04:23:22.892174+00:00,28.93104359379504
2025-08-15 04:23:23.110186+00:00,28.93104359379504
2025-08-15 04:23:24.634781+00:00,28.93104359379504
2025-08-15 04:23:25.698778+00:00,28.925893071253086
2025-08-15 04:23:26.685482+00:00,28.93619411662803
2025-08-15 04:23:28.028565+00:00,28.93104359379504
2025-08-15 04:23:28.723682+00:00,28.93104359379504
2025-08-15 04:23:29.925696+00:00,28.925893071253086
2025-08-15 04:23:31.922506+00:00,28.93104359379504
2025-08-15 04:23:33.767473+00:00,28.93619411662803
2025-08-15 04:23:34.621385+00:00,28.93104359379504
2025-08-15 04:23:35.176451+00:00,28.93104359379504
2025-08-15 04:23:35.631993+00:00,28.925893071253086
2025-08-15 04:23:35.865784+00:00,28.93619411662803
2025-08-15 04:23:36.583511+00:00,28.93104359379504
2025-08-15 04:23:37.310649+00:00,28.910441505373456
2025-08-15 04:23:37.559119+00:00,28.925893071253086
2025-08-15 04:23:38.017334+00:00,28.93104359379504
2025-08-15 04:23:38.808499+00:00,28.93104359379504
2025-08-15 04:23:39.726730+00:00,28.92074254900217
2025-08-15 04:23:44.316486+00:00,28.93104359379504
2025-08-15 04:23:44.713580+00:00,28.93619411662803
2025-08-15 04:23:46.993109+00:00,28.925893071253086
2025-08-15 04:23:47.795390+00:00,28.92074254900217
2025-08-15 04:23:50.652790+00:00,28.92074254900217
2025-08-15 04:23:51.568799+00:00,28.925893071253086
2025-08-15 04:23:52.939734+00:00,28.92074254900217
2025-08-15 04:23:53.375594+00:00,28.92074254900217
2025-08-15 04:23:53.718150+00:00,28.93104359379504
2025-08-15 04:23:56.258415+00:00,28.915592027042294
2025-08-15 04:23:56.735734+00:00,28.915592027042294
2025-08-15 04:24:00.418589+00:00,28.915592027042294
2025-08-15 04:24:03.028432+00:00,28.925893071253086
2025-08-15 04:24:06.797944+00:00,28.925893071253086
2025-08-15 04:24:11.164548+00:00,28.925893071253086
2025-08-15 04:24:11.559470+00:00,28.92074254900217
2025-08-15 04:24:11.910155+00:00,28.92074254900217
2025-08-15 04:24:13.293970+00:00,28.915592027042294
2025-08-15 04:24:13.720127+00:00,28.92074254900217
2025-08-15 04:24:16.957957+00:00,28.92074254900217
2025-08-15 04:24:19.349300+00:00,28.910441505373456
2025-08-15 04:24:20.877668+00:00,28.92074254900217
2025-08-15 04:24:22.109551+00:00,28.92074254900217
2025-08-15 04:24:24.876574+00:00,28.92074254900217
2025-08-15 04:24:26.853336+00:00,28.925893071253086
2025-08-15 04:24:27.454415+00:00,28.915592027042294
2025-08-15 04:24:28.365213+00:00,28.915592027042294
2025-08-15 04:24:29.767181+00:00,28.910441505373456
2025-08-15 04:24:30.200588+00:00,28.92074254900217
2025-08-15 04:24:30.578782+00:00,28.925893071253086
2025-08-15 04:24:31.084777+00:00,28.92074254900217
2025-08-15 04:24:31.442666+00:00,28.93619411662803
2025-08-15 04:24:31.926382+00:00,28.93104359379504
2025-08-15 04:24:32.467937+00:00,28.93104359379504
2025-08-15 04:24:33.977926+00:00,28.910441505373456
2025-08-15 04:24:38.246805+00:00,28.93104359379504
2025-08-15 04:24:38.832481+00:00,28.925893071253086
2025-08-15 04:24:39.876218+00:00,28.93619411662803
2025-08-15 04:24:42.927101+00:00,28.925893071253086
2025-08-15 04:24:43.126925+00:00,28.925893071253086
2025-08-15 04:24:44.615321+00:00,28.93104359379504
2025-08-15 04:24:47.043744+00:00,28.93104359379504
2025-08-15 04:24:50.200957+00:00,28.94134463975206
2025-08-15 04:24:50.483439+00:00,28.93619411662803
2025-08-15 04:24:50.721498+00:00,28.93619411662803
2025-08-15 04:24:51.290784+00:00,28.94134463975206
2025-08-15 04:24:53.808696+00:00,28.951645686873235
2025-08-15 04:24:55.825374+00:00,28.93104359379504
2025-08-15 04:24:56.902497+00:00,28.93104359379504
2025-08-15 04:24:57.301489+00:00,28.93104359379504
2025-08-15 04:24:58.438882+00:00,28.93619411662803
2025-08-15 04:24:59.183895+00:00,28.925893071253086
2025-08-15 04:25:02.242253+00:00,28.93104359379504
2025-08-15 04:25:10.080077+00:00,28.92074254900217
2025-08-15 04:25:15.093963+00:00,28.93619411662803
2025-08-15 04:25:15.757260+00:00,28.93619411662803
2025-08-15 04:25:16.752563+00:00,28.93104359379504
2025-08-15 04:25:19.547241+00:00,28.93619411662803
2025-08-15 04:25:23.434708+00:00,28.92074254900217
2025-08-15 04:25:23.781996+00:00,28.93104359379504
2025-08-15 04:25:24.625296+00:00,28.93104359379504
2025-08-15 04:25:27.032791+00:00,28.925893071253086
2025-08-15 04:25:27.506390+00:00,28.925893071253086
2025-08-15 04:25:34.942715+00:00,28.93104359379504
2025-08-15 04:25:35.408723+00:00,28.925893071253086
2025-08-15 04:25:36.210327+00:00,28.93104359379504
2025-08-15 04:25:36.625477+00:00,28.92074254900217
2025-08-15 04:25:37.288943+00:00,28.93619411662803
2025-08-15 04:25:37.714945+00:00,28.93104359379504
2025-08-15 04:25:38.233429+00:00,28.93104359379504
2025-08-15 04:25:38.866058+00:00,28.93104359379504
2025-08-15 04:25:43.160206+00:00,28.93619411662803
2025-08-15 04:25:47.110885+00:00,28.93104359379504
2025-08-15 04:25:48.380042+00:00,28.925893071253086
2025-08-15 04:25:49.161380+00:00,28.93104359379504
2025-08-15 04:25:49.498951+00:00,28.92074254900217
2025-08-15 04:25:51.344740+00:00,28.92074254900217
2025-08-15 04:25:52.199039+00:00,28.93104359379504
2025-08-15 04:25:52.856242+00:00,28.925893071253086
2025-08-15 04:25:54.372740+00:00,28.925893071253086
2025-08-15 04:25:56.349214+00:00,28.92074254900217
2025-08-15 04:25:56.800768+00:00,28.925893071253086
2025-08-15 04:25:58.647270+00:00,28.915592027042294
2025-08-15 04:25:59.614902+00:00,28.93104359379504
2025-08-15 04:25:59.925203+00:00,28.925893071253086
2025-08-15 04:26:00.300249+00:00,28.93104359379504
2025-08-15 04:26:00.701337+00:00,28.93619411662803
2025-08-15 04:26:01.093508+00:00,28.93104359379504
2025-08-15 04:26:01.583315+00:00,28.92074254900217
2025-08-15 04:26:03.290263+00:00,28.92074254900217
2025-08-15 04:26:08.925133+00:00,28.92074254900217
2025-08-15 04:26:10.199107+00:00,28.93104359379504
2025-08-15 04:26:11.391826+00:00,28.92074254900217
2025-08-15 04:26:12.280755+00:00,28.93104359379504
2025-08-15 04:26:13.290106+00:00,28.93104359379504
2025-08-15 04:26:17.528067+00:00,28.92074254900217
2025-08-15 04:26:19.943443+00:00,28.92074254900217
2025-08-15 04:26:20.523358+00:00,28.910441505373456
2025-08-15 04:26:20.939575+00:00,28.93104359379504
2025-08-15 04:26:21.424234+00:00,28.93104359379504
2025-08-15 04:26:21.705000+00:00,28.92074254900217
2025-08-15 04:26:22.372289+00:00,28.93104359379504
2025-08-15 04:26:23.561282+00:00,28.92074254900217
2025-08-15 04:26:24.280831+00:00,28.92074254900217
2025-08-15 04:26:24.740428+00:00,28.910441505373456
2025-08-15 04:26:25.214628+00:00,28.92074254900217
2025-08-15 04:26:25.514493+00:00,28.915592027042294
2025-08-15 04:26:26.563637+00:00,28.92074254900217
2025-08-15 04:26:27.603844+00:00,28.915592027042294
2025-08-15 04:26:28.305695+00:00,28.910441505373456
2025-08-15 04:26:28.630544+00:00,28.915592027042294
2025-08-15 04:26:33.458658+00:00,28.92074254900217
2025-08-15 04:26:33.958162+00:00,28.925893071253086
2025-08-15 04:26:34.286464+00:00,28.92074254900217
2025-08-15 04:26:34.771485+00:00,28.915592027042294
2025-08-15 04:26:37.872378+00:00,28.92074254900217
2025-08-15 04:26:38.280064+00:00,28.925893071253086
2025-08-15 04:26:38.598791+00:00,28.92074254900217
2025-08-15 04:26:39.526091+00:00,28.92074254900217
2025-08-15 04:26:40.068086+00:00,28.92074254900217
2025-08-15 04:26:40.329576+00:00,28.92074254900217
2025-08-15 04:26:40.578914+00:00,28.92074254900217
2025-08-15 04:26:40.997850+00:00,28.92074254900217
2025-08-15 04:26:42.140428+00:00,28.925893071253086
2025-08-15 04:26:43.114517+00:00,28.915592027042294
2025-08-15 04:26:43.881229+00:00,28.910441505373456
2025-08-15 04:26:44.119002+00:00,28.92074254900217
2025-08-15 04:26:49.947194+00:00,28.915592027042294
2025-08-15 04:26:50.531944+00:00,28.92074254900217
2025-08-15 04:26:50.808142+00:00,28.92074254900217
2025-08-15 04:26:51.681266+00:00,28.92074254900217
2025-08-15 04:26:52.952520+00:00,28.92074254900217
2025-08-15 04:26:54.207274+00:00,28.915592027042294
2025-08-15 04:26:57.022662+00:00,28.92074254900217
2025-08-15 04:26:57.245791+00:00,28.925893071253086
2025-08-15 04:26:58.891739+00:00,28.925893071253086
2025-08-15 04:26:59.268199+00:00,28.910441505373456
2025-08-15 04:26:59.590014+00:00,28.92074254900217
2025-08-15 04:27:01.499252+00:00,28.93104359379504
2025-08-15 04:27:09.123295+00:00,28.915592027042294
2025-08-15 04:27:09.597281+00:00,28.915592027042294
2025-08-15 04:27:10.336377+00:00,28.910441505373456
2025-08-15 04:27:10.771955+00:00,28.910441505373456
2025-08-15 04:27:11.156235+00:00,28.92074254900217
2025-08-15 04:27:13.243709+00:00,28.925893071253086
2025-08-15 04:27:17.205170+00:00,28.910441505373456
2025-08-15 04:27:19.938940+00:00,28.92074254900217
2025-08-15 04:27:21.566451+00:00,28.92074254900217
2025-08-15 04:27:22.370469+00:00,28.92074254900217
2025-08-15 04:27:23.372703+00:00,28.925893071253086
2025-08-15 04:27:24.421958+00:00,28.92074254900217
2025-08-15 04:27:25.326383+00:00,28.92074254900217
2025-08-15 04:27:26.530106+00:00,28.94649516316713
2025-08-15 04:27:29.420584+00:00,28.92074254900217
2025-08-15 04:27:30.607587+00:00,28.915592027042294
2025-08-15 04:27:33.145195+00:00,28.93619411662803
2025-08-15 04:27:34.008270+00:00,28.93104359379504
2025-08-15 04:27:36.688905+00:00,28.92074254900217
2025-08-15 04:27:38.519336+00:00,28.925893071253086
2025-08-15 04:27:40.648494+00:00,28.92074254900217
2025-08-15 04:27:41.268932+00:00,28.910441505373456
2025-08-15 04:27:41.751913+00:00,28.915592027042294
2025-08-15 04:27:42.143657+00:00,28.93104359379504
2025-08-15 04:27:43.262153+00:00,28.92074254900217
2025-08-15 04:27:44.996240+00:00,28.915592027042294
2025-08-15 04:27:48.901960+00:00,28.92074254900217
2025-08-15 04:27:50.080789+00:00,28.92074254900217
2025-08-15 04:27:52.487765+00:00,28.92074254900217
2025-08-15 04:27:54.971713+00:00,28.93104359379504
2025-08-15 04:27:55.894894+00:00,28.92074254900217
2025-08-15 04:27:56.361360+00:00,28.92074254900217
2025-08-15 04:27:57.666789+00:00,28.92074254900217
2025-08-15 04:27:58.267331+00:00,28.925893071253086
2025-08-15 04:27:58.896577+00:00,28.92074254900217
2025-08-15 04:28:00.097438+00:00,28.925893071253086
2025-08-15 04:28:02.160446+00:00,28.93619411662803
2025-08-15 04:28:08.234028+00:00,28.93104359379504
2025-08-15 04:28:09.214341+00:00,28.925893071253086
2025-08-15 04:28:09.595064+00:00,28.925893071253086
2025-08-15 04:28:10.379922+00:00,28.925893071253086
2025-08-15 04:28:12.711391+00:00,28.92074254900217
2025-08-15 04:28:13.121832+00:00,28.93104359379504
2025-08-15 04:28:13.454517+00:00,28.93104359379504
2025-08-15 04:28:13.914387+00:00,28.93619411662803
2025-08-15 04:28:16.503728+00:00,28.93104359379504
2025-08-15 04:28:23.369866+00:00,28.925893071253086
2025-08-15 04:28:23.634036+00:00,28.93104359379504
2025-08-15 04:28:23.874741+00:00,28.93619411662803
2025-08-15 04:28:24.202166+00:00,28.93104359379504
2025-08-15 04:28:25.506165+00:00,28.915592027042294
2025-08-15 04:28:25.956029+00:00,28.92074254900217
2025-08-15 04:28:28.136139+00:00,28.93104359379504
2025-08-15 04:28:31.021574+00:00,28.93619411662803
2025-08-15 04:28:31.978854+00:00,28.925893071253086
2025-08-15 04:28:33.238786+00:00,28.93104359379504
2025-08-15 04:28:34.085642+00:00,28.93619411662803
2025-08-15 04:28:34.419874+00:00,28.93619411662803
2025-08-15 04:28:34.662204+00:00,28.93104359379504
2025-08-15 04:28:35.973112+00:00,28.925893071253086
2025-08-15 04:28:36.398560+00:00,28.925893071253086
2025-08-15 04:28:38.587055+00:00,28.93619411662803
2025-08-15 04:28:38.978959+00:00,28.93619411662803
2025-08-15 04:28:39.272842+00:00,28.93619411662803
2025-08-15 04:28:40.100095+00:00,28.925893071253086
2025-08-15 04:28:40.844502+00:00,28.93619411662803
2025-08-15 04:28:41.562939+00:00,28.925893071253086
2025-08-15 04:28:44.452998+00:00,28.93619411662803
2025-08-15 04:28:46.667885+00:00,28.93619411662803
2025-08-15 04:28:48.873326+00:00,28.94134463975206
2025-08-15 04:28:49.222915+00:00,28.94134463975206
2025-08-15 04:28:49.478379+00:00,28.94134463975206
2025-08-15 04:28:49.833741+00:00,28.94649516316713
2025-08-15 04:28:52.600514+00:00,28.93619411662803
2025-08-15 04:28:53.917948+00:00,28.93104359379504
2025-08-15 04:28:54.896780+00:00,28.93104359379504
2025-08-15 04:28:55.319098+00:00,28.94649516316713
2025-08-15 04:28:57.252515+00:00,28.94134463975206
2025-08-15 04:28:58.679795+00:00,28.93104359379504
2025-08-15 04:28:59.459130+00:00,28.94134463975206
2025-08-15 04:29:00.020454+00:00,28.94134463975206
2025-08-15 04:29:00.693573+00:00,28.94649516316713
2025-08-15 04:29:05.822684+00:00,28.94134463975206
2025-08-15 04:29:10.261080+00:00,28.94134463975206
2025-08-15 04:29:13.974710+00:00,28.93104359379504
2025-08-15 04:29:14.251927+00:00,28.93619411662803
2025-08-15 04:29:14.662456+00:00,28.94134463975206
2025-08-15 04:29:19.611000+00:00,28.93104359379504
2025-08-15 04:29:23.084561+00:00,28.94134463975206
2025-08-15 04:29:24.886344+00:00,28.94134463975206
2025-08-15 04:29:25.140770+00:00,28.951645686873235
2025-08-15 04:29:26.044214+00:00,28.93104359379504
2025-08-15 04:29:31.536232+00:00,28.93104359379504
2025-08-15 04:29:34.037761+00:00,28.93104359379504
2025-08-15 04:29:35.444204+00:00,28.925893071253086
2025-08-15 04:29:36.411944+00:00,28.93104359379504
2025-08-15 04:29:37.629794+00:00,28.94649516316713
2025-08-15 04:29:38.305565+00:00,28.925893071253086
2025-08-15 04:29:38.457827+00:00,28.925893071253086
2025-08-15 04:29:38.815481+00:00,28.93104359379504
2025-08-15 04:29:39.067142+00:00,28.94134463975206
2025-08-15 04:29:39.569407+00:00,28.93104359379504
2025-08-15 04:29:40.997466+00:00,28.94134463975206
2025-08-15 04:29:42.211442+00:00,28.93619411662803
2025-08-15 04:29:42.626037+00:00,28.93104359379504
2025-08-15 04:29:45.214409+00:00,28.925893071253086
2025-08-15 04:29:45.778582+00:00,28.925893071253086
2025-08-15 04:29:46.168922+00:00,28.93104359379504
2025-08-15 04:29:46.527408+00:00,28.915592027042294
2025-08-15 04:29:47.036925+00:00,28.93104359379504
2025-08-15 04:29:49.466494+00:00,28.925893071253086
2025-08-15 04:29:51.634694+00:00,28.92074254900217
2025-08-15 04:29:52.316562+00:00,28.915592027042294
2025-08-15 04:29:55.110658+00:00,28.910441505373456
2025-08-15 04:29:56.785947+00:00,28.915592027042294
2025-08-15 04:29:57.604495+00:00,28.915592027042294
2025-08-15 04:29:59.250941+00:00,28.92074254900217
2025-08-15 04:30:03.919952+00:00,28.92074254900217
2025-08-15 04:30:04.453692+00:00,28.92074254900217
2025-08-15 04:30:05.026306+00:00,28.925893071253086
2025-08-15 04:30:06.967159+00:00,28.915592027042294
2025-08-15 04:30:08.142952+00:00,28.915592027042294
2025-08-15 04:30:10.567435+00:00,28.92074254900217
2025-08-15 04:30:12.664421+00:00,28.915592027042294
2025-08-15 04:30:14.103437+00:00,28.92074254900217
2025-08-15 04:30:14.710265+00:00,28.915592027042294
2025-08-15 04:30:16.744663+00:00,28.92074254900217
2025-08-15 04:30:22.495241+00:00,28.925893071253086
2025-08-15 04:30:29.333764+00:00,28.93104359379504
2025-08-15 04:30:31.277349+00:00,28.92074254900217
2025-08-15 04:30:33.859826+00:00,28.915592027042294
2025-08-15 04:30:34.324844+00:00,28.915592027042294
2025-08-15 04:30:34.756819+00:00,28.910441505373456
2025-08-15 04:30:35.849805+00:00,28.915592027042294
2025-08-15 04:30:39.509765+00:00,28.915592027042294
2025-08-15 04:30:40.433666+00:00,28.915592027042294
2025-08-15 04:30:44.284151+00:00,28.92074254900217
2025-08-15 04:30:46.784040+00:00,28.915592027042294
2025-08-15 04:30:47.158934+00:00,28.915592027042294
2025-08-15 04:30:47.633694+00:00,28.925893071253086
2025-08-15 04:30:48.317102+00:00,28.92074254900217
2025-08-15 04:30:48.933537+00:00,28.925893071253086
2025-08-15 04:30:50.149801+00:00,28.910441505373456
2025-08-15 04:30:53.509323+00:00,28.93104359379504
2025-08-15 04:30:54.032939+00:00,28.915592027042294
2025-08-15 04:30:54.381900+00:00,28.925893071253086
2025-08-15 04:30:56.674407+00:00,28.92074254900217
2025-08-15 04:30:57.200871+00:00,28.92074254900217
2025-08-15 04:30:57.532519+00:00,28.925893071253086
2025-08-15 04:30:58.403334+00:00,28.92074254900217
2025-08-15 04:30:59.169364+00:00,28.92074254900217
2025-08-15 04:31:01.902833+00:00,28.915592027042294
2025-08-15 04:31:03.808455+00:00,28.910441505373456
2025-08-15 04:31:05.490758+00:00,28.915592027042294
2025-08-15 04:31:05.805991+00:00,28.915592027042294
2025-08-15 04:31:07.560314+00:00,28.910441505373456
2025-08-15 04:31:09.323492+00:00,28.915592027042294
2025-08-15 04:31:11.123142+00:00,28.93104359379504
2025-08-15 04:31:14.358507+00:00,28.92074254900217
2025-08-15 04:31:14.757468+00:00,28.925893071253086
2025-08-15 04:31:15.523798+00:00,28.910441505373456
2025-08-15 04:31:16.692321+00:00,28.915592027042294
2025-08-15 04:31:18.072374+00:00,28.93104359379504
2025-08-15 04:31:18.547384+00:00,28.925893071253086
2025-08-15 04:31:19.658992+00:00,28.93104359379504
2025-08-15 04:31:20.711827+00:00,28.94649516316713
2025-08-15 04:31:21.506935+00:00,28.925893071253086
2025-08-15 04:31:22.412867+00:00,28.925893071253086
2025-08-15 04:31:23.795841+00:00,28.93104359379504
2025-08-15 04:31:27.603299+00:00,28.92074254900217
2025-08-15 04:31:32.108301+00:00,28.93104359379504
2025-08-15 04:31:32.489932+00:00,28.93104359379504
2025-08-15 04:31:37.166874+00:00,28.925893071253086
2025-08-15 04:31:38.158139+00:00,28.92074254900217
2025-08-15 04:31:38.741048+00:00,28.925893071253086
2025-08-15 04:31:39.348233+00:00,28.925893071253086
2025-08-15 04:31:40.033717+00:00,28.92074254900217
2025-08-15 04:31:41.621251+00:00,28.92074254900217
2025-08-15 04:31:42.873164+00:00,28.915592027042294
2025-08-15 04:31:43.342921+00:00,28.925893071253086
2025-08-15 04:31:44.285799+00:00,28.92074254900217
2025-08-15 04:31:44.577388+00:00,28.925893071253086
2025-08-15 04:31:44.897408+00:00,28.925893071253086
2025-08-15 04:31:45.298749+00:00,28.925893071253086
2025-08-15 04:31:45.757773+00:00,28.92074254900217
2025-08-15 04:31:48.839077+00:00,28.92074254900217
2025-08-15 04:31:52.884851+00:00,28.92074254900217
2025-08-15 04:31:55.372991+00:00,28.93104359379504
2025-08-15 04:31:56.140578+00:00,28.92074254900217
2025-08-15 04:31:57.210480+00:00,28.92074254900217
2025-08-15 04:31:57.578784+00:00,28.93104359379504
2025-08-15 04:31:57.932849+00:00,28.93104359379504
2025-08-15 04:31:58.245056+00:00,28.925893071253086
2025-08-15 04:31:58.523159+00:00,28.93619411662803
2025-08-15 04:31:58.847589+00:00,28.93104359379504
2025-08-15 04:31:59.124920+00:00,28.93619411662803
2025-08-15 04:32:02.882160+00:00,28.925893071253086
2025-08-15 04:32:05.657019+00:00,28.93104359379504
2025-08-15 04:32:07.126295+00:00,28.93104359379504
2025-08-15 04:32:07.539422+00:00,28.93104359379504
2025-08-15 04:32:08.717376+00:00,28.93619411662803
2025-08-15 04:32:11.922840+00:00,28.93104359379504
2025-08-15 04:32:13.385048+00:00,28.93104359379504
2025-08-15 04:32:18.388061+00:00,28.900140462908894
2025-08-15 04:32:20.034010+00:00,28.94649516316713
2025-08-15 04:32:20.560169+00:00,28.93104359379504
2025-08-15 04:32:21.398700+00:00,28.951645686873235
2025-08-15 04:32:21.773708+00:00,28.93619411662803
2025-08-15 04:32:23.701900+00:00,28.94134463975206
2025-08-15 04:32:24.243901+00:00,28.93619411662803
2025-08-15 04:32:25.305265+00:00,28.93619411662803
2025-08-15 04:32:25.925942+00:00,28.94134463975206
2025-08-15 04:32:26.923972+00:00,28.93104359379504
2025-08-15 04:32:29.101676+00:00,28.93619411662803
2025-08-15 04:32:31.574262+00:00,28.94649516316713
2025-08-15 04:32:32.695709+00:00,28.951645686873235
2025-08-15 04:32:33.856335+00:00,28.93104359379504
2025-08-15 04:32:34.248973+00:00,28.93619411662803
2025-08-15 04:32:34.589088+00:00,28.93104359379504
2025-08-15 04:32:35.028153+00:00,28.94134463975206
2025-08-15 04:32:35.384898+00:00,28.94649516316713
2025-08-15 04:32:37.257282+00:00,28.93619411662803
2025-08-15 04:32:38.106724+00:00,28.93619411662803
2025-08-15 04:32:38.965020+00:00,28.94134463975206
2025-08-15 04:32:42.214257+00:00,28.94649516316713
2025-08-15 04:32:43.247216+00:00,28.93619411662803
2025-08-15 04:32:43.639127+00:00,28.93619411662803
2025-08-15 04:32:43.924589+00:00,28.951645686873235
2025-08-15 04:32:44.476179+00:00,28.93619411662803
2025-08-15 04:32:45.156701+00:00,28.93104359379504
2025-08-15 04:32:45.863247+00:00,28.93619411662803
2025-08-15 04:32:46.552293+00:00,28.94134463975206
2025-08-15 04:32:47.171984+00:00,28.93619411662803
2025-08-15 04:32:49.136576+00:00,28.93104359379504
2025-08-15 04:32:49.362137+00:00,28.93104359379504
2025-08-15 04:32:49.544466+00:00,28.94134463975206
2025-08-15 04:32:52.297711+00:00,28.93619411662803
2025-08-15 04:32:53.281025+00:00,28.93104359379504
2025-08-15 04:32:53.951898+00:00,28.93104359379504
2025-08-15 04:32:54.200903+00:00,28.93104359379504
2025-08-15 04:32:55.338874+00:00,28.93104359379504
2025-08-15 04:32:56.931980+00:00,28.94134463975206
2025-08-15 04:32:57.167462+00:00,28.93104359379504
2025-08-15 04:32:57.677555+00:00,28.93104359379504
2025-08-15 04:32:58.018887+00:00,28.94134463975206
2025-08-15 04:32:59.055414+00:00,28.94134463975206
2025-08-15 04:33:05.888906+00:00,28.93104359379504
2025-08-15 04:33:06.507088+00:00,28.925893071253086
2025-08-15 04:33:07.059446+00:00,28.93104359379504
2025-08-15 04:33:07.593033+00:00,28.93104359379504
2025-08-15 04:33:13.411358+00:00,28.925893071253086
2025-08-15 04:33:14.110719+00:00,28.93104359379504
2025-08-15 04:33:14.448758+00:00,28.93104359379504
2025-08-15 04:33:14.693388+00:00,28.925893071253086
2025-08-15 04:33:19.612030+00:00,28.925893071253086
2025-08-15 04:33:20.239013+00:00,28.93104359379504
2025-08-15 04:33:20.643186+00:00,28.93104359379504
2025-08-15 04:33:21.361211+00:00,28.93104359379504
2025-08-15 04:33:23.097162+00:00,28.93104359379504
2025-08-15 04:33:24.786749+00:00,28.93104359379504
2025-08-15 04:33:25.254089+00:00,28.925893071253086
2025-08-15 04:33:26.139836+00:00,28.93104359379504
2025-08-15 04:33:26.588934+00:00,28.925893071253086
2025-08-15 04:33:28.937280+00:00,28.92074254900217
2025-08-15 04:33:29.956304+00:00,28.92074254900217
2025-08-15 04:33:32.235076+00:00,28.92074254900217
2025-08-15 04:33:35.831202+00:00,28.925893071253086
2025-08-15 04:33:37.748074+00:00,28.93619411662803
2025-08-15 04:33:37.988905+00:00,28.93104359379504
2025-08-15 04:33:39.674162+00:00,28.925893071253086
2025-08-15 04:33:40.460245+00:00,28.92074254900217
2025-08-15 04:33:41.421269+00:00,28.93619411662803
2025-08-15 04:33:42.541698+00:00,28.92074254900217
2025-08-15 04:33:43.846125+00:00,28.925893071253086
2025-08-15 04:33:44.077708+00:00,28.93619411662803
2025-08-15 04:33:46.381389+00:00,28.93104359379504
2025-08-15 04:33:47.896123+00:00,28.93104359379504
2025-08-15 04:33:49.031144+00:00,28.93619411662803
2025-08-15 04:33:50.725914+00:00,28.93104359379504
2025-08-15 04:33:52.389796+00:00,28.94134463975206
2025-08-15 04:33:58.881275+00:00,28.94649516316713
2025-08-15 04:34:03.432338+00:00,28.94649516316713
2025-08-15 04:34:04.697555+00:00,28.94134463975206
2025-08-15 04:34:09.012735+00:00,28.93619411662803
2025-08-15 04:34:10.457020+00:00,28.94649516316713
2025-08-15 04:34:11.609980+00:00,28.94134463975206
2025-08-15 04:34:12.204897+00:00,28.93619411662803
2025-08-15 04:34:12.987710+00:00,28.93619411662803
2025-08-15 04:34:15.929006+00:00,28.93619411662803
2025-08-15 04:34:20.489378+00:00,28.93104359379504
2025-08-15 04:34:20.723276+00:00,28.93104359379504
2025-08-15 04:34:21.057928+00:00,28.93619411662803
2025-08-15 04:34:21.287628+00:00,28.93619411662803
2025-08-15 04:34:21.501008+00:00,28.94649516316713
2025-08-15 04:34:21.853824+00:00,28.951645686873235
2025-08-15 04:34:22.018675+00:00,28.951645686873235
2025-08-15 04:34:22.744997+00:00,28.93619411662803
2025-08-15 04:34:23.080215+00:00,28.93619411662803
2025-08-15 04:34:25.287410+00:00,28.93104359379504
2025-08-15 04:34:25.971880+00:00,28.94134463975206
2025-08-15 04:34:29.025985+00:00,28.93104359379504
2025-08-15 04:34:29.619262+00:00,28.93104359379504
2025-08-15 04:34:33.027890+00:00,28.94134463975206
2025-08-15 04:34:41.961486+00:00,28.94134463975206
2025-08-15 04:34:42.303295+00:00,28.94134463975206
2025-08-15 04:34:42.494206+00:00,28.93104359379504
2025-08-15 04:34:42.999385+00:00,28.94134463975206
2025-08-15 04:34:43.242714+00:00,28.951645686873235
2025-08-15 04:34:44.736589+00:00,28.93619411662803
2025-08-15 04:34:45.843781+00:00,28.93619411662803
2025-08-15 04:34:47.901914+00:00,28.93104359379504
2025-08-15 04:34:48.393132+00:00,28.94134463975206
2025-08-15 04:34:49.228868+00:00,28.94134463975206
2025-08-15 04:34:50.860291+00:00,28.94134463975206
2025-08-15 04:34:51.343915+00:00,28.94134463975206
2025-08-15 04:34:51.653522+00:00,28.94134463975206
2025-08-15 04:34:51.928868+00:00,28.93619411662803
2025-08-15 04:34:53.558239+00:00,28.94649516316713
2025-08-15 04:34:55.914087+00:00,28.93104359379504
2025-08-15 04:34:56.541825+00:00,28.93104359379504
2025-08-15 04:34:56.958531+00:00,28.93619411662803
2025-08-15 04:34:57.258819+00:00,28.93104359379504
2025-08-15 04:34:58.504540+00:00,28.93104359379504
2025-08-15 04:35:00.603506+00:00,28.93104359379504
2025-08-15 04:35:01.644029+00:00,28.93104359379504
2025-08-15 04:35:03.818074+00:00,28.93104359379504
2025-08-15 04:35:05.636647+00:00,28.93104359379504
2025-08-15 04:35:06.139314+00:00,28.925893071253086
2025-08-15 04:35:06.693046+00:00,28.93619411662803
2025-08-15 04:35:07.412213+00:00,28.93619411662803
2025-08-15 04:35:12.335509+00:00,28.92074254900217
2025-08-15 04:35:12.986232+00:00,28.925893071253086
2025-08-15 04:35:14.075154+00:00,28.93104359379504
2025-08-15 04:35:14.562248+00:00,28.925893071253086
2025-08-15 04:35:14.985308+00:00,28.93104359379504
2025-08-15 04:35:18.603281+00:00,28.93619411662803
2025-08-15 04:35:20.184018+00:00,28.93104359379504
2025-08-15 04:35:24.816028+00:00,28.925893071253086
2025-08-15 04:35:25.159069+00:00,28.925893071253086
2025-08-15 04:35:25.779389+00:00,28.93104359379504
2025-08-15 04:35:26.643466+00:00,28.93104359379504
2025-08-15 04:35:27.052500+00:00,28.925893071253086
2025-08-15 04:35:28.456366+00:00,28.93104359379504
2025-08-15 04:35:37.345919+00:00,28.92074254900217
2025-08-15 04:35:39.766444+00:00,28.92074254900217
2025-08-15 04:35:45.726330+00:00,28.93104359379504
2025-08-15 04:35:47.374518+00:00,28.93104359379504
2025-08-15 04:35:51.768978+00:00,28.93104359379504
2025-08-15 04:35:52.688227+00:00,28.92074254900217
2025-08-15 04:35:53.115144+00:00,28.92074254900217
2025-08-15 04:35:53.578245+00:00,28.910441505373456
2025-08-15 04:35:55.169725+00:00,28.915592027042294
2025-08-15 04:35:56.636284+00:00,28.92074254900217
2025-08-15 04:35:58.168573+00:00,28.915592027042294
2025-08-15 04:35:59.680886+00:00,28.92074254900217
2025-08-15 04:35:59.999335+00:00,28.925893071253086
2025-08-15 04:36:00.444235+00:00,28.92074254900217
2025-08-15 04:36:03.787577+00:00,28.93104359379504
2025-08-15 04:36:06.968106+00:00,28.92074254900217
2025-08-15 04:36:09.907969+00:00,28.915592027042294
2025-08-15 04:36:12.394383+00:00,28.93104359379504
2025-08-15 04:36:13.384183+00:00,28.925893071253086
2025-08-15 04:36:13.710986+00:00,28.93104359379504
2025-08-15 04:36:14.018688+00:00,28.93619411662803
2025-08-15 04:36:14.283095+00:00,28.925893071253086
2025-08-15 04:36:14.525793+00:00,28.93619411662803
2025-08-15 04:36:15.018442+00:00,28.94134463975206
2025-08-15 04:36:15.456509+00:00,28.93104359379504
2025-08-15 04:36:18.208084+00:00,28.925893071253086
2025-08-15 04:36:18.583332+00:00,28.93104359379504
2025-08-15 04:36:19.327392+00:00,28.93104359379504
2025-08-15 04:36:19.893270+00:00,28.92074254900217
2025-08-15 04:36:20.453048+00:00,28.925893071253086
2025-08-15 04:36:21.583777+00:00,28.93104359379504
2025-08-15 04:36:23.200065+00:00,28.925893071253086
2025-08-15 04:36:23.505921+00:00,28.93619411662803
2025-08-15 04:36:25.576462+00:00,28.93104359379504
2025-08-15 04:36:26.538486+00:00,28.93619411662803
2025-08-15 04:36:27.156037+00:00,28.93104359379504
2025-08-15 04:36:27.891343+00:00,28.93104359379504
2025-08-15 04:36:28.318225+00:00,28.92074254900217
2025-08-15 04:36:28.954025+00:00,28.925893071253086
2025-08-15 04:36:31.525991+00:00,28.93104359379504
2025-08-15 04:36:33.199698+00:00,28.93619411662803
2025-08-15 04:36:34.208870+00:00,28.93104359379504
2025-08-15 04:36:35.558878+00:00,28.93104359379504
2025-08-15 04:36:36.600504+00:00,28.93104359379504
2025-08-15 04:36:37.959008+00:00,28.93619411662803
2025-08-15 04:36:40.261962+00:00,28.925893071253086
2025-08-15 04:36:44.011269+00:00,28.93104359379504
2025-08-15 04:36:44.496347+00:00,28.925893071253086
2025-08-15 04:36:44.938905+00:00,28.925893071253086
2025-08-15 04:36:45.229950+00:00,28.93619411662803
2025-08-15 04:36:45.741014+00:00,28.94134463975206
2025-08-15 04:36:50.000990+00:00,28.93104359379504
2025-08-15 04:36:52.123287+00:00,28.925893071253086
2025-08-15 04:36:52.498274+00:00,28.93104359379504
2025-08-15 04:36:53.083070+00:00,28.93104359379504
2025-08-15 04:36:54.125791+00:00,28.93104359379504
2025-08-15 04:36:55.623139+00:00,28.925893071253086
2025-08-15 04:36:56.675080+00:00,28.92074254900217
2025-08-15 04:36:56.920508+00:00,28.92074254900217
2025-08-15 04:36:58.442818+00:00,28.92074254900217
2025-08-15 04:36:58.908352+00:00,28.93104359379504
2025-08-15 04:36:59.240390+00:00,28.93104359379504
2025-08-15 04:37:00.831996+00:00,28.925893071253086
2025-08-15 04:37:04.999725+00:00,28.93619411662803
2025-08-15 04:37:09.683578+00:00,28.93104359379504
2025-08-15 04:37:10.888809+00:00,28.910441505373456
2025-08-15 04:37:14.093286+00:00,28.925893071253086
2025-08-15 04:37:15.734808+00:00,28.925893071253086
2025-08-15 04:37:20.001059+00:00,28.915592027042294
2025-08-15 04:37:21.923349+00:00,28.925893071253086
2025-08-15 04:37:22.282777+00:00,28.915592027042294
2025-08-15 04:37:22.742776+00:00,28.925893071253086
2025-08-15 04:37:23.235235+00:00,28.92074254900217
2025-08-15 04:37:23.592981+00:00,28.93104359379504
2025-08-15 04:37:23.834088+00:00,28.93619411662803
2025-08-15 04:37:24.093728+00:00,28.93104359379504
2025-08-15 04:37:24.572343+00:00,28.93619411662803
2025-08-15 04:37:24.793109+00:00,28.94134463975206
2025-08-15 04:37:25.299420+00:00,28.93104359379504
2025-08-15 04:37:25.799649+00:00,28.92074254900217
2025-08-15 04:37:26.185971+00:00,28.92074254900217
2025-08-15 04:37:26.724365+00:00,28.93104359379504
2025-08-15 04:37:27.277436+00:00,28.93104359379504
2025-08-15 04:37:28.856873+00:00,28.93104359379504
2025-08-15 04:37:29.250591+00:00,28.925893071253086
2025-08-15 04:37:29.533715+00:00,28.93104359379504
2025-08-15 04:37:32.625987+00:00,28.915592027042294
2025-08-15 04:37:33.146453+00:00,28.92074254900217
2025-08-15 04:37:34.917031+00:00,28.92074254900217
2025-08-15 04:37:35.517004+00:00,28.925893071253086
2025-08-15 04:37:36.134269+00:00,28.92074254900217
2025-08-15 04:37:36.476357+00:00,28.925893071253086
2025-08-15 04:37:36.882384+00:00,28.93104359379504
2025-08-15 04:37:37.529733+00:00,28.93104359379504
2025-08-15 04:37:37.740973+00:00,28.93104359379504
2025-08-15 04:37:38.031882+00:00,28.925893071253086
2025-08-15 04:37:40.705353+00:00,28.92074254900217
2025-08-15 04:37:41.029126+00:00,28.92074254900217
2025-08-15 04:37:41.975503+00:00,28.93104359379504
2025-08-15 04:37:43.959972+00:00,28.92074254900217
2025-08-15 04:37:46.749066+00:00,28.92074254900217
2025-08-15 04:37:49.713007+00:00,28.925893071253086
2025-08-15 04:37:50.239574+00:00,28.93104359379504
2025-08-15 04:37:51.451309+00:00,28.93104359379504
2025-08-15 04:37:51.751269+00:00,28.93619411662803
2025-08-15 04:37:53.739786+00:00,28.94649516316713
2025-08-15 04:37:55.424941+00:00,28.93104359379504
2025-08-15 04:37:56.216986+00:00,28.925893071253086
2025-08-15 04:37:56.490475+00:00,28.93104359379504
2025-08-15 04:37:56.816063+00:00,28.93104359379504
2025-08-15 04:37:57.067261+00:00,28.93104359379504
2025-08-15 04:37:57.309578+00:00,28.93104359379504
2025-08-15 04:37:59.122024+00:00,28.93619411662803
2025-08-15 04:37:59.875125+00:00,28.93619411662803
2025-08-15 04:38:00.418324+00:00,28.93104359379504
2025-08-15 04:38:00.780802+00:00,28.93104359379504
2025-08-15 04:38:01.479098+00:00,28.925893071253086
2025-08-15 04:38:03.394434+00:00,28.93104359379504
2025-08-15 04:38:04.644663+00:00,28.93104359379504
2025-08-15 04:38:06.638865+00:00,28.93104359379504
2025-08-15 04:38:14.032024+00:00,28.92074254900217
2025-08-15 04:38:17.631758+00:00,28.93104359379504
2025-08-15 04:38:19.845345+00:00,28.93104359379504
2025-08-15 04:38:20.789880+00:00,28.93104359379504
2025-08-15 04:38:21.699027+00:00,28.93104359379504
2025-08-15 04:38:23.916432+00:00,28.93104359379504
2025-08-15 04:38:24.798527+00:00,28.92074254900217
2025-08-15 04:38:26.137562+00:00,28.93619411662803
2025-08-15 04:38:26.973070+00:00,28.92074254900217
2025-08-15 04:38:28.071785+00:00,28.93104359379504
2025-08-15 04:38:28.821162+00:00,28.925893071253086
2025-08-15 04:38:29.299235+00:00,28.93104359379504
2025-08-15 04:38:29.897288+00:00,28.94134463975206
2025-08-15 04:38:31.792900+00:00,28.93104359379504
2025-08-15 04:38:32.572332+00:00,28.93104359379504
2025-08-15 04:38:33.914160+00:00,28.93619411662803
2025-08-15 04:38:34.527008+00:00,28.93104359379504
2025-08-15 04:38:35.381708+00:00,28.925893071253086
2025-08-15 04:38:39.770648+00:00,28.915592027042294
2025-08-15 04:38:40.024628+00:00,28.92074254900217
2025-08-15 04:38:40.674380+00:00,28.915592027042294
2025-08-15 04:38:41.828685+00:00,28.93104359379504
2025-08-15 04:38:42.948514+00:00,28.925893071253086
2025-08-15 04:38:43.749026+00:00,28.93104359379504
2025-08-15 04:38:48.754531+00:00,28.925893071253086
2025-08-15 04:38:49.989229+00:00,28.93104359379504
2025-08-15 04:38:51.546833+00:00,28.93104359379504
2025-08-15 04:38:53.477095+00:00,28.92074254900217
2025-08-15 04:38:54.613884+00:00,28.93104359379504
2025-08-15 04:38:55.013675+00:00,28.93104359379504
2025-08-15 04:38:55.876770+00:00,28.93104359379504
2025-08-15 04:38:56.482250+00:00,28.93104359379504
2025-08-15 04:38:57.036553+00:00,28.93104359379504
2025-08-15 04:38:58.707982+00:00,28.925893071253086
2025-08-15 04:38:59.994884+00:00,28.93104359379504
2025-08-15 04:39:03.087475+00:00,28.93619411662803
2025-08-15 04:39:07.709031+00:00,28.94134463975206
2025-08-15 04:39:08.069157+00:00,28.93619411662803
2025-08-15 04:39:08.536775+00:00,28.951645686873235
2025-08-15 04:39:13.199230+00:00,28.94134463975206
2025-08-15 04:39:14.348045+00:00,28.93104359379504
2025-08-15 04:39:15.380471+00:00,28.93619411662803
2025-08-15 04:39:15.933010+00:00,28.93104359379504
2025-08-15 04:39:16.693153+00:00,28.93104359379504
2025-08-15 04:39:17.435578+00:00,28.93619411662803
2025-08-15 04:39:17.988128+00:00,28.93104359379504
2025-08-15 04:39:19.314678+00:00,28.925893071253086
2025-08-15 04:39:21.302011+00:00,28.93619411662803
2025-08-15 04:39:23.873382+00:00,28.93104359379504
2025-08-15 04:39:24.145147+00:00,28.93104359379504
2025-08-15 04:39:24.473116+00:00,28.94134463975206
2025-08-15 04:39:24.840467+00:00,28.94649516316713
2025-08-15 04:39:25.640555+00:00,28.94134463975206
2025-08-15 04:39:26.108341+00:00,28.94649516316713
2025-08-15 04:39:26.760107+00:00,28.94134463975206
2025-08-15 04:39:27.456932+00:00,28.93104359379504
2025-08-15 04:39:27.712856+00:00,28.94134463975206
2025-08-15 04:39:28.507322+00:00,28.93104359379504
2025-08-15 04:39:30.828774+00:00,28.93619411662803
2025-08-15 04:39:38.380497+00:00,28.93619411662803
2025-08-15 04:39:40.366811+00:00,28.94134463975206
2025-08-15 04:39:41.034717+00:00,28.93619411662803
2025-08-15 04:39:42.079487+00:00,28.93619411662803
2025-08-15 04:39:42.898496+00:00,28.94134463975206
2025-08-15 04:39:43.522521+00:00,28.925893071253086
2025-08-15 04:39:48.792259+00:00,28.93104359379504
2025-08-15 04:39:52.081254+00:00,28.94134463975206
2025-08-15 04:39:52.397843+00:00,28.925893071253086
2025-08-15 04:39:54.373056+00:00,28.93619411662803
2025-08-15 04:39:56.119712+00:00,28.93104359379504
2025-08-15 04:39:59.462398+00:00,28.925893071253086
2025-08-15 04:40:04.689428+00:00,28.94649516316713
2025-08-15 04:40:05.711110+00:00,28.93104359379504
2025-08-15 04:40:06.485493+00:00,28.94134463975206
2025-08-15 04:40:06.932857+00:00,28.94649516316713
2025-08-15 04:40:09.198266+00:00,28.94134463975206
2025-08-15 04:40:11.408226+00:00,28.93104359379504
2025-08-15 04:40:11.886944+00:00,28.94134463975206
2025-08-15 04:40:15.226897+00:00,28.93104359379504
2025-08-15 04:40:18.011397+00:00,28.951645686873235
2025-08-15 04:40:22.028526+00:00,28.94649516316713
2025-08-15 04:40:23.279466+00:00,28.94134463975206
2025-08-15 04:40:25.210559+00:00,28.94649516316713
2025-08-15 04:40:26.921823+00:00,28.93104359379504
2025-08-15 04:40:28.401074+00:00,28.93619411662803
2025-08-15 04:40:29.328304+00:00,28.951645686873235
2025-08-15 04:40:31.753722+00:00,28.93104359379504
2025-08-15 04:40:34.161411+00:00,28.93619411662803
2025-08-15 04:40:34.558741+00:00,28.951645686873235
2025-08-15 04:40:40.025781+00:00,28.951645686873235
2025-08-15 04:40:42.141845+00:00,28.951645686873235
2025-08-15 04:40:42.803207+00:00,28.951645686873235
2025-08-15 04:40:43.038647+00:00,28.95679621087038
2025-08-15 04:40:43.414507+00:00,28.95679621087038
2025-08-15 04:40:47.239270+00:00,28.951645686873235
2025-08-15 04:40:48.233662+00:00,28.951645686873235
2025-08-15 04:40:49.823746+00:00,28.94649516316713
2025-08-15 04:40:50.908329+00:00,28.94134463975206
2025-08-15 04:40:51.277351+00:00,28.94649516316713
2025-08-15 04:40:51.643862+00:00,28.951645686873235
2025-08-15 04:40:52.122133+00:00,28.94649516316713
2025-08-15 04:40:54.444368+00:00,28.95679621087038
2025-08-15 04:40:54.713506+00:00,28.951645686873235
2025-08-15 04:40:56.329228+00:00,28.961946735158563
2025-08-15 04:40:58.456095+00:00,28.951645686873235
2025-08-15 04:40:58.831748+00:00,28.961946735158563
2025-08-15 04:40:59.366512+00:00,28.951645686873235
2025-08-15 04:41:00.769745+00:00,28.961946735158563
2025-08-15 04:41:01.501775+00:00,28.94649516316713
2025-08-15 04:41:03.290840+00:00,28.95679621087038
2025-08-15 04:41:03.643469+00:00,28.961946735158563
2025-08-15 04:41:10.852536+00:00,28.95679621087038
2025-08-15 04:41:11.960850+00:00,28.961946735158563
2025-08-15 04:41:13.723773+00:00,28.961946735158563
2025-08-15 04:41:14.151819+00:00,28.94649516316713
2025-08-15 04:41:14.462108+00:00,28.951645686873235
2025-08-15 04:41:17.307651+00:00,28.95679621087038
2025-08-15 04:41:18.248142+00:00,28.972247784608044
2025-08-15 04:41:20.032773+00:00,28.951645686873235
2025-08-15 04:41:20.257185+00:00,28.94134463975206
2025-08-15 04:41:21.292861+00:00,28.951645686873235
2025-08-15 04:41:22.446841+00:00,28.94649516316713
2025-08-15 04:41:23.287162+00:00,28.95679621087038
2025-08-15 04:41:25.111948+00:00,28.951645686873235
2025-08-15 04:41:27.702152+00:00,28.95679621087038
2025-08-15 04:41:28.286881+00:00,28.94649516316713
2025-08-15 04:41:29.247335+00:00,28.94134463975206
2025-08-15 04:41:32.412592+00:00,28.93619411662803
2025-08-15 04:41:34.584656+00:00,28.951645686873235
2025-08-15 04:41:36.655856+00:00,28.94134463975206
2025-08-15 04:41:37.859414+00:00,28.94649516316713
2025-08-15 04:41:38.259490+00:00,28.951645686873235
2025-08-15 04:41:38.871577+00:00,28.95679621087038
2025-08-15 04:41:42.703714+00:00,28.93619411662803
2025-08-15 04:41:43.324197+00:00,28.94649516316713
2025-08-15 04:41:44.760883+00:00,28.93619411662803
2025-08-15 04:41:48.349265+00:00,28.93619411662803
2025-08-15 04:41:51.002314+00:00,28.93619411662803
2025-08-15 04:41:51.400531+00:00,28.951645686873235
2025-08-15 04:41:52.984033+00:00,28.94134463975206
2025-08-15 04:41:54.397551+00:00,28.92074254900217
2025-08-15 04:41:57.252971+00:00,28.951645686873235
2025-08-15 04:41:58.008133+00:00,28.93104359379504
2025-08-15 04:41:59.928198+00:00,28.93619411662803
2025-08-15 04:42:07.480218+00:00,28.951645686873235
2025-08-15 04:42:10.114039+00:00,28.94134463975206
2025-08-15 04:42:12.554249+00:00,28.94649516316713
2025-08-15 04:42:13.758500+00:00,28.94134463975206
2025-08-15 04:42:14.036281+00:00,28.951645686873235
2025-08-15 04:42:14.334462+00:00,28.951645686873235
2025-08-15 04:42:14.678739+00:00,28.951645686873235
2025-08-15 04:42:16.157533+00:00,28.951645686873235
2025-08-15 04:42:18.142942+00:00,28.951645686873235
2025-08-15 04:42:19.539513+00:00,28.94134463975206
2025-08-15 04:42:23.532507+00:00,28.94649516316713
2025-08-15 04:42:26.505733+00:00,28.94649516316713
2025-08-15 04:42:27.680282+00:00,28.94649516316713
2025-08-15 04:42:28.754750+00:00,28.94649516316713
2025-08-15 04:42:31.676914+00:00,28.94649516316713
2025-08-15 04:42:32.783402+00:00,28.94649516316713
2025-08-15 04:42:33.866749+00:00,28.94649516316713
2025-08-15 04:42:34.368045+00:00,28.94134463975206
2025-08-15 04:42:35.145160+00:00,28.93619411662803
2025-08-15 04:42:35.588121+00:00,28.94649516316713
2025-08-15 04:42:36.649293+00:00,28.94649516316713
2025-08-15 04:42:37.686841+00:00,28.951645686873235
2025-08-15 04:42:40.247047+00:00,28.951645686873235
2025-08-15 04:42:41.148661+00:00,28.951645686873235
2025-08-15 04:42:42.384263+00:00,28.951645686873235
2025-08-15 04:42:43.516961+00:00,28.94134463975206
2025-08-15 04:42:47.007838+00:00,28.94134463975206
2025-08-15 04:42:48.219212+00:00,28.94649516316713
2025-08-15 04:42:50.239743+00:00,28.94649516316713
2025-08-15 04:42:50.845684+00:00,28.94649516316713
2025-08-15 04:42:51.262164+00:00,28.94649516316713
2025-08-15 04:42:51.878359+00:00,28.951645686873235
2025-08-15 04:42:54.367463+00:00,28.951645686873235
2025-08-15 04:42:55.154612+00:00,28.94649516316713
2025-08-15 04:42:55.814571+00:00,28.961946735158563
2025-08-15 04:42:56.166929+00:00,28.951645686873235
2025-08-15 04:42:56.761367+00:00,28.94649516316713
2025-08-15 04:42:58.319284+00:00,28.95679621087038
2025-08-15 04:42:58.728472+00:00,28.951645686873235
2025-08-15 04:42:58.915440+00:00,28.951645686873235
2025-08-15 04:42:59.157578+00:00,28.961946735158563
2025-08-15 04:42:59.388148+00:00,28.951645686873235
2025-08-15 04:43:02.641694+00:00,28.95679621087038
2025-08-15 04:43:03.689726+00:00,28.94649516316713
2025-08-15 04:43:04.198427+00:00,28.95679621087038
2025-08-15 04:43:04.732076+00:00,28.951645686873235
2025-08-15 04:43:05.481070+00:00,28.951645686873235
2025-08-15 04:43:10.524330+00:00,28.95679621087038
2025-08-15 04:43:11.481750+00:00,28.951645686873235
2025-08-15 04:43:12.089450+00:00,28.951645686873235
2025-08-15 04:43:13.775472+00:00,28.951645686873235
2025-08-15 04:43:14.737236+00:00,28.94649516316713
2025-08-15 04:43:15.062778+00:00,28.92074254900217
2025-08-15 04:43:15.404448+00:00,28.951645686873235
2025-08-15 04:43:18.029781+00:00,28.951645686873235
2025-08-15 04:43:20.568280+00:00,28.961946735158563
2025-08-15 04:43:20.961912+00:00,28.951645686873235
2025-08-15 04:43:21.886472+00:00,28.95679621087038
2025-08-15 04:43:22.541128+00:00,28.961946735158563
2025-08-15 04:43:23.893726+00:00,28.951645686873235
2025-08-15 04:43:24.198922+00:00,28.951645686873235
2025-08-15 04:43:25.930919+00:00,28.951645686873235
2025-08-15 04:43:26.400249+00:00,28.961946735158563
2025-08-15 04:43:27.378824+00:00,28.951645686873235
2025-08-15 04:43:27.787056+00:00,28.961946735158563
2025-08-15 04:43:28.944082+00:00,28.961946735158563
2025-08-15 04:43:29.425874+00:00,28.961946735158563
2025-08-15 04:43:30.529991+00:00,28.961946735158563
2025-08-15 04:43:32.005264+00:00,28.951645686873235
2025-08-15 04:43:34.346889+00:00,28.961946735158563
2025-08-15 04:43:36.026099+00:00,28.961946735158563
2025-08-15 04:43:37.140450+00:00,28.951645686873235
2025-08-15 04:43:38.260567+00:00,28.961946735158563
2025-08-15 04:43:38.934749+00:00,28.95679621087038
2025-08-15 04:43:39.704453+00:00,28.951645686873235
2025-08-15 04:43:41.135125+00:00,28.95679621087038
2025-08-15 04:43:42.377518+00:00,28.961946735158563
2025-08-15 04:43:44.376214+00:00,28.961946735158563
2025-08-15 04:43:44.644804+00:00,28.967097259737784
2025-08-15 04:43:44.902853+00:00,28.972247784608044
2025-08-15 04:43:45.301902+00:00,28.967097259737784
2025-08-15 04:43:47.526307+00:00,28.95679621087038
2025-08-15 04:43:49.191740+00:00,28.961946735158563
2025-08-15 04:43:50.424390+00:00,28.951645686873235
2025-08-15 04:43:50.742648+00:00,28.95679621087038
2025-08-15 04:43:51.051170+00:00,28.961946735158563
2025-08-15 04:43:53.165454+00:00,28.961946735158563
2025-08-15 04:43:53.559181+00:00,28.967097259737784
2025-08-15 04:43:54.133790+00:00,28.961946735158563
2025-08-15 04:43:54.677115+00:00,28.95679621087038
2025-08-15 04:43:57.460801+00:00,28.95679621087038
2025-08-15 04:43:57.838836+00:00,28.95679621087038
2025-08-15 04:43:58.162934+00:00,28.967097259737784
2025-08-15 04:44:02.054542+00:00,28.961946735158563
2025-08-15 04:44:05.022105+00:00,28.94649516316713
2025-08-15 04:44:05.407216+00:00,28.951645686873235
2025-08-15 04:44:06.964301+00:00,28.951645686873235
2025-08-15 04:44:08.483310+00:00,28.951645686873235
2025-08-15 04:44:12.813344+00:00,28.961946735158563
2025-08-15 04:44:14.004303+00:00,28.95679621087038
2025-08-15 04:44:14.818229+00:00,28.961946735158563
2025-08-15 04:44:15.199421+00:00,28.961946735158563
2025-08-15 04:44:15.763287+00:00,28.967097259737784
2025-08-15 04:44:20.260431+00:00,28.961946735158563
2025-08-15 04:44:21.453414+00:00,28.95679621087038
2025-08-15 04:44:22.206994+00:00,28.951645686873235
2025-08-15 04:44:22.590197+00:00,28.961946735158563
2025-08-15 04:44:24.117625+00:00,28.951645686873235
2025-08-15 04:44:24.673047+00:00,28.961946735158563
2025-08-15 04:44:25.633667+00:00,28.967097259737784
2025-08-15 04:44:26.209788+00:00,28.961946735158563
2025-08-15 04:44:27.722448+00:00,28.951645686873235
2025-08-15 04:44:28.315114+00:00,28.951645686873235
2025-08-15 04:44:29.408617+00:00,28.95679621087038
2025-08-15 04:44:30.992651+00:00,28.951645686873235
2025-08-15 04:44:32.763063+00:00,28.95679621087038
2025-08-15 04:44:33.651080+00:00,28.961946735158563
2025-08-15 04:44:34.934846+00:00,28.95679621087038
2025-08-15 04:44:36.186051+00:00,28.95679621087038
2025-08-15 04:44:36.504656+00:00,28.95679621087038
2025-08-15 04:44:36.834209+00:00,28.961946735158563
2025-08-15 04:44:37.105858+00:00,28.961946735158563
2025-08-15 04:44:37.415061+00:00,28.961946735158563
2025-08-15 04:44:39.675134+00:00,28.961946735158563
2025-08-15 04:44:40.690821+00:00,28.972247784608044
2025-08-15 04:44:40.990063+00:00,28.972247784608044
2025-08-15 04:44:41.558541+00:00,28.972247784608044
2025-08-15 04:44:42.645705+00:00,28.967097259737784
2025-08-15 04:44:43.167028+00:00,28.961946735158563
2025-08-15 04:44:43.890907+00:00,28.967097259737784
2025-08-15 04:44:44.641591+00:00,28.961946735158563
2025-08-15 04:44:44.943259+00:00,28.967097259737784
2025-08-15 04:44:45.562689+00:00,28.972247784608044
2025-08-15 04:44:46.086656+00:00,28.961946735158563
2025-08-15 04:44:46.526163+00:00,28.961946735158563
2025-08-15 04:44:47.310080+00:00,28.961946735158563
2025-08-15 04:44:48.446163+00:00,28.967097259737784
2025-08-15 04:44:49.108026+00:00,28.961946735158563
2025-08-15 04:44:50.562359+00:00,28.967097259737784
2025-08-15 04:44:51.706639+00:00,28.961946735158563
2025-08-15 04:44:52.284483+00:00,28.961946735158563
2025-08-15 04:44:54.910359+00:00,28.967097259737784
2025-08-15 04:44:55.711545+00:00,28.967097259737784
2025-08-15 04:44:57.226569+00:00,28.951645686873235
2025-08-15 04:44:57.608952+00:00,28.961946735158563
2025-08-15 04:44:58.319349+00:00,28.961946735158563
2025-08-15 04:44:58.735093+00:00,28.961946735158563
2025-08-15 04:44:59.343202+00:00,28.951645686873235
2025-08-15 04:45:00.320075+00:00,28.961946735158563
2025-08-15 04:45:00.944194+00:00,28.95679621087038
2025-08-15 04:45:01.855948+00:00,28.961946735158563
2025-08-15 04:45:04.537927+00:00,28.94649516316713
2025-08-15 04:45:06.942937+00:00,28.961946735158563
2025-08-15 04:45:08.136257+00:00,28.951645686873235
2025-08-15 04:45:11.152586+00:00,28.94649516316713
2025-08-15 04:45:16.158010+00:00,28.95679621087038
2025-08-15 04:45:17.003845+00:00,28.95679621087038
2025-08-15 04:45:19.556663+00:00,28.961946735158563
2025-08-15 04:45:21.529884+00:00,28.94649516316713
2025-08-15 04:45:22.928457+00:00,28.951645686873235
2025-08-15 04:45:28.087515+00:00,28.95679621087038
2025-08-15 04:45:28.749851+00:00,28.961946735158563
2025-08-15 04:45:39.294439+00:00,28.951645686873235
2025-08-15 04:45:44.093142+00:00,28.967097259737784
2025-08-15 04:45:44.937842+00:00,28.961946735158563
2025-08-15 04:45:46.634270+00:00,28.951645686873235
2025-08-15 04:45:48.244102+00:00,28.961946735158563
2025-08-15 04:45:48.834705+00:00,28.961946735158563
2025-08-15 04:45:49.631757+00:00,28.961946735158563
2025-08-15 04:45:51.752523+00:00,28.95679621087038
2025-08-15 04:45:52.150117+00:00,28.961946735158563
2025-08-15 04:45:53.075025+00:00,28.961946735158563
2025-08-15 04:45:54.281727+00:00,28.97739830976934
2025-08-15 04:45:55.390204+00:00,28.972247784608044
2025-08-15 04:45:57.042545+00:00,28.967097259737784
2025-08-15 04:45:58.416339+00:00,28.961946735158563
2025-08-15 04:45:59.458780+00:00,28.967097259737784
2025-08-15 04:46:05.510898+00:00,28.961946735158563
2025-08-15 04:46:07.377137+00:00,28.961946735158563
2025-08-15 04:46:08.934585+00:00,28.97739830976934
2025-08-15 04:46:10.647575+00:00,28.967097259737784
2025-08-15 04:46:11.157876+00:00,28.961946735158563
2025-08-15 04:46:11.516433+00:00,28.967097259737784
2025-08-15 04:46:14.908028+00:00,28.967097259737784
2025-08-15 04:46:16.018577+00:00,28.961946735158563
2025-08-15 04:46:17.231848+00:00,28.967097259737784
2025-08-15 04:46:17.741761+00:00,28.967097259737784
2025-08-15 04:46:19.436398+00:00,28.961946735158563
2025-08-15 04:46:22.773596+00:00,28.967097259737784
2025-08-15 04:46:24.449964+00:00,28.967097259737784
2025-08-15 04:46:24.883015+00:00,28.97739830976934
2025-08-15 04:46:26.789139+00:00,28.972247784608044
2025-08-15 04:46:28.553926+00:00,28.972247784608044
2025-08-15 04:46:28.882488+00:00,28.961946735158563
2025-08-15 04:46:31.069016+00:00,28.972247784608044
2025-08-15 04:46:34.362399+00:00,28.972247784608044
2025-08-15 04:46:35.569757+00:00,28.961946735158563
2025-08-15 04:46:36.731570+00:00,28.972247784608044
2025-08-15 04:46:38.120831+00:00,28.972247784608044
2025-08-15 04:46:38.410937+00:00,28.97739830976934
2025-08-15 04:46:38.829928+00:00,28.97739830976934
2025-08-15 04:46:39.801885+00:00,28.967097259737784
2025-08-15 04:46:41.624518+00:00,28.961946735158563
2025-08-15 04:46:41.932221+00:00,28.94134463975206
2025-08-15 04:46:43.797159+00:00,28.972247784608044
2025-08-15 04:46:43.968355+00:00,28.95679621087038
2025-08-15 04:46:44.291661+00:00,28.972247784608044
2025-08-15 04:46:44.520521+00:00,28.972247784608044
2025-08-15 04:46:44.805776+00:00,28.982548835221678
2025-08-15 04:46:45.127136+00:00,28.967097259737784
2025-08-15 04:46:45.820861+00:00,28.967097259737784
2025-08-15 04:46:47.510545+00:00,28.967097259737784
2025-08-15 04:46:49.405734+00:00,28.982548835221678
2025-08-15 04:46:49.731929+00:00,28.97739830976934
2025-08-15 04:46:49.999692+00:00,28.972247784608044
2025-08-15 04:46:50.466980+00:00,28.972247784608044
2025-08-15 04:46:50.858689+00:00,28.982548835221678
2025-08-15 04:46:51.786134+00:00,28.97739830976934
2025-08-15 04:46:51.988449+00:00,28.987699360965053
2025-08-15 04:46:52.229023+00:00,28.972247784608044
2025-08-15 04:46:52.689310+00:00,28.982548835221678
2025-08-15 04:46:53.264173+00:00,28.967097259737784
2025-08-15 04:46:53.606883+00:00,28.972247784608044
2025-08-15 04:46:56.199629+00:00,28.972247784608044
2025-08-15 04:46:56.947007+00:00,28.95679621087038
2025-08-15 04:46:58.135798+00:00,28.961946735158563
2025-08-15 04:46:58.552420+00:00,28.972247784608044
2025-08-15 04:46:59.819694+00:00,28.972247784608044
2025-08-15 04:47:00.291091+00:00,28.972247784608044
2025-08-15 04:47:00.808458+00:00,28.97739830976934
2025-08-15 04:47:01.491131+00:00,28.967097259737784
2025-08-15 04:47:01.834588+00:00,28.967097259737784
2025-08-15 04:47:02.203464+00:00,28.972247784608044
2025-08-15 04:47:05.043167+00:00,28.972247784608044
2025-08-15 04:47:08.617155+00:00,28.97739830976934
2025-08-15 04:47:13.256285+00:00,28.967097259737784
2025-08-15 04:47:16.541784+00:00,29.003150939941406
2025-08-15 04:47:16.958769+00:00,28.972247784608044
2025-08-15 04:47:17.792753+00:00,28.972247784608044
2025-08-15 04:47:19.940434+00:00,28.967097259737784
2025-08-15 04:47:20.403391+00:00,28.972247784608044
2025-08-15 04:47:23.207546+00:00,28.961946735158563
2025-08-15 04:47:25.805905+00:00,28.961946735158563
2025-08-15 04:47:27.155063+00:00,28.967097259737784
2025-08-15 04:47:28.530447+00:00,28.967097259737784
2025-08-15 04:47:31.663343+00:00,28.972247784608044
2025-08-15 04:47:34.762330+00:00,28.95679621087038
2025-08-15 04:47:39.965360+00:00,28.961946735158563
2025-08-15 04:47:40.201001+00:00,28.972247784608044
2025-08-15 04:47:40.869324+00:00,28.961946735158563
2025-08-15 04:47:41.721300+00:00,28.961946735158563
2025-08-15 04:47:42.628597+00:00,28.961946735158563
2025-08-15 04:47:43.149065+00:00,28.961946735158563
2025-08-15 04:47:46.589002+00:00,28.961946735158563
2025-08-15 04:47:48.202885+00:00,28.961946735158563
2025-08-15 04:47:51.471982+00:00,28.967097259737784
2025-08-15 04:47:52.445346+00:00,28.967097259737784
2025-08-15 04:47:53.012485+00:00,28.972247784608044
2025-08-15 04:47:54.332171+00:00,28.972247784608044
2025-08-15 04:47:54.591177+00:00,28.97739830976934
2025-08-15 04:47:54.996826+00:00,28.97739830976934
2025-08-15 04:47:55.243035+00:00,28.982548835221678
2025-08-15 04:47:57.172965+00:00,28.982548835221678
2025-08-15 04:47:57.661769+00:00,28.972247784608044
2025-08-15 04:47:58.050590+00:00,28.982548835221678
2025-08-15 04:47:59.953781+00:00,28.982548835221678
2025-08-15 04:48:00.408573+00:00,28.97739830976934
2025-08-15 04:48:01.366338+00:00,28.982548835221678
2025-08-15 04:48:01.682186+00:00,28.97739830976934
2025-08-15 04:48:04.331731+00:00,28.987699360965053
2025-08-15 04:48:06.025474+00:00,28.972247784608044
2025-08-15 04:48:07.025152+00:00,28.982548835221678
2025-08-15 04:48:10.384329+00:00,28.97739830976934
2025-08-15 04:48:14.488023+00:00,28.982548835221678
2025-08-15 04:48:14.794757+00:00,28.982548835221678
2025-08-15 04:48:15.473963+00:00,28.982548835221678
2025-08-15 04:48:16.704468+00:00,28.972247784608044
2025-08-15 04:48:19.527727+00:00,28.97739830976934
2025-08-15 04:48:21.502440+00:00,28.982548835221678
2025-08-15 04:48:23.166528+00:00,28.982548835221678
2025-08-15 04:48:25.286521+00:00,28.972247784608044
2025-08-15 04:48:25.723123+00:00,28.987699360965053
2025-08-15 04:48:26.241037+00:00,28.982548835221678
2025-08-15 04:48:27.134402+00:00,28.972247784608044
2025-08-15 04:48:32.013741+00:00,28.987699360965053
2025-08-15 04:48:33.374581+00:00,28.982548835221678
2025-08-15 04:48:34.189702+00:00,28.97739830976934
2025-08-15 04:48:37.175053+00:00,28.987699360965053
2025-08-15 04:48:38.142357+00:00,28.982548835221678
2025-08-15 04:48:38.870215+00:00,28.987699360965053
2025-08-15 04:48:39.160704+00:00,28.982548835221678
2025-08-15 04:48:42.612294+00:00,28.97739830976934
2025-08-15 04:48:47.596046+00:00,29.003150939941406
2025-08-15 04:48:48.985669+00:00,28.992849886999466
2025-08-15 04:48:49.269286+00:00,28.992849886999466
2025-08-15 04:48:50.738022+00:00,28.992849886999466
2025-08-15 04:48:51.565753+00:00,28.992849886999466
2025-08-15 04:48:55.290921+00:00,28.987699360965053
2025-08-15 04:48:55.648945+00:00,28.992849886999466
2025-08-15 04:48:57.670933+00:00,28.992849886999466
2025-08-15 04:48:57.947323+00:00,28.998000413324917
2025-08-15 04:48:59.165528+00:00,28.987699360965053
2025-08-15 04:48:59.544787+00:00,28.992849886999466
2025-08-15 04:49:02.485796+00:00,28.987699360965053
2025-08-15 04:49:03.728109+00:00,28.998000413324917
2025-08-15 04:49:04.244312+00:00,28.998000413324917
2025-08-15 04:49:05.216473+00:00,28.987699360965053
2025-08-15 04:49:05.806442+00:00,28.987699360965053
2025-08-15 04:49:07.195988+00:00,28.998000413324917
2025-08-15 04:49:10.122899+00:00,28.992849886999466
2025-08-15 04:49:12.725214+00:00,28.992849886999466
2025-08-15 04:49:18.743130+00:00,28.982548835221678
2025-08-15 04:49:20.101481+00:00,28.97739830976934
2025-08-15 04:49:22.422110+00:00,28.961946735158563
2025-08-15 04:49:23.335841+00:00,28.972247784608044
2025-08-15 04:49:24.620492+00:00,28.97739830976934
2025-08-15 04:49:26.275001+00:00,28.967097259737784
2025-08-15 04:49:29.048417+00:00,28.972247784608044
2025-08-15 04:49:29.857528+00:00,28.972247784608044
2025-08-15 04:49:30.510803+00:00,28.982548835221678
2025-08-15 04:49:33.457081+00:00,28.967097259737784
2025-08-15 04:49:34.859301+00:00,28.972247784608044
2025-08-15 04:49:37.309538+00:00,28.97739830976934
2025-08-15 04:49:38.217793+00:00,28.972247784608044
2025-08-15 04:49:41.177175+00:00,28.97739830976934
2025-08-15 04:49:42.199834+00:00,28.987699360965053
2025-08-15 04:49:42.645286+00:00,28.987699360965053
2025-08-15 04:49:44.240804+00:00,29.018602521537105
2025-08-15 04:49:47.238849+00:00,28.982548835221678
2025-08-15 04:49:49.742445+00:00,28.97739830976934
2025-08-15 04:49:50.056021+00:00,28.972247784608044
2025-08-15 04:49:50.462951+00:00,28.982548835221678
2025-08-15 04:49:50.880594+00:00,28.982548835221678
2025-08-15 04:49:52.144667+00:00,28.987699360965053
2025-08-15 04:49:53.377037+00:00,28.982548835221678
2025-08-15 04:49:53.592590+00:00,28.987699360965053
2025-08-15 04:49:54.004015+00:00,28.987699360965053
2025-08-15 04:49:54.530760+00:00,28.992849886999466
2025-08-15 04:49:58.676197+00:00,28.987699360965053
2025-08-15 04:50:00.628508+00:00,28.982548835221678
2025-08-15 04:50:02.601710+00:00,28.992849886999466
2025-08-15 04:50:04.170828+00:00,28.982548835221678
2025-08-15 04:50:05.003823+00:00,28.998000413324917
2025-08-15 04:50:06.220470+00:00,28.992849886999466
2025-08-15 04:50:09.583295+00:00,28.987699360965053
2025-08-15 04:50:10.163278+00:00,28.998000413324917
2025-08-15 04:50:11.519641+00:00,28.982548835221678
2025-08-15 04:50:13.346721+00:00,28.982548835221678
2025-08-15 04:50:15.454729+00:00,28.987699360965053
2025-08-15 04:50:15.959237+00:00,28.987699360965053
2025-08-15 04:50:17.398199+00:00,28.987699360965053
2025-08-15 04:50:23.950563+00:00,28.992849886999466
2025-08-15 04:50:24.597831+00:00,28.987699360965053
2025-08-15 04:50:25.908508+00:00,28.972247784608044
2025-08-15 04:50:27.054374+00:00,28.97739830976934
2025-08-15 04:50:30.842910+00:00,28.97739830976934
2025-08-15 04:50:38.018850+00:00,28.97739830976934
2025-08-15 04:50:39.334787+00:00,28.982548835221678
2025-08-15 04:50:40.504899+00:00,28.982548835221678
2025-08-15 04:50:41.785001+00:00,28.992849886999466
2025-08-15 04:50:43.132616+00:00,28.987699360965053
2025-08-15 04:50:46.197542+00:00,28.982548835221678
2025-08-15 04:50:47.114379+00:00,28.97739830976934
2025-08-15 04:50:48.483844+00:00,28.97739830976934
2025-08-15 04:50:49.628756+00:00,28.972247784608044
2025-08-15 04:50:50.263368+00:00,28.972247784608044
2025-08-15 04:50:51.492408+00:00,28.972247784608044
2025-08-15 04:50:51.842481+00:00,28.97739830976934
2025-08-15 04:50:54.514081+00:00,28.972247784608044
2025-08-15 04:50:57.478062+00:00,28.998000413324917
2025-08-15 04:50:58.938407+00:00,28.97739830976934
2025-08-15 04:50:59.175901+00:00,28.987699360965053
2025-08-15 04:50:59.809588+00:00,28.992849886999466
2025-08-15 04:51:03.362296+00:00,28.982548835221678
2025-08-15 04:51:03.745793+00:00,28.982548835221678
2025-08-15 04:51:05.339074+00:00,28.982548835221678
2025-08-15 04:51:05.830795+00:00,28.97739830976934
2025-08-15 04:51:09.433723+00:00,28.987699360965053
2025-08-15 04:51:11.743683+00:00,28.987699360965053
2025-08-15 04:51:13.230801+00:00,28.97739830976934
2025-08-15 04:51:13.524538+00:00,28.982548835221678
2025-08-15 04:51:14.650926+00:00,28.982548835221678
2025-08-15 04:51:22.342086+00:00,28.97739830976934
2025-08-15 04:51:23.108720+00:00,28.951645686873235
2025-08-15 04:51:23.936887+00:00,28.982548835221678
2025-08-15 04:51:24.361184+00:00,28.982548835221678
2025-08-15 04:51:25.457597+00:00,28.987699360965053
2025-08-15 04:51:25.791532+00:00,28.982548835221678
2025-08-15 04:51:28.698730+00:00,28.97739830976934
2025-08-15 04:51:28.983828+00:00,28.982548835221678
2025-08-15 04:51:29.882127+00:00,28.972247784608044
2025-08-15 04:51:31.679642+00:00,28.987699360965053
2025-08-15 04:51:32.177972+00:00,28.97739830976934
2025-08-15 04:51:32.899334+00:00,28.972247784608044
2025-08-15 04:51:34.630556+00:00,28.97739830976934
2025-08-15 04:51:36.409055+00:00,28.972247784608044
2025-08-15 04:51:37.017735+00:00,28.972247784608044
2025-08-15 04:51:37.598805+00:00,28.967097259737784
2025-08-15 04:51:39.690567+00:00,28.982548835221678
2025-08-15 04:51:40.165912+00:00,28.982548835221678
2025-08-15 04:51:40.460169+00:00,28.992849886999466
2025-08-15 04:51:40.824657+00:00,28.987699360965053
2025-08-15 04:51:41.169171+00:00,28.97739830976934
2025-08-15 04:51:41.991081+00:00,28.982548835221678
2025-08-15 04:51:44.202925+00:00,28.97739830976934
2025-08-15 04:51:47.035470+00:00,28.972247784608044
2025-08-15 04:51:47.584663+00:00,28.982548835221678
2025-08-15 04:51:48.577180+00:00,28.97739830976934
2025-08-15 04:51:49.850105+00:00,28.992849886999466
2025-08-15 04:51:50.485175+00:00,28.982548835221678
2025-08-15 04:51:51.496404+00:00,28.982548835221678
2025-08-15 04:51:52.207252+00:00,28.987699360965053
2025-08-15 04:51:52.939633+00:00,28.987699360965053
2025-08-15 04:51:53.473701+00:00,28.982548835221678
2025-08-15 04:51:53.823940+00:00,28.982548835221678
2025-08-15 04:51:57.698573+00:00,28.992849886999466
2025-08-15 04:51:58.467243+00:00,28.987699360965053
2025-08-15 04:52:00.762747+00:00,28.982548835221678
2025-08-15 04:52:02.918057+00:00,28.987699360965053
2025-08-15 04:52:06.369074+00:00,28.982548835221678
2025-08-15 04:52:10.919199+00:00,28.982548835221678
2025-08-15 04:52:12.515224+00:00,28.982548835221678
2025-08-15 04:52:13.451356+00:00,28.97739830976934
2025-08-15 04:52:14.370878+00:00,28.982548835221678
2025-08-15 04:52:16.225787+00:00,28.982548835221678
2025-08-15 04:52:18.997653+00:00,28.998000413324917
2025-08-15 04:52:19.893321+00:00,28.992849886999466
2025-08-15 04:52:20.275676+00:00,28.987699360965053
2025-08-15 04:52:20.661772+00:00,28.992849886999466
2025-08-15 04:52:25.264140+00:00,28.992849886999466
2025-08-15 04:52:26.306655+00:00,28.987699360965053
2025-08-15 04:52:27.322372+00:00,28.992849886999466
2025-08-15 04:52:27.622502+00:00,28.987699360965053
2025-08-15 04:52:28.057671+00:00,28.992849886999466
2025-08-15 04:52:28.558235+00:00,29.003150939941406
2025-08-15 04:52:28.858126+00:00,28.998000413324917
2025-08-15 04:52:29.182925+00:00,28.992849886999466
2025-08-15 04:52:30.198746+00:00,28.992849886999466
2025-08-15 04:52:31.188929+00:00,28.987699360965053
2025-08-15 04:52:32.858731+00:00,28.992849886999466
2025-08-15 04:52:35.908159+00:00,28.998000413324917
2025-08-15 04:52:36.665922+00:00,29.003150939941406
2025-08-15 04:52:37.948651+00:00,29.003150939941406
2025-08-15 04:52:39.597873+00:00,28.998000413324917
2025-08-15 04:52:41.678391+00:00,29.003150939941406
2025-08-15 04:52:43.984894+00:00,28.992849886999466
2025-08-15 04:52:47.134861+00:00,28.998000413324917
2025-08-15 04:52:48.704152+00:00,28.992849886999466
2025-08-15 04:52:50.556637+00:00,28.998000413324917
2025-08-15 04:52:51.040866+00:00,28.998000413324917
2025-08-15 04:52:51.651241+00:00,28.998000413324917
2025-08-15 04:52:52.198316+00:00,28.992849886999466
2025-08-15 04:52:52.601632+00:00,29.008301466848934
2025-08-15 04:52:54.465870+00:00,29.003150939941406
2025-08-15 04:52:56.555497+00:00,28.998000413324917
2025-08-15 04:52:57.714956+00:00,28.998000413324917
2025-08-15 04:52:58.423501+00:00,28.998000413324917
2025-08-15 04:53:00.524305+00:00,28.992849886999466
2025-08-15 04:53:03.394271+00:00,28.992849886999466
2025-08-15 04:53:05.732146+00:00,28.992849886999466
2025-08-15 04:53:10.576434+00:00,28.998000413324917
2025-08-15 04:53:11.466448+00:00,28.992849886999466
2025-08-15 04:53:15.058427+00:00,29.008301466848934
2025-08-15 04:53:16.257724+00:00,28.998000413324917
2025-08-15 04:53:17.468251+00:00,28.992849886999466
2025-08-15 04:53:17.960659+00:00,29.003150939941406
2025-08-15 04:53:18.542122+00:00,28.992849886999466
2025-08-15 04:53:19.241211+00:00,29.003150939941406
2025-08-15 04:53:19.664863+00:00,29.003150939941406
2025-08-15 04:53:20.040597+00:00,29.003150939941406
2025-08-15 04:53:20.557281+00:00,29.018602521537105
2025-08-15 04:53:23.681015+00:00,29.003150939941406
2025-08-15 04:53:25.762701+00:00,29.003150939941406
2025-08-15 04:53:26.844274+00:00,29.003150939941406
2025-08-15 04:53:29.359355+00:00,29.003150939941406
2025-08-15 04:53:30.882880+00:00,29.018602521537105
2025-08-15 04:53:31.257845+00:00,29.003150939941406
2025-08-15 04:53:34.220852+00:00,29.0134519940475
2025-08-15 04:53:35.716748+00:00,29.008301466848934
2025-08-15 04:53:37.549488+00:00,29.003150939941406
2025-08-15 04:53:38.472490+00:00,29.003150939941406
2025-08-15 04:53:38.823719+00:00,29.008301466848934
2025-08-15 04:53:41.350324+00:00,29.008301466848934
2025-08-15 04:53:43.666854+00:00,28.987699360965053
2025-08-15 04:53:44.894482+00:00,29.0134519940475
2025-08-15 04:53:46.101293+00:00,29.0134519940475
2025-08-15 04:53:47.199976+00:00,29.008301466848934
2025-08-15 04:53:48.169903+00:00,29.02890357738943
2025-08-15 04:53:49.915233+00:00,29.018602521537105
2025-08-15 04:53:52.520944+00:00,29.0134519940475
2025-08-15 04:53:53.789043+00:00,29.0134519940475
2025-08-15 04:53:54.196813+00:00,29.008301466848934
2025-08-15 04:53:54.833379+00:00,29.008301466848934
2025-08-15 04:53:55.152788+00:00,29.008301466848934
2025-08-15 04:53:55.452933+00:00,29.0443551633507
2025-08-15 04:53:58.400263+00:00,29.0134519940475
2025-08-15 04:53:59.180869+00:00,29.003150939941406
2025-08-15 04:53:59.895690+00:00,29.0134519940475
2025-08-15 04:54:00.948300+00:00,29.008301466848934
2025-08-15 04:54:02.697869+00:00,29.008301466848934
2025-08-15 04:54:05.323959+00:00,29.003150939941406
2025-08-15 04:54:06.535706+00:00,29.0134519940475
2025-08-15 04:54:07.429622+00:00,29.0134519940475
2025-08-15 04:54:08.725645+00:00,29.0134519940475
2025-08-15 04:54:09.994156+00:00,29.0134519940475
2025-08-15 04:54:14.647462+00:00,29.0134519940475
2025-08-15 04:54:15.083574+00:00,29.018602521537105
2025-08-15 04:54:15.464659+00:00,29.0134519940475
2025-08-15 04:54:19.397318+00:00,29.008301466848934
2025-08-15 04:54:19.686941+00:00,29.018602521537105
2025-08-15 04:54:20.929415+00:00,29.003150939941406
2025-08-15 04:54:22.287824+00:00,29.018602521537105
2025-08-15 04:54:23.141576+00:00,29.008301466848934
2025-08-15 04:54:33.316212+00:00,29.018602521537105
2025-08-15 04:54:33.866956+00:00,29.003150939941406
2025-08-15 04:54:34.146113+00:00,29.008301466848934
2025-08-15 04:54:34.437260+00:00,29.0134519940475
2025-08-15 04:54:34.779798+00:00,29.0134519940475
2025-08-15 04:54:35.038654+00:00,29.008301466848934
2025-08-15 04:54:35.313077+00:00,29.003150939941406
2025-08-15 04:54:35.632793+00:00,29.0134519940475
2025-08-15 04:54:37.752897+00:00,29.0134519940475
2025-08-15 04:54:39.821313+00:00,29.008301466848934
2025-08-15 04:54:40.719054+00:00,29.0134519940475
2025-08-15 04:54:43.246874+00:00,29.003150939941406
2025-08-15 04:54:44.111239+00:00,28.998000413324917
2025-08-15 04:54:44.570802+00:00,28.992849886999466
2025-08-15 04:54:46.297210+00:00,29.003150939941406
2025-08-15 04:54:50.405127+00:00,28.998000413324917
2025-08-15 04:54:51.561898+00:00,29.003150939941406
2025-08-15 04:54:53.007029+00:00,29.003150939941406
2025-08-15 04:54:53.453667+00:00,28.998000413324917
2025-08-15 04:54:53.983340+00:00,28.998000413324917
2025-08-15 04:54:54.795832+00:00,28.992849886999466
2025-08-15 04:54:55.405763+00:00,28.998000413324917
2025-08-15 04:54:56.163311+00:00,28.992849886999466
2025-08-15 04:55:01.911702+00:00,28.992849886999466
2025-08-15 04:55:02.580234+00:00,28.992849886999466
2025-08-15 04:55:03.053954+00:00,29.003150939941406
2025-08-15 04:55:04.098901+00:00,28.992849886999466
2025-08-15 04:55:05.745481+00:00,28.998000413324917
2025-08-15 04:55:10.630524+00:00,28.982548835221678
2025-08-15 04:55:10.991488+00:00,28.992849886999466
2025-08-15 04:55:11.493022+00:00,28.972247784608044
2025-08-15 04:55:12.862552+00:00,28.982548835221678
2025-08-15 04:55:14.200662+00:00,28.992849886999466
2025-08-15 04:55:15.905345+00:00,28.992849886999466
2025-08-15 04:55:17.404254+00:00,28.982548835221678
2025-08-15 04:55:21.580072+00:00,28.998000413324917
2025-08-15 04:55:22.170352+00:00,28.987699360965053
2025-08-15 04:55:23.579481+00:00,28.992849886999466
2025-08-15 04:55:25.956461+00:00,28.987699360965053
2025-08-15 04:55:27.506997+00:00,28.992849886999466
2025-08-15 04:55:30.534263+00:00,28.982548835221678
2025-08-15 04:55:34.104169+00:00,28.982548835221678
2025-08-15 04:55:34.613023+00:00,28.982548835221678
2025-08-15 04:55:36.442500+00:00,28.97739830976934
2025-08-15 04:55:36.846699+00:00,28.972247784608044
2025-08-15 04:55:37.219069+00:00,28.97739830976934
2025-08-15 04:55:37.573209+00:00,28.972247784608044
2025-08-15 04:55:38.123332+00:00,28.97739830976934
2025-08-15 04:55:40.230395+00:00,28.97739830976934
2025-08-15 04:55:42.263408+00:00,28.992849886999466
2025-08-15 04:55:44.436577+00:00,28.987699360965053
2025-08-15 04:55:47.523366+00:00,28.987699360965053
2025-08-15 04:55:50.668249+00:00,28.992849886999466
2025-08-15 04:55:54.500283+00:00,28.982548835221678
2025-08-15 04:55:59.170398+00:00,28.992849886999466
2025-08-15 04:55:59.679150+00:00,29.003150939941406
2025-08-15 04:56:01.629435+00:00,28.992849886999466
2025-08-15 04:56:02.617281+00:00,29.003150939941406
2025-08-15 04:56:03.068594+00:00,28.992849886999466
2025-08-15 04:56:08.869765+00:00,29.003150939941406
2025-08-15 04:56:09.225348+00:00,28.998000413324917
2025-08-15 04:56:09.605760+00:00,28.998000413324917
2025-08-15 04:56:09.968620+00:00,29.003150939941406
2025-08-15 04:56:11.808021+00:00,29.003150939941406
2025-08-15 04:56:12.169517+00:00,29.008301466848934
2025-08-15 04:56:13.945126+00:00,29.0134519940475
2025-08-15 04:56:14.259726+00:00,29.008301466848934
2025-08-15 04:56:15.221237+00:00,29.008301466848934
2025-08-15 04:56:18.437886+00:00,29.008301466848934
2025-08-15 04:56:18.800545+00:00,29.003150939941406
2025-08-15 04:56:19.158294+00:00,29.008301466848934
2025-08-15 04:56:19.837066+00:00,29.003150939941406
2025-08-15 04:56:20.119265+00:00,29.0134519940475
2025-08-15 04:56:24.197869+00:00,29.0134519940475
2025-08-15 04:56:25.919685+00:00,29.018602521537105
2025-08-15 04:56:26.406055+00:00,29.0134519940475
2025-08-15 04:56:28.095721+00:00,29.018602521537105
2025-08-15 04:56:29.908047+00:00,29.003150939941406
2025-08-15 04:56:30.302823+00:00,29.008301466848934
2025-08-15 04:56:30.822410+00:00,29.018602521537105
2025-08-15 04:56:34.665790+00:00,29.0134519940475
2025-08-15 04:56:36.960865+00:00,29.008301466848934
2025-08-15 04:56:39.074008+00:00,29.008301466848934
2025-08-15 04:56:41.354168+00:00,29.0134519940475
2025-08-15 04:56:42.442452+00:00,29.023753049317747
2025-08-15 04:56:43.060422+00:00,29.008301466848934
2025-08-15 04:56:46.100660+00:00,29.0134519940475
2025-08-15 04:56:49.017564+00:00,29.023753049317747
2025-08-15 04:56:49.369631+00:00,29.018602521537105
2025-08-15 04:56:50.668712+00:00,29.023753049317747
2025-08-15 04:56:51.776021+00:00,29.023753049317747
2025-08-15 04:56:53.759088+00:00,29.0134519940475
2025-08-15 04:56:54.942202+00:00,29.018602521537105
2025-08-15 04:56:56.299127+00:00,29.0134519940475
2025-08-15 04:56:56.693537+00:00,29.02890357738943
2025-08-15 04:56:57.601712+00:00,29.0134519940475
2025-08-15 04:57:00.690199+00:00,29.0134519940475
2025-08-15 04:57:01.242624+00:00,29.018602521537105
2025-08-15 04:57:01.586851+00:00,29.0134519940475
2025-08-15 04:57:01.977554+00:00,29.023753049317747
2025-08-15 04:57:04.394657+00:00,29.0134519940475
2025-08-15 04:57:10.370384+00:00,29.023753049317747
2025-08-15 04:57:12.043009+00:00,29.018602521537105
2025-08-15 04:57:13.395661+00:00,29.0134519940475
2025-08-15 04:57:13.705310+00:00,29.02890357738943
2025-08-15 04:57:18.792407+00:00,29.023753049317747
2025-08-15 04:57:19.166258+00:00,29.034054105752148
2025-08-15 04:57:19.427108+00:00,29.023753049317747
2025-08-15 04:57:19.709733+00:00,29.023753049317747
2025-08-15 04:57:20.980230+00:00,29.02890357738943
2025-08-15 04:57:21.820138+00:00,29.018602521537105
2025-08-15 04:57:22.673353+00:00,29.018602521537105
2025-08-15 04:57:23.142388+00:00,29.018602521537105
2025-08-15 04:57:24.194279+00:00,29.018602521537105
2025-08-15 04:57:25.520706+00:00,29.023753049317747
2025-08-15 04:57:27.008264+00:00,29.018602521537105
2025-08-15 04:57:28.884689+00:00,29.023753049317747
2025-08-15 04:57:37.490578+00:00,29.023753049317747
2025-08-15 04:57:39.159407+00:00,29.003150939941406
2025-08-15 04:57:39.569130+00:00,29.0134519940475
2025-08-15 04:57:39.869044+00:00,29.023753049317747
2025-08-15 04:57:42.227241+00:00,29.003150939941406
2025-08-15 04:57:42.951366+00:00,29.008301466848934
2025-08-15 04:57:43.212298+00:00,29.0134519940475
2025-08-15 04:57:43.485579+00:00,29.023753049317747
2025-08-15 04:57:44.972063+00:00,29.008301466848934
2025-08-15 04:57:48.166881+00:00,29.018602521537105
2025-08-15 04:57:52.156338+00:00,29.008301466848934
2025-08-15 04:57:52.931321+00:00,29.0134519940475
2025-08-15 04:57:55.864276+00:00,29.0134519940475
2025-08-15 04:57:58.470370+00:00,29.0134519940475
2025-08-15 04:57:59.863711+00:00,29.008301466848934
2025-08-15 04:58:04.683577+00:00,29.008301466848934
2025-08-15 04:58:06.642330+00:00,29.0134519940475
2025-08-15 04:58:07.068752+00:00,29.0134519940475
2025-08-15 04:58:07.591929+00:00,29.018602521537105
2025-08-15 04:58:09.801481+00:00,29.008301466848934
2025-08-15 04:58:11.542343+00:00,29.018602521537105
2025-08-15 04:58:13.045495+00:00,29.008301466848934
2025-08-15 04:58:16.802946+00:00,29.008301466848934
2025-08-15 04:58:18.543835+00:00,29.0134519940475
2025-08-15 04:58:19.948986+00:00,29.003150939941406
2025-08-15 04:58:22.100491+00:00,29.0134519940475
2025-08-15 04:58:22.419315+00:00,29.018602521537105
2025-08-15 04:58:24.531118+00:00,29.003150939941406
2025-08-15 04:58:25.525347+00:00,29.003150939941406
2025-08-15 04:58:26.319367+00:00,29.018602521537105
2025-08-15 04:58:29.899015+00:00,29.003150939941406
2025-08-15 04:58:30.644331+00:00,29.003150939941406
2025-08-15 04:58:31.230223+00:00,29.003150939941406
2025-08-15 04:58:31.715069+00:00,29.003150939941406
2025-08-15 04:58:32.582407+00:00,29.003150939941406
2025-08-15 04:58:34.405235+00:00,28.998000413324917
2025-08-15 04:58:37.731142+00:00,28.998000413324917
2025-08-15 04:58:38.284098+00:00,28.992849886999466
2025-08-15 04:58:41.039181+00:00,28.987699360965053
2025-08-15 04:58:43.661726+00:00,28.987699360965053
2025-08-15 04:58:45.260147+00:00,28.992849886999466
2025-08-15 04:58:46.693492+00:00,28.998000413324917
2025-08-15 04:58:47.911982+00:00,28.992849886999466
2025-08-15 04:58:48.899953+00:00,28.998000413324917
2025-08-15 04:58:50.051466+00:00,29.003150939941406
2025-08-15 04:58:50.362503+00:00,28.992849886999466
2025-08-15 04:58:50.803587+00:00,29.003150939941406
2025-08-15 04:58:55.855737+00:00,28.998000413324917
2025-08-15 04:58:56.132514+00:00,29.003150939941406
2025-08-15 04:58:56.642072+00:00,29.003150939941406
2025-08-15 04:58:57.754484+00:00,28.992849886999466
2025-08-15 04:58:58.179363+00:00,28.998000413324917
2025-08-15 04:58:58.831348+00:00,28.998000413324917
2025-08-15 04:58:59.623998+00:00,28.992849886999466
2025-08-15 04:59:03.173867+00:00,29.003150939941406
2025-08-15 04:59:04.157752+00:00,28.998000413324917
2025-08-15 04:59:07.616973+00:00,28.998000413324917
2025-08-15 04:59:11.175068+00:00,28.998000413324917
2025-08-15 04:59:12.119496+00:00,28.998000413324917
2025-08-15 04:59:17.157290+00:00,29.008301466848934
2025-08-15 04:59:19.324014+00:00,28.992849886999466
2025-08-15 04:59:19.602065+00:00,29.008301466848934
2025-08-15 04:59:21.938340+00:00,29.003150939941406
2025-08-15 04:59:23.827632+00:00,29.003150939941406
2025-08-15 04:59:24.454874+00:00,29.008301466848934
2025-08-15 04:59:26.893903+00:00,28.998000413324917
2025-08-15 04:59:28.282444+00:00,29.0134519940475
2025-08-15 04:59:29.458853+00:00,28.998000413324917
2025-08-15 04:59:30.766108+00:00,28.998000413324917
2025-08-15 04:59:34.074305+00:00,29.003150939941406
2025-08-15 04:59:35.273361+00:00,29.008301466848934
2025-08-15 04:59:35.540632+00:00,29.008301466848934
2025-08-15 04:59:35.949381+00:00,29.003150939941406
2025-08-15 04:59:36.368029+00:00,29.008301466848934
2025-08-15 04:59:37.369466+00:00,29.003150939941406
2025-08-15 04:59:41.033700+00:00,29.0134519940475
2025-08-15 04:59:42.926723+00:00,29.003150939941406
2025-08-15 04:59:44.314935+00:00,29.0134519940475
2025-08-15 04:59:44.732265+00:00,29.003150939941406
2025-08-15 04:59:44.997228+00:00,29.0134519940475
2025-08-15 04:59:45.391559+00:00,29.0134519940475
2025-08-15 04:59:45.942288+00:00,29.008301466848934
2025-08-15 04:59:47.586123+00:00,29.0134519940475
2025-08-15 04:59:54.010092+00:00,29.0134519940475
2025-08-15 04:59:54.543998+00:00,29.003150939941406
2025-08-15 04:59:57.202822+00:00,29.008301466848934
2025-08-15 04:59:57.668445+00:00,29.0134519940475
2025-08-15 04:59:58.136215+00:00,29.0134519940475
2025-08-15 05:00:01.057306+00:00,29.0134519940475
2025-08-15 05:00:01.550796+00:00,29.023753049317747
2025-08-15 05:00:02.946511+00:00,29.008301466848934
2025-08-15 05:00:07.774090+00:00,29.003150939941406
2025-08-15 05:00:14.824220+00:00,29.008301466848934
2025-08-15 05:00:15.826960+00:00,29.003150939941406
2025-08-15 05:00:16.736114+00:00,29.003150939941406
2025-08-15 05:00:20.553104+00:00,29.0134519940475
2025-08-15 05:00:20.963702+00:00,29.003150939941406
2025-08-15 05:00:21.420808+00:00,29.0134519940475
2025-08-15 05:00:24.799793+00:00,29.008301466848934
2025-08-15 05:00:25.680978+00:00,28.998000413324917
2025-08-15 05:00:27.627713+00:00,29.008301466848934
2025-08-15 05:00:30.708367+00:00,29.008301466848934
2025-08-15 05:00:31.111512+00:00,29.003150939941406
2025-08-15 05:00:31.870198+00:00,29.018602521537105
2025-08-15 05:00:33.800669+00:00,29.0134519940475
2025-08-15 05:00:34.534024+00:00,29.0134519940475
2025-08-15 05:00:38.586462+00:00,29.0134519940475
2025-08-15 05:00:39.506231+00:00,29.018602521537105
2025-08-15 05:00:39.947974+00:00,29.023753049317747
2025-08-15 05:00:40.395302+00:00,29.023753049317747
2025-08-15 05:00:41.711457+00:00,29.018602521537105
2025-08-15 05:00:44.269035+00:00,29.023753049317747
2025-08-15 05:00:44.645866+00:00,29.039204634405905
2025-08-15 05:00:46.157040+00:00,29.02890357738943
2025-08-15 05:00:46.634468+00:00,29.034054105752148
2025-08-15 05:00:47.569896+00:00,29.023753049317747
2025-08-15 05:00:50.992232+00:00,29.034054105752148
2025-08-15 05:00:51.479947+00:00,29.02890357738943
2025-08-15 05:00:52.965413+00:00,29.023753049317747
2025-08-15 05:00:53.472288+00:00,29.039204634405905
2025-08-15 05:00:54.242336+00:00,29.02890357738943
2025-08-15 05:00:54.561071+00:00,29.023753049317747
2025-08-15 05:00:57.765858+00:00,29.034054105752148
2025-08-15 05:00:59.646942+00:00,29.02890357738943
2025-08-15 05:01:00.455088+00:00,29.023753049317747
2025-08-15 05:01:02.177193+00:00,29.034054105752148
2025-08-15 05:01:02.551758+00:00,29.034054105752148
2025-08-15 05:01:02.971860+00:00,29.02890357738943
2025-08-15 05:01:04.917415+00:00,29.023753049317747
2025-08-15 05:01:05.517535+00:00,29.02890357738943
2025-08-15 05:01:07.313696+00:00,29.023753049317747
2025-08-15 05:01:07.765026+00:00,29.023753049317747
2025-08-15 05:01:10.446920+00:00,29.023753049317747
2025-08-15 05:01:10.944437+00:00,29.023753049317747
2025-08-15 05:01:14.710363+00:00,29.018602521537105
2025-08-15 05:01:16.201845+00:00,29.018602521537105
2025-08-15 05:01:16.583177+00:00,29.0134519940475
2025-08-15 05:01:17.046425+00:00,29.018602521537105
2025-08-15 05:01:20.155942+00:00,29.023753049317747
2025-08-15 05:01:20.624216+00:00,29.02890357738943
2025-08-15 05:01:21.913940+00:00,29.023753049317747
2025-08-15 05:01:22.585858+00:00,29.018602521537105
2025-08-15 05:01:23.680149+00:00,29.018602521537105
2025-08-15 05:01:24.331995+00:00,29.023753049317747
2025-08-15 05:01:25.560963+00:00,29.023753049317747
2025-08-15 05:01:27.629389+00:00,29.023753049317747
2025-08-15 05:01:28.685167+00:00,29.018602521537105
2025-08-15 05:01:32.161024+00:00,29.0134519940475
2025-08-15 05:01:32.842233+00:00,29.018602521537105
2025-08-15 05:01:33.395143+00:00,29.018602521537105
2025-08-15 05:01:35.179414+00:00,29.023753049317747
2025-08-15 05:01:37.620971+00:00,29.023753049317747
2025-08-15 05:01:41.001956+00:00,29.023753049317747
2025-08-15 05:01:41.337647+00:00,29.0134519940475
2025-08-15 05:01:42.554988+00:00,29.0134519940475
2025-08-15 05:01:42.981338+00:00,29.034054105752148
2025-08-15 05:01:43.495058+00:00,29.023753049317747
2025-08-15 05:01:43.992562+00:00,29.023753049317747
2025-08-15 05:01:45.698822+00:00,29.023753049317747
2025-08-15 05:01:50.812496+00:00,29.023753049317747
2025-08-15 05:01:53.370194+00:00,29.023753049317747
2025-08-15 05:01:54.673052+00:00,29.0134519940475
2025-08-15 05:01:56.553742+00:00,29.008301466848934
2025-08-15 05:01:56.928668+00:00,29.008301466848934
2025-08-15 05:01:57.246001+00:00,29.0134519940475
2025-08-15 05:01:57.745311+00:00,29.023753049317747
2025-08-15 05:01:58.665660+00:00,29.023753049317747
2025-08-15 05:01:59.626968+00:00,29.023753049317747
2025-08-15 05:02:00.188257+00:00,29.018602521537105
2025-08-15 05:02:00.807072+00:00,29.018602521537105
2025-08-15 05:02:04.303332+00:00,29.0134519940475
2025-08-15 05:02:05.855531+00:00,29.003150939941406
2025-08-15 05:02:07.458656+00:00,29.008301466848934
2025-08-15 05:02:09.321915+00:00,29.018602521537105
2025-08-15 05:02:11.638556+00:00,29.018602521537105
2025-08-15 05:02:13.625361+00:00,29.023753049317747
2025-08-15 05:02:18.454249+00:00,29.008301466848934
2025-08-15 05:02:20.249233+00:00,29.018602521537105
2025-08-15 05:02:21.201495+00:00,29.008301466848934
2025-08-15 05:02:24.285936+00:00,29.008301466848934
2025-08-15 05:02:24.535541+00:00,29.0134519940475
2025-08-15 05:02:24.936109+00:00,29.023753049317747
2025-08-15 05:02:25.270689+00:00,29.023753049317747
2025-08-15 05:02:25.772847+00:00,29.0134519940475
2025-08-15 05:02:27.082660+00:00,29.023753049317747
2025-08-15 05:02:29.713767+00:00,29.023753049317747
2025-08-15 05:02:30.120658+00:00,29.02890357738943
2025-08-15 05:02:30.574812+00:00,29.023753049317747
2025-08-15 05:02:34.542282+00:00,29.023753049317747
2025-08-15 05:02:36.004794+00:00,29.018602521537105
2025-08-15 05:02:36.764700+00:00,29.023753049317747
2025-08-15 05:02:38.769275+00:00,29.023753049317747
2025-08-15 05:02:44.543532+00:00,29.02890357738943
2025-08-15 05:02:49.581780+00:00,29.034054105752148
2025-08-15 05:02:53.230099+00:00,29.023753049317747
2025-08-15 05:02:53.866934+00:00,29.02890357738943
2025-08-15 05:02:54.219246+00:00,29.02890357738943
2025-08-15 05:02:55.312170+00:00,29.023753049317747
2025-08-15 05:02:55.636829+00:00,29.034054105752148
2025-08-15 05:02:55.953719+00:00,29.02890357738943
2025-08-15 05:02:56.256195+00:00,29.034054105752148
2025-08-15 05:02:57.065512+00:00,29.034054105752148
2025-08-15 05:02:57.441554+00:00,29.02890357738943
2025-08-15 05:02:59.837606+00:00,29.018602521537105
2025-08-15 05:03:03.246880+00:00,29.023753049317747
2025-08-15 05:03:07.541906+00:00,29.02890357738943
2025-08-15 05:03:09.586756+00:00,29.02890357738943
2025-08-15 05:03:13.068206+00:00,29.034054105752148
2025-08-15 05:03:13.877290+00:00,29.02890357738943
2025-08-15 05:03:15.537075+00:00,29.02890357738943
2025-08-15 05:03:17.301962+00:00,29.023753049317747
2025-08-15 05:03:18.942313+00:00,29.02890357738943
2025-08-15 05:03:20.468631+00:00,29.039204634405905
2025-08-15 05:03:20.903222+00:00,29.034054105752148
2025-08-15 05:03:21.413247+00:00,29.034054105752148
2025-08-15 05:03:21.715216+00:00,29.0443551633507
2025-08-15 05:03:22.201378+00:00,29.039204634405905
2025-08-15 05:03:23.458451+00:00,29.034054105752148
2025-08-15 05:03:24.419528+00:00,29.039204634405905
2025-08-15 05:03:27.300309+00:00,29.034054105752148
2025-08-15 05:03:27.812045+00:00,29.02890357738943
2025-08-15 05:03:29.899991+00:00,29.023753049317747
2025-08-15 05:03:30.627069+00:00,29.023753049317747
2025-08-15 05:03:31.500933+00:00,29.023753049317747
2025-08-15 05:03:32.803288+00:00,29.02890357738943
2025-08-15 05:03:35.650759+00:00,29.0134519940475
2025-08-15 05:03:38.090647+00:00,29.034054105752148
2025-08-15 05:03:38.966267+00:00,29.039204634405905
2025-08-15 05:03:39.917173+00:00,29.034054105752148
2025-08-15 05:03:40.836584+00:00,29.034054105752148
2025-08-15 05:03:41.368407+00:00,29.039204634405905
2025-08-15 05:03:41.898734+00:00,29.02890357738943
2025-08-15 05:03:42.444482+00:00,29.039204634405905
2025-08-15 05:03:43.902488+00:00,29.023753049317747
2025-08-15 05:03:44.520434+00:00,29.023753049317747
2025-08-15 05:03:44.786924+00:00,29.02890357738943
2025-08-15 05:03:48.683261+00:00,29.034054105752148
2025-08-15 05:03:49.889260+00:00,29.034054105752148
2025-08-15 05:03:50.644929+00:00,29.02890357738943
2025-08-15 05:03:57.479589+00:00,29.034054105752148
2025-08-15 05:03:58.467896+00:00,29.023753049317747
2025-08-15 05:03:59.456333+00:00,29.018602521537105
2025-08-15 05:04:01.909715+00:00,29.023753049317747
2025-08-15 05:04:04.569188+00:00,29.02890357738943
2025-08-15 05:04:05.377454+00:00,29.023753049317747
2025-08-15 05:04:14.151123+00:00,29.02890357738943
2025-08-15 05:04:17.925687+00:00,29.02890357738943
2025-08-15 05:04:18.726945+00:00,29.0443551633507
2025-08-15 05:04:21.424941+00:00,29.018602521537105
2025-08-15 05:04:24.051529+00:00,29.018602521537105
2025-08-15 05:04:27.528320+00:00,29.02890357738943
2025-08-15 05:04:28.522280+00:00,29.023753049317747
2025-08-15 05:04:29.055977+00:00,29.02890357738943
2025-08-15 05:04:31.161189+00:00,29.02890357738943
2025-08-15 05:04:32.482160+00:00,29.02890357738943
2025-08-15 05:04:35.898956+00:00,29.0134519940475
2025-08-15 05:04:38.171323+00:00,29.02890357738943
2025-08-15 05:04:38.680664+00:00,29.034054105752148
2025-08-15 05:04:39.925273+00:00,29.018602521537105
2025-08-15 05:04:41.417376+00:00,29.02890357738943
2025-08-15 05:04:42.514811+00:00,29.02890357738943
2025-08-15 05:04:44.366181+00:00,29.02890357738943
2025-08-15 05:04:48.910467+00:00,29.023753049317747
2025-08-15 05:04:49.445683+00:00,29.02890357738943
2025-08-15 05:04:49.922091+00:00,29.023753049317747
2025-08-15 05:04:50.564048+00:00,29.034054105752148
2025-08-15 05:04:52.954943+00:00,29.023753049317747
2025-08-15 05:04:53.931882+00:00,29.02890357738943
2025-08-15 05:04:57.515525+00:00,29.0443551633507
2025-08-15 05:04:58.136492+00:00,29.034054105752148
2025-08-15 05:04:58.428694+00:00,29.034054105752148
2025-08-15 05:04:58.758009+00:00,29.034054105752148
2025-08-15 05:05:02.633998+00:00,29.02890357738943
2025-08-15 05:05:02.998641+00:00,29.039204634405905
2025-08-15 05:05:12.435179+00:00,29.0443551633507
2025-08-15 05:05:16.196923+00:00,29.054656222113408
2025-08-15 05:05:16.671521+00:00,29.054656222113408
2025-08-15 05:05:17.205049+00:00,29.054656222113408
2025-08-15 05:05:17.834076+00:00,29.054656222113408
2025-08-15 05:05:18.584985+00:00,29.054656222113408
2025-08-15 05:05:21.848689+00:00,29.064957282040268
2025-08-15 05:05:22.751840+00:00,29.05980675193132
2025-08-15 05:05:23.352186+00:00,29.064957282040268
2025-08-15 05:05:24.119878+00:00,29.05980675193132
2025-08-15 05:05:25.046619+00:00,29.054656222113408
2025-08-15 05:05:25.723232+00:00,29.05980675193132
2025-08-15 05:05:26.290089+00:00,29.054656222113408
2025-08-15 05:05:26.676018+00:00,29.05980675193132
2025-08-15 05:05:27.019648+00:00,29.064957282040268
2025-08-15 05:05:27.428547+00:00,29.064957282040268
2025-08-15 05:05:27.838327+00:00,29.064957282040268
2025-08-15 05:05:31.091779+00:00,29.054656222113408
2025-08-15 05:05:32.009867+00:00,29.05980675193132
2025-08-15 05:05:37.457582+00:00,29.05980675193132
2025-08-15 05:05:37.861362+00:00,29.054656222113408
2025-08-15 05:05:43.618479+00:00,29.064957282040268
2025-08-15 05:05:44.966069+00:00,29.054656222113408
2025-08-15 05:05:45.715471+00:00,29.064957282040268
2025-08-15 05:05:46.857547+00:00,29.05980675193132
2025-08-15 05:05:48.140389+00:00,29.049505692586536
2025-08-15 05:05:49.331494+00:00,29.05980675193132
2025-08-15 05:05:50.084177+00:00,29.064957282040268
2025-08-15 05:05:52.572420+00:00,29.05980675193132
2025-08-15 05:05:53.998045+00:00,29.064957282040268
2025-08-15 05:05:55.004425+00:00,29.064957282040268
2025-08-15 05:05:57.596393+00:00,29.064957282040268
2025-08-15 05:05:58.280947+00:00,29.05980675193132
2025-08-15 05:06:00.579504+00:00,29.054656222113408
2025-08-15 05:06:01.016706+00:00,29.05980675193132
2025-08-15 05:06:01.581985+00:00,29.054656222113408
2025-08-15 05:06:02.027113+00:00,29.064957282040268
2025-08-15 05:06:12.006450+00:00,29.064957282040268
2025-08-15 05:06:12.291731+00:00,29.064957282040268
2025-08-15 05:06:14.168701+00:00,29.049505692586536
2025-08-15 05:06:14.661968+00:00,29.064957282040268
2025-08-15 05:06:18.024435+00:00,29.05980675193132
2025-08-15 05:06:18.740278+00:00,29.054656222113408
2025-08-15 05:06:18.955661+00:00,29.054656222113408
2025-08-15 05:06:19.266945+00:00,29.054656222113408
2025-08-15 05:06:19.826301+00:00,29.054656222113408
2025-08-15 05:06:21.544528+00:00,29.054656222113408
2025-08-15 05:06:21.779555+00:00,29.05980675193132
2025-08-15 05:06:22.062851+00:00,29.05980675193132
2025-08-15 05:06:22.457467+00:00,29.070107812440256
2025-08-15 05:06:25.639952+00:00,29.05980675193132
2025-08-15 05:06:27.133817+00:00,29.07525834313128
2025-08-15 05:06:29.815776+00:00,29.054656222113408
2025-08-15 05:06:30.746525+00:00,29.054656222113408
2025-08-15 05:06:32.490414+00:00,29.064957282040268
2025-08-15 05:06:33.715211+00:00,29.064957282040268
2025-08-15 05:06:34.026071+00:00,29.054656222113408
2025-08-15 05:06:34.347897+00:00,29.064957282040268
2025-08-15 05:06:36.493721+00:00,29.049505692586536
2025-08-15 05:06:38.498212+00:00,29.05980675193132
2025-08-15 05:06:40.475677+00:00,29.054656222113408
2025-08-15 05:06:41.660904+00:00,29.064957282040268
2025-08-15 05:06:41.979751+00:00,29.064957282040268
2025-08-15 05:06:42.228588+00:00,29.07525834313128
2025-08-15 05:06:43.892551+00:00,29.064957282040268
2025-08-15 05:06:46.699070+00:00,29.054656222113408
2025-08-15 05:06:47.526120+00:00,29.064957282040268
2025-08-15 05:06:48.321179+00:00,29.064957282040268
2025-08-15 05:06:48.695527+00:00,29.05980675193132
2025-08-15 05:06:50.674801+00:00,29.05980675193132
2025-08-15 05:06:51.802907+00:00,29.070107812440256
2025-08-15 05:06:55.232690+00:00,29.05980675193132
2025-08-15 05:06:57.514963+00:00,29.054656222113408
2025-08-15 05:06:59.223038+00:00,29.05980675193132
2025-08-15 05:06:59.858078+00:00,29.064957282040268
2025-08-15 05:07:00.268474+00:00,29.064957282040268
2025-08-15 05:07:03.311080+00:00,29.05980675193132
2025-08-15 05:07:03.692257+00:00,29.064957282040268
2025-08-15 05:07:08.096885+00:00,29.070107812440256
2025-08-15 05:07:08.721446+00:00,29.05980675193132
2025-08-15 05:07:10.376205+00:00,29.064957282040268
2025-08-15 05:07:12.581652+00:00,29.054656222113408
2025-08-15 05:07:13.993158+00:00,29.054656222113408
2025-08-15 05:07:15.607228+00:00,29.054656222113408
2025-08-15 05:07:17.264456+00:00,29.054656222113408
2025-08-15 05:07:18.144683+00:00,29.05980675193132
2025-08-15 05:07:19.898794+00:00,29.064957282040268
2025-08-15 05:07:21.403939+00:00,29.054656222113408
2025-08-15 05:07:21.710374+00:00,29.054656222113408
2025-08-15 05:07:21.912123+00:00,29.05980675193132
2025-08-15 05:07:25.697854+00:00,29.054656222113408
2025-08-15 05:07:26.022019+00:00,29.05980675193132
2025-08-15 05:07:26.972246+00:00,29.05980675193132
2025-08-15 05:07:27.207866+00:00,29.064957282040268
2025-08-15 05:07:28.479457+00:00,29.064957282040268
2025-08-15 05:07:29.080776+00:00,29.070107812440256
2025-08-15 05:07:29.966911+00:00,29.070107812440256
2025-08-15 05:07:32.501792+00:00,29.064957282040268
2025-08-15 05:07:34.581686+00:00,29.064957282040268
2025-08-15 05:07:35.456828+00:00,29.054656222113408
2025-08-15 05:07:35.756032+00:00,29.054656222113408
2025-08-15 05:07:36.256649+00:00,29.05980675193132
2025-08-15 05:07:37.228215+00:00,29.064957282040268
2025-08-15 05:07:37.808867+00:00,29.064957282040268
2025-08-15 05:07:38.712674+00:00,29.05980675193132
2025-08-15 05:07:39.200969+00:00,29.07525834313128
2025-08-15 05:07:41.123505+00:00,29.070107812440256
2025-08-15 05:07:41.629315+00:00,29.07525834313128
2025-08-15 05:07:43.925581+00:00,29.070107812440256
2025-08-15 05:07:44.778279+00:00,29.070107812440256
2025-08-15 05:07:46.840752+00:00,29.064957282040268
2025-08-15 05:07:47.463801+00:00,29.070107812440256
2025-08-15 05:07:48.219269+00:00,29.070107812440256
2025-08-15 05:07:48.537764+00:00,29.064957282040268
2025-08-15 05:07:48.755078+00:00,29.070107812440256
2025-08-15 05:07:50.039640+00:00,29.064957282040268
2025-08-15 05:07:50.343864+00:00,29.07525834313128
2025-08-15 05:07:52.023122+00:00,29.064957282040268
2025-08-15 05:07:53.516687+00:00,29.064957282040268
2025-08-15 05:07:54.195365+00:00,29.070107812440256
2025-08-15 05:07:54.855827+00:00,29.07525834313128
2025-08-15 05:07:56.357452+00:00,29.070107812440256
2025-08-15 05:07:58.014903+00:00,29.070107812440256
2025-08-15 05:07:58.354715+00:00,29.064957282040268
2025-08-15 05:07:58.565739+00:00,29.07525834313128
2025-08-15 05:08:06.669110+00:00,29.054656222113408
2025-08-15 05:08:09.428043+00:00,29.07525834313128
2025-08-15 05:08:10.037721+00:00,29.070107812440256
2025-08-15 05:08:10.329174+00:00,29.064957282040268
2025-08-15 05:08:10.704345+00:00,29.07525834313128
2025-08-15 05:08:11.248388+00:00,29.064957282040268
2025-08-15 05:08:11.815660+00:00,29.080408874113346
2025-08-15 05:08:13.144816+00:00,29.064957282040268
2025-08-15 05:08:13.864443+00:00,29.07525834313128
2025-08-15 05:08:19.410073+00:00,29.070107812440256
2025-08-15 05:08:20.301986+00:00,29.070107812440256
2025-08-15 05:08:20.529411+00:00,29.080408874113346
2025-08-15 05:08:21.105998+00:00,29.07525834313128
2025-08-15 05:08:21.464497+00:00,29.09070993695059
2025-08-15 05:08:23.840214+00:00,29.080408874113346
2025-08-15 05:08:24.247069+00:00,29.080408874113346
2025-08-15 05:08:24.815449+00:00,29.080408874113346
2025-08-15 05:08:26.585080+00:00,29.085559405386448
2025-08-15 05:08:27.572418+00:00,29.080408874113346
2025-08-15 05:08:28.528089+00:00,29.080408874113346
2025-08-15 05:08:28.905681+00:00,29.09070993695059
2025-08-15 05:08:29.066934+00:00,29.09070993695059
2025-08-15 05:08:30.257311+00:00,29.095860468805768
2025-08-15 05:08:36.468653+00:00,29.085559405386448
2025-08-15 05:08:37.586441+00:00,29.080408874113346
2025-08-15 05:08:38.138066+00:00,29.085559405386448
2025-08-15 05:08:38.771933+00:00,29.085559405386448
2025-08-15 05:08:39.140874+00:00,29.080408874113346
2025-08-15 05:08:39.381758+00:00,29.085559405386448
2025-08-15 05:08:39.675394+00:00,29.09070993695059
2025-08-15 05:08:39.966757+00:00,29.085559405386448
2025-08-15 05:08:40.730887+00:00,29.085559405386448
2025-08-15 05:08:43.024164+00:00,29.085559405386448
2025-08-15 05:08:44.528836+00:00,29.080408874113346
2025-08-15 05:08:45.785419+00:00,29.085559405386448
2025-08-15 05:08:49.031569+00:00,29.085559405386448
2025-08-15 05:08:51.279053+00:00,29.080408874113346
2025-08-15 05:08:53.287873+00:00,29.07525834313128
2025-08-15 05:08:53.524500+00:00,29.07525834313128
2025-08-15 05:08:54.495781+00:00,29.085559405386448
2025-08-15 05:08:54.753446+00:00,29.085559405386448
2025-08-15 05:08:57.635331+00:00,29.07525834313128
2025-08-15 05:09:02.537943+00:00,29.09070993695059
2025-08-15 05:09:03.418739+00:00,29.095860468805768
2025-08-15 05:09:03.869114+00:00,29.080408874113346
2025-08-15 05:09:05.594194+00:00,29.09070993695059
2025-08-15 05:09:13.489832+00:00,29.085559405386448
2025-08-15 05:09:16.005189+00:00,29.07525834313128
2025-08-15 05:09:18.805032+00:00,29.07525834313128
2025-08-15 05:09:19.487322+00:00,29.064957282040268
2025-08-15 05:09:20.581401+00:00,29.070107812440256
2025-08-15 05:09:22.321953+00:00,29.070107812440256
2025-08-15 05:09:22.653625+00:00,29.070107812440256
2025-08-15 05:09:24.913893+00:00,29.070107812440256
2025-08-15 05:09:26.921780+00:00,29.070107812440256
2025-08-15 05:09:27.390193+00:00,29.080408874113346
2025-08-15 05:09:27.678299+00:00,29.080408874113346
2025-08-15 05:09:28.312119+00:00,29.080408874113346
2025-08-15 05:09:28.977277+00:00,29.07525834313128
2025-08-15 05:09:33.950154+00:00,29.064957282040268
2025-08-15 05:09:36.756795+00:00,29.05980675193132
2025-08-15 05:09:38.009920+00:00,29.070107812440256
2025-08-15 05:09:38.771021+00:00,29.064957282040268
2025-08-15 05:09:39.363501+00:00,29.07525834313128
2025-08-15 05:09:39.706964+00:00,29.070107812440256
2025-08-15 05:09:40.019321+00:00,29.07525834313128
2025-08-15 05:09:43.062577+00:00,29.05980675193132
2025-08-15 05:09:44.367197+00:00,29.064957282040268
2025-08-15 05:09:47.668810+00:00,29.070107812440256
2025-08-15 05:09:48.978374+00:00,29.064957282040268
2025-08-15 05:09:50.290084+00:00,29.070107812440256
2025-08-15 05:09:51.136246+00:00,29.064957282040268
2025-08-15 05:09:51.527023+00:00,29.070107812440256
2025-08-15 05:09:53.756907+00:00,29.05980675193132
2025-08-15 05:09:54.252466+00:00,29.07525834313128
2025-08-15 05:09:55.236035+00:00,29.064957282040268
2025-08-15 05:09:59.437965+00:00,29.070107812440256
2025-08-15 05:09:59.923077+00:00,29.064957282040268
2025-08-15 05:10:00.369948+00:00,29.070107812440256
2025-08-15 05:10:03.425157+00:00,29.07525834313128
2025-08-15 05:10:06.614307+00:00,29.070107812440256
2025-08-15 05:10:09.292801+00:00,29.070107812440256
2025-08-15 05:10:09.952117+00:00,29.070107812440256
2025-08-15 05:10:12.209885+00:00,29.070107812440256
2025-08-15 05:10:12.977805+00:00,29.070107812440256
2025-08-15 05:10:13.419092+00:00,29.070107812440256
2025-08-15 05:10:14.412491+00:00,29.070107812440256
2025-08-15 05:10:14.730466+00:00,29.064957282040268
2025-08-15 05:10:15.101083+00:00,29.07525834313128
2025-08-15 05:10:24.311486+00:00,29.07525834313128
2025-08-15 05:10:24.815169+00:00,29.064957282040268
2025-08-15 05:10:25.389341+00:00,29.07525834313128
2025-08-15 05:10:26.308098+00:00,29.070107812440256
2025-08-15 05:10:26.642497+00:00,29.07525834313128
2025-08-15 05:10:27.541811+00:00,29.07525834313128
2025-08-15 05:10:30.076474+00:00,29.07525834313128
2025-08-15 05:10:32.992415+00:00,29.080408874113346
2025-08-15 05:10:37.250192+00:00,29.080408874113346
2025-08-15 05:10:37.854340+00:00,29.085559405386448
2025-08-15 05:10:38.783736+00:00,29.080408874113346
2025-08-15 05:10:41.385358+00:00,29.080408874113346
2025-08-15 05:10:41.707161+00:00,29.07525834313128
2025-08-15 05:10:42.943783+00:00,29.080408874113346
2025-08-15 05:10:44.213456+00:00,29.07525834313128
2025-08-15 05:10:45.908242+00:00,29.095860468805768
2025-08-15 05:10:49.286470+00:00,29.085559405386448
2025-08-15 05:10:51.387314+00:00,29.07525834313128
2025-08-15 05:10:53.501561+00:00,29.085559405386448
2025-08-15 05:10:54.377922+00:00,29.09070993695059
2025-08-15 05:10:55.732812+00:00,29.09070993695059
2025-08-15 05:10:56.081762+00:00,29.05980675193132
2025-08-15 05:10:56.469240+00:00,29.085559405386448
2025-08-15 05:10:58.128160+00:00,29.095860468805768
2025-08-15 05:10:59.774033+00:00,29.095860468805768
2025-08-15 05:11:02.601714+00:00,29.09070993695059
2025-08-15 05:11:03.023755+00:00,29.07525834313128
2025-08-15 05:11:04.808265+00:00,29.085559405386448
2025-08-15 05:11:06.357997+00:00,29.07525834313128
2025-08-15 05:11:17.301117+00:00,29.09070993695059
2025-08-15 05:11:20.085880+00:00,29.085559405386448
2025-08-15 05:11:21.206837+00:00,29.085559405386448
2025-08-15 05:11:22.085096+00:00,29.085559405386448
2025-08-15 05:11:27.402112+00:00,29.095860468805768
2025-08-15 05:11:30.181359+00:00,29.085559405386448
2025-08-15 05:11:30.856910+00:00,29.085559405386448
2025-08-15 05:11:31.237845+00:00,29.080408874113346
2025-08-15 05:11:34.049506+00:00,29.080408874113346
2025-08-15 05:11:34.372404+00:00,29.07525834313128
2025-08-15 05:11:36.175395+00:00,29.101011000951985
2025-08-15 05:11:37.963122+00:00,29.085559405386448
2025-08-15 05:11:39.593380+00:00,29.085559405386448
2025-08-15 05:11:40.810227+00:00,29.07525834313128
2025-08-15 05:11:41.080611+00:00,29.07525834313128
2025-08-15 05:11:41.356019+00:00,29.080408874113346
2025-08-15 05:11:42.501370+00:00,29.07525834313128
2025-08-15 05:11:46.451278+00:00,29.07525834313128
2025-08-15 05:11:46.897070+00:00,29.085559405386448
2025-08-15 05:11:48.615214+00:00,29.080408874113346
2025-08-15 05:11:53.752948+00:00,29.085559405386448
2025-08-15 05:11:53.984701+00:00,29.080408874113346
2025-08-15 05:11:54.190814+00:00,29.085559405386448
2025-08-15 05:11:54.438453+00:00,29.085559405386448
2025-08-15 05:11:54.766967+00:00,29.080408874113346
2025-08-15 05:11:55.084755+00:00,29.07525834313128
2025-08-15 05:11:55.701456+00:00,29.07525834313128
2025-08-15 05:11:55.968207+00:00,29.085559405386448
2025-08-15 05:11:56.652581+00:00,29.07525834313128
2025-08-15 05:11:57.746381+00:00,29.080408874113346
2025-08-15 05:12:05.064719+00:00,29.085559405386448
2025-08-15 05:12:05.493243+00:00,29.085559405386448
2025-08-15 05:12:06.976138+00:00,29.095860468805768
2025-08-15 05:12:11.431019+00:00,29.085559405386448
2025-08-15 05:12:20.658039+00:00,29.080408874113346
2025-08-15 05:12:21.265915+00:00,29.070107812440256
2025-08-15 05:12:24.950818+00:00,29.064957282040268
2025-08-15 05:12:25.864803+00:00,29.070107812440256
2025-08-15 05:12:26.696108+00:00,29.07525834313128
2025-08-15 05:12:28.089191+00:00,29.080408874113346
2025-08-15 05:12:28.366393+00:00,29.080408874113346
2025-08-15 05:12:28.615769+00:00,29.085559405386448
2025-08-15 05:12:28.859019+00:00,29.07525834313128
2025-08-15 05:12:29.132757+00:00,29.09070993695059
2025-08-15 05:12:29.461056+00:00,29.095860468805768
2025-08-15 05:12:30.032413+00:00,29.095860468805768
2025-08-15 05:12:30.462376+00:00,29.085559405386448
2025-08-15 05:12:30.955124+00:00,29.085559405386448
2025-08-15 05:12:31.405860+00:00,29.080408874113346
2025-08-15 05:12:31.856834+00:00,29.07525834313128
2025-08-15 05:12:35.357166+00:00,29.080408874113346
2025-08-15 05:12:36.127017+00:00,29.07525834313128
2025-08-15 05:12:36.432595+00:00,29.085559405386448
2025-08-15 05:12:36.934786+00:00,29.085559405386448
2025-08-15 05:12:39.291405+00:00,29.085559405386448
2025-08-15 05:12:41.816666+00:00,29.080408874113346
2025-08-15 05:12:43.824218+00:00,29.07525834313128
2025-08-15 05:12:48.298741+00:00,29.085559405386448
2025-08-15 05:12:49.852546+00:00,29.07525834313128
2025-08-15 05:12:51.021199+00:00,29.070107812440256
2025-08-15 05:12:51.415658+00:00,29.080408874113346
2025-08-15 05:12:56.397110+00:00,29.09070993695059
2025-08-15 05:12:57.555252+00:00,29.080408874113346
2025-08-15 05:12:58.961166+00:00,29.080408874113346
2025-08-15 05:12:59.839674+00:00,29.080408874113346
2025-08-15 05:13:02.730199+00:00,29.080408874113346
2025-08-15 05:13:03.907896+00:00,29.080408874113346
2025-08-15 05:13:04.340917+00:00,29.07525834313128
2025-08-15 05:13:04.772440+00:00,29.064957282040268
2025-08-15 05:13:08.766954+00:00,29.080408874113346
2025-08-15 05:13:09.153628+00:00,29.085559405386448
2025-08-15 05:13:09.580676+00:00,29.085559405386448
2025-08-15 05:13:10.117806+00:00,29.085559405386448
2025-08-15 05:13:14.740863+00:00,29.095860468805768
2025-08-15 05:13:15.205414+00:00,29.085559405386448
2025-08-15 05:13:17.122619+00:00,29.064957282040268
2025-08-15 05:13:23.099169+00:00,29.085559405386448
2025-08-15 05:13:25.040324+00:00,29.09070993695059
2025-08-15 05:13:26.123434+00:00,29.085559405386448
2025-08-15 05:13:26.365693+00:00,29.095860468805768
2025-08-15 05:13:29.890064+00:00,29.09070993695059
2025-08-15 05:13:31.683175+00:00,29.09070993695059
2025-08-15 05:13:38.924778+00:00,29.095860468805768
2025-08-15 05:13:39.868084+00:00,29.10616153338924
2025-08-15 05:13:44.915000+00:00,29.10616153338924
2025-08-15 05:13:46.993269+00:00,29.095860468805768
2025-08-15 05:13:48.964797+00:00,29.101011000951985
2025-08-15 05:13:50.434106+00:00,29.101011000951985
2025-08-15 05:13:52.554301+00:00,29.10616153338924
2025-08-15 05:13:53.749337+00:00,29.09070993695059
2025-08-15 05:13:54.133459+00:00,29.095860468805768
2025-08-15 05:13:54.385148+00:00,29.095860468805768
2025-08-15 05:13:54.769059+00:00,29.10616153338924
2025-08-15 05:13:55.211171+00:00,29.09070993695059
2025-08-15 05:13:56.095309+00:00,29.101011000951985
2025-08-15 05:13:56.413708+00:00,29.10616153338924
2025-08-15 05:13:57.222595+00:00,29.10616153338924
2025-08-15 05:13:59.003631+00:00,29.10616153338924
2025-08-15 05:14:01.249486+00:00,29.10616153338924
2025-08-15 05:14:01.847333+00:00,29.10616153338924
2025-08-15 05:14:02.765583+00:00,29.101011000951985
2025-08-15 05:14:03.947734+00:00,29.10616153338924
2025-08-15 05:14:06.612974+00:00,29.10616153338924
2025-08-15 05:14:09.228816+00:00,29.111312066117534
2025-08-15 05:14:10.486159+00:00,29.101011000951985
2025-08-15 05:14:13.803454+00:00,29.10616153338924
2025-08-15 05:14:19.078056+00:00,29.111312066117534
2025-08-15 05:14:20.827235+00:00,29.10616153338924
2025-08-15 05:14:25.783233+00:00,29.101011000951985
2025-08-15 05:14:28.748424+00:00,29.101011000951985
2025-08-15 05:14:29.265222+00:00,29.10616153338924
2025-08-15 05:14:29.558005+00:00,29.116462599136867
2025-08-15 05:14:29.842058+00:00,29.116462599136867
2025-08-15 05:14:30.325076+00:00,29.10616153338924
2025-08-15 05:14:30.894682+00:00,29.116462599136867
2025-08-15 05:14:32.469535+00:00,29.10616153338924
2025-08-15 05:14:32.862398+00:00,29.10616153338924
2025-08-15 05:14:33.268845+00:00,29.10616153338924
2025-08-15 05:14:33.743437+00:00,29.111312066117534
2025-08-15 05:14:36.700073+00:00,29.111312066117534
2025-08-15 05:14:38.697569+00:00,29.10616153338924
2025-08-15 05:14:39.654255+00:00,29.10616153338924
2025-08-15 05:14:42.905953+00:00,29.10616153338924
2025-08-15 05:14:43.071881+00:00,29.10616153338924
2025-08-15 05:14:44.692587+00:00,29.101011000951985
2025-08-15 05:14:45.177818+00:00,29.111312066117534
2025-08-15 05:14:47.027402+00:00,29.10616153338924
2025-08-15 05:14:49.411103+00:00,29.10616153338924
2025-08-15 05:14:49.736555+00:00,29.111312066117534
2025-08-15 05:14:50.496598+00:00,29.116462599136867
2025-08-15 05:14:51.304883+00:00,29.116462599136867
2025-08-15 05:14:52.506488+00:00,29.116462599136867
2025-08-15 05:14:52.754868+00:00,29.111312066117534
2025-08-15 05:14:53.580373+00:00,29.111312066117534
2025-08-15 05:14:55.383293+00:00,29.101011000951985
2025-08-15 05:14:56.113740+00:00,29.10616153338924
2025-08-15 05:14:59.847189+00:00,29.101011000951985
2025-08-15 05:15:00.361285+00:00,29.101011000951985
2025-08-15 05:15:00.667236+00:00,29.111312066117534
2025-08-15 05:15:01.825532+00:00,29.121613132447237
2025-08-15 05:15:03.445851+00:00,29.121613132447237
2025-08-15 05:15:04.830933+00:00,29.116462599136867
2025-08-15 05:15:05.927606+00:00,29.10616153338924
2025-08-15 05:15:06.553294+00:00,29.10616153338924
2025-08-15 05:15:06.894865+00:00,29.116462599136867
2025-08-15 05:15:09.958316+00:00,29.116462599136867
2025-08-15 05:15:11.594311+00:00,29.111312066117534
2025-08-15 05:15:12.016661+00:00,29.116462599136867
2025-08-15 05:15:12.443480+00:00,29.121613132447237
2025-08-15 05:15:15.116768+00:00,29.116462599136867
2025-08-15 05:15:16.029840+00:00,29.116462599136867
2025-08-15 05:15:18.010417+00:00,29.131914199941093
2025-08-15 05:15:20.670970+00:00,29.121613132447237
2025-08-15 05:15:22.485840+00:00,29.121613132447237
2025-08-15 05:15:25.402556+00:00,29.121613132447237
2025-08-15 05:15:26.004408+00:00,29.10616153338924
2025-08-15 05:15:26.555527+00:00,29.121613132447237
2025-08-15 05:15:33.664519+00:00,29.116462599136867
2025-08-15 05:15:34.500865+00:00,29.121613132447237
2025-08-15 05:15:34.968715+00:00,29.131914199941093
2025-08-15 05:15:35.988231+00:00,29.121613132447237
2025-08-15 05:15:36.341303+00:00,29.121613132447237
2025-08-15 05:15:37.472671+00:00,29.121613132447237
2025-08-15 05:15:40.582957+00:00,29.121613132447237
2025-08-15 05:15:44.696766+00:00,29.126763666048646
2025-08-15 05:15:46.496201+00:00,29.126763666048646
2025-08-15 05:15:47.908692+00:00,29.126763666048646
2025-08-15 05:15:48.395996+00:00,29.126763666048646
2025-08-15 05:15:50.295307+00:00,29.126763666048646
2025-08-15 05:15:52.593970+00:00,29.121613132447237
2025-08-15 05:15:56.487943+00:00,29.126763666048646
2025-08-15 05:15:58.240640+00:00,29.126763666048646
2025-08-15 05:15:59.845480+00:00,29.116462599136867
2025-08-15 05:16:02.037249+00:00,29.126763666048646
2025-08-15 05:16:04.784021+00:00,29.116462599136867
2025-08-15 05:16:09.599630+00:00,29.121613132447237
2025-08-15 05:16:13.047273+00:00,29.121613132447237
2025-08-15 05:16:14.030300+00:00,29.116462599136867
2025-08-15 05:16:15.683474+00:00,29.111312066117534
2025-08-15 05:16:17.082762+00:00,29.101011000951985
2025-08-15 05:16:17.850472+00:00,29.116462599136867
2025-08-15 05:16:19.293981+00:00,29.10616153338924
2025-08-15 05:16:20.887167+00:00,29.10616153338924
2025-08-15 05:16:21.272294+00:00,29.10616153338924
2025-08-15 05:16:21.566489+00:00,29.116462599136867
2025-08-15 05:16:21.850593+00:00,29.116462599136867
2025-08-15 05:16:22.812418+00:00,29.121613132447237
2025-08-15 05:16:27.243712+00:00,29.121613132447237
2025-08-15 05:16:32.415959+00:00,29.116462599136867
2025-08-15 05:16:32.909699+00:00,29.116462599136867
2025-08-15 05:16:34.397041+00:00,29.116462599136867
2025-08-15 05:16:37.520178+00:00,29.111312066117534
2025-08-15 05:16:37.860988+00:00,29.126763666048646
2025-08-15 05:16:38.253840+00:00,29.116462599136867
2025-08-15 05:16:39.249398+00:00,29.121613132447237
2025-08-15 05:16:39.826463+00:00,29.131914199941093
2025-08-15 05:16:40.392223+00:00,29.126763666048646
2025-08-15 05:16:40.602275+00:00,29.126763666048646
2025-08-15 05:16:41.085962+00:00,29.121613132447237
2025-08-15 05:16:43.128600+00:00,29.111312066117534
2025-08-15 05:16:44.346147+00:00,29.116462599136867
2025-08-15 05:16:45.890712+00:00,29.131914199941093
2025-08-15 05:16:48.855507+00:00,29.116462599136867
2025-08-15 05:16:49.926306+00:00,29.126763666048646
2025-08-15 05:16:51.908067+00:00,29.116462599136867
2025-08-15 05:16:52.249349+00:00,29.10616153338924
2025-08-15 05:16:52.581627+00:00,29.121613132447237
2025-08-15 05:16:55.480391+00:00,29.116462599136867
2025-08-15 05:16:56.625747+00:00,29.116462599136867
2025-08-15 05:16:57.970968+00:00,29.121613132447237
2025-08-15 05:16:59.456589+00:00,29.126763666048646
2025-08-15 05:17:00.344730+00:00,29.116462599136867
2025-08-15 05:17:01.131186+00:00,29.10616153338924
2025-08-15 05:17:10.133844+00:00,29.121613132447237
2025-08-15 05:17:12.555956+00:00,29.116462599136867
2025-08-15 05:17:12.825778+00:00,29.10616153338924
2025-08-15 05:17:13.536001+00:00,29.116462599136867
2025-08-15 05:17:14.019116+00:00,29.121613132447237
2025-08-15 05:17:16.827812+00:00,29.121613132447237
2025-08-15 05:17:19.690727+00:00,29.121613132447237
2025-08-15 05:17:20.499711+00:00,29.126763666048646
2025-08-15 05:17:21.436244+00:00,29.116462599136867
2025-08-15 05:17:21.819087+00:00,29.116462599136867
2025-08-15 05:17:26.656761+00:00,29.116462599136867
2025-08-15 05:17:27.132982+00:00,29.116462599136867
2025-08-15 05:17:27.516502+00:00,29.126763666048646
2025-08-15 05:17:31.307007+00:00,29.121613132447237
2025-08-15 05:17:31.845409+00:00,29.116462599136867
2025-08-15 05:17:33.864940+00:00,29.10616153338924
2025-08-15 05:17:35.032160+00:00,29.116462599136867
2025-08-15 05:17:35.305873+00:00,29.116462599136867
2025-08-15 05:17:38.766277+00:00,29.116462599136867
2025-08-15 05:17:39.599120+00:00,29.10616153338924
2025-08-15 05:17:41.269454+00:00,29.116462599136867
2025-08-15 05:17:42.409331+00:00,29.111312066117534
2025-08-15 05:17:42.812221+00:00,29.116462599136867
2025-08-15 05:17:44.447043+00:00,29.126763666048646
2025-08-15 05:17:45.128084+00:00,29.116462599136867
2025-08-15 05:17:48.172655+00:00,29.121613132447237
2025-08-15 05:17:50.363647+00:00,29.116462599136867
2025-08-15 05:17:51.622458+00:00,29.126763666048646
2025-08-15 05:17:52.222706+00:00,29.126763666048646
2025-08-15 05:17:52.490072+00:00,29.13706473412458
2025-08-15 05:17:52.798859+00:00,29.126763666048646
2025-08-15 05:17:53.217619+00:00,29.131914199941093
2025-08-15 05:17:57.388199+00:00,29.126763666048646
2025-08-15 05:17:58.363804+00:00,29.126763666048646
2025-08-15 05:18:04.022270+00:00,29.126763666048646
2025-08-15 05:18:04.714393+00:00,29.126763666048646
2025-08-15 05:18:06.101547+00:00,29.131914199941093
2025-08-15 05:18:07.143221+00:00,29.121613132447237
2025-08-15 05:18:07.570459+00:00,29.126763666048646
2025-08-15 05:18:08.122001+00:00,29.121613132447237
2025-08-15 05:18:08.435228+00:00,29.126763666048646
2025-08-15 05:18:08.719316+00:00,29.121613132447237
2025-08-15 05:18:09.092883+00:00,29.121613132447237
2025-08-15 05:18:10.420675+00:00,29.121613132447237
2025-08-15 05:18:10.792065+00:00,29.111312066117534
2025-08-15 05:18:12.200326+00:00,29.10616153338924
2025-08-15 05:18:12.524630+00:00,29.111312066117534
2025-08-15 05:18:13.016298+00:00,29.116462599136867
2025-08-15 05:18:16.398441+00:00,29.126763666048646
2025-08-15 05:18:19.943388+00:00,29.121613132447237
2025-08-15 05:18:22.730939+00:00,29.121613132447237
2025-08-15 05:18:22.950589+00:00,29.116462599136867
2025-08-15 05:18:24.630647+00:00,29.116462599136867
2025-08-15 05:18:26.073358+00:00,29.126763666048646
2025-08-15 05:18:27.335486+00:00,29.121613132447237
2025-08-15 05:18:27.608568+00:00,29.116462599136867
2025-08-15 05:18:28.161759+00:00,29.126763666048646
2025-08-15 05:18:40.054352+00:00,29.126763666048646
2025-08-15 05:18:41.279023+00:00,29.121613132447237
2025-08-15 05:18:41.506103+00:00,29.131914199941093
2025-08-15 05:18:42.250895+00:00,29.126763666048646
2025-08-15 05:18:42.668970+00:00,29.126763666048646
2025-08-15 05:18:45.014646+00:00,29.121613132447237
2025-08-15 05:18:46.319936+00:00,29.121613132447237
2025-08-15 05:18:46.660667+00:00,29.121613132447237
2025-08-15 05:18:47.012528+00:00,29.126763666048646
2025-08-15 05:18:49.284132+00:00,29.116462599136867
2025-08-15 05:18:50.896998+00:00,29.111312066117534
2025-08-15 05:18:51.215644+00:00,29.121613132447237
2025-08-15 05:18:51.526104+00:00,29.121613132447237
2025-08-15 05:18:53.562300+00:00,29.121613132447237
2025-08-15 05:18:53.995906+00:00,29.116462599136867
2025-08-15 05:18:55.117036+00:00,29.121613132447237
2025-08-15 05:18:55.485352+00:00,29.111312066117534
2025-08-15 05:18:55.875760+00:00,29.116462599136867
2025-08-15 05:18:58.067762+00:00,29.10616153338924
2025-08-15 05:18:59.401015+00:00,29.126763666048646
2025-08-15 05:19:01.629456+00:00,29.121613132447237
2025-08-15 05:19:01.982419+00:00,29.126763666048646
2025-08-15 05:19:02.442201+00:00,29.121613132447237
2025-08-15 05:19:04.199049+00:00,29.126763666048646
2025-08-15 05:19:06.904756+00:00,29.121613132447237
2025-08-15 05:19:07.380842+00:00,29.116462599136867
2025-08-15 05:19:12.385060+00:00,29.121613132447237
2025-08-15 05:19:13.077368+00:00,29.126763666048646
2025-08-15 05:19:13.361767+00:00,29.126763666048646
2025-08-15 05:19:15.601527+00:00,29.126763666048646
2025-08-15 05:19:20.260515+00:00,29.121613132447237
2025-08-15 05:19:22.091616+00:00,29.121613132447237
2025-08-15 05:19:22.999138+00:00,29.13706473412458
2025-08-15 05:19:26.527387+00:00,29.126763666048646
2025-08-15 05:19:26.733302+00:00,29.13706473412458
2025-08-15 05:19:27.021442+00:00,29.13706473412458
2025-08-15 05:19:27.240258+00:00,29.13706473412458
2025-08-15 05:19:27.567309+00:00,29.13706473412458
2025-08-15 05:19:29.425578+00:00,29.142215268599102
2025-08-15 05:19:30.932414+00:00,29.126763666048646
2025-08-15 05:19:33.351884+00:00,29.131914199941093
2025-08-15 05:19:34.466522+00:00,29.13706473412458
2025-08-15 05:19:36.723881+00:00,29.13706473412458
2025-08-15 05:19:39.864124+00:00,29.131914199941093
2025-08-15 05:19:41.210351+00:00,29.13706473412458
2025-08-15 05:19:42.934538+00:00,29.131914199941093
2025-08-15 05:19:43.171620+00:00,29.126763666048646
2025-08-15 05:19:43.705766+00:00,29.142215268599102
2025-08-15 05:19:44.877926+00:00,29.13706473412458
2025-08-15 05:19:46.861612+00:00,29.131914199941093
2025-08-15 05:19:48.205166+00:00,29.131914199941093
2025-08-15 05:19:48.553828+00:00,29.131914199941093
2025-08-15 05:19:49.003118+00:00,29.142215268599102
2025-08-15 05:19:49.715166+00:00,29.13706473412458
2025-08-15 05:19:50.523339+00:00,29.142215268599102
2025-08-15 05:19:51.507695+00:00,29.126763666048646
2025-08-15 05:19:53.049202+00:00,29.13706473412458
2025-08-15 05:19:54.602872+00:00,29.13706473412458
2025-08-15 05:19:55.800241+00:00,29.13706473412458
2025-08-15 05:19:57.152264+00:00,29.13706473412458
2025-08-15 05:19:58.091325+00:00,29.116462599136867
2025-08-15 05:19:59.275108+00:00,29.13706473412458
2025-08-15 05:19:59.974883+00:00,29.126763666048646
2025-08-15 05:20:01.781481+00:00,29.126763666048646
2025-08-15 05:20:04.061009+00:00,29.13706473412458
2025-08-15 05:20:06.910782+00:00,29.142215268599102
2025-08-15 05:20:08.528994+00:00,29.13706473412458
2025-08-15 05:20:12.544275+00:00,29.126763666048646
2025-08-15 05:20:12.974998+00:00,29.131914199941093
2025-08-15 05:20:13.408401+00:00,29.13706473412458
2025-08-15 05:20:14.176952+00:00,29.13706473412458
2025-08-15 05:20:15.431468+00:00,29.147365803364664
2025-08-15 05:20:17.778656+00:00,29.13706473412458
2025-08-15 05:20:18.694552+00:00,29.142215268599102
2025-08-15 05:20:19.168101+00:00,29.147365803364664
2025-08-15 05:20:19.614472+00:00,29.147365803364664
2025-08-15 05:20:22.299283+00:00,29.147365803364664
2025-08-15 05:20:23.404111+00:00,29.142215268599102
2025-08-15 05:20:26.416806+00:00,29.147365803364664
2025-08-15 05:20:26.877020+00:00,29.13706473412458
2025-08-15 05:20:27.975304+00:00,29.147365803364664
2025-08-15 05:20:28.518830+00:00,29.152516338421265
2025-08-15 05:20:29.142890+00:00,29.152516338421265
2025-08-15 05:20:29.651779+00:00,29.157666873768903
2025-08-15 05:20:30.086011+00:00,29.157666873768903
2025-08-15 05:20:37.555732+00:00,29.152516338421265
2025-08-15 05:20:38.742931+00:00,29.16281740940758
2025-08-15 05:20:40.979840+00:00,29.142215268599102
2025-08-15 05:20:42.027579+00:00,29.142215268599102
2025-08-15 05:20:42.656703+00:00,29.147365803364664
2025-08-15 05:20:43.165246+00:00,29.147365803364664
2025-08-15 05:20:44.133567+00:00,29.147365803364664
2025-08-15 05:20:47.622399+00:00,29.157666873768903
2025-08-15 05:20:49.201636+00:00,29.157666873768903
2025-08-15 05:20:49.640259+00:00,29.157666873768903
2025-08-15 05:20:53.785777+00:00,29.157666873768903
2025-08-15 05:20:54.202740+00:00,29.152516338421265
2025-08-15 05:20:56.674096+00:00,29.152516338421265
2025-08-15 05:20:58.110320+00:00,29.157666873768903
2025-08-15 05:20:59.040317+00:00,29.16281740940758
2025-08-15 05:20:59.473360+00:00,29.157666873768903
2025-08-15 05:21:01.791828+00:00,29.157666873768903
2025-08-15 05:21:04.472353+00:00,29.16281740940758
2025-08-15 05:21:05.238575+00:00,29.152516338421265
2025-08-15 05:21:05.631011+00:00,29.157666873768903
2025-08-15 05:21:10.914799+00:00,29.167967945337296
2025-08-15 05:21:12.048238+00:00,29.157666873768903
2025-08-15 05:21:12.357165+00:00,29.16281740940758
2025-08-15 05:21:13.601945+00:00,29.157666873768903
2025-08-15 05:21:13.892871+00:00,29.152516338421265
2025-08-15 05:21:14.364238+00:00,29.157666873768903
2025-08-15 05:21:14.746700+00:00,29.157666873768903
2025-08-15 05:21:15.647657+00:00,29.16281740940758
2025-08-15 05:21:16.099873+00:00,29.157666873768903
2025-08-15 05:21:16.450977+00:00,29.167967945337296
2025-08-15 05:21:17.266363+00:00,29.167967945337296
2025-08-15 05:21:17.956462+00:00,29.157666873768903
2025-08-15 05:21:19.140273+00:00,29.157666873768903
2025-08-15 05:21:19.433722+00:00,29.16281740940758
2025-08-15 05:21:19.724762+00:00,29.157666873768903
2025-08-15 05:21:22.014120+00:00,29.157666873768903
2025-08-15 05:21:23.761294+00:00,29.152516338421265
2025-08-15 05:21:24.873345+00:00,29.152516338421265
2025-08-15 05:21:25.098340+00:00,29.152516338421265
2025-08-15 05:21:25.880924+00:00,29.16281740940758
2025-08-15 05:21:29.117175+00:00,29.157666873768903
2025-08-15 05:21:29.981231+00:00,29.152516338421265
2025-08-15 05:21:31.337832+00:00,29.147365803364664
2025-08-15 05:21:32.879647+00:00,29.147365803364664
2025-08-15 05:21:35.106717+00:00,29.152516338421265
2025-08-15 05:21:36.305278+00:00,29.152516338421265
2025-08-15 05:21:39.493791+00:00,29.16281740940758
2025-08-15 05:21:42.643494+00:00,29.152516338421265
2025-08-15 05:21:43.958827+00:00,29.147365803364664
2025-08-15 05:21:44.862246+00:00,29.157666873768903
2025-08-15 05:21:47.970523+00:00,29.157666873768903
2025-08-15 05:21:48.788143+00:00,29.157666873768903
2025-08-15 05:21:49.337091+00:00,29.152516338421265
2025-08-15 05:21:49.501514+00:00,29.157666873768903
2025-08-15 05:21:49.692838+00:00,29.167967945337296
2025-08-15 05:21:51.022285+00:00,29.16281740940758
2025-08-15 05:21:51.405993+00:00,29.157666873768903
2025-08-15 05:21:52.512585+00:00,29.152516338421265
2025-08-15 05:21:53.001671+00:00,29.157666873768903
2025-08-15 05:21:54.054824+00:00,29.16281740940758
2025-08-15 05:21:54.363188+00:00,29.157666873768903
2025-08-15 05:21:54.856281+00:00,29.16281740940758
2025-08-15 05:21:57.138454+00:00,29.152516338421265
2025-08-15 05:21:57.846869+00:00,29.157666873768903
2025-08-15 05:22:01.375445+00:00,29.16281740940758
2025-08-15 05:22:04.515860+00:00,29.167967945337296
2025-08-15 05:22:05.131749+00:00,29.16281740940758
2025-08-15 05:22:05.698914+00:00,29.152516338421265
2025-08-15 05:22:07.933545+00:00,29.16281740940758
2025-08-15 05:22:08.308525+00:00,29.167967945337296
2025-08-15 05:22:09.738954+00:00,29.157666873768903
2025-08-15 05:22:13.813015+00:00,29.167967945337296
2025-08-15 05:22:14.547030+00:00,29.17311848155805
2025-08-15 05:22:15.043721+00:00,29.167967945337296
2025-08-15 05:22:17.654056+00:00,29.17311848155805
2025-08-15 05:22:18.104838+00:00,29.16281740940758
2025-08-15 05:22:18.562438+00:00,29.16281740940758
2025-08-15 05:22:19.021803+00:00,29.17311848155805
2025-08-15 05:22:19.913796+00:00,29.167967945337296
2025-08-15 05:22:21.320593+00:00,29.167967945337296
2025-08-15 05:22:23.458435+00:00,29.157666873768903
2025-08-15 05:22:23.666070+00:00,29.17311848155805
2025-08-15 05:22:23.967526+00:00,29.17311848155805
2025-08-15 05:22:25.949259+00:00,29.16281740940758
2025-08-15 05:22:26.568742+00:00,29.167967945337296
2025-08-15 05:22:27.260990+00:00,29.16281740940758
2025-08-15 05:22:27.546805+00:00,29.167967945337296
2025-08-15 05:22:27.779258+00:00,29.167967945337296
2025-08-15 05:22:28.070848+00:00,29.17311848155805
2025-08-15 05:22:28.527593+00:00,29.167967945337296
2025-08-15 05:22:28.732981+00:00,29.167967945337296
2025-08-15 05:22:29.305011+00:00,29.167967945337296
2025-08-15 05:22:32.160723+00:00,29.16281740940758
2025-08-15 05:22:33.046191+00:00,29.157666873768903
2025-08-15 05:22:33.391065+00:00,29.16281740940758
2025-08-15 05:22:35.097964+00:00,29.167967945337296
2025-08-15 05:22:37.771162+00:00,29.16281740940758
2025-08-15 05:22:38.081064+00:00,29.152516338421265
2025-08-15 05:22:38.297858+00:00,29.167967945337296
2025-08-15 05:22:38.679745+00:00,29.167967945337296
2025-08-15 05:22:39.701688+00:00,29.16281740940758
2025-08-15 05:22:40.270363+00:00,29.16281740940758
2025-08-15 05:22:44.733403+00:00,29.167967945337296
2025-08-15 05:22:45.264416+00:00,29.157666873768903
2025-08-15 05:22:47.326850+00:00,29.147365803364664
2025-08-15 05:22:49.828459+00:00,29.157666873768903
2025-08-15 05:22:50.559068+00:00,29.131914199941093
2025-08-15 05:22:50.802434+00:00,29.157666873768903
2025-08-15 05:22:51.946237+00:00,29.157666873768903
2025-08-15 05:22:52.608395+00:00,29.17826901806984
2025-08-15 05:22:53.995830+00:00,29.167967945337296
2025-08-15 05:22:54.853381+00:00,29.157666873768903
2025-08-15 05:22:55.521793+00:00,29.16281740940758
2025-08-15 05:22:57.353470+00:00,29.16281740940758
2025-08-15 05:22:57.561641+00:00,29.17311848155805
2025-08-15 05:22:58.077879+00:00,29.16281740940758
2025-08-15 05:22:59.703034+00:00,29.16281740940758
2025-08-15 05:23:02.547748+00:00,29.16281740940758
2025-08-15 05:23:02.932193+00:00,29.157666873768903
2025-08-15 05:23:04.407128+00:00,29.17311848155805
2025-08-15 05:23:05.421626+00:00,29.17311848155805
2025-08-15 05:23:07.883453+00:00,29.16281740940758
2025-08-15 05:23:08.337260+00:00,29.16281740940758
2025-08-15 05:23:08.847426+00:00,29.16281740940758
2025-08-15 05:23:10.958634+00:00,29.157666873768903
2025-08-15 05:23:12.345767+00:00,29.147365803364664
2025-08-15 05:23:13.263331+00:00,29.152516338421265
2025-08-15 05:23:14.100126+00:00,29.157666873768903
2025-08-15 05:23:15.928253+00:00,29.147365803364664
2025-08-15 05:23:18.593737+00:00,29.152516338421265
2025-08-15 05:23:19.613467+00:00,29.157666873768903
2025-08-15 05:23:20.542690+00:00,29.157666873768903
2025-08-15 05:23:21.887251+00:00,29.157666873768903
2025-08-15 05:23:22.706377+00:00,29.17311848155805
2025-08-15 05:23:23.228728+00:00,29.16281740940758
2025-08-15 05:23:24.077416+00:00,29.157666873768903
2025-08-15 05:23:24.850254+00:00,29.167967945337296
2025-08-15 05:23:25.385626+00:00,29.167967945337296
2025-08-15 05:23:25.648428+00:00,29.17311848155805
2025-08-15 05:23:25.881707+00:00,29.16281740940758
2025-08-15 05:23:26.166016+00:00,29.167967945337296
2025-08-15 05:23:28.622362+00:00,29.167967945337296
2025-08-15 05:23:29.649685+00:00,29.167967945337296
2025-08-15 05:23:30.294379+00:00,29.167967945337296
2025-08-15 05:23:30.662438+00:00,29.167967945337296
2025-08-15 05:23:31.065441+00:00,29.17311848155805
2025-08-15 05:23:31.844395+00:00,29.16281740940758
2025-08-15 05:23:32.229629+00:00,29.167967945337296
2025-08-15 05:23:32.694753+00:00,29.17311848155805
2025-08-15 05:23:33.477110+00:00,29.17311848155805
2025-08-15 05:23:33.903059+00:00,29.167967945337296
2025-08-15 05:23:34.287640+00:00,29.17826901806984
2025-08-15 05:23:34.556901+00:00,29.18341955487267
2025-08-15 05:23:34.905446+00:00,29.18341955487267
2025-08-15 05:23:35.286989+00:00,29.18857009196654
2025-08-15 05:23:36.745967+00:00,29.17311848155805
2025-08-15 05:23:36.985461+00:00,29.17311848155805
2025-08-15 05:23:37.262271+00:00,29.17311848155805
2025-08-15 05:23:37.807059+00:00,29.18341955487267
2025-08-15 05:23:40.528548+00:00,29.167967945337296
2025-08-15 05:23:41.323189+00:00,29.17311848155805
2025-08-15 05:23:41.633976+00:00,29.16281740940758
2025-08-15 05:23:42.020336+00:00,29.17311848155805
2025-08-15 05:23:42.291367+00:00,29.18341955487267
2025-08-15 05:23:42.762294+00:00,29.17311848155805
2025-08-15 05:23:44.214484+00:00,29.17311848155805
2025-08-15 05:23:46.045048+00:00,29.17311848155805
2025-08-15 05:23:53.009516+00:00,29.17826901806984
2025-08-15 05:23:53.343673+00:00,29.18341955487267
2025-08-15 05:23:54.236972+00:00,29.18341955487267
2025-08-15 05:23:56.149721+00:00,29.193720629351446
2025-08-15 05:23:56.358925+00:00,29.18857009196654
2025-08-15 05:23:56.576050+00:00,29.18857009196654
2025-08-15 05:23:56.878182+00:00,29.193720629351446
2025-08-15 05:23:57.194700+00:00,29.193720629351446
2025-08-15 05:23:57.420977+00:00,29.18857009196654
2025-08-15 05:23:58.993308+00:00,29.193720629351446
2025-08-15 05:24:03.555413+00:00,29.193720629351446
2025-08-15 05:24:08.546054+00:00,29.19887116702739
2025-08-15 05:24:12.757008+00:00,29.193720629351446
2025-08-15 05:24:13.934277+00:00,29.209172243252397
2025-08-15 05:24:14.318171+00:00,29.204021704994375
2025-08-15 05:24:14.702426+00:00,29.214322781801457
2025-08-15 05:24:15.953940+00:00,29.204021704994375
2025-08-15 05:24:18.521438+00:00,29.19887116702739
2025-08-15 05:24:19.206224+00:00,29.204021704994375
2025-08-15 05:24:20.857949+00:00,29.204021704994375
2025-08-15 05:24:22.011151+00:00,29.19887116702739
2025-08-15 05:24:23.093375+00:00,29.219473320641555
2025-08-15 05:24:30.112294+00:00,29.19887116702739
2025-08-15 05:24:30.861305+00:00,29.19887116702739
2025-08-15 05:24:31.295793+00:00,29.193720629351446
2025-08-15 05:24:31.757404+00:00,29.209172243252397
2025-08-15 05:24:32.205883+00:00,29.19887116702739
2025-08-15 05:24:32.570621+00:00,29.204021704994375
2025-08-15 05:24:33.270462+00:00,29.19887116702739
2025-08-15 05:24:33.446579+00:00,29.204021704994375
2025-08-15 05:24:33.752226+00:00,29.204021704994375
2025-08-15 05:24:35.026438+00:00,29.19887116702739
2025-08-15 05:24:36.010592+00:00,29.204021704994375
2025-08-15 05:24:36.309692+00:00,29.19887116702739
2025-08-15 05:24:36.570322+00:00,29.219473320641555
2025-08-15 05:24:37.200511+00:00,29.204021704994375
2025-08-15 05:24:37.614363+00:00,29.204021704994375
2025-08-15 05:24:39.892918+00:00,29.209172243252397
2025-08-15 05:24:40.285140+00:00,29.204021704994375
2025-08-15 05:24:40.898864+00:00,29.204021704994375
2025-08-15 05:24:41.534384+00:00,29.204021704994375
2025-08-15 05:24:42.001383+00:00,29.209172243252397
2025-08-15 05:24:42.227650+00:00,29.219473320641555
2025-08-15 05:24:42.603053+00:00,29.219473320641555
2025-08-15 05:24:43.223375+00:00,29.219473320641555
2025-08-15 05:24:44.273486+00:00,29.209172243252397
2025-08-15 05:24:44.813651+00:00,29.219473320641555
2025-08-15 05:24:48.406176+00:00,29.229774399194866
2025-08-15 05:24:51.550069+00:00,29.22462385977269
2025-08-15 05:24:52.607437+00:00,29.219473320641555
2025-08-15 05:24:54.957856+00:00,29.229774399194866
2025-08-15 05:24:55.460558+00:00,29.209172243252397
2025-08-15 05:24:56.528195+00:00,29.209172243252397
2025-08-15 05:24:59.127805+00:00,29.209172243252397
2025-08-15 05:25:00.891423+00:00,29.22462385977269
2025-08-15 05:25:01.310692+00:00,29.209172243252397
2025-08-15 05:25:01.601951+00:00,29.219473320641555
2025-08-15 05:25:02.235540+00:00,29.219473320641555
2025-08-15 05:25:03.052713+00:00,29.22462385977269
2025-08-15 05:25:03.359521+00:00,29.219473320641555
2025-08-15 05:25:04.170198+00:00,29.219473320641555
2025-08-15 05:25:07.347444+00:00,29.229774399194866
2025-08-15 05:25:07.751586+00:00,29.219473320641555
2025-08-15 05:25:10.677117+00:00,29.209172243252397
2025-08-15 05:25:11.652073+00:00,29.214322781801457
2025-08-15 05:25:12.329283+00:00,29.229774399194866
2025-08-15 05:25:12.745142+00:00,29.23492493890808
2025-08-15 05:25:15.520970+00:00,29.22462385977269
2025-08-15 05:25:17.683782+00:00,29.214322781801457
2025-08-15 05:25:20.299085+00:00,29.22462385977269
2025-08-15 05:25:22.513516+00:00,29.229774399194866
2025-08-15 05:25:25.735125+00:00,29.229774399194866
2025-08-15 05:25:26.630693+00:00,29.22462385977269
2025-08-15 05:25:27.693943+00:00,29.229774399194866
2025-08-15 05:25:29.825115+00:00,29.22462385977269
2025-08-15 05:25:36.090444+00:00,29.204021704994375
2025-08-15 05:25:36.859845+00:00,29.219473320641555
2025-08-15 05:25:37.437627+00:00,29.204021704994375
2025-08-15 05:25:37.728508+00:00,29.219473320641555
2025-08-15 05:25:38.018016+00:00,29.209172243252397
2025-08-15 05:25:38.649731+00:00,29.209172243252397
2025-08-15 05:25:39.753893+00:00,29.219473320641555
2025-08-15 05:25:40.920786+00:00,29.204021704994375
2025-08-15 05:25:41.463549+00:00,29.229774399194866
2025-08-15 05:25:42.084107+00:00,29.219473320641555
2025-08-15 05:25:42.391233+00:00,29.22462385977269
2025-08-15 05:25:42.692045+00:00,29.229774399194866
2025-08-15 05:25:42.983865+00:00,29.229774399194866
2025-08-15 05:25:46.792465+00:00,29.209172243252397
2025-08-15 05:25:47.234905+00:00,29.214322781801457
2025-08-15 05:25:47.552834+00:00,29.22462385977269
2025-08-15 05:25:50.094856+00:00,29.219473320641555
2025-08-15 05:25:51.458769+00:00,29.219473320641555
2025-08-15 05:25:52.465378+00:00,29.22462385977269
2025-08-15 05:25:57.057410+00:00,29.229774399194866
2025-08-15 05:25:57.550871+00:00,29.229774399194866
2025-08-15 05:25:58.110533+00:00,29.229774399194866
2025-08-15 05:25:59.274343+00:00,29.229774399194866
2025-08-15 05:25:59.766995+00:00,29.22462385977269
2025-08-15 05:26:00.332657+00:00,29.22462385977269
2025-08-15 05:26:01.857179+00:00,29.204021704994375
2025-08-15 05:26:05.769812+00:00,29.219473320641555
2025-08-15 05:26:06.129347+00:00,29.209172243252397
2025-08-15 05:26:06.542248+00:00,29.209172243252397
2025-08-15 05:26:07.958408+00:00,29.22462385977269
2025-08-15 05:26:08.671769+00:00,29.22462385977269
2025-08-15 05:26:09.847748+00:00,29.209172243252397
2025-08-15 05:26:10.946823+00:00,29.219473320641555
2025-08-15 05:26:11.639770+00:00,29.219473320641555
2025-08-15 05:26:11.848706+00:00,29.22462385977269
2025-08-15 05:26:13.490662+00:00,29.229774399194866
2025-08-15 05:26:14.217336+00:00,29.204021704994375
2025-08-15 05:26:14.811332+00:00,29.19887116702739
2025-08-15 05:26:17.477127+00:00,29.209172243252397
2025-08-15 05:26:18.613912+00:00,29.22462385977269
2025-08-15 05:26:18.839009+00:00,29.209172243252397
2025-08-15 05:26:19.690742+00:00,29.209172243252397
2025-08-15 05:26:19.952349+00:00,29.219473320641555
2025-08-15 05:26:21.282877+00:00,29.229774399194866
2025-08-15 05:26:23.365308+00:00,29.219473320641555
2025-08-15 05:26:23.701537+00:00,29.219473320641555
2025-08-15 05:26:23.936364+00:00,29.229774399194866
2025-08-15 05:26:25.499762+00:00,29.22462385977269
2025-08-15 05:26:26.253175+00:00,29.22462385977269
2025-08-15 05:26:27.506526+00:00,29.22462385977269
2025-08-15 05:26:29.741666+00:00,29.209172243252397
2025-08-15 05:26:30.150551+00:00,29.19887116702739
2025-08-15 05:26:32.425754+00:00,29.209172243252397
2025-08-15 05:26:34.834819+00:00,29.23492493890808
2025-08-15 05:26:35.972162+00:00,29.23492493890808
2025-08-15 05:26:36.558092+00:00,29.229774399194866
2025-08-15 05:26:38.411348+00:00,29.23492493890808
2025-08-15 05:26:40.434534+00:00,29.219473320641555
2025-08-15 05:26:40.850108+00:00,29.229774399194866
2025-08-15 05:26:42.521431+00:00,29.22462385977269
2025-08-15 05:26:43.976992+00:00,29.209172243252397
2025-08-15 05:26:46.200497+00:00,29.219473320641555
2025-08-15 05:26:47.748969+00:00,29.24007547891233
2025-08-15 05:26:48.513588+00:00,29.24007547891233
2025-08-15 05:26:50.040590+00:00,29.22462385977269
2025-08-15 05:26:50.377094+00:00,29.23492493890808
2025-08-15 05:26:50.603985+00:00,29.24007547891233
2025-08-15 05:26:50.929333+00:00,29.23492493890808
2025-08-15 05:26:51.182759+00:00,29.24007547891233
2025-08-15 05:26:53.437305+00:00,29.24007547891233
2025-08-15 05:26:55.006315+00:00,29.23492493890808
2025-08-15 05:26:55.744221+00:00,29.24007547891233
2025-08-15 05:26:57.616732+00:00,29.24007547891233
2025-08-15 05:26:58.135640+00:00,29.23492493890808
2025-08-15 05:27:00.006957+00:00,29.22462385977269
2025-08-15 05:27:01.908278+00:00,29.24007547891233
2025-08-15 05:27:02.984668+00:00,29.24007547891233
2025-08-15 05:27:03.401823+00:00,29.209172243252397
2025-08-15 05:27:04.112402+00:00,29.22462385977269
2025-08-15 05:27:04.787278+00:00,29.24522601920762
2025-08-15 05:27:05.206851+00:00,29.24522601920762
2025-08-15 05:27:05.526637+00:00,29.24007547891233
2025-08-15 05:27:09.057177+00:00,29.24007547891233
2025-08-15 05:27:11.134015+00:00,29.23492493890808
2025-08-15 05:27:11.578118+00:00,29.25037655979395
2025-08-15 05:27:12.733334+00:00,29.24007547891233
2025-08-15 05:27:13.290292+00:00,29.23492493890808
2025-08-15 05:27:13.566814+00:00,29.24522601920762
2025-08-15 05:27:13.773878+00:00,29.24522601920762
2025-08-15 05:27:14.068369+00:00,29.24007547891233
2025-08-15 05:27:14.453266+00:00,29.24007547891233
2025-08-15 05:27:15.065302+00:00,29.24007547891233
2025-08-15 05:27:15.391277+00:00,29.24522601920762
2025-08-15 05:27:16.416034+00:00,29.24522601920762
2025-08-15 05:27:16.859138+00:00,29.24007547891233
2025-08-15 05:27:18.797736+00:00,29.23492493890808
2025-08-15 05:27:20.530758+00:00,29.23492493890808
2025-08-15 05:27:20.754552+00:00,29.229774399194866
2025-08-15 05:27:21.857017+00:00,29.229774399194866
2025-08-15 05:27:22.173067+00:00,29.24007547891233
2025-08-15 05:27:23.846147+00:00,29.229774399194866
2025-08-15 05:27:24.565268+00:00,29.24007547891233
2025-08-15 05:27:24.831872+00:00,29.229774399194866
2025-08-15 05:27:27.789886+00:00,29.23492493890808
2025-08-15 05:27:28.082209+00:00,29.24007547891233
2025-08-15 05:27:28.933701+00:00,29.23492493890808
2025-08-15 05:27:29.107439+00:00,29.24007547891233
2025-08-15 05:27:30.298270+00:00,29.24007547891233
2025-08-15 05:27:33.273069+00:00,29.24007547891233
2025-08-15 05:27:33.623443+00:00,29.23492493890808
2025-08-15 05:27:33.906300+00:00,29.24007547891233
2025-08-15 05:27:35.117671+00:00,29.229774399194866
2025-08-15 05:27:35.898048+00:00,29.229774399194866
2025-08-15 05:27:37.289845+00:00,29.23492493890808
2025-08-15 05:27:39.246191+00:00,29.24007547891233
2025-08-15 05:27:41.018851+00:00,29.24007547891233
2025-08-15 05:27:42.200617+00:00,29.24522601920762
2025-08-15 05:27:44.687712+00:00,29.24007547891233
2025-08-15 05:27:45.155762+00:00,29.23492493890808
2025-08-15 05:27:46.753862+00:00,29.24007547891233
2025-08-15 05:27:51.356989+00:00,29.24007547891233
2025-08-15 05:27:51.604870+00:00,29.23492493890808
2025-08-15 05:27:51.906657+00:00,29.24522601920762
2025-08-15 05:27:56.395292+00:00,29.24007547891233
2025-08-15 05:27:59.787860+00:00,29.25037655979395
2025-08-15 05:28:00.013546+00:00,29.24007547891233
2025-08-15 05:28:02.764704+00:00,29.229774399194866
2025-08-15 05:28:03.998773+00:00,29.24522601920762
2025-08-15 05:28:06.049067+00:00,29.23492493890808
2025-08-15 05:28:06.864649+00:00,29.24522601920762
2025-08-15 05:28:07.198507+00:00,29.24522601920762
2025-08-15 05:28:08.573099+00:00,29.25037655979395
2025-08-15 05:28:09.145594+00:00,29.24522601920762
2025-08-15 05:28:12.830457+00:00,29.25037655979395
2025-08-15 05:28:14.337666+00:00,29.25037655979395
2025-08-15 05:28:18.678361+00:00,29.24007547891233
2025-08-15 05:28:19.924595+00:00,29.24007547891233
2025-08-15 05:28:21.169020+00:00,29.255527100671316
2025-08-15 05:28:22.647907+00:00,29.229774399194866
2025-08-15 05:28:24.285831+00:00,29.24522601920762
2025-08-15 05:28:25.830982+00:00,29.24522601920762
2025-08-15 05:28:26.129701+00:00,29.255527100671316
2025-08-15 05:28:26.546341+00:00,29.24522601920762
2025-08-15 05:28:28.043303+00:00,29.24522601920762
2025-08-15 05:28:29.925376+00:00,29.23492493890808
2025-08-15 05:28:32.439417+00:00,29.24522601920762
2025-08-15 05:28:32.818667+00:00,29.24522601920762
2025-08-15 05:28:33.170893+00:00,29.24522601920762
2025-08-15 05:28:33.531874+00:00,29.24522601920762
2025-08-15 05:28:34.411071+00:00,29.25037655979395
2025-08-15 05:28:35.222872+00:00,29.24522601920762
2025-08-15 05:28:36.795196+00:00,29.26067764183972
2025-08-15 05:28:37.228472+00:00,29.255527100671316
2025-08-15 05:28:39.366693+00:00,29.25037655979395
2025-08-15 05:28:42.337265+00:00,29.24522601920762
2025-08-15 05:28:43.602579+00:00,29.255527100671316
2025-08-15 05:28:44.113929+00:00,29.255527100671316
2025-08-15 05:28:46.304455+00:00,29.26067764183972
2025-08-15 05:28:48.306753+00:00,29.26067764183972
2025-08-15 05:28:48.809058+00:00,29.26067764183972
2025-08-15 05:28:49.493788+00:00,29.26067764183972
2025-08-15 05:28:50.277157+00:00,29.26067764183972
2025-08-15 05:28:55.483957+00:00,29.265828183299163
2025-08-15 05:28:58.413273+00:00,29.26067764183972
2025-08-15 05:29:02.507145+00:00,29.26067764183972
2025-08-15 05:29:04.447361+00:00,29.255527100671316
2025-08-15 05:29:05.755341+00:00,29.255527100671316
2025-08-15 05:29:06.208693+00:00,29.255527100671316
2025-08-15 05:29:06.780653+00:00,29.255527100671316
2025-08-15 05:29:07.370578+00:00,29.24522601920762
2025-08-15 05:29:07.804543+00:00,29.255527100671316
2025-08-15 05:29:09.182970+00:00,29.255527100671316
2025-08-15 05:29:12.834744+00:00,29.265828183299163
2025-08-15 05:29:12.984368+00:00,29.26067764183972
2025-08-15 05:29:13.171660+00:00,29.26067764183972
2025-08-15 05:29:13.443918+00:00,29.265828183299163
2025-08-15 05:29:13.762191+00:00,29.26067764183972
2025-08-15 05:29:14.874505+00:00,29.255527100671316
2025-08-15 05:29:16.938590+00:00,29.265828183299163
2025-08-15 05:29:17.404254+00:00,29.26067764183972
2025-08-15 05:29:17.870326+00:00,29.255527100671316
2025-08-15 05:29:20.112375+00:00,29.25037655979395
2025-08-15 05:29:21.437868+00:00,29.25037655979395
2025-08-15 05:29:22.127436+00:00,29.26067764183972
2025-08-15 05:29:22.434707+00:00,29.265828183299163
2025-08-15 05:29:24.173488+00:00,29.255527100671316
2025-08-15 05:29:24.458090+00:00,29.25037655979395
2025-08-15 05:29:28.826570+00:00,29.25037655979395
2025-08-15 05:29:29.137975+00:00,29.255527100671316
2025-08-15 05:29:32.264042+00:00,29.26067764183972
2025-08-15 05:29:33.815758+00:00,29.25037655979395
2025-08-15 05:29:35.376185+00:00,29.255527100671316
2025-08-15 05:29:37.461498+00:00,29.26067764183972
2025-08-15 05:29:38.845993+00:00,29.25037655979395
2025-08-15 05:29:41.254068+00:00,29.25037655979395
2025-08-15 05:29:42.721206+00:00,29.26067764183972
2025-08-15 05:29:43.903141+00:00,29.26067764183972
2025-08-15 05:29:45.507766+00:00,29.255527100671316
2025-08-15 05:29:48.811808+00:00,29.25037655979395
2025-08-15 05:29:49.050381+00:00,29.25037655979395
2025-08-15 05:29:49.459936+00:00,29.25037655979395
2025-08-15 05:29:50.962456+00:00,29.26067764183972
2025-08-15 05:29:51.804053+00:00,29.26067764183972
2025-08-15 05:29:52.054116+00:00,29.255527100671316
2025-08-15 05:29:52.752849+00:00,29.25037655979395
2025-08-15 05:29:53.770939+00:00,29.255527100671316
2025-08-15 05:29:54.247103+00:00,29.26067764183972
2025-08-15 05:29:55.549369+00:00,29.26067764183972
2025-08-15 05:29:57.797271+00:00,29.255527100671316
2025-08-15 05:29:58.738544+00:00,29.26067764183972
2025-08-15 05:30:01.174228+00:00,29.26067764183972
2025-08-15 05:30:06.752706+00:00,29.255527100671316
2025-08-15 05:30:07.094790+00:00,29.255527100671316
2025-08-15 05:30:07.537628+00:00,29.26067764183972
2025-08-15 05:30:09.777205+00:00,29.26067764183972
2025-08-15 05:30:10.524865+00:00,29.26067764183972
2025-08-15 05:30:12.603722+00:00,29.26067764183972
2025-08-15 05:30:13.038350+00:00,29.26067764183972
2025-08-15 05:30:16.012853+00:00,29.25037655979395
2025-08-15 05:30:18.679081+00:00,29.255527100671316
2025-08-15 05:30:21.107819+00:00,29.270978725049645
2025-08-15 05:30:23.773836+00:00,29.25037655979395
2025-08-15 05:30:25.060376+00:00,29.26067764183972
2025-08-15 05:30:26.171580+00:00,29.25037655979395
2025-08-15 05:30:32.965342+00:00,29.270978725049645
2025-08-15 05:30:35.828293+00:00,29.270978725049645
2025-08-15 05:30:36.427119+00:00,29.26067764183972
2025-08-15 05:30:37.035677+00:00,29.25037655979395
2025-08-15 05:30:37.434273+00:00,29.255527100671316
2025-08-15 05:30:37.777599+00:00,29.265828183299163
2025-08-15 05:30:40.726697+00:00,29.265828183299163
2025-08-15 05:30:41.510256+00:00,29.26067764183972
2025-08-15 05:30:43.126765+00:00,29.265828183299163
2025-08-15 05:30:44.187838+00:00,29.26067764183972
2025-08-15 05:30:45.855827+00:00,29.270978725049645
2025-08-15 05:30:48.528018+00:00,29.265828183299163
2025-08-15 05:30:48.848231+00:00,29.255527100671316
2025-08-15 05:30:49.733748+00:00,29.26067764183972
2025-08-15 05:30:50.108945+00:00,29.265828183299163
2025-08-15 05:30:50.560278+00:00,29.276129267091164
2025-08-15 05:30:51.354205+00:00,29.26067764183972
2025-08-15 05:30:51.753323+00:00,29.265828183299163
2025-08-15 05:30:52.676786+00:00,29.265828183299163
2025-08-15 05:30:53.878283+00:00,29.265828183299163
2025-08-15 05:30:54.113820+00:00,29.265828183299163
2025-08-15 05:30:54.401715+00:00,29.270978725049645
2025-08-15 05:30:54.639759+00:00,29.265828183299163
2025-08-15 05:30:54.788705+00:00,29.281279809423722
2025-08-15 05:30:55.107503+00:00,29.276129267091164
2025-08-15 05:30:55.458120+00:00,29.276129267091164
2025-08-15 05:30:55.708407+00:00,29.270978725049645
2025-08-15 05:30:56.026525+00:00,29.281279809423722
2025-08-15 05:30:56.378364+00:00,29.270978725049645
2025-08-15 05:30:56.610514+00:00,29.270978725049645
2025-08-15 05:30:56.935816+00:00,29.276129267091164
2025-08-15 05:30:57.306593+00:00,29.265828183299163
2025-08-15 05:31:01.615777+00:00,29.270978725049645
2025-08-15 05:31:03.545898+00:00,29.255527100671316
2025-08-15 05:31:04.032025+00:00,29.26067764183972
2025-08-15 05:31:04.495542+00:00,29.270978725049645
2025-08-15 05:31:13.560357+00:00,29.265828183299163
2025-08-15 05:31:17.203783+00:00,29.26067764183972
2025-08-15 05:31:17.694169+00:00,29.265828183299163
2025-08-15 05:31:18.286045+00:00,29.265828183299163
2025-08-15 05:31:19.609764+00:00,29.270978725049645
2025-08-15 05:31:21.419019+00:00,29.265828183299163
2025-08-15 05:31:21.698296+00:00,29.265828183299163
2025-08-15 05:31:22.202697+00:00,29.276129267091164
2025-08-15 05:31:23.351731+00:00,29.270978725049645
2025-08-15 05:31:24.423663+00:00,29.270978725049645
2025-08-15 05:31:25.968958+00:00,29.270978725049645
2025-08-15 05:31:26.368699+00:00,29.265828183299163
2025-08-15 05:31:26.754121+00:00,29.265828183299163
2025-08-15 05:31:27.437993+00:00,29.276129267091164
2025-08-15 05:31:28.202945+00:00,29.265828183299163
2025-08-15 05:31:29.460498+00:00,29.270978725049645
2025-08-15 05:31:29.870427+00:00,29.270978725049645
2025-08-15 05:31:33.216074+00:00,29.270978725049645
2025-08-15 05:31:33.454096+00:00,29.270978725049645
2025-08-15 05:31:35.292687+00:00,29.281279809423722
2025-08-15 05:31:36.331861+00:00,29.281279809423722
2025-08-15 05:31:36.753579+00:00,29.276129267091164
2025-08-15 05:31:37.229584+00:00,29.281279809423722
2025-08-15 05:31:37.530304+00:00,29.281279809423722
2025-08-15 05:31:38.810814+00:00,29.276129267091164
2025-08-15 05:31:39.062403+00:00,29.276129267091164
2025-08-15 05:31:40.927664+00:00,29.270978725049645
2025-08-15 05:31:45.220967+00:00,29.276129267091164
2025-08-15 05:31:46.201649+00:00,29.291580894961953
2025-08-15 05:31:48.736032+00:00,29.270978725049645
2025-08-15 05:31:51.041178+00:00,29.276129267091164
2025-08-15 05:31:52.572818+00:00,29.255527100671316
2025-08-15 05:31:53.127963+00:00,29.270978725049645
2025-08-15 05:31:53.570820+00:00,29.270978725049645
2025-08-15 05:31:55.122557+00:00,29.270978725049645
2025-08-15 05:31:56.559734+00:00,29.270978725049645
2025-08-15 05:31:57.871477+00:00,29.26067764183972
2025-08-15 05:31:58.171981+00:00,29.26067764183972
2025-08-15 05:31:59.184379+00:00,29.26067764183972
2025-08-15 05:32:02.321843+00:00,29.276129267091164
2025-08-15 05:32:03.708712+00:00,29.270978725049645
2025-08-15 05:32:05.144686+00:00,29.26067764183972
2025-08-15 05:32:08.204577+00:00,29.265828183299163
2025-08-15 05:32:10.300135+00:00,29.255527100671316
2025-08-15 05:32:12.524427+00:00,29.255527100671316
2025-08-15 05:32:14.461232+00:00,29.265828183299163
2025-08-15 05:32:15.250726+00:00,29.265828183299163
2025-08-15 05:32:20.198528+00:00,29.270978725049645
2025-08-15 05:32:22.164324+00:00,29.270978725049645
2025-08-15 05:32:23.016697+00:00,29.270978725049645
2025-08-15 05:32:24.735371+00:00,29.270978725049645
2025-08-15 05:32:25.608579+00:00,29.265828183299163
2025-08-15 05:32:25.822319+00:00,29.276129267091164
2025-08-15 05:32:27.210480+00:00,29.270978725049645
2025-08-15 05:32:27.879897+00:00,29.265828183299163
2025-08-15 05:32:28.358663+00:00,29.276129267091164
2025-08-15 05:32:29.907732+00:00,29.276129267091164
2025-08-15 05:32:33.166295+00:00,29.255527100671316
2025-08-15 05:32:33.493491+00:00,29.270978725049645
2025-08-15 05:32:33.855586+00:00,29.26067764183972
2025-08-15 05:32:35.925855+00:00,29.281279809423722
2025-08-15 05:32:37.593166+00:00,29.255527100671316
2025-08-15 05:32:37.940101+00:00,29.270978725049645
2025-08-15 05:32:38.204625+00:00,29.270978725049645
2025-08-15 05:32:38.824679+00:00,29.276129267091164
2025-08-15 05:32:39.226116+00:00,29.26067764183972
2025-08-15 05:32:40.295531+00:00,29.265828183299163
2025-08-15 05:32:40.981275+00:00,29.26067764183972
2025-08-15 05:32:43.162012+00:00,29.255527100671316
2025-08-15 05:32:45.483559+00:00,29.265828183299163
2025-08-15 05:32:46.353415+00:00,29.265828183299163
2025-08-15 05:32:46.712332+00:00,29.270978725049645
2025-08-15 05:32:48.143005+00:00,29.265828183299163
2025-08-15 05:32:51.783572+00:00,29.270978725049645
2025-08-15 05:32:52.119736+00:00,29.270978725049645
2025-08-15 05:32:53.202066+00:00,29.270978725049645
2025-08-15 05:32:54.324919+00:00,29.270978725049645
2025-08-15 05:32:54.559796+00:00,29.265828183299163
2025-08-15 05:32:54.878199+00:00,29.276129267091164
2025-08-15 05:32:55.136480+00:00,29.270978725049645
2025-08-15 05:32:55.401007+00:00,29.276129267091164
2025-08-15 05:32:55.670207+00:00,29.28643035204732
2025-08-15 05:32:55.975434+00:00,29.276129267091164
2025-08-15 05:32:56.200943+00:00,29.270978725049645
2025-08-15 05:32:56.492017+00:00,29.281279809423722
2025-08-15 05:32:56.747692+00:00,29.281279809423722
2025-08-15 05:32:57.533726+00:00,29.276129267091164
2025-08-15 05:33:02.201910+00:00,29.265828183299163
2025-08-15 05:33:04.608771+00:00,29.276129267091164
2025-08-15 05:33:05.020297+00:00,29.281279809423722
2025-08-15 05:33:05.873814+00:00,29.281279809423722
2025-08-15 05:33:06.331782+00:00,29.291580894961953
2025-08-15 05:33:06.757575+00:00,29.28643035204732
2025-08-15 05:33:07.441101+00:00,29.28643035204732
2025-08-15 05:33:07.882554+00:00,29.28643035204732
2025-08-15 05:33:08.297651+00:00,29.281279809423722
2025-08-15 05:33:08.708832+00:00,29.291580894961953
2025-08-15 05:33:09.676406+00:00,29.291580894961953
2025-08-15 05:33:10.433185+00:00,29.276129267091164
2025-08-15 05:33:11.083242+00:00,29.276129267091164
2025-08-15 05:33:13.436919+00:00,29.28643035204732
2025-08-15 05:33:14.201094+00:00,29.281279809423722
2025-08-15 05:33:14.550121+00:00,29.28643035204732
2025-08-15 05:33:14.757284+00:00,29.281279809423722
2025-08-15 05:33:18.891423+00:00,29.28643035204732
2025-08-15 05:33:20.121885+00:00,29.281279809423722
2025-08-15 05:33:20.540415+00:00,29.28643035204732
2025-08-15 05:33:21.058467+00:00,29.276129267091164
2025-08-15 05:33:22.324004+00:00,29.276129267091164
2025-08-15 05:33:22.880874+00:00,29.291580894961953
2025-08-15 05:33:23.290194+00:00,29.281279809423722
2025-08-15 05:33:24.435738+00:00,29.270978725049645
2025-08-15 05:33:26.541230+00:00,29.270978725049645
2025-08-15 05:33:27.940730+00:00,29.276129267091164
2025-08-15 05:33:28.557793+00:00,29.276129267091164
2025-08-15 05:33:29.890253+00:00,29.281279809423722
2025-08-15 05:33:33.140842+00:00,29.276129267091164
2025-08-15 05:33:36.099121+00:00,29.276129267091164
2025-08-15 05:33:39.883867+00:00,29.276129267091164
2025-08-15 05:33:40.202645+00:00,29.281279809423722
2025-08-15 05:33:40.484734+00:00,29.281279809423722
2025-08-15 05:33:41.277424+00:00,29.276129267091164
2025-08-15 05:33:41.515828+00:00,29.296731438167626
2025-08-15 05:33:41.787070+00:00,29.291580894961953
2025-08-15 05:33:42.830929+00:00,29.28643035204732
2025-08-15 05:33:43.842049+00:00,29.291580894961953
2025-08-15 05:33:45.707454+00:00,29.28643035204732
2025-08-15 05:33:46.066313+00:00,29.28643035204732
2025-08-15 05:33:46.709475+00:00,29.301881981664337
2025-08-15 05:33:47.070646+00:00,29.270978725049645
2025-08-15 05:33:47.518546+00:00,29.291580894961953
2025-08-15 05:33:47.980910+00:00,29.291580894961953
2025-08-15 05:33:48.496389+00:00,29.281279809423722
2025-08-15 05:33:48.797736+00:00,29.291580894961953
2025-08-15 05:33:51.640592+00:00,29.28643035204732
2025-08-15 05:33:52.915545+00:00,29.28643035204732
2025-08-15 05:33:53.158001+00:00,29.291580894961953
2025-08-15 05:33:53.415747+00:00,29.296731438167626
2025-08-15 05:33:53.642822+00:00,29.296731438167626
2025-08-15 05:33:57.152985+00:00,29.301881981664337
2025-08-15 05:33:59.375367+00:00,29.291580894961953
2025-08-15 05:34:00.811675+00:00,29.327634703513468
2025-08-15 05:34:03.628490+00:00,29.296731438167626
2025-08-15 05:34:05.207147+00:00,29.291580894961953
2025-08-15 05:34:05.845812+00:00,29.28643035204732
2025-08-15 05:34:06.335273+00:00,29.291580894961953
2025-08-15 05:34:06.889125+00:00,29.281279809423722
2025-08-15 05:34:07.906283+00:00,29.28643035204732
2025-08-15 05:34:08.230239+00:00,29.291580894961953
2025-08-15 05:34:08.563182+00:00,29.291580894961953
2025-08-15 05:34:08.882850+00:00,29.301881981664337
2025-08-15 05:34:13.963926+00:00,29.301881981664337
2025-08-15 05:34:16.294928+00:00,29.296731438167626
2025-08-15 05:34:17.459482+00:00,29.291580894961953
2025-08-15 05:34:18.288250+00:00,29.28643035204732
2025-08-15 05:34:20.171098+00:00,29.296731438167626
2025-08-15 05:34:20.923710+00:00,29.301881981664337
2025-08-15 05:34:21.157715+00:00,29.301881981664337
2025-08-15 05:34:21.450087+00:00,29.301881981664337
2025-08-15 05:34:21.791522+00:00,29.307032525452087
2025-08-15 05:34:23.057544+00:00,29.301881981664337
2025-08-15 05:34:23.272266+00:00,29.301881981664337
2025-08-15 05:34:23.523439+00:00,29.296731438167626
2025-08-15 05:34:23.692656+00:00,29.312183069530874
2025-08-15 05:34:24.710178+00:00,29.312183069530874
2025-08-15 05:34:25.427693+00:00,29.307032525452087
2025-08-15 05:34:26.423803+00:00,29.301881981664337
2025-08-15 05:34:29.615340+00:00,29.301881981664337
2025-08-15 05:34:31.201974+00:00,29.291580894961953
2025-08-15 05:34:32.490887+00:00,29.296731438167626
2025-08-15 05:34:34.522081+00:00,29.296731438167626
2025-08-15 05:34:36.113017+00:00,29.28643035204732
2025-08-15 05:34:36.397892+00:00,29.291580894961953
2025-08-15 05:34:37.205579+00:00,29.296731438167626
2025-08-15 05:34:38.144374+00:00,29.296731438167626
2025-08-15 05:34:39.000195+00:00,29.291580894961953
2025-08-15 05:34:39.246926+00:00,29.296731438167626
2025-08-15 05:34:39.566416+00:00,29.291580894961953
2025-08-15 05:34:39.924113+00:00,29.291580894961953
2025-08-15 05:34:40.173160+00:00,29.301881981664337
2025-08-15 05:34:41.396895+00:00,29.301881981664337
2025-08-15 05:34:41.661146+00:00,29.301881981664337
2025-08-15 05:34:42.380096+00:00,29.291580894961953
2025-08-15 05:34:43.574929+00:00,29.291580894961953
2025-08-15 05:34:44.739229+00:00,29.301881981664337
2025-08-15 05:34:45.004115+00:00,29.296731438167626
2025-08-15 05:34:47.980810+00:00,29.291580894961953
2025-08-15 05:34:49.399057+00:00,29.291580894961953
2025-08-15 05:34:49.675664+00:00,29.291580894961953
2025-08-15 05:34:50.073581+00:00,29.296731438167626
2025-08-15 05:34:50.769679+00:00,29.28643035204732
2025-08-15 05:34:51.462844+00:00,29.291580894961953
2025-08-15 05:34:52.689821+00:00,29.28643035204732
2025-08-15 05:34:56.034335+00:00,29.28643035204732
2025-08-15 05:34:56.718532+00:00,29.281279809423722
2025-08-15 05:34:58.312849+00:00,29.276129267091164
2025-08-15 05:34:59.746986+00:00,29.276129267091164
2025-08-15 05:35:02.771422+00:00,29.276129267091164
2025-08-15 05:35:05.879223+00:00,29.270978725049645
2025-08-15 05:35:07.532206+00:00,29.276129267091164
2025-08-15 05:35:12.764304+00:00,29.270978725049645
2025-08-15 05:35:13.153927+00:00,29.265828183299163
2025-08-15 05:35:13.556095+00:00,29.26067764183972
2025-08-15 05:35:14.109333+00:00,29.270978725049645
2025-08-15 05:35:15.050828+00:00,29.265828183299163
2025-08-15 05:35:15.512898+00:00,29.270978725049645
2025-08-15 05:35:16.830559+00:00,29.276129267091164
2025-08-15 05:35:17.282826+00:00,29.270978725049645
2025-08-15 05:35:21.778340+00:00,29.26067764183972
2025-08-15 05:35:23.011382+00:00,29.276129267091164
2025-08-15 05:35:26.344692+00:00,29.270978725049645
2025-08-15 05:35:27.055932+00:00,29.265828183299163
2025-08-15 05:35:27.591708+00:00,29.270978725049645
2025-08-15 05:35:30.666203+00:00,29.270978725049645
2025-08-15 05:35:32.929367+00:00,29.291580894961953
2025-08-15 05:35:33.272514+00:00,29.281279809423722
2025-08-15 05:35:33.608552+00:00,29.281279809423722
2025-08-15 05:35:35.995671+00:00,29.281279809423722
2025-08-15 05:35:41.435833+00:00,29.276129267091164
2025-08-15 05:35:41.904570+00:00,29.270978725049645
2025-08-15 05:35:42.146087+00:00,29.276129267091164
2025-08-15 05:35:43.475853+00:00,29.276129267091164
2025-08-15 05:35:44.411330+00:00,29.281279809423722
2025-08-15 05:35:48.289310+00:00,29.281279809423722
2025-08-15 05:35:50.300958+00:00,29.28643035204732
2025-08-15 05:35:51.812834+00:00,29.291580894961953
2025-08-15 05:35:52.357135+00:00,29.28643035204732
2025-08-15 05:35:52.962154+00:00,29.291580894961953
2025-08-15 05:35:53.443756+00:00,29.291580894961953
2025-08-15 05:35:54.203027+00:00,29.28643035204732
2025-08-15 05:35:55.942247+00:00,29.281279809423722
2025-08-15 05:35:57.279296+00:00,29.281279809423722
2025-08-15 05:35:57.729976+00:00,29.28643035204732
2025-08-15 05:35:57.970159+00:00,29.28643035204732
2025-08-15 05:35:58.942072+00:00,29.28643035204732
2025-08-15 05:35:59.671693+00:00,29.276129267091164
2025-08-15 05:35:59.953215+00:00,29.281279809423722
2025-08-15 05:36:00.764933+00:00,29.28643035204732
2025-08-15 05:36:01.169261+00:00,29.281279809423722
2025-08-15 05:36:01.553517+00:00,29.28643035204732
2025-08-15 05:36:02.446207+00:00,29.291580894961953
2025-08-15 05:36:04.173840+00:00,29.281279809423722
2025-08-15 05:36:06.385882+00:00,29.28643035204732
2025-08-15 05:36:07.219467+00:00,29.28643035204732
2025-08-15 05:36:09.879438+00:00,29.291580894961953
2025-08-15 05:36:10.213286+00:00,29.28643035204732
2025-08-15 05:36:10.607941+00:00,29.296731438167626
2025-08-15 05:36:11.118441+00:00,29.296731438167626
2025-08-15 05:36:12.388737+00:00,29.28643035204732
2025-08-15 05:36:13.279665+00:00,29.291580894961953
2025-08-15 05:36:13.546594+00:00,29.301881981664337
2025-08-15 05:36:14.550859+00:00,29.28643035204732
2025-08-15 05:36:15.315330+00:00,29.28643035204732
2025-08-15 05:36:15.849215+00:00,29.291580894961953
2025-08-15 05:36:18.200033+00:00,29.276129267091164
2025-08-15 05:36:22.587858+00:00,29.291580894961953
2025-08-15 05:36:24.546222+00:00,29.307032525452087
2025-08-15 05:36:24.754505+00:00,29.291580894961953
2025-08-15 05:36:24.979494+00:00,29.291580894961953
2025-08-15 05:36:25.229413+00:00,29.307032525452087
2025-08-15 05:36:25.907337+00:00,29.307032525452087
2025-08-15 05:36:26.284443+00:00,29.296731438167626
2025-08-15 05:36:28.202151+00:00,29.307032525452087
2025-08-15 05:36:28.991193+00:00,29.301881981664337
2025-08-15 05:36:29.971053+00:00,29.296731438167626
2025-08-15 05:36:31.900730+00:00,29.301881981664337
2025-08-15 05:36:33.143641+00:00,29.301881981664337
2025-08-15 05:36:33.937073+00:00,29.301881981664337
2025-08-15 05:36:34.327828+00:00,29.301881981664337
2025-08-15 05:36:34.572951+00:00,29.301881981664337
2025-08-15 05:36:34.798376+00:00,29.301881981664337
2025-08-15 05:36:35.657675+00:00,29.3173336139007
2025-08-15 05:36:37.063194+00:00,29.3173336139007
2025-08-15 05:36:37.865103+00:00,29.322484158561565
2025-08-15 05:36:39.661564+00:00,29.322484158561565
2025-08-15 05:36:41.803119+00:00,29.322484158561565
2025-08-15 05:36:49.562463+00:00,29.327634703513468
2025-08-15 05:36:50.048641+00:00,29.33278524875641
2025-08-15 05:36:51.752766+00:00,29.322484158561565
2025-08-15 05:36:52.811043+00:00,29.33278524875641
2025-08-15 05:36:53.303540+00:00,29.327634703513468
2025-08-15 05:36:54.427745+00:00,29.33278524875641
2025-08-15 05:36:55.462496+00:00,29.322484158561565
2025-08-15 05:36:55.756034+00:00,29.327634703513468
2025-08-15 05:36:58.564187+00:00,29.327634703513468
2025-08-15 05:36:58.906882+00:00,29.322484158561565
2025-08-15 05:36:59.383269+00:00,29.322484158561565
2025-08-15 05:36:59.540394+00:00,29.327634703513468
2025-08-15 05:37:00.255953+00:00,29.322484158561565
2025-08-15 05:37:00.635903+00:00,29.322484158561565
2025-08-15 05:37:01.086201+00:00,29.337935794290388
2025-08-15 05:37:03.844494+00:00,29.337935794290388
2025-08-15 05:37:08.174048+00:00,29.337935794290388
2025-08-15 05:37:10.351550+00:00,29.337935794290388
2025-08-15 05:37:11.997475+00:00,29.34823688623146
2025-08-15 05:37:13.835527+00:00,29.337935794290388
2025-08-15 05:37:18.890006+00:00,29.33278524875641
2025-08-15 05:37:19.314299+00:00,29.353387432638556
2025-08-15 05:37:20.003260+00:00,29.337935794290388
2025-08-15 05:37:20.420758+00:00,29.337935794290388
2025-08-15 05:37:21.202789+00:00,29.34823688623146
2025-08-15 05:37:27.240889+00:00,29.34823688623146
2025-08-15 05:37:27.426062+00:00,29.353387432638556
2025-08-15 05:37:29.222975+00:00,29.35853797933669
2025-08-15 05:37:33.406133+00:00,29.353387432638556
2025-08-15 05:37:36.286382+00:00,29.353387432638556
2025-08-15 05:37:38.478995+00:00,29.35853797933669
2025-08-15 05:37:38.679959+00:00,29.353387432638556
2025-08-15 05:37:38.936222+00:00,29.35853797933669
2025-08-15 05:37:39.464924+00:00,29.36368852632586
2025-08-15 05:37:41.688193+00:00,29.353387432638556
2025-08-15 05:37:44.653192+00:00,29.36368852632586
2025-08-15 05:37:46.183216+00:00,29.36883907360607
2025-08-15 05:37:46.727782+00:00,29.373989621177316
2025-08-15 05:37:47.574820+00:00,29.353387432638556
2025-08-15 05:37:49.086359+00:00,29.36368852632586
2025-08-15 05:37:51.063560+00:00,29.35853797933669
2025-08-15 05:37:51.908040+00:00,29.36368852632586
2025-08-15 05:37:54.558926+00:00,29.36368852632586
2025-08-15 05:37:55.432966+00:00,29.36368852632586
2025-08-15 05:37:56.410963+00:00,29.36368852632586
2025-08-15 05:37:58.633374+00:00,29.36368852632586
2025-08-15 05:37:58.925192+00:00,29.36883907360607
2025-08-15 05:37:59.518344+00:00,29.36368852632586
2025-08-15 05:37:59.785699+00:00,29.36368852632586
2025-08-15 05:38:00.317200+00:00,29.373989621177316
2025-08-15 05:38:00.998492+00:00,29.34823688623146
2025-08-15 05:38:06.786731+00:00,29.373989621177316
2025-08-15 05:38:07.632514+00:00,29.35853797933669
2025-08-15 05:38:08.558963+00:00,29.35853797933669
2025-08-15 05:38:09.774020+00:00,29.353387432638556
2025-08-15 05:38:10.982663+00:00,29.35853797933669
2025-08-15 05:38:11.920038+00:00,29.35853797933669
2025-08-15 05:38:13.412331+00:00,29.353387432638556
2025-08-15 05:38:13.980809+00:00,29.35853797933669
2025-08-15 05:38:15.350191+00:00,29.373989621177316
2025-08-15 05:38:18.121857+00:00,29.36368852632586
2025-08-15 05:38:21.789436+00:00,29.353387432638556
2025-08-15 05:38:24.376863+00:00,29.353387432638556
2025-08-15 05:38:26.184036+00:00,29.36368852632586
2025-08-15 05:38:27.787944+00:00,29.373989621177316
2025-08-15 05:38:28.708709+00:00,29.36368852632586
2025-08-15 05:38:31.467050+00:00,29.384290717192926
2025-08-15 05:38:32.502950+00:00,29.389441265637288
2025-08-15 05:38:33.595988+00:00,29.384290717192926
2025-08-15 05:38:36.554361+00:00,29.389441265637288
2025-08-15 05:38:37.363593+00:00,29.389441265637288
2025-08-15 05:38:41.240382+00:00,29.389441265637288
2025-08-15 05:38:41.900834+00:00,29.39459181437269
2025-08-15 05:38:42.887261+00:00,29.39459181437269
2025-08-15 05:38:43.480588+00:00,29.399742363399127
2025-08-15 05:38:43.890467+00:00,29.389441265637288
2025-08-15 05:38:44.168426+00:00,29.399742363399127
2025-08-15 05:38:44.441561+00:00,29.404892912716605
2025-08-15 05:38:49.421494+00:00,29.404892912716605
2025-08-15 05:38:49.993071+00:00,29.399742363399127
2025-08-15 05:38:50.444203+00:00,29.399742363399127
2025-08-15 05:38:51.692464+00:00,29.399742363399127
2025-08-15 05:38:55.227821+00:00,29.399742363399127
2025-08-15 05:38:56.418256+00:00,29.39459181437269
2025-08-15 05:39:01.434584+00:00,29.440946766088018
2025-08-15 05:39:04.294189+00:00,29.420344562415266
2025-08-15 05:39:05.330776+00:00,29.415194012224674
2025-08-15 05:39:06.749183+00:00,29.420344562415266
2025-08-15 05:39:09.517471+00:00,29.415194012224674
2025-08-15 05:39:11.214142+00:00,29.415194012224674
2025-08-15 05:39:13.259983+00:00,29.415194012224674
2025-08-15 05:39:16.488873+00:00,29.41004346232512
2025-08-15 05:39:18.869957+00:00,29.415194012224674
2025-08-15 05:39:19.919939+00:00,29.415194012224674
2025-08-15 05:39:20.130448+00:00,29.404892912716605
2025-08-15 05:39:21.650559+00:00,29.420344562415266
2025-08-15 05:39:21.909556+00:00,29.415194012224674
2025-08-15 05:39:22.177509+00:00,29.41004346232512
2025-08-15 05:39:22.478831+00:00,29.420344562415266
2025-08-15 05:39:23.351282+00:00,29.420344562415266
2025-08-15 05:39:25.822913+00:00,29.420344562415266
2025-08-15 05:39:30.431516+00:00,29.404892912716605
2025-08-15 05:39:31.637749+00:00,29.41004346232512
2025-08-15 05:39:34.720444+00:00,29.41004346232512
2025-08-15 05:39:35.621953+00:00,29.41004346232512
2025-08-15 05:39:36.273820+00:00,29.41004346232512
2025-08-15 05:39:36.751361+00:00,29.399742363399127
2025-08-15 05:39:37.409888+00:00,29.415194012224674
2025-08-15 05:39:39.175470+00:00,29.41004346232512
2025-08-15 05:39:40.818974+00:00,29.41004346232512
2025-08-15 05:39:41.120757+00:00,29.415194012224674
2025-08-15 05:39:42.258799+00:00,29.420344562415266
2025-08-15 05:39:43.077576+00:00,29.415194012224674
2025-08-15 05:39:43.852676+00:00,29.415194012224674
2025-08-15 05:39:45.226568+00:00,29.41004346232512
2025-08-15 05:39:49.142496+00:00,29.41004346232512
2025-08-15 05:39:51.543077+00:00,29.404892912716605
2025-08-15 05:39:51.758088+00:00,29.425495112896897
2025-08-15 05:39:52.408954+00:00,29.415194012224674
2025-08-15 05:39:52.837230+00:00,29.415194012224674
2025-08-15 05:39:59.299427+00:00,29.420344562415266
2025-08-15 05:39:59.572587+00:00,29.420344562415266
2025-08-15 05:40:01.324676+00:00,29.404892912716605
2025-08-15 05:40:02.034867+00:00,29.41004346232512
2025-08-15 05:40:05.579207+00:00,29.404892912716605
2025-08-15 05:40:07.803864+00:00,29.404892912716605
2025-08-15 05:40:12.227714+00:00,29.41004346232512
2025-08-15 05:40:13.456026+00:00,29.420344562415266
2025-08-15 05:40:13.848569+00:00,29.404892912716605
2025-08-15 05:40:14.216399+00:00,29.420344562415266
2025-08-15 05:40:14.595179+00:00,29.404892912716605
2025-08-15 05:40:14.968236+00:00,29.41004346232512
2025-08-15 05:40:15.271696+00:00,29.415194012224674
2025-08-15 05:40:21.254880+00:00,29.451247869670624
2025-08-15 05:40:21.655108+00:00,29.451247869670624
2025-08-15 05:40:22.339436+00:00,29.461548974417383
2025-08-15 05:40:23.103674+00:00,29.456398421898484
2025-08-15 05:40:23.550008+00:00,29.456398421898484
2025-08-15 05:40:29.770792+00:00,29.471850080328295
2025-08-15 05:40:36.496417+00:00,29.471850080328295
2025-08-15 05:40:38.534747+00:00,29.456398421898484
2025-08-15 05:40:39.719710+00:00,29.46669952722732
2025-08-15 05:40:40.155323+00:00,29.456398421898484
2025-08-15 05:40:40.600030+00:00,29.456398421898484
2025-08-15 05:40:41.426317+00:00,29.461548974417383
2025-08-15 05:40:41.718574+00:00,29.46669952722732
2025-08-15 05:40:42.167100+00:00,29.471850080328295
2025-08-15 05:40:44.509525+00:00,29.46669952722732
2025-08-15 05:40:44.951028+00:00,29.461548974417383
2025-08-15 05:40:46.146439+00:00,29.461548974417383
2025-08-15 05:40:47.617637+00:00,29.446097317733802
2025-08-15 05:40:49.007685+00:00,29.451247869670624
2025-08-15 05:40:49.906245+00:00,29.435796214733273
2025-08-15 05:40:51.566067+00:00,29.446097317733802
2025-08-15 05:40:52.439294+00:00,29.440946766088018
2025-08-15 05:40:54.306772+00:00,29.446097317733802
2025-08-15 05:40:54.773703+00:00,29.451247869670624
2025-08-15 05:40:55.205067+00:00,29.446097317733802
2025-08-15 05:40:55.421078+00:00,29.451247869670624
2025-08-15 05:40:56.800140+00:00,29.446097317733802
2025-08-15 05:40:57.828858+00:00,29.451247869670624
2025-08-15 05:40:58.261804+00:00,29.456398421898484
2025-08-15 05:40:58.566199+00:00,29.446097317733802
2025-08-15 05:40:59.314109+00:00,29.456398421898484
2025-08-15 05:41:01.926423+00:00,29.446097317733802
2025-08-15 05:41:02.391576+00:00,29.446097317733802
2025-08-15 05:41:02.820280+00:00,29.456398421898484
2025-08-15 05:41:03.913490+00:00,29.446097317733802
2025-08-15 05:41:05.439330+00:00,29.451247869670624
2025-08-15 05:41:06.066572+00:00,29.456398421898484
2025-08-15 05:41:07.171531+00:00,29.451247869670624
2025-08-15 05:41:08.683655+00:00,29.451247869670624
2025-08-15 05:41:09.566793+00:00,29.456398421898484
2025-08-15 05:41:10.252663+00:00,29.451247869670624
2025-08-15 05:41:10.765810+00:00,29.446097317733802
2025-08-15 05:41:11.372115+00:00,29.451247869670624
2025-08-15 05:41:12.884644+00:00,29.446097317733802
2025-08-15 05:41:13.840853+00:00,29.440946766088018
2025-08-15 05:41:14.513203+00:00,29.446097317733802
2025-08-15 05:41:14.772957+00:00,29.440946766088018
2025-08-15 05:41:16.638382+00:00,29.451247869670624
2025-08-15 05:41:17.552695+00:00,29.440946766088018
2025-08-15 05:41:19.957876+00:00,29.446097317733802
2025-08-15 05:41:21.590354+00:00,29.440946766088018
2025-08-15 05:41:22.485016+00:00,29.440946766088018
2025-08-15 05:41:22.700293+00:00,29.435796214733273
2025-08-15 05:41:24.414011+00:00,29.425495112896897
2025-08-15 05:41:24.699812+00:00,29.440946766088018
2025-08-15 05:41:24.899087+00:00,29.435796214733273
2025-08-15 05:41:25.100678+00:00,29.440946766088018
2025-08-15 05:41:25.358216+00:00,29.435796214733273
2025-08-15 05:41:29.990194+00:00,29.435796214733273
2025-08-15 05:41:32.099771+00:00,29.425495112896897
2025-08-15 05:41:33.310380+00:00,29.425495112896897
2025-08-15 05:41:36.794593+00:00,29.420344562415266
2025-08-15 05:41:37.327654+00:00,29.420344562415266
2025-08-15 05:41:40.077778+00:00,29.425495112896897
2025-08-15 05:41:41.107460+00:00,29.420344562415266
2025-08-15 05:41:42.443479+00:00,29.425495112896897
2025-08-15 05:41:44.074916+00:00,29.415194012224674
2025-08-15 05:41:45.845294+00:00,29.425495112896897
2025-08-15 05:41:47.724942+00:00,29.425495112896897
2025-08-15 05:41:49.093164+00:00,29.420344562415266
2025-08-15 05:41:49.605169+00:00,29.425495112896897
2025-08-15 05:41:50.797490+00:00,29.420344562415266
2025-08-15 05:41:51.032597+00:00,29.425495112896897
2025-08-15 05:41:52.043411+00:00,29.425495112896897
2025-08-15 05:41:52.532001+00:00,29.425495112896897
2025-08-15 05:41:54.449327+00:00,29.420344562415266
2025-08-15 05:41:55.252258+00:00,29.430645663669566
2025-08-15 05:41:56.746835+00:00,29.420344562415266
2025-08-15 05:41:57.290957+00:00,29.425495112896897
2025-08-15 05:42:03.200915+00:00,29.430645663669566
2025-08-15 05:42:03.551951+00:00,29.435796214733273
2025-08-15 05:42:03.877355+00:00,29.425495112896897
2025-08-15 05:42:08.155397+00:00,29.430645663669566
2025-08-15 05:42:08.461239+00:00,29.430645663669566
2025-08-15 05:42:10.065981+00:00,29.425495112896897
2025-08-15 05:42:11.110416+00:00,29.425495112896897
2025-08-15 05:42:14.434992+00:00,29.425495112896897
2025-08-15 05:42:15.481567+00:00,29.425495112896897
2025-08-15 05:42:15.849817+00:00,29.430645663669566
2025-08-15 05:42:16.265564+00:00,29.430645663669566
2025-08-15 05:42:17.860408+00:00,29.425495112896897
2025-08-15 05:42:19.056478+00:00,29.420344562415266
2025-08-15 05:42:19.288061+00:00,29.425495112896897
2025-08-15 05:42:21.000443+00:00,29.41004346232512
2025-08-15 05:42:22.815767+00:00,29.415194012224674
2025-08-15 05:42:24.745717+00:00,29.415194012224674
2025-08-15 05:42:25.202226+00:00,29.420344562415266
2025-08-15 05:42:26.502168+00:00,29.41004346232512
2025-08-15 05:42:26.902558+00:00,29.415194012224674
2025-08-15 05:42:27.763404+00:00,29.425495112896897
2025-08-15 05:42:28.681264+00:00,29.425495112896897
2025-08-15 05:42:29.148741+00:00,29.425495112896897
2025-08-15 05:42:29.698218+00:00,29.430645663669566
2025-08-15 05:42:31.003153+00:00,29.420344562415266
2025-08-15 05:42:35.204408+00:00,29.420344562415266
2025-08-15 05:42:36.994386+00:00,29.430645663669566
2025-08-15 05:42:38.606457+00:00,29.430645663669566
2025-08-15 05:42:38.937168+00:00,29.446097317733802
2025-08-15 05:42:39.181240+00:00,29.446097317733802
2025-08-15 05:42:39.405169+00:00,29.446097317733802
2025-08-15 05:42:41.123078+00:00,29.446097317733802
2025-08-15 05:42:41.438916+00:00,29.446097317733802
2025-08-15 05:42:45.917729+00:00,29.456398421898484
2025-08-15 05:42:47.299497+00:00,29.456398421898484
2025-08-15 05:42:49.224190+00:00,29.461548974417383
2025-08-15 05:42:49.775702+00:00,29.46669952722732
2025-08-15 05:42:51.103486+00:00,29.451247869670624
2025-08-15 05:42:53.588121+00:00,29.456398421898484
2025-08-15 05:42:53.869589+00:00,29.461548974417383
2025-08-15 05:42:54.177395+00:00,29.46669952722732
2025-08-15 05:42:54.563262+00:00,29.46669952722732
2025-08-15 05:42:54.780562+00:00,29.46669952722732
2025-08-15 05:42:55.089760+00:00,29.46669952722732
2025-08-15 05:42:55.306065+00:00,29.46669952722732
2025-08-15 05:42:55.541293+00:00,29.46669952722732
2025-08-15 05:42:56.480369+00:00,29.461548974417383
2025-08-15 05:42:58.606809+00:00,29.518205071333796
2025-08-15 05:42:59.905682+00:00,29.456398421898484
2025-08-15 05:43:03.721739+00:00,29.456398421898484
2025-08-15 05:43:04.207893+00:00,29.451247869670624
2025-08-15 05:43:09.933333+00:00,29.451247869670624
2025-08-15 05:43:10.780528+00:00,29.456398421898484
2025-08-15 05:43:11.165093+00:00,29.451247869670624
2025-08-15 05:43:14.584429+00:00,29.446097317733802
2025-08-15 05:43:16.100543+00:00,29.446097317733802
2025-08-15 05:43:16.806756+00:00,29.440946766088018
2025-08-15 05:43:18.214056+00:00,29.446097317733802
2025-08-15 05:43:19.211777+00:00,29.440946766088018
2025-08-15 05:43:22.546511+00:00,29.451247869670624
2025-08-15 05:43:23.522796+00:00,29.435796214733273
2025-08-15 05:43:24.225397+00:00,29.435796214733273
2025-08-15 05:43:24.439299+00:00,29.451247869670624
2025-08-15 05:43:26.372095+00:00,29.451247869670624
2025-08-15 05:43:26.731441+00:00,29.435796214733273
2025-08-15 05:43:27.984083+00:00,29.446097317733802
2025-08-15 05:43:28.462168+00:00,29.435796214733273
2025-08-15 05:43:31.377670+00:00,29.440946766088018
2025-08-15 05:43:32.670421+00:00,29.425495112896897
2025-08-15 05:43:33.840145+00:00,29.435796214733273
2025-08-15 05:43:34.396577+00:00,29.430645663669566
2025-08-15 05:43:42.561640+00:00,29.430645663669566
2025-08-15 05:43:43.070728+00:00,29.435796214733273
2025-08-15 05:43:43.430248+00:00,29.425495112896897
2025-08-15 05:43:43.763314+00:00,29.430645663669566
2025-08-15 05:43:45.661100+00:00,29.425495112896897
2025-08-15 05:43:47.463197+00:00,29.435796214733273
2025-08-15 05:43:47.998968+00:00,29.435796214733273
2025-08-15 05:43:50.871323+00:00,29.435796214733273
2025-08-15 05:43:54.526277+00:00,29.435796214733273
2025-08-15 05:43:54.927121+00:00,29.420344562415266
2025-08-15 05:43:56.639273+00:00,29.420344562415266
2025-08-15 05:43:56.854645+00:00,29.425495112896897
2025-08-15 05:43:57.140262+00:00,29.425495112896897
2025-08-15 05:43:58.830288+00:00,29.425495112896897
2025-08-15 05:44:00.039819+00:00,29.430645663669566
2025-08-15 05:44:01.599506+00:00,29.430645663669566
2025-08-15 05:44:03.116748+00:00,29.435796214733273
2025-08-15 05:44:06.333337+00:00,29.425495112896897
2025-08-15 05:44:08.336651+00:00,29.425495112896897
2025-08-15 05:44:09.016404+00:00,29.435796214733273
2025-08-15 05:44:13.347727+00:00,29.430645663669566
2025-08-15 05:44:15.431416+00:00,29.440946766088018
2025-08-15 05:44:17.033849+00:00,29.446097317733802
2025-08-15 05:44:17.360735+00:00,29.435796214733273
2025-08-15 05:44:20.272926+00:00,29.446097317733802
2025-08-15 05:44:21.993223+00:00,29.440946766088018
2025-08-15 05:44:22.554448+00:00,29.446097317733802
2025-08-15 05:44:23.402275+00:00,29.440946766088018
2025-08-15 05:44:23.715291+00:00,29.440946766088018
2025-08-15 05:44:26.850543+00:00,29.456398421898484
2025-08-15 05:44:28.723021+00:00,29.451247869670624
2025-08-15 05:44:30.225094+00:00,29.46669952722732
2025-08-15 05:44:33.943503+00:00,29.47700063372031
2025-08-15 05:44:34.200700+00:00,29.46669952722732
2025-08-15 05:44:34.429154+00:00,29.46669952722732
2025-08-15 05:44:35.002797+00:00,29.471850080328295
2025-08-15 05:44:36.728324+00:00,29.46669952722732
2025-08-15 05:44:37.125696+00:00,29.46669952722732
2025-08-15 05:44:37.395555+00:00,29.46669952722732
2025-08-15 05:44:37.578644+00:00,29.471850080328295
2025-08-15 05:44:37.796226+00:00,29.46669952722732
2025-08-15 05:44:40.180205+00:00,29.46669952722732
2025-08-15 05:44:40.535212+00:00,29.47700063372031
2025-08-15 05:44:43.463788+00:00,29.471850080328295
2025-08-15 05:44:44.645043+00:00,29.46669952722732
2025-08-15 05:44:46.423598+00:00,29.471850080328295
2025-08-15 05:44:48.820235+00:00,29.46669952722732
2025-08-15 05:44:49.285548+00:00,29.47700063372031
2025-08-15 05:44:49.528954+00:00,29.46669952722732
2025-08-15 05:44:51.493347+00:00,29.46669952722732
2025-08-15 05:44:55.773392+00:00,29.47700063372031
2025-08-15 05:44:55.989008+00:00,29.46669952722732
2025-08-15 05:44:56.199442+00:00,29.461548974417383
2025-08-15 05:44:56.532719+00:00,29.471850080328295
2025-08-15 05:45:00.052432+00:00,29.46669952722732
2025-08-15 05:45:01.962452+00:00,29.46669952722732
2025-08-15 05:45:03.437398+00:00,29.456398421898484
2025-08-15 05:45:04.193509+00:00,29.461548974417383
2025-08-15 05:45:06.383422+00:00,29.46669952722732
2025-08-15 05:45:08.006457+00:00,29.46669952722732
2025-08-15 05:45:09.447640+00:00,29.461548974417383
2025-08-15 05:45:10.543368+00:00,29.461548974417383
2025-08-15 05:45:11.038924+00:00,29.46669952722732
2025-08-15 05:45:12.489366+00:00,29.461548974417383
2025-08-15 05:45:13.828927+00:00,29.456398421898484
2025-08-15 05:45:16.264920+00:00,29.446097317733802
2025-08-15 05:45:16.722592+00:00,29.456398421898484
2025-08-15 05:45:17.950726+00:00,29.456398421898484
2025-08-15 05:45:19.597579+00:00,29.446097317733802
2025-08-15 05:45:19.929319+00:00,29.451247869670624
2025-08-15 05:45:23.304992+00:00,29.456398421898484
2025-08-15 05:45:24.050384+00:00,29.451247869670624
2025-08-15 05:45:25.036524+00:00,29.456398421898484
2025-08-15 05:45:25.636689+00:00,29.451247869670624
2025-08-15 05:45:28.040155+00:00,29.446097317733802
2025-08-15 05:45:29.075374+00:00,29.440946766088018
2025-08-15 05:45:29.438411+00:00,29.456398421898484
2025-08-15 05:45:32.945727+00:00,29.446097317733802
2025-08-15 05:45:33.977897+00:00,29.446097317733802
2025-08-15 05:45:34.830482+00:00,29.446097317733802
2025-08-15 05:45:39.996039+00:00,29.451247869670624
2025-08-15 05:45:40.252625+00:00,29.446097317733802
2025-08-15 05:45:40.825091+00:00,29.456398421898484
2025-08-15 05:45:42.693476+00:00,29.451247869670624
2025-08-15 05:45:43.108860+00:00,29.451247869670624
2025-08-15 05:45:43.545076+00:00,29.446097317733802
2025-08-15 05:45:44.452580+00:00,29.446097317733802
2025-08-15 05:45:45.607037+00:00,29.456398421898484
2025-08-15 05:45:46.834448+00:00,29.461548974417383
2025-08-15 05:45:47.504115+00:00,29.461548974417383
2025-08-15 05:45:48.574018+00:00,29.461548974417383
2025-08-15 05:45:48.932164+00:00,29.46669952722732
2025-08-15 05:45:49.317000+00:00,29.46669952722732
2025-08-15 05:45:50.668551+00:00,29.46669952722732
2025-08-15 05:45:51.214244+00:00,29.46669952722732
2025-08-15 05:45:51.527175+00:00,29.47700063372031
2025-08-15 05:45:51.732307+00:00,29.471850080328295
2025-08-15 05:45:52.659348+00:00,29.46669952722732
2025-08-15 05:45:52.910220+00:00,29.46669952722732
2025-08-15 05:45:53.159154+00:00,29.47700063372031
2025-08-15 05:45:53.309942+00:00,29.47700063372031
2025-08-15 05:45:53.836837+00:00,29.48215118740336
2025-08-15 05:45:54.123185+00:00,29.47700063372031
2025-08-15 05:45:54.364681+00:00,29.48215118740336
2025-08-15 05:45:54.966677+00:00,29.47700063372031
2025-08-15 05:45:56.434400+00:00,29.471850080328295
2025-08-15 05:45:56.894493+00:00,29.46669952722732
2025-08-15 05:45:57.593274+00:00,29.46669952722732
2025-08-15 05:45:58.827347+00:00,29.47700063372031
2025-08-15 05:45:59.109914+00:00,29.47700063372031
2025-08-15 05:46:01.445437+00:00,29.47700063372031
2025-08-15 05:46:02.829310+00:00,29.47700063372031
2025-08-15 05:46:04.001891+00:00,29.471850080328295
2025-08-15 05:46:06.303960+00:00,29.47700063372031
2025-08-15 05:46:07.647779+00:00,29.46669952722732
2025-08-15 05:46:08.078585+00:00,29.47700063372031
2025-08-15 05:46:09.352838+00:00,29.47700063372031
2025-08-15 05:46:10.547918+00:00,29.471850080328295
2025-08-15 05:46:11.282956+00:00,29.47700063372031
2025-08-15 05:46:12.093915+00:00,29.47700063372031
2025-08-15 05:46:12.751755+00:00,29.47700063372031
2025-08-15 05:46:13.657350+00:00,29.461548974417383
2025-08-15 05:46:19.580676+00:00,29.47700063372031
2025-08-15 05:46:20.048645+00:00,29.46669952722732
2025-08-15 05:46:20.749381+00:00,29.461548974417383
2025-08-15 05:46:21.025933+00:00,29.46669952722732
2025-08-15 05:46:23.008210+00:00,29.461548974417383
2025-08-15 05:46:28.003183+00:00,29.46669952722732
2025-08-15 05:46:31.600760+00:00,29.461548974417383
2025-08-15 05:46:34.539437+00:00,29.461548974417383
2025-08-15 05:46:35.851658+00:00,29.446097317733802
2025-08-15 05:46:36.135962+00:00,29.451247869670624
2025-08-15 05:46:36.410001+00:00,29.456398421898484
2025-08-15 05:46:38.242181+00:00,29.440946766088018
2025-08-15 05:46:39.871947+00:00,29.451247869670624
2025-08-15 05:46:40.073078+00:00,29.461548974417383
2025-08-15 05:46:40.355301+00:00,29.461548974417383
2025-08-15 05:46:41.951721+00:00,29.451247869670624
2025-08-15 05:46:49.828286+00:00,29.440946766088018
2025-08-15 05:46:50.219099+00:00,29.440946766088018
2025-08-15 05:46:50.904035+00:00,29.435796214733273
2025-08-15 05:46:51.117278+00:00,29.435796214733273
2025-08-15 05:46:51.388628+00:00,29.435796214733273
2025-08-15 05:46:56.729977+00:00,29.435796214733273
2025-08-15 05:46:58.357177+00:00,29.425495112896897
2025-08-15 05:46:58.666192+00:00,29.435796214733273
2025-08-15 05:46:59.210705+00:00,29.430645663669566
2025-08-15 05:47:02.062046+00:00,29.420344562415266
2025-08-15 05:47:05.778803+00:00,29.425495112896897
2025-08-15 05:47:07.545573+00:00,29.446097317733802
2025-08-15 05:47:08.170756+00:00,29.430645663669566
2025-08-15 05:47:08.980923+00:00,29.430645663669566
2025-08-15 05:47:13.867354+00:00,29.425495112896897
2025-08-15 05:47:14.738400+00:00,29.440946766088018
2025-08-15 05:47:17.906283+00:00,29.430645663669566
2025-08-15 05:47:18.240747+00:00,29.435796214733273
2025-08-15 05:47:20.111823+00:00,29.430645663669566
2025-08-15 05:47:20.405505+00:00,29.430645663669566
2025-08-15 05:47:20.680513+00:00,29.435796214733273
2025-08-15 05:47:20.871577+00:00,29.435796214733273
2025-08-15 05:47:21.109355+00:00,29.435796214733273
2025-08-15 05:47:21.323124+00:00,29.435796214733273
2025-08-15 05:47:21.574122+00:00,29.435796214733273
2025-08-15 05:47:21.774461+00:00,29.440946766088018
2025-08-15 05:47:22.653546+00:00,29.430645663669566
2025-08-15 05:47:23.046065+00:00,29.430645663669566
2025-08-15 05:47:23.948655+00:00,29.435796214733273
2025-08-15 05:47:26.316666+00:00,29.430645663669566
2025-08-15 05:47:27.376247+00:00,29.425495112896897
2025-08-15 05:47:29.958031+00:00,29.435796214733273
2025-08-15 05:47:31.609372+00:00,29.420344562415266
2025-08-15 05:47:31.943899+00:00,29.420344562415266
2025-08-15 05:47:32.385882+00:00,29.425495112896897
2025-08-15 05:47:34.837314+00:00,29.420344562415266
2025-08-15 05:47:37.044256+00:00,29.420344562415266
2025-08-15 05:47:37.324793+00:00,29.420344562415266
2025-08-15 05:47:37.613124+00:00,29.415194012224674
2025-08-15 05:47:40.986860+00:00,29.415194012224674
2025-08-15 05:47:41.495727+00:00,29.415194012224674
2025-08-15 05:47:41.907573+00:00,29.420344562415266
2025-08-15 05:47:42.182448+00:00,29.415194012224674
2025-08-15 05:47:42.916269+00:00,29.415194012224674
2025-08-15 05:47:43.494227+00:00,29.415194012224674
2025-08-15 05:47:45.592193+00:00,29.415194012224674
2025-08-15 05:47:46.495927+00:00,29.425495112896897
2025-08-15 05:47:48.003085+00:00,29.404892912716605
2025-08-15 05:47:51.224897+00:00,29.415194012224674
2025-08-15 05:47:52.300055+00:00,29.420344562415266
2025-08-15 05:47:53.140078+00:00,29.420344562415266
2025-08-15 05:47:57.360364+00:00,29.420344562415266
2025-08-15 05:47:57.595941+00:00,29.425495112896897
2025-08-15 05:47:59.300485+00:00,29.41004346232512
2025-08-15 05:48:01.533736+00:00,29.430645663669566
2025-08-15 05:48:02.517464+00:00,29.425495112896897
2025-08-15 05:48:07.131456+00:00,29.435796214733273
2025-08-15 05:48:07.552078+00:00,29.425495112896897
2025-08-15 05:48:07.982215+00:00,29.435796214733273
2025-08-15 05:48:08.300163+00:00,29.430645663669566
2025-08-15 05:48:11.165391+00:00,29.425495112896897
2025-08-15 05:48:12.108148+00:00,29.420344562415266
2025-08-15 05:48:13.213465+00:00,29.415194012224674
2025-08-15 05:48:14.867074+00:00,29.430645663669566
2025-08-15 05:48:15.672859+00:00,29.430645663669566
2025-08-15 05:48:17.313225+00:00,29.425495112896897
2025-08-15 05:48:18.533302+00:00,29.420344562415266
2025-08-15 05:48:19.316186+00:00,29.425495112896897
2025-08-15 05:48:19.527095+00:00,29.435796214733273
2025-08-15 05:48:20.011726+00:00,29.430645663669566
2025-08-15 05:48:20.290712+00:00,29.435796214733273
2025-08-15 05:48:21.442333+00:00,29.446097317733802
2025-08-15 05:48:22.877836+00:00,29.425495112896897
2025-08-15 05:48:25.667133+00:00,29.435796214733273
2025-08-15 05:48:26.183590+00:00,29.435796214733273
2025-08-15 05:48:26.821713+00:00,29.430645663669566
2025-08-15 05:48:31.197225+00:00,29.430645663669566
2025-08-15 05:48:31.716074+00:00,29.435796214733273
2025-08-15 05:48:32.104517+00:00,29.435796214733273
2025-08-15 05:48:33.730965+00:00,29.425495112896897
2025-08-15 05:48:34.385844+00:00,29.440946766088018
2025-08-15 05:48:34.720098+00:00,29.430645663669566
2025-08-15 05:48:38.538634+00:00,29.425495112896897
2025-08-15 05:48:39.174443+00:00,29.430645663669566
2025-08-15 05:48:40.148838+00:00,29.430645663669566
2025-08-15 05:48:40.453202+00:00,29.440946766088018
2025-08-15 05:48:40.869281+00:00,29.446097317733802
2025-08-15 05:48:41.404983+00:00,29.435796214733273
2025-08-15 05:48:41.805208+00:00,29.420344562415266
2025-08-15 05:48:43.230655+00:00,29.425495112896897
2025-08-15 05:48:43.603129+00:00,29.430645663669566
2025-08-15 05:48:43.851976+00:00,29.435796214733273
2025-08-15 05:48:44.747637+00:00,29.446097317733802
2025-08-15 05:48:45.008055+00:00,29.435796214733273
2025-08-15 05:48:45.323931+00:00,29.446097317733802
2025-08-15 05:48:45.857863+00:00,29.440946766088018
2025-08-15 05:48:49.162954+00:00,29.430645663669566
2025-08-15 05:48:53.540366+00:00,29.435796214733273
2025-08-15 05:48:53.784247+00:00,29.440946766088018
2025-08-15 05:48:54.110101+00:00,29.435796214733273
2025-08-15 05:48:54.638367+00:00,29.435796214733273
2025-08-15 05:48:55.073562+00:00,29.435796214733273
2025-08-15 05:48:55.406235+00:00,29.435796214733273
2025-08-15 05:48:55.657102+00:00,29.435796214733273
2025-08-15 05:48:55.881467+00:00,29.440946766088018
2025-08-15 05:48:56.251907+00:00,29.425495112896897
2025-08-15 05:48:56.627878+00:00,29.435796214733273
2025-08-15 05:48:56.901942+00:00,29.435796214733273
2025-08-15 05:48:57.096913+00:00,29.430645663669566
2025-08-15 05:48:57.420009+00:00,29.435796214733273
2025-08-15 05:48:59.660405+00:00,29.430645663669566
2025-08-15 05:48:59.928742+00:00,29.430645663669566
2025-08-15 05:49:00.750808+00:00,29.440946766088018
2025-08-15 05:49:03.144337+00:00,29.435796214733273
2025-08-15 05:49:04.848174+00:00,29.435796214733273
2025-08-15 05:49:07.075967+00:00,29.430645663669566
2025-08-15 05:49:08.048583+00:00,29.425495112896897
2025-08-15 05:49:08.392311+00:00,29.425495112896897
2025-08-15 05:49:08.775414+00:00,29.430645663669566
2025-08-15 05:49:10.075273+00:00,29.435796214733273
2025-08-15 05:49:10.510037+00:00,29.430645663669566
2025-08-15 05:49:11.208072+00:00,29.435796214733273
2025-08-15 05:49:11.632909+00:00,29.440946766088018
2025-08-15 05:49:12.200549+00:00,29.440946766088018
2025-08-15 05:49:12.432199+00:00,29.435796214733273
2025-08-15 05:49:12.686596+00:00,29.451247869670624
2025-08-15 05:49:12.897584+00:00,29.446097317733802
2025-08-15 05:49:13.131544+00:00,29.435796214733273
2025-08-15 05:49:13.456013+00:00,29.446097317733802
2025-08-15 05:49:13.931126+00:00,29.435796214733273
2025-08-15 05:49:18.568977+00:00,29.430645663669566
2025-08-15 05:49:19.415636+00:00,29.435796214733273
2025-08-15 05:49:19.856683+00:00,29.430645663669566
2025-08-15 05:49:21.126596+00:00,29.425495112896897
2025-08-15 05:49:21.937708+00:00,29.435796214733273
2025-08-15 05:49:22.889034+00:00,29.430645663669566
2025-08-15 05:49:23.901072+00:00,29.435796214733273
2025-08-15 05:49:24.444062+00:00,29.430645663669566
2025-08-15 05:49:25.454874+00:00,29.435796214733273
2025-08-15 05:49:28.086444+00:00,29.435796214733273
2025-08-15 05:49:30.388662+00:00,29.435796214733273
2025-08-15 05:49:30.832731+00:00,29.41004346232512
2025-08-15 05:49:32.608187+00:00,29.425495112896897
2025-08-15 05:49:34.062002+00:00,29.430645663669566
2025-08-15 05:49:36.521794+00:00,29.420344562415266
2025-08-15 05:49:37.093593+00:00,29.425495112896897
2025-08-15 05:49:37.439642+00:00,29.430645663669566
2025-08-15 05:49:39.057521+00:00,29.430645663669566
2025-08-15 05:49:39.817712+00:00,29.430645663669566
2025-08-15 05:49:41.029898+00:00,29.430645663669566
2025-08-15 05:49:41.514781+00:00,29.420344562415266
2025-08-15 05:49:41.863378+00:00,29.415194012224674
2025-08-15 05:49:42.229792+00:00,29.435796214733273
2025-08-15 05:49:44.772794+00:00,29.425495112896897
2025-08-15 05:49:46.208469+00:00,29.435796214733273
2025-08-15 05:49:46.522773+00:00,29.420344562415266
2025-08-15 05:49:46.937181+00:00,29.425495112896897
2025-08-15 05:49:47.509702+00:00,29.425495112896897
2025-08-15 05:49:50.782392+00:00,29.435796214733273
2025-08-15 05:49:51.894727+00:00,29.425495112896897
2025-08-15 05:49:56.281036+00:00,29.425495112896897
2025-08-15 05:49:57.703451+00:00,29.425495112896897
2025-08-15 05:49:58.157397+00:00,29.415194012224674
2025-08-15 05:49:58.681519+00:00,29.420344562415266
2025-08-15 05:50:00.280776+00:00,29.425495112896897
2025-08-15 05:50:00.962844+00:00,29.420344562415266
2025-08-15 05:50:01.267988+00:00,29.425495112896897
2025-08-15 05:50:01.634752+00:00,29.425495112896897
2025-08-15 05:50:04.724070+00:00,29.425495112896897
2025-08-15 05:50:05.049317+00:00,29.425495112896897
2025-08-15 05:50:06.984499+00:00,29.420344562415266
2025-08-15 05:50:08.245793+00:00,29.425495112896897
2025-08-15 05:50:08.572100+00:00,29.435796214733273
2025-08-15 05:50:09.076891+00:00,29.425495112896897
2025-08-15 05:50:11.889025+00:00,29.425495112896897
2025-08-15 05:50:12.569523+00:00,29.425495112896897
2025-08-15 05:50:14.859105+00:00,29.430645663669566
2025-08-15 05:50:15.719378+00:00,29.435796214733273
2025-08-15 05:50:16.324171+00:00,29.420344562415266
2025-08-15 05:50:16.656136+00:00,29.430645663669566
2025-08-15 05:50:17.206285+00:00,29.440946766088018
2025-08-15 05:50:20.748487+00:00,29.425495112896897
2025-08-15 05:50:22.098017+00:00,29.435796214733273
2025-08-15 05:50:24.153012+00:00,29.435796214733273
2025-08-15 05:50:29.104475+00:00,29.430645663669566
2025-08-15 05:50:33.125033+00:00,29.440946766088018
2025-08-15 05:50:37.587190+00:00,29.446097317733802
2025-08-15 05:50:38.803749+00:00,29.446097317733802
2025-08-15 05:50:40.937101+00:00,29.440946766088018
2025-08-15 05:50:41.721580+00:00,29.446097317733802
2025-08-15 05:50:42.034982+00:00,29.451247869670624
2025-08-15 05:50:42.304552+00:00,29.446097317733802
2025-08-15 05:50:43.595772+00:00,29.440946766088018
2025-08-15 05:50:43.838519+00:00,29.446097317733802
2025-08-15 05:50:44.046840+00:00,29.451247869670624
2025-08-15 05:50:44.255144+00:00,29.446097317733802
2025-08-15 05:50:46.664134+00:00,29.440946766088018
2025-08-15 05:50:49.686875+00:00,29.446097317733802
2025-08-15 05:50:50.638634+00:00,29.446097317733802
2025-08-15 05:50:51.774493+00:00,29.435796214733273
2025-08-15 05:50:53.524285+00:00,29.446097317733802
2025-08-15 05:50:54.404202+00:00,29.446097317733802
2025-08-15 05:50:55.454959+00:00,29.446097317733802
2025-08-15 05:50:59.322242+00:00,29.440946766088018
2025-08-15 05:51:00.846259+00:00,29.435796214733273
2025-08-15 05:51:02.939768+00:00,29.440946766088018
2025-08-15 05:51:03.326576+00:00,29.446097317733802
2025-08-15 05:51:04.023836+00:00,29.451247869670624
2025-08-15 05:51:05.122158+00:00,29.456398421898484
2025-08-15 05:51:07.937921+00:00,29.440946766088018
2025-08-15 05:51:11.581841+00:00,29.456398421898484
2025-08-15 05:51:12.469822+00:00,29.446097317733802
2025-08-15 05:51:16.350083+00:00,29.440946766088018
2025-08-15 05:51:17.344497+00:00,29.435796214733273
2025-08-15 05:51:19.752537+00:00,29.435796214733273
2025-08-15 05:51:21.155383+00:00,29.446097317733802
2025-08-15 05:51:22.928123+00:00,29.440946766088018
2025-08-15 05:51:25.059644+00:00,29.440946766088018
2025-08-15 05:51:26.622059+00:00,29.440946766088018
2025-08-15 05:51:29.596722+00:00,29.440946766088018
2025-08-15 05:51:29.848767+00:00,29.430645663669566
2025-08-15 05:51:32.021995+00:00,29.425495112896897
2025-08-15 05:51:37.802297+00:00,29.430645663669566
2025-08-15 05:51:38.690219+00:00,29.440946766088018
2025-08-15 05:51:38.962015+00:00,29.446097317733802
2025-08-15 05:51:39.365562+00:00,29.435796214733273
2025-08-15 05:51:40.026527+00:00,29.435796214733273
2025-08-15 05:51:40.718228+00:00,29.435796214733273
2025-08-15 05:51:41.238059+00:00,29.435796214733273
2025-08-15 05:51:41.738572+00:00,29.435796214733273
2025-08-15 05:51:41.972998+00:00,29.435796214733273
2025-08-15 05:51:42.395220+00:00,29.425495112896897
2025-08-15 05:51:43.826125+00:00,29.435796214733273
2025-08-15 05:51:45.370300+00:00,29.440946766088018
2025-08-15 05:51:46.711478+00:00,29.425495112896897
2025-08-15 05:51:47.737838+00:00,29.440946766088018
2025-08-15 05:51:50.965085+00:00,29.435796214733273
2025-08-15 05:51:51.333268+00:00,29.435796214733273
2025-08-15 05:51:52.928022+00:00,29.435796214733273
2025-08-15 05:51:54.347244+00:00,29.430645663669566
2025-08-15 05:51:57.625520+00:00,29.435796214733273
2025-08-15 05:52:00.454058+00:00,29.446097317733802
2025-08-15 05:52:01.169594+00:00,29.435796214733273
2025-08-15 05:52:02.619742+00:00,29.440946766088018
2025-08-15 05:52:04.237597+00:00,29.446097317733802
2025-08-15 05:52:05.679340+00:00,29.451247869670624
2025-08-15 05:52:07.319755+00:00,29.456398421898484
2025-08-15 05:52:07.763164+00:00,29.451247869670624
2025-08-15 05:52:11.628533+00:00,29.461548974417383
2025-08-15 05:52:12.187718+00:00,29.440946766088018
2025-08-15 05:52:12.898585+00:00,29.456398421898484
2025-08-15 05:52:13.551821+00:00,29.461548974417383
2025-08-15 05:52:13.801707+00:00,29.46669952722732
2025-08-15 05:52:18.556864+00:00,29.461548974417383
2025-08-15 05:52:23.177633+00:00,29.451247869670624
2025-08-15 05:52:23.962235+00:00,29.461548974417383
2025-08-15 05:52:24.178093+00:00,29.456398421898484
2025-08-15 05:52:25.107088+00:00,29.456398421898484
2025-08-15 05:52:26.102782+00:00,29.451247869670624
2025-08-15 05:52:26.615988+00:00,29.456398421898484
2025-08-15 05:52:26.988711+00:00,29.446097317733802
2025-08-15 05:52:27.214598+00:00,29.456398421898484
2025-08-15 05:52:28.526701+00:00,29.446097317733802
2025-08-15 05:52:29.119476+00:00,29.461548974417383
2025-08-15 05:52:29.539703+00:00,29.46669952722732
2025-08-15 05:52:29.872298+00:00,29.46669952722732
2025-08-15 05:52:30.321917+00:00,29.46669952722732
2025-08-15 05:52:30.843702+00:00,29.471850080328295
2025-08-15 05:52:31.386096+00:00,29.456398421898484
2025-08-15 05:52:31.744648+00:00,29.46669952722732
2025-08-15 05:52:32.118953+00:00,29.461548974417383
2025-08-15 05:52:34.006837+00:00,29.451247869670624
2025-08-15 05:52:34.692882+00:00,29.461548974417383
2025-08-15 05:52:35.093253+00:00,29.456398421898484
2025-08-15 05:52:36.243662+00:00,29.461548974417383
2025-08-15 05:52:36.549942+00:00,29.461548974417383
2025-08-15 05:52:36.841886+00:00,29.46669952722732
2025-08-15 05:52:37.201137+00:00,29.461548974417383
2025-08-15 05:52:38.468845+00:00,29.46669952722732
2025-08-15 05:52:39.864986+00:00,29.461548974417383
2025-08-15 05:52:40.617494+00:00,29.451247869670624
2025-08-15 05:52:40.925897+00:00,29.461548974417383
2025-08-15 05:52:41.178190+00:00,29.46669952722732
2025-08-15 05:52:41.486013+00:00,29.456398421898484
2025-08-15 05:52:41.779278+00:00,29.46669952722732
2025-08-15 05:52:42.043293+00:00,29.46669952722732
2025-08-15 05:52:42.413569+00:00,29.456398421898484
2025-08-15 05:52:46.168796+00:00,29.456398421898484
2025-08-15 05:52:48.702158+00:00,29.451247869670624
2025-08-15 05:52:50.144109+00:00,29.456398421898484
2025-08-15 05:52:51.118908+00:00,29.451247869670624
2025-08-15 05:52:51.556849+00:00,29.446097317733802
2025-08-15 05:52:52.585718+00:00,29.456398421898484
2025-08-15 05:52:53.120030+00:00,29.456398421898484
2025-08-15 05:52:54.850192+00:00,29.461548974417383
2025-08-15 05:52:56.621867+00:00,29.461548974417383
2025-08-15 05:52:58.060768+00:00,29.456398421898484
2025-08-15 05:52:59.149286+00:00,29.461548974417383
2025-08-15 05:53:00.110852+00:00,29.456398421898484
2025-08-15 05:53:01.326563+00:00,29.461548974417383
2025-08-15 05:53:04.330520+00:00,29.46669952722732
2025-08-15 05:53:05.361560+00:00,29.456398421898484
2025-08-15 05:53:06.502053+00:00,29.451247869670624
2025-08-15 05:53:08.686796+00:00,29.461548974417383
2025-08-15 05:53:09.692525+00:00,29.456398421898484
2025-08-15 05:53:10.046082+00:00,29.461548974417383
2025-08-15 05:53:10.360525+00:00,29.46669952722732
2025-08-15 05:53:10.767950+00:00,29.471850080328295
2025-08-15 05:53:11.152453+00:00,29.46669952722732
2025-08-15 05:53:13.712941+00:00,29.46669952722732
2025-08-15 05:53:14.072748+00:00,29.471850080328295
2025-08-15 05:53:14.774743+00:00,29.461548974417383
2025-08-15 05:53:14.969391+00:00,29.46669952722732
2025-08-15 05:53:15.359784+00:00,29.461548974417383
2025-08-15 05:53:17.885053+00:00,29.461548974417383
2025-08-15 05:53:18.975211+00:00,29.446097317733802
2025-08-15 05:53:19.634778+00:00,29.451247869670624
2025-08-15 05:53:19.971534+00:00,29.456398421898484
2025-08-15 05:53:20.774297+00:00,29.461548974417383
2025-08-15 05:53:20.999972+00:00,29.451247869670624
2025-08-15 05:53:22.284717+00:00,29.456398421898484
2025-08-15 05:53:23.775897+00:00,29.456398421898484
2025-08-15 05:53:24.207847+00:00,29.456398421898484
2025-08-15 05:53:25.199405+00:00,29.456398421898484
2025-08-15 05:53:27.008828+00:00,29.451247869670624
2025-08-15 05:53:27.668027+00:00,29.461548974417383
2025-08-15 05:53:27.985168+00:00,29.47700063372031
2025-08-15 05:53:29.423425+00:00,29.446097317733802
2025-08-15 05:53:30.583867+00:00,29.456398421898484
2025-08-15 05:53:32.700496+00:00,29.456398421898484
2025-08-15 05:53:33.684399+00:00,29.451247869670624
2025-08-15 05:53:34.362534+00:00,29.456398421898484
2025-08-15 05:53:35.942278+00:00,29.461548974417383
2025-08-15 05:53:38.331334+00:00,29.456398421898484
2025-08-15 05:53:40.629393+00:00,29.456398421898484
2025-08-15 05:53:41.129999+00:00,29.451247869670624
2025-08-15 05:53:42.285843+00:00,29.451247869670624
2025-08-15 05:53:44.380837+00:00,29.446097317733802
2025-08-15 05:53:44.689451+00:00,29.440946766088018
2025-08-15 05:53:44.924913+00:00,29.456398421898484
2025-08-15 05:53:45.357590+00:00,29.456398421898484
2025-08-15 05:53:45.682794+00:00,29.456398421898484
2025-08-15 05:53:46.851705+00:00,29.446097317733802
2025-08-15 05:53:49.545897+00:00,29.451247869670624
2025-08-15 05:53:50.801094+00:00,29.446097317733802
2025-08-15 05:53:52.696140+00:00,29.451247869670624
2025-08-15 05:53:52.880344+00:00,29.451247869670624
2025-08-15 05:53:54.092181+00:00,29.446097317733802
2025-08-15 05:53:55.637416+00:00,29.440946766088018
2025-08-15 05:53:59.115566+00:00,29.446097317733802
2025-08-15 05:53:59.801570+00:00,29.446097317733802
2025-08-15 05:54:00.226338+00:00,29.446097317733802
2025-08-15 05:54:00.716658+00:00,29.456398421898484
2025-08-15 05:54:01.238481+00:00,29.451247869670624
2025-08-15 05:54:01.600258+00:00,29.451247869670624
2025-08-15 05:54:03.394956+00:00,29.456398421898484
2025-08-15 05:54:05.691928+00:00,29.451247869670624
2025-08-15 05:54:06.125504+00:00,29.451247869670624
2025-08-15 05:54:08.394937+00:00,29.446097317733802
2025-08-15 05:54:09.446699+00:00,29.446097317733802
2025-08-15 05:54:11.076145+00:00,29.435796214733273
2025-08-15 05:54:12.605331+00:00,29.446097317733802
2025-08-15 05:54:13.374485+00:00,29.440946766088018
2025-08-15 05:54:13.815931+00:00,29.446097317733802
2025-08-15 05:54:14.198510+00:00,29.440946766088018
2025-08-15 05:54:15.988794+00:00,29.446097317733802
2025-08-15 05:54:19.509077+00:00,29.451247869670624
2025-08-15 05:54:19.874951+00:00,29.451247869670624
2025-08-15 05:54:22.348190+00:00,29.456398421898484
2025-08-15 05:54:23.256798+00:00,29.446097317733802
2025-08-15 05:54:24.649480+00:00,29.446097317733802
2025-08-15 05:54:26.133007+00:00,29.456398421898484
2025-08-15 05:54:28.130123+00:00,29.456398421898484
2025-08-15 05:54:28.399496+00:00,29.451247869670624
2025-08-15 05:54:28.949309+00:00,29.461548974417383
2025-08-15 05:54:29.800119+00:00,29.451247869670624
2025-08-15 05:54:31.533246+00:00,29.456398421898484
2025-08-15 05:54:32.107856+00:00,29.456398421898484
2025-08-15 05:54:35.181932+00:00,29.456398421898484
2025-08-15 05:54:35.907901+00:00,29.456398421898484
2025-08-15 05:54:36.634054+00:00,29.461548974417383
2025-08-15 05:54:36.907316+00:00,29.446097317733802
2025-08-15 05:54:37.144250+00:00,29.451247869670624
2025-08-15 05:54:37.329381+00:00,29.461548974417383
2025-08-15 05:54:37.548091+00:00,29.461548974417383
2025-08-15 05:54:37.779491+00:00,29.461548974417383
2025-08-15 05:54:38.340544+00:00,29.461548974417383
2025-08-15 05:54:40.480982+00:00,29.456398421898484
2025-08-15 05:54:41.064662+00:00,29.456398421898484
2025-08-15 05:54:41.691351+00:00,29.456398421898484
2025-08-15 05:54:42.332628+00:00,29.456398421898484
2025-08-15 05:54:43.772911+00:00,29.456398421898484
2025-08-15 05:54:44.624537+00:00,29.456398421898484
2025-08-15 05:54:45.589896+00:00,29.461548974417383
2025-08-15 05:54:47.315289+00:00,29.456398421898484
2025-08-15 05:54:47.949012+00:00,29.446097317733802
2025-08-15 05:54:48.288186+00:00,29.451247869670624
2025-08-15 05:54:53.489478+00:00,29.446097317733802
2025-08-15 05:54:54.458671+00:00,29.446097317733802
2025-08-15 05:54:54.732153+00:00,29.456398421898484
2025-08-15 05:54:55.244634+00:00,29.46669952722732
2025-08-15 05:54:56.313293+00:00,29.461548974417383
2025-08-15 05:54:56.514714+00:00,29.471850080328295
2025-08-15 05:54:58.411365+00:00,29.46669952722732
2025-08-15 05:54:58.761781+00:00,29.461548974417383
2025-08-15 05:55:00.242330+00:00,29.46669952722732
2025-08-15 05:55:02.682797+00:00,29.456398421898484
2025-08-15 05:55:08.648667+00:00,29.456398421898484
2025-08-15 05:55:09.842837+00:00,29.46669952722732
2025-08-15 05:55:11.447418+00:00,29.46669952722732
2025-08-15 05:55:12.464696+00:00,29.46669952722732
2025-08-15 05:55:13.048005+00:00,29.47700063372031
2025-08-15 05:55:14.004471+00:00,29.456398421898484
2025-08-15 05:55:15.885093+00:00,29.461548974417383
2025-08-15 05:55:17.098265+00:00,29.471850080328295
2025-08-15 05:55:19.931369+00:00,29.456398421898484
2025-08-15 05:55:22.298127+00:00,29.46669952722732
2025-08-15 05:55:23.207671+00:00,29.461548974417383
2025-08-15 05:55:26.415332+00:00,29.46669952722732
2025-08-15 05:55:30.688243+00:00,29.46669952722732
2025-08-15 05:55:31.395518+00:00,29.46669952722732
2025-08-15 05:55:31.897769+00:00,29.46669952722732
2025-08-15 05:55:37.939980+00:00,29.46669952722732
2025-08-15 05:55:42.090265+00:00,29.461548974417383
2025-08-15 05:55:42.722717+00:00,29.456398421898484
2025-08-15 05:55:44.001333+00:00,29.456398421898484
2025-08-15 05:55:44.460058+00:00,29.461548974417383
2025-08-15 05:55:45.204824+00:00,29.461548974417383
2025-08-15 05:55:45.838177+00:00,29.456398421898484
2025-08-15 05:55:50.643558+00:00,29.451247869670624
2025-08-15 05:55:50.844044+00:00,29.456398421898484
2025-08-15 05:55:51.119998+00:00,29.456398421898484
2025-08-15 05:55:52.147176+00:00,29.456398421898484
2025-08-15 05:55:52.455657+00:00,29.461548974417383
2025-08-15 05:55:53.516949+00:00,29.451247869670624
2025-08-15 05:55:55.464915+00:00,29.451247869670624
2025-08-15 05:55:55.924249+00:00,29.451247869670624
2025-08-15 05:55:57.878546+00:00,29.451247869670624
2025-08-15 05:56:01.223297+00:00,29.446097317733802
2025-08-15 05:56:01.637562+00:00,29.451247869670624
2025-08-15 05:56:01.968229+00:00,29.461548974417383
2025-08-15 05:56:02.371682+00:00,29.451247869670624
2025-08-15 05:56:05.091035+00:00,29.451247869670624
2025-08-15 05:56:05.412562+00:00,29.451247869670624
2025-08-15 05:56:09.547497+00:00,29.451247869670624
2025-08-15 05:56:10.409662+00:00,29.451247869670624
2025-08-15 05:56:12.840732+00:00,29.451247869670624
2025-08-15 05:56:17.906127+00:00,29.461548974417383
2025-08-15 05:56:18.274758+00:00,29.451247869670624
2025-08-15 05:56:18.536065+00:00,29.456398421898484
2025-08-15 05:56:18.788561+00:00,29.456398421898484
2025-08-15 05:56:20.671150+00:00,29.456398421898484
2025-08-15 05:56:21.074962+00:00,29.456398421898484
2025-08-15 05:56:21.886996+00:00,29.456398421898484
2025-08-15 05:56:22.514078+00:00,29.440946766088018
2025-08-15 05:56:22.787545+00:00,29.461548974417383
2025-08-15 05:56:25.213479+00:00,29.471850080328295
2025-08-15 05:56:27.251663+00:00,29.456398421898484
2025-08-15 05:56:29.565817+00:00,29.46669952722732
2025-08-15 05:56:31.854274+00:00,29.471850080328295
2025-08-15 05:56:32.645344+00:00,29.461548974417383
2025-08-15 05:56:33.362286+00:00,29.456398421898484
2025-08-15 05:56:33.802267+00:00,29.46669952722732
2025-08-15 05:56:34.571884+00:00,29.46669952722732
2025-08-15 05:56:35.833092+00:00,29.461548974417383
2025-08-15 05:56:36.485545+00:00,29.456398421898484
2025-08-15 05:56:37.221361+00:00,29.46669952722732
2025-08-15 05:56:38.842929+00:00,29.46669952722732
2025-08-15 05:56:41.655656+00:00,29.461548974417383
2025-08-15 05:56:43.895103+00:00,29.46669952722732
2025-08-15 05:56:46.212713+00:00,29.461548974417383
2025-08-15 05:56:49.015696+00:00,29.456398421898484
2025-08-15 05:56:50.219960+00:00,29.46669952722732
2025-08-15 05:56:50.563651+00:00,29.471850080328295
2025-08-15 05:56:50.864543+00:00,29.47700063372031
2025-08-15 05:56:53.354003+00:00,29.471850080328295
2025-08-15 05:56:55.860800+00:00,29.46669952722732
2025-08-15 05:56:56.712869+00:00,29.46669952722732
2025-08-15 05:56:57.556202+00:00,29.46669952722732
2025-08-15 05:56:58.086165+00:00,29.471850080328295
2025-08-15 05:56:58.877062+00:00,29.46669952722732
2025-08-15 05:57:01.705157+00:00,29.46669952722732
2025-08-15 05:57:02.528353+00:00,29.471850080328295
2025-08-15 05:57:02.729368+00:00,29.47700063372031
2025-08-15 05:57:03.021129+00:00,29.47700063372031
2025-08-15 05:57:03.315003+00:00,29.471850080328295
2025-08-15 05:57:03.919147+00:00,29.47700063372031
2025-08-15 05:57:04.319689+00:00,29.48215118740336
2025-08-15 05:57:04.659211+00:00,29.47700063372031
2025-08-15 05:57:05.526917+00:00,29.471850080328295
2025-08-15 05:57:06.428790+00:00,29.471850080328295
2025-08-15 05:57:12.369982+00:00,29.46669952722732
2025-08-15 05:57:17.873389+00:00,29.471850080328295
2025-08-15 05:57:18.789971+00:00,29.471850080328295
2025-08-15 05:57:20.694920+00:00,29.47700063372031
2025-08-15 05:57:21.237726+00:00,29.47700063372031
2025-08-15 05:57:21.465663+00:00,29.48215118740336
2025-08-15 05:57:22.365372+00:00,29.48215118740336
2025-08-15 05:57:22.892833+00:00,29.47700063372031
2025-08-15 05:57:23.970880+00:00,29.48730174137745
2025-08-15 05:57:24.272662+00:00,29.48730174137745
2025-08-15 05:57:25.241643+00:00,29.48215118740336
2025-08-15 05:57:25.701594+00:00,29.48730174137745
2025-08-15 05:57:25.926578+00:00,29.48730174137745
2025-08-15 05:57:27.188331+00:00,29.48215118740336
2025-08-15 05:57:28.353350+00:00,29.48730174137745
2025-08-15 05:57:30.246042+00:00,29.48730174137745
2025-08-15 05:57:30.694088+00:00,29.48730174137745
2025-08-15 05:57:31.243936+00:00,29.497602850198746
2025-08-15 05:57:32.081231+00:00,29.497602850198746
2025-08-15 05:57:33.495884+00:00,29.49245229564258
2025-08-15 05:57:33.794171+00:00,29.48730174137745
2025-08-15 05:57:34.934095+00:00,29.497602850198746
2025-08-15 05:57:37.277984+00:00,29.50275340504595
2025-08-15 05:57:38.235534+00:00,29.48730174137745
2025-08-15 05:57:39.054663+00:00,29.49245229564258
2025-08-15 05:57:39.519565+00:00,29.49245229564258
2025-08-15 05:57:40.055966+00:00,29.49245229564258
2025-08-15 05:57:42.344287+00:00,29.513054515613476
2025-08-15 05:57:44.351532+00:00,29.507903960184194
2025-08-15 05:57:44.993131+00:00,29.513054515613476
2025-08-15 05:57:45.711489+00:00,29.513054515613476
2025-08-15 05:57:47.250480+00:00,29.523355627345154
2025-08-15 05:57:47.784779+00:00,29.523355627345154
2025-08-15 05:57:48.796308+00:00,29.513054515613476
2025-08-15 05:57:52.683258+00:00,29.518205071333796
2025-08-15 05:57:53.652333+00:00,29.523355627345154
2025-08-15 05:57:54.200409+00:00,29.518205071333796
2025-08-15 05:57:56.011342+00:00,29.523355627345154
2025-08-15 05:57:59.273848+00:00,29.518205071333796
2025-08-15 05:58:00.786445+00:00,29.518205071333796
2025-08-15 05:58:01.561074+00:00,29.518205071333796
2025-08-15 05:58:01.872087+00:00,29.523355627345154
2025-08-15 05:58:03.568474+00:00,29.518205071333796
2025-08-15 05:58:04.076876+00:00,29.518205071333796
2025-08-15 05:58:04.376509+00:00,29.513054515613476
2025-08-15 05:58:07.984181+00:00,29.518205071333796
2025-08-15 05:58:08.342028+00:00,29.513054515613476
2025-08-15 05:58:11.379924+00:00,29.518205071333796
2025-08-15 05:58:11.622661+00:00,29.523355627345154
2025-08-15 05:58:11.942452+00:00,29.518205071333796
2025-08-15 05:58:12.818002+00:00,29.518205071333796
2025-08-15 05:58:13.172238+00:00,29.523355627345154
2025-08-15 05:58:13.967521+00:00,29.518205071333796
2025-08-15 05:58:18.552164+00:00,29.523355627345154
2025-08-15 05:58:20.024042+00:00,29.533656740240986
2025-08-15 05:58:20.818499+00:00,29.518205071333796
2025-08-15 05:58:21.360847+00:00,29.52850618364755
2025-08-15 05:58:22.922421+00:00,29.52850618364755
2025-08-15 05:58:23.582879+00:00,29.52850618364755
2025-08-15 05:58:24.553488+00:00,29.52850618364755
2025-08-15 05:58:25.167173+00:00,29.53880729712546
2025-08-15 05:58:26.876841+00:00,29.52850618364755
2025-08-15 05:58:27.684763+00:00,29.523355627345154
2025-08-15 05:58:28.137666+00:00,29.52850618364755
2025-08-15 05:58:29.413678+00:00,29.523355627345154
2025-08-15 05:58:29.825148+00:00,29.52850618364755
2025-08-15 05:58:30.508214+00:00,29.523355627345154
2025-08-15 05:58:31.511991+00:00,29.53880729712546
2025-08-15 05:58:32.485502+00:00,29.52850618364755
2025-08-15 05:58:34.819132+00:00,29.53880729712546
2025-08-15 05:58:35.668040+00:00,29.523355627345154
2025-08-15 05:58:36.592341+00:00,29.52850618364755
2025-08-15 05:58:37.068496+00:00,29.533656740240986
2025-08-15 05:58:40.509562+00:00,29.533656740240986
2025-08-15 05:58:43.659685+00:00,29.52850618364755
2025-08-15 05:58:44.111039+00:00,29.523355627345154
2025-08-15 05:58:47.000912+00:00,29.52850618364755
2025-08-15 05:58:47.808924+00:00,29.523355627345154
2025-08-15 05:58:51.842526+00:00,29.533656740240986
2025-08-15 05:58:52.835474+00:00,29.52850618364755
2025-08-15 05:58:53.837729+00:00,29.523355627345154
2025-08-15 05:58:54.597737+00:00,29.533656740240986
2025-08-15 05:58:54.882000+00:00,29.53880729712546
2025-08-15 05:58:55.158129+00:00,29.533656740240986
2025-08-15 05:58:56.310097+00:00,29.523355627345154
2025-08-15 05:58:57.154830+00:00,29.52850618364755
2025-08-15 05:58:58.039247+00:00,29.523355627345154
2025-08-15 05:58:59.802827+00:00,29.52850618364755
2025-08-15 05:59:02.740482+00:00,29.518205071333796
2025-08-15 05:59:04.924552+00:00,29.52850618364755
2025-08-15 05:59:09.557996+00:00,29.53880729712546
2025-08-15 05:59:11.992203+00:00,29.54395785430097
2025-08-15 05:59:17.506475+00:00,29.52850618364755
2025-08-15 05:59:18.027196+00:00,29.523355627345154
2025-08-15 05:59:18.847095+00:00,29.52850618364755
2025-08-15 05:59:19.770227+00:00,29.52850618364755
2025-08-15 05:59:23.492715+00:00,29.52850618364755
2025-08-15 05:59:25.025909+00:00,29.533656740240986
2025-08-15 05:59:26.633093+00:00,29.518205071333796
2025-08-15 05:59:26.990532+00:00,29.54395785430097
2025-08-15 05:59:27.532720+00:00,29.53880729712546
2025-08-15 05:59:28.330293+00:00,29.52850618364755
2025-08-15 05:59:29.254384+00:00,29.52850618364755
2025-08-15 05:59:33.790524+00:00,29.53880729712546
2025-08-15 05:59:35.263556+00:00,29.518205071333796
2025-08-15 05:59:35.505358+00:00,29.518205071333796
2025-08-15 05:59:36.415693+00:00,29.533656740240986
2025-08-15 05:59:37.092061+00:00,29.523355627345154
2025-08-15 05:59:37.375176+00:00,29.52850618364755
2025-08-15 05:59:38.697732+00:00,29.53880729712546
2025-08-15 05:59:39.949962+00:00,29.52850618364755
2025-08-15 05:59:40.684712+00:00,29.53880729712546
2025-08-15 05:59:41.295156+00:00,29.53880729712546
2025-08-15 05:59:41.631543+00:00,29.54395785430097
2025-08-15 05:59:41.902592+00:00,29.54910841176752
2025-08-15 05:59:42.306814+00:00,29.54910841176752
2025-08-15 05:59:42.574153+00:00,29.54910841176752
2025-08-15 05:59:42.908272+00:00,29.54910841176752
2025-08-15 05:59:43.142088+00:00,29.569710644544102
2025-08-15 05:59:43.350151+00:00,29.54910841176752
2025-08-15 05:59:43.711125+00:00,29.569710644544102
2025-08-15 05:59:43.957350+00:00,29.5645600859134
2025-08-15 05:59:44.278370+00:00,29.54910841176752
2025-08-15 05:59:49.215659+00:00,29.54395785430097
2025-08-15 05:59:50.542752+00:00,29.53880729712546
2025-08-15 05:59:51.229042+00:00,29.53880729712546
2025-08-15 05:59:52.610202+00:00,29.52850618364755
2025-08-15 05:59:52.842667+00:00,29.54395785430097
2025-08-15 05:59:54.338677+00:00,29.54395785430097
2025-08-15 05:59:56.093143+00:00,29.54910841176752
2025-08-15 05:59:56.712490+00:00,29.53880729712546
2025-08-15 05:59:57.123240+00:00,29.53880729712546
2025-08-15 05:59:59.620303+00:00,29.533656740240986
2025-08-15 06:00:04.123163+00:00,29.523355627345154
2025-08-15 06:00:05.164178+00:00,29.52850618364755
2025-08-15 06:00:05.667053+00:00,29.53880729712546
2025-08-15 06:00:06.329849+00:00,29.52850618364755
2025-08-15 06:00:08.030261+00:00,29.52850618364755
2025-08-15 06:00:09.150151+00:00,29.533656740240986
2025-08-15 06:00:10.204345+00:00,29.533656740240986
2025-08-15 06:00:10.906353+00:00,29.52850618364755
2025-08-15 06:00:15.458008+00:00,29.52850618364755
2025-08-15 06:00:15.998770+00:00,29.52850618364755
2025-08-15 06:00:20.216228+00:00,29.52850618364755
2025-08-15 06:00:29.862881+00:00,29.518205071333796
2025-08-15 06:00:32.111800+00:00,29.518205071333796
2025-08-15 06:00:35.989059+00:00,29.533656740240986
2025-08-15 06:00:36.331174+00:00,29.54395785430097
2025-08-15 06:00:39.062906+00:00,29.54910841176752
2025-08-15 06:00:40.432326+00:00,29.53880729712546
2025-08-15 06:00:42.949806+00:00,29.53880729712546
2025-08-15 06:00:44.057449+00:00,29.54910841176752
2025-08-15 06:00:44.269408+00:00,29.554258969525108
2025-08-15 06:00:44.982035+00:00,29.554258969525108
2025-08-15 06:00:46.823095+00:00,29.54910841176752
2025-08-15 06:00:47.347472+00:00,29.54395785430097
2025-08-15 06:00:48.003411+00:00,29.54395785430097
2025-08-15 06:00:50.215547+00:00,29.54910841176752
2025-08-15 06:00:50.833270+00:00,29.54910841176752
2025-08-15 06:00:51.152565+00:00,29.54910841176752
2025-08-15 06:00:51.418345+00:00,29.559409527573735
2025-08-15 06:00:51.723837+00:00,29.554258969525108
2025-08-15 06:00:52.415089+00:00,29.559409527573735
2025-08-15 06:00:52.780382+00:00,29.54910841176752
2025-08-15 06:00:57.247908+00:00,29.533656740240986
2025-08-15 06:00:57.814057+00:00,29.54910841176752
2025-08-15 06:00:58.964236+00:00,29.54910841176752
2025-08-15 06:01:00.350760+00:00,29.54910841176752
2025-08-15 06:01:00.812786+00:00,29.5645600859134
2025-08-15 06:01:01.820020+00:00,29.54910841176752
2025-08-15 06:01:13.157770+00:00,29.54910841176752
2025-08-15 06:01:13.755936+00:00,29.554258969525108
2025-08-15 06:01:16.285760+00:00,29.5645600859134
2025-08-15 06:01:18.338748+00:00,29.54910841176752
2025-08-15 06:01:19.917846+00:00,29.53880729712546
2025-08-15 06:01:20.571502+00:00,29.54395785430097
2025-08-15 06:01:22.881122+00:00,29.54910841176752
2025-08-15 06:01:24.291999+00:00,29.54395785430097
2025-08-15 06:01:25.467413+00:00,29.54395785430097
2025-08-15 06:01:25.836674+00:00,29.54395785430097
2025-08-15 06:01:26.621408+00:00,29.53880729712546
2025-08-15 06:01:27.014112+00:00,29.54395785430097
2025-08-15 06:01:27.264500+00:00,29.54395785430097
2025-08-15 06:01:27.916785+00:00,29.54395785430097
2025-08-15 06:01:28.458283+00:00,29.54910841176752
2025-08-15 06:01:29.353410+00:00,29.53880729712546
2025-08-15 06:01:32.310332+00:00,29.53880729712546
2025-08-15 06:01:33.633381+00:00,29.518205071333796
2025-08-15 06:01:34.097552+00:00,29.52850618364755
2025-08-15 06:01:35.152333+00:00,29.53880729712546
2025-08-15 06:01:35.995272+00:00,29.533656740240986
2025-08-15 06:01:36.831270+00:00,29.533656740240986
2025-08-15 06:01:37.280094+00:00,29.52850618364755
2025-08-15 06:01:39.104827+00:00,29.533656740240986
2025-08-15 06:01:39.671438+00:00,29.533656740240986
2025-08-15 06:01:39.929452+00:00,29.523355627345154
2025-08-15 06:01:40.171732+00:00,29.533656740240986
2025-08-15 06:01:40.505991+00:00,29.52850618364755
2025-08-15 06:01:40.793739+00:00,29.53880729712546
2025-08-15 06:01:43.530764+00:00,29.523355627345154
2025-08-15 06:01:43.797307+00:00,29.533656740240986
2025-08-15 06:01:44.353876+00:00,29.52850618364755
2025-08-15 06:01:47.145221+00:00,29.52850618364755
2025-08-15 06:01:49.772100+00:00,29.52850618364755
2025-08-15 06:01:51.651078+00:00,29.52850618364755
2025-08-15 06:01:51.920795+00:00,29.523355627345154
2025-08-15 06:01:52.914457+00:00,29.52850618364755
2025-08-15 06:01:55.262072+00:00,29.52850618364755
2025-08-15 06:01:58.779054+00:00,29.523355627345154
2025-08-15 06:01:59.712640+00:00,29.523355627345154
2025-08-15 06:02:01.520380+00:00,29.518205071333796
2025-08-15 06:02:01.841449+00:00,29.523355627345154
2025-08-15 06:02:02.199762+00:00,29.523355627345154
2025-08-15 06:02:02.891067+00:00,29.52850618364755
2025-08-15 06:02:03.481076+00:00,29.52850618364755
2025-08-15 06:02:03.829005+00:00,29.54910841176752
2025-08-15 06:02:04.945007+00:00,29.523355627345154
2025-08-15 06:02:07.953718+00:00,29.533656740240986
2025-08-15 06:02:08.363672+00:00,29.52850618364755
2025-08-15 06:02:08.657870+00:00,29.523355627345154
2025-08-15 06:02:09.978266+00:00,29.52850618364755
2025-08-15 06:02:11.162250+00:00,29.518205071333796
2025-08-15 06:02:11.989119+00:00,29.523355627345154
2025-08-15 06:02:12.303199+00:00,29.523355627345154
2025-08-15 06:02:12.624538+00:00,29.513054515613476
2025-08-15 06:02:13.112674+00:00,29.518205071333796
2025-08-15 06:02:19.646473+00:00,29.518205071333796
2025-08-15 06:02:19.959241+00:00,29.52850618364755
2025-08-15 06:02:21.463395+00:00,29.507903960184194
2025-08-15 06:02:21.803388+00:00,29.523355627345154
2025-08-15 06:02:22.214628+00:00,29.52850618364755
2025-08-15 06:02:22.448343+00:00,29.518205071333796
2025-08-15 06:02:27.027079+00:00,29.518205071333796
2025-08-15 06:02:28.116533+00:00,29.513054515613476
2025-08-15 06:02:28.986289+00:00,29.507903960184194
2025-08-15 06:02:30.190473+00:00,29.513054515613476
2025-08-15 06:02:32.632503+00:00,29.518205071333796
2025-08-15 06:02:33.589685+00:00,29.507903960184194
2025-08-15 06:02:35.820328+00:00,29.513054515613476
2025-08-15 06:02:37.512013+00:00,29.507903960184194
2025-08-15 06:02:37.723370+00:00,29.513054515613476
2025-08-15 06:02:38.444275+00:00,29.507903960184194
2025-08-15 06:02:38.920975+00:00,29.507903960184194
2025-08-15 06:02:40.491137+00:00,29.513054515613476
2025-08-15 06:02:42.361130+00:00,29.507903960184194
2025-08-15 06:02:44.200722+00:00,29.513054515613476
2025-08-15 06:02:45.544633+00:00,29.507903960184194
2025-08-15 06:02:47.035646+00:00,29.513054515613476
2025-08-15 06:02:47.799191+00:00,29.513054515613476
2025-08-15 06:02:49.179335+00:00,29.507903960184194
2025-08-15 06:02:49.956450+00:00,29.518205071333796
2025-08-15 06:02:51.784704+00:00,29.50275340504595
2025-08-15 06:02:52.346219+00:00,29.507903960184194
2025-08-15 06:02:52.763646+00:00,29.518205071333796
2025-08-15 06:02:55.161116+00:00,29.513054515613476
2025-08-15 06:02:55.419827+00:00,29.507903960184194
2025-08-15 06:02:56.890919+00:00,29.507903960184194
2025-08-15 06:02:58.735108+00:00,29.507903960184194
2025-08-15 06:03:01.392027+00:00,29.513054515613476
2025-08-15 06:03:05.302667+00:00,29.507903960184194
2025-08-15 06:03:05.744102+00:00,29.50275340504595
2025-08-15 06:03:08.203134+00:00,29.507903960184194
2025-08-15 06:03:08.852236+00:00,29.507903960184194
2025-08-15 06:03:12.003945+00:00,29.507903960184194
2025-08-15 06:03:13.064741+00:00,29.507903960184194
2025-08-15 06:03:15.814975+00:00,29.507903960184194
2025-08-15 06:03:16.173791+00:00,29.507903960184194
2025-08-15 06:03:16.486438+00:00,29.518205071333796
2025-08-15 06:03:17.017863+00:00,29.507903960184194
2025-08-15 06:03:17.749782+00:00,29.507903960184194
2025-08-15 06:03:18.682121+00:00,29.518205071333796
2025-08-15 06:03:19.457156+00:00,29.507903960184194
2025-08-15 06:03:21.755835+00:00,29.518205071333796
2025-08-15 06:03:22.155668+00:00,29.507903960184194
2025-08-15 06:03:22.395824+00:00,29.518205071333796
2025-08-15 06:03:26.355292+00:00,29.513054515613476
2025-08-15 06:03:30.694682+00:00,29.513054515613476
2025-08-15 06:03:32.512418+00:00,29.507903960184194
2025-08-15 06:03:35.226255+00:00,29.513054515613476
2025-08-15 06:03:35.668612+00:00,29.518205071333796
2025-08-15 06:03:36.548679+00:00,29.513054515613476
2025-08-15 06:03:37.983755+00:00,29.523355627345154
2025-08-15 06:03:39.505126+00:00,29.52850618364755
2025-08-15 06:03:40.473950+00:00,29.52850618364755
2025-08-15 06:03:40.958060+00:00,29.523355627345154
2025-08-15 06:03:43.609915+00:00,29.52850618364755
2025-08-15 06:03:44.985688+00:00,29.523355627345154
2025-08-15 06:03:45.612740+00:00,29.533656740240986
2025-08-15 06:03:46.757483+00:00,29.52850618364755
2025-08-15 06:03:47.433408+00:00,29.533656740240986
2025-08-15 06:03:50.593261+00:00,29.53880729712546
2025-08-15 06:03:51.786369+00:00,29.533656740240986
2025-08-15 06:03:52.213051+00:00,29.52850618364755
2025-08-15 06:03:52.797043+00:00,29.54910841176752
2025-08-15 06:03:54.160128+00:00,29.54395785430097
2025-08-15 06:03:55.114014+00:00,29.52850618364755
2025-08-15 06:03:56.208464+00:00,29.54395785430097
2025-08-15 06:03:57.036345+00:00,29.53880729712546
2025-08-15 06:03:58.445732+00:00,29.533656740240986
2025-08-15 06:03:59.130430+00:00,29.533656740240986
2025-08-15 06:04:00.776950+00:00,29.53880729712546
2025-08-15 06:04:01.425359+00:00,29.533656740240986
2025-08-15 06:04:02.090295+00:00,29.533656740240986
2025-08-15 06:04:05.790964+00:00,29.53880729712546
2025-08-15 06:04:06.185710+00:00,29.53880729712546
2025-08-15 06:04:08.234558+00:00,29.52850618364755
2025-08-15 06:04:08.694105+00:00,29.54395785430097
2025-08-15 06:04:13.775454+00:00,29.52850618364755
2025-08-15 06:04:18.233254+00:00,29.533656740240986
2025-08-15 06:04:18.973782+00:00,29.54910841176752
2025-08-15 06:04:19.394498+00:00,29.54910841176752
2025-08-15 06:04:19.675539+00:00,29.53880729712546
2025-08-15 06:04:19.944036+00:00,29.54910841176752
2025-08-15 06:04:20.219045+00:00,29.54910841176752
2025-08-15 06:04:21.203954+00:00,29.53880729712546
2025-08-15 06:04:21.443575+00:00,29.54395785430097
2025-08-15 06:04:22.877139+00:00,29.54910841176752
2025-08-15 06:04:24.423273+00:00,29.53880729712546
2025-08-15 06:04:25.583473+00:00,29.54910841176752
2025-08-15 06:04:26.354296+00:00,29.54910841176752
2025-08-15 06:04:27.542476+00:00,29.554258969525108
2025-08-15 06:04:27.934970+00:00,29.53880729712546
2025-08-15 06:04:29.589069+00:00,29.54910841176752
2025-08-15 06:04:33.560526+00:00,29.54910841176752
2025-08-15 06:04:35.152069+00:00,29.54395785430097
2025-08-15 06:04:37.284821+00:00,29.533656740240986
2025-08-15 06:04:38.821707+00:00,29.53880729712546
2025-08-15 06:04:39.357783+00:00,29.54910841176752
2025-08-15 06:04:41.561507+00:00,29.53880729712546
2025-08-15 06:04:44.747637+00:00,29.559409527573735
2025-08-15 06:04:45.966971+00:00,29.54910841176752
2025-08-15 06:04:46.742885+00:00,29.54910841176752
2025-08-15 06:04:50.346263+00:00,29.54910841176752
2025-08-15 06:04:52.332815+00:00,29.5645600859134
2025-08-15 06:04:53.120355+00:00,29.569710644544102
2025-08-15 06:04:53.888194+00:00,29.580011762678623
2025-08-15 06:04:55.327501+00:00,29.574861203465844
2025-08-15 06:04:57.407142+00:00,29.569710644544102
2025-08-15 06:04:58.543062+00:00,29.580011762678623
2025-08-15 06:04:59.053180+00:00,29.569710644544102
2025-08-15 06:05:00.279456+00:00,29.569710644544102
2025-08-15 06:05:03.371781+00:00,29.5645600859134
2025-08-15 06:05:08.308385+00:00,29.574861203465844
2025-08-15 06:05:08.700805+00:00,29.574861203465844
2025-08-15 06:05:09.218413+00:00,29.574861203465844
2025-08-15 06:05:09.628176+00:00,29.569710644544102
2025-08-15 06:05:10.391428+00:00,29.569710644544102
2025-08-15 06:05:11.183781+00:00,29.559409527573735
2025-08-15 06:05:12.934174+00:00,29.569710644544102
2025-08-15 06:05:14.049044+00:00,29.569710644544102
2025-08-15 06:05:14.672206+00:00,29.569710644544102
2025-08-15 06:05:16.746112+00:00,29.559409527573735
2025-08-15 06:05:17.888074+00:00,29.5645600859134
2025-08-15 06:05:18.222405+00:00,29.569710644544102
2025-08-15 06:05:19.512920+00:00,29.569710644544102
2025-08-15 06:05:20.055778+00:00,29.5645600859134
2025-08-15 06:05:22.905044+00:00,29.5645600859134
2025-08-15 06:05:24.067054+00:00,29.5645600859134
2025-08-15 06:05:24.689112+00:00,29.54910841176752
2025-08-15 06:05:33.152860+00:00,29.5645600859134
2025-08-15 06:05:35.084105+00:00,29.5645600859134
2025-08-15 06:05:38.286360+00:00,29.5645600859134
2025-08-15 06:05:38.981137+00:00,29.54910841176752
2025-08-15 06:05:43.179152+00:00,29.54910841176752
2025-08-15 06:05:44.125136+00:00,29.54910841176752
2025-08-15 06:05:49.663466+00:00,29.54910841176752
2025-08-15 06:05:50.206454+00:00,29.5645600859134
2025-08-15 06:05:51.056876+00:00,29.5645600859134
2025-08-15 06:05:52.461039+00:00,29.5645600859134
2025-08-15 06:05:53.213763+00:00,29.5645600859134
2025-08-15 06:05:53.766588+00:00,29.554258969525108
2025-08-15 06:05:54.200688+00:00,29.5645600859134
2025-08-15 06:05:54.951135+00:00,29.554258969525108
2025-08-15 06:05:55.217441+00:00,29.569710644544102
2025-08-15 06:05:57.567089+00:00,29.54910841176752
2025-08-15 06:05:58.365302+00:00,29.554258969525108
2025-08-15 06:05:59.235500+00:00,29.569710644544102
2025-08-15 06:06:00.274699+00:00,29.569710644544102
2025-08-15 06:06:01.321861+00:00,29.5645600859134
2025-08-15 06:06:04.618393+00:00,29.559409527573735
2025-08-15 06:06:06.957407+00:00,29.54395785430097
2025-08-15 06:06:08.712072+00:00,29.554258969525108
2025-08-15 06:06:10.442302+00:00,29.559409527573735
2025-08-15 06:06:13.174912+00:00,29.54395785430097
2025-08-15 06:06:14.564141+00:00,29.54910841176752
2025-08-15 06:06:18.191944+00:00,29.54910841176752
2025-08-15 06:06:19.876880+00:00,29.554258969525108
2025-08-15 06:06:20.510524+00:00,29.54395785430097
2025-08-15 06:06:21.181932+00:00,29.5645600859134
2025-08-15 06:06:22.325530+00:00,29.53880729712546
2025-08-15 06:06:23.795580+00:00,29.559409527573735
2025-08-15 06:06:24.624178+00:00,29.569710644544102
2025-08-15 06:06:24.824057+00:00,29.5645600859134
2025-08-15 06:06:25.126434+00:00,29.5645600859134
2025-08-15 06:06:25.359295+00:00,29.574861203465844
2025-08-15 06:06:25.575362+00:00,29.5645600859134
2025-08-15 06:06:26.571574+00:00,29.580011762678623
2025-08-15 06:06:28.059100+00:00,29.569710644544102
2025-08-15 06:06:29.186722+00:00,29.554258969525108
2025-08-15 06:06:31.688479+00:00,29.559409527573735
2025-08-15 06:06:35.404881+00:00,29.5645600859134
2025-08-15 06:06:39.666102+00:00,29.5645600859134
2025-08-15 06:06:43.783019+00:00,29.54395785430097
2025-08-15 06:06:45.603960+00:00,29.54910841176752
2025-08-15 06:06:46.145943+00:00,29.569710644544102
2025-08-15 06:06:46.595529+00:00,29.54910841176752
2025-08-15 06:06:46.877275+00:00,29.54910841176752
2025-08-15 06:06:47.904436+00:00,29.54910841176752
2025-08-15 06:06:48.559154+00:00,29.54395785430097
2025-08-15 06:06:50.333494+00:00,29.54910841176752
2025-08-15 06:06:50.624196+00:00,29.54395785430097
2025-08-15 06:06:51.770076+00:00,29.554258969525108
2025-08-15 06:06:52.513478+00:00,29.5645600859134
2025-08-15 06:06:54.060278+00:00,29.54910841176752
2025-08-15 06:06:54.453414+00:00,29.559409527573735
2025-08-15 06:06:54.786319+00:00,29.569710644544102
2025-08-15 06:06:55.765468+00:00,29.569710644544102
2025-08-15 06:06:56.442323+00:00,29.5645600859134
2025-08-15 06:06:56.728064+00:00,29.554258969525108
2025-08-15 06:06:58.130531+00:00,29.5645600859134
2025-08-15 06:06:59.759171+00:00,29.554258969525108
2025-08-15 06:07:00.727972+00:00,29.54910841176752
2025-08-15 06:07:01.165506+00:00,29.554258969525108
2025-08-15 06:07:04.121339+00:00,29.5645600859134
2025-08-15 06:07:06.454095+00:00,29.54910841176752
2025-08-15 06:07:07.177273+00:00,29.5645600859134
2025-08-15 06:07:09.103523+00:00,29.569710644544102
2025-08-15 06:07:09.745073+00:00,29.569710644544102
2025-08-15 06:07:13.042866+00:00,29.559409527573735
2025-08-15 06:07:13.902785+00:00,29.5645600859134
2025-08-15 06:07:14.530065+00:00,29.5645600859134
2025-08-15 06:07:14.725140+00:00,29.569710644544102
2025-08-15 06:07:14.981550+00:00,29.569710644544102
2025-08-15 06:07:16.033860+00:00,29.554258969525108
2025-08-15 06:07:17.906479+00:00,29.5645600859134
2025-08-15 06:07:19.866418+00:00,29.569710644544102
2025-08-15 06:07:21.214755+00:00,29.54910841176752
2025-08-15 06:07:23.137331+00:00,29.554258969525108
2025-08-15 06:07:27.145848+00:00,29.559409527573735
2025-08-15 06:07:27.530841+00:00,29.569710644544102
2025-08-15 06:07:27.897503+00:00,29.54910841176752
2025-08-15 06:07:28.826059+00:00,29.54910841176752
2025-08-15 06:07:30.459041+00:00,29.54910841176752
2025-08-15 06:07:33.499340+00:00,29.569710644544102
2025-08-15 06:07:33.799867+00:00,29.5645600859134
2025-08-15 06:07:34.133503+00:00,29.554258969525108
2025-08-15 06:07:34.508582+00:00,29.569710644544102
2025-08-15 06:07:34.806748+00:00,29.554258969525108
2025-08-15 06:07:35.903089+00:00,29.559409527573735
2025-08-15 06:07:40.837414+00:00,29.5645600859134
2025-08-15 06:07:44.854493+00:00,29.5645600859134
2025-08-15 06:07:45.953043+00:00,29.569710644544102
2025-08-15 06:07:48.188506+00:00,29.580011762678623
2025-08-15 06:07:50.572255+00:00,29.554258969525108
2025-08-15 06:07:51.567679+00:00,29.569710644544102
2025-08-15 06:07:54.207287+00:00,29.574861203465844
2025-08-15 06:07:57.366084+00:00,29.574861203465844
2025-08-15 06:07:59.024340+00:00,29.5645600859134
2025-08-15 06:07:59.238041+00:00,29.574861203465844
2025-08-15 06:07:59.449440+00:00,29.58516232218244
2025-08-15 06:07:59.615116+00:00,29.590312881977297
2025-08-15 06:08:02.861170+00:00,29.574861203465844
2025-08-15 06:08:04.086095+00:00,29.574861203465844
2025-08-15 06:08:04.414190+00:00,29.580011762678623
2025-08-15 06:08:10.659636+00:00,29.574861203465844
2025-08-15 06:08:11.110123+00:00,29.580011762678623
2025-08-15 06:08:11.578634+00:00,29.54395785430097
2025-08-15 06:08:11.811874+00:00,29.590312881977297
2025-08-15 06:08:12.388457+00:00,29.580011762678623
2025-08-15 06:08:12.814130+00:00,29.580011762678623
2025-08-15 06:08:13.039559+00:00,29.580011762678623
2025-08-15 06:08:13.256285+00:00,29.58516232218244
2025-08-15 06:08:14.228829+00:00,29.58516232218244
2025-08-15 06:08:14.610663+00:00,29.580011762678623
2025-08-15 06:08:14.900693+00:00,29.590312881977297
2025-08-15 06:08:16.910520+00:00,29.590312881977297
2025-08-15 06:08:18.438348+00:00,29.58516232218244
2025-08-15 06:08:20.886814+00:00,29.58516232218244
2025-08-15 06:08:21.658061+00:00,29.580011762678623
2025-08-15 06:08:24.940936+00:00,29.58516232218244
2025-08-15 06:08:25.598180+00:00,29.590312881977297
2025-08-15 06:08:27.682728+00:00,29.590312881977297
2025-08-15 06:08:27.949220+00:00,29.590312881977297
2025-08-15 06:08:29.218389+00:00,29.580011762678623
2025-08-15 06:08:30.963758+00:00,29.574861203465844
2025-08-15 06:08:33.696018+00:00,29.574861203465844
2025-08-15 06:08:40.402124+00:00,29.580011762678623
2025-08-15 06:08:41.207283+00:00,29.574861203465844
2025-08-15 06:08:42.605473+00:00,29.580011762678623
2025-08-15 06:08:46.391994+00:00,29.5645600859134
2025-08-15 06:08:48.312395+00:00,29.574861203465844
2025-08-15 06:08:49.716926+00:00,29.574861203465844
2025-08-15 06:08:50.664133+00:00,29.569710644544102
2025-08-15 06:08:53.243088+00:00,29.569710644544102
2025-08-15 06:08:55.089419+00:00,29.569710644544102
2025-08-15 06:08:58.156856+00:00,29.5645600859134
2025-08-15 06:09:00.859872+00:00,29.5645600859134
2025-08-15 06:09:03.720230+00:00,29.569710644544102
2025-08-15 06:09:04.783741+00:00,29.574861203465844
2025-08-15 06:09:06.327299+00:00,29.5645600859134
2025-08-15 06:09:11.563404+00:00,29.569710644544102
2025-08-15 06:09:13.198270+00:00,29.569710644544102
2025-08-15 06:09:13.997232+00:00,29.574861203465844
2025-08-15 06:09:14.613741+00:00,29.580011762678623
2025-08-15 06:09:16.551123+00:00,29.580011762678623
2025-08-15 06:09:18.564184+00:00,29.58516232218244
2025-08-15 06:09:19.828764+00:00,29.58516232218244
2025-08-15 06:09:21.079460+00:00,29.580011762678623
2025-08-15 06:09:21.891483+00:00,29.58516232218244
2025-08-15 06:09:22.033133+00:00,29.590312881977297
2025-08-15 06:09:24.032203+00:00,29.590312881977297
2025-08-15 06:09:25.787038+00:00,29.590312881977297
2025-08-15 06:09:26.226600+00:00,29.590312881977297
2025-08-15 06:09:27.304994+00:00,29.590312881977297
2025-08-15 06:09:28.697293+00:00,29.590312881977297
2025-08-15 06:09:29.270564+00:00,29.595463442063192
2025-08-15 06:09:33.375323+00:00,29.605764563108096
2025-08-15 06:09:33.763001+00:00,29.600614002440125
2025-08-15 06:09:33.998133+00:00,29.610915124067105
2025-08-15 06:09:34.264044+00:00,29.600614002440125
2025-08-15 06:09:34.557355+00:00,29.595463442063192
2025-08-15 06:09:35.018377+00:00,29.605764563108096
2025-08-15 06:09:37.405273+00:00,29.610915124067105
2025-08-15 06:09:38.532432+00:00,29.595463442063192
2025-08-15 06:09:39.661856+00:00,29.600614002440125
2025-08-15 06:09:42.888537+00:00,29.616065685317153
2025-08-15 06:09:45.619096+00:00,29.626366808690364
2025-08-15 06:09:46.079367+00:00,29.626366808690364
2025-08-15 06:09:46.462922+00:00,29.631517370813526
2025-08-15 06:09:47.153904+00:00,29.631517370813526
2025-08-15 06:09:47.741164+00:00,29.631517370813526
2025-08-15 06:09:49.391484+00:00,29.636667933227727
2025-08-15 06:09:51.821773+00:00,29.636667933227727
2025-08-15 06:09:53.327014+00:00,29.626366808690364
2025-08-15 06:09:53.795648+00:00,29.631517370813526
2025-08-15 06:09:54.004540+00:00,29.636667933227727
2025-08-15 06:10:00.345763+00:00,29.631517370813526
2025-08-15 06:10:00.668129+00:00,29.641818495932966
2025-08-15 06:10:01.179427+00:00,29.636667933227727
2025-08-15 06:10:03.820156+00:00,29.631517370813526
2025-08-15 06:10:04.505801+00:00,29.646969058929244
2025-08-15 06:10:04.950629+00:00,29.646969058929244
2025-08-15 06:10:07.798458+00:00,29.646969058929244
2025-08-15 06:10:17.146533+00:00,29.641818495932966
2025-08-15 06:10:19.935167+00:00,29.65211962221656
2025-08-15 06:10:20.817632+00:00,29.646969058929244
2025-08-15 06:10:22.756825+00:00,29.641818495932966
2025-08-15 06:10:26.640388+00:00,29.631517370813526
2025-08-15 06:10:27.907177+00:00,29.62121624685824
2025-08-15 06:10:33.078513+00:00,29.616065685317153
2025-08-15 06:10:38.946115+00:00,29.616065685317153
2025-08-15 06:10:39.228012+00:00,29.616065685317153
2025-08-15 06:10:39.479477+00:00,29.610915124067105
2025-08-15 06:10:39.770554+00:00,29.62121624685824
2025-08-15 06:10:40.170896+00:00,29.626366808690364
2025-08-15 06:10:40.462661+00:00,29.616065685317153
2025-08-15 06:10:40.823074+00:00,29.616065685317153
2025-08-15 06:10:43.123728+00:00,29.616065685317153
2025-08-15 06:10:44.018180+00:00,29.62121624685824
2025-08-15 06:10:44.390747+00:00,29.62121624685824
2025-08-15 06:10:44.790373+00:00,29.616065685317153
2025-08-15 06:10:49.793137+00:00,29.610915124067105
2025-08-15 06:10:50.462648+00:00,29.62121624685824
2025-08-15 06:10:50.912234+00:00,29.62121624685824
2025-08-15 06:10:51.473315+00:00,29.616065685317153
2025-08-15 06:10:53.629225+00:00,29.62121624685824
2025-08-15 06:10:54.197354+00:00,29.616065685317153
2025-08-15 06:10:55.206649+00:00,29.62121624685824
2025-08-15 06:10:57.722375+00:00,29.62121624685824
2025-08-15 06:11:00.051527+00:00,29.610915124067105
2025-08-15 06:11:00.685755+00:00,29.626366808690364
2025-08-15 06:11:02.372283+00:00,29.616065685317153
2025-08-15 06:11:03.440617+00:00,29.626366808690364
2025-08-15 06:11:03.776883+00:00,29.62121624685824
2025-08-15 06:11:06.815675+00:00,29.616065685317153
2025-08-15 06:11:09.865508+00:00,29.610915124067105
2025-08-15 06:11:10.256673+00:00,29.610915124067105
2025-08-15 06:11:11.441284+00:00,29.610915124067105
2025-08-15 06:11:13.774338+00:00,29.610915124067105
2025-08-15 06:11:15.297150+00:00,29.616065685317153
2025-08-15 06:11:16.268590+00:00,29.616065685317153
2025-08-15 06:11:21.878517+00:00,29.605764563108096
2025-08-15 06:11:22.689496+00:00,29.605764563108096
2025-08-15 06:11:22.899949+00:00,29.595463442063192
2025-08-15 06:11:24.051269+00:00,29.605764563108096
2025-08-15 06:11:24.963323+00:00,29.605764563108096
2025-08-15 06:11:25.618464+00:00,29.610915124067105
2025-08-15 06:11:26.650770+00:00,29.610915124067105
2025-08-15 06:11:28.078029+00:00,29.616065685317153
2025-08-15 06:11:29.812149+00:00,29.605764563108096
2025-08-15 06:11:30.044789+00:00,29.605764563108096
2025-08-15 06:11:30.375265+00:00,29.605764563108096
2025-08-15 06:11:31.697257+00:00,29.610915124067105
2025-08-15 06:11:32.324422+00:00,29.610915124067105
2025-08-15 06:11:33.387173+00:00,29.610915124067105
2025-08-15 06:11:34.109913+00:00,29.605764563108096
2025-08-15 06:11:36.108294+00:00,29.600614002440125
2025-08-15 06:11:38.220229+00:00,29.616065685317153
2025-08-15 06:11:39.249520+00:00,29.616065685317153
2025-08-15 06:11:40.687180+00:00,29.610915124067105
2025-08-15 06:11:41.504038+00:00,29.610915124067105
2025-08-15 06:11:43.503201+00:00,29.610915124067105
2025-08-15 06:11:44.029681+00:00,29.610915124067105
2025-08-15 06:11:45.487084+00:00,29.616065685317153
2025-08-15 06:11:47.224441+00:00,29.616065685317153
2025-08-15 06:11:47.703065+00:00,29.616065685317153
2025-08-15 06:11:48.304141+00:00,29.62121624685824
2025-08-15 06:11:51.887738+00:00,29.62121624685824
2025-08-15 06:11:52.422402+00:00,29.626366808690364
2025-08-15 06:11:53.481834+00:00,29.626366808690364
2025-08-15 06:11:55.261537+00:00,29.636667933227727
2025-08-15 06:11:55.998458+00:00,29.631517370813526
2025-08-15 06:11:57.626043+00:00,29.631517370813526
2025-08-15 06:11:57.859120+00:00,29.631517370813526
2025-08-15 06:11:58.385008+00:00,29.636667933227727
2025-08-15 06:11:59.393902+00:00,29.641818495932966
2025-08-15 06:12:00.329426+00:00,29.626366808690364
2025-08-15 06:12:00.787904+00:00,29.636667933227727
2025-08-15 06:12:02.448074+00:00,29.641818495932966
2025-08-15 06:12:06.008508+00:00,29.641818495932966
2025-08-15 06:12:07.200277+00:00,29.641818495932966
2025-08-15 06:12:08.080315+00:00,29.636667933227727
2025-08-15 06:12:08.638539+00:00,29.641818495932966
2025-08-15 06:12:09.157066+00:00,29.641818495932966
2025-08-15 06:12:12.506585+00:00,29.636667933227727
2025-08-15 06:12:15.562460+00:00,29.631517370813526
2025-08-15 06:12:15.996503+00:00,29.641818495932966
2025-08-15 06:12:18.613930+00:00,29.631517370813526
2025-08-15 06:12:21.680178+00:00,29.646969058929244
2025-08-15 06:12:22.159191+00:00,29.646969058929244
2025-08-15 06:12:23.359152+00:00,29.636667933227727
2025-08-15 06:12:23.585291+00:00,29.641818495932966
2025-08-15 06:12:23.876978+00:00,29.65211962221656
2025-08-15 06:12:24.138325+00:00,29.641818495932966
2025-08-15 06:12:24.300554+00:00,29.65211962221656
2025-08-15 06:12:24.547725+00:00,29.641818495932966
2025-08-15 06:12:26.543467+00:00,29.636667933227727
2025-08-15 06:12:26.860930+00:00,29.631517370813526
2025-08-15 06:12:29.335086+00:00,29.631517370813526
2025-08-15 06:12:31.261046+00:00,29.646969058929244
2025-08-15 06:12:32.120887+00:00,29.65211962221656
2025-08-15 06:12:33.503264+00:00,29.641818495932966
2025-08-15 06:12:33.962683+00:00,29.65211962221656
2025-08-15 06:12:34.320043+00:00,29.65211962221656
2025-08-15 06:12:34.551670+00:00,29.641818495932966
2025-08-15 06:12:35.634500+00:00,29.657270185794914
2025-08-15 06:12:36.619654+00:00,29.641818495932966
2025-08-15 06:12:38.005694+00:00,29.636667933227727
2025-08-15 06:12:38.952214+00:00,29.636667933227727
2025-08-15 06:12:39.709088+00:00,29.641818495932966
2025-08-15 06:12:40.955414+00:00,29.646969058929244
2025-08-15 06:12:43.145465+00:00,29.641818495932966
2025-08-15 06:12:43.554843+00:00,29.641818495932966
2025-08-15 06:12:44.064218+00:00,29.646969058929244
2025-08-15 06:12:44.543413+00:00,29.657270185794914
2025-08-15 06:12:48.910875+00:00,29.641818495932966
2025-08-15 06:12:50.774030+00:00,29.641818495932966
2025-08-15 06:12:52.206050+00:00,29.646969058929244
2025-08-15 06:12:52.974049+00:00,29.646969058929244
2025-08-15 06:12:55.120361+00:00,29.65211962221656
2025-08-15 06:12:55.747933+00:00,29.65211962221656
2025-08-15 06:12:56.409547+00:00,29.65211962221656
2025-08-15 06:12:56.834303+00:00,29.657270185794914
2025-08-15 06:12:57.750383+00:00,29.657270185794914
2025-08-15 06:12:58.011704+00:00,29.65211962221656
2025-08-15 06:12:58.237087+00:00,29.657270185794914
2025-08-15 06:12:58.451807+00:00,29.657270185794914
2025-08-15 06:12:58.734714+00:00,29.657270185794914
2025-08-15 06:12:59.005709+00:00,29.657270185794914
2025-08-15 06:13:03.269378+00:00,29.657270185794914
2025-08-15 06:13:03.745087+00:00,29.65211962221656
2025-08-15 06:13:04.753299+00:00,29.646969058929244
2025-08-15 06:13:05.517450+00:00,29.65211962221656
2025-08-15 06:13:07.702120+00:00,29.65211962221656
2025-08-15 06:13:10.803615+00:00,29.657270185794914
2025-08-15 06:13:11.059778+00:00,29.646969058929244
2025-08-15 06:13:11.312884+00:00,29.662420749664307
2025-08-15 06:13:12.841114+00:00,29.646969058929244
2025-08-15 06:13:15.119118+00:00,29.657270185794914
2025-08-15 06:13:17.443388+00:00,29.65211962221656
2025-08-15 06:13:17.803634+00:00,29.641818495932966
2025-08-15 06:13:19.602188+00:00,29.646969058929244
2025-08-15 06:13:21.616241+00:00,29.657270185794914
2025-08-15 06:13:21.857781+00:00,29.646969058929244
2025-08-15 06:13:22.134143+00:00,29.65211962221656
2025-08-15 06:13:22.393097+00:00,29.667571313824737
2025-08-15 06:13:24.758405+00:00,29.646969058929244
2025-08-15 06:13:25.968199+00:00,29.65211962221656
2025-08-15 06:13:27.133127+00:00,29.65211962221656
2025-08-15 06:13:28.775373+00:00,29.657270185794914
2025-08-15 06:13:29.008743+00:00,29.662420749664307
2025-08-15 06:13:31.961173+00:00,29.646969058929244
2025-08-15 06:13:32.384697+00:00,29.657270185794914
2025-08-15 06:13:35.681534+00:00,29.662420749664307
2025-08-15 06:13:37.755203+00:00,29.662420749664307
2025-08-15 06:13:40.813226+00:00,29.662420749664307
2025-08-15 06:13:41.075327+00:00,29.667571313824737
2025-08-15 06:13:41.317106+00:00,29.662420749664307
2025-08-15 06:13:41.692237+00:00,29.662420749664307
2025-08-15 06:13:41.942843+00:00,29.672721878276207
2025-08-15 06:13:44.392146+00:00,29.65211962221656
2025-08-15 06:13:44.674008+00:00,29.667571313824737
2025-08-15 06:13:45.074505+00:00,29.672721878276207
2025-08-15 06:13:45.468313+00:00,29.662420749664307
2025-08-15 06:13:45.877330+00:00,29.657270185794914
2025-08-15 06:13:50.131176+00:00,29.662420749664307
2025-08-15 06:13:51.491283+00:00,29.662420749664307
2025-08-15 06:13:51.952810+00:00,29.662420749664307
2025-08-15 06:13:52.347985+00:00,29.662420749664307
2025-08-15 06:13:52.999526+00:00,29.657270185794914
2025-08-15 06:13:55.193569+00:00,29.672721878276207
2025-08-15 06:13:57.317500+00:00,29.646969058929244
2025-08-15 06:13:59.139828+00:00,29.657270185794914
2025-08-15 06:14:02.691651+00:00,29.662420749664307
2025-08-15 06:14:03.291683+00:00,29.65211962221656
2025-08-15 06:14:03.594869+00:00,29.662420749664307
2025-08-15 06:14:05.688536+00:00,29.657270185794914
2025-08-15 06:14:06.127902+00:00,29.657270185794914
2025-08-15 06:14:07.901166+00:00,29.65211962221656
2025-08-15 06:14:09.125883+00:00,29.641818495932966
2025-08-15 06:14:11.179839+00:00,29.646969058929244
2025-08-15 06:14:13.726068+00:00,29.657270185794914
2025-08-15 06:14:13.925067+00:00,29.65211962221656
2025-08-15 06:14:14.152260+00:00,29.657270185794914
2025-08-15 06:14:14.404490+00:00,29.657270185794914
2025-08-15 06:14:14.965127+00:00,29.65211962221656
2025-08-15 06:14:16.079747+00:00,29.65211962221656
2025-08-15 06:14:17.479265+00:00,29.657270185794914
2025-08-15 06:14:17.914088+00:00,29.657270185794914
2025-08-15 06:14:18.406575+00:00,29.65211962221656
2025-08-15 06:14:18.674499+00:00,29.641818495932966
2025-08-15 06:14:19.027018+00:00,29.657270185794914
2025-08-15 06:14:19.308110+00:00,29.65211962221656
2025-08-15 06:14:19.557701+00:00,29.65211962221656
2025-08-15 06:14:23.880778+00:00,29.657270185794914
2025-08-15 06:14:27.121209+00:00,29.662420749664307
2025-08-15 06:14:27.748207+00:00,29.662420749664307
2025-08-15 06:14:30.559029+00:00,29.667571313824737
2025-08-15 06:14:30.942845+00:00,29.672721878276207
2025-08-15 06:14:32.868641+00:00,29.672721878276207
2025-08-15 06:14:34.483282+00:00,29.667571313824737
2025-08-15 06:14:35.289319+00:00,29.667571313824737
2025-08-15 06:14:36.514088+00:00,29.677872443018714
2025-08-15 06:14:36.880206+00:00,29.662420749664307
2025-08-15 06:14:37.265319+00:00,29.662420749664307
2025-08-15 06:14:37.524572+00:00,29.672721878276207
2025-08-15 06:14:37.691248+00:00,29.662420749664307
2025-08-15 06:14:37.999619+00:00,29.667571313824737
2025-08-15 06:14:38.252161+00:00,29.68302300805226
2025-08-15 06:14:38.508829+00:00,29.672721878276207
2025-08-15 06:14:40.965970+00:00,29.672721878276207
2025-08-15 06:14:41.290124+00:00,29.68302300805226
2025-08-15 06:14:42.243360+00:00,29.68302300805226
2025-08-15 06:14:42.677244+00:00,29.677872443018714
2025-08-15 06:14:44.356246+00:00,29.68302300805226
2025-08-15 06:14:46.741348+00:00,29.693324138992466
2025-08-15 06:14:48.615832+00:00,29.672721878276207
2025-08-15 06:14:57.514416+00:00,29.677872443018714
2025-08-15 06:14:58.851068+00:00,29.688173573376844
2025-08-15 06:14:59.370074+00:00,29.672721878276207
2025-08-15 06:14:59.647971+00:00,29.672721878276207
2025-08-15 06:15:00.107108+00:00,29.677872443018714
2025-08-15 06:15:01.761166+00:00,29.68302300805226
2025-08-15 06:15:02.964187+00:00,29.672721878276207
2025-08-15 06:15:03.499354+00:00,29.68302300805226
2025-08-15 06:15:05.326117+00:00,29.68302300805226
2025-08-15 06:15:07.788179+00:00,29.68302300805226
2025-08-15 06:15:10.505258+00:00,29.68302300805226
2025-08-15 06:15:14.202663+00:00,29.68302300805226
2025-08-15 06:15:15.540698+00:00,29.688173573376844
2025-08-15 06:15:16.016547+00:00,29.693324138992466
2025-08-15 06:15:20.991142+00:00,29.68302300805226
2025-08-15 06:15:29.148218+00:00,29.693324138992466
2025-08-15 06:15:30.024728+00:00,29.693324138992466
2025-08-15 06:15:35.705580+00:00,29.698474704899127
2025-08-15 06:15:36.784280+00:00,29.693324138992466
2025-08-15 06:15:37.250730+00:00,29.693324138992466
2025-08-15 06:15:38.448819+00:00,29.703625271096826
2025-08-15 06:15:38.964536+00:00,29.698474704899127
2025-08-15 06:15:39.944691+00:00,29.698474704899127
2025-08-15 06:15:41.698038+00:00,29.693324138992466
2025-08-15 06:15:45.180431+00:00,29.703625271096826
2025-08-15 06:15:49.781494+00:00,29.703625271096826
2025-08-15 06:15:51.788844+00:00,29.703625271096826
2025-08-15 06:15:52.181264+00:00,29.688173573376844
2025-08-15 06:15:52.708288+00:00,29.698474704899127
2025-08-15 06:15:53.468387+00:00,29.698474704899127
2025-08-15 06:15:54.053848+00:00,29.693324138992466
2025-08-15 06:15:56.001288+00:00,29.693324138992466
2025-08-15 06:16:00.116365+00:00,29.693324138992466
2025-08-15 06:16:02.844672+00:00,29.68302300805226
2025-08-15 06:16:03.519968+00:00,29.693324138992466
2025-08-15 06:16:03.947122+00:00,29.693324138992466
2025-08-15 06:16:05.405900+00:00,29.698474704899127
2025-08-15 06:16:05.785297+00:00,29.698474704899127
2025-08-15 06:16:07.850089+00:00,29.703625271096826
2025-08-15 06:16:08.401376+00:00,29.693324138992466
2025-08-15 06:16:11.810332+00:00,29.703625271096826
2025-08-15 06:16:12.905773+00:00,29.703625271096826
2025-08-15 06:16:13.571585+00:00,29.708775837585563
2025-08-15 06:16:14.242316+00:00,29.698474704899127
2025-08-15 06:16:15.628267+00:00,29.708775837585563
2025-08-15 06:16:17.806544+00:00,29.703625271096826
2025-08-15 06:16:19.173218+00:00,29.71392640436534
2025-08-15 06:16:19.880796+00:00,29.703625271096826
2025-08-15 06:16:20.437645+00:00,29.708775837585563
2025-08-15 06:16:23.901012+00:00,29.693324138992466
2025-08-15 06:16:25.514504+00:00,29.71392640436534
2025-08-15 06:16:27.325052+00:00,29.708775837585563
2025-08-15 06:16:28.930062+00:00,29.703625271096826
2025-08-15 06:16:30.333223+00:00,29.703625271096826
2025-08-15 06:16:31.115532+00:00,29.698474704899127
2025-08-15 06:16:34.686360+00:00,29.703625271096826
2025-08-15 06:16:36.948131+00:00,29.698474704899127
2025-08-15 06:16:37.453195+00:00,29.698474704899127
2025-08-15 06:16:38.638709+00:00,29.703625271096826
2025-08-15 06:16:39.664152+00:00,29.703625271096826
2025-08-15 06:16:39.928879+00:00,29.708775837585563
2025-08-15 06:16:41.478833+00:00,29.703625271096826
2025-08-15 06:16:42.572906+00:00,29.708775837585563
2025-08-15 06:16:43.001000+00:00,29.708775837585563
2025-08-15 06:16:44.662647+00:00,29.708775837585563
2025-08-15 06:16:45.321428+00:00,29.71392640436534
2025-08-15 06:16:47.370227+00:00,29.708775837585563
2025-08-15 06:16:50.794481+00:00,29.693324138992466
2025-08-15 06:16:51.871984+00:00,29.708775837585563
2025-08-15 06:16:54.680641+00:00,29.703625271096826
2025-08-15 06:16:55.549635+00:00,29.703625271096826
2025-08-15 06:16:55.938480+00:00,29.708775837585563
2025-08-15 06:16:57.825641+00:00,29.71392640436534
2025-08-15 06:17:01.063968+00:00,29.719076971436152
2025-08-15 06:17:05.463438+00:00,29.708775837585563
2025-08-15 06:17:07.388915+00:00,29.71392640436534
2025-08-15 06:17:07.770192+00:00,29.71392640436534
2025-08-15 06:17:09.028709+00:00,29.71392640436534
2025-08-15 06:17:11.312458+00:00,29.708775837585563
2025-08-15 06:17:12.104588+00:00,29.71392640436534
2025-08-15 06:17:12.770337+00:00,29.71392640436534
2025-08-15 06:17:15.564919+00:00,29.71392640436534
2025-08-15 06:17:18.421205+00:00,29.71392640436534
2025-08-15 06:17:19.056105+00:00,29.71392640436534
2025-08-15 06:17:20.016909+00:00,29.71392640436534
2025-08-15 06:17:23.241600+00:00,29.71392640436534
2025-08-15 06:17:24.380243+00:00,29.708775837585563
2025-08-15 06:17:24.606987+00:00,29.708775837585563
2025-08-15 06:17:24.802916+00:00,29.71392640436534
2025-08-15 06:17:25.850752+00:00,29.71392640436534
2025-08-15 06:17:27.063259+00:00,29.71392640436534
2025-08-15 06:17:27.906162+00:00,29.71392640436534
2025-08-15 06:17:28.340930+00:00,29.71392640436534
2025-08-15 06:17:29.603237+00:00,29.708775837585563
2025-08-15 06:17:31.423866+00:00,29.703625271096826
2025-08-15 06:17:33.396396+00:00,29.708775837585563
2025-08-15 06:17:33.736238+00:00,29.71392640436534
2025-08-15 06:17:33.946241+00:00,29.719076971436152
2025-08-15 06:17:35.609476+00:00,29.703625271096826
2025-08-15 06:17:36.554633+00:00,29.719076971436152
2025-08-15 06:17:37.271156+00:00,29.719076971436152
2025-08-15 06:17:37.489840+00:00,29.724227538798004
2025-08-15 06:17:38.298428+00:00,29.724227538798004
2025-08-15 06:17:38.909382+00:00,29.708775837585563
2025-08-15 06:17:40.003925+00:00,29.71392640436534
2025-08-15 06:17:40.922167+00:00,29.71392640436534
2025-08-15 06:17:41.233733+00:00,29.71392640436534
2025-08-15 06:17:41.489084+00:00,29.719076971436152
2025-08-15 06:17:41.731272+00:00,29.724227538798004
2025-08-15 06:17:42.076552+00:00,29.719076971436152
2025-08-15 06:17:43.644733+00:00,29.703625271096826
2025-08-15 06:17:44.461703+00:00,29.708775837585563
2025-08-15 06:17:44.902860+00:00,29.71392640436534
2025-08-15 06:17:47.699986+00:00,29.708775837585563
2025-08-15 06:17:49.537261+00:00,29.708775837585563
2025-08-15 06:17:50.028924+00:00,29.703625271096826
2025-08-15 06:17:51.236853+00:00,29.703625271096826
2025-08-15 06:17:55.036738+00:00,29.703625271096826
2025-08-15 06:17:56.249948+00:00,29.708775837585563
2025-08-15 06:17:58.431349+00:00,29.693324138992466
2025-08-15 06:17:59.944422+00:00,29.693324138992466
2025-08-15 06:18:00.605749+00:00,29.688173573376844
2025-08-15 06:18:03.206596+00:00,29.693324138992466
2025-08-15 06:18:03.836760+00:00,29.703625271096826
2025-08-15 06:18:07.069656+00:00,29.688173573376844
2025-08-15 06:18:07.662744+00:00,29.693324138992466
2025-08-15 06:18:08.074302+00:00,29.688173573376844
2025-08-15 06:18:10.136880+00:00,29.693324138992466
2025-08-15 06:18:11.377892+00:00,29.698474704899127
2025-08-15 06:18:11.767697+00:00,29.698474704899127
2025-08-15 06:18:12.143709+00:00,29.703625271096826
2025-08-15 06:18:12.522012+00:00,29.698474704899127
2025-08-15 06:18:12.761665+00:00,29.698474704899127
2025-08-15 06:18:12.989094+00:00,29.71392640436534
2025-08-15 06:18:13.372537+00:00,29.708775837585563
2025-08-15 06:18:13.632515+00:00,29.703625271096826
2025-08-15 06:18:14.992359+00:00,29.708775837585563
2025-08-15 06:18:15.318819+00:00,29.693324138992466
2025-08-15 06:18:15.623500+00:00,29.703625271096826
2025-08-15 06:18:18.387442+00:00,29.703625271096826
2025-08-15 06:18:18.651819+00:00,29.703625271096826
2025-08-15 06:18:19.729250+00:00,29.693324138992466
2025-08-15 06:18:20.744094+00:00,29.708775837585563
2025-08-15 06:18:22.460687+00:00,29.703625271096826
2025-08-15 06:18:23.212364+00:00,29.71392640436534
2025-08-15 06:18:23.611502+00:00,29.703625271096826
2025-08-15 06:18:25.784558+00:00,29.703625271096826
2025-08-15 06:18:28.456173+00:00,29.698474704899127
2025-08-15 06:18:31.536851+00:00,29.71392640436534
2025-08-15 06:18:33.378298+00:00,29.698474704899127
2025-08-15 06:18:34.109155+00:00,29.698474704899127
2025-08-15 06:18:34.385402+00:00,29.703625271096826
2025-08-15 06:18:38.920819+00:00,29.708775837585563
2025-08-15 06:18:40.685904+00:00,29.698474704899127
2025-08-15 06:18:41.493926+00:00,29.703625271096826
2025-08-15 06:18:42.639877+00:00,29.708775837585563
2025-08-15 06:18:47.174423+00:00,29.693324138992466
2025-08-15 06:18:48.368415+00:00,29.698474704899127
2025-08-15 06:18:49.461441+00:00,29.708775837585563
2025-08-15 06:18:50.408617+00:00,29.703625271096826
2025-08-15 06:18:50.900974+00:00,29.703625271096826
2025-08-15 06:18:51.200524+00:00,29.71392640436534
2025-08-15 06:18:53.517835+00:00,29.703625271096826
2025-08-15 06:18:56.558333+00:00,29.708775837585563
2025-08-15 06:18:58.169683+00:00,29.698474704899127
2025-08-15 06:18:58.992040+00:00,29.693324138992466
2025-08-15 06:18:59.923963+00:00,29.693324138992466
2025-08-15 06:19:01.236531+00:00,29.693324138992466
2025-08-15 06:19:02.314478+00:00,29.688173573376844
2025-08-15 06:19:03.119168+00:00,29.693324138992466
2025-08-15 06:19:08.290840+00:00,29.693324138992466
2025-08-15 06:19:10.909750+00:00,29.703625271096826
2025-08-15 06:19:12.135062+00:00,29.693324138992466
2025-08-15 06:19:14.369681+00:00,29.693324138992466
2025-08-15 06:19:17.726729+00:00,29.688173573376844
2025-08-15 06:19:18.528432+00:00,29.698474704899127
2025-08-15 06:19:20.086557+00:00,29.698474704899127
2025-08-15 06:19:20.980089+00:00,29.698474704899127
2025-08-15 06:19:22.686630+00:00,29.698474704899127
2025-08-15 06:19:23.042319+00:00,29.698474704899127
2025-08-15 06:19:23.301835+00:00,29.71392640436534
2025-08-15 06:19:23.538496+00:00,29.708775837585563
2025-08-15 06:19:25.111007+00:00,29.703625271096826
2025-08-15 06:19:27.531992+00:00,29.693324138992466
2025-08-15 06:19:29.501032+00:00,29.693324138992466
2025-08-15 06:19:29.876931+00:00,29.698474704899127
2025-08-15 06:19:31.204002+00:00,29.688173573376844
2025-08-15 06:19:32.651781+00:00,29.708775837585563
2025-08-15 06:19:33.134207+00:00,29.703625271096826
2025-08-15 06:19:33.535217+00:00,29.698474704899127
2025-08-15 06:19:34.904426+00:00,29.698474704899127
2025-08-15 06:19:35.146735+00:00,29.698474704899127
2025-08-15 06:19:37.026576+00:00,29.693324138992466
2025-08-15 06:19:39.233929+00:00,29.698474704899127
2025-08-15 06:19:39.609326+00:00,29.703625271096826
2025-08-15 06:19:40.519518+00:00,29.693324138992466
2025-08-15 06:19:41.054930+00:00,29.698474704899127
2025-08-15 06:19:41.343236+00:00,29.703625271096826
2025-08-15 06:19:41.613871+00:00,29.703625271096826
2025-08-15 06:19:41.935468+00:00,29.698474704899127
2025-08-15 06:19:43.885904+00:00,29.693324138992466
2025-08-15 06:19:45.383389+00:00,29.698474704899127
2025-08-15 06:19:46.170748+00:00,29.693324138992466
2025-08-15 06:19:48.010242+00:00,29.703625271096826
2025-08-15 06:19:48.358982+00:00,29.693324138992466
2025-08-15 06:19:50.431272+00:00,29.698474704899127
2025-08-15 06:19:51.525821+00:00,29.693324138992466
2025-08-15 06:19:51.735118+00:00,29.693324138992466
2025-08-15 06:19:55.342306+00:00,29.693324138992466
2025-08-15 06:19:56.673646+00:00,29.693324138992466
2025-08-15 06:19:59.237231+00:00,29.693324138992466
2025-08-15 06:20:03.150802+00:00,29.703625271096826
2025-08-15 06:20:04.335239+00:00,29.71392640436534
2025-08-15 06:20:04.935265+00:00,29.698474704899127
2025-08-15 06:20:05.800529+00:00,29.693324138992466
2025-08-15 06:20:10.840888+00:00,29.703625271096826
2025-08-15 06:20:13.895725+00:00,29.688173573376844
2025-08-15 06:20:15.778426+00:00,29.693324138992466
2025-08-15 06:20:17.505495+00:00,29.698474704899127
2025-08-15 06:20:19.675217+00:00,29.708775837585563
2025-08-15 06:20:22.227395+00:00,29.698474704899127
2025-08-15 06:20:22.693482+00:00,29.698474704899127
2025-08-15 06:20:24.568099+00:00,29.703625271096826
2025-08-15 06:20:25.517550+00:00,29.693324138992466
2025-08-15 06:20:27.592798+00:00,29.719076971436152
2025-08-15 06:20:28.201250+00:00,29.693324138992466
2025-08-15 06:20:39.457881+00:00,29.708775837585563
2025-08-15 06:20:41.331427+00:00,29.71392640436534
2025-08-15 06:20:44.850680+00:00,29.708775837585563
2025-08-15 06:20:46.080333+00:00,29.71392640436534
2025-08-15 06:20:46.450499+00:00,29.71392640436534
2025-08-15 06:20:46.816695+00:00,29.71392640436534
2025-08-15 06:20:47.275388+00:00,29.71392640436534
2025-08-15 06:20:50.274449+00:00,29.719076971436152
2025-08-15 06:20:51.257921+00:00,29.719076971436152
2025-08-15 06:20:52.729044+00:00,29.719076971436152
2025-08-15 06:20:53.916164+00:00,29.729378106450895
2025-08-15 06:20:54.868336+00:00,29.724227538798004
2025-08-15 06:20:55.905591+00:00,29.719076971436152
2025-08-15 06:20:57.116713+00:00,29.719076971436152
2025-08-15 06:20:57.400905+00:00,29.729378106450895
2025-08-15 06:20:57.933701+00:00,29.734528674394824
2025-08-15 06:20:59.942137+00:00,29.724227538798004
2025-08-15 06:21:01.907844+00:00,29.734528674394824
2025-08-15 06:21:06.040557+00:00,29.734528674394824
2025-08-15 06:21:08.260702+00:00,29.729378106450895
2025-08-15 06:21:09.699808+00:00,29.719076971436152
2025-08-15 06:21:18.712046+00:00,29.744829811155796
2025-08-15 06:21:20.867762+00:00,29.729378106450895
2025-08-15 06:21:22.382278+00:00,29.729378106450895
2025-08-15 06:21:23.150321+00:00,29.724227538798004
2025-08-15 06:21:23.458988+00:00,29.729378106450895
2025-08-15 06:21:25.376009+00:00,29.734528674394824
2025-08-15 06:21:26.582633+00:00,29.729378106450895
2025-08-15 06:21:26.919108+00:00,29.73967924262979
2025-08-15 06:21:27.500049+00:00,29.734528674394824
2025-08-15 06:21:27.799081+00:00,29.724227538798004
2025-08-15 06:21:28.740825+00:00,29.734528674394824
2025-08-15 06:21:28.973888+00:00,29.734528674394824
2025-08-15 06:21:30.541854+00:00,29.744829811155796
2025-08-15 06:21:35.724145+00:00,29.73967924262979
2025-08-15 06:21:37.533232+00:00,29.744829811155796
2025-08-15 06:21:39.308618+00:00,29.734528674394824
2025-08-15 06:21:40.254012+00:00,29.729378106450895
2025-08-15 06:21:43.058593+00:00,29.724227538798004
2025-08-15 06:21:43.856734+00:00,29.73967924262979
2025-08-15 06:21:44.089299+00:00,29.73967924262979
2025-08-15 06:21:44.341597+00:00,29.744829811155796
2025-08-15 06:21:44.574203+00:00,29.744829811155796
2025-08-15 06:21:44.849971+00:00,29.734528674394824
2025-08-15 06:21:46.838035+00:00,29.73967924262979
2025-08-15 06:21:49.387015+00:00,29.729378106450895
2025-08-15 06:21:50.157123+00:00,29.734528674394824
2025-08-15 06:21:50.422764+00:00,29.73967924262979
2025-08-15 06:21:52.340631+00:00,29.734528674394824
2025-08-15 06:21:54.937656+00:00,29.744829811155796
2025-08-15 06:21:56.573819+00:00,29.729378106450895
2025-08-15 06:21:57.741071+00:00,29.734528674394824
2025-08-15 06:21:59.699059+00:00,29.734528674394824
2025-08-15 06:22:00.982722+00:00,29.719076971436152
2025-08-15 06:22:02.792483+00:00,29.734528674394824
2025-08-15 06:22:03.430272+00:00,29.734528674394824
2025-08-15 06:22:04.780922+00:00,29.734528674394824
2025-08-15 06:22:05.156490+00:00,29.729378106450895
2025-08-15 06:22:08.351685+00:00,29.724227538798004
2025-08-15 06:22:11.984193+00:00,29.74998037997284
2025-08-15 06:22:16.007943+00:00,29.73967924262979
2025-08-15 06:22:18.198669+00:00,29.734528674394824
2025-08-15 06:22:20.539702+00:00,29.734528674394824
2025-08-15 06:22:22.002380+00:00,29.734528674394824
2025-08-15 06:22:22.529505+00:00,29.729378106450895
2025-08-15 06:22:25.675208+00:00,29.734528674394824
2025-08-15 06:22:26.170661+00:00,29.729378106450895
2025-08-15 06:22:26.880696+00:00,29.729378106450895
2025-08-15 06:22:27.490999+00:00,29.724227538798004
2025-08-15 06:22:28.901344+00:00,29.729378106450895
2025-08-15 06:22:30.484345+00:00,29.729378106450895
2025-08-15 06:22:32.554244+00:00,29.734528674394824
2025-08-15 06:22:32.896329+00:00,29.729378106450895
2025-08-15 06:22:33.338428+00:00,29.734528674394824
2025-08-15 06:22:33.621012+00:00,29.729378106450895
2025-08-15 06:22:34.001489+00:00,29.734528674394824
2025-08-15 06:22:34.611204+00:00,29.744829811155796
2025-08-15 06:22:36.524535+00:00,29.734528674394824
2025-08-15 06:22:36.781980+00:00,29.744829811155796
2025-08-15 06:22:37.035680+00:00,29.744829811155796
2025-08-15 06:22:37.231568+00:00,29.73967924262979
2025-08-15 06:22:38.530553+00:00,29.734528674394824
2025-08-15 06:22:38.963823+00:00,29.734528674394824
2025-08-15 06:22:39.975859+00:00,29.734528674394824
2025-08-15 06:22:40.265197+00:00,29.734528674394824
2025-08-15 06:22:42.356857+00:00,29.73967924262979
2025-08-15 06:22:43.333939+00:00,29.73967924262979
2025-08-15 06:22:43.549867+00:00,29.734528674394824
2025-08-15 06:22:43.725980+00:00,29.73967924262979
2025-08-15 06:22:44.085282+00:00,29.734528674394824
2025-08-15 06:22:44.380373+00:00,29.729378106450895
2025-08-15 06:22:44.897367+00:00,29.734528674394824
2025-08-15 06:22:45.191064+00:00,29.73967924262979
2025-08-15 06:22:45.498787+00:00,29.73967924262979
2025-08-15 06:22:49.442945+00:00,29.73967924262979
2025-08-15 06:22:50.568199+00:00,29.729378106450895
2025-08-15 06:22:53.673351+00:00,29.734528674394824
2025-08-15 06:22:54.995957+00:00,29.73967924262979
2025-08-15 06:22:55.966396+00:00,29.734528674394824
2025-08-15 06:22:56.870930+00:00,29.744829811155796
2025-08-15 06:22:57.231498+00:00,29.744829811155796
2025-08-15 06:22:59.700749+00:00,29.744829811155796
2025-08-15 06:23:02.613403+00:00,29.73967924262979
2025-08-15 06:23:04.123333+00:00,29.734528674394824
2025-08-15 06:23:04.705806+00:00,29.73967924262979
2025-08-15 06:23:07.830527+00:00,29.74998037997284
2025-08-15 06:23:08.952975+00:00,29.744829811155796
2025-08-15 06:23:09.279734+00:00,29.744829811155796
2025-08-15 06:23:09.608489+00:00,29.74998037997284
2025-08-15 06:23:10.330474+00:00,29.75513094908092
2025-08-15 06:23:10.714750+00:00,29.744829811155796
2025-08-15 06:23:11.357435+00:00,29.744829811155796
2025-08-15 06:23:11.889770+00:00,29.744829811155796
2025-08-15 06:23:12.436259+00:00,29.744829811155796
2025-08-15 06:23:13.011353+00:00,29.75513094908092
2025-08-15 06:23:20.646967+00:00,29.74998037997284
2025-08-15 06:23:22.111955+00:00,29.744829811155796
2025-08-15 06:23:23.264445+00:00,29.734528674394824
2025-08-15 06:23:24.017408+00:00,29.744829811155796
2025-08-15 06:23:24.568434+00:00,29.73967924262979
2025-08-15 06:23:27.697145+00:00,29.744829811155796
2025-08-15 06:23:28.839486+00:00,29.744829811155796
2025-08-15 06:23:30.244817+00:00,29.744829811155796
2025-08-15 06:23:31.910556+00:00,29.744829811155796
2025-08-15 06:23:32.496716+00:00,29.73967924262979
2025-08-15 06:23:35.109242+00:00,29.734528674394824
2025-08-15 06:23:35.437218+00:00,29.74998037997284
2025-08-15 06:23:35.662668+00:00,29.744829811155796
2025-08-15 06:23:35.829562+00:00,29.74998037997284
2025-08-15 06:23:36.200834+00:00,29.744829811155796
2025-08-15 06:23:39.572319+00:00,29.744829811155796
2025-08-15 06:23:40.022430+00:00,29.73967924262979
2025-08-15 06:23:40.399243+00:00,29.734528674394824
2025-08-15 06:23:43.297695+00:00,29.734528674394824
2025-08-15 06:23:43.514489+00:00,29.744829811155796
2025-08-15 06:23:43.782929+00:00,29.744829811155796
2025-08-15 06:23:44.558707+00:00,29.744829811155796
2025-08-15 06:23:46.246941+00:00,29.74998037997284
2025-08-15 06:23:48.437662+00:00,29.744829811155796
2025-08-15 06:23:48.770204+00:00,29.744829811155796
2025-08-15 06:23:49.448352+00:00,29.74998037997284
2025-08-15 06:23:50.701374+00:00,29.74998037997284
2025-08-15 06:23:54.285284+00:00,29.75513094908092
2025-08-15 06:23:55.204039+00:00,29.74998037997284
2025-08-15 06:23:56.424570+00:00,29.744829811155796
2025-08-15 06:23:56.783234+00:00,29.73967924262979
2025-08-15 06:23:58.429418+00:00,29.744829811155796
2025-08-15 06:23:59.671646+00:00,29.73967924262979
2025-08-15 06:23:59.881702+00:00,29.744829811155796
2025-08-15 06:24:01.144697+00:00,29.744829811155796
2025-08-15 06:24:03.204932+00:00,29.734528674394824
2025-08-15 06:24:03.704581+00:00,29.744829811155796
2025-08-15 06:24:05.070472+00:00,29.744829811155796
2025-08-15 06:24:06.712513+00:00,29.75513094908092
2025-08-15 06:24:11.394633+00:00,29.775733228423633
2025-08-15 06:24:12.086742+00:00,29.7654320881702
2025-08-15 06:24:14.472813+00:00,29.775733228423633
2025-08-15 06:24:14.914118+00:00,29.780883798986906
2025-08-15 06:24:17.935769+00:00,29.775733228423633
2025-08-15 06:24:18.825571+00:00,29.770582658151397
2025-08-15 06:24:22.072672+00:00,29.7654320881702
2025-08-15 06:24:22.892736+00:00,29.775733228423633
2025-08-15 06:24:23.251521+00:00,29.780883798986906
2025-08-15 06:24:24.303707+00:00,29.770582658151397
2025-08-15 06:24:25.945737+00:00,29.775733228423633
2025-08-15 06:24:30.886264+00:00,29.775733228423633
2025-08-15 06:24:33.604448+00:00,29.775733228423633
2025-08-15 06:24:35.068108+00:00,29.775733228423633
2025-08-15 06:24:35.297812+00:00,29.786034369841218
2025-08-15 06:24:36.584489+00:00,29.775733228423633
2025-08-15 06:24:36.825993+00:00,29.775733228423633
2025-08-15 06:24:37.243977+00:00,29.775733228423633
2025-08-15 06:24:37.478901+00:00,29.780883798986906
2025-08-15 06:24:38.841087+00:00,29.775733228423633
2025-08-15 06:24:41.180587+00:00,29.775733228423633
2025-08-15 06:24:41.690387+00:00,29.780883798986906
2025-08-15 06:24:42.417676+00:00,29.780883798986906
2025-08-15 06:24:43.677940+00:00,29.780883798986906
2025-08-15 06:24:45.030672+00:00,29.780883798986906
2025-08-15 06:24:46.964661+00:00,29.775733228423633
2025-08-15 06:24:50.171928+00:00,29.786034369841218
2025-08-15 06:24:51.201853+00:00,29.775733228423633
2025-08-15 06:24:52.131962+00:00,29.780883798986906
2025-08-15 06:24:52.844310+00:00,29.775733228423633
2025-08-15 06:24:53.178874+00:00,29.786034369841218
2025-08-15 06:24:53.336834+00:00,29.786034369841218
2025-08-15 06:24:53.571484+00:00,29.775733228423633
2025-08-15 06:24:54.055531+00:00,29.786034369841218
2025-08-15 06:24:54.339216+00:00,29.780883798986906
2025-08-15 06:24:56.580071+00:00,29.786034369841218
2025-08-15 06:24:56.837529+00:00,29.786034369841218
2025-08-15 06:24:57.063913+00:00,29.786034369841218
2025-08-15 06:24:57.311786+00:00,29.796335512422957
2025-08-15 06:24:58.876404+00:00,29.786034369841218
2025-08-15 06:24:59.795846+00:00,29.796335512422957
2025-08-15 06:25:00.839678+00:00,29.796335512422957
2025-08-15 06:25:03.310025+00:00,29.780883798986906
2025-08-15 06:25:03.944056+00:00,29.786034369841218
2025-08-15 06:25:06.643915+00:00,29.780883798986906
2025-08-15 06:25:08.722056+00:00,29.780883798986906
2025-08-15 06:25:09.346431+00:00,29.786034369841218
2025-08-15 06:25:11.744864+00:00,29.791184940986568
2025-08-15 06:25:14.323593+00:00,29.791184940986568
2025-08-15 06:25:15.653018+00:00,29.786034369841218
2025-08-15 06:25:29.126387+00:00,29.791184940986568
2025-08-15 06:25:34.770961+00:00,29.786034369841218
2025-08-15 06:25:38.019450+00:00,29.796335512422957
2025-08-15 06:25:39.712339+00:00,29.80663665616885
2025-08-15 06:25:41.706260+00:00,29.796335512422957
2025-08-15 06:25:44.937960+00:00,29.796335512422957
2025-08-15 06:25:45.311916+00:00,29.796335512422957
2025-08-15 06:25:45.692183+00:00,29.80663665616885
2025-08-15 06:25:46.685719+00:00,29.796335512422957
2025-08-15 06:25:48.302197+00:00,29.791184940986568
2025-08-15 06:25:48.743734+00:00,29.801486084150383
2025-08-15 06:25:49.321766+00:00,29.801486084150383
2025-08-15 06:25:49.826572+00:00,29.801486084150383
2025-08-15 06:25:52.411241+00:00,29.81178722847835
2025-08-15 06:25:54.452640+00:00,29.796335512422957
2025-08-15 06:25:56.949497+00:00,29.796335512422957
2025-08-15 06:25:58.954415+00:00,29.796335512422957
2025-08-15 06:26:01.550048+00:00,29.796335512422957
2025-08-15 06:26:02.799036+00:00,29.796335512422957
2025-08-15 06:26:05.162057+00:00,29.80663665616885
2025-08-15 06:26:06.092419+00:00,29.80663665616885
2025-08-15 06:26:10.298480+00:00,29.796335512422957
2025-08-15 06:26:10.694639+00:00,29.796335512422957
2025-08-15 06:26:12.269273+00:00,29.796335512422957
2025-08-15 06:26:14.416230+00:00,29.796335512422957
2025-08-15 06:26:15.417083+00:00,29.786034369841218
2025-08-15 06:26:15.769540+00:00,29.791184940986568
2025-08-15 06:26:21.033078+00:00,29.796335512422957
2025-08-15 06:26:21.803093+00:00,29.801486084150383
2025-08-15 06:26:26.622821+00:00,29.796335512422957
2025-08-15 06:26:26.858554+00:00,29.801486084150383
2025-08-15 06:26:27.132727+00:00,29.801486084150383
2025-08-15 06:26:27.767411+00:00,29.796335512422957
2025-08-15 06:26:28.242816+00:00,29.801486084150383
2025-08-15 06:26:28.544490+00:00,29.796335512422957
2025-08-15 06:26:28.881051+00:00,29.80663665616885
2025-08-15 06:26:35.042732+00:00,29.796335512422957
2025-08-15 06:26:37.175048+00:00,29.81178722847835
2025-08-15 06:26:38.644853+00:00,29.80663665616885
2025-08-15 06:26:40.144462+00:00,29.80663665616885
2025-08-15 06:26:42.129871+00:00,29.796335512422957
2025-08-15 06:26:42.644549+00:00,29.801486084150383
2025-08-15 06:26:43.141256+00:00,29.816937801078893
2025-08-15 06:26:50.861141+00:00,29.80663665616885
2025-08-15 06:26:51.119394+00:00,29.80663665616885
2025-08-15 06:26:53.360565+00:00,29.801486084150383
2025-08-15 06:26:53.680911+00:00,29.801486084150383
2025-08-15 06:26:55.571837+00:00,29.801486084150383
2025-08-15 06:26:58.710974+00:00,29.801486084150383
2025-08-15 06:26:59.460204+00:00,29.801486084150383
2025-08-15 06:27:00.832943+00:00,29.801486084150383
2025-08-15 06:27:01.177323+00:00,29.796335512422957
2025-08-15 06:27:01.568030+00:00,29.801486084150383
2025-08-15 06:27:02.266164+00:00,29.80663665616885
2025-08-15 06:27:02.623205+00:00,29.80663665616885
2025-08-15 06:27:04.693251+00:00,29.791184940986568
2025-08-15 06:27:05.069036+00:00,29.796335512422957
2025-08-15 06:27:05.454735+00:00,29.796335512422957
2025-08-15 06:27:06.038450+00:00,29.801486084150383
2025-08-15 06:27:10.006821+00:00,29.796335512422957
2025-08-15 06:27:12.628332+00:00,29.796335512422957
2025-08-15 06:27:13.084218+00:00,29.80663665616885
2025-08-15 06:27:13.689212+00:00,29.81178722847835
2025-08-15 06:27:16.335328+00:00,29.80663665616885
2025-08-15 06:27:19.122942+00:00,29.80663665616885
2025-08-15 06:27:19.501472+00:00,29.80663665616885
2025-08-15 06:27:21.912731+00:00,29.81178722847835
2025-08-15 06:27:25.367991+00:00,29.80663665616885
2025-08-15 06:27:31.524113+00:00,29.80663665616885
2025-08-15 06:27:34.965184+00:00,29.80663665616885
2025-08-15 06:27:35.244014+00:00,29.81178722847835
2025-08-15 06:27:35.566717+00:00,29.816937801078893
2025-08-15 06:27:39.091606+00:00,29.80663665616885
2025-08-15 06:27:39.718558+00:00,29.816937801078893
2025-08-15 06:27:40.269295+00:00,29.80663665616885
2025-08-15 06:27:42.818935+00:00,29.80663665616885
2025-08-15 06:27:43.302537+00:00,29.801486084150383
2025-08-15 06:27:47.320523+00:00,29.816937801078893
2025-08-15 06:27:51.001976+00:00,29.80663665616885
2025-08-15 06:27:53.359046+00:00,29.822088373970473
2025-08-15 06:27:53.894853+00:00,29.81178722847835
2025-08-15 06:27:54.943048+00:00,29.816937801078893
2025-08-15 06:27:57.362154+00:00,29.81178722847835
2025-08-15 06:27:57.595823+00:00,29.822088373970473
2025-08-15 06:27:57.851567+00:00,29.816937801078893
2025-08-15 06:27:58.203788+00:00,29.82723894715309
2025-08-15 06:27:58.489585+00:00,29.816937801078893
2025-08-15 06:27:58.831048+00:00,29.82723894715309
2025-08-15 06:28:03.463755+00:00,29.816937801078893
2025-08-15 06:28:07.111256+00:00,29.81178722847835
2025-08-15 06:28:07.506077+00:00,29.80663665616885
2025-08-15 06:28:08.256795+00:00,29.816937801078893
2025-08-15 06:28:08.948254+00:00,29.801486084150383
2025-08-15 06:28:09.285549+00:00,29.81178722847835
2025-08-15 06:28:10.919908+00:00,29.80663665616885
2025-08-15 06:28:12.035450+00:00,29.816937801078893
2025-08-15 06:28:13.761047+00:00,29.80663665616885
2025-08-15 06:28:15.306910+00:00,29.80663665616885
2025-08-15 06:28:16.979712+00:00,29.81178722847835
2025-08-15 06:28:17.606416+00:00,29.822088373970473
2025-08-15 06:28:18.117142+00:00,29.816937801078893
2025-08-15 06:28:18.553293+00:00,29.816937801078893
2025-08-15 06:28:19.048221+00:00,29.81178722847835
2025-08-15 06:28:19.740900+00:00,29.81178722847835
2025-08-15 06:28:21.079102+00:00,29.816937801078893
2025-08-15 06:28:21.587902+00:00,29.816937801078893
2025-08-15 06:28:21.938334+00:00,29.816937801078893
2025-08-15 06:28:22.251551+00:00,29.82723894715309
2025-08-15 06:28:23.668398+00:00,29.816937801078893
2025-08-15 06:28:24.372086+00:00,29.822088373970473
2025-08-15 06:28:24.745345+00:00,29.816937801078893
2025-08-15 06:28:25.030071+00:00,29.82723894715309
2025-08-15 06:28:25.415370+00:00,29.82723894715309
2025-08-15 06:28:27.211757+00:00,29.82723894715309
2025-08-15 06:28:27.633000+00:00,29.816937801078893
2025-08-15 06:28:29.500525+00:00,29.822088373970473
2025-08-15 06:28:34.131227+00:00,29.816937801078893
2025-08-15 06:28:34.893027+00:00,29.82723894715309
2025-08-15 06:28:36.746962+00:00,29.822088373970473
2025-08-15 06:28:38.369375+00:00,29.822088373970473
2025-08-15 06:28:41.257656+00:00,29.82723894715309
2025-08-15 06:28:44.976212+00:00,29.82723894715309
2025-08-15 06:28:45.900880+00:00,29.822088373970473
2025-08-15 06:28:47.346649+00:00,29.822088373970473
2025-08-15 06:28:48.174745+00:00,29.816937801078893
2025-08-15 06:28:49.384163+00:00,29.822088373970473
2025-08-15 06:28:49.795005+00:00,29.822088373970473
2025-08-15 06:28:50.354939+00:00,29.82723894715309
2025-08-15 06:28:54.156866+00:00,29.82723894715309
2025-08-15 06:28:54.708168+00:00,29.82723894715309
2025-08-15 06:28:56.102064+00:00,29.816937801078893
2025-08-15 06:28:57.015342+00:00,29.82723894715309
2025-08-15 06:28:57.965491+00:00,29.81178722847835
2025-08-15 06:28:59.276859+00:00,29.81178722847835
2025-08-15 06:29:02.568754+00:00,29.81178722847835
2025-08-15 06:29:04.917262+00:00,29.822088373970473
2025-08-15 06:29:05.660266+00:00,29.816937801078893
2025-08-15 06:29:07.172935+00:00,29.81178722847835
2025-08-15 06:29:11.299927+00:00,29.816937801078893
2025-08-15 06:29:14.790059+00:00,29.80663665616885
2025-08-15 06:29:16.504823+00:00,29.80663665616885
2025-08-15 06:29:17.112705+00:00,29.801486084150383
2025-08-15 06:29:19.708667+00:00,29.82723894715309
2025-08-15 06:29:21.981237+00:00,29.81178722847835
2025-08-15 06:29:22.934940+00:00,29.822088373970473
2025-08-15 06:29:23.386482+00:00,29.82723894715309
2025-08-15 06:29:24.982954+00:00,29.816937801078893
2025-08-15 06:29:26.644328+00:00,29.822088373970473
2025-08-15 06:29:27.153998+00:00,29.81178722847835
2025-08-15 06:29:27.301794+00:00,29.816937801078893
2025-08-15 06:29:27.575449+00:00,29.816937801078893
2025-08-15 06:29:27.845286+00:00,29.822088373970473
2025-08-15 06:29:28.090199+00:00,29.816937801078893
2025-08-15 06:29:30.879959+00:00,29.822088373970473
2025-08-15 06:29:36.751033+00:00,29.816937801078893
2025-08-15 06:29:37.032868+00:00,29.80663665616885
2025-08-15 06:29:37.332145+00:00,29.816937801078893
2025-08-15 06:29:37.591501+00:00,29.822088373970473
2025-08-15 06:29:39.198007+00:00,29.822088373970473
2025-08-15 06:29:40.424111+00:00,29.822088373970473
2025-08-15 06:29:42.212446+00:00,29.816937801078893
2025-08-15 06:29:45.299879+00:00,29.82723894715309
2025-08-15 06:29:46.349449+00:00,29.82723894715309
2025-08-15 06:29:46.727846+00:00,29.832389520626748
2025-08-15 06:29:47.595985+00:00,29.82723894715309
2025-08-15 06:29:49.691202+00:00,29.822088373970473
2025-08-15 06:29:50.424936+00:00,29.822088373970473
2025-08-15 06:29:50.658923+00:00,29.816937801078893
2025-08-15 06:29:54.511571+00:00,29.816937801078893
2025-08-15 06:29:54.812497+00:00,29.82723894715309
2025-08-15 06:29:56.150911+00:00,29.82723894715309
2025-08-15 06:29:56.417492+00:00,29.82723894715309
2025-08-15 06:29:58.840726+00:00,29.82723894715309
2025-08-15 06:29:59.039331+00:00,29.82723894715309
2025-08-15 06:29:59.241323+00:00,29.832389520626748
2025-08-15 06:29:59.499061+00:00,29.832389520626748
2025-08-15 06:30:06.919523+00:00,29.82723894715309
2025-08-15 06:30:07.311013+00:00,29.822088373970473
2025-08-15 06:30:09.939943+00:00,29.81178722847835
2025-08-15 06:30:11.325353+00:00,29.822088373970473
2025-08-15 06:30:11.721095+00:00,29.816937801078893
2025-08-15 06:30:12.470927+00:00,29.822088373970473
2025-08-15 06:30:13.047138+00:00,29.82723894715309
2025-08-15 06:30:13.529298+00:00,29.82723894715309
2025-08-15 06:30:14.016574+00:00,29.822088373970473
2025-08-15 06:30:14.748903+00:00,29.822088373970473
2025-08-15 06:30:15.203467+00:00,29.837540094391443
2025-08-15 06:30:15.935179+00:00,29.816937801078893
2025-08-15 06:30:16.419903+00:00,29.822088373970473
2025-08-15 06:30:16.938702+00:00,29.816937801078893
2025-08-15 06:30:17.486871+00:00,29.822088373970473
2025-08-15 06:30:18.028599+00:00,29.832389520626748
2025-08-15 06:30:20.023259+00:00,29.816937801078893
2025-08-15 06:30:22.462107+00:00,29.822088373970473
2025-08-15 06:30:23.148794+00:00,29.822088373970473
2025-08-15 06:30:23.503106+00:00,29.816937801078893
2025-08-15 06:30:24.044400+00:00,29.822088373970473
2025-08-15 06:30:24.473617+00:00,29.832389520626748
2025-08-15 06:30:25.119514+00:00,29.822088373970473
2025-08-15 06:30:25.576586+00:00,29.822088373970473
2025-08-15 06:30:26.079068+00:00,29.816937801078893
2025-08-15 06:30:26.585424+00:00,29.82723894715309
2025-08-15 06:30:26.943793+00:00,29.82723894715309
2025-08-15 06:30:27.269311+00:00,29.816937801078893
2025-08-15 06:30:27.629824+00:00,29.816937801078893
2025-08-15 06:30:28.399071+00:00,29.81178722847835
2025-08-15 06:30:29.353574+00:00,29.822088373970473
2025-08-15 06:30:30.919830+00:00,29.816937801078893
2025-08-15 06:30:37.873369+00:00,29.82723894715309
2025-08-15 06:30:40.269567+00:00,29.822088373970473
2025-08-15 06:30:40.811958+00:00,29.822088373970473
2025-08-15 06:30:41.200770+00:00,29.837540094391443
2025-08-15 06:30:41.597057+00:00,29.822088373970473
2025-08-15 06:30:47.443364+00:00,29.82723894715309
2025-08-15 06:30:49.919462+00:00,29.832389520626748
2025-08-15 06:30:51.066051+00:00,29.82723894715309
2025-08-15 06:30:51.540597+00:00,29.822088373970473
2025-08-15 06:30:53.772632+00:00,29.822088373970473
2025-08-15 06:30:54.590545+00:00,29.816937801078893
2025-08-15 06:30:54.960713+00:00,29.82723894715309
2025-08-15 06:30:55.533945+00:00,29.822088373970473
2025-08-15 06:30:55.759471+00:00,29.816937801078893
2025-08-15 06:30:56.543863+00:00,29.822088373970473
2025-08-15 06:30:57.362768+00:00,29.816937801078893
2025-08-15 06:30:58.573873+00:00,29.822088373970473
2025-08-15 06:30:58.848909+00:00,29.82723894715309
2025-08-15 06:30:59.141920+00:00,29.82723894715309
2025-08-15 06:30:59.384965+00:00,29.822088373970473
2025-08-15 06:30:59.667392+00:00,29.82723894715309
2025-08-15 06:31:02.090731+00:00,29.816937801078893
2025-08-15 06:31:02.834694+00:00,29.82723894715309
2025-08-15 06:31:03.435570+00:00,29.822088373970473
2025-08-15 06:31:06.955860+00:00,29.832389520626748
2025-08-15 06:31:09.290571+00:00,29.82723894715309
2025-08-15 06:31:11.877874+00:00,29.832389520626748
2025-08-15 06:31:13.858427+00:00,29.832389520626748
2025-08-15 06:31:14.227900+00:00,29.832389520626748
2025-08-15 06:31:18.250408+00:00,29.842690668447176
2025-08-15 06:31:21.622525+00:00,29.842690668447176
2025-08-15 06:31:22.023402+00:00,29.832389520626748
2025-08-15 06:31:22.692766+00:00,29.837540094391443
2025-08-15 06:31:23.442113+00:00,29.832389520626748
2025-08-15 06:31:25.005302+00:00,29.832389520626748
2025-08-15 06:31:26.944997+00:00,29.82723894715309
2025-08-15 06:31:28.829957+00:00,29.842690668447176
2025-08-15 06:31:31.456674+00:00,29.832389520626748
2025-08-15 06:31:32.693685+00:00,29.837540094391443
2025-08-15 06:31:33.471473+00:00,29.82723894715309
2025-08-15 06:31:37.610253+00:00,29.82723894715309
2025-08-15 06:31:40.689430+00:00,29.82723894715309
2025-08-15 06:31:42.259926+00:00,29.837540094391443
2025-08-15 06:31:42.846581+00:00,29.837540094391443
2025-08-15 06:31:43.478169+00:00,29.837540094391443
2025-08-15 06:31:44.208027+00:00,29.837540094391443
2025-08-15 06:31:44.513638+00:00,29.837540094391443
2025-08-15 06:31:44.881013+00:00,29.837540094391443
2025-08-15 06:31:50.147293+00:00,29.842690668447176
2025-08-15 06:31:51.216434+00:00,29.832389520626748
2025-08-15 06:31:52.094438+00:00,29.832389520626748
2025-08-15 06:31:52.514115+00:00,29.82723894715309
2025-08-15 06:31:53.122295+00:00,29.847841242793947
2025-08-15 06:31:55.381135+00:00,29.837540094391443
2025-08-15 06:31:56.531285+00:00,29.837540094391443
2025-08-15 06:31:57.140412+00:00,29.842690668447176
2025-08-15 06:31:59.090266+00:00,29.82723894715309
2025-08-15 06:31:59.738498+00:00,29.837540094391443
2025-08-15 06:32:00.209538+00:00,29.837540094391443
2025-08-15 06:32:02.175826+00:00,29.837540094391443
2025-08-15 06:32:02.638498+00:00,29.842690668447176
2025-08-15 06:32:03.718128+00:00,29.847841242793947
2025-08-15 06:32:04.625267+00:00,29.82723894715309
2025-08-15 06:32:07.481683+00:00,29.837540094391443
2025-08-15 06:32:07.950024+00:00,29.832389520626748
2025-08-15 06:32:11.917316+00:00,29.837540094391443
2025-08-15 06:32:12.435174+00:00,29.837540094391443
2025-08-15 06:32:12.928157+00:00,29.847841242793947
2025-08-15 06:32:13.896314+00:00,29.842690668447176
2025-08-15 06:32:14.856908+00:00,29.837540094391443
2025-08-15 06:32:18.949574+00:00,29.837540094391443
2025-08-15 06:32:19.231013+00:00,29.837540094391443
2025-08-15 06:32:22.297616+00:00,29.837540094391443
2025-08-15 06:32:24.237426+00:00,29.837540094391443
2025-08-15 06:32:25.098267+00:00,29.842690668447176
2025-08-15 06:32:26.409489+00:00,29.832389520626748
2025-08-15 06:32:26.863728+00:00,29.837540094391443
2025-08-15 06:32:28.606531+00:00,29.837540094391443
2025-08-15 06:32:29.266780+00:00,29.82723894715309
2025-08-15 06:32:30.202123+00:00,29.832389520626748
2025-08-15 06:32:32.699937+00:00,29.842690668447176
2025-08-15 06:32:33.929496+00:00,29.842690668447176
2025-08-15 06:32:34.755292+00:00,29.832389520626748
2025-08-15 06:32:38.392126+00:00,29.837540094391443
2025-08-15 06:32:42.611860+00:00,29.842690668447176
2025-08-15 06:32:43.097130+00:00,29.837540094391443
2025-08-15 06:32:43.512450+00:00,29.847841242793947
2025-08-15 06:32:43.930569+00:00,29.847841242793947
2025-08-15 06:32:48.100295+00:00,29.837540094391443
2025-08-15 06:32:48.456920+00:00,29.837540094391443
2025-08-15 06:32:48.945094+00:00,29.842690668447176
2025-08-15 06:32:49.393376+00:00,29.837540094391443
2025-08-15 06:32:49.977484+00:00,29.837540094391443
2025-08-15 06:32:50.670357+00:00,29.837540094391443
2025-08-15 06:32:51.154237+00:00,29.842690668447176
2025-08-15 06:32:52.267998+00:00,29.832389520626748
2025-08-15 06:32:54.898170+00:00,29.82723894715309
2025-08-15 06:32:55.424134+00:00,29.82723894715309
2025-08-15 06:32:56.278022+00:00,29.822088373970473
2025-08-15 06:32:57.479736+00:00,29.82723894715309
2025-08-15 06:32:58.295076+00:00,29.816937801078893
2025-08-15 06:33:06.396627+00:00,29.82723894715309
2025-08-15 06:33:07.204384+00:00,29.832389520626748
2025-08-15 06:33:07.654820+00:00,29.837540094391443
2025-08-15 06:33:13.477717+00:00,29.832389520626748
2025-08-15 06:33:13.746080+00:00,29.82723894715309
2025-08-15 06:33:14.088402+00:00,29.82723894715309
2025-08-15 06:33:16.349921+00:00,29.82723894715309
2025-08-15 06:33:18.832789+00:00,29.82723894715309
2025-08-15 06:33:19.735084+00:00,29.832389520626748
2025-08-15 06:33:20.321923+00:00,29.822088373970473
2025-08-15 06:33:21.203795+00:00,29.82723894715309
2025-08-15 06:33:22.985953+00:00,29.82723894715309
2025-08-15 06:33:24.362348+00:00,29.82723894715309
2025-08-15 06:33:25.768420+00:00,29.822088373970473
2025-08-15 06:33:27.921128+00:00,29.82723894715309
2025-08-15 06:33:28.921289+00:00,29.842690668447176
2025-08-15 06:33:29.544262+00:00,29.837540094391443
2025-08-15 06:33:33.704411+00:00,29.842690668447176
2025-08-15 06:33:37.246204+00:00,29.847841242793947
2025-08-15 06:33:37.545382+00:00,29.842690668447176
2025-08-15 06:33:37.781807+00:00,29.842690668447176
2025-08-15 06:33:38.775973+00:00,29.847841242793947
2025-08-15 06:33:39.149809+00:00,29.842690668447176
2025-08-15 06:33:41.068280+00:00,29.837540094391443
2025-08-15 06:33:42.785549+00:00,29.847841242793947
2025-08-15 06:33:49.204109+00:00,29.852991817431757
2025-08-15 06:33:50.037633+00:00,29.852991817431757
2025-08-15 06:33:52.630955+00:00,29.858142392360605
2025-08-15 06:33:52.964114+00:00,29.858142392360605
2025-08-15 06:33:53.370471+00:00,29.852991817431757
2025-08-15 06:33:53.928849+00:00,29.852991817431757
2025-08-15 06:33:54.280235+00:00,29.858142392360605
2025-08-15 06:33:56.121860+00:00,29.852991817431757
2025-08-15 06:33:57.549256+00:00,29.858142392360605
2025-08-15 06:33:58.554531+00:00,29.852991817431757
2025-08-15 06:33:59.031195+00:00,29.852991817431757
2025-08-15 06:33:59.657767+00:00,29.858142392360605
2025-08-15 06:33:59.933929+00:00,29.858142392360605
2025-08-15 06:34:01.806200+00:00,29.86329296758049
2025-08-15 06:34:03.684525+00:00,29.852991817431757
2025-08-15 06:34:06.282423+00:00,29.852991817431757
2025-08-15 06:34:06.790589+00:00,29.86329296758049
2025-08-15 06:34:07.139164+00:00,29.858142392360605
2025-08-15 06:34:09.948854+00:00,29.868443543091416
2025-08-15 06:34:11.831931+00:00,29.868443543091416
2025-08-15 06:34:12.446476+00:00,29.858142392360605
2025-08-15 06:34:15.239053+00:00,29.858142392360605
2025-08-15 06:34:18.398496+00:00,29.87874469498638
2025-08-15 06:34:21.660070+00:00,29.868443543091416
2025-08-15 06:34:22.011338+00:00,29.86329296758049
2025-08-15 06:34:22.362186+00:00,29.87874469498638
2025-08-15 06:34:22.620742+00:00,29.87874469498638
2025-08-15 06:34:24.324870+00:00,29.889045848045498
2025-08-15 06:34:36.863405+00:00,29.87359411889338
2025-08-15 06:34:37.178643+00:00,29.87874469498638
2025-08-15 06:34:37.487246+00:00,29.87874469498638
2025-08-15 06:34:37.967401+00:00,29.868443543091416
2025-08-15 06:34:39.136967+00:00,29.87874469498638
2025-08-15 06:34:41.324788+00:00,29.86329296758049
2025-08-15 06:34:41.777512+00:00,29.852991817431757
2025-08-15 06:34:44.307574+00:00,29.858142392360605
2025-08-15 06:34:46.381172+00:00,29.86329296758049
2025-08-15 06:34:47.616634+00:00,29.868443543091416
2025-08-15 06:34:52.936409+00:00,29.868443543091416
2025-08-15 06:34:54.561639+00:00,29.86329296758049
2025-08-15 06:34:55.567301+00:00,29.86329296758049
2025-08-15 06:34:55.978462+00:00,29.86329296758049
2025-08-15 06:34:57.219072+00:00,29.86329296758049
2025-08-15 06:34:58.778049+00:00,29.868443543091416
2025-08-15 06:34:59.211521+00:00,29.868443543091416
2025-08-15 06:35:02.228781+00:00,29.87874469498638
2025-08-15 06:35:02.628946+00:00,29.868443543091416
2025-08-15 06:35:03.321706+00:00,29.87874469498638
2025-08-15 06:35:03.755149+00:00,29.868443543091416
2025-08-15 06:35:06.217461+00:00,29.86329296758049
2025-08-15 06:35:09.490542+00:00,29.86329296758049
2025-08-15 06:35:10.493236+00:00,29.86329296758049
2025-08-15 06:35:13.971914+00:00,29.858142392360605
2025-08-15 06:35:15.465181+00:00,29.858142392360605
2025-08-15 06:35:16.867668+00:00,29.86329296758049
2025-08-15 06:35:21.330876+00:00,29.852991817431757
2025-08-15 06:35:22.229320+00:00,29.87874469498638
2025-08-15 06:35:25.871726+00:00,29.868443543091416
2025-08-15 06:35:30.096775+00:00,29.88389527137042
2025-08-15 06:35:41.358471+00:00,29.868443543091416
2025-08-15 06:35:41.838146+00:00,29.86329296758049
2025-08-15 06:35:45.345598+00:00,29.858142392360605
2025-08-15 06:35:52.263133+00:00,29.86329296758049
2025-08-15 06:35:52.485667+00:00,29.86329296758049
2025-08-15 06:35:54.284191+00:00,29.858142392360605
2025-08-15 06:35:57.261655+00:00,29.86329296758049
2025-08-15 06:35:58.201704+00:00,29.858142392360605
2025-08-15 06:35:58.434617+00:00,29.858142392360605
2025-08-15 06:35:59.089424+00:00,29.86329296758049
2025-08-15 06:35:59.485486+00:00,29.852991817431757
2025-08-15 06:36:00.976390+00:00,29.858142392360605
2025-08-15 06:36:01.471424+00:00,29.858142392360605
2025-08-15 06:36:02.040384+00:00,29.87359411889338
2025-08-15 06:36:03.259543+00:00,29.87874469498638
2025-08-15 06:36:03.687108+00:00,29.858142392360605
2025-08-15 06:36:04.320304+00:00,29.86329296758049
2025-08-15 06:36:04.787105+00:00,29.87874469498638
2025-08-15 06:36:05.250902+00:00,29.88389527137042
2025-08-15 06:36:10.442777+00:00,29.87359411889338
2025-08-15 06:36:13.059323+00:00,29.858142392360605
2025-08-15 06:36:13.988025+00:00,29.868443543091416
2025-08-15 06:36:14.186651+00:00,29.868443543091416
2025-08-15 06:36:14.767759+00:00,29.868443543091416
2025-08-15 06:36:16.343988+00:00,29.87874469498638
2025-08-15 06:36:20.054652+00:00,29.88389527137042
2025-08-15 06:36:20.303742+00:00,29.868443543091416
2025-08-15 06:36:21.106669+00:00,29.87874469498638
2025-08-15 06:36:21.366474+00:00,29.86329296758049
2025-08-15 06:36:21.619571+00:00,29.87874469498638
2025-08-15 06:36:30.444785+00:00,29.86329296758049
2025-08-15 06:36:32.787159+00:00,29.889045848045498
2025-08-15 06:36:35.375259+00:00,29.87359411889338
2025-08-15 06:36:35.625318+00:00,29.894196425011614
2025-08-15 06:36:35.859958+00:00,29.87874469498638
2025-08-15 06:36:36.217714+00:00,29.88389527137042
2025-08-15 06:36:36.563178+00:00,29.87874469498638
2025-08-15 06:36:39.074771+00:00,29.88389527137042
2025-08-15 06:36:39.787325+00:00,29.894196425011614
2025-08-15 06:36:40.650118+00:00,29.87874469498638
2025-08-15 06:36:41.047117+00:00,29.88389527137042
2025-08-15 06:36:41.317739+00:00,29.889045848045498
2025-08-15 06:36:41.575224+00:00,29.889045848045498
2025-08-15 06:36:41.834431+00:00,29.89934700226877
2025-08-15 06:36:44.076049+00:00,29.89934700226877
2025-08-15 06:36:45.234292+00:00,29.894196425011614
2025-08-15 06:36:45.661076+00:00,29.894196425011614
2025-08-15 06:36:46.391159+00:00,29.889045848045498
2025-08-15 06:36:47.203512+00:00,29.889045848045498
2025-08-15 06:36:47.676912+00:00,29.894196425011614
2025-08-15 06:36:49.107024+00:00,29.89934700226877
2025-08-15 06:36:49.908151+00:00,29.90449757981696
2025-08-15 06:36:52.162454+00:00,29.89934700226877
2025-08-15 06:36:58.433265+00:00,29.89934700226877
2025-08-15 06:36:59.540300+00:00,29.894196425011614
2025-08-15 06:37:00.508014+00:00,29.89934700226877
2025-08-15 06:37:01.460272+00:00,29.89934700226877
2025-08-15 06:37:02.684239+00:00,29.894196425011614
2025-08-15 06:37:03.048520+00:00,29.894196425011614
2025-08-15 06:37:03.433827+00:00,29.90449757981696
2025-08-15 06:37:03.795561+00:00,29.90449757981696
2025-08-15 06:37:09.666052+00:00,29.89934700226877
2025-08-15 06:37:10.087658+00:00,29.90449757981696
2025-08-15 06:37:10.492875+00:00,29.89934700226877
2025-08-15 06:37:16.071377+00:00,29.889045848045498
2025-08-15 06:37:16.477065+00:00,29.88389527137042
2025-08-15 06:37:18.200497+00:00,29.894196425011614
2025-08-15 06:37:18.575406+00:00,29.89934700226877
2025-08-15 06:37:22.250004+00:00,29.88389527137042
2025-08-15 06:37:22.475708+00:00,29.89934700226877
2025-08-15 06:37:23.303677+00:00,29.88389527137042
2025-08-15 06:37:23.791085+00:00,29.889045848045498
2025-08-15 06:37:24.073557+00:00,29.894196425011614
2025-08-15 06:37:24.322876+00:00,29.889045848045498
2025-08-15 06:37:24.659218+00:00,29.89934700226877
2025-08-15 06:37:25.017256+00:00,29.89934700226877
2025-08-15 06:37:25.492420+00:00,29.90449757981696
2025-08-15 06:37:26.703488+00:00,29.894196425011614
2025-08-15 06:37:27.997955+00:00,29.889045848045498
2025-08-15 06:37:29.326928+00:00,29.889045848045498
2025-08-15 06:37:32.120204+00:00,29.889045848045498
2025-08-15 06:37:32.494088+00:00,29.889045848045498
2025-08-15 06:37:35.075790+00:00,29.889045848045498
2025-08-15 06:37:35.832839+00:00,29.894196425011614
2025-08-15 06:37:37.037560+00:00,29.89934700226877
2025-08-15 06:37:39.599425+00:00,29.894196425011614
2025-08-15 06:37:40.880785+00:00,29.894196425011614
2025-08-15 06:37:41.549541+00:00,29.889045848045498
2025-08-15 06:37:42.995588+00:00,29.909648157656193
2025-08-15 06:37:45.167323+00:00,29.90449757981696
2025-08-15 06:37:46.659321+00:00,29.894196425011614
2025-08-15 06:37:47.942888+00:00,29.894196425011614
2025-08-15 06:37:49.525180+00:00,29.914798735786462
2025-08-15 06:37:50.679358+00:00,29.90449757981696
2025-08-15 06:37:54.326246+00:00,29.90449757981696
2025-08-15 06:37:55.765350+00:00,29.909648157656193
2025-08-15 06:37:57.517957+00:00,29.91994931420777
2025-08-15 06:37:58.712149+00:00,29.914798735786462
2025-08-15 06:37:59.732251+00:00,29.914798735786462
2025-08-15 06:38:02.040924+00:00,29.909648157656193
2025-08-15 06:38:04.218789+00:00,29.925099892920116
2025-08-15 06:38:04.865069+00:00,29.91994931420777
2025-08-15 06:38:05.668028+00:00,29.91994931420777
2025-08-15 06:38:06.246982+00:00,29.91994931420777
2025-08-15 06:38:07.966131+00:00,29.909648157656193
2025-08-15 06:38:08.699840+00:00,29.90449757981696
2025-08-15 06:38:09.240696+00:00,29.914798735786462
2025-08-15 06:38:12.148439+00:00,29.909648157656193
2025-08-15 06:38:13.633755+00:00,29.91994931420777
2025-08-15 06:38:16.791888+00:00,29.91994931420777
2025-08-15 06:38:18.099129+00:00,29.914798735786462
2025-08-15 06:38:18.434711+00:00,29.91994931420777
2025-08-15 06:38:18.885773+00:00,29.91994931420777
2025-08-15 06:38:19.504802+00:00,29.909648157656193
2025-08-15 06:38:22.714110+00:00,29.91994931420777
2025-08-15 06:38:23.683750+00:00,29.914798735786462
2025-08-15 06:38:23.957040+00:00,29.909648157656193
2025-08-15 06:38:24.265987+00:00,29.91994931420777
2025-08-15 06:38:24.932100+00:00,29.91994931420777
2025-08-15 06:38:26.656465+00:00,29.914798735786462
2025-08-15 06:38:28.703072+00:00,29.9302504719235
2025-08-15 06:38:29.353881+00:00,29.935401051217923
2025-08-15 06:38:30.409430+00:00,29.945702210679883
2025-08-15 06:38:35.921690+00:00,29.925099892920116
2025-08-15 06:38:36.304152+00:00,29.935401051217923
2025-08-15 06:38:39.039723+00:00,29.935401051217923
2025-08-15 06:38:39.462757+00:00,29.9302504719235
2025-08-15 06:38:39.791395+00:00,29.940551630803384
2025-08-15 06:38:40.205827+00:00,29.9302504719235
2025-08-15 06:38:42.015551+00:00,29.945702210679883
2025-08-15 06:38:42.578377+00:00,29.940551630803384
2025-08-15 06:38:42.872316+00:00,29.945702210679883
2025-08-15 06:38:43.040177+00:00,29.956003371305997
2025-08-15 06:38:43.381472+00:00,29.95085279084742
2025-08-15 06:38:49.887661+00:00,29.91994931420777
2025-08-15 06:38:50.114234+00:00,29.935401051217923
2025-08-15 06:38:53.231759+00:00,29.9302504719235
2025-08-15 06:38:56.683587+00:00,29.935401051217923
2025-08-15 06:38:57.350699+00:00,29.940551630803384
2025-08-15 06:38:59.982597+00:00,29.940551630803384
2025-08-15 06:39:02.366245+00:00,29.935401051217923
2025-08-15 06:39:07.116557+00:00,29.940551630803384
2025-08-15 06:39:09.230499+00:00,29.945702210679883
2025-08-15 06:39:10.657472+00:00,29.940551630803384
2025-08-15 06:39:13.499301+00:00,29.945702210679883
2025-08-15 06:39:19.848954+00:00,29.940551630803384
2025-08-15 06:39:20.633154+00:00,29.9302504719235
2025-08-15 06:39:22.556696+00:00,29.9302504719235
2025-08-15 06:39:23.356837+00:00,29.9302504719235
2025-08-15 06:39:26.840091+00:00,29.925099892920116
2025-08-15 06:39:27.073461+00:00,29.925099892920116
2025-08-15 06:39:27.316218+00:00,29.9302504719235
2025-08-15 06:39:27.565844+00:00,29.935401051217923
2025-08-15 06:39:27.831540+00:00,29.9302504719235
2025-08-15 06:39:28.741412+00:00,29.935401051217923
2025-08-15 06:39:29.162503+00:00,29.9302504719235
2025-08-15 06:39:33.016294+00:00,29.914798735786462
2025-08-15 06:39:33.687153+00:00,29.9302504719235
2025-08-15 06:39:34.902464+00:00,29.9302504719235
2025-08-15 06:39:36.623687+00:00,29.925099892920116
2025-08-15 06:39:36.973019+00:00,29.925099892920116
2025-08-15 06:39:37.306425+00:00,29.925099892920116
2025-08-15 06:39:39.281093+00:00,29.925099892920116
2025-08-15 06:39:39.614121+00:00,29.935401051217923
2025-08-15 06:39:41.738287+00:00,29.91994931420777
2025-08-15 06:39:42.202237+00:00,29.925099892920116
2025-08-15 06:39:42.991557+00:00,29.925099892920116
2025-08-15 06:39:45.042156+00:00,29.91994931420777
2025-08-15 06:39:48.071738+00:00,29.925099892920116
2025-08-15 06:39:49.314028+00:00,29.925099892920116
2025-08-15 06:39:49.622706+00:00,29.925099892920116
2025-08-15 06:39:50.203140+00:00,29.925099892920116
2025-08-15 06:39:51.001858+00:00,29.925099892920116
2025-08-15 06:39:52.640595+00:00,29.91994931420777
2025-08-15 06:39:53.185026+00:00,29.9302504719235
2025-08-15 06:39:54.139752+00:00,29.935401051217923
2025-08-15 06:39:56.367259+00:00,29.925099892920116
2025-08-15 06:39:56.884296+00:00,29.91994931420777
2025-08-15 06:39:57.762444+00:00,29.9302504719235
2025-08-15 06:40:04.680310+00:00,29.925099892920116
2025-08-15 06:40:13.305027+00:00,29.935401051217923
2025-08-15 06:40:14.321866+00:00,29.9302504719235
2025-08-15 06:40:16.945425+00:00,29.945702210679883
2025-08-15 06:40:18.202364+00:00,29.940551630803384
2025-08-15 06:40:25.645802+00:00,29.935401051217923
2025-08-15 06:40:26.381980+00:00,29.935401051217923
2025-08-15 06:40:26.866163+00:00,29.9302504719235
2025-08-15 06:40:27.258773+00:00,29.935401051217923
2025-08-15 06:40:33.079151+00:00,29.9302504719235
2025-08-15 06:40:33.564461+00:00,29.940551630803384
2025-08-15 06:40:36.505034+00:00,29.940551630803384
2025-08-15 06:40:36.940661+00:00,29.940551630803384
2025-08-15 06:40:37.404298+00:00,29.935401051217923
2025-08-15 06:40:38.931058+00:00,29.935401051217923
2025-08-15 06:40:39.389042+00:00,29.935401051217923
2025-08-15 06:40:42.230377+00:00,29.9302504719235
2025-08-15 06:40:42.629002+00:00,29.940551630803384
2025-08-15 06:40:43.015278+00:00,29.935401051217923
2025-08-15 06:40:44.022970+00:00,29.940551630803384
2025-08-15 06:40:44.412717+00:00,29.940551630803384
2025-08-15 06:40:44.967743+00:00,29.95085279084742
2025-08-15 06:40:45.664533+00:00,29.935401051217923
2025-08-15 06:40:46.134286+00:00,29.935401051217923
2025-08-15 06:40:50.479653+00:00,29.945702210679883
2025-08-15 06:40:51.773682+00:00,29.945702210679883
2025-08-15 06:40:53.193715+00:00,29.945702210679883
2025-08-15 06:40:53.505847+00:00,29.95085279084742
2025-08-15 06:40:53.839302+00:00,29.940551630803384
2025-08-15 06:40:54.165249+00:00,29.956003371305997
2025-08-15 06:40:57.989680+00:00,29.96115395205561
2025-08-15 06:40:58.222576+00:00,29.96115395205561
2025-08-15 06:40:58.491156+00:00,29.96115395205561
2025-08-15 06:40:58.906254+00:00,29.956003371305997
2025-08-15 06:40:59.177467+00:00,29.96115395205561
2025-08-15 06:40:59.411126+00:00,29.966304533096263
2025-08-15 06:40:59.636711+00:00,29.997208025451982
2025-08-15 06:41:00.139518+00:00,29.96115395205561
2025-08-15 06:41:01.635429+00:00,29.956003371305997
2025-08-15 06:41:08.622842+00:00,29.98175627796445
2025-08-15 06:41:15.555026+00:00,29.997208025451982
2025-08-15 06:41:15.895751+00:00,29.9920574426651
2025-08-15 06:41:17.471974+00:00,29.9920574426651
2025-08-15 06:41:19.697424+00:00,29.997208025451982
2025-08-15 06:41:23.222742+00:00,29.997208025451982
2025-08-15 06:41:24.150021+00:00,30.007509191898862
2025-08-15 06:41:25.094514+00:00,30.002358608529903
2025-08-15 06:41:28.514811+00:00,29.997208025451982
2025-08-15 06:41:28.963440+00:00,30.002358608529903
2025-08-15 06:41:38.613899+00:00,30.017810359509895
2025-08-15 06:41:40.917010+00:00,30.03841269822442
2025-08-15 06:41:41.442258+00:00,30.02811152828508
2025-08-15 06:41:42.117902+00:00,30.03326211310923
2025-08-15 06:41:43.996870+00:00,30.02811152828508
2025-08-15 06:41:46.594973+00:00,30.03841269822442
2025-08-15 06:41:47.220345+00:00,30.043563283630647
2025-08-15 06:41:47.611731+00:00,30.043563283630647
2025-08-15 06:41:47.998995+00:00,30.043563283630647
2025-08-15 06:41:52.304890+00:00,30.053864455316216
2025-08-15 06:41:52.996629+00:00,30.048713869327912
2025-08-15 06:41:54.205941+00:00,30.053864455316216
2025-08-15 06:41:56.896560+00:00,30.064165628165938
2025-08-15 06:41:57.389411+00:00,30.059015041595558
2025-08-15 06:41:59.229699+00:00,30.069316215027357
2025-08-15 06:42:01.361796+00:00,30.064165628165938
2025-08-15 06:42:01.737033+00:00,30.069316215027357
2025-08-15 06:42:04.826019+00:00,30.069316215027357
2025-08-15 06:42:09.397433+00:00,30.064165628165938
2025-08-15 06:42:18.694369+00:00,30.095069153700024
2025-08-15 06:42:18.969556+00:00,30.089918565383414
2025-08-15 06:42:20.414918+00:00,30.084767977357842
2025-08-15 06:42:21.175482+00:00,30.084767977357842
2025-08-15 06:42:22.804590+00:00,30.095069153700024
2025-08-15 06:42:23.072095+00:00,30.084767977357842
2025-08-15 06:42:24.126927+00:00,30.095069153700024
2025-08-15 06:42:24.828504+00:00,30.100219742307672
2025-08-15 06:42:27.363176+00:00,30.115671509876847
2025-08-15 06:42:28.429049+00:00,30.100219742307672
2025-08-15 06:42:29.948643+00:00,30.10537033120636
2025-08-15 06:42:31.517558+00:00,30.100219742307672
2025-08-15 06:42:32.371127+00:00,30.100219742307672
2025-08-15 06:42:34.934162+00:00,30.089918565383414
2025-08-15 06:42:36.314234+00:00,30.089918565383414
2025-08-15 06:42:37.662009+00:00,30.100219742307672
2025-08-15 06:42:39.112508+00:00,30.095069153700024
2025-08-15 06:42:40.924590+00:00,30.095069153700024
2025-08-15 06:42:41.844239+00:00,30.10537033120636
2025-08-15 06:42:43.030176+00:00,30.084767977357842
2025-08-15 06:42:43.593179+00:00,30.089918565383414
2025-08-15 06:42:44.152460+00:00,30.100219742307672
2025-08-15 06:42:44.570230+00:00,30.089918565383414
2025-08-15 06:42:48.170695+00:00,30.095069153700024
2025-08-15 06:42:49.989682+00:00,30.10537033120636
2025-08-15 06:42:50.353874+00:00,30.10537033120636
2025-08-15 06:42:50.633728+00:00,30.10537033120636
2025-08-15 06:42:50.913001+00:00,30.10537033120636
2025-08-15 06:42:54.743924+00:00,30.100219742307672
2025-08-15 06:42:55.290186+00:00,30.100219742307672
2025-08-15 06:42:55.570564+00:00,30.100219742307672
2025-08-15 06:42:55.971933+00:00,30.095069153700024
2025-08-15 06:42:56.481762+00:00,30.10537033120636
2025-08-15 06:42:56.982344+00:00,30.084767977357842
2025-08-15 06:42:57.233176+00:00,30.100219742307672
2025-08-15 06:42:57.415989+00:00,30.100219742307672
2025-08-15 06:42:58.058317+00:00,30.10537033120636
2025-08-15 06:43:06.085118+00:00,30.07961738962331
2025-08-15 06:43:07.536989+00:00,30.095069153700024
2025-08-15 06:43:08.693812+00:00,30.084767977357842
2025-08-15 06:43:15.378418+00:00,30.084767977357842
2025-08-15 06:43:16.203201+00:00,30.07961738962331
2025-08-15 06:43:17.452686+00:00,30.069316215027357
2025-08-15 06:43:17.975407+00:00,30.084767977357842
2025-08-15 06:43:18.966599+00:00,30.089918565383414
2025-08-15 06:43:19.361509+00:00,30.095069153700024
2025-08-15 06:43:20.930672+00:00,30.089918565383414
2025-08-15 06:43:22.813319+00:00,30.074466802179813
2025-08-15 06:43:23.571802+00:00,30.074466802179813
2025-08-15 06:43:25.336684+00:00,30.064165628165938
2025-08-15 06:43:32.644842+00:00,30.069316215027357
2025-08-15 06:43:34.037007+00:00,30.084767977357842
2025-08-15 06:43:34.533213+00:00,30.074466802179813
2025-08-15 06:43:35.167052+00:00,30.07961738962331
2025-08-15 06:43:37.537141+00:00,30.084767977357842
2025-08-15 06:43:38.637090+00:00,30.074466802179813
2025-08-15 06:43:39.111450+00:00,30.074466802179813
2025-08-15 06:43:45.685268+00:00,30.084767977357842
2025-08-15 06:43:47.092080+00:00,30.064165628165938
2025-08-15 06:43:48.701185+00:00,30.064165628165938
2025-08-15 06:43:49.644454+00:00,30.059015041595558
2025-08-15 06:43:52.161194+00:00,30.059015041595558
2025-08-15 06:43:52.395649+00:00,30.048713869327912
2025-08-15 06:43:53.489080+00:00,30.053864455316216
2025-08-15 06:43:54.802899+00:00,30.074466802179813
2025-08-15 06:43:56.564631+00:00,30.07961738962331
2025-08-15 06:43:58.695078+00:00,30.074466802179813
2025-08-15 06:44:01.776827+00:00,30.084767977357842
2025-08-15 06:44:08.726804+00:00,30.084767977357842
2025-08-15 06:44:10.211273+00:00,30.084767977357842
2025-08-15 06:44:11.355951+00:00,30.07961738962331
2025-08-15 06:44:11.909150+00:00,30.084767977357842
2025-08-15 06:44:15.909169+00:00,30.084767977357842
2025-08-15 06:44:17.424561+00:00,30.07961738962331
2025-08-15 06:44:19.202889+00:00,30.084767977357842
2025-08-15 06:44:20.771981+00:00,30.089918565383414
2025-08-15 06:44:21.301592+00:00,30.089918565383414
2025-08-15 06:44:23.177338+00:00,30.084767977357842
2025-08-15 06:44:25.155889+00:00,30.084767977357842
2025-08-15 06:44:25.439828+00:00,30.07961738962331
2025-08-15 06:44:27.254680+00:00,30.084767977357842
2025-08-15 06:44:27.612706+00:00,30.084767977357842
2025-08-15 06:44:30.150742+00:00,30.074466802179813
2025-08-15 06:44:32.958534+00:00,30.064165628165938
2025-08-15 06:44:33.683925+00:00,30.074466802179813
2025-08-15 06:44:34.603670+00:00,30.074466802179813
2025-08-15 06:44:35.891456+00:00,30.069316215027357
2025-08-15 06:44:37.335006+00:00,30.069316215027357
2025-08-15 06:44:39.048450+00:00,30.064165628165938
2025-08-15 06:44:41.226504+00:00,30.064165628165938
2025-08-15 06:44:43.928193+00:00,30.053864455316216
2025-08-15 06:44:45.149489+00:00,30.064165628165938
2025-08-15 06:44:45.432391+00:00,30.069316215027357
2025-08-15 06:44:46.754307+00:00,30.074466802179813
2025-08-15 06:44:55.632023+00:00,30.069316215027357
2025-08-15 06:44:57.453843+00:00,30.059015041595558
2025-08-15 06:44:57.753875+00:00,30.074466802179813
2025-08-15 06:44:58.162986+00:00,30.07961738962331
2025-08-15 06:44:58.403642+00:00,30.074466802179813
2025-08-15 06:44:59.151643+00:00,30.069316215027357
2025-08-15 06:45:07.750580+00:00,30.053864455316216
2025-08-15 06:45:14.615752+00:00,30.048713869327912
2025-08-15 06:45:16.986398+00:00,30.053864455316216
2025-08-15 06:45:17.779024+00:00,30.059015041595558
2025-08-15 06:45:24.646456+00:00,30.043563283630647
2025-08-15 06:45:28.337111+00:00,30.043563283630647
2025-08-15 06:45:30.416731+00:00,30.053864455316216
2025-08-15 06:45:31.773025+00:00,30.048713869327912
2025-08-15 06:45:35.727947+00:00,30.03841269822442
2025-08-15 06:45:43.556196+00:00,30.043563283630647
2025-08-15 06:45:46.807163+00:00,30.02811152828508
2025-08-15 06:45:51.198696+00:00,30.048713869327912
2025-08-15 06:45:51.473692+00:00,30.043563283630647
2025-08-15 06:45:51.767843+00:00,30.03841269822442
2025-08-15 06:45:53.296270+00:00,30.043563283630647
2025-08-15 06:45:56.152719+00:00,30.03841269822442
2025-08-15 06:45:56.667442+00:00,30.03326211310923
2025-08-15 06:45:57.167693+00:00,30.03326211310923
2025-08-15 06:45:58.669236+00:00,30.02296094375197
2025-08-15 06:46:02.126849+00:00,30.03326211310923
2025-08-15 06:46:03.855537+00:00,30.02811152828508
2025-08-15 06:46:06.088654+00:00,30.02296094375197
2025-08-15 06:46:07.775499+00:00,30.02296094375197
2025-08-15 06:46:08.922428+00:00,29.986906860169256
2025-08-15 06:46:15.004736+00:00,29.9920574426651
2025-08-15 06:46:16.148212+00:00,29.986906860169256
2025-08-15 06:46:18.384010+00:00,30.002358608529903
2025-08-15 06:46:25.540412+00:00,30.002358608529903
2025-08-15 06:46:26.282382+00:00,30.002358608529903
2025-08-15 06:46:26.799847+00:00,29.9920574426651
2025-08-15 06:46:27.713873+00:00,30.002358608529903
2025-08-15 06:46:29.251097+00:00,30.01265977555886
2025-08-15 06:46:31.247115+00:00,30.002358608529903
2025-08-15 06:46:33.217158+00:00,30.002358608529903
2025-08-15 06:46:37.911740+00:00,30.007509191898862
2025-08-15 06:46:38.990171+00:00,30.002358608529903
2025-08-15 06:46:39.467051+00:00,30.002358608529903
2025-08-15 06:46:40.502392+00:00,30.002358608529903
2025-08-15 06:46:40.912974+00:00,30.007509191898862
2025-08-15 06:46:42.232977+00:00,30.01265977555886
2025-08-15 06:46:42.724837+00:00,30.01265977555886
2025-08-15 06:46:43.308791+00:00,30.017810359509895
2025-08-15 06:46:45.197529+00:00,30.02296094375197
2025-08-15 06:46:46.056032+00:00,30.017810359509895
2025-08-15 06:46:47.014064+00:00,30.02296094375197
2025-08-15 06:46:52.849941+00:00,30.01265977555886
2025-08-15 06:46:56.576322+00:00,30.007509191898862
2025-08-15 06:46:57.940717+00:00,30.007509191898862
2025-08-15 06:46:58.755673+00:00,30.007509191898862
2025-08-15 06:46:59.031982+00:00,30.017810359509895
2025-08-15 06:47:03.464031+00:00,30.007509191898862
2025-08-15 06:47:05.910597+00:00,30.002358608529903
2025-08-15 06:47:09.149196+00:00,30.002358608529903
2025-08-15 06:47:13.357718+00:00,30.01265977555886
2025-08-15 06:47:13.867861+00:00,29.997208025451982
2025-08-15 06:47:14.661241+00:00,30.007509191898862
2025-08-15 06:47:15.011696+00:00,30.002358608529903
2025-08-15 06:47:17.336041+00:00,29.997208025451982
2025-08-15 06:47:24.404720+00:00,30.002358608529903
2025-08-15 06:47:27.592083+00:00,30.007509191898862
2025-08-15 06:47:27.889791+00:00,30.01265977555886
2025-08-15 06:47:28.741349+00:00,30.01265977555886
2025-08-15 06:47:29.609103+00:00,29.997208025451982
2025-08-15 06:47:31.076867+00:00,30.002358608529903
2025-08-15 06:47:38.463532+00:00,30.01265977555886
2025-08-15 06:47:38.840178+00:00,30.017810359509895
2025-08-15 06:47:39.099211+00:00,30.01265977555886
2025-08-15 06:47:41.072451+00:00,30.007509191898862
2025-08-15 06:47:42.884431+00:00,30.01265977555886
2025-08-15 06:47:43.944654+00:00,30.01265977555886
2025-08-15 06:47:48.792167+00:00,29.997208025451982
2025-08-15 06:47:51.764694+00:00,30.02296094375197
2025-08-15 06:47:52.749277+00:00,30.02296094375197
2025-08-15 06:47:53.023186+00:00,30.02296094375197
2025-08-15 06:47:53.415570+00:00,30.02296094375197
2025-08-15 06:47:53.683281+00:00,30.02296094375197
2025-08-15 06:47:54.047633+00:00,30.017810359509895
2025-08-15 06:47:54.401979+00:00,30.02296094375197
2025-08-15 06:47:54.751921+00:00,30.02811152828508
2025-08-15 06:47:55.039820+00:00,30.02296094375197
2025-08-15 06:47:55.279438+00:00,30.02296094375197
2025-08-15 06:48:01.753427+00:00,30.01265977555886
2025-08-15 06:48:05.319655+00:00,30.002358608529903
2025-08-15 06:48:06.127834+00:00,29.997208025451982
2025-08-15 06:48:10.843026+00:00,30.007509191898862
2025-08-15 06:48:11.440696+00:00,30.01265977555886
2025-08-15 06:48:11.917792+00:00,30.002358608529903
2025-08-15 06:48:14.781943+00:00,29.997208025451982
2025-08-15 06:48:20.102647+00:00,29.997208025451982
2025-08-15 06:48:23.102359+00:00,29.98175627796445
2025-08-15 06:48:27.732729+00:00,29.997208025451982
2025-08-15 06:48:28.684543+00:00,29.997208025451982
2025-08-15 06:48:30.736147+00:00,29.997208025451982
2025-08-15 06:48:31.762579+00:00,30.002358608529903
2025-08-15 06:48:35.952886+00:00,29.9920574426651
2025-08-15 06:48:37.303478+00:00,30.02296094375197
2025-08-15 06:48:38.491366+00:00,30.007509191898862
2025-08-15 06:48:38.833950+00:00,30.01265977555886
2025-08-15 06:48:40.298365+00:00,30.02296094375197
2025-08-15 06:48:40.673587+00:00,30.017810359509895
2025-08-15 06:48:40.898773+00:00,30.02296094375197
2025-08-15 06:48:41.349337+00:00,30.03326211310923
2025-08-15 06:48:42.064402+00:00,30.017810359509895
2025-08-15 06:48:42.441071+00:00,30.02296094375197
2025-08-15 06:48:42.870600+00:00,30.02811152828508
2025-08-15 06:48:43.225570+00:00,30.03326211310923
2025-08-15 06:48:43.505523+00:00,30.03326211310923
2025-08-15 06:48:44.213108+00:00,30.02811152828508
2025-08-15 06:48:47.072122+00:00,30.03326211310923
2025-08-15 06:48:50.471142+00:00,30.03841269822442
2025-08-15 06:48:50.955665+00:00,30.02296094375197
2025-08-15 06:48:52.434872+00:00,30.02811152828508
2025-08-15 06:48:54.691726+00:00,30.03841269822442
2025-08-15 06:48:54.967730+00:00,30.02811152828508
2025-08-15 06:48:56.103364+00:00,30.03326211310923
2025-08-15 06:48:56.303757+00:00,30.03326211310923
2025-08-15 06:48:56.898022+00:00,30.03326211310923
2025-08-15 06:48:57.157252+00:00,30.03841269822442
2025-08-15 06:48:57.717930+00:00,30.02811152828508
2025-08-15 06:48:58.073758+00:00,30.03841269822442
2025-08-15 06:48:59.069975+00:00,30.03326211310923
2025-08-15 06:49:02.168364+00:00,30.03841269822442
2025-08-15 06:49:02.836239+00:00,30.02811152828508
2025-08-15 06:49:03.218112+00:00,30.02811152828508
2025-08-15 06:49:03.621962+00:00,30.017810359509895
2025-08-15 06:49:04.311837+00:00,30.03326211310923
2025-08-15 06:49:05.911475+00:00,30.02811152828508
2025-08-15 06:49:06.266524+00:00,30.02296094375197
2025-08-15 06:49:09.517162+00:00,30.048713869327912
2025-08-15 06:49:12.901898+00:00,30.043563283630647
2025-08-15 06:49:14.907596+00:00,30.053864455316216
2025-08-15 06:49:17.308425+00:00,30.053864455316216
2025-08-15 06:49:19.198827+00:00,30.064165628165938
2025-08-15 06:49:19.467714+00:00,30.069316215027357
2025-08-15 06:49:19.868490+00:00,30.053864455316216
2025-08-15 06:49:22.725029+00:00,30.089918565383414
2025-08-15 06:49:23.113782+00:00,30.07961738962331
2025-08-15 06:49:23.459499+00:00,30.084767977357842
2025-08-15 06:49:24.174021+00:00,30.084767977357842
2025-08-15 06:49:26.656057+00:00,30.084767977357842
2025-08-15 06:49:28.769494+00:00,30.084767977357842
2025-08-15 06:49:29.446743+00:00,30.089918565383414
2025-08-15 06:49:32.489751+00:00,30.100219742307672
2025-08-15 06:49:33.092215+00:00,30.10537033120636
2025-08-15 06:49:35.039073+00:00,30.100219742307672
2025-08-15 06:49:37.864336+00:00,30.100219742307672
2025-08-15 06:49:40.322225+00:00,30.095069153700024
2025-08-15 06:49:41.547670+00:00,30.089918565383414
2025-08-15 06:49:44.374740+00:00,30.089918565383414
2025-08-15 06:49:44.667562+00:00,30.095069153700024
2025-08-15 06:49:45.531149+00:00,30.110520920396084
2025-08-15 06:49:49.303737+00:00,30.110520920396084
2025-08-15 06:49:50.113839+00:00,30.110520920396084
2025-08-15 06:49:51.075208+00:00,30.100219742307672
2025-08-15 06:49:53.540556+00:00,30.10537033120636
2025-08-15 06:49:57.809551+00:00,30.10537033120636
2025-08-15 06:50:00.271402+00:00,30.115671509876847
2025-08-15 06:50:00.623554+00:00,30.115671509876847
2025-08-15 06:50:08.181233+00:00,30.136273870710284
2025-08-15 06:50:10.589714+00:00,30.156876236200333
2025-08-15 06:50:13.034914+00:00,30.167177420691587
2025-08-15 06:50:13.516836+00:00,30.16202682830044
2025-08-15 06:50:14.921406+00:00,30.17232801337377
2025-08-15 06:50:15.734850+00:00,30.167177420691587
2025-08-15 06:50:19.002365+00:00,30.167177420691587
2025-08-15 06:50:19.608100+00:00,30.136273870710284
2025-08-15 06:50:20.100814+00:00,30.16202682830044
2025-08-15 06:50:21.962446+00:00,30.167177420691587
2025-08-15 06:50:31.310564+00:00,30.156876236200333
2025-08-15 06:50:32.581251+00:00,30.14657505287323
2025-08-15 06:50:36.008519+00:00,30.07961738962331
2025-08-15 06:50:36.782376+00:00,30.084767977357842
2025-08-15 06:50:37.752483+00:00,30.069316215027357
2025-08-15 06:50:40.523726+00:00,30.064165628165938
2025-08-15 06:50:42.539139+00:00,30.059015041595558
2025-08-15 06:50:47.209148+00:00,30.02296094375197
2025-08-15 06:50:47.724518+00:00,30.03326211310923
2025-08-15 06:50:48.757040+00:00,30.02296094375197
2025-08-15 06:50:51.454586+00:00,30.03841269822442
2025-08-15 06:50:55.431255+00:00,30.03326211310923
2025-08-15 06:50:55.871062+00:00,30.03326211310923
2025-08-15 06:50:56.070678+00:00,30.03841269822442
2025-08-15 06:50:57.196777+00:00,30.03326211310923
2025-08-15 06:50:57.600264+00:00,30.03841269822442
2025-08-15 06:50:58.627265+00:00,30.03326211310923
2025-08-15 06:50:59.162089+00:00,30.03326211310923
2025-08-15 06:51:02.456697+00:00,30.043563283630647
2025-08-15 06:51:05.823735+00:00,30.053864455316216
2025-08-15 06:51:06.281873+00:00,30.069316215027357
2025-08-15 06:51:08.124039+00:00,30.069316215027357
2025-08-15 06:51:10.612029+00:00,30.069316215027357
2025-08-15 06:51:10.974654+00:00,30.074466802179813
2025-08-15 06:51:14.287727+00:00,30.064165628165938
2025-08-15 06:51:14.779386+00:00,30.074466802179813
2025-08-15 06:51:16.213776+00:00,30.074466802179813
2025-08-15 06:51:16.887487+00:00,30.069316215027357
2025-08-15 06:51:18.064652+00:00,30.074466802179813
2025-08-15 06:51:21.120662+00:00,30.095069153700024
2025-08-15 06:51:22.182235+00:00,30.089918565383414
2025-08-15 06:51:23.058460+00:00,30.084767977357842
2025-08-15 06:51:25.632583+00:00,30.10537033120636
2025-08-15 06:51:28.163358+00:00,30.089918565383414
2025-08-15 06:51:28.488450+00:00,30.10537033120636
2025-08-15 06:51:28.861646+00:00,30.100219742307672
2025-08-15 06:51:29.367298+00:00,30.100219742307672
2025-08-15 06:51:30.281010+00:00,30.095069153700024
2025-08-15 06:51:30.832795+00:00,30.095069153700024
2025-08-15 06:51:31.472422+00:00,30.095069153700024
2025-08-15 06:51:31.865964+00:00,30.089918565383414
2025-08-15 06:51:32.436116+00:00,30.095069153700024
2025-08-15 06:51:36.620790+00:00,30.100219742307672
2025-08-15 06:51:36.870135+00:00,30.084767977357842
2025-08-15 06:51:37.203785+00:00,30.10537033120636
2025-08-15 06:51:37.530878+00:00,30.095069153700024
2025-08-15 06:51:38.883374+00:00,30.084767977357842
2025-08-15 06:51:40.162989+00:00,30.089918565383414
2025-08-15 06:51:40.414557+00:00,30.089918565383414
2025-08-15 06:51:41.072529+00:00,30.095069153700024
2025-08-15 06:51:43.312171+00:00,30.084767977357842
2025-08-15 06:51:44.685842+00:00,30.095069153700024
2025-08-15 06:51:45.041479+00:00,30.084767977357842
2025-08-15 06:51:45.562369+00:00,30.095069153700024
2025-08-15 06:51:46.790581+00:00,30.084767977357842
2025-08-15 06:51:50.354582+00:00,30.095069153700024
2025-08-15 06:51:51.758678+00:00,30.095069153700024
2025-08-15 06:51:52.059797+00:00,30.084767977357842
2025-08-15 06:51:52.345440+00:00,30.095069153700024
2025-08-15 06:51:53.437163+00:00,30.084767977357842
2025-08-15 06:51:53.919186+00:00,30.089918565383414
2025-08-15 06:51:57.764705+00:00,30.100219742307672
2025-08-15 06:51:58.262037+00:00,30.095069153700024
2025-08-15 06:51:59.052797+00:00,30.095069153700024
2025-08-15 06:51:59.485332+00:00,30.10537033120636
2025-08-15 06:52:03.157091+00:00,30.100219742307672
2025-08-15 06:52:03.838924+00:00,30.10537033120636
2025-08-15 06:52:04.213981+00:00,30.100219742307672
2025-08-15 06:52:04.724919+00:00,30.115671509876847
2025-08-15 06:52:05.201335+00:00,30.110520920396084
2025-08-15 06:52:06.737310+00:00,30.110520920396084
2025-08-15 06:52:09.903243+00:00,30.115671509876847
2025-08-15 06:52:11.398041+00:00,30.115671509876847
2025-08-15 06:52:16.937813+00:00,30.115671509876847
2025-08-15 06:52:17.923331+00:00,30.12082209964865
2025-08-15 06:52:19.097781+00:00,30.115671509876847
2025-08-15 06:52:20.669403+00:00,30.136273870710284
2025-08-15 06:52:22.418443+00:00,30.12597268971149
2025-08-15 06:52:23.844101+00:00,30.131123280065367
2025-08-15 06:52:26.133908+00:00,30.131123280065367
2025-08-15 06:52:27.444539+00:00,30.131123280065367
2025-08-15 06:52:29.089191+00:00,30.131123280065367
2025-08-15 06:52:29.390128+00:00,30.131123280065367
2025-08-15 06:52:29.639658+00:00,30.14142446164624
2025-08-15 06:52:31.824998+00:00,30.12082209964865
2025-08-15 06:52:32.514404+00:00,30.131123280065367
2025-08-15 06:52:35.848006+00:00,30.131123280065367
2025-08-15 06:52:36.493937+00:00,30.14142446164624
2025-08-15 06:52:38.449419+00:00,30.131123280065367
2025-08-15 06:52:38.909705+00:00,30.136273870710284
2025-08-15 06:52:39.259738+00:00,30.131123280065367
2025-08-15 06:52:39.535424+00:00,30.14142446164624
2025-08-15 06:52:40.004923+00:00,30.14142446164624
2025-08-15 06:52:43.845860+00:00,30.131123280065367
2025-08-15 06:52:44.397124+00:00,30.12597268971149
2025-08-15 06:52:47.080104+00:00,30.12597268971149
2025-08-15 06:52:47.457488+00:00,30.131123280065367
2025-08-15 06:52:48.174235+00:00,30.12597268971149
2025-08-15 06:52:50.371860+00:00,30.12597268971149
2025-08-15 06:52:51.618306+00:00,30.12082209964865
2025-08-15 06:52:53.037826+00:00,30.115671509876847
2025-08-15 06:52:53.644745+00:00,30.12597268971149
2025-08-15 06:52:54.909567+00:00,30.12082209964865
2025-08-15 06:52:57.415177+00:00,30.115671509876847
2025-08-15 06:52:57.990149+00:00,30.10537033120636
2025-08-15 06:52:58.928903+00:00,30.115671509876847
2025-08-15 06:53:01.792868+00:00,30.115671509876847
2025-08-15 06:53:05.004175+00:00,30.110520920396084
2025-08-15 06:53:07.939028+00:00,30.095069153700024
2025-08-15 06:53:08.342040+00:00,30.10537033120636
2025-08-15 06:53:11.378340+00:00,30.095069153700024
2025-08-15 06:53:13.417736+00:00,30.089918565383414
2025-08-15 06:53:13.718982+00:00,30.100219742307672
2025-08-15 06:53:14.256385+00:00,30.100219742307672
2025-08-15 06:53:14.555718+00:00,30.100219742307672
2025-08-15 06:53:18.664447+00:00,30.115671509876847
2025-08-15 06:53:19.893234+00:00,30.12082209964865
2025-08-15 06:53:20.135771+00:00,30.12597268971149
2025-08-15 06:53:20.679330+00:00,30.12597268971149
2025-08-15 06:53:22.013446+00:00,30.14142446164624
2025-08-15 06:53:23.877397+00:00,30.115671509876847
2025-08-15 06:53:24.721837+00:00,30.115671509876847
2025-08-15 06:53:25.756529+00:00,30.10537033120636
2025-08-15 06:53:26.267624+00:00,30.10537033120636
2025-08-15 06:53:26.526784+00:00,30.115671509876847
2025-08-15 06:53:26.775445+00:00,30.12082209964865
2025-08-15 06:53:27.019278+00:00,30.110520920396084
2025-08-15 06:53:27.285442+00:00,30.115671509876847
2025-08-15 06:53:27.545871+00:00,30.115671509876847
2025-08-15 06:53:28.779841+00:00,30.115671509876847
2025-08-15 06:53:29.882864+00:00,30.10537033120636
2025-08-15 06:53:32.641485+00:00,30.110520920396084
2025-08-15 06:53:34.546273+00:00,30.089918565383414
2025-08-15 06:53:37.447557+00:00,30.084767977357842
2025-08-15 06:53:38.614031+00:00,30.084767977357842
2025-08-15 06:53:41.768510+00:00,30.084767977357842
2025-08-15 06:53:42.484350+00:00,30.089918565383414
2025-08-15 06:53:43.534829+00:00,30.084767977357842
2025-08-15 06:53:44.257946+00:00,30.089918565383414
2025-08-15 06:53:50.589243+00:00,30.084767977357842
2025-08-15 06:53:50.924704+00:00,30.084767977357842
2025-08-15 06:53:53.347075+00:00,30.07961738962331
2025-08-15 06:53:57.757951+00:00,30.095069153700024
2025-08-15 06:53:57.965741+00:00,30.084767977357842
2025-08-15 06:53:58.552037+00:00,30.095069153700024
2025-08-15 06:53:59.293016+00:00,30.084767977357842
2025-08-15 06:53:59.579515+00:00,30.095069153700024
2025-08-15 06:54:00.114326+00:00,30.084767977357842
2025-08-15 06:54:05.251986+00:00,30.07961738962331
2025-08-15 06:54:07.452891+00:00,30.095069153700024
2025-08-15 06:54:11.509823+00:00,30.100219742307672
2025-08-15 06:54:12.652072+00:00,30.095069153700024
2025-08-15 06:54:13.286902+00:00,30.095069153700024
2025-08-15 06:54:14.141155+00:00,30.084767977357842
2025-08-15 06:54:14.406952+00:00,30.10537033120636
2025-08-15 06:54:15.119552+00:00,30.095069153700024
2025-08-15 06:54:17.871366+00:00,30.110520920396084
2025-08-15 06:54:18.802483+00:00,30.100219742307672
2025-08-15 06:54:19.533692+00:00,30.12597268971149
2025-08-15 06:54:20.406451+00:00,30.12082209964865
2025-08-15 06:54:21.584424+00:00,30.12597268971149
2025-08-15 06:54:21.826807+00:00,30.12082209964865
2025-08-15 06:54:22.111450+00:00,30.12082209964865
2025-08-15 06:54:23.072056+00:00,30.12082209964865
2025-08-15 06:54:23.473260+00:00,30.12597268971149
2025-08-15 06:54:23.781020+00:00,30.131123280065367
2025-08-15 06:54:24.397739+00:00,30.136273870710284
2025-08-15 06:54:26.079328+00:00,30.131123280065367
2025-08-15 06:54:26.692630+00:00,30.12082209964865
2025-08-15 06:54:32.544507+00:00,30.12597268971149
2025-08-15 06:54:32.910757+00:00,30.14142446164624
2025-08-15 06:54:33.976374+00:00,30.14657505287323
2025-08-15 06:54:35.476365+00:00,30.151725644391263
2025-08-15 06:54:36.013381+00:00,30.151725644391263
2025-08-15 06:54:36.260406+00:00,30.156876236200333
2025-08-15 06:54:36.607384+00:00,30.156876236200333
2025-08-15 06:54:36.851467+00:00,30.156876236200333
2025-08-15 06:54:37.187402+00:00,30.14657505287323
2025-08-15 06:54:38.112184+00:00,30.156876236200333
2025-08-15 06:54:38.526049+00:00,30.156876236200333
2025-08-15 06:54:45.152889+00:00,30.151725644391263
2025-08-15 06:54:47.484069+00:00,30.17232801337377
2025-08-15 06:54:47.961570+00:00,30.177478606346995
2025-08-15 06:54:49.700312+00:00,30.192930387012893
2025-08-15 06:54:53.442502+00:00,30.187779793166555
2025-08-15 06:54:53.847165+00:00,30.187779793166555
2025-08-15 06:54:54.356108+00:00,30.19808098115027
2025-08-15 06:54:55.548469+00:00,30.19808098115027
2025-08-15 06:54:56.138698+00:00,30.19808098115027
2025-08-15 06:54:57.097360+00:00,30.19808098115027
2025-08-15 06:54:57.348582+00:00,30.19808098115027
2025-08-15 06:55:03.650435+00:00,30.208382170298137
2025-08-15 06:55:04.934412+00:00,30.213532765308628
2025-08-15 06:55:10.360034+00:00,30.192930387012893
2025-08-15 06:55:10.903070+00:00,30.19808098115027
2025-08-15 06:55:13.203462+00:00,30.203231575578684
2025-08-15 06:55:15.668600+00:00,30.223833956202725
2025-08-15 06:55:16.510559+00:00,30.223833956202725
2025-08-15 06:55:17.025369+00:00,30.213532765308628
2025-08-15 06:55:17.602099+00:00,30.213532765308628
2025-08-15 06:55:18.290288+00:00,30.218683360610157
2025-08-15 06:55:18.929428+00:00,30.22898455208633
2025-08-15 06:55:19.271108+00:00,30.218683360610157
2025-08-15 06:55:19.651935+00:00,30.22898455208633
2025-08-15 06:55:23.201830+00:00,30.22898455208633
2025-08-15 06:55:25.226542+00:00,30.22898455208633
2025-08-15 06:55:25.733376+00:00,30.223833956202725
2025-08-15 06:55:28.411714+00:00,30.234135148260975
2025-08-15 06:55:29.397762+00:00,30.234135148260975
2025-08-15 06:55:31.826297+00:00,30.239285744726658
2025-08-15 06:55:32.401582+00:00,30.249586938531138
2025-08-15 06:55:35.361364+00:00,30.239285744726658
2025-08-15 06:55:37.077034+00:00,30.24443634148338
2025-08-15 06:55:42.367225+00:00,30.270189329632558
2025-08-15 06:55:43.928213+00:00,30.27533992813551
2025-08-15 06:55:49.843007+00:00,30.270189329632558
2025-08-15 06:55:51.630056+00:00,30.27533992813551
2025-08-15 06:55:53.201856+00:00,30.270189329632558
2025-08-15 06:55:53.459335+00:00,30.280490526929498
2025-08-15 06:55:53.742428+00:00,30.280490526929498
2025-08-15 06:55:55.205016+00:00,30.27533992813551
2025-08-15 06:55:55.398138+00:00,30.280490526929498
2025-08-15 06:55:55.634437+00:00,30.29079172539059
2025-08-15 06:55:57.736426+00:00,30.280490526929498
2025-08-15 06:55:57.988579+00:00,30.270189329632558
2025-08-15 06:55:58.682810+00:00,30.280490526929498
2025-08-15 06:55:59.282161+00:00,30.270189329632558
2025-08-15 06:56:00.016381+00:00,30.27533992813551
2025-08-15 06:56:01.384184+00:00,30.27533992813551
2025-08-15 06:56:02.859507+00:00,30.270189329632558
2025-08-15 06:56:03.209591+00:00,30.27533992813551
2025-08-15 06:56:03.676678+00:00,30.265038731420645
2025-08-15 06:56:08.928190+00:00,30.285641126014525
2025-08-15 06:56:11.000167+00:00,30.265038731420645
2025-08-15 06:56:13.147512+00:00,30.254737535869936
2025-08-15 06:56:13.401083+00:00,30.270189329632558
2025-08-15 06:56:13.776676+00:00,30.265038731420645
2025-08-15 06:56:14.017741+00:00,30.25988813349977
2025-08-15 06:56:15.600689+00:00,30.249586938531138
2025-08-15 06:56:19.163595+00:00,30.254737535869936
2025-08-15 06:56:19.754597+00:00,30.249586938531138
2025-08-15 06:56:21.799561+00:00,30.239285744726658
2025-08-15 06:56:24.307669+00:00,30.25988813349977
2025-08-15 06:56:27.199043+00:00,30.249586938531138
2025-08-15 06:56:27.816317+00:00,30.249586938531138
2025-08-15 06:56:28.110294+00:00,30.254737535869936
2025-08-15 06:56:33.142404+00:00,30.249586938531138
2025-08-15 06:56:33.576249+00:00,30.249586938531138
2025-08-15 06:56:35.552964+00:00,30.270189329632558
2025-08-15 06:56:35.820978+00:00,30.270189329632558
2025-08-15 06:56:36.583021+00:00,30.265038731420645
2025-08-15 06:56:37.209243+00:00,30.270189329632558
2025-08-15 06:56:38.745258+00:00,30.270189329632558
2025-08-15 06:56:39.515129+00:00,30.270189329632558
2025-08-15 06:56:39.914655+00:00,30.265038731420645
2025-08-15 06:56:40.683926+00:00,30.265038731420645
2025-08-15 06:56:41.891448+00:00,30.25988813349977
2025-08-15 06:56:51.755139+00:00,30.280490526929498
2025-08-15 06:56:52.162094+00:00,30.285641126014525
2025-08-15 06:56:52.781900+00:00,30.295942325057695
2025-08-15 06:56:54.438420+00:00,30.285641126014525
2025-08-15 06:56:55.982974+00:00,30.295942325057695
2025-08-15 06:56:56.323551+00:00,30.301092925015837
2025-08-15 06:56:56.912818+00:00,30.29079172539059
2025-08-15 06:56:57.456796+00:00,30.295942325057695
2025-08-15 06:56:58.865555+00:00,30.301092925015837
2025-08-15 06:56:59.979131+00:00,30.306243525265018
2025-08-15 06:57:00.382856+00:00,30.32169532775879
2025-08-15 06:57:00.774559+00:00,30.311394125805236
2025-08-15 06:57:02.368983+00:00,30.306243525265018
2025-08-15 06:57:04.133853+00:00,30.301092925015837
2025-08-15 06:57:04.624186+00:00,30.295942325057695
2025-08-15 06:57:04.994521+00:00,30.301092925015837
2025-08-15 06:57:07.531978+00:00,30.301092925015837
2025-08-15 06:57:08.807574+00:00,30.306243525265018
2025-08-15 06:57:13.059961+00:00,30.311394125805236
2025-08-15 06:57:15.248124+00:00,30.306243525265018
2025-08-15 06:57:15.649108+00:00,30.301092925015837
2025-08-15 06:57:19.298297+00:00,30.301092925015837
2025-08-15 06:57:20.443219+00:00,30.316544726636494
2025-08-15 06:57:20.986934+00:00,30.306243525265018
2025-08-15 06:57:21.604547+00:00,30.316544726636494
2025-08-15 06:57:25.547478+00:00,30.326845929172123
2025-08-15 06:57:25.740925+00:00,30.32169532775879
2025-08-15 06:57:25.976088+00:00,30.337147132871905
2025-08-15 06:57:26.249292+00:00,30.34744833773584
2025-08-15 06:57:31.140929+00:00,30.342297735158354
2025-08-15 06:57:31.550347+00:00,30.337147132871905
2025-08-15 06:57:31.945858+00:00,30.342297735158354
2025-08-15 06:57:33.257854+00:00,30.331996530876495
2025-08-15 06:57:36.045767+00:00,30.342297735158354
2025-08-15 06:57:36.581921+00:00,30.331996530876495
2025-08-15 06:57:36.981329+00:00,30.32169532775879
2025-08-15 06:57:37.510269+00:00,30.352598940604366
2025-08-15 06:57:40.163411+00:00,30.337147132871905
2025-08-15 06:57:42.267944+00:00,30.34744833773584
2025-08-15 06:57:43.386577+00:00,30.34744833773584
2025-08-15 06:57:44.416394+00:00,30.342297735158354
2025-08-15 06:57:48.199183+00:00,30.342297735158354
2025-08-15 06:57:52.100697+00:00,30.35774954376393
2025-08-15 06:57:52.416587+00:00,30.342297735158354
2025-08-15 06:57:52.663741+00:00,30.362900147214532
2025-08-15 06:57:53.311578+00:00,30.34744833773584
2025-08-15 06:57:54.505683+00:00,30.362900147214532
2025-08-15 06:57:55.910080+00:00,30.362900147214532
2025-08-15 06:57:58.424555+00:00,30.352598940604366
2025-08-15 06:57:59.234270+00:00,30.337147132871905
2025-08-15 06:57:59.535669+00:00,30.331996530876495
2025-08-15 06:58:02.129857+00:00,30.34744833773584
2025-08-15 06:58:04.906719+00:00,30.35774954376393
2025-08-15 06:58:08.397215+00:00,30.37320135498885
2025-08-15 06:58:08.737468+00:00,30.37320135498885
2025-08-15 06:58:09.756867+00:00,30.378351959312567
2025-08-15 06:58:15.096731+00:00,30.37320135498885
2025-08-15 06:58:15.479682+00:00,30.352598940604366
2025-08-15 06:58:15.849107+00:00,30.352598940604366
2025-08-15 06:58:17.122670+00:00,30.352598940604366
2025-08-15 06:58:22.230253+00:00,30.331996530876495
2025-08-15 06:58:22.889824+00:00,30.316544726636494
2025-08-15 06:58:23.182682+00:00,30.316544726636494
2025-08-15 06:58:23.909009+00:00,30.311394125805236
2025-08-15 06:58:24.203564+00:00,30.311394125805236
2025-08-15 06:58:25.253159+00:00,30.32169532775879
2025-08-15 06:58:27.082990+00:00,30.295942325057695
2025-08-15 06:58:27.459229+00:00,30.29079172539059
2025-08-15 06:58:28.631205+00:00,30.301092925015837
2025-08-15 06:58:29.421086+00:00,30.27533992813551
2025-08-15 06:58:35.613526+00:00,30.22898455208633
2025-08-15 06:58:35.869838+00:00,30.22898455208633
2025-08-15 06:58:36.122360+00:00,30.234135148260975
2025-08-15 06:58:38.915730+00:00,30.203231575578684
2025-08-15 06:58:39.676507+00:00,30.19808098115027
2025-08-15 06:58:40.951589+00:00,30.208382170298137
2025-08-15 06:58:41.271395+00:00,30.192930387012893
2025-08-15 06:58:43.463198+00:00,30.203231575578684
2025-08-15 06:58:43.813280+00:00,30.203231575578684
2025-08-15 06:58:46.046906+00:00,30.19808098115027
2025-08-15 06:58:46.837369+00:00,30.19808098115027
2025-08-15 06:58:47.291981+00:00,30.192930387012893
2025-08-15 06:58:47.807730+00:00,30.192930387012893
2025-08-15 06:58:48.198796+00:00,30.177478606346995
2025-08-15 06:58:48.650563+00:00,30.182629199611256
2025-08-15 06:58:56.575514+00:00,30.182629199611256
2025-08-15 06:59:03.206544+00:00,30.16202682830044
2025-08-15 06:59:03.613101+00:00,30.17232801337377
2025-08-15 06:59:03.955058+00:00,30.16202682830044
2025-08-15 06:59:14.306579+00:00,30.17232801337377
2025-08-15 06:59:16.005372+00:00,30.16202682830044
2025-08-15 06:59:17.913474+00:00,30.156876236200333
2025-08-15 06:59:19.628479+00:00,30.167177420691587
2025-08-15 06:59:19.871097+00:00,30.16202682830044
2025-08-15 06:59:20.129444+00:00,30.16202682830044
2025-08-15 06:59:20.387639+00:00,30.156876236200333
2025-08-15 06:59:21.024738+00:00,30.167177420691587
2025-08-15 06:59:21.316052+00:00,30.156876236200333
2025-08-15 06:59:22.853881+00:00,30.16202682830044
2025-08-15 06:59:23.136917+00:00,30.156876236200333
2025-08-15 06:59:25.777716+00:00,30.156876236200333
2025-08-15 06:59:27.115697+00:00,30.156876236200333
2025-08-15 06:59:28.078584+00:00,30.156876236200333
2025-08-15 06:59:29.101677+00:00,30.16202682830044
2025-08-15 06:59:32.620416+00:00,30.156876236200333
2025-08-15 06:59:33.495714+00:00,30.156876236200333
2025-08-15 06:59:33.978378+00:00,30.156876236200333
2025-08-15 06:59:34.464910+00:00,30.151725644391263
2025-08-15 06:59:34.851505+00:00,30.203231575578684
2025-08-15 06:59:42.778049+00:00,30.167177420691587
2025-08-15 06:59:43.238222+00:00,30.167177420691587
2025-08-15 06:59:43.830650+00:00,30.156876236200333
2025-08-15 06:59:44.575030+00:00,30.16202682830044
2025-08-15 06:59:46.705543+00:00,30.167177420691587
2025-08-15 06:59:47.305044+00:00,30.156876236200333
2025-08-15 06:59:48.562824+00:00,30.167177420691587
2025-08-15 06:59:49.862009+00:00,30.182629199611256
2025-08-15 06:59:50.212149+00:00,30.182629199611256
2025-08-15 06:59:50.880685+00:00,30.182629199611256
2025-08-15 06:59:51.495133+00:00,30.177478606346995
2025-08-15 06:59:54.485863+00:00,30.17232801337377
2025-08-15 06:59:56.992955+00:00,30.192930387012893
2025-08-15 06:59:57.328505+00:00,30.187779793166555
2025-08-15 06:59:57.584688+00:00,30.192930387012893
2025-08-15 06:59:58.295372+00:00,30.187779793166555
2025-08-15 07:00:00.091910+00:00,30.187779793166555
2025-08-15 07:00:03.679346+00:00,30.17232801337377
2025-08-15 07:00:06.158043+00:00,30.151725644391263
2025-08-15 07:00:06.803524+00:00,30.131123280065367
2025-08-15 07:00:07.249066+00:00,30.12082209964865
2025-08-15 07:00:07.876639+00:00,30.12597268971149
2025-08-15 07:00:09.511839+00:00,30.12082209964865
2025-08-15 07:00:12.620323+00:00,30.100219742307672
2025-08-15 07:00:14.986306+00:00,30.089918565383414
2025-08-15 07:00:17.482036+00:00,30.084767977357842
2025-08-15 07:00:19.393468+00:00,30.07961738962331
2025-08-15 07:00:21.752862+00:00,30.064165628165938
2025-08-15 07:00:24.043615+00:00,30.059015041595558
2025-08-15 07:00:26.935725+00:00,30.074466802179813
2025-08-15 07:00:28.472168+00:00,30.074466802179813
2025-08-15 07:00:29.852483+00:00,30.07961738962331
2025-08-15 07:00:30.428923+00:00,30.084767977357842
2025-08-15 07:00:31.697924+00:00,30.07961738962331
2025-08-15 07:00:32.965180+00:00,30.07961738962331
2025-08-15 07:00:41.869251+00:00,30.084767977357842
2025-08-15 07:00:43.385548+00:00,30.095069153700024
2025-08-15 07:00:44.838635+00:00,30.089918565383414
2025-08-15 07:00:46.025346+00:00,30.084767977357842
2025-08-15 07:00:46.738811+00:00,30.084767977357842
2025-08-15 07:00:47.514906+00:00,30.084767977357842
2025-08-15 07:00:47.910002+00:00,30.084767977357842
2025-08-15 07:00:49.558709+00:00,30.084767977357842
2025-08-15 07:00:50.584855+00:00,30.084767977357842
2025-08-15 07:00:51.404654+00:00,30.089918565383414
2025-08-15 07:00:52.425093+00:00,30.084767977357842
2025-08-15 07:00:53.809855+00:00,30.095069153700024
2025-08-15 07:00:58.245162+00:00,30.084767977357842
2025-08-15 07:01:05.177805+00:00,30.059015041595558
2025-08-15 07:01:05.620758+00:00,30.059015041595558
2025-08-15 07:01:06.820416+00:00,30.059015041595558
2025-08-15 07:01:08.360275+00:00,30.064165628165938
2025-08-15 07:01:08.736303+00:00,30.059015041595558
2025-08-15 07:01:09.092814+00:00,30.059015041595558
2025-08-15 07:01:09.422793+00:00,30.053864455316216
2025-08-15 07:01:09.769746+00:00,30.064165628165938
2025-08-15 07:01:11.331477+00:00,30.053864455316216
2025-08-15 07:01:13.494288+00:00,30.053864455316216
2025-08-15 07:01:13.969421+00:00,30.048713869327912
2025-08-15 07:01:21.029305+00:00,30.053864455316216
2025-08-15 07:01:21.346514+00:00,30.048713869327912
2025-08-15 07:01:22.140606+00:00,30.048713869327912
2025-08-15 07:01:23.160647+00:00,30.043563283630647
2025-08-15 07:01:25.241020+00:00,30.03326211310923
2025-08-15 07:01:30.067767+00:00,30.048713869327912
2025-08-15 07:01:32.158974+00:00,30.03841269822442
2025-08-15 07:01:32.927678+00:00,30.03326211310923
2025-08-15 07:01:35.071730+00:00,30.02811152828508
2025-08-15 07:01:35.396737+00:00,30.02811152828508
2025-08-15 07:01:35.948105+00:00,30.03841269822442
2025-08-15 07:01:38.028753+00:00,30.03326211310923
2025-08-15 07:01:38.747784+00:00,30.02296094375197
2025-08-15 07:01:39.223672+00:00,30.03326211310923
2025-08-15 07:01:43.125321+00:00,30.02811152828508
2025-08-15 07:01:45.151097+00:00,30.02296094375197
2025-08-15 07:01:46.044041+00:00,30.01265977555886
2025-08-15 07:01:54.028307+00:00,30.007509191898862
2025-08-15 07:01:55.745779+00:00,30.017810359509895
2025-08-15 07:01:57.203295+00:00,30.017810359509895
2025-08-15 07:01:57.950139+00:00,30.007509191898862
2025-08-15 07:02:02.282517+00:00,29.997208025451982
2025-08-15 07:02:04.234512+00:00,29.976605696050683
2025-08-15 07:02:08.900799+00:00,29.971455114427954
2025-08-15 07:02:10.009403+00:00,29.966304533096263
2025-08-15 07:02:11.385244+00:00,29.96115395205561
2025-08-15 07:02:12.452080+00:00,29.96115395205561
2025-08-15 07:02:15.106987+00:00,29.96115395205561
2025-08-15 07:02:17.735506+00:00,29.96115395205561
2025-08-15 07:02:18.973810+00:00,29.95085279084742
2025-08-15 07:02:20.602879+00:00,29.945702210679883
2025-08-15 07:02:22.525325+00:00,29.95085279084742
2025-08-15 07:02:23.007400+00:00,29.956003371305997
2025-08-15 07:02:27.577379+00:00,29.95085279084742
2025-08-15 07:02:29.209830+00:00,29.956003371305997
2025-08-15 07:02:34.011191+00:00,29.96115395205561
2025-08-15 07:02:35.580217+00:00,29.956003371305997
2025-08-15 07:02:38.655338+00:00,29.96115395205561
2025-08-15 07:02:39.865401+00:00,29.956003371305997
2025-08-15 07:02:41.554937+00:00,29.95085279084742
2025-08-15 07:02:43.759824+00:00,29.966304533096263
2025-08-15 07:02:44.050879+00:00,29.966304533096263
2025-08-15 07:02:44.728783+00:00,29.966304533096263
2025-08-15 07:02:47.148803+00:00,29.971455114427954
2025-08-15 07:02:47.764835+00:00,29.971455114427954
2025-08-15 07:02:48.278559+00:00,29.971455114427954
2025-08-15 07:02:49.702018+00:00,29.9920574426651
2025-08-15 07:02:50.727999+00:00,29.9920574426651
2025-08-15 07:02:54.594943+00:00,30.007509191898862
2025-08-15 07:02:56.418888+00:00,30.01265977555886
2025-08-15 07:02:57.955067+00:00,30.007509191898862
2025-08-15 07:02:59.350072+00:00,30.002358608529903
2025-08-15 07:03:00.133272+00:00,30.02296094375197
2025-08-15 07:03:01.869916+00:00,30.02296094375197
2025-08-15 07:03:05.173555+00:00,30.02811152828508
2025-08-15 07:03:06.200393+00:00,30.048713869327912
2025-08-15 07:03:08.358597+00:00,30.059015041595558
2025-08-15 07:03:09.368413+00:00,30.059015041595558
2025-08-15 07:03:09.752515+00:00,30.059015041595558
2025-08-15 07:03:16.251658+00:00,30.07961738962331
2025-08-15 07:03:19.633876+00:00,30.095069153700024
2025-08-15 07:03:23.544255+00:00,30.110520920396084
2025-08-15 07:03:24.316890+00:00,30.110520920396084
2025-08-15 07:03:24.733282+00:00,30.110520920396084
2025-08-15 07:03:24.891295+00:00,30.115671509876847
2025-08-15 07:03:25.867919+00:00,30.12082209964865
2025-08-15 07:03:26.212831+00:00,30.115671509876847
2025-08-15 07:03:26.528304+00:00,30.115671509876847
2025-08-15 07:03:27.021078+00:00,30.115671509876847
2025-08-15 07:03:27.282499+00:00,30.10537033120636
2025-08-15 07:03:29.181474+00:00,30.12082209964865
2025-08-15 07:03:30.379017+00:00,30.110520920396084
2025-08-15 07:03:33.180260+00:00,30.115671509876847
2025-08-15 07:03:35.014968+00:00,30.084767977357842
2025-08-15 07:03:36.209981+00:00,30.069316215027357
2025-08-15 07:03:37.429464+00:00,30.069316215027357
2025-08-15 07:03:39.023075+00:00,30.064165628165938
2025-08-15 07:03:39.649447+00:00,30.059015041595558
2025-08-15 07:03:40.125479+00:00,30.053864455316216
2025-08-15 07:03:41.563867+00:00,30.064165628165938
2025-08-15 07:03:48.950712+00:00,30.064165628165938
2025-08-15 07:03:49.393247+00:00,30.053864455316216
2025-08-15 07:03:49.951558+00:00,30.064165628165938
2025-08-15 07:03:50.928804+00:00,30.059015041595558
2025-08-15 07:03:52.640239+00:00,30.059015041595558
2025-08-15 07:03:54.077472+00:00,30.064165628165938
2025-08-15 07:03:55.676762+00:00,30.064165628165938
2025-08-15 07:03:56.643823+00:00,30.069316215027357
2025-08-15 07:03:59.509183+00:00,30.074466802179813
2025-08-15 07:03:59.699029+00:00,30.074466802179813
2025-08-15 07:04:00.357191+00:00,30.069316215027357
2025-08-15 07:04:01.656295+00:00,30.074466802179813
2025-08-15 07:04:08.768829+00:00,30.074466802179813
2025-08-15 07:04:10.903648+00:00,30.084767977357842
2025-08-15 07:04:17.694923+00:00,30.089918565383414
2025-08-15 07:04:21.046591+00:00,30.084767977357842
2025-08-15 07:04:21.871801+00:00,30.095069153700024
2025-08-15 07:04:23.717098+00:00,30.10537033120636
2025-08-15 07:04:24.108872+00:00,30.100219742307672
2025-08-15 07:04:24.615785+00:00,30.110520920396084
2025-08-15 07:04:29.859053+00:00,30.12597268971149
2025-08-15 07:04:31.557915+00:00,30.12082209964865
2025-08-15 07:04:36.041211+00:00,30.131123280065367
2025-08-15 07:04:38.867600+00:00,30.14142446164624
2025-08-15 07:04:39.574404+00:00,30.14657505287323
2025-08-15 07:04:44.058761+00:00,30.156876236200333
2025-08-15 07:04:47.202853+00:00,30.156876236200333
2025-08-15 07:04:47.653346+00:00,30.156876236200333
2025-08-15 07:04:48.513930+00:00,30.151725644391263
2025-08-15 07:04:49.770817+00:00,30.17232801337377
2025-08-15 07:04:50.941835+00:00,30.187779793166555
2025-08-15 07:04:52.261741+00:00,30.19808098115027
2025-08-15 07:04:54.149951+00:00,30.19808098115027
2025-08-15 07:04:55.035148+00:00,30.19808098115027
2025-08-15 07:04:56.915327+00:00,30.192930387012893
2025-08-15 07:04:59.821468+00:00,30.182629199611256
2025-08-15 07:05:00.233267+00:00,30.203231575578684
2025-08-15 07:05:05.861837+00:00,30.187779793166555
2025-08-15 07:05:08.078814+00:00,30.19808098115027
2025-08-15 07:05:11.621000+00:00,30.192930387012893
2025-08-15 07:05:12.220480+00:00,30.187779793166555
2025-08-15 07:05:12.620347+00:00,30.19808098115027
2025-08-15 07:05:17.167498+00:00,30.187779793166555
2025-08-15 07:05:18.596471+00:00,30.192930387012893
2025-08-15 07:05:19.847092+00:00,30.19808098115027
2025-08-15 07:05:21.644774+00:00,30.192930387012893
2025-08-15 07:05:21.986648+00:00,30.17232801337377
2025-08-15 07:05:27.744097+00:00,30.177478606346995
2025-08-15 07:05:30.096265+00:00,30.177478606346995
2025-08-15 07:05:32.897536+00:00,30.182629199611256
2025-08-15 07:05:34.132232+00:00,30.177478606346995
2025-08-15 07:05:36.408170+00:00,30.167177420691587
2025-08-15 07:05:42.404310+00:00,30.17232801337377
2025-08-15 07:05:43.119692+00:00,30.177478606346995
2025-08-15 07:05:44.507962+00:00,30.167177420691587
2025-08-15 07:05:45.132175+00:00,30.182629199611256
2025-08-15 07:05:45.553043+00:00,30.17232801337377
2025-08-15 07:05:45.887022+00:00,30.167177420691587
2025-08-15 07:05:46.252183+00:00,30.167177420691587
2025-08-15 07:05:46.603540+00:00,30.17232801337377
2025-08-15 07:05:50.663757+00:00,30.177478606346995
2025-08-15 07:05:51.274722+00:00,30.16202682830044
2025-08-15 07:05:52.626541+00:00,30.14657505287323
2025-08-15 07:05:53.232093+00:00,30.16202682830044
2025-08-15 07:05:54.824014+00:00,30.156876236200333
2025-08-15 07:05:58.532285+00:00,30.16202682830044
2025-08-15 07:05:59.795520+00:00,30.16202682830044
2025-08-15 07:06:04.960312+00:00,30.151725644391263
2025-08-15 07:06:05.359118+00:00,30.187779793166555
2025-08-15 07:06:11.205574+00:00,30.136273870710284
2025-08-15 07:06:14.511349+00:00,30.136273870710284
2025-08-15 07:06:15.249109+00:00,30.12597268971149
2025-08-15 07:06:17.581159+00:00,30.12597268971149
2025-08-15 07:06:18.868293+00:00,30.12597268971149
2025-08-15 07:06:19.377874+00:00,30.12082209964865
2025-08-15 07:06:19.643759+00:00,30.12597268971149
2025-08-15 07:06:20.471231+00:00,30.12597268971149
2025-08-15 07:06:20.964717+00:00,30.12597268971149
2025-08-15 07:06:21.297852+00:00,30.131123280065367
2025-08-15 07:06:21.597103+00:00,30.12597268971149
2025-08-15 07:06:21.907883+00:00,30.136273870710284
2025-08-15 07:06:23.145425+00:00,30.131123280065367
2025-08-15 07:06:24.049006+00:00,30.12597268971149
2025-08-15 07:06:24.295419+00:00,30.12597268971149
2025-08-15 07:06:24.574022+00:00,30.12597268971149
2025-08-15 07:06:29.293007+00:00,30.115671509876847
2025-08-15 07:06:31.443438+00:00,30.115671509876847
2025-08-15 07:06:31.851286+00:00,30.115671509876847
2025-08-15 07:06:32.319163+00:00,30.110520920396084
2025-08-15 07:06:32.839338+00:00,30.115671509876847
2025-08-15 07:06:33.347003+00:00,30.115671509876847
2025-08-15 07:06:34.468218+00:00,30.12082209964865
2025-08-15 07:06:35.930916+00:00,30.12597268971149
2025-08-15 07:06:36.191543+00:00,30.131123280065367
2025-08-15 07:06:36.621797+00:00,30.131123280065367
2025-08-15 07:06:37.029774+00:00,30.136273870710284
2025-08-15 07:06:37.482516+00:00,30.136273870710284
2025-08-15 07:06:38.706403+00:00,30.14142446164624
2025-08-15 07:06:40.706510+00:00,30.14142446164624
2025-08-15 07:06:41.066742+00:00,30.14657505287323
2025-08-15 07:06:41.658277+00:00,30.14142446164624
2025-08-15 07:06:42.813186+00:00,30.14142446164624
2025-08-15 07:06:43.796472+00:00,30.136273870710284
2025-08-15 07:06:44.508352+00:00,30.14142446164624
2025-08-15 07:06:46.381283+00:00,30.14657505287323
2025-08-15 07:06:52.335525+00:00,30.167177420691587
2025-08-15 07:06:52.715055+00:00,30.167177420691587
2025-08-15 07:06:52.964427+00:00,30.167177420691587
2025-08-15 07:06:53.247637+00:00,30.17232801337377
2025-08-15 07:06:53.782469+00:00,30.17232801337377
2025-08-15 07:06:54.033582+00:00,30.17232801337377
2025-08-15 07:06:54.551129+00:00,30.177478606346995
2025-08-15 07:06:57.065435+00:00,30.167177420691587
2025-08-15 07:06:59.006087+00:00,30.17232801337377
2025-08-15 07:07:00.699283+00:00,30.177478606346995
2025-08-15 07:07:02.023060+00:00,30.17232801337377
2025-08-15 07:07:05.145564+00:00,30.17232801337377
2025-08-15 07:07:07.100350+00:00,30.192930387012893
2025-08-15 07:07:13.041379+00:00,30.19808098115027
2025-08-15 07:07:14.860555+00:00,30.208382170298137
2025-08-15 07:07:18.181159+00:00,30.208382170298137
2025-08-15 07:07:21.564505+00:00,30.239285744726658
2025-08-15 07:07:22.062044+00:00,30.234135148260975
2025-08-15 07:07:23.761557+00:00,30.239285744726658
2025-08-15 07:07:24.137877+00:00,30.239285744726658
2025-08-15 07:07:25.963821+00:00,30.25988813349977
2025-08-15 07:07:26.210834+00:00,30.27533992813551
2025-08-15 07:07:27.003458+00:00,30.27533992813551
2025-08-15 07:07:28.500077+00:00,30.270189329632558
2025-08-15 07:07:28.821226+00:00,30.270189329632558
2025-08-15 07:07:29.776314+00:00,30.270189329632558
2025-08-15 07:07:31.576080+00:00,30.27533992813551
2025-08-15 07:07:33.250907+00:00,30.270189329632558
2025-08-15 07:07:34.323025+00:00,30.280490526929498
2025-08-15 07:07:35.334213+00:00,30.280490526929498
2025-08-15 07:07:35.902141+00:00,30.280490526929498
2025-08-15 07:07:37.047012+00:00,30.285641126014525
2025-08-15 07:07:39.042577+00:00,30.29079172539059
2025-08-15 07:07:40.069665+00:00,30.29079172539059
2025-08-15 07:07:41.881470+00:00,30.306243525265018
2025-08-15 07:07:42.919649+00:00,30.306243525265018
2025-08-15 07:07:43.253644+00:00,30.311394125805236
2025-08-15 07:07:44.012956+00:00,30.311394125805236
2025-08-15 07:07:47.337450+00:00,30.311394125805236
2025-08-15 07:07:50.285390+00:00,30.301092925015837
2025-08-15 07:07:51.914181+00:00,30.311394125805236
2025-08-15 07:07:53.288286+00:00,30.311394125805236
2025-08-15 07:07:54.596653+00:00,30.311394125805236
2025-08-15 07:07:54.857551+00:00,30.311394125805236
2025-08-15 07:07:55.114453+00:00,30.316544726636494
2025-08-15 07:07:55.416275+00:00,30.316544726636494
2025-08-15 07:07:55.745616+00:00,30.316544726636494
2025-08-15 07:07:56.552140+00:00,30.306243525265018
2025-08-15 07:07:56.879036+00:00,30.311394125805236
2025-08-15 07:07:57.145599+00:00,30.301092925015837
2025-08-15 07:07:57.421193+00:00,30.306243525265018
2025-08-15 07:07:58.066284+00:00,30.306243525265018
2025-08-15 07:07:58.679694+00:00,30.301092925015837
2025-08-15 07:08:02.474524+00:00,30.29079172539059
2025-08-15 07:08:02.875422+00:00,30.29079172539059
2025-08-15 07:08:03.344800+00:00,30.301092925015837
2025-08-15 07:08:04.046177+00:00,30.295942325057695
2025-08-15 07:08:04.542191+00:00,30.306243525265018
2025-08-15 07:08:04.925517+00:00,30.311394125805236
2025-08-15 07:08:05.423856+00:00,30.306243525265018
2025-08-15 07:08:05.782865+00:00,30.32169532775879
2025-08-15 07:08:08.126999+00:00,30.326845929172123
2025-08-15 07:08:08.793860+00:00,30.32169532775879
2025-08-15 07:08:24.247960+00:00,30.326845929172123
2025-08-15 07:08:25.079350+00:00,30.342297735158354
2025-08-15 07:08:26.219568+00:00,30.342297735158354
2025-08-15 07:08:26.996402+00:00,30.34744833773584
2025-08-15 07:08:27.412747+00:00,30.342297735158354
2025-08-15 07:08:28.942480+00:00,30.35774954376393
2025-08-15 07:08:29.712068+00:00,30.342297735158354
2025-08-15 07:08:30.254778+00:00,30.352598940604366
2025-08-15 07:08:36.235157+00:00,30.383502563927323
2025-08-15 07:08:36.602437+00:00,30.383502563927323
2025-08-15 07:08:36.936654+00:00,30.388653168833116
2025-08-15 07:08:37.221060+00:00,30.398954379517818
2025-08-15 07:08:37.537657+00:00,30.393803774029948
2025-08-15 07:08:38.204326+00:00,30.404104985296726
2025-08-15 07:08:39.369305+00:00,30.404104985296726
2025-08-15 07:08:41.172255+00:00,30.409255591366673
2025-08-15 07:08:42.276290+00:00,30.414406197727658
2025-08-15 07:08:43.964579+00:00,30.41955680437968
2025-08-15 07:08:44.366160+00:00,30.43500862608198
2025-08-15 07:08:45.059661+00:00,30.424707411322743
2025-08-15 07:08:47.305268+00:00,30.445309842005372
2025-08-15 07:08:48.507441+00:00,30.445309842005372
2025-08-15 07:08:51.982287+00:00,30.450460450403625
2025-08-15 07:08:52.562743+00:00,30.445309842005372
2025-08-15 07:08:52.752634+00:00,30.445309842005372
2025-08-15 07:08:53.154076+00:00,30.440159233898157
2025-08-15 07:08:53.795808+00:00,30.445309842005372
2025-08-15 07:08:57.845491+00:00,30.445309842005372
2025-08-15 07:09:03.208199+00:00,30.43500862608198
2025-08-15 07:09:03.721852+00:00,30.41955680437968
2025-08-15 07:09:06.790217+00:00,30.429858018556843
2025-08-15 07:09:08.423572+00:00,30.424707411322743
2025-08-15 07:09:09.089556+00:00,30.440159233898157
2025-08-15 07:09:09.968166+00:00,30.440159233898157
2025-08-15 07:09:10.365175+00:00,30.43500862608198
2025-08-15 07:09:12.322381+00:00,30.440159233898157
2025-08-15 07:09:12.675663+00:00,30.440159233898157
2025-08-15 07:09:13.143801+00:00,30.43500862608198
2025-08-15 07:09:15.891360+00:00,30.429858018556843
2025-08-15 07:09:16.673065+00:00,30.424707411322743
2025-08-15 07:09:20.316336+00:00,30.43500862608198
2025-08-15 07:09:22.381122+00:00,30.404104985296726
2025-08-15 07:09:24.473568+00:00,30.409255591366673
2025-08-15 07:09:25.075508+00:00,30.404104985296726
2025-08-15 07:09:26.353789+00:00,30.388653168833116
2025-08-15 07:09:26.611658+00:00,30.398954379517818
2025-08-15 07:09:28.069711+00:00,30.393803774029948
2025-08-15 07:09:28.393401+00:00,30.393803774029948
2025-08-15 07:09:29.144848+00:00,30.383502563927323
2025-08-15 07:09:31.674394+00:00,30.388653168833116
2025-08-15 07:09:32.352019+00:00,30.393803774029948
2025-08-15 07:09:34.380490+00:00,30.383502563927323
2025-08-15 07:09:35.534401+00:00,30.37320135498885
2025-08-15 07:09:39.005831+00:00,30.378351959312567
2025-08-15 07:09:39.861862+00:00,30.378351959312567
2025-08-15 07:09:40.164944+00:00,30.398954379517818
2025-08-15 07:09:40.649051+00:00,30.37320135498885
2025-08-15 07:09:41.967535+00:00,30.378351959312567
2025-08-15 07:09:43.912966+00:00,30.37320135498885
2025-08-15 07:09:47.121431+00:00,30.37320135498885
2025-08-15 07:09:49.220885+00:00,30.388653168833116
2025-08-15 07:09:51.148260+00:00,30.393803774029948
2025-08-15 07:09:51.441014+00:00,30.383502563927323
2025-08-15 07:09:51.652982+00:00,30.378351959312567
2025-08-15 07:09:51.910173+00:00,30.383502563927323
2025-08-15 07:09:52.176683+00:00,30.388653168833116
2025-08-15 07:09:56.586592+00:00,30.378351959312567
2025-08-15 07:09:57.270747+00:00,30.383502563927323
2025-08-15 07:09:58.442519+00:00,30.378351959312567
2025-08-15 07:09:59.645209+00:00,30.37320135498885
2025-08-15 07:10:00.065704+00:00,30.37320135498885
2025-08-15 07:10:00.478293+00:00,30.378351959312567
2025-08-15 07:10:00.853890+00:00,30.383502563927323
2025-08-15 07:10:02.065907+00:00,30.378351959312567
2025-08-15 07:10:04.303713+00:00,30.383502563927323
2025-08-15 07:10:04.867964+00:00,30.388653168833116
2025-08-15 07:10:10.963264+00:00,30.368050750956172
2025-08-15 07:10:13.234763+00:00,30.362900147214532
2025-08-15 07:10:14.414400+00:00,30.368050750956172
2025-08-15 07:10:14.997409+00:00,30.37320135498885
2025-08-15 07:10:16.579949+00:00,30.378351959312567
2025-08-15 07:10:18.145025+00:00,30.368050750956172
2025-08-15 07:10:18.796306+00:00,30.362900147214532
2025-08-15 07:10:28.721103+00:00,30.378351959312567
2025-08-15 07:10:29.588645+00:00,30.362900147214532
2025-08-15 07:10:31.030042+00:00,30.368050750956172
2025-08-15 07:10:32.248761+00:00,30.368050750956172
2025-08-15 07:10:35.776025+00:00,30.35774954376393
2025-08-15 07:10:36.703272+00:00,30.352598940604366
2025-08-15 07:10:37.311033+00:00,30.35774954376393
2025-08-15 07:10:39.030015+00:00,30.35774954376393
2025-08-15 07:10:39.434029+00:00,30.35774954376393
2025-08-15 07:10:43.964567+00:00,30.35774954376393
2025-08-15 07:10:45.178022+00:00,30.362900147214532
2025-08-15 07:10:47.249376+00:00,30.362900147214532
2025-08-15 07:10:51.862054+00:00,30.352598940604366
2025-08-15 07:10:53.241735+00:00,30.34744833773584
2025-08-15 07:10:55.070770+00:00,30.352598940604366
2025-08-15 07:10:55.830500+00:00,30.352598940604366
2025-08-15 07:10:56.346003+00:00,30.342297735158354
2025-08-15 07:10:59.155300+00:00,30.34744833773584
2025-08-15 07:10:59.438256+00:00,30.342297735158354
2025-08-15 07:11:00.788042+00:00,30.342297735158354
2025-08-15 07:11:04.059188+00:00,30.342297735158354
2025-08-15 07:11:06.366284+00:00,30.37320135498885
2025-08-15 07:11:12.568717+00:00,30.35774954376393
2025-08-15 07:11:14.048187+00:00,30.352598940604366
2025-08-15 07:11:14.741204+00:00,30.34744833773584
2025-08-15 07:11:15.162073+00:00,30.34744833773584
2025-08-15 07:11:15.419171+00:00,30.34744833773584
2025-08-15 07:11:16.442746+00:00,30.34744833773584
2025-08-15 07:11:18.303685+00:00,30.34744833773584
2025-08-15 07:11:19.480863+00:00,30.362900147214532
2025-08-15 07:11:20.008295+00:00,30.352598940604366
2025-08-15 07:11:20.160319+00:00,30.35774954376393
2025-08-15 07:11:23.879481+00:00,30.34744833773584
2025-08-15 07:11:26.977682+00:00,30.34744833773584
2025-08-15 07:11:27.708385+00:00,30.34744833773584
2025-08-15 07:11:28.886858+00:00,30.337147132871905
2025-08-15 07:11:30.935934+00:00,30.337147132871905
2025-08-15 07:11:34.364794+00:00,30.32169532775879
2025-08-15 07:11:35.134845+00:00,30.32169532775879
2025-08-15 07:11:36.471796+00:00,30.316544726636494
2025-08-15 07:11:36.800867+00:00,30.311394125805236
2025-08-15 07:11:37.448866+00:00,30.32169532775879
2025-08-15 07:11:37.767715+00:00,30.316544726636494
2025-08-15 07:11:38.049932+00:00,30.316544726636494
2025-08-15 07:11:38.559715+00:00,30.311394125805236
2025-08-15 07:11:42.203241+00:00,30.306243525265018
2025-08-15 07:11:43.748354+00:00,30.306243525265018
2025-08-15 07:11:44.567242+00:00,30.311394125805236
2025-08-15 07:11:45.417468+00:00,30.301092925015837
2025-08-15 07:11:50.029524+00:00,30.326845929172123
2025-08-15 07:11:51.575975+00:00,30.316544726636494
2025-08-15 07:11:53.683707+00:00,30.32169532775879
2025-08-15 07:12:01.498123+00:00,30.331996530876495
2025-08-15 07:12:02.568049+00:00,30.32169532775879
2025-08-15 07:12:03.198180+00:00,30.331996530876495
2025-08-15 07:12:06.534275+00:00,30.32169532775879
2025-08-15 07:12:11.693013+00:00,30.32169532775879
2025-08-15 07:12:14.166888+00:00,30.342297735158354
2025-08-15 07:12:14.805665+00:00,30.34744833773584
2025-08-15 07:12:15.908967+00:00,30.34744833773584
2025-08-15 07:12:18.216449+00:00,30.34744833773584
2025-08-15 07:12:19.656633+00:00,30.35774954376393
2025-08-15 07:12:22.341116+00:00,30.352598940604366
2025-08-15 07:12:24.441063+00:00,30.378351959312567
2025-08-15 07:12:26.742230+00:00,30.43500862608198
2025-08-15 07:12:29.200994+00:00,30.43500862608198
2025-08-15 07:12:31.623373+00:00,30.43500862608198
2025-08-15 07:12:32.918474+00:00,30.455611059092917
2025-08-15 07:12:33.854375+00:00,30.455611059092917
2025-08-15 07:12:35.015354+00:00,30.455611059092917
2025-08-15 07:12:36.628000+00:00,30.445309842005372
2025-08-15 07:12:37.192912+00:00,30.465912277344614
2025-08-15 07:12:38.256670+00:00,30.465912277344614
2025-08-15 07:12:38.983939+00:00,30.460761668073246
2025-08-15 07:12:39.410560+00:00,30.455611059092917
2025-08-15 07:12:39.718017+00:00,30.47106288690702
2025-08-15 07:12:40.116401+00:00,30.465912277344614
2025-08-15 07:12:41.263773+00:00,30.460761668073246
2025-08-15 07:12:41.607976+00:00,30.460761668073246
2025-08-15 07:12:42.834718+00:00,30.460761668073246
2025-08-15 07:12:43.074805+00:00,30.460761668073246
2025-08-15 07:12:44.263108+00:00,30.460761668073246
2025-08-15 07:12:50.524921+00:00,30.445309842005372
2025-08-15 07:12:52.424104+00:00,30.455611059092917
2025-08-15 07:12:53.586298+00:00,30.455611059092917
2025-08-15 07:12:54.539883+00:00,30.465912277344614
2025-08-15 07:12:57.448422+00:00,30.465912277344614
2025-08-15 07:12:58.272494+00:00,30.445309842005372
2025-08-15 07:13:02.780342+00:00,30.476213496760465
2025-08-15 07:13:03.466823+00:00,30.476213496760465
2025-08-15 07:13:03.858729+00:00,30.47106288690702
2025-08-15 07:13:04.291200+00:00,30.465912277344614
2025-08-15 07:13:09.283306+00:00,30.455611059092917
2025-08-15 07:13:12.113379+00:00,30.455611059092917
2025-08-15 07:13:14.736748+00:00,30.460761668073246
2025-08-15 07:13:15.041652+00:00,30.465912277344614
2025-08-15 07:13:16.849578+00:00,30.481364106904948
2025-08-15 07:13:19.632081+00:00,30.47106288690702
2025-08-15 07:13:19.964312+00:00,30.47106288690702
2025-08-15 07:13:20.197875+00:00,30.476213496760465
2025-08-15 07:13:20.440670+00:00,30.48651471734047
2025-08-15 07:13:20.967609+00:00,30.48651471734047
2025-08-15 07:13:23.918526+00:00,30.481364106904948
2025-08-15 07:13:26.090706+00:00,30.465912277344614
2025-08-15 07:13:26.558378+00:00,30.47106288690702
2025-08-15 07:13:26.809549+00:00,30.465912277344614
2025-08-15 07:13:27.070622+00:00,30.476213496760465
2025-08-15 07:13:27.332318+00:00,30.465912277344614
2025-08-15 07:13:27.702319+00:00,30.47106288690702
2025-08-15 07:13:28.057781+00:00,30.47106288690702
2025-08-15 07:13:28.379160+00:00,30.460761668073246
2025-08-15 07:13:29.752714+00:00,30.47106288690702
2025-08-15 07:13:30.145781+00:00,30.465912277344614
2025-08-15 07:13:34.405010+00:00,30.476213496760465
2025-08-15 07:13:36.686980+00:00,30.476213496760465
2025-08-15 07:13:37.831363+00:00,30.481364106904948
2025-08-15 07:13:40.321916+00:00,30.476213496760465
2025-08-15 07:13:40.914180+00:00,30.476213496760465
2025-08-15 07:13:42.760149+00:00,30.455611059092917
2025-08-15 07:13:44.657667+00:00,30.465912277344614
2025-08-15 07:13:44.965944+00:00,30.455611059092917
2025-08-15 07:13:48.137541+00:00,30.455611059092917
2025-08-15 07:13:48.572358+00:00,30.445309842005372
2025-08-15 07:13:48.935872+00:00,30.465912277344614
2025-08-15 07:13:50.108329+00:00,30.445309842005372
2025-08-15 07:13:50.702105+00:00,30.440159233898157
2025-08-15 07:13:51.190967+00:00,30.445309842005372
2025-08-15 07:13:51.849170+00:00,30.445309842005372
2025-08-15 07:13:52.617724+00:00,30.440159233898157
2025-08-15 07:13:53.205737+00:00,30.445309842005372
2025-08-15 07:13:53.964046+00:00,30.43500862608198
2025-08-15 07:13:54.699676+00:00,30.43500862608198
2025-08-15 07:13:57.406959+00:00,30.424707411322743
2025-08-15 07:13:57.989182+00:00,30.414406197727658
2025-08-15 07:13:59.753065+00:00,30.41955680437968
2025-08-15 07:14:03.243429+00:00,30.424707411322743
2025-08-15 07:14:07.473270+00:00,30.409255591366673
2025-08-15 07:14:07.848986+00:00,30.404104985296726
2025-08-15 07:14:08.340763+00:00,30.388653168833116
2025-08-15 07:14:08.858313+00:00,30.383502563927323
2025-08-15 07:14:09.374701+00:00,30.393803774029948
2025-08-15 07:14:12.820067+00:00,30.393803774029948
2025-08-15 07:14:16.131233+00:00,30.37320135498885
2025-08-15 07:14:21.514367+00:00,30.37320135498885
2025-08-15 07:14:22.855178+00:00,30.362900147214532
2025-08-15 07:14:24.291571+00:00,30.368050750956172
2025-08-15 07:14:25.405415+00:00,30.352598940604366
2025-08-15 07:14:26.538474+00:00,30.352598940604366
2025-08-15 07:14:26.806273+00:00,30.352598940604366
2025-08-15 07:14:28.360109+00:00,30.352598940604366
2025-08-15 07:14:29.086086+00:00,30.362900147214532
2025-08-15 07:14:29.379681+00:00,30.352598940604366
2025-08-15 07:14:29.720901+00:00,30.34744833773584
2025-08-15 07:14:33.698495+00:00,30.34744833773584
2025-08-15 07:14:38.246529+00:00,30.342297735158354
2025-08-15 07:14:39.615018+00:00,30.35774954376393
2025-08-15 07:14:40.292080+00:00,30.35774954376393
2025-08-15 07:14:40.835307+00:00,30.362900147214532
2025-08-15 07:14:41.006260+00:00,30.362900147214532
2025-08-15 07:14:42.840182+00:00,30.368050750956172
2025-08-15 07:14:43.296490+00:00,30.362900147214532
2025-08-15 07:14:43.959355+00:00,30.352598940604366
2025-08-15 07:14:44.805542+00:00,30.362900147214532
2025-08-15 07:14:46.128820+00:00,30.362900147214532
2025-08-15 07:14:50.384985+00:00,30.378351959312567
2025-08-15 07:14:51.819767+00:00,30.388653168833116
2025-08-15 07:14:53.622469+00:00,30.398954379517818
2025-08-15 07:14:54.169071+00:00,30.393803774029948
2025-08-15 07:14:54.427092+00:00,30.398954379517818
2025-08-15 07:14:56.163877+00:00,30.393803774029948
2025-08-15 07:14:56.749001+00:00,30.393803774029948
2025-08-15 07:14:58.278554+00:00,30.378351959312567
2025-08-15 07:14:58.577817+00:00,30.404104985296726
2025-08-15 07:14:59.230757+00:00,30.404104985296726
2025-08-15 07:15:00.906672+00:00,30.404104985296726
2025-08-15 07:15:03.323822+00:00,30.393803774029948
2025-08-15 07:15:03.834481+00:00,30.404104985296726
2025-08-15 07:15:04.455336+00:00,30.409255591366673
2025-08-15 07:15:06.723026+00:00,30.409255591366673
2025-08-15 07:15:07.157058+00:00,30.404104985296726
2025-08-15 07:15:09.781834+00:00,30.404104985296726
2025-08-15 07:15:12.184402+00:00,30.393803774029948
2025-08-15 07:15:15.041561+00:00,30.404104985296726
2025-08-15 07:15:20.061691+00:00,30.414406197727658
2025-08-15 07:15:20.676356+00:00,30.41955680437968
2025-08-15 07:15:21.972504+00:00,30.393803774029948
2025-08-15 07:15:28.590335+00:00,30.409255591366673
2025-08-15 07:15:29.346564+00:00,30.41955680437968
2025-08-15 07:15:29.909049+00:00,30.43500862608198
2025-08-15 07:15:35.333049+00:00,30.424707411322743
2025-08-15 07:15:46.362828+00:00,30.414406197727658
2025-08-15 07:15:46.954493+00:00,30.414406197727658
2025-08-15 07:15:47.436274+00:00,30.424707411322743
2025-08-15 07:15:47.951926+00:00,30.414406197727658
2025-08-15 07:15:49.277138+00:00,30.414406197727658
2025-08-15 07:15:51.420926+00:00,30.41955680437968
2025-08-15 07:15:52.514739+00:00,30.414406197727658
2025-08-15 07:15:53.518302+00:00,30.41955680437968
2025-08-15 07:15:54.857344+00:00,30.409255591366673
2025-08-15 07:15:55.107065+00:00,30.424707411322743
2025-08-15 07:15:56.105019+00:00,30.43500862608198
2025-08-15 07:15:57.829183+00:00,30.429858018556843
2025-08-15 07:15:59.424803+00:00,30.429858018556843
2025-08-15 07:16:01.287569+00:00,30.429858018556843
2025-08-15 07:16:02.157843+00:00,30.424707411322743
2025-08-15 07:16:02.611844+00:00,30.43500862608198
2025-08-15 07:16:04.162019+00:00,30.429858018556843
2025-08-15 07:16:06.743822+00:00,30.424707411322743
2025-08-15 07:16:07.310922+00:00,30.41955680437968
2025-08-15 07:16:08.688142+00:00,30.429858018556843
2025-08-15 07:16:09.453985+00:00,30.43500862608198
2025-08-15 07:16:10.646224+00:00,30.43500862608198
2025-08-15 07:16:12.958664+00:00,30.41955680437968
2025-08-15 07:16:13.274837+00:00,30.41955680437968
2025-08-15 07:16:13.501717+00:00,30.414406197727658
2025-08-15 07:16:14.265222+00:00,30.41955680437968
2025-08-15 07:16:16.080282+00:00,30.43500862608198
2025-08-15 07:16:17.588520+00:00,30.424707411322743
2025-08-15 07:16:18.987339+00:00,30.41955680437968
2025-08-15 07:16:22.851866+00:00,30.43500862608198
2025-08-15 07:16:23.974730+00:00,30.445309842005372
2025-08-15 07:16:27.583508+00:00,30.414406197727658
2025-08-15 07:16:30.098366+00:00,30.43500862608198
2025-08-15 07:16:31.369572+00:00,30.424707411322743
2025-08-15 07:16:33.007401+00:00,30.414406197727658
2025-08-15 07:16:33.828556+00:00,30.404104985296726
2025-08-15 07:16:34.351766+00:00,30.393803774029948
2025-08-15 07:16:34.760460+00:00,30.404104985296726
2025-08-15 07:16:35.017565+00:00,30.388653168833116
2025-08-15 07:16:35.268474+00:00,30.383502563927323
2025-08-15 07:16:40.244072+00:00,30.331996530876495
2025-08-15 07:16:40.952991+00:00,30.311394125805236
2025-08-15 07:16:41.702180+00:00,30.301092925015837
2025-08-15 07:16:43.345028+00:00,30.316544726636494
2025-08-15 07:16:44.678248+00:00,30.306243525265018
2025-08-15 07:16:45.262582+00:00,30.311394125805236
2025-08-15 07:16:46.137397+00:00,30.301092925015837
2025-08-15 07:16:47.283829+00:00,30.301092925015837
2025-08-15 07:16:49.108708+00:00,30.280490526929498
2025-08-15 07:16:49.742340+00:00,30.285641126014525
2025-08-15 07:16:50.526710+00:00,30.270189329632558
2025-08-15 07:16:51.110558+00:00,30.27533992813551
2025-08-15 07:16:53.075220+00:00,30.25988813349977
2025-08-15 07:16:54.157437+00:00,30.239285744726658
2025-08-15 07:16:54.526892+00:00,30.249586938531138
2025-08-15 07:16:54.995308+00:00,30.249586938531138
2025-08-15 07:16:55.592583+00:00,30.249586938531138
2025-08-15 07:16:57.150847+00:00,30.22898455208633
2025-08-15 07:16:58.136085+00:00,30.22898455208633
2025-08-15 07:16:58.863293+00:00,30.22898455208633
2025-08-15 07:16:59.200275+00:00,30.239285744726658
2025-08-15 07:16:59.631480+00:00,30.223833956202725
2025-08-15 07:17:03.729528+00:00,30.223833956202725
2025-08-15 07:17:05.178775+00:00,30.213532765308628
2025-08-15 07:17:05.536862+00:00,30.19808098115027
2025-08-15 07:17:06.217738+00:00,30.19808098115027
2025-08-15 07:17:07.895138+00:00,30.192930387012893
2025-08-15 07:17:08.262702+00:00,30.192930387012893
2025-08-15 07:17:08.651227+00:00,30.192930387012893
2025-08-15 07:17:09.135368+00:00,30.192930387012893
2025-08-15 07:17:09.743578+00:00,30.19808098115027
2025-08-15 07:17:10.152175+00:00,30.182629199611256
2025-08-15 07:17:14.676398+00:00,30.182629199611256
2025-08-15 07:17:17.486169+00:00,30.187779793166555
2025-08-15 07:17:19.588287+00:00,30.192930387012893
2025-08-15 07:17:19.925184+00:00,30.192930387012893
2025-08-15 07:17:21.066779+00:00,30.192930387012893
2025-08-15 07:17:21.776650+00:00,30.187779793166555
2025-08-15 07:17:25.720482+00:00,30.192930387012893
2025-08-15 07:17:26.755504+00:00,30.192930387012893
2025-08-15 07:17:27.544021+00:00,30.19808098115027
2025-08-15 07:17:29.343358+00:00,30.192930387012893
2025-08-15 07:17:29.614839+00:00,30.203231575578684
2025-08-15 07:17:30.734444+00:00,30.19808098115027
2025-08-15 07:17:32.026139+00:00,30.187779793166555
2025-08-15 07:17:32.560274+00:00,30.187779793166555
2025-08-15 07:17:35.540512+00:00,30.192930387012893
2025-08-15 07:17:38.040828+00:00,30.187779793166555
2025-08-15 07:17:48.520588+00:00,30.19808098115027
2025-08-15 07:17:49.473441+00:00,30.187779793166555
2025-08-15 07:17:49.748742+00:00,30.19808098115027
2025-08-15 07:17:51.200554+00:00,30.19808098115027
2025-08-15 07:17:52.465824+00:00,30.19808098115027
2025-08-15 07:17:53.049091+00:00,30.234135148260975
2025-08-15 07:17:53.507297+00:00,30.187779793166555
2025-08-15 07:17:53.849798+00:00,30.192930387012893
2025-08-15 07:17:54.209979+00:00,30.182629199611256
2025-08-15 07:17:54.653772+00:00,30.203231575578684
2025-08-15 07:17:55.707669+00:00,30.19808098115027
2025-08-15 07:17:56.766495+00:00,30.19808098115027
2025-08-15 07:17:58.161134+00:00,30.19808098115027
2025-08-15 07:17:58.981461+00:00,30.19808098115027
2025-08-15 07:18:00.768227+00:00,30.19808098115027
2025-08-15 07:18:01.226695+00:00,30.203231575578684
2025-08-15 07:18:01.537496+00:00,30.203231575578684
2025-08-15 07:18:05.022019+00:00,30.208382170298137
2025-08-15 07:18:08.303423+00:00,30.213532765308628
2025-08-15 07:18:12.717876+00:00,30.218683360610157
2025-08-15 07:18:12.939511+00:00,30.22898455208633
2025-08-15 07:18:13.085175+00:00,30.22898455208633
2025-08-15 07:18:13.288871+00:00,30.22898455208633
2025-08-15 07:18:14.613663+00:00,30.223833956202725
2025-08-15 07:18:15.524915+00:00,30.22898455208633
2025-08-15 07:18:17.422116+00:00,30.213532765308628
2025-08-15 07:18:21.547539+00:00,30.249586938531138
2025-08-15 07:18:23.672072+00:00,30.25988813349977
2025-08-15 07:18:25.260093+00:00,30.249586938531138
2025-08-15 07:18:25.995082+00:00,30.249586938531138
2025-08-15 07:18:27.589361+00:00,30.270189329632558
2025-08-15 07:18:27.814771+00:00,30.25988813349977
2025-08-15 07:18:28.108532+00:00,30.254737535869936
2025-08-15 07:18:28.365995+00:00,30.25988813349977
2025-08-15 07:18:28.605690+00:00,30.254737535869936
2025-08-15 07:18:28.875840+00:00,30.239285744726658
2025-08-15 07:18:29.098086+00:00,30.25988813349977
2025-08-15 07:18:29.321927+00:00,30.265038731420645
2025-08-15 07:18:29.552778+00:00,30.25988813349977
2025-08-15 07:18:32.369946+00:00,30.254737535869936
2025-08-15 07:18:32.747329+00:00,30.249586938531138
2025-08-15 07:18:33.633212+00:00,30.254737535869936
2025-08-15 07:18:36.005401+00:00,30.254737535869936
2025-08-15 07:18:38.471980+00:00,30.234135148260975
2025-08-15 07:18:39.487355+00:00,30.249586938531138
2025-08-15 07:18:41.484815+00:00,30.249586938531138
2025-08-15 07:18:41.689048+00:00,30.249586938531138
2025-08-15 07:18:42.321231+00:00,30.254737535869936
2025-08-15 07:18:43.107226+00:00,30.249586938531138
2025-08-15 07:18:45.400084+00:00,30.249586938531138
2025-08-15 07:18:46.116892+00:00,30.25988813349977
2025-08-15 07:18:49.681170+00:00,30.24443634148338
2025-08-15 07:18:51.406152+00:00,30.239285744726658
2025-08-15 07:18:54.064791+00:00,30.239285744726658
2025-08-15 07:18:54.724205+00:00,30.22898455208633
2025-08-15 07:18:55.561063+00:00,30.239285744726658
2025-08-15 07:18:57.173354+00:00,30.249586938531138
2025-08-15 07:18:58.047088+00:00,30.239285744726658
2025-08-15 07:18:59.579785+00:00,30.254737535869936
2025-08-15 07:19:03.707077+00:00,30.270189329632558
2025-08-15 07:19:04.781691+00:00,30.270189329632558
2025-08-15 07:19:09.595387+00:00,30.280490526929498
2025-08-15 07:19:10.333136+00:00,30.270189329632558
2025-08-15 07:19:11.090683+00:00,30.27533992813551
2025-08-15 07:19:12.539079+00:00,30.280490526929498
2025-08-15 07:19:14.000434+00:00,30.265038731420645
2025-08-15 07:19:15.021274+00:00,30.27533992813551
2025-08-15 07:19:15.820968+00:00,30.285641126014525
2025-08-15 07:19:17.202496+00:00,30.280490526929498
2025-08-15 07:19:18.158448+00:00,30.280490526929498
2025-08-15 07:19:19.113364+00:00,30.29079172539059
2025-08-15 07:19:20.456425+00:00,30.285641126014525
2025-08-15 07:19:23.691565+00:00,30.280490526929498
2025-08-15 07:19:26.891033+00:00,30.301092925015837
2025-08-15 07:19:27.235456+00:00,30.301092925015837
2025-08-15 07:19:27.458925+00:00,30.311394125805236
2025-08-15 07:19:28.923274+00:00,30.301092925015837
2025-08-15 07:19:29.725221+00:00,30.295942325057695
2025-08-15 07:19:34.269155+00:00,30.311394125805236
2025-08-15 07:19:35.701191+00:00,30.316544726636494
2025-08-15 07:19:36.457256+00:00,30.306243525265018
2025-08-15 07:19:37.811314+00:00,30.316544726636494
2025-08-15 07:19:38.372172+00:00,30.316544726636494
2025-08-15 07:19:39.883811+00:00,30.316544726636494
2025-08-15 07:19:41.045035+00:00,30.326845929172123
2025-08-15 07:19:43.735042+00:00,30.306243525265018
2025-08-15 07:19:44.353205+00:00,30.32169532775879
2025-08-15 07:19:51.799815+00:00,30.331996530876495
2025-08-15 07:19:52.102419+00:00,30.37320135498885
2025-08-15 07:19:52.316144+00:00,30.37320135498885
2025-08-15 07:19:52.653085+00:00,30.368050750956172
2025-08-15 07:19:53.059125+00:00,30.378351959312567
2025-08-15 07:19:53.269720+00:00,30.378351959312567
2025-08-15 07:19:53.799525+00:00,30.383502563927323
2025-08-15 07:19:54.223936+00:00,30.383502563927323
2025-08-15 07:19:54.784588+00:00,30.378351959312567
2025-08-15 07:19:55.516640+00:00,30.378351959312567
2025-08-15 07:19:55.711466+00:00,30.388653168833116
2025-08-15 07:19:58.742133+00:00,30.378351959312567
2025-08-15 07:19:59.793017+00:00,30.378351959312567
2025-08-15 07:20:02.356578+00:00,30.37320135498885
2025-08-15 07:20:07.488976+00:00,30.388653168833116
2025-08-15 07:20:08.892898+00:00,30.383502563927323
2025-08-15 07:20:14.949064+00:00,30.388653168833116
2025-08-15 07:20:16.922250+00:00,30.383502563927323
2025-08-15 07:20:19.534969+00:00,30.404104985296726
2025-08-15 07:20:20.015999+00:00,30.398954379517818
2025-08-15 07:20:20.380701+00:00,30.404104985296726
2025-08-15 07:20:20.989177+00:00,30.404104985296726
2025-08-15 07:20:27.236328+00:00,30.388653168833116
2025-08-15 07:20:31.476199+00:00,30.404104985296726
2025-08-15 07:20:35.007475+00:00,30.429858018556843
2025-08-15 07:20:37.990056+00:00,30.445309842005372
2025-08-15 07:20:38.808694+00:00,30.460761668073246
2025-08-15 07:20:41.975307+00:00,30.450460450403625
2025-08-15 07:20:43.605259+00:00,30.476213496760465
2025-08-15 07:20:48.844353+00:00,30.476213496760465
2025-08-15 07:20:51.399035+00:00,30.481364106904948
2025-08-15 07:20:54.106543+00:00,30.496815939084627
2025-08-15 07:20:54.394209+00:00,30.48651471734047
2025-08-15 07:20:54.590573+00:00,30.48651471734047
2025-08-15 07:20:54.795932+00:00,30.48651471734047
2025-08-15 07:20:55.007403+00:00,30.49166532806703
2025-08-15 07:20:55.228927+00:00,30.48651471734047
2025-08-15 07:20:55.446518+00:00,30.481364106904948
2025-08-15 07:20:55.665201+00:00,30.481364106904948
2025-08-15 07:20:55.899630+00:00,30.49166532806703
2025-08-15 07:20:58.379377+00:00,30.49166532806703
2025-08-15 07:20:59.041562+00:00,30.48651471734047
2025-08-15 07:21:01.271803+00:00,30.496815939084627
2025-08-15 07:21:07.803817+00:00,30.481364106904948
2025-08-15 07:21:11.180425+00:00,30.48651471734047
2025-08-15 07:21:12.672969+00:00,30.507117161992937
2025-08-15 07:21:13.407417+00:00,30.507117161992937
2025-08-15 07:21:13.828850+00:00,30.51226777388365
2025-08-15 07:21:14.029182+00:00,30.51226777388365
2025-08-15 07:21:15.215705+00:00,30.507117161992937
2025-08-15 07:21:16.138411+00:00,30.507117161992937
2025-08-15 07:21:17.812337+00:00,30.496815939084627
2025-08-15 07:21:20.435825+00:00,30.496815939084627
2025-08-15 07:21:22.442783+00:00,30.501966550393263
2025-08-15 07:21:23.345713+00:00,30.507117161992937
2025-08-15 07:21:24.590148+00:00,30.507117161992937
2025-08-15 07:21:25.233324+00:00,30.496815939084627
2025-08-15 07:21:25.519296+00:00,30.496815939084627
2025-08-15 07:21:25.718099+00:00,30.501966550393263
2025-08-15 07:21:26.091321+00:00,30.507117161992937
2025-08-15 07:21:27.973156+00:00,30.507117161992937
2025-08-15 07:21:28.201276+00:00,30.507117161992937
2025-08-15 07:21:28.723841+00:00,30.52256899853819
2025-08-15 07:21:29.864316+00:00,30.507117161992937
2025-08-15 07:21:34.433117+00:00,30.501966550393263
2025-08-15 07:21:34.635110+00:00,30.49166532806703
2025-08-15 07:21:34.926381+00:00,30.49166532806703
2025-08-15 07:21:35.174326+00:00,30.496815939084627
2025-08-15 07:21:35.436464+00:00,30.501966550393263
2025-08-15 07:21:35.737044+00:00,30.496815939084627
2025-08-15 07:21:36.080121+00:00,30.507117161992937
2025-08-15 07:21:36.404798+00:00,30.48651471734047
2025-08-15 07:21:36.629819+00:00,30.501966550393263
2025-08-15 07:21:36.880418+00:00,30.49166532806703
2025-08-15 07:21:39.362303+00:00,30.496815939084627
2025-08-15 07:21:41.676356+00:00,30.48651471734047
2025-08-15 07:21:42.424383+00:00,30.48651471734047
2025-08-15 07:21:43.130791+00:00,30.465912277344614
2025-08-15 07:21:43.672912+00:00,30.476213496760465
2025-08-15 07:21:44.126641+00:00,30.481364106904948
2025-08-15 07:21:44.590666+00:00,30.465912277344614
2025-08-15 07:21:45.112114+00:00,30.47106288690702
2025-08-15 07:21:47.513225+00:00,30.48651471734047
2025-08-15 07:21:49.028965+00:00,30.465912277344614
2025-08-15 07:21:53.421998+00:00,30.481364106904948
2025-08-15 07:21:54.223559+00:00,30.481364106904948
2025-08-15 07:21:55.464028+00:00,30.496815939084627
2025-08-15 07:21:55.789538+00:00,30.48651471734047
2025-08-15 07:22:06.170065+00:00,30.48651471734047
2025-08-15 07:22:07.253031+00:00,30.496815939084627
2025-08-15 07:22:08.169449+00:00,30.48651471734047
2025-08-15 07:22:10.262049+00:00,30.48651471734047
2025-08-15 07:22:12.511090+00:00,30.47106288690702
2025-08-15 07:22:13.796743+00:00,30.48651471734047
2025-08-15 07:22:14.531525+00:00,30.476213496760465
2025-08-15 07:22:18.922653+00:00,30.476213496760465
2025-08-15 07:22:19.192414+00:00,30.476213496760465
2025-08-15 07:22:21.614434+00:00,30.47106288690702
2025-08-15 07:22:22.937794+00:00,30.465912277344614
2025-08-15 07:22:23.757883+00:00,30.455611059092917
2025-08-15 07:22:24.645145+00:00,30.450460450403625
2025-08-15 07:22:25.122784+00:00,30.455611059092917
2025-08-15 07:22:28.759252+00:00,30.465912277344614
2025-08-15 07:22:29.748507+00:00,30.460761668073246
2025-08-15 07:22:30.042786+00:00,30.460761668073246
2025-08-15 07:22:30.561932+00:00,30.465912277344614
2025-08-15 07:22:30.884170+00:00,30.465912277344614
2025-08-15 07:22:31.208344+00:00,30.455611059092917
2025-08-15 07:22:34.143129+00:00,30.455611059092917
2025-08-15 07:22:36.314172+00:00,30.43500862608198
2025-08-15 07:22:37.475588+00:00,30.43500862608198
2025-08-15 07:22:40.122866+00:00,30.440159233898157
2025-08-15 07:22:40.365664+00:00,30.429858018556843
2025-08-15 07:22:41.160187+00:00,30.429858018556843
2025-08-15 07:22:42.236758+00:00,30.440159233898157
2025-08-15 07:22:43.021896+00:00,30.455611059092917
2025-08-15 07:22:43.739808+00:00,30.455611059092917
2025-08-15 07:22:44.342149+00:00,30.465912277344614
2025-08-15 07:22:45.687545+00:00,30.47106288690702
2025-08-15 07:22:46.101559+00:00,30.47106288690702
2025-08-15 07:22:46.445088+00:00,30.47106288690702
2025-08-15 07:22:49.475207+00:00,30.47106288690702
2025-08-15 07:22:49.721102+00:00,30.455611059092917
2025-08-15 07:22:49.947083+00:00,30.465912277344614
2025-08-15 07:22:50.131211+00:00,30.47106288690702
2025-08-15 07:22:53.571283+00:00,30.460761668073246
2025-08-15 07:22:54.812398+00:00,30.465912277344614
2025-08-15 07:22:55.424311+00:00,30.476213496760465
2025-08-15 07:22:57.933663+00:00,30.48651471734047
2025-08-15 07:22:59.650557+00:00,30.496815939084627
2025-08-15 07:22:59.952841+00:00,30.49166532806703
2025-08-15 07:23:01.645511+00:00,30.49166532806703
2025-08-15 07:23:02.868940+00:00,30.496815939084627
2025-08-15 07:23:03.235291+00:00,30.496815939084627
2025-08-15 07:23:04.067913+00:00,30.501966550393263
2025-08-15 07:23:04.412009+00:00,30.501966550393263
2025-08-15 07:23:04.902636+00:00,30.507117161992937
2025-08-15 07:23:05.374844+00:00,30.51226777388365
2025-08-15 07:23:05.916756+00:00,30.51226777388365
2025-08-15 07:23:06.328294+00:00,30.51226777388365
2025-08-15 07:23:09.877381+00:00,30.507117161992937
2025-08-15 07:23:21.715392+00:00,30.507117161992937
2025-08-15 07:23:22.242431+00:00,30.496815939084627
2025-08-15 07:23:23.545233+00:00,30.49166532806703
2025-08-15 07:23:24.257427+00:00,30.507117161992937
2025-08-15 07:23:25.351077+00:00,30.507117161992937
2025-08-15 07:23:25.673722+00:00,30.501966550393263
2025-08-15 07:23:26.127853+00:00,30.496815939084627
2025-08-15 07:23:26.442348+00:00,30.501966550393263
2025-08-15 07:23:27.615501+00:00,30.507117161992937
2025-08-15 07:23:27.865691+00:00,30.496815939084627
2025-08-15 07:23:28.058346+00:00,30.51226777388365
2025-08-15 07:23:28.290078+00:00,30.507117161992937
2025-08-15 07:23:29.637492+00:00,30.507117161992937
2025-08-15 07:23:31.601464+00:00,30.51226777388365
2025-08-15 07:23:33.309383+00:00,30.507117161992937
2025-08-15 07:23:34.906968+00:00,30.5174183860654
2025-08-15 07:23:35.265568+00:00,30.54317145133973
2025-08-15 07:23:35.634409+00:00,30.52256899853819
2025-08-15 07:23:35.901238+00:00,30.53802083770279
2025-08-15 07:23:36.166095+00:00,30.53802083770279
2025-08-15 07:23:36.360268+00:00,30.53802083770279
2025-08-15 07:23:39.525549+00:00,30.527719611302018
2025-08-15 07:23:40.353213+00:00,30.52256899853819
2025-08-15 07:23:41.748552+00:00,30.5174183860654
2025-08-15 07:23:43.361366+00:00,30.52256899853819
2025-08-15 07:23:43.895869+00:00,30.54317145133973
2025-08-15 07:23:45.519094+00:00,30.52256899853819
2025-08-15 07:23:49.669559+00:00,30.548322065267712
2025-08-15 07:23:50.614280+00:00,30.55862329399679
2025-08-15 07:23:53.505241+00:00,30.55347267948673
2025-08-15 07:23:54.391526+00:00,30.55347267948673
2025-08-15 07:23:57.648723+00:00,30.53802083770279
2025-08-15 07:24:01.675365+00:00,30.53802083770279
2025-08-15 07:24:03.642710+00:00,30.532870224356884
2025-08-15 07:24:04.255179+00:00,30.53802083770279
2025-08-15 07:24:07.340177+00:00,30.53802083770279
2025-08-15 07:24:11.893188+00:00,30.51226777388365
2025-08-15 07:24:14.089950+00:00,30.51226777388365
2025-08-15 07:24:14.708403+00:00,30.52256899853819
2025-08-15 07:24:18.265236+00:00,30.51226777388365
2025-08-15 07:24:20.132193+00:00,30.507117161992937
2025-08-15 07:24:22.058446+00:00,30.496815939084627
2025-08-15 07:24:23.461469+00:00,30.496815939084627
2025-08-15 07:24:25.499885+00:00,30.507117161992937
2025-08-15 07:24:26.301514+00:00,30.52256899853819
2025-08-15 07:24:26.707232+00:00,30.5174183860654
2025-08-15 07:24:27.210803+00:00,30.51226777388365
2025-08-15 07:24:27.578009+00:00,30.5174183860654
2025-08-15 07:24:28.806575+00:00,30.51226777388365
2025-08-15 07:24:30.458545+00:00,30.507117161992937
2025-08-15 07:24:32.914284+00:00,30.501966550393263
2025-08-15 07:24:33.962314+00:00,30.501966550393263
2025-08-15 07:24:35.222521+00:00,30.496815939084627
2025-08-15 07:24:36.773855+00:00,30.496815939084627
2025-08-15 07:24:37.018967+00:00,30.496815939084627
2025-08-15 07:24:37.246430+00:00,30.507117161992937
2025-08-15 07:24:37.914699+00:00,30.507117161992937
2025-08-15 07:24:40.471343+00:00,30.501966550393263
2025-08-15 07:24:41.296699+00:00,30.49166532806703
2025-08-15 07:24:43.199466+00:00,30.501966550393263
2025-08-15 07:24:43.886543+00:00,30.496815939084627
2025-08-15 07:24:44.180652+00:00,30.496815939084627
2025-08-15 07:24:45.324186+00:00,30.48651471734047
2025-08-15 07:24:46.174771+00:00,30.48651471734047
2025-08-15 07:24:50.050387+00:00,30.49166532806703
2025-08-15 07:24:51.217976+00:00,30.48651471734047
2025-08-15 07:24:51.444748+00:00,30.481364106904948
2025-08-15 07:24:51.836504+00:00,30.481364106904948
2025-08-15 07:24:52.347400+00:00,30.481364106904948
2025-08-15 07:24:54.861928+00:00,30.476213496760465
2025-08-15 07:24:56.173568+00:00,30.476213496760465
2025-08-15 07:24:57.130442+00:00,30.47106288690702
2025-08-15 07:25:00.391221+00:00,30.460761668073246
2025-08-15 07:25:02.972850+00:00,30.465912277344614
2025-08-15 07:25:05.667423+00:00,30.465912277344614
2025-08-15 07:25:06.240690+00:00,30.460761668073246
2025-08-15 07:25:08.573697+00:00,30.455611059092917
2025-08-15 07:25:08.931798+00:00,30.450460450403625
2025-08-15 07:25:09.282377+00:00,30.455611059092917
2025-08-15 07:25:09.633053+00:00,30.460761668073246
2025-08-15 07:25:11.877309+00:00,30.460761668073246
2025-08-15 07:25:13.516912+00:00,30.450460450403625
2025-08-15 07:25:13.948533+00:00,30.445309842005372
2025-08-15 07:25:22.800301+00:00,30.445309842005372
2025-08-15 07:25:28.919793+00:00,30.455611059092917
2025-08-15 07:25:29.682018+00:00,30.450460450403625
2025-08-15 07:25:30.066040+00:00,30.455611059092917
2025-08-15 07:25:30.442581+00:00,30.445309842005372
2025-08-15 07:25:36.015893+00:00,30.445309842005372
2025-08-15 07:25:36.414217+00:00,30.429858018556843
2025-08-15 07:25:36.783639+00:00,30.429858018556843
2025-08-15 07:25:37.313809+00:00,30.43500862608198
2025-08-15 07:25:37.714662+00:00,30.440159233898157
2025-08-15 07:25:39.125344+00:00,30.424707411322743
2025-08-15 07:25:39.932101+00:00,30.414406197727658
2025-08-15 07:25:43.501000+00:00,30.429858018556843
2025-08-15 07:25:43.987737+00:00,30.414406197727658
2025-08-15 07:25:47.230615+00:00,30.414406197727658
2025-08-15 07:25:47.715266+00:00,30.414406197727658
2025-08-15 07:25:48.342503+00:00,30.414406197727658
2025-08-15 07:25:52.033878+00:00,30.414406197727658
2025-08-15 07:25:55.224240+00:00,30.383502563927323
2025-08-15 07:25:56.200723+00:00,30.393803774029948
2025-08-15 07:25:56.555577+00:00,30.404104985296726
2025-08-15 07:26:11.023299+00:00,30.388653168833116
2025-08-15 07:26:11.475757+00:00,30.383502563927323
2025-08-15 07:26:12.623311+00:00,30.388653168833116
2025-08-15 07:26:20.841850+00:00,30.388653168833116
2025-08-15 07:26:22.158456+00:00,30.383502563927323
2025-08-15 07:26:22.768438+00:00,30.383502563927323
2025-08-15 07:26:25.425538+00:00,30.37320135498885
2025-08-15 07:26:26.479356+00:00,30.378351959312567
2025-08-15 07:26:26.795142+00:00,30.37320135498885
2025-08-15 07:26:29.021971+00:00,30.37320135498885
2025-08-15 07:26:30.058758+00:00,30.368050750956172
2025-08-15 07:26:31.721948+00:00,30.368050750956172
2025-08-15 07:26:33.696827+00:00,30.362900147214532
2025-08-15 07:26:34.322931+00:00,30.352598940604366
2025-08-15 07:26:36.403190+00:00,30.362900147214532
2025-08-15 07:26:39.737447+00:00,30.35774954376393
2025-08-15 07:26:41.029304+00:00,30.352598940604366
2025-08-15 07:26:42.339157+00:00,30.34744833773584
2025-08-15 07:26:42.770037+00:00,30.35774954376393
2025-08-15 07:26:44.031126+00:00,30.35774954376393
2025-08-15 07:26:48.903701+00:00,30.342297735158354
2025-08-15 07:26:51.416817+00:00,30.337147132871905
2025-08-15 07:26:51.669886+00:00,30.337147132871905
2025-08-15 07:26:52.178026+00:00,30.342297735158354
2025-08-15 07:26:52.735211+00:00,30.331996530876495
2025-08-15 07:26:54.081643+00:00,30.337147132871905
2025-08-15 07:26:55.577906+00:00,30.342297735158354
2025-08-15 07:26:59.971693+00:00,30.34744833773584
2025-08-15 07:27:10.052631+00:00,30.342297735158354
2025-08-15 07:27:10.546186+00:00,30.342297735158354
2025-08-15 07:27:10.993809+00:00,30.326845929172123
2025-08-15 07:27:11.420835+00:00,30.342297735158354
2025-08-15 07:27:11.854434+00:00,30.331996530876495
2025-08-15 07:27:15.229786+00:00,30.326845929172123
2025-08-15 07:27:18.461591+00:00,30.326845929172123
2025-08-15 07:27:20.105572+00:00,30.331996530876495
2025-08-15 07:27:24.444975+00:00,30.337147132871905
2025-08-15 07:27:26.655490+00:00,30.32169532775879
2025-08-15 07:27:27.265168+00:00,30.331996530876495
2025-08-15 07:27:32.243113+00:00,30.316544726636494
2025-08-15 07:27:34.366513+00:00,30.32169532775879
2025-08-15 07:27:36.205345+00:00,30.32169532775879
2025-08-15 07:27:36.579862+00:00,30.311394125805236
2025-08-15 07:27:36.839664+00:00,30.32169532775879
2025-08-15 07:27:37.158113+00:00,30.32169532775879
2025-08-15 07:27:37.425533+00:00,30.316544726636494
2025-08-15 07:27:39.212183+00:00,30.311394125805236
2025-08-15 07:27:42.318455+00:00,30.311394125805236
2025-08-15 07:27:43.831703+00:00,30.32169532775879
2025-08-15 07:27:44.703049+00:00,30.311394125805236
2025-08-15 07:27:50.973115+00:00,30.311394125805236
2025-08-15 07:27:51.842084+00:00,30.301092925015837
2025-08-15 07:27:52.630374+00:00,30.306243525265018
2025-08-15 07:27:55.205050+00:00,30.306243525265018
2025-08-15 07:27:55.862322+00:00,30.295942325057695
2025-08-15 07:27:58.619320+00:00,30.301092925015837
2025-08-15 07:28:02.102486+00:00,30.301092925015837
2025-08-15 07:28:14.445236+00:00,30.301092925015837
2025-08-15 07:28:19.362030+00:00,30.280490526929498
2025-08-15 07:28:20.219853+00:00,30.280490526929498
2025-08-15 07:28:20.491252+00:00,30.29079172539059
2025-08-15 07:28:21.500342+00:00,30.280490526929498
2025-08-15 07:28:22.277360+00:00,30.285641126014525
2025-08-15 07:28:22.520073+00:00,30.285641126014525
2025-08-15 07:28:24.868674+00:00,30.280490526929498
2025-08-15 07:28:26.493342+00:00,30.285641126014525
2025-08-15 07:28:28.693996+00:00,30.280490526929498
2025-08-15 07:28:30.006151+00:00,30.280490526929498
2025-08-15 07:28:31.190315+00:00,30.280490526929498
2025-08-15 07:28:31.636302+00:00,30.285641126014525
2025-08-15 07:28:32.177634+00:00,30.280490526929498
2025-08-15 07:28:35.583693+00:00,30.285641126014525
2025-08-15 07:28:40.071783+00:00,30.285641126014525
2025-08-15 07:28:41.460240+00:00,30.280490526929498
2025-08-15 07:28:43.255203+00:00,30.29079172539059
2025-08-15 07:28:44.141673+00:00,30.29079172539059
2025-08-15 07:28:44.601072+00:00,30.29079172539059
2025-08-15 07:28:45.462047+00:00,30.29079172539059
2025-08-15 07:28:46.391511+00:00,30.29079172539059
2025-08-15 07:28:50.851699+00:00,30.29079172539059
2025-08-15 07:28:51.939265+00:00,30.29079172539059
2025-08-15 07:28:53.942435+00:00,30.29079172539059
2025-08-15 07:28:54.292213+00:00,30.301092925015837
2025-08-15 07:28:56.632956+00:00,30.29079172539059
2025-08-15 07:28:56.882829+00:00,30.301092925015837
2025-08-15 07:28:57.201332+00:00,30.311394125805236
2025-08-15 07:28:57.579786+00:00,30.306243525265018
2025-08-15 07:28:59.604956+00:00,30.301092925015837
2025-08-15 07:29:00.974895+00:00,30.326845929172123
2025-08-15 07:29:02.713940+00:00,30.331996530876495
2025-08-15 07:29:03.994844+00:00,30.342297735158354
2025-08-15 07:29:07.992600+00:00,30.337147132871905
2025-08-15 07:29:20.040450+00:00,30.326845929172123
2025-08-15 07:29:20.308478+00:00,30.331996530876495
2025-08-15 07:29:20.642460+00:00,30.331996530876495
2025-08-15 07:29:20.893582+00:00,30.342297735158354
2025-08-15 07:29:21.151090+00:00,30.337147132871905
2025-08-15 07:29:21.427509+00:00,30.337147132871905
2025-08-15 07:29:21.776221+00:00,30.337147132871905
2025-08-15 07:29:22.050287+00:00,30.337147132871905
2025-08-15 07:29:22.765299+00:00,30.331996530876495
2025-08-15 07:29:23.198830+00:00,30.326845929172123
2025-08-15 07:29:23.502586+00:00,30.337147132871905
2025-08-15 07:29:25.277144+00:00,30.331996530876495
2025-08-15 07:29:25.668409+00:00,30.331996530876495
2025-08-15 07:29:26.056453+00:00,30.326845929172123
2025-08-15 07:29:28.268363+00:00,30.32169532775879
2025-08-15 07:29:29.751460+00:00,30.32169532775879
2025-08-15 07:29:33.507232+00:00,30.32169532775879
2025-08-15 07:29:34.593687+00:00,30.32169532775879
2025-08-15 07:29:35.051979+00:00,30.316544726636494
2025-08-15 07:29:37.630457+00:00,30.316544726636494
2025-08-15 07:29:40.524918+00:00,30.311394125805236
2025-08-15 07:29:45.708042+00:00,30.306243525265018
2025-08-15 07:29:47.390425+00:00,30.311394125805236
2025-08-15 07:29:48.291992+00:00,30.311394125805236
2025-08-15 07:29:48.717322+00:00,30.316544726636494
2025-08-15 07:29:50.347528+00:00,30.316544726636494
2025-08-15 07:29:52.669523+00:00,30.311394125805236
2025-08-15 07:29:52.971719+00:00,30.316544726636494
2025-08-15 07:29:54.567119+00:00,30.316544726636494
2025-08-15 07:29:57.177934+00:00,30.311394125805236
2025-08-15 07:29:57.877635+00:00,30.301092925015837
2025-08-15 07:29:58.212798+00:00,30.311394125805236
2025-08-15 07:29:59.694860+00:00,30.316544726636494
2025-08-15 07:30:00.356672+00:00,30.311394125805236
2025-08-15 07:30:03.375080+00:00,30.311394125805236
2025-08-15 07:30:04.116394+00:00,30.311394125805236
2025-08-15 07:30:06.775518+00:00,30.311394125805236
2025-08-15 07:30:09.292354+00:00,30.306243525265018
2025-08-15 07:30:11.442712+00:00,30.301092925015837
2025-08-15 07:30:12.841362+00:00,30.301092925015837
2025-08-15 07:30:14.300774+00:00,30.295942325057695
2025-08-15 07:30:18.664485+00:00,30.295942325057695
2025-08-15 07:30:19.299347+00:00,30.295942325057695
2025-08-15 07:30:20.723857+00:00,30.295942325057695
2025-08-15 07:30:26.059034+00:00,30.295942325057695
2025-08-15 07:30:27.940939+00:00,30.285641126014525
2025-08-15 07:30:28.440814+00:00,30.29079172539059
2025-08-15 07:30:28.934995+00:00,30.285641126014525
2025-08-15 07:30:29.740311+00:00,30.301092925015837
2025-08-15 07:30:31.217466+00:00,30.29079172539059
2025-08-15 07:30:41.590175+00:00,30.27533992813551
2025-08-15 07:30:43.655347+00:00,30.270189329632558
2025-08-15 07:30:44.431067+00:00,30.270189329632558
2025-08-15 07:30:45.483449+00:00,30.270189329632558
2025-08-15 07:30:48.316094+00:00,30.27533992813551
2025-08-15 07:30:49.982971+00:00,30.270189329632558
2025-08-15 07:30:50.948877+00:00,30.265038731420645
2025-08-15 07:30:51.248938+00:00,30.25988813349977
2025-08-15 07:30:51.840851+00:00,30.25988813349977
2025-08-15 07:30:52.174375+00:00,30.270189329632558
2025-08-15 07:30:53.162714+00:00,30.25988813349977
2025-08-15 07:30:53.713911+00:00,30.270189329632558
2025-08-15 07:30:55.518530+00:00,30.270189329632558
2025-08-15 07:30:55.997970+00:00,30.270189329632558
2025-08-15 07:30:56.391101+00:00,30.265038731420645
2025-08-15 07:30:57.759156+00:00,30.254737535869936
2025-08-15 07:30:58.359151+00:00,30.25988813349977
2025-08-15 07:30:58.903673+00:00,30.254737535869936
2025-08-15 07:31:01.501488+00:00,30.25988813349977
2025-08-15 07:31:01.835285+00:00,30.265038731420645
2025-08-15 07:31:06.341047+00:00,30.270189329632558
2025-08-15 07:31:10.090860+00:00,30.254737535869936
2025-08-15 07:31:10.441398+00:00,30.254737535869936
2025-08-15 07:31:10.948940+00:00,30.254737535869936
2025-08-15 07:31:12.206384+00:00,30.254737535869936
2025-08-15 07:31:13.167435+00:00,30.25988813349977
2025-08-15 07:31:18.459020+00:00,30.254737535869936
2025-08-15 07:31:19.953282+00:00,30.265038731420645
2025-08-15 07:31:20.998511+00:00,30.254737535869936
2025-08-15 07:31:21.207287+00:00,30.270189329632558
2025-08-15 07:31:21.441936+00:00,30.25988813349977
2025-08-15 07:31:22.993779+00:00,30.254737535869936
2025-08-15 07:31:24.131724+00:00,30.254737535869936
2025-08-15 07:31:25.398467+00:00,30.265038731420645
2025-08-15 07:31:25.970277+00:00,30.270189329632558
2025-08-15 07:31:27.500718+00:00,30.25988813349977
2025-08-15 07:31:31.181401+00:00,30.265038731420645
2025-08-15 07:31:32.445442+00:00,30.270189329632558
2025-08-15 07:31:32.907371+00:00,30.27533992813551
2025-08-15 07:31:33.565292+00:00,30.270189329632558
2025-08-15 07:31:35.127879+00:00,30.285641126014525
2025-08-15 07:31:38.035438+00:00,30.270189329632558
2025-08-15 07:31:38.569640+00:00,30.270189329632558
2025-08-15 07:31:41.648573+00:00,30.27533992813551
2025-08-15 07:31:42.724135+00:00,30.27533992813551
2025-08-15 07:31:42.947293+00:00,30.265038731420645
2025-08-15 07:31:44.820421+00:00,30.265038731420645
2025-08-15 07:31:45.440191+00:00,30.270189329632558
2025-08-15 07:31:48.254694+00:00,30.280490526929498
2025-08-15 07:31:48.656316+00:00,30.270189329632558
2025-08-15 07:31:48.974679+00:00,30.270189329632558
2025-08-15 07:31:49.942674+00:00,30.25988813349977
2025-08-15 07:31:53.755394+00:00,30.27533992813551
2025-08-15 07:31:57.881838+00:00,30.27533992813551
2025-08-15 07:32:02.646364+00:00,30.280490526929498
2025-08-15 07:32:02.988562+00:00,30.285641126014525
2025-08-15 07:32:05.555566+00:00,30.27533992813551
2025-08-15 07:32:06.411940+00:00,30.285641126014525
2025-08-15 07:32:07.680814+00:00,30.280490526929498
2025-08-15 07:32:07.981139+00:00,30.280490526929498
2025-08-15 07:32:09.622505+00:00,30.280490526929498
2025-08-15 07:32:09.934844+00:00,30.29079172539059
2025-08-15 07:32:11.056882+00:00,30.285641126014525
2025-08-15 07:32:11.806719+00:00,30.270189329632558
2025-08-15 07:32:14.157530+00:00,30.280490526929498
2025-08-15 07:32:14.642314+00:00,30.280490526929498
2025-08-15 07:32:19.111556+00:00,30.280490526929498
2025-08-15 07:32:21.950507+00:00,30.285641126014525
2025-08-15 07:32:22.621429+00:00,30.280490526929498
2025-08-15 07:32:23.366896+00:00,30.280490526929498
2025-08-15 07:32:23.650770+00:00,30.27533992813551
2025-08-15 07:32:24.562280+00:00,30.270189329632558
2025-08-15 07:32:24.728957+00:00,30.27533992813551
2025-08-15 07:32:25.079736+00:00,30.285641126014525
2025-08-15 07:32:25.956410+00:00,30.27533992813551
2025-08-15 07:32:28.097718+00:00,30.270189329632558
2025-08-15 07:32:30.690200+00:00,30.265038731420645
2025-08-15 07:32:31.372886+00:00,30.270189329632558
2025-08-15 07:32:34.281524+00:00,30.25988813349977
2025-08-15 07:32:34.642516+00:00,30.270189329632558
2025-08-15 07:32:35.110300+00:00,30.265038731420645
2025-08-15 07:32:35.377463+00:00,30.270189329632558
2025-08-15 07:32:38.172041+00:00,30.29079172539059
2025-08-15 07:32:39.738315+00:00,30.27533992813551
2025-08-15 07:32:41.154540+00:00,30.270189329632558
2025-08-15 07:32:42.488399+00:00,30.27533992813551
2025-08-15 07:32:43.859555+00:00,30.27533992813551
2025-08-15 07:32:46.317963+00:00,30.27533992813551
2025-08-15 07:32:47.748055+00:00,30.27533992813551
2025-08-15 07:32:48.106186+00:00,30.27533992813551
2025-08-15 07:32:49.455795+00:00,30.270189329632558
2025-08-15 07:32:50.252061+00:00,30.265038731420645
2025-08-15 07:32:50.995943+00:00,30.270189329632558
2025-08-15 07:32:52.693430+00:00,30.270189329632558
2025-08-15 07:32:53.318506+00:00,30.265038731420645
2025-08-15 07:32:54.086132+00:00,30.27533992813551
2025-08-15 07:32:55.293563+00:00,30.270189329632558
2025-08-15 07:32:56.785999+00:00,30.270189329632558
2025-08-15 07:32:57.773506+00:00,30.285641126014525
2025-08-15 07:32:58.088524+00:00,30.280490526929498
2025-08-15 07:32:59.210482+00:00,30.280490526929498
2025-08-15 07:32:59.528090+00:00,30.270189329632558
2025-08-15 07:33:04.645758+00:00,30.27533992813551
2025-08-15 07:33:04.958725+00:00,30.249586938531138
2025-08-15 07:33:06.247094+00:00,30.270189329632558
2025-08-15 07:33:09.379685+00:00,30.25988813349977
2025-08-15 07:33:11.444218+00:00,30.254737535869936
2025-08-15 07:33:11.778630+00:00,30.249586938531138
2025-08-15 07:33:13.696732+00:00,30.249586938531138
2025-08-15 07:33:14.461901+00:00,30.249586938531138
2025-08-15 07:33:16.918902+00:00,30.24443634148338
2025-08-15 07:33:21.111776+00:00,30.239285744726658
2025-08-15 07:33:21.636519+00:00,30.239285744726658
2025-08-15 07:33:22.073093+00:00,30.234135148260975
2025-08-15 07:33:25.401103+00:00,30.239285744726658
2025-08-15 07:33:25.644934+00:00,30.239285744726658
2025-08-15 07:33:27.645840+00:00,30.234135148260975
2025-08-15 07:33:29.855591+00:00,30.239285744726658
2025-08-15 07:33:31.763846+00:00,30.239285744726658
2025-08-15 07:33:33.139465+00:00,30.239285744726658
2025-08-15 07:33:33.429826+00:00,30.24443634148338
2025-08-15 07:33:33.809767+00:00,30.24443634148338
2025-08-15 07:33:35.746243+00:00,30.249586938531138
2025-08-15 07:33:38.059645+00:00,30.223833956202725
2025-08-15 07:33:39.055682+00:00,30.249586938531138
2025-08-15 07:33:41.786731+00:00,30.249586938531138
2025-08-15 07:33:42.880710+00:00,30.239285744726658
2025-08-15 07:33:43.115819+00:00,30.24443634148338
2025-08-15 07:33:43.440330+00:00,30.249586938531138
2025-08-15 07:33:44.478870+00:00,30.249586938531138
2025-08-15 07:33:46.703230+00:00,30.249586938531138
2025-08-15 07:33:47.179767+00:00,30.25988813349977
2025-08-15 07:33:47.519570+00:00,30.254737535869936
2025-08-15 07:33:48.397300+00:00,30.249586938531138
2025-08-15 07:33:53.369168+00:00,30.254737535869936
2025-08-15 07:33:54.597862+00:00,30.254737535869936
2025-08-15 07:33:56.534618+00:00,30.249586938531138
2025-08-15 07:33:59.299829+00:00,30.239285744726658
2025-08-15 07:34:00.234547+00:00,30.25988813349977
2025-08-15 07:34:00.629228+00:00,30.25988813349977
2025-08-15 07:34:01.043870+00:00,30.254737535869936
2025-08-15 07:34:01.370146+00:00,30.270189329632558
2025-08-15 07:34:07.022001+00:00,30.265038731420645
2025-08-15 07:34:07.380069+00:00,30.270189329632558
2025-08-15 07:34:12.450972+00:00,30.270189329632558
2025-08-15 07:34:13.815741+00:00,30.265038731420645
2025-08-15 07:34:15.476656+00:00,30.27533992813551
2025-08-15 07:34:16.810549+00:00,30.270189329632558
2025-08-15 07:34:18.368359+00:00,30.27533992813551
2025-08-15 07:34:18.911847+00:00,30.280490526929498
2025-08-15 07:34:21.109639+00:00,30.280490526929498
2025-08-15 07:34:21.393566+00:00,30.280490526929498
2025-08-15 07:34:21.543328+00:00,30.27533992813551
2025-08-15 07:34:21.752118+00:00,30.27533992813551
2025-08-15 07:34:22.256618+00:00,30.285641126014525
2025-08-15 07:34:27.611900+00:00,30.27533992813551
2025-08-15 07:34:29.761929+00:00,30.27533992813551
2025-08-15 07:34:31.639172+00:00,30.27533992813551
2025-08-15 07:34:31.964932+00:00,30.280490526929498
2025-08-15 07:34:33.579714+00:00,30.280490526929498
2025-08-15 07:34:34.697400+00:00,30.29079172539059
2025-08-15 07:34:35.341659+00:00,30.280490526929498
2025-08-15 07:34:35.598385+00:00,30.29079172539059
2025-08-15 07:34:36.608968+00:00,30.280490526929498
2025-08-15 07:34:39.860233+00:00,30.295942325057695
2025-08-15 07:34:40.171800+00:00,30.285641126014525
2025-08-15 07:34:41.074932+00:00,30.280490526929498
2025-08-15 07:34:42.381200+00:00,30.280490526929498
2025-08-15 07:34:43.520346+00:00,30.285641126014525
2025-08-15 07:34:45.265748+00:00,30.29079172539059
2025-08-15 07:34:48.825796+00:00,30.29079172539059
2025-08-15 07:34:49.110024+00:00,30.295942325057695
2025-08-15 07:34:49.376898+00:00,30.301092925015837
2025-08-15 07:34:50.230149+00:00,30.301092925015837
2025-08-15 07:34:51.442396+00:00,30.295942325057695
2025-08-15 07:34:53.359835+00:00,30.306243525265018
2025-08-15 07:34:53.790597+00:00,30.301092925015837
2025-08-15 07:34:54.123351+00:00,30.311394125805236
2025-08-15 07:34:55.496931+00:00,30.295942325057695
2025-08-15 07:34:56.606913+00:00,30.316544726636494
2025-08-15 07:34:57.492057+00:00,30.311394125805236
2025-08-15 07:34:58.678794+00:00,30.311394125805236
2025-08-15 07:35:02.750009+00:00,30.311394125805236
2025-08-15 07:35:04.225230+00:00,30.326845929172123
2025-08-15 07:35:06.356829+00:00,30.311394125805236
2025-08-15 07:35:12.521814+00:00,30.326845929172123
2025-08-15 07:35:12.867348+00:00,30.337147132871905
2025-08-15 07:35:13.300205+00:00,30.342297735158354
2025-08-15 07:35:15.294006+00:00,30.331996530876495
2025-08-15 07:35:16.092194+00:00,30.331996530876495
2025-08-15 07:35:20.517660+00:00,30.331996530876495
2025-08-15 07:35:21.829825+00:00,30.331996530876495
2025-08-15 07:35:22.451197+00:00,30.331996530876495
2025-08-15 07:35:22.809164+00:00,30.337147132871905
2025-08-15 07:35:29.015528+00:00,30.326845929172123
2025-08-15 07:35:33.257068+00:00,30.34744833773584
2025-08-15 07:35:35.490318+00:00,30.34744833773584
2025-08-15 07:35:35.898949+00:00,30.352598940604366
2025-08-15 07:35:38.807521+00:00,30.34744833773584
2025-08-15 07:35:39.832581+00:00,30.34744833773584
2025-08-15 07:35:42.305289+00:00,30.35774954376393
2025-08-15 07:35:43.255663+00:00,30.35774954376393
2025-08-15 07:35:46.184631+00:00,30.352598940604366
2025-08-15 07:35:46.740257+00:00,30.368050750956172
2025-08-15 07:35:47.982193+00:00,30.37320135498885
2025-08-15 07:35:48.749193+00:00,30.37320135498885
2025-08-15 07:35:49.855722+00:00,30.37320135498885
2025-08-15 07:35:51.705476+00:00,30.37320135498885
2025-08-15 07:35:52.599865+00:00,30.37320135498885
2025-08-15 07:35:53.501941+00:00,30.342297735158354
2025-08-15 07:35:55.842194+00:00,30.368050750956172
2025-08-15 07:35:56.538805+00:00,30.368050750956172
2025-08-15 07:35:57.681646+00:00,30.383502563927323
2025-08-15 07:35:58.339785+00:00,30.393803774029948
2025-08-15 07:36:00.581884+00:00,30.393803774029948
2025-08-15 07:36:01.108553+00:00,30.393803774029948
2025-08-15 07:36:01.590311+00:00,30.393803774029948
2025-08-15 07:36:02.223525+00:00,30.404104985296726
2025-08-15 07:36:02.949868+00:00,30.414406197727658
2025-08-15 07:36:03.712774+00:00,30.414406197727658
2025-08-15 07:36:09.088370+00:00,30.414406197727658
2025-08-15 07:36:10.822582+00:00,30.409255591366673
2025-08-15 07:36:11.599993+00:00,30.409255591366673
2025-08-15 07:36:11.910131+00:00,30.424707411322743
2025-08-15 07:36:13.040169+00:00,30.41955680437968
2025-08-15 07:36:13.299735+00:00,30.414406197727658
2025-08-15 07:36:16.540444+00:00,30.414406197727658
2025-08-15 07:36:16.932824+00:00,30.41955680437968
2025-08-15 07:36:17.444770+00:00,30.414406197727658
2025-08-15 07:36:20.898383+00:00,30.414406197727658
2025-08-15 07:36:21.139500+00:00,30.43500862608198
2025-08-15 07:36:21.391374+00:00,30.41955680437968
2025-08-15 07:36:22.987910+00:00,30.414406197727658
2025-08-15 07:36:23.472793+00:00,30.429858018556843
2025-08-15 07:36:24.108156+00:00,30.429858018556843
2025-08-15 07:36:24.651541+00:00,30.43500862608198
2025-08-15 07:36:26.983642+00:00,30.429858018556843
2025-08-15 07:36:27.832239+00:00,30.43500862608198
2025-08-15 07:36:29.058076+00:00,30.43500862608198
2025-08-15 07:36:34.776664+00:00,30.424707411322743
2025-08-15 07:36:35.126984+00:00,30.440159233898157
2025-08-15 07:36:35.420392+00:00,30.43500862608198
2025-08-15 07:36:36.298053+00:00,30.429858018556843
2025-08-15 07:36:39.497261+00:00,30.445309842005372
2025-08-15 07:36:40.457203+00:00,30.429858018556843
2025-08-15 07:36:41.610585+00:00,30.429858018556843
2025-08-15 07:36:42.122039+00:00,30.43500862608198
2025-08-15 07:36:42.479955+00:00,30.43500862608198
2025-08-15 07:36:42.889021+00:00,30.440159233898157
2025-08-15 07:36:43.197496+00:00,30.43500862608198
2025-08-15 07:36:45.365364+00:00,30.43500862608198
2025-08-15 07:36:47.928572+00:00,30.429858018556843
2025-08-15 07:36:48.523066+00:00,30.429858018556843
2025-08-15 07:36:48.762699+00:00,30.429858018556843
2025-08-15 07:36:50.703658+00:00,30.424707411322743
2025-08-15 07:36:51.540556+00:00,30.429858018556843
2025-08-15 07:36:51.791100+00:00,30.43500862608198
2025-08-15 07:36:52.074560+00:00,30.460761668073246
2025-08-15 07:36:54.272442+00:00,30.429858018556843
2025-08-15 07:36:56.537258+00:00,30.429858018556843
2025-08-15 07:36:57.044340+00:00,30.43500862608198
2025-08-15 07:36:58.149236+00:00,30.424707411322743
2025-08-15 07:37:00.497645+00:00,30.43500862608198
2025-08-15 07:37:02.409590+00:00,30.424707411322743
2025-08-15 07:37:04.875214+00:00,30.429858018556843
2025-08-15 07:37:05.360338+00:00,30.429858018556843
2025-08-15 07:37:05.886989+00:00,30.445309842005372
2025-08-15 07:37:06.286929+00:00,30.440159233898157
2025-08-15 07:37:06.726052+00:00,30.43500862608198
2025-08-15 07:37:07.448596+00:00,30.440159233898157
2025-08-15 07:37:08.264476+00:00,30.429858018556843
2025-08-15 07:37:09.629787+00:00,30.43500862608198
2025-08-15 07:37:12.772309+00:00,30.43500862608198
2025-08-15 07:37:13.758281+00:00,30.440159233898157
2025-08-15 07:37:14.768319+00:00,30.450460450403625
2025-08-15 07:37:18.293945+00:00,30.460761668073246
2025-08-15 07:37:21.101531+00:00,30.465912277344614
2025-08-15 07:37:21.337766+00:00,30.465912277344614
2025-08-15 07:37:22.205559+00:00,30.465912277344614
2025-08-15 07:37:22.504508+00:00,30.465912277344614
2025-08-15 07:37:24.302429+00:00,30.47106288690702
2025-08-15 07:37:25.729249+00:00,30.465912277344614
2025-08-15 07:37:26.021478+00:00,30.47106288690702
2025-08-15 07:37:27.316782+00:00,30.476213496760465
2025-08-15 07:37:30.209664+00:00,30.465912277344614
2025-08-15 07:37:31.861828+00:00,30.465912277344614
2025-08-15 07:37:33.839449+00:00,30.476213496760465
2025-08-15 07:37:36.721391+00:00,30.48651471734047
2025-08-15 07:37:37.765086+00:00,30.476213496760465
2025-08-15 07:37:40.849343+00:00,30.507117161992937
2025-08-15 07:37:43.169565+00:00,30.465912277344614
2025-08-15 07:37:44.833309+00:00,30.476213496760465
2025-08-15 07:37:48.154201+00:00,30.476213496760465
2025-08-15 07:37:50.779545+00:00,30.48651471734047
2025-08-15 07:37:53.232548+00:00,30.481364106904948
2025-08-15 07:37:55.394527+00:00,30.476213496760465
2025-08-15 07:37:56.764877+00:00,30.476213496760465
2025-08-15 07:37:58.485313+00:00,30.48651471734047
2025-08-15 07:37:59.553129+00:00,30.48651471734047
2025-08-15 07:38:01.325966+00:00,30.501966550393263
2025-08-15 07:38:03.404719+00:00,30.496815939084627
2025-08-15 07:38:08.293556+00:00,30.501966550393263
2025-08-15 07:38:10.275688+00:00,30.507117161992937
2025-08-15 07:38:13.219171+00:00,30.527719611302018
2025-08-15 07:38:14.374576+00:00,30.527719611302018
2025-08-15 07:38:14.801481+00:00,30.527719611302018
2025-08-15 07:38:15.277600+00:00,30.527719611302018
2025-08-15 07:38:19.252981+00:00,30.55862329399679
2025-08-15 07:38:20.339538+00:00,30.55347267948673
2025-08-15 07:38:21.199452+00:00,30.55347267948673
2025-08-15 07:38:25.940896+00:00,30.563773908797884
2025-08-15 07:38:26.859398+00:00,30.56892452389002
2025-08-15 07:38:28.512339+00:00,30.5792257549474
2025-08-15 07:38:29.232374+00:00,30.5792257549474
2025-08-15 07:38:30.528465+00:00,30.58437637091265
2025-08-15 07:38:34.627879+00:00,30.57407513927319
2025-08-15 07:38:39.661183+00:00,30.594677603716264
2025-08-15 07:38:40.254566+00:00,30.589526987168938
2025-08-15 07:38:40.489220+00:00,30.594677603716264
2025-08-15 07:38:42.011363+00:00,30.599828220554627
2025-08-15 07:38:42.554351+00:00,30.599828220554627
2025-08-15 07:38:42.820008+00:00,30.599828220554627
2025-08-15 07:38:43.063647+00:00,30.594677603716264
2025-08-15 07:38:44.541649+00:00,30.589526987168938
2025-08-15 07:38:45.670424+00:00,30.599828220554627
2025-08-15 07:38:46.887008+00:00,30.599828220554627
2025-08-15 07:38:47.553044+00:00,30.589526987168938
2025-08-15 07:38:47.969113+00:00,30.599828220554627
2025-08-15 07:38:48.352001+00:00,30.594677603716264
2025-08-15 07:38:49.204524+00:00,30.599828220554627
2025-08-15 07:38:50.858273+00:00,30.5792257549474
2025-08-15 07:38:51.126431+00:00,30.589526987168938
2025-08-15 07:38:53.081289+00:00,30.5792257549474
2025-08-15 07:38:57.048293+00:00,30.56892452389002
2025-08-15 07:38:57.783722+00:00,30.5792257549474
2025-08-15 07:38:58.644332+00:00,30.56892452389002
2025-08-15 07:39:02.338589+00:00,30.56892452389002
2025-08-15 07:39:02.707715+00:00,30.56892452389002
2025-08-15 07:39:03.817597+00:00,30.56892452389002
2025-08-15 07:39:04.542542+00:00,30.563773908797884
2025-08-15 07:39:05.393619+00:00,30.55862329399679
2025-08-15 07:39:08.047132+00:00,30.548322065267712
2025-08-15 07:39:09.708206+00:00,30.548322065267712
2025-08-15 07:39:10.112703+00:00,30.55862329399679
2025-08-15 07:39:11.365729+00:00,30.55862329399679
2025-08-15 07:39:12.868626+00:00,30.55347267948673
2025-08-15 07:39:13.527474+00:00,30.55347267948673
2025-08-15 07:39:14.261139+00:00,30.54317145133973
2025-08-15 07:39:15.117969+00:00,30.54317145133973
2025-08-15 07:39:17.144796+00:00,30.532870224356884
2025-08-15 07:39:19.053225+00:00,30.548322065267712
2025-08-15 07:39:19.895180+00:00,30.527719611302018
2025-08-15 07:39:20.146825+00:00,30.55347267948673
2025-08-15 07:39:25.093419+00:00,30.5174183860654
2025-08-15 07:39:25.861059+00:00,30.548322065267712
2025-08-15 07:39:27.757406+00:00,30.52256899853819
2025-08-15 07:39:29.437341+00:00,30.5174183860654
2025-08-15 07:39:30.819032+00:00,30.52256899853819
2025-08-15 07:39:34.434341+00:00,30.527719611302018
2025-08-15 07:39:36.982685+00:00,30.5174183860654
2025-08-15 07:39:40.636565+00:00,30.51226777388365
2025-08-15 07:39:41.121761+00:00,30.5174183860654
2025-08-15 07:39:43.727967+00:00,30.5174183860654
2025-08-15 07:39:48.214398+00:00,30.501966550393263
2025-08-15 07:39:49.203699+00:00,30.507117161992937
2025-08-15 07:39:49.827167+00:00,30.496815939084627
2025-08-15 07:39:50.077136+00:00,30.51226777388365
2025-08-15 07:39:51.684920+00:00,30.507117161992937
2025-08-15 07:39:53.125648+00:00,30.507117161992937
2025-08-15 07:39:54.320482+00:00,30.501966550393263
2025-08-15 07:39:54.767836+00:00,30.51226777388365
2025-08-15 07:39:55.006686+00:00,30.496815939084627
2025-08-15 07:39:55.399439+00:00,30.507117161992937
2025-08-15 07:39:57.884014+00:00,30.51226777388365
2025-08-15 07:39:58.585335+00:00,30.51226777388365
2025-08-15 07:39:59.818435+00:00,30.507117161992937
2025-08-15 07:40:02.141682+00:00,30.507117161992937
2025-08-15 07:40:04.876592+00:00,30.501966550393263
2025-08-15 07:40:06.902998+00:00,30.507117161992937
2025-08-15 07:40:09.993763+00:00,30.49166532806703
2025-08-15 07:40:10.609462+00:00,30.49166532806703
2025-08-15 07:40:12.351945+00:00,30.476213496760465
2025-08-15 07:40:14.189056+00:00,30.496815939084627
2025-08-15 07:40:15.610509+00:00,30.48651471734047
2025-08-15 07:40:17.511336+00:00,30.476213496760465
2025-08-15 07:40:18.111282+00:00,30.47106288690702
2025-08-15 07:40:20.076948+00:00,30.460761668073246
2025-08-15 07:40:21.948951+00:00,30.47106288690702
2025-08-15 07:40:23.725177+00:00,30.465912277344614
2025-08-15 07:40:25.833289+00:00,30.476213496760465
2025-08-15 07:40:26.102144+00:00,30.465912277344614
2025-08-15 07:40:28.075186+00:00,30.460761668073246
2025-08-15 07:40:31.206702+00:00,30.481364106904948
2025-08-15 07:40:32.326860+00:00,30.476213496760465
2025-08-15 07:40:32.753800+00:00,30.48651471734047
2025-08-15 07:40:33.377564+00:00,30.48651471734047
2025-08-15 07:40:33.767735+00:00,30.48651471734047
2025-08-15 07:40:36.565372+00:00,30.496815939084627
2025-08-15 07:40:37.964658+00:00,30.5174183860654
2025-08-15 07:40:38.731851+00:00,30.5174183860654
2025-08-15 07:40:44.243077+00:00,30.5174183860654
2025-08-15 07:40:44.773322+00:00,30.5174183860654
2025-08-15 07:40:49.123689+00:00,30.52256899853819
2025-08-15 07:40:49.383230+00:00,30.55347267948673
2025-08-15 07:40:49.733309+00:00,30.55862329399679
2025-08-15 07:40:49.992246+00:00,30.56892452389002
2025-08-15 07:40:50.960740+00:00,30.55862329399679
2025-08-15 07:40:52.765222+00:00,30.55862329399679
2025-08-15 07:40:55.138738+00:00,30.5792257549474
2025-08-15 07:40:57.779375+00:00,30.563773908797884
2025-08-15 07:40:59.467505+00:00,30.55347267948673
2025-08-15 07:40:59.985348+00:00,30.57407513927319
2025-08-15 07:41:05.782773+00:00,30.57407513927319
2025-08-15 07:41:07.027047+00:00,30.56892452389002
2025-08-15 07:41:07.859528+00:00,30.563773908797884
2025-08-15 07:41:08.743478+00:00,30.563773908797884
2025-08-15 07:41:09.834646+00:00,30.55862329399679
2025-08-15 07:41:11.823732+00:00,30.56892452389002
2025-08-15 07:41:13.827131+00:00,30.563773908797884
2025-08-15 07:41:17.115521+00:00,30.55347267948673
2025-08-15 07:41:17.992095+00:00,30.56892452389002
2025-08-15 07:41:22.461325+00:00,30.56892452389002
2025-08-15 07:41:22.952740+00:00,30.56892452389002
2025-08-15 07:41:23.199840+00:00,30.563773908797884
2025-08-15 07:41:23.396312+00:00,30.563773908797884
2025-08-15 07:41:25.250973+00:00,30.55862329399679
2025-08-15 07:41:26.520013+00:00,30.56892452389002
2025-08-15 07:41:31.624013+00:00,30.55862329399679
2025-08-15 07:41:32.028323+00:00,30.54317145133973
2025-08-15 07:41:32.499232+00:00,30.55862329399679
2025-08-15 07:41:32.878266+00:00,30.55862329399679
2025-08-15 07:41:33.337639+00:00,30.563773908797884
2025-08-15 07:41:33.648643+00:00,30.56892452389002
2025-08-15 07:41:33.932781+00:00,30.56892452389002
2025-08-15 07:41:34.859180+00:00,30.55862329399679
2025-08-15 07:41:35.286178+00:00,30.56892452389002
2025-08-15 07:41:35.508161+00:00,30.58437637091265
2025-08-15 07:41:35.913896+00:00,30.57407513927319
2025-08-15 07:41:36.223015+00:00,30.563773908797884
2025-08-15 07:41:36.483486+00:00,30.57407513927319
2025-08-15 07:41:36.722715+00:00,30.56892452389002
2025-08-15 07:41:37.024529+00:00,30.5792257549474
2025-08-15 07:41:37.508572+00:00,30.5792257549474
2025-08-15 07:41:37.826111+00:00,30.594677603716264
2025-08-15 07:41:38.076796+00:00,30.58437637091265
2025-08-15 07:41:39.541765+00:00,30.589526987168938
2025-08-15 07:41:40.382198+00:00,30.594677603716264
2025-08-15 07:41:42.782057+00:00,30.599828220554627
2025-08-15 07:41:44.757576+00:00,30.599828220554627
2025-08-15 07:41:45.614099+00:00,30.589526987168938
2025-08-15 07:41:48.930071+00:00,30.589526987168938
2025-08-15 07:41:49.451442+00:00,30.589526987168938
2025-08-15 07:41:50.030047+00:00,30.589526987168938
2025-08-15 07:41:51.299545+00:00,30.599828220554627
2025-08-15 07:41:51.842536+00:00,30.60497883768403
2025-08-15 07:41:52.110565+00:00,30.599828220554627
2025-08-15 07:41:55.250508+00:00,30.594677603716264
2025-08-15 07:41:55.770545+00:00,30.58437637091265
2025-08-15 07:41:56.135746+00:00,30.589526987168938
2025-08-15 07:41:56.729270+00:00,30.589526987168938
2025-08-15 07:41:56.946837+00:00,30.589526987168938
2025-08-15 07:41:57.304528+00:00,30.599828220554627
2025-08-15 07:41:59.864971+00:00,30.589526987168938
2025-08-15 07:42:00.290772+00:00,30.589526987168938
2025-08-15 07:42:00.583137+00:00,30.589526987168938
2025-08-15 07:42:00.905645+00:00,30.589526987168938
2025-08-15 07:42:02.599839+00:00,30.589526987168938
2025-08-15 07:42:03.646626+00:00,30.5792257549474
2025-08-15 07:42:05.442682+00:00,30.599828220554627
2025-08-15 07:42:05.785451+00:00,30.589526987168938
2025-08-15 07:42:10.991147+00:00,30.61012945510447
2025-08-15 07:42:11.209327+00:00,30.60497883768403
2025-08-15 07:42:11.409201+00:00,30.60497883768403
2025-08-15 07:42:11.674579+00:00,30.620430690818466
2025-08-15 07:42:12.189575+00:00,30.61012945510447
2025-08-15 07:42:13.531377+00:00,30.61012945510447
2025-08-15 07:42:14.233864+00:00,30.599828220554627
2025-08-15 07:42:16.457540+00:00,30.61012945510447
2025-08-15 07:42:18.033676+00:00,30.599828220554627
2025-08-15 07:42:19.981193+00:00,30.61528007281595
2025-08-15 07:42:20.992925+00:00,30.61528007281595
2025-08-15 07:42:21.724022+00:00,30.61012945510447
2025-08-15 07:42:22.096929+00:00,30.60497883768403
2025-08-15 07:42:22.564660+00:00,30.620430690818466
2025-08-15 07:42:23.516913+00:00,30.61012945510447
2025-08-15 07:42:25.110194+00:00,30.599828220554627
2025-08-15 07:42:28.880947+00:00,30.61012945510447
2025-08-15 07:42:29.857980+00:00,30.60497883768403
2025-08-15 07:42:33.960480+00:00,30.646183785196627
2025-08-15 07:42:34.268894+00:00,30.630731927696615
2025-08-15 07:42:35.279722+00:00,30.646183785196627
2025-08-15 07:42:36.617648+00:00,30.651334404945374
2025-08-15 07:42:37.795864+00:00,30.65648502498516
2025-08-15 07:42:39.199135+00:00,30.646183785196627
2025-08-15 07:42:40.113680+00:00,30.651334404945374
2025-08-15 07:42:40.277735+00:00,30.65648502498516
2025-08-15 07:42:40.865929+00:00,30.651334404945374
2025-08-15 07:42:41.171397+00:00,30.651334404945374
2025-08-15 07:42:41.421101+00:00,30.651334404945374
2025-08-15 07:42:41.663209+00:00,30.661635645315982
2025-08-15 07:42:41.891573+00:00,30.65648502498516
2025-08-15 07:42:45.458267+00:00,30.651334404945374
2025-08-15 07:42:48.857959+00:00,30.641033165738918
2025-08-15 07:42:49.789817+00:00,30.646183785196627
2025-08-15 07:42:51.339747+00:00,30.641033165738918
2025-08-15 07:42:52.388024+00:00,30.641033165738918
2025-08-15 07:42:53.549330+00:00,30.635882546572248
2025-08-15 07:42:54.167320+00:00,30.630731927696615
2025-08-15 07:42:55.931147+00:00,30.630731927696615
2025-08-15 07:42:58.101766+00:00,30.620430690818466
2025-08-15 07:42:58.451091+00:00,30.61528007281595
2025-08-15 07:42:59.672748+00:00,30.61528007281595
2025-08-15 07:43:01.763323+00:00,30.60497883768403
2025-08-15 07:43:02.114505+00:00,30.599828220554627
2025-08-15 07:43:02.441724+00:00,30.60497883768403
2025-08-15 07:43:02.998316+00:00,30.599828220554627
2025-08-15 07:43:07.740559+00:00,30.589526987168938
2025-08-15 07:43:09.311097+00:00,30.589526987168938
2025-08-15 07:43:11.379037+00:00,30.5792257549474
2025-08-15 07:43:12.621678+00:00,30.5792257549474
2025-08-15 07:43:14.597937+00:00,30.57407513927319
2025-08-15 07:43:17.323376+00:00,30.563773908797884
2025-08-15 07:43:18.797109+00:00,30.56892452389002
2025-08-15 07:43:19.104559+00:00,30.55862329399679
2025-08-15 07:43:21.470331+00:00,30.563773908797884
2025-08-15 07:43:21.837388+00:00,30.55347267948673
2025-08-15 07:43:22.813332+00:00,30.55347267948673
2025-08-15 07:43:24.451162+00:00,30.548322065267712
2025-08-15 07:43:24.920291+00:00,30.548322065267712
2025-08-15 07:43:26.763004+00:00,30.548322065267712
2025-08-15 07:43:27.713823+00:00,30.55862329399679
2025-08-15 07:43:27.939464+00:00,30.53802083770279
2025-08-15 07:43:28.220540+00:00,30.53802083770279
2025-08-15 07:43:28.471837+00:00,30.54317145133973
2025-08-15 07:43:28.705908+00:00,30.53802083770279
2025-08-15 07:43:29.249824+00:00,30.548322065267712
2025-08-15 07:43:30.695046+00:00,30.53802083770279
2025-08-15 07:43:31.363086+00:00,30.52256899853819
2025-08-15 07:43:31.731864+00:00,30.532870224356884
2025-08-15 07:43:32.081358+00:00,30.54317145133973
2025-08-15 07:43:33.740653+00:00,30.52256899853819
2025-08-15 07:43:34.336039+00:00,30.52256899853819
2025-08-15 07:43:34.672349+00:00,30.527719611302018
2025-08-15 07:43:35.463955+00:00,30.54317145133973
2025-08-15 07:43:37.076273+00:00,30.5174183860654
2025-08-15 07:43:37.297322+00:00,30.54317145133973
2025-08-15 07:43:37.555304+00:00,30.55347267948673
2025-08-15 07:43:39.267284+00:00,30.507117161992937
2025-08-15 07:43:39.877204+00:00,30.5174183860654
2025-08-15 07:43:43.027968+00:00,30.507117161992937
2025-08-15 07:43:43.555143+00:00,30.501966550393263
2025-08-15 07:43:44.380318+00:00,30.507117161992937
2025-08-15 07:43:45.512129+00:00,30.496815939084627
2025-08-15 07:43:49.737804+00:00,30.51226777388365
2025-08-15 07:43:52.649808+00:00,30.501966550393263
2025-08-15 07:43:54.467909+00:00,30.507117161992937
2025-08-15 07:43:55.898062+00:00,30.49166532806703
2025-08-15 07:43:57.419814+00:00,30.501966550393263
2025-08-15 07:43:58.027239+00:00,30.496815939084627
2025-08-15 07:43:59.505871+00:00,30.496815939084627
2025-08-15 07:44:00.088593+00:00,30.481364106904948
2025-08-15 07:44:01.504337+00:00,30.48651471734047
2025-08-15 07:44:03.654918+00:00,30.48651471734047
2025-08-15 07:44:05.338814+00:00,30.481364106904948
2025-08-15 07:44:11.614809+00:00,30.47106288690702
2025-08-15 07:44:12.842949+00:00,30.465912277344614
2025-08-15 07:44:13.247733+00:00,30.47106288690702
2025-08-15 07:44:14.087987+00:00,30.465912277344614
2025-08-15 07:44:17.423265+00:00,30.460761668073246
2025-08-15 07:44:19.160278+00:00,30.460761668073246
2025-08-15 07:44:21.499745+00:00,30.455611059092917
2025-08-15 07:44:21.966534+00:00,30.455611059092917
2025-08-15 07:44:23.486723+00:00,30.445309842005372
2025-08-15 07:44:28.519442+00:00,30.455611059092917
2025-08-15 07:44:28.786006+00:00,30.450460450403625
2025-08-15 07:44:29.171600+00:00,30.450460450403625
2025-08-15 07:44:29.487135+00:00,30.450460450403625
2025-08-15 07:44:29.812889+00:00,30.450460450403625
2025-08-15 07:44:32.797684+00:00,30.455611059092917
2025-08-15 07:44:33.774158+00:00,30.450460450403625
2025-08-15 07:44:34.000820+00:00,30.450460450403625
2025-08-15 07:44:34.262988+00:00,30.450460450403625
2025-08-15 07:44:34.538524+00:00,30.450460450403625
2025-08-15 07:44:34.853758+00:00,30.455611059092917
2025-08-15 07:44:36.875176+00:00,30.450460450403625
2025-08-15 07:44:39.630055+00:00,30.445309842005372
2025-08-15 07:44:44.896410+00:00,30.455611059092917
2025-08-15 07:44:50.063229+00:00,30.455611059092917
2025-08-15 07:44:53.670754+00:00,30.476213496760465
2025-08-15 07:44:53.934515+00:00,30.465912277344614
2025-08-15 07:44:55.119718+00:00,30.460761668073246
2025-08-15 07:44:55.679501+00:00,30.465912277344614
2025-08-15 07:44:57.486789+00:00,30.465912277344614
2025-08-15 07:44:57.885075+00:00,30.47106288690702
2025-08-15 07:44:58.903186+00:00,30.476213496760465
2025-08-15 07:44:59.456653+00:00,30.476213496760465
2025-08-15 07:45:04.112856+00:00,30.476213496760465
2025-08-15 07:45:07.045276+00:00,30.460761668073246
2025-08-15 07:45:10.244365+00:00,30.460761668073246
2025-08-15 07:45:10.635882+00:00,30.465912277344614
2025-08-15 07:45:14.270046+00:00,30.465912277344614
2025-08-15 07:45:15.396892+00:00,30.47106288690702
2025-08-15 07:45:16.508396+00:00,30.476213496760465
2025-08-15 07:45:18.461732+00:00,30.481364106904948
2025-08-15 07:45:20.276293+00:00,30.476213496760465
2025-08-15 07:45:21.061333+00:00,30.481364106904948
2025-08-15 07:45:21.520509+00:00,30.481364106904948
2025-08-15 07:45:22.112792+00:00,30.496815939084627
2025-08-15 07:45:23.142455+00:00,30.48651471734047
2025-08-15 07:45:28.753204+00:00,30.476213496760465
2025-08-15 07:45:29.206143+00:00,30.481364106904948
2025-08-15 07:45:29.987172+00:00,30.481364106904948
2025-08-15 07:45:31.957133+00:00,30.48651471734047
2025-08-15 07:45:33.094281+00:00,30.48651471734047
2025-08-15 07:45:33.496538+00:00,30.496815939084627
2025-08-15 07:45:33.977014+00:00,30.49166532806703
2025-08-15 07:45:35.023631+00:00,30.496815939084627
2025-08-15 07:45:35.323149+00:00,30.48651471734047
2025-08-15 07:45:36.681220+00:00,30.48651471734047
2025-08-15 07:45:40.150302+00:00,30.496815939084627
2025-08-15 07:45:40.863827+00:00,30.496815939084627
2025-08-15 07:45:41.399843+00:00,30.507117161992937
2025-08-15 07:45:41.825492+00:00,30.49166532806703
2025-08-15 07:45:42.962033+00:00,30.507117161992937
2025-08-15 07:45:43.446432+00:00,30.49166532806703
2025-08-15 07:45:44.032823+00:00,30.49166532806703
2025-08-15 07:45:45.641219+00:00,30.49166532806703
2025-08-15 07:45:50.909644+00:00,30.496815939084627
2025-08-15 07:45:51.403924+00:00,30.48651471734047
2025-08-15 07:45:52.426144+00:00,30.496815939084627
2025-08-15 07:45:53.143101+00:00,30.49166532806703
2025-08-15 07:45:53.561804+00:00,30.49166532806703
2025-08-15 07:45:54.561688+00:00,30.496815939084627
2025-08-15 07:45:56.541064+00:00,30.48651471734047
2025-08-15 07:45:57.320388+00:00,30.48651471734047
2025-08-15 07:45:58.998818+00:00,30.507117161992937
2025-08-15 07:46:01.036847+00:00,30.496815939084627
2025-08-15 07:46:01.479440+00:00,30.49166532806703
2025-08-15 07:46:02.343337+00:00,30.48651471734047
2025-08-15 07:46:03.160702+00:00,30.49166532806703
2025-08-15 07:46:07.629275+00:00,30.496815939084627
2025-08-15 07:46:08.076502+00:00,30.48651471734047
2025-08-15 07:46:08.521869+00:00,30.49166532806703
2025-08-15 07:46:10.667638+00:00,30.476213496760465
2025-08-15 07:46:11.636390+00:00,30.481364106904948
2025-08-15 07:46:11.954328+00:00,30.481364106904948
2025-08-15 07:46:12.539982+00:00,30.48651471734047
2025-08-15 07:46:13.053294+00:00,30.481364106904948
2025-08-15 07:46:13.340850+00:00,30.481364106904948
2025-08-15 07:46:13.578593+00:00,30.481364106904948
2025-08-15 07:46:14.779946+00:00,30.476213496760465
2025-08-15 07:46:15.664451+00:00,30.481364106904948
2025-08-15 07:46:15.999899+00:00,30.48651471734047
2025-08-15 07:46:16.444101+00:00,30.49166532806703
2025-08-15 07:46:19.538007+00:00,30.48651471734047
2025-08-15 07:46:20.401590+00:00,30.476213496760465
2025-08-15 07:46:22.011295+00:00,30.476213496760465
2025-08-15 07:46:22.569780+00:00,30.481364106904948
2025-08-15 07:46:22.882860+00:00,30.48651471734047
2025-08-15 07:46:23.151535+00:00,30.481364106904948
2025-08-15 07:46:23.427271+00:00,30.48651471734047
2025-08-15 07:46:25.030751+00:00,30.49166532806703
2025-08-15 07:46:25.887264+00:00,30.481364106904948
2025-08-15 07:46:26.151829+00:00,30.496815939084627
2025-08-15 07:46:28.013879+00:00,30.481364106904948
2025-08-15 07:46:28.403874+00:00,30.460761668073246
2025-08-15 07:46:31.673238+00:00,30.476213496760465
2025-08-15 07:46:31.991938+00:00,30.47106288690702
2025-08-15 07:46:34.127948+00:00,30.47106288690702
2025-08-15 07:46:34.418456+00:00,30.476213496760465
2025-08-15 07:46:35.077454+00:00,30.47106288690702
2025-08-15 07:46:35.610884+00:00,30.481364106904948
2025-08-15 07:46:35.884026+00:00,30.476213496760465
2025-08-15 07:46:37.236575+00:00,30.48651471734047
2025-08-15 07:46:37.620112+00:00,30.47106288690702
2025-08-15 07:46:41.774167+00:00,30.476213496760465
2025-08-15 07:46:43.220043+00:00,30.476213496760465
2025-08-15 07:46:45.319390+00:00,30.476213496760465
2025-08-15 07:46:45.875369+00:00,30.476213496760465
2025-08-15 07:46:47.336437+00:00,30.476213496760465
2025-08-15 07:46:52.267897+00:00,30.465912277344614
2025-08-15 07:46:55.170480+00:00,30.476213496760465
2025-08-15 07:46:55.517581+00:00,30.47106288690702
2025-08-15 07:46:58.318987+00:00,30.465912277344614
2025-08-15 07:46:59.807523+00:00,30.496815939084627
2025-08-15 07:47:01.692436+00:00,30.501966550393263
2025-08-15 07:47:04.050970+00:00,30.507117161992937
2025-08-15 07:47:04.410499+00:00,30.501966550393263
2025-08-15 07:47:06.441958+00:00,30.496815939084627
2025-08-15 07:47:07.092680+00:00,30.507117161992937
2025-08-15 07:47:09.482086+00:00,30.507117161992937
2025-08-15 07:47:11.000655+00:00,30.51226777388365
2025-08-15 07:47:13.233300+00:00,30.52256899853819
2025-08-15 07:47:14.593536+00:00,30.51226777388365
2025-08-15 07:47:15.623525+00:00,30.5174183860654
2025-08-15 07:47:17.029546+00:00,30.51226777388365
2025-08-15 07:47:19.273141+00:00,30.51226777388365
2025-08-15 07:47:20.259713+00:00,30.5174183860654
2025-08-15 07:47:23.634321+00:00,30.53802083770279
2025-08-15 07:47:24.910032+00:00,30.5174183860654
2025-08-15 07:47:25.255408+00:00,30.5174183860654
2025-08-15 07:47:25.772704+00:00,30.5174183860654
2025-08-15 07:47:25.982464+00:00,30.53802083770279
2025-08-15 07:47:26.208355+00:00,30.532870224356884
2025-08-15 07:47:26.434988+00:00,30.532870224356884
2025-08-15 07:47:27.209852+00:00,30.5174183860654
2025-08-15 07:47:29.205767+00:00,30.5174183860654
2025-08-15 07:47:30.491151+00:00,30.53802083770279
2025-08-15 07:47:31.554230+00:00,30.52256899853819
2025-08-15 07:47:35.429367+00:00,30.532870224356884
2025-08-15 07:47:35.983278+00:00,30.527719611302018
2025-08-15 07:47:37.023440+00:00,30.54317145133973
2025-08-15 07:47:37.309236+00:00,30.53802083770279
2025-08-15 07:47:39.558134+00:00,30.53802083770279
2025-08-15 07:47:41.141057+00:00,30.53802083770279
2025-08-15 07:47:42.137302+00:00,30.53802083770279
2025-08-15 07:47:43.812018+00:00,30.527719611302018
2025-08-15 07:47:46.919821+00:00,30.53802083770279
2025-08-15 07:47:48.516829+00:00,30.527719611302018
2025-08-15 07:47:48.932497+00:00,30.53802083770279
2025-08-15 07:47:49.845407+00:00,30.53802083770279
2025-08-15 07:47:52.365800+00:00,30.548322065267712
2025-08-15 07:47:53.498232+00:00,30.54317145133973
2025-08-15 07:47:53.865568+00:00,30.54317145133973
2025-08-15 07:47:54.113750+00:00,30.54317145133973
2025-08-15 07:47:55.980463+00:00,30.53802083770279
2025-08-15 07:48:00.248868+00:00,30.53802083770279
2025-08-15 07:48:02.349518+00:00,30.527719611302018
2025-08-15 07:48:04.866493+00:00,30.548322065267712
2025-08-15 07:48:06.091274+00:00,30.548322065267712
2025-08-15 07:48:09.993122+00:00,30.548322065267712
2025-08-15 07:48:10.978880+00:00,30.527719611302018
2025-08-15 07:48:18.684403+00:00,30.527719611302018
2025-08-15 07:48:18.926853+00:00,30.53802083770279
2025-08-15 07:48:19.258828+00:00,30.53802083770279
2025-08-15 07:48:20.002671+00:00,30.548322065267712
2025-08-15 07:48:25.017971+00:00,30.55862329399679
2025-08-15 07:48:25.250374+00:00,30.55347267948673
2025-08-15 07:48:25.492975+00:00,30.53802083770279
2025-08-15 07:48:26.625557+00:00,30.54317145133973
2025-08-15 07:48:27.639279+00:00,30.527719611302018
2025-08-15 07:48:29.434047+00:00,30.55347267948673
2025-08-15 07:48:29.913294+00:00,30.54317145133973
2025-08-15 07:48:31.772003+00:00,30.55862329399679
2025-08-15 07:48:33.428520+00:00,30.55862329399679
2025-08-15 07:48:34.974248+00:00,30.55862329399679
2025-08-15 07:48:37.723581+00:00,30.55347267948673
2025-08-15 07:48:40.823390+00:00,30.54317145133973
2025-08-15 07:48:41.531653+00:00,30.53802083770279
2025-08-15 07:48:42.714465+00:00,30.53802083770279
2025-08-15 07:48:43.802029+00:00,30.527719611302018
2025-08-15 07:48:44.249346+00:00,30.53802083770279
2025-08-15 07:48:44.542490+00:00,30.52256899853819
2025-08-15 07:48:44.753203+00:00,30.527719611302018
2025-08-15 07:48:44.977936+00:00,30.53802083770279
2025-08-15 07:48:46.337074+00:00,30.53802083770279
2025-08-15 07:48:47.371398+00:00,30.53802083770279
2025-08-15 07:48:49.792162+00:00,30.5174183860654
2025-08-15 07:48:50.782725+00:00,30.53802083770279
2025-08-15 07:48:52.631660+00:00,30.52256899853819
2025-08-15 07:48:54.894895+00:00,30.52256899853819
2025-08-15 07:48:55.940695+00:00,30.51226777388365
2025-08-15 07:48:57.076164+00:00,30.527719611302018
2025-08-15 07:48:58.912813+00:00,30.527719611302018
2025-08-15 07:49:03.082162+00:00,30.5174183860654
2025-08-15 07:49:05.146547+00:00,30.53802083770279
2025-08-15 07:49:06.322232+00:00,30.5174183860654
2025-08-15 07:49:14.383985+00:00,30.507117161992937
2025-08-15 07:49:15.011277+00:00,30.5174183860654
2025-08-15 07:49:16.391896+00:00,30.51226777388365
2025-08-15 07:49:17.995664+00:00,30.5174183860654
2025-08-15 07:49:19.631466+00:00,30.53802083770279
2025-08-15 07:49:19.874861+00:00,30.527719611302018
2025-08-15 07:49:20.099791+00:00,30.527719611302018
2025-08-15 07:49:22.041369+00:00,30.54317145133973
2025-08-15 07:49:23.892255+00:00,30.53802083770279
2025-08-15 07:49:25.324828+00:00,30.54317145133973
2025-08-15 07:49:26.157263+00:00,30.548322065267712
2025-08-15 07:49:29.290275+00:00,30.52256899853819
2025-08-15 07:49:31.817773+00:00,30.527719611302018
2025-08-15 07:49:33.346727+00:00,30.496815939084627
2025-08-15 07:49:36.307741+00:00,30.54317145133973
2025-08-15 07:49:37.318843+00:00,30.53802083770279
2025-08-15 07:49:37.608035+00:00,30.53802083770279
2025-08-15 07:49:38.566268+00:00,30.53802083770279
2025-08-15 07:49:39.390541+00:00,30.55347267948673
2025-08-15 07:49:40.586233+00:00,30.55862329399679
2025-08-15 07:49:42.634821+00:00,30.54317145133973
2025-08-15 07:49:43.895128+00:00,30.55862329399679
2025-08-15 07:49:46.098260+00:00,30.55862329399679
2025-08-15 07:49:46.578133+00:00,30.53802083770279
2025-08-15 07:49:47.525024+00:00,30.548322065267712
2025-08-15 07:49:48.296083+00:00,30.55347267948673
2025-08-15 07:49:52.052941+00:00,30.548322065267712
2025-08-15 07:49:52.557068+00:00,30.548322065267712
2025-08-15 07:49:54.757578+00:00,30.53802083770279
2025-08-15 07:49:56.777972+00:00,30.54317145133973
2025-08-15 07:49:59.981146+00:00,30.527719611302018
2025-08-15 07:50:00.521652+00:00,30.53802083770279
2025-08-15 07:50:01.047921+00:00,30.54317145133973
2025-08-15 07:50:04.225090+00:00,30.52256899853819
2025-08-15 07:50:09.006031+00:00,30.548322065267712
2025-08-15 07:50:09.479737+00:00,30.548322065267712
2025-08-15 07:50:10.860145+00:00,30.527719611302018
2025-08-15 07:50:11.727816+00:00,30.527719611302018
2025-08-15 07:50:15.828351+00:00,30.54317145133973
2025-08-15 07:50:18.180032+00:00,30.53802083770279
2025-08-15 07:50:18.612985+00:00,30.527719611302018
2025-08-15 07:50:18.905999+00:00,30.527719611302018
2025-08-15 07:50:19.229898+00:00,30.548322065267712
2025-08-15 07:50:21.915068+00:00,30.527719611302018
2025-08-15 07:50:22.840551+00:00,30.53802083770279
2025-08-15 07:50:23.398684+00:00,30.52256899853819
2025-08-15 07:50:23.753815+00:00,30.53802083770279
2025-08-15 07:50:24.511187+00:00,30.532870224356884
2025-08-15 07:50:26.885125+00:00,30.53802083770279
2025-08-15 07:50:27.603544+00:00,30.52256899853819
2025-08-15 07:50:27.960835+00:00,30.52256899853819
2025-08-15 07:50:28.319947+00:00,30.5174183860654
2025-08-15 07:50:29.920138+00:00,30.53802083770279
2025-08-15 07:50:33.399956+00:00,30.527719611302018
2025-08-15 07:50:35.161838+00:00,30.527719611302018
2025-08-15 07:50:38.419730+00:00,30.532870224356884
2025-08-15 07:50:41.243918+00:00,30.527719611302018
2025-08-15 07:50:42.765071+00:00,30.51226777388365
2025-08-15 07:50:43.701720+00:00,30.52256899853819
2025-08-15 07:50:44.321499+00:00,30.527719611302018
2025-08-15 07:50:44.704389+00:00,30.507117161992937
2025-08-15 07:50:47.427322+00:00,30.5174183860654
2025-08-15 07:50:47.777687+00:00,30.527719611302018
2025-08-15 07:50:48.452719+00:00,30.548322065267712
2025-08-15 07:50:49.809022+00:00,30.55347267948673
2025-08-15 07:50:50.058640+00:00,30.5792257549474
2025-08-15 07:50:50.367026+00:00,30.58437637091265
2025-08-15 07:50:50.577878+00:00,30.58437637091265
2025-08-15 07:50:52.950026+00:00,30.5792257549474
2025-08-15 07:50:54.930779+00:00,30.58437637091265
2025-08-15 07:50:56.847679+00:00,30.599828220554627
2025-08-15 07:50:58.834547+00:00,30.58437637091265
2025-08-15 07:51:00.189590+00:00,30.589526987168938
2025-08-15 07:51:01.441004+00:00,30.589526987168938
2025-08-15 07:51:01.917468+00:00,30.589526987168938
2025-08-15 07:51:02.362020+00:00,30.589526987168938
2025-08-15 07:51:07.072628+00:00,30.589526987168938
2025-08-15 07:51:10.056034+00:00,30.594677603716264
2025-08-15 07:51:11.326781+00:00,30.589526987168938
2025-08-15 07:51:12.063011+00:00,30.599828220554627
2025-08-15 07:51:12.388214+00:00,30.61012945510447
2025-08-15 07:51:15.236081+00:00,30.61012945510447
2025-08-15 07:51:16.406922+00:00,30.62558130911202
2025-08-15 07:51:17.693349+00:00,30.630731927696615
2025-08-15 07:51:18.234267+00:00,30.630731927696615
2025-08-15 07:51:18.651858+00:00,30.62558130911202
2025-08-15 07:51:18.912559+00:00,30.630731927696615
2025-08-15 07:51:21.109587+00:00,30.630731927696615
2025-08-15 07:51:21.312503+00:00,30.641033165738918
2025-08-15 07:51:24.310249+00:00,30.651334404945374
2025-08-15 07:51:26.600043+00:00,30.62558130911202
2025-08-15 07:51:30.528649+00:00,30.651334404945374
2025-08-15 07:51:32.957585+00:00,30.651334404945374
2025-08-15 07:51:34.177929+00:00,30.641033165738918
2025-08-15 07:51:34.396127+00:00,30.651334404945374
2025-08-15 07:51:34.611998+00:00,30.651334404945374
2025-08-15 07:51:34.856701+00:00,30.646183785196627
2025-08-15 07:51:36.017454+00:00,30.65648502498516
2025-08-15 07:51:39.098706+00:00,30.641033165738918
2025-08-15 07:51:40.862446+00:00,30.651334404945374
2025-08-15 07:51:43.372246+00:00,30.65648502498516
2025-08-15 07:51:44.414011+00:00,30.641033165738918
2025-08-15 07:51:46.133593+00:00,30.641033165738918
2025-08-15 07:51:47.590344+00:00,30.641033165738918
2025-08-15 07:51:50.940696+00:00,30.651334404945374
2025-08-15 07:51:52.419004+00:00,30.671936886850744
2025-08-15 07:51:53.479673+00:00,30.671936886850744
2025-08-15 07:51:53.898930+00:00,30.671936886850744
2025-08-15 07:51:54.112164+00:00,30.661635645315982
2025-08-15 07:51:58.441958+00:00,30.677087508054683
2025-08-15 07:51:59.231996+00:00,30.671936886850744
2025-08-15 07:51:59.457936+00:00,30.671936886850744
2025-08-15 07:52:00.884912+00:00,30.671936886850744
2025-08-15 07:52:10.665095+00:00,30.671936886850744
2025-08-15 07:52:12.160373+00:00,30.70799124139012
2025-08-15 07:52:14.733561+00:00,30.70799124139012
2025-08-15 07:52:15.134799+00:00,30.70284061843995
2025-08-15 07:52:15.614969+00:00,30.713141864631325
2025-08-15 07:52:16.947963+00:00,30.70799124139012
2025-08-15 07:52:17.555481+00:00,30.70799124139012
2025-08-15 07:52:17.905949+00:00,30.713141864631325
2025-08-15 07:52:18.285726+00:00,30.723443111986853
2025-08-15 07:52:18.668078+00:00,30.723443111986853
2025-08-15 07:52:19.017095+00:00,30.723443111986853
2025-08-15 07:52:19.684738+00:00,30.728593736101175
2025-08-15 07:52:19.835222+00:00,30.738894985202933
2025-08-15 07:52:20.051743+00:00,30.733744360506535
2025-08-15 07:52:20.295943+00:00,30.738894985202933
2025-08-15 07:52:20.823137+00:00,30.728593736101175
2025-08-15 07:52:21.152194+00:00,30.728593736101175
2025-08-15 07:52:21.473513+00:00,30.74404561019037
2025-08-15 07:52:21.698902+00:00,30.74404561019037
2025-08-15 07:52:24.710207+00:00,30.74404561019037
2025-08-15 07:52:25.145406+00:00,30.733744360506535
2025-08-15 07:52:25.888649+00:00,30.728593736101175
2025-08-15 07:52:27.195185+00:00,30.74404561019037
2025-08-15 07:52:27.936440+00:00,30.764648113050498
2025-08-15 07:52:29.382579+00:00,30.74404561019037
2025-08-15 07:52:30.109209+00:00,30.738894985202933
2025-08-15 07:52:32.217456+00:00,30.733744360506535
2025-08-15 07:52:37.712753+00:00,30.764648113050498
2025-08-15 07:52:37.963446+00:00,30.749196235468844
2025-08-15 07:52:38.721161+00:00,30.74404561019037
2025-08-15 07:52:40.060250+00:00,30.74404561019037
2025-08-15 07:52:40.629049+00:00,30.74404561019037
2025-08-15 07:52:41.044960+00:00,30.749196235468844
2025-08-15 07:52:43.703581+00:00,30.754346861038357
2025-08-15 07:52:46.161448+00:00,30.764648113050498
2025-08-15 07:52:47.206335+00:00,30.769798739493126
2025-08-15 07:52:50.069654+00:00,30.769798739493126
2025-08-15 07:52:51.173693+00:00,30.769798739493126
2025-08-15 07:52:51.479363+00:00,30.78525062056724
2025-08-15 07:52:54.330262+00:00,30.780099993251497
2025-08-15 07:52:55.662769+00:00,30.78525062056724
2025-08-15 07:52:58.367806+00:00,30.769798739493126
2025-08-15 07:52:58.542094+00:00,30.774949366226792
2025-08-15 07:53:01.859903+00:00,30.79040124817402
2025-08-15 07:53:02.721184+00:00,30.79040124817402
2025-08-15 07:53:03.593225+00:00,30.79555187607184
2025-08-15 07:53:04.357223+00:00,30.79555187607184
2025-08-15 07:53:07.265962+00:00,30.78525062056724
2025-08-15 07:53:11.525834+00:00,30.805853132740594
2025-08-15 07:53:13.121285+00:00,30.79555187607184
2025-08-15 07:53:14.073489+00:00,30.79555187607184
2025-08-15 07:53:15.093484+00:00,30.805853132740594
2025-08-15 07:53:15.533103+00:00,30.8007025042607
2025-08-15 07:53:16.974640+00:00,30.805853132740594
2025-08-15 07:53:18.979443+00:00,30.805853132740594
2025-08-15 07:53:19.211170+00:00,30.8007025042607
2025-08-15 07:53:19.453774+00:00,30.8007025042607
2025-08-15 07:53:20.348564+00:00,30.79555187607184
2025-08-15 07:53:21.120383+00:00,30.79040124817402
2025-08-15 07:53:22.470165+00:00,30.79040124817402
2025-08-15 07:53:23.557311+00:00,30.78525062056724
2025-08-15 07:53:23.983011+00:00,30.78525062056724
2025-08-15 07:53:24.900448+00:00,30.78525062056724
2025-08-15 07:53:27.206678+00:00,30.79555187607184
2025-08-15 07:53:29.130227+00:00,30.8007025042607
2025-08-15 07:53:30.399900+00:00,30.8007025042607
2025-08-15 07:53:31.264142+00:00,30.81100376151153
2025-08-15 07:53:32.499516+00:00,30.805853132740594
2025-08-15 07:53:34.903292+00:00,30.79555187607184
2025-08-15 07:53:35.968792+00:00,30.805853132740594
2025-08-15 07:53:37.971135+00:00,30.79555187607184
2025-08-15 07:53:39.258626+00:00,30.79555187607184
2025-08-15 07:53:40.701873+00:00,30.8007025042607
2025-08-15 07:53:42.860649+00:00,30.805853132740594
2025-08-15 07:53:43.544876+00:00,30.78525062056724
2025-08-15 07:53:43.787568+00:00,30.79555187607184
2025-08-15 07:53:44.429851+00:00,30.79040124817402
2025-08-15 07:53:45.515349+00:00,30.78525062056724
2025-08-15 07:53:47.727779+00:00,30.780099993251497
2025-08-15 07:53:50.472597+00:00,30.764648113050498
2025-08-15 07:53:50.788272+00:00,30.774949366226792
2025-08-15 07:53:51.398477+00:00,30.764648113050498
2025-08-15 07:53:54.791082+00:00,30.764648113050498
2025-08-15 07:53:57.153136+00:00,30.764648113050498
2025-08-15 07:53:59.276417+00:00,30.774949366226792
2025-08-15 07:53:59.595120+00:00,30.764648113050498
2025-08-15 07:54:02.902254+00:00,30.769798739493126
2025-08-15 07:54:06.466139+00:00,30.75949748689891
2025-08-15 07:54:06.728368+00:00,30.769798739493126
2025-08-15 07:54:07.841483+00:00,30.774949366226792
2025-08-15 07:54:10.438215+00:00,30.764648113050498
2025-08-15 07:54:13.515398+00:00,30.754346861038357
2025-08-15 07:54:22.759656+00:00,30.74404561019037
2025-08-15 07:54:25.172579+00:00,30.74404561019037
2025-08-15 07:54:25.783410+00:00,30.728593736101175
2025-08-15 07:54:27.513073+00:00,30.723443111986853
2025-08-15 07:54:29.934623+00:00,30.69768999578082
2025-08-15 07:54:33.462640+00:00,30.671936886850744
2025-08-15 07:54:34.856809+00:00,30.646183785196627
2025-08-15 07:54:37.044075+00:00,30.599828220554627
2025-08-15 07:54:38.724267+00:00,30.58437637091265
2025-08-15 07:54:39.113326+00:00,30.589526987168938
2025-08-15 07:54:39.445737+00:00,30.58437637091265
2025-08-15 07:54:39.921277+00:00,30.5792257549474
2025-08-15 07:54:41.109095+00:00,30.57407513927319
2025-08-15 07:54:42.252920+00:00,30.56892452389002
2025-08-15 07:54:42.654278+00:00,30.56892452389002
2025-08-15 07:54:42.880805+00:00,30.563773908797884
2025-08-15 07:54:43.510590+00:00,30.563773908797884
2025-08-15 07:54:43.807856+00:00,30.563773908797884
2025-08-15 07:54:44.751368+00:00,30.548322065267712
2025-08-15 07:54:46.673441+00:00,30.55862329399679
2025-08-15 07:54:47.880644+00:00,30.53802083770279
2025-08-15 07:54:49.884328+00:00,30.527719611302018
2025-08-15 07:54:50.091231+00:00,30.52256899853819
2025-08-15 07:54:50.861029+00:00,30.5174183860654
2025-08-15 07:54:52.070214+00:00,30.507117161992937
2025-08-15 07:54:53.082187+00:00,30.5174183860654
2025-08-15 07:54:54.993294+00:00,30.507117161992937
2025-08-15 07:54:55.589121+00:00,30.501966550393263
2025-08-15 07:54:55.806997+00:00,30.496815939084627
2025-08-15 07:54:57.301035+00:00,30.501966550393263
2025-08-15 07:54:58.615685+00:00,30.496815939084627
2025-08-15 07:55:00.009191+00:00,30.49166532806703
2025-08-15 07:55:01.386937+00:00,30.507117161992937
2025-08-15 07:55:02.992681+00:00,30.501966550393263
2025-08-15 07:55:05.439993+00:00,30.501966550393263
2025-08-15 07:55:08.831079+00:00,30.48651471734047
2025-08-15 07:55:09.422074+00:00,30.49166532806703
2025-08-15 07:55:11.063005+00:00,30.496815939084627
2025-08-15 07:55:11.872462+00:00,30.496815939084627
2025-08-15 07:55:12.308232+00:00,30.496815939084627
2025-08-15 07:55:12.784454+00:00,30.507117161992937
2025-08-15 07:55:14.342048+00:00,30.501966550393263
2025-08-15 07:55:15.273594+00:00,30.51226777388365
2025-08-15 07:55:15.813300+00:00,30.507117161992937
2025-08-15 07:55:16.459917+00:00,30.51226777388365
2025-08-15 07:55:22.931539+00:00,30.51226777388365
2025-08-15 07:55:25.079135+00:00,30.52256899853819
2025-08-15 07:55:26.600788+00:00,30.5174183860654
2025-08-15 07:55:30.476443+00:00,30.5174183860654
2025-08-15 07:55:31.938050+00:00,30.5174183860654
2025-08-15 07:55:36.733818+00:00,30.532870224356884
2025-08-15 07:55:37.587051+00:00,30.507117161992937
2025-08-15 07:55:41.552010+00:00,30.5174183860654
2025-08-15 07:55:42.716845+00:00,30.49166532806703
2025-08-15 07:55:43.583100+00:00,30.49166532806703
2025-08-15 07:55:45.339153+00:00,30.47106288690702
2025-08-15 07:55:49.651296+00:00,30.450460450403625
2025-08-15 07:55:49.877715+00:00,30.445309842005372
2025-08-15 07:55:50.135894+00:00,30.455611059092917
2025-08-15 07:55:50.376332+00:00,30.455611059092917
2025-08-15 07:55:50.666847+00:00,30.465912277344614
2025-08-15 07:55:50.922346+00:00,30.460761668073246
2025-08-15 07:55:51.322542+00:00,30.455611059092917
2025-08-15 07:55:51.733858+00:00,30.460761668073246
2025-08-15 07:55:55.251486+00:00,30.445309842005372
2025-08-15 07:55:58.540771+00:00,30.43500862608198
2025-08-15 07:55:58.743091+00:00,30.43500862608198
2025-08-15 07:56:01.591660+00:00,30.43500862608198
2025-08-15 07:56:02.738219+00:00,30.43500862608198
2025-08-15 07:56:05.619376+00:00,30.429858018556843
2025-08-15 07:56:06.729518+00:00,30.424707411322743
2025-08-15 07:56:08.009424+00:00,30.429858018556843
2025-08-15 07:56:10.034109+00:00,30.43500862608198
2025-08-15 07:56:12.511353+00:00,30.43500862608198
2025-08-15 07:56:12.852619+00:00,30.440159233898157
2025-08-15 07:56:13.146373+00:00,30.429858018556843
2025-08-15 07:56:13.907623+00:00,30.424707411322743
2025-08-15 07:56:14.166547+00:00,30.445309842005372
2025-08-15 07:56:14.533336+00:00,30.445309842005372
2025-08-15 07:56:16.665831+00:00,30.440159233898157
2025-08-15 07:56:21.017807+00:00,30.440159233898157
2025-08-15 07:56:21.505955+00:00,30.445309842005372
2025-08-15 07:56:21.722450+00:00,30.440159233898157
2025-08-15 07:56:21.956568+00:00,30.445309842005372
2025-08-15 07:56:22.208978+00:00,30.450460450403625
2025-08-15 07:56:22.439928+00:00,30.450460450403625
2025-08-15 07:56:22.899265+00:00,30.440159233898157
2025-08-15 07:56:23.176647+00:00,30.43500862608198
2025-08-15 07:56:23.945080+00:00,30.440159233898157
2025-08-15 07:56:25.048396+00:00,30.445309842005372
2025-08-15 07:56:26.593247+00:00,30.445309842005372
2025-08-15 07:56:27.564804+00:00,30.440159233898157
2025-08-15 07:56:29.077118+00:00,30.43500862608198
2025-08-15 07:56:30.122862+00:00,30.445309842005372
2025-08-15 07:56:31.122080+00:00,30.445309842005372
2025-08-15 07:56:32.261734+00:00,30.450460450403625
2025-08-15 07:56:37.301350+00:00,30.450460450403625
2025-08-15 07:56:37.676825+00:00,30.47106288690702
2025-08-15 07:56:38.004130+00:00,30.460761668073246
2025-08-15 07:56:39.287722+00:00,30.460761668073246
2025-08-15 07:56:39.959286+00:00,30.465912277344614
2025-08-15 07:56:40.544005+00:00,30.460761668073246
2025-08-15 07:56:43.340066+00:00,30.47106288690702
2025-08-15 07:56:48.098854+00:00,30.460761668073246
2025-08-15 07:56:50.469359+00:00,30.450460450403625
2025-08-15 07:56:50.789177+00:00,30.455611059092917
2025-08-15 07:56:51.206088+00:00,30.445309842005372
2025-08-15 07:56:51.665393+00:00,30.455611059092917
2025-08-15 07:56:52.217126+00:00,30.440159233898157
2025-08-15 07:56:53.085334+00:00,30.445309842005372
2025-08-15 07:56:55.460583+00:00,30.445309842005372
2025-08-15 07:56:56.030661+00:00,30.429858018556843
2025-08-15 07:56:57.867543+00:00,30.440159233898157
2025-08-15 07:56:59.049954+00:00,30.440159233898157
2025-08-15 07:56:59.298107+00:00,30.440159233898157
2025-08-15 07:56:59.565265+00:00,30.450460450403625
2025-08-15 07:56:59.774963+00:00,30.450460450403625
2025-08-15 07:57:01.545933+00:00,30.429858018556843
2025-08-15 07:57:02.894780+00:00,30.440159233898157
2025-08-15 07:57:04.203460+00:00,30.440159233898157
2025-08-15 07:57:06.093898+00:00,30.43500862608198
2025-08-15 07:57:06.586798+00:00,30.43500862608198
2025-08-15 07:57:09.553522+00:00,30.43500862608198
2025-08-15 07:57:11.496145+00:00,30.43500862608198
2025-08-15 07:57:11.864366+00:00,30.43500862608198
2025-08-15 07:57:12.191717+00:00,30.43500862608198
2025-08-15 07:57:12.933447+00:00,30.43500862608198
2025-08-15 07:57:13.174070+00:00,30.43500862608198
2025-08-15 07:57:13.541960+00:00,30.445309842005372
2025-08-15 07:57:14.805645+00:00,30.445309842005372
2025-08-15 07:57:16.053863+00:00,30.424707411322743
2025-08-15 07:57:19.458120+00:00,30.43500862608198
2025-08-15 07:57:20.765724+00:00,30.440159233898157
2025-08-15 07:57:22.152568+00:00,30.43500862608198
2025-08-15 07:57:23.488533+00:00,30.440159233898157
2025-08-15 07:57:24.833095+00:00,30.445309842005372
2025-08-15 07:57:30.406333+00:00,30.455611059092917
2025-08-15 07:57:31.011550+00:00,30.455611059092917
2025-08-15 07:57:31.543868+00:00,30.460761668073246
2025-08-15 07:57:32.401692+00:00,30.476213496760465
2025-08-15 07:57:36.948547+00:00,30.501966550393263
2025-08-15 07:57:39.757394+00:00,30.507117161992937
2025-08-15 07:57:40.148190+00:00,30.5174183860654
2025-08-15 07:57:40.431342+00:00,30.53802083770279
2025-08-15 07:57:40.865684+00:00,30.5174183860654
2025-08-15 07:57:41.098107+00:00,30.5174183860654
2025-08-15 07:57:41.863775+00:00,30.5174183860654
2025-08-15 07:57:43.956122+00:00,30.54317145133973
2025-08-15 07:57:49.014684+00:00,30.58437637091265
2025-08-15 07:57:50.865434+00:00,30.5792257549474
2025-08-15 07:57:51.253556+00:00,30.589526987168938
2025-08-15 07:57:51.932352+00:00,30.594677603716264
2025-08-15 07:57:53.009759+00:00,30.599828220554627
2025-08-15 07:57:53.428108+00:00,30.60497883768403
2025-08-15 07:57:53.836591+00:00,30.61012945510447
2025-08-15 07:57:54.378062+00:00,30.61528007281595
2025-08-15 07:57:54.682249+00:00,30.61528007281595
2025-08-15 07:57:56.730063+00:00,30.620430690818466
2025-08-15 07:57:57.272035+00:00,30.630731927696615
2025-08-15 07:57:58.030848+00:00,30.635882546572248
2025-08-15 07:57:58.591387+00:00,30.646183785196627
2025-08-15 07:57:59.546906+00:00,30.651334404945374
2025-08-15 07:58:01.634995+00:00,30.641033165738918
2025-08-15 07:58:02.661730+00:00,30.641033165738918
2025-08-15 07:58:03.001569+00:00,30.646183785196627
2025-08-15 07:58:05.994016+00:00,30.635882546572248
2025-08-15 07:58:06.955540+00:00,30.641033165738918
2025-08-15 07:58:10.065907+00:00,30.630731927696615
2025-08-15 07:58:12.929562+00:00,30.630731927696615
2025-08-15 07:58:13.240306+00:00,30.62558130911202
2025-08-15 07:58:14.523112+00:00,30.620430690818466
2025-08-15 07:58:16.326071+00:00,30.62558130911202
2025-08-15 07:58:18.438352+00:00,30.61528007281595
2025-08-15 07:58:18.710712+00:00,30.61012945510447
2025-08-15 07:58:19.424133+00:00,30.61528007281595
2025-08-15 07:58:20.903532+00:00,30.61012945510447
2025-08-15 07:58:22.818542+00:00,30.61012945510447
2025-08-15 07:58:23.247375+00:00,30.61012945510447
2025-08-15 07:58:25.298093+00:00,30.594677603716264
2025-08-15 07:58:26.662077+00:00,30.60497883768403
2025-08-15 07:58:28.631972+00:00,30.589526987168938
2025-08-15 07:58:29.141540+00:00,30.57407513927319
2025-08-15 07:58:33.781595+00:00,30.56892452389002
2025-08-15 07:58:34.239470+00:00,30.563773908797884
2025-08-15 07:58:36.126877+00:00,30.55862329399679
2025-08-15 07:58:37.924408+00:00,30.563773908797884
2025-08-15 07:58:39.102965+00:00,30.55862329399679
2025-08-15 07:58:40.021587+00:00,30.563773908797884
2025-08-15 07:58:41.946792+00:00,30.563773908797884
2025-08-15 07:58:44.291922+00:00,30.55862329399679
2025-08-15 07:58:48.595903+00:00,30.55862329399679
2025-08-15 07:58:49.123840+00:00,30.54317145133973
2025-08-15 07:58:49.597793+00:00,30.53802083770279
2025-08-15 07:58:49.872055+00:00,30.563773908797884
2025-08-15 07:58:50.124014+00:00,30.563773908797884
2025-08-15 07:58:50.416538+00:00,30.56892452389002
2025-08-15 07:58:52.131764+00:00,30.548322065267712
2025-08-15 07:58:54.042553+00:00,30.55347267948673
2025-08-15 07:58:54.304828+00:00,30.548322065267712
2025-08-15 07:58:54.680224+00:00,30.55862329399679
2025-08-15 07:58:56.241255+00:00,30.53802083770279
2025-08-15 07:58:56.623736+00:00,30.55347267948673
2025-08-15 07:58:56.897664+00:00,30.54317145133973
2025-08-15 07:58:59.459243+00:00,30.53802083770279
2025-08-15 07:58:59.725046+00:00,30.53802083770279
2025-08-15 07:59:00.000500+00:00,30.54317145133973
2025-08-15 07:59:00.313456+00:00,30.53802083770279
2025-08-15 07:59:00.646156+00:00,30.54317145133973
2025-08-15 07:59:06.042223+00:00,30.5174183860654
2025-08-15 07:59:11.601498+00:00,30.532870224356884
2025-08-15 07:59:11.971308+00:00,30.54317145133973
2025-08-15 07:59:12.805597+00:00,30.52256899853819
2025-08-15 07:59:13.984321+00:00,30.5174183860654
2025-08-15 07:59:14.389907+00:00,30.52256899853819
2025-08-15 07:59:14.914838+00:00,30.527719611302018
2025-08-15 07:59:16.170850+00:00,30.548322065267712
2025-08-15 07:59:17.666553+00:00,30.527719611302018
2025-08-15 07:59:21.615997+00:00,30.52256899853819
2025-08-15 07:59:22.268330+00:00,30.548322065267712
2025-08-15 07:59:22.753971+00:00,30.5174183860654
2025-08-15 07:59:23.872840+00:00,30.52256899853819
2025-08-15 07:59:25.763215+00:00,30.5174183860654
2025-08-15 07:59:26.055806+00:00,30.527719611302018
2025-08-15 07:59:27.537949+00:00,30.527719611302018
2025-08-15 07:59:30.916499+00:00,30.51226777388365
2025-08-15 07:59:34.670635+00:00,30.51226777388365
2025-08-15 07:59:35.287240+00:00,30.501966550393263
2025-08-15 07:59:35.798087+00:00,30.507117161992937
2025-08-15 07:59:36.025258+00:00,30.507117161992937
2025-08-15 07:59:36.521905+00:00,30.5174183860654
2025-08-15 07:59:37.210665+00:00,30.496815939084627
2025-08-15 07:59:37.820607+00:00,30.501966550393263
2025-08-15 07:59:38.429099+00:00,30.49166532806703
2025-08-15 07:59:38.771464+00:00,30.501966550393263
2025-08-15 07:59:39.133248+00:00,30.496815939084627
2025-08-15 07:59:39.408527+00:00,30.501966550393263
2025-08-15 07:59:39.658482+00:00,30.496815939084627
2025-08-15 07:59:40.635663+00:00,30.501966550393263
2025-08-15 07:59:40.919973+00:00,30.49166532806703
2025-08-15 07:59:44.955357+00:00,30.501966550393263
2025-08-15 07:59:45.321426+00:00,30.507117161992937
2025-08-15 07:59:46.541995+00:00,30.501966550393263
2025-08-15 07:59:46.872369+00:00,30.496815939084627
2025-08-15 07:59:47.253392+00:00,30.507117161992937
2025-08-15 07:59:49.312836+00:00,30.507117161992937
2025-08-15 07:59:49.987112+00:00,30.51226777388365
2025-08-15 07:59:50.872582+00:00,30.5174183860654
2025-08-15 07:59:53.205095+00:00,30.49166532806703
2025-08-15 07:59:54.122124+00:00,30.496815939084627
2025-08-15 07:59:56.655234+00:00,30.496815939084627
2025-08-15 07:59:57.445337+00:00,30.48651471734047
2025-08-15 07:59:59.351895+00:00,30.496815939084627
2025-08-15 07:59:59.802966+00:00,30.49166532806703
2025-08-15 08:00:01.598623+00:00,30.501966550393263
2025-08-15 08:00:02.743718+00:00,30.48651471734047
2025-08-15 08:00:05.705648+00:00,30.476213496760465
2025-08-15 08:00:06.874825+00:00,30.476213496760465
2025-08-15 08:00:07.321931+00:00,30.476213496760465
2025-08-15 08:00:09.664996+00:00,30.481364106904948
2025-08-15 08:00:13.737938+00:00,30.49166532806703
2025-08-15 08:00:15.198114+00:00,30.476213496760465
2025-08-15 08:00:16.241356+00:00,30.47106288690702
2025-08-15 08:00:20.025068+00:00,30.465912277344614
2025-08-15 08:00:22.201070+00:00,30.465912277344614
2025-08-15 08:00:22.697844+00:00,30.455611059092917
2025-08-15 08:00:26.504231+00:00,30.455611059092917
2025-08-15 08:00:33.064800+00:00,30.455611059092917
2025-08-15 08:00:36.922681+00:00,30.445309842005372
2025-08-15 08:00:37.247763+00:00,30.440159233898157
2025-08-15 08:00:38.570468+00:00,30.450460450403625
2025-08-15 08:00:39.357220+00:00,30.445309842005372
2025-08-15 08:00:39.981253+00:00,30.43500862608198
2025-08-15 08:00:40.355946+00:00,30.440159233898157
2025-08-15 08:00:41.838079+00:00,30.445309842005372
2025-08-15 08:00:43.504185+00:00,30.440159233898157
2025-08-15 08:00:44.311803+00:00,30.429858018556843
2025-08-15 08:00:45.206912+00:00,30.440159233898157
2025-08-15 08:00:46.214859+00:00,30.440159233898157
2025-08-15 08:00:46.886024+00:00,30.429858018556843
2025-08-15 08:00:47.414049+00:00,30.429858018556843
2025-08-15 08:00:48.349201+00:00,30.429858018556843
2025-08-15 08:00:48.960056+00:00,30.429858018556843
2025-08-15 08:00:49.785837+00:00,30.424707411322743
2025-08-15 08:00:50.188949+00:00,30.429858018556843
2025-08-15 08:00:50.462441+00:00,30.429858018556843
2025-08-15 08:00:50.717120+00:00,30.424707411322743
2025-08-15 08:00:51.015038+00:00,30.440159233898157
2025-08-15 08:00:51.339149+00:00,30.429858018556843
2025-08-15 08:00:51.566458+00:00,30.440159233898157
2025-08-15 08:00:51.782298+00:00,30.43500862608198
2025-08-15 08:00:52.175070+00:00,30.440159233898157
2025-08-15 08:00:52.492760+00:00,30.429858018556843
2025-08-15 08:00:53.587047+00:00,30.43500862608198
2025-08-15 08:00:53.981262+00:00,30.429858018556843
2025-08-15 08:00:54.245860+00:00,30.424707411322743
2025-08-15 08:00:55.363575+00:00,30.424707411322743
2025-08-15 08:00:58.418169+00:00,30.424707411322743
2025-08-15 08:00:59.068894+00:00,30.424707411322743
2025-08-15 08:00:59.520881+00:00,30.41955680437968
2025-08-15 08:01:00.013248+00:00,30.414406197727658
2025-08-15 08:01:00.555800+00:00,30.414406197727658
2025-08-15 08:01:00.972936+00:00,30.429858018556843
2025-08-15 08:01:02.065210+00:00,30.43500862608198
2025-08-15 08:01:03.863946+00:00,30.424707411322743
2025-08-15 08:01:05.855499+00:00,30.414406197727658
2025-08-15 08:01:06.629791+00:00,30.41955680437968
2025-08-15 08:01:06.922193+00:00,30.414406197727658
2025-08-15 08:01:10.595517+00:00,30.41955680437968
2025-08-15 08:01:12.594955+00:00,30.414406197727658
2025-08-15 08:01:13.061805+00:00,30.404104985296726
2025-08-15 08:01:14.027492+00:00,30.404104985296726
2025-08-15 08:01:15.380292+00:00,30.398954379517818
2025-08-15 08:01:18.115785+00:00,30.398954379517818
2025-08-15 08:01:20.015646+00:00,30.393803774029948
2025-08-15 08:01:22.903313+00:00,30.393803774029948
2025-08-15 08:01:26.278165+00:00,30.393803774029948
2025-08-15 08:01:26.737645+00:00,30.388653168833116
2025-08-15 08:01:27.036562+00:00,30.383502563927323
2025-08-15 08:01:27.289532+00:00,30.393803774029948
2025-08-15 08:01:27.594677+00:00,30.388653168833116
2025-08-15 08:01:31.753710+00:00,30.393803774029948
2025-08-15 08:01:35.137880+00:00,30.393803774029948
2025-08-15 08:01:35.520399+00:00,30.388653168833116
2025-08-15 08:01:35.732839+00:00,30.388653168833116
2025-08-15 08:01:36.025191+00:00,30.388653168833116
2025-08-15 08:01:38.131296+00:00,30.429858018556843
2025-08-15 08:01:39.211250+00:00,30.388653168833116
2025-08-15 08:01:40.427249+00:00,30.383502563927323
2025-08-15 08:01:41.161407+00:00,30.388653168833116
2025-08-15 08:01:41.578403+00:00,30.383502563927323
2025-08-15 08:01:42.701399+00:00,30.388653168833116
2025-08-15 08:01:44.525541+00:00,30.383502563927323
2025-08-15 08:01:45.609960+00:00,30.383502563927323
2025-08-15 08:01:46.043856+00:00,30.383502563927323
2025-08-15 08:01:46.439827+00:00,30.404104985296726
2025-08-15 08:01:51.876288+00:00,30.378351959312567
2025-08-15 08:01:53.178727+00:00,30.37320135498885
2025-08-15 08:01:54.499128+00:00,30.37320135498885
2025-08-15 08:01:55.426818+00:00,30.37320135498885
2025-08-15 08:01:56.571297+00:00,30.37320135498885
2025-08-15 08:01:57.011191+00:00,30.378351959312567
2025-08-15 08:01:59.445589+00:00,30.378351959312567
2025-08-15 08:02:00.039917+00:00,30.37320135498885
2025-08-15 08:02:01.015305+00:00,30.37320135498885
2025-08-15 08:02:02.118724+00:00,30.368050750956172
2025-08-15 08:02:03.655332+00:00,30.37320135498885
2025-08-15 08:02:04.763533+00:00,30.368050750956172
2025-08-15 08:02:11.657557+00:00,30.368050750956172
2025-08-15 08:02:12.042439+00:00,30.37320135498885
2025-08-15 08:02:13.041387+00:00,30.368050750956172
2025-08-15 08:02:13.816767+00:00,30.362900147214532
2025-08-15 08:02:16.878002+00:00,30.37320135498885
2025-08-15 08:02:18.772299+00:00,30.378351959312567
2025-08-15 08:02:20.651128+00:00,30.37320135498885
2025-08-15 08:02:22.154143+00:00,30.362900147214532
2025-08-15 08:02:24.736195+00:00,30.368050750956172
2025-08-15 08:02:26.806587+00:00,30.368050750956172
2025-08-15 08:02:27.318155+00:00,30.368050750956172
2025-08-15 08:02:28.520404+00:00,30.368050750956172
2025-08-15 08:02:30.583424+00:00,30.35774954376393
2025-08-15 08:02:33.025540+00:00,30.362900147214532
2025-08-15 08:02:34.516372+00:00,30.35774954376393
2025-08-15 08:02:38.126120+00:00,30.362900147214532
2025-08-15 08:02:38.844813+00:00,30.35774954376393
2025-08-15 08:02:39.170894+00:00,30.352598940604366
2025-08-15 08:02:42.219455+00:00,30.352598940604366
2025-08-15 08:02:42.528959+00:00,30.352598940604366
2025-08-15 08:02:42.810483+00:00,30.352598940604366
2025-08-15 08:02:43.478300+00:00,30.352598940604366
2025-08-15 08:02:44.025480+00:00,30.35774954376393
2025-08-15 08:02:45.695144+00:00,30.352598940604366
2025-08-15 08:02:51.208318+00:00,30.337147132871905
2025-08-15 08:02:52.245029+00:00,30.34744833773584
2025-08-15 08:02:53.925177+00:00,30.342297735158354
2025-08-15 08:02:54.133049+00:00,30.34744833773584
2025-08-15 08:02:55.087008+00:00,30.342297735158354
2025-08-15 08:02:55.394489+00:00,30.337147132871905
2025-08-15 08:02:55.851352+00:00,30.342297735158354
2025-08-15 08:02:56.110908+00:00,30.337147132871905
2025-08-15 08:02:56.840868+00:00,30.342297735158354
2025-08-15 08:02:57.274820+00:00,30.342297735158354
2025-08-15 08:02:57.526416+00:00,30.342297735158354
2025-08-15 08:02:57.876926+00:00,30.337147132871905
2025-08-15 08:02:58.134714+00:00,30.342297735158354
2025-08-15 08:02:58.753388+00:00,30.34744833773584
2025-08-15 08:03:01.594076+00:00,30.337147132871905
2025-08-15 08:03:05.031911+00:00,30.331996530876495
2025-08-15 08:03:07.928133+00:00,30.337147132871905
2025-08-15 08:03:09.203772+00:00,30.32169532775879
2025-08-15 08:03:10.441936+00:00,30.337147132871905
2025-08-15 08:03:12.673636+00:00,30.32169532775879
2025-08-15 08:03:14.325694+00:00,30.331996530876495
2025-08-15 08:03:14.562599+00:00,30.331996530876495
2025-08-15 08:03:15.300491+00:00,30.331996530876495
2025-08-15 08:03:18.676795+00:00,30.32169532775879
2025-08-15 08:03:19.965239+00:00,30.331996530876495
2025-08-15 08:03:20.348921+00:00,30.32169532775879
2025-08-15 08:03:21.276517+00:00,30.342297735158354
2025-08-15 08:03:21.753076+00:00,30.316544726636494
2025-08-15 08:03:23.742550+00:00,30.326845929172123
2025-08-15 08:03:24.295136+00:00,30.331996530876495
2025-08-15 08:03:26.149138+00:00,30.326845929172123
2025-08-15 08:03:28.973916+00:00,30.331996530876495
2025-08-15 08:03:29.691024+00:00,30.331996530876495
2025-08-15 08:03:31.527590+00:00,30.331996530876495
2025-08-15 08:03:38.761311+00:00,30.326845929172123
2025-08-15 08:03:40.238725+00:00,30.34744833773584
2025-08-15 08:03:41.510136+00:00,30.35774954376393
2025-08-15 08:03:42.996433+00:00,30.352598940604366
2025-08-15 08:03:44.091325+00:00,30.352598940604366
2025-08-15 08:03:45.659947+00:00,30.34744833773584
2025-08-15 08:03:45.901244+00:00,30.352598940604366
2025-08-15 08:03:47.826844+00:00,30.34744833773584
2025-08-15 08:03:48.712174+00:00,30.352598940604366
2025-08-15 08:03:49.022201+00:00,30.34744833773584
2025-08-15 08:03:50.314764+00:00,30.352598940604366
2025-08-15 08:03:50.582654+00:00,30.352598940604366
2025-08-15 08:03:51.779587+00:00,30.342297735158354
2025-08-15 08:03:53.382587+00:00,30.352598940604366
2025-08-15 08:03:54.201799+00:00,30.352598940604366
2025-08-15 08:03:54.736397+00:00,30.352598940604366
2025-08-15 08:03:55.855545+00:00,30.35774954376393
2025-08-15 08:03:58.110998+00:00,30.352598940604366
2025-08-15 08:03:58.436444+00:00,30.342297735158354
2025-08-15 08:03:59.288847+00:00,30.342297735158354
2025-08-15 08:04:00.593207+00:00,30.342297735158354
2025-08-15 08:04:01.010410+00:00,30.34744833773584
2025-08-15 08:04:01.444145+00:00,30.342297735158354
2025-08-15 08:04:03.050668+00:00,30.352598940604366
2025-08-15 08:04:07.202924+00:00,30.383502563927323
2025-08-15 08:04:08.037547+00:00,30.35774954376393
2025-08-15 08:04:10.892218+00:00,30.34744833773584
2025-08-15 08:04:12.272516+00:00,30.342297735158354
2025-08-15 08:04:12.597576+00:00,30.337147132871905
2025-08-15 08:04:14.904598+00:00,30.352598940604366
2025-08-15 08:04:17.198193+00:00,30.342297735158354
2025-08-15 08:04:19.305812+00:00,30.342297735158354
2025-08-15 08:04:21.571790+00:00,30.342297735158354
2025-08-15 08:04:23.803319+00:00,30.342297735158354
2025-08-15 08:04:24.899566+00:00,30.342297735158354
2025-08-15 08:04:25.133485+00:00,30.342297735158354
2025-08-15 08:04:26.750184+00:00,30.35774954376393
2025-08-15 08:04:30.368402+00:00,30.342297735158354
2025-08-15 08:04:30.683847+00:00,30.352598940604366
2025-08-15 08:04:30.988696+00:00,30.368050750956172
2025-08-15 08:04:31.393785+00:00,30.35774954376393
2025-08-15 08:04:37.801551+00:00,30.35774954376393
2025-08-15 08:04:38.261302+00:00,30.352598940604366
2025-08-15 08:04:43.365655+00:00,30.352598940604366
2025-08-15 08:04:43.607015+00:00,30.34744833773584
2025-08-15 08:04:43.884093+00:00,30.352598940604366
2025-08-15 08:04:44.166508+00:00,30.362900147214532
2025-08-15 08:04:46.500834+00:00,30.35774954376393
2025-08-15 08:04:51.771169+00:00,30.35774954376393
2025-08-15 08:04:53.009114+00:00,30.35774954376393
2025-08-15 08:04:53.408934+00:00,30.342297735158354
2025-08-15 08:04:53.726142+00:00,30.35774954376393
2025-08-15 08:04:54.654058+00:00,30.352598940604366
2025-08-15 08:04:55.424307+00:00,30.352598940604366
2025-08-15 08:04:57.060358+00:00,30.35774954376393
2025-08-15 08:04:59.817452+00:00,30.35774954376393
2025-08-15 08:05:01.331987+00:00,30.362900147214532
2025-08-15 08:05:05.165467+00:00,30.362900147214532
2025-08-15 08:05:06.081840+00:00,30.35774954376393
2025-08-15 08:05:07.000027+00:00,30.352598940604366
2025-08-15 08:05:07.460672+00:00,30.352598940604366
2025-08-15 08:05:08.010801+00:00,30.352598940604366
2025-08-15 08:05:08.357028+00:00,30.352598940604366
2025-08-15 08:05:08.780159+00:00,30.352598940604366
2025-08-15 08:05:09.205969+00:00,30.35774954376393
2025-08-15 08:05:09.597512+00:00,30.368050750956172
2025-08-15 08:05:09.981824+00:00,30.362900147214532
2025-08-15 08:05:15.389412+00:00,30.35774954376393
2025-08-15 08:05:18.284335+00:00,30.368050750956172
2025-08-15 08:05:21.199211+00:00,30.378351959312567
2025-08-15 08:05:21.741019+00:00,30.383502563927323
2025-08-15 08:05:23.062739+00:00,30.383502563927323
2025-08-15 08:05:25.175978+00:00,30.393803774029948
2025-08-15 08:05:25.741586+00:00,30.398954379517818
2025-08-15 08:05:26.308270+00:00,30.393803774029948
2025-08-15 08:05:29.182701+00:00,30.393803774029948
2025-08-15 08:05:29.508849+00:00,30.398954379517818
2025-08-15 08:05:32.642267+00:00,30.398954379517818
2025-08-15 08:05:36.223206+00:00,30.404104985296726
2025-08-15 08:05:37.859561+00:00,30.393803774029948
2025-08-15 08:05:40.718024+00:00,30.414406197727658
2025-08-15 08:05:41.081742+00:00,30.414406197727658
2025-08-15 08:05:45.057877+00:00,30.409255591366673
2025-08-15 08:05:47.715766+00:00,30.424707411322743
2025-08-15 08:05:48.041536+00:00,30.41955680437968
2025-08-15 08:05:49.436269+00:00,30.409255591366673
2025-08-15 08:05:51.025972+00:00,30.41955680437968
2025-08-15 08:05:54.057669+00:00,30.409255591366673
2025-08-15 08:05:54.891393+00:00,30.414406197727658
2025-08-15 08:05:55.815594+00:00,30.414406197727658
2025-08-15 08:05:56.620859+00:00,30.404104985296726
2025-08-15 08:05:58.100489+00:00,30.414406197727658
2025-08-15 08:05:58.723040+00:00,30.409255591366673
2025-08-15 08:06:00.756632+00:00,30.414406197727658
2025-08-15 08:06:02.020701+00:00,30.414406197727658
2025-08-15 08:06:03.565036+00:00,30.414406197727658
2025-08-15 08:06:06.508024+00:00,30.424707411322743
2025-08-15 08:06:10.424544+00:00,30.414406197727658
2025-08-15 08:06:11.864783+00:00,30.41955680437968
2025-08-15 08:06:14.168147+00:00,30.41955680437968
2025-08-15 08:06:16.114547+00:00,30.41955680437968
2025-08-15 08:06:16.458137+00:00,30.414406197727658
2025-08-15 08:06:19.934177+00:00,30.424707411322743
2025-08-15 08:06:21.172791+00:00,30.424707411322743
2025-08-15 08:06:22.053095+00:00,30.424707411322743
2025-08-15 08:06:22.964721+00:00,30.41955680437968
2025-08-15 08:06:24.201731+00:00,30.424707411322743
2025-08-15 08:06:24.457183+00:00,30.445309842005372
2025-08-15 08:06:27.947987+00:00,30.429858018556843
2025-08-15 08:06:30.015460+00:00,30.450460450403625
2025-08-15 08:06:35.683433+00:00,30.460761668073246
2025-08-15 08:06:36.813802+00:00,30.465912277344614
2025-08-15 08:06:37.106712+00:00,30.460761668073246
2025-08-15 08:06:37.346531+00:00,30.460761668073246
2025-08-15 08:06:37.550000+00:00,30.460761668073246
2025-08-15 08:06:39.112235+00:00,30.465912277344614
2025-08-15 08:06:39.420068+00:00,30.465912277344614
2025-08-15 08:06:39.805980+00:00,30.476213496760465
2025-08-15 08:06:41.289539+00:00,30.48651471734047
2025-08-15 08:06:42.051488+00:00,30.476213496760465
2025-08-15 08:06:42.522826+00:00,30.48651471734047
2025-08-15 08:06:42.914275+00:00,30.48651471734047
2025-08-15 08:06:43.356917+00:00,30.481364106904948
2025-08-15 08:06:43.836462+00:00,30.476213496760465
2025-08-15 08:06:45.192889+00:00,30.47106288690702
2025-08-15 08:06:49.054787+00:00,30.476213496760465
2025-08-15 08:06:51.982239+00:00,30.48651471734047
2025-08-15 08:06:52.749333+00:00,30.48651471734047
2025-08-15 08:06:53.460004+00:00,30.481364106904948
2025-08-15 08:06:53.643072+00:00,30.48651471734047
2025-08-15 08:06:58.707510+00:00,30.476213496760465
2025-08-15 08:06:59.331987+00:00,30.476213496760465
2025-08-15 08:06:59.724186+00:00,30.476213496760465
2025-08-15 08:07:01.146985+00:00,30.47106288690702
2025-08-15 08:07:01.579544+00:00,30.47106288690702
2025-08-15 08:07:02.685742+00:00,30.465912277344614
2025-08-15 08:07:03.064065+00:00,30.47106288690702
2025-08-15 08:07:04.450548+00:00,30.481364106904948
2025-08-15 08:07:05.362751+00:00,30.476213496760465
2025-08-15 08:07:08.708464+00:00,30.481364106904948
2025-08-15 08:07:11.494055+00:00,30.481364106904948
2025-08-15 08:07:12.809572+00:00,30.476213496760465
2025-08-15 08:07:13.962546+00:00,30.481364106904948
2025-08-15 08:07:14.805015+00:00,30.481364106904948
2025-08-15 08:07:16.756735+00:00,30.481364106904948
2025-08-15 08:07:18.606516+00:00,30.48651471734047
2025-08-15 08:07:18.880954+00:00,30.48651471734047
2025-08-15 08:07:19.116517+00:00,30.49166532806703
2025-08-15 08:07:19.378356+00:00,30.48651471734047
2025-08-15 08:07:19.610061+00:00,30.496815939084627
2025-08-15 08:07:19.870149+00:00,30.48651471734047
2025-08-15 08:07:20.855571+00:00,30.501966550393263
2025-08-15 08:07:23.412496+00:00,30.49166532806703
2025-08-15 08:07:25.117581+00:00,30.496815939084627
2025-08-15 08:07:28.701520+00:00,30.49166532806703
2025-08-15 08:07:29.629125+00:00,30.496815939084627
2025-08-15 08:07:29.939445+00:00,30.49166532806703
2025-08-15 08:07:30.428169+00:00,30.501966550393263
2025-08-15 08:07:34.883595+00:00,30.51226777388365
2025-08-15 08:07:37.132484+00:00,30.507117161992937
2025-08-15 08:07:38.814813+00:00,30.496815939084627
2025-08-15 08:07:41.300458+00:00,30.496815939084627
2025-08-15 08:07:41.863582+00:00,30.496815939084627
2025-08-15 08:07:44.057884+00:00,30.49166532806703
2025-08-15 08:07:44.794512+00:00,30.48651471734047
2025-08-15 08:07:49.214741+00:00,30.501966550393263
2025-08-15 08:07:50.261697+00:00,30.496815939084627
2025-08-15 08:07:51.890040+00:00,30.501966550393263
2025-08-15 08:07:53.519264+00:00,30.496815939084627
2025-08-15 08:07:54.963514+00:00,30.501966550393263
2025-08-15 08:07:55.463674+00:00,30.496815939084627
2025-08-15 08:07:56.134552+00:00,30.49166532806703
2025-08-15 08:07:57.336998+00:00,30.48651471734047
2025-08-15 08:07:58.333016+00:00,30.507117161992937
2025-08-15 08:08:00.320855+00:00,30.51226777388365
2025-08-15 08:08:01.795592+00:00,30.507117161992937
2025-08-15 08:08:03.364563+00:00,30.51226777388365
2025-08-15 08:08:04.384052+00:00,30.507117161992937
2025-08-15 08:08:05.681264+00:00,30.496815939084627
2025-08-15 08:08:06.254495+00:00,30.501966550393263
2025-08-15 08:08:07.209045+00:00,30.501966550393263
2025-08-15 08:08:07.593371+00:00,30.501966550393263
2025-08-15 08:08:07.908679+00:00,30.501966550393263
2025-08-15 08:08:11.287570+00:00,30.5174183860654
2025-08-15 08:08:11.501448+00:00,30.507117161992937
2025-08-15 08:08:15.270020+00:00,30.501966550393263
2025-08-15 08:08:15.721195+00:00,30.507117161992937
2025-08-15 08:08:16.106345+00:00,30.507117161992937
2025-08-15 08:08:22.521734+00:00,30.501966550393263
2025-08-15 08:08:22.756006+00:00,30.501966550393263
2025-08-15 08:08:23.432010+00:00,30.496815939084627
2025-08-15 08:08:24.235597+00:00,30.48651471734047
2025-08-15 08:08:27.718983+00:00,30.49166532806703
2025-08-15 08:08:32.123144+00:00,30.501966550393263
2025-08-15 08:08:33.363759+00:00,30.496815939084627
2025-08-15 08:08:34.429752+00:00,30.507117161992937
2025-08-15 08:08:34.712899+00:00,30.496815939084627
2025-08-15 08:08:35.247452+00:00,30.49166532806703
2025-08-15 08:08:36.702359+00:00,30.48651471734047
2025-08-15 08:08:38.365734+00:00,30.496815939084627
2025-08-15 08:08:40.505685+00:00,30.455611059092917
2025-08-15 08:08:40.955040+00:00,30.455611059092917
2025-08-15 08:08:41.564892+00:00,30.455611059092917
2025-08-15 08:08:42.836047+00:00,30.440159233898157
2025-08-15 08:08:44.563944+00:00,30.450460450403625
2025-08-15 08:08:44.932907+00:00,30.440159233898157
2025-08-15 08:08:45.897626+00:00,30.445309842005372
2025-08-15 08:08:48.421270+00:00,30.424707411322743
2025-08-15 08:08:49.293293+00:00,30.43500862608198
2025-08-15 08:08:50.720207+00:00,30.440159233898157
2025-08-15 08:08:54.421026+00:00,30.450460450403625
2025-08-15 08:08:54.763252+00:00,30.440159233898157
2025-08-15 08:08:55.055920+00:00,30.450460450403625
2025-08-15 08:08:56.569052+00:00,30.445309842005372
2025-08-15 08:08:56.810193+00:00,30.455611059092917
2025-08-15 08:08:57.054508+00:00,30.455611059092917
2025-08-15 08:08:57.335839+00:00,30.460761668073246
2025-08-15 08:08:58.397263+00:00,30.450460450403625
2025-08-15 08:08:59.920226+00:00,30.455611059092917
2025-08-15 08:09:01.355519+00:00,30.445309842005372
2025-08-15 08:09:01.715782+00:00,30.450460450403625
2025-08-15 08:09:02.133909+00:00,30.455611059092917
2025-08-15 08:09:02.626268+00:00,30.445309842005372
2025-08-15 08:09:05.057871+00:00,30.465912277344614
2025-08-15 08:09:06.620794+00:00,30.465912277344614
2025-08-15 08:09:07.055817+00:00,30.465912277344614
2025-08-15 08:09:10.511986+00:00,30.48651471734047
2025-08-15 08:09:10.873657+00:00,30.476213496760465
2025-08-15 08:09:11.204439+00:00,30.476213496760465
2025-08-15 08:09:11.507393+00:00,30.476213496760465
2025-08-15 08:09:12.360316+00:00,30.476213496760465
2025-08-15 08:09:14.462734+00:00,30.481364106904948
2025-08-15 08:09:17.384755+00:00,30.48651471734047
2025-08-15 08:09:18.310085+00:00,30.49166532806703
2025-08-15 08:09:20.715217+00:00,30.48651471734047
2025-08-15 08:09:21.460655+00:00,30.496815939084627
2025-08-15 08:09:22.594027+00:00,30.496815939084627
2025-08-15 08:09:23.413317+00:00,30.496815939084627
2025-08-15 08:09:23.815856+00:00,30.496815939084627
2025-08-15 08:09:25.218731+00:00,30.496815939084627
2025-08-15 08:09:28.286465+00:00,30.507117161992937
2025-08-15 08:09:31.719573+00:00,30.507117161992937
2025-08-15 08:09:32.415118+00:00,30.476213496760465
2025-08-15 08:09:33.412655+00:00,30.51226777388365
2025-08-15 08:09:38.870311+00:00,30.5174183860654
2025-08-15 08:09:39.811297+00:00,30.5174183860654
2025-08-15 08:09:40.174294+00:00,30.5174183860654
2025-08-15 08:09:40.468528+00:00,30.53802083770279
2025-08-15 08:09:40.918669+00:00,30.53802083770279
2025-08-15 08:09:41.168896+00:00,30.53802083770279
2025-08-15 08:09:41.428306+00:00,30.527719611302018
2025-08-15 08:09:41.754638+00:00,30.54317145133973
2025-08-15 08:09:46.992104+00:00,30.55862329399679
2025-08-15 08:09:47.418588+00:00,30.56892452389002
2025-08-15 08:09:48.088171+00:00,30.56892452389002
2025-08-15 08:09:48.472992+00:00,30.56892452389002
2025-08-15 08:09:48.980098+00:00,30.56892452389002
2025-08-15 08:09:49.539734+00:00,30.57407513927319
2025-08-15 08:09:49.767009+00:00,30.57407513927319
2025-08-15 08:09:53.788596+00:00,30.58437637091265
2025-08-15 08:09:57.862201+00:00,30.589526987168938
2025-08-15 08:10:00.240232+00:00,30.58437637091265
2025-08-15 08:10:02.338320+00:00,30.58437637091265
2025-08-15 08:10:04.157904+00:00,30.58437637091265
2025-08-15 08:10:04.658879+00:00,30.58437637091265
2025-08-15 08:10:05.219468+00:00,30.5792257549474
2025-08-15 08:10:09.067551+00:00,30.589526987168938
2025-08-15 08:10:11.159487+00:00,30.57407513927319
2025-08-15 08:10:13.992542+00:00,30.56892452389002
2025-08-15 08:10:15.571475+00:00,30.55862329399679
2025-08-15 08:10:15.935982+00:00,30.55862329399679
2025-08-15 08:10:16.811154+00:00,30.55862329399679
2025-08-15 08:10:20.951693+00:00,30.54317145133973
2025-08-15 08:10:23.719852+00:00,30.55347267948673
2025-08-15 08:10:27.958707+00:00,30.548322065267712
2025-08-15 08:10:31.118079+00:00,30.53802083770279
2025-08-15 08:10:34.102873+00:00,30.52256899853819
2025-08-15 08:10:34.635020+00:00,30.52256899853819
2025-08-15 08:10:36.391553+00:00,30.54317145133973
2025-08-15 08:10:39.082887+00:00,30.53802083770279
2025-08-15 08:10:39.937547+00:00,30.527719611302018
2025-08-15 08:10:40.469914+00:00,30.52256899853819
2025-08-15 08:10:41.135501+00:00,30.527719611302018
2025-08-15 08:10:44.027831+00:00,30.527719611302018
2025-08-15 08:10:44.199591+00:00,30.527719611302018
2025-08-15 08:10:44.529834+00:00,30.527719611302018
2025-08-15 08:10:44.773053+00:00,30.527719611302018
2025-08-15 08:10:45.610005+00:00,30.532870224356884
2025-08-15 08:10:46.857911+00:00,30.54317145133973
2025-08-15 08:10:47.893450+00:00,30.527719611302018
2025-08-15 08:10:48.407935+00:00,30.55347267948673
2025-08-15 08:10:49.131858+00:00,30.55347267948673
2025-08-15 08:10:49.374907+00:00,30.55347267948673
2025-08-15 08:10:50.152590+00:00,30.55862329399679
2025-08-15 08:10:50.395790+00:00,30.548322065267712
2025-08-15 08:10:51.258897+00:00,30.548322065267712
2025-08-15 08:10:52.951730+00:00,30.548322065267712
2025-08-15 08:10:54.550548+00:00,30.527719611302018
2025-08-15 08:10:57.501783+00:00,30.53802083770279
2025-08-15 08:10:57.825259+00:00,30.54317145133973
2025-08-15 08:10:58.093736+00:00,30.527719611302018
2025-08-15 08:10:59.697763+00:00,30.54317145133973
2025-08-15 08:11:00.775386+00:00,30.54317145133973
2025-08-15 08:11:01.322849+00:00,30.548322065267712
2025-08-15 08:11:03.293219+00:00,30.55862329399679
2025-08-15 08:11:05.286323+00:00,30.5792257549474
2025-08-15 08:11:08.457058+00:00,30.58437637091265
2025-08-15 08:11:09.452040+00:00,30.58437637091265
2025-08-15 08:11:13.268468+00:00,30.589526987168938
2025-08-15 08:11:14.217589+00:00,30.5792257549474
2025-08-15 08:11:15.917242+00:00,30.58437637091265
2025-08-15 08:11:17.941532+00:00,30.589526987168938
2025-08-15 08:11:20.151483+00:00,30.594677603716264
2025-08-15 08:11:20.967035+00:00,30.589526987168938
2025-08-15 08:11:21.426034+00:00,30.589526987168938
2025-08-15 08:11:21.943810+00:00,30.5792257549474
2025-08-15 08:11:22.563527+00:00,30.589526987168938
2025-08-15 08:11:23.693224+00:00,30.5792257549474
2025-08-15 08:11:24.268551+00:00,30.589526987168938
2025-08-15 08:11:29.242295+00:00,30.594677603716264
2025-08-15 08:11:29.499637+00:00,30.5792257549474
2025-08-15 08:11:31.206703+00:00,30.5792257549474
2025-08-15 08:11:32.214987+00:00,30.594677603716264
2025-08-15 08:11:35.718682+00:00,30.594677603716264
2025-08-15 08:11:37.529048+00:00,30.589526987168938
2025-08-15 08:11:39.200320+00:00,30.57407513927319
2025-08-15 08:11:39.918589+00:00,30.5792257549474
2025-08-15 08:11:40.553571+00:00,30.57407513927319
2025-08-15 08:11:40.912597+00:00,30.57407513927319
2025-08-15 08:11:41.150118+00:00,30.5792257549474
2025-08-15 08:11:41.497198+00:00,30.5792257549474
2025-08-15 08:11:42.081876+00:00,30.56892452389002
2025-08-15 08:11:42.308329+00:00,30.5792257549474
2025-08-15 08:11:42.583125+00:00,30.56892452389002
2025-08-15 08:11:42.927986+00:00,30.57407513927319
2025-08-15 08:11:45.884292+00:00,30.57407513927319
2025-08-15 08:11:46.284804+00:00,30.56892452389002
2025-08-15 08:11:46.757086+00:00,30.57407513927319
2025-08-15 08:11:47.106159+00:00,30.5792257549474
2025-08-15 08:11:47.441946+00:00,30.563773908797884
2025-08-15 08:11:47.793775+00:00,30.58437637091265
2025-08-15 08:11:51.249053+00:00,30.56892452389002
2025-08-15 08:11:52.794126+00:00,30.56892452389002
2025-08-15 08:11:53.111887+00:00,30.5792257549474
2025-08-15 08:11:53.323097+00:00,30.56892452389002
2025-08-15 08:11:54.442656+00:00,30.56892452389002
2025-08-15 08:12:00.150343+00:00,30.5792257549474
2025-08-15 08:12:02.255678+00:00,30.5792257549474
2025-08-15 08:12:03.659036+00:00,30.57407513927319
2025-08-15 08:12:07.056352+00:00,30.56892452389002
2025-08-15 08:12:07.463768+00:00,30.563773908797884
2025-08-15 08:12:09.736869+00:00,30.57407513927319
2025-08-15 08:12:12.366204+00:00,30.56892452389002
2025-08-15 08:12:13.050387+00:00,30.57407513927319
2025-08-15 08:12:15.512057+00:00,30.5792257549474
2025-08-15 08:12:17.232761+00:00,30.57407513927319
2025-08-15 08:12:20.128244+00:00,30.56892452389002
2025-08-15 08:12:20.883035+00:00,30.563773908797884
2025-08-15 08:12:22.636097+00:00,30.57407513927319
2025-08-15 08:12:23.124742+00:00,30.5792257549474
2025-08-15 08:12:23.639971+00:00,30.58437637091265
2025-08-15 08:12:24.399497+00:00,30.57407513927319
2025-08-15 08:12:26.016780+00:00,30.563773908797884
2025-08-15 08:12:26.304487+00:00,30.5792257549474
2025-08-15 08:12:26.750479+00:00,30.56892452389002
2025-08-15 08:12:27.983842+00:00,30.5792257549474
2025-08-15 08:12:29.621366+00:00,30.56892452389002
2025-08-15 08:12:35.662052+00:00,30.58437637091265
2025-08-15 08:12:35.969495+00:00,30.61012945510447
2025-08-15 08:12:36.213350+00:00,30.62558130911202
2025-08-15 08:12:36.437810+00:00,30.620430690818466
2025-08-15 08:12:36.664356+00:00,30.61528007281595
2025-08-15 08:12:39.274937+00:00,30.630731927696615
2025-08-15 08:12:40.383245+00:00,30.62558130911202
2025-08-15 08:12:40.858801+00:00,30.62558130911202
2025-08-15 08:12:42.054581+00:00,30.630731927696615
2025-08-15 08:12:44.209901+00:00,30.641033165738918
2025-08-15 08:12:44.442051+00:00,30.630731927696615
2025-08-15 08:12:45.962977+00:00,30.630731927696615
2025-08-15 08:12:46.690892+00:00,30.630731927696615
2025-08-15 08:12:48.004755+00:00,30.646183785196627
2025-08-15 08:12:49.571237+00:00,30.630731927696615
2025-08-15 08:12:50.716296+00:00,30.630731927696615
2025-08-15 08:12:51.879161+00:00,30.635882546572248
2025-08-15 08:12:52.730309+00:00,30.620430690818466
2025-08-15 08:12:55.071348+00:00,30.62558130911202
2025-08-15 08:13:03.047029+00:00,30.641033165738918
2025-08-15 08:13:04.213110+00:00,30.630731927696615
2025-08-15 08:13:11.959881+00:00,30.630731927696615
2025-08-15 08:13:12.628479+00:00,30.630731927696615
2025-08-15 08:13:13.488659+00:00,30.641033165738918
2025-08-15 08:13:13.798246+00:00,30.646183785196627
2025-08-15 08:13:14.566301+00:00,30.651334404945374
2025-08-15 08:13:16.704849+00:00,30.651334404945374
2025-08-15 08:13:17.681931+00:00,30.65648502498516
2025-08-15 08:13:19.794927+00:00,30.651334404945374
2025-08-15 08:13:20.204497+00:00,30.661635645315982
2025-08-15 08:13:20.830772+00:00,30.651334404945374
2025-08-15 08:13:21.230995+00:00,30.666786265937844
2025-08-15 08:13:22.232059+00:00,30.646183785196627
2025-08-15 08:13:23.863838+00:00,30.646183785196627
2025-08-15 08:13:24.600837+00:00,30.646183785196627
2025-08-15 08:13:27.415562+00:00,30.651334404945374
2025-08-15 08:13:27.983405+00:00,30.646183785196627
2025-08-15 08:13:28.622323+00:00,30.641033165738918
2025-08-15 08:13:29.779398+00:00,30.651334404945374
2025-08-15 08:13:32.562043+00:00,30.641033165738918
2025-08-15 08:13:35.514184+00:00,30.646183785196627
2025-08-15 08:13:35.780508+00:00,30.646183785196627
2025-08-15 08:13:39.004225+00:00,30.651334404945374
2025-08-15 08:13:39.406481+00:00,30.641033165738918
2025-08-15 08:13:41.394145+00:00,30.641033165738918
2025-08-15 08:13:44.075249+00:00,30.661635645315982
2025-08-15 08:13:44.302055+00:00,30.661635645315982
2025-08-15 08:13:46.108534+00:00,30.661635645315982
2025-08-15 08:13:46.929633+00:00,30.646183785196627
2025-08-15 08:13:47.804878+00:00,30.65648502498516
2025-08-15 08:13:49.797750+00:00,30.646183785196627
2025-08-15 08:13:55.490179+00:00,30.651334404945374
2025-08-15 08:13:55.932412+00:00,30.646183785196627
2025-08-15 08:13:56.475315+00:00,30.661635645315982
2025-08-15 08:13:57.260040+00:00,30.65648502498516
2025-08-15 08:13:58.279658+00:00,30.651334404945374
2025-08-15 08:14:06.453701+00:00,30.641033165738918
2025-08-15 08:14:07.261398+00:00,30.666786265937844
2025-08-15 08:14:10.987435+00:00,30.661635645315982
2025-08-15 08:14:15.261048+00:00,30.661635645315982
2025-08-15 08:14:16.547331+00:00,30.661635645315982
2025-08-15 08:14:20.313538+00:00,30.661635645315982
2025-08-15 08:14:21.614764+00:00,30.651334404945374
2025-08-15 08:14:22.811147+00:00,30.661635645315982
2025-08-15 08:14:24.129757+00:00,30.651334404945374
2025-08-15 08:14:25.357268+00:00,30.661635645315982
2025-08-15 08:14:27.055449+00:00,30.651334404945374
2025-08-15 08:14:27.613431+00:00,30.65648502498516
2025-08-15 08:14:27.889716+00:00,30.651334404945374
2025-08-15 08:14:29.335886+00:00,30.646183785196627
2025-08-15 08:14:32.676675+00:00,30.641033165738918
2025-08-15 08:14:34.974674+00:00,30.671936886850744
2025-08-15 08:14:35.306830+00:00,30.671936886850744
2025-08-15 08:14:35.766979+00:00,30.666786265937844
2025-08-15 08:14:36.026586+00:00,30.666786265937844
2025-08-15 08:14:36.218783+00:00,30.661635645315982
2025-08-15 08:14:36.471855+00:00,30.661635645315982
2025-08-15 08:14:36.787065+00:00,30.671936886850744
2025-08-15 08:14:38.007154+00:00,30.666786265937844
2025-08-15 08:14:38.804349+00:00,30.65648502498516
2025-08-15 08:14:40.972074+00:00,30.671936886850744
2025-08-15 08:14:43.079679+00:00,30.65648502498516
2025-08-15 08:14:44.091207+00:00,30.671936886850744
2025-08-15 08:14:45.996749+00:00,30.666786265937844
2025-08-15 08:14:48.066576+00:00,30.671936886850744
2025-08-15 08:14:51.179313+00:00,30.671936886850744
2025-08-15 08:14:53.199969+00:00,30.65648502498516
2025-08-15 08:14:54.842024+00:00,30.661635645315982
2025-08-15 08:14:55.588249+00:00,30.671936886850744
2025-08-15 08:14:55.836950+00:00,30.661635645315982
2025-08-15 08:14:56.163093+00:00,30.671936886850744
2025-08-15 08:14:56.722297+00:00,30.68223812954966
2025-08-15 08:14:57.400036+00:00,30.69253937341273
2025-08-15 08:14:58.484454+00:00,30.68223812954966
2025-08-15 08:15:01.442878+00:00,30.677087508054683
2025-08-15 08:15:03.527672+00:00,30.68223812954966
2025-08-15 08:15:09.751531+00:00,30.71829248816357
2025-08-15 08:15:10.167745+00:00,30.68223812954966
2025-08-15 08:15:13.651049+00:00,30.677087508054683
2025-08-15 08:15:16.628566+00:00,30.661635645315982
2025-08-15 08:15:17.151017+00:00,30.651334404945374
2025-08-15 08:15:22.719210+00:00,30.646183785196627
2025-08-15 08:15:26.721293+00:00,30.646183785196627
2025-08-15 08:15:28.237124+00:00,30.635882546572248
2025-08-15 08:15:28.700776+00:00,30.641033165738918
2025-08-15 08:15:29.099924+00:00,30.65648502498516
2025-08-15 08:15:29.451486+00:00,30.651334404945374
2025-08-15 08:15:33.509940+00:00,30.651334404945374
2025-08-15 08:15:33.885075+00:00,30.651334404945374
2025-08-15 08:15:34.336102+00:00,30.641033165738918
2025-08-15 08:15:34.809301+00:00,30.651334404945374
2025-08-15 08:15:36.358680+00:00,30.641033165738918
2025-08-15 08:15:37.298031+00:00,30.651334404945374
2025-08-15 08:15:40.718626+00:00,30.651334404945374
2025-08-15 08:15:41.228783+00:00,30.65648502498516
2025-08-15 08:15:43.276941+00:00,30.641033165738918
2025-08-15 08:15:45.742122+00:00,30.641033165738918
2025-08-15 08:15:46.183529+00:00,30.641033165738918
2025-08-15 08:15:47.804803+00:00,30.641033165738918
2025-08-15 08:15:48.161211+00:00,30.62558130911202
2025-08-15 08:15:48.487431+00:00,30.641033165738918
2025-08-15 08:15:49.308517+00:00,30.646183785196627
2025-08-15 08:15:50.202496+00:00,30.641033165738918
2025-08-15 08:15:50.920329+00:00,30.651334404945374
2025-08-15 08:15:51.573364+00:00,30.641033165738918
2025-08-15 08:15:52.802026+00:00,30.641033165738918
2025-08-15 08:15:53.603328+00:00,30.641033165738918
2025-08-15 08:15:54.021022+00:00,30.641033165738918
2025-08-15 08:15:54.268467+00:00,30.641033165738918
2025-08-15 08:15:54.596636+00:00,30.646183785196627
2025-08-15 08:15:54.838420+00:00,30.646183785196627
2025-08-15 08:15:55.590568+00:00,30.651334404945374
2025-08-15 08:15:56.168249+00:00,30.646183785196627
2025-08-15 08:15:57.886978+00:00,30.65648502498516
2025-08-15 08:15:58.687597+00:00,30.661635645315982
2025-08-15 08:16:01.077087+00:00,30.661635645315982
2025-08-15 08:16:03.528492+00:00,30.677087508054683
2025-08-15 08:16:03.867037+00:00,30.68223812954966
2025-08-15 08:16:04.203287+00:00,30.677087508054683
2025-08-15 08:16:04.759537+00:00,30.687388751335675
2025-08-15 08:16:05.940951+00:00,30.687388751335675
2025-08-15 08:16:13.767508+00:00,30.661635645315982
2025-08-15 08:16:14.061262+00:00,30.65648502498516
2025-08-15 08:16:14.286166+00:00,30.65648502498516
2025-08-15 08:16:14.520105+00:00,30.677087508054683
2025-08-15 08:16:14.746566+00:00,30.661635645315982
2025-08-15 08:16:15.039414+00:00,30.661635645315982
2025-08-15 08:16:20.042735+00:00,30.651334404945374
2025-08-15 08:16:20.694768+00:00,30.651334404945374
2025-08-15 08:16:22.366727+00:00,30.651334404945374
2025-08-15 08:16:23.953647+00:00,30.646183785196627
2025-08-15 08:16:24.697653+00:00,30.641033165738918
2025-08-15 08:16:26.351960+00:00,30.646183785196627
2025-08-15 08:16:26.626697+00:00,30.646183785196627
2025-08-15 08:16:28.726956+00:00,30.641033165738918
2025-08-15 08:16:29.258479+00:00,30.641033165738918
2025-08-15 08:16:30.285594+00:00,30.641033165738918
2025-08-15 08:16:32.890459+00:00,30.635882546572248
2025-08-15 08:16:33.332852+00:00,30.630731927696615
2025-08-15 08:16:34.328026+00:00,30.630731927696615
2025-08-15 08:16:35.310405+00:00,30.630731927696615
2025-08-15 08:16:37.747314+00:00,30.620430690818466
2025-08-15 08:16:38.801205+00:00,30.62558130911202
2025-08-15 08:16:40.320699+00:00,30.635882546572248
2025-08-15 08:16:41.851173+00:00,30.630731927696615
2025-08-15 08:16:42.805680+00:00,30.630731927696615
2025-08-15 08:16:43.530447+00:00,30.630731927696615
2025-08-15 08:16:44.076126+00:00,30.62558130911202
2025-08-15 08:16:44.559052+00:00,30.630731927696615
2025-08-15 08:16:49.037543+00:00,30.646183785196627
2025-08-15 08:16:49.591086+00:00,30.630731927696615
2025-08-15 08:16:49.981918+00:00,30.641033165738918
2025-08-15 08:16:50.793073+00:00,30.641033165738918
2025-08-15 08:16:52.618612+00:00,30.641033165738918
2025-08-15 08:16:54.375214+00:00,30.641033165738918
2025-08-15 08:16:55.683324+00:00,30.641033165738918
2025-08-15 08:16:56.869705+00:00,30.641033165738918
2025-08-15 08:16:57.684565+00:00,30.641033165738918
2025-08-15 08:16:58.628326+00:00,30.630731927696615
2025-08-15 08:17:00.073398+00:00,30.635882546572248
2025-08-15 08:17:01.850101+00:00,30.635882546572248
2025-08-15 08:17:02.299340+00:00,30.635882546572248
2025-08-15 08:17:04.693890+00:00,30.630731927696615
2025-08-15 08:17:07.598300+00:00,30.635882546572248
2025-08-15 08:17:10.580462+00:00,30.630731927696615
2025-08-15 08:17:11.124087+00:00,30.620430690818466
2025-08-15 08:17:11.840021+00:00,30.62558130911202
2025-08-15 08:17:16.156874+00:00,30.630731927696615
2025-08-15 08:17:16.616341+00:00,30.635882546572248
2025-08-15 08:17:17.362465+00:00,30.620430690818466
2025-08-15 08:17:18.299180+00:00,30.62558130911202
2025-08-15 08:17:18.991200+00:00,30.62558130911202
2025-08-15 08:17:19.560762+00:00,30.630731927696615
2025-08-15 08:17:19.768694+00:00,30.641033165738918
2025-08-15 08:17:20.010410+00:00,30.646183785196627
2025-08-15 08:17:20.578373+00:00,30.651334404945374
2025-08-15 08:17:20.862501+00:00,30.630731927696615
2025-08-15 08:17:21.449627+00:00,30.641033165738918
2025-08-15 08:17:23.580534+00:00,30.630731927696615
2025-08-15 08:17:24.346851+00:00,30.646183785196627
2025-08-15 08:17:27.723511+00:00,30.646183785196627
2025-08-15 08:17:29.301578+00:00,30.646183785196627
2025-08-15 08:17:31.197424+00:00,30.646183785196627
2025-08-15 08:17:32.473033+00:00,30.641033165738918
2025-08-15 08:17:34.943257+00:00,30.641033165738918
2025-08-15 08:17:35.560107+00:00,30.635882546572248
2025-08-15 08:17:35.820187+00:00,30.641033165738918
2025-08-15 08:17:36.067689+00:00,30.635882546572248
2025-08-15 08:17:36.324513+00:00,30.641033165738918
2025-08-15 08:17:36.556979+00:00,30.635882546572248
2025-08-15 08:17:36.750925+00:00,30.646183785196627
2025-08-15 08:17:36.981288+00:00,30.651334404945374
2025-08-15 08:17:37.141292+00:00,30.641033165738918
2025-08-15 08:17:37.707591+00:00,30.641033165738918
2025-08-15 08:17:39.216320+00:00,30.651334404945374
2025-08-15 08:17:39.625100+00:00,30.641033165738918
2025-08-15 08:17:41.149681+00:00,30.641033165738918
2025-08-15 08:17:42.730554+00:00,30.641033165738918
2025-08-15 08:17:43.158066+00:00,30.635882546572248
2025-08-15 08:17:43.357403+00:00,30.630731927696615
2025-08-15 08:17:43.658427+00:00,30.646183785196627
2025-08-15 08:17:44.719380+00:00,30.651334404945374
2025-08-15 08:17:47.016283+00:00,30.65648502498516
2025-08-15 08:17:47.617816+00:00,30.65648502498516
2025-08-15 08:17:48.712483+00:00,30.661635645315982
2025-08-15 08:17:49.327115+00:00,30.651334404945374
2025-08-15 08:17:49.801447+00:00,30.671936886850744
2025-08-15 08:17:50.342472+00:00,30.671936886850744
2025-08-15 08:17:51.478066+00:00,30.677087508054683
2025-08-15 08:17:53.517530+00:00,30.677087508054683
2025-08-15 08:17:54.201559+00:00,30.677087508054683
2025-08-15 08:17:54.787707+00:00,30.677087508054683
2025-08-15 08:17:55.249449+00:00,30.68223812954966
2025-08-15 08:17:57.658854+00:00,30.68223812954966
2025-08-15 08:18:01.145870+00:00,30.671936886850744
2025-08-15 08:18:01.497848+00:00,30.671936886850744
2025-08-15 08:18:04.961012+00:00,30.687388751335675
2025-08-15 08:18:06.365820+00:00,30.687388751335675
2025-08-15 08:18:07.598650+00:00,30.68223812954966
2025-08-15 08:18:09.787275+00:00,30.69253937341273
2025-08-15 08:18:10.679322+00:00,30.70284061843995
2025-08-15 08:18:15.844201+00:00,30.69253937341273
2025-08-15 08:18:16.239045+00:00,30.70799124139012
2025-08-15 08:18:16.510251+00:00,30.70284061843995
2025-08-15 08:18:17.745263+00:00,30.70799124139012
2025-08-15 08:18:18.137645+00:00,30.70799124139012
2025-08-15 08:18:20.530489+00:00,30.71829248816357
2025-08-15 08:18:20.763378+00:00,30.713141864631325
2025-08-15 08:18:22.633387+00:00,30.70799124139012
2025-08-15 08:18:23.076271+00:00,30.723443111986853
2025-08-15 08:18:25.269016+00:00,30.71829248816357
2025-08-15 08:18:26.370973+00:00,30.733744360506535
2025-08-15 08:18:27.272587+00:00,30.733744360506535
2025-08-15 08:18:27.523932+00:00,30.74404561019037
2025-08-15 08:18:32.404129+00:00,30.75949748689891
2025-08-15 08:18:33.247399+00:00,30.754346861038357
2025-08-15 08:18:34.540643+00:00,30.764648113050498
2025-08-15 08:18:36.697753+00:00,30.769798739493126
2025-08-15 08:18:39.797098+00:00,30.764648113050498
2025-08-15 08:18:40.408713+00:00,30.769798739493126
2025-08-15 08:18:41.468755+00:00,30.774949366226792
2025-08-15 08:18:43.809425+00:00,30.79040124817402
2025-08-15 08:18:48.974748+00:00,30.79555187607184
2025-08-15 08:18:52.282939+00:00,30.805853132740594
2025-08-15 08:18:53.283190+00:00,30.8161543905735
2025-08-15 08:18:56.409998+00:00,30.836756909731776
2025-08-15 08:18:57.980506+00:00,30.84190754024894
2025-08-15 08:18:58.279273+00:00,30.857359433546662
2025-08-15 08:18:58.498348+00:00,30.86251006522798
2025-08-15 08:18:58.722483+00:00,30.852208802156383
2025-08-15 08:19:01.894970+00:00,30.84190754024894
2025-08-15 08:19:04.269204+00:00,30.857359433546662
2025-08-15 08:19:04.945389+00:00,30.852208802156383
2025-08-15 08:19:08.214959+00:00,30.847058171057142
2025-08-15 08:19:09.274022+00:00,30.852208802156383
2025-08-15 08:19:12.677350+00:00,30.84190754024894
2025-08-15 08:19:18.796164+00:00,30.836756909731776
2025-08-15 08:19:19.169349+00:00,30.83160627950565
2025-08-15 08:19:21.467002+00:00,30.826455649570562
2025-08-15 08:19:22.070100+00:00,30.83160627950565
2025-08-15 08:19:24.717396+00:00,30.826455649570562
2025-08-15 08:19:26.916791+00:00,30.8161543905735
2025-08-15 08:19:27.703829+00:00,30.8161543905735
2025-08-15 08:19:29.697915+00:00,30.8161543905735
2025-08-15 08:19:30.441430+00:00,30.81100376151153
2025-08-15 08:19:32.602318+00:00,30.8007025042607
2025-08-15 08:19:32.970122+00:00,30.805853132740594
2025-08-15 08:19:33.608558+00:00,30.8007025042607
2025-08-15 08:19:36.290436+00:00,30.79040124817402
2025-08-15 08:19:40.435875+00:00,30.79555187607184
2025-08-15 08:19:41.354677+00:00,30.780099993251497
2025-08-15 08:19:42.843959+00:00,30.79040124817402
2025-08-15 08:19:44.399088+00:00,30.79555187607184
2025-08-15 08:19:45.593960+00:00,30.79040124817402
2025-08-15 08:19:46.656798+00:00,30.79555187607184
2025-08-15 08:19:47.377327+00:00,30.79555187607184
2025-08-15 08:19:47.732750+00:00,30.79555187607184
2025-08-15 08:19:49.233284+00:00,30.79040124817402
2025-08-15 08:19:50.338872+00:00,30.79555187607184
2025-08-15 08:19:52.434935+00:00,30.79040124817402
2025-08-15 08:19:54.976203+00:00,30.79040124817402
2025-08-15 08:19:55.248850+00:00,30.79040124817402
2025-08-15 08:19:57.044976+00:00,30.79555187607184
2025-08-15 08:20:03.318557+00:00,30.805853132740594
2025-08-15 08:20:05.483436+00:00,30.805853132740594
2025-08-15 08:20:06.643293+00:00,30.8007025042607
2025-08-15 08:20:07.239277+00:00,30.8007025042607
2025-08-15 08:20:09.243391+00:00,30.81100376151153
2025-08-15 08:20:11.684842+00:00,30.826455649570562
2025-08-15 08:20:17.460292+00:00,30.83160627950565
2025-08-15 08:20:21.827150+00:00,30.86251006522798
2025-08-15 08:20:27.402995+00:00,30.86251006522798
2025-08-15 08:20:29.881925+00:00,30.857359433546662
2025-08-15 08:20:30.219703+00:00,30.857359433546662
2025-08-15 08:20:31.638535+00:00,30.84190754024894
2025-08-15 08:20:32.482060+00:00,30.857359433546662
2025-08-15 08:20:36.939161+00:00,30.847058171057142
2025-08-15 08:20:38.901241+00:00,30.83160627950565
2025-08-15 08:20:39.552818+00:00,30.821305019926513
2025-08-15 08:20:40.170295+00:00,30.83160627950565
2025-08-15 08:20:40.771757+00:00,30.836756909731776
2025-08-15 08:20:41.539482+00:00,30.8161543905735
2025-08-15 08:20:42.403522+00:00,30.826455649570562
2025-08-15 08:20:42.701573+00:00,30.83160627950565
2025-08-15 08:20:44.398886+00:00,30.826455649570562
2025-08-15 08:20:45.049921+00:00,30.836756909731776
2025-08-15 08:20:48.893985+00:00,30.83160627950565
2025-08-15 08:20:49.137651+00:00,30.84190754024894
2025-08-15 08:20:49.770743+00:00,30.836756909731776
2025-08-15 08:20:50.155408+00:00,30.84190754024894
2025-08-15 08:20:50.381788+00:00,30.836756909731776
2025-08-15 08:20:51.475765+00:00,30.852208802156383
2025-08-15 08:20:51.742523+00:00,30.852208802156383
2025-08-15 08:20:53.873096+00:00,30.852208802156383
2025-08-15 08:20:55.287838+00:00,30.867660697200336
2025-08-15 08:20:57.654218+00:00,30.87281132946373
2025-08-15 08:20:57.910726+00:00,30.867660697200336
2025-08-15 08:20:59.704782+00:00,30.88826322800014
2025-08-15 08:20:59.962515+00:00,30.898564495146275
2025-08-15 08:21:00.325670+00:00,30.91401639804826
2025-08-15 08:21:00.658407+00:00,30.91401639804826
2025-08-15 08:21:01.023415+00:00,30.929468303569593
2025-08-15 08:21:02.218145+00:00,30.919167032931
2025-08-15 08:21:02.874853+00:00,30.91401639804826
2025-08-15 08:21:03.241775+00:00,30.9037151291559
2025-08-15 08:21:03.892251+00:00,30.919167032931
2025-08-15 08:21:04.218367+00:00,30.90886576345656
2025-08-15 08:21:07.176079+00:00,30.924317668104777
2025-08-15 08:21:09.766353+00:00,30.96037212247029
2025-08-15 08:21:10.349596+00:00,30.965522759972373
2025-08-15 08:21:12.257486+00:00,30.950070848339237
2025-08-15 08:21:13.114566+00:00,30.955221485259244
2025-08-15 08:21:14.171593+00:00,30.950070848339237
2025-08-15 08:21:14.646997+00:00,30.955221485259244
2025-08-15 08:21:17.055730+00:00,30.96037212247029
2025-08-15 08:21:18.199049+00:00,30.96037212247029
2025-08-15 08:21:24.000378+00:00,30.955221485259244
2025-08-15 08:21:24.795287+00:00,30.94492021171027
2025-08-15 08:21:25.094139+00:00,30.950070848339237
2025-08-15 08:21:25.930751+00:00,30.950070848339237
2025-08-15 08:21:26.398271+00:00,30.934618939325446
2025-08-15 08:21:26.789652+00:00,30.93976957537234
2025-08-15 08:21:29.173334+00:00,30.93976957537234
2025-08-15 08:21:29.764165+00:00,30.929468303569593
2025-08-15 08:21:32.341852+00:00,30.919167032931
2025-08-15 08:21:34.960160+00:00,30.934618939325446
2025-08-15 08:21:36.080687+00:00,30.919167032931
2025-08-15 08:21:37.576900+00:00,30.924317668104777
2025-08-15 08:21:38.028226+00:00,30.919167032931
2025-08-15 08:21:40.175781+00:00,30.924317668104777
2025-08-15 08:21:40.391527+00:00,30.898564495146275
2025-08-15 08:21:40.763127+00:00,30.90886576345656
2025-08-15 08:21:42.207146+00:00,30.898564495146275
2025-08-15 08:21:48.613964+00:00,30.87281132946373
2025-08-15 08:21:48.999641+00:00,30.883112594863633
2025-08-15 08:21:49.993976+00:00,30.88826322800014
2025-08-15 08:21:50.562134+00:00,30.87281132946373
2025-08-15 08:21:50.895072+00:00,30.867660697200336
2025-08-15 08:21:51.214432+00:00,30.867660697200336
2025-08-15 08:21:52.117648+00:00,30.86251006522798
2025-08-15 08:21:52.511372+00:00,30.857359433546662
2025-08-15 08:21:53.653489+00:00,30.86251006522798
2025-08-15 08:21:54.579893+00:00,30.857359433546662
2025-08-15 08:21:56.429124+00:00,30.847058171057142
2025-08-15 08:21:56.769039+00:00,30.84190754024894
2025-08-15 08:21:57.671900+00:00,30.847058171057142
2025-08-15 08:21:58.039702+00:00,30.847058171057142
2025-08-15 08:21:58.624712+00:00,30.84190754024894
2025-08-15 08:21:59.409821+00:00,30.84190754024894
2025-08-15 08:22:00.369224+00:00,30.836756909731776
2025-08-15 08:22:03.764392+00:00,30.83160627950565
2025-08-15 08:22:07.347252+00:00,30.826455649570562
2025-08-15 08:22:07.987873+00:00,30.81100376151153
2025-08-15 08:22:09.221512+00:00,30.8161543905735
2025-08-15 08:22:09.805661+00:00,30.821305019926513
2025-08-15 08:22:10.883370+00:00,30.8161543905735
2025-08-15 08:22:11.174683+00:00,30.8161543905735
2025-08-15 08:22:12.337782+00:00,30.81100376151153
2025-08-15 08:22:12.569166+00:00,30.8161543905735
2025-08-15 08:22:13.370768+00:00,30.81100376151153
2025-08-15 08:22:13.809034+00:00,30.805853132740594
2025-08-15 08:22:14.091665+00:00,30.81100376151153
2025-08-15 08:22:14.302475+00:00,30.805853132740594
2025-08-15 08:22:15.612340+00:00,30.81100376151153
2025-08-15 08:22:19.647842+00:00,30.805853132740594
2025-08-15 08:22:19.946869+00:00,30.79555187607184
2025-08-15 08:22:23.662210+00:00,30.8007025042607
2025-08-15 08:22:25.323672+00:00,30.805853132740594
2025-08-15 08:22:26.209033+00:00,30.826455649570562
2025-08-15 08:22:26.709342+00:00,30.805853132740594
2025-08-15 08:22:27.026290+00:00,30.8161543905735
2025-08-15 08:22:27.250650+00:00,30.8161543905735
2025-08-15 08:22:28.172018+00:00,30.81100376151153
2025-08-15 08:22:28.849378+00:00,30.8161543905735
2025-08-15 08:22:31.237286+00:00,30.8161543905735
2025-08-15 08:22:32.744776+00:00,30.81100376151153
2025-08-15 08:22:33.903197+00:00,30.805853132740594
2025-08-15 08:22:35.073557+00:00,30.805853132740594
2025-08-15 08:22:36.051287+00:00,30.81100376151153
2025-08-15 08:22:39.844851+00:00,30.81100376151153
2025-08-15 08:22:41.699066+00:00,30.8161543905735
2025-08-15 08:22:43.964543+00:00,30.805853132740594
2025-08-15 08:22:44.583299+00:00,30.8161543905735
2025-08-15 08:22:44.961260+00:00,30.81100376151153
2025-08-15 08:22:45.814130+00:00,30.81100376151153
2025-08-15 08:22:48.134799+00:00,30.79555187607184
2025-08-15 08:22:51.299847+00:00,30.8161543905735
2025-08-15 08:22:53.131816+00:00,30.78525062056724
2025-08-15 08:22:53.366206+00:00,30.8007025042607
2025-08-15 08:22:54.342959+00:00,30.79555187607184
2025-08-15 08:22:55.284478+00:00,30.8007025042607
2025-08-15 08:22:58.292752+00:00,30.79040124817402
2025-08-15 08:22:58.528334+00:00,30.79555187607184
2025-08-15 08:22:58.753976+00:00,30.79040124817402
2025-08-15 08:22:58.978086+00:00,30.79555187607184
2025-08-15 08:22:59.211233+00:00,30.78525062056724
2025-08-15 08:22:59.473814+00:00,30.79555187607184
2025-08-15 08:22:59.783413+00:00,30.78525062056724
2025-08-15 08:23:00.190201+00:00,30.78525062056724
2025-08-15 08:23:01.627280+00:00,30.79555187607184
2025-08-15 08:23:05.019664+00:00,30.79555187607184
2025-08-15 08:23:07.984289+00:00,30.81100376151153
2025-08-15 08:23:09.272709+00:00,30.79555187607184
2025-08-15 08:23:13.409650+00:00,30.79040124817402
2025-08-15 08:23:16.946009+00:00,30.79555187607184
2025-08-15 08:23:19.148153+00:00,30.780099993251497
2025-08-15 08:23:19.800517+00:00,30.78525062056724
2025-08-15 08:23:20.176623+00:00,30.780099993251497
2025-08-15 08:23:21.069735+00:00,30.78525062056724
2025-08-15 08:23:22.300712+00:00,30.780099993251497
2025-08-15 08:23:24.684131+00:00,30.774949366226792
2025-08-15 08:23:25.297839+00:00,30.774949366226792
2025-08-15 08:23:26.623015+00:00,30.774949366226792
2025-08-15 08:23:27.367246+00:00,30.774949366226792
2025-08-15 08:23:28.827933+00:00,30.769798739493126
2025-08-15 08:23:30.231724+00:00,30.769798739493126
2025-08-15 08:23:34.102855+00:00,30.774949366226792
2025-08-15 08:23:35.679801+00:00,30.764648113050498
2025-08-15 08:23:36.877391+00:00,30.769798739493126
2025-08-15 08:23:38.711184+00:00,30.75949748689891
2025-08-15 08:23:45.305321+00:00,30.75949748689891
2025-08-15 08:23:46.045771+00:00,30.754346861038357
2025-08-15 08:23:48.502102+00:00,30.75949748689891
2025-08-15 08:23:48.943896+00:00,30.749196235468844
2025-08-15 08:23:50.994459+00:00,30.754346861038357
2025-08-15 08:23:54.759835+00:00,30.75949748689891
2025-08-15 08:23:55.614937+00:00,30.749196235468844
2025-08-15 08:23:55.833297+00:00,30.74404561019037
2025-08-15 08:23:58.134520+00:00,30.749196235468844
2025-08-15 08:23:58.739654+00:00,30.754346861038357
2025-08-15 08:23:59.166935+00:00,30.749196235468844
2025-08-15 08:23:59.400987+00:00,30.769798739493126
2025-08-15 08:24:00.605014+00:00,30.75949748689891
2025-08-15 08:24:01.984104+00:00,30.754346861038357
2025-08-15 08:24:03.462469+00:00,30.749196235468844
2025-08-15 08:24:03.835307+00:00,30.749196235468844
2025-08-15 08:24:05.740573+00:00,30.75949748689891
2025-08-15 08:24:06.284318+00:00,30.764648113050498
2025-08-15 08:24:11.826524+00:00,30.74404561019037
2025-08-15 08:24:13.295027+00:00,30.733744360506535
2025-08-15 08:24:14.580082+00:00,30.728593736101175
2025-08-15 08:24:14.948955+00:00,30.733744360506535
2025-08-15 08:24:17.405599+00:00,30.723443111986853
2025-08-15 08:24:18.992873+00:00,30.723443111986853
2025-08-15 08:24:19.619432+00:00,30.728593736101175
2025-08-15 08:24:20.992302+00:00,30.723443111986853
2025-08-15 08:24:21.393311+00:00,30.723443111986853
2025-08-15 08:24:24.166956+00:00,30.70284061843995
2025-08-15 08:24:25.309249+00:00,30.70284061843995
2025-08-15 08:24:27.897008+00:00,30.70284061843995
2025-08-15 08:24:28.437516+00:00,30.69768999578082
2025-08-15 08:24:29.284365+00:00,30.713141864631325
2025-08-15 08:24:30.856189+00:00,30.728593736101175
2025-08-15 08:24:33.517782+00:00,30.69253937341273
2025-08-15 08:24:33.705633+00:00,30.687388751335675
2025-08-15 08:24:33.969382+00:00,30.69768999578082
2025-08-15 08:24:34.267771+00:00,30.68223812954966
2025-08-15 08:24:36.799739+00:00,30.68223812954966
2025-08-15 08:24:38.232737+00:00,30.661635645315982
2025-08-15 08:24:39.018565+00:00,30.661635645315982
2025-08-15 08:24:39.451667+00:00,30.65648502498516
2025-08-15 08:24:40.084589+00:00,30.661635645315982
2025-08-15 08:24:40.358440+00:00,30.65648502498516
2025-08-15 08:24:41.917840+00:00,30.65648502498516
2025-08-15 08:24:43.228984+00:00,30.65648502498516
2025-08-15 08:24:44.259118+00:00,30.661635645315982
2025-08-15 08:24:46.078461+00:00,30.65648502498516
2025-08-15 08:24:49.712327+00:00,30.651334404945374
2025-08-15 08:24:51.451111+00:00,30.65648502498516
2025-08-15 08:24:51.786000+00:00,30.646183785196627
2025-08-15 08:24:52.108803+00:00,30.651334404945374
2025-08-15 08:24:52.537255+00:00,30.65648502498516
2025-08-15 08:24:52.780508+00:00,30.646183785196627
2025-08-15 08:24:53.582948+00:00,30.666786265937844
2025-08-15 08:24:54.525969+00:00,30.641033165738918
2025-08-15 08:24:54.810433+00:00,30.651334404945374
2025-08-15 08:24:57.133719+00:00,30.646183785196627
2025-08-15 08:24:58.846722+00:00,30.65648502498516
2025-08-15 08:24:59.792014+00:00,30.646183785196627
2025-08-15 08:25:00.135619+00:00,30.641033165738918
2025-08-15 08:25:04.959943+00:00,30.651334404945374
2025-08-15 08:25:05.443233+00:00,30.671936886850744
2025-08-15 08:25:10.255064+00:00,30.65648502498516
2025-08-15 08:25:12.201548+00:00,30.677087508054683
2025-08-15 08:25:13.344764+00:00,30.671936886850744
2025-08-15 08:25:19.769130+00:00,30.68223812954966
2025-08-15 08:25:20.696310+00:00,30.677087508054683
2025-08-15 08:25:24.855153+00:00,30.671936886850744
2025-08-15 08:25:26.275044+00:00,30.671936886850744
2025-08-15 08:25:29.847102+00:00,30.671936886850744
2025-08-15 08:25:30.259546+00:00,30.671936886850744
2025-08-15 08:25:30.776528+00:00,30.666786265937844
2025-08-15 08:25:35.190825+00:00,30.677087508054683
2025-08-15 08:25:41.444991+00:00,30.661635645315982
2025-08-15 08:25:41.727514+00:00,30.666786265937844
2025-08-15 08:25:42.747719+00:00,30.671936886850744
2025-08-15 08:25:43.582816+00:00,30.671936886850744
2025-08-15 08:25:44.037395+00:00,30.68223812954966
2025-08-15 08:25:44.856580+00:00,30.677087508054683
2025-08-15 08:25:48.966431+00:00,30.677087508054683
2025-08-15 08:25:51.591287+00:00,30.671936886850744
2025-08-15 08:25:52.668175+00:00,30.68223812954966
2025-08-15 08:25:53.873734+00:00,30.68223812954966
2025-08-15 08:25:55.414532+00:00,30.68223812954966
2025-08-15 08:25:55.657887+00:00,30.69768999578082
2025-08-15 08:25:56.668750+00:00,30.69253937341273
2025-08-15 08:25:57.332442+00:00,30.69253937341273
2025-08-15 08:25:58.958297+00:00,30.70799124139012
2025-08-15 08:25:59.533387+00:00,30.70284061843995
2025-08-15 08:26:00.303116+00:00,30.713141864631325
2025-08-15 08:26:01.158302+00:00,30.71829248816357
2025-08-15 08:26:03.788555+00:00,30.71829248816357
2025-08-15 08:26:04.118420+00:00,30.71829248816357
2025-08-15 08:26:05.159516+00:00,30.723443111986853
2025-08-15 08:26:10.948316+00:00,30.723443111986853
2025-08-15 08:26:12.644675+00:00,30.738894985202933
2025-08-15 08:26:13.595666+00:00,30.738894985202933
2025-08-15 08:26:14.072661+00:00,30.74404561019037
2025-08-15 08:26:15.266316+00:00,30.733744360506535
2025-08-15 08:26:16.664870+00:00,30.74404561019037
2025-08-15 08:26:18.825949+00:00,30.749196235468844
2025-08-15 08:26:20.449423+00:00,30.754346861038357
2025-08-15 08:26:20.940692+00:00,30.754346861038357
2025-08-15 08:26:21.768780+00:00,30.754346861038357
2025-08-15 08:26:22.555985+00:00,30.764648113050498
2025-08-15 08:26:24.014659+00:00,30.78525062056724
2025-08-15 08:26:24.442027+00:00,30.769798739493126
2025-08-15 08:26:24.669093+00:00,30.774949366226792
2025-08-15 08:26:24.903372+00:00,30.780099993251497
2025-08-15 08:26:25.212267+00:00,30.78525062056724
2025-08-15 08:26:25.448569+00:00,30.78525062056724
2025-08-15 08:26:25.772574+00:00,30.78525062056724
2025-08-15 08:26:27.818111+00:00,30.79555187607184
2025-08-15 08:26:29.923879+00:00,30.8161543905735
2025-08-15 08:26:32.748085+00:00,30.8161543905735
2025-08-15 08:26:33.301488+00:00,30.8161543905735
2025-08-15 08:26:34.114828+00:00,30.81100376151153
2025-08-15 08:26:36.650072+00:00,30.836756909731776
2025-08-15 08:26:37.277575+00:00,30.826455649570562
2025-08-15 08:26:39.091413+00:00,30.83160627950565
2025-08-15 08:26:40.201174+00:00,30.836756909731776
2025-08-15 08:26:45.758849+00:00,30.847058171057142
2025-08-15 08:26:47.417426+00:00,30.847058171057142
2025-08-15 08:26:48.490763+00:00,30.852208802156383
2025-08-15 08:26:51.169632+00:00,30.847058171057142
2025-08-15 08:26:52.165637+00:00,30.84190754024894
2025-08-15 08:26:53.168216+00:00,30.84190754024894
2025-08-15 08:26:54.218665+00:00,30.836756909731776
2025-08-15 08:26:54.462424+00:00,30.836756909731776
2025-08-15 08:26:54.739497+00:00,30.847058171057142
2025-08-15 08:26:57.261238+00:00,30.8161543905735
2025-08-15 08:26:57.770256+00:00,30.821305019926513
2025-08-15 08:26:59.083275+00:00,30.8161543905735
2025-08-15 08:27:00.675990+00:00,30.79555187607184
2025-08-15 08:27:01.116502+00:00,30.79040124817402
2025-08-15 08:27:03.475036+00:00,30.74404561019037
2025-08-15 08:27:08.108329+00:00,30.738894985202933
2025-08-15 08:27:09.034905+00:00,30.713141864631325
2025-08-15 08:27:10.147048+00:00,30.70284061843995
2025-08-15 08:27:11.819149+00:00,30.69768999578082
2025-08-15 08:27:12.065049+00:00,30.69253937341273
2025-08-15 08:27:12.488875+00:00,30.70284061843995
2025-08-15 08:27:16.008185+00:00,30.69253937341273
2025-08-15 08:27:16.564763+00:00,30.70284061843995
2025-08-15 08:27:18.764491+00:00,30.69768999578082
2025-08-15 08:27:19.206368+00:00,30.70284061843995
2025-08-15 08:27:19.581531+00:00,30.70284061843995
2025-08-15 08:27:19.832588+00:00,30.69253937341273
2025-08-15 08:27:22.613671+00:00,30.651334404945374
2025-08-15 08:27:23.114084+00:00,30.651334404945374
2025-08-15 08:27:25.063575+00:00,30.635882546572248
2025-08-15 08:27:25.295183+00:00,30.641033165738918
2025-08-15 08:27:27.997058+00:00,30.61528007281595
2025-08-15 08:27:29.926154+00:00,30.61528007281595
2025-08-15 08:27:34.976676+00:00,30.599828220554627
2025-08-15 08:27:37.751704+00:00,30.589526987168938
2025-08-15 08:27:38.637589+00:00,30.589526987168938
2025-08-15 08:27:39.273412+00:00,30.599828220554627
2025-08-15 08:27:39.847310+00:00,30.594677603716264
2025-08-15 08:27:40.643346+00:00,30.589526987168938
2025-08-15 08:27:41.304289+00:00,30.599828220554627
2025-08-15 08:27:41.629687+00:00,30.599828220554627
2025-08-15 08:27:42.630815+00:00,30.599828220554627
2025-08-15 08:27:43.510321+00:00,30.60497883768403
2025-08-15 08:27:43.717966+00:00,30.61012945510447
2025-08-15 08:27:48.088712+00:00,30.61528007281595
2025-08-15 08:27:49.557278+00:00,30.620430690818466
2025-08-15 08:27:52.532594+00:00,30.61012945510447
2025-08-15 08:27:52.908488+00:00,30.61012945510447
2025-08-15 08:27:54.070504+00:00,30.61528007281595
2025-08-15 08:27:56.659972+00:00,30.630731927696615
2025-08-15 08:27:57.552481+00:00,30.641033165738918
2025-08-15 08:27:57.821672+00:00,30.641033165738918
2025-08-15 08:28:00.621680+00:00,30.641033165738918
2025-08-15 08:28:01.714159+00:00,30.630731927696615
2025-08-15 08:28:02.568807+00:00,30.635882546572248
2025-08-15 08:28:04.212629+00:00,30.635882546572248
2025-08-15 08:28:09.203700+00:00,30.635882546572248
2025-08-15 08:28:11.204157+00:00,30.651334404945374
2025-08-15 08:28:13.705427+00:00,30.68223812954966
2025-08-15 08:28:15.207391+00:00,30.641033165738918
2025-08-15 08:28:18.957656+00:00,30.635882546572248
2025-08-15 08:28:20.437668+00:00,30.62558130911202
2025-08-15 08:28:20.695037+00:00,30.61528007281595
2025-08-15 08:28:21.337793+00:00,30.620430690818466
2025-08-15 08:28:23.903697+00:00,30.61012945510447
2025-08-15 08:28:25.568690+00:00,30.58437637091265
2025-08-15 08:28:26.120261+00:00,30.57407513927319
2025-08-15 08:28:27.061741+00:00,30.56892452389002
2025-08-15 08:28:27.272453+00:00,30.57407513927319
2025-08-15 08:28:27.913231+00:00,30.56892452389002
2025-08-15 08:28:29.112583+00:00,30.563773908797884
2025-08-15 08:28:30.631708+00:00,30.563773908797884
2025-08-15 08:28:31.375471+00:00,30.563773908797884
2025-08-15 08:28:33.713199+00:00,30.55862329399679
2025-08-15 08:28:34.542254+00:00,30.548322065267712
2025-08-15 08:28:37.321677+00:00,30.548322065267712
2025-08-15 08:28:40.049561+00:00,30.548322065267712
2025-08-15 08:28:40.687018+00:00,30.52256899853819
2025-08-15 08:28:40.911389+00:00,30.53802083770279
2025-08-15 08:28:41.538537+00:00,30.54317145133973
2025-08-15 08:28:42.440305+00:00,30.548322065267712
2025-08-15 08:28:43.450846+00:00,30.54317145133973
2025-08-15 08:28:43.745779+00:00,30.53802083770279
2025-08-15 08:28:43.978928+00:00,30.52256899853819
2025-08-15 08:28:45.089673+00:00,30.548322065267712
2025-08-15 08:28:47.323405+00:00,30.55862329399679
2025-08-15 08:28:48.783962+00:00,30.56892452389002
2025-08-15 08:28:50.689422+00:00,30.57407513927319
2025-08-15 08:28:55.943386+00:00,30.58437637091265
2025-08-15 08:28:59.987395+00:00,30.5792257549474
2025-08-15 08:29:00.287400+00:00,30.5792257549474
2025-08-15 08:29:00.615486+00:00,30.5792257549474
2025-08-15 08:29:07.767273+00:00,30.58437637091265
2025-08-15 08:29:08.259855+00:00,30.599828220554627
2025-08-15 08:29:08.955055+00:00,30.589526987168938
2025-08-15 08:29:09.445182+00:00,30.599828220554627
2025-08-15 08:29:09.888372+00:00,30.599828220554627
2025-08-15 08:29:14.176107+00:00,30.589526987168938
2025-08-15 08:29:15.872378+00:00,30.60497883768403
2025-08-15 08:29:16.200089+00:00,30.599828220554627
2025-08-15 08:29:16.841848+00:00,30.61012945510447
2025-08-15 08:29:17.104633+00:00,30.61012945510447
2025-08-15 08:29:17.586839+00:00,30.60497883768403
2025-08-15 08:29:17.988466+00:00,30.60497883768403
2025-08-15 08:29:18.386776+00:00,30.61012945510447
2025-08-15 08:29:18.654439+00:00,30.599828220554627
2025-08-15 08:29:19.046036+00:00,30.61012945510447
2025-08-15 08:29:19.440757+00:00,30.61528007281595
2025-08-15 08:29:19.865296+00:00,30.620430690818466
2025-08-15 08:29:21.026337+00:00,30.61012945510447
2025-08-15 08:29:23.516842+00:00,30.61012945510447
2025-08-15 08:29:24.270087+00:00,30.60497883768403
2025-08-15 08:29:25.680552+00:00,30.62558130911202
2025-08-15 08:29:26.067662+00:00,30.62558130911202
2025-08-15 08:29:26.570425+00:00,30.62558130911202
2025-08-15 08:29:28.112254+00:00,30.62558130911202
2025-08-15 08:29:30.796950+00:00,30.635882546572248
2025-08-15 08:29:32.203224+00:00,30.630731927696615
2025-08-15 08:29:32.524004+00:00,30.635882546572248
2025-08-15 08:29:33.405812+00:00,30.635882546572248
2025-08-15 08:29:34.490983+00:00,30.641033165738918
2025-08-15 08:29:35.983983+00:00,30.651334404945374
2025-08-15 08:29:36.587481+00:00,30.641033165738918
2025-08-15 08:29:37.196612+00:00,30.641033165738918
2025-08-15 08:29:37.682788+00:00,30.646183785196627
2025-08-15 08:29:39.229743+00:00,30.651334404945374
2025-08-15 08:29:45.480505+00:00,30.661635645315982
2025-08-15 08:29:46.443566+00:00,30.661635645315982
2025-08-15 08:29:46.912452+00:00,30.671936886850744
2025-08-15 08:29:48.337010+00:00,30.671936886850744
2025-08-15 08:29:49.243142+00:00,30.671936886850744
2025-08-15 08:29:49.669714+00:00,30.68223812954966
2025-08-15 08:29:51.032286+00:00,30.68223812954966
2025-08-15 08:29:51.241633+00:00,30.687388751335675
2025-08-15 08:29:53.171056+00:00,30.69768999578082
2025-08-15 08:29:53.828519+00:00,30.69768999578082
2025-08-15 08:29:55.361237+00:00,30.70799124139012
2025-08-15 08:29:58.702926+00:00,30.713141864631325
2025-08-15 08:29:59.595923+00:00,30.71829248816357
2025-08-15 08:30:00.427828+00:00,30.71829248816357
2025-08-15 08:30:01.051752+00:00,30.70284061843995
2025-08-15 08:30:03.486526+00:00,30.71829248816357
2025-08-15 08:30:03.786630+00:00,30.713141864631325
2025-08-15 08:30:07.375128+00:00,30.71829248816357
2025-08-15 08:30:07.720771+00:00,30.723443111986853
2025-08-15 08:30:08.294739+00:00,30.723443111986853
2025-08-15 08:30:09.003554+00:00,30.723443111986853
2025-08-15 08:30:10.129465+00:00,30.723443111986853
2025-08-15 08:30:13.375037+00:00,30.728593736101175
2025-08-15 08:30:20.147339+00:00,30.723443111986853
2025-08-15 08:30:21.848599+00:00,30.75949748689891
2025-08-15 08:30:24.033146+00:00,30.774949366226792
2025-08-15 08:30:26.237393+00:00,30.774949366226792
2025-08-15 08:30:29.208586+00:00,30.764648113050498
2025-08-15 08:30:29.622955+00:00,30.774949366226792
2025-08-15 08:30:33.458054+00:00,30.81100376151153
2025-08-15 08:30:33.870470+00:00,30.81100376151153
2025-08-15 08:30:34.985899+00:00,30.8161543905735
2025-08-15 08:30:35.868866+00:00,30.805853132740594
2025-08-15 08:30:40.692243+00:00,30.847058171057142
2025-08-15 08:30:44.567729+00:00,30.847058171057142
2025-08-15 08:30:44.783875+00:00,30.847058171057142
2025-08-15 08:30:46.235977+00:00,30.852208802156383
2025-08-15 08:30:46.630427+00:00,30.857359433546662
2025-08-15 08:30:47.118114+00:00,30.847058171057142
2025-08-15 08:30:49.952333+00:00,30.852208802156383
2025-08-15 08:30:50.622643+00:00,30.86251006522798
2025-08-15 08:30:50.835041+00:00,30.852208802156383
2025-08-15 08:30:52.244816+00:00,30.857359433546662
2025-08-15 08:30:53.293033+00:00,30.852208802156383
2025-08-15 08:30:54.619789+00:00,30.852208802156383
2025-08-15 08:30:55.043689+00:00,30.857359433546662
2025-08-15 08:30:55.266177+00:00,30.857359433546662
2025-08-15 08:30:55.504669+00:00,30.852208802156383
2025-08-15 08:30:55.870767+00:00,30.857359433546662
2025-08-15 08:30:56.093664+00:00,30.857359433546662
2025-08-15 08:30:56.345726+00:00,30.857359433546662
2025-08-15 08:30:57.217491+00:00,30.852208802156383
2025-08-15 08:30:58.688226+00:00,30.847058171057142
2025-08-15 08:30:59.457029+00:00,30.847058171057142
2025-08-15 08:31:01.275288+00:00,30.857359433546662
2025-08-15 08:31:01.919239+00:00,30.84190754024894
2025-08-15 08:31:04.251533+00:00,30.836756909731776
2025-08-15 08:31:04.920849+00:00,30.847058171057142
2025-08-15 08:31:06.753163+00:00,30.83160627950565
2025-08-15 08:31:07.392999+00:00,30.836756909731776
2025-08-15 08:31:08.110572+00:00,30.836756909731776
2025-08-15 08:31:08.913129+00:00,30.84190754024894
2025-08-15 08:31:11.545590+00:00,30.852208802156383
2025-08-15 08:31:12.279056+00:00,30.836756909731776
2025-08-15 08:31:13.537594+00:00,30.847058171057142
2025-08-15 08:31:14.903304+00:00,30.836756909731776
2025-08-15 08:31:16.310737+00:00,30.836756909731776
2025-08-15 08:31:17.242928+00:00,30.84190754024894
2025-08-15 08:31:18.588307+00:00,30.847058171057142
2025-08-15 08:31:18.922674+00:00,30.847058171057142
2025-08-15 08:31:21.127921+00:00,30.847058171057142
2025-08-15 08:31:22.357886+00:00,30.847058171057142
2025-08-15 08:31:23.526748+00:00,30.847058171057142
2025-08-15 08:31:24.237812+00:00,30.847058171057142
2025-08-15 08:31:25.465422+00:00,30.86251006522798
2025-08-15 08:31:25.950829+00:00,30.852208802156383
2025-08-15 08:31:26.251094+00:00,30.852208802156383
2025-08-15 08:31:26.941669+00:00,30.847058171057142
2025-08-15 08:31:27.988223+00:00,30.847058171057142
2025-08-15 08:31:30.469871+00:00,30.847058171057142
2025-08-15 08:31:33.993385+00:00,30.84190754024894
2025-08-15 08:31:35.015727+00:00,30.91401639804826
2025-08-15 08:31:37.568619+00:00,30.91401639804826
2025-08-15 08:31:38.740067+00:00,30.934618939325446
2025-08-15 08:31:39.979027+00:00,30.924317668104777
2025-08-15 08:31:40.211564+00:00,30.929468303569593
2025-08-15 08:31:42.176495+00:00,30.934618939325446
2025-08-15 08:31:47.710300+00:00,30.934618939325446
2025-08-15 08:31:51.053591+00:00,30.93976957537234
2025-08-15 08:31:51.723512+00:00,30.934618939325446
2025-08-15 08:31:52.024488+00:00,30.919167032931
2025-08-15 08:31:52.265549+00:00,30.929468303569593
2025-08-15 08:31:53.695594+00:00,30.929468303569593
2025-08-15 08:31:56.175624+00:00,30.93976957537234
2025-08-15 08:31:57.063171+00:00,30.93976957537234
2025-08-15 08:31:58.911249+00:00,30.965522759972373
2025-08-15 08:31:59.551726+00:00,30.96037212247029
2025-08-15 08:32:01.125432+00:00,30.955221485259244
2025-08-15 08:32:01.471808+00:00,30.950070848339237
2025-08-15 08:32:02.902297+00:00,30.96037212247029
2025-08-15 08:32:03.387745+00:00,30.94492021171027
2025-08-15 08:32:04.217955+00:00,30.96037212247029
2025-08-15 08:32:05.651273+00:00,30.955221485259244
2025-08-15 08:32:05.993430+00:00,30.950070848339237
2025-08-15 08:32:06.301154+00:00,30.965522759972373
2025-08-15 08:32:06.779858+00:00,30.955221485259244
2025-08-15 08:32:07.280705+00:00,30.950070848339237
2025-08-15 08:32:07.677107+00:00,30.950070848339237
2025-08-15 08:32:08.711015+00:00,30.93976957537234
2025-08-15 08:32:09.018652+00:00,30.950070848339237
2025-08-15 08:32:11.569525+00:00,30.93976957537234
2025-08-15 08:32:14.043004+00:00,30.929468303569593
2025-08-15 08:32:14.989267+00:00,30.929468303569593
2025-08-15 08:32:15.859317+00:00,30.934618939325446
2025-08-15 08:32:19.142317+00:00,30.91401639804826
2025-08-15 08:32:19.875523+00:00,30.929468303569593
2025-08-15 08:32:20.409378+00:00,30.929468303569593
2025-08-15 08:32:21.609963+00:00,30.90886576345656
2025-08-15 08:32:21.826347+00:00,30.924317668104777
2025-08-15 08:32:22.119573+00:00,30.91401639804826
2025-08-15 08:32:22.491785+00:00,30.90886576345656
2025-08-15 08:32:23.144123+00:00,30.919167032931
2025-08-15 08:32:24.472461+00:00,30.9037151291559
2025-08-15 08:32:25.324717+00:00,30.9037151291559
2025-08-15 08:32:25.650850+00:00,30.90886576345656
2025-08-15 08:32:27.647377+00:00,30.88826322800014
2025-08-15 08:32:28.351563+00:00,30.883112594863633
2025-08-15 08:32:28.850218+00:00,30.88826322800014
2025-08-15 08:32:29.494404+00:00,30.89341386142769
2025-08-15 08:32:29.950044+00:00,30.87281132946373
2025-08-15 08:32:31.907910+00:00,30.88826322800014
2025-08-15 08:32:32.827066+00:00,30.87281132946373
2025-08-15 08:32:33.463838+00:00,30.87281132946373
2025-08-15 08:32:36.111335+00:00,30.867660697200336
2025-08-15 08:32:37.097565+00:00,30.86251006522798
2025-08-15 08:32:39.118403+00:00,30.86251006522798
2025-08-15 08:32:40.089286+00:00,30.857359433546662
2025-08-15 08:32:40.623401+00:00,30.86251006522798
2025-08-15 08:32:43.523525+00:00,30.86251006522798
2025-08-15 08:32:44.132789+00:00,30.86251006522798
2025-08-15 08:32:44.509778+00:00,30.847058171057142
2025-08-15 08:32:44.884884+00:00,30.847058171057142
2025-08-15 08:32:47.724863+00:00,30.836756909731776
2025-08-15 08:32:48.462548+00:00,30.852208802156383
2025-08-15 08:32:55.934167+00:00,30.847058171057142
2025-08-15 08:32:56.195670+00:00,30.852208802156383
2025-08-15 08:32:57.044938+00:00,30.836756909731776
2025-08-15 08:32:58.155818+00:00,30.84190754024894
2025-08-15 08:32:59.433212+00:00,30.847058171057142
2025-08-15 08:33:01.850422+00:00,30.847058171057142
2025-08-15 08:33:02.203522+00:00,30.84190754024894
2025-08-15 08:33:03.371275+00:00,30.84190754024894
2025-08-15 08:33:03.812842+00:00,30.84190754024894
2025-08-15 08:33:04.117434+00:00,30.84190754024894
2025-08-15 08:33:06.638398+00:00,30.857359433546662
2025-08-15 08:33:09.123829+00:00,30.867660697200336
2025-08-15 08:33:09.744332+00:00,30.86251006522798
2025-08-15 08:33:10.173298+00:00,30.867660697200336
2025-08-15 08:33:10.840379+00:00,30.87281132946373
2025-08-15 08:33:11.073065+00:00,30.87281132946373
2025-08-15 08:33:11.392986+00:00,30.87281132946373
2025-08-15 08:33:12.319177+00:00,30.86251006522798
2025-08-15 08:33:12.777750+00:00,30.883112594863633
2025-08-15 08:33:13.117564+00:00,30.88826322800014
2025-08-15 08:33:14.849622+00:00,30.87281132946373
2025-08-15 08:33:17.041907+00:00,30.883112594863633
2025-08-15 08:33:17.633459+00:00,30.87281132946373
2025-08-15 08:33:19.179488+00:00,30.87281132946373
2025-08-15 08:33:20.664164+00:00,30.88826322800014
2025-08-15 08:33:20.867191+00:00,30.898564495146275
2025-08-15 08:33:22.236186+00:00,30.88826322800014
2025-08-15 08:33:25.035552+00:00,30.88826322800014
2025-08-15 08:33:26.088080+00:00,30.89341386142769
2025-08-15 08:33:26.325699+00:00,30.89341386142769
2025-08-15 08:33:28.126446+00:00,30.898564495146275
2025-08-15 08:33:28.560187+00:00,30.9037151291559
2025-08-15 08:33:29.133149+00:00,30.89341386142769
2025-08-15 08:33:31.479743+00:00,30.89341386142769
2025-08-15 08:33:31.809346+00:00,30.89341386142769
2025-08-15 08:33:33.049482+00:00,30.898564495146275
2025-08-15 08:33:33.432381+00:00,30.89341386142769
2025-08-15 08:33:33.666216+00:00,30.898564495146275
2025-08-15 08:33:33.932656+00:00,30.88826322800014
2025-08-15 08:33:34.158434+00:00,30.898564495146275
2025-08-15 08:33:34.391985+00:00,30.898564495146275
2025-08-15 08:33:34.625725+00:00,30.9037151291559
2025-08-15 08:33:37.100113+00:00,30.88826322800014
2025-08-15 08:33:38.203591+00:00,30.88826322800014
2025-08-15 08:33:39.239411+00:00,30.898564495146275
2025-08-15 08:33:39.631134+00:00,30.88826322800014
2025-08-15 08:33:42.690588+00:00,30.898564495146275
2025-08-15 08:33:44.542282+00:00,30.88826322800014
2025-08-15 08:33:45.982728+00:00,30.89341386142769
2025-08-15 08:33:46.482527+00:00,30.88826322800014
2025-08-15 08:33:51.764795+00:00,30.9037151291559
2025-08-15 08:33:52.983931+00:00,30.89341386142769
2025-08-15 08:33:53.653752+00:00,30.89341386142769
2025-08-15 08:33:54.184645+00:00,30.9037151291559
2025-08-15 08:33:54.890547+00:00,30.898564495146275
2025-08-15 08:33:55.757143+00:00,30.898564495146275
2025-08-15 08:33:56.386930+00:00,30.90886576345656
2025-08-15 08:33:56.962056+00:00,30.90886576345656
2025-08-15 08:33:58.315194+00:00,30.91401639804826
2025-08-15 08:33:59.085887+00:00,30.90886576345656
2025-08-15 08:33:59.324325+00:00,30.9037151291559
2025-08-15 08:33:59.888671+00:00,30.90886576345656
2025-08-15 08:34:01.339681+00:00,30.89341386142769
2025-08-15 08:34:01.881891+00:00,30.898564495146275
2025-08-15 08:34:02.231263+00:00,30.90886576345656
2025-08-15 08:34:04.600995+00:00,30.91401639804826
2025-08-15 08:34:08.890290+00:00,30.90886576345656
2025-08-15 08:34:10.675125+00:00,30.919167032931
2025-08-15 08:34:14.669273+00:00,30.91401639804826
2025-08-15 08:34:18.432826+00:00,30.91401639804826
2025-08-15 08:34:18.729092+00:00,30.90886576345656
2025-08-15 08:34:19.056008+00:00,30.91401639804826
2025-08-15 08:34:19.296020+00:00,30.91401639804826
2025-08-15 08:34:19.540703+00:00,30.919167032931
2025-08-15 08:34:21.057972+00:00,30.91401639804826
2025-08-15 08:34:21.746428+00:00,30.90886576345656
2025-08-15 08:34:22.043323+00:00,30.919167032931
2025-08-15 08:34:23.366349+00:00,30.90886576345656
2025-08-15 08:34:24.245082+00:00,30.898564495146275
2025-08-15 08:34:25.289322+00:00,30.9037151291559
2025-08-15 08:34:25.672714+00:00,30.90886576345656
2025-08-15 08:34:25.938772+00:00,30.898564495146275
2025-08-15 08:34:26.809811+00:00,30.898564495146275
2025-08-15 08:34:27.068803+00:00,30.89341386142769
2025-08-15 08:34:27.383408+00:00,30.898564495146275
2025-08-15 08:34:29.256106+00:00,30.898564495146275
2025-08-15 08:34:31.272456+00:00,30.89341386142769
2025-08-15 08:34:31.531245+00:00,30.88826322800014
2025-08-15 08:34:34.193000+00:00,30.898564495146275
2025-08-15 08:34:36.416044+00:00,30.87281132946373
2025-08-15 08:34:36.864415+00:00,30.88826322800014
2025-08-15 08:34:37.538678+00:00,30.883112594863633
2025-08-15 08:34:37.746651+00:00,30.883112594863633
2025-08-15 08:34:38.175002+00:00,30.88826322800014
2025-08-15 08:34:38.559069+00:00,30.883112594863633
2025-08-15 08:34:40.412751+00:00,30.87281132946373
2025-08-15 08:34:40.657428+00:00,30.87281132946373
2025-08-15 08:34:41.524241+00:00,30.88826322800014
2025-08-15 08:34:42.136894+00:00,30.88826322800014
2025-08-15 08:34:42.337045+00:00,30.883112594863633
2025-08-15 08:34:44.030992+00:00,30.898564495146275
2025-08-15 08:34:44.865732+00:00,30.87281132946373
2025-08-15 08:34:49.389696+00:00,30.89341386142769
2025-08-15 08:34:53.252921+00:00,30.88826322800014
2025-08-15 08:34:53.814282+00:00,30.88826322800014
2025-08-15 08:34:54.297358+00:00,30.88826322800014
2025-08-15 08:34:55.928440+00:00,30.88826322800014
2025-08-15 08:34:58.196955+00:00,30.89341386142769
2025-08-15 08:34:58.906795+00:00,30.898564495146275
2025-08-15 08:34:59.224286+00:00,30.883112594863633
2025-08-15 08:35:01.321865+00:00,30.898564495146275
2025-08-15 08:35:02.626120+00:00,30.88826322800014
2025-08-15 08:35:03.351465+00:00,30.898564495146275
2025-08-15 08:35:06.910502+00:00,30.88826322800014
2025-08-15 08:35:07.260842+00:00,30.883112594863633
2025-08-15 08:35:07.607108+00:00,30.88826322800014
2025-08-15 08:35:07.947838+00:00,30.87281132946373
2025-08-15 08:35:08.296850+00:00,30.88826322800014
2025-08-15 08:35:09.126734+00:00,30.87281132946373
2025-08-15 08:35:10.695661+00:00,30.867660697200336
2025-08-15 08:35:11.738720+00:00,30.883112594863633
2025-08-15 08:35:13.352861+00:00,30.86251006522798
2025-08-15 08:35:13.870785+00:00,30.87281132946373
2025-08-15 08:35:16.217293+00:00,30.867660697200336
2025-08-15 08:35:17.655856+00:00,30.852208802156383
2025-08-15 08:35:18.139896+00:00,30.86251006522798
2025-08-15 08:35:18.566242+00:00,30.867660697200336
2025-08-15 08:35:19.697524+00:00,30.847058171057142
2025-08-15 08:35:21.273134+00:00,30.857359433546662
2025-08-15 08:35:24.103884+00:00,30.86251006522798
2025-08-15 08:35:26.606873+00:00,30.867660697200336
2025-08-15 08:35:29.001278+00:00,30.86251006522798
2025-08-15 08:35:29.347987+00:00,30.86251006522798
2025-08-15 08:35:31.563366+00:00,30.883112594863633
2025-08-15 08:35:31.945704+00:00,30.88826322800014
2025-08-15 08:35:32.332568+00:00,30.88826322800014
2025-08-15 08:35:33.506458+00:00,30.86251006522798
2025-08-15 08:35:34.704400+00:00,30.857359433546662
2025-08-15 08:35:41.576733+00:00,30.857359433546662
2025-08-15 08:35:42.490363+00:00,30.86251006522798
2025-08-15 08:35:42.930254+00:00,30.857359433546662
2025-08-15 08:35:43.713076+00:00,30.857359433546662
2025-08-15 08:35:44.419300+00:00,30.857359433546662
2025-08-15 08:35:46.739376+00:00,30.852208802156383
2025-08-15 08:35:49.768049+00:00,30.852208802156383
2025-08-15 08:35:50.381111+00:00,30.867660697200336
2025-08-15 08:35:52.484945+00:00,30.88826322800014
2025-08-15 08:35:53.259610+00:00,30.87281132946373
2025-08-15 08:36:03.480086+00:00,30.88826322800014
2025-08-15 08:36:07.164076+00:00,30.96037212247029
2025-08-15 08:36:08.647477+00:00,30.975824035849655
2025-08-15 08:36:09.445576+00:00,30.991275951848365
2025-08-15 08:36:12.716193+00:00,30.980974674224854
2025-08-15 08:36:13.519067+00:00,30.975824035849655
2025-08-15 08:36:14.087416+00:00,30.980974674224854
2025-08-15 08:36:16.598714+00:00,30.991275951848365
2025-08-15 08:36:18.833893+00:00,30.975824035849655
2025-08-15 08:36:23.013220+00:00,30.975824035849655
2025-08-15 08:36:24.614910+00:00,30.96037212247029
2025-08-15 08:36:25.484722+00:00,30.970673397765495
2025-08-15 08:36:26.028131+00:00,30.980974674224854
2025-08-15 08:36:26.321023+00:00,30.970673397765495
2025-08-15 08:36:28.209442+00:00,30.970673397765495
2025-08-15 08:36:29.654021+00:00,30.975824035849655
2025-08-15 08:36:36.329424+00:00,30.96037212247029
2025-08-15 08:36:37.642288+00:00,30.93976957537234
2025-08-15 08:36:39.679365+00:00,30.93976957537234
2025-08-15 08:36:40.317409+00:00,30.93976957537234
2025-08-15 08:36:41.127758+00:00,30.93976957537234
2025-08-15 08:36:43.420488+00:00,30.93976957537234
2025-08-15 08:36:46.425200+00:00,30.924317668104777
2025-08-15 08:36:48.956571+00:00,30.955221485259244
2025-08-15 08:36:49.516093+00:00,30.975824035849655
2025-08-15 08:36:49.827204+00:00,30.965522759972373
2025-08-15 08:36:50.318736+00:00,30.955221485259244
2025-08-15 08:36:54.748431+00:00,30.991275951848365
2025-08-15 08:36:58.393923+00:00,31.01187851058785
2025-08-15 08:37:00.717392+00:00,31.00157723063603
2025-08-15 08:37:01.237115+00:00,31.00157723063603
2025-08-15 08:37:06.026960+00:00,31.00157723063603
2025-08-15 08:37:06.518937+00:00,30.99642659109668
2025-08-15 08:37:06.836515+00:00,31.01187851058785
2025-08-15 08:37:07.201385+00:00,31.00672787046642
2025-08-15 08:37:07.577940+00:00,31.00672787046642
2025-08-15 08:37:08.177337+00:00,31.00672787046642
2025-08-15 08:37:13.436298+00:00,30.980974674224854
2025-08-15 08:37:16.207167+00:00,30.980974674224854
2025-08-15 08:37:22.821353+00:00,31.00157723063603
2025-08-15 08:37:24.028770+00:00,31.00157723063603
2025-08-15 08:37:25.496483+00:00,31.00157723063603
2025-08-15 08:37:27.153913+00:00,30.991275951848365
2025-08-15 08:37:28.240006+00:00,30.99642659109668
2025-08-15 08:37:29.221644+00:00,30.991275951848365
2025-08-15 08:37:31.870356+00:00,30.980974674224854
2025-08-15 08:37:33.955668+00:00,31.00157723063603
2025-08-15 08:37:36.120538+00:00,30.98612531289109
2025-08-15 08:37:38.801820+00:00,30.980974674224854
2025-08-15 08:37:39.877454+00:00,30.980974674224854
2025-08-15 08:37:40.112188+00:00,30.975824035849655
2025-08-15 08:37:40.570033+00:00,30.980974674224854
2025-08-15 08:37:42.560793+00:00,30.970673397765495
2025-08-15 08:37:43.680821+00:00,30.975824035849655
2025-08-15 08:37:44.199656+00:00,30.970673397765495
2025-08-15 08:37:44.458399+00:00,30.970673397765495
2025-08-15 08:37:46.175577+00:00,30.96037212247029
2025-08-15 08:37:48.327022+00:00,30.950070848339237
2025-08-15 08:37:50.155831+00:00,30.94492021171027
2025-08-15 08:37:50.648951+00:00,30.950070848339237
2025-08-15 08:37:51.970506+00:00,30.950070848339237
2025-08-15 08:37:53.950432+00:00,30.950070848339237
2025-08-15 08:37:54.935282+00:00,30.950070848339237
2025-08-15 08:37:55.192387+00:00,30.94492021171027
2025-08-15 08:37:55.529303+00:00,30.94492021171027
2025-08-15 08:37:58.593041+00:00,30.950070848339237
2025-08-15 08:38:00.036536+00:00,30.94492021171027
2025-08-15 08:38:11.323459+00:00,30.924317668104777
2025-08-15 08:38:13.728634+00:00,30.919167032931
2025-08-15 08:38:14.064025+00:00,30.929468303569593
2025-08-15 08:38:14.678108+00:00,30.91401639804826
2025-08-15 08:38:15.568819+00:00,30.929468303569593
2025-08-15 08:38:16.102808+00:00,30.91401639804826
2025-08-15 08:38:19.311074+00:00,30.919167032931
2025-08-15 08:38:21.993991+00:00,30.898564495146275
2025-08-15 08:38:22.727112+00:00,30.89341386142769
2025-08-15 08:38:23.011805+00:00,30.9037151291559
2025-08-15 08:38:25.678089+00:00,30.898564495146275
2025-08-15 08:38:28.493498+00:00,30.877961962018162
2025-08-15 08:38:29.162752+00:00,30.883112594863633
2025-08-15 08:38:31.866586+00:00,30.89341386142769
2025-08-15 08:38:35.988493+00:00,30.857359433546662
2025-08-15 08:38:37.209021+00:00,30.867660697200336
2025-08-15 08:38:40.336032+00:00,30.857359433546662
2025-08-15 08:38:40.560206+00:00,30.857359433546662
2025-08-15 08:38:40.835991+00:00,30.86251006522798
2025-08-15 08:38:41.101925+00:00,30.86251006522798
2025-08-15 08:38:42.568879+00:00,30.857359433546662
2025-08-15 08:38:43.094304+00:00,30.852208802156383
2025-08-15 08:38:46.835994+00:00,30.836756909731776
2025-08-15 08:38:47.874044+00:00,30.84190754024894
2025-08-15 08:38:49.377087+00:00,30.847058171057142
2025-08-15 08:38:50.279153+00:00,30.852208802156383
2025-08-15 08:38:51.558956+00:00,30.83160627950565
2025-08-15 08:38:52.225628+00:00,30.83160627950565
2025-08-15 08:38:53.044158+00:00,30.836756909731776
2025-08-15 08:38:54.561545+00:00,30.836756909731776
2025-08-15 08:38:54.792805+00:00,30.836756909731776
2025-08-15 08:38:55.035138+00:00,30.836756909731776
2025-08-15 08:38:55.285482+00:00,30.84190754024894
2025-08-15 08:38:56.053580+00:00,30.84190754024894
2025-08-15 08:38:56.618359+00:00,30.826455649570562
2025-08-15 08:39:03.281388+00:00,30.826455649570562
2025-08-15 08:39:13.714049+00:00,30.821305019926513
2025-08-15 08:39:14.865190+00:00,30.83160627950565
2025-08-15 08:39:15.259295+00:00,30.836756909731776
2025-08-15 08:39:15.692715+00:00,30.83160627950565
2025-08-15 08:39:16.314686+00:00,30.836756909731776
2025-08-15 08:39:18.599862+00:00,30.826455649570562
2025-08-15 08:39:19.870117+00:00,30.83160627950565
2025-08-15 08:39:20.253694+00:00,30.826455649570562
2025-08-15 08:39:20.477238+00:00,30.83160627950565
2025-08-15 08:39:23.370228+00:00,30.826455649570562
2025-08-15 08:39:24.522833+00:00,30.826455649570562
2025-08-15 08:39:25.769915+00:00,30.8161543905735
2025-08-15 08:39:26.447064+00:00,30.821305019926513
2025-08-15 08:39:28.794124+00:00,30.8161543905735
2025-08-15 08:39:30.005546+00:00,30.826455649570562
2025-08-15 08:39:30.456503+00:00,30.8161543905735
2025-08-15 08:39:31.099987+00:00,30.821305019926513
2025-08-15 08:39:31.542727+00:00,30.81100376151153
2025-08-15 08:39:35.031964+00:00,30.821305019926513
2025-08-15 08:39:35.667027+00:00,30.8161543905735
2025-08-15 08:39:38.609372+00:00,30.826455649570562
2025-08-15 08:39:39.501557+00:00,30.8161543905735
2025-08-15 08:39:40.615298+00:00,30.826455649570562
2025-08-15 08:39:41.218059+00:00,30.83160627950565
2025-08-15 08:39:44.239427+00:00,30.826455649570562
2025-08-15 08:39:44.726943+00:00,30.8161543905735
2025-08-15 08:39:45.583966+00:00,30.836756909731776
2025-08-15 08:39:47.215127+00:00,30.826455649570562
2025-08-15 08:39:49.753980+00:00,30.8161543905735
2025-08-15 08:39:51.173295+00:00,30.83160627950565
2025-08-15 08:39:51.423210+00:00,30.826455649570562
2025-08-15 08:39:52.661540+00:00,30.821305019926513
2025-08-15 08:39:53.764202+00:00,30.83160627950565
2025-08-15 08:39:55.043079+00:00,30.83160627950565
2025-08-15 08:39:55.934589+00:00,30.821305019926513
2025-08-15 08:39:57.047565+00:00,30.836756909731776
2025-08-15 08:39:57.280465+00:00,30.836756909731776
2025-08-15 08:39:57.532797+00:00,30.836756909731776
2025-08-15 08:39:58.979849+00:00,30.826455649570562
2025-08-15 08:40:04.200293+00:00,30.857359433546662
2025-08-15 08:40:05.248746+00:00,30.847058171057142
2025-08-15 08:40:08.724992+00:00,30.852208802156383
2025-08-15 08:40:09.726684+00:00,30.867660697200336
2025-08-15 08:40:14.406841+00:00,30.86251006522798
2025-08-15 08:40:15.738190+00:00,30.852208802156383
2025-08-15 08:40:19.944782+00:00,30.847058171057142
2025-08-15 08:40:21.014420+00:00,30.847058171057142
2025-08-15 08:40:21.883789+00:00,30.847058171057142
2025-08-15 08:40:24.125165+00:00,30.836756909731776
2025-08-15 08:40:26.517349+00:00,30.826455649570562
2025-08-15 08:40:26.939882+00:00,30.836756909731776
2025-08-15 08:40:27.363754+00:00,30.826455649570562
2025-08-15 08:40:27.850183+00:00,30.836756909731776
2025-08-15 08:40:28.267141+00:00,30.826455649570562
2025-08-15 08:40:28.650679+00:00,30.84190754024894
2025-08-15 08:40:29.525293+00:00,30.836756909731776
2025-08-15 08:40:30.249002+00:00,30.83160627950565
2025-08-15 08:40:30.758931+00:00,30.83160627950565
2025-08-15 08:40:34.063894+00:00,30.836756909731776
2025-08-15 08:40:34.683715+00:00,30.836756909731776
2025-08-15 08:40:35.097432+00:00,30.84190754024894
2025-08-15 08:40:35.942502+00:00,30.857359433546662
2025-08-15 08:40:36.875898+00:00,30.852208802156383
2025-08-15 08:40:39.640502+00:00,30.847058171057142
2025-08-15 08:40:40.339225+00:00,30.86251006522798
2025-08-15 08:40:42.655101+00:00,30.857359433546662
2025-08-15 08:40:43.416658+00:00,30.86251006522798
2025-08-15 08:40:44.458562+00:00,30.867660697200336
2025-08-15 08:40:46.949931+00:00,30.86251006522798
2025-08-15 08:40:49.478741+00:00,30.87281132946373
2025-08-15 08:40:49.939586+00:00,30.867660697200336
2025-08-15 08:40:50.964302+00:00,30.86251006522798
2025-08-15 08:40:52.883587+00:00,30.88826322800014
2025-08-15 08:40:53.575670+00:00,30.87281132946373
2025-08-15 08:40:55.116799+00:00,30.87281132946373
2025-08-15 08:40:55.465439+00:00,30.88826322800014
2025-08-15 08:40:56.568136+00:00,30.88826322800014
2025-08-15 08:40:57.801933+00:00,30.89341386142769
2025-08-15 08:40:58.856009+00:00,30.89341386142769
2025-08-15 08:40:59.072065+00:00,30.90886576345656
2025-08-15 08:40:59.374263+00:00,30.89341386142769
2025-08-15 08:41:01.068329+00:00,30.88826322800014
2025-08-15 08:41:05.638873+00:00,30.898564495146275
2025-08-15 08:41:12.014434+00:00,30.91401639804826
2025-08-15 08:41:13.541713+00:00,30.9037151291559
2025-08-15 08:41:14.256242+00:00,30.9037151291559
2025-08-15 08:41:16.146806+00:00,30.919167032931
2025-08-15 08:41:17.539646+00:00,30.91401639804826
2025-08-15 08:41:18.163322+00:00,30.91401639804826
2025-08-15 08:41:19.581617+00:00,30.91401639804826
2025-08-15 08:41:20.659029+00:00,30.919167032931
2025-08-15 08:41:23.074787+00:00,30.919167032931
2025-08-15 08:41:24.774527+00:00,30.91401639804826
2025-08-15 08:41:30.229044+00:00,30.91401639804826
2025-08-15 08:41:31.147361+00:00,30.924317668104777
2025-08-15 08:41:33.816180+00:00,30.929468303569593
2025-08-15 08:41:35.249060+00:00,30.950070848339237
2025-08-15 08:41:36.932497+00:00,30.955221485259244
2025-08-15 08:41:39.057680+00:00,30.98612531289109
2025-08-15 08:41:40.543282+00:00,30.99642659109668
2025-08-15 08:41:41.157305+00:00,31.00157723063603
2025-08-15 08:41:42.593890+00:00,31.017029151000315
2025-08-15 08:41:44.398409+00:00,31.01187851058785
2025-08-15 08:41:47.281019+00:00,31.02217979170382
2025-08-15 08:41:49.729962+00:00,31.053083642036654
2025-08-15 08:41:51.076272+00:00,31.058234284777427
2025-08-15 08:41:53.223688+00:00,31.058234284777427
2025-08-15 08:41:54.699348+00:00,31.058234284777427
2025-08-15 08:41:56.949933+00:00,31.068535571132088
2025-08-15 08:41:58.151711+00:00,31.073686214745976
2025-08-15 08:41:59.162862+00:00,31.058234284777427
2025-08-15 08:41:59.547641+00:00,31.058234284777427
2025-08-15 08:42:01.144772+00:00,31.053083642036654
2025-08-15 08:42:01.579443+00:00,31.058234284777427
2025-08-15 08:42:01.823434+00:00,31.058234284777427
2025-08-15 08:42:02.165847+00:00,31.06338492780924
2025-08-15 08:42:02.674278+00:00,31.058234284777427
2025-08-15 08:42:04.361838+00:00,31.053083642036654
2025-08-15 08:42:04.812458+00:00,31.04793299958692
2025-08-15 08:42:05.388775+00:00,31.058234284777427
2025-08-15 08:42:07.049551+00:00,31.042782357428223
2025-08-15 08:42:07.411300+00:00,31.042782357428223
2025-08-15 08:42:08.505095+00:00,31.06338492780924
2025-08-15 08:42:10.479278+00:00,31.04793299958692
2025-08-15 08:42:13.929094+00:00,31.042782357428223
2025-08-15 08:42:16.642791+00:00,31.02217979170382
2025-08-15 08:42:17.588967+00:00,31.032481073983945
2025-08-15 08:42:21.866265+00:00,31.02217979170382
2025-08-15 08:42:22.244333+00:00,31.017029151000315
2025-08-15 08:42:22.707533+00:00,31.032481073983945
2025-08-15 08:42:23.495247+00:00,31.037631715560565
2025-08-15 08:42:25.234281+00:00,31.027330432698363
2025-08-15 08:42:25.878401+00:00,31.02217979170382
2025-08-15 08:42:27.289189+00:00,31.02217979170382
2025-08-15 08:42:27.774132+00:00,31.02217979170382
2025-08-15 08:42:28.343089+00:00,31.02217979170382
2025-08-15 08:42:28.885398+00:00,31.01187851058785
2025-08-15 08:42:30.851141+00:00,31.02217979170382
2025-08-15 08:42:31.994295+00:00,31.02217979170382
2025-08-15 08:42:34.132621+00:00,31.00672787046642
2025-08-15 08:42:35.055647+00:00,31.00157723063603
2025-08-15 08:42:36.089497+00:00,31.00672787046642
2025-08-15 08:42:36.331656+00:00,31.00672787046642
2025-08-15 08:42:36.589766+00:00,31.01187851058785
2025-08-15 08:42:38.889226+00:00,31.01187851058785
2025-08-15 08:42:41.339481+00:00,31.00157723063603
2025-08-15 08:42:41.756287+00:00,30.99642659109668
2025-08-15 08:42:42.790176+00:00,31.00672787046642
2025-08-15 08:42:43.139898+00:00,31.01187851058785
2025-08-15 08:42:44.134021+00:00,30.99642659109668
2025-08-15 08:42:44.513942+00:00,31.00672787046642
2025-08-15 08:42:44.948747+00:00,30.991275951848365
2025-08-15 08:42:46.827849+00:00,30.991275951848365
2025-08-15 08:42:49.721874+00:00,31.00157723063603
2025-08-15 08:42:50.538709+00:00,30.991275951848365
2025-08-15 08:42:50.785935+00:00,31.00157723063603
2025-08-15 08:42:51.726524+00:00,30.991275951848365
2025-08-15 08:42:53.074628+00:00,30.991275951848365
2025-08-15 08:42:53.994118+00:00,30.991275951848365
2025-08-15 08:42:55.356549+00:00,30.980974674224854
2025-08-15 08:42:57.845344+00:00,31.00157723063603
2025-08-15 08:42:58.421658+00:00,31.00157723063603
2025-08-15 08:42:58.740702+00:00,31.00157723063603
2025-08-15 08:43:02.156899+00:00,31.00672787046642
2025-08-15 08:43:06.291967+00:00,30.99642659109668
2025-08-15 08:43:06.643890+00:00,30.980974674224854
2025-08-15 08:43:07.543665+00:00,30.991275951848365
2025-08-15 08:43:08.086090+00:00,30.970673397765495
2025-08-15 08:43:10.863045+00:00,30.98612531289109
2025-08-15 08:43:14.333600+00:00,30.965522759972373
2025-08-15 08:43:15.376940+00:00,30.96037212247029
2025-08-15 08:43:18.427868+00:00,30.955221485259244
2025-08-15 08:43:19.346241+00:00,30.96037212247029
2025-08-15 08:43:20.742516+00:00,30.950070848339237
2025-08-15 08:43:21.025732+00:00,30.950070848339237
2025-08-15 08:43:22.788428+00:00,30.950070848339237
2025-08-15 08:43:25.262241+00:00,30.94492021171027
2025-08-15 08:43:33.362574+00:00,30.934618939325446
2025-08-15 08:43:33.833761+00:00,30.929468303569593
2025-08-15 08:43:34.047267+00:00,30.934618939325446
2025-08-15 08:43:34.353455+00:00,30.93976957537234
2025-08-15 08:43:34.689820+00:00,30.94492021171027
2025-08-15 08:43:37.943969+00:00,30.93976957537234
2025-08-15 08:43:38.363541+00:00,30.924317668104777
2025-08-15 08:43:38.663477+00:00,30.93976957537234
2025-08-15 08:43:38.866002+00:00,30.934618939325446
2025-08-15 08:43:39.078936+00:00,30.934618939325446
2025-08-15 08:43:39.375464+00:00,30.929468303569593
2025-08-15 08:43:39.864509+00:00,30.929468303569593
2025-08-15 08:43:40.478140+00:00,30.970673397765495
2025-08-15 08:43:42.014487+00:00,30.919167032931
2025-08-15 08:43:43.844830+00:00,30.924317668104777
2025-08-15 08:43:44.104993+00:00,30.929468303569593
2025-08-15 08:43:44.345581+00:00,30.929468303569593
2025-08-15 08:43:44.690512+00:00,30.94492021171027
2025-08-15 08:43:45.014344+00:00,30.929468303569593
2025-08-15 08:43:45.490482+00:00,30.929468303569593
2025-08-15 08:43:49.338250+00:00,30.934618939325446
2025-08-15 08:43:51.105131+00:00,30.919167032931
2025-08-15 08:43:51.748093+00:00,30.91401639804826
2025-08-15 08:43:53.318459+00:00,30.90886576345656
2025-08-15 08:43:53.878809+00:00,30.9037151291559
2025-08-15 08:43:55.382309+00:00,30.9037151291559
2025-08-15 08:43:57.707244+00:00,30.9037151291559
2025-08-15 08:43:58.551179+00:00,30.88826322800014
2025-08-15 08:43:58.847897+00:00,30.89341386142769
2025-08-15 08:43:59.394891+00:00,30.88826322800014
2025-08-15 08:43:59.587183+00:00,30.88826322800014
2025-08-15 08:43:59.839063+00:00,30.89341386142769
2025-08-15 08:44:01.165532+00:00,30.89341386142769
2025-08-15 08:44:02.276922+00:00,30.877961962018162
2025-08-15 08:44:02.828508+00:00,30.877961962018162
2025-08-15 08:44:03.378600+00:00,30.89341386142769
2025-08-15 08:44:03.906066+00:00,30.867660697200336
2025-08-15 08:44:04.249565+00:00,30.883112594863633
2025-08-15 08:44:04.633727+00:00,30.87281132946373
2025-08-15 08:44:05.017153+00:00,30.883112594863633
2025-08-15 08:44:07.826315+00:00,30.88826322800014
2025-08-15 08:44:08.645949+00:00,30.883112594863633
2025-08-15 08:44:09.077011+00:00,30.88826322800014
2025-08-15 08:44:09.603163+00:00,30.88826322800014
2025-08-15 08:44:09.950273+00:00,30.883112594863633
2025-08-15 08:44:10.397289+00:00,30.898564495146275
2025-08-15 08:44:11.139263+00:00,30.88826322800014
2025-08-15 08:44:11.877312+00:00,30.87281132946373
2025-08-15 08:44:12.694084+00:00,30.87281132946373
2025-08-15 08:44:13.171918+00:00,30.87281132946373
2025-08-15 08:44:14.109372+00:00,30.88826322800014
2025-08-15 08:44:14.502175+00:00,30.87281132946373
2025-08-15 08:44:15.057091+00:00,30.88826322800014
2025-08-15 08:44:16.700593+00:00,30.87281132946373
2025-08-15 08:44:20.159138+00:00,30.867660697200336
2025-08-15 08:44:22.074328+00:00,30.87281132946373
2025-08-15 08:44:22.356597+00:00,30.86251006522798
2025-08-15 08:44:22.611644+00:00,30.867660697200336
2025-08-15 08:44:22.816424+00:00,30.87281132946373
2025-08-15 08:44:25.461463+00:00,30.857359433546662
2025-08-15 08:44:29.293016+00:00,30.867660697200336
2025-08-15 08:44:33.248913+00:00,30.847058171057142
2025-08-15 08:44:33.895059+00:00,30.84190754024894
2025-08-15 08:44:34.846068+00:00,30.847058171057142
2025-08-15 08:44:36.161111+00:00,30.852208802156383
2025-08-15 08:44:36.404797+00:00,30.84190754024894
2025-08-15 08:44:36.979085+00:00,30.836756909731776
2025-08-15 08:44:37.702926+00:00,30.84190754024894
2025-08-15 08:44:39.087252+00:00,30.826455649570562
2025-08-15 08:44:39.430026+00:00,30.836756909731776
2025-08-15 08:44:40.397915+00:00,30.826455649570562
2025-08-15 08:44:44.291696+00:00,30.83160627950565
2025-08-15 08:44:46.362993+00:00,30.826455649570562
2025-08-15 08:44:49.731921+00:00,30.826455649570562
2025-08-15 08:44:50.462314+00:00,30.826455649570562
2025-08-15 08:44:52.536479+00:00,30.821305019926513
2025-08-15 08:44:53.097934+00:00,30.805853132740594
2025-08-15 08:44:53.332181+00:00,30.821305019926513
2025-08-15 08:44:53.603099+00:00,30.821305019926513
2025-08-15 08:44:55.445436+00:00,30.81100376151153
2025-08-15 08:44:56.892704+00:00,30.81100376151153
2025-08-15 08:44:57.736251+00:00,30.805853132740594
2025-08-15 08:44:58.177880+00:00,30.81100376151153
2025-08-15 08:44:58.395941+00:00,30.81100376151153
2025-08-15 08:44:58.645711+00:00,30.8161543905735
2025-08-15 08:44:59.861361+00:00,30.805853132740594
2025-08-15 08:45:03.591207+00:00,30.81100376151153
2025-08-15 08:45:05.916117+00:00,30.81100376151153
2025-08-15 08:45:06.231409+00:00,30.8007025042607
2025-08-15 08:45:07.423893+00:00,30.821305019926513
2025-08-15 08:45:08.827185+00:00,30.805853132740594
2025-08-15 08:45:09.616463+00:00,30.8007025042607
2025-08-15 08:45:09.998634+00:00,30.8007025042607
2025-08-15 08:45:12.961163+00:00,30.81100376151153
2025-08-15 08:45:18.495441+00:00,30.8161543905735
2025-08-15 08:45:21.332483+00:00,30.8161543905735
2025-08-15 08:45:23.071362+00:00,30.8161543905735
2025-08-15 08:45:25.000593+00:00,30.805853132740594
2025-08-15 08:45:26.076694+00:00,30.81100376151153
2025-08-15 08:45:26.586641+00:00,30.8161543905735
2025-08-15 08:45:26.999110+00:00,30.805853132740594
2025-08-15 08:45:27.981254+00:00,30.81100376151153
2025-08-15 08:45:28.616238+00:00,30.81100376151153
2025-08-15 08:45:29.234984+00:00,30.81100376151153
2025-08-15 08:45:29.618669+00:00,30.81100376151153
2025-08-15 08:45:33.003047+00:00,30.826455649570562
2025-08-15 08:45:34.758994+00:00,30.8161543905735
2025-08-15 08:45:35.512106+00:00,30.83160627950565
2025-08-15 08:45:37.113238+00:00,30.821305019926513
2025-08-15 08:45:37.751598+00:00,30.826455649570562
2025-08-15 08:45:38.777773+00:00,30.826455649570562
2025-08-15 08:45:39.703114+00:00,30.826455649570562
2025-08-15 08:45:40.239079+00:00,30.83160627950565
2025-08-15 08:45:42.383861+00:00,30.84190754024894
2025-08-15 08:45:44.353350+00:00,30.826455649570562
2025-08-15 08:45:44.748018+00:00,30.836756909731776
2025-08-15 08:45:45.760959+00:00,30.847058171057142
2025-08-15 08:45:48.476017+00:00,30.836756909731776
2025-08-15 08:45:48.761695+00:00,30.83160627950565
2025-08-15 08:45:49.000346+00:00,30.847058171057142
2025-08-15 08:45:50.120313+00:00,30.84190754024894
2025-08-15 08:45:50.785423+00:00,30.84190754024894
2025-08-15 08:45:51.116962+00:00,30.84190754024894
2025-08-15 08:45:52.231034+00:00,30.847058171057142
2025-08-15 08:45:52.610257+00:00,30.852208802156383
2025-08-15 08:45:54.068539+00:00,30.867660697200336
2025-08-15 08:45:54.311014+00:00,30.857359433546662
2025-08-15 08:45:55.056258+00:00,30.857359433546662
2025-08-15 08:45:55.803980+00:00,30.857359433546662
2025-08-15 08:45:57.694121+00:00,30.857359433546662
2025-08-15 08:45:58.997134+00:00,30.86251006522798
2025-08-15 08:45:59.498579+00:00,30.857359433546662
2025-08-15 08:46:00.164490+00:00,30.852208802156383
2025-08-15 08:46:00.596434+00:00,30.86251006522798
2025-08-15 08:46:01.153073+00:00,30.867660697200336
2025-08-15 08:46:01.461631+00:00,30.857359433546662
2025-08-15 08:46:03.520349+00:00,30.847058171057142
2025-08-15 08:46:06.074882+00:00,30.852208802156383
2025-08-15 08:46:06.851079+00:00,30.86251006522798
2025-08-15 08:46:07.311490+00:00,30.86251006522798
2025-08-15 08:46:07.655569+00:00,30.852208802156383
2025-08-15 08:46:08.967957+00:00,30.852208802156383
2025-08-15 08:46:11.832045+00:00,30.857359433546662
2025-08-15 08:46:14.640254+00:00,30.852208802156383
2025-08-15 08:46:15.086182+00:00,30.857359433546662
2025-08-15 08:46:15.482838+00:00,30.857359433546662
2025-08-15 08:46:18.172252+00:00,30.857359433546662
2025-08-15 08:46:22.836348+00:00,30.857359433546662
2025-08-15 08:46:24.893720+00:00,30.87281132946373
2025-08-15 08:46:25.946436+00:00,30.86251006522798
2025-08-15 08:46:28.493932+00:00,30.867660697200336
2025-08-15 08:46:28.794084+00:00,30.90886576345656
2025-08-15 08:46:30.374359+00:00,30.929468303569593
2025-08-15 08:46:31.523152+00:00,30.90886576345656
2025-08-15 08:46:34.219178+00:00,30.929468303569593
2025-08-15 08:46:35.222148+00:00,30.924317668104777
2025-08-15 08:46:36.878504+00:00,30.924317668104777
2025-08-15 08:46:37.334891+00:00,30.924317668104777
2025-08-15 08:46:39.639932+00:00,30.929468303569593
2025-08-15 08:46:39.969779+00:00,30.929468303569593
2025-08-15 08:46:40.350875+00:00,30.934618939325446
2025-08-15 08:46:40.709075+00:00,30.929468303569593
2025-08-15 08:46:40.902296+00:00,30.93976957537234
2025-08-15 08:46:41.151987+00:00,30.93976957537234
2025-08-15 08:46:41.970880+00:00,30.93976957537234
2025-08-15 08:46:46.049342+00:00,30.93976957537234
2025-08-15 08:46:46.463286+00:00,30.934618939325446
2025-08-15 08:46:49.089370+00:00,30.924317668104777
2025-08-15 08:46:50.143355+00:00,30.929468303569593
2025-08-15 08:46:50.710805+00:00,30.929468303569593
2025-08-15 08:46:51.371016+00:00,30.929468303569593
2025-08-15 08:46:51.680558+00:00,30.929468303569593
2025-08-15 08:46:51.880076+00:00,30.929468303569593
2025-08-15 08:46:52.098818+00:00,30.929468303569593
2025-08-15 08:46:52.341794+00:00,30.929468303569593
2025-08-15 08:46:52.592959+00:00,30.924317668104777
2025-08-15 08:46:55.367358+00:00,30.924317668104777
2025-08-15 08:46:55.710140+00:00,30.91401639804826
2025-08-15 08:46:57.036627+00:00,30.919167032931
2025-08-15 08:46:57.766998+00:00,30.919167032931
2025-08-15 08:46:58.315856+00:00,30.924317668104777
2025-08-15 08:46:59.534461+00:00,30.919167032931
2025-08-15 08:47:00.103913+00:00,30.919167032931
2025-08-15 08:47:01.756209+00:00,30.90886576345656
2025-08-15 08:47:02.597571+00:00,30.91401639804826
2025-08-15 08:47:02.908468+00:00,30.91401639804826
2025-08-15 08:47:04.694092+00:00,30.919167032931
2025-08-15 08:47:10.344253+00:00,30.924317668104777
2025-08-15 08:47:12.460593+00:00,30.924317668104777
2025-08-15 08:47:14.249847+00:00,30.929468303569593
2025-08-15 08:47:14.692793+00:00,30.924317668104777
2025-08-15 08:47:14.984273+00:00,30.919167032931
2025-08-15 08:47:15.460113+00:00,30.919167032931
2025-08-15 08:47:17.739901+00:00,30.91401639804826
2025-08-15 08:47:18.742260+00:00,30.919167032931
2025-08-15 08:47:22.804888+00:00,30.94492021171027
2025-08-15 08:47:23.494246+00:00,30.96037212247029
2025-08-15 08:47:28.020712+00:00,30.929468303569593
2025-08-15 08:47:28.307481+00:00,30.94492021171027
2025-08-15 08:47:28.708448+00:00,30.94492021171027
2025-08-15 08:47:29.000482+00:00,30.950070848339237
2025-08-15 08:47:30.871772+00:00,30.96037212247029
2025-08-15 08:47:31.319508+00:00,30.96037212247029
2025-08-15 08:47:34.607900+00:00,30.929468303569593
2025-08-15 08:47:35.387501+00:00,30.955221485259244
2025-08-15 08:47:35.695313+00:00,30.96037212247029
2025-08-15 08:47:38.268770+00:00,30.970673397765495
2025-08-15 08:47:40.141224+00:00,30.965522759972373
2025-08-15 08:47:41.123498+00:00,30.980974674224854
2025-08-15 08:47:41.493557+00:00,30.98612531289109
2025-08-15 08:47:41.737157+00:00,30.98612531289109
2025-08-15 08:47:42.059962+00:00,30.991275951848365
2025-08-15 08:47:44.229541+00:00,30.991275951848365
2025-08-15 08:47:45.001677+00:00,30.98612531289109
2025-08-15 08:47:46.320153+00:00,30.991275951848365
2025-08-15 08:47:49.988712+00:00,30.98612531289109
2025-08-15 08:47:50.605211+00:00,30.991275951848365
2025-08-15 08:47:52.648171+00:00,30.991275951848365
2025-08-15 08:47:52.906691+00:00,30.980974674224854
2025-08-15 08:47:56.590890+00:00,30.980974674224854
2025-08-15 08:47:59.043797+00:00,30.965522759972373
2025-08-15 08:47:59.979027+00:00,30.970673397765495
2025-08-15 08:48:01.946125+00:00,30.975824035849655
2025-08-15 08:48:02.752705+00:00,30.980974674224854
2025-08-15 08:48:10.275545+00:00,30.980974674224854
2025-08-15 08:48:12.744353+00:00,30.96037212247029
2025-08-15 08:48:13.874976+00:00,30.96037212247029
2025-08-15 08:48:15.903327+00:00,30.965522759972373
2025-08-15 08:48:16.537449+00:00,30.965522759972373
2025-08-15 08:48:18.541416+00:00,30.965522759972373
2025-08-15 08:48:19.037862+00:00,30.96037212247029
2025-08-15 08:48:19.239979+00:00,30.955221485259244
2025-08-15 08:48:19.496160+00:00,30.965522759972373
2025-08-15 08:48:21.345914+00:00,30.950070848339237
2025-08-15 08:48:21.724007+00:00,30.965522759972373
2025-08-15 08:48:22.867013+00:00,30.975824035849655
2025-08-15 08:48:26.262027+00:00,30.970673397765495
2025-08-15 08:48:27.633658+00:00,30.96037212247029
2025-08-15 08:48:28.619168+00:00,30.991275951848365
2025-08-15 08:48:29.367153+00:00,30.991275951848365
2025-08-15 08:48:29.864636+00:00,30.980974674224854
2025-08-15 08:48:31.509311+00:00,30.98612531289109
2025-08-15 08:48:32.179876+00:00,30.991275951848365
2025-08-15 08:48:33.930419+00:00,30.991275951848365
2025-08-15 08:48:34.191686+00:00,30.970673397765495
2025-08-15 08:48:34.751028+00:00,30.991275951848365
2025-08-15 08:48:35.568883+00:00,31.00672787046642
2025-08-15 08:48:36.547277+00:00,31.032481073983945
2025-08-15 08:48:36.839273+00:00,31.02217979170382
2025-08-15 08:48:37.157700+00:00,31.02217979170382
2025-08-15 08:48:39.389140+00:00,31.032481073983945
2025-08-15 08:48:40.505759+00:00,31.042782357428223
2025-08-15 08:48:42.989031+00:00,31.032481073983945
2025-08-15 08:48:44.744357+00:00,31.032481073983945
2025-08-15 08:48:46.592795+00:00,31.02217979170382
2025-08-15 08:48:48.685315+00:00,31.042782357428223
2025-08-15 08:48:49.207147+00:00,31.032481073983945
2025-08-15 08:48:49.674392+00:00,31.032481073983945
2025-08-15 08:48:51.382908+00:00,31.032481073983945
2025-08-15 08:48:52.124369+00:00,31.032481073983945
2025-08-15 08:48:52.967430+00:00,31.032481073983945
2025-08-15 08:48:53.768580+00:00,31.032481073983945
2025-08-15 08:48:57.244801+00:00,31.037631715560565
2025-08-15 08:48:57.787419+00:00,31.042782357428223
2025-08-15 08:48:59.452529+00:00,31.04793299958692
2025-08-15 08:49:00.135323+00:00,31.042782357428223
2025-08-15 08:49:02.801137+00:00,31.042782357428223
2025-08-15 08:49:04.647990+00:00,31.04793299958692
2025-08-15 08:49:06.898918+00:00,31.037631715560565
2025-08-15 08:49:13.107413+00:00,31.04793299958692
2025-08-15 08:49:14.029798+00:00,31.017029151000315
2025-08-15 08:49:16.266557+00:00,30.980974674224854
2025-08-15 08:49:17.301765+00:00,30.98612531289109
2025-08-15 08:49:18.867719+00:00,30.965522759972373
2025-08-15 08:49:19.272488+00:00,30.970673397765495
2025-08-15 08:49:20.127633+00:00,30.94492021171027
2025-08-15 08:49:20.520509+00:00,30.94492021171027
2025-08-15 08:49:20.770284+00:00,30.950070848339237
2025-08-15 08:49:21.139992+00:00,30.93976957537234
2025-08-15 08:49:21.431160+00:00,30.93976957537234
2025-08-15 08:49:21.774781+00:00,30.934618939325446
2025-08-15 08:49:22.015329+00:00,30.934618939325446
2025-08-15 08:49:22.766124+00:00,30.924317668104777
2025-08-15 08:49:23.132226+00:00,30.919167032931
2025-08-15 08:49:23.356494+00:00,30.929468303569593
2025-08-15 08:49:24.657891+00:00,30.919167032931
2025-08-15 08:49:38.172159+00:00,30.88826322800014
2025-08-15 08:49:38.474332+00:00,30.898564495146275
2025-08-15 08:49:38.797303+00:00,30.88826322800014
2025-08-15 08:49:39.048696+00:00,30.89341386142769
2025-08-15 08:49:39.272423+00:00,30.89341386142769
2025-08-15 08:49:39.743824+00:00,30.898564495146275
2025-08-15 08:49:40.082638+00:00,30.877961962018162
2025-08-15 08:49:40.374223+00:00,30.89341386142769
2025-08-15 08:49:42.107418+00:00,30.883112594863633
2025-08-15 08:49:43.778223+00:00,30.87281132946373
2025-08-15 08:49:46.086873+00:00,30.88826322800014
2025-08-15 08:49:46.585560+00:00,30.867660697200336
2025-08-15 08:49:47.453667+00:00,30.87281132946373
2025-08-15 08:49:47.850347+00:00,30.867660697200336
2025-08-15 08:49:50.160687+00:00,30.867660697200336
2025-08-15 08:49:52.125391+00:00,30.88826322800014
2025-08-15 08:49:52.981437+00:00,30.898564495146275
2025-08-15 08:49:53.487017+00:00,30.89341386142769
2025-08-15 08:49:54.304415+00:00,30.89341386142769
2025-08-15 08:49:56.217508+00:00,30.883112594863633
2025-08-15 08:49:56.519710+00:00,30.89341386142769
2025-08-15 08:49:57.244313+00:00,30.89341386142769
2025-08-15 08:49:59.401835+00:00,30.898564495146275
2025-08-15 08:49:59.770524+00:00,30.883112594863633
2025-08-15 08:49:59.960036+00:00,30.883112594863633
2025-08-15 08:50:03.982936+00:00,30.877961962018162
2025-08-15 08:50:07.011893+00:00,30.88826322800014
2025-08-15 08:50:07.478944+00:00,30.852208802156383
2025-08-15 08:50:08.925041+00:00,30.87281132946373
2025-08-15 08:50:09.306782+00:00,30.883112594863633
2025-08-15 08:50:09.950213+00:00,30.88826322800014
2025-08-15 08:50:17.216984+00:00,30.87281132946373
2025-08-15 08:50:20.524160+00:00,30.88826322800014
2025-08-15 08:50:21.565899+00:00,30.883112594863633
2025-08-15 08:50:21.927670+00:00,30.89341386142769
2025-08-15 08:50:23.066863+00:00,30.877961962018162
2025-08-15 08:50:25.780916+00:00,30.88826322800014
2025-08-15 08:50:27.645404+00:00,30.877961962018162
2025-08-15 08:50:34.000260+00:00,30.867660697200336
2025-08-15 08:50:34.975159+00:00,30.87281132946373
2025-08-15 08:50:37.154841+00:00,30.867660697200336
2025-08-15 08:50:42.581900+00:00,30.857359433546662
2025-08-15 08:50:44.032537+00:00,30.883112594863633
2025-08-15 08:50:48.451158+00:00,30.87281132946373
2025-08-15 08:50:51.075247+00:00,30.87281132946373
2025-08-15 08:50:54.074245+00:00,30.883112594863633
2025-08-15 08:50:54.433906+00:00,30.9037151291559
2025-08-15 08:50:55.191933+00:00,30.898564495146275
2025-08-15 08:50:57.012879+00:00,30.9037151291559
2025-08-15 08:50:58.040469+00:00,30.9037151291559
2025-08-15 08:50:58.971873+00:00,30.9037151291559
2025-08-15 08:51:00.313495+00:00,30.90886576345656
2025-08-15 08:51:03.339872+00:00,30.898564495146275
2025-08-15 08:51:04.609968+00:00,30.90886576345656
2025-08-15 08:51:05.454874+00:00,30.9037151291559
2025-08-15 08:51:07.115591+00:00,30.898564495146275
2025-08-15 08:51:07.699545+00:00,30.91401639804826
2025-08-15 08:51:10.524726+00:00,30.90886576345656
2025-08-15 08:51:12.352076+00:00,30.898564495146275
2025-08-15 08:51:12.761287+00:00,30.90886576345656
2025-08-15 08:51:14.099723+00:00,30.924317668104777
2025-08-15 08:51:15.256600+00:00,30.89341386142769
2025-08-15 08:51:16.656787+00:00,30.898564495146275
2025-08-15 08:51:17.031421+00:00,30.898564495146275
2025-08-15 08:51:17.382993+00:00,30.898564495146275
2025-08-15 08:51:20.113306+00:00,30.89341386142769
2025-08-15 08:51:20.900123+00:00,30.88826322800014
2025-08-15 08:51:22.202113+00:00,30.89341386142769
2025-08-15 08:51:22.704480+00:00,30.88826322800014
2025-08-15 08:51:25.730343+00:00,30.88826322800014
2025-08-15 08:51:26.497200+00:00,30.89341386142769
2025-08-15 08:51:27.528458+00:00,30.883112594863633
2025-08-15 08:51:28.497330+00:00,30.883112594863633
2025-08-15 08:51:29.430399+00:00,30.898564495146275
2025-08-15 08:51:35.980564+00:00,30.89341386142769
2025-08-15 08:51:37.145314+00:00,30.89341386142769
2025-08-15 08:51:37.498990+00:00,30.88826322800014
2025-08-15 08:51:37.697396+00:00,30.89341386142769
2025-08-15 08:51:37.982545+00:00,30.88826322800014
2025-08-15 08:51:38.257266+00:00,30.88826322800014
2025-08-15 08:51:38.529761+00:00,30.89341386142769
2025-08-15 08:51:40.446971+00:00,30.89341386142769
2025-08-15 08:51:41.242157+00:00,30.88826322800014
2025-08-15 08:51:42.562847+00:00,30.877961962018162
2025-08-15 08:51:42.837440+00:00,30.883112594863633
2025-08-15 08:51:43.154419+00:00,30.877961962018162
2025-08-15 08:51:43.496682+00:00,30.88826322800014
2025-08-15 08:51:44.081384+00:00,30.87281132946373
2025-08-15 08:51:46.564256+00:00,30.87281132946373
2025-08-15 08:51:48.855505+00:00,30.857359433546662
2025-08-15 08:51:51.036142+00:00,30.867660697200336
2025-08-15 08:51:51.404115+00:00,30.847058171057142
2025-08-15 08:51:51.655361+00:00,30.857359433546662
2025-08-15 08:51:51.904666+00:00,30.857359433546662
2025-08-15 08:51:53.168098+00:00,30.847058171057142
2025-08-15 08:51:53.968007+00:00,30.84190754024894
2025-08-15 08:51:54.362368+00:00,30.836756909731776
2025-08-15 08:51:54.561735+00:00,30.84190754024894
2025-08-15 08:51:55.875136+00:00,30.836756909731776
2025-08-15 08:51:56.927523+00:00,30.836756909731776
2025-08-15 08:51:58.137235+00:00,30.81100376151153
2025-08-15 08:51:58.971332+00:00,30.847058171057142
2025-08-15 08:52:00.811547+00:00,30.86251006522798
2025-08-15 08:52:01.296835+00:00,30.857359433546662
2025-08-15 08:52:03.210901+00:00,30.857359433546662
2025-08-15 08:52:04.130788+00:00,30.857359433546662
2025-08-15 08:52:05.080168+00:00,30.857359433546662
2025-08-15 08:52:07.738103+00:00,30.883112594863633
2025-08-15 08:52:08.199062+00:00,30.883112594863633
2025-08-15 08:52:11.513636+00:00,30.898564495146275
2025-08-15 08:52:13.404367+00:00,30.9037151291559
2025-08-15 08:52:14.254546+00:00,30.91401639804826
2025-08-15 08:52:16.938281+00:00,30.929468303569593
2025-08-15 08:52:17.988185+00:00,30.93976957537234
2025-08-15 08:52:19.497151+00:00,30.94492021171027
2025-08-15 08:52:20.211445+00:00,30.950070848339237
2025-08-15 08:52:20.604760+00:00,30.965522759972373
2025-08-15 08:52:22.586422+00:00,30.96037212247029
2025-08-15 08:52:23.593512+00:00,30.955221485259244
2025-08-15 08:52:23.903772+00:00,30.96037212247029
2025-08-15 08:52:24.262335+00:00,30.96037212247029
2025-08-15 08:52:24.571856+00:00,30.96037212247029
2025-08-15 08:52:25.333707+00:00,30.970673397765495
2025-08-15 08:52:25.657531+00:00,30.975824035849655
2025-08-15 08:52:25.892554+00:00,30.970673397765495
2025-08-15 08:52:27.546527+00:00,30.975824035849655
2025-08-15 08:52:27.797005+00:00,30.970673397765495
2025-08-15 08:52:28.679046+00:00,30.970673397765495
2025-08-15 08:52:29.401174+00:00,30.970673397765495
2025-08-15 08:52:30.104340+00:00,30.965522759972373
2025-08-15 08:52:31.131585+00:00,30.96037212247029
2025-08-15 08:52:35.266893+00:00,30.970673397765495
2025-08-15 08:52:38.830529+00:00,30.965522759972373
2025-08-15 08:52:39.162014+00:00,30.965522759972373
2025-08-15 08:52:39.406199+00:00,30.965522759972373
2025-08-15 08:52:39.699987+00:00,30.955221485259244
2025-08-15 08:52:39.936151+00:00,30.970673397765495
2025-08-15 08:52:40.525241+00:00,30.96037212247029
2025-08-15 08:52:40.853249+00:00,30.975824035849655
2025-08-15 08:52:42.130837+00:00,30.96037212247029
2025-08-15 08:52:44.822947+00:00,30.955221485259244
2025-08-15 08:52:49.341962+00:00,30.950070848339237
2025-08-15 08:52:49.792439+00:00,30.94492021171027
2025-08-15 08:52:50.435237+00:00,30.94492021171027
2025-08-15 08:52:51.180280+00:00,30.96037212247029
2025-08-15 08:52:52.328699+00:00,30.96037212247029
2025-08-15 08:52:53.668529+00:00,30.965522759972373
2025-08-15 08:52:54.701599+00:00,30.96037212247029
2025-08-15 08:52:55.849191+00:00,30.94492021171027
2025-08-15 08:52:57.111952+00:00,30.950070848339237
2025-08-15 08:52:57.660169+00:00,30.96037212247029
2025-08-15 08:53:04.596245+00:00,30.96037212247029
2025-08-15 08:53:05.060988+00:00,30.96037212247029
2025-08-15 08:53:06.350752+00:00,30.955221485259244
2025-08-15 08:53:06.778518+00:00,30.96037212247029
2025-08-15 08:53:07.193187+00:00,30.950070848339237
2025-08-15 08:53:07.946087+00:00,30.965522759972373
2025-08-15 08:53:08.446753+00:00,30.96037212247029
2025-08-15 08:53:11.162432+00:00,30.970673397765495
2025-08-15 08:53:21.252417+00:00,30.955221485259244
2025-08-15 08:53:21.524776+00:00,30.950070848339237
2025-08-15 08:53:22.860452+00:00,30.955221485259244
2025-08-15 08:53:23.527718+00:00,30.955221485259244
2025-08-15 08:53:24.270227+00:00,30.950070848339237
2025-08-15 08:53:25.219371+00:00,30.96037212247029
2025-08-15 08:53:26.077931+00:00,30.955221485259244
2025-08-15 08:53:28.159404+00:00,30.955221485259244
2025-08-15 08:53:28.769799+00:00,30.96037212247029
2025-08-15 08:53:29.986253+00:00,30.991275951848365
2025-08-15 08:53:30.411738+00:00,31.00157723063603
2025-08-15 08:53:30.795587+00:00,31.00157723063603
2025-08-15 08:53:31.135968+00:00,30.99642659109668
2025-08-15 08:53:31.437460+00:00,30.991275951848365
2025-08-15 08:53:34.006676+00:00,30.980974674224854
2025-08-15 08:53:35.487842+00:00,31.00157723063603
2025-08-15 08:53:36.094771+00:00,30.991275951848365
2025-08-15 08:53:36.966865+00:00,31.00157723063603
2025-08-15 08:53:39.628756+00:00,31.00672787046642
2025-08-15 08:53:41.486447+00:00,30.99642659109668
2025-08-15 08:53:44.220642+00:00,31.00672787046642
2025-08-15 08:53:44.842923+00:00,31.00157723063603
2025-08-15 08:53:49.249032+00:00,30.991275951848365
2025-08-15 08:53:50.377584+00:00,30.98612531289109
2025-08-15 08:53:50.742934+00:00,30.99642659109668
2025-08-15 08:53:54.274733+00:00,30.980974674224854
2025-08-15 08:53:54.755547+00:00,30.98612531289109
2025-08-15 08:53:55.048656+00:00,30.991275951848365
2025-08-15 08:53:56.950879+00:00,30.98612531289109
2025-08-15 08:53:57.192143+00:00,30.991275951848365
2025-08-15 08:53:57.421754+00:00,30.975824035849655
2025-08-15 08:53:57.681179+00:00,30.99642659109668
2025-08-15 08:54:03.703167+00:00,31.01187851058785
2025-08-15 08:54:04.777814+00:00,31.00157723063603
2025-08-15 08:54:05.132510+00:00,31.00157723063603
2025-08-15 08:54:05.528629+00:00,31.00672787046642
2025-08-15 08:54:06.009131+00:00,30.99642659109668
2025-08-15 08:54:08.569359+00:00,30.99642659109668
2025-08-15 08:54:10.175661+00:00,30.98612531289109
2025-08-15 08:54:11.535761+00:00,30.991275951848365
2025-08-15 08:54:14.359737+00:00,31.00157723063603
2025-08-15 08:54:20.661885+00:00,30.98612531289109
2025-08-15 08:54:20.895053+00:00,31.01187851058785
2025-08-15 08:54:22.501774+00:00,31.00672787046642
2025-08-15 08:54:23.385252+00:00,30.99642659109668
2025-08-15 08:54:25.516647+00:00,31.00157723063603
2025-08-15 08:54:26.048748+00:00,31.00672787046642
2025-08-15 08:54:26.385055+00:00,31.017029151000315
2025-08-15 08:54:26.626350+00:00,31.02217979170382
2025-08-15 08:54:27.563038+00:00,31.032481073983945
2025-08-15 08:54:28.647461+00:00,31.042782357428223
2025-08-15 08:54:28.901510+00:00,31.027330432698363
2025-08-15 08:54:29.343596+00:00,31.037631715560565
2025-08-15 08:54:32.511506+00:00,31.042782357428223
2025-08-15 08:54:34.218417+00:00,31.042782357428223
2025-08-15 08:54:34.496698+00:00,31.042782357428223
2025-08-15 08:54:34.698234+00:00,31.042782357428223
2025-08-15 08:54:36.150289+00:00,31.037631715560565
2025-08-15 08:54:36.517716+00:00,31.032481073983945
2025-08-15 08:54:37.051830+00:00,31.042782357428223
2025-08-15 08:54:43.418673+00:00,31.04793299958692
2025-08-15 08:54:44.353124+00:00,31.053083642036654
2025-08-15 08:54:44.575278+00:00,31.06338492780924
2025-08-15 08:54:48.345592+00:00,31.078836858650902
2025-08-15 08:54:48.862589+00:00,31.073686214745976
2025-08-15 08:54:49.307332+00:00,31.078836858650902
2025-08-15 08:54:49.642391+00:00,31.083987502846867
2025-08-15 08:54:49.975690+00:00,31.08913814733387
2025-08-15 08:54:50.276194+00:00,31.083987502846867
2025-08-15 08:54:53.417329+00:00,31.083987502846867
2025-08-15 08:54:55.264414+00:00,31.073686214745976
2025-08-15 08:54:55.966234+00:00,31.083987502846867
2025-08-15 08:54:58.012657+00:00,31.078836858650902
2025-08-15 08:54:59.800591+00:00,31.06338492780924
2025-08-15 08:55:01.822983+00:00,31.073686214745976
2025-08-15 08:55:04.265848+00:00,31.06338492780924
2025-08-15 08:55:05.417073+00:00,31.058234284777427
2025-08-15 08:55:05.932907+00:00,31.06338492780924
2025-08-15 08:55:06.375032+00:00,31.053083642036654
2025-08-15 08:55:09.677374+00:00,31.068535571132088
2025-08-15 08:55:10.045194+00:00,31.058234284777427
2025-08-15 08:55:12.543074+00:00,31.04793299958692
2025-08-15 08:55:16.526850+00:00,31.053083642036654
2025-08-15 08:55:17.864226+00:00,31.06338492780924
2025-08-15 08:55:19.199127+00:00,31.06338492780924
2025-08-15 08:55:23.320414+00:00,31.058234284777427
2025-08-15 08:55:25.084892+00:00,31.032481073983945
2025-08-15 08:55:27.187375+00:00,31.04793299958692
2025-08-15 08:55:28.251698+00:00,31.04793299958692
2025-08-15 08:55:28.810729+00:00,31.04793299958692
2025-08-15 08:55:31.480351+00:00,31.037631715560565
2025-08-15 08:55:35.124651+00:00,31.027330432698363
2025-08-15 08:55:35.426125+00:00,31.02217979170382
2025-08-15 08:55:35.798457+00:00,31.032481073983945
2025-08-15 08:55:36.140155+00:00,31.02217979170382
2025-08-15 08:55:36.568258+00:00,31.02217979170382
2025-08-15 08:55:44.735238+00:00,31.02217979170382
2025-08-15 08:55:45.143487+00:00,31.00157723063603
2025-08-15 08:55:49.029070+00:00,31.017029151000315
2025-08-15 08:55:49.937881+00:00,31.02217979170382
2025-08-15 08:55:51.452988+00:00,31.032481073983945
2025-08-15 08:55:51.694962+00:00,31.017029151000315
2025-08-15 08:55:54.150423+00:00,31.032481073983945
2025-08-15 08:55:54.504843+00:00,31.027330432698363
2025-08-15 08:55:54.756720+00:00,31.037631715560565
2025-08-15 08:55:56.799525+00:00,31.02217979170382
2025-08-15 08:55:57.674097+00:00,31.027330432698363
2025-08-15 08:56:01.000335+00:00,31.04793299958692
2025-08-15 08:56:01.403299+00:00,31.04793299958692
2025-08-15 08:56:01.896547+00:00,31.042782357428223
2025-08-15 08:56:04.265636+00:00,31.042782357428223
2025-08-15 08:56:07.314104+00:00,31.06338492780924
2025-08-15 08:56:07.791884+00:00,31.068535571132088
2025-08-15 08:56:08.130197+00:00,31.073686214745976
2025-08-15 08:56:10.125974+00:00,31.058234284777427
2025-08-15 08:56:10.940824+00:00,31.068535571132088
2025-08-15 08:56:14.235393+00:00,31.073686214745976
2025-08-15 08:56:15.665209+00:00,31.06338492780924
2025-08-15 08:56:15.991324+00:00,31.058234284777427
2025-08-15 08:56:16.474678+00:00,31.053083642036654
2025-08-15 08:56:19.432762+00:00,31.06338492780924
2025-08-15 08:56:20.597703+00:00,31.058234284777427
2025-08-15 08:56:20.812973+00:00,31.04793299958692
2025-08-15 08:56:21.164093+00:00,31.04793299958692
2025-08-15 08:56:22.475547+00:00,31.042782357428223
2025-08-15 08:56:23.309437+00:00,31.042782357428223
2025-08-15 08:56:24.481575+00:00,31.032481073983945
2025-08-15 08:56:29.040892+00:00,31.017029151000315
2025-08-15 08:56:29.493026+00:00,31.02217979170382
2025-08-15 08:56:29.799846+00:00,31.027330432698363
2025-08-15 08:56:30.429377+00:00,31.032481073983945
2025-08-15 08:56:30.959347+00:00,31.032481073983945
2025-08-15 08:56:32.566073+00:00,31.027330432698363
2025-08-15 08:56:33.870421+00:00,31.027330432698363
2025-08-15 08:56:34.807401+00:00,31.017029151000315
2025-08-15 08:56:35.242971+00:00,31.017029151000315
2025-08-15 08:56:36.840570+00:00,31.01187851058785
2025-08-15 08:56:39.589746+00:00,31.00157723063603
2025-08-15 08:56:39.896663+00:00,30.99642659109668
2025-08-15 08:56:41.565403+00:00,30.991275951848365
2025-08-15 08:56:44.355646+00:00,30.991275951848365
2025-08-15 08:56:50.116998+00:00,30.965522759972373
2025-08-15 08:56:50.873970+00:00,30.955221485259244
2025-08-15 08:56:51.881389+00:00,30.965522759972373
2025-08-15 08:56:52.296998+00:00,30.96037212247029
2025-08-15 08:56:52.764468+00:00,30.965522759972373
2025-08-15 08:56:52.998317+00:00,30.970673397765495
2025-08-15 08:56:53.333422+00:00,30.965522759972373
2025-08-15 08:56:56.761172+00:00,30.96037212247029
2025-08-15 08:56:57.920907+00:00,30.96037212247029
2025-08-15 08:56:58.731978+00:00,30.950070848339237
2025-08-15 08:57:01.763342+00:00,30.965522759972373
2025-08-15 08:57:02.905640+00:00,30.96037212247029
2025-08-15 08:57:03.963216+00:00,30.965522759972373
2025-08-15 08:57:07.282241+00:00,30.965522759972373
2025-08-15 08:57:16.854133+00:00,30.950070848339237
2025-08-15 08:57:17.297510+00:00,30.96037212247029
2025-08-15 08:57:18.492073+00:00,30.955221485259244
2025-08-15 08:57:19.176351+00:00,30.950070848339237
2025-08-15 08:57:23.670884+00:00,30.93976957537234
2025-08-15 08:57:23.912864+00:00,30.93976957537234
2025-08-15 08:57:24.607217+00:00,30.950070848339237
2025-08-15 08:57:24.797799+00:00,30.94492021171027
2025-08-15 08:57:25.811078+00:00,30.950070848339237
2025-08-15 08:57:28.075316+00:00,30.93976957537234
2025-08-15 08:57:28.876097+00:00,30.93976957537234
2025-08-15 08:57:30.221898+00:00,30.93976957537234
2025-08-15 08:57:32.064290+00:00,30.93976957537234
2025-08-15 08:57:34.390371+00:00,30.934618939325446
2025-08-15 08:57:37.200704+00:00,30.934618939325446
2025-08-15 08:57:40.270791+00:00,30.929468303569593
2025-08-15 08:57:43.230098+00:00,30.93976957537234
2025-08-15 08:57:45.239536+00:00,30.94492021171027
2025-08-15 08:57:47.885906+00:00,30.924317668104777
2025-08-15 08:57:50.781908+00:00,30.929468303569593
2025-08-15 08:57:51.806464+00:00,30.919167032931
2025-08-15 08:57:52.341809+00:00,30.91401639804826
2025-08-15 08:57:53.735362+00:00,30.90886576345656
2025-08-15 08:57:54.721338+00:00,30.9037151291559
2025-08-15 08:57:56.401789+00:00,30.898564495146275
2025-08-15 08:57:57.119536+00:00,30.9037151291559
2025-08-15 08:57:58.506564+00:00,30.9037151291559
2025-08-15 08:57:58.897927+00:00,30.898564495146275
2025-08-15 08:58:00.009977+00:00,30.898564495146275
2025-08-15 08:58:01.664949+00:00,30.898564495146275
2025-08-15 08:58:02.155512+00:00,30.89341386142769
2025-08-15 08:58:06.217014+00:00,30.883112594863633
2025-08-15 08:58:09.233302+00:00,30.88826322800014
2025-08-15 08:58:10.160798+00:00,30.898564495146275
2025-08-15 08:58:10.679243+00:00,30.88826322800014
2025-08-15 08:58:11.406177+00:00,30.898564495146275
2025-08-15 08:58:12.784755+00:00,30.90886576345656
2025-08-15 08:58:13.536003+00:00,30.88826322800014
2025-08-15 08:58:14.479808+00:00,30.898564495146275
2025-08-15 08:58:14.705291+00:00,30.89341386142769
2025-08-15 08:58:14.981565+00:00,30.90886576345656
2025-08-15 08:58:18.327503+00:00,30.924317668104777
2025-08-15 08:58:19.276442+00:00,30.924317668104777
2025-08-15 08:58:20.494282+00:00,30.91401639804826
2025-08-15 08:58:24.540141+00:00,30.919167032931
2025-08-15 08:58:24.798022+00:00,30.924317668104777
2025-08-15 08:58:25.421344+00:00,30.919167032931
2025-08-15 08:58:25.886719+00:00,30.924317668104777
2025-08-15 08:58:28.041089+00:00,30.924317668104777
2025-08-15 08:58:28.676828+00:00,30.91401639804826
2025-08-15 08:58:30.296274+00:00,30.919167032931
2025-08-15 08:58:31.199322+00:00,30.924317668104777
2025-08-15 08:58:31.584885+00:00,30.93976957537234
2025-08-15 08:58:32.896455+00:00,30.929468303569593
2025-08-15 08:58:33.389731+00:00,30.91401639804826
2025-08-15 08:58:34.407635+00:00,30.924317668104777
2025-08-15 08:58:35.228715+00:00,30.929468303569593
2025-08-15 08:58:37.473263+00:00,30.929468303569593
2025-08-15 08:58:38.006780+00:00,30.90886576345656
2025-08-15 08:58:38.412636+00:00,30.91401639804826
2025-08-15 08:58:38.675883+00:00,30.919167032931
2025-08-15 08:58:38.893033+00:00,30.929468303569593
2025-08-15 08:58:39.100758+00:00,30.929468303569593
2025-08-15 08:58:39.343881+00:00,30.929468303569593
2025-08-15 08:58:39.820377+00:00,30.919167032931
2025-08-15 08:58:44.449848+00:00,30.91401639804826
2025-08-15 08:58:45.736565+00:00,30.90886576345656
2025-08-15 08:58:48.913075+00:00,30.898564495146275
2025-08-15 08:58:53.569592+00:00,30.90886576345656
2025-08-15 08:58:54.353174+00:00,30.90886576345656
2025-08-15 08:58:56.661179+00:00,30.89341386142769
2025-08-15 08:58:57.579377+00:00,30.898564495146275
2025-08-15 08:58:59.056434+00:00,30.90886576345656
2025-08-15 08:58:59.450485+00:00,30.90886576345656
2025-08-15 08:59:01.712936+00:00,30.924317668104777
2025-08-15 08:59:02.132684+00:00,30.929468303569593
2025-08-15 08:59:02.690885+00:00,30.934618939325446
2025-08-15 08:59:05.526386+00:00,30.93976957537234
2025-08-15 08:59:07.704920+00:00,30.96037212247029
2025-08-15 08:59:08.705041+00:00,30.950070848339237
2025-08-15 08:59:11.153517+00:00,30.965522759972373
2025-08-15 08:59:12.959939+00:00,30.96037212247029
2025-08-15 08:59:14.520928+00:00,30.965522759972373
2025-08-15 08:59:15.141866+00:00,30.96037212247029
2025-08-15 08:59:15.603768+00:00,30.965522759972373
2025-08-15 08:59:15.983522+00:00,30.970673397765495
2025-08-15 08:59:16.434644+00:00,30.96037212247029
2025-08-15 08:59:16.853386+00:00,30.965522759972373
2025-08-15 08:59:19.527316+00:00,30.975824035849655
2025-08-15 08:59:20.478943+00:00,30.975824035849655
2025-08-15 08:59:20.896121+00:00,30.970673397765495
2025-08-15 08:59:21.415304+00:00,30.98612531289109
2025-08-15 08:59:21.697065+00:00,30.970673397765495
2025-08-15 08:59:23.261258+00:00,30.975824035849655
2025-08-15 08:59:24.844570+00:00,30.975824035849655
2025-08-15 08:59:27.914989+00:00,30.970673397765495
2025-08-15 08:59:28.245564+00:00,30.975824035849655
2025-08-15 08:59:28.458075+00:00,30.970673397765495
2025-08-15 08:59:29.987257+00:00,30.980974674224854
2025-08-15 08:59:33.964187+00:00,31.017029151000315
2025-08-15 08:59:36.653859+00:00,31.01187851058785
2025-08-15 08:59:38.809890+00:00,31.017029151000315
2025-08-15 08:59:40.429847+00:00,31.017029151000315
2025-08-15 08:59:41.800574+00:00,31.032481073983945
2025-08-15 08:59:42.809631+00:00,31.027330432698363
2025-08-15 08:59:43.503494+00:00,31.037631715560565
2025-08-15 08:59:49.069946+00:00,31.027330432698363
2025-08-15 08:59:50.237195+00:00,31.02217979170382
2025-08-15 08:59:53.319901+00:00,31.032481073983945
2025-08-15 09:00:00.248754+00:00,30.99642659109668
2025-08-15 09:00:01.301045+00:00,31.01187851058785
2025-08-15 09:00:03.251241+00:00,31.00672787046642
2025-08-15 09:00:03.900165+00:00,31.01187851058785
2025-08-15 09:00:06.704696+00:00,30.99642659109668
2025-08-15 09:00:07.209888+00:00,30.99642659109668
2025-08-15 09:00:07.868421+00:00,30.991275951848365
2025-08-15 09:00:08.431022+00:00,31.00157723063603
2025-08-15 09:00:12.202030+00:00,30.98612531289109
2025-08-15 09:00:14.719381+00:00,31.00672787046642
2025-08-15 09:00:18.169389+00:00,31.00672787046642
2025-08-15 09:00:20.359592+00:00,31.00157723063603
2025-08-15 09:00:21.863086+00:00,30.991275951848365
2025-08-15 09:00:22.335511+00:00,30.99642659109668
2025-08-15 09:00:24.087011+00:00,31.01187851058785
2025-08-15 09:00:24.526108+00:00,31.01187851058785
2025-08-15 09:00:24.906247+00:00,31.01187851058785
2025-08-15 09:00:26.223202+00:00,30.99642659109668
2025-08-15 09:00:26.553055+00:00,31.00672787046642
2025-08-15 09:00:26.935803+00:00,31.00157723063603
2025-08-15 09:00:29.932812+00:00,31.00157723063603
2025-08-15 09:00:35.908127+00:00,31.00157723063603
2025-08-15 09:00:36.249023+00:00,30.99642659109668
2025-08-15 09:00:36.708989+00:00,30.99642659109668
2025-08-15 09:00:37.251833+00:00,31.00157723063603
2025-08-15 09:00:37.593811+00:00,30.991275951848365
2025-08-15 09:00:38.001876+00:00,30.99642659109668
2025-08-15 09:00:41.053448+00:00,30.98612531289109
2025-08-15 09:00:44.152435+00:00,30.99642659109668
2025-08-15 09:00:44.485374+00:00,30.980974674224854
2025-08-15 09:00:45.766527+00:00,30.99642659109668
2025-08-15 09:00:46.667901+00:00,30.991275951848365
2025-08-15 09:00:49.325121+00:00,31.00157723063603
2025-08-15 09:00:49.649453+00:00,30.99642659109668
2025-08-15 09:00:54.169976+00:00,30.99642659109668
2025-08-15 09:00:55.176827+00:00,30.991275951848365
2025-08-15 09:00:57.658090+00:00,30.980974674224854
2025-08-15 09:00:57.974977+00:00,30.980974674224854
2025-08-15 09:00:58.409016+00:00,30.980974674224854
2025-08-15 09:00:59.377092+00:00,30.975824035849655
2025-08-15 09:01:01.089065+00:00,30.975824035849655
2025-08-15 09:01:01.908070+00:00,30.991275951848365
2025-08-15 09:01:02.923378+00:00,30.980974674224854
2025-08-15 09:01:03.999073+00:00,30.970673397765495
2025-08-15 09:01:05.566176+00:00,30.975824035849655
2025-08-15 09:01:07.884438+00:00,30.975824035849655
2025-08-15 09:01:11.444088+00:00,30.975824035849655
2025-08-15 09:01:11.818507+00:00,30.96037212247029
2025-08-15 09:01:12.725274+00:00,30.955221485259244
2025-08-15 09:01:13.518374+00:00,30.965522759972373
2025-08-15 09:01:15.012426+00:00,30.955221485259244
2025-08-15 09:01:16.823206+00:00,30.96037212247029
2025-08-15 09:01:17.442313+00:00,30.96037212247029
2025-08-15 09:01:17.844471+00:00,30.94492021171027
2025-08-15 09:01:18.610070+00:00,30.950070848339237
2025-08-15 09:01:20.676116+00:00,30.950070848339237
2025-08-15 09:01:22.814466+00:00,30.96037212247029
2025-08-15 09:01:25.871360+00:00,30.950070848339237
2025-08-15 09:01:26.160201+00:00,30.929468303569593
2025-08-15 09:01:28.067815+00:00,30.934618939325446
2025-08-15 09:01:28.854759+00:00,30.93976957537234
2025-08-15 09:01:29.112755+00:00,30.94492021171027
2025-08-15 09:01:34.258884+00:00,30.93976957537234
2025-08-15 09:01:34.486122+00:00,30.934618939325446
2025-08-15 09:01:34.737257+00:00,30.924317668104777
2025-08-15 09:01:36.365088+00:00,30.924317668104777
2025-08-15 09:01:37.386192+00:00,30.929468303569593
2025-08-15 09:01:37.935841+00:00,30.924317668104777
2025-08-15 09:01:38.462898+00:00,30.929468303569593
2025-08-15 09:01:39.490492+00:00,30.924317668104777
2025-08-15 09:01:41.856389+00:00,30.924317668104777
2025-08-15 09:01:43.582642+00:00,30.929468303569593
2025-08-15 09:01:46.041170+00:00,30.924317668104777
2025-08-15 09:01:47.048911+00:00,30.898564495146275
2025-08-15 09:01:47.919808+00:00,30.919167032931
2025-08-15 09:01:49.211306+00:00,30.929468303569593
2025-08-15 09:01:49.617273+00:00,30.929468303569593
2025-08-15 09:01:50.650861+00:00,30.924317668104777
2025-08-15 09:01:51.432572+00:00,30.929468303569593
2025-08-15 09:01:52.477721+00:00,30.89341386142769
2025-08-15 09:01:52.886302+00:00,30.919167032931
2025-08-15 09:01:54.273981+00:00,30.90886576345656
2025-08-15 09:01:55.619670+00:00,30.924317668104777
2025-08-15 09:01:56.115387+00:00,30.929468303569593
2025-08-15 09:01:56.590801+00:00,30.90886576345656
2025-08-15 09:02:00.892389+00:00,30.91401639804826
2025-08-15 09:02:02.306308+00:00,30.91401639804826
2025-08-15 09:02:07.049055+00:00,30.90886576345656
2025-08-15 09:02:08.959638+00:00,30.898564495146275
2025-08-15 09:02:10.843081+00:00,30.898564495146275
2025-08-15 09:02:11.695155+00:00,30.88826322800014
2025-08-15 09:02:12.132560+00:00,30.857359433546662
2025-08-15 09:02:13.750567+00:00,30.88826322800014
2025-08-15 09:02:17.218173+00:00,30.883112594863633
2025-08-15 09:02:17.589575+00:00,30.88826322800014
2025-08-15 09:02:19.408827+00:00,30.867660697200336
2025-08-15 09:02:21.732978+00:00,30.877961962018162
2025-08-15 09:02:23.243554+00:00,30.87281132946373
2025-08-15 09:02:24.309296+00:00,30.87281132946373
2025-08-15 09:02:25.089405+00:00,30.87281132946373
2025-08-15 09:02:26.444364+00:00,30.867660697200336
2025-08-15 09:02:27.311901+00:00,30.867660697200336
2025-08-15 09:02:28.246993+00:00,30.87281132946373
2025-08-15 09:02:29.443227+00:00,30.87281132946373
2025-08-15 09:02:30.268372+00:00,30.877961962018162
2025-08-15 09:02:32.873572+00:00,30.867660697200336
2025-08-15 09:02:33.202137+00:00,30.867660697200336
2025-08-15 09:02:33.670167+00:00,30.86251006522798
2025-08-15 09:02:34.576874+00:00,30.867660697200336
2025-08-15 09:02:35.338907+00:00,30.867660697200336
2025-08-15 09:02:35.698922+00:00,30.86251006522798
2025-08-15 09:02:35.949661+00:00,30.867660697200336
2025-08-15 09:02:37.198719+00:00,30.877961962018162
2025-08-15 09:02:39.408794+00:00,30.87281132946373
2025-08-15 09:02:41.556218+00:00,30.87281132946373
2025-08-15 09:02:43.359085+00:00,30.857359433546662
2025-08-15 09:02:44.071750+00:00,30.867660697200336
2025-08-15 09:02:47.602796+00:00,30.86251006522798
2025-08-15 09:02:50.602764+00:00,30.86251006522798
2025-08-15 09:02:50.856162+00:00,30.86251006522798
2025-08-15 09:02:51.287380+00:00,30.857359433546662
2025-08-15 09:02:53.218184+00:00,30.847058171057142
2025-08-15 09:02:54.362301+00:00,30.867660697200336
2025-08-15 09:02:56.158747+00:00,30.88826322800014
2025-08-15 09:02:56.492681+00:00,30.867660697200336
2025-08-15 09:02:58.458232+00:00,30.87281132946373
2025-08-15 09:03:00.032836+00:00,30.898564495146275
2025-08-15 09:03:01.363323+00:00,30.88826322800014
2025-08-15 09:03:03.206865+00:00,30.88826322800014
2025-08-15 09:03:04.233092+00:00,30.88826322800014
2025-08-15 09:03:06.087501+00:00,30.88826322800014
2025-08-15 09:03:06.732500+00:00,30.88826322800014
2025-08-15 09:03:08.131257+00:00,30.88826322800014
2025-08-15 09:03:08.581243+00:00,30.898564495146275
2025-08-15 09:03:09.398914+00:00,30.87281132946373
2025-08-15 09:03:19.163189+00:00,30.883112594863633
2025-08-15 09:03:19.404809+00:00,30.877961962018162
2025-08-15 09:03:21.093630+00:00,30.87281132946373
2025-08-15 09:03:21.598769+00:00,30.867660697200336
2025-08-15 09:03:22.694944+00:00,30.867660697200336
2025-08-15 09:03:24.327709+00:00,30.89341386142769
2025-08-15 09:03:26.306313+00:00,30.88826322800014
2025-08-15 09:03:27.802977+00:00,30.88826322800014
2025-08-15 09:03:28.045930+00:00,30.88826322800014
2025-08-15 09:03:28.766841+00:00,30.898564495146275
2025-08-15 09:03:29.624433+00:00,30.89341386142769
2025-08-15 09:03:31.614757+00:00,30.88826322800014
2025-08-15 09:03:32.207438+00:00,30.898564495146275
2025-08-15 09:03:35.714770+00:00,30.87281132946373
2025-08-15 09:03:36.625584+00:00,30.883112594863633
2025-08-15 09:03:36.892323+00:00,30.88826322800014
2025-08-15 09:03:37.860783+00:00,30.89341386142769
2025-08-15 09:03:38.233146+00:00,30.883112594863633
2025-08-15 09:03:38.939687+00:00,30.88826322800014
2025-08-15 09:03:39.184194+00:00,30.87281132946373
2025-08-15 09:03:41.147388+00:00,30.867660697200336
2025-08-15 09:03:41.424591+00:00,30.877961962018162
2025-08-15 09:03:41.679445+00:00,30.877961962018162
2025-08-15 09:03:42.565344+00:00,30.867660697200336
2025-08-15 09:03:43.309521+00:00,30.867660697200336
2025-08-15 09:03:44.033073+00:00,30.867660697200336
2025-08-15 09:03:45.352997+00:00,30.86251006522798
2025-08-15 09:03:49.868825+00:00,30.883112594863633
2025-08-15 09:03:50.577619+00:00,30.867660697200336
2025-08-15 09:03:51.098354+00:00,30.867660697200336
2025-08-15 09:03:52.181876+00:00,30.86251006522798
2025-08-15 09:03:53.043560+00:00,30.86251006522798
2025-08-15 09:03:53.768936+00:00,30.857359433546662
2025-08-15 09:03:54.239527+00:00,30.852208802156383
2025-08-15 09:03:55.550005+00:00,30.852208802156383
2025-08-15 09:03:57.654893+00:00,30.88826322800014
2025-08-15 09:03:59.505355+00:00,30.89341386142769
2025-08-15 09:04:05.579422+00:00,30.919167032931
2025-08-15 09:04:06.370997+00:00,30.919167032931
2025-08-15 09:04:09.194439+00:00,30.91401639804826
2025-08-15 09:04:13.649473+00:00,30.950070848339237
2025-08-15 09:04:14.619171+00:00,30.94492021171027
2025-08-15 09:04:15.003221+00:00,30.955221485259244
2025-08-15 09:04:17.967205+00:00,30.955221485259244
2025-08-15 09:04:19.955207+00:00,30.965522759972373
2025-08-15 09:04:20.330958+00:00,30.98612531289109
2025-08-15 09:04:21.248484+00:00,30.991275951848365
2025-08-15 09:04:22.243698+00:00,30.99642659109668
2025-08-15 09:04:25.188548+00:00,31.00157723063603
2025-08-15 09:04:25.739220+00:00,31.00157723063603
2025-08-15 09:04:26.396409+00:00,30.99642659109668
2025-08-15 09:04:27.682464+00:00,31.00157723063603
2025-08-15 09:04:28.806900+00:00,31.00157723063603
2025-08-15 09:04:32.771459+00:00,31.02217979170382
2025-08-15 09:04:36.178398+00:00,31.042782357428223
2025-08-15 09:04:38.272878+00:00,31.04793299958692
2025-08-15 09:04:39.161565+00:00,31.037631715560565
2025-08-15 09:04:39.423032+00:00,31.058234284777427
2025-08-15 09:04:39.925175+00:00,31.068535571132088
2025-08-15 09:04:40.725034+00:00,31.04793299958692
2025-08-15 09:04:41.460440+00:00,31.042782357428223
2025-08-15 09:04:42.112514+00:00,31.06338492780924
2025-08-15 09:04:43.739939+00:00,31.058234284777427
2025-08-15 09:04:44.603950+00:00,31.06338492780924
2025-08-15 09:04:46.161550+00:00,31.06338492780924
2025-08-15 09:04:47.907543+00:00,31.058234284777427
2025-08-15 09:04:48.982384+00:00,31.073686214745976
2025-08-15 09:04:52.486335+00:00,31.083987502846867
2025-08-15 09:04:54.999355+00:00,31.08913814733387
2025-08-15 09:04:56.345518+00:00,31.08913814733387
2025-08-15 09:04:57.138552+00:00,31.08913814733387
2025-08-15 09:04:57.976467+00:00,31.08913814733387
2025-08-15 09:04:58.452431+00:00,31.09428879211191
2025-08-15 09:05:02.781759+00:00,31.083987502846867
2025-08-15 09:05:04.604043+00:00,31.11489137413446
2025-08-15 09:05:05.039443+00:00,31.09943943718099
2025-08-15 09:05:05.940725+00:00,31.109740728192264
2025-08-15 09:05:06.718720+00:00,31.104590082541108
2025-08-15 09:05:09.150928+00:00,31.104590082541108
2025-08-15 09:05:09.827043+00:00,31.104590082541108
2025-08-15 09:05:11.456696+00:00,31.109740728192264
2025-08-15 09:05:11.747180+00:00,31.09943943718099
2025-08-15 09:05:15.147866+00:00,31.09943943718099
2025-08-15 09:05:15.805145+00:00,31.08913814733387
2025-08-15 09:05:19.004007+00:00,31.08913814733387
2025-08-15 09:05:20.021774+00:00,31.09428879211191
2025-08-15 09:05:22.019541+00:00,31.09428879211191
2025-08-15 09:05:23.994786+00:00,31.073686214745976
2025-08-15 09:05:27.412382+00:00,31.073686214745976
2025-08-15 09:05:28.746917+00:00,31.073686214745976
2025-08-15 09:05:31.309243+00:00,31.09428879211191
2025-08-15 09:05:31.743746+00:00,31.09428879211191
2025-08-15 09:05:34.082982+00:00,31.09943943718099
2025-08-15 09:05:35.428211+00:00,31.09428879211191
2025-08-15 09:05:35.844578+00:00,31.08913814733387
2025-08-15 09:05:36.553136+00:00,31.083987502846867
2025-08-15 09:05:37.685050+00:00,31.083987502846867
2025-08-15 09:05:40.405229+00:00,31.083987502846867
2025-08-15 09:05:42.421646+00:00,31.083987502846867
2025-08-15 09:05:43.221850+00:00,31.08913814733387
2025-08-15 09:05:44.315641+00:00,31.083987502846867
2025-08-15 09:05:44.633007+00:00,31.078836858650902
2025-08-15 09:05:45.009380+00:00,31.078836858650902
2025-08-15 09:05:45.602151+00:00,31.073686214745976
2025-08-15 09:05:48.101060+00:00,31.073686214745976
2025-08-15 09:05:49.828976+00:00,31.073686214745976
2025-08-15 09:05:50.248437+00:00,31.06338492780924
2025-08-15 09:05:50.912439+00:00,31.058234284777427
2025-08-15 09:05:51.577145+00:00,31.06338492780924
2025-08-15 09:05:52.421978+00:00,31.073686214745976
2025-08-15 09:05:53.323958+00:00,31.058234284777427
2025-08-15 09:05:54.187080+00:00,31.06338492780924
2025-08-15 09:06:00.676644+00:00,31.068535571132088
2025-08-15 09:06:02.731570+00:00,31.058234284777427
2025-08-15 09:06:03.757816+00:00,31.06338492780924
2025-08-15 09:06:04.167901+00:00,31.06338492780924
2025-08-15 09:06:06.502285+00:00,31.06338492780924
2025-08-15 09:06:08.440898+00:00,31.06338492780924
2025-08-15 09:06:12.410714+00:00,31.068535571132088
2025-08-15 09:06:18.792852+00:00,31.073686214745976
2025-08-15 09:06:19.327715+00:00,31.06338492780924
2025-08-15 09:06:21.482214+00:00,31.08913814733387
2025-08-15 09:06:23.782077+00:00,31.09428879211191
2025-08-15 09:06:24.686490+00:00,31.13034331370727
2025-08-15 09:06:25.110918+00:00,31.09943943718099
2025-08-15 09:06:25.953343+00:00,31.104590082541108
2025-08-15 09:06:26.855631+00:00,31.109740728192264
2025-08-15 09:06:27.942680+00:00,31.125192666891962
2025-08-15 09:06:29.071490+00:00,31.14579525589943
2025-08-15 09:06:30.092305+00:00,31.12004202036769
2025-08-15 09:06:32.570431+00:00,31.13549396081362
2025-08-15 09:06:33.174855+00:00,31.13549396081362
2025-08-15 09:06:33.573297+00:00,31.13034331370727
2025-08-15 09:06:34.024685+00:00,31.140644608211005
2025-08-15 09:06:34.604507+00:00,31.140644608211005
2025-08-15 09:06:35.202743+00:00,31.140644608211005
2025-08-15 09:06:37.083017+00:00,31.13549396081362
2025-08-15 09:06:37.634082+00:00,31.140644608211005
2025-08-15 09:06:39.662440+00:00,31.140644608211005
2025-08-15 09:06:40.367459+00:00,31.13034331370727
2025-08-15 09:06:42.280867+00:00,31.150945903878892
2025-08-15 09:06:43.583736+00:00,31.125192666891962
2025-08-15 09:06:46.323475+00:00,31.13034331370727
2025-08-15 09:06:49.257940+00:00,31.125192666891962
2025-08-15 09:06:50.334421+00:00,31.12004202036769
2025-08-15 09:06:51.052478+00:00,31.13034331370727
2025-08-15 09:06:52.484497+00:00,31.125192666891962
2025-08-15 09:06:53.035385+00:00,31.125192666891962
2025-08-15 09:06:53.452802+00:00,31.13549396081362
2025-08-15 09:06:53.929445+00:00,31.14579525589943
2025-08-15 09:06:58.581693+00:00,31.12004202036769
2025-08-15 09:06:58.813297+00:00,31.12004202036769
2025-08-15 09:07:01.323568+00:00,31.14579525589943
2025-08-15 09:07:04.863301+00:00,31.13549396081362
2025-08-15 09:07:06.125227+00:00,31.13549396081362
2025-08-15 09:07:15.460156+00:00,31.140644608211005
2025-08-15 09:07:16.629340+00:00,31.150945903878892
2025-08-15 09:07:21.594872+00:00,31.14579525589943
2025-08-15 09:07:22.604530+00:00,31.140644608211005
2025-08-15 09:07:23.487145+00:00,31.140644608211005
2025-08-15 09:07:24.281213+00:00,31.150945903878892
2025-08-15 09:07:26.629063+00:00,31.156096552149393
2025-08-15 09:07:27.181511+00:00,31.171548498707125
2025-08-15 09:07:27.985005+00:00,31.18184979786747
2025-08-15 09:07:29.411402+00:00,31.197301748790778
2025-08-15 09:07:29.718395+00:00,31.197301748790778
2025-08-15 09:07:30.475744+00:00,31.17669914814178
2025-08-15 09:07:31.827900+00:00,31.197301748790778
2025-08-15 09:07:33.757841+00:00,31.21790435409639
2025-08-15 09:07:35.703254+00:00,31.21790435409639
2025-08-15 09:07:36.630034+00:00,31.207603050861508
2025-08-15 09:07:37.147890+00:00,31.207603050861508
2025-08-15 09:07:38.031060+00:00,31.202452399680624
2025-08-15 09:07:39.562783+00:00,31.207603050861508
2025-08-15 09:07:41.152810+00:00,31.207603050861508
2025-08-15 09:07:41.717274+00:00,31.197301748790778
2025-08-15 09:07:42.292260+00:00,31.207603050861508
2025-08-15 09:07:43.438836+00:00,31.202452399680624
2025-08-15 09:07:44.141773+00:00,31.197301748790778
2025-08-15 09:07:45.728503+00:00,31.187000447884202
2025-08-15 09:07:49.144771+00:00,31.187000447884202
2025-08-15 09:07:50.293002+00:00,31.197301748790778
2025-08-15 09:07:50.600469+00:00,31.187000447884202
2025-08-15 09:07:51.769132+00:00,31.197301748790778
2025-08-15 09:07:52.325771+00:00,31.187000447884202
2025-08-15 09:07:52.801325+00:00,31.21275370233343
2025-08-15 09:07:53.631517+00:00,31.21790435409639
2025-08-15 09:07:54.894885+00:00,31.21790435409639
2025-08-15 09:07:56.247355+00:00,31.21790435409639
2025-08-15 09:07:57.076300+00:00,31.21275370233343
2025-08-15 09:07:58.335847+00:00,31.21790435409639
2025-08-15 09:08:00.674076+00:00,31.22305500615039
2025-08-15 09:08:02.732333+00:00,31.21275370233343
2025-08-15 09:08:03.356581+00:00,31.207603050861508
2025-08-15 09:08:03.827729+00:00,31.207603050861508
2025-08-15 09:08:04.509494+00:00,31.202452399680624
2025-08-15 09:08:04.851051+00:00,31.207603050861508
2025-08-15 09:08:05.200293+00:00,31.22305500615039
2025-08-15 09:08:06.399018+00:00,31.207603050861508
2025-08-15 09:08:06.716071+00:00,31.22305500615039
2025-08-15 09:08:07.509808+00:00,31.21790435409639
2025-08-15 09:08:09.919705+00:00,31.202452399680624
2025-08-15 09:08:12.721407+00:00,31.207603050861508
2025-08-15 09:08:14.031748+00:00,31.207603050861508
2025-08-15 09:08:16.862954+00:00,31.187000447884202
2025-08-15 09:08:17.405933+00:00,31.197301748790778
2025-08-15 09:08:19.567780+00:00,31.207603050861508
2025-08-15 09:08:19.739262+00:00,31.207603050861508
2025-08-15 09:08:19.985225+00:00,31.202452399680624
2025-08-15 09:08:21.862789+00:00,31.19215109819197
2025-08-15 09:08:22.252276+00:00,31.197301748790778
2025-08-15 09:08:23.319135+00:00,31.197301748790778
2025-08-15 09:08:24.350558+00:00,31.187000447884202
2025-08-15 09:08:24.768388+00:00,31.187000447884202
2025-08-15 09:08:26.039625+00:00,31.187000447884202
2025-08-15 09:08:26.237678+00:00,31.17669914814178
2025-08-15 09:08:26.852109+00:00,31.187000447884202
2025-08-15 09:08:29.573680+00:00,31.17669914814178
2025-08-15 09:08:33.385030+00:00,31.16639784956351
2025-08-15 09:08:34.059722+00:00,31.16639784956351
2025-08-15 09:08:35.746179+00:00,31.161247200710932
2025-08-15 09:08:35.982842+00:00,31.16639784956351
2025-08-15 09:08:36.239943+00:00,31.16639784956351
2025-08-15 09:08:36.592467+00:00,31.16639784956351
2025-08-15 09:08:37.894554+00:00,31.156096552149393
2025-08-15 09:08:38.585049+00:00,31.161247200710932
2025-08-15 09:08:39.240255+00:00,31.156096552149393
2025-08-15 09:08:42.232900+00:00,31.161247200710932
2025-08-15 09:08:42.748987+00:00,31.156096552149393
2025-08-15 09:08:43.317445+00:00,31.161247200710932
2025-08-15 09:08:44.605181+00:00,31.150945903878892
2025-08-15 09:08:47.169510+00:00,31.156096552149393
2025-08-15 09:08:47.963025+00:00,31.14579525589943
2025-08-15 09:08:49.073236+00:00,31.14579525589943
2025-08-15 09:08:49.350066+00:00,31.150945903878892
2025-08-15 09:08:50.975885+00:00,31.150945903878892
2025-08-15 09:08:55.550891+00:00,31.13549396081362
2025-08-15 09:08:55.994090+00:00,31.13549396081362
2025-08-15 09:08:56.367441+00:00,31.13549396081362
2025-08-15 09:08:56.712899+00:00,31.13549396081362
2025-08-15 09:08:58.242155+00:00,31.14579525589943
2025-08-15 09:09:03.364784+00:00,31.161247200710932
2025-08-15 09:09:04.385514+00:00,31.156096552149393
2025-08-15 09:09:06.439267+00:00,31.156096552149393
2025-08-15 09:09:06.913923+00:00,31.161247200710932
2025-08-15 09:09:08.384098+00:00,31.14579525589943
2025-08-15 09:09:11.032448+00:00,31.161247200710932
2025-08-15 09:09:12.839417+00:00,31.156096552149393
2025-08-15 09:09:13.052375+00:00,31.156096552149393
2025-08-15 09:09:13.223457+00:00,31.161247200710932
2025-08-15 09:09:13.435432+00:00,31.156096552149393
2025-08-15 09:09:16.830456+00:00,31.156096552149393
2025-08-15 09:09:20.405297+00:00,31.140644608211005
2025-08-15 09:09:24.625045+00:00,31.140644608211005
2025-08-15 09:09:25.150131+00:00,31.14579525589943
2025-08-15 09:09:25.734006+00:00,31.140644608211005
2025-08-15 09:09:26.052450+00:00,31.140644608211005
2025-08-15 09:09:28.500785+00:00,31.14579525589943
2025-08-15 09:09:32.483718+00:00,31.13549396081362
2025-08-15 09:09:34.275078+00:00,31.125192666891962
2025-08-15 09:09:35.974453+00:00,31.12004202036769
2025-08-15 09:09:36.456008+00:00,31.125192666891962
2025-08-15 09:09:37.777444+00:00,31.125192666891962
2025-08-15 09:09:38.237767+00:00,31.11489137413446
2025-08-15 09:09:40.786826+00:00,31.12004202036769
2025-08-15 09:09:41.548351+00:00,31.109740728192264
2025-08-15 09:09:42.392702+00:00,31.109740728192264
2025-08-15 09:09:43.052907+00:00,31.11489137413446
2025-08-15 09:09:43.754106+00:00,31.11489137413446
2025-08-15 09:09:44.672750+00:00,31.11489137413446
2025-08-15 09:09:45.592119+00:00,31.09943943718099
2025-08-15 09:09:46.780169+00:00,31.09428879211191
2025-08-15 09:09:47.647629+00:00,31.104590082541108
2025-08-15 09:09:50.036642+00:00,31.11489137413446
2025-08-15 09:09:52.635013+00:00,31.13549396081362
2025-08-15 09:09:53.454182+00:00,31.11489137413446
2025-08-15 09:09:55.443005+00:00,31.125192666891962
2025-08-15 09:09:55.685480+00:00,31.13549396081362
2025-08-15 09:09:56.299646+00:00,31.13034331370727
2025-08-15 09:09:57.733544+00:00,31.13549396081362
2025-08-15 09:09:58.995504+00:00,31.13034331370727
2025-08-15 09:10:01.476527+00:00,31.13034331370727
2025-08-15 09:10:03.678889+00:00,31.150945903878892
2025-08-15 09:10:05.299687+00:00,31.14579525589943
2025-08-15 09:10:06.969895+00:00,31.14579525589943
2025-08-15 09:10:07.879920+00:00,31.14579525589943
2025-08-15 09:10:09.352235+00:00,31.13549396081362
2025-08-15 09:10:12.565248+00:00,31.13549396081362
2025-08-15 09:10:15.885492+00:00,31.14579525589943
2025-08-15 09:10:24.287735+00:00,31.150945903878892
2025-08-15 09:10:24.755389+00:00,31.125192666891962
2025-08-15 09:10:25.076408+00:00,31.13549396081362
2025-08-15 09:10:28.086073+00:00,31.13549396081362
2025-08-15 09:10:28.627845+00:00,31.14579525589943
2025-08-15 09:10:35.525306+00:00,31.150945903878892
2025-08-15 09:10:39.706334+00:00,31.13549396081362
2025-08-15 09:10:43.764731+00:00,31.156096552149393
2025-08-15 09:10:44.366993+00:00,31.150945903878892
2025-08-15 09:10:46.795457+00:00,31.150945903878892
2025-08-15 09:10:47.634246+00:00,31.140644608211005
2025-08-15 09:10:49.956056+00:00,31.14579525589943
2025-08-15 09:10:51.375150+00:00,31.140644608211005
2025-08-15 09:10:51.868568+00:00,31.140644608211005
2025-08-15 09:10:52.388402+00:00,31.150945903878892
2025-08-15 09:10:54.903973+00:00,31.150945903878892
2025-08-15 09:10:55.177877+00:00,31.156096552149393
2025-08-15 09:10:55.704383+00:00,31.156096552149393
2025-08-15 09:10:56.064463+00:00,31.156096552149393
2025-08-15 09:10:56.705941+00:00,31.161247200710932
2025-08-15 09:10:57.699121+00:00,31.16639784956351
2025-08-15 09:10:58.415290+00:00,31.156096552149393
2025-08-15 09:11:01.378529+00:00,31.150945903878892
2025-08-15 09:11:06.272514+00:00,31.156096552149393
2025-08-15 09:11:06.781443+00:00,31.16639784956351
2025-08-15 09:11:07.453316+00:00,31.161247200710932
2025-08-15 09:11:08.096664+00:00,31.156096552149393
2025-08-15 09:11:09.359655+00:00,31.14579525589943
2025-08-15 09:11:10.474063+00:00,31.156096552149393
2025-08-15 09:11:12.198372+00:00,31.14579525589943
2025-08-15 09:11:14.015406+00:00,31.16639784956351
2025-08-15 09:11:14.832260+00:00,31.156096552149393
2025-08-15 09:11:15.150627+00:00,31.16639784956351
2025-08-15 09:11:16.802181+00:00,31.161247200710932
2025-08-15 09:11:18.343136+00:00,31.14579525589943
2025-08-15 09:11:19.606977+00:00,31.14579525589943
2025-08-15 09:11:20.938332+00:00,31.156096552149393
2025-08-15 09:11:22.986916+00:00,31.150945903878892
2025-08-15 09:11:25.032292+00:00,31.150945903878892
2025-08-15 09:11:25.822430+00:00,31.156096552149393
2025-08-15 09:11:26.770223+00:00,31.156096552149393
2025-08-15 09:11:27.196119+00:00,31.150945903878892
2025-08-15 09:11:27.573467+00:00,31.150945903878892
2025-08-15 09:11:28.823392+00:00,31.156096552149393
2025-08-15 09:11:29.240081+00:00,31.156096552149393
2025-08-15 09:11:29.505806+00:00,31.156096552149393
2025-08-15 09:11:30.665556+00:00,31.14579525589943
2025-08-15 09:11:31.813873+00:00,31.156096552149393
2025-08-15 09:11:32.203040+00:00,31.156096552149393
2025-08-15 09:11:32.646924+00:00,31.150945903878892
2025-08-15 09:11:34.868810+00:00,31.140644608211005
2025-08-15 09:11:35.256800+00:00,31.140644608211005
2025-08-15 09:11:36.047310+00:00,31.140644608211005
2025-08-15 09:11:37.851690+00:00,31.156096552149393
2025-08-15 09:11:38.643262+00:00,31.140644608211005
2025-08-15 09:11:40.256110+00:00,31.14579525589943
2025-08-15 09:11:41.369659+00:00,31.14579525589943
2025-08-15 09:11:42.078096+00:00,31.140644608211005
2025-08-15 09:11:43.894172+00:00,31.140644608211005
2025-08-15 09:11:46.210094+00:00,31.125192666891962
2025-08-15 09:11:48.689995+00:00,31.13549396081362
2025-08-15 09:11:50.869540+00:00,31.12004202036769
2025-08-15 09:11:52.238408+00:00,31.12004202036769
2025-08-15 09:11:53.325172+00:00,31.125192666891962
2025-08-15 09:11:54.504845+00:00,31.11489137413446
2025-08-15 09:11:55.156765+00:00,31.125192666891962
2025-08-15 09:11:55.581127+00:00,31.11489137413446
2025-08-15 09:11:56.549973+00:00,31.11489137413446
2025-08-15 09:11:58.581168+00:00,31.09943943718099
2025-08-15 09:11:59.356713+00:00,31.104590082541108
2025-08-15 09:11:59.740738+00:00,31.09943943718099
2025-08-15 09:12:00.083960+00:00,31.104590082541108
2025-08-15 09:12:00.460569+00:00,31.11489137413446
2025-08-15 09:12:00.977097+00:00,31.104590082541108
2025-08-15 09:12:01.576884+00:00,31.12004202036769
2025-08-15 09:12:05.717872+00:00,31.09428879211191
2025-08-15 09:12:06.117724+00:00,31.08913814733387
2025-08-15 09:12:06.692495+00:00,31.08913814733387
2025-08-15 09:12:07.017123+00:00,31.083987502846867
2025-08-15 09:12:08.276131+00:00,31.09428879211191
2025-08-15 09:12:11.958775+00:00,31.09428879211191
2025-08-15 09:12:13.012288+00:00,31.083987502846867
2025-08-15 09:12:15.593395+00:00,31.078836858650902
2025-08-15 09:12:17.019313+00:00,31.09428879211191
2025-08-15 09:12:17.521618+00:00,31.083987502846867
2025-08-15 09:12:19.435743+00:00,31.09428879211191
2025-08-15 09:12:20.068548+00:00,31.08913814733387
2025-08-15 09:12:21.422597+00:00,31.09428879211191
2025-08-15 09:12:24.065164+00:00,31.09428879211191
2025-08-15 09:12:24.874533+00:00,31.104590082541108
2025-08-15 09:12:25.437954+00:00,31.104590082541108
2025-08-15 09:12:27.200281+00:00,31.104590082541108
2025-08-15 09:12:27.764098+00:00,31.09943943718099
2025-08-15 09:12:28.000684+00:00,31.09943943718099
2025-08-15 09:12:30.984922+00:00,31.09428879211191
2025-08-15 09:12:34.728048+00:00,31.078836858650902
2025-08-15 09:12:36.456485+00:00,31.08913814733387
2025-08-15 09:12:38.488890+00:00,31.078836858650902
2025-08-15 09:12:39.087123+00:00,31.083987502846867
2025-08-15 09:12:39.816466+00:00,31.08913814733387
2025-08-15 09:12:40.351365+00:00,31.08913814733387
2025-08-15 09:12:40.568569+00:00,31.09428879211191
2025-08-15 09:12:44.438317+00:00,31.09428879211191
2025-08-15 09:12:44.705015+00:00,31.08913814733387
2025-08-15 09:12:49.071334+00:00,31.09428879211191
2025-08-15 09:12:49.321929+00:00,31.09428879211191
2025-08-15 09:12:50.198522+00:00,31.09428879211191
2025-08-15 09:12:51.000289+00:00,31.073686214745976
2025-08-15 09:12:52.362916+00:00,31.083987502846867
2025-08-15 09:12:53.517110+00:00,31.083987502846867
2025-08-15 09:12:54.313379+00:00,31.083987502846867
2025-08-15 09:12:55.757078+00:00,31.078836858650902
2025-08-15 09:12:56.788413+00:00,31.078836858650902
2025-08-15 09:12:57.101121+00:00,31.083987502846867
2025-08-15 09:12:57.718922+00:00,31.083987502846867
2025-08-15 09:13:00.009268+00:00,31.068535571132088
2025-08-15 09:13:01.204494+00:00,31.073686214745976
2025-08-15 09:13:01.550004+00:00,31.078836858650902
2025-08-15 09:13:01.882111+00:00,31.078836858650902
2025-08-15 09:13:02.434766+00:00,31.073686214745976
2025-08-15 09:13:03.883939+00:00,31.073686214745976
2025-08-15 09:13:06.760978+00:00,31.073686214745976
2025-08-15 09:13:10.417007+00:00,31.068535571132088
2025-08-15 09:13:12.504173+00:00,31.073686214745976
2025-08-15 09:13:12.660588+00:00,31.068535571132088
2025-08-15 09:13:13.069001+00:00,31.073686214745976
2025-08-15 09:13:13.471403+00:00,31.083987502846867
2025-08-15 09:13:14.570870+00:00,31.073686214745976
2025-08-15 09:13:15.611135+00:00,31.068535571132088
2025-08-15 09:13:17.446878+00:00,31.08913814733387
2025-08-15 09:13:17.991033+00:00,31.073686214745976
2025-08-15 09:13:19.695890+00:00,31.078836858650902
2025-08-15 09:13:20.698041+00:00,31.08913814733387
2025-08-15 09:13:21.641667+00:00,31.073686214745976
2025-08-15 09:13:22.395634+00:00,31.083987502846867
2025-08-15 09:13:22.678241+00:00,31.073686214745976
2025-08-15 09:13:23.062657+00:00,31.073686214745976
2025-08-15 09:13:23.263997+00:00,31.078836858650902
2025-08-15 09:13:23.511633+00:00,31.068535571132088
2025-08-15 09:13:26.314662+00:00,31.083987502846867
2025-08-15 09:13:28.162359+00:00,31.053083642036654
2025-08-15 09:13:31.139724+00:00,31.06338492780924
2025-08-15 09:13:32.682374+00:00,31.053083642036654
2025-08-15 09:13:35.058982+00:00,31.04793299958692
2025-08-15 09:13:37.270475+00:00,31.053083642036654
2025-08-15 09:13:38.695941+00:00,31.042782357428223
2025-08-15 09:13:39.091343+00:00,31.042782357428223
2025-08-15 09:13:40.412120+00:00,31.042782357428223
2025-08-15 09:13:41.665665+00:00,31.032481073983945
2025-08-15 09:13:49.260440+00:00,31.032481073983945
2025-08-15 09:13:49.911496+00:00,31.01187851058785
2025-08-15 09:13:51.232117+00:00,31.01187851058785
2025-08-15 09:13:51.499939+00:00,31.00672787046642
2025-08-15 09:13:51.876377+00:00,31.01187851058785
2025-08-15 09:13:52.469468+00:00,31.01187851058785
2025-08-15 09:13:53.312518+00:00,31.00157723063603
2025-08-15 09:13:53.790487+00:00,31.01187851058785
2025-08-15 09:13:54.127731+00:00,31.00672787046642
2025-08-15 09:13:55.418256+00:00,31.01187851058785
2025-08-15 09:13:56.329023+00:00,31.017029151000315
2025-08-15 09:13:57.356579+00:00,31.00672787046642
2025-08-15 09:13:59.203260+00:00,31.00672787046642
2025-08-15 09:13:59.655050+00:00,31.01187851058785
2025-08-15 09:13:59.886171+00:00,31.017029151000315
2025-08-15 09:14:02.382988+00:00,31.00157723063603
2025-08-15 09:14:02.883707+00:00,31.00157723063603
2025-08-15 09:14:04.073650+00:00,31.00157723063603
2025-08-15 09:14:04.399426+00:00,30.991275951848365
2025-08-15 09:14:08.889470+00:00,31.00672787046642
2025-08-15 09:14:09.165908+00:00,30.991275951848365
2025-08-15 09:14:11.731494+00:00,30.99642659109668
2025-08-15 09:14:13.071826+00:00,30.98612531289109
2025-08-15 09:14:13.471528+00:00,30.99642659109668
2025-08-15 09:14:16.172763+00:00,30.991275951848365
2025-08-15 09:14:19.253169+00:00,30.975824035849655
2025-08-15 09:14:19.720652+00:00,30.98612531289109
2025-08-15 09:14:20.281716+00:00,30.98612531289109
2025-08-15 09:14:21.352823+00:00,30.991275951848365
2025-08-15 09:14:24.495162+00:00,30.98612531289109
2025-08-15 09:14:24.718081+00:00,30.980974674224854
2025-08-15 09:14:25.554508+00:00,30.991275951848365
2025-08-15 09:14:26.640006+00:00,30.980974674224854
2025-08-15 09:14:26.857629+00:00,30.980974674224854
2025-08-15 09:14:28.318283+00:00,30.98612531289109
2025-08-15 09:14:29.398609+00:00,30.980974674224854
2025-08-15 09:14:33.997442+00:00,30.98612531289109
2025-08-15 09:14:35.064083+00:00,30.980974674224854
2025-08-15 09:14:37.055544+00:00,30.980974674224854
2025-08-15 09:14:37.278160+00:00,30.98612531289109
2025-08-15 09:14:39.266245+00:00,30.98612531289109
2025-08-15 09:14:39.600743+00:00,30.980974674224854
2025-08-15 09:14:39.851892+00:00,30.98612531289109
2025-08-15 09:14:40.170767+00:00,30.980974674224854
2025-08-15 09:14:41.565539+00:00,30.980974674224854
2025-08-15 09:14:42.445367+00:00,30.980974674224854
2025-08-15 09:14:44.048941+00:00,31.00672787046642
2025-08-15 09:14:44.263558+00:00,31.01187851058785
2025-08-15 09:14:44.623732+00:00,31.01187851058785
2025-08-15 09:14:45.880149+00:00,31.017029151000315
2025-08-15 09:14:49.060203+00:00,31.037631715560565
2025-08-15 09:14:49.669415+00:00,31.027330432698363
2025-08-15 09:14:51.451817+00:00,31.032481073983945
2025-08-15 09:14:53.648554+00:00,31.053083642036654
2025-08-15 09:14:55.177327+00:00,31.068535571132088
2025-08-15 09:14:56.496783+00:00,31.068535571132088
2025-08-15 09:14:58.197733+00:00,31.073686214745976
2025-08-15 09:14:58.653572+00:00,31.08913814733387
2025-08-15 09:15:01.249812+00:00,31.09428879211191
2025-08-15 09:15:07.762916+00:00,31.13034331370727
2025-08-15 09:15:08.320517+00:00,31.140644608211005
2025-08-15 09:15:09.793087+00:00,31.140644608211005
2025-08-15 09:15:11.052506+00:00,31.140644608211005
2025-08-15 09:15:13.023473+00:00,31.150945903878892
2025-08-15 09:15:20.697840+00:00,31.14579525589943
2025-08-15 09:15:21.520989+00:00,31.13549396081362
2025-08-15 09:15:21.828466+00:00,31.140644608211005
2025-08-15 09:15:22.163559+00:00,31.125192666891962
2025-08-15 09:15:22.556878+00:00,31.104590082541108
2025-08-15 09:15:22.928762+00:00,31.13034331370727
2025-08-15 09:15:23.451146+00:00,31.13549396081362
2025-08-15 09:15:24.060122+00:00,31.125192666891962
2025-08-15 09:15:25.192744+00:00,31.125192666891962
2025-08-15 09:15:25.935631+00:00,31.13034331370727
2025-08-15 09:15:28.530568+00:00,31.12004202036769
2025-08-15 09:15:29.695974+00:00,31.11489137413446
2025-08-15 09:15:41.056789+00:00,31.109740728192264
2025-08-15 09:15:44.120946+00:00,31.08913814733387
2025-08-15 09:15:44.798326+00:00,31.09428879211191
2025-08-15 09:15:46.368874+00:00,31.08913814733387
2025-08-15 09:15:47.725344+00:00,31.09428879211191
2025-08-15 09:15:48.102430+00:00,31.09428879211191
2025-08-15 09:15:48.560089+00:00,31.09428879211191
2025-08-15 09:15:49.068584+00:00,31.083987502846867
2025-08-15 09:15:50.837755+00:00,31.068535571132088
2025-08-15 09:15:51.098114+00:00,31.073686214745976
2025-08-15 09:15:51.309830+00:00,31.08913814733387
2025-08-15 09:15:51.702506+00:00,31.078836858650902
2025-08-15 09:15:52.101688+00:00,31.083987502846867
2025-08-15 09:15:53.671977+00:00,31.09428879211191
2025-08-15 09:15:53.923464+00:00,31.104590082541108
2025-08-15 09:15:55.324215+00:00,31.09943943718099
2025-08-15 09:15:55.901150+00:00,31.09428879211191
2025-08-15 09:15:58.532387+00:00,31.09943943718099
2025-08-15 09:15:59.694122+00:00,31.104590082541108
2025-08-15 09:16:00.914680+00:00,31.12004202036769
2025-08-15 09:16:03.962358+00:00,31.11489137413446
2025-08-15 09:16:05.701853+00:00,31.12004202036769
2025-08-15 09:16:07.583696+00:00,31.12004202036769
2025-08-15 09:16:07.977068+00:00,31.12004202036769
2025-08-15 09:16:08.426836+00:00,31.12004202036769
2025-08-15 09:16:08.871053+00:00,31.14579525589943
2025-08-15 09:16:09.198435+00:00,31.14579525589943
2025-08-15 09:16:09.587263+00:00,31.14579525589943
2025-08-15 09:16:11.424818+00:00,31.140644608211005
2025-08-15 09:16:14.400281+00:00,31.13549396081362
2025-08-15 09:16:14.641933+00:00,31.13034331370727
2025-08-15 09:16:15.167928+00:00,31.14579525589943
2025-08-15 09:16:15.644168+00:00,31.13549396081362
2025-08-15 09:16:16.597235+00:00,31.13034331370727
2025-08-15 09:16:17.635951+00:00,31.125192666891962
2025-08-15 09:16:19.953858+00:00,31.125192666891962
2025-08-15 09:16:20.615197+00:00,31.12004202036769
2025-08-15 09:16:21.375369+00:00,31.125192666891962
2025-08-15 09:16:22.209697+00:00,31.125192666891962
2025-08-15 09:16:22.755675+00:00,31.125192666891962
2025-08-15 09:16:23.474101+00:00,31.12004202036769
2025-08-15 09:16:23.715989+00:00,31.125192666891962
2025-08-15 09:16:24.827393+00:00,31.125192666891962
2025-08-15 09:16:25.301795+00:00,31.125192666891962
2025-08-15 09:16:25.546860+00:00,31.13034331370727
2025-08-15 09:16:28.227058+00:00,31.125192666891962
2025-08-15 09:16:28.864696+00:00,31.11489137413446
2025-08-15 09:16:29.342092+00:00,31.11489137413446
2025-08-15 09:16:31.458262+00:00,31.11489137413446
2025-08-15 09:16:32.494392+00:00,31.09943943718099
2025-08-15 09:16:36.932230+00:00,31.09428879211191
2025-08-15 09:16:39.482887+00:00,31.083987502846867
2025-08-15 09:16:40.580057+00:00,31.08913814733387
2025-08-15 09:16:40.781389+00:00,31.08913814733387
2025-08-15 09:16:41.676931+00:00,31.083987502846867
2025-08-15 09:16:43.564404+00:00,31.078836858650902
2025-08-15 09:16:44.816894+00:00,31.083987502846867
2025-08-15 09:16:46.416737+00:00,31.073686214745976
2025-08-15 09:16:48.697105+00:00,31.083987502846867
2025-08-15 09:16:49.127020+00:00,31.083987502846867
2025-08-15 09:16:51.235777+00:00,31.083987502846867
2025-08-15 09:16:51.624375+00:00,31.08913814733387
2025-08-15 09:16:51.943848+00:00,31.083987502846867
2025-08-15 09:16:52.213172+00:00,31.083987502846867
2025-08-15 09:16:52.757292+00:00,31.08913814733387
2025-08-15 09:16:53.409127+00:00,31.083987502846867
2025-08-15 09:16:54.384719+00:00,31.073686214745976
2025-08-15 09:16:55.020256+00:00,31.073686214745976
2025-08-15 09:16:55.372673+00:00,31.083987502846867
2025-08-15 09:16:57.134987+00:00,31.073686214745976
2025-08-15 09:16:57.927299+00:00,31.068535571132088
2025-08-15 09:16:59.291785+00:00,31.06338492780924
2025-08-15 09:17:00.792147+00:00,31.06338492780924
2025-08-15 09:17:03.936501+00:00,31.073686214745976
2025-08-15 09:17:04.760942+00:00,31.068535571132088
2025-08-15 09:17:08.327344+00:00,31.058234284777427
2025-08-15 09:17:11.428565+00:00,31.073686214745976
2025-08-15 09:17:12.682381+00:00,31.06338492780924
2025-08-15 09:17:13.798938+00:00,31.068535571132088
2025-08-15 09:17:14.888819+00:00,31.06338492780924
2025-08-15 09:17:15.734086+00:00,31.053083642036654
2025-08-15 09:17:19.927193+00:00,31.058234284777427
2025-08-15 09:17:20.503508+00:00,31.058234284777427
2025-08-15 09:17:22.108846+00:00,31.06338492780924
2025-08-15 09:17:22.584454+00:00,31.053083642036654
2025-08-15 09:17:25.175497+00:00,31.042782357428223
2025-08-15 09:17:26.804374+00:00,31.042782357428223
2025-08-15 09:17:27.749494+00:00,31.042782357428223
2025-08-15 09:17:29.236568+00:00,31.042782357428223
2025-08-15 09:17:31.376823+00:00,31.053083642036654
2025-08-15 09:17:32.928385+00:00,31.027330432698363
2025-08-15 09:17:35.845018+00:00,31.032481073983945
2025-08-15 09:17:36.807888+00:00,31.032481073983945
2025-08-15 09:17:37.733050+00:00,31.027330432698363
2025-08-15 09:17:41.293815+00:00,31.02217979170382
2025-08-15 09:17:41.879865+00:00,31.01187851058785
2025-08-15 09:17:42.514952+00:00,31.02217979170382
2025-08-15 09:17:44.762717+00:00,31.01187851058785
2025-08-15 09:17:46.619215+00:00,31.00157723063603
2025-08-15 09:17:47.732537+00:00,31.01187851058785
2025-08-15 09:17:49.206791+00:00,31.00157723063603
2025-08-15 09:17:49.598248+00:00,30.99642659109668
2025-08-15 09:17:52.624747+00:00,30.991275951848365
2025-08-15 09:17:53.785492+00:00,30.99642659109668
2025-08-15 09:17:55.088575+00:00,30.991275951848365
2025-08-15 09:17:55.591529+00:00,30.991275951848365
2025-08-15 09:17:56.290548+00:00,31.00157723063603
2025-08-15 09:17:57.307361+00:00,30.99642659109668
2025-08-15 09:17:57.903698+00:00,30.99642659109668
2025-08-15 09:17:58.955394+00:00,30.99642659109668
2025-08-15 09:17:59.408926+00:00,30.991275951848365
2025-08-15 09:18:00.825431+00:00,30.99642659109668
2025-08-15 09:18:05.030763+00:00,31.00157723063603
2025-08-15 09:18:07.112555+00:00,30.99642659109668
2025-08-15 09:18:07.796819+00:00,31.01187851058785
2025-08-15 09:18:08.390304+00:00,31.00157723063603
2025-08-15 09:18:08.962971+00:00,31.01187851058785
2025-08-15 09:18:09.382900+00:00,31.00157723063603
2025-08-15 09:18:09.689888+00:00,31.01187851058785
2025-08-15 09:18:10.049708+00:00,31.01187851058785
2025-08-15 09:18:10.444871+00:00,31.017029151000315
2025-08-15 09:18:11.273090+00:00,31.01187851058785
2025-08-15 09:18:11.707478+00:00,31.00672787046642
2025-08-15 09:18:13.492880+00:00,31.01187851058785
2025-08-15 09:18:17.213585+00:00,31.00672787046642
2025-08-15 09:18:18.791152+00:00,31.02217979170382
2025-08-15 09:18:21.015224+00:00,31.01187851058785
2025-08-15 09:18:21.743159+00:00,31.017029151000315
2025-08-15 09:18:22.635699+00:00,31.01187851058785
2025-08-15 09:18:24.474185+00:00,31.00157723063603
2025-08-15 09:18:25.567834+00:00,31.017029151000315
2025-08-15 09:18:26.930424+00:00,31.00672787046642
2025-08-15 09:18:27.323532+00:00,31.01187851058785
2025-08-15 09:18:31.092884+00:00,31.017029151000315
2025-08-15 09:18:33.674254+00:00,31.037631715560565
2025-08-15 09:18:34.148782+00:00,31.032481073983945
2025-08-15 09:18:35.698140+00:00,31.037631715560565
2025-08-15 09:18:37.222321+00:00,31.027330432698363
2025-08-15 09:18:40.211180+00:00,31.027330432698363
2025-08-15 09:18:43.452637+00:00,31.04793299958692
2025-08-15 09:18:44.236358+00:00,31.037631715560565
2025-08-15 09:18:45.923254+00:00,31.04793299958692
2025-08-15 09:18:47.075014+00:00,31.042782357428223
2025-08-15 09:18:49.694668+00:00,31.042782357428223
2025-08-15 09:18:49.910617+00:00,31.042782357428223
2025-08-15 09:18:52.972476+00:00,31.042782357428223
2025-08-15 09:18:56.236172+00:00,31.042782357428223
2025-08-15 09:18:56.463163+00:00,31.037631715560565
2025-08-15 09:18:57.205988+00:00,31.037631715560565
2025-08-15 09:19:04.255638+00:00,31.042782357428223
2025-08-15 09:19:05.617211+00:00,31.042782357428223
2025-08-15 09:19:07.999370+00:00,31.027330432698363
2025-08-15 09:19:09.405774+00:00,31.027330432698363
2025-08-15 09:19:10.339054+00:00,31.032481073983945
2025-08-15 09:19:11.293489+00:00,31.032481073983945
2025-08-15 09:19:14.164773+00:00,31.032481073983945
2025-08-15 09:19:14.455507+00:00,31.032481073983945
2025-08-15 09:19:22.779347+00:00,31.02217979170382
2025-08-15 09:19:23.004162+00:00,31.02217979170382
2025-08-15 09:19:23.254704+00:00,31.032481073983945
2025-08-15 09:19:24.965172+00:00,31.017029151000315
2025-08-15 09:19:26.012431+00:00,31.02217979170382
2025-08-15 09:19:27.813727+00:00,31.01187851058785
2025-08-15 09:19:28.243694+00:00,31.01187851058785
2025-08-15 09:19:28.805225+00:00,31.00672787046642
2025-08-15 09:19:31.307159+00:00,31.027330432698363
2025-08-15 09:19:31.779004+00:00,31.00672787046642
2025-08-15 09:19:32.447384+00:00,31.01187851058785
2025-08-15 09:19:32.786689+00:00,31.01187851058785
2025-08-15 09:19:37.885693+00:00,31.00672787046642
2025-08-15 09:19:39.180377+00:00,31.00157723063603
2025-08-15 09:19:39.440574+00:00,30.99642659109668
2025-08-15 09:19:39.714818+00:00,31.01187851058785
2025-08-15 09:19:40.016416+00:00,31.017029151000315
2025-08-15 09:19:40.456103+00:00,31.00672787046642
2025-08-15 09:19:44.171062+00:00,31.00157723063603
2025-08-15 09:19:45.806868+00:00,31.00672787046642
2025-08-15 09:19:46.264948+00:00,31.00157723063603
2025-08-15 09:19:46.914892+00:00,31.00157723063603
2025-08-15 09:19:47.470210+00:00,31.00157723063603
2025-08-15 09:19:47.929406+00:00,31.00157723063603
2025-08-15 09:19:49.831226+00:00,31.01187851058785
2025-08-15 09:19:50.954879+00:00,31.01187851058785
2025-08-15 09:19:52.071098+00:00,31.00672787046642
2025-08-15 09:19:52.308191+00:00,31.00672787046642
2025-08-15 09:19:53.321984+00:00,31.01187851058785
2025-08-15 09:19:55.090452+00:00,31.00672787046642
2025-08-15 09:19:55.497817+00:00,31.00157723063603
2025-08-15 09:19:56.276368+00:00,31.01187851058785
2025-08-15 09:19:56.529125+00:00,31.00672787046642
2025-08-15 09:19:57.012168+00:00,31.00157723063603
2025-08-15 09:19:57.896077+00:00,31.00672787046642
2025-08-15 09:19:58.384130+00:00,31.01187851058785
2025-08-15 09:19:59.125682+00:00,31.01187851058785
2025-08-15 09:20:04.831995+00:00,31.032481073983945
2025-08-15 09:20:05.763631+00:00,31.04793299958692
2025-08-15 09:20:07.228766+00:00,31.04793299958692
2025-08-15 09:20:07.823796+00:00,31.04793299958692
2025-08-15 09:20:08.281316+00:00,31.058234284777427
2025-08-15 09:20:13.020594+00:00,31.053083642036654
2025-08-15 09:20:20.200873+00:00,31.08913814733387
2025-08-15 09:20:21.305194+00:00,31.08913814733387
2025-08-15 09:20:21.715469+00:00,31.09428879211191
2025-08-15 09:20:22.457928+00:00,31.09428879211191
2025-08-15 09:20:24.248852+00:00,31.08913814733387
2025-08-15 09:20:24.633056+00:00,31.08913814733387
2025-08-15 09:20:25.067112+00:00,31.083987502846867
2025-08-15 09:20:28.107333+00:00,31.083987502846867
2025-08-15 09:20:28.909495+00:00,31.073686214745976
2025-08-15 09:20:29.866576+00:00,31.083987502846867
2025-08-15 09:20:34.056092+00:00,31.073686214745976
2025-08-15 09:20:37.373018+00:00,31.078836858650902
2025-08-15 09:20:37.956401+00:00,31.06338492780924
2025-08-15 09:20:49.663525+00:00,31.06338492780924
2025-08-15 09:20:51.377755+00:00,31.053083642036654
2025-08-15 09:20:53.107681+00:00,31.042782357428223
2025-08-15 09:20:54.712188+00:00,31.042782357428223
2025-08-15 09:20:56.089842+00:00,31.053083642036654
2025-08-15 09:20:59.137767+00:00,31.04793299958692
2025-08-15 09:20:59.863590+00:00,31.04793299958692
2025-08-15 09:21:00.843448+00:00,31.053083642036654
2025-08-15 09:21:05.012739+00:00,31.04793299958692
2025-08-15 09:21:06.863661+00:00,31.04793299958692
2025-08-15 09:21:11.839869+00:00,31.042782357428223
2025-08-15 09:21:12.515486+00:00,31.042782357428223
2025-08-15 09:21:13.326683+00:00,31.037631715560565
2025-08-15 09:21:14.261096+00:00,31.042782357428223
2025-08-15 09:21:16.362878+00:00,31.037631715560565
2025-08-15 09:21:18.199877+00:00,31.058234284777427
2025-08-15 09:21:19.299230+00:00,31.068535571132088
2025-08-15 09:21:21.523525+00:00,31.06338492780924
2025-08-15 09:21:22.226786+00:00,31.06338492780924
2025-08-15 09:21:23.094439+00:00,31.073686214745976
2025-08-15 09:21:23.470685+00:00,31.083987502846867
2025-08-15 09:21:26.290444+00:00,31.083987502846867
2025-08-15 09:21:27.366699+00:00,31.083987502846867
2025-08-15 09:21:27.645316+00:00,31.08913814733387
2025-08-15 09:21:29.344652+00:00,31.08913814733387
2025-08-15 09:21:29.580763+00:00,31.078836858650902
2025-08-15 09:21:30.071592+00:00,31.068535571132088
2025-08-15 09:21:30.547138+00:00,31.09428879211191
2025-08-15 09:21:31.323942+00:00,31.08913814733387
2025-08-15 09:21:31.794654+00:00,31.083987502846867
2025-08-15 09:21:35.653707+00:00,31.083987502846867
2025-08-15 09:21:37.008174+00:00,31.083987502846867
2025-08-15 09:21:37.611698+00:00,31.078836858650902
2025-08-15 09:21:38.647071+00:00,31.078836858650902
2025-08-15 09:21:41.511733+00:00,31.08913814733387
2025-08-15 09:21:41.930852+00:00,31.08913814733387
2025-08-15 09:21:43.904299+00:00,31.073686214745976
2025-08-15 09:21:44.136312+00:00,31.073686214745976
2025-08-15 09:21:44.496845+00:00,31.083987502846867
2025-08-15 09:21:46.152085+00:00,31.08913814733387
2025-08-15 09:21:46.859206+00:00,31.078836858650902
2025-08-15 09:21:47.436925+00:00,31.078836858650902
2025-08-15 09:21:48.105473+00:00,31.073686214745976
2025-08-15 09:21:52.004790+00:00,31.073686214745976
2025-08-15 09:21:52.494904+00:00,31.073686214745976
2025-08-15 09:21:52.944925+00:00,31.068535571132088
2025-08-15 09:21:55.569386+00:00,31.058234284777427
2025-08-15 09:21:56.327430+00:00,31.078836858650902
2025-08-15 09:21:56.638677+00:00,31.073686214745976
2025-08-15 09:21:57.785011+00:00,31.058234284777427
2025-08-15 09:22:01.009715+00:00,31.073686214745976
2025-08-15 09:22:01.755768+00:00,31.06338492780924
2025-08-15 09:22:02.896975+00:00,31.06338492780924
2025-08-15 09:22:03.909546+00:00,31.06338492780924
2025-08-15 09:22:04.277752+00:00,31.06338492780924
2025-08-15 09:22:04.797336+00:00,31.068535571132088
2025-08-15 09:22:07.588188+00:00,31.06338492780924
2025-08-15 09:22:10.159264+00:00,31.058234284777427
2025-08-15 09:22:13.595463+00:00,31.058234284777427
2025-08-15 09:22:15.579048+00:00,31.06338492780924
2025-08-15 09:22:17.598347+00:00,31.06338492780924
2025-08-15 09:22:19.148223+00:00,31.053083642036654
2025-08-15 09:22:19.825204+00:00,31.058234284777427
2025-08-15 09:22:20.216628+00:00,31.04793299958692
2025-08-15 09:22:20.646945+00:00,31.053083642036654
2025-08-15 09:22:21.369370+00:00,31.04793299958692
2025-08-15 09:22:22.446166+00:00,31.042782357428223
2025-08-15 09:22:25.029182+00:00,31.04793299958692
2025-08-15 09:22:26.675337+00:00,31.027330432698363
2025-08-15 09:22:27.210079+00:00,31.032481073983945
2025-08-15 09:22:27.627119+00:00,31.037631715560565
2025-08-15 09:22:29.030112+00:00,31.032481073983945
2025-08-15 09:22:31.445594+00:00,31.027330432698363
2025-08-15 09:22:35.096572+00:00,31.017029151000315
2025-08-15 09:22:36.368249+00:00,31.02217979170382
2025-08-15 09:22:36.959314+00:00,31.017029151000315
2025-08-15 09:22:37.376781+00:00,31.017029151000315
2025-08-15 09:22:38.180576+00:00,31.02217979170382
2025-08-15 09:22:38.360351+00:00,31.02217979170382
2025-08-15 09:22:38.613075+00:00,31.02217979170382
2025-08-15 09:22:38.839786+00:00,31.027330432698363
2025-08-15 09:22:39.203128+00:00,31.02217979170382
2025-08-15 09:22:40.276324+00:00,31.02217979170382
2025-08-15 09:22:40.568981+00:00,31.017029151000315
2025-08-15 09:22:43.568173+00:00,31.02217979170382
2025-08-15 09:22:45.695079+00:00,31.04793299958692
2025-08-15 09:22:47.160922+00:00,31.042782357428223
2025-08-15 09:22:50.836342+00:00,31.053083642036654
2025-08-15 09:22:53.730768+00:00,31.06338492780924
2025-08-15 09:22:56.203883+00:00,31.06338492780924
2025-08-15 09:22:57.771801+00:00,31.068535571132088
2025-08-15 09:22:58.699177+00:00,31.06338492780924
2025-08-15 09:23:01.051402+00:00,31.06338492780924
2025-08-15 09:23:02.112839+00:00,31.06338492780924
2025-08-15 09:23:03.496199+00:00,31.06338492780924
2025-08-15 09:23:08.554651+00:00,31.073686214745976
2025-08-15 09:23:12.210927+00:00,31.073686214745976
2025-08-15 09:23:12.669312+00:00,31.073686214745976
2025-08-15 09:23:14.099184+00:00,31.073686214745976
2025-08-15 09:23:15.394385+00:00,31.083987502846867
2025-08-15 09:23:17.518803+00:00,31.083987502846867
2025-08-15 09:23:18.044429+00:00,31.073686214745976
2025-08-15 09:23:18.602151+00:00,31.073686214745976
2025-08-15 09:23:20.317394+00:00,31.073686214745976
2025-08-15 09:23:20.826091+00:00,31.073686214745976
2025-08-15 09:23:22.036160+00:00,31.08913814733387
2025-08-15 09:23:26.256344+00:00,31.08913814733387
2025-08-15 09:23:28.101924+00:00,31.104590082541108
2025-08-15 09:23:28.765227+00:00,31.09428879211191
2025-08-15 09:23:29.380031+00:00,31.09428879211191
2025-08-15 09:23:29.872019+00:00,31.09428879211191
2025-08-15 09:23:30.418578+00:00,31.109740728192264
2025-08-15 09:23:30.809085+00:00,31.104590082541108
2025-08-15 09:23:31.418974+00:00,31.09943943718099
2025-08-15 09:23:32.243109+00:00,31.09428879211191
2025-08-15 09:23:33.492906+00:00,31.08913814733387
2025-08-15 09:23:34.751692+00:00,31.109740728192264
2025-08-15 09:23:37.734779+00:00,31.109740728192264
2025-08-15 09:23:41.132948+00:00,31.109740728192264
2025-08-15 09:23:41.458325+00:00,31.11489137413446
2025-08-15 09:23:43.251573+00:00,31.11489137413446
2025-08-15 09:23:46.537916+00:00,31.12004202036769
2025-08-15 09:23:46.972322+00:00,31.11489137413446
2025-08-15 09:23:50.553107+00:00,31.12004202036769
2025-08-15 09:23:50.919525+00:00,31.125192666891962
2025-08-15 09:23:55.592205+00:00,31.125192666891962
2025-08-15 09:23:56.433544+00:00,31.12004202036769
2025-08-15 09:23:56.741865+00:00,31.12004202036769
2025-08-15 09:23:57.110470+00:00,31.125192666891962
2025-08-15 09:23:57.385488+00:00,31.125192666891962
2025-08-15 09:23:57.760975+00:00,31.125192666891962
2025-08-15 09:23:58.087787+00:00,31.125192666891962
2025-08-15 09:23:58.335733+00:00,31.13034331370727
2025-08-15 09:23:58.584963+00:00,31.125192666891962
2025-08-15 09:24:02.973231+00:00,31.125192666891962
2025-08-15 09:24:05.236547+00:00,31.11489137413446
2025-08-15 09:24:06.356007+00:00,31.11489137413446
2025-08-15 09:24:13.410128+00:00,31.109740728192264
2025-08-15 09:24:13.670555+00:00,31.125192666891962
2025-08-15 09:24:13.892030+00:00,31.125192666891962
2025-08-15 09:24:14.064466+00:00,31.12004202036769
2025-08-15 09:24:14.376499+00:00,31.125192666891962
2025-08-15 09:24:15.150407+00:00,31.125192666891962
2025-08-15 09:24:17.929110+00:00,31.11489137413446
2025-08-15 09:24:21.477179+00:00,31.12004202036769
2025-08-15 09:24:21.744010+00:00,31.11489137413446
2025-08-15 09:24:22.135499+00:00,31.12004202036769
2025-08-15 09:24:22.326321+00:00,31.109740728192264
2025-08-15 09:24:22.738579+00:00,31.12004202036769
2025-08-15 09:24:23.103384+00:00,31.11489137413446
2025-08-15 09:24:24.784131+00:00,31.104590082541108
2025-08-15 09:24:28.066525+00:00,31.13549396081362
2025-08-15 09:24:28.608401+00:00,31.125192666891962
2025-08-15 09:24:29.017244+00:00,31.13549396081362
2025-08-15 09:24:29.300050+00:00,31.13549396081362
2025-08-15 09:24:29.689427+00:00,31.13549396081362
2025-08-15 09:24:29.954072+00:00,31.13034331370727
2025-08-15 09:24:30.250488+00:00,31.13034331370727
2025-08-15 09:24:30.599050+00:00,31.125192666891962
2025-08-15 09:24:32.568019+00:00,31.125192666891962
2025-08-15 09:24:38.326555+00:00,31.150945903878892
2025-08-15 09:24:39.444760+00:00,31.14579525589943
2025-08-15 09:24:41.660195+00:00,31.156096552149393
2025-08-15 09:24:42.326002+00:00,31.14579525589943
2025-08-15 09:24:42.848134+00:00,31.150945903878892
2025-08-15 09:24:43.347921+00:00,31.150945903878892
2025-08-15 09:24:43.699744+00:00,31.156096552149393
2025-08-15 09:24:43.982431+00:00,31.161247200710932
2025-08-15 09:24:44.225028+00:00,31.150945903878892
2025-08-15 09:24:44.501506+00:00,31.156096552149393
2025-08-15 09:24:44.968849+00:00,31.156096552149393
2025-08-15 09:24:45.883015+00:00,31.150945903878892
2025-08-15 09:24:50.647904+00:00,31.150945903878892
2025-08-15 09:24:52.355310+00:00,31.13549396081362
2025-08-15 09:24:52.748900+00:00,31.14579525589943
2025-08-15 09:24:55.661128+00:00,31.140644608211005
2025-08-15 09:24:59.361066+00:00,31.156096552149393
2025-08-15 09:24:59.590885+00:00,31.14579525589943
2025-08-15 09:24:59.899622+00:00,31.156096552149393
2025-08-15 09:25:00.130315+00:00,31.14579525589943
2025-08-15 09:25:00.482485+00:00,31.14579525589943
2025-08-15 09:25:01.603693+00:00,31.14579525589943
2025-08-15 09:25:06.650110+00:00,31.13549396081362
2025-08-15 09:25:07.690676+00:00,31.13549396081362
2025-08-15 09:25:10.550370+00:00,31.12004202036769
2025-08-15 09:25:11.381935+00:00,31.109740728192264
2025-08-15 09:25:13.018213+00:00,31.109740728192264
2025-08-15 09:25:15.067828+00:00,31.11489137413446
2025-08-15 09:25:15.685408+00:00,31.09428879211191
2025-08-15 09:25:22.226135+00:00,31.058234284777427
2025-08-15 09:25:23.049416+00:00,31.053083642036654
2025-08-15 09:25:23.416334+00:00,31.04793299958692
2025-08-15 09:25:23.732114+00:00,31.037631715560565
2025-08-15 09:25:24.148706+00:00,31.032481073983945
2025-08-15 09:25:24.641656+00:00,31.027330432698363
2025-08-15 09:25:24.982216+00:00,31.042782357428223
2025-08-15 09:25:26.250421+00:00,31.017029151000315
2025-08-15 09:25:28.724457+00:00,30.991275951848365
2025-08-15 09:25:29.107979+00:00,30.980974674224854
2025-08-15 09:25:31.089969+00:00,30.980974674224854
2025-08-15 09:25:32.412485+00:00,30.975824035849655
2025-08-15 09:25:32.953755+00:00,30.970673397765495
2025-08-15 09:25:34.587230+00:00,30.955221485259244
2025-08-15 09:25:40.126153+00:00,30.965522759972373
2025-08-15 09:25:42.996183+00:00,30.955221485259244
2025-08-15 09:25:44.166715+00:00,30.96037212247029
2025-08-15 09:25:48.000267+00:00,30.965522759972373
2025-08-15 09:25:49.673762+00:00,30.96037212247029
2025-08-15 09:25:50.007185+00:00,30.955221485259244
2025-08-15 09:25:50.649380+00:00,30.93976957537234
2025-08-15 09:25:50.891349+00:00,30.93976957537234
2025-08-15 09:25:52.624771+00:00,30.950070848339237
2025-08-15 09:25:54.877773+00:00,30.929468303569593
2025-08-15 09:25:55.205093+00:00,30.934618939325446
2025-08-15 09:25:56.853328+00:00,30.929468303569593
2025-08-15 09:26:00.949332+00:00,30.919167032931
2025-08-15 09:26:04.174835+00:00,30.91401639804826
2025-08-15 09:26:06.992241+00:00,30.898564495146275
2025-08-15 09:26:07.376289+00:00,30.9037151291559
2025-08-15 09:26:07.893724+00:00,30.91401639804826
2025-08-15 09:26:08.753589+00:00,30.919167032931
2025-08-15 09:26:12.867235+00:00,30.94492021171027
2025-08-15 09:26:13.197525+00:00,30.93976957537234
2025-08-15 09:26:16.050042+00:00,30.950070848339237
2025-08-15 09:26:16.399097+00:00,30.93976957537234
2025-08-15 09:26:16.998561+00:00,30.96037212247029
2025-08-15 09:26:20.886083+00:00,30.970673397765495
2025-08-15 09:26:21.162257+00:00,30.96037212247029
2025-08-15 09:26:21.395087+00:00,30.96037212247029
2025-08-15 09:26:21.615756+00:00,30.96037212247029
2025-08-15 09:26:23.961892+00:00,30.96037212247029
2025-08-15 09:26:26.233996+00:00,30.975824035849655
2025-08-15 09:26:26.911037+00:00,30.970673397765495
2025-08-15 09:26:27.139846+00:00,30.980974674224854
2025-08-15 09:26:27.408234+00:00,30.975824035849655
2025-08-15 09:26:29.699695+00:00,30.980974674224854
2025-08-15 09:26:30.227476+00:00,30.991275951848365
2025-08-15 09:26:32.765102+00:00,30.980974674224854
2025-08-15 09:26:33.803276+00:00,30.98612531289109
2025-08-15 09:26:34.697863+00:00,30.991275951848365
2025-08-15 09:26:34.924307+00:00,31.00157723063603
2025-08-15 09:26:35.197101+00:00,30.99642659109668
2025-08-15 09:26:35.700590+00:00,31.00157723063603
2025-08-15 09:26:36.002864+00:00,31.00157723063603
2025-08-15 09:26:37.393045+00:00,31.01187851058785
2025-08-15 09:26:38.340862+00:00,31.00157723063603
2025-08-15 09:26:40.098947+00:00,31.00157723063603
2025-08-15 09:26:41.375324+00:00,31.00157723063603
2025-08-15 09:26:41.741581+00:00,31.00672787046642
2025-08-15 09:26:41.966106+00:00,31.01187851058785
2025-08-15 09:26:44.715405+00:00,31.01187851058785
2025-08-15 09:26:48.721184+00:00,31.017029151000315
2025-08-15 09:26:49.060813+00:00,31.01187851058785
2025-08-15 09:26:49.320304+00:00,31.017029151000315
2025-08-15 09:26:52.597258+00:00,31.00672787046642
2025-08-15 09:26:54.250944+00:00,31.00157723063603
2025-08-15 09:26:54.727221+00:00,31.00157723063603
2025-08-15 09:26:55.740057+00:00,30.99642659109668
2025-08-15 09:26:56.148277+00:00,30.99642659109668
2025-08-15 09:26:57.863877+00:00,31.00672787046642
2025-08-15 09:26:58.784530+00:00,30.991275951848365
2025-08-15 09:27:03.441420+00:00,31.02217979170382
2025-08-15 09:27:06.855568+00:00,31.01187851058785
2025-08-15 09:27:09.788900+00:00,30.99642659109668
2025-08-15 09:27:11.187908+00:00,30.99642659109668
2025-08-15 09:27:14.817751+00:00,30.99642659109668
2025-08-15 09:27:18.439227+00:00,31.02217979170382
2025-08-15 09:27:19.077635+00:00,31.017029151000315
2025-08-15 09:27:20.114027+00:00,31.01187851058785
2025-08-15 09:27:20.697469+00:00,31.00672787046642
2025-08-15 09:27:21.010009+00:00,31.00672787046642
2025-08-15 09:27:22.085512+00:00,31.01187851058785
2025-08-15 09:27:22.388700+00:00,31.02217979170382
2025-08-15 09:27:25.115178+00:00,31.00672787046642
2025-08-15 09:27:26.006335+00:00,31.01187851058785
2025-08-15 09:27:26.590883+00:00,31.00157723063603
2025-08-15 09:27:28.881901+00:00,31.01187851058785
2025-08-15 09:27:30.855846+00:00,31.017029151000315
2025-08-15 09:27:31.513225+00:00,31.02217979170382
2025-08-15 09:27:32.355371+00:00,31.017029151000315
2025-08-15 09:27:34.822256+00:00,31.02217979170382
2025-08-15 09:27:35.742679+00:00,31.017029151000315
2025-08-15 09:27:36.068547+00:00,31.01187851058785
2025-08-15 09:27:37.831082+00:00,31.02217979170382
2025-08-15 09:27:40.087984+00:00,31.01187851058785
2025-08-15 09:27:41.199780+00:00,31.02217979170382
2025-08-15 09:27:42.842986+00:00,31.02217979170382
2025-08-15 09:27:43.306344+00:00,31.01187851058785
2025-08-15 09:27:44.022019+00:00,31.02217979170382
2025-08-15 09:27:45.313117+00:00,31.02217979170382
2025-08-15 09:27:48.963834+00:00,31.02217979170382
2025-08-15 09:27:49.903072+00:00,31.02217979170382
2025-08-15 09:27:51.490736+00:00,31.017029151000315
2025-08-15 09:27:54.715333+00:00,31.017029151000315
2025-08-15 09:27:55.025973+00:00,31.042782357428223
2025-08-15 09:27:55.250796+00:00,31.042782357428223
2025-08-15 09:27:56.085206+00:00,31.042782357428223
2025-08-15 09:27:56.228443+00:00,31.02217979170382
2025-08-15 09:27:56.663007+00:00,31.042782357428223
2025-08-15 09:27:57.288664+00:00,31.032481073983945
2025-08-15 09:27:58.252252+00:00,31.037631715560565
2025-08-15 09:28:10.171481+00:00,31.032481073983945
2025-08-15 09:28:11.965797+00:00,31.06338492780924
2025-08-15 09:28:12.803761+00:00,31.06338492780924
2025-08-15 09:28:13.845722+00:00,31.068535571132088
2025-08-15 09:28:14.888985+00:00,31.078836858650902
2025-08-15 09:28:17.964485+00:00,31.073686214745976
2025-08-15 09:28:18.558707+00:00,31.073686214745976
2025-08-15 09:28:19.093029+00:00,31.068535571132088
2025-08-15 09:28:19.776809+00:00,31.073686214745976
2025-08-15 09:28:20.200773+00:00,31.058234284777427
2025-08-15 09:28:21.030826+00:00,31.073686214745976
2025-08-15 09:28:21.373380+00:00,31.073686214745976
2025-08-15 09:28:22.539832+00:00,31.073686214745976
2025-08-15 09:28:24.072333+00:00,31.068535571132088
2025-08-15 09:28:25.024753+00:00,31.058234284777427
2025-08-15 09:28:25.454458+00:00,31.06338492780924
2025-08-15 09:28:28.576626+00:00,31.073686214745976
2025-08-15 09:28:33.339584+00:00,31.078836858650902
2025-08-15 09:28:33.621911+00:00,31.08913814733387
2025-08-15 09:28:34.705159+00:00,31.08913814733387
2025-08-15 09:28:35.447264+00:00,31.09428879211191
2025-08-15 09:28:36.857558+00:00,31.078836858650902
2025-08-15 09:28:37.090323+00:00,31.083987502846867
2025-08-15 09:28:37.367873+00:00,31.08913814733387
2025-08-15 09:28:37.650023+00:00,31.08913814733387
2025-08-15 09:28:38.778396+00:00,31.08913814733387
2025-08-15 09:28:42.832844+00:00,31.08913814733387
2025-08-15 09:28:44.920099+00:00,31.083987502846867
2025-08-15 09:28:45.437826+00:00,31.09428879211191
2025-08-15 09:28:47.028513+00:00,31.09943943718099
2025-08-15 09:28:47.329889+00:00,31.09943943718099
2025-08-15 09:28:49.038890+00:00,31.11489137413446
2025-08-15 09:28:50.526529+00:00,31.11489137413446
2025-08-15 09:28:50.793918+00:00,31.12004202036769
2025-08-15 09:28:51.128727+00:00,31.109740728192264
2025-08-15 09:28:52.328700+00:00,31.104590082541108
2025-08-15 09:28:53.108996+00:00,31.125192666891962
2025-08-15 09:28:53.500163+00:00,31.12004202036769
2025-08-15 09:28:56.273912+00:00,31.12004202036769
2025-08-15 09:28:57.303065+00:00,31.11489137413446
2025-08-15 09:28:58.796744+00:00,31.109740728192264
2025-08-15 09:28:59.903943+00:00,31.12004202036769
2025-08-15 09:29:04.375328+00:00,31.11489137413446
2025-08-15 09:29:08.666945+00:00,31.11489137413446
2025-08-15 09:29:09.859721+00:00,31.109740728192264
2025-08-15 09:29:11.427287+00:00,31.13549396081362
2025-08-15 09:29:14.147903+00:00,31.13549396081362
2025-08-15 09:29:14.382560+00:00,31.13034331370727
2025-08-15 09:29:14.698308+00:00,31.13549396081362
2025-08-15 09:29:14.946766+00:00,31.14579525589943
2025-08-15 09:29:17.171889+00:00,31.140644608211005
2025-08-15 09:29:18.577550+00:00,31.140644608211005
2025-08-15 09:29:19.129367+00:00,31.13549396081362
2025-08-15 09:29:21.067308+00:00,31.14579525589943
2025-08-15 09:29:21.627036+00:00,31.16639784956351
2025-08-15 09:29:23.481985+00:00,31.150945903878892
2025-08-15 09:29:23.940876+00:00,31.14579525589943
2025-08-15 09:29:24.634951+00:00,31.14579525589943
2025-08-15 09:29:24.995656+00:00,31.156096552149393
2025-08-15 09:29:29.099097+00:00,31.16639784956351
2025-08-15 09:29:30.352415+00:00,31.171548498707125
2025-08-15 09:29:34.999034+00:00,31.16639784956351
2025-08-15 09:29:35.378740+00:00,31.171548498707125
2025-08-15 09:29:36.704377+00:00,31.187000447884202
2025-08-15 09:29:37.111379+00:00,31.197301748790778
2025-08-15 09:29:37.729079+00:00,31.187000447884202
2025-08-15 09:29:38.348337+00:00,31.18184979786747
2025-08-15 09:29:40.137199+00:00,31.18184979786747
2025-08-15 09:29:40.469798+00:00,31.187000447884202
2025-08-15 09:29:41.348796+00:00,31.16639784956351
2025-08-15 09:29:41.548458+00:00,31.17669914814178
2025-08-15 09:29:42.878405+00:00,31.18184979786747
2025-08-15 09:29:44.587096+00:00,31.18184979786747
2025-08-15 09:29:48.071134+00:00,31.16639784956351
2025-08-15 09:29:49.430342+00:00,31.17669914814178
2025-08-15 09:29:50.402384+00:00,31.187000447884202
2025-08-15 09:29:52.538423+00:00,31.171548498707125
2025-08-15 09:29:55.555899+00:00,31.187000447884202
2025-08-15 09:29:56.437165+00:00,31.187000447884202
2025-08-15 09:29:58.203439+00:00,31.171548498707125
2025-08-15 09:30:00.800704+00:00,31.202452399680624
2025-08-15 09:30:03.203298+00:00,31.197301748790778
2025-08-15 09:30:03.592461+00:00,31.18184979786747
2025-08-15 09:30:04.335935+00:00,31.187000447884202
2025-08-15 09:30:06.016041+00:00,31.187000447884202
2025-08-15 09:30:06.606450+00:00,31.18184979786747
2025-08-15 09:30:12.927237+00:00,31.21275370233343
2025-08-15 09:30:14.560514+00:00,31.202452399680624
2025-08-15 09:30:15.886653+00:00,31.21275370233343
2025-08-15 09:30:18.061854+00:00,31.202452399680624
2025-08-15 09:30:21.585706+00:00,31.21275370233343
2025-08-15 09:30:25.134742+00:00,31.22305500615039
2025-08-15 09:30:26.717350+00:00,31.21790435409639
2025-08-15 09:30:27.137027+00:00,31.22305500615039
2025-08-15 09:30:27.535122+00:00,31.21790435409639
2025-08-15 09:30:27.994097+00:00,31.207603050861508
2025-08-15 09:30:28.527950+00:00,31.21275370233343
2025-08-15 09:30:29.668598+00:00,31.228205658495426
2025-08-15 09:30:35.459978+00:00,31.21790435409639
2025-08-15 09:30:38.352466+00:00,31.202452399680624
2025-08-15 09:30:39.733331+00:00,31.197301748790778
2025-08-15 09:30:44.938338+00:00,31.187000447884202
2025-08-15 09:30:48.293519+00:00,31.197301748790778
2025-08-15 09:30:49.992426+00:00,31.187000447884202
2025-08-15 09:30:51.838757+00:00,31.187000447884202
2025-08-15 09:30:52.372731+00:00,31.17669914814178
2025-08-15 09:30:53.376120+00:00,31.18184979786747
2025-08-15 09:30:53.911431+00:00,31.187000447884202
2025-08-15 09:30:55.431856+00:00,31.17669914814178
2025-08-15 09:30:56.492822+00:00,31.17669914814178
2025-08-15 09:30:58.511677+00:00,31.17669914814178
2025-08-15 09:30:58.907030+00:00,31.18184979786747
2025-08-15 09:30:59.565512+00:00,31.17669914814178
2025-08-15 09:30:59.969173+00:00,31.17669914814178
2025-08-15 09:31:02.093383+00:00,31.17669914814178
2025-08-15 09:31:04.658971+00:00,31.17669914814178
2025-08-15 09:31:08.991936+00:00,31.161247200710932
2025-08-15 09:31:18.568458+00:00,31.156096552149393
2025-08-15 09:31:19.327738+00:00,31.14579525589943
2025-08-15 09:31:20.129796+00:00,31.156096552149393
2025-08-15 09:31:28.837285+00:00,31.13034331370727
2025-08-15 09:31:29.496270+00:00,31.13549396081362
2025-08-15 09:31:29.872180+00:00,31.125192666891962
2025-08-15 09:31:37.240213+00:00,31.109740728192264
2025-08-15 09:31:37.516563+00:00,31.09943943718099
2025-08-15 09:31:37.900024+00:00,31.104590082541108
2025-08-15 09:31:39.872124+00:00,31.109740728192264
2025-08-15 09:31:40.254832+00:00,31.104590082541108
2025-08-15 09:31:41.102756+00:00,31.109740728192264
2025-08-15 09:31:41.737579+00:00,31.09943943718099
2025-08-15 09:31:42.761367+00:00,31.09428879211191
2025-08-15 09:31:44.888752+00:00,31.09428879211191
2025-08-15 09:31:46.718928+00:00,31.104590082541108
2025-08-15 09:31:48.913365+00:00,31.09428879211191
2025-08-15 09:31:50.003109+00:00,31.104590082541108
2025-08-15 09:31:51.578138+00:00,31.09428879211191
2025-08-15 09:31:51.869231+00:00,31.08913814733387
2025-08-15 09:31:52.121462+00:00,31.08913814733387
2025-08-15 09:31:52.719593+00:00,31.09428879211191
2025-08-15 09:31:57.769368+00:00,31.083987502846867
2025-08-15 09:31:58.235089+00:00,31.083987502846867
2025-08-15 09:31:58.646179+00:00,31.06338492780924
2025-08-15 09:32:02.290901+00:00,31.06338492780924
2025-08-15 09:32:05.106980+00:00,31.078836858650902
2025-08-15 09:32:05.997416+00:00,31.068535571132088
2025-08-15 09:32:06.800335+00:00,31.068535571132088
2025-08-15 09:32:07.198935+00:00,31.073686214745976
2025-08-15 09:32:07.601224+00:00,31.083987502846867
2025-08-15 09:32:13.440821+00:00,31.08913814733387
2025-08-15 09:32:16.709799+00:00,31.078836858650902
2025-08-15 09:32:18.873229+00:00,31.09943943718099
2025-08-15 09:32:21.576686+00:00,31.09428879211191
2025-08-15 09:32:22.062931+00:00,31.09428879211191
2025-08-15 09:32:22.719764+00:00,31.104590082541108
2025-08-15 09:32:23.669846+00:00,31.09428879211191
2025-08-15 09:32:23.910205+00:00,31.09943943718099
2025-08-15 09:32:24.379273+00:00,31.08913814733387
2025-08-15 09:32:25.141057+00:00,31.104590082541108
2025-08-15 09:32:25.658698+00:00,31.09943943718099
2025-08-15 09:32:26.467702+00:00,31.08913814733387
2025-08-15 09:32:28.602235+00:00,31.09943943718099
2025-08-15 09:32:29.302106+00:00,31.09428879211191
2025-08-15 09:32:30.132690+00:00,31.104590082541108
2025-08-15 09:32:30.471676+00:00,31.104590082541108
2025-08-15 09:32:30.842939+00:00,31.109740728192264
2025-08-15 09:32:34.239955+00:00,31.09943943718099
2025-08-15 09:32:34.632160+00:00,31.08913814733387
2025-08-15 09:32:35.009045+00:00,31.083987502846867
2025-08-15 09:32:35.887101+00:00,31.09428879211191
2025-08-15 09:32:37.881876+00:00,31.104590082541108
2025-08-15 09:32:40.253342+00:00,31.083987502846867
2025-08-15 09:32:40.732418+00:00,31.083987502846867
2025-08-15 09:32:41.112723+00:00,31.08913814733387
2025-08-15 09:32:41.605367+00:00,31.09943943718099
2025-08-15 09:32:42.591183+00:00,31.08913814733387
2025-08-15 09:32:44.908988+00:00,31.08913814733387
2025-08-15 09:32:47.573678+00:00,31.083987502846867
2025-08-15 09:32:48.836581+00:00,31.083987502846867
2025-08-15 09:32:49.659315+00:00,31.083987502846867
2025-08-15 09:32:49.920723+00:00,31.083987502846867
2025-08-15 09:32:51.426545+00:00,31.078836858650902
2025-08-15 09:32:52.418105+00:00,31.078836858650902
2025-08-15 09:32:53.614203+00:00,31.073686214745976
2025-08-15 09:32:54.307570+00:00,31.078836858650902
2025-08-15 09:32:55.612984+00:00,31.083987502846867
2025-08-15 09:32:56.375991+00:00,31.073686214745976
2025-08-15 09:32:58.093425+00:00,31.083987502846867
2025-08-15 09:32:59.164822+00:00,31.073686214745976
2025-08-15 09:33:00.758680+00:00,31.068535571132088
2025-08-15 09:33:01.672986+00:00,31.058234284777427
2025-08-15 09:33:05.828403+00:00,31.078836858650902
2025-08-15 09:33:07.541821+00:00,31.078836858650902
2025-08-15 09:33:17.619140+00:00,31.083987502846867
2025-08-15 09:33:19.291172+00:00,31.083987502846867
2025-08-15 09:33:20.960447+00:00,31.078836858650902
2025-08-15 09:33:21.202451+00:00,31.09428879211191
2025-08-15 09:33:24.326403+00:00,31.078836858650902
2025-08-15 09:33:25.782175+00:00,31.083987502846867
2025-08-15 09:33:28.221716+00:00,31.073686214745976
2025-08-15 09:33:29.724080+00:00,31.073686214745976
2025-08-15 09:33:32.451321+00:00,31.073686214745976
2025-08-15 09:33:34.496047+00:00,31.068535571132088
2025-08-15 09:33:34.907918+00:00,31.073686214745976
2025-08-15 09:33:36.207367+00:00,31.068535571132088
2025-08-15 09:33:36.524636+00:00,31.068535571132088
2025-08-15 09:33:36.801444+00:00,31.078836858650902
2025-08-15 09:33:37.092733+00:00,31.073686214745976
2025-08-15 09:33:40.794085+00:00,31.068535571132088
2025-08-15 09:33:41.890276+00:00,31.068535571132088
2025-08-15 09:33:42.675565+00:00,31.073686214745976
2025-08-15 09:33:43.926653+00:00,31.068535571132088
2025-08-15 09:33:44.600879+00:00,31.073686214745976
2025-08-15 09:33:45.618065+00:00,31.06338492780924
2025-08-15 09:33:47.635818+00:00,31.073686214745976
2025-08-15 09:33:48.463628+00:00,31.083987502846867
2025-08-15 09:33:48.925698+00:00,31.083987502846867
2025-08-15 09:33:49.566137+00:00,31.073686214745976
2025-08-15 09:33:49.780744+00:00,31.083987502846867
2025-08-15 09:33:50.014527+00:00,31.083987502846867
2025-08-15 09:33:50.165523+00:00,31.083987502846867
2025-08-15 09:33:52.422910+00:00,31.073686214745976
2025-08-15 09:33:53.952587+00:00,31.058234284777427
2025-08-15 09:33:54.988805+00:00,31.06338492780924
2025-08-15 09:33:55.957452+00:00,31.053083642036654
2025-08-15 09:33:56.862428+00:00,31.04793299958692
2025-08-15 09:33:59.359640+00:00,31.068535571132088
2025-08-15 09:34:01.823921+00:00,31.068535571132088
2025-08-15 09:34:02.191753+00:00,31.053083642036654
2025-08-15 09:34:02.539213+00:00,31.06338492780924
2025-08-15 09:34:03.005307+00:00,31.058234284777427
2025-08-15 09:34:03.396097+00:00,31.06338492780924
2025-08-15 09:34:03.821529+00:00,31.06338492780924
2025-08-15 09:34:04.216481+00:00,31.06338492780924
2025-08-15 09:34:04.566461+00:00,31.058234284777427
2025-08-15 09:34:04.913150+00:00,31.058234284777427
2025-08-15 09:34:08.695686+00:00,31.058234284777427
2025-08-15 09:34:09.004203+00:00,31.06338492780924
2025-08-15 09:34:10.128560+00:00,31.058234284777427
2025-08-15 09:34:12.144574+00:00,31.06338492780924
2025-08-15 09:34:15.074342+00:00,31.073686214745976
2025-08-15 09:34:16.285707+00:00,31.073686214745976
2025-08-15 09:34:17.021531+00:00,31.068535571132088
2025-08-15 09:34:24.040147+00:00,31.06338492780924
2025-08-15 09:34:24.283908+00:00,31.068535571132088
2025-08-15 09:34:24.651237+00:00,31.058234284777427
2025-08-15 09:34:24.965611+00:00,31.04793299958692
2025-08-15 09:34:25.329148+00:00,31.042782357428223
2025-08-15 09:34:26.807741+00:00,31.027330432698363
2025-08-15 09:34:27.550884+00:00,30.991275951848365
2025-08-15 09:34:28.678879+00:00,30.98612531289109
2025-08-15 09:34:31.550541+00:00,30.970673397765495
2025-08-15 09:34:32.403463+00:00,30.955221485259244
2025-08-15 09:34:32.891403+00:00,30.96037212247029
2025-08-15 09:34:33.726586+00:00,30.955221485259244
2025-08-15 09:34:34.400086+00:00,30.950070848339237
2025-08-15 09:34:35.698891+00:00,30.955221485259244
2025-08-15 09:34:35.999432+00:00,30.96037212247029
2025-08-15 09:34:37.225506+00:00,30.94492021171027
2025-08-15 09:34:37.790120+00:00,30.950070848339237
2025-08-15 09:34:38.319436+00:00,30.94492021171027
2025-08-15 09:34:38.922022+00:00,30.950070848339237
2025-08-15 09:34:39.156877+00:00,30.93976957537234
2025-08-15 09:34:39.466324+00:00,30.94492021171027
2025-08-15 09:34:40.356902+00:00,30.950070848339237
2025-08-15 09:34:44.699122+00:00,30.94492021171027
2025-08-15 09:34:45.332477+00:00,30.950070848339237
2025-08-15 09:34:45.756025+00:00,30.955221485259244
2025-08-15 09:34:49.625027+00:00,30.96037212247029
2025-08-15 09:34:50.426190+00:00,30.950070848339237
2025-08-15 09:34:52.174458+00:00,30.950070848339237
2025-08-15 09:34:52.858257+00:00,30.950070848339237
2025-08-15 09:34:53.575351+00:00,30.950070848339237
2025-08-15 09:34:54.323313+00:00,30.955221485259244
2025-08-15 09:34:56.033223+00:00,30.950070848339237
2025-08-15 09:34:56.275126+00:00,30.950070848339237
2025-08-15 09:34:56.501769+00:00,30.955221485259244
2025-08-15 09:34:58.174259+00:00,30.965522759972373
2025-08-15 09:34:58.458131+00:00,30.96037212247029
2025-08-15 09:34:59.389815+00:00,30.955221485259244
2025-08-15 09:35:01.606369+00:00,30.955221485259244
2025-08-15 09:35:03.028702+00:00,30.975824035849655
2025-08-15 09:35:05.477934+00:00,30.991275951848365
2025-08-15 09:35:06.634715+00:00,31.00157723063603
2025-08-15 09:35:07.002619+00:00,31.00157723063603
2025-08-15 09:35:07.693422+00:00,31.00672787046642
2025-08-15 09:35:09.611752+00:00,31.00157723063603
2025-08-15 09:35:12.974547+00:00,31.00672787046642
2025-08-15 09:35:14.314100+00:00,31.017029151000315
2025-08-15 09:35:17.598182+00:00,31.02217979170382
2025-08-15 09:35:18.501834+00:00,31.032481073983945
2025-08-15 09:35:20.011907+00:00,31.037631715560565
2025-08-15 09:35:20.661231+00:00,31.032481073983945
2025-08-15 09:35:23.914509+00:00,31.053083642036654
2025-08-15 09:35:25.538428+00:00,31.04793299958692
2025-08-15 09:35:29.723268+00:00,31.053083642036654
2025-08-15 09:35:30.154054+00:00,31.06338492780924
2025-08-15 09:35:32.836351+00:00,31.078836858650902
2025-08-15 09:35:33.227507+00:00,31.068535571132088
2025-08-15 09:35:33.622570+00:00,31.073686214745976
2025-08-15 09:35:34.060832+00:00,31.073686214745976
2025-08-15 09:35:34.485788+00:00,31.078836858650902
2025-08-15 09:35:34.927069+00:00,31.073686214745976
2025-08-15 09:35:35.463032+00:00,31.078836858650902
2025-08-15 09:35:35.902301+00:00,31.068535571132088
2025-08-15 09:35:36.202489+00:00,31.073686214745976
2025-08-15 09:35:36.726175+00:00,31.078836858650902
2025-08-15 09:35:37.297873+00:00,31.073686214745976
2025-08-15 09:35:39.371253+00:00,31.073686214745976
2025-08-15 09:35:43.295433+00:00,31.083987502846867
2025-08-15 09:35:45.150460+00:00,31.073686214745976
2025-08-15 09:35:45.540500+00:00,31.073686214745976
2025-08-15 09:35:48.601324+00:00,31.078836858650902
2025-08-15 09:35:51.990990+00:00,31.068535571132088
2025-08-15 09:35:53.139889+00:00,31.053083642036654
2025-08-15 09:35:53.423672+00:00,31.053083642036654
2025-08-15 09:35:53.582460+00:00,31.058234284777427
2025-08-15 09:35:55.323888+00:00,31.04793299958692
2025-08-15 09:35:56.489333+00:00,31.04793299958692
2025-08-15 09:35:58.394345+00:00,31.06338492780924
2025-08-15 09:36:01.667478+00:00,31.06338492780924
2025-08-15 09:36:09.100452+00:00,31.04793299958692
2025-08-15 09:36:09.568708+00:00,31.04793299958692
2025-08-15 09:36:09.925381+00:00,31.04793299958692
2025-08-15 09:36:10.384954+00:00,31.058234284777427
2025-08-15 09:36:10.974253+00:00,31.053083642036654
2025-08-15 09:36:14.887996+00:00,31.04793299958692
2025-08-15 09:36:15.183258+00:00,31.058234284777427
2025-08-15 09:36:15.651343+00:00,31.06338492780924
2025-08-15 09:36:16.059526+00:00,31.058234284777427
2025-08-15 09:36:16.795869+00:00,31.04793299958692
2025-08-15 09:36:21.351574+00:00,31.037631715560565
2025-08-15 09:36:24.462199+00:00,31.053083642036654
2025-08-15 09:36:27.919886+00:00,31.042782357428223
2025-08-15 09:36:28.663687+00:00,31.042782357428223
2025-08-15 09:36:30.334386+00:00,31.04793299958692
2025-08-15 09:36:35.200773+00:00,31.027330432698363
2025-08-15 09:36:36.380125+00:00,31.02217979170382
2025-08-15 09:36:39.888941+00:00,31.032481073983945
2025-08-15 09:36:42.090759+00:00,31.032481073983945
2025-08-15 09:36:45.140806+00:00,31.01187851058785
2025-08-15 09:36:48.074190+00:00,31.01187851058785
2025-08-15 09:36:48.670530+00:00,31.02217979170382
2025-08-15 09:36:49.000559+00:00,31.00157723063603
2025-08-15 09:36:50.548078+00:00,31.02217979170382
2025-08-15 09:36:50.980342+00:00,31.01187851058785
2025-08-15 09:36:51.907036+00:00,30.99642659109668
2025-08-15 09:36:53.036041+00:00,30.99642659109668
2025-08-15 09:36:54.630185+00:00,31.00672787046642
2025-08-15 09:36:57.263519+00:00,30.991275951848365
2025-08-15 09:36:57.713460+00:00,30.98612531289109
2025-08-15 09:36:57.947111+00:00,30.98612531289109
2025-08-15 09:37:00.687286+00:00,30.98612531289109
2025-08-15 09:37:02.332696+00:00,30.975824035849655
2025-08-15 09:37:07.158084+00:00,30.96037212247029
2025-08-15 09:37:07.546767+00:00,30.965522759972373
2025-08-15 09:37:08.658200+00:00,30.96037212247029
2025-08-15 09:37:12.488258+00:00,30.965522759972373
2025-08-15 09:37:15.720708+00:00,30.955221485259244
2025-08-15 09:37:18.057157+00:00,30.96037212247029
2025-08-15 09:37:21.788994+00:00,30.965522759972373
2025-08-15 09:37:22.712906+00:00,30.975824035849655
2025-08-15 09:37:23.695848+00:00,30.970673397765495
2025-08-15 09:37:23.904524+00:00,30.980974674224854
2025-08-15 09:37:25.200292+00:00,30.975824035849655
2025-08-15 09:37:26.833928+00:00,30.970673397765495
2025-08-15 09:37:27.283830+00:00,30.970673397765495
2025-08-15 09:37:27.833771+00:00,30.975824035849655
2025-08-15 09:37:30.583386+00:00,30.98612531289109
2025-08-15 09:37:31.286971+00:00,30.980974674224854
2025-08-15 09:37:31.737897+00:00,30.980974674224854
2025-08-15 09:37:32.176287+00:00,30.98612531289109
2025-08-15 09:37:32.639919+00:00,30.975824035849655
2025-08-15 09:37:35.536525+00:00,30.975824035849655
2025-08-15 09:37:37.145965+00:00,30.975824035849655
2025-08-15 09:37:38.470675+00:00,30.980974674224854
2025-08-15 09:37:38.886586+00:00,30.975824035849655
2025-08-15 09:37:39.430936+00:00,30.975824035849655
2025-08-15 09:37:39.672870+00:00,30.975824035849655
2025-08-15 09:37:41.252132+00:00,30.970673397765495
2025-08-15 09:37:42.221395+00:00,30.975824035849655
2025-08-15 09:37:42.999842+00:00,30.975824035849655
2025-08-15 09:37:43.521323+00:00,30.970673397765495
2025-08-15 09:37:47.885064+00:00,30.970673397765495
2025-08-15 09:37:50.387912+00:00,30.970673397765495
2025-08-15 09:37:50.860630+00:00,30.991275951848365
2025-08-15 09:37:54.085877+00:00,30.975824035849655
2025-08-15 09:37:54.650991+00:00,30.975824035849655
2025-08-15 09:37:54.961574+00:00,30.980974674224854
2025-08-15 09:37:55.646600+00:00,30.980974674224854
2025-08-15 09:37:55.922412+00:00,30.98612531289109
2025-08-15 09:37:56.389961+00:00,30.991275951848365
2025-08-15 09:37:57.079265+00:00,30.991275951848365
2025-08-15 09:38:00.449869+00:00,30.980974674224854
2025-08-15 09:38:02.165130+00:00,30.991275951848365
2025-08-15 09:38:07.194407+00:00,30.98612531289109
2025-08-15 09:38:08.397118+00:00,30.98612531289109
2025-08-15 09:38:08.861557+00:00,30.980974674224854
2025-08-15 09:38:12.557982+00:00,30.980974674224854
2025-08-15 09:38:13.969288+00:00,30.970673397765495
2025-08-15 09:38:14.737763+00:00,30.970673397765495
2025-08-15 09:38:16.099431+00:00,30.980974674224854
2025-08-15 09:38:19.438255+00:00,30.970673397765495
2025-08-15 09:38:20.415500+00:00,31.00157723063603
2025-08-15 09:38:22.545899+00:00,31.02217979170382
2025-08-15 09:38:24.982910+00:00,31.032481073983945
2025-08-15 09:38:25.840134+00:00,31.02217979170382
2025-08-15 09:38:33.623600+00:00,31.053083642036654
2025-08-15 09:38:34.234510+00:00,31.06338492780924
2025-08-15 09:38:35.409962+00:00,31.06338492780924
2025-08-15 09:38:36.745418+00:00,31.068535571132088
2025-08-15 09:38:37.006337+00:00,31.06338492780924
2025-08-15 09:38:42.061681+00:00,31.083987502846867
2025-08-15 09:38:46.165432+00:00,31.078836858650902
2025-08-15 09:38:46.581390+00:00,31.073686214745976
2025-08-15 09:38:47.652519+00:00,31.078836858650902
2025-08-15 09:38:48.149890+00:00,31.078836858650902
2025-08-15 09:38:52.227377+00:00,31.073686214745976
2025-08-15 09:38:53.498200+00:00,31.073686214745976
2025-08-15 09:38:54.041216+00:00,31.078836858650902
2025-08-15 09:38:56.462798+00:00,31.073686214745976
2025-08-15 09:39:00.560041+00:00,31.068535571132088
2025-08-15 09:39:02.024085+00:00,31.06338492780924
2025-08-15 09:39:02.719834+00:00,31.073686214745976
2025-08-15 09:39:03.564724+00:00,31.068535571132088
2025-08-15 09:39:05.165059+00:00,31.068535571132088
2025-08-15 09:39:06.119557+00:00,31.078836858650902
2025-08-15 09:39:07.864053+00:00,31.078836858650902
2025-08-15 09:39:10.742821+00:00,31.068535571132088
2025-08-15 09:39:11.157071+00:00,31.068535571132088
2025-08-15 09:39:13.530323+00:00,31.073686214745976
2025-08-15 09:39:15.877363+00:00,31.053083642036654
2025-08-15 09:39:18.672005+00:00,31.053083642036654
2025-08-15 09:39:19.819452+00:00,31.053083642036654
2025-08-15 09:39:19.991549+00:00,31.058234284777427
2025-08-15 09:39:20.502087+00:00,31.053083642036654
2025-08-15 09:39:21.544199+00:00,31.053083642036654
2025-08-15 09:39:22.594831+00:00,31.053083642036654
2025-08-15 09:39:27.346772+00:00,31.04793299958692
2025-08-15 09:39:27.731910+00:00,31.078836858650902
2025-08-15 09:39:28.494551+00:00,31.073686214745976
2025-08-15 09:39:30.611574+00:00,31.08913814733387
2025-08-15 09:39:31.790526+00:00,31.083987502846867
2025-08-15 09:39:36.727143+00:00,31.08913814733387
2025-08-15 09:39:37.684390+00:00,31.08913814733387
2025-08-15 09:39:38.210553+00:00,31.08913814733387
2025-08-15 09:39:39.154258+00:00,31.083987502846867
2025-08-15 09:39:39.497982+00:00,31.09428879211191
2025-08-15 09:39:39.782168+00:00,31.08913814733387
2025-08-15 09:39:40.033507+00:00,31.08913814733387
2025-08-15 09:39:40.451474+00:00,31.08913814733387
2025-08-15 09:39:41.762945+00:00,31.09943943718099
2025-08-15 09:39:42.379859+00:00,31.09428879211191
2025-08-15 09:39:44.419946+00:00,31.09943943718099
2025-08-15 09:39:44.992101+00:00,31.09943943718099
2025-08-15 09:39:45.380403+00:00,31.09428879211191
2025-08-15 09:39:47.220519+00:00,31.09428879211191
2025-08-15 09:39:49.413906+00:00,31.11489137413446
2025-08-15 09:39:49.856730+00:00,31.12004202036769
2025-08-15 09:39:51.218117+00:00,31.109740728192264
2025-08-15 09:39:54.117502+00:00,31.11489137413446
2025-08-15 09:40:02.238197+00:00,31.150945903878892
2025-08-15 09:40:02.748081+00:00,31.13549396081362
2025-08-15 09:40:03.223823+00:00,31.140644608211005
2025-08-15 09:40:05.871439+00:00,31.140644608211005
2025-08-15 09:40:08.059540+00:00,31.13549396081362
2025-08-15 09:40:13.045822+00:00,31.13549396081362
2025-08-15 09:40:23.997459+00:00,31.13034331370727
2025-08-15 09:40:25.123259+00:00,31.125192666891962
2025-08-15 09:40:30.093489+00:00,31.11489137413446
2025-08-15 09:40:30.969199+00:00,31.104590082541108
2025-08-15 09:40:31.368461+00:00,31.11489137413446
2025-08-15 09:40:31.770392+00:00,31.12004202036769
2025-08-15 09:40:36.163852+00:00,31.109740728192264
2025-08-15 09:40:44.182556+00:00,31.12004202036769
2025-08-15 09:40:46.454021+00:00,31.13034331370727
2025-08-15 09:40:46.833087+00:00,31.11489137413446
2025-08-15 09:40:48.410980+00:00,31.12004202036769
2025-08-15 09:40:49.120375+00:00,31.13034331370727
2025-08-15 09:40:49.562568+00:00,31.125192666891962
2025-08-15 09:40:50.917675+00:00,31.12004202036769
2025-08-15 09:40:52.133180+00:00,31.12004202036769
2025-08-15 09:40:52.410782+00:00,31.125192666891962
2025-08-15 09:40:52.717438+00:00,31.12004202036769
2025-08-15 09:40:53.037285+00:00,31.11489137413446
2025-08-15 09:40:53.550658+00:00,31.125192666891962
2025-08-15 09:40:54.990928+00:00,31.12004202036769
2025-08-15 09:40:57.249051+00:00,31.109740728192264
2025-08-15 09:40:58.592117+00:00,31.09943943718099
2025-08-15 09:40:59.125378+00:00,31.09428879211191
2025-08-15 09:40:59.633452+00:00,31.09428879211191
2025-08-15 09:41:00.283255+00:00,31.09943943718099
2025-08-15 09:41:03.611579+00:00,31.08913814733387
2025-08-15 09:41:06.775221+00:00,31.06338492780924
2025-08-15 09:41:08.584547+00:00,31.058234284777427
2025-08-15 09:41:09.076771+00:00,31.068535571132088
2025-08-15 09:41:10.102851+00:00,31.058234284777427
2025-08-15 09:41:15.602666+00:00,31.053083642036654
2025-08-15 09:41:18.022150+00:00,31.053083642036654
2025-08-15 09:41:20.670243+00:00,31.058234284777427
2025-08-15 09:41:24.212589+00:00,31.04793299958692
2025-08-15 09:41:24.499768+00:00,31.058234284777427
2025-08-15 09:41:25.082449+00:00,31.058234284777427
2025-08-15 09:41:25.558219+00:00,31.058234284777427
2025-08-15 09:41:25.759226+00:00,31.06338492780924
2025-08-15 09:41:26.417933+00:00,31.053083642036654
2025-08-15 09:41:28.091010+00:00,31.058234284777427
2025-08-15 09:41:30.813472+00:00,31.042782357428223
2025-08-15 09:41:31.172132+00:00,31.042782357428223
2025-08-15 09:41:31.554062+00:00,31.042782357428223
2025-08-15 09:41:32.266484+00:00,31.042782357428223
2025-08-15 09:41:36.942335+00:00,31.04793299958692
2025-08-15 09:41:38.170254+00:00,31.04793299958692
2025-08-15 09:41:41.669277+00:00,31.042782357428223
2025-08-15 09:41:41.932377+00:00,31.032481073983945
2025-08-15 09:41:42.674655+00:00,31.042782357428223
2025-08-15 09:41:43.356092+00:00,31.04793299958692
2025-08-15 09:41:46.191459+00:00,31.032481073983945
2025-08-15 09:41:47.434055+00:00,31.032481073983945
2025-08-15 09:41:48.880179+00:00,31.037631715560565
2025-08-15 09:41:49.857755+00:00,31.032481073983945
2025-08-15 09:41:52.457545+00:00,31.027330432698363
2025-08-15 09:41:52.932183+00:00,31.02217979170382
2025-08-15 09:41:54.084068+00:00,31.027330432698363
2025-08-15 09:41:54.324536+00:00,31.032481073983945
2025-08-15 09:41:54.748330+00:00,31.032481073983945
2025-08-15 09:41:56.691851+00:00,31.042782357428223
2025-08-15 09:41:57.970026+00:00,31.02217979170382
2025-08-15 09:41:58.882662+00:00,31.02217979170382
2025-08-15 09:42:00.317127+00:00,31.02217979170382
2025-08-15 09:42:02.722725+00:00,31.032481073983945
2025-08-15 09:42:05.291996+00:00,31.032481073983945
2025-08-15 09:42:07.328348+00:00,31.032481073983945
2025-08-15 09:42:08.611790+00:00,31.027330432698363
2025-08-15 09:42:12.148980+00:00,31.032481073983945
2025-08-15 09:42:14.328317+00:00,31.032481073983945
2025-08-15 09:42:14.778081+00:00,31.032481073983945
2025-08-15 09:42:19.706115+00:00,31.032481073983945
2025-08-15 09:42:22.921507+00:00,31.032481073983945
2025-08-15 09:42:27.122940+00:00,31.027330432698363
2025-08-15 09:42:27.367404+00:00,31.032481073983945
2025-08-15 09:42:27.894407+00:00,31.032481073983945
2025-08-15 09:42:29.949078+00:00,31.032481073983945
2025-08-15 09:42:31.269483+00:00,31.02217979170382
2025-08-15 09:42:31.678062+00:00,31.027330432698363
2025-08-15 09:42:33.096742+00:00,31.032481073983945
2025-08-15 09:42:34.066417+00:00,31.027330432698363
2025-08-15 09:42:37.445437+00:00,31.032481073983945
2025-08-15 09:42:37.962515+00:00,31.027330432698363
2025-08-15 09:42:41.346925+00:00,31.027330432698363
2025-08-15 09:42:44.273460+00:00,31.032481073983945
2025-08-15 09:42:47.056993+00:00,31.032481073983945
2025-08-15 09:42:48.363264+00:00,31.037631715560565
2025-08-15 09:42:50.648029+00:00,31.032481073983945
2025-08-15 09:42:53.785649+00:00,31.058234284777427
2025-08-15 09:42:54.921536+00:00,31.053083642036654
2025-08-15 09:42:56.922938+00:00,31.037631715560565
2025-08-15 09:42:57.182032+00:00,31.058234284777427
2025-08-15 09:42:57.487727+00:00,31.053083642036654
2025-08-15 09:42:57.829307+00:00,31.04793299958692
2025-08-15 09:42:58.932395+00:00,31.06338492780924
2025-08-15 09:43:00.451531+00:00,31.053083642036654
2025-08-15 09:43:02.531170+00:00,31.053083642036654
2025-08-15 09:43:02.900280+00:00,31.053083642036654
2025-08-15 09:43:03.218178+00:00,31.058234284777427
2025-08-15 09:43:03.681143+00:00,31.053083642036654
2025-08-15 09:43:04.126685+00:00,31.053083642036654
2025-08-15 09:43:04.575692+00:00,31.053083642036654
2025-08-15 09:43:04.969948+00:00,31.053083642036654
2025-08-15 09:43:07.019417+00:00,31.058234284777427
2025-08-15 09:43:07.402021+00:00,31.04793299958692
2025-08-15 09:43:08.955680+00:00,31.053083642036654
2025-08-15 09:43:16.916314+00:00,31.078836858650902
2025-08-15 09:43:20.005815+00:00,31.078836858650902
2025-08-15 09:43:20.275199+00:00,31.078836858650902
2025-08-15 09:43:20.692998+00:00,31.078836858650902
2025-08-15 09:43:21.812269+00:00,31.078836858650902
2025-08-15 09:43:22.021969+00:00,31.083987502846867
2025-08-15 09:43:22.297508+00:00,31.083987502846867
2025-08-15 09:43:22.731123+00:00,31.073686214745976
2025-08-15 09:43:24.929583+00:00,31.068535571132088
2025-08-15 09:43:25.230081+00:00,31.068535571132088
2025-08-15 09:43:25.488398+00:00,31.073686214745976
2025-08-15 09:43:27.119073+00:00,31.073686214745976
2025-08-15 09:43:28.670015+00:00,31.068535571132088
2025-08-15 09:43:29.247129+00:00,31.073686214745976
2025-08-15 09:43:29.781556+00:00,31.073686214745976
2025-08-15 09:43:30.140915+00:00,31.073686214745976
2025-08-15 09:43:33.593628+00:00,31.083987502846867
2025-08-15 09:43:33.878015+00:00,31.083987502846867
2025-08-15 09:43:34.214188+00:00,31.078836858650902
2025-08-15 09:43:34.462751+00:00,31.083987502846867
2025-08-15 09:43:34.853277+00:00,31.08913814733387
2025-08-15 09:43:35.246782+00:00,31.083987502846867
2025-08-15 09:43:39.229009+00:00,31.083987502846867
2025-08-15 09:43:39.684697+00:00,31.08913814733387
2025-08-15 09:43:39.968446+00:00,31.083987502846867
2025-08-15 09:43:40.270155+00:00,31.08913814733387
2025-08-15 09:43:41.309574+00:00,31.083987502846867
2025-08-15 09:43:43.396216+00:00,31.073686214745976
2025-08-15 09:43:48.796899+00:00,31.078836858650902
2025-08-15 09:43:49.371824+00:00,31.083987502846867
2025-08-15 09:43:51.618689+00:00,31.104590082541108
2025-08-15 09:43:52.278620+00:00,31.078836858650902
2025-08-15 09:43:53.089647+00:00,31.083987502846867
2025-08-15 09:43:55.853733+00:00,31.08913814733387
2025-08-15 09:43:58.821459+00:00,31.083987502846867
2025-08-15 09:44:03.873511+00:00,31.08913814733387
2025-08-15 09:44:05.356440+00:00,31.068535571132088
2025-08-15 09:44:08.671100+00:00,31.083987502846867
2025-08-15 09:44:10.131787+00:00,31.073686214745976
2025-08-15 09:44:12.580085+00:00,31.073686214745976
2025-08-15 09:44:13.499274+00:00,31.08913814733387
2025-08-15 09:44:14.091502+00:00,31.09428879211191
2025-08-15 09:44:15.803864+00:00,31.09428879211191
2025-08-15 09:44:16.123038+00:00,31.09428879211191
2025-08-15 09:44:20.812820+00:00,31.09428879211191
2025-08-15 09:44:23.190363+00:00,31.083987502846867
2025-08-15 09:44:23.582736+00:00,31.073686214745976
2025-08-15 09:44:24.600858+00:00,31.08913814733387
2025-08-15 09:44:27.516302+00:00,31.09428879211191
2025-08-15 09:44:28.965174+00:00,31.08913814733387
2025-08-15 09:44:31.025474+00:00,31.078836858650902
2025-08-15 09:44:32.604817+00:00,31.08913814733387
2025-08-15 09:44:34.082779+00:00,31.073686214745976
2025-08-15 09:44:35.462574+00:00,31.078836858650902
2025-08-15 09:44:36.404748+00:00,31.068535571132088
2025-08-15 09:44:37.089592+00:00,31.073686214745976
2025-08-15 09:44:37.388346+00:00,31.073686214745976
2025-08-15 09:44:37.954336+00:00,31.078836858650902
2025-08-15 09:44:40.073064+00:00,31.083987502846867
2025-08-15 09:44:40.908799+00:00,31.073686214745976
2025-08-15 09:44:43.014472+00:00,31.083987502846867
2025-08-15 09:44:43.891378+00:00,31.073686214745976
2025-08-15 09:44:44.253901+00:00,31.073686214745976
2025-08-15 09:44:50.611264+00:00,31.078836858650902
2025-08-15 09:44:51.190850+00:00,31.06338492780924
2025-08-15 09:44:52.214845+00:00,31.06338492780924
2025-08-15 09:44:52.461342+00:00,31.068535571132088
2025-08-15 09:44:54.552991+00:00,31.068535571132088
2025-08-15 09:44:56.216313+00:00,31.058234284777427
2025-08-15 09:44:57.387691+00:00,31.073686214745976
2025-08-15 09:45:00.403475+00:00,31.068535571132088
2025-08-15 09:45:03.270996+00:00,31.06338492780924
2025-08-15 09:45:05.205098+00:00,31.06338492780924
2025-08-15 09:45:09.139688+00:00,31.083987502846867
2025-08-15 09:45:10.968517+00:00,31.083987502846867
2025-08-15 09:45:13.159335+00:00,31.083987502846867
2025-08-15 09:45:17.619522+00:00,31.09428879211191
2025-08-15 09:45:19.717436+00:00,31.09943943718099
2025-08-15 09:45:22.776387+00:00,31.08913814733387
2025-08-15 09:45:23.968054+00:00,31.09428879211191
2025-08-15 09:45:25.194527+00:00,31.09428879211191
2025-08-15 09:45:26.426119+00:00,31.083987502846867
2025-08-15 09:45:29.666020+00:00,31.09428879211191
2025-08-15 09:45:30.283254+00:00,31.08913814733387
2025-08-15 09:45:32.812906+00:00,31.109740728192264
2025-08-15 09:45:33.199336+00:00,31.11489137413446
2025-08-15 09:45:40.274987+00:00,31.109740728192264
2025-08-15 09:45:42.145363+00:00,31.109740728192264
2025-08-15 09:45:42.452960+00:00,31.12004202036769
2025-08-15 09:45:51.553621+00:00,31.12004202036769
2025-08-15 09:45:53.461643+00:00,31.109740728192264
2025-08-15 09:45:53.710355+00:00,31.11489137413446
2025-08-15 09:45:54.220012+00:00,31.125192666891962
2025-08-15 09:45:56.007577+00:00,31.12004202036769
2025-08-15 09:45:56.575390+00:00,31.109740728192264
2025-08-15 09:45:57.036104+00:00,31.11489137413446
2025-08-15 09:45:57.804042+00:00,31.11489137413446
2025-08-15 09:45:59.490376+00:00,31.104590082541108
2025-08-15 09:45:59.858747+00:00,31.11489137413446
2025-08-15 09:46:00.177213+00:00,31.11489137413446
2025-08-15 09:46:00.535590+00:00,31.11489137413446
2025-08-15 09:46:01.562264+00:00,31.109740728192264
2025-08-15 09:46:05.948682+00:00,31.13034331370727
2025-08-15 09:46:06.611993+00:00,31.13549396081362
2025-08-15 09:46:10.111729+00:00,31.13034331370727
2025-08-15 09:46:10.618140+00:00,31.125192666891962
2025-08-15 09:46:14.594559+00:00,31.13034331370727
2025-08-15 09:46:16.510320+00:00,31.13549396081362
2025-08-15 09:46:18.595697+00:00,31.150945903878892
2025-08-15 09:46:19.328229+00:00,31.125192666891962
2025-08-15 09:46:22.053129+00:00,31.125192666891962
2025-08-15 09:46:23.269476+00:00,31.12004202036769
2025-08-15 09:46:24.250826+00:00,31.11489137413446
2025-08-15 09:46:26.201764+00:00,31.11489137413446
2025-08-15 09:46:27.382454+00:00,31.109740728192264
2025-08-15 09:46:28.052285+00:00,31.104590082541108
2025-08-15 09:46:30.854157+00:00,31.109740728192264
2025-08-15 09:46:34.710461+00:00,31.09943943718099
2025-08-15 09:46:37.485784+00:00,31.09428879211191
2025-08-15 09:46:37.801967+00:00,31.104590082541108
2025-08-15 09:46:39.726449+00:00,31.11489137413446
2025-08-15 09:46:48.486885+00:00,31.109740728192264
2025-08-15 09:46:54.054123+00:00,31.14579525589943
2025-08-15 09:46:54.512900+00:00,31.14579525589943
2025-08-15 09:46:55.818035+00:00,31.161247200710932
2025-08-15 09:46:57.548106+00:00,31.161247200710932
2025-08-15 09:46:59.885464+00:00,31.161247200710932
2025-08-15 09:47:04.904724+00:00,31.156096552149393
2025-08-15 09:47:05.623666+00:00,31.156096552149393
2025-08-15 09:47:09.550903+00:00,31.156096552149393
2025-08-15 09:47:10.435035+00:00,31.161247200710932
2025-08-15 09:47:14.309139+00:00,31.150945903878892
2025-08-15 09:47:14.562530+00:00,31.156096552149393
2025-08-15 09:47:14.875172+00:00,31.161247200710932
2025-08-15 09:47:17.727391+00:00,31.150945903878892
2025-08-15 09:47:18.270870+00:00,31.156096552149393
2025-08-15 09:47:18.755415+00:00,31.150945903878892
2025-08-15 09:47:20.208739+00:00,31.14579525589943
2025-08-15 09:47:21.244957+00:00,31.14579525589943
2025-08-15 09:47:22.749584+00:00,31.150945903878892
2025-08-15 09:47:24.469741+00:00,31.14579525589943
2025-08-15 09:47:26.540180+00:00,31.150945903878892
2025-08-15 09:47:26.884045+00:00,31.14579525589943
2025-08-15 09:47:27.401887+00:00,31.150945903878892
2025-08-15 09:47:29.567176+00:00,31.13549396081362
2025-08-15 09:47:31.157254+00:00,31.156096552149393
2025-08-15 09:47:33.119436+00:00,31.161247200710932
2025-08-15 09:47:35.103289+00:00,31.156096552149393
2025-08-15 09:47:35.342166+00:00,31.161247200710932
2025-08-15 09:47:35.759388+00:00,31.16639784956351
2025-08-15 09:47:36.039211+00:00,31.156096552149393
2025-08-15 09:47:36.633108+00:00,31.156096552149393
2025-08-15 09:47:40.057361+00:00,31.161247200710932
2025-08-15 09:47:40.358772+00:00,31.156096552149393
2025-08-15 09:47:40.900189+00:00,31.150945903878892
2025-08-15 09:47:45.210340+00:00,31.156096552149393
2025-08-15 09:47:47.010251+00:00,31.150945903878892
2025-08-15 09:47:47.912449+00:00,31.161247200710932
2025-08-15 09:47:48.373349+00:00,31.161247200710932
2025-08-15 09:47:48.917217+00:00,31.16639784956351
2025-08-15 09:47:53.538292+00:00,31.156096552149393
2025-08-15 09:47:58.589189+00:00,31.202452399680624
2025-08-15 09:47:59.750904+00:00,31.17669914814178
2025-08-15 09:48:07.898915+00:00,31.18184979786747
2025-08-15 09:48:09.176844+00:00,31.187000447884202
2025-08-15 09:48:09.867858+00:00,31.18184979786747
2025-08-15 09:48:10.292385+00:00,31.17669914814178
2025-08-15 09:48:10.687061+00:00,31.17669914814178
2025-08-15 09:48:11.122289+00:00,31.171548498707125
2025-08-15 09:48:15.493695+00:00,31.171548498707125
2025-08-15 09:48:16.091020+00:00,31.17669914814178
2025-08-15 09:48:16.685565+00:00,31.17669914814178
2025-08-15 09:48:18.172871+00:00,31.17669914814178
2025-08-15 09:48:19.324099+00:00,31.171548498707125
2025-08-15 09:48:19.602789+00:00,31.16639784956351
2025-08-15 09:48:19.894266+00:00,31.17669914814178
2025-08-15 09:48:20.213437+00:00,31.17669914814178
2025-08-15 09:48:21.574187+00:00,31.16639784956351
2025-08-15 09:48:21.915414+00:00,31.17669914814178
2025-08-15 09:48:22.307953+00:00,31.187000447884202
2025-08-15 09:48:22.491257+00:00,31.197301748790778
2025-08-15 09:48:22.717154+00:00,31.187000447884202
2025-08-15 09:48:25.609329+00:00,31.171548498707125
2025-08-15 09:48:27.922488+00:00,31.197301748790778
2025-08-15 09:48:29.423301+00:00,31.197301748790778
2025-08-15 09:48:29.702645+00:00,31.202452399680624
2025-08-15 09:48:29.960320+00:00,31.187000447884202
2025-08-15 09:48:32.567568+00:00,31.207603050861508
2025-08-15 09:48:35.240335+00:00,31.21790435409639
2025-08-15 09:48:37.224974+00:00,31.202452399680624
2025-08-15 09:48:38.201192+00:00,31.202452399680624
2025-08-15 09:48:38.415739+00:00,31.21790435409639
2025-08-15 09:48:38.665977+00:00,31.21790435409639
2025-08-15 09:48:38.983759+00:00,31.207603050861508
2025-08-15 09:48:40.249894+00:00,31.22305500615039
2025-08-15 09:48:40.713649+00:00,31.21275370233343
2025-08-15 09:48:43.946237+00:00,31.207603050861508
2025-08-15 09:48:44.640787+00:00,31.202452399680624
2025-08-15 09:48:47.181310+00:00,31.207603050861508
2025-08-15 09:48:50.808274+00:00,31.21790435409639
2025-08-15 09:48:52.341278+00:00,31.21790435409639
2025-08-15 09:48:52.574989+00:00,31.21790435409639
2025-08-15 09:48:52.789969+00:00,31.22305500615039
2025-08-15 09:48:59.317454+00:00,31.22305500615039
2025-08-15 09:48:59.882937+00:00,31.248808270785958
2025-08-15 09:49:01.783096+00:00,31.238506964058615
2025-08-15 09:49:03.523740+00:00,31.243657617276767
2025-08-15 09:49:05.776394+00:00,31.238506964058615
2025-08-15 09:49:06.658133+00:00,31.248808270785958
2025-08-15 09:49:07.042407+00:00,31.248808270785958
2025-08-15 09:49:08.890878+00:00,31.238506964058615
2025-08-15 09:49:11.444735+00:00,31.248808270785958
2025-08-15 09:49:11.866488+00:00,31.243657617276767
2025-08-15 09:49:12.229023+00:00,31.248808270785958
2025-08-15 09:49:12.572021+00:00,31.248808270785958
2025-08-15 09:49:12.882343+00:00,31.253958924586186
2025-08-15 09:49:16.832735+00:00,31.253958924586186
2025-08-15 09:49:21.868326+00:00,31.253958924586186
2025-08-15 09:49:22.260243+00:00,31.248808270785958
2025-08-15 09:49:22.797538+00:00,31.248808270785958
2025-08-15 09:49:23.139697+00:00,31.248808270785958
2025-08-15 09:49:23.390186+00:00,31.248808270785958
2025-08-15 09:49:23.848752+00:00,31.248808270785958
2025-08-15 09:49:24.224377+00:00,31.253958924586186
2025-08-15 09:49:24.466801+00:00,31.259109578677453
2025-08-15 09:49:30.187176+00:00,31.259109578677453
2025-08-15 09:49:31.433179+00:00,31.253958924586186
2025-08-15 09:49:31.973228+00:00,31.248808270785958
2025-08-15 09:49:32.523963+00:00,31.243657617276767
2025-08-15 09:49:34.041575+00:00,31.243657617276767
2025-08-15 09:49:35.640873+00:00,31.243657617276767
2025-08-15 09:49:36.580474+00:00,31.243657617276767
2025-08-15 09:49:39.872765+00:00,31.26426023305976
2025-08-15 09:49:40.565410+00:00,31.248808270785958
2025-08-15 09:49:41.616928+00:00,31.259109578677453
2025-08-15 09:49:42.129423+00:00,31.259109578677453
2025-08-15 09:49:43.406738+00:00,31.259109578677453
2025-08-15 09:49:44.039882+00:00,31.26426023305976
2025-08-15 09:49:46.865459+00:00,31.253958924586186
2025-08-15 09:49:48.905334+00:00,31.259109578677453
2025-08-15 09:49:49.155724+00:00,31.269410887733102
2025-08-15 09:49:49.540661+00:00,31.269410887733102
2025-08-15 09:49:49.766318+00:00,31.269410887733102
2025-08-15 09:49:51.457803+00:00,31.259109578677453
2025-08-15 09:49:51.998079+00:00,31.279712197952904
2025-08-15 09:49:52.708863+00:00,31.274561542697484
2025-08-15 09:49:53.799715+00:00,31.274561542697484
2025-08-15 09:49:56.609593+00:00,31.26426023305976
2025-08-15 09:49:59.454442+00:00,31.274561542697484
2025-08-15 09:50:08.374667+00:00,31.248808270785958
2025-08-15 09:50:09.047220+00:00,31.253958924586186
2025-08-15 09:50:10.235946+00:00,31.248808270785958
2025-08-15 09:50:12.226706+00:00,31.243657617276767
2025-08-15 09:50:14.208706+00:00,31.238506964058615
2025-08-15 09:50:19.593916+00:00,31.238506964058615
2025-08-15 09:50:23.091790+00:00,31.228205658495426
2025-08-15 09:50:23.889701+00:00,31.21790435409639
2025-08-15 09:50:24.928994+00:00,31.21790435409639
2025-08-15 09:50:25.431149+00:00,31.228205658495426
2025-08-15 09:50:26.831324+00:00,31.228205658495426
2025-08-15 09:50:29.839229+00:00,31.228205658495426
2025-08-15 09:50:30.540295+00:00,31.228205658495426
2025-08-15 09:50:32.417929+00:00,31.22305500615039
2025-08-15 09:50:33.105662+00:00,31.22305500615039
2025-08-15 09:50:34.195737+00:00,31.228205658495426
2025-08-15 09:50:34.664349+00:00,31.228205658495426
2025-08-15 09:50:36.815027+00:00,31.21790435409639
2025-08-15 09:50:37.290124+00:00,31.22305500615039
2025-08-15 09:50:37.709573+00:00,31.21790435409639
2025-08-15 09:50:40.079748+00:00,31.21275370233343
2025-08-15 09:50:40.800886+00:00,31.202452399680624
2025-08-15 09:50:41.147754+00:00,31.197301748790778
2025-08-15 09:50:41.786442+00:00,31.197301748790778
2025-08-15 09:50:42.921299+00:00,31.197301748790778
2025-08-15 09:50:43.155335+00:00,31.197301748790778
2025-08-15 09:50:43.372898+00:00,31.197301748790778
2025-08-15 09:50:43.748453+00:00,31.202452399680624
2025-08-15 09:50:43.938939+00:00,31.197301748790778
2025-08-15 09:50:44.202186+00:00,31.187000447884202
2025-08-15 09:50:44.452213+00:00,31.197301748790778
2025-08-15 09:50:44.701865+00:00,31.197301748790778
2025-08-15 09:50:44.944362+00:00,31.197301748790778
2025-08-15 09:50:45.262316+00:00,31.197301748790778
2025-08-15 09:50:45.629711+00:00,31.197301748790778
2025-08-15 09:50:46.047086+00:00,31.202452399680624
2025-08-15 09:50:46.423895+00:00,31.202452399680624
2025-08-15 09:50:46.762807+00:00,31.197301748790778
2025-08-15 09:50:47.154066+00:00,31.202452399680624
2025-08-15 09:50:47.513503+00:00,31.202452399680624
2025-08-15 09:50:48.045338+00:00,31.207603050861508
2025-08-15 09:50:48.386411+00:00,31.21275370233343
2025-08-15 09:50:49.707942+00:00,31.197301748790778
2025-08-15 09:50:50.008288+00:00,31.202452399680624
2025-08-15 09:50:50.818340+00:00,31.207603050861508
2025-08-15 09:50:52.397175+00:00,31.202452399680624
2025-08-15 09:50:54.889396+00:00,31.197301748790778
2025-08-15 09:50:55.378810+00:00,31.197301748790778
2025-08-15 09:50:57.901925+00:00,31.197301748790778
2025-08-15 09:51:03.696102+00:00,31.202452399680624
2025-08-15 09:51:04.112258+00:00,31.197301748790778
2025-08-15 09:51:04.339249+00:00,31.18184979786747
2025-08-15 09:51:04.699861+00:00,31.197301748790778
2025-08-15 09:51:06.266357+00:00,31.18184979786747
2025-08-15 09:51:09.078400+00:00,31.202452399680624
2025-08-15 09:51:09.437223+00:00,31.18184979786747
2025-08-15 09:51:09.756170+00:00,31.197301748790778
2025-08-15 09:51:13.862589+00:00,31.197301748790778
2025-08-15 09:51:15.510344+00:00,31.187000447884202
2025-08-15 09:51:15.960630+00:00,31.18184979786747
2025-08-15 09:51:16.420393+00:00,31.18184979786747
2025-08-15 09:51:18.004804+00:00,31.187000447884202
2025-08-15 09:51:20.477875+00:00,31.18184979786747
2025-08-15 09:51:20.888579+00:00,31.18184979786747
2025-08-15 09:51:21.974116+00:00,31.17669914814178
2025-08-15 09:51:24.011276+00:00,31.197301748790778
2025-08-15 09:51:24.864527+00:00,31.21275370233343
2025-08-15 09:51:25.212247+00:00,31.21275370233343
2025-08-15 09:51:25.624831+00:00,31.22305500615039
2025-08-15 09:51:28.389751+00:00,31.228205658495426
2025-08-15 09:51:29.441543+00:00,31.21275370233343
2025-08-15 09:51:30.612032+00:00,31.228205658495426
2025-08-15 09:51:32.435904+00:00,31.228205658495426
2025-08-15 09:51:34.143236+00:00,31.228205658495426
2025-08-15 09:51:34.614819+00:00,31.22305500615039
2025-08-15 09:51:35.201314+00:00,31.22305500615039
2025-08-15 09:51:37.038546+00:00,31.238506964058615
2025-08-15 09:51:39.002797+00:00,31.238506964058615
2025-08-15 09:51:39.426764+00:00,31.238506964058615
2025-08-15 09:51:39.870294+00:00,31.243657617276767
2025-08-15 09:51:40.246022+00:00,31.238506964058615
2025-08-15 09:51:40.513814+00:00,31.238506964058615
2025-08-15 09:51:42.268212+00:00,31.2333563111315
2025-08-15 09:51:43.937682+00:00,31.243657617276767
2025-08-15 09:51:47.037822+00:00,31.228205658495426
2025-08-15 09:51:47.455942+00:00,31.248808270785958
2025-08-15 09:51:48.312307+00:00,31.2333563111315
2025-08-15 09:51:49.744785+00:00,31.228205658495426
2025-08-15 09:51:54.874371+00:00,31.22305500615039
2025-08-15 09:51:55.487352+00:00,31.22305500615039
2025-08-15 09:51:55.977640+00:00,31.22305500615039
2025-08-15 09:51:56.220684+00:00,31.22305500615039
2025-08-15 09:51:57.544510+00:00,31.2333563111315
2025-08-15 09:51:57.853384+00:00,31.22305500615039
2025-08-15 09:51:58.391863+00:00,31.21790435409639
2025-08-15 09:51:59.619991+00:00,31.22305500615039
2025-08-15 09:52:00.611187+00:00,31.21790435409639
2025-08-15 09:52:02.686819+00:00,31.2333563111315
2025-08-15 09:52:11.794245+00:00,31.21790435409639
2025-08-15 09:52:14.085415+00:00,31.228205658495426
2025-08-15 09:52:17.693436+00:00,31.248808270785958
2025-08-15 09:52:19.213257+00:00,31.243657617276767
2025-08-15 09:52:19.979337+00:00,31.248808270785958
2025-08-15 09:52:20.543083+00:00,31.238506964058615
2025-08-15 09:52:22.691025+00:00,31.253958924586186
2025-08-15 09:52:23.090748+00:00,31.259109578677453
2025-08-15 09:52:23.332175+00:00,31.259109578677453
2025-08-15 09:52:23.678312+00:00,31.259109578677453
2025-08-15 09:52:23.892796+00:00,31.274561542697484
2025-08-15 09:52:24.103091+00:00,31.274561542697484
2025-08-15 09:52:24.862571+00:00,31.284862853499362
2025-08-15 09:52:26.026695+00:00,31.269410887733102
2025-08-15 09:52:28.213078+00:00,31.274561542697484
2025-08-15 09:52:28.452679+00:00,31.279712197952904
2025-08-15 09:52:28.997691+00:00,31.274561542697484
2025-08-15 09:52:29.610168+00:00,31.274561542697484
2025-08-15 09:52:30.167320+00:00,31.274561542697484
2025-08-15 09:52:31.374127+00:00,31.274561542697484
2025-08-15 09:52:34.561650+00:00,31.253958924586186
2025-08-15 09:52:35.590581+00:00,31.274561542697484
2025-08-15 09:52:36.567095+00:00,31.253958924586186
2025-08-15 09:52:37.952215+00:00,31.26426023305976
2025-08-15 09:52:39.561236+00:00,31.269410887733102
2025-08-15 09:52:39.969436+00:00,31.279712197952904
2025-08-15 09:52:40.199803+00:00,31.279712197952904
2025-08-15 09:52:40.484897+00:00,31.269410887733102
2025-08-15 09:52:40.750071+00:00,31.26426023305976
2025-08-15 09:52:41.005421+00:00,31.26426023305976
2025-08-15 09:52:42.351110+00:00,31.26426023305976
2025-08-15 09:52:44.506152+00:00,31.274561542697484
2025-08-15 09:52:45.933047+00:00,31.279712197952904
2025-08-15 09:52:47.877717+00:00,31.274561542697484
2025-08-15 09:52:48.301796+00:00,31.279712197952904
2025-08-15 09:52:48.684595+00:00,31.274561542697484
2025-08-15 09:52:49.896784+00:00,31.274561542697484
2025-08-15 09:52:50.723162+00:00,31.259109578677453
2025-08-15 09:52:52.344366+00:00,31.259109578677453
2025-08-15 09:52:53.636149+00:00,31.269410887733102
2025-08-15 09:52:53.880402+00:00,31.269410887733102
2025-08-15 09:52:54.743087+00:00,31.259109578677453
2025-08-15 09:52:55.438125+00:00,31.259109578677453
2025-08-15 09:52:56.273138+00:00,31.26426023305976
2025-08-15 09:52:56.990294+00:00,31.26426023305976
2025-08-15 09:52:58.676427+00:00,31.274561542697484
2025-08-15 09:52:58.955544+00:00,31.269410887733102
2025-08-15 09:52:59.685386+00:00,31.29001350933686
2025-08-15 09:53:00.934449+00:00,31.29001350933686
2025-08-15 09:53:01.325985+00:00,31.295164165465394
2025-08-15 09:53:01.651332+00:00,31.300314821884967
2025-08-15 09:53:09.867757+00:00,31.29001350933686
2025-08-15 09:53:11.277320+00:00,31.31061613559723
2025-08-15 09:53:11.627925+00:00,31.295164165465394
2025-08-15 09:53:14.716779+00:00,31.29001350933686
2025-08-15 09:53:14.975152+00:00,31.295164165465394
2025-08-15 09:53:15.485047+00:00,31.29001350933686
2025-08-15 09:53:20.975837+00:00,31.295164165465394
2025-08-15 09:53:23.499724+00:00,31.295164165465394
2025-08-15 09:53:23.733540+00:00,31.295164165465394
2025-08-15 09:53:24.210684+00:00,31.295164165465394
2025-08-15 09:53:24.668938+00:00,31.30546547859558
2025-08-15 09:53:25.061122+00:00,31.300314821884967
2025-08-15 09:53:25.687865+00:00,31.295164165465394
2025-08-15 09:53:26.942998+00:00,31.300314821884967
2025-08-15 09:53:31.701914+00:00,31.295164165465394
2025-08-15 09:53:32.308977+00:00,31.295164165465394
2025-08-15 09:53:35.088129+00:00,31.284862853499362
2025-08-15 09:53:35.882379+00:00,31.295164165465394
2025-08-15 09:53:40.996810+00:00,31.284862853499362
2025-08-15 09:53:42.008952+00:00,31.279712197952904
2025-08-15 09:53:43.119982+00:00,31.284862853499362
2025-08-15 09:53:44.584395+00:00,31.279712197952904
2025-08-15 09:53:47.764990+00:00,31.279712197952904
2025-08-15 09:53:50.931626+00:00,31.300314821884967
2025-08-15 09:53:51.249641+00:00,31.29001350933686
2025-08-15 09:53:52.055469+00:00,31.295164165465394
2025-08-15 09:53:52.460113+00:00,31.300314821884967
2025-08-15 09:53:53.212631+00:00,31.300314821884967
2025-08-15 09:53:54.383968+00:00,31.31061613559723
2025-08-15 09:53:54.608086+00:00,31.31061613559723
2025-08-15 09:53:54.842856+00:00,31.320917450473644
2025-08-15 09:53:56.832385+00:00,31.31061613559723
2025-08-15 09:54:01.583110+00:00,31.31061613559723
2025-08-15 09:54:01.983888+00:00,31.295164165465394
2025-08-15 09:54:05.752746+00:00,31.29001350933686
2025-08-15 09:54:06.443040+00:00,31.29001350933686
2025-08-15 09:54:07.118378+00:00,31.29001350933686
2025-08-15 09:54:10.058218+00:00,31.279712197952904
2025-08-15 09:54:15.851191+00:00,31.269410887733102
2025-08-15 09:54:21.843074+00:00,31.279712197952904
2025-08-15 09:54:24.457970+00:00,31.30546547859558
2025-08-15 09:54:24.849017+00:00,31.30546547859558
2025-08-15 09:54:26.104600+00:00,31.300314821884967
2025-08-15 09:54:27.297934+00:00,31.30546547859558
2025-08-15 09:54:29.495857+00:00,31.295164165465394
2025-08-15 09:54:33.365664+00:00,31.295164165465394
2025-08-15 09:54:33.908481+00:00,31.295164165465394
2025-08-15 09:54:34.142556+00:00,31.300314821884967
2025-08-15 09:54:34.702632+00:00,31.300314821884967
2025-08-15 09:54:36.040009+00:00,31.30546547859558
2025-08-15 09:54:37.718826+00:00,31.29001350933686
2025-08-15 09:54:39.122156+00:00,31.29001350933686
2025-08-15 09:54:42.665576+00:00,31.29001350933686
2025-08-15 09:54:43.641526+00:00,31.29001350933686
2025-08-15 09:54:46.700543+00:00,31.29001350933686
2025-08-15 09:54:47.144576+00:00,31.279712197952904
2025-08-15 09:54:47.493341+00:00,31.284862853499362
2025-08-15 09:54:48.549813+00:00,31.274561542697484
2025-08-15 09:54:48.831418+00:00,31.279712197952904
2025-08-15 09:54:50.159036+00:00,31.279712197952904
2025-08-15 09:54:51.491200+00:00,31.279712197952904
2025-08-15 09:54:51.797385+00:00,31.284862853499362
2025-08-15 09:54:54.878941+00:00,31.279712197952904
2025-08-15 09:54:56.556859+00:00,31.274561542697484
2025-08-15 09:55:01.356480+00:00,31.279712197952904
2025-08-15 09:55:02.967714+00:00,31.253958924586186
2025-08-15 09:55:05.306111+00:00,31.253958924586186
2025-08-15 09:55:07.473976+00:00,31.248808270785958
2025-08-15 09:55:11.103778+00:00,31.248808270785958
2025-08-15 09:55:17.626701+00:00,31.248808270785958
2025-08-15 09:55:18.722476+00:00,31.238506964058615
2025-08-15 09:55:22.078149+00:00,31.238506964058615
2025-08-15 09:55:22.439105+00:00,31.248808270785958
2025-08-15 09:55:24.356204+00:00,31.248808270785958
2025-08-15 09:55:24.870891+00:00,31.253958924586186
2025-08-15 09:55:25.990061+00:00,31.248808270785958
2025-08-15 09:55:28.030903+00:00,31.259109578677453
2025-08-15 09:55:28.507574+00:00,31.26426023305976
2025-08-15 09:55:31.061623+00:00,31.259109578677453
2025-08-15 09:55:32.991173+00:00,31.274561542697484
2025-08-15 09:55:33.663937+00:00,31.269410887733102
2025-08-15 09:55:36.055937+00:00,31.279712197952904
2025-08-15 09:55:40.447146+00:00,31.29001350933686
2025-08-15 09:55:43.602986+00:00,31.26426023305976
2025-08-15 09:55:43.863933+00:00,31.269410887733102
2025-08-15 09:55:46.643977+00:00,31.269410887733102
2025-08-15 09:55:47.311780+00:00,31.269410887733102
2025-08-15 09:55:47.628924+00:00,31.259109578677453
2025-08-15 09:55:48.263506+00:00,31.259109578677453
2025-08-15 09:55:48.490786+00:00,31.26426023305976
2025-08-15 09:55:49.544415+00:00,31.26426023305976
2025-08-15 09:55:51.807646+00:00,31.259109578677453
2025-08-15 09:55:52.884450+00:00,31.248808270785958
2025-08-15 09:55:53.749327+00:00,31.259109578677453
2025-08-15 09:55:54.373327+00:00,31.243657617276767
2025-08-15 09:55:54.999351+00:00,31.248808270785958
2025-08-15 09:55:56.215107+00:00,31.238506964058615
2025-08-15 09:55:57.756185+00:00,31.238506964058615
2025-08-15 09:55:59.777712+00:00,31.248808270785958
2025-08-15 09:56:01.255052+00:00,31.269410887733102
2025-08-15 09:56:01.642770+00:00,31.26426023305976
2025-08-15 09:56:01.997240+00:00,31.248808270785958
2025-08-15 09:56:02.572329+00:00,31.253958924586186
2025-08-15 09:56:03.154396+00:00,31.253958924586186
2025-08-15 09:56:03.471256+00:00,31.26426023305976
2025-08-15 09:56:03.988269+00:00,31.253958924586186
2025-08-15 09:56:06.472387+00:00,31.253958924586186
2025-08-15 09:56:08.697719+00:00,31.259109578677453
2025-08-15 09:56:10.781059+00:00,31.253958924586186
2025-08-15 09:56:11.475500+00:00,31.243657617276767
2025-08-15 09:56:11.801885+00:00,31.238506964058615
2025-08-15 09:56:12.026399+00:00,31.243657617276767
2025-08-15 09:56:12.252723+00:00,31.248808270785958
2025-08-15 09:56:13.196807+00:00,31.238506964058615
2025-08-15 09:56:13.537481+00:00,31.238506964058615
2025-08-15 09:56:14.572251+00:00,31.238506964058615
2025-08-15 09:56:15.097806+00:00,31.2333563111315
2025-08-15 09:56:22.649595+00:00,31.228205658495426
2025-08-15 09:56:25.048230+00:00,31.21275370233343
2025-08-15 09:56:26.861037+00:00,31.21275370233343
2025-08-15 09:56:28.440485+00:00,31.207603050861508
2025-08-15 09:56:30.163177+00:00,31.21275370233343
2025-08-15 09:56:30.973698+00:00,31.228205658495426
2025-08-15 09:56:35.201776+00:00,31.228205658495426
2025-08-15 09:56:35.661786+00:00,31.207603050861508
2025-08-15 09:56:35.887942+00:00,31.21790435409639
2025-08-15 09:56:36.146713+00:00,31.21790435409639
2025-08-15 09:56:36.406313+00:00,31.22305500615039
2025-08-15 09:56:36.639288+00:00,31.248808270785958
2025-08-15 09:56:37.965016+00:00,31.21275370233343
2025-08-15 09:56:38.272861+00:00,31.21790435409639
2025-08-15 09:56:38.690122+00:00,31.207603050861508
2025-08-15 09:56:38.994450+00:00,31.21790435409639
2025-08-15 09:56:39.231193+00:00,31.21275370233343
2025-08-15 09:56:39.480257+00:00,31.21790435409639
2025-08-15 09:56:39.871655+00:00,31.21275370233343
2025-08-15 09:56:40.140472+00:00,31.228205658495426
2025-08-15 09:56:41.618891+00:00,31.207603050861508
2025-08-15 09:56:43.681187+00:00,31.207603050861508
2025-08-15 09:56:43.917014+00:00,31.207603050861508
2025-08-15 09:56:44.221952+00:00,31.21790435409639
2025-08-15 09:56:45.061311+00:00,31.21275370233343
2025-08-15 09:56:47.884458+00:00,31.197301748790778
2025-08-15 09:56:48.521011+00:00,31.187000447884202
2025-08-15 09:56:49.199026+00:00,31.187000447884202
2025-08-15 09:56:49.909863+00:00,31.18184979786747
2025-08-15 09:56:50.417699+00:00,31.197301748790778
2025-08-15 09:56:50.642930+00:00,31.17669914814178
2025-08-15 09:56:52.065084+00:00,31.187000447884202
2025-08-15 09:56:53.275588+00:00,31.18184979786747
2025-08-15 09:56:56.586202+00:00,31.187000447884202
2025-08-15 09:56:56.893227+00:00,31.18184979786747
2025-08-15 09:56:59.288556+00:00,31.18184979786747
2025-08-15 09:56:59.571136+00:00,31.17669914814178
2025-08-15 09:57:00.480086+00:00,31.17669914814178
2025-08-15 09:57:02.538147+00:00,31.18184979786747
2025-08-15 09:57:03.988302+00:00,31.16639784956351
2025-08-15 09:57:05.307715+00:00,31.17669914814178
2025-08-15 09:57:06.645956+00:00,31.171548498707125
2025-08-15 09:57:07.111785+00:00,31.16639784956351
2025-08-15 09:57:10.253666+00:00,31.171548498707125
2025-08-15 09:57:13.848102+00:00,31.18184979786747
2025-08-15 09:57:14.364895+00:00,31.18184979786747
2025-08-15 09:57:15.014423+00:00,31.171548498707125
2025-08-15 09:57:16.021610+00:00,31.17669914814178
2025-08-15 09:57:20.994938+00:00,31.17669914814178
2025-08-15 09:57:22.038384+00:00,31.171548498707125
2025-08-15 09:57:24.095418+00:00,31.16639784956351
2025-08-15 09:57:25.066406+00:00,31.171548498707125
2025-08-15 09:57:25.841122+00:00,31.171548498707125
2025-08-15 09:57:27.027723+00:00,31.17669914814178
2025-08-15 09:57:28.346725+00:00,31.171548498707125
2025-08-15 09:57:28.988376+00:00,31.17669914814178
2025-08-15 09:57:30.728459+00:00,31.18184979786747
2025-08-15 09:57:37.304099+00:00,31.17669914814178
2025-08-15 09:57:37.587099+00:00,31.187000447884202
2025-08-15 09:57:38.021592+00:00,31.197301748790778
2025-08-15 09:57:38.390491+00:00,31.197301748790778
2025-08-15 09:57:38.799458+00:00,31.18184979786747
2025-08-15 09:57:40.806147+00:00,31.17669914814178
2025-08-15 09:57:42.418222+00:00,31.17669914814178
2025-08-15 09:57:44.029141+00:00,31.18184979786747
2025-08-15 09:57:45.802644+00:00,31.17669914814178
2025-08-15 09:57:47.187669+00:00,31.187000447884202
2025-08-15 09:57:49.195353+00:00,31.17669914814178
2025-08-15 09:57:49.906075+00:00,31.197301748790778
2025-08-15 09:57:54.025670+00:00,31.18184979786747
2025-08-15 09:57:56.238798+00:00,31.18184979786747
2025-08-15 09:57:57.447066+00:00,31.187000447884202
2025-08-15 09:57:57.668351+00:00,31.18184979786747
2025-08-15 09:57:59.323298+00:00,31.187000447884202
2025-08-15 09:58:00.329187+00:00,31.187000447884202
2025-08-15 09:58:05.239703+00:00,31.187000447884202
2025-08-15 09:58:06.317724+00:00,31.17669914814178
2025-08-15 09:58:08.711213+00:00,31.17669914814178
2025-08-15 09:58:09.694250+00:00,31.16639784956351
2025-08-15 09:58:12.777844+00:00,31.156096552149393
2025-08-15 09:58:14.758836+00:00,31.150945903878892
2025-08-15 09:58:14.957698+00:00,31.150945903878892
2025-08-15 09:58:17.059138+00:00,31.14579525589943
2025-08-15 09:58:18.006148+00:00,31.150945903878892
2025-08-15 09:58:19.418262+00:00,31.156096552149393
2025-08-15 09:58:24.137800+00:00,31.156096552149393
2025-08-15 09:58:24.578199+00:00,31.140644608211005
2025-08-15 09:58:25.070840+00:00,31.171548498707125
2025-08-15 09:58:25.690755+00:00,31.161247200710932
2025-08-15 09:58:27.537088+00:00,31.150945903878892
2025-08-15 09:58:27.804139+00:00,31.156096552149393
2025-08-15 09:58:28.097081+00:00,31.16639784956351
2025-08-15 09:58:30.352515+00:00,31.156096552149393
2025-08-15 09:58:31.536742+00:00,31.150945903878892
2025-08-15 09:58:32.103004+00:00,31.16639784956351
2025-08-15 09:58:32.517350+00:00,31.125192666891962
2025-08-15 09:58:33.034848+00:00,31.156096552149393
2025-08-15 09:58:35.952114+00:00,31.156096552149393
2025-08-15 09:58:36.769067+00:00,31.16639784956351
2025-08-15 09:58:37.696551+00:00,31.161247200710932
2025-08-15 09:58:38.815899+00:00,31.161247200710932
2025-08-15 09:58:40.196648+00:00,31.161247200710932
2025-08-15 09:58:40.870126+00:00,31.16639784956351
2025-08-15 09:58:41.783051+00:00,31.16639784956351
2025-08-15 09:58:42.702156+00:00,31.16639784956351
2025-08-15 09:58:44.227807+00:00,31.156096552149393
2025-08-15 09:58:52.110399+00:00,31.17669914814178
2025-08-15 09:58:52.535356+00:00,31.17669914814178
2025-08-15 09:58:53.907274+00:00,31.16639784956351
2025-08-15 09:58:54.516475+00:00,31.171548498707125
2025-08-15 09:58:55.085611+00:00,31.17669914814178
2025-08-15 09:58:56.487072+00:00,31.17669914814178
2025-08-15 09:58:58.043316+00:00,31.18184979786747
2025-08-15 09:58:59.247593+00:00,31.187000447884202
2025-08-15 09:59:00.469435+00:00,31.197301748790778
2025-08-15 09:59:06.493299+00:00,31.228205658495426
2025-08-15 09:59:10.043349+00:00,31.22305500615039
2025-08-15 09:59:11.708671+00:00,31.238506964058615
2025-08-15 09:59:14.777065+00:00,31.253958924586186
2025-08-15 09:59:15.762189+00:00,31.259109578677453
2025-08-15 09:59:16.094880+00:00,31.259109578677453
2025-08-15 09:59:19.301949+00:00,31.269410887733102
2025-08-15 09:59:19.818933+00:00,31.274561542697484
2025-08-15 09:59:20.400725+00:00,31.279712197952904
2025-08-15 09:59:21.429223+00:00,31.279712197952904
2025-08-15 09:59:22.527163+00:00,31.29001350933686
2025-08-15 09:59:24.777631+00:00,31.284862853499362
2025-08-15 09:59:26.174359+00:00,31.284862853499362
2025-08-15 09:59:27.594408+00:00,31.31061613559723
2025-08-15 09:59:29.327382+00:00,31.295164165465394
2025-08-15 09:59:30.057295+00:00,31.284862853499362
2025-08-15 09:59:34.054965+00:00,31.29001350933686
2025-08-15 09:59:36.928811+00:00,31.284862853499362
2025-08-15 09:59:37.805271+00:00,31.279712197952904
2025-08-15 09:59:38.966833+00:00,31.29001350933686
2025-08-15 09:59:40.470275+00:00,31.29001350933686
2025-08-15 09:59:41.348196+00:00,31.300314821884967
2025-08-15 09:59:41.790923+00:00,31.30546547859558
2025-08-15 09:59:43.134283+00:00,31.30546547859558
2025-08-15 09:59:44.148678+00:00,31.300314821884967
2025-08-15 09:59:44.776545+00:00,31.30546547859558
2025-08-15 09:59:50.890823+00:00,31.31061613559723
2025-08-15 09:59:51.883422+00:00,31.300314821884967
2025-08-15 09:59:52.518669+00:00,31.30546547859558
2025-08-15 09:59:52.835761+00:00,31.31061613559723
2025-08-15 09:59:53.245008+00:00,31.31061613559723
2025-08-15 09:59:54.858421+00:00,31.295164165465394
2025-08-15 09:59:57.203638+00:00,31.30546547859558
2025-08-15 09:59:58.318467+00:00,31.315766792889917
2025-08-15 09:59:59.335888+00:00,31.320917450473644
2025-08-15 10:00:00.840731+00:00,31.315766792889917
2025-08-15 10:00:03.022146+00:00,31.331218766514212
2025-08-15 10:00:04.566686+00:00,31.320917450473644
2025-08-15 10:00:12.169412+00:00,31.315766792889917
2025-08-15 10:00:12.537553+00:00,31.30546547859558
2025-08-15 10:00:13.511541+00:00,31.300314821884967
2025-08-15 10:00:19.989157+00:00,31.279712197952904
2025-08-15 10:00:20.326076+00:00,31.284862853499362
2025-08-15 10:00:20.650691+00:00,31.284862853499362
2025-08-15 10:00:21.649888+00:00,31.279712197952904
2025-08-15 10:00:21.974864+00:00,31.269410887733102
2025-08-15 10:00:22.741505+00:00,31.274561542697484
2025-08-15 10:00:23.866721+00:00,31.26426023305976
2025-08-15 10:00:25.097920+00:00,31.284862853499362
2025-08-15 10:00:27.177086+00:00,31.269410887733102
2025-08-15 10:00:31.336503+00:00,31.259109578677453
2025-08-15 10:00:37.945101+00:00,31.259109578677453
2025-08-15 10:00:38.404568+00:00,31.248808270785958
2025-08-15 10:00:39.949794+00:00,31.243657617276767
2025-08-15 10:00:45.098741+00:00,31.21790435409639
2025-08-15 10:00:45.495627+00:00,31.228205658495426
2025-08-15 10:00:45.797480+00:00,31.238506964058615
2025-08-15 10:00:46.313615+00:00,31.248808270785958
2025-08-15 10:00:48.858980+00:00,31.238506964058615
2025-08-15 10:00:50.215682+00:00,31.238506964058615
2025-08-15 10:00:50.459573+00:00,31.243657617276767
2025-08-15 10:00:50.792792+00:00,31.248808270785958
2025-08-15 10:00:51.045591+00:00,31.259109578677453
2025-08-15 10:00:51.377368+00:00,31.253958924586186
2025-08-15 10:00:51.785239+00:00,31.26426023305976
2025-08-15 10:00:52.056955+00:00,31.26426023305976
2025-08-15 10:00:52.506992+00:00,31.26426023305976
2025-08-15 10:00:53.424042+00:00,31.26426023305976
2025-08-15 10:00:54.595063+00:00,31.259109578677453
2025-08-15 10:00:55.052780+00:00,31.253958924586186
2025-08-15 10:00:55.319763+00:00,31.269410887733102
2025-08-15 10:00:56.032060+00:00,31.279712197952904
2025-08-15 10:00:58.275824+00:00,31.274561542697484
2025-08-15 10:00:58.513193+00:00,31.269410887733102
2025-08-15 10:00:58.729698+00:00,31.284862853499362
2025-08-15 10:01:04.060699+00:00,31.26426023305976
2025-08-15 10:01:04.589667+00:00,31.259109578677453
2025-08-15 10:01:05.724222+00:00,31.259109578677453
2025-08-15 10:01:06.131976+00:00,31.259109578677453
2025-08-15 10:01:06.492423+00:00,31.248808270785958
2025-08-15 10:01:07.630916+00:00,31.259109578677453
2025-08-15 10:01:11.100451+00:00,31.248808270785958
2025-08-15 10:01:12.990078+00:00,31.243657617276767
2025-08-15 10:01:14.322502+00:00,31.259109578677453
2025-08-15 10:01:16.817860+00:00,31.259109578677453
2025-08-15 10:01:17.672043+00:00,31.26426023305976
2025-08-15 10:01:18.900276+00:00,31.26426023305976
2025-08-15 10:01:19.142292+00:00,31.259109578677453
2025-08-15 10:01:19.467335+00:00,31.269410887733102
2025-08-15 10:01:21.804431+00:00,31.26426023305976
2025-08-15 10:01:22.633598+00:00,31.253958924586186
2025-08-15 10:01:23.016873+00:00,31.259109578677453
2025-08-15 10:01:23.727722+00:00,31.259109578677453
2025-08-15 10:01:23.974104+00:00,31.253958924586186
2025-08-15 10:01:24.136150+00:00,31.26426023305976
2025-08-15 10:01:24.540779+00:00,31.253958924586186
2025-08-15 10:01:24.767162+00:00,31.26426023305976
2025-08-15 10:01:30.471650+00:00,31.274561542697484
2025-08-15 10:01:32.369768+00:00,31.274561542697484
2025-08-15 10:01:34.632960+00:00,31.279712197952904
2025-08-15 10:01:35.437661+00:00,31.274561542697484
2025-08-15 10:01:35.704689+00:00,31.279712197952904
2025-08-15 10:01:37.083731+00:00,31.274561542697484
2025-08-15 10:01:40.517036+00:00,31.26426023305976
2025-08-15 10:01:42.081339+00:00,31.269410887733102
2025-08-15 10:01:42.311837+00:00,31.274561542697484
2025-08-15 10:01:42.765452+00:00,31.259109578677453
2025-08-15 10:01:43.134363+00:00,31.269410887733102
2025-08-15 10:01:43.425116+00:00,31.259109578677453
2025-08-15 10:01:46.290407+00:00,31.269410887733102
2025-08-15 10:01:47.157718+00:00,31.259109578677453
2025-08-15 10:01:50.842836+00:00,31.248808270785958
2025-08-15 10:01:52.876384+00:00,31.238506964058615
2025-08-15 10:01:53.158779+00:00,31.248808270785958
2025-08-15 10:01:54.143754+00:00,31.228205658495426
2025-08-15 10:01:54.761747+00:00,31.238506964058615
2025-08-15 10:01:56.416422+00:00,31.228205658495426
2025-08-15 10:01:58.087033+00:00,31.228205658495426
2025-08-15 10:01:58.871468+00:00,31.228205658495426
2025-08-15 10:01:59.809540+00:00,31.228205658495426
2025-08-15 10:02:00.148170+00:00,31.238506964058615
2025-08-15 10:02:02.148791+00:00,31.228205658495426
2025-08-15 10:02:03.180190+00:00,31.21275370233343
2025-08-15 10:02:03.886768+00:00,31.22305500615039
2025-08-15 10:02:04.335445+00:00,31.21275370233343
2025-08-15 10:02:05.174689+00:00,31.228205658495426
2025-08-15 10:02:05.647570+00:00,31.228205658495426
2025-08-15 10:02:06.124648+00:00,31.238506964058615
2025-08-15 10:02:06.534237+00:00,31.238506964058615
2025-08-15 10:02:07.653866+00:00,31.243657617276767
2025-08-15 10:02:09.774491+00:00,31.228205658495426
2025-08-15 10:02:11.597854+00:00,31.197301748790778
2025-08-15 10:02:12.408836+00:00,31.161247200710932
2025-08-15 10:02:12.758670+00:00,31.16639784956351
2025-08-15 10:02:12.992360+00:00,31.16639784956351
2025-08-15 10:02:13.245011+00:00,31.16639784956351
2025-08-15 10:02:13.512763+00:00,31.156096552149393
2025-08-15 10:02:16.172579+00:00,31.140644608211005
2025-08-15 10:02:19.736569+00:00,31.140644608211005
2025-08-15 10:02:20.035948+00:00,31.13549396081362
2025-08-15 10:02:21.583704+00:00,31.13034331370727
2025-08-15 10:02:22.693873+00:00,31.13549396081362
2025-08-15 10:02:23.199701+00:00,31.13549396081362
2025-08-15 10:02:23.578230+00:00,31.13034331370727
2025-08-15 10:02:23.854866+00:00,31.13034331370727
2025-08-15 10:02:24.179249+00:00,31.13034331370727
2025-08-15 10:02:26.259385+00:00,31.12004202036769
2025-08-15 10:02:33.224125+00:00,31.125192666891962
2025-08-15 10:02:34.226936+00:00,31.14579525589943
2025-08-15 10:02:35.650966+00:00,31.140644608211005
2025-08-15 10:02:35.893707+00:00,31.140644608211005
2025-08-15 10:02:36.121525+00:00,31.150945903878892
2025-08-15 10:02:36.531248+00:00,31.14579525589943
2025-08-15 10:02:37.283416+00:00,31.13549396081362
2025-08-15 10:02:37.808929+00:00,31.140644608211005
2025-08-15 10:02:37.949557+00:00,31.150945903878892
2025-08-15 10:02:38.167178+00:00,31.140644608211005
2025-08-15 10:02:38.592208+00:00,31.14579525589943
2025-08-15 10:02:39.103551+00:00,31.14579525589943
2025-08-15 10:02:40.783899+00:00,31.14579525589943
2025-08-15 10:02:41.018240+00:00,31.140644608211005
2025-08-15 10:02:41.269742+00:00,31.150945903878892
2025-08-15 10:02:41.593315+00:00,31.14579525589943
2025-08-15 10:02:41.743768+00:00,31.14579525589943
2025-08-15 10:02:42.033691+00:00,31.150945903878892
2025-08-15 10:02:42.199971+00:00,31.156096552149393
2025-08-15 10:02:42.963415+00:00,31.156096552149393
2025-08-15 10:02:43.381901+00:00,31.161247200710932
2025-08-15 10:02:43.764868+00:00,31.156096552149393
2025-08-15 10:02:44.450066+00:00,31.150945903878892
2025-08-15 10:02:50.172098+00:00,31.187000447884202
2025-08-15 10:02:51.057362+00:00,31.187000447884202
2025-08-15 10:02:51.769342+00:00,31.187000447884202
2025-08-15 10:02:52.193339+00:00,31.187000447884202
2025-08-15 10:02:55.010497+00:00,31.18184979786747
2025-08-15 10:02:56.149850+00:00,31.18184979786747
2025-08-15 10:02:56.507750+00:00,31.18184979786747
2025-08-15 10:02:56.839884+00:00,31.18184979786747
2025-08-15 10:02:59.175167+00:00,31.17669914814178
2025-08-15 10:03:02.496320+00:00,31.17669914814178
2025-08-15 10:03:04.339587+00:00,31.171548498707125
2025-08-15 10:03:04.844734+00:00,31.17669914814178
2025-08-15 10:03:07.124549+00:00,31.16639784956351
2025-08-15 10:03:11.449386+00:00,31.16639784956351
2025-08-15 10:03:12.392811+00:00,31.171548498707125
2025-08-15 10:03:12.851187+00:00,31.16639784956351
2025-08-15 10:03:13.101177+00:00,31.16639784956351
2025-08-15 10:03:14.521275+00:00,31.16639784956351
2025-08-15 10:03:14.758230+00:00,31.16639784956351
2025-08-15 10:03:15.217359+00:00,31.17669914814178
2025-08-15 10:03:16.179198+00:00,31.161247200710932
2025-08-15 10:03:17.401140+00:00,31.161247200710932
2025-08-15 10:03:17.827152+00:00,31.16639784956351
2025-08-15 10:03:18.311553+00:00,31.171548498707125
2025-08-15 10:03:20.070920+00:00,31.16639784956351
2025-08-15 10:03:21.873841+00:00,31.171548498707125
2025-08-15 10:03:24.256960+00:00,31.16639784956351
2025-08-15 10:03:28.080850+00:00,31.171548498707125
2025-08-15 10:03:29.231316+00:00,31.16639784956351
2025-08-15 10:03:30.277796+00:00,31.16639784956351
2025-08-15 10:03:31.644652+00:00,31.161247200710932
2025-08-15 10:03:33.532350+00:00,31.161247200710932
2025-08-15 10:03:37.148809+00:00,31.156096552149393
2025-08-15 10:03:38.125514+00:00,31.156096552149393
2025-08-15 10:03:39.398246+00:00,31.14579525589943
2025-08-15 10:03:40.690527+00:00,31.156096552149393
2025-08-15 10:03:41.333285+00:00,31.150945903878892
2025-08-15 10:03:42.737375+00:00,31.16639784956351
2025-08-15 10:03:44.075283+00:00,31.156096552149393
2025-08-15 10:03:45.531959+00:00,31.161247200710932
2025-08-15 10:03:46.360379+00:00,31.156096552149393
2025-08-15 10:03:47.310598+00:00,31.156096552149393
2025-08-15 10:03:48.660895+00:00,31.140644608211005
2025-08-15 10:03:50.132023+00:00,31.140644608211005
2025-08-15 10:03:52.080250+00:00,31.140644608211005
2025-08-15 10:03:52.997121+00:00,31.150945903878892
2025-08-15 10:03:55.437568+00:00,31.13034331370727
2025-08-15 10:03:56.882091+00:00,31.12004202036769
2025-08-15 10:03:58.399257+00:00,31.140644608211005
2025-08-15 10:04:02.576473+00:00,31.125192666891962
2025-08-15 10:04:03.410363+00:00,31.13034331370727
2025-08-15 10:04:04.116410+00:00,31.13549396081362
2025-08-15 10:04:04.517912+00:00,31.13034331370727
2025-08-15 10:04:05.837233+00:00,31.13034331370727
2025-08-15 10:04:06.566391+00:00,31.14579525589943
2025-08-15 10:04:11.435945+00:00,31.13549396081362
2025-08-15 10:04:12.623116+00:00,31.13549396081362
2025-08-15 10:04:14.085097+00:00,31.14579525589943
2025-08-15 10:04:14.744851+00:00,31.13549396081362
2025-08-15 10:04:14.970497+00:00,31.140644608211005
2025-08-15 10:04:15.268700+00:00,31.14579525589943
2025-08-15 10:04:18.804219+00:00,31.14579525589943
2025-08-15 10:04:19.347215+00:00,31.14579525589943
2025-08-15 10:04:19.721933+00:00,31.14579525589943
2025-08-15 10:04:23.665718+00:00,31.140644608211005
2025-08-15 10:04:24.224845+00:00,31.140644608211005
2025-08-15 10:04:27.056588+00:00,31.13549396081362
2025-08-15 10:04:28.026953+00:00,31.12004202036769
2025-08-15 10:04:28.251380+00:00,31.13549396081362
2025-08-15 10:04:28.623843+00:00,31.13034331370727
2025-08-15 10:04:28.912297+00:00,31.13549396081362
2025-08-15 10:04:29.240376+00:00,31.13034331370727
2025-08-15 10:04:34.329564+00:00,31.13549396081362
2025-08-15 10:04:41.406664+00:00,31.109740728192264
2025-08-15 10:04:41.715869+00:00,31.11489137413446
2025-08-15 10:04:42.310082+00:00,31.104590082541108
2025-08-15 10:04:43.529888+00:00,31.125192666891962
2025-08-15 10:04:44.306133+00:00,31.11489137413446
2025-08-15 10:04:46.912167+00:00,31.125192666891962
2025-08-15 10:04:48.416922+00:00,31.104590082541108
2025-08-15 10:04:50.630085+00:00,31.083987502846867
2025-08-15 10:04:51.430744+00:00,31.078836858650902
2025-08-15 10:04:54.150996+00:00,31.073686214745976
2025-08-15 10:04:56.680672+00:00,31.068535571132088
2025-08-15 10:04:59.764409+00:00,31.04793299958692
2025-08-15 10:05:00.082761+00:00,31.042782357428223
2025-08-15 10:05:00.724926+00:00,31.04793299958692
2025-08-15 10:05:01.126466+00:00,31.042782357428223
2025-08-15 10:05:01.545019+00:00,31.042782357428223
2025-08-15 10:05:11.555735+00:00,31.04793299958692
2025-08-15 10:05:13.066446+00:00,31.042782357428223
2025-08-15 10:05:13.625851+00:00,31.042782357428223
2025-08-15 10:05:14.762054+00:00,31.042782357428223
2025-08-15 10:05:15.467721+00:00,31.04793299958692
2025-08-15 10:05:16.600893+00:00,31.042782357428223
2025-08-15 10:05:22.202635+00:00,31.053083642036654
2025-08-15 10:05:22.875058+00:00,31.058234284777427
2025-08-15 10:05:23.250285+00:00,31.053083642036654
2025-08-15 10:05:25.168229+00:00,31.058234284777427
2025-08-15 10:05:25.594131+00:00,31.06338492780924
2025-08-15 10:05:30.574066+00:00,31.083987502846867
2025-08-15 10:05:33.100787+00:00,31.083987502846867
2025-08-15 10:05:34.356975+00:00,31.08913814733387
2025-08-15 10:05:34.746488+00:00,31.073686214745976
2025-08-15 10:05:43.352996+00:00,31.09943943718099
2025-08-15 10:05:44.555267+00:00,31.09943943718099
2025-08-15 10:05:45.108662+00:00,31.09428879211191
2025-08-15 10:05:45.826219+00:00,31.104590082541108
2025-08-15 10:05:48.197660+00:00,31.104590082541108
2025-08-15 10:05:48.566977+00:00,31.09943943718099
2025-08-15 10:05:49.413128+00:00,31.104590082541108
2025-08-15 10:05:50.323443+00:00,31.104590082541108
2025-08-15 10:05:53.717261+00:00,31.104590082541108
2025-08-15 10:05:54.843220+00:00,31.109740728192264
2025-08-15 10:05:55.510946+00:00,31.104590082541108
2025-08-15 10:05:57.392027+00:00,31.11489137413446
2025-08-15 10:05:57.630330+00:00,31.109740728192264
2025-08-15 10:05:59.121145+00:00,31.11489137413446
2025-08-15 10:06:04.599853+00:00,31.11489137413446
2025-08-15 10:06:05.482013+00:00,31.11489137413446
2025-08-15 10:06:07.475100+00:00,31.11489137413446
2025-08-15 10:06:08.140223+00:00,31.11489137413446
2025-08-15 10:06:08.990158+00:00,31.109740728192264
2025-08-15 10:06:09.669344+00:00,31.104590082541108
2025-08-15 10:06:10.215996+00:00,31.109740728192264
2025-08-15 10:06:14.273530+00:00,31.125192666891962
2025-08-15 10:06:15.534798+00:00,31.11489137413446
2025-08-15 10:06:18.554267+00:00,31.11489137413446
2025-08-15 10:06:19.351493+00:00,31.12004202036769
2025-08-15 10:06:22.070396+00:00,31.12004202036769
2025-08-15 10:06:22.819945+00:00,31.12004202036769
2025-08-15 10:06:25.418907+00:00,31.11489137413446
2025-08-15 10:06:25.786975+00:00,31.109740728192264
2025-08-15 10:06:32.840183+00:00,31.109740728192264
2025-08-15 10:06:33.347383+00:00,31.12004202036769
2025-08-15 10:06:35.495112+00:00,31.11489137413446
2025-08-15 10:06:36.280365+00:00,31.11489137413446
2025-08-15 10:06:36.572697+00:00,31.12004202036769
2025-08-15 10:06:36.997743+00:00,31.12004202036769
2025-08-15 10:06:37.230244+00:00,31.125192666891962
2025-08-15 10:06:37.490620+00:00,31.125192666891962
2025-08-15 10:06:37.715331+00:00,31.12004202036769
2025-08-15 10:06:38.250625+00:00,31.125192666891962
2025-08-15 10:06:38.485923+00:00,31.125192666891962
2025-08-15 10:06:39.994505+00:00,31.13549396081362
2025-08-15 10:06:48.373627+00:00,31.150945903878892
2025-08-15 10:06:49.987301+00:00,31.14579525589943
2025-08-15 10:06:52.215876+00:00,31.14579525589943
2025-08-15 10:06:53.450952+00:00,31.140644608211005
2025-08-15 10:06:54.436999+00:00,31.140644608211005
2025-08-15 10:06:55.879031+00:00,31.14579525589943
2025-08-15 10:06:56.137796+00:00,31.140644608211005
2025-08-15 10:07:01.263160+00:00,31.13034331370727
2025-08-15 10:07:04.121383+00:00,31.13549396081362
2025-08-15 10:07:04.455958+00:00,31.13034331370727
2025-08-15 10:07:05.055984+00:00,31.125192666891962
2025-08-15 10:07:09.393690+00:00,31.140644608211005
2025-08-15 10:07:09.759169+00:00,31.13034331370727
2025-08-15 10:07:10.446784+00:00,31.125192666891962
2025-08-15 10:07:10.966121+00:00,31.13549396081362
2025-08-15 10:07:12.609124+00:00,31.13549396081362
2025-08-15 10:07:14.305726+00:00,31.13549396081362
2025-08-15 10:07:17.095270+00:00,31.125192666891962
2025-08-15 10:07:17.413259+00:00,31.12004202036769
2025-08-15 10:07:17.718731+00:00,31.125192666891962
2025-08-15 10:07:18.049779+00:00,31.13549396081362
2025-08-15 10:07:18.726101+00:00,31.125192666891962
2025-08-15 10:07:19.918806+00:00,31.13549396081362
2025-08-15 10:07:21.072854+00:00,31.125192666891962
2025-08-15 10:07:24.081919+00:00,31.125192666891962
2025-08-15 10:07:24.944683+00:00,31.11489137413446
2025-08-15 10:07:26.105510+00:00,31.125192666891962
2025-08-15 10:07:26.982114+00:00,31.12004202036769
2025-08-15 10:07:28.027638+00:00,31.11489137413446
2025-08-15 10:07:33.339009+00:00,31.109740728192264
2025-08-15 10:07:33.798630+00:00,31.09943943718099
2025-08-15 10:07:37.306700+00:00,31.09943943718099
2025-08-15 10:07:37.608048+00:00,31.09943943718099
2025-08-15 10:07:37.873747+00:00,31.104590082541108
2025-08-15 10:07:38.234111+00:00,31.104590082541108
2025-08-15 10:07:38.508052+00:00,31.104590082541108
2025-08-15 10:07:39.038155+00:00,31.104590082541108
2025-08-15 10:07:41.657944+00:00,31.09943943718099
2025-08-15 10:07:42.905572+00:00,31.08913814733387
2025-08-15 10:07:45.102094+00:00,31.08913814733387
2025-08-15 10:07:50.268111+00:00,31.104590082541108
2025-08-15 10:07:53.751416+00:00,31.083987502846867
2025-08-15 10:07:54.471589+00:00,31.09943943718099
2025-08-15 10:07:55.951160+00:00,31.09943943718099
2025-08-15 10:07:57.344648+00:00,31.083987502846867
2025-08-15 10:07:59.853064+00:00,31.09428879211191
2025-08-15 10:08:01.119236+00:00,31.109740728192264
2025-08-15 10:08:01.879818+00:00,31.109740728192264
2025-08-15 10:08:02.334678+00:00,31.104590082541108
2025-08-15 10:08:03.566764+00:00,31.109740728192264
2025-08-15 10:08:04.031172+00:00,31.104590082541108
2025-08-15 10:08:06.696161+00:00,31.109740728192264
2025-08-15 10:08:07.209967+00:00,31.11489137413446
2025-08-15 10:08:07.811033+00:00,31.104590082541108
2025-08-15 10:08:08.371087+00:00,31.109740728192264
2025-08-15 10:08:12.359061+00:00,31.104590082541108
2025-08-15 10:08:12.724124+00:00,31.125192666891962
2025-08-15 10:08:13.333915+00:00,31.125192666891962
2025-08-15 10:08:15.368321+00:00,31.125192666891962
2025-08-15 10:08:16.170001+00:00,31.109740728192264
2025-08-15 10:08:16.506583+00:00,31.11489137413446
2025-08-15 10:08:18.805001+00:00,31.11489137413446
2025-08-15 10:08:20.588237+00:00,31.109740728192264
2025-08-15 10:08:21.054128+00:00,31.109740728192264
2025-08-15 10:08:21.311539+00:00,31.109740728192264
2025-08-15 10:08:22.233258+00:00,31.11489137413446
2025-08-15 10:08:24.551632+00:00,31.09428879211191
2025-08-15 10:08:24.880388+00:00,31.11489137413446
2025-08-15 10:08:25.247408+00:00,31.11489137413446
2025-08-15 10:08:25.731977+00:00,31.11489137413446
2025-08-15 10:08:27.947355+00:00,31.11489137413446
2025-08-15 10:08:30.216923+00:00,31.109740728192264
2025-08-15 10:08:31.303356+00:00,31.12004202036769
2025-08-15 10:08:31.845567+00:00,31.109740728192264
2025-08-15 10:08:32.231920+00:00,31.12004202036769
2025-08-15 10:08:35.160536+00:00,31.09943943718099
2025-08-15 10:08:35.623636+00:00,31.08913814733387
2025-08-15 10:08:36.195358+00:00,31.11489137413446
2025-08-15 10:08:37.935072+00:00,31.104590082541108
2025-08-15 10:08:38.234001+00:00,31.109740728192264
2025-08-15 10:08:38.923809+00:00,31.104590082541108
2025-08-15 10:08:40.911310+00:00,31.109740728192264
2025-08-15 10:08:42.700511+00:00,31.09943943718099
2025-08-15 10:08:44.754938+00:00,31.104590082541108
2025-08-15 10:08:45.625707+00:00,31.11489137413446
2025-08-15 10:08:47.947172+00:00,31.104590082541108
2025-08-15 10:08:49.147314+00:00,31.104590082541108
2025-08-15 10:08:49.605046+00:00,31.104590082541108
2025-08-15 10:08:51.994733+00:00,31.104590082541108
2025-08-15 10:08:52.679850+00:00,31.109740728192264
2025-08-15 10:08:54.184225+00:00,31.12004202036769
2025-08-15 10:08:57.365766+00:00,31.125192666891962
2025-08-15 10:09:00.364746+00:00,31.140644608211005
2025-08-15 10:09:01.422950+00:00,31.13034331370727
2025-08-15 10:09:02.678428+00:00,31.13034331370727
2025-08-15 10:09:03.853437+00:00,31.125192666891962
2025-08-15 10:09:08.252699+00:00,31.13549396081362
2025-08-15 10:09:08.671352+00:00,31.13549396081362
2025-08-15 10:09:09.055810+00:00,31.140644608211005
2025-08-15 10:09:11.072149+00:00,31.13549396081362
2025-08-15 10:09:14.608821+00:00,31.13549396081362
2025-08-15 10:09:16.217673+00:00,31.150945903878892
2025-08-15 10:09:18.805028+00:00,31.16639784956351
2025-08-15 10:09:19.123595+00:00,31.16639784956351
2025-08-15 10:09:19.405738+00:00,31.17669914814178
2025-08-15 10:09:21.157592+00:00,31.16639784956351
2025-08-15 10:09:23.158323+00:00,31.171548498707125
2025-08-15 10:09:23.407649+00:00,31.17669914814178
2025-08-15 10:09:23.901044+00:00,31.16639784956351
2025-08-15 10:09:24.136106+00:00,31.14579525589943
2025-08-15 10:09:26.249226+00:00,31.16639784956351
2025-08-15 10:09:26.993383+00:00,31.16639784956351
2025-08-15 10:09:31.253709+00:00,31.150945903878892
2025-08-15 10:09:32.658777+00:00,31.150945903878892
2025-08-15 10:09:33.116147+00:00,31.140644608211005
2025-08-15 10:09:34.020630+00:00,31.161247200710932
2025-08-15 10:09:34.575498+00:00,31.150945903878892
2025-08-15 10:09:34.883598+00:00,31.161247200710932
2025-08-15 10:09:37.252958+00:00,31.150945903878892
2025-08-15 10:09:37.508927+00:00,31.156096552149393
2025-08-15 10:09:37.799225+00:00,31.14579525589943
2025-08-15 10:09:38.121433+00:00,31.156096552149393
2025-08-15 10:09:39.483062+00:00,31.156096552149393
2025-08-15 10:09:40.602745+00:00,31.161247200710932
2025-08-15 10:09:42.140506+00:00,31.17669914814178
2025-08-15 10:09:42.743533+00:00,31.171548498707125
2025-08-15 10:09:44.755565+00:00,31.197301748790778
2025-08-15 10:09:46.437111+00:00,31.18184979786747
2025-08-15 10:09:46.992691+00:00,31.202452399680624
2025-08-15 10:09:47.410585+00:00,31.202452399680624
2025-08-15 10:09:49.782465+00:00,31.207603050861508
2025-08-15 10:09:50.505711+00:00,31.21275370233343
2025-08-15 10:09:51.388053+00:00,31.21275370233343
2025-08-15 10:09:54.806973+00:00,31.21275370233343
2025-08-15 10:09:56.424737+00:00,31.21790435409639
2025-08-15 10:09:56.785883+00:00,31.207603050861508
2025-08-15 10:10:02.483849+00:00,31.21275370233343
2025-08-15 10:10:06.243526+00:00,31.207603050861508
2025-08-15 10:10:07.317514+00:00,31.207603050861508
2025-08-15 10:10:07.835281+00:00,31.202452399680624
2025-08-15 10:10:08.277150+00:00,31.202452399680624
2025-08-15 10:10:09.534121+00:00,31.207603050861508
2025-08-15 10:10:09.878206+00:00,31.187000447884202
2025-08-15 10:10:10.209017+00:00,31.187000447884202
2025-08-15 10:10:11.617743+00:00,31.207603050861508
2025-08-15 10:10:16.302223+00:00,31.187000447884202
2025-08-15 10:10:16.660325+00:00,31.187000447884202
2025-08-15 10:10:16.980019+00:00,31.17669914814178
2025-08-15 10:10:19.900524+00:00,31.187000447884202
2025-08-15 10:10:20.249482+00:00,31.17669914814178
2025-08-15 10:10:20.689217+00:00,31.17669914814178
2025-08-15 10:10:21.097541+00:00,31.17669914814178
2025-08-15 10:10:21.481655+00:00,31.171548498707125
2025-08-15 10:10:22.760063+00:00,31.171548498707125
2025-08-15 10:10:27.745337+00:00,31.16639784956351
2025-08-15 10:10:30.281492+00:00,31.171548498707125
2025-08-15 10:10:31.520496+00:00,31.17669914814178
2025-08-15 10:10:32.872806+00:00,31.17669914814178
2025-08-15 10:10:35.299774+00:00,31.17669914814178
2025-08-15 10:10:35.917316+00:00,31.171548498707125
2025-08-15 10:10:37.323909+00:00,31.17669914814178
2025-08-15 10:10:38.292579+00:00,31.171548498707125
2025-08-15 10:10:39.145632+00:00,31.18184979786747
2025-08-15 10:10:39.464447+00:00,31.18184979786747
2025-08-15 10:10:39.733459+00:00,31.18184979786747
2025-08-15 10:10:39.982908+00:00,31.17669914814178
2025-08-15 10:10:41.499497+00:00,31.171548498707125
2025-08-15 10:10:42.974310+00:00,31.171548498707125
2025-08-15 10:10:43.658980+00:00,31.17669914814178
2025-08-15 10:10:44.611966+00:00,31.17669914814178
2025-08-15 10:10:48.678824+00:00,31.161247200710932
2025-08-15 10:10:54.961402+00:00,31.18184979786747
2025-08-15 10:10:57.799437+00:00,31.17669914814178
2025-08-15 10:10:58.419889+00:00,31.18184979786747
2025-08-15 10:10:59.524035+00:00,31.171548498707125
2025-08-15 10:11:00.500068+00:00,31.171548498707125
2025-08-15 10:11:03.022537+00:00,31.17669914814178
2025-08-15 10:11:03.674256+00:00,31.187000447884202
2025-08-15 10:11:04.242899+00:00,31.187000447884202
2025-08-15 10:11:04.704504+00:00,31.187000447884202
2025-08-15 10:11:05.425864+00:00,31.187000447884202
2025-08-15 10:11:06.275129+00:00,31.197301748790778
2025-08-15 10:11:14.408776+00:00,31.19215109819197
2025-08-15 10:11:19.356122+00:00,31.197301748790778
2025-08-15 10:11:21.640242+00:00,31.197301748790778
2025-08-15 10:11:23.064730+00:00,31.187000447884202
2025-08-15 10:11:23.382886+00:00,31.197301748790778
2025-08-15 10:11:25.239138+00:00,31.17669914814178
2025-08-15 10:11:26.256341+00:00,31.18184979786747
2025-08-15 10:11:27.042059+00:00,31.187000447884202
2025-08-15 10:11:27.260166+00:00,31.202452399680624
2025-08-15 10:11:27.507079+00:00,31.202452399680624
2025-08-15 10:11:27.810579+00:00,31.197301748790778
2025-08-15 10:11:27.998400+00:00,31.202452399680624
2025-08-15 10:11:28.245453+00:00,31.187000447884202
2025-08-15 10:11:28.396424+00:00,31.187000447884202
2025-08-15 10:11:30.257209+00:00,31.197301748790778
2025-08-15 10:11:31.774676+00:00,31.18184979786747
2025-08-15 10:11:34.487908+00:00,31.187000447884202
2025-08-15 10:11:35.238529+00:00,31.17669914814178
2025-08-15 10:11:36.559896+00:00,31.17669914814178
2025-08-15 10:11:38.989775+00:00,31.171548498707125
2025-08-15 10:11:40.343070+00:00,31.171548498707125
2025-08-15 10:11:40.918805+00:00,31.171548498707125
2025-08-15 10:11:41.581766+00:00,31.18184979786747
2025-08-15 10:11:42.448535+00:00,31.18184979786747
2025-08-15 10:11:43.468101+00:00,31.187000447884202
2025-08-15 10:11:43.763789+00:00,31.18184979786747
2025-08-15 10:11:44.371854+00:00,31.197301748790778
2025-08-15 10:11:44.996905+00:00,31.19215109819197
2025-08-15 10:11:46.804001+00:00,31.187000447884202
2025-08-15 10:11:47.138145+00:00,31.187000447884202
2025-08-15 10:11:47.963409+00:00,31.202452399680624
2025-08-15 10:11:48.756456+00:00,31.197301748790778
2025-08-15 10:11:51.114426+00:00,31.21275370233343
2025-08-15 10:11:52.583930+00:00,31.22305500615039
2025-08-15 10:11:56.139069+00:00,31.228205658495426
2025-08-15 10:11:56.983316+00:00,31.243657617276767
2025-08-15 10:11:58.731049+00:00,31.253958924586186
2025-08-15 10:12:00.066892+00:00,31.238506964058615
2025-08-15 10:12:03.565551+00:00,31.253958924586186
2025-08-15 10:12:07.001293+00:00,31.248808270785958
2025-08-15 10:12:08.891469+00:00,31.248808270785958
2025-08-15 10:12:12.826549+00:00,31.274561542697484
2025-08-15 10:12:17.157991+00:00,31.269410887733102
2025-08-15 10:12:17.771729+00:00,31.274561542697484
2025-08-15 10:12:18.083487+00:00,31.274561542697484
2025-08-15 10:12:21.246640+00:00,31.279712197952904
2025-08-15 10:12:21.640203+00:00,31.269410887733102
2025-08-15 10:12:23.247338+00:00,31.26426023305976
2025-08-15 10:12:23.613015+00:00,31.269410887733102
2025-08-15 10:12:24.356533+00:00,31.26426023305976
2025-08-15 10:12:24.857099+00:00,31.279712197952904
2025-08-15 10:12:26.903251+00:00,31.29001350933686
2025-08-15 10:12:27.329229+00:00,31.279712197952904
2025-08-15 10:12:28.307883+00:00,31.279712197952904
2025-08-15 10:12:28.641687+00:00,31.284862853499362
2025-08-15 10:12:30.592742+00:00,31.29001350933686
2025-08-15 10:12:31.574597+00:00,31.295164165465394
2025-08-15 10:12:32.910722+00:00,31.284862853499362
2025-08-15 10:12:33.405343+00:00,31.29001350933686
2025-08-15 10:12:34.555626+00:00,31.29001350933686
2025-08-15 10:12:35.605353+00:00,31.29001350933686
2025-08-15 10:12:36.961425+00:00,31.29001350933686
2025-08-15 10:12:37.592469+00:00,31.284862853499362
2025-08-15 10:12:38.429054+00:00,31.29001350933686
2025-08-15 10:12:38.880296+00:00,31.300314821884967
2025-08-15 10:12:41.327192+00:00,31.284862853499362
2025-08-15 10:12:41.660494+00:00,31.279712197952904
2025-08-15 10:12:41.954071+00:00,31.279712197952904
2025-08-15 10:12:42.604643+00:00,31.279712197952904
2025-08-15 10:12:43.907173+00:00,31.279712197952904
2025-08-15 10:12:44.700703+00:00,31.274561542697484
2025-08-15 10:12:44.951105+00:00,31.279712197952904
2025-08-15 10:12:45.401622+00:00,31.279712197952904
2025-08-15 10:12:45.902313+00:00,31.269410887733102
2025-08-15 10:12:48.117549+00:00,31.279712197952904
2025-08-15 10:12:49.054309+00:00,31.26426023305976
2025-08-15 10:12:49.850342+00:00,31.269410887733102
2025-08-15 10:12:51.029180+00:00,31.259109578677453
2025-08-15 10:12:52.146043+00:00,31.259109578677453
2025-08-15 10:12:58.245767+00:00,31.248808270785958
2025-08-15 10:12:58.657868+00:00,31.238506964058615
2025-08-15 10:12:59.065276+00:00,31.243657617276767
2025-08-15 10:13:01.680795+00:00,31.253958924586186
2025-08-15 10:13:02.141038+00:00,31.279712197952904
2025-08-15 10:13:03.263518+00:00,31.274561542697484
2025-08-15 10:13:04.129826+00:00,31.269410887733102
2025-08-15 10:13:04.788112+00:00,31.274561542697484
2025-08-15 10:13:10.645293+00:00,31.284862853499362
2025-08-15 10:13:12.895456+00:00,31.284862853499362
2025-08-15 10:13:13.428468+00:00,31.269410887733102
2025-08-15 10:13:14.372840+00:00,31.279712197952904
2025-08-15 10:13:15.637701+00:00,31.29001350933686
2025-08-15 10:13:19.175316+00:00,31.279712197952904
2025-08-15 10:13:19.502169+00:00,31.279712197952904
2025-08-15 10:13:22.171913+00:00,31.284862853499362
2025-08-15 10:13:26.436060+00:00,31.295164165465394
2025-08-15 10:13:27.347723+00:00,31.31061613559723
2025-08-15 10:13:28.952666+00:00,31.300314821884967
2025-08-15 10:13:31.767762+00:00,31.300314821884967
2025-08-15 10:13:34.482562+00:00,31.284862853499362
2025-08-15 10:13:36.454597+00:00,31.279712197952904
2025-08-15 10:13:36.763653+00:00,31.295164165465394
2025-08-15 10:13:37.180936+00:00,31.29001350933686
2025-08-15 10:13:37.721395+00:00,31.32606810834841
2025-08-15 10:13:37.890650+00:00,31.279712197952904
2025-08-15 10:13:38.152922+00:00,31.279712197952904
2025-08-15 10:13:38.343080+00:00,31.284862853499362
2025-08-15 10:13:38.895920+00:00,31.284862853499362
2025-08-15 10:13:41.816513+00:00,31.279712197952904
2025-08-15 10:13:42.763065+00:00,31.279712197952904
2025-08-15 10:13:44.693243+00:00,31.269410887733102
2025-08-15 10:13:48.484450+00:00,31.26426023305976
2025-08-15 10:13:48.669488+00:00,31.26426023305976
2025-08-15 10:13:48.920521+00:00,31.269410887733102
2025-08-15 10:13:49.095972+00:00,31.274561542697484
2025-08-15 10:13:50.289261+00:00,31.269410887733102
2025-08-15 10:13:50.941093+00:00,31.279712197952904
2025-08-15 10:13:51.203557+00:00,31.295164165465394
2025-08-15 10:13:52.936766+00:00,31.284862853499362
2025-08-15 10:13:53.478415+00:00,31.279712197952904
2025-08-15 10:13:54.403981+00:00,31.279712197952904
2025-08-15 10:13:55.420853+00:00,31.284862853499362
2025-08-15 10:13:59.484474+00:00,31.29001350933686
2025-08-15 10:14:09.044363+00:00,31.29001350933686
2025-08-15 10:14:12.603029+00:00,31.274561542697484
2025-08-15 10:14:13.120251+00:00,31.279712197952904
2025-08-15 10:14:13.630857+00:00,31.279712197952904
2025-08-15 10:14:13.907524+00:00,31.269410887733102
2025-08-15 10:14:14.216558+00:00,31.274561542697484
2025-08-15 10:14:14.535710+00:00,31.274561542697484
2025-08-15 10:14:15.518459+00:00,31.274561542697484
2025-08-15 10:14:17.117894+00:00,31.269410887733102
2025-08-15 10:14:17.471303+00:00,31.284862853499362
2025-08-15 10:14:18.408146+00:00,31.279712197952904
2025-08-15 10:14:19.496971+00:00,31.269410887733102
2025-08-15 10:14:19.919384+00:00,31.26426023305976
2025-08-15 10:14:20.157176+00:00,31.274561542697484
2025-08-15 10:14:21.516562+00:00,31.269410887733102
2025-08-15 10:14:23.596548+00:00,31.259109578677453
2025-08-15 10:14:24.249966+00:00,31.259109578677453
2025-08-15 10:14:26.804975+00:00,31.248808270785958
2025-08-15 10:14:27.338867+00:00,31.243657617276767
2025-08-15 10:14:30.573114+00:00,31.243657617276767
2025-08-15 10:14:32.364263+00:00,31.243657617276767
2025-08-15 10:14:36.480665+00:00,31.238506964058615
2025-08-15 10:14:40.531816+00:00,31.238506964058615
2025-08-15 10:14:40.892077+00:00,31.228205658495426
2025-08-15 10:14:41.644222+00:00,31.21275370233343
2025-08-15 10:14:43.164286+00:00,31.22305500615039
2025-08-15 10:14:43.458409+00:00,31.22305500615039
2025-08-15 10:14:44.760926+00:00,31.21790435409639
2025-08-15 10:14:49.370655+00:00,31.207603050861508
2025-08-15 10:14:49.981503+00:00,31.202452399680624
2025-08-15 10:14:51.786670+00:00,31.197301748790778
2025-08-15 10:14:52.983018+00:00,31.197301748790778
2025-08-15 10:14:54.251146+00:00,31.202452399680624
2025-08-15 10:14:54.980017+00:00,31.202452399680624
2025-08-15 10:14:56.258334+00:00,31.18184979786747
2025-08-15 10:14:57.828175+00:00,31.187000447884202
2025-08-15 10:14:59.549683+00:00,31.18184979786747
2025-08-15 10:15:00.017671+00:00,31.187000447884202
2025-08-15 10:15:02.134059+00:00,31.202452399680624
2025-08-15 10:15:04.306976+00:00,31.197301748790778
2025-08-15 10:15:08.048492+00:00,31.21275370233343
2025-08-15 10:15:10.477229+00:00,31.202452399680624
2025-08-15 10:15:11.056939+00:00,31.202452399680624
2025-08-15 10:15:12.284423+00:00,31.197301748790778
2025-08-15 10:15:13.286187+00:00,31.207603050861508
2025-08-15 10:15:20.777473+00:00,31.197301748790778
2025-08-15 10:15:23.612792+00:00,31.16639784956351
2025-08-15 10:15:23.862398+00:00,31.17669914814178
2025-08-15 10:15:27.860841+00:00,31.17669914814178
2025-08-15 10:15:30.847818+00:00,31.17669914814178
2025-08-15 10:15:35.577433+00:00,31.16639784956351
2025-08-15 10:15:37.401978+00:00,31.171548498707125
2025-08-15 10:15:37.912225+00:00,31.17669914814178
2025-08-15 10:15:39.812183+00:00,31.17669914814178
2025-08-15 10:15:40.411951+00:00,31.171548498707125
2025-08-15 10:15:42.594199+00:00,31.17669914814178
2025-08-15 10:15:45.931742+00:00,31.187000447884202
2025-08-15 10:15:46.337635+00:00,31.197301748790778
2025-08-15 10:15:52.170478+00:00,31.187000447884202
2025-08-15 10:15:53.689452+00:00,31.18184979786747
2025-08-15 10:15:56.254376+00:00,31.161247200710932
2025-08-15 10:15:56.554455+00:00,31.171548498707125
2025-08-15 10:15:57.232218+00:00,31.17669914814178
2025-08-15 10:15:58.284293+00:00,31.16639784956351
2025-08-15 10:15:58.969824+00:00,31.17669914814178
2025-08-15 10:16:04.502248+00:00,31.187000447884202
2025-08-15 10:16:05.076049+00:00,31.18184979786747
2025-08-15 10:16:06.544028+00:00,31.17669914814178
2025-08-15 10:16:09.492873+00:00,31.18184979786747
2025-08-15 10:16:11.177056+00:00,31.18184979786747
2025-08-15 10:16:11.593488+00:00,31.207603050861508
2025-08-15 10:16:12.259661+00:00,31.202452399680624
2025-08-15 10:16:14.483293+00:00,31.21275370233343
2025-08-15 10:16:14.784574+00:00,31.207603050861508
2025-08-15 10:16:15.068247+00:00,31.207603050861508
2025-08-15 10:16:15.384528+00:00,31.207603050861508
2025-08-15 10:16:15.710270+00:00,31.202452399680624
2025-08-15 10:16:16.008597+00:00,31.21275370233343
2025-08-15 10:16:22.009902+00:00,31.21275370233343
2025-08-15 10:16:25.516391+00:00,31.207603050861508
2025-08-15 10:16:26.729236+00:00,31.207603050861508
2025-08-15 10:16:27.602994+00:00,31.202452399680624
2025-08-15 10:16:28.324937+00:00,31.202452399680624
2025-08-15 10:16:29.601841+00:00,31.207603050861508
2025-08-15 10:16:33.143485+00:00,31.202452399680624
2025-08-15 10:16:34.233551+00:00,31.207603050861508
2025-08-15 10:16:34.607711+00:00,31.21790435409639
2025-08-15 10:16:34.835725+00:00,31.21275370233343
2025-08-15 10:16:35.535450+00:00,31.207603050861508
2025-08-15 10:16:36.923983+00:00,31.202452399680624
2025-08-15 10:16:37.592509+00:00,31.197301748790778
2025-08-15 10:16:42.863101+00:00,31.207603050861508
2025-08-15 10:16:43.121732+00:00,31.202452399680624
2025-08-15 10:16:43.396880+00:00,31.207603050861508
2025-08-15 10:16:46.951215+00:00,31.207603050861508
2025-08-15 10:16:47.567489+00:00,31.21790435409639
2025-08-15 10:16:50.040139+00:00,31.197301748790778
2025-08-15 10:16:51.684233+00:00,31.207603050861508
2025-08-15 10:16:52.036590+00:00,31.21275370233343
2025-08-15 10:16:52.863424+00:00,31.21275370233343
2025-08-15 10:16:53.656987+00:00,31.21275370233343
2025-08-15 10:16:54.434589+00:00,31.21275370233343
2025-08-15 10:16:57.150434+00:00,31.21275370233343
2025-08-15 10:16:58.142747+00:00,31.202452399680624
2025-08-15 10:16:58.533269+00:00,31.202452399680624
2025-08-15 10:17:01.503384+00:00,31.202452399680624
2025-08-15 10:17:04.207802+00:00,31.197301748790778
2025-08-15 10:17:05.216518+00:00,31.197301748790778
2025-08-15 10:17:14.008135+00:00,31.228205658495426
2025-08-15 10:17:16.057858+00:00,31.238506964058615
2025-08-15 10:17:17.766249+00:00,31.2333563111315
2025-08-15 10:17:21.749002+00:00,31.228205658495426
2025-08-15 10:17:22.008990+00:00,31.228205658495426
2025-08-15 10:17:23.137065+00:00,31.22305500615039
2025-08-15 10:17:24.450250+00:00,31.22305500615039
2025-08-15 10:17:24.950055+00:00,31.228205658495426
2025-08-15 10:17:25.685336+00:00,31.228205658495426
2025-08-15 10:17:27.800110+00:00,31.228205658495426
2025-08-15 10:17:29.576766+00:00,31.228205658495426
2025-08-15 10:17:33.925174+00:00,31.21275370233343
2025-08-15 10:17:34.269621+00:00,31.207603050861508
2025-08-15 10:17:34.605559+00:00,31.21790435409639
2025-08-15 10:17:36.126230+00:00,31.228205658495426
2025-08-15 10:17:36.358662+00:00,31.21275370233343
2025-08-15 10:17:36.798712+00:00,31.228205658495426
2025-08-15 10:17:39.124722+00:00,31.2333563111315
2025-08-15 10:17:40.954722+00:00,31.21275370233343
2025-08-15 10:17:42.849824+00:00,31.207603050861508
2025-08-15 10:17:44.167355+00:00,31.21790435409639
2025-08-15 10:17:44.416165+00:00,31.21790435409639
2025-08-15 10:17:46.715462+00:00,31.202452399680624
2025-08-15 10:17:47.907939+00:00,31.207603050861508
2025-08-15 10:17:48.363217+00:00,31.21275370233343
2025-08-15 10:17:48.817510+00:00,31.228205658495426
2025-08-15 10:17:50.773690+00:00,31.21275370233343
2025-08-15 10:17:53.432705+00:00,31.21275370233343
2025-08-15 10:17:54.441476+00:00,31.21790435409639
2025-08-15 10:17:56.368731+00:00,31.22305500615039
2025-08-15 10:17:56.629127+00:00,31.22305500615039
2025-08-15 10:17:58.384101+00:00,31.22305500615039
2025-08-15 10:17:58.785298+00:00,31.243657617276767
2025-08-15 10:17:59.376711+00:00,31.2333563111315
2025-08-15 10:18:01.798473+00:00,31.228205658495426
2025-08-15 10:18:02.298031+00:00,31.22305500615039
2025-08-15 10:18:02.565250+00:00,31.2333563111315
2025-08-15 10:18:05.524284+00:00,31.21790435409639
2025-08-15 10:18:12.123014+00:00,31.207603050861508
2025-08-15 10:18:12.546662+00:00,31.202452399680624
2025-08-15 10:18:13.144553+00:00,31.197301748790778
2025-08-15 10:18:13.620261+00:00,31.197301748790778
2025-08-15 10:18:16.201400+00:00,31.202452399680624
2025-08-15 10:18:18.246632+00:00,31.21275370233343
2025-08-15 10:18:19.115262+00:00,31.207603050861508
2025-08-15 10:18:21.098717+00:00,31.238506964058615
2025-08-15 10:18:22.458785+00:00,31.2333563111315
2025-08-15 10:18:23.241244+00:00,31.21790435409639
2025-08-15 10:18:24.814038+00:00,31.21790435409639
2025-08-15 10:18:25.608736+00:00,31.228205658495426
2025-08-15 10:18:26.849407+00:00,31.22305500615039
2025-08-15 10:18:27.671239+00:00,31.21790435409639
2025-08-15 10:18:29.918765+00:00,31.21275370233343
2025-08-15 10:18:30.654667+00:00,31.21790435409639
2025-08-15 10:18:31.590407+00:00,31.21275370233343
2025-08-15 10:18:32.175761+00:00,31.207603050861508
2025-08-15 10:18:33.389757+00:00,31.21790435409639
2025-08-15 10:18:33.871229+00:00,31.2333563111315
2025-08-15 10:18:34.356386+00:00,31.228205658495426
2025-08-15 10:18:34.647680+00:00,31.228205658495426
2025-08-15 10:18:35.466513+00:00,31.2333563111315
2025-08-15 10:18:36.556382+00:00,31.2333563111315
2025-08-15 10:18:38.064940+00:00,31.228205658495426
2025-08-15 10:18:41.440578+00:00,31.22305500615039
2025-08-15 10:18:42.847260+00:00,31.228205658495426
2025-08-15 10:18:47.097792+00:00,31.228205658495426
2025-08-15 10:18:49.685596+00:00,31.22305500615039
2025-08-15 10:18:52.009782+00:00,31.202452399680624
2025-08-15 10:18:53.031928+00:00,31.197301748790778
2025-08-15 10:18:53.256160+00:00,31.202452399680624
2025-08-15 10:18:53.438463+00:00,31.202452399680624
2025-08-15 10:18:53.746518+00:00,31.207603050861508
2025-08-15 10:18:53.997001+00:00,31.21275370233343
2025-08-15 10:18:54.431151+00:00,31.21790435409639
2025-08-15 10:18:54.676169+00:00,31.21275370233343
2025-08-15 10:18:54.983288+00:00,31.207603050861508
2025-08-15 10:18:55.953353+00:00,31.21275370233343
2025-08-15 10:18:56.314462+00:00,31.202452399680624
2025-08-15 10:18:56.595840+00:00,31.21275370233343
2025-08-15 10:18:56.789504+00:00,31.207603050861508
2025-08-15 10:18:57.138488+00:00,31.21275370233343
2025-08-15 10:18:57.398872+00:00,31.207603050861508
2025-08-15 10:18:57.690259+00:00,31.207603050861508
2025-08-15 10:18:57.915269+00:00,31.21790435409639
2025-08-15 10:18:59.255370+00:00,31.197301748790778
2025-08-15 10:18:59.864147+00:00,31.187000447884202
2025-08-15 10:19:00.106080+00:00,31.197301748790778
2025-08-15 10:19:03.831738+00:00,31.197301748790778
2025-08-15 10:19:07.880459+00:00,31.17669914814178
2025-08-15 10:19:10.243599+00:00,31.161247200710932
2025-08-15 10:19:12.192705+00:00,31.161247200710932
2025-08-15 10:19:13.289055+00:00,31.156096552149393
2025-08-15 10:19:19.797474+00:00,31.161247200710932
2025-08-15 10:19:20.215648+00:00,31.150945903878892
2025-08-15 10:19:20.577062+00:00,31.140644608211005
2025-08-15 10:19:20.822234+00:00,31.150945903878892
2025-08-15 10:19:21.130979+00:00,31.156096552149393
2025-08-15 10:19:22.439168+00:00,31.156096552149393
2025-08-15 10:19:25.137772+00:00,31.14579525589943
2025-08-15 10:19:29.881827+00:00,31.125192666891962
2025-08-15 10:19:31.122480+00:00,31.140644608211005
2025-08-15 10:19:31.706164+00:00,31.14579525589943
2025-08-15 10:19:37.217895+00:00,31.150945903878892
2025-08-15 10:19:40.579394+00:00,31.161247200710932
2025-08-15 10:19:41.495881+00:00,31.156096552149393
2025-08-15 10:19:43.662742+00:00,31.150945903878892
2025-08-15 10:19:44.046294+00:00,31.150945903878892
2025-08-15 10:19:45.079266+00:00,31.150945903878892
2025-08-15 10:19:45.711930+00:00,31.16639784956351
2025-08-15 10:19:49.537315+00:00,31.16639784956351
2025-08-15 10:19:49.813741+00:00,31.161247200710932
2025-08-15 10:19:50.047899+00:00,31.171548498707125
2025-08-15 10:19:50.389556+00:00,31.16639784956351
2025-08-15 10:19:51.811787+00:00,31.16639784956351
2025-08-15 10:19:55.638537+00:00,31.16639784956351
2025-08-15 10:19:57.210118+00:00,31.161247200710932
2025-08-15 10:19:59.146986+00:00,31.16639784956351
2025-08-15 10:20:01.980130+00:00,31.156096552149393
2025-08-15 10:20:03.812719+00:00,31.16639784956351
2025-08-15 10:20:04.142914+00:00,31.16639784956351
2025-08-15 10:20:05.713284+00:00,31.156096552149393
2025-08-15 10:20:10.763137+00:00,31.16639784956351
2025-08-15 10:20:11.095206+00:00,31.16639784956351
2025-08-15 10:20:11.421409+00:00,31.171548498707125
2025-08-15 10:20:11.778532+00:00,31.17669914814178
2025-08-15 10:20:18.985864+00:00,31.161247200710932
2025-08-15 10:20:25.269440+00:00,31.171548498707125
2025-08-15 10:20:30.004995+00:00,31.18184979786747
2025-08-15 10:20:31.661095+00:00,31.16639784956351
2025-08-15 10:20:32.529292+00:00,31.171548498707125
2025-08-15 10:20:33.108292+00:00,31.18184979786747
2025-08-15 10:20:34.353216+00:00,31.17669914814178
2025-08-15 10:20:34.827448+00:00,31.18184979786747
2025-08-15 10:20:36.521315+00:00,31.187000447884202
2025-08-15 10:20:38.462262+00:00,31.18184979786747
2025-08-15 10:20:40.358372+00:00,31.16639784956351
2025-08-15 10:20:40.812957+00:00,31.16639784956351
2025-08-15 10:20:41.255520+00:00,31.171548498707125
2025-08-15 10:20:42.260576+00:00,31.17669914814178
2025-08-15 10:20:43.062724+00:00,31.18184979786747
2025-08-15 10:20:44.796189+00:00,31.18184979786747
2025-08-15 10:20:50.804049+00:00,31.17669914814178
2025-08-15 10:20:51.562391+00:00,31.21790435409639
2025-08-15 10:20:52.123832+00:00,31.187000447884202
2025-08-15 10:20:56.504496+00:00,31.202452399680624
2025-08-15 10:20:57.136225+00:00,31.21275370233343
2025-08-15 10:20:58.573210+00:00,31.238506964058615
2025-08-15 10:20:58.965928+00:00,31.238506964058615
2025-08-15 10:20:59.500355+00:00,31.228205658495426
2025-08-15 10:20:59.829023+00:00,31.228205658495426
2025-08-15 10:21:00.628053+00:00,31.2333563111315
2025-08-15 10:21:04.253287+00:00,31.228205658495426
2025-08-15 10:21:07.933001+00:00,31.2333563111315
2025-08-15 10:21:11.189934+00:00,31.238506964058615
2025-08-15 10:21:12.334078+00:00,31.243657617276767
2025-08-15 10:21:13.578937+00:00,31.248808270785958
2025-08-15 10:21:14.989939+00:00,31.238506964058615
2025-08-15 10:21:16.753839+00:00,31.238506964058615
2025-08-15 10:21:17.136210+00:00,31.238506964058615
2025-08-15 10:21:18.639059+00:00,31.238506964058615
2025-08-15 10:21:24.416209+00:00,31.238506964058615
2025-08-15 10:21:25.244726+00:00,31.2333563111315
2025-08-15 10:21:25.502394+00:00,31.238506964058615
2025-08-15 10:21:25.938311+00:00,31.238506964058615
2025-08-15 10:21:26.273500+00:00,31.2333563111315
2025-08-15 10:21:26.715267+00:00,31.2333563111315
2025-08-15 10:21:28.620121+00:00,31.228205658495426
2025-08-15 10:21:30.528295+00:00,31.238506964058615
2025-08-15 10:21:32.578042+00:00,31.21790435409639
2025-08-15 10:21:32.919020+00:00,31.22305500615039
2025-08-15 10:21:36.952334+00:00,31.21790435409639
2025-08-15 10:21:38.761225+00:00,31.22305500615039
2025-08-15 10:21:39.369646+00:00,31.207603050861508
2025-08-15 10:21:39.938537+00:00,31.21790435409639
2025-08-15 10:21:40.677721+00:00,31.207603050861508
2025-08-15 10:21:41.571953+00:00,31.197301748790778
2025-08-15 10:21:42.310012+00:00,31.207603050861508
2025-08-15 10:21:43.201578+00:00,31.202452399680624
2025-08-15 10:21:44.618694+00:00,31.21790435409639
2025-08-15 10:21:45.702232+00:00,31.197301748790778
2025-08-15 10:21:45.942850+00:00,31.202452399680624
2025-08-15 10:21:48.299288+00:00,31.207603050861508
2025-08-15 10:21:48.876931+00:00,31.197301748790778
2025-08-15 10:21:49.587699+00:00,31.207603050861508
2025-08-15 10:21:52.443737+00:00,31.187000447884202
2025-08-15 10:21:52.694429+00:00,31.187000447884202
2025-08-15 10:21:54.950208+00:00,31.18184979786747
2025-08-15 10:21:55.787121+00:00,31.171548498707125
2025-08-15 10:21:57.672374+00:00,31.17669914814178
2025-08-15 10:21:59.504033+00:00,31.171548498707125
2025-08-15 10:22:01.593568+00:00,31.161247200710932
2025-08-15 10:22:02.605318+00:00,31.17669914814178
2025-08-15 10:22:04.777747+00:00,31.161247200710932
2025-08-15 10:22:06.663108+00:00,31.156096552149393
2025-08-15 10:22:08.826119+00:00,31.156096552149393
2025-08-15 10:22:09.746820+00:00,31.150945903878892
2025-08-15 10:22:13.885505+00:00,31.156096552149393
2025-08-15 10:22:17.493840+00:00,31.156096552149393
2025-08-15 10:22:18.395116+00:00,31.140644608211005
2025-08-15 10:22:20.890708+00:00,31.140644608211005
2025-08-15 10:22:23.601071+00:00,31.140644608211005
2025-08-15 10:22:29.951255+00:00,31.13549396081362
2025-08-15 10:22:30.617655+00:00,31.14579525589943
2025-08-15 10:22:31.185481+00:00,31.13549396081362
2025-08-15 10:22:32.988305+00:00,31.140644608211005
2025-08-15 10:22:35.926987+00:00,31.14579525589943
2025-08-15 10:22:36.714174+00:00,31.14579525589943
2025-08-15 10:22:39.552261+00:00,31.14579525589943
2025-08-15 10:22:39.879988+00:00,31.14579525589943
2025-08-15 10:22:41.417432+00:00,31.14579525589943
2025-08-15 10:22:44.018899+00:00,31.150945903878892
2025-08-15 10:22:45.871918+00:00,31.150945903878892
2025-08-15 10:22:46.214186+00:00,31.156096552149393
2025-08-15 10:22:46.535908+00:00,31.150945903878892
2025-08-15 10:22:47.667599+00:00,31.14579525589943
2025-08-15 10:22:48.711257+00:00,31.150945903878892
2025-08-15 10:22:49.645315+00:00,31.156096552149393
2025-08-15 10:22:52.192351+00:00,31.156096552149393
2025-08-15 10:22:52.476403+00:00,31.150945903878892
2025-08-15 10:22:53.052822+00:00,31.150945903878892
2025-08-15 10:22:54.308441+00:00,31.156096552149393
2025-08-15 10:22:56.303396+00:00,31.14579525589943
2025-08-15 10:23:00.440667+00:00,31.14579525589943
2025-08-15 10:23:03.227011+00:00,31.13549396081362
2025-08-15 10:23:03.974308+00:00,31.12004202036769
2025-08-15 10:23:05.348788+00:00,31.12004202036769
2025-08-15 10:23:06.841024+00:00,31.12004202036769
2025-08-15 10:23:07.324727+00:00,31.125192666891962
2025-08-15 10:23:07.591858+00:00,31.104590082541108
2025-08-15 10:23:11.290105+00:00,31.104590082541108
2025-08-15 10:23:11.901223+00:00,31.09943943718099
2025-08-15 10:23:12.365681+00:00,31.104590082541108
2025-08-15 10:23:12.978309+00:00,31.09943943718099
2025-08-15 10:23:13.922770+00:00,31.09428879211191
2025-08-15 10:23:15.069034+00:00,31.08913814733387
2025-08-15 10:23:16.480000+00:00,31.08913814733387
2025-08-15 10:23:17.657714+00:00,31.09428879211191
2025-08-15 10:23:18.613811+00:00,31.08913814733387
2025-08-15 10:23:20.782557+00:00,31.078836858650902
2025-08-15 10:23:23.690350+00:00,31.078836858650902
2025-08-15 10:23:24.249552+00:00,31.078836858650902
2025-08-15 10:23:34.069316+00:00,31.09943943718099
2025-08-15 10:23:34.343930+00:00,31.09943943718099
2025-08-15 10:23:34.576186+00:00,31.09943943718099
2025-08-15 10:23:35.605949+00:00,31.09943943718099
2025-08-15 10:23:36.858120+00:00,31.09428879211191
2025-08-15 10:23:37.911370+00:00,31.104590082541108
2025-08-15 10:23:40.759039+00:00,31.09943943718099
2025-08-15 10:23:41.226122+00:00,31.09943943718099
2025-08-15 10:23:43.239404+00:00,31.09428879211191
2025-08-15 10:23:43.532853+00:00,31.104590082541108
2025-08-15 10:23:45.398919+00:00,31.104590082541108
2025-08-15 10:23:50.149850+00:00,31.09428879211191
2025-08-15 10:23:51.042398+00:00,31.09943943718099
2025-08-15 10:23:53.881659+00:00,31.11489137413446
2025-08-15 10:23:56.261464+00:00,31.11489137413446
2025-08-15 10:23:57.080717+00:00,31.109740728192264
2025-08-15 10:23:57.884020+00:00,31.125192666891962
2025-08-15 10:23:59.807958+00:00,31.104590082541108
2025-08-15 10:24:01.842963+00:00,31.11489137413446
2025-08-15 10:24:05.574104+00:00,31.12004202036769
2025-08-15 10:24:09.588590+00:00,31.125192666891962
2025-08-15 10:24:13.228268+00:00,31.125192666891962
2025-08-15 10:24:14.617434+00:00,31.125192666891962
2025-08-15 10:24:15.848590+00:00,31.125192666891962
2025-08-15 10:24:19.740405+00:00,31.13549396081362
2025-08-15 10:24:19.920506+00:00,31.140644608211005
2025-08-15 10:24:20.178633+00:00,31.13549396081362
2025-08-15 10:24:20.581429+00:00,31.14579525589943
2025-08-15 10:24:20.830982+00:00,31.14579525589943
2025-08-15 10:24:21.416651+00:00,31.13549396081362
2025-08-15 10:24:22.936218+00:00,31.13549396081362
2025-08-15 10:24:25.869269+00:00,31.156096552149393
2025-08-15 10:24:28.948830+00:00,31.140644608211005
2025-08-15 10:24:32.386213+00:00,31.161247200710932
2025-08-15 10:24:33.124520+00:00,31.150945903878892
2025-08-15 10:24:34.019945+00:00,31.16639784956351
2025-08-15 10:24:39.845384+00:00,31.16639784956351
2025-08-15 10:24:40.114026+00:00,31.187000447884202
2025-08-15 10:24:40.414018+00:00,31.187000447884202
2025-08-15 10:24:40.931162+00:00,31.202452399680624
2025-08-15 10:24:43.664493+00:00,31.21790435409639
2025-08-15 10:24:45.023696+00:00,31.207603050861508
2025-08-15 10:24:46.470649+00:00,31.21790435409639
2025-08-15 10:24:50.057637+00:00,31.228205658495426
2025-08-15 10:24:50.378506+00:00,31.228205658495426
2025-08-15 10:24:50.780298+00:00,31.228205658495426
2025-08-15 10:24:51.532706+00:00,31.2333563111315
2025-08-15 10:24:52.782465+00:00,31.2333563111315
2025-08-15 10:24:54.613312+00:00,31.238506964058615
2025-08-15 10:24:55.451123+00:00,31.238506964058615
2025-08-15 10:24:55.807527+00:00,31.238506964058615
2025-08-15 10:24:58.823323+00:00,31.238506964058615
2025-08-15 10:24:59.618886+00:00,31.259109578677453
2025-08-15 10:25:01.554421+00:00,31.248808270785958
2025-08-15 10:25:03.387151+00:00,31.248808270785958
2025-08-15 10:25:03.704687+00:00,31.253958924586186
2025-08-15 10:25:03.961334+00:00,31.26426023305976
2025-08-15 10:25:04.297281+00:00,31.26426023305976
2025-08-15 10:25:04.838217+00:00,31.26426023305976
2025-08-15 10:25:08.039496+00:00,31.248808270785958
2025-08-15 10:25:09.735322+00:00,31.259109578677453
2025-08-15 10:25:14.687878+00:00,31.259109578677453
2025-08-15 10:25:16.951657+00:00,31.248808270785958
2025-08-15 10:25:17.865046+00:00,31.238506964058615
2025-08-15 10:25:22.820969+00:00,31.248808270785958
2025-08-15 10:25:24.456366+00:00,31.243657617276767
2025-08-15 10:25:26.779078+00:00,31.243657617276767
2025-08-15 10:25:29.447058+00:00,31.259109578677453
2025-08-15 10:25:29.976166+00:00,31.259109578677453
2025-08-15 10:25:38.836929+00:00,31.26426023305976
2025-08-15 10:25:39.511532+00:00,31.259109578677453
2025-08-15 10:25:39.927933+00:00,31.269410887733102
2025-08-15 10:25:43.139046+00:00,31.259109578677453
2025-08-15 10:25:45.550131+00:00,31.253958924586186
2025-08-15 10:25:48.865129+00:00,31.269410887733102
2025-08-15 10:25:49.126080+00:00,31.253958924586186
2025-08-15 10:25:50.544109+00:00,31.259109578677453
2025-08-15 10:25:51.489740+00:00,31.248808270785958
2025-08-15 10:25:52.184489+00:00,31.243657617276767
2025-08-15 10:25:53.969946+00:00,31.243657617276767
2025-08-15 10:25:54.436928+00:00,31.243657617276767
2025-08-15 10:25:55.808485+00:00,31.243657617276767
2025-08-15 10:25:57.272871+00:00,31.238506964058615
2025-08-15 10:25:57.930627+00:00,31.2333563111315
2025-08-15 10:25:58.122883+00:00,31.238506964058615
2025-08-15 10:25:58.530998+00:00,31.243657617276767
2025-08-15 10:25:59.065507+00:00,31.238506964058615
2025-08-15 10:26:04.762318+00:00,31.228205658495426
2025-08-15 10:26:05.164277+00:00,31.2333563111315
2025-08-15 10:26:06.025267+00:00,31.228205658495426
2025-08-15 10:26:08.638349+00:00,31.238506964058615
2025-08-15 10:26:09.569799+00:00,31.21790435409639
2025-08-15 10:26:14.637296+00:00,31.228205658495426
2025-08-15 10:26:19.340178+00:00,31.22305500615039
2025-08-15 10:26:19.594496+00:00,31.21790435409639
2025-08-15 10:26:24.002464+00:00,31.202452399680624
2025-08-15 10:26:24.846496+00:00,31.21275370233343
2025-08-15 10:26:28.662335+00:00,31.197301748790778
2025-08-15 10:26:30.386500+00:00,31.202452399680624
2025-08-15 10:26:37.000793+00:00,31.202452399680624
2025-08-15 10:26:38.185923+00:00,31.21275370233343
2025-08-15 10:26:38.658887+00:00,31.21275370233343
2025-08-15 10:26:39.117521+00:00,31.21790435409639
2025-08-15 10:26:40.622791+00:00,31.207603050861508
2025-08-15 10:26:42.199177+00:00,31.207603050861508
2025-08-15 10:26:42.912752+00:00,31.207603050861508
2025-08-15 10:26:43.068998+00:00,31.21275370233343
2025-08-15 10:26:43.402290+00:00,31.21275370233343
2025-08-15 10:26:43.870189+00:00,31.21790435409639
2025-08-15 10:26:44.139399+00:00,31.21790435409639
2025-08-15 10:26:46.060860+00:00,31.21790435409639
2025-08-15 10:26:52.268422+00:00,31.22305500615039
2025-08-15 10:26:52.520327+00:00,31.22305500615039
2025-08-15 10:26:52.970809+00:00,31.228205658495426
2025-08-15 10:26:53.920765+00:00,31.238506964058615
2025-08-15 10:26:54.733543+00:00,31.22305500615039
2025-08-15 10:26:56.463154+00:00,31.21790435409639
2025-08-15 10:26:57.205143+00:00,31.238506964058615
2025-08-15 10:26:57.480068+00:00,31.238506964058615
2025-08-15 10:26:57.722413+00:00,31.253958924586186
2025-08-15 10:26:57.988391+00:00,31.248808270785958
2025-08-15 10:26:58.257236+00:00,31.248808270785958
2025-08-15 10:26:58.510146+00:00,31.253958924586186
2025-08-15 10:26:58.792503+00:00,31.248808270785958
2025-08-15 10:26:59.111156+00:00,31.253958924586186
2025-08-15 10:26:59.981067+00:00,31.253958924586186
2025-08-15 10:27:00.304082+00:00,31.248808270785958
2025-08-15 10:27:03.269310+00:00,31.259109578677453
2025-08-15 10:27:05.026306+00:00,31.259109578677453
2025-08-15 10:27:08.103468+00:00,31.248808270785958
2025-08-15 10:27:09.198701+00:00,31.26426023305976
2025-08-15 10:27:12.251879+00:00,31.238506964058615
2025-08-15 10:27:14.079263+00:00,31.2333563111315
2025-08-15 10:27:19.838864+00:00,31.2333563111315
2025-08-15 10:27:21.030153+00:00,31.21790435409639
2025-08-15 10:27:22.495157+00:00,31.21275370233343
2025-08-15 10:27:23.862795+00:00,31.22305500615039
2025-08-15 10:27:24.706588+00:00,31.21790435409639
2025-08-15 10:27:25.562767+00:00,31.228205658495426
2025-08-15 10:27:26.212014+00:00,31.21790435409639
2025-08-15 10:27:28.222501+00:00,31.228205658495426
2025-08-15 10:27:29.855666+00:00,31.207603050861508
2025-08-15 10:27:35.616153+00:00,31.21275370233343
2025-08-15 10:27:36.011595+00:00,31.207603050861508
2025-08-15 10:27:36.585784+00:00,31.207603050861508
2025-08-15 10:27:41.241642+00:00,31.21790435409639
2025-08-15 10:27:41.592433+00:00,31.207603050861508
2025-08-15 10:27:41.919090+00:00,31.207603050861508
2025-08-15 10:27:42.896583+00:00,31.197301748790778
2025-08-15 10:27:43.212784+00:00,31.202452399680624
2025-08-15 10:27:46.101380+00:00,31.197301748790778
2025-08-15 10:27:46.783440+00:00,31.197301748790778
2025-08-15 10:27:48.300111+00:00,31.187000447884202
2025-08-15 10:27:49.796266+00:00,31.202452399680624
2025-08-15 10:27:53.772066+00:00,31.197301748790778
2025-08-15 10:27:54.346702+00:00,31.197301748790778
2025-08-15 10:27:55.041879+00:00,31.197301748790778
2025-08-15 10:27:57.080138+00:00,31.202452399680624
2025-08-15 10:27:59.587558+00:00,31.19215109819197
2025-08-15 10:28:00.227399+00:00,31.18184979786747
2025-08-15 10:28:01.251664+00:00,31.207603050861508
2025-08-15 10:28:04.110026+00:00,31.197301748790778
2025-08-15 10:28:04.991178+00:00,31.197301748790778
2025-08-15 10:28:09.938620+00:00,31.207603050861508
2025-08-15 10:28:10.429215+00:00,31.207603050861508
2025-08-15 10:28:11.813290+00:00,31.187000447884202
2025-08-15 10:28:12.142762+00:00,31.197301748790778
2025-08-15 10:28:13.455750+00:00,31.202452399680624
2025-08-15 10:28:14.255368+00:00,31.207603050861508
2025-08-15 10:28:15.735964+00:00,31.197301748790778
2025-08-15 10:28:21.217868+00:00,31.197301748790778
2025-08-15 10:28:22.353363+00:00,31.21275370233343
2025-08-15 10:28:23.042784+00:00,31.207603050861508
2025-08-15 10:28:24.987429+00:00,31.207603050861508
2025-08-15 10:28:26.036570+00:00,31.202452399680624
2025-08-15 10:28:27.201196+00:00,31.21790435409639
2025-08-15 10:28:28.528858+00:00,31.21275370233343
2025-08-15 10:28:41.089133+00:00,31.197301748790778
2025-08-15 10:28:42.743081+00:00,31.197301748790778
2025-08-15 10:28:43.227108+00:00,31.187000447884202
2025-08-15 10:28:43.444172+00:00,31.202452399680624
2025-08-15 10:28:44.439410+00:00,31.202452399680624
2025-08-15 10:28:44.894729+00:00,31.197301748790778
2025-08-15 10:28:50.353312+00:00,31.207603050861508
2025-08-15 10:28:54.063722+00:00,31.202452399680624
2025-08-15 10:28:56.794389+00:00,31.19215109819197
2025-08-15 10:28:58.268853+00:00,31.187000447884202
2025-08-15 10:28:59.707644+00:00,31.17669914814178
2025-08-15 10:29:01.566349+00:00,31.17669914814178
2025-08-15 10:29:02.951377+00:00,31.17669914814178
2025-08-15 10:29:05.532078+00:00,31.187000447884202
2025-08-15 10:29:08.056559+00:00,31.21275370233343
2025-08-15 10:29:08.789664+00:00,31.21790435409639
2025-08-15 10:29:12.784931+00:00,31.21790435409639
2025-08-15 10:29:13.868642+00:00,31.22305500615039
2025-08-15 10:29:14.669423+00:00,31.22305500615039
2025-08-15 10:29:16.748862+00:00,31.202452399680624
2025-08-15 10:29:19.494443+00:00,31.22305500615039
2025-08-15 10:29:21.137864+00:00,31.21275370233343
2025-08-15 10:29:22.916490+00:00,31.21275370233343
2025-08-15 10:29:24.846371+00:00,31.21275370233343
2025-08-15 10:29:26.510676+00:00,31.22305500615039
2025-08-15 10:29:27.143038+00:00,31.228205658495426
2025-08-15 10:29:28.514585+00:00,31.21275370233343
2025-08-15 10:29:32.657850+00:00,31.228205658495426
2025-08-15 10:29:34.027003+00:00,31.228205658495426
2025-08-15 10:29:35.500815+00:00,31.228205658495426
2025-08-15 10:29:37.243592+00:00,31.228205658495426
2025-08-15 10:29:41.270342+00:00,31.21790435409639
2025-08-15 10:29:43.265500+00:00,31.21790435409639
2025-08-15 10:29:45.147896+00:00,31.21790435409639
2025-08-15 10:29:46.014253+00:00,31.228205658495426
2025-08-15 10:29:48.660865+00:00,31.228205658495426
2025-08-15 10:29:49.452330+00:00,31.238506964058615
2025-08-15 10:29:51.333777+00:00,31.238506964058615
2025-08-15 10:29:52.103668+00:00,31.243657617276767
2025-08-15 10:29:52.654936+00:00,31.248808270785958
2025-08-15 10:29:53.111292+00:00,31.243657617276767
2025-08-15 10:29:55.602944+00:00,31.253958924586186
2025-08-15 10:29:56.931641+00:00,31.248808270785958
2025-08-15 10:29:58.570726+00:00,31.248808270785958
2025-08-15 10:29:58.837337+00:00,31.253958924586186
2025-08-15 10:30:01.093505+00:00,31.248808270785958
2025-08-15 10:30:02.590107+00:00,31.243657617276767
2025-08-15 10:30:03.237794+00:00,31.243657617276767
2025-08-15 10:30:04.755529+00:00,31.243657617276767
2025-08-15 10:30:06.747863+00:00,31.253958924586186
2025-08-15 10:30:08.096903+00:00,31.259109578677453
2025-08-15 10:30:09.321522+00:00,31.26426023305976
2025-08-15 10:30:09.697186+00:00,31.26426023305976
2025-08-15 10:30:10.049384+00:00,31.259109578677453
2025-08-15 10:30:12.672298+00:00,31.259109578677453
2025-08-15 10:30:13.592681+00:00,31.259109578677453
2025-08-15 10:30:15.654301+00:00,31.269410887733102
2025-08-15 10:30:17.380950+00:00,31.269410887733102
2025-08-15 10:30:18.080880+00:00,31.274561542697484
2025-08-15 10:30:18.410393+00:00,31.279712197952904
2025-08-15 10:30:26.323407+00:00,31.274561542697484
2025-08-15 10:30:29.465064+00:00,31.29001350933686
2025-08-15 10:30:32.689564+00:00,31.279712197952904
2025-08-15 10:30:35.375946+00:00,31.284862853499362
2025-08-15 10:30:35.887678+00:00,31.279712197952904
2025-08-15 10:30:37.746475+00:00,31.274561542697484
2025-08-15 10:30:38.134338+00:00,31.274561542697484
2025-08-15 10:30:38.608840+00:00,31.279712197952904
2025-08-15 10:30:42.347946+00:00,31.279712197952904
2025-08-15 10:30:43.144851+00:00,31.279712197952904
2025-08-15 10:30:45.462499+00:00,31.295164165465394
2025-08-15 10:30:46.856252+00:00,31.29001350933686
2025-08-15 10:30:49.005465+00:00,31.29001350933686
2025-08-15 10:30:49.613933+00:00,31.29001350933686
2025-08-15 10:30:51.700793+00:00,31.295164165465394
2025-08-15 10:30:52.412431+00:00,31.29001350933686
2025-08-15 10:30:54.148896+00:00,31.284862853499362
2025-08-15 10:30:55.735855+00:00,31.279712197952904
2025-08-15 10:30:56.177866+00:00,31.29001350933686
2025-08-15 10:30:57.266051+00:00,31.29001350933686
2025-08-15 10:30:58.141706+00:00,31.29001350933686
2025-08-15 10:31:02.642802+00:00,31.279712197952904
2025-08-15 10:31:03.013483+00:00,31.29001350933686
2025-08-15 10:31:05.371813+00:00,31.30546547859558
2025-08-15 10:31:08.735462+00:00,31.29001350933686
2025-08-15 10:31:09.679257+00:00,31.29001350933686
2025-08-15 10:31:10.630428+00:00,31.279712197952904
2025-08-15 10:31:11.199714+00:00,31.29001350933686
2025-08-15 10:31:13.695517+00:00,31.279712197952904
2025-08-15 10:31:14.138066+00:00,31.279712197952904
2025-08-15 10:31:14.332098+00:00,31.284862853499362
2025-08-15 10:31:14.656687+00:00,31.284862853499362
2025-08-15 10:31:14.858496+00:00,31.279712197952904
2025-08-15 10:31:15.121225+00:00,31.29001350933686
2025-08-15 10:31:15.475838+00:00,31.295164165465394
2025-08-15 10:31:15.880705+00:00,31.295164165465394
2025-08-15 10:31:16.302031+00:00,31.284862853499362
2025-08-15 10:31:16.778218+00:00,31.284862853499362
2025-08-15 10:31:17.397465+00:00,31.29001350933686
2025-08-15 10:31:20.722582+00:00,31.279712197952904
2025-08-15 10:31:21.048365+00:00,31.284862853499362
2025-08-15 10:31:21.526082+00:00,31.284862853499362
2025-08-15 10:31:22.148949+00:00,31.29001350933686
2025-08-15 10:31:22.587282+00:00,31.300314821884967
2025-08-15 10:31:22.980528+00:00,31.29001350933686
2025-08-15 10:31:23.338574+00:00,31.295164165465394
2025-08-15 10:31:23.647332+00:00,31.300314821884967
2025-08-15 10:31:23.940430+00:00,31.30546547859558
2025-08-15 10:31:24.157614+00:00,31.295164165465394
2025-08-15 10:31:24.373555+00:00,31.29001350933686
2025-08-15 10:31:24.599049+00:00,31.300314821884967
2025-08-15 10:31:24.850144+00:00,31.300314821884967
2025-08-15 10:31:25.107767+00:00,31.295164165465394
2025-08-15 10:31:25.368131+00:00,31.30546547859558
2025-08-15 10:31:27.449398+00:00,31.300314821884967
2025-08-15 10:31:29.008863+00:00,31.284862853499362
2025-08-15 10:31:29.894530+00:00,31.300314821884967
2025-08-15 10:31:35.282781+00:00,31.29001350933686
2025-08-15 10:31:35.659850+00:00,31.284862853499362
2025-08-15 10:31:36.902509+00:00,31.29001350933686
2025-08-15 10:31:37.283260+00:00,31.295164165465394
2025-08-15 10:31:38.751409+00:00,31.29001350933686
2025-08-15 10:31:39.115947+00:00,31.274561542697484
2025-08-15 10:31:39.459741+00:00,31.284862853499362
2025-08-15 10:31:40.285711+00:00,31.274561542697484
2025-08-15 10:31:40.665271+00:00,31.279712197952904
2025-08-15 10:31:41.130795+00:00,31.284862853499362
2025-08-15 10:31:41.391517+00:00,31.274561542697484
2025-08-15 10:31:49.562841+00:00,31.284862853499362
2025-08-15 10:31:50.332630+00:00,31.259109578677453
2025-08-15 10:31:50.735022+00:00,31.248808270785958
2025-08-15 10:31:57.534384+00:00,31.243657617276767
2025-08-15 10:31:57.776017+00:00,31.2333563111315
2025-08-15 10:31:58.020087+00:00,31.228205658495426
2025-08-15 10:31:58.296832+00:00,31.2333563111315
2025-08-15 10:31:58.672533+00:00,31.228205658495426
2025-08-15 10:32:01.553040+00:00,31.22305500615039
2025-08-15 10:32:01.911739+00:00,31.21790435409639
2025-08-15 10:32:05.436196+00:00,31.21790435409639
2025-08-15 10:32:06.148358+00:00,31.228205658495426
2025-08-15 10:32:07.459106+00:00,31.2333563111315
2025-08-15 10:32:08.354972+00:00,31.228205658495426
2025-08-15 10:32:08.903635+00:00,31.228205658495426
2025-08-15 10:32:09.237306+00:00,31.22305500615039
2025-08-15 10:32:13.946541+00:00,31.248808270785958
2025-08-15 10:32:14.297747+00:00,31.243657617276767
2025-08-15 10:32:14.512254+00:00,31.259109578677453
2025-08-15 10:32:14.805246+00:00,31.253958924586186
2025-08-15 10:32:15.709238+00:00,31.259109578677453
2025-08-15 10:32:16.664893+00:00,31.253958924586186
2025-08-15 10:32:18.333702+00:00,31.253958924586186
2025-08-15 10:32:23.630488+00:00,31.253958924586186
2025-08-15 10:32:24.215703+00:00,31.26426023305976
2025-08-15 10:32:24.522558+00:00,31.269410887733102
2025-08-15 10:32:24.826005+00:00,31.259109578677453
2025-08-15 10:32:27.049433+00:00,31.253958924586186
2025-08-15 10:32:27.523119+00:00,31.238506964058615
2025-08-15 10:32:27.932386+00:00,31.248808270785958
2025-08-15 10:32:28.657684+00:00,31.253958924586186
2025-08-15 10:32:30.853113+00:00,31.253958924586186
2025-08-15 10:32:31.223781+00:00,31.243657617276767
2025-08-15 10:32:32.923629+00:00,31.248808270785958
2025-08-15 10:32:33.586311+00:00,31.238506964058615
2025-08-15 10:32:34.222395+00:00,31.2333563111315
2025-08-15 10:32:36.327684+00:00,31.228205658495426
2025-08-15 10:32:37.915255+00:00,31.2333563111315
2025-08-15 10:32:41.441595+00:00,31.228205658495426
2025-08-15 10:32:44.536141+00:00,31.22305500615039
2025-08-15 10:32:50.703298+00:00,31.22305500615039
2025-08-15 10:32:52.099323+00:00,31.21790435409639
2025-08-15 10:32:52.394222+00:00,31.21790435409639
2025-08-15 10:32:53.981899+00:00,31.22305500615039
2025-08-15 10:32:57.647236+00:00,31.21790435409639
2025-08-15 10:33:00.726894+00:00,31.21790435409639
2025-08-15 10:33:01.909233+00:00,31.22305500615039
2025-08-15 10:33:04.067853+00:00,31.207603050861508
2025-08-15 10:33:09.060370+00:00,31.202452399680624
2025-08-15 10:33:09.603000+00:00,31.197301748790778
2025-08-15 10:33:12.548047+00:00,31.187000447884202
2025-08-15 10:33:13.937942+00:00,31.187000447884202
2025-08-15 10:33:15.134657+00:00,31.18184979786747
2025-08-15 10:33:15.551992+00:00,31.187000447884202
2025-08-15 10:33:15.976724+00:00,31.17669914814178
2025-08-15 10:33:19.334389+00:00,31.171548498707125
2025-08-15 10:33:20.512306+00:00,31.17669914814178
2025-08-15 10:33:21.782247+00:00,31.171548498707125
2025-08-15 10:33:25.049006+00:00,31.17669914814178
2025-08-15 10:33:26.141636+00:00,31.17669914814178
2025-08-15 10:33:27.045172+00:00,31.171548498707125
2025-08-15 10:33:29.609063+00:00,31.17669914814178
2025-08-15 10:33:30.386277+00:00,31.187000447884202
2025-08-15 10:33:34.560466+00:00,31.197301748790778
2025-08-15 10:33:36.349147+00:00,31.207603050861508
2025-08-15 10:33:36.791163+00:00,31.207603050861508
2025-08-15 10:33:40.684668+00:00,31.207603050861508
2025-08-15 10:33:41.785822+00:00,31.228205658495426
2025-08-15 10:33:42.689463+00:00,31.228205658495426
2025-08-15 10:33:46.031293+00:00,31.243657617276767
2025-08-15 10:33:47.165951+00:00,31.238506964058615
2025-08-15 10:33:48.027921+00:00,31.243657617276767
2025-08-15 10:33:51.796976+00:00,31.253958924586186
2025-08-15 10:33:55.480451+00:00,31.279712197952904
2025-08-15 10:34:01.134397+00:00,31.29001350933686
2025-08-15 10:34:01.740496+00:00,31.295164165465394
2025-08-15 10:34:05.285481+00:00,31.29001350933686
2025-08-15 10:34:05.792019+00:00,31.31061613559723
2025-08-15 10:34:06.539935+00:00,31.315766792889917
2025-08-15 10:34:09.884948+00:00,31.31061613559723
2025-08-15 10:34:11.267019+00:00,31.34667074275785
2025-08-15 10:34:12.830259+00:00,31.351821402087808
2025-08-15 10:34:13.129842+00:00,31.351821402087808
2025-08-15 10:34:15.011825+00:00,31.341520083718933
2025-08-15 10:34:16.681744+00:00,31.34667074275785
2025-08-15 10:34:19.218932+00:00,31.331218766514212
2025-08-15 10:34:20.036834+00:00,31.32606810834841
2025-08-15 10:34:21.265769+00:00,31.315766792889917
2025-08-15 10:34:22.913634+00:00,31.31061613559723
2025-08-15 10:34:23.696547+00:00,31.30546547859558
2025-08-15 10:34:25.909057+00:00,31.30546547859558
2025-08-15 10:34:26.763982+00:00,31.295164165465394
2025-08-15 10:34:26.988577+00:00,31.31061613559723
2025-08-15 10:34:27.314201+00:00,31.30546547859558
2025-08-15 10:34:29.993502+00:00,31.295164165465394
2025-08-15 10:34:30.566180+00:00,31.284862853499362
2025-08-15 10:34:35.983530+00:00,31.284862853499362
2025-08-15 10:34:36.912971+00:00,31.253958924586186
2025-08-15 10:34:38.581538+00:00,31.228205658495426
2025-08-15 10:34:39.587621+00:00,31.228205658495426
2025-08-15 10:34:39.888809+00:00,31.228205658495426
2025-08-15 10:34:40.929856+00:00,31.21790435409639
2025-08-15 10:34:42.308372+00:00,31.21275370233343
2025-08-15 10:34:43.652594+00:00,31.207603050861508
2025-08-15 10:34:44.612421+00:00,31.207603050861508
2025-08-15 10:34:45.392862+00:00,31.197301748790778
2025-08-15 10:34:46.922974+00:00,31.19215109819197
2025-08-15 10:34:48.274620+00:00,31.17669914814178
2025-08-15 10:34:48.596470+00:00,31.202452399680624
2025-08-15 10:34:48.897780+00:00,31.18184979786747
2025-08-15 10:34:49.122844+00:00,31.18184979786747
2025-08-15 10:34:50.870432+00:00,31.161247200710932
2025-08-15 10:34:51.144771+00:00,31.171548498707125
2025-08-15 10:34:52.841131+00:00,31.161247200710932
2025-08-15 10:34:53.331959+00:00,31.161247200710932
2025-08-15 10:34:54.405743+00:00,31.161247200710932
2025-08-15 10:34:54.917075+00:00,31.150945903878892
2025-08-15 10:35:02.526008+00:00,31.150945903878892
2025-08-15 10:35:04.548864+00:00,31.14579525589943
2025-08-15 10:35:06.702301+00:00,31.140644608211005
2025-08-15 10:35:09.886044+00:00,31.140644608211005
2025-08-15 10:35:13.337327+00:00,31.13549396081362
2025-08-15 10:35:14.002668+00:00,31.140644608211005
2025-08-15 10:35:15.206782+00:00,31.140644608211005
2025-08-15 10:35:15.616094+00:00,31.14579525589943
2025-08-15 10:35:18.672768+00:00,31.156096552149393
2025-08-15 10:35:22.400342+00:00,31.13549396081362
2025-08-15 10:35:22.741893+00:00,31.140644608211005
2025-08-15 10:35:24.193600+00:00,31.140644608211005
2025-08-15 10:35:29.816486+00:00,31.13549396081362
2025-08-15 10:35:30.501800+00:00,31.125192666891962
2025-08-15 10:35:34.271991+00:00,31.125192666891962
2025-08-15 10:35:37.035386+00:00,31.11489137413446
2025-08-15 10:35:38.596665+00:00,31.09943943718099
2025-08-15 10:35:39.714098+00:00,31.104590082541108
2025-08-15 10:35:40.813820+00:00,31.104590082541108
2025-08-15 10:35:41.203368+00:00,31.109740728192264
2025-08-15 10:35:41.443036+00:00,31.109740728192264
2025-08-15 10:35:44.486619+00:00,31.09943943718099
2025-08-15 10:35:46.448573+00:00,31.104590082541108
2025-08-15 10:35:47.081232+00:00,31.09943943718099
2025-08-15 10:35:50.239203+00:00,31.09428879211191
2025-08-15 10:35:51.151478+00:00,31.09428879211191
2025-08-15 10:35:52.813506+00:00,31.09428879211191
2025-08-15 10:35:56.012495+00:00,31.09428879211191
2025-08-15 10:35:57.219536+00:00,31.09428879211191
2025-08-15 10:36:02.068412+00:00,31.09943943718099
2025-08-15 10:36:04.628100+00:00,31.09943943718099
2025-08-15 10:36:06.881477+00:00,31.11489137413446
2025-08-15 10:36:07.269000+00:00,31.109740728192264
2025-08-15 10:36:11.397753+00:00,31.109740728192264
2025-08-15 10:36:11.906531+00:00,31.11489137413446
2025-08-15 10:36:14.128078+00:00,31.12004202036769
2025-08-15 10:36:18.398136+00:00,31.125192666891962
2025-08-15 10:36:21.017075+00:00,31.125192666891962
2025-08-15 10:36:21.419496+00:00,31.11489137413446
2025-08-15 10:36:21.846125+00:00,31.125192666891962
2025-08-15 10:36:22.602242+00:00,31.125192666891962
2025-08-15 10:36:23.178771+00:00,31.13549396081362
2025-08-15 10:36:26.438733+00:00,31.13034331370727
2025-08-15 10:36:27.969143+00:00,31.140644608211005
2025-08-15 10:36:28.770677+00:00,31.13549396081362
2025-08-15 10:36:29.454899+00:00,31.13549396081362
2025-08-15 10:36:31.988123+00:00,31.125192666891962
2025-08-15 10:36:35.361635+00:00,31.140644608211005
2025-08-15 10:36:38.993769+00:00,31.150945903878892
2025-08-15 10:36:39.362299+00:00,31.14579525589943
2025-08-15 10:36:39.885808+00:00,31.14579525589943
2025-08-15 10:36:45.656590+00:00,31.14579525589943
2025-08-15 10:36:48.019221+00:00,31.140644608211005
2025-08-15 10:36:50.037642+00:00,31.13549396081362
2025-08-15 10:36:51.657352+00:00,31.13034331370727
2025-08-15 10:36:52.150027+00:00,31.13549396081362
2025-08-15 10:36:53.413657+00:00,31.13549396081362
2025-08-15 10:36:55.868560+00:00,31.140644608211005
2025-08-15 10:36:58.177870+00:00,31.13549396081362
2025-08-15 10:36:58.886638+00:00,31.14579525589943
2025-08-15 10:37:02.372930+00:00,31.140644608211005
2025-08-15 10:37:03.783485+00:00,31.150945903878892
2025-08-15 10:37:14.167189+00:00,31.197301748790778
2025-08-15 10:37:17.376234+00:00,31.18184979786747
2025-08-15 10:37:20.099415+00:00,31.187000447884202
2025-08-15 10:37:20.518470+00:00,31.18184979786747
2025-08-15 10:37:20.852157+00:00,31.187000447884202
2025-08-15 10:37:24.177538+00:00,31.207603050861508
2025-08-15 10:37:24.686095+00:00,31.202452399680624
2025-08-15 10:37:26.015226+00:00,31.207603050861508
2025-08-15 10:37:27.894653+00:00,31.21275370233343
2025-08-15 10:37:29.106065+00:00,31.21790435409639
2025-08-15 10:37:31.211526+00:00,31.207603050861508
2025-08-15 10:37:34.934594+00:00,31.22305500615039
2025-08-15 10:37:36.030437+00:00,31.207603050861508
2025-08-15 10:37:40.691526+00:00,31.228205658495426
2025-08-15 10:37:41.801424+00:00,31.21275370233343
2025-08-15 10:37:42.986076+00:00,31.207603050861508
2025-08-15 10:37:47.082058+00:00,31.207603050861508
2025-08-15 10:37:47.527356+00:00,31.202452399680624
2025-08-15 10:37:50.306924+00:00,31.21790435409639
2025-08-15 10:37:53.706528+00:00,31.207603050861508
2025-08-15 10:37:55.736500+00:00,31.207603050861508
2025-08-15 10:37:56.130820+00:00,31.207603050861508
2025-08-15 10:37:56.898841+00:00,31.207603050861508
2025-08-15 10:37:57.198665+00:00,31.21275370233343
2025-08-15 10:37:57.532830+00:00,31.21790435409639
2025-08-15 10:37:58.526229+00:00,31.22305500615039
2025-08-15 10:37:59.512042+00:00,31.21790435409639
2025-08-15 10:38:01.608542+00:00,31.207603050861508
2025-08-15 10:38:03.357576+00:00,31.21275370233343
2025-08-15 10:38:04.704493+00:00,31.21790435409639
2025-08-15 10:38:08.166245+00:00,31.21790435409639
2025-08-15 10:38:08.993103+00:00,31.21790435409639
2025-08-15 10:38:09.328573+00:00,31.228205658495426
2025-08-15 10:38:14.550868+00:00,31.22305500615039
2025-08-15 10:38:14.873347+00:00,31.22305500615039
2025-08-15 10:38:15.236387+00:00,31.21275370233343
2025-08-15 10:38:15.661047+00:00,31.21790435409639
2025-08-15 10:38:16.026938+00:00,31.207603050861508
2025-08-15 10:38:16.335089+00:00,31.21790435409639
2025-08-15 10:38:19.359223+00:00,31.207603050861508
2025-08-15 10:38:19.851173+00:00,31.202452399680624
2025-08-15 10:38:20.119584+00:00,31.207603050861508
2025-08-15 10:38:20.370710+00:00,31.197301748790778
2025-08-15 10:38:23.975318+00:00,31.197301748790778
2025-08-15 10:38:25.284377+00:00,31.197301748790778
2025-08-15 10:38:27.210706+00:00,31.187000447884202
2025-08-15 10:38:29.616819+00:00,31.187000447884202
2025-08-15 10:38:32.530045+00:00,31.187000447884202
2025-08-15 10:38:34.965235+00:00,31.18184979786747
2025-08-15 10:38:35.913559+00:00,31.207603050861508
2025-08-15 10:38:38.555573+00:00,31.187000447884202
2025-08-15 10:38:39.864976+00:00,31.197301748790778
2025-08-15 10:38:42.096671+00:00,31.17669914814178
2025-08-15 10:38:43.575290+00:00,31.18184979786747
2025-08-15 10:38:44.921408+00:00,31.17669914814178
2025-08-15 10:38:47.008573+00:00,31.171548498707125
2025-08-15 10:38:47.601872+00:00,31.161247200710932
2025-08-15 10:38:49.097262+00:00,31.171548498707125
2025-08-15 10:38:50.874952+00:00,31.17669914814178
2025-08-15 10:38:51.600486+00:00,31.16639784956351
2025-08-15 10:38:53.693665+00:00,31.171548498707125
2025-08-15 10:38:55.525519+00:00,31.17669914814178
2025-08-15 10:38:56.392169+00:00,31.17669914814178
2025-08-15 10:38:57.650564+00:00,31.17669914814178
2025-08-15 10:38:58.472457+00:00,31.18184979786747
2025-08-15 10:39:00.510207+00:00,31.18184979786747
2025-08-15 10:39:00.953453+00:00,31.18184979786747
2025-08-15 10:39:11.610727+00:00,31.187000447884202
2025-08-15 10:39:15.083629+00:00,31.18184979786747
2025-08-15 10:39:15.392672+00:00,31.17669914814178
2025-08-15 10:39:15.750219+00:00,31.18184979786747
2025-08-15 10:39:20.571398+00:00,31.171548498707125
2025-08-15 10:39:21.247732+00:00,31.171548498707125
2025-08-15 10:39:21.785537+00:00,31.171548498707125
2025-08-15 10:39:23.101480+00:00,31.16639784956351
2025-08-15 10:39:25.676886+00:00,31.16639784956351
2025-08-15 10:39:26.118759+00:00,31.17669914814178
2025-08-15 10:39:26.760235+00:00,31.16639784956351
2025-08-15 10:39:28.825162+00:00,31.171548498707125
2025-08-15 10:39:29.158294+00:00,31.161247200710932
2025-08-15 10:39:29.407474+00:00,31.17669914814178
2025-08-15 10:39:31.282895+00:00,31.18184979786747
2025-08-15 10:39:33.018134+00:00,31.17669914814178
2025-08-15 10:39:33.570704+00:00,31.17669914814178
2025-08-15 10:39:33.962411+00:00,31.187000447884202
2025-08-15 10:39:34.179358+00:00,31.187000447884202
2025-08-15 10:39:34.933275+00:00,31.197301748790778
2025-08-15 10:39:36.493295+00:00,31.171548498707125
2025-08-15 10:39:38.141123+00:00,31.17669914814178
2025-08-15 10:39:41.020324+00:00,31.17669914814178
2025-08-15 10:39:41.280699+00:00,31.17669914814178
2025-08-15 10:39:44.996185+00:00,31.187000447884202
2025-08-15 10:39:45.689908+00:00,31.171548498707125
2025-08-15 10:39:50.167752+00:00,31.19215109819197
2025-08-15 10:39:51.653548+00:00,31.187000447884202
2025-08-15 10:39:53.366083+00:00,31.18184979786747
2025-08-15 10:39:55.461861+00:00,31.202452399680624
2025-08-15 10:39:55.680179+00:00,31.17669914814178
2025-08-15 10:39:56.085384+00:00,31.197301748790778
2025-08-15 10:40:02.586983+00:00,31.197301748790778
2025-08-15 10:40:05.124717+00:00,31.202452399680624
2025-08-15 10:40:05.973048+00:00,31.18184979786747
2025-08-15 10:40:06.617021+00:00,31.207603050861508
2025-08-15 10:40:11.808451+00:00,31.207603050861508
2025-08-15 10:40:13.130330+00:00,31.21790435409639
2025-08-15 10:40:16.832803+00:00,31.207603050861508
2025-08-15 10:40:18.080089+00:00,31.228205658495426
2025-08-15 10:40:18.427053+00:00,31.21790435409639
2025-08-15 10:40:24.799976+00:00,31.21790435409639
2025-08-15 10:40:26.440380+00:00,31.2333563111315
2025-08-15 10:40:28.008224+00:00,31.243657617276767
2025-08-15 10:40:35.587476+00:00,31.243657617276767
2025-08-15 10:40:35.958115+00:00,31.243657617276767
2025-08-15 10:40:36.836439+00:00,31.243657617276767
2025-08-15 10:40:40.629719+00:00,31.243657617276767
2025-08-15 10:40:42.340708+00:00,31.238506964058615
2025-08-15 10:40:44.947799+00:00,31.2333563111315
2025-08-15 10:40:49.446451+00:00,31.238506964058615
2025-08-15 10:40:50.555584+00:00,31.238506964058615
2025-08-15 10:40:51.924322+00:00,31.22305500615039
2025-08-15 10:40:52.605095+00:00,31.228205658495426
2025-08-15 10:40:53.178368+00:00,31.2333563111315
2025-08-15 10:40:53.469007+00:00,31.238506964058615
2025-08-15 10:40:53.761518+00:00,31.238506964058615
2025-08-15 10:40:54.183677+00:00,31.2333563111315
2025-08-15 10:40:56.041402+00:00,31.228205658495426
2025-08-15 10:40:56.814821+00:00,31.228205658495426
2025-08-15 10:40:59.203570+00:00,31.228205658495426
2025-08-15 10:41:02.730686+00:00,31.238506964058615
2025-08-15 10:41:03.892579+00:00,31.238506964058615
2025-08-15 10:41:09.074485+00:00,31.253958924586186
2025-08-15 10:41:12.744550+00:00,31.259109578677453
2025-08-15 10:41:14.839818+00:00,31.259109578677453
2025-08-15 10:41:15.297081+00:00,31.26426023305976
2025-08-15 10:41:17.166850+00:00,31.259109578677453
2025-08-15 10:41:18.169276+00:00,31.26426023305976
2025-08-15 10:41:19.446120+00:00,31.279712197952904
2025-08-15 10:41:23.338754+00:00,31.29001350933686
2025-08-15 10:41:24.114421+00:00,31.300314821884967
2025-08-15 10:41:25.163015+00:00,31.320917450473644
2025-08-15 10:41:25.447327+00:00,31.31061613559723
2025-08-15 10:41:25.778652+00:00,31.31061613559723
2025-08-15 10:41:25.970371+00:00,31.315766792889917
2025-08-15 10:41:31.294705+00:00,31.315766792889917
2025-08-15 10:41:35.869428+00:00,31.331218766514212
2025-08-15 10:41:36.621225+00:00,31.34667074275785
2025-08-15 10:41:37.871372+00:00,31.351821402087808
2025-08-15 10:41:38.180321+00:00,31.367273381823907
2025-08-15 10:41:39.578658+00:00,31.356972061708802
2025-08-15 10:41:40.153960+00:00,31.356972061708802
2025-08-15 10:41:41.082499+00:00,31.372424042318016
2025-08-15 10:41:43.129449+00:00,31.367273381823907
2025-08-15 10:41:45.480446+00:00,31.387876025546575
2025-08-15 10:41:48.088596+00:00,31.38272536417935
2025-08-15 10:41:48.458893+00:00,31.40332801139448
2025-08-15 10:41:49.853999+00:00,31.408478673925856
2025-08-15 10:41:50.680764+00:00,31.39817734915414
2025-08-15 10:41:51.531434+00:00,31.40332801139448
2025-08-15 10:41:52.235422+00:00,31.39817734915414
2025-08-15 10:41:52.788857+00:00,31.408478673925856
2025-08-15 10:41:54.306653+00:00,31.40332801139448
2025-08-15 10:41:55.350717+00:00,31.408478673925856
2025-08-15 10:41:55.745492+00:00,31.408478673925856
2025-08-15 10:41:56.147035+00:00,31.418779999861727
2025-08-15 10:41:56.428869+00:00,31.418779999861727
2025-08-15 10:41:56.728815+00:00,31.408478673925856
2025-08-15 10:41:57.660023+00:00,31.413629336748272
2025-08-15 10:41:57.890391+00:00,31.408478673925856
2025-08-15 10:41:59.830271+00:00,31.408478673925856
2025-08-15 10:42:02.321143+00:00,31.408478673925856
2025-08-15 10:42:03.923209+00:00,31.43423199094832
2025-08-15 10:42:05.505164+00:00,31.418779999861727
2025-08-15 10:42:06.912405+00:00,31.413629336748272
2025-08-15 10:42:07.263672+00:00,31.413629336748272
2025-08-15 10:42:07.723351+00:00,31.43423199094832
2025-08-15 10:42:09.733517+00:00,31.418779999861727
2025-08-15 10:42:17.075950+00:00,31.418779999861727
2025-08-15 10:42:18.383199+00:00,31.413629336748272
2025-08-15 10:42:20.500949+00:00,31.42393066326622
2025-08-15 10:42:21.402244+00:00,31.408478673925856
2025-08-15 10:42:21.769233+00:00,31.418779999861727
2025-08-15 10:42:22.192852+00:00,31.413629336748272
2025-08-15 10:42:22.584926+00:00,31.418779999861727
2025-08-15 10:42:23.004279+00:00,31.418779999861727
2025-08-15 10:42:25.621320+00:00,31.413629336748272
2025-08-15 10:42:31.355099+00:00,31.413629336748272
2025-08-15 10:42:33.930569+00:00,31.39817734915414
2025-08-15 10:42:35.218763+00:00,31.393026687204838
2025-08-15 10:42:35.594146+00:00,31.40332801139448
2025-08-15 10:42:36.203033+00:00,31.38272536417935
2025-08-15 10:42:36.928970+00:00,31.387876025546575
2025-08-15 10:42:37.388408+00:00,31.393026687204838
2025-08-15 10:42:41.133526+00:00,31.39817734915414
2025-08-15 10:42:42.729171+00:00,31.372424042318016
2025-08-15 10:42:43.506769+00:00,31.38272536417935
2025-08-15 10:42:46.044771+00:00,31.38272536417935
2025-08-15 10:42:48.211477+00:00,31.367273381823907
2025-08-15 10:42:50.072509+00:00,31.362122721620835
2025-08-15 10:42:51.159643+00:00,31.356972061708802
2025-08-15 10:42:51.386131+00:00,31.362122721620835
2025-08-15 10:42:53.624593+00:00,31.372424042318016
2025-08-15 10:42:53.979687+00:00,31.377574703103164
2025-08-15 10:42:54.383353+00:00,31.393026687204838
2025-08-15 10:42:54.768907+00:00,31.393026687204838
2025-08-15 10:42:55.319382+00:00,31.38272536417935
2025-08-15 10:42:56.905860+00:00,31.372424042318016
2025-08-15 10:42:57.249779+00:00,31.377574703103164
2025-08-15 10:42:57.540726+00:00,31.38272536417935
2025-08-15 10:43:04.277678+00:00,31.372424042318016
2025-08-15 10:43:08.926214+00:00,31.393026687204838
2025-08-15 10:43:13.537655+00:00,31.38272536417935
2025-08-15 10:43:14.256391+00:00,31.40332801139448
2025-08-15 10:43:14.960774+00:00,31.38272536417935
2025-08-15 10:43:15.530100+00:00,31.387876025546575
2025-08-15 10:43:16.079661+00:00,31.377574703103164
2025-08-15 10:43:19.021036+00:00,31.377574703103164
2025-08-15 10:43:21.510476+00:00,31.38272536417935
2025-08-15 10:43:22.411880+00:00,31.372424042318016
2025-08-15 10:43:24.345963+00:00,31.372424042318016
2025-08-15 10:43:24.672282+00:00,31.367273381823907
2025-08-15 10:43:24.887833+00:00,31.372424042318016
2025-08-15 10:43:25.148396+00:00,31.38272536417935
2025-08-15 10:43:25.912923+00:00,31.387876025546575
2025-08-15 10:43:27.489040+00:00,31.377574703103164
2025-08-15 10:43:33.409145+00:00,31.367273381823907
2025-08-15 10:43:35.677932+00:00,31.393026687204838
2025-08-15 10:43:36.677219+00:00,31.393026687204838
2025-08-15 10:43:37.068644+00:00,31.393026687204838
2025-08-15 10:43:37.368901+00:00,31.39817734915414
2025-08-15 10:43:38.006326+00:00,31.393026687204838
2025-08-15 10:43:40.639348+00:00,31.393026687204838
2025-08-15 10:43:41.004679+00:00,31.393026687204838
2025-08-15 10:43:42.001855+00:00,31.393026687204838
2025-08-15 10:43:43.714197+00:00,31.393026687204838
2025-08-15 10:43:44.532499+00:00,31.393026687204838
2025-08-15 10:43:48.228374+00:00,31.413629336748272
2025-08-15 10:43:49.352255+00:00,31.408478673925856
2025-08-15 10:43:50.888440+00:00,31.40332801139448
2025-08-15 10:43:51.138306+00:00,31.408478673925856
2025-08-15 10:43:54.097970+00:00,31.40332801139448
2025-08-15 10:43:55.348262+00:00,31.40332801139448
2025-08-15 10:43:56.200835+00:00,31.40332801139448
2025-08-15 10:43:57.048093+00:00,31.393026687204838
2025-08-15 10:43:58.550101+00:00,31.40332801139448
2025-08-15 10:43:59.622260+00:00,31.387876025546575
2025-08-15 10:44:00.219783+00:00,31.387876025546575
2025-08-15 10:44:01.342370+00:00,31.40332801139448
2025-08-15 10:44:02.179444+00:00,31.393026687204838
2025-08-15 10:44:05.010640+00:00,31.393026687204838
2025-08-15 10:44:08.209845+00:00,31.393026687204838
2025-08-15 10:44:10.017656+00:00,31.40332801139448
2025-08-15 10:44:11.846799+00:00,31.387876025546575
2025-08-15 10:44:14.104459+00:00,31.393026687204838
2025-08-15 10:44:14.713326+00:00,31.38272536417935
2025-08-15 10:44:15.314169+00:00,31.393026687204838
2025-08-15 10:44:15.805380+00:00,31.39817734915414
2025-08-15 10:44:18.356216+00:00,31.393026687204838
2025-08-15 10:44:19.125038+00:00,31.387876025546575
2025-08-15 10:44:20.036118+00:00,31.377574703103164
2025-08-15 10:44:20.468244+00:00,31.372424042318016
2025-08-15 10:44:23.253478+00:00,31.367273381823907
2025-08-15 10:44:23.821313+00:00,31.351821402087808
2025-08-15 10:44:25.871548+00:00,31.362122721620835
2025-08-15 10:44:27.129718+00:00,31.351821402087808
2025-08-15 10:44:27.480565+00:00,31.351821402087808
2025-08-15 10:44:27.805137+00:00,31.34667074275785
2025-08-15 10:44:28.204387+00:00,31.356972061708802
2025-08-15 10:44:30.831526+00:00,31.351821402087808
2025-08-15 10:44:31.835075+00:00,31.351821402087808
2025-08-15 10:44:32.993045+00:00,31.34667074275785
2025-08-15 10:44:33.930227+00:00,31.356972061708802
2025-08-15 10:44:35.232057+00:00,31.34667074275785
2025-08-15 10:44:36.109668+00:00,31.34667074275785
2025-08-15 10:44:37.329100+00:00,31.351821402087808
2025-08-15 10:44:39.596394+00:00,31.341520083718933
2025-08-15 10:44:40.311661+00:00,31.336369424971053
2025-08-15 10:44:40.845012+00:00,31.341520083718933
2025-08-15 10:44:41.673719+00:00,31.331218766514212
2025-08-15 10:44:42.442375+00:00,31.341520083718933
2025-08-15 10:44:44.244821+00:00,31.331218766514212
2025-08-15 10:44:44.605637+00:00,31.32606810834841
2025-08-15 10:44:51.229554+00:00,31.331218766514212
2025-08-15 10:44:51.679140+00:00,31.32606810834841
2025-08-15 10:44:53.042060+00:00,31.32606810834841
2025-08-15 10:44:53.747632+00:00,31.32606810834841
2025-08-15 10:44:56.474870+00:00,31.331218766514212
2025-08-15 10:44:56.699818+00:00,31.331218766514212
2025-08-15 10:45:01.575064+00:00,31.320917450473644
2025-08-15 10:45:02.803645+00:00,31.32606810834841
2025-08-15 10:45:04.675041+00:00,31.320917450473644
2025-08-15 10:45:05.161698+00:00,31.31061613559723
2025-08-15 10:45:05.560173+00:00,31.320917450473644
2025-08-15 10:45:11.419472+00:00,31.320917450473644
2025-08-15 10:45:13.384787+00:00,31.300314821884967
2025-08-15 10:45:23.612924+00:00,31.284862853499362
2025-08-15 10:45:25.509689+00:00,31.26426023305976
2025-08-15 10:45:25.941706+00:00,31.269410887733102
2025-08-15 10:45:27.630104+00:00,31.26426023305976
2025-08-15 10:45:30.111127+00:00,31.279712197952904
2025-08-15 10:45:30.771978+00:00,31.274561542697484
2025-08-15 10:45:32.393495+00:00,31.269410887733102
2025-08-15 10:45:34.958139+00:00,31.253958924586186
2025-08-15 10:45:39.625498+00:00,31.238506964058615
2025-08-15 10:45:40.249628+00:00,31.228205658495426
2025-08-15 10:45:43.804731+00:00,31.228205658495426
2025-08-15 10:45:45.087141+00:00,31.21790435409639
2025-08-15 10:45:45.482926+00:00,31.21790435409639
2025-08-15 10:45:45.861589+00:00,31.228205658495426
2025-08-15 10:45:46.782930+00:00,31.21790435409639
2025-08-15 10:45:47.284536+00:00,31.21790435409639
2025-08-15 10:45:47.793125+00:00,31.21790435409639
2025-08-15 10:45:51.834016+00:00,31.202452399680624
2025-08-15 10:45:54.655828+00:00,31.207603050861508
2025-08-15 10:45:57.516358+00:00,31.21275370233343
2025-08-15 10:45:58.481255+00:00,31.21790435409639
2025-08-15 10:45:58.853299+00:00,31.207603050861508
2025-08-15 10:46:06.243163+00:00,31.21275370233343
2025-08-15 10:46:07.878795+00:00,31.202452399680624
2025-08-15 10:46:13.711565+00:00,31.202452399680624
2025-08-15 10:46:19.251872+00:00,31.21275370233343
2025-08-15 10:46:19.866966+00:00,31.21790435409639
2025-08-15 10:46:21.326393+00:00,31.22305500615039
2025-08-15 10:46:24.921168+00:00,31.21790435409639
2025-08-15 10:46:25.293424+00:00,31.207603050861508
2025-08-15 10:46:25.777103+00:00,31.21790435409639
2025-08-15 10:46:26.444241+00:00,31.22305500615039
2025-08-15 10:46:28.772717+00:00,31.21275370233343
2025-08-15 10:46:32.574702+00:00,31.228205658495426
2025-08-15 10:46:32.976948+00:00,31.21790435409639
2025-08-15 10:46:33.610578+00:00,31.21790435409639
2025-08-15 10:46:36.485908+00:00,31.21275370233343
2025-08-15 10:46:37.726950+00:00,31.228205658495426
2025-08-15 10:46:38.480544+00:00,31.21790435409639
2025-08-15 10:46:38.877933+00:00,31.22305500615039
2025-08-15 10:46:39.114424+00:00,31.228205658495426
2025-08-15 10:46:40.410354+00:00,31.22305500615039
2025-08-15 10:46:40.901460+00:00,31.21790435409639
2025-08-15 10:46:42.271675+00:00,31.228205658495426
2025-08-15 10:46:42.989593+00:00,31.2333563111315
2025-08-15 10:46:43.702332+00:00,31.228205658495426
2025-08-15 10:46:45.095227+00:00,31.228205658495426
2025-08-15 10:46:45.478592+00:00,31.228205658495426
2025-08-15 10:46:45.832371+00:00,31.243657617276767
2025-08-15 10:46:48.787025+00:00,31.2333563111315
2025-08-15 10:46:50.994144+00:00,31.248808270785958
2025-08-15 10:46:52.794110+00:00,31.248808270785958
2025-08-15 10:46:53.048927+00:00,31.248808270785958
2025-08-15 10:46:54.244271+00:00,31.248808270785958
2025-08-15 10:46:55.697252+00:00,31.248808270785958
2025-08-15 10:47:01.830070+00:00,31.248808270785958
2025-08-15 10:47:02.730992+00:00,31.253958924586186
2025-08-15 10:47:03.206236+00:00,31.253958924586186
2025-08-15 10:47:03.559244+00:00,31.253958924586186
2025-08-15 10:47:04.150445+00:00,31.253958924586186
2025-08-15 10:47:07.099935+00:00,31.269410887733102
2025-08-15 10:47:09.594483+00:00,31.269410887733102
2025-08-15 10:47:15.381921+00:00,31.274561542697484
2025-08-15 10:47:20.395178+00:00,31.269410887733102
2025-08-15 10:47:21.064171+00:00,31.26426023305976
2025-08-15 10:47:22.032400+00:00,31.279712197952904
2025-08-15 10:47:25.049714+00:00,31.279712197952904
2025-08-15 10:47:26.421361+00:00,31.29001350933686
2025-08-15 10:47:27.985992+00:00,31.295164165465394
2025-08-15 10:47:32.854897+00:00,31.295164165465394
2025-08-15 10:47:34.031927+00:00,31.295164165465394
2025-08-15 10:47:37.674133+00:00,31.29001350933686
2025-08-15 10:47:41.666740+00:00,31.300314821884967
2025-08-15 10:47:42.376497+00:00,31.295164165465394
2025-08-15 10:47:42.710444+00:00,31.30546547859558
2025-08-15 10:47:43.085452+00:00,31.295164165465394
2025-08-15 10:47:43.526815+00:00,31.300314821884967
2025-08-15 10:47:43.768379+00:00,31.30546547859558
2025-08-15 10:47:43.945823+00:00,31.31061613559723
2025-08-15 10:47:44.194787+00:00,31.300314821884967
2025-08-15 10:47:44.622802+00:00,31.300314821884967
2025-08-15 10:47:48.289261+00:00,31.300314821884967
2025-08-15 10:47:49.933967+00:00,31.29001350933686
2025-08-15 10:47:51.423134+00:00,31.29001350933686
2025-08-15 10:47:52.976455+00:00,31.29001350933686
2025-08-15 10:47:53.642744+00:00,31.279712197952904
2025-08-15 10:47:54.292000+00:00,31.29001350933686
2025-08-15 10:47:55.306219+00:00,31.284862853499362
2025-08-15 10:47:55.533917+00:00,31.279712197952904
2025-08-15 10:47:56.209548+00:00,31.279712197952904
2025-08-15 10:47:57.921155+00:00,31.269410887733102
2025-08-15 10:47:59.057049+00:00,31.279712197952904
2025-08-15 10:47:59.776002+00:00,31.284862853499362
2025-08-15 10:48:00.554264+00:00,31.29001350933686
2025-08-15 10:48:02.705031+00:00,31.274561542697484
2025-08-15 10:48:04.822002+00:00,31.269410887733102
2025-08-15 10:48:06.990071+00:00,31.269410887733102
2025-08-15 10:48:07.826909+00:00,31.279712197952904
2025-08-15 10:48:09.520725+00:00,31.29001350933686
2025-08-15 10:48:16.614532+00:00,31.284862853499362
2025-08-15 10:48:18.788855+00:00,31.269410887733102
2025-08-15 10:48:19.287021+00:00,31.279712197952904
2025-08-15 10:48:21.146505+00:00,31.29001350933686
2025-08-15 10:48:21.739924+00:00,31.300314821884967
2025-08-15 10:48:22.018341+00:00,31.279712197952904
2025-08-15 10:48:22.792097+00:00,31.29001350933686
2025-08-15 10:48:23.580714+00:00,31.279712197952904
2025-08-15 10:48:24.013066+00:00,31.279712197952904
2025-08-15 10:48:24.722104+00:00,31.284862853499362
2025-08-15 10:48:25.733513+00:00,31.29001350933686
2025-08-15 10:48:26.324349+00:00,31.295164165465394
2025-08-15 10:48:26.585554+00:00,31.295164165465394
2025-08-15 10:48:26.910235+00:00,31.29001350933686
2025-08-15 10:48:27.203281+00:00,31.29001350933686
2025-08-15 10:48:34.638323+00:00,31.279712197952904
2025-08-15 10:48:35.256563+00:00,31.284862853499362
2025-08-15 10:48:35.910821+00:00,31.29001350933686
2025-08-15 10:48:36.822002+00:00,31.284862853499362
2025-08-15 10:48:37.217962+00:00,31.29001350933686
2025-08-15 10:48:40.989685+00:00,31.29001350933686
2025-08-15 10:48:41.258328+00:00,31.29001350933686
2025-08-15 10:48:42.743478+00:00,31.279712197952904
2025-08-15 10:48:43.033969+00:00,31.295164165465394
2025-08-15 10:48:45.375214+00:00,31.284862853499362
2025-08-15 10:48:45.780268+00:00,31.29001350933686
2025-08-15 10:48:48.682877+00:00,31.29001350933686
2025-08-15 10:48:49.458409+00:00,31.32606810834841
2025-08-15 10:48:49.958980+00:00,31.320917450473644
2025-08-15 10:48:50.294250+00:00,31.331218766514212
2025-08-15 10:48:50.770110+00:00,31.320917450473644
2025-08-15 10:48:51.518966+00:00,31.320917450473644
2025-08-15 10:48:53.110024+00:00,31.320917450473644
2025-08-15 10:48:54.033928+00:00,31.320917450473644
2025-08-15 10:48:54.453200+00:00,31.32606810834841
2025-08-15 10:48:59.239119+00:00,31.315766792889917
2025-08-15 10:49:01.067119+00:00,31.32606810834841
2025-08-15 10:49:04.603476+00:00,31.331218766514212
2025-08-15 10:49:05.085186+00:00,31.32606810834841
2025-08-15 10:49:06.029072+00:00,31.341520083718933
2025-08-15 10:49:06.473275+00:00,31.336369424971053
2025-08-15 10:49:06.886357+00:00,31.331218766514212
2025-08-15 10:49:07.324855+00:00,31.32606810834841
2025-08-15 10:49:07.868911+00:00,31.341520083718933
2025-08-15 10:49:09.062162+00:00,31.331218766514212
2025-08-15 10:49:09.766936+00:00,31.336369424971053
2025-08-15 10:49:10.520381+00:00,31.331218766514212
2025-08-15 10:49:13.639786+00:00,31.336369424971053
2025-08-15 10:49:13.965211+00:00,31.336369424971053
2025-08-15 10:49:14.951482+00:00,31.336369424971053
2025-08-15 10:49:16.503647+00:00,31.341520083718933
2025-08-15 10:49:17.319811+00:00,31.32606810834841
2025-08-15 10:49:17.669996+00:00,31.32606810834841
2025-08-15 10:49:20.290345+00:00,31.331218766514212
2025-08-15 10:49:22.150238+00:00,31.315766792889917
2025-08-15 10:49:23.034324+00:00,31.320917450473644
2025-08-15 10:49:24.861991+00:00,31.320917450473644
2025-08-15 10:49:25.663218+00:00,31.331218766514212
2025-08-15 10:49:27.772295+00:00,31.32606810834841
2025-08-15 10:49:28.331411+00:00,31.331218766514212
2025-08-15 10:49:29.667751+00:00,31.336369424971053
2025-08-15 10:49:33.809434+00:00,31.331218766514212
2025-08-15 10:49:38.263743+00:00,31.331218766514212
2025-08-15 10:49:40.852198+00:00,31.32606810834841
2025-08-15 10:49:41.537358+00:00,31.336369424971053
2025-08-15 10:49:43.283959+00:00,31.336369424971053
2025-08-15 10:49:44.168407+00:00,31.32606810834841
2025-08-15 10:49:46.954918+00:00,31.336369424971053
2025-08-15 10:49:52.971791+00:00,31.34667074275785
2025-08-15 10:49:54.759281+00:00,31.331218766514212
2025-08-15 10:49:56.260361+00:00,31.331218766514212
2025-08-15 10:49:57.025096+00:00,31.341520083718933
2025-08-15 10:49:58.315922+00:00,31.331218766514212
2025-08-15 10:49:59.505042+00:00,31.341520083718933
2025-08-15 10:50:02.041083+00:00,31.336369424971053
2025-08-15 10:50:03.251413+00:00,31.331218766514212
2025-08-15 10:50:03.809448+00:00,31.331218766514212
2025-08-15 10:50:04.430439+00:00,31.320917450473644
2025-08-15 10:50:09.627066+00:00,31.336369424971053
2025-08-15 10:50:10.928492+00:00,31.336369424971053
2025-08-15 10:50:11.545207+00:00,31.341520083718933
2025-08-15 10:50:12.035835+00:00,31.331218766514212
2025-08-15 10:50:12.454069+00:00,31.341520083718933
2025-08-15 10:50:12.833183+00:00,31.32606810834841
2025-08-15 10:50:13.249857+00:00,31.331218766514212
2025-08-15 10:50:14.980176+00:00,31.320917450473644
2025-08-15 10:50:15.543048+00:00,31.320917450473644
2025-08-15 10:50:22.833883+00:00,31.331218766514212
2025-08-15 10:50:23.618396+00:00,31.320917450473644
2025-08-15 10:50:24.493873+00:00,31.320917450473644
2025-08-15 10:50:25.370863+00:00,31.315766792889917
2025-08-15 10:50:27.292981+00:00,31.31061613559723
2025-08-15 10:50:31.634990+00:00,31.300314821884967
2025-08-15 10:50:38.809803+00:00,31.300314821884967
2025-08-15 10:50:41.600439+00:00,31.295164165465394
2025-08-15 10:50:44.770866+00:00,31.31061613559723
2025-08-15 10:50:49.533724+00:00,31.31061613559723
2025-08-15 10:50:50.917072+00:00,31.315766792889917
2025-08-15 10:50:51.507757+00:00,31.320917450473644
2025-08-15 10:50:54.483400+00:00,31.31061613559723
2025-08-15 10:50:57.833081+00:00,31.31061613559723
2025-08-15 10:51:00.141499+00:00,31.31061613559723
2025-08-15 10:51:06.349651+00:00,31.300314821884967
2025-08-15 10:51:11.666826+00:00,31.29001350933686
2025-08-15 10:51:12.642044+00:00,31.295164165465394
2025-08-15 10:51:13.026559+00:00,31.295164165465394
2025-08-15 10:51:16.443186+00:00,31.295164165465394
2025-08-15 10:51:22.464542+00:00,31.300314821884967
2025-08-15 10:51:24.397937+00:00,31.29001350933686
2025-08-15 10:51:25.394932+00:00,31.29001350933686
2025-08-15 10:51:25.780542+00:00,31.295164165465394
2025-08-15 10:51:26.105301+00:00,31.29001350933686
2025-08-15 10:51:27.457563+00:00,31.279712197952904
2025-08-15 10:51:29.235843+00:00,31.29001350933686
2025-08-15 10:51:29.924239+00:00,31.279712197952904
2025-08-15 10:51:30.520272+00:00,31.279712197952904
2025-08-15 10:51:31.126520+00:00,31.284862853499362
2025-08-15 10:51:32.152740+00:00,31.284862853499362
2025-08-15 10:51:35.433819+00:00,31.29001350933686
2025-08-15 10:51:35.710499+00:00,31.284862853499362
2025-08-15 10:51:39.152663+00:00,31.274561542697484
2025-08-15 10:51:39.790146+00:00,31.274561542697484
2025-08-15 10:51:40.526177+00:00,31.279712197952904
2025-08-15 10:51:42.829820+00:00,31.269410887733102
2025-08-15 10:51:43.751668+00:00,31.269410887733102
2025-08-15 10:51:47.879412+00:00,31.269410887733102
2025-08-15 10:51:52.262243+00:00,31.26426023305976
2025-08-15 10:51:53.288376+00:00,31.26426023305976
2025-08-15 10:51:53.698112+00:00,31.259109578677453
2025-08-15 10:51:55.273155+00:00,31.259109578677453
2025-08-15 10:51:56.738884+00:00,31.253958924586186
2025-08-15 10:51:59.688370+00:00,31.259109578677453
2025-08-15 10:52:00.314418+00:00,31.238506964058615
2025-08-15 10:52:02.766771+00:00,31.284862853499362
2025-08-15 10:52:05.049577+00:00,31.259109578677453
2025-08-15 10:52:05.426248+00:00,31.248808270785958
2025-08-15 10:52:07.774675+00:00,31.253958924586186
2025-08-15 10:52:09.706148+00:00,31.243657617276767
2025-08-15 10:52:11.882011+00:00,31.2333563111315
2025-08-15 10:52:14.196326+00:00,31.2333563111315
2025-08-15 10:52:16.403730+00:00,31.228205658495426
2025-08-15 10:52:17.850503+00:00,31.2333563111315
2025-08-15 10:52:20.680390+00:00,31.22305500615039
2025-08-15 10:52:22.209453+00:00,31.238506964058615
2025-08-15 10:52:24.632192+00:00,31.228205658495426
2025-08-15 10:52:25.550858+00:00,31.21790435409639
2025-08-15 10:52:25.830053+00:00,31.22305500615039
2025-08-15 10:52:26.234905+00:00,31.2333563111315
2025-08-15 10:52:26.677814+00:00,31.238506964058615
2025-08-15 10:52:32.466074+00:00,31.238506964058615
2025-08-15 10:52:33.244229+00:00,31.2333563111315
2025-08-15 10:52:34.297658+00:00,31.228205658495426
2025-08-15 10:52:34.855969+00:00,31.2333563111315
2025-08-15 10:52:37.060596+00:00,31.2333563111315
2025-08-15 10:52:38.254321+00:00,31.228205658495426
2025-08-15 10:52:39.559400+00:00,31.21790435409639
2025-08-15 10:52:42.441103+00:00,31.2333563111315
2025-08-15 10:52:43.538394+00:00,31.22305500615039
2025-08-15 10:52:44.331496+00:00,31.228205658495426
2025-08-15 10:52:47.339584+00:00,31.22305500615039
2025-08-15 10:52:48.577684+00:00,31.21275370233343
2025-08-15 10:52:49.324382+00:00,31.21790435409639
2025-08-15 10:52:55.959377+00:00,31.228205658495426
2025-08-15 10:52:57.739131+00:00,31.228205658495426
2025-08-15 10:53:03.948713+00:00,31.238506964058615
2025-08-15 10:53:04.672701+00:00,31.248808270785958
2025-08-15 10:53:05.197608+00:00,31.243657617276767
2025-08-15 10:53:05.656774+00:00,31.238506964058615
2025-08-15 10:53:06.049560+00:00,31.238506964058615
2025-08-15 10:53:06.556108+00:00,31.248808270785958
2025-08-15 10:53:09.572208+00:00,31.248808270785958
2025-08-15 10:53:21.281983+00:00,31.269410887733102
2025-08-15 10:53:24.287174+00:00,31.279712197952904
2025-08-15 10:53:26.054224+00:00,31.259109578677453
2025-08-15 10:53:34.705033+00:00,31.243657617276767
2025-08-15 10:53:35.705553+00:00,31.2333563111315
2025-08-15 10:53:36.693234+00:00,31.228205658495426
2025-08-15 10:53:36.945542+00:00,31.243657617276767
2025-08-15 10:53:37.296590+00:00,31.243657617276767
2025-08-15 10:53:37.597396+00:00,31.238506964058615
2025-08-15 10:53:37.869890+00:00,31.228205658495426
2025-08-15 10:53:38.193713+00:00,31.248808270785958
2025-08-15 10:53:38.746757+00:00,31.238506964058615
2025-08-15 10:53:39.055585+00:00,31.228205658495426
2025-08-15 10:53:42.697611+00:00,31.22305500615039
2025-08-15 10:53:48.279736+00:00,31.228205658495426
2025-08-15 10:53:50.945396+00:00,31.238506964058615
2025-08-15 10:53:52.566731+00:00,31.2333563111315
2025-08-15 10:53:52.946437+00:00,31.2333563111315
2025-08-15 10:53:53.303182+00:00,31.238506964058615
2025-08-15 10:53:55.555026+00:00,31.248808270785958
2025-08-15 10:53:55.798972+00:00,31.243657617276767
2025-08-15 10:53:56.091253+00:00,31.243657617276767
2025-08-15 10:53:56.350266+00:00,31.248808270785958
2025-08-15 10:54:00.623676+00:00,31.259109578677453
2025-08-15 10:54:03.995827+00:00,31.26426023305976
2025-08-15 10:54:05.328275+00:00,31.274561542697484
2025-08-15 10:54:05.720067+00:00,31.26426023305976
2025-08-15 10:54:06.071682+00:00,31.269410887733102
2025-08-15 10:54:07.132196+00:00,31.269410887733102
2025-08-15 10:54:07.561694+00:00,31.26426023305976
2025-08-15 10:54:07.981171+00:00,31.269410887733102
2025-08-15 10:54:08.776381+00:00,31.269410887733102
2025-08-15 10:54:09.599535+00:00,31.29001350933686
2025-08-15 10:54:11.486887+00:00,31.274561542697484
2025-08-15 10:54:14.090267+00:00,31.300314821884967
2025-08-15 10:54:17.941884+00:00,31.320917450473644
2025-08-15 10:54:19.469941+00:00,31.30546547859558
2025-08-15 10:54:22.836039+00:00,31.31061613559723
2025-08-15 10:54:24.613841+00:00,31.320917450473644
2025-08-15 10:54:27.389055+00:00,31.31061613559723
2025-08-15 10:54:27.756164+00:00,31.31061613559723
2025-08-15 10:54:27.983259+00:00,31.31061613559723
2025-08-15 10:54:28.541625+00:00,31.31061613559723
2025-08-15 10:54:32.545583+00:00,31.300314821884967
2025-08-15 10:54:33.105974+00:00,31.300314821884967
2025-08-15 10:54:36.002412+00:00,31.295164165465394
2025-08-15 10:54:36.544651+00:00,31.30546547859558
2025-08-15 10:54:37.652858+00:00,31.300314821884967
2025-08-15 10:54:41.278501+00:00,31.30546547859558
2025-08-15 10:54:41.569083+00:00,31.279712197952904
2025-08-15 10:54:42.889041+00:00,31.29001350933686
2025-08-15 10:54:44.850383+00:00,31.295164165465394
2025-08-15 10:54:46.678113+00:00,31.295164165465394
2025-08-15 10:54:47.236511+00:00,31.284862853499362
2025-08-15 10:54:53.912469+00:00,31.300314821884967
2025-08-15 10:54:55.762777+00:00,31.30546547859558
2025-08-15 10:54:57.852855+00:00,31.300314821884967
2025-08-15 10:54:59.015921+00:00,31.29001350933686
2025-08-15 10:54:59.273271+00:00,31.29001350933686
2025-08-15 10:55:08.903820+00:00,31.29001350933686
2025-08-15 10:55:09.437212+00:00,31.284862853499362
2025-08-15 10:55:09.869034+00:00,31.279712197952904
2025-08-15 10:55:10.345340+00:00,31.284862853499362
2025-08-15 10:55:12.371967+00:00,31.279712197952904
2025-08-15 10:55:16.621036+00:00,31.295164165465394
2025-08-15 10:55:17.565282+00:00,31.320917450473644
2025-08-15 10:55:19.393985+00:00,31.331218766514212
2025-08-15 10:55:21.869785+00:00,31.320917450473644
2025-08-15 10:55:23.869961+00:00,31.341520083718933
2025-08-15 10:55:26.161787+00:00,31.331218766514212
2025-08-15 10:55:28.187904+00:00,31.331218766514212
2025-08-15 10:55:28.596360+00:00,31.331218766514212
2025-08-15 10:55:29.695508+00:00,31.341520083718933
2025-08-15 10:55:32.814841+00:00,31.351821402087808
2025-08-15 10:55:35.621850+00:00,31.356972061708802
2025-08-15 10:55:36.033064+00:00,31.356972061708802
2025-08-15 10:55:39.178053+00:00,31.362122721620835
2025-08-15 10:55:44.343134+00:00,31.362122721620835
2025-08-15 10:55:48.508674+00:00,31.367273381823907
2025-08-15 10:55:56.211708+00:00,31.34667074275785
2025-08-15 10:55:58.088729+00:00,31.331218766514212
2025-08-15 10:55:58.463432+00:00,31.320917450473644
2025-08-15 10:55:58.677837+00:00,31.331218766514212
2025-08-15 10:55:59.244146+00:00,31.331218766514212
2025-08-15 10:55:59.925552+00:00,31.331218766514212
2025-08-15 10:56:04.736146+00:00,31.336369424971053
2025-08-15 10:56:05.517109+00:00,31.34667074275785
2025-08-15 10:56:08.722402+00:00,31.336369424971053
2025-08-15 10:56:09.924994+00:00,31.336369424971053
2025-08-15 10:56:12.964174+00:00,31.34667074275785
2025-08-15 10:56:13.549306+00:00,31.341520083718933
2025-08-15 10:56:14.069237+00:00,31.341520083718933
2025-08-15 10:56:15.796164+00:00,31.351821402087808
2025-08-15 10:56:19.417745+00:00,31.341520083718933
2025-08-15 10:56:22.544215+00:00,31.341520083718933
2025-08-15 10:56:26.909240+00:00,31.32606810834841
2025-08-15 10:56:28.802768+00:00,31.320917450473644
2025-08-15 10:56:29.201790+00:00,31.31061613559723
2025-08-15 10:56:29.575936+00:00,31.31061613559723
2025-08-15 10:56:30.159536+00:00,31.320917450473644
2025-08-15 10:56:34.147489+00:00,31.315766792889917
2025-08-15 10:56:35.711368+00:00,31.31061613559723
2025-08-15 10:56:38.649653+00:00,31.31061613559723
2025-08-15 10:56:39.402865+00:00,31.31061613559723
2025-08-15 10:56:39.718584+00:00,31.31061613559723
2025-08-15 10:56:41.201507+00:00,31.31061613559723
2025-08-15 10:56:46.472086+00:00,31.31061613559723
2025-08-15 10:56:47.590251+00:00,31.30546547859558
2025-08-15 10:56:50.070951+00:00,31.30546547859558
2025-08-15 10:56:50.966730+00:00,31.31061613559723
2025-08-15 10:56:51.259138+00:00,31.320917450473644
2025-08-15 10:56:51.651652+00:00,31.32606810834841
2025-08-15 10:56:53.070233+00:00,31.331218766514212
2025-08-15 10:56:53.759212+00:00,31.315766792889917
2025-08-15 10:56:55.375419+00:00,31.32606810834841
2025-08-15 10:56:56.750537+00:00,31.32606810834841
2025-08-15 10:56:57.260382+00:00,31.331218766514212
2025-08-15 10:56:57.494283+00:00,31.331218766514212
2025-08-15 10:57:01.645701+00:00,31.341520083718933
2025-08-15 10:57:02.042481+00:00,31.331218766514212
2025-08-15 10:57:06.656031+00:00,31.331218766514212
2025-08-15 10:57:08.809651+00:00,31.341520083718933
2025-08-15 10:57:09.833037+00:00,31.336369424971053
2025-08-15 10:57:10.984845+00:00,31.336369424971053
2025-08-15 10:57:13.526290+00:00,31.336369424971053
2025-08-15 10:57:14.758773+00:00,31.341520083718933
2025-08-15 10:57:15.983823+00:00,31.34667074275785
2025-08-15 10:57:18.757997+00:00,31.34667074275785
2025-08-15 10:57:19.520236+00:00,31.336369424971053
2025-08-15 10:57:19.783433+00:00,31.336369424971053
2025-08-15 10:57:20.594509+00:00,31.331218766514212
2025-08-15 10:57:23.036277+00:00,31.331218766514212
2025-08-15 10:57:24.393529+00:00,31.341520083718933
2025-08-15 10:57:26.369489+00:00,31.331218766514212
2025-08-15 10:57:28.231930+00:00,31.320917450473644
2025-08-15 10:57:29.971384+00:00,31.331218766514212
2025-08-15 10:57:31.375076+00:00,31.331218766514212
2025-08-15 10:57:33.417765+00:00,31.320917450473644
2025-08-15 10:57:35.207507+00:00,31.336369424971053
2025-08-15 10:57:35.466984+00:00,31.320917450473644
2025-08-15 10:57:35.717568+00:00,31.331218766514212
2025-08-15 10:57:38.892724+00:00,31.320917450473644
2025-08-15 10:57:40.386809+00:00,31.320917450473644
2025-08-15 10:57:42.861757+00:00,31.31061613559723
2025-08-15 10:57:45.508965+00:00,31.320917450473644
2025-08-15 10:57:45.933347+00:00,31.320917450473644
2025-08-15 10:57:46.443600+00:00,31.315766792889917
2025-08-15 10:57:46.817016+00:00,31.30546547859558
2025-08-15 10:57:47.132914+00:00,31.30546547859558
2025-08-15 10:57:47.571278+00:00,31.31061613559723
2025-08-15 10:57:50.734664+00:00,31.31061613559723
2025-08-15 10:57:51.067576+00:00,31.295164165465394
2025-08-15 10:57:51.437954+00:00,31.320917450473644
2025-08-15 10:57:52.141035+00:00,31.31061613559723
2025-08-15 10:57:52.425501+00:00,31.30546547859558
2025-08-15 10:57:54.466873+00:00,31.300314821884967
2025-08-15 10:57:55.885055+00:00,31.29001350933686
2025-08-15 10:57:59.559254+00:00,31.29001350933686
2025-08-15 10:58:01.916322+00:00,31.29001350933686
2025-08-15 10:58:02.386134+00:00,31.29001350933686
2025-08-15 10:58:05.182193+00:00,31.279712197952904
2025-08-15 10:58:05.600764+00:00,31.284862853499362
2025-08-15 10:58:06.465135+00:00,31.279712197952904
2025-08-15 10:58:10.209154+00:00,31.279712197952904
2025-08-15 10:58:14.213199+00:00,31.279712197952904
2025-08-15 10:58:14.780477+00:00,31.26426023305976
2025-08-15 10:58:15.699147+00:00,31.274561542697484
2025-08-15 10:58:18.770694+00:00,31.259109578677453
2025-08-15 10:58:19.388462+00:00,31.253958924586186
2025-08-15 10:58:20.644273+00:00,31.259109578677453
2025-08-15 10:58:21.514283+00:00,31.26426023305976
2025-08-15 10:58:22.259417+00:00,31.26426023305976
2025-08-15 10:58:23.783887+00:00,31.259109578677453
2025-08-15 10:58:24.757214+00:00,31.269410887733102
2025-08-15 10:58:26.689759+00:00,31.248808270785958
2025-08-15 10:58:27.553256+00:00,31.248808270785958
2025-08-15 10:58:28.038936+00:00,31.259109578677453
2025-08-15 10:58:28.422175+00:00,31.26426023305976
2025-08-15 10:58:31.491934+00:00,31.259109578677453
2025-08-15 10:58:31.940869+00:00,31.248808270785958
2025-08-15 10:58:35.860391+00:00,31.253958924586186
2025-08-15 10:58:37.923742+00:00,31.248808270785958
2025-08-15 10:58:40.481991+00:00,31.243657617276767
2025-08-15 10:58:42.245104+00:00,31.238506964058615
2025-08-15 10:58:42.670163+00:00,31.2333563111315
2025-08-15 10:58:43.055829+00:00,31.2333563111315
2025-08-15 10:58:43.691856+00:00,31.228205658495426
2025-08-15 10:58:45.116631+00:00,31.228205658495426
2025-08-15 10:58:48.857111+00:00,31.228205658495426
2025-08-15 10:58:50.274099+00:00,31.21790435409639
2025-08-15 10:58:51.240940+00:00,31.22305500615039
2025-08-15 10:58:54.000221+00:00,31.21790435409639
2025-08-15 10:58:54.400226+00:00,31.21790435409639
2025-08-15 10:58:58.695628+00:00,31.2333563111315
2025-08-15 10:58:59.374235+00:00,31.22305500615039
2025-08-15 10:59:04.658283+00:00,31.228205658495426
2025-08-15 10:59:06.282712+00:00,31.248808270785958
2025-08-15 10:59:09.030199+00:00,31.259109578677453
2025-08-15 10:59:10.709473+00:00,31.248808270785958
2025-08-15 10:59:15.239297+00:00,31.248808270785958
2025-08-15 10:59:20.638501+00:00,31.253958924586186
2025-08-15 10:59:20.916820+00:00,31.26426023305976
2025-08-15 10:59:23.906158+00:00,31.248808270785958
2025-08-15 10:59:24.165841+00:00,31.248808270785958
2025-08-15 10:59:25.594370+00:00,31.248808270785958
2025-08-15 10:59:26.671180+00:00,31.259109578677453
2025-08-15 10:59:27.408668+00:00,31.253958924586186
2025-08-15 10:59:27.766306+00:00,31.26426023305976
2025-08-15 10:59:28.174423+00:00,31.259109578677453
2025-08-15 10:59:28.675647+00:00,31.259109578677453
2025-08-15 10:59:33.413373+00:00,31.253958924586186
2025-08-15 10:59:36.261172+00:00,31.253958924586186
2025-08-15 10:59:36.854436+00:00,31.253958924586186
2025-08-15 10:59:37.230511+00:00,31.253958924586186
2025-08-15 10:59:38.148944+00:00,31.253958924586186
2025-08-15 10:59:39.152866+00:00,31.248808270785958
2025-08-15 10:59:39.930880+00:00,31.248808270785958
2025-08-15 10:59:42.143685+00:00,31.26426023305976
2025-08-15 10:59:43.939696+00:00,31.269410887733102
2025-08-15 10:59:49.478064+00:00,31.26426023305976
2025-08-15 10:59:49.819727+00:00,31.26426023305976
2025-08-15 10:59:50.231882+00:00,31.274561542697484
2025-08-15 10:59:50.621582+00:00,31.26426023305976
2025-08-15 10:59:51.566777+00:00,31.259109578677453
2025-08-15 10:59:51.849335+00:00,31.269410887733102
2025-08-15 10:59:52.472798+00:00,31.269410887733102
2025-08-15 10:59:53.208367+00:00,31.279712197952904
2025-08-15 10:59:53.546636+00:00,31.269410887733102
2025-08-15 10:59:54.776590+00:00,31.26426023305976
2025-08-15 10:59:54.989708+00:00,31.274561542697484
2025-08-15 10:59:55.202122+00:00,31.259109578677453
2025-08-15 10:59:58.131336+00:00,31.259109578677453
2025-08-15 11:00:02.794362+00:00,31.253958924586186
2025-08-15 11:00:09.140021+00:00,31.269410887733102
2025-08-15 11:00:12.377274+00:00,31.279712197952904
2025-08-15 11:00:14.939124+00:00,31.279712197952904
2025-08-15 11:00:17.471581+00:00,31.284862853499362
2025-08-15 11:00:17.905818+00:00,31.29001350933686
2025-08-15 11:00:22.159772+00:00,31.295164165465394
2025-08-15 11:00:22.648022+00:00,31.30546547859558
2025-08-15 11:00:24.098528+00:00,31.300314821884967
2025-08-15 11:00:25.207872+00:00,31.31061613559723
2025-08-15 11:00:27.419137+00:00,31.31061613559723
2025-08-15 11:00:28.752467+00:00,31.315766792889917
2025-08-15 11:00:30.677341+00:00,31.31061613559723
2025-08-15 11:00:34.195547+00:00,31.32606810834841
2025-08-15 11:00:36.743853+00:00,31.31061613559723
2025-08-15 11:00:39.327962+00:00,31.331218766514212
2025-08-15 11:00:45.119299+00:00,31.320917450473644
2025-08-15 11:00:46.827028+00:00,31.320917450473644
2025-08-15 11:00:51.504622+00:00,31.31061613559723
2025-08-15 11:00:52.954579+00:00,31.30546547859558
2025-08-15 11:00:54.202351+00:00,31.295164165465394
2025-08-15 11:00:57.031587+00:00,31.300314821884967
2025-08-15 11:01:05.539677+00:00,31.300314821884967
2025-08-15 11:01:06.690542+00:00,31.331218766514212
2025-08-15 11:01:07.844476+00:00,31.331218766514212
2025-08-15 11:01:08.887716+00:00,31.320917450473644
2025-08-15 11:01:10.577680+00:00,31.32606810834841
2025-08-15 11:01:11.100275+00:00,31.336369424971053
2025-08-15 11:01:11.689030+00:00,31.351821402087808
2025-08-15 11:01:12.786978+00:00,31.32606810834841
2025-08-15 11:01:13.353150+00:00,31.331218766514212
2025-08-15 11:01:17.214425+00:00,31.341520083718933
2025-08-15 11:01:19.193413+00:00,31.32606810834841
2025-08-15 11:01:21.539882+00:00,31.331218766514212
2025-08-15 11:01:22.598966+00:00,31.320917450473644
2025-08-15 11:01:22.914283+00:00,31.32606810834841
2025-08-15 11:01:23.293904+00:00,31.320917450473644
2025-08-15 11:01:25.569534+00:00,31.32606810834841
2025-08-15 11:01:28.058819+00:00,31.320917450473644
2025-08-15 11:01:28.854085+00:00,31.320917450473644
2025-08-15 11:01:30.795478+00:00,31.320917450473644
2025-08-15 11:01:35.016041+00:00,31.331218766514212
2025-08-15 11:01:37.813945+00:00,31.362122721620835
2025-08-15 11:01:38.097944+00:00,31.351821402087808
2025-08-15 11:01:39.261872+00:00,31.341520083718933
2025-08-15 11:01:40.612283+00:00,31.341520083718933
2025-08-15 11:01:40.856364+00:00,31.351821402087808
2025-08-15 11:01:44.749503+00:00,31.362122721620835
2025-08-15 11:01:48.027225+00:00,31.34667074275785
2025-08-15 11:01:48.922803+00:00,31.341520083718933
2025-08-15 11:01:49.905911+00:00,31.336369424971053
2025-08-15 11:01:50.380549+00:00,31.351821402087808
2025-08-15 11:01:50.821470+00:00,31.356972061708802
2025-08-15 11:01:51.048164+00:00,31.351821402087808
2025-08-15 11:01:51.574644+00:00,31.351821402087808
2025-08-15 11:01:52.238436+00:00,31.351821402087808
2025-08-15 11:01:52.710428+00:00,31.351821402087808
2025-08-15 11:01:56.029218+00:00,31.356972061708802
2025-08-15 11:01:57.965228+00:00,31.356972061708802
2025-08-15 11:02:14.574457+00:00,31.362122721620835
2025-08-15 11:02:17.852340+00:00,31.367273381823907
2025-08-15 11:02:23.276581+00:00,31.362122721620835
2025-08-15 11:02:24.219702+00:00,31.351821402087808
2025-08-15 11:02:24.612920+00:00,31.362122721620835
2025-08-15 11:02:24.905300+00:00,31.351821402087808
2025-08-15 11:02:27.304795+00:00,31.341520083718933
2025-08-15 11:02:27.656105+00:00,31.351821402087808
2025-08-15 11:02:27.896988+00:00,31.367273381823907
2025-08-15 11:02:28.180033+00:00,31.367273381823907
2025-08-15 11:02:28.532647+00:00,31.372424042318016
2025-08-15 11:02:28.833355+00:00,31.362122721620835
2025-08-15 11:02:29.076737+00:00,31.362122721620835
2025-08-15 11:02:29.286916+00:00,31.372424042318016
2025-08-15 11:02:29.519181+00:00,31.367273381823907
2025-08-15 11:02:29.721405+00:00,31.362122721620835
2025-08-15 11:02:29.978361+00:00,31.372424042318016
2025-08-15 11:02:30.505026+00:00,31.351821402087808
2025-08-15 11:02:33.236648+00:00,31.356972061708802
2025-08-15 11:02:37.564156+00:00,31.362122721620835
2025-08-15 11:02:38.174166+00:00,31.372424042318016
2025-08-15 11:02:39.242297+00:00,31.356972061708802
2025-08-15 11:02:39.487759+00:00,31.356972061708802
2025-08-15 11:02:39.737907+00:00,31.351821402087808
2025-08-15 11:02:39.962535+00:00,31.362122721620835
2025-08-15 11:02:40.200171+00:00,31.362122721620835
2025-08-15 11:02:40.529910+00:00,31.351821402087808
2025-08-15 11:02:41.666450+00:00,31.362122721620835
2025-08-15 11:02:42.744401+00:00,31.362122721620835
2025-08-15 11:02:48.544714+00:00,31.356972061708802
2025-08-15 11:02:49.646374+00:00,31.372424042318016
2025-08-15 11:02:50.887995+00:00,31.367273381823907
2025-08-15 11:02:53.019820+00:00,31.372424042318016
2025-08-15 11:02:53.679770+00:00,31.377574703103164
2025-08-15 11:02:54.428149+00:00,31.39817734915414
2025-08-15 11:02:55.700901+00:00,31.39817734915414
2025-08-15 11:02:57.654248+00:00,31.393026687204838
2025-08-15 11:02:58.104368+00:00,31.39817734915414
2025-08-15 11:02:58.726621+00:00,31.39817734915414
2025-08-15 11:02:59.674812+00:00,31.40332801139448
2025-08-15 11:03:01.834080+00:00,31.40332801139448
2025-08-15 11:03:02.967186+00:00,31.40332801139448
2025-08-15 11:03:06.841868+00:00,31.413629336748272
2025-08-15 11:03:08.936976+00:00,31.42908132696175
2025-08-15 11:03:09.442292+00:00,31.439382655225927
2025-08-15 11:03:16.562255+00:00,31.439382655225927
2025-08-15 11:03:17.747815+00:00,31.444533319794573
2025-08-15 11:03:18.590107+00:00,31.43423199094832
2025-08-15 11:03:19.151278+00:00,31.444533319794573
2025-08-15 11:03:19.777981+00:00,31.444533319794573
2025-08-15 11:03:20.814684+00:00,31.444533319794573
2025-08-15 11:03:22.646194+00:00,31.444533319794573
2025-08-15 11:03:23.015032+00:00,31.444533319794573
2025-08-15 11:03:23.505839+00:00,31.444533319794573
2025-08-15 11:03:23.740186+00:00,31.45483464980498
2025-08-15 11:03:24.419135+00:00,31.444533319794573
2025-08-15 11:03:26.558162+00:00,31.439382655225927
2025-08-15 11:03:26.950155+00:00,31.43423199094832
2025-08-15 11:03:27.450322+00:00,31.43423199094832
2025-08-15 11:03:28.738483+00:00,31.439382655225927
2025-08-15 11:03:31.961989+00:00,31.444533319794573
2025-08-15 11:03:34.257099+00:00,31.42393066326622
2025-08-15 11:03:34.503836+00:00,31.42393066326622
2025-08-15 11:03:34.758935+00:00,31.43423199094832
2025-08-15 11:03:37.975632+00:00,31.43423199094832
2025-08-15 11:03:38.459494+00:00,31.418779999861727
2025-08-15 11:03:38.738038+00:00,31.413629336748272
2025-08-15 11:03:40.649006+00:00,31.413629336748272
2025-08-15 11:03:41.167581+00:00,31.408478673925856
2025-08-15 11:03:42.295505+00:00,31.408478673925856
2025-08-15 11:03:43.968431+00:00,31.40332801139448
2025-08-15 11:03:46.637577+00:00,31.387876025546575
2025-08-15 11:03:47.684904+00:00,31.393026687204838
2025-08-15 11:03:49.205376+00:00,31.393026687204838
2025-08-15 11:03:50.457249+00:00,31.387876025546575
2025-08-15 11:03:51.785801+00:00,31.387876025546575
2025-08-15 11:03:52.079789+00:00,31.387876025546575
2025-08-15 11:03:53.012043+00:00,31.387876025546575
2025-08-15 11:03:54.761053+00:00,31.372424042318016
2025-08-15 11:03:57.418174+00:00,31.372424042318016
2025-08-15 11:03:58.041033+00:00,31.377574703103164
2025-08-15 11:03:59.621091+00:00,31.372424042318016
2025-08-15 11:04:04.059555+00:00,31.367273381823907
2025-08-15 11:04:06.091875+00:00,31.362122721620835
2025-08-15 11:04:06.574714+00:00,31.351821402087808
2025-08-15 11:04:07.876808+00:00,31.34667074275785
2025-08-15 11:04:11.544335+00:00,31.356972061708802
2025-08-15 11:04:13.324141+00:00,31.341520083718933
2025-08-15 11:04:18.373908+00:00,31.351821402087808
2025-08-15 11:04:20.413021+00:00,31.331218766514212
2025-08-15 11:04:20.971045+00:00,31.341520083718933
2025-08-15 11:04:21.702386+00:00,31.341520083718933
2025-08-15 11:04:21.953016+00:00,31.336369424971053
2025-08-15 11:04:23.406576+00:00,31.331218766514212
2025-08-15 11:04:24.762267+00:00,31.320917450473644
2025-08-15 11:04:26.098871+00:00,31.331218766514212
2025-08-15 11:04:26.985106+00:00,31.320917450473644
2025-08-15 11:04:32.603792+00:00,31.315766792889917
2025-08-15 11:04:32.951901+00:00,31.315766792889917
2025-08-15 11:04:35.219312+00:00,31.31061613559723
2025-08-15 11:04:35.489245+00:00,31.300314821884967
2025-08-15 11:04:35.809483+00:00,31.300314821884967
2025-08-15 11:04:36.076812+00:00,31.30546547859558
2025-08-15 11:04:36.418277+00:00,31.300314821884967
2025-08-15 11:04:37.846153+00:00,31.295164165465394
2025-08-15 11:04:38.402901+00:00,31.29001350933686
2025-08-15 11:04:39.344692+00:00,31.279712197952904
2025-08-15 11:04:41.219498+00:00,31.284862853499362
2025-08-15 11:04:42.306470+00:00,31.295164165465394
2025-08-15 11:04:43.368082+00:00,31.29001350933686
2025-08-15 11:04:44.654311+00:00,31.295164165465394
2025-08-15 11:04:49.011679+00:00,31.31061613559723
2025-08-15 11:04:49.518117+00:00,31.300314821884967
2025-08-15 11:04:49.770518+00:00,31.30546547859558
2025-08-15 11:04:50.002502+00:00,31.300314821884967
2025-08-15 11:04:57.633942+00:00,31.300314821884967
2025-08-15 11:04:58.238709+00:00,31.32606810834841
2025-08-15 11:05:07.676619+00:00,31.315766792889917
2025-08-15 11:05:10.581780+00:00,31.31061613559723
2025-08-15 11:05:14.369279+00:00,31.300314821884967
2025-08-15 11:05:21.315449+00:00,31.32606810834841
2025-08-15 11:05:22.501753+00:00,31.320917450473644
2025-08-15 11:05:24.620005+00:00,31.331218766514212
2025-08-15 11:05:24.982867+00:00,31.32606810834841
2025-08-15 11:05:25.347059+00:00,31.32606810834841
2025-08-15 11:05:27.425106+00:00,31.320917450473644
2025-08-15 11:05:27.915097+00:00,31.315766792889917
2025-08-15 11:05:31.443925+00:00,31.32606810834841
2025-08-15 11:05:36.557184+00:00,31.341520083718933
2025-08-15 11:05:40.048945+00:00,31.341520083718933
2025-08-15 11:05:40.480323+00:00,31.331218766514212
2025-08-15 11:05:42.739117+00:00,31.315766792889917
2025-08-15 11:05:46.131784+00:00,31.32606810834841
2025-08-15 11:05:47.415108+00:00,31.320917450473644
2025-08-15 11:05:50.905581+00:00,31.32606810834841
2025-08-15 11:05:52.502709+00:00,31.31061613559723
2025-08-15 11:05:53.084170+00:00,31.320917450473644
2025-08-15 11:05:53.723698+00:00,31.315766792889917
2025-08-15 11:05:55.920947+00:00,31.315766792889917
2025-08-15 11:05:56.286076+00:00,31.315766792889917
2025-08-15 11:05:57.753282+00:00,31.31061613559723
2025-08-15 11:05:59.243052+00:00,31.30546547859558
2025-08-15 11:05:59.547144+00:00,31.30546547859558
2025-08-15 11:06:01.333420+00:00,31.300314821884967
2025-08-15 11:06:04.831560+00:00,31.295164165465394
2025-08-15 11:06:14.270504+00:00,31.279712197952904
2025-08-15 11:06:14.676034+00:00,31.274561542697484
2025-08-15 11:06:14.925975+00:00,31.274561542697484
2025-08-15 11:06:21.944312+00:00,31.274561542697484
2025-08-15 11:06:23.739884+00:00,31.26426023305976
2025-08-15 11:06:24.617422+00:00,31.259109578677453
2025-08-15 11:06:27.731651+00:00,31.26426023305976
2025-08-15 11:06:28.781098+00:00,31.315766792889917
2025-08-15 11:06:29.767637+00:00,31.295164165465394
2025-08-15 11:06:30.016476+00:00,31.300314821884967
2025-08-15 11:06:32.563858+00:00,31.31061613559723
2025-08-15 11:06:35.002874+00:00,31.320917450473644
2025-08-15 11:06:36.226360+00:00,31.31061613559723
2025-08-15 11:06:38.007034+00:00,31.315766792889917
2025-08-15 11:06:38.327534+00:00,31.315766792889917
2025-08-15 11:06:38.694813+00:00,31.320917450473644
2025-08-15 11:06:41.751791+00:00,31.315766792889917
2025-08-15 11:06:44.744355+00:00,31.31061613559723
2025-08-15 11:06:47.748410+00:00,31.32606810834841
2025-08-15 11:06:48.217573+00:00,31.30546547859558
2025-08-15 11:06:51.525716+00:00,31.31061613559723
2025-08-15 11:06:53.606376+00:00,31.30546547859558
2025-08-15 11:06:54.967326+00:00,31.29001350933686
2025-08-15 11:06:56.955580+00:00,31.30546547859558
2025-08-15 11:07:00.111574+00:00,31.32606810834841
2025-08-15 11:07:01.320437+00:00,31.331218766514212
2025-08-15 11:07:04.992217+00:00,31.331218766514212
2025-08-15 11:07:06.295068+00:00,31.341520083718933
2025-08-15 11:07:07.285899+00:00,31.336369424971053
2025-08-15 11:07:11.551269+00:00,31.34667074275785
2025-08-15 11:07:12.003174+00:00,31.341520083718933
2025-08-15 11:07:12.996598+00:00,31.356972061708802
2025-08-15 11:07:13.400920+00:00,31.367273381823907
2025-08-15 11:07:13.865738+00:00,31.362122721620835
2025-08-15 11:07:15.336706+00:00,31.356972061708802
2025-08-15 11:07:18.964683+00:00,31.362122721620835
2025-08-15 11:07:20.021867+00:00,31.367273381823907
2025-08-15 11:07:26.000152+00:00,31.362122721620835
2025-08-15 11:07:26.217060+00:00,31.367273381823907
2025-08-15 11:07:26.895535+00:00,31.367273381823907
2025-08-15 11:07:28.741712+00:00,31.367273381823907
2025-08-15 11:07:29.577570+00:00,31.367273381823907
2025-08-15 11:07:30.064719+00:00,31.362122721620835
2025-08-15 11:07:32.399919+00:00,31.372424042318016
2025-08-15 11:07:34.465036+00:00,31.362122721620835
2025-08-15 11:07:34.715472+00:00,31.367273381823907
2025-08-15 11:07:35.091108+00:00,31.362122721620835
2025-08-15 11:07:35.607577+00:00,31.367273381823907
2025-08-15 11:07:36.241894+00:00,31.356972061708802
2025-08-15 11:07:36.516808+00:00,31.362122721620835
2025-08-15 11:07:36.788446+00:00,31.372424042318016
2025-08-15 11:07:37.078793+00:00,31.356972061708802
2025-08-15 11:07:38.223823+00:00,31.362122721620835
2025-08-15 11:07:42.766513+00:00,31.362122721620835
2025-08-15 11:07:46.545319+00:00,31.362122721620835
2025-08-15 11:07:48.738164+00:00,31.372424042318016
2025-08-15 11:07:49.683094+00:00,31.372424042318016
2025-08-15 11:07:52.100263+00:00,31.377574703103164
2025-08-15 11:07:54.488415+00:00,31.372424042318016
2025-08-15 11:07:55.574237+00:00,31.372424042318016
2025-08-15 11:07:58.484397+00:00,31.377574703103164
2025-08-15 11:07:58.858944+00:00,31.38272536417935
2025-08-15 11:08:00.373808+00:00,31.387876025546575
2025-08-15 11:08:02.441993+00:00,31.387876025546575
2025-08-15 11:08:03.610193+00:00,31.40332801139448
2025-08-15 11:08:08.311141+00:00,31.39817734915414
2025-08-15 11:08:10.993001+00:00,31.40332801139448
2025-08-15 11:08:13.540262+00:00,31.39817734915414
2025-08-15 11:08:14.470292+00:00,31.393026687204838
2025-08-15 11:08:15.093243+00:00,31.387876025546575
2025-08-15 11:08:16.797770+00:00,31.393026687204838
2025-08-15 11:08:22.382762+00:00,31.393026687204838
2025-08-15 11:08:27.998981+00:00,31.377574703103164
2025-08-15 11:08:28.985202+00:00,31.372424042318016
2025-08-15 11:08:29.815302+00:00,31.367273381823907
2025-08-15 11:08:30.852469+00:00,31.372424042318016
2025-08-15 11:08:35.201665+00:00,31.367273381823907
2025-08-15 11:08:36.719343+00:00,31.362122721620835
2025-08-15 11:08:37.663785+00:00,31.362122721620835
2025-08-15 11:08:38.849149+00:00,31.362122721620835
2025-08-15 11:08:39.177279+00:00,31.351821402087808
2025-08-15 11:08:39.969169+00:00,31.362122721620835
2025-08-15 11:08:40.503558+00:00,31.356972061708802
2025-08-15 11:08:43.019473+00:00,31.351821402087808
2025-08-15 11:08:47.251139+00:00,31.34667074275785
2025-08-15 11:08:47.721177+00:00,31.34667074275785
2025-08-15 11:08:48.222780+00:00,31.351821402087808
2025-08-15 11:08:48.801536+00:00,31.34667074275785
2025-08-15 11:08:49.250216+00:00,31.351821402087808
2025-08-15 11:08:49.948064+00:00,31.351821402087808
2025-08-15 11:08:50.604120+00:00,31.351821402087808
2025-08-15 11:08:51.882708+00:00,31.341520083718933
2025-08-15 11:08:52.476715+00:00,31.341520083718933
2025-08-15 11:08:52.599845+00:00,31.351821402087808
2025-08-15 11:08:53.340076+00:00,31.34667074275785
2025-08-15 11:08:53.754502+00:00,31.351821402087808
2025-08-15 11:08:54.255578+00:00,31.356972061708802
2025-08-15 11:08:55.884512+00:00,31.351821402087808
2025-08-15 11:08:56.531045+00:00,31.356972061708802
2025-08-15 11:08:59.741294+00:00,31.336369424971053
2025-08-15 11:09:01.843436+00:00,31.341520083718933
2025-08-15 11:09:03.560089+00:00,31.341520083718933
2025-08-15 11:09:07.245535+00:00,31.336369424971053
2025-08-15 11:09:10.518309+00:00,31.336369424971053
2025-08-15 11:09:11.501492+00:00,31.331218766514212
2025-08-15 11:09:12.158918+00:00,31.331218766514212
2025-08-15 11:09:14.729443+00:00,31.336369424971053
2025-08-15 11:09:15.731806+00:00,31.320917450473644
2025-08-15 11:09:17.103571+00:00,31.331218766514212
2025-08-15 11:09:22.719644+00:00,31.32606810834841
2025-08-15 11:09:23.684044+00:00,31.315766792889917
2025-08-15 11:09:25.848184+00:00,31.30546547859558
2025-08-15 11:09:26.468102+00:00,31.30546547859558
2025-08-15 11:09:29.460804+00:00,31.300314821884967
2025-08-15 11:09:30.708478+00:00,31.30546547859558
2025-08-15 11:09:32.758016+00:00,31.300314821884967
2025-08-15 11:09:34.871921+00:00,31.29001350933686
2025-08-15 11:09:35.716192+00:00,31.300314821884967
2025-08-15 11:09:36.114902+00:00,31.29001350933686
2025-08-15 11:09:36.357398+00:00,31.29001350933686
2025-08-15 11:09:37.201681+00:00,31.29001350933686
2025-08-15 11:09:38.740216+00:00,31.284862853499362
2025-08-15 11:09:39.592714+00:00,31.284862853499362
2025-08-15 11:09:40.421154+00:00,31.284862853499362
2025-08-15 11:09:41.146784+00:00,31.295164165465394
2025-08-15 11:09:42.609366+00:00,31.279712197952904
2025-08-15 11:09:43.616090+00:00,31.300314821884967
2025-08-15 11:09:44.489030+00:00,31.295164165465394
2025-08-15 11:09:45.350132+00:00,31.295164165465394
2025-08-15 11:09:50.148044+00:00,31.29001350933686
2025-08-15 11:09:50.852427+00:00,31.300314821884967
2025-08-15 11:09:51.097051+00:00,31.31061613559723
2025-08-15 11:09:51.296438+00:00,31.300314821884967
2025-08-15 11:09:51.398099+00:00,31.300314821884967
2025-08-15 11:09:51.798228+00:00,31.31061613559723
2025-08-15 11:09:55.989847+00:00,31.31061613559723
2025-08-15 11:09:56.551471+00:00,31.31061613559723
2025-08-15 11:09:57.772450+00:00,31.31061613559723
2025-08-15 11:09:58.715136+00:00,31.32606810834841
2025-08-15 11:09:59.357143+00:00,31.31061613559723
2025-08-15 11:10:06.213876+00:00,31.300314821884967
2025-08-15 11:10:06.866128+00:00,31.29001350933686
2025-08-15 11:10:08.373574+00:00,31.295164165465394
2025-08-15 11:10:10.116094+00:00,31.29001350933686
2025-08-15 11:10:10.749334+00:00,31.300314821884967
2025-08-15 11:10:12.690194+00:00,31.29001350933686
2025-08-15 11:10:16.867502+00:00,31.29001350933686
2025-08-15 11:10:21.741334+00:00,31.284862853499362
2025-08-15 11:10:23.208600+00:00,31.279712197952904
2025-08-15 11:10:23.614756+00:00,31.269410887733102
2025-08-15 11:10:23.981091+00:00,31.269410887733102
2025-08-15 11:10:24.265252+00:00,31.274561542697484
2025-08-15 11:10:27.583242+00:00,31.26426023305976
2025-08-15 11:10:28.080407+00:00,31.274561542697484
2025-08-15 11:10:36.765696+00:00,31.253958924586186
2025-08-15 11:10:37.165760+00:00,31.253958924586186
2025-08-15 11:10:37.790073+00:00,31.248808270785958
2025-08-15 11:10:39.667195+00:00,31.253958924586186
2025-08-15 11:10:44.248575+00:00,31.248808270785958
2025-08-15 11:10:47.381233+00:00,31.259109578677453
2025-08-15 11:10:50.347967+00:00,31.248808270785958
2025-08-15 11:10:51.597494+00:00,31.248808270785958
2025-08-15 11:10:53.309068+00:00,31.259109578677453
2025-08-15 11:10:53.945065+00:00,31.279712197952904
2025-08-15 11:10:54.169557+00:00,31.274561542697484
2025-08-15 11:10:54.389812+00:00,31.274561542697484
2025-08-15 11:10:54.739082+00:00,31.269410887733102
2025-08-15 11:10:55.950931+00:00,31.26426023305976
2025-08-15 11:10:56.275289+00:00,31.269410887733102
2025-08-15 11:10:56.653118+00:00,31.274561542697484
2025-08-15 11:10:56.893551+00:00,31.26426023305976
2025-08-15 11:10:59.614516+00:00,31.26426023305976
2025-08-15 11:11:02.480010+00:00,31.26426023305976
2025-08-15 11:11:06.371873+00:00,31.269410887733102
2025-08-15 11:11:06.805655+00:00,31.269410887733102
2025-08-15 11:11:10.972617+00:00,31.274561542697484
2025-08-15 11:11:11.398965+00:00,31.284862853499362
2025-08-15 11:11:13.873237+00:00,31.29001350933686
2025-08-15 11:11:14.108294+00:00,31.29001350933686
2025-08-15 11:11:14.646842+00:00,31.300314821884967
2025-08-15 11:11:14.878815+00:00,31.300314821884967
2025-08-15 11:11:15.446691+00:00,31.295164165465394
2025-08-15 11:11:17.514022+00:00,31.300314821884967
2025-08-15 11:11:20.129880+00:00,31.295164165465394
2025-08-15 11:11:20.823662+00:00,31.300314821884967
2025-08-15 11:11:22.670460+00:00,31.295164165465394
2025-08-15 11:11:23.446970+00:00,31.300314821884967
2025-08-15 11:11:26.455108+00:00,31.295164165465394
2025-08-15 11:11:27.354798+00:00,31.29001350933686
2025-08-15 11:11:27.814392+00:00,31.29001350933686
2025-08-15 11:11:28.202202+00:00,31.284862853499362
2025-08-15 11:11:33.756051+00:00,31.284862853499362
2025-08-15 11:11:38.774231+00:00,31.279712197952904
2025-08-15 11:11:39.192269+00:00,31.284862853499362
2025-08-15 11:11:39.731475+00:00,31.29001350933686
2025-08-15 11:11:40.442700+00:00,31.29001350933686
2025-08-15 11:11:42.603014+00:00,31.26426023305976
2025-08-15 11:11:43.393639+00:00,31.26426023305976
2025-08-15 11:11:44.199914+00:00,31.279712197952904
2025-08-15 11:11:49.024512+00:00,31.269410887733102
2025-08-15 11:11:49.579831+00:00,31.269410887733102
2025-08-15 11:11:51.583185+00:00,31.279712197952904
2025-08-15 11:11:53.361457+00:00,31.279712197952904
2025-08-15 11:11:54.932954+00:00,31.269410887733102
2025-08-15 11:11:55.246893+00:00,31.279712197952904
2025-08-15 11:11:56.161846+00:00,31.295164165465394
2025-08-15 11:11:57.941876+00:00,31.295164165465394
2025-08-15 11:11:58.752326+00:00,31.29001350933686
2025-08-15 11:11:58.930323+00:00,31.31061613559723
2025-08-15 11:11:59.175906+00:00,31.300314821884967
2025-08-15 11:12:02.200059+00:00,31.295164165465394
2025-08-15 11:12:04.050512+00:00,31.30546547859558
2025-08-15 11:12:04.656324+00:00,31.31061613559723
2025-08-15 11:12:05.154657+00:00,31.31061613559723
2025-08-15 11:12:06.011226+00:00,31.315766792889917
2025-08-15 11:12:09.910348+00:00,31.320917450473644
2025-08-15 11:12:13.463542+00:00,31.331218766514212
2025-08-15 11:12:14.729697+00:00,31.32606810834841
2025-08-15 11:12:14.961412+00:00,31.336369424971053
2025-08-15 11:12:19.612834+00:00,31.367273381823907
2025-08-15 11:12:19.863203+00:00,31.356972061708802
2025-08-15 11:12:20.039832+00:00,31.367273381823907
2025-08-15 11:12:20.815637+00:00,31.367273381823907
2025-08-15 11:12:22.712959+00:00,31.377574703103164
2025-08-15 11:12:23.841033+00:00,31.377574703103164
2025-08-15 11:12:24.686195+00:00,31.38272536417935
2025-08-15 11:12:26.503463+00:00,31.39817734915414
2025-08-15 11:12:28.554944+00:00,31.418779999861727
2025-08-15 11:12:28.854704+00:00,31.413629336748272
2025-08-15 11:12:29.114337+00:00,31.413629336748272
2025-08-15 11:12:29.916308+00:00,31.40332801139448
2025-08-15 11:12:36.760089+00:00,31.418779999861727
2025-08-15 11:12:37.553844+00:00,31.43423199094832
2025-08-15 11:12:40.134667+00:00,31.42908132696175
2025-08-15 11:12:40.860966+00:00,31.42393066326622
2025-08-15 11:12:41.947107+00:00,31.413629336748272
2025-08-15 11:12:42.365118+00:00,31.413629336748272
2025-08-15 11:12:43.176461+00:00,31.40332801139448
2025-08-15 11:12:45.503673+00:00,31.39817734915414
2025-08-15 11:12:46.086956+00:00,31.40332801139448
2025-08-15 11:12:48.921400+00:00,31.38272536417935
2025-08-15 11:12:49.405288+00:00,31.377574703103164
2025-08-15 11:12:49.688788+00:00,31.377574703103164
2025-08-15 11:12:52.437299+00:00,31.367273381823907
2025-08-15 11:12:55.555057+00:00,31.351821402087808
2025-08-15 11:12:56.225834+00:00,31.351821402087808
2025-08-15 11:12:58.281685+00:00,31.341520083718933
2025-08-15 11:12:59.326590+00:00,31.341520083718933
2025-08-15 11:12:59.977908+00:00,31.341520083718933
2025-08-15 11:13:00.753956+00:00,31.341520083718933
2025-08-15 11:13:01.885996+00:00,31.336369424971053
2025-08-15 11:13:02.583567+00:00,31.32606810834841
2025-08-15 11:13:02.994808+00:00,31.336369424971053
2025-08-15 11:13:05.428466+00:00,31.336369424971053
2025-08-15 11:13:09.028842+00:00,31.320917450473644
2025-08-15 11:13:13.473355+00:00,31.34667074275785
2025-08-15 11:13:13.698706+00:00,31.341520083718933
2025-08-15 11:13:14.250404+00:00,31.341520083718933
2025-08-15 11:13:14.969461+00:00,31.351821402087808
2025-08-15 11:13:17.437574+00:00,31.362122721620835
2025-08-15 11:13:19.972641+00:00,31.356972061708802
2025-08-15 11:13:20.331668+00:00,31.362122721620835
2025-08-15 11:13:22.161964+00:00,31.356972061708802
2025-08-15 11:13:26.269908+00:00,31.38272536417935
2025-08-15 11:13:28.902658+00:00,31.372424042318016
2025-08-15 11:13:29.363755+00:00,31.387876025546575
2025-08-15 11:13:31.611181+00:00,31.38272536417935
2025-08-15 11:13:34.862725+00:00,31.39817734915414
2025-08-15 11:13:35.774423+00:00,31.387876025546575
2025-08-15 11:13:36.458451+00:00,31.38272536417935
2025-08-15 11:13:36.816008+00:00,31.40332801139448
2025-08-15 11:13:38.391663+00:00,31.38272536417935
2025-08-15 11:13:41.228987+00:00,31.38272536417935
2025-08-15 11:13:42.860357+00:00,31.367273381823907
2025-08-15 11:13:43.278770+00:00,31.362122721620835
2025-08-15 11:13:44.907411+00:00,31.372424042318016
2025-08-15 11:13:46.926599+00:00,31.38272536417935
2025-08-15 11:13:48.086340+00:00,31.377574703103164
2025-08-15 11:13:52.454221+00:00,31.367273381823907
2025-08-15 11:13:53.945540+00:00,31.372424042318016
2025-08-15 11:13:54.710121+00:00,31.372424042318016
2025-08-15 11:13:56.017791+00:00,31.377574703103164
2025-08-15 11:13:59.030797+00:00,31.38272536417935
2025-08-15 11:14:00.820196+00:00,31.372424042318016
2025-08-15 11:14:06.532884+00:00,31.367273381823907
2025-08-15 11:14:08.010312+00:00,31.372424042318016
2025-08-15 11:14:10.286745+00:00,31.356972061708802
2025-08-15 11:14:11.506316+00:00,31.362122721620835
2025-08-15 11:14:12.693381+00:00,31.372424042318016
2025-08-15 11:14:15.102197+00:00,31.38272536417935
2025-08-15 11:14:16.202487+00:00,31.38272536417935
2025-08-15 11:14:17.381578+00:00,31.367273381823907
2025-08-15 11:14:21.310630+00:00,31.38272536417935
2025-08-15 11:14:22.102198+00:00,31.372424042318016
2025-08-15 11:14:22.653731+00:00,31.387876025546575
2025-08-15 11:14:23.597426+00:00,31.372424042318016
2025-08-15 11:14:26.428771+00:00,31.372424042318016
2025-08-15 11:14:27.419272+00:00,31.367273381823907
2025-08-15 11:14:28.919850+00:00,31.367273381823907
2025-08-15 11:14:30.693934+00:00,31.362122721620835
2025-08-15 11:14:34.002163+00:00,31.372424042318016
2025-08-15 11:14:34.516536+00:00,31.362122721620835
2025-08-15 11:14:35.242845+00:00,31.372424042318016
2025-08-15 11:14:35.664586+00:00,31.362122721620835
2025-08-15 11:14:41.300139+00:00,31.356972061708802
2025-08-15 11:14:41.709032+00:00,31.351821402087808
2025-08-15 11:14:44.296599+00:00,31.351821402087808
2025-08-15 11:14:46.136661+00:00,31.367273381823907
2025-08-15 11:14:49.016872+00:00,31.367273381823907
2025-08-15 11:14:49.197656+00:00,31.372424042318016
2025-08-15 11:14:49.477840+00:00,31.377574703103164
2025-08-15 11:14:52.233592+00:00,31.367273381823907
2025-08-15 11:14:53.822274+00:00,31.367273381823907
2025-08-15 11:14:55.434153+00:00,31.377574703103164
2025-08-15 11:14:59.676679+00:00,31.372424042318016
2025-08-15 11:15:01.315696+00:00,31.372424042318016
2025-08-15 11:15:08.093042+00:00,31.351821402087808
2025-08-15 11:15:09.516460+00:00,31.356972061708802
2025-08-15 11:15:09.910139+00:00,31.34667074275785
2025-08-15 11:15:10.300334+00:00,31.351821402087808
2025-08-15 11:15:10.736097+00:00,31.362122721620835
2025-08-15 11:15:18.303842+00:00,31.351821402087808
2025-08-15 11:15:22.268547+00:00,31.362122721620835
2025-08-15 11:15:24.524335+00:00,31.34667074275785
2025-08-15 11:15:26.208431+00:00,31.351821402087808
2025-08-15 11:15:31.378491+00:00,31.34667074275785
2025-08-15 11:15:33.705463+00:00,31.34667074275785
2025-08-15 11:15:37.064265+00:00,31.341520083718933
2025-08-15 11:15:39.895568+00:00,31.32606810834841
2025-08-15 11:15:49.674944+00:00,31.320917450473644
2025-08-15 11:15:50.932710+00:00,31.31061613559723
2025-08-15 11:15:52.225158+00:00,31.331218766514212
2025-08-15 11:15:53.317731+00:00,31.331218766514212
2025-08-15 11:15:54.723064+00:00,31.331218766514212
2025-08-15 11:15:54.949958+00:00,31.320917450473644
2025-08-15 11:15:55.183349+00:00,31.320917450473644
2025-08-15 11:15:55.551153+00:00,31.341520083718933
2025-08-15 11:15:55.808560+00:00,31.336369424971053
2025-08-15 11:15:56.078775+00:00,31.336369424971053
2025-08-15 11:15:56.896921+00:00,31.32606810834841
2025-08-15 11:15:58.374633+00:00,31.331218766514212
2025-08-15 11:16:00.199791+00:00,31.31061613559723
2025-08-15 11:16:00.589342+00:00,31.32606810834841
2025-08-15 11:16:01.107188+00:00,31.32606810834841
2025-08-15 11:16:04.874654+00:00,31.320917450473644
2025-08-15 11:16:10.107720+00:00,31.341520083718933
2025-08-15 11:16:12.339352+00:00,31.351821402087808
2025-08-15 11:16:13.077217+00:00,31.367273381823907
2025-08-15 11:16:14.259827+00:00,31.362122721620835
2025-08-15 11:16:16.473520+00:00,31.377574703103164
2025-08-15 11:16:16.900882+00:00,31.38272536417935
2025-08-15 11:16:17.335770+00:00,31.393026687204838
2025-08-15 11:16:18.792219+00:00,31.393026687204838
2025-08-15 11:16:19.933312+00:00,31.387876025546575
2025-08-15 11:16:20.490143+00:00,31.40332801139448
2025-08-15 11:16:20.801884+00:00,31.40332801139448
2025-08-15 11:16:21.483993+00:00,31.418779999861727
2025-08-15 11:16:24.167267+00:00,31.40332801139448
2025-08-15 11:16:24.703073+00:00,31.40332801139448
2025-08-15 11:16:24.970826+00:00,31.40332801139448
2025-08-15 11:16:25.312630+00:00,31.40332801139448
2025-08-15 11:16:25.413410+00:00,31.408478673925856
2025-08-15 11:16:25.956459+00:00,31.418779999861727
2025-08-15 11:16:30.016132+00:00,31.418779999861727
2025-08-15 11:16:31.592545+00:00,31.42393066326622
2025-08-15 11:16:32.374417+00:00,31.40332801139448
2025-08-15 11:16:33.559162+00:00,31.413629336748272
2025-08-15 11:16:36.134221+00:00,31.42393066326622
2025-08-15 11:16:36.425151+00:00,31.418779999861727
2025-08-15 11:16:36.709032+00:00,31.42393066326622
2025-08-15 11:16:38.597538+00:00,31.413629336748272
2025-08-15 11:16:39.684533+00:00,31.413629336748272
2025-08-15 11:16:40.451825+00:00,31.413629336748272
2025-08-15 11:16:41.620961+00:00,31.42393066326622
2025-08-15 11:16:42.575591+00:00,31.42393066326622
2025-08-15 11:16:43.125722+00:00,31.418779999861727
2025-08-15 11:16:43.345392+00:00,31.42908132696175
2025-08-15 11:16:43.616363+00:00,31.42908132696175
2025-08-15 11:16:45.814191+00:00,31.444533319794573
2025-08-15 11:16:51.591825+00:00,31.45483464980498
2025-08-15 11:16:53.005892+00:00,31.45998531524674
2025-08-15 11:16:55.060907+00:00,31.49088931400911
2025-08-15 11:16:57.982596+00:00,31.50634131731931
2025-08-15 11:16:59.948885+00:00,31.511491985671455
2025-08-15 11:17:01.502066+00:00,31.511491985671455
2025-08-15 11:17:04.689140+00:00,31.526943992474116
2025-08-15 11:17:05.277496+00:00,31.53724533179775
2025-08-15 11:17:06.932470+00:00,31.53724533179775
2025-08-15 11:17:07.714218+00:00,31.521793323248858
2025-08-15 11:17:10.507798+00:00,31.526943992474116
2025-08-15 11:17:14.540251+00:00,31.521793323248858
2025-08-15 11:17:17.530184+00:00,31.521793323248858
2025-08-15 11:17:19.006036+00:00,31.532094661990413
2025-08-15 11:17:19.466935+00:00,31.516642654314637
2025-08-15 11:17:19.799235+00:00,31.532094661990413
2025-08-15 11:17:20.184510+00:00,31.526943992474116
2025-08-15 11:17:20.474947+00:00,31.521793323248858
2025-08-15 11:17:21.715516+00:00,31.516642654314637
2025-08-15 11:17:22.298017+00:00,31.521793323248858
2025-08-15 11:17:23.217188+00:00,31.521793323248858
2025-08-15 11:17:24.108493+00:00,31.511491985671455
2025-08-15 11:17:24.998078+00:00,31.526943992474116
2025-08-15 11:17:27.653479+00:00,31.516642654314637
2025-08-15 11:17:31.064583+00:00,31.49088931400911
2025-08-15 11:17:32.557142+00:00,31.48573864682112
2025-08-15 11:17:33.594428+00:00,31.49088931400911
2025-08-15 11:17:35.138489+00:00,31.49088931400911
2025-08-15 11:17:35.951102+00:00,31.49088931400911
2025-08-15 11:17:37.144006+00:00,31.480587979924167
2025-08-15 11:17:38.817057+00:00,31.50634131731931
2025-08-15 11:17:39.282387+00:00,31.49603998148814
2025-08-15 11:17:40.879509+00:00,31.49088931400911
2025-08-15 11:17:41.303926+00:00,31.48573864682112
2025-08-15 11:17:44.093083+00:00,31.49088931400911
2025-08-15 11:17:46.979288+00:00,31.49603998148814
2025-08-15 11:17:54.664357+00:00,31.480587979924167
2025-08-15 11:17:55.260572+00:00,31.475437313318253
2025-08-15 11:17:55.886668+00:00,31.470286647003377
2025-08-15 11:17:57.131393+00:00,31.470286647003377
2025-08-15 11:17:58.822697+00:00,31.45998531524674
2025-08-15 11:18:00.478438+00:00,31.444533319794573
2025-08-15 11:18:01.221928+00:00,31.449683984654257
2025-08-15 11:18:01.629818+00:00,31.449683984654257
2025-08-15 11:18:02.081415+00:00,31.444533319794573
2025-08-15 11:18:14.678764+00:00,31.418779999861727
2025-08-15 11:18:19.288965+00:00,31.413629336748272
2025-08-15 11:18:19.682170+00:00,31.40332801139448
2025-08-15 11:18:22.374429+00:00,31.408478673925856
2025-08-15 11:18:23.392964+00:00,31.40332801139448
2025-08-15 11:18:25.807254+00:00,31.40332801139448
2025-08-15 11:18:28.181836+00:00,31.39817734915414
2025-08-15 11:18:28.582494+00:00,31.372424042318016
2025-08-15 11:18:29.323142+00:00,31.362122721620835
2025-08-15 11:18:29.625135+00:00,31.367273381823907
2025-08-15 11:18:31.629737+00:00,31.351821402087808
2025-08-15 11:18:33.479814+00:00,31.362122721620835
2025-08-15 11:18:34.939781+00:00,31.331218766514212
2025-08-15 11:18:35.507370+00:00,31.336369424971053
2025-08-15 11:18:37.102711+00:00,31.30546547859558
2025-08-15 11:18:38.422138+00:00,31.31061613559723
2025-08-15 11:18:39.792846+00:00,31.279712197952904
2025-08-15 11:18:40.645650+00:00,31.279712197952904
2025-08-15 11:18:41.170861+00:00,31.269410887733102
2025-08-15 11:18:44.787847+00:00,31.269410887733102
2025-08-15 11:18:45.820111+00:00,31.259109578677453
2025-08-15 11:18:48.502806+00:00,31.259109578677453
2025-08-15 11:18:49.773710+00:00,31.26426023305976
2025-08-15 11:18:49.982959+00:00,31.269410887733102
2025-08-15 11:18:50.146310+00:00,31.274561542697484
2025-08-15 11:18:53.356552+00:00,31.29001350933686
2025-08-15 11:18:53.974342+00:00,31.29001350933686
2025-08-15 11:18:55.006060+00:00,31.29001350933686
2025-08-15 11:18:55.573183+00:00,31.295164165465394
2025-08-15 11:18:58.085530+00:00,31.29001350933686
2025-08-15 11:18:59.398481+00:00,31.295164165465394
2025-08-15 11:19:01.986213+00:00,31.300314821884967
2025-08-15 11:19:02.470590+00:00,31.300314821884967
2025-08-15 11:19:03.631856+00:00,31.315766792889917
2025-08-15 11:19:08.739198+00:00,31.32606810834841
2025-08-15 11:19:09.122309+00:00,31.341520083718933
2025-08-15 11:19:13.996579+00:00,31.367273381823907
2025-08-15 11:19:15.024183+00:00,31.367273381823907
2025-08-15 11:19:15.770714+00:00,31.372424042318016
2025-08-15 11:19:21.706024+00:00,31.408478673925856
2025-08-15 11:19:21.989638+00:00,31.40332801139448
2025-08-15 11:19:22.330778+00:00,31.408478673925856
2025-08-15 11:19:24.257052+00:00,31.408478673925856
2025-08-15 11:19:25.501264+00:00,31.408478673925856
2025-08-15 11:19:26.703768+00:00,31.43423199094832
2025-08-15 11:19:29.480975+00:00,31.439382655225927
2025-08-15 11:19:29.848511+00:00,31.444533319794573
2025-08-15 11:19:34.705448+00:00,31.449683984654257
2025-08-15 11:19:35.354158+00:00,31.46513598097954
2025-08-15 11:19:39.676436+00:00,31.470286647003377
2025-08-15 11:19:40.805379+00:00,31.470286647003377
2025-08-15 11:19:41.012525+00:00,31.46513598097954
2025-08-15 11:19:41.797693+00:00,31.470286647003377
2025-08-15 11:19:43.169773+00:00,31.46513598097954
2025-08-15 11:19:44.288497+00:00,31.475437313318253
2025-08-15 11:19:48.642900+00:00,31.449683984654257
2025-08-15 11:19:49.388484+00:00,31.444533319794573
2025-08-15 11:19:54.433338+00:00,31.439382655225927
2025-08-15 11:19:54.869062+00:00,31.42908132696175
2025-08-15 11:19:55.252511+00:00,31.43423199094832
2025-08-15 11:19:56.753540+00:00,31.42908132696175
2025-08-15 11:20:00.633678+00:00,31.439382655225927
2025-08-15 11:20:01.373382+00:00,31.439382655225927
2025-08-15 11:20:02.288209+00:00,31.43423199094832
2025-08-15 11:20:02.748387+00:00,31.439382655225927
2025-08-15 11:20:03.393799+00:00,31.439382655225927
2025-08-15 11:20:05.443002+00:00,31.444533319794573
2025-08-15 11:20:12.399637+00:00,31.43423199094832
2025-08-15 11:20:12.979020+00:00,31.42908132696175
2025-08-15 11:20:17.960004+00:00,31.43423199094832
2025-08-15 11:20:20.805217+00:00,31.42393066326622
2025-08-15 11:20:24.110957+00:00,31.413629336748272
2025-08-15 11:20:24.670041+00:00,31.408478673925856
2025-08-15 11:20:25.060205+00:00,31.413629336748272
2025-08-15 11:20:25.429484+00:00,31.42393066326622
2025-08-15 11:20:25.953303+00:00,31.418779999861727
2025-08-15 11:20:28.821001+00:00,31.413629336748272
2025-08-15 11:20:31.509431+00:00,31.413629336748272
2025-08-15 11:20:33.017480+00:00,31.418779999861727
2025-08-15 11:20:42.027144+00:00,31.418779999861727
2025-08-15 11:20:42.787744+00:00,31.418779999861727
2025-08-15 11:20:47.514898+00:00,31.413629336748272
2025-08-15 11:20:51.538791+00:00,31.413629336748272
2025-08-15 11:20:53.335830+00:00,31.40332801139448
2025-08-15 11:20:53.568179+00:00,31.413629336748272
2025-08-15 11:20:53.820844+00:00,31.42393066326622
2025-08-15 11:20:54.127963+00:00,31.413629336748272
2025-08-15 11:20:54.454314+00:00,31.42393066326622
2025-08-15 11:20:54.873673+00:00,31.418779999861727
2025-08-15 11:20:57.391302+00:00,31.408478673925856
2025-08-15 11:21:07.254587+00:00,31.418779999861727
2025-08-15 11:21:08.637509+00:00,31.418779999861727
2025-08-15 11:21:13.719140+00:00,31.413629336748272
2025-08-15 11:21:18.391571+00:00,31.39817734915414
2025-08-15 11:21:21.246599+00:00,31.393026687204838
2025-08-15 11:21:22.213013+00:00,31.372424042318016
2025-08-15 11:21:22.536472+00:00,31.38272536417935
2025-08-15 11:21:22.792892+00:00,31.387876025546575
2025-08-15 11:21:23.042869+00:00,31.372424042318016
2025-08-15 11:21:24.736884+00:00,31.393026687204838
2025-08-15 11:21:25.642006+00:00,31.377574703103164
2025-08-15 11:21:27.744060+00:00,31.372424042318016
2025-08-15 11:21:28.924204+00:00,31.372424042318016
2025-08-15 11:21:30.653546+00:00,31.367273381823907
2025-08-15 11:21:31.792093+00:00,31.367273381823907
2025-08-15 11:21:34.622164+00:00,31.372424042318016
2025-08-15 11:21:35.296697+00:00,31.356972061708802
2025-08-15 11:21:36.036898+00:00,31.362122721620835
2025-08-15 11:21:38.898971+00:00,31.362122721620835
2025-08-15 11:21:41.381173+00:00,31.351821402087808
2025-08-15 11:21:44.137006+00:00,31.351821402087808
2025-08-15 11:21:44.362065+00:00,31.351821402087808
2025-08-15 11:21:44.562281+00:00,31.34667074275785
2025-08-15 11:21:44.805617+00:00,31.351821402087808
2025-08-15 11:21:45.424553+00:00,31.351821402087808
2025-08-15 11:21:45.815356+00:00,31.356972061708802
2025-08-15 11:21:51.306791+00:00,31.372424042318016
2025-08-15 11:21:52.621201+00:00,31.372424042318016
2025-08-15 11:21:53.111424+00:00,31.377574703103164
2025-08-15 11:21:53.604243+00:00,31.372424042318016
2025-08-15 11:21:56.361018+00:00,31.387876025546575
2025-08-15 11:21:58.384445+00:00,31.372424042318016
2025-08-15 11:21:59.248690+00:00,31.377574703103164
2025-08-15 11:22:01.088203+00:00,31.372424042318016
2025-08-15 11:22:06.566224+00:00,31.38272536417935
2025-08-15 11:22:07.107239+00:00,31.367273381823907
2025-08-15 11:22:10.633433+00:00,31.377574703103164
2025-08-15 11:22:11.114384+00:00,31.387876025546575
2025-08-15 11:22:20.114260+00:00,31.38272536417935
2025-08-15 11:22:22.929544+00:00,31.362122721620835
2025-08-15 11:22:25.277341+00:00,31.367273381823907
2025-08-15 11:22:26.708211+00:00,31.372424042318016
2025-08-15 11:22:27.309433+00:00,31.362122721620835
2025-08-15 11:22:28.230039+00:00,31.362122721620835
2025-08-15 11:22:28.668063+00:00,31.356972061708802
2025-08-15 11:22:31.432778+00:00,31.356972061708802
2025-08-15 11:22:31.817936+00:00,31.356972061708802
2025-08-15 11:22:33.381988+00:00,31.351821402087808
2025-08-15 11:22:33.942517+00:00,31.351821402087808
2025-08-15 11:22:34.713094+00:00,31.351821402087808
2025-08-15 11:22:35.722953+00:00,31.356972061708802
2025-08-15 11:22:36.428222+00:00,31.356972061708802
2025-08-15 11:22:37.057592+00:00,31.362122721620835
2025-08-15 11:22:38.021570+00:00,31.34667074275785
2025-08-15 11:22:40.308358+00:00,31.34667074275785
2025-08-15 11:22:44.563914+00:00,31.34667074275785
2025-08-15 11:22:50.527315+00:00,31.34667074275785
2025-08-15 11:22:50.784679+00:00,31.351821402087808
2025-08-15 11:22:50.961536+00:00,31.362122721620835
2025-08-15 11:22:51.226662+00:00,31.367273381823907
2025-08-15 11:22:51.585828+00:00,31.362122721620835
2025-08-15 11:22:52.389442+00:00,31.367273381823907
2025-08-15 11:22:53.009799+00:00,31.362122721620835
2025-08-15 11:22:53.951742+00:00,31.362122721620835
2025-08-15 11:22:55.277361+00:00,31.351821402087808
2025-08-15 11:22:55.704765+00:00,31.34667074275785
2025-08-15 11:22:55.957563+00:00,31.362122721620835
2025-08-15 11:22:57.919033+00:00,31.351821402087808
2025-08-15 11:23:04.989663+00:00,31.351821402087808
2025-08-15 11:23:09.300515+00:00,31.362122721620835
2025-08-15 11:23:13.704398+00:00,31.362122721620835
2025-08-15 11:23:14.302841+00:00,31.356972061708802
2025-08-15 11:23:14.852526+00:00,31.362122721620835
2025-08-15 11:23:21.561220+00:00,31.356972061708802
2025-08-15 11:23:23.853183+00:00,31.372424042318016
2025-08-15 11:23:24.136253+00:00,31.367273381823907
2025-08-15 11:23:24.429522+00:00,31.372424042318016
2025-08-15 11:23:24.780202+00:00,31.367273381823907
2025-08-15 11:23:25.768714+00:00,31.362122721620835
2025-08-15 11:23:26.085135+00:00,31.362122721620835
2025-08-15 11:23:26.360489+00:00,31.367273381823907
2025-08-15 11:23:26.794358+00:00,31.372424042318016
2025-08-15 11:23:29.660871+00:00,31.372424042318016
2025-08-15 11:23:32.988243+00:00,31.362122721620835
2025-08-15 11:23:33.421635+00:00,31.362122721620835
2025-08-15 11:23:33.789172+00:00,31.372424042318016
2025-08-15 11:23:36.476847+00:00,31.356972061708802
2025-08-15 11:23:38.325456+00:00,31.34667074275785
2025-08-15 11:23:41.702219+00:00,31.356972061708802
2025-08-15 11:23:45.887578+00:00,31.356972061708802
2025-08-15 11:23:50.160815+00:00,31.351821402087808
2025-08-15 11:23:50.554025+00:00,31.34667074275785
2025-08-15 11:23:51.008004+00:00,31.351821402087808
2025-08-15 11:23:52.852220+00:00,31.351821402087808
2025-08-15 11:23:54.832138+00:00,31.351821402087808
2025-08-15 11:23:55.426582+00:00,31.34667074275785
2025-08-15 11:23:56.909477+00:00,31.34667074275785
2025-08-15 11:23:57.142547+00:00,31.34667074275785
2025-08-15 11:23:57.328245+00:00,31.351821402087808
2025-08-15 11:23:58.184777+00:00,31.341520083718933
2025-08-15 11:24:08.338503+00:00,31.341520083718933
2025-08-15 11:24:13.221083+00:00,31.367273381823907
2025-08-15 11:24:21.292902+00:00,31.362122721620835
2025-08-15 11:24:24.636101+00:00,31.38272536417935
2025-08-15 11:24:24.869089+00:00,31.393026687204838
2025-08-15 11:24:26.310665+00:00,31.393026687204838
2025-08-15 11:24:26.803539+00:00,31.393026687204838
2025-08-15 11:24:27.362632+00:00,31.387876025546575
2025-08-15 11:24:29.794887+00:00,31.387876025546575
2025-08-15 11:24:35.949776+00:00,31.387876025546575
2025-08-15 11:24:36.444426+00:00,31.393026687204838
2025-08-15 11:24:37.118730+00:00,31.387876025546575
2025-08-15 11:24:38.443234+00:00,31.387876025546575
2025-08-15 11:24:43.360640+00:00,31.377574703103164
2025-08-15 11:24:45.000960+00:00,31.38272536417935
2025-08-15 11:24:45.308389+00:00,31.393026687204838
2025-08-15 11:24:46.830824+00:00,31.393026687204838
2025-08-15 11:24:48.793243+00:00,31.39817734915414
2025-08-15 11:24:51.739184+00:00,31.38272536417935
2025-08-15 11:24:53.766428+00:00,31.393026687204838
2025-08-15 11:24:55.801593+00:00,31.39817734915414
2025-08-15 11:24:57.063013+00:00,31.413629336748272
2025-08-15 11:24:58.258497+00:00,31.42393066326622
2025-08-15 11:24:59.140449+00:00,31.413629336748272
2025-08-15 11:25:01.969663+00:00,31.413629336748272
2025-08-15 11:25:10.553002+00:00,31.418779999861727
2025-08-15 11:25:17.810558+00:00,31.42393066326622
2025-08-15 11:25:18.235390+00:00,31.413629336748272
2025-08-15 11:25:23.137159+00:00,31.413629336748272
2025-08-15 11:25:24.208247+00:00,31.40332801139448
2025-08-15 11:25:24.672365+00:00,31.408478673925856
2025-08-15 11:25:25.348882+00:00,31.408478673925856
2025-08-15 11:25:26.802576+00:00,31.40332801139448
2025-08-15 11:25:32.985122+00:00,31.40332801139448
2025-08-15 11:25:36.385057+00:00,31.39817734915414
2025-08-15 11:25:38.301426+00:00,31.387876025546575
2025-08-15 11:25:41.645540+00:00,31.40332801139448
2025-08-15 11:25:42.382520+00:00,31.393026687204838
2025-08-15 11:25:43.711950+00:00,31.387876025546575
2025-08-15 11:25:49.343935+00:00,31.387876025546575
2025-08-15 11:25:50.802021+00:00,31.377574703103164
2025-08-15 11:25:55.298354+00:00,31.38272536417935
2025-08-15 11:25:57.697046+00:00,31.40332801139448
2025-08-15 11:25:58.082497+00:00,31.413629336748272
2025-08-15 11:25:58.790576+00:00,31.413629336748272
2025-08-15 11:25:59.305764+00:00,31.413629336748272
2025-08-15 11:25:59.532710+00:00,31.413629336748272
2025-08-15 11:26:03.109998+00:00,31.413629336748272
2025-08-15 11:26:05.394200+00:00,31.43423199094832
2025-08-15 11:26:07.535074+00:00,31.439382655225927
2025-08-15 11:26:09.039193+00:00,31.45483464980498
2025-08-15 11:26:09.477071+00:00,31.449683984654257
2025-08-15 11:26:10.015592+00:00,31.444533319794573
2025-08-15 11:26:10.677447+00:00,31.444533319794573
2025-08-15 11:26:17.526864+00:00,31.439382655225927
2025-08-15 11:26:20.606732+00:00,31.42393066326622
2025-08-15 11:26:21.109159+00:00,31.42908132696175
2025-08-15 11:26:22.724167+00:00,31.42908132696175
2025-08-15 11:26:23.431584+00:00,31.42393066326622
2025-08-15 11:26:24.329853+00:00,31.42393066326622
2025-08-15 11:26:26.467219+00:00,31.418779999861727
2025-08-15 11:26:29.801403+00:00,31.42908132696175
2025-08-15 11:26:30.900697+00:00,31.43423199094832
2025-08-15 11:26:31.718285+00:00,31.42908132696175
2025-08-15 11:26:34.880446+00:00,31.439382655225927
2025-08-15 11:26:38.027894+00:00,31.42393066326622
2025-08-15 11:26:38.494945+00:00,31.42393066326622
2025-08-15 11:26:39.281901+00:00,31.439382655225927
2025-08-15 11:26:39.523132+00:00,31.444533319794573
2025-08-15 11:26:39.758366+00:00,31.45483464980498
2025-08-15 11:26:39.990981+00:00,31.444533319794573
2025-08-15 11:26:40.877940+00:00,31.444533319794573
2025-08-15 11:26:42.489872+00:00,31.444533319794573
2025-08-15 11:26:43.039255+00:00,31.42908132696175
2025-08-15 11:26:43.351202+00:00,31.439382655225927
2025-08-15 11:26:44.914745+00:00,31.43423199094832
2025-08-15 11:26:47.881468+00:00,31.439382655225927
2025-08-15 11:26:48.667841+00:00,31.43423199094832
2025-08-15 11:26:49.224872+00:00,31.42908132696175
2025-08-15 11:26:49.777543+00:00,31.42908132696175
2025-08-15 11:26:50.881247+00:00,31.43423199094832
2025-08-15 11:26:52.415140+00:00,31.42393066326622
2025-08-15 11:26:52.648741+00:00,31.42908132696175
2025-08-15 11:26:53.109966+00:00,31.42393066326622
2025-08-15 11:26:54.712489+00:00,31.439382655225927
2025-08-15 11:26:57.311487+00:00,31.46513598097954
2025-08-15 11:26:57.731454+00:00,31.43423199094832
2025-08-15 11:26:58.256033+00:00,31.42908132696175
2025-08-15 11:26:59.659118+00:00,31.42393066326622
2025-08-15 11:27:00.599138+00:00,31.42908132696175
2025-08-15 11:27:02.142975+00:00,31.42908132696175
2025-08-15 11:27:09.484399+00:00,31.439382655225927
2025-08-15 11:27:16.585386+00:00,31.439382655225927
2025-08-15 11:27:18.614008+00:00,31.43423199094832
2025-08-15 11:27:20.958561+00:00,31.449683984654257
2025-08-15 11:27:23.280453+00:00,31.439382655225927
2025-08-15 11:27:24.205641+00:00,31.439382655225927
2025-08-15 11:27:24.577629+00:00,31.444533319794573
2025-08-15 11:27:26.624292+00:00,31.42393066326622
2025-08-15 11:27:27.616713+00:00,31.43423199094832
2025-08-15 11:27:28.739281+00:00,31.413629336748272
2025-08-15 11:27:29.915925+00:00,31.42393066326622
2025-08-15 11:27:30.712015+00:00,31.42393066326622
2025-08-15 11:27:35.164506+00:00,31.377574703103164
2025-08-15 11:27:35.412850+00:00,31.377574703103164
2025-08-15 11:27:35.680742+00:00,31.408478673925856
2025-08-15 11:27:35.937768+00:00,31.377574703103164
2025-08-15 11:27:36.181366+00:00,31.38272536417935
2025-08-15 11:27:36.406114+00:00,31.38272536417935
2025-08-15 11:27:38.075878+00:00,31.377574703103164
2025-08-15 11:27:39.815994+00:00,31.351821402087808
2025-08-15 11:27:40.106936+00:00,31.341520083718933
2025-08-15 11:27:40.741216+00:00,31.341520083718933
2025-08-15 11:27:42.504837+00:00,31.320917450473644
2025-08-15 11:27:45.783555+00:00,31.30546547859558
2025-08-15 11:27:48.399164+00:00,31.30546547859558
2025-08-15 11:27:49.289054+00:00,31.300314821884967
2025-08-15 11:27:50.040371+00:00,31.29001350933686
2025-08-15 11:27:50.804457+00:00,31.29001350933686
2025-08-15 11:27:53.372830+00:00,31.29001350933686
2025-08-15 11:27:53.846000+00:00,31.284862853499362
2025-08-15 11:27:54.353636+00:00,31.284862853499362
2025-08-15 11:27:55.420521+00:00,31.300314821884967
2025-08-15 11:27:56.147631+00:00,31.295164165465394
2025-08-15 11:27:57.309061+00:00,31.29001350933686
2025-08-15 11:27:59.089431+00:00,31.295164165465394
2025-08-15 11:28:00.858971+00:00,31.30546547859558
2025-08-15 11:28:03.791829+00:00,31.30546547859558
2025-08-15 11:28:06.457457+00:00,31.315766792889917
2025-08-15 11:28:06.989792+00:00,31.320917450473644
2025-08-15 11:28:12.202680+00:00,31.336369424971053
2025-08-15 11:28:13.261125+00:00,31.351821402087808
2025-08-15 11:28:14.122029+00:00,31.34667074275785
2025-08-15 11:28:14.580085+00:00,31.341520083718933
2025-08-15 11:28:14.987315+00:00,31.351821402087808
2025-08-15 11:28:18.108063+00:00,31.351821402087808
2025-08-15 11:28:27.202487+00:00,31.377574703103164
2025-08-15 11:28:27.392943+00:00,31.393026687204838
2025-08-15 11:28:27.729274+00:00,31.39817734915414
2025-08-15 11:28:27.993241+00:00,31.40332801139448
2025-08-15 11:28:28.278269+00:00,31.40332801139448
2025-08-15 11:28:28.529838+00:00,31.393026687204838
2025-08-15 11:28:28.904642+00:00,31.39817734915414
2025-08-15 11:28:29.581516+00:00,31.393026687204838
2025-08-15 11:28:32.629657+00:00,31.40332801139448
2025-08-15 11:28:34.361191+00:00,31.413629336748272
2025-08-15 11:28:36.345643+00:00,31.40332801139448
2025-08-15 11:28:36.571905+00:00,31.40332801139448
2025-08-15 11:28:37.105053+00:00,31.39817734915414
2025-08-15 11:28:39.654827+00:00,31.40332801139448
2025-08-15 11:28:41.378116+00:00,31.39817734915414
2025-08-15 11:28:42.866804+00:00,31.387876025546575
2025-08-15 11:28:43.513538+00:00,31.40332801139448
2025-08-15 11:28:43.778447+00:00,31.408478673925856
2025-08-15 11:28:45.061975+00:00,31.40332801139448
2025-08-15 11:28:45.881019+00:00,31.40332801139448
2025-08-15 11:28:46.301796+00:00,31.408478673925856
2025-08-15 11:28:47.829718+00:00,31.408478673925856
2025-08-15 11:28:49.007377+00:00,31.413629336748272
2025-08-15 11:28:50.301896+00:00,31.413629336748272
2025-08-15 11:28:50.436271+00:00,31.418779999861727
2025-08-15 11:28:51.019558+00:00,31.42393066326622
2025-08-15 11:28:52.148009+00:00,31.418779999861727
2025-08-15 11:28:53.451819+00:00,31.413629336748272
2025-08-15 11:28:54.670158+00:00,31.418779999861727
2025-08-15 11:28:56.083280+00:00,31.42393066326622
2025-08-15 11:28:56.463777+00:00,31.418779999861727
2025-08-15 11:28:57.529417+00:00,31.413629336748272
2025-08-15 11:29:00.341559+00:00,31.413629336748272
2025-08-15 11:29:00.738846+00:00,31.408478673925856
2025-08-15 11:29:01.512177+00:00,31.413629336748272
2025-08-15 11:29:05.143581+00:00,31.40332801139448
2025-08-15 11:29:07.173071+00:00,31.408478673925856
2025-08-15 11:29:09.022125+00:00,31.40332801139448
2025-08-15 11:29:10.681626+00:00,31.413629336748272
2025-08-15 11:29:11.784322+00:00,31.40332801139448
2025-08-15 11:29:16.704495+00:00,31.418779999861727
2025-08-15 11:29:18.154408+00:00,31.42393066326622
2025-08-15 11:29:20.016699+00:00,31.40332801139448
2025-08-15 11:29:24.777801+00:00,31.413629336748272
2025-08-15 11:29:25.522375+00:00,31.413629336748272
2025-08-15 11:29:26.199531+00:00,31.418779999861727
2025-08-15 11:29:29.665224+00:00,31.413629336748272
2025-08-15 11:29:30.424992+00:00,31.413629336748272
2025-08-15 11:29:31.079586+00:00,31.408478673925856
2025-08-15 11:29:31.771425+00:00,31.418779999861727
2025-08-15 11:29:32.279534+00:00,31.40332801139448
2025-08-15 11:29:32.678444+00:00,31.413629336748272
2025-08-15 11:29:34.095994+00:00,31.413629336748272
2025-08-15 11:29:37.112123+00:00,31.408478673925856
2025-08-15 11:29:43.673056+00:00,31.40332801139448
2025-08-15 11:29:44.444801+00:00,31.39817734915414
2025-08-15 11:29:45.328664+00:00,31.393026687204838
2025-08-15 11:29:48.350655+00:00,31.42393066326622
2025-08-15 11:29:48.886973+00:00,31.408478673925856
2025-08-15 11:29:49.587034+00:00,31.408478673925856
2025-08-15 11:29:49.813467+00:00,31.413629336748272
2025-08-15 11:29:50.398394+00:00,31.413629336748272
2025-08-15 11:29:50.687132+00:00,31.413629336748272
2025-08-15 11:29:51.570188+00:00,31.413629336748272
2025-08-15 11:29:51.970318+00:00,31.413629336748272
2025-08-15 11:29:52.523240+00:00,31.413629336748272
2025-08-15 11:29:53.078899+00:00,31.40332801139448
2025-08-15 11:29:54.897174+00:00,31.413629336748272
2025-08-15 11:29:55.739354+00:00,31.413629336748272
2025-08-15 11:29:57.202653+00:00,31.42393066326622
2025-08-15 11:29:57.403199+00:00,31.408478673925856
2025-08-15 11:29:58.397384+00:00,31.40332801139448
2025-08-15 11:29:59.718551+00:00,31.408478673925856
2025-08-15 11:30:04.478322+00:00,31.42908132696175
2025-08-15 11:30:05.878362+00:00,31.413629336748272
2025-08-15 11:30:08.136192+00:00,31.413629336748272
2025-08-15 11:30:08.603670+00:00,31.413629336748272
2025-08-15 11:30:10.213244+00:00,31.413629336748272
2025-08-15 11:30:16.046017+00:00,31.42393066326622
2025-08-15 11:30:20.420632+00:00,31.42393066326622
2025-08-15 11:30:29.570505+00:00,31.418779999861727
2025-08-15 11:30:30.059823+00:00,31.418779999861727
2025-08-15 11:30:40.051930+00:00,31.449683984654257
2025-08-15 11:30:41.160638+00:00,31.42908132696175
2025-08-15 11:30:41.845044+00:00,31.43423199094832
2025-08-15 11:30:45.698866+00:00,31.444533319794573
2025-08-15 11:30:46.256893+00:00,31.444533319794573
2025-08-15 11:30:47.028033+00:00,31.45483464980498
2025-08-15 11:30:53.575391+00:00,31.444533319794573
2025-08-15 11:30:54.645280+00:00,31.43423199094832
2025-08-15 11:30:57.861515+00:00,31.439382655225927
2025-08-15 11:30:59.844582+00:00,31.45483464980498
2025-08-15 11:31:00.176491+00:00,31.42393066326622
2025-08-15 11:31:01.826551+00:00,31.42393066326622
2025-08-15 11:31:02.206400+00:00,31.42908132696175
2025-08-15 11:31:03.936563+00:00,31.42393066326622
2025-08-15 11:31:04.645809+00:00,31.418779999861727
2025-08-15 11:31:05.420395+00:00,31.439382655225927
2025-08-15 11:31:05.989182+00:00,31.42393066326622
2025-08-15 11:31:09.355555+00:00,31.387876025546575
2025-08-15 11:31:11.345145+00:00,31.39817734915414
2025-08-15 11:31:18.201570+00:00,31.377574703103164
2025-08-15 11:31:20.631936+00:00,31.372424042318016
2025-08-15 11:31:21.749666+00:00,31.387876025546575
2025-08-15 11:31:22.094918+00:00,31.40332801139448
2025-08-15 11:31:22.352762+00:00,31.393026687204838
2025-08-15 11:31:22.530011+00:00,31.393026687204838
2025-08-15 11:31:22.796159+00:00,31.40332801139448
2025-08-15 11:31:24.769094+00:00,31.393026687204838
2025-08-15 11:31:28.477551+00:00,31.418779999861727
2025-08-15 11:31:29.901307+00:00,31.42393066326622
2025-08-15 11:31:30.793410+00:00,31.43423199094832
2025-08-15 11:31:33.444217+00:00,31.444533319794573
2025-08-15 11:31:34.476500+00:00,31.444533319794573
2025-08-15 11:31:34.844200+00:00,31.439382655225927
2025-08-15 11:31:35.171309+00:00,31.444533319794573
2025-08-15 11:31:35.428299+00:00,31.45483464980498
2025-08-15 11:31:35.772886+00:00,31.45483464980498
2025-08-15 11:31:36.759283+00:00,31.45998531524674
2025-08-15 11:31:37.277545+00:00,31.45998531524674
2025-08-15 11:31:38.220033+00:00,31.45483464980498
2025-08-15 11:31:41.204672+00:00,31.449683984654257
2025-08-15 11:31:42.591177+00:00,31.449683984654257
2025-08-15 11:31:43.026223+00:00,31.45483464980498
2025-08-15 11:31:43.685403+00:00,31.45998531524674
2025-08-15 11:31:50.451851+00:00,31.45998531524674
2025-08-15 11:31:50.961186+00:00,31.46513598097954
2025-08-15 11:31:51.879883+00:00,31.470286647003377
2025-08-15 11:31:53.293146+00:00,31.449683984654257
2025-08-15 11:31:53.701941+00:00,31.45998531524674
2025-08-15 11:31:54.998590+00:00,31.46513598097954
2025-08-15 11:31:57.387806+00:00,31.449683984654257
2025-08-15 11:31:57.809664+00:00,31.46513598097954
2025-08-15 11:32:01.327375+00:00,31.45483464980498
2025-08-15 11:32:02.258401+00:00,31.449683984654257
2025-08-15 11:32:03.034527+00:00,31.449683984654257
2025-08-15 11:32:08.119365+00:00,31.45998531524674
2025-08-15 11:32:13.522878+00:00,31.48573864682112
2025-08-15 11:32:13.868981+00:00,31.49088931400911
2025-08-15 11:32:14.302667+00:00,31.50634131731931
2025-08-15 11:32:14.566136+00:00,31.511491985671455
2025-08-15 11:32:14.829556+00:00,31.50634131731931
2025-08-15 11:32:16.348404+00:00,31.516642654314637
2025-08-15 11:32:20.784360+00:00,31.532094661990413
2025-08-15 11:32:21.577181+00:00,31.552697342965985
2025-08-15 11:32:21.811054+00:00,31.5629986852
2025-08-15 11:32:22.824138+00:00,31.568149356753565
2025-08-15 11:32:22.993735+00:00,31.57330002859817
2025-08-15 11:32:23.324079+00:00,31.57845070073381
2025-08-15 11:32:27.026390+00:00,31.57845070073381
2025-08-15 11:32:33.966759+00:00,31.58360137316049
2025-08-15 11:32:36.226318+00:00,31.57330002859817
2025-08-15 11:32:37.964337+00:00,31.57330002859817
2025-08-15 11:32:38.792734+00:00,31.57330002859817
2025-08-15 11:32:39.668817+00:00,31.58875204587821
2025-08-15 11:32:40.003623+00:00,31.568149356753565
2025-08-15 11:32:40.439444+00:00,31.57330002859817
2025-08-15 11:32:41.565408+00:00,31.5629986852
2025-08-15 11:32:43.026587+00:00,31.568149356753565
2025-08-15 11:32:43.768338+00:00,31.547546672285534
2025-08-15 11:32:44.093446+00:00,31.552697342965985
2025-08-15 11:32:44.248087+00:00,31.557848013937473
2025-08-15 11:32:44.964766+00:00,31.552697342965985
2025-08-15 11:32:49.044724+00:00,31.547546672285534
2025-08-15 11:32:49.329468+00:00,31.53724533179775
2025-08-15 11:32:49.839300+00:00,31.547546672285534
2025-08-15 11:32:50.408905+00:00,31.5629986852
2025-08-15 11:32:51.953221+00:00,31.557848013937473
2025-08-15 11:32:52.418811+00:00,31.547546672285534
2025-08-15 11:32:58.304766+00:00,31.526943992474116
2025-08-15 11:33:01.625087+00:00,31.516642654314637
2025-08-15 11:33:04.748934+00:00,31.501190649258206
2025-08-15 11:33:06.557033+00:00,31.49603998148814
2025-08-15 11:33:09.950920+00:00,31.49088931400911
2025-08-15 11:33:14.808116+00:00,31.480587979924167
2025-08-15 11:33:17.851117+00:00,31.480587979924167
2025-08-15 11:33:21.865838+00:00,31.480587979924167
2025-08-15 11:33:22.792636+00:00,31.475437313318253
2025-08-15 11:33:25.166363+00:00,31.470286647003377
2025-08-15 11:33:25.475656+00:00,31.46513598097954
2025-08-15 11:33:25.808966+00:00,31.46513598097954
2025-08-15 11:33:28.401634+00:00,31.475437313318253
2025-08-15 11:33:31.348816+00:00,31.46513598097954
2025-08-15 11:33:34.141718+00:00,31.439382655225927
2025-08-15 11:33:35.395509+00:00,31.449683984654257
2025-08-15 11:33:36.680268+00:00,31.439382655225927
2025-08-15 11:33:43.515556+00:00,31.42393066326622
2025-08-15 11:33:45.780835+00:00,31.40332801139448
2025-08-15 11:33:46.558091+00:00,31.39817734915414
2025-08-15 11:33:46.942483+00:00,31.39817734915414
2025-08-15 11:33:52.982150+00:00,31.38272536417935
2025-08-15 11:33:55.883668+00:00,31.372424042318016
2025-08-15 11:33:57.001770+00:00,31.362122721620835
2025-08-15 11:33:57.995842+00:00,31.372424042318016
2025-08-15 11:33:59.117046+00:00,31.356972061708802
2025-08-15 11:33:59.983964+00:00,31.356972061708802
2025-08-15 11:34:04.147266+00:00,31.362122721620835
2025-08-15 11:34:05.170785+00:00,31.34667074275785
2025-08-15 11:34:08.106186+00:00,31.341520083718933
2025-08-15 11:34:13.581317+00:00,31.331218766514212
2025-08-15 11:34:14.015391+00:00,31.341520083718933
2025-08-15 11:34:16.946540+00:00,31.32606810834841
2025-08-15 11:34:19.583478+00:00,31.341520083718933
2025-08-15 11:34:19.966556+00:00,31.351821402087808
2025-08-15 11:34:21.382291+00:00,31.341520083718933
2025-08-15 11:34:23.187328+00:00,31.351821402087808
2025-08-15 11:34:24.614013+00:00,31.341520083718933
2025-08-15 11:34:25.265600+00:00,31.341520083718933
2025-08-15 11:34:25.735492+00:00,31.356972061708802
2025-08-15 11:34:26.640258+00:00,31.336369424971053
2025-08-15 11:34:27.229816+00:00,31.336369424971053
2025-08-15 11:34:28.231732+00:00,31.34667074275785
2025-08-15 11:34:29.189997+00:00,31.351821402087808
2025-08-15 11:34:29.904235+00:00,31.341520083718933
2025-08-15 11:34:33.848478+00:00,31.351821402087808
2025-08-15 11:34:36.498839+00:00,31.331218766514212
2025-08-15 11:34:37.023383+00:00,31.331218766514212
2025-08-15 11:34:37.866833+00:00,31.341520083718933
2025-08-15 11:34:38.820392+00:00,31.336369424971053
2025-08-15 11:34:41.343275+00:00,31.341520083718933
2025-08-15 11:34:41.594547+00:00,31.341520083718933
2025-08-15 11:34:41.895491+00:00,31.341520083718933
2025-08-15 11:34:42.382042+00:00,31.341520083718933
2025-08-15 11:34:42.715991+00:00,31.34667074275785
2025-08-15 11:34:43.075182+00:00,31.341520083718933
2025-08-15 11:34:45.713841+00:00,31.336369424971053
2025-08-15 11:34:46.304896+00:00,31.331218766514212
2025-08-15 11:34:49.021946+00:00,31.336369424971053
2025-08-15 11:34:49.330799+00:00,31.351821402087808
2025-08-15 11:34:49.682429+00:00,31.341520083718933
2025-08-15 11:34:50.025297+00:00,31.341520083718933
2025-08-15 11:34:51.578137+00:00,31.336369424971053
2025-08-15 11:34:52.020803+00:00,31.336369424971053
2025-08-15 11:34:52.307037+00:00,31.34667074275785
2025-08-15 11:34:52.605877+00:00,31.341520083718933
2025-08-15 11:34:52.857045+00:00,31.336369424971053
2025-08-15 11:34:53.407426+00:00,31.336369424971053
2025-08-15 11:34:53.860279+00:00,31.351821402087808
2025-08-15 11:34:55.822184+00:00,31.336369424971053
2025-08-15 11:34:58.200725+00:00,31.34667074275785
2025-08-15 11:35:04.064397+00:00,31.356972061708802
2025-08-15 11:35:05.037968+00:00,31.351821402087808
2025-08-15 11:35:05.772690+00:00,31.356972061708802
2025-08-15 11:35:10.032831+00:00,31.356972061708802
2025-08-15 11:35:13.206014+00:00,31.356972061708802
2025-08-15 11:35:14.779452+00:00,31.362122721620835
2025-08-15 11:35:15.514467+00:00,31.356972061708802
2025-08-15 11:35:17.248292+00:00,31.356972061708802
2025-08-15 11:35:24.521928+00:00,31.356972061708802
2025-08-15 11:35:28.503206+00:00,31.372424042318016
2025-08-15 11:35:30.220969+00:00,31.372424042318016
2025-08-15 11:35:32.677888+00:00,31.377574703103164
2025-08-15 11:35:36.639681+00:00,31.372424042318016
2025-08-15 11:35:38.194396+00:00,31.367273381823907
2025-08-15 11:35:38.969453+00:00,31.38272536417935
2025-08-15 11:35:40.229811+00:00,31.38272536417935
2025-08-15 11:35:41.403879+00:00,31.372424042318016
2025-08-15 11:35:43.120926+00:00,31.372424042318016
2025-08-15 11:35:45.480742+00:00,31.367273381823907
2025-08-15 11:35:46.192395+00:00,31.362122721620835
2025-08-15 11:35:47.254586+00:00,31.351821402087808
2025-08-15 11:35:49.070525+00:00,31.356972061708802
2025-08-15 11:35:51.261404+00:00,31.362122721620835
2025-08-15 11:35:55.635928+00:00,31.362122721620835
2025-08-15 11:35:56.964642+00:00,31.362122721620835
2025-08-15 11:35:57.473864+00:00,31.362122721620835
2025-08-15 11:35:57.712785+00:00,31.372424042318016
2025-08-15 11:35:57.908424+00:00,31.372424042318016
2025-08-15 11:35:58.112797+00:00,31.362122721620835
2025-08-15 11:35:58.334203+00:00,31.367273381823907
2025-08-15 11:36:00.205061+00:00,31.367273381823907
2025-08-15 11:36:02.511756+00:00,31.362122721620835
2025-08-15 11:36:03.038629+00:00,31.367273381823907
2025-08-15 11:36:08.787403+00:00,31.38272536417935
2025-08-15 11:36:09.668235+00:00,31.393026687204838
2025-08-15 11:36:11.368269+00:00,31.393026687204838
2025-08-15 11:36:12.794044+00:00,31.40332801139448
2025-08-15 11:36:15.191778+00:00,31.413629336748272
2025-08-15 11:36:17.045667+00:00,31.40332801139448
2025-08-15 11:36:18.357858+00:00,31.418779999861727
2025-08-15 11:36:18.700201+00:00,31.42393066326622
2025-08-15 11:36:19.929747+00:00,31.42393066326622
2025-08-15 11:36:25.117264+00:00,31.42908132696175
2025-08-15 11:36:25.977649+00:00,31.42908132696175
2025-08-15 11:36:26.445134+00:00,31.43423199094832
2025-08-15 11:36:27.361028+00:00,31.43423199094832
2025-08-15 11:36:30.872340+00:00,31.42908132696175
2025-08-15 11:36:31.412230+00:00,31.43423199094832
2025-08-15 11:36:32.153251+00:00,31.43423199094832
2025-08-15 11:36:34.039918+00:00,31.439382655225927
2025-08-15 11:36:34.521938+00:00,31.439382655225927
2025-08-15 11:36:35.241227+00:00,31.42908132696175
2025-08-15 11:36:37.036445+00:00,31.42393066326622
2025-08-15 11:36:40.699224+00:00,31.444533319794573
2025-08-15 11:36:42.265031+00:00,31.42908132696175
2025-08-15 11:36:43.382652+00:00,31.43423199094832
2025-08-15 11:36:43.708461+00:00,31.42393066326622
2025-08-15 11:36:44.053588+00:00,31.42908132696175
2025-08-15 11:36:44.260445+00:00,31.43423199094832
2025-08-15 11:36:44.511897+00:00,31.439382655225927
2025-08-15 11:36:51.851479+00:00,31.42908132696175
2025-08-15 11:36:52.627010+00:00,31.439382655225927
2025-08-15 11:36:53.499920+00:00,31.42393066326622
2025-08-15 11:36:54.479696+00:00,31.42393066326622
2025-08-15 11:36:56.124289+00:00,31.42393066326622
2025-08-15 11:36:56.550507+00:00,31.418779999861727
2025-08-15 11:36:56.819078+00:00,31.42908132696175
2025-08-15 11:36:57.542702+00:00,31.418779999861727
2025-08-15 11:36:57.827696+00:00,31.42393066326622
2025-08-15 11:36:58.546086+00:00,31.413629336748272
2025-08-15 11:36:59.425588+00:00,31.408478673925856
2025-08-15 11:37:00.384699+00:00,31.408478673925856
2025-08-15 11:37:03.585225+00:00,31.413629336748272
2025-08-15 11:37:05.289684+00:00,31.408478673925856
2025-08-15 11:37:06.237857+00:00,31.39817734915414
2025-08-15 11:37:11.425066+00:00,31.418779999861727
2025-08-15 11:37:12.245395+00:00,31.413629336748272
2025-08-15 11:37:13.992573+00:00,31.40332801139448
2025-08-15 11:37:14.298911+00:00,31.408478673925856
2025-08-15 11:37:14.650035+00:00,31.40332801139448
2025-08-15 11:37:18.418545+00:00,31.393026687204838
2025-08-15 11:37:19.462890+00:00,31.40332801139448
2025-08-15 11:37:19.773448+00:00,31.39817734915414
2025-08-15 11:37:20.056804+00:00,31.40332801139448
2025-08-15 11:37:21.125394+00:00,31.39817734915414
2025-08-15 11:37:22.906968+00:00,31.39817734915414
2025-08-15 11:37:23.290843+00:00,31.43423199094832
2025-08-15 11:37:24.042655+00:00,31.408478673925856
2025-08-15 11:37:26.846706+00:00,31.40332801139448
2025-08-15 11:37:27.089261+00:00,31.413629336748272
2025-08-15 11:37:27.323249+00:00,31.413629336748272
2025-08-15 11:37:27.440427+00:00,31.40332801139448
2025-08-15 11:37:29.663441+00:00,31.39817734915414
2025-08-15 11:37:32.810275+00:00,31.40332801139448
2025-08-15 11:37:33.436534+00:00,31.393026687204838
2025-08-15 11:37:33.929092+00:00,31.40332801139448
2025-08-15 11:37:34.435282+00:00,31.393026687204838
2025-08-15 11:37:34.754921+00:00,31.387876025546575
2025-08-15 11:37:35.000486+00:00,31.387876025546575
2025-08-15 11:37:35.532068+00:00,31.387876025546575
2025-08-15 11:37:39.507821+00:00,31.393026687204838
2025-08-15 11:37:40.153816+00:00,31.38272536417935
2025-08-15 11:37:40.764222+00:00,31.393026687204838
2025-08-15 11:37:43.408062+00:00,31.393026687204838
2025-08-15 11:37:43.721551+00:00,31.393026687204838
2025-08-15 11:37:44.251345+00:00,31.387876025546575
2025-08-15 11:37:47.325848+00:00,31.387876025546575
2025-08-15 11:37:50.601311+00:00,31.377574703103164
2025-08-15 11:37:50.958290+00:00,31.38272536417935
2025-08-15 11:37:51.373300+00:00,31.372424042318016
2025-08-15 11:37:51.619421+00:00,31.372424042318016
2025-08-15 11:37:51.896508+00:00,31.38272536417935
2025-08-15 11:37:52.200289+00:00,31.38272536417935
2025-08-15 11:37:53.826525+00:00,31.372424042318016
2025-08-15 11:37:54.242890+00:00,31.372424042318016
2025-08-15 11:37:55.556852+00:00,31.356972061708802
2025-08-15 11:37:56.719187+00:00,31.38272536417935
2025-08-15 11:37:57.299133+00:00,31.393026687204838
2025-08-15 11:37:57.556992+00:00,31.387876025546575
2025-08-15 11:37:58.147214+00:00,31.387876025546575
2025-08-15 11:37:58.463362+00:00,31.387876025546575
2025-08-15 11:37:58.700412+00:00,31.38272536417935
2025-08-15 11:37:58.997898+00:00,31.387876025546575
2025-08-15 11:38:03.332180+00:00,31.38272536417935
2025-08-15 11:38:05.593525+00:00,31.393026687204838
2025-08-15 11:38:06.067448+00:00,31.393026687204838
2025-08-15 11:38:07.017107+00:00,31.393026687204838
2025-08-15 11:38:07.495111+00:00,31.39817734915414
2025-08-15 11:38:07.876563+00:00,31.393026687204838
2025-08-15 11:38:08.259334+00:00,31.393026687204838
2025-08-15 11:38:10.204160+00:00,31.393026687204838
2025-08-15 11:38:13.358197+00:00,31.40332801139448
2025-08-15 11:38:13.574371+00:00,31.40332801139448
2025-08-15 11:38:13.867979+00:00,31.40332801139448
2025-08-15 11:38:14.157254+00:00,31.408478673925856
2025-08-15 11:38:14.955058+00:00,31.393026687204838
2025-08-15 11:38:18.690834+00:00,31.393026687204838
2025-08-15 11:38:20.330301+00:00,31.39817734915414
2025-08-15 11:38:20.682403+00:00,31.413629336748272
2025-08-15 11:38:20.983530+00:00,31.408478673925856
2025-08-15 11:38:22.088755+00:00,31.40332801139448
2025-08-15 11:38:22.715289+00:00,31.42393066326622
2025-08-15 11:38:23.703751+00:00,31.40332801139448
2025-08-15 11:38:25.140438+00:00,31.413629336748272
2025-08-15 11:38:26.059773+00:00,31.408478673925856
2025-08-15 11:38:26.260813+00:00,31.42393066326622
2025-08-15 11:38:27.433010+00:00,31.408478673925856
2025-08-15 11:38:28.156294+00:00,31.413629336748272
2025-08-15 11:38:29.804521+00:00,31.413629336748272
2025-08-15 11:38:31.716745+00:00,31.418779999861727
2025-08-15 11:38:32.068289+00:00,31.413629336748272
2025-08-15 11:38:32.474412+00:00,31.413629336748272
2025-08-15 11:38:34.973958+00:00,31.413629336748272
2025-08-15 11:38:35.133982+00:00,31.413629336748272
2025-08-15 11:38:37.933927+00:00,31.40332801139448
2025-08-15 11:38:39.046630+00:00,31.408478673925856
2025-08-15 11:38:40.439722+00:00,31.408478673925856
2025-08-15 11:38:42.855287+00:00,31.40332801139448
2025-08-15 11:38:46.148794+00:00,31.418779999861727
2025-08-15 11:38:46.931146+00:00,31.42393066326622
2025-08-15 11:38:50.687955+00:00,31.42393066326622
2025-08-15 11:38:50.964016+00:00,31.42393066326622
2025-08-15 11:38:51.132441+00:00,31.42393066326622
2025-08-15 11:38:51.397811+00:00,31.42393066326622
2025-08-15 11:38:53.487824+00:00,31.418779999861727
2025-08-15 11:38:53.830975+00:00,31.418779999861727
2025-08-15 11:38:54.055287+00:00,31.43423199094832
2025-08-15 11:38:54.349005+00:00,31.42393066326622
2025-08-15 11:38:54.566910+00:00,31.413629336748272
2025-08-15 11:38:56.011402+00:00,31.42908132696175
2025-08-15 11:39:01.466536+00:00,31.418779999861727
2025-08-15 11:39:07.957296+00:00,31.42908132696175
2025-08-15 11:39:09.196183+00:00,31.413629336748272
2025-08-15 11:39:09.873430+00:00,31.418779999861727
2025-08-15 11:39:14.200434+00:00,31.40332801139448
2025-08-15 11:39:14.816677+00:00,31.39817734915414
2025-08-15 11:39:15.258087+00:00,31.408478673925856
2025-08-15 11:39:16.390964+00:00,31.40332801139448
2025-08-15 11:39:19.778567+00:00,31.408478673925856
2025-08-15 11:39:20.585481+00:00,31.408478673925856
2025-08-15 11:39:20.797898+00:00,31.40332801139448
2025-08-15 11:39:21.976065+00:00,31.40332801139448
2025-08-15 11:39:22.236195+00:00,31.39817734915414
2025-08-15 11:39:22.482087+00:00,31.408478673925856
2025-08-15 11:39:22.712690+00:00,31.413629336748272
2025-08-15 11:39:22.937970+00:00,31.393026687204838
2025-08-15 11:39:23.150127+00:00,31.408478673925856
2025-08-15 11:39:23.339134+00:00,31.413629336748272
2025-08-15 11:39:23.647309+00:00,31.408478673925856
2025-08-15 11:39:24.741162+00:00,31.40332801139448
2025-08-15 11:39:25.469669+00:00,31.39817734915414
2025-08-15 11:39:26.315408+00:00,31.393026687204838
2025-08-15 11:39:28.308707+00:00,31.393026687204838
2025-08-15 11:39:28.794711+00:00,31.387876025546575
2025-08-15 11:39:29.254658+00:00,31.393026687204838
2025-08-15 11:39:32.358492+00:00,31.377574703103164
2025-08-15 11:39:34.642201+00:00,31.377574703103164
2025-08-15 11:39:35.823540+00:00,31.387876025546575
2025-08-15 11:39:37.249931+00:00,31.393026687204838
2025-08-15 11:39:38.696264+00:00,31.38272536417935
2025-08-15 11:39:40.350337+00:00,31.377574703103164
2025-08-15 11:39:40.583206+00:00,31.387876025546575
2025-08-15 11:39:41.212022+00:00,31.38272536417935
2025-08-15 11:39:43.141241+00:00,31.377574703103164
2025-08-15 11:39:46.112256+00:00,31.393026687204838
2025-08-15 11:39:47.545624+00:00,31.39817734915414
2025-08-15 11:39:49.361266+00:00,31.408478673925856
2025-08-15 11:39:52.443646+00:00,31.40332801139448
2025-08-15 11:39:53.048487+00:00,31.40332801139448
2025-08-15 11:39:53.229240+00:00,31.413629336748272
2025-08-15 11:39:53.800036+00:00,31.418779999861727
2025-08-15 11:39:55.544720+00:00,31.413629336748272
2025-08-15 11:39:56.101846+00:00,31.408478673925856
2025-08-15 11:39:57.074832+00:00,31.418779999861727
2025-08-15 11:40:00.517094+00:00,31.42393066326622
2025-08-15 11:40:07.164727+00:00,31.42393066326622
2025-08-15 11:40:07.541074+00:00,31.42393066326622
2025-08-15 11:40:09.840531+00:00,31.42393066326622
2025-08-15 11:40:11.758119+00:00,31.418779999861727
2025-08-15 11:40:17.007104+00:00,31.42393066326622
2025-08-15 11:40:18.688820+00:00,31.418779999861727
2025-08-15 11:40:28.941629+00:00,31.43423199094832
2025-08-15 11:40:30.132135+00:00,31.439382655225927
2025-08-15 11:40:32.439154+00:00,31.42908132696175
2025-08-15 11:40:33.270566+00:00,31.43423199094832
2025-08-15 11:40:33.679377+00:00,31.444533319794573
2025-08-15 11:40:40.080033+00:00,31.444533319794573
2025-08-15 11:40:41.450310+00:00,31.45998531524674
2025-08-15 11:40:42.394182+00:00,31.45483464980498
2025-08-15 11:40:43.062993+00:00,31.46513598097954
2025-08-15 11:40:43.839491+00:00,31.45998531524674
2025-08-15 11:40:44.275893+00:00,31.45483464980498
2025-08-15 11:40:44.699926+00:00,31.45483464980498
2025-08-15 11:40:47.011555+00:00,31.46513598097954
2025-08-15 11:40:48.418611+00:00,31.475437313318253
2025-08-15 11:40:54.597249+00:00,31.46513598097954
2025-08-15 11:40:54.813833+00:00,31.475437313318253
2025-08-15 11:40:55.047591+00:00,31.46513598097954
2025-08-15 11:40:55.658228+00:00,31.470286647003377
2025-08-15 11:40:56.459054+00:00,31.45483464980498
2025-08-15 11:40:57.020030+00:00,31.45998531524674
2025-08-15 11:40:57.297456+00:00,31.45998531524674
2025-08-15 11:40:57.605530+00:00,31.46513598097954
2025-08-15 11:40:59.218156+00:00,31.45483464980498
2025-08-15 11:40:59.814937+00:00,31.45483464980498
2025-08-15 11:41:00.379099+00:00,31.46513598097954
2025-08-15 11:41:03.929999+00:00,31.45998531524674
2025-08-15 11:41:04.387268+00:00,31.449683984654257
2025-08-15 11:41:04.739246+00:00,31.46513598097954
2025-08-15 11:41:05.571118+00:00,31.45998531524674
2025-08-15 11:41:12.989933+00:00,31.45483464980498
2025-08-15 11:41:13.485899+00:00,31.45998531524674
2025-08-15 11:41:14.732495+00:00,31.45483464980498
2025-08-15 11:41:17.562395+00:00,31.45483464980498
2025-08-15 11:41:20.095067+00:00,31.470286647003377
2025-08-15 11:41:22.396498+00:00,31.45483464980498
2025-08-15 11:41:22.634982+00:00,31.475437313318253
2025-08-15 11:41:24.206796+00:00,31.480587979924167
2025-08-15 11:41:25.626049+00:00,31.475437313318253
2025-08-15 11:41:27.013030+00:00,31.48573864682112
2025-08-15 11:41:29.302449+00:00,31.49088931400911
2025-08-15 11:41:30.094840+00:00,31.480587979924167
2025-08-15 11:41:30.578913+00:00,31.49088931400911
2025-08-15 11:41:30.928669+00:00,31.49603998148814
2025-08-15 11:41:31.636263+00:00,31.480587979924167
2025-08-15 11:41:34.333261+00:00,31.48573864682112
2025-08-15 11:41:35.252090+00:00,31.470286647003377
2025-08-15 11:41:36.255332+00:00,31.470286647003377
2025-08-15 11:41:36.514005+00:00,31.470286647003377
2025-08-15 11:41:36.800665+00:00,31.480587979924167
2025-08-15 11:41:38.355362+00:00,31.45998531524674
2025-08-15 11:41:39.565716+00:00,31.46513598097954
2025-08-15 11:41:39.882682+00:00,31.45483464980498
2025-08-15 11:41:40.785448+00:00,31.46513598097954
2025-08-15 11:41:43.371748+00:00,31.470286647003377
2025-08-15 11:41:43.719333+00:00,31.470286647003377
2025-08-15 11:41:44.412936+00:00,31.46513598097954
2025-08-15 11:41:54.204093+00:00,31.45483464980498
2025-08-15 11:41:57.609461+00:00,31.45998531524674
2025-08-15 11:41:58.855534+00:00,31.439382655225927
2025-08-15 11:41:59.942246+00:00,31.444533319794573
2025-08-15 11:42:03.671286+00:00,31.444533319794573
2025-08-15 11:42:04.670802+00:00,31.439382655225927
2025-08-15 11:42:07.735268+00:00,31.439382655225927
2025-08-15 11:42:08.854660+00:00,31.43423199094832
2025-08-15 11:42:10.927493+00:00,31.43423199094832
2025-08-15 11:42:12.150947+00:00,31.43423199094832
2025-08-15 11:42:13.039297+00:00,31.42908132696175
2025-08-15 11:42:14.150428+00:00,31.43423199094832
2025-08-15 11:42:14.795948+00:00,31.43423199094832
2025-08-15 11:42:15.218749+00:00,31.43423199094832
2025-08-15 11:42:15.763486+00:00,31.43423199094832
2025-08-15 11:42:19.272951+00:00,31.444533319794573
2025-08-15 11:42:19.973192+00:00,31.439382655225927
2025-08-15 11:42:20.300976+00:00,31.444533319794573
2025-08-15 11:42:20.935395+00:00,31.43423199094832
2025-08-15 11:42:21.821502+00:00,31.439382655225927
2025-08-15 11:42:23.133137+00:00,31.439382655225927
2025-08-15 11:42:23.704422+00:00,31.43423199094832
2025-08-15 11:42:25.355688+00:00,31.43423199094832
2025-08-15 11:42:27.052915+00:00,31.449683984654257
2025-08-15 11:42:27.284763+00:00,31.45483464980498
2025-08-15 11:42:27.529771+00:00,31.46513598097954
2025-08-15 11:42:27.795201+00:00,31.470286647003377
2025-08-15 11:42:28.038116+00:00,31.46513598097954
2025-08-15 11:42:28.590389+00:00,31.46513598097954
2025-08-15 11:42:30.447569+00:00,31.45998531524674
2025-08-15 11:42:32.059877+00:00,31.45998531524674
2025-08-15 11:42:33.769859+00:00,31.46513598097954
2025-08-15 11:42:34.228964+00:00,31.45998531524674
2025-08-15 11:42:34.362509+00:00,31.45998531524674
2025-08-15 11:42:34.814095+00:00,31.45483464980498
2025-08-15 11:42:35.516323+00:00,31.45998531524674
2025-08-15 11:42:35.841314+00:00,31.449683984654257
2025-08-15 11:42:39.025790+00:00,31.45998531524674
2025-08-15 11:42:40.553839+00:00,31.45998531524674
2025-08-15 11:42:40.790200+00:00,31.45483464980498
2025-08-15 11:42:41.282085+00:00,31.45998531524674
2025-08-15 11:42:43.387533+00:00,31.46513598097954
2025-08-15 11:42:44.339941+00:00,31.480587979924167
2025-08-15 11:42:45.201213+00:00,31.470286647003377
2025-08-15 11:42:46.504763+00:00,31.475437313318253
2025-08-15 11:42:48.448913+00:00,31.48573864682112
2025-08-15 11:42:49.613034+00:00,31.475437313318253
2025-08-15 11:42:52.065075+00:00,31.480587979924167
2025-08-15 11:42:53.136559+00:00,31.475437313318253
2025-08-15 11:42:55.801729+00:00,31.49088931400911
2025-08-15 11:42:56.544895+00:00,31.475437313318253
2025-08-15 11:42:59.197204+00:00,31.475437313318253
2025-08-15 11:42:59.416382+00:00,31.48573864682112
2025-08-15 11:43:00.354191+00:00,31.475437313318253
2025-08-15 11:43:04.203036+00:00,31.470286647003377
2025-08-15 11:43:09.623148+00:00,31.46513598097954
2025-08-15 11:43:10.343972+00:00,31.470286647003377
2025-08-15 11:43:11.516551+00:00,31.475437313318253
2025-08-15 11:43:14.170641+00:00,31.470286647003377
2025-08-15 11:43:17.044334+00:00,31.475437313318253
2025-08-15 11:43:19.462211+00:00,31.475437313318253
2025-08-15 11:43:19.696265+00:00,31.48573864682112
2025-08-15 11:43:19.913290+00:00,31.480587979924167
2025-08-15 11:43:20.327942+00:00,31.475437313318253
2025-08-15 11:43:22.003218+00:00,31.475437313318253
2025-08-15 11:43:23.219410+00:00,31.470286647003377
2025-08-15 11:43:24.259473+00:00,31.46513598097954
2025-08-15 11:43:24.811135+00:00,31.46513598097954
2025-08-15 11:43:25.880047+00:00,31.46513598097954
2025-08-15 11:43:26.339554+00:00,31.45998531524674
2025-08-15 11:43:26.536885+00:00,31.46513598097954
2025-08-15 11:43:26.676572+00:00,31.470286647003377
2025-08-15 11:43:26.861859+00:00,31.480587979924167
2025-08-15 11:43:27.077223+00:00,31.470286647003377
2025-08-15 11:43:27.394440+00:00,31.46513598097954
2025-08-15 11:43:29.828689+00:00,31.480587979924167
2025-08-15 11:43:30.593585+00:00,31.48573864682112
2025-08-15 11:43:32.014884+00:00,31.48573864682112
2025-08-15 11:43:32.901191+00:00,31.480587979924167
2025-08-15 11:43:33.492998+00:00,31.475437313318253
2025-08-15 11:43:34.212775+00:00,31.480587979924167
2025-08-15 11:43:35.380906+00:00,31.475437313318253
2025-08-15 11:43:35.940878+00:00,31.480587979924167
2025-08-15 11:43:38.122304+00:00,31.480587979924167
2025-08-15 11:43:41.981406+00:00,31.470286647003377
2025-08-15 11:43:42.625498+00:00,31.470286647003377
2025-08-15 11:43:46.042023+00:00,31.470286647003377
2025-08-15 11:43:48.933794+00:00,31.470286647003377
2025-08-15 11:43:49.769574+00:00,31.46513598097954
2025-08-15 11:43:51.620709+00:00,31.46513598097954
2025-08-15 11:43:51.919810+00:00,31.45998531524674
2025-08-15 11:43:52.367728+00:00,31.470286647003377
2025-08-15 11:43:52.868259+00:00,31.470286647003377
2025-08-15 11:43:53.479262+00:00,31.45998531524674
2025-08-15 11:43:54.649999+00:00,31.45483464980498
2025-08-15 11:43:54.951321+00:00,31.46513598097954
2025-08-15 11:43:55.895507+00:00,31.46513598097954
2025-08-15 11:43:59.693385+00:00,31.45998531524674
2025-08-15 11:44:00.236545+00:00,31.45483464980498
2025-08-15 11:44:01.415423+00:00,31.45483464980498
2025-08-15 11:44:13.995821+00:00,31.45998531524674
2025-08-15 11:44:16.409402+00:00,31.377574703103164
2025-08-15 11:44:17.030375+00:00,31.38272536417935
2025-08-15 11:44:17.773988+00:00,31.372424042318016
2025-08-15 11:44:20.864952+00:00,31.38272536417935
2025-08-15 11:44:21.227783+00:00,31.393026687204838
2025-08-15 11:44:25.576643+00:00,31.39817734915414
2025-08-15 11:44:27.658593+00:00,31.40332801139448
2025-08-15 11:44:28.636146+00:00,31.40332801139448
2025-08-15 11:44:31.143351+00:00,31.42393066326622
2025-08-15 11:44:31.510288+00:00,31.413629336748272
2025-08-15 11:44:35.043190+00:00,31.418779999861727
2025-08-15 11:44:36.377257+00:00,31.444533319794573
2025-08-15 11:44:38.027311+00:00,31.42908132696175
2025-08-15 11:44:38.452963+00:00,31.43423199094832
2025-08-15 11:44:39.127795+00:00,31.43423199094832
2025-08-15 11:44:39.522546+00:00,31.439382655225927
2025-08-15 11:44:40.811369+00:00,31.42908132696175
2025-08-15 11:44:41.434292+00:00,31.42908132696175
2025-08-15 11:44:42.504452+00:00,31.42908132696175
2025-08-15 11:44:48.775784+00:00,31.418779999861727
2025-08-15 11:44:48.985262+00:00,31.42393066326622
2025-08-15 11:44:49.194360+00:00,31.418779999861727
2025-08-15 11:44:51.902110+00:00,31.42393066326622
2025-08-15 11:44:52.524108+00:00,31.418779999861727
2025-08-15 11:44:52.843996+00:00,31.42393066326622
2025-08-15 11:44:53.793417+00:00,31.42393066326622
2025-08-15 11:44:54.020840+00:00,31.408478673925856
2025-08-15 11:44:54.618741+00:00,31.42393066326622
2025-08-15 11:45:05.460555+00:00,31.42908132696175
2025-08-15 11:45:08.058923+00:00,31.418779999861727
2025-08-15 11:45:08.439958+00:00,31.42393066326622
2025-08-15 11:45:09.200960+00:00,31.42393066326622
2025-08-15 11:45:12.692476+00:00,31.42908132696175
2025-08-15 11:45:14.574391+00:00,31.42393066326622
2025-08-15 11:45:16.057863+00:00,31.408478673925856
2025-08-15 11:45:16.573676+00:00,31.413629336748272
2025-08-15 11:45:17.040054+00:00,31.418779999861727
2025-08-15 11:45:18.180000+00:00,31.413629336748272
2025-08-15 11:45:20.597722+00:00,31.40332801139448
2025-08-15 11:45:21.841161+00:00,31.39817734915414
2025-08-15 11:45:22.925735+00:00,31.40332801139448
2025-08-15 11:45:24.870302+00:00,31.408478673925856
2025-08-15 11:45:37.554448+00:00,31.408478673925856
2025-08-15 11:45:40.013273+00:00,31.38272536417935
2025-08-15 11:45:40.491712+00:00,31.393026687204838
2025-08-15 11:45:41.036689+00:00,31.393026687204838
2025-08-15 11:45:41.498446+00:00,31.393026687204838
2025-08-15 11:45:41.969329+00:00,31.40332801139448
2025-08-15 11:45:42.494805+00:00,31.393026687204838
2025-08-15 11:45:42.916408+00:00,31.393026687204838
2025-08-15 11:45:45.877371+00:00,31.40332801139448
2025-08-15 11:45:48.589769+00:00,31.408478673925856
2025-08-15 11:45:50.075027+00:00,31.42908132696175
2025-08-15 11:45:50.284259+00:00,31.42393066326622
2025-08-15 11:45:53.369383+00:00,31.42908132696175
2025-08-15 11:45:55.981533+00:00,31.444533319794573
2025-08-15 11:45:57.047689+00:00,31.439382655225927
2025-08-15 11:45:57.372791+00:00,31.444533319794573
2025-08-15 11:45:57.681706+00:00,31.444533319794573
2025-08-15 11:45:58.008036+00:00,31.439382655225927
2025-08-15 11:45:58.668375+00:00,31.439382655225927
2025-08-15 11:45:59.034505+00:00,31.439382655225927
2025-08-15 11:46:00.689159+00:00,31.439382655225927
2025-08-15 11:46:02.564747+00:00,31.45483464980498
2025-08-15 11:46:03.105621+00:00,31.449683984654257
2025-08-15 11:46:04.821914+00:00,31.45483464980498
2025-08-15 11:46:05.940251+00:00,31.449683984654257
2025-08-15 11:46:09.431144+00:00,31.45483464980498
2025-08-15 11:46:09.948541+00:00,31.45483464980498
2025-08-15 11:46:10.338801+00:00,31.444533319794573
2025-08-15 11:46:15.277953+00:00,31.45483464980498
2025-08-15 11:46:18.190249+00:00,31.45483464980498
2025-08-15 11:46:19.714311+00:00,31.444533319794573
2025-08-15 11:46:19.973914+00:00,31.449683984654257
2025-08-15 11:46:20.364519+00:00,31.444533319794573
2025-08-15 11:46:20.892806+00:00,31.449683984654257
2025-08-15 11:46:22.413047+00:00,31.42393066326622
2025-08-15 11:46:22.782771+00:00,31.418779999861727
2025-08-15 11:46:25.258809+00:00,31.42393066326622
2025-08-15 11:46:26.130215+00:00,31.42393066326622
2025-08-15 11:46:26.615414+00:00,31.439382655225927
2025-08-15 11:46:26.731661+00:00,31.444533319794573
2025-08-15 11:46:26.982031+00:00,31.43423199094832
2025-08-15 11:46:29.373454+00:00,31.40332801139448
2025-08-15 11:46:31.939351+00:00,31.40332801139448
2025-08-15 11:46:33.224939+00:00,31.39817734915414
2025-08-15 11:46:34.660001+00:00,31.408478673925856
2025-08-15 11:46:35.280127+00:00,31.42393066326622
2025-08-15 11:46:37.954844+00:00,31.42393066326622
2025-08-15 11:46:38.213941+00:00,31.42908132696175
2025-08-15 11:46:39.466566+00:00,31.42393066326622
2025-08-15 11:46:40.009419+00:00,31.42908132696175
2025-08-15 11:46:40.336572+00:00,31.43423199094832
2025-08-15 11:46:40.566808+00:00,31.42908132696175
2025-08-15 11:46:40.867756+00:00,31.444533319794573
2025-08-15 11:46:42.382553+00:00,31.439382655225927
2025-08-15 11:46:42.807593+00:00,31.444533319794573
2025-08-15 11:46:43.100174+00:00,31.449683984654257
2025-08-15 11:46:44.865712+00:00,31.45483464980498
2025-08-15 11:46:48.279433+00:00,31.46513598097954
2025-08-15 11:46:49.247942+00:00,31.475437313318253
2025-08-15 11:46:49.874798+00:00,31.475437313318253
2025-08-15 11:46:50.834719+00:00,31.480587979924167
2025-08-15 11:46:53.145392+00:00,31.480587979924167
2025-08-15 11:46:54.603821+00:00,31.501190649258206
2025-08-15 11:46:56.405690+00:00,31.511491985671455
2025-08-15 11:46:57.095841+00:00,31.516642654314637
2025-08-15 11:46:57.341395+00:00,31.516642654314637
2025-08-15 11:46:57.713405+00:00,31.511491985671455
2025-08-15 11:46:58.106372+00:00,31.516642654314637
2025-08-15 11:46:59.235891+00:00,31.511491985671455
2025-08-15 11:46:59.696210+00:00,31.511491985671455
2025-08-15 11:47:00.680171+00:00,31.521793323248858
2025-08-15 11:47:06.221927+00:00,31.526943992474116
2025-08-15 11:47:07.962111+00:00,31.516642654314637
2025-08-15 11:47:13.515984+00:00,31.516642654314637
2025-08-15 11:47:14.551610+00:00,31.526943992474116
2025-08-15 11:47:17.201999+00:00,31.547546672285534
2025-08-15 11:47:21.312150+00:00,31.547546672285534
2025-08-15 11:47:22.784790+00:00,31.568149356753565
2025-08-15 11:47:25.791773+00:00,31.5629986852
2025-08-15 11:47:26.410835+00:00,31.5629986852
2025-08-15 11:47:27.531426+00:00,31.58875204587821
2025-08-15 11:47:28.658890+00:00,31.57845070073381
2025-08-15 11:47:28.925840+00:00,31.568149356753565
2025-08-15 11:47:29.444327+00:00,31.568149356753565
2025-08-15 11:47:30.202570+00:00,31.57330002859817
2025-08-15 11:47:31.377425+00:00,31.58360137316049
2025-08-15 11:47:33.973239+00:00,31.568149356753565
2025-08-15 11:47:36.153013+00:00,31.57330002859817
2025-08-15 11:47:36.982429+00:00,31.557848013937473
2025-08-15 11:47:38.390068+00:00,31.547546672285534
2025-08-15 11:47:39.253833+00:00,31.547546672285534
2025-08-15 11:47:40.222107+00:00,31.53724533179775
2025-08-15 11:47:42.282871+00:00,31.557848013937473
2025-08-15 11:47:42.778005+00:00,31.557848013937473
2025-08-15 11:47:44.929787+00:00,31.552697342965985
2025-08-15 11:47:47.751110+00:00,31.557848013937473
2025-08-15 11:47:49.611591+00:00,31.552697342965985
2025-08-15 11:47:50.403503+00:00,31.547546672285534
2025-08-15 11:47:50.697031+00:00,31.53724533179775
2025-08-15 11:47:50.936599+00:00,31.542396001896122
2025-08-15 11:47:52.954347+00:00,31.532094661990413
2025-08-15 11:47:53.557344+00:00,31.547546672285534
2025-08-15 11:47:55.688981+00:00,31.552697342965985
2025-08-15 11:47:56.131291+00:00,31.542396001896122
2025-08-15 11:47:56.289815+00:00,31.552697342965985
2025-08-15 11:47:57.114336+00:00,31.557848013937473
2025-08-15 11:48:03.881856+00:00,31.557848013937473
2025-08-15 11:48:05.904328+00:00,31.547546672285534
2025-08-15 11:48:13.520116+00:00,31.552697342965985
2025-08-15 11:48:14.609770+00:00,31.557848013937473
2025-08-15 11:48:15.936694+00:00,31.547546672285534
2025-08-15 11:48:20.940132+00:00,31.542396001896122
2025-08-15 11:48:21.848166+00:00,31.532094661990413
2025-08-15 11:48:22.148185+00:00,31.552697342965985
2025-08-15 11:48:22.557976+00:00,31.542396001896122
2025-08-15 11:48:22.860103+00:00,31.532094661990413
2025-08-15 11:48:23.713224+00:00,31.547546672285534
2025-08-15 11:48:24.473533+00:00,31.53724533179775
2025-08-15 11:48:24.680685+00:00,31.542396001896122
2025-08-15 11:48:24.906777+00:00,31.542396001896122
2025-08-15 11:48:25.273673+00:00,31.53724533179775
2025-08-15 11:48:27.195381+00:00,31.547546672285534
2025-08-15 11:48:27.832673+00:00,31.532094661990413
2025-08-15 11:48:29.227004+00:00,31.532094661990413
2025-08-15 11:48:31.018204+00:00,31.526943992474116
2025-08-15 11:48:33.247145+00:00,31.547546672285534
2025-08-15 11:48:34.986135+00:00,31.53724533179775
2025-08-15 11:48:36.749918+00:00,31.542396001896122
2025-08-15 11:48:37.184396+00:00,31.53724533179775
2025-08-15 11:48:39.588664+00:00,31.532094661990413
2025-08-15 11:48:40.663409+00:00,31.526943992474116
2025-08-15 11:48:41.105101+00:00,31.516642654314637
2025-08-15 11:48:41.952982+00:00,31.526943992474116
2025-08-15 11:48:42.262096+00:00,31.526943992474116
2025-08-15 11:48:42.470862+00:00,31.501190649258206
2025-08-15 11:48:43.161074+00:00,31.511491985671455
2025-08-15 11:48:43.592426+00:00,31.521793323248858
2025-08-15 11:48:43.989448+00:00,31.511491985671455
2025-08-15 11:48:44.325557+00:00,31.516642654314637
2025-08-15 11:48:46.538772+00:00,31.516642654314637
2025-08-15 11:48:46.933010+00:00,31.50634131731931
2025-08-15 11:48:50.148012+00:00,31.511491985671455
2025-08-15 11:48:50.702065+00:00,31.50634131731931
2025-08-15 11:48:51.523632+00:00,31.48573864682112
2025-08-15 11:48:52.855500+00:00,31.49603998148814
2025-08-15 11:48:53.028466+00:00,31.49603998148814
2025-08-15 11:48:54.498156+00:00,31.49088931400911
2025-08-15 11:48:56.736140+00:00,31.49088931400911
2025-08-15 11:48:57.405435+00:00,31.49088931400911
2025-08-15 11:48:57.714762+00:00,31.49603998148814
2025-08-15 11:48:57.931240+00:00,31.48573864682112
2025-08-15 11:48:58.284329+00:00,31.501190649258206
2025-08-15 11:48:58.986185+00:00,31.49603998148814
2025-08-15 11:49:01.733361+00:00,31.501190649258206
2025-08-15 11:49:02.093234+00:00,31.50634131731931
2025-08-15 11:49:02.445815+00:00,31.49603998148814
2025-08-15 11:49:05.559590+00:00,31.516642654314637
2025-08-15 11:49:09.080078+00:00,31.516642654314637
2025-08-15 11:49:10.317459+00:00,31.516642654314637
2025-08-15 11:49:11.348073+00:00,31.526943992474116
2025-08-15 11:49:15.601775+00:00,31.521793323248858
2025-08-15 11:49:17.409540+00:00,31.526943992474116
2025-08-15 11:49:19.071243+00:00,31.547546672285534
2025-08-15 11:49:19.440003+00:00,31.547546672285534
2025-08-15 11:49:19.958512+00:00,31.552697342965985
2025-08-15 11:49:20.737060+00:00,31.547546672285534
2025-08-15 11:49:21.234058+00:00,31.552697342965985
2025-08-15 11:49:22.303885+00:00,31.547546672285534
2025-08-15 11:49:23.988139+00:00,31.568149356753565
2025-08-15 11:49:24.536651+00:00,31.57845070073381
2025-08-15 11:49:27.077307+00:00,31.58360137316049
2025-08-15 11:49:28.006894+00:00,31.568149356753565
2025-08-15 11:49:28.656627+00:00,31.5629986852
2025-08-15 11:49:28.925003+00:00,31.557848013937473
2025-08-15 11:49:30.853334+00:00,31.568149356753565
2025-08-15 11:49:31.328947+00:00,31.57330002859817
2025-08-15 11:49:31.789916+00:00,31.5629986852
2025-08-15 11:49:34.530027+00:00,31.557848013937473
2025-08-15 11:49:35.222251+00:00,31.568149356753565
2025-08-15 11:49:36.988510+00:00,31.57330002859817
2025-08-15 11:49:37.263057+00:00,31.58360137316049
2025-08-15 11:49:38.357858+00:00,31.593902718886966
2025-08-15 11:49:38.632436+00:00,31.58360137316049
2025-08-15 11:49:39.877654+00:00,31.59905339218676
2025-08-15 11:49:40.828452+00:00,31.58875204587821
2025-08-15 11:49:42.797144+00:00,31.593902718886966
2025-08-15 11:49:45.000403+00:00,31.614505413832376
2025-08-15 11:49:45.482851+00:00,31.614505413832376
2025-08-15 11:49:48.419888+00:00,31.614505413832376
2025-08-15 11:49:49.864583+00:00,31.614505413832376
2025-08-15 11:49:53.883842+00:00,31.59905339218676
2025-08-15 11:49:54.103868+00:00,31.59905339218676
2025-08-15 11:49:54.494884+00:00,31.59905339218676
2025-08-15 11:49:56.029458+00:00,31.57330002859817
2025-08-15 11:49:56.331562+00:00,31.58360137316049
2025-08-15 11:49:56.581704+00:00,31.58360137316049
2025-08-15 11:49:58.638357+00:00,31.57330002859817
2025-08-15 11:49:58.938119+00:00,31.57330002859817
2025-08-15 11:49:59.162928+00:00,31.57330002859817
2025-08-15 11:49:59.648909+00:00,31.557848013937473
2025-08-15 11:49:59.849172+00:00,31.57845070073381
2025-08-15 11:50:02.974781+00:00,31.5629986852
2025-08-15 11:50:07.027692+00:00,31.557848013937473
2025-08-15 11:50:08.841970+00:00,31.552697342965985
2025-08-15 11:50:09.398583+00:00,31.547546672285534
2025-08-15 11:50:11.617922+00:00,31.542396001896122
2025-08-15 11:50:14.800047+00:00,31.50634131731931
2025-08-15 11:50:15.416126+00:00,31.50634131731931
2025-08-15 11:50:22.400638+00:00,31.511491985671455
2025-08-15 11:50:24.793385+00:00,31.50634131731931
2025-08-15 11:50:26.264784+00:00,31.516642654314637
2025-08-15 11:50:26.731324+00:00,31.521793323248858
2025-08-15 11:50:28.559283+00:00,31.516642654314637
2025-08-15 11:50:33.215216+00:00,31.532094661990413
2025-08-15 11:50:33.728489+00:00,31.542396001896122
2025-08-15 11:50:34.631862+00:00,31.53724533179775
2025-08-15 11:50:39.109056+00:00,31.521793323248858
2025-08-15 11:50:42.661951+00:00,31.511491985671455
2025-08-15 11:50:48.895327+00:00,31.49603998148814
2025-08-15 11:50:49.584020+00:00,31.49088931400911
2025-08-15 11:50:50.050583+00:00,31.49088931400911
2025-08-15 11:50:50.534792+00:00,31.49603998148814
2025-08-15 11:50:52.161099+00:00,31.48573864682112
2025-08-15 11:50:52.435516+00:00,31.49088931400911
2025-08-15 11:50:52.837063+00:00,31.49603998148814
2025-08-15 11:50:53.586061+00:00,31.48573864682112
2025-08-15 11:50:56.928735+00:00,31.49603998148814
2025-08-15 11:50:57.506454+00:00,31.49088931400911
2025-08-15 11:50:58.853208+00:00,31.49088931400911
2025-08-15 11:51:03.298099+00:00,31.49603998148814
2025-08-15 11:51:04.779869+00:00,31.475437313318253
2025-08-15 11:51:11.839676+00:00,31.49088931400911
2025-08-15 11:51:14.491764+00:00,31.50634131731931
2025-08-15 11:51:15.501545+00:00,31.50634131731931
2025-08-15 11:51:17.661825+00:00,31.50634131731931
2025-08-15 11:51:19.694831+00:00,31.50634131731931
2025-08-15 11:51:22.928802+00:00,31.501190649258206
2025-08-15 11:51:23.257716+00:00,31.511491985671455
2025-08-15 11:51:23.552185+00:00,31.50634131731931
2025-08-15 11:51:24.795091+00:00,31.49603998148814
2025-08-15 11:51:25.005287+00:00,31.49603998148814
2025-08-15 11:51:25.211487+00:00,31.50634131731931
2025-08-15 11:51:25.455598+00:00,31.501190649258206
2025-08-15 11:51:27.001914+00:00,31.511491985671455
2025-08-15 11:51:27.646018+00:00,31.49088931400911
2025-08-15 11:51:31.423192+00:00,31.50634131731931
2025-08-15 11:51:32.821793+00:00,31.48573864682112
2025-08-15 11:51:33.520926+00:00,31.49603998148814
2025-08-15 11:51:33.853857+00:00,31.49603998148814
2025-08-15 11:51:34.111090+00:00,31.49603998148814
2025-08-15 11:51:34.464585+00:00,31.50634131731931
2025-08-15 11:51:34.698723+00:00,31.50634131731931
2025-08-15 11:51:34.939092+00:00,31.511491985671455
2025-08-15 11:51:35.382493+00:00,31.511491985671455
2025-08-15 11:51:37.513260+00:00,31.501190649258206
2025-08-15 11:51:37.777444+00:00,31.511491985671455
2025-08-15 11:51:38.082387+00:00,31.50634131731931
2025-08-15 11:51:38.742234+00:00,31.511491985671455
2025-08-15 11:51:38.936392+00:00,31.521793323248858
2025-08-15 11:51:39.376914+00:00,31.516642654314637
2025-08-15 11:51:39.710560+00:00,31.526943992474116
2025-08-15 11:51:40.169629+00:00,31.526943992474116
2025-08-15 11:51:43.594468+00:00,31.521793323248858
2025-08-15 11:51:43.847231+00:00,31.526943992474116
2025-08-15 11:51:44.119131+00:00,31.526943992474116
2025-08-15 11:51:44.967515+00:00,31.53724533179775
2025-08-15 11:51:48.793290+00:00,31.542396001896122
2025-08-15 11:51:49.512699+00:00,31.532094661990413
2025-08-15 11:51:50.373333+00:00,31.53724533179775
2025-08-15 11:51:52.587924+00:00,31.542396001896122
2025-08-15 11:51:53.206151+00:00,31.552697342965985
2025-08-15 11:51:54.558723+00:00,31.568149356753565
2025-08-15 11:51:55.235185+00:00,31.57845070073381
2025-08-15 11:51:57.607972+00:00,31.568149356753565
2025-08-15 11:51:58.384586+00:00,31.58360137316049
2025-08-15 11:51:58.805459+00:00,31.57845070073381
2025-08-15 11:51:59.511591+00:00,31.58875204587821
2025-08-15 11:51:59.779721+00:00,31.57330002859817
2025-08-15 11:52:01.350518+00:00,31.58360137316049
2025-08-15 11:52:01.895727+00:00,31.58875204587821
2025-08-15 11:52:03.031513+00:00,31.59905339218676
2025-08-15 11:52:07.867909+00:00,31.604204065777594
2025-08-15 11:52:10.228326+00:00,31.604204065777594
2025-08-15 11:52:11.612332+00:00,31.59905339218676
2025-08-15 11:52:13.850056+00:00,31.609354739659466
2025-08-15 11:52:16.163151+00:00,31.58360137316049
2025-08-15 11:52:17.230077+00:00,31.58360137316049
2025-08-15 11:52:18.128435+00:00,31.593902718886966
2025-08-15 11:52:18.533962+00:00,31.58875204587821
2025-08-15 11:52:21.244239+00:00,31.58875204587821
2025-08-15 11:52:25.960575+00:00,31.58875204587821
2025-08-15 11:52:26.310134+00:00,31.57845070073381
2025-08-15 11:52:26.554583+00:00,31.57845070073381
2025-08-15 11:52:28.008495+00:00,31.58360137316049
2025-08-15 11:52:29.576846+00:00,31.58360137316049
2025-08-15 11:52:30.062683+00:00,31.568149356753565
2025-08-15 11:52:30.832562+00:00,31.57845070073381
2025-08-15 11:52:33.403781+00:00,31.568149356753565
2025-08-15 11:52:34.500793+00:00,31.58875204587821
2025-08-15 11:52:36.152442+00:00,31.568149356753565
2025-08-15 11:52:36.839152+00:00,31.57330002859817
2025-08-15 11:52:37.716865+00:00,31.57845070073381
2025-08-15 11:52:37.975986+00:00,31.5629986852
2025-08-15 11:52:39.880494+00:00,31.547546672285534
2025-08-15 11:52:40.493245+00:00,31.568149356753565
2025-08-15 11:52:41.994178+00:00,31.568149356753565
2025-08-15 11:52:44.000999+00:00,31.568149356753565
2025-08-15 11:52:46.755838+00:00,31.568149356753565
2025-08-15 11:52:48.774952+00:00,31.57330002859817
2025-08-15 11:52:52.143186+00:00,31.57330002859817
2025-08-15 11:52:52.368803+00:00,31.568149356753565
2025-08-15 11:52:54.610489+00:00,31.568149356753565
2025-08-15 11:52:56.250251+00:00,31.58360137316049
2025-08-15 11:52:57.293852+00:00,31.57330002859817
2025-08-15 11:53:02.667126+00:00,31.568149356753565
2025-08-15 11:53:07.744743+00:00,31.57330002859817
2025-08-15 11:53:08.894896+00:00,31.57845070073381
2025-08-15 11:53:09.960486+00:00,31.58360137316049
2025-08-15 11:53:10.402959+00:00,31.57330002859817
2025-08-15 11:53:11.437208+00:00,31.568149356753565
2025-08-15 11:53:12.652197+00:00,31.57330002859817
2025-08-15 11:53:12.853419+00:00,31.57330002859817
2025-08-15 11:53:13.572339+00:00,31.57330002859817
2025-08-15 11:53:16.430086+00:00,31.58360137316049
2025-08-15 11:53:16.843800+00:00,31.57330002859817
2025-08-15 11:53:18.767650+00:00,31.58360137316049
2025-08-15 11:53:20.266808+00:00,31.593902718886966
2025-08-15 11:53:21.590796+00:00,31.629957438097335
2025-08-15 11:53:21.901250+00:00,31.58875204587821
2025-08-15 11:53:23.991697+00:00,31.59905339218676
2025-08-15 11:53:24.629237+00:00,31.604204065777594
2025-08-15 11:53:27.246225+00:00,31.59905339218676
2025-08-15 11:53:27.528971+00:00,31.609354739659466
2025-08-15 11:53:27.970313+00:00,31.609354739659466
2025-08-15 11:53:28.751539+00:00,31.609354739659466
2025-08-15 11:53:31.036841+00:00,31.609354739659466
2025-08-15 11:53:31.470064+00:00,31.609354739659466
2025-08-15 11:53:31.861586+00:00,31.619656088296324
2025-08-15 11:53:32.345250+00:00,31.614505413832376
2025-08-15 11:53:32.701259+00:00,31.619656088296324
2025-08-15 11:53:33.052966+00:00,31.609354739659466
2025-08-15 11:53:33.845948+00:00,31.619656088296324
2025-08-15 11:53:34.613801+00:00,31.609354739659466
2025-08-15 11:53:35.198089+00:00,31.614505413832376
2025-08-15 11:53:36.667152+00:00,31.619656088296324
2025-08-15 11:53:37.621232+00:00,31.619656088296324
2025-08-15 11:53:39.309569+00:00,31.619656088296324
2025-08-15 11:53:40.647406+00:00,31.666012171568582
2025-08-15 11:53:41.258114+00:00,31.66086149448529
2025-08-15 11:53:43.730322+00:00,31.6402587890625
2025-08-15 11:53:47.132569+00:00,31.6402587890625
2025-08-15 11:53:48.926928+00:00,31.6351081134344
2025-08-15 11:53:49.767028+00:00,31.6351081134344
2025-08-15 11:53:51.250892+00:00,31.62480676305131
2025-08-15 11:53:52.802797+00:00,31.614505413832376
2025-08-15 11:53:53.430135+00:00,31.619656088296324
2025-08-15 11:53:54.339888+00:00,31.609354739659466
2025-08-15 11:53:55.341236+00:00,31.609354739659466
2025-08-15 11:53:56.163539+00:00,31.619656088296324
2025-08-15 11:53:57.674754+00:00,31.59905339218676
2025-08-15 11:54:00.418553+00:00,31.604204065777594
2025-08-15 11:54:03.251044+00:00,31.593902718886966
2025-08-15 11:54:03.585637+00:00,31.58875204587821
2025-08-15 11:54:03.859143+00:00,31.58360137316049
2025-08-15 11:54:04.168574+00:00,31.57845070073381
2025-08-15 11:54:04.503342+00:00,31.58360137316049
2025-08-15 11:54:04.869913+00:00,31.58360137316049
2025-08-15 11:54:05.221042+00:00,31.58360137316049
2025-08-15 11:54:07.550679+00:00,31.57330002859817
2025-08-15 11:54:08.011267+00:00,31.57330002859817
2025-08-15 11:54:11.709209+00:00,31.552697342965985
2025-08-15 11:54:12.152224+00:00,31.57330002859817
2025-08-15 11:54:12.447151+00:00,31.57845070073381
2025-08-15 11:54:13.014493+00:00,31.568149356753565
2025-08-15 11:54:16.636851+00:00,31.5629986852
2025-08-15 11:54:17.091880+00:00,31.557848013937473
2025-08-15 11:54:20.757884+00:00,31.5629986852
2025-08-15 11:54:22.488835+00:00,31.552697342965985
2025-08-15 11:54:22.770844+00:00,31.5629986852
2025-08-15 11:54:23.232963+00:00,31.552697342965985
2025-08-15 11:54:23.749550+00:00,31.557848013937473
2025-08-15 11:54:24.058741+00:00,31.5629986852
2025-08-15 11:54:25.630507+00:00,31.568149356753565
2025-08-15 11:54:29.940131+00:00,31.57845070073381
2025-08-15 11:54:32.175157+00:00,31.57845070073381
2025-08-15 11:54:33.679347+00:00,31.57845070073381
2025-08-15 11:54:35.208359+00:00,31.57330002859817
2025-08-15 11:54:35.523809+00:00,31.57845070073381
2025-08-15 11:54:36.936859+00:00,31.58360137316049
2025-08-15 11:54:37.170435+00:00,31.57845070073381
2025-08-15 11:54:37.415971+00:00,31.57330002859817
2025-08-15 11:54:46.491441+00:00,31.57845070073381
2025-08-15 11:54:49.988389+00:00,31.557848013937473
2025-08-15 11:54:50.806565+00:00,31.53724533179775
2025-08-15 11:54:52.261470+00:00,31.526943992474116
2025-08-15 11:54:52.512471+00:00,31.532094661990413
2025-08-15 11:54:52.804790+00:00,31.526943992474116
2025-08-15 11:54:53.158064+00:00,31.532094661990413
2025-08-15 11:54:53.404880+00:00,31.53724533179775
2025-08-15 11:54:53.731803+00:00,31.532094661990413
2025-08-15 11:54:53.989273+00:00,31.542396001896122
2025-08-15 11:54:55.351974+00:00,31.521793323248858
2025-08-15 11:54:56.122750+00:00,31.516642654314637
2025-08-15 11:54:56.347996+00:00,31.526943992474116
2025-08-15 11:54:58.677844+00:00,31.511491985671455
2025-08-15 11:54:59.199715+00:00,31.511491985671455
2025-08-15 11:55:06.155757+00:00,31.50634131731931
2025-08-15 11:55:07.208498+00:00,31.50634131731931
2025-08-15 11:55:07.683685+00:00,31.50634131731931
2025-08-15 11:55:08.009797+00:00,31.49603998148814
2025-08-15 11:55:09.118396+00:00,31.49603998148814
2025-08-15 11:55:09.822978+00:00,31.49088931400911
2025-08-15 11:55:11.026590+00:00,31.49603998148814
2025-08-15 11:55:11.776770+00:00,31.501190649258206
2025-08-15 11:55:14.399200+00:00,31.49603998148814
2025-08-15 11:55:15.026271+00:00,31.501190649258206
2025-08-15 11:55:15.476436+00:00,31.49603998148814
2025-08-15 11:55:18.645414+00:00,31.516642654314637
2025-08-15 11:55:19.676403+00:00,31.50634131731931
2025-08-15 11:55:23.726396+00:00,31.49603998148814
2025-08-15 11:55:27.313067+00:00,31.480587979924167
2025-08-15 11:55:29.565887+00:00,31.480587979924167
2025-08-15 11:55:30.021259+00:00,31.49088931400911
2025-08-15 11:55:30.834191+00:00,31.480587979924167
2025-08-15 11:55:34.250428+00:00,31.475437313318253
2025-08-15 11:55:37.942104+00:00,31.48573864682112
2025-08-15 11:55:38.774120+00:00,31.46513598097954
2025-08-15 11:55:39.510075+00:00,31.475437313318253
2025-08-15 11:55:40.339198+00:00,31.475437313318253
2025-08-15 11:55:41.326531+00:00,31.470286647003377
2025-08-15 11:55:41.658198+00:00,31.46513598097954
2025-08-15 11:55:42.566196+00:00,31.46513598097954
2025-08-15 11:55:43.500450+00:00,31.46513598097954
2025-08-15 11:55:43.843360+00:00,31.45483464980498
2025-08-15 11:55:44.084758+00:00,31.46513598097954
2025-08-15 11:55:45.872266+00:00,31.45483464980498
2025-08-15 11:55:49.379918+00:00,31.45483464980498
2025-08-15 11:55:49.698877+00:00,31.45483464980498
2025-08-15 11:55:49.914243+00:00,31.46513598097954
2025-08-15 11:55:50.100713+00:00,31.45998531524674
2025-08-15 11:55:50.508787+00:00,31.46513598097954
2025-08-15 11:55:52.783203+00:00,31.45483464980498
2025-08-15 11:55:53.015162+00:00,31.45998531524674
2025-08-15 11:55:53.209143+00:00,31.46513598097954
2025-08-15 11:55:53.441323+00:00,31.46513598097954
2025-08-15 11:55:55.821543+00:00,31.45998531524674
2025-08-15 11:55:56.522832+00:00,31.45998531524674
2025-08-15 11:55:57.002844+00:00,31.45998531524674
2025-08-15 11:55:57.318428+00:00,31.449683984654257
2025-08-15 11:55:57.653317+00:00,31.45998531524674
2025-08-15 11:55:58.790248+00:00,31.45483464980498
2025-08-15 11:56:00.017150+00:00,31.45483464980498
2025-08-15 11:56:03.050012+00:00,31.45483464980498
2025-08-15 11:56:04.549440+00:00,31.449683984654257
2025-08-15 11:56:05.124199+00:00,31.45483464980498
2025-08-15 11:56:05.583050+00:00,31.449683984654257
2025-08-15 11:56:10.226903+00:00,31.444533319794573
2025-08-15 11:56:12.330538+00:00,31.43423199094832
2025-08-15 11:56:13.473218+00:00,31.439382655225927
2025-08-15 11:56:13.688518+00:00,31.45483464980498
2025-08-15 11:56:14.078839+00:00,31.444533319794573
2025-08-15 11:56:16.066361+00:00,31.449683984654257
2025-08-15 11:56:18.521687+00:00,31.449683984654257
2025-08-15 11:56:20.904219+00:00,31.43423199094832
2025-08-15 11:56:23.603940+00:00,31.439382655225927
2025-08-15 11:56:24.615365+00:00,31.43423199094832
2025-08-15 11:56:25.049700+00:00,31.43423199094832
2025-08-15 11:56:25.550842+00:00,31.439382655225927
2025-08-15 11:56:26.904861+00:00,31.444533319794573
2025-08-15 11:56:27.156510+00:00,31.439382655225927
2025-08-15 11:56:27.480681+00:00,31.444533319794573
2025-08-15 11:56:27.757333+00:00,31.444533319794573
2025-08-15 11:56:28.032272+00:00,31.444533319794573
2025-08-15 11:56:28.240517+00:00,31.46513598097954
2025-08-15 11:56:28.592068+00:00,31.449683984654257
2025-08-15 11:56:28.827540+00:00,31.45483464980498
2025-08-15 11:56:29.092827+00:00,31.470286647003377
2025-08-15 11:56:29.598358+00:00,31.449683984654257
2025-08-15 11:56:32.126217+00:00,31.45483464980498
2025-08-15 11:56:33.507996+00:00,31.43423199094832
2025-08-15 11:56:35.488087+00:00,31.439382655225927
2025-08-15 11:56:36.733417+00:00,31.43423199094832
2025-08-15 11:56:37.441501+00:00,31.449683984654257
2025-08-15 11:56:37.680923+00:00,31.45483464980498
2025-08-15 11:56:40.633778+00:00,31.449683984654257
2025-08-15 11:56:41.507636+00:00,31.444533319794573
2025-08-15 11:56:45.548895+00:00,31.449683984654257
2025-08-15 11:56:46.288351+00:00,31.449683984654257
2025-08-15 11:56:47.348484+00:00,31.444533319794573
2025-08-15 11:56:47.707927+00:00,31.45998531524674
2025-08-15 11:56:48.233675+00:00,31.45483464980498
2025-08-15 11:56:48.737965+00:00,31.470286647003377
2025-08-15 11:56:49.047248+00:00,31.45483464980498
2025-08-15 11:56:52.568379+00:00,31.46513598097954
2025-08-15 11:56:54.029979+00:00,31.45483464980498
2025-08-15 11:56:54.454203+00:00,31.45998531524674
2025-08-15 11:56:54.656945+00:00,31.46513598097954
2025-08-15 11:56:54.987430+00:00,31.46513598097954
2025-08-15 11:56:55.659978+00:00,31.46513598097954
2025-08-15 11:56:56.247215+00:00,31.46513598097954
2025-08-15 11:56:57.095470+00:00,31.475437313318253
2025-08-15 11:56:57.821432+00:00,31.46513598097954
2025-08-15 11:56:58.112302+00:00,31.46513598097954
2025-08-15 11:56:58.375398+00:00,31.46513598097954
2025-08-15 11:57:00.614048+00:00,31.46513598097954
2025-08-15 11:57:02.507750+00:00,31.475437313318253
2025-08-15 11:57:02.947428+00:00,31.46513598097954
2025-08-15 11:57:04.380350+00:00,31.475437313318253
2025-08-15 11:57:05.676922+00:00,31.48573864682112
2025-08-15 11:57:08.901204+00:00,31.49603998148814
2025-08-15 11:57:12.810584+00:00,31.50634131731931
2025-08-15 11:57:13.104035+00:00,31.50634131731931
2025-08-15 11:57:13.336466+00:00,31.50634131731931
2025-08-15 11:57:13.613952+00:00,31.516642654314637
2025-08-15 11:57:13.829985+00:00,31.516642654314637
2025-08-15 11:57:18.269080+00:00,31.521793323248858
2025-08-15 11:57:18.620307+00:00,31.526943992474116
2025-08-15 11:57:18.846137+00:00,31.53724533179775
2025-08-15 11:57:19.111676+00:00,31.53724533179775
2025-08-15 11:57:19.378701+00:00,31.532094661990413
2025-08-15 11:57:19.753814+00:00,31.532094661990413
2025-08-15 11:57:20.337991+00:00,31.53724533179775
2025-08-15 11:57:20.657560+00:00,31.53724533179775
2025-08-15 11:57:20.856715+00:00,31.532094661990413
2025-08-15 11:57:21.058296+00:00,31.526943992474116
2025-08-15 11:57:21.298903+00:00,31.53724533179775
2025-08-15 11:57:22.744937+00:00,31.547546672285534
2025-08-15 11:57:25.979525+00:00,31.521793323248858
2025-08-15 11:57:27.911276+00:00,31.521793323248858
2025-08-15 11:57:28.729198+00:00,31.532094661990413
2025-08-15 11:57:29.138257+00:00,31.526943992474116
2025-08-15 11:57:30.100506+00:00,31.532094661990413
2025-08-15 11:57:33.297316+00:00,31.516642654314637
2025-08-15 11:57:34.465379+00:00,31.516642654314637
2025-08-15 11:57:37.353804+00:00,31.511491985671455
2025-08-15 11:57:38.536479+00:00,31.50634131731931
2025-08-15 11:57:40.145966+00:00,31.50634131731931
2025-08-15 11:57:40.815042+00:00,31.501190649258206
2025-08-15 11:57:41.762696+00:00,31.50634131731931
2025-08-15 11:57:41.986738+00:00,31.516642654314637
2025-08-15 11:57:42.639766+00:00,31.50634131731931
2025-08-15 11:57:42.971177+00:00,31.50634131731931
2025-08-15 11:57:44.259921+00:00,31.516642654314637
2025-08-15 11:57:45.471159+00:00,31.50634131731931
2025-08-15 11:57:46.556017+00:00,31.516642654314637
2025-08-15 11:57:48.969145+00:00,31.516642654314637
2025-08-15 11:57:49.953727+00:00,31.511491985671455
2025-08-15 11:57:51.391572+00:00,31.50634131731931
2025-08-15 11:57:57.023711+00:00,31.516642654314637
2025-08-15 11:57:57.374652+00:00,31.49088931400911
2025-08-15 11:57:57.791535+00:00,31.521793323248858
2025-08-15 11:57:59.885736+00:00,31.521793323248858
2025-08-15 11:58:00.572204+00:00,31.526943992474116
2025-08-15 11:58:01.460053+00:00,31.521793323248858
2025-08-15 11:58:06.624653+00:00,31.532094661990413
2025-08-15 11:58:08.579575+00:00,31.511491985671455
2025-08-15 11:58:09.047245+00:00,31.526943992474116
2025-08-15 11:58:10.265441+00:00,31.511491985671455
2025-08-15 11:58:10.690645+00:00,31.516642654314637
2025-08-15 11:58:11.211732+00:00,31.516642654314637
2025-08-15 11:58:11.804133+00:00,31.501190649258206
2025-08-15 11:58:16.268891+00:00,31.50634131731931
2025-08-15 11:58:17.050918+00:00,31.501190649258206
2025-08-15 11:58:18.077743+00:00,31.50634131731931
2025-08-15 11:58:18.976553+00:00,31.50634131731931
2025-08-15 11:58:20.854297+00:00,31.50634131731931
2025-08-15 11:58:21.661940+00:00,31.501190649258206
2025-08-15 11:58:21.886561+00:00,31.49603998148814
2025-08-15 11:58:22.127362+00:00,31.49603998148814
2025-08-15 11:58:22.369905+00:00,31.480587979924167
2025-08-15 11:58:22.954445+00:00,31.50634131731931
2025-08-15 11:58:24.751643+00:00,31.50634131731931
2025-08-15 11:58:25.436047+00:00,31.49603998148814
2025-08-15 11:58:27.385534+00:00,31.48573864682112
2025-08-15 11:58:28.288241+00:00,31.49088931400911
2025-08-15 11:58:29.575806+00:00,31.480587979924167
2025-08-15 11:58:31.111177+00:00,31.50634131731931
2025-08-15 11:58:32.483504+00:00,31.48573864682112
2025-08-15 11:58:36.594815+00:00,31.48573864682112
2025-08-15 11:58:41.209693+00:00,31.49088931400911
2025-08-15 11:58:41.761078+00:00,31.480587979924167
2025-08-15 11:58:42.663311+00:00,31.50634131731931
2025-08-15 11:58:43.256143+00:00,31.49603998148814
2025-08-15 11:58:43.491838+00:00,31.50634131731931
2025-08-15 11:58:43.758187+00:00,31.50634131731931
2025-08-15 11:58:44.544515+00:00,31.49603998148814
2025-08-15 11:58:47.206121+00:00,31.501190649258206
2025-08-15 11:58:48.577932+00:00,31.50634131731931
2025-08-15 11:58:51.019525+00:00,31.49603998148814
2025-08-15 11:58:54.769760+00:00,31.475437313318253
2025-08-15 11:58:55.247696+00:00,31.475437313318253
2025-08-15 11:58:56.993176+00:00,31.475437313318253
2025-08-15 11:58:58.760126+00:00,31.470286647003377
2025-08-15 11:58:59.970086+00:00,31.475437313318253
2025-08-15 11:59:03.654536+00:00,31.46513598097954
2025-08-15 11:59:04.417245+00:00,31.46513598097954
2025-08-15 11:59:09.189475+00:00,31.48573864682112
2025-08-15 11:59:09.560752+00:00,31.49603998148814
2025-08-15 11:59:11.718211+00:00,31.48573864682112
2025-08-15 11:59:14.010753+00:00,31.48573864682112
2025-08-15 11:59:14.765084+00:00,31.48573864682112
2025-08-15 11:59:16.060761+00:00,31.49603998148814
2025-08-15 11:59:16.576040+00:00,31.49088931400911
2025-08-15 11:59:19.910353+00:00,31.48573864682112
2025-08-15 11:59:21.754040+00:00,31.49603998148814
2025-08-15 11:59:23.528483+00:00,31.48573864682112
2025-08-15 11:59:26.485093+00:00,31.48573864682112
2025-08-15 11:59:26.628392+00:00,31.48573864682112
2025-08-15 11:59:26.999939+00:00,31.49603998148814
2025-08-15 11:59:27.263045+00:00,31.49088931400911
2025-08-15 11:59:28.968522+00:00,31.48573864682112
2025-08-15 11:59:29.385710+00:00,31.48573864682112
2025-08-15 11:59:30.869517+00:00,31.49088931400911
2025-08-15 11:59:31.259512+00:00,31.475437313318253
2025-08-15 11:59:32.402324+00:00,31.48573864682112
2025-08-15 11:59:33.099161+00:00,31.48573864682112
2025-08-15 11:59:33.968545+00:00,31.49088931400911
2025-08-15 11:59:36.764662+00:00,31.49088931400911
2025-08-15 11:59:42.185228+00:00,31.48573864682112
2025-08-15 11:59:42.451696+00:00,31.49603998148814
2025-08-15 11:59:42.725331+00:00,31.511491985671455
2025-08-15 11:59:42.968445+00:00,31.49603998148814
2025-08-15 11:59:43.144076+00:00,31.501190649258206
2025-08-15 11:59:44.998929+00:00,31.516642654314637
2025-08-15 11:59:47.020155+00:00,31.48573864682112
2025-08-15 11:59:50.401982+00:00,31.49603998148814
2025-08-15 11:59:51.683343+00:00,31.49088931400911
2025-08-15 11:59:52.367711+00:00,31.49088931400911
2025-08-15 11:59:53.330217+00:00,31.49088931400911
2025-08-15 11:59:53.655643+00:00,31.49603998148814
2025-08-15 11:59:54.049402+00:00,31.48573864682112
2025-08-15 11:59:55.879752+00:00,31.48573864682112
2025-08-15 11:59:56.641760+00:00,31.49088931400911
2025-08-15 11:59:58.117156+00:00,31.501190649258206
2025-08-15 11:59:58.763514+00:00,31.49088931400911
2025-08-15 11:59:59.983965+00:00,31.49603998148814
2025-08-15 12:00:02.518107+00:00,31.48573864682112
2025-08-15 12:00:05.042472+00:00,31.516642654314637
2025-08-15 12:00:09.305495+00:00,31.511491985671455
2025-08-15 12:00:10.167033+00:00,31.521793323248858
2025-08-15 12:00:14.641438+00:00,31.511491985671455
2025-08-15 12:00:17.973690+00:00,31.516642654314637
2025-08-15 12:00:21.235047+00:00,31.521793323248858
2025-08-15 12:00:21.993556+00:00,31.516642654314637
2025-08-15 12:00:26.209679+00:00,31.526943992474116
2025-08-15 12:00:26.692959+00:00,31.526943992474116
2025-08-15 12:00:27.064581+00:00,31.53724533179775
2025-08-15 12:00:27.435546+00:00,31.547546672285534
2025-08-15 12:00:27.758023+00:00,31.532094661990413
2025-08-15 12:00:28.282656+00:00,31.526943992474116
2025-08-15 12:00:28.733500+00:00,31.542396001896122
2025-08-15 12:00:31.549168+00:00,31.547546672285534
2025-08-15 12:00:35.683217+00:00,31.547546672285534
2025-08-15 12:00:36.934480+00:00,31.57330002859817
2025-08-15 12:00:41.932968+00:00,31.57330002859817
2025-08-15 12:00:46.804303+00:00,31.5629986852
2025-08-15 12:00:49.054270+00:00,31.58360137316049
2025-08-15 12:00:49.717398+00:00,31.59905339218676
2025-08-15 12:00:49.996636+00:00,31.59905339218676
2025-08-15 12:00:50.242117+00:00,31.57845070073381
2025-08-15 12:00:51.784175+00:00,31.57845070073381
2025-08-15 12:00:53.616686+00:00,31.568149356753565
2025-08-15 12:00:54.308858+00:00,31.58875204587821
2025-08-15 12:00:54.525057+00:00,31.58875204587821
2025-08-15 12:00:55.338110+00:00,31.57845070073381
2025-08-15 12:00:55.958755+00:00,31.58360137316049
2025-08-15 12:00:56.750259+00:00,31.58875204587821
2025-08-15 12:00:57.920534+00:00,31.57330002859817
2025-08-15 12:00:59.759701+00:00,31.58875204587821
2025-08-15 12:00:59.915394+00:00,31.58875204587821
2025-08-15 12:01:03.120212+00:00,31.58360137316049
2025-08-15 12:01:06.008014+00:00,31.58875204587821
2025-08-15 12:01:09.301721+00:00,31.58360137316049
2025-08-15 12:01:09.719427+00:00,31.59905339218676
2025-08-15 12:01:10.074409+00:00,31.59905339218676
2025-08-15 12:01:15.819527+00:00,31.59905339218676
2025-08-15 12:01:16.324146+00:00,31.604204065777594
2025-08-15 12:01:16.657110+00:00,31.59905339218676
2025-08-15 12:01:17.008204+00:00,31.609354739659466
2025-08-15 12:01:17.566655+00:00,31.604204065777594
2025-08-15 12:01:18.334356+00:00,31.59905339218676
2025-08-15 12:01:18.524065+00:00,31.593902718886966
2025-08-15 12:01:19.790406+00:00,31.593902718886966
2025-08-15 12:01:20.081929+00:00,31.58875204587821
2025-08-15 12:01:20.424839+00:00,31.593902718886966
2025-08-15 12:01:21.031866+00:00,31.593902718886966
2025-08-15 12:01:21.742048+00:00,31.593902718886966
2025-08-15 12:01:22.152957+00:00,31.58875204587821
2025-08-15 12:01:22.380956+00:00,31.593902718886966
2025-08-15 12:01:22.832367+00:00,31.58875204587821
2025-08-15 12:01:24.996857+00:00,31.58360137316049
2025-08-15 12:01:25.253810+00:00,31.57845070073381
2025-08-15 12:01:26.125041+00:00,31.568149356753565
2025-08-15 12:01:26.702188+00:00,31.5629986852
2025-08-15 12:01:26.909868+00:00,31.57845070073381
2025-08-15 12:01:28.097641+00:00,31.57330002859817
2025-08-15 12:01:31.024945+00:00,31.58875204587821
2025-08-15 12:01:34.565857+00:00,31.58875204587821
2025-08-15 12:01:34.956432+00:00,31.58360137316049
2025-08-15 12:01:35.959785+00:00,31.57845070073381
2025-08-15 12:01:36.780473+00:00,31.57845070073381
2025-08-15 12:01:38.268639+00:00,31.58875204587821
2025-08-15 12:01:38.575236+00:00,31.57330002859817
2025-08-15 12:01:39.514855+00:00,31.57845070073381
2025-08-15 12:01:40.182544+00:00,31.57845070073381
2025-08-15 12:01:42.423121+00:00,31.58360137316049
2025-08-15 12:01:43.699728+00:00,31.5629986852
2025-08-15 12:01:44.134243+00:00,31.568149356753565
2025-08-15 12:01:46.546953+00:00,31.5629986852
2025-08-15 12:01:47.899486+00:00,31.5629986852
2025-08-15 12:01:49.575772+00:00,31.58360137316049
2025-08-15 12:01:55.288454+00:00,31.57330002859817
2025-08-15 12:01:57.382875+00:00,31.57845070073381
2025-08-15 12:01:59.148330+00:00,31.58360137316049
2025-08-15 12:01:59.586703+00:00,31.568149356753565
2025-08-15 12:02:00.222765+00:00,31.57845070073381
2025-08-15 12:02:11.775053+00:00,31.57330002859817
2025-08-15 12:02:12.258877+00:00,31.557848013937473
2025-08-15 12:02:12.523956+00:00,31.5629986852
2025-08-15 12:02:12.852228+00:00,31.552697342965985
2025-08-15 12:02:13.079292+00:00,31.557848013937473
2025-08-15 12:02:21.734836+00:00,31.547546672285534
2025-08-15 12:02:22.289400+00:00,31.552697342965985
2025-08-15 12:02:23.914790+00:00,31.526943992474116
2025-08-15 12:02:28.562458+00:00,31.547546672285534
2025-08-15 12:02:31.811995+00:00,31.53724533179775
2025-08-15 12:02:32.314014+00:00,31.521793323248858
2025-08-15 12:02:32.757034+00:00,31.532094661990413
2025-08-15 12:02:33.231687+00:00,31.542396001896122
2025-08-15 12:02:34.815255+00:00,31.526943992474116
2025-08-15 12:02:37.134107+00:00,31.532094661990413
2025-08-15 12:02:39.082430+00:00,31.542396001896122
2025-08-15 12:02:42.500540+00:00,31.532094661990413
2025-08-15 12:02:45.561120+00:00,31.526943992474116
2025-08-15 12:02:46.956212+00:00,31.526943992474116
2025-08-15 12:02:50.648779+00:00,31.526943992474116
2025-08-15 12:02:51.065361+00:00,31.516642654314637
2025-08-15 12:02:51.351386+00:00,31.526943992474116
2025-08-15 12:02:51.576966+00:00,31.516642654314637
2025-08-15 12:02:51.786379+00:00,31.521793323248858
2025-08-15 12:02:52.905476+00:00,31.526943992474116
2025-08-15 12:02:53.131585+00:00,31.526943992474116
2025-08-15 12:02:53.850436+00:00,31.526943992474116
2025-08-15 12:02:55.772447+00:00,31.526943992474116
2025-08-15 12:02:57.637240+00:00,31.516642654314637
2025-08-15 12:02:58.179037+00:00,31.526943992474116
2025-08-15 12:02:58.538995+00:00,31.532094661990413
2025-08-15 12:02:58.814543+00:00,31.516642654314637
2025-08-15 12:02:59.474898+00:00,31.521793323248858
2025-08-15 12:02:59.816955+00:00,31.526943992474116
2025-08-15 12:03:00.321039+00:00,31.521793323248858
2025-08-15 12:03:00.912425+00:00,31.526943992474116
2025-08-15 12:03:01.404979+00:00,31.521793323248858
2025-08-15 12:03:02.457657+00:00,31.516642654314637
2025-08-15 12:03:06.201096+00:00,31.516642654314637
2025-08-15 12:03:10.693996+00:00,31.511491985671455
2025-08-15 12:03:13.149475+00:00,31.511491985671455
2025-08-15 12:03:15.229750+00:00,31.511491985671455
2025-08-15 12:03:16.356412+00:00,31.516642654314637
2025-08-15 12:03:16.780239+00:00,31.526943992474116
2025-08-15 12:03:17.838102+00:00,31.516642654314637
2025-08-15 12:03:19.830008+00:00,31.516642654314637
2025-08-15 12:03:20.553050+00:00,31.516642654314637
2025-08-15 12:03:20.764109+00:00,31.516642654314637
2025-08-15 12:03:22.797292+00:00,31.511491985671455
2025-08-15 12:03:26.422024+00:00,31.50634131731931
2025-08-15 12:03:27.201179+00:00,31.50634131731931
2025-08-15 12:03:28.026480+00:00,31.516642654314637
2025-08-15 12:03:28.288422+00:00,31.516642654314637
2025-08-15 12:03:30.090278+00:00,31.49603998148814
2025-08-15 12:03:33.847787+00:00,31.501190649258206
2025-08-15 12:03:34.660629+00:00,31.49603998148814
2025-08-15 12:03:36.965710+00:00,31.49088931400911
2025-08-15 12:03:37.408083+00:00,31.516642654314637
2025-08-15 12:03:39.164358+00:00,31.49603998148814
2025-08-15 12:03:39.557265+00:00,31.48573864682112
2025-08-15 12:03:40.360808+00:00,31.501190649258206
2025-08-15 12:03:41.638386+00:00,31.49088931400911
2025-08-15 12:03:42.348928+00:00,31.49088931400911
2025-08-15 12:03:42.625089+00:00,31.48573864682112
2025-08-15 12:03:42.902555+00:00,31.49603998148814
2025-08-15 12:03:43.312906+00:00,31.50634131731931
2025-08-15 12:03:43.538690+00:00,31.501190649258206
2025-08-15 12:03:43.804201+00:00,31.501190649258206
2025-08-15 12:03:43.980722+00:00,31.49088931400911
2025-08-15 12:03:44.171740+00:00,31.49603998148814
2025-08-15 12:03:44.539650+00:00,31.49603998148814
2025-08-15 12:03:50.616249+00:00,31.49088931400911
2025-08-15 12:03:53.790439+00:00,31.49088931400911
2025-08-15 12:03:55.344228+00:00,31.49603998148814
2025-08-15 12:03:56.332694+00:00,31.49088931400911
2025-08-15 12:03:57.513235+00:00,31.49088931400911
2025-08-15 12:03:58.739709+00:00,31.501190649258206
2025-08-15 12:03:59.408173+00:00,31.49603998148814
2025-08-15 12:03:59.867268+00:00,31.49603998148814
2025-08-15 12:04:01.928826+00:00,31.48573864682112
2025-08-15 12:04:05.572582+00:00,31.49088931400911
2025-08-15 12:04:06.097060+00:00,31.50634131731931
2025-08-15 12:04:08.589127+00:00,31.516642654314637
2025-08-15 12:04:08.921485+00:00,31.50634131731931
2025-08-15 12:04:09.286672+00:00,31.516642654314637
2025-08-15 12:04:13.437930+00:00,31.532094661990413
2025-08-15 12:04:14.439961+00:00,31.526943992474116
2025-08-15 12:04:15.754005+00:00,31.526943992474116
2025-08-15 12:04:17.961116+00:00,31.526943992474116
2025-08-15 12:04:18.457908+00:00,31.526943992474116
2025-08-15 12:04:19.411123+00:00,31.521793323248858
2025-08-15 12:04:19.695233+00:00,31.542396001896122
2025-08-15 12:04:19.972196+00:00,31.542396001896122
2025-08-15 12:04:20.238257+00:00,31.547546672285534
2025-08-15 12:04:21.886050+00:00,31.526943992474116
2025-08-15 12:04:23.054959+00:00,31.532094661990413
2025-08-15 12:04:26.111963+00:00,31.532094661990413
2025-08-15 12:04:31.129333+00:00,31.552697342965985
2025-08-15 12:04:31.503616+00:00,31.552697342965985
2025-08-15 12:04:32.578953+00:00,31.53724533179775
2025-08-15 12:04:36.045926+00:00,31.552697342965985
2025-08-15 12:04:36.414651+00:00,31.552697342965985
2025-08-15 12:04:39.104395+00:00,31.547546672285534
2025-08-15 12:04:39.571020+00:00,31.557848013937473
2025-08-15 12:04:40.483908+00:00,31.557848013937473
2025-08-15 12:04:40.968544+00:00,31.5629986852
2025-08-15 12:04:41.199617+00:00,31.552697342965985
2025-08-15 12:04:41.437961+00:00,31.5629986852
2025-08-15 12:04:42.690733+00:00,31.557848013937473
2025-08-15 12:04:43.884464+00:00,31.557848013937473
2025-08-15 12:04:45.129563+00:00,31.552697342965985
2025-08-15 12:04:49.554048+00:00,31.557848013937473
2025-08-15 12:04:49.813123+00:00,31.552697342965985
2025-08-15 12:04:59.512752+00:00,31.552697342965985
2025-08-15 12:05:02.136905+00:00,31.547546672285534
2025-08-15 12:05:03.723305+00:00,31.568149356753565
2025-08-15 12:05:08.582305+00:00,31.58360137316049
2025-08-15 12:05:11.502823+00:00,31.58360137316049
2025-08-15 12:05:13.165954+00:00,31.57330002859817
2025-08-15 12:05:17.835929+00:00,31.58360137316049
2025-08-15 12:05:18.427948+00:00,31.57845070073381
2025-08-15 12:05:21.828157+00:00,31.57845070073381
2025-08-15 12:05:23.778506+00:00,31.568149356753565
2025-08-15 12:05:29.199933+00:00,31.568149356753565
2025-08-15 12:05:33.053132+00:00,31.5629986852
2025-08-15 12:05:36.475278+00:00,31.557848013937473
2025-08-15 12:05:38.536305+00:00,31.5629986852
2025-08-15 12:05:42.820570+00:00,31.552697342965985
2025-08-15 12:05:44.064587+00:00,31.57330002859817
2025-08-15 12:05:46.311938+00:00,31.57845070073381
2025-08-15 12:05:51.075230+00:00,31.57330002859817
2025-08-15 12:05:51.777309+00:00,31.58875204587821
2025-08-15 12:05:52.795229+00:00,31.58875204587821
2025-08-15 12:05:53.292089+00:00,31.58360137316049
2025-08-15 12:05:56.684635+00:00,31.58360137316049
2025-08-15 12:05:57.963236+00:00,31.57845070073381
2025-08-15 12:05:58.097208+00:00,31.59905339218676
2025-08-15 12:05:59.374323+00:00,31.58875204587821
2025-08-15 12:06:01.062996+00:00,31.58360137316049
2025-08-15 12:06:02.459152+00:00,31.57330002859817
2025-08-15 12:06:03.910160+00:00,31.568149356753565
2025-08-15 12:06:04.348285+00:00,31.57330002859817
2025-08-15 12:06:04.876467+00:00,31.57330002859817
2025-08-15 12:06:05.274936+00:00,31.568149356753565
2025-08-15 12:06:12.918896+00:00,31.557848013937473
2025-08-15 12:06:13.518262+00:00,31.557848013937473
2025-08-15 12:06:14.437266+00:00,31.557848013937473
2025-08-15 12:06:16.627102+00:00,31.557848013937473
2025-08-15 12:06:18.200209+00:00,31.53724533179775
2025-08-15 12:06:19.415798+00:00,31.532094661990413
2025-08-15 12:06:19.759436+00:00,31.547546672285534
2025-08-15 12:06:20.218268+00:00,31.547546672285534
2025-08-15 12:06:20.468890+00:00,31.552697342965985
2025-08-15 12:06:21.295868+00:00,31.547546672285534
2025-08-15 12:06:21.747468+00:00,31.53724533179775
2025-08-15 12:06:21.979953+00:00,31.532094661990413
2025-08-15 12:06:22.273688+00:00,31.526943992474116
2025-08-15 12:06:25.148592+00:00,31.53724533179775
2025-08-15 12:06:26.443297+00:00,31.516642654314637
2025-08-15 12:06:26.711284+00:00,31.521793323248858
2025-08-15 12:06:27.913224+00:00,31.516642654314637
2025-08-15 12:06:29.560467+00:00,31.532094661990413
2025-08-15 12:06:29.788505+00:00,31.53724533179775
2025-08-15 12:06:29.993480+00:00,31.532094661990413
2025-08-15 12:06:30.442476+00:00,31.526943992474116
2025-08-15 12:06:30.808094+00:00,31.526943992474116
2025-08-15 12:06:31.393680+00:00,31.521793323248858
2025-08-15 12:06:32.409104+00:00,31.526943992474116
2025-08-15 12:06:32.877194+00:00,31.516642654314637
2025-08-15 12:06:33.259015+00:00,31.511491985671455
2025-08-15 12:06:36.202549+00:00,31.516642654314637
2025-08-15 12:06:36.594898+00:00,31.532094661990413
2025-08-15 12:06:37.338862+00:00,31.547546672285534
2025-08-15 12:06:41.224170+00:00,31.552697342965985
2025-08-15 12:06:43.563780+00:00,31.53724533179775
2025-08-15 12:06:44.900588+00:00,31.547546672285534
2025-08-15 12:06:46.982089+00:00,31.542396001896122
2025-08-15 12:06:48.122600+00:00,31.542396001896122
2025-08-15 12:06:48.715955+00:00,31.547546672285534
2025-08-15 12:06:49.642121+00:00,31.552697342965985
2025-08-15 12:06:49.885551+00:00,31.547546672285534
2025-08-15 12:06:50.076571+00:00,31.547546672285534
2025-08-15 12:06:51.631321+00:00,31.53724533179775
2025-08-15 12:06:52.595949+00:00,31.532094661990413
2025-08-15 12:06:54.367920+00:00,31.547546672285534
2025-08-15 12:06:54.617744+00:00,31.552697342965985
2025-08-15 12:06:56.723690+00:00,31.53724533179775
2025-08-15 12:06:57.039664+00:00,31.532094661990413
2025-08-15 12:06:57.365797+00:00,31.526943992474116
2025-08-15 12:07:01.908559+00:00,31.521793323248858
2025-08-15 12:07:02.367048+00:00,31.521793323248858
2025-08-15 12:07:03.044029+00:00,31.516642654314637
2025-08-15 12:07:03.464329+00:00,31.521793323248858
2025-08-15 12:07:08.226179+00:00,31.501190649258206
2025-08-15 12:07:13.135799+00:00,31.49088931400911
2025-08-15 12:07:13.468932+00:00,31.49603998148814
2025-08-15 12:07:14.937026+00:00,31.48573864682112
2025-08-15 12:07:15.981229+00:00,31.501190649258206
2025-08-15 12:07:18.968919+00:00,31.49603998148814
2025-08-15 12:07:19.725417+00:00,31.49088931400911
2025-08-15 12:07:20.159341+00:00,31.49088931400911
2025-08-15 12:07:21.771384+00:00,31.475437313318253
2025-08-15 12:07:22.684660+00:00,31.48573864682112
2025-08-15 12:07:23.145520+00:00,31.475437313318253
2025-08-15 12:07:24.913855+00:00,31.480587979924167
2025-08-15 12:07:25.115896+00:00,31.48573864682112
2025-08-15 12:07:25.792513+00:00,31.50634131731931
2025-08-15 12:07:26.319205+00:00,31.50634131731931
2025-08-15 12:07:26.786031+00:00,31.516642654314637
2025-08-15 12:07:29.108780+00:00,31.532094661990413
2025-08-15 12:07:29.361003+00:00,31.532094661990413
2025-08-15 12:07:30.424548+00:00,31.526943992474116
2025-08-15 12:07:30.856309+00:00,31.53724533179775
2025-08-15 12:07:32.240560+00:00,31.53724533179775
2025-08-15 12:07:35.067849+00:00,31.557848013937473
2025-08-15 12:07:35.301967+00:00,31.5629986852
2025-08-15 12:07:35.501737+00:00,31.568149356753565
2025-08-15 12:07:35.912756+00:00,31.557848013937473
2025-08-15 12:07:36.222098+00:00,31.568149356753565
2025-08-15 12:07:36.504506+00:00,31.552697342965985
2025-08-15 12:07:36.832441+00:00,31.568149356753565
2025-08-15 12:07:39.665647+00:00,31.547546672285534
2025-08-15 12:07:40.525908+00:00,31.547546672285534
2025-08-15 12:07:40.801070+00:00,31.557848013937473
2025-08-15 12:07:41.988496+00:00,31.557848013937473
2025-08-15 12:07:42.293012+00:00,31.547546672285534
2025-08-15 12:07:44.671700+00:00,31.552697342965985
2025-08-15 12:07:47.374043+00:00,31.53724533179775
2025-08-15 12:07:48.881204+00:00,31.532094661990413
2025-08-15 12:07:49.350331+00:00,31.516642654314637
2025-08-15 12:07:50.193190+00:00,31.516642654314637
2025-08-15 12:07:51.040288+00:00,31.532094661990413
2025-08-15 12:07:52.083498+00:00,31.532094661990413
2025-08-15 12:07:52.343366+00:00,31.516642654314637
2025-08-15 12:07:54.659867+00:00,31.526943992474116
2025-08-15 12:07:55.803739+00:00,31.516642654314637
2025-08-15 12:07:56.501441+00:00,31.516642654314637
2025-08-15 12:07:57.015516+00:00,31.521793323248858
2025-08-15 12:07:59.917930+00:00,31.526943992474116
2025-08-15 12:08:03.405942+00:00,31.547546672285534
2025-08-15 12:08:03.988707+00:00,31.552697342965985
2025-08-15 12:08:09.917256+00:00,31.557848013937473
2025-08-15 12:08:13.173143+00:00,31.547546672285534
2025-08-15 12:08:14.523236+00:00,31.557848013937473
2025-08-15 12:08:15.508279+00:00,31.547546672285534
2025-08-15 12:08:15.917157+00:00,31.557848013937473
2025-08-15 12:08:16.954123+00:00,31.547546672285534
2025-08-15 12:08:19.359712+00:00,31.547546672285534
2025-08-15 12:08:20.590728+00:00,31.552697342965985
2025-08-15 12:08:21.174471+00:00,31.5629986852
2025-08-15 12:08:23.207112+00:00,31.542396001896122
2025-08-15 12:08:24.300917+00:00,31.547546672285534
2025-08-15 12:08:24.935183+00:00,31.547546672285534
2025-08-15 12:08:26.220089+00:00,31.53724533179775
2025-08-15 12:08:27.016376+00:00,31.532094661990413
2025-08-15 12:08:27.281590+00:00,31.552697342965985
2025-08-15 12:08:28.205945+00:00,31.557848013937473
2025-08-15 12:08:33.842788+00:00,31.547546672285534
2025-08-15 12:08:34.808667+00:00,31.547546672285534
2025-08-15 12:08:35.374488+00:00,31.542396001896122
2025-08-15 12:08:35.737984+00:00,31.552697342965985
2025-08-15 12:08:35.973591+00:00,31.547546672285534
2025-08-15 12:08:38.897685+00:00,31.53724533179775
2025-08-15 12:08:40.954320+00:00,31.547546672285534
2025-08-15 12:08:42.599942+00:00,31.532094661990413
2025-08-15 12:08:42.858661+00:00,31.532094661990413
2025-08-15 12:08:43.218388+00:00,31.542396001896122
2025-08-15 12:08:43.453172+00:00,31.532094661990413
2025-08-15 12:08:43.678998+00:00,31.53724533179775
2025-08-15 12:08:49.092267+00:00,31.532094661990413
2025-08-15 12:08:49.610674+00:00,31.532094661990413
2025-08-15 12:08:50.170017+00:00,31.53724533179775
2025-08-15 12:08:50.362728+00:00,31.532094661990413
2025-08-15 12:08:50.561528+00:00,31.53724533179775
2025-08-15 12:08:50.826032+00:00,31.547546672285534
2025-08-15 12:08:51.766895+00:00,31.53724533179775
2025-08-15 12:08:54.731938+00:00,31.526943992474116
2025-08-15 12:08:55.610151+00:00,31.526943992474116
2025-08-15 12:08:55.874568+00:00,31.532094661990413
2025-08-15 12:08:56.217697+00:00,31.53724533179775
2025-08-15 12:08:56.520594+00:00,31.53724533179775
2025-08-15 12:08:56.761738+00:00,31.53724533179775
2025-08-15 12:08:56.954481+00:00,31.547546672285534
2025-08-15 12:08:57.196891+00:00,31.53724533179775
2025-08-15 12:08:58.828694+00:00,31.552697342965985
2025-08-15 12:09:00.695728+00:00,31.5629986852
2025-08-15 12:09:05.671184+00:00,31.5629986852
2025-08-15 12:09:07.592662+00:00,31.58875204587821
2025-08-15 12:09:09.531072+00:00,31.58875204587821
2025-08-15 12:09:10.250019+00:00,31.59905339218676
2025-08-15 12:09:15.679648+00:00,31.57845070073381
2025-08-15 12:09:18.063216+00:00,31.593902718886966
2025-08-15 12:09:18.510429+00:00,31.58875204587821
2025-08-15 12:09:20.749012+00:00,31.57330002859817
2025-08-15 12:09:21.335389+00:00,31.57845070073381
2025-08-15 12:09:22.286726+00:00,31.568149356753565
2025-08-15 12:09:22.908909+00:00,31.5629986852
2025-08-15 12:09:23.451463+00:00,31.57845070073381
2025-08-15 12:09:24.699072+00:00,31.568149356753565
2025-08-15 12:09:26.999973+00:00,31.59905339218676
2025-08-15 12:09:29.407845+00:00,31.58360137316049
2025-08-15 12:09:34.187806+00:00,31.604204065777594
2025-08-15 12:09:34.836816+00:00,31.604204065777594
2025-08-15 12:09:35.100126+00:00,31.609354739659466
2025-08-15 12:09:35.348092+00:00,31.614505413832376
2025-08-15 12:09:35.565531+00:00,31.604204065777594
2025-08-15 12:09:37.641358+00:00,31.59905339218676
2025-08-15 12:09:38.114457+00:00,31.59905339218676
2025-08-15 12:09:38.908587+00:00,31.593902718886966
2025-08-15 12:09:39.879341+00:00,31.59905339218676
2025-08-15 12:09:40.522904+00:00,31.604204065777594
2025-08-15 12:09:40.999706+00:00,31.593902718886966
2025-08-15 12:09:41.241376+00:00,31.619656088296324
2025-08-15 12:09:41.592652+00:00,31.619656088296324
2025-08-15 12:09:41.976130+00:00,31.614505413832376
2025-08-15 12:09:42.620853+00:00,31.604204065777594
2025-08-15 12:09:43.440877+00:00,31.604204065777594
2025-08-15 12:09:44.549767+00:00,31.59905339218676
2025-08-15 12:09:45.077715+00:00,31.593902718886966
2025-08-15 12:09:47.103225+00:00,31.609354739659466
2025-08-15 12:09:49.199914+00:00,31.604204065777594
2025-08-15 12:09:49.729089+00:00,31.59905339218676
2025-08-15 12:09:52.746815+00:00,31.58875204587821
2025-08-15 12:09:53.864954+00:00,31.58875204587821
2025-08-15 12:09:54.668566+00:00,31.58875204587821
2025-08-15 12:09:56.572948+00:00,31.57845070073381
2025-08-15 12:09:57.065027+00:00,31.57845070073381
2025-08-15 12:09:57.908266+00:00,31.57845070073381
2025-08-15 12:09:59.372765+00:00,31.57330002859817
2025-08-15 12:10:02.143957+00:00,31.568149356753565
2025-08-15 12:10:04.090467+00:00,31.568149356753565
2025-08-15 12:10:04.717289+00:00,31.5629986852
2025-08-15 12:10:05.507403+00:00,31.552697342965985
2025-08-15 12:10:06.134482+00:00,31.568149356753565
2025-08-15 12:10:10.585386+00:00,31.568149356753565
2025-08-15 12:10:11.411668+00:00,31.57845070073381
2025-08-15 12:10:13.578731+00:00,31.568149356753565
2025-08-15 12:10:14.605176+00:00,31.547546672285534
2025-08-15 12:10:16.371043+00:00,31.5629986852
2025-08-15 12:10:17.143952+00:00,31.58875204587821
2025-08-15 12:10:18.931192+00:00,31.5629986852
2025-08-15 12:10:22.128833+00:00,31.568149356753565
2025-08-15 12:10:23.044210+00:00,31.5629986852
2025-08-15 12:10:25.987925+00:00,31.568149356753565
2025-08-15 12:10:31.423092+00:00,31.5629986852
2025-08-15 12:10:32.547406+00:00,31.552697342965985
2025-08-15 12:10:33.046504+00:00,31.547546672285534
2025-08-15 12:10:33.664662+00:00,31.557848013937473
2025-08-15 12:10:34.131177+00:00,31.552697342965985
2025-08-15 12:10:35.533742+00:00,31.547546672285534
2025-08-15 12:10:36.018995+00:00,31.552697342965985
2025-08-15 12:10:36.602022+00:00,31.557848013937473
2025-08-15 12:10:42.212300+00:00,31.568149356753565
2025-08-15 12:10:42.535462+00:00,31.57330002859817
2025-08-15 12:10:42.902333+00:00,31.5629986852
2025-08-15 12:10:45.834515+00:00,31.557848013937473
2025-08-15 12:10:50.347332+00:00,31.557848013937473
2025-08-15 12:10:50.764364+00:00,31.5629986852
2025-08-15 12:10:51.367027+00:00,31.557848013937473
2025-08-15 12:10:51.709075+00:00,31.557848013937473
2025-08-15 12:10:52.780559+00:00,31.552697342965985
2025-08-15 12:10:53.772230+00:00,31.547546672285534
2025-08-15 12:10:55.159199+00:00,31.547546672285534
2025-08-15 12:10:55.897143+00:00,31.542396001896122
2025-08-15 12:10:59.598439+00:00,31.53724533179775
2025-08-15 12:11:01.260815+00:00,31.532094661990413
2025-08-15 12:11:03.208484+00:00,31.547546672285534
2025-08-15 12:11:12.294669+00:00,31.526943992474116
2025-08-15 12:11:14.391456+00:00,31.532094661990413
2025-08-15 12:11:15.059585+00:00,31.521793323248858
2025-08-15 12:11:15.865343+00:00,31.516642654314637
2025-08-15 12:11:17.321772+00:00,31.526943992474116
2025-08-15 12:11:18.009852+00:00,31.50634131731931
2025-08-15 12:11:19.996095+00:00,31.526943992474116
2025-08-15 12:11:24.333701+00:00,31.521793323248858
2025-08-15 12:11:24.826587+00:00,31.516642654314637
2025-08-15 12:11:25.053199+00:00,31.516642654314637
2025-08-15 12:11:25.846847+00:00,31.511491985671455
2025-08-15 12:11:25.989444+00:00,31.526943992474116
2025-08-15 12:11:27.934545+00:00,31.50634131731931
2025-08-15 12:11:28.971556+00:00,31.50634131731931
2025-08-15 12:11:29.198171+00:00,31.521793323248858
2025-08-15 12:11:29.631264+00:00,31.50634131731931
2025-08-15 12:11:29.966410+00:00,31.521793323248858
2025-08-15 12:11:31.510036+00:00,31.521793323248858
2025-08-15 12:11:34.763352+00:00,31.526943992474116
2025-08-15 12:11:35.788187+00:00,31.50634131731931
2025-08-15 12:11:36.618437+00:00,31.511491985671455
2025-08-15 12:11:37.394384+00:00,31.501190649258206
2025-08-15 12:11:39.064971+00:00,31.50634131731931
2025-08-15 12:11:40.888239+00:00,31.501190649258206
2025-08-15 12:11:43.053510+00:00,31.516642654314637
2025-08-15 12:11:43.293971+00:00,31.511491985671455
2025-08-15 12:11:45.593011+00:00,31.511491985671455
2025-08-15 12:11:52.271021+00:00,31.501190649258206
2025-08-15 12:11:53.764395+00:00,31.49603998148814
2025-08-15 12:11:54.475656+00:00,31.49603998148814
2025-08-15 12:11:55.111831+00:00,31.49603998148814
2025-08-15 12:11:56.004013+00:00,31.48573864682112
2025-08-15 12:11:56.605930+00:00,31.49603998148814
2025-08-15 12:11:58.403379+00:00,31.48573864682112
2025-08-15 12:12:01.968757+00:00,31.49088931400911
2025-08-15 12:12:09.716673+00:00,31.475437313318253
2025-08-15 12:12:10.640883+00:00,31.49603998148814
2025-08-15 12:12:12.042785+00:00,31.49088931400911
2025-08-15 12:12:14.361100+00:00,31.48573864682112
2025-08-15 12:12:16.007743+00:00,31.480587979924167
2025-08-15 12:12:17.625612+00:00,31.49088931400911
2025-08-15 12:12:19.935990+00:00,31.49088931400911
2025-08-15 12:12:21.157398+00:00,31.501190649258206
2025-08-15 12:12:21.397925+00:00,31.49603998148814
2025-08-15 12:12:21.673227+00:00,31.49088931400911
2025-08-15 12:12:22.935977+00:00,31.49603998148814
2025-08-15 12:12:24.785258+00:00,31.49603998148814
2025-08-15 12:12:25.009788+00:00,31.49088931400911
2025-08-15 12:12:25.234433+00:00,31.48573864682112
2025-08-15 12:12:28.141815+00:00,31.49088931400911
2025-08-15 12:12:29.067740+00:00,31.480587979924167
2025-08-15 12:12:30.094593+00:00,31.480587979924167
2025-08-15 12:12:30.457200+00:00,31.480587979924167
2025-08-15 12:12:32.164953+00:00,31.49603998148814
2025-08-15 12:12:32.505955+00:00,31.480587979924167
2025-08-15 12:12:33.831653+00:00,31.48573864682112
2025-08-15 12:12:34.516060+00:00,31.475437313318253
2025-08-15 12:12:36.380891+00:00,31.475437313318253
2025-08-15 12:12:36.605660+00:00,31.475437313318253
2025-08-15 12:12:39.496721+00:00,31.475437313318253
2025-08-15 12:12:41.021655+00:00,31.480587979924167
2025-08-15 12:12:41.230050+00:00,31.48573864682112
2025-08-15 12:12:42.623843+00:00,31.49088931400911
2025-08-15 12:12:43.348542+00:00,31.48573864682112
2025-08-15 12:12:50.937104+00:00,31.48573864682112
2025-08-15 12:12:52.140829+00:00,31.501190649258206
2025-08-15 12:12:52.864639+00:00,31.49603998148814
2025-08-15 12:12:53.628042+00:00,31.50634131731931
2025-08-15 12:12:56.045921+00:00,31.511491985671455
2025-08-15 12:12:56.401324+00:00,31.511491985671455
2025-08-15 12:12:57.953916+00:00,31.516642654314637
2025-08-15 12:12:59.040322+00:00,31.516642654314637
2025-08-15 12:12:59.885174+00:00,31.50634131731931
2025-08-15 12:13:00.979655+00:00,31.516642654314637
2025-08-15 12:13:02.487551+00:00,31.532094661990413
2025-08-15 12:13:02.917992+00:00,31.542396001896122
2025-08-15 12:13:04.580797+00:00,31.526943992474116
2025-08-15 12:13:06.216962+00:00,31.521793323248858
2025-08-15 12:13:07.134106+00:00,31.542396001896122
2025-08-15 12:13:11.136518+00:00,31.57845070073381
2025-08-15 12:13:12.511976+00:00,31.58360137316049
2025-08-15 12:13:12.918874+00:00,31.58360137316049
2025-08-15 12:13:13.578467+00:00,31.58875204587821
2025-08-15 12:13:22.009347+00:00,31.604204065777594
2025-08-15 12:13:23.853935+00:00,31.593902718886966
2025-08-15 12:13:24.887376+00:00,31.609354739659466
2025-08-15 12:13:25.863509+00:00,31.58875204587821
2025-08-15 12:13:26.706848+00:00,31.593902718886966
2025-08-15 12:13:28.244564+00:00,31.58875204587821
2025-08-15 12:13:29.548557+00:00,31.58875204587821
2025-08-15 12:13:30.151412+00:00,31.59905339218676
2025-08-15 12:13:31.081125+00:00,31.604204065777594
2025-08-15 12:13:31.663247+00:00,31.59905339218676
2025-08-15 12:13:32.857506+00:00,31.593902718886966
2025-08-15 12:13:34.887038+00:00,31.59905339218676
2025-08-15 12:13:36.223881+00:00,31.593902718886966
2025-08-15 12:13:39.377898+00:00,31.568149356753565
2025-08-15 12:13:40.000338+00:00,31.57330002859817
2025-08-15 12:13:42.278392+00:00,31.568149356753565
2025-08-15 12:13:43.761843+00:00,31.557848013937473
2025-08-15 12:13:45.864211+00:00,31.547546672285534
2025-08-15 12:13:49.468837+00:00,31.552697342965985
2025-08-15 12:13:50.202553+00:00,31.547546672285534
2025-08-15 12:13:51.440650+00:00,31.542396001896122
2025-08-15 12:13:52.736005+00:00,31.532094661990413
2025-08-15 12:13:53.726957+00:00,31.547546672285534
2025-08-15 12:13:53.940764+00:00,31.53724533179775
2025-08-15 12:13:55.794059+00:00,31.521793323248858
2025-08-15 12:13:55.971253+00:00,31.532094661990413
2025-08-15 12:13:56.178559+00:00,31.532094661990413
2025-08-15 12:13:56.362549+00:00,31.532094661990413
2025-08-15 12:13:56.528452+00:00,31.532094661990413
2025-08-15 12:13:59.522180+00:00,31.53724533179775
2025-08-15 12:13:59.841374+00:00,31.526943992474116
2025-08-15 12:14:00.208813+00:00,31.521793323248858
2025-08-15 12:14:07.422775+00:00,31.516642654314637
2025-08-15 12:14:08.771516+00:00,31.50634131731931
2025-08-15 12:14:09.181745+00:00,31.50634131731931
2025-08-15 12:14:12.285227+00:00,31.501190649258206
2025-08-15 12:14:12.660069+00:00,31.501190649258206
2025-08-15 12:14:13.030707+00:00,31.49603998148814
2025-08-15 12:14:13.590219+00:00,31.49088931400911
2025-08-15 12:14:16.330423+00:00,31.49603998148814
2025-08-15 12:14:23.118832+00:00,31.50634131731931
2025-08-15 12:14:24.440514+00:00,31.49603998148814
2025-08-15 12:14:24.708501+00:00,31.49603998148814
2025-08-15 12:14:24.907518+00:00,31.501190649258206
2025-08-15 12:14:25.218396+00:00,31.50634131731931
2025-08-15 12:14:25.460071+00:00,31.501190649258206
2025-08-15 12:14:27.686826+00:00,31.50634131731931
2025-08-15 12:14:27.992570+00:00,31.480587979924167
2025-08-15 12:14:28.292493+00:00,31.49088931400911
2025-08-15 12:14:28.518086+00:00,31.480587979924167
2025-08-15 12:14:28.785360+00:00,31.48573864682112
2025-08-15 12:14:31.712018+00:00,31.46513598097954
2025-08-15 12:14:32.093989+00:00,31.475437313318253
2025-08-15 12:14:32.440323+00:00,31.475437313318253
2025-08-15 12:14:34.803545+00:00,31.46513598097954
2025-08-15 12:14:35.813477+00:00,31.45483464980498
2025-08-15 12:14:37.291714+00:00,31.45483464980498
2025-08-15 12:14:38.812946+00:00,31.45998531524674
2025-08-15 12:14:39.239573+00:00,31.46513598097954
2025-08-15 12:14:40.449574+00:00,31.46513598097954
2025-08-15 12:14:42.320002+00:00,31.46513598097954
2025-08-15 12:14:42.597935+00:00,31.46513598097954
2025-08-15 12:14:43.027188+00:00,31.46513598097954
2025-08-15 12:14:43.557950+00:00,31.475437313318253
2025-08-15 12:14:44.127368+00:00,31.48573864682112
2025-08-15 12:14:48.053037+00:00,31.48573864682112
2025-08-15 12:14:49.088052+00:00,31.48573864682112
2025-08-15 12:14:50.927121+00:00,31.49603998148814
2025-08-15 12:14:51.354261+00:00,31.49603998148814
2025-08-15 12:14:51.605791+00:00,31.50634131731931
2025-08-15 12:14:51.914509+00:00,31.501190649258206
2025-08-15 12:14:52.243730+00:00,31.49088931400911
2025-08-15 12:14:52.500023+00:00,31.501190649258206
2025-08-15 12:14:56.475582+00:00,31.49603998148814
2025-08-15 12:14:56.811556+00:00,31.49603998148814
2025-08-15 12:14:57.941028+00:00,31.50634131731931
2025-08-15 12:14:58.232355+00:00,31.50634131731931
2025-08-15 12:14:59.201060+00:00,31.521793323248858
2025-08-15 12:15:01.410005+00:00,31.501190649258206
2025-08-15 12:15:03.775053+00:00,31.521793323248858
2025-08-15 12:15:04.377533+00:00,31.50634131731931
2025-08-15 12:15:04.802326+00:00,31.516642654314637
2025-08-15 12:15:05.234819+00:00,31.516642654314637
2025-08-15 12:15:09.596918+00:00,31.521793323248858
2025-08-15 12:15:09.946981+00:00,31.516642654314637
2025-08-15 12:15:13.740452+00:00,31.526943992474116
2025-08-15 12:15:14.822078+00:00,31.511491985671455
2025-08-15 12:15:19.363486+00:00,31.511491985671455
2025-08-15 12:15:22.385783+00:00,31.526943992474116
2025-08-15 12:15:22.971801+00:00,31.516642654314637
2025-08-15 12:15:29.181144+00:00,31.516642654314637
2025-08-15 12:15:30.003838+00:00,31.516642654314637
2025-08-15 12:15:30.512289+00:00,31.526943992474116
2025-08-15 12:15:30.879727+00:00,31.526943992474116
2025-08-15 12:15:31.220084+00:00,31.526943992474116
2025-08-15 12:15:31.625486+00:00,31.532094661990413
2025-08-15 12:15:32.034280+00:00,31.526943992474116
2025-08-15 12:15:32.639835+00:00,31.532094661990413
2025-08-15 12:15:33.241707+00:00,31.53724533179775
2025-08-15 12:15:33.612081+00:00,31.526943992474116
2025-08-15 12:15:34.062331+00:00,31.516642654314637
2025-08-15 12:15:43.180137+00:00,31.516642654314637
2025-08-15 12:15:43.804365+00:00,31.521793323248858
2025-08-15 12:15:47.728808+00:00,31.516642654314637
2025-08-15 12:15:48.568576+00:00,31.526943992474116
2025-08-15 12:15:50.758434+00:00,31.526943992474116
2025-08-15 12:15:52.013349+00:00,31.547546672285534
2025-08-15 12:15:52.474805+00:00,31.542396001896122
2025-08-15 12:15:53.775694+00:00,31.542396001896122
2025-08-15 12:15:56.363655+00:00,31.526943992474116
2025-08-15 12:15:58.260945+00:00,31.526943992474116
2025-08-15 12:15:59.733574+00:00,31.547546672285534
2025-08-15 12:16:00.008474+00:00,31.547546672285534
2025-08-15 12:16:00.611797+00:00,31.547546672285534
2025-08-15 12:16:03.429201+00:00,31.5629986852
2025-08-15 12:16:07.542916+00:00,31.57330002859817
2025-08-15 12:16:11.494937+00:00,31.58875204587821
2025-08-15 12:16:12.847593+00:00,31.59905339218676
2025-08-15 12:16:13.500795+00:00,31.59905339218676
2025-08-15 12:16:16.168253+00:00,31.58875204587821
2025-08-15 12:16:17.759228+00:00,31.614505413832376
2025-08-15 12:16:18.633366+00:00,31.59905339218676
2025-08-15 12:16:20.073278+00:00,31.614505413832376
2025-08-15 12:16:26.318347+00:00,31.614505413832376
2025-08-15 12:16:27.430010+00:00,31.619656088296324
2025-08-15 12:16:29.486057+00:00,31.609354739659466
2025-08-15 12:16:29.679491+00:00,31.604204065777594
2025-08-15 12:16:29.897497+00:00,31.604204065777594
2025-08-15 12:16:32.555822+00:00,31.59905339218676
2025-08-15 12:16:33.169107+00:00,31.593902718886966
2025-08-15 12:16:33.619390+00:00,31.58875204587821
2025-08-15 12:16:35.525781+00:00,31.604204065777594
2025-08-15 12:16:36.697251+00:00,31.58875204587821
2025-08-15 12:16:37.131299+00:00,31.58875204587821
2025-08-15 12:16:38.491535+00:00,31.609354739659466
2025-08-15 12:16:41.399598+00:00,31.593902718886966
2025-08-15 12:16:42.213227+00:00,31.604204065777594
2025-08-15 12:16:43.733276+00:00,31.614505413832376
2025-08-15 12:16:47.136908+00:00,31.62480676305131
2025-08-15 12:16:49.049031+00:00,31.62480676305131
2025-08-15 12:16:50.867938+00:00,31.62480676305131
2025-08-15 12:16:51.991480+00:00,31.614505413832376
2025-08-15 12:16:53.124761+00:00,31.609354739659466
2025-08-15 12:16:54.847931+00:00,31.609354739659466
2025-08-15 12:16:55.933293+00:00,31.62480676305131
2025-08-15 12:16:56.203597+00:00,31.619656088296324
2025-08-15 12:16:56.787403+00:00,31.619656088296324
2025-08-15 12:16:56.986804+00:00,31.609354739659466
2025-08-15 12:16:57.206128+00:00,31.609354739659466
2025-08-15 12:16:57.429554+00:00,31.609354739659466
2025-08-15 12:17:00.051438+00:00,31.604204065777594
2025-08-15 12:17:02.145444+00:00,31.614505413832376
2025-08-15 12:17:02.725806+00:00,31.604204065777594
2025-08-15 12:17:03.161968+00:00,31.58875204587821
2025-08-15 12:17:06.385850+00:00,31.62480676305131
2025-08-15 12:17:07.870773+00:00,31.6351081134344
2025-08-15 12:17:08.220937+00:00,31.6402587890625
2025-08-15 12:17:11.360802+00:00,31.629957438097335
2025-08-15 12:17:20.253070+00:00,31.650560141191818
2025-08-15 12:17:20.712599+00:00,31.6351081134344
2025-08-15 12:17:21.025004+00:00,31.6402587890625
2025-08-15 12:17:21.281008+00:00,31.6402587890625
2025-08-15 12:17:22.167597+00:00,31.6351081134344
2025-08-15 12:17:27.290342+00:00,31.619656088296324
2025-08-15 12:17:27.618042+00:00,31.619656088296324
2025-08-15 12:17:28.068030+00:00,31.614505413832376
2025-08-15 12:17:28.620712+00:00,31.609354739659466
2025-08-15 12:17:28.949715+00:00,31.619656088296324
2025-08-15 12:17:29.221757+00:00,31.619656088296324
2025-08-15 12:17:31.685157+00:00,31.614505413832376
2025-08-15 12:17:32.155241+00:00,31.619656088296324
2025-08-15 12:17:34.877249+00:00,31.62480676305131
2025-08-15 12:17:36.631948+00:00,31.62480676305131
2025-08-15 12:17:40.766971+00:00,31.619656088296324
2025-08-15 12:17:41.845095+00:00,31.614505413832376
2025-08-15 12:17:42.782690+00:00,31.604204065777594
2025-08-15 12:17:44.808069+00:00,31.609354739659466
2025-08-15 12:17:46.642411+00:00,31.609354739659466
2025-08-15 12:17:47.187189+00:00,31.609354739659466
2025-08-15 12:17:49.147585+00:00,31.614505413832376
2025-08-15 12:17:49.541391+00:00,31.59905339218676
2025-08-15 12:17:49.806198+00:00,31.614505413832376
2025-08-15 12:17:54.794710+00:00,31.58875204587821
2025-08-15 12:17:54.995297+00:00,31.58360137316049
2025-08-15 12:17:55.182803+00:00,31.59905339218676
2025-08-15 12:17:55.405977+00:00,31.593902718886966
2025-08-15 12:17:56.007796+00:00,31.57845070073381
2025-08-15 12:18:00.954646+00:00,31.57845070073381
2025-08-15 12:18:01.801050+00:00,31.58360137316049
2025-08-15 12:18:04.734061+00:00,31.57330002859817
2025-08-15 12:18:07.425343+00:00,31.58875204587821
2025-08-15 12:18:07.794949+00:00,31.58875204587821
2025-08-15 12:18:11.585036+00:00,31.614505413832376
2025-08-15 12:18:12.117257+00:00,31.619656088296324
2025-08-15 12:18:12.565165+00:00,31.619656088296324
2025-08-15 12:18:13.026563+00:00,31.62480676305131
2025-08-15 12:18:13.485463+00:00,31.6351081134344
2025-08-15 12:18:13.877878+00:00,31.6351081134344
2025-08-15 12:18:20.735824+00:00,31.6402587890625
2025-08-15 12:18:23.597305+00:00,31.655710817693034
2025-08-15 12:18:27.460582+00:00,31.655710817693034
2025-08-15 12:18:31.060495+00:00,31.655710817693034
2025-08-15 12:18:32.569932+00:00,31.655710817693034
2025-08-15 12:18:34.230644+00:00,31.650560141191818
2025-08-15 12:18:34.884352+00:00,31.650560141191818
2025-08-15 12:18:35.200265+00:00,31.650560141191818
2025-08-15 12:18:35.667766+00:00,31.650560141191818
2025-08-15 12:18:36.228679+00:00,31.66086149448529
2025-08-15 12:18:37.380940+00:00,31.655710817693034
2025-08-15 12:18:37.849524+00:00,31.655710817693034
2025-08-15 12:18:39.199722+00:00,31.66086149448529
2025-08-15 12:18:40.197936+00:00,31.655710817693034
2025-08-15 12:18:41.551819+00:00,31.66086149448529
2025-08-15 12:18:43.843265+00:00,31.666012171568582
2025-08-15 12:18:44.502702+00:00,31.676313526608283
2025-08-15 12:18:45.883082+00:00,31.69176556135062
2025-08-15 12:18:48.854755+00:00,31.68146420456469
2025-08-15 12:18:50.239988+00:00,31.702066919300705
2025-08-15 12:18:50.480181+00:00,31.69176556135062
2025-08-15 12:18:51.168794+00:00,31.696916240180144
2025-08-15 12:18:52.923857+00:00,31.712368278414942
2025-08-15 12:18:53.274058+00:00,31.712368278414942
2025-08-15 12:18:55.037710+00:00,31.702066919300705
2025-08-15 12:18:55.664980+00:00,31.712368278414942
2025-08-15 12:18:57.139721+00:00,31.71751895840862
2025-08-15 12:18:59.615985+00:00,31.722669638693333
2025-08-15 12:19:00.534659+00:00,31.69176556135062
2025-08-15 12:19:05.100877+00:00,31.696916240180144
2025-08-15 12:19:05.566927+00:00,31.702066919300705
2025-08-15 12:19:08.972046+00:00,31.69176556135062
2025-08-15 12:19:10.784913+00:00,31.676313526608283
2025-08-15 12:19:15.297351+00:00,31.66086149448529
2025-08-15 12:19:16.439001+00:00,31.671162848942913
2025-08-15 12:19:17.206797+00:00,31.68146420456469
2025-08-15 12:19:18.300641+00:00,31.666012171568582
2025-08-15 12:19:20.623060+00:00,31.650560141191818
2025-08-15 12:19:20.807875+00:00,31.619656088296324
2025-08-15 12:19:23.933062+00:00,31.614505413832376
2025-08-15 12:19:24.450540+00:00,31.619656088296324
2025-08-15 12:19:25.928482+00:00,31.609354739659466
2025-08-15 12:19:27.818824+00:00,31.609354739659466
2025-08-15 12:19:34.498147+00:00,31.609354739659466
2025-08-15 12:19:37.003002+00:00,31.609354739659466
2025-08-15 12:19:37.397260+00:00,31.609354739659466
2025-08-15 12:19:39.393285+00:00,31.619656088296324
2025-08-15 12:19:42.063888+00:00,31.629957438097335
2025-08-15 12:19:43.453919+00:00,31.6402587890625
2025-08-15 12:19:44.708599+00:00,31.6351081134344
2025-08-15 12:19:46.048902+00:00,31.6402587890625
2025-08-15 12:19:48.116698+00:00,31.64540946498164
2025-08-15 12:19:48.377217+00:00,31.64540946498164
2025-08-15 12:19:48.610089+00:00,31.66086149448529
2025-08-15 12:19:49.412773+00:00,31.671162848942913
2025-08-15 12:19:51.776672+00:00,31.671162848942913
2025-08-15 12:19:51.970369+00:00,31.671162848942913
2025-08-15 12:19:52.480411+00:00,31.671162848942913
2025-08-15 12:19:52.908085+00:00,31.676313526608283
2025-08-15 12:19:53.893853+00:00,31.671162848942913
2025-08-15 12:19:54.294762+00:00,31.676313526608283
2025-08-15 12:19:54.961796+00:00,31.68146420456469
2025-08-15 12:19:55.773015+00:00,31.676313526608283
2025-08-15 12:19:56.065099+00:00,31.69176556135062
2025-08-15 12:19:56.894686+00:00,31.686614882812137
2025-08-15 12:19:57.102565+00:00,31.686614882812137
2025-08-15 12:19:57.388996+00:00,31.68146420456469
2025-08-15 12:19:57.612221+00:00,31.69176556135062
2025-08-15 12:19:58.246979+00:00,31.686614882812137
2025-08-15 12:19:59.254438+00:00,31.686614882812137
2025-08-15 12:20:03.180750+00:00,31.68146420456469
2025-08-15 12:20:07.905730+00:00,31.69176556135062
2025-08-15 12:20:09.615133+00:00,31.712368278414942
2025-08-15 12:20:10.753731+00:00,31.69176556135062
2025-08-15 12:20:11.269742+00:00,31.712368278414942
2025-08-15 12:20:14.488932+00:00,31.696916240180144
2025-08-15 12:20:18.627787+00:00,31.696916240180144
2025-08-15 12:20:22.966347+00:00,31.69176556135062
2025-08-15 12:20:31.043635+00:00,31.686614882812137
2025-08-15 12:20:32.991421+00:00,31.68146420456469
2025-08-15 12:20:33.693089+00:00,31.69176556135062
2025-08-15 12:20:36.952245+00:00,31.696916240180144
2025-08-15 12:20:37.338493+00:00,31.686614882812137
2025-08-15 12:20:37.898434+00:00,31.69176556135062
2025-08-15 12:20:43.226519+00:00,31.686614882812137
2025-08-15 12:20:47.609181+00:00,31.69176556135062
2025-08-15 12:20:50.323470+00:00,31.68146420456469
2025-08-15 12:20:50.825236+00:00,31.68146420456469
2025-08-15 12:20:51.518327+00:00,31.676313526608283
2025-08-15 12:20:52.687855+00:00,31.686614882812137
2025-08-15 12:20:53.030927+00:00,31.69176556135062
2025-08-15 12:20:54.259741+00:00,31.676313526608283
2025-08-15 12:20:54.551120+00:00,31.68146420456469
2025-08-15 12:20:55.152746+00:00,31.68146420456469
2025-08-15 12:20:55.912710+00:00,31.68146420456469
2025-08-15 12:20:56.655881+00:00,31.666012171568582
2025-08-15 12:20:57.232272+00:00,31.671162848942913
2025-08-15 12:21:01.012664+00:00,31.676313526608283
2025-08-15 12:21:04.677206+00:00,31.650560141191818
2025-08-15 12:21:07.057135+00:00,31.6402587890625
2025-08-15 12:21:08.853571+00:00,31.6402587890625
2025-08-15 12:21:09.201064+00:00,31.6351081134344
2025-08-15 12:21:10.311581+00:00,31.629957438097335
2025-08-15 12:21:13.322712+00:00,31.619656088296324
2025-08-15 12:21:13.969771+00:00,31.629957438097335
2025-08-15 12:21:15.119975+00:00,31.629957438097335
2025-08-15 12:21:16.080950+00:00,31.6351081134344
2025-08-15 12:21:16.506583+00:00,31.6351081134344
2025-08-15 12:21:19.235813+00:00,31.6351081134344
2025-08-15 12:21:21.208825+00:00,31.62480676305131
2025-08-15 12:21:21.760691+00:00,31.619656088296324
2025-08-15 12:21:22.018392+00:00,31.62480676305131
2025-08-15 12:21:22.286414+00:00,31.629957438097335
2025-08-15 12:21:22.712433+00:00,31.629957438097335
2025-08-15 12:21:23.403448+00:00,31.619656088296324
2025-08-15 12:21:26.561923+00:00,31.619656088296324
2025-08-15 12:21:27.718744+00:00,31.609354739659466
2025-08-15 12:21:28.662193+00:00,31.609354739659466
2025-08-15 12:21:29.063002+00:00,31.609354739659466
2025-08-15 12:21:30.399448+00:00,31.609354739659466
2025-08-15 12:21:30.872361+00:00,31.604204065777594
2025-08-15 12:21:31.912461+00:00,31.604204065777594
2025-08-15 12:21:32.672582+00:00,31.619656088296324
2025-08-15 12:21:40.253502+00:00,31.604204065777594
2025-08-15 12:21:41.022268+00:00,31.609354739659466
2025-08-15 12:21:41.387720+00:00,31.619656088296324
2025-08-15 12:21:42.116243+00:00,31.59905339218676
2025-08-15 12:21:42.350682+00:00,31.609354739659466
2025-08-15 12:21:43.770080+00:00,31.609354739659466
2025-08-15 12:21:44.607050+00:00,31.614505413832376
2025-08-15 12:21:47.520181+00:00,31.62480676305131
2025-08-15 12:21:48.022785+00:00,31.614505413832376
2025-08-15 12:21:48.602542+00:00,31.609354739659466
2025-08-15 12:21:49.358599+00:00,31.609354739659466
2025-08-15 12:21:49.744506+00:00,31.609354739659466
2025-08-15 12:21:50.286369+00:00,31.614505413832376
2025-08-15 12:21:51.781060+00:00,31.609354739659466
2025-08-15 12:21:52.090368+00:00,31.619656088296324
2025-08-15 12:21:52.382626+00:00,31.614505413832376
2025-08-15 12:21:52.650003+00:00,31.619656088296324
2025-08-15 12:21:52.910290+00:00,31.614505413832376
2025-08-15 12:21:53.244162+00:00,31.609354739659466
2025-08-15 12:21:55.583977+00:00,31.609354739659466
2025-08-15 12:21:57.192858+00:00,31.59905339218676
2025-08-15 12:21:58.578591+00:00,31.604204065777594
2025-08-15 12:22:00.327749+00:00,31.59905339218676
2025-08-15 12:22:01.837393+00:00,31.593902718886966
2025-08-15 12:22:04.249857+00:00,31.59905339218676
2025-08-15 12:22:07.317469+00:00,31.614505413832376
2025-08-15 12:22:08.202437+00:00,31.609354739659466
2025-08-15 12:22:13.300146+00:00,31.629957438097335
2025-08-15 12:22:13.750529+00:00,31.619656088296324
2025-08-15 12:22:14.242540+00:00,31.619656088296324
2025-08-15 12:22:14.495110+00:00,31.619656088296324
2025-08-15 12:22:17.065229+00:00,31.619656088296324
2025-08-15 12:22:18.461279+00:00,31.62480676305131
2025-08-15 12:22:24.545003+00:00,31.614505413832376
2025-08-15 12:22:24.742961+00:00,31.609354739659466
2025-08-15 12:22:25.201356+00:00,31.609354739659466
2025-08-15 12:22:27.686904+00:00,31.609354739659466
2025-08-15 12:22:28.104671+00:00,31.609354739659466
2025-08-15 12:22:33.011449+00:00,31.614505413832376
2025-08-15 12:22:33.401335+00:00,31.614505413832376
2025-08-15 12:22:34.019973+00:00,31.6351081134344
2025-08-15 12:22:35.497892+00:00,31.619656088296324
2025-08-15 12:22:37.770089+00:00,31.609354739659466
2025-08-15 12:22:43.310031+00:00,31.614505413832376
2025-08-15 12:22:44.759009+00:00,31.604204065777594
2025-08-15 12:22:45.176484+00:00,31.609354739659466
2025-08-15 12:22:46.002746+00:00,31.62480676305131
2025-08-15 12:22:51.130801+00:00,31.609354739659466
2025-08-15 12:22:51.439965+00:00,31.604204065777594
2025-08-15 12:22:53.320755+00:00,31.593902718886966
2025-08-15 12:22:53.755014+00:00,31.58875204587821
2025-08-15 12:22:53.912393+00:00,31.58360137316049
2025-08-15 12:22:56.345162+00:00,31.58360137316049
2025-08-15 12:22:56.943977+00:00,31.57845070073381
2025-08-15 12:22:57.213107+00:00,31.58360137316049
2025-08-15 12:22:57.489394+00:00,31.58875204587821
2025-08-15 12:23:01.310329+00:00,31.58875204587821
2025-08-15 12:23:03.144878+00:00,31.57845070073381
2025-08-15 12:23:03.701535+00:00,31.568149356753565
2025-08-15 12:23:08.895118+00:00,31.568149356753565
2025-08-15 12:23:14.319792+00:00,31.568149356753565
2025-08-15 12:23:16.726837+00:00,31.552697342965985
2025-08-15 12:23:19.090660+00:00,31.557848013937473
2025-08-15 12:23:19.317495+00:00,31.5629986852
2025-08-15 12:23:21.562695+00:00,31.568149356753565
2025-08-15 12:23:23.352168+00:00,31.557848013937473
2025-08-15 12:23:23.687412+00:00,31.557848013937473
2025-08-15 12:23:25.157873+00:00,31.568149356753565
2025-08-15 12:23:27.028822+00:00,31.5629986852
2025-08-15 12:23:28.247826+00:00,31.557848013937473
2025-08-15 12:23:28.700211+00:00,31.5629986852
2025-08-15 12:23:29.025493+00:00,31.5629986852
2025-08-15 12:23:29.291182+00:00,31.5629986852
2025-08-15 12:23:30.334858+00:00,31.552697342965985
2025-08-15 12:23:32.810246+00:00,31.568149356753565
2025-08-15 12:23:33.702798+00:00,31.557848013937473
2025-08-15 12:23:34.092041+00:00,31.557848013937473
2025-08-15 12:23:34.291516+00:00,31.568149356753565
2025-08-15 12:23:34.419624+00:00,31.57330002859817
2025-08-15 12:23:34.965324+00:00,31.57330002859817
2025-08-15 12:23:35.508438+00:00,31.57330002859817
2025-08-15 12:23:36.978987+00:00,31.568149356753565
2025-08-15 12:23:38.217749+00:00,31.568149356753565
2025-08-15 12:23:38.525541+00:00,31.57845070073381
2025-08-15 12:23:38.801227+00:00,31.568149356753565
2025-08-15 12:23:43.758769+00:00,31.5629986852
2025-08-15 12:23:44.011121+00:00,31.5629986852
2025-08-15 12:23:44.227225+00:00,31.557848013937473
2025-08-15 12:23:48.876074+00:00,31.568149356753565
2025-08-15 12:23:49.802059+00:00,31.568149356753565
2025-08-15 12:23:52.273421+00:00,31.5629986852
2025-08-15 12:23:53.167241+00:00,31.57330002859817
2025-08-15 12:23:54.001556+00:00,31.568149356753565
2025-08-15 12:23:54.616429+00:00,31.568149356753565
2025-08-15 12:23:57.420475+00:00,31.547546672285534
2025-08-15 12:23:57.973201+00:00,31.568149356753565
2025-08-15 12:24:01.458705+00:00,31.5629986852
2025-08-15 12:24:01.949516+00:00,31.5629986852
2025-08-15 12:24:02.793559+00:00,31.568149356753565
2025-08-15 12:24:04.042555+00:00,31.568149356753565
2025-08-15 12:24:05.959191+00:00,31.5629986852
2025-08-15 12:24:06.342074+00:00,31.568149356753565
2025-08-15 12:24:06.709954+00:00,31.57330002859817
2025-08-15 12:24:08.242649+00:00,31.568149356753565
2025-08-15 12:24:10.803558+00:00,31.57330002859817
2025-08-15 12:24:12.217686+00:00,31.57330002859817
2025-08-15 12:24:12.859554+00:00,31.57845070073381
2025-08-15 12:24:13.227148+00:00,31.57845070073381
2025-08-15 12:24:13.453569+00:00,31.57330002859817
2025-08-15 12:24:14.763064+00:00,31.568149356753565
2025-08-15 12:24:16.830121+00:00,31.568149356753565
2025-08-15 12:24:17.991889+00:00,31.552697342965985
2025-08-15 12:24:18.815014+00:00,31.568149356753565
2025-08-15 12:24:19.223924+00:00,31.568149356753565
2025-08-15 12:24:19.480754+00:00,31.57845070073381
2025-08-15 12:24:20.058024+00:00,31.58360137316049
2025-08-15 12:24:20.393756+00:00,31.57330002859817
2025-08-15 12:24:20.846567+00:00,31.57330002859817
2025-08-15 12:24:21.815161+00:00,31.557848013937473
2025-08-15 12:24:22.150828+00:00,31.5629986852
2025-08-15 12:24:23.235002+00:00,31.557848013937473
2025-08-15 12:24:24.948495+00:00,31.5629986852
2025-08-15 12:24:26.035280+00:00,31.568149356753565
2025-08-15 12:24:27.079345+00:00,31.5629986852
2025-08-15 12:24:29.331210+00:00,31.557848013937473
2025-08-15 12:24:29.460293+00:00,31.557848013937473
2025-08-15 12:24:30.941449+00:00,31.568149356753565
2025-08-15 12:24:32.682315+00:00,31.557848013937473
2025-08-15 12:24:34.857741+00:00,31.568149356753565
2025-08-15 12:24:35.109177+00:00,31.557848013937473
2025-08-15 12:24:35.338264+00:00,31.5629986852
2025-08-15 12:24:36.211288+00:00,31.5629986852
2025-08-15 12:24:40.305357+00:00,31.5629986852
2025-08-15 12:24:41.030386+00:00,31.557848013937473
2025-08-15 12:24:41.338840+00:00,31.557848013937473
2025-08-15 12:24:48.341944+00:00,31.557848013937473
2025-08-15 12:24:50.927006+00:00,31.557848013937473
2025-08-15 12:24:51.159618+00:00,31.552697342965985
2025-08-15 12:24:52.323656+00:00,31.547546672285534
2025-08-15 12:24:54.269022+00:00,31.547546672285534
2025-08-15 12:24:56.209473+00:00,31.557848013937473
2025-08-15 12:24:56.984975+00:00,31.547546672285534
2025-08-15 12:24:58.012459+00:00,31.542396001896122
2025-08-15 12:24:58.808021+00:00,31.5629986852
2025-08-15 12:24:59.267976+00:00,31.5629986852
2025-08-15 12:24:59.480399+00:00,31.557848013937473
2025-08-15 12:24:59.802007+00:00,31.557848013937473
2025-08-15 12:25:00.837094+00:00,31.5629986852
2025-08-15 12:25:03.953928+00:00,31.58360137316049
2025-08-15 12:25:04.462438+00:00,31.58875204587821
2025-08-15 12:25:05.203061+00:00,31.593902718886966
2025-08-15 12:25:06.067304+00:00,31.57845070073381
2025-08-15 12:25:06.405785+00:00,31.57845070073381
2025-08-15 12:25:12.857336+00:00,31.57845070073381
2025-08-15 12:25:16.743301+00:00,31.604204065777594
2025-08-15 12:25:17.169177+00:00,31.593902718886966
2025-08-15 12:25:18.458990+00:00,31.57845070073381
2025-08-15 12:25:20.082495+00:00,31.593902718886966
2025-08-15 12:25:23.473283+00:00,31.609354739659466
2025-08-15 12:25:23.841489+00:00,31.59905339218676
2025-08-15 12:25:24.157146+00:00,31.58875204587821
2025-08-15 12:25:26.344186+00:00,31.59905339218676
2025-08-15 12:25:30.599149+00:00,31.619656088296324
2025-08-15 12:25:35.113514+00:00,31.619656088296324
2025-08-15 12:25:36.293912+00:00,31.619656088296324
2025-08-15 12:25:37.754690+00:00,31.62480676305131
2025-08-15 12:25:39.173256+00:00,31.62480676305131
2025-08-15 12:25:40.318970+00:00,31.629957438097335
2025-08-15 12:25:41.631172+00:00,31.614505413832376
2025-08-15 12:25:41.889221+00:00,31.62480676305131
2025-08-15 12:25:42.263699+00:00,31.619656088296324
2025-08-15 12:25:42.742702+00:00,31.629957438097335
2025-08-15 12:25:43.093944+00:00,31.62480676305131
2025-08-15 12:25:43.336191+00:00,31.62480676305131
2025-08-15 12:25:43.463962+00:00,31.62480676305131
2025-08-15 12:25:43.879569+00:00,31.62480676305131
2025-08-15 12:25:44.238932+00:00,31.619656088296324
2025-08-15 12:25:46.073882+00:00,31.629957438097335
2025-08-15 12:25:48.687166+00:00,31.609354739659466
2025-08-15 12:25:49.289686+00:00,31.604204065777594
2025-08-15 12:25:51.945955+00:00,31.614505413832376
2025-08-15 12:25:52.230731+00:00,31.59905339218676
2025-08-15 12:25:52.479207+00:00,31.614505413832376
2025-08-15 12:25:52.697039+00:00,31.614505413832376
2025-08-15 12:25:52.938833+00:00,31.609354739659466
2025-08-15 12:25:53.088857+00:00,31.609354739659466
2025-08-15 12:25:53.331420+00:00,31.614505413832376
2025-08-15 12:25:53.658845+00:00,31.609354739659466
2025-08-15 12:25:53.900854+00:00,31.604204065777594
2025-08-15 12:25:54.176297+00:00,31.619656088296324
2025-08-15 12:25:56.966003+00:00,31.614505413832376
2025-08-15 12:25:57.685464+00:00,31.604204065777594
2025-08-15 12:25:58.787410+00:00,31.604204065777594
2025-08-15 12:25:58.997920+00:00,31.609354739659466
2025-08-15 12:26:01.384921+00:00,31.609354739659466
2025-08-15 12:26:03.988547+00:00,31.609354739659466
2025-08-15 12:26:06.015039+00:00,31.619656088296324
2025-08-15 12:26:06.722697+00:00,31.62480676305131
2025-08-15 12:26:07.160813+00:00,31.619656088296324
2025-08-15 12:26:09.938942+00:00,31.629957438097335
2025-08-15 12:26:10.597702+00:00,31.614505413832376
2025-08-15 12:26:14.474794+00:00,31.6351081134344
2025-08-15 12:26:16.048436+00:00,31.6402587890625
2025-08-15 12:26:16.731077+00:00,31.619656088296324
2025-08-15 12:26:20.129199+00:00,31.629957438097335
2025-08-15 12:26:21.112962+00:00,31.619656088296324
2025-08-15 12:26:21.559257+00:00,31.619656088296324
2025-08-15 12:26:24.057967+00:00,31.614505413832376
2025-08-15 12:26:24.455241+00:00,31.614505413832376
2025-08-15 12:26:25.010940+00:00,31.59905339218676
2025-08-15 12:26:26.606322+00:00,31.59905339218676
2025-08-15 12:26:26.831352+00:00,31.593902718886966
2025-08-15 12:26:28.104830+00:00,31.614505413832376
2025-08-15 12:26:28.938065+00:00,31.604204065777594
2025-08-15 12:26:29.964993+00:00,31.59905339218676
2025-08-15 12:26:30.855637+00:00,31.59905339218676
2025-08-15 12:26:31.354022+00:00,31.59905339218676
2025-08-15 12:26:34.429222+00:00,31.609354739659466
2025-08-15 12:26:37.137696+00:00,31.614505413832376
2025-08-15 12:26:38.168322+00:00,31.619656088296324
2025-08-15 12:26:38.879003+00:00,31.609354739659466
2025-08-15 12:26:40.842044+00:00,31.609354739659466
2025-08-15 12:26:41.860023+00:00,31.62480676305131
2025-08-15 12:26:42.444326+00:00,31.619656088296324
2025-08-15 12:26:42.738332+00:00,31.629957438097335
2025-08-15 12:26:43.038901+00:00,31.619656088296324
2025-08-15 12:26:43.421380+00:00,31.62480676305131
2025-08-15 12:26:44.245347+00:00,31.629957438097335
2025-08-15 12:26:46.141884+00:00,31.629957438097335
2025-08-15 12:26:48.652479+00:00,31.6351081134344
2025-08-15 12:26:49.113263+00:00,31.62480676305131
2025-08-15 12:26:50.012579+00:00,31.629957438097335
2025-08-15 12:26:52.603938+00:00,31.593902718886966
2025-08-15 12:26:55.662386+00:00,31.58875204587821
2025-08-15 12:26:58.912523+00:00,31.58360137316049
2025-08-15 12:26:59.563531+00:00,31.568149356753565
2025-08-15 12:26:59.896069+00:00,31.568149356753565
2025-08-15 12:27:00.206105+00:00,31.58360137316049
2025-08-15 12:27:00.639289+00:00,31.57845070073381
2025-08-15 12:27:01.222726+00:00,31.568149356753565
2025-08-15 12:27:03.023657+00:00,31.57330002859817
2025-08-15 12:27:06.198424+00:00,31.57330002859817
2025-08-15 12:27:13.536681+00:00,31.58875204587821
2025-08-15 12:27:13.790990+00:00,31.58360137316049
2025-08-15 12:27:13.986901+00:00,31.58360137316049
2025-08-15 12:27:14.726301+00:00,31.57845070073381
2025-08-15 12:27:16.038121+00:00,31.58875204587821
2025-08-15 12:27:17.281472+00:00,31.57845070073381
2025-08-15 12:27:21.386568+00:00,31.57845070073381
2025-08-15 12:27:21.660553+00:00,31.593902718886966
2025-08-15 12:27:22.906874+00:00,31.593902718886966
2025-08-15 12:27:23.131646+00:00,31.593902718886966
2025-08-15 12:27:23.951449+00:00,31.59905339218676
2025-08-15 12:27:25.778438+00:00,31.604204065777594
2025-08-15 12:27:28.664806+00:00,31.604204065777594
2025-08-15 12:27:29.758658+00:00,31.619656088296324
2025-08-15 12:27:30.107868+00:00,31.614505413832376
2025-08-15 12:27:31.345272+00:00,31.62480676305131
2025-08-15 12:27:35.523728+00:00,31.6351081134344
2025-08-15 12:27:37.652393+00:00,31.64540946498164
2025-08-15 12:27:38.428424+00:00,31.619656088296324
2025-08-15 12:27:39.199205+00:00,31.6351081134344
2025-08-15 12:27:39.453386+00:00,31.629957438097335
2025-08-15 12:27:40.379526+00:00,31.6351081134344
2025-08-15 12:27:41.135221+00:00,31.629957438097335
2025-08-15 12:27:41.581183+00:00,31.6402587890625
2025-08-15 12:27:42.553104+00:00,31.62480676305131
2025-08-15 12:27:43.235170+00:00,31.6351081134344
2025-08-15 12:27:44.013695+00:00,31.6351081134344
2025-08-15 12:27:44.810634+00:00,31.6402587890625
2025-08-15 12:27:47.596192+00:00,31.6402587890625
2025-08-15 12:27:54.876934+00:00,31.66086149448529
2025-08-15 12:27:55.260364+00:00,31.671162848942913
2025-08-15 12:27:55.520312+00:00,31.666012171568582
2025-08-15 12:27:57.459182+00:00,31.66086149448529
2025-08-15 12:27:59.037177+00:00,31.676313526608283
2025-08-15 12:27:59.238639+00:00,31.68146420456469
2025-08-15 12:27:59.444835+00:00,31.676313526608283
2025-08-15 12:28:00.478415+00:00,31.686614882812137
2025-08-15 12:28:01.952710+00:00,31.696916240180144
2025-08-15 12:28:03.470917+00:00,31.69176556135062
2025-08-15 12:28:06.053678+00:00,31.702066919300705
2025-08-15 12:28:07.064413+00:00,31.69176556135062
2025-08-15 12:28:11.169621+00:00,31.68146420456469
2025-08-15 12:28:11.760168+00:00,31.676313526608283
2025-08-15 12:28:12.293334+00:00,31.676313526608283
2025-08-15 12:28:13.105462+00:00,31.68146420456469
2025-08-15 12:28:14.418321+00:00,31.68146420456469
2025-08-15 12:28:19.826811+00:00,31.676313526608283
2025-08-15 12:28:24.260326+00:00,31.666012171568582
2025-08-15 12:28:24.929534+00:00,31.66086149448529
2025-08-15 12:28:25.530866+00:00,31.655710817693034
2025-08-15 12:28:26.307495+00:00,31.655710817693034
2025-08-15 12:28:28.797364+00:00,31.66086149448529
2025-08-15 12:28:29.268338+00:00,31.666012171568582
2025-08-15 12:28:29.594031+00:00,31.650560141191818
2025-08-15 12:28:29.959425+00:00,31.66086149448529
2025-08-15 12:28:31.562880+00:00,31.66086149448529
2025-08-15 12:28:32.285422+00:00,31.666012171568582
2025-08-15 12:28:33.286371+00:00,31.671162848942913
2025-08-15 12:28:36.826174+00:00,31.671162848942913
2025-08-15 12:28:37.601936+00:00,31.676313526608283
2025-08-15 12:28:37.902271+00:00,31.671162848942913
2025-08-15 12:28:38.461089+00:00,31.671162848942913
2025-08-15 12:28:38.700922+00:00,31.68146420456469
2025-08-15 12:28:38.934971+00:00,31.69176556135062
2025-08-15 12:28:39.271877+00:00,31.686614882812137
2025-08-15 12:28:40.235192+00:00,31.69176556135062
2025-08-15 12:28:41.252484+00:00,31.68146420456469
2025-08-15 12:28:44.203543+00:00,31.676313526608283
2025-08-15 12:28:46.160707+00:00,31.650560141191818
2025-08-15 12:28:48.122288+00:00,31.655710817693034
2025-08-15 12:28:48.660663+00:00,31.666012171568582
2025-08-15 12:28:49.726697+00:00,31.66086149448529
2025-08-15 12:28:51.678200+00:00,31.686614882812137
2025-08-15 12:28:56.071169+00:00,31.686614882812137
2025-08-15 12:28:56.927063+00:00,31.702066919300705
2025-08-15 12:28:58.250723+00:00,31.702066919300705
2025-08-15 12:28:59.154279+00:00,31.702066919300705
2025-08-15 12:29:00.409065+00:00,31.707217598712305
2025-08-15 12:29:02.002479+00:00,31.702066919300705
2025-08-15 12:29:02.344259+00:00,31.696916240180144
2025-08-15 12:29:03.736938+00:00,31.702066919300705
2025-08-15 12:29:06.439198+00:00,31.707217598712305
2025-08-15 12:29:06.855140+00:00,31.702066919300705
2025-08-15 12:29:08.910772+00:00,31.71751895840862
2025-08-15 12:29:12.452053+00:00,31.732971000135876
2025-08-15 12:29:12.838966+00:00,31.727820319269085
2025-08-15 12:29:16.489772+00:00,31.732971000135876
2025-08-15 12:29:17.635145+00:00,31.722669638693333
2025-08-15 12:29:18.107965+00:00,31.732971000135876
2025-08-15 12:29:18.443689+00:00,31.753573726513423
2025-08-15 12:29:20.104282+00:00,31.753573726513423
2025-08-15 12:29:20.957477+00:00,31.74842304448248
2025-08-15 12:29:22.781055+00:00,31.743272362742573
2025-08-15 12:29:24.141020+00:00,31.738121681293705
2025-08-15 12:29:25.604625+00:00,31.743272362742573
2025-08-15 12:29:26.609697+00:00,31.732971000135876
2025-08-15 12:29:27.283544+00:00,31.732971000135876
2025-08-15 12:29:28.332828+00:00,31.732971000135876
2025-08-15 12:29:29.843031+00:00,31.738121681293705
2025-08-15 12:29:33.893382+00:00,31.732971000135876
2025-08-15 12:29:34.275507+00:00,31.712368278414942
2025-08-15 12:29:34.510523+00:00,31.722669638693333
2025-08-15 12:29:34.994428+00:00,31.722669638693333
2025-08-15 12:29:35.244724+00:00,31.722669638693333
2025-08-15 12:29:37.143133+00:00,31.743272362742573
2025-08-15 12:29:38.337282+00:00,31.738121681293705
2025-08-15 12:29:38.680093+00:00,31.727820319269085
2025-08-15 12:29:39.866104+00:00,31.722669638693333
2025-08-15 12:29:42.300560+00:00,31.727820319269085
2025-08-15 12:29:43.468146+00:00,31.712368278414942
2025-08-15 12:29:50.734089+00:00,31.696916240180144
2025-08-15 12:29:51.377668+00:00,31.68146420456469
2025-08-15 12:29:53.075626+00:00,31.68146420456469
2025-08-15 12:29:55.305592+00:00,31.686614882812137
2025-08-15 12:29:56.109581+00:00,31.686614882812137
2025-08-15 12:29:56.376776+00:00,31.68146420456469
2025-08-15 12:29:57.164156+00:00,31.69176556135062
2025-08-15 12:29:59.640109+00:00,31.671162848942913
2025-08-15 12:30:04.215282+00:00,31.666012171568582
2025-08-15 12:30:04.968871+00:00,31.666012171568582
2025-08-15 12:30:08.593140+00:00,31.671162848942913
2025-08-15 12:30:09.291732+00:00,31.650560141191818
2025-08-15 12:30:09.675636+00:00,31.66086149448529
2025-08-15 12:30:13.613201+00:00,31.650560141191818
2025-08-15 12:30:17.467500+00:00,31.66086149448529
2025-08-15 12:30:18.018388+00:00,31.650560141191818
2025-08-15 12:30:18.534833+00:00,31.655710817693034
2025-08-15 12:30:23.709741+00:00,31.655710817693034
2025-08-15 12:30:24.926234+00:00,31.66086149448529
2025-08-15 12:30:25.868921+00:00,31.650560141191818
2025-08-15 12:30:26.426813+00:00,31.64540946498164
2025-08-15 12:30:26.825195+00:00,31.655710817693034
2025-08-15 12:30:27.221059+00:00,31.650560141191818
2025-08-15 12:30:27.746034+00:00,31.671162848942913
2025-08-15 12:30:28.150527+00:00,31.655710817693034
2025-08-15 12:30:29.636202+00:00,31.650560141191818
2025-08-15 12:30:35.156417+00:00,31.671162848942913
2025-08-15 12:30:35.618147+00:00,31.686614882812137
2025-08-15 12:30:37.678177+00:00,31.68146420456469
2025-08-15 12:30:41.837041+00:00,31.69176556135062
2025-08-15 12:30:44.993418+00:00,31.68146420456469
2025-08-15 12:30:46.058774+00:00,31.676313526608283
2025-08-15 12:30:49.150300+00:00,31.68146420456469
2025-08-15 12:30:51.967008+00:00,31.671162848942913
2025-08-15 12:30:53.984664+00:00,31.676313526608283
2025-08-15 12:30:55.650793+00:00,31.671162848942913
2025-08-15 12:30:58.044864+00:00,31.66086149448529
2025-08-15 12:31:01.115561+00:00,31.671162848942913
2025-08-15 12:31:07.547544+00:00,31.68146420456469
2025-08-15 12:31:08.082200+00:00,31.66086149448529
2025-08-15 12:31:09.502115+00:00,31.655710817693034
2025-08-15 12:31:10.381981+00:00,31.655710817693034
2025-08-15 12:31:10.821388+00:00,31.66086149448529
2025-08-15 12:31:11.974355+00:00,31.671162848942913
2025-08-15 12:31:13.467687+00:00,31.64540946498164
2025-08-15 12:31:14.590958+00:00,31.650560141191818
2025-08-15 12:31:15.108405+00:00,31.650560141191818
2025-08-15 12:31:18.548507+00:00,31.66086149448529
2025-08-15 12:31:19.458096+00:00,31.64540946498164
2025-08-15 12:31:20.477283+00:00,31.64540946498164
2025-08-15 12:31:21.127491+00:00,31.64540946498164
2025-08-15 12:31:22.975717+00:00,31.650560141191818
2025-08-15 12:31:24.671364+00:00,31.6351081134344
2025-08-15 12:31:26.576967+00:00,31.629957438097335
2025-08-15 12:31:27.595513+00:00,31.6402587890625
2025-08-15 12:31:29.173620+00:00,31.64540946498164
2025-08-15 12:31:29.390558+00:00,31.6351081134344
2025-08-15 12:31:29.631345+00:00,31.64540946498164
2025-08-15 12:31:29.877946+00:00,31.64540946498164
2025-08-15 12:31:30.086504+00:00,31.6402587890625
2025-08-15 12:31:32.492315+00:00,31.6351081134344
2025-08-15 12:31:34.824639+00:00,31.629957438097335
2025-08-15 12:31:35.767508+00:00,31.62480676305131
2025-08-15 12:31:36.919255+00:00,31.619656088296324
2025-08-15 12:31:39.601650+00:00,31.619656088296324
2025-08-15 12:31:40.820942+00:00,31.62480676305131
2025-08-15 12:31:42.416145+00:00,31.62480676305131
2025-08-15 12:31:44.530480+00:00,31.619656088296324
2025-08-15 12:31:44.807458+00:00,31.609354739659466
2025-08-15 12:31:44.974019+00:00,31.614505413832376
2025-08-15 12:31:45.282043+00:00,31.629957438097335
2025-08-15 12:31:50.714409+00:00,31.619656088296324
2025-08-15 12:31:50.965825+00:00,31.614505413832376
2025-08-15 12:31:51.222057+00:00,31.629957438097335
2025-08-15 12:31:51.449514+00:00,31.619656088296324
2025-08-15 12:31:51.917103+00:00,31.619656088296324
2025-08-15 12:31:52.177673+00:00,31.619656088296324
2025-08-15 12:31:52.321876+00:00,31.62480676305131
2025-08-15 12:31:53.814374+00:00,31.62480676305131
2025-08-15 12:31:54.073343+00:00,31.604204065777594
2025-08-15 12:31:56.790168+00:00,31.609354739659466
2025-08-15 12:31:57.028889+00:00,31.614505413832376
2025-08-15 12:31:57.272027+00:00,31.614505413832376
2025-08-15 12:31:57.982126+00:00,31.619656088296324
2025-08-15 12:32:05.280733+00:00,31.604204065777594
2025-08-15 12:32:05.706168+00:00,31.59905339218676
2025-08-15 12:32:07.359441+00:00,31.614505413832376
2025-08-15 12:32:07.773196+00:00,31.619656088296324
2025-08-15 12:32:08.294983+00:00,31.619656088296324
2025-08-15 12:32:09.781939+00:00,31.614505413832376
2025-08-15 12:32:10.167718+00:00,31.614505413832376
2025-08-15 12:32:10.623217+00:00,31.6351081134344
2025-08-15 12:32:11.520864+00:00,31.629957438097335
2025-08-15 12:32:12.031402+00:00,31.629957438097335
2025-08-15 12:32:12.430643+00:00,31.629957438097335
2025-08-15 12:32:14.155550+00:00,31.629957438097335
2025-08-15 12:32:16.316065+00:00,31.6402587890625
2025-08-15 12:32:19.296911+00:00,31.6402587890625
2025-08-15 12:32:20.283651+00:00,31.66086149448529
2025-08-15 12:32:20.834653+00:00,31.650560141191818
2025-08-15 12:32:22.756033+00:00,31.66086149448529
2025-08-15 12:32:23.140684+00:00,31.655710817693034
2025-08-15 12:32:23.663445+00:00,31.66086149448529
2025-08-15 12:32:24.009823+00:00,31.655710817693034
2025-08-15 12:32:24.370573+00:00,31.66086149448529
2025-08-15 12:32:25.831527+00:00,31.66086149448529
2025-08-15 12:32:26.734796+00:00,31.66086149448529
2025-08-15 12:32:26.996821+00:00,31.666012171568582
2025-08-15 12:32:27.187027+00:00,31.666012171568582
2025-08-15 12:32:27.963794+00:00,31.66086149448529
2025-08-15 12:32:29.592526+00:00,31.666012171568582
2025-08-15 12:32:29.805068+00:00,31.655710817693034
2025-08-15 12:32:29.985896+00:00,31.671162848942913
2025-08-15 12:32:30.310526+00:00,31.676313526608283
2025-08-15 12:32:30.696128+00:00,31.68146420456469
2025-08-15 12:32:31.030260+00:00,31.671162848942913
2025-08-15 12:32:31.379875+00:00,31.666012171568582
2025-08-15 12:32:31.728487+00:00,31.666012171568582
2025-08-15 12:32:32.130206+00:00,31.671162848942913
2025-08-15 12:32:32.705701+00:00,31.666012171568582
2025-08-15 12:32:33.080012+00:00,31.671162848942913
2025-08-15 12:32:33.576677+00:00,31.666012171568582
2025-08-15 12:32:33.854140+00:00,31.66086149448529
2025-08-15 12:32:35.297966+00:00,31.66086149448529
2025-08-15 12:32:35.848428+00:00,31.68146420456469
2025-08-15 12:32:37.278937+00:00,31.671162848942913
2025-08-15 12:32:38.808325+00:00,31.666012171568582
2025-08-15 12:32:41.013684+00:00,31.66086149448529
2025-08-15 12:32:41.288980+00:00,31.671162848942913
2025-08-15 12:32:41.565896+00:00,31.671162848942913
2025-08-15 12:32:41.900552+00:00,31.666012171568582
2025-08-15 12:32:42.260478+00:00,31.676313526608283
2025-08-15 12:32:42.526300+00:00,31.666012171568582
2025-08-15 12:32:42.828111+00:00,31.671162848942913
2025-08-15 12:32:43.439956+00:00,31.666012171568582
2025-08-15 12:32:43.831103+00:00,31.66086149448529
2025-08-15 12:32:44.507094+00:00,31.666012171568582
2025-08-15 12:32:45.205283+00:00,31.671162848942913
2025-08-15 12:32:45.557813+00:00,31.671162848942913
2025-08-15 12:32:45.907323+00:00,31.671162848942913
2025-08-15 12:32:51.171779+00:00,31.655710817693034
2025-08-15 12:32:52.659705+00:00,31.650560141191818
2025-08-15 12:32:53.085756+00:00,31.655710817693034
2025-08-15 12:32:53.873404+00:00,31.66086149448529
2025-08-15 12:32:54.923388+00:00,31.655710817693034
2025-08-15 12:32:55.324556+00:00,31.655710817693034
2025-08-15 12:32:55.952916+00:00,31.66086149448529
2025-08-15 12:32:56.746339+00:00,31.655710817693034
2025-08-15 12:32:57.432293+00:00,31.650560141191818
2025-08-15 12:32:58.480688+00:00,31.6402587890625
2025-08-15 12:32:59.339076+00:00,31.650560141191818
2025-08-15 12:32:59.623682+00:00,31.650560141191818
2025-08-15 12:33:01.762714+00:00,31.650560141191818
2025-08-15 12:33:05.314587+00:00,31.66086149448529
2025-08-15 12:33:07.388896+00:00,31.655710817693034
2025-08-15 12:33:09.406576+00:00,31.66086149448529
2025-08-15 12:33:14.644667+00:00,31.66086149448529
2025-08-15 12:33:15.028548+00:00,31.650560141191818
2025-08-15 12:33:15.521529+00:00,31.66086149448529
2025-08-15 12:33:17.805544+00:00,31.650560141191818
2025-08-15 12:33:19.571273+00:00,31.650560141191818
2025-08-15 12:33:20.358548+00:00,31.66086149448529
2025-08-15 12:33:21.603972+00:00,31.666012171568582
2025-08-15 12:33:22.305157+00:00,31.655710817693034
2025-08-15 12:33:22.730697+00:00,31.66086149448529
2025-08-15 12:33:23.107965+00:00,31.66086149448529
2025-08-15 12:33:23.489021+00:00,31.676313526608283
2025-08-15 12:33:25.954963+00:00,31.676313526608283
2025-08-15 12:33:27.662561+00:00,31.666012171568582
2025-08-15 12:33:28.656089+00:00,31.671162848942913
2025-08-15 12:33:29.952060+00:00,31.671162848942913
2025-08-15 12:33:31.661483+00:00,31.66086149448529
2025-08-15 12:33:38.931835+00:00,31.666012171568582
2025-08-15 12:33:39.180116+00:00,31.69176556135062
2025-08-15 12:33:39.546010+00:00,31.68146420456469
2025-08-15 12:33:39.830099+00:00,31.676313526608283
2025-08-15 12:33:40.071495+00:00,31.671162848942913
2025-08-15 12:33:40.213138+00:00,31.68146420456469
2025-08-15 12:33:43.114551+00:00,31.671162848942913
2025-08-15 12:33:44.538414+00:00,31.671162848942913
2025-08-15 12:33:44.825824+00:00,31.686614882812137
2025-08-15 12:33:45.163346+00:00,31.686614882812137
2025-08-15 12:33:46.121381+00:00,31.69176556135062
2025-08-15 12:33:46.555513+00:00,31.69176556135062
2025-08-15 12:33:47.583584+00:00,31.68146420456469
2025-08-15 12:33:53.751178+00:00,31.686614882812137
2025-08-15 12:33:54.777879+00:00,31.68146420456469
2025-08-15 12:33:56.545381+00:00,31.666012171568582
2025-08-15 12:33:57.062474+00:00,31.676313526608283
2025-08-15 12:33:57.360815+00:00,31.671162848942913
2025-08-15 12:33:58.018925+00:00,31.666012171568582
2025-08-15 12:34:00.986497+00:00,31.64540946498164
2025-08-15 12:34:01.562237+00:00,31.6402587890625
2025-08-15 12:34:02.338150+00:00,31.629957438097335
2025-08-15 12:34:03.945334+00:00,31.629957438097335
2025-08-15 12:34:05.787305+00:00,31.614505413832376
2025-08-15 12:34:11.999053+00:00,31.614505413832376
2025-08-15 12:34:12.403520+00:00,31.59905339218676
2025-08-15 12:34:18.694340+00:00,31.59905339218676
2025-08-15 12:34:19.546243+00:00,31.6402587890625
2025-08-15 12:34:21.203178+00:00,31.6402587890625
2025-08-15 12:34:21.831485+00:00,31.650560141191818
2025-08-15 12:34:22.134218+00:00,31.64540946498164
2025-08-15 12:34:22.449672+00:00,31.650560141191818
2025-08-15 12:34:25.450659+00:00,31.655710817693034
2025-08-15 12:34:26.352748+00:00,31.62480676305131
2025-08-15 12:34:28.869055+00:00,31.68146420456469
2025-08-15 12:34:29.795186+00:00,31.68146420456469
2025-08-15 12:34:32.537498+00:00,31.696916240180144
2025-08-15 12:34:34.824917+00:00,31.707217598712305
2025-08-15 12:34:35.180136+00:00,31.671162848942913
2025-08-15 12:34:38.962007+00:00,31.671162848942913
2025-08-15 12:34:39.386564+00:00,31.666012171568582
2025-08-15 12:34:41.567515+00:00,31.671162848942913
2025-08-15 12:34:43.079431+00:00,31.676313526608283
2025-08-15 12:34:43.379916+00:00,31.666012171568582
2025-08-15 12:34:43.639302+00:00,31.676313526608283
2025-08-15 12:34:44.416076+00:00,31.686614882812137
2025-08-15 12:34:47.573947+00:00,31.68146420456469
2025-08-15 12:34:49.068017+00:00,31.671162848942913
2025-08-15 12:34:49.362050+00:00,31.68146420456469
2025-08-15 12:34:49.637867+00:00,31.69176556135062
2025-08-15 12:34:49.895819+00:00,31.686614882812137
2025-08-15 12:34:50.113184+00:00,31.69176556135062
2025-08-15 12:34:50.565660+00:00,31.68146420456469
2025-08-15 12:34:53.713596+00:00,31.68146420456469
2025-08-15 12:34:54.713248+00:00,31.68146420456469
2025-08-15 12:34:55.296180+00:00,31.69176556135062
2025-08-15 12:34:55.903855+00:00,31.69176556135062
2025-08-15 12:34:58.059991+00:00,31.702066919300705
2025-08-15 12:34:59.269872+00:00,31.707217598712305
2025-08-15 12:35:01.270380+00:00,31.722669638693333
2025-08-15 12:35:03.670986+00:00,31.712368278414942
2025-08-15 12:35:07.001375+00:00,31.71751895840862
2025-08-15 12:35:08.143091+00:00,31.722669638693333
2025-08-15 12:35:08.773766+00:00,31.722669638693333
2025-08-15 12:35:09.347405+00:00,31.727820319269085
2025-08-15 12:35:10.202004+00:00,31.732971000135876
2025-08-15 12:35:10.737359+00:00,31.732971000135876
2025-08-15 12:35:14.903743+00:00,31.743272362742573
2025-08-15 12:35:15.278992+00:00,31.74842304448248
2025-08-15 12:35:15.646799+00:00,31.753573726513423
2025-08-15 12:35:16.028827+00:00,31.74842304448248
2025-08-15 12:35:23.634636+00:00,31.769025774352485
2025-08-15 12:35:30.665798+00:00,31.77932714103372
2025-08-15 12:35:31.201379+00:00,31.774176457547583
2025-08-15 12:35:32.256799+00:00,31.784477824810892
2025-08-15 12:35:32.772408+00:00,31.77932714103372
2025-08-15 12:35:33.444235+00:00,31.784477824810892
2025-08-15 12:35:34.140471+00:00,31.784477824810892
2025-08-15 12:35:35.867324+00:00,31.784477824810892
2025-08-15 12:35:36.574310+00:00,31.789628508879105
2025-08-15 12:35:38.834282+00:00,31.789628508879105
2025-08-15 12:35:41.526715+00:00,31.794779193238355
2025-08-15 12:35:45.679749+00:00,31.794779193238355
2025-08-15 12:35:47.529057+00:00,31.794779193238355
2025-08-15 12:35:49.013950+00:00,31.794779193238355
2025-08-15 12:35:49.480911+00:00,31.81538193358574
2025-08-15 12:35:49.985740+00:00,31.810231248062337
2025-08-15 12:35:50.827578+00:00,31.820532619400183
2025-08-15 12:35:52.194145+00:00,31.825683305505663
2025-08-15 12:35:52.455829+00:00,31.820532619400183
2025-08-15 12:35:52.975724+00:00,31.81538193358574
2025-08-15 12:35:53.235887+00:00,31.81538193358574
2025-08-15 12:35:53.415269+00:00,31.820532619400183
2025-08-15 12:35:56.165245+00:00,31.810231248062337
2025-08-15 12:35:59.196171+00:00,31.81538193358574
2025-08-15 12:36:00.259684+00:00,31.794779193238355
2025-08-15 12:36:03.402115+00:00,31.799929877888644
2025-08-15 12:36:05.701181+00:00,31.810231248062337
2025-08-15 12:36:06.661259+00:00,31.810231248062337
2025-08-15 12:36:07.017439+00:00,31.799929877888644
2025-08-15 12:36:13.552511+00:00,31.825683305505663
2025-08-15 12:36:15.331465+00:00,31.83598467858974
2025-08-15 12:36:15.795658+00:00,31.825683305505663
2025-08-15 12:36:20.571835+00:00,31.81538193358574
2025-08-15 12:36:20.847398+00:00,31.825683305505663
2025-08-15 12:36:21.061373+00:00,31.825683305505663
2025-08-15 12:36:22.926254+00:00,31.81538193358574
2025-08-15 12:36:23.885148+00:00,31.810231248062337
2025-08-15 12:36:28.204129+00:00,31.81538193358574
2025-08-15 12:36:30.285456+00:00,31.80508056282997
2025-08-15 12:36:31.668912+00:00,31.799929877888644
2025-08-15 12:36:33.728550+00:00,31.794779193238355
2025-08-15 12:36:34.205094+00:00,31.784477824810892
2025-08-15 12:36:35.535398+00:00,31.77932714103372
2025-08-15 12:36:35.685953+00:00,31.794779193238355
2025-08-15 12:36:35.943358+00:00,31.794779193238355
2025-08-15 12:36:38.453201+00:00,31.789628508879105
2025-08-15 12:36:38.644220+00:00,31.784477824810892
2025-08-15 12:36:38.879388+00:00,31.794779193238355
2025-08-15 12:36:39.061905+00:00,31.789628508879105
2025-08-15 12:36:39.286096+00:00,31.789628508879105
2025-08-15 12:36:39.520413+00:00,31.794779193238355
2025-08-15 12:36:40.366493+00:00,31.794779193238355
2025-08-15 12:36:41.101116+00:00,31.799929877888644
2025-08-15 12:36:43.491818+00:00,31.810231248062337
2025-08-15 12:36:44.787321+00:00,31.794779193238355
2025-08-15 12:36:45.334358+00:00,31.799929877888644
2025-08-15 12:36:45.705568+00:00,31.794779193238355
2025-08-15 12:36:48.234049+00:00,31.799929877888644
2025-08-15 12:36:48.934263+00:00,31.789628508879105
2025-08-15 12:36:49.668476+00:00,31.789628508879105
2025-08-15 12:36:49.825380+00:00,31.789628508879105
2025-08-15 12:36:50.536124+00:00,31.784477824810892
2025-08-15 12:36:51.052702+00:00,31.784477824810892
2025-08-15 12:36:52.611648+00:00,31.774176457547583
2025-08-15 12:36:53.077546+00:00,31.774176457547583
2025-08-15 12:36:53.318260+00:00,31.774176457547583
2025-08-15 12:36:55.299382+00:00,31.789628508879105
2025-08-15 12:36:55.667190+00:00,31.774176457547583
2025-08-15 12:36:58.310780+00:00,31.763875091448426
2025-08-15 12:36:58.552737+00:00,31.743272362742573
2025-08-15 12:36:58.807474+00:00,31.743272362742573
2025-08-15 12:37:00.735330+00:00,31.738121681293705
2025-08-15 12:37:05.615476+00:00,31.738121681293705
2025-08-15 12:37:07.251376+00:00,31.743272362742573
2025-08-15 12:37:11.377069+00:00,31.738121681293705
2025-08-15 12:37:13.061676+00:00,31.758724408835405
2025-08-15 12:37:13.813847+00:00,31.758724408835405
2025-08-15 12:37:14.816076+00:00,31.763875091448426
2025-08-15 12:37:18.557874+00:00,31.753573726513423
2025-08-15 12:37:21.264557+00:00,31.77932714103372
2025-08-15 12:37:22.377262+00:00,31.77932714103372
2025-08-15 12:37:22.686268+00:00,31.774176457547583
2025-08-15 12:37:23.378817+00:00,31.784477824810892
2025-08-15 12:37:23.592952+00:00,31.774176457547583
2025-08-15 12:37:25.250585+00:00,31.774176457547583
2025-08-15 12:37:25.835099+00:00,31.784477824810892
2025-08-15 12:37:26.286083+00:00,31.789628508879105
2025-08-15 12:37:26.852214+00:00,31.784477824810892
2025-08-15 12:37:27.079557+00:00,31.784477824810892
2025-08-15 12:37:27.377149+00:00,31.784477824810892
2025-08-15 12:37:28.339155+00:00,31.794779193238355
2025-08-15 12:37:28.709169+00:00,31.789628508879105
2025-08-15 12:37:32.254373+00:00,31.799929877888644
2025-08-15 12:37:34.070350+00:00,31.799929877888644
2025-08-15 12:37:38.022139+00:00,31.841135365568334
2025-08-15 12:37:38.258941+00:00,31.846286052837968
2025-08-15 12:37:41.297220+00:00,31.866888804826885
2025-08-15 12:37:41.458929+00:00,31.85658742825035
2025-08-15 12:37:41.698713+00:00,31.846286052837968
2025-08-15 12:37:42.368119+00:00,31.85658742825035
2025-08-15 12:37:44.096213+00:00,31.85658742825035
2025-08-15 12:37:44.651364+00:00,31.846286052837968
2025-08-15 12:37:45.605126+00:00,31.85658742825035
2025-08-15 12:37:46.333600+00:00,31.877190182567574
2025-08-15 12:37:48.239263+00:00,31.882340871874476
2025-08-15 12:37:48.907529+00:00,31.882340871874476
2025-08-15 12:37:49.249883+00:00,31.887491561472416
2025-08-15 12:37:50.494971+00:00,31.887491561472416
2025-08-15 12:37:51.301418+00:00,31.887491561472416
2025-08-15 12:37:52.591625+00:00,31.887491561472416
2025-08-15 12:37:54.431042+00:00,31.90809432277456
2025-08-15 12:37:54.960071+00:00,31.91324501382769
2025-08-15 12:37:56.560194+00:00,31.89779294154141
2025-08-15 12:37:59.102694+00:00,31.89779294154141
2025-08-15 12:37:59.349944+00:00,31.892642251361394
2025-08-15 12:38:05.973113+00:00,31.87203949355171
2025-08-15 12:38:07.264293+00:00,31.841135365568334
2025-08-15 12:38:07.747528+00:00,31.846286052837968
2025-08-15 12:38:08.348715+00:00,31.846286052837968
2025-08-15 12:38:12.411287+00:00,31.846286052837968
2025-08-15 12:38:13.020050+00:00,31.85658742825035
2025-08-15 12:38:13.948214+00:00,31.846286052837968
2025-08-15 12:38:14.985087+00:00,31.8617381163931
2025-08-15 12:38:19.038246+00:00,31.83598467858974
2025-08-15 12:38:22.144617+00:00,31.83598467858974
2025-08-15 12:38:23.123218+00:00,31.83598467858974
2025-08-15 12:38:24.644372+00:00,31.83598467858974
2025-08-15 12:38:25.191403+00:00,31.841135365568334
2025-08-15 12:38:27.045066+00:00,31.83598467858974
2025-08-15 12:38:27.400663+00:00,31.83598467858974
2025-08-15 12:38:27.676797+00:00,31.841135365568334
2025-08-15 12:38:30.210133+00:00,31.841135365568334
2025-08-15 12:38:31.103988+00:00,31.830833991902182
2025-08-15 12:38:33.693645+00:00,31.866888804826885
2025-08-15 12:38:33.895482+00:00,31.87203949355171
2025-08-15 12:38:34.336694+00:00,31.877190182567574
2025-08-15 12:38:34.517780+00:00,31.887491561472416
2025-08-15 12:38:34.955903+00:00,31.882340871874476
2025-08-15 12:38:37.203312+00:00,31.877190182567574
2025-08-15 12:38:39.549065+00:00,31.892642251361394
2025-08-15 12:38:41.153326+00:00,31.89779294154141
2025-08-15 12:38:42.248952+00:00,31.902943632012466
2025-08-15 12:38:44.162960+00:00,31.89779294154141
2025-08-15 12:38:44.622551+00:00,31.892642251361394
2025-08-15 12:38:48.153947+00:00,31.887491561472416
2025-08-15 12:38:48.889332+00:00,31.89779294154141
2025-08-15 12:38:49.324770+00:00,31.89779294154141
2025-08-15 12:38:54.545380+00:00,31.89779294154141
2025-08-15 12:38:55.248343+00:00,31.902943632012466
2025-08-15 12:38:55.523289+00:00,31.902943632012466
2025-08-15 12:38:56.051643+00:00,31.90809432277456
2025-08-15 12:38:56.534700+00:00,31.90809432277456
2025-08-15 12:38:57.279970+00:00,31.90809432277456
2025-08-15 12:38:58.842355+00:00,31.90809432277456
2025-08-15 12:38:59.381976+00:00,31.91324501382769
2025-08-15 12:39:01.728004+00:00,31.902943632012466
2025-08-15 12:39:02.598419+00:00,31.92354639680707
2025-08-15 12:39:02.952032+00:00,31.91839570517186
2025-08-15 12:39:03.277001+00:00,31.928697088733315
2025-08-15 12:39:03.613597+00:00,31.9338477809506
2025-08-15 12:39:04.987934+00:00,31.92354639680707
2025-08-15 12:39:07.622673+00:00,31.938998473458923
2025-08-15 12:39:09.058861+00:00,31.938998473458923
2025-08-15 12:39:10.172246+00:00,31.928697088733315
2025-08-15 12:39:11.213211+00:00,31.938998473458923
2025-08-15 12:39:11.933358+00:00,31.928697088733315
2025-08-15 12:39:12.900012+00:00,31.91839570517186
2025-08-15 12:39:13.633271+00:00,31.902943632012466
2025-08-15 12:39:14.007444+00:00,31.902943632012466
2025-08-15 12:39:14.364068+00:00,31.902943632012466
2025-08-15 12:39:25.871462+00:00,31.866888804826885
2025-08-15 12:39:28.067575+00:00,31.87203949355171
2025-08-15 12:39:29.696576+00:00,31.90809432277456
2025-08-15 12:39:32.805737+00:00,31.902943632012466
2025-08-15 12:39:33.665009+00:00,31.89779294154141
2025-08-15 12:39:36.541067+00:00,31.91839570517186
2025-08-15 12:39:37.574287+00:00,31.90809432277456
2025-08-15 12:39:38.434441+00:00,31.90809432277456
2025-08-15 12:39:40.541132+00:00,31.91839570517186
2025-08-15 12:39:40.940176+00:00,31.89779294154141
2025-08-15 12:39:41.166283+00:00,31.91324501382769
2025-08-15 12:39:42.540395+00:00,31.928697088733315
2025-08-15 12:39:44.298635+00:00,31.92354639680707
2025-08-15 12:39:44.752823+00:00,31.928697088733315
2025-08-15 12:39:47.829578+00:00,31.928697088733315
2025-08-15 12:39:50.428542+00:00,31.928697088733315
2025-08-15 12:39:50.662903+00:00,31.90809432277456
2025-08-15 12:39:50.970878+00:00,31.928697088733315
2025-08-15 12:39:51.425744+00:00,31.92354639680707
2025-08-15 12:39:51.797170+00:00,31.928697088733315
2025-08-15 12:39:52.096503+00:00,31.928697088733315
2025-08-15 12:39:52.371873+00:00,31.92354639680707
2025-08-15 12:39:55.379779+00:00,31.90809432277456
2025-08-15 12:39:55.622868+00:00,31.902943632012466
2025-08-15 12:39:55.881099+00:00,31.91839570517186
2025-08-15 12:39:56.181708+00:00,31.90809432277456
2025-08-15 12:39:56.399458+00:00,31.90809432277456
2025-08-15 12:39:56.615662+00:00,31.902943632012466
2025-08-15 12:39:56.867644+00:00,31.90809432277456
2025-08-15 12:39:57.167804+00:00,31.91324501382769
2025-08-15 12:39:57.469317+00:00,31.91324501382769
2025-08-15 12:39:58.370828+00:00,31.887491561472416
2025-08-15 12:39:59.181571+00:00,31.882340871874476
2025-08-15 12:40:01.787021+00:00,31.887491561472416
2025-08-15 12:40:03.107681+00:00,31.87203949355171
2025-08-15 12:40:07.220806+00:00,31.866888804826885
2025-08-15 12:40:09.632253+00:00,31.83598467858974
2025-08-15 12:40:12.580279+00:00,31.820532619400183
2025-08-15 12:40:14.386480+00:00,31.81538193358574
2025-08-15 12:40:16.825476+00:00,31.799929877888644
2025-08-15 12:40:18.004974+00:00,31.77932714103372
2025-08-15 12:40:19.993893+00:00,31.774176457547583
2025-08-15 12:40:21.145080+00:00,31.769025774352485
2025-08-15 12:40:21.611269+00:00,31.769025774352485
2025-08-15 12:40:22.330572+00:00,31.774176457547583
2025-08-15 12:40:25.212715+00:00,31.774176457547583
2025-08-15 12:40:26.954949+00:00,31.77932714103372
2025-08-15 12:40:27.722550+00:00,31.77932714103372
2025-08-15 12:40:29.534563+00:00,31.758724408835405
2025-08-15 12:40:33.703178+00:00,31.774176457547583
2025-08-15 12:40:38.993712+00:00,31.774176457547583
2025-08-15 12:40:41.037473+00:00,31.820532619400183
2025-08-15 12:40:44.531232+00:00,31.825683305505663
2025-08-15 12:40:45.503713+00:00,31.825683305505663
2025-08-15 12:40:48.030683+00:00,31.81538193358574
2025-08-15 12:40:48.599693+00:00,31.810231248062337
2025-08-15 12:40:49.365943+00:00,31.81538193358574
2025-08-15 12:40:50.873451+00:00,31.80508056282997
2025-08-15 12:40:51.475504+00:00,31.820532619400183
2025-08-15 12:40:52.548031+00:00,31.81538193358574
2025-08-15 12:40:54.466658+00:00,31.80508056282997
2025-08-15 12:40:58.485492+00:00,31.80508056282997
2025-08-15 12:40:59.982036+00:00,31.789628508879105
2025-08-15 12:41:01.100431+00:00,31.789628508879105
2025-08-15 12:41:02.781499+00:00,31.77932714103372
2025-08-15 12:41:03.156962+00:00,31.784477824810892
2025-08-15 12:41:03.834576+00:00,31.784477824810892
2025-08-15 12:41:05.518512+00:00,31.769025774352485
2025-08-15 12:41:06.131003+00:00,31.774176457547583
2025-08-15 12:41:06.540684+00:00,31.763875091448426
2025-08-15 12:41:07.761842+00:00,31.758724408835405
2025-08-15 12:41:08.112334+00:00,31.763875091448426
2025-08-15 12:41:08.629328+00:00,31.769025774352485
2025-08-15 12:41:12.157883+00:00,31.763875091448426
2025-08-15 12:41:13.289979+00:00,31.763875091448426
2025-08-15 12:41:13.564786+00:00,31.763875091448426
2025-08-15 12:41:13.784486+00:00,31.763875091448426
2025-08-15 12:41:13.931450+00:00,31.763875091448426
2025-08-15 12:41:14.165069+00:00,31.769025774352485
2025-08-15 12:41:14.512672+00:00,31.763875091448426
2025-08-15 12:41:18.789387+00:00,31.753573726513423
2025-08-15 12:41:19.897700+00:00,31.753573726513423
2025-08-15 12:41:20.183168+00:00,31.74842304448248
2025-08-15 12:41:20.492814+00:00,31.763875091448426
2025-08-15 12:41:21.554859+00:00,31.763875091448426
2025-08-15 12:41:21.796262+00:00,31.753573726513423
2025-08-15 12:41:25.025757+00:00,31.753573726513423
2025-08-15 12:41:29.576867+00:00,31.732971000135876
2025-08-15 12:41:36.019646+00:00,31.71751895840862
2025-08-15 12:41:37.472365+00:00,31.71751895840862
2025-08-15 12:41:41.241389+00:00,31.722669638693333
2025-08-15 12:41:41.962408+00:00,31.712368278414942
2025-08-15 12:41:42.697400+00:00,31.702066919300705
2025-08-15 12:41:42.930352+00:00,31.696916240180144
2025-08-15 12:41:43.147031+00:00,31.69176556135062
2025-08-15 12:41:46.351641+00:00,31.69176556135062
2025-08-15 12:41:46.761229+00:00,31.69176556135062
2025-08-15 12:41:48.034101+00:00,31.686614882812137
2025-08-15 12:41:49.039123+00:00,31.69176556135062
2025-08-15 12:41:49.371861+00:00,31.69176556135062
2025-08-15 12:41:51.803402+00:00,31.68146420456469
2025-08-15 12:41:52.756900+00:00,31.68146420456469
2025-08-15 12:41:54.443241+00:00,31.68146420456469
2025-08-15 12:41:54.861782+00:00,31.68146420456469
2025-08-15 12:41:55.146261+00:00,31.696916240180144
2025-08-15 12:41:55.429149+00:00,31.676313526608283
2025-08-15 12:41:55.671518+00:00,31.676313526608283
2025-08-15 12:41:56.031074+00:00,31.686614882812137
2025-08-15 12:41:56.197694+00:00,31.68146420456469
2025-08-15 12:41:57.255383+00:00,31.686614882812137
2025-08-15 12:41:58.421175+00:00,31.68146420456469
2025-08-15 12:41:58.905289+00:00,31.68146420456469
2025-08-15 12:41:59.287127+00:00,31.68146420456469
2025-08-15 12:41:59.441543+00:00,31.68146420456469
2025-08-15 12:42:00.644098+00:00,31.671162848942913
2025-08-15 12:42:01.188265+00:00,31.671162848942913
2025-08-15 12:42:02.214308+00:00,31.671162848942913
2025-08-15 12:42:03.234539+00:00,31.671162848942913
2025-08-15 12:42:05.400164+00:00,31.66086149448529
2025-08-15 12:42:05.892466+00:00,31.671162848942913
2025-08-15 12:42:06.391778+00:00,31.671162848942913
2025-08-15 12:42:06.964115+00:00,31.666012171568582
2025-08-15 12:42:08.266684+00:00,31.66086149448529
2025-08-15 12:42:08.884086+00:00,31.66086149448529
2025-08-15 12:42:09.392512+00:00,31.650560141191818
2025-08-15 12:42:09.706038+00:00,31.66086149448529
2025-08-15 12:42:10.091691+00:00,31.666012171568582
2025-08-15 12:42:10.525994+00:00,31.676313526608283
2025-08-15 12:42:10.960789+00:00,31.66086149448529
2025-08-15 12:42:13.953247+00:00,31.6402587890625
2025-08-15 12:42:14.143683+00:00,31.655710817693034
2025-08-15 12:42:17.204040+00:00,31.6402587890625
2025-08-15 12:42:18.562470+00:00,31.6402587890625
2025-08-15 12:42:21.485981+00:00,31.6351081134344
2025-08-15 12:42:21.737164+00:00,31.6402587890625
2025-08-15 12:42:21.954102+00:00,31.64540946498164
2025-08-15 12:42:23.491127+00:00,31.6402587890625
2025-08-15 12:42:23.692943+00:00,31.650560141191818
2025-08-15 12:42:24.059211+00:00,31.64540946498164
2025-08-15 12:42:24.326170+00:00,31.655710817693034
2025-08-15 12:42:24.944934+00:00,31.64540946498164
2025-08-15 12:42:26.045619+00:00,31.64540946498164
2025-08-15 12:42:29.148323+00:00,31.6402587890625
2025-08-15 12:42:30.282196+00:00,31.66086149448529
2025-08-15 12:42:31.843349+00:00,31.6402587890625
2025-08-15 12:42:33.202008+00:00,31.6402587890625
2025-08-15 12:42:34.996518+00:00,31.650560141191818
2025-08-15 12:42:39.043978+00:00,31.66086149448529
2025-08-15 12:42:41.608697+00:00,31.66086149448529
2025-08-15 12:42:42.702909+00:00,31.666012171568582
2025-08-15 12:42:43.281575+00:00,31.66086149448529
2025-08-15 12:42:43.588846+00:00,31.655710817693034
2025-08-15 12:42:49.206490+00:00,31.671162848942913
2025-08-15 12:42:50.749560+00:00,31.676313526608283
2025-08-15 12:42:51.516125+00:00,31.671162848942913
2025-08-15 12:42:52.755394+00:00,31.68146420456469
2025-08-15 12:42:56.497008+00:00,31.696916240180144
2025-08-15 12:42:58.594972+00:00,31.707217598712305
2025-08-15 12:42:59.062410+00:00,31.712368278414942
2025-08-15 12:42:59.295115+00:00,31.712368278414942
2025-08-15 12:42:59.537196+00:00,31.722669638693333
2025-08-15 12:42:59.772792+00:00,31.71751895840862
2025-08-15 12:43:00.223956+00:00,31.722669638693333
2025-08-15 12:43:02.416498+00:00,31.722669638693333
2025-08-15 12:43:03.633296+00:00,31.732971000135876
2025-08-15 12:43:04.123768+00:00,31.722669638693333
2025-08-15 12:43:04.657713+00:00,31.727820319269085
2025-08-15 12:43:05.102798+00:00,31.738121681293705
2025-08-15 12:43:05.550585+00:00,31.727820319269085
2025-08-15 12:43:12.357037+00:00,31.727820319269085
2025-08-15 12:43:14.215381+00:00,31.732971000135876
2025-08-15 12:43:15.923132+00:00,31.753573726513423
2025-08-15 12:43:16.314713+00:00,31.738121681293705
2025-08-15 12:43:20.374730+00:00,31.758724408835405
2025-08-15 12:43:22.511950+00:00,31.74842304448248
2025-08-15 12:43:24.275640+00:00,31.74842304448248
2025-08-15 12:43:24.685708+00:00,31.753573726513423
2025-08-15 12:43:24.952714+00:00,31.74842304448248
2025-08-15 12:43:25.354101+00:00,31.743272362742573
2025-08-15 12:43:26.106143+00:00,31.74842304448248
2025-08-15 12:43:26.991519+00:00,31.753573726513423
2025-08-15 12:43:28.696798+00:00,31.753573726513423
2025-08-15 12:43:32.665551+00:00,31.743272362742573
2025-08-15 12:43:33.870403+00:00,31.738121681293705
2025-08-15 12:43:35.818666+00:00,31.74842304448248
2025-08-15 12:43:36.160897+00:00,31.732971000135876
2025-08-15 12:43:36.435957+00:00,31.738121681293705
2025-08-15 12:43:36.820340+00:00,31.743272362742573
2025-08-15 12:43:39.467724+00:00,31.732971000135876
2025-08-15 12:43:39.720270+00:00,31.738121681293705
2025-08-15 12:43:40.154684+00:00,31.74842304448248
2025-08-15 12:43:40.605720+00:00,31.738121681293705
2025-08-15 12:43:40.891131+00:00,31.753573726513423
2025-08-15 12:43:41.098055+00:00,31.74842304448248
2025-08-15 12:43:42.536572+00:00,31.74842304448248
2025-08-15 12:43:43.135737+00:00,31.753573726513423
2025-08-15 12:43:43.293664+00:00,31.758724408835405
2025-08-15 12:43:43.738476+00:00,31.753573726513423
2025-08-15 12:43:44.040330+00:00,31.743272362742573
2025-08-15 12:43:44.424768+00:00,31.753573726513423
2025-08-15 12:43:44.683519+00:00,31.753573726513423
2025-08-15 12:43:44.942323+00:00,31.758724408835405
2025-08-15 12:43:50.894470+00:00,31.738121681293705
2025-08-15 12:43:51.566729+00:00,31.74842304448248
2025-08-15 12:43:51.866797+00:00,31.74842304448248
2025-08-15 12:43:52.134976+00:00,31.74842304448248
2025-08-15 12:43:52.376911+00:00,31.743272362742573
2025-08-15 12:43:52.610250+00:00,31.743272362742573
2025-08-15 12:43:56.285999+00:00,31.743272362742573
2025-08-15 12:43:56.855549+00:00,31.743272362742573
2025-08-15 12:43:57.077294+00:00,31.753573726513423
2025-08-15 12:43:57.934261+00:00,31.743272362742573
2025-08-15 12:43:58.905329+00:00,31.722669638693333
2025-08-15 12:43:59.277279+00:00,31.738121681293705
2025-08-15 12:44:01.507040+00:00,31.727820319269085
2025-08-15 12:44:06.195727+00:00,31.722669638693333
2025-08-15 12:44:08.282841+00:00,31.738121681293705
2025-08-15 12:44:09.219470+00:00,31.738121681293705
2025-08-15 12:44:13.261476+00:00,31.738121681293705
2025-08-15 12:44:15.530068+00:00,31.769025774352485
2025-08-15 12:44:15.865352+00:00,31.763875091448426
2025-08-15 12:44:19.085787+00:00,31.77932714103372
2025-08-15 12:44:19.561748+00:00,31.763875091448426
2025-08-15 12:44:19.997033+00:00,31.763875091448426
2025-08-15 12:44:20.522118+00:00,31.763875091448426
2025-08-15 12:44:20.848191+00:00,31.753573726513423
2025-08-15 12:44:23.163911+00:00,31.77932714103372
2025-08-15 12:44:25.552429+00:00,31.758724408835405
2025-08-15 12:44:28.530006+00:00,31.763875091448426
2025-08-15 12:44:28.927780+00:00,31.758724408835405
2025-08-15 12:44:29.071926+00:00,31.763875091448426
2025-08-15 12:44:29.326803+00:00,31.763875091448426
2025-08-15 12:44:30.277961+00:00,31.758724408835405
2025-08-15 12:44:31.294149+00:00,31.753573726513423
2025-08-15 12:44:37.879861+00:00,31.753573726513423
2025-08-15 12:44:39.133533+00:00,31.722669638693333
2025-08-15 12:44:39.586973+00:00,31.727820319269085
2025-08-15 12:44:39.902772+00:00,31.722669638693333
2025-08-15 12:44:40.206556+00:00,31.722669638693333
2025-08-15 12:44:41.484676+00:00,31.722669638693333
2025-08-15 12:44:43.611511+00:00,31.722669638693333
2025-08-15 12:44:44.178875+00:00,31.712368278414942
2025-08-15 12:44:45.323162+00:00,31.712368278414942
2025-08-15 12:44:47.238559+00:00,31.702066919300705
2025-08-15 12:44:48.136755+00:00,31.707217598712305
2025-08-15 12:44:51.085600+00:00,31.69176556135062
2025-08-15 12:44:52.206497+00:00,31.696916240180144
2025-08-15 12:44:52.618428+00:00,31.69176556135062
2025-08-15 12:44:54.580475+00:00,31.702066919300705
2025-08-15 12:45:00.262589+00:00,31.68146420456469
2025-08-15 12:45:00.604840+00:00,31.69176556135062
2025-08-15 12:45:02.976151+00:00,31.686614882812137
2025-08-15 12:45:03.321428+00:00,31.68146420456469
2025-08-15 12:45:07.329656+00:00,31.68146420456469
2025-08-15 12:45:10.340284+00:00,31.707217598712305
2025-08-15 12:45:11.041227+00:00,31.712368278414942
2025-08-15 12:45:12.921927+00:00,31.712368278414942
2025-08-15 12:45:14.308295+00:00,31.71751895840862
2025-08-15 12:45:14.818480+00:00,31.71751895840862
2025-08-15 12:45:15.645497+00:00,31.71751895840862
2025-08-15 12:45:21.222399+00:00,31.712368278414942
2025-08-15 12:45:23.079430+00:00,31.712368278414942
2025-08-15 12:45:23.896678+00:00,31.707217598712305
2025-08-15 12:45:26.640707+00:00,31.707217598712305
2025-08-15 12:45:28.101235+00:00,31.712368278414942
2025-08-15 12:45:31.119885+00:00,31.696916240180144
2025-08-15 12:45:31.620259+00:00,31.69176556135062
2025-08-15 12:45:35.163184+00:00,31.696916240180144
2025-08-15 12:45:35.532001+00:00,31.69176556135062
2025-08-15 12:45:36.661447+00:00,31.702066919300705
2025-08-15 12:45:39.811285+00:00,31.707217598712305
2025-08-15 12:45:42.010672+00:00,31.702066919300705
2025-08-15 12:45:43.850584+00:00,31.707217598712305
2025-08-15 12:45:44.263431+00:00,31.702066919300705
2025-08-15 12:45:44.891263+00:00,31.707217598712305
2025-08-15 12:45:49.034232+00:00,31.696916240180144
2025-08-15 12:45:49.483799+00:00,31.69176556135062
2025-08-15 12:45:50.651281+00:00,31.696916240180144
2025-08-15 12:45:51.775010+00:00,31.69176556135062
2025-08-15 12:45:52.031876+00:00,31.686614882812137
2025-08-15 12:45:52.341822+00:00,31.69176556135062
2025-08-15 12:45:52.590927+00:00,31.69176556135062
2025-08-15 12:45:52.968640+00:00,31.68146420456469
2025-08-15 12:45:53.126526+00:00,31.696916240180144
2025-08-15 12:45:53.248415+00:00,31.696916240180144
2025-08-15 12:45:53.544369+00:00,31.696916240180144
2025-08-15 12:45:53.761977+00:00,31.69176556135062
2025-08-15 12:45:54.005236+00:00,31.69176556135062
2025-08-15 12:45:54.255674+00:00,31.696916240180144
2025-08-15 12:45:55.740638+00:00,31.686614882812137
2025-08-15 12:45:57.042952+00:00,31.68146420456469
2025-08-15 12:45:58.661267+00:00,31.68146420456469
2025-08-15 12:45:59.394664+00:00,31.671162848942913
2025-08-15 12:46:00.380842+00:00,31.676313526608283
2025-08-15 12:46:01.022276+00:00,31.666012171568582
2025-08-15 12:46:01.468122+00:00,31.666012171568582
2025-08-15 12:46:01.902972+00:00,31.666012171568582
2025-08-15 12:46:03.295688+00:00,31.676313526608283
2025-08-15 12:46:05.353069+00:00,31.686614882812137
2025-08-15 12:46:05.821752+00:00,31.671162848942913
2025-08-15 12:46:09.307243+00:00,31.676313526608283
2025-08-15 12:46:09.820277+00:00,31.666012171568582
2025-08-15 12:46:10.182756+00:00,31.655710817693034
2025-08-15 12:46:10.883056+00:00,31.671162848942913
2025-08-15 12:46:11.291637+00:00,31.671162848942913
2025-08-15 12:46:11.550758+00:00,31.66086149448529
2025-08-15 12:46:12.219937+00:00,31.655710817693034
2025-08-15 12:46:12.483833+00:00,31.66086149448529
2025-08-15 12:46:12.796656+00:00,31.666012171568582
2025-08-15 12:46:15.649783+00:00,31.666012171568582
2025-08-15 12:46:17.201577+00:00,31.650560141191818
2025-08-15 12:46:28.691420+00:00,31.66086149448529
2025-08-15 12:46:28.982597+00:00,31.671162848942913
2025-08-15 12:46:31.036356+00:00,31.671162848942913
2025-08-15 12:46:32.742487+00:00,31.66086149448529
2025-08-15 12:46:35.566787+00:00,31.68146420456469
2025-08-15 12:46:43.998552+00:00,31.650560141191818
2025-08-15 12:46:44.667105+00:00,31.671162848942913
2025-08-15 12:46:44.939817+00:00,31.671162848942913
2025-08-15 12:46:45.969196+00:00,31.68146420456469
2025-08-15 12:46:47.934640+00:00,31.686614882812137
2025-08-15 12:46:49.628797+00:00,31.671162848942913
2025-08-15 12:46:50.949250+00:00,31.671162848942913
2025-08-15 12:46:51.184224+00:00,31.671162848942913
2025-08-15 12:46:52.923834+00:00,31.66086149448529
2025-08-15 12:46:53.709427+00:00,31.671162848942913
2025-08-15 12:46:55.739684+00:00,31.676313526608283
2025-08-15 12:46:56.416850+00:00,31.68146420456469
2025-08-15 12:46:57.462522+00:00,31.68146420456469
2025-08-15 12:46:59.690241+00:00,31.671162848942913
2025-08-15 12:47:00.435832+00:00,31.686614882812137
2025-08-15 12:47:03.759902+00:00,31.686614882812137
2025-08-15 12:47:04.252038+00:00,31.686614882812137
2025-08-15 12:47:05.215725+00:00,31.68146420456469
2025-08-15 12:47:07.968898+00:00,31.69176556135062
2025-08-15 12:47:09.692795+00:00,31.696916240180144
2025-08-15 12:47:10.925794+00:00,31.702066919300705
2025-08-15 12:47:12.881264+00:00,31.702066919300705
2025-08-15 12:47:13.041229+00:00,31.722669638693333
2025-08-15 12:47:15.238394+00:00,31.722669638693333
2025-08-15 12:47:15.682199+00:00,31.712368278414942
2025-08-15 12:47:16.032786+00:00,31.71751895840862
2025-08-15 12:47:16.435287+00:00,31.722669638693333
2025-08-15 12:47:17.034147+00:00,31.722669638693333
2025-08-15 12:47:17.845882+00:00,31.722669638693333
2025-08-15 12:47:18.976901+00:00,31.712368278414942
2025-08-15 12:47:20.573808+00:00,31.722669638693333
2025-08-15 12:47:25.799540+00:00,31.732971000135876
2025-08-15 12:47:26.435538+00:00,31.732971000135876
2025-08-15 12:47:26.744564+00:00,31.727820319269085
2025-08-15 12:47:29.016056+00:00,31.722669638693333
2025-08-15 12:47:30.008791+00:00,31.71751895840862
2025-08-15 12:47:32.300538+00:00,31.71751895840862
2025-08-15 12:47:33.652166+00:00,31.71751895840862
2025-08-15 12:47:35.782857+00:00,31.738121681293705
2025-08-15 12:47:36.016321+00:00,31.727820319269085
2025-08-15 12:47:39.370374+00:00,31.722669638693333
2025-08-15 12:47:43.498023+00:00,31.743272362742573
2025-08-15 12:47:43.723289+00:00,31.74842304448248
2025-08-15 12:47:43.999692+00:00,31.74842304448248
2025-08-15 12:47:44.199322+00:00,31.758724408835405
2025-08-15 12:47:44.468531+00:00,31.753573726513423
2025-08-15 12:47:47.725156+00:00,31.743272362742573
2025-08-15 12:47:49.860455+00:00,31.743272362742573
2025-08-15 12:47:50.939411+00:00,31.738121681293705
2025-08-15 12:47:51.490423+00:00,31.738121681293705
2025-08-15 12:47:52.412289+00:00,31.732971000135876
2025-08-15 12:47:53.495241+00:00,31.732971000135876
2025-08-15 12:47:53.774215+00:00,31.732971000135876
2025-08-15 12:47:54.208373+00:00,31.738121681293705
2025-08-15 12:47:55.289102+00:00,31.738121681293705
2025-08-15 12:47:55.755915+00:00,31.727820319269085
2025-08-15 12:47:57.181454+00:00,31.727820319269085
2025-08-15 12:47:59.683363+00:00,31.71751895840862
2025-08-15 12:48:00.232990+00:00,31.722669638693333
2025-08-15 12:48:02.005100+00:00,31.712368278414942
2025-08-15 12:48:02.474594+00:00,31.722669638693333
2025-08-15 12:48:03.607576+00:00,31.71751895840862
2025-08-15 12:48:04.076372+00:00,31.732971000135876
2025-08-15 12:48:06.658963+00:00,31.727820319269085
2025-08-15 12:48:07.216925+00:00,31.743272362742573
2025-08-15 12:48:07.558945+00:00,31.743272362742573
2025-08-15 12:48:08.453822+00:00,31.753573726513423
2025-08-15 12:48:09.940057+00:00,31.758724408835405
2025-08-15 12:48:12.646392+00:00,31.77932714103372
2025-08-15 12:48:13.230289+00:00,31.799929877888644
2025-08-15 12:48:15.838882+00:00,31.794779193238355
2025-08-15 12:48:17.381424+00:00,31.794779193238355
2025-08-15 12:48:19.704968+00:00,31.80508056282997
2025-08-15 12:48:20.156925+00:00,31.810231248062337
2025-08-15 12:48:22.864674+00:00,31.80508056282997
2025-08-15 12:48:23.122167+00:00,31.77932714103372
2025-08-15 12:48:24.364173+00:00,31.80508056282997
2025-08-15 12:48:25.130516+00:00,31.81538193358574
2025-08-15 12:48:26.817631+00:00,31.810231248062337
2025-08-15 12:48:27.555943+00:00,31.81538193358574
2025-08-15 12:48:28.355635+00:00,31.81538193358574
2025-08-15 12:48:29.440993+00:00,31.81538193358574
2025-08-15 12:48:33.905901+00:00,31.830833991902182
2025-08-15 12:48:35.172958+00:00,31.83598467858974
2025-08-15 12:48:36.679193+00:00,31.83598467858974
2025-08-15 12:48:38.321791+00:00,31.841135365568334
2025-08-15 12:48:38.565868+00:00,31.841135365568334
2025-08-15 12:48:38.834373+00:00,31.87203949355171
2025-08-15 12:48:39.898437+00:00,31.85143674039864
2025-08-15 12:48:43.690152+00:00,31.866888804826885
2025-08-15 12:48:45.129351+00:00,31.85658742825035
2025-08-15 12:48:48.820920+00:00,31.85658742825035
2025-08-15 12:48:49.104406+00:00,31.8617381163931
2025-08-15 12:48:49.431791+00:00,31.87203949355171
2025-08-15 12:48:53.983565+00:00,31.877190182567574
2025-08-15 12:48:56.297010+00:00,31.877190182567574
2025-08-15 12:48:57.075600+00:00,31.866888804826885
2025-08-15 12:48:58.138054+00:00,31.877190182567574
2025-08-15 12:49:00.090843+00:00,31.887491561472416
2025-08-15 12:49:04.023594+00:00,31.882340871874476
2025-08-15 12:49:04.438973+00:00,31.892642251361394
2025-08-15 12:49:04.748298+00:00,31.877190182567574
2025-08-15 12:49:05.206926+00:00,31.892642251361394
2025-08-15 12:49:07.168477+00:00,31.892642251361394
2025-08-15 12:49:10.967293+00:00,31.882340871874476
2025-08-15 12:49:12.736790+00:00,31.882340871874476
2025-08-15 12:49:13.405880+00:00,31.877190182567574
2025-08-15 12:49:15.832007+00:00,31.877190182567574
2025-08-15 12:49:16.646071+00:00,31.882340871874476
2025-08-15 12:49:19.103105+00:00,31.877190182567574
2025-08-15 12:49:24.544698+00:00,31.87203949355171
2025-08-15 12:49:25.138476+00:00,31.866888804826885
2025-08-15 12:49:26.915005+00:00,31.877190182567574
2025-08-15 12:49:28.271535+00:00,31.87203949355171
2025-08-15 12:49:29.454906+00:00,31.892642251361394
2025-08-15 12:49:33.013384+00:00,31.892642251361394
2025-08-15 12:49:36.801713+00:00,31.877190182567574
2025-08-15 12:49:38.470896+00:00,31.877190182567574
2025-08-15 12:49:38.721929+00:00,31.877190182567574
2025-08-15 12:49:39.074706+00:00,31.87203949355171
2025-08-15 12:49:39.476495+00:00,31.877190182567574
2025-08-15 12:49:41.039699+00:00,31.8617381163931
2025-08-15 12:49:42.453692+00:00,31.85658742825035
2025-08-15 12:49:47.055335+00:00,31.866888804826885
2025-08-15 12:49:48.384314+00:00,31.87203949355171
2025-08-15 12:49:50.006292+00:00,31.85658742825035
2025-08-15 12:49:50.415175+00:00,31.866888804826885
2025-08-15 12:49:55.396408+00:00,31.87203949355171
2025-08-15 12:49:56.557203+00:00,31.846286052837968
2025-08-15 12:49:56.983798+00:00,31.85658742825035
2025-08-15 12:49:58.695536+00:00,31.846286052837968
2025-08-15 12:49:59.890033+00:00,31.846286052837968
2025-08-15 12:50:02.346469+00:00,31.85658742825035
2025-08-15 12:50:04.242206+00:00,31.87203949355171
2025-08-15 12:50:05.804032+00:00,31.866888804826885
2025-08-15 12:50:06.190254+00:00,31.85658742825035
2025-08-15 12:50:09.311746+00:00,31.8617381163931
2025-08-15 12:50:10.387573+00:00,31.866888804826885
2025-08-15 12:50:11.474034+00:00,31.8617381163931
2025-08-15 12:50:12.687131+00:00,31.866888804826885
2025-08-15 12:50:13.320719+00:00,31.866888804826885
2025-08-15 12:50:13.810072+00:00,31.882340871874476
2025-08-15 12:50:15.387901+00:00,31.866888804826885
2025-08-15 12:50:15.837066+00:00,31.887491561472416
2025-08-15 12:50:19.471740+00:00,31.882340871874476
2025-08-15 12:50:23.146599+00:00,31.877190182567574
2025-08-15 12:50:26.663425+00:00,31.882340871874476
2025-08-15 12:50:30.898096+00:00,31.877190182567574
2025-08-15 12:50:33.905626+00:00,31.87203949355171
2025-08-15 12:50:36.045399+00:00,31.846286052837968
2025-08-15 12:50:37.012878+00:00,31.841135365568334
2025-08-15 12:50:39.721920+00:00,31.841135365568334
2025-08-15 12:50:42.662366+00:00,31.83598467858974
2025-08-15 12:50:43.168910+00:00,31.820532619400183
2025-08-15 12:50:45.700171+00:00,31.81538193358574
2025-08-15 12:50:47.202822+00:00,31.83598467858974
2025-08-15 12:50:47.951985+00:00,31.830833991902182
2025-08-15 12:50:53.554688+00:00,31.85658742825035
2025-08-15 12:50:55.776408+00:00,31.85658742825035
2025-08-15 12:50:57.163551+00:00,31.85658742825035
2025-08-15 12:50:59.220295+00:00,31.8617381163931
2025-08-15 12:51:01.787524+00:00,31.846286052837968
2025-08-15 12:51:06.937460+00:00,31.87203949355171
2025-08-15 12:51:09.619647+00:00,31.85658742825035
2025-08-15 12:51:09.967743+00:00,31.83598467858974
2025-08-15 12:51:10.543871+00:00,31.8617381163931
2025-08-15 12:51:11.677960+00:00,31.841135365568334
2025-08-15 12:51:12.895908+00:00,31.85658742825035
2025-08-15 12:51:13.296260+00:00,31.841135365568334
2025-08-15 12:51:13.506485+00:00,31.83598467858974
2025-08-15 12:51:14.085998+00:00,31.83598467858974
2025-08-15 12:51:14.324071+00:00,31.841135365568334
2025-08-15 12:51:14.594202+00:00,31.841135365568334
2025-08-15 12:51:15.095368+00:00,31.830833991902182
2025-08-15 12:51:18.951346+00:00,31.83598467858974
2025-08-15 12:51:21.442494+00:00,31.825683305505663
2025-08-15 12:51:24.100884+00:00,31.820532619400183
2025-08-15 12:51:25.735758+00:00,31.820532619400183
2025-08-15 12:51:25.988054+00:00,31.810231248062337
2025-08-15 12:51:26.151777+00:00,31.81538193358574
2025-08-15 12:51:27.919080+00:00,31.80508056282997
2025-08-15 12:51:30.051520+00:00,31.81538193358574
2025-08-15 12:51:31.045461+00:00,31.81538193358574
2025-08-15 12:51:33.243221+00:00,31.810231248062337
2025-08-15 12:51:34.585834+00:00,31.810231248062337
2025-08-15 12:51:37.316884+00:00,31.80508056282997
2025-08-15 12:51:39.588747+00:00,31.784477824810892
2025-08-15 12:51:39.715532+00:00,31.794779193238355
2025-08-15 12:51:39.926868+00:00,31.794779193238355
2025-08-15 12:51:40.106887+00:00,31.789628508879105
2025-08-15 12:51:40.461102+00:00,31.784477824810892
2025-08-15 12:51:41.027215+00:00,31.789628508879105
2025-08-15 12:51:44.564760+00:00,31.784477824810892
2025-08-15 12:51:44.798355+00:00,31.774176457547583
2025-08-15 12:51:45.015073+00:00,31.774176457547583
2025-08-15 12:51:45.526436+00:00,31.77932714103372
2025-08-15 12:51:45.860375+00:00,31.784477824810892
2025-08-15 12:51:52.184980+00:00,31.784477824810892
2025-08-15 12:51:55.995302+00:00,31.738121681293705
2025-08-15 12:51:56.517232+00:00,31.753573726513423
2025-08-15 12:51:56.906885+00:00,31.753573726513423
2025-08-15 12:51:57.803011+00:00,31.763875091448426
2025-08-15 12:51:58.085468+00:00,31.758724408835405
2025-08-15 12:51:58.368858+00:00,31.763875091448426
2025-08-15 12:52:02.223265+00:00,31.743272362742573
2025-08-15 12:52:04.244073+00:00,31.738121681293705
2025-08-15 12:52:04.685582+00:00,31.743272362742573
2025-08-15 12:52:07.776716+00:00,31.727820319269085
2025-08-15 12:52:08.318764+00:00,31.727820319269085
2025-08-15 12:52:11.135425+00:00,31.712368278414942
2025-08-15 12:52:13.109714+00:00,31.68146420456469
2025-08-15 12:52:14.878563+00:00,31.702066919300705
2025-08-15 12:52:16.048045+00:00,31.702066919300705
2025-08-15 12:52:19.889781+00:00,31.69176556135062
2025-08-15 12:52:21.251013+00:00,31.702066919300705
2025-08-15 12:52:21.819130+00:00,31.712368278414942
2025-08-15 12:52:23.015413+00:00,31.71751895840862
2025-08-15 12:52:24.901131+00:00,31.712368278414942
2025-08-15 12:52:29.901351+00:00,31.738121681293705
2025-08-15 12:52:34.011919+00:00,31.738121681293705
2025-08-15 12:52:36.819918+00:00,31.74842304448248
2025-08-15 12:52:39.893463+00:00,31.753573726513423
2025-08-15 12:52:42.151159+00:00,31.74842304448248
2025-08-15 12:52:43.625519+00:00,31.753573726513423
2025-08-15 12:52:44.942822+00:00,31.753573726513423
2025-08-15 12:52:45.274148+00:00,31.753573726513423
2025-08-15 12:52:45.936002+00:00,31.753573726513423
2025-08-15 12:52:48.237567+00:00,31.784477824810892
2025-08-15 12:52:48.708546+00:00,31.789628508879105
2025-08-15 12:52:49.467228+00:00,31.80508056282997
2025-08-15 12:52:50.228444+00:00,31.794779193238355
2025-08-15 12:52:51.371548+00:00,31.799929877888644
2025-08-15 12:52:51.842624+00:00,31.794779193238355
2025-08-15 12:52:57.733727+00:00,31.799929877888644
2025-08-15 12:52:58.235857+00:00,31.80508056282997
2025-08-15 12:52:58.625529+00:00,31.80508056282997
2025-08-15 12:52:58.812684+00:00,31.810231248062337
2025-08-15 12:52:59.692515+00:00,31.80508056282997
2025-08-15 12:53:04.753119+00:00,31.794779193238355
2025-08-15 12:53:05.918586+00:00,31.80508056282997
2025-08-15 12:53:06.298099+00:00,31.80508056282997
2025-08-15 12:53:08.811872+00:00,31.80508056282997
2025-08-15 12:53:09.399962+00:00,31.794779193238355
2025-08-15 12:53:09.848575+00:00,31.794779193238355
2025-08-15 12:53:10.650833+00:00,31.794779193238355
2025-08-15 12:53:12.388775+00:00,31.810231248062337
2025-08-15 12:53:12.951236+00:00,31.799929877888644
2025-08-15 12:53:13.709391+00:00,31.80508056282997
2025-08-15 12:53:14.261747+00:00,31.794779193238355
2025-08-15 12:53:14.703194+00:00,31.799929877888644
2025-08-15 12:53:18.307668+00:00,31.80508056282997
2025-08-15 12:53:19.811316+00:00,31.820532619400183
2025-08-15 12:53:20.075211+00:00,31.81538193358574
2025-08-15 12:53:21.103265+00:00,31.81538193358574
2025-08-15 12:53:22.264743+00:00,31.825683305505663
2025-08-15 12:53:22.857338+00:00,31.820532619400183
2025-08-15 12:53:25.372954+00:00,31.81538193358574
2025-08-15 12:53:26.224515+00:00,31.80508056282997
2025-08-15 12:53:26.475638+00:00,31.810231248062337
2025-08-15 12:53:26.684635+00:00,31.810231248062337
2025-08-15 12:53:26.940599+00:00,31.81538193358574
2025-08-15 12:53:28.799280+00:00,31.80508056282997
2025-08-15 12:53:31.539057+00:00,31.799929877888644
2025-08-15 12:53:33.912590+00:00,31.794779193238355
2025-08-15 12:53:34.405082+00:00,31.789628508879105
2025-08-15 12:53:36.368039+00:00,31.784477824810892
2025-08-15 12:53:36.733331+00:00,31.77932714103372
2025-08-15 12:53:37.862678+00:00,31.789628508879105
2025-08-15 12:53:38.209158+00:00,31.794779193238355
2025-08-15 12:53:40.137256+00:00,31.810231248062337
2025-08-15 12:53:41.977525+00:00,31.799929877888644
2025-08-15 12:53:44.007151+00:00,31.799929877888644
2025-08-15 12:53:44.764956+00:00,31.810231248062337
2025-08-15 12:53:45.992744+00:00,31.81538193358574
2025-08-15 12:53:49.354453+00:00,31.80508056282997
2025-08-15 12:53:49.907708+00:00,31.810231248062337
2025-08-15 12:53:50.959377+00:00,31.810231248062337
2025-08-15 12:53:51.598403+00:00,31.794779193238355
2025-08-15 12:53:55.422497+00:00,31.799929877888644
2025-08-15 12:53:59.157254+00:00,31.794779193238355
2025-08-15 12:54:00.416359+00:00,31.784477824810892
2025-08-15 12:54:01.144574+00:00,31.769025774352485
2025-08-15 12:54:03.852286+00:00,31.774176457547583
2025-08-15 12:54:07.502922+00:00,31.769025774352485
2025-08-15 12:54:07.899851+00:00,31.769025774352485
2025-08-15 12:54:08.671976+00:00,31.769025774352485
2025-08-15 12:54:12.873380+00:00,31.769025774352485
2025-08-15 12:54:13.100371+00:00,31.77932714103372
2025-08-15 12:54:14.216842+00:00,31.763875091448426
2025-08-15 12:54:14.788834+00:00,31.753573726513423
2025-08-15 12:54:17.164408+00:00,31.769025774352485
2025-08-15 12:54:18.332684+00:00,31.763875091448426
2025-08-15 12:54:19.800538+00:00,31.753573726513423
2025-08-15 12:54:20.041584+00:00,31.758724408835405
2025-08-15 12:54:22.174808+00:00,31.758724408835405
2025-08-15 12:54:22.633099+00:00,31.743272362742573
2025-08-15 12:54:23.298596+00:00,31.753573726513423
2025-08-15 12:54:23.681793+00:00,31.74842304448248
2025-08-15 12:54:23.919019+00:00,31.753573726513423
2025-08-15 12:54:24.245851+00:00,31.753573726513423
2025-08-15 12:54:26.444809+00:00,31.743272362742573
2025-08-15 12:54:27.323898+00:00,31.727820319269085
2025-08-15 12:54:28.558334+00:00,31.727820319269085
2025-08-15 12:54:31.513042+00:00,31.71751895840862
2025-08-15 12:54:32.029471+00:00,31.712368278414942
2025-08-15 12:54:33.780446+00:00,31.707217598712305
2025-08-15 12:54:34.314657+00:00,31.707217598712305
2025-08-15 12:54:35.124105+00:00,31.707217598712305
2025-08-15 12:54:35.332902+00:00,31.712368278414942
2025-08-15 12:54:36.035280+00:00,31.702066919300705
2025-08-15 12:54:36.914109+00:00,31.712368278414942
2025-08-15 12:54:38.894148+00:00,31.707217598712305
2025-08-15 12:54:39.386594+00:00,31.69176556135062
2025-08-15 12:54:40.021667+00:00,31.696916240180144
2025-08-15 12:54:41.612417+00:00,31.702066919300705
2025-08-15 12:54:41.891755+00:00,31.702066919300705
2025-08-15 12:54:42.756850+00:00,31.702066919300705
2025-08-15 12:54:44.173471+00:00,31.702066919300705
2025-08-15 12:54:44.701169+00:00,31.707217598712305
2025-08-15 12:54:47.354378+00:00,31.69176556135062
2025-08-15 12:54:49.080738+00:00,31.702066919300705
2025-08-15 12:54:49.438190+00:00,31.696916240180144
2025-08-15 12:54:49.674381+00:00,31.702066919300705
2025-08-15 12:54:50.006931+00:00,31.702066919300705
2025-08-15 12:54:50.746486+00:00,31.712368278414942
2025-08-15 12:54:51.655065+00:00,31.702066919300705
2025-08-15 12:54:54.664935+00:00,31.69176556135062
2025-08-15 12:54:55.746985+00:00,31.69176556135062
2025-08-15 12:54:56.405847+00:00,31.696916240180144
2025-08-15 12:54:58.864577+00:00,31.686614882812137
2025-08-15 12:55:01.750317+00:00,31.676313526608283
2025-08-15 12:55:02.213205+00:00,31.69176556135062
2025-08-15 12:55:05.223354+00:00,31.68146420456469
2025-08-15 12:55:06.848617+00:00,31.671162848942913
2025-08-15 12:55:07.922424+00:00,31.68146420456469
2025-08-15 12:55:12.607242+00:00,31.69176556135062
2025-08-15 12:55:13.710736+00:00,31.686614882812137
2025-08-15 12:55:14.706406+00:00,31.68146420456469
2025-08-15 12:55:15.204279+00:00,31.69176556135062
2025-08-15 12:55:15.548030+00:00,31.696916240180144
2025-08-15 12:55:16.475192+00:00,31.702066919300705
2025-08-15 12:55:19.363843+00:00,31.702066919300705
2025-08-15 12:55:20.350980+00:00,31.707217598712305
2025-08-15 12:55:21.599275+00:00,31.702066919300705
2025-08-15 12:55:23.724570+00:00,31.702066919300705
2025-08-15 12:55:25.446829+00:00,31.707217598712305
2025-08-15 12:55:26.221744+00:00,31.712368278414942
2025-08-15 12:55:26.707712+00:00,31.71751895840862
2025-08-15 12:55:28.205398+00:00,31.707217598712305
2025-08-15 12:55:28.882491+00:00,31.722669638693333
2025-08-15 12:55:33.662986+00:00,31.712368278414942
2025-08-15 12:55:34.073273+00:00,31.712368278414942
2025-08-15 12:55:34.558890+00:00,31.722669638693333
2025-08-15 12:55:39.979385+00:00,31.722669638693333
2025-08-15 12:55:40.378311+00:00,31.758724408835405
2025-08-15 12:55:40.797128+00:00,31.758724408835405
2025-08-15 12:55:41.156480+00:00,31.763875091448426
2025-08-15 12:55:50.470968+00:00,31.769025774352485
2025-08-15 12:55:51.850443+00:00,31.784477824810892
2025-08-15 12:55:52.217673+00:00,31.763875091448426
2025-08-15 12:55:52.402535+00:00,31.769025774352485
2025-08-15 12:55:54.083105+00:00,31.774176457547583
2025-08-15 12:55:55.768746+00:00,31.784477824810892
2025-08-15 12:55:56.021195+00:00,31.77932714103372
2025-08-15 12:55:57.616118+00:00,31.774176457547583
2025-08-15 12:55:57.830461+00:00,31.769025774352485
2025-08-15 12:55:58.970657+00:00,31.774176457547583
2025-08-15 12:56:01.115035+00:00,31.774176457547583
2025-08-15 12:56:01.832878+00:00,31.774176457547583
2025-08-15 12:56:03.127828+00:00,31.774176457547583
2025-08-15 12:56:06.755393+00:00,31.763875091448426
2025-08-15 12:56:07.856444+00:00,31.77932714103372
2025-08-15 12:56:12.628884+00:00,31.784477824810892
2025-08-15 12:56:13.308501+00:00,31.769025774352485
2025-08-15 12:56:15.013769+00:00,31.763875091448426
2025-08-15 12:56:15.861736+00:00,31.769025774352485
2025-08-15 12:56:16.321207+00:00,31.753573726513423
2025-08-15 12:56:16.847693+00:00,31.763875091448426
2025-08-15 12:56:21.119113+00:00,31.753573726513423
2025-08-15 12:56:21.471885+00:00,31.753573726513423
2025-08-15 12:56:24.246968+00:00,31.763875091448426
2025-08-15 12:56:24.437549+00:00,31.753573726513423
2025-08-15 12:56:24.771543+00:00,31.753573726513423
2025-08-15 12:56:25.215431+00:00,31.753573726513423
2025-08-15 12:56:25.428451+00:00,31.743272362742573
2025-08-15 12:56:25.634721+00:00,31.763875091448426
2025-08-15 12:56:29.310269+00:00,31.758724408835405
2025-08-15 12:56:29.536547+00:00,31.769025774352485
2025-08-15 12:56:33.351515+00:00,31.77932714103372
2025-08-15 12:56:35.166696+00:00,31.784477824810892
2025-08-15 12:56:35.383556+00:00,31.789628508879105
2025-08-15 12:56:35.617989+00:00,31.789628508879105
2025-08-15 12:56:35.810018+00:00,31.794779193238355
2025-08-15 12:56:36.578018+00:00,31.794779193238355
2025-08-15 12:56:37.680538+00:00,31.794779193238355
2025-08-15 12:56:38.304564+00:00,31.784477824810892
2025-08-15 12:56:40.111961+00:00,31.784477824810892
2025-08-15 12:56:44.747410+00:00,31.77932714103372
2025-08-15 12:56:44.949183+00:00,31.784477824810892
2025-08-15 12:56:45.271083+00:00,31.789628508879105
2025-08-15 12:56:45.663334+00:00,31.80508056282997
2025-08-15 12:56:45.937328+00:00,31.784477824810892
2025-08-15 12:56:46.379478+00:00,31.784477824810892
2025-08-15 12:56:46.703802+00:00,31.77932714103372
2025-08-15 12:56:47.094873+00:00,31.789628508879105
2025-08-15 12:56:47.465539+00:00,31.784477824810892
2025-08-15 12:56:48.033142+00:00,31.77932714103372
2025-08-15 12:56:48.426468+00:00,31.784477824810892
2025-08-15 12:56:49.378411+00:00,31.784477824810892
2025-08-15 12:56:50.739633+00:00,31.794779193238355
2025-08-15 12:56:52.270252+00:00,31.774176457547583
2025-08-15 12:56:52.769341+00:00,31.769025774352485
2025-08-15 12:56:53.205683+00:00,31.769025774352485
2025-08-15 12:56:53.588394+00:00,31.774176457547583
2025-08-15 12:56:53.798843+00:00,31.774176457547583
2025-08-15 12:56:54.036779+00:00,31.77932714103372
2025-08-15 12:56:54.383692+00:00,31.784477824810892
2025-08-15 12:56:56.689419+00:00,31.784477824810892
2025-08-15 12:56:56.865977+00:00,31.769025774352485
2025-08-15 12:56:57.035881+00:00,31.774176457547583
2025-08-15 12:56:57.804280+00:00,31.763875091448426
2025-08-15 12:56:58.052374+00:00,31.769025774352485
2025-08-15 12:56:58.787921+00:00,31.769025774352485
2025-08-15 12:57:00.503970+00:00,31.763875091448426
2025-08-15 12:57:03.337221+00:00,31.763875091448426
2025-08-15 12:57:06.471414+00:00,31.774176457547583
2025-08-15 12:57:09.252524+00:00,31.74842304448248
2025-08-15 12:57:12.351764+00:00,31.74842304448248
2025-08-15 12:57:19.274023+00:00,31.722669638693333
2025-08-15 12:57:19.693499+00:00,31.71751895840862
2025-08-15 12:57:23.052990+00:00,31.722669638693333
2025-08-15 12:57:23.253470+00:00,31.722669638693333
2025-08-15 12:57:23.795497+00:00,31.722669638693333
2025-08-15 12:57:24.239107+00:00,31.732971000135876
2025-08-15 12:57:26.302160+00:00,31.732971000135876
2025-08-15 12:57:27.054391+00:00,31.727820319269085
2025-08-15 12:57:27.471227+00:00,31.738121681293705
2025-08-15 12:57:28.504081+00:00,31.727820319269085
2025-08-15 12:57:28.917097+00:00,31.732971000135876
2025-08-15 12:57:29.747265+00:00,31.727820319269085
2025-08-15 12:57:33.328221+00:00,31.732971000135876
2025-08-15 12:57:34.238334+00:00,31.722669638693333
2025-08-15 12:57:36.862313+00:00,31.732971000135876
2025-08-15 12:57:38.748070+00:00,31.727820319269085
2025-08-15 12:57:39.053773+00:00,31.727820319269085
2025-08-15 12:57:40.286672+00:00,31.727820319269085
2025-08-15 12:57:40.562503+00:00,31.722669638693333
2025-08-15 12:57:41.477846+00:00,31.71751895840862
2025-08-15 12:57:42.701840+00:00,31.727820319269085
2025-08-15 12:57:44.255457+00:00,31.712368278414942
2025-08-15 12:57:44.511586+00:00,31.722669638693333
2025-08-15 12:57:44.991656+00:00,31.722669638693333
2025-08-15 12:57:45.437035+00:00,31.722669638693333
2025-08-15 12:57:47.156550+00:00,31.727820319269085
2025-08-15 12:57:49.218069+00:00,31.738121681293705
2025-08-15 12:57:49.552275+00:00,31.74842304448248
2025-08-15 12:57:50.819247+00:00,31.738121681293705
2025-08-15 12:57:51.212124+00:00,31.743272362742573
2025-08-15 12:57:51.521522+00:00,31.738121681293705
2025-08-15 12:57:55.069584+00:00,31.732971000135876
2025-08-15 12:57:55.469953+00:00,31.753573726513423
2025-08-15 12:57:55.909866+00:00,31.753573726513423
2025-08-15 12:57:56.168657+00:00,31.74842304448248
2025-08-15 12:57:57.061415+00:00,31.74842304448248
2025-08-15 12:57:59.402281+00:00,31.753573726513423
2025-08-15 12:57:59.763161+00:00,31.74842304448248
2025-08-15 12:58:00.010161+00:00,31.74842304448248
2025-08-15 12:58:00.346467+00:00,31.753573726513423
2025-08-15 12:58:06.066067+00:00,31.763875091448426
2025-08-15 12:58:06.901734+00:00,31.743272362742573
2025-08-15 12:58:10.943757+00:00,31.738121681293705
2025-08-15 12:58:11.560484+00:00,31.732971000135876
2025-08-15 12:58:13.334478+00:00,31.727820319269085
2025-08-15 12:58:13.742627+00:00,31.712368278414942
2025-08-15 12:58:17.552119+00:00,31.722669638693333
2025-08-15 12:58:19.203968+00:00,31.727820319269085
2025-08-15 12:58:21.551549+00:00,31.712368278414942
2025-08-15 12:58:21.988926+00:00,31.707217598712305
2025-08-15 12:58:23.050204+00:00,31.707217598712305
2025-08-15 12:58:24.055401+00:00,31.71751895840862
2025-08-15 12:58:24.471530+00:00,31.707217598712305
2025-08-15 12:58:26.398982+00:00,31.707217598712305
2025-08-15 12:58:27.178097+00:00,31.707217598712305
2025-08-15 12:58:32.993229+00:00,31.696916240180144
2025-08-15 12:58:33.349868+00:00,31.696916240180144
2025-08-15 12:58:33.619577+00:00,31.696916240180144
2025-08-15 12:58:33.944290+00:00,31.707217598712305
2025-08-15 12:58:35.474883+00:00,31.69176556135062
2025-08-15 12:58:36.619468+00:00,31.696916240180144
2025-08-15 12:58:36.876695+00:00,31.696916240180144
2025-08-15 12:58:37.569912+00:00,31.696916240180144
2025-08-15 12:58:37.909651+00:00,31.686614882812137
2025-08-15 12:58:38.577085+00:00,31.686614882812137
2025-08-15 12:58:38.800131+00:00,31.686614882812137
2025-08-15 12:58:40.327403+00:00,31.69176556135062
2025-08-15 12:58:40.494456+00:00,31.702066919300705
2025-08-15 12:58:41.012381+00:00,31.702066919300705
2025-08-15 12:58:41.327327+00:00,31.707217598712305
2025-08-15 12:58:41.819425+00:00,31.702066919300705
2025-08-15 12:58:43.853263+00:00,31.712368278414942
2025-08-15 12:58:45.376837+00:00,31.69176556135062
2025-08-15 12:58:46.271173+00:00,31.69176556135062
2025-08-15 12:58:46.793752+00:00,31.69176556135062
2025-08-15 12:58:47.254669+00:00,31.696916240180144
2025-08-15 12:58:48.104375+00:00,31.696916240180144
2025-08-15 12:58:48.468243+00:00,31.686614882812137
2025-08-15 12:58:49.836774+00:00,31.696916240180144
2025-08-15 12:58:51.330926+00:00,31.696916240180144
2025-08-15 12:58:52.767368+00:00,31.702066919300705
2025-08-15 12:58:53.043836+00:00,31.71751895840862
2025-08-15 12:58:53.319244+00:00,31.707217598712305
2025-08-15 12:58:54.014191+00:00,31.712368278414942
2025-08-15 12:58:54.735430+00:00,31.702066919300705
2025-08-15 12:58:55.126890+00:00,31.702066919300705
2025-08-15 12:58:56.286577+00:00,31.707217598712305
2025-08-15 12:58:57.777865+00:00,31.707217598712305
2025-08-15 12:58:58.976994+00:00,31.702066919300705
2025-08-15 12:58:59.285947+00:00,31.702066919300705
2025-08-15 12:58:59.830038+00:00,31.707217598712305
2025-08-15 12:59:00.360950+00:00,31.696916240180144
2025-08-15 12:59:02.145041+00:00,31.702066919300705
2025-08-15 12:59:07.980069+00:00,31.702066919300705
2025-08-15 12:59:09.133012+00:00,31.69176556135062
2025-08-15 12:59:11.204476+00:00,31.686614882812137
2025-08-15 12:59:13.100865+00:00,31.68146420456469
2025-08-15 12:59:14.042865+00:00,31.686614882812137
2025-08-15 12:59:14.466451+00:00,31.66086149448529
2025-08-15 12:59:16.131841+00:00,31.676313526608283
2025-08-15 12:59:17.843749+00:00,31.68146420456469
2025-08-15 12:59:18.644595+00:00,31.68146420456469
2025-08-15 12:59:19.515246+00:00,31.676313526608283
2025-08-15 12:59:19.807317+00:00,31.68146420456469
2025-08-15 12:59:20.667311+00:00,31.68146420456469
2025-08-15 12:59:21.695417+00:00,31.686614882812137
2025-08-15 12:59:25.143567+00:00,31.696916240180144
2025-08-15 12:59:25.856899+00:00,31.671162848942913
2025-08-15 12:59:26.467040+00:00,31.68146420456469
2025-08-15 12:59:27.784884+00:00,31.666012171568582
2025-08-15 12:59:28.619125+00:00,31.666012171568582
2025-08-15 12:59:29.396856+00:00,31.671162848942913
2025-08-15 12:59:29.933573+00:00,31.671162848942913
2025-08-15 12:59:31.428138+00:00,31.671162848942913
2025-08-15 12:59:35.578395+00:00,31.671162848942913
2025-08-15 12:59:36.133390+00:00,31.68146420456469
2025-08-15 12:59:37.058896+00:00,31.676313526608283
2025-08-15 12:59:38.379327+00:00,31.68146420456469
2025-08-15 12:59:39.137731+00:00,31.68146420456469
2025-08-15 12:59:40.615834+00:00,31.69176556135062
2025-08-15 12:59:40.875676+00:00,31.702066919300705
2025-08-15 12:59:41.119929+00:00,31.707217598712305
2025-08-15 12:59:42.425591+00:00,31.702066919300705
2025-08-15 12:59:44.218698+00:00,31.707217598712305
2025-08-15 12:59:45.925755+00:00,31.722669638693333
2025-08-15 12:59:49.023031+00:00,31.732971000135876
2025-08-15 12:59:50.933413+00:00,31.74842304448248
2025-08-15 12:59:51.566872+00:00,31.743272362742573
2025-08-15 12:59:51.971307+00:00,31.743272362742573
2025-08-15 12:59:54.092904+00:00,31.743272362742573
2025-08-15 12:59:54.585493+00:00,31.74842304448248
2025-08-15 12:59:57.266372+00:00,31.753573726513423
2025-08-15 12:59:57.827533+00:00,31.753573726513423
2025-08-15 12:59:58.646259+00:00,31.758724408835405
2025-08-15 12:59:59.125128+00:00,31.763875091448426
2025-08-15 12:59:59.699049+00:00,31.763875091448426
2025-08-15 13:00:00.415355+00:00,31.753573726513423
2025-08-15 13:00:01.164857+00:00,31.753573726513423
2025-08-15 13:00:02.474565+00:00,31.74842304448248
2025-08-15 13:00:02.907859+00:00,31.753573726513423
2025-08-15 13:00:04.399818+00:00,31.763875091448426
2025-08-15 13:00:09.398521+00:00,31.758724408835405
2025-08-15 13:00:14.285319+00:00,31.738121681293705
2025-08-15 13:00:17.093265+00:00,31.738121681293705
2025-08-15 13:00:18.446983+00:00,31.727820319269085
2025-08-15 13:00:19.040098+00:00,31.732971000135876
2025-08-15 13:00:19.608024+00:00,31.722669638693333
2025-08-15 13:00:20.100628+00:00,31.727820319269085
2025-08-15 13:00:21.060748+00:00,31.722669638693333
2025-08-15 13:00:23.065863+00:00,31.71751895840862
2025-08-15 13:00:23.533487+00:00,31.707217598712305
2025-08-15 13:00:24.643096+00:00,31.712368278414942
2025-08-15 13:00:29.201491+00:00,31.732971000135876
2025-08-15 13:00:31.540049+00:00,31.74842304448248
2025-08-15 13:00:33.563357+00:00,31.738121681293705
2025-08-15 13:00:37.814981+00:00,31.763875091448426
2025-08-15 13:00:40.513946+00:00,31.774176457547583
2025-08-15 13:00:41.130831+00:00,31.77932714103372
2025-08-15 13:00:41.599496+00:00,31.774176457547583
2025-08-15 13:00:43.089241+00:00,31.784477824810892
2025-08-15 13:00:44.082134+00:00,31.784477824810892
2025-08-15 13:00:44.749462+00:00,31.799929877888644
2025-08-15 13:00:46.814383+00:00,31.77932714103372
2025-08-15 13:00:48.026087+00:00,31.794779193238355
2025-08-15 13:00:48.441005+00:00,31.794779193238355
2025-08-15 13:00:49.849784+00:00,31.789628508879105
2025-08-15 13:00:51.029371+00:00,31.789628508879105
2025-08-15 13:00:52.208006+00:00,31.794779193238355
2025-08-15 13:00:52.558833+00:00,31.799929877888644
2025-08-15 13:00:55.582312+00:00,31.794779193238355
2025-08-15 13:00:56.066699+00:00,31.794779193238355
2025-08-15 13:00:57.546517+00:00,31.789628508879105
2025-08-15 13:00:59.367293+00:00,31.80508056282997
2025-08-15 13:01:03.829822+00:00,31.799929877888644
2025-08-15 13:01:04.589819+00:00,31.789628508879105
2025-08-15 13:01:10.241015+00:00,31.799929877888644
2025-08-15 13:01:13.132320+00:00,31.784477824810892
2025-08-15 13:01:16.232655+00:00,31.794779193238355
2025-08-15 13:01:19.423672+00:00,31.77932714103372
2025-08-15 13:01:19.806246+00:00,31.774176457547583
2025-08-15 13:01:21.940939+00:00,31.77932714103372
2025-08-15 13:01:23.095167+00:00,31.758724408835405
2025-08-15 13:01:23.540497+00:00,31.758724408835405
2025-08-15 13:01:26.249403+00:00,31.763875091448426
2025-08-15 13:01:27.215687+00:00,31.753573726513423
2025-08-15 13:01:28.435561+00:00,31.732971000135876
2025-08-15 13:01:29.204953+00:00,31.738121681293705
2025-08-15 13:01:29.783149+00:00,31.743272362742573
2025-08-15 13:01:31.385799+00:00,31.738121681293705
2025-08-15 13:01:31.924402+00:00,31.738121681293705
2025-08-15 13:01:34.226440+00:00,31.722669638693333
2025-08-15 13:01:34.558915+00:00,31.732971000135876
2025-08-15 13:01:34.799687+00:00,31.738121681293705
2025-08-15 13:01:34.968833+00:00,31.722669638693333
2025-08-15 13:01:35.124260+00:00,31.738121681293705
2025-08-15 13:01:35.404260+00:00,31.732971000135876
2025-08-15 13:01:35.674732+00:00,31.727820319269085
2025-08-15 13:01:39.713841+00:00,31.727820319269085
2025-08-15 13:01:40.532596+00:00,31.738121681293705
2025-08-15 13:01:42.280526+00:00,31.738121681293705
2025-08-15 13:01:43.976130+00:00,31.732971000135876
2025-08-15 13:01:44.284512+00:00,31.732971000135876
2025-08-15 13:01:45.980941+00:00,31.732971000135876
2025-08-15 13:01:48.288827+00:00,31.753573726513423
2025-08-15 13:01:48.754880+00:00,31.743272362742573
2025-08-15 13:01:49.689081+00:00,31.753573726513423
2025-08-15 13:01:50.174582+00:00,31.738121681293705
2025-08-15 13:01:50.399561+00:00,31.758724408835405
2025-08-15 13:01:51.811250+00:00,31.74842304448248
2025-08-15 13:01:52.643554+00:00,31.74842304448248
2025-08-15 13:01:53.520697+00:00,31.738121681293705
2025-08-15 13:01:55.349390+00:00,31.74842304448248
2025-08-15 13:01:55.665471+00:00,31.743272362742573
2025-08-15 13:01:55.931564+00:00,31.74842304448248
2025-08-15 13:01:59.704166+00:00,31.753573726513423
2025-08-15 13:02:00.018884+00:00,31.743272362742573
2025-08-15 13:02:01.090013+00:00,31.743272362742573
2025-08-15 13:02:01.548102+00:00,31.753573726513423
2025-08-15 13:02:03.688668+00:00,31.743272362742573
2025-08-15 13:02:05.692182+00:00,31.732971000135876
2025-08-15 13:02:06.381149+00:00,31.732971000135876
2025-08-15 13:02:09.244317+00:00,31.738121681293705
2025-08-15 13:02:09.655001+00:00,31.722669638693333
2025-08-15 13:02:12.433804+00:00,31.738121681293705
2025-08-15 13:02:12.826064+00:00,31.727820319269085
2025-08-15 13:02:13.947749+00:00,31.727820319269085
2025-08-15 13:02:16.547203+00:00,31.732971000135876
2025-08-15 13:02:18.470927+00:00,31.722669638693333
2025-08-15 13:02:19.412084+00:00,31.712368278414942
2025-08-15 13:02:22.912198+00:00,31.722669638693333
2025-08-15 13:02:24.773836+00:00,31.722669638693333
2025-08-15 13:02:27.173239+00:00,31.722669638693333
2025-08-15 13:02:27.589457+00:00,31.71751895840862
2025-08-15 13:02:28.177968+00:00,31.71751895840862
2025-08-15 13:02:29.346702+00:00,31.722669638693333
2025-08-15 13:02:32.346042+00:00,31.712368278414942
2025-08-15 13:02:33.572812+00:00,31.722669638693333
2025-08-15 13:02:35.738393+00:00,31.722669638693333
2025-08-15 13:02:35.970765+00:00,31.722669638693333
2025-08-15 13:02:36.194886+00:00,31.712368278414942
2025-08-15 13:02:36.432113+00:00,31.722669638693333
2025-08-15 13:02:36.644292+00:00,31.722669638693333
2025-08-15 13:02:36.857166+00:00,31.722669638693333
2025-08-15 13:02:37.235397+00:00,31.727820319269085
2025-08-15 13:02:38.448180+00:00,31.71751895840862
2025-08-15 13:02:41.708391+00:00,31.712368278414942
2025-08-15 13:02:43.017320+00:00,31.712368278414942
2025-08-15 13:02:45.206453+00:00,31.712368278414942
2025-08-15 13:02:52.309146+00:00,31.696916240180144
2025-08-15 13:02:53.487923+00:00,31.696916240180144
2025-08-15 13:02:54.096392+00:00,31.707217598712305
2025-08-15 13:02:56.339667+00:00,31.707217598712305
2025-08-15 13:02:57.149024+00:00,31.696916240180144
2025-08-15 13:02:58.339083+00:00,31.71751895840862
2025-08-15 13:03:01.833972+00:00,31.707217598712305
2025-08-15 13:03:02.309331+00:00,31.722669638693333
2025-08-15 13:03:03.742364+00:00,31.722669638693333
2025-08-15 13:03:11.829000+00:00,31.732971000135876
2025-08-15 13:03:12.269475+00:00,31.738121681293705
2025-08-15 13:03:12.870449+00:00,31.732971000135876
2025-08-15 13:03:13.889463+00:00,31.738121681293705
2025-08-15 13:03:16.505367+00:00,31.732971000135876
2025-08-15 13:03:18.595284+00:00,31.727820319269085
2025-08-15 13:03:18.852899+00:00,31.707217598712305
2025-08-15 13:03:19.628345+00:00,31.722669638693333
2025-08-15 13:03:22.440517+00:00,31.712368278414942
2025-08-15 13:03:25.857252+00:00,31.707217598712305
2025-08-15 13:03:27.065161+00:00,31.732971000135876
2025-08-15 13:03:27.286705+00:00,31.732971000135876
2025-08-15 13:03:27.548204+00:00,31.732971000135876
2025-08-15 13:03:28.801879+00:00,31.738121681293705
2025-08-15 13:03:29.685647+00:00,31.743272362742573
2025-08-15 13:03:32.777786+00:00,31.763875091448426
2025-08-15 13:03:33.285738+00:00,31.763875091448426
2025-08-15 13:03:33.963324+00:00,31.784477824810892
2025-08-15 13:03:38.367316+00:00,31.810231248062337
2025-08-15 13:03:38.609533+00:00,31.810231248062337
2025-08-15 13:03:38.751361+00:00,31.810231248062337
2025-08-15 13:03:40.521906+00:00,31.81538193358574
2025-08-15 13:03:40.964357+00:00,31.81538193358574
2025-08-15 13:03:41.206343+00:00,31.820532619400183
2025-08-15 13:03:41.456689+00:00,31.820532619400183
2025-08-15 13:03:41.647791+00:00,31.825683305505663
2025-08-15 13:03:42.511347+00:00,31.830833991902182
2025-08-15 13:03:44.514484+00:00,31.81538193358574
2025-08-15 13:03:44.658802+00:00,31.830833991902182
2025-08-15 13:03:44.931715+00:00,31.841135365568334
2025-08-15 13:03:45.347049+00:00,31.825683305505663
2025-08-15 13:03:45.849525+00:00,31.825683305505663
2025-08-15 13:03:49.220646+00:00,31.825683305505663
2025-08-15 13:03:49.570173+00:00,31.820532619400183
2025-08-15 13:03:50.137956+00:00,31.820532619400183
2025-08-15 13:03:50.398828+00:00,31.820532619400183
2025-08-15 13:03:50.655946+00:00,31.825683305505663
2025-08-15 13:03:51.016158+00:00,31.820532619400183
2025-08-15 13:03:51.258649+00:00,31.81538193358574
2025-08-15 13:03:51.593001+00:00,31.81538193358574
2025-08-15 13:03:51.817868+00:00,31.825683305505663
2025-08-15 13:03:52.058590+00:00,31.81538193358574
2025-08-15 13:03:52.394759+00:00,31.820532619400183
2025-08-15 13:03:52.662540+00:00,31.83598467858974
2025-08-15 13:03:52.865396+00:00,31.825683305505663
2025-08-15 13:03:54.892593+00:00,31.846286052837968
2025-08-15 13:03:55.102909+00:00,31.846286052837968
2025-08-15 13:03:56.173497+00:00,31.85658742825035
2025-08-15 13:03:59.934811+00:00,31.825683305505663
2025-08-15 13:04:01.245899+00:00,31.830833991902182
2025-08-15 13:04:04.064155+00:00,31.85658742825035
2025-08-15 13:04:04.412672+00:00,31.841135365568334
2025-08-15 13:04:05.297526+00:00,31.846286052837968
2025-08-15 13:04:08.844907+00:00,31.83598467858974
2025-08-15 13:04:09.236338+00:00,31.825683305505663
2025-08-15 13:04:09.652149+00:00,31.825683305505663
2025-08-15 13:04:10.035522+00:00,31.825683305505663
2025-08-15 13:04:11.367315+00:00,31.830833991902182
2025-08-15 13:04:12.674569+00:00,31.825683305505663
2025-08-15 13:04:13.074535+00:00,31.825683305505663
2025-08-15 13:04:13.593196+00:00,31.820532619400183
2025-08-15 13:04:13.788174+00:00,31.825683305505663
2025-08-15 13:04:14.754728+00:00,31.810231248062337
2025-08-15 13:04:16.126478+00:00,31.825683305505663
2025-08-15 13:04:17.335715+00:00,31.810231248062337
2025-08-15 13:04:20.059556+00:00,31.80508056282997
2025-08-15 13:04:20.469217+00:00,31.799929877888644
2025-08-15 13:04:20.973210+00:00,31.820532619400183
2025-08-15 13:04:21.762893+00:00,31.81538193358574
2025-08-15 13:04:22.547970+00:00,31.81538193358574
2025-08-15 13:04:26.524931+00:00,31.830833991902182
2025-08-15 13:04:29.022657+00:00,31.83598467858974
2025-08-15 13:04:31.037969+00:00,31.810231248062337
2025-08-15 13:04:34.954357+00:00,31.83598467858974
2025-08-15 13:04:35.363256+00:00,31.830833991902182
2025-08-15 13:04:36.733724+00:00,31.830833991902182
2025-08-15 13:04:37.320639+00:00,31.85143674039864
2025-08-15 13:04:38.104758+00:00,31.830833991902182
2025-08-15 13:04:39.749006+00:00,31.830833991902182
2025-08-15 13:04:40.275851+00:00,31.830833991902182
2025-08-15 13:04:40.571487+00:00,31.825683305505663
2025-08-15 13:04:41.096534+00:00,31.83598467858974
2025-08-15 13:04:42.752149+00:00,31.830833991902182
2025-08-15 13:04:43.185662+00:00,31.820532619400183
2025-08-15 13:04:44.597358+00:00,31.81538193358574
2025-08-15 13:04:49.228864+00:00,31.841135365568334
2025-08-15 13:04:49.367634+00:00,31.820532619400183
2025-08-15 13:04:49.977473+00:00,31.825683305505663
2025-08-15 13:04:50.835804+00:00,31.83598467858974
2025-08-15 13:04:52.006932+00:00,31.841135365568334
2025-08-15 13:04:52.372067+00:00,31.85658742825035
2025-08-15 13:04:53.474827+00:00,31.87203949355171
2025-08-15 13:04:55.079623+00:00,31.887491561472416
2025-08-15 13:04:57.117872+00:00,31.892642251361394
2025-08-15 13:04:57.814893+00:00,31.89779294154141
2025-08-15 13:04:58.090139+00:00,31.902943632012466
2025-08-15 13:04:58.315264+00:00,31.90809432277456
2025-08-15 13:04:58.534645+00:00,31.902943632012466
2025-08-15 13:04:58.833616+00:00,31.90809432277456
2025-08-15 13:05:00.812889+00:00,31.902943632012466
2025-08-15 13:05:05.172950+00:00,31.90809432277456
2025-08-15 13:05:09.208829+00:00,31.887491561472416
2025-08-15 13:05:09.961033+00:00,31.887491561472416
2025-08-15 13:05:10.320095+00:00,31.892642251361394
2025-08-15 13:05:10.705368+00:00,31.887491561472416
2025-08-15 13:05:11.073405+00:00,31.892642251361394
2025-08-15 13:05:20.172017+00:00,31.882340871874476
2025-08-15 13:05:20.916634+00:00,31.8617381163931
2025-08-15 13:05:22.768239+00:00,31.8617381163931
2025-08-15 13:05:24.867195+00:00,31.85658742825035
2025-08-15 13:05:27.476142+00:00,31.841135365568334
2025-08-15 13:05:28.411585+00:00,31.83598467858974
2025-08-15 13:05:32.895342+00:00,31.830833991902182
2025-08-15 13:05:34.975572+00:00,31.825683305505663
2025-08-15 13:05:35.315750+00:00,31.80508056282997
2025-08-15 13:05:37.726100+00:00,31.81538193358574
2025-08-15 13:05:38.160077+00:00,31.810231248062337
2025-08-15 13:05:39.427234+00:00,31.80508056282997
2025-08-15 13:05:40.509817+00:00,31.810231248062337
2025-08-15 13:05:41.109634+00:00,31.80508056282997
2025-08-15 13:05:43.216537+00:00,31.799929877888644
2025-08-15 13:05:43.574284+00:00,31.810231248062337
2025-08-15 13:05:44.675551+00:00,31.794779193238355
2025-08-15 13:05:46.332028+00:00,31.80508056282997
2025-08-15 13:05:47.024544+00:00,31.794779193238355
2025-08-15 13:05:49.403057+00:00,31.789628508879105
2025-08-15 13:05:49.728810+00:00,31.794779193238355
2025-08-15 13:05:49.940542+00:00,31.789628508879105
2025-08-15 13:05:50.103313+00:00,31.799929877888644
2025-08-15 13:05:50.325821+00:00,31.81538193358574
2025-08-15 13:05:50.676416+00:00,31.799929877888644
2025-08-15 13:05:50.901730+00:00,31.810231248062337
2025-08-15 13:05:51.143681+00:00,31.799929877888644
2025-08-15 13:05:53.529310+00:00,31.789628508879105
2025-08-15 13:05:53.820629+00:00,31.774176457547583
2025-08-15 13:05:54.845492+00:00,31.784477824810892
2025-08-15 13:05:56.037048+00:00,31.77932714103372
2025-08-15 13:05:56.440459+00:00,31.774176457547583
2025-08-15 13:05:57.736540+00:00,31.784477824810892
2025-08-15 13:05:58.587694+00:00,31.753573726513423
2025-08-15 13:05:59.547873+00:00,31.769025774352485
2025-08-15 13:06:01.376849+00:00,31.769025774352485
2025-08-15 13:06:02.735262+00:00,31.769025774352485
2025-08-15 13:06:05.431209+00:00,31.769025774352485
2025-08-15 13:06:06.882227+00:00,31.769025774352485
2025-08-15 13:06:09.982392+00:00,31.774176457547583
2025-08-15 13:06:13.557688+00:00,31.774176457547583
2025-08-15 13:06:16.617167+00:00,31.77932714103372
2025-08-15 13:06:16.991571+00:00,31.769025774352485
2025-08-15 13:06:19.680146+00:00,31.763875091448426
2025-08-15 13:06:20.348352+00:00,31.763875091448426
2025-08-15 13:06:21.586934+00:00,31.77932714103372
2025-08-15 13:06:22.346160+00:00,31.769025774352485
2025-08-15 13:06:23.416200+00:00,31.774176457547583
2025-08-15 13:06:26.239448+00:00,31.74842304448248
2025-08-15 13:06:26.540295+00:00,31.763875091448426
2025-08-15 13:06:28.002010+00:00,31.774176457547583
2025-08-15 13:06:29.424975+00:00,31.77932714103372
2025-08-15 13:06:35.066449+00:00,31.784477824810892
2025-08-15 13:06:35.539863+00:00,31.769025774352485
2025-08-15 13:06:36.061573+00:00,31.769025774352485
2025-08-15 13:06:37.680891+00:00,31.80508056282997
2025-08-15 13:06:38.206817+00:00,31.77932714103372
2025-08-15 13:06:38.517899+00:00,31.789628508879105
2025-08-15 13:06:39.201435+00:00,31.810231248062337
2025-08-15 13:06:41.289713+00:00,31.810231248062337
2025-08-15 13:06:42.586330+00:00,31.81538193358574
2025-08-15 13:06:43.486107+00:00,31.825683305505663
2025-08-15 13:06:47.722855+00:00,31.830833991902182
2025-08-15 13:06:51.594862+00:00,31.846286052837968
2025-08-15 13:06:52.612871+00:00,31.8617381163931
2025-08-15 13:06:53.536002+00:00,31.877190182567574
2025-08-15 13:06:53.823835+00:00,31.877190182567574
2025-08-15 13:06:54.712015+00:00,31.89779294154141
2025-08-15 13:06:55.085408+00:00,31.877190182567574
2025-08-15 13:06:56.227856+00:00,31.902943632012466
2025-08-15 13:06:56.444345+00:00,31.91324501382769
2025-08-15 13:06:57.035488+00:00,31.91324501382769
2025-08-15 13:06:57.718557+00:00,31.91324501382769
2025-08-15 13:06:59.151623+00:00,31.928697088733315
2025-08-15 13:07:00.926835+00:00,31.9338477809506
2025-08-15 13:07:05.304158+00:00,31.944149166258285
2025-08-15 13:07:10.718428+00:00,31.964751940366114
2025-08-15 13:07:11.164037+00:00,31.969902634620667
2025-08-15 13:07:12.048778+00:00,31.964751940366114
2025-08-15 13:07:13.835720+00:00,31.9596012464026
2025-08-15 13:07:14.517767+00:00,31.9596012464026
2025-08-15 13:07:15.153886+00:00,31.9596012464026
2025-08-15 13:07:16.455631+00:00,31.964751940366114
2025-08-15 13:07:17.977391+00:00,31.9596012464026
2025-08-15 13:07:18.885493+00:00,31.954450552730123
2025-08-15 13:07:19.214215+00:00,31.9596012464026
2025-08-15 13:07:23.026165+00:00,31.949299859348685
2025-08-15 13:07:24.809301+00:00,31.949299859348685
2025-08-15 13:07:28.864748+00:00,31.938998473458923
2025-08-15 13:07:37.488898+00:00,31.90809432277456
2025-08-15 13:07:38.116806+00:00,31.91839570517186
2025-08-15 13:07:38.800533+00:00,31.91839570517186
2025-08-15 13:07:39.067449+00:00,31.90809432277456
2025-08-15 13:07:39.309219+00:00,31.89779294154141
2025-08-15 13:07:40.544224+00:00,31.887491561472416
2025-08-15 13:07:41.106873+00:00,31.887491561472416
2025-08-15 13:07:42.810662+00:00,31.887491561472416
2025-08-15 13:07:44.583809+00:00,31.85658742825035
2025-08-15 13:07:46.913303+00:00,31.825683305505663
2025-08-15 13:07:48.270277+00:00,31.825683305505663
2025-08-15 13:07:49.135148+00:00,31.825683305505663
2025-08-15 13:07:50.206455+00:00,31.825683305505663
2025-08-15 13:07:51.658980+00:00,31.830833991902182
2025-08-15 13:07:53.180384+00:00,31.820532619400183
2025-08-15 13:07:53.534395+00:00,31.820532619400183
2025-08-15 13:07:56.267575+00:00,31.825683305505663
2025-08-15 13:07:57.985079+00:00,31.825683305505663
2025-08-15 13:07:58.326415+00:00,31.825683305505663
2025-08-15 13:07:58.836893+00:00,31.825683305505663
2025-08-15 13:07:59.272769+00:00,31.830833991902182
2025-08-15 13:08:02.729963+00:00,31.83598467858974
2025-08-15 13:08:03.103589+00:00,31.83598467858974
2025-08-15 13:08:04.133369+00:00,31.846286052837968
2025-08-15 13:08:08.396624+00:00,31.87203949355171
2025-08-15 13:08:10.312577+00:00,31.877190182567574
2025-08-15 13:08:10.646290+00:00,31.882340871874476
2025-08-15 13:08:12.228629+00:00,31.887491561472416
2025-08-15 13:08:14.141759+00:00,31.90809432277456
2025-08-15 13:08:14.835216+00:00,31.902943632012466
2025-08-15 13:08:15.327535+00:00,31.91324501382769
2025-08-15 13:08:17.096987+00:00,31.91324501382769
2025-08-15 13:08:17.551051+00:00,31.91839570517186
2025-08-15 13:08:18.121972+00:00,31.91839570517186
2025-08-15 13:08:20.540748+00:00,31.91839570517186
2025-08-15 13:08:20.732975+00:00,31.938998473458923
2025-08-15 13:08:25.268215+00:00,31.954450552730123
2025-08-15 13:08:25.544892+00:00,31.9596012464026
2025-08-15 13:08:25.852733+00:00,31.9596012464026
2025-08-15 13:08:26.164506+00:00,31.969902634620667
2025-08-15 13:08:26.431552+00:00,31.964751940366114
2025-08-15 13:08:26.732325+00:00,31.9596012464026
2025-08-15 13:08:27.098996+00:00,31.980204024002887
2025-08-15 13:08:27.381751+00:00,31.975053329166258
2025-08-15 13:08:29.070578+00:00,31.975053329166258
2025-08-15 13:08:31.012331+00:00,31.980204024002887
2025-08-15 13:08:37.596322+00:00,32.00080680625979
2025-08-15 13:08:39.728327+00:00,32.01110819913447
2025-08-15 13:08:40.650390+00:00,32.03686168641434
2025-08-15 13:08:42.325501+00:00,32.03171098837629
2025-08-15 13:08:44.966580+00:00,32.03686168641434
2025-08-15 13:08:47.039652+00:00,32.0214095931733
2025-08-15 13:08:52.592203+00:00,32.03171098837629
2025-08-15 13:08:56.308804+00:00,32.03171098837629
2025-08-15 13:08:56.874258+00:00,32.04201238474343
2025-08-15 13:08:58.551061+00:00,32.04201238474343
2025-08-15 13:08:59.144747+00:00,32.03171098837629
2025-08-15 13:09:00.776104+00:00,32.04716308336356
2025-08-15 13:09:02.072066+00:00,32.04716308336356
2025-08-15 13:09:03.355032+00:00,32.04201238474343
2025-08-15 13:09:03.840266+00:00,32.05231378227472
2025-08-15 13:09:10.645347+00:00,32.05231378227472
2025-08-15 13:09:13.589139+00:00,32.06776588075445
2025-08-15 13:09:14.399184+00:00,32.06261518097017
2025-08-15 13:09:19.218222+00:00,32.08321798185352
2025-08-15 13:09:19.468864+00:00,32.08321798185352
2025-08-15 13:09:20.114633+00:00,32.08321798185352
2025-08-15 13:09:20.358355+00:00,32.06776588075445
2025-08-15 13:09:20.665353+00:00,32.07291658082977
2025-08-15 13:09:21.407584+00:00,32.07291658082977
2025-08-15 13:09:21.641775+00:00,32.06776588075445
2025-08-15 13:09:21.875717+00:00,32.07291658082977
2025-08-15 13:09:22.928563+00:00,32.07291658082977
2025-08-15 13:09:24.474269+00:00,32.06776588075445
2025-08-15 13:09:26.246409+00:00,32.08321798185352
2025-08-15 13:09:28.100898+00:00,32.10382078739349
2025-08-15 13:09:28.916796+00:00,32.10382078739349
2025-08-15 13:09:29.595549+00:00,32.088368682801956
2025-08-15 13:09:29.896756+00:00,32.09351938404143
2025-08-15 13:09:30.570364+00:00,32.08321798185352
2025-08-15 13:09:31.019072+00:00,32.09351938404143
2025-08-15 13:09:31.385467+00:00,32.088368682801956
2025-08-15 13:09:31.743985+00:00,32.09351938404143
2025-08-15 13:09:32.144879+00:00,32.088368682801956
2025-08-15 13:09:32.586058+00:00,32.088368682801956
2025-08-15 13:09:34.507309+00:00,32.088368682801956
2025-08-15 13:09:36.511030+00:00,32.08321798185352
2025-08-15 13:09:37.341948+00:00,32.08321798185352
2025-08-15 13:09:43.611040+00:00,32.05231378227472
2025-08-15 13:09:43.821739+00:00,32.04201238474343
2025-08-15 13:09:44.416385+00:00,32.04201238474343
2025-08-15 13:09:44.666771+00:00,32.04201238474343
2025-08-15 13:09:45.220045+00:00,32.05231378227472
2025-08-15 13:09:46.271460+00:00,32.04201238474343
2025-08-15 13:09:52.804867+00:00,31.995656110259006
2025-08-15 13:09:54.852316+00:00,31.985354719130555
2025-08-15 13:09:57.314929+00:00,31.985354719130555
2025-08-15 13:10:00.572852+00:00,31.975053329166258
2025-08-15 13:10:02.225813+00:00,31.964751940366114
2025-08-15 13:10:04.642289+00:00,31.954450552730123
2025-08-15 13:10:10.809105+00:00,31.944149166258285
2025-08-15 13:10:11.943344+00:00,31.938998473458923
2025-08-15 13:10:12.414866+00:00,31.938998473458923
2025-08-15 13:10:13.150233+00:00,31.938998473458923
2025-08-15 13:10:13.775596+00:00,31.938998473458923
2025-08-15 13:10:16.373633+00:00,31.938998473458923
2025-08-15 13:10:17.092226+00:00,31.9338477809506
2025-08-15 13:10:17.568158+00:00,31.954450552730123
2025-08-15 13:10:17.901705+00:00,31.949299859348685
2025-08-15 13:10:18.241907+00:00,31.938998473458923
2025-08-15 13:10:18.786635+00:00,31.944149166258285
2025-08-15 13:10:21.337367+00:00,31.938998473458923
2025-08-15 13:10:21.987070+00:00,31.928697088733315
2025-08-15 13:10:22.483479+00:00,31.9338477809506
2025-08-15 13:10:26.312647+00:00,31.9338477809506
2025-08-15 13:10:28.558872+00:00,31.91839570517186
2025-08-15 13:10:29.435026+00:00,31.91839570517186
2025-08-15 13:10:30.593305+00:00,31.91839570517186
2025-08-15 13:10:32.005794+00:00,31.91839570517186
2025-08-15 13:10:32.816138+00:00,31.91839570517186
2025-08-15 13:10:33.240213+00:00,31.91839570517186
2025-08-15 13:10:33.734847+00:00,31.91324501382769
2025-08-15 13:10:36.249958+00:00,31.91324501382769
2025-08-15 13:10:37.099515+00:00,31.92354639680707
2025-08-15 13:10:38.144000+00:00,31.90809432277456
2025-08-15 13:10:40.976968+00:00,31.91324501382769
2025-08-15 13:10:42.994907+00:00,31.91324501382769
2025-08-15 13:10:46.281242+00:00,31.89779294154141
2025-08-15 13:10:47.947371+00:00,31.892642251361394
2025-08-15 13:10:48.487266+00:00,31.90809432277456
2025-08-15 13:10:49.712804+00:00,31.89779294154141
2025-08-15 13:10:50.848250+00:00,31.902943632012466
2025-08-15 13:10:52.921189+00:00,31.89779294154141
2025-08-15 13:10:53.146073+00:00,31.882340871874476
2025-08-15 13:10:53.408392+00:00,31.89779294154141
2025-08-15 13:10:54.147476+00:00,31.887491561472416
2025-08-15 13:10:55.504674+00:00,31.87203949355171
2025-08-15 13:10:55.929502+00:00,31.882340871874476
2025-08-15 13:10:58.769501+00:00,31.887491561472416
2025-08-15 13:10:59.414384+00:00,31.882340871874476
2025-08-15 13:11:03.581174+00:00,31.887491561472416
2025-08-15 13:11:08.777432+00:00,31.866888804826885
2025-08-15 13:11:11.650180+00:00,31.866888804826885
2025-08-15 13:11:12.755387+00:00,31.85658742825035
2025-08-15 13:11:12.995723+00:00,31.866888804826885
2025-08-15 13:11:14.456564+00:00,31.85658742825035
2025-08-15 13:11:17.723520+00:00,31.846286052837968
2025-08-15 13:11:18.609324+00:00,31.83598467858974
2025-08-15 13:11:19.314344+00:00,31.8617381163931
2025-08-15 13:11:19.628692+00:00,31.866888804826885
2025-08-15 13:11:19.931066+00:00,31.8617381163931
2025-08-15 13:11:20.172511+00:00,31.8617381163931
2025-08-15 13:11:21.651411+00:00,31.85658742825035
2025-08-15 13:11:21.861712+00:00,31.85658742825035
2025-08-15 13:11:22.187463+00:00,31.87203949355171
2025-08-15 13:11:23.838393+00:00,31.866888804826885
2025-08-15 13:11:23.982669+00:00,31.8617381163931
2025-08-15 13:11:24.384148+00:00,31.8617381163931
2025-08-15 13:11:25.446845+00:00,31.8617381163931
2025-08-15 13:11:26.247745+00:00,31.846286052837968
2025-08-15 13:11:27.049202+00:00,31.841135365568334
2025-08-15 13:11:27.963121+00:00,31.846286052837968
2025-08-15 13:11:29.087676+00:00,31.85143674039864
2025-08-15 13:11:30.475904+00:00,31.841135365568334
2025-08-15 13:11:34.628352+00:00,31.846286052837968
2025-08-15 13:11:34.846442+00:00,31.83598467858974
2025-08-15 13:11:34.969709+00:00,31.830833991902182
2025-08-15 13:11:35.230162+00:00,31.830833991902182
2025-08-15 13:11:35.565457+00:00,31.83598467858974
2025-08-15 13:11:36.023883+00:00,31.830833991902182
2025-08-15 13:11:37.050679+00:00,31.83598467858974
2025-08-15 13:11:37.568235+00:00,31.820532619400183
2025-08-15 13:11:38.027158+00:00,31.820532619400183
2025-08-15 13:11:38.538056+00:00,31.81538193358574
2025-08-15 13:11:38.730227+00:00,31.825683305505663
2025-08-15 13:11:40.284646+00:00,31.825683305505663
2025-08-15 13:11:41.793262+00:00,31.810231248062337
2025-08-15 13:11:42.488489+00:00,31.81538193358574
2025-08-15 13:11:44.016229+00:00,31.794779193238355
2025-08-15 13:11:46.131670+00:00,31.794779193238355
2025-08-15 13:11:48.143079+00:00,31.80508056282997
2025-08-15 13:11:48.528169+00:00,31.799929877888644
2025-08-15 13:11:49.280438+00:00,31.799929877888644
2025-08-15 13:11:50.231678+00:00,31.799929877888644
2025-08-15 13:11:51.171303+00:00,31.794779193238355
2025-08-15 13:11:52.118099+00:00,31.810231248062337
2025-08-15 13:11:52.379625+00:00,31.80508056282997
2025-08-15 13:11:52.689406+00:00,31.810231248062337
2025-08-15 13:11:53.203461+00:00,31.80508056282997
2025-08-15 13:11:53.991081+00:00,31.80508056282997
2025-08-15 13:11:55.637667+00:00,31.820532619400183
2025-08-15 13:11:56.205429+00:00,31.820532619400183
2025-08-15 13:11:56.543803+00:00,31.820532619400183
2025-08-15 13:11:56.778171+00:00,31.81538193358574
2025-08-15 13:11:57.001822+00:00,31.820532619400183
2025-08-15 13:11:57.666560+00:00,31.825683305505663
2025-08-15 13:11:59.206795+00:00,31.820532619400183
2025-08-15 13:12:00.598214+00:00,31.81538193358574
2025-08-15 13:12:03.640483+00:00,31.83598467858974
2025-08-15 13:12:08.554090+00:00,31.841135365568334
2025-08-15 13:12:13.291571+00:00,31.841135365568334
2025-08-15 13:12:13.533619+00:00,31.83598467858974
2025-08-15 13:12:13.934228+00:00,31.841135365568334
2025-08-15 13:12:14.389186+00:00,31.85143674039864
2025-08-15 13:12:19.797868+00:00,31.83598467858974
2025-08-15 13:12:20.222379+00:00,31.841135365568334
2025-08-15 13:12:20.492139+00:00,31.830833991902182
2025-08-15 13:12:20.812205+00:00,31.83598467858974
2025-08-15 13:12:21.979381+00:00,31.825683305505663
2025-08-15 13:12:23.814596+00:00,31.83598467858974
2025-08-15 13:12:25.097936+00:00,31.830833991902182
2025-08-15 13:12:26.459420+00:00,31.820532619400183
2025-08-15 13:12:26.967758+00:00,31.81538193358574
2025-08-15 13:12:36.360457+00:00,31.83598467858974
2025-08-15 13:12:37.161647+00:00,31.841135365568334
2025-08-15 13:12:38.513334+00:00,31.846286052837968
2025-08-15 13:12:39.491542+00:00,31.841135365568334
2025-08-15 13:12:44.474269+00:00,31.85658742825035
2025-08-15 13:12:47.437927+00:00,31.841135365568334
2025-08-15 13:12:50.847237+00:00,31.841135365568334
2025-08-15 13:12:52.184982+00:00,31.83598467858974
2025-08-15 13:12:53.562299+00:00,31.83598467858974
2025-08-15 13:12:54.207400+00:00,31.83598467858974
2025-08-15 13:13:04.288050+00:00,31.89779294154141
2025-08-15 13:13:06.281456+00:00,31.89779294154141
2025-08-15 13:13:13.301298+00:00,31.91839570517186
2025-08-15 13:13:14.077576+00:00,31.90809432277456
2025-08-15 13:13:17.592758+00:00,31.9338477809506
2025-08-15 13:13:18.443621+00:00,31.928697088733315
2025-08-15 13:13:24.202937+00:00,31.92354639680707
2025-08-15 13:13:26.173272+00:00,31.928697088733315
2025-08-15 13:13:26.839873+00:00,31.91839570517186
2025-08-15 13:13:27.242169+00:00,31.938998473458923
2025-08-15 13:13:27.735309+00:00,31.944149166258285
2025-08-15 13:13:34.854901+00:00,31.9596012464026
2025-08-15 13:13:36.966498+00:00,31.969902634620667
2025-08-15 13:13:38.254196+00:00,31.9596012464026
2025-08-15 13:14:03.992497+00:00,31.91324501382769
2025-08-15 13:14:14.207747+00:00,31.887491561472416
2025-08-15 13:14:17.698226+00:00,31.882340871874476
2025-08-15 13:14:22.621700+00:00,31.87203949355171
2025-08-15 13:14:25.048977+00:00,31.877190182567574
2025-08-15 13:14:25.817180+00:00,31.87203949355171
2025-08-15 13:14:28.008737+00:00,31.882340871874476
2025-08-15 13:14:29.735443+00:00,31.877190182567574
2025-08-15 13:14:31.616901+00:00,31.8617381163931
2025-08-15 13:14:34.844507+00:00,31.87203949355171
2025-08-15 13:14:34.965744+00:00,31.841135365568334
2025-08-15 13:14:35.635739+00:00,31.846286052837968
2025-08-15 13:14:36.377589+00:00,31.846286052837968
2025-08-15 13:14:40.898934+00:00,31.866888804826885
2025-08-15 13:14:41.477188+00:00,31.87203949355171
2025-08-15 13:14:42.028660+00:00,31.866888804826885
2025-08-15 13:14:42.530060+00:00,31.85658742825035
2025-08-15 13:14:43.590482+00:00,31.85143674039864
2025-08-15 13:14:44.049454+00:00,31.846286052837968
2025-08-15 13:14:46.594662+00:00,31.85658742825035
2025-08-15 13:14:51.684549+00:00,31.89779294154141
2025-08-15 13:14:52.896301+00:00,31.89779294154141
2025-08-15 13:14:55.328307+00:00,31.89779294154141
2025-08-15 13:14:57.283806+00:00,31.902943632012466
2025-08-15 13:14:58.325588+00:00,31.902943632012466
2025-08-15 13:15:01.392757+00:00,31.90809432277456
2025-08-15 13:15:02.662071+00:00,31.902943632012466
2025-08-15 13:15:03.088414+00:00,31.91324501382769
2025-08-15 13:15:05.043949+00:00,31.90809432277456
2025-08-15 13:15:06.752951+00:00,31.90809432277456
2025-08-15 13:15:09.405129+00:00,31.90809432277456
2025-08-15 13:15:10.226644+00:00,31.928697088733315
2025-08-15 13:15:12.864158+00:00,31.91839570517186
2025-08-15 13:15:16.204150+00:00,31.91839570517186
2025-08-15 13:15:18.452944+00:00,31.928697088733315
2025-08-15 13:15:18.835943+00:00,31.928697088733315
2025-08-15 13:15:19.205710+00:00,31.91839570517186
2025-08-15 13:15:20.376532+00:00,31.91839570517186
2025-08-15 13:15:20.730102+00:00,31.91839570517186
2025-08-15 13:15:23.281867+00:00,31.928697088733315
2025-08-15 13:15:26.087540+00:00,31.928697088733315
2025-08-15 13:15:29.192991+00:00,31.944149166258285
2025-08-15 13:15:30.095665+00:00,31.938998473458923
2025-08-15 13:15:33.906200+00:00,31.9338477809506
2025-08-15 13:15:34.728959+00:00,31.949299859348685
2025-08-15 13:15:35.370580+00:00,31.944149166258285
2025-08-15 13:15:38.852523+00:00,31.938998473458923
2025-08-15 13:15:41.449020+00:00,31.938998473458923
2025-08-15 13:15:44.624032+00:00,31.954450552730123
2025-08-15 13:15:44.847491+00:00,31.9596012464026
2025-08-15 13:15:45.499171+00:00,31.975053329166258
2025-08-15 13:15:45.857339+00:00,31.964751940366114
2025-08-15 13:15:46.216941+00:00,31.964751940366114
2025-08-15 13:15:48.957875+00:00,31.964751940366114
2025-08-15 13:15:49.751552+00:00,31.975053329166258
2025-08-15 13:15:49.992557+00:00,31.980204024002887
2025-08-15 13:15:50.910620+00:00,31.985354719130555
2025-08-15 13:15:53.833784+00:00,31.985354719130555
2025-08-15 13:15:59.515187+00:00,31.99050541454926
2025-08-15 13:16:00.008291+00:00,31.99050541454926
2025-08-15 13:16:00.639734+00:00,31.99050541454926
2025-08-15 13:16:04.252037+00:00,32.00595750255161
2025-08-15 13:16:05.780206+00:00,31.995656110259006
2025-08-15 13:16:09.064941+00:00,31.995656110259006
2025-08-15 13:16:09.924313+00:00,32.00080680625979
2025-08-15 13:16:12.858434+00:00,32.01110819913447
2025-08-15 13:16:14.438168+00:00,32.01110819913447
2025-08-15 13:16:17.434593+00:00,32.00595750255161
2025-08-15 13:16:19.482678+00:00,32.01110819913447
2025-08-15 13:16:20.374888+00:00,31.995656110259006
2025-08-15 13:16:21.076590+00:00,32.00080680625979
2025-08-15 13:16:22.400162+00:00,31.995656110259006
2025-08-15 13:16:23.501743+00:00,32.00080680625979
2025-08-15 13:16:23.999124+00:00,32.00080680625979
2025-08-15 13:16:24.370125+00:00,31.995656110259006
2025-08-15 13:16:25.539876+00:00,31.995656110259006
2025-08-15 13:16:26.065352+00:00,31.995656110259006
2025-08-15 13:16:26.864875+00:00,32.00080680625979
2025-08-15 13:16:29.307265+00:00,31.985354719130555
2025-08-15 13:16:29.574092+00:00,32.00080680625979
2025-08-15 13:16:30.048991+00:00,32.01110819913447
2025-08-15 13:16:34.195874+00:00,32.01110819913447
2025-08-15 13:16:34.990807+00:00,32.01625889600837
2025-08-15 13:16:35.525813+00:00,32.01625889600837
2025-08-15 13:16:36.350001+00:00,32.0214095931733
2025-08-15 13:16:37.403738+00:00,32.03171098837629
2025-08-15 13:16:37.781380+00:00,32.03171098837629
2025-08-15 13:16:39.167287+00:00,32.01625889600837
2025-08-15 13:16:39.919781+00:00,32.0214095931733
2025-08-15 13:16:41.171781+00:00,32.03171098837629
2025-08-15 13:16:43.378823+00:00,32.02656029062928
2025-08-15 13:16:43.674419+00:00,32.0214095931733
2025-08-15 13:16:43.879643+00:00,32.03171098837629
2025-08-15 13:16:46.690565+00:00,32.04201238474343
2025-08-15 13:16:47.800767+00:00,32.04201238474343
2025-08-15 13:16:48.964846+00:00,32.04201238474343
2025-08-15 13:16:50.070344+00:00,32.06261518097017
2025-08-15 13:16:51.977109+00:00,32.05231378227472
2025-08-15 13:16:52.646461+00:00,32.04201238474343
2025-08-15 13:16:53.322433+00:00,32.05231378227472
2025-08-15 13:16:53.549082+00:00,32.05231378227472
2025-08-15 13:16:55.546552+00:00,32.05746448147693
2025-08-15 13:16:56.522293+00:00,32.06261518097017
2025-08-15 13:16:56.757199+00:00,32.07291658082977
2025-08-15 13:16:56.973401+00:00,32.07806728119613
2025-08-15 13:16:57.501671+00:00,32.07291658082977
2025-08-15 13:17:00.009206+00:00,32.04716308336356
2025-08-15 13:17:01.090941+00:00,32.04716308336356
2025-08-15 13:17:03.450939+00:00,32.03686168641434
2025-08-15 13:17:05.084221+00:00,32.01625889600837
2025-08-15 13:17:05.618100+00:00,32.01110819913447
2025-08-15 13:17:05.949275+00:00,32.00595750255161
2025-08-15 13:17:06.275112+00:00,32.01110819913447
2025-08-15 13:17:06.717122+00:00,32.01625889600837
2025-08-15 13:17:07.160316+00:00,32.02656029062928
2025-08-15 13:17:08.650536+00:00,32.0214095931733
2025-08-15 13:17:09.701268+00:00,32.01110819913447
2025-08-15 13:17:11.901662+00:00,32.00080680625979
2025-08-15 13:17:14.490434+00:00,32.00080680625979
2025-08-15 13:17:14.715930+00:00,31.99050541454926
2025-08-15 13:17:16.175097+00:00,32.00080680625979
2025-08-15 13:17:18.543964+00:00,31.995656110259006
2025-08-15 13:17:19.613827+00:00,31.995656110259006
2025-08-15 13:17:20.055771+00:00,32.00080680625979
2025-08-15 13:17:23.381334+00:00,31.995656110259006
2025-08-15 13:17:24.458121+00:00,32.00595750255161
2025-08-15 13:17:24.731265+00:00,32.00595750255161
2025-08-15 13:17:27.647654+00:00,32.01110819913447
2025-08-15 13:17:27.869311+00:00,32.01110819913447
2025-08-15 13:17:32.617495+00:00,32.01625889600837
2025-08-15 13:17:33.726946+00:00,32.0214095931733
2025-08-15 13:17:36.835477+00:00,32.03171098837629
2025-08-15 13:17:38.548331+00:00,32.03171098837629
2025-08-15 13:17:39.149583+00:00,32.03171098837629
2025-08-15 13:17:39.535796+00:00,32.03171098837629
2025-08-15 13:17:41.690724+00:00,32.03171098837629
2025-08-15 13:17:41.941688+00:00,32.03171098837629
2025-08-15 13:17:42.159291+00:00,32.03686168641434
2025-08-15 13:17:42.354991+00:00,32.04716308336356
2025-08-15 13:17:42.770284+00:00,32.04201238474343
2025-08-15 13:17:43.231731+00:00,32.0214095931733
2025-08-15 13:17:43.739638+00:00,32.03686168641434
2025-08-15 13:17:44.192702+00:00,32.03171098837629
2025-08-15 13:17:44.505731+00:00,32.04716308336356
2025-08-15 13:17:44.947963+00:00,32.04201238474343
2025-08-15 13:17:45.290667+00:00,32.03171098837629
2025-08-15 13:17:45.636489+00:00,32.03171098837629
2025-08-15 13:17:46.623514+00:00,32.04201238474343
2025-08-15 13:17:50.163993+00:00,32.04201238474343
2025-08-15 13:17:56.900042+00:00,32.04716308336356
2025-08-15 13:17:57.149875+00:00,32.04716308336356
2025-08-15 13:17:57.426846+00:00,32.03171098837629
2025-08-15 13:17:58.704783+00:00,32.03171098837629
2025-08-15 13:18:00.574990+00:00,32.03171098837629
2025-08-15 13:18:02.763498+00:00,32.03171098837629
2025-08-15 13:18:05.286214+00:00,32.03171098837629
2025-08-15 13:18:07.065166+00:00,32.0214095931733
2025-08-15 13:18:07.824488+00:00,32.03686168641434
2025-08-15 13:18:10.605996+00:00,32.05231378227472
2025-08-15 13:18:14.030869+00:00,32.03686168641434
2025-08-15 13:18:14.240135+00:00,32.03686168641434
2025-08-15 13:18:14.540921+00:00,32.03171098837629
2025-08-15 13:18:14.793916+00:00,32.04201238474343
2025-08-15 13:18:15.337908+00:00,32.03171098837629
2025-08-15 13:18:17.382193+00:00,32.03171098837629
2025-08-15 13:18:18.023730+00:00,32.03686168641434
2025-08-15 13:18:18.484112+00:00,32.03171098837629
2025-08-15 13:18:19.311447+00:00,32.03686168641434
2025-08-15 13:18:20.850720+00:00,32.03171098837629
2025-08-15 13:18:21.743437+00:00,32.03171098837629
2025-08-15 13:18:22.932379+00:00,32.03171098837629
2025-08-15 13:18:23.499573+00:00,32.02656029062928
2025-08-15 13:18:24.675496+00:00,32.02656029062928
2025-08-15 13:18:27.125679+00:00,32.0214095931733
2025-08-15 13:18:27.835243+00:00,32.00080680625979
2025-08-15 13:18:28.119917+00:00,32.01625889600837
2025-08-15 13:18:29.889776+00:00,32.01110819913447
2025-08-15 13:18:30.215451+00:00,32.01110819913447
2025-08-15 13:18:30.693796+00:00,32.01625889600837
2025-08-15 13:18:31.119806+00:00,32.01625889600837
2025-08-15 13:18:31.548593+00:00,32.01110819913447
2025-08-15 13:18:32.398365+00:00,32.01110819913447
2025-08-15 13:18:32.899162+00:00,32.00595750255161
2025-08-15 13:18:35.555962+00:00,31.985354719130555
2025-08-15 13:18:35.972188+00:00,31.985354719130555
2025-08-15 13:18:36.730520+00:00,31.980204024002887
2025-08-15 13:18:37.943316+00:00,31.969902634620667
2025-08-15 13:18:39.590152+00:00,31.969902634620667
2025-08-15 13:18:40.266854+00:00,31.969902634620667
2025-08-15 13:18:41.446589+00:00,31.969902634620667
2025-08-15 13:18:42.396496+00:00,31.9596012464026
2025-08-15 13:18:43.586577+00:00,31.9596012464026
2025-08-15 13:18:44.236339+00:00,31.954450552730123
2025-08-15 13:18:49.163984+00:00,31.9596012464026
2025-08-15 13:18:49.408529+00:00,31.944149166258285
2025-08-15 13:18:49.734439+00:00,31.954450552730123
2025-08-15 13:18:50.610533+00:00,31.938998473458923
2025-08-15 13:18:50.905377+00:00,31.9596012464026
2025-08-15 13:18:51.098234+00:00,31.9596012464026
2025-08-15 13:18:51.338263+00:00,31.964751940366114
2025-08-15 13:18:52.323911+00:00,31.964751940366114
2025-08-15 13:18:52.666445+00:00,31.949299859348685
2025-08-15 13:18:53.570446+00:00,31.9596012464026
2025-08-15 13:18:54.213298+00:00,31.9596012464026
2025-08-15 13:18:54.756256+00:00,31.969902634620667
2025-08-15 13:18:55.609577+00:00,31.964751940366114
2025-08-15 13:18:55.808875+00:00,31.964751940366114
2025-08-15 13:18:56.043926+00:00,31.964751940366114
2025-08-15 13:18:56.953957+00:00,31.964751940366114
2025-08-15 13:18:57.784487+00:00,31.969902634620667
2025-08-15 13:18:58.296236+00:00,31.9596012464026
2025-08-15 13:18:59.807368+00:00,31.9596012464026
2025-08-15 13:19:01.281070+00:00,31.964751940366114
2025-08-15 13:19:06.084669+00:00,31.969902634620667
2025-08-15 13:19:08.901145+00:00,31.949299859348685
2025-08-15 13:19:09.391053+00:00,31.954450552730123
2025-08-15 13:19:09.972057+00:00,31.949299859348685
2025-08-15 13:19:10.298141+00:00,31.954450552730123
2025-08-15 13:19:10.671875+00:00,31.949299859348685
2025-08-15 13:19:13.955992+00:00,31.949299859348685
2025-08-15 13:19:14.234149+00:00,31.969902634620667
2025-08-15 13:19:14.490916+00:00,31.969902634620667
2025-08-15 13:19:16.637348+00:00,31.949299859348685
2025-08-15 13:19:17.019984+00:00,31.969902634620667
2025-08-15 13:19:19.119186+00:00,31.969902634620667
2025-08-15 13:19:20.553583+00:00,31.9596012464026
2025-08-15 13:19:21.111796+00:00,31.969902634620667
2025-08-15 13:19:22.146182+00:00,31.969902634620667
2025-08-15 13:19:22.394212+00:00,31.969902634620667
2025-08-15 13:19:22.887995+00:00,31.975053329166258
2025-08-15 13:19:24.943930+00:00,31.985354719130555
2025-08-15 13:19:25.177956+00:00,31.99050541454926
2025-08-15 13:19:25.622374+00:00,31.985354719130555
2025-08-15 13:19:27.061175+00:00,31.980204024002887
2025-08-15 13:19:27.778345+00:00,31.985354719130555
2025-08-15 13:19:28.230485+00:00,31.99050541454926
2025-08-15 13:19:29.022971+00:00,31.99050541454926
2025-08-15 13:19:30.254319+00:00,31.985354719130555
2025-08-15 13:19:31.072017+00:00,31.980204024002887
2025-08-15 13:19:32.023391+00:00,31.985354719130555
2025-08-15 13:19:32.459375+00:00,31.99050541454926
2025-08-15 13:19:34.055056+00:00,31.995656110259006
2025-08-15 13:19:35.273683+00:00,32.00595750255161
2025-08-15 13:19:36.460763+00:00,31.99050541454926
2025-08-15 13:19:36.744027+00:00,31.99050541454926
2025-08-15 13:19:37.879127+00:00,32.00595750255161
2025-08-15 13:19:38.163646+00:00,31.995656110259006
2025-08-15 13:19:38.429666+00:00,32.00595750255161
2025-08-15 13:19:40.857431+00:00,32.00595750255161
2025-08-15 13:19:41.279400+00:00,32.00080680625979
2025-08-15 13:19:43.812656+00:00,32.01625889600837
2025-08-15 13:19:48.206011+00:00,32.01625889600837
2025-08-15 13:19:50.088444+00:00,32.01110819913447
2025-08-15 13:19:50.354942+00:00,32.01110819913447
2025-08-15 13:19:50.581152+00:00,32.00595750255161
2025-08-15 13:19:50.823001+00:00,32.01625889600837
2025-08-15 13:19:51.082366+00:00,32.01625889600837
2025-08-15 13:19:53.506906+00:00,32.01110819913447
2025-08-15 13:19:55.628707+00:00,31.995656110259006
2025-08-15 13:19:56.404465+00:00,31.995656110259006
2025-08-15 13:19:56.861793+00:00,31.99050541454926
2025-08-15 13:19:59.858118+00:00,31.980204024002887
2025-08-15 13:20:01.845277+00:00,31.969902634620667
2025-08-15 13:20:02.286685+00:00,31.9596012464026
2025-08-15 13:20:04.370368+00:00,31.949299859348685
2025-08-15 13:20:06.339221+00:00,31.944149166258285
2025-08-15 13:20:13.730421+00:00,31.949299859348685
2025-08-15 13:20:15.761079+00:00,31.9338477809506
2025-08-15 13:20:17.122861+00:00,31.928697088733315
2025-08-15 13:20:17.878213+00:00,31.928697088733315
2025-08-15 13:20:18.249121+00:00,31.928697088733315
2025-08-15 13:20:18.710716+00:00,31.91324501382769
2025-08-15 13:20:19.928769+00:00,31.91839570517186
2025-08-15 13:20:21.563818+00:00,31.91839570517186
2025-08-15 13:20:38.894200+00:00,31.902943632012466
2025-08-15 13:20:39.310183+00:00,31.90809432277456
2025-08-15 13:20:41.294955+00:00,31.90809432277456
2025-08-15 13:20:42.255783+00:00,31.91839570517186
2025-08-15 13:20:43.216906+00:00,31.91324501382769
2025-08-15 13:20:43.591432+00:00,31.90809432277456
2025-08-15 13:20:44.891514+00:00,31.92354639680707
2025-08-15 13:20:45.682800+00:00,31.91839570517186
2025-08-15 13:20:46.118097+00:00,31.91839570517186
2025-08-15 13:20:48.628061+00:00,31.91839570517186
2025-08-15 13:20:49.095721+00:00,31.928697088733315
2025-08-15 13:20:49.884964+00:00,31.92354639680707
2025-08-15 13:20:52.107041+00:00,31.928697088733315
2025-08-15 13:20:52.317136+00:00,31.928697088733315
2025-08-15 13:20:53.261161+00:00,31.91839570517186
2025-08-15 13:20:55.157129+00:00,31.928697088733315
2025-08-15 13:20:55.383874+00:00,31.928697088733315
2025-08-15 13:20:58.736532+00:00,31.9338477809506
2025-08-15 13:21:00.852191+00:00,31.91839570517186
2025-08-15 13:21:01.336815+00:00,31.92354639680707
2025-08-15 13:21:01.737979+00:00,31.928697088733315
2025-08-15 13:21:03.004418+00:00,31.928697088733315
2025-08-15 13:21:07.414940+00:00,31.90809432277456
2025-08-15 13:21:09.062860+00:00,31.90809432277456
2025-08-15 13:21:11.963441+00:00,31.91839570517186
2025-08-15 13:21:14.102558+00:00,31.91324501382769
2025-08-15 13:21:14.354217+00:00,31.91839570517186
2025-08-15 13:21:16.457653+00:00,31.90809432277456
2025-08-15 13:21:19.497279+00:00,31.91324501382769
2025-08-15 13:21:21.021513+00:00,31.91324501382769
2025-08-15 13:21:24.035515+00:00,31.90809432277456
2025-08-15 13:21:25.010231+00:00,31.90809432277456
2025-08-15 13:21:26.887246+00:00,31.902943632012466
2025-08-15 13:21:27.085515+00:00,31.91839570517186
2025-08-15 13:21:27.309513+00:00,31.91839570517186
2025-08-15 13:21:30.993448+00:00,31.91324501382769
2025-08-15 13:21:32.237359+00:00,31.9596012464026
2025-08-15 13:21:33.069882+00:00,31.9596012464026
2025-08-15 13:21:35.178307+00:00,31.964751940366114
2025-08-15 13:21:37.984549+00:00,31.969902634620667
2025-08-15 13:21:39.222418+00:00,31.9596012464026
2025-08-15 13:21:40.599845+00:00,31.949299859348685
2025-08-15 13:21:41.668451+00:00,31.964751940366114
2025-08-15 13:21:42.028741+00:00,31.969902634620667
2025-08-15 13:21:42.524675+00:00,31.9596012464026
2025-08-15 13:21:44.352305+00:00,31.9596012464026
2025-08-15 13:21:45.882518+00:00,31.975053329166258
2025-08-15 13:21:46.618662+00:00,31.9596012464026
2025-08-15 13:21:47.477375+00:00,31.969902634620667
2025-08-15 13:21:52.156820+00:00,31.969902634620667
2025-08-15 13:21:53.301209+00:00,31.964751940366114
2025-08-15 13:21:56.270156+00:00,31.9596012464026
2025-08-15 13:21:57.110870+00:00,31.975053329166258
2025-08-15 13:21:59.220993+00:00,31.969902634620667
2025-08-15 13:21:59.710256+00:00,31.975053329166258
2025-08-15 13:22:00.242386+00:00,31.980204024002887
2025-08-15 13:22:01.918739+00:00,31.975053329166258
2025-08-15 13:22:04.875200+00:00,31.969902634620667
2025-08-15 13:22:06.904812+00:00,31.9596012464026
2025-08-15 13:22:13.173932+00:00,31.975053329166258
2025-08-15 13:22:16.800187+00:00,31.980204024002887
2025-08-15 13:22:18.959508+00:00,31.969902634620667
2025-08-15 13:22:19.308701+00:00,31.969902634620667
2025-08-15 13:22:22.493792+00:00,31.964751940366114
2025-08-15 13:22:24.889418+00:00,31.980204024002887
2025-08-15 13:22:25.892951+00:00,31.985354719130555
2025-08-15 13:22:27.651475+00:00,31.969902634620667
2025-08-15 13:22:29.753310+00:00,31.980204024002887
2025-08-15 13:22:32.886687+00:00,31.980204024002887
2025-08-15 13:22:34.625812+00:00,31.975053329166258
2025-08-15 13:22:36.354845+00:00,31.99050541454926
2025-08-15 13:22:36.806719+00:00,31.985354719130555
2025-08-15 13:22:37.951045+00:00,31.985354719130555
2025-08-15 13:22:38.277534+00:00,31.99050541454926
2025-08-15 13:22:39.335469+00:00,31.99050541454926
2025-08-15 13:22:39.705682+00:00,31.99050541454926
2025-08-15 13:22:42.659357+00:00,31.995656110259006
2025-08-15 13:22:44.259394+00:00,31.99050541454926
2025-08-15 13:22:46.209662+00:00,32.00080680625979
2025-08-15 13:22:47.275743+00:00,31.995656110259006
2025-08-15 13:22:49.490265+00:00,31.985354719130555
2025-08-15 13:22:51.585079+00:00,32.01110819913447
2025-08-15 13:22:51.912373+00:00,32.01625889600837
2025-08-15 13:22:52.256111+00:00,32.01110819913447
2025-08-15 13:22:52.760014+00:00,32.01110819913447
2025-08-15 13:22:53.550890+00:00,32.02656029062928
2025-08-15 13:22:53.811229+00:00,32.02656029062928
2025-08-15 13:22:54.060167+00:00,32.0214095931733
2025-08-15 13:22:54.284886+00:00,32.0214095931733
2025-08-15 13:22:55.630756+00:00,32.02656029062928
2025-08-15 13:22:56.717409+00:00,32.02656029062928
2025-08-15 13:22:59.743877+00:00,32.03686168641434
2025-08-15 13:23:01.184343+00:00,32.0214095931733
2025-08-15 13:23:01.567079+00:00,32.03686168641434
2025-08-15 13:23:07.666854+00:00,32.01110819913447
2025-08-15 13:23:13.576344+00:00,32.01110819913447
2025-08-15 13:23:14.152015+00:00,32.0214095931733
2025-08-15 13:23:15.241915+00:00,32.03171098837629
2025-08-15 13:23:18.541019+00:00,32.04201238474343
2025-08-15 13:23:19.579671+00:00,32.04201238474343
2025-08-15 13:23:20.273067+00:00,32.04201238474343
2025-08-15 13:23:21.367814+00:00,32.04201238474343
2025-08-15 13:23:22.061344+00:00,32.05231378227472
2025-08-15 13:23:23.540779+00:00,32.04201238474343
2025-08-15 13:23:26.201114+00:00,32.03686168641434
2025-08-15 13:23:26.874741+00:00,32.04716308336356
2025-08-15 13:23:27.509811+00:00,32.03686168641434
2025-08-15 13:23:29.240791+00:00,32.04201238474343
2025-08-15 13:23:30.151339+00:00,32.04201238474343
2025-08-15 13:23:33.485566+00:00,32.04201238474343
2025-08-15 13:23:36.876072+00:00,32.03686168641434
2025-08-15 13:23:37.374868+00:00,32.0214095931733
2025-08-15 13:23:37.634267+00:00,32.0214095931733
2025-08-15 13:23:38.824709+00:00,32.02656029062928
2025-08-15 13:23:40.461090+00:00,32.03686168641434
2025-08-15 13:23:40.754800+00:00,32.03171098837629
2025-08-15 13:23:43.712921+00:00,32.04716308336356
2025-08-15 13:23:46.875060+00:00,32.05746448147693
2025-08-15 13:23:49.995512+00:00,32.05231378227472
2025-08-15 13:23:50.302006+00:00,32.05231378227472
2025-08-15 13:23:50.640133+00:00,32.06261518097017
2025-08-15 13:23:50.915907+00:00,32.08321798185352
2025-08-15 13:23:51.316366+00:00,32.05746448147693
2025-08-15 13:23:51.608505+00:00,32.07806728119613
2025-08-15 13:23:51.917751+00:00,32.07291658082977
2025-08-15 13:23:52.185325+00:00,32.05746448147693
2025-08-15 13:23:52.437110+00:00,32.05746448147693
2025-08-15 13:23:52.670113+00:00,32.06776588075445
2025-08-15 13:23:52.887755+00:00,32.07291658082977
2025-08-15 13:23:53.083743+00:00,32.07291658082977
2025-08-15 13:23:54.231754+00:00,32.06776588075445
2025-08-15 13:24:05.045903+00:00,32.07291658082977
2025-08-15 13:24:05.716367+00:00,32.07806728119613
2025-08-15 13:24:06.170942+00:00,32.088368682801956
2025-08-15 13:24:07.585247+00:00,32.08321798185352
2025-08-15 13:24:08.622756+00:00,32.10382078739349
2025-08-15 13:24:13.602011+00:00,32.09351938404143
2025-08-15 13:24:14.348481+00:00,32.108971489506075
2025-08-15 13:24:15.204661+00:00,32.09351938404143
2025-08-15 13:24:16.248556+00:00,32.09867008557194
2025-08-15 13:24:16.834742+00:00,32.10382078739349
2025-08-15 13:24:23.674198+00:00,32.1141221919097
2025-08-15 13:24:23.907171+00:00,32.09867008557194
2025-08-15 13:24:26.566050+00:00,32.10382078739349
2025-08-15 13:24:26.783111+00:00,32.108971489506075
2025-08-15 13:24:27.049256+00:00,32.1141221919097
2025-08-15 13:24:27.926439+00:00,32.09351938404143
2025-08-15 13:24:28.300040+00:00,32.09351938404143
2025-08-15 13:24:32.238799+00:00,32.08321798185352
2025-08-15 13:24:34.276749+00:00,32.088368682801956
2025-08-15 13:24:35.437656+00:00,32.09351938404143
2025-08-15 13:24:36.307080+00:00,32.09867008557194
2025-08-15 13:24:37.269346+00:00,32.09351938404143
2025-08-15 13:24:37.787432+00:00,32.09351938404143
2025-08-15 13:24:37.986557+00:00,32.08321798185352
2025-08-15 13:24:38.106830+00:00,32.088368682801956
2025-08-15 13:24:38.330350+00:00,32.088368682801956
2025-08-15 13:24:38.624099+00:00,32.088368682801956
2025-08-15 13:24:40.770367+00:00,32.07291658082977
2025-08-15 13:24:46.050120+00:00,32.06261518097017
2025-08-15 13:24:46.761713+00:00,32.06776588075445
2025-08-15 13:24:47.167371+00:00,32.07291658082977
2025-08-15 13:24:47.668851+00:00,32.06261518097017
2025-08-15 13:24:49.273026+00:00,32.06776588075445
2025-08-15 13:24:49.916464+00:00,32.06776588075445
2025-08-15 13:24:51.431782+00:00,32.06776588075445
2025-08-15 13:24:52.774484+00:00,32.07291658082977
2025-08-15 13:24:52.990429+00:00,32.06261518097017
2025-08-15 13:24:54.273810+00:00,32.05231378227472
2025-08-15 13:24:55.878651+00:00,32.06261518097017
2025-08-15 13:24:56.298828+00:00,32.05231378227472
2025-08-15 13:24:56.688788+00:00,32.03686168641434
2025-08-15 13:24:56.981181+00:00,32.06261518097017
2025-08-15 13:24:57.232686+00:00,32.05746448147693
2025-08-15 13:24:58.365950+00:00,32.06261518097017
2025-08-15 13:25:05.114336+00:00,32.04716308336356
2025-08-15 13:25:05.823169+00:00,32.0214095931733
2025-08-15 13:25:10.205489+00:00,32.00595750255161
2025-08-15 13:25:10.931785+00:00,32.01110819913447
2025-08-15 13:25:11.564474+00:00,32.00080680625979
2025-08-15 13:25:13.489334+00:00,32.00595750255161
2025-08-15 13:25:14.468387+00:00,31.995656110259006
2025-08-15 13:25:16.749186+00:00,31.99050541454926
2025-08-15 13:25:22.836110+00:00,31.949299859348685
2025-08-15 13:25:25.560002+00:00,31.949299859348685
2025-08-15 13:25:26.399468+00:00,31.938998473458923
2025-08-15 13:25:27.082637+00:00,31.944149166258285
2025-08-15 13:25:27.946599+00:00,31.9338477809506
2025-08-15 13:25:30.597888+00:00,31.928697088733315
2025-08-15 13:25:31.192842+00:00,31.9338477809506
2025-08-15 13:25:32.551622+00:00,31.928697088733315
2025-08-15 13:25:35.361494+00:00,31.9338477809506
2025-08-15 13:25:36.011474+00:00,31.9338477809506
2025-08-15 13:25:40.121818+00:00,31.9338477809506
2025-08-15 13:25:40.837399+00:00,31.949299859348685
2025-08-15 13:25:42.715112+00:00,31.938998473458923
2025-08-15 13:25:43.009550+00:00,31.9338477809506
2025-08-15 13:25:43.687699+00:00,31.938998473458923
2025-08-15 13:25:44.925363+00:00,31.9338477809506
2025-08-15 13:25:47.302041+00:00,31.944149166258285
2025-08-15 13:25:47.832642+00:00,31.954450552730123
2025-08-15 13:25:49.937280+00:00,31.944149166258285
2025-08-15 13:25:51.046820+00:00,31.949299859348685
2025-08-15 13:25:51.681438+00:00,31.949299859348685
2025-08-15 13:25:53.747708+00:00,31.938998473458923
2025-08-15 13:25:54.663873+00:00,31.944149166258285
2025-08-15 13:25:56.572800+00:00,31.938998473458923
2025-08-15 13:25:58.178487+00:00,31.949299859348685
2025-08-15 13:26:03.644749+00:00,31.938998473458923
2025-08-15 13:26:04.003543+00:00,31.938998473458923
2025-08-15 13:26:05.963684+00:00,31.9338477809506
2025-08-15 13:26:07.261980+00:00,31.954450552730123
2025-08-15 13:26:07.618562+00:00,31.954450552730123
2025-08-15 13:26:09.664906+00:00,31.949299859348685
2025-08-15 13:26:12.374264+00:00,31.938998473458923
2025-08-15 13:26:12.763126+00:00,31.944149166258285
2025-08-15 13:26:13.042187+00:00,31.949299859348685
2025-08-15 13:26:14.335565+00:00,31.9338477809506
2025-08-15 13:26:15.523417+00:00,31.944149166258285
2025-08-15 13:26:16.796530+00:00,31.9338477809506
2025-08-15 13:26:18.355501+00:00,31.944149166258285
2025-08-15 13:26:20.888591+00:00,31.9596012464026
2025-08-15 13:26:21.606165+00:00,31.949299859348685
2025-08-15 13:26:22.188934+00:00,31.954450552730123
2025-08-15 13:26:22.532166+00:00,31.969902634620667
2025-08-15 13:26:24.414320+00:00,31.964751940366114
2025-08-15 13:26:27.573692+00:00,31.9596012464026
2025-08-15 13:26:30.147268+00:00,31.954450552730123
2025-08-15 13:26:32.978304+00:00,31.949299859348685
2025-08-15 13:26:35.136269+00:00,31.949299859348685
2025-08-15 13:26:36.139458+00:00,31.9596012464026
2025-08-15 13:26:38.938699+00:00,31.938998473458923
2025-08-15 13:26:39.423814+00:00,31.949299859348685
2025-08-15 13:26:40.767592+00:00,31.949299859348685
2025-08-15 13:26:40.988732+00:00,31.949299859348685
2025-08-15 13:26:41.205009+00:00,31.949299859348685
2025-08-15 13:26:47.400347+00:00,31.954450552730123
2025-08-15 13:26:48.553703+00:00,31.9596012464026
2025-08-15 13:26:49.489066+00:00,31.969902634620667
2025-08-15 13:26:50.011233+00:00,31.964751940366114
2025-08-15 13:26:51.077389+00:00,31.949299859348685
2025-08-15 13:26:51.269083+00:00,31.954450552730123
2025-08-15 13:26:52.771020+00:00,31.954450552730123
2025-08-15 13:26:53.063757+00:00,31.949299859348685
2025-08-15 13:26:53.428108+00:00,31.92354639680707
2025-08-15 13:26:53.745069+00:00,31.954450552730123
2025-08-15 13:26:54.029885+00:00,31.944149166258285
2025-08-15 13:26:54.871622+00:00,31.938998473458923
2025-08-15 13:26:55.758396+00:00,31.938998473458923
2025-08-15 13:26:58.824174+00:00,31.944149166258285
2025-08-15 13:27:01.405359+00:00,31.938998473458923
2025-08-15 13:27:07.747068+00:00,31.949299859348685
2025-08-15 13:27:10.899055+00:00,31.949299859348685
2025-08-15 13:27:12.876524+00:00,31.949299859348685
2025-08-15 13:27:18.096356+00:00,31.949299859348685
2025-08-15 13:27:20.370924+00:00,31.938998473458923
2025-08-15 13:27:22.303253+00:00,31.944149166258285
2025-08-15 13:27:26.436830+00:00,31.92354639680707
2025-08-15 13:27:30.083899+00:00,31.92354639680707
2025-08-15 13:27:31.837428+00:00,31.91324501382769
2025-08-15 13:27:34.059108+00:00,31.92354639680707
2025-08-15 13:27:34.812016+00:00,31.928697088733315
2025-08-15 13:27:35.153456+00:00,31.9338477809506
2025-08-15 13:27:35.580461+00:00,31.91839570517186
2025-08-15 13:27:36.509719+00:00,31.928697088733315
2025-08-15 13:27:37.636844+00:00,31.92354639680707
2025-08-15 13:27:38.078341+00:00,31.92354639680707
2025-08-15 13:27:39.759386+00:00,31.91324501382769
2025-08-15 13:27:40.229965+00:00,31.91839570517186
2025-08-15 13:27:41.538320+00:00,31.9338477809506
2025-08-15 13:27:41.922075+00:00,31.944149166258285
2025-08-15 13:27:44.338351+00:00,31.969902634620667
2025-08-15 13:27:47.901639+00:00,31.980204024002887
2025-08-15 13:27:48.493715+00:00,31.980204024002887
2025-08-15 13:27:49.282736+00:00,31.995656110259006
2025-08-15 13:27:49.504850+00:00,31.985354719130555
2025-08-15 13:27:50.010362+00:00,31.995656110259006
2025-08-15 13:27:50.236060+00:00,31.995656110259006
2025-08-15 13:27:50.470004+00:00,32.00595750255161
2025-08-15 13:27:50.713162+00:00,32.00080680625979
2025-08-15 13:27:50.937425+00:00,32.00080680625979
2025-08-15 13:27:54.465786+00:00,31.995656110259006
2025-08-15 13:27:56.078780+00:00,32.00595750255161
2025-08-15 13:27:58.319134+00:00,32.01110819913447
2025-08-15 13:27:58.902860+00:00,32.00595750255161
2025-08-15 13:27:59.197591+00:00,32.01110819913447
2025-08-15 13:28:01.204920+00:00,32.00080680625979
2025-08-15 13:28:02.232723+00:00,32.01625889600837
2025-08-15 13:28:02.669844+00:00,32.01110819913447
2025-08-15 13:28:07.548242+00:00,32.01110819913447
2025-08-15 13:28:09.361072+00:00,31.995656110259006
2025-08-15 13:28:09.805402+00:00,31.995656110259006
2025-08-15 13:28:10.942236+00:00,31.995656110259006
2025-08-15 13:28:13.695263+00:00,32.00595750255161
2025-08-15 13:28:15.049775+00:00,32.01625889600837
2025-08-15 13:28:16.294146+00:00,32.01110819913447
2025-08-15 13:28:16.938574+00:00,32.01625889600837
2025-08-15 13:28:17.913844+00:00,32.01625889600837
2025-08-15 13:28:18.557992+00:00,32.0214095931733
2025-08-15 13:28:19.959742+00:00,32.0214095931733
2025-08-15 13:28:23.627949+00:00,32.01625889600837
2025-08-15 13:28:24.280274+00:00,32.03171098837629
2025-08-15 13:28:24.883374+00:00,32.04201238474343
2025-08-15 13:28:26.753153+00:00,32.0214095931733
2025-08-15 13:28:29.881234+00:00,32.02656029062928
2025-08-15 13:28:35.836208+00:00,31.99050541454926
2025-08-15 13:28:37.845413+00:00,31.99050541454926
2025-08-15 13:28:40.469348+00:00,31.980204024002887
2025-08-15 13:28:41.873342+00:00,31.985354719130555
2025-08-15 13:28:44.089265+00:00,32.00080680625979
2025-08-15 13:28:44.479925+00:00,32.00080680625979
2025-08-15 13:28:44.948636+00:00,31.995656110259006
2025-08-15 13:28:46.883523+00:00,32.00080680625979
2025-08-15 13:28:48.667551+00:00,31.995656110259006
2025-08-15 13:28:50.245392+00:00,32.01110819913447
2025-08-15 13:28:50.888720+00:00,32.00595750255161
2025-08-15 13:28:51.991657+00:00,32.00080680625979
2025-08-15 13:28:52.259360+00:00,32.00595750255161
2025-08-15 13:28:52.776116+00:00,32.01110819913447
2025-08-15 13:28:55.577683+00:00,32.01110819913447
2025-08-15 13:28:58.016842+00:00,32.03686168641434
2025-08-15 13:28:59.378008+00:00,32.03171098837629
2025-08-15 13:29:06.770136+00:00,32.0214095931733
2025-08-15 13:29:11.506807+00:00,32.02656029062928
2025-08-15 13:29:12.526033+00:00,32.0214095931733
2025-08-15 13:29:12.910794+00:00,32.01110819913447
2025-08-15 13:29:16.682700+00:00,32.0214095931733
2025-08-15 13:29:18.456938+00:00,32.00595750255161
2025-08-15 13:29:18.905501+00:00,31.995656110259006
2025-08-15 13:29:22.110177+00:00,31.995656110259006
2025-08-15 13:29:24.876136+00:00,31.99050541454926
2025-08-15 13:29:25.260160+00:00,31.980204024002887
2025-08-15 13:29:26.247025+00:00,31.980204024002887
2025-08-15 13:29:26.847292+00:00,31.985354719130555
2025-08-15 13:29:27.842072+00:00,31.980204024002887
2025-08-15 13:29:29.412681+00:00,31.980204024002887
2025-08-15 13:29:29.645264+00:00,31.975053329166258
2025-08-15 13:29:29.897086+00:00,31.980204024002887
2025-08-15 13:29:38.448999+00:00,31.964751940366114
2025-08-15 13:29:39.241091+00:00,31.964751940366114
2025-08-15 13:29:40.102357+00:00,31.969902634620667
2025-08-15 13:29:40.964165+00:00,31.9596012464026
2025-08-15 13:29:45.015858+00:00,31.980204024002887
2025-08-15 13:29:45.384423+00:00,31.975053329166258
2025-08-15 13:29:49.110995+00:00,31.980204024002887
2025-08-15 13:29:49.783905+00:00,31.975053329166258
2025-08-15 13:29:50.968830+00:00,31.980204024002887
2025-08-15 13:29:51.574815+00:00,31.980204024002887
2025-08-15 13:29:51.840994+00:00,31.985354719130555
2025-08-15 13:29:54.285024+00:00,31.985354719130555
2025-08-15 13:29:55.643448+00:00,31.975053329166258
2025-08-15 13:29:56.417509+00:00,31.980204024002887
2025-08-15 13:29:58.228410+00:00,31.969902634620667
2025-08-15 13:29:59.498385+00:00,31.969902634620667
2025-08-15 13:29:59.793359+00:00,31.975053329166258
2025-08-15 13:30:01.246848+00:00,31.975053329166258
2025-08-15 13:30:06.879433+00:00,31.99050541454926
2025-08-15 13:30:08.474076+00:00,32.00080680625979
2025-08-15 13:30:12.745001+00:00,32.00595750255161
2025-08-15 13:30:14.099959+00:00,31.995656110259006
2025-08-15 13:30:17.046776+00:00,31.985354719130555
2025-08-15 13:30:19.475811+00:00,31.969902634620667
2025-08-15 13:30:24.439948+00:00,31.949299859348685
2025-08-15 13:30:24.989507+00:00,31.949299859348685
2025-08-15 13:30:25.600499+00:00,31.949299859348685
2025-08-15 13:30:26.057244+00:00,31.954450552730123
2025-08-15 13:30:30.764084+00:00,31.954450552730123
2025-08-15 13:30:32.514930+00:00,31.954450552730123
2025-08-15 13:30:35.113048+00:00,31.9596012464026
2025-08-15 13:30:35.948035+00:00,31.9596012464026
2025-08-15 13:30:40.963658+00:00,31.985354719130555
2025-08-15 13:30:41.306999+00:00,31.985354719130555
2025-08-15 13:30:41.663585+00:00,31.995656110259006
2025-08-15 13:30:42.036160+00:00,31.995656110259006
2025-08-15 13:30:42.376916+00:00,31.99050541454926
2025-08-15 13:30:45.694966+00:00,32.00080680625979
2025-08-15 13:30:50.734460+00:00,32.03171098837629
2025-08-15 13:30:52.617709+00:00,32.04201238474343
2025-08-15 13:30:53.275200+00:00,32.05231378227472
2025-08-15 13:30:54.769395+00:00,32.05231378227472
2025-08-15 13:30:56.359278+00:00,32.05231378227472
2025-08-15 13:30:58.780276+00:00,32.04201238474343
2025-08-15 13:31:00.885595+00:00,32.03686168641434
2025-08-15 13:31:02.124909+00:00,32.04201238474343
2025-08-15 13:31:07.207459+00:00,32.06776588075445
2025-08-15 13:31:08.854720+00:00,32.07806728119613
2025-08-15 13:31:09.279194+00:00,32.07291658082977
2025-08-15 13:31:11.105705+00:00,32.07291658082977
2025-08-15 13:31:12.449088+00:00,32.08321798185352
2025-08-15 13:31:13.225882+00:00,32.088368682801956
2025-08-15 13:31:14.607486+00:00,32.08321798185352
2025-08-15 13:31:15.263590+00:00,32.08321798185352
2025-08-15 13:31:16.023978+00:00,32.06776588075445
2025-08-15 13:31:20.924123+00:00,32.07806728119613
2025-08-15 13:31:21.589641+00:00,32.06776588075445
2025-08-15 13:31:22.426790+00:00,32.06776588075445
2025-08-15 13:31:22.675591+00:00,32.07291658082977
2025-08-15 13:31:24.808972+00:00,32.06776588075445
2025-08-15 13:31:25.792370+00:00,32.05746448147693
2025-08-15 13:31:27.257232+00:00,32.06776588075445
2025-08-15 13:31:28.307157+00:00,32.05746448147693
2025-08-15 13:31:28.749984+00:00,32.05746448147693
2025-08-15 13:31:29.717134+00:00,32.05746448147693
2025-08-15 13:31:30.239329+00:00,32.05231378227472
2025-08-15 13:31:30.613984+00:00,32.05746448147693
2025-08-15 13:31:34.273493+00:00,32.05231378227472
2025-08-15 13:31:34.933708+00:00,32.03171098837629
2025-08-15 13:31:35.177009+00:00,32.03171098837629
2025-08-15 13:31:35.323518+00:00,32.04201238474343
2025-08-15 13:31:35.567085+00:00,32.03171098837629
2025-08-15 13:31:37.275954+00:00,32.0214095931733
2025-08-15 13:31:40.215178+00:00,32.01625889600837
2025-08-15 13:31:41.013711+00:00,32.01110819913447
2025-08-15 13:31:42.420198+00:00,32.01625889600837
2025-08-15 13:31:44.748719+00:00,32.00595750255161
2025-08-15 13:31:44.984081+00:00,32.00080680625979
2025-08-15 13:31:46.882842+00:00,32.00595750255161
2025-08-15 13:31:47.442197+00:00,31.995656110259006
2025-08-15 13:31:49.748545+00:00,31.980204024002887
2025-08-15 13:31:50.957870+00:00,31.985354719130555
2025-08-15 13:31:51.535287+00:00,31.99050541454926
2025-08-15 13:31:52.915430+00:00,31.99050541454926
2025-08-15 13:31:53.565737+00:00,31.99050541454926
2025-08-15 13:31:55.555326+00:00,31.980204024002887
2025-08-15 13:31:55.797564+00:00,31.99050541454926
2025-08-15 13:31:56.142095+00:00,31.985354719130555
2025-08-15 13:31:56.399641+00:00,31.995656110259006
2025-08-15 13:31:56.676511+00:00,31.995656110259006
2025-08-15 13:31:57.507664+00:00,31.99050541454926
2025-08-15 13:31:57.994809+00:00,31.985354719130555
2025-08-15 13:31:59.183145+00:00,31.980204024002887
2025-08-15 13:32:01.581679+00:00,31.980204024002887
2025-08-15 13:32:03.487562+00:00,31.980204024002887
2025-08-15 13:32:06.503691+00:00,31.969902634620667
2025-08-15 13:32:09.011285+00:00,31.949299859348685
2025-08-15 13:32:09.528083+00:00,31.9596012464026
2025-08-15 13:32:10.371501+00:00,31.949299859348685
2025-08-15 13:32:11.284067+00:00,31.954450552730123
2025-08-15 13:32:13.045180+00:00,31.954450552730123
2025-08-15 13:32:14.407866+00:00,31.949299859348685
2025-08-15 13:32:17.521488+00:00,31.944149166258285
2025-08-15 13:32:19.614289+00:00,31.9338477809506
2025-08-15 13:32:21.374575+00:00,31.92354639680707
2025-08-15 13:32:22.357038+00:00,31.90809432277456
2025-08-15 13:32:22.718772+00:00,31.91839570517186
2025-08-15 13:32:23.646574+00:00,31.90809432277456
2025-08-15 13:32:26.797064+00:00,31.91324501382769
2025-08-15 13:32:27.122839+00:00,31.928697088733315
2025-08-15 13:32:27.586208+00:00,31.944149166258285
2025-08-15 13:32:27.907899+00:00,31.954450552730123
2025-08-15 13:32:30.827912+00:00,31.954450552730123
2025-08-15 13:32:33.390530+00:00,31.954450552730123
2025-08-15 13:32:34.696466+00:00,31.954450552730123
2025-08-15 13:32:35.206872+00:00,31.954450552730123
2025-08-15 13:32:35.573242+00:00,31.954450552730123
2025-08-15 13:32:36.115479+00:00,31.9596012464026
2025-08-15 13:32:36.857147+00:00,31.969902634620667
2025-08-15 13:32:37.116375+00:00,31.964751940366114
2025-08-15 13:32:37.631584+00:00,31.975053329166258
2025-08-15 13:32:38.143142+00:00,31.985354719130555
2025-08-15 13:32:40.863998+00:00,31.985354719130555
2025-08-15 13:32:42.483095+00:00,31.985354719130555
2025-08-15 13:32:44.707424+00:00,31.99050541454926
2025-08-15 13:32:45.052339+00:00,32.00080680625979
2025-08-15 13:32:45.419644+00:00,31.995656110259006
2025-08-15 13:32:46.309451+00:00,32.00080680625979
2025-08-15 13:32:47.399384+00:00,31.985354719130555
2025-08-15 13:32:49.446213+00:00,31.99050541454926
2025-08-15 13:32:50.046737+00:00,31.99050541454926
2025-08-15 13:32:50.331668+00:00,31.985354719130555
2025-08-15 13:32:50.757042+00:00,31.99050541454926
2025-08-15 13:32:51.308209+00:00,31.99050541454926
2025-08-15 13:32:51.709833+00:00,31.99050541454926
2025-08-15 13:32:51.915135+00:00,31.99050541454926
2025-08-15 13:32:54.115085+00:00,31.975053329166258
2025-08-15 13:32:55.207581+00:00,31.975053329166258
2025-08-15 13:32:56.322153+00:00,31.980204024002887
2025-08-15 13:32:56.564023+00:00,31.995656110259006
2025-08-15 13:32:56.907387+00:00,31.99050541454926
2025-08-15 13:32:57.465164+00:00,31.99050541454926
2025-08-15 13:32:57.826959+00:00,31.995656110259006
2025-08-15 13:32:58.374139+00:00,31.99050541454926
2025-08-15 13:32:59.932265+00:00,32.00595750255161
2025-08-15 13:33:00.308165+00:00,32.01110819913447
2025-08-15 13:33:01.495681+00:00,32.00080680625979
2025-08-15 13:33:04.343910+00:00,32.00595750255161
2025-08-15 13:33:04.715667+00:00,32.01110819913447
2025-08-15 13:33:07.184424+00:00,32.01110819913447
2025-08-15 13:33:12.689345+00:00,32.03686168641434
2025-08-15 13:33:13.026265+00:00,32.05231378227472
2025-08-15 13:33:13.468941+00:00,32.06261518097017
2025-08-15 13:33:13.770135+00:00,32.06261518097017
2025-08-15 13:33:16.251439+00:00,32.06261518097017
2025-08-15 13:33:17.562451+00:00,32.08321798185352
2025-08-15 13:33:20.377964+00:00,32.08321798185352
2025-08-15 13:33:21.963315+00:00,32.10382078739349
2025-08-15 13:33:22.985588+00:00,32.1398757082934
2025-08-15 13:33:24.038111+00:00,32.108971489506075
2025-08-15 13:33:25.356935+00:00,32.108971489506075
2025-08-15 13:33:26.539928+00:00,32.10382078739349
2025-08-15 13:33:27.105846+00:00,32.09867008557194
2025-08-15 13:33:28.644773+00:00,32.108971489506075
2025-08-15 13:33:29.404472+00:00,32.1141221919097
2025-08-15 13:33:29.714899+00:00,32.119272894604364
2025-08-15 13:33:30.457847+00:00,32.1141221919097
2025-08-15 13:33:31.042465+00:00,32.09867008557194
2025-08-15 13:33:31.476022+00:00,32.10382078739349
2025-08-15 13:33:31.897353+00:00,32.108971489506075
2025-08-15 13:33:33.623698+00:00,32.10382078739349
2025-08-15 13:33:34.994058+00:00,32.1141221919097
2025-08-15 13:33:35.238544+00:00,32.108971489506075
2025-08-15 13:33:35.486715+00:00,32.108971489506075
2025-08-15 13:33:35.738973+00:00,32.119272894604364
2025-08-15 13:33:36.039135+00:00,32.09867008557194
2025-08-15 13:33:36.365668+00:00,32.14502641244326
2025-08-15 13:33:37.910406+00:00,32.09867008557194
2025-08-15 13:33:38.276542+00:00,32.108971489506075
2025-08-15 13:33:40.031988+00:00,32.088368682801956
2025-08-15 13:33:41.832403+00:00,32.09867008557194
2025-08-15 13:33:42.341869+00:00,32.088368682801956
2025-08-15 13:33:43.639311+00:00,32.088368682801956
2025-08-15 13:33:44.582225+00:00,32.088368682801956
2025-08-15 13:33:46.389439+00:00,32.07806728119613
2025-08-15 13:33:47.334730+00:00,32.07806728119613
2025-08-15 13:33:48.735540+00:00,32.08321798185352
2025-08-15 13:33:51.442339+00:00,32.06776588075445
2025-08-15 13:33:52.179413+00:00,32.05746448147693
2025-08-15 13:33:53.787792+00:00,32.05231378227472
2025-08-15 13:33:54.493045+00:00,32.05231378227472
2025-08-15 13:33:54.710681+00:00,32.05746448147693
2025-08-15 13:33:54.963712+00:00,32.05746448147693
2025-08-15 13:33:55.203514+00:00,32.05231378227472
2025-08-15 13:33:59.172622+00:00,32.03171098837629
2025-08-15 13:34:00.991777+00:00,32.03171098837629
2025-08-15 13:34:01.549860+00:00,32.02656029062928
2025-08-15 13:34:02.982412+00:00,32.0214095931733
2025-08-15 13:34:04.335767+00:00,32.01110819913447
2025-08-15 13:34:04.891806+00:00,32.01625889600837
2025-08-15 13:34:05.908130+00:00,32.00595750255161
2025-08-15 13:34:06.351118+00:00,32.00595750255161
2025-08-15 13:34:07.167548+00:00,32.00595750255161
2025-08-15 13:34:09.488214+00:00,32.00080680625979
2025-08-15 13:34:10.105966+00:00,32.00595750255161
2025-08-15 13:34:12.301632+00:00,31.995656110259006
2025-08-15 13:34:13.051909+00:00,31.99050541454926
2025-08-15 13:34:14.472231+00:00,31.985354719130555
2025-08-15 13:34:15.748558+00:00,31.99050541454926
2025-08-15 13:34:18.955118+00:00,31.975053329166258
2025-08-15 13:34:19.364831+00:00,31.975053329166258
2025-08-15 13:34:19.784509+00:00,31.975053329166258
2025-08-15 13:34:22.237067+00:00,31.9596012464026
2025-08-15 13:34:22.842338+00:00,31.9596012464026
2025-08-15 13:34:23.695591+00:00,31.949299859348685
2025-08-15 13:34:24.564555+00:00,31.9338477809506
2025-08-15 13:34:26.610717+00:00,31.928697088733315
2025-08-15 13:34:28.404555+00:00,31.9338477809506
2025-08-15 13:34:31.190575+00:00,31.928697088733315
2025-08-15 13:34:31.657543+00:00,31.949299859348685
2025-08-15 13:34:34.958267+00:00,31.9596012464026
2025-08-15 13:34:35.307631+00:00,31.954450552730123
2025-08-15 13:34:35.613234+00:00,31.9596012464026
2025-08-15 13:34:37.180304+00:00,31.964751940366114
2025-08-15 13:34:38.344339+00:00,31.949299859348685
2025-08-15 13:34:38.894217+00:00,31.949299859348685
2025-08-15 13:34:39.706156+00:00,31.9596012464026
2025-08-15 13:34:41.397025+00:00,31.938998473458923
2025-08-15 13:34:42.762984+00:00,31.969902634620667
2025-08-15 13:34:44.345097+00:00,31.964751940366114
2025-08-15 13:34:48.849808+00:00,31.969902634620667
2025-08-15 13:34:50.137029+00:00,31.954450552730123
2025-08-15 13:34:50.462853+00:00,31.969902634620667
2025-08-15 13:34:50.670232+00:00,31.969902634620667
2025-08-15 13:34:52.207837+00:00,31.980204024002887
2025-08-15 13:34:54.063755+00:00,31.969902634620667
2025-08-15 13:34:56.214119+00:00,31.9596012464026
2025-08-15 13:34:56.952809+00:00,31.964751940366114
2025-08-15 13:34:57.446002+00:00,31.9596012464026
2025-08-15 13:34:58.592203+00:00,31.964751940366114
2025-08-15 13:34:59.878372+00:00,31.964751940366114
2025-08-15 13:35:01.620260+00:00,31.954450552730123
2025-08-15 13:35:04.481802+00:00,31.954450552730123
2025-08-15 13:35:10.689817+00:00,31.928697088733315
2025-08-15 13:35:13.204168+00:00,31.928697088733315
2025-08-15 13:35:16.120132+00:00,31.928697088733315
2025-08-15 13:35:19.862850+00:00,31.938998473458923
2025-08-15 13:35:20.966499+00:00,31.9338477809506
2025-08-15 13:35:22.257885+00:00,31.9338477809506
2025-08-15 13:35:23.720071+00:00,31.9338477809506
2025-08-15 13:35:25.158367+00:00,31.928697088733315
2025-08-15 13:35:26.853157+00:00,31.928697088733315
2025-08-15 13:35:33.455620+00:00,31.92354639680707
2025-08-15 13:35:35.932108+00:00,31.91324501382769
2025-08-15 13:35:38.654265+00:00,31.902943632012466
2025-08-15 13:35:42.233755+00:00,31.928697088733315
2025-08-15 13:35:42.825678+00:00,31.92354639680707
2025-08-15 13:35:44.820979+00:00,31.91324501382769
2025-08-15 13:35:45.292474+00:00,31.928697088733315
2025-08-15 13:35:49.924366+00:00,31.91839570517186
2025-08-15 13:35:52.289337+00:00,31.91839570517186
2025-08-15 13:35:53.067735+00:00,31.928697088733315
2025-08-15 13:35:53.551241+00:00,31.91324501382769
2025-08-15 13:35:54.570791+00:00,31.938998473458923
2025-08-15 13:35:55.772860+00:00,31.91839570517186
2025-08-15 13:35:57.980486+00:00,31.928697088733315
2025-08-15 13:35:58.346309+00:00,31.928697088733315
2025-08-15 13:35:59.192200+00:00,31.928697088733315
2025-08-15 13:36:01.540163+00:00,31.928697088733315
2025-08-15 13:36:06.861240+00:00,31.938998473458923
2025-08-15 13:36:13.520126+00:00,31.944149166258285
2025-08-15 13:36:14.666410+00:00,31.938998473458923
2025-08-15 13:36:16.127866+00:00,31.938998473458923
2025-08-15 13:36:17.712162+00:00,31.938998473458923
2025-08-15 13:36:19.029180+00:00,31.938998473458923
2025-08-15 13:36:19.536471+00:00,31.938998473458923
2025-08-15 13:36:19.810189+00:00,31.944149166258285
2025-08-15 13:36:20.751047+00:00,31.938998473458923
2025-08-15 13:36:21.252701+00:00,31.938998473458923
2025-08-15 13:36:22.154197+00:00,31.944149166258285
2025-08-15 13:36:23.407272+00:00,31.928697088733315
2025-08-15 13:36:25.660862+00:00,31.9338477809506
2025-08-15 13:36:25.964042+00:00,31.928697088733315
2025-08-15 13:36:28.769585+00:00,31.928697088733315
2025-08-15 13:36:29.990427+00:00,31.9338477809506
2025-08-15 13:36:31.021299+00:00,31.91839570517186
2025-08-15 13:36:35.348073+00:00,31.90809432277456
2025-08-15 13:36:38.237998+00:00,31.90809432277456
2025-08-15 13:36:40.166834+00:00,31.90809432277456
2025-08-15 13:36:41.643632+00:00,31.902943632012466
2025-08-15 13:36:42.153665+00:00,31.902943632012466
2025-08-15 13:36:42.408264+00:00,31.892642251361394
2025-08-15 13:36:43.243691+00:00,31.892642251361394
2025-08-15 13:36:44.777970+00:00,31.90809432277456
2025-08-15 13:36:48.254349+00:00,31.882340871874476
2025-08-15 13:36:50.215928+00:00,31.877190182567574
2025-08-15 13:36:50.672417+00:00,31.87203949355171
2025-08-15 13:36:52.948719+00:00,31.866888804826885
2025-08-15 13:36:53.172727+00:00,31.846286052837968
2025-08-15 13:36:53.566412+00:00,31.866888804826885
2025-08-15 13:36:58.663335+00:00,31.866888804826885
2025-08-15 13:36:58.931325+00:00,31.882340871874476
2025-08-15 13:36:59.276892+00:00,31.8617381163931
2025-08-15 13:37:00.045159+00:00,31.887491561472416
2025-08-15 13:37:01.534162+00:00,31.877190182567574
2025-08-15 13:37:06.373679+00:00,31.83598467858974
2025-08-15 13:37:07.522695+00:00,31.83598467858974
2025-08-15 13:37:09.833559+00:00,31.83598467858974
2025-08-15 13:37:10.217954+00:00,31.830833991902182
2025-08-15 13:37:12.785093+00:00,31.830833991902182
2025-08-15 13:37:13.436469+00:00,31.846286052837968
2025-08-15 13:37:13.718065+00:00,31.846286052837968
2025-08-15 13:37:14.062854+00:00,31.846286052837968
2025-08-15 13:37:15.256920+00:00,31.841135365568334
2025-08-15 13:37:17.621480+00:00,31.846286052837968
2025-08-15 13:37:18.072979+00:00,31.866888804826885
2025-08-15 13:37:18.872458+00:00,31.866888804826885
2025-08-15 13:37:19.376410+00:00,31.877190182567574
2025-08-15 13:37:20.379181+00:00,31.866888804826885
2025-08-15 13:37:21.079725+00:00,31.877190182567574
2025-08-15 13:37:24.501630+00:00,31.89779294154141
2025-08-15 13:37:26.137203+00:00,31.902943632012466
2025-08-15 13:37:27.472445+00:00,31.902943632012466
2025-08-15 13:37:27.934407+00:00,31.91324501382769
2025-08-15 13:37:28.517142+00:00,31.90809432277456
2025-08-15 13:37:29.888078+00:00,31.92354639680707
2025-08-15 13:37:32.853419+00:00,31.928697088733315
2025-08-15 13:37:34.400682+00:00,31.91839570517186
2025-08-15 13:37:35.577485+00:00,31.90809432277456
2025-08-15 13:37:36.593411+00:00,31.928697088733315
2025-08-15 13:37:38.000019+00:00,31.91839570517186
2025-08-15 13:37:42.085442+00:00,31.92354639680707
2025-08-15 13:37:43.356303+00:00,31.91839570517186
2025-08-15 13:37:47.695172+00:00,31.92354639680707
2025-08-15 13:37:50.879926+00:00,31.9338477809506
2025-08-15 13:37:52.785381+00:00,31.928697088733315
2025-08-15 13:37:53.112652+00:00,31.91839570517186
2025-08-15 13:37:56.262232+00:00,31.928697088733315
2025-08-15 13:37:57.256787+00:00,31.928697088733315
2025-08-15 13:37:57.790360+00:00,31.928697088733315
2025-08-15 13:37:58.133105+00:00,31.928697088733315
2025-08-15 13:37:58.525640+00:00,31.928697088733315
2025-08-15 13:37:58.792952+00:00,31.92354639680707
2025-08-15 13:37:59.335497+00:00,31.928697088733315
2025-08-15 13:38:00.256522+00:00,31.91839570517186
2025-08-15 13:38:01.066544+00:00,31.91324501382769
2025-08-15 13:38:01.545842+00:00,31.928697088733315
2025-08-15 13:38:03.473428+00:00,31.91839570517186
2025-08-15 13:38:05.380154+00:00,31.91839570517186
2025-08-15 13:38:06.678960+00:00,31.954450552730123
2025-08-15 13:38:09.446782+00:00,31.954450552730123
2025-08-15 13:38:12.113745+00:00,31.949299859348685
2025-08-15 13:38:13.609857+00:00,31.938998473458923
2025-08-15 13:38:14.659225+00:00,31.938998473458923
2025-08-15 13:38:15.669902+00:00,31.928697088733315
2025-08-15 13:38:18.542277+00:00,31.9338477809506
2025-08-15 13:38:22.481032+00:00,31.938998473458923
2025-08-15 13:38:22.765023+00:00,31.938998473458923
2025-08-15 13:38:23.016400+00:00,31.944149166258285
2025-08-15 13:38:23.234963+00:00,31.944149166258285
2025-08-15 13:38:24.491039+00:00,31.928697088733315
2025-08-15 13:38:26.357799+00:00,31.92354639680707
2025-08-15 13:38:28.434000+00:00,31.944149166258285
2025-08-15 13:38:29.200059+00:00,31.928697088733315
2025-08-15 13:38:29.500328+00:00,31.9338477809506
2025-08-15 13:38:31.997627+00:00,31.928697088733315
2025-08-15 13:38:32.692499+00:00,31.91839570517186
2025-08-15 13:38:33.044958+00:00,31.91839570517186
2025-08-15 13:38:33.385576+00:00,31.91324501382769
2025-08-15 13:38:34.229836+00:00,31.91839570517186
2025-08-15 13:38:34.446027+00:00,31.90809432277456
2025-08-15 13:38:34.664677+00:00,31.91324501382769
2025-08-15 13:38:34.890110+00:00,31.91839570517186
2025-08-15 13:38:35.064713+00:00,31.902943632012466
2025-08-15 13:38:35.183774+00:00,31.90809432277456
2025-08-15 13:38:35.409493+00:00,31.90809432277456
2025-08-15 13:38:35.582633+00:00,31.91324501382769
2025-08-15 13:38:35.851323+00:00,31.90809432277456
2025-08-15 13:38:36.145792+00:00,31.90809432277456
2025-08-15 13:38:36.610885+00:00,31.89779294154141
2025-08-15 13:38:36.867041+00:00,31.90809432277456
2025-08-15 13:38:37.135513+00:00,31.892642251361394
2025-08-15 13:38:37.571418+00:00,31.90809432277456
2025-08-15 13:38:38.799788+00:00,31.887491561472416
2025-08-15 13:38:39.943812+00:00,31.887491561472416
2025-08-15 13:38:41.990872+00:00,31.882340871874476
2025-08-15 13:38:42.852479+00:00,31.882340871874476
2025-08-15 13:38:43.291897+00:00,31.877190182567574
2025-08-15 13:38:43.729302+00:00,31.887491561472416
2025-08-15 13:38:43.978570+00:00,31.892642251361394
2025-08-15 13:38:44.563281+00:00,31.902943632012466
2025-08-15 13:38:44.817295+00:00,31.892642251361394
2025-08-15 13:38:45.065634+00:00,31.887491561472416
2025-08-15 13:38:45.526859+00:00,31.892642251361394
2025-08-15 13:38:49.810429+00:00,31.877190182567574
2025-08-15 13:38:50.319160+00:00,31.87203949355171
2025-08-15 13:38:52.804209+00:00,31.8617381163931
2025-08-15 13:38:53.273509+00:00,31.87203949355171
2025-08-15 13:38:54.283858+00:00,31.85658742825035
2025-08-15 13:38:56.308421+00:00,31.85658742825035
2025-08-15 13:38:57.519847+00:00,31.85658742825035
2025-08-15 13:38:58.416110+00:00,31.866888804826885
2025-08-15 13:38:59.108409+00:00,31.85658742825035
2025-08-15 13:38:59.375053+00:00,31.846286052837968
2025-08-15 13:38:59.616762+00:00,31.846286052837968
2025-08-15 13:38:59.958965+00:00,31.83598467858974
2025-08-15 13:39:01.801996+00:00,31.83598467858974
2025-08-15 13:39:03.912838+00:00,31.846286052837968
2025-08-15 13:39:04.350874+00:00,31.83598467858974
2025-08-15 13:39:04.819309+00:00,31.83598467858974
2025-08-15 13:39:05.676448+00:00,31.830833991902182
2025-08-15 13:39:08.038053+00:00,31.81538193358574
2025-08-15 13:39:09.934943+00:00,31.825683305505663
2025-08-15 13:39:12.248822+00:00,31.81538193358574
2025-08-15 13:39:12.533021+00:00,31.820532619400183
2025-08-15 13:39:12.799830+00:00,31.825683305505663
2025-08-15 13:39:13.143908+00:00,31.830833991902182
2025-08-15 13:39:13.436926+00:00,31.83598467858974
2025-08-15 13:39:18.122208+00:00,31.825683305505663
2025-08-15 13:39:19.240348+00:00,31.825683305505663
2025-08-15 13:39:22.591518+00:00,31.810231248062337
2025-08-15 13:39:23.582346+00:00,31.799929877888644
2025-08-15 13:39:24.991836+00:00,31.799929877888644
2025-08-15 13:39:26.277238+00:00,31.799929877888644
2025-08-15 13:39:26.640992+00:00,31.80508056282997
2025-08-15 13:39:28.916995+00:00,31.789628508879105
2025-08-15 13:39:30.659563+00:00,31.799929877888644
2025-08-15 13:39:31.375057+00:00,31.80508056282997
2025-08-15 13:39:32.493993+00:00,31.789628508879105
2025-08-15 13:39:34.040996+00:00,31.794779193238355
2025-08-15 13:39:35.034496+00:00,31.794779193238355
2025-08-15 13:39:35.273707+00:00,31.80508056282997
2025-08-15 13:39:38.473608+00:00,31.794779193238355
2025-08-15 13:39:39.386009+00:00,31.794779193238355
2025-08-15 13:39:42.581464+00:00,31.799929877888644
2025-08-15 13:39:42.799196+00:00,31.794779193238355
2025-08-15 13:39:43.399457+00:00,31.799929877888644
2025-08-15 13:39:44.074225+00:00,31.789628508879105
2025-08-15 13:39:45.153187+00:00,31.799929877888644
2025-08-15 13:39:46.242301+00:00,31.799929877888644
2025-08-15 13:39:48.621474+00:00,31.794779193238355
2025-08-15 13:39:49.038423+00:00,31.80508056282997
2025-08-15 13:39:52.456014+00:00,31.80508056282997
2025-08-15 13:39:53.107570+00:00,31.825683305505663
2025-08-15 13:39:53.642387+00:00,31.846286052837968
2025-08-15 13:39:59.205472+00:00,31.892642251361394
2025-08-15 13:39:59.463850+00:00,31.89779294154141
2025-08-15 13:40:00.290448+00:00,31.89779294154141
2025-08-15 13:40:04.467109+00:00,31.902943632012466
2025-08-15 13:40:05.174109+00:00,31.9338477809506
2025-08-15 13:40:05.524464+00:00,31.9338477809506
2025-08-15 13:40:05.991513+00:00,31.9338477809506
2025-08-15 13:40:06.370955+00:00,31.92354639680707
2025-08-15 13:40:07.320858+00:00,31.938998473458923
2025-08-15 13:40:09.001447+00:00,31.949299859348685
2025-08-15 13:40:13.038234+00:00,31.944149166258285
2025-08-15 13:40:14.816287+00:00,31.9338477809506
2025-08-15 13:40:15.305233+00:00,31.928697088733315
2025-08-15 13:40:18.024569+00:00,31.91324501382769
2025-08-15 13:40:21.663145+00:00,31.89779294154141
2025-08-15 13:40:23.825052+00:00,31.902943632012466
2025-08-15 13:40:29.141358+00:00,31.9338477809506
2025-08-15 13:40:32.116392+00:00,31.938998473458923
2025-08-15 13:40:33.933154+00:00,31.944149166258285
2025-08-15 13:40:35.268275+00:00,31.944149166258285
2025-08-15 13:40:37.442941+00:00,31.944149166258285
2025-08-15 13:40:38.082011+00:00,31.949299859348685
2025-08-15 13:40:39.782787+00:00,31.938998473458923
2025-08-15 13:40:40.184993+00:00,31.938998473458923
2025-08-15 13:40:40.822538+00:00,31.949299859348685
2025-08-15 13:40:41.087006+00:00,31.949299859348685
2025-08-15 13:40:42.491737+00:00,31.938998473458923
2025-08-15 13:40:44.238049+00:00,31.949299859348685
2025-08-15 13:40:44.656694+00:00,31.949299859348685
2025-08-15 13:40:45.825638+00:00,31.944149166258285
2025-08-15 13:40:47.500920+00:00,31.944149166258285
2025-08-15 13:40:48.121052+00:00,31.964751940366114
2025-08-15 13:40:50.419307+00:00,31.938998473458923
2025-08-15 13:40:53.548359+00:00,31.9596012464026
2025-08-15 13:40:57.264027+00:00,31.964751940366114
2025-08-15 13:40:58.501170+00:00,31.969902634620667
2025-08-15 13:41:00.507519+00:00,31.995656110259006
2025-08-15 13:41:03.732649+00:00,31.985354719130555
2025-08-15 13:41:07.567834+00:00,31.99050541454926
2025-08-15 13:41:08.528640+00:00,32.01110819913447
2025-08-15 13:41:13.997663+00:00,32.01625889600837
2025-08-15 13:41:14.233177+00:00,32.02656029062928
2025-08-15 13:41:16.247378+00:00,32.0214095931733
2025-08-15 13:41:16.674071+00:00,32.0214095931733
2025-08-15 13:41:17.384443+00:00,32.03171098837629
2025-08-15 13:41:20.514781+00:00,32.01110819913447
2025-08-15 13:41:23.230319+00:00,32.00080680625979
2025-08-15 13:41:25.746034+00:00,32.00080680625979
2025-08-15 13:41:26.046684+00:00,32.00080680625979
2025-08-15 13:41:26.271243+00:00,32.00080680625979
2025-08-15 13:41:26.514026+00:00,31.995656110259006
2025-08-15 13:41:27.050287+00:00,32.00080680625979
2025-08-15 13:41:27.666227+00:00,31.99050541454926
2025-08-15 13:41:28.013896+00:00,31.995656110259006
2025-08-15 13:41:28.262789+00:00,31.99050541454926
2025-08-15 13:41:29.089680+00:00,31.985354719130555
2025-08-15 13:41:33.482083+00:00,31.969902634620667
2025-08-15 13:41:34.452482+00:00,31.9596012464026
2025-08-15 13:41:34.713205+00:00,31.9596012464026
2025-08-15 13:41:34.922568+00:00,31.975053329166258
2025-08-15 13:41:35.201155+00:00,31.969902634620667
2025-08-15 13:41:35.421577+00:00,31.980204024002887
2025-08-15 13:41:35.604712+00:00,31.969902634620667
2025-08-15 13:41:35.931631+00:00,31.969902634620667
2025-08-15 13:41:38.964139+00:00,31.9596012464026
2025-08-15 13:41:40.283042+00:00,31.949299859348685
2025-08-15 13:41:41.487462+00:00,31.9596012464026
2025-08-15 13:41:41.839122+00:00,31.949299859348685
2025-08-15 13:41:42.089285+00:00,31.949299859348685
2025-08-15 13:41:45.765209+00:00,31.969902634620667
2025-08-15 13:41:48.822429+00:00,31.995656110259006
2025-08-15 13:41:50.492881+00:00,31.99050541454926
2025-08-15 13:41:50.769893+00:00,32.01625889600837
2025-08-15 13:41:50.994453+00:00,32.00080680625979
2025-08-15 13:41:51.220806+00:00,32.00595750255161
2025-08-15 13:41:51.604329+00:00,32.01110819913447
2025-08-15 13:41:54.897529+00:00,32.00080680625979
2025-08-15 13:41:57.838210+00:00,32.01110819913447
2025-08-15 13:42:00.993114+00:00,32.03171098837629
2025-08-15 13:42:05.460476+00:00,32.07291658082977
2025-08-15 13:42:05.956520+00:00,32.05746448147693
2025-08-15 13:42:07.395732+00:00,32.06776588075445
2025-08-15 13:42:07.817278+00:00,32.06261518097017
2025-08-15 13:42:08.385693+00:00,32.06261518097017
2025-08-15 13:42:12.738760+00:00,32.07291658082977
2025-08-15 13:42:13.698991+00:00,32.07291658082977
2025-08-15 13:42:16.272058+00:00,32.05231378227472
2025-08-15 13:42:18.307854+00:00,32.06261518097017
2025-08-15 13:42:19.596648+00:00,32.06261518097017
2025-08-15 13:42:21.786771+00:00,32.04201238474343
2025-08-15 13:42:22.713631+00:00,32.03171098837629
2025-08-15 13:42:25.563599+00:00,32.03686168641434
2025-08-15 13:42:28.263515+00:00,32.01625889600837
2025-08-15 13:42:29.290465+00:00,32.01110819913447
2025-08-15 13:42:29.874289+00:00,32.00080680625979
2025-08-15 13:42:30.662668+00:00,31.985354719130555
2025-08-15 13:42:31.055309+00:00,31.99050541454926
2025-08-15 13:42:31.663734+00:00,32.00080680625979
2025-08-15 13:42:32.138367+00:00,32.00080680625979
2025-08-15 13:42:35.079694+00:00,31.980204024002887
2025-08-15 13:42:35.395945+00:00,31.975053329166258
2025-08-15 13:42:35.671033+00:00,31.99050541454926
2025-08-15 13:42:35.905528+00:00,31.995656110259006
2025-08-15 13:42:36.137786+00:00,32.00595750255161
2025-08-15 13:42:36.423395+00:00,32.00595750255161
2025-08-15 13:42:36.783406+00:00,32.0214095931733
2025-08-15 13:42:36.995396+00:00,31.995656110259006
2025-08-15 13:42:37.441911+00:00,32.00080680625979
2025-08-15 13:42:39.824253+00:00,31.99050541454926
2025-08-15 13:42:41.112862+00:00,31.99050541454926
2025-08-15 13:42:42.379284+00:00,31.975053329166258
2025-08-15 13:42:42.883794+00:00,31.985354719130555
2025-08-15 13:42:44.412727+00:00,31.99050541454926
2025-08-15 13:42:44.587318+00:00,31.964751940366114
2025-08-15 13:42:45.658835+00:00,31.969902634620667
2025-08-15 13:42:48.078781+00:00,31.9596012464026
2025-08-15 13:42:48.837913+00:00,31.969902634620667
2025-08-15 13:42:49.623290+00:00,31.964751940366114
2025-08-15 13:42:50.512548+00:00,31.964751940366114
2025-08-15 13:42:52.445666+00:00,31.949299859348685
2025-08-15 13:42:54.580765+00:00,31.9338477809506
2025-08-15 13:42:54.780422+00:00,31.938998473458923
2025-08-15 13:42:55.107482+00:00,31.938998473458923
2025-08-15 13:42:55.340100+00:00,31.944149166258285
2025-08-15 13:42:57.019700+00:00,31.9338477809506
2025-08-15 13:42:57.914634+00:00,31.928697088733315
2025-08-15 13:43:01.724946+00:00,31.928697088733315
2025-08-15 13:43:02.162856+00:00,31.90809432277456
2025-08-15 13:43:03.139511+00:00,31.90809432277456
2025-08-15 13:43:03.762296+00:00,31.92354639680707
2025-08-15 13:43:04.413308+00:00,31.9338477809506
2025-08-15 13:43:10.199214+00:00,31.928697088733315
2025-08-15 13:43:13.482459+00:00,31.928697088733315
2025-08-15 13:43:14.211530+00:00,31.92354639680707
2025-08-15 13:43:14.653568+00:00,31.92354639680707
2025-08-15 13:43:14.853038+00:00,31.92354639680707
2025-08-15 13:43:19.005771+00:00,31.91839570517186
2025-08-15 13:43:19.389967+00:00,31.938998473458923
2025-08-15 13:43:21.379036+00:00,31.90809432277456
2025-08-15 13:43:22.524437+00:00,31.91839570517186
2025-08-15 13:43:23.579170+00:00,31.91839570517186
2025-08-15 13:43:24.129408+00:00,31.928697088733315
2025-08-15 13:43:25.779106+00:00,31.928697088733315
2025-08-15 13:43:26.878760+00:00,31.91839570517186
2025-08-15 13:43:28.207362+00:00,31.9338477809506
2025-08-15 13:43:29.024732+00:00,31.938998473458923
2025-08-15 13:43:29.535354+00:00,31.944149166258285
2025-08-15 13:43:29.994720+00:00,31.949299859348685
2025-08-15 13:43:33.043924+00:00,31.9596012464026
2025-08-15 13:43:33.543878+00:00,31.9596012464026
2025-08-15 13:43:36.775160+00:00,31.980204024002887
2025-08-15 13:43:37.311979+00:00,31.975053329166258
2025-08-15 13:43:37.762129+00:00,31.980204024002887
2025-08-15 13:43:38.066661+00:00,31.975053329166258
2025-08-15 13:43:38.311651+00:00,31.975053329166258
2025-08-15 13:43:38.758468+00:00,31.985354719130555
2025-08-15 13:43:39.284836+00:00,31.99050541454926
2025-08-15 13:43:40.522923+00:00,31.99050541454926
2025-08-15 13:43:41.040873+00:00,31.99050541454926
2025-08-15 13:43:42.954302+00:00,31.980204024002887
2025-08-15 13:43:45.028089+00:00,31.995656110259006
2025-08-15 13:43:50.299359+00:00,32.01110819913447
2025-08-15 13:43:50.925913+00:00,32.01110819913447
2025-08-15 13:43:51.786207+00:00,32.00080680625979
2025-08-15 13:43:53.391919+00:00,32.01110819913447
2025-08-15 13:43:54.203446+00:00,32.00080680625979
2025-08-15 13:43:54.738586+00:00,32.00080680625979
2025-08-15 13:43:55.411714+00:00,31.995656110259006
2025-08-15 13:43:55.598936+00:00,32.00080680625979
2025-08-15 13:43:56.166683+00:00,31.975053329166258
2025-08-15 13:43:56.576472+00:00,31.969902634620667
2025-08-15 13:43:57.965789+00:00,31.954450552730123
2025-08-15 13:43:58.451254+00:00,31.949299859348685
2025-08-15 13:43:58.935090+00:00,31.938998473458923
2025-08-15 13:44:00.694647+00:00,31.938998473458923
2025-08-15 13:44:01.201122+00:00,31.928697088733315
2025-08-15 13:44:01.711701+00:00,31.91839570517186
2025-08-15 13:44:08.714920+00:00,31.91324501382769
2025-08-15 13:44:09.008436+00:00,31.91324501382769
2025-08-15 13:44:09.534557+00:00,31.91839570517186
2025-08-15 13:44:10.655779+00:00,31.91839570517186
2025-08-15 13:44:12.061383+00:00,31.928697088733315
2025-08-15 13:44:13.778962+00:00,31.938998473458923
2025-08-15 13:44:14.329388+00:00,31.938998473458923
2025-08-15 13:44:19.901853+00:00,31.949299859348685
2025-08-15 13:44:21.207084+00:00,31.975053329166258
2025-08-15 13:44:23.487870+00:00,31.980204024002887
2025-08-15 13:44:23.922963+00:00,31.99050541454926
2025-08-15 13:44:24.206099+00:00,31.980204024002887
2025-08-15 13:44:24.951018+00:00,31.985354719130555
2025-08-15 13:44:25.242519+00:00,31.99050541454926
2025-08-15 13:44:25.603700+00:00,31.99050541454926
2025-08-15 13:44:25.845159+00:00,31.99050541454926
2025-08-15 13:44:26.337698+00:00,31.995656110259006
2025-08-15 13:44:27.122990+00:00,31.995656110259006
2025-08-15 13:44:27.908042+00:00,32.00080680625979
2025-08-15 13:44:28.644132+00:00,32.00080680625979
2025-08-15 13:44:31.459203+00:00,31.99050541454926
2025-08-15 13:44:32.427427+00:00,32.00080680625979
2025-08-15 13:44:33.008852+00:00,32.00595750255161
2025-08-15 13:44:34.969563+00:00,32.00595750255161
2025-08-15 13:44:35.219495+00:00,32.00080680625979
2025-08-15 13:44:36.738431+00:00,32.00080680625979
2025-08-15 13:44:37.826800+00:00,32.01110819913447
2025-08-15 13:44:38.554528+00:00,32.00080680625979
2025-08-15 13:44:38.763869+00:00,31.995656110259006
2025-08-15 13:44:39.048390+00:00,32.01110819913447
2025-08-15 13:44:40.082716+00:00,32.00595750255161
2025-08-15 13:44:40.525539+00:00,32.00595750255161
2025-08-15 13:44:44.421982+00:00,32.00080680625979
2025-08-15 13:44:46.850855+00:00,32.00595750255161
2025-08-15 13:44:47.351159+00:00,31.985354719130555
2025-08-15 13:44:47.761338+00:00,31.99050541454926
2025-08-15 13:44:48.851742+00:00,31.99050541454926
2025-08-15 13:44:49.595268+00:00,31.99050541454926
2025-08-15 13:44:49.785880+00:00,32.00595750255161
2025-08-15 13:44:50.467984+00:00,31.99050541454926
2025-08-15 13:44:53.301967+00:00,31.995656110259006
2025-08-15 13:44:55.035797+00:00,31.99050541454926
2025-08-15 13:44:55.402532+00:00,31.995656110259006
2025-08-15 13:44:58.352017+00:00,31.985354719130555
2025-08-15 13:44:58.986121+00:00,31.985354719130555
2025-08-15 13:45:03.198964+00:00,32.00080680625979
2025-08-15 13:45:04.374588+00:00,31.985354719130555
2025-08-15 13:45:04.833945+00:00,31.985354719130555
2025-08-15 13:45:05.377264+00:00,31.99050541454926
2025-08-15 13:45:05.970189+00:00,31.985354719130555
2025-08-15 13:45:11.936865+00:00,31.985354719130555
2025-08-15 13:45:14.431961+00:00,31.985354719130555
2025-08-15 13:45:21.286764+00:00,31.9596012464026
2025-08-15 13:45:25.941737+00:00,31.9338477809506
2025-08-15 13:45:29.385397+00:00,31.944149166258285
2025-08-15 13:45:31.317113+00:00,31.938998473458923
2025-08-15 13:45:33.009869+00:00,31.938998473458923
2025-08-15 13:45:34.212911+00:00,31.944149166258285
2025-08-15 13:45:39.625691+00:00,31.938998473458923
2025-08-15 13:45:40.011238+00:00,31.9338477809506
2025-08-15 13:45:40.411139+00:00,31.944149166258285
2025-08-15 13:45:42.151534+00:00,31.949299859348685
2025-08-15 13:45:45.436873+00:00,31.9596012464026
2025-08-15 13:45:49.900891+00:00,31.964751940366114
2025-08-15 13:45:50.876547+00:00,31.964751940366114
2025-08-15 13:45:51.216542+00:00,31.964751940366114
2025-08-15 13:45:51.593025+00:00,31.9596012464026
2025-08-15 13:45:52.984980+00:00,31.964751940366114
2025-08-15 13:45:54.667295+00:00,31.964751940366114
2025-08-15 13:45:55.830684+00:00,31.954450552730123
2025-08-15 13:45:56.541386+00:00,31.954450552730123
2025-08-15 13:45:59.179098+00:00,31.944149166258285
2025-08-15 13:45:59.834187+00:00,31.9596012464026
2025-08-15 13:46:01.462257+00:00,31.964751940366114
2025-08-15 13:46:04.526044+00:00,31.954450552730123
2025-08-15 13:46:06.598589+00:00,31.938998473458923
2025-08-15 13:46:07.233290+00:00,31.949299859348685
2025-08-15 13:46:07.768430+00:00,31.9596012464026
2025-08-15 13:46:09.171838+00:00,31.964751940366114
2025-08-15 13:46:09.708495+00:00,31.9596012464026
2025-08-15 13:46:14.859643+00:00,31.969902634620667
2025-08-15 13:46:18.542167+00:00,31.949299859348685
2025-08-15 13:46:19.133869+00:00,31.954450552730123
2025-08-15 13:46:20.060013+00:00,31.949299859348685
2025-08-15 13:46:20.385054+00:00,31.9596012464026
2025-08-15 13:46:20.720295+00:00,31.954450552730123
2025-08-15 13:46:21.053470+00:00,31.9596012464026
2025-08-15 13:46:21.382488+00:00,31.949299859348685
2025-08-15 13:46:21.874057+00:00,31.9596012464026
2025-08-15 13:46:23.235713+00:00,31.9596012464026
2025-08-15 13:46:25.272376+00:00,31.9596012464026
2025-08-15 13:46:25.799779+00:00,31.944149166258285
2025-08-15 13:46:27.706284+00:00,31.944149166258285
2025-08-15 13:46:28.340194+00:00,31.949299859348685
2025-08-15 13:46:29.874352+00:00,31.938998473458923
2025-08-15 13:46:30.158595+00:00,31.949299859348685
2025-08-15 13:46:30.724730+00:00,31.949299859348685
2025-08-15 13:46:35.825225+00:00,31.944149166258285
2025-08-15 13:46:37.013276+00:00,31.9338477809506
2025-08-15 13:46:38.032523+00:00,31.938998473458923
2025-08-15 13:46:40.620975+00:00,31.9338477809506
2025-08-15 13:46:41.215072+00:00,31.944149166258285
2025-08-15 13:46:42.618702+00:00,31.9338477809506
2025-08-15 13:46:44.555612+00:00,31.928697088733315
2025-08-15 13:46:50.906540+00:00,31.928697088733315
2025-08-15 13:46:52.135097+00:00,31.928697088733315
2025-08-15 13:46:52.644219+00:00,31.91839570517186
2025-08-15 13:46:53.057280+00:00,31.92354639680707
2025-08-15 13:46:56.044394+00:00,31.928697088733315
2025-08-15 13:46:57.990807+00:00,31.91324501382769
2025-08-15 13:47:00.624425+00:00,31.92354639680707
2025-08-15 13:47:03.849467+00:00,31.928697088733315
2025-08-15 13:47:09.235205+00:00,31.938998473458923
2025-08-15 13:47:11.974085+00:00,31.9338477809506
2025-08-15 13:47:12.593246+00:00,31.9338477809506
2025-08-15 13:47:14.692118+00:00,31.938998473458923
2025-08-15 13:47:16.957785+00:00,31.9338477809506
2025-08-15 13:47:17.493809+00:00,31.928697088733315
2025-08-15 13:47:18.086422+00:00,31.92354639680707
2025-08-15 13:47:18.457183+00:00,31.9338477809506
2025-08-15 13:47:18.940527+00:00,31.938998473458923
2025-08-15 13:47:19.332981+00:00,31.928697088733315
2025-08-15 13:47:21.560213+00:00,31.928697088733315
2025-08-15 13:47:22.289178+00:00,31.928697088733315
2025-08-15 13:47:22.924312+00:00,31.938998473458923
2025-08-15 13:47:23.672918+00:00,31.9338477809506
2025-08-15 13:47:24.786547+00:00,31.9338477809506
2025-08-15 13:47:25.158917+00:00,31.938998473458923
2025-08-15 13:47:25.581582+00:00,31.9596012464026
2025-08-15 13:47:31.373562+00:00,31.954450552730123
2025-08-15 13:47:33.289186+00:00,31.964751940366114
2025-08-15 13:47:34.432945+00:00,31.975053329166258
2025-08-15 13:47:34.827997+00:00,31.975053329166258
2025-08-15 13:47:35.491218+00:00,31.980204024002887
2025-08-15 13:47:35.856696+00:00,31.99050541454926
2025-08-15 13:47:38.454819+00:00,31.985354719130555
2025-08-15 13:47:39.466426+00:00,31.985354719130555
2025-08-15 13:47:41.856315+00:00,32.03171098837629
2025-08-15 13:47:43.739274+00:00,32.01625889600837
2025-08-15 13:47:44.129410+00:00,32.01110819913447
2025-08-15 13:47:46.968195+00:00,32.04201238474343
2025-08-15 13:47:47.337930+00:00,32.02656029062928
2025-08-15 13:47:49.968333+00:00,32.02656029062928
2025-08-15 13:47:50.265072+00:00,32.04201238474343
2025-08-15 13:47:50.762995+00:00,32.03171098837629
2025-08-15 13:47:51.206061+00:00,32.03686168641434
2025-08-15 13:47:53.465507+00:00,32.02656029062928
2025-08-15 13:47:53.690689+00:00,32.03171098837629
2025-08-15 13:47:54.203508+00:00,32.03686168641434
2025-08-15 13:47:54.514578+00:00,32.03171098837629
2025-08-15 13:47:55.348577+00:00,32.0214095931733
2025-08-15 13:47:55.850885+00:00,32.03686168641434
2025-08-15 13:47:57.037011+00:00,32.0214095931733
2025-08-15 13:47:58.917272+00:00,32.0214095931733
2025-08-15 13:47:59.166596+00:00,32.01625889600837
2025-08-15 13:47:59.417811+00:00,32.03686168641434
2025-08-15 13:47:59.827268+00:00,32.0214095931733
2025-08-15 13:48:00.885271+00:00,32.02656029062928
2025-08-15 13:48:01.347380+00:00,32.0214095931733
2025-08-15 13:48:02.607357+00:00,32.02656029062928
2025-08-15 13:48:04.181747+00:00,32.00595750255161
2025-08-15 13:48:09.039647+00:00,32.00595750255161
2025-08-15 13:48:14.406068+00:00,32.01625889600837
2025-08-15 13:48:15.201989+00:00,32.01625889600837
2025-08-15 13:48:22.616634+00:00,32.00595750255161
2025-08-15 13:48:22.897187+00:00,32.01110819913447
2025-08-15 13:48:23.482150+00:00,32.01625889600837
2025-08-15 13:48:23.784463+00:00,32.01625889600837
2025-08-15 13:48:24.115864+00:00,32.03171098837629
2025-08-15 13:48:26.491493+00:00,32.0214095931733
2025-08-15 13:48:26.800391+00:00,32.0214095931733
2025-08-15 13:48:28.319801+00:00,32.00595750255161
2025-08-15 13:48:30.588707+00:00,32.01110819913447
2025-08-15 13:48:31.287699+00:00,32.00080680625979
2025-08-15 13:48:32.353925+00:00,32.01110819913447
2025-08-15 13:48:34.607493+00:00,32.01625889600837
2025-08-15 13:48:34.845721+00:00,32.01110819913447
2025-08-15 13:48:37.074013+00:00,32.01110819913447
2025-08-15 13:48:38.029731+00:00,32.00080680625979
2025-08-15 13:48:38.349678+00:00,31.995656110259006
2025-08-15 13:48:38.915978+00:00,31.995656110259006
2025-08-15 13:48:40.724448+00:00,31.995656110259006
2025-08-15 13:48:41.313483+00:00,32.03171098837629
2025-08-15 13:48:41.750037+00:00,32.00080680625979
2025-08-15 13:48:43.007635+00:00,32.01625889600837
2025-08-15 13:48:45.230959+00:00,32.00595750255161
2025-08-15 13:48:48.213483+00:00,32.01110819913447
2025-08-15 13:48:49.355593+00:00,32.01110819913447
2025-08-15 13:48:49.839254+00:00,32.01110819913447
2025-08-15 13:48:50.520301+00:00,32.00595750255161
2025-08-15 13:48:51.873332+00:00,32.00595750255161
2025-08-15 13:48:54.448256+00:00,32.00080680625979
2025-08-15 13:48:54.782936+00:00,32.00080680625979
2025-08-15 13:48:54.941143+00:00,32.00595750255161
2025-08-15 13:48:55.684355+00:00,32.01625889600837
2025-08-15 13:48:55.948873+00:00,32.00080680625979
2025-08-15 13:49:00.298147+00:00,32.01110819913447
2025-08-15 13:49:00.905030+00:00,32.00595750255161
2025-08-15 13:49:03.745834+00:00,32.01110819913447
2025-08-15 13:49:07.705546+00:00,31.995656110259006
2025-08-15 13:49:09.525087+00:00,31.995656110259006
2025-08-15 13:49:12.113290+00:00,31.99050541454926
2025-08-15 13:49:13.009282+00:00,31.975053329166258
2025-08-15 13:49:13.756144+00:00,31.975053329166258
2025-08-15 13:49:14.205799+00:00,31.980204024002887
2025-08-15 13:49:16.688883+00:00,31.975053329166258
2025-08-15 13:49:22.356418+00:00,31.975053329166258
2025-08-15 13:49:24.489333+00:00,31.975053329166258
2025-08-15 13:49:24.890470+00:00,31.99050541454926
2025-08-15 13:49:25.407233+00:00,31.985354719130555
2025-08-15 13:49:25.697722+00:00,31.980204024002887
2025-08-15 13:49:26.048008+00:00,31.980204024002887
2025-08-15 13:49:26.325727+00:00,31.985354719130555
2025-08-15 13:49:26.569377+00:00,31.975053329166258
2025-08-15 13:49:27.048835+00:00,31.980204024002887
2025-08-15 13:49:27.601138+00:00,31.975053329166258
2025-08-15 13:49:27.880758+00:00,31.980204024002887
2025-08-15 13:49:28.150596+00:00,31.980204024002887
2025-08-15 13:49:28.407058+00:00,31.969902634620667
2025-08-15 13:49:29.086632+00:00,31.969902634620667
2025-08-15 13:49:33.345114+00:00,31.964751940366114
2025-08-15 13:49:34.364819+00:00,31.9596012464026
2025-08-15 13:49:34.783229+00:00,31.969902634620667
2025-08-15 13:49:35.651945+00:00,31.969902634620667
2025-08-15 13:49:35.923177+00:00,31.964751940366114
2025-08-15 13:49:36.482002+00:00,31.964751940366114
2025-08-15 13:49:38.085442+00:00,31.964751940366114
2025-08-15 13:49:38.286033+00:00,31.964751940366114
2025-08-15 13:49:38.703825+00:00,31.969902634620667
2025-08-15 13:49:38.888728+00:00,31.969902634620667
2025-08-15 13:49:40.617259+00:00,31.954450552730123
2025-08-15 13:49:41.586078+00:00,31.964751940366114
2025-08-15 13:49:42.723803+00:00,31.969902634620667
2025-08-15 13:49:42.964805+00:00,31.964751940366114
2025-08-15 13:49:43.820248+00:00,31.9596012464026
2025-08-15 13:49:45.615115+00:00,31.954450552730123
2025-08-15 13:49:48.271069+00:00,31.944149166258285
2025-08-15 13:49:49.824223+00:00,31.949299859348685
2025-08-15 13:49:51.506421+00:00,31.954450552730123
2025-08-15 13:49:52.775133+00:00,31.954450552730123
2025-08-15 13:49:52.974899+00:00,31.954450552730123
2025-08-15 13:49:53.845186+00:00,31.9596012464026
2025-08-15 13:49:54.580335+00:00,31.9596012464026
2025-08-15 13:49:55.813421+00:00,31.954450552730123
2025-08-15 13:49:57.462919+00:00,31.9596012464026
2025-08-15 13:49:57.798411+00:00,31.954450552730123
2025-08-15 13:49:59.289180+00:00,31.954450552730123
2025-08-15 13:49:59.969829+00:00,31.949299859348685
2025-08-15 13:50:01.481753+00:00,31.954450552730123
2025-08-15 13:50:07.473317+00:00,31.954450552730123
2025-08-15 13:50:08.508562+00:00,31.9596012464026
2025-08-15 13:50:09.092784+00:00,31.954450552730123
2025-08-15 13:50:10.272842+00:00,31.944149166258285
2025-08-15 13:50:19.075525+00:00,31.949299859348685
2025-08-15 13:50:19.762062+00:00,31.949299859348685
2025-08-15 13:50:20.229368+00:00,31.949299859348685
2025-08-15 13:50:20.672212+00:00,31.954450552730123
2025-08-15 13:50:21.114972+00:00,31.9596012464026
2025-08-15 13:50:21.511152+00:00,31.949299859348685
2025-08-15 13:50:22.422068+00:00,31.954450552730123
2025-08-15 13:50:23.118115+00:00,31.9596012464026
2025-08-15 13:50:24.468713+00:00,31.949299859348685
2025-08-15 13:50:26.485212+00:00,31.944149166258285
2025-08-15 13:50:27.244538+00:00,31.980204024002887
2025-08-15 13:50:29.474786+00:00,32.00080680625979
2025-08-15 13:50:31.196930+00:00,32.00595750255161
2025-08-15 13:50:32.511491+00:00,32.01110819913447
2025-08-15 13:50:33.525326+00:00,32.0214095931733
2025-08-15 13:50:34.027689+00:00,32.02656029062928
2025-08-15 13:50:35.404400+00:00,32.0214095931733
2025-08-15 13:50:38.162325+00:00,32.02656029062928
2025-08-15 13:50:41.169664+00:00,32.02656029062928
2025-08-15 13:50:42.078927+00:00,32.0214095931733
2025-08-15 13:50:42.320927+00:00,32.03171098837629
2025-08-15 13:50:45.693823+00:00,32.01625889600837
2025-08-15 13:50:48.288356+00:00,32.02656029062928
2025-08-15 13:50:49.124422+00:00,32.0214095931733
2025-08-15 13:50:49.483392+00:00,32.01625889600837
2025-08-15 13:50:50.553600+00:00,32.01625889600837
2025-08-15 13:50:51.063031+00:00,32.01110819913447
2025-08-15 13:50:52.675148+00:00,31.995656110259006
2025-08-15 13:50:53.462913+00:00,32.00080680625979
2025-08-15 13:50:54.496996+00:00,32.00595750255161
2025-08-15 13:50:55.255537+00:00,32.00595750255161
2025-08-15 13:50:55.583147+00:00,32.00595750255161
2025-08-15 13:50:55.841455+00:00,32.01625889600837
2025-08-15 13:50:56.450395+00:00,32.02656029062928
2025-08-15 13:50:58.139476+00:00,32.00080680625979
2025-08-15 13:50:59.978196+00:00,32.01625889600837
2025-08-15 13:51:01.165572+00:00,32.01110819913447
2025-08-15 13:51:02.709870+00:00,32.0214095931733
2025-08-15 13:51:03.537908+00:00,32.03171098837629
2025-08-15 13:51:04.932695+00:00,32.03171098837629
2025-08-15 13:51:07.309105+00:00,32.06261518097017
2025-08-15 13:51:11.364886+00:00,32.07291658082977
2025-08-15 13:51:12.845997+00:00,32.08321798185352
2025-08-15 13:51:13.573661+00:00,32.09351938404143
2025-08-15 13:51:13.815291+00:00,32.09351938404143
2025-08-15 13:51:14.028383+00:00,32.09867008557194
2025-08-15 13:51:14.266926+00:00,32.09867008557194
2025-08-15 13:51:14.541215+00:00,32.09867008557194
2025-08-15 13:51:15.054646+00:00,32.088368682801956
2025-08-15 13:51:15.436907+00:00,32.08321798185352
2025-08-15 13:51:21.286071+00:00,32.09351938404143
2025-08-15 13:51:21.837109+00:00,32.088368682801956
2025-08-15 13:51:22.079564+00:00,32.09351938404143
2025-08-15 13:51:23.894168+00:00,32.09351938404143
2025-08-15 13:51:27.282868+00:00,32.07806728119613
2025-08-15 13:51:28.111417+00:00,32.07806728119613
2025-08-15 13:51:29.162792+00:00,32.08321798185352
2025-08-15 13:51:30.450097+00:00,32.05746448147693
2025-08-15 13:51:30.767126+00:00,32.06776588075445
2025-08-15 13:51:31.185903+00:00,32.06261518097017
2025-08-15 13:51:31.591162+00:00,32.05231378227472
2025-08-15 13:51:33.532728+00:00,32.04716308336356
2025-08-15 13:51:34.075626+00:00,32.04716308336356
2025-08-15 13:51:34.319017+00:00,32.04201238474343
2025-08-15 13:51:35.036102+00:00,32.04201238474343
2025-08-15 13:51:35.503996+00:00,32.03686168641434
2025-08-15 13:51:35.747552+00:00,32.05231378227472
2025-08-15 13:51:36.472665+00:00,32.04201238474343
2025-08-15 13:51:37.452554+00:00,32.04201238474343
2025-08-15 13:51:37.752340+00:00,32.03171098837629
2025-08-15 13:51:38.630781+00:00,32.02656029062928
2025-08-15 13:51:41.639581+00:00,32.0214095931733
2025-08-15 13:51:42.972207+00:00,31.995656110259006
2025-08-15 13:51:44.310904+00:00,32.00080680625979
2025-08-15 13:51:44.795401+00:00,32.01625889600837
2025-08-15 13:51:53.111554+00:00,32.03171098837629
2025-08-15 13:51:56.947498+00:00,32.05231378227472
2025-08-15 13:51:57.515210+00:00,32.05231378227472
2025-08-15 13:51:57.782247+00:00,32.05746448147693
2025-08-15 13:51:58.018122+00:00,32.07291658082977
2025-08-15 13:51:59.286563+00:00,32.07291658082977
2025-08-15 13:52:01.602787+00:00,32.07291658082977
2025-08-15 13:52:02.513504+00:00,32.07806728119613
2025-08-15 13:52:03.072976+00:00,32.07806728119613
2025-08-15 13:52:03.490875+00:00,32.08321798185352
2025-08-15 13:52:04.392634+00:00,32.08321798185352
2025-08-15 13:52:05.211719+00:00,32.088368682801956
2025-08-15 13:52:06.212929+00:00,32.09351938404143
2025-08-15 13:52:06.700666+00:00,32.09351938404143
2025-08-15 13:52:07.502095+00:00,32.09351938404143
2025-08-15 13:52:08.034942+00:00,32.08321798185352
2025-08-15 13:52:08.542088+00:00,32.088368682801956
2025-08-15 13:52:09.025750+00:00,32.09867008557194
2025-08-15 13:52:09.855422+00:00,32.10382078739349
2025-08-15 13:52:11.604940+00:00,32.10382078739349
2025-08-15 13:52:13.995477+00:00,32.10382078739349
2025-08-15 13:52:14.701372+00:00,32.1141221919097
2025-08-15 13:52:15.721581+00:00,32.10382078739349
2025-08-15 13:52:16.066721+00:00,32.10382078739349
2025-08-15 13:52:16.482283+00:00,32.1141221919097
2025-08-15 13:52:16.782894+00:00,32.1141221919097
2025-08-15 13:52:17.151156+00:00,32.12442359759007
2025-08-15 13:52:17.642468+00:00,32.12957430086681
2025-08-15 13:52:18.002680+00:00,32.119272894604364
2025-08-15 13:52:22.618988+00:00,32.119272894604364
2025-08-15 13:52:23.676319+00:00,32.119272894604364
2025-08-15 13:52:24.486512+00:00,32.10382078739349
2025-08-15 13:52:25.201914+00:00,32.12442359759007
2025-08-15 13:52:26.043032+00:00,32.1141221919097
2025-08-15 13:52:29.944734+00:00,32.12442359759007
2025-08-15 13:52:32.034179+00:00,32.10382078739349
2025-08-15 13:52:33.748516+00:00,32.09867008557194
2025-08-15 13:52:34.476589+00:00,32.09867008557194
2025-08-15 13:52:36.449850+00:00,32.09351938404143
2025-08-15 13:52:37.103575+00:00,32.09867008557194
2025-08-15 13:52:38.865512+00:00,32.07806728119613
2025-08-15 13:52:39.319488+00:00,32.09867008557194
2025-08-15 13:52:39.699176+00:00,32.09867008557194
2025-08-15 13:52:40.518426+00:00,32.09351938404143
2025-08-15 13:52:41.893831+00:00,32.09351938404143
2025-08-15 13:52:42.776453+00:00,32.09351938404143
2025-08-15 13:52:43.020099+00:00,32.08321798185352
2025-08-15 13:52:43.311848+00:00,32.088368682801956
2025-08-15 13:52:43.627925+00:00,32.09867008557194
2025-08-15 13:52:43.878233+00:00,32.10382078739349
2025-08-15 13:52:45.107899+00:00,32.088368682801956
2025-08-15 13:52:46.341361+00:00,32.08321798185352
2025-08-15 13:52:49.128874+00:00,32.088368682801956
2025-08-15 13:52:49.812099+00:00,32.088368682801956
2025-08-15 13:52:51.208499+00:00,32.09351938404143
2025-08-15 13:52:52.495563+00:00,32.08321798185352
2025-08-15 13:52:54.206902+00:00,32.06776588075445
2025-08-15 13:52:55.961545+00:00,32.06776588075445
2025-08-15 13:52:58.886395+00:00,32.06776588075445
2025-08-15 13:52:59.861983+00:00,32.088368682801956
2025-08-15 13:53:01.300840+00:00,32.07291658082977
2025-08-15 13:53:03.482419+00:00,32.06261518097017
2025-08-15 13:53:03.890221+00:00,32.05231378227472
2025-08-15 13:53:07.206419+00:00,32.04716308336356
2025-08-15 13:53:07.498796+00:00,32.04716308336356
2025-08-15 13:53:07.807780+00:00,32.04716308336356
2025-08-15 13:53:08.411155+00:00,32.05231378227472
2025-08-15 13:53:12.454716+00:00,32.04716308336356
2025-08-15 13:53:12.988184+00:00,32.04201238474343
2025-08-15 13:53:14.910263+00:00,32.03171098837629
2025-08-15 13:53:15.808093+00:00,32.03171098837629
2025-08-15 13:53:16.374375+00:00,32.03686168641434
2025-08-15 13:53:17.273177+00:00,32.02656029062928
2025-08-15 13:53:21.020301+00:00,32.0214095931733
2025-08-15 13:53:21.905123+00:00,32.02656029062928
2025-08-15 13:53:23.510378+00:00,32.03171098837629
2025-08-15 13:53:26.442120+00:00,32.03686168641434
2025-08-15 13:53:28.289548+00:00,32.03171098837629
2025-08-15 13:53:29.544329+00:00,32.02656029062928
2025-08-15 13:53:29.914071+00:00,32.01625889600837
2025-08-15 13:53:30.699739+00:00,32.0214095931733
2025-08-15 13:53:31.274704+00:00,32.02656029062928
2025-08-15 13:53:32.453655+00:00,32.02656029062928
2025-08-15 13:53:35.220496+00:00,32.02656029062928
2025-08-15 13:53:35.452879+00:00,32.03171098837629
2025-08-15 13:53:35.788826+00:00,32.03171098837629
2025-08-15 13:53:36.358986+00:00,32.0214095931733
2025-08-15 13:53:36.607063+00:00,32.02656029062928
2025-08-15 13:53:37.335282+00:00,32.0214095931733
2025-08-15 13:53:39.460385+00:00,32.03686168641434
2025-08-15 13:53:40.720141+00:00,32.03686168641434
2025-08-15 13:53:40.984187+00:00,32.03686168641434
2025-08-15 13:53:41.342740+00:00,32.04201238474343
2025-08-15 13:53:41.554448+00:00,32.02656029062928
2025-08-15 13:53:41.835329+00:00,32.04201238474343
2025-08-15 13:53:42.088255+00:00,32.03686168641434
2025-08-15 13:53:42.283829+00:00,32.04716308336356
2025-08-15 13:53:42.690903+00:00,32.03686168641434
2025-08-15 13:53:43.711334+00:00,32.03686168641434
2025-08-15 13:53:44.521447+00:00,32.04201238474343
2025-08-15 13:53:44.971378+00:00,32.02656029062928
2025-08-15 13:53:45.581564+00:00,32.03171098837629
2025-08-15 13:53:46.985046+00:00,32.0214095931733
2025-08-15 13:53:47.795636+00:00,31.995656110259006
2025-08-15 13:53:49.799821+00:00,31.964751940366114
2025-08-15 13:53:51.710174+00:00,31.9596012464026
2025-08-15 13:53:52.148967+00:00,31.9596012464026
2025-08-15 13:53:52.458318+00:00,31.954450552730123
2025-08-15 13:53:52.850471+00:00,31.9596012464026
2025-08-15 13:53:54.105551+00:00,31.9596012464026
2025-08-15 13:53:54.977716+00:00,31.964751940366114
2025-08-15 13:53:57.022706+00:00,31.9596012464026
2025-08-15 13:53:57.264728+00:00,31.969902634620667
2025-08-15 13:53:58.085326+00:00,31.975053329166258
2025-08-15 13:53:58.366758+00:00,31.980204024002887
2025-08-15 13:53:59.385737+00:00,31.964751940366114
2025-08-15 13:54:00.828674+00:00,31.980204024002887
2025-08-15 13:54:05.009687+00:00,31.980204024002887
2025-08-15 13:54:09.101381+00:00,32.0214095931733
2025-08-15 13:54:11.875625+00:00,32.01110819913447
2025-08-15 13:54:12.501313+00:00,32.03171098837629
2025-08-15 13:54:12.942466+00:00,32.02656029062928
2025-08-15 13:54:14.231201+00:00,32.02656029062928
2025-08-15 13:54:16.118948+00:00,32.0214095931733
2025-08-15 13:54:17.447568+00:00,32.0214095931733
2025-08-15 13:54:19.254412+00:00,32.01110819913447
2025-08-15 13:54:20.013110+00:00,32.00595750255161
2025-08-15 13:54:21.525309+00:00,32.0214095931733
2025-08-15 13:54:22.696779+00:00,32.00080680625979
2025-08-15 13:54:24.827555+00:00,32.00595750255161
2025-08-15 13:54:25.118519+00:00,31.980204024002887
2025-08-15 13:54:28.317631+00:00,32.00080680625979
2025-08-15 13:54:29.045330+00:00,32.00080680625979
2025-08-15 13:54:31.313495+00:00,31.99050541454926
2025-08-15 13:54:34.390486+00:00,31.99050541454926
2025-08-15 13:54:37.130161+00:00,31.980204024002887
2025-08-15 13:54:39.167550+00:00,31.975053329166258
2025-08-15 13:54:39.551769+00:00,31.980204024002887
2025-08-15 13:54:40.883169+00:00,31.969902634620667
2025-08-15 13:54:42.237907+00:00,31.975053329166258
2025-08-15 13:54:43.131137+00:00,31.969902634620667
2025-08-15 13:54:43.507050+00:00,31.980204024002887
2025-08-15 13:54:43.725778+00:00,31.980204024002887
2025-08-15 13:54:43.992239+00:00,31.99050541454926
2025-08-15 13:54:44.300471+00:00,31.980204024002887
2025-08-15 13:54:44.992442+00:00,31.980204024002887
2025-08-15 13:54:49.031545+00:00,31.980204024002887
2025-08-15 13:54:49.481322+00:00,31.985354719130555
2025-08-15 13:54:49.658648+00:00,31.980204024002887
2025-08-15 13:54:49.982953+00:00,31.980204024002887
2025-08-15 13:54:51.261103+00:00,31.980204024002887
2025-08-15 13:54:51.527762+00:00,31.99050541454926
2025-08-15 13:54:52.816699+00:00,31.975053329166258
2025-08-15 13:54:54.442348+00:00,31.980204024002887
2025-08-15 13:54:56.857878+00:00,31.975053329166258
2025-08-15 13:54:57.160857+00:00,31.969902634620667
2025-08-15 13:54:59.759346+00:00,31.980204024002887
2025-08-15 13:55:05.157475+00:00,31.975053329166258
2025-08-15 13:55:05.500574+00:00,31.975053329166258
2025-08-15 13:55:08.337003+00:00,31.980204024002887
2025-08-15 13:55:08.687294+00:00,31.980204024002887
2025-08-15 13:55:09.592072+00:00,31.99050541454926
2025-08-15 13:55:11.279496+00:00,31.985354719130555
2025-08-15 13:55:15.510374+00:00,32.01110819913447
2025-08-15 13:55:17.262790+00:00,31.995656110259006
2025-08-15 13:55:18.348239+00:00,32.01110819913447
2025-08-15 13:55:20.389557+00:00,32.00595750255161
2025-08-15 13:55:21.682340+00:00,31.995656110259006
2025-08-15 13:55:23.227546+00:00,32.00080680625979
2025-08-15 13:55:24.415323+00:00,31.99050541454926
2025-08-15 13:55:30.105672+00:00,32.00080680625979
2025-08-15 13:55:30.497444+00:00,32.00080680625979
2025-08-15 13:55:31.037869+00:00,31.995656110259006
2025-08-15 13:55:40.601933+00:00,31.985354719130555
2025-08-15 13:55:40.853753+00:00,31.99050541454926
2025-08-15 13:55:41.115238+00:00,31.99050541454926
2025-08-15 13:55:41.557952+00:00,32.00080680625979
2025-08-15 13:55:43.053714+00:00,31.995656110259006
2025-08-15 13:55:45.983709+00:00,32.00080680625979
2025-08-15 13:55:46.350755+00:00,31.99050541454926
2025-08-15 13:55:46.655581+00:00,32.00595750255161
2025-08-15 13:55:47.036132+00:00,32.00595750255161
2025-08-15 13:55:47.349226+00:00,32.00080680625979
2025-08-15 13:55:49.879071+00:00,31.985354719130555
2025-08-15 13:55:53.105531+00:00,31.995656110259006
2025-08-15 13:55:54.977634+00:00,32.01110819913447
2025-08-15 13:55:56.037716+00:00,32.01625889600837
2025-08-15 13:55:59.671912+00:00,32.04201238474343
2025-08-15 13:56:01.487410+00:00,32.04201238474343
2025-08-15 13:56:01.958344+00:00,32.05231378227472
2025-08-15 13:56:02.391181+00:00,32.06261518097017
2025-08-15 13:56:03.041193+00:00,32.06261518097017
2025-08-15 13:56:08.917803+00:00,32.06261518097017
2025-08-15 13:56:10.851366+00:00,32.06776588075445
2025-08-15 13:56:11.421059+00:00,32.06776588075445
2025-08-15 13:56:13.960573+00:00,32.07291658082977
2025-08-15 13:56:14.649778+00:00,32.07291658082977
2025-08-15 13:56:16.470956+00:00,32.06261518097017
2025-08-15 13:56:16.809112+00:00,32.07291658082977
2025-08-15 13:56:18.221953+00:00,32.07806728119613
2025-08-15 13:56:21.071117+00:00,32.07291658082977
2025-08-15 13:56:23.578934+00:00,32.10382078739349
2025-08-15 13:56:24.340331+00:00,32.09867008557194
2025-08-15 13:56:24.656546+00:00,32.09867008557194
2025-08-15 13:56:26.660863+00:00,32.09351938404143
2025-08-15 13:56:27.307391+00:00,32.09351938404143
2025-08-15 13:56:27.579394+00:00,32.08321798185352
2025-08-15 13:56:28.107204+00:00,32.10382078739349
2025-08-15 13:56:31.252653+00:00,32.09351938404143
2025-08-15 13:56:32.570294+00:00,32.09351938404143
2025-08-15 13:56:34.166178+00:00,32.08321798185352
2025-08-15 13:56:35.075671+00:00,32.07806728119613
2025-08-15 13:56:35.778472+00:00,32.07291658082977
2025-08-15 13:56:36.941371+00:00,32.07291658082977
2025-08-15 13:56:39.675830+00:00,32.07291658082977
2025-08-15 13:56:40.284856+00:00,32.07806728119613
2025-08-15 13:56:40.690979+00:00,32.07806728119613
2025-08-15 13:56:42.023210+00:00,32.07806728119613
2025-08-15 13:56:42.449864+00:00,32.07291658082977
2025-08-15 13:56:43.215890+00:00,32.07806728119613
2025-08-15 13:56:43.857002+00:00,32.07806728119613
2025-08-15 13:56:44.291175+00:00,32.07806728119613
2025-08-15 13:56:47.968651+00:00,32.07291658082977
2025-08-15 13:56:48.934722+00:00,32.07291658082977
2025-08-15 13:56:53.321688+00:00,32.06776588075445
2025-08-15 13:56:53.882193+00:00,32.06261518097017
2025-08-15 13:56:55.506957+00:00,32.05746448147693
2025-08-15 13:56:55.726587+00:00,32.07291658082977
2025-08-15 13:56:57.081970+00:00,32.06261518097017
2025-08-15 13:56:58.723398+00:00,32.05231378227472
2025-08-15 13:56:59.538374+00:00,32.04716308336356
2025-08-15 13:56:59.838894+00:00,32.06261518097017
2025-08-15 13:57:00.144146+00:00,32.05746448147693
2025-08-15 13:57:00.677179+00:00,32.06261518097017
2025-08-15 13:57:01.009872+00:00,32.06261518097017
2025-08-15 13:57:02.391512+00:00,32.06261518097017
2025-08-15 13:57:02.751972+00:00,32.05746448147693
2025-08-15 13:57:04.832695+00:00,32.05231378227472
2025-08-15 13:57:05.204288+00:00,32.05746448147693
2025-08-15 13:57:08.668403+00:00,32.06776588075445
2025-08-15 13:57:09.777864+00:00,32.06261518097017
2025-08-15 13:57:11.244483+00:00,32.08321798185352
2025-08-15 13:57:11.603033+00:00,32.088368682801956
2025-08-15 13:57:14.285804+00:00,32.08321798185352
2025-08-15 13:57:15.056839+00:00,32.08321798185352
2025-08-15 13:57:16.074542+00:00,32.09867008557194
2025-08-15 13:57:19.365275+00:00,32.07806728119613
2025-08-15 13:57:20.068161+00:00,32.08321798185352
2025-08-15 13:57:21.364481+00:00,32.07806728119613
2025-08-15 13:57:22.709535+00:00,32.07291658082977
2025-08-15 13:57:23.278183+00:00,32.088368682801956
2025-08-15 13:57:23.610910+00:00,32.088368682801956
2025-08-15 13:57:25.935265+00:00,32.088368682801956
2025-08-15 13:57:27.940900+00:00,32.08321798185352
2025-08-15 13:57:29.628573+00:00,32.07291658082977
2025-08-15 13:57:29.848101+00:00,32.08321798185352
2025-08-15 13:57:30.144018+00:00,32.088368682801956
2025-08-15 13:57:30.729630+00:00,32.088368682801956
2025-08-15 13:57:32.981264+00:00,32.07806728119613
2025-08-15 13:57:33.393584+00:00,32.07291658082977
2025-08-15 13:57:34.198238+00:00,32.08321798185352
2025-08-15 13:57:34.864250+00:00,32.08321798185352
2025-08-15 13:57:35.744074+00:00,32.08321798185352
2025-08-15 13:57:36.171363+00:00,32.06776588075445
2025-08-15 13:57:36.446996+00:00,32.08321798185352
2025-08-15 13:57:37.841679+00:00,32.06776588075445
2025-08-15 13:57:38.309758+00:00,32.07291658082977
2025-08-15 13:57:39.094390+00:00,32.07291658082977
2025-08-15 13:57:43.329158+00:00,32.06776588075445
2025-08-15 13:57:45.750844+00:00,32.06776588075445
2025-08-15 13:57:46.218898+00:00,32.05231378227472
2025-08-15 13:57:48.747320+00:00,32.05746448147693
2025-08-15 13:57:49.861570+00:00,32.04201238474343
2025-08-15 13:57:50.680190+00:00,32.04201238474343
2025-08-15 13:57:51.131191+00:00,32.05231378227472
2025-08-15 13:57:51.742644+00:00,32.04201238474343
2025-08-15 13:57:52.296702+00:00,32.03171098837629
2025-08-15 13:57:53.171444+00:00,32.03171098837629
2025-08-15 13:57:54.792789+00:00,32.02656029062928
2025-08-15 13:57:56.013795+00:00,32.03171098837629
2025-08-15 13:57:57.471890+00:00,32.03686168641434
2025-08-15 13:57:59.129787+00:00,32.02656029062928
2025-08-15 13:58:03.125739+00:00,32.0214095931733
2025-08-15 13:58:04.148347+00:00,32.02656029062928
2025-08-15 13:58:04.969058+00:00,32.0214095931733
2025-08-15 13:58:06.050380+00:00,32.03171098837629
2025-08-15 13:58:09.833635+00:00,32.04716308336356
2025-08-15 13:58:12.238867+00:00,32.07291658082977
2025-08-15 13:58:14.180559+00:00,32.119272894604364
2025-08-15 13:58:14.729135+00:00,32.12442359759007
2025-08-15 13:58:16.008597+00:00,32.12442359759007
2025-08-15 13:58:17.933371+00:00,32.12957430086681
2025-08-15 13:58:19.737187+00:00,32.160478526639054
2025-08-15 13:58:21.405806+00:00,32.14502641244326
2025-08-15 13:58:21.713398+00:00,32.15017711688415
2025-08-15 13:58:22.701210+00:00,32.15017711688415
2025-08-15 13:58:24.613418+00:00,32.16562923195306
2025-08-15 13:58:25.760505+00:00,32.15017711688415
2025-08-15 13:58:26.553883+00:00,32.15532782161608
2025-08-15 13:58:26.879830+00:00,32.160478526639054
2025-08-15 13:58:27.104989+00:00,32.16562923195306
2025-08-15 13:58:27.348296+00:00,32.16562923195306
2025-08-15 13:58:29.080002+00:00,32.160478526639054
2025-08-15 13:58:29.562408+00:00,32.15532782161608
2025-08-15 13:58:30.108103+00:00,32.15532782161608
2025-08-15 13:58:41.813373+00:00,32.15532782161608
2025-08-15 13:58:42.475049+00:00,32.14502641244326
2025-08-15 13:58:43.586176+00:00,32.134725004434586
2025-08-15 13:58:44.605205+00:00,32.134725004434586
2025-08-15 13:58:47.576198+00:00,32.119272894604364
2025-08-15 13:58:48.042183+00:00,32.1141221919097
2025-08-15 13:58:48.332463+00:00,32.119272894604364
2025-08-15 13:58:48.558569+00:00,32.1141221919097
2025-08-15 13:58:50.021818+00:00,32.10382078739349
2025-08-15 13:58:51.568056+00:00,32.1141221919097
2025-08-15 13:58:53.964542+00:00,32.088368682801956
2025-08-15 13:58:54.200457+00:00,32.088368682801956
2025-08-15 13:58:54.601715+00:00,32.08321798185352
2025-08-15 13:58:54.887806+00:00,32.08321798185352
2025-08-15 13:58:56.070082+00:00,32.07806728119613
2025-08-15 13:58:56.255281+00:00,32.08321798185352
2025-08-15 13:58:57.375378+00:00,32.07291658082977
2025-08-15 13:58:57.859669+00:00,32.07291658082977
2025-08-15 13:58:59.138764+00:00,32.07291658082977
2025-08-15 13:59:00.281936+00:00,32.06261518097017
2025-08-15 13:59:01.374782+00:00,32.05231378227472
2025-08-15 13:59:03.907434+00:00,32.06261518097017
2025-08-15 13:59:04.473025+00:00,32.05746448147693
2025-08-15 13:59:05.194046+00:00,32.06261518097017
2025-08-15 13:59:06.081315+00:00,32.05231378227472
2025-08-15 13:59:07.333006+00:00,32.04716308336356
2025-08-15 13:59:09.133746+00:00,32.06776588075445
2025-08-15 13:59:11.116592+00:00,32.05231378227472
2025-08-15 13:59:12.595472+00:00,32.06261518097017
2025-08-15 13:59:13.937837+00:00,32.05746448147693
2025-08-15 13:59:14.735279+00:00,32.05231378227472
2025-08-15 13:59:15.805740+00:00,32.03171098837629
2025-08-15 13:59:17.523003+00:00,32.03686168641434
2025-08-15 13:59:18.108114+00:00,32.04201238474343
2025-08-15 13:59:18.744104+00:00,32.04201238474343
2025-08-15 13:59:20.303051+00:00,32.03171098837629
2025-08-15 13:59:20.957382+00:00,32.04201238474343
2025-08-15 13:59:22.771999+00:00,32.02656029062928
2025-08-15 13:59:23.288451+00:00,32.03171098837629
2025-08-15 13:59:25.320905+00:00,32.03171098837629
2025-08-15 13:59:26.791651+00:00,32.01110819913447
2025-08-15 13:59:28.999358+00:00,32.01625889600837
2025-08-15 13:59:29.200929+00:00,32.0214095931733
2025-08-15 13:59:30.963500+00:00,32.0214095931733
2025-08-15 13:59:32.448473+00:00,32.02656029062928
2025-08-15 13:59:33.577029+00:00,32.01110819913447
2025-08-15 13:59:33.778506+00:00,32.01110819913447
2025-08-15 13:59:34.081700+00:00,32.01625889600837
2025-08-15 13:59:34.445806+00:00,32.01625889600837
2025-08-15 13:59:34.770744+00:00,32.01110819913447
2025-08-15 13:59:37.062983+00:00,32.00080680625979
2025-08-15 13:59:38.836716+00:00,31.99050541454926
2025-08-15 13:59:40.120750+00:00,32.00080680625979
2025-08-15 13:59:40.295211+00:00,32.00595750255161
2025-08-15 13:59:41.633379+00:00,31.995656110259006
2025-08-15 13:59:41.957880+00:00,31.99050541454926
2025-08-15 13:59:42.427908+00:00,31.980204024002887
2025-08-15 13:59:44.969980+00:00,31.980204024002887
2025-08-15 13:59:49.679284+00:00,31.969902634620667
2025-08-15 13:59:50.617579+00:00,31.964751940366114
2025-08-15 13:59:50.900956+00:00,31.980204024002887
2025-08-15 13:59:51.629814+00:00,31.975053329166258
2025-08-15 13:59:52.803696+00:00,31.969902634620667
2025-08-15 13:59:53.057779+00:00,31.975053329166258
2025-08-15 13:59:53.568671+00:00,31.969902634620667
2025-08-15 13:59:54.471978+00:00,31.9596012464026
2025-08-15 13:59:56.000828+00:00,31.9596012464026
2025-08-15 13:59:57.104421+00:00,31.9596012464026
2025-08-15 13:59:58.212255+00:00,31.949299859348685
2025-08-15 13:59:58.977368+00:00,31.954450552730123
2025-08-15 14:00:01.272517+00:00,31.944149166258285
2025-08-15 14:00:05.785986+00:00,31.9338477809506
2025-08-15 14:00:07.972211+00:00,31.928697088733315
2025-08-15 14:00:10.222787+00:00,31.92354639680707
2025-08-15 14:00:12.331294+00:00,31.91839570517186
2025-08-15 14:00:16.061717+00:00,31.91839570517186
2025-08-15 14:00:17.107541+00:00,31.91839570517186
2025-08-15 14:00:18.505032+00:00,31.90809432277456
2025-08-15 14:00:24.146918+00:00,31.902943632012466
2025-08-15 14:00:26.263623+00:00,31.91324501382769
2025-08-15 14:00:28.313959+00:00,31.89779294154141
2025-08-15 14:00:29.606314+00:00,31.90809432277456
2025-08-15 14:00:30.061949+00:00,31.902943632012466
2025-08-15 14:00:30.433269+00:00,31.91839570517186
2025-08-15 14:00:30.809434+00:00,31.91839570517186
2025-08-15 14:00:33.122986+00:00,31.91839570517186
2025-08-15 14:00:33.473275+00:00,31.91839570517186
2025-08-15 14:00:33.947526+00:00,31.92354639680707
2025-08-15 14:00:34.434422+00:00,31.92354639680707
2025-08-15 14:00:35.958277+00:00,31.938998473458923
2025-08-15 14:00:36.637992+00:00,31.9338477809506
2025-08-15 14:00:38.872521+00:00,31.9338477809506
2025-08-15 14:00:41.300029+00:00,31.9338477809506
2025-08-15 14:00:41.668266+00:00,31.928697088733315
2025-08-15 14:00:43.782590+00:00,31.938998473458923
2025-08-15 14:00:44.784708+00:00,31.944149166258285
2025-08-15 14:00:49.217425+00:00,31.944149166258285
2025-08-15 14:00:50.205350+00:00,31.938998473458923
2025-08-15 14:00:51.007600+00:00,31.938998473458923
2025-08-15 14:00:53.079704+00:00,31.938998473458923
2025-08-15 14:00:53.749076+00:00,31.949299859348685
2025-08-15 14:00:54.241334+00:00,31.949299859348685
2025-08-15 14:00:55.280442+00:00,31.9596012464026
2025-08-15 14:00:59.238830+00:00,31.954450552730123
2025-08-15 14:01:00.725942+00:00,31.995656110259006
2025-08-15 14:01:03.064039+00:00,32.00080680625979
2025-08-15 14:01:03.425436+00:00,31.995656110259006
2025-08-15 14:01:03.987745+00:00,32.00595750255161
2025-08-15 14:01:04.354799+00:00,32.00595750255161
2025-08-15 14:01:06.017740+00:00,32.00080680625979
2025-08-15 14:01:09.239959+00:00,32.01625889600837
2025-08-15 14:01:11.037714+00:00,32.01625889600837
2025-08-15 14:01:11.337454+00:00,32.01625889600837
2025-08-15 14:01:12.338629+00:00,32.01110819913447
2025-08-15 14:01:12.933391+00:00,32.00080680625979
2025-08-15 14:01:13.234515+00:00,32.01110819913447
2025-08-15 14:01:13.667676+00:00,32.01110819913447
2025-08-15 14:01:14.595495+00:00,32.01110819913447
2025-08-15 14:01:14.895928+00:00,32.01110819913447
2025-08-15 14:01:18.653021+00:00,32.00080680625979
2025-08-15 14:01:22.248426+00:00,31.980204024002887
2025-08-15 14:01:22.477897+00:00,31.985354719130555
2025-08-15 14:01:22.766071+00:00,31.995656110259006
2025-08-15 14:01:23.308814+00:00,31.995656110259006
2025-08-15 14:01:24.043826+00:00,32.01110819913447
2025-08-15 14:01:25.583016+00:00,32.00595750255161
2025-08-15 14:01:27.285988+00:00,32.00080680625979
2025-08-15 14:01:27.662340+00:00,31.99050541454926
2025-08-15 14:01:28.138618+00:00,31.995656110259006
2025-08-15 14:01:30.096023+00:00,32.00080680625979
2025-08-15 14:01:32.282415+00:00,32.00595750255161
2025-08-15 14:01:34.255485+00:00,32.01110819913447
2025-08-15 14:01:34.467084+00:00,31.995656110259006
2025-08-15 14:01:34.681824+00:00,32.00595750255161
2025-08-15 14:01:36.812826+00:00,32.00080680625979
2025-08-15 14:01:37.818389+00:00,32.00080680625979
2025-08-15 14:01:38.441855+00:00,31.99050541454926
2025-08-15 14:01:40.443134+00:00,31.99050541454926
2025-08-15 14:01:40.924333+00:00,31.99050541454926
2025-08-15 14:01:44.065362+00:00,31.980204024002887
2025-08-15 14:01:45.170483+00:00,31.975053329166258
2025-08-15 14:01:46.619750+00:00,31.964751940366114
2025-08-15 14:01:50.904080+00:00,31.938998473458923
2025-08-15 14:01:52.493170+00:00,31.9338477809506
2025-08-15 14:01:57.876552+00:00,31.928697088733315
2025-08-15 14:01:58.433731+00:00,31.928697088733315
2025-08-15 14:02:02.151468+00:00,31.928697088733315
2025-08-15 14:02:03.745769+00:00,31.949299859348685
2025-08-15 14:02:04.391558+00:00,31.9338477809506
2025-08-15 14:02:06.067986+00:00,31.938998473458923
2025-08-15 14:02:08.929037+00:00,31.938998473458923
2025-08-15 14:02:10.225665+00:00,31.928697088733315
2025-08-15 14:02:12.779212+00:00,31.938998473458923
2025-08-15 14:02:13.071540+00:00,31.938998473458923
2025-08-15 14:02:13.408517+00:00,31.938998473458923
2025-08-15 14:02:13.950132+00:00,31.944149166258285
2025-08-15 14:02:14.300945+00:00,31.938998473458923
2025-08-15 14:02:20.682786+00:00,31.949299859348685
2025-08-15 14:02:21.441841+00:00,31.954450552730123
2025-08-15 14:02:21.668303+00:00,31.9338477809506
2025-08-15 14:02:22.779505+00:00,31.944149166258285
2025-08-15 14:02:25.582160+00:00,31.9338477809506
2025-08-15 14:02:26.646557+00:00,31.928697088733315
2025-08-15 14:02:27.364299+00:00,31.9596012464026
2025-08-15 14:02:27.942797+00:00,31.928697088733315
2025-08-15 14:02:28.992300+00:00,31.9338477809506
2025-08-15 14:02:30.336012+00:00,31.944149166258285
2025-08-15 14:02:32.235426+00:00,31.949299859348685
2025-08-15 14:02:32.868472+00:00,31.928697088733315
2025-08-15 14:02:35.204555+00:00,31.928697088733315
2025-08-15 14:02:37.421727+00:00,31.92354639680707
2025-08-15 14:02:38.397771+00:00,31.92354639680707
2025-08-15 14:02:39.334587+00:00,31.91839570517186
2025-08-15 14:02:39.943746+00:00,31.90809432277456
2025-08-15 14:02:40.721587+00:00,31.91839570517186
2025-08-15 14:02:42.226007+00:00,31.91839570517186
2025-08-15 14:02:43.103125+00:00,31.90809432277456
2025-08-15 14:02:44.791465+00:00,31.91324501382769
2025-08-15 14:02:47.859886+00:00,31.90809432277456
2025-08-15 14:02:55.543260+00:00,31.887491561472416
2025-08-15 14:02:55.765560+00:00,31.89779294154141
2025-08-15 14:02:56.000019+00:00,31.902943632012466
2025-08-15 14:02:56.348745+00:00,31.89779294154141
2025-08-15 14:02:56.645598+00:00,31.902943632012466
2025-08-15 14:02:57.782894+00:00,31.882340871874476
2025-08-15 14:02:59.466160+00:00,31.887491561472416
2025-08-15 14:02:59.770671+00:00,31.89779294154141
2025-08-15 14:02:59.986452+00:00,31.902943632012466
2025-08-15 14:03:00.285217+00:00,31.887491561472416
2025-08-15 14:03:00.626647+00:00,31.887491561472416
2025-08-15 14:03:00.967674+00:00,31.887491561472416
2025-08-15 14:03:01.692374+00:00,31.882340871874476
2025-08-15 14:03:02.117214+00:00,31.882340871874476
2025-08-15 14:03:02.552863+00:00,31.882340871874476
2025-08-15 14:03:02.900418+00:00,31.877190182567574
2025-08-15 14:03:11.451135+00:00,31.8617381163931
2025-08-15 14:03:14.340764+00:00,31.866888804826885
2025-08-15 14:03:15.200145+00:00,31.83598467858974
2025-08-15 14:03:16.151042+00:00,31.83598467858974
2025-08-15 14:03:18.394405+00:00,31.830833991902182
2025-08-15 14:03:19.664098+00:00,31.830833991902182
2025-08-15 14:03:21.935104+00:00,31.830833991902182
2025-08-15 14:03:24.203245+00:00,31.83598467858974
2025-08-15 14:03:25.787814+00:00,31.825683305505663
2025-08-15 14:03:26.271315+00:00,31.830833991902182
2025-08-15 14:03:26.381070+00:00,31.85658742825035
2025-08-15 14:03:26.695063+00:00,31.846286052837968
2025-08-15 14:03:27.126326+00:00,31.841135365568334
2025-08-15 14:03:27.392815+00:00,31.85658742825035
2025-08-15 14:03:27.811513+00:00,31.85143674039864
2025-08-15 14:03:33.884152+00:00,31.83598467858974
2025-08-15 14:03:35.412435+00:00,31.866888804826885
2025-08-15 14:03:41.832702+00:00,31.90809432277456
2025-08-15 14:03:42.900900+00:00,31.902943632012466
2025-08-15 14:03:43.268135+00:00,31.91839570517186
2025-08-15 14:03:43.611187+00:00,31.90809432277456
2025-08-15 14:03:43.978593+00:00,31.91839570517186
2025-08-15 14:03:44.331403+00:00,31.90809432277456
2025-08-15 14:03:44.905475+00:00,31.91324501382769
2025-08-15 14:03:45.216319+00:00,31.90809432277456
2025-08-15 14:03:47.696554+00:00,31.92354639680707
2025-08-15 14:03:49.551850+00:00,31.9338477809506
2025-08-15 14:03:50.024536+00:00,31.949299859348685
2025-08-15 14:03:51.366165+00:00,31.938998473458923
2025-08-15 14:03:52.216679+00:00,31.928697088733315
2025-08-15 14:03:57.268083+00:00,31.938998473458923
2025-08-15 14:03:59.156920+00:00,31.944149166258285
2025-08-15 14:03:59.391132+00:00,31.949299859348685
2025-08-15 14:03:59.618385+00:00,31.954450552730123
2025-08-15 14:04:01.332381+00:00,31.949299859348685
2025-08-15 14:04:03.051572+00:00,31.949299859348685
2025-08-15 14:04:03.444160+00:00,31.949299859348685
2025-08-15 14:04:11.372810+00:00,31.9596012464026
2025-08-15 14:04:13.935804+00:00,31.954450552730123
2025-08-15 14:04:14.598411+00:00,31.944149166258285
2025-08-15 14:04:14.807063+00:00,31.949299859348685
2025-08-15 14:04:15.899868+00:00,31.954450552730123
2025-08-15 14:04:17.625549+00:00,31.9596012464026
2025-08-15 14:04:18.325510+00:00,31.938998473458923
2025-08-15 14:04:20.737081+00:00,31.9596012464026
2025-08-15 14:04:22.376596+00:00,31.954450552730123
2025-08-15 14:04:24.834199+00:00,31.9596012464026
2025-08-15 14:04:25.906829+00:00,31.964751940366114
2025-08-15 14:04:26.362996+00:00,31.969902634620667
2025-08-15 14:04:27.733316+00:00,31.980204024002887
2025-08-15 14:04:28.853929+00:00,31.980204024002887
2025-08-15 14:04:29.874481+00:00,31.99050541454926
2025-08-15 14:04:31.948846+00:00,31.99050541454926
2025-08-15 14:04:34.282069+00:00,32.00595750255161
2025-08-15 14:04:35.663635+00:00,32.00080680625979
2025-08-15 14:04:36.185084+00:00,32.01110819913447
2025-08-15 14:04:36.650689+00:00,32.00080680625979
2025-08-15 14:04:37.199706+00:00,32.01110819913447
2025-08-15 14:04:37.468505+00:00,32.00595750255161
2025-08-15 14:04:39.956574+00:00,32.03171098837629
2025-08-15 14:04:40.686881+00:00,32.0214095931733
2025-08-15 14:04:43.071781+00:00,32.01625889600837
2025-08-15 14:04:43.431024+00:00,32.02656029062928
2025-08-15 14:04:43.937069+00:00,32.02656029062928
2025-08-15 14:04:46.247773+00:00,32.01110819913447
2025-08-15 14:04:47.391753+00:00,32.0214095931733
2025-08-15 14:04:47.837447+00:00,32.02656029062928
2025-08-15 14:04:48.926283+00:00,32.0214095931733
2025-08-15 14:04:50.412374+00:00,32.02656029062928
2025-08-15 14:04:54.813434+00:00,32.05231378227472
2025-08-15 14:04:55.472684+00:00,32.06261518097017
2025-08-15 14:04:56.413650+00:00,32.05746448147693
2025-08-15 14:04:57.145778+00:00,32.06261518097017
2025-08-15 14:04:59.041860+00:00,32.06261518097017
2025-08-15 14:05:03.463679+00:00,32.05231378227472
2025-08-15 14:05:08.107278+00:00,32.05231378227472
2025-08-15 14:05:10.080525+00:00,32.04201238474343
2025-08-15 14:05:10.552247+00:00,32.04716308336356
2025-08-15 14:05:10.989108+00:00,32.04716308336356
2025-08-15 14:05:11.473117+00:00,32.05231378227472
2025-08-15 14:05:14.521281+00:00,32.04201238474343
2025-08-15 14:05:20.382104+00:00,32.03171098837629
2025-08-15 14:05:20.812445+00:00,32.0214095931733
2025-08-15 14:05:23.200417+00:00,32.01110819913447
2025-08-15 14:05:23.686133+00:00,32.03171098837629
2025-08-15 14:05:24.182303+00:00,32.03171098837629
2025-08-15 14:05:24.972584+00:00,32.01110819913447
2025-08-15 14:05:29.050070+00:00,32.04201238474343
2025-08-15 14:05:29.518122+00:00,32.02656029062928
2025-08-15 14:05:30.009747+00:00,32.01625889600837
2025-08-15 14:05:30.724513+00:00,32.0214095931733
2025-08-15 14:05:34.938342+00:00,32.02656029062928
2025-08-15 14:05:42.435655+00:00,32.01625889600837
2025-08-15 14:05:42.943537+00:00,32.0214095931733
2025-08-15 14:05:43.269211+00:00,32.01625889600837
2025-08-15 14:05:43.654318+00:00,32.02656029062928
2025-08-15 14:05:44.548043+00:00,32.0214095931733
2025-08-15 14:05:48.909774+00:00,32.00595750255161
2025-08-15 14:05:49.220824+00:00,31.995656110259006
2025-08-15 14:05:50.754912+00:00,31.995656110259006
2025-08-15 14:05:51.028875+00:00,31.99050541454926
2025-08-15 14:05:51.247733+00:00,31.99050541454926
2025-08-15 14:05:51.464659+00:00,31.995656110259006
2025-08-15 14:05:52.594192+00:00,31.99050541454926
2025-08-15 14:05:53.011749+00:00,31.99050541454926
2025-08-15 14:05:53.189295+00:00,31.99050541454926
2025-08-15 14:05:54.080965+00:00,31.99050541454926
2025-08-15 14:05:54.632576+00:00,31.99050541454926
2025-08-15 14:05:55.441875+00:00,31.975053329166258
2025-08-15 14:05:57.467791+00:00,31.985354719130555
2025-08-15 14:06:00.107066+00:00,32.00595750255161
2025-08-15 14:06:05.147166+00:00,31.99050541454926
2025-08-15 14:06:06.962077+00:00,31.99050541454926
2025-08-15 14:06:07.414459+00:00,31.980204024002887
2025-08-15 14:06:07.831405+00:00,31.985354719130555
2025-08-15 14:06:08.180789+00:00,31.99050541454926
2025-08-15 14:06:09.575767+00:00,31.980204024002887
2025-08-15 14:06:12.767949+00:00,32.00080680625979
2025-08-15 14:06:15.739324+00:00,32.00080680625979
2025-08-15 14:06:16.713817+00:00,31.99050541454926
2025-08-15 14:06:19.761722+00:00,31.995656110259006
2025-08-15 14:06:20.045807+00:00,31.995656110259006
2025-08-15 14:06:20.356034+00:00,31.985354719130555
2025-08-15 14:06:20.831710+00:00,31.99050541454926
2025-08-15 14:06:21.049200+00:00,31.995656110259006
2025-08-15 14:06:21.433385+00:00,31.99050541454926
2025-08-15 14:06:21.805986+00:00,31.99050541454926
2025-08-15 14:06:22.117784+00:00,32.00080680625979
2025-08-15 14:06:24.398939+00:00,31.985354719130555
2025-08-15 14:06:27.967296+00:00,32.00080680625979
2025-08-15 14:06:28.534529+00:00,31.985354719130555
2025-08-15 14:06:29.764163+00:00,31.985354719130555
2025-08-15 14:06:30.456086+00:00,32.00080680625979
2025-08-15 14:06:31.295793+00:00,31.99050541454926
2025-08-15 14:06:31.870183+00:00,31.995656110259006
2025-08-15 14:06:34.527899+00:00,31.99050541454926
2025-08-15 14:06:35.453496+00:00,31.995656110259006
2025-08-15 14:06:35.713353+00:00,32.00080680625979
2025-08-15 14:06:35.929339+00:00,32.01110819913447
2025-08-15 14:06:36.114446+00:00,32.01110819913447
2025-08-15 14:06:36.329308+00:00,32.01110819913447
2025-08-15 14:06:36.564560+00:00,32.01110819913447
2025-08-15 14:06:40.173624+00:00,32.00080680625979
2025-08-15 14:06:42.872948+00:00,31.995656110259006
2025-08-15 14:06:43.361242+00:00,32.00080680625979
2025-08-15 14:06:43.944590+00:00,32.00595750255161
2025-08-15 14:06:44.538120+00:00,32.00080680625979
2025-08-15 14:06:44.790516+00:00,31.995656110259006
2025-08-15 14:06:47.778833+00:00,31.995656110259006
2025-08-15 14:06:48.364009+00:00,32.00595750255161
2025-08-15 14:06:51.402440+00:00,32.04201238474343
2025-08-15 14:06:51.805820+00:00,32.03171098837629
2025-08-15 14:06:53.795312+00:00,32.04201238474343
2025-08-15 14:06:54.563320+00:00,32.04201238474343
2025-08-15 14:06:54.773481+00:00,32.05231378227472
2025-08-15 14:06:55.061509+00:00,32.04201238474343
2025-08-15 14:06:55.401024+00:00,32.05231378227472
2025-08-15 14:06:56.169863+00:00,32.05231378227472
2025-08-15 14:06:57.162188+00:00,32.05231378227472
2025-08-15 14:06:57.736746+00:00,32.05231378227472
2025-08-15 14:06:58.027392+00:00,32.04716308336356
2025-08-15 14:06:58.275801+00:00,32.06261518097017
2025-08-15 14:06:58.584967+00:00,32.06261518097017
2025-08-15 14:06:58.938180+00:00,32.06261518097017
2025-08-15 14:06:59.201967+00:00,32.06776588075445
2025-08-15 14:06:59.479288+00:00,32.04716308336356
2025-08-15 14:07:03.455471+00:00,32.05746448147693
2025-08-15 14:07:05.465263+00:00,32.05231378227472
2025-08-15 14:07:07.211008+00:00,32.06261518097017
2025-08-15 14:07:08.237846+00:00,32.04716308336356
2025-08-15 14:07:13.176487+00:00,32.05231378227472
2025-08-15 14:07:13.566795+00:00,32.03171098837629
2025-08-15 14:07:14.101405+00:00,32.02656029062928
2025-08-15 14:07:14.371206+00:00,32.02656029062928
2025-08-15 14:07:18.882010+00:00,32.02656029062928
2025-08-15 14:07:19.517791+00:00,32.0214095931733
2025-08-15 14:07:21.471627+00:00,32.00595750255161
2025-08-15 14:07:22.919975+00:00,32.00080680625979
2025-08-15 14:07:23.042181+00:00,32.00595750255161
2025-08-15 14:07:24.229164+00:00,32.00595750255161
2025-08-15 14:07:24.990338+00:00,31.99050541454926
2025-08-15 14:07:25.875912+00:00,31.99050541454926
2025-08-15 14:07:26.861583+00:00,31.980204024002887
2025-08-15 14:07:27.070661+00:00,31.980204024002887
2025-08-15 14:07:28.239967+00:00,31.969902634620667
2025-08-15 14:07:30.529483+00:00,31.980204024002887
2025-08-15 14:07:33.644255+00:00,31.964751940366114
2025-08-15 14:07:34.214530+00:00,31.9596012464026
2025-08-15 14:07:34.606532+00:00,31.975053329166258
2025-08-15 14:07:37.161629+00:00,31.949299859348685
2025-08-15 14:07:37.728081+00:00,31.9596012464026
2025-08-15 14:07:40.302279+00:00,31.949299859348685
2025-08-15 14:07:42.426355+00:00,31.938998473458923
2025-08-15 14:07:42.715028+00:00,31.938998473458923
2025-08-15 14:07:42.932265+00:00,31.954450552730123
2025-08-15 14:07:43.708419+00:00,31.9596012464026
2025-08-15 14:07:44.668510+00:00,31.949299859348685
2025-08-15 14:07:45.079739+00:00,31.9596012464026
2025-08-15 14:07:46.612130+00:00,31.9596012464026
2025-08-15 14:07:48.045174+00:00,31.949299859348685
2025-08-15 14:07:53.227141+00:00,31.944149166258285
2025-08-15 14:07:53.552805+00:00,31.949299859348685
2025-08-15 14:07:53.844636+00:00,31.938998473458923
2025-08-15 14:07:55.139394+00:00,31.9338477809506
2025-08-15 14:07:55.490043+00:00,31.9338477809506
2025-08-15 14:07:56.259779+00:00,31.928697088733315
2025-08-15 14:07:57.293949+00:00,31.9338477809506
2025-08-15 14:07:57.570197+00:00,31.944149166258285
2025-08-15 14:07:59.248763+00:00,31.938998473458923
2025-08-15 14:07:59.693130+00:00,31.928697088733315
2025-08-15 14:08:00.001416+00:00,31.9338477809506
2025-08-15 14:08:00.356658+00:00,31.938998473458923
2025-08-15 14:08:01.003987+00:00,31.944149166258285
2025-08-15 14:08:01.966022+00:00,31.9596012464026
2025-08-15 14:08:03.303821+00:00,31.954450552730123
2025-08-15 14:08:05.135738+00:00,31.949299859348685
2025-08-15 14:08:08.443237+00:00,31.949299859348685
2025-08-15 14:08:09.288320+00:00,31.949299859348685
2025-08-15 14:08:11.569711+00:00,31.949299859348685
2025-08-15 14:08:12.700239+00:00,31.949299859348685
2025-08-15 14:08:13.242131+00:00,31.954450552730123
2025-08-15 14:08:13.743438+00:00,31.9596012464026
2025-08-15 14:08:17.068101+00:00,31.969902634620667
2025-08-15 14:08:19.314232+00:00,31.944149166258285
2025-08-15 14:08:20.159067+00:00,31.9338477809506
2025-08-15 14:08:21.211165+00:00,31.938998473458923
2025-08-15 14:08:21.519320+00:00,31.938998473458923
2025-08-15 14:08:22.623397+00:00,31.949299859348685
2025-08-15 14:08:24.437985+00:00,31.944149166258285
2025-08-15 14:08:25.089418+00:00,31.954450552730123
2025-08-15 14:08:28.352563+00:00,31.964751940366114
2025-08-15 14:08:33.914951+00:00,31.949299859348685
2025-08-15 14:08:35.552037+00:00,31.949299859348685
2025-08-15 14:08:41.282671+00:00,31.964751940366114
2025-08-15 14:08:42.210143+00:00,31.9596012464026
2025-08-15 14:08:42.620276+00:00,31.969902634620667
2025-08-15 14:08:43.830199+00:00,31.9596012464026
2025-08-15 14:08:45.167853+00:00,31.964751940366114
2025-08-15 14:08:45.994577+00:00,31.9596012464026
2025-08-15 14:08:47.169706+00:00,31.9596012464026
2025-08-15 14:08:50.868448+00:00,31.975053329166258
2025-08-15 14:08:51.909050+00:00,31.964751940366114
2025-08-15 14:08:52.873805+00:00,31.969902634620667
2025-08-15 14:08:53.223298+00:00,31.969902634620667
2025-08-15 14:08:54.084778+00:00,31.9596012464026
2025-08-15 14:08:54.301291+00:00,31.975053329166258
2025-08-15 14:08:56.000691+00:00,31.969902634620667
2025-08-15 14:08:56.233516+00:00,31.975053329166258
2025-08-15 14:08:56.451985+00:00,31.969902634620667
2025-08-15 14:08:57.042481+00:00,31.975053329166258
2025-08-15 14:08:59.273936+00:00,31.980204024002887
2025-08-15 14:09:00.646672+00:00,31.975053329166258
2025-08-15 14:09:03.661506+00:00,31.980204024002887
2025-08-15 14:09:04.884574+00:00,31.985354719130555
2025-08-15 14:09:06.808840+00:00,31.980204024002887
2025-08-15 14:09:08.733133+00:00,31.980204024002887
2025-08-15 14:09:14.267416+00:00,31.9596012464026
2025-08-15 14:09:14.894443+00:00,31.975053329166258
2025-08-15 14:09:16.263245+00:00,31.975053329166258
2025-08-15 14:09:16.759675+00:00,31.969902634620667
2025-08-15 14:09:17.583666+00:00,31.969902634620667
2025-08-15 14:09:19.833757+00:00,31.949299859348685
2025-08-15 14:09:20.935199+00:00,31.9596012464026
2025-08-15 14:09:22.492382+00:00,31.969902634620667
2025-08-15 14:09:22.747998+00:00,31.980204024002887
2025-08-15 14:09:23.031339+00:00,31.995656110259006
2025-08-15 14:09:24.301734+00:00,31.995656110259006
2025-08-15 14:09:25.467896+00:00,31.99050541454926
2025-08-15 14:09:25.666592+00:00,31.99050541454926
2025-08-15 14:09:28.772449+00:00,32.01110819913447
2025-08-15 14:09:29.732950+00:00,32.00595750255161
2025-08-15 14:09:34.503598+00:00,32.01625889600837
2025-08-15 14:09:36.273560+00:00,32.0214095931733
2025-08-15 14:09:38.171554+00:00,32.01110819913447
2025-08-15 14:09:39.424668+00:00,32.00080680625979
2025-08-15 14:09:40.152396+00:00,31.995656110259006
2025-08-15 14:09:40.483864+00:00,32.00595750255161
2025-08-15 14:09:40.888723+00:00,32.00080680625979
2025-08-15 14:09:41.256131+00:00,32.01110819913447
2025-08-15 14:09:44.257325+00:00,32.0214095931733
2025-08-15 14:09:44.968469+00:00,32.0214095931733
2025-08-15 14:09:46.959569+00:00,32.0214095931733
2025-08-15 14:09:49.621799+00:00,32.03686168641434
2025-08-15 14:09:51.990838+00:00,32.03171098837629
2025-08-15 14:09:53.684668+00:00,32.0214095931733
2025-08-15 14:09:56.046897+00:00,32.05231378227472
2025-08-15 14:09:57.734580+00:00,32.03171098837629
2025-08-15 14:09:57.899932+00:00,32.04201238474343
2025-08-15 14:09:58.136725+00:00,32.04201238474343
2025-08-15 14:09:58.293154+00:00,32.04716308336356
2025-08-15 14:10:00.371441+00:00,32.04201238474343
2025-08-15 14:10:00.840091+00:00,32.04716308336356
2025-08-15 14:10:02.024041+00:00,32.05231378227472
2025-08-15 14:10:05.956757+00:00,32.05746448147693
2025-08-15 14:10:09.999665+00:00,32.05231378227472
2025-08-15 14:10:13.087194+00:00,32.06261518097017
2025-08-15 14:10:13.920242+00:00,32.05231378227472
2025-08-15 14:10:17.199263+00:00,32.05231378227472
2025-08-15 14:10:20.379565+00:00,32.05231378227472
2025-08-15 14:10:25.294928+00:00,32.04201238474343
2025-08-15 14:10:25.875269+00:00,32.05231378227472
2025-08-15 14:10:26.856962+00:00,32.05231378227472
2025-08-15 14:10:27.158190+00:00,32.04716308336356
2025-08-15 14:10:28.741977+00:00,32.05231378227472
2025-08-15 14:10:29.683102+00:00,32.04201238474343
2025-08-15 14:10:31.698277+00:00,32.04201238474343
2025-08-15 14:10:37.223018+00:00,32.01625889600837
2025-08-15 14:10:39.618476+00:00,32.01110819913447
2025-08-15 14:10:40.091489+00:00,32.01625889600837
2025-08-15 14:10:42.299799+00:00,32.01625889600837
2025-08-15 14:10:42.672721+00:00,32.01110819913447
2025-08-15 14:10:45.638165+00:00,32.00080680625979
2025-08-15 14:10:47.857554+00:00,32.01110819913447
2025-08-15 14:10:49.034066+00:00,32.01625889600837
2025-08-15 14:10:49.515820+00:00,32.0214095931733
2025-08-15 14:10:49.853363+00:00,32.02656029062928
2025-08-15 14:10:50.438021+00:00,32.0214095931733
2025-08-15 14:10:52.133881+00:00,32.01625889600837
2025-08-15 14:10:54.114992+00:00,32.02656029062928
2025-08-15 14:10:56.138935+00:00,32.02656029062928
2025-08-15 14:10:56.997167+00:00,32.01625889600837
2025-08-15 14:10:59.695997+00:00,32.00595750255161
2025-08-15 14:11:00.974876+00:00,32.00080680625979
2025-08-15 14:11:03.130999+00:00,31.99050541454926
2025-08-15 14:11:03.691101+00:00,31.99050541454926
2025-08-15 14:11:06.423490+00:00,31.985354719130555
2025-08-15 14:11:10.114515+00:00,32.00595750255161
2025-08-15 14:11:13.987080+00:00,31.985354719130555
2025-08-15 14:11:18.209080+00:00,32.00080680625979
2025-08-15 14:11:18.675370+00:00,31.995656110259006
2025-08-15 14:11:18.968504+00:00,31.995656110259006
2025-08-15 14:11:19.995763+00:00,31.995656110259006
2025-08-15 14:11:22.528591+00:00,31.995656110259006
2025-08-15 14:11:23.330636+00:00,31.985354719130555
2025-08-15 14:11:26.531293+00:00,31.99050541454926
2025-08-15 14:11:27.056056+00:00,31.980204024002887
2025-08-15 14:11:27.684034+00:00,31.985354719130555
2025-08-15 14:11:29.739141+00:00,31.995656110259006
2025-08-15 14:11:34.392423+00:00,31.985354719130555
2025-08-15 14:11:35.137098+00:00,31.964751940366114
2025-08-15 14:11:35.505534+00:00,31.9596012464026
2025-08-15 14:11:35.822696+00:00,31.969902634620667
2025-08-15 14:11:36.447481+00:00,31.964751940366114
2025-08-15 14:11:37.630853+00:00,31.969902634620667
2025-08-15 14:11:37.835911+00:00,31.9596012464026
2025-08-15 14:11:38.056124+00:00,31.964751940366114
2025-08-15 14:11:38.340521+00:00,31.969902634620667
2025-08-15 14:11:38.578651+00:00,31.969902634620667
2025-08-15 14:11:39.172225+00:00,31.9596012464026
2025-08-15 14:11:39.843254+00:00,31.954450552730123
2025-08-15 14:11:44.041562+00:00,31.949299859348685
2025-08-15 14:11:45.224043+00:00,31.969902634620667
2025-08-15 14:11:46.855668+00:00,31.969902634620667
2025-08-15 14:11:47.644840+00:00,31.964751940366114
2025-08-15 14:11:49.140305+00:00,31.964751940366114
2025-08-15 14:11:49.915166+00:00,31.9596012464026
2025-08-15 14:11:52.108089+00:00,31.969902634620667
2025-08-15 14:11:52.458510+00:00,31.969902634620667
2025-08-15 14:11:52.819470+00:00,31.9596012464026
2025-08-15 14:11:53.121044+00:00,31.964751940366114
2025-08-15 14:11:53.900125+00:00,31.964751940366114
2025-08-15 14:11:54.690658+00:00,31.964751940366114
2025-08-15 14:11:56.479660+00:00,31.949299859348685
2025-08-15 14:12:00.206501+00:00,31.9596012464026
2025-08-15 14:12:04.355174+00:00,31.938998473458923
2025-08-15 14:12:04.830484+00:00,31.938998473458923
2025-08-15 14:12:05.361259+00:00,31.938998473458923
2025-08-15 14:12:09.139424+00:00,31.938998473458923
2025-08-15 14:12:09.571947+00:00,31.949299859348685
2025-08-15 14:12:09.921040+00:00,31.949299859348685
2025-08-15 14:12:10.239195+00:00,31.949299859348685
2025-08-15 14:12:10.574960+00:00,31.944149166258285
2025-08-15 14:12:11.077012+00:00,31.949299859348685
2025-08-15 14:12:11.438315+00:00,31.944149166258285
2025-08-15 14:12:13.339741+00:00,31.938998473458923
2025-08-15 14:12:18.504039+00:00,31.938998473458923
2025-08-15 14:12:19.704643+00:00,31.928697088733315
2025-08-15 14:12:20.230128+00:00,31.928697088733315
2025-08-15 14:12:21.124719+00:00,31.928697088733315
2025-08-15 14:12:22.542441+00:00,31.92354639680707
2025-08-15 14:12:23.263643+00:00,31.91839570517186
2025-08-15 14:12:25.384867+00:00,31.928697088733315
2025-08-15 14:12:26.155804+00:00,31.91839570517186
2025-08-15 14:12:26.696485+00:00,31.91324501382769
2025-08-15 14:12:30.273802+00:00,31.92354639680707
2025-08-15 14:12:31.619389+00:00,31.91839570517186
2025-08-15 14:12:34.025793+00:00,31.91839570517186
2025-08-15 14:12:35.318898+00:00,31.91839570517186
2025-08-15 14:12:35.528691+00:00,31.92354639680707
2025-08-15 14:12:35.778690+00:00,31.92354639680707
2025-08-15 14:12:36.097513+00:00,31.9338477809506
2025-08-15 14:12:36.897463+00:00,31.928697088733315
2025-08-15 14:12:38.139372+00:00,31.92354639680707
2025-08-15 14:12:39.956164+00:00,31.938998473458923
2025-08-15 14:12:41.888227+00:00,31.91839570517186
2025-08-15 14:12:43.659359+00:00,31.92354639680707
2025-08-15 14:12:44.846845+00:00,31.91839570517186
2025-08-15 14:12:47.512398+00:00,31.91839570517186
2025-08-15 14:12:51.200458+00:00,31.92354639680707
2025-08-15 14:12:51.797527+00:00,31.9338477809506
2025-08-15 14:12:53.385114+00:00,31.944149166258285
2025-08-15 14:12:53.769979+00:00,31.928697088733315
2025-08-15 14:12:54.432887+00:00,31.949299859348685
2025-08-15 14:12:55.057753+00:00,31.949299859348685
2025-08-15 14:12:55.312551+00:00,31.944149166258285
2025-08-15 14:12:55.817159+00:00,31.9596012464026
2025-08-15 14:12:57.687771+00:00,31.975053329166258
2025-08-15 14:12:58.598437+00:00,31.975053329166258
2025-08-15 14:13:01.721505+00:00,31.980204024002887
2025-08-15 14:13:02.962838+00:00,31.980204024002887
2025-08-15 14:13:03.438646+00:00,31.980204024002887
2025-08-15 14:13:05.854673+00:00,31.980204024002887
2025-08-15 14:13:08.242171+00:00,31.975053329166258
2025-08-15 14:13:10.772323+00:00,31.980204024002887
2025-08-15 14:13:12.472135+00:00,31.985354719130555
2025-08-15 14:13:13.312072+00:00,31.985354719130555
2025-08-15 14:13:13.581007+00:00,31.980204024002887
2025-08-15 14:13:14.466531+00:00,31.980204024002887
2025-08-15 14:13:20.218890+00:00,31.975053329166258
2025-08-15 14:13:22.122948+00:00,31.969902634620667
2025-08-15 14:13:22.588670+00:00,31.969902634620667
2025-08-15 14:13:24.603843+00:00,31.969902634620667
2025-08-15 14:13:24.998273+00:00,31.980204024002887
2025-08-15 14:13:25.697006+00:00,31.969902634620667
2025-08-15 14:13:25.895580+00:00,31.985354719130555
2025-08-15 14:13:26.203195+00:00,31.980204024002887
2025-08-15 14:13:26.432966+00:00,31.969902634620667
2025-08-15 14:13:27.544224+00:00,31.9596012464026
2025-08-15 14:13:28.332375+00:00,31.9596012464026
2025-08-15 14:13:31.867740+00:00,31.954450552730123
2025-08-15 14:13:32.461947+00:00,31.954450552730123
2025-08-15 14:13:35.636775+00:00,31.944149166258285
2025-08-15 14:13:36.040162+00:00,31.938998473458923
2025-08-15 14:13:36.288013+00:00,31.944149166258285
2025-08-15 14:13:36.521092+00:00,31.949299859348685
2025-08-15 14:13:37.729922+00:00,31.954450552730123
2025-08-15 14:13:38.692392+00:00,31.938998473458923
2025-08-15 14:13:39.480790+00:00,31.944149166258285
2025-08-15 14:13:39.830250+00:00,31.944149166258285
2025-08-15 14:13:40.812544+00:00,31.949299859348685
2025-08-15 14:13:41.834368+00:00,31.9596012464026
2025-08-15 14:13:42.111785+00:00,31.954450552730123
2025-08-15 14:13:42.395438+00:00,31.9596012464026
2025-08-15 14:13:42.622183+00:00,31.949299859348685
2025-08-15 14:13:43.754661+00:00,31.949299859348685
2025-08-15 14:13:45.847654+00:00,31.954450552730123
2025-08-15 14:13:46.616447+00:00,31.9596012464026
2025-08-15 14:13:48.702871+00:00,31.949299859348685
2025-08-15 14:13:48.963023+00:00,31.949299859348685
2025-08-15 14:13:49.271761+00:00,31.954450552730123
2025-08-15 14:13:49.540443+00:00,31.949299859348685
2025-08-15 14:13:51.351837+00:00,31.954450552730123
2025-08-15 14:13:52.194145+00:00,31.954450552730123
2025-08-15 14:13:53.033927+00:00,31.954450552730123
2025-08-15 14:13:53.367223+00:00,31.954450552730123
2025-08-15 14:13:55.239654+00:00,31.954450552730123
2025-08-15 14:13:57.386214+00:00,31.954450552730123
2025-08-15 14:13:57.753107+00:00,31.9596012464026
2025-08-15 14:13:58.547808+00:00,31.944149166258285
2025-08-15 14:13:59.387762+00:00,31.949299859348685
2025-08-15 14:13:59.777394+00:00,31.949299859348685
2025-08-15 14:14:01.743617+00:00,31.928697088733315
2025-08-15 14:14:06.445373+00:00,31.9338477809506
2025-08-15 14:14:07.604362+00:00,31.938998473458923
2025-08-15 14:14:08.247164+00:00,31.928697088733315
2025-08-15 14:14:08.697187+00:00,31.938998473458923
2025-08-15 14:14:09.078069+00:00,31.944149166258285
2025-08-15 14:14:09.461646+00:00,31.944149166258285
2025-08-15 14:14:09.929083+00:00,31.954450552730123
2025-08-15 14:14:15.208651+00:00,31.949299859348685
2025-08-15 14:14:16.800940+00:00,31.938998473458923
2025-08-15 14:14:17.167365+00:00,31.928697088733315
2025-08-15 14:14:17.966456+00:00,31.928697088733315
2025-08-15 14:14:18.508537+00:00,31.928697088733315
2025-08-15 14:14:18.897832+00:00,31.938998473458923
2025-08-15 14:14:19.226461+00:00,31.938998473458923
2025-08-15 14:14:19.713367+00:00,31.938998473458923
2025-08-15 14:14:20.148555+00:00,31.938998473458923
2025-08-15 14:14:21.629291+00:00,31.9338477809506
2025-08-15 14:14:23.339762+00:00,31.938998473458923
2025-08-15 14:14:24.937515+00:00,31.944149166258285
2025-08-15 14:14:26.756338+00:00,31.944149166258285
2025-08-15 14:14:27.993064+00:00,31.949299859348685
2025-08-15 14:14:28.786273+00:00,31.949299859348685
2025-08-15 14:14:30.575163+00:00,31.949299859348685
2025-08-15 14:14:31.219244+00:00,31.9596012464026
2025-08-15 14:14:32.272874+00:00,31.954450552730123
2025-08-15 14:14:34.020442+00:00,31.954450552730123
2025-08-15 14:14:37.211425+00:00,31.938998473458923
2025-08-15 14:14:37.580049+00:00,31.954450552730123
2025-08-15 14:14:37.812788+00:00,31.949299859348685
2025-08-15 14:14:38.605743+00:00,31.944149166258285
2025-08-15 14:14:39.443864+00:00,31.938998473458923
2025-08-15 14:14:40.163935+00:00,31.9338477809506
2025-08-15 14:14:40.955515+00:00,31.9338477809506
2025-08-15 14:14:42.951991+00:00,31.928697088733315
2025-08-15 14:14:43.372573+00:00,31.938998473458923
2025-08-15 14:14:43.955095+00:00,31.944149166258285
2025-08-15 14:14:44.673908+00:00,31.938998473458923
2025-08-15 14:14:45.546459+00:00,31.928697088733315
2025-08-15 14:14:49.954197+00:00,31.938998473458923
2025-08-15 14:14:50.362054+00:00,31.949299859348685
2025-08-15 14:14:51.003685+00:00,31.954450552730123
2025-08-15 14:14:53.546665+00:00,31.949299859348685
2025-08-15 14:14:55.234903+00:00,31.969902634620667
2025-08-15 14:14:57.711745+00:00,32.00080680625979
2025-08-15 14:14:58.010586+00:00,31.995656110259006
2025-08-15 14:15:04.559928+00:00,31.99050541454926
2025-08-15 14:15:06.458210+00:00,31.985354719130555
2025-08-15 14:15:06.895036+00:00,31.985354719130555
2025-08-15 14:15:07.609426+00:00,31.985354719130555
2025-08-15 14:15:09.023067+00:00,31.99050541454926
2025-08-15 14:15:10.785464+00:00,31.995656110259006
2025-08-15 14:15:15.851645+00:00,31.995656110259006
2025-08-15 14:15:16.489589+00:00,31.995656110259006
2025-08-15 14:15:17.208598+00:00,32.00080680625979
2025-08-15 14:15:17.800161+00:00,31.99050541454926
2025-08-15 14:15:18.883533+00:00,31.99050541454926
2025-08-15 14:15:19.378592+00:00,31.99050541454926
2025-08-15 14:15:20.108385+00:00,31.99050541454926
2025-08-15 14:15:20.356413+00:00,31.99050541454926
2025-08-15 14:15:20.990261+00:00,31.995656110259006
2025-08-15 14:15:21.826732+00:00,32.00080680625979
2025-08-15 14:15:22.877061+00:00,31.995656110259006
2025-08-15 14:15:26.487207+00:00,31.975053329166258
2025-08-15 14:15:30.692468+00:00,31.985354719130555
2025-08-15 14:15:32.004527+00:00,31.969902634620667
2025-08-15 14:15:36.018033+00:00,31.975053329166258
2025-08-15 14:15:37.102729+00:00,31.964751940366114
2025-08-15 14:15:37.594501+00:00,31.9596012464026
2025-08-15 14:15:39.339291+00:00,31.9596012464026
2025-08-15 14:15:39.683585+00:00,31.964751940366114
2025-08-15 14:15:40.677839+00:00,31.9596012464026
2025-08-15 14:15:42.337037+00:00,31.964751940366114
2025-08-15 14:15:44.379777+00:00,31.9596012464026
2025-08-15 14:15:45.750116+00:00,31.964751940366114
2025-08-15 14:15:47.457157+00:00,31.9596012464026
2025-08-15 14:15:52.284421+00:00,31.9596012464026
2025-08-15 14:15:54.917388+00:00,31.99050541454926
2025-08-15 14:15:55.553008+00:00,31.980204024002887
2025-08-15 14:15:57.199584+00:00,31.985354719130555
2025-08-15 14:15:58.813650+00:00,31.975053329166258
2025-08-15 14:15:59.053769+00:00,31.980204024002887
2025-08-15 14:15:59.388483+00:00,31.995656110259006
2025-08-15 14:15:59.611206+00:00,31.995656110259006
2025-08-15 14:16:02.306622+00:00,31.995656110259006
2025-08-15 14:16:07.025353+00:00,32.01110819913447
2025-08-15 14:16:07.930631+00:00,32.02656029062928
2025-08-15 14:16:08.806077+00:00,32.02656029062928
2025-08-15 14:16:13.289975+00:00,32.03171098837629
2025-08-15 14:16:18.620868+00:00,32.03171098837629
2025-08-15 14:16:19.533053+00:00,32.05746448147693
2025-08-15 14:16:19.883893+00:00,32.05231378227472
2025-08-15 14:16:20.176328+00:00,32.06261518097017
2025-08-15 14:16:20.777568+00:00,32.06261518097017
2025-08-15 14:16:21.907242+00:00,32.06261518097017
2025-08-15 14:16:22.227006+00:00,32.05746448147693
2025-08-15 14:16:23.544728+00:00,32.04716308336356
2025-08-15 14:16:24.749131+00:00,32.05231378227472
2025-08-15 14:16:25.802570+00:00,32.05231378227472
2025-08-15 14:16:28.919700+00:00,32.05746448147693
2025-08-15 14:16:29.159976+00:00,32.06261518097017
2025-08-15 14:16:29.310567+00:00,32.05746448147693
2025-08-15 14:16:30.500244+00:00,32.05746448147693
2025-08-15 14:16:32.337859+00:00,32.05746448147693
2025-08-15 14:16:34.225760+00:00,32.04201238474343
2025-08-15 14:16:34.645169+00:00,32.04201238474343
2025-08-15 14:16:35.840113+00:00,32.03171098837629
2025-08-15 14:16:36.436927+00:00,32.02656029062928
2025-08-15 14:16:37.737716+00:00,32.03171098837629
2025-08-15 14:16:39.945273+00:00,32.03171098837629
2025-08-15 14:16:40.325058+00:00,32.03686168641434
2025-08-15 14:16:42.824724+00:00,32.03171098837629
2025-08-15 14:16:44.286356+00:00,32.02656029062928
2025-08-15 14:16:46.386272+00:00,32.02656029062928
2025-08-15 14:16:50.552714+00:00,32.01625889600837
2025-08-15 14:16:51.432393+00:00,31.995656110259006
2025-08-15 14:16:52.277249+00:00,32.00080680625979
2025-08-15 14:16:56.271080+00:00,32.00080680625979
2025-08-15 14:16:56.921974+00:00,32.01110819913447
2025-08-15 14:16:57.273892+00:00,32.00595750255161
2025-08-15 14:16:57.485404+00:00,32.01110819913447
2025-08-15 14:16:58.219305+00:00,32.01625889600837
2025-08-15 14:16:58.812265+00:00,32.00080680625979
2025-08-15 14:17:02.456630+00:00,32.00595750255161
2025-08-15 14:17:06.566968+00:00,31.99050541454926
2025-08-15 14:17:09.544642+00:00,31.975053329166258
2025-08-15 14:17:11.220944+00:00,31.985354719130555
2025-08-15 14:17:11.766261+00:00,31.980204024002887
2025-08-15 14:17:13.241407+00:00,31.985354719130555
2025-08-15 14:17:13.559284+00:00,32.00080680625979
2025-08-15 14:17:13.820012+00:00,32.00080680625979
2025-08-15 14:17:14.084024+00:00,31.99050541454926
2025-08-15 14:17:14.346402+00:00,32.00080680625979
2025-08-15 14:17:14.567477+00:00,31.995656110259006
2025-08-15 14:17:16.657068+00:00,31.980204024002887
2025-08-15 14:17:21.483451+00:00,32.00080680625979
2025-08-15 14:17:22.561318+00:00,31.99050541454926
2025-08-15 14:17:23.700821+00:00,32.00080680625979
2025-08-15 14:17:23.933890+00:00,32.00080680625979
2025-08-15 14:17:24.918312+00:00,32.00595750255161
2025-08-15 14:17:27.194070+00:00,32.01110819913447
2025-08-15 14:17:29.976993+00:00,32.01110819913447
2025-08-15 14:17:31.090262+00:00,32.0214095931733
2025-08-15 14:17:34.401475+00:00,32.03171098837629
2025-08-15 14:17:34.667618+00:00,32.0214095931733
2025-08-15 14:17:36.251707+00:00,32.0214095931733
2025-08-15 14:17:37.865739+00:00,32.01625889600837
2025-08-15 14:17:38.417175+00:00,32.0214095931733
2025-08-15 14:17:39.743190+00:00,32.01110819913447
2025-08-15 14:17:40.225072+00:00,32.01110819913447
2025-08-15 14:17:41.368054+00:00,32.01110819913447
2025-08-15 14:17:41.702982+00:00,32.00595750255161
2025-08-15 14:17:42.376273+00:00,32.01110819913447
2025-08-15 14:17:43.096368+00:00,31.995656110259006
2025-08-15 14:17:44.234398+00:00,31.995656110259006
2025-08-15 14:17:46.764814+00:00,32.00080680625979
2025-08-15 14:17:48.732480+00:00,32.01625889600837
2025-08-15 14:17:49.539521+00:00,32.01625889600837
2025-08-15 14:17:49.740967+00:00,32.03686168641434
2025-08-15 14:17:49.910013+00:00,32.03171098837629
2025-08-15 14:17:50.159353+00:00,32.02656029062928
2025-08-15 14:17:50.299746+00:00,32.03171098837629
2025-08-15 14:17:51.118191+00:00,32.03171098837629
2025-08-15 14:17:51.428131+00:00,32.0214095931733
2025-08-15 14:17:51.650544+00:00,32.0214095931733
2025-08-15 14:17:52.047344+00:00,32.02656029062928
2025-08-15 14:17:52.296708+00:00,32.02656029062928
2025-08-15 14:17:53.184787+00:00,32.0214095931733
2025-08-15 14:17:54.191356+00:00,32.03686168641434
2025-08-15 14:17:54.921951+00:00,32.03171098837629
2025-08-15 14:17:56.434508+00:00,32.0214095931733
2025-08-15 14:17:57.251772+00:00,32.0214095931733
2025-08-15 14:17:57.729183+00:00,32.02656029062928
2025-08-15 14:17:58.710257+00:00,32.01625889600837
2025-08-15 14:17:59.225238+00:00,32.01110819913447
2025-08-15 14:18:00.318475+00:00,32.03171098837629
2025-08-15 14:18:01.647117+00:00,32.02656029062928
2025-08-15 14:18:04.095791+00:00,32.01110819913447
2025-08-15 14:18:07.453941+00:00,32.03171098837629
2025-08-15 14:18:12.334559+00:00,32.0214095931733
2025-08-15 14:18:14.830694+00:00,32.05231378227472
2025-08-15 14:18:16.195307+00:00,32.05231378227472
2025-08-15 14:18:17.257104+00:00,32.05231378227472
2025-08-15 14:18:21.841487+00:00,32.05231378227472
2025-08-15 14:18:22.197059+00:00,32.03686168641434
2025-08-15 14:18:22.651119+00:00,32.04716308336356
2025-08-15 14:18:22.959326+00:00,32.04201238474343
2025-08-15 14:18:23.199160+00:00,32.05746448147693
2025-08-15 14:18:23.492430+00:00,32.05746448147693
2025-08-15 14:18:27.375559+00:00,32.07291658082977
2025-08-15 14:18:27.926832+00:00,32.07291658082977
2025-08-15 14:18:34.060281+00:00,32.06776588075445
2025-08-15 14:18:34.450280+00:00,32.08321798185352
2025-08-15 14:18:34.900010+00:00,32.08321798185352
2025-08-15 14:18:35.128653+00:00,32.07806728119613
2025-08-15 14:18:35.343859+00:00,32.07806728119613
2025-08-15 14:18:36.016405+00:00,32.08321798185352
2025-08-15 14:18:36.231808+00:00,32.08321798185352
2025-08-15 14:18:36.481888+00:00,32.08321798185352
2025-08-15 14:18:37.952424+00:00,32.09351938404143
2025-08-15 14:18:38.805121+00:00,32.09351938404143
2025-08-15 14:18:43.427393+00:00,32.09351938404143
2025-08-15 14:18:43.661089+00:00,32.09351938404143
2025-08-15 14:18:44.139948+00:00,32.088368682801956
2025-08-15 14:18:44.488653+00:00,32.09351938404143
2025-08-15 14:18:49.216118+00:00,32.08321798185352
2025-08-15 14:18:49.643159+00:00,32.08321798185352
2025-08-15 14:18:49.925361+00:00,32.07291658082977
2025-08-15 14:18:50.497208+00:00,32.07806728119613
2025-08-15 14:18:54.584740+00:00,32.09867008557194
2025-08-15 14:18:54.809993+00:00,32.10382078739349
2025-08-15 14:18:55.136729+00:00,32.10382078739349
2025-08-15 14:18:55.333249+00:00,32.09867008557194
2025-08-15 14:18:56.266973+00:00,32.10382078739349
2025-08-15 14:18:57.977194+00:00,32.09867008557194
2025-08-15 14:19:00.227063+00:00,32.09867008557194
2025-08-15 14:19:01.411574+00:00,32.09867008557194
2025-08-15 14:19:03.297499+00:00,32.09351938404143
2025-08-15 14:19:03.700081+00:00,32.10382078739349
2025-08-15 14:19:05.754700+00:00,32.1141221919097
2025-08-15 14:19:06.451199+00:00,32.09867008557194
2025-08-15 14:19:08.359373+00:00,32.10382078739349
2025-08-15 14:19:11.766320+00:00,32.12442359759007
2025-08-15 14:19:12.065644+00:00,32.119272894604364
2025-08-15 14:19:12.714859+00:00,32.1141221919097
2025-08-15 14:19:14.576583+00:00,32.12957430086681
2025-08-15 14:19:14.785891+00:00,32.108971489506075
2025-08-15 14:19:15.925814+00:00,32.119272894604364
2025-08-15 14:19:16.388457+00:00,32.1141221919097
2025-08-15 14:19:18.345417+00:00,32.14502641244326
2025-08-15 14:19:18.724699+00:00,32.15532782161608
2025-08-15 14:19:20.691924+00:00,32.15017711688415
2025-08-15 14:19:21.748493+00:00,32.160478526639054
2025-08-15 14:19:23.870250+00:00,32.15017711688415
2025-08-15 14:19:24.897818+00:00,32.160478526639054
2025-08-15 14:19:25.548805+00:00,32.17077993755811
2025-08-15 14:19:26.345102+00:00,32.175930643454194
2025-08-15 14:19:26.799110+00:00,32.175930643454194
2025-08-15 14:19:27.589746+00:00,32.175930643454194
2025-08-15 14:19:27.831249+00:00,32.19138276288868
2025-08-15 14:19:28.440690+00:00,32.19138276288868
2025-08-15 14:19:29.162073+00:00,32.21198559287586
2025-08-15 14:19:30.058521+00:00,32.20683488494251
2025-08-15 14:19:30.544783+00:00,32.20683488494251
2025-08-15 14:19:30.946348+00:00,32.21198559287586
2025-08-15 14:19:37.079097+00:00,32.222287009615684
2025-08-15 14:19:37.663364+00:00,32.217136301100254
2025-08-15 14:19:38.132440+00:00,32.222287009615684
2025-08-15 14:19:38.982397+00:00,32.222287009615684
2025-08-15 14:19:40.202968+00:00,32.2377391369082
2025-08-15 14:19:40.816269+00:00,32.24288984658779
2025-08-15 14:19:42.872265+00:00,32.2377391369082
2025-08-15 14:19:43.325009+00:00,32.24804055655841
2025-08-15 14:19:47.501849+00:00,32.25319126682007
2025-08-15 14:19:48.961819+00:00,32.258341977372766
2025-08-15 14:19:49.087600+00:00,32.27894482249394
2025-08-15 14:19:49.529353+00:00,32.2634926882165
2025-08-15 14:19:51.435500+00:00,32.26864339935128
2025-08-15 14:19:52.899001+00:00,32.26864339935128
2025-08-15 14:19:54.619667+00:00,32.27379411077709
2025-08-15 14:19:55.120839+00:00,32.2634926882165
2025-08-15 14:19:55.798980+00:00,32.258341977372766
2025-08-15 14:19:56.699513+00:00,32.2634926882165
2025-08-15 14:19:56.935082+00:00,32.2634926882165
2025-08-15 14:19:57.218679+00:00,32.26864339935128
2025-08-15 14:19:57.418995+00:00,32.27379411077709
2025-08-15 14:19:57.620126+00:00,32.26864339935128
2025-08-15 14:19:57.845804+00:00,32.26864339935128
2025-08-15 14:19:58.164685+00:00,32.27379411077709
2025-08-15 14:19:58.831656+00:00,32.27894482249394
2025-08-15 14:19:59.698192+00:00,32.26864339935128
2025-08-15 14:20:01.656224+00:00,32.27894482249394
2025-08-15 14:20:05.590774+00:00,32.28409553450183
2025-08-15 14:20:07.218543+00:00,32.28924624680076
2025-08-15 14:20:08.289810+00:00,32.29954767227173
2025-08-15 14:20:12.165098+00:00,32.30984909890685
2025-08-15 14:20:12.961274+00:00,32.30984909890685
2025-08-15 14:20:13.709807+00:00,32.32015052670613
2025-08-15 14:20:14.102493+00:00,32.32015052670613
2025-08-15 14:20:14.425040+00:00,32.32015052670613
2025-08-15 14:20:14.983181+00:00,32.31499981266097
2025-08-15 14:20:19.214215+00:00,32.34075338579714
2025-08-15 14:20:19.809590+00:00,32.34075338579714
2025-08-15 14:20:21.363662+00:00,32.356205533171305
2025-08-15 14:20:25.022668+00:00,32.36650696620927
2025-08-15 14:20:26.392365+00:00,32.37165768316481
2025-08-15 14:20:27.001448+00:00,32.356205533171305
2025-08-15 14:20:27.968919+00:00,32.34075338579714
2025-08-15 14:20:29.418905+00:00,32.36135624954477
2025-08-15 14:20:29.821080+00:00,32.36135624954477
2025-08-15 14:20:33.929334+00:00,32.35105481708888
2025-08-15 14:20:41.102210+00:00,32.33045195566956
2025-08-15 14:20:42.199185+00:00,32.30469838544377
2025-08-15 14:20:43.574033+00:00,32.28924624680076
2025-08-15 14:20:44.597307+00:00,32.26864339935128
2025-08-15 14:20:46.992553+00:00,32.27894482249394
2025-08-15 14:20:48.171249+00:00,32.27894482249394
2025-08-15 14:20:50.939205+00:00,32.258341977372766
2025-08-15 14:20:52.083860+00:00,32.258341977372766
2025-08-15 14:20:53.044074+00:00,32.2377391369082
2025-08-15 14:20:53.838111+00:00,32.23258842751966
2025-08-15 14:20:55.042665+00:00,32.22743771842215
2025-08-15 14:20:55.930690+00:00,32.21198559287586
2025-08-15 14:20:58.108960+00:00,32.22743771842215
2025-08-15 14:20:58.372494+00:00,32.19653346994892
2025-08-15 14:20:59.382683+00:00,32.19653346994892
2025-08-15 14:21:02.476590+00:00,32.19653346994892
2025-08-15 14:21:03.618174+00:00,32.16562923195306
2025-08-15 14:21:04.034546+00:00,32.175930643454194
2025-08-15 14:21:04.593054+00:00,32.17077993755811
2025-08-15 14:21:05.051163+00:00,32.16562923195306
2025-08-15 14:21:09.079047+00:00,32.14502641244326
2025-08-15 14:21:10.083103+00:00,32.134725004434586
2025-08-15 14:21:11.225170+00:00,32.12957430086681
2025-08-15 14:21:14.996876+00:00,32.1398757082934
2025-08-15 14:21:15.699234+00:00,32.12957430086681
2025-08-15 14:21:16.674036+00:00,32.12442359759007
2025-08-15 14:21:17.127077+00:00,32.12442359759007
2025-08-15 14:21:19.320275+00:00,32.134725004434586
2025-08-15 14:21:19.810577+00:00,32.134725004434586
2025-08-15 14:21:22.100920+00:00,32.1398757082934
2025-08-15 14:21:22.509326+00:00,32.15532782161608
2025-08-15 14:21:23.128416+00:00,32.14502641244326
2025-08-15 14:21:25.518850+00:00,32.15532782161608
2025-08-15 14:21:26.838747+00:00,32.16562923195306
2025-08-15 14:21:28.585134+00:00,32.16562923195306
2025-08-15 14:21:29.370159+00:00,32.175930643454194
2025-08-15 14:21:29.864900+00:00,32.17077993755811
2025-08-15 14:21:30.197972+00:00,32.18623205611948
2025-08-15 14:21:34.342265+00:00,32.18623205611948
2025-08-15 14:21:35.139195+00:00,32.19653346994892
2025-08-15 14:21:36.021693+00:00,32.217136301100254
2025-08-15 14:21:36.305352+00:00,32.22743771842215
2025-08-15 14:21:36.729315+00:00,32.22743771842215
2025-08-15 14:21:38.590618+00:00,32.2377391369082
2025-08-15 14:21:42.814789+00:00,32.2634926882165
2025-08-15 14:21:44.718801+00:00,32.2634926882165
2025-08-15 14:21:46.933355+00:00,32.27894482249394
2025-08-15 14:21:47.282861+00:00,32.27379411077709
2025-08-15 14:21:47.776892+00:00,32.27894482249394
2025-08-15 14:21:50.523689+00:00,32.27894482249394
2025-08-15 14:21:50.893798+00:00,32.27894482249394
2025-08-15 14:21:51.120451+00:00,32.294396959390724
2025-08-15 14:21:52.364009+00:00,32.27894482249394
2025-08-15 14:21:57.955251+00:00,32.28924624680076
2025-08-15 14:22:00.307422+00:00,32.294396959390724
2025-08-15 14:22:00.941508+00:00,32.294396959390724
2025-08-15 14:22:02.999420+00:00,32.29954767227173
2025-08-15 14:22:04.424325+00:00,32.31499981266097
2025-08-15 14:22:08.673009+00:00,32.29954767227173
2025-08-15 14:22:09.145799+00:00,32.30469838544377
2025-08-15 14:22:12.344493+00:00,32.28924624680076
2025-08-15 14:22:13.171908+00:00,32.27894482249394
2025-08-15 14:22:13.982687+00:00,32.27894482249394
2025-08-15 14:22:14.649082+00:00,32.27894482249394
2025-08-15 14:22:15.528769+00:00,32.26864339935128
2025-08-15 14:22:17.433892+00:00,32.25319126682007
2025-08-15 14:22:18.427985+00:00,32.2377391369082
2025-08-15 14:22:18.722249+00:00,32.2377391369082
2025-08-15 14:22:18.946118+00:00,32.24804055655841
2025-08-15 14:22:25.830247+00:00,32.217136301100254
2025-08-15 14:22:26.720514+00:00,32.18623205611948
2025-08-15 14:22:27.254862+00:00,32.18623205611948
2025-08-15 14:22:28.115300+00:00,32.18623205611948
2025-08-15 14:22:28.633212+00:00,32.18108134964132
2025-08-15 14:22:29.521506+00:00,32.160478526639054
2025-08-15 14:22:29.685499+00:00,32.17077993755811
2025-08-15 14:22:29.895163+00:00,32.217136301100254
2025-08-15 14:22:32.826875+00:00,32.16562923195306
2025-08-15 14:22:36.428435+00:00,32.160478526639054
2025-08-15 14:22:37.424100+00:00,32.16562923195306
2025-08-15 14:22:40.825272+00:00,32.18108134964132
2025-08-15 14:22:41.316379+00:00,32.18623205611948
2025-08-15 14:22:44.950896+00:00,32.18108134964132
2025-08-15 14:22:47.134660+00:00,32.19653346994892
2025-08-15 14:22:47.915481+00:00,32.19138276288868
2025-08-15 14:22:48.463242+00:00,32.19653346994892
2025-08-15 14:22:50.503284+00:00,32.20683488494251
2025-08-15 14:22:53.974762+00:00,32.217136301100254
2025-08-15 14:22:55.021300+00:00,32.19138276288868
2025-08-15 14:22:55.696755+00:00,32.19138276288868
2025-08-15 14:22:56.131767+00:00,32.18623205611948
2025-08-15 14:22:56.707359+00:00,32.19653346994892
2025-08-15 14:22:58.427929+00:00,32.201684177300194
2025-08-15 14:22:58.736961+00:00,32.21198559287586
2025-08-15 14:22:59.028989+00:00,32.20683488494251
2025-08-15 14:22:59.340763+00:00,32.20683488494251
2025-08-15 14:22:59.608134+00:00,32.21198559287586
2025-08-15 14:23:02.783576+00:00,32.20683488494251
2025-08-15 14:23:05.063411+00:00,32.18108134964132
2025-08-15 14:23:07.270296+00:00,32.19653346994892
2025-08-15 14:23:11.348124+00:00,32.18623205611948
2025-08-15 14:23:12.303768+00:00,32.17077993755811
2025-08-15 14:23:13.861917+00:00,32.17077993755811
2025-08-15 14:23:14.853128+00:00,32.15017711688415
2025-08-15 14:23:17.970701+00:00,32.1398757082934
2025-08-15 14:23:18.298680+00:00,32.1398757082934
2025-08-15 14:23:19.316054+00:00,32.134725004434586
2025-08-15 14:23:20.085719+00:00,32.12957430086681
2025-08-15 14:23:24.514320+00:00,32.1141221919097
2025-08-15 14:23:26.312292+00:00,32.12442359759007
2025-08-15 14:23:26.611094+00:00,32.10382078739349
2025-08-15 14:23:27.961429+00:00,32.09351938404143
2025-08-15 14:23:28.349281+00:00,32.10382078739349
2025-08-15 14:23:28.783368+00:00,32.10382078739349
2025-08-15 14:23:29.769155+00:00,32.09351938404143
2025-08-15 14:23:35.334412+00:00,32.06261518097017
2025-08-15 14:23:35.636900+00:00,32.05746448147693
2025-08-15 14:23:36.255012+00:00,32.05231378227472
2025-08-15 14:23:36.496371+00:00,32.05746448147693
2025-08-15 14:23:36.780941+00:00,32.05231378227472
2025-08-15 14:23:37.570064+00:00,32.04716308336356
2025-08-15 14:23:37.828283+00:00,32.04716308336356
2025-08-15 14:23:38.044098+00:00,32.05231378227472
2025-08-15 14:23:39.663339+00:00,32.05231378227472
2025-08-15 14:23:40.542165+00:00,32.04201238474343
2025-08-15 14:23:41.099028+00:00,32.04716308336356
2025-08-15 14:23:42.405847+00:00,32.03686168641434
2025-08-15 14:23:47.925229+00:00,32.03686168641434
2025-08-15 14:23:49.062136+00:00,32.03171098837629
2025-08-15 14:23:49.292706+00:00,32.03686168641434
2025-08-15 14:23:49.528756+00:00,32.03686168641434
2025-08-15 14:23:49.795503+00:00,32.0214095931733
2025-08-15 14:23:50.004845+00:00,32.03686168641434
2025-08-15 14:23:50.253658+00:00,32.03171098837629
2025-08-15 14:23:50.478354+00:00,32.03171098837629
2025-08-15 14:23:50.697597+00:00,32.03171098837629
2025-08-15 14:23:53.197348+00:00,32.05231378227472
2025-08-15 14:23:53.558012+00:00,32.05231378227472
2025-08-15 14:23:53.720472+00:00,32.05231378227472
2025-08-15 14:23:54.526423+00:00,32.06261518097017
2025-08-15 14:23:54.943045+00:00,32.05231378227472
2025-08-15 14:23:55.502618+00:00,32.05231378227472
2025-08-15 14:23:55.854133+00:00,32.06261518097017
2025-08-15 14:23:56.128351+00:00,32.04716308336356
2025-08-15 14:23:56.361405+00:00,32.05231378227472
2025-08-15 14:23:56.604806+00:00,32.04201238474343
2025-08-15 14:23:59.355622+00:00,32.05746448147693
2025-08-15 14:24:03.991025+00:00,32.04716308336356
2025-08-15 14:24:06.078010+00:00,32.03686168641434
2025-08-15 14:24:09.535996+00:00,32.02656029062928
2025-08-15 14:24:10.269955+00:00,32.0214095931733
2025-08-15 14:24:10.803973+00:00,32.0214095931733
2025-08-15 14:24:11.219344+00:00,32.01625889600837
2025-08-15 14:24:11.602451+00:00,32.0214095931733
2025-08-15 14:24:12.000387+00:00,32.0214095931733
2025-08-15 14:24:12.276198+00:00,32.03171098837629
2025-08-15 14:24:12.535982+00:00,32.0214095931733
2025-08-15 14:24:13.700360+00:00,32.0214095931733
2025-08-15 14:24:15.095572+00:00,32.0214095931733
2025-08-15 14:24:15.480927+00:00,32.02656029062928
2025-08-15 14:24:15.866522+00:00,32.03171098837629
2025-08-15 14:24:16.373782+00:00,32.01110819913447
2025-08-15 14:24:18.270211+00:00,32.01625889600837
2025-08-15 14:24:19.910299+00:00,32.0214095931733
2025-08-15 14:24:20.411415+00:00,32.01625889600837
2025-08-15 14:24:20.644563+00:00,32.0214095931733
2025-08-15 14:24:22.353355+00:00,32.01625889600837
2025-08-15 14:24:23.451289+00:00,32.01625889600837
2025-08-15 14:24:25.626510+00:00,32.00595750255161
2025-08-15 14:24:28.586211+00:00,32.00595750255161
2025-08-15 14:24:30.168163+00:00,32.00595750255161
2025-08-15 14:24:33.328671+00:00,32.01625889600837
2025-08-15 14:24:34.068002+00:00,32.01110819913447
2025-08-15 14:24:34.853082+00:00,32.03171098837629
2025-08-15 14:24:35.075171+00:00,32.0214095931733
2025-08-15 14:24:35.175430+00:00,32.03171098837629
2025-08-15 14:24:36.461328+00:00,32.01110819913447
2025-08-15 14:24:38.258905+00:00,32.01110819913447
2025-08-15 14:24:39.063694+00:00,32.03686168641434
2025-08-15 14:24:39.698438+00:00,32.03171098837629
2025-08-15 14:24:41.213137+00:00,32.03686168641434
2025-08-15 14:24:41.744525+00:00,32.03171098837629
2025-08-15 14:24:44.288091+00:00,32.03171098837629
2025-08-15 14:24:47.512971+00:00,32.05746448147693
2025-08-15 14:24:50.164779+00:00,32.06261518097017
2025-08-15 14:24:52.731778+00:00,32.05231378227472
2025-08-15 14:24:53.808757+00:00,32.06261518097017
2025-08-15 14:24:54.035683+00:00,32.05746448147693
2025-08-15 14:24:54.310194+00:00,32.06261518097017
2025-08-15 14:24:56.157281+00:00,32.05231378227472
2025-08-15 14:24:56.600479+00:00,32.06261518097017
2025-08-15 14:24:56.836127+00:00,32.05746448147693
2025-08-15 14:24:57.210972+00:00,32.06261518097017
2025-08-15 14:24:58.682894+00:00,32.06261518097017
2025-08-15 14:24:59.801821+00:00,32.06776588075445
2025-08-15 14:25:03.153020+00:00,32.05746448147693
2025-08-15 14:25:03.719811+00:00,32.05746448147693
2025-08-15 14:25:04.319359+00:00,32.05746448147693
2025-08-15 14:25:05.797621+00:00,32.05746448147693
2025-08-15 14:25:08.424790+00:00,32.06261518097017
2025-08-15 14:25:09.459493+00:00,32.04716308336356
2025-08-15 14:25:12.200859+00:00,32.05746448147693
2025-08-15 14:25:15.103655+00:00,32.06776588075445
2025-08-15 14:25:15.520331+00:00,32.07291658082977
2025-08-15 14:25:16.663748+00:00,32.06261518097017
2025-08-15 14:25:17.939217+00:00,32.06261518097017
2025-08-15 14:25:22.057008+00:00,32.06776588075445
2025-08-15 14:25:22.895262+00:00,32.06776588075445
2025-08-15 14:25:23.260909+00:00,32.07291658082977
2025-08-15 14:25:26.677883+00:00,32.07291658082977
2025-08-15 14:25:27.061055+00:00,32.07806728119613
2025-08-15 14:25:28.629426+00:00,32.07291658082977
2025-08-15 14:25:29.005397+00:00,32.07806728119613
2025-08-15 14:25:31.772673+00:00,32.06776588075445
2025-08-15 14:25:32.830096+00:00,32.06261518097017
2025-08-15 14:25:33.446041+00:00,32.06776588075445
2025-08-15 14:25:36.957853+00:00,32.06776588075445
2025-08-15 14:25:40.331443+00:00,32.06261518097017
2025-08-15 14:25:40.716786+00:00,32.05746448147693
2025-08-15 14:25:40.984867+00:00,32.06261518097017
2025-08-15 14:25:41.718053+00:00,32.05746448147693
2025-08-15 14:25:41.986861+00:00,32.05746448147693
2025-08-15 14:25:42.279030+00:00,32.06261518097017
2025-08-15 14:25:42.855156+00:00,32.05746448147693
2025-08-15 14:25:43.241196+00:00,32.05231378227472
2025-08-15 14:25:43.680522+00:00,32.05231378227472
2025-08-15 14:25:47.545518+00:00,32.05746448147693
2025-08-15 14:25:48.020836+00:00,32.04716308336356
2025-08-15 14:25:49.229410+00:00,32.03171098837629
2025-08-15 14:25:51.247648+00:00,32.04716308336356
2025-08-15 14:25:51.698984+00:00,32.0214095931733
2025-08-15 14:25:52.652758+00:00,32.04201238474343
2025-08-15 14:25:53.179758+00:00,32.03171098837629
2025-08-15 14:25:53.664840+00:00,32.03171098837629
2025-08-15 14:25:54.268147+00:00,32.03686168641434
2025-08-15 14:25:57.082727+00:00,32.03171098837629
2025-08-15 14:25:59.312577+00:00,32.02656029062928
2025-08-15 14:26:00.310834+00:00,32.01625889600837
2025-08-15 14:26:00.943370+00:00,32.00595750255161
2025-08-15 14:26:02.400580+00:00,32.0214095931733
2025-08-15 14:26:06.054347+00:00,32.01110819913447
2025-08-15 14:26:06.446321+00:00,32.01110819913447
2025-08-15 14:26:06.836083+00:00,32.00080680625979
2025-08-15 14:26:07.802221+00:00,32.01110819913447
2025-08-15 14:26:08.470525+00:00,32.00080680625979
2025-08-15 14:26:12.471426+00:00,31.99050541454926
2025-08-15 14:26:13.949879+00:00,31.995656110259006
2025-08-15 14:26:14.216696+00:00,31.99050541454926
2025-08-15 14:26:14.795371+00:00,31.99050541454926
2025-08-15 14:26:15.941966+00:00,31.99050541454926
2025-08-15 14:26:17.793398+00:00,32.00080680625979
2025-08-15 14:26:21.125563+00:00,31.985354719130555
2025-08-15 14:26:21.684070+00:00,31.995656110259006
2025-08-15 14:26:25.265834+00:00,31.985354719130555
2025-08-15 14:26:26.252678+00:00,31.99050541454926
2025-08-15 14:26:26.493080+00:00,31.980204024002887
2025-08-15 14:26:27.817485+00:00,31.99050541454926
2025-08-15 14:26:28.171755+00:00,31.980204024002887
2025-08-15 14:26:29.334469+00:00,31.985354719130555
2025-08-15 14:26:31.084731+00:00,31.99050541454926
2025-08-15 14:26:31.568667+00:00,31.980204024002887
2025-08-15 14:26:35.877865+00:00,31.99050541454926
2025-08-15 14:26:36.404061+00:00,31.980204024002887
2025-08-15 14:26:37.198069+00:00,31.99050541454926
2025-08-15 14:26:39.268945+00:00,31.995656110259006
2025-08-15 14:26:40.321610+00:00,31.985354719130555
2025-08-15 14:26:40.949259+00:00,32.00080680625979
2025-08-15 14:26:41.718024+00:00,32.00080680625979
2025-08-15 14:26:42.168883+00:00,31.99050541454926
2025-08-15 14:26:45.135408+00:00,31.995656110259006
2025-08-15 14:26:45.959544+00:00,31.995656110259006
2025-08-15 14:26:47.595169+00:00,32.01110819913447
2025-08-15 14:26:49.940880+00:00,32.00595750255161
2025-08-15 14:26:50.267243+00:00,31.995656110259006
2025-08-15 14:26:50.844845+00:00,32.01110819913447
2025-08-15 14:26:54.040854+00:00,32.01110819913447
2025-08-15 14:26:54.622890+00:00,32.01110819913447
2025-08-15 14:26:57.149535+00:00,32.01625889600837
2025-08-15 14:26:57.448637+00:00,32.0214095931733
2025-08-15 14:26:57.783015+00:00,32.01625889600837
2025-08-15 14:27:00.698217+00:00,32.0214095931733
2025-08-15 14:27:01.151317+00:00,32.02656029062928
2025-08-15 14:27:03.083788+00:00,32.02656029062928
2025-08-15 14:27:04.203544+00:00,32.01625889600837
2025-08-15 14:27:07.965197+00:00,32.02656029062928
2025-08-15 14:27:10.283249+00:00,32.02656029062928
2025-08-15 14:27:10.709877+00:00,32.02656029062928
2025-08-15 14:27:11.168788+00:00,32.0214095931733
2025-08-15 14:27:14.096438+00:00,32.0214095931733
2025-08-15 14:27:14.531180+00:00,32.01625889600837
2025-08-15 14:27:16.540539+00:00,32.01110819913447
2025-08-15 14:27:17.019386+00:00,32.01625889600837
2025-08-15 14:27:17.388635+00:00,32.01625889600837
2025-08-15 14:27:19.008831+00:00,32.00595750255161
2025-08-15 14:27:20.663126+00:00,32.01625889600837
2025-08-15 14:27:21.574078+00:00,32.01110819913447
2025-08-15 14:27:24.699897+00:00,32.01110819913447
2025-08-15 14:27:25.632185+00:00,32.0214095931733
2025-08-15 14:27:26.413502+00:00,32.00080680625979
2025-08-15 14:27:26.964273+00:00,32.00595750255161
2025-08-15 14:27:31.758857+00:00,32.03171098837629
2025-08-15 14:27:32.205598+00:00,32.02656029062928
2025-08-15 14:27:32.549848+00:00,32.0214095931733
2025-08-15 14:27:35.065667+00:00,32.0214095931733
2025-08-15 14:27:35.966178+00:00,32.03171098837629
2025-08-15 14:27:38.705985+00:00,32.03686168641434
2025-08-15 14:27:38.838892+00:00,32.03171098837629
2025-08-15 14:27:39.123337+00:00,32.03686168641434
2025-08-15 14:27:40.067339+00:00,32.03686168641434
2025-08-15 14:27:40.533992+00:00,32.02656029062928
2025-08-15 14:27:42.348884+00:00,32.03686168641434
2025-08-15 14:27:43.643098+00:00,32.04201238474343
2025-08-15 14:27:44.396386+00:00,32.03686168641434
2025-08-15 14:27:47.184569+00:00,32.06261518097017
2025-08-15 14:27:49.918340+00:00,32.03686168641434
2025-08-15 14:27:51.249384+00:00,32.03171098837629
2025-08-15 14:27:51.874302+00:00,32.03171098837629
2025-08-15 14:27:56.256107+00:00,32.0214095931733
2025-08-15 14:27:59.307138+00:00,32.0214095931733
2025-08-15 14:27:59.546671+00:00,32.0214095931733
2025-08-15 14:28:02.791970+00:00,32.04201238474343
2025-08-15 14:28:03.578206+00:00,32.03686168641434
2025-08-15 14:28:05.208056+00:00,32.02656029062928
2025-08-15 14:28:07.505954+00:00,32.03686168641434
2025-08-15 14:28:11.535633+00:00,32.01110819913447
2025-08-15 14:28:12.372059+00:00,32.0214095931733
2025-08-15 14:28:13.466817+00:00,32.01110819913447
2025-08-15 14:28:13.881810+00:00,32.01110819913447
2025-08-15 14:28:14.043263+00:00,32.01625889600837
2025-08-15 14:28:14.314080+00:00,32.01110819913447
2025-08-15 14:28:14.569565+00:00,32.0214095931733
2025-08-15 14:28:15.133595+00:00,32.01110819913447
2025-08-15 14:28:17.194184+00:00,32.00080680625979
2025-08-15 14:28:18.679976+00:00,31.995656110259006
2025-08-15 14:28:19.639862+00:00,32.00595750255161
2025-08-15 14:28:20.642579+00:00,32.01625889600837
2025-08-15 14:28:21.938466+00:00,32.03171098837629
2025-08-15 14:28:22.440174+00:00,32.03171098837629
2025-08-15 14:28:22.590983+00:00,32.03171098837629
2025-08-15 14:28:24.429107+00:00,32.01625889600837
2025-08-15 14:28:24.804016+00:00,32.01625889600837
2025-08-15 14:28:25.420109+00:00,32.02656029062928
2025-08-15 14:28:26.580395+00:00,32.03171098837629
2025-08-15 14:28:27.265213+00:00,32.0214095931733
2025-08-15 14:28:27.848355+00:00,32.01625889600837
2025-08-15 14:28:28.154477+00:00,32.01625889600837
2025-08-15 14:28:30.900338+00:00,32.01110819913447
2025-08-15 14:28:33.719573+00:00,32.0214095931733
2025-08-15 14:28:37.093812+00:00,32.02656029062928
2025-08-15 14:28:37.585837+00:00,32.03171098837629
2025-08-15 14:28:38.095321+00:00,32.02656029062928
2025-08-15 14:28:38.498300+00:00,32.04201238474343
2025-08-15 14:28:39.016271+00:00,32.05231378227472
2025-08-15 14:28:42.552452+00:00,32.02656029062928
2025-08-15 14:28:42.767732+00:00,32.03686168641434
2025-08-15 14:28:43.011094+00:00,32.04716308336356
2025-08-15 14:28:43.271355+00:00,32.05231378227472
2025-08-15 14:28:43.402901+00:00,32.04201238474343
2025-08-15 14:28:43.988887+00:00,32.04201238474343
2025-08-15 14:28:44.741072+00:00,32.04201238474343
2025-08-15 14:28:45.255806+00:00,32.04201238474343
2025-08-15 14:28:48.893237+00:00,32.03171098837629
2025-08-15 14:28:49.211000+00:00,32.0214095931733
2025-08-15 14:28:49.586523+00:00,32.0214095931733
2025-08-15 14:28:50.771775+00:00,32.0214095931733
2025-08-15 14:28:51.940376+00:00,32.03171098837629
2025-08-15 14:28:53.339873+00:00,32.03171098837629
2025-08-15 14:28:55.231011+00:00,32.05231378227472
2025-08-15 14:28:57.429057+00:00,32.05231378227472
2025-08-15 14:28:58.414753+00:00,32.06776588075445
2025-08-15 14:28:59.555993+00:00,32.06776588075445
2025-08-15 14:29:03.599097+00:00,32.06261518097017
2025-08-15 14:29:06.514497+00:00,32.05746448147693
2025-08-15 14:29:06.949003+00:00,32.05231378227472
2025-08-15 14:29:13.864426+00:00,32.05231378227472
2025-08-15 14:29:14.546273+00:00,32.04201238474343
2025-08-15 14:29:14.823468+00:00,32.04716308336356
2025-08-15 14:29:20.594010+00:00,32.02656029062928
2025-08-15 14:29:23.180807+00:00,32.00595750255161
2025-08-15 14:29:23.710759+00:00,32.00595750255161
2025-08-15 14:29:23.935627+00:00,32.00080680625979
2025-08-15 14:29:24.163896+00:00,32.00080680625979
2025-08-15 14:29:24.397760+00:00,32.00595750255161
2025-08-15 14:29:24.831542+00:00,32.00080680625979
2025-08-15 14:29:26.727649+00:00,31.995656110259006
2025-08-15 14:29:29.072335+00:00,31.99050541454926
2025-08-15 14:29:29.730463+00:00,31.969902634620667
2025-08-15 14:29:30.278334+00:00,31.975053329166258
2025-08-15 14:29:30.638305+00:00,31.975053329166258
2025-08-15 14:29:31.887415+00:00,31.969902634620667
2025-08-15 14:29:34.247793+00:00,31.969902634620667
2025-08-15 14:29:35.091822+00:00,31.9596012464026
2025-08-15 14:29:35.477321+00:00,31.969902634620667
2025-08-15 14:29:35.693123+00:00,31.969902634620667
2025-08-15 14:29:36.112597+00:00,31.980204024002887
2025-08-15 14:29:36.344741+00:00,31.975053329166258
2025-08-15 14:29:36.679526+00:00,31.980204024002887
2025-08-15 14:29:38.611195+00:00,31.975053329166258
2025-08-15 14:29:39.171307+00:00,31.975053329166258
2025-08-15 14:29:39.813045+00:00,31.975053329166258
2025-08-15 14:29:40.974572+00:00,31.975053329166258
2025-08-15 14:29:41.401534+00:00,31.980204024002887
2025-08-15 14:29:41.795518+00:00,31.980204024002887
2025-08-15 14:29:42.020005+00:00,31.980204024002887
2025-08-15 14:29:43.172535+00:00,31.980204024002887
2025-08-15 14:29:44.586253+00:00,31.99050541454926
2025-08-15 14:29:47.203978+00:00,31.980204024002887
2025-08-15 14:29:49.347379+00:00,31.980204024002887
2025-08-15 14:29:50.476105+00:00,31.980204024002887
2025-08-15 14:29:51.839762+00:00,31.980204024002887
2025-08-15 14:29:52.672175+00:00,31.99050541454926
2025-08-15 14:29:52.900390+00:00,31.985354719130555
2025-08-15 14:29:53.243077+00:00,32.00080680625979
2025-08-15 14:29:53.438643+00:00,31.995656110259006
2025-08-15 14:29:54.669941+00:00,31.980204024002887
2025-08-15 14:30:00.180832+00:00,31.980204024002887
2025-08-15 14:30:02.446840+00:00,32.01110819913447
2025-08-15 14:30:06.354637+00:00,32.00595750255161
2025-08-15 14:30:08.121254+00:00,32.00080680625979
2025-08-15 14:30:10.690870+00:00,32.00080680625979
2025-08-15 14:30:11.517687+00:00,32.00080680625979
2025-08-15 14:30:12.321189+00:00,32.00080680625979
2025-08-15 14:30:12.747856+00:00,31.995656110259006
2025-08-15 14:30:13.341060+00:00,31.995656110259006
2025-08-15 14:30:13.974029+00:00,31.995656110259006
2025-08-15 14:30:14.346419+00:00,31.995656110259006
2025-08-15 14:30:14.888980+00:00,31.985354719130555
2025-08-15 14:30:18.776128+00:00,31.99050541454926
2025-08-15 14:30:19.870034+00:00,31.969902634620667
2025-08-15 14:30:20.897212+00:00,31.980204024002887
2025-08-15 14:30:22.363537+00:00,31.99050541454926
2025-08-15 14:30:22.962420+00:00,31.985354719130555
2025-08-15 14:30:29.459237+00:00,31.975053329166258
2025-08-15 14:30:37.105746+00:00,31.975053329166258
2025-08-15 14:30:38.695843+00:00,31.975053329166258
2025-08-15 14:30:40.343815+00:00,31.964751940366114
2025-08-15 14:30:42.306080+00:00,31.964751940366114
2025-08-15 14:30:43.372158+00:00,31.964751940366114
2025-08-15 14:30:46.637631+00:00,31.964751940366114
2025-08-15 14:30:47.153485+00:00,31.9596012464026
2025-08-15 14:30:48.865439+00:00,31.964751940366114
2025-08-15 14:30:49.315879+00:00,31.9596012464026
2025-08-15 14:30:49.526585+00:00,31.9596012464026
2025-08-15 14:30:50.510208+00:00,31.954450552730123
2025-08-15 14:30:51.213290+00:00,31.969902634620667
2025-08-15 14:30:51.980917+00:00,31.969902634620667
2025-08-15 14:30:52.229392+00:00,31.975053329166258
2025-08-15 14:30:53.017117+00:00,31.969902634620667
2025-08-15 14:30:54.303743+00:00,31.975053329166258
2025-08-15 14:30:54.813276+00:00,31.985354719130555
2025-08-15 14:30:55.675208+00:00,31.99050541454926
2025-08-15 14:30:56.403284+00:00,31.975053329166258
2025-08-15 14:30:58.240065+00:00,31.975053329166258
2025-08-15 14:30:58.554072+00:00,31.980204024002887
2025-08-15 14:30:58.884675+00:00,31.980204024002887
2025-08-15 14:31:04.487434+00:00,31.980204024002887
2025-08-15 14:31:05.780187+00:00,31.99050541454926
2025-08-15 14:31:08.919870+00:00,31.995656110259006
2025-08-15 14:31:09.438795+00:00,31.995656110259006
2025-08-15 14:31:09.849912+00:00,32.00595750255161
2025-08-15 14:31:10.362193+00:00,32.00080680625979
2025-08-15 14:31:13.525203+00:00,31.985354719130555
2025-08-15 14:31:13.741126+00:00,31.980204024002887
2025-08-15 14:31:15.369904+00:00,31.99050541454926
2025-08-15 14:31:18.168129+00:00,31.980204024002887
2025-08-15 14:31:20.744694+00:00,31.995656110259006
2025-08-15 14:31:22.478798+00:00,31.985354719130555
2025-08-15 14:31:23.397990+00:00,31.985354719130555
2025-08-15 14:31:23.556586+00:00,31.985354719130555
2025-08-15 14:31:23.769139+00:00,31.995656110259006
2025-08-15 14:31:26.711052+00:00,31.975053329166258
2025-08-15 14:31:28.645798+00:00,31.975053329166258
2025-08-15 14:31:29.278457+00:00,31.975053329166258
2025-08-15 14:31:30.220927+00:00,31.969902634620667
2025-08-15 14:31:31.886968+00:00,31.969902634620667
2025-08-15 14:31:33.574188+00:00,31.975053329166258
2025-08-15 14:31:34.282749+00:00,31.975053329166258
2025-08-15 14:31:34.611877+00:00,31.985354719130555
2025-08-15 14:31:35.245364+00:00,31.980204024002887
2025-08-15 14:31:36.536664+00:00,31.985354719130555
2025-08-15 14:31:36.915231+00:00,31.975053329166258
2025-08-15 14:31:39.398684+00:00,31.980204024002887
2025-08-15 14:31:41.772866+00:00,31.969902634620667
2025-08-15 14:31:43.776342+00:00,31.964751940366114
2025-08-15 14:31:44.703318+00:00,31.9596012464026
2025-08-15 14:31:44.979800+00:00,31.964751940366114
2025-08-15 14:31:47.268633+00:00,31.9596012464026
2025-08-15 14:31:47.870182+00:00,31.949299859348685
2025-08-15 14:31:53.893247+00:00,31.964751940366114
2025-08-15 14:31:55.640826+00:00,31.964751940366114
2025-08-15 14:31:56.968757+00:00,31.954450552730123
2025-08-15 14:31:58.853113+00:00,31.949299859348685
2025-08-15 14:31:59.081825+00:00,31.969902634620667
2025-08-15 14:31:59.404181+00:00,31.964751940366114
2025-08-15 14:31:59.627018+00:00,31.975053329166258
2025-08-15 14:31:59.768157+00:00,31.975053329166258
2025-08-15 14:32:01.842168+00:00,31.980204024002887
2025-08-15 14:32:13.684770+00:00,31.980204024002887
2025-08-15 14:32:19.585995+00:00,31.980204024002887
2025-08-15 14:32:20.357955+00:00,31.980204024002887
2025-08-15 14:32:21.343325+00:00,31.969902634620667
2025-08-15 14:32:21.586951+00:00,31.980204024002887
2025-08-15 14:32:21.860914+00:00,31.969902634620667
2025-08-15 14:32:22.138082+00:00,31.980204024002887
2025-08-15 14:32:22.655595+00:00,31.975053329166258
2025-08-15 14:32:22.972879+00:00,31.975053329166258
2025-08-15 14:32:23.558208+00:00,31.975053329166258
2025-08-15 14:32:24.917880+00:00,31.969902634620667
2025-08-15 14:32:25.153743+00:00,31.969902634620667
2025-08-15 14:32:25.380393+00:00,31.969902634620667
2025-08-15 14:32:25.618446+00:00,31.980204024002887
2025-08-15 14:32:26.055714+00:00,31.980204024002887
2025-08-15 14:32:26.602379+00:00,31.969902634620667
2025-08-15 14:32:27.618443+00:00,31.969902634620667
2025-08-15 14:32:29.969126+00:00,31.969902634620667
2025-08-15 14:32:32.832651+00:00,31.9596012464026
2025-08-15 14:32:35.143740+00:00,31.954450552730123
2025-08-15 14:32:37.368696+00:00,31.964751940366114
2025-08-15 14:32:37.877514+00:00,31.969902634620667
2025-08-15 14:32:38.109811+00:00,31.969902634620667
2025-08-15 14:32:40.092994+00:00,31.980204024002887
2025-08-15 14:32:40.843273+00:00,31.980204024002887
2025-08-15 14:32:42.334580+00:00,31.980204024002887
2025-08-15 14:32:47.156715+00:00,31.995656110259006
2025-08-15 14:32:48.317514+00:00,32.03171098837629
2025-08-15 14:32:52.290946+00:00,32.02656029062928
2025-08-15 14:32:52.957958+00:00,32.00595750255161
2025-08-15 14:32:53.302009+00:00,32.0214095931733
2025-08-15 14:32:55.073823+00:00,32.01110819913447
2025-08-15 14:32:56.234767+00:00,32.01110819913447
2025-08-15 14:32:58.297547+00:00,32.01110819913447
2025-08-15 14:32:58.577011+00:00,32.00080680625979
2025-08-15 14:32:59.800465+00:00,32.00595750255161
2025-08-15 14:33:04.242900+00:00,32.01110819913447
2025-08-15 14:33:08.844902+00:00,31.99050541454926
2025-08-15 14:33:09.422742+00:00,31.99050541454926
2025-08-15 14:33:10.918899+00:00,32.00080680625979
2025-08-15 14:33:11.911360+00:00,31.99050541454926
2025-08-15 14:33:16.073109+00:00,31.99050541454926
2025-08-15 14:33:17.595574+00:00,32.00080680625979
2025-08-15 14:33:19.543520+00:00,31.99050541454926
2025-08-15 14:33:21.025214+00:00,32.00080680625979
2025-08-15 14:33:21.510956+00:00,31.99050541454926
2025-08-15 14:33:23.343538+00:00,32.01110819913447
2025-08-15 14:33:25.355234+00:00,32.00595750255161
2025-08-15 14:33:27.436212+00:00,31.99050541454926
2025-08-15 14:33:28.948180+00:00,32.00595750255161
2025-08-15 14:33:31.107728+00:00,31.995656110259006
2025-08-15 14:33:34.450537+00:00,31.985354719130555
2025-08-15 14:33:34.821532+00:00,31.99050541454926
2025-08-15 14:33:35.250620+00:00,31.99050541454926
2025-08-15 14:33:36.084410+00:00,31.985354719130555
2025-08-15 14:33:36.785664+00:00,31.99050541454926
2025-08-15 14:33:37.308234+00:00,31.995656110259006
2025-08-15 14:33:40.285958+00:00,32.00080680625979
2025-08-15 14:33:40.533773+00:00,31.985354719130555
2025-08-15 14:33:41.240216+00:00,31.99050541454926
2025-08-15 14:33:42.928293+00:00,31.995656110259006
2025-08-15 14:33:43.488290+00:00,31.995656110259006
2025-08-15 14:33:43.695760+00:00,31.995656110259006
2025-08-15 14:33:43.942553+00:00,32.01110819913447
2025-08-15 14:33:47.872075+00:00,32.01110819913447
2025-08-15 14:33:48.658913+00:00,31.995656110259006
2025-08-15 14:33:50.156835+00:00,32.0214095931733
2025-08-15 14:33:51.599987+00:00,32.0214095931733
2025-08-15 14:33:51.994548+00:00,32.01110819913447
2025-08-15 14:33:53.606957+00:00,32.00080680625979
2025-08-15 14:33:56.017392+00:00,31.995656110259006
2025-08-15 14:33:56.615807+00:00,31.995656110259006
2025-08-15 14:33:56.839916+00:00,31.995656110259006
2025-08-15 14:33:57.357158+00:00,32.00080680625979
2025-08-15 14:33:59.146260+00:00,31.980204024002887
2025-08-15 14:34:01.201542+00:00,31.985354719130555
2025-08-15 14:34:01.548645+00:00,31.985354719130555
2025-08-15 14:34:06.145589+00:00,31.969902634620667
2025-08-15 14:34:09.875338+00:00,31.969902634620667
2025-08-15 14:34:10.644559+00:00,31.980204024002887
2025-08-15 14:34:14.564032+00:00,31.980204024002887
2025-08-15 14:34:14.992107+00:00,31.969902634620667
2025-08-15 14:34:17.908963+00:00,31.9596012464026
2025-08-15 14:34:19.367155+00:00,31.9596012464026
2025-08-15 14:34:19.641947+00:00,31.964751940366114
2025-08-15 14:34:19.893929+00:00,31.9596012464026
2025-08-15 14:34:20.143326+00:00,31.954450552730123
2025-08-15 14:34:20.445298+00:00,31.9596012464026
2025-08-15 14:34:20.654906+00:00,31.969902634620667
2025-08-15 14:34:20.826652+00:00,31.980204024002887
2025-08-15 14:34:21.106798+00:00,31.985354719130555
2025-08-15 14:34:21.431388+00:00,31.99050541454926
2025-08-15 14:34:21.706506+00:00,31.980204024002887
2025-08-15 14:34:22.377524+00:00,31.964751940366114
2025-08-15 14:34:22.884882+00:00,31.969902634620667
2025-08-15 14:34:23.370132+00:00,31.980204024002887
2025-08-15 14:34:23.670580+00:00,31.980204024002887
2025-08-15 14:34:24.615863+00:00,31.975053329166258
2025-08-15 14:34:25.008586+00:00,31.975053329166258
2025-08-15 14:34:25.752033+00:00,31.980204024002887
2025-08-15 14:34:26.896359+00:00,31.980204024002887
2025-08-15 14:34:27.130513+00:00,31.99050541454926
2025-08-15 14:34:27.479934+00:00,31.99050541454926
2025-08-15 14:34:27.676527+00:00,31.99050541454926
2025-08-15 14:34:30.137081+00:00,31.995656110259006
2025-08-15 14:34:33.924704+00:00,31.985354719130555
2025-08-15 14:34:34.678551+00:00,31.99050541454926
2025-08-15 14:34:35.781646+00:00,31.99050541454926
2025-08-15 14:34:36.006396+00:00,31.995656110259006
2025-08-15 14:34:37.450928+00:00,32.00080680625979
2025-08-15 14:34:37.677817+00:00,31.99050541454926
2025-08-15 14:34:38.497040+00:00,32.00080680625979
2025-08-15 14:34:38.663866+00:00,31.995656110259006
2025-08-15 14:34:41.766378+00:00,32.00595750255161
2025-08-15 14:34:42.749401+00:00,32.01625889600837
2025-08-15 14:34:44.990520+00:00,32.00080680625979
2025-08-15 14:34:48.690989+00:00,32.01110819913447
2025-08-15 14:34:50.653470+00:00,32.00595750255161
2025-08-15 14:34:51.296337+00:00,32.01110819913447
2025-08-15 14:34:53.465657+00:00,32.01110819913447
2025-08-15 14:34:54.656763+00:00,32.00080680625979
2025-08-15 14:34:56.026473+00:00,32.00080680625979
2025-08-15 14:34:58.009421+00:00,32.01110819913447
2025-08-15 14:34:58.400473+00:00,31.995656110259006
2025-08-15 14:35:03.287420+00:00,31.975053329166258
2025-08-15 14:35:03.921006+00:00,31.975053329166258
2025-08-15 14:35:04.337860+00:00,31.975053329166258
2025-08-15 14:35:04.762674+00:00,31.969902634620667
2025-08-15 14:35:06.075043+00:00,31.969902634620667
2025-08-15 14:35:08.557595+00:00,31.99050541454926
2025-08-15 14:35:12.372815+00:00,31.980204024002887
2025-08-15 14:35:22.533052+00:00,31.980204024002887
2025-08-15 14:35:24.717526+00:00,31.980204024002887
2025-08-15 14:35:26.057207+00:00,31.964751940366114
2025-08-15 14:35:27.667506+00:00,31.969902634620667
2025-08-15 14:35:28.132967+00:00,31.9596012464026
2025-08-15 14:35:30.298364+00:00,31.969902634620667
2025-08-15 14:35:31.665157+00:00,31.9596012464026
2025-08-15 14:35:33.689194+00:00,31.985354719130555
2025-08-15 14:35:35.475328+00:00,31.975053329166258
2025-08-15 14:35:35.910351+00:00,31.975053329166258
2025-08-15 14:35:36.806743+00:00,31.9596012464026
2025-08-15 14:35:40.414208+00:00,31.969902634620667
2025-08-15 14:35:49.586229+00:00,32.0214095931733
2025-08-15 14:35:49.806216+00:00,31.980204024002887
2025-08-15 14:35:50.162432+00:00,31.99050541454926
2025-08-15 14:35:50.370236+00:00,31.985354719130555
2025-08-15 14:35:50.495324+00:00,31.975053329166258
2025-08-15 14:35:51.122785+00:00,31.980204024002887
2025-08-15 14:35:52.711068+00:00,31.99050541454926
2025-08-15 14:35:57.730785+00:00,31.954450552730123
2025-08-15 14:35:58.056124+00:00,31.964751940366114
2025-08-15 14:35:59.426911+00:00,31.9596012464026
2025-08-15 14:36:07.456035+00:00,31.975053329166258
2025-08-15 14:36:08.207407+00:00,32.0214095931733
2025-08-15 14:36:09.387910+00:00,32.03171098837629
2025-08-15 14:36:09.697516+00:00,32.03171098837629
2025-08-15 14:36:10.827979+00:00,32.03171098837629
2025-08-15 14:36:11.646936+00:00,32.03171098837629
2025-08-15 14:36:12.230630+00:00,32.03686168641434
2025-08-15 14:36:12.712745+00:00,32.03171098837629
2025-08-15 14:36:15.399262+00:00,32.03686168641434
2025-08-15 14:36:19.823400+00:00,32.04201238474343
2025-08-15 14:36:20.749670+00:00,32.05231378227472
2025-08-15 14:36:21.931529+00:00,32.04201238474343
2025-08-15 14:36:22.790981+00:00,32.05231378227472
2025-08-15 14:36:23.375879+00:00,32.03171098837629
2025-08-15 14:36:24.255949+00:00,32.04201238474343
2025-08-15 14:36:25.531834+00:00,32.05231378227472
2025-08-15 14:36:26.281934+00:00,32.05746448147693
2025-08-15 14:36:26.763877+00:00,32.06261518097017
2025-08-15 14:36:27.704931+00:00,32.05231378227472
2025-08-15 14:36:27.913588+00:00,32.05231378227472
2025-08-15 14:36:28.146439+00:00,32.06261518097017
2025-08-15 14:36:28.380165+00:00,32.05231378227472
2025-08-15 14:36:28.623920+00:00,32.05746448147693
2025-08-15 14:36:28.915540+00:00,32.05231378227472
2025-08-15 14:36:30.763583+00:00,32.06261518097017
2025-08-15 14:36:34.580209+00:00,32.04716308336356
2025-08-15 14:36:36.443274+00:00,32.04716308336356
2025-08-15 14:36:36.660569+00:00,32.04716308336356
2025-08-15 14:36:36.863213+00:00,32.05231378227472
2025-08-15 14:36:37.206631+00:00,32.05746448147693
2025-08-15 14:36:37.438538+00:00,32.06776588075445
2025-08-15 14:36:37.654454+00:00,32.06261518097017
2025-08-15 14:36:38.515174+00:00,32.05746448147693
2025-08-15 14:36:39.668522+00:00,32.06261518097017
2025-08-15 14:36:41.413893+00:00,32.07291658082977
2025-08-15 14:36:42.401580+00:00,32.06261518097017
2025-08-15 14:36:42.625527+00:00,32.06261518097017
2025-08-15 14:36:44.489439+00:00,32.06261518097017
2025-08-15 14:36:46.527985+00:00,32.06261518097017
2025-08-15 14:36:47.656971+00:00,32.06776588075445
2025-08-15 14:36:48.959526+00:00,32.06776588075445
2025-08-15 14:36:49.469215+00:00,32.06776588075445
2025-08-15 14:36:52.387437+00:00,32.07806728119613
2025-08-15 14:36:52.738633+00:00,32.07806728119613
2025-08-15 14:36:53.380722+00:00,32.06261518097017
2025-08-15 14:36:54.729494+00:00,32.07291658082977
2025-08-15 14:36:55.494441+00:00,32.07291658082977
2025-08-15 14:36:55.809868+00:00,32.05746448147693
2025-08-15 14:36:55.986042+00:00,32.07291658082977
2025-08-15 14:36:56.288590+00:00,32.06776588075445
2025-08-15 14:36:56.715484+00:00,32.06776588075445
2025-08-15 14:36:57.023373+00:00,32.06261518097017
2025-08-15 14:36:57.381162+00:00,32.05746448147693
2025-08-15 14:37:01.183038+00:00,32.06261518097017
2025-08-15 14:37:02.512498+00:00,32.06261518097017
2025-08-15 14:37:03.456644+00:00,32.05746448147693
2025-08-15 14:37:06.336490+00:00,32.05231378227472
2025-08-15 14:37:12.312548+00:00,32.06261518097017
2025-08-15 14:37:13.088580+00:00,32.0214095931733
2025-08-15 14:37:13.806769+00:00,32.03171098837629
2025-08-15 14:37:16.508114+00:00,32.02656029062928
2025-08-15 14:37:19.236737+00:00,32.01110819913447
2025-08-15 14:37:21.140399+00:00,32.00595750255161
2025-08-15 14:37:21.492496+00:00,31.99050541454926
2025-08-15 14:37:22.728343+00:00,31.995656110259006
2025-08-15 14:37:23.555597+00:00,31.995656110259006
2025-08-15 14:37:24.126072+00:00,31.99050541454926
2025-08-15 14:37:26.080578+00:00,31.995656110259006
2025-08-15 14:37:30.869461+00:00,31.985354719130555
2025-08-15 14:37:31.211153+00:00,31.980204024002887
2025-08-15 14:37:34.578444+00:00,31.985354719130555
2025-08-15 14:37:36.321679+00:00,31.969902634620667
2025-08-15 14:37:41.798051+00:00,31.964751940366114
2025-08-15 14:37:46.896842+00:00,31.980204024002887
2025-08-15 14:37:51.331393+00:00,31.985354719130555
2025-08-15 14:37:52.555820+00:00,32.00595750255161
2025-08-15 14:37:54.109651+00:00,32.00080680625979
2025-08-15 14:37:54.474920+00:00,32.00080680625979
2025-08-15 14:37:55.404769+00:00,32.01110819913447
2025-08-15 14:37:56.130311+00:00,32.00080680625979
2025-08-15 14:37:56.699103+00:00,32.00595750255161
2025-08-15 14:37:58.260716+00:00,32.00595750255161
2025-08-15 14:37:58.603444+00:00,32.00595750255161
2025-08-15 14:37:58.846399+00:00,32.01110819913447
2025-08-15 14:37:59.122998+00:00,32.01625889600837
2025-08-15 14:37:59.390403+00:00,32.00595750255161
2025-08-15 14:38:00.024701+00:00,32.01625889600837
2025-08-15 14:38:03.524417+00:00,32.01110819913447
2025-08-15 14:38:04.101956+00:00,32.01110819913447
2025-08-15 14:38:04.543622+00:00,32.00080680625979
2025-08-15 14:38:05.035067+00:00,32.01110819913447
2025-08-15 14:38:05.370828+00:00,32.00595750255161
2025-08-15 14:38:05.756346+00:00,32.00080680625979
2025-08-15 14:38:06.198359+00:00,32.00595750255161
2025-08-15 14:38:06.582672+00:00,32.00595750255161
2025-08-15 14:38:06.875132+00:00,32.00595750255161
2025-08-15 14:38:11.011047+00:00,31.980204024002887
2025-08-15 14:38:11.413410+00:00,31.980204024002887
2025-08-15 14:38:12.872237+00:00,31.980204024002887
2025-08-15 14:38:13.475941+00:00,31.969902634620667
2025-08-15 14:38:13.712828+00:00,31.980204024002887
2025-08-15 14:38:14.237173+00:00,31.980204024002887
2025-08-15 14:38:15.143137+00:00,31.964751940366114
2025-08-15 14:38:17.109059+00:00,31.954450552730123
2025-08-15 14:38:18.354530+00:00,31.964751940366114
2025-08-15 14:38:19.273104+00:00,31.944149166258285
2025-08-15 14:38:21.177753+00:00,31.938998473458923
2025-08-15 14:38:23.643296+00:00,31.938998473458923
2025-08-15 14:38:23.918689+00:00,31.944149166258285
2025-08-15 14:38:24.205442+00:00,31.928697088733315
2025-08-15 14:38:24.814599+00:00,31.944149166258285
2025-08-15 14:38:25.917965+00:00,31.9338477809506
2025-08-15 14:38:28.054493+00:00,31.949299859348685
2025-08-15 14:38:28.961834+00:00,31.938998473458923
2025-08-15 14:38:29.859385+00:00,31.938998473458923
2025-08-15 14:38:33.766984+00:00,31.949299859348685
2025-08-15 14:38:34.098382+00:00,31.9596012464026
2025-08-15 14:38:35.218854+00:00,31.969902634620667
2025-08-15 14:38:35.555095+00:00,31.9596012464026
2025-08-15 14:38:36.063003+00:00,31.9596012464026
2025-08-15 14:38:36.295970+00:00,31.964751940366114
2025-08-15 14:38:36.773202+00:00,31.969902634620667
2025-08-15 14:38:37.610143+00:00,31.969902634620667
2025-08-15 14:38:38.769951+00:00,31.975053329166258
2025-08-15 14:38:39.012132+00:00,31.980204024002887
2025-08-15 14:38:39.271131+00:00,31.985354719130555
2025-08-15 14:38:41.310941+00:00,32.00080680625979
2025-08-15 14:38:43.987335+00:00,32.02656029062928
2025-08-15 14:38:44.311369+00:00,32.03171098837629
2025-08-15 14:38:45.142994+00:00,32.03686168641434
2025-08-15 14:38:49.744997+00:00,32.03686168641434
2025-08-15 14:38:50.562043+00:00,32.04201238474343
2025-08-15 14:38:53.728137+00:00,32.05746448147693
2025-08-15 14:38:54.507234+00:00,32.04716308336356
2025-08-15 14:38:55.952660+00:00,32.04716308336356
2025-08-15 14:38:56.687192+00:00,32.03171098837629
2025-08-15 14:38:57.487172+00:00,32.03171098837629
2025-08-15 14:38:57.724069+00:00,32.04201238474343
2025-08-15 14:38:59.260682+00:00,32.05231378227472
2025-08-15 14:38:59.836280+00:00,32.04201238474343
2025-08-15 14:39:02.508288+00:00,32.04201238474343
2025-08-15 14:39:07.900441+00:00,32.03171098837629
2025-08-15 14:39:08.224540+00:00,32.0214095931733
2025-08-15 14:39:08.675990+00:00,32.0214095931733
2025-08-15 14:39:09.543844+00:00,32.01110819913447
2025-08-15 14:39:10.779544+00:00,32.01110819913447
2025-08-15 14:39:12.216909+00:00,32.00080680625979
2025-08-15 14:39:12.962069+00:00,32.01110819913447
2025-08-15 14:39:14.590469+00:00,32.01110819913447
2025-08-15 14:39:18.933685+00:00,32.0214095931733
2025-08-15 14:39:19.336327+00:00,32.01110819913447
2025-08-15 14:39:21.601142+00:00,32.01110819913447
2025-08-15 14:39:25.270685+00:00,32.0214095931733
2025-08-15 14:39:25.842289+00:00,32.04716308336356
2025-08-15 14:39:26.642938+00:00,32.05746448147693
2025-08-15 14:39:28.200326+00:00,32.05746448147693
2025-08-15 14:39:29.278127+00:00,32.05746448147693
2025-08-15 14:39:29.735174+00:00,32.05746448147693
2025-08-15 14:39:30.058781+00:00,32.06261518097017
2025-08-15 14:39:30.519114+00:00,32.05746448147693
2025-08-15 14:39:31.012449+00:00,32.06261518097017
2025-08-15 14:39:35.081773+00:00,32.07291658082977
2025-08-15 14:39:35.546972+00:00,32.05746448147693
2025-08-15 14:39:35.765959+00:00,32.04716308336356
2025-08-15 14:39:36.353135+00:00,32.05231378227472
2025-08-15 14:39:36.518030+00:00,32.07291658082977
2025-08-15 14:39:36.787523+00:00,32.06776588075445
2025-08-15 14:39:37.103887+00:00,32.06776588075445
2025-08-15 14:39:37.387986+00:00,32.07806728119613
2025-08-15 14:39:39.199846+00:00,32.07806728119613
2025-08-15 14:39:39.752965+00:00,32.07291658082977
2025-08-15 14:39:40.010813+00:00,32.07291658082977
2025-08-15 14:39:42.461350+00:00,32.06776588075445
2025-08-15 14:39:43.528056+00:00,32.07806728119613
2025-08-15 14:39:43.804408+00:00,32.088368682801956
2025-08-15 14:39:45.319022+00:00,32.08321798185352
2025-08-15 14:39:47.065813+00:00,32.08321798185352
2025-08-15 14:39:50.086116+00:00,32.06776588075445
2025-08-15 14:39:51.199882+00:00,32.06261518097017
2025-08-15 14:39:51.444096+00:00,32.05746448147693
2025-08-15 14:39:51.682408+00:00,32.06776588075445
2025-08-15 14:39:53.765458+00:00,32.06261518097017
2025-08-15 14:39:54.625185+00:00,32.05231378227472
2025-08-15 14:39:55.844673+00:00,32.04201238474343
2025-08-15 14:39:57.203449+00:00,32.04201238474343
2025-08-15 14:39:57.434234+00:00,32.04716308336356
2025-08-15 14:39:58.203100+00:00,32.03686168641434
2025-08-15 14:39:59.930324+00:00,32.02656029062928
2025-08-15 14:40:00.321649+00:00,32.03171098837629
2025-08-15 14:40:00.891026+00:00,32.0214095931733
2025-08-15 14:40:04.066921+00:00,32.0214095931733
2025-08-15 14:40:05.394459+00:00,32.00080680625979
2025-08-15 14:40:08.532514+00:00,32.00080680625979
2025-08-15 14:40:12.467718+00:00,31.980204024002887
2025-08-15 14:40:16.417531+00:00,31.975053329166258
2025-08-15 14:40:19.026418+00:00,32.00080680625979
2025-08-15 14:40:19.569251+00:00,32.00595750255161
2025-08-15 14:40:20.512098+00:00,32.00080680625979
2025-08-15 14:40:21.167662+00:00,31.995656110259006
2025-08-15 14:40:28.407503+00:00,32.01110819913447
2025-08-15 14:40:29.974387+00:00,32.0214095931733
2025-08-15 14:40:31.671742+00:00,32.0214095931733
2025-08-15 14:40:33.020460+00:00,32.01625889600837
2025-08-15 14:40:37.318076+00:00,32.0214095931733
2025-08-15 14:40:39.352813+00:00,32.0214095931733
2025-08-15 14:40:40.023567+00:00,32.02656029062928
2025-08-15 14:40:42.528535+00:00,32.03171098837629
2025-08-15 14:40:42.912125+00:00,32.04201238474343
2025-08-15 14:40:43.226922+00:00,32.03686168641434
2025-08-15 14:40:45.356766+00:00,32.04716308336356
2025-08-15 14:40:47.008532+00:00,32.04716308336356
2025-08-15 14:40:47.699006+00:00,32.05231378227472
2025-08-15 14:40:49.836722+00:00,32.05231378227472
2025-08-15 14:40:50.296644+00:00,32.05231378227472
2025-08-15 14:40:51.467647+00:00,32.08321798185352
2025-08-15 14:40:52.261389+00:00,32.04201238474343
2025-08-15 14:40:53.155551+00:00,32.04201238474343
2025-08-15 14:40:53.873353+00:00,32.05231378227472
2025-08-15 14:40:56.288038+00:00,32.04201238474343
2025-08-15 14:40:56.650388+00:00,32.04716308336356
2025-08-15 14:40:56.924943+00:00,32.05231378227472
2025-08-15 14:40:57.175756+00:00,32.04201238474343
2025-08-15 14:40:59.003430+00:00,32.04716308336356
2025-08-15 14:40:59.647775+00:00,32.03171098837629
2025-08-15 14:40:59.964318+00:00,32.03171098837629
2025-08-15 14:41:00.486370+00:00,32.04201238474343
2025-08-15 14:41:01.624362+00:00,32.04201238474343
2025-08-15 14:41:04.329312+00:00,32.03171098837629
2025-08-15 14:41:10.576529+00:00,32.02656029062928
2025-08-15 14:41:11.383962+00:00,32.04201238474343
2025-08-15 14:41:11.760373+00:00,32.03171098837629
2025-08-15 14:41:12.043165+00:00,32.04201238474343
2025-08-15 14:41:12.689237+00:00,32.03171098837629
2025-08-15 14:41:12.894927+00:00,32.03171098837629
2025-08-15 14:41:13.096657+00:00,32.03686168641434
2025-08-15 14:41:13.276950+00:00,32.04201238474343
2025-08-15 14:41:18.143829+00:00,32.05231378227472
2025-08-15 14:41:18.670369+00:00,32.05231378227472
2025-08-15 14:41:19.054746+00:00,32.04716308336356
2025-08-15 14:41:19.879481+00:00,32.04201238474343
2025-08-15 14:41:21.827586+00:00,32.04201238474343
2025-08-15 14:41:22.730763+00:00,32.05746448147693
2025-08-15 14:41:25.104026+00:00,32.05746448147693
2025-08-15 14:41:26.051888+00:00,32.05231378227472
2025-08-15 14:41:26.540830+00:00,32.05746448147693
2025-08-15 14:41:27.298797+00:00,32.05746448147693
2025-08-15 14:41:29.418127+00:00,32.06261518097017
2025-08-15 14:41:30.499028+00:00,32.08321798185352
2025-08-15 14:41:31.943685+00:00,32.07291658082977
2025-08-15 14:41:33.264532+00:00,32.09351938404143
2025-08-15 14:41:33.880373+00:00,32.088368682801956
2025-08-15 14:41:35.281197+00:00,32.119272894604364
2025-08-15 14:41:36.643698+00:00,32.12442359759007
2025-08-15 14:41:38.210198+00:00,32.12442359759007
2025-08-15 14:41:41.458121+00:00,32.12442359759007
2025-08-15 14:41:42.852101+00:00,32.119272894604364
2025-08-15 14:41:44.977262+00:00,32.119272894604364
2025-08-15 14:41:46.303824+00:00,32.1141221919097
2025-08-15 14:41:48.976496+00:00,32.12442359759007
2025-08-15 14:41:50.168481+00:00,32.10382078739349
2025-08-15 14:41:50.329693+00:00,32.10382078739349
2025-08-15 14:41:51.742434+00:00,32.10382078739349
2025-08-15 14:41:53.847718+00:00,32.09351938404143
2025-08-15 14:41:54.859970+00:00,32.09351938404143
2025-08-15 14:41:55.787124+00:00,32.09867008557194
2025-08-15 14:41:56.484859+00:00,32.088368682801956
2025-08-15 14:41:57.809839+00:00,32.07806728119613
2025-08-15 14:41:58.671149+00:00,32.07291658082977
2025-08-15 14:42:01.099830+00:00,32.08321798185352
2025-08-15 14:42:01.909047+00:00,32.07806728119613
2025-08-15 14:42:03.963936+00:00,32.088368682801956
2025-08-15 14:42:06.026200+00:00,32.08321798185352
2025-08-15 14:42:06.906108+00:00,32.06776588075445
2025-08-15 14:42:07.571114+00:00,32.07806728119613
2025-08-15 14:42:12.737499+00:00,32.06776588075445
2025-08-15 14:42:13.833201+00:00,32.05231378227472
2025-08-15 14:42:16.903451+00:00,32.06261518097017
2025-08-15 14:42:17.300140+00:00,32.05746448147693
2025-08-15 14:42:19.422231+00:00,32.05231378227472
2025-08-15 14:42:22.633470+00:00,32.04716308336356
2025-08-15 14:42:23.274167+00:00,32.05231378227472
2025-08-15 14:42:26.681515+00:00,32.04201238474343
2025-08-15 14:42:26.964824+00:00,32.04716308336356
2025-08-15 14:42:27.284404+00:00,32.04201238474343
2025-08-15 14:42:27.708429+00:00,32.04716308336356
2025-08-15 14:42:29.799130+00:00,32.04201238474343
2025-08-15 14:42:36.246908+00:00,32.01625889600837
2025-08-15 14:42:37.403759+00:00,32.00595750255161
2025-08-15 14:42:41.105972+00:00,32.0214095931733
2025-08-15 14:42:41.804433+00:00,32.01625889600837
2025-08-15 14:42:42.132877+00:00,32.02656029062928
2025-08-15 14:42:42.457364+00:00,32.0214095931733
2025-08-15 14:42:44.568022+00:00,32.01110819913447
2025-08-15 14:42:45.097306+00:00,32.0214095931733
2025-08-15 14:42:49.083768+00:00,32.02656029062928
2025-08-15 14:42:49.501405+00:00,32.0214095931733
2025-08-15 14:42:49.893738+00:00,32.02656029062928
2025-08-15 14:42:51.104211+00:00,32.02656029062928
2025-08-15 14:42:53.459891+00:00,32.03171098837629
2025-08-15 14:42:55.548912+00:00,32.03171098837629
2025-08-15 14:43:00.869091+00:00,32.01625889600837
2025-08-15 14:43:04.879208+00:00,32.03171098837629
2025-08-15 14:43:05.305675+00:00,32.02656029062928
2025-08-15 14:43:07.821937+00:00,32.02656029062928
2025-08-15 14:43:08.496085+00:00,32.0214095931733
2025-08-15 14:43:09.195535+00:00,32.0214095931733
2025-08-15 14:43:10.200352+00:00,32.01625889600837
2025-08-15 14:43:13.827720+00:00,32.0214095931733
2025-08-15 14:43:15.512693+00:00,32.01110819913447
2025-08-15 14:43:18.404261+00:00,32.0214095931733
2025-08-15 14:43:19.206558+00:00,32.00080680625979
2025-08-15 14:43:20.016515+00:00,32.01110819913447
2025-08-15 14:43:20.250490+00:00,32.01110819913447
2025-08-15 14:43:20.485297+00:00,32.0214095931733
2025-08-15 14:43:20.727551+00:00,32.01110819913447
2025-08-15 14:43:21.003375+00:00,32.0214095931733
2025-08-15 14:43:21.494911+00:00,32.01110819913447
2025-08-15 14:43:25.038438+00:00,32.01110819913447
2025-08-15 14:43:26.483656+00:00,32.00595750255161
2025-08-15 14:43:27.363239+00:00,32.00595750255161
2025-08-15 14:43:28.073542+00:00,32.00595750255161
2025-08-15 14:43:29.201659+00:00,32.00080680625979
2025-08-15 14:43:29.951639+00:00,31.995656110259006
2025-08-15 14:43:30.816097+00:00,32.00080680625979
2025-08-15 14:43:32.261227+00:00,32.00080680625979
2025-08-15 14:43:32.812260+00:00,32.00595750255161
2025-08-15 14:43:33.786652+00:00,32.00595750255161
2025-08-15 14:43:38.146907+00:00,32.00080680625979
2025-08-15 14:43:39.364634+00:00,31.995656110259006
2025-08-15 14:43:39.998456+00:00,31.985354719130555
2025-08-15 14:43:42.423728+00:00,31.99050541454926
2025-08-15 14:43:43.135042+00:00,31.9596012464026
2025-08-15 14:43:43.391338+00:00,31.99050541454926
2025-08-15 14:43:44.899356+00:00,31.985354719130555
2025-08-15 14:43:47.127368+00:00,31.99050541454926
2025-08-15 14:43:49.561659+00:00,31.99050541454926
2025-08-15 14:43:49.862745+00:00,31.99050541454926
2025-08-15 14:43:50.039998+00:00,32.00080680625979
2025-08-15 14:43:52.234512+00:00,31.99050541454926
2025-08-15 14:43:52.736051+00:00,31.980204024002887
2025-08-15 14:43:53.296531+00:00,31.980204024002887
2025-08-15 14:43:54.833189+00:00,31.980204024002887
2025-08-15 14:43:56.545506+00:00,31.964751940366114
2025-08-15 14:43:58.599504+00:00,31.980204024002887
2025-08-15 14:43:59.561388+00:00,31.969902634620667
2025-08-15 14:43:59.762713+00:00,31.975053329166258
2025-08-15 14:44:00.427093+00:00,31.985354719130555
2025-08-15 14:44:00.799202+00:00,31.995656110259006
2025-08-15 14:44:06.682053+00:00,31.980204024002887
2025-08-15 14:44:08.268598+00:00,31.964751940366114
2025-08-15 14:44:12.676476+00:00,31.975053329166258
2025-08-15 14:44:12.949230+00:00,31.969902634620667
2025-08-15 14:44:13.219575+00:00,31.980204024002887
2025-08-15 14:44:13.433181+00:00,31.975053329166258
2025-08-15 14:44:13.656157+00:00,31.969902634620667
2025-08-15 14:44:15.833811+00:00,31.964751940366114
2025-08-15 14:44:19.101452+00:00,31.975053329166258
2025-08-15 14:44:21.499760+00:00,31.9596012464026
2025-08-15 14:44:23.019760+00:00,31.964751940366114
2025-08-15 14:44:24.615477+00:00,31.969902634620667
2025-08-15 14:44:25.473685+00:00,31.969902634620667
2025-08-15 14:44:26.662232+00:00,31.980204024002887
2025-08-15 14:44:27.964192+00:00,31.985354719130555
2025-08-15 14:44:29.201558+00:00,31.969902634620667
2025-08-15 14:44:30.941870+00:00,31.964751940366114
2025-08-15 14:44:31.692260+00:00,31.969902634620667
2025-08-15 14:44:32.579343+00:00,31.964751940366114
2025-08-15 14:44:33.085162+00:00,31.969902634620667
2025-08-15 14:44:33.611081+00:00,31.969902634620667
2025-08-15 14:44:35.034571+00:00,31.9596012464026
2025-08-15 14:44:41.372619+00:00,31.9596012464026
2025-08-15 14:44:42.063801+00:00,31.949299859348685
2025-08-15 14:44:42.807404+00:00,31.9596012464026
2025-08-15 14:44:43.031141+00:00,31.949299859348685
2025-08-15 14:44:45.850090+00:00,31.944149166258285
2025-08-15 14:44:46.806260+00:00,31.944149166258285
2025-08-15 14:44:47.559816+00:00,31.938998473458923
2025-08-15 14:44:48.765271+00:00,31.9338477809506
2025-08-15 14:44:49.467530+00:00,31.944149166258285
2025-08-15 14:44:50.650903+00:00,31.949299859348685
2025-08-15 14:44:52.007105+00:00,31.9338477809506
2025-08-15 14:44:53.199792+00:00,31.928697088733315
2025-08-15 14:44:54.081922+00:00,31.944149166258285
2025-08-15 14:44:54.670433+00:00,31.938998473458923
2025-08-15 14:44:56.156996+00:00,31.9338477809506
2025-08-15 14:44:59.787024+00:00,31.92354639680707
2025-08-15 14:45:00.153204+00:00,31.91839570517186
2025-08-15 14:45:00.724644+00:00,31.91324501382769
2025-08-15 14:45:01.547957+00:00,31.902943632012466
2025-08-15 14:45:02.132945+00:00,31.902943632012466
2025-08-15 14:45:06.561491+00:00,31.91839570517186
2025-08-15 14:45:08.598406+00:00,31.90809432277456
2025-08-15 14:45:08.982718+00:00,31.90809432277456
2025-08-15 14:45:09.735659+00:00,31.91324501382769
2025-08-15 14:45:10.510314+00:00,31.91324501382769
2025-08-15 14:45:10.862509+00:00,31.90809432277456
2025-08-15 14:45:11.216358+00:00,31.90809432277456
2025-08-15 14:45:11.829709+00:00,31.90809432277456
2025-08-15 14:45:12.435715+00:00,31.90809432277456
2025-08-15 14:45:12.832322+00:00,31.90809432277456
2025-08-15 14:45:13.518823+00:00,31.91324501382769
2025-08-15 14:45:20.810694+00:00,31.90809432277456
2025-08-15 14:45:21.429929+00:00,31.91324501382769
2025-08-15 14:45:23.058933+00:00,31.90809432277456
2025-08-15 14:45:24.820497+00:00,31.90809432277456
2025-08-15 14:45:25.246775+00:00,31.90809432277456
2025-08-15 14:45:26.427687+00:00,31.90809432277456
2025-08-15 14:45:29.834035+00:00,31.90809432277456
2025-08-15 14:45:30.475915+00:00,31.90809432277456
2025-08-15 14:45:34.990114+00:00,31.90809432277456
2025-08-15 14:45:35.355735+00:00,31.91839570517186
2025-08-15 14:45:38.833713+00:00,31.91324501382769
2025-08-15 14:45:43.310933+00:00,31.92354639680707
2025-08-15 14:45:46.121368+00:00,31.91839570517186
2025-08-15 14:45:47.839918+00:00,31.91324501382769
2025-08-15 14:45:49.050218+00:00,31.91839570517186
2025-08-15 14:45:49.466058+00:00,31.91324501382769
2025-08-15 14:45:49.953163+00:00,31.90809432277456
2025-08-15 14:45:50.197271+00:00,31.91839570517186
2025-08-15 14:45:53.296278+00:00,31.92354639680707
2025-08-15 14:45:54.201060+00:00,31.91839570517186
2025-08-15 14:45:55.797238+00:00,31.91324501382769
2025-08-15 14:45:56.579766+00:00,31.928697088733315
2025-08-15 14:45:56.930595+00:00,31.9338477809506
2025-08-15 14:45:57.262081+00:00,31.9338477809506
2025-08-15 14:45:58.443934+00:00,31.9338477809506
2025-08-15 14:45:59.911994+00:00,31.92354639680707
2025-08-15 14:46:01.453698+00:00,31.92354639680707
2025-08-15 14:46:03.946966+00:00,31.928697088733315
2025-08-15 14:46:06.191072+00:00,31.91839570517186
2025-08-15 14:46:07.857831+00:00,31.90809432277456
2025-08-15 14:46:09.062133+00:00,31.91839570517186
2025-08-15 14:46:12.197395+00:00,31.902943632012466
2025-08-15 14:46:13.287667+00:00,31.89779294154141
2025-08-15 14:46:13.521325+00:00,31.892642251361394
2025-08-15 14:46:13.754835+00:00,31.89779294154141
2025-08-15 14:46:14.726954+00:00,31.892642251361394
2025-08-15 14:46:14.929843+00:00,31.902943632012466
2025-08-15 14:46:15.972894+00:00,31.89779294154141
2025-08-15 14:46:17.206675+00:00,31.89779294154141
2025-08-15 14:46:17.532317+00:00,31.90809432277456
2025-08-15 14:46:17.909538+00:00,31.902943632012466
2025-08-15 14:46:18.769101+00:00,31.887491561472416
2025-08-15 14:46:20.992001+00:00,31.887491561472416
2025-08-15 14:46:21.671495+00:00,31.89779294154141
2025-08-15 14:46:22.200512+00:00,31.882340871874476
2025-08-15 14:46:23.977031+00:00,31.892642251361394
2025-08-15 14:46:26.875370+00:00,31.892642251361394
2025-08-15 14:46:29.825728+00:00,31.887491561472416
2025-08-15 14:46:30.331750+00:00,31.887491561472416
2025-08-15 14:46:30.657531+00:00,31.89779294154141
2025-08-15 14:46:34.779288+00:00,31.887491561472416
2025-08-15 14:46:35.686940+00:00,31.882340871874476
2025-08-15 14:46:37.169331+00:00,31.902943632012466
2025-08-15 14:46:37.359927+00:00,31.90809432277456
2025-08-15 14:46:39.357273+00:00,31.91324501382769
2025-08-15 14:46:40.771107+00:00,31.902943632012466
2025-08-15 14:46:41.931321+00:00,31.91324501382769
2025-08-15 14:46:48.021222+00:00,31.90809432277456
2025-08-15 14:46:48.447327+00:00,31.902943632012466
2025-08-15 14:46:48.831328+00:00,31.89779294154141
2025-08-15 14:46:49.012160+00:00,31.902943632012466
2025-08-15 14:46:49.406292+00:00,31.892642251361394
2025-08-15 14:46:49.912723+00:00,31.89779294154141
2025-08-15 14:46:51.205770+00:00,31.91324501382769
2025-08-15 14:46:51.538349+00:00,31.902943632012466
2025-08-15 14:46:51.764164+00:00,31.91839570517186
2025-08-15 14:46:52.079231+00:00,31.902943632012466
2025-08-15 14:46:52.541648+00:00,31.90809432277456
2025-08-15 14:46:53.220002+00:00,31.902943632012466
2025-08-15 14:46:54.964820+00:00,31.90809432277456
2025-08-15 14:46:55.588171+00:00,31.90809432277456
2025-08-15 14:46:56.042529+00:00,31.91324501382769
2025-08-15 14:46:59.634409+00:00,31.91839570517186
2025-08-15 14:47:00.226745+00:00,31.90809432277456
2025-08-15 14:47:01.175190+00:00,31.91324501382769
2025-08-15 14:47:03.636235+00:00,31.91324501382769
2025-08-15 14:47:06.046438+00:00,31.91839570517186
2025-08-15 14:47:08.639363+00:00,31.928697088733315
2025-08-15 14:47:09.392916+00:00,31.92354639680707
2025-08-15 14:47:12.402395+00:00,31.9338477809506
2025-08-15 14:47:13.453644+00:00,31.938998473458923
2025-08-15 14:47:13.745509+00:00,31.938998473458923
2025-08-15 14:47:19.549904+00:00,31.928697088733315
2025-08-15 14:47:20.945404+00:00,31.949299859348685
2025-08-15 14:47:21.244789+00:00,31.949299859348685
2025-08-15 14:47:21.663283+00:00,31.949299859348685
2025-08-15 14:47:22.040721+00:00,31.969902634620667
2025-08-15 14:47:25.293769+00:00,31.954450552730123
2025-08-15 14:47:25.910548+00:00,31.9596012464026
2025-08-15 14:47:28.102870+00:00,31.9596012464026
2025-08-15 14:47:28.860570+00:00,31.964751940366114
2025-08-15 14:47:30.120733+00:00,31.9596012464026
2025-08-15 14:47:31.450504+00:00,31.964751940366114
2025-08-15 14:47:33.421944+00:00,31.964751940366114
2025-08-15 14:47:33.889214+00:00,31.964751940366114
2025-08-15 14:47:34.348318+00:00,31.969902634620667
2025-08-15 14:47:39.863051+00:00,31.964751940366114
2025-08-15 14:47:40.272323+00:00,31.9596012464026
2025-08-15 14:47:40.671705+00:00,31.964751940366114
2025-08-15 14:47:41.826977+00:00,31.975053329166258
2025-08-15 14:47:42.536357+00:00,31.969902634620667
2025-08-15 14:47:43.145963+00:00,31.9596012464026
2025-08-15 14:47:43.745127+00:00,31.980204024002887
2025-08-15 14:47:45.873739+00:00,31.969902634620667
2025-08-15 14:47:46.400473+00:00,31.969902634620667
2025-08-15 14:47:49.905810+00:00,31.969902634620667
2025-08-15 14:47:50.737095+00:00,31.964751940366114
2025-08-15 14:47:52.019680+00:00,31.9596012464026
2025-08-15 14:47:53.128391+00:00,31.969902634620667
2025-08-15 14:47:55.960688+00:00,31.954450552730123
2025-08-15 14:47:57.382094+00:00,31.9596012464026
2025-08-15 14:48:03.929625+00:00,31.949299859348685
2025-08-15 14:48:04.413581+00:00,31.944149166258285
2025-08-15 14:48:09.906349+00:00,31.938998473458923
2025-08-15 14:48:13.202039+00:00,31.949299859348685
2025-08-15 14:48:13.737080+00:00,31.949299859348685
2025-08-15 14:48:14.630238+00:00,31.954450552730123
2025-08-15 14:48:16.447231+00:00,31.949299859348685
2025-08-15 14:48:17.910018+00:00,31.954450552730123
2025-08-15 14:48:19.134390+00:00,31.949299859348685
2025-08-15 14:48:20.980225+00:00,31.949299859348685
2025-08-15 14:48:22.258511+00:00,31.954450552730123
2025-08-15 14:48:23.812270+00:00,31.954450552730123
2025-08-15 14:48:27.846511+00:00,31.954450552730123
2025-08-15 14:48:30.988010+00:00,31.944149166258285
2025-08-15 14:48:34.604291+00:00,31.928697088733315
2025-08-15 14:48:35.264900+00:00,31.949299859348685
2025-08-15 14:48:36.986931+00:00,31.9596012464026
2025-08-15 14:48:37.235933+00:00,31.964751940366114
2025-08-15 14:48:39.300883+00:00,31.9596012464026
2025-08-15 14:48:41.180784+00:00,31.969902634620667
2025-08-15 14:48:41.889171+00:00,31.964751940366114
2025-08-15 14:48:42.213529+00:00,31.9596012464026
2025-08-15 14:48:42.449791+00:00,31.964751940366114
2025-08-15 14:48:42.876303+00:00,31.969902634620667
2025-08-15 14:48:44.104970+00:00,31.954450552730123
2025-08-15 14:48:48.885127+00:00,31.9596012464026
2025-08-15 14:48:51.418246+00:00,31.954450552730123
2025-08-15 14:48:52.860035+00:00,31.954450552730123
2025-08-15 14:48:55.863051+00:00,31.954450552730123
2025-08-15 14:48:56.841047+00:00,31.949299859348685
2025-08-15 14:48:57.675402+00:00,31.949299859348685
2025-08-15 14:48:57.919009+00:00,31.949299859348685
2025-08-15 14:49:00.702215+00:00,31.949299859348685
2025-08-15 14:49:02.854337+00:00,31.944149166258285
2025-08-15 14:49:04.786126+00:00,31.938998473458923
2025-08-15 14:49:05.463986+00:00,31.938998473458923
2025-08-15 14:49:06.154497+00:00,31.92354639680707
2025-08-15 14:49:08.153195+00:00,31.92354639680707
2025-08-15 14:49:10.451845+00:00,31.91839570517186
2025-08-15 14:49:11.042693+00:00,31.91324501382769
2025-08-15 14:49:15.783146+00:00,31.938998473458923
2025-08-15 14:49:16.632327+00:00,31.949299859348685
2025-08-15 14:49:17.121306+00:00,31.954450552730123
2025-08-15 14:49:19.638826+00:00,31.969902634620667
2025-08-15 14:49:19.980818+00:00,31.975053329166258
2025-08-15 14:49:20.549088+00:00,31.980204024002887
2025-08-15 14:49:24.468507+00:00,31.980204024002887
2025-08-15 14:49:24.726619+00:00,31.980204024002887
2025-08-15 14:49:24.978244+00:00,31.980204024002887
2025-08-15 14:49:28.563600+00:00,31.99050541454926
2025-08-15 14:49:29.651126+00:00,32.00595750255161
2025-08-15 14:49:31.077923+00:00,31.99050541454926
2025-08-15 14:49:31.460645+00:00,31.99050541454926
2025-08-15 14:49:31.926522+00:00,31.980204024002887
2025-08-15 14:49:35.372898+00:00,31.995656110259006
2025-08-15 14:49:36.602742+00:00,31.99050541454926
2025-08-15 14:49:37.188060+00:00,31.99050541454926
2025-08-15 14:49:37.837115+00:00,31.985354719130555
2025-08-15 14:49:38.301718+00:00,31.99050541454926
2025-08-15 14:49:38.698986+00:00,31.99050541454926
2025-08-15 14:49:39.075092+00:00,31.99050541454926
2025-08-15 14:49:39.466702+00:00,31.980204024002887
2025-08-15 14:49:40.025684+00:00,31.99050541454926
2025-08-15 14:49:40.253058+00:00,31.985354719130555
2025-08-15 14:49:40.730144+00:00,31.99050541454926
2025-08-15 14:49:43.010893+00:00,31.99050541454926
2025-08-15 14:49:43.435194+00:00,31.975053329166258
2025-08-15 14:49:45.325069+00:00,31.964751940366114
2025-08-15 14:49:46.537167+00:00,31.9596012464026
2025-08-15 14:49:49.211551+00:00,31.944149166258285
2025-08-15 14:49:53.582996+00:00,31.944149166258285
2025-08-15 14:49:54.151382+00:00,31.938998473458923
2025-08-15 14:49:56.784408+00:00,31.9338477809506
2025-08-15 14:49:58.017087+00:00,31.91839570517186
2025-08-15 14:49:58.375774+00:00,31.928697088733315
2025-08-15 14:49:58.780118+00:00,31.928697088733315
2025-08-15 14:49:59.013268+00:00,31.91839570517186
2025-08-15 14:50:03.935228+00:00,31.9338477809506
2025-08-15 14:50:04.475576+00:00,31.91324501382769
2025-08-15 14:50:04.981788+00:00,31.90809432277456
2025-08-15 14:50:05.612156+00:00,31.91839570517186
2025-08-15 14:50:07.927404+00:00,31.902943632012466
2025-08-15 14:50:08.411920+00:00,31.91324501382769
2025-08-15 14:50:10.382871+00:00,31.90809432277456
2025-08-15 14:50:11.115288+00:00,31.902943632012466
2025-08-15 14:50:13.317284+00:00,31.91324501382769
2025-08-15 14:50:19.776565+00:00,31.90809432277456
2025-08-15 14:50:28.059668+00:00,31.89779294154141
2025-08-15 14:50:28.575083+00:00,31.91839570517186
2025-08-15 14:50:29.074940+00:00,31.89779294154141
2025-08-15 14:50:29.580532+00:00,31.90809432277456
2025-08-15 14:50:30.059385+00:00,31.91324501382769
2025-08-15 14:50:30.526180+00:00,31.91324501382769
2025-08-15 14:50:35.094673+00:00,31.91839570517186
2025-08-15 14:50:36.336543+00:00,31.92354639680707
2025-08-15 14:50:39.708932+00:00,31.91839570517186
2025-08-15 14:50:43.406773+00:00,31.902943632012466
2025-08-15 14:50:46.273160+00:00,31.90809432277456
2025-08-15 14:50:48.735255+00:00,31.90809432277456
2025-08-15 14:50:49.417281+00:00,31.902943632012466
2025-08-15 14:50:50.135511+00:00,31.90809432277456
2025-08-15 14:50:51.200380+00:00,31.91839570517186
2025-08-15 14:50:52.351968+00:00,31.91839570517186
2025-08-15 14:50:54.670163+00:00,31.90809432277456
2025-08-15 14:50:58.244874+00:00,31.92354639680707
2025-08-15 14:50:58.872192+00:00,31.91839570517186
2025-08-15 14:50:59.549197+00:00,31.9338477809506
2025-08-15 14:50:59.957865+00:00,31.928697088733315
2025-08-15 14:51:01.967944+00:00,31.91839570517186
2025-08-15 14:51:06.667302+00:00,31.92354639680707
2025-08-15 14:51:07.482913+00:00,31.91839570517186
2025-08-15 14:51:08.593357+00:00,31.91839570517186
2025-08-15 14:51:13.564744+00:00,31.954450552730123
2025-08-15 14:51:15.031557+00:00,31.949299859348685
2025-08-15 14:51:17.254945+00:00,31.9596012464026
2025-08-15 14:51:18.934536+00:00,31.964751940366114
2025-08-15 14:51:20.454291+00:00,31.964751940366114
2025-08-15 14:51:20.904952+00:00,31.964751940366114
2025-08-15 14:51:22.448491+00:00,31.949299859348685
2025-08-15 14:51:23.808409+00:00,31.964751940366114
2025-08-15 14:51:27.506990+00:00,31.980204024002887
2025-08-15 14:51:27.776265+00:00,31.969902634620667
2025-08-15 14:51:29.366445+00:00,31.980204024002887
2025-08-15 14:51:29.782773+00:00,31.985354719130555
2025-08-15 14:51:30.052584+00:00,31.99050541454926
2025-08-15 14:51:36.357700+00:00,31.980204024002887
2025-08-15 14:51:37.074372+00:00,31.975053329166258
2025-08-15 14:51:37.492445+00:00,31.969902634620667
2025-08-15 14:51:38.309811+00:00,31.980204024002887
2025-08-15 14:51:38.613390+00:00,32.00595750255161
2025-08-15 14:51:38.737303+00:00,31.995656110259006
2025-08-15 14:51:40.383823+00:00,31.980204024002887
2025-08-15 14:51:43.507183+00:00,31.99050541454926
2025-08-15 14:51:44.945061+00:00,31.995656110259006
2025-08-15 14:51:50.060062+00:00,31.99050541454926
2025-08-15 14:51:51.798328+00:00,31.985354719130555
2025-08-15 14:51:52.021839+00:00,31.985354719130555
2025-08-15 14:51:52.281478+00:00,31.980204024002887
2025-08-15 14:51:52.676855+00:00,31.980204024002887
2025-08-15 14:51:52.948791+00:00,31.99050541454926
2025-08-15 14:51:53.560939+00:00,31.99050541454926
2025-08-15 14:51:59.287001+00:00,31.969902634620667
2025-08-15 14:51:59.922952+00:00,31.969902634620667
2025-08-15 14:52:02.158210+00:00,31.9596012464026
2025-08-15 14:52:02.691675+00:00,31.954450552730123
2025-08-15 14:52:04.014115+00:00,31.954450552730123
2025-08-15 14:52:04.749678+00:00,31.954450552730123
2025-08-15 14:52:09.636845+00:00,31.938998473458923
2025-08-15 14:52:13.984455+00:00,31.928697088733315
2025-08-15 14:52:15.390129+00:00,31.949299859348685
2025-08-15 14:52:16.666518+00:00,31.9338477809506
2025-08-15 14:52:17.099753+00:00,31.9338477809506
2025-08-15 14:52:20.237779+00:00,31.949299859348685
2025-08-15 14:52:20.913704+00:00,31.954450552730123
2025-08-15 14:52:21.139341+00:00,31.954450552730123
2025-08-15 14:52:21.572707+00:00,31.964751940366114
2025-08-15 14:52:22.089448+00:00,31.9596012464026
2025-08-15 14:52:23.387238+00:00,31.954450552730123
2025-08-15 14:52:23.821717+00:00,31.954450552730123
2025-08-15 14:52:25.148172+00:00,31.964751940366114
2025-08-15 14:52:26.099096+00:00,31.964751940366114
2025-08-15 14:52:27.388573+00:00,31.969902634620667
2025-08-15 14:52:29.928373+00:00,31.969902634620667
2025-08-15 14:52:32.064328+00:00,31.964751940366114
2025-08-15 14:52:34.100996+00:00,31.969902634620667
2025-08-15 14:52:35.676643+00:00,31.964751940366114
2025-08-15 14:52:35.995733+00:00,31.964751940366114
2025-08-15 14:52:36.715449+00:00,31.969902634620667
2025-08-15 14:52:37.240664+00:00,31.975053329166258
2025-08-15 14:52:37.891036+00:00,31.980204024002887
2025-08-15 14:52:38.557299+00:00,31.975053329166258
2025-08-15 14:52:38.826648+00:00,31.980204024002887
2025-08-15 14:52:39.514791+00:00,31.969902634620667
2025-08-15 14:52:40.764594+00:00,31.964751940366114
2025-08-15 14:52:42.166636+00:00,31.980204024002887
2025-08-15 14:52:43.042084+00:00,31.9596012464026
2025-08-15 14:52:44.533794+00:00,31.964751940366114
2025-08-15 14:52:44.866839+00:00,31.9596012464026
2025-08-15 14:52:46.215337+00:00,31.954450552730123
2025-08-15 14:52:46.658244+00:00,31.954450552730123
2025-08-15 14:52:47.132014+00:00,31.954450552730123
2025-08-15 14:52:47.615154+00:00,31.964751940366114
2025-08-15 14:52:48.133032+00:00,31.954450552730123
2025-08-15 14:52:49.493151+00:00,31.954450552730123
2025-08-15 14:52:50.655170+00:00,31.949299859348685
2025-08-15 14:52:50.797581+00:00,31.954450552730123
2025-08-15 14:52:51.866664+00:00,31.938998473458923
2025-08-15 14:52:55.056651+00:00,31.9338477809506
2025-08-15 14:52:56.093575+00:00,31.928697088733315
2025-08-15 14:52:59.290253+00:00,31.92354639680707
2025-08-15 14:53:02.608061+00:00,31.91839570517186
2025-08-15 14:53:04.287763+00:00,31.92354639680707
2025-08-15 14:53:08.314489+00:00,31.92354639680707
2025-08-15 14:53:10.391111+00:00,31.91839570517186
2025-08-15 14:53:14.173699+00:00,31.9338477809506
2025-08-15 14:53:14.610588+00:00,31.91839570517186
2025-08-15 14:53:14.843337+00:00,31.91839570517186
2025-08-15 14:53:15.547550+00:00,31.92354639680707
2025-08-15 14:53:17.505226+00:00,31.91839570517186
2025-08-15 14:53:19.806484+00:00,31.91839570517186
2025-08-15 14:53:20.808254+00:00,31.902943632012466
2025-08-15 14:53:22.061904+00:00,31.902943632012466
2025-08-15 14:53:23.724652+00:00,31.89779294154141
2025-08-15 14:53:24.100769+00:00,31.90809432277456
2025-08-15 14:53:24.969693+00:00,31.91839570517186
2025-08-15 14:53:26.672478+00:00,31.90809432277456
2025-08-15 14:53:28.010891+00:00,31.91839570517186
2025-08-15 14:53:29.247948+00:00,31.90809432277456
2025-08-15 14:53:35.286281+00:00,31.928697088733315
2025-08-15 14:53:36.045219+00:00,31.91839570517186
2025-08-15 14:53:39.372114+00:00,31.938998473458923
2025-08-15 14:53:39.797381+00:00,31.91839570517186
2025-08-15 14:53:41.151969+00:00,31.91839570517186
2025-08-15 14:53:42.278920+00:00,31.90809432277456
2025-08-15 14:53:43.321705+00:00,31.9338477809506
2025-08-15 14:53:43.605519+00:00,31.928697088733315
2025-08-15 14:53:44.130802+00:00,31.928697088733315
2025-08-15 14:53:53.156349+00:00,31.91839570517186
2025-08-15 14:53:54.031118+00:00,31.91839570517186
2025-08-15 14:53:54.523572+00:00,31.9338477809506
2025-08-15 14:53:54.760163+00:00,31.92354639680707
2025-08-15 14:53:55.120928+00:00,31.928697088733315
2025-08-15 14:53:55.363036+00:00,31.92354639680707
2025-08-15 14:53:57.125279+00:00,31.92354639680707
2025-08-15 14:53:58.430965+00:00,31.91324501382769
2025-08-15 14:53:59.671623+00:00,31.90809432277456
2025-08-15 14:54:01.113821+00:00,31.89779294154141
2025-08-15 14:54:02.937813+00:00,31.89779294154141
2025-08-15 14:54:03.796016+00:00,31.90809432277456
2025-08-15 14:54:04.634045+00:00,31.902943632012466
2025-08-15 14:54:05.697369+00:00,31.892642251361394
2025-08-15 14:54:08.473024+00:00,31.91324501382769
2025-08-15 14:54:12.986335+00:00,31.91324501382769
2025-08-15 14:54:13.839028+00:00,31.938998473458923
2025-08-15 14:54:17.944723+00:00,31.938998473458923
2025-08-15 14:54:19.539062+00:00,31.944149166258285
2025-08-15 14:54:20.046649+00:00,31.944149166258285
2025-08-15 14:54:20.364302+00:00,31.938998473458923
2025-08-15 14:54:20.983980+00:00,31.9338477809506
2025-08-15 14:54:21.408956+00:00,31.949299859348685
2025-08-15 14:54:22.280468+00:00,31.949299859348685
2025-08-15 14:54:24.021415+00:00,31.944149166258285
2025-08-15 14:54:25.855447+00:00,31.9596012464026
2025-08-15 14:54:26.323298+00:00,31.949299859348685
2025-08-15 14:54:26.631723+00:00,31.954450552730123
2025-08-15 14:54:28.787957+00:00,31.949299859348685
2025-08-15 14:54:29.865660+00:00,31.99050541454926
2025-08-15 14:54:30.344324+00:00,31.985354719130555
2025-08-15 14:54:32.071218+00:00,31.985354719130555
2025-08-15 14:54:34.764162+00:00,32.01625889600837
2025-08-15 14:54:35.021750+00:00,32.01625889600837
2025-08-15 14:54:35.296471+00:00,32.04201238474343
2025-08-15 14:54:36.112352+00:00,32.02656029062928
2025-08-15 14:54:36.475365+00:00,32.0214095931733
2025-08-15 14:54:36.778962+00:00,32.03686168641434
2025-08-15 14:54:38.220635+00:00,32.05746448147693
2025-08-15 14:54:39.079688+00:00,32.05231378227472
2025-08-15 14:54:40.546200+00:00,32.06776588075445
2025-08-15 14:54:42.763019+00:00,32.06776588075445
2025-08-15 14:54:44.981421+00:00,32.06261518097017
2025-08-15 14:54:47.566951+00:00,32.07806728119613
2025-08-15 14:54:48.004936+00:00,32.08321798185352
2025-08-15 14:54:48.511037+00:00,32.08321798185352
2025-08-15 14:54:50.743733+00:00,32.06776588075445
2025-08-15 14:54:52.408015+00:00,32.06776588075445
2025-08-15 14:54:52.909089+00:00,32.06261518097017
2025-08-15 14:54:55.096104+00:00,32.07806728119613
2025-08-15 14:54:55.541216+00:00,32.05231378227472
2025-08-15 14:54:57.161537+00:00,32.07291658082977
2025-08-15 14:54:57.604682+00:00,32.06261518097017
2025-08-15 14:54:58.090331+00:00,32.06261518097017
2025-08-15 14:54:58.364338+00:00,32.07806728119613
2025-08-15 14:54:59.535926+00:00,32.06776588075445
2025-08-15 14:54:59.935100+00:00,32.06776588075445
2025-08-15 14:55:06.120233+00:00,32.05746448147693
2025-08-15 14:55:06.936900+00:00,32.05231378227472
2025-08-15 14:55:27.021259+00:00,32.04201238474343
2025-08-15 14:55:30.328277+00:00,32.01625889600837
2025-08-15 14:55:33.228870+00:00,32.01110819913447
2025-08-15 14:55:34.664469+00:00,32.01110819913447
2025-08-15 14:55:36.544222+00:00,32.01110819913447
2025-08-15 14:55:39.939153+00:00,32.01110819913447
2025-08-15 14:55:46.846996+00:00,31.980204024002887
2025-08-15 14:55:48.033471+00:00,32.01110819913447
2025-08-15 14:55:49.793870+00:00,32.01110819913447
2025-08-15 14:55:50.887300+00:00,32.01625889600837
2025-08-15 14:55:53.301725+00:00,32.00080680625979
2025-08-15 14:55:53.844599+00:00,31.99050541454926
2025-08-15 14:55:56.769421+00:00,31.99050541454926
2025-08-15 14:55:59.082874+00:00,32.00595750255161
2025-08-15 14:55:59.978389+00:00,31.995656110259006
2025-08-15 14:56:02.585566+00:00,32.00080680625979
2025-08-15 14:56:03.002014+00:00,31.99050541454926
2025-08-15 14:56:03.565680+00:00,32.00080680625979
2025-08-15 14:56:04.033182+00:00,31.995656110259006
2025-08-15 14:56:08.064115+00:00,32.00080680625979
2025-08-15 14:56:10.243960+00:00,31.995656110259006
2025-08-15 14:56:20.578643+00:00,31.964751940366114
2025-08-15 14:56:21.213536+00:00,31.949299859348685
2025-08-15 14:56:23.227800+00:00,31.9596012464026
2025-08-15 14:56:24.765727+00:00,31.949299859348685
2025-08-15 14:56:26.977882+00:00,31.949299859348685
2025-08-15 14:56:28.723282+00:00,31.9338477809506
2025-08-15 14:56:29.569515+00:00,31.938998473458923
2025-08-15 14:56:31.315971+00:00,31.9338477809506
2025-08-15 14:56:31.738576+00:00,31.928697088733315
2025-08-15 14:56:34.977738+00:00,31.9338477809506
2025-08-15 14:56:36.452980+00:00,31.928697088733315
2025-08-15 14:56:37.118252+00:00,31.91839570517186
2025-08-15 14:56:37.871031+00:00,31.91324501382769
2025-08-15 14:56:38.814573+00:00,31.91839570517186
2025-08-15 14:56:41.312011+00:00,31.91839570517186
2025-08-15 14:56:42.840615+00:00,31.91839570517186
2025-08-15 14:56:43.117585+00:00,31.91324501382769
2025-08-15 14:56:46.552783+00:00,31.91839570517186
2025-08-15 14:56:50.154146+00:00,31.902943632012466
2025-08-15 14:56:55.432237+00:00,31.90809432277456
2025-08-15 14:56:56.601411+00:00,31.91839570517186
2025-08-15 14:56:56.996479+00:00,31.92354639680707
2025-08-15 14:56:59.275535+00:00,31.91839570517186
2025-08-15 14:57:05.308241+00:00,31.944149166258285
2025-08-15 14:57:06.016873+00:00,31.938998473458923
2025-08-15 14:57:06.773925+00:00,31.949299859348685
2025-08-15 14:57:08.911712+00:00,31.938998473458923
2025-08-15 14:57:13.324837+00:00,31.949299859348685
2025-08-15 14:57:17.383820+00:00,31.9596012464026
2025-08-15 14:57:17.785371+00:00,31.9596012464026
2025-08-15 14:57:18.352139+00:00,31.964751940366114
2025-08-15 14:57:19.398869+00:00,31.964751940366114
2025-08-15 14:57:19.865445+00:00,31.964751940366114
2025-08-15 14:57:20.161675+00:00,31.949299859348685
2025-08-15 14:57:21.161252+00:00,31.949299859348685
2025-08-15 14:57:21.427075+00:00,31.969902634620667
2025-08-15 14:57:21.668643+00:00,31.969902634620667
2025-08-15 14:57:21.860780+00:00,31.969902634620667
2025-08-15 14:57:22.122050+00:00,31.964751940366114
2025-08-15 14:57:23.149214+00:00,31.964751940366114
2025-08-15 14:57:25.789476+00:00,31.954450552730123
2025-08-15 14:57:26.742525+00:00,31.9596012464026
2025-08-15 14:57:27.461496+00:00,31.949299859348685
2025-08-15 14:57:27.987485+00:00,31.954450552730123
2025-08-15 14:57:28.869554+00:00,31.954450552730123
2025-08-15 14:57:29.216195+00:00,31.964751940366114
2025-08-15 14:57:30.371841+00:00,31.954450552730123
2025-08-15 14:57:32.409801+00:00,31.9596012464026
2025-08-15 14:57:32.975768+00:00,31.969902634620667
2025-08-15 14:57:33.324798+00:00,31.9596012464026
2025-08-15 14:57:33.744970+00:00,31.969902634620667
2025-08-15 14:57:34.710378+00:00,31.9596012464026
2025-08-15 14:57:35.688194+00:00,31.9596012464026
2025-08-15 14:57:35.924260+00:00,31.964751940366114
2025-08-15 14:57:36.348585+00:00,31.949299859348685
2025-08-15 14:57:36.781185+00:00,31.9596012464026
2025-08-15 14:57:37.049979+00:00,31.949299859348685
2025-08-15 14:57:37.568291+00:00,31.9596012464026
2025-08-15 14:57:39.994316+00:00,31.949299859348685
2025-08-15 14:57:40.219665+00:00,31.954450552730123
2025-08-15 14:57:41.209884+00:00,31.9596012464026
2025-08-15 14:57:42.822784+00:00,31.9596012464026
2025-08-15 14:57:43.785579+00:00,31.964751940366114
2025-08-15 14:57:50.689896+00:00,31.969902634620667
2025-08-15 14:57:51.133709+00:00,31.969902634620667
2025-08-15 14:57:51.425146+00:00,31.969902634620667
2025-08-15 14:57:51.641432+00:00,31.9596012464026
2025-08-15 14:57:51.834228+00:00,31.969902634620667
2025-08-15 14:57:52.269188+00:00,31.969902634620667
2025-08-15 14:57:54.393780+00:00,31.964751940366114
2025-08-15 14:57:54.703091+00:00,31.9596012464026
2025-08-15 14:57:55.160524+00:00,31.969902634620667
2025-08-15 14:57:55.590846+00:00,31.980204024002887
2025-08-15 14:57:56.943287+00:00,31.975053329166258
2025-08-15 14:57:57.758528+00:00,31.980204024002887
2025-08-15 14:57:58.691929+00:00,31.975053329166258
2025-08-15 14:58:00.092650+00:00,31.969902634620667
2025-08-15 14:58:04.391087+00:00,31.9596012464026
2025-08-15 14:58:07.260756+00:00,31.964751940366114
2025-08-15 14:58:10.424692+00:00,31.969902634620667
2025-08-15 14:58:16.334070+00:00,31.969902634620667
2025-08-15 14:58:17.944039+00:00,31.975053329166258
2025-08-15 14:58:19.857724+00:00,31.975053329166258
2025-08-15 14:58:20.265149+00:00,32.01625889600837
2025-08-15 14:58:23.384539+00:00,32.00595750255161
2025-08-15 14:58:24.161538+00:00,32.01625889600837
2025-08-15 14:58:25.456262+00:00,32.01625889600837
2025-08-15 14:58:26.660665+00:00,32.01625889600837
2025-08-15 14:58:27.543916+00:00,32.01110819913447
2025-08-15 14:58:29.843242+00:00,32.0214095931733
2025-08-15 14:58:32.203058+00:00,32.01625889600837
2025-08-15 14:58:35.614464+00:00,32.00595750255161
2025-08-15 14:58:37.852137+00:00,32.00080680625979
2025-08-15 14:58:39.557789+00:00,32.00080680625979
2025-08-15 14:58:40.015784+00:00,32.00080680625979
2025-08-15 14:58:40.274140+00:00,32.01110819913447
2025-08-15 14:58:40.585859+00:00,32.03171098837629
2025-08-15 14:58:42.149168+00:00,31.995656110259006
2025-08-15 14:58:44.572334+00:00,31.985354719130555
2025-08-15 14:58:45.121748+00:00,31.99050541454926
2025-08-15 14:58:47.242708+00:00,31.975053329166258
2025-08-15 14:58:50.183015+00:00,31.9596012464026
2025-08-15 14:58:50.601829+00:00,31.9596012464026
2025-08-15 14:58:51.712459+00:00,31.975053329166258
2025-08-15 14:58:53.187841+00:00,31.969902634620667
2025-08-15 14:58:54.043374+00:00,31.964751940366114
2025-08-15 14:58:55.831007+00:00,31.969902634620667
2025-08-15 14:58:56.809322+00:00,31.964751940366114
2025-08-15 14:58:58.413382+00:00,31.975053329166258
2025-08-15 14:59:00.523969+00:00,31.969902634620667
2025-08-15 14:59:02.775199+00:00,31.969902634620667
2025-08-15 14:59:06.285115+00:00,31.9596012464026
2025-08-15 14:59:06.957289+00:00,31.9596012464026
2025-08-15 14:59:07.539697+00:00,31.949299859348685
2025-08-15 14:59:09.754521+00:00,31.954450552730123
2025-08-15 14:59:13.847253+00:00,31.9338477809506
2025-08-15 14:59:14.406631+00:00,31.9338477809506
2025-08-15 14:59:17.399970+00:00,31.938998473458923
2025-08-15 14:59:21.436265+00:00,31.9596012464026
2025-08-15 14:59:21.868594+00:00,31.949299859348685
2025-08-15 14:59:22.093117+00:00,31.949299859348685
2025-08-15 14:59:22.618158+00:00,31.938998473458923
2025-08-15 14:59:22.832186+00:00,31.9596012464026
2025-08-15 14:59:23.039786+00:00,31.949299859348685
2025-08-15 14:59:23.474220+00:00,31.949299859348685
2025-08-15 14:59:23.734997+00:00,31.949299859348685
2025-08-15 14:59:26.072582+00:00,31.944149166258285
2025-08-15 14:59:27.910018+00:00,31.938998473458923
2025-08-15 14:59:28.820846+00:00,31.949299859348685
2025-08-15 14:59:29.517881+00:00,31.949299859348685
2025-08-15 14:59:29.849914+00:00,31.944149166258285
2025-08-15 14:59:30.288057+00:00,31.938998473458923
2025-08-15 14:59:32.665649+00:00,31.944149166258285
2025-08-15 14:59:39.364297+00:00,31.949299859348685
2025-08-15 14:59:41.469057+00:00,31.9596012464026
2025-08-15 14:59:42.297592+00:00,31.964751940366114
2025-08-15 14:59:42.817371+00:00,31.9596012464026
2025-08-15 14:59:43.483705+00:00,31.9596012464026
2025-08-15 14:59:45.620589+00:00,31.954450552730123
2025-08-15 14:59:46.004912+00:00,31.9596012464026
2025-08-15 14:59:49.173955+00:00,31.9596012464026
2025-08-15 14:59:49.889558+00:00,31.964751940366114
2025-08-15 14:59:50.799380+00:00,31.9596012464026
2025-08-15 14:59:52.025570+00:00,31.964751940366114
2025-08-15 14:59:54.100595+00:00,31.980204024002887
2025-08-15 14:59:55.009802+00:00,31.969902634620667
2025-08-15 14:59:57.241526+00:00,31.969902634620667
2025-08-15 14:59:58.043375+00:00,31.969902634620667
2025-08-15 14:59:58.261243+00:00,31.975053329166258
2025-08-15 14:59:58.517382+00:00,31.969902634620667
2025-08-15 14:59:58.945285+00:00,31.975053329166258
2025-08-15 15:00:01.460465+00:00,31.980204024002887
2025-08-15 15:00:04.561422+00:00,31.995656110259006
2025-08-15 15:00:05.203941+00:00,32.00595750255161
2025-08-15 15:00:06.438746+00:00,32.00080680625979
2025-08-15 15:00:07.529070+00:00,31.99050541454926
2025-08-15 15:00:09.112096+00:00,31.969902634620667
2025-08-15 15:00:12.359067+00:00,31.9596012464026
2025-08-15 15:00:13.669818+00:00,31.944149166258285
2025-08-15 15:00:18.892016+00:00,31.92354639680707
2025-08-15 15:00:24.533907+00:00,31.91839570517186
2025-08-15 15:00:26.580004+00:00,31.91839570517186
2025-08-15 15:00:29.019600+00:00,31.91839570517186
2025-08-15 15:00:31.408877+00:00,31.91324501382769
2025-08-15 15:00:33.892948+00:00,31.92354639680707
2025-08-15 15:00:40.616694+00:00,31.92354639680707
2025-08-15 15:00:46.278691+00:00,31.91839570517186
2025-08-15 15:00:46.720219+00:00,31.9338477809506
2025-08-15 15:00:49.212026+00:00,31.928697088733315
2025-08-15 15:00:49.631567+00:00,31.91839570517186
2025-08-15 15:00:50.060478+00:00,31.928697088733315
2025-08-15 15:00:50.391310+00:00,31.9338477809506
2025-08-15 15:00:52.298391+00:00,31.92354639680707
2025-08-15 15:00:53.157386+00:00,31.91839570517186
2025-08-15 15:00:53.416439+00:00,31.91839570517186
2025-08-15 15:00:54.982959+00:00,31.91324501382769
2025-08-15 15:00:56.273937+00:00,31.92354639680707
2025-08-15 15:00:56.958001+00:00,31.91839570517186
2025-08-15 15:00:57.265959+00:00,31.91839570517186
2025-08-15 15:00:58.203691+00:00,31.91839570517186
2025-08-15 15:01:00.200321+00:00,31.928697088733315
2025-08-15 15:01:04.511589+00:00,31.938998473458923
2025-08-15 15:01:05.829263+00:00,31.938998473458923
2025-08-15 15:01:06.597082+00:00,31.949299859348685
2025-08-15 15:01:08.711979+00:00,31.944149166258285
2025-08-15 15:01:09.669259+00:00,31.954450552730123
2025-08-15 15:01:10.878202+00:00,31.949299859348685
2025-08-15 15:01:12.652677+00:00,31.954450552730123
2025-08-15 15:01:14.178529+00:00,31.964751940366114
2025-08-15 15:01:17.576393+00:00,31.964751940366114
2025-08-15 15:01:18.865909+00:00,31.949299859348685
2025-08-15 15:01:19.342338+00:00,31.949299859348685
2025-08-15 15:01:20.177474+00:00,31.954450552730123
2025-08-15 15:01:22.257786+00:00,31.949299859348685
2025-08-15 15:01:23.271665+00:00,31.9596012464026
2025-08-15 15:01:26.143952+00:00,31.969902634620667
2025-08-15 15:01:28.861531+00:00,31.954450552730123
2025-08-15 15:01:29.127708+00:00,31.964751940366114
2025-08-15 15:01:29.963757+00:00,31.9596012464026
2025-08-15 15:01:30.454313+00:00,31.954450552730123
2025-08-15 15:01:32.309193+00:00,31.949299859348685
2025-08-15 15:01:32.819975+00:00,31.944149166258285
2025-08-15 15:01:33.223650+00:00,31.949299859348685
2025-08-15 15:01:34.048562+00:00,31.944149166258285
2025-08-15 15:01:34.455789+00:00,31.949299859348685
2025-08-15 15:01:34.882279+00:00,31.938998473458923
2025-08-15 15:01:35.174366+00:00,31.938998473458923
2025-08-15 15:01:39.164199+00:00,31.944149166258285
2025-08-15 15:01:40.754954+00:00,31.92354639680707
2025-08-15 15:01:45.659291+00:00,31.92354639680707
2025-08-15 15:01:49.316377+00:00,31.90809432277456
2025-08-15 15:01:49.815268+00:00,31.902943632012466
2025-08-15 15:01:50.797082+00:00,31.902943632012466
2025-08-15 15:01:51.260810+00:00,31.91324501382769
2025-08-15 15:01:51.500121+00:00,31.90809432277456
2025-08-15 15:01:52.702784+00:00,31.902943632012466
2025-08-15 15:01:52.905499+00:00,31.90809432277456
2025-08-15 15:01:53.362188+00:00,31.91324501382769
2025-08-15 15:01:54.137101+00:00,31.89779294154141
2025-08-15 15:01:54.615196+00:00,31.887491561472416
2025-08-15 15:01:54.840308+00:00,31.89779294154141
2025-08-15 15:01:55.893886+00:00,31.89779294154141
2025-08-15 15:01:56.197144+00:00,31.887491561472416
2025-08-15 15:01:56.488337+00:00,31.89779294154141
2025-08-15 15:01:57.389752+00:00,31.882340871874476
2025-08-15 15:01:59.111697+00:00,31.892642251361394
2025-08-15 15:02:10.050708+00:00,31.846286052837968
2025-08-15 15:02:12.293494+00:00,31.846286052837968
2025-08-15 15:02:13.434678+00:00,31.820532619400183
2025-08-15 15:02:14.109079+00:00,31.81538193358574
2025-08-15 15:02:14.889469+00:00,31.830833991902182
2025-08-15 15:02:19.473144+00:00,31.825683305505663
2025-08-15 15:02:22.706591+00:00,31.80508056282997
2025-08-15 15:02:23.030064+00:00,31.83598467858974
2025-08-15 15:02:23.183478+00:00,31.83598467858974
2025-08-15 15:02:23.639783+00:00,31.83598467858974
2025-08-15 15:02:24.447726+00:00,31.846286052837968
2025-08-15 15:02:25.728715+00:00,31.841135365568334
2025-08-15 15:02:26.535894+00:00,31.841135365568334
2025-08-15 15:02:31.639772+00:00,31.85658742825035
2025-08-15 15:02:34.597009+00:00,31.841135365568334
2025-08-15 15:02:34.847406+00:00,31.825683305505663
2025-08-15 15:02:36.049479+00:00,31.846286052837968
2025-08-15 15:02:36.849484+00:00,31.846286052837968
2025-08-15 15:02:37.793380+00:00,31.846286052837968
2025-08-15 15:02:39.178860+00:00,31.841135365568334
2025-08-15 15:02:39.939988+00:00,31.83598467858974
2025-08-15 15:02:43.638051+00:00,31.866888804826885
2025-08-15 15:02:44.606597+00:00,31.846286052837968
2025-08-15 15:02:45.509431+00:00,31.85658742825035
2025-08-15 15:02:46.378995+00:00,31.8617381163931
2025-08-15 15:02:49.429688+00:00,31.846286052837968
2025-08-15 15:02:50.574381+00:00,31.846286052837968
2025-08-15 15:02:51.612278+00:00,31.866888804826885
2025-08-15 15:02:57.343575+00:00,31.85658742825035
2025-08-15 15:02:57.620824+00:00,31.866888804826885
2025-08-15 15:02:58.364253+00:00,31.841135365568334
2025-08-15 15:02:58.605273+00:00,31.846286052837968
2025-08-15 15:03:00.532571+00:00,31.85658742825035
2025-08-15 15:03:03.830087+00:00,31.846286052837968
2025-08-15 15:03:04.443682+00:00,31.83598467858974
2025-08-15 15:03:11.434949+00:00,31.887491561472416
2025-08-15 15:03:12.199530+00:00,31.892642251361394
2025-08-15 15:03:12.665519+00:00,31.89779294154141
2025-08-15 15:03:13.466477+00:00,31.89779294154141
2025-08-15 15:03:13.937590+00:00,31.90809432277456
2025-08-15 15:03:14.240884+00:00,31.89779294154141
2025-08-15 15:03:14.449254+00:00,31.90809432277456
2025-08-15 15:03:14.550766+00:00,31.90809432277456
2025-08-15 15:03:14.779721+00:00,31.90809432277456
2025-08-15 15:03:18.968482+00:00,31.90809432277456
2025-08-15 15:03:19.814210+00:00,31.902943632012466
2025-08-15 15:03:20.130126+00:00,31.91324501382769
2025-08-15 15:03:20.556321+00:00,31.91324501382769
2025-08-15 15:03:21.250169+00:00,31.91839570517186
2025-08-15 15:03:24.322796+00:00,31.90809432277456
2025-08-15 15:03:24.849996+00:00,31.90809432277456
2025-08-15 15:03:25.056248+00:00,31.91839570517186
2025-08-15 15:03:25.289902+00:00,31.90809432277456
2025-08-15 15:03:26.120480+00:00,31.928697088733315
2025-08-15 15:03:26.563169+00:00,31.91324501382769
2025-08-15 15:03:26.755700+00:00,31.91324501382769
2025-08-15 15:03:27.157870+00:00,31.91324501382769
2025-08-15 15:03:27.456211+00:00,31.90809432277456
2025-08-15 15:03:27.690615+00:00,31.92354639680707
2025-08-15 15:03:28.284415+00:00,31.91839570517186
2025-08-15 15:03:29.524494+00:00,31.90809432277456
2025-08-15 15:03:30.064673+00:00,31.90809432277456
2025-08-15 15:03:31.049634+00:00,31.902943632012466
2025-08-15 15:03:31.576381+00:00,31.89779294154141
2025-08-15 15:03:32.117410+00:00,31.887491561472416
2025-08-15 15:03:32.760055+00:00,31.89779294154141
2025-08-15 15:03:41.688704+00:00,31.902943632012466
2025-08-15 15:03:42.333446+00:00,31.87203949355171
2025-08-15 15:03:42.622251+00:00,31.85658742825035
2025-08-15 15:03:42.862673+00:00,31.87203949355171
2025-08-15 15:03:43.279249+00:00,31.866888804826885
2025-08-15 15:03:46.782665+00:00,31.846286052837968
2025-08-15 15:03:47.162141+00:00,31.866888804826885
2025-08-15 15:03:47.722824+00:00,31.83598467858974
2025-08-15 15:03:49.002507+00:00,31.85658742825035
2025-08-15 15:03:49.369201+00:00,31.841135365568334
2025-08-15 15:03:50.336751+00:00,31.841135365568334
2025-08-15 15:03:51.457551+00:00,31.83598467858974
2025-08-15 15:03:52.210508+00:00,31.841135365568334
2025-08-15 15:03:52.602267+00:00,31.841135365568334
2025-08-15 15:03:53.503887+00:00,31.83598467858974
2025-08-15 15:03:55.642824+00:00,31.83598467858974
2025-08-15 15:03:55.904867+00:00,31.846286052837968
2025-08-15 15:03:57.053168+00:00,31.83598467858974
2025-08-15 15:03:57.764724+00:00,31.846286052837968
2025-08-15 15:03:58.274428+00:00,31.83598467858974
2025-08-15 15:04:00.146879+00:00,31.841135365568334
2025-08-15 15:04:04.798235+00:00,31.866888804826885
2025-08-15 15:04:06.419914+00:00,31.83598467858974
2025-08-15 15:04:06.819241+00:00,31.846286052837968
2025-08-15 15:04:09.975787+00:00,31.8617381163931
2025-08-15 15:04:12.969070+00:00,31.85658742825035
2025-08-15 15:04:13.279822+00:00,31.8617381163931
2025-08-15 15:04:13.509421+00:00,31.866888804826885
2025-08-15 15:04:13.769191+00:00,31.85658742825035
2025-08-15 15:04:14.330059+00:00,31.866888804826885
2025-08-15 15:04:16.289948+00:00,31.85658742825035
2025-08-15 15:04:18.294976+00:00,31.85658742825035
2025-08-15 15:04:18.996210+00:00,31.85658742825035
2025-08-15 15:04:19.606762+00:00,31.8617381163931
2025-08-15 15:04:20.209289+00:00,31.85658742825035
2025-08-15 15:04:24.838113+00:00,31.866888804826885
2025-08-15 15:04:27.442915+00:00,31.8617381163931
2025-08-15 15:04:28.071966+00:00,31.87203949355171
2025-08-15 15:04:28.621335+00:00,31.87203949355171
2025-08-15 15:04:28.946309+00:00,31.877190182567574
2025-08-15 15:04:29.229543+00:00,31.882340871874476
2025-08-15 15:04:29.496034+00:00,31.8617381163931
2025-08-15 15:04:30.365854+00:00,31.882340871874476
2025-08-15 15:04:38.459886+00:00,31.820532619400183
2025-08-15 15:04:39.670708+00:00,31.81538193358574
2025-08-15 15:04:40.864554+00:00,31.81538193358574
2025-08-15 15:04:43.562321+00:00,31.80508056282997
2025-08-15 15:04:44.446557+00:00,31.80508056282997
2025-08-15 15:04:46.287621+00:00,31.80508056282997
2025-08-15 15:04:47.919438+00:00,31.81538193358574
2025-08-15 15:04:49.918528+00:00,31.830833991902182
2025-08-15 15:04:50.252667+00:00,31.83598467858974
2025-08-15 15:04:50.486660+00:00,31.830833991902182
2025-08-15 15:04:50.679893+00:00,31.825683305505663
2025-08-15 15:04:50.904741+00:00,31.83598467858974
2025-08-15 15:04:53.721260+00:00,31.841135365568334
2025-08-15 15:04:54.321829+00:00,31.85143674039864
2025-08-15 15:04:55.450579+00:00,31.83598467858974
2025-08-15 15:04:56.017772+00:00,31.8617381163931
2025-08-15 15:04:56.578661+00:00,31.85658742825035
2025-08-15 15:04:56.784719+00:00,31.85658742825035
2025-08-15 15:04:57.029050+00:00,31.87203949355171
2025-08-15 15:04:57.995758+00:00,31.8617381163931
2025-08-15 15:04:58.776281+00:00,31.866888804826885
2025-08-15 15:05:03.120630+00:00,31.87203949355171
2025-08-15 15:05:04.439445+00:00,31.882340871874476
2025-08-15 15:05:07.654290+00:00,31.882340871874476
2025-08-15 15:05:14.603517+00:00,31.877190182567574
2025-08-15 15:05:16.514301+00:00,31.877190182567574
2025-08-15 15:05:19.012861+00:00,31.87203949355171
2025-08-15 15:05:24.714886+00:00,31.882340871874476
2025-08-15 15:05:27.579037+00:00,31.866888804826885
2025-08-15 15:05:29.016002+00:00,31.866888804826885
2025-08-15 15:05:29.704186+00:00,31.83598467858974
2025-08-15 15:05:30.159545+00:00,31.846286052837968
2025-08-15 15:05:30.528558+00:00,31.85143674039864
2025-08-15 15:05:31.200755+00:00,31.85658742825035
2025-08-15 15:05:31.584562+00:00,31.866888804826885
2025-08-15 15:05:32.429765+00:00,31.8617381163931
2025-08-15 15:05:33.910678+00:00,31.877190182567574
2025-08-15 15:05:43.960721+00:00,31.91324501382769
2025-08-15 15:05:44.411270+00:00,31.91839570517186
2025-08-15 15:05:44.945116+00:00,31.91324501382769
2025-08-15 15:05:48.257789+00:00,31.91324501382769
2025-08-15 15:05:51.135259+00:00,31.90809432277456
2025-08-15 15:05:51.726048+00:00,31.90809432277456
2025-08-15 15:05:53.818819+00:00,31.91324501382769
2025-08-15 15:05:55.015543+00:00,31.902943632012466
2025-08-15 15:05:56.226194+00:00,31.887491561472416
2025-08-15 15:05:57.236650+00:00,31.887491561472416
2025-08-15 15:05:57.928019+00:00,31.877190182567574
2025-08-15 15:05:58.156748+00:00,31.877190182567574
2025-08-15 15:05:58.353058+00:00,31.882340871874476
2025-08-15 15:05:58.657581+00:00,31.892642251361394
2025-08-15 15:05:58.966721+00:00,31.887491561472416
2025-08-15 15:05:59.885749+00:00,31.887491561472416
2025-08-15 15:06:00.971257+00:00,31.877190182567574
2025-08-15 15:06:03.102485+00:00,31.87203949355171
2025-08-15 15:06:05.385671+00:00,31.866888804826885
2025-08-15 15:06:06.199455+00:00,31.85658742825035
2025-08-15 15:06:09.078144+00:00,31.877190182567574
2025-08-15 15:06:10.558127+00:00,31.882340871874476
2025-08-15 15:06:11.688686+00:00,31.887491561472416
2025-08-15 15:06:16.991985+00:00,31.89779294154141
2025-08-15 15:06:18.728685+00:00,31.90809432277456
2025-08-15 15:06:20.342276+00:00,31.9338477809506
2025-08-15 15:06:23.976255+00:00,31.9596012464026
2025-08-15 15:06:24.236328+00:00,31.954450552730123
2025-08-15 15:06:24.543112+00:00,31.969902634620667
2025-08-15 15:06:24.852461+00:00,31.964751940366114
2025-08-15 15:06:25.271288+00:00,31.969902634620667
2025-08-15 15:06:25.510453+00:00,31.975053329166258
2025-08-15 15:06:26.006140+00:00,31.969902634620667
2025-08-15 15:06:26.935810+00:00,31.975053329166258
2025-08-15 15:06:27.787346+00:00,31.980204024002887
2025-08-15 15:06:28.245498+00:00,31.985354719130555
2025-08-15 15:06:29.175815+00:00,31.99050541454926
2025-08-15 15:06:31.259641+00:00,31.99050541454926
2025-08-15 15:06:33.761054+00:00,31.99050541454926
2025-08-15 15:06:35.661366+00:00,32.0214095931733
2025-08-15 15:06:38.212796+00:00,32.03686168641434
2025-08-15 15:06:39.501139+00:00,32.04716308336356
2025-08-15 15:06:40.753033+00:00,32.06261518097017
2025-08-15 15:06:42.259618+00:00,32.06261518097017
2025-08-15 15:06:46.350659+00:00,32.08321798185352
2025-08-15 15:06:46.996018+00:00,32.088368682801956
2025-08-15 15:06:48.242490+00:00,32.088368682801956
2025-08-15 15:06:48.757415+00:00,32.09351938404143
2025-08-15 15:06:50.076017+00:00,32.09351938404143
2025-08-15 15:06:50.311920+00:00,32.09867008557194
2025-08-15 15:06:50.762894+00:00,32.10382078739349
2025-08-15 15:06:53.962404+00:00,32.09351938404143
2025-08-15 15:06:54.563712+00:00,32.09867008557194
2025-08-15 15:06:56.385486+00:00,32.07806728119613
2025-08-15 15:06:57.228367+00:00,32.09867008557194
2025-08-15 15:06:58.798559+00:00,32.088368682801956
2025-08-15 15:06:59.851544+00:00,32.07806728119613
2025-08-15 15:07:02.244803+00:00,32.08321798185352
2025-08-15 15:07:04.900809+00:00,32.088368682801956
2025-08-15 15:07:05.320533+00:00,32.09351938404143
2025-08-15 15:07:05.802433+00:00,32.09867008557194
2025-08-15 15:07:08.511078+00:00,32.09351938404143
2025-08-15 15:07:10.798966+00:00,32.08321798185352
2025-08-15 15:07:11.585408+00:00,32.08321798185352
2025-08-15 15:07:11.994546+00:00,32.07291658082977
2025-08-15 15:07:14.660084+00:00,32.05746448147693
2025-08-15 15:07:19.085430+00:00,32.06776588075445
2025-08-15 15:07:20.218151+00:00,32.05231378227472
2025-08-15 15:07:23.113537+00:00,32.06261518097017
2025-08-15 15:07:23.421890+00:00,32.04716308336356
2025-08-15 15:07:24.173961+00:00,32.05231378227472
2025-08-15 15:07:24.734950+00:00,32.05746448147693
2025-08-15 15:07:25.085061+00:00,32.05231378227472
2025-08-15 15:07:26.691578+00:00,32.04201238474343
2025-08-15 15:07:27.567504+00:00,32.04716308336356
2025-08-15 15:07:31.576480+00:00,32.05231378227472
2025-08-15 15:07:34.836159+00:00,32.03171098837629
2025-08-15 15:07:35.198392+00:00,32.0214095931733
2025-08-15 15:07:36.106693+00:00,32.02656029062928
2025-08-15 15:07:38.454199+00:00,32.01625889600837
2025-08-15 15:07:38.966066+00:00,32.00595750255161
2025-08-15 15:07:43.731725+00:00,32.01625889600837
2025-08-15 15:07:48.218110+00:00,31.980204024002887
2025-08-15 15:07:48.663309+00:00,31.980204024002887
2025-08-15 15:07:50.308964+00:00,31.980204024002887
2025-08-15 15:07:51.942376+00:00,31.969902634620667
2025-08-15 15:07:52.178065+00:00,31.980204024002887
2025-08-15 15:07:52.788412+00:00,31.969902634620667
2025-08-15 15:07:53.635227+00:00,31.969902634620667
2025-08-15 15:07:54.350303+00:00,31.975053329166258
2025-08-15 15:07:54.935559+00:00,31.964751940366114
2025-08-15 15:07:55.117507+00:00,31.964751940366114
2025-08-15 15:07:58.202685+00:00,31.9596012464026
2025-08-15 15:08:01.133652+00:00,31.944149166258285
2025-08-15 15:08:05.366323+00:00,31.928697088733315
2025-08-15 15:08:06.417521+00:00,31.92354639680707
2025-08-15 15:08:07.059452+00:00,31.92354639680707
2025-08-15 15:08:11.209267+00:00,31.90809432277456
2025-08-15 15:08:22.758314+00:00,31.9338477809506
2025-08-15 15:08:23.240914+00:00,31.90809432277456
2025-08-15 15:08:23.694884+00:00,31.928697088733315
2025-08-15 15:08:31.375680+00:00,31.91839570517186
2025-08-15 15:08:31.800328+00:00,31.90809432277456
2025-08-15 15:08:33.908565+00:00,31.91839570517186
2025-08-15 15:08:34.878677+00:00,31.91324501382769
2025-08-15 15:08:36.692554+00:00,31.91324501382769
2025-08-15 15:08:37.167138+00:00,31.91839570517186
2025-08-15 15:08:39.283492+00:00,31.92354639680707
2025-08-15 15:08:39.491771+00:00,31.92354639680707
2025-08-15 15:08:40.496259+00:00,31.928697088733315
2025-08-15 15:08:42.884176+00:00,31.944149166258285
2025-08-15 15:08:44.458704+00:00,31.9338477809506
2025-08-15 15:08:44.898953+00:00,31.938998473458923
2025-08-15 15:08:47.412046+00:00,31.949299859348685
2025-08-15 15:08:51.535548+00:00,31.938998473458923
2025-08-15 15:08:55.158103+00:00,31.9596012464026
2025-08-15 15:08:55.433803+00:00,31.9596012464026
2025-08-15 15:08:55.908188+00:00,31.954450552730123
2025-08-15 15:08:56.258384+00:00,31.949299859348685
2025-08-15 15:08:59.009198+00:00,31.954450552730123
2025-08-15 15:09:02.315317+00:00,31.949299859348685
2025-08-15 15:09:03.420017+00:00,31.938998473458923
2025-08-15 15:09:07.358215+00:00,31.944149166258285
2025-08-15 15:09:10.633046+00:00,31.949299859348685
2025-08-15 15:09:14.949867+00:00,31.9596012464026
2025-08-15 15:09:17.340819+00:00,31.9596012464026
2025-08-15 15:09:17.766034+00:00,31.938998473458923
2025-08-15 15:09:18.499472+00:00,31.9596012464026
2025-08-15 15:09:20.400578+00:00,31.954450552730123
2025-08-15 15:09:20.747197+00:00,31.954450552730123
2025-08-15 15:09:21.090893+00:00,31.954450552730123
2025-08-15 15:09:23.061425+00:00,31.954450552730123
2025-08-15 15:09:23.930580+00:00,31.954450552730123
2025-08-15 15:09:25.236140+00:00,31.949299859348685
2025-08-15 15:09:25.832912+00:00,31.944149166258285
2025-08-15 15:09:26.758084+00:00,31.9596012464026
2025-08-15 15:09:31.765715+00:00,31.954450552730123
2025-08-15 15:09:33.822138+00:00,31.944149166258285
2025-08-15 15:09:36.094682+00:00,31.949299859348685
2025-08-15 15:09:36.332159+00:00,31.928697088733315
2025-08-15 15:09:36.797062+00:00,31.938998473458923
2025-08-15 15:09:38.651270+00:00,31.938998473458923
2025-08-15 15:09:42.468204+00:00,31.938998473458923
2025-08-15 15:09:43.349926+00:00,31.92354639680707
2025-08-15 15:09:44.596816+00:00,31.91839570517186
2025-08-15 15:09:52.738464+00:00,31.902943632012466
2025-08-15 15:09:53.007010+00:00,31.902943632012466
2025-08-15 15:09:53.373931+00:00,31.892642251361394
2025-08-15 15:09:53.657493+00:00,31.89779294154141
2025-08-15 15:09:54.083062+00:00,31.89779294154141
2025-08-15 15:09:54.297803+00:00,31.892642251361394
2025-08-15 15:09:56.305839+00:00,31.887491561472416
2025-08-15 15:09:57.569110+00:00,31.902943632012466
2025-08-15 15:09:58.540501+00:00,31.887491561472416
2025-08-15 15:09:59.808291+00:00,31.887491561472416
2025-08-15 15:10:00.998130+00:00,31.89779294154141
2025-08-15 15:10:01.879635+00:00,31.892642251361394
2025-08-15 15:10:02.706412+00:00,31.882340871874476
2025-08-15 15:10:03.246780+00:00,31.892642251361394
2025-08-15 15:10:04.121412+00:00,31.89779294154141
2025-08-15 15:10:04.726138+00:00,31.89779294154141
2025-08-15 15:10:07.863439+00:00,31.89779294154141
2025-08-15 15:10:08.225556+00:00,31.90809432277456
2025-08-15 15:10:13.540986+00:00,31.90809432277456
2025-08-15 15:10:18.297852+00:00,31.89779294154141
2025-08-15 15:10:25.038548+00:00,31.902943632012466
2025-08-15 15:10:32.022762+00:00,31.892642251361394
2025-08-15 15:10:36.231871+00:00,31.892642251361394
2025-08-15 15:10:38.422653+00:00,31.877190182567574
2025-08-15 15:10:44.481518+00:00,31.8617381163931
2025-08-15 15:10:44.864106+00:00,31.8617381163931
2025-08-15 15:10:46.284399+00:00,31.85658742825035
2025-08-15 15:10:48.599543+00:00,31.866888804826885
2025-08-15 15:10:50.389452+00:00,31.83598467858974
2025-08-15 15:10:51.970818+00:00,31.830833991902182
2025-08-15 15:10:54.407422+00:00,31.83598467858974
2025-08-15 15:10:55.821658+00:00,31.830833991902182
2025-08-15 15:10:56.438628+00:00,31.825683305505663
2025-08-15 15:10:56.746132+00:00,31.83598467858974
2025-08-15 15:10:57.106010+00:00,31.825683305505663
2025-08-15 15:10:57.422650+00:00,31.83598467858974
2025-08-15 15:10:59.178087+00:00,31.830833991902182
2025-08-15 15:10:59.644348+00:00,31.85658742825035
2025-08-15 15:11:00.245725+00:00,31.841135365568334
2025-08-15 15:11:02.506124+00:00,31.83598467858974
2025-08-15 15:11:05.734978+00:00,31.820532619400183
2025-08-15 15:11:08.206589+00:00,31.820532619400183
2025-08-15 15:11:11.169743+00:00,31.81538193358574
2025-08-15 15:11:14.794653+00:00,31.80508056282997
2025-08-15 15:11:15.045813+00:00,31.794779193238355
2025-08-15 15:11:19.764796+00:00,31.799929877888644
2025-08-15 15:11:19.997079+00:00,31.81538193358574
2025-08-15 15:11:20.264524+00:00,31.810231248062337
2025-08-15 15:11:21.018199+00:00,31.810231248062337
2025-08-15 15:11:21.363527+00:00,31.820532619400183
2025-08-15 15:11:22.648403+00:00,31.81538193358574
2025-08-15 15:11:23.248424+00:00,31.80508056282997
2025-08-15 15:11:24.005160+00:00,31.81538193358574
2025-08-15 15:11:25.003486+00:00,31.81538193358574
2025-08-15 15:11:27.072069+00:00,31.81538193358574
2025-08-15 15:11:28.587518+00:00,31.794779193238355
2025-08-15 15:11:29.506992+00:00,31.80508056282997
2025-08-15 15:11:29.767342+00:00,31.810231248062337
2025-08-15 15:11:31.487680+00:00,31.799929877888644
2025-08-15 15:11:34.112945+00:00,31.80508056282997
2025-08-15 15:11:36.263928+00:00,31.80508056282997
2025-08-15 15:11:39.088897+00:00,31.794779193238355
2025-08-15 15:11:41.151788+00:00,31.80508056282997
2025-08-15 15:11:42.438866+00:00,31.799929877888644
2025-08-15 15:11:42.796848+00:00,31.80508056282997
2025-08-15 15:11:44.161732+00:00,31.80508056282997
2025-08-15 15:11:47.337190+00:00,31.80508056282997
2025-08-15 15:11:50.020969+00:00,31.789628508879105
2025-08-15 15:11:50.242401+00:00,31.794779193238355
2025-08-15 15:11:50.851732+00:00,31.789628508879105
2025-08-15 15:11:51.127954+00:00,31.789628508879105
2025-08-15 15:11:57.288819+00:00,31.784477824810892
2025-08-15 15:12:02.571360+00:00,31.74842304448248
2025-08-15 15:12:04.359382+00:00,31.753573726513423
2025-08-15 15:12:10.311491+00:00,31.743272362742573
2025-08-15 15:12:13.268842+00:00,31.74842304448248
2025-08-15 15:12:13.737391+00:00,31.732971000135876
2025-08-15 15:12:14.028441+00:00,31.732971000135876
2025-08-15 15:12:14.254431+00:00,31.74842304448248
2025-08-15 15:12:14.528414+00:00,31.738121681293705
2025-08-15 15:12:14.731847+00:00,31.743272362742573
2025-08-15 15:12:19.687240+00:00,31.74842304448248
2025-08-15 15:12:20.147804+00:00,31.732971000135876
2025-08-15 15:12:23.100147+00:00,31.738121681293705
2025-08-15 15:12:23.363089+00:00,31.732971000135876
2025-08-15 15:12:23.969134+00:00,31.743272362742573
2025-08-15 15:12:24.304158+00:00,31.738121681293705
2025-08-15 15:12:25.233220+00:00,31.743272362742573
2025-08-15 15:12:25.777429+00:00,31.732971000135876
2025-08-15 15:12:27.371640+00:00,31.738121681293705
2025-08-15 15:12:29.434657+00:00,31.738121681293705
2025-08-15 15:12:33.068512+00:00,31.738121681293705
2025-08-15 15:12:34.162273+00:00,31.722669638693333
2025-08-15 15:12:34.747234+00:00,31.743272362742573
2025-08-15 15:12:35.862589+00:00,31.732971000135876
2025-08-15 15:12:38.088769+00:00,31.743272362742573
2025-08-15 15:12:38.848296+00:00,31.758724408835405
2025-08-15 15:12:39.892540+00:00,31.753573726513423
2025-08-15 15:12:40.452700+00:00,31.763875091448426
2025-08-15 15:12:41.130000+00:00,31.74842304448248
2025-08-15 15:12:42.734317+00:00,31.758724408835405
2025-08-15 15:12:45.369205+00:00,31.763875091448426
2025-08-15 15:12:47.694513+00:00,31.758724408835405
2025-08-15 15:12:49.477112+00:00,31.758724408835405
2025-08-15 15:12:52.758570+00:00,31.758724408835405
2025-08-15 15:12:53.236134+00:00,31.774176457547583
2025-08-15 15:12:54.002237+00:00,31.763875091448426
2025-08-15 15:12:55.066957+00:00,31.758724408835405
2025-08-15 15:12:56.519441+00:00,31.774176457547583
2025-08-15 15:12:57.100168+00:00,31.769025774352485
2025-08-15 15:12:57.486993+00:00,31.769025774352485
2025-08-15 15:12:57.978550+00:00,31.774176457547583
2025-08-15 15:13:00.218600+00:00,31.77932714103372
2025-08-15 15:13:01.021403+00:00,31.784477824810892
2025-08-15 15:13:02.595096+00:00,31.784477824810892
2025-08-15 15:13:04.309979+00:00,31.799929877888644
2025-08-15 15:13:13.060259+00:00,31.825683305505663
2025-08-15 15:13:17.153885+00:00,31.81538193358574
2025-08-15 15:13:19.223035+00:00,31.80508056282997
2025-08-15 15:13:20.184941+00:00,31.80508056282997
2025-08-15 15:13:20.409580+00:00,31.810231248062337
2025-08-15 15:13:20.636374+00:00,31.81538193358574
2025-08-15 15:13:21.352938+00:00,31.81538193358574
2025-08-15 15:13:21.602889+00:00,31.81538193358574
2025-08-15 15:13:21.854867+00:00,31.820532619400183
2025-08-15 15:13:22.256418+00:00,31.81538193358574
2025-08-15 15:13:22.533286+00:00,31.810231248062337
2025-08-15 15:13:22.775208+00:00,31.820532619400183
2025-08-15 15:13:23.033893+00:00,31.81538193358574
2025-08-15 15:13:23.308834+00:00,31.81538193358574
2025-08-15 15:13:23.554095+00:00,31.820532619400183
2025-08-15 15:13:23.777007+00:00,31.81538193358574
2025-08-15 15:13:26.835472+00:00,31.810231248062337
2025-08-15 15:13:27.861304+00:00,31.810231248062337
2025-08-15 15:13:28.420619+00:00,31.794779193238355
2025-08-15 15:13:29.600153+00:00,31.81538193358574
2025-08-15 15:13:32.458018+00:00,31.80508056282997
2025-08-15 15:13:34.209640+00:00,31.799929877888644
2025-08-15 15:13:38.011319+00:00,31.810231248062337
2025-08-15 15:13:38.354797+00:00,31.81538193358574
2025-08-15 15:13:39.710269+00:00,31.80508056282997
2025-08-15 15:13:40.535706+00:00,31.80508056282997
2025-08-15 15:13:40.869525+00:00,31.799929877888644
2025-08-15 15:13:41.206470+00:00,31.81538193358574
2025-08-15 15:13:42.645929+00:00,31.794779193238355
2025-08-15 15:13:43.726423+00:00,31.794779193238355
2025-08-15 15:13:45.540828+00:00,31.810231248062337
2025-08-15 15:13:48.235384+00:00,31.825683305505663
2025-08-15 15:13:49.977989+00:00,31.825683305505663
2025-08-15 15:13:50.801881+00:00,31.820532619400183
2025-08-15 15:13:52.422735+00:00,31.825683305505663
2025-08-15 15:13:53.809070+00:00,31.820532619400183
2025-08-15 15:13:57.168348+00:00,31.825683305505663
2025-08-15 15:14:03.946149+00:00,31.830833991902182
2025-08-15 15:14:05.041189+00:00,31.825683305505663
2025-08-15 15:14:05.675209+00:00,31.820532619400183
2025-08-15 15:14:06.110240+00:00,31.830833991902182
2025-08-15 15:14:08.625033+00:00,31.820532619400183
2025-08-15 15:14:10.577824+00:00,31.830833991902182
2025-08-15 15:14:11.852141+00:00,31.83598467858974
2025-08-15 15:14:12.351951+00:00,31.825683305505663
2025-08-15 15:14:12.759959+00:00,31.841135365568334
2025-08-15 15:14:16.286575+00:00,31.841135365568334
2025-08-15 15:14:20.386014+00:00,31.841135365568334
2025-08-15 15:14:20.835975+00:00,31.83598467858974
2025-08-15 15:14:21.335073+00:00,31.841135365568334
2025-08-15 15:14:21.828459+00:00,31.841135365568334
2025-08-15 15:14:22.700986+00:00,31.846286052837968
2025-08-15 15:14:23.424955+00:00,31.85658742825035
2025-08-15 15:14:23.826918+00:00,31.846286052837968
2025-08-15 15:14:24.127443+00:00,31.846286052837968
2025-08-15 15:14:24.594077+00:00,31.85658742825035
2025-08-15 15:14:24.984469+00:00,31.83598467858974
2025-08-15 15:14:25.197795+00:00,31.825683305505663
2025-08-15 15:14:25.435089+00:00,31.825683305505663
2025-08-15 15:14:26.742637+00:00,31.820532619400183
2025-08-15 15:14:28.506843+00:00,31.825683305505663
2025-08-15 15:14:28.907015+00:00,31.820532619400183
2025-08-15 15:14:30.428499+00:00,31.820532619400183
2025-08-15 15:14:31.025221+00:00,31.81538193358574
2025-08-15 15:14:31.901253+00:00,31.81538193358574
2025-08-15 15:14:38.770589+00:00,31.830833991902182
2025-08-15 15:14:39.999742+00:00,31.81538193358574
2025-08-15 15:14:41.042476+00:00,31.81538193358574
2025-08-15 15:14:42.648087+00:00,31.830833991902182
2025-08-15 15:14:43.541987+00:00,31.841135365568334
2025-08-15 15:14:44.393548+00:00,31.830833991902182
2025-08-15 15:14:45.445270+00:00,31.841135365568334
2025-08-15 15:14:46.131854+00:00,31.820532619400183
2025-08-15 15:14:46.632259+00:00,31.83598467858974
2025-08-15 15:14:47.494262+00:00,31.83598467858974
2025-08-15 15:14:48.124278+00:00,31.825683305505663
2025-08-15 15:14:48.516698+00:00,31.830833991902182
2025-08-15 15:14:49.770747+00:00,31.820532619400183
2025-08-15 15:14:51.084264+00:00,31.830833991902182
2025-08-15 15:14:51.794002+00:00,31.81538193358574
2025-08-15 15:14:53.872429+00:00,31.83598467858974
2025-08-15 15:14:54.566709+00:00,31.80508056282997
2025-08-15 15:14:55.619159+00:00,31.799929877888644
2025-08-15 15:14:57.449919+00:00,31.784477824810892
2025-08-15 15:14:57.693386+00:00,31.789628508879105
2025-08-15 15:14:58.161591+00:00,31.794779193238355
2025-08-15 15:14:58.940711+00:00,31.784477824810892
2025-08-15 15:15:00.196628+00:00,31.784477824810892
2025-08-15 15:15:02.357797+00:00,31.77932714103372
2025-08-15 15:15:06.650499+00:00,31.794779193238355
2025-08-15 15:15:07.164391+00:00,31.789628508879105
2025-08-15 15:15:10.275087+00:00,31.794779193238355
2025-08-15 15:15:13.040829+00:00,31.784477824810892
2025-08-15 15:15:13.999202+00:00,31.774176457547583
2025-08-15 15:15:16.383212+00:00,31.774176457547583
2025-08-15 15:15:20.997404+00:00,31.774176457547583
2025-08-15 15:15:21.665646+00:00,31.769025774352485
2025-08-15 15:15:22.282774+00:00,31.763875091448426
2025-08-15 15:15:25.842591+00:00,31.763875091448426
2025-08-15 15:15:29.373219+00:00,31.763875091448426
2025-08-15 15:15:29.779294+00:00,31.763875091448426
2025-08-15 15:15:31.793356+00:00,31.763875091448426
2025-08-15 15:15:32.334795+00:00,31.763875091448426
2025-08-15 15:15:34.178910+00:00,31.743272362742573
2025-08-15 15:15:35.345822+00:00,31.74842304448248
2025-08-15 15:15:35.822918+00:00,31.753573726513423
2025-08-15 15:15:36.196253+00:00,31.763875091448426
2025-08-15 15:15:36.642054+00:00,31.743272362742573
2025-08-15 15:15:40.574937+00:00,31.743272362742573
2025-08-15 15:15:44.639431+00:00,31.743272362742573
2025-08-15 15:15:47.122616+00:00,31.774176457547583
2025-08-15 15:15:47.538959+00:00,31.774176457547583
2025-08-15 15:15:48.861941+00:00,31.769025774352485
2025-08-15 15:15:52.541843+00:00,31.774176457547583
2025-08-15 15:15:52.816986+00:00,31.769025774352485
2025-08-15 15:15:53.069133+00:00,31.774176457547583
2025-08-15 15:15:53.574580+00:00,31.774176457547583
2025-08-15 15:15:55.075091+00:00,31.774176457547583
2025-08-15 15:16:00.705521+00:00,31.77932714103372
2025-08-15 15:16:16.022940+00:00,31.758724408835405
2025-08-15 15:16:16.430781+00:00,31.758724408835405
2025-08-15 15:16:17.912894+00:00,31.763875091448426
2025-08-15 15:16:21.616463+00:00,31.753573726513423
2025-08-15 15:16:23.015057+00:00,31.758724408835405
2025-08-15 15:16:24.529004+00:00,31.74842304448248
2025-08-15 15:16:25.105020+00:00,31.769025774352485
2025-08-15 15:16:27.269509+00:00,31.753573726513423
2025-08-15 15:16:28.142281+00:00,31.769025774352485
2025-08-15 15:16:29.700464+00:00,31.763875091448426
2025-08-15 15:16:30.455568+00:00,31.763875091448426
2025-08-15 15:16:34.270036+00:00,31.769025774352485
2025-08-15 15:16:34.529365+00:00,31.763875091448426
2025-08-15 15:16:36.658534+00:00,31.763875091448426
2025-08-15 15:16:37.324011+00:00,31.774176457547583
2025-08-15 15:16:38.404698+00:00,31.763875091448426
2025-08-15 15:16:41.102219+00:00,31.758724408835405
2025-08-15 15:16:41.731734+00:00,31.763875091448426
2025-08-15 15:16:50.668411+00:00,31.763875091448426
2025-08-15 15:16:51.703619+00:00,31.774176457547583
2025-08-15 15:16:53.901501+00:00,31.758724408835405
2025-08-15 15:16:55.026557+00:00,31.784477824810892
2025-08-15 15:16:55.684421+00:00,31.77932714103372
2025-08-15 15:16:55.973540+00:00,31.77932714103372
2025-08-15 15:16:59.349462+00:00,31.784477824810892
2025-08-15 15:17:03.013151+00:00,31.77932714103372
2025-08-15 15:17:03.543569+00:00,31.794779193238355
2025-08-15 15:17:04.071980+00:00,31.789628508879105
2025-08-15 15:17:04.596771+00:00,31.794779193238355
2025-08-15 15:17:04.954642+00:00,31.80508056282997
2025-08-15 15:17:05.295340+00:00,31.799929877888644
2025-08-15 15:17:05.698916+00:00,31.799929877888644
2025-08-15 15:17:09.872303+00:00,31.80508056282997
2025-08-15 15:17:11.337921+00:00,31.825683305505663
2025-08-15 15:17:14.506178+00:00,31.830833991902182
2025-08-15 15:17:17.271079+00:00,31.866888804826885
2025-08-15 15:17:19.279022+00:00,31.87203949355171
2025-08-15 15:17:22.849236+00:00,31.902943632012466
2025-08-15 15:17:23.102900+00:00,31.90809432277456
2025-08-15 15:17:23.567688+00:00,31.90809432277456
2025-08-15 15:17:25.958449+00:00,31.91324501382769
2025-08-15 15:17:26.225304+00:00,31.91324501382769
2025-08-15 15:17:26.428062+00:00,31.91839570517186
2025-08-15 15:17:26.670316+00:00,31.92354639680707
2025-08-15 15:17:27.070850+00:00,31.9338477809506
2025-08-15 15:17:27.290631+00:00,31.9338477809506
2025-08-15 15:17:27.504572+00:00,31.944149166258285
2025-08-15 15:17:33.441892+00:00,31.938998473458923
2025-08-15 15:17:34.971736+00:00,31.969902634620667
2025-08-15 15:17:35.259174+00:00,31.985354719130555
2025-08-15 15:17:35.541548+00:00,31.980204024002887
2025-08-15 15:17:35.808324+00:00,31.99050541454926
2025-08-15 15:17:36.057893+00:00,31.99050541454926
2025-08-15 15:17:43.496160+00:00,32.00080680625979
2025-08-15 15:17:43.802868+00:00,32.01625889600837
2025-08-15 15:17:44.028866+00:00,32.0214095931733
2025-08-15 15:17:44.291101+00:00,32.0214095931733
2025-08-15 15:17:44.865946+00:00,32.0214095931733
2025-08-15 15:17:47.028250+00:00,32.02656029062928
2025-08-15 15:17:50.777428+00:00,32.02656029062928
2025-08-15 15:17:52.150285+00:00,32.03686168641434
2025-08-15 15:17:52.406685+00:00,32.0214095931733
2025-08-15 15:17:54.416689+00:00,32.03171098837629
2025-08-15 15:17:55.982197+00:00,32.02656029062928
2025-08-15 15:17:58.617287+00:00,32.04201238474343
2025-08-15 15:17:58.990819+00:00,32.03171098837629
2025-08-15 15:17:59.265209+00:00,32.02656029062928
2025-08-15 15:17:59.650930+00:00,32.03686168641434
2025-08-15 15:17:59.971588+00:00,32.03686168641434
2025-08-15 15:18:00.673828+00:00,32.03171098837629
2025-08-15 15:18:04.662023+00:00,32.03171098837629
2025-08-15 15:18:05.686796+00:00,32.04201238474343
2025-08-15 15:18:08.422921+00:00,32.04201238474343
2025-08-15 15:18:10.376684+00:00,32.04716308336356
2025-08-15 15:18:11.426711+00:00,32.05746448147693
2025-08-15 15:18:13.630832+00:00,32.04716308336356
2025-08-15 15:18:15.360990+00:00,32.06261518097017
2025-08-15 15:18:17.008152+00:00,32.06776588075445
2025-08-15 15:18:17.677045+00:00,32.088368682801956
2025-08-15 15:18:18.215199+00:00,32.088368682801956
2025-08-15 15:18:18.686000+00:00,32.088368682801956
2025-08-15 15:18:21.148416+00:00,32.08321798185352
2025-08-15 15:18:23.813893+00:00,32.08321798185352
2025-08-15 15:18:24.899528+00:00,32.08321798185352
2025-08-15 15:18:26.786884+00:00,32.07806728119613
2025-08-15 15:18:28.297547+00:00,32.08321798185352
2025-08-15 15:18:28.974478+00:00,32.07291658082977
2025-08-15 15:18:29.761673+00:00,32.08321798185352
2025-08-15 15:18:34.740112+00:00,32.07806728119613
2025-08-15 15:18:35.058578+00:00,32.07291658082977
2025-08-15 15:18:39.334305+00:00,32.05231378227472
2025-08-15 15:18:40.357219+00:00,32.04201238474343
2025-08-15 15:18:40.689381+00:00,32.05231378227472
2025-08-15 15:18:40.932532+00:00,32.04716308336356
2025-08-15 15:18:41.196938+00:00,32.04716308336356
2025-08-15 15:18:41.450032+00:00,32.05231378227472
2025-08-15 15:18:46.103652+00:00,32.02656029062928
2025-08-15 15:18:46.479323+00:00,32.0214095931733
2025-08-15 15:18:48.959280+00:00,32.0214095931733
2025-08-15 15:18:49.265379+00:00,32.00595750255161
2025-08-15 15:18:49.503442+00:00,32.01625889600837
2025-08-15 15:18:52.732049+00:00,32.01625889600837
2025-08-15 15:18:54.449429+00:00,32.00595750255161
2025-08-15 15:18:54.882278+00:00,32.00080680625979
2025-08-15 15:18:55.618978+00:00,31.995656110259006
2025-08-15 15:18:56.838427+00:00,31.99050541454926
2025-08-15 15:18:57.857096+00:00,31.980204024002887
2025-08-15 15:18:58.300372+00:00,31.99050541454926
2025-08-15 15:18:59.864469+00:00,31.980204024002887
2025-08-15 15:19:08.343543+00:00,31.949299859348685
2025-08-15 15:19:11.509917+00:00,31.91839570517186
2025-08-15 15:19:17.952588+00:00,31.877190182567574
2025-08-15 15:19:21.495004+00:00,31.866888804826885
2025-08-15 15:19:22.589432+00:00,31.866888804826885
2025-08-15 15:19:25.194761+00:00,31.85658742825035
2025-08-15 15:19:31.225964+00:00,31.83598467858974
2025-08-15 15:19:33.308044+00:00,31.830833991902182
2025-08-15 15:19:34.905890+00:00,31.810231248062337
2025-08-15 15:19:35.531979+00:00,31.81538193358574
2025-08-15 15:19:35.840371+00:00,31.825683305505663
2025-08-15 15:19:36.119767+00:00,31.820532619400183
2025-08-15 15:19:37.233353+00:00,31.820532619400183
2025-08-15 15:19:39.265261+00:00,31.799929877888644
2025-08-15 15:19:40.182214+00:00,31.799929877888644
2025-08-15 15:19:42.621642+00:00,31.77932714103372
2025-08-15 15:19:43.673795+00:00,31.794779193238355
2025-08-15 15:19:45.281660+00:00,31.789628508879105
2025-08-15 15:19:46.918044+00:00,31.774176457547583
2025-08-15 15:19:47.506105+00:00,31.784477824810892
2025-08-15 15:19:48.850675+00:00,31.774176457547583
2025-08-15 15:19:50.478974+00:00,31.769025774352485
2025-08-15 15:19:53.369953+00:00,31.758724408835405
2025-08-15 15:19:56.438244+00:00,31.74842304448248
2025-08-15 15:19:57.096736+00:00,31.74842304448248
2025-08-15 15:19:59.669474+00:00,31.743272362742573
2025-08-15 15:20:02.834437+00:00,31.738121681293705
2025-08-15 15:20:05.657102+00:00,31.722669638693333
2025-08-15 15:20:06.133137+00:00,31.732971000135876
2025-08-15 15:20:08.050027+00:00,31.732971000135876
2025-08-15 15:20:08.475919+00:00,31.738121681293705
2025-08-15 15:20:13.408067+00:00,31.763875091448426
2025-08-15 15:20:13.766695+00:00,31.769025774352485
2025-08-15 15:20:14.139468+00:00,31.774176457547583
2025-08-15 15:20:20.982775+00:00,31.758724408835405
2025-08-15 15:20:22.963843+00:00,31.753573726513423
2025-08-15 15:20:26.893942+00:00,31.758724408835405
2025-08-15 15:20:30.074460+00:00,31.763875091448426
2025-08-15 15:20:32.362832+00:00,31.753573726513423
2025-08-15 15:20:33.967338+00:00,31.758724408835405
2025-08-15 15:20:34.516259+00:00,31.753573726513423
2025-08-15 15:20:37.126078+00:00,31.763875091448426
2025-08-15 15:20:43.348935+00:00,31.774176457547583
2025-08-15 15:20:44.425216+00:00,31.784477824810892
2025-08-15 15:20:45.714961+00:00,31.774176457547583
2025-08-15 15:20:48.039297+00:00,31.794779193238355
2025-08-15 15:20:49.409877+00:00,31.80508056282997
2025-08-15 15:20:50.930755+00:00,31.799929877888644
2025-08-15 15:20:54.505711+00:00,31.820532619400183
2025-08-15 15:20:54.762196+00:00,31.83598467858974
2025-08-15 15:20:55.005085+00:00,31.846286052837968
2025-08-15 15:20:56.837218+00:00,31.841135365568334
2025-08-15 15:20:58.479440+00:00,31.841135365568334
2025-08-15 15:20:58.756217+00:00,31.841135365568334
2025-08-15 15:21:01.269903+00:00,31.85658742825035
2025-08-15 15:21:06.381094+00:00,31.87203949355171
2025-08-15 15:21:07.046791+00:00,31.87203949355171
2025-08-15 15:21:08.535401+00:00,31.877190182567574
2025-08-15 15:21:08.993892+00:00,31.87203949355171
2025-08-15 15:21:09.507588+00:00,31.866888804826885
2025-08-15 15:21:10.106475+00:00,31.866888804826885
2025-08-15 15:21:12.520282+00:00,31.877190182567574
2025-08-15 15:21:13.260091+00:00,31.877190182567574
2025-08-15 15:21:14.713856+00:00,31.882340871874476
2025-08-15 15:21:15.698745+00:00,31.882340871874476
2025-08-15 15:21:25.532160+00:00,31.877190182567574
2025-08-15 15:21:25.753863+00:00,31.841135365568334
2025-08-15 15:21:26.075866+00:00,31.85658742825035
2025-08-15 15:21:26.753460+00:00,31.85658742825035
2025-08-15 15:21:31.590187+00:00,31.866888804826885
2025-08-15 15:21:32.202493+00:00,31.830833991902182
2025-08-15 15:21:33.487946+00:00,31.820532619400183
2025-08-15 15:21:34.239226+00:00,31.825683305505663
2025-08-15 15:21:34.596011+00:00,31.825683305505663
2025-08-15 15:21:35.260732+00:00,31.794779193238355
2025-08-15 15:21:36.071144+00:00,31.81538193358574
2025-08-15 15:21:39.774298+00:00,31.784477824810892
2025-08-15 15:21:40.138830+00:00,31.80508056282997
2025-08-15 15:21:40.625466+00:00,31.794779193238355
2025-08-15 15:21:42.488918+00:00,31.794779193238355
2025-08-15 15:21:43.485708+00:00,31.794779193238355
2025-08-15 15:21:46.255580+00:00,31.80508056282997
2025-08-15 15:21:49.499711+00:00,31.784477824810892
2025-08-15 15:21:49.770963+00:00,31.784477824810892
2025-08-15 15:21:50.929058+00:00,31.789628508879105
2025-08-15 15:21:51.378775+00:00,31.794779193238355
2025-08-15 15:21:51.797091+00:00,31.784477824810892
2025-08-15 15:21:54.204181+00:00,31.769025774352485
2025-08-15 15:21:55.146416+00:00,31.758724408835405
2025-08-15 15:21:56.278366+00:00,31.769025774352485
2025-08-15 15:21:58.088144+00:00,31.758724408835405
2025-08-15 15:21:58.799029+00:00,31.774176457547583
2025-08-15 15:21:59.566825+00:00,31.763875091448426
2025-08-15 15:22:00.261684+00:00,31.774176457547583
2025-08-15 15:22:00.912256+00:00,31.763875091448426
2025-08-15 15:22:01.871434+00:00,31.753573726513423
2025-08-15 15:22:04.232324+00:00,31.753573726513423
2025-08-15 15:22:13.366466+00:00,31.727820319269085
2025-08-15 15:22:14.834975+00:00,31.727820319269085
2025-08-15 15:22:15.111531+00:00,31.722669638693333
2025-08-15 15:22:15.496099+00:00,31.727820319269085
2025-08-15 15:22:16.172865+00:00,31.738121681293705
2025-08-15 15:22:16.939725+00:00,31.727820319269085
2025-08-15 15:22:21.184890+00:00,31.722669638693333
2025-08-15 15:22:24.704518+00:00,31.732971000135876
2025-08-15 15:22:27.377948+00:00,31.727820319269085
2025-08-15 15:22:28.566342+00:00,31.727820319269085
2025-08-15 15:22:30.473008+00:00,31.743272362742573
2025-08-15 15:22:35.928982+00:00,31.753573726513423
2025-08-15 15:22:36.240350+00:00,31.753573726513423
2025-08-15 15:22:36.542072+00:00,31.758724408835405
2025-08-15 15:22:37.143684+00:00,31.753573726513423
2025-08-15 15:22:39.324002+00:00,31.763875091448426
2025-08-15 15:22:40.565531+00:00,31.758724408835405
2025-08-15 15:22:41.547637+00:00,31.74842304448248
2025-08-15 15:22:42.828660+00:00,31.763875091448426
2025-08-15 15:22:44.420754+00:00,31.769025774352485
2025-08-15 15:22:44.815566+00:00,31.774176457547583
2025-08-15 15:22:45.084348+00:00,31.774176457547583
2025-08-15 15:22:45.519883+00:00,31.774176457547583
2025-08-15 15:22:46.029099+00:00,31.774176457547583
2025-08-15 15:22:46.595785+00:00,31.769025774352485
2025-08-15 15:22:48.575028+00:00,31.774176457547583
2025-08-15 15:22:49.224103+00:00,31.774176457547583
2025-08-15 15:22:49.524952+00:00,31.774176457547583
2025-08-15 15:22:49.959235+00:00,31.769025774352485
2025-08-15 15:22:50.382751+00:00,31.769025774352485
2025-08-15 15:22:50.695051+00:00,31.774176457547583
2025-08-15 15:22:51.886697+00:00,31.769025774352485
2025-08-15 15:22:52.181417+00:00,31.769025774352485
2025-08-15 15:22:52.468678+00:00,31.769025774352485
2025-08-15 15:22:52.732799+00:00,31.774176457547583
2025-08-15 15:22:53.135917+00:00,31.77932714103372
2025-08-15 15:22:54.654291+00:00,31.763875091448426
2025-08-15 15:22:54.953536+00:00,31.784477824810892
2025-08-15 15:22:55.732599+00:00,31.784477824810892
2025-08-15 15:22:57.010414+00:00,31.774176457547583
2025-08-15 15:22:58.079259+00:00,31.77932714103372
2025-08-15 15:22:58.979091+00:00,31.774176457547583
2025-08-15 15:23:01.512349+00:00,31.784477824810892
2025-08-15 15:23:02.313287+00:00,31.794779193238355
2025-08-15 15:23:10.023985+00:00,31.799929877888644
2025-08-15 15:23:10.757953+00:00,31.784477824810892
2025-08-15 15:23:11.568430+00:00,31.784477824810892
2025-08-15 15:23:18.986698+00:00,31.794779193238355
2025-08-15 15:23:20.203599+00:00,31.763875091448426
2025-08-15 15:23:20.509184+00:00,31.769025774352485
2025-08-15 15:23:20.789765+00:00,31.80508056282997
2025-08-15 15:23:22.475230+00:00,31.769025774352485
2025-08-15 15:23:22.835360+00:00,31.763875091448426
2025-08-15 15:23:23.085340+00:00,31.763875091448426
2025-08-15 15:23:24.040332+00:00,31.784477824810892
2025-08-15 15:23:27.600323+00:00,31.77932714103372
2025-08-15 15:23:28.046762+00:00,31.789628508879105
2025-08-15 15:23:28.418522+00:00,31.789628508879105
2025-08-15 15:23:30.771044+00:00,31.810231248062337
2025-08-15 15:23:31.220944+00:00,31.810231248062337
2025-08-15 15:23:31.602382+00:00,31.81538193358574
2025-08-15 15:23:32.167965+00:00,31.81538193358574
2025-08-15 15:23:32.619695+00:00,31.820532619400183
2025-08-15 15:23:35.119792+00:00,31.825683305505663
2025-08-15 15:23:36.222775+00:00,31.830833991902182
2025-08-15 15:23:38.245661+00:00,31.83598467858974
2025-08-15 15:23:40.695391+00:00,31.866888804826885
2025-08-15 15:23:41.485953+00:00,31.846286052837968
2025-08-15 15:23:41.711292+00:00,31.85658742825035
2025-08-15 15:23:43.106740+00:00,31.866888804826885
2025-08-15 15:23:44.373261+00:00,31.877190182567574
2025-08-15 15:23:45.760953+00:00,31.882340871874476
2025-08-15 15:23:46.243380+00:00,31.89779294154141
2025-08-15 15:23:46.660953+00:00,31.892642251361394
2025-08-15 15:23:47.128805+00:00,31.887491561472416
2025-08-15 15:23:47.594732+00:00,31.887491561472416
2025-08-15 15:23:48.161400+00:00,31.887491561472416
2025-08-15 15:23:49.173134+00:00,31.89779294154141
2025-08-15 15:23:49.425973+00:00,31.892642251361394
2025-08-15 15:23:50.901530+00:00,31.902943632012466
2025-08-15 15:23:51.142547+00:00,31.90809432277456
2025-08-15 15:23:54.143543+00:00,31.90809432277456
2025-08-15 15:23:55.826505+00:00,31.91324501382769
2025-08-15 15:23:56.942121+00:00,31.91324501382769
2025-08-15 15:23:58.503471+00:00,31.90809432277456
2025-08-15 15:23:58.946279+00:00,31.90809432277456
2025-08-15 15:23:59.644131+00:00,31.87203949355171
2025-08-15 15:24:01.328697+00:00,31.887491561472416
2025-08-15 15:24:11.036629+00:00,31.85143674039864
2025-08-15 15:24:14.781967+00:00,31.83598467858974
2025-08-15 15:24:14.968533+00:00,31.825683305505663
2025-08-15 15:24:16.368647+00:00,31.830833991902182
2025-08-15 15:24:17.519851+00:00,31.825683305505663
2025-08-15 15:24:20.284470+00:00,31.820532619400183
2025-08-15 15:24:21.163755+00:00,31.81538193358574
2025-08-15 15:24:22.075831+00:00,31.810231248062337
2025-08-15 15:24:22.409922+00:00,31.810231248062337
2025-08-15 15:24:23.244070+00:00,31.80508056282997
2025-08-15 15:24:27.756365+00:00,31.77932714103372
2025-08-15 15:24:28.618877+00:00,31.763875091448426
2025-08-15 15:24:29.018955+00:00,31.774176457547583
2025-08-15 15:24:30.356984+00:00,31.774176457547583
2025-08-15 15:24:36.051767+00:00,31.758724408835405
2025-08-15 15:24:38.768290+00:00,31.763875091448426
2025-08-15 15:24:39.021891+00:00,31.753573726513423
2025-08-15 15:24:39.436028+00:00,31.758724408835405
2025-08-15 15:24:39.680206+00:00,31.763875091448426
2025-08-15 15:24:39.926375+00:00,31.763875091448426
2025-08-15 15:24:40.206732+00:00,31.769025774352485
2025-08-15 15:24:40.926418+00:00,31.758724408835405
2025-08-15 15:24:42.534512+00:00,31.753573726513423
2025-08-15 15:24:43.600754+00:00,31.753573726513423
2025-08-15 15:24:44.026569+00:00,31.743272362742573
2025-08-15 15:24:46.208199+00:00,31.753573726513423
2025-08-15 15:24:46.736283+00:00,31.743272362742573
2025-08-15 15:24:50.185757+00:00,31.738121681293705
2025-08-15 15:24:51.043098+00:00,31.763875091448426
2025-08-15 15:24:52.002335+00:00,31.732971000135876
2025-08-15 15:24:52.771366+00:00,31.722669638693333
2025-08-15 15:24:53.734155+00:00,31.727820319269085
2025-08-15 15:24:56.591628+00:00,31.71751895840862
2025-08-15 15:24:58.583513+00:00,31.707217598712305
2025-08-15 15:25:02.358473+00:00,31.696916240180144
2025-08-15 15:25:06.202878+00:00,31.71751895840862
2025-08-15 15:25:07.376535+00:00,31.712368278414942
2025-08-15 15:25:08.008931+00:00,31.712368278414942
2025-08-15 15:25:11.775503+00:00,31.712368278414942
2025-08-15 15:25:12.310014+00:00,31.707217598712305
2025-08-15 15:25:17.004017+00:00,31.707217598712305
2025-08-15 15:25:18.426992+00:00,31.696916240180144
2025-08-15 15:25:19.962370+00:00,31.686614882812137
2025-08-15 15:25:21.450519+00:00,31.68146420456469
2025-08-15 15:25:23.895486+00:00,31.676313526608283
2025-08-15 15:25:24.275419+00:00,31.676313526608283
2025-08-15 15:25:28.291053+00:00,31.671162848942913
2025-08-15 15:25:32.341507+00:00,31.650560141191818
2025-08-15 15:25:37.882461+00:00,31.6402587890625
2025-08-15 15:25:38.375204+00:00,31.6402587890625
2025-08-15 15:25:42.074959+00:00,31.6402587890625
2025-08-15 15:25:42.508070+00:00,31.629957438097335
2025-08-15 15:25:43.043176+00:00,31.629957438097335
2025-08-15 15:25:43.577960+00:00,31.6351081134344
2025-08-15 15:25:44.123472+00:00,31.6351081134344
2025-08-15 15:25:48.715382+00:00,31.650560141191818
2025-08-15 15:25:50.284056+00:00,31.650560141191818
2025-08-15 15:25:52.731937+00:00,31.66086149448529
2025-08-15 15:25:53.575008+00:00,31.655710817693034
2025-08-15 15:25:54.703706+00:00,31.650560141191818
2025-08-15 15:25:55.841366+00:00,31.650560141191818
2025-08-15 15:25:56.743032+00:00,31.66086149448529
2025-08-15 15:25:58.473220+00:00,31.650560141191818
2025-08-15 15:26:00.991992+00:00,31.68146420456469
2025-08-15 15:26:05.233006+00:00,31.66086149448529
2025-08-15 15:26:07.899848+00:00,31.676313526608283
2025-08-15 15:26:08.233042+00:00,31.671162848942913
2025-08-15 15:26:09.081743+00:00,31.68146420456469
2025-08-15 15:26:09.530811+00:00,31.671162848942913
2025-08-15 15:26:09.891363+00:00,31.666012171568582
2025-08-15 15:26:10.274276+00:00,31.671162848942913
2025-08-15 15:26:10.700400+00:00,31.671162848942913
2025-08-15 15:26:13.324170+00:00,31.676313526608283
2025-08-15 15:26:13.640376+00:00,31.676313526608283
2025-08-15 15:26:15.336484+00:00,31.676313526608283
2025-08-15 15:26:17.859163+00:00,31.666012171568582
2025-08-15 15:26:18.251349+00:00,31.666012171568582
2025-08-15 15:26:18.666157+00:00,31.68146420456469
2025-08-15 15:26:21.508498+00:00,31.68146420456469
2025-08-15 15:26:22.781389+00:00,31.671162848942913
2025-08-15 15:26:23.025001+00:00,31.666012171568582
2025-08-15 15:26:25.438290+00:00,31.671162848942913
2025-08-15 15:26:26.699424+00:00,31.68146420456469
2025-08-15 15:26:27.791050+00:00,31.671162848942913
2025-08-15 15:26:29.768409+00:00,31.666012171568582
2025-08-15 15:26:31.959316+00:00,31.671162848942913
2025-08-15 15:26:39.714254+00:00,31.671162848942913
2025-08-15 15:26:40.089317+00:00,31.66086149448529
2025-08-15 15:26:40.449788+00:00,31.666012171568582
2025-08-15 15:26:41.317591+00:00,31.666012171568582
2025-08-15 15:26:42.624317+00:00,31.66086149448529
2025-08-15 15:26:44.198154+00:00,31.66086149448529
2025-08-15 15:26:44.624535+00:00,31.66086149448529
2025-08-15 15:26:46.532493+00:00,31.666012171568582
2025-08-15 15:26:48.848808+00:00,31.66086149448529
2025-08-15 15:26:51.386083+00:00,31.655710817693034
2025-08-15 15:26:51.552201+00:00,31.66086149448529
2025-08-15 15:26:53.281100+00:00,31.655710817693034
2025-08-15 15:26:54.217536+00:00,31.6402587890625
2025-08-15 15:26:56.073175+00:00,31.650560141191818
2025-08-15 15:26:56.615293+00:00,31.6402587890625
2025-08-15 15:26:57.049102+00:00,31.64540946498164
2025-08-15 15:26:57.643894+00:00,31.650560141191818
2025-08-15 15:26:58.001802+00:00,31.6402587890625
2025-08-15 15:26:59.907216+00:00,31.629957438097335
2025-08-15 15:27:02.109240+00:00,31.6402587890625
2025-08-15 15:27:03.757081+00:00,31.6402587890625
2025-08-15 15:27:04.388664+00:00,31.650560141191818
2025-08-15 15:27:06.980496+00:00,31.64540946498164
2025-08-15 15:27:07.477636+00:00,31.6402587890625
2025-08-15 15:27:11.098954+00:00,31.64540946498164
2025-08-15 15:27:14.323742+00:00,31.671162848942913
2025-08-15 15:27:15.264065+00:00,31.66086149448529
2025-08-15 15:27:19.766791+00:00,31.66086149448529
2025-08-15 15:27:21.523419+00:00,31.666012171568582
2025-08-15 15:27:21.763497+00:00,31.671162848942913
2025-08-15 15:27:22.443421+00:00,31.666012171568582
2025-08-15 15:27:22.918489+00:00,31.676313526608283
2025-08-15 15:27:23.140038+00:00,31.68146420456469
2025-08-15 15:27:24.765353+00:00,31.671162848942913
2025-08-15 15:27:26.505482+00:00,31.68146420456469
2025-08-15 15:27:27.906914+00:00,31.686614882812137
2025-08-15 15:27:28.131624+00:00,31.69176556135062
2025-08-15 15:27:28.458791+00:00,31.69176556135062
2025-08-15 15:27:29.473464+00:00,31.69176556135062
2025-08-15 15:27:32.094697+00:00,31.712368278414942
2025-08-15 15:27:32.970816+00:00,31.722669638693333
2025-08-15 15:27:34.240238+00:00,31.707217598712305
2025-08-15 15:27:34.639969+00:00,31.722669638693333
2025-08-15 15:27:35.458238+00:00,31.707217598712305
2025-08-15 15:27:35.651653+00:00,31.722669638693333
2025-08-15 15:27:38.965637+00:00,31.722669638693333
2025-08-15 15:27:39.473358+00:00,31.712368278414942
2025-08-15 15:27:40.328708+00:00,31.712368278414942
2025-08-15 15:27:45.731077+00:00,31.71751895840862
2025-08-15 15:27:50.578134+00:00,31.71751895840862
2025-08-15 15:27:51.003490+00:00,31.732971000135876
2025-08-15 15:27:51.336551+00:00,31.743272362742573
2025-08-15 15:27:51.764809+00:00,31.738121681293705
2025-08-15 15:27:53.678389+00:00,31.738121681293705
2025-08-15 15:27:53.930439+00:00,31.738121681293705
2025-08-15 15:27:56.506204+00:00,31.732971000135876
2025-08-15 15:27:57.521364+00:00,31.732971000135876
2025-08-15 15:27:58.013867+00:00,31.722669638693333
2025-08-15 15:27:59.675760+00:00,31.722669638693333
2025-08-15 15:28:00.504695+00:00,31.738121681293705
2025-08-15 15:28:04.946786+00:00,31.727820319269085
2025-08-15 15:28:06.264815+00:00,31.727820319269085
2025-08-15 15:28:09.624443+00:00,31.707217598712305
2025-08-15 15:28:10.138639+00:00,31.712368278414942
2025-08-15 15:28:11.280834+00:00,31.722669638693333
2025-08-15 15:28:14.364690+00:00,31.707217598712305
2025-08-15 15:28:16.646710+00:00,31.702066919300705
2025-08-15 15:28:19.060106+00:00,31.707217598712305
2025-08-15 15:28:19.805353+00:00,31.702066919300705
2025-08-15 15:28:20.743723+00:00,31.702066919300705
2025-08-15 15:28:21.820908+00:00,31.702066919300705
2025-08-15 15:28:22.163651+00:00,31.69176556135062
2025-08-15 15:28:23.456336+00:00,31.702066919300705
2025-08-15 15:28:23.943691+00:00,31.702066919300705
2025-08-15 15:28:24.979995+00:00,31.702066919300705
2025-08-15 15:28:26.989027+00:00,31.696916240180144
2025-08-15 15:28:29.808774+00:00,31.702066919300705
2025-08-15 15:28:31.279575+00:00,31.702066919300705
2025-08-15 15:28:32.308380+00:00,31.702066919300705
2025-08-15 15:28:34.234487+00:00,31.702066919300705
2025-08-15 15:28:35.735547+00:00,31.702066919300705
2025-08-15 15:28:38.235925+00:00,31.712368278414942
2025-08-15 15:28:39.022451+00:00,31.722669638693333
2025-08-15 15:28:39.388732+00:00,31.71751895840862
2025-08-15 15:28:40.670386+00:00,31.722669638693333
2025-08-15 15:28:41.201279+00:00,31.712368278414942
2025-08-15 15:28:41.833092+00:00,31.712368278414942
2025-08-15 15:28:42.246348+00:00,31.71751895840862
2025-08-15 15:28:43.178797+00:00,31.712368278414942
2025-08-15 15:28:43.480878+00:00,31.712368278414942
2025-08-15 15:28:43.695336+00:00,31.71751895840862
2025-08-15 15:28:44.283086+00:00,31.722669638693333
2025-08-15 15:28:47.058590+00:00,31.722669638693333
2025-08-15 15:28:47.738504+00:00,31.732971000135876
2025-08-15 15:28:48.129024+00:00,31.732971000135876
2025-08-15 15:28:52.728080+00:00,31.743272362742573
2025-08-15 15:28:53.313322+00:00,31.743272362742573
2025-08-15 15:28:54.064721+00:00,31.738121681293705
2025-08-15 15:28:54.438955+00:00,31.753573726513423
2025-08-15 15:28:55.522722+00:00,31.74842304448248
2025-08-15 15:28:56.530160+00:00,31.738121681293705
2025-08-15 15:28:56.914165+00:00,31.743272362742573
2025-08-15 15:28:58.308856+00:00,31.738121681293705
2025-08-15 15:28:58.742492+00:00,31.753573726513423
2025-08-15 15:28:58.976114+00:00,31.758724408835405
2025-08-15 15:28:59.260117+00:00,31.753573726513423
2025-08-15 15:28:59.570346+00:00,31.763875091448426
2025-08-15 15:28:59.939341+00:00,31.74842304448248
2025-08-15 15:29:01.414342+00:00,31.738121681293705
2025-08-15 15:29:03.797057+00:00,31.74842304448248
2025-08-15 15:29:06.395885+00:00,31.753573726513423
2025-08-15 15:29:10.471678+00:00,31.74842304448248
2025-08-15 15:29:11.254355+00:00,31.763875091448426
2025-08-15 15:29:13.862996+00:00,31.758724408835405
2025-08-15 15:29:14.371214+00:00,31.743272362742573
2025-08-15 15:29:15.592446+00:00,31.74842304448248
2025-08-15 15:29:17.411507+00:00,31.74842304448248
2025-08-15 15:29:19.212501+00:00,31.738121681293705
2025-08-15 15:29:21.787844+00:00,31.727820319269085
2025-08-15 15:29:22.487722+00:00,31.722669638693333
2025-08-15 15:29:22.970552+00:00,31.732971000135876
2025-08-15 15:29:24.072098+00:00,31.732971000135876
2025-08-15 15:29:24.670631+00:00,31.732971000135876
2025-08-15 15:29:25.868543+00:00,31.738121681293705
2025-08-15 15:29:27.874688+00:00,31.722669638693333
2025-08-15 15:29:29.236902+00:00,31.71751895840862
2025-08-15 15:29:29.535749+00:00,31.71751895840862
2025-08-15 15:29:29.746953+00:00,31.71751895840862
2025-08-15 15:29:31.996555+00:00,31.71751895840862
2025-08-15 15:29:34.203235+00:00,31.722669638693333
2025-08-15 15:29:34.771736+00:00,31.727820319269085
2025-08-15 15:29:35.033990+00:00,31.722669638693333
2025-08-15 15:29:35.328990+00:00,31.722669638693333
2025-08-15 15:29:35.953439+00:00,31.712368278414942
2025-08-15 15:29:38.268019+00:00,31.707217598712305
2025-08-15 15:29:39.319888+00:00,31.712368278414942
2025-08-15 15:29:39.914325+00:00,31.712368278414942
2025-08-15 15:29:40.711979+00:00,31.712368278414942
2025-08-15 15:29:41.177401+00:00,31.712368278414942
2025-08-15 15:29:42.161306+00:00,31.71751895840862
2025-08-15 15:29:44.155938+00:00,31.707217598712305
2025-08-15 15:29:44.586947+00:00,31.727820319269085
2025-08-15 15:29:51.456837+00:00,31.722669638693333
2025-08-15 15:29:51.886191+00:00,31.722669638693333
2025-08-15 15:29:54.064501+00:00,31.71751895840862
2025-08-15 15:29:54.331040+00:00,31.712368278414942
2025-08-15 15:29:54.866732+00:00,31.71751895840862
2025-08-15 15:29:56.380503+00:00,31.707217598712305
2025-08-15 15:29:57.385583+00:00,31.702066919300705
2025-08-15 15:29:59.297863+00:00,31.722669638693333
2025-08-15 15:29:59.682876+00:00,31.712368278414942
2025-08-15 15:30:01.662429+00:00,31.722669638693333
2025-08-15 15:30:03.018943+00:00,31.712368278414942
2025-08-15 15:30:04.836678+00:00,31.712368278414942
2025-08-15 15:30:06.464018+00:00,31.712368278414942
2025-08-15 15:30:07.368470+00:00,31.712368278414942
2025-08-15 15:30:09.972865+00:00,31.712368278414942
2025-08-15 15:30:10.365231+00:00,31.722669638693333
2025-08-15 15:30:11.806660+00:00,31.722669638693333
2025-08-15 15:30:12.260057+00:00,31.712368278414942
2025-08-15 15:30:16.060198+00:00,31.71751895840862
2025-08-15 15:30:19.978308+00:00,31.702066919300705
2025-08-15 15:30:20.494327+00:00,31.702066919300705
2025-08-15 15:30:23.070523+00:00,31.712368278414942
2025-08-15 15:30:30.128660+00:00,31.71751895840862
2025-08-15 15:30:36.767829+00:00,31.753573726513423
2025-08-15 15:30:40.435442+00:00,31.743272362742573
2025-08-15 15:30:42.619282+00:00,31.753573726513423
2025-08-15 15:30:44.259179+00:00,31.753573726513423
2025-08-15 15:30:45.268338+00:00,31.743272362742573
2025-08-15 15:30:45.907396+00:00,31.74842304448248
2025-08-15 15:30:48.360967+00:00,31.74842304448248
2025-08-15 15:30:49.089423+00:00,31.743272362742573
2025-08-15 15:30:51.068576+00:00,31.743272362742573
2025-08-15 15:30:51.536117+00:00,31.743272362742573
2025-08-15 15:30:51.877786+00:00,31.743272362742573
2025-08-15 15:30:52.741296+00:00,31.732971000135876
2025-08-15 15:30:53.544463+00:00,31.738121681293705
2025-08-15 15:30:54.628069+00:00,31.74842304448248
2025-08-15 15:30:57.610397+00:00,31.738121681293705
2025-08-15 15:30:58.288670+00:00,31.732971000135876
2025-08-15 15:30:58.557242+00:00,31.743272362742573
2025-08-15 15:30:59.368136+00:00,31.732971000135876
2025-08-15 15:31:03.434867+00:00,31.732971000135876
2025-08-15 15:31:09.219536+00:00,31.71751895840862
2025-08-15 15:31:09.813073+00:00,31.732971000135876
2025-08-15 15:31:10.743965+00:00,31.722669638693333
2025-08-15 15:31:11.535140+00:00,31.71751895840862
2025-08-15 15:31:12.010933+00:00,31.71751895840862
2025-08-15 15:31:18.708788+00:00,31.722669638693333
2025-08-15 15:31:19.209782+00:00,31.712368278414942
2025-08-15 15:31:20.510939+00:00,31.722669638693333
2025-08-15 15:31:22.501719+00:00,31.727820319269085
2025-08-15 15:31:23.262839+00:00,31.732971000135876
2025-08-15 15:31:24.942879+00:00,31.732971000135876
2025-08-15 15:31:25.393671+00:00,31.738121681293705
2025-08-15 15:31:26.036660+00:00,31.738121681293705
2025-08-15 15:31:28.093261+00:00,31.738121681293705
2025-08-15 15:31:28.636122+00:00,31.738121681293705
2025-08-15 15:31:28.927336+00:00,31.738121681293705
2025-08-15 15:31:29.370089+00:00,31.732971000135876
2025-08-15 15:31:33.380979+00:00,31.732971000135876
2025-08-15 15:31:35.685829+00:00,31.738121681293705
2025-08-15 15:31:36.046590+00:00,31.743272362742573
2025-08-15 15:31:36.293398+00:00,31.743272362742573
2025-08-15 15:31:36.907378+00:00,31.74842304448248
2025-08-15 15:31:37.918119+00:00,31.743272362742573
2025-08-15 15:31:38.200374+00:00,31.738121681293705
2025-08-15 15:31:38.613154+00:00,31.743272362742573
2025-08-15 15:31:38.985592+00:00,31.743272362742573
2025-08-15 15:31:40.701137+00:00,31.727820319269085
2025-08-15 15:31:41.830153+00:00,31.743272362742573
2025-08-15 15:31:43.201500+00:00,31.732971000135876
2025-08-15 15:31:43.751235+00:00,31.738121681293705
2025-08-15 15:31:47.208816+00:00,31.727820319269085
2025-08-15 15:31:52.070413+00:00,31.732971000135876
2025-08-15 15:31:54.385527+00:00,31.722669638693333
2025-08-15 15:31:56.611176+00:00,31.712368278414942
2025-08-15 15:31:56.934894+00:00,31.71751895840862
2025-08-15 15:32:02.305357+00:00,31.722669638693333
2025-08-15 15:32:04.930711+00:00,31.722669638693333
2025-08-15 15:32:07.248442+00:00,31.732971000135876
2025-08-15 15:32:09.049242+00:00,31.722669638693333
2025-08-15 15:32:14.101215+00:00,31.722669638693333
2025-08-15 15:32:14.309382+00:00,31.722669638693333
2025-08-15 15:32:14.803321+00:00,31.727820319269085
2025-08-15 15:32:16.025978+00:00,31.722669638693333
2025-08-15 15:32:17.241074+00:00,31.722669638693333
2025-08-15 15:32:19.291263+00:00,31.712368278414942
2025-08-15 15:32:20.767009+00:00,31.71751895840862
2025-08-15 15:32:23.093036+00:00,31.727820319269085
2025-08-15 15:32:26.126703+00:00,31.712368278414942
2025-08-15 15:32:28.727034+00:00,31.71751895840862
2025-08-15 15:32:29.267720+00:00,31.722669638693333
2025-08-15 15:32:33.689053+00:00,31.722669638693333
2025-08-15 15:32:34.280922+00:00,31.743272362742573
2025-08-15 15:32:34.724293+00:00,31.732971000135876
2025-08-15 15:32:37.056258+00:00,31.74842304448248
2025-08-15 15:32:37.791416+00:00,31.74842304448248
2025-08-15 15:32:38.959290+00:00,31.74842304448248
2025-08-15 15:32:39.368974+00:00,31.743272362742573
2025-08-15 15:32:39.944327+00:00,31.743272362742573
2025-08-15 15:32:40.198791+00:00,31.763875091448426
2025-08-15 15:32:41.599152+00:00,31.753573726513423
2025-08-15 15:32:42.745154+00:00,31.753573726513423
2025-08-15 15:32:44.007567+00:00,31.758724408835405
2025-08-15 15:32:45.010539+00:00,31.763875091448426
2025-08-15 15:32:45.465471+00:00,31.763875091448426
2025-08-15 15:32:47.392155+00:00,31.763875091448426
2025-08-15 15:32:49.295122+00:00,31.758724408835405
2025-08-15 15:32:50.283184+00:00,31.753573726513423
2025-08-15 15:32:50.990724+00:00,31.763875091448426
2025-08-15 15:32:51.372835+00:00,31.763875091448426
2025-08-15 15:32:55.298439+00:00,31.753573726513423
2025-08-15 15:32:57.194211+00:00,31.758724408835405
2025-08-15 15:33:00.406673+00:00,31.753573726513423
2025-08-15 15:33:04.766372+00:00,31.758724408835405
2025-08-15 15:33:05.081285+00:00,31.753573726513423
2025-08-15 15:33:05.840123+00:00,31.743272362742573
2025-08-15 15:33:06.415535+00:00,31.74842304448248
2025-08-15 15:33:09.699695+00:00,31.74842304448248
2025-08-15 15:33:10.130310+00:00,31.74842304448248
2025-08-15 15:33:10.831583+00:00,31.743272362742573
2025-08-15 15:33:14.245429+00:00,31.763875091448426
2025-08-15 15:33:15.125779+00:00,31.743272362742573
2025-08-15 15:33:16.806501+00:00,31.743272362742573
2025-08-15 15:33:18.306661+00:00,31.743272362742573
2025-08-15 15:33:19.959590+00:00,31.74842304448248
2025-08-15 15:33:20.749474+00:00,31.743272362742573
2025-08-15 15:33:22.575350+00:00,31.743272362742573
2025-08-15 15:33:22.783847+00:00,31.738121681293705
2025-08-15 15:33:23.128015+00:00,31.753573726513423
2025-08-15 15:33:23.533463+00:00,31.753573726513423
2025-08-15 15:33:23.679110+00:00,31.74842304448248
2025-08-15 15:33:26.478942+00:00,31.758724408835405
2025-08-15 15:33:28.843820+00:00,31.758724408835405
2025-08-15 15:33:29.770777+00:00,31.758724408835405
2025-08-15 15:33:33.395986+00:00,31.763875091448426
2025-08-15 15:33:35.041090+00:00,31.74842304448248
2025-08-15 15:33:35.294290+00:00,31.763875091448426
2025-08-15 15:33:37.516640+00:00,31.763875091448426
2025-08-15 15:33:37.850534+00:00,31.753573726513423
2025-08-15 15:33:38.665578+00:00,31.763875091448426
2025-08-15 15:33:39.958154+00:00,31.763875091448426
2025-08-15 15:33:40.207728+00:00,31.763875091448426
2025-08-15 15:33:40.491095+00:00,31.774176457547583
2025-08-15 15:33:40.708341+00:00,31.769025774352485
2025-08-15 15:33:42.914073+00:00,31.769025774352485
2025-08-15 15:33:43.498752+00:00,31.774176457547583
2025-08-15 15:33:48.537760+00:00,31.784477824810892
2025-08-15 15:33:49.091812+00:00,31.77932714103372
2025-08-15 15:33:49.455957+00:00,31.784477824810892
2025-08-15 15:33:51.645297+00:00,31.784477824810892
2025-08-15 15:33:53.640242+00:00,31.77932714103372
2025-08-15 15:33:56.974049+00:00,31.789628508879105
2025-08-15 15:34:02.549413+00:00,31.77932714103372
2025-08-15 15:34:03.462202+00:00,31.77932714103372
2025-08-15 15:34:07.902881+00:00,31.77932714103372
2025-08-15 15:34:09.647222+00:00,31.774176457547583
2025-08-15 15:34:10.454251+00:00,31.77932714103372
2025-08-15 15:34:10.988416+00:00,31.784477824810892
2025-08-15 15:34:11.980213+00:00,31.77932714103372
2025-08-15 15:34:17.761530+00:00,31.774176457547583
2025-08-15 15:34:18.226018+00:00,31.758724408835405
2025-08-15 15:34:18.664175+00:00,31.758724408835405
2025-08-15 15:34:19.286184+00:00,31.769025774352485
2025-08-15 15:34:20.292095+00:00,31.77932714103372
2025-08-15 15:34:23.111620+00:00,31.758724408835405
2025-08-15 15:34:25.175106+00:00,31.763875091448426
2025-08-15 15:34:25.727588+00:00,31.769025774352485
2025-08-15 15:34:26.582932+00:00,31.77932714103372
2025-08-15 15:34:28.289726+00:00,31.784477824810892
2025-08-15 15:34:29.062411+00:00,31.77932714103372
2025-08-15 15:34:30.812483+00:00,31.784477824810892
2025-08-15 15:34:32.544927+00:00,31.77932714103372
2025-08-15 15:34:32.938729+00:00,31.784477824810892
2025-08-15 15:34:33.388442+00:00,31.77932714103372
2025-08-15 15:34:33.903950+00:00,31.77932714103372
2025-08-15 15:34:35.024820+00:00,31.77932714103372
2025-08-15 15:34:36.018025+00:00,31.784477824810892
2025-08-15 15:34:37.983411+00:00,31.774176457547583
2025-08-15 15:34:38.800198+00:00,31.77932714103372
2025-08-15 15:34:39.133009+00:00,31.784477824810892
2025-08-15 15:34:40.162904+00:00,31.774176457547583
2025-08-15 15:34:42.076921+00:00,31.774176457547583
2025-08-15 15:34:42.664096+00:00,31.784477824810892
2025-08-15 15:34:42.886497+00:00,31.77932714103372
2025-08-15 15:34:44.949022+00:00,31.77932714103372
2025-08-15 15:34:48.466132+00:00,31.784477824810892
2025-08-15 15:34:48.866450+00:00,31.77932714103372
2025-08-15 15:34:49.636405+00:00,31.774176457547583
2025-08-15 15:34:51.062864+00:00,31.784477824810892
2025-08-15 15:34:52.736238+00:00,31.784477824810892
2025-08-15 15:34:53.998781+00:00,31.77932714103372
2025-08-15 15:34:54.481908+00:00,31.789628508879105
2025-08-15 15:34:54.974555+00:00,31.789628508879105
2025-08-15 15:34:55.265272+00:00,31.789628508879105
2025-08-15 15:35:01.722936+00:00,31.789628508879105
2025-08-15 15:35:04.028152+00:00,31.784477824810892
2025-08-15 15:35:18.070414+00:00,31.83598467858974
2025-08-15 15:35:20.805658+00:00,31.825683305505663
2025-08-15 15:35:21.446348+00:00,31.83598467858974
2025-08-15 15:35:22.331796+00:00,31.83598467858974
2025-08-15 15:35:22.735093+00:00,31.846286052837968
2025-08-15 15:35:25.616736+00:00,31.85658742825035
2025-08-15 15:35:26.227925+00:00,31.830833991902182
2025-08-15 15:35:26.783718+00:00,31.846286052837968
2025-08-15 15:35:27.405986+00:00,31.841135365568334
2025-08-15 15:35:28.037688+00:00,31.846286052837968
2025-08-15 15:35:28.422817+00:00,31.830833991902182
2025-08-15 15:35:28.961257+00:00,31.841135365568334
2025-08-15 15:35:33.998448+00:00,31.87203949355171
2025-08-15 15:35:36.418851+00:00,31.877190182567574
2025-08-15 15:35:36.852262+00:00,31.8617381163931
2025-08-15 15:35:41.235936+00:00,31.877190182567574
2025-08-15 15:35:42.749744+00:00,31.85658742825035
2025-08-15 15:35:43.128572+00:00,31.85658742825035
2025-08-15 15:35:43.849011+00:00,31.83598467858974
2025-08-15 15:35:44.635818+00:00,31.841135365568334
2025-08-15 15:35:49.326994+00:00,31.882340871874476
2025-08-15 15:35:50.710378+00:00,31.87203949355171
2025-08-15 15:35:51.480727+00:00,31.877190182567574
2025-08-15 15:35:53.279567+00:00,31.887491561472416
2025-08-15 15:35:55.275246+00:00,31.887491561472416
2025-08-15 15:35:55.507542+00:00,31.882340871874476
2025-08-15 15:35:55.785346+00:00,31.877190182567574
2025-08-15 15:35:56.461908+00:00,31.882340871874476
2025-08-15 15:35:57.907506+00:00,31.877190182567574
2025-08-15 15:35:58.566058+00:00,31.85658742825035
2025-08-15 15:36:00.124246+00:00,31.85658742825035
2025-08-15 15:36:07.318443+00:00,31.85143674039864
2025-08-15 15:36:09.280796+00:00,31.83598467858974
2025-08-15 15:36:11.010279+00:00,31.825683305505663
2025-08-15 15:36:11.518419+00:00,31.825683305505663
2025-08-15 15:36:11.927005+00:00,31.825683305505663
2025-08-15 15:36:16.201792+00:00,31.81538193358574
2025-08-15 15:36:16.602281+00:00,31.81538193358574
2025-08-15 15:36:19.296044+00:00,31.80508056282997
2025-08-15 15:36:20.364542+00:00,31.810231248062337
2025-08-15 15:36:20.589526+00:00,31.80508056282997
2025-08-15 15:36:20.867206+00:00,31.80508056282997
2025-08-15 15:36:21.523305+00:00,31.80508056282997
2025-08-15 15:36:23.833441+00:00,31.794779193238355
2025-08-15 15:36:25.791026+00:00,31.794779193238355
2025-08-15 15:36:26.081760+00:00,31.794779193238355
2025-08-15 15:36:29.790693+00:00,31.80508056282997
2025-08-15 15:36:32.497415+00:00,31.789628508879105
2025-08-15 15:36:32.950168+00:00,31.799929877888644
2025-08-15 15:36:33.791337+00:00,31.794779193238355
2025-08-15 15:36:34.200798+00:00,31.794779193238355
2025-08-15 15:36:34.444793+00:00,31.799929877888644
2025-08-15 15:36:34.688965+00:00,31.794779193238355
2025-08-15 15:36:35.122333+00:00,31.794779193238355
2025-08-15 15:36:37.169735+00:00,31.794779193238355
2025-08-15 15:36:37.695904+00:00,31.794779193238355
2025-08-15 15:36:38.471964+00:00,31.794779193238355
2025-08-15 15:36:41.162474+00:00,31.789628508879105
2025-08-15 15:36:42.631592+00:00,31.799929877888644
2025-08-15 15:36:43.067801+00:00,31.81538193358574
2025-08-15 15:36:47.687673+00:00,31.80508056282997
2025-08-15 15:36:48.515924+00:00,31.799929877888644
2025-08-15 15:36:50.277925+00:00,31.799929877888644
2025-08-15 15:36:50.662880+00:00,31.80508056282997
2025-08-15 15:36:52.239664+00:00,31.80508056282997
2025-08-15 15:36:52.515708+00:00,31.80508056282997
2025-08-15 15:36:53.229086+00:00,31.80508056282997
2025-08-15 15:36:53.487131+00:00,31.80508056282997
2025-08-15 15:36:56.107086+00:00,31.794779193238355
2025-08-15 15:36:58.889460+00:00,31.784477824810892
2025-08-15 15:37:00.048448+00:00,31.784477824810892
2025-08-15 15:37:09.042329+00:00,31.77932714103372
2025-08-15 15:37:11.004444+00:00,31.799929877888644
2025-08-15 15:37:17.766491+00:00,31.799929877888644
2025-08-15 15:37:18.508797+00:00,31.794779193238355
2025-08-15 15:37:18.859360+00:00,31.80508056282997
2025-08-15 15:37:19.199537+00:00,31.80508056282997
2025-08-15 15:37:20.360180+00:00,31.810231248062337
2025-08-15 15:37:21.797555+00:00,31.820532619400183
2025-08-15 15:37:24.405854+00:00,31.820532619400183
2025-08-15 15:37:25.369849+00:00,31.81538193358574
2025-08-15 15:37:27.876005+00:00,31.810231248062337
2025-08-15 15:37:28.857413+00:00,31.810231248062337
2025-08-15 15:37:29.181045+00:00,31.80508056282997
2025-08-15 15:37:31.375806+00:00,31.794779193238355
2025-08-15 15:37:33.831193+00:00,31.789628508879105
2025-08-15 15:37:35.372048+00:00,31.774176457547583
2025-08-15 15:37:35.617103+00:00,31.77932714103372
2025-08-15 15:37:35.857960+00:00,31.774176457547583
2025-08-15 15:37:36.143803+00:00,31.774176457547583
2025-08-15 15:37:36.552081+00:00,31.774176457547583
2025-08-15 15:37:37.712927+00:00,31.774176457547583
2025-08-15 15:37:38.013518+00:00,31.774176457547583
2025-08-15 15:37:39.239299+00:00,31.763875091448426
2025-08-15 15:37:39.993746+00:00,31.763875091448426
2025-08-15 15:37:41.296137+00:00,31.774176457547583
2025-08-15 15:37:42.062868+00:00,31.753573726513423
2025-08-15 15:37:44.131626+00:00,31.763875091448426
2025-08-15 15:37:45.992750+00:00,31.758724408835405
2025-08-15 15:37:49.691551+00:00,31.74842304448248
2025-08-15 15:37:49.880205+00:00,31.738121681293705
2025-08-15 15:37:51.121551+00:00,31.732971000135876
2025-08-15 15:37:52.014189+00:00,31.732971000135876
2025-08-15 15:37:52.250389+00:00,31.732971000135876
2025-08-15 15:37:52.455663+00:00,31.732971000135876
2025-08-15 15:37:52.725121+00:00,31.743272362742573
2025-08-15 15:37:52.980392+00:00,31.732971000135876
2025-08-15 15:37:56.349736+00:00,31.743272362742573
2025-08-15 15:37:56.737662+00:00,31.743272362742573
2025-08-15 15:37:57.038670+00:00,31.74842304448248
2025-08-15 15:37:58.742381+00:00,31.74842304448248
2025-08-15 15:38:05.050552+00:00,31.743272362742573
2025-08-15 15:38:07.496269+00:00,31.732971000135876
2025-08-15 15:38:13.562052+00:00,31.738121681293705
2025-08-15 15:38:14.548534+00:00,31.727820319269085
2025-08-15 15:38:15.370607+00:00,31.732971000135876
2025-08-15 15:38:16.124139+00:00,31.732971000135876
2025-08-15 15:38:17.474298+00:00,31.738121681293705
2025-08-15 15:38:18.587033+00:00,31.732971000135876
2025-08-15 15:38:19.785194+00:00,31.732971000135876
2025-08-15 15:38:20.793866+00:00,31.722669638693333
2025-08-15 15:38:21.944240+00:00,31.722669638693333
2025-08-15 15:38:25.977741+00:00,31.71751895840862
2025-08-15 15:38:26.941521+00:00,31.727820319269085
2025-08-15 15:38:28.747067+00:00,31.712368278414942
2025-08-15 15:38:29.198184+00:00,31.702066919300705
2025-08-15 15:38:31.039748+00:00,31.71751895840862
2025-08-15 15:38:31.592102+00:00,31.727820319269085
2025-08-15 15:38:34.387276+00:00,31.722669638693333
2025-08-15 15:38:35.229095+00:00,31.712368278414942
2025-08-15 15:38:35.871921+00:00,31.722669638693333
2025-08-15 15:38:38.103336+00:00,31.71751895840862
2025-08-15 15:38:40.502869+00:00,31.712368278414942
2025-08-15 15:38:41.320527+00:00,31.712368278414942
2025-08-15 15:38:44.104750+00:00,31.71751895840862
2025-08-15 15:38:47.949259+00:00,31.71751895840862
2025-08-15 15:38:50.042403+00:00,31.712368278414942
2025-08-15 15:38:52.463423+00:00,31.722669638693333
2025-08-15 15:38:52.928872+00:00,31.732971000135876
2025-08-15 15:38:54.177139+00:00,31.738121681293705
2025-08-15 15:38:55.356125+00:00,31.732971000135876
2025-08-15 15:38:56.703871+00:00,31.727820319269085
2025-08-15 15:38:58.963220+00:00,31.738121681293705
2025-08-15 15:38:59.285993+00:00,31.743272362742573
2025-08-15 15:39:01.032787+00:00,31.738121681293705
2025-08-15 15:39:02.780250+00:00,31.732971000135876
2025-08-15 15:39:07.482878+00:00,31.743272362742573
2025-08-15 15:39:07.969208+00:00,31.727820319269085
2025-08-15 15:39:10.392020+00:00,31.732971000135876
2025-08-15 15:39:10.989953+00:00,31.732971000135876
2025-08-15 15:39:13.674369+00:00,31.743272362742573
2025-08-15 15:39:22.079580+00:00,31.738121681293705
2025-08-15 15:39:22.862828+00:00,31.732971000135876
2025-08-15 15:39:23.219390+00:00,31.743272362742573
2025-08-15 15:39:23.785791+00:00,31.727820319269085
2025-08-15 15:39:34.063122+00:00,31.732971000135876
2025-08-15 15:39:34.749748+00:00,31.732971000135876
2025-08-15 15:39:34.979137+00:00,31.732971000135876
2025-08-15 15:39:36.190225+00:00,31.722669638693333
2025-08-15 15:39:37.892649+00:00,31.732971000135876
2025-08-15 15:39:38.995451+00:00,31.722669638693333
2025-08-15 15:39:40.607795+00:00,31.722669638693333
2025-08-15 15:39:41.204282+00:00,31.727820319269085
2025-08-15 15:39:41.912306+00:00,31.732971000135876
2025-08-15 15:39:42.864646+00:00,31.722669638693333
2025-08-15 15:39:48.556881+00:00,31.732971000135876
2025-08-15 15:39:49.003126+00:00,31.702066919300705
2025-08-15 15:39:50.040362+00:00,31.707217598712305
2025-08-15 15:39:52.613031+00:00,31.707217598712305
2025-08-15 15:39:55.412556+00:00,31.712368278414942
2025-08-15 15:39:56.808683+00:00,31.712368278414942
2025-08-15 15:39:58.550701+00:00,31.707217598712305
2025-08-15 15:39:58.945958+00:00,31.71751895840862
2025-08-15 15:39:59.371348+00:00,31.712368278414942
2025-08-15 15:40:06.270267+00:00,31.71751895840862
2025-08-15 15:40:08.325833+00:00,31.702066919300705
2025-08-15 15:40:09.253528+00:00,31.702066919300705
2025-08-15 15:40:10.562716+00:00,31.69176556135062
2025-08-15 15:40:13.794523+00:00,31.69176556135062
2025-08-15 15:40:14.419772+00:00,31.686614882812137
2025-08-15 15:40:16.729673+00:00,31.69176556135062
2025-08-15 15:40:19.663109+00:00,31.69176556135062
2025-08-15 15:40:22.071158+00:00,31.69176556135062
2025-08-15 15:40:23.749871+00:00,31.686614882812137
2025-08-15 15:40:24.351515+00:00,31.68146420456469
2025-08-15 15:40:25.980069+00:00,31.68146420456469
2025-08-15 15:40:29.270141+00:00,31.68146420456469
2025-08-15 15:40:33.335936+00:00,31.69176556135062
2025-08-15 15:40:35.653055+00:00,31.686614882812137
2025-08-15 15:40:36.228235+00:00,31.68146420456469
2025-08-15 15:40:41.934369+00:00,31.68146420456469
2025-08-15 15:40:46.745788+00:00,31.68146420456469
2025-08-15 15:40:49.444325+00:00,31.69176556135062
2025-08-15 15:40:50.036728+00:00,31.68146420456469
2025-08-15 15:40:50.736523+00:00,31.686614882812137
2025-08-15 15:40:51.097324+00:00,31.69176556135062
2025-08-15 15:40:51.706175+00:00,31.69176556135062
2025-08-15 15:40:54.253918+00:00,31.69176556135062
2025-08-15 15:40:55.244146+00:00,31.686614882812137
2025-08-15 15:40:55.759268+00:00,31.696916240180144
2025-08-15 15:40:57.663738+00:00,31.69176556135062
2025-08-15 15:40:58.349560+00:00,31.696916240180144
2025-08-15 15:40:58.632558+00:00,31.69176556135062
2025-08-15 15:40:59.268031+00:00,31.69176556135062
2025-08-15 15:41:04.905019+00:00,31.686614882812137
2025-08-15 15:41:08.388094+00:00,31.71751895840862
2025-08-15 15:41:09.169217+00:00,31.712368278414942
2025-08-15 15:41:10.037408+00:00,31.722669638693333
2025-08-15 15:41:14.786802+00:00,31.727820319269085
2025-08-15 15:41:18.867567+00:00,31.707217598712305
2025-08-15 15:41:21.656994+00:00,31.696916240180144
2025-08-15 15:41:22.577349+00:00,31.712368278414942
2025-08-15 15:41:23.610523+00:00,31.696916240180144
2025-08-15 15:41:23.904657+00:00,31.702066919300705
2025-08-15 15:41:24.110141+00:00,31.712368278414942
2025-08-15 15:41:24.369274+00:00,31.707217598712305
2025-08-15 15:41:25.443245+00:00,31.707217598712305
2025-08-15 15:41:25.877088+00:00,31.702066919300705
2025-08-15 15:41:26.845413+00:00,31.702066919300705
2025-08-15 15:41:27.297635+00:00,31.696916240180144
2025-08-15 15:41:27.639722+00:00,31.707217598712305
2025-08-15 15:41:28.759051+00:00,31.702066919300705
2025-08-15 15:41:29.010060+00:00,31.707217598712305
2025-08-15 15:41:29.318866+00:00,31.707217598712305
2025-08-15 15:41:29.719599+00:00,31.71751895840862
2025-08-15 15:41:32.179161+00:00,31.707217598712305
2025-08-15 15:41:32.649175+00:00,31.722669638693333
2025-08-15 15:41:33.566566+00:00,31.727820319269085
2025-08-15 15:41:36.119436+00:00,31.743272362742573
2025-08-15 15:41:37.882823+00:00,31.74842304448248
2025-08-15 15:41:39.120153+00:00,31.758724408835405
2025-08-15 15:41:41.882962+00:00,31.753573726513423
2025-08-15 15:41:42.111592+00:00,31.763875091448426
2025-08-15 15:41:43.038027+00:00,31.74842304448248
2025-08-15 15:41:43.973078+00:00,31.753573726513423
2025-08-15 15:41:48.800805+00:00,31.763875091448426
2025-08-15 15:41:50.623772+00:00,31.789628508879105
2025-08-15 15:41:50.965971+00:00,31.774176457547583
2025-08-15 15:41:51.433801+00:00,31.774176457547583
2025-08-15 15:41:54.501293+00:00,31.769025774352485
2025-08-15 15:41:54.669111+00:00,31.789628508879105
2025-08-15 15:41:54.928698+00:00,31.794779193238355
2025-08-15 15:41:55.227767+00:00,31.784477824810892
2025-08-15 15:41:57.068008+00:00,31.774176457547583
2025-08-15 15:41:59.297525+00:00,31.77932714103372
2025-08-15 15:42:00.284638+00:00,31.774176457547583
2025-08-15 15:42:04.678617+00:00,31.789628508879105
2025-08-15 15:42:06.445102+00:00,31.799929877888644
2025-08-15 15:42:07.127512+00:00,31.789628508879105
2025-08-15 15:42:07.917315+00:00,31.799929877888644
2025-08-15 15:42:08.413814+00:00,31.794779193238355
2025-08-15 15:42:08.912965+00:00,31.794779193238355
2025-08-15 15:42:09.317626+00:00,31.794779193238355
2025-08-15 15:42:09.842966+00:00,31.80508056282997
2025-08-15 15:42:14.024760+00:00,31.794779193238355
2025-08-15 15:42:16.385694+00:00,31.81538193358574
2025-08-15 15:42:16.798529+00:00,31.81538193358574
2025-08-15 15:42:17.276053+00:00,31.810231248062337
2025-08-15 15:42:20.534522+00:00,31.794779193238355
2025-08-15 15:42:23.605889+00:00,31.80508056282997
2025-08-15 15:42:24.253527+00:00,31.789628508879105
2025-08-15 15:42:25.079633+00:00,31.784477824810892
2025-08-15 15:42:25.998947+00:00,31.789628508879105
2025-08-15 15:42:27.641209+00:00,31.789628508879105
2025-08-15 15:42:28.918109+00:00,31.784477824810892
2025-08-15 15:42:29.477050+00:00,31.774176457547583
2025-08-15 15:42:30.933140+00:00,31.769025774352485
2025-08-15 15:42:36.721273+00:00,31.763875091448426
2025-08-15 15:42:38.732696+00:00,31.763875091448426
2025-08-15 15:42:39.177060+00:00,31.769025774352485
2025-08-15 15:42:41.217143+00:00,31.758724408835405
2025-08-15 15:42:41.807529+00:00,31.769025774352485
2025-08-15 15:42:42.575694+00:00,31.774176457547583
2025-08-15 15:42:43.094127+00:00,31.784477824810892
2025-08-15 15:42:44.057830+00:00,31.774176457547583
2025-08-15 15:42:45.383137+00:00,31.769025774352485
2025-08-15 15:42:49.134040+00:00,31.774176457547583
2025-08-15 15:42:49.929935+00:00,31.763875091448426
2025-08-15 15:42:51.584751+00:00,31.769025774352485
2025-08-15 15:42:54.517707+00:00,31.753573726513423
2025-08-15 15:42:58.224939+00:00,31.769025774352485
2025-08-15 15:42:58.444863+00:00,31.769025774352485
2025-08-15 15:42:58.779992+00:00,31.753573726513423
2025-08-15 15:42:59.030186+00:00,31.763875091448426
2025-08-15 15:42:59.292187+00:00,31.753573726513423
2025-08-15 15:42:59.472001+00:00,31.763875091448426
2025-08-15 15:42:59.818480+00:00,31.753573726513423
2025-08-15 15:43:01.018891+00:00,31.753573726513423
2025-08-15 15:43:04.858092+00:00,31.753573726513423
2025-08-15 15:43:05.741202+00:00,31.758724408835405
2025-08-15 15:43:09.967811+00:00,31.74842304448248
2025-08-15 15:43:12.957497+00:00,31.743272362742573
2025-08-15 15:43:14.518004+00:00,31.769025774352485
2025-08-15 15:43:16.298953+00:00,31.732971000135876
2025-08-15 15:43:16.667065+00:00,31.732971000135876
2025-08-15 15:43:18.241666+00:00,31.71751895840862
2025-08-15 15:43:19.539340+00:00,31.727820319269085
2025-08-15 15:43:20.342064+00:00,31.743272362742573
2025-08-15 15:43:21.998052+00:00,31.732971000135876
2025-08-15 15:43:24.065154+00:00,31.722669638693333
2025-08-15 15:43:25.945194+00:00,31.707217598712305
2025-08-15 15:43:26.515958+00:00,31.712368278414942
2025-08-15 15:43:27.750630+00:00,31.722669638693333
2025-08-15 15:43:27.999798+00:00,31.722669638693333
2025-08-15 15:43:28.399853+00:00,31.71751895840862
2025-08-15 15:43:33.365947+00:00,31.702066919300705
2025-08-15 15:43:33.865373+00:00,31.712368278414942
2025-08-15 15:43:34.300696+00:00,31.702066919300705
2025-08-15 15:43:34.578397+00:00,31.702066919300705
2025-08-15 15:43:34.806716+00:00,31.722669638693333
2025-08-15 15:43:35.131230+00:00,31.712368278414942
2025-08-15 15:43:36.214758+00:00,31.707217598712305
2025-08-15 15:43:40.518843+00:00,31.707217598712305
2025-08-15 15:43:41.195521+00:00,31.68146420456469
2025-08-15 15:43:41.896568+00:00,31.686614882812137
2025-08-15 15:43:42.700177+00:00,31.696916240180144
2025-08-15 15:43:43.008335+00:00,31.696916240180144
2025-08-15 15:43:44.639433+00:00,31.702066919300705
2025-08-15 15:43:45.391403+00:00,31.696916240180144
2025-08-15 15:43:46.624536+00:00,31.702066919300705
2025-08-15 15:43:48.621632+00:00,31.71751895840862
2025-08-15 15:43:51.040225+00:00,31.712368278414942
2025-08-15 15:43:51.757115+00:00,31.702066919300705
2025-08-15 15:43:51.983330+00:00,31.712368278414942
2025-08-15 15:43:53.775035+00:00,31.707217598712305
2025-08-15 15:43:55.501175+00:00,31.702066919300705
2025-08-15 15:43:56.557368+00:00,31.712368278414942
2025-08-15 15:43:57.373885+00:00,31.71751895840862
2025-08-15 15:43:58.485784+00:00,31.712368278414942
2025-08-15 15:44:01.822365+00:00,31.686614882812137
2025-08-15 15:44:03.842499+00:00,31.702066919300705
2025-08-15 15:44:05.979344+00:00,31.686614882812137
2025-08-15 15:44:07.615230+00:00,31.702066919300705
2025-08-15 15:44:08.906811+00:00,31.69176556135062
2025-08-15 15:44:10.295109+00:00,31.686614882812137
2025-08-15 15:44:12.009842+00:00,31.686614882812137
2025-08-15 15:44:14.092901+00:00,31.676313526608283
2025-08-15 15:44:18.307597+00:00,31.68146420456469
2025-08-15 15:44:19.174515+00:00,31.666012171568582
2025-08-15 15:44:22.136695+00:00,31.666012171568582
2025-08-15 15:44:22.519653+00:00,31.69176556135062
2025-08-15 15:44:27.845318+00:00,31.69176556135062
2025-08-15 15:44:30.199990+00:00,31.69176556135062
2025-08-15 15:44:32.650684+00:00,31.686614882812137
2025-08-15 15:44:33.902041+00:00,31.686614882812137
2025-08-15 15:44:34.185976+00:00,31.68146420456469
2025-08-15 15:44:36.869708+00:00,31.702066919300705
2025-08-15 15:44:40.399982+00:00,31.69176556135062
2025-08-15 15:44:43.460379+00:00,31.69176556135062
2025-08-15 15:44:44.292507+00:00,31.686614882812137
2025-08-15 15:44:46.973712+00:00,31.69176556135062
2025-08-15 15:44:49.530374+00:00,31.676313526608283
2025-08-15 15:44:50.047170+00:00,31.696916240180144
2025-08-15 15:44:50.750917+00:00,31.686614882812137
2025-08-15 15:44:51.108900+00:00,31.686614882812137
2025-08-15 15:44:52.268257+00:00,31.69176556135062
2025-08-15 15:44:52.621080+00:00,31.696916240180144
2025-08-15 15:44:53.466671+00:00,31.702066919300705
2025-08-15 15:44:55.730764+00:00,31.707217598712305
2025-08-15 15:44:56.807911+00:00,31.712368278414942
2025-08-15 15:44:57.451479+00:00,31.702066919300705
2025-08-15 15:44:58.309043+00:00,31.702066919300705
2025-08-15 15:44:58.776387+00:00,31.696916240180144
2025-08-15 15:44:59.992634+00:00,31.702066919300705
2025-08-15 15:45:00.396356+00:00,31.702066919300705
2025-08-15 15:45:03.199018+00:00,31.712368278414942
2025-08-15 15:45:03.572023+00:00,31.712368278414942
2025-08-15 15:45:03.897006+00:00,31.712368278414942
2025-08-15 15:45:04.285546+00:00,31.707217598712305
2025-08-15 15:45:04.796502+00:00,31.712368278414942
2025-08-15 15:45:06.081034+00:00,31.712368278414942
2025-08-15 15:45:08.623159+00:00,31.696916240180144
2025-08-15 15:45:10.568008+00:00,31.712368278414942
2025-08-15 15:45:11.219590+00:00,31.702066919300705
2025-08-15 15:45:11.602431+00:00,31.702066919300705
2025-08-15 15:45:12.087267+00:00,31.712368278414942
2025-08-15 15:45:24.046534+00:00,31.686614882812137
2025-08-15 15:45:24.539587+00:00,31.686614882812137
2025-08-15 15:45:25.780691+00:00,31.68146420456469
2025-08-15 15:45:27.505890+00:00,31.68146420456469
2025-08-15 15:45:34.171897+00:00,31.686614882812137
2025-08-15 15:45:35.215940+00:00,31.69176556135062
2025-08-15 15:45:38.109997+00:00,31.69176556135062
2025-08-15 15:45:41.350869+00:00,31.68146420456469
2025-08-15 15:45:41.798982+00:00,31.69176556135062
2025-08-15 15:45:42.182180+00:00,31.69176556135062
2025-08-15 15:45:42.566951+00:00,31.68146420456469
2025-08-15 15:45:42.952271+00:00,31.68146420456469
2025-08-15 15:45:44.312469+00:00,31.671162848942913
2025-08-15 15:45:44.780529+00:00,31.68146420456469
2025-08-15 15:45:45.474500+00:00,31.686614882812137
2025-08-15 15:45:46.219354+00:00,31.686614882812137
2025-08-15 15:45:49.375870+00:00,31.69176556135062
2025-08-15 15:45:53.178350+00:00,31.69176556135062
2025-08-15 15:45:54.065246+00:00,31.69176556135062
2025-08-15 15:45:54.666084+00:00,31.69176556135062
2025-08-15 15:45:57.291348+00:00,31.722669638693333
2025-08-15 15:45:58.560273+00:00,31.696916240180144
2025-08-15 15:46:01.575078+00:00,31.707217598712305
2025-08-15 15:46:05.571659+00:00,31.727820319269085
2025-08-15 15:46:10.161951+00:00,31.727820319269085
2025-08-15 15:46:14.498345+00:00,31.71751895840862
2025-08-15 15:46:15.040994+00:00,31.722669638693333
2025-08-15 15:46:15.818552+00:00,31.722669638693333
2025-08-15 15:46:19.115756+00:00,31.722669638693333
2025-08-15 15:46:21.476833+00:00,31.74842304448248
2025-08-15 15:46:21.774127+00:00,31.738121681293705
2025-08-15 15:46:25.001857+00:00,31.738121681293705
2025-08-15 15:46:25.304048+00:00,31.753573726513423
2025-08-15 15:46:25.595220+00:00,31.763875091448426
2025-08-15 15:46:25.909244+00:00,31.769025774352485
2025-08-15 15:46:26.389514+00:00,31.763875091448426
2025-08-15 15:46:26.848584+00:00,31.763875091448426
2025-08-15 15:46:29.326983+00:00,31.774176457547583
2025-08-15 15:46:31.075176+00:00,31.784477824810892
2025-08-15 15:46:34.879445+00:00,31.81538193358574
2025-08-15 15:46:35.229889+00:00,31.820532619400183
2025-08-15 15:46:38.025178+00:00,31.825683305505663
2025-08-15 15:46:42.401982+00:00,31.83598467858974
2025-08-15 15:46:43.198507+00:00,31.866888804826885
2025-08-15 15:46:44.407807+00:00,31.85658742825035
2025-08-15 15:46:45.661187+00:00,31.87203949355171
2025-08-15 15:46:46.488214+00:00,31.877190182567574
2025-08-15 15:46:49.219742+00:00,31.887491561472416
2025-08-15 15:46:50.505135+00:00,31.882340871874476
2025-08-15 15:46:55.602878+00:00,31.887491561472416
2025-08-15 15:46:56.654240+00:00,31.887491561472416
2025-08-15 15:46:57.047269+00:00,31.882340871874476
2025-08-15 15:46:59.070409+00:00,31.892642251361394
2025-08-15 15:46:59.504321+00:00,31.877190182567574
2025-08-15 15:47:00.081017+00:00,31.877190182567574
2025-08-15 15:47:01.383812+00:00,31.882340871874476
2025-08-15 15:47:03.453199+00:00,31.887491561472416
2025-08-15 15:47:10.506077+00:00,31.882340871874476
2025-08-15 15:47:12.803018+00:00,31.866888804826885
2025-08-15 15:47:13.824099+00:00,31.8617381163931
2025-08-15 15:47:14.055676+00:00,31.85658742825035
2025-08-15 15:47:14.374767+00:00,31.866888804826885
2025-08-15 15:47:15.402205+00:00,31.85658742825035
2025-08-15 15:47:15.751897+00:00,31.85143674039864
2025-08-15 15:47:16.919663+00:00,31.846286052837968
2025-08-15 15:47:18.565428+00:00,31.83598467858974
2025-08-15 15:47:19.352124+00:00,31.8617381163931
2025-08-15 15:47:20.321590+00:00,31.87203949355171
2025-08-15 15:47:20.881773+00:00,31.87203949355171
2025-08-15 15:47:21.160964+00:00,31.85658742825035
2025-08-15 15:47:21.768532+00:00,31.866888804826885
2025-08-15 15:47:23.347918+00:00,31.866888804826885
2025-08-15 15:47:23.898465+00:00,31.85658742825035
2025-08-15 15:47:24.147134+00:00,31.866888804826885
2025-08-15 15:47:24.340275+00:00,31.87203949355171
2025-08-15 15:47:24.609064+00:00,31.877190182567574
2025-08-15 15:47:25.761098+00:00,31.866888804826885
2025-08-15 15:47:26.197655+00:00,31.882340871874476
2025-08-15 15:47:26.630781+00:00,31.887491561472416
2025-08-15 15:47:34.077927+00:00,31.89779294154141
2025-08-15 15:47:36.540563+00:00,31.92354639680707
2025-08-15 15:47:36.773227+00:00,31.928697088733315
2025-08-15 15:47:39.430523+00:00,31.91839570517186
2025-08-15 15:47:40.152837+00:00,31.91324501382769
2025-08-15 15:47:40.300706+00:00,31.91839570517186
2025-08-15 15:47:42.986432+00:00,31.91324501382769
2025-08-15 15:47:43.286423+00:00,31.92354639680707
2025-08-15 15:47:44.531532+00:00,31.928697088733315
2025-08-15 15:47:46.043497+00:00,31.928697088733315
2025-08-15 15:47:46.760184+00:00,31.944149166258285
2025-08-15 15:47:48.668463+00:00,31.9596012464026
2025-08-15 15:47:49.016297+00:00,31.9596012464026
2025-08-15 15:47:50.603489+00:00,31.9596012464026
2025-08-15 15:47:51.741415+00:00,31.969902634620667
2025-08-15 15:47:54.090482+00:00,31.969902634620667
2025-08-15 15:47:55.834823+00:00,31.954450552730123
2025-08-15 15:47:57.087836+00:00,31.944149166258285
2025-08-15 15:47:59.088569+00:00,31.9596012464026
2025-08-15 15:48:00.959099+00:00,31.9596012464026
2025-08-15 15:48:01.884950+00:00,31.9596012464026
2025-08-15 15:48:03.530312+00:00,31.949299859348685
2025-08-15 15:48:03.927521+00:00,31.949299859348685
2025-08-15 15:48:04.308362+00:00,31.949299859348685
2025-08-15 15:48:04.659972+00:00,31.954450552730123
2025-08-15 15:48:05.052313+00:00,31.949299859348685
2025-08-15 15:48:05.469261+00:00,31.949299859348685
2025-08-15 15:48:06.145584+00:00,31.949299859348685
2025-08-15 15:48:06.671537+00:00,31.949299859348685
2025-08-15 15:48:07.393522+00:00,31.949299859348685
2025-08-15 15:48:07.823340+00:00,31.938998473458923
2025-08-15 15:48:08.292013+00:00,31.938998473458923
2025-08-15 15:48:08.653568+00:00,31.944149166258285
2025-08-15 15:48:08.991880+00:00,31.938998473458923
2025-08-15 15:48:09.360943+00:00,31.938998473458923
2025-08-15 15:48:09.686741+00:00,31.938998473458923
2025-08-15 15:48:10.095524+00:00,31.944149166258285
2025-08-15 15:48:10.452731+00:00,31.938998473458923
2025-08-15 15:48:10.877174+00:00,31.9338477809506
2025-08-15 15:48:11.399435+00:00,31.9338477809506
2025-08-15 15:48:12.144795+00:00,31.949299859348685
2025-08-15 15:48:12.506019+00:00,31.975053329166258
2025-08-15 15:48:12.735709+00:00,31.954450552730123
2025-08-15 15:48:12.957235+00:00,31.954450552730123
2025-08-15 15:48:13.228533+00:00,31.954450552730123
2025-08-15 15:48:13.989284+00:00,31.944149166258285
2025-08-15 15:48:15.009185+00:00,31.928697088733315
2025-08-15 15:48:15.364838+00:00,31.928697088733315
2025-08-15 15:48:16.395799+00:00,31.928697088733315
2025-08-15 15:48:17.018430+00:00,31.928697088733315
2025-08-15 15:48:18.375195+00:00,31.938998473458923
2025-08-15 15:48:19.784515+00:00,31.92354639680707
2025-08-15 15:48:20.556942+00:00,31.91324501382769
2025-08-15 15:48:22.404690+00:00,31.91324501382769
2025-08-15 15:48:22.665205+00:00,31.90809432277456
2025-08-15 15:48:22.973634+00:00,31.90809432277456
2025-08-15 15:48:23.380106+00:00,31.91324501382769
2025-08-15 15:48:23.698974+00:00,31.91324501382769
2025-08-15 15:48:24.575870+00:00,31.91324501382769
2025-08-15 15:48:26.156013+00:00,31.90809432277456
2025-08-15 15:48:28.435785+00:00,31.91839570517186
2025-08-15 15:48:28.721931+00:00,31.91324501382769
2025-08-15 15:48:28.956226+00:00,31.90809432277456
2025-08-15 15:48:29.120764+00:00,31.92354639680707
2025-08-15 15:48:29.280132+00:00,31.91839570517186
2025-08-15 15:48:30.007401+00:00,31.91324501382769
2025-08-15 15:48:30.508633+00:00,31.902943632012466
2025-08-15 15:48:31.788274+00:00,31.91324501382769
2025-08-15 15:48:32.362577+00:00,31.90809432277456
2025-08-15 15:48:34.791835+00:00,31.90809432277456
2025-08-15 15:48:39.477767+00:00,31.90809432277456
2025-08-15 15:48:39.710424+00:00,31.89779294154141
2025-08-15 15:48:39.880572+00:00,31.887491561472416
2025-08-15 15:48:40.988694+00:00,31.89779294154141
2025-08-15 15:48:41.892198+00:00,31.887491561472416
2025-08-15 15:48:45.175584+00:00,31.887491561472416
2025-08-15 15:48:45.974836+00:00,31.882340871874476
2025-08-15 15:48:49.278135+00:00,31.892642251361394
2025-08-15 15:48:51.339815+00:00,31.887491561472416
2025-08-15 15:48:51.725917+00:00,31.882340871874476
2025-08-15 15:48:52.302136+00:00,31.887491561472416
2025-08-15 15:48:53.397075+00:00,31.892642251361394
2025-08-15 15:48:53.996222+00:00,31.892642251361394
2025-08-15 15:48:54.384196+00:00,31.892642251361394
2025-08-15 15:48:55.071356+00:00,31.892642251361394
2025-08-15 15:48:56.556209+00:00,31.877190182567574
2025-08-15 15:48:57.283079+00:00,31.91324501382769
2025-08-15 15:48:58.644464+00:00,31.877190182567574
2025-08-15 15:48:59.831910+00:00,31.882340871874476
2025-08-15 15:49:03.846108+00:00,31.87203949355171
2025-08-15 15:49:06.498887+00:00,31.83598467858974
2025-08-15 15:49:06.892413+00:00,31.846286052837968
2025-08-15 15:49:07.350318+00:00,31.830833991902182
2025-08-15 15:49:08.186989+00:00,31.83598467858974
2025-08-15 15:49:13.014727+00:00,31.825683305505663
2025-08-15 15:49:13.457962+00:00,31.80508056282997
2025-08-15 15:49:13.843097+00:00,31.799929877888644
2025-08-15 15:49:14.619210+00:00,31.794779193238355
2025-08-15 15:49:14.978890+00:00,31.80508056282997
2025-08-15 15:49:15.392591+00:00,31.80508056282997
2025-08-15 15:49:15.792892+00:00,31.80508056282997
2025-08-15 15:49:16.225332+00:00,31.80508056282997
2025-08-15 15:49:16.776442+00:00,31.799929877888644
2025-08-15 15:49:17.284434+00:00,31.80508056282997
2025-08-15 15:49:18.066484+00:00,31.789628508879105
2025-08-15 15:49:20.463031+00:00,31.794779193238355
2025-08-15 15:49:20.849795+00:00,31.789628508879105
2025-08-15 15:49:21.744796+00:00,31.77932714103372
2025-08-15 15:49:22.512259+00:00,31.77932714103372
2025-08-15 15:49:23.457405+00:00,31.774176457547583
2025-08-15 15:49:23.829864+00:00,31.77932714103372
2025-08-15 15:49:24.593122+00:00,31.774176457547583
2025-08-15 15:49:25.737787+00:00,31.774176457547583
2025-08-15 15:49:26.817384+00:00,31.769025774352485
2025-08-15 15:49:28.029642+00:00,31.753573726513423
2025-08-15 15:49:28.932445+00:00,31.74842304448248
2025-08-15 15:49:29.264644+00:00,31.753573726513423
2025-08-15 15:49:29.696802+00:00,31.758724408835405
2025-08-15 15:49:30.072333+00:00,31.763875091448426
2025-08-15 15:49:30.782909+00:00,31.763875091448426
2025-08-15 15:49:32.251391+00:00,31.74842304448248
2025-08-15 15:49:32.942868+00:00,31.753573726513423
2025-08-15 15:49:35.355958+00:00,31.743272362742573
2025-08-15 15:49:36.644645+00:00,31.743272362742573
2025-08-15 15:49:41.254141+00:00,31.763875091448426
2025-08-15 15:49:42.730452+00:00,31.763875091448426
2025-08-15 15:49:43.066776+00:00,31.769025774352485
2025-08-15 15:49:43.737576+00:00,31.753573726513423
2025-08-15 15:49:44.050246+00:00,31.769025774352485
2025-08-15 15:49:46.832729+00:00,31.77932714103372
2025-08-15 15:49:47.198194+00:00,31.784477824810892
2025-08-15 15:49:47.750853+00:00,31.763875091448426
2025-08-15 15:49:52.097166+00:00,31.794779193238355
2025-08-15 15:49:56.635490+00:00,31.80508056282997
2025-08-15 15:49:57.235408+00:00,31.810231248062337
2025-08-15 15:49:57.777864+00:00,31.81538193358574
2025-08-15 15:49:58.021483+00:00,31.80508056282997
2025-08-15 15:49:59.325232+00:00,31.81538193358574
2025-08-15 15:50:01.164768+00:00,31.810231248062337
2025-08-15 15:50:01.512854+00:00,31.80508056282997
2025-08-15 15:50:05.073824+00:00,31.81538193358574
2025-08-15 15:50:10.790421+00:00,31.83598467858974
2025-08-15 15:50:12.309714+00:00,31.820532619400183
2025-08-15 15:50:15.782951+00:00,31.825683305505663
2025-08-15 15:50:20.044275+00:00,31.830833991902182
2025-08-15 15:50:21.948371+00:00,31.825683305505663
2025-08-15 15:50:29.488757+00:00,31.846286052837968
2025-08-15 15:50:31.014650+00:00,31.85658742825035
2025-08-15 15:50:31.805514+00:00,31.85143674039864
2025-08-15 15:50:32.915253+00:00,31.866888804826885
2025-08-15 15:50:34.731674+00:00,31.85658742825035
2025-08-15 15:50:37.632217+00:00,31.8617381163931
2025-08-15 15:50:37.956038+00:00,31.866888804826885
2025-08-15 15:50:49.200028+00:00,31.83598467858974
2025-08-15 15:50:50.357169+00:00,31.81538193358574
2025-08-15 15:50:50.824910+00:00,31.81538193358574
2025-08-15 15:50:52.153532+00:00,31.830833991902182
2025-08-15 15:50:56.636903+00:00,31.81538193358574
2025-08-15 15:50:57.769796+00:00,31.789628508879105
2025-08-15 15:51:01.627628+00:00,31.789628508879105
2025-08-15 15:51:02.829770+00:00,31.789628508879105
2025-08-15 15:51:03.473889+00:00,31.789628508879105
2025-08-15 15:51:06.012497+00:00,31.794779193238355
2025-08-15 15:51:06.530380+00:00,31.80508056282997
2025-08-15 15:51:11.295749+00:00,31.80508056282997
2025-08-15 15:51:16.130966+00:00,31.799929877888644
2025-08-15 15:51:17.643387+00:00,31.820532619400183
2025-08-15 15:51:18.051976+00:00,31.80508056282997
2025-08-15 15:51:18.670431+00:00,31.799929877888644
2025-08-15 15:51:18.993067+00:00,31.799929877888644
2025-08-15 15:51:20.563059+00:00,31.799929877888644
2025-08-15 15:51:22.017530+00:00,31.794779193238355
2025-08-15 15:51:22.327215+00:00,31.794779193238355
2025-08-15 15:51:24.117443+00:00,31.789628508879105
2025-08-15 15:51:24.259188+00:00,31.794779193238355
2025-08-15 15:51:26.105197+00:00,31.784477824810892
2025-08-15 15:51:26.432356+00:00,31.769025774352485
2025-08-15 15:51:27.977763+00:00,31.774176457547583
2025-08-15 15:51:30.993704+00:00,31.769025774352485
2025-08-15 15:51:33.759109+00:00,31.743272362742573
2025-08-15 15:51:34.852572+00:00,31.74842304448248
2025-08-15 15:51:35.960924+00:00,31.74842304448248
2025-08-15 15:51:38.873473+00:00,31.743272362742573
2025-08-15 15:51:39.090759+00:00,31.74842304448248
2025-08-15 15:51:39.308861+00:00,31.74842304448248
2025-08-15 15:51:39.440967+00:00,31.753573726513423
2025-08-15 15:51:39.643680+00:00,31.74842304448248
2025-08-15 15:51:39.875527+00:00,31.74842304448248
2025-08-15 15:51:41.212982+00:00,31.738121681293705
2025-08-15 15:51:41.478679+00:00,31.738121681293705
2025-08-15 15:51:41.772328+00:00,31.743272362742573
2025-08-15 15:51:42.518448+00:00,31.732971000135876
2025-08-15 15:51:42.938253+00:00,31.732971000135876
2025-08-15 15:51:44.164859+00:00,31.732971000135876
2025-08-15 15:51:49.330719+00:00,31.732971000135876
2025-08-15 15:51:51.000760+00:00,31.722669638693333
2025-08-15 15:51:55.522827+00:00,31.722669638693333
2025-08-15 15:52:09.095916+00:00,31.727820319269085
2025-08-15 15:52:10.279443+00:00,31.732971000135876
2025-08-15 15:52:10.754310+00:00,31.727820319269085
2025-08-15 15:52:11.337999+00:00,31.732971000135876
2025-08-15 15:52:14.150590+00:00,31.738121681293705
2025-08-15 15:52:15.304519+00:00,31.743272362742573
2025-08-15 15:52:16.406111+00:00,31.738121681293705
2025-08-15 15:52:17.504577+00:00,31.743272362742573
2025-08-15 15:52:19.924072+00:00,31.743272362742573
2025-08-15 15:52:21.697578+00:00,31.74842304448248
2025-08-15 15:52:21.988523+00:00,31.753573726513423
2025-08-15 15:52:23.560286+00:00,31.753573726513423
2025-08-15 15:52:23.842204+00:00,31.74842304448248
2025-08-15 15:52:24.142026+00:00,31.758724408835405
2025-08-15 15:52:24.410188+00:00,31.753573726513423
2025-08-15 15:52:24.660139+00:00,31.74842304448248
2025-08-15 15:52:24.878714+00:00,31.753573726513423
2025-08-15 15:52:28.325986+00:00,31.753573726513423
2025-08-15 15:52:28.565820+00:00,31.74842304448248
2025-08-15 15:52:29.109062+00:00,31.753573726513423
2025-08-15 15:52:33.670701+00:00,31.743272362742573
2025-08-15 15:52:34.046233+00:00,31.738121681293705
2025-08-15 15:52:34.464477+00:00,31.753573726513423
2025-08-15 15:52:34.816771+00:00,31.758724408835405
2025-08-15 15:52:35.364374+00:00,31.753573726513423
2025-08-15 15:52:35.967571+00:00,31.743272362742573
2025-08-15 15:52:36.878100+00:00,31.753573726513423
2025-08-15 15:52:38.014054+00:00,31.758724408835405
2025-08-15 15:52:38.201419+00:00,31.758724408835405
2025-08-15 15:52:38.489312+00:00,31.763875091448426
2025-08-15 15:52:41.691846+00:00,31.774176457547583
2025-08-15 15:52:43.351439+00:00,31.758724408835405
2025-08-15 15:52:43.934814+00:00,31.774176457547583
2025-08-15 15:52:55.990468+00:00,31.774176457547583
2025-08-15 15:52:56.575503+00:00,31.753573726513423
2025-08-15 15:52:57.608616+00:00,31.769025774352485
2025-08-15 15:52:57.825712+00:00,31.763875091448426
2025-08-15 15:52:58.112578+00:00,31.763875091448426
2025-08-15 15:52:58.371394+00:00,31.769025774352485
2025-08-15 15:52:58.648420+00:00,31.774176457547583
2025-08-15 15:52:59.558444+00:00,31.774176457547583
2025-08-15 15:53:02.587797+00:00,31.763875091448426
2025-08-15 15:53:03.628799+00:00,31.763875091448426
2025-08-15 15:53:04.044348+00:00,31.769025774352485
2025-08-15 15:53:07.534935+00:00,31.774176457547583
2025-08-15 15:53:08.101743+00:00,31.774176457547583
2025-08-15 15:53:09.011793+00:00,31.763875091448426
2025-08-15 15:53:13.242512+00:00,31.769025774352485
2025-08-15 15:53:13.491576+00:00,31.74842304448248
2025-08-15 15:53:13.726153+00:00,31.774176457547583
2025-08-15 15:53:14.259385+00:00,31.774176457547583
2025-08-15 15:53:14.692250+00:00,31.769025774352485
2025-08-15 15:53:18.662254+00:00,31.774176457547583
2025-08-15 15:53:22.855453+00:00,31.758724408835405
2025-08-15 15:53:23.202895+00:00,31.753573726513423
2025-08-15 15:53:24.786207+00:00,31.753573726513423
2025-08-15 15:53:25.400524+00:00,31.743272362742573
2025-08-15 15:53:27.933469+00:00,31.753573726513423
2025-08-15 15:53:29.589286+00:00,31.74842304448248
2025-08-15 15:53:30.233882+00:00,31.74842304448248
2025-08-15 15:53:31.646486+00:00,31.758724408835405
2025-08-15 15:53:32.830348+00:00,31.74842304448248
2025-08-15 15:53:33.203247+00:00,31.743272362742573
2025-08-15 15:53:33.865770+00:00,31.74842304448248
2025-08-15 15:53:35.283819+00:00,31.769025774352485
2025-08-15 15:53:37.571267+00:00,31.763875091448426
2025-08-15 15:53:38.271223+00:00,31.763875091448426
2025-08-15 15:53:39.733041+00:00,31.763875091448426
2025-08-15 15:53:40.374423+00:00,31.758724408835405
2025-08-15 15:53:41.113193+00:00,31.769025774352485
2025-08-15 15:53:41.964447+00:00,31.77932714103372
2025-08-15 15:53:43.608303+00:00,31.774176457547583
2025-08-15 15:53:43.965096+00:00,31.774176457547583
2025-08-15 15:53:44.564052+00:00,31.77932714103372
2025-08-15 15:53:50.240707+00:00,31.799929877888644
2025-08-15 15:53:53.608224+00:00,31.810231248062337
2025-08-15 15:53:54.067014+00:00,31.80508056282997
2025-08-15 15:53:55.738415+00:00,31.80508056282997
2025-08-15 15:53:57.977948+00:00,31.80508056282997
2025-08-15 15:53:58.340450+00:00,31.799929877888644
2025-08-15 15:53:59.199106+00:00,31.80508056282997
2025-08-15 15:54:01.060083+00:00,31.81538193358574
2025-08-15 15:54:07.653133+00:00,31.80508056282997
2025-08-15 15:54:08.875077+00:00,31.820532619400183
2025-08-15 15:54:13.458634+00:00,31.820532619400183
2025-08-15 15:54:14.225217+00:00,31.80508056282997
2025-08-15 15:54:15.676045+00:00,31.81538193358574
2025-08-15 15:54:16.477734+00:00,31.80508056282997
2025-08-15 15:54:18.628542+00:00,31.799929877888644
2025-08-15 15:54:19.707407+00:00,31.80508056282997
2025-08-15 15:54:20.457514+00:00,31.80508056282997
2025-08-15 15:54:21.665851+00:00,31.810231248062337
2025-08-15 15:54:23.324434+00:00,31.794779193238355
2025-08-15 15:54:23.657125+00:00,31.794779193238355
2025-08-15 15:54:26.323022+00:00,31.794779193238355
2025-08-15 15:54:27.769529+00:00,31.799929877888644
2025-08-15 15:54:28.343591+00:00,31.789628508879105
2025-08-15 15:54:28.856360+00:00,31.80508056282997
2025-08-15 15:54:29.405387+00:00,31.794779193238355
2025-08-15 15:54:35.505314+00:00,31.794779193238355
2025-08-15 15:54:38.789739+00:00,31.774176457547583
2025-08-15 15:54:39.023235+00:00,31.789628508879105
2025-08-15 15:54:39.274127+00:00,31.799929877888644
2025-08-15 15:54:39.932760+00:00,31.784477824810892
2025-08-15 15:54:41.110103+00:00,31.794779193238355
2025-08-15 15:54:42.782500+00:00,31.810231248062337
2025-08-15 15:54:44.007414+00:00,31.799929877888644
2025-08-15 15:54:44.957554+00:00,31.799929877888644
2025-08-15 15:54:46.375659+00:00,31.820532619400183
2025-08-15 15:54:52.843869+00:00,31.81538193358574
2025-08-15 15:54:54.355572+00:00,31.799929877888644
2025-08-15 15:54:54.742409+00:00,31.80508056282997
2025-08-15 15:54:55.036543+00:00,31.81538193358574
2025-08-15 15:54:55.260536+00:00,31.810231248062337
2025-08-15 15:54:56.247397+00:00,31.810231248062337
2025-08-15 15:54:56.682223+00:00,31.810231248062337
2025-08-15 15:54:59.291418+00:00,31.810231248062337
2025-08-15 15:54:59.915747+00:00,31.810231248062337
2025-08-15 15:55:00.398783+00:00,31.784477824810892
2025-08-15 15:55:02.649454+00:00,31.80508056282997
2025-08-15 15:55:06.600156+00:00,31.80508056282997
2025-08-15 15:55:06.988795+00:00,31.784477824810892
2025-08-15 15:55:08.283481+00:00,31.77932714103372
2025-08-15 15:55:10.223840+00:00,31.77932714103372
2025-08-15 15:55:12.073171+00:00,31.769025774352485
2025-08-15 15:55:14.650109+00:00,31.753573726513423
2025-08-15 15:55:17.145069+00:00,31.74842304448248
2025-08-15 15:55:18.902390+00:00,31.743272362742573
2025-08-15 15:55:20.466496+00:00,31.738121681293705
2025-08-15 15:55:24.024422+00:00,31.738121681293705
2025-08-15 15:55:24.424057+00:00,31.727820319269085
2025-08-15 15:55:24.807042+00:00,31.732971000135876
2025-08-15 15:55:25.616803+00:00,31.732971000135876
2025-08-15 15:55:27.072767+00:00,31.727820319269085
2025-08-15 15:55:29.917901+00:00,31.71751895840862
2025-08-15 15:55:33.708210+00:00,31.71751895840862
2025-08-15 15:55:42.081385+00:00,31.712368278414942
2025-08-15 15:55:42.458565+00:00,31.702066919300705
2025-08-15 15:55:46.031475+00:00,31.727820319269085
2025-08-15 15:55:48.105566+00:00,31.712368278414942
2025-08-15 15:55:50.384670+00:00,31.71751895840862
2025-08-15 15:55:51.722304+00:00,31.712368278414942
2025-08-15 15:55:52.071086+00:00,31.722669638693333
2025-08-15 15:55:53.422090+00:00,31.722669638693333
2025-08-15 15:55:54.088324+00:00,31.727820319269085
2025-08-15 15:55:56.379545+00:00,31.722669638693333
2025-08-15 15:55:57.540670+00:00,31.71751895840862
2025-08-15 15:55:58.418000+00:00,31.707217598712305
2025-08-15 15:56:00.737987+00:00,31.702066919300705
2025-08-15 15:56:01.286149+00:00,31.69176556135062
2025-08-15 15:56:02.674302+00:00,31.69176556135062
2025-08-15 15:56:03.079508+00:00,31.702066919300705
2025-08-15 15:56:03.555522+00:00,31.712368278414942
2025-08-15 15:56:11.464965+00:00,31.743272362742573
2025-08-15 15:56:14.866957+00:00,31.732971000135876
2025-08-15 15:56:15.699083+00:00,31.732971000135876
2025-08-15 15:56:16.184776+00:00,31.727820319269085
2025-08-15 15:56:18.057281+00:00,31.722669638693333
2025-08-15 15:56:20.125718+00:00,31.722669638693333
2025-08-15 15:56:24.538867+00:00,31.712368278414942
2025-08-15 15:56:26.506296+00:00,31.722669638693333
2025-08-15 15:56:28.248744+00:00,31.722669638693333
2025-08-15 15:56:30.172295+00:00,31.727820319269085
2025-08-15 15:56:31.592305+00:00,31.722669638693333
2025-08-15 15:56:32.998002+00:00,31.732971000135876
2025-08-15 15:56:34.641277+00:00,31.732971000135876
2025-08-15 15:56:35.288644+00:00,31.722669638693333
2025-08-15 15:56:36.078740+00:00,31.712368278414942
2025-08-15 15:56:36.380999+00:00,31.722669638693333
2025-08-15 15:56:36.622938+00:00,31.732971000135876
2025-08-15 15:56:36.922859+00:00,31.738121681293705
2025-08-15 15:56:40.063776+00:00,31.727820319269085
2025-08-15 15:56:40.287786+00:00,31.71751895840862
2025-08-15 15:56:40.515487+00:00,31.71751895840862
2025-08-15 15:56:40.857764+00:00,31.727820319269085
2025-08-15 15:56:41.130400+00:00,31.732971000135876
2025-08-15 15:56:41.517715+00:00,31.722669638693333
2025-08-15 15:56:41.905878+00:00,31.722669638693333
2025-08-15 15:56:42.814040+00:00,31.722669638693333
2025-08-15 15:56:43.992179+00:00,31.722669638693333
2025-08-15 15:56:44.811327+00:00,31.712368278414942
2025-08-15 15:56:45.962492+00:00,31.71751895840862
2025-08-15 15:56:46.330736+00:00,31.727820319269085
2025-08-15 15:56:46.856511+00:00,31.727820319269085
2025-08-15 15:56:49.961959+00:00,31.71751895840862
2025-08-15 15:56:50.818825+00:00,31.71751895840862
2025-08-15 15:56:51.042474+00:00,31.71751895840862
2025-08-15 15:56:51.343820+00:00,31.722669638693333
2025-08-15 15:56:51.871298+00:00,31.722669638693333
2025-08-15 15:56:56.200616+00:00,31.71751895840862
2025-08-15 15:56:56.647455+00:00,31.707217598712305
2025-08-15 15:56:57.302620+00:00,31.712368278414942
2025-08-15 15:56:58.809750+00:00,31.707217598712305
2025-08-15 15:56:59.434970+00:00,31.702066919300705
2025-08-15 15:56:59.687804+00:00,31.702066919300705
2025-08-15 15:57:00.084281+00:00,31.69176556135062
2025-08-15 15:57:00.615095+00:00,31.71751895840862
2025-08-15 15:57:01.147848+00:00,31.702066919300705
2025-08-15 15:57:07.205796+00:00,31.696916240180144
2025-08-15 15:57:09.338304+00:00,31.707217598712305
2025-08-15 15:57:11.423393+00:00,31.71751895840862
2025-08-15 15:57:12.743545+00:00,31.712368278414942
2025-08-15 15:57:13.269731+00:00,31.712368278414942
2025-08-15 15:57:13.762193+00:00,31.712368278414942
2025-08-15 15:57:14.136674+00:00,31.712368278414942
2025-08-15 15:57:16.861222+00:00,31.707217598712305
2025-08-15 15:57:17.264212+00:00,31.71751895840862
2025-08-15 15:57:19.820491+00:00,31.702066919300705
2025-08-15 15:57:20.437323+00:00,31.702066919300705
2025-08-15 15:57:22.787065+00:00,31.702066919300705
2025-08-15 15:57:25.175035+00:00,31.68146420456469
2025-08-15 15:57:27.337312+00:00,31.671162848942913
2025-08-15 15:57:30.288076+00:00,31.676313526608283
2025-08-15 15:57:31.426585+00:00,31.66086149448529
2025-08-15 15:57:31.779434+00:00,31.650560141191818
2025-08-15 15:57:32.137026+00:00,31.655710817693034
2025-08-15 15:57:32.488523+00:00,31.650560141191818
2025-08-15 15:57:33.490576+00:00,31.6402587890625
2025-08-15 15:57:34.636192+00:00,31.6351081134344
2025-08-15 15:57:36.414209+00:00,31.6402587890625
2025-08-15 15:57:37.751938+00:00,31.64540946498164
2025-08-15 15:57:38.695662+00:00,31.64540946498164
2025-08-15 15:57:41.211146+00:00,31.629957438097335
2025-08-15 15:57:42.013734+00:00,31.64540946498164
2025-08-15 15:57:43.024679+00:00,31.6402587890625
2025-08-15 15:57:44.353411+00:00,31.64540946498164
2025-08-15 15:57:45.341994+00:00,31.650560141191818
2025-08-15 15:57:45.755563+00:00,31.650560141191818
2025-08-15 15:57:47.698351+00:00,31.66086149448529
2025-08-15 15:57:49.216306+00:00,31.66086149448529
2025-08-15 15:57:49.935196+00:00,31.66086149448529
2025-08-15 15:57:51.457164+00:00,31.671162848942913
2025-08-15 15:57:52.195348+00:00,31.66086149448529
2025-08-15 15:57:53.645677+00:00,31.66086149448529
2025-08-15 15:57:53.979780+00:00,31.66086149448529
2025-08-15 15:57:54.280260+00:00,31.666012171568582
2025-08-15 15:57:54.681242+00:00,31.655710817693034
2025-08-15 15:57:54.931169+00:00,31.66086149448529
2025-08-15 15:57:55.294986+00:00,31.66086149448529
2025-08-15 15:57:55.524711+00:00,31.66086149448529
2025-08-15 15:57:55.762198+00:00,31.66086149448529
2025-08-15 15:57:56.069051+00:00,31.66086149448529
2025-08-15 15:57:58.767507+00:00,31.64540946498164
2025-08-15 15:57:59.129039+00:00,31.6402587890625
2025-08-15 15:57:59.805004+00:00,31.6402587890625
2025-08-15 15:58:04.605650+00:00,31.629957438097335
2025-08-15 15:58:05.113052+00:00,31.62480676305131
2025-08-15 15:58:05.631456+00:00,31.62480676305131
2025-08-15 15:58:06.767972+00:00,31.614505413832376
2025-08-15 15:58:12.495519+00:00,31.6351081134344
2025-08-15 15:58:13.029720+00:00,31.6351081134344
2025-08-15 15:58:13.912880+00:00,31.66086149448529
2025-08-15 15:58:14.303998+00:00,31.671162848942913
2025-08-15 15:58:14.586500+00:00,31.676313526608283
2025-08-15 15:58:14.948096+00:00,31.68146420456469
2025-08-15 15:58:15.544457+00:00,31.68146420456469
2025-08-15 15:58:19.627059+00:00,31.702066919300705
2025-08-15 15:58:20.178223+00:00,31.69176556135062
2025-08-15 15:58:20.688267+00:00,31.696916240180144
2025-08-15 15:58:21.340315+00:00,31.707217598712305
2025-08-15 15:58:22.676879+00:00,31.707217598712305
2025-08-15 15:58:24.599183+00:00,31.712368278414942
2025-08-15 15:58:25.053657+00:00,31.71751895840862
2025-08-15 15:58:25.400239+00:00,31.712368278414942
2025-08-15 15:58:27.722452+00:00,31.722669638693333
2025-08-15 15:58:29.602721+00:00,31.727820319269085
2025-08-15 15:58:30.952946+00:00,31.727820319269085
2025-08-15 15:58:31.348926+00:00,31.738121681293705
2025-08-15 15:58:31.703807+00:00,31.732971000135876
2025-08-15 15:58:32.285409+00:00,31.738121681293705
2025-08-15 15:58:32.841561+00:00,31.732971000135876
2025-08-15 15:58:33.303564+00:00,31.727820319269085
2025-08-15 15:58:33.645325+00:00,31.732971000135876
2025-08-15 15:58:33.921562+00:00,31.727820319269085
2025-08-15 15:58:34.140041+00:00,31.743272362742573
2025-08-15 15:58:34.370585+00:00,31.732971000135876
2025-08-15 15:58:34.548164+00:00,31.738121681293705
2025-08-15 15:58:34.776554+00:00,31.743272362742573
2025-08-15 15:58:36.019627+00:00,31.732971000135876
2025-08-15 15:58:36.586216+00:00,31.743272362742573
2025-08-15 15:58:39.227908+00:00,31.727820319269085
2025-08-15 15:58:40.164240+00:00,31.722669638693333
2025-08-15 15:58:40.727879+00:00,31.722669638693333
2025-08-15 15:58:41.877194+00:00,31.758724408835405
2025-08-15 15:58:42.296344+00:00,31.738121681293705
2025-08-15 15:58:43.802656+00:00,31.738121681293705
2025-08-15 15:58:44.111062+00:00,31.74842304448248
2025-08-15 15:58:44.608501+00:00,31.738121681293705
2025-08-15 15:58:50.250121+00:00,31.696916240180144
2025-08-15 15:58:52.680475+00:00,31.655710817693034
2025-08-15 15:58:52.936832+00:00,31.66086149448529
2025-08-15 15:58:53.548116+00:00,31.655710817693034
2025-08-15 15:58:55.243878+00:00,31.6402587890625
2025-08-15 15:58:55.968658+00:00,31.6402587890625
2025-08-15 15:58:56.238552+00:00,31.66086149448529
2025-08-15 15:58:56.974801+00:00,31.64540946498164
2025-08-15 15:58:57.585970+00:00,31.64540946498164
2025-08-15 15:58:57.842311+00:00,31.650560141191818
2025-08-15 15:58:58.136508+00:00,31.650560141191818
2025-08-15 15:58:58.267656+00:00,31.64540946498164
2025-08-15 15:58:58.802641+00:00,31.650560141191818
2025-08-15 15:59:05.412126+00:00,31.66086149448529
2025-08-15 15:59:07.245234+00:00,31.655710817693034
2025-08-15 15:59:10.771232+00:00,31.671162848942913
2025-08-15 15:59:18.587678+00:00,31.702066919300705
2025-08-15 15:59:20.048641+00:00,31.702066919300705
2025-08-15 15:59:21.384951+00:00,31.702066919300705
2025-08-15 15:59:22.184924+00:00,31.696916240180144
2025-08-15 15:59:22.411098+00:00,31.702066919300705
2025-08-15 15:59:25.958060+00:00,31.696916240180144
2025-08-15 15:59:26.866734+00:00,31.68146420456469
2025-08-15 15:59:27.620374+00:00,31.696916240180144
2025-08-15 15:59:30.153387+00:00,31.69176556135062
2025-08-15 15:59:32.975671+00:00,31.686614882812137
2025-08-15 15:59:36.926631+00:00,31.68146420456469
2025-08-15 15:59:37.411338+00:00,31.69176556135062
2025-08-15 15:59:38.380067+00:00,31.696916240180144
2025-08-15 15:59:39.081967+00:00,31.702066919300705
2025-08-15 15:59:40.956207+00:00,31.702066919300705
2025-08-15 15:59:41.907924+00:00,31.702066919300705
2025-08-15 15:59:42.326954+00:00,31.712368278414942
2025-08-15 15:59:49.376147+00:00,31.696916240180144
2025-08-15 15:59:50.051974+00:00,31.712368278414942
2025-08-15 15:59:50.420589+00:00,31.712368278414942
2025-08-15 15:59:51.926038+00:00,31.71751895840862
2025-08-15 15:59:52.351392+00:00,31.71751895840862
2025-08-15 15:59:54.694359+00:00,31.71751895840862
2025-08-15 15:59:54.958038+00:00,31.722669638693333
2025-08-15 15:59:55.300046+00:00,31.732971000135876
2025-08-15 15:59:56.093654+00:00,31.722669638693333
2025-08-15 15:59:58.047870+00:00,31.738121681293705
2025-08-15 15:59:59.527817+00:00,31.727820319269085
2025-08-15 16:00:02.169795+00:00,31.74842304448248
2025-08-15 16:00:13.977275+00:00,31.71751895840862
2025-08-15 16:00:19.111552+00:00,31.712368278414942
2025-08-15 16:00:19.633771+00:00,31.712368278414942
2025-08-15 16:00:20.016789+00:00,31.702066919300705
2025-08-15 16:00:20.959951+00:00,31.696916240180144
2025-08-15 16:00:24.484594+00:00,31.696916240180144
2025-08-15 16:00:25.439355+00:00,31.68146420456469
2025-08-15 16:00:27.275540+00:00,31.676313526608283
2025-08-15 16:00:27.643664+00:00,31.671162848942913
2025-08-15 16:00:29.236595+00:00,31.671162848942913
2025-08-15 16:00:30.671897+00:00,31.66086149448529
2025-08-15 16:00:31.766076+00:00,31.650560141191818
2025-08-15 16:00:33.237883+00:00,31.66086149448529
2025-08-15 16:00:42.964174+00:00,31.650560141191818
2025-08-15 16:00:49.450776+00:00,31.66086149448529
2025-08-15 16:00:49.724546+00:00,31.650560141191818
2025-08-15 16:00:50.001685+00:00,31.650560141191818
2025-08-15 16:00:50.661421+00:00,31.655710817693034
2025-08-15 16:00:51.992927+00:00,31.655710817693034
2025-08-15 16:00:54.453328+00:00,31.655710817693034
2025-08-15 16:00:55.480056+00:00,31.666012171568582
2025-08-15 16:00:56.158218+00:00,31.671162848942913
2025-08-15 16:00:58.304179+00:00,31.676313526608283
2025-08-15 16:00:59.524083+00:00,31.671162848942913
2025-08-15 16:01:00.807101+00:00,31.686614882812137
2025-08-15 16:01:01.503201+00:00,31.68146420456469
2025-08-15 16:01:03.209474+00:00,31.686614882812137
2025-08-15 16:01:05.335228+00:00,31.712368278414942
2025-08-15 16:01:05.950562+00:00,31.743272362742573
2025-08-15 16:01:06.417950+00:00,31.732971000135876
2025-08-15 16:01:07.774430+00:00,31.727820319269085
2025-08-15 16:01:08.392576+00:00,31.74842304448248
2025-08-15 16:01:11.615972+00:00,31.758724408835405
2025-08-15 16:01:14.274570+00:00,31.774176457547583
2025-08-15 16:01:17.157192+00:00,31.763875091448426
2025-08-15 16:01:18.629425+00:00,31.774176457547583
2025-08-15 16:01:18.867205+00:00,31.763875091448426
2025-08-15 16:01:19.149893+00:00,31.774176457547583
2025-08-15 16:01:19.568208+00:00,31.77932714103372
2025-08-15 16:01:22.643398+00:00,31.763875091448426
2025-08-15 16:01:23.452521+00:00,31.758724408835405
2025-08-15 16:01:23.728797+00:00,31.774176457547583
2025-08-15 16:01:24.006362+00:00,31.825683305505663
2025-08-15 16:01:24.714725+00:00,31.774176457547583
2025-08-15 16:01:26.192790+00:00,31.774176457547583
2025-08-15 16:01:28.814981+00:00,31.77932714103372
2025-08-15 16:01:29.785331+00:00,31.774176457547583
2025-08-15 16:01:30.374503+00:00,31.774176457547583
2025-08-15 16:01:31.631555+00:00,31.763875091448426
2025-08-15 16:01:32.151308+00:00,31.774176457547583
2025-08-15 16:01:32.699547+00:00,31.769025774352485
2025-08-15 16:01:33.100124+00:00,31.774176457547583
2025-08-15 16:01:33.632480+00:00,31.774176457547583
2025-08-15 16:01:38.112740+00:00,31.769025774352485
2025-08-15 16:01:41.091492+00:00,31.774176457547583
2025-08-15 16:01:42.031173+00:00,31.763875091448426
2025-08-15 16:01:42.607906+00:00,31.774176457547583
2025-08-15 16:01:43.098496+00:00,31.774176457547583
2025-08-15 16:01:43.394323+00:00,31.769025774352485
2025-08-15 16:01:43.623671+00:00,31.769025774352485
2025-08-15 16:01:43.837067+00:00,31.769025774352485
2025-08-15 16:01:44.153106+00:00,31.769025774352485
2025-08-15 16:01:44.605091+00:00,31.774176457547583
2025-08-15 16:01:44.983224+00:00,31.758724408835405
2025-08-15 16:01:45.602506+00:00,31.763875091448426
2025-08-15 16:01:49.807508+00:00,31.763875091448426
2025-08-15 16:01:50.018408+00:00,31.774176457547583
2025-08-15 16:01:50.410659+00:00,31.774176457547583
2025-08-15 16:01:50.970066+00:00,31.769025774352485
2025-08-15 16:01:51.355925+00:00,31.763875091448426
2025-08-15 16:01:56.273586+00:00,31.74842304448248
2025-08-15 16:01:58.084892+00:00,31.753573726513423
2025-08-15 16:02:01.371558+00:00,31.74842304448248
2025-08-15 16:02:03.884771+00:00,31.743272362742573
2025-08-15 16:02:05.856181+00:00,31.732971000135876
2025-08-15 16:02:06.626168+00:00,31.727820319269085
2025-08-15 16:02:10.197465+00:00,31.712368278414942
2025-08-15 16:02:11.023220+00:00,31.712368278414942
2025-08-15 16:02:14.992625+00:00,31.696916240180144
2025-08-15 16:02:15.376432+00:00,31.69176556135062
2025-08-15 16:02:15.851842+00:00,31.68146420456469
2025-08-15 16:02:16.310036+00:00,31.676313526608283
2025-08-15 16:02:16.898626+00:00,31.686614882812137
2025-08-15 16:02:17.364739+00:00,31.68146420456469
2025-08-15 16:02:17.822352+00:00,31.68146420456469
2025-08-15 16:02:18.416288+00:00,31.676313526608283
2025-08-15 16:02:18.795555+00:00,31.676313526608283
2025-08-15 16:02:20.052460+00:00,31.68146420456469
2025-08-15 16:02:20.573471+00:00,31.666012171568582
2025-08-15 16:02:22.868947+00:00,31.66086149448529
2025-08-15 16:02:25.590814+00:00,31.655710817693034
2025-08-15 16:02:25.815152+00:00,31.650560141191818
2025-08-15 16:02:26.067081+00:00,31.64540946498164
2025-08-15 16:02:26.442730+00:00,31.66086149448529
2025-08-15 16:02:26.876763+00:00,31.650560141191818
2025-08-15 16:02:27.290348+00:00,31.655710817693034
2025-08-15 16:02:27.695951+00:00,31.650560141191818
2025-08-15 16:02:28.205957+00:00,31.6351081134344
2025-08-15 16:02:28.430573+00:00,31.6402587890625
2025-08-15 16:02:34.896102+00:00,31.6402587890625
2025-08-15 16:02:37.059790+00:00,31.62480676305131
2025-08-15 16:02:38.898276+00:00,31.629957438097335
2025-08-15 16:02:39.950121+00:00,31.619656088296324
2025-08-15 16:02:41.512013+00:00,31.619656088296324
2025-08-15 16:02:42.499217+00:00,31.609354739659466
2025-08-15 16:02:44.231708+00:00,31.609354739659466
2025-08-15 16:02:44.528737+00:00,31.609354739659466
2025-08-15 16:02:44.938011+00:00,31.614505413832376
2025-08-15 16:02:45.455697+00:00,31.619656088296324
2025-08-15 16:02:50.349933+00:00,31.619656088296324
2025-08-15 16:02:52.278354+00:00,31.614505413832376
2025-08-15 16:02:52.622518+00:00,31.629957438097335
2025-08-15 16:02:52.932017+00:00,31.62480676305131
2025-08-15 16:02:53.765799+00:00,31.619656088296324
2025-08-15 16:02:54.235355+00:00,31.619656088296324
2025-08-15 16:02:55.062222+00:00,31.62480676305131
2025-08-15 16:02:57.082334+00:00,31.62480676305131
2025-08-15 16:03:00.613767+00:00,31.614505413832376
2025-08-15 16:03:06.873816+00:00,31.619656088296324
2025-08-15 16:03:07.599958+00:00,31.629957438097335
2025-08-15 16:03:08.146406+00:00,31.629957438097335
2025-08-15 16:03:08.747897+00:00,31.619656088296324
2025-08-15 16:03:09.229722+00:00,31.629957438097335
2025-08-15 16:03:09.612349+00:00,31.62480676305131
2025-08-15 16:03:10.031102+00:00,31.614505413832376
2025-08-15 16:03:10.439357+00:00,31.629957438097335
2025-08-15 16:03:17.138969+00:00,31.62480676305131
2025-08-15 16:03:19.830752+00:00,31.58360137316049
2025-08-15 16:03:20.136156+00:00,31.593902718886966
2025-08-15 16:03:21.554776+00:00,31.568149356753565
2025-08-15 16:03:22.622522+00:00,31.58875204587821
2025-08-15 16:03:23.072201+00:00,31.58875204587821
2025-08-15 16:03:24.402846+00:00,31.58875204587821
2025-08-15 16:03:24.714771+00:00,31.58875204587821
2025-08-15 16:03:25.280435+00:00,31.58360137316049
2025-08-15 16:03:25.538050+00:00,31.57845070073381
2025-08-15 16:03:25.865270+00:00,31.57330002859817
2025-08-15 16:03:26.164558+00:00,31.57845070073381
2025-08-15 16:03:27.583547+00:00,31.58360137316049
2025-08-15 16:03:28.980916+00:00,31.58360137316049
2025-08-15 16:03:30.551561+00:00,31.58360137316049
2025-08-15 16:03:34.722224+00:00,31.58875204587821
2025-08-15 16:03:35.437711+00:00,31.58360137316049
2025-08-15 16:03:36.915681+00:00,31.59905339218676
2025-08-15 16:03:37.952572+00:00,31.604204065777594
2025-08-15 16:03:40.992065+00:00,31.58875204587821
2025-08-15 16:03:42.288365+00:00,31.58360137316049
2025-08-15 16:03:43.437278+00:00,31.58875204587821
2025-08-15 16:03:43.991554+00:00,31.568149356753565
2025-08-15 16:03:51.821735+00:00,31.593902718886966
2025-08-15 16:03:52.336462+00:00,31.58360137316049
2025-08-15 16:03:52.553270+00:00,31.58875204587821
2025-08-15 16:03:52.879273+00:00,31.58875204587821
2025-08-15 16:03:54.039364+00:00,31.58360137316049
2025-08-15 16:03:55.562785+00:00,31.593902718886966
2025-08-15 16:03:55.836244+00:00,31.59905339218676
2025-08-15 16:03:56.119331+00:00,31.58875204587821
2025-08-15 16:03:56.458067+00:00,31.58875204587821
2025-08-15 16:03:57.456260+00:00,31.58875204587821
2025-08-15 16:03:57.739303+00:00,31.58360137316049
2025-08-15 16:03:58.016337+00:00,31.58875204587821
2025-08-15 16:03:58.289741+00:00,31.58360137316049
2025-08-15 16:04:01.480685+00:00,31.57845070073381
2025-08-15 16:04:04.212279+00:00,31.5629986852
2025-08-15 16:04:04.961174+00:00,31.57330002859817
2025-08-15 16:04:05.955228+00:00,31.57330002859817
2025-08-15 16:04:09.511717+00:00,31.552697342965985
2025-08-15 16:04:12.461162+00:00,31.547546672285534
2025-08-15 16:04:12.867489+00:00,31.542396001896122
2025-08-15 16:04:13.086817+00:00,31.5629986852
2025-08-15 16:04:13.540550+00:00,31.552697342965985
2025-08-15 16:04:14.039457+00:00,31.557848013937473
2025-08-15 16:04:14.373531+00:00,31.552697342965985
2025-08-15 16:04:17.338711+00:00,31.552697342965985
2025-08-15 16:04:18.454309+00:00,31.557848013937473
2025-08-15 16:04:22.001635+00:00,31.53724533179775
2025-08-15 16:04:24.200349+00:00,31.542396001896122
2025-08-15 16:04:25.218690+00:00,31.53724533179775
2025-08-15 16:04:25.996081+00:00,31.532094661990413
2025-08-15 16:04:26.797506+00:00,31.53724533179775
2025-08-15 16:04:27.608334+00:00,31.547546672285534
2025-08-15 16:04:28.212778+00:00,31.532094661990413
2025-08-15 16:04:29.369350+00:00,31.552697342965985
2025-08-15 16:04:30.505778+00:00,31.532094661990413
2025-08-15 16:04:31.678632+00:00,31.547546672285534
2025-08-15 16:04:33.486114+00:00,31.521793323248858
2025-08-15 16:04:33.922143+00:00,31.521793323248858
2025-08-15 16:04:34.233347+00:00,31.521793323248858
2025-08-15 16:04:34.678761+00:00,31.521793323248858
2025-08-15 16:04:35.170003+00:00,31.516642654314637
2025-08-15 16:04:35.404154+00:00,31.532094661990413
2025-08-15 16:04:35.611739+00:00,31.516642654314637
2025-08-15 16:04:38.142062+00:00,31.526943992474116
2025-08-15 16:04:40.321229+00:00,31.511491985671455
2025-08-15 16:04:43.104239+00:00,31.516642654314637
2025-08-15 16:04:48.742729+00:00,31.501190649258206
2025-08-15 16:04:49.995015+00:00,31.516642654314637
2025-08-15 16:04:51.648328+00:00,31.516642654314637
2025-08-15 16:04:53.678137+00:00,31.511491985671455
2025-08-15 16:04:54.014519+00:00,31.516642654314637
2025-08-15 16:04:54.608373+00:00,31.526943992474116
2025-08-15 16:04:55.291338+00:00,31.516642654314637
2025-08-15 16:04:57.628568+00:00,31.516642654314637
2025-08-15 16:04:58.040635+00:00,31.516642654314637
2025-08-15 16:04:58.775872+00:00,31.50634131731931
2025-08-15 16:05:01.860275+00:00,31.511491985671455
2025-08-15 16:05:03.652695+00:00,31.516642654314637
2025-08-15 16:05:06.516331+00:00,31.50634131731931
2025-08-15 16:05:08.777246+00:00,31.516642654314637
2025-08-15 16:05:09.440793+00:00,31.511491985671455
2025-08-15 16:05:12.438082+00:00,31.516642654314637
2025-08-15 16:05:21.486300+00:00,31.50634131731931
2025-08-15 16:05:22.953435+00:00,31.50634131731931
2025-08-15 16:05:29.218344+00:00,31.49603998148814
2025-08-15 16:05:30.384943+00:00,31.516642654314637
2025-08-15 16:05:31.012425+00:00,31.511491985671455
2025-08-15 16:05:33.476151+00:00,31.511491985671455
2025-08-15 16:05:33.826088+00:00,31.50634131731931
2025-08-15 16:05:41.039423+00:00,31.50634131731931
2025-08-15 16:05:43.536277+00:00,31.49603998148814
2025-08-15 16:05:44.260518+00:00,31.49603998148814
2025-08-15 16:05:44.528549+00:00,31.49603998148814
2025-08-15 16:05:44.902357+00:00,31.49603998148814
2025-08-15 16:05:45.348333+00:00,31.49603998148814
2025-08-15 16:05:45.868906+00:00,31.49603998148814
2025-08-15 16:05:46.485976+00:00,31.49088931400911
2025-08-15 16:05:47.226175+00:00,31.501190649258206
2025-08-15 16:05:48.917488+00:00,31.49603998148814
2025-08-15 16:05:51.746764+00:00,31.49603998148814
2025-08-15 16:05:52.791074+00:00,31.501190649258206
2025-08-15 16:05:53.042070+00:00,31.511491985671455
2025-08-15 16:05:54.054286+00:00,31.516642654314637
2025-08-15 16:05:55.979106+00:00,31.511491985671455
2025-08-15 16:05:56.683424+00:00,31.511491985671455
2025-08-15 16:05:58.344716+00:00,31.521793323248858
2025-08-15 16:05:59.713328+00:00,31.532094661990413
2025-08-15 16:05:59.991937+00:00,31.526943992474116
2025-08-15 16:06:00.935702+00:00,31.526943992474116
2025-08-15 16:06:02.153531+00:00,31.532094661990413
2025-08-15 16:06:03.932966+00:00,31.53724533179775
2025-08-15 16:06:04.669938+00:00,31.532094661990413
2025-08-15 16:06:06.482155+00:00,31.53724533179775
2025-08-15 16:06:08.467983+00:00,31.547546672285534
2025-08-15 16:06:09.634377+00:00,31.552697342965985
2025-08-15 16:06:13.834378+00:00,31.552697342965985
2025-08-15 16:06:15.210465+00:00,31.552697342965985
2025-08-15 16:06:16.417122+00:00,31.568149356753565
2025-08-15 16:06:18.764039+00:00,31.557848013937473
2025-08-15 16:06:21.619518+00:00,31.557848013937473
2025-08-15 16:06:22.355826+00:00,31.557848013937473
2025-08-15 16:06:25.198499+00:00,31.568149356753565
2025-08-15 16:06:29.917086+00:00,31.552697342965985
2025-08-15 16:06:31.856714+00:00,31.557848013937473
2025-08-15 16:06:32.233155+00:00,31.557848013937473
2025-08-15 16:06:32.592398+00:00,31.557848013937473
2025-08-15 16:06:34.861360+00:00,31.557848013937473
2025-08-15 16:06:35.153212+00:00,31.568149356753565
2025-08-15 16:06:36.466560+00:00,31.5629986852
2025-08-15 16:06:38.069697+00:00,31.568149356753565
2025-08-15 16:06:38.587864+00:00,31.57845070073381
2025-08-15 16:06:39.553545+00:00,31.57845070073381
2025-08-15 16:06:42.285863+00:00,31.593902718886966
2025-08-15 16:06:43.262123+00:00,31.59905339218676
2025-08-15 16:06:43.572220+00:00,31.609354739659466
2025-08-15 16:06:43.890116+00:00,31.609354739659466
2025-08-15 16:06:47.051855+00:00,31.59905339218676
2025-08-15 16:06:48.474843+00:00,31.604204065777594
2025-08-15 16:06:51.011229+00:00,31.609354739659466
2025-08-15 16:06:51.757434+00:00,31.609354739659466
2025-08-15 16:06:52.233933+00:00,31.609354739659466
2025-08-15 16:06:54.754690+00:00,31.609354739659466
2025-08-15 16:06:55.724675+00:00,31.59905339218676
2025-08-15 16:06:57.258887+00:00,31.59905339218676
2025-08-15 16:06:58.899131+00:00,31.59905339218676
2025-08-15 16:07:00.465126+00:00,31.58360137316049
2025-08-15 16:07:08.952266+00:00,31.557848013937473
2025-08-15 16:07:09.472210+00:00,31.557848013937473
2025-08-15 16:07:09.865710+00:00,31.552697342965985
2025-08-15 16:07:17.199442+00:00,31.547546672285534
2025-08-15 16:07:19.005755+00:00,31.516642654314637
2025-08-15 16:07:19.625935+00:00,31.50634131731931
2025-08-15 16:07:22.763214+00:00,31.516642654314637
2025-08-15 16:07:23.290593+00:00,31.50634131731931
2025-08-15 16:07:23.703453+00:00,31.49603998148814
2025-08-15 16:07:24.199036+00:00,31.501190649258206
2025-08-15 16:07:24.799437+00:00,31.50634131731931
2025-08-15 16:07:27.680924+00:00,31.49603998148814
2025-08-15 16:07:28.158862+00:00,31.49603998148814
2025-08-15 16:07:30.246241+00:00,31.501190649258206
2025-08-15 16:07:34.375639+00:00,31.501190649258206
2025-08-15 16:07:35.926693+00:00,31.501190649258206
2025-08-15 16:07:37.487106+00:00,31.49603998148814
2025-08-15 16:07:39.936757+00:00,31.49088931400911
2025-08-15 16:07:40.366396+00:00,31.49088931400911
2025-08-15 16:07:41.020363+00:00,31.49603998148814
2025-08-15 16:07:43.748252+00:00,31.49088931400911
2025-08-15 16:07:45.174756+00:00,31.49088931400911
2025-08-15 16:07:48.551537+00:00,31.470286647003377
2025-08-15 16:07:49.977199+00:00,31.49088931400911
2025-08-15 16:07:50.916208+00:00,31.480587979924167
2025-08-15 16:07:51.631041+00:00,31.48573864682112
2025-08-15 16:07:52.833855+00:00,31.480587979924167
2025-08-15 16:07:53.099385+00:00,31.48573864682112
2025-08-15 16:07:54.672316+00:00,31.475437313318253
2025-08-15 16:07:55.484174+00:00,31.449683984654257
2025-08-15 16:07:56.894794+00:00,31.475437313318253
2025-08-15 16:07:59.449421+00:00,31.475437313318253
2025-08-15 16:08:00.094140+00:00,31.475437313318253
2025-08-15 16:08:00.463454+00:00,31.46513598097954
2025-08-15 16:08:01.383346+00:00,31.45998531524674
2025-08-15 16:08:03.632593+00:00,31.45483464980498
2025-08-15 16:08:06.747759+00:00,31.45483464980498
2025-08-15 16:08:08.139781+00:00,31.475437313318253
2025-08-15 16:08:08.597970+00:00,31.46513598097954
2025-08-15 16:08:09.595655+00:00,31.46513598097954
2025-08-15 16:08:13.781639+00:00,31.45483464980498
2025-08-15 16:08:14.015685+00:00,31.45998531524674
2025-08-15 16:08:14.389620+00:00,31.46513598097954
2025-08-15 16:08:14.715151+00:00,31.46513598097954
2025-08-15 16:08:14.922771+00:00,31.45998531524674
2025-08-15 16:08:15.382840+00:00,31.470286647003377
2025-08-15 16:08:15.958177+00:00,31.46513598097954
2025-08-15 16:08:16.450737+00:00,31.470286647003377
2025-08-15 16:08:17.072788+00:00,31.470286647003377
2025-08-15 16:08:18.458053+00:00,31.45483464980498
2025-08-15 16:08:22.133146+00:00,31.45483464980498
2025-08-15 16:08:24.572422+00:00,31.449683984654257
2025-08-15 16:08:33.128202+00:00,31.449683984654257
2025-08-15 16:08:34.015589+00:00,31.444533319794573
2025-08-15 16:08:35.611258+00:00,31.45483464980498
2025-08-15 16:08:35.821516+00:00,31.439382655225927
2025-08-15 16:08:39.513290+00:00,31.449683984654257
2025-08-15 16:08:40.557750+00:00,31.45483464980498
2025-08-15 16:08:41.550955+00:00,31.45483464980498
2025-08-15 16:08:41.784278+00:00,31.45998531524674
2025-08-15 16:08:42.387167+00:00,31.470286647003377
2025-08-15 16:08:45.428056+00:00,31.470286647003377
2025-08-15 16:08:47.642306+00:00,31.46513598097954
2025-08-15 16:08:50.581094+00:00,31.46513598097954
2025-08-15 16:08:51.736134+00:00,31.470286647003377
2025-08-15 16:08:51.977919+00:00,31.475437313318253
2025-08-15 16:08:52.621881+00:00,31.48573864682112
2025-08-15 16:08:53.963973+00:00,31.49603998148814
2025-08-15 16:08:56.629992+00:00,31.480587979924167
2025-08-15 16:08:57.620839+00:00,31.48573864682112
2025-08-15 16:09:00.503904+00:00,31.49088931400911
2025-08-15 16:09:03.122045+00:00,31.48573864682112
2025-08-15 16:09:04.238527+00:00,31.48573864682112
2025-08-15 16:09:05.129817+00:00,31.49088931400911
2025-08-15 16:09:07.379074+00:00,31.501190649258206
2025-08-15 16:09:07.997989+00:00,31.501190649258206
2025-08-15 16:09:08.505369+00:00,31.501190649258206
2025-08-15 16:09:12.970076+00:00,31.511491985671455
2025-08-15 16:09:14.991752+00:00,31.511491985671455
2025-08-15 16:09:17.869493+00:00,31.516642654314637
2025-08-15 16:09:21.388294+00:00,31.50634131731931
2025-08-15 16:09:22.384282+00:00,31.511491985671455
2025-08-15 16:09:25.890425+00:00,31.547546672285534
2025-08-15 16:09:26.213693+00:00,31.53724533179775
2025-08-15 16:09:26.559032+00:00,31.547546672285534
2025-08-15 16:09:27.054759+00:00,31.53724533179775
2025-08-15 16:09:27.539983+00:00,31.532094661990413
2025-08-15 16:09:27.922671+00:00,31.542396001896122
2025-08-15 16:09:34.089155+00:00,31.557848013937473
2025-08-15 16:09:34.856992+00:00,31.57845070073381
2025-08-15 16:09:36.081346+00:00,31.568149356753565
2025-08-15 16:09:37.006829+00:00,31.57330002859817
2025-08-15 16:09:37.280025+00:00,31.57330002859817
2025-08-15 16:09:37.491247+00:00,31.57845070073381
2025-08-15 16:09:37.930374+00:00,31.57845070073381
2025-08-15 16:09:38.199734+00:00,31.57845070073381
2025-08-15 16:09:40.523932+00:00,31.547546672285534
2025-08-15 16:09:41.639687+00:00,31.57845070073381
2025-08-15 16:09:43.104449+00:00,31.568149356753565
2025-08-15 16:09:44.909500+00:00,31.5629986852
2025-08-15 16:09:49.985806+00:00,31.5629986852
2025-08-15 16:09:50.171856+00:00,31.568149356753565
2025-08-15 16:09:50.672445+00:00,31.557848013937473
2025-08-15 16:09:51.292463+00:00,31.552697342965985
2025-08-15 16:09:51.500481+00:00,31.557848013937473
2025-08-15 16:09:51.702396+00:00,31.552697342965985
2025-08-15 16:09:52.093490+00:00,31.557848013937473
2025-08-15 16:09:54.031074+00:00,31.557848013937473
2025-08-15 16:09:54.725659+00:00,31.552697342965985
2025-08-15 16:09:56.370471+00:00,31.552697342965985
2025-08-15 16:09:57.330497+00:00,31.547546672285534
2025-08-15 16:09:57.741009+00:00,31.547546672285534
2025-08-15 16:10:00.202060+00:00,31.53724533179775
2025-08-15 16:10:01.206693+00:00,31.547546672285534
2025-08-15 16:10:03.330217+00:00,31.532094661990413
2025-08-15 16:10:04.711622+00:00,31.53724533179775
2025-08-15 16:10:11.589567+00:00,31.552697342965985
2025-08-15 16:10:13.604812+00:00,31.568149356753565
2025-08-15 16:10:20.012282+00:00,31.58875204587821
2025-08-15 16:10:25.812330+00:00,31.57845070073381
2025-08-15 16:10:28.228654+00:00,31.58360137316049
2025-08-15 16:10:36.533279+00:00,31.568149356753565
2025-08-15 16:10:40.947413+00:00,31.557848013937473
2025-08-15 16:10:42.467070+00:00,31.557848013937473
2025-08-15 16:10:43.455199+00:00,31.5629986852
2025-08-15 16:10:46.563918+00:00,31.557848013937473
2025-08-15 16:10:47.082099+00:00,31.557848013937473
2025-08-15 16:10:47.981167+00:00,31.5629986852
2025-08-15 16:10:48.395772+00:00,31.568149356753565
2025-08-15 16:10:48.885848+00:00,31.57330002859817
2025-08-15 16:10:54.263949+00:00,31.57330002859817
2025-08-15 16:10:58.523916+00:00,31.557848013937473
2025-08-15 16:10:59.451948+00:00,31.5629986852
2025-08-15 16:10:59.760866+00:00,31.557848013937473
2025-08-15 16:11:00.380902+00:00,31.557848013937473
2025-08-15 16:11:03.376943+00:00,31.547546672285534
2025-08-15 16:11:04.863879+00:00,31.547546672285534
2025-08-15 16:11:05.759305+00:00,31.552697342965985
2025-08-15 16:11:06.204194+00:00,31.557848013937473
2025-08-15 16:11:06.819409+00:00,31.552697342965985
2025-08-15 16:11:07.361367+00:00,31.547546672285534
2025-08-15 16:11:11.696850+00:00,31.547546672285534
2025-08-15 16:11:14.119343+00:00,31.552697342965985
2025-08-15 16:11:18.044745+00:00,31.547546672285534
2025-08-15 16:11:22.021760+00:00,31.57330002859817
2025-08-15 16:11:22.554819+00:00,31.568149356753565
2025-08-15 16:11:26.636899+00:00,31.568149356753565
2025-08-15 16:11:27.860223+00:00,31.58360137316049
2025-08-15 16:11:30.165921+00:00,31.57845070073381
2025-08-15 16:11:34.208019+00:00,31.604204065777594
2025-08-15 16:11:37.399143+00:00,31.604204065777594
2025-08-15 16:11:38.387578+00:00,31.604204065777594
2025-08-15 16:11:39.252505+00:00,31.604204065777594
2025-08-15 16:11:40.106662+00:00,31.59905339218676
2025-08-15 16:11:40.655344+00:00,31.59905339218676
2025-08-15 16:11:41.890352+00:00,31.609354739659466
2025-08-15 16:11:42.201651+00:00,31.614505413832376
2025-08-15 16:11:43.945957+00:00,31.619656088296324
2025-08-15 16:11:44.389536+00:00,31.604204065777594
2025-08-15 16:11:45.210255+00:00,31.604204065777594
2025-08-15 16:11:45.935417+00:00,31.604204065777594
2025-08-15 16:11:47.247644+00:00,31.609354739659466
2025-08-15 16:11:50.362494+00:00,31.604204065777594
2025-08-15 16:11:51.695735+00:00,31.614505413832376
2025-08-15 16:11:52.662474+00:00,31.614505413832376
2025-08-15 16:11:53.019979+00:00,31.614505413832376
2025-08-15 16:11:54.784368+00:00,31.609354739659466
2025-08-15 16:11:55.492201+00:00,31.604204065777594
2025-08-15 16:11:56.462384+00:00,31.59905339218676
2025-08-15 16:11:57.160950+00:00,31.59905339218676
2025-08-15 16:11:57.831516+00:00,31.59905339218676
2025-08-15 16:11:58.875360+00:00,31.604204065777594
2025-08-15 16:12:01.334631+00:00,31.593902718886966
2025-08-15 16:12:02.084949+00:00,31.593902718886966
2025-08-15 16:12:04.544420+00:00,31.57845070073381
2025-08-15 16:12:10.078477+00:00,31.57330002859817
2025-08-15 16:12:15.501576+00:00,31.57845070073381
2025-08-15 16:12:18.013180+00:00,31.552697342965985
2025-08-15 16:12:19.306971+00:00,31.547546672285534
2025-08-15 16:12:19.558093+00:00,31.552697342965985
2025-08-15 16:12:20.219094+00:00,31.526943992474116
2025-08-15 16:12:21.897042+00:00,31.552697342965985
2025-08-15 16:12:26.205806+00:00,31.547546672285534
2025-08-15 16:12:26.541349+00:00,31.552697342965985
2025-08-15 16:12:27.428457+00:00,31.547546672285534
2025-08-15 16:12:28.680880+00:00,31.552697342965985
2025-08-15 16:12:29.344851+00:00,31.526943992474116
2025-08-15 16:12:30.069433+00:00,31.526943992474116
2025-08-15 16:12:34.275021+00:00,31.521793323248858
2025-08-15 16:12:35.328690+00:00,31.50634131731931
2025-08-15 16:12:37.020508+00:00,31.511491985671455
2025-08-15 16:12:39.140844+00:00,31.501190649258206
2025-08-15 16:12:42.400520+00:00,31.49603998148814
2025-08-15 16:12:49.565695+00:00,31.48573864682112
2025-08-15 16:12:51.397287+00:00,31.48573864682112
2025-08-15 16:12:51.795026+00:00,31.49088931400911
2025-08-15 16:12:52.256125+00:00,31.48573864682112
2025-08-15 16:12:53.103487+00:00,31.480587979924167
2025-08-15 16:12:55.115091+00:00,31.475437313318253
2025-08-15 16:12:55.645162+00:00,31.45998531524674
2025-08-15 16:12:55.890576+00:00,31.480587979924167
2025-08-15 16:12:58.765593+00:00,31.475437313318253
2025-08-15 16:12:59.557519+00:00,31.45998531524674
2025-08-15 16:13:00.744736+00:00,31.46513598097954
2025-08-15 16:13:03.902346+00:00,31.45998531524674
2025-08-15 16:13:06.007528+00:00,31.449683984654257
2025-08-15 16:13:07.007140+00:00,31.444533319794573
2025-08-15 16:13:09.933271+00:00,31.439382655225927
2025-08-15 16:13:10.626550+00:00,31.43423199094832
2025-08-15 16:13:11.231793+00:00,31.43423199094832
2025-08-15 16:13:15.817384+00:00,31.449683984654257
2025-08-15 16:13:16.441182+00:00,31.475437313318253
2025-08-15 16:13:18.267668+00:00,31.480587979924167
2025-08-15 16:13:18.732772+00:00,31.48573864682112
2025-08-15 16:13:19.511373+00:00,31.48573864682112
2025-08-15 16:13:21.624713+00:00,31.501190649258206
2025-08-15 16:13:24.077561+00:00,31.50634131731931
2025-08-15 16:13:24.858718+00:00,31.50634131731931
2025-08-15 16:13:27.367198+00:00,31.501190649258206
2025-08-15 16:13:28.621918+00:00,31.49088931400911
2025-08-15 16:13:31.806876+00:00,31.49603998148814
2025-08-15 16:13:34.940816+00:00,31.480587979924167
2025-08-15 16:13:37.006270+00:00,31.475437313318253
2025-08-15 16:13:38.784835+00:00,31.480587979924167
2025-08-15 16:13:41.012188+00:00,31.46513598097954
2025-08-15 16:13:43.486309+00:00,31.470286647003377
2025-08-15 16:13:47.407006+00:00,31.449683984654257
2025-08-15 16:13:49.602432+00:00,31.45998531524674
2025-08-15 16:13:50.326530+00:00,31.470286647003377
2025-08-15 16:13:51.422445+00:00,31.45483464980498
2025-08-15 16:13:52.067547+00:00,31.449683984654257
2025-08-15 16:13:55.020213+00:00,31.449683984654257
2025-08-15 16:13:55.748329+00:00,31.45483464980498
2025-08-15 16:13:57.018574+00:00,31.439382655225927
2025-08-15 16:13:59.510216+00:00,31.45483464980498
2025-08-15 16:14:01.426905+00:00,31.449683984654257
2025-08-15 16:14:05.445635+00:00,31.45483464980498
2025-08-15 16:14:07.276261+00:00,31.45483464980498
2025-08-15 16:14:07.881904+00:00,31.439382655225927
2025-08-15 16:14:08.885618+00:00,31.43423199094832
2025-08-15 16:14:09.271448+00:00,31.439382655225927
2025-08-15 16:14:10.796280+00:00,31.449683984654257
2025-08-15 16:14:11.742494+00:00,31.444533319794573
2025-08-15 16:14:12.188745+00:00,31.444533319794573
2025-08-15 16:14:13.776882+00:00,31.43423199094832
2025-08-15 16:14:14.282642+00:00,31.439382655225927
2025-08-15 16:14:14.910009+00:00,31.43423199094832
2025-08-15 16:14:18.015476+00:00,31.444533319794573
2025-08-15 16:14:19.808726+00:00,31.45483464980498
2025-08-15 16:14:20.143341+00:00,31.46513598097954
2025-08-15 16:14:20.394093+00:00,31.46513598097954
2025-08-15 16:14:22.526240+00:00,31.475437313318253
2025-08-15 16:14:22.809243+00:00,31.470286647003377
2025-08-15 16:14:27.043418+00:00,31.480587979924167
2025-08-15 16:14:27.895929+00:00,31.49088931400911
2025-08-15 16:14:28.423974+00:00,31.501190649258206
2025-08-15 16:14:29.257230+00:00,31.50634131731931
2025-08-15 16:14:29.574512+00:00,31.516642654314637
2025-08-15 16:14:29.866546+00:00,31.511491985671455
2025-08-15 16:14:30.350157+00:00,31.511491985671455
2025-08-15 16:14:35.152387+00:00,31.526943992474116
2025-08-15 16:14:35.523715+00:00,31.53724533179775
2025-08-15 16:14:35.754960+00:00,31.526943992474116
2025-08-15 16:14:36.883249+00:00,31.547546672285534
2025-08-15 16:14:38.351690+00:00,31.526943992474116
2025-08-15 16:14:38.627574+00:00,31.526943992474116
2025-08-15 16:14:38.912363+00:00,31.53724533179775
2025-08-15 16:14:39.498600+00:00,31.526943992474116
2025-08-15 16:14:41.173360+00:00,31.532094661990413
2025-08-15 16:14:42.268261+00:00,31.532094661990413
2025-08-15 16:14:46.599050+00:00,31.53724533179775
2025-08-15 16:14:47.763365+00:00,31.542396001896122
2025-08-15 16:14:50.383765+00:00,31.532094661990413
2025-08-15 16:14:52.007547+00:00,31.568149356753565
2025-08-15 16:14:53.637598+00:00,31.547546672285534
2025-08-15 16:14:53.839497+00:00,31.552697342965985
2025-08-15 16:14:54.410979+00:00,31.557848013937473
2025-08-15 16:14:55.067088+00:00,31.547546672285534
2025-08-15 16:14:57.393304+00:00,31.568149356753565
2025-08-15 16:14:57.677834+00:00,31.568149356753565
2025-08-15 16:14:58.817374+00:00,31.557848013937473
2025-08-15 16:15:02.725015+00:00,31.547546672285534
2025-08-15 16:15:03.644196+00:00,31.542396001896122
2025-08-15 16:15:04.621803+00:00,31.532094661990413
2025-08-15 16:15:05.034367+00:00,31.547546672285534
2025-08-15 16:15:07.769888+00:00,31.547546672285534
2025-08-15 16:15:09.268760+00:00,31.526943992474116
2025-08-15 16:15:11.579242+00:00,31.521793323248858
2025-08-15 16:15:12.794571+00:00,31.526943992474116
2025-08-15 16:15:17.222235+00:00,31.547546672285534
2025-08-15 16:15:17.885168+00:00,31.526943992474116
2025-08-15 16:15:18.303407+00:00,31.526943992474116
2025-08-15 16:15:21.119199+00:00,31.552697342965985
2025-08-15 16:15:21.680438+00:00,31.53724533179775
2025-08-15 16:15:22.388188+00:00,31.532094661990413
2025-08-15 16:15:23.134025+00:00,31.552697342965985
2025-08-15 16:15:23.806358+00:00,31.552697342965985
2025-08-15 16:15:28.255731+00:00,31.557848013937473
2025-08-15 16:15:30.177928+00:00,31.547546672285534
2025-08-15 16:15:33.540341+00:00,31.552697342965985
2025-08-15 16:15:34.055012+00:00,31.53724533179775
2025-08-15 16:15:36.349403+00:00,31.526943992474116
2025-08-15 16:15:37.612632+00:00,31.521793323248858
2025-08-15 16:15:44.362502+00:00,31.50634131731931
2025-08-15 16:15:44.799773+00:00,31.501190649258206
2025-08-15 16:15:45.286646+00:00,31.50634131731931
2025-08-15 16:15:46.162893+00:00,31.49603998148814
2025-08-15 16:15:46.626170+00:00,31.511491985671455
2025-08-15 16:15:49.733158+00:00,31.511491985671455
2025-08-15 16:15:50.884577+00:00,31.50634131731931
2025-08-15 16:15:51.744543+00:00,31.501190649258206
2025-08-15 16:15:52.096887+00:00,31.50634131731931
2025-08-15 16:15:53.398828+00:00,31.50634131731931
2025-08-15 16:15:55.547513+00:00,31.49088931400911
2025-08-15 16:15:55.831462+00:00,31.48573864682112
2025-08-15 16:15:58.036471+00:00,31.49088931400911
2025-08-15 16:15:58.592249+00:00,31.49603998148814
2025-08-15 16:16:00.008107+00:00,31.501190649258206
2025-08-15 16:16:01.927868+00:00,31.48573864682112
2025-08-15 16:16:04.253561+00:00,31.49603998148814
2025-08-15 16:16:09.063076+00:00,31.48573864682112
2025-08-15 16:16:09.855243+00:00,31.480587979924167
2025-08-15 16:16:10.198459+00:00,31.48573864682112
2025-08-15 16:16:10.639631+00:00,31.48573864682112
2025-08-15 16:16:15.399558+00:00,31.470286647003377
2025-08-15 16:16:15.778778+00:00,31.48573864682112
2025-08-15 16:16:16.270014+00:00,31.475437313318253
2025-08-15 16:16:19.825453+00:00,31.480587979924167
2025-08-15 16:16:20.614351+00:00,31.45998531524674
2025-08-15 16:16:20.856639+00:00,31.45998531524674
2025-08-15 16:16:22.678284+00:00,31.45998531524674
2025-08-15 16:16:24.217437+00:00,31.46513598097954
2025-08-15 16:16:25.977200+00:00,31.470286647003377
2025-08-15 16:16:26.742540+00:00,31.449683984654257
2025-08-15 16:16:27.155908+00:00,31.449683984654257
2025-08-15 16:16:27.523699+00:00,31.449683984654257
2025-08-15 16:16:28.716773+00:00,31.45998531524674
2025-08-15 16:16:29.792282+00:00,31.45998531524674
2025-08-15 16:16:34.042037+00:00,31.444533319794573
2025-08-15 16:16:35.165926+00:00,31.46513598097954
2025-08-15 16:16:35.392467+00:00,31.470286647003377
2025-08-15 16:16:35.667248+00:00,31.46513598097954
2025-08-15 16:16:36.794411+00:00,31.470286647003377
2025-08-15 16:16:37.720938+00:00,31.45998531524674
2025-08-15 16:16:39.617695+00:00,31.46513598097954
2025-08-15 16:16:40.562156+00:00,31.480587979924167
2025-08-15 16:16:43.803845+00:00,31.470286647003377
2025-08-15 16:16:45.785749+00:00,31.475437313318253
2025-08-15 16:16:47.779552+00:00,31.475437313318253
2025-08-15 16:16:51.457305+00:00,31.480587979924167
2025-08-15 16:16:53.283136+00:00,31.475437313318253
2025-08-15 16:16:53.581339+00:00,31.480587979924167
2025-08-15 16:16:53.917309+00:00,31.475437313318253
2025-08-15 16:16:56.128510+00:00,31.470286647003377
2025-08-15 16:16:58.145204+00:00,31.45998531524674
2025-08-15 16:16:58.861079+00:00,31.45483464980498
2025-08-15 16:16:59.082045+00:00,31.45483464980498
2025-08-15 16:16:59.311506+00:00,31.470286647003377
2025-08-15 16:16:59.532560+00:00,31.46513598097954
2025-08-15 16:16:59.798800+00:00,31.45998531524674
2025-08-15 16:17:02.543339+00:00,31.46513598097954
2025-08-15 16:17:05.883300+00:00,31.45998531524674
2025-08-15 16:17:09.409948+00:00,31.46513598097954
2025-08-15 16:17:11.450449+00:00,31.45998531524674
2025-08-15 16:17:12.200024+00:00,31.46513598097954
2025-08-15 16:17:12.796679+00:00,31.45998531524674
2025-08-15 16:17:17.531978+00:00,31.449683984654257
2025-08-15 16:17:18.934433+00:00,31.439382655225927
2025-08-15 16:17:27.376429+00:00,31.43423199094832
2025-08-15 16:17:28.894145+00:00,31.413629336748272
2025-08-15 16:17:29.961614+00:00,31.408478673925856
2025-08-15 16:17:31.152863+00:00,31.418779999861727
2025-08-15 16:17:35.409909+00:00,31.408478673925856
2025-08-15 16:17:38.008016+00:00,31.393026687204838
2025-08-15 16:17:40.896395+00:00,31.393026687204838
2025-08-15 16:17:45.559954+00:00,31.40332801139448
2025-08-15 16:17:45.951199+00:00,31.413629336748272
2025-08-15 16:17:49.382786+00:00,31.413629336748272
2025-08-15 16:17:49.700356+00:00,31.418779999861727
2025-08-15 16:17:50.660578+00:00,31.413629336748272
2025-08-15 16:17:51.168960+00:00,31.40332801139448
2025-08-15 16:17:51.464633+00:00,31.413629336748272
2025-08-15 16:17:55.508378+00:00,31.439382655225927
2025-08-15 16:17:57.390165+00:00,31.42908132696175
2025-08-15 16:17:59.219258+00:00,31.449683984654257
2025-08-15 16:17:59.531336+00:00,31.444533319794573
2025-08-15 16:18:01.559306+00:00,31.45483464980498
2025-08-15 16:18:03.312163+00:00,31.444533319794573
2025-08-15 16:18:04.168683+00:00,31.444533319794573
2025-08-15 16:18:07.094732+00:00,31.45998531524674
2025-08-15 16:18:07.813034+00:00,31.45483464980498
2025-08-15 16:18:09.540935+00:00,31.444533319794573
2025-08-15 16:18:10.877053+00:00,31.449683984654257
2025-08-15 16:18:13.281850+00:00,31.45483464980498
2025-08-15 16:18:14.582907+00:00,31.444533319794573
2025-08-15 16:18:18.283928+00:00,31.444533319794573
2025-08-15 16:18:18.940321+00:00,31.43423199094832
2025-08-15 16:18:19.523038+00:00,31.43423199094832
2025-08-15 16:18:19.724542+00:00,31.439382655225927
2025-08-15 16:18:23.165901+00:00,31.42393066326622
2025-08-15 16:18:23.865280+00:00,31.42908132696175
2025-08-15 16:18:24.382710+00:00,31.42908132696175
2025-08-15 16:18:25.823878+00:00,31.42908132696175
2025-08-15 16:18:26.124782+00:00,31.444533319794573
2025-08-15 16:18:27.402944+00:00,31.42908132696175
2025-08-15 16:18:27.924334+00:00,31.42908132696175
2025-08-15 16:18:28.478276+00:00,31.418779999861727
2025-08-15 16:18:28.780234+00:00,31.418779999861727
2025-08-15 16:18:29.022923+00:00,31.43423199094832
2025-08-15 16:18:29.366837+00:00,31.43423199094832
2025-08-15 16:18:36.255484+00:00,31.42908132696175
2025-08-15 16:18:37.259423+00:00,31.418779999861727
2025-08-15 16:18:37.732789+00:00,31.42393066326622
2025-08-15 16:18:40.798205+00:00,31.42908132696175
2025-08-15 16:18:42.464175+00:00,31.42393066326622
2025-08-15 16:18:45.266249+00:00,31.42908132696175
2025-08-15 16:18:45.598866+00:00,31.42393066326622
2025-08-15 16:18:46.450516+00:00,31.444533319794573
2025-08-15 16:18:50.156273+00:00,31.439382655225927
2025-08-15 16:18:51.197044+00:00,31.43423199094832
2025-08-15 16:18:51.919909+00:00,31.43423199094832
2025-08-15 16:18:57.315434+00:00,31.439382655225927
2025-08-15 16:18:58.982236+00:00,31.45483464980498
2025-08-15 16:18:59.273523+00:00,31.46513598097954
2025-08-15 16:19:00.108644+00:00,31.46513598097954
2025-08-15 16:19:01.124317+00:00,31.470286647003377
2025-08-15 16:19:01.530596+00:00,31.470286647003377
2025-08-15 16:19:05.390058+00:00,31.480587979924167
2025-08-15 16:19:05.878791+00:00,31.48573864682112
2025-08-15 16:19:07.175940+00:00,31.48573864682112
2025-08-15 16:19:07.686027+00:00,31.49088931400911
2025-08-15 16:19:08.508799+00:00,31.49603998148814
2025-08-15 16:19:14.031187+00:00,31.501190649258206
2025-08-15 16:19:14.706868+00:00,31.501190649258206
2025-08-15 16:19:15.013547+00:00,31.511491985671455
2025-08-15 16:19:15.915487+00:00,31.516642654314637
2025-08-15 16:19:19.316864+00:00,31.516642654314637
2025-08-15 16:19:20.971857+00:00,31.516642654314637
2025-08-15 16:19:22.250584+00:00,31.501190649258206
2025-08-15 16:19:22.959475+00:00,31.516642654314637
2025-08-15 16:19:23.528851+00:00,31.526943992474116
2025-08-15 16:19:25.174380+00:00,31.516642654314637
2025-08-15 16:19:27.580318+00:00,31.50634131731931
2025-08-15 16:19:28.056781+00:00,31.516642654314637
2025-08-15 16:19:29.901061+00:00,31.50634131731931
2025-08-15 16:19:35.522796+00:00,31.49603998148814
2025-08-15 16:19:40.455900+00:00,31.480587979924167
2025-08-15 16:19:40.656381+00:00,31.48573864682112
2025-08-15 16:19:41.120894+00:00,31.470286647003377
2025-08-15 16:19:43.098197+00:00,31.480587979924167
2025-08-15 16:19:44.100568+00:00,31.475437313318253
2025-08-15 16:19:44.372528+00:00,31.475437313318253
2025-08-15 16:19:44.610967+00:00,31.475437313318253
2025-08-15 16:19:48.224222+00:00,31.470286647003377
2025-08-15 16:19:48.919196+00:00,31.45483464980498
2025-08-15 16:19:49.855263+00:00,31.46513598097954
2025-08-15 16:19:50.860239+00:00,31.45998531524674
2025-08-15 16:19:52.338763+00:00,31.46513598097954
2025-08-15 16:19:55.770187+00:00,31.45998531524674
2025-08-15 16:19:56.272898+00:00,31.449683984654257
2025-08-15 16:19:58.406855+00:00,31.45483464980498
2025-08-15 16:20:02.304385+00:00,31.45998531524674
2025-08-15 16:20:05.455627+00:00,31.449683984654257
2025-08-15 16:20:09.422335+00:00,31.444533319794573
2025-08-15 16:20:11.040838+00:00,31.444533319794573
2025-08-15 16:20:12.105225+00:00,31.449683984654257
2025-08-15 16:20:16.214854+00:00,31.42393066326622
2025-08-15 16:20:16.824486+00:00,31.42393066326622
2025-08-15 16:20:17.621655+00:00,31.43423199094832
2025-08-15 16:20:20.973318+00:00,31.43423199094832
2025-08-15 16:20:22.835248+00:00,31.42908132696175
2025-08-15 16:20:24.464323+00:00,31.418779999861727
2025-08-15 16:20:30.163920+00:00,31.408478673925856
2025-08-15 16:20:34.838315+00:00,31.408478673925856
2025-08-15 16:20:37.072564+00:00,31.439382655225927
2025-08-15 16:20:48.148016+00:00,31.444533319794573
2025-08-15 16:20:48.691319+00:00,31.444533319794573
2025-08-15 16:20:49.324087+00:00,31.45483464980498
2025-08-15 16:20:49.669574+00:00,31.45483464980498
2025-08-15 16:20:51.114171+00:00,31.449683984654257
2025-08-15 16:20:53.706168+00:00,31.439382655225927
2025-08-15 16:20:54.383325+00:00,31.444533319794573
2025-08-15 16:20:54.828193+00:00,31.444533319794573
2025-08-15 16:20:55.058435+00:00,31.449683984654257
2025-08-15 16:20:56.511127+00:00,31.444533319794573
2025-08-15 16:20:56.738086+00:00,31.470286647003377
2025-08-15 16:20:57.003566+00:00,31.470286647003377
2025-08-15 16:20:57.563911+00:00,31.470286647003377
2025-08-15 16:21:05.306401+00:00,31.50634131731931
2025-08-15 16:21:05.879753+00:00,31.49603998148814
2025-08-15 16:21:06.454799+00:00,31.50634131731931
2025-08-15 16:21:07.554566+00:00,31.50634131731931
2025-08-15 16:21:12.498377+00:00,31.49603998148814
2025-08-15 16:21:13.588666+00:00,31.501190649258206
2025-08-15 16:21:14.006479+00:00,31.511491985671455
2025-08-15 16:21:18.256079+00:00,31.526943992474116
2025-08-15 16:21:19.517554+00:00,31.53724533179775
2025-08-15 16:21:20.418741+00:00,31.516642654314637
2025-08-15 16:21:21.438332+00:00,31.526943992474116
2025-08-15 16:21:21.662533+00:00,31.521793323248858
2025-08-15 16:21:22.822740+00:00,31.521793323248858
2025-08-15 16:21:27.771997+00:00,31.542396001896122
2025-08-15 16:21:28.868026+00:00,31.552697342965985
2025-08-15 16:21:32.230295+00:00,31.526943992474116
2025-08-15 16:21:32.681071+00:00,31.526943992474116
2025-08-15 16:21:33.237429+00:00,31.53724533179775
2025-08-15 16:21:33.697476+00:00,31.547546672285534
2025-08-15 16:21:34.062909+00:00,31.542396001896122
2025-08-15 16:21:34.462504+00:00,31.552697342965985
2025-08-15 16:21:34.745868+00:00,31.547546672285534
2025-08-15 16:21:34.953049+00:00,31.557848013937473
2025-08-15 16:21:35.202488+00:00,31.557848013937473
2025-08-15 16:21:35.521135+00:00,31.557848013937473
2025-08-15 16:21:36.201546+00:00,31.557848013937473
2025-08-15 16:21:38.388663+00:00,31.552697342965985
2025-08-15 16:21:38.644910+00:00,31.557848013937473
2025-08-15 16:21:41.136428+00:00,31.552697342965985
2025-08-15 16:21:41.954127+00:00,31.547546672285534
2025-08-15 16:21:42.479237+00:00,31.532094661990413
2025-08-15 16:21:45.629791+00:00,31.532094661990413
2025-08-15 16:21:48.896241+00:00,31.547546672285534
2025-08-15 16:21:49.416022+00:00,31.532094661990413
2025-08-15 16:21:49.848077+00:00,31.53724533179775
2025-08-15 16:21:52.060264+00:00,31.532094661990413
2025-08-15 16:21:52.337384+00:00,31.526943992474116
2025-08-15 16:21:53.687185+00:00,31.532094661990413
2025-08-15 16:21:54.342025+00:00,31.526943992474116
2025-08-15 16:21:56.962510+00:00,31.53724533179775
2025-08-15 16:21:59.571707+00:00,31.532094661990413
2025-08-15 16:22:01.335923+00:00,31.53724533179775
2025-08-15 16:22:01.965836+00:00,31.526943992474116
2025-08-15 16:22:02.740285+00:00,31.526943992474116
2025-08-15 16:22:08.414916+00:00,31.547546672285534
2025-08-15 16:22:09.603823+00:00,31.521793323248858
2025-08-15 16:22:10.377867+00:00,31.521793323248858
2025-08-15 16:22:10.871511+00:00,31.532094661990413
2025-08-15 16:22:14.936828+00:00,31.53724533179775
2025-08-15 16:22:19.922679+00:00,31.526943992474116
2025-08-15 16:22:21.203674+00:00,31.526943992474116
2025-08-15 16:22:23.188701+00:00,31.521793323248858
2025-08-15 16:22:24.275756+00:00,31.532094661990413
2025-08-15 16:22:26.081727+00:00,31.526943992474116
2025-08-15 16:22:27.694387+00:00,31.547546672285534
2025-08-15 16:22:28.002889+00:00,31.521793323248858
2025-08-15 16:22:28.996252+00:00,31.526943992474116
2025-08-15 16:22:29.412368+00:00,31.511491985671455
2025-08-15 16:22:32.479717+00:00,31.521793323248858
2025-08-15 16:22:33.152755+00:00,31.521793323248858
2025-08-15 16:22:35.503374+00:00,31.50634131731931
2025-08-15 16:22:36.162427+00:00,31.511491985671455
2025-08-15 16:22:36.781876+00:00,31.50634131731931
2025-08-15 16:22:36.977930+00:00,31.50634131731931
2025-08-15 16:22:37.273103+00:00,31.50634131731931
2025-08-15 16:22:37.582250+00:00,31.516642654314637
2025-08-15 16:22:39.985334+00:00,31.50634131731931
2025-08-15 16:22:43.084818+00:00,31.516642654314637
2025-08-15 16:22:45.544782+00:00,31.501190649258206
2025-08-15 16:22:48.319991+00:00,31.50634131731931
2025-08-15 16:22:48.711828+00:00,31.511491985671455
2025-08-15 16:22:49.242120+00:00,31.50634131731931
2025-08-15 16:22:49.702886+00:00,31.50634131731931
2025-08-15 16:22:50.903038+00:00,31.521793323248858
2025-08-15 16:22:51.271855+00:00,31.511491985671455
2025-08-15 16:22:51.593909+00:00,31.50634131731931
2025-08-15 16:22:51.991013+00:00,31.516642654314637
2025-08-15 16:22:52.851768+00:00,31.516642654314637
2025-08-15 16:22:53.203830+00:00,31.516642654314637
2025-08-15 16:22:55.244809+00:00,31.50634131731931
2025-08-15 16:22:56.661363+00:00,31.501190649258206
2025-08-15 16:22:57.528511+00:00,31.516642654314637
2025-08-15 16:22:57.752295+00:00,31.50634131731931
2025-08-15 16:22:57.964498+00:00,31.50634131731931
2025-08-15 16:22:58.350333+00:00,31.516642654314637
2025-08-15 16:22:58.633471+00:00,31.516642654314637
2025-08-15 16:22:58.969153+00:00,31.50634131731931
2025-08-15 16:23:01.235885+00:00,31.521793323248858
2025-08-15 16:23:02.479371+00:00,31.511491985671455
2025-08-15 16:23:04.400266+00:00,31.50634131731931
2025-08-15 16:23:09.979061+00:00,31.50634131731931
2025-08-15 16:23:12.554638+00:00,31.48573864682112
2025-08-15 16:23:13.078246+00:00,31.48573864682112
2025-08-15 16:23:15.519303+00:00,31.49088931400911
2025-08-15 16:23:16.476243+00:00,31.480587979924167
2025-08-15 16:23:17.217108+00:00,31.48573864682112
2025-08-15 16:23:18.051444+00:00,31.48573864682112
2025-08-15 16:23:19.860836+00:00,31.48573864682112
2025-08-15 16:23:22.517018+00:00,31.480587979924167
2025-08-15 16:23:23.744680+00:00,31.49088931400911
2025-08-15 16:23:26.168589+00:00,31.46513598097954
2025-08-15 16:23:26.529652+00:00,31.475437313318253
2025-08-15 16:23:27.120072+00:00,31.480587979924167
2025-08-15 16:23:28.481888+00:00,31.475437313318253
2025-08-15 16:23:34.036096+00:00,31.470286647003377
2025-08-15 16:23:34.776349+00:00,31.46513598097954
2025-08-15 16:23:34.945954+00:00,31.46513598097954
2025-08-15 16:23:35.177144+00:00,31.46513598097954
2025-08-15 16:23:38.877285+00:00,31.45998531524674
2025-08-15 16:23:41.796228+00:00,31.449683984654257
2025-08-15 16:23:43.567676+00:00,31.449683984654257
2025-08-15 16:23:45.003959+00:00,31.45483464980498
2025-08-15 16:23:51.702731+00:00,31.43423199094832
2025-08-15 16:23:53.423108+00:00,31.439382655225927
2025-08-15 16:23:53.941079+00:00,31.42908132696175
2025-08-15 16:23:54.527023+00:00,31.43423199094832
2025-08-15 16:23:54.969073+00:00,31.42908132696175
2025-08-15 16:23:56.451778+00:00,31.439382655225927
2025-08-15 16:23:56.750049+00:00,31.439382655225927
2025-08-15 16:23:57.276408+00:00,31.444533319794573
2025-08-15 16:23:58.100388+00:00,31.439382655225927
2025-08-15 16:23:59.566472+00:00,31.444533319794573
2025-08-15 16:23:59.824665+00:00,31.444533319794573
2025-08-15 16:24:02.409974+00:00,31.43423199094832
2025-08-15 16:24:04.250564+00:00,31.42908132696175
2025-08-15 16:24:05.137216+00:00,31.42393066326622
2025-08-15 16:24:09.197958+00:00,31.418779999861727
2025-08-15 16:24:12.815544+00:00,31.42393066326622
2025-08-15 16:24:13.660407+00:00,31.413629336748272
2025-08-15 16:24:14.679778+00:00,31.413629336748272
2025-08-15 16:24:17.768893+00:00,31.418779999861727
2025-08-15 16:24:20.151318+00:00,31.408478673925856
2025-08-15 16:24:20.584234+00:00,31.413629336748272
2025-08-15 16:24:21.544396+00:00,31.40332801139448
2025-08-15 16:24:21.935886+00:00,31.413629336748272
2025-08-15 16:24:22.391736+00:00,31.413629336748272
2025-08-15 16:24:22.621796+00:00,31.408478673925856
2025-08-15 16:24:22.907238+00:00,31.408478673925856
2025-08-15 16:24:24.201401+00:00,31.408478673925856
2025-08-15 16:24:26.218421+00:00,31.40332801139448
2025-08-15 16:24:29.179142+00:00,31.40332801139448
2025-08-15 16:24:29.871797+00:00,31.39817734915414
2025-08-15 16:24:31.551987+00:00,31.39817734915414
2025-08-15 16:24:31.993168+00:00,31.40332801139448
2025-08-15 16:24:32.503315+00:00,31.413629336748272
2025-08-15 16:24:34.048210+00:00,31.418779999861727
2025-08-15 16:24:35.495220+00:00,31.413629336748272
2025-08-15 16:24:36.663105+00:00,31.408478673925856
2025-08-15 16:24:38.042382+00:00,31.413629336748272
2025-08-15 16:24:38.418145+00:00,31.413629336748272
2025-08-15 16:24:39.863589+00:00,31.408478673925856
2025-08-15 16:24:41.197913+00:00,31.418779999861727
2025-08-15 16:24:44.818040+00:00,31.42908132696175
2025-08-15 16:24:45.452499+00:00,31.43423199094832
2025-08-15 16:24:47.031712+00:00,31.43423199094832
2025-08-15 16:24:50.463313+00:00,31.444533319794573
2025-08-15 16:24:51.933356+00:00,31.43423199094832
2025-08-15 16:24:53.854525+00:00,31.449683984654257
2025-08-15 16:24:54.260511+00:00,31.444533319794573
2025-08-15 16:24:55.368083+00:00,31.43423199094832
2025-08-15 16:24:55.675083+00:00,31.444533319794573
2025-08-15 16:24:58.041892+00:00,31.449683984654257
2025-08-15 16:24:58.892137+00:00,31.444533319794573
2025-08-15 16:25:03.065080+00:00,31.449683984654257
2025-08-15 16:25:11.737902+00:00,31.439382655225927
2025-08-15 16:25:21.534854+00:00,31.45998531524674
2025-08-15 16:25:23.111682+00:00,31.45483464980498
2025-08-15 16:25:24.548997+00:00,31.46513598097954
2025-08-15 16:25:24.926151+00:00,31.475437313318253
2025-08-15 16:25:25.460152+00:00,31.46513598097954
2025-08-15 16:25:26.223824+00:00,31.470286647003377
2025-08-15 16:25:29.279439+00:00,31.46513598097954
2025-08-15 16:25:30.908740+00:00,31.46513598097954
2025-08-15 16:25:32.195013+00:00,31.475437313318253
2025-08-15 16:25:34.781883+00:00,31.475437313318253
2025-08-15 16:25:35.165959+00:00,31.46513598097954
2025-08-15 16:25:38.624839+00:00,31.470286647003377
2025-08-15 16:25:39.200181+00:00,31.46513598097954
2025-08-15 16:25:39.733560+00:00,31.475437313318253
2025-08-15 16:25:40.299096+00:00,31.475437313318253
2025-08-15 16:25:43.565726+00:00,31.45483464980498
2025-08-15 16:25:50.970237+00:00,31.45998531524674
2025-08-15 16:25:51.433446+00:00,31.45483464980498
2025-08-15 16:25:52.720097+00:00,31.45483464980498
2025-08-15 16:25:54.965746+00:00,31.45483464980498
2025-08-15 16:25:57.281383+00:00,31.45998531524674
2025-08-15 16:25:57.823876+00:00,31.45483464980498
2025-08-15 16:25:58.645706+00:00,31.45998531524674
2025-08-15 16:25:59.395958+00:00,31.449683984654257
2025-08-15 16:26:00.323180+00:00,31.45483464980498
2025-08-15 16:26:01.215024+00:00,31.449683984654257
2025-08-15 16:26:01.677084+00:00,31.449683984654257
2025-08-15 16:26:02.066015+00:00,31.444533319794573
2025-08-15 16:26:03.032433+00:00,31.45483464980498
2025-08-15 16:26:08.964054+00:00,31.480587979924167
2025-08-15 16:26:16.432788+00:00,31.45483464980498
2025-08-15 16:26:18.604902+00:00,31.470286647003377
2025-08-15 16:26:19.324449+00:00,31.46513598097954
2025-08-15 16:26:22.598423+00:00,31.470286647003377
2025-08-15 16:26:24.773798+00:00,31.46513598097954
2025-08-15 16:26:25.790801+00:00,31.46513598097954
2025-08-15 16:26:26.449857+00:00,31.45483464980498
2025-08-15 16:26:29.307448+00:00,31.46513598097954
2025-08-15 16:26:35.947827+00:00,31.475437313318253
2025-08-15 16:26:36.531362+00:00,31.470286647003377
2025-08-15 16:26:42.739577+00:00,31.470286647003377
2025-08-15 16:26:43.927007+00:00,31.480587979924167
2025-08-15 16:26:45.957365+00:00,31.470286647003377
2025-08-15 16:26:50.756378+00:00,31.470286647003377
2025-08-15 16:26:53.358422+00:00,31.46513598097954
2025-08-15 16:26:53.681936+00:00,31.46513598097954
2025-08-15 16:26:54.739296+00:00,31.45483464980498
2025-08-15 16:26:55.132214+00:00,31.45998531524674
2025-08-15 16:26:57.746492+00:00,31.45998531524674
2025-08-15 16:26:59.083915+00:00,31.45998531524674
2025-08-15 16:26:59.914422+00:00,31.46513598097954
2025-08-15 16:27:00.621988+00:00,31.46513598097954
2025-08-15 16:27:00.997871+00:00,31.45483464980498
2025-08-15 16:27:03.913266+00:00,31.45998531524674
2025-08-15 16:27:06.283759+00:00,31.45483464980498
2025-08-15 16:27:06.981438+00:00,31.444533319794573
2025-08-15 16:27:08.805797+00:00,31.444533319794573
2025-08-15 16:27:09.450211+00:00,31.444533319794573
2025-08-15 16:27:10.488878+00:00,31.45483464980498
2025-08-15 16:27:14.544661+00:00,31.444533319794573
2025-08-15 16:27:14.978764+00:00,31.439382655225927
2025-08-15 16:27:15.374999+00:00,31.439382655225927
2025-08-15 16:27:16.381131+00:00,31.43423199094832
2025-08-15 16:27:21.527053+00:00,31.42908132696175
2025-08-15 16:27:22.338928+00:00,31.439382655225927
2025-08-15 16:27:22.984757+00:00,31.439382655225927
2025-08-15 16:27:23.239754+00:00,31.45483464980498
2025-08-15 16:27:25.695772+00:00,31.449683984654257
2025-08-15 16:27:28.513011+00:00,31.43423199094832
2025-08-15 16:27:28.812697+00:00,31.43423199094832
2025-08-15 16:27:29.981644+00:00,31.439382655225927
2025-08-15 16:27:34.572326+00:00,31.43423199094832
2025-08-15 16:27:35.105103+00:00,31.418779999861727
2025-08-15 16:27:35.311458+00:00,31.439382655225927
2025-08-15 16:27:37.048128+00:00,31.42393066326622
2025-08-15 16:27:38.656736+00:00,31.42393066326622
2025-08-15 16:27:39.689430+00:00,31.418779999861727
2025-08-15 16:27:42.966702+00:00,31.413629336748272
2025-08-15 16:27:43.637928+00:00,31.42393066326622
2025-08-15 16:27:45.956469+00:00,31.42393066326622
2025-08-15 16:27:46.440557+00:00,31.418779999861727
2025-08-15 16:27:46.803265+00:00,31.418779999861727
2025-08-15 16:27:47.199021+00:00,31.418779999861727
2025-08-15 16:27:47.688125+00:00,31.42393066326622
2025-08-15 16:27:51.161642+00:00,31.42908132696175
2025-08-15 16:27:51.463433+00:00,31.418779999861727
2025-08-15 16:27:51.781787+00:00,31.418779999861727
2025-08-15 16:27:52.113629+00:00,31.43423199094832
2025-08-15 16:27:53.547319+00:00,31.42393066326622
2025-08-15 16:27:55.138941+00:00,31.413629336748272
2025-08-15 16:28:00.587840+00:00,31.418779999861727
2025-08-15 16:28:01.145322+00:00,31.413629336748272
2025-08-15 16:28:01.996964+00:00,31.42393066326622
2025-08-15 16:28:02.521110+00:00,31.418779999861727
2025-08-15 16:28:03.145812+00:00,31.413629336748272
2025-08-15 16:28:03.592514+00:00,31.413629336748272
2025-08-15 16:28:04.263698+00:00,31.413629336748272
2025-08-15 16:28:07.826236+00:00,31.413629336748272
2025-08-15 16:28:08.328483+00:00,31.418779999861727
2025-08-15 16:28:11.796632+00:00,31.393026687204838
2025-08-15 16:28:12.236265+00:00,31.393026687204838
2025-08-15 16:28:17.403341+00:00,31.39817734915414
2025-08-15 16:28:20.755362+00:00,31.418779999861727
2025-08-15 16:28:21.306438+00:00,31.39817734915414
2025-08-15 16:28:22.449214+00:00,31.413629336748272
2025-08-15 16:28:23.218252+00:00,31.39817734915414
2025-08-15 16:28:26.559989+00:00,31.40332801139448
2025-08-15 16:28:28.638955+00:00,31.418779999861727
2025-08-15 16:28:29.305856+00:00,31.418779999861727
2025-08-15 16:28:29.650001+00:00,31.42393066326622
2025-08-15 16:28:36.863522+00:00,31.42908132696175
2025-08-15 16:28:37.962076+00:00,31.43423199094832
2025-08-15 16:28:39.365133+00:00,31.439382655225927
2025-08-15 16:28:40.719388+00:00,31.449683984654257
2025-08-15 16:28:41.129435+00:00,31.45998531524674
2025-08-15 16:28:41.396327+00:00,31.45998531524674
2025-08-15 16:28:41.955934+00:00,31.46513598097954
2025-08-15 16:28:42.205794+00:00,31.45998531524674
2025-08-15 16:28:42.415127+00:00,31.470286647003377
2025-08-15 16:28:45.066741+00:00,31.449683984654257
2025-08-15 16:28:46.985219+00:00,31.45998531524674
2025-08-15 16:28:50.321524+00:00,31.46513598097954
2025-08-15 16:28:53.717347+00:00,31.470286647003377
2025-08-15 16:28:54.730228+00:00,31.475437313318253
2025-08-15 16:28:55.512662+00:00,31.49603998148814
2025-08-15 16:28:55.756135+00:00,31.49088931400911
2025-08-15 16:28:55.963810+00:00,31.480587979924167
2025-08-15 16:28:56.390839+00:00,31.49603998148814
2025-08-15 16:28:56.630124+00:00,31.48573864682112
2025-08-15 16:28:58.199758+00:00,31.470286647003377
2025-08-15 16:28:59.070553+00:00,31.470286647003377
2025-08-15 16:29:00.644721+00:00,31.48573864682112
2025-08-15 16:29:04.268486+00:00,31.470286647003377
2025-08-15 16:29:10.627694+00:00,31.45483464980498
2025-08-15 16:29:11.394716+00:00,31.449683984654257
2025-08-15 16:29:13.545214+00:00,31.43423199094832
2025-08-15 16:29:14.498131+00:00,31.45483464980498
2025-08-15 16:29:14.779799+00:00,31.449683984654257
2025-08-15 16:29:15.046126+00:00,31.45483464980498
2025-08-15 16:29:15.421538+00:00,31.449683984654257
2025-08-15 16:29:19.529938+00:00,31.45998531524674
2025-08-15 16:29:22.085414+00:00,31.46513598097954
2025-08-15 16:29:22.855035+00:00,31.48573864682112
2025-08-15 16:29:23.374380+00:00,31.46513598097954
2025-08-15 16:29:25.957182+00:00,31.480587979924167
2025-08-15 16:29:26.659142+00:00,31.470286647003377
2025-08-15 16:29:26.884765+00:00,31.46513598097954
2025-08-15 16:29:29.114519+00:00,31.46513598097954
2025-08-15 16:29:31.736076+00:00,31.46513598097954
2025-08-15 16:29:32.643799+00:00,31.475437313318253
2025-08-15 16:29:36.456519+00:00,31.48573864682112
2025-08-15 16:29:38.103710+00:00,31.46513598097954
2025-08-15 16:29:38.853790+00:00,31.470286647003377
2025-08-15 16:29:40.262213+00:00,31.470286647003377
2025-08-15 16:29:43.055587+00:00,31.470286647003377
2025-08-15 16:29:47.553011+00:00,31.475437313318253
2025-08-15 16:29:48.377171+00:00,31.475437313318253
2025-08-15 16:29:50.339432+00:00,31.470286647003377
2025-08-15 16:29:50.915149+00:00,31.46513598097954
2025-08-15 16:29:51.358217+00:00,31.475437313318253
2025-08-15 16:29:53.061206+00:00,31.475437313318253
2025-08-15 16:29:56.536437+00:00,31.48573864682112
2025-08-15 16:29:58.161479+00:00,31.48573864682112
2025-08-15 16:29:59.476532+00:00,31.50634131731931
2025-08-15 16:30:00.652286+00:00,31.48573864682112
2025-08-15 16:30:01.275799+00:00,31.50634131731931
2025-08-15 16:30:01.717426+00:00,31.501190649258206
2025-08-15 16:30:03.368108+00:00,31.49603998148814
2025-08-15 16:30:05.447345+00:00,31.501190649258206
2025-08-15 16:30:09.250311+00:00,31.516642654314637
2025-08-15 16:30:09.866941+00:00,31.50634131731931
2025-08-15 16:30:12.038203+00:00,31.49603998148814
2025-08-15 16:30:18.769958+00:00,31.516642654314637
2025-08-15 16:30:22.154292+00:00,31.49603998148814
2025-08-15 16:30:26.341669+00:00,31.49088931400911
2025-08-15 16:30:27.442410+00:00,31.49603998148814
2025-08-15 16:30:29.908261+00:00,31.49088931400911
2025-08-15 16:30:31.411693+00:00,31.48573864682112
2025-08-15 16:30:32.065951+00:00,31.49088931400911
2025-08-15 16:30:35.175107+00:00,31.49603998148814
2025-08-15 16:30:37.837125+00:00,31.48573864682112
2025-08-15 16:30:40.008187+00:00,31.480587979924167
2025-08-15 16:30:40.509946+00:00,31.480587979924167
2025-08-15 16:30:44.127874+00:00,31.49603998148814
2025-08-15 16:30:48.157537+00:00,31.50634131731931
2025-08-15 16:30:48.709292+00:00,31.48573864682112
2025-08-15 16:30:49.276520+00:00,31.501190649258206
2025-08-15 16:30:49.702276+00:00,31.501190649258206
2025-08-15 16:30:50.491927+00:00,31.49603998148814
2025-08-15 16:30:50.889888+00:00,31.48573864682112
2025-08-15 16:30:51.201384+00:00,31.48573864682112
2025-08-15 16:30:51.443914+00:00,31.49088931400911
2025-08-15 16:30:51.700818+00:00,31.49603998148814
2025-08-15 16:30:52.011108+00:00,31.49603998148814
2025-08-15 16:30:52.402692+00:00,31.49603998148814
2025-08-15 16:30:52.652261+00:00,31.49603998148814
2025-08-15 16:30:53.144150+00:00,31.50634131731931
2025-08-15 16:30:53.473569+00:00,31.49603998148814
2025-08-15 16:30:53.697539+00:00,31.49603998148814
2025-08-15 16:30:57.865348+00:00,31.49603998148814
2025-08-15 16:30:58.137005+00:00,31.49603998148814
2025-08-15 16:30:58.332466+00:00,31.50634131731931
2025-08-15 16:31:00.455130+00:00,31.49603998148814
2025-08-15 16:31:04.783453+00:00,31.50634131731931
2025-08-15 16:31:05.969341+00:00,31.49603998148814
2025-08-15 16:31:06.403731+00:00,31.49603998148814
2025-08-15 16:31:06.946168+00:00,31.49603998148814
2025-08-15 16:31:09.483250+00:00,31.49603998148814
2025-08-15 16:31:10.921285+00:00,31.48573864682112
2025-08-15 16:31:11.426727+00:00,31.49603998148814
2025-08-15 16:31:14.863222+00:00,31.49603998148814
2025-08-15 16:31:15.207070+00:00,31.48573864682112
2025-08-15 16:31:15.711774+00:00,31.49088931400911
2025-08-15 16:31:16.049540+00:00,31.49603998148814
2025-08-15 16:31:19.841829+00:00,31.49088931400911
2025-08-15 16:31:20.728083+00:00,31.49088931400911
2025-08-15 16:31:22.088774+00:00,31.48573864682112
2025-08-15 16:31:23.843627+00:00,31.49088931400911
2025-08-15 16:31:25.376003+00:00,31.48573864682112
2025-08-15 16:31:26.359979+00:00,31.480587979924167
2025-08-15 16:31:29.345210+00:00,31.480587979924167
2025-08-15 16:31:37.680976+00:00,31.46513598097954
2025-08-15 16:31:38.348470+00:00,31.470286647003377
2025-08-15 16:31:38.660964+00:00,31.46513598097954
2025-08-15 16:31:39.609319+00:00,31.45998531524674
2025-08-15 16:31:41.523366+00:00,31.45998531524674
2025-08-15 16:31:42.584279+00:00,31.45483464980498
2025-08-15 16:31:42.876054+00:00,31.444533319794573
2025-08-15 16:31:44.338231+00:00,31.444533319794573
2025-08-15 16:31:45.291259+00:00,31.45483464980498
2025-08-15 16:31:47.989701+00:00,31.45998531524674
2025-08-15 16:31:48.632130+00:00,31.449683984654257
2025-08-15 16:31:49.400124+00:00,31.449683984654257
2025-08-15 16:31:50.675987+00:00,31.45483464980498
2025-08-15 16:31:51.796246+00:00,31.449683984654257
2025-08-15 16:31:55.948479+00:00,31.475437313318253
2025-08-15 16:32:01.814240+00:00,31.45998531524674
2025-08-15 16:32:03.332032+00:00,31.444533319794573
2025-08-15 16:32:10.007464+00:00,31.40332801139448
2025-08-15 16:32:13.503656+00:00,31.40332801139448
2025-08-15 16:32:13.899668+00:00,31.393026687204838
2025-08-15 16:32:14.508695+00:00,31.418779999861727
2025-08-15 16:32:14.828594+00:00,31.413629336748272
2025-08-15 16:32:15.181440+00:00,31.418779999861727
2025-08-15 16:32:15.562415+00:00,31.418779999861727
2025-08-15 16:32:15.962931+00:00,31.408478673925856
2025-08-15 16:32:16.348536+00:00,31.413629336748272
2025-08-15 16:32:16.722325+00:00,31.418779999861727
2025-08-15 16:32:17.225731+00:00,31.418779999861727
2025-08-15 16:32:17.871119+00:00,31.42908132696175
2025-08-15 16:32:18.238913+00:00,31.42393066326622
2025-08-15 16:32:18.679481+00:00,31.43423199094832
2025-08-15 16:32:19.080375+00:00,31.43423199094832
2025-08-15 16:32:19.287142+00:00,31.42908132696175
2025-08-15 16:32:19.564329+00:00,31.42908132696175
2025-08-15 16:32:19.831566+00:00,31.43423199094832
2025-08-15 16:32:20.288999+00:00,31.42908132696175
2025-08-15 16:32:22.944258+00:00,31.42393066326622
2025-08-15 16:32:24.792621+00:00,31.449683984654257
2025-08-15 16:32:27.665913+00:00,31.449683984654257
2025-08-15 16:32:30.612904+00:00,31.480587979924167
2025-08-15 16:32:31.131317+00:00,31.475437313318253
2025-08-15 16:32:31.573436+00:00,31.49603998148814
2025-08-15 16:32:38.385636+00:00,31.50634131731931
2025-08-15 16:32:39.231408+00:00,31.501190649258206
2025-08-15 16:32:39.641891+00:00,31.50634131731931
2025-08-15 16:32:41.385833+00:00,31.50634131731931
2025-08-15 16:32:41.851560+00:00,31.49088931400911
2025-08-15 16:32:43.227788+00:00,31.501190649258206
2025-08-15 16:32:45.029038+00:00,31.50634131731931
2025-08-15 16:32:48.545534+00:00,31.48573864682112
2025-08-15 16:32:50.173641+00:00,31.48573864682112
2025-08-15 16:32:51.776514+00:00,31.49088931400911
2025-08-15 16:32:54.359345+00:00,31.48573864682112
2025-08-15 16:32:59.562579+00:00,31.49088931400911
2025-08-15 16:33:06.078529+00:00,31.48573864682112
2025-08-15 16:33:06.763904+00:00,31.48573864682112
2025-08-15 16:33:07.239145+00:00,31.480587979924167
2025-08-15 16:33:07.689767+00:00,31.48573864682112
2025-08-15 16:33:15.540224+00:00,31.49603998148814
2025-08-15 16:33:15.971447+00:00,31.48573864682112
2025-08-15 16:33:16.391620+00:00,31.480587979924167
2025-08-15 16:33:19.540322+00:00,31.475437313318253
2025-08-15 16:33:20.550194+00:00,31.475437313318253
2025-08-15 16:33:20.984093+00:00,31.475437313318253
2025-08-15 16:33:21.188646+00:00,31.475437313318253
2025-08-15 16:33:21.436230+00:00,31.480587979924167
2025-08-15 16:33:21.713760+00:00,31.48573864682112
2025-08-15 16:33:22.079568+00:00,31.480587979924167
2025-08-15 16:33:22.431371+00:00,31.480587979924167
2025-08-15 16:33:22.664958+00:00,31.48573864682112
2025-08-15 16:33:22.982798+00:00,31.475437313318253
2025-08-15 16:33:23.386407+00:00,31.48573864682112
2025-08-15 16:33:23.951594+00:00,31.475437313318253
2025-08-15 16:33:24.284222+00:00,31.475437313318253
2025-08-15 16:33:24.626775+00:00,31.475437313318253
2025-08-15 16:33:25.260178+00:00,31.480587979924167
2025-08-15 16:33:26.258876+00:00,31.480587979924167
2025-08-15 16:33:28.933744+00:00,31.470286647003377
2025-08-15 16:33:29.939377+00:00,31.46513598097954
2025-08-15 16:33:35.277789+00:00,31.45998531524674
2025-08-15 16:33:35.623465+00:00,31.45483464980498
2025-08-15 16:33:37.859085+00:00,31.444533319794573
2025-08-15 16:33:38.110415+00:00,31.439382655225927
2025-08-15 16:33:38.548397+00:00,31.444533319794573
2025-08-15 16:33:39.234136+00:00,31.439382655225927
2025-08-15 16:33:39.441041+00:00,31.444533319794573
2025-08-15 16:33:40.812566+00:00,31.45483464980498
2025-08-15 16:33:45.248482+00:00,31.449683984654257
2025-08-15 16:33:50.694011+00:00,31.439382655225927
2025-08-15 16:33:54.179013+00:00,31.444533319794573
2025-08-15 16:33:57.059898+00:00,31.439382655225927
2025-08-15 16:33:57.788957+00:00,31.43423199094832
2025-08-15 16:33:58.066108+00:00,31.43423199094832
2025-08-15 16:33:59.577659+00:00,31.43423199094832
2025-08-15 16:33:59.847245+00:00,31.42908132696175
2025-08-15 16:34:04.375454+00:00,31.42908132696175
2025-08-15 16:34:05.654717+00:00,31.42908132696175
2025-08-15 16:34:08.200186+00:00,31.42393066326622
2025-08-15 16:34:13.403125+00:00,31.43423199094832
2025-08-15 16:34:13.720554+00:00,31.444533319794573
2025-08-15 16:34:17.691545+00:00,31.42908132696175
2025-08-15 16:34:19.044298+00:00,31.45483464980498
2025-08-15 16:34:20.060339+00:00,31.444533319794573
2025-08-15 16:34:20.914092+00:00,31.439382655225927
2025-08-15 16:34:21.664550+00:00,31.444533319794573
2025-08-15 16:34:23.623508+00:00,31.444533319794573
2025-08-15 16:34:25.217488+00:00,31.444533319794573
2025-08-15 16:34:26.983213+00:00,31.444533319794573
2025-08-15 16:34:27.726127+00:00,31.45483464980498
2025-08-15 16:34:28.125066+00:00,31.449683984654257
2025-08-15 16:34:30.970396+00:00,31.46513598097954
2025-08-15 16:34:34.740575+00:00,31.46513598097954
2025-08-15 16:34:35.848412+00:00,31.45998531524674
2025-08-15 16:34:39.926001+00:00,31.480587979924167
2025-08-15 16:34:42.054695+00:00,31.46513598097954
2025-08-15 16:34:43.177783+00:00,31.501190649258206
2025-08-15 16:34:44.121121+00:00,31.475437313318253
2025-08-15 16:34:51.205139+00:00,31.470286647003377
2025-08-15 16:34:51.526314+00:00,31.46513598097954
2025-08-15 16:34:51.749219+00:00,31.46513598097954
2025-08-15 16:34:51.956279+00:00,31.46513598097954
2025-08-15 16:34:52.425680+00:00,31.46513598097954
2025-08-15 16:34:52.685352+00:00,31.46513598097954
2025-08-15 16:34:52.849571+00:00,31.46513598097954
2025-08-15 16:34:53.193147+00:00,31.475437313318253
2025-08-15 16:34:53.335019+00:00,31.46513598097954
2025-08-15 16:34:57.116506+00:00,31.444533319794573
2025-08-15 16:35:01.331793+00:00,31.439382655225927
2025-08-15 16:35:02.140818+00:00,31.43423199094832
2025-08-15 16:35:10.995170+00:00,31.42393066326622
2025-08-15 16:35:27.702745+00:00,31.413629336748272
2025-08-15 16:35:29.190387+00:00,31.38272536417935
2025-08-15 16:35:29.952187+00:00,31.408478673925856
2025-08-15 16:35:32.117233+00:00,31.408478673925856
2025-08-15 16:35:34.526991+00:00,31.42393066326622
2025-08-15 16:35:36.561721+00:00,31.42908132696175
2025-08-15 16:35:37.483152+00:00,31.42908132696175
2025-08-15 16:35:40.832498+00:00,31.43423199094832
2025-08-15 16:35:41.589720+00:00,31.45483464980498
2025-08-15 16:35:42.490734+00:00,31.42393066326622
2025-08-15 16:35:43.880009+00:00,31.42393066326622
2025-08-15 16:35:44.334007+00:00,31.413629336748272
2025-08-15 16:35:47.620025+00:00,31.42393066326622
2025-08-15 16:35:48.111553+00:00,31.43423199094832
2025-08-15 16:35:48.575229+00:00,31.43423199094832
2025-08-15 16:35:49.343138+00:00,31.43423199094832
2025-08-15 16:35:49.831591+00:00,31.43423199094832
2025-08-15 16:35:50.228123+00:00,31.42908132696175
2025-08-15 16:35:51.856282+00:00,31.413629336748272
2025-08-15 16:35:52.108470+00:00,31.42908132696175
2025-08-15 16:35:52.726683+00:00,31.42393066326622
2025-08-15 16:35:52.927191+00:00,31.42908132696175
2025-08-15 16:35:53.227324+00:00,31.439382655225927
2025-08-15 16:35:53.507849+00:00,31.444533319794573
2025-08-15 16:35:53.779418+00:00,31.43423199094832
2025-08-15 16:35:54.983027+00:00,31.439382655225927
2025-08-15 16:35:56.502564+00:00,31.42908132696175
2025-08-15 16:35:57.829066+00:00,31.42908132696175
2025-08-15 16:35:58.106083+00:00,31.418779999861727
2025-08-15 16:35:58.406122+00:00,31.43423199094832
2025-08-15 16:35:59.860596+00:00,31.43423199094832
2025-08-15 16:36:02.710342+00:00,31.439382655225927
2025-08-15 16:36:05.772806+00:00,31.439382655225927
2025-08-15 16:36:17.476217+00:00,31.444533319794573
2025-08-15 16:36:19.212697+00:00,31.475437313318253
2025-08-15 16:36:19.848343+00:00,31.45998531524674
2025-08-15 16:36:20.441672+00:00,31.470286647003377
2025-08-15 16:36:22.144345+00:00,31.45998531524674
2025-08-15 16:36:23.047676+00:00,31.46513598097954
2025-08-15 16:36:23.558755+00:00,31.46513598097954
2025-08-15 16:36:24.595359+00:00,31.475437313318253
2025-08-15 16:36:25.530394+00:00,31.475437313318253
2025-08-15 16:36:25.747810+00:00,31.480587979924167
2025-08-15 16:36:28.831568+00:00,31.46513598097954
2025-08-15 16:36:29.597955+00:00,31.45483464980498
2025-08-15 16:36:30.770217+00:00,31.45483464980498
2025-08-15 16:36:31.446850+00:00,31.46513598097954
2025-08-15 16:36:34.022378+00:00,31.46513598097954
2025-08-15 16:36:34.309733+00:00,31.46513598097954
2025-08-15 16:36:34.520292+00:00,31.46513598097954
2025-08-15 16:36:35.538520+00:00,31.45998531524674
2025-08-15 16:36:35.757330+00:00,31.46513598097954
2025-08-15 16:36:35.975046+00:00,31.470286647003377
2025-08-15 16:36:36.174369+00:00,31.470286647003377
2025-08-15 16:36:36.589890+00:00,31.470286647003377
2025-08-15 16:36:37.009954+00:00,31.475437313318253
2025-08-15 16:36:37.240858+00:00,31.46513598097954
2025-08-15 16:36:40.580113+00:00,31.444533319794573
2025-08-15 16:36:42.248003+00:00,31.449683984654257
2025-08-15 16:36:42.803106+00:00,31.444533319794573
2025-08-15 16:36:44.201365+00:00,31.45483464980498
2025-08-15 16:36:47.216871+00:00,31.444533319794573
2025-08-15 16:36:49.384124+00:00,31.45483464980498
2025-08-15 16:36:49.958332+00:00,31.45998531524674
2025-08-15 16:36:50.499628+00:00,31.444533319794573
2025-08-15 16:36:52.441038+00:00,31.449683984654257
2025-08-15 16:36:53.342991+00:00,31.449683984654257
2025-08-15 16:36:54.671232+00:00,31.449683984654257
2025-08-15 16:36:55.849719+00:00,31.45483464980498
2025-08-15 16:36:56.743376+00:00,31.449683984654257
2025-08-15 16:36:57.055679+00:00,31.46513598097954
2025-08-15 16:36:57.388423+00:00,31.444533319794573
2025-08-15 16:36:59.067103+00:00,31.449683984654257
2025-08-15 16:36:59.348099+00:00,31.449683984654257
2025-08-15 16:36:59.548525+00:00,31.444533319794573
2025-08-15 16:37:01.781630+00:00,31.449683984654257
2025-08-15 16:37:03.808030+00:00,31.43423199094832
2025-08-15 16:37:04.259398+00:00,31.439382655225927
2025-08-15 16:37:06.189156+00:00,31.439382655225927
2025-08-15 16:37:07.954592+00:00,31.418779999861727
2025-08-15 16:37:08.529919+00:00,31.42393066326622
2025-08-15 16:37:09.616640+00:00,31.408478673925856
2025-08-15 16:37:11.831661+00:00,31.413629336748272
2025-08-15 16:37:14.242976+00:00,31.413629336748272
2025-08-15 16:37:15.209444+00:00,31.393026687204838
2025-08-15 16:37:16.632195+00:00,31.39817734915414
2025-08-15 16:37:19.088447+00:00,31.393026687204838
2025-08-15 16:37:20.425308+00:00,31.393026687204838
2025-08-15 16:37:21.256022+00:00,31.38272536417935
2025-08-15 16:37:22.914345+00:00,31.38272536417935
2025-08-15 16:37:23.706404+00:00,31.387876025546575
2025-08-15 16:37:24.120051+00:00,31.377574703103164
2025-08-15 16:37:24.361549+00:00,31.387876025546575
2025-08-15 16:37:24.638379+00:00,31.38272536417935
2025-08-15 16:37:24.872044+00:00,31.38272536417935
2025-08-15 16:37:26.441692+00:00,31.377574703103164
2025-08-15 16:37:28.414830+00:00,31.38272536417935
2025-08-15 16:37:29.581491+00:00,31.393026687204838
2025-08-15 16:37:31.824990+00:00,31.377574703103164
2025-08-15 16:37:32.500641+00:00,31.393026687204838
2025-08-15 16:37:34.562935+00:00,31.393026687204838
2025-08-15 16:37:35.046949+00:00,31.39817734915414
2025-08-15 16:37:39.296533+00:00,31.39817734915414
2025-08-15 16:37:40.848542+00:00,31.413629336748272
2025-08-15 16:37:41.647820+00:00,31.408478673925856
2025-08-15 16:37:43.200881+00:00,31.40332801139448
2025-08-15 16:37:43.767279+00:00,31.408478673925856
2025-08-15 16:37:50.337998+00:00,31.40332801139448
2025-08-15 16:37:50.852799+00:00,31.393026687204838
2025-08-15 16:37:54.288985+00:00,31.408478673925856
2025-08-15 16:37:54.489119+00:00,31.40332801139448
2025-08-15 16:37:54.997254+00:00,31.408478673925856
2025-08-15 16:37:56.026049+00:00,31.40332801139448
2025-08-15 16:37:57.814420+00:00,31.40332801139448
2025-08-15 16:37:58.148345+00:00,31.39817734915414
2025-08-15 16:37:58.379952+00:00,31.377574703103164
2025-08-15 16:37:58.548104+00:00,31.40332801139448
2025-08-15 16:37:58.773917+00:00,31.413629336748272
2025-08-15 16:37:59.209669+00:00,31.408478673925856
2025-08-15 16:37:59.769797+00:00,31.40332801139448
2025-08-15 16:38:03.508291+00:00,31.39817734915414
2025-08-15 16:38:04.025768+00:00,31.393026687204838
2025-08-15 16:38:05.499287+00:00,31.40332801139448
2025-08-15 16:38:06.760371+00:00,31.40332801139448
2025-08-15 16:38:08.397774+00:00,31.40332801139448
2025-08-15 16:38:10.389232+00:00,31.393026687204838
2025-08-15 16:38:11.730630+00:00,31.408478673925856
2025-08-15 16:38:15.634367+00:00,31.393026687204838
2025-08-15 16:38:19.508874+00:00,31.39817734915414
2025-08-15 16:38:21.264563+00:00,31.393026687204838
2025-08-15 16:38:22.174476+00:00,31.393026687204838
2025-08-15 16:38:23.670873+00:00,31.393026687204838
2025-08-15 16:38:24.715050+00:00,31.39817734915414
2025-08-15 16:38:25.450459+00:00,31.39817734915414
2025-08-15 16:38:25.717073+00:00,31.39817734915414
2025-08-15 16:38:26.002763+00:00,31.413629336748272
2025-08-15 16:38:28.875308+00:00,31.39817734915414
2025-08-15 16:38:29.770418+00:00,31.387876025546575
2025-08-15 16:38:32.844356+00:00,31.40332801139448
2025-08-15 16:38:33.980422+00:00,31.40332801139448
2025-08-15 16:38:34.967085+00:00,31.418779999861727
2025-08-15 16:38:35.701960+00:00,31.408478673925856
2025-08-15 16:38:37.571623+00:00,31.413629336748272
2025-08-15 16:38:39.452367+00:00,31.408478673925856
2025-08-15 16:38:43.631698+00:00,31.408478673925856
2025-08-15 16:38:43.972168+00:00,31.413629336748272
2025-08-15 16:38:44.272406+00:00,31.40332801139448
2025-08-15 16:38:48.022330+00:00,31.413629336748272
2025-08-15 16:38:48.631359+00:00,31.393026687204838
2025-08-15 16:38:49.632717+00:00,31.39817734915414
2025-08-15 16:38:52.596087+00:00,31.40332801139448
2025-08-15 16:38:53.187553+00:00,31.393026687204838
2025-08-15 16:38:53.702353+00:00,31.40332801139448
2025-08-15 16:38:54.407291+00:00,31.393026687204838
2025-08-15 16:38:54.547944+00:00,31.393026687204838
2025-08-15 16:38:55.909887+00:00,31.393026687204838
2025-08-15 16:38:56.535886+00:00,31.38272536417935
2025-08-15 16:38:57.344329+00:00,31.393026687204838
2025-08-15 16:38:58.410711+00:00,31.387876025546575
2025-08-15 16:38:58.917205+00:00,31.38272536417935
2025-08-15 16:38:59.436108+00:00,31.393026687204838
2025-08-15 16:39:02.372648+00:00,31.39817734915414
2025-08-15 16:39:04.246543+00:00,31.387876025546575
2025-08-15 16:39:04.631036+00:00,31.387876025546575
2025-08-15 16:39:05.080686+00:00,31.393026687204838
2025-08-15 16:39:09.154151+00:00,31.372424042318016
2025-08-15 16:39:09.847226+00:00,31.387876025546575
2025-08-15 16:39:10.305779+00:00,31.387876025546575
2025-08-15 16:39:16.436926+00:00,31.393026687204838
2025-08-15 16:39:20.608843+00:00,31.38272536417935
2025-08-15 16:39:21.397929+00:00,31.377574703103164
2025-08-15 16:39:21.968055+00:00,31.387876025546575
2025-08-15 16:39:24.710140+00:00,31.372424042318016
2025-08-15 16:39:24.966523+00:00,31.367273381823907
2025-08-15 16:39:25.301713+00:00,31.367273381823907
2025-08-15 16:39:25.644469+00:00,31.372424042318016
2025-08-15 16:39:25.961531+00:00,31.367273381823907
2025-08-15 16:39:26.208282+00:00,31.372424042318016
2025-08-15 16:39:28.285003+00:00,31.356972061708802
2025-08-15 16:39:31.972599+00:00,31.362122721620835
2025-08-15 16:39:33.404599+00:00,31.356972061708802
2025-08-15 16:39:35.627826+00:00,31.387876025546575
2025-08-15 16:39:36.947245+00:00,31.38272536417935
2025-08-15 16:39:37.995204+00:00,31.38272536417935
2025-08-15 16:39:39.479029+00:00,31.387876025546575
2025-08-15 16:39:40.820170+00:00,31.377574703103164
2025-08-15 16:39:41.884154+00:00,31.38272536417935
2025-08-15 16:39:42.580062+00:00,31.40332801139448
2025-08-15 16:39:43.171241+00:00,31.413629336748272
2025-08-15 16:39:45.954465+00:00,31.413629336748272
2025-08-15 16:39:52.585130+00:00,31.418779999861727
2025-08-15 16:39:54.427137+00:00,31.408478673925856
2025-08-15 16:39:55.237704+00:00,31.413629336748272
2025-08-15 16:39:55.696409+00:00,31.40332801139448
2025-08-15 16:39:56.802746+00:00,31.408478673925856
2025-08-15 16:39:57.638064+00:00,31.39817734915414
2025-08-15 16:39:59.339626+00:00,31.393026687204838
2025-08-15 16:39:59.996128+00:00,31.40332801139448
2025-08-15 16:40:00.885967+00:00,31.413629336748272
2025-08-15 16:40:01.871893+00:00,31.418779999861727
2025-08-15 16:40:02.245418+00:00,31.40332801139448
2025-08-15 16:40:02.753015+00:00,31.40332801139448
2025-08-15 16:40:04.536659+00:00,31.40332801139448
2025-08-15 16:40:07.603774+00:00,31.39817734915414
2025-08-15 16:40:08.796802+00:00,31.393026687204838
2025-08-15 16:40:10.073483+00:00,31.377574703103164
2025-08-15 16:40:12.619650+00:00,31.38272536417935
2025-08-15 16:40:13.201868+00:00,31.393026687204838
2025-08-15 16:40:13.740909+00:00,31.38272536417935
2025-08-15 16:40:14.921628+00:00,31.38272536417935
2025-08-15 16:40:15.333362+00:00,31.38272536417935
2025-08-15 16:40:17.137345+00:00,31.38272536417935
2025-08-15 16:40:21.845349+00:00,31.372424042318016
2025-08-15 16:40:28.944516+00:00,31.40332801139448
2025-08-15 16:40:31.461711+00:00,31.40332801139448
2025-08-15 16:40:35.337527+00:00,31.39817734915414
2025-08-15 16:40:38.912732+00:00,31.38272536417935
2025-08-15 16:40:39.407028+00:00,31.393026687204838
2025-08-15 16:40:42.139183+00:00,31.38272536417935
2025-08-15 16:40:43.931887+00:00,31.377574703103164
2025-08-15 16:40:45.911978+00:00,31.372424042318016
2025-08-15 16:40:46.886507+00:00,31.372424042318016
2025-08-15 16:40:47.270628+00:00,31.38272536417935
2025-08-15 16:40:48.293472+00:00,31.377574703103164
2025-08-15 16:40:49.628129+00:00,31.362122721620835
2025-08-15 16:40:50.789598+00:00,31.351821402087808
2025-08-15 16:40:51.324046+00:00,31.356972061708802
2025-08-15 16:40:52.722121+00:00,31.362122721620835
2025-08-15 16:40:53.199753+00:00,31.362122721620835
2025-08-15 16:40:53.660177+00:00,31.356972061708802
2025-08-15 16:40:54.695205+00:00,31.362122721620835
2025-08-15 16:40:56.213935+00:00,31.336369424971053
2025-08-15 16:40:58.873072+00:00,31.367273381823907
2025-08-15 16:40:59.075658+00:00,31.367273381823907
2025-08-15 16:41:00.361340+00:00,31.372424042318016
2025-08-15 16:41:00.736505+00:00,31.362122721620835
2025-08-15 16:41:01.129529+00:00,31.372424042318016
2025-08-15 16:41:03.007847+00:00,31.362122721620835
2025-08-15 16:41:10.987043+00:00,31.351821402087808
2025-08-15 16:41:11.511719+00:00,31.362122721620835
2025-08-15 16:41:13.124047+00:00,31.351821402087808
2025-08-15 16:41:13.510357+00:00,31.356972061708802
2025-08-15 16:41:14.307810+00:00,31.356972061708802
2025-08-15 16:41:14.568466+00:00,31.356972061708802
2025-08-15 16:41:14.860036+00:00,31.356972061708802
2025-08-15 16:41:15.413010+00:00,31.351821402087808
2025-08-15 16:41:16.728370+00:00,31.351821402087808
2025-08-15 16:41:17.407611+00:00,31.34667074275785
2025-08-15 16:41:19.673247+00:00,31.351821402087808
2025-08-15 16:41:20.010123+00:00,31.34667074275785
2025-08-15 16:41:20.809060+00:00,31.320917450473644
2025-08-15 16:41:21.244550+00:00,31.341520083718933
2025-08-15 16:41:24.419414+00:00,31.34667074275785
2025-08-15 16:41:25.085633+00:00,31.34667074275785
2025-08-15 16:41:26.032399+00:00,31.341520083718933
2025-08-15 16:41:28.429955+00:00,31.351821402087808
2025-08-15 16:41:34.259619+00:00,31.351821402087808
2025-08-15 16:41:34.570421+00:00,31.341520083718933
2025-08-15 16:41:34.962336+00:00,31.336369424971053
2025-08-15 16:41:36.348966+00:00,31.336369424971053
2025-08-15 16:41:36.534855+00:00,31.336369424971053
2025-08-15 16:41:36.834673+00:00,31.341520083718933
2025-08-15 16:41:37.702523+00:00,31.331218766514212
2025-08-15 16:41:38.529522+00:00,31.331218766514212
2025-08-15 16:41:39.659690+00:00,31.320917450473644
2025-08-15 16:41:40.634262+00:00,31.331218766514212
2025-08-15 16:41:43.552659+00:00,31.320917450473644
2025-08-15 16:41:44.817698+00:00,31.315766792889917
2025-08-15 16:41:46.500858+00:00,31.31061613559723
2025-08-15 16:41:52.100166+00:00,31.31061613559723
2025-08-15 16:41:53.228380+00:00,31.31061613559723
2025-08-15 16:41:53.420412+00:00,31.30546547859558
2025-08-15 16:41:58.320144+00:00,31.295164165465394
2025-08-15 16:42:01.010343+00:00,31.300314821884967
2025-08-15 16:42:01.775486+00:00,31.31061613559723
2025-08-15 16:42:03.759269+00:00,31.31061613559723
2025-08-15 16:42:04.527253+00:00,31.31061613559723
2025-08-15 16:42:07.291851+00:00,31.315766792889917
2025-08-15 16:42:07.792749+00:00,31.315766792889917
2025-08-15 16:42:08.187049+00:00,31.31061613559723
2025-08-15 16:42:09.076449+00:00,31.300314821884967
2025-08-15 16:42:12.641618+00:00,31.315766792889917
2025-08-15 16:42:14.499988+00:00,31.31061613559723
2025-08-15 16:42:15.426658+00:00,31.315766792889917
2025-08-15 16:42:16.160127+00:00,31.320917450473644
2025-08-15 16:42:17.334772+00:00,31.320917450473644
2025-08-15 16:42:20.705847+00:00,31.31061613559723
2025-08-15 16:42:21.094378+00:00,31.31061613559723
2025-08-15 16:42:21.476354+00:00,31.315766792889917
2025-08-15 16:42:22.952459+00:00,31.32606810834841
2025-08-15 16:42:23.621787+00:00,31.315766792889917
2025-08-15 16:42:24.106635+00:00,31.315766792889917
2025-08-15 16:42:24.306814+00:00,31.320917450473644
2025-08-15 16:42:25.669881+00:00,31.32606810834841
2025-08-15 16:42:26.229211+00:00,31.331218766514212
2025-08-15 16:42:26.805945+00:00,31.331218766514212
2025-08-15 16:42:28.897427+00:00,31.331218766514212
2025-08-15 16:42:29.206185+00:00,31.331218766514212
2025-08-15 16:42:34.119166+00:00,31.331218766514212
2025-08-15 16:42:35.715262+00:00,31.331218766514212
2025-08-15 16:42:36.868397+00:00,31.331218766514212
2025-08-15 16:42:37.944619+00:00,31.341520083718933
2025-08-15 16:42:38.397523+00:00,31.341520083718933
2025-08-15 16:42:39.367336+00:00,31.351821402087808
2025-08-15 16:42:41.313156+00:00,31.34667074275785
2025-08-15 16:42:43.251551+00:00,31.341520083718933
2025-08-15 16:42:44.213944+00:00,31.34667074275785
2025-08-15 16:42:44.774183+00:00,31.341520083718933
2025-08-15 16:42:45.997837+00:00,31.34667074275785
2025-08-15 16:42:48.836222+00:00,31.351821402087808
2025-08-15 16:42:49.193446+00:00,31.34667074275785
2025-08-15 16:42:49.432644+00:00,31.34667074275785
2025-08-15 16:42:50.754081+00:00,31.356972061708802
2025-08-15 16:42:51.092861+00:00,31.336369424971053
2025-08-15 16:42:51.897556+00:00,31.362122721620835
2025-08-15 16:42:53.704380+00:00,31.362122721620835
2025-08-15 16:42:56.419210+00:00,31.351821402087808
2025-08-15 16:42:57.067518+00:00,31.351821402087808
2025-08-15 16:43:02.106845+00:00,31.351821402087808
2025-08-15 16:43:06.857670+00:00,31.34667074275785
2025-08-15 16:43:09.447492+00:00,31.362122721620835
2025-08-15 16:43:12.776454+00:00,31.362122721620835
2025-08-15 16:43:13.826213+00:00,31.362122721620835
2025-08-15 16:43:16.282348+00:00,31.356972061708802
2025-08-15 16:43:20.641036+00:00,31.367273381823907
2025-08-15 16:43:21.032790+00:00,31.362122721620835
2025-08-15 16:43:22.889070+00:00,31.362122721620835
2025-08-15 16:43:23.483746+00:00,31.356972061708802
2025-08-15 16:43:23.715367+00:00,31.362122721620835
2025-08-15 16:43:24.844221+00:00,31.356972061708802
2025-08-15 16:43:26.330598+00:00,31.362122721620835
2025-08-15 16:43:27.176038+00:00,31.356972061708802
2025-08-15 16:43:28.044183+00:00,31.356972061708802
2025-08-15 16:43:28.662551+00:00,31.356972061708802
2025-08-15 16:43:30.202449+00:00,31.356972061708802
2025-08-15 16:43:32.790767+00:00,31.356972061708802
2025-08-15 16:43:35.741057+00:00,31.34667074275785
2025-08-15 16:43:36.505822+00:00,31.341520083718933
2025-08-15 16:43:38.625885+00:00,31.351821402087808
2025-08-15 16:43:39.717171+00:00,31.351821402087808
2025-08-15 16:43:43.155947+00:00,31.341520083718933
2025-08-15 16:43:46.208092+00:00,31.356972061708802
2025-08-15 16:43:47.817844+00:00,31.34667074275785
2025-08-15 16:43:49.922806+00:00,31.351821402087808
2025-08-15 16:43:50.391408+00:00,31.362122721620835
2025-08-15 16:43:51.165758+00:00,31.34667074275785
2025-08-15 16:43:51.985000+00:00,31.362122721620835
2025-08-15 16:43:57.636063+00:00,31.362122721620835
2025-08-15 16:43:58.270592+00:00,31.372424042318016
2025-08-15 16:44:02.824380+00:00,31.367273381823907
2025-08-15 16:44:05.981680+00:00,31.351821402087808
2025-08-15 16:44:06.555575+00:00,31.362122721620835
2025-08-15 16:44:06.940334+00:00,31.351821402087808
2025-08-15 16:44:07.456428+00:00,31.356972061708802
2025-08-15 16:44:08.024073+00:00,31.362122721620835
2025-08-15 16:44:15.681637+00:00,31.341520083718933
2025-08-15 16:44:18.471923+00:00,31.341520083718933
2025-08-15 16:44:20.406194+00:00,31.351821402087808
2025-08-15 16:44:21.365761+00:00,31.336369424971053
2025-08-15 16:44:24.592221+00:00,31.34667074275785
2025-08-15 16:44:26.606694+00:00,31.331218766514212
2025-08-15 16:44:26.825005+00:00,31.341520083718933
2025-08-15 16:44:27.333260+00:00,31.341520083718933
2025-08-15 16:44:28.899535+00:00,31.34667074275785
2025-08-15 16:44:30.897627+00:00,31.341520083718933
2025-08-15 16:44:31.296386+00:00,31.341520083718933
2025-08-15 16:44:31.698857+00:00,31.34667074275785
2025-08-15 16:44:33.215302+00:00,31.336369424971053
2025-08-15 16:44:34.931716+00:00,31.34667074275785
2025-08-15 16:44:35.290649+00:00,31.351821402087808
2025-08-15 16:44:35.509847+00:00,31.351821402087808
2025-08-15 16:44:35.728105+00:00,31.362122721620835
2025-08-15 16:44:36.714059+00:00,31.356972061708802
2025-08-15 16:44:38.970673+00:00,31.351821402087808
2025-08-15 16:44:41.066880+00:00,31.34667074275785
2025-08-15 16:44:41.715995+00:00,31.336369424971053
2025-08-15 16:44:48.315358+00:00,31.341520083718933
2025-08-15 16:44:49.763489+00:00,31.331218766514212
2025-08-15 16:44:49.991129+00:00,31.315766792889917
2025-08-15 16:44:51.316953+00:00,31.331218766514212
2025-08-15 16:44:55.429728+00:00,31.331218766514212
2025-08-15 16:44:55.938936+00:00,31.31061613559723
2025-08-15 16:44:56.783333+00:00,31.320917450473644
2025-08-15 16:44:57.468470+00:00,31.32606810834841
2025-08-15 16:44:58.719983+00:00,31.331218766514212
2025-08-15 16:44:59.021813+00:00,31.331218766514212
2025-08-15 16:45:00.779783+00:00,31.341520083718933
2025-08-15 16:45:01.251916+00:00,31.336369424971053
2025-08-15 16:45:02.497566+00:00,31.341520083718933
2025-08-15 16:45:08.736712+00:00,31.356972061708802
2025-08-15 16:45:12.166092+00:00,31.34667074275785
2025-08-15 16:45:14.841315+00:00,31.362122721620835
2025-08-15 16:45:15.489660+00:00,31.367273381823907
2025-08-15 16:45:16.777162+00:00,31.362122721620835
2025-08-15 16:45:23.793858+00:00,31.372424042318016
2025-08-15 16:45:27.075787+00:00,31.377574703103164
2025-08-15 16:45:27.812927+00:00,31.38272536417935
2025-08-15 16:45:29.639547+00:00,31.377574703103164
2025-08-15 16:45:32.206650+00:00,31.377574703103164
2025-08-15 16:45:32.580126+00:00,31.387876025546575
2025-08-15 16:45:36.626518+00:00,31.38272536417935
2025-08-15 16:45:50.347218+00:00,31.393026687204838
2025-08-15 16:45:52.206582+00:00,31.377574703103164
2025-08-15 16:45:52.575732+00:00,31.38272536417935
2025-08-15 16:45:52.777599+00:00,31.377574703103164
2025-08-15 16:45:53.529883+00:00,31.377574703103164
2025-08-15 16:45:56.046129+00:00,31.377574703103164
2025-08-15 16:45:56.596391+00:00,31.377574703103164
2025-08-15 16:45:57.565256+00:00,31.387876025546575
2025-08-15 16:45:58.960077+00:00,31.387876025546575
2025-08-15 16:46:01.821465+00:00,31.387876025546575
2025-08-15 16:46:08.767050+00:00,31.39817734915414
2025-08-15 16:46:10.802884+00:00,31.393026687204838
2025-08-15 16:46:13.236425+00:00,31.39817734915414
2025-08-15 16:46:15.333218+00:00,31.393026687204838
2025-08-15 16:46:20.055704+00:00,31.393026687204838
2025-08-15 16:46:21.033781+00:00,31.387876025546575
2025-08-15 16:46:21.635385+00:00,31.38272536417935
2025-08-15 16:46:24.401095+00:00,31.39817734915414
2025-08-15 16:46:24.783663+00:00,31.387876025546575
2025-08-15 16:46:28.864209+00:00,31.40332801139448
2025-08-15 16:46:31.151856+00:00,31.387876025546575
2025-08-15 16:46:34.885584+00:00,31.38272536417935
2025-08-15 16:46:35.571913+00:00,31.38272536417935
2025-08-15 16:46:35.837401+00:00,31.38272536417935
2025-08-15 16:46:36.215816+00:00,31.38272536417935
2025-08-15 16:46:38.595379+00:00,31.377574703103164
2025-08-15 16:46:39.747303+00:00,31.362122721620835
2025-08-15 16:46:41.386825+00:00,31.362122721620835
2025-08-15 16:46:41.879225+00:00,31.341520083718933
2025-08-15 16:46:43.146891+00:00,31.356972061708802
2025-08-15 16:46:44.145741+00:00,31.34667074275785
2025-08-15 16:46:45.736224+00:00,31.34667074275785
2025-08-15 16:46:48.944081+00:00,31.34667074275785
2025-08-15 16:46:49.992176+00:00,31.351821402087808
2025-08-15 16:46:51.621979+00:00,31.351821402087808
2025-08-15 16:46:54.787454+00:00,31.336369424971053
2025-08-15 16:46:56.517081+00:00,31.341520083718933
2025-08-15 16:46:56.927366+00:00,31.341520083718933
2025-08-15 16:46:57.454383+00:00,31.341520083718933
2025-08-15 16:46:57.927641+00:00,31.351821402087808
2025-08-15 16:46:58.712135+00:00,31.351821402087808
2025-08-15 16:46:59.239097+00:00,31.351821402087808
2025-08-15 16:47:00.401903+00:00,31.341520083718933
2025-08-15 16:47:05.735558+00:00,31.341520083718933
2025-08-15 16:47:07.329316+00:00,31.341520083718933
2025-08-15 16:47:10.243444+00:00,31.341520083718933
2025-08-15 16:47:14.054880+00:00,31.356972061708802
2025-08-15 16:47:14.930701+00:00,31.341520083718933
2025-08-15 16:47:19.896520+00:00,31.341520083718933
2025-08-15 16:47:21.238536+00:00,31.351821402087808
2025-08-15 16:47:22.629284+00:00,31.356972061708802
2025-08-15 16:47:25.157064+00:00,31.351821402087808
2025-08-15 16:47:28.790543+00:00,31.34667074275785
2025-08-15 16:47:30.670060+00:00,31.341520083718933
2025-08-15 16:47:31.035665+00:00,31.336369424971053
2025-08-15 16:47:31.601967+00:00,31.341520083718933
2025-08-15 16:47:32.244001+00:00,31.341520083718933
2025-08-15 16:47:34.505567+00:00,31.351821402087808
2025-08-15 16:47:37.247535+00:00,31.341520083718933
2025-08-15 16:47:39.613225+00:00,31.336369424971053
2025-08-15 16:47:39.837251+00:00,31.341520083718933
2025-08-15 16:47:40.338731+00:00,31.341520083718933
2025-08-15 16:47:42.844437+00:00,31.32606810834841
2025-08-15 16:47:43.704813+00:00,31.32606810834841
2025-08-15 16:47:44.715939+00:00,31.336369424971053
2025-08-15 16:47:46.281457+00:00,31.32606810834841
2025-08-15 16:47:47.746322+00:00,31.331218766514212
2025-08-15 16:47:49.169800+00:00,31.32606810834841
2025-08-15 16:47:50.204240+00:00,31.331218766514212
2025-08-15 16:47:50.812775+00:00,31.320917450473644
2025-08-15 16:47:51.749945+00:00,31.320917450473644
2025-08-15 16:47:52.460073+00:00,31.32606810834841
2025-08-15 16:47:54.935509+00:00,31.32606810834841
2025-08-15 16:47:55.692192+00:00,31.331218766514212
2025-08-15 16:47:56.153697+00:00,31.31061613559723
2025-08-15 16:47:57.709324+00:00,31.320917450473644
2025-08-15 16:48:01.007153+00:00,31.31061613559723
2025-08-15 16:48:01.384034+00:00,31.300314821884967
2025-08-15 16:48:02.134934+00:00,31.30546547859558
2025-08-15 16:48:02.622766+00:00,31.315766792889917
2025-08-15 16:48:03.505431+00:00,31.31061613559723
2025-08-15 16:48:10.685793+00:00,31.30546547859558
2025-08-15 16:48:12.229181+00:00,31.295164165465394
2025-08-15 16:48:13.741651+00:00,31.300314821884967
2025-08-15 16:48:15.928629+00:00,31.300314821884967
2025-08-15 16:48:16.707905+00:00,31.300314821884967
2025-08-15 16:48:19.390423+00:00,31.295164165465394
2025-08-15 16:48:20.553038+00:00,31.29001350933686
2025-08-15 16:48:20.871250+00:00,31.29001350933686
2025-08-15 16:48:21.086677+00:00,31.295164165465394
2025-08-15 16:48:21.439314+00:00,31.300314821884967
2025-08-15 16:48:22.377935+00:00,31.29001350933686
2025-08-15 16:48:22.868078+00:00,31.284862853499362
2025-08-15 16:48:23.309356+00:00,31.300314821884967
2025-08-15 16:48:24.320722+00:00,31.29001350933686
2025-08-15 16:48:25.824968+00:00,31.29001350933686
2025-08-15 16:48:26.703263+00:00,31.284862853499362
2025-08-15 16:48:26.978265+00:00,31.29001350933686
2025-08-15 16:48:27.213010+00:00,31.29001350933686
2025-08-15 16:48:27.728709+00:00,31.29001350933686
2025-08-15 16:48:31.167242+00:00,31.284862853499362
2025-08-15 16:48:33.606899+00:00,31.284862853499362
2025-08-15 16:48:34.981209+00:00,31.274561542697484
2025-08-15 16:48:35.501989+00:00,31.269410887733102
2025-08-15 16:48:35.934158+00:00,31.259109578677453
2025-08-15 16:48:36.910429+00:00,31.259109578677453
2025-08-15 16:48:37.164039+00:00,31.274561542697484
2025-08-15 16:48:37.396803+00:00,31.274561542697484
2025-08-15 16:48:37.973836+00:00,31.269410887733102
2025-08-15 16:48:39.545897+00:00,31.259109578677453
2025-08-15 16:48:40.588421+00:00,31.269410887733102
2025-08-15 16:48:41.968599+00:00,31.253958924586186
2025-08-15 16:48:42.610739+00:00,31.248808270785958
2025-08-15 16:48:43.893185+00:00,31.253958924586186
2025-08-15 16:48:45.225745+00:00,31.248808270785958
2025-08-15 16:48:46.576761+00:00,31.253958924586186
2025-08-15 16:48:50.416238+00:00,31.248808270785958
2025-08-15 16:48:51.781982+00:00,31.243657617276767
2025-08-15 16:48:52.683906+00:00,31.248808270785958
2025-08-15 16:48:54.175436+00:00,31.238506964058615
2025-08-15 16:48:55.407633+00:00,31.248808270785958
2025-08-15 16:48:56.829042+00:00,31.238506964058615
2025-08-15 16:48:57.505239+00:00,31.238506964058615
2025-08-15 16:48:59.168768+00:00,31.238506964058615
2025-08-15 16:49:01.217892+00:00,31.248808270785958
2025-08-15 16:49:07.091075+00:00,31.238506964058615
2025-08-15 16:49:07.666114+00:00,31.228205658495426
2025-08-15 16:49:09.799129+00:00,31.243657617276767
2025-08-15 16:49:10.306547+00:00,31.243657617276767
2025-08-15 16:49:10.650612+00:00,31.2333563111315
2025-08-15 16:49:13.830176+00:00,31.238506964058615
2025-08-15 16:49:19.524976+00:00,31.238506964058615
2025-08-15 16:49:21.801595+00:00,31.238506964058615
2025-08-15 16:49:22.497917+00:00,31.238506964058615
2025-08-15 16:49:22.732830+00:00,31.243657617276767
2025-08-15 16:49:22.967278+00:00,31.243657617276767
2025-08-15 16:49:28.112650+00:00,31.2333563111315
2025-08-15 16:49:28.317526+00:00,31.238506964058615
2025-08-15 16:49:28.802325+00:00,31.238506964058615
2025-08-15 16:49:30.957599+00:00,31.2333563111315
2025-08-15 16:49:31.964118+00:00,31.238506964058615
2025-08-15 16:49:32.434851+00:00,31.243657617276767
2025-08-15 16:49:32.909528+00:00,31.248808270785958
2025-08-15 16:49:33.573263+00:00,31.243657617276767
2025-08-15 16:49:36.233706+00:00,31.243657617276767
2025-08-15 16:49:36.734749+00:00,31.243657617276767
2025-08-15 16:49:39.617958+00:00,31.238506964058615
2025-08-15 16:49:39.844853+00:00,31.2333563111315
2025-08-15 16:49:40.636464+00:00,31.238506964058615
2025-08-15 16:49:40.913511+00:00,31.243657617276767
2025-08-15 16:49:42.710935+00:00,31.2333563111315
2025-08-15 16:49:42.993259+00:00,31.248808270785958
2025-08-15 16:49:45.718107+00:00,31.243657617276767
2025-08-15 16:49:46.908205+00:00,31.248808270785958
2025-08-15 16:49:49.299885+00:00,31.259109578677453
2025-08-15 16:49:51.616831+00:00,31.248808270785958
2025-08-15 16:49:52.209509+00:00,31.259109578677453
2025-08-15 16:49:52.935349+00:00,31.259109578677453
2025-08-15 16:49:56.218750+00:00,31.248808270785958
2025-08-15 16:49:59.259220+00:00,31.248808270785958
2025-08-15 16:50:00.888008+00:00,31.279712197952904
2025-08-15 16:50:03.033807+00:00,31.259109578677453
2025-08-15 16:50:05.263558+00:00,31.269410887733102
2025-08-15 16:50:07.751938+00:00,31.269410887733102
2025-08-15 16:50:09.441154+00:00,31.269410887733102
2025-08-15 16:50:10.523865+00:00,31.269410887733102
2025-08-15 16:50:10.912278+00:00,31.269410887733102
2025-08-15 16:50:13.551488+00:00,31.26426023305976
2025-08-15 16:50:15.552195+00:00,31.259109578677453
2025-08-15 16:50:18.840007+00:00,31.269410887733102
2025-08-15 16:50:30.298349+00:00,31.269410887733102
2025-08-15 16:50:31.419049+00:00,31.29001350933686
2025-08-15 16:50:32.745723+00:00,31.295164165465394
2025-08-15 16:50:37.389897+00:00,31.320917450473644
2025-08-15 16:50:37.754687+00:00,31.320917450473644
2025-08-15 16:50:38.854321+00:00,31.320917450473644
2025-08-15 16:50:42.788409+00:00,31.331218766514212
2025-08-15 16:50:43.401425+00:00,31.320917450473644
2025-08-15 16:50:50.025913+00:00,31.331218766514212
2025-08-15 16:50:50.582205+00:00,31.320917450473644
2025-08-15 16:50:52.500181+00:00,31.320917450473644
2025-08-15 16:50:55.881506+00:00,31.331218766514212
2025-08-15 16:50:56.693043+00:00,31.31061613559723
2025-08-15 16:50:57.762591+00:00,31.315766792889917
2025-08-15 16:50:59.610174+00:00,31.31061613559723
2025-08-15 16:51:05.614133+00:00,31.31061613559723
2025-08-15 16:51:08.461400+00:00,31.300314821884967
2025-08-15 16:51:09.284046+00:00,31.29001350933686
2025-08-15 16:51:11.948861+00:00,31.300314821884967
2025-08-15 16:51:14.517564+00:00,31.295164165465394
2025-08-15 16:51:14.792712+00:00,31.31061613559723
2025-08-15 16:51:15.027698+00:00,31.295164165465394
2025-08-15 16:51:15.454950+00:00,31.30546547859558
2025-08-15 16:51:15.802349+00:00,31.300314821884967
2025-08-15 16:51:16.325291+00:00,31.300314821884967
2025-08-15 16:51:16.877358+00:00,31.30546547859558
2025-08-15 16:51:20.892776+00:00,31.31061613559723
2025-08-15 16:51:21.835741+00:00,31.300314821884967
2025-08-15 16:51:22.993407+00:00,31.315766792889917
2025-08-15 16:51:23.750491+00:00,31.31061613559723
2025-08-15 16:51:26.676493+00:00,31.320917450473644
2025-08-15 16:51:27.200457+00:00,31.320917450473644
2025-08-15 16:51:27.763446+00:00,31.331218766514212
2025-08-15 16:51:28.674101+00:00,31.336369424971053
2025-08-15 16:51:30.041086+00:00,31.331218766514212
2025-08-15 16:51:32.778473+00:00,31.331218766514212
2025-08-15 16:51:33.352421+00:00,31.336369424971053
2025-08-15 16:51:34.480756+00:00,31.331218766514212
2025-08-15 16:51:38.480656+00:00,31.32606810834841
2025-08-15 16:51:38.941198+00:00,31.331218766514212
2025-08-15 16:51:39.216276+00:00,31.320917450473644
2025-08-15 16:51:39.541954+00:00,31.32606810834841
2025-08-15 16:51:39.776244+00:00,31.320917450473644
2025-08-15 16:51:39.984981+00:00,31.32606810834841
2025-08-15 16:51:40.301018+00:00,31.331218766514212
2025-08-15 16:51:41.317365+00:00,31.32606810834841
2025-08-15 16:51:41.631085+00:00,31.331218766514212
2025-08-15 16:51:42.016127+00:00,31.331218766514212
2025-08-15 16:51:43.052825+00:00,31.320917450473644
2025-08-15 16:51:43.436717+00:00,31.32606810834841
2025-08-15 16:51:44.064534+00:00,31.32606810834841
2025-08-15 16:51:44.557508+00:00,31.320917450473644
2025-08-15 16:51:45.846402+00:00,31.31061613559723
2025-08-15 16:51:50.262625+00:00,31.315766792889917
2025-08-15 16:51:50.487883+00:00,31.30546547859558
2025-08-15 16:51:52.954195+00:00,31.315766792889917
2025-08-15 16:51:54.584549+00:00,31.315766792889917
2025-08-15 16:51:55.927981+00:00,31.31061613559723
2025-08-15 16:51:56.411889+00:00,31.331218766514212
2025-08-15 16:51:59.570581+00:00,31.341520083718933
2025-08-15 16:52:00.150163+00:00,31.336369424971053
2025-08-15 16:52:00.535972+00:00,31.34667074275785
2025-08-15 16:52:02.210792+00:00,31.34667074275785
2025-08-15 16:52:05.053950+00:00,31.320917450473644
2025-08-15 16:52:09.413464+00:00,31.331218766514212
2025-08-15 16:52:09.862895+00:00,31.320917450473644
2025-08-15 16:52:10.293696+00:00,31.320917450473644
2025-08-15 16:52:11.848290+00:00,31.31061613559723
2025-08-15 16:52:14.053896+00:00,31.31061613559723
2025-08-15 16:52:15.024485+00:00,31.30546547859558
2025-08-15 16:52:19.198086+00:00,31.31061613559723
2025-08-15 16:52:19.409786+00:00,31.300314821884967
2025-08-15 16:52:19.782549+00:00,31.31061613559723
2025-08-15 16:52:22.890800+00:00,31.31061613559723
2025-08-15 16:52:23.626534+00:00,31.320917450473644
2025-08-15 16:52:27.664197+00:00,31.320917450473644
2025-08-15 16:52:29.587376+00:00,31.320917450473644
2025-08-15 16:52:29.765598+00:00,31.31061613559723
2025-08-15 16:52:30.198481+00:00,31.320917450473644
2025-08-15 16:52:32.935978+00:00,31.320917450473644
2025-08-15 16:52:37.075448+00:00,31.315766792889917
2025-08-15 16:52:37.788556+00:00,31.315766792889917
2025-08-15 16:52:38.850659+00:00,31.31061613559723
2025-08-15 16:52:39.175563+00:00,31.31061613559723
2025-08-15 16:52:39.775818+00:00,31.320917450473644
2025-08-15 16:52:41.201582+00:00,31.31061613559723
2025-08-15 16:52:41.826289+00:00,31.31061613559723
2025-08-15 16:52:42.450577+00:00,31.320917450473644
2025-08-15 16:52:44.324582+00:00,31.315766792889917
2025-08-15 16:52:44.607262+00:00,31.31061613559723
2025-08-15 16:52:44.723573+00:00,31.331218766514212
2025-08-15 16:52:49.331170+00:00,31.320917450473644
2025-08-15 16:52:53.069722+00:00,31.315766792889917
2025-08-15 16:52:53.906113+00:00,31.320917450473644
2025-08-15 16:52:54.541320+00:00,31.336369424971053
2025-08-15 16:52:55.159342+00:00,31.320917450473644
2025-08-15 16:53:01.166262+00:00,31.320917450473644
2025-08-15 16:53:01.557664+00:00,31.320917450473644
2025-08-15 16:53:02.017522+00:00,31.320917450473644
2025-08-15 16:53:03.625449+00:00,31.31061613559723
2025-08-15 16:53:04.202454+00:00,31.320917450473644
2025-08-15 16:53:04.743836+00:00,31.320917450473644
2025-08-15 16:53:05.176993+00:00,31.32606810834841
2025-08-15 16:53:05.618600+00:00,31.315766792889917
2025-08-15 16:53:10.236916+00:00,31.300314821884967
2025-08-15 16:53:10.750875+00:00,31.31061613559723
2025-08-15 16:53:11.084703+00:00,31.31061613559723
2025-08-15 16:53:11.610308+00:00,31.315766792889917
2025-08-15 16:53:14.637229+00:00,31.30546547859558
2025-08-15 16:53:19.874438+00:00,31.31061613559723
2025-08-15 16:53:20.153298+00:00,31.300314821884967
2025-08-15 16:53:20.578404+00:00,31.30546547859558
2025-08-15 16:53:22.393476+00:00,31.320917450473644
2025-08-15 16:53:23.694682+00:00,31.315766792889917
2025-08-15 16:53:25.534361+00:00,31.31061613559723
2025-08-15 16:53:26.067408+00:00,31.315766792889917
2025-08-15 16:53:26.718739+00:00,31.331218766514212
2025-08-15 16:53:34.370092+00:00,31.331218766514212
2025-08-15 16:53:34.977077+00:00,31.32606810834841
2025-08-15 16:53:35.239109+00:00,31.336369424971053
2025-08-15 16:53:39.113316+00:00,31.331218766514212
2025-08-15 16:53:39.323589+00:00,31.331218766514212
2025-08-15 16:53:40.258986+00:00,31.320917450473644
2025-08-15 16:53:41.824106+00:00,31.320917450473644
2025-08-15 16:53:42.205294+00:00,31.331218766514212
2025-08-15 16:53:43.650224+00:00,31.31061613559723
2025-08-15 16:53:44.718351+00:00,31.315766792889917
2025-08-15 16:53:44.919817+00:00,31.315766792889917
2025-08-15 16:53:45.220858+00:00,31.320917450473644
2025-08-15 16:53:45.613548+00:00,31.331218766514212
2025-08-15 16:53:50.465994+00:00,31.320917450473644
2025-08-15 16:53:51.752245+00:00,31.315766792889917
2025-08-15 16:53:52.362264+00:00,31.331218766514212
2025-08-15 16:53:53.806782+00:00,31.320917450473644
2025-08-15 16:53:54.418851+00:00,31.331218766514212
2025-08-15 16:53:54.636600+00:00,31.32606810834841
2025-08-15 16:53:56.338717+00:00,31.315766792889917
2025-08-15 16:53:57.931945+00:00,31.320917450473644
2025-08-15 16:53:59.214971+00:00,31.32606810834841
2025-08-15 16:54:00.133055+00:00,31.320917450473644
2025-08-15 16:54:01.649364+00:00,31.320917450473644
2025-08-15 16:54:04.227509+00:00,31.331218766514212
2025-08-15 16:54:06.667446+00:00,31.320917450473644
2025-08-15 16:54:07.784907+00:00,31.320917450473644
2025-08-15 16:54:08.284867+00:00,31.320917450473644
2025-08-15 16:54:08.883447+00:00,31.320917450473644
2025-08-15 16:54:10.208756+00:00,31.320917450473644
2025-08-15 16:54:10.689008+00:00,31.315766792889917
2025-08-15 16:54:11.052050+00:00,31.30546547859558
2025-08-15 16:54:15.415588+00:00,31.315766792889917
2025-08-15 16:54:17.478857+00:00,31.331218766514212
2025-08-15 16:54:18.615786+00:00,31.331218766514212
2025-08-15 16:54:19.269800+00:00,31.336369424971053
2025-08-15 16:54:19.519056+00:00,31.341520083718933
2025-08-15 16:54:20.514990+00:00,31.34667074275785
2025-08-15 16:54:21.171630+00:00,31.351821402087808
2025-08-15 16:54:21.807174+00:00,31.362122721620835
2025-08-15 16:54:23.541162+00:00,31.372424042318016
2025-08-15 16:54:24.098976+00:00,31.38272536417935
2025-08-15 16:54:24.564708+00:00,31.372424042318016
2025-08-15 16:54:26.430822+00:00,31.38272536417935
2025-08-15 16:54:27.555756+00:00,31.393026687204838
2025-08-15 16:54:28.289019+00:00,31.393026687204838
2025-08-15 16:54:29.884675+00:00,31.39817734915414
2025-08-15 16:54:32.341633+00:00,31.39817734915414
2025-08-15 16:54:38.356011+00:00,31.39817734915414
2025-08-15 16:54:39.880981+00:00,31.39817734915414
2025-08-15 16:54:40.937834+00:00,31.372424042318016
2025-08-15 16:54:41.589692+00:00,31.393026687204838
2025-08-15 16:54:42.748053+00:00,31.40332801139448
2025-08-15 16:54:43.435333+00:00,31.387876025546575
2025-08-15 16:54:43.712459+00:00,31.393026687204838
2025-08-15 16:54:43.913151+00:00,31.393026687204838
2025-08-15 16:54:44.105865+00:00,31.387876025546575
2025-08-15 16:54:50.052792+00:00,31.387876025546575
2025-08-15 16:54:50.514192+00:00,31.38272536417935
2025-08-15 16:54:52.993438+00:00,31.387876025546575
2025-08-15 16:54:53.269851+00:00,31.377574703103164
2025-08-15 16:54:56.369847+00:00,31.387876025546575
2025-08-15 16:54:56.920832+00:00,31.387876025546575
2025-08-15 16:54:57.245817+00:00,31.38272536417935
2025-08-15 16:54:57.565216+00:00,31.393026687204838
2025-08-15 16:54:58.025482+00:00,31.393026687204838
2025-08-15 16:54:58.419076+00:00,31.387876025546575
2025-08-15 16:55:00.613694+00:00,31.38272536417935
2025-08-15 16:55:05.245384+00:00,31.393026687204838
2025-08-15 16:55:05.620154+00:00,31.38272536417935
2025-08-15 16:55:06.131107+00:00,31.377574703103164
2025-08-15 16:55:08.081038+00:00,31.38272536417935
2025-08-15 16:55:09.862684+00:00,31.377574703103164
2025-08-15 16:55:14.091196+00:00,31.372424042318016
2025-08-15 16:55:17.833567+00:00,31.367273381823907
2025-08-15 16:55:18.278549+00:00,31.362122721620835
2025-08-15 16:55:18.913898+00:00,31.362122721620835
2025-08-15 16:55:19.756394+00:00,31.362122721620835
2025-08-15 16:55:20.859503+00:00,31.362122721620835
2025-08-15 16:55:24.215941+00:00,31.351821402087808
2025-08-15 16:55:26.006827+00:00,31.351821402087808
2025-08-15 16:55:27.557466+00:00,31.356972061708802
2025-08-15 16:55:28.312338+00:00,31.34667074275785
2025-08-15 16:55:31.606199+00:00,31.336369424971053
2025-08-15 16:55:32.156337+00:00,31.34667074275785
2025-08-15 16:55:39.709837+00:00,31.336369424971053
2025-08-15 16:55:40.201388+00:00,31.341520083718933
2025-08-15 16:55:43.122701+00:00,31.331218766514212
2025-08-15 16:55:44.627963+00:00,31.320917450473644
2025-08-15 16:55:48.915046+00:00,31.331218766514212
2025-08-15 16:55:49.291938+00:00,31.331218766514212
2025-08-15 16:55:51.512488+00:00,31.320917450473644
2025-08-15 16:55:53.307388+00:00,31.320917450473644
2025-08-15 16:55:53.549948+00:00,31.31061613559723
2025-08-15 16:55:54.868860+00:00,31.320917450473644
2025-08-15 16:55:55.243522+00:00,31.30546547859558
2025-08-15 16:55:56.423398+00:00,31.295164165465394
2025-08-15 16:55:57.847672+00:00,31.295164165465394
2025-08-15 16:55:58.705143+00:00,31.300314821884967
2025-08-15 16:55:59.849923+00:00,31.29001350933686
2025-08-15 16:56:00.349309+00:00,31.295164165465394
2025-08-15 16:56:02.939642+00:00,31.29001350933686
2025-08-15 16:56:09.280959+00:00,31.29001350933686
2025-08-15 16:56:09.639488+00:00,31.295164165465394
2025-08-15 16:56:10.057523+00:00,31.29001350933686
2025-08-15 16:56:13.038167+00:00,31.29001350933686
2025-08-15 16:56:14.040635+00:00,31.29001350933686
2025-08-15 16:56:18.563810+00:00,31.279712197952904
2025-08-15 16:56:20.362666+00:00,31.29001350933686
2025-08-15 16:56:21.067909+00:00,31.300314821884967
2025-08-15 16:56:23.817964+00:00,31.295164165465394
2025-08-15 16:56:24.753360+00:00,31.29001350933686
2025-08-15 16:56:24.963391+00:00,31.300314821884967
2025-08-15 16:56:27.345527+00:00,31.300314821884967
2025-08-15 16:56:28.481954+00:00,31.29001350933686
2025-08-15 16:56:29.058058+00:00,31.295164165465394
2025-08-15 16:56:29.836670+00:00,31.295164165465394
2025-08-15 16:56:30.662654+00:00,31.29001350933686
2025-08-15 16:56:31.477749+00:00,31.29001350933686
2025-08-15 16:56:32.413412+00:00,31.29001350933686
2025-08-15 16:56:35.142973+00:00,31.295164165465394
2025-08-15 16:56:37.806441+00:00,31.284862853499362
2025-08-15 16:56:39.322740+00:00,31.295164165465394
2025-08-15 16:56:42.349843+00:00,31.29001350933686
2025-08-15 16:56:42.750552+00:00,31.29001350933686
2025-08-15 16:56:46.887582+00:00,31.31061613559723
2025-08-15 16:56:49.410557+00:00,31.30546547859558
2025-08-15 16:56:50.219874+00:00,31.320917450473644
2025-08-15 16:56:51.273789+00:00,31.320917450473644
2025-08-15 16:56:51.925221+00:00,31.31061613559723
2025-08-15 16:56:52.236237+00:00,31.320917450473644
2025-08-15 16:56:54.314861+00:00,31.341520083718933
2025-08-15 16:56:55.804561+00:00,31.32606810834841
2025-08-15 16:56:56.353716+00:00,31.331218766514212
2025-08-15 16:56:57.659878+00:00,31.336369424971053
2025-08-15 16:56:59.906547+00:00,31.331218766514212
2025-08-15 16:57:04.904585+00:00,31.331218766514212
2025-08-15 16:57:10.577768+00:00,31.331218766514212
2025-08-15 16:57:11.112678+00:00,31.315766792889917
2025-08-15 16:57:18.798913+00:00,31.31061613559723
2025-08-15 16:57:19.561861+00:00,31.31061613559723
2025-08-15 16:57:20.211623+00:00,31.32606810834841
2025-08-15 16:57:21.415224+00:00,31.315766792889917
2025-08-15 16:57:23.153401+00:00,31.320917450473644
2025-08-15 16:57:24.600973+00:00,31.315766792889917
2025-08-15 16:57:25.920135+00:00,31.320917450473644
2025-08-15 16:57:28.336122+00:00,31.31061613559723
2025-08-15 16:57:28.793695+00:00,31.315766792889917
2025-08-15 16:57:29.772098+00:00,31.32606810834841
2025-08-15 16:57:31.453964+00:00,31.31061613559723
2025-08-15 16:57:32.521252+00:00,31.31061613559723
2025-08-15 16:57:34.460586+00:00,31.320917450473644
2025-08-15 16:57:35.041955+00:00,31.32606810834841
2025-08-15 16:57:36.222932+00:00,31.315766792889917
2025-08-15 16:57:36.982798+00:00,31.30546547859558
2025-08-15 16:57:37.640871+00:00,31.30546547859558
2025-08-15 16:57:38.093810+00:00,31.31061613559723
2025-08-15 16:57:44.088244+00:00,31.320917450473644
2025-08-15 16:57:47.291280+00:00,31.320917450473644
2025-08-15 16:57:49.752308+00:00,31.32606810834841
2025-08-15 16:57:51.769024+00:00,31.32606810834841
2025-08-15 16:57:53.889451+00:00,31.331218766514212
2025-08-15 16:57:58.134596+00:00,31.341520083718933
2025-08-15 16:57:58.818832+00:00,31.372424042318016
2025-08-15 16:57:59.761729+00:00,31.362122721620835
2025-08-15 16:58:00.030144+00:00,31.367273381823907
2025-08-15 16:58:02.144592+00:00,31.356972061708802
2025-08-15 16:58:03.294733+00:00,31.362122721620835
2025-08-15 16:58:07.019408+00:00,31.367273381823907
2025-08-15 16:58:08.326857+00:00,31.351821402087808
2025-08-15 16:58:12.412061+00:00,31.351821402087808
2025-08-15 16:58:13.092830+00:00,31.34667074275785
2025-08-15 16:58:13.530178+00:00,31.34667074275785
2025-08-15 16:58:14.015168+00:00,31.351821402087808
2025-08-15 16:58:14.270734+00:00,31.341520083718933
2025-08-15 16:58:16.539666+00:00,31.34667074275785
2025-08-15 16:58:20.167866+00:00,31.341520083718933
2025-08-15 16:58:20.978448+00:00,31.32606810834841
2025-08-15 16:58:23.128033+00:00,31.32606810834841
2025-08-15 16:58:23.410739+00:00,31.32606810834841
2025-08-15 16:58:23.898238+00:00,31.331218766514212
2025-08-15 16:58:24.260536+00:00,31.32606810834841
2025-08-15 16:58:24.524855+00:00,31.320917450473644
2025-08-15 16:58:24.808507+00:00,31.336369424971053
2025-08-15 16:58:25.101325+00:00,31.331218766514212
2025-08-15 16:58:27.094026+00:00,31.320917450473644
2025-08-15 16:58:27.767072+00:00,31.320917450473644
2025-08-15 16:58:28.903195+00:00,31.320917450473644
2025-08-15 16:58:31.401168+00:00,31.31061613559723
2025-08-15 16:58:32.501821+00:00,31.315766792889917
2025-08-15 16:58:36.135803+00:00,31.300314821884967
2025-08-15 16:58:36.923556+00:00,31.31061613559723
2025-08-15 16:58:38.302781+00:00,31.295164165465394
2025-08-15 16:58:38.901473+00:00,31.29001350933686
2025-08-15 16:58:39.860590+00:00,31.295164165465394
2025-08-15 16:58:41.445491+00:00,31.300314821884967
2025-08-15 16:58:50.061807+00:00,31.295164165465394
2025-08-15 16:58:51.073212+00:00,31.29001350933686
2025-08-15 16:58:52.259199+00:00,31.300314821884967
2025-08-15 16:58:55.800531+00:00,31.300314821884967
2025-08-15 16:58:57.080920+00:00,31.31061613559723
2025-08-15 16:58:58.116952+00:00,31.295164165465394
2025-08-15 16:58:58.566946+00:00,31.29001350933686
2025-08-15 16:59:00.163965+00:00,31.29001350933686
2025-08-15 16:59:04.241960+00:00,31.300314821884967
2025-08-15 16:59:06.156580+00:00,31.295164165465394
2025-08-15 16:59:08.450660+00:00,31.29001350933686
2025-08-15 16:59:10.284406+00:00,31.29001350933686
2025-08-15 16:59:11.759881+00:00,31.30546547859558
2025-08-15 16:59:14.925936+00:00,31.295164165465394
2025-08-15 16:59:17.872052+00:00,31.300314821884967
2025-08-15 16:59:19.776298+00:00,31.300314821884967
2025-08-15 16:59:20.201660+00:00,31.300314821884967
2025-08-15 16:59:22.993511+00:00,31.29001350933686
2025-08-15 16:59:25.032451+00:00,31.29001350933686
2025-08-15 16:59:26.008495+00:00,31.300314821884967
2025-08-15 16:59:26.860738+00:00,31.300314821884967
2025-08-15 16:59:27.781060+00:00,31.295164165465394
2025-08-15 16:59:29.509787+00:00,31.30546547859558
2025-08-15 16:59:30.215053+00:00,31.30546547859558
2025-08-15 16:59:31.083853+00:00,31.29001350933686
2025-08-15 16:59:32.202977+00:00,31.295164165465394
2025-08-15 16:59:34.445215+00:00,31.295164165465394
2025-08-15 16:59:35.217133+00:00,31.29001350933686
2025-08-15 16:59:36.727777+00:00,31.29001350933686
2025-08-15 16:59:37.292818+00:00,31.295164165465394
2025-08-15 16:59:37.860141+00:00,31.29001350933686
2025-08-15 16:59:38.234982+00:00,31.300314821884967
2025-08-15 16:59:38.501055+00:00,31.279712197952904
2025-08-15 16:59:39.801132+00:00,31.29001350933686
2025-08-15 16:59:40.647325+00:00,31.284862853499362
2025-08-15 16:59:41.867114+00:00,31.29001350933686
2025-08-15 16:59:43.244210+00:00,31.279712197952904
2025-08-15 16:59:43.654412+00:00,31.269410887733102
2025-08-15 16:59:45.249493+00:00,31.279712197952904
2025-08-15 16:59:50.116597+00:00,31.279712197952904
2025-08-15 16:59:51.171848+00:00,31.274561542697484
2025-08-15 16:59:54.622528+00:00,31.269410887733102
2025-08-15 16:59:55.833204+00:00,31.26426023305976
2025-08-15 16:59:57.300686+00:00,31.253958924586186
2025-08-15 16:59:58.147941+00:00,31.253958924586186
2025-08-15 16:59:58.492218+00:00,31.253958924586186
2025-08-15 16:59:59.197621+00:00,31.259109578677453
2025-08-15 16:59:59.766668+00:00,31.248808270785958
2025-08-15 17:00:00.002682+00:00,31.259109578677453
2025-08-15 17:00:01.298938+00:00,31.253958924586186
2025-08-15 17:00:03.750263+00:00,31.253958924586186
2025-08-15 17:00:09.456014+00:00,31.279712197952904
2025-08-15 17:00:09.898183+00:00,31.29001350933686
2025-08-15 17:00:10.641107+00:00,31.284862853499362
2025-08-15 17:00:18.000195+00:00,31.269410887733102
2025-08-15 17:00:21.501020+00:00,31.26426023305976
2025-08-15 17:00:23.792350+00:00,31.26426023305976
2025-08-15 17:00:25.204238+00:00,31.279712197952904
2025-08-15 17:00:25.788282+00:00,31.259109578677453
2025-08-15 17:00:29.075865+00:00,31.295164165465394
2025-08-15 17:00:31.206646+00:00,31.31061613559723
2025-08-15 17:00:31.756346+00:00,31.300314821884967
2025-08-15 17:00:36.507929+00:00,31.31061613559723
2025-08-15 17:00:39.009155+00:00,31.331218766514212
2025-08-15 17:00:42.511718+00:00,31.351821402087808
2025-08-15 17:00:53.835926+00:00,31.377574703103164
2025-08-15 17:00:55.472538+00:00,31.372424042318016
2025-08-15 17:00:55.704529+00:00,31.367273381823907
2025-08-15 17:00:56.130514+00:00,31.372424042318016
2025-08-15 17:00:57.076227+00:00,31.367273381823907
2025-08-15 17:00:57.680567+00:00,31.377574703103164
2025-08-15 17:00:59.169120+00:00,31.362122721620835
2025-08-15 17:01:03.227727+00:00,31.367273381823907
2025-08-15 17:01:13.082103+00:00,31.387876025546575
2025-08-15 17:01:13.299472+00:00,31.39817734915414
2025-08-15 17:01:13.711515+00:00,31.393026687204838
2025-08-15 17:01:18.848759+00:00,31.372424042318016
2025-08-15 17:01:19.591841+00:00,31.372424042318016
2025-08-15 17:01:20.686047+00:00,31.377574703103164
2025-08-15 17:01:21.864899+00:00,31.367273381823907
2025-08-15 17:01:22.256917+00:00,31.362122721620835
2025-08-15 17:01:24.160958+00:00,31.356972061708802
2025-08-15 17:01:25.382040+00:00,31.351821402087808
2025-08-15 17:01:26.150746+00:00,31.351821402087808
2025-08-15 17:01:26.823068+00:00,31.351821402087808
2025-08-15 17:01:27.620904+00:00,31.341520083718933
2025-08-15 17:01:30.529420+00:00,31.34667074275785
2025-08-15 17:01:30.873928+00:00,31.341520083718933
2025-08-15 17:01:36.450764+00:00,31.34667074275785
2025-08-15 17:01:37.821988+00:00,31.336369424971053
2025-08-15 17:01:38.155072+00:00,31.351821402087808
2025-08-15 17:01:38.815924+00:00,31.341520083718933
2025-08-15 17:01:39.961028+00:00,31.351821402087808
2025-08-15 17:01:40.178060+00:00,31.362122721620835
2025-08-15 17:01:40.474992+00:00,31.32606810834841
2025-08-15 17:01:40.695735+00:00,31.356972061708802
2025-08-15 17:01:41.232664+00:00,31.356972061708802
2025-08-15 17:01:41.665102+00:00,31.34667074275785
2025-08-15 17:01:43.706232+00:00,31.351821402087808
2025-08-15 17:01:46.097905+00:00,31.356972061708802
2025-08-15 17:01:49.353858+00:00,31.362122721620835
2025-08-15 17:01:52.772584+00:00,31.351821402087808
2025-08-15 17:01:54.998841+00:00,31.341520083718933
2025-08-15 17:01:55.606549+00:00,31.341520083718933
2025-08-15 17:01:57.695460+00:00,31.341520083718933
2025-08-15 17:01:58.154467+00:00,31.34667074275785
2025-08-15 17:01:58.698117+00:00,31.34667074275785
2025-08-15 17:01:59.132108+00:00,31.341520083718933
2025-08-15 17:02:01.415030+00:00,31.32606810834841
2025-08-15 17:02:03.647326+00:00,31.336369424971053
2025-08-15 17:02:07.681344+00:00,31.32606810834841
2025-08-15 17:02:09.399349+00:00,31.320917450473644
2025-08-15 17:02:10.120091+00:00,31.32606810834841
2025-08-15 17:02:10.611080+00:00,31.320917450473644
2025-08-15 17:02:13.724028+00:00,31.336369424971053
2025-08-15 17:02:14.839230+00:00,31.336369424971053
2025-08-15 17:02:15.365031+00:00,31.336369424971053
2025-08-15 17:02:15.982721+00:00,31.331218766514212
2025-08-15 17:02:17.263696+00:00,31.336369424971053
2025-08-15 17:02:18.739212+00:00,31.34667074275785
2025-08-15 17:02:20.047803+00:00,31.336369424971053
2025-08-15 17:02:20.817907+00:00,31.336369424971053
2025-08-15 17:02:22.509770+00:00,31.336369424971053
2025-08-15 17:02:23.615173+00:00,31.336369424971053
2025-08-15 17:02:25.683560+00:00,31.336369424971053
2025-08-15 17:02:26.360464+00:00,31.336369424971053
2025-08-15 17:02:26.735965+00:00,31.336369424971053
2025-08-15 17:02:27.018549+00:00,31.34667074275785
2025-08-15 17:02:27.345662+00:00,31.336369424971053
2025-08-15 17:02:27.980551+00:00,31.320917450473644
2025-08-15 17:02:28.154977+00:00,31.341520083718933
2025-08-15 17:02:29.116081+00:00,31.336369424971053
2025-08-15 17:02:30.989630+00:00,31.32606810834841
2025-08-15 17:02:32.446514+00:00,31.320917450473644
2025-08-15 17:02:36.281494+00:00,31.30546547859558
2025-08-15 17:02:38.006568+00:00,31.30546547859558
2025-08-15 17:02:40.064681+00:00,31.30546547859558
2025-08-15 17:02:40.294168+00:00,31.295164165465394
2025-08-15 17:02:42.064170+00:00,31.300314821884967
2025-08-15 17:02:42.305685+00:00,31.300314821884967
2025-08-15 17:02:54.475274+00:00,31.300314821884967
2025-08-15 17:02:57.582474+00:00,31.29001350933686
2025-08-15 17:02:58.780452+00:00,31.269410887733102
2025-08-15 17:03:00.538718+00:00,31.269410887733102
2025-08-15 17:03:05.309854+00:00,31.259109578677453
2025-08-15 17:03:06.579627+00:00,31.279712197952904
2025-08-15 17:03:09.971179+00:00,31.279712197952904
2025-08-15 17:03:12.651217+00:00,31.279712197952904
2025-08-15 17:03:16.405642+00:00,31.26426023305976
2025-08-15 17:03:19.201181+00:00,31.279712197952904
2025-08-15 17:03:20.222648+00:00,31.269410887733102
2025-08-15 17:03:20.426332+00:00,31.26426023305976
2025-08-15 17:03:20.664179+00:00,31.259109578677453
2025-08-15 17:03:21.052381+00:00,31.269410887733102
2025-08-15 17:03:23.526545+00:00,31.26426023305976
2025-08-15 17:03:23.905808+00:00,31.259109578677453
2025-08-15 17:03:24.118197+00:00,31.274561542697484
2025-08-15 17:03:24.779239+00:00,31.259109578677453
2025-08-15 17:03:25.172456+00:00,31.253958924586186
2025-08-15 17:03:25.407325+00:00,31.259109578677453
2025-08-15 17:03:26.250273+00:00,31.248808270785958
2025-08-15 17:03:27.303024+00:00,31.248808270785958
2025-08-15 17:03:30.466390+00:00,31.243657617276767
2025-08-15 17:03:32.785423+00:00,31.259109578677453
2025-08-15 17:03:34.097133+00:00,31.238506964058615
2025-08-15 17:03:34.347426+00:00,31.248808270785958
2025-08-15 17:03:34.737482+00:00,31.238506964058615
2025-08-15 17:03:35.250041+00:00,31.243657617276767
2025-08-15 17:03:35.625952+00:00,31.243657617276767
2025-08-15 17:03:35.911255+00:00,31.21275370233343
2025-08-15 17:03:37.231714+00:00,31.248808270785958
2025-08-15 17:03:39.881906+00:00,31.243657617276767
2025-08-15 17:03:41.149698+00:00,31.238506964058615
2025-08-15 17:03:42.503744+00:00,31.248808270785958
2025-08-15 17:03:49.427866+00:00,31.238506964058615
2025-08-15 17:03:50.289490+00:00,31.238506964058615
2025-08-15 17:03:52.059878+00:00,31.248808270785958
2025-08-15 17:03:53.647385+00:00,31.259109578677453
2025-08-15 17:03:54.283557+00:00,31.269410887733102
2025-08-15 17:03:55.796397+00:00,31.259109578677453
2025-08-15 17:03:58.462866+00:00,31.259109578677453
2025-08-15 17:04:05.386305+00:00,31.29001350933686
2025-08-15 17:04:06.597078+00:00,31.284862853499362
2025-08-15 17:04:10.419149+00:00,31.29001350933686
2025-08-15 17:04:10.927404+00:00,31.295164165465394
2025-08-15 17:04:11.397117+00:00,31.29001350933686
2025-08-15 17:04:16.335469+00:00,31.31061613559723
2025-08-15 17:04:20.661841+00:00,31.300314821884967
2025-08-15 17:04:20.917218+00:00,31.300314821884967
2025-08-15 17:04:21.174776+00:00,31.300314821884967
2025-08-15 17:04:21.403355+00:00,31.30546547859558
2025-08-15 17:04:22.311654+00:00,31.300314821884967
2025-08-15 17:04:24.041771+00:00,31.29001350933686
2025-08-15 17:04:25.378929+00:00,31.30546547859558
2025-08-15 17:04:26.932256+00:00,31.295164165465394
2025-08-15 17:04:27.184768+00:00,31.300314821884967
2025-08-15 17:04:27.787670+00:00,31.300314821884967
2025-08-15 17:04:31.010406+00:00,31.300314821884967
2025-08-15 17:04:31.745584+00:00,31.29001350933686
2025-08-15 17:04:33.000791+00:00,31.29001350933686
2025-08-15 17:04:34.117211+00:00,31.253958924586186
2025-08-15 17:04:35.962628+00:00,31.269410887733102
2025-08-15 17:04:36.649672+00:00,31.274561542697484
2025-08-15 17:04:36.913310+00:00,31.269410887733102
2025-08-15 17:04:37.091218+00:00,31.269410887733102
2025-08-15 17:04:37.346784+00:00,31.269410887733102
2025-08-15 17:04:38.953158+00:00,31.274561542697484
2025-08-15 17:04:40.205713+00:00,31.274561542697484
2025-08-15 17:04:40.884312+00:00,31.26426023305976
2025-08-15 17:04:43.519867+00:00,31.253958924586186
2025-08-15 17:04:43.704682+00:00,31.259109578677453
2025-08-15 17:04:44.764205+00:00,31.259109578677453
2025-08-15 17:04:51.403792+00:00,31.274561542697484
2025-08-15 17:04:51.973356+00:00,31.259109578677453
2025-08-15 17:04:52.336203+00:00,31.26426023305976
2025-08-15 17:04:52.646024+00:00,31.26426023305976
2025-08-15 17:04:53.902314+00:00,31.274561542697484
2025-08-15 17:04:55.006244+00:00,31.279712197952904
2025-08-15 17:04:55.671306+00:00,31.279712197952904
2025-08-15 17:04:58.394676+00:00,31.259109578677453
2025-08-15 17:04:58.892446+00:00,31.26426023305976
2025-08-15 17:05:03.892324+00:00,31.253958924586186
2025-08-15 17:05:05.969772+00:00,31.259109578677453
2025-08-15 17:05:07.283157+00:00,31.253958924586186
2025-08-15 17:05:07.835916+00:00,31.248808270785958
2025-08-15 17:05:12.700089+00:00,31.248808270785958
2025-08-15 17:05:17.448841+00:00,31.2333563111315
2025-08-15 17:05:18.998168+00:00,31.22305500615039
2025-08-15 17:05:19.769163+00:00,31.228205658495426
2025-08-15 17:05:27.356330+00:00,31.21790435409639
2025-08-15 17:05:29.953753+00:00,31.2333563111315
2025-08-15 17:05:31.448387+00:00,31.228205658495426
2025-08-15 17:05:33.957370+00:00,31.22305500615039
2025-08-15 17:05:39.516404+00:00,31.238506964058615
2025-08-15 17:05:44.822366+00:00,31.243657617276767
2025-08-15 17:05:49.716377+00:00,31.238506964058615
2025-08-15 17:05:50.078520+00:00,31.243657617276767
2025-08-15 17:05:52.833855+00:00,31.238506964058615
2025-08-15 17:05:56.157393+00:00,31.243657617276767
2025-08-15 17:05:58.069785+00:00,31.238506964058615
2025-08-15 17:05:59.158581+00:00,31.248808270785958
2025-08-15 17:06:01.875782+00:00,31.243657617276767
2025-08-15 17:06:02.590476+00:00,31.243657617276767
2025-08-15 17:06:05.660927+00:00,31.243657617276767
2025-08-15 17:06:06.083525+00:00,31.228205658495426
2025-08-15 17:06:06.476036+00:00,31.238506964058615
2025-08-15 17:06:06.790363+00:00,31.243657617276767
2025-08-15 17:06:07.233620+00:00,31.248808270785958
2025-08-15 17:06:17.653635+00:00,31.253958924586186
2025-08-15 17:06:18.100797+00:00,31.238506964058615
2025-08-15 17:06:19.697175+00:00,31.238506964058615
2025-08-15 17:06:20.034448+00:00,31.2333563111315
2025-08-15 17:06:23.836064+00:00,31.243657617276767
2025-08-15 17:06:24.363062+00:00,31.259109578677453
2025-08-15 17:06:24.684271+00:00,31.243657617276767
2025-08-15 17:06:25.103101+00:00,31.253958924586186
2025-08-15 17:06:25.345088+00:00,31.259109578677453
2025-08-15 17:06:28.528420+00:00,31.243657617276767
2025-08-15 17:06:29.211868+00:00,31.243657617276767
2025-08-15 17:06:30.795135+00:00,31.243657617276767
2025-08-15 17:06:32.307085+00:00,31.248808270785958
2025-08-15 17:06:32.865520+00:00,31.248808270785958
2025-08-15 17:06:33.957146+00:00,31.238506964058615
2025-08-15 17:06:36.766852+00:00,31.243657617276767
2025-08-15 17:06:39.572889+00:00,31.259109578677453
2025-08-15 17:06:42.461036+00:00,31.259109578677453
2025-08-15 17:06:42.991400+00:00,31.248808270785958
2025-08-15 17:06:43.550030+00:00,31.259109578677453
2025-08-15 17:06:49.867406+00:00,31.269410887733102
2025-08-15 17:06:50.185388+00:00,31.269410887733102
2025-08-15 17:06:50.445112+00:00,31.259109578677453
2025-08-15 17:06:50.794303+00:00,31.26426023305976
2025-08-15 17:06:54.261498+00:00,31.274561542697484
2025-08-15 17:06:54.435944+00:00,31.269410887733102
2025-08-15 17:06:54.689839+00:00,31.274561542697484
2025-08-15 17:06:55.527709+00:00,31.26426023305976
2025-08-15 17:06:57.027769+00:00,31.274561542697484
2025-08-15 17:06:58.285006+00:00,31.279712197952904
2025-08-15 17:06:59.719101+00:00,31.274561542697484
2025-08-15 17:07:01.073219+00:00,31.279712197952904
2025-08-15 17:07:03.650701+00:00,31.274561542697484
2025-08-15 17:07:04.859145+00:00,31.274561542697484
2025-08-15 17:07:10.448905+00:00,31.274561542697484
2025-08-15 17:07:15.838802+00:00,31.269410887733102
2025-08-15 17:07:20.051976+00:00,31.274561542697484
2025-08-15 17:07:20.379548+00:00,31.279712197952904
2025-08-15 17:07:21.907827+00:00,31.274561542697484
2025-08-15 17:07:24.143633+00:00,31.279712197952904
2025-08-15 17:07:25.408908+00:00,31.284862853499362
2025-08-15 17:07:27.567112+00:00,31.26426023305976
2025-08-15 17:07:28.675056+00:00,31.274561542697484
2025-08-15 17:07:28.893275+00:00,31.284862853499362
2025-08-15 17:07:29.244008+00:00,31.284862853499362
2025-08-15 17:07:29.519859+00:00,31.279712197952904
2025-08-15 17:07:29.839474+00:00,31.274561542697484
2025-08-15 17:07:30.380335+00:00,31.279712197952904
2025-08-15 17:07:32.516461+00:00,31.269410887733102
2025-08-15 17:07:34.836661+00:00,31.284862853499362
2025-08-15 17:07:35.301976+00:00,31.26426023305976
2025-08-15 17:07:35.937112+00:00,31.274561542697484
2025-08-15 17:07:37.840673+00:00,31.269410887733102
2025-08-15 17:07:38.059657+00:00,31.269410887733102
2025-08-15 17:07:38.359700+00:00,31.269410887733102
2025-08-15 17:07:39.821487+00:00,31.259109578677453
2025-08-15 17:07:43.215203+00:00,31.269410887733102
2025-08-15 17:07:44.191230+00:00,31.26426023305976
2025-08-15 17:07:50.202056+00:00,31.259109578677453
2025-08-15 17:07:50.456726+00:00,31.269410887733102
2025-08-15 17:07:51.550804+00:00,31.269410887733102
2025-08-15 17:07:52.738224+00:00,31.274561542697484
2025-08-15 17:07:53.422649+00:00,31.279712197952904
2025-08-15 17:07:54.365004+00:00,31.284862853499362
2025-08-15 17:07:55.945263+00:00,31.279712197952904
2025-08-15 17:07:58.191503+00:00,31.279712197952904
2025-08-15 17:08:02.426628+00:00,31.29001350933686
2025-08-15 17:08:12.880082+00:00,31.30546547859558
2025-08-15 17:08:17.534888+00:00,31.30546547859558
2025-08-15 17:08:17.909091+00:00,31.315766792889917
2025-08-15 17:08:18.318312+00:00,31.315766792889917
2025-08-15 17:08:18.806567+00:00,31.320917450473644
2025-08-15 17:08:20.075899+00:00,31.331218766514212
2025-08-15 17:08:21.443563+00:00,31.320917450473644
2025-08-15 17:08:21.749730+00:00,31.31061613559723
2025-08-15 17:08:24.177454+00:00,31.320917450473644
2025-08-15 17:08:24.737239+00:00,31.320917450473644
2025-08-15 17:08:25.664940+00:00,31.320917450473644
2025-08-15 17:08:26.560033+00:00,31.320917450473644
2025-08-15 17:08:26.877322+00:00,31.32606810834841
2025-08-15 17:08:27.159200+00:00,31.32606810834841
2025-08-15 17:08:27.486164+00:00,31.331218766514212
2025-08-15 17:08:27.861486+00:00,31.331218766514212
2025-08-15 17:08:29.315732+00:00,31.336369424971053
2025-08-15 17:08:30.054152+00:00,31.315766792889917
2025-08-15 17:08:30.511992+00:00,31.315766792889917
2025-08-15 17:08:30.984162+00:00,31.331218766514212
2025-08-15 17:08:32.139234+00:00,31.315766792889917
2025-08-15 17:08:32.640334+00:00,31.31061613559723
2025-08-15 17:08:34.732960+00:00,31.331218766514212
2025-08-15 17:08:34.978533+00:00,31.320917450473644
2025-08-15 17:08:36.995389+00:00,31.31061613559723
2025-08-15 17:08:37.293073+00:00,31.320917450473644
2025-08-15 17:08:37.852679+00:00,31.31061613559723
2025-08-15 17:08:38.066942+00:00,31.315766792889917
2025-08-15 17:08:38.438061+00:00,31.320917450473644
2025-08-15 17:08:39.082110+00:00,31.320917450473644
2025-08-15 17:08:39.524426+00:00,31.320917450473644
2025-08-15 17:08:40.270029+00:00,31.315766792889917
2025-08-15 17:08:41.873189+00:00,31.31061613559723
2025-08-15 17:08:42.740370+00:00,31.30546547859558
2025-08-15 17:08:45.553814+00:00,31.300314821884967
2025-08-15 17:08:46.070077+00:00,31.30546547859558
2025-08-15 17:08:46.706177+00:00,31.300314821884967
2025-08-15 17:08:48.646921+00:00,31.300314821884967
2025-08-15 17:08:49.495209+00:00,31.300314821884967
2025-08-15 17:08:49.792081+00:00,31.300314821884967
2025-08-15 17:08:50.008076+00:00,31.300314821884967
2025-08-15 17:08:50.218080+00:00,31.300314821884967
2025-08-15 17:08:50.425491+00:00,31.31061613559723
2025-08-15 17:08:52.665456+00:00,31.30546547859558
2025-08-15 17:08:53.175160+00:00,31.29001350933686
2025-08-15 17:08:53.444352+00:00,31.30546547859558
2025-08-15 17:08:53.701737+00:00,31.31061613559723
2025-08-15 17:08:54.003121+00:00,31.30546547859558
2025-08-15 17:08:56.348814+00:00,31.295164165465394
2025-08-15 17:08:58.997377+00:00,31.300314821884967
2025-08-15 17:08:59.609680+00:00,31.284862853499362
2025-08-15 17:09:01.396848+00:00,31.284862853499362
2025-08-15 17:09:02.316280+00:00,31.279712197952904
2025-08-15 17:09:06.429019+00:00,31.29001350933686
2025-08-15 17:09:07.167679+00:00,31.279712197952904
2025-08-15 17:09:08.200242+00:00,31.284862853499362
2025-08-15 17:09:13.078830+00:00,31.29001350933686
2025-08-15 17:09:17.045852+00:00,31.279712197952904
2025-08-15 17:09:18.614421+00:00,31.269410887733102
2025-08-15 17:09:20.443733+00:00,31.26426023305976
2025-08-15 17:09:23.417208+00:00,31.274561542697484
2025-08-15 17:09:23.661290+00:00,31.29001350933686
2025-08-15 17:09:24.094917+00:00,31.29001350933686
2025-08-15 17:09:24.504598+00:00,31.29001350933686
2025-08-15 17:09:27.341497+00:00,31.279712197952904
2025-08-15 17:09:28.308236+00:00,31.274561542697484
2025-08-15 17:09:31.622696+00:00,31.269410887733102
2025-08-15 17:09:32.425402+00:00,31.26426023305976
2025-08-15 17:09:33.600973+00:00,31.26426023305976
2025-08-15 17:09:35.801269+00:00,31.259109578677453
2025-08-15 17:09:36.840234+00:00,31.26426023305976
2025-08-15 17:09:40.571675+00:00,31.269410887733102
2025-08-15 17:09:41.256042+00:00,31.279712197952904
2025-08-15 17:09:42.969515+00:00,31.274561542697484
2025-08-15 17:09:44.431976+00:00,31.274561542697484
2025-08-15 17:09:45.311024+00:00,31.284862853499362
2025-08-15 17:09:51.689754+00:00,31.31061613559723
2025-08-15 17:09:52.135862+00:00,31.295164165465394
2025-08-15 17:09:53.982108+00:00,31.29001350933686
2025-08-15 17:09:55.585668+00:00,31.31061613559723
2025-08-15 17:09:56.170815+00:00,31.300314821884967
2025-08-15 17:09:57.514851+00:00,31.300314821884967
2025-08-15 17:09:58.343792+00:00,31.295164165465394
2025-08-15 17:09:59.417100+00:00,31.300314821884967
2025-08-15 17:10:01.348171+00:00,31.295164165465394
2025-08-15 17:10:07.660621+00:00,31.300314821884967
2025-08-15 17:10:08.900111+00:00,31.295164165465394
2025-08-15 17:10:21.099408+00:00,31.300314821884967
2025-08-15 17:10:23.401965+00:00,31.30546547859558
2025-08-15 17:10:24.976626+00:00,31.331218766514212
2025-08-15 17:10:25.377573+00:00,31.320917450473644
2025-08-15 17:10:28.937659+00:00,31.32606810834841
2025-08-15 17:10:29.310848+00:00,31.320917450473644
2025-08-15 17:10:31.494796+00:00,31.32606810834841
2025-08-15 17:10:33.250151+00:00,31.32606810834841
2025-08-15 17:10:33.627755+00:00,31.30546547859558
2025-08-15 17:10:34.157641+00:00,31.320917450473644
2025-08-15 17:10:34.769758+00:00,31.320917450473644
2025-08-15 17:10:35.315688+00:00,31.320917450473644
2025-08-15 17:10:36.795953+00:00,31.320917450473644
2025-08-15 17:10:37.207280+00:00,31.32606810834841
2025-08-15 17:10:37.698437+00:00,31.336369424971053
2025-08-15 17:10:42.350939+00:00,31.331218766514212
2025-08-15 17:10:43.726218+00:00,31.336369424971053
2025-08-15 17:10:44.737682+00:00,31.336369424971053
2025-08-15 17:10:46.552074+00:00,31.336369424971053
2025-08-15 17:10:48.934945+00:00,31.351821402087808
2025-08-15 17:10:51.194484+00:00,31.356972061708802
2025-08-15 17:10:53.712031+00:00,31.341520083718933
2025-08-15 17:10:54.498281+00:00,31.351821402087808
2025-08-15 17:10:55.391356+00:00,31.356972061708802
2025-08-15 17:10:57.146028+00:00,31.351821402087808
2025-08-15 17:10:58.473369+00:00,31.351821402087808
2025-08-15 17:10:59.057928+00:00,31.351821402087808
2025-08-15 17:10:59.292300+00:00,31.351821402087808
2025-08-15 17:11:00.056917+00:00,31.34667074275785
2025-08-15 17:11:03.766509+00:00,31.341520083718933
2025-08-15 17:11:04.851509+00:00,31.32606810834841
2025-08-15 17:11:06.392968+00:00,31.32606810834841
2025-08-15 17:11:07.101958+00:00,31.331218766514212
2025-08-15 17:11:07.738883+00:00,31.331218766514212
2025-08-15 17:11:10.241364+00:00,31.341520083718933
2025-08-15 17:11:12.974697+00:00,31.331218766514212
2025-08-15 17:11:15.415830+00:00,31.341520083718933
2025-08-15 17:11:18.883625+00:00,31.34667074275785
2025-08-15 17:11:21.022344+00:00,31.387876025546575
2025-08-15 17:11:23.806579+00:00,31.351821402087808
2025-08-15 17:11:24.524870+00:00,31.351821402087808
2025-08-15 17:11:25.581356+00:00,31.34667074275785
2025-08-15 17:11:26.493293+00:00,31.34667074275785
2025-08-15 17:11:26.894595+00:00,31.356972061708802
2025-08-15 17:11:27.208453+00:00,31.341520083718933
2025-08-15 17:11:27.724092+00:00,31.351821402087808
2025-08-15 17:11:28.140749+00:00,31.34667074275785
2025-08-15 17:11:28.362980+00:00,31.34667074275785
2025-08-15 17:11:28.590784+00:00,31.34667074275785
2025-08-15 17:11:28.905520+00:00,31.356972061708802
2025-08-15 17:11:35.538630+00:00,31.351821402087808
2025-08-15 17:11:38.697398+00:00,31.362122721620835
2025-08-15 17:11:45.106336+00:00,31.367273381823907
2025-08-15 17:11:46.784337+00:00,31.377574703103164
2025-08-15 17:11:47.324164+00:00,31.377574703103164
2025-08-15 17:11:47.867125+00:00,31.362122721620835
2025-08-15 17:11:50.301834+00:00,31.362122721620835
2025-08-15 17:11:51.230095+00:00,31.362122721620835
2025-08-15 17:11:51.824910+00:00,31.372424042318016
2025-08-15 17:11:53.150982+00:00,31.367273381823907
2025-08-15 17:11:53.696224+00:00,31.372424042318016
2025-08-15 17:11:54.707560+00:00,31.362122721620835
2025-08-15 17:11:55.442747+00:00,31.367273381823907
2025-08-15 17:11:57.356397+00:00,31.367273381823907
2025-08-15 17:11:58.752138+00:00,31.367273381823907
2025-08-15 17:11:59.856805+00:00,31.356972061708802
2025-08-15 17:12:00.105752+00:00,31.367273381823907
2025-08-15 17:12:01.207287+00:00,31.367273381823907
2025-08-15 17:12:01.763702+00:00,31.362122721620835
2025-08-15 17:12:08.326108+00:00,31.367273381823907
2025-08-15 17:12:11.700504+00:00,31.38272536417935
2025-08-15 17:12:12.491488+00:00,31.387876025546575
2025-08-15 17:12:15.005649+00:00,31.387876025546575
2025-08-15 17:12:15.906033+00:00,31.387876025546575
2025-08-15 17:12:20.949057+00:00,31.38272536417935
2025-08-15 17:12:22.085246+00:00,31.377574703103164
2025-08-15 17:12:25.031048+00:00,31.38272536417935
2025-08-15 17:12:25.361285+00:00,31.372424042318016
2025-08-15 17:12:25.486071+00:00,31.377574703103164
2025-08-15 17:12:25.804997+00:00,31.377574703103164
2025-08-15 17:12:26.107122+00:00,31.377574703103164
2025-08-15 17:12:26.524152+00:00,31.387876025546575
2025-08-15 17:12:26.980954+00:00,31.372424042318016
2025-08-15 17:12:27.476137+00:00,31.377574703103164
2025-08-15 17:12:27.989881+00:00,31.38272536417935
2025-08-15 17:12:28.671976+00:00,31.377574703103164
2025-08-15 17:12:31.925460+00:00,31.367273381823907
2025-08-15 17:12:32.524953+00:00,31.351821402087808
2025-08-15 17:12:33.591889+00:00,31.367273381823907
2025-08-15 17:12:38.930819+00:00,31.356972061708802
2025-08-15 17:12:41.130733+00:00,31.362122721620835
2025-08-15 17:12:41.772050+00:00,31.351821402087808
2025-08-15 17:12:42.322157+00:00,31.351821402087808
2025-08-15 17:12:44.822332+00:00,31.351821402087808
2025-08-15 17:12:45.201393+00:00,31.336369424971053
2025-08-15 17:12:46.235627+00:00,31.34667074275785
2025-08-15 17:12:50.590841+00:00,31.341520083718933
2025-08-15 17:12:50.978861+00:00,31.341520083718933
2025-08-15 17:12:52.963687+00:00,31.331218766514212
2025-08-15 17:12:53.272032+00:00,31.331218766514212
2025-08-15 17:12:53.536428+00:00,31.341520083718933
2025-08-15 17:12:53.938189+00:00,31.331218766514212
2025-08-15 17:12:56.427942+00:00,31.336369424971053
2025-08-15 17:12:57.160754+00:00,31.331218766514212
2025-08-15 17:12:58.508950+00:00,31.336369424971053
2025-08-15 17:12:59.175131+00:00,31.341520083718933
2025-08-15 17:12:59.904234+00:00,31.32606810834841
2025-08-15 17:13:03.531690+00:00,31.320917450473644
2025-08-15 17:13:04.123087+00:00,31.320917450473644
2025-08-15 17:13:05.023159+00:00,31.315766792889917
2025-08-15 17:13:05.957506+00:00,31.320917450473644
2025-08-15 17:13:09.247576+00:00,31.31061613559723
2025-08-15 17:13:09.871747+00:00,31.300314821884967
2025-08-15 17:13:10.254292+00:00,31.31061613559723
2025-08-15 17:13:10.648841+00:00,31.315766792889917
2025-08-15 17:13:11.225232+00:00,31.31061613559723
2025-08-15 17:13:12.324750+00:00,31.31061613559723
2025-08-15 17:13:13.849469+00:00,31.31061613559723
2025-08-15 17:13:17.303278+00:00,31.31061613559723
2025-08-15 17:13:19.607333+00:00,31.320917450473644
2025-08-15 17:13:20.610934+00:00,31.336369424971053
2025-08-15 17:13:21.579149+00:00,31.320917450473644
2025-08-15 17:13:22.518747+00:00,31.331218766514212
2025-08-15 17:13:23.581171+00:00,31.336369424971053
2025-08-15 17:13:24.846944+00:00,31.331218766514212
2025-08-15 17:13:25.542514+00:00,31.336369424971053
2025-08-15 17:13:27.830430+00:00,31.331218766514212
2025-08-15 17:13:30.677653+00:00,31.32606810834841
2025-08-15 17:13:33.947213+00:00,31.32606810834841
2025-08-15 17:13:35.049812+00:00,31.331218766514212
2025-08-15 17:13:37.254875+00:00,31.331218766514212
2025-08-15 17:13:37.790861+00:00,31.34667074275785
2025-08-15 17:13:38.225392+00:00,31.341520083718933
2025-08-15 17:13:39.335883+00:00,31.341520083718933
2025-08-15 17:13:39.605038+00:00,31.341520083718933
2025-08-15 17:13:40.163665+00:00,31.341520083718933
2025-08-15 17:13:40.438546+00:00,31.320917450473644
2025-08-15 17:13:40.763493+00:00,31.341520083718933
2025-08-15 17:13:43.807980+00:00,31.341520083718933
2025-08-15 17:13:44.468833+00:00,31.341520083718933
2025-08-15 17:13:45.613750+00:00,31.336369424971053
2025-08-15 17:13:47.191199+00:00,31.336369424971053
2025-08-15 17:13:52.856125+00:00,31.336369424971053
2025-08-15 17:13:54.420179+00:00,31.341520083718933
2025-08-15 17:13:54.812966+00:00,31.341520083718933
2025-08-15 17:13:56.282767+00:00,31.34667074275785
2025-08-15 17:13:56.518433+00:00,31.331218766514212
2025-08-15 17:13:58.597354+00:00,31.341520083718933
2025-08-15 17:13:58.806383+00:00,31.331218766514212
2025-08-15 17:13:59.005787+00:00,31.336369424971053
2025-08-15 17:13:59.271332+00:00,31.331218766514212
2025-08-15 17:14:01.471570+00:00,31.331218766514212
2025-08-15 17:14:01.847599+00:00,31.320917450473644
2025-08-15 17:14:02.249426+00:00,31.32606810834841
2025-08-15 17:14:02.947183+00:00,31.331218766514212
2025-08-15 17:14:07.481396+00:00,31.320917450473644
2025-08-15 17:14:08.339196+00:00,31.315766792889917
2025-08-15 17:14:08.831000+00:00,31.320917450473644
2025-08-15 17:14:09.256525+00:00,31.315766792889917
2025-08-15 17:14:18.777987+00:00,31.32606810834841
2025-08-15 17:14:19.262407+00:00,31.30546547859558
2025-08-15 17:14:19.487107+00:00,31.331218766514212
2025-08-15 17:14:19.763094+00:00,31.331218766514212
2025-08-15 17:14:20.337637+00:00,31.331218766514212
2025-08-15 17:14:21.042328+00:00,31.320917450473644
2025-08-15 17:14:21.321316+00:00,31.336369424971053
2025-08-15 17:14:21.527048+00:00,31.331218766514212
2025-08-15 17:14:21.735485+00:00,31.336369424971053
2025-08-15 17:14:21.954195+00:00,31.341520083718933
2025-08-15 17:14:22.190370+00:00,31.32606810834841
2025-08-15 17:14:22.413662+00:00,31.331218766514212
2025-08-15 17:14:23.418939+00:00,31.331218766514212
2025-08-15 17:14:28.608093+00:00,31.32606810834841
2025-08-15 17:14:28.987369+00:00,31.315766792889917
2025-08-15 17:14:29.338865+00:00,31.331218766514212
2025-08-15 17:14:31.325218+00:00,31.320917450473644
2025-08-15 17:14:32.070358+00:00,31.32606810834841
2025-08-15 17:14:33.426294+00:00,31.315766792889917
2025-08-15 17:14:34.229815+00:00,31.32606810834841
2025-08-15 17:14:34.621919+00:00,31.32606810834841
2025-08-15 17:14:35.534070+00:00,31.30546547859558
2025-08-15 17:14:37.472011+00:00,31.31061613559723
2025-08-15 17:14:38.396738+00:00,31.30546547859558
2025-08-15 17:14:39.287444+00:00,31.31061613559723
2025-08-15 17:14:39.528005+00:00,31.320917450473644
2025-08-15 17:14:39.780771+00:00,31.31061613559723
2025-08-15 17:14:40.203991+00:00,31.320917450473644
2025-08-15 17:14:40.500255+00:00,31.315766792889917
2025-08-15 17:14:40.731919+00:00,31.300314821884967
2025-08-15 17:14:42.404878+00:00,31.30546547859558
2025-08-15 17:14:43.587570+00:00,31.30546547859558
2025-08-15 17:14:43.827903+00:00,31.320917450473644
2025-08-15 17:14:44.290203+00:00,31.30546547859558
2025-08-15 17:14:44.587673+00:00,31.320917450473644
2025-08-15 17:14:44.870339+00:00,31.31061613559723
2025-08-15 17:14:45.120729+00:00,31.31061613559723
2025-08-15 17:14:45.546560+00:00,31.315766792889917
2025-08-15 17:14:46.080226+00:00,31.320917450473644
2025-08-15 17:14:46.512051+00:00,31.31061613559723
2025-08-15 17:14:46.862344+00:00,31.30546547859558
2025-08-15 17:14:51.915886+00:00,31.300314821884967
2025-08-15 17:14:54.199919+00:00,31.300314821884967
2025-08-15 17:14:54.439409+00:00,31.31061613559723
2025-08-15 17:14:54.807358+00:00,31.300314821884967
2025-08-15 17:14:55.073886+00:00,31.300314821884967
2025-08-15 17:14:55.312500+00:00,31.300314821884967
2025-08-15 17:14:55.526399+00:00,31.300314821884967
2025-08-15 17:14:55.785712+00:00,31.300314821884967
2025-08-15 17:14:56.001704+00:00,31.300314821884967
2025-08-15 17:14:56.237991+00:00,31.300314821884967
2025-08-15 17:14:56.461389+00:00,31.29001350933686
2025-08-15 17:14:56.747371+00:00,31.300314821884967
2025-08-15 17:14:57.003517+00:00,31.300314821884967
2025-08-15 17:14:57.322245+00:00,31.30546547859558
2025-08-15 17:14:57.588535+00:00,31.30546547859558
2025-08-15 17:14:57.807122+00:00,31.300314821884967
2025-08-15 17:14:58.132072+00:00,31.30546547859558
2025-08-15 17:15:04.710559+00:00,31.315766792889917
2025-08-15 17:15:07.252729+00:00,31.300314821884967
2025-08-15 17:15:08.037783+00:00,31.300314821884967
2025-08-15 17:15:08.427792+00:00,31.295164165465394
2025-08-15 17:15:10.703908+00:00,31.295164165465394
2025-08-15 17:15:12.803551+00:00,31.31061613559723
2025-08-15 17:15:16.517115+00:00,31.300314821884967
2025-08-15 17:15:18.468840+00:00,31.31061613559723
2025-08-15 17:15:21.369290+00:00,31.31061613559723
2025-08-15 17:15:22.020829+00:00,31.300314821884967
2025-08-15 17:15:22.445313+00:00,31.295164165465394
2025-08-15 17:15:23.728586+00:00,31.30546547859558
2025-08-15 17:15:24.085536+00:00,31.30546547859558
2025-08-15 17:15:24.461909+00:00,31.31061613559723
2025-08-15 17:15:25.560144+00:00,31.30546547859558
2025-08-15 17:15:31.438000+00:00,31.31061613559723
2025-08-15 17:15:33.213201+00:00,31.320917450473644
2025-08-15 17:15:34.086467+00:00,31.315766792889917
2025-08-15 17:15:34.436530+00:00,31.300314821884967
2025-08-15 17:15:34.950373+00:00,31.30546547859558
2025-08-15 17:15:35.439381+00:00,31.30546547859558
2025-08-15 17:15:43.273421+00:00,31.295164165465394
2025-08-15 17:15:44.446190+00:00,31.300314821884967
2025-08-15 17:15:52.401030+00:00,31.300314821884967
2025-08-15 17:15:52.753200+00:00,31.320917450473644
2025-08-15 17:15:54.790468+00:00,31.331218766514212
2025-08-15 17:15:55.652293+00:00,31.341520083718933
2025-08-15 17:15:56.504815+00:00,31.336369424971053
2025-08-15 17:15:59.804469+00:00,31.341520083718933
2025-08-15 17:16:07.927816+00:00,31.32606810834841
2025-08-15 17:16:09.511446+00:00,31.336369424971053
2025-08-15 17:16:09.918934+00:00,31.331218766514212
2025-08-15 17:16:10.420347+00:00,31.331218766514212
2025-08-15 17:16:12.836047+00:00,31.341520083718933
2025-08-15 17:16:15.006880+00:00,31.331218766514212
2025-08-15 17:16:16.531443+00:00,31.32606810834841
2025-08-15 17:16:21.394985+00:00,31.336369424971053
2025-08-15 17:16:22.765896+00:00,31.32606810834841
2025-08-15 17:16:24.571397+00:00,31.315766792889917
2025-08-15 17:16:24.804328+00:00,31.32606810834841
2025-08-15 17:16:25.312863+00:00,31.320917450473644
2025-08-15 17:16:28.006053+00:00,31.315766792889917
2025-08-15 17:16:28.874496+00:00,31.315766792889917
2025-08-15 17:16:31.804308+00:00,31.31061613559723
2025-08-15 17:16:33.424087+00:00,31.31061613559723
2025-08-15 17:16:34.327702+00:00,31.315766792889917
2025-08-15 17:16:36.624538+00:00,31.31061613559723
2025-08-15 17:16:37.242406+00:00,31.30546547859558
2025-08-15 17:16:38.879945+00:00,31.295164165465394
2025-08-15 17:16:39.118045+00:00,31.300314821884967
2025-08-15 17:16:40.252360+00:00,31.295164165465394
2025-08-15 17:16:40.542559+00:00,31.295164165465394
2025-08-15 17:16:42.949914+00:00,31.29001350933686
2025-08-15 17:16:43.843420+00:00,31.30546547859558
2025-08-15 17:16:44.476863+00:00,31.300314821884967
2025-08-15 17:16:45.809093+00:00,31.300314821884967
2025-08-15 17:16:46.509657+00:00,31.300314821884967
2025-08-15 17:16:49.038078+00:00,31.295164165465394
2025-08-15 17:16:50.743577+00:00,31.295164165465394
2025-08-15 17:16:52.066403+00:00,31.295164165465394
2025-08-15 17:16:52.789951+00:00,31.300314821884967
2025-08-15 17:16:56.024225+00:00,31.295164165465394
2025-08-15 17:16:56.602106+00:00,31.284862853499362
2025-08-15 17:16:58.238115+00:00,31.29001350933686
2025-08-15 17:17:00.477675+00:00,31.300314821884967
2025-08-15 17:17:02.649999+00:00,31.29001350933686
2025-08-15 17:17:03.410750+00:00,31.29001350933686
2025-08-15 17:17:03.850876+00:00,31.29001350933686
2025-08-15 17:17:04.914040+00:00,31.29001350933686
2025-08-15 17:17:09.126591+00:00,31.295164165465394
2025-08-15 17:17:15.295289+00:00,31.284862853499362
2025-08-15 17:17:15.682965+00:00,31.284862853499362
2025-08-15 17:17:16.101335+00:00,31.30546547859558
2025-08-15 17:17:19.162070+00:00,31.284862853499362
2025-08-15 17:17:20.883820+00:00,31.29001350933686
2025-08-15 17:17:21.201503+00:00,31.295164165465394
2025-08-15 17:17:22.345894+00:00,31.29001350933686
2025-08-15 17:17:25.412550+00:00,31.284862853499362
2025-08-15 17:17:25.691388+00:00,31.284862853499362
2025-08-15 17:17:25.913465+00:00,31.29001350933686
2025-08-15 17:17:26.314955+00:00,31.29001350933686
2025-08-15 17:17:26.841873+00:00,31.295164165465394
2025-08-15 17:17:27.720405+00:00,31.284862853499362
2025-08-15 17:17:28.698377+00:00,31.284862853499362
2025-08-15 17:17:29.108743+00:00,31.284862853499362
2025-08-15 17:17:30.876523+00:00,31.279712197952904
2025-08-15 17:17:32.629308+00:00,31.279712197952904
2025-08-15 17:17:37.298967+00:00,31.284862853499362
2025-08-15 17:17:38.002416+00:00,31.26426023305976
2025-08-15 17:17:38.920133+00:00,31.26426023305976
2025-08-15 17:17:40.048593+00:00,31.259109578677453
2025-08-15 17:17:40.992550+00:00,31.259109578677453
2025-08-15 17:17:43.031415+00:00,31.248808270785958
2025-08-15 17:17:43.256435+00:00,31.248808270785958
2025-08-15 17:17:43.651222+00:00,31.259109578677453
2025-08-15 17:17:45.774669+00:00,31.253958924586186
2025-08-15 17:17:49.876244+00:00,31.253958924586186
2025-08-15 17:17:50.901125+00:00,31.259109578677453
2025-08-15 17:17:51.779983+00:00,31.248808270785958
2025-08-15 17:17:52.296416+00:00,31.248808270785958
2025-08-15 17:17:53.225770+00:00,31.248808270785958
2025-08-15 17:17:54.127703+00:00,31.253958924586186
2025-08-15 17:17:55.991778+00:00,31.259109578677453
2025-08-15 17:17:56.633946+00:00,31.259109578677453
2025-08-15 17:17:58.313574+00:00,31.253958924586186
2025-08-15 17:17:58.832793+00:00,31.253958924586186
2025-08-15 17:17:59.683752+00:00,31.248808270785958
2025-08-15 17:18:02.202015+00:00,31.253958924586186
2025-08-15 17:18:14.392554+00:00,31.26426023305976
2025-08-15 17:18:15.482114+00:00,31.274561542697484
2025-08-15 17:18:17.080128+00:00,31.274561542697484
2025-08-15 17:18:19.538086+00:00,31.279712197952904
2025-08-15 17:18:19.746099+00:00,31.279712197952904
2025-08-15 17:18:20.021892+00:00,31.29001350933686
2025-08-15 17:18:22.503262+00:00,31.300314821884967
2025-08-15 17:18:24.392569+00:00,31.30546547859558
2025-08-15 17:18:24.850577+00:00,31.295164165465394
2025-08-15 17:18:25.140915+00:00,31.31061613559723
2025-08-15 17:18:25.354473+00:00,31.31061613559723
2025-08-15 17:18:26.373076+00:00,31.31061613559723
2025-08-15 17:18:26.557572+00:00,31.31061613559723
2025-08-15 17:18:27.769018+00:00,31.31061613559723
2025-08-15 17:18:28.129406+00:00,31.300314821884967
2025-08-15 17:18:28.923373+00:00,31.30546547859558
2025-08-15 17:18:30.174411+00:00,31.30546547859558
2025-08-15 17:18:30.623538+00:00,31.31061613559723
2025-08-15 17:18:31.057862+00:00,31.315766792889917
2025-08-15 17:18:32.649523+00:00,31.31061613559723
2025-08-15 17:18:36.553246+00:00,31.315766792889917
2025-08-15 17:18:37.140467+00:00,31.331218766514212
2025-08-15 17:18:39.504596+00:00,31.320917450473644
2025-08-15 17:18:42.495665+00:00,31.331218766514212
2025-08-15 17:18:42.964216+00:00,31.32606810834841
2025-08-15 17:18:43.749437+00:00,31.331218766514212
2025-08-15 17:18:43.966860+00:00,31.331218766514212
2025-08-15 17:18:44.174304+00:00,31.341520083718933
2025-08-15 17:18:44.543144+00:00,31.336369424971053
2025-08-15 17:18:44.884880+00:00,31.331218766514212
2025-08-15 17:18:47.516693+00:00,31.331218766514212
2025-08-15 17:18:49.813498+00:00,31.331218766514212
2025-08-15 17:18:52.080897+00:00,31.341520083718933
2025-08-15 17:18:52.764156+00:00,31.331218766514212
2025-08-15 17:18:52.956057+00:00,31.336369424971053
2025-08-15 17:18:54.384340+00:00,31.341520083718933
2025-08-15 17:18:54.757456+00:00,31.331218766514212
2025-08-15 17:18:54.978859+00:00,31.336369424971053
2025-08-15 17:18:55.268634+00:00,31.331218766514212
2025-08-15 17:18:55.501516+00:00,31.336369424971053
2025-08-15 17:18:55.745061+00:00,31.336369424971053
2025-08-15 17:18:55.981124+00:00,31.336369424971053
2025-08-15 17:18:56.200297+00:00,31.341520083718933
2025-08-15 17:18:56.459012+00:00,31.331218766514212
2025-08-15 17:18:56.958922+00:00,31.34667074275785
2025-08-15 17:18:59.208414+00:00,31.331218766514212
2025-08-15 17:19:00.242589+00:00,31.336369424971053
2025-08-15 17:19:01.506511+00:00,31.331218766514212
2025-08-15 17:19:05.713391+00:00,31.331218766514212
2025-08-15 17:19:12.564837+00:00,31.34667074275785
2025-08-15 17:19:14.041432+00:00,31.351821402087808
2025-08-15 17:19:15.288820+00:00,31.341520083718933
2025-08-15 17:19:16.105093+00:00,31.351821402087808
2025-08-15 17:19:18.441784+00:00,31.341520083718933
2025-08-15 17:19:20.256440+00:00,31.341520083718933
2025-08-15 17:19:20.952527+00:00,31.341520083718933
2025-08-15 17:19:21.251865+00:00,31.336369424971053
2025-08-15 17:19:21.539888+00:00,31.331218766514212
2025-08-15 17:19:22.238066+00:00,31.341520083718933
2025-08-15 17:19:22.999339+00:00,31.336369424971053
2025-08-15 17:19:23.782942+00:00,31.341520083718933
2025-08-15 17:19:23.983916+00:00,31.336369424971053
2025-08-15 17:19:25.079505+00:00,31.341520083718933
2025-08-15 17:19:25.463697+00:00,31.331218766514212
2025-08-15 17:19:25.890037+00:00,31.331218766514212
2025-08-15 17:19:26.526241+00:00,31.341520083718933
2025-08-15 17:19:26.942243+00:00,31.34667074275785
2025-08-15 17:19:27.752762+00:00,31.341520083718933
2025-08-15 17:19:28.929551+00:00,31.32606810834841
2025-08-15 17:19:29.606938+00:00,31.331218766514212
2025-08-15 17:19:29.851948+00:00,31.336369424971053
2025-08-15 17:19:30.100475+00:00,31.336369424971053
2025-08-15 17:19:31.181458+00:00,31.34667074275785
2025-08-15 17:19:35.574551+00:00,31.331218766514212
2025-08-15 17:19:39.315380+00:00,31.331218766514212
2025-08-15 17:19:39.838881+00:00,31.331218766514212
2025-08-15 17:19:41.782313+00:00,31.32606810834841
2025-08-15 17:19:44.100519+00:00,31.331218766514212
2025-08-15 17:19:44.451510+00:00,31.320917450473644
2025-08-15 17:19:45.329562+00:00,31.320917450473644
2025-08-15 17:19:45.940059+00:00,31.331218766514212
2025-08-15 17:19:47.172274+00:00,31.320917450473644
2025-08-15 17:19:48.931879+00:00,31.31061613559723
2025-08-15 17:19:54.759946+00:00,31.32606810834841
2025-08-15 17:19:54.959344+00:00,31.331218766514212
2025-08-15 17:19:55.268006+00:00,31.331218766514212
2025-08-15 17:19:55.570028+00:00,31.336369424971053
2025-08-15 17:19:55.816113+00:00,31.331218766514212
2025-08-15 17:19:56.020215+00:00,31.336369424971053
2025-08-15 17:19:56.239970+00:00,31.341520083718933
2025-08-15 17:19:57.912454+00:00,31.331218766514212
2025-08-15 17:19:59.365455+00:00,31.331218766514212
2025-08-15 17:19:59.848512+00:00,31.341520083718933
2025-08-15 17:20:01.012471+00:00,31.32606810834841
2025-08-15 17:20:04.747425+00:00,31.331218766514212
2025-08-15 17:20:05.148069+00:00,31.331218766514212
2025-08-15 17:20:06.021555+00:00,31.331218766514212
2025-08-15 17:20:06.684620+00:00,31.336369424971053
2025-08-15 17:20:07.220447+00:00,31.341520083718933
2025-08-15 17:20:07.795877+00:00,31.341520083718933
2025-08-15 17:20:09.016980+00:00,31.32606810834841
2025-08-15 17:20:17.517693+00:00,31.320917450473644
2025-08-15 17:20:19.874329+00:00,31.331218766514212
2025-08-15 17:20:24.607097+00:00,31.34667074275785
2025-08-15 17:20:27.635343+00:00,31.336369424971053
2025-08-15 17:20:28.169572+00:00,31.341520083718933
2025-08-15 17:20:29.206212+00:00,31.362122721620835
2025-08-15 17:20:33.114314+00:00,31.362122721620835
2025-08-15 17:20:33.656389+00:00,31.356972061708802
2025-08-15 17:20:36.740358+00:00,31.362122721620835
2025-08-15 17:20:37.582377+00:00,31.351821402087808
2025-08-15 17:20:46.058972+00:00,31.34667074275785
2025-08-15 17:20:46.444415+00:00,31.34667074275785
2025-08-15 17:20:47.059058+00:00,31.356972061708802
2025-08-15 17:20:47.554377+00:00,31.341520083718933
2025-08-15 17:20:48.135977+00:00,31.34667074275785
2025-08-15 17:20:48.588237+00:00,31.341520083718933
2025-08-15 17:20:49.229399+00:00,31.356972061708802
2025-08-15 17:20:49.696149+00:00,31.341520083718933
2025-08-15 17:20:50.229360+00:00,31.351821402087808
2025-08-15 17:20:50.902440+00:00,31.351821402087808
2025-08-15 17:20:51.769820+00:00,31.341520083718933
2025-08-15 17:20:52.371598+00:00,31.341520083718933
2025-08-15 17:20:53.155681+00:00,31.341520083718933
2025-08-15 17:20:57.073693+00:00,31.351821402087808
2025-08-15 17:20:58.010807+00:00,31.351821402087808
2025-08-15 17:20:59.262385+00:00,31.34667074275785
2025-08-15 17:21:02.561723+00:00,31.34667074275785
2025-08-15 17:21:04.587048+00:00,31.331218766514212
2025-08-15 17:21:05.028109+00:00,31.341520083718933
2025-08-15 17:21:06.492452+00:00,31.341520083718933
2025-08-15 17:21:08.583095+00:00,31.336369424971053
2025-08-15 17:21:13.437668+00:00,31.341520083718933
2025-08-15 17:21:15.803064+00:00,31.341520083718933
2025-08-15 17:21:17.240011+00:00,31.331218766514212
2025-08-15 17:21:22.397558+00:00,31.351821402087808
2025-08-15 17:21:24.621557+00:00,31.34667074275785
2025-08-15 17:21:27.337566+00:00,31.351821402087808
2025-08-15 17:21:28.839280+00:00,31.351821402087808
2025-08-15 17:21:29.859816+00:00,31.341520083718933
2025-08-15 17:21:36.605708+00:00,31.34667074275785
2025-08-15 17:21:37.352957+00:00,31.336369424971053
2025-08-15 17:21:38.248366+00:00,31.336369424971053
2025-08-15 17:21:40.554577+00:00,31.331218766514212
2025-08-15 17:21:42.242833+00:00,31.32606810834841
2025-08-15 17:21:42.754734+00:00,31.331218766514212
2025-08-15 17:21:43.177167+00:00,31.32606810834841
2025-08-15 17:21:43.548543+00:00,31.32606810834841
2025-08-15 17:21:44.004664+00:00,31.331218766514212
2025-08-15 17:21:44.734931+00:00,31.331218766514212
2025-08-15 17:21:45.019449+00:00,31.336369424971053
2025-08-15 17:21:45.568418+00:00,31.336369424971053
2025-08-15 17:21:46.443014+00:00,31.331218766514212
2025-08-15 17:21:47.476081+00:00,31.336369424971053
2025-08-15 17:21:52.850041+00:00,31.32606810834841
2025-08-15 17:21:53.092397+00:00,31.336369424971053
2025-08-15 17:21:53.309281+00:00,31.331218766514212
2025-08-15 17:21:53.585812+00:00,31.331218766514212
2025-08-15 17:21:54.754099+00:00,31.32606810834841
2025-08-15 17:21:55.763802+00:00,31.331218766514212
2025-08-15 17:21:56.608070+00:00,31.331218766514212
2025-08-15 17:21:57.393838+00:00,31.336369424971053
2025-08-15 17:21:58.355667+00:00,31.336369424971053
2025-08-15 17:22:02.835400+00:00,31.341520083718933
2025-08-15 17:22:05.018692+00:00,31.351821402087808
2025-08-15 17:22:05.884662+00:00,31.34667074275785
2025-08-15 17:22:06.684649+00:00,31.34667074275785
2025-08-15 17:22:08.868500+00:00,31.341520083718933
2025-08-15 17:22:09.427391+00:00,31.336369424971053
2025-08-15 17:22:12.142884+00:00,31.341520083718933
2025-08-15 17:22:13.543527+00:00,31.362122721620835
2025-08-15 17:22:14.766974+00:00,31.372424042318016
2025-08-15 17:22:20.062925+00:00,31.38272536417935
2025-08-15 17:22:20.396461+00:00,31.372424042318016
2025-08-15 17:22:21.468714+00:00,31.372424042318016
2025-08-15 17:22:25.986508+00:00,31.377574703103164
2025-08-15 17:22:26.739775+00:00,31.372424042318016
2025-08-15 17:22:27.290946+00:00,31.377574703103164
2025-08-15 17:22:28.136729+00:00,31.372424042318016
2025-08-15 17:22:29.271758+00:00,31.367273381823907
2025-08-15 17:22:33.118486+00:00,31.367273381823907
2025-08-15 17:22:37.574549+00:00,31.362122721620835
2025-08-15 17:22:38.879102+00:00,31.356972061708802
2025-08-15 17:22:39.439004+00:00,31.356972061708802
2025-08-15 17:22:40.474712+00:00,31.34667074275785
2025-08-15 17:22:40.699258+00:00,31.351821402087808
2025-08-15 17:22:40.884532+00:00,31.351821402087808
2025-08-15 17:22:44.661249+00:00,31.341520083718933
2025-08-15 17:22:46.584080+00:00,31.34667074275785
2025-08-15 17:22:49.924960+00:00,31.341520083718933
2025-08-15 17:22:51.973555+00:00,31.356972061708802
2025-08-15 17:22:52.499498+00:00,31.34667074275785
2025-08-15 17:22:53.021177+00:00,31.351821402087808
2025-08-15 17:22:53.995498+00:00,31.34667074275785
2025-08-15 17:22:54.706731+00:00,31.351821402087808
2025-08-15 17:22:57.765150+00:00,31.362122721620835
2025-08-15 17:22:58.200031+00:00,31.351821402087808
2025-08-15 17:22:59.898282+00:00,31.34667074275785
2025-08-15 17:23:00.316312+00:00,31.351821402087808
2025-08-15 17:23:00.846326+00:00,31.351821402087808
2025-08-15 17:23:04.026478+00:00,31.351821402087808
2025-08-15 17:23:04.524733+00:00,31.34667074275785
2025-08-15 17:23:05.175758+00:00,31.356972061708802
2025-08-15 17:23:08.358464+00:00,31.34667074275785
2025-08-15 17:23:12.407359+00:00,31.362122721620835
2025-08-15 17:23:12.857088+00:00,31.367273381823907
2025-08-15 17:23:13.848440+00:00,31.38272536417935
2025-08-15 17:23:14.128128+00:00,31.38272536417935
2025-08-15 17:23:14.413298+00:00,31.393026687204838
2025-08-15 17:23:15.683752+00:00,31.393026687204838
2025-08-15 17:23:19.809590+00:00,31.387876025546575
2025-08-15 17:23:21.205406+00:00,31.38272536417935
2025-08-15 17:23:21.715100+00:00,31.377574703103164
2025-08-15 17:23:22.280424+00:00,31.38272536417935
2025-08-15 17:23:22.869152+00:00,31.377574703103164
2025-08-15 17:23:23.788070+00:00,31.38272536417935
2025-08-15 17:23:25.055378+00:00,31.377574703103164
2025-08-15 17:23:25.859795+00:00,31.377574703103164
2025-08-15 17:23:26.126866+00:00,31.372424042318016
2025-08-15 17:23:27.254227+00:00,31.38272536417935
2025-08-15 17:23:28.424312+00:00,31.372424042318016
2025-08-15 17:23:29.589387+00:00,31.372424042318016
2025-08-15 17:23:30.800009+00:00,31.362122721620835
2025-08-15 17:23:32.181180+00:00,31.356972061708802
2025-08-15 17:23:36.277311+00:00,31.372424042318016
2025-08-15 17:23:37.598230+00:00,31.38272536417935
2025-08-15 17:23:38.568420+00:00,31.393026687204838
2025-08-15 17:23:40.674707+00:00,31.393026687204838
2025-08-15 17:23:41.097519+00:00,31.38272536417935
2025-08-15 17:23:41.672718+00:00,31.393026687204838
2025-08-15 17:23:44.267836+00:00,31.38272536417935
2025-08-15 17:23:46.247948+00:00,31.38272536417935
2025-08-15 17:23:47.232088+00:00,31.387876025546575
2025-08-15 17:23:48.015751+00:00,31.38272536417935
2025-08-15 17:23:53.878915+00:00,31.38272536417935
2025-08-15 17:23:54.712822+00:00,31.356972061708802
2025-08-15 17:23:55.255386+00:00,31.362122721620835
2025-08-15 17:23:55.530594+00:00,31.362122721620835
2025-08-15 17:23:57.746599+00:00,31.367273381823907
2025-08-15 17:23:58.889762+00:00,31.367273381823907
2025-08-15 17:24:06.236106+00:00,31.367273381823907
2025-08-15 17:24:06.831549+00:00,31.372424042318016
2025-08-15 17:24:09.022354+00:00,31.367273381823907
2025-08-15 17:24:11.077237+00:00,31.367273381823907
2025-08-15 17:24:12.798398+00:00,31.377574703103164
2025-08-15 17:24:13.827179+00:00,31.372424042318016
2025-08-15 17:24:14.139128+00:00,31.351821402087808
2025-08-15 17:24:15.264066+00:00,31.372424042318016
2025-08-15 17:24:16.684760+00:00,31.362122721620835
2025-08-15 17:24:20.986722+00:00,31.372424042318016
2025-08-15 17:24:21.704521+00:00,31.372424042318016
2025-08-15 17:24:21.913249+00:00,31.372424042318016
2025-08-15 17:24:24.252711+00:00,31.377574703103164
2025-08-15 17:24:27.279438+00:00,31.367273381823907
2025-08-15 17:24:27.755529+00:00,31.377574703103164
2025-08-15 17:24:28.723917+00:00,31.362122721620835
2025-08-15 17:24:29.286971+00:00,31.372424042318016
2025-08-15 17:24:30.723021+00:00,31.377574703103164
2025-08-15 17:24:32.507436+00:00,31.367273381823907
2025-08-15 17:24:33.168258+00:00,31.362122721620835
2025-08-15 17:24:34.099507+00:00,31.372424042318016
2025-08-15 17:24:34.937862+00:00,31.367273381823907
2025-08-15 17:24:37.871468+00:00,31.377574703103164
2025-08-15 17:24:39.304631+00:00,31.372424042318016
2025-08-15 17:24:39.593802+00:00,31.367273381823907
2025-08-15 17:24:41.215177+00:00,31.362122721620835
2025-08-15 17:24:41.762529+00:00,31.362122721620835
2025-08-15 17:24:44.004363+00:00,31.351821402087808
2025-08-15 17:24:44.248552+00:00,31.351821402087808
2025-08-15 17:24:44.580088+00:00,31.351821402087808
2025-08-15 17:24:45.313203+00:00,31.356972061708802
2025-08-15 17:24:48.588827+00:00,31.356972061708802
2025-08-15 17:24:49.328377+00:00,31.356972061708802
2025-08-15 17:24:53.150710+00:00,31.351821402087808
2025-08-15 17:24:54.789245+00:00,31.356972061708802
2025-08-15 17:24:56.362599+00:00,31.356972061708802
2025-08-15 17:24:57.678970+00:00,31.372424042318016
2025-08-15 17:25:05.530111+00:00,31.362122721620835
2025-08-15 17:25:08.414221+00:00,31.34667074275785
2025-08-15 17:25:12.228825+00:00,31.351821402087808
2025-08-15 17:25:14.136768+00:00,31.331218766514212
2025-08-15 17:25:18.113274+00:00,31.341520083718933
2025-08-15 17:25:19.062582+00:00,31.331218766514212
2025-08-15 17:25:19.548155+00:00,31.32606810834841
2025-08-15 17:25:25.455539+00:00,31.320917450473644
2025-08-15 17:25:25.906187+00:00,31.331218766514212
2025-08-15 17:25:27.233125+00:00,31.32606810834841
2025-08-15 17:25:27.685935+00:00,31.331218766514212
2025-08-15 17:25:29.076649+00:00,31.336369424971053
2025-08-15 17:25:33.200434+00:00,31.331218766514212
2025-08-15 17:25:35.048036+00:00,31.320917450473644
2025-08-15 17:25:40.111702+00:00,31.315766792889917
2025-08-15 17:25:42.026377+00:00,31.320917450473644
2025-08-15 17:25:46.238564+00:00,31.320917450473644
2025-08-15 17:25:47.905758+00:00,31.320917450473644
2025-08-15 17:25:50.557826+00:00,31.32606810834841
2025-08-15 17:25:51.869856+00:00,31.320917450473644
2025-08-15 17:25:52.578225+00:00,31.32606810834841
2025-08-15 17:25:52.803208+00:00,31.331218766514212
2025-08-15 17:25:53.027011+00:00,31.32606810834841
2025-08-15 17:25:54.620175+00:00,31.320917450473644
2025-08-15 17:25:57.899526+00:00,31.341520083718933
2025-08-15 17:25:58.718495+00:00,31.341520083718933
2025-08-15 17:25:58.952596+00:00,31.336369424971053
2025-08-15 17:26:01.225858+00:00,31.34667074275785
2025-08-15 17:26:03.537600+00:00,31.341520083718933
2025-08-15 17:26:05.785383+00:00,31.341520083718933
2025-08-15 17:26:06.359869+00:00,31.34667074275785
2025-08-15 17:26:07.979837+00:00,31.351821402087808
2025-08-15 17:26:09.555801+00:00,31.34667074275785
2025-08-15 17:26:11.112815+00:00,31.331218766514212
2025-08-15 17:26:13.076773+00:00,31.32606810834841
2025-08-15 17:26:14.456305+00:00,31.341520083718933
2025-08-15 17:26:21.414192+00:00,31.32606810834841
2025-08-15 17:26:21.869844+00:00,31.367273381823907
2025-08-15 17:26:23.203233+00:00,31.362122721620835
2025-08-15 17:26:24.128886+00:00,31.362122721620835
2025-08-15 17:26:25.249190+00:00,31.356972061708802
2025-08-15 17:26:27.267699+00:00,31.362122721620835
2025-08-15 17:26:29.360257+00:00,31.356972061708802
2025-08-15 17:26:32.135167+00:00,31.356972061708802
2025-08-15 17:26:32.560494+00:00,31.351821402087808
2025-08-15 17:26:33.004255+00:00,31.351821402087808
2025-08-15 17:26:33.378540+00:00,31.351821402087808
2025-08-15 17:26:33.921423+00:00,31.356972061708802
2025-08-15 17:26:34.381714+00:00,31.351821402087808
2025-08-15 17:26:37.158062+00:00,31.351821402087808
2025-08-15 17:26:39.193494+00:00,31.351821402087808
2025-08-15 17:26:39.821931+00:00,31.341520083718933
2025-08-15 17:26:42.594832+00:00,31.34667074275785
2025-08-15 17:26:43.540005+00:00,31.34667074275785
2025-08-15 17:26:43.782313+00:00,31.34667074275785
2025-08-15 17:26:44.077367+00:00,31.351821402087808
2025-08-15 17:26:49.470097+00:00,31.356972061708802
2025-08-15 17:26:49.696672+00:00,31.336369424971053
2025-08-15 17:26:49.980634+00:00,31.331218766514212
2025-08-15 17:26:52.931039+00:00,31.341520083718933
2025-08-15 17:26:54.216439+00:00,31.320917450473644
2025-08-15 17:26:54.468211+00:00,31.320917450473644
2025-08-15 17:26:56.091037+00:00,31.331218766514212
2025-08-15 17:26:57.342084+00:00,31.315766792889917
2025-08-15 17:27:00.511247+00:00,31.31061613559723
2025-08-15 17:27:00.980202+00:00,31.30546547859558
2025-08-15 17:27:02.676095+00:00,31.31061613559723
2025-08-15 17:27:03.070567+00:00,31.295164165465394
2025-08-15 17:27:03.652810+00:00,31.295164165465394
2025-08-15 17:27:04.027776+00:00,31.300314821884967
2025-08-15 17:27:04.418298+00:00,31.300314821884967
2025-08-15 17:27:05.924741+00:00,31.31061613559723
2025-08-15 17:27:06.451352+00:00,31.30546547859558
2025-08-15 17:27:08.952348+00:00,31.31061613559723
2025-08-15 17:27:12.744150+00:00,31.31061613559723
2025-08-15 17:27:14.311241+00:00,31.315766792889917
2025-08-15 17:27:14.784493+00:00,31.320917450473644
2025-08-15 17:27:15.965896+00:00,31.315766792889917
2025-08-15 17:27:16.416414+00:00,31.31061613559723
2025-08-15 17:27:18.330208+00:00,31.320917450473644
2025-08-15 17:27:20.810839+00:00,31.315766792889917
2025-08-15 17:27:22.858271+00:00,31.31061613559723
2025-08-15 17:27:23.401696+00:00,31.30546547859558
2025-08-15 17:27:24.427841+00:00,31.31061613559723
2025-08-15 17:27:26.693751+00:00,31.31061613559723
2025-08-15 17:27:27.817291+00:00,31.300314821884967
2025-08-15 17:27:28.372186+00:00,31.31061613559723
2025-08-15 17:27:34.896124+00:00,31.30546547859558
2025-08-15 17:27:35.140718+00:00,31.300314821884967
2025-08-15 17:27:35.608550+00:00,31.29001350933686
2025-08-15 17:27:35.817232+00:00,31.300314821884967
2025-08-15 17:27:36.567207+00:00,31.31061613559723
2025-08-15 17:27:36.942983+00:00,31.279712197952904
2025-08-15 17:27:37.539849+00:00,31.29001350933686
2025-08-15 17:27:37.946484+00:00,31.29001350933686
2025-08-15 17:27:39.352433+00:00,31.29001350933686
2025-08-15 17:27:41.122154+00:00,31.279712197952904
2025-08-15 17:27:44.113970+00:00,31.279712197952904
2025-08-15 17:27:45.876437+00:00,31.253958924586186
2025-08-15 17:27:48.033789+00:00,31.259109578677453
2025-08-15 17:27:50.403330+00:00,31.26426023305976
2025-08-15 17:27:52.500745+00:00,31.259109578677453
2025-08-15 17:27:53.385020+00:00,31.26426023305976
2025-08-15 17:27:54.672847+00:00,31.259109578677453
2025-08-15 17:27:54.925129+00:00,31.26426023305976
2025-08-15 17:27:55.149957+00:00,31.259109578677453
2025-08-15 17:27:56.560573+00:00,31.248808270785958
2025-08-15 17:27:56.771025+00:00,31.248808270785958
2025-08-15 17:27:56.984063+00:00,31.259109578677453
2025-08-15 17:27:57.505704+00:00,31.248808270785958
2025-08-15 17:28:00.957536+00:00,31.259109578677453
2025-08-15 17:28:04.300652+00:00,31.259109578677453
2025-08-15 17:28:05.681192+00:00,31.269410887733102
2025-08-15 17:28:06.445021+00:00,31.259109578677453
2025-08-15 17:28:11.999692+00:00,31.26426023305976
2025-08-15 17:28:12.710674+00:00,31.269410887733102
2025-08-15 17:28:13.135255+00:00,31.26426023305976
2025-08-15 17:28:14.775735+00:00,31.269410887733102
2025-08-15 17:28:15.133900+00:00,31.26426023305976
2025-08-15 17:28:17.018740+00:00,31.269410887733102
2025-08-15 17:28:19.044036+00:00,31.269410887733102
2025-08-15 17:28:20.307538+00:00,31.253958924586186
2025-08-15 17:28:20.882817+00:00,31.259109578677453
2025-08-15 17:28:21.167025+00:00,31.269410887733102
2025-08-15 17:28:24.074383+00:00,31.26426023305976
2025-08-15 17:28:25.253176+00:00,31.259109578677453
2025-08-15 17:28:26.833793+00:00,31.253958924586186
2025-08-15 17:28:27.959222+00:00,31.243657617276767
2025-08-15 17:28:30.279892+00:00,31.259109578677453
2025-08-15 17:28:33.785007+00:00,31.248808270785958
2025-08-15 17:28:34.332848+00:00,31.248808270785958
2025-08-15 17:28:34.557028+00:00,31.248808270785958
2025-08-15 17:28:34.796166+00:00,31.248808270785958
2025-08-15 17:28:35.119188+00:00,31.248808270785958
2025-08-15 17:28:37.173836+00:00,31.248808270785958
2025-08-15 17:28:37.818754+00:00,31.269410887733102
2025-08-15 17:28:38.278787+00:00,31.259109578677453
2025-08-15 17:28:38.771805+00:00,31.269410887733102
2025-08-15 17:28:41.453350+00:00,31.26426023305976
2025-08-15 17:28:48.049136+00:00,31.279712197952904
2025-08-15 17:28:48.542577+00:00,31.284862853499362
2025-08-15 17:28:49.000315+00:00,31.29001350933686
2025-08-15 17:28:49.291228+00:00,31.29001350933686
2025-08-15 17:28:49.635578+00:00,31.279712197952904
2025-08-15 17:28:49.819655+00:00,31.29001350933686
2025-08-15 17:28:50.204700+00:00,31.29001350933686
2025-08-15 17:28:50.557895+00:00,31.29001350933686
2025-08-15 17:28:52.976663+00:00,31.269410887733102
2025-08-15 17:28:54.857259+00:00,31.274561542697484
2025-08-15 17:28:56.281273+00:00,31.269410887733102
2025-08-15 17:28:56.613312+00:00,31.284862853499362
2025-08-15 17:28:57.208371+00:00,31.279712197952904
2025-08-15 17:28:57.531771+00:00,31.284862853499362
2025-08-15 17:28:57.772213+00:00,31.279712197952904
2025-08-15 17:28:58.290917+00:00,31.279712197952904
2025-08-15 17:28:59.077201+00:00,31.279712197952904
2025-08-15 17:29:00.965512+00:00,31.269410887733102
2025-08-15 17:29:01.474426+00:00,31.279712197952904
2025-08-15 17:29:07.769711+00:00,31.279712197952904
2025-08-15 17:29:11.394947+00:00,31.29001350933686
2025-08-15 17:29:11.834316+00:00,31.284862853499362
2025-08-15 17:29:12.766786+00:00,31.284862853499362
2025-08-15 17:29:13.205455+00:00,31.29001350933686
2025-08-15 17:29:13.874667+00:00,31.279712197952904
2025-08-15 17:29:14.399568+00:00,31.279712197952904
2025-08-15 17:29:16.525446+00:00,31.295164165465394
2025-08-15 17:29:17.904960+00:00,31.29001350933686
2025-08-15 17:29:19.091841+00:00,31.279712197952904
2025-08-15 17:29:19.598181+00:00,31.29001350933686
2025-08-15 17:29:20.054938+00:00,31.29001350933686
2025-08-15 17:29:21.895737+00:00,31.274561542697484
2025-08-15 17:29:23.940897+00:00,31.279712197952904
2025-08-15 17:29:25.714184+00:00,31.284862853499362
2025-08-15 17:29:26.658537+00:00,31.29001350933686
2025-08-15 17:29:28.006718+00:00,31.29001350933686
2025-08-15 17:29:29.382843+00:00,31.279712197952904
2025-08-15 17:29:31.623305+00:00,31.269410887733102
2025-08-15 17:29:32.824813+00:00,31.284862853499362
2025-08-15 17:29:33.467348+00:00,31.26426023305976
2025-08-15 17:29:35.198252+00:00,31.279712197952904
2025-08-15 17:29:36.038707+00:00,31.274561542697484
2025-08-15 17:29:37.670637+00:00,31.279712197952904
2025-08-15 17:29:38.940780+00:00,31.26426023305976
2025-08-15 17:29:39.591989+00:00,31.26426023305976
2025-08-15 17:29:42.108158+00:00,31.269410887733102
2025-08-15 17:29:44.174446+00:00,31.259109578677453
2025-08-15 17:29:44.473295+00:00,31.259109578677453
2025-08-15 17:29:50.164392+00:00,31.274561542697484
2025-08-15 17:29:51.010873+00:00,31.259109578677453
2025-08-15 17:29:51.590844+00:00,31.259109578677453
2025-08-15 17:29:51.840006+00:00,31.26426023305976
2025-08-15 17:29:53.179328+00:00,31.259109578677453
2025-08-15 17:29:55.350978+00:00,31.26426023305976
2025-08-15 17:29:56.220299+00:00,31.269410887733102
2025-08-15 17:29:58.015309+00:00,31.26426023305976
2025-08-15 17:29:59.815838+00:00,31.243657617276767
2025-08-15 17:30:05.930530+00:00,31.259109578677453
2025-08-15 17:30:06.515233+00:00,31.253958924586186
2025-08-15 17:30:07.226764+00:00,31.259109578677453
2025-08-15 17:30:07.981554+00:00,31.26426023305976
2025-08-15 17:30:09.087286+00:00,31.259109578677453
2025-08-15 17:30:18.047494+00:00,31.259109578677453
2025-08-15 17:30:21.715694+00:00,31.269410887733102
2025-08-15 17:30:22.247219+00:00,31.300314821884967
2025-08-15 17:30:22.722989+00:00,31.300314821884967
2025-08-15 17:30:23.177069+00:00,31.300314821884967
2025-08-15 17:30:24.064010+00:00,31.29001350933686
2025-08-15 17:30:24.481672+00:00,31.29001350933686
2025-08-15 17:30:24.848130+00:00,31.29001350933686
2025-08-15 17:30:25.715412+00:00,31.31061613559723
2025-08-15 17:30:26.065768+00:00,31.31061613559723
2025-08-15 17:30:26.432115+00:00,31.31061613559723
2025-08-15 17:30:29.904131+00:00,31.320917450473644
2025-08-15 17:30:31.503744+00:00,31.320917450473644
2025-08-15 17:30:33.380739+00:00,31.331218766514212
2025-08-15 17:30:33.889253+00:00,31.336369424971053
2025-08-15 17:30:39.905864+00:00,31.367273381823907
2025-08-15 17:30:45.114456+00:00,31.367273381823907
2025-08-15 17:30:51.755346+00:00,31.372424042318016
2025-08-15 17:30:52.246088+00:00,31.40332801139448
2025-08-15 17:30:53.452310+00:00,31.408478673925856
2025-08-15 17:30:56.385050+00:00,31.413629336748272
2025-08-15 17:30:57.371852+00:00,31.413629336748272
2025-08-15 17:31:00.570796+00:00,31.413629336748272
2025-08-15 17:31:04.879981+00:00,31.439382655225927
2025-08-15 17:31:07.353405+00:00,31.43423199094832
2025-08-15 17:31:07.964681+00:00,31.42908132696175
2025-08-15 17:31:08.580038+00:00,31.439382655225927
2025-08-15 17:31:15.256912+00:00,31.42393066326622
2025-08-15 17:31:15.614145+00:00,31.43423199094832
2025-08-15 17:31:15.923062+00:00,31.43423199094832
2025-08-15 17:31:16.305048+00:00,31.439382655225927
2025-08-15 17:31:19.771362+00:00,31.444533319794573
2025-08-15 17:31:20.320428+00:00,31.413629336748272
2025-08-15 17:31:21.246953+00:00,31.42393066326622
2025-08-15 17:31:23.283128+00:00,31.42908132696175
2025-08-15 17:31:25.494497+00:00,31.42393066326622
2025-08-15 17:31:26.021569+00:00,31.418779999861727
2025-08-15 17:31:26.698572+00:00,31.42393066326622
2025-08-15 17:31:27.408513+00:00,31.413629336748272
2025-08-15 17:31:28.770692+00:00,31.408478673925856
2025-08-15 17:31:29.178600+00:00,31.418779999861727
2025-08-15 17:31:32.553983+00:00,31.439382655225927
2025-08-15 17:31:35.179774+00:00,31.444533319794573
2025-08-15 17:31:35.446289+00:00,31.444533319794573
2025-08-15 17:31:36.649159+00:00,31.449683984654257
2025-08-15 17:31:37.304067+00:00,31.449683984654257
2025-08-15 17:31:38.113023+00:00,31.444533319794573
2025-08-15 17:31:39.857573+00:00,31.45998531524674
2025-08-15 17:31:41.328600+00:00,31.45998531524674
2025-08-15 17:31:41.805163+00:00,31.449683984654257
2025-08-15 17:31:42.239638+00:00,31.45998531524674
2025-08-15 17:31:45.181278+00:00,31.45483464980498
2025-08-15 17:31:46.523153+00:00,31.444533319794573
2025-08-15 17:31:47.413898+00:00,31.449683984654257
2025-08-15 17:31:49.322223+00:00,31.449683984654257
2025-08-15 17:31:49.671733+00:00,31.444533319794573
2025-08-15 17:31:49.932739+00:00,31.444533319794573
2025-08-15 17:31:50.568467+00:00,31.449683984654257
2025-08-15 17:31:50.793458+00:00,31.45483464980498
2025-08-15 17:31:51.377885+00:00,31.449683984654257
2025-08-15 17:31:52.683724+00:00,31.444533319794573
2025-08-15 17:31:53.074361+00:00,31.449683984654257
2025-08-15 17:31:53.879973+00:00,31.45483464980498
2025-08-15 17:31:54.429208+00:00,31.449683984654257
2025-08-15 17:31:58.779417+00:00,31.45998531524674
2025-08-15 17:32:00.502981+00:00,31.449683984654257
2025-08-15 17:32:00.936945+00:00,31.43423199094832
2025-08-15 17:32:04.684042+00:00,31.43423199094832
2025-08-15 17:32:08.196493+00:00,31.413629336748272
2025-08-15 17:32:20.619444+00:00,31.393026687204838
2025-08-15 17:32:21.156902+00:00,31.38272536417935
2025-08-15 17:32:21.487051+00:00,31.393026687204838
2025-08-15 17:32:22.928146+00:00,31.40332801139448
2025-08-15 17:32:29.363717+00:00,31.39817734915414
2025-08-15 17:32:29.847567+00:00,31.393026687204838
2025-08-15 17:32:35.852510+00:00,31.38272536417935
2025-08-15 17:32:37.773215+00:00,31.377574703103164
2025-08-15 17:32:38.237894+00:00,31.377574703103164
2025-08-15 17:32:38.913178+00:00,31.372424042318016
2025-08-15 17:32:39.836200+00:00,31.377574703103164
2025-08-15 17:32:43.121438+00:00,31.372424042318016
2025-08-15 17:32:43.506590+00:00,31.367273381823907
2025-08-15 17:32:43.932696+00:00,31.372424042318016
2025-08-15 17:32:44.157851+00:00,31.367273381823907
2025-08-15 17:32:44.741910+00:00,31.367273381823907
2025-08-15 17:32:48.554290+00:00,31.372424042318016
2025-08-15 17:32:49.454521+00:00,31.367273381823907
2025-08-15 17:32:49.846184+00:00,31.362122721620835
2025-08-15 17:32:51.317783+00:00,31.367273381823907
2025-08-15 17:32:51.701171+00:00,31.367273381823907
2025-08-15 17:32:52.198756+00:00,31.372424042318016
2025-08-15 17:32:52.955013+00:00,31.377574703103164
2025-08-15 17:32:53.365118+00:00,31.367273381823907
2025-08-15 17:32:54.125827+00:00,31.367273381823907
2025-08-15 17:32:56.255684+00:00,31.362122721620835
2025-08-15 17:33:01.050381+00:00,31.367273381823907
2025-08-15 17:33:01.494058+00:00,31.362122721620835
2025-08-15 17:33:01.837141+00:00,31.356972061708802
2025-08-15 17:33:03.044633+00:00,31.351821402087808
2025-08-15 17:33:03.506785+00:00,31.351821402087808
2025-08-15 17:33:03.974432+00:00,31.362122721620835
2025-08-15 17:33:04.426310+00:00,31.356972061708802
2025-08-15 17:33:04.835868+00:00,31.356972061708802
2025-08-15 17:33:05.587527+00:00,31.362122721620835
2025-08-15 17:33:05.977827+00:00,31.356972061708802
2025-08-15 17:33:06.600567+00:00,31.351821402087808
2025-08-15 17:33:07.237319+00:00,31.362122721620835
2025-08-15 17:33:07.870661+00:00,31.362122721620835
2025-08-15 17:33:13.828261+00:00,31.34667074275785
2025-08-15 17:33:14.463542+00:00,31.341520083718933
2025-08-15 17:33:16.523681+00:00,31.34667074275785
2025-08-15 17:33:18.330035+00:00,31.351821402087808
2025-08-15 17:33:19.692944+00:00,31.351821402087808
2025-08-15 17:33:23.952946+00:00,31.367273381823907
2025-08-15 17:33:26.525261+00:00,31.34667074275785
2025-08-15 17:33:26.961137+00:00,31.351821402087808
2025-08-15 17:33:27.261167+00:00,31.351821402087808
2025-08-15 17:33:28.204222+00:00,31.356972061708802
2025-08-15 17:33:28.371692+00:00,31.351821402087808
2025-08-15 17:33:28.638586+00:00,31.351821402087808
2025-08-15 17:33:28.848865+00:00,31.341520083718933
2025-08-15 17:33:29.169026+00:00,31.351821402087808
2025-08-15 17:33:29.707373+00:00,31.34667074275785
2025-08-15 17:33:33.521696+00:00,31.34667074275785
2025-08-15 17:33:34.745329+00:00,31.341520083718933
2025-08-15 17:33:35.895468+00:00,31.336369424971053
2025-08-15 17:33:36.258936+00:00,31.331218766514212
2025-08-15 17:33:37.987415+00:00,31.331218766514212
2025-08-15 17:33:38.214361+00:00,31.331218766514212
2025-08-15 17:33:38.482785+00:00,31.331218766514212
2025-08-15 17:33:38.756814+00:00,31.341520083718933
2025-08-15 17:33:41.075248+00:00,31.336369424971053
2025-08-15 17:33:42.235163+00:00,31.320917450473644
2025-08-15 17:33:43.199663+00:00,31.331218766514212
2025-08-15 17:33:43.839147+00:00,31.331218766514212
2025-08-15 17:33:46.927269+00:00,31.315766792889917
2025-08-15 17:33:49.386098+00:00,31.31061613559723
2025-08-15 17:33:49.620105+00:00,31.315766792889917
2025-08-15 17:33:49.835543+00:00,31.331218766514212
2025-08-15 17:33:49.995884+00:00,31.336369424971053
2025-08-15 17:33:50.974124+00:00,31.32606810834841
2025-08-15 17:33:52.353200+00:00,31.32606810834841
2025-08-15 17:33:53.653691+00:00,31.336369424971053
2025-08-15 17:33:53.946407+00:00,31.320917450473644
2025-08-15 17:33:56.480636+00:00,31.320917450473644
2025-08-15 17:33:57.516287+00:00,31.320917450473644
2025-08-15 17:33:58.982381+00:00,31.315766792889917
2025-08-15 17:33:59.387593+00:00,31.320917450473644
2025-08-15 17:33:59.611296+00:00,31.32606810834841
2025-08-15 17:33:59.923384+00:00,31.320917450473644
2025-08-15 17:34:01.391946+00:00,31.315766792889917
2025-08-15 17:34:03.709125+00:00,31.31061613559723
2025-08-15 17:34:04.607903+00:00,31.31061613559723
2025-08-15 17:34:07.858680+00:00,31.300314821884967
2025-08-15 17:34:09.536536+00:00,31.29001350933686
2025-08-15 17:34:11.894640+00:00,31.295164165465394
2025-08-15 17:34:13.627684+00:00,31.31061613559723
2025-08-15 17:34:14.020074+00:00,31.300314821884967
2025-08-15 17:34:14.255597+00:00,31.31061613559723
2025-08-15 17:34:16.375831+00:00,31.300314821884967
2025-08-15 17:34:18.790259+00:00,31.30546547859558
2025-08-15 17:34:25.581763+00:00,31.295164165465394
2025-08-15 17:34:25.901295+00:00,31.29001350933686
2025-08-15 17:34:26.592133+00:00,31.284862853499362
2025-08-15 17:34:30.191731+00:00,31.284862853499362
2025-08-15 17:34:33.785414+00:00,31.284862853499362
2025-08-15 17:34:34.546663+00:00,31.274561542697484
2025-08-15 17:34:37.051923+00:00,31.274561542697484
2025-08-15 17:34:38.478862+00:00,31.279712197952904
2025-08-15 17:34:38.918320+00:00,31.274561542697484
2025-08-15 17:34:39.140975+00:00,31.279712197952904
2025-08-15 17:34:39.410203+00:00,31.274561542697484
2025-08-15 17:34:40.092829+00:00,31.279712197952904
2025-08-15 17:34:42.485743+00:00,31.26426023305976
2025-08-15 17:34:42.768907+00:00,31.274561542697484
2025-08-15 17:34:43.125771+00:00,31.269410887733102
2025-08-15 17:34:44.473172+00:00,31.274561542697484
2025-08-15 17:34:45.018174+00:00,31.279712197952904
2025-08-15 17:34:47.182980+00:00,31.269410887733102
2025-08-15 17:34:48.733057+00:00,31.269410887733102
2025-08-15 17:34:49.783234+00:00,31.274561542697484
2025-08-15 17:34:50.384023+00:00,31.269410887733102
2025-08-15 17:34:50.758200+00:00,31.269410887733102
2025-08-15 17:34:51.118094+00:00,31.259109578677453
2025-08-15 17:34:51.560609+00:00,31.269410887733102
2025-08-15 17:34:51.804575+00:00,31.269410887733102
2025-08-15 17:34:52.283007+00:00,31.279712197952904
2025-08-15 17:34:53.526215+00:00,31.269410887733102
2025-08-15 17:34:54.636242+00:00,31.274561542697484
2025-08-15 17:34:55.466225+00:00,31.274561542697484
2025-08-15 17:34:56.818627+00:00,31.269410887733102
2025-08-15 17:34:57.046582+00:00,31.274561542697484
2025-08-15 17:34:58.534357+00:00,31.259109578677453
2025-08-15 17:34:59.517274+00:00,31.274561542697484
2025-08-15 17:35:01.632106+00:00,31.26426023305976
2025-08-15 17:35:02.901220+00:00,31.274561542697484
2025-08-15 17:35:04.914575+00:00,31.274561542697484
2025-08-15 17:35:08.637426+00:00,31.279712197952904
2025-08-15 17:35:10.523697+00:00,31.274561542697484
2025-08-15 17:35:15.809630+00:00,31.269410887733102
2025-08-15 17:35:19.338540+00:00,31.274561542697484
2025-08-15 17:35:22.347988+00:00,31.279712197952904
2025-08-15 17:35:23.524447+00:00,31.269410887733102
2025-08-15 17:35:24.079932+00:00,31.269410887733102
2025-08-15 17:35:25.425317+00:00,31.259109578677453
2025-08-15 17:35:27.799684+00:00,31.259109578677453
2025-08-15 17:35:28.249644+00:00,31.269410887733102
2025-08-15 17:35:31.365541+00:00,31.26426023305976
2025-08-15 17:35:35.917196+00:00,31.269410887733102
2025-08-15 17:35:36.685046+00:00,31.26426023305976
2025-08-15 17:35:37.611857+00:00,31.26426023305976
2025-08-15 17:35:39.742025+00:00,31.259109578677453
2025-08-15 17:35:42.152087+00:00,31.259109578677453
2025-08-15 17:35:45.501023+00:00,31.279712197952904
2025-08-15 17:35:48.892820+00:00,31.26426023305976
2025-08-15 17:35:49.275589+00:00,31.269410887733102
2025-08-15 17:35:52.941184+00:00,31.269410887733102
2025-08-15 17:35:53.200819+00:00,31.269410887733102
2025-08-15 17:35:53.524952+00:00,31.269410887733102
2025-08-15 17:35:55.512074+00:00,31.30546547859558
2025-08-15 17:36:02.515750+00:00,31.279712197952904
2025-08-15 17:36:03.541945+00:00,31.279712197952904
2025-08-15 17:36:06.183829+00:00,31.279712197952904
2025-08-15 17:36:07.070791+00:00,31.274561542697484
2025-08-15 17:36:07.924271+00:00,31.269410887733102
2025-08-15 17:36:10.116313+00:00,31.259109578677453
2025-08-15 17:36:10.627752+00:00,31.269410887733102
2025-08-15 17:36:12.156506+00:00,31.279712197952904
2025-08-15 17:36:14.292578+00:00,31.284862853499362
2025-08-15 17:36:14.694131+00:00,31.29001350933686
2025-08-15 17:36:14.977730+00:00,31.29001350933686
2025-08-15 17:36:15.387004+00:00,31.279712197952904
2025-08-15 17:36:15.762404+00:00,31.284862853499362
2025-08-15 17:36:16.431237+00:00,31.284862853499362
2025-08-15 17:36:17.164981+00:00,31.26426023305976
2025-08-15 17:36:21.034144+00:00,31.253958924586186
2025-08-15 17:36:22.172310+00:00,31.259109578677453
2025-08-15 17:36:25.322345+00:00,31.274561542697484
2025-08-15 17:36:28.657302+00:00,31.259109578677453
2025-08-15 17:36:29.777787+00:00,31.248808270785958
2025-08-15 17:36:35.317125+00:00,31.253958924586186
2025-08-15 17:36:36.026251+00:00,31.253958924586186
2025-08-15 17:36:37.816482+00:00,31.248808270785958
2025-08-15 17:36:38.197001+00:00,31.248808270785958
2025-08-15 17:36:40.150587+00:00,31.243657617276767
2025-08-15 17:36:40.591756+00:00,31.259109578677453
2025-08-15 17:36:40.858236+00:00,31.253958924586186
2025-08-15 17:36:41.156286+00:00,31.26426023305976
2025-08-15 17:36:41.640773+00:00,31.259109578677453
2025-08-15 17:36:43.479582+00:00,31.259109578677453
2025-08-15 17:36:44.213707+00:00,31.259109578677453
2025-08-15 17:36:44.647918+00:00,31.253958924586186
2025-08-15 17:36:45.149971+00:00,31.269410887733102
2025-08-15 17:36:48.208522+00:00,31.26426023305976
2025-08-15 17:36:50.964768+00:00,31.274561542697484
2025-08-15 17:36:52.857993+00:00,31.29001350933686
2025-08-15 17:36:53.442432+00:00,31.279712197952904
2025-08-15 17:36:53.748269+00:00,31.29001350933686
2025-08-15 17:36:55.376927+00:00,31.29001350933686
2025-08-15 17:36:55.569190+00:00,31.284862853499362
2025-08-15 17:36:56.589581+00:00,31.29001350933686
2025-08-15 17:36:58.725189+00:00,31.279712197952904
2025-08-15 17:37:01.821577+00:00,31.284862853499362
2025-08-15 17:37:02.250145+00:00,31.279712197952904
2025-08-15 17:37:03.563941+00:00,31.269410887733102
2025-08-15 17:37:06.967784+00:00,31.279712197952904
2025-08-15 17:37:07.345578+00:00,31.269410887733102
2025-08-15 17:37:10.146070+00:00,31.259109578677453
2025-08-15 17:37:12.454524+00:00,31.26426023305976
2025-08-15 17:37:13.003652+00:00,31.269410887733102
2025-08-15 17:37:16.436704+00:00,31.259109578677453
2025-08-15 17:37:16.928545+00:00,31.269410887733102
2025-08-15 17:37:17.306789+00:00,31.274561542697484
2025-08-15 17:37:17.682393+00:00,31.269410887733102
2025-08-15 17:37:18.216438+00:00,31.26426023305976
2025-08-15 17:37:20.491217+00:00,31.259109578677453
2025-08-15 17:37:20.756370+00:00,31.274561542697484
2025-08-15 17:37:20.965998+00:00,31.269410887733102
2025-08-15 17:37:21.241269+00:00,31.26426023305976
2025-08-15 17:37:21.498935+00:00,31.274561542697484
2025-08-15 17:37:22.069567+00:00,31.274561542697484
2025-08-15 17:37:24.584852+00:00,31.26426023305976
2025-08-15 17:37:24.968118+00:00,31.279712197952904
2025-08-15 17:37:25.946314+00:00,31.279712197952904
2025-08-15 17:37:27.331340+00:00,31.269410887733102
2025-08-15 17:37:27.662445+00:00,31.269410887733102
2025-08-15 17:37:29.872779+00:00,31.269410887733102
2025-08-15 17:37:32.950448+00:00,31.26426023305976
2025-08-15 17:37:35.231486+00:00,31.253958924586186
2025-08-15 17:37:36.075003+00:00,31.253958924586186
2025-08-15 17:37:37.240409+00:00,31.248808270785958
2025-08-15 17:37:39.107133+00:00,31.269410887733102
2025-08-15 17:37:41.321946+00:00,31.259109578677453
2025-08-15 17:37:42.324188+00:00,31.259109578677453
2025-08-15 17:37:43.356775+00:00,31.259109578677453
2025-08-15 17:37:44.939466+00:00,31.253958924586186
2025-08-15 17:37:49.295984+00:00,31.259109578677453
2025-08-15 17:37:50.840053+00:00,31.253958924586186
2025-08-15 17:37:51.982150+00:00,31.238506964058615
2025-08-15 17:37:53.803726+00:00,31.253958924586186
2025-08-15 17:37:54.979807+00:00,31.238506964058615
2025-08-15 17:37:55.648535+00:00,31.248808270785958
2025-08-15 17:37:55.875896+00:00,31.248808270785958
2025-08-15 17:37:56.323582+00:00,31.238506964058615
2025-08-15 17:37:56.552013+00:00,31.253958924586186
2025-08-15 17:37:57.457244+00:00,31.259109578677453
2025-08-15 17:37:58.724737+00:00,31.253958924586186
2025-08-15 17:38:00.252211+00:00,31.253958924586186
2025-08-15 17:38:02.301792+00:00,31.248808270785958
2025-08-15 17:38:03.651329+00:00,31.243657617276767
2025-08-15 17:38:05.276049+00:00,31.243657617276767
2025-08-15 17:38:11.393811+00:00,31.238506964058615
2025-08-15 17:38:14.351436+00:00,31.238506964058615
2025-08-15 17:38:17.011751+00:00,31.26426023305976
2025-08-15 17:38:18.208909+00:00,31.259109578677453
2025-08-15 17:38:21.729034+00:00,31.269410887733102
2025-08-15 17:38:21.984469+00:00,31.269410887733102
2025-08-15 17:38:22.312057+00:00,31.279712197952904
2025-08-15 17:38:23.533428+00:00,31.269410887733102
2025-08-15 17:38:24.871251+00:00,31.269410887733102
2025-08-15 17:38:26.091537+00:00,31.274561542697484
2025-08-15 17:38:26.759893+00:00,31.269410887733102
2025-08-15 17:38:30.004452+00:00,31.274561542697484
2025-08-15 17:38:31.302044+00:00,31.269410887733102
2025-08-15 17:38:35.947852+00:00,31.279712197952904
2025-08-15 17:38:37.540374+00:00,31.259109578677453
2025-08-15 17:38:38.099513+00:00,31.26426023305976
2025-08-15 17:38:39.705896+00:00,31.253958924586186
2025-08-15 17:38:40.329533+00:00,31.259109578677453
2025-08-15 17:38:42.261354+00:00,31.26426023305976
2025-08-15 17:38:42.647294+00:00,31.269410887733102
2025-08-15 17:38:42.880209+00:00,31.26426023305976
2025-08-15 17:38:43.781003+00:00,31.26426023305976
2025-08-15 17:38:45.574169+00:00,31.259109578677453
2025-08-15 17:38:50.063285+00:00,31.253958924586186
2025-08-15 17:38:51.007892+00:00,31.259109578677453
2025-08-15 17:38:52.221949+00:00,31.26426023305976
2025-08-15 17:38:53.280452+00:00,31.274561542697484
2025-08-15 17:38:53.897453+00:00,31.274561542697484
2025-08-15 17:38:56.005722+00:00,31.284862853499362
2025-08-15 17:38:56.672652+00:00,31.274561542697484
2025-08-15 17:38:58.279183+00:00,31.279712197952904
2025-08-15 17:38:59.021591+00:00,31.284862853499362
2025-08-15 17:39:03.773536+00:00,31.284862853499362
2025-08-15 17:39:04.204971+00:00,31.29001350933686
2025-08-15 17:39:04.623225+00:00,31.284862853499362
2025-08-15 17:39:04.975676+00:00,31.300314821884967
2025-08-15 17:39:06.568763+00:00,31.295164165465394
2025-08-15 17:39:08.660076+00:00,31.300314821884967
2025-08-15 17:39:12.034954+00:00,31.30546547859558
2025-08-15 17:39:13.367934+00:00,31.31061613559723
2025-08-15 17:39:14.262380+00:00,31.320917450473644
2025-08-15 17:39:15.463860+00:00,31.315766792889917
2025-08-15 17:39:15.849907+00:00,31.315766792889917
2025-08-15 17:39:18.598968+00:00,31.315766792889917
2025-08-15 17:39:18.841703+00:00,31.30546547859558
2025-08-15 17:39:19.812262+00:00,31.30546547859558
2025-08-15 17:39:20.345569+00:00,31.315766792889917
2025-08-15 17:39:20.577649+00:00,31.320917450473644
2025-08-15 17:39:20.863461+00:00,31.320917450473644
2025-08-15 17:39:22.784734+00:00,31.31061613559723
2025-08-15 17:39:23.595561+00:00,31.315766792889917
2025-08-15 17:39:24.721448+00:00,31.31061613559723
2025-08-15 17:39:25.941703+00:00,31.30546547859558
2025-08-15 17:39:26.810201+00:00,31.315766792889917
2025-08-15 17:39:29.827028+00:00,31.31061613559723
2025-08-15 17:39:35.448113+00:00,31.30546547859558
2025-08-15 17:39:36.655242+00:00,31.300314821884967
2025-08-15 17:39:37.200280+00:00,31.295164165465394
2025-08-15 17:39:38.361029+00:00,31.295164165465394
2025-08-15 17:39:38.839334+00:00,31.31061613559723
2025-08-15 17:39:39.363185+00:00,31.300314821884967
2025-08-15 17:39:39.848966+00:00,31.300314821884967
2025-08-15 17:39:40.098650+00:00,31.300314821884967
2025-08-15 17:39:40.318955+00:00,31.295164165465394
2025-08-15 17:39:41.219931+00:00,31.300314821884967
2025-08-15 17:39:41.928453+00:00,31.29001350933686
2025-08-15 17:39:42.297043+00:00,31.284862853499362
2025-08-15 17:39:43.282454+00:00,31.295164165465394
2025-08-15 17:39:47.984886+00:00,31.274561542697484
2025-08-15 17:39:48.908769+00:00,31.269410887733102
2025-08-15 17:39:50.586405+00:00,31.269410887733102
2025-08-15 17:39:53.032316+00:00,31.26426023305976
2025-08-15 17:39:55.713686+00:00,31.238506964058615
2025-08-15 17:39:58.445294+00:00,31.26426023305976
2025-08-15 17:39:59.221637+00:00,31.26426023305976
2025-08-15 17:40:03.641028+00:00,31.269410887733102
2025-08-15 17:40:04.525245+00:00,31.274561542697484
2025-08-15 17:40:07.700499+00:00,31.248808270785958
2025-08-15 17:40:09.813119+00:00,31.253958924586186
2025-08-15 17:40:13.517834+00:00,31.248808270785958
2025-08-15 17:40:15.809333+00:00,31.26426023305976
2025-08-15 17:40:17.741876+00:00,31.248808270785958
2025-08-15 17:40:19.359850+00:00,31.253958924586186
2025-08-15 17:40:23.817912+00:00,31.259109578677453
2025-08-15 17:40:29.364296+00:00,31.259109578677453
2025-08-15 17:40:31.149943+00:00,31.279712197952904
2025-08-15 17:40:31.712056+00:00,31.274561542697484
2025-08-15 17:40:32.146327+00:00,31.279712197952904
2025-08-15 17:40:34.637497+00:00,31.274561542697484
2025-08-15 17:40:39.416780+00:00,31.269410887733102
2025-08-15 17:40:41.729981+00:00,31.269410887733102
2025-08-15 17:40:42.457558+00:00,31.269410887733102
2025-08-15 17:40:45.596350+00:00,31.284862853499362
2025-08-15 17:40:46.834974+00:00,31.284862853499362
2025-08-15 17:40:49.863886+00:00,31.284862853499362
2025-08-15 17:40:50.625289+00:00,31.295164165465394
2025-08-15 17:40:51.545764+00:00,31.29001350933686
2025-08-15 17:40:53.356391+00:00,31.279712197952904
2025-08-15 17:40:54.118085+00:00,31.274561542697484
2025-08-15 17:40:55.994935+00:00,31.269410887733102
2025-08-15 17:40:57.734538+00:00,31.269410887733102
2025-08-15 17:40:59.632754+00:00,31.269410887733102
2025-08-15 17:41:01.874353+00:00,31.26426023305976
2025-08-15 17:41:03.938999+00:00,31.248808270785958
2025-08-15 17:41:04.483693+00:00,31.259109578677453
2025-08-15 17:41:05.929688+00:00,31.238506964058615
2025-08-15 17:41:06.369965+00:00,31.253958924586186
2025-08-15 17:41:06.748563+00:00,31.253958924586186
2025-08-15 17:41:07.927533+00:00,31.243657617276767
2025-08-15 17:41:08.395792+00:00,31.259109578677453
2025-08-15 17:41:12.045122+00:00,31.238506964058615
2025-08-15 17:41:12.702984+00:00,31.2333563111315
2025-08-15 17:41:12.964208+00:00,31.228205658495426
2025-08-15 17:41:13.944516+00:00,31.238506964058615
2025-08-15 17:41:14.835641+00:00,31.19215109819197
2025-08-15 17:41:19.360112+00:00,31.228205658495426
2025-08-15 17:41:21.201842+00:00,31.228205658495426
2025-08-15 17:41:21.761004+00:00,31.2333563111315
2025-08-15 17:41:25.235633+00:00,31.22305500615039
2025-08-15 17:41:28.911791+00:00,31.21790435409639
2025-08-15 17:41:29.300949+00:00,31.2333563111315
2025-08-15 17:41:29.756814+00:00,31.2333563111315
2025-08-15 17:41:29.981163+00:00,31.238506964058615
2025-08-15 17:41:30.786145+00:00,31.238506964058615
2025-08-15 17:41:31.284309+00:00,31.228205658495426
2025-08-15 17:41:31.936691+00:00,31.228205658495426
2025-08-15 17:41:32.515107+00:00,31.228205658495426
2025-08-15 17:41:32.980953+00:00,31.228205658495426
2025-08-15 17:41:33.356142+00:00,31.2333563111315
2025-08-15 17:41:33.760139+00:00,31.2333563111315
2025-08-15 17:41:34.354680+00:00,31.2333563111315
2025-08-15 17:41:34.642810+00:00,31.228205658495426
2025-08-15 17:41:35.001218+00:00,31.22305500615039
2025-08-15 17:41:35.849432+00:00,31.228205658495426
2025-08-15 17:41:36.300933+00:00,31.238506964058615
2025-08-15 17:41:40.953535+00:00,31.228205658495426
2025-08-15 17:41:41.310384+00:00,31.228205658495426
2025-08-15 17:41:43.234398+00:00,31.22305500615039
2025-08-15 17:41:44.756657+00:00,31.22305500615039
2025-08-15 17:41:49.893908+00:00,31.22305500615039
2025-08-15 17:41:50.543091+00:00,31.21275370233343
2025-08-15 17:41:52.985018+00:00,31.21790435409639
2025-08-15 17:41:53.577822+00:00,31.207603050861508
2025-08-15 17:41:54.395549+00:00,31.21790435409639
2025-08-15 17:41:54.907357+00:00,31.22305500615039
2025-08-15 17:41:56.043438+00:00,31.21790435409639
2025-08-15 17:41:57.420457+00:00,31.21790435409639
2025-08-15 17:41:58.399187+00:00,31.21790435409639
2025-08-15 17:41:59.393669+00:00,31.21790435409639
2025-08-15 17:42:06.522695+00:00,31.21790435409639
2025-08-15 17:42:08.273054+00:00,31.21790435409639
2025-08-15 17:42:08.633769+00:00,31.228205658495426
2025-08-15 17:42:11.369500+00:00,31.2333563111315
2025-08-15 17:42:13.593478+00:00,31.21790435409639
2025-08-15 17:42:16.154282+00:00,31.22305500615039
2025-08-15 17:42:20.401238+00:00,31.22305500615039
2025-08-15 17:42:21.313573+00:00,31.21790435409639
2025-08-15 17:42:21.696958+00:00,31.21790435409639
2025-08-15 17:42:22.909699+00:00,31.21790435409639
2025-08-15 17:42:23.128525+00:00,31.228205658495426
2025-08-15 17:42:24.308252+00:00,31.228205658495426
2025-08-15 17:42:25.330948+00:00,31.228205658495426
2025-08-15 17:42:25.842012+00:00,31.228205658495426
2025-08-15 17:42:28.202380+00:00,31.21790435409639
2025-08-15 17:42:32.300133+00:00,31.22305500615039
2025-08-15 17:42:32.680090+00:00,31.228205658495426
2025-08-15 17:42:33.204129+00:00,31.228205658495426
2025-08-15 17:42:33.743347+00:00,31.21790435409639
2025-08-15 17:42:34.142683+00:00,31.22305500615039
2025-08-15 17:42:34.582214+00:00,31.21790435409639
2025-08-15 17:42:36.608270+00:00,31.228205658495426
2025-08-15 17:42:37.523640+00:00,31.238506964058615
2025-08-15 17:42:38.460882+00:00,31.2333563111315
2025-08-15 17:42:39.259125+00:00,31.238506964058615
2025-08-15 17:42:43.202959+00:00,31.238506964058615
2025-08-15 17:42:44.730422+00:00,31.253958924586186
2025-08-15 17:42:45.419807+00:00,31.253958924586186
2025-08-15 17:42:45.871474+00:00,31.253958924586186
2025-08-15 17:42:46.321151+00:00,31.253958924586186
2025-08-15 17:42:51.295583+00:00,31.269410887733102
2025-08-15 17:42:51.762877+00:00,31.26426023305976
2025-08-15 17:42:53.653930+00:00,31.274561542697484
2025-08-15 17:42:54.834541+00:00,31.279712197952904
2025-08-15 17:42:55.073118+00:00,31.279712197952904
2025-08-15 17:42:57.930666+00:00,31.284862853499362
2025-08-15 17:42:58.290215+00:00,31.269410887733102
2025-08-15 17:42:58.525789+00:00,31.269410887733102
2025-08-15 17:43:00.053132+00:00,31.269410887733102
2025-08-15 17:43:00.679119+00:00,31.274561542697484
2025-08-15 17:43:01.213497+00:00,31.279712197952904
2025-08-15 17:43:01.552191+00:00,31.274561542697484
2025-08-15 17:43:02.229367+00:00,31.269410887733102
2025-08-15 17:43:03.893579+00:00,31.269410887733102
2025-08-15 17:43:07.127755+00:00,31.259109578677453
2025-08-15 17:43:08.354450+00:00,31.26426023305976
2025-08-15 17:43:08.727896+00:00,31.269410887733102
2025-08-15 17:43:11.121834+00:00,31.243657617276767
2025-08-15 17:43:12.454870+00:00,31.253958924586186
2025-08-15 17:43:13.312692+00:00,31.253958924586186
2025-08-15 17:43:15.836411+00:00,31.259109578677453
2025-08-15 17:43:21.944134+00:00,31.248808270785958
2025-08-15 17:43:23.098401+00:00,31.248808270785958
2025-08-15 17:43:24.201053+00:00,31.248808270785958
2025-08-15 17:43:24.776341+00:00,31.248808270785958
2025-08-15 17:43:27.418060+00:00,31.26426023305976
2025-08-15 17:43:27.768783+00:00,31.253958924586186
2025-08-15 17:43:28.076503+00:00,31.253958924586186
2025-08-15 17:43:29.040123+00:00,31.248808270785958
2025-08-15 17:43:29.773418+00:00,31.259109578677453
2025-08-15 17:43:34.744316+00:00,31.248808270785958
2025-08-15 17:43:35.496315+00:00,31.248808270785958
2025-08-15 17:43:37.257356+00:00,31.238506964058615
2025-08-15 17:43:38.476083+00:00,31.259109578677453
2025-08-15 17:43:38.785565+00:00,31.26426023305976
2025-08-15 17:43:39.078461+00:00,31.269410887733102
2025-08-15 17:43:39.340863+00:00,31.269410887733102
2025-08-15 17:43:40.467316+00:00,31.279712197952904
2025-08-15 17:43:40.980659+00:00,31.274561542697484
2025-08-15 17:43:41.821413+00:00,31.279712197952904
2025-08-15 17:43:42.218691+00:00,31.26426023305976
2025-08-15 17:43:42.598951+00:00,31.269410887733102
2025-08-15 17:43:42.974473+00:00,31.274561542697484
2025-08-15 17:43:45.711793+00:00,31.269410887733102
2025-08-15 17:43:46.468996+00:00,31.279712197952904
2025-08-15 17:43:47.012144+00:00,31.269410887733102
2025-08-15 17:43:47.603165+00:00,31.274561542697484
2025-08-15 17:43:51.875021+00:00,31.274561542697484
2025-08-15 17:43:53.477834+00:00,31.26426023305976
2025-08-15 17:43:57.119112+00:00,31.26426023305976
2025-08-15 17:43:58.206998+00:00,31.259109578677453
2025-08-15 17:43:58.431052+00:00,31.253958924586186
2025-08-15 17:44:01.731137+00:00,31.26426023305976
2025-08-15 17:44:05.602254+00:00,31.248808270785958
2025-08-15 17:44:06.152535+00:00,31.248808270785958
2025-08-15 17:44:06.677971+00:00,31.259109578677453
2025-08-15 17:44:10.084468+00:00,31.248808270785958
2025-08-15 17:44:10.603904+00:00,31.243657617276767
2025-08-15 17:44:13.891392+00:00,31.243657617276767
2025-08-15 17:44:16.843881+00:00,31.2333563111315
2025-08-15 17:44:18.734083+00:00,31.238506964058615
2025-08-15 17:44:19.730385+00:00,31.2333563111315
2025-08-15 17:44:20.012800+00:00,31.238506964058615
2025-08-15 17:44:20.264651+00:00,31.238506964058615
2025-08-15 17:44:21.459085+00:00,31.2333563111315
2025-08-15 17:44:25.896901+00:00,31.22305500615039
2025-08-15 17:44:27.568270+00:00,31.228205658495426
2025-08-15 17:44:28.209733+00:00,31.22305500615039
2025-08-15 17:44:28.548838+00:00,31.22305500615039
2025-08-15 17:44:29.349024+00:00,31.238506964058615
2025-08-15 17:44:31.602358+00:00,31.22305500615039
2025-08-15 17:44:32.670506+00:00,31.21790435409639
2025-08-15 17:44:34.910056+00:00,31.22305500615039
2025-08-15 17:44:35.820074+00:00,31.22305500615039
2025-08-15 17:44:36.362053+00:00,31.228205658495426
2025-08-15 17:44:36.898032+00:00,31.228205658495426
2025-08-15 17:44:38.110690+00:00,31.22305500615039
2025-08-15 17:44:40.130042+00:00,31.22305500615039
2025-08-15 17:44:41.376573+00:00,31.21790435409639
2025-08-15 17:44:41.936633+00:00,31.21275370233343
2025-08-15 17:44:42.957905+00:00,31.207603050861508
2025-08-15 17:44:44.668643+00:00,31.202452399680624
2025-08-15 17:44:47.281875+00:00,31.21790435409639
2025-08-15 17:44:51.974817+00:00,31.21275370233343
2025-08-15 17:44:52.533530+00:00,31.22305500615039
2025-08-15 17:44:53.043119+00:00,31.22305500615039
2025-08-15 17:44:54.848341+00:00,31.228205658495426
2025-08-15 17:44:55.433139+00:00,31.2333563111315
2025-08-15 17:44:56.476528+00:00,31.238506964058615
2025-08-15 17:44:57.580401+00:00,31.248808270785958
2025-08-15 17:44:59.474023+00:00,31.243657617276767
2025-08-15 17:44:59.862110+00:00,31.248808270785958
2025-08-15 17:45:00.150211+00:00,31.248808270785958
2025-08-15 17:45:02.042671+00:00,31.248808270785958
2025-08-15 17:45:02.468634+00:00,31.248808270785958
2025-08-15 17:45:03.717352+00:00,31.243657617276767
2025-08-15 17:45:05.725445+00:00,31.243657617276767
2025-08-15 17:45:06.217022+00:00,31.238506964058615
2025-08-15 17:45:06.661942+00:00,31.243657617276767
2025-08-15 17:45:07.050315+00:00,31.2333563111315
2025-08-15 17:45:07.479302+00:00,31.238506964058615
2025-08-15 17:45:10.235938+00:00,31.248808270785958
2025-08-15 17:45:14.625543+00:00,31.243657617276767
2025-08-15 17:45:15.040936+00:00,31.228205658495426
2025-08-15 17:45:20.418591+00:00,31.22305500615039
2025-08-15 17:45:27.459586+00:00,31.238506964058615
2025-08-15 17:45:30.004443+00:00,31.2333563111315
2025-08-15 17:45:30.479780+00:00,31.2333563111315
2025-08-15 17:45:33.759492+00:00,31.238506964058615
2025-08-15 17:45:35.176672+00:00,31.269410887733102
2025-08-15 17:45:36.998416+00:00,31.274561542697484
2025-08-15 17:45:39.674743+00:00,31.284862853499362
2025-08-15 17:45:41.453403+00:00,31.29001350933686
2025-08-15 17:45:44.016291+00:00,31.29001350933686
2025-08-15 17:45:46.147300+00:00,31.295164165465394
2025-08-15 17:45:51.243709+00:00,31.295164165465394
2025-08-15 17:45:52.138568+00:00,31.29001350933686
2025-08-15 17:45:53.805092+00:00,31.279712197952904
2025-08-15 17:45:55.464849+00:00,31.274561542697484
2025-08-15 17:45:55.839683+00:00,31.269410887733102
2025-08-15 17:45:56.084406+00:00,31.274561542697484
2025-08-15 17:45:57.912715+00:00,31.274561542697484
2025-08-15 17:45:58.696460+00:00,31.269410887733102
2025-08-15 17:45:58.924205+00:00,31.26426023305976
2025-08-15 17:46:00.200727+00:00,31.269410887733102
2025-08-15 17:46:03.833802+00:00,31.253958924586186
2025-08-15 17:46:04.708741+00:00,31.248808270785958
2025-08-15 17:46:05.547215+00:00,31.26426023305976
2025-08-15 17:46:10.798711+00:00,31.269410887733102
2025-08-15 17:46:12.956008+00:00,31.274561542697484
2025-08-15 17:46:14.905240+00:00,31.269410887733102
2025-08-15 17:46:15.372323+00:00,31.284862853499362
2025-08-15 17:46:15.774596+00:00,31.279712197952904
2025-08-15 17:46:16.866183+00:00,31.274561542697484
2025-08-15 17:46:20.291233+00:00,31.269410887733102
2025-08-15 17:46:21.037463+00:00,31.26426023305976
2025-08-15 17:46:22.238186+00:00,31.259109578677453
2025-08-15 17:46:22.755293+00:00,31.253958924586186
2025-08-15 17:46:23.006869+00:00,31.259109578677453
2025-08-15 17:46:24.035994+00:00,31.259109578677453
2025-08-15 17:46:24.455584+00:00,31.248808270785958
2025-08-15 17:46:26.198344+00:00,31.259109578677453
2025-08-15 17:46:26.979507+00:00,31.269410887733102
2025-08-15 17:46:30.374007+00:00,31.259109578677453
2025-08-15 17:46:35.254129+00:00,31.253958924586186
2025-08-15 17:46:36.634492+00:00,31.243657617276767
2025-08-15 17:46:37.269261+00:00,31.243657617276767
2025-08-15 17:46:37.595693+00:00,31.248808270785958
2025-08-15 17:46:38.639170+00:00,31.253958924586186
2025-08-15 17:46:39.279476+00:00,31.248808270785958
2025-08-15 17:46:40.854782+00:00,31.238506964058615
2025-08-15 17:46:41.336581+00:00,31.253958924586186
2025-08-15 17:46:42.488723+00:00,31.243657617276767
2025-08-15 17:46:43.199202+00:00,31.253958924586186
2025-08-15 17:46:54.337528+00:00,31.2333563111315
2025-08-15 17:46:58.239101+00:00,31.2333563111315
2025-08-15 17:46:59.245944+00:00,31.228205658495426
2025-08-15 17:47:01.571402+00:00,31.22305500615039
2025-08-15 17:47:02.380390+00:00,31.21790435409639
2025-08-15 17:47:02.859007+00:00,31.228205658495426
2025-08-15 17:47:03.881526+00:00,31.2333563111315
2025-08-15 17:47:06.875061+00:00,31.22305500615039
2025-08-15 17:47:16.275111+00:00,31.243657617276767
2025-08-15 17:47:18.871329+00:00,31.259109578677453
2025-08-15 17:47:21.202292+00:00,31.253958924586186
2025-08-15 17:47:25.772508+00:00,31.26426023305976
2025-08-15 17:47:25.994678+00:00,31.274561542697484
2025-08-15 17:47:26.233086+00:00,31.269410887733102
2025-08-15 17:47:26.550009+00:00,31.26426023305976
2025-08-15 17:47:26.829004+00:00,31.259109578677453
2025-08-15 17:47:27.477687+00:00,31.259109578677453
2025-08-15 17:47:31.938532+00:00,31.253958924586186
2025-08-15 17:47:32.988787+00:00,31.253958924586186
2025-08-15 17:47:33.523089+00:00,31.253958924586186
2025-08-15 17:47:34.084905+00:00,31.248808270785958
2025-08-15 17:47:35.715761+00:00,31.248808270785958
2025-08-15 17:47:35.870412+00:00,31.238506964058615
2025-08-15 17:47:36.250251+00:00,31.238506964058615
2025-08-15 17:47:37.940075+00:00,31.248808270785958
2025-08-15 17:47:39.510234+00:00,31.243657617276767
2025-08-15 17:47:40.278136+00:00,31.248808270785958
2025-08-15 17:47:42.820440+00:00,31.248808270785958
2025-08-15 17:47:43.112334+00:00,31.259109578677453
2025-08-15 17:47:44.097942+00:00,31.26426023305976
2025-08-15 17:47:46.537687+00:00,31.253958924586186
2025-08-15 17:47:47.058599+00:00,31.253958924586186
2025-08-15 17:47:47.497428+00:00,31.259109578677453
2025-08-15 17:47:48.373250+00:00,31.259109578677453
2025-08-15 17:47:49.110865+00:00,31.26426023305976
2025-08-15 17:47:49.784580+00:00,31.259109578677453
2025-08-15 17:47:52.888330+00:00,31.259109578677453
2025-08-15 17:47:53.991704+00:00,31.248808270785958
2025-08-15 17:47:56.983592+00:00,31.26426023305976
2025-08-15 17:47:57.227000+00:00,31.269410887733102
2025-08-15 17:47:57.995755+00:00,31.259109578677453
2025-08-15 17:47:59.031215+00:00,31.26426023305976
2025-08-15 17:47:59.578874+00:00,31.259109578677453
2025-08-15 17:48:04.555217+00:00,31.259109578677453
2025-08-15 17:48:07.485659+00:00,31.248808270785958
2025-08-15 17:48:08.913930+00:00,31.269410887733102
2025-08-15 17:48:13.105407+00:00,31.26426023305976
2025-08-15 17:48:13.460829+00:00,31.253958924586186
2025-08-15 17:48:16.547635+00:00,31.248808270785958
2025-08-15 17:48:20.028476+00:00,31.238506964058615
2025-08-15 17:48:21.992940+00:00,31.238506964058615
2025-08-15 17:48:22.939021+00:00,31.22305500615039
2025-08-15 17:48:24.092061+00:00,31.22305500615039
2025-08-15 17:48:24.626755+00:00,31.2333563111315
2025-08-15 17:48:25.211191+00:00,31.228205658495426
2025-08-15 17:48:27.202033+00:00,31.22305500615039
2025-08-15 17:48:27.486884+00:00,31.22305500615039
2025-08-15 17:48:27.936186+00:00,31.22305500615039
2025-08-15 17:48:31.606669+00:00,31.207603050861508
2025-08-15 17:48:32.434050+00:00,31.21790435409639
2025-08-15 17:48:36.019301+00:00,31.207603050861508
2025-08-15 17:48:38.028323+00:00,31.207603050861508
2025-08-15 17:48:38.839388+00:00,31.207603050861508
2025-08-15 17:48:39.123850+00:00,31.207603050861508
2025-08-15 17:48:39.455268+00:00,31.202452399680624
2025-08-15 17:48:39.703073+00:00,31.202452399680624
2025-08-15 17:48:39.916916+00:00,31.21275370233343
2025-08-15 17:48:42.269284+00:00,31.202452399680624
2025-08-15 17:48:43.737204+00:00,31.197301748790778
2025-08-15 17:48:44.061922+00:00,31.18184979786747
2025-08-15 17:48:44.809598+00:00,31.187000447884202
2025-08-15 17:48:45.177138+00:00,31.197301748790778
2025-08-15 17:48:46.801920+00:00,31.202452399680624
2025-08-15 17:48:51.301706+00:00,31.197301748790778
2025-08-15 17:48:52.015351+00:00,31.207603050861508
2025-08-15 17:48:53.779908+00:00,31.197301748790778
2025-08-15 17:48:57.934703+00:00,31.202452399680624
2025-08-15 17:48:59.004725+00:00,31.197301748790778
2025-08-15 17:48:59.284836+00:00,31.197301748790778
2025-08-15 17:48:59.522647+00:00,31.18184979786747
2025-08-15 17:49:01.453468+00:00,31.187000447884202
2025-08-15 17:49:02.379368+00:00,31.197301748790778
2025-08-15 17:49:09.203869+00:00,31.187000447884202
2025-08-15 17:49:12.997919+00:00,31.207603050861508
2025-08-15 17:49:14.207665+00:00,31.197301748790778
2025-08-15 17:49:14.692457+00:00,31.187000447884202
2025-08-15 17:49:15.495099+00:00,31.187000447884202
2025-08-15 17:49:20.145235+00:00,31.197301748790778
2025-08-15 17:49:20.848842+00:00,31.18184979786747
2025-08-15 17:49:21.527028+00:00,31.18184979786747
2025-08-15 17:49:21.819034+00:00,31.187000447884202
2025-08-15 17:49:22.078090+00:00,31.18184979786747
2025-08-15 17:49:22.896199+00:00,31.17669914814178
2025-08-15 17:49:25.427258+00:00,31.17669914814178
2025-08-15 17:49:26.998778+00:00,31.17669914814178
2025-08-15 17:49:27.843019+00:00,31.187000447884202
2025-08-15 17:49:29.036119+00:00,31.17669914814178
2025-08-15 17:49:29.620886+00:00,31.197301748790778
2025-08-15 17:49:30.436675+00:00,31.18184979786747
2025-08-15 17:49:31.201206+00:00,31.187000447884202
2025-08-15 17:49:37.150891+00:00,31.17669914814178
2025-08-15 17:49:37.400336+00:00,31.171548498707125
2025-08-15 17:49:38.037264+00:00,31.17669914814178
2025-08-15 17:49:39.156061+00:00,31.18184979786747
2025-08-15 17:49:39.768412+00:00,31.17669914814178
2025-08-15 17:49:40.158280+00:00,31.18184979786747
2025-08-15 17:49:40.509901+00:00,31.17669914814178
2025-08-15 17:49:40.803338+00:00,31.187000447884202
2025-08-15 17:49:41.026520+00:00,31.187000447884202
2025-08-15 17:49:41.263628+00:00,31.17669914814178
2025-08-15 17:49:41.590143+00:00,31.197301748790778
2025-08-15 17:49:42.791061+00:00,31.17669914814178
2025-08-15 17:49:43.477356+00:00,31.187000447884202
2025-08-15 17:49:45.102440+00:00,31.171548498707125
2025-08-15 17:49:48.153523+00:00,31.171548498707125
2025-08-15 17:49:50.410588+00:00,31.171548498707125
2025-08-15 17:49:51.955090+00:00,31.171548498707125
2025-08-15 17:49:52.246521+00:00,31.171548498707125
2025-08-15 17:49:53.250530+00:00,31.16639784956351
2025-08-15 17:49:53.810162+00:00,31.171548498707125
2025-08-15 17:49:54.095397+00:00,31.17669914814178
2025-08-15 17:49:54.403229+00:00,31.171548498707125
2025-08-15 17:49:55.355835+00:00,31.171548498707125
2025-08-15 17:50:00.508767+00:00,31.16639784956351
2025-08-15 17:50:03.635565+00:00,31.156096552149393
2025-08-15 17:50:05.650802+00:00,31.16639784956351
2025-08-15 17:50:06.284292+00:00,31.16639784956351
2025-08-15 17:50:10.103311+00:00,31.16639784956351
2025-08-15 17:50:16.900761+00:00,31.161247200710932
2025-08-15 17:50:19.097530+00:00,31.156096552149393
2025-08-15 17:50:22.252212+00:00,31.187000447884202
2025-08-15 17:50:22.643639+00:00,31.197301748790778
2025-08-15 17:50:24.973260+00:00,31.197301748790778
2025-08-15 17:50:26.944581+00:00,31.21275370233343
2025-08-15 17:50:32.819296+00:00,31.2333563111315
2025-08-15 17:50:34.492319+00:00,31.21790435409639
2025-08-15 17:50:36.773380+00:00,31.21790435409639
2025-08-15 17:50:37.451410+00:00,31.21790435409639
2025-08-15 17:50:38.558954+00:00,31.21790435409639
2025-08-15 17:50:42.018472+00:00,31.228205658495426
2025-08-15 17:50:43.362447+00:00,31.22305500615039
2025-08-15 17:50:43.574489+00:00,31.228205658495426
2025-08-15 17:50:46.392467+00:00,31.238506964058615
2025-08-15 17:50:48.594132+00:00,31.228205658495426
2025-08-15 17:50:49.144382+00:00,31.22305500615039
2025-08-15 17:50:49.377175+00:00,31.22305500615039
2025-08-15 17:50:50.221425+00:00,31.22305500615039
2025-08-15 17:50:51.457563+00:00,31.21790435409639
2025-08-15 17:50:53.682396+00:00,31.21790435409639
2025-08-15 17:50:56.770377+00:00,31.21790435409639
2025-08-15 17:50:59.767574+00:00,31.2333563111315
2025-08-15 17:51:00.513446+00:00,31.243657617276767
2025-08-15 17:51:10.907098+00:00,31.228205658495426
2025-08-15 17:51:11.259531+00:00,31.228205658495426
2025-08-15 17:51:11.886195+00:00,31.238506964058615
2025-08-15 17:51:13.810070+00:00,31.2333563111315
2025-08-15 17:51:14.108853+00:00,31.238506964058615
2025-08-15 17:51:14.475378+00:00,31.228205658495426
2025-08-15 17:51:14.783241+00:00,31.228205658495426
2025-08-15 17:51:20.299842+00:00,31.21275370233343
2025-08-15 17:51:21.825506+00:00,31.21790435409639
2025-08-15 17:51:23.037819+00:00,31.207603050861508
2025-08-15 17:51:23.324973+00:00,31.207603050861508
2025-08-15 17:51:23.541458+00:00,31.197301748790778
2025-08-15 17:51:23.808048+00:00,31.21275370233343
2025-08-15 17:51:25.762711+00:00,31.21275370233343
2025-08-15 17:51:30.979734+00:00,31.197301748790778
2025-08-15 17:51:31.461379+00:00,31.197301748790778
2025-08-15 17:51:31.861983+00:00,31.197301748790778
2025-08-15 17:51:32.275351+00:00,31.197301748790778
2025-08-15 17:51:35.328465+00:00,31.197301748790778
2025-08-15 17:51:37.433504+00:00,31.202452399680624
2025-08-15 17:51:37.919288+00:00,31.207603050861508
2025-08-15 17:51:38.294952+00:00,31.197301748790778
2025-08-15 17:51:38.946476+00:00,31.202452399680624
2025-08-15 17:51:41.203625+00:00,31.187000447884202
2025-08-15 17:51:43.000155+00:00,31.17669914814178
2025-08-15 17:51:45.558802+00:00,31.17669914814178
2025-08-15 17:51:47.533729+00:00,31.17669914814178
2025-08-15 17:51:48.848669+00:00,31.16639784956351
2025-08-15 17:51:50.072296+00:00,31.171548498707125
2025-08-15 17:51:50.793021+00:00,31.187000447884202
2025-08-15 17:51:51.444940+00:00,31.187000447884202
2025-08-15 17:51:51.702725+00:00,31.171548498707125
2025-08-15 17:51:51.945195+00:00,31.17669914814178
2025-08-15 17:51:52.973600+00:00,31.18184979786747
2025-08-15 17:51:56.726854+00:00,31.161247200710932
2025-08-15 17:51:57.176347+00:00,31.161247200710932
2025-08-15 17:51:57.427755+00:00,31.17669914814178
2025-08-15 17:51:58.798064+00:00,31.16639784956351
2025-08-15 17:51:59.933867+00:00,31.171548498707125
2025-08-15 17:52:02.149883+00:00,31.171548498707125
2025-08-15 17:52:14.424786+00:00,31.156096552149393
2025-08-15 17:52:16.042308+00:00,31.16639784956351
2025-08-15 17:52:16.574341+00:00,31.16639784956351
2025-08-15 17:52:17.124264+00:00,31.16639784956351
2025-08-15 17:52:17.523201+00:00,31.16639784956351
2025-08-15 17:52:17.915842+00:00,31.161247200710932
2025-08-15 17:52:21.245536+00:00,31.156096552149393
2025-08-15 17:52:22.075526+00:00,31.16639784956351
2025-08-15 17:52:22.566422+00:00,31.156096552149393
2025-08-15 17:52:24.128900+00:00,31.161247200710932
2025-08-15 17:52:24.837896+00:00,31.156096552149393
2025-08-15 17:52:27.898933+00:00,31.150945903878892
2025-08-15 17:52:29.016357+00:00,31.156096552149393
2025-08-15 17:52:29.249434+00:00,31.156096552149393
2025-08-15 17:52:32.666082+00:00,31.150945903878892
2025-08-15 17:52:35.557480+00:00,31.14579525589943
2025-08-15 17:52:36.167709+00:00,31.14579525589943
2025-08-15 17:52:37.871355+00:00,31.13549396081362
2025-08-15 17:52:39.200415+00:00,31.13549396081362
2025-08-15 17:52:40.135114+00:00,31.13549396081362
2025-08-15 17:52:42.250617+00:00,31.13034331370727
2025-08-15 17:52:43.469634+00:00,31.13034331370727
2025-08-15 17:52:47.923954+00:00,31.13034331370727
2025-08-15 17:52:48.349428+00:00,31.13034331370727
2025-08-15 17:52:50.398168+00:00,31.13034331370727
2025-08-15 17:52:50.695270+00:00,31.13549396081362
2025-08-15 17:52:50.923695+00:00,31.14579525589943
2025-08-15 17:52:51.181684+00:00,31.140644608211005
2025-08-15 17:52:54.184753+00:00,31.13549396081362
2025-08-15 17:52:54.624415+00:00,31.140644608211005
2025-08-15 17:52:55.792810+00:00,31.13549396081362
2025-08-15 17:52:56.595091+00:00,31.125192666891962
2025-08-15 17:52:57.731196+00:00,31.13549396081362
2025-08-15 17:52:58.173651+00:00,31.125192666891962
2025-08-15 17:53:00.998489+00:00,31.13034331370727
2025-08-15 17:53:01.667675+00:00,31.12004202036769
2025-08-15 17:53:03.403126+00:00,31.125192666891962
2025-08-15 17:53:07.209431+00:00,31.125192666891962
2025-08-15 17:53:09.049907+00:00,31.13034331370727
2025-08-15 17:53:09.941593+00:00,31.140644608211005
2025-08-15 17:53:11.508217+00:00,31.13034331370727
2025-08-15 17:53:14.249983+00:00,31.13034331370727
2025-08-15 17:53:14.658163+00:00,31.13034331370727
2025-08-15 17:53:16.136544+00:00,31.13034331370727
2025-08-15 17:53:18.257002+00:00,31.140644608211005
2025-08-15 17:53:19.454412+00:00,31.125192666891962
2025-08-15 17:53:19.681107+00:00,31.13034331370727
2025-08-15 17:53:19.955654+00:00,31.14579525589943
2025-08-15 17:53:20.214804+00:00,31.140644608211005
2025-08-15 17:53:20.505676+00:00,31.14579525589943
2025-08-15 17:53:20.838787+00:00,31.156096552149393
2025-08-15 17:53:24.359011+00:00,31.140644608211005
2025-08-15 17:53:25.167795+00:00,31.13549396081362
2025-08-15 17:53:26.297436+00:00,31.125192666891962
2025-08-15 17:53:27.722140+00:00,31.13549396081362
2025-08-15 17:53:28.453932+00:00,31.140644608211005
2025-08-15 17:53:29.431463+00:00,31.14579525589943
2025-08-15 17:53:29.732249+00:00,31.140644608211005
2025-08-15 17:53:30.814169+00:00,31.156096552149393
2025-08-15 17:53:32.006224+00:00,31.150945903878892
2025-08-15 17:53:34.626055+00:00,31.156096552149393
2025-08-15 17:53:36.705403+00:00,31.16639784956351
2025-08-15 17:53:39.388336+00:00,31.16639784956351
2025-08-15 17:53:40.155726+00:00,31.150945903878892
2025-08-15 17:53:41.401241+00:00,31.16639784956351
2025-08-15 17:53:41.847283+00:00,31.16639784956351
2025-08-15 17:53:42.330633+00:00,31.161247200710932
2025-08-15 17:53:43.716338+00:00,31.156096552149393
2025-08-15 17:53:44.099980+00:00,31.161247200710932
2025-08-15 17:53:44.969285+00:00,31.14579525589943
2025-08-15 17:53:45.247112+00:00,31.156096552149393
2025-08-15 17:53:45.598084+00:00,31.16639784956351
2025-08-15 17:53:47.073811+00:00,31.14579525589943
2025-08-15 17:53:48.081804+00:00,31.14579525589943
2025-08-15 17:53:49.121593+00:00,31.13549396081362
2025-08-15 17:53:50.330662+00:00,31.13549396081362
2025-08-15 17:53:50.500527+00:00,31.140644608211005
2025-08-15 17:53:52.788050+00:00,31.140644608211005
2025-08-15 17:53:54.116690+00:00,31.140644608211005
2025-08-15 17:53:56.195381+00:00,31.140644608211005
2025-08-15 17:53:56.731754+00:00,31.13549396081362
2025-08-15 17:53:58.238872+00:00,31.14579525589943
2025-08-15 17:53:58.572219+00:00,31.140644608211005
2025-08-15 17:53:59.549826+00:00,31.140644608211005
2025-08-15 17:53:59.813819+00:00,31.150945903878892
2025-08-15 17:54:00.053685+00:00,31.150945903878892
2025-08-15 17:54:00.422819+00:00,31.161247200710932
2025-08-15 17:54:00.806110+00:00,31.161247200710932
2025-08-15 17:54:01.155387+00:00,31.14579525589943
2025-08-15 17:54:01.487188+00:00,31.156096552149393
2025-08-15 17:54:01.980935+00:00,31.156096552149393
2025-08-15 17:54:03.130691+00:00,31.150945903878892
2025-08-15 17:54:07.879203+00:00,31.13549396081362
2025-08-15 17:54:10.570496+00:00,31.13549396081362
2025-08-15 17:54:11.748199+00:00,31.14579525589943
2025-08-15 17:54:16.271544+00:00,31.156096552149393
2025-08-15 17:54:18.424366+00:00,31.140644608211005
2025-08-15 17:54:20.405403+00:00,31.140644608211005
2025-08-15 17:54:22.547294+00:00,31.14579525589943
2025-08-15 17:54:23.236006+00:00,31.150945903878892
2025-08-15 17:54:24.227826+00:00,31.14579525589943
2025-08-15 17:54:25.499539+00:00,31.14579525589943
2025-08-15 17:54:29.994828+00:00,31.156096552149393
2025-08-15 17:54:30.594997+00:00,31.161247200710932
2025-08-15 17:54:34.179511+00:00,31.156096552149393
2025-08-15 17:54:34.413048+00:00,31.16639784956351
2025-08-15 17:54:35.809124+00:00,31.161247200710932
2025-08-15 17:54:36.636956+00:00,31.16639784956351
2025-08-15 17:54:36.977940+00:00,31.161247200710932
2025-08-15 17:54:37.279175+00:00,31.16639784956351
2025-08-15 17:54:37.479592+00:00,31.17669914814178
2025-08-15 17:54:37.687141+00:00,31.16639784956351
2025-08-15 17:54:38.764092+00:00,31.156096552149393
2025-08-15 17:54:40.471129+00:00,31.171548498707125
2025-08-15 17:54:42.694917+00:00,31.156096552149393
2025-08-15 17:54:43.639089+00:00,31.156096552149393
2025-08-15 17:54:44.566095+00:00,31.161247200710932
2025-08-15 17:54:48.951695+00:00,31.156096552149393
2025-08-15 17:54:51.295253+00:00,31.161247200710932
2025-08-15 17:54:52.236230+00:00,31.161247200710932
2025-08-15 17:54:54.212592+00:00,31.14579525589943
2025-08-15 17:54:55.310017+00:00,31.150945903878892
2025-08-15 17:54:56.368590+00:00,31.13549396081362
2025-08-15 17:54:57.103247+00:00,31.13549396081362
2025-08-15 17:54:57.742838+00:00,31.156096552149393
2025-08-15 17:54:58.693797+00:00,31.14579525589943
2025-08-15 17:55:04.123031+00:00,31.140644608211005
2025-08-15 17:55:06.644994+00:00,31.140644608211005
2025-08-15 17:55:09.265858+00:00,31.13549396081362
2025-08-15 17:55:09.877082+00:00,31.13034331370727
2025-08-15 17:55:12.576164+00:00,31.140644608211005
2025-08-15 17:55:13.067723+00:00,31.14579525589943
2025-08-15 17:55:14.225373+00:00,31.14579525589943
2025-08-15 17:55:18.593123+00:00,31.140644608211005
2025-08-15 17:55:21.086289+00:00,31.14579525589943
2025-08-15 17:55:22.514549+00:00,31.140644608211005
2025-08-15 17:55:22.997667+00:00,31.150945903878892
2025-08-15 17:55:23.452184+00:00,31.13549396081362
2025-08-15 17:55:24.087825+00:00,31.14579525589943
2025-08-15 17:55:25.612900+00:00,31.150945903878892
2025-08-15 17:55:26.439525+00:00,31.156096552149393
2025-08-15 17:55:28.053905+00:00,31.14579525589943
2025-08-15 17:55:29.963516+00:00,31.140644608211005
2025-08-15 17:55:30.653690+00:00,31.156096552149393
2025-08-15 17:55:36.077306+00:00,31.150945903878892
2025-08-15 17:55:39.815296+00:00,31.14579525589943
2025-08-15 17:55:41.361047+00:00,31.13549396081362
2025-08-15 17:55:42.839645+00:00,31.140644608211005
2025-08-15 17:55:44.771395+00:00,31.140644608211005
2025-08-15 17:55:46.547820+00:00,31.13034331370727
2025-08-15 17:55:47.952981+00:00,31.140644608211005
2025-08-15 17:55:48.520943+00:00,31.13549396081362
2025-08-15 17:55:50.416585+00:00,31.125192666891962
2025-08-15 17:55:50.866833+00:00,31.12004202036769
2025-08-15 17:55:51.126119+00:00,31.13034331370727
2025-08-15 17:55:53.489373+00:00,31.12004202036769
2025-08-15 17:55:53.792067+00:00,31.12004202036769
2025-08-15 17:55:54.041920+00:00,31.125192666891962
2025-08-15 17:55:54.345771+00:00,31.125192666891962
2025-08-15 17:55:54.836822+00:00,31.11489137413446
2025-08-15 17:55:55.002758+00:00,31.12004202036769
2025-08-15 17:55:59.332554+00:00,31.125192666891962
2025-08-15 17:56:04.178074+00:00,31.125192666891962
2025-08-15 17:56:07.736379+00:00,31.13549396081362
2025-08-15 17:56:08.152847+00:00,31.13034331370727
2025-08-15 17:56:14.552565+00:00,31.11489137413446
2025-08-15 17:56:19.752724+00:00,31.125192666891962
2025-08-15 17:56:20.255655+00:00,31.13034331370727
2025-08-15 17:56:20.570840+00:00,31.12004202036769
2025-08-15 17:56:20.761032+00:00,31.12004202036769
2025-08-15 17:56:21.013919+00:00,31.11489137413446
2025-08-15 17:56:21.249046+00:00,31.125192666891962
2025-08-15 17:56:21.769856+00:00,31.12004202036769
2025-08-15 17:56:22.694662+00:00,31.09943943718099
2025-08-15 17:56:25.970149+00:00,31.11489137413446
2025-08-15 17:56:26.211420+00:00,31.12004202036769
2025-08-15 17:56:27.368564+00:00,31.11489137413446
2025-08-15 17:56:28.417687+00:00,31.104590082541108
2025-08-15 17:56:32.737511+00:00,31.104590082541108
2025-08-15 17:56:35.661069+00:00,31.083987502846867
2025-08-15 17:56:36.455709+00:00,31.083987502846867
2025-08-15 17:56:37.608839+00:00,31.09428879211191
2025-08-15 17:56:38.627322+00:00,31.09428879211191
2025-08-15 17:56:38.827109+00:00,31.08913814733387
2025-08-15 17:56:41.551044+00:00,31.083987502846867
2025-08-15 17:56:42.044094+00:00,31.078836858650902
2025-08-15 17:56:42.354698+00:00,31.073686214745976
2025-08-15 17:56:43.032555+00:00,31.083987502846867
2025-08-15 17:56:43.332264+00:00,31.078836858650902
2025-08-15 17:56:43.553149+00:00,31.078836858650902
2025-08-15 17:56:43.783692+00:00,31.08913814733387
2025-08-15 17:56:45.817219+00:00,31.073686214745976
2025-08-15 17:56:51.202537+00:00,31.073686214745976
2025-08-15 17:56:52.078724+00:00,31.06338492780924
2025-08-15 17:56:54.376842+00:00,31.06338492780924
2025-08-15 17:56:54.686122+00:00,31.06338492780924
2025-08-15 17:56:56.107156+00:00,31.058234284777427
2025-08-15 17:56:57.019320+00:00,31.058234284777427
2025-08-15 17:56:59.027014+00:00,31.06338492780924
2025-08-15 17:57:03.118557+00:00,31.06338492780924
2025-08-15 17:57:06.317953+00:00,31.053083642036654
2025-08-15 17:57:07.267545+00:00,31.042782357428223
2025-08-15 17:57:09.918523+00:00,31.053083642036654
2025-08-15 17:57:12.389297+00:00,31.042782357428223
2025-08-15 17:57:15.111184+00:00,31.042782357428223
2025-08-15 17:57:24.509963+00:00,31.06338492780924
2025-08-15 17:57:25.363932+00:00,31.068535571132088
2025-08-15 17:57:27.618220+00:00,31.068535571132088
2025-08-15 17:57:30.234144+00:00,31.073686214745976
2025-08-15 17:57:32.283264+00:00,31.083987502846867
2025-08-15 17:57:34.716724+00:00,31.09428879211191
2025-08-15 17:57:37.284736+00:00,31.078836858650902
2025-08-15 17:57:37.509354+00:00,31.08913814733387
2025-08-15 17:57:38.761997+00:00,31.083987502846867
2025-08-15 17:57:39.386136+00:00,31.078836858650902
2025-08-15 17:57:40.031833+00:00,31.08913814733387
2025-08-15 17:57:40.334291+00:00,31.08913814733387
2025-08-15 17:57:42.739798+00:00,31.083987502846867
2025-08-15 17:57:46.765864+00:00,31.08913814733387
2025-08-15 17:57:47.942117+00:00,31.09428879211191
2025-08-15 17:57:48.450360+00:00,31.083987502846867
2025-08-15 17:57:48.977730+00:00,31.09428879211191
2025-08-15 17:57:49.397858+00:00,31.09428879211191
2025-08-15 17:57:56.006662+00:00,31.09428879211191
2025-08-15 17:57:57.918913+00:00,31.09428879211191
2025-08-15 17:57:59.155278+00:00,31.104590082541108
2025-08-15 17:58:01.970013+00:00,31.109740728192264
2025-08-15 17:58:04.627147+00:00,31.12004202036769
2025-08-15 17:58:05.778858+00:00,31.11489137413446
2025-08-15 17:58:14.191361+00:00,31.11489137413446
2025-08-15 17:58:15.356040+00:00,31.12004202036769
2025-08-15 17:58:20.396839+00:00,31.11489137413446
2025-08-15 17:58:21.850055+00:00,31.13549396081362
2025-08-15 17:58:24.024930+00:00,31.13034331370727
2025-08-15 17:58:25.326670+00:00,31.13549396081362
2025-08-15 17:58:26.051407+00:00,31.13034331370727
2025-08-15 17:58:26.782554+00:00,31.13549396081362
2025-08-15 17:58:28.562071+00:00,31.13549396081362
2025-08-15 17:58:29.215286+00:00,31.125192666891962
2025-08-15 17:58:29.865327+00:00,31.125192666891962
2025-08-15 17:58:30.324368+00:00,31.13549396081362
2025-08-15 17:58:30.718891+00:00,31.13549396081362
2025-08-15 17:58:31.127946+00:00,31.140644608211005
2025-08-15 17:58:31.550144+00:00,31.13549396081362
2025-08-15 17:58:32.100027+00:00,31.12004202036769
2025-08-15 17:58:32.923653+00:00,31.13034331370727
2025-08-15 17:58:33.416313+00:00,31.13034331370727
2025-08-15 17:58:33.836210+00:00,31.13549396081362
2025-08-15 17:58:36.087280+00:00,31.13549396081362
2025-08-15 17:58:36.514553+00:00,31.140644608211005
2025-08-15 17:58:38.654687+00:00,31.140644608211005
2025-08-15 17:58:39.980472+00:00,31.14579525589943
2025-08-15 17:58:41.945194+00:00,31.140644608211005
2025-08-15 17:58:42.274340+00:00,31.140644608211005
2025-08-15 17:58:42.588707+00:00,31.13549396081362
2025-08-15 17:58:43.675184+00:00,31.140644608211005
2025-08-15 17:58:45.036429+00:00,31.156096552149393
2025-08-15 17:58:46.381472+00:00,31.140644608211005
2025-08-15 17:58:47.350111+00:00,31.156096552149393
2025-08-15 17:58:48.544059+00:00,31.156096552149393
2025-08-15 17:58:51.000543+00:00,31.150945903878892
2025-08-15 17:58:53.317032+00:00,31.13549396081362
2025-08-15 17:58:54.582740+00:00,31.125192666891962
2025-08-15 17:58:55.430755+00:00,31.13549396081362
2025-08-15 17:58:55.824006+00:00,31.14579525589943
2025-08-15 17:58:59.083181+00:00,31.14579525589943
2025-08-15 17:59:00.285670+00:00,31.140644608211005
2025-08-15 17:59:01.154372+00:00,31.14579525589943
2025-08-15 17:59:01.998367+00:00,31.150945903878892
2025-08-15 17:59:03.806796+00:00,31.14579525589943
2025-08-15 17:59:04.255142+00:00,31.150945903878892
2025-08-15 17:59:06.048689+00:00,31.14579525589943
2025-08-15 17:59:06.558894+00:00,31.14579525589943
2025-08-15 17:59:08.005981+00:00,31.150945903878892
2025-08-15 17:59:10.832006+00:00,31.150945903878892
2025-08-15 17:59:14.949353+00:00,31.156096552149393
2025-08-15 17:59:15.356836+00:00,31.150945903878892
2025-08-15 17:59:16.520255+00:00,31.150945903878892
2025-08-15 17:59:20.037950+00:00,31.156096552149393
2025-08-15 17:59:20.773341+00:00,31.140644608211005
2025-08-15 17:59:21.092172+00:00,31.156096552149393
2025-08-15 17:59:21.408226+00:00,31.150945903878892
2025-08-15 17:59:22.545152+00:00,31.140644608211005
2025-08-15 17:59:23.067522+00:00,31.14579525589943
2025-08-15 17:59:24.403233+00:00,31.14579525589943
2025-08-15 17:59:27.111058+00:00,31.156096552149393
2025-08-15 17:59:29.092473+00:00,31.14579525589943
2025-08-15 17:59:30.156907+00:00,31.161247200710932
2025-08-15 17:59:31.405086+00:00,31.16639784956351
2025-08-15 17:59:35.382198+00:00,31.16639784956351
2025-08-15 17:59:35.766017+00:00,31.16639784956351
2025-08-15 17:59:36.358872+00:00,31.161247200710932
2025-08-15 17:59:36.668719+00:00,31.161247200710932
2025-08-15 17:59:37.253408+00:00,31.16639784956351
2025-08-15 17:59:37.559586+00:00,31.16639784956351
2025-08-15 17:59:38.588811+00:00,31.171548498707125
2025-08-15 17:59:39.433339+00:00,31.161247200710932
2025-08-15 17:59:40.864540+00:00,31.171548498707125
2025-08-15 17:59:41.765157+00:00,31.16639784956351
2025-08-15 17:59:44.022491+00:00,31.16639784956351
2025-08-15 17:59:44.865446+00:00,31.171548498707125
2025-08-15 17:59:47.228959+00:00,31.171548498707125
2025-08-15 17:59:50.946048+00:00,31.16639784956351
2025-08-15 17:59:51.272563+00:00,31.16639784956351
2025-08-15 17:59:51.497394+00:00,31.16639784956351
2025-08-15 17:59:51.739342+00:00,31.161247200710932
2025-08-15 17:59:52.132334+00:00,31.16639784956351
2025-08-15 17:59:52.459488+00:00,31.16639784956351
2025-08-15 17:59:56.210717+00:00,31.156096552149393
2025-08-15 17:59:57.520377+00:00,31.156096552149393
2025-08-15 17:59:59.616320+00:00,31.156096552149393
2025-08-15 18:00:01.153497+00:00,31.161247200710932
2025-08-15 18:00:05.089134+00:00,31.14579525589943
2025-08-15 18:00:06.805030+00:00,31.150945903878892
2025-08-15 18:00:12.421909+00:00,31.150945903878892
2025-08-15 18:00:14.247360+00:00,31.14579525589943
2025-08-15 18:00:17.074880+00:00,31.156096552149393
2025-08-15 18:00:21.551440+00:00,31.150945903878892
2025-08-15 18:00:21.990061+00:00,31.140644608211005
2025-08-15 18:00:22.939812+00:00,31.150945903878892
2025-08-15 18:00:25.436432+00:00,31.14579525589943
2025-08-15 18:00:26.048056+00:00,31.140644608211005
2025-08-15 18:00:26.581984+00:00,31.14579525589943
2025-08-15 18:00:31.035338+00:00,31.14579525589943
2025-08-15 18:00:34.550055+00:00,31.13549396081362
2025-08-15 18:00:39.982300+00:00,31.125192666891962
2025-08-15 18:00:40.416944+00:00,31.12004202036769
2025-08-15 18:00:40.848694+00:00,31.125192666891962
2025-08-15 18:00:42.597908+00:00,31.125192666891962
2025-08-15 18:00:46.868723+00:00,31.125192666891962
2025-08-15 18:00:47.963476+00:00,31.13549396081362
2025-08-15 18:00:51.457960+00:00,31.125192666891962
2025-08-15 18:00:56.874691+00:00,31.125192666891962
2025-08-15 18:00:58.207475+00:00,31.13034331370727
2025-08-15 18:00:59.098583+00:00,31.125192666891962
2025-08-15 18:01:00.206397+00:00,31.125192666891962
2025-08-15 18:01:00.522392+00:00,31.125192666891962
2025-08-15 18:01:00.786330+00:00,31.13034331370727
2025-08-15 18:01:01.419228+00:00,31.12004202036769
2025-08-15 18:01:07.038673+00:00,31.13034331370727
2025-08-15 18:01:13.092973+00:00,31.12004202036769
2025-08-15 18:01:13.324765+00:00,31.12004202036769
2025-08-15 18:01:17.311644+00:00,31.12004202036769
2025-08-15 18:01:19.898544+00:00,31.11489137413446
2025-08-15 18:01:21.377123+00:00,31.125192666891962
2025-08-15 18:01:22.473195+00:00,31.109740728192264
2025-08-15 18:01:23.600451+00:00,31.109740728192264
2025-08-15 18:01:23.865373+00:00,31.11489137413446
2025-08-15 18:01:26.139392+00:00,31.11489137413446
2025-08-15 18:01:27.362024+00:00,31.109740728192264
2025-08-15 18:01:28.062492+00:00,31.104590082541108
2025-08-15 18:01:32.016678+00:00,31.12004202036769
2025-08-15 18:01:34.037062+00:00,31.12004202036769
2025-08-15 18:01:34.579145+00:00,31.125192666891962
2025-08-15 18:01:36.839731+00:00,31.12004202036769
2025-08-15 18:01:37.032150+00:00,31.125192666891962
2025-08-15 18:01:37.297336+00:00,31.125192666891962
2025-08-15 18:01:37.567651+00:00,31.13034331370727
2025-08-15 18:01:38.647541+00:00,31.12004202036769
2025-08-15 18:01:40.633639+00:00,31.13034331370727
2025-08-15 18:01:41.025133+00:00,31.125192666891962
2025-08-15 18:01:41.505870+00:00,31.125192666891962
2025-08-15 18:01:42.457172+00:00,31.125192666891962
2025-08-15 18:01:43.540054+00:00,31.125192666891962
2025-08-15 18:01:43.723373+00:00,31.13034331370727
2025-08-15 18:01:43.989968+00:00,31.13549396081362
2025-08-15 18:01:47.342745+00:00,31.13549396081362
2025-08-15 18:01:47.860916+00:00,31.13549396081362
2025-08-15 18:01:48.386080+00:00,31.13549396081362
2025-08-15 18:01:50.841423+00:00,31.13549396081362
2025-08-15 18:01:51.164693+00:00,31.12004202036769
2025-08-15 18:01:51.854197+00:00,31.13034331370727
2025-08-15 18:01:53.819634+00:00,31.13034331370727
2025-08-15 18:01:54.404331+00:00,31.12004202036769
2025-08-15 18:01:55.943566+00:00,31.12004202036769
2025-08-15 18:01:56.544744+00:00,31.13034331370727
2025-08-15 18:01:57.253409+00:00,31.125192666891962
2025-08-15 18:01:59.309459+00:00,31.125192666891962
2025-08-15 18:01:59.619149+00:00,31.125192666891962
2025-08-15 18:02:00.294556+00:00,31.12004202036769
2025-08-15 18:02:02.478513+00:00,31.13034331370727
2025-08-15 18:02:02.961835+00:00,31.125192666891962
2025-08-15 18:02:03.302375+00:00,31.12004202036769
2025-08-15 18:02:03.669163+00:00,31.12004202036769
2025-08-15 18:02:07.627693+00:00,31.12004202036769
2025-08-15 18:02:12.880997+00:00,31.109740728192264
2025-08-15 18:02:13.155802+00:00,31.109740728192264
2025-08-15 18:02:15.267629+00:00,31.104590082541108
2025-08-15 18:02:18.892475+00:00,31.109740728192264
2025-08-15 18:02:19.898285+00:00,31.109740728192264
2025-08-15 18:02:20.730632+00:00,31.109740728192264
2025-08-15 18:02:21.699652+00:00,31.109740728192264
2025-08-15 18:02:23.456639+00:00,31.104590082541108
2025-08-15 18:02:24.248170+00:00,31.104590082541108
2025-08-15 18:02:28.305870+00:00,31.12004202036769
2025-08-15 18:02:37.694277+00:00,31.14579525589943
2025-08-15 18:02:40.693317+00:00,31.13549396081362
2025-08-15 18:02:41.200384+00:00,31.13549396081362
2025-08-15 18:02:42.482057+00:00,31.140644608211005
2025-08-15 18:02:42.988555+00:00,31.140644608211005
2025-08-15 18:02:44.414322+00:00,31.13549396081362
2025-08-15 18:02:44.825823+00:00,31.13549396081362
2025-08-15 18:02:46.935437+00:00,31.13549396081362
2025-08-15 18:02:47.532685+00:00,31.13034331370727
2025-08-15 18:02:48.658921+00:00,31.13549396081362
2025-08-15 18:02:50.923628+00:00,31.125192666891962
2025-08-15 18:02:51.131522+00:00,31.125192666891962
2025-08-15 18:02:51.357977+00:00,31.13034331370727
2025-08-15 18:02:51.559844+00:00,31.13549396081362
2025-08-15 18:02:51.771251+00:00,31.13549396081362
2025-08-15 18:02:52.555378+00:00,31.13034331370727
2025-08-15 18:02:53.887988+00:00,31.140644608211005
2025-08-15 18:02:55.313515+00:00,31.13549396081362
2025-08-15 18:02:55.839127+00:00,31.14579525589943
2025-08-15 18:02:56.164390+00:00,31.14579525589943
2025-08-15 18:02:56.347637+00:00,31.156096552149393
2025-08-15 18:02:56.604422+00:00,31.14579525589943
2025-08-15 18:02:57.492427+00:00,31.14579525589943
2025-08-15 18:02:57.792026+00:00,31.14579525589943
2025-08-15 18:02:59.566433+00:00,31.14579525589943
2025-08-15 18:03:05.268323+00:00,31.156096552149393
2025-08-15 18:03:05.894088+00:00,31.13034331370727
2025-08-15 18:03:06.976493+00:00,31.13549396081362
2025-08-15 18:03:09.843468+00:00,31.13549396081362
2025-08-15 18:03:11.446986+00:00,31.13034331370727
2025-08-15 18:03:12.799407+00:00,31.13549396081362
2025-08-15 18:03:14.370394+00:00,31.13034331370727
2025-08-15 18:03:17.744274+00:00,31.13034331370727
2025-08-15 18:03:18.796012+00:00,31.13034331370727
2025-08-15 18:03:21.070456+00:00,31.13034331370727
2025-08-15 18:03:21.988771+00:00,31.125192666891962
2025-08-15 18:03:22.541552+00:00,31.13549396081362
2025-08-15 18:03:22.766793+00:00,31.13549396081362
2025-08-15 18:03:25.581352+00:00,31.140644608211005
2025-08-15 18:03:26.196674+00:00,31.14579525589943
2025-08-15 18:03:26.650727+00:00,31.140644608211005
2025-08-15 18:03:27.188182+00:00,31.14579525589943
2025-08-15 18:03:29.009052+00:00,31.125192666891962
2025-08-15 18:03:29.776389+00:00,31.125192666891962
2025-08-15 18:03:32.507902+00:00,31.125192666891962
2025-08-15 18:03:34.482949+00:00,31.11489137413446
2025-08-15 18:03:36.157758+00:00,31.125192666891962
2025-08-15 18:03:38.572661+00:00,31.11489137413446
2025-08-15 18:03:40.088467+00:00,31.104590082541108
2025-08-15 18:03:40.312725+00:00,31.109740728192264
2025-08-15 18:03:40.553472+00:00,31.11489137413446
2025-08-15 18:03:42.485075+00:00,31.12004202036769
2025-08-15 18:03:42.944665+00:00,31.104590082541108
2025-08-15 18:03:43.329286+00:00,31.11489137413446
2025-08-15 18:03:45.393078+00:00,31.109740728192264
2025-08-15 18:03:47.523199+00:00,31.104590082541108
2025-08-15 18:03:49.928067+00:00,31.109740728192264
2025-08-15 18:03:50.404728+00:00,31.109740728192264
2025-08-15 18:03:50.715270+00:00,31.11489137413446
2025-08-15 18:03:50.930701+00:00,31.109740728192264
2025-08-15 18:03:52.486851+00:00,31.09943943718099
2025-08-15 18:03:53.438303+00:00,31.09943943718099
2025-08-15 18:03:53.654980+00:00,31.109740728192264
2025-08-15 18:03:53.871893+00:00,31.11489137413446
2025-08-15 18:03:54.114564+00:00,31.11489137413446
2025-08-15 18:03:54.349556+00:00,31.11489137413446
2025-08-15 18:03:54.567104+00:00,31.11489137413446
2025-08-15 18:04:01.909429+00:00,31.11489137413446
2025-08-15 18:04:02.492926+00:00,31.104590082541108
2025-08-15 18:04:02.909081+00:00,31.12004202036769
2025-08-15 18:04:03.500707+00:00,31.104590082541108
2025-08-15 18:04:05.633159+00:00,31.104590082541108
2025-08-15 18:04:06.858400+00:00,31.109740728192264
2025-08-15 18:04:09.750483+00:00,31.104590082541108
2025-08-15 18:04:10.298929+00:00,31.09943943718099
2025-08-15 18:04:12.322689+00:00,31.109740728192264
2025-08-15 18:04:14.151992+00:00,31.11489137413446
2025-08-15 18:04:16.890048+00:00,31.109740728192264
2025-08-15 18:04:22.012176+00:00,31.109740728192264
2025-08-15 18:04:26.036808+00:00,31.125192666891962
2025-08-15 18:04:26.629019+00:00,31.11489137413446
2025-08-15 18:04:27.489644+00:00,31.12004202036769
2025-08-15 18:04:28.167424+00:00,31.12004202036769
2025-08-15 18:04:31.307311+00:00,31.125192666891962
2025-08-15 18:04:31.784175+00:00,31.125192666891962
2025-08-15 18:04:32.644340+00:00,31.11489137413446
2025-08-15 18:04:33.033171+00:00,31.12004202036769
2025-08-15 18:04:36.087168+00:00,31.125192666891962
2025-08-15 18:04:36.445741+00:00,31.11489137413446
2025-08-15 18:04:36.804062+00:00,31.11489137413446
2025-08-15 18:04:37.459478+00:00,31.12004202036769
2025-08-15 18:04:44.779963+00:00,31.11489137413446
2025-08-15 18:04:46.222930+00:00,31.11489137413446
2025-08-15 18:04:47.940237+00:00,31.109740728192264
2025-08-15 18:04:48.490109+00:00,31.104590082541108
2025-08-15 18:04:49.569358+00:00,31.104590082541108
2025-08-15 18:04:50.135793+00:00,31.12004202036769
2025-08-15 18:04:50.378097+00:00,31.11489137413446
2025-08-15 18:04:52.233390+00:00,31.109740728192264
2025-08-15 18:04:52.877402+00:00,31.11489137413446
2025-08-15 18:04:54.114157+00:00,31.11489137413446
2025-08-15 18:04:56.170111+00:00,31.12004202036769
2025-08-15 18:04:56.477569+00:00,31.11489137413446
2025-08-15 18:04:58.436270+00:00,31.11489137413446
2025-08-15 18:04:59.552379+00:00,31.109740728192264
2025-08-15 18:05:03.423535+00:00,31.12004202036769
2025-08-15 18:05:05.856309+00:00,31.109740728192264
2025-08-15 18:05:07.910569+00:00,31.104590082541108
2025-08-15 18:05:10.073131+00:00,31.104590082541108
2025-08-15 18:05:11.689726+00:00,31.109740728192264
2025-08-15 18:05:14.897660+00:00,31.09428879211191
2025-08-15 18:05:15.557786+00:00,31.08913814733387
2025-08-15 18:05:15.985343+00:00,31.09428879211191
2025-08-15 18:05:16.347952+00:00,31.09943943718099
2025-08-15 18:05:17.682818+00:00,31.104590082541108
2025-08-15 18:05:19.780361+00:00,31.09428879211191
2025-08-15 18:05:20.389402+00:00,31.09428879211191
2025-08-15 18:05:20.790873+00:00,31.09428879211191
2025-08-15 18:05:21.481373+00:00,31.09943943718099
2025-08-15 18:05:22.564798+00:00,31.09428879211191
2025-08-15 18:05:23.988948+00:00,31.09943943718099
2025-08-15 18:05:24.228229+00:00,31.09943943718099
2025-08-15 18:05:24.526205+00:00,31.09428879211191
2025-08-15 18:05:24.900971+00:00,31.104590082541108
2025-08-15 18:05:25.963669+00:00,31.109740728192264
2025-08-15 18:05:26.397556+00:00,31.09943943718099
2025-08-15 18:05:26.787138+00:00,31.09428879211191
2025-08-15 18:05:27.976364+00:00,31.09943943718099
2025-08-15 18:05:31.210762+00:00,31.104590082541108
2025-08-15 18:05:32.245143+00:00,31.09428879211191
2025-08-15 18:05:42.226136+00:00,31.083987502846867
2025-08-15 18:05:43.162342+00:00,31.083987502846867
2025-08-15 18:05:43.704550+00:00,31.078836858650902
2025-08-15 18:05:47.047930+00:00,31.083987502846867
2025-08-15 18:05:47.766966+00:00,31.083987502846867
2025-08-15 18:05:49.753648+00:00,31.08913814733387
2025-08-15 18:05:51.083295+00:00,31.083987502846867
2025-08-15 18:05:51.544267+00:00,31.08913814733387
2025-08-15 18:05:51.793810+00:00,31.08913814733387
2025-08-15 18:05:53.087905+00:00,31.08913814733387
2025-08-15 18:05:53.327159+00:00,31.09428879211191
2025-08-15 18:05:55.087107+00:00,31.08913814733387
2025-08-15 18:05:56.335788+00:00,31.08913814733387
2025-08-15 18:05:56.590591+00:00,31.083987502846867
2025-08-15 18:05:56.985062+00:00,31.09428879211191
2025-08-15 18:05:57.242772+00:00,31.083987502846867
2025-08-15 18:05:57.495479+00:00,31.09943943718099
2025-08-15 18:05:58.030097+00:00,31.09943943718099
2025-08-15 18:05:58.639681+00:00,31.09428879211191
2025-08-15 18:05:59.633560+00:00,31.083987502846867
2025-08-15 18:06:00.042973+00:00,31.083987502846867
2025-08-15 18:06:03.731581+00:00,31.083987502846867
2025-08-15 18:06:05.471679+00:00,31.073686214745976
2025-08-15 18:06:05.998435+00:00,31.073686214745976
2025-08-15 18:06:08.594799+00:00,31.073686214745976
2025-08-15 18:06:09.023448+00:00,31.09428879211191
2025-08-15 18:06:10.631316+00:00,31.08913814733387
2025-08-15 18:06:10.996159+00:00,31.09428879211191
2025-08-15 18:06:14.825734+00:00,31.08913814733387
2025-08-15 18:06:16.245068+00:00,31.08913814733387
2025-08-15 18:06:19.428098+00:00,31.09428879211191
2025-08-15 18:06:19.730224+00:00,31.09943943718099
2025-08-15 18:06:20.236684+00:00,31.09428879211191
2025-08-15 18:06:20.818419+00:00,31.104590082541108
2025-08-15 18:06:21.879402+00:00,31.104590082541108
2025-08-15 18:06:24.258542+00:00,31.104590082541108
2025-08-15 18:06:24.552770+00:00,31.104590082541108
2025-08-15 18:06:24.851695+00:00,31.11489137413446
2025-08-15 18:06:25.547480+00:00,31.104590082541108
2025-08-15 18:06:26.283402+00:00,31.104590082541108
2025-08-15 18:06:27.809453+00:00,31.109740728192264
2025-08-15 18:06:30.049976+00:00,31.104590082541108
2025-08-15 18:06:32.517662+00:00,31.11489137413446
2025-08-15 18:06:34.420872+00:00,31.13034331370727
2025-08-15 18:06:37.951417+00:00,31.11489137413446
2025-08-15 18:06:38.212762+00:00,31.13549396081362
2025-08-15 18:06:38.965890+00:00,31.156096552149393
2025-08-15 18:06:39.373905+00:00,31.140644608211005
2025-08-15 18:06:39.584371+00:00,31.150945903878892
2025-08-15 18:06:41.147051+00:00,31.13549396081362
2025-08-15 18:06:41.522854+00:00,31.13549396081362
2025-08-15 18:06:44.065551+00:00,31.140644608211005
2025-08-15 18:06:46.729824+00:00,31.14579525589943
2025-08-15 18:06:48.104378+00:00,31.140644608211005
2025-08-15 18:06:49.306287+00:00,31.13034331370727
2025-08-15 18:06:51.421940+00:00,31.13549396081362
2025-08-15 18:06:53.229692+00:00,31.13549396081362
2025-08-15 18:06:53.851411+00:00,31.13034331370727
2025-08-15 18:06:54.664054+00:00,31.13549396081362
2025-08-15 18:06:56.210379+00:00,31.12004202036769
2025-08-15 18:06:57.054092+00:00,31.12004202036769
2025-08-15 18:06:58.709590+00:00,31.13034331370727
2025-08-15 18:06:59.418631+00:00,31.140644608211005
2025-08-15 18:07:00.429942+00:00,31.13549396081362
2025-08-15 18:07:02.770374+00:00,31.13034331370727
2025-08-15 18:07:04.373912+00:00,31.13549396081362
2025-08-15 18:07:05.927391+00:00,31.125192666891962
2025-08-15 18:07:08.720431+00:00,31.13034331370727
2025-08-15 18:07:09.271070+00:00,31.13549396081362
2025-08-15 18:07:09.846025+00:00,31.125192666891962
2025-08-15 18:07:11.130678+00:00,31.11489137413446
2025-08-15 18:07:11.875266+00:00,31.12004202036769
2025-08-15 18:07:12.553049+00:00,31.12004202036769
2025-08-15 18:07:12.803171+00:00,31.11489137413446
2025-08-15 18:07:13.154842+00:00,31.125192666891962
2025-08-15 18:07:16.204532+00:00,31.11489137413446
2025-08-15 18:07:17.935364+00:00,31.11489137413446
2025-08-15 18:07:21.124764+00:00,31.11489137413446
2025-08-15 18:07:22.564033+00:00,31.104590082541108
2025-08-15 18:07:23.231215+00:00,31.11489137413446
2025-08-15 18:07:24.343102+00:00,31.109740728192264
2025-08-15 18:07:25.665783+00:00,31.11489137413446
2025-08-15 18:07:26.006994+00:00,31.12004202036769
2025-08-15 18:07:27.209844+00:00,31.13549396081362
2025-08-15 18:07:27.787042+00:00,31.125192666891962
2025-08-15 18:07:28.859459+00:00,31.125192666891962
2025-08-15 18:07:32.360693+00:00,31.13549396081362
2025-08-15 18:07:34.443280+00:00,31.13034331370727
2025-08-15 18:07:35.129259+00:00,31.125192666891962
2025-08-15 18:07:35.495128+00:00,31.13549396081362
2025-08-15 18:07:36.824838+00:00,31.125192666891962
2025-08-15 18:07:38.225312+00:00,31.125192666891962
2025-08-15 18:07:39.392840+00:00,31.125192666891962
2025-08-15 18:07:39.624173+00:00,31.125192666891962
2025-08-15 18:07:39.833528+00:00,31.13549396081362
2025-08-15 18:07:40.085821+00:00,31.140644608211005
2025-08-15 18:07:40.393443+00:00,31.150945903878892
2025-08-15 18:07:41.075837+00:00,31.14579525589943
2025-08-15 18:07:41.664516+00:00,31.140644608211005
2025-08-15 18:07:45.151500+00:00,31.13549396081362
2025-08-15 18:07:47.410389+00:00,31.13549396081362
2025-08-15 18:07:48.345279+00:00,31.13549396081362
2025-08-15 18:07:49.715784+00:00,31.13034331370727
2025-08-15 18:07:51.260726+00:00,31.14579525589943
2025-08-15 18:07:51.988867+00:00,31.140644608211005
2025-08-15 18:07:52.366316+00:00,31.13549396081362
2025-08-15 18:07:54.128028+00:00,31.14579525589943
2025-08-15 18:07:54.369880+00:00,31.13549396081362
2025-08-15 18:07:55.029541+00:00,31.14579525589943
2025-08-15 18:07:56.357888+00:00,31.13549396081362
2025-08-15 18:07:57.483250+00:00,31.13549396081362
2025-08-15 18:07:58.391825+00:00,31.13549396081362
2025-08-15 18:08:00.877938+00:00,31.125192666891962
2025-08-15 18:08:02.769684+00:00,31.125192666891962
2025-08-15 18:08:06.099013+00:00,31.125192666891962
2025-08-15 18:08:07.850983+00:00,31.11489137413446
2025-08-15 18:08:09.818447+00:00,31.11489137413446
2025-08-15 18:08:10.681933+00:00,31.104590082541108
2025-08-15 18:08:12.609904+00:00,31.104590082541108
2025-08-15 18:08:13.128143+00:00,31.104590082541108
2025-08-15 18:08:15.501171+00:00,31.09943943718099
2025-08-15 18:08:17.952264+00:00,31.09943943718099
2025-08-15 18:08:18.916743+00:00,31.104590082541108
2025-08-15 18:08:19.152525+00:00,31.09943943718099
2025-08-15 18:08:20.513475+00:00,31.09428879211191
2025-08-15 18:08:21.416843+00:00,31.08913814733387
2025-08-15 18:08:22.804078+00:00,31.09428879211191
2025-08-15 18:08:23.083068+00:00,31.09428879211191
2025-08-15 18:08:23.971528+00:00,31.083987502846867
2025-08-15 18:08:25.614946+00:00,31.08913814733387
2025-08-15 18:08:26.430209+00:00,31.083987502846867
2025-08-15 18:08:27.967199+00:00,31.083987502846867
2025-08-15 18:08:28.798637+00:00,31.104590082541108
2025-08-15 18:08:29.304070+00:00,31.104590082541108
2025-08-15 18:08:30.957879+00:00,31.109740728192264
2025-08-15 18:08:31.565906+00:00,31.109740728192264
2025-08-15 18:08:32.018030+00:00,31.104590082541108
2025-08-15 18:08:33.925845+00:00,31.104590082541108
2025-08-15 18:08:36.425100+00:00,31.104590082541108
2025-08-15 18:08:38.052040+00:00,31.09428879211191
2025-08-15 18:08:40.493896+00:00,31.09428879211191
2025-08-15 18:08:40.918243+00:00,31.109740728192264
2025-08-15 18:08:43.123093+00:00,31.09943943718099
2025-08-15 18:08:44.821961+00:00,31.08913814733387
2025-08-15 18:08:47.794011+00:00,31.053083642036654
2025-08-15 18:08:48.777268+00:00,31.053083642036654
2025-08-15 18:08:51.600043+00:00,31.037631715560565
2025-08-15 18:08:52.996960+00:00,31.032481073983945
2025-08-15 18:08:53.881898+00:00,31.037631715560565
2025-08-15 18:08:55.314696+00:00,31.042782357428223
2025-08-15 18:08:55.616188+00:00,31.037631715560565
2025-08-15 18:08:56.141077+00:00,31.032481073983945
2025-08-15 18:08:57.974359+00:00,31.032481073983945
2025-08-15 18:08:58.408814+00:00,31.032481073983945
2025-08-15 18:08:59.061665+00:00,31.037631715560565
2025-08-15 18:09:02.550083+00:00,31.027330432698363
2025-08-15 18:09:04.426538+00:00,31.02217979170382
2025-08-15 18:09:07.252433+00:00,31.042782357428223
2025-08-15 18:09:08.778090+00:00,31.027330432698363
2025-08-15 18:09:12.073245+00:00,31.032481073983945
2025-08-15 18:09:12.988944+00:00,31.042782357428223
2025-08-15 18:09:14.616404+00:00,31.042782357428223
2025-08-15 18:09:17.752296+00:00,31.042782357428223
2025-08-15 18:09:18.412838+00:00,31.058234284777427
2025-08-15 18:09:18.656994+00:00,31.053083642036654
2025-08-15 18:09:18.945946+00:00,31.058234284777427
2025-08-15 18:09:19.272177+00:00,31.06338492780924
2025-08-15 18:09:19.714503+00:00,31.06338492780924
2025-08-15 18:09:20.299082+00:00,31.06338492780924
2025-08-15 18:09:20.735980+00:00,31.073686214745976
2025-08-15 18:09:21.093132+00:00,31.078836858650902
2025-08-15 18:09:21.403928+00:00,31.078836858650902
2025-08-15 18:09:22.441250+00:00,31.068535571132088
2025-08-15 18:09:24.487978+00:00,31.083987502846867
2025-08-15 18:09:25.364193+00:00,31.078836858650902
2025-08-15 18:09:25.830506+00:00,31.08913814733387
2025-08-15 18:09:26.806729+00:00,31.08913814733387
2025-08-15 18:09:30.185554+00:00,31.073686214745976
2025-08-15 18:09:32.963440+00:00,31.083987502846867
2025-08-15 18:09:33.590151+00:00,31.09943943718099
2025-08-15 18:09:34.363714+00:00,31.09943943718099
2025-08-15 18:09:35.217427+00:00,31.08913814733387
2025-08-15 18:09:35.651468+00:00,31.104590082541108
2025-08-15 18:09:36.023585+00:00,31.104590082541108
2025-08-15 18:09:36.261467+00:00,31.104590082541108
2025-08-15 18:09:37.581112+00:00,31.104590082541108
2025-08-15 18:09:38.356501+00:00,31.109740728192264
2025-08-15 18:09:38.580425+00:00,31.11489137413446
2025-08-15 18:09:38.784557+00:00,31.11489137413446
2025-08-15 18:09:39.544839+00:00,31.125192666891962
2025-08-15 18:09:41.672162+00:00,31.12004202036769
2025-08-15 18:09:43.938353+00:00,31.11489137413446
2025-08-15 18:09:45.318560+00:00,31.12004202036769
2025-08-15 18:09:45.709288+00:00,31.12004202036769
2025-08-15 18:09:52.672792+00:00,31.125192666891962
2025-08-15 18:09:55.064727+00:00,31.125192666891962
2025-08-15 18:09:55.716224+00:00,31.125192666891962
2025-08-15 18:09:55.907599+00:00,31.125192666891962
2025-08-15 18:09:57.372156+00:00,31.13034331370727
2025-08-15 18:10:02.383163+00:00,31.13549396081362
2025-08-15 18:10:02.932181+00:00,31.140644608211005
2025-08-15 18:10:03.430223+00:00,31.13549396081362
2025-08-15 18:10:06.166741+00:00,31.13034331370727
2025-08-15 18:10:07.866814+00:00,31.13034331370727
2025-08-15 18:10:10.793667+00:00,31.125192666891962
2025-08-15 18:10:14.196348+00:00,31.13034331370727
2025-08-15 18:10:15.842097+00:00,31.12004202036769
2025-08-15 18:10:16.325580+00:00,31.11489137413446
2025-08-15 18:10:16.759911+00:00,31.109740728192264
2025-08-15 18:10:19.057813+00:00,31.104590082541108
2025-08-15 18:10:20.176018+00:00,31.09428879211191
2025-08-15 18:10:23.534737+00:00,31.09943943718099
2025-08-15 18:10:25.612163+00:00,31.104590082541108
2025-08-15 18:10:26.272684+00:00,31.09943943718099
2025-08-15 18:10:28.532032+00:00,31.09943943718099
2025-08-15 18:10:29.665760+00:00,31.09428879211191
2025-08-15 18:10:30.570948+00:00,31.08913814733387
2025-08-15 18:10:30.957833+00:00,31.08913814733387
2025-08-15 18:10:31.431906+00:00,31.08913814733387
2025-08-15 18:10:32.200233+00:00,31.09428879211191
2025-08-15 18:10:32.688292+00:00,31.083987502846867
2025-08-15 18:10:33.195767+00:00,31.09428879211191
2025-08-15 18:10:33.604363+00:00,31.08913814733387
2025-08-15 18:10:34.137992+00:00,31.083987502846867
2025-08-15 18:10:34.504734+00:00,31.08913814733387
2025-08-15 18:10:37.178779+00:00,31.083987502846867
2025-08-15 18:10:40.470741+00:00,31.083987502846867
2025-08-15 18:10:40.639346+00:00,31.09428879211191
2025-08-15 18:10:41.195958+00:00,31.09428879211191
2025-08-15 18:10:41.464085+00:00,31.09428879211191
2025-08-15 18:10:41.791771+00:00,31.08913814733387
2025-08-15 18:10:42.869931+00:00,31.08913814733387
2025-08-15 18:10:43.970540+00:00,31.09428879211191
2025-08-15 18:10:44.199750+00:00,31.09428879211191
2025-08-15 18:10:45.574696+00:00,31.08913814733387
2025-08-15 18:10:46.604978+00:00,31.08913814733387
2025-08-15 18:10:48.030139+00:00,31.09943943718099
2025-08-15 18:10:48.315148+00:00,31.09428879211191
2025-08-15 18:10:48.550457+00:00,31.073686214745976
2025-08-15 18:10:49.118321+00:00,31.09428879211191
2025-08-15 18:10:52.581303+00:00,31.11489137413446
2025-08-15 18:10:53.299148+00:00,31.109740728192264
2025-08-15 18:10:53.728448+00:00,31.12004202036769
2025-08-15 18:11:00.847224+00:00,31.12004202036769
2025-08-15 18:11:05.016021+00:00,31.156096552149393
2025-08-15 18:11:06.823001+00:00,31.156096552149393
2025-08-15 18:11:08.124276+00:00,31.16639784956351
2025-08-15 18:11:13.045137+00:00,31.16639784956351
2025-08-15 18:11:14.064222+00:00,31.16639784956351
2025-08-15 18:11:14.289137+00:00,31.16639784956351
2025-08-15 18:11:14.482156+00:00,31.171548498707125
2025-08-15 18:11:15.713765+00:00,31.16639784956351
2025-08-15 18:11:16.930499+00:00,31.161247200710932
2025-08-15 18:11:19.837060+00:00,31.161247200710932
2025-08-15 18:11:21.951345+00:00,31.16639784956351
2025-08-15 18:11:22.171102+00:00,31.16639784956351
2025-08-15 18:11:22.627211+00:00,31.16639784956351
2025-08-15 18:11:22.854679+00:00,31.161247200710932
2025-08-15 18:11:23.447244+00:00,31.161247200710932
2025-08-15 18:11:24.088001+00:00,31.16639784956351
2025-08-15 18:11:24.314819+00:00,31.161247200710932
2025-08-15 18:11:25.418572+00:00,31.156096552149393
2025-08-15 18:11:26.145694+00:00,31.156096552149393
2025-08-15 18:11:26.704459+00:00,31.156096552149393
2025-08-15 18:11:26.972391+00:00,31.161247200710932
2025-08-15 18:11:27.216238+00:00,31.16639784956351
2025-08-15 18:11:27.454643+00:00,31.161247200710932
2025-08-15 18:11:27.924781+00:00,31.16639784956351
2025-08-15 18:11:28.679516+00:00,31.156096552149393
2025-08-15 18:11:29.411339+00:00,31.161247200710932
2025-08-15 18:11:29.655320+00:00,31.14579525589943
2025-08-15 18:11:31.890047+00:00,31.156096552149393
2025-08-15 18:11:34.217407+00:00,31.156096552149393
2025-08-15 18:11:37.295685+00:00,31.161247200710932
2025-08-15 18:11:38.754791+00:00,31.156096552149393
2025-08-15 18:11:41.117166+00:00,31.156096552149393
2025-08-15 18:11:43.277695+00:00,31.161247200710932
2025-08-15 18:11:44.319188+00:00,31.156096552149393
2025-08-15 18:11:45.346457+00:00,31.156096552149393
2025-08-15 18:11:47.102798+00:00,31.150945903878892
2025-08-15 18:11:47.836164+00:00,31.156096552149393
2025-08-15 18:11:50.150629+00:00,31.150945903878892
2025-08-15 18:11:52.207938+00:00,31.14579525589943
2025-08-15 18:11:52.446742+00:00,31.156096552149393
2025-08-15 18:11:52.910871+00:00,31.14579525589943
2025-08-15 18:11:53.514282+00:00,31.14579525589943
2025-08-15 18:11:54.210474+00:00,31.14579525589943
2025-08-15 18:11:59.496656+00:00,31.14579525589943
2025-08-15 18:12:01.803490+00:00,31.13034331370727
2025-08-15 18:12:04.121867+00:00,31.125192666891962
2025-08-15 18:12:04.462034+00:00,31.12004202036769
2025-08-15 18:12:05.665655+00:00,31.12004202036769
2025-08-15 18:12:06.281657+00:00,31.12004202036769
2025-08-15 18:12:06.924551+00:00,31.11489137413446
2025-08-15 18:12:08.605832+00:00,31.12004202036769
2025-08-15 18:12:08.905626+00:00,31.11489137413446
2025-08-15 18:12:09.438849+00:00,31.11489137413446
2025-08-15 18:12:09.863725+00:00,31.109740728192264
2025-08-15 18:12:12.246549+00:00,31.11489137413446
2025-08-15 18:12:13.912338+00:00,31.109740728192264
2025-08-15 18:12:14.562214+00:00,31.109740728192264
2025-08-15 18:12:15.613823+00:00,31.11489137413446
2025-08-15 18:12:16.783536+00:00,31.11489137413446
2025-08-15 18:12:19.625300+00:00,31.09943943718099
2025-08-15 18:12:19.835357+00:00,31.11489137413446
2025-08-15 18:12:20.110776+00:00,31.11489137413446
2025-08-15 18:12:20.369670+00:00,31.13549396081362
2025-08-15 18:12:21.974081+00:00,31.11489137413446
2025-08-15 18:12:23.687541+00:00,31.109740728192264
2025-08-15 18:12:26.723199+00:00,31.11489137413446
2025-08-15 18:12:27.086849+00:00,31.104590082541108
2025-08-15 18:12:27.580259+00:00,31.12004202036769
2025-08-15 18:12:30.562707+00:00,31.12004202036769
2025-08-15 18:12:33.277538+00:00,31.125192666891962
2025-08-15 18:12:33.902361+00:00,31.13034331370727
2025-08-15 18:12:35.133358+00:00,31.125192666891962
2025-08-15 18:12:36.295174+00:00,31.13034331370727
2025-08-15 18:12:37.496167+00:00,31.140644608211005
2025-08-15 18:12:38.276029+00:00,31.13034331370727
2025-08-15 18:12:38.733854+00:00,31.125192666891962
2025-08-15 18:12:44.726328+00:00,31.125192666891962
2025-08-15 18:12:46.053780+00:00,31.13549396081362
2025-08-15 18:12:46.455215+00:00,31.13549396081362
2025-08-15 18:12:48.700721+00:00,31.13549396081362
2025-08-15 18:12:51.801029+00:00,31.13034331370727
2025-08-15 18:12:53.079776+00:00,31.125192666891962
2025-08-15 18:12:53.451547+00:00,31.13549396081362
2025-08-15 18:12:53.677964+00:00,31.13549396081362
2025-08-15 18:12:53.906326+00:00,31.13034331370727
2025-08-15 18:12:54.510016+00:00,31.140644608211005
2025-08-15 18:12:55.329688+00:00,31.13549396081362
2025-08-15 18:12:55.962285+00:00,31.140644608211005
2025-08-15 18:12:56.490189+00:00,31.13549396081362
2025-08-15 18:12:56.916164+00:00,31.13034331370727
2025-08-15 18:12:57.418396+00:00,31.13549396081362
2025-08-15 18:13:00.060045+00:00,31.13034331370727
2025-08-15 18:13:01.437733+00:00,31.14579525589943
2025-08-15 18:13:02.521808+00:00,31.13549396081362
2025-08-15 18:13:05.286037+00:00,31.13549396081362
2025-08-15 18:13:09.145328+00:00,31.14579525589943
2025-08-15 18:13:09.612510+00:00,31.13549396081362
2025-08-15 18:13:10.101884+00:00,31.13549396081362
2025-08-15 18:13:10.521049+00:00,31.13034331370727
2025-08-15 18:13:11.053831+00:00,31.140644608211005
2025-08-15 18:13:11.845595+00:00,31.13034331370727
2025-08-15 18:13:13.309466+00:00,31.13549396081362
2025-08-15 18:13:16.083081+00:00,31.14579525589943
2025-08-15 18:13:18.992753+00:00,31.14579525589943
2025-08-15 18:13:19.867868+00:00,31.14579525589943
2025-08-15 18:13:21.072795+00:00,31.140644608211005
2025-08-15 18:13:22.635973+00:00,31.150945903878892
2025-08-15 18:13:24.599497+00:00,31.150945903878892
2025-08-15 18:13:24.933337+00:00,31.14579525589943
2025-08-15 18:13:25.385395+00:00,31.150945903878892
2025-08-15 18:13:26.011900+00:00,31.13549396081362
2025-08-15 18:13:27.856104+00:00,31.150945903878892
2025-08-15 18:13:29.043771+00:00,31.14579525589943
2025-08-15 18:13:30.992354+00:00,31.140644608211005
2025-08-15 18:13:33.281975+00:00,31.14579525589943
2025-08-15 18:13:34.992870+00:00,31.13034331370727
2025-08-15 18:13:36.118690+00:00,31.125192666891962
2025-08-15 18:13:36.406051+00:00,31.13034331370727
2025-08-15 18:13:36.985659+00:00,31.125192666891962
2025-08-15 18:13:37.559786+00:00,31.13034331370727
2025-08-15 18:13:40.328270+00:00,31.140644608211005
2025-08-15 18:13:40.634806+00:00,31.13034331370727
2025-08-15 18:13:40.852026+00:00,31.125192666891962
2025-08-15 18:13:41.285222+00:00,31.125192666891962
2025-08-15 18:13:41.769515+00:00,31.125192666891962
2025-08-15 18:13:42.120265+00:00,31.125192666891962
2025-08-15 18:13:42.603284+00:00,31.125192666891962
2025-08-15 18:13:42.968740+00:00,31.12004202036769
2025-08-15 18:13:43.138011+00:00,31.12004202036769
2025-08-15 18:13:43.664868+00:00,31.11489137413446
2025-08-15 18:13:43.901960+00:00,31.09428879211191
2025-08-15 18:13:44.133076+00:00,31.12004202036769
2025-08-15 18:13:44.359639+00:00,31.13034331370727
2025-08-15 18:13:45.087224+00:00,31.12004202036769
2025-08-15 18:13:45.911162+00:00,31.12004202036769
2025-08-15 18:13:47.617505+00:00,31.109740728192264
2025-08-15 18:13:49.207001+00:00,31.109740728192264
2025-08-15 18:13:50.283570+00:00,31.104590082541108
2025-08-15 18:13:50.903298+00:00,31.109740728192264
2025-08-15 18:13:51.379365+00:00,31.09943943718099
2025-08-15 18:13:52.884933+00:00,31.09943943718099
2025-08-15 18:13:53.058743+00:00,31.09428879211191
2025-08-15 18:13:53.827981+00:00,31.09428879211191
2025-08-15 18:13:55.059418+00:00,31.09428879211191
2025-08-15 18:13:55.502152+00:00,31.08913814733387
2025-08-15 18:13:55.826423+00:00,31.09428879211191
2025-08-15 18:13:57.347629+00:00,31.08913814733387
2025-08-15 18:14:00.009367+00:00,31.09428879211191
2025-08-15 18:14:06.301068+00:00,31.078836858650902
2025-08-15 18:14:07.163451+00:00,31.083987502846867
2025-08-15 18:14:08.865702+00:00,31.083987502846867
2025-08-15 18:14:09.790838+00:00,31.078836858650902
2025-08-15 18:14:10.369981+00:00,31.078836858650902
2025-08-15 18:14:10.799069+00:00,31.08913814733387
2025-08-15 18:14:13.577971+00:00,31.09428879211191
2025-08-15 18:14:17.261005+00:00,31.083987502846867
2025-08-15 18:14:17.810829+00:00,31.08913814733387
2025-08-15 18:14:18.243953+00:00,31.08913814733387
2025-08-15 18:14:19.075550+00:00,31.09428879211191
2025-08-15 18:14:20.967923+00:00,31.083987502846867
2025-08-15 18:14:21.507740+00:00,31.083987502846867
2025-08-15 18:14:22.651588+00:00,31.078836858650902
2025-08-15 18:14:24.718033+00:00,31.073686214745976
2025-08-15 18:14:25.845234+00:00,31.06338492780924
2025-08-15 18:14:26.062517+00:00,31.073686214745976
2025-08-15 18:14:26.387980+00:00,31.068535571132088
2025-08-15 18:14:26.784465+00:00,31.078836858650902
2025-08-15 18:14:28.878036+00:00,31.068535571132088
2025-08-15 18:14:29.307235+00:00,31.073686214745976
2025-08-15 18:14:29.965437+00:00,31.073686214745976
2025-08-15 18:14:32.468707+00:00,31.073686214745976
2025-08-15 18:14:33.511990+00:00,31.073686214745976
2025-08-15 18:14:33.810905+00:00,31.073686214745976
2025-08-15 18:14:34.156369+00:00,31.073686214745976
2025-08-15 18:14:34.531527+00:00,31.068535571132088
2025-08-15 18:14:34.756825+00:00,31.073686214745976
2025-08-15 18:14:35.899838+00:00,31.078836858650902
2025-08-15 18:14:36.300747+00:00,31.073686214745976
2025-08-15 18:14:37.371143+00:00,31.073686214745976
2025-08-15 18:14:37.647179+00:00,31.073686214745976
2025-08-15 18:14:38.600147+00:00,31.068535571132088
2025-08-15 18:14:39.001339+00:00,31.083987502846867
2025-08-15 18:14:39.436252+00:00,31.078836858650902
2025-08-15 18:14:39.626856+00:00,31.078836858650902
2025-08-15 18:14:39.953474+00:00,31.083987502846867
2025-08-15 18:14:40.170871+00:00,31.08913814733387
2025-08-15 18:14:40.957459+00:00,31.08913814733387
2025-08-15 18:14:42.018631+00:00,31.08913814733387
2025-08-15 18:14:42.512113+00:00,31.09943943718099
2025-08-15 18:14:42.803268+00:00,31.08913814733387
2025-08-15 18:14:48.846154+00:00,31.08913814733387
2025-08-15 18:14:49.816050+00:00,31.08913814733387
2025-08-15 18:14:50.367017+00:00,31.078836858650902
2025-08-15 18:14:50.593652+00:00,31.08913814733387
2025-08-15 18:14:51.650860+00:00,31.068535571132088
2025-08-15 18:14:52.333308+00:00,31.078836858650902
2025-08-15 18:14:52.749153+00:00,31.073686214745976
2025-08-15 18:14:53.811846+00:00,31.078836858650902
2025-08-15 18:14:54.425219+00:00,31.078836858650902
2025-08-15 18:14:58.223671+00:00,31.073686214745976
2025-08-15 18:14:58.750274+00:00,31.06338492780924
2025-08-15 18:14:59.956193+00:00,31.058234284777427
2025-08-15 18:15:01.750231+00:00,31.068535571132088
2025-08-15 18:15:07.501067+00:00,31.068535571132088
2025-08-15 18:15:08.815502+00:00,31.06338492780924
2025-08-15 18:15:10.861821+00:00,31.06338492780924
2025-08-15 18:15:11.825883+00:00,31.058234284777427
2025-08-15 18:15:12.298731+00:00,31.058234284777427
2025-08-15 18:15:12.626397+00:00,31.058234284777427
2025-08-15 18:15:12.992766+00:00,31.058234284777427
2025-08-15 18:15:13.334131+00:00,31.058234284777427
2025-08-15 18:15:16.994387+00:00,31.06338492780924
2025-08-15 18:15:17.401501+00:00,31.053083642036654
2025-08-15 18:15:17.810124+00:00,31.053083642036654
2025-08-15 18:15:19.359070+00:00,31.042782357428223
2025-08-15 18:15:24.998530+00:00,31.053083642036654
2025-08-15 18:15:25.743908+00:00,31.042782357428223
2025-08-15 18:15:26.606262+00:00,31.042782357428223
2025-08-15 18:15:28.849389+00:00,31.04793299958692
2025-08-15 18:15:33.571525+00:00,31.037631715560565
2025-08-15 18:15:34.582991+00:00,31.032481073983945
2025-08-15 18:15:35.250451+00:00,31.042782357428223
2025-08-15 18:15:35.858789+00:00,31.032481073983945
2025-08-15 18:15:39.263446+00:00,31.04793299958692
2025-08-15 18:15:41.259488+00:00,31.02217979170382
2025-08-15 18:15:42.137391+00:00,31.032481073983945
2025-08-15 18:15:42.840033+00:00,31.032481073983945
2025-08-15 18:15:43.633898+00:00,31.037631715560565
2025-08-15 18:15:45.915212+00:00,31.06338492780924
2025-08-15 18:15:47.967324+00:00,31.042782357428223
2025-08-15 18:15:50.377710+00:00,31.042782357428223
2025-08-15 18:15:50.788236+00:00,31.058234284777427
2025-08-15 18:15:51.875011+00:00,31.058234284777427
2025-08-15 18:15:52.786410+00:00,31.058234284777427
2025-08-15 18:15:54.765510+00:00,31.042782357428223
2025-08-15 18:15:55.140455+00:00,31.04793299958692
2025-08-15 18:15:55.866044+00:00,31.058234284777427
2025-08-15 18:15:56.850186+00:00,31.04793299958692
2025-08-15 18:15:58.586037+00:00,31.053083642036654
2025-08-15 18:16:03.349164+00:00,31.042782357428223
2025-08-15 18:16:09.016506+00:00,31.053083642036654
2025-08-15 18:16:11.306077+00:00,31.058234284777427
2025-08-15 18:16:16.017538+00:00,31.042782357428223
2025-08-15 18:16:16.396341+00:00,31.04793299958692
2025-08-15 18:16:17.833589+00:00,31.042782357428223
2025-08-15 18:16:18.615771+00:00,31.053083642036654
2025-08-15 18:16:18.930232+00:00,31.04793299958692
2025-08-15 18:16:19.915877+00:00,31.037631715560565
2025-08-15 18:16:23.061008+00:00,31.04793299958692
2025-08-15 18:16:23.250950+00:00,31.053083642036654
2025-08-15 18:16:23.997082+00:00,31.053083642036654
2025-08-15 18:16:25.355729+00:00,31.042782357428223
2025-08-15 18:16:26.228985+00:00,31.037631715560565
2025-08-15 18:16:27.681052+00:00,31.037631715560565
2025-08-15 18:16:32.421216+00:00,31.032481073983945
2025-08-15 18:16:34.857803+00:00,31.032481073983945
2025-08-15 18:16:35.689005+00:00,31.027330432698363
2025-08-15 18:16:36.775131+00:00,31.02217979170382
2025-08-15 18:16:38.028368+00:00,31.037631715560565
2025-08-15 18:16:38.707011+00:00,31.02217979170382
2025-08-15 18:16:39.592218+00:00,31.027330432698363
2025-08-15 18:16:40.755887+00:00,31.032481073983945
2025-08-15 18:16:41.289297+00:00,31.037631715560565
2025-08-15 18:16:43.813108+00:00,31.037631715560565
2025-08-15 18:16:44.532491+00:00,31.027330432698363
2025-08-15 18:16:44.691762+00:00,31.027330432698363
2025-08-15 18:16:44.866122+00:00,31.032481073983945
2025-08-15 18:16:45.084398+00:00,31.037631715560565
2025-08-15 18:16:45.449190+00:00,31.032481073983945
2025-08-15 18:16:45.947317+00:00,31.032481073983945
2025-08-15 18:16:46.579817+00:00,31.02217979170382
2025-08-15 18:16:47.107877+00:00,31.027330432698363
2025-08-15 18:16:49.022577+00:00,31.027330432698363
2025-08-15 18:16:49.464336+00:00,31.042782357428223
2025-08-15 18:16:50.021018+00:00,31.042782357428223
2025-08-15 18:16:50.229444+00:00,31.042782357428223
2025-08-15 18:16:50.433010+00:00,31.032481073983945
2025-08-15 18:16:51.655995+00:00,31.032481073983945
2025-08-15 18:16:52.696122+00:00,31.027330432698363
2025-08-15 18:16:53.038967+00:00,31.037631715560565
2025-08-15 18:16:53.922917+00:00,31.027330432698363
2025-08-15 18:16:55.872115+00:00,31.02217979170382
2025-08-15 18:16:56.272938+00:00,31.037631715560565
2025-08-15 18:16:57.715045+00:00,31.032481073983945
2025-08-15 18:16:57.980453+00:00,31.032481073983945
2025-08-15 18:16:59.833161+00:00,31.037631715560565
2025-08-15 18:17:00.573884+00:00,31.037631715560565
2025-08-15 18:17:02.433765+00:00,31.032481073983945
2025-08-15 18:17:03.771718+00:00,31.032481073983945
2025-08-15 18:17:05.723297+00:00,31.032481073983945
2025-08-15 18:17:07.915526+00:00,31.032481073983945
2025-08-15 18:17:12.014305+00:00,31.032481073983945
2025-08-15 18:17:14.010566+00:00,31.027330432698363
2025-08-15 18:17:14.227543+00:00,31.032481073983945
2025-08-15 18:17:14.444442+00:00,31.032481073983945
2025-08-15 18:17:14.962889+00:00,31.02217979170382
2025-08-15 18:17:17.288754+00:00,31.02217979170382
2025-08-15 18:17:20.531166+00:00,31.017029151000315
2025-08-15 18:17:21.080742+00:00,31.01187851058785
2025-08-15 18:17:21.956396+00:00,31.02217979170382
2025-08-15 18:17:22.441396+00:00,31.01187851058785
2025-08-15 18:17:22.706325+00:00,31.01187851058785
2025-08-15 18:17:23.287555+00:00,31.01187851058785
2025-08-15 18:17:24.606704+00:00,30.991275951848365
2025-08-15 18:17:25.692520+00:00,30.99642659109668
2025-08-15 18:17:25.889480+00:00,31.00157723063603
2025-08-15 18:17:26.797673+00:00,30.99642659109668
2025-08-15 18:17:27.112084+00:00,31.00157723063603
2025-08-15 18:17:27.371930+00:00,31.00157723063603
2025-08-15 18:17:27.588642+00:00,31.00157723063603
2025-08-15 18:17:27.832265+00:00,30.99642659109668
2025-08-15 18:17:29.234866+00:00,30.991275951848365
2025-08-15 18:17:29.955563+00:00,30.99642659109668
2025-08-15 18:17:32.854440+00:00,30.99642659109668
2025-08-15 18:17:34.992372+00:00,30.991275951848365
2025-08-15 18:17:37.300492+00:00,30.99642659109668
2025-08-15 18:17:39.599858+00:00,30.98612531289109
2025-08-15 18:17:39.906008+00:00,30.991275951848365
2025-08-15 18:17:40.226085+00:00,31.00157723063603
2025-08-15 18:17:40.743225+00:00,30.991275951848365
2025-08-15 18:17:41.028587+00:00,30.991275951848365
2025-08-15 18:17:41.253244+00:00,30.991275951848365
2025-08-15 18:17:41.480207+00:00,30.99642659109668
2025-08-15 18:17:41.705903+00:00,31.00157723063603
2025-08-15 18:17:47.137191+00:00,30.991275951848365
2025-08-15 18:17:48.998529+00:00,30.98612531289109
2025-08-15 18:17:51.022438+00:00,30.980974674224854
2025-08-15 18:17:51.206815+00:00,30.991275951848365
2025-08-15 18:17:53.555546+00:00,30.980974674224854
2025-08-15 18:17:55.051355+00:00,30.980974674224854
2025-08-15 18:17:56.522615+00:00,30.98612531289109
2025-08-15 18:17:56.664082+00:00,30.975824035849655
2025-08-15 18:17:59.330749+00:00,30.970673397765495
2025-08-15 18:18:01.531350+00:00,30.975824035849655
2025-08-15 18:18:03.155202+00:00,30.970673397765495
2025-08-15 18:18:03.537593+00:00,30.970673397765495
2025-08-15 18:18:04.974933+00:00,30.980974674224854
2025-08-15 18:18:05.615161+00:00,30.965522759972373
2025-08-15 18:18:08.697161+00:00,30.975824035849655
2025-08-15 18:18:09.845383+00:00,30.96037212247029
2025-08-15 18:18:15.564665+00:00,30.96037212247029
2025-08-15 18:18:17.171166+00:00,30.955221485259244
2025-08-15 18:18:18.488539+00:00,30.955221485259244
2025-08-15 18:18:19.180635+00:00,30.955221485259244
2025-08-15 18:18:20.004755+00:00,30.955221485259244
2025-08-15 18:18:21.454091+00:00,30.965522759972373
2025-08-15 18:18:22.184971+00:00,30.955221485259244
2025-08-15 18:18:23.167785+00:00,30.96037212247029
2025-08-15 18:18:24.228826+00:00,30.955221485259244
2025-08-15 18:18:25.441403+00:00,30.955221485259244
2025-08-15 18:18:26.076826+00:00,30.955221485259244
2025-08-15 18:18:28.116529+00:00,30.955221485259244
2025-08-15 18:18:28.353633+00:00,30.96037212247029
2025-08-15 18:18:29.653448+00:00,30.955221485259244
2025-08-15 18:18:33.137693+00:00,30.96037212247029
2025-08-15 18:18:33.872905+00:00,30.94492021171027
2025-08-15 18:18:36.588593+00:00,30.94492021171027
2025-08-15 18:18:37.199858+00:00,30.93976957537234
2025-08-15 18:18:37.637412+00:00,30.94492021171027
2025-08-15 18:18:39.215485+00:00,30.94492021171027
2025-08-15 18:18:39.891999+00:00,30.950070848339237
2025-08-15 18:18:40.888327+00:00,30.93976957537234
2025-08-15 18:18:41.680932+00:00,30.94492021171027
2025-08-15 18:18:41.923703+00:00,30.94492021171027
2025-08-15 18:18:42.224204+00:00,30.950070848339237
2025-08-15 18:18:43.034887+00:00,30.93976957537234
2025-08-15 18:18:43.661817+00:00,30.93976957537234
2025-08-15 18:18:48.542263+00:00,30.950070848339237
2025-08-15 18:18:48.934547+00:00,30.950070848339237
2025-08-15 18:18:49.485105+00:00,30.93976957537234
2025-08-15 18:18:50.070417+00:00,30.950070848339237
2025-08-15 18:18:51.762949+00:00,30.950070848339237
2025-08-15 18:18:53.406173+00:00,30.94492021171027
2025-08-15 18:18:54.851927+00:00,30.94492021171027
2025-08-15 18:18:56.046430+00:00,30.94492021171027
2025-08-15 18:18:58.613798+00:00,30.93976957537234
2025-08-15 18:18:59.021924+00:00,30.950070848339237
2025-08-15 18:18:59.229590+00:00,30.950070848339237
2025-08-15 18:19:00.279277+00:00,30.93976957537234
2025-08-15 18:19:01.733567+00:00,30.929468303569593
2025-08-15 18:19:06.653236+00:00,30.934618939325446
2025-08-15 18:19:07.242001+00:00,30.934618939325446
2025-08-15 18:19:09.146660+00:00,30.924317668104777
2025-08-15 18:19:09.406540+00:00,30.934618939325446
2025-08-15 18:19:17.136659+00:00,30.924317668104777
2025-08-15 18:19:20.243254+00:00,30.929468303569593
2025-08-15 18:19:20.512804+00:00,30.929468303569593
2025-08-15 18:19:22.026322+00:00,30.91401639804826
2025-08-15 18:19:22.577997+00:00,30.91401639804826
2025-08-15 18:19:22.818826+00:00,30.91401639804826
2025-08-15 18:19:23.840891+00:00,30.924317668104777
2025-08-15 18:19:25.780256+00:00,30.9037151291559
2025-08-15 18:19:26.155926+00:00,30.919167032931
2025-08-15 18:19:28.085915+00:00,30.924317668104777
2025-08-15 18:19:28.565589+00:00,30.924317668104777
2025-08-15 18:19:29.574898+00:00,30.929468303569593
2025-08-15 18:19:30.169922+00:00,30.929468303569593
2025-08-15 18:19:30.612255+00:00,30.934618939325446
2025-08-15 18:19:31.683777+00:00,30.929468303569593
2025-08-15 18:19:32.095897+00:00,30.934618939325446
2025-08-15 18:19:32.645400+00:00,30.929468303569593
2025-08-15 18:19:32.965844+00:00,30.924317668104777
2025-08-15 18:19:33.386350+00:00,30.934618939325446
2025-08-15 18:19:33.670758+00:00,30.924317668104777
2025-08-15 18:19:34.286474+00:00,30.924317668104777
2025-08-15 18:19:34.481635+00:00,30.929468303569593
2025-08-15 18:19:34.691589+00:00,30.929468303569593
2025-08-15 18:19:34.907625+00:00,30.929468303569593
2025-08-15 18:19:35.197140+00:00,30.929468303569593
2025-08-15 18:19:35.510902+00:00,30.919167032931
2025-08-15 18:19:36.754553+00:00,30.924317668104777
2025-08-15 18:19:36.954773+00:00,30.929468303569593
2025-08-15 18:19:37.161449+00:00,30.934618939325446
2025-08-15 18:19:37.640183+00:00,30.929468303569593
2025-08-15 18:19:38.049040+00:00,30.934618939325446
2025-08-15 18:19:38.770998+00:00,30.934618939325446
2025-08-15 18:19:39.177761+00:00,30.934618939325446
2025-08-15 18:19:42.128440+00:00,30.929468303569593
2025-08-15 18:19:43.832443+00:00,30.934618939325446
2025-08-15 18:19:44.702266+00:00,30.929468303569593
2025-08-15 18:19:44.893986+00:00,30.93976957537234
2025-08-15 18:19:45.244748+00:00,30.93976957537234
2025-08-15 18:19:45.533361+00:00,30.93976957537234
2025-08-15 18:19:45.894396+00:00,30.934618939325446
2025-08-15 18:19:49.714920+00:00,30.924317668104777
2025-08-15 18:19:54.850823+00:00,30.929468303569593
2025-08-15 18:19:56.087294+00:00,30.929468303569593
2025-08-15 18:19:57.641570+00:00,30.929468303569593
2025-08-15 18:19:57.834187+00:00,30.93976957537234
2025-08-15 18:19:58.109584+00:00,30.93976957537234
2025-08-15 18:19:58.460125+00:00,30.955221485259244
2025-08-15 18:19:59.012357+00:00,30.93976957537234
2025-08-15 18:19:59.723040+00:00,30.94492021171027
2025-08-15 18:19:59.987099+00:00,30.94492021171027
2025-08-15 18:20:00.347006+00:00,30.950070848339237
2025-08-15 18:20:00.834867+00:00,30.950070848339237
2025-08-15 18:20:01.308861+00:00,30.955221485259244
2025-08-15 18:20:03.999487+00:00,30.934618939325446
2025-08-15 18:20:04.642179+00:00,30.93976957537234
2025-08-15 18:20:06.618026+00:00,30.93976957537234
2025-08-15 18:20:07.198799+00:00,30.934618939325446
2025-08-15 18:20:08.319092+00:00,30.93976957537234
2025-08-15 18:20:08.635534+00:00,30.93976957537234
2025-08-15 18:20:11.560881+00:00,30.950070848339237
2025-08-15 18:20:14.878973+00:00,30.94492021171027
2025-08-15 18:20:15.910410+00:00,30.94492021171027
2025-08-15 18:20:16.625406+00:00,30.93976957537234
2025-08-15 18:20:19.036430+00:00,30.950070848339237
2025-08-15 18:20:21.562317+00:00,30.955221485259244
2025-08-15 18:20:24.234520+00:00,30.96037212247029
2025-08-15 18:20:24.711171+00:00,30.94492021171027
2025-08-15 18:20:25.101526+00:00,30.950070848339237
2025-08-15 18:20:25.993515+00:00,30.955221485259244
2025-08-15 18:20:26.402897+00:00,30.955221485259244
2025-08-15 18:20:26.776647+00:00,30.94492021171027
2025-08-15 18:20:27.094663+00:00,30.950070848339237
2025-08-15 18:20:30.237083+00:00,30.950070848339237
2025-08-15 18:20:31.594864+00:00,30.96037212247029
2025-08-15 18:20:32.244401+00:00,30.955221485259244
2025-08-15 18:20:32.626825+00:00,30.96037212247029
2025-08-15 18:20:33.108514+00:00,30.96037212247029
2025-08-15 18:20:33.467498+00:00,30.93976957537234
2025-08-15 18:20:33.872638+00:00,30.955221485259244
2025-08-15 18:20:40.108238+00:00,30.955221485259244
2025-08-15 18:20:41.365789+00:00,30.955221485259244
2025-08-15 18:20:41.583040+00:00,30.96037212247029
2025-08-15 18:20:41.878277+00:00,30.950070848339237
2025-08-15 18:20:43.206754+00:00,30.955221485259244
2025-08-15 18:20:45.116231+00:00,30.96037212247029
2025-08-15 18:20:48.116811+00:00,30.970673397765495
2025-08-15 18:20:49.396048+00:00,30.970673397765495
2025-08-15 18:20:49.822695+00:00,30.970673397765495
2025-08-15 18:20:52.493815+00:00,30.970673397765495
2025-08-15 18:20:54.651079+00:00,30.975824035849655
2025-08-15 18:20:54.827773+00:00,30.970673397765495
2025-08-15 18:20:55.044069+00:00,30.980974674224854
2025-08-15 18:20:55.220455+00:00,30.980974674224854
2025-08-15 18:20:56.683911+00:00,30.975824035849655
2025-08-15 18:20:57.526957+00:00,30.980974674224854
2025-08-15 18:20:58.014050+00:00,30.980974674224854
2025-08-15 18:20:58.202575+00:00,30.980974674224854
2025-08-15 18:20:58.682643+00:00,30.98612531289109
2025-08-15 18:21:01.555284+00:00,30.970673397765495
2025-08-15 18:21:03.230300+00:00,30.970673397765495
2025-08-15 18:21:03.900210+00:00,30.975824035849655
2025-08-15 18:21:05.682852+00:00,30.980974674224854
2025-08-15 18:21:06.344801+00:00,30.970673397765495
2025-08-15 18:21:06.685875+00:00,30.980974674224854
2025-08-15 18:21:09.999874+00:00,30.975824035849655
2025-08-15 18:21:11.633903+00:00,30.975824035849655
2025-08-15 18:21:12.359956+00:00,30.975824035849655
2025-08-15 18:21:14.591577+00:00,30.980974674224854
2025-08-15 18:21:15.083526+00:00,30.970673397765495
2025-08-15 18:21:16.066908+00:00,30.975824035849655
2025-08-15 18:21:22.503285+00:00,30.98612531289109
2025-08-15 18:21:23.045905+00:00,30.991275951848365
2025-08-15 18:21:23.360953+00:00,30.991275951848365
2025-08-15 18:21:23.866002+00:00,31.00157723063603
2025-08-15 18:21:25.236636+00:00,30.99642659109668
2025-08-15 18:21:29.274230+00:00,30.980974674224854
2025-08-15 18:21:30.918136+00:00,30.98612531289109
2025-08-15 18:21:33.491170+00:00,30.98612531289109
2025-08-15 18:21:34.638893+00:00,30.991275951848365
2025-08-15 18:21:34.923000+00:00,30.991275951848365
2025-08-15 18:21:35.106664+00:00,30.99642659109668
2025-08-15 18:21:37.176841+00:00,30.980974674224854
2025-08-15 18:21:37.516870+00:00,30.975824035849655
2025-08-15 18:21:38.591018+00:00,30.99642659109668
2025-08-15 18:21:39.402241+00:00,30.991275951848365
2025-08-15 18:21:40.655168+00:00,30.98612531289109
2025-08-15 18:21:42.512233+00:00,30.980974674224854
2025-08-15 18:21:46.750229+00:00,30.980974674224854
2025-08-15 18:21:47.490175+00:00,30.991275951848365
2025-08-15 18:21:49.451207+00:00,30.980974674224854
2025-08-15 18:21:52.839791+00:00,30.991275951848365
2025-08-15 18:21:54.428899+00:00,30.991275951848365
2025-08-15 18:21:54.772690+00:00,30.99642659109668
2025-08-15 18:21:55.124113+00:00,30.98612531289109
2025-08-15 18:21:56.041267+00:00,30.980974674224854
2025-08-15 18:21:58.418185+00:00,30.98612531289109
2025-08-15 18:22:01.691595+00:00,30.975824035849655
2025-08-15 18:22:04.008142+00:00,30.975824035849655
2025-08-15 18:22:05.758261+00:00,30.970673397765495
2025-08-15 18:22:08.590235+00:00,30.970673397765495
2025-08-15 18:22:12.676533+00:00,30.975824035849655
2025-08-15 18:22:12.967109+00:00,30.98612531289109
2025-08-15 18:22:13.371778+00:00,30.991275951848365
2025-08-15 18:22:14.433413+00:00,30.980974674224854
2025-08-15 18:22:15.804208+00:00,30.980974674224854
2025-08-15 18:22:19.198397+00:00,30.980974674224854
2025-08-15 18:22:21.029817+00:00,30.980974674224854
2025-08-15 18:22:24.765758+00:00,30.980974674224854
2025-08-15 18:22:25.218493+00:00,30.975824035849655
2025-08-15 18:22:25.983765+00:00,30.980974674224854
2025-08-15 18:22:27.050408+00:00,30.975824035849655
2025-08-15 18:22:27.266423+00:00,30.970673397765495
2025-08-15 18:22:27.500725+00:00,30.980974674224854
2025-08-15 18:22:28.234652+00:00,30.975824035849655
2025-08-15 18:22:29.857307+00:00,30.975824035849655
2025-08-15 18:22:34.008167+00:00,30.980974674224854
2025-08-15 18:22:34.501302+00:00,30.975824035849655
2025-08-15 18:22:35.514987+00:00,30.975824035849655
2025-08-15 18:22:36.164935+00:00,30.970673397765495
2025-08-15 18:22:36.409006+00:00,30.980974674224854
2025-08-15 18:22:37.778064+00:00,30.975824035849655
2025-08-15 18:22:38.114278+00:00,30.980974674224854
2025-08-15 18:22:39.031934+00:00,30.980974674224854
2025-08-15 18:22:41.748944+00:00,30.980974674224854
2025-08-15 18:22:42.023574+00:00,30.980974674224854
2025-08-15 18:22:42.368055+00:00,30.980974674224854
2025-08-15 18:22:42.928733+00:00,30.980974674224854
2025-08-15 18:22:43.138289+00:00,30.98612531289109
2025-08-15 18:22:43.438832+00:00,30.98612531289109
2025-08-15 18:22:43.758463+00:00,30.980974674224854
2025-08-15 18:22:44.173457+00:00,30.98612531289109
2025-08-15 18:22:46.489708+00:00,30.975824035849655
2025-08-15 18:22:48.239244+00:00,30.975824035849655
2025-08-15 18:22:49.181550+00:00,30.975824035849655
2025-08-15 18:22:50.834579+00:00,30.980974674224854
2025-08-15 18:22:51.219078+00:00,30.980974674224854
2025-08-15 18:22:51.415619+00:00,30.98612531289109
2025-08-15 18:22:51.897351+00:00,30.980974674224854
2025-08-15 18:22:52.240227+00:00,30.980974674224854
2025-08-15 18:22:52.481507+00:00,30.980974674224854
2025-08-15 18:22:52.841772+00:00,30.980974674224854
2025-08-15 18:22:53.145911+00:00,30.980974674224854
2025-08-15 18:22:53.369282+00:00,30.980974674224854
2025-08-15 18:22:54.906657+00:00,30.98612531289109
2025-08-15 18:22:55.617515+00:00,30.975824035849655
2025-08-15 18:22:56.728304+00:00,30.965522759972373
2025-08-15 18:22:57.607989+00:00,30.970673397765495
2025-08-15 18:23:01.547592+00:00,30.970673397765495
2025-08-15 18:23:02.005003+00:00,30.96037212247029
2025-08-15 18:23:02.765149+00:00,30.975824035849655
2025-08-15 18:23:03.523113+00:00,30.970673397765495
2025-08-15 18:23:05.155840+00:00,30.970673397765495
2025-08-15 18:23:06.096932+00:00,30.965522759972373
2025-08-15 18:23:09.047701+00:00,30.965522759972373
2025-08-15 18:23:11.653299+00:00,30.96037212247029
2025-08-15 18:23:11.858499+00:00,30.96037212247029
2025-08-15 18:23:12.472691+00:00,30.975824035849655
2025-08-15 18:23:13.299814+00:00,30.96037212247029
2025-08-15 18:23:14.285517+00:00,30.970673397765495
2025-08-15 18:23:15.213978+00:00,30.965522759972373
2025-08-15 18:23:16.005307+00:00,30.96037212247029
2025-08-15 18:23:17.888132+00:00,30.965522759972373
2025-08-15 18:23:18.575266+00:00,30.970673397765495
2025-08-15 18:23:18.849099+00:00,30.970673397765495
2025-08-15 18:23:19.033261+00:00,30.975824035849655
2025-08-15 18:23:19.342693+00:00,30.970673397765495
2025-08-15 18:23:22.040446+00:00,30.965522759972373
2025-08-15 18:23:23.139803+00:00,30.96037212247029
2025-08-15 18:23:27.348600+00:00,30.96037212247029
2025-08-15 18:23:28.464483+00:00,30.96037212247029
2025-08-15 18:23:29.391386+00:00,30.950070848339237
2025-08-15 18:23:34.446430+00:00,30.950070848339237
2025-08-15 18:23:34.871844+00:00,30.950070848339237
2025-08-15 18:23:35.196910+00:00,30.950070848339237
2025-08-15 18:23:36.976874+00:00,30.96037212247029
2025-08-15 18:23:37.179665+00:00,30.955221485259244
2025-08-15 18:23:37.780762+00:00,30.955221485259244
2025-08-15 18:23:41.943410+00:00,30.955221485259244
2025-08-15 18:23:42.143461+00:00,30.94492021171027
2025-08-15 18:23:42.341189+00:00,30.950070848339237
2025-08-15 18:23:42.828699+00:00,30.950070848339237
2025-08-15 18:23:43.129743+00:00,30.955221485259244
2025-08-15 18:23:43.372596+00:00,30.96037212247029
2025-08-15 18:23:45.285236+00:00,30.94492021171027
2025-08-15 18:23:45.637750+00:00,30.950070848339237
2025-08-15 18:23:46.664873+00:00,30.94492021171027
2025-08-15 18:23:47.857264+00:00,30.96037212247029
2025-08-15 18:23:50.325370+00:00,30.93976957537234
2025-08-15 18:23:51.394858+00:00,30.955221485259244
2025-08-15 18:23:52.052058+00:00,30.93976957537234
2025-08-15 18:23:52.548444+00:00,30.955221485259244
2025-08-15 18:23:53.912021+00:00,30.955221485259244
2025-08-15 18:23:58.223865+00:00,30.950070848339237
2025-08-15 18:23:58.457475+00:00,30.94492021171027
2025-08-15 18:23:58.767198+00:00,30.96037212247029
2025-08-15 18:23:59.108909+00:00,30.96037212247029
2025-08-15 18:24:01.555044+00:00,30.950070848339237
2025-08-15 18:24:01.871049+00:00,30.950070848339237
2025-08-15 18:24:02.663291+00:00,30.934618939325446
2025-08-15 18:24:03.009495+00:00,30.955221485259244
2025-08-15 18:24:03.355284+00:00,30.950070848339237
2025-08-15 18:24:06.830492+00:00,30.950070848339237
2025-08-15 18:24:08.154994+00:00,30.950070848339237
2025-08-15 18:24:09.496566+00:00,30.93976957537234
2025-08-15 18:24:11.700928+00:00,30.950070848339237
2025-08-15 18:24:14.778779+00:00,30.94492021171027
2025-08-15 18:24:14.995070+00:00,30.93976957537234
2025-08-15 18:24:15.354262+00:00,30.94492021171027
2025-08-15 18:24:18.011931+00:00,30.955221485259244
2025-08-15 18:24:18.421869+00:00,30.950070848339237
2025-08-15 18:24:18.762968+00:00,30.950070848339237
2025-08-15 18:24:20.206053+00:00,30.965522759972373
2025-08-15 18:24:20.920345+00:00,30.965522759972373
2025-08-15 18:24:21.813493+00:00,30.96037212247029
2025-08-15 18:24:22.757993+00:00,30.955221485259244
2025-08-15 18:24:25.993788+00:00,30.96037212247029
2025-08-15 18:24:27.012293+00:00,30.965522759972373
2025-08-15 18:24:27.463404+00:00,30.975824035849655
2025-08-15 18:24:28.347828+00:00,30.96037212247029
2025-08-15 18:24:29.748515+00:00,30.970673397765495
2025-08-15 18:24:31.609149+00:00,30.970673397765495
2025-08-15 18:24:33.777553+00:00,30.96037212247029
2025-08-15 18:24:35.590308+00:00,30.965522759972373
2025-08-15 18:24:36.083189+00:00,30.965522759972373
2025-08-15 18:24:38.758238+00:00,30.96037212247029
2025-08-15 18:24:39.536712+00:00,30.965522759972373
2025-08-15 18:24:41.173239+00:00,30.950070848339237
2025-08-15 18:24:41.550763+00:00,30.955221485259244
2025-08-15 18:24:43.464754+00:00,30.955221485259244
2025-08-15 18:24:44.508642+00:00,30.955221485259244
2025-08-15 18:24:46.269424+00:00,30.950070848339237
2025-08-15 18:24:46.656951+00:00,30.950070848339237
2025-08-15 18:24:48.243770+00:00,30.96037212247029
2025-08-15 18:24:49.456504+00:00,30.950070848339237
2025-08-15 18:24:49.773491+00:00,30.955221485259244
2025-08-15 18:24:50.926566+00:00,30.93976957537234
2025-08-15 18:24:53.177163+00:00,30.94492021171027
2025-08-15 18:24:53.762165+00:00,30.934618939325446
2025-08-15 18:24:54.799569+00:00,30.934618939325446
2025-08-15 18:24:56.798180+00:00,30.94492021171027
2025-08-15 18:24:59.003255+00:00,30.934618939325446
2025-08-15 18:24:59.349614+00:00,30.93976957537234
2025-08-15 18:24:59.571517+00:00,30.929468303569593
2025-08-15 18:25:00.634860+00:00,30.93976957537234
2025-08-15 18:25:04.444355+00:00,30.93976957537234
2025-08-15 18:25:04.772938+00:00,30.93976957537234
2025-08-15 18:25:05.109366+00:00,30.93976957537234
2025-08-15 18:25:06.579334+00:00,30.950070848339237
2025-08-15 18:25:08.058136+00:00,30.929468303569593
2025-08-15 18:25:12.419527+00:00,30.934618939325446
2025-08-15 18:25:12.986854+00:00,30.93976957537234
2025-08-15 18:25:13.445175+00:00,30.950070848339237
2025-08-15 18:25:13.955464+00:00,30.934618939325446
2025-08-15 18:25:16.784792+00:00,30.93976957537234
2025-08-15 18:25:17.611407+00:00,30.950070848339237
2025-08-15 18:25:18.300863+00:00,30.94492021171027
2025-08-15 18:25:25.784013+00:00,30.955221485259244
2025-08-15 18:25:32.801194+00:00,30.93976957537234
2025-08-15 18:25:33.802005+00:00,30.94492021171027
2025-08-15 18:25:34.202147+00:00,30.93976957537234
2025-08-15 18:25:36.465897+00:00,30.929468303569593
2025-08-15 18:25:37.110761+00:00,30.93976957537234
2025-08-15 18:25:37.510075+00:00,30.93976957537234
2025-08-15 18:25:38.095526+00:00,30.93976957537234
2025-08-15 18:25:38.483633+00:00,30.934618939325446
2025-08-15 18:25:39.999554+00:00,30.934618939325446
2025-08-15 18:25:42.733520+00:00,30.934618939325446
2025-08-15 18:25:43.196903+00:00,30.934618939325446
2025-08-15 18:25:43.693259+00:00,30.929468303569593
2025-08-15 18:25:44.038837+00:00,30.93976957537234
2025-08-15 18:25:44.339257+00:00,30.93976957537234
2025-08-15 18:25:44.688996+00:00,30.94492021171027
2025-08-15 18:25:44.956501+00:00,30.950070848339237
2025-08-15 18:25:46.942459+00:00,30.934618939325446
2025-08-15 18:25:47.696661+00:00,30.929468303569593
2025-08-15 18:25:48.140382+00:00,30.934618939325446
2025-08-15 18:25:48.465355+00:00,30.934618939325446
2025-08-15 18:25:49.140047+00:00,30.934618939325446
2025-08-15 18:25:50.722366+00:00,30.929468303569593
2025-08-15 18:25:52.042771+00:00,30.934618939325446
2025-08-15 18:25:53.362398+00:00,30.929468303569593
2025-08-15 18:25:54.180519+00:00,30.929468303569593
2025-08-15 18:25:54.425525+00:00,30.924317668104777
2025-08-15 18:25:54.924080+00:00,30.919167032931
2025-08-15 18:25:55.604125+00:00,30.924317668104777
2025-08-15 18:25:56.656970+00:00,30.929468303569593
2025-08-15 18:25:57.297326+00:00,30.924317668104777
2025-08-15 18:25:59.988234+00:00,30.924317668104777
2025-08-15 18:26:01.035686+00:00,30.924317668104777
2025-08-15 18:26:01.711401+00:00,30.924317668104777
2025-08-15 18:26:02.423575+00:00,30.934618939325446
2025-08-15 18:26:04.786486+00:00,30.924317668104777
2025-08-15 18:26:06.207881+00:00,30.929468303569593
2025-08-15 18:26:06.669008+00:00,30.934618939325446
2025-08-15 18:26:10.543888+00:00,30.924317668104777
2025-08-15 18:26:12.740564+00:00,30.929468303569593
2025-08-15 18:26:14.454804+00:00,30.934618939325446
2025-08-15 18:26:15.693307+00:00,30.93976957537234
2025-08-15 18:26:18.177736+00:00,30.93976957537234
2025-08-15 18:26:19.286359+00:00,30.93976957537234
2025-08-15 18:26:19.473225+00:00,30.934618939325446
2025-08-15 18:26:19.645078+00:00,30.94492021171027
2025-08-15 18:26:20.095101+00:00,30.934618939325446
2025-08-15 18:26:20.313514+00:00,30.934618939325446
2025-08-15 18:26:20.554929+00:00,30.94492021171027
2025-08-15 18:26:20.798307+00:00,30.94492021171027
2025-08-15 18:26:25.944709+00:00,30.929468303569593
2025-08-15 18:26:26.504544+00:00,30.929468303569593
2025-08-15 18:26:28.554583+00:00,30.934618939325446
2025-08-15 18:26:29.181116+00:00,30.950070848339237
2025-08-15 18:26:29.639326+00:00,30.91401639804826
2025-08-15 18:26:36.821680+00:00,30.924317668104777
2025-08-15 18:26:37.080252+00:00,30.924317668104777
2025-08-15 18:26:37.363423+00:00,30.924317668104777
2025-08-15 18:26:38.190041+00:00,30.934618939325446
2025-08-15 18:26:38.347184+00:00,30.91401639804826
2025-08-15 18:26:39.437752+00:00,30.91401639804826
2025-08-15 18:26:40.315079+00:00,30.91401639804826
2025-08-15 18:26:40.566231+00:00,30.919167032931
2025-08-15 18:26:41.017494+00:00,30.919167032931
2025-08-15 18:26:41.261915+00:00,30.929468303569593
2025-08-15 18:26:41.518940+00:00,30.934618939325446
2025-08-15 18:26:43.400322+00:00,30.919167032931
2025-08-15 18:26:44.072238+00:00,30.91401639804826
2025-08-15 18:26:45.565423+00:00,30.919167032931
2025-08-15 18:26:47.851209+00:00,30.919167032931
2025-08-15 18:26:48.158041+00:00,30.934618939325446
2025-08-15 18:26:49.452629+00:00,30.91401639804826
2025-08-15 18:26:50.680138+00:00,30.919167032931
2025-08-15 18:26:53.004788+00:00,30.90886576345656
2025-08-15 18:26:54.026459+00:00,30.91401639804826
2025-08-15 18:26:54.409875+00:00,30.924317668104777
2025-08-15 18:26:54.919743+00:00,30.919167032931
2025-08-15 18:26:56.507505+00:00,30.91401639804826
2025-08-15 18:26:56.785238+00:00,30.91401639804826
2025-08-15 18:26:57.719170+00:00,30.91401639804826
2025-08-15 18:26:58.933683+00:00,30.91401639804826
2025-08-15 18:26:59.843372+00:00,30.919167032931
2025-08-15 18:27:04.565855+00:00,30.919167032931
2025-08-15 18:27:07.809094+00:00,30.91401639804826
2025-08-15 18:27:10.312599+00:00,30.90886576345656
2025-08-15 18:27:12.746206+00:00,30.90886576345656
2025-08-15 18:27:13.478411+00:00,30.9037151291559
2025-08-15 18:27:13.737884+00:00,30.91401639804826
2025-08-15 18:27:16.333088+00:00,30.90886576345656
2025-08-15 18:27:18.102015+00:00,30.9037151291559
2025-08-15 18:27:18.568341+00:00,30.90886576345656
2025-08-15 18:27:18.795945+00:00,30.90886576345656
2025-08-15 18:27:19.197716+00:00,30.9037151291559
2025-08-15 18:27:21.176764+00:00,30.9037151291559
2025-08-15 18:27:21.619448+00:00,30.90886576345656
2025-08-15 18:27:21.886518+00:00,30.90886576345656
2025-08-15 18:27:22.487199+00:00,30.898564495146275
2025-08-15 18:27:24.987760+00:00,30.898564495146275
2025-08-15 18:27:25.664381+00:00,30.89341386142769
2025-08-15 18:27:25.854303+00:00,30.89341386142769
2025-08-15 18:27:26.098563+00:00,30.89341386142769
2025-08-15 18:27:26.434142+00:00,30.898564495146275
2025-08-15 18:27:27.268351+00:00,30.883112594863633
2025-08-15 18:27:27.879731+00:00,30.89341386142769
2025-08-15 18:27:29.936565+00:00,30.877961962018162
2025-08-15 18:27:32.273050+00:00,30.898564495146275
2025-08-15 18:27:35.872412+00:00,30.90886576345656
2025-08-15 18:27:36.656032+00:00,30.89341386142769
2025-08-15 18:27:37.405524+00:00,30.898564495146275
2025-08-15 18:27:37.995380+00:00,30.89341386142769
2025-08-15 18:27:39.073516+00:00,30.898564495146275
2025-08-15 18:27:41.936356+00:00,30.88826322800014
2025-08-15 18:27:42.926903+00:00,30.89341386142769
2025-08-15 18:27:43.329948+00:00,30.898564495146275
2025-08-15 18:27:44.741822+00:00,30.89341386142769
2025-08-15 18:27:47.115376+00:00,30.9037151291559
2025-08-15 18:27:49.178988+00:00,30.9037151291559
2025-08-15 18:27:49.394593+00:00,30.9037151291559
2025-08-15 18:27:49.746254+00:00,30.91401639804826
2025-08-15 18:27:50.148121+00:00,30.9037151291559
2025-08-15 18:27:50.371983+00:00,30.90886576345656
2025-08-15 18:27:50.574206+00:00,30.90886576345656
2025-08-15 18:27:51.129782+00:00,30.9037151291559
2025-08-15 18:27:51.969140+00:00,30.90886576345656
2025-08-15 18:27:52.520552+00:00,30.9037151291559
2025-08-15 18:27:52.754735+00:00,30.90886576345656
2025-08-15 18:27:53.300452+00:00,30.90886576345656
2025-08-15 18:27:53.718026+00:00,30.91401639804826
2025-08-15 18:27:54.209990+00:00,30.919167032931
2025-08-15 18:27:55.311657+00:00,30.898564495146275
2025-08-15 18:27:55.782548+00:00,30.9037151291559
2025-08-15 18:27:56.701788+00:00,30.9037151291559
2025-08-15 18:27:58.196997+00:00,30.898564495146275
2025-08-15 18:27:59.409733+00:00,30.89341386142769
2025-08-15 18:28:01.039419+00:00,30.89341386142769
2025-08-15 18:28:01.973221+00:00,30.9037151291559
2025-08-15 18:28:02.349798+00:00,30.9037151291559
2025-08-15 18:28:02.797548+00:00,30.90886576345656
2025-08-15 18:28:05.801286+00:00,30.88826322800014
2025-08-15 18:28:06.980752+00:00,30.88826322800014
2025-08-15 18:28:09.665746+00:00,30.89341386142769
2025-08-15 18:28:10.107771+00:00,30.88826322800014
2025-08-15 18:28:10.789255+00:00,30.9037151291559
2025-08-15 18:28:11.450626+00:00,30.9037151291559
2025-08-15 18:28:11.817506+00:00,30.90886576345656
2025-08-15 18:28:12.478051+00:00,30.90886576345656
2025-08-15 18:28:15.263288+00:00,30.90886576345656
2025-08-15 18:28:15.691244+00:00,30.91401639804826
2025-08-15 18:28:16.103841+00:00,30.924317668104777
2025-08-15 18:28:17.567067+00:00,30.9037151291559
2025-08-15 18:28:18.978544+00:00,30.90886576345656
2025-08-15 18:28:20.085458+00:00,30.90886576345656
2025-08-15 18:28:23.437282+00:00,30.91401639804826
2025-08-15 18:28:25.122578+00:00,30.90886576345656
2025-08-15 18:28:27.712967+00:00,30.934618939325446
2025-08-15 18:28:28.472556+00:00,30.924317668104777
2025-08-15 18:28:30.722936+00:00,30.934618939325446
2025-08-15 18:28:31.265053+00:00,30.93976957537234
2025-08-15 18:28:31.832522+00:00,30.94492021171027
2025-08-15 18:28:34.074063+00:00,30.94492021171027
2025-08-15 18:28:34.723964+00:00,30.94492021171027
2025-08-15 18:28:41.129398+00:00,30.93976957537234
2025-08-15 18:28:42.235029+00:00,30.934618939325446
2025-08-15 18:28:42.801744+00:00,30.929468303569593
2025-08-15 18:28:43.520586+00:00,30.93976957537234
2025-08-15 18:28:45.593829+00:00,30.950070848339237
2025-08-15 18:28:48.927983+00:00,30.950070848339237
2025-08-15 18:28:50.702512+00:00,30.950070848339237
2025-08-15 18:28:50.912960+00:00,30.94492021171027
2025-08-15 18:28:51.120407+00:00,30.96037212247029
2025-08-15 18:28:51.347116+00:00,30.955221485259244
2025-08-15 18:28:51.556350+00:00,30.955221485259244
2025-08-15 18:28:51.764215+00:00,30.965522759972373
2025-08-15 18:28:52.445102+00:00,30.950070848339237
2025-08-15 18:28:54.759991+00:00,30.94492021171027
2025-08-15 18:28:55.161354+00:00,30.94492021171027
2025-08-15 18:28:55.453356+00:00,30.955221485259244
2025-08-15 18:28:57.911270+00:00,30.950070848339237
2025-08-15 18:28:58.212876+00:00,30.955221485259244
2025-08-15 18:28:59.172475+00:00,30.950070848339237
2025-08-15 18:28:59.369861+00:00,30.950070848339237
2025-08-15 18:29:07.364717+00:00,30.950070848339237
2025-08-15 18:29:08.364901+00:00,30.970673397765495
2025-08-15 18:29:10.222457+00:00,30.96037212247029
2025-08-15 18:29:10.549887+00:00,30.96037212247029
2025-08-15 18:29:11.257169+00:00,30.96037212247029
2025-08-15 18:29:11.748863+00:00,30.96037212247029
2025-08-15 18:29:13.138298+00:00,30.965522759972373
2025-08-15 18:29:14.676290+00:00,30.96037212247029
2025-08-15 18:29:15.468883+00:00,30.965522759972373
2025-08-15 18:29:15.913275+00:00,30.96037212247029
2025-08-15 18:29:19.073343+00:00,30.965522759972373
2025-08-15 18:29:21.401017+00:00,30.96037212247029
2025-08-15 18:29:22.857063+00:00,30.970673397765495
2025-08-15 18:29:24.659880+00:00,30.965522759972373
2025-08-15 18:29:24.975924+00:00,30.965522759972373
2025-08-15 18:29:25.175261+00:00,30.965522759972373
2025-08-15 18:29:25.438381+00:00,30.96037212247029
2025-08-15 18:29:27.361772+00:00,30.965522759972373
2025-08-15 18:29:27.854486+00:00,30.965522759972373
2025-08-15 18:29:28.992567+00:00,30.950070848339237
2025-08-15 18:29:29.317738+00:00,30.96037212247029
2025-08-15 18:29:30.547527+00:00,30.96037212247029
2025-08-15 18:29:32.602397+00:00,30.950070848339237
2025-08-15 18:29:35.599441+00:00,30.96037212247029
2025-08-15 18:29:36.061146+00:00,30.950070848339237
2025-08-15 18:29:36.773149+00:00,30.955221485259244
2025-08-15 18:29:37.011367+00:00,30.96037212247029
2025-08-15 18:29:37.309694+00:00,30.965522759972373
2025-08-15 18:29:38.487267+00:00,30.96037212247029
2025-08-15 18:29:39.543156+00:00,30.965522759972373
2025-08-15 18:29:43.142674+00:00,30.970673397765495
2025-08-15 18:29:44.512812+00:00,30.965522759972373
2025-08-15 18:29:44.881911+00:00,30.975824035849655
2025-08-15 18:29:46.196342+00:00,30.970673397765495
2025-08-15 18:29:48.608434+00:00,30.965522759972373
2025-08-15 18:29:49.968946+00:00,30.980974674224854
2025-08-15 18:29:51.454662+00:00,30.965522759972373
2025-08-15 18:29:52.836133+00:00,30.96037212247029
2025-08-15 18:29:53.178271+00:00,30.965522759972373
2025-08-15 18:29:54.849913+00:00,30.970673397765495
2025-08-15 18:29:55.159166+00:00,30.970673397765495
2025-08-15 18:29:55.717784+00:00,30.975824035849655
2025-08-15 18:29:56.035341+00:00,30.970673397765495
2025-08-15 18:29:56.335303+00:00,30.970673397765495
2025-08-15 18:29:56.821449+00:00,30.965522759972373
2025-08-15 18:29:59.001781+00:00,30.970673397765495
2025-08-15 18:29:59.376277+00:00,30.965522759972373
2025-08-15 18:30:01.441288+00:00,30.96037212247029
2025-08-15 18:30:09.705845+00:00,30.96037212247029
2025-08-15 18:30:11.762327+00:00,30.96037212247029
2025-08-15 18:30:12.204758+00:00,30.950070848339237
2025-08-15 18:30:12.620835+00:00,30.94492021171027
2025-08-15 18:30:22.262529+00:00,30.96037212247029
2025-08-15 18:30:24.061190+00:00,30.955221485259244
2025-08-15 18:30:27.987194+00:00,30.96037212247029
2025-08-15 18:30:28.612160+00:00,30.965522759972373
2025-08-15 18:30:28.970666+00:00,30.965522759972373
2025-08-15 18:30:30.161913+00:00,30.965522759972373
2025-08-15 18:30:32.974024+00:00,30.955221485259244
2025-08-15 18:30:33.355085+00:00,30.950070848339237
2025-08-15 18:30:34.980503+00:00,30.950070848339237
2025-08-15 18:30:40.444567+00:00,30.96037212247029
2025-08-15 18:30:44.409482+00:00,30.93976957537234
2025-08-15 18:30:45.361520+00:00,30.929468303569593
2025-08-15 18:30:46.552475+00:00,30.93976957537234
2025-08-15 18:30:47.010664+00:00,30.934618939325446
2025-08-15 18:30:48.950804+00:00,30.93976957537234
2025-08-15 18:30:49.316772+00:00,30.934618939325446
2025-08-15 18:30:53.006948+00:00,30.934618939325446
2025-08-15 18:30:53.903243+00:00,30.929468303569593
2025-08-15 18:30:54.127265+00:00,30.93976957537234
2025-08-15 18:30:54.340892+00:00,30.929468303569593
2025-08-15 18:30:56.273436+00:00,30.93976957537234
2025-08-15 18:30:57.680103+00:00,30.929468303569593
2025-08-15 18:30:59.484140+00:00,30.93976957537234
2025-08-15 18:30:59.999464+00:00,30.93976957537234
2025-08-15 18:31:00.418926+00:00,30.93976957537234
2025-08-15 18:31:01.877952+00:00,30.93976957537234
2025-08-15 18:31:02.644030+00:00,30.934618939325446
2025-08-15 18:31:04.111171+00:00,30.934618939325446
2025-08-15 18:31:07.427768+00:00,30.929468303569593
2025-08-15 18:31:09.544200+00:00,30.929468303569593
2025-08-15 18:31:10.128083+00:00,30.919167032931
2025-08-15 18:31:10.921491+00:00,30.934618939325446
2025-08-15 18:31:11.320767+00:00,30.929468303569593
2025-08-15 18:31:11.929388+00:00,30.934618939325446
2025-08-15 18:31:12.970497+00:00,30.934618939325446
2025-08-15 18:31:14.784254+00:00,30.929468303569593
2025-08-15 18:31:15.660346+00:00,30.929468303569593
2025-08-15 18:31:16.102379+00:00,30.934618939325446
2025-08-15 18:31:20.291721+00:00,30.934618939325446
2025-08-15 18:31:20.817186+00:00,30.934618939325446
2025-08-15 18:31:21.341368+00:00,30.929468303569593
2025-08-15 18:31:22.398287+00:00,30.94492021171027
2025-08-15 18:31:25.074311+00:00,30.929468303569593
2025-08-15 18:31:26.267520+00:00,30.929468303569593
2025-08-15 18:31:28.567558+00:00,30.924317668104777
2025-08-15 18:31:31.420016+00:00,30.91401639804826
2025-08-15 18:31:33.687011+00:00,30.929468303569593
2025-08-15 18:31:35.774176+00:00,30.919167032931
2025-08-15 18:31:38.029150+00:00,30.929468303569593
2025-08-15 18:31:39.006071+00:00,30.924317668104777
2025-08-15 18:31:39.777238+00:00,30.919167032931
2025-08-15 18:31:40.204548+00:00,30.924317668104777
2025-08-15 18:31:40.532154+00:00,30.919167032931
2025-08-15 18:31:41.664851+00:00,30.919167032931
2025-08-15 18:31:41.891820+00:00,30.90886576345656
2025-08-15 18:31:42.302185+00:00,30.919167032931
2025-08-15 18:31:44.192279+00:00,30.90886576345656
2025-08-15 18:31:49.451829+00:00,30.90886576345656
2025-08-15 18:31:50.673663+00:00,30.898564495146275
2025-08-15 18:31:53.967428+00:00,30.9037151291559
2025-08-15 18:31:54.224589+00:00,30.898564495146275
2025-08-15 18:31:54.525274+00:00,30.898564495146275
2025-08-15 18:31:54.781506+00:00,30.898564495146275
2025-08-15 18:31:55.166750+00:00,30.898564495146275
2025-08-15 18:31:56.620627+00:00,30.89341386142769
2025-08-15 18:31:57.514982+00:00,30.88826322800014
2025-08-15 18:31:58.966183+00:00,30.89341386142769
2025-08-15 18:31:59.253143+00:00,30.88826322800014
2025-08-15 18:31:59.453742+00:00,30.89341386142769
2025-08-15 18:31:59.661257+00:00,30.89341386142769
2025-08-15 18:32:00.133086+00:00,30.89341386142769
2025-08-15 18:32:03.694326+00:00,30.89341386142769
2025-08-15 18:32:08.926579+00:00,30.89341386142769
2025-08-15 18:32:10.309805+00:00,30.87281132946373
2025-08-15 18:32:10.699748+00:00,30.883112594863633
2025-08-15 18:32:11.469306+00:00,30.88826322800014
2025-08-15 18:32:11.717693+00:00,30.88826322800014
2025-08-15 18:32:11.943797+00:00,30.877961962018162
2025-08-15 18:32:12.262327+00:00,30.883112594863633
2025-08-15 18:32:12.530670+00:00,30.867660697200336
2025-08-15 18:32:12.821730+00:00,30.898564495146275
2025-08-15 18:32:12.999694+00:00,30.89341386142769
2025-08-15 18:32:13.289093+00:00,30.9037151291559
2025-08-15 18:32:13.499685+00:00,30.898564495146275
2025-08-15 18:32:14.677390+00:00,30.898564495146275
2025-08-15 18:32:17.427472+00:00,30.898564495146275
2025-08-15 18:32:19.372069+00:00,30.898564495146275
2025-08-15 18:32:20.156455+00:00,30.898564495146275
2025-08-15 18:32:20.742431+00:00,30.88826322800014
2025-08-15 18:32:21.156819+00:00,30.89341386142769
2025-08-15 18:32:21.360399+00:00,30.90886576345656
2025-08-15 18:32:21.582857+00:00,30.89341386142769
2025-08-15 18:32:21.887462+00:00,30.90886576345656
2025-08-15 18:32:22.122527+00:00,30.91401639804826
2025-08-15 18:32:23.166794+00:00,30.9037151291559
2025-08-15 18:32:24.337857+00:00,30.88826322800014
2025-08-15 18:32:24.489189+00:00,30.898564495146275
2025-08-15 18:32:25.440237+00:00,30.90886576345656
2025-08-15 18:32:26.611675+00:00,30.89341386142769
2025-08-15 18:32:27.129824+00:00,30.883112594863633
2025-08-15 18:32:28.276688+00:00,30.883112594863633
2025-08-15 18:32:29.220289+00:00,30.87281132946373
2025-08-15 18:32:30.592794+00:00,30.883112594863633
2025-08-15 18:32:30.934203+00:00,30.898564495146275
2025-08-15 18:32:31.276102+00:00,30.898564495146275
2025-08-15 18:32:31.703367+00:00,30.88826322800014
2025-08-15 18:32:32.193982+00:00,30.89341386142769
2025-08-15 18:32:32.541689+00:00,30.898564495146275
2025-08-15 18:32:34.283974+00:00,30.883112594863633
2025-08-15 18:32:35.398479+00:00,30.867660697200336
2025-08-15 18:32:38.272623+00:00,30.883112594863633
2025-08-15 18:32:39.474657+00:00,30.883112594863633
2025-08-15 18:32:39.684691+00:00,30.88826322800014
2025-08-15 18:32:39.911107+00:00,30.883112594863633
2025-08-15 18:32:41.297892+00:00,30.88826322800014
2025-08-15 18:32:42.599367+00:00,30.89341386142769
2025-08-15 18:32:43.639075+00:00,30.88826322800014
2025-08-15 18:32:43.997792+00:00,30.88826322800014
2025-08-15 18:32:44.624952+00:00,30.88826322800014
2025-08-15 18:32:47.281286+00:00,30.88826322800014
2025-08-15 18:32:48.350829+00:00,30.87281132946373
2025-08-15 18:32:52.583507+00:00,30.883112594863633
2025-08-15 18:32:53.056588+00:00,30.88826322800014
2025-08-15 18:32:53.325084+00:00,30.89341386142769
2025-08-15 18:32:54.671668+00:00,30.88826322800014
2025-08-15 18:32:55.156659+00:00,30.877961962018162
2025-08-15 18:32:56.234259+00:00,30.88826322800014
2025-08-15 18:32:58.040901+00:00,30.87281132946373
2025-08-15 18:32:59.498633+00:00,30.88826322800014
2025-08-15 18:33:01.583355+00:00,30.867660697200336
2025-08-15 18:33:04.835444+00:00,30.877961962018162
2025-08-15 18:33:06.821215+00:00,30.87281132946373
2025-08-15 18:33:07.532865+00:00,30.88826322800014
2025-08-15 18:33:10.167777+00:00,30.87281132946373
2025-08-15 18:33:11.000142+00:00,30.867660697200336
2025-08-15 18:33:11.750352+00:00,30.867660697200336
2025-08-15 18:33:12.008557+00:00,30.883112594863633
2025-08-15 18:33:12.395420+00:00,30.87281132946373
2025-08-15 18:33:12.668964+00:00,30.88826322800014
2025-08-15 18:33:12.931626+00:00,30.88826322800014
2025-08-15 18:33:13.122696+00:00,30.883112594863633
2025-08-15 18:33:13.432838+00:00,30.88826322800014
2025-08-15 18:33:15.598960+00:00,30.883112594863633
2025-08-15 18:33:18.315268+00:00,30.87281132946373
2025-08-15 18:33:19.193753+00:00,30.87281132946373
2025-08-15 18:33:20.338205+00:00,30.87281132946373
2025-08-15 18:33:20.540904+00:00,30.883112594863633
2025-08-15 18:33:20.782491+00:00,30.88826322800014
2025-08-15 18:33:22.596045+00:00,30.883112594863633
2025-08-15 18:33:25.881903+00:00,30.87281132946373
2025-08-15 18:33:26.676175+00:00,30.86251006522798
2025-08-15 18:33:27.090772+00:00,30.883112594863633
2025-08-15 18:33:27.440089+00:00,30.88826322800014
2025-08-15 18:33:29.285035+00:00,30.87281132946373
2025-08-15 18:33:34.657199+00:00,30.89341386142769
2025-08-15 18:33:36.596503+00:00,30.87281132946373
2025-08-15 18:33:37.958680+00:00,30.867660697200336
2025-08-15 18:33:39.229251+00:00,30.87281132946373
2025-08-15 18:33:41.895870+00:00,30.877961962018162
2025-08-15 18:33:44.110218+00:00,30.87281132946373
2025-08-15 18:33:44.372033+00:00,30.88826322800014
2025-08-15 18:33:45.129859+00:00,30.91401639804826
2025-08-15 18:33:49.249575+00:00,30.87281132946373
2025-08-15 18:33:55.904843+00:00,30.867660697200336
2025-08-15 18:33:58.453997+00:00,30.86251006522798
2025-08-15 18:33:58.688542+00:00,30.87281132946373
2025-08-15 18:33:58.932784+00:00,30.867660697200336
2025-08-15 18:33:59.139983+00:00,30.898564495146275
2025-08-15 18:33:59.523483+00:00,30.88826322800014
2025-08-15 18:33:59.800186+00:00,30.883112594863633
2025-08-15 18:34:00.547674+00:00,30.89341386142769
2025-08-15 18:34:02.262256+00:00,30.88826322800014
2025-08-15 18:34:03.496402+00:00,30.867660697200336
2025-08-15 18:34:09.098363+00:00,30.87281132946373
2025-08-15 18:34:10.247973+00:00,30.87281132946373
2025-08-15 18:34:12.304252+00:00,30.88826322800014
2025-08-15 18:34:12.737415+00:00,30.877961962018162
2025-08-15 18:34:13.756546+00:00,30.88826322800014
2025-08-15 18:34:14.995366+00:00,30.89341386142769
2025-08-15 18:34:17.463148+00:00,30.867660697200336
2025-08-15 18:34:18.322042+00:00,30.883112594863633
2025-08-15 18:34:18.556589+00:00,30.87281132946373
2025-08-15 18:34:19.260088+00:00,30.883112594863633
2025-08-15 18:34:19.530026+00:00,30.88826322800014
2025-08-15 18:34:21.262875+00:00,30.883112594863633
2025-08-15 18:34:22.177107+00:00,30.883112594863633
2025-08-15 18:34:22.693997+00:00,30.87281132946373
2025-08-15 18:34:22.996440+00:00,30.88826322800014
2025-08-15 18:34:23.228628+00:00,30.88826322800014
2025-08-15 18:34:23.464249+00:00,30.87281132946373
2025-08-15 18:34:24.051781+00:00,30.88826322800014
2025-08-15 18:34:24.850463+00:00,30.87281132946373
2025-08-15 18:34:25.436249+00:00,30.88826322800014
2025-08-15 18:34:27.714069+00:00,30.87281132946373
2025-08-15 18:34:31.172174+00:00,30.88826322800014
2025-08-15 18:34:33.793993+00:00,30.877961962018162
2025-08-15 18:34:34.621674+00:00,30.877961962018162
2025-08-15 18:34:36.058814+00:00,30.87281132946373
2025-08-15 18:34:37.020194+00:00,30.877961962018162
2025-08-15 18:34:38.206505+00:00,30.883112594863633
2025-08-15 18:34:38.947568+00:00,30.88826322800014
2025-08-15 18:34:40.513694+00:00,30.877961962018162
2025-08-15 18:34:41.098137+00:00,30.88826322800014
2025-08-15 18:34:41.630363+00:00,30.883112594863633
2025-08-15 18:34:41.976634+00:00,30.883112594863633
2025-08-15 18:34:42.241965+00:00,30.89341386142769
2025-08-15 18:34:42.547673+00:00,30.88826322800014
2025-08-15 18:34:42.784277+00:00,30.88826322800014
2025-08-15 18:34:43.011652+00:00,30.88826322800014
2025-08-15 18:34:43.664582+00:00,30.883112594863633
2025-08-15 18:34:46.787250+00:00,30.88826322800014
2025-08-15 18:34:52.290210+00:00,30.88826322800014
2025-08-15 18:34:54.770592+00:00,30.86251006522798
2025-08-15 18:34:55.665026+00:00,30.867660697200336
2025-08-15 18:34:56.535833+00:00,30.867660697200336
2025-08-15 18:34:59.694528+00:00,30.86251006522798
2025-08-15 18:35:00.371308+00:00,30.87281132946373
2025-08-15 18:35:02.953871+00:00,30.86251006522798
2025-08-15 18:35:06.696626+00:00,30.883112594863633
2025-08-15 18:35:09.096759+00:00,30.88826322800014
2025-08-15 18:35:10.988957+00:00,30.867660697200336
2025-08-15 18:35:11.328665+00:00,30.883112594863633
2025-08-15 18:35:11.689576+00:00,30.883112594863633
2025-08-15 18:35:12.260650+00:00,30.883112594863633
2025-08-15 18:35:12.887386+00:00,30.883112594863633
2025-08-15 18:35:13.954576+00:00,30.88826322800014
2025-08-15 18:35:19.196765+00:00,30.88826322800014
2025-08-15 18:35:19.956502+00:00,30.867660697200336
2025-08-15 18:35:20.489567+00:00,30.877961962018162
2025-08-15 18:35:24.846238+00:00,30.857359433546662
2025-08-15 18:35:26.670454+00:00,30.857359433546662
2025-08-15 18:35:27.474412+00:00,30.857359433546662
2025-08-15 18:35:29.971475+00:00,30.86251006522798
2025-08-15 18:35:34.266671+00:00,30.86251006522798
2025-08-15 18:35:34.697659+00:00,30.86251006522798
2025-08-15 18:35:38.007723+00:00,30.86251006522798
2025-08-15 18:35:38.734231+00:00,30.857359433546662
2025-08-15 18:35:40.887909+00:00,30.86251006522798
2025-08-15 18:35:41.674153+00:00,30.857359433546662
2025-08-15 18:35:43.529533+00:00,30.86251006522798
2025-08-15 18:35:44.443495+00:00,30.857359433546662
2025-08-15 18:35:45.194390+00:00,30.86251006522798
2025-08-15 18:35:48.796780+00:00,30.857359433546662
2025-08-15 18:35:51.199371+00:00,30.857359433546662
2025-08-15 18:35:51.494696+00:00,30.847058171057142
2025-08-15 18:35:55.097663+00:00,30.86251006522798
2025-08-15 18:35:55.568786+00:00,30.852208802156383
2025-08-15 18:35:56.355428+00:00,30.852208802156383
2025-08-15 18:35:57.433826+00:00,30.852208802156383
2025-08-15 18:35:59.385889+00:00,30.857359433546662
2025-08-15 18:36:00.440690+00:00,30.847058171057142
2025-08-15 18:36:02.554039+00:00,30.847058171057142
2025-08-15 18:36:03.913448+00:00,30.84190754024894
2025-08-15 18:36:05.219446+00:00,30.836756909731776
2025-08-15 18:36:05.711829+00:00,30.847058171057142
2025-08-15 18:36:11.828105+00:00,30.836756909731776
2025-08-15 18:36:13.623358+00:00,30.84190754024894
2025-08-15 18:36:13.852525+00:00,30.847058171057142
2025-08-15 18:36:14.102687+00:00,30.857359433546662
2025-08-15 18:36:15.122027+00:00,30.847058171057142
2025-08-15 18:36:20.761099+00:00,30.836756909731776
2025-08-15 18:36:21.895103+00:00,30.84190754024894
2025-08-15 18:36:24.595028+00:00,30.836756909731776
2025-08-15 18:36:26.110129+00:00,30.836756909731776
2025-08-15 18:36:26.342945+00:00,30.84190754024894
2025-08-15 18:36:26.819782+00:00,30.836756909731776
2025-08-15 18:36:27.038509+00:00,30.84190754024894
2025-08-15 18:36:27.288960+00:00,30.83160627950565
2025-08-15 18:36:27.489302+00:00,30.847058171057142
2025-08-15 18:36:27.785851+00:00,30.84190754024894
2025-08-15 18:36:31.245255+00:00,30.852208802156383
2025-08-15 18:36:33.129093+00:00,30.84190754024894
2025-08-15 18:36:35.350187+00:00,30.84190754024894
2025-08-15 18:36:35.595032+00:00,30.836756909731776
2025-08-15 18:36:35.761261+00:00,30.84190754024894
2025-08-15 18:36:36.078823+00:00,30.84190754024894
2025-08-15 18:36:36.286577+00:00,30.847058171057142
2025-08-15 18:36:36.496240+00:00,30.84190754024894
2025-08-15 18:36:36.754000+00:00,30.847058171057142
2025-08-15 18:36:39.371553+00:00,30.83160627950565
2025-08-15 18:36:40.473418+00:00,30.826455649570562
2025-08-15 18:36:41.618355+00:00,30.836756909731776
2025-08-15 18:36:44.628894+00:00,30.836756909731776
2025-08-15 18:36:46.460175+00:00,30.836756909731776
2025-08-15 18:36:47.198596+00:00,30.836756909731776
2025-08-15 18:36:48.711704+00:00,30.836756909731776
2025-08-15 18:36:48.899524+00:00,30.83160627950565
2025-08-15 18:36:51.086685+00:00,30.826455649570562
2025-08-15 18:36:51.419599+00:00,30.83160627950565
2025-08-15 18:36:52.601354+00:00,30.826455649570562
2025-08-15 18:36:54.629337+00:00,30.826455649570562
2025-08-15 18:36:59.943214+00:00,30.84190754024894
2025-08-15 18:37:00.395156+00:00,30.826455649570562
2025-08-15 18:37:01.017457+00:00,30.83160627950565
2025-08-15 18:37:02.128510+00:00,30.83160627950565
2025-08-15 18:37:05.352835+00:00,30.83160627950565
2025-08-15 18:37:09.237365+00:00,30.8161543905735
2025-08-15 18:37:10.078957+00:00,30.83160627950565
2025-08-15 18:37:10.478368+00:00,30.847058171057142
2025-08-15 18:37:13.794535+00:00,30.86251006522798
2025-08-15 18:37:14.401235+00:00,30.857359433546662
2025-08-15 18:37:17.470369+00:00,30.867660697200336
2025-08-15 18:37:19.058869+00:00,30.87281132946373
2025-08-15 18:37:21.212819+00:00,30.86251006522798
2025-08-15 18:37:22.477631+00:00,30.867660697200336
2025-08-15 18:37:24.088527+00:00,30.867660697200336
2025-08-15 18:37:24.526246+00:00,30.867660697200336
2025-08-15 18:37:25.169344+00:00,30.87281132946373
2025-08-15 18:37:26.094300+00:00,30.883112594863633
2025-08-15 18:37:26.554102+00:00,30.867660697200336
2025-08-15 18:37:27.402143+00:00,30.867660697200336
2025-08-15 18:37:27.742745+00:00,30.87281132946373
2025-08-15 18:37:28.954928+00:00,30.88826322800014
2025-08-15 18:37:32.735361+00:00,30.87281132946373
2025-08-15 18:37:34.401787+00:00,30.87281132946373
2025-08-15 18:37:36.174061+00:00,30.87281132946373
2025-08-15 18:37:36.851089+00:00,30.89341386142769
2025-08-15 18:37:37.393931+00:00,30.88826322800014
2025-08-15 18:37:39.483822+00:00,30.898564495146275
2025-08-15 18:37:40.202975+00:00,30.89341386142769
2025-08-15 18:37:40.410739+00:00,30.88826322800014
2025-08-15 18:37:40.860928+00:00,30.898564495146275
2025-08-15 18:37:41.457062+00:00,30.88826322800014
2025-08-15 18:37:42.584386+00:00,30.898564495146275
2025-08-15 18:37:43.502650+00:00,30.87281132946373
2025-08-15 18:37:47.884326+00:00,30.89341386142769
2025-08-15 18:37:49.468189+00:00,30.883112594863633
2025-08-15 18:37:50.888807+00:00,30.867660697200336
2025-08-15 18:37:51.575500+00:00,30.883112594863633
2025-08-15 18:37:51.802405+00:00,30.883112594863633
2025-08-15 18:37:52.311152+00:00,30.867660697200336
2025-08-15 18:37:52.728697+00:00,30.87281132946373
2025-08-15 18:37:53.797979+00:00,30.87281132946373
2025-08-15 18:37:55.067466+00:00,30.877961962018162
2025-08-15 18:37:55.863504+00:00,30.87281132946373
2025-08-15 18:37:56.583038+00:00,30.87281132946373
2025-08-15 18:37:58.437041+00:00,30.857359433546662
2025-08-15 18:37:58.790387+00:00,30.87281132946373
2025-08-15 18:37:59.511502+00:00,30.87281132946373
2025-08-15 18:38:05.156166+00:00,30.867660697200336
2025-08-15 18:38:05.482478+00:00,30.87281132946373
2025-08-15 18:38:08.359591+00:00,30.867660697200336
2025-08-15 18:38:10.500874+00:00,30.87281132946373
2025-08-15 18:38:13.893507+00:00,30.877961962018162
2025-08-15 18:38:15.053930+00:00,30.87281132946373
2025-08-15 18:38:19.630822+00:00,30.88826322800014
2025-08-15 18:38:20.439499+00:00,30.88826322800014
2025-08-15 18:38:20.809857+00:00,30.87281132946373
2025-08-15 18:38:22.545585+00:00,30.877961962018162
2025-08-15 18:38:22.752102+00:00,30.883112594863633
2025-08-15 18:38:23.218041+00:00,30.883112594863633
2025-08-15 18:38:23.959889+00:00,30.87281132946373
2025-08-15 18:38:27.611848+00:00,30.877961962018162
2025-08-15 18:38:29.275995+00:00,30.877961962018162
2025-08-15 18:38:30.008805+00:00,30.883112594863633
2025-08-15 18:38:31.843592+00:00,30.87281132946373
2025-08-15 18:38:32.582183+00:00,30.877961962018162
2025-08-15 18:38:32.935360+00:00,30.88826322800014
2025-08-15 18:38:33.276970+00:00,30.88826322800014
2025-08-15 18:38:33.995685+00:00,30.89341386142769
2025-08-15 18:38:34.203934+00:00,30.883112594863633
2025-08-15 18:38:34.489254+00:00,30.88826322800014
2025-08-15 18:38:34.655485+00:00,30.88826322800014
2025-08-15 18:38:34.924530+00:00,30.89341386142769
2025-08-15 18:38:36.300796+00:00,30.88826322800014
2025-08-15 18:38:36.518638+00:00,30.88826322800014
2025-08-15 18:38:39.441537+00:00,30.87281132946373
2025-08-15 18:38:41.676690+00:00,30.87281132946373
2025-08-15 18:38:42.102148+00:00,30.867660697200336
2025-08-15 18:38:42.354175+00:00,30.867660697200336
2025-08-15 18:38:42.603741+00:00,30.86251006522798
2025-08-15 18:38:46.466871+00:00,30.87281132946373
2025-08-15 18:38:49.150927+00:00,30.867660697200336
2025-08-15 18:38:49.875937+00:00,30.857359433546662
2025-08-15 18:38:52.465067+00:00,30.867660697200336
2025-08-15 18:38:53.249921+00:00,30.867660697200336
2025-08-15 18:38:55.101574+00:00,30.867660697200336
2025-08-15 18:38:56.251338+00:00,30.86251006522798
2025-08-15 18:38:57.721930+00:00,30.86251006522798
2025-08-15 18:38:58.231938+00:00,30.867660697200336
2025-08-15 18:39:02.034531+00:00,30.867660697200336
2025-08-15 18:39:05.833751+00:00,30.86251006522798
2025-08-15 18:39:06.492123+00:00,30.867660697200336
2025-08-15 18:39:06.816755+00:00,30.88826322800014
2025-08-15 18:39:07.159407+00:00,30.883112594863633
2025-08-15 18:39:09.401877+00:00,30.87281132946373
2025-08-15 18:39:11.198322+00:00,30.87281132946373
2025-08-15 18:39:13.691282+00:00,30.877961962018162
2025-08-15 18:39:15.816244+00:00,30.87281132946373
2025-08-15 18:39:19.317987+00:00,30.88826322800014
2025-08-15 18:39:21.506858+00:00,30.867660697200336
2025-08-15 18:39:21.748184+00:00,30.883112594863633
2025-08-15 18:39:22.050685+00:00,30.883112594863633
2025-08-15 18:39:22.957095+00:00,30.87281132946373
2025-08-15 18:39:23.120264+00:00,30.88826322800014
2025-08-15 18:39:23.328347+00:00,30.88826322800014
2025-08-15 18:39:23.524991+00:00,30.89341386142769
2025-08-15 18:39:24.449383+00:00,30.87281132946373
2025-08-15 18:39:25.644519+00:00,30.88826322800014
2025-08-15 18:39:26.445178+00:00,30.87281132946373
2025-08-15 18:39:28.066664+00:00,30.867660697200336
2025-08-15 18:39:30.257432+00:00,30.867660697200336
2025-08-15 18:39:32.403333+00:00,30.86251006522798
2025-08-15 18:39:35.166409+00:00,30.88826322800014
2025-08-15 18:39:35.461430+00:00,30.877961962018162
2025-08-15 18:39:36.045347+00:00,30.867660697200336
2025-08-15 18:39:36.312950+00:00,30.86251006522798
2025-08-15 18:39:37.742308+00:00,30.867660697200336
2025-08-15 18:39:39.145981+00:00,30.857359433546662
2025-08-15 18:39:39.507494+00:00,30.857359433546662
2025-08-15 18:39:39.630360+00:00,30.857359433546662
2025-08-15 18:39:41.505760+00:00,30.857359433546662
2025-08-15 18:39:42.078890+00:00,30.857359433546662
2025-08-15 18:39:42.306006+00:00,30.86251006522798
2025-08-15 18:39:43.266108+00:00,30.867660697200336
2025-08-15 18:39:43.951537+00:00,30.867660697200336
2025-08-15 18:39:44.921841+00:00,30.857359433546662
2025-08-15 18:39:45.732095+00:00,30.857359433546662
2025-08-15 18:39:46.176007+00:00,30.86251006522798
2025-08-15 18:39:46.532561+00:00,30.857359433546662
2025-08-15 18:39:47.456697+00:00,30.847058171057142
2025-08-15 18:39:48.848900+00:00,30.86251006522798
2025-08-15 18:39:49.098215+00:00,30.857359433546662
2025-08-15 18:39:50.745197+00:00,30.857359433546662
2025-08-15 18:39:52.490932+00:00,30.857359433546662
2025-08-15 18:39:54.789917+00:00,30.86251006522798
2025-08-15 18:39:55.056880+00:00,30.867660697200336
2025-08-15 18:39:55.509600+00:00,30.86251006522798
2025-08-15 18:39:56.518785+00:00,30.867660697200336
2025-08-15 18:39:57.982243+00:00,30.86251006522798
2025-08-15 18:39:58.492534+00:00,30.867660697200336
2025-08-15 18:39:59.635554+00:00,30.867660697200336
2025-08-15 18:40:00.347209+00:00,30.867660697200336
2025-08-15 18:40:00.672429+00:00,30.88826322800014
2025-08-15 18:40:06.440536+00:00,30.867660697200336
2025-08-15 18:40:08.940755+00:00,30.867660697200336
2025-08-15 18:40:09.407243+00:00,30.867660697200336
2025-08-15 18:40:12.799220+00:00,30.877961962018162
2025-08-15 18:40:14.227025+00:00,30.86251006522798
2025-08-15 18:40:18.445404+00:00,30.857359433546662
2025-08-15 18:40:23.807361+00:00,30.867660697200336
2025-08-15 18:40:25.466310+00:00,30.86251006522798
2025-08-15 18:40:32.249870+00:00,30.86251006522798
2025-08-15 18:40:32.616337+00:00,30.87281132946373
2025-08-15 18:40:38.519199+00:00,30.883112594863633
2025-08-15 18:40:40.683946+00:00,30.883112594863633
2025-08-15 18:40:43.383358+00:00,30.87281132946373
2025-08-15 18:40:43.915202+00:00,30.883112594863633
2025-08-15 18:40:45.053041+00:00,30.86251006522798
2025-08-15 18:40:45.823176+00:00,30.867660697200336
2025-08-15 18:40:49.097963+00:00,30.867660697200336
2025-08-15 18:40:49.312852+00:00,30.867660697200336
2025-08-15 18:40:49.540307+00:00,30.883112594863633
2025-08-15 18:40:50.400355+00:00,30.867660697200336
2025-08-15 18:40:50.615898+00:00,30.867660697200336
2025-08-15 18:40:51.461190+00:00,30.867660697200336
2025-08-15 18:40:51.996348+00:00,30.86251006522798
2025-08-15 18:40:52.932342+00:00,30.86251006522798
2025-08-15 18:40:53.685895+00:00,30.877961962018162
2025-08-15 18:40:55.323349+00:00,30.867660697200336
2025-08-15 18:40:56.085977+00:00,30.86251006522798
2025-08-15 18:40:56.343057+00:00,30.867660697200336
2025-08-15 18:40:57.261907+00:00,30.867660697200336
2025-08-15 18:40:59.241319+00:00,30.86251006522798
2025-08-15 18:41:00.163793+00:00,30.86251006522798
2025-08-15 18:41:01.396360+00:00,30.857359433546662
2025-08-15 18:41:02.032210+00:00,30.857359433546662
2025-08-15 18:41:06.673034+00:00,30.86251006522798
2025-08-15 18:41:09.814097+00:00,30.86251006522798
2025-08-15 18:41:10.224873+00:00,30.86251006522798
2025-08-15 18:41:13.492900+00:00,30.86251006522798
2025-08-15 18:41:13.876287+00:00,30.857359433546662
2025-08-15 18:41:14.217263+00:00,30.867660697200336
2025-08-15 18:41:16.677462+00:00,30.857359433546662
2025-08-15 18:41:20.623130+00:00,30.867660697200336
2025-08-15 18:41:21.587036+00:00,30.88826322800014
2025-08-15 18:41:22.647748+00:00,30.867660697200336
2025-08-15 18:41:23.326130+00:00,30.867660697200336
2025-08-15 18:41:23.683456+00:00,30.867660697200336
2025-08-15 18:41:24.193738+00:00,30.857359433546662
2025-08-15 18:41:25.675858+00:00,30.867660697200336
2025-08-15 18:41:26.342769+00:00,30.87281132946373
2025-08-15 18:41:26.713246+00:00,30.86251006522798
2025-08-15 18:41:27.272933+00:00,30.877961962018162
2025-08-15 18:41:28.115698+00:00,30.867660697200336
2025-08-15 18:41:28.872144+00:00,30.87281132946373
2025-08-15 18:41:29.713627+00:00,30.867660697200336
2025-08-15 18:41:32.697353+00:00,30.867660697200336
2025-08-15 18:41:33.957340+00:00,30.867660697200336
2025-08-15 18:41:34.618770+00:00,30.867660697200336
2025-08-15 18:41:35.486855+00:00,30.87281132946373
2025-08-15 18:41:37.783117+00:00,30.867660697200336
2025-08-15 18:41:38.935749+00:00,30.87281132946373
2025-08-15 18:41:39.639571+00:00,30.883112594863633
2025-08-15 18:41:41.108659+00:00,30.883112594863633
2025-08-15 18:41:43.664610+00:00,30.883112594863633
2025-08-15 18:41:49.497914+00:00,30.88826322800014
2025-08-15 18:41:50.289384+00:00,30.87281132946373
2025-08-15 18:41:51.103673+00:00,30.86251006522798
2025-08-15 18:41:53.342280+00:00,30.867660697200336
2025-08-15 18:41:55.517033+00:00,30.87281132946373
2025-08-15 18:41:55.742935+00:00,30.867660697200336
2025-08-15 18:41:56.210813+00:00,30.87281132946373
2025-08-15 18:41:57.156296+00:00,30.867660697200336
2025-08-15 18:41:57.790422+00:00,30.867660697200336
2025-08-15 18:41:58.768434+00:00,30.867660697200336
2025-08-15 18:42:03.230352+00:00,30.86251006522798
2025-08-15 18:42:05.671425+00:00,30.86251006522798
2025-08-15 18:42:06.919445+00:00,30.867660697200336
2025-08-15 18:42:08.892090+00:00,30.867660697200336
2025-08-15 18:42:12.347119+00:00,30.867660697200336
2025-08-15 18:42:13.745052+00:00,30.867660697200336
2025-08-15 18:42:15.378133+00:00,30.867660697200336
2025-08-15 18:42:15.952515+00:00,30.86251006522798
2025-08-15 18:42:16.420499+00:00,30.867660697200336
2025-08-15 18:42:16.923749+00:00,30.867660697200336
2025-08-15 18:42:17.404715+00:00,30.867660697200336
2025-08-15 18:42:17.791272+00:00,30.86251006522798
2025-08-15 18:42:18.138560+00:00,30.867660697200336
2025-08-15 18:42:19.497471+00:00,30.867660697200336
2025-08-15 18:42:20.838540+00:00,30.867660697200336
2025-08-15 18:42:21.080557+00:00,30.86251006522798
2025-08-15 18:42:21.331595+00:00,30.87281132946373
2025-08-15 18:42:21.523649+00:00,30.87281132946373
2025-08-15 18:42:22.545667+00:00,30.877961962018162
2025-08-15 18:42:24.373173+00:00,30.87281132946373
2025-08-15 18:42:26.956888+00:00,30.86251006522798
2025-08-15 18:42:28.921929+00:00,30.867660697200336
2025-08-15 18:42:29.221954+00:00,30.86251006522798
2025-08-15 18:42:30.718861+00:00,30.857359433546662
2025-08-15 18:42:35.998242+00:00,30.852208802156383
2025-08-15 18:42:38.399222+00:00,30.852208802156383
2025-08-15 18:42:41.088364+00:00,30.852208802156383
2025-08-15 18:42:44.297584+00:00,30.847058171057142
2025-08-15 18:42:44.998907+00:00,30.847058171057142
2025-08-15 18:42:45.253215+00:00,30.852208802156383
2025-08-15 18:42:45.611866+00:00,30.857359433546662
2025-08-15 18:42:45.953269+00:00,30.857359433546662
2025-08-15 18:42:47.336713+00:00,30.836756909731776
2025-08-15 18:42:48.632970+00:00,30.84190754024894
2025-08-15 18:42:49.143127+00:00,30.847058171057142
2025-08-15 18:42:50.991496+00:00,30.836756909731776
2025-08-15 18:42:51.660696+00:00,30.84190754024894
2025-08-15 18:42:52.729790+00:00,30.847058171057142
2025-08-15 18:42:53.657732+00:00,30.836756909731776
2025-08-15 18:42:53.974393+00:00,30.836756909731776
2025-08-15 18:42:54.384834+00:00,30.84190754024894
2025-08-15 18:42:55.246029+00:00,30.847058171057142
2025-08-15 18:42:55.387102+00:00,30.83160627950565
2025-08-15 18:42:55.604295+00:00,30.852208802156383
2025-08-15 18:42:55.813111+00:00,30.847058171057142
2025-08-15 18:42:56.330202+00:00,30.847058171057142
2025-08-15 18:42:56.572676+00:00,30.84190754024894
2025-08-15 18:42:57.745889+00:00,30.847058171057142
2025-08-15 18:43:00.670126+00:00,30.852208802156383
2025-08-15 18:43:04.813060+00:00,30.84190754024894
2025-08-15 18:43:05.153394+00:00,30.84190754024894
2025-08-15 18:43:05.537331+00:00,30.847058171057142
2025-08-15 18:43:07.108399+00:00,30.836756909731776
2025-08-15 18:43:10.352673+00:00,30.847058171057142
2025-08-15 18:43:14.366549+00:00,30.84190754024894
2025-08-15 18:43:14.985505+00:00,30.852208802156383
2025-08-15 18:43:15.293712+00:00,30.847058171057142
2025-08-15 18:43:15.979513+00:00,30.84190754024894
2025-08-15 18:43:16.329460+00:00,30.836756909731776
2025-08-15 18:43:16.902219+00:00,30.84190754024894
2025-08-15 18:43:17.669907+00:00,30.836756909731776
2025-08-15 18:43:19.213010+00:00,30.847058171057142
2025-08-15 18:43:20.114358+00:00,30.847058171057142
2025-08-15 18:43:24.034555+00:00,30.836756909731776
2025-08-15 18:43:25.155148+00:00,30.84190754024894
2025-08-15 18:43:26.177935+00:00,30.84190754024894
2025-08-15 18:43:26.392069+00:00,30.852208802156383
2025-08-15 18:43:26.676625+00:00,30.847058171057142
2025-08-15 18:43:27.646100+00:00,30.847058171057142
2025-08-15 18:43:31.118713+00:00,30.836756909731776
2025-08-15 18:43:31.867107+00:00,30.84190754024894
2025-08-15 18:43:32.517668+00:00,30.826455649570562
2025-08-15 18:43:34.407979+00:00,30.83160627950565
2025-08-15 18:43:36.145056+00:00,30.836756909731776
2025-08-15 18:43:36.788351+00:00,30.821305019926513
2025-08-15 18:43:38.436846+00:00,30.83160627950565
2025-08-15 18:43:43.215951+00:00,30.826455649570562
2025-08-15 18:43:43.811849+00:00,30.826455649570562
2025-08-15 18:43:44.136229+00:00,30.83160627950565
2025-08-15 18:43:44.454141+00:00,30.83160627950565
2025-08-15 18:43:46.316786+00:00,30.826455649570562
2025-08-15 18:43:48.564318+00:00,30.826455649570562
2025-08-15 18:43:49.242196+00:00,30.826455649570562
2025-08-15 18:43:50.594489+00:00,30.83160627950565
2025-08-15 18:43:51.353513+00:00,30.826455649570562
2025-08-15 18:43:52.458441+00:00,30.826455649570562
2025-08-15 18:43:53.469495+00:00,30.821305019926513
2025-08-15 18:43:54.857803+00:00,30.821305019926513
2025-08-15 18:43:56.496905+00:00,30.8161543905735
2025-08-15 18:43:57.537282+00:00,30.8161543905735
2025-08-15 18:43:58.403083+00:00,30.8161543905735
2025-08-15 18:44:00.448803+00:00,30.826455649570562
2025-08-15 18:44:00.817660+00:00,30.8161543905735
2025-08-15 18:44:04.658908+00:00,30.8161543905735
2025-08-15 18:44:06.584589+00:00,30.8161543905735
2025-08-15 18:44:07.625169+00:00,30.8161543905735
2025-08-15 18:44:08.000630+00:00,30.821305019926513
2025-08-15 18:44:13.561333+00:00,30.8161543905735
2025-08-15 18:44:19.920775+00:00,30.81100376151153
2025-08-15 18:44:20.906725+00:00,30.805853132740594
2025-08-15 18:44:21.195438+00:00,30.805853132740594
2025-08-15 18:44:21.390577+00:00,30.805853132740594
2025-08-15 18:44:21.582956+00:00,30.805853132740594
2025-08-15 18:44:21.794528+00:00,30.8161543905735
2025-08-15 18:44:23.916981+00:00,30.81100376151153
2025-08-15 18:44:24.248181+00:00,30.805853132740594
2025-08-15 18:44:25.918405+00:00,30.8007025042607
2025-08-15 18:44:26.341930+00:00,30.805853132740594
2025-08-15 18:44:27.334039+00:00,30.8161543905735
2025-08-15 18:44:27.567226+00:00,30.81100376151153
2025-08-15 18:44:30.542559+00:00,30.8007025042607
2025-08-15 18:44:32.599767+00:00,30.81100376151153
2025-08-15 18:44:34.778201+00:00,30.8161543905735
2025-08-15 18:44:35.244662+00:00,30.8161543905735
2025-08-15 18:44:35.775762+00:00,30.8161543905735
2025-08-15 18:44:36.008588+00:00,30.826455649570562
2025-08-15 18:44:37.957287+00:00,30.805853132740594
2025-08-15 18:44:44.794457+00:00,30.821305019926513
2025-08-15 18:44:47.133016+00:00,30.821305019926513
2025-08-15 18:44:47.785382+00:00,30.8161543905735
2025-08-15 18:44:49.056785+00:00,30.81100376151153
2025-08-15 18:44:50.802381+00:00,30.8161543905735
2025-08-15 18:44:51.278340+00:00,30.821305019926513
2025-08-15 18:44:51.767987+00:00,30.821305019926513
2025-08-15 18:44:52.527045+00:00,30.8161543905735
2025-08-15 18:44:54.262471+00:00,30.821305019926513
2025-08-15 18:44:55.127940+00:00,30.836756909731776
2025-08-15 18:44:55.273776+00:00,30.826455649570562
2025-08-15 18:44:57.941264+00:00,30.8161543905735
2025-08-15 18:44:58.828170+00:00,30.826455649570562
2025-08-15 18:44:59.293910+00:00,30.821305019926513
2025-08-15 18:45:02.774161+00:00,30.8161543905735
2025-08-15 18:45:03.615975+00:00,30.826455649570562
2025-08-15 18:45:05.815715+00:00,30.8161543905735
2025-08-15 18:45:07.698775+00:00,30.826455649570562
2025-08-15 18:45:10.708257+00:00,30.83160627950565
2025-08-15 18:45:12.678787+00:00,30.8161543905735
2025-08-15 18:45:13.274937+00:00,30.821305019926513
2025-08-15 18:45:15.732777+00:00,30.81100376151153
2025-08-15 18:45:20.133230+00:00,30.821305019926513
2025-08-15 18:45:20.866333+00:00,30.8161543905735
2025-08-15 18:45:21.290982+00:00,30.821305019926513
2025-08-15 18:45:21.925460+00:00,30.821305019926513
2025-08-15 18:45:22.306133+00:00,30.826455649570562
2025-08-15 18:45:28.466648+00:00,30.826455649570562
2025-08-15 18:45:29.177256+00:00,30.83160627950565
2025-08-15 18:45:30.238208+00:00,30.826455649570562
2025-08-15 18:45:33.723754+00:00,30.826455649570562
2025-08-15 18:45:34.862211+00:00,30.826455649570562
2025-08-15 18:45:41.991094+00:00,30.826455649570562
2025-08-15 18:45:42.243009+00:00,30.826455649570562
2025-08-15 18:45:42.936129+00:00,30.8161543905735
2025-08-15 18:45:45.501775+00:00,30.8161543905735
2025-08-15 18:45:45.864978+00:00,30.8161543905735
2025-08-15 18:45:46.692285+00:00,30.8161543905735
2025-08-15 18:45:47.417020+00:00,30.821305019926513
2025-08-15 18:45:48.198613+00:00,30.81100376151153
2025-08-15 18:45:52.145259+00:00,30.8161543905735
2025-08-15 18:45:52.444923+00:00,30.805853132740594
2025-08-15 18:45:52.593284+00:00,30.8161543905735
2025-08-15 18:45:53.196576+00:00,30.8161543905735
2025-08-15 18:45:53.908282+00:00,30.8007025042607
2025-08-15 18:45:54.242764+00:00,30.805853132740594
2025-08-15 18:45:55.754916+00:00,30.8161543905735
2025-08-15 18:45:56.942799+00:00,30.8161543905735
2025-08-15 18:45:58.067047+00:00,30.805853132740594
2025-08-15 18:45:58.258010+00:00,30.8161543905735
2025-08-15 18:46:00.156844+00:00,30.8161543905735
2025-08-15 18:46:01.940207+00:00,30.805853132740594
2025-08-15 18:46:03.448005+00:00,30.805853132740594
2025-08-15 18:46:07.280047+00:00,30.805853132740594
2025-08-15 18:46:07.990344+00:00,30.821305019926513
2025-08-15 18:46:08.441018+00:00,30.821305019926513
2025-08-15 18:46:09.824486+00:00,30.8161543905735
2025-08-15 18:46:11.999980+00:00,30.805853132740594
2025-08-15 18:46:12.720335+00:00,30.8007025042607
2025-08-15 18:46:14.448960+00:00,30.81100376151153
2025-08-15 18:46:14.926418+00:00,30.805853132740594
2025-08-15 18:46:15.465006+00:00,30.8161543905735
2025-08-15 18:46:16.122399+00:00,30.8161543905735
2025-08-15 18:46:20.753283+00:00,30.81100376151153
2025-08-15 18:46:22.393699+00:00,30.805853132740594
2025-08-15 18:46:24.290666+00:00,30.805853132740594
2025-08-15 18:46:25.970777+00:00,30.8161543905735
2025-08-15 18:46:27.082119+00:00,30.805853132740594
2025-08-15 18:46:27.458969+00:00,30.8161543905735
2025-08-15 18:46:27.824782+00:00,30.81100376151153
2025-08-15 18:46:28.059291+00:00,30.8161543905735
2025-08-15 18:46:28.277745+00:00,30.8161543905735
2025-08-15 18:46:28.485859+00:00,30.8161543905735
2025-08-15 18:46:30.106146+00:00,30.81100376151153
2025-08-15 18:46:32.872146+00:00,30.805853132740594
2025-08-15 18:46:35.622162+00:00,30.8161543905735
2025-08-15 18:46:35.821036+00:00,30.81100376151153
2025-08-15 18:46:36.338779+00:00,30.8161543905735
2025-08-15 18:46:37.528553+00:00,30.8161543905735
2025-08-15 18:46:41.613190+00:00,30.805853132740594
2025-08-15 18:46:42.214781+00:00,30.8007025042607
2025-08-15 18:46:43.316676+00:00,30.8161543905735
2025-08-15 18:46:43.553652+00:00,30.8161543905735
2025-08-15 18:46:43.803832+00:00,30.8161543905735
2025-08-15 18:46:44.832623+00:00,30.805853132740594
2025-08-15 18:46:46.481771+00:00,30.805853132740594
2025-08-15 18:46:49.414074+00:00,30.805853132740594
2025-08-15 18:46:49.616230+00:00,30.81100376151153
2025-08-15 18:46:49.780757+00:00,30.81100376151153
2025-08-15 18:46:52.879681+00:00,30.79555187607184
2025-08-15 18:46:54.332968+00:00,30.805853132740594
2025-08-15 18:46:54.559149+00:00,30.805853132740594
2025-08-15 18:46:55.311741+00:00,30.8161543905735
2025-08-15 18:46:56.058100+00:00,30.81100376151153
2025-08-15 18:46:57.953039+00:00,30.805853132740594
2025-08-15 18:46:58.439495+00:00,30.805853132740594
2025-08-15 18:46:58.689682+00:00,30.805853132740594
2025-08-15 18:46:58.940330+00:00,30.81100376151153
2025-08-15 18:46:59.203396+00:00,30.81100376151153
2025-08-15 18:46:59.792046+00:00,30.8161543905735
2025-08-15 18:47:00.001986+00:00,30.8161543905735
2025-08-15 18:47:01.563248+00:00,30.805853132740594
2025-08-15 18:47:03.946148+00:00,30.81100376151153
2025-08-15 18:47:04.302423+00:00,30.805853132740594
2025-08-15 18:47:04.647661+00:00,30.8161543905735
2025-08-15 18:47:07.946595+00:00,30.81100376151153
2025-08-15 18:47:08.373739+00:00,30.821305019926513
2025-08-15 18:47:08.748290+00:00,30.8161543905735
2025-08-15 18:47:12.484044+00:00,30.821305019926513
2025-08-15 18:47:13.198581+00:00,30.81100376151153
2025-08-15 18:47:13.545090+00:00,30.8161543905735
2025-08-15 18:47:14.489721+00:00,30.805853132740594
2025-08-15 18:47:15.008309+00:00,30.8161543905735
2025-08-15 18:47:15.946442+00:00,30.8161543905735
2025-08-15 18:47:17.789273+00:00,30.8161543905735
2025-08-15 18:47:23.217268+00:00,30.8161543905735
2025-08-15 18:47:23.559545+00:00,30.8161543905735
2025-08-15 18:47:24.032183+00:00,30.8161543905735
2025-08-15 18:47:24.245361+00:00,30.81100376151153
2025-08-15 18:47:24.495805+00:00,30.81100376151153
2025-08-15 18:47:24.689083+00:00,30.821305019926513
2025-08-15 18:47:26.678388+00:00,30.8007025042607
2025-08-15 18:47:27.078985+00:00,30.805853132740594
2025-08-15 18:47:27.497529+00:00,30.81100376151153
2025-08-15 18:47:28.073589+00:00,30.81100376151153
2025-08-15 18:47:28.849839+00:00,30.8161543905735
2025-08-15 18:47:29.557758+00:00,30.826455649570562
2025-08-15 18:47:30.537288+00:00,30.81100376151153
2025-08-15 18:47:31.605162+00:00,30.8161543905735
2025-08-15 18:47:33.607615+00:00,30.805853132740594
2025-08-15 18:47:35.175325+00:00,30.821305019926513
2025-08-15 18:47:36.315571+00:00,30.81100376151153
2025-08-15 18:47:37.377869+00:00,30.81100376151153
2025-08-15 18:47:37.635952+00:00,30.805853132740594
2025-08-15 18:47:38.388994+00:00,30.805853132740594
2025-08-15 18:47:39.272940+00:00,30.805853132740594
2025-08-15 18:47:40.445997+00:00,30.81100376151153
2025-08-15 18:47:40.738166+00:00,30.805853132740594
2025-08-15 18:47:41.731572+00:00,30.81100376151153
2025-08-15 18:47:43.371459+00:00,30.8161543905735
2025-08-15 18:47:43.656948+00:00,30.821305019926513
2025-08-15 18:47:43.980786+00:00,30.8161543905735
2025-08-15 18:47:44.190386+00:00,30.821305019926513
2025-08-15 18:47:44.823825+00:00,30.821305019926513
2025-08-15 18:47:45.359032+00:00,30.8161543905735
2025-08-15 18:47:45.845570+00:00,30.821305019926513
2025-08-15 18:47:47.014051+00:00,30.8161543905735
2025-08-15 18:47:50.108042+00:00,30.826455649570562
2025-08-15 18:47:50.873741+00:00,30.821305019926513
2025-08-15 18:47:52.261384+00:00,30.8161543905735
2025-08-15 18:47:52.846835+00:00,30.8161543905735
2025-08-15 18:47:54.386293+00:00,30.821305019926513
2025-08-15 18:47:54.661813+00:00,30.821305019926513
2025-08-15 18:47:54.915935+00:00,30.826455649570562
2025-08-15 18:47:55.448820+00:00,30.826455649570562
2025-08-15 18:47:56.584699+00:00,30.83160627950565
2025-08-15 18:47:58.742654+00:00,30.821305019926513
2025-08-15 18:47:59.703988+00:00,30.826455649570562
2025-08-15 18:47:59.886911+00:00,30.83160627950565
2025-08-15 18:48:06.780947+00:00,30.84190754024894
2025-08-15 18:48:11.461463+00:00,30.83160627950565
2025-08-15 18:48:12.655446+00:00,30.836756909731776
2025-08-15 18:48:13.047947+00:00,30.836756909731776
2025-08-15 18:48:13.224353+00:00,30.836756909731776
2025-08-15 18:48:13.448147+00:00,30.836756909731776
2025-08-15 18:48:13.774695+00:00,30.836756909731776
2025-08-15 18:48:13.981135+00:00,30.836756909731776
2025-08-15 18:48:15.340888+00:00,30.84190754024894
2025-08-15 18:48:16.862388+00:00,30.84190754024894
2025-08-15 18:48:17.902448+00:00,30.836756909731776
2025-08-15 18:48:19.899352+00:00,30.836756909731776
2025-08-15 18:48:20.576772+00:00,30.836756909731776
2025-08-15 18:48:21.171012+00:00,30.83160627950565
2025-08-15 18:48:22.567553+00:00,30.84190754024894
2025-08-15 18:48:24.649398+00:00,30.84190754024894
2025-08-15 18:48:24.951651+00:00,30.84190754024894
2025-08-15 18:48:25.240627+00:00,30.847058171057142
2025-08-15 18:48:26.714698+00:00,30.84190754024894
2025-08-15 18:48:27.065273+00:00,30.852208802156383
2025-08-15 18:48:27.282714+00:00,30.847058171057142
2025-08-15 18:48:27.767889+00:00,30.847058171057142
2025-08-15 18:48:28.748811+00:00,30.84190754024894
2025-08-15 18:48:30.544969+00:00,30.84190754024894
2025-08-15 18:48:31.622174+00:00,30.847058171057142
2025-08-15 18:48:34.493363+00:00,30.83160627950565
2025-08-15 18:48:34.796293+00:00,30.821305019926513
2025-08-15 18:48:39.657043+00:00,30.83160627950565
2025-08-15 18:48:41.372127+00:00,30.826455649570562
2025-08-15 18:48:41.823585+00:00,30.821305019926513
2025-08-15 18:48:42.935801+00:00,30.826455649570562
2025-08-15 18:48:43.131044+00:00,30.826455649570562
2025-08-15 18:48:43.486148+00:00,30.83160627950565
2025-08-15 18:48:44.231982+00:00,30.826455649570562
2025-08-15 18:48:44.512980+00:00,30.83160627950565
2025-08-15 18:48:44.873722+00:00,30.826455649570562
2025-08-15 18:48:45.132906+00:00,30.836756909731776
2025-08-15 18:48:49.929157+00:00,30.821305019926513
2025-08-15 18:48:50.114348+00:00,30.8161543905735
2025-08-15 18:48:50.299024+00:00,30.83160627950565
2025-08-15 18:48:51.218559+00:00,30.83160627950565
2025-08-15 18:48:51.760772+00:00,30.826455649570562
2025-08-15 18:48:51.953326+00:00,30.826455649570562
2025-08-15 18:48:52.221083+00:00,30.826455649570562
2025-08-15 18:48:52.538812+00:00,30.83160627950565
2025-08-15 18:48:52.688424+00:00,30.836756909731776
2025-08-15 18:48:55.169808+00:00,30.83160627950565
2025-08-15 18:48:55.869740+00:00,30.836756909731776
2025-08-15 18:48:56.256503+00:00,30.836756909731776
2025-08-15 18:48:56.880277+00:00,30.821305019926513
2025-08-15 18:48:58.222063+00:00,30.836756909731776
2025-08-15 18:48:58.914451+00:00,30.84190754024894
2025-08-15 18:48:59.489669+00:00,30.847058171057142
2025-08-15 18:49:02.862921+00:00,30.847058171057142
2025-08-15 18:49:08.086634+00:00,30.847058171057142
2025-08-15 18:49:09.226856+00:00,30.847058171057142
2025-08-15 18:49:12.376045+00:00,30.86251006522798
2025-08-15 18:49:15.241843+00:00,30.857359433546662
2025-08-15 18:49:15.544659+00:00,30.847058171057142
2025-08-15 18:49:15.801656+00:00,30.852208802156383
2025-08-15 18:49:16.241299+00:00,30.857359433546662
2025-08-15 18:49:16.817877+00:00,30.857359433546662
2025-08-15 18:49:18.051999+00:00,30.857359433546662
2025-08-15 18:49:18.842533+00:00,30.847058171057142
2025-08-15 18:49:19.315075+00:00,30.847058171057142
2025-08-15 18:49:20.772529+00:00,30.852208802156383
2025-08-15 18:49:21.716232+00:00,30.847058171057142
2025-08-15 18:49:23.497857+00:00,30.852208802156383
2025-08-15 18:49:29.626037+00:00,30.847058171057142
2025-08-15 18:49:31.059552+00:00,30.852208802156383
2025-08-15 18:49:33.670572+00:00,30.857359433546662
2025-08-15 18:49:34.806426+00:00,30.852208802156383
2025-08-15 18:49:35.339316+00:00,30.852208802156383
2025-08-15 18:49:35.651702+00:00,30.867660697200336
2025-08-15 18:49:35.859629+00:00,30.867660697200336
2025-08-15 18:49:36.036424+00:00,30.87281132946373
2025-08-15 18:49:36.233522+00:00,30.857359433546662
2025-08-15 18:49:37.123181+00:00,30.87281132946373
2025-08-15 18:49:40.172265+00:00,30.86251006522798
2025-08-15 18:49:40.364873+00:00,30.867660697200336
2025-08-15 18:49:40.542399+00:00,30.87281132946373
2025-08-15 18:49:41.001959+00:00,30.852208802156383
2025-08-15 18:49:41.689117+00:00,30.867660697200336
2025-08-15 18:49:41.915744+00:00,30.87281132946373
2025-08-15 18:49:43.817502+00:00,30.86251006522798
2025-08-15 18:49:44.011201+00:00,30.86251006522798
2025-08-15 18:49:44.152486+00:00,30.86251006522798
2025-08-15 18:49:52.566059+00:00,30.857359433546662
2025-08-15 18:49:53.510043+00:00,30.857359433546662
2025-08-15 18:49:54.125014+00:00,30.857359433546662
2025-08-15 18:49:55.132247+00:00,30.847058171057142
2025-08-15 18:49:55.372972+00:00,30.847058171057142
2025-08-15 18:49:55.648555+00:00,30.86251006522798
2025-08-15 18:49:56.467800+00:00,30.857359433546662
2025-08-15 18:49:58.599180+00:00,30.84190754024894
2025-08-15 18:50:01.149055+00:00,30.836756909731776
2025-08-15 18:50:03.827706+00:00,30.847058171057142
2025-08-15 18:50:05.125864+00:00,30.847058171057142
2025-08-15 18:50:06.110863+00:00,30.836756909731776
2025-08-15 18:50:08.392390+00:00,30.836756909731776
2025-08-15 18:50:11.830914+00:00,30.83160627950565
2025-08-15 18:50:14.305699+00:00,30.836756909731776
2025-08-15 18:50:14.932957+00:00,30.836756909731776
2025-08-15 18:50:17.630445+00:00,30.836756909731776
2025-08-15 18:50:20.085331+00:00,30.83160627950565
2025-08-15 18:50:20.653899+00:00,30.836756909731776
2025-08-15 18:50:23.518657+00:00,30.826455649570562
2025-08-15 18:50:24.118646+00:00,30.83160627950565
2025-08-15 18:50:27.080738+00:00,30.826455649570562
2025-08-15 18:50:30.233920+00:00,30.836756909731776
2025-08-15 18:50:31.259689+00:00,30.836756909731776
2025-08-15 18:50:31.988360+00:00,30.84190754024894
2025-08-15 18:50:34.232949+00:00,30.83160627950565
2025-08-15 18:50:35.128800+00:00,30.847058171057142
2025-08-15 18:50:39.157927+00:00,30.852208802156383
2025-08-15 18:50:39.609172+00:00,30.852208802156383
2025-08-15 18:50:40.736653+00:00,30.847058171057142
2025-08-15 18:50:42.282478+00:00,30.852208802156383
2025-08-15 18:50:43.051212+00:00,30.857359433546662
2025-08-15 18:50:44.748933+00:00,30.852208802156383
2025-08-15 18:50:47.900647+00:00,30.847058171057142
2025-08-15 18:50:48.847665+00:00,30.857359433546662
2025-08-15 18:50:50.956948+00:00,30.847058171057142
2025-08-15 18:50:51.641907+00:00,30.847058171057142
2025-08-15 18:50:51.850445+00:00,30.852208802156383
2025-08-15 18:50:52.580833+00:00,30.852208802156383
2025-08-15 18:50:52.812079+00:00,30.852208802156383
2025-08-15 18:50:53.013201+00:00,30.867660697200336
2025-08-15 18:50:53.181147+00:00,30.857359433546662
2025-08-15 18:50:55.430867+00:00,30.857359433546662
2025-08-15 18:50:56.238237+00:00,30.852208802156383
2025-08-15 18:50:56.548394+00:00,30.847058171057142
2025-08-15 18:50:56.875308+00:00,30.847058171057142
2025-08-15 18:50:57.668548+00:00,30.852208802156383
2025-08-15 18:50:58.404666+00:00,30.83160627950565
2025-08-15 18:50:59.471866+00:00,30.836756909731776
2025-08-15 18:51:00.006025+00:00,30.836756909731776
2025-08-15 18:51:00.649423+00:00,30.826455649570562
2025-08-15 18:51:02.483421+00:00,30.84190754024894
2025-08-15 18:51:03.902597+00:00,30.84190754024894
2025-08-15 18:51:04.244861+00:00,30.836756909731776
2025-08-15 18:51:06.315291+00:00,30.836756909731776
2025-08-15 18:51:13.689260+00:00,30.83160627950565
2025-08-15 18:51:14.372800+00:00,30.826455649570562
2025-08-15 18:51:16.573347+00:00,30.836756909731776
2025-08-15 18:51:16.940326+00:00,30.836756909731776
2025-08-15 18:51:18.364682+00:00,30.826455649570562
2025-08-15 18:51:19.954161+00:00,30.83160627950565
2025-08-15 18:51:21.172687+00:00,30.826455649570562
2025-08-15 18:51:22.326147+00:00,30.821305019926513
2025-08-15 18:51:22.626485+00:00,30.821305019926513
2025-08-15 18:51:24.047813+00:00,30.821305019926513
2025-08-15 18:51:24.734321+00:00,30.821305019926513
2025-08-15 18:51:25.369680+00:00,30.81100376151153
2025-08-15 18:51:26.872792+00:00,30.8161543905735
2025-08-15 18:51:28.556583+00:00,30.8161543905735
2025-08-15 18:51:29.995396+00:00,30.821305019926513
2025-08-15 18:51:37.475126+00:00,30.8161543905735
2025-08-15 18:51:39.690702+00:00,30.81100376151153
2025-08-15 18:51:40.876654+00:00,30.81100376151153
2025-08-15 18:51:43.140253+00:00,30.805853132740594
2025-08-15 18:51:43.708677+00:00,30.8161543905735
2025-08-15 18:51:44.404742+00:00,30.8007025042607
2025-08-15 18:51:46.270116+00:00,30.79555187607184
2025-08-15 18:51:47.022854+00:00,30.8161543905735
2025-08-15 18:51:51.647332+00:00,30.8007025042607
2025-08-15 18:51:52.736880+00:00,30.805853132740594
2025-08-15 18:51:53.554112+00:00,30.79040124817402
2025-08-15 18:51:54.089315+00:00,30.805853132740594
2025-08-15 18:51:54.271545+00:00,30.81100376151153
2025-08-15 18:51:55.025198+00:00,30.81100376151153
2025-08-15 18:51:55.667822+00:00,30.8007025042607
2025-08-15 18:51:56.336432+00:00,30.805853132740594
2025-08-15 18:51:57.746470+00:00,30.8007025042607
2025-08-15 18:51:59.569084+00:00,30.805853132740594
2025-08-15 18:52:00.790086+00:00,30.8007025042607
2025-08-15 18:52:01.234802+00:00,30.8007025042607
2025-08-15 18:52:02.390751+00:00,30.805853132740594
2025-08-15 18:52:06.008219+00:00,30.805853132740594
2025-08-15 18:52:09.148784+00:00,30.79555187607184
2025-08-15 18:52:12.223357+00:00,30.81100376151153
2025-08-15 18:52:13.947057+00:00,30.805853132740594
2025-08-15 18:52:16.215164+00:00,30.8007025042607
2025-08-15 18:52:17.073190+00:00,30.805853132740594
2025-08-15 18:52:17.572066+00:00,30.79555187607184
2025-08-15 18:52:18.204579+00:00,30.8007025042607
2025-08-15 18:52:19.346079+00:00,30.8007025042607
2025-08-15 18:52:20.791567+00:00,30.8007025042607
2025-08-15 18:52:21.333428+00:00,30.81100376151153
2025-08-15 18:52:21.726490+00:00,30.81100376151153
2025-08-15 18:52:21.970541+00:00,30.8161543905735
2025-08-15 18:52:24.445350+00:00,30.8161543905735
2025-08-15 18:52:25.403095+00:00,30.81100376151153
2025-08-15 18:52:25.798733+00:00,30.81100376151153
2025-08-15 18:52:26.336640+00:00,30.8161543905735
2025-08-15 18:52:29.388879+00:00,30.805853132740594
2025-08-15 18:52:35.322207+00:00,30.8007025042607
2025-08-15 18:52:36.345022+00:00,30.805853132740594
2025-08-15 18:52:37.577980+00:00,30.79555187607184
2025-08-15 18:52:39.795772+00:00,30.805853132740594
2025-08-15 18:52:40.019470+00:00,30.8161543905735
2025-08-15 18:52:40.478411+00:00,30.8161543905735
2025-08-15 18:52:41.153786+00:00,30.805853132740594
2025-08-15 18:52:41.329843+00:00,30.81100376151153
2025-08-15 18:52:42.404028+00:00,30.805853132740594
2025-08-15 18:52:43.078719+00:00,30.8161543905735
2025-08-15 18:52:43.268185+00:00,30.81100376151153
2025-08-15 18:52:44.140503+00:00,30.8161543905735
2025-08-15 18:52:44.683443+00:00,30.8161543905735
2025-08-15 18:52:44.890061+00:00,30.81100376151153
2025-08-15 18:52:45.338560+00:00,30.8161543905735
2025-08-15 18:52:50.697465+00:00,30.81100376151153
2025-08-15 18:52:51.537115+00:00,30.8161543905735
2025-08-15 18:52:53.916594+00:00,30.8007025042607
2025-08-15 18:52:55.502626+00:00,30.8007025042607
2025-08-15 18:52:56.657748+00:00,30.805853132740594
2025-08-15 18:52:56.916508+00:00,30.805853132740594
2025-08-15 18:52:57.345411+00:00,30.805853132740594
2025-08-15 18:52:57.650452+00:00,30.8007025042607
2025-08-15 18:52:58.037271+00:00,30.805853132740594
2025-08-15 18:52:58.503901+00:00,30.805853132740594
2025-08-15 18:52:59.512392+00:00,30.79555187607184
2025-08-15 18:53:02.988864+00:00,30.79555187607184
2025-08-15 18:53:07.094887+00:00,30.79555187607184
2025-08-15 18:53:07.805723+00:00,30.79040124817402
2025-08-15 18:53:11.979793+00:00,30.79040124817402
2025-08-15 18:53:12.555844+00:00,30.79040124817402
2025-08-15 18:53:12.757572+00:00,30.79555187607184
2025-08-15 18:53:13.107661+00:00,30.8007025042607
2025-08-15 18:53:13.444567+00:00,30.79555187607184
2025-08-15 18:53:13.667674+00:00,30.81100376151153
2025-08-15 18:53:14.888627+00:00,30.8007025042607
2025-08-15 18:53:15.955650+00:00,30.79555187607184
2025-08-15 18:53:16.329975+00:00,30.8007025042607
2025-08-15 18:53:16.670397+00:00,30.79555187607184
2025-08-15 18:53:17.137723+00:00,30.79555187607184
2025-08-15 18:53:17.556521+00:00,30.79555187607184
2025-08-15 18:53:17.936814+00:00,30.79555187607184
2025-08-15 18:53:20.284968+00:00,30.78525062056724
2025-08-15 18:53:20.545574+00:00,30.78525062056724
2025-08-15 18:53:20.827444+00:00,30.78525062056724
2025-08-15 18:53:21.714803+00:00,30.8007025042607
2025-08-15 18:53:23.795651+00:00,30.78525062056724
2025-08-15 18:53:24.096288+00:00,30.79040124817402
2025-08-15 18:53:24.378007+00:00,30.79040124817402
2025-08-15 18:53:25.065742+00:00,30.78525062056724
2025-08-15 18:53:25.277032+00:00,30.79040124817402
2025-08-15 18:53:25.494628+00:00,30.79555187607184
2025-08-15 18:53:25.869075+00:00,30.79555187607184
2025-08-15 18:53:26.628119+00:00,30.79555187607184
2025-08-15 18:53:29.779000+00:00,30.78525062056724
2025-08-15 18:53:32.960699+00:00,30.78525062056724
2025-08-15 18:53:34.479777+00:00,30.78525062056724
2025-08-15 18:53:37.343813+00:00,30.774949366226792
2025-08-15 18:53:37.544590+00:00,30.79040124817402
2025-08-15 18:53:37.734567+00:00,30.79040124817402
2025-08-15 18:53:38.306018+00:00,30.780099993251497
2025-08-15 18:53:38.533528+00:00,30.79555187607184
2025-08-15 18:53:39.202898+00:00,30.79555187607184
2025-08-15 18:53:41.082503+00:00,30.78525062056724
2025-08-15 18:53:42.913306+00:00,30.79555187607184
2025-08-15 18:53:43.983050+00:00,30.78525062056724
2025-08-15 18:53:50.191700+00:00,30.780099993251497
2025-08-15 18:53:50.423838+00:00,30.780099993251497
2025-08-15 18:53:56.694002+00:00,30.79040124817402
2025-08-15 18:53:56.937395+00:00,30.79555187607184
2025-08-15 18:53:57.530846+00:00,30.79040124817402
2025-08-15 18:54:01.135987+00:00,30.780099993251497
2025-08-15 18:54:06.229496+00:00,30.78525062056724
2025-08-15 18:54:07.199170+00:00,30.78525062056724
2025-08-15 18:54:11.574091+00:00,30.79040124817402
2025-08-15 18:54:13.002486+00:00,30.79040124817402
2025-08-15 18:54:13.505026+00:00,30.79040124817402
2025-08-15 18:54:14.201067+00:00,30.78525062056724
2025-08-15 18:54:14.766382+00:00,30.79040124817402
2025-08-15 18:54:15.552466+00:00,30.79555187607184
2025-08-15 18:54:17.419802+00:00,30.78525062056724
2025-08-15 18:54:17.827091+00:00,30.8007025042607
2025-08-15 18:54:18.860020+00:00,30.8007025042607
2025-08-15 18:54:21.516840+00:00,30.79040124817402
2025-08-15 18:54:22.151859+00:00,30.79555187607184
2025-08-15 18:54:22.703555+00:00,30.79555187607184
2025-08-15 18:54:24.195928+00:00,30.78525062056724
2025-08-15 18:54:26.790352+00:00,30.79555187607184
2025-08-15 18:54:31.602121+00:00,30.805853132740594
2025-08-15 18:54:32.008961+00:00,30.8007025042607
2025-08-15 18:54:32.420223+00:00,30.805853132740594
2025-08-15 18:54:32.778981+00:00,30.81100376151153
2025-08-15 18:54:33.929563+00:00,30.805853132740594
2025-08-15 18:54:34.120156+00:00,30.8007025042607
2025-08-15 18:54:34.438861+00:00,30.805853132740594
2025-08-15 18:54:35.003803+00:00,30.8161543905735
2025-08-15 18:54:35.445029+00:00,30.8161543905735
2025-08-15 18:54:38.369930+00:00,30.81100376151153
2025-08-15 18:54:40.140433+00:00,30.805853132740594
2025-08-15 18:54:40.642368+00:00,30.81100376151153
2025-08-15 18:54:40.818094+00:00,30.81100376151153
2025-08-15 18:54:40.993927+00:00,30.8161543905735
2025-08-15 18:54:42.949885+00:00,30.81100376151153
2025-08-15 18:54:43.168238+00:00,30.8161543905735
2025-08-15 18:54:43.784215+00:00,30.8161543905735
2025-08-15 18:54:44.400856+00:00,30.8161543905735
2025-08-15 18:54:46.133150+00:00,30.81100376151153
2025-08-15 18:54:47.917994+00:00,30.8161543905735
2025-08-15 18:54:48.880292+00:00,30.8161543905735
2025-08-15 18:54:49.391172+00:00,30.8161543905735
2025-08-15 18:54:49.740844+00:00,30.8161543905735
2025-08-15 18:54:50.495396+00:00,30.81100376151153
2025-08-15 18:54:51.201066+00:00,30.805853132740594
2025-08-15 18:54:54.015674+00:00,30.805853132740594
2025-08-15 18:54:55.486742+00:00,30.805853132740594
2025-08-15 18:54:58.418027+00:00,30.805853132740594
2025-08-15 18:54:58.717708+00:00,30.81100376151153
2025-08-15 18:54:59.144275+00:00,30.805853132740594
2025-08-15 18:54:59.405142+00:00,30.81100376151153
2025-08-15 18:54:59.633779+00:00,30.805853132740594
2025-08-15 18:54:59.876406+00:00,30.805853132740594
2025-08-15 18:55:05.718494+00:00,30.81100376151153
2025-08-15 18:55:06.572263+00:00,30.8007025042607
2025-08-15 18:55:10.877090+00:00,30.805853132740594
2025-08-15 18:55:11.225776+00:00,30.8161543905735
2025-08-15 18:55:13.668768+00:00,30.8161543905735
2025-08-15 18:55:16.243268+00:00,30.8161543905735
2025-08-15 18:55:16.743813+00:00,30.81100376151153
2025-08-15 18:55:21.092961+00:00,30.821305019926513
2025-08-15 18:55:26.293300+00:00,30.826455649570562
2025-08-15 18:55:26.670546+00:00,30.8161543905735
2025-08-15 18:55:27.149630+00:00,30.8161543905735
2025-08-15 18:55:29.192605+00:00,30.826455649570562
2025-08-15 18:55:31.233840+00:00,30.8161543905735
2025-08-15 18:55:34.629915+00:00,30.8161543905735
2025-08-15 18:55:37.717436+00:00,30.826455649570562
2025-08-15 18:55:39.959834+00:00,30.821305019926513
2025-08-15 18:55:41.000751+00:00,30.8161543905735
2025-08-15 18:55:42.879975+00:00,30.8161543905735
2025-08-15 18:55:44.492755+00:00,30.821305019926513
2025-08-15 18:55:46.201019+00:00,30.805853132740594
2025-08-15 18:55:47.001487+00:00,30.81100376151153
2025-08-15 18:55:48.537040+00:00,30.8161543905735
2025-08-15 18:55:48.796217+00:00,30.8161543905735
2025-08-15 18:55:49.524836+00:00,30.821305019926513
2025-08-15 18:55:49.916568+00:00,30.8161543905735
2025-08-15 18:55:50.392058+00:00,30.821305019926513
2025-08-15 18:55:51.747019+00:00,30.821305019926513
2025-08-15 18:55:53.391952+00:00,30.8161543905735
2025-08-15 18:55:53.752841+00:00,30.8161543905735
2025-08-15 18:55:55.007335+00:00,30.8161543905735
2025-08-15 18:55:55.407035+00:00,30.8161543905735
2025-08-15 18:55:55.709090+00:00,30.8161543905735
2025-08-15 18:55:58.164393+00:00,30.821305019926513
2025-08-15 18:55:58.599211+00:00,30.826455649570562
2025-08-15 18:55:58.804909+00:00,30.8161543905735
2025-08-15 18:55:58.997721+00:00,30.821305019926513
2025-08-15 18:55:59.193171+00:00,30.826455649570562
2025-08-15 18:55:59.392482+00:00,30.826455649570562
2025-08-15 18:55:59.871472+00:00,30.826455649570562
2025-08-15 18:56:02.209905+00:00,30.8161543905735
2025-08-15 18:56:03.029350+00:00,30.8161543905735
2025-08-15 18:56:07.585260+00:00,30.81100376151153
2025-08-15 18:56:08.143313+00:00,30.8161543905735
2025-08-15 18:56:08.697526+00:00,30.81100376151153
2025-08-15 18:56:09.841059+00:00,30.81100376151153
2025-08-15 18:56:10.774824+00:00,30.805853132740594
2025-08-15 18:56:12.502220+00:00,30.8161543905735
2025-08-15 18:56:12.791490+00:00,30.8161543905735
2025-08-15 18:56:13.004994+00:00,30.805853132740594
2025-08-15 18:56:13.281184+00:00,30.8161543905735
2025-08-15 18:56:18.537851+00:00,30.805853132740594
2025-08-15 18:56:18.754153+00:00,30.79040124817402
2025-08-15 18:56:20.903236+00:00,30.79555187607184
2025-08-15 18:56:21.539200+00:00,30.8007025042607
2025-08-15 18:56:22.073136+00:00,30.805853132740594
2025-08-15 18:56:22.484095+00:00,30.8007025042607
2025-08-15 18:56:22.799647+00:00,30.805853132740594
2025-08-15 18:56:24.825130+00:00,30.805853132740594
2025-08-15 18:56:27.256232+00:00,30.8007025042607
2025-08-15 18:56:27.574401+00:00,30.805853132740594
2025-08-15 18:56:28.049920+00:00,30.79555187607184
2025-08-15 18:56:33.166122+00:00,30.8007025042607
2025-08-15 18:56:34.378589+00:00,30.79555187607184
2025-08-15 18:56:35.756555+00:00,30.79040124817402
2025-08-15 18:56:37.666075+00:00,30.79555187607184
2025-08-15 18:56:37.881030+00:00,30.79555187607184
2025-08-15 18:56:38.074532+00:00,30.79555187607184
2025-08-15 18:56:38.250221+00:00,30.79555187607184
2025-08-15 18:56:38.635139+00:00,30.78525062056724
2025-08-15 18:56:38.993634+00:00,30.79555187607184
2025-08-15 18:56:39.444594+00:00,30.79040124817402
2025-08-15 18:56:39.630683+00:00,30.79555187607184
2025-08-15 18:56:39.956683+00:00,30.805853132740594
2025-08-15 18:56:40.116351+00:00,30.805853132740594
2025-08-15 18:56:42.601545+00:00,30.78525062056724
2025-08-15 18:56:46.084073+00:00,30.79555187607184
2025-08-15 18:56:48.833070+00:00,30.79040124817402
2025-08-15 18:56:49.916272+00:00,30.79555187607184
2025-08-15 18:56:50.307137+00:00,30.8007025042607
2025-08-15 18:56:52.068475+00:00,30.79555187607184
2025-08-15 18:56:52.982199+00:00,30.79040124817402
2025-08-15 18:56:54.066103+00:00,30.8007025042607
2025-08-15 18:56:55.135792+00:00,30.8007025042607
2025-08-15 18:56:56.195492+00:00,30.79555187607184
2025-08-15 18:56:58.513346+00:00,30.79555187607184
2025-08-15 18:56:58.756990+00:00,30.8007025042607
2025-08-15 18:56:58.998401+00:00,30.8007025042607
2025-08-15 18:56:59.860068+00:00,30.805853132740594
2025-08-15 18:57:01.106044+00:00,30.79555187607184
2025-08-15 18:57:01.733007+00:00,30.79555187607184
2025-08-15 18:57:02.657016+00:00,30.8007025042607
2025-08-15 18:57:03.908776+00:00,30.79555187607184
2025-08-15 18:57:06.941100+00:00,30.79555187607184
2025-08-15 18:57:12.450025+00:00,30.79555187607184
2025-08-15 18:57:13.152294+00:00,30.79555187607184
2025-08-15 18:57:14.582184+00:00,30.78525062056724
2025-08-15 18:57:15.584175+00:00,30.79040124817402
2025-08-15 18:57:16.964407+00:00,30.78525062056724
2025-08-15 18:57:17.574067+00:00,30.780099993251497
2025-08-15 18:57:18.825176+00:00,30.78525062056724
2025-08-15 18:57:19.323031+00:00,30.81100376151153
2025-08-15 18:57:19.931960+00:00,30.79040124817402
2025-08-15 18:57:21.007179+00:00,30.79040124817402
2025-08-15 18:57:22.648080+00:00,30.78525062056724
2025-08-15 18:57:24.493901+00:00,30.78525062056724
2025-08-15 18:57:27.016182+00:00,30.780099993251497
2025-08-15 18:57:27.685187+00:00,30.774949366226792
2025-08-15 18:57:29.129909+00:00,30.78525062056724
2025-08-15 18:57:29.649119+00:00,30.780099993251497
2025-08-15 18:57:30.244246+00:00,30.78525062056724
2025-08-15 18:57:33.742472+00:00,30.78525062056724
2025-08-15 18:57:34.556448+00:00,30.780099993251497
2025-08-15 18:57:35.389051+00:00,30.769798739493126
2025-08-15 18:57:36.369062+00:00,30.780099993251497
2025-08-15 18:57:38.047496+00:00,30.769798739493126
2025-08-15 18:57:38.194280+00:00,30.78525062056724
2025-08-15 18:57:38.449671+00:00,30.78525062056724
2025-08-15 18:57:39.203361+00:00,30.78525062056724
2025-08-15 18:57:40.664049+00:00,30.764648113050498
2025-08-15 18:57:40.990348+00:00,30.780099993251497
2025-08-15 18:57:41.174828+00:00,30.78525062056724
2025-08-15 18:57:41.307164+00:00,30.78525062056724
2025-08-15 18:57:41.618406+00:00,30.780099993251497
2025-08-15 18:57:42.380634+00:00,30.78525062056724
2025-08-15 18:57:43.559215+00:00,30.769798739493126
2025-08-15 18:57:46.517959+00:00,30.774949366226792
2025-08-15 18:57:47.671996+00:00,30.774949366226792
2025-08-15 18:57:52.279525+00:00,30.780099993251497
2025-08-15 18:57:53.183720+00:00,30.78525062056724
2025-08-15 18:57:53.824832+00:00,30.78525062056724
2025-08-15 18:57:54.627429+00:00,30.769798739493126
2025-08-15 18:57:55.295507+00:00,30.774949366226792
2025-08-15 18:57:55.688961+00:00,30.78525062056724
2025-08-15 18:57:55.980482+00:00,30.78525062056724
2025-08-15 18:57:59.983589+00:00,30.78525062056724
2025-08-15 18:58:00.367098+00:00,30.78525062056724
2025-08-15 18:58:00.779870+00:00,30.78525062056724
2025-08-15 18:58:01.138594+00:00,30.78525062056724
2025-08-15 18:58:03.564858+00:00,30.774949366226792
2025-08-15 18:58:04.380839+00:00,30.774949366226792
2025-08-15 18:58:07.597448+00:00,30.774949366226792
2025-08-15 18:58:09.433441+00:00,30.774949366226792
2025-08-15 18:58:12.564128+00:00,30.764648113050498
2025-08-15 18:58:13.926739+00:00,30.764648113050498
2025-08-15 18:58:14.798821+00:00,30.774949366226792
2025-08-15 18:58:14.997909+00:00,30.75949748689891
2025-08-15 18:58:15.246357+00:00,30.774949366226792
2025-08-15 18:58:15.654613+00:00,30.774949366226792
2025-08-15 18:58:16.030381+00:00,30.774949366226792
2025-08-15 18:58:19.580779+00:00,30.749196235468844
2025-08-15 18:58:20.288224+00:00,30.75949748689891
2025-08-15 18:58:21.610317+00:00,30.754346861038357
2025-08-15 18:58:21.879327+00:00,30.764648113050498
2025-08-15 18:58:22.172197+00:00,30.769798739493126
2025-08-15 18:58:23.774310+00:00,30.764648113050498
2025-08-15 18:58:26.481168+00:00,30.75949748689891
2025-08-15 18:58:27.662059+00:00,30.764648113050498
2025-08-15 18:58:30.056632+00:00,30.75949748689891
2025-08-15 18:58:31.021104+00:00,30.749196235468844
2025-08-15 18:58:33.897445+00:00,30.75949748689891
2025-08-15 18:58:34.185632+00:00,30.75949748689891
2025-08-15 18:58:34.413858+00:00,30.764648113050498
2025-08-15 18:58:35.016287+00:00,30.764648113050498
2025-08-15 18:58:35.258707+00:00,30.764648113050498
2025-08-15 18:58:35.464011+00:00,30.769798739493126
2025-08-15 18:58:36.753961+00:00,30.75949748689891
2025-08-15 18:58:38.342456+00:00,30.754346861038357
2025-08-15 18:58:38.597224+00:00,30.74404561019037
2025-08-15 18:58:38.760334+00:00,30.74404561019037
2025-08-15 18:58:39.862215+00:00,30.754346861038357
2025-08-15 18:58:40.743821+00:00,30.74404561019037
2025-08-15 18:58:41.613922+00:00,30.749196235468844
2025-08-15 18:58:42.357692+00:00,30.74404561019037
2025-08-15 18:58:42.967772+00:00,30.738894985202933
2025-08-15 18:58:47.971808+00:00,30.74404561019037
2025-08-15 18:58:50.646619+00:00,30.74404561019037
2025-08-15 18:58:50.867395+00:00,30.74404561019037
2025-08-15 18:58:51.088202+00:00,30.738894985202933
2025-08-15 18:58:51.269414+00:00,30.74404561019037
2025-08-15 18:58:51.419669+00:00,30.749196235468844
2025-08-15 18:58:52.716453+00:00,30.738894985202933
2025-08-15 18:58:54.238291+00:00,30.74404561019037
2025-08-15 18:58:54.856663+00:00,30.738894985202933
2025-08-15 18:58:57.770399+00:00,30.733744360506535
2025-08-15 18:59:00.409897+00:00,30.728593736101175
2025-08-15 18:59:02.585053+00:00,30.749196235468844
2025-08-15 18:59:03.112975+00:00,30.74404561019037
2025-08-15 18:59:05.320738+00:00,30.738894985202933
2025-08-15 18:59:07.454476+00:00,30.728593736101175
2025-08-15 18:59:10.338743+00:00,30.733744360506535
2025-08-15 18:59:11.054358+00:00,30.738894985202933
2025-08-15 18:59:12.210247+00:00,30.738894985202933
2025-08-15 18:59:13.689537+00:00,30.738894985202933
2025-08-15 18:59:14.676212+00:00,30.74404561019037
2025-08-15 18:59:15.496529+00:00,30.74404561019037
2025-08-15 18:59:18.517173+00:00,30.733744360506535
2025-08-15 18:59:19.604391+00:00,30.74404561019037
2025-08-15 18:59:20.941039+00:00,30.728593736101175
2025-08-15 18:59:21.636817+00:00,30.74404561019037
2025-08-15 18:59:22.272498+00:00,30.738894985202933
2025-08-15 18:59:22.465676+00:00,30.74404561019037
2025-08-15 18:59:22.664414+00:00,30.74404561019037
2025-08-15 18:59:24.037498+00:00,30.733744360506535
2025-08-15 18:59:24.371289+00:00,30.733744360506535
2025-08-15 18:59:25.695332+00:00,30.728593736101175
2025-08-15 18:59:26.308525+00:00,30.738894985202933
2025-08-15 18:59:27.292121+00:00,30.733744360506535
2025-08-15 18:59:28.688221+00:00,30.723443111986853
2025-08-15 18:59:29.871367+00:00,30.738894985202933
2025-08-15 18:59:30.613114+00:00,30.738894985202933
2025-08-15 18:59:34.072538+00:00,30.74404561019037
2025-08-15 18:59:38.904302+00:00,30.749196235468844
2025-08-15 18:59:39.724281+00:00,30.74404561019037
2025-08-15 18:59:41.529452+00:00,30.749196235468844
2025-08-15 18:59:42.122548+00:00,30.74404561019037
2025-08-15 18:59:42.757459+00:00,30.74404561019037
2025-08-15 18:59:44.939428+00:00,30.74404561019037
2025-08-15 18:59:45.987206+00:00,30.749196235468844
2025-08-15 18:59:52.096082+00:00,30.749196235468844
2025-08-15 18:59:54.427883+00:00,30.738894985202933
2025-08-15 18:59:54.604847+00:00,30.74404561019037
2025-08-15 18:59:54.800927+00:00,30.74404561019037
2025-08-15 18:59:54.978989+00:00,30.74404561019037
2025-08-15 18:59:55.172869+00:00,30.74404561019037
2025-08-15 18:59:56.993969+00:00,30.738894985202933
2025-08-15 18:59:58.810380+00:00,30.74404561019037
2025-08-15 18:59:59.902595+00:00,30.738894985202933
2025-08-15 19:00:06.511723+00:00,30.74404561019037
2025-08-15 19:00:06.974378+00:00,30.749196235468844
2025-08-15 19:00:09.310001+00:00,30.749196235468844
2025-08-15 19:00:09.778943+00:00,30.74404561019037
2025-08-15 19:00:11.198654+00:00,30.74404561019037
2025-08-15 19:00:11.703644+00:00,30.749196235468844
2025-08-15 19:00:12.079261+00:00,30.74404561019037
2025-08-15 19:00:12.628575+00:00,30.749196235468844
2025-08-15 19:00:17.593469+00:00,30.749196235468844
2025-08-15 19:00:19.327209+00:00,30.754346861038357
2025-08-15 19:00:20.995085+00:00,30.749196235468844
2025-08-15 19:00:21.569369+00:00,30.754346861038357
2025-08-15 19:00:27.518284+00:00,30.749196235468844
2025-08-15 19:00:28.761255+00:00,30.754346861038357
2025-08-15 19:00:30.613088+00:00,30.769798739493126
2025-08-15 19:00:32.951823+00:00,30.774949366226792
2025-08-15 19:00:35.378760+00:00,30.774949366226792
2025-08-15 19:00:36.097090+00:00,30.780099993251497
2025-08-15 19:00:37.718456+00:00,30.780099993251497
2025-08-15 19:00:39.299703+00:00,30.769798739493126
2025-08-15 19:00:39.743938+00:00,30.774949366226792
2025-08-15 19:00:40.127911+00:00,30.780099993251497
2025-08-15 19:00:40.805559+00:00,30.780099993251497
2025-08-15 19:00:40.981980+00:00,30.78525062056724
2025-08-15 19:00:41.186395+00:00,30.78525062056724
2025-08-15 19:00:41.374143+00:00,30.78525062056724
2025-08-15 19:00:42.086859+00:00,30.780099993251497
2025-08-15 19:00:42.770722+00:00,30.780099993251497
2025-08-15 19:00:43.455412+00:00,30.78525062056724
2025-08-15 19:00:44.492912+00:00,30.78525062056724
2025-08-15 19:00:45.794332+00:00,30.774949366226792
2025-08-15 19:00:51.197803+00:00,30.780099993251497
2025-08-15 19:00:51.770315+00:00,30.774949366226792
2025-08-15 19:00:56.044467+00:00,30.780099993251497
2025-08-15 19:00:56.530021+00:00,30.78525062056724
2025-08-15 19:00:58.734718+00:00,30.774949366226792
2025-08-15 19:00:59.237231+00:00,30.774949366226792
2025-08-15 19:00:59.497348+00:00,30.769798739493126
2025-08-15 19:00:59.846897+00:00,30.78525062056724
2025-08-15 19:01:00.273401+00:00,30.780099993251497
2025-08-15 19:01:01.711765+00:00,30.769798739493126
2025-08-15 19:01:02.101164+00:00,30.774949366226792
2025-08-15 19:01:02.500799+00:00,30.780099993251497
2025-08-15 19:01:05.927799+00:00,30.774949366226792
2025-08-15 19:01:06.434205+00:00,30.774949366226792
2025-08-15 19:01:12.589047+00:00,30.774949366226792
2025-08-15 19:01:15.509821+00:00,30.774949366226792
2025-08-15 19:01:17.588469+00:00,30.774949366226792
2025-08-15 19:01:18.249599+00:00,30.774949366226792
2025-08-15 19:01:19.166706+00:00,30.769798739493126
2025-08-15 19:01:21.824775+00:00,30.774949366226792
2025-08-15 19:01:23.621838+00:00,30.774949366226792
2025-08-15 19:01:24.293297+00:00,30.78525062056724
2025-08-15 19:01:24.793079+00:00,30.780099993251497
2025-08-15 19:01:25.428598+00:00,30.79040124817402
2025-08-15 19:01:27.367982+00:00,30.78525062056724
2025-08-15 19:01:27.801056+00:00,30.774949366226792
2025-08-15 19:01:28.294853+00:00,30.764648113050498
2025-08-15 19:01:29.115684+00:00,30.769798739493126
2025-08-15 19:01:29.825681+00:00,30.769798739493126
2025-08-15 19:01:30.300738+00:00,30.769798739493126
2025-08-15 19:01:30.630583+00:00,30.774949366226792
2025-08-15 19:01:34.438416+00:00,30.774949366226792
2025-08-15 19:01:35.592584+00:00,30.75949748689891
2025-08-15 19:01:38.884500+00:00,30.764648113050498
2025-08-15 19:01:39.034936+00:00,30.754346861038357
2025-08-15 19:01:39.144552+00:00,30.764648113050498
2025-08-15 19:01:39.343947+00:00,30.774949366226792
2025-08-15 19:01:39.636204+00:00,30.764648113050498
2025-08-15 19:01:39.925795+00:00,30.774949366226792
2025-08-15 19:01:40.164595+00:00,30.769798739493126
2025-08-15 19:01:40.439091+00:00,30.764648113050498
2025-08-15 19:01:40.674663+00:00,30.774949366226792
2025-08-15 19:01:42.234477+00:00,30.764648113050498
2025-08-15 19:01:42.848431+00:00,30.75949748689891
2025-08-15 19:01:44.233855+00:00,30.75949748689891
2025-08-15 19:01:45.975508+00:00,30.754346861038357
2025-08-15 19:01:49.810837+00:00,30.754346861038357
2025-08-15 19:01:50.286363+00:00,30.754346861038357
2025-08-15 19:01:50.840076+00:00,30.75949748689891
2025-08-15 19:01:56.207862+00:00,30.754346861038357
2025-08-15 19:01:57.195380+00:00,30.754346861038357
2025-08-15 19:01:57.625665+00:00,30.74404561019037
2025-08-15 19:01:57.893847+00:00,30.754346861038357
2025-08-15 19:01:59.392822+00:00,30.749196235468844
2025-08-15 19:02:01.860194+00:00,30.749196235468844
2025-08-15 19:02:05.232810+00:00,30.754346861038357
2025-08-15 19:02:06.907052+00:00,30.749196235468844
2025-08-15 19:02:11.322862+00:00,30.749196235468844
2025-08-15 19:02:12.284296+00:00,30.74404561019037
2025-08-15 19:02:13.494061+00:00,30.754346861038357
2025-08-15 19:02:14.032587+00:00,30.74404561019037
2025-08-15 19:02:14.726462+00:00,30.754346861038357
2025-08-15 19:02:17.940718+00:00,30.764648113050498
2025-08-15 19:02:18.475089+00:00,30.754346861038357
2025-08-15 19:02:18.885211+00:00,30.754346861038357
2025-08-15 19:02:20.591236+00:00,30.754346861038357
2025-08-15 19:02:21.126078+00:00,30.749196235468844
2025-08-15 19:02:24.299490+00:00,30.754346861038357
2025-08-15 19:02:24.634512+00:00,30.74404561019037
2025-08-15 19:02:27.222498+00:00,30.74404561019037
2025-08-15 19:02:27.907705+00:00,30.74404561019037
2025-08-15 19:02:28.901211+00:00,30.74404561019037
2025-08-15 19:02:29.917991+00:00,30.749196235468844
2025-08-15 19:02:31.156497+00:00,30.733744360506535
2025-08-15 19:02:31.707238+00:00,30.738894985202933
2025-08-15 19:02:35.567778+00:00,30.74404561019037
2025-08-15 19:02:38.166834+00:00,30.733744360506535
2025-08-15 19:02:38.633887+00:00,30.749196235468844
2025-08-15 19:02:40.649417+00:00,30.74404561019037
2025-08-15 19:02:42.195596+00:00,30.738894985202933
2025-08-15 19:02:42.816970+00:00,30.74404561019037
2025-08-15 19:02:43.792392+00:00,30.749196235468844
2025-08-15 19:02:44.708987+00:00,30.74404561019037
2025-08-15 19:02:44.955715+00:00,30.738894985202933
2025-08-15 19:02:45.658640+00:00,30.738894985202933
2025-08-15 19:02:50.679427+00:00,30.733744360506535
2025-08-15 19:02:52.242498+00:00,30.738894985202933
2025-08-15 19:02:52.957716+00:00,30.74404561019037
2025-08-15 19:02:53.327680+00:00,30.738894985202933
2025-08-15 19:02:53.538054+00:00,30.74404561019037
2025-08-15 19:02:59.640649+00:00,30.749196235468844
2025-08-15 19:02:59.936745+00:00,30.733744360506535
2025-08-15 19:03:00.192642+00:00,30.733744360506535
2025-08-15 19:03:00.721866+00:00,30.738894985202933
2025-08-15 19:03:05.279278+00:00,30.723443111986853
2025-08-15 19:03:06.382540+00:00,30.733744360506535
2025-08-15 19:03:08.131823+00:00,30.733744360506535
2025-08-15 19:03:09.730664+00:00,30.723443111986853
2025-08-15 19:03:11.329146+00:00,30.723443111986853
2025-08-15 19:03:11.649344+00:00,30.733744360506535
2025-08-15 19:03:11.865212+00:00,30.723443111986853
2025-08-15 19:03:13.419330+00:00,30.723443111986853
2025-08-15 19:03:15.734895+00:00,30.71829248816357
2025-08-15 19:03:16.603114+00:00,30.728593736101175
2025-08-15 19:03:19.962734+00:00,30.728593736101175
2025-08-15 19:03:20.286898+00:00,30.74404561019037
2025-08-15 19:03:21.499379+00:00,30.71829248816357
2025-08-15 19:03:24.977228+00:00,30.723443111986853
2025-08-15 19:03:25.645945+00:00,30.71829248816357
2025-08-15 19:03:26.066101+00:00,30.723443111986853
2025-08-15 19:03:26.900400+00:00,30.728593736101175
2025-08-15 19:03:27.217545+00:00,30.723443111986853
2025-08-15 19:03:27.476564+00:00,30.71829248816357
2025-08-15 19:03:29.323280+00:00,30.723443111986853
2025-08-15 19:03:31.453500+00:00,30.733744360506535
2025-08-15 19:03:31.799345+00:00,30.728593736101175
2025-08-15 19:03:32.188736+00:00,30.733744360506535
2025-08-15 19:03:36.924978+00:00,30.738894985202933
2025-08-15 19:03:37.457892+00:00,30.728593736101175
2025-08-15 19:03:38.390942+00:00,30.733744360506535
2025-08-15 19:03:40.199694+00:00,30.733744360506535
2025-08-15 19:03:40.571956+00:00,30.738894985202933
2025-08-15 19:03:41.633156+00:00,30.74404561019037
2025-08-15 19:03:42.837007+00:00,30.733744360506535
2025-08-15 19:03:43.014986+00:00,30.74404561019037
2025-08-15 19:03:43.262800+00:00,30.74404561019037
2025-08-15 19:03:46.655495+00:00,30.74404561019037
2025-08-15 19:03:48.869031+00:00,30.738894985202933
2025-08-15 19:03:49.311287+00:00,30.738894985202933
2025-08-15 19:03:49.496933+00:00,30.749196235468844
2025-08-15 19:03:50.124915+00:00,30.74404561019037
2025-08-15 19:03:54.056362+00:00,30.74404561019037
2025-08-15 19:03:54.290677+00:00,30.754346861038357
2025-08-15 19:03:54.537994+00:00,30.74404561019037
2025-08-15 19:03:54.785235+00:00,30.749196235468844
2025-08-15 19:03:55.020026+00:00,30.74404561019037
2025-08-15 19:03:55.277160+00:00,30.749196235468844
2025-08-15 19:03:55.520494+00:00,30.75949748689891
2025-08-15 19:03:57.073196+00:00,30.74404561019037
2025-08-15 19:04:01.220526+00:00,30.749196235468844
2025-08-15 19:04:02.937074+00:00,30.754346861038357
2025-08-15 19:04:05.717341+00:00,30.754346861038357
2025-08-15 19:04:06.080165+00:00,30.754346861038357
2025-08-15 19:04:09.339423+00:00,30.75949748689891
2025-08-15 19:04:12.176822+00:00,30.780099993251497
2025-08-15 19:04:12.996394+00:00,30.754346861038357
2025-08-15 19:04:13.430746+00:00,30.764648113050498
2025-08-15 19:04:15.403854+00:00,30.749196235468844
2025-08-15 19:04:18.271773+00:00,30.75949748689891
2025-08-15 19:04:19.085698+00:00,30.754346861038357
2025-08-15 19:04:20.206547+00:00,30.764648113050498
2025-08-15 19:04:21.048153+00:00,30.764648113050498
2025-08-15 19:04:22.195946+00:00,30.749196235468844
2025-08-15 19:04:23.176003+00:00,30.754346861038357
2025-08-15 19:04:23.482811+00:00,30.75949748689891
2025-08-15 19:04:23.882385+00:00,30.769798739493126
2025-08-15 19:04:24.890156+00:00,30.75949748689891
2025-08-15 19:04:25.302706+00:00,30.769798739493126
2025-08-15 19:04:25.496534+00:00,30.764648113050498
2025-08-15 19:04:25.713625+00:00,30.75949748689891
2025-08-15 19:04:27.603379+00:00,30.764648113050498
2025-08-15 19:04:27.860664+00:00,30.749196235468844
2025-08-15 19:04:28.757363+00:00,30.749196235468844
2025-08-15 19:04:29.284117+00:00,30.754346861038357
2025-08-15 19:04:29.699386+00:00,30.749196235468844
2025-08-15 19:04:30.212286+00:00,30.754346861038357
2025-08-15 19:04:30.746367+00:00,30.754346861038357
2025-08-15 19:04:34.657877+00:00,30.75949748689891
2025-08-15 19:04:35.280012+00:00,30.738894985202933
2025-08-15 19:04:36.625805+00:00,30.74404561019037
2025-08-15 19:04:36.981499+00:00,30.754346861038357
2025-08-15 19:04:38.329551+00:00,30.74404561019037
2025-08-15 19:04:39.715450+00:00,30.74404561019037
2025-08-15 19:04:40.289242+00:00,30.733744360506535
2025-08-15 19:04:40.638534+00:00,30.738894985202933
2025-08-15 19:04:41.948636+00:00,30.738894985202933
2025-08-15 19:04:42.315112+00:00,30.733744360506535
2025-08-15 19:04:43.325474+00:00,30.728593736101175
2025-08-15 19:04:43.726756+00:00,30.738894985202933
2025-08-15 19:04:47.877318+00:00,30.74404561019037
2025-08-15 19:04:49.113653+00:00,30.733744360506535
2025-08-15 19:04:49.682088+00:00,30.733744360506535
2025-08-15 19:04:49.891857+00:00,30.74404561019037
2025-08-15 19:04:50.601212+00:00,30.733744360506535
2025-08-15 19:04:51.798238+00:00,30.74404561019037
2025-08-15 19:04:51.998655+00:00,30.738894985202933
2025-08-15 19:04:53.095853+00:00,30.738894985202933
2025-08-15 19:04:53.884212+00:00,30.738894985202933
2025-08-15 19:04:54.132331+00:00,30.738894985202933
2025-08-15 19:04:55.814934+00:00,30.738894985202933
2025-08-15 19:04:56.715139+00:00,30.728593736101175
2025-08-15 19:04:58.085693+00:00,30.733744360506535
2025-08-15 19:05:00.686786+00:00,30.733744360506535
2025-08-15 19:05:05.460996+00:00,30.733744360506535
2025-08-15 19:05:05.852550+00:00,30.733744360506535
2025-08-15 19:05:06.342204+00:00,30.738894985202933
2025-08-15 19:05:12.662457+00:00,30.728593736101175
2025-08-15 19:05:13.247325+00:00,30.728593736101175
2025-08-15 19:05:13.982075+00:00,30.71829248816357
2025-08-15 19:05:14.394926+00:00,30.728593736101175
2025-08-15 19:05:19.421761+00:00,30.713141864631325
2025-08-15 19:05:20.337544+00:00,30.71829248816357
2025-08-15 19:05:21.243896+00:00,30.70799124139012
2025-08-15 19:05:22.814707+00:00,30.713141864631325
2025-08-15 19:05:29.870567+00:00,30.723443111986853
2025-08-15 19:05:30.294763+00:00,30.70799124139012
2025-08-15 19:05:36.557344+00:00,30.70284061843995
2025-08-15 19:05:40.919462+00:00,30.733744360506535
2025-08-15 19:05:41.379716+00:00,30.723443111986853
2025-08-15 19:05:42.166332+00:00,30.723443111986853
2025-08-15 19:05:42.614220+00:00,30.71829248816357
2025-08-15 19:05:43.337585+00:00,30.723443111986853
2025-08-15 19:05:49.800941+00:00,30.713141864631325
2025-08-15 19:05:50.735851+00:00,30.713141864631325
2025-08-15 19:05:51.197495+00:00,30.713141864631325
2025-08-15 19:05:52.007569+00:00,30.70799124139012
2025-08-15 19:05:54.490078+00:00,30.728593736101175
2025-08-15 19:05:55.637749+00:00,30.723443111986853
2025-08-15 19:05:59.365971+00:00,30.713141864631325
2025-08-15 19:06:00.008107+00:00,30.713141864631325
2025-08-15 19:06:07.569303+00:00,30.70799124139012
2025-08-15 19:06:08.029082+00:00,30.71829248816357
2025-08-15 19:06:08.512417+00:00,30.723443111986853
2025-08-15 19:06:08.869227+00:00,30.71829248816357
2025-08-15 19:06:13.620782+00:00,30.713141864631325
2025-08-15 19:06:13.756432+00:00,30.713141864631325
2025-08-15 19:06:14.375642+00:00,30.723443111986853
2025-08-15 19:06:14.727381+00:00,30.71829248816357
2025-08-15 19:06:14.929720+00:00,30.733744360506535
2025-08-15 19:06:15.269795+00:00,30.723443111986853
2025-08-15 19:06:16.823682+00:00,30.71829248816357
2025-08-15 19:06:17.908645+00:00,30.723443111986853
2025-08-15 19:06:18.353064+00:00,30.71829248816357
2025-08-15 19:06:18.787975+00:00,30.728593736101175
2025-08-15 19:06:19.079417+00:00,30.71829248816357
2025-08-15 19:06:19.966284+00:00,30.733744360506535
2025-08-15 19:06:20.155348+00:00,30.738894985202933
2025-08-15 19:06:20.339444+00:00,30.733744360506535
2025-08-15 19:06:20.539806+00:00,30.733744360506535
2025-08-15 19:06:20.758886+00:00,30.738894985202933
2025-08-15 19:06:21.012281+00:00,30.738894985202933
2025-08-15 19:06:21.227553+00:00,30.738894985202933
2025-08-15 19:06:21.452158+00:00,30.749196235468844
2025-08-15 19:06:21.714964+00:00,30.738894985202933
2025-08-15 19:06:21.978626+00:00,30.733744360506535
2025-08-15 19:06:22.197968+00:00,30.733744360506535
2025-08-15 19:06:23.901015+00:00,30.738894985202933
2025-08-15 19:06:25.656622+00:00,30.723443111986853
2025-08-15 19:06:26.667053+00:00,30.733744360506535
2025-08-15 19:06:27.847806+00:00,30.733744360506535
2025-08-15 19:06:28.490724+00:00,30.738894985202933
2025-08-15 19:06:29.242119+00:00,30.733744360506535
2025-08-15 19:06:32.192215+00:00,30.738894985202933
2025-08-15 19:06:34.423554+00:00,30.738894985202933
2025-08-15 19:06:34.620080+00:00,30.728593736101175
2025-08-15 19:06:35.030370+00:00,30.728593736101175
2025-08-15 19:06:35.225564+00:00,30.738894985202933
2025-08-15 19:06:35.936933+00:00,30.733744360506535
2025-08-15 19:06:37.766167+00:00,30.728593736101175
2025-08-15 19:06:39.454962+00:00,30.723443111986853
2025-08-15 19:06:39.928386+00:00,30.71829248816357
2025-08-15 19:06:40.465120+00:00,30.713141864631325
2025-08-15 19:06:40.769080+00:00,30.728593736101175
2025-08-15 19:06:42.248325+00:00,30.723443111986853
2025-08-15 19:06:44.747533+00:00,30.71829248816357
2025-08-15 19:06:45.157184+00:00,30.733744360506535
2025-08-15 19:06:45.433852+00:00,30.733744360506535
2025-08-15 19:06:45.784404+00:00,30.728593736101175
2025-08-15 19:06:49.669863+00:00,30.71829248816357
2025-08-15 19:06:50.147427+00:00,30.723443111986853
2025-08-15 19:06:50.732118+00:00,30.723443111986853
2025-08-15 19:06:52.703182+00:00,30.713141864631325
2025-08-15 19:06:53.591840+00:00,30.728593736101175
2025-08-15 19:06:54.083882+00:00,30.733744360506535
2025-08-15 19:06:55.654246+00:00,30.723443111986853
2025-08-15 19:07:10.402033+00:00,30.738894985202933
2025-08-15 19:07:11.110156+00:00,30.733744360506535
2025-08-15 19:07:11.568501+00:00,30.733744360506535
2025-08-15 19:07:13.650564+00:00,30.733744360506535
2025-08-15 19:07:14.360868+00:00,30.723443111986853
2025-08-15 19:07:14.727868+00:00,30.733744360506535
2025-08-15 19:07:20.460170+00:00,30.728593736101175
2025-08-15 19:07:20.962647+00:00,30.723443111986853
2025-08-15 19:07:22.391510+00:00,30.733744360506535
2025-08-15 19:07:23.744167+00:00,30.733744360506535
2025-08-15 19:07:24.179769+00:00,30.728593736101175
2025-08-15 19:07:26.838086+00:00,30.71829248816357
2025-08-15 19:07:28.019031+00:00,30.733744360506535
2025-08-15 19:07:29.180928+00:00,30.738894985202933
2025-08-15 19:07:32.972187+00:00,30.728593736101175
2025-08-15 19:07:34.199835+00:00,30.733744360506535
2025-08-15 19:07:34.625401+00:00,30.733744360506535
2025-08-15 19:07:35.026148+00:00,30.733744360506535
2025-08-15 19:07:35.737511+00:00,30.738894985202933
2025-08-15 19:07:35.969925+00:00,30.738894985202933
2025-08-15 19:07:36.197406+00:00,30.723443111986853
2025-08-15 19:07:36.694751+00:00,30.733744360506535
2025-08-15 19:07:36.886546+00:00,30.733744360506535
2025-08-15 19:07:37.161932+00:00,30.733744360506535
2025-08-15 19:07:37.658669+00:00,30.728593736101175
2025-08-15 19:07:39.161959+00:00,30.728593736101175
2025-08-15 19:07:39.351147+00:00,30.74404561019037
2025-08-15 19:07:39.578402+00:00,30.74404561019037
2025-08-15 19:07:39.840219+00:00,30.733744360506535
2025-08-15 19:07:39.990421+00:00,30.74404561019037
2025-08-15 19:07:40.424805+00:00,30.738894985202933
2025-08-15 19:07:40.650054+00:00,30.74404561019037
2025-08-15 19:07:41.591491+00:00,30.733744360506535
2025-08-15 19:07:42.481384+00:00,30.733744360506535
2025-08-15 19:07:43.585902+00:00,30.733744360506535
2025-08-15 19:07:46.754164+00:00,30.74404561019037
2025-08-15 19:07:47.292105+00:00,30.733744360506535
2025-08-15 19:07:49.394395+00:00,30.733744360506535
2025-08-15 19:07:51.775354+00:00,30.733744360506535
2025-08-15 19:07:52.136061+00:00,30.723443111986853
2025-08-15 19:07:53.828176+00:00,30.733744360506535
2025-08-15 19:07:54.299591+00:00,30.733744360506535
2025-08-15 19:07:57.410015+00:00,30.728593736101175
2025-08-15 19:07:57.776932+00:00,30.738894985202933
2025-08-15 19:07:58.103097+00:00,30.723443111986853
2025-08-15 19:07:58.678434+00:00,30.74404561019037
2025-08-15 19:07:59.790580+00:00,30.738894985202933
2025-08-15 19:08:05.122040+00:00,30.733744360506535
2025-08-15 19:08:05.540960+00:00,30.733744360506535
2025-08-15 19:08:07.795499+00:00,30.733744360506535
2025-08-15 19:08:09.523579+00:00,30.728593736101175
2025-08-15 19:08:10.433589+00:00,30.728593736101175
2025-08-15 19:08:18.710532+00:00,30.74404561019037
2025-08-15 19:08:21.477843+00:00,30.723443111986853
2025-08-15 19:08:22.639960+00:00,30.728593736101175
2025-08-15 19:08:23.628547+00:00,30.728593736101175
2025-08-15 19:08:24.526475+00:00,30.728593736101175
2025-08-15 19:08:25.881800+00:00,30.728593736101175
2025-08-15 19:08:26.859942+00:00,30.723443111986853
2025-08-15 19:08:27.787200+00:00,30.728593736101175
2025-08-15 19:08:28.187883+00:00,30.728593736101175
2025-08-15 19:08:30.012057+00:00,30.723443111986853
2025-08-15 19:08:31.783463+00:00,30.723443111986853
2025-08-15 19:08:34.502074+00:00,30.728593736101175
2025-08-15 19:08:35.634423+00:00,30.728593736101175
2025-08-15 19:08:36.903010+00:00,30.728593736101175
2025-08-15 19:08:37.550132+00:00,30.733744360506535
2025-08-15 19:08:38.385903+00:00,30.738894985202933
2025-08-15 19:08:38.694498+00:00,30.738894985202933
2025-08-15 19:08:39.594206+00:00,30.74404561019037
2025-08-15 19:08:42.405540+00:00,30.733744360506535
2025-08-15 19:08:43.440293+00:00,30.733744360506535
2025-08-15 19:08:44.118083+00:00,30.728593736101175
2025-08-15 19:08:44.435707+00:00,30.728593736101175
2025-08-15 19:08:45.354189+00:00,30.733744360506535
2025-08-15 19:08:45.664959+00:00,30.733744360506535
2025-08-15 19:08:46.090484+00:00,30.723443111986853
2025-08-15 19:08:46.790261+00:00,30.733744360506535
2025-08-15 19:08:49.440444+00:00,30.728593736101175
2025-08-15 19:08:50.149475+00:00,30.733744360506535
2025-08-15 19:08:50.803977+00:00,30.733744360506535
2025-08-15 19:08:51.011868+00:00,30.733744360506535
2025-08-15 19:08:51.369409+00:00,30.749196235468844
2025-08-15 19:08:51.630813+00:00,30.728593736101175
2025-08-15 19:08:52.048621+00:00,30.733744360506535
2025-08-15 19:08:52.742475+00:00,30.733744360506535
2025-08-15 19:08:53.050824+00:00,30.738894985202933
2025-08-15 19:08:53.335523+00:00,30.733744360506535
2025-08-15 19:08:53.560445+00:00,30.738894985202933
2025-08-15 19:08:55.535600+00:00,30.733744360506535
2025-08-15 19:08:55.878106+00:00,30.728593736101175
2025-08-15 19:08:56.144265+00:00,30.728593736101175
2025-08-15 19:08:56.343824+00:00,30.738894985202933
2025-08-15 19:08:56.628798+00:00,30.728593736101175
2025-08-15 19:08:56.803982+00:00,30.728593736101175
2025-08-15 19:08:58.309073+00:00,30.728593736101175
2025-08-15 19:09:01.398819+00:00,30.728593736101175
2025-08-15 19:09:01.785719+00:00,30.68223812954966
2025-08-15 19:09:02.428215+00:00,30.70799124139012
2025-08-15 19:09:04.594219+00:00,30.723443111986853
2025-08-15 19:09:05.123237+00:00,30.713141864631325
2025-08-15 19:09:05.652534+00:00,30.713141864631325
2025-08-15 19:09:10.272782+00:00,30.70284061843995
2025-08-15 19:09:10.780783+00:00,30.70799124139012
2025-08-15 19:09:15.380830+00:00,30.70799124139012
2025-08-15 19:09:17.585398+00:00,30.713141864631325
2025-08-15 19:09:18.544035+00:00,30.713141864631325
2025-08-15 19:09:19.315705+00:00,30.713141864631325
2025-08-15 19:09:20.426895+00:00,30.70284061843995
2025-08-15 19:09:23.175704+00:00,30.713141864631325
2025-08-15 19:09:24.045321+00:00,30.677087508054683
2025-08-15 19:09:26.419689+00:00,30.70799124139012
2025-08-15 19:09:27.143553+00:00,30.70799124139012
2025-08-15 19:09:28.991882+00:00,30.713141864631325
2025-08-15 19:09:29.269462+00:00,30.70799124139012
2025-08-15 19:09:35.832227+00:00,30.70284061843995
2025-08-15 19:09:36.444053+00:00,30.713141864631325
2025-08-15 19:09:36.645734+00:00,30.70799124139012
2025-08-15 19:09:38.867703+00:00,30.70799124139012
2025-08-15 19:09:41.959883+00:00,30.71829248816357
2025-08-15 19:09:42.645299+00:00,30.70799124139012
2025-08-15 19:09:44.434835+00:00,30.713141864631325
2025-08-15 19:09:45.055008+00:00,30.70799124139012
2025-08-15 19:09:46.464921+00:00,30.70284061843995
2025-08-15 19:09:50.808879+00:00,30.70284061843995
2025-08-15 19:09:52.521345+00:00,30.70799124139012
2025-08-15 19:09:52.729392+00:00,30.70799124139012
2025-08-15 19:09:55.079425+00:00,30.70799124139012
2025-08-15 19:09:58.221876+00:00,30.70799124139012
2025-08-15 19:09:59.616714+00:00,30.70284061843995
2025-08-15 19:09:59.947013+00:00,30.713141864631325
2025-08-15 19:10:00.703623+00:00,30.70799124139012
2025-08-15 19:10:01.066289+00:00,30.713141864631325
2025-08-15 19:10:01.412981+00:00,30.713141864631325
2025-08-15 19:10:04.197221+00:00,30.69768999578082
2025-08-15 19:10:05.655086+00:00,30.713141864631325
2025-08-15 19:10:07.136026+00:00,30.70284061843995
2025-08-15 19:10:07.604052+00:00,30.70284061843995
2025-08-15 19:10:11.612538+00:00,30.70799124139012
2025-08-15 19:10:11.928960+00:00,30.713141864631325
2025-08-15 19:10:12.441022+00:00,30.70284061843995
2025-08-15 19:10:17.785355+00:00,30.69768999578082
2025-08-15 19:10:19.579582+00:00,30.69768999578082
2025-08-15 19:10:19.978938+00:00,30.70284061843995
2025-08-15 19:10:20.410557+00:00,30.70284061843995
2025-08-15 19:10:23.782046+00:00,30.70284061843995
2025-08-15 19:10:25.838706+00:00,30.70284061843995
2025-08-15 19:10:28.887865+00:00,30.713141864631325
2025-08-15 19:10:29.638027+00:00,30.70799124139012
2025-08-15 19:10:30.703208+00:00,30.69768999578082
2025-08-15 19:10:33.188230+00:00,30.70799124139012
2025-08-15 19:10:36.557232+00:00,30.70799124139012
2025-08-15 19:10:36.933628+00:00,30.713141864631325
2025-08-15 19:10:37.405018+00:00,30.723443111986853
2025-08-15 19:10:42.154905+00:00,30.71829248816357
2025-08-15 19:10:42.630498+00:00,30.71829248816357
2025-08-15 19:10:43.926686+00:00,30.70799124139012
2025-08-15 19:10:44.955183+00:00,30.713141864631325
2025-08-15 19:10:51.617224+00:00,30.70799124139012
2025-08-15 19:10:53.274172+00:00,30.713141864631325
2025-08-15 19:10:53.472548+00:00,30.713141864631325
2025-08-15 19:10:55.621674+00:00,30.713141864631325
2025-08-15 19:10:56.917697+00:00,30.69768999578082
2025-08-15 19:10:57.197068+00:00,30.713141864631325
2025-08-15 19:10:57.435444+00:00,30.70799124139012
2025-08-15 19:11:00.802878+00:00,30.69768999578082
2025-08-15 19:11:04.904075+00:00,30.70799124139012
2025-08-15 19:11:05.302315+00:00,30.70284061843995
2025-08-15 19:11:05.737892+00:00,30.713141864631325
2025-08-15 19:11:09.421815+00:00,30.69768999578082
2025-08-15 19:11:12.024249+00:00,30.70799124139012
2025-08-15 19:11:12.819694+00:00,30.70799124139012
2025-08-15 19:11:13.228709+00:00,30.70799124139012
2025-08-15 19:11:14.389006+00:00,30.713141864631325
2025-08-15 19:11:19.963484+00:00,30.71829248816357
2025-08-15 19:11:20.759305+00:00,30.713141864631325
2025-08-15 19:11:21.268146+00:00,30.713141864631325
2025-08-15 19:11:21.779931+00:00,30.713141864631325
2025-08-15 19:11:22.733008+00:00,30.713141864631325
2025-08-15 19:11:22.956902+00:00,30.71829248816357
2025-08-15 19:11:23.099138+00:00,30.723443111986853
2025-08-15 19:11:23.909624+00:00,30.71829248816357
2025-08-15 19:11:25.857958+00:00,30.71829248816357
2025-08-15 19:11:27.439015+00:00,30.70799124139012
2025-08-15 19:11:28.517688+00:00,30.69253937341273
2025-08-15 19:11:29.469439+00:00,30.70799124139012
2025-08-15 19:11:29.852993+00:00,30.713141864631325
2025-08-15 19:11:32.153545+00:00,30.69253937341273
2025-08-15 19:11:34.403426+00:00,30.70284061843995
2025-08-15 19:11:35.079899+00:00,30.69253937341273
2025-08-15 19:11:35.949265+00:00,30.69253937341273
2025-08-15 19:11:36.149152+00:00,30.70284061843995
2025-08-15 19:11:36.790772+00:00,30.70284061843995
2025-08-15 19:11:37.027425+00:00,30.69768999578082
2025-08-15 19:11:37.469933+00:00,30.69768999578082
2025-08-15 19:11:37.729141+00:00,30.69253937341273
2025-08-15 19:11:38.599118+00:00,30.69768999578082
2025-08-15 19:11:38.846948+00:00,30.69768999578082
2025-08-15 19:11:39.098397+00:00,30.70284061843995
2025-08-15 19:11:39.398928+00:00,30.70284061843995
2025-08-15 19:11:41.856894+00:00,30.69768999578082
2025-08-15 19:11:43.240332+00:00,30.69253937341273
2025-08-15 19:11:46.170636+00:00,30.69253937341273
2025-08-15 19:11:49.091982+00:00,30.69253937341273
2025-08-15 19:11:49.301580+00:00,30.68223812954966
2025-08-15 19:11:49.786656+00:00,30.687388751335675
2025-08-15 19:11:50.715788+00:00,30.69253937341273
2025-08-15 19:11:51.307754+00:00,30.69253937341273
2025-08-15 19:11:52.114223+00:00,30.69253937341273
2025-08-15 19:11:52.749950+00:00,30.687388751335675
2025-08-15 19:11:53.783116+00:00,30.69253937341273
2025-08-15 19:11:55.454488+00:00,30.69253937341273
2025-08-15 19:11:57.511239+00:00,30.687388751335675
2025-08-15 19:12:00.585524+00:00,30.68223812954966
2025-08-15 19:12:02.477456+00:00,30.687388751335675
2025-08-15 19:12:05.611554+00:00,30.687388751335675
2025-08-15 19:12:12.448836+00:00,30.677087508054683
2025-08-15 19:12:12.966875+00:00,30.68223812954966
2025-08-15 19:12:17.977802+00:00,30.68223812954966
2025-08-15 19:12:18.327022+00:00,30.69253937341273
2025-08-15 19:12:18.958554+00:00,30.69253937341273
2025-08-15 19:12:20.156783+00:00,30.687388751335675
2025-08-15 19:12:23.057819+00:00,30.687388751335675
2025-08-15 19:12:24.936320+00:00,30.70284061843995
2025-08-15 19:12:25.581105+00:00,30.69253937341273
2025-08-15 19:12:27.206896+00:00,30.69253937341273
2025-08-15 19:12:27.687630+00:00,30.69768999578082
2025-08-15 19:12:28.070646+00:00,30.70284061843995
2025-08-15 19:12:28.281126+00:00,30.70799124139012
2025-08-15 19:12:29.717464+00:00,30.70284061843995
2025-08-15 19:12:32.350077+00:00,30.69768999578082
2025-08-15 19:12:33.573652+00:00,30.70799124139012
2025-08-15 19:12:33.821310+00:00,30.70284061843995
2025-08-15 19:12:34.405542+00:00,30.69768999578082
2025-08-15 19:12:36.330979+00:00,30.713141864631325
2025-08-15 19:12:36.969040+00:00,30.70284061843995
2025-08-15 19:12:37.856713+00:00,30.69768999578082
2025-08-15 19:12:38.617095+00:00,30.69253937341273
2025-08-15 19:12:39.309508+00:00,30.69768999578082
2025-08-15 19:12:40.613949+00:00,30.70284061843995
2025-08-15 19:12:42.251715+00:00,30.70284061843995
2025-08-15 19:12:43.712247+00:00,30.69253937341273
2025-08-15 19:12:44.394266+00:00,30.70284061843995
2025-08-15 19:12:47.192049+00:00,30.70284061843995
2025-08-15 19:12:51.263025+00:00,30.69768999578082
2025-08-15 19:12:51.847126+00:00,30.70284061843995
2025-08-15 19:12:52.902293+00:00,30.69768999578082
2025-08-15 19:12:56.348004+00:00,30.70284061843995
2025-08-15 19:12:57.517091+00:00,30.713141864631325
2025-08-15 19:12:59.545485+00:00,30.70284061843995
2025-08-15 19:13:00.289568+00:00,30.70284061843995
2025-08-15 19:13:00.856255+00:00,30.70799124139012
2025-08-15 19:13:01.897798+00:00,30.69768999578082
2025-08-15 19:13:06.091409+00:00,30.69768999578082
2025-08-15 19:13:06.708694+00:00,30.70284061843995
2025-08-15 19:13:10.209014+00:00,30.687388751335675
2025-08-15 19:13:10.729310+00:00,30.70284061843995
2025-08-15 19:13:12.128213+00:00,30.69768999578082
2025-08-15 19:13:12.396575+00:00,30.69768999578082
2025-08-15 19:13:12.706935+00:00,30.70799124139012
2025-08-15 19:13:12.982498+00:00,30.713141864631325
2025-08-15 19:13:13.167499+00:00,30.70799124139012
2025-08-15 19:13:13.556410+00:00,30.70284061843995
2025-08-15 19:13:13.747436+00:00,30.69768999578082
2025-08-15 19:13:13.893320+00:00,30.70284061843995
2025-08-15 19:13:14.172877+00:00,30.69768999578082
2025-08-15 19:13:16.507963+00:00,30.69253937341273
2025-08-15 19:13:26.868674+00:00,30.68223812954966
2025-08-15 19:13:27.536383+00:00,30.68223812954966
2025-08-15 19:13:28.199192+00:00,30.69253937341273
2025-08-15 19:13:28.463716+00:00,30.70284061843995
2025-08-15 19:13:29.007720+00:00,30.69253937341273
2025-08-15 19:13:29.926751+00:00,30.68223812954966
2025-08-15 19:13:31.399478+00:00,30.69253937341273
2025-08-15 19:13:31.908006+00:00,30.69253937341273
2025-08-15 19:13:35.257025+00:00,30.69253937341273
2025-08-15 19:13:39.496254+00:00,30.70284061843995
2025-08-15 19:13:40.079496+00:00,30.69253937341273
2025-08-15 19:13:41.727867+00:00,30.69253937341273
2025-08-15 19:13:43.356628+00:00,30.68223812954966
2025-08-15 19:13:43.547979+00:00,30.687388751335675
2025-08-15 19:13:43.766359+00:00,30.69768999578082
2025-08-15 19:13:44.032579+00:00,30.70799124139012
2025-08-15 19:13:44.384554+00:00,30.713141864631325
2025-08-15 19:13:44.650783+00:00,30.70284061843995
2025-08-15 19:13:44.862551+00:00,30.70799124139012
2025-08-15 19:13:45.162006+00:00,30.70799124139012
2025-08-15 19:13:46.050317+00:00,30.70284061843995
2025-08-15 19:13:46.493322+00:00,30.713141864631325
2025-08-15 19:13:46.846843+00:00,30.713141864631325
2025-08-15 19:13:47.399598+00:00,30.69253937341273
2025-08-15 19:13:49.375118+00:00,30.69253937341273
2025-08-15 19:13:49.666756+00:00,30.69253937341273
2025-08-15 19:13:52.582903+00:00,30.68223812954966
2025-08-15 19:13:52.985042+00:00,30.69253937341273
2025-08-15 19:13:53.246395+00:00,30.68223812954966
2025-08-15 19:13:54.497003+00:00,30.69253937341273
2025-08-15 19:13:56.455585+00:00,30.68223812954966
2025-08-15 19:13:56.974362+00:00,30.69768999578082
2025-08-15 19:13:57.196715+00:00,30.69253937341273
2025-08-15 19:13:58.215502+00:00,30.69253937341273
2025-08-15 19:13:58.795220+00:00,30.687388751335675
2025-08-15 19:13:59.338467+00:00,30.687388751335675
2025-08-15 19:14:01.092755+00:00,30.69253937341273
2025-08-15 19:14:01.410749+00:00,30.687388751335675
2025-08-15 19:14:02.508507+00:00,30.68223812954966
2025-08-15 19:14:03.148068+00:00,30.68223812954966
2025-08-15 19:14:03.566397+00:00,30.671936886850744
2025-08-15 19:14:09.392597+00:00,30.677087508054683
2025-08-15 19:14:12.029794+00:00,30.671936886850744
2025-08-15 19:14:12.264335+00:00,30.666786265937844
2025-08-15 19:14:12.581378+00:00,30.671936886850744
2025-08-15 19:14:14.454714+00:00,30.671936886850744
2025-08-15 19:14:15.519861+00:00,30.666786265937844
2025-08-15 19:14:16.547771+00:00,30.671936886850744
2025-08-15 19:14:18.808254+00:00,30.661635645315982
2025-08-15 19:14:19.072326+00:00,30.666786265937844
2025-08-15 19:14:19.475657+00:00,30.666786265937844
2025-08-15 19:14:20.722883+00:00,30.661635645315982
2025-08-15 19:14:20.879702+00:00,30.666786265937844
2025-08-15 19:14:21.613560+00:00,30.666786265937844
2025-08-15 19:14:22.074972+00:00,30.671936886850744
2025-08-15 19:14:22.451102+00:00,30.661635645315982
2025-08-15 19:14:22.794532+00:00,30.661635645315982
2025-08-15 19:14:24.239444+00:00,30.661635645315982
2025-08-15 19:14:25.687944+00:00,30.661635645315982
2025-08-15 19:14:26.090653+00:00,30.671936886850744
2025-08-15 19:14:26.724794+00:00,30.677087508054683
2025-08-15 19:14:27.589962+00:00,30.671936886850744
2025-08-15 19:14:28.165150+00:00,30.671936886850744
2025-08-15 19:14:31.123037+00:00,30.666786265937844
2025-08-15 19:14:32.707020+00:00,30.666786265937844
2025-08-15 19:14:33.178033+00:00,30.666786265937844
2025-08-15 19:14:33.362623+00:00,30.666786265937844
2025-08-15 19:14:33.580353+00:00,30.661635645315982
2025-08-15 19:14:34.675039+00:00,30.671936886850744
2025-08-15 19:14:35.410872+00:00,30.671936886850744
2025-08-15 19:14:36.113957+00:00,30.661635645315982
2025-08-15 19:14:36.581780+00:00,30.666786265937844
2025-08-15 19:14:37.357489+00:00,30.671936886850744
2025-08-15 19:14:38.302929+00:00,30.666786265937844
2025-08-15 19:14:38.772016+00:00,30.661635645315982
2025-08-15 19:14:39.841668+00:00,30.666786265937844
2025-08-15 19:14:40.301142+00:00,30.661635645315982
2025-08-15 19:14:40.484553+00:00,30.671936886850744
2025-08-15 19:14:40.659491+00:00,30.68223812954966
2025-08-15 19:14:41.263030+00:00,30.666786265937844
2025-08-15 19:14:41.773923+00:00,30.661635645315982
2025-08-15 19:14:43.905117+00:00,30.671936886850744
2025-08-15 19:14:44.238259+00:00,30.671936886850744
2025-08-15 19:14:44.722311+00:00,30.661635645315982
2025-08-15 19:14:45.038058+00:00,30.677087508054683
2025-08-15 19:14:45.739753+00:00,30.666786265937844
2025-08-15 19:14:48.252575+00:00,30.666786265937844
2025-08-15 19:14:48.801341+00:00,30.671936886850744
2025-08-15 19:14:49.600791+00:00,30.677087508054683
2025-08-15 19:14:49.946890+00:00,30.671936886850744
2025-08-15 19:14:50.529912+00:00,30.666786265937844
2025-08-15 19:14:50.773241+00:00,30.666786265937844
2025-08-15 19:14:51.032516+00:00,30.677087508054683
2025-08-15 19:14:51.596182+00:00,30.68223812954966
2025-08-15 19:14:52.380520+00:00,30.671936886850744
2025-08-15 19:14:53.513952+00:00,30.68223812954966
2025-08-15 19:14:54.220991+00:00,30.671936886850744
2025-08-15 19:14:54.467347+00:00,30.677087508054683
2025-08-15 19:14:54.750301+00:00,30.671936886850744
2025-08-15 19:14:57.852788+00:00,30.68223812954966
2025-08-15 19:14:59.795830+00:00,30.661635645315982
2025-08-15 19:15:01.572522+00:00,30.661635645315982
2025-08-15 19:15:05.941566+00:00,30.677087508054683
2025-08-15 19:15:09.713318+00:00,30.666786265937844
2025-08-15 19:15:12.107122+00:00,30.677087508054683
2025-08-15 19:15:14.655551+00:00,30.671936886850744
2025-08-15 19:15:15.131941+00:00,30.671936886850744
2025-08-15 19:15:18.255398+00:00,30.671936886850744
2025-08-15 19:15:21.659064+00:00,30.65648502498516
2025-08-15 19:15:22.740082+00:00,30.671936886850744
2025-08-15 19:15:24.871391+00:00,30.666786265937844
2025-08-15 19:15:29.298454+00:00,30.666786265937844
2025-08-15 19:15:30.391493+00:00,30.65648502498516
2025-08-15 19:15:34.045489+00:00,30.661635645315982
2025-08-15 19:15:34.681804+00:00,30.661635645315982
2025-08-15 19:15:35.090449+00:00,30.671936886850744
2025-08-15 19:15:35.520196+00:00,30.671936886850744
2025-08-15 19:15:39.460310+00:00,30.65648502498516
2025-08-15 19:15:39.823596+00:00,30.661635645315982
2025-08-15 19:15:43.062848+00:00,30.671936886850744
2025-08-15 19:15:44.614483+00:00,30.666786265937844
2025-08-15 19:15:44.879368+00:00,30.666786265937844
2025-08-15 19:15:46.922543+00:00,30.661635645315982
2025-08-15 19:15:48.429845+00:00,30.661635645315982
2025-08-15 19:15:48.950381+00:00,30.661635645315982
2025-08-15 19:15:49.291540+00:00,30.666786265937844
2025-08-15 19:15:50.260511+00:00,30.671936886850744
2025-08-15 19:15:52.618999+00:00,30.666786265937844
2025-08-15 19:15:53.360870+00:00,30.65648502498516
2025-08-15 19:15:57.630770+00:00,30.666786265937844
2025-08-15 19:15:58.486193+00:00,30.666786265937844
2025-08-15 19:15:59.063530+00:00,30.671936886850744
2025-08-15 19:16:00.862951+00:00,30.661635645315982
2025-08-15 19:16:01.191591+00:00,30.666786265937844
2025-08-15 19:16:01.675043+00:00,30.671936886850744
2025-08-15 19:16:02.230242+00:00,30.671936886850744
2025-08-15 19:16:02.633778+00:00,30.661635645315982
2025-08-15 19:16:02.995430+00:00,30.671936886850744
2025-08-15 19:16:03.438128+00:00,30.666786265937844
2025-08-15 19:16:03.921806+00:00,30.666786265937844
2025-08-15 19:16:09.087487+00:00,30.661635645315982
2025-08-15 19:16:11.077675+00:00,30.671936886850744
2025-08-15 19:16:13.216009+00:00,30.671936886850744
2025-08-15 19:16:13.599584+00:00,30.666786265937844
2025-08-15 19:16:13.835121+00:00,30.666786265937844
2025-08-15 19:16:14.970368+00:00,30.666786265937844
2025-08-15 19:16:15.321120+00:00,30.661635645315982
2025-08-15 19:16:15.771750+00:00,30.666786265937844
2025-08-15 19:16:20.669860+00:00,30.677087508054683
2025-08-15 19:16:22.413143+00:00,30.68223812954966
2025-08-15 19:16:24.270658+00:00,30.68223812954966
2025-08-15 19:16:26.018776+00:00,30.677087508054683
2025-08-15 19:16:28.920493+00:00,30.677087508054683
2025-08-15 19:16:29.318552+00:00,30.671936886850744
2025-08-15 19:16:31.939723+00:00,30.677087508054683
2025-08-15 19:16:32.736875+00:00,30.671936886850744
2025-08-15 19:16:35.718265+00:00,30.677087508054683
2025-08-15 19:16:36.844696+00:00,30.671936886850744
2025-08-15 19:16:38.148208+00:00,30.671936886850744
2025-08-15 19:16:39.694047+00:00,30.671936886850744
2025-08-15 19:16:40.388439+00:00,30.677087508054683
2025-08-15 19:16:41.060991+00:00,30.677087508054683
2025-08-15 19:16:41.675433+00:00,30.677087508054683
2025-08-15 19:16:42.753962+00:00,30.68223812954966
2025-08-15 19:16:47.388779+00:00,30.68223812954966
2025-08-15 19:16:48.086180+00:00,30.69253937341273
2025-08-15 19:16:48.436404+00:00,30.687388751335675
2025-08-15 19:16:49.507140+00:00,30.69768999578082
2025-08-15 19:16:50.567755+00:00,30.68223812954966
2025-08-15 19:16:51.354181+00:00,30.68223812954966
2025-08-15 19:16:52.702481+00:00,30.687388751335675
2025-08-15 19:16:53.070474+00:00,30.687388751335675
2025-08-15 19:16:54.329837+00:00,30.68223812954966
2025-08-15 19:16:55.453245+00:00,30.687388751335675
2025-08-15 19:16:56.035548+00:00,30.69253937341273
2025-08-15 19:16:58.669162+00:00,30.69768999578082
2025-08-15 19:17:00.837301+00:00,30.69253937341273
2025-08-15 19:17:04.697476+00:00,30.69253937341273
2025-08-15 19:17:06.748214+00:00,30.69768999578082
2025-08-15 19:17:08.704509+00:00,30.69768999578082
2025-08-15 19:17:11.119286+00:00,30.687388751335675
2025-08-15 19:17:14.307826+00:00,30.70284061843995
2025-08-15 19:17:15.624310+00:00,30.69768999578082
2025-08-15 19:17:17.286062+00:00,30.69768999578082
2025-08-15 19:17:18.034998+00:00,30.70799124139012
2025-08-15 19:17:18.392710+00:00,30.69768999578082
2025-08-15 19:17:18.588063+00:00,30.70799124139012
2025-08-15 19:17:18.755940+00:00,30.713141864631325
2025-08-15 19:17:21.494577+00:00,30.69768999578082
2025-08-15 19:17:22.886590+00:00,30.69253937341273
2025-08-15 19:17:24.441395+00:00,30.70284061843995
2025-08-15 19:17:26.235397+00:00,30.70284061843995
2025-08-15 19:17:26.631283+00:00,30.69768999578082
2025-08-15 19:17:27.177447+00:00,30.70284061843995
2025-08-15 19:17:27.394327+00:00,30.70799124139012
2025-08-15 19:17:27.711406+00:00,30.70799124139012
2025-08-15 19:17:29.319118+00:00,30.70799124139012
2025-08-15 19:17:29.999385+00:00,30.713141864631325
2025-08-15 19:17:30.391460+00:00,30.70799124139012
2025-08-15 19:17:36.120538+00:00,30.687388751335675
2025-08-15 19:17:36.337536+00:00,30.70799124139012
2025-08-15 19:17:36.527012+00:00,30.70799124139012
2025-08-15 19:17:36.853079+00:00,30.70799124139012
2025-08-15 19:17:37.003880+00:00,30.70284061843995
2025-08-15 19:17:37.155395+00:00,30.70284061843995
2025-08-15 19:17:37.356221+00:00,30.713141864631325
2025-08-15 19:17:38.591914+00:00,30.69253937341273
2025-08-15 19:17:38.945068+00:00,30.70284061843995
2025-08-15 19:17:39.780522+00:00,30.69768999578082
2025-08-15 19:17:44.044664+00:00,30.69253937341273
2025-08-15 19:17:46.196549+00:00,30.687388751335675
2025-08-15 19:17:47.322717+00:00,30.671936886850744
2025-08-15 19:17:49.200955+00:00,30.68223812954966
2025-08-15 19:17:51.557030+00:00,30.666786265937844
2025-08-15 19:17:51.755928+00:00,30.68223812954966
2025-08-15 19:17:53.102052+00:00,30.68223812954966
2025-08-15 19:17:53.336923+00:00,30.671936886850744
2025-08-15 19:17:55.227661+00:00,30.671936886850744
2025-08-15 19:17:56.197093+00:00,30.666786265937844
2025-08-15 19:17:56.305993+00:00,30.666786265937844
2025-08-15 19:17:58.864118+00:00,30.661635645315982
2025-08-15 19:17:59.657923+00:00,30.661635645315982
2025-08-15 19:18:00.075947+00:00,30.666786265937844
2025-08-15 19:18:08.025489+00:00,30.661635645315982
2025-08-15 19:18:08.569680+00:00,30.65648502498516
2025-08-15 19:18:10.798215+00:00,30.65648502498516
2025-08-15 19:18:11.441830+00:00,30.661635645315982
2025-08-15 19:18:11.929980+00:00,30.651334404945374
2025-08-15 19:18:12.384535+00:00,30.651334404945374
2025-08-15 19:18:13.042254+00:00,30.651334404945374
2025-08-15 19:18:13.519170+00:00,30.646183785196627
2025-08-15 19:18:14.096413+00:00,30.641033165738918
2025-08-15 19:18:14.504718+00:00,30.646183785196627
2025-08-15 19:18:15.227895+00:00,30.661635645315982
2025-08-15 19:18:20.439387+00:00,30.65648502498516
2025-08-15 19:18:22.095454+00:00,30.651334404945374
2025-08-15 19:18:22.427645+00:00,30.65648502498516
2025-08-15 19:18:23.084404+00:00,30.666786265937844
2025-08-15 19:18:23.380988+00:00,30.666786265937844
2025-08-15 19:18:25.586761+00:00,30.661635645315982
2025-08-15 19:18:26.638816+00:00,30.646183785196627
2025-08-15 19:18:26.827119+00:00,30.65648502498516
2025-08-15 19:18:27.027022+00:00,30.661635645315982
2025-08-15 19:18:27.240899+00:00,30.671936886850744
2025-08-15 19:18:27.775699+00:00,30.661635645315982
2025-08-15 19:18:28.190270+00:00,30.671936886850744
2025-08-15 19:18:28.426169+00:00,30.671936886850744
2025-08-15 19:18:29.302966+00:00,30.661635645315982
2025-08-15 19:18:33.372635+00:00,30.661635645315982
2025-08-15 19:18:35.718746+00:00,30.651334404945374
2025-08-15 19:18:38.059422+00:00,30.65648502498516
2025-08-15 19:18:39.262250+00:00,30.646183785196627
2025-08-15 19:18:39.590325+00:00,30.646183785196627
2025-08-15 19:18:39.775062+00:00,30.641033165738918
2025-08-15 19:18:39.989703+00:00,30.646183785196627
2025-08-15 19:18:40.176361+00:00,30.651334404945374
2025-08-15 19:18:40.867298+00:00,30.651334404945374
2025-08-15 19:18:41.723920+00:00,30.646183785196627
2025-08-15 19:18:41.875005+00:00,30.651334404945374
2025-08-15 19:18:42.490685+00:00,30.651334404945374
2025-08-15 19:18:43.084866+00:00,30.65648502498516
2025-08-15 19:18:43.778073+00:00,30.646183785196627
2025-08-15 19:18:44.329851+00:00,30.661635645315982
2025-08-15 19:18:44.700450+00:00,30.651334404945374
2025-08-15 19:18:46.217759+00:00,30.651334404945374
2025-08-15 19:18:49.703183+00:00,30.651334404945374
2025-08-15 19:18:49.933667+00:00,30.646183785196627
2025-08-15 19:18:50.212914+00:00,30.651334404945374
2025-08-15 19:18:50.435914+00:00,30.651334404945374
2025-08-15 19:18:50.637393+00:00,30.65648502498516
2025-08-15 19:18:52.719403+00:00,30.651334404945374
2025-08-15 19:18:52.974784+00:00,30.646183785196627
2025-08-15 19:18:53.923405+00:00,30.641033165738918
2025-08-15 19:18:54.117340+00:00,30.65648502498516
2025-08-15 19:18:55.327631+00:00,30.651334404945374
2025-08-15 19:18:55.795160+00:00,30.661635645315982
2025-08-15 19:18:55.992599+00:00,30.651334404945374
2025-08-15 19:19:02.410100+00:00,30.651334404945374
2025-08-15 19:19:03.445051+00:00,30.65648502498516
2025-08-15 19:19:12.529478+00:00,30.661635645315982
2025-08-15 19:19:12.708940+00:00,30.65648502498516
2025-08-15 19:19:14.528581+00:00,30.641033165738918
2025-08-15 19:19:17.360278+00:00,30.651334404945374
2025-08-15 19:19:19.482479+00:00,30.646183785196627
2025-08-15 19:19:20.754585+00:00,30.641033165738918
2025-08-15 19:19:21.489190+00:00,30.651334404945374
2025-08-15 19:19:22.774256+00:00,30.65648502498516
2025-08-15 19:19:23.021089+00:00,30.646183785196627
2025-08-15 19:19:23.254760+00:00,30.651334404945374
2025-08-15 19:19:23.637050+00:00,30.65648502498516
2025-08-15 19:19:24.224365+00:00,30.651334404945374
2025-08-15 19:19:27.924414+00:00,30.646183785196627
2025-08-15 19:19:28.168454+00:00,30.646183785196627
2025-08-15 19:19:28.535354+00:00,30.651334404945374
2025-08-15 19:19:29.625406+00:00,30.641033165738918
2025-08-15 19:19:29.823500+00:00,30.651334404945374
2025-08-15 19:19:33.390597+00:00,30.646183785196627
2025-08-15 19:19:34.859710+00:00,30.651334404945374
2025-08-15 19:19:40.095577+00:00,30.641033165738918
2025-08-15 19:19:40.447476+00:00,30.641033165738918
2025-08-15 19:19:41.148101+00:00,30.641033165738918
2025-08-15 19:19:41.334441+00:00,30.641033165738918
2025-08-15 19:19:42.607977+00:00,30.65648502498516
2025-08-15 19:19:44.534594+00:00,30.641033165738918
2025-08-15 19:19:47.092564+00:00,30.630731927696615
2025-08-15 19:19:48.532695+00:00,30.641033165738918
2025-08-15 19:19:51.998674+00:00,30.641033165738918
2025-08-15 19:19:52.641246+00:00,30.620430690818466
2025-08-15 19:19:53.134565+00:00,30.62558130911202
2025-08-15 19:19:54.433362+00:00,30.620430690818466
2025-08-15 19:19:55.246833+00:00,30.620430690818466
2025-08-15 19:19:56.209263+00:00,30.62558130911202
2025-08-15 19:19:56.466874+00:00,30.62558130911202
2025-08-15 19:19:58.350310+00:00,30.62558130911202
2025-08-15 19:19:58.908863+00:00,30.620430690818466
2025-08-15 19:20:00.648125+00:00,30.630731927696615
2025-08-15 19:20:05.022019+00:00,30.620430690818466
2025-08-15 19:20:05.449209+00:00,30.62558130911202
2025-08-15 19:20:05.771081+00:00,30.620430690818466
2025-08-15 19:20:06.131537+00:00,30.620430690818466
2025-08-15 19:20:08.923866+00:00,30.61528007281595
2025-08-15 19:20:10.950310+00:00,30.620430690818466
2025-08-15 19:20:11.775158+00:00,30.620430690818466
2025-08-15 19:20:19.107524+00:00,30.620430690818466
2025-08-15 19:20:20.126489+00:00,30.62558130911202
2025-08-15 19:20:22.850493+00:00,30.620430690818466
2025-08-15 19:20:24.815410+00:00,30.620430690818466
2025-08-15 19:20:29.762627+00:00,30.61528007281595
2025-08-15 19:20:30.228778+00:00,30.5792257549474
2025-08-15 19:20:33.122645+00:00,30.55862329399679
2025-08-15 19:20:35.799408+00:00,30.548322065267712
2025-08-15 19:20:36.894399+00:00,30.527719611302018
2025-08-15 19:20:43.207696+00:00,30.507117161992937
2025-08-15 19:20:43.399185+00:00,30.507117161992937
2025-08-15 19:20:43.617562+00:00,30.507117161992937
2025-08-15 19:20:43.851296+00:00,30.507117161992937
2025-08-15 19:20:44.075456+00:00,30.51226777388365
2025-08-15 19:20:47.148303+00:00,30.51226777388365
2025-08-15 19:20:48.788581+00:00,30.496815939084627
2025-08-15 19:20:49.132898+00:00,30.48651471734047
2025-08-15 19:20:49.399147+00:00,30.496815939084627
2025-08-15 19:20:50.017460+00:00,30.49166532806703
2025-08-15 19:20:53.853329+00:00,30.507117161992937
2025-08-15 19:20:54.095371+00:00,30.501966550393263
2025-08-15 19:20:54.298434+00:00,30.496815939084627
2025-08-15 19:20:54.537162+00:00,30.507117161992937
2025-08-15 19:20:54.747299+00:00,30.501966550393263
2025-08-15 19:20:54.964307+00:00,30.507117161992937
2025-08-15 19:20:57.036938+00:00,30.496815939084627
2025-08-15 19:20:58.893357+00:00,30.49166532806703
2025-08-15 19:21:00.665793+00:00,30.51226777388365
2025-08-15 19:21:04.539127+00:00,30.5174183860654
2025-08-15 19:21:04.965812+00:00,30.51226777388365
2025-08-15 19:21:06.714294+00:00,30.507117161992937
2025-08-15 19:21:07.490448+00:00,30.51226777388365
2025-08-15 19:21:08.200325+00:00,30.5174183860654
2025-08-15 19:21:08.706027+00:00,30.5174183860654
2025-08-15 19:21:14.080587+00:00,30.548322065267712
2025-08-15 19:21:15.458067+00:00,30.54317145133973
2025-08-15 19:21:16.301788+00:00,30.55347267948673
2025-08-15 19:21:18.564929+00:00,30.563773908797884
2025-08-15 19:21:19.561743+00:00,30.55862329399679
2025-08-15 19:21:20.079236+00:00,30.57407513927319
2025-08-15 19:21:21.884815+00:00,30.55862329399679
2025-08-15 19:21:22.656884+00:00,30.5792257549474
2025-08-15 19:21:24.474817+00:00,30.589526987168938
2025-08-15 19:21:25.010037+00:00,30.5792257549474
2025-08-15 19:21:26.129501+00:00,30.58437637091265
2025-08-15 19:21:27.608968+00:00,30.5792257549474
2025-08-15 19:21:29.456097+00:00,30.599828220554627
2025-08-15 19:21:30.572568+00:00,30.589526987168938
2025-08-15 19:21:31.173006+00:00,30.594677603716264
2025-08-15 19:21:32.254471+00:00,30.589526987168938
2025-08-15 19:21:34.307671+00:00,30.60497883768403
2025-08-15 19:21:35.594239+00:00,30.61012945510447
2025-08-15 19:21:36.679499+00:00,30.60497883768403
2025-08-15 19:21:37.923900+00:00,30.60497883768403
2025-08-15 19:21:38.748259+00:00,30.599828220554627
2025-08-15 19:21:39.666999+00:00,30.599828220554627
2025-08-15 19:21:39.963152+00:00,30.61012945510447
2025-08-15 19:21:41.489266+00:00,30.599828220554627
2025-08-15 19:21:43.690572+00:00,30.620430690818466
2025-08-15 19:21:44.229740+00:00,30.620430690818466
2025-08-15 19:21:49.098230+00:00,30.646183785196627
2025-08-15 19:21:50.912667+00:00,30.651334404945374
2025-08-15 19:21:53.106096+00:00,30.68223812954966
2025-08-15 19:21:53.993693+00:00,30.671936886850744
2025-08-15 19:21:54.606891+00:00,30.68223812954966
2025-08-15 19:21:55.364310+00:00,30.677087508054683
2025-08-15 19:21:55.572954+00:00,30.666786265937844
2025-08-15 19:21:56.989476+00:00,30.651334404945374
2025-08-15 19:21:58.857070+00:00,30.651334404945374
2025-08-15 19:22:01.659976+00:00,30.641033165738918
2025-08-15 19:22:05.219082+00:00,30.630731927696615
2025-08-15 19:22:06.422367+00:00,30.620430690818466
2025-08-15 19:22:12.006910+00:00,30.620430690818466
2025-08-15 19:22:12.357566+00:00,30.61528007281595
2025-08-15 19:22:12.791706+00:00,30.61528007281595
2025-08-15 19:22:14.472445+00:00,30.61012945510447
2025-08-15 19:22:14.724138+00:00,30.61012945510447
2025-08-15 19:22:14.941509+00:00,30.61012945510447
2025-08-15 19:22:15.664516+00:00,30.62558130911202
2025-08-15 19:22:17.878539+00:00,30.61012945510447
2025-08-15 19:22:18.346909+00:00,30.599828220554627
2025-08-15 19:22:18.600834+00:00,30.61528007281595
2025-08-15 19:22:18.960091+00:00,30.61528007281595
2025-08-15 19:22:21.896072+00:00,30.61528007281595
2025-08-15 19:22:23.221257+00:00,30.61012945510447
2025-08-15 19:22:24.804399+00:00,30.620430690818466
2025-08-15 19:22:25.006117+00:00,30.620430690818466
2025-08-15 19:22:25.278465+00:00,30.620430690818466
2025-08-15 19:22:25.722304+00:00,30.62558130911202
2025-08-15 19:22:26.073276+00:00,30.61012945510447
2025-08-15 19:22:27.685324+00:00,30.620430690818466
2025-08-15 19:22:29.414055+00:00,30.62558130911202
2025-08-15 19:22:30.778427+00:00,30.61528007281595
2025-08-15 19:22:32.437404+00:00,30.62558130911202
2025-08-15 19:22:33.071408+00:00,30.62558130911202
2025-08-15 19:22:35.012716+00:00,30.641033165738918
2025-08-15 19:22:36.150493+00:00,30.630731927696615
2025-08-15 19:22:38.783559+00:00,30.635882546572248
2025-08-15 19:22:39.327263+00:00,30.641033165738918
2025-08-15 19:22:39.889090+00:00,30.641033165738918
2025-08-15 19:22:40.093993+00:00,30.641033165738918
2025-08-15 19:22:47.570590+00:00,30.646183785196627
2025-08-15 19:22:48.813421+00:00,30.641033165738918
2025-08-15 19:22:49.296666+00:00,30.641033165738918
2025-08-15 19:22:50.551205+00:00,30.630731927696615
2025-08-15 19:22:52.566475+00:00,30.630731927696615
2025-08-15 19:22:53.819830+00:00,30.635882546572248
2025-08-15 19:22:56.034378+00:00,30.635882546572248
2025-08-15 19:22:58.388395+00:00,30.635882546572248
2025-08-15 19:23:00.155149+00:00,30.641033165738918
2025-08-15 19:23:01.326792+00:00,30.641033165738918
2025-08-15 19:23:06.750430+00:00,30.630731927696615
2025-08-15 19:23:11.489008+00:00,30.630731927696615
2025-08-15 19:23:12.846662+00:00,30.651334404945374
2025-08-15 19:23:13.072018+00:00,30.65648502498516
2025-08-15 19:23:13.488070+00:00,30.651334404945374
2025-08-15 19:23:13.822303+00:00,30.661635645315982
2025-08-15 19:23:17.197324+00:00,30.661635645315982
2025-08-15 19:23:18.960262+00:00,30.666786265937844
2025-08-15 19:23:19.479488+00:00,30.671936886850744
2025-08-15 19:23:19.680271+00:00,30.68223812954966
2025-08-15 19:23:20.198477+00:00,30.671936886850744
2025-08-15 19:23:21.129992+00:00,30.666786265937844
2025-08-15 19:23:21.501087+00:00,30.677087508054683
2025-08-15 19:23:22.790328+00:00,30.666786265937844
2025-08-15 19:23:23.473765+00:00,30.671936886850744
2025-08-15 19:23:24.828552+00:00,30.69253937341273
2025-08-15 19:23:25.111146+00:00,30.70284061843995
2025-08-15 19:23:25.456015+00:00,30.687388751335675
2025-08-15 19:23:26.123471+00:00,30.69253937341273
2025-08-15 19:23:26.513433+00:00,30.687388751335675
2025-08-15 19:23:28.755314+00:00,30.687388751335675
2025-08-15 19:23:29.322118+00:00,30.68223812954966
2025-08-15 19:23:30.611451+00:00,30.68223812954966
2025-08-15 19:23:31.771198+00:00,30.68223812954966
2025-08-15 19:23:34.971447+00:00,30.68223812954966
2025-08-15 19:23:35.862898+00:00,30.68223812954966
2025-08-15 19:23:36.117233+00:00,30.677087508054683
2025-08-15 19:23:36.511641+00:00,30.687388751335675
2025-08-15 19:23:38.675290+00:00,30.68223812954966
2025-08-15 19:23:39.219498+00:00,30.68223812954966
2025-08-15 19:23:41.579082+00:00,30.68223812954966
2025-08-15 19:23:41.793050+00:00,30.69768999578082
2025-08-15 19:23:41.986089+00:00,30.69253937341273
2025-08-15 19:23:42.345221+00:00,30.69768999578082
2025-08-15 19:23:42.654037+00:00,30.70284061843995
2025-08-15 19:23:42.970698+00:00,30.69768999578082
2025-08-15 19:23:43.597114+00:00,30.70284061843995
2025-08-15 19:23:44.785071+00:00,30.69253937341273
2025-08-15 19:23:53.236791+00:00,30.69768999578082
2025-08-15 19:23:53.737984+00:00,30.70284061843995
2025-08-15 19:23:54.005235+00:00,30.70284061843995
2025-08-15 19:23:54.975184+00:00,30.70799124139012
2025-08-15 19:23:56.562766+00:00,30.713141864631325
2025-08-15 19:23:57.155429+00:00,30.713141864631325
2025-08-15 19:23:58.225767+00:00,30.70284061843995
2025-08-15 19:23:59.311403+00:00,30.713141864631325
2025-08-15 19:24:01.802042+00:00,30.713141864631325
2025-08-15 19:24:02.840965+00:00,30.713141864631325
2025-08-15 19:24:03.197160+00:00,30.70799124139012
2025-08-15 19:24:04.097477+00:00,30.71829248816357
2025-08-15 19:24:13.637438+00:00,30.70799124139012
2025-08-15 19:24:13.813574+00:00,30.69253937341273
2025-08-15 19:24:17.734886+00:00,30.713141864631325
2025-08-15 19:24:18.310443+00:00,30.713141864631325
2025-08-15 19:24:19.500443+00:00,30.70799124139012
2025-08-15 19:24:21.264996+00:00,30.713141864631325
2025-08-15 19:24:24.107828+00:00,30.70799124139012
2025-08-15 19:24:24.667469+00:00,30.713141864631325
2025-08-15 19:24:24.944064+00:00,30.713141864631325
2025-08-15 19:24:25.259396+00:00,30.71829248816357
2025-08-15 19:24:26.269823+00:00,30.713141864631325
2025-08-15 19:24:27.475399+00:00,30.713141864631325
2025-08-15 19:24:28.196470+00:00,30.713141864631325
2025-08-15 19:24:28.994419+00:00,30.70799124139012
2025-08-15 19:24:29.229047+00:00,30.71829248816357
2025-08-15 19:24:30.683592+00:00,30.71829248816357
2025-08-15 19:24:31.599668+00:00,30.728593736101175
2025-08-15 19:24:34.959328+00:00,30.738894985202933
2025-08-15 19:24:38.822074+00:00,30.74404561019037
2025-08-15 19:24:40.426891+00:00,30.749196235468844
2025-08-15 19:24:41.353432+00:00,30.738894985202933
2025-08-15 19:24:53.466211+00:00,30.68223812954966
2025-08-15 19:24:55.402098+00:00,30.671936886850744
2025-08-15 19:24:55.698462+00:00,30.671936886850744
2025-08-15 19:24:55.956088+00:00,30.677087508054683
2025-08-15 19:24:56.150652+00:00,30.677087508054683
2025-08-15 19:24:56.398860+00:00,30.687388751335675
2025-08-15 19:24:56.600750+00:00,30.68223812954966
2025-08-15 19:24:56.820196+00:00,30.68223812954966
2025-08-15 19:24:58.807891+00:00,30.68223812954966
2025-08-15 19:24:58.957685+00:00,30.671936886850744
2025-08-15 19:24:59.151473+00:00,30.677087508054683
2025-08-15 19:24:59.351194+00:00,30.68223812954966
2025-08-15 19:24:59.543169+00:00,30.68223812954966
2025-08-15 19:24:59.769498+00:00,30.677087508054683
2025-08-15 19:24:59.970299+00:00,30.677087508054683
2025-08-15 19:25:05.132732+00:00,30.677087508054683
2025-08-15 19:25:05.879976+00:00,30.671936886850744
2025-08-15 19:25:06.899646+00:00,30.677087508054683
2025-08-15 19:25:09.210905+00:00,30.687388751335675
2025-08-15 19:25:11.341769+00:00,30.677087508054683
2025-08-15 19:25:12.810397+00:00,30.687388751335675
2025-08-15 19:25:13.655082+00:00,30.70284061843995
2025-08-15 19:25:18.832183+00:00,30.70284061843995
2025-08-15 19:25:20.102365+00:00,30.69768999578082
2025-08-15 19:25:20.521404+00:00,30.70799124139012
2025-08-15 19:25:20.974513+00:00,30.70799124139012
2025-08-15 19:25:21.534090+00:00,30.71829248816357
2025-08-15 19:25:21.959180+00:00,30.71829248816357
2025-08-15 19:25:23.500459+00:00,30.70284061843995
2025-08-15 19:25:27.651430+00:00,30.69253937341273
2025-08-15 19:25:28.209519+00:00,30.69768999578082
2025-08-15 19:25:28.789048+00:00,30.68223812954966
2025-08-15 19:25:30.170641+00:00,30.677087508054683
2025-08-15 19:25:30.743365+00:00,30.666786265937844
2025-08-15 19:25:35.666800+00:00,30.677087508054683
2025-08-15 19:25:36.607775+00:00,30.646183785196627
2025-08-15 19:25:42.959717+00:00,30.61012945510447
2025-08-15 19:25:43.410788+00:00,30.61012945510447
2025-08-15 19:25:44.869700+00:00,30.61012945510447
2025-08-15 19:25:47.598645+00:00,30.599828220554627
2025-08-15 19:25:49.317104+00:00,30.60497883768403
2025-08-15 19:25:49.526717+00:00,30.599828220554627
2025-08-15 19:25:50.196993+00:00,30.599828220554627
2025-08-15 19:25:51.582289+00:00,30.599828220554627
2025-08-15 19:25:56.785781+00:00,30.61012945510447
2025-08-15 19:25:57.493816+00:00,30.61012945510447
2025-08-15 19:25:57.721902+00:00,30.60497883768403
2025-08-15 19:25:57.893530+00:00,30.61012945510447
2025-08-15 19:25:58.134579+00:00,30.620430690818466
2025-08-15 19:25:58.985078+00:00,30.61012945510447
2025-08-15 19:25:59.811469+00:00,30.620430690818466
2025-08-15 19:26:02.758293+00:00,30.620430690818466
2025-08-15 19:26:03.229848+00:00,30.62558130911202
2025-08-15 19:26:04.716595+00:00,30.630731927696615
2025-08-15 19:26:10.974456+00:00,30.630731927696615
2025-08-15 19:26:12.605182+00:00,30.641033165738918
2025-08-15 19:26:12.859887+00:00,30.630731927696615
2025-08-15 19:26:13.050163+00:00,30.651334404945374
2025-08-15 19:26:14.527062+00:00,30.651334404945374
2025-08-15 19:26:16.004930+00:00,30.651334404945374
2025-08-15 19:26:16.445230+00:00,30.651334404945374
2025-08-15 19:26:17.468993+00:00,30.651334404945374
2025-08-15 19:26:19.924323+00:00,30.65648502498516
2025-08-15 19:26:25.725914+00:00,30.651334404945374
2025-08-15 19:26:26.794690+00:00,30.68223812954966
2025-08-15 19:26:26.942949+00:00,30.68223812954966
2025-08-15 19:26:27.665308+00:00,30.69253937341273
2025-08-15 19:26:29.151210+00:00,30.677087508054683
2025-08-15 19:26:29.726510+00:00,30.687388751335675
2025-08-15 19:26:29.933182+00:00,30.69253937341273
2025-08-15 19:26:31.682635+00:00,30.69253937341273
2025-08-15 19:26:35.071856+00:00,30.70284061843995
2025-08-15 19:26:35.278991+00:00,30.687388751335675
2025-08-15 19:26:35.460506+00:00,30.69253937341273
2025-08-15 19:26:37.117687+00:00,30.687388751335675
2025-08-15 19:26:37.484722+00:00,30.69768999578082
2025-08-15 19:26:41.893810+00:00,30.69768999578082
2025-08-15 19:26:42.158708+00:00,30.69768999578082
2025-08-15 19:26:42.477524+00:00,30.70284061843995
2025-08-15 19:26:42.658018+00:00,30.70284061843995
2025-08-15 19:26:42.867641+00:00,30.69768999578082
2025-08-15 19:26:43.071475+00:00,30.70284061843995
2025-08-15 19:26:43.250924+00:00,30.70284061843995
2025-08-15 19:26:46.827587+00:00,30.69253937341273
2025-08-15 19:26:48.549686+00:00,30.69253937341273
2025-08-15 19:26:50.025743+00:00,30.687388751335675
2025-08-15 19:26:50.385921+00:00,30.69253937341273
2025-08-15 19:26:50.694411+00:00,30.68223812954966
2025-08-15 19:26:54.374097+00:00,30.69768999578082
2025-08-15 19:26:55.319235+00:00,30.69253937341273
2025-08-15 19:26:55.653745+00:00,30.687388751335675
2025-08-15 19:27:00.275313+00:00,30.69253937341273
2025-08-15 19:27:02.892126+00:00,30.687388751335675
2025-08-15 19:27:03.559862+00:00,30.677087508054683
2025-08-15 19:27:05.948637+00:00,30.69253937341273
2025-08-15 19:27:06.322618+00:00,30.68223812954966
2025-08-15 19:27:06.858641+00:00,30.677087508054683
2025-08-15 19:27:09.056550+00:00,30.68223812954966
2025-08-15 19:27:11.027640+00:00,30.671936886850744
2025-08-15 19:27:14.528652+00:00,30.666786265937844
2025-08-15 19:27:14.929494+00:00,30.65648502498516
2025-08-15 19:27:15.488948+00:00,30.671936886850744
2025-08-15 19:27:16.264125+00:00,30.671936886850744
2025-08-15 19:27:17.205215+00:00,30.671936886850744
2025-08-15 19:27:19.515636+00:00,30.661635645315982
2025-08-15 19:27:20.899986+00:00,30.65648502498516
2025-08-15 19:27:21.489953+00:00,30.661635645315982
2025-08-15 19:27:21.909368+00:00,30.651334404945374
2025-08-15 19:27:25.457294+00:00,30.651334404945374
2025-08-15 19:27:26.256461+00:00,30.641033165738918
2025-08-15 19:27:26.624146+00:00,30.646183785196627
2025-08-15 19:27:28.030336+00:00,30.641033165738918
2025-08-15 19:27:29.212127+00:00,30.641033165738918
2025-08-15 19:27:29.378538+00:00,30.635882546572248
2025-08-15 19:27:29.831568+00:00,30.641033165738918
2025-08-15 19:27:30.506825+00:00,30.641033165738918
2025-08-15 19:27:31.358858+00:00,30.630731927696615
2025-08-15 19:27:33.965389+00:00,30.635882546572248
2025-08-15 19:27:34.643502+00:00,30.635882546572248
2025-08-15 19:27:35.779964+00:00,30.630731927696615
2025-08-15 19:27:36.429843+00:00,30.630731927696615
2025-08-15 19:27:37.176156+00:00,30.635882546572248
2025-08-15 19:27:38.674640+00:00,30.62558130911202
2025-08-15 19:27:39.677478+00:00,30.630731927696615
2025-08-15 19:27:39.892291+00:00,30.635882546572248
2025-08-15 19:27:40.257089+00:00,30.635882546572248
2025-08-15 19:27:42.417549+00:00,30.630731927696615
2025-08-15 19:27:48.937768+00:00,30.620430690818466
2025-08-15 19:27:49.475056+00:00,30.620430690818466
2025-08-15 19:27:50.184405+00:00,30.620430690818466
2025-08-15 19:27:52.758692+00:00,30.620430690818466
2025-08-15 19:27:52.958403+00:00,30.620430690818466
2025-08-15 19:27:53.243675+00:00,30.61528007281595
2025-08-15 19:27:55.739590+00:00,30.61528007281595
2025-08-15 19:27:57.317083+00:00,30.61528007281595
2025-08-15 19:27:57.907707+00:00,30.61012945510447
2025-08-15 19:28:00.146526+00:00,30.60497883768403
2025-08-15 19:28:01.722246+00:00,30.599828220554627
2025-08-15 19:28:04.664829+00:00,30.60497883768403
2025-08-15 19:28:05.664410+00:00,30.60497883768403
2025-08-15 19:28:06.214394+00:00,30.61012945510447
2025-08-15 19:28:12.198100+00:00,30.60497883768403
2025-08-15 19:28:12.632161+00:00,30.5792257549474
2025-08-15 19:28:13.508341+00:00,30.589526987168938
2025-08-15 19:28:14.112136+00:00,30.5792257549474
2025-08-15 19:28:17.513769+00:00,30.58437637091265
2025-08-15 19:28:18.055203+00:00,30.58437637091265
2025-08-15 19:28:18.496376+00:00,30.5792257549474
2025-08-15 19:28:20.001835+00:00,30.5792257549474
2025-08-15 19:28:20.437255+00:00,30.58437637091265
2025-08-15 19:28:21.249285+00:00,30.58437637091265
2025-08-15 19:28:22.794460+00:00,30.57407513927319
2025-08-15 19:28:23.638036+00:00,30.56892452389002
2025-08-15 19:28:25.209591+00:00,30.56892452389002
2025-08-15 19:28:25.707771+00:00,30.563773908797884
2025-08-15 19:28:27.909858+00:00,30.56892452389002
2025-08-15 19:28:28.275435+00:00,30.55862329399679
2025-08-15 19:28:29.132690+00:00,30.563773908797884
2025-08-15 19:28:30.221672+00:00,30.57407513927319
2025-08-15 19:28:33.814301+00:00,30.55862329399679
2025-08-15 19:28:35.446178+00:00,30.55862329399679
2025-08-15 19:28:37.869214+00:00,30.55862329399679
2025-08-15 19:28:38.854643+00:00,30.55347267948673
2025-08-15 19:28:40.100183+00:00,30.548322065267712
2025-08-15 19:28:41.487310+00:00,30.55347267948673
2025-08-15 19:28:46.326567+00:00,30.527719611302018
2025-08-15 19:28:48.965763+00:00,30.55347267948673
2025-08-15 19:28:49.317730+00:00,30.53802083770279
2025-08-15 19:28:54.953341+00:00,30.55347267948673
2025-08-15 19:28:55.190772+00:00,30.548322065267712
2025-08-15 19:28:55.365267+00:00,30.548322065267712
2025-08-15 19:28:56.440946+00:00,30.527719611302018
2025-08-15 19:28:57.242589+00:00,30.548322065267712
2025-08-15 19:29:03.703389+00:00,30.5174183860654
2025-08-15 19:29:04.041858+00:00,30.5174183860654
2025-08-15 19:29:05.161391+00:00,30.5174183860654
2025-08-15 19:29:10.141532+00:00,30.507117161992937
2025-08-15 19:29:12.256103+00:00,30.51226777388365
2025-08-15 19:29:13.700752+00:00,30.501966550393263
2025-08-15 19:29:13.877801+00:00,30.501966550393263
2025-08-15 19:29:14.455265+00:00,30.496815939084627
2025-08-15 19:29:15.500635+00:00,30.496815939084627
2025-08-15 19:29:15.877712+00:00,30.501966550393263
2025-08-15 19:29:17.477772+00:00,30.507117161992937
2025-08-15 19:29:18.361278+00:00,30.51226777388365
2025-08-15 19:29:20.052447+00:00,30.501966550393263
2025-08-15 19:29:21.766334+00:00,30.507117161992937
2025-08-15 19:29:21.923582+00:00,30.507117161992937
2025-08-15 19:29:22.209584+00:00,30.51226777388365
2025-08-15 19:29:24.115185+00:00,30.5174183860654
2025-08-15 19:29:24.305691+00:00,30.507117161992937
2025-08-15 19:29:24.540064+00:00,30.507117161992937
2025-08-15 19:29:25.023454+00:00,30.507117161992937
2025-08-15 19:29:25.203289+00:00,30.49166532806703
2025-08-15 19:29:25.921262+00:00,30.5174183860654
2025-08-15 19:29:26.797402+00:00,30.51226777388365
2025-08-15 19:29:28.022947+00:00,30.507117161992937
2025-08-15 19:29:28.930261+00:00,30.507117161992937
2025-08-15 19:29:29.706351+00:00,30.52256899853819
2025-08-15 19:29:31.115846+00:00,30.496815939084627
2025-08-15 19:29:35.039852+00:00,30.5174183860654
2025-08-15 19:29:36.114991+00:00,30.507117161992937
2025-08-15 19:29:36.451725+00:00,30.51226777388365
2025-08-15 19:29:37.981990+00:00,30.51226777388365
2025-08-15 19:29:39.145082+00:00,30.51226777388365
2025-08-15 19:29:41.419082+00:00,30.5174183860654
2025-08-15 19:29:42.713547+00:00,30.5174183860654
2025-08-15 19:29:43.040287+00:00,30.5174183860654
2025-08-15 19:29:45.346743+00:00,30.52256899853819
2025-08-15 19:29:49.356204+00:00,30.5174183860654
2025-08-15 19:29:49.605101+00:00,30.53802083770279
2025-08-15 19:29:49.960117+00:00,30.52256899853819
2025-08-15 19:29:50.755828+00:00,30.527719611302018
2025-08-15 19:29:50.947753+00:00,30.527719611302018
2025-08-15 19:29:51.323290+00:00,30.52256899853819
2025-08-15 19:29:51.599433+00:00,30.53802083770279
2025-08-15 19:29:51.959025+00:00,30.52256899853819
2025-08-15 19:29:52.338720+00:00,30.54317145133973
2025-08-15 19:29:52.640828+00:00,30.527719611302018
2025-08-15 19:29:55.218253+00:00,30.52256899853819
2025-08-15 19:29:56.122914+00:00,30.52256899853819
2025-08-15 19:29:56.905526+00:00,30.5174183860654
2025-08-15 19:29:57.349392+00:00,30.53802083770279
2025-08-15 19:29:58.016515+00:00,30.52256899853819
2025-08-15 19:29:58.202475+00:00,30.5174183860654
2025-08-15 19:29:59.855951+00:00,30.527719611302018
2025-08-15 19:30:00.954213+00:00,30.52256899853819
2025-08-15 19:30:06.178272+00:00,30.52256899853819
2025-08-15 19:30:09.101467+00:00,30.548322065267712
2025-08-15 19:30:09.435352+00:00,30.527719611302018
2025-08-15 19:30:09.785282+00:00,30.548322065267712
2025-08-15 19:30:10.760212+00:00,30.548322065267712
2025-08-15 19:30:12.786293+00:00,30.53802083770279
2025-08-15 19:30:15.374908+00:00,30.548322065267712
2025-08-15 19:30:17.703174+00:00,30.55347267948673
2025-08-15 19:30:19.702277+00:00,30.548322065267712
2025-08-15 19:30:32.010985+00:00,30.54317145133973
2025-08-15 19:30:32.736454+00:00,30.55347267948673
2025-08-15 19:30:34.118234+00:00,30.548322065267712
2025-08-15 19:30:34.602042+00:00,30.55347267948673
2025-08-15 19:30:35.417345+00:00,30.548322065267712
2025-08-15 19:30:39.463540+00:00,30.55862329399679
2025-08-15 19:30:41.150309+00:00,30.55347267948673
2025-08-15 19:30:41.591552+00:00,30.53802083770279
2025-08-15 19:30:42.471294+00:00,30.548322065267712
2025-08-15 19:30:43.213152+00:00,30.54317145133973
2025-08-15 19:30:43.799626+00:00,30.548322065267712
2025-08-15 19:30:44.800356+00:00,30.54317145133973
2025-08-15 19:30:46.292422+00:00,30.5174183860654
2025-08-15 19:30:48.989093+00:00,30.52256899853819
2025-08-15 19:30:49.449894+00:00,30.55862329399679
2025-08-15 19:30:50.226060+00:00,30.5174183860654
2025-08-15 19:30:50.718016+00:00,30.52256899853819
2025-08-15 19:30:51.363204+00:00,30.5174183860654
2025-08-15 19:30:52.240113+00:00,30.5174183860654
2025-08-15 19:30:52.442204+00:00,30.507117161992937
2025-08-15 19:30:52.684359+00:00,30.527719611302018
2025-08-15 19:30:52.909392+00:00,30.5174183860654
2025-08-15 19:30:53.157528+00:00,30.527719611302018
2025-08-15 19:30:54.829632+00:00,30.5174183860654
2025-08-15 19:30:56.136332+00:00,30.52256899853819
2025-08-15 19:30:56.319805+00:00,30.53802083770279
2025-08-15 19:30:56.903741+00:00,30.52256899853819
2025-08-15 19:30:57.078234+00:00,30.5174183860654
2025-08-15 19:30:57.921547+00:00,30.52256899853819
2025-08-15 19:30:59.171149+00:00,30.52256899853819
2025-08-15 19:30:59.579640+00:00,30.52256899853819
2025-08-15 19:30:59.730166+00:00,30.52256899853819
2025-08-15 19:31:04.202231+00:00,30.52256899853819
2025-08-15 19:31:07.425148+00:00,30.51226777388365
2025-08-15 19:31:11.092993+00:00,30.527719611302018
2025-08-15 19:31:11.566213+00:00,30.52256899853819
2025-08-15 19:31:11.951831+00:00,30.527719611302018
2025-08-15 19:31:12.892085+00:00,30.52256899853819
2025-08-15 19:31:13.978345+00:00,30.52256899853819
2025-08-15 19:31:17.165632+00:00,30.53802083770279
2025-08-15 19:31:19.203198+00:00,30.5174183860654
2025-08-15 19:31:19.671093+00:00,30.52256899853819
2025-08-15 19:31:20.115319+00:00,30.5174183860654
2025-08-15 19:31:20.294519+00:00,30.52256899853819
2025-08-15 19:31:20.475452+00:00,30.52256899853819
2025-08-15 19:31:20.659714+00:00,30.53802083770279
2025-08-15 19:31:21.452995+00:00,30.52256899853819
2025-08-15 19:31:21.720673+00:00,30.527719611302018
2025-08-15 19:31:21.869085+00:00,30.527719611302018
2025-08-15 19:31:22.412391+00:00,30.52256899853819
2025-08-15 19:31:25.531137+00:00,30.5174183860654
2025-08-15 19:31:25.766523+00:00,30.52256899853819
2025-08-15 19:31:28.833348+00:00,30.5174183860654
2025-08-15 19:31:29.328590+00:00,30.51226777388365
2025-08-15 19:31:29.693359+00:00,30.52256899853819
2025-08-15 19:31:31.474234+00:00,30.52256899853819
2025-08-15 19:31:36.052051+00:00,30.527719611302018
2025-08-15 19:31:36.896940+00:00,30.527719611302018
2025-08-15 19:31:37.240798+00:00,30.52256899853819
2025-08-15 19:31:37.833102+00:00,30.52256899853819
2025-08-15 19:31:38.026809+00:00,30.527719611302018
2025-08-15 19:31:38.408655+00:00,30.53802083770279
2025-08-15 19:31:40.810785+00:00,30.527719611302018
2025-08-15 19:31:41.711445+00:00,30.53802083770279
2025-08-15 19:31:43.558633+00:00,30.527719611302018
2025-08-15 19:31:44.695129+00:00,30.52256899853819
2025-08-15 19:31:45.256868+00:00,30.52256899853819
2025-08-15 19:31:45.677472+00:00,30.53802083770279
2025-08-15 19:31:46.165349+00:00,30.54317145133973
2025-08-15 19:31:47.310946+00:00,30.52256899853819
2025-08-15 19:31:49.626732+00:00,30.53802083770279
2025-08-15 19:31:50.570293+00:00,30.54317145133973
2025-08-15 19:31:50.936339+00:00,30.548322065267712
2025-08-15 19:31:51.136638+00:00,30.548322065267712
2025-08-15 19:31:52.069694+00:00,30.54317145133973
2025-08-15 19:31:52.884854+00:00,30.527719611302018
2025-08-15 19:31:54.111093+00:00,30.527719611302018
2025-08-15 19:31:55.203115+00:00,30.548322065267712
2025-08-15 19:31:55.429083+00:00,30.54317145133973
2025-08-15 19:31:55.719342+00:00,30.52256899853819
2025-08-15 19:31:56.381431+00:00,30.548322065267712
2025-08-15 19:31:58.010557+00:00,30.527719611302018
2025-08-15 19:31:59.596695+00:00,30.548322065267712
2025-08-15 19:32:05.703972+00:00,30.527719611302018
2025-08-15 19:32:08.332148+00:00,30.548322065267712
2025-08-15 19:32:08.918688+00:00,30.527719611302018
2025-08-15 19:32:15.237017+00:00,30.548322065267712
2025-08-15 19:32:16.707891+00:00,30.54317145133973
2025-08-15 19:32:18.206376+00:00,30.52256899853819
2025-08-15 19:32:21.108490+00:00,30.55347267948673
2025-08-15 19:32:22.652069+00:00,30.53802083770279
2025-08-15 19:32:22.981865+00:00,30.55347267948673
2025-08-15 19:32:24.159159+00:00,30.53802083770279
2025-08-15 19:32:26.626386+00:00,30.56892452389002
2025-08-15 19:32:27.653583+00:00,30.548322065267712
2025-08-15 19:32:28.960364+00:00,30.548322065267712
2025-08-15 19:32:30.715017+00:00,30.55862329399679
2025-08-15 19:32:31.423999+00:00,30.55347267948673
2025-08-15 19:32:32.987574+00:00,30.563773908797884
2025-08-15 19:32:34.094630+00:00,30.55862329399679
2025-08-15 19:32:38.040063+00:00,30.55862329399679
2025-08-15 19:32:41.852783+00:00,30.55862329399679
2025-08-15 19:32:42.043685+00:00,30.55347267948673
2025-08-15 19:32:42.203705+00:00,30.56892452389002
2025-08-15 19:32:42.379576+00:00,30.56892452389002
2025-08-15 19:32:42.580379+00:00,30.56892452389002
2025-08-15 19:32:43.619309+00:00,30.563773908797884
2025-08-15 19:32:44.887305+00:00,30.55347267948673
2025-08-15 19:32:47.441502+00:00,30.55862329399679
2025-08-15 19:32:53.535477+00:00,30.548322065267712
2025-08-15 19:32:56.069452+00:00,30.527719611302018
2025-08-15 19:32:56.711410+00:00,30.548322065267712
2025-08-15 19:32:57.070556+00:00,30.548322065267712
2025-08-15 19:32:58.400958+00:00,30.548322065267712
2025-08-15 19:32:59.509412+00:00,30.53802083770279
2025-08-15 19:33:02.939701+00:00,30.54317145133973
2025-08-15 19:33:03.488744+00:00,30.527719611302018
2025-08-15 19:33:04.863883+00:00,30.527719611302018
2025-08-15 19:33:09.346047+00:00,30.527719611302018
2025-08-15 19:33:10.589662+00:00,30.527719611302018
2025-08-15 19:33:19.575757+00:00,30.52256899853819
2025-08-15 19:33:20.375249+00:00,30.5174183860654
2025-08-15 19:33:21.443788+00:00,30.527719611302018
2025-08-15 19:33:21.751507+00:00,30.52256899853819
2025-08-15 19:33:21.936542+00:00,30.52256899853819
2025-08-15 19:33:24.385030+00:00,30.52256899853819
2025-08-15 19:33:27.993733+00:00,30.527719611302018
2025-08-15 19:33:29.167392+00:00,30.54317145133973
2025-08-15 19:33:31.030230+00:00,30.52256899853819
2025-08-15 19:33:33.165568+00:00,30.53802083770279
2025-08-15 19:33:33.896827+00:00,30.52256899853819
2025-08-15 19:33:36.800721+00:00,30.5174183860654
2025-08-15 19:33:38.933347+00:00,30.52256899853819
2025-08-15 19:33:40.343911+00:00,30.54317145133973
2025-08-15 19:33:40.880208+00:00,30.52256899853819
2025-08-15 19:33:41.101476+00:00,30.527719611302018
2025-08-15 19:33:41.372923+00:00,30.532870224356884
2025-08-15 19:33:41.573206+00:00,30.532870224356884
2025-08-15 19:33:43.789113+00:00,30.54317145133973
2025-08-15 19:33:44.505875+00:00,30.52256899853819
2025-08-15 19:33:47.971919+00:00,30.54317145133973
2025-08-15 19:33:48.505859+00:00,30.52256899853819
2025-08-15 19:33:49.636569+00:00,30.527719611302018
2025-08-15 19:33:51.339354+00:00,30.52256899853819
2025-08-15 19:33:52.752368+00:00,30.5174183860654
2025-08-15 19:33:53.313200+00:00,30.52256899853819
2025-08-15 19:33:54.575831+00:00,30.5174183860654
2025-08-15 19:33:54.802713+00:00,30.53802083770279
2025-08-15 19:33:57.240023+00:00,30.527719611302018
2025-08-15 19:33:57.936722+00:00,30.53802083770279
2025-08-15 19:33:58.253061+00:00,30.53802083770279
2025-08-15 19:33:58.495961+00:00,30.53802083770279
2025-08-15 19:33:58.737254+00:00,30.527719611302018
2025-08-15 19:33:59.250398+00:00,30.5174183860654
2025-08-15 19:34:00.105156+00:00,30.51226777388365
2025-08-15 19:34:06.159556+00:00,30.5174183860654
2025-08-15 19:34:18.054284+00:00,30.5174183860654
2025-08-15 19:34:18.488461+00:00,30.501966550393263
2025-08-15 19:34:18.938409+00:00,30.51226777388365
2025-08-15 19:34:20.952743+00:00,30.507117161992937
2025-08-15 19:34:21.170052+00:00,30.51226777388365
2025-08-15 19:34:23.198330+00:00,30.507117161992937
2025-08-15 19:34:23.410113+00:00,30.507117161992937
2025-08-15 19:34:25.003504+00:00,30.496815939084627
2025-08-15 19:34:26.342401+00:00,30.501966550393263
2025-08-15 19:34:27.485226+00:00,30.501966550393263
2025-08-15 19:34:28.011246+00:00,30.501966550393263
2025-08-15 19:34:28.420519+00:00,30.49166532806703
2025-08-15 19:34:28.976114+00:00,30.496815939084627
2025-08-15 19:34:29.848083+00:00,30.507117161992937
2025-08-15 19:34:31.087599+00:00,30.496815939084627
2025-08-15 19:34:31.682445+00:00,30.496815939084627
2025-08-15 19:34:32.487673+00:00,30.49166532806703
2025-08-15 19:34:35.266401+00:00,30.501966550393263
2025-08-15 19:34:36.094597+00:00,30.496815939084627
2025-08-15 19:34:36.996068+00:00,30.48651471734047
2025-08-15 19:34:37.271639+00:00,30.48651471734047
2025-08-15 19:34:37.573581+00:00,30.49166532806703
2025-08-15 19:34:37.790213+00:00,30.501966550393263
2025-08-15 19:34:38.017060+00:00,30.507117161992937
2025-08-15 19:34:39.725337+00:00,30.49166532806703
2025-08-15 19:34:40.948329+00:00,30.496815939084627
2025-08-15 19:34:41.713905+00:00,30.48651471734047
2025-08-15 19:34:44.199555+00:00,30.49166532806703
2025-08-15 19:34:45.040437+00:00,30.496815939084627
2025-08-15 19:34:48.163316+00:00,30.481364106904948
2025-08-15 19:34:51.391729+00:00,30.49166532806703
2025-08-15 19:34:53.558395+00:00,30.49166532806703
2025-08-15 19:34:54.908299+00:00,30.48651471734047
2025-08-15 19:34:56.975570+00:00,30.49166532806703
2025-08-15 19:34:58.426965+00:00,30.49166532806703
2025-08-15 19:35:03.152743+00:00,30.48651471734047
2025-08-15 19:35:03.659937+00:00,30.49166532806703
2025-08-15 19:35:08.084759+00:00,30.49166532806703
2025-08-15 19:35:08.943871+00:00,30.48651471734047
2025-08-15 19:35:09.352011+00:00,30.48651471734047
2025-08-15 19:35:11.576825+00:00,30.48651471734047
2025-08-15 19:35:12.261331+00:00,30.496815939084627
2025-08-15 19:35:19.920397+00:00,30.48651471734047
2025-08-15 19:35:24.911023+00:00,30.48651471734047
2025-08-15 19:35:28.627535+00:00,30.47106288690702
2025-08-15 19:35:34.285166+00:00,30.476213496760465
2025-08-15 19:35:35.129121+00:00,30.465912277344614
2025-08-15 19:35:35.514432+00:00,30.47106288690702
2025-08-15 19:35:39.745891+00:00,30.47106288690702
2025-08-15 19:35:41.344539+00:00,30.476213496760465
2025-08-15 19:35:43.792662+00:00,30.465912277344614
2025-08-15 19:35:45.501523+00:00,30.47106288690702
2025-08-15 19:35:45.950212+00:00,30.465912277344614
2025-08-15 19:35:47.763722+00:00,30.476213496760465
2025-08-15 19:35:49.717937+00:00,30.476213496760465
2025-08-15 19:35:51.616055+00:00,30.481364106904948
2025-08-15 19:35:52.576245+00:00,30.481364106904948
2025-08-15 19:35:52.948433+00:00,30.47106288690702
2025-08-15 19:35:55.950404+00:00,30.476213496760465
2025-08-15 19:35:56.226665+00:00,30.48651471734047
2025-08-15 19:35:56.615469+00:00,30.48651471734047
2025-08-15 19:35:57.099310+00:00,30.476213496760465
2025-08-15 19:35:59.539924+00:00,30.48651471734047
2025-08-15 19:36:01.195940+00:00,30.481364106904948
2025-08-15 19:36:03.761217+00:00,30.481364106904948
2025-08-15 19:36:06.444931+00:00,30.507117161992937
2025-08-15 19:36:06.834053+00:00,30.47106288690702
2025-08-15 19:36:07.443625+00:00,30.481364106904948
2025-08-15 19:36:09.477452+00:00,30.476213496760465
2025-08-15 19:36:10.212781+00:00,30.481364106904948
2025-08-15 19:36:11.518140+00:00,30.47106288690702
2025-08-15 19:36:16.220575+00:00,30.476213496760465
2025-08-15 19:36:17.889614+00:00,30.48651471734047
2025-08-15 19:36:20.124938+00:00,30.476213496760465
2025-08-15 19:36:23.958994+00:00,30.48651471734047
2025-08-15 19:36:24.522630+00:00,30.481364106904948
2025-08-15 19:36:24.988451+00:00,30.465912277344614
2025-08-15 19:36:27.100949+00:00,30.48651471734047
2025-08-15 19:36:27.789690+00:00,30.481364106904948
2025-08-15 19:36:29.398688+00:00,30.48651471734047
2025-08-15 19:36:30.883489+00:00,30.48651471734047
2025-08-15 19:36:35.556531+00:00,30.481364106904948
2025-08-15 19:36:35.939547+00:00,30.465912277344614
2025-08-15 19:36:36.082531+00:00,30.48651471734047
2025-08-15 19:36:36.305494+00:00,30.48651471734047
2025-08-15 19:36:37.210104+00:00,30.476213496760465
2025-08-15 19:36:40.027846+00:00,30.476213496760465
2025-08-15 19:36:40.745467+00:00,30.481364106904948
2025-08-15 19:36:41.646641+00:00,30.476213496760465
2025-08-15 19:36:42.714576+00:00,30.481364106904948
2025-08-15 19:36:43.374894+00:00,30.481364106904948
2025-08-15 19:36:44.028420+00:00,30.481364106904948
2025-08-15 19:36:44.529874+00:00,30.476213496760465
2025-08-15 19:36:44.790174+00:00,30.476213496760465
2025-08-15 19:36:45.367483+00:00,30.48651471734047
2025-08-15 19:36:46.867662+00:00,30.48651471734047
2025-08-15 19:36:48.016869+00:00,30.476213496760465
2025-08-15 19:36:50.097838+00:00,30.476213496760465
2025-08-15 19:36:51.783573+00:00,30.476213496760465
2025-08-15 19:36:52.314740+00:00,30.476213496760465
2025-08-15 19:36:52.517209+00:00,30.476213496760465
2025-08-15 19:36:53.865368+00:00,30.47106288690702
2025-08-15 19:36:54.766488+00:00,30.476213496760465
2025-08-15 19:36:56.704619+00:00,30.47106288690702
2025-08-15 19:36:58.971430+00:00,30.47106288690702
2025-08-15 19:36:59.464006+00:00,30.465912277344614
2025-08-15 19:37:00.054478+00:00,30.47106288690702
2025-08-15 19:37:02.090753+00:00,30.47106288690702
2025-08-15 19:37:02.791701+00:00,30.460761668073246
2025-08-15 19:37:03.460598+00:00,30.465912277344614
2025-08-15 19:37:04.566172+00:00,30.481364106904948
2025-08-15 19:37:07.491866+00:00,30.476213496760465
2025-08-15 19:37:11.082232+00:00,30.476213496760465
2025-08-15 19:37:11.774944+00:00,30.476213496760465
2025-08-15 19:37:12.200246+00:00,30.476213496760465
2025-08-15 19:37:12.772051+00:00,30.48651471734047
2025-08-15 19:37:16.457940+00:00,30.476213496760465
2025-08-15 19:37:17.256490+00:00,30.465912277344614
2025-08-15 19:37:20.576698+00:00,30.47106288690702
2025-08-15 19:37:21.699076+00:00,30.476213496760465
2025-08-15 19:37:24.638992+00:00,30.47106288690702
2025-08-15 19:37:25.106238+00:00,30.47106288690702
2025-08-15 19:37:29.281051+00:00,30.465912277344614
2025-08-15 19:37:29.845788+00:00,30.465912277344614
2025-08-15 19:37:30.348902+00:00,30.47106288690702
2025-08-15 19:37:31.430545+00:00,30.47106288690702
2025-08-15 19:37:34.530361+00:00,30.465912277344614
2025-08-15 19:37:34.758655+00:00,30.465912277344614
2025-08-15 19:37:35.016510+00:00,30.476213496760465
2025-08-15 19:37:38.854239+00:00,30.47106288690702
2025-08-15 19:37:39.286964+00:00,30.47106288690702
2025-08-15 19:37:39.914160+00:00,30.47106288690702
2025-08-15 19:37:42.413916+00:00,30.465912277344614
2025-08-15 19:37:43.467123+00:00,30.47106288690702
2025-08-15 19:37:45.039358+00:00,30.455611059092917
2025-08-15 19:37:46.007258+00:00,30.465912277344614
2025-08-15 19:37:46.856564+00:00,30.465912277344614
2025-08-15 19:37:47.934269+00:00,30.47106288690702
2025-08-15 19:37:49.820390+00:00,30.465912277344614
2025-08-15 19:37:50.078533+00:00,30.476213496760465
2025-08-15 19:37:53.224438+00:00,30.465912277344614
2025-08-15 19:37:53.658790+00:00,30.476213496760465
2025-08-15 19:37:54.252522+00:00,30.476213496760465
2025-08-15 19:37:54.544296+00:00,30.465912277344614
2025-08-15 19:38:01.015484+00:00,30.49166532806703
2025-08-15 19:38:04.588919+00:00,30.48651471734047
2025-08-15 19:38:10.638537+00:00,30.481364106904948
2025-08-15 19:38:13.745170+00:00,30.465912277344614
2025-08-15 19:38:14.171069+00:00,30.476213496760465
2025-08-15 19:38:14.522242+00:00,30.48651471734047
2025-08-15 19:38:17.061738+00:00,30.476213496760465
2025-08-15 19:38:19.548095+00:00,30.465912277344614
2025-08-15 19:38:20.040755+00:00,30.481364106904948
2025-08-15 19:38:20.218907+00:00,30.476213496760465
2025-08-15 19:38:20.476891+00:00,30.476213496760465
2025-08-15 19:38:20.617132+00:00,30.476213496760465
2025-08-15 19:38:20.810802+00:00,30.47106288690702
2025-08-15 19:38:21.020632+00:00,30.48651471734047
2025-08-15 19:38:22.842762+00:00,30.481364106904948
2025-08-15 19:38:24.271873+00:00,30.47106288690702
2025-08-15 19:38:25.164667+00:00,30.465912277344614
2025-08-15 19:38:26.199726+00:00,30.460761668073246
2025-08-15 19:38:28.021371+00:00,30.47106288690702
2025-08-15 19:38:28.344808+00:00,30.460761668073246
2025-08-15 19:38:29.750179+00:00,30.465912277344614
2025-08-15 19:38:31.597447+00:00,30.460761668073246
2025-08-15 19:38:37.552856+00:00,30.476213496760465
2025-08-15 19:38:40.319569+00:00,30.465912277344614
2025-08-15 19:38:41.337150+00:00,30.455611059092917
2025-08-15 19:38:43.727228+00:00,30.47106288690702
2025-08-15 19:38:45.053256+00:00,30.460761668073246
2025-08-15 19:38:45.371858+00:00,30.476213496760465
2025-08-15 19:38:45.748183+00:00,30.465912277344614
2025-08-15 19:38:50.647805+00:00,30.47106288690702
2025-08-15 19:38:50.947579+00:00,30.481364106904948
2025-08-15 19:38:52.894836+00:00,30.48651471734047
2025-08-15 19:38:54.975148+00:00,30.476213496760465
2025-08-15 19:38:56.372279+00:00,30.476213496760465
2025-08-15 19:38:57.087234+00:00,30.476213496760465
2025-08-15 19:38:58.009447+00:00,30.465912277344614
2025-08-15 19:39:04.287570+00:00,30.481364106904948
2025-08-15 19:39:05.579570+00:00,30.481364106904948
2025-08-15 19:39:08.539065+00:00,30.49166532806703
2025-08-15 19:39:12.035830+00:00,30.476213496760465
2025-08-15 19:39:14.048329+00:00,30.476213496760465
2025-08-15 19:39:14.654550+00:00,30.49166532806703
2025-08-15 19:39:14.991889+00:00,30.49166532806703
2025-08-15 19:39:15.447067+00:00,30.48651471734047
2025-08-15 19:39:15.813252+00:00,30.49166532806703
2025-08-15 19:39:16.320681+00:00,30.49166532806703
2025-08-15 19:39:16.838907+00:00,30.48651471734047
2025-08-15 19:39:17.296683+00:00,30.49166532806703
2025-08-15 19:39:17.771393+00:00,30.481364106904948
2025-08-15 19:39:20.199584+00:00,30.48651471734047
2025-08-15 19:39:22.479141+00:00,30.476213496760465
2025-08-15 19:39:25.416417+00:00,30.48651471734047
2025-08-15 19:39:26.846201+00:00,30.48651471734047
2025-08-15 19:39:31.013138+00:00,30.496815939084627
2025-08-15 19:39:31.550061+00:00,30.496815939084627
2025-08-15 19:39:32.245192+00:00,30.49166532806703
2025-08-15 19:39:35.048804+00:00,30.49166532806703
2025-08-15 19:39:36.737067+00:00,30.48651471734047
2025-08-15 19:39:41.217413+00:00,30.49166532806703
2025-08-15 19:39:41.667854+00:00,30.49166532806703
2025-08-15 19:39:41.893461+00:00,30.507117161992937
2025-08-15 19:39:42.460559+00:00,30.501966550393263
2025-08-15 19:39:43.130135+00:00,30.48651471734047
2025-08-15 19:39:44.676002+00:00,30.48651471734047
2025-08-15 19:39:44.977638+00:00,30.49166532806703
2025-08-15 19:39:46.138090+00:00,30.49166532806703
2025-08-15 19:39:46.594574+00:00,30.48651471734047
2025-08-15 19:39:48.730076+00:00,30.49166532806703
2025-08-15 19:39:48.970998+00:00,30.48651471734047
2025-08-15 19:39:49.205671+00:00,30.49166532806703
2025-08-15 19:39:49.438623+00:00,30.48651471734047
2025-08-15 19:39:52.521978+00:00,30.48651471734047
2025-08-15 19:39:58.438425+00:00,30.481364106904948
2025-08-15 19:39:58.656945+00:00,30.48651471734047
2025-08-15 19:39:59.651334+00:00,30.481364106904948
2025-08-15 19:40:06.879581+00:00,30.476213496760465
2025-08-15 19:40:07.538236+00:00,30.476213496760465
2025-08-15 19:40:07.969949+00:00,30.48651471734047
2025-08-15 19:40:10.944553+00:00,30.48651471734047
2025-08-15 19:40:12.942489+00:00,30.476213496760465
2025-08-15 19:40:17.588036+00:00,30.465912277344614
2025-08-15 19:40:22.625843+00:00,30.465912277344614
2025-08-15 19:40:25.338114+00:00,30.465912277344614
2025-08-15 19:40:28.193627+00:00,30.460761668073246
2025-08-15 19:40:29.158685+00:00,30.465912277344614
2025-08-15 19:40:41.963822+00:00,30.476213496760465
2025-08-15 19:40:49.775404+00:00,30.465912277344614
2025-08-15 19:40:50.026206+00:00,30.476213496760465
2025-08-15 19:40:50.326236+00:00,30.465912277344614
2025-08-15 19:40:51.045428+00:00,30.465912277344614
2025-08-15 19:40:52.015382+00:00,30.47106288690702
2025-08-15 19:40:53.243301+00:00,30.465912277344614
2025-08-15 19:40:56.018587+00:00,30.465912277344614
2025-08-15 19:41:01.867879+00:00,30.460761668073246
2025-08-15 19:41:06.225584+00:00,30.465912277344614
2025-08-15 19:41:06.576481+00:00,30.465912277344614
2025-08-15 19:41:06.943196+00:00,30.47106288690702
2025-08-15 19:41:07.311455+00:00,30.465912277344614
2025-08-15 19:41:13.911841+00:00,30.47106288690702
2025-08-15 19:41:15.117200+00:00,30.465912277344614
2025-08-15 19:41:18.784893+00:00,30.460761668073246
2025-08-15 19:41:21.576995+00:00,30.460761668073246
2025-08-15 19:41:23.226809+00:00,30.455611059092917
2025-08-15 19:41:24.747890+00:00,30.465912277344614
2025-08-15 19:41:25.040779+00:00,30.460761668073246
2025-08-15 19:41:25.672995+00:00,30.465912277344614
2025-08-15 19:41:26.803847+00:00,30.465912277344614
2025-08-15 19:41:27.462763+00:00,30.460761668073246
2025-08-15 19:41:35.784406+00:00,30.450460450403625
2025-08-15 19:41:37.476630+00:00,30.460761668073246
2025-08-15 19:41:37.675192+00:00,30.460761668073246
2025-08-15 19:41:39.797556+00:00,30.460761668073246
2025-08-15 19:41:40.816711+00:00,30.455611059092917
2025-08-15 19:41:41.235542+00:00,30.460761668073246
2025-08-15 19:41:42.106635+00:00,30.455611059092917
2025-08-15 19:41:44.842783+00:00,30.450460450403625
2025-08-15 19:41:45.142207+00:00,30.455611059092917
2025-08-15 19:41:45.643533+00:00,30.455611059092917
2025-08-15 19:41:49.866268+00:00,30.460761668073246
2025-08-15 19:41:50.477253+00:00,30.445309842005372
2025-08-15 19:41:54.171210+00:00,30.445309842005372
2025-08-15 19:41:58.283481+00:00,30.450460450403625
2025-08-15 19:42:05.502519+00:00,30.43500862608198
2025-08-15 19:42:05.883297+00:00,30.440159233898157
2025-08-15 19:42:08.836751+00:00,30.429858018556843
2025-08-15 19:42:09.198026+00:00,30.43500862608198
2025-08-15 19:42:09.484466+00:00,30.43500862608198
2025-08-15 19:42:12.101397+00:00,30.43500862608198
2025-08-15 19:42:18.778829+00:00,30.440159233898157
2025-08-15 19:42:20.971682+00:00,30.440159233898157
2025-08-15 19:42:21.198704+00:00,30.455611059092917
2025-08-15 19:42:21.775270+00:00,30.445309842005372
2025-08-15 19:42:23.698105+00:00,30.445309842005372
2025-08-15 19:42:23.923725+00:00,30.440159233898157
2025-08-15 19:42:24.148937+00:00,30.445309842005372
2025-08-15 19:42:25.988276+00:00,30.445309842005372
2025-08-15 19:42:27.807515+00:00,30.440159233898157
2025-08-15 19:42:28.937204+00:00,30.445309842005372
2025-08-15 19:42:29.939840+00:00,30.440159233898157
2025-08-15 19:42:40.403150+00:00,30.460761668073246
2025-08-15 19:42:40.765062+00:00,30.450460450403625
2025-08-15 19:42:41.851906+00:00,30.455611059092917
2025-08-15 19:42:42.126375+00:00,30.455611059092917
2025-08-15 19:42:42.445304+00:00,30.445309842005372
2025-08-15 19:42:43.405518+00:00,30.440159233898157
2025-08-15 19:42:44.676160+00:00,30.445309842005372
2025-08-15 19:42:44.858794+00:00,30.450460450403625
2025-08-15 19:42:45.231311+00:00,30.450460450403625
2025-08-15 19:42:50.225053+00:00,30.450460450403625
2025-08-15 19:42:51.081390+00:00,30.460761668073246
2025-08-15 19:42:51.718945+00:00,30.460761668073246
2025-08-15 19:42:52.516280+00:00,30.465912277344614
2025-08-15 19:42:52.783050+00:00,30.465912277344614
2025-08-15 19:42:53.290987+00:00,30.47106288690702
2025-08-15 19:42:53.581554+00:00,30.47106288690702
2025-08-15 19:42:53.833778+00:00,30.476213496760465
2025-08-15 19:42:54.765128+00:00,30.476213496760465
2025-08-15 19:42:55.534270+00:00,30.47106288690702
2025-08-15 19:42:55.845876+00:00,30.476213496760465
2025-08-15 19:42:56.108581+00:00,30.47106288690702
2025-08-15 19:42:56.270635+00:00,30.47106288690702
2025-08-15 19:42:56.474513+00:00,30.465912277344614
2025-08-15 19:42:56.706653+00:00,30.481364106904948
2025-08-15 19:42:56.906709+00:00,30.481364106904948
2025-08-15 19:42:57.150831+00:00,30.48651471734047
2025-08-15 19:42:59.707328+00:00,30.47106288690702
2025-08-15 19:43:02.748172+00:00,30.47106288690702
2025-08-15 19:43:04.188524+00:00,30.481364106904948
2025-08-15 19:43:07.652006+00:00,30.476213496760465
2025-08-15 19:43:09.449322+00:00,30.481364106904948
2025-08-15 19:43:09.825474+00:00,30.481364106904948
2025-08-15 19:43:13.342762+00:00,30.48651471734047
2025-08-15 19:43:16.908790+00:00,30.48651471734047
2025-08-15 19:43:19.497776+00:00,30.476213496760465
2025-08-15 19:43:19.842290+00:00,30.48651471734047
2025-08-15 19:43:20.123992+00:00,30.48651471734047
2025-08-15 19:43:20.427569+00:00,30.476213496760465
2025-08-15 19:43:21.063115+00:00,30.481364106904948
2025-08-15 19:43:21.283488+00:00,30.48651471734047
2025-08-15 19:43:21.521191+00:00,30.48651471734047
2025-08-15 19:43:24.813508+00:00,30.481364106904948
2025-08-15 19:43:26.084234+00:00,30.481364106904948
2025-08-15 19:43:27.281869+00:00,30.481364106904948
2025-08-15 19:43:27.529644+00:00,30.48651471734047
2025-08-15 19:43:27.938380+00:00,30.481364106904948
2025-08-15 19:43:28.197397+00:00,30.481364106904948
2025-08-15 19:43:28.416246+00:00,30.48651471734047
2025-08-15 19:43:31.925224+00:00,30.48651471734047
2025-08-15 19:43:32.485339+00:00,30.481364106904948
2025-08-15 19:43:33.022634+00:00,30.476213496760465
2025-08-15 19:43:34.424154+00:00,30.476213496760465
2025-08-15 19:43:35.755119+00:00,30.476213496760465
2025-08-15 19:43:40.676216+00:00,30.48651471734047
2025-08-15 19:43:42.407298+00:00,30.481364106904948
2025-08-15 19:43:43.707485+00:00,30.476213496760465
2025-08-15 19:43:43.936631+00:00,30.476213496760465
2025-08-15 19:43:44.454366+00:00,30.48651471734047
2025-08-15 19:43:44.816056+00:00,30.476213496760465
2025-08-15 19:43:45.982958+00:00,30.481364106904948
2025-08-15 19:43:46.476352+00:00,30.481364106904948
2025-08-15 19:43:48.748979+00:00,30.476213496760465
2025-08-15 19:43:48.965121+00:00,30.49166532806703
2025-08-15 19:43:49.140511+00:00,30.481364106904948
2025-08-15 19:43:49.349879+00:00,30.496815939084627
2025-08-15 19:43:51.715454+00:00,30.48651471734047
2025-08-15 19:43:54.246834+00:00,30.48651471734047
2025-08-15 19:43:55.252142+00:00,30.48651471734047
2025-08-15 19:43:55.832410+00:00,30.48651471734047
2025-08-15 19:43:56.034432+00:00,30.496815939084627
2025-08-15 19:43:56.486366+00:00,30.496815939084627
2025-08-15 19:43:58.174690+00:00,30.48651471734047
2025-08-15 19:43:58.409505+00:00,30.48651471734047
2025-08-15 19:43:58.625491+00:00,30.48651471734047
2025-08-15 19:43:59.353286+00:00,30.48651471734047
2025-08-15 19:44:00.872256+00:00,30.48651471734047
2025-08-15 19:44:03.630478+00:00,30.48651471734047
2025-08-15 19:44:04.272333+00:00,30.496815939084627
2025-08-15 19:44:11.415304+00:00,30.48651471734047
2025-08-15 19:44:12.919885+00:00,30.476213496760465
2025-08-15 19:44:16.038175+00:00,30.48651471734047
2025-08-15 19:44:16.873046+00:00,30.48651471734047
2025-08-15 19:44:19.178043+00:00,30.476213496760465
2025-08-15 19:44:20.691348+00:00,30.48651471734047
2025-08-15 19:44:21.809328+00:00,30.476213496760465
2025-08-15 19:44:22.200757+00:00,30.481364106904948
2025-08-15 19:44:24.408894+00:00,30.481364106904948
2025-08-15 19:44:25.736761+00:00,30.476213496760465
2025-08-15 19:44:26.788703+00:00,30.476213496760465
2025-08-15 19:44:27.073190+00:00,30.476213496760465
2025-08-15 19:44:27.366960+00:00,30.476213496760465
2025-08-15 19:44:31.563484+00:00,30.465912277344614
2025-08-15 19:44:32.134959+00:00,30.465912277344614
2025-08-15 19:44:32.696527+00:00,30.465912277344614
2025-08-15 19:44:36.261666+00:00,30.465912277344614
2025-08-15 19:44:38.224863+00:00,30.465912277344614
2025-08-15 19:44:38.845380+00:00,30.450460450403625
2025-08-15 19:44:43.058723+00:00,30.465912277344614
2025-08-15 19:44:44.169339+00:00,30.455611059092917
2025-08-15 19:44:44.670221+00:00,30.445309842005372
2025-08-15 19:44:47.127710+00:00,30.460761668073246
2025-08-15 19:44:50.570738+00:00,30.445309842005372
2025-08-15 19:44:51.780462+00:00,30.440159233898157
2025-08-15 19:44:52.256424+00:00,30.450460450403625
2025-08-15 19:44:54.370887+00:00,30.440159233898157
2025-08-15 19:44:57.485427+00:00,30.445309842005372
2025-08-15 19:44:59.937732+00:00,30.445309842005372
2025-08-15 19:45:01.230928+00:00,30.445309842005372
2025-08-15 19:45:03.605332+00:00,30.445309842005372
2025-08-15 19:45:06.387377+00:00,30.450460450403625
2025-08-15 19:45:07.828300+00:00,30.445309842005372
2025-08-15 19:45:08.257890+00:00,30.450460450403625
2025-08-15 19:45:08.662840+00:00,30.455611059092917
2025-08-15 19:45:09.769736+00:00,30.445309842005372
2025-08-15 19:45:14.695938+00:00,30.445309842005372
2025-08-15 19:45:17.621537+00:00,30.424707411322743
2025-08-15 19:45:21.123485+00:00,30.445309842005372
2025-08-15 19:45:21.456075+00:00,30.445309842005372
2025-08-15 19:45:23.606436+00:00,30.445309842005372
2025-08-15 19:45:24.529974+00:00,30.445309842005372
2025-08-15 19:45:27.428753+00:00,30.440159233898157
2025-08-15 19:45:29.483415+00:00,30.445309842005372
2025-08-15 19:45:38.821866+00:00,30.440159233898157
2025-08-15 19:45:42.413044+00:00,30.43500862608198
2025-08-15 19:45:42.830952+00:00,30.43500862608198
2025-08-15 19:45:43.412371+00:00,30.440159233898157
2025-08-15 19:45:45.724300+00:00,30.440159233898157
2025-08-15 19:45:50.540097+00:00,30.43500862608198
2025-08-15 19:45:52.103066+00:00,30.429858018556843
2025-08-15 19:45:52.563048+00:00,30.429858018556843
2025-08-15 19:45:53.102467+00:00,30.43500862608198
2025-08-15 19:45:53.413460+00:00,30.43500862608198
2025-08-15 19:45:53.685845+00:00,30.440159233898157
2025-08-15 19:45:54.016268+00:00,30.43500862608198
2025-08-15 19:45:54.216294+00:00,30.440159233898157
2025-08-15 19:45:57.199779+00:00,30.445309842005372
2025-08-15 19:45:57.727192+00:00,30.440159233898157
2025-08-15 19:45:59.214207+00:00,30.445309842005372
2025-08-15 19:46:02.269007+00:00,30.43500862608198
2025-08-15 19:46:03.760369+00:00,30.43500862608198
2025-08-15 19:46:04.918491+00:00,30.429858018556843
2025-08-15 19:46:07.201397+00:00,30.445309842005372
2025-08-15 19:46:07.584214+00:00,30.440159233898157
2025-08-15 19:46:10.674827+00:00,30.450460450403625
2025-08-15 19:46:13.123668+00:00,30.450460450403625
2025-08-15 19:46:13.945821+00:00,30.445309842005372
2025-08-15 19:46:15.529124+00:00,30.445309842005372
2025-08-15 19:46:15.877006+00:00,30.43500862608198
2025-08-15 19:46:18.552073+00:00,30.429858018556843
2025-08-15 19:46:22.630953+00:00,30.445309842005372
2025-08-15 19:46:23.477254+00:00,30.445309842005372
2025-08-15 19:46:23.730129+00:00,30.43500862608198
2025-08-15 19:46:27.485007+00:00,30.424707411322743
2025-08-15 19:46:28.022194+00:00,30.424707411322743
2025-08-15 19:46:28.781855+00:00,30.440159233898157
2025-08-15 19:46:29.707066+00:00,30.440159233898157
2025-08-15 19:46:30.241713+00:00,30.429858018556843
2025-08-15 19:46:34.761578+00:00,30.43500862608198
2025-08-15 19:46:36.310659+00:00,30.424707411322743
2025-08-15 19:46:36.798073+00:00,30.424707411322743
2025-08-15 19:46:37.051136+00:00,30.43500862608198
2025-08-15 19:46:38.827580+00:00,30.429858018556843
2025-08-15 19:46:40.382150+00:00,30.424707411322743
2025-08-15 19:46:41.334500+00:00,30.424707411322743
2025-08-15 19:46:44.054660+00:00,30.424707411322743
2025-08-15 19:46:46.385852+00:00,30.424707411322743
2025-08-15 19:46:47.001442+00:00,30.424707411322743
2025-08-15 19:46:48.011627+00:00,30.41955680437968
2025-08-15 19:46:50.396403+00:00,30.429858018556843
2025-08-15 19:46:50.715808+00:00,30.424707411322743
2025-08-15 19:46:52.713796+00:00,30.424707411322743
2025-08-15 19:46:54.046132+00:00,30.41955680437968
2025-08-15 19:46:55.706733+00:00,30.429858018556843
2025-08-15 19:46:56.747249+00:00,30.43500862608198
2025-08-15 19:46:57.146844+00:00,30.41955680437968
2025-08-15 19:46:57.480088+00:00,30.43500862608198
2025-08-15 19:46:57.690414+00:00,30.43500862608198
2025-08-15 19:47:00.063066+00:00,30.429858018556843
2025-08-15 19:47:01.268032+00:00,30.440159233898157
2025-08-15 19:47:01.908862+00:00,30.445309842005372
2025-08-15 19:47:02.475467+00:00,30.440159233898157
2025-08-15 19:47:06.436842+00:00,30.440159233898157
2025-08-15 19:47:09.307588+00:00,30.440159233898157
2025-08-15 19:47:11.627198+00:00,30.445309842005372
2025-08-15 19:47:13.287173+00:00,30.445309842005372
2025-08-15 19:47:13.637082+00:00,30.445309842005372
2025-08-15 19:47:17.213746+00:00,30.440159233898157
2025-08-15 19:47:18.308380+00:00,30.450460450403625
2025-08-15 19:47:18.887948+00:00,30.450460450403625
2025-08-15 19:47:19.274535+00:00,30.445309842005372
2025-08-15 19:47:19.854005+00:00,30.445309842005372
2025-08-15 19:47:21.295852+00:00,30.465912277344614
2025-08-15 19:47:22.345791+00:00,30.445309842005372
2025-08-15 19:47:23.344217+00:00,30.450460450403625
2025-08-15 19:47:24.137744+00:00,30.460761668073246
2025-08-15 19:47:29.302607+00:00,30.450460450403625
2025-08-15 19:47:29.777296+00:00,30.450460450403625
2025-08-15 19:47:29.934966+00:00,30.460761668073246
2025-08-15 19:47:30.153507+00:00,30.450460450403625
2025-08-15 19:47:30.508747+00:00,30.465912277344614
2025-08-15 19:47:30.905079+00:00,30.450460450403625
2025-08-15 19:47:32.402724+00:00,30.43500862608198
2025-08-15 19:47:32.772924+00:00,30.440159233898157
2025-08-15 19:47:33.370781+00:00,30.445309842005372
2025-08-15 19:47:34.947464+00:00,30.450460450403625
2025-08-15 19:47:36.387005+00:00,30.440159233898157
2025-08-15 19:47:37.021072+00:00,30.43500862608198
2025-08-15 19:47:37.262279+00:00,30.429858018556843
2025-08-15 19:47:37.521536+00:00,30.445309842005372
2025-08-15 19:47:42.513202+00:00,30.429858018556843
2025-08-15 19:47:44.153672+00:00,30.424707411322743
2025-08-15 19:47:44.530969+00:00,30.424707411322743
2025-08-15 19:47:47.347526+00:00,30.429858018556843
2025-08-15 19:47:48.250875+00:00,30.41955680437968
2025-08-15 19:47:51.333514+00:00,30.424707411322743
2025-08-15 19:47:51.817772+00:00,30.424707411322743
2025-08-15 19:47:52.243462+00:00,30.424707411322743
2025-08-15 19:47:52.472299+00:00,30.424707411322743
2025-08-15 19:47:52.729918+00:00,30.43500862608198
2025-08-15 19:47:53.063300+00:00,30.429858018556843
2025-08-15 19:47:53.314261+00:00,30.429858018556843
2025-08-15 19:47:55.435351+00:00,30.414406197727658
2025-08-15 19:47:55.762261+00:00,30.414406197727658
2025-08-15 19:47:56.153715+00:00,30.414406197727658
2025-08-15 19:47:57.546828+00:00,30.41955680437968
2025-08-15 19:47:57.899351+00:00,30.414406197727658
2025-08-15 19:48:01.321096+00:00,30.414406197727658
2025-08-15 19:48:01.760261+00:00,30.41955680437968
2025-08-15 19:48:02.390396+00:00,30.41955680437968
2025-08-15 19:48:02.825707+00:00,30.424707411322743
2025-08-15 19:48:08.852529+00:00,30.424707411322743
2025-08-15 19:48:09.615753+00:00,30.429858018556843
2025-08-15 19:48:10.114477+00:00,30.424707411322743
2025-08-15 19:48:13.487014+00:00,30.424707411322743
2025-08-15 19:48:13.921827+00:00,30.43500862608198
2025-08-15 19:48:14.295389+00:00,30.429858018556843
2025-08-15 19:48:14.588598+00:00,30.424707411322743
2025-08-15 19:48:14.863814+00:00,30.43500862608198
2025-08-15 19:48:15.223172+00:00,30.424707411322743
2025-08-15 19:48:15.708790+00:00,30.43500862608198
2025-08-15 19:48:19.720588+00:00,30.429858018556843
2025-08-15 19:48:19.977035+00:00,30.424707411322743
2025-08-15 19:48:20.554034+00:00,30.429858018556843
2025-08-15 19:48:21.053328+00:00,30.424707411322743
2025-08-15 19:48:22.633717+00:00,30.429858018556843
2025-08-15 19:48:25.390311+00:00,30.43500862608198
2025-08-15 19:48:26.512198+00:00,30.43500862608198
2025-08-15 19:48:27.339515+00:00,30.43500862608198
2025-08-15 19:48:27.989345+00:00,30.424707411322743
2025-08-15 19:48:28.824679+00:00,30.424707411322743
2025-08-15 19:48:33.861807+00:00,30.429858018556843
2025-08-15 19:48:35.199265+00:00,30.424707411322743
2025-08-15 19:48:36.788507+00:00,30.414406197727658
2025-08-15 19:48:37.844897+00:00,30.429858018556843
2025-08-15 19:48:39.999369+00:00,30.43500862608198
2025-08-15 19:48:40.821309+00:00,30.41955680437968
2025-08-15 19:48:42.139196+00:00,30.424707411322743
2025-08-15 19:48:42.422145+00:00,30.43500862608198
2025-08-15 19:48:42.686450+00:00,30.43500862608198
2025-08-15 19:48:44.144077+00:00,30.41955680437968
2025-08-15 19:48:44.636177+00:00,30.424707411322743
2025-08-15 19:48:44.979953+00:00,30.429858018556843
2025-08-15 19:48:45.515832+00:00,30.41955680437968
2025-08-15 19:48:51.299278+00:00,30.414406197727658
2025-08-15 19:48:52.342980+00:00,30.414406197727658
2025-08-15 19:48:53.377798+00:00,30.414406197727658
2025-08-15 19:48:55.810870+00:00,30.414406197727658
2025-08-15 19:48:57.203852+00:00,30.409255591366673
2025-08-15 19:48:57.983395+00:00,30.404104985296726
2025-08-15 19:48:58.351115+00:00,30.398954379517818
2025-08-15 19:48:58.892778+00:00,30.409255591366673
2025-08-15 19:49:04.057298+00:00,30.404104985296726
2025-08-15 19:49:04.521672+00:00,30.409255591366673
2025-08-15 19:49:05.353488+00:00,30.414406197727658
2025-08-15 19:49:05.715486+00:00,30.414406197727658
2025-08-15 19:49:07.751852+00:00,30.414406197727658
2025-08-15 19:49:09.582070+00:00,30.414406197727658
2025-08-15 19:49:11.107022+00:00,30.414406197727658
2025-08-15 19:49:13.219380+00:00,30.409255591366673
2025-08-15 19:49:14.222034+00:00,30.404104985296726
2025-08-15 19:49:16.462072+00:00,30.414406197727658
2025-08-15 19:49:17.275279+00:00,30.414406197727658
2025-08-15 19:49:19.570230+00:00,30.409255591366673
2025-08-15 19:49:23.159771+00:00,30.43500862608198
2025-08-15 19:49:24.212042+00:00,30.424707411322743
2025-08-15 19:49:24.871569+00:00,30.424707411322743
2025-08-15 19:49:26.637342+00:00,30.41955680437968
2025-08-15 19:49:27.068262+00:00,30.424707411322743
2025-08-15 19:49:29.400282+00:00,30.429858018556843
2025-08-15 19:49:33.130596+00:00,30.429858018556843
2025-08-15 19:49:33.651200+00:00,30.43500862608198
2025-08-15 19:49:37.845272+00:00,30.43500862608198
2025-08-15 19:49:38.903866+00:00,30.414406197727658
2025-08-15 19:49:40.007907+00:00,30.429858018556843
2025-08-15 19:49:40.910225+00:00,30.41955680437968
2025-08-15 19:49:41.393518+00:00,30.424707411322743
2025-08-15 19:49:41.795705+00:00,30.429858018556843
2025-08-15 19:49:42.146908+00:00,30.429858018556843
2025-08-15 19:49:42.564380+00:00,30.41955680437968
2025-08-15 19:49:42.863539+00:00,30.43500862608198
2025-08-15 19:49:44.077720+00:00,30.424707411322743
2025-08-15 19:49:44.334639+00:00,30.41955680437968
2025-08-15 19:49:54.389648+00:00,30.429858018556843
2025-08-15 19:49:58.297475+00:00,30.424707411322743
2025-08-15 19:50:03.342554+00:00,30.424707411322743
2025-08-15 19:50:04.684912+00:00,30.404104985296726
2025-08-15 19:50:05.473534+00:00,30.409255591366673
2025-08-15 19:50:09.079420+00:00,30.404104985296726
2025-08-15 19:50:11.721479+00:00,30.41955680437968
2025-08-15 19:50:14.855521+00:00,30.409255591366673
2025-08-15 19:50:15.356595+00:00,30.398954379517818
2025-08-15 19:50:15.829873+00:00,30.409255591366673
2025-08-15 19:50:16.261893+00:00,30.414406197727658
2025-08-15 19:50:20.464361+00:00,30.388653168833116
2025-08-15 19:50:21.879214+00:00,30.398954379517818
2025-08-15 19:50:22.254569+00:00,30.404104985296726
2025-08-15 19:50:26.914170+00:00,30.393803774029948
2025-08-15 19:50:27.875007+00:00,30.393803774029948
2025-08-15 19:50:29.913471+00:00,30.404104985296726
2025-08-15 19:50:33.128578+00:00,30.404104985296726
2025-08-15 19:50:33.546768+00:00,30.404104985296726
2025-08-15 19:50:34.023205+00:00,30.404104985296726
2025-08-15 19:50:34.633756+00:00,30.409255591366673
2025-08-15 19:50:37.067904+00:00,30.398954379517818
2025-08-15 19:50:37.540493+00:00,30.409255591366673
2025-08-15 19:50:38.273924+00:00,30.414406197727658
2025-08-15 19:50:41.289723+00:00,30.393803774029948
2025-08-15 19:50:41.790995+00:00,30.398954379517818
2025-08-15 19:50:44.907540+00:00,30.404104985296726
2025-08-15 19:50:45.919747+00:00,30.404104985296726
2025-08-15 19:50:47.859776+00:00,30.393803774029948
2025-08-15 19:50:48.470372+00:00,30.388653168833116
2025-08-15 19:50:49.092053+00:00,30.393803774029948
2025-08-15 19:50:49.475385+00:00,30.383502563927323
2025-08-15 19:50:49.676121+00:00,30.383502563927323
2025-08-15 19:50:51.672784+00:00,30.383502563927323
2025-08-15 19:50:51.899947+00:00,30.388653168833116
2025-08-15 19:50:52.157379+00:00,30.393803774029948
2025-08-15 19:50:52.977839+00:00,30.378351959312567
2025-08-15 19:50:53.660043+00:00,30.388653168833116
2025-08-15 19:50:57.456756+00:00,30.393803774029948
2025-08-15 19:50:58.019305+00:00,30.383502563927323
2025-08-15 19:50:58.346045+00:00,30.383502563927323
2025-08-15 19:51:01.585502+00:00,30.388653168833116
2025-08-15 19:51:04.117708+00:00,30.378351959312567
2025-08-15 19:51:04.537322+00:00,30.383502563927323
2025-08-15 19:51:04.928664+00:00,30.378351959312567
2025-08-15 19:51:05.294029+00:00,30.37320135498885
2025-08-15 19:51:10.713859+00:00,30.378351959312567
2025-08-15 19:51:16.285275+00:00,30.383502563927323
2025-08-15 19:51:16.732260+00:00,30.378351959312567
2025-08-15 19:51:20.016123+00:00,30.388653168833116
2025-08-15 19:51:21.546030+00:00,30.383502563927323
2025-08-15 19:51:21.776245+00:00,30.37320135498885
2025-08-15 19:51:23.149158+00:00,30.37320135498885
2025-08-15 19:51:25.835489+00:00,30.383502563927323
2025-08-15 19:51:27.991094+00:00,30.383502563927323
2025-08-15 19:51:29.099940+00:00,30.383502563927323
2025-08-15 19:51:32.947012+00:00,30.388653168833116
2025-08-15 19:51:33.292061+00:00,30.383502563927323
2025-08-15 19:51:35.444137+00:00,30.383502563927323
2025-08-15 19:51:36.734212+00:00,30.383502563927323
2025-08-15 19:51:39.488551+00:00,30.383502563927323
2025-08-15 19:51:39.992842+00:00,30.383502563927323
2025-08-15 19:51:41.241749+00:00,30.393803774029948
2025-08-15 19:51:42.888461+00:00,30.388653168833116
2025-08-15 19:51:43.289367+00:00,30.383502563927323
2025-08-15 19:51:44.259014+00:00,30.398954379517818
2025-08-15 19:51:46.949152+00:00,30.37320135498885
2025-08-15 19:51:48.176707+00:00,30.383502563927323
2025-08-15 19:51:48.852500+00:00,30.383502563927323
2025-08-15 19:51:49.713470+00:00,30.393803774029948
2025-08-15 19:51:51.441421+00:00,30.383502563927323
2025-08-15 19:51:51.977536+00:00,30.388653168833116
2025-08-15 19:51:54.126020+00:00,30.383502563927323
2025-08-15 19:51:55.507596+00:00,30.404104985296726
2025-08-15 19:51:55.921104+00:00,30.404104985296726
2025-08-15 19:51:58.839757+00:00,30.404104985296726
2025-08-15 19:51:59.307168+00:00,30.398954379517818
2025-08-15 19:52:02.202305+00:00,30.393803774029948
2025-08-15 19:52:03.744913+00:00,30.409255591366673
2025-08-15 19:52:04.901982+00:00,30.393803774029948
2025-08-15 19:52:11.230364+00:00,30.393803774029948
2025-08-15 19:52:13.540944+00:00,30.393803774029948
2025-08-15 19:52:17.008871+00:00,30.383502563927323
2025-08-15 19:52:17.893653+00:00,30.388653168833116
2025-08-15 19:52:20.599924+00:00,30.393803774029948
2025-08-15 19:52:21.115170+00:00,30.398954379517818
2025-08-15 19:52:22.583771+00:00,30.393803774029948
2025-08-15 19:52:25.412265+00:00,30.393803774029948
2025-08-15 19:52:26.941555+00:00,30.393803774029948
2025-08-15 19:52:27.432268+00:00,30.393803774029948
2025-08-15 19:52:28.318717+00:00,30.388653168833116
2025-08-15 19:52:29.270355+00:00,30.393803774029948
2025-08-15 19:52:29.581283+00:00,30.393803774029948
2025-08-15 19:52:29.823782+00:00,30.398954379517818
2025-08-15 19:52:33.281109+00:00,30.398954379517818
2025-08-15 19:52:34.966079+00:00,30.398954379517818
2025-08-15 19:52:36.262469+00:00,30.393803774029948
2025-08-15 19:52:37.719717+00:00,30.383502563927323
2025-08-15 19:52:39.591188+00:00,30.383502563927323
2025-08-15 19:52:41.217594+00:00,30.393803774029948
2025-08-15 19:52:42.520782+00:00,30.383502563927323
2025-08-15 19:52:44.340983+00:00,30.383502563927323
2025-08-15 19:52:46.388591+00:00,30.378351959312567
2025-08-15 19:52:49.427690+00:00,30.383502563927323
2025-08-15 19:52:50.199490+00:00,30.378351959312567
2025-08-15 19:52:50.600003+00:00,30.383502563927323
2025-08-15 19:52:50.907230+00:00,30.383502563927323
2025-08-15 19:52:51.216304+00:00,30.388653168833116
2025-08-15 19:52:52.823997+00:00,30.378351959312567
2025-08-15 19:52:55.085419+00:00,30.378351959312567
2025-08-15 19:52:55.419925+00:00,30.393803774029948
2025-08-15 19:52:57.671128+00:00,30.37320135498885
2025-08-15 19:52:59.546699+00:00,30.383502563927323
2025-08-15 19:53:04.938380+00:00,30.378351959312567
2025-08-15 19:53:09.318176+00:00,30.37320135498885
2025-08-15 19:53:12.433799+00:00,30.383502563927323
2025-08-15 19:53:15.957751+00:00,30.37320135498885
2025-08-15 19:53:18.075429+00:00,30.368050750956172
2025-08-15 19:53:21.091913+00:00,30.37320135498885
2025-08-15 19:53:21.568387+00:00,30.378351959312567
2025-08-15 19:53:21.828650+00:00,30.378351959312567
2025-08-15 19:53:22.538721+00:00,30.383502563927323
2025-08-15 19:53:23.440379+00:00,30.378351959312567
2025-08-15 19:53:23.715332+00:00,30.383502563927323
2025-08-15 19:53:24.619163+00:00,30.37320135498885
2025-08-15 19:53:25.754161+00:00,30.37320135498885
2025-08-15 19:53:27.349333+00:00,30.368050750956172
2025-08-15 19:53:28.795529+00:00,30.368050750956172
2025-08-15 19:53:29.915208+00:00,30.37320135498885
2025-08-15 19:53:30.467255+00:00,30.362900147214532
2025-08-15 19:53:32.980703+00:00,30.362900147214532
2025-08-15 19:53:34.600008+00:00,30.37320135498885
2025-08-15 19:53:35.117387+00:00,30.37320135498885
2025-08-15 19:53:36.580430+00:00,30.362900147214532
2025-08-15 19:53:37.681373+00:00,30.37320135498885
2025-08-15 19:53:40.087513+00:00,30.368050750956172
2025-08-15 19:53:40.330334+00:00,30.37320135498885
2025-08-15 19:53:40.948717+00:00,30.37320135498885
2025-08-15 19:53:41.425904+00:00,30.368050750956172
2025-08-15 19:53:41.674294+00:00,30.37320135498885
2025-08-15 19:53:42.225532+00:00,30.37320135498885
2025-08-15 19:53:43.906486+00:00,30.35774954376393
2025-08-15 19:53:44.490577+00:00,30.368050750956172
2025-08-15 19:53:47.705060+00:00,30.368050750956172
2025-08-15 19:53:48.642042+00:00,30.362900147214532
2025-08-15 19:53:51.581560+00:00,30.37320135498885
2025-08-15 19:53:52.618629+00:00,30.362900147214532
2025-08-15 19:53:53.131559+00:00,30.362900147214532
2025-08-15 19:53:54.597532+00:00,30.368050750956172
2025-08-15 19:53:56.073232+00:00,30.35774954376393
2025-08-15 19:53:56.619051+00:00,30.362900147214532
2025-08-15 19:53:59.198157+00:00,30.368050750956172
2025-08-15 19:54:00.281597+00:00,30.35774954376393
2025-08-15 19:54:01.025061+00:00,30.37320135498885
2025-08-15 19:54:01.493910+00:00,30.362900147214532
2025-08-15 19:54:04.282145+00:00,30.37320135498885
2025-08-15 19:54:08.916407+00:00,30.362900147214532
2025-08-15 19:54:14.455301+00:00,30.35774954376393
2025-08-15 19:54:14.877247+00:00,30.368050750956172
2025-08-15 19:54:19.472183+00:00,30.37320135498885
2025-08-15 19:54:20.618313+00:00,30.362900147214532
2025-08-15 19:54:21.177953+00:00,30.368050750956172
2025-08-15 19:54:23.625351+00:00,30.368050750956172
2025-08-15 19:54:24.620769+00:00,30.368050750956172
2025-08-15 19:54:25.454621+00:00,30.362900147214532
2025-08-15 19:54:25.798237+00:00,30.362900147214532
2025-08-15 19:54:26.456702+00:00,30.362900147214532
2025-08-15 19:54:27.392764+00:00,30.362900147214532
2025-08-15 19:54:27.952469+00:00,30.368050750956172
2025-08-15 19:54:29.473902+00:00,30.368050750956172
2025-08-15 19:54:29.941136+00:00,30.368050750956172
2025-08-15 19:54:30.385077+00:00,30.342297735158354
2025-08-15 19:54:30.639167+00:00,30.37320135498885
2025-08-15 19:54:32.749220+00:00,30.378351959312567
2025-08-15 19:54:35.973882+00:00,30.368050750956172
2025-08-15 19:54:36.556975+00:00,30.378351959312567
2025-08-15 19:54:36.993120+00:00,30.368050750956172
2025-08-15 19:54:38.463400+00:00,30.362900147214532
2025-08-15 19:54:39.640758+00:00,30.37320135498885
2025-08-15 19:54:39.974303+00:00,30.37320135498885
2025-08-15 19:54:41.920864+00:00,30.37320135498885
2025-08-15 19:54:43.126472+00:00,30.37320135498885
2025-08-15 19:54:44.272269+00:00,30.378351959312567
2025-08-15 19:54:44.780702+00:00,30.378351959312567
2025-08-15 19:54:46.509909+00:00,30.368050750956172
2025-08-15 19:54:46.865057+00:00,30.37320135498885
2025-08-15 19:54:47.498272+00:00,30.378351959312567
2025-08-15 19:54:48.005135+00:00,30.378351959312567
2025-08-15 19:54:48.965365+00:00,30.368050750956172
2025-08-15 19:54:49.985983+00:00,30.331996530876495
2025-08-15 19:54:51.614905+00:00,30.368050750956172
2025-08-15 19:54:52.038273+00:00,30.362900147214532
2025-08-15 19:54:54.413933+00:00,30.368050750956172
2025-08-15 19:54:55.246826+00:00,30.368050750956172
2025-08-15 19:54:55.556591+00:00,30.378351959312567
2025-08-15 19:54:55.934042+00:00,30.37320135498885
2025-08-15 19:54:57.980562+00:00,30.37320135498885
2025-08-15 19:54:58.922548+00:00,30.362900147214532
2025-08-15 19:55:01.120418+00:00,30.362900147214532
2025-08-15 19:55:02.264795+00:00,30.368050750956172
2025-08-15 19:55:04.713896+00:00,30.362900147214532
2025-08-15 19:55:06.112454+00:00,30.362900147214532
2025-08-15 19:55:06.744675+00:00,30.368050750956172
2025-08-15 19:55:07.297377+00:00,30.37320135498885
2025-08-15 19:55:11.213798+00:00,30.37320135498885
2025-08-15 19:55:13.504025+00:00,30.368050750956172
2025-08-15 19:55:13.863908+00:00,30.37320135498885
2025-08-15 19:55:14.251149+00:00,30.362900147214532
2025-08-15 19:55:14.714982+00:00,30.37320135498885
2025-08-15 19:55:15.308385+00:00,30.368050750956172
2025-08-15 19:55:15.803083+00:00,30.368050750956172
2025-08-15 19:55:17.307077+00:00,30.378351959312567
2025-08-15 19:55:18.363763+00:00,30.37320135498885
2025-08-15 19:55:18.866294+00:00,30.368050750956172
2025-08-15 19:55:22.479463+00:00,30.378351959312567
2025-08-15 19:55:23.887307+00:00,30.37320135498885
2025-08-15 19:55:24.246939+00:00,30.368050750956172
2025-08-15 19:55:29.215073+00:00,30.37320135498885
2025-08-15 19:55:30.616394+00:00,30.37320135498885
2025-08-15 19:55:31.840148+00:00,30.37320135498885
2025-08-15 19:55:33.828947+00:00,30.378351959312567
2025-08-15 19:55:36.963909+00:00,30.378351959312567
2025-08-15 19:55:39.609324+00:00,30.37320135498885
2025-08-15 19:55:42.757538+00:00,30.37320135498885
2025-08-15 19:55:44.743942+00:00,30.383502563927323
2025-08-15 19:55:44.995898+00:00,30.378351959312567
2025-08-15 19:55:48.153709+00:00,30.37320135498885
2025-08-15 19:55:48.829403+00:00,30.368050750956172
2025-08-15 19:55:51.904947+00:00,30.37320135498885
2025-08-15 19:55:52.355021+00:00,30.37320135498885
2025-08-15 19:55:52.629815+00:00,30.368050750956172
2025-08-15 19:55:52.940181+00:00,30.383502563927323
2025-08-15 19:55:54.219558+00:00,30.378351959312567
2025-08-15 19:55:54.460334+00:00,30.378351959312567
2025-08-15 19:55:54.928968+00:00,30.378351959312567
2025-08-15 19:55:57.670028+00:00,30.37320135498885
2025-08-15 19:55:57.985510+00:00,30.37320135498885
2025-08-15 19:55:58.203266+00:00,30.37320135498885
2025-08-15 19:55:59.580728+00:00,30.362900147214532
2025-08-15 19:56:00.628283+00:00,30.362900147214532
2025-08-15 19:56:01.151364+00:00,30.37320135498885
2025-08-15 19:56:03.571814+00:00,30.368050750956172
2025-08-15 19:56:09.470767+00:00,30.37320135498885
2025-08-15 19:56:14.414146+00:00,30.362900147214532
2025-08-15 19:56:14.818999+00:00,30.368050750956172
2025-08-15 19:56:17.679683+00:00,30.362900147214532
2025-08-15 19:56:19.367740+00:00,30.368050750956172
2025-08-15 19:56:21.957888+00:00,30.362900147214532
2025-08-15 19:56:24.020291+00:00,30.368050750956172
2025-08-15 19:56:25.065507+00:00,30.368050750956172
2025-08-15 19:56:27.454832+00:00,30.368050750956172
2025-08-15 19:56:28.657370+00:00,30.362900147214532
2025-08-15 19:56:29.803412+00:00,30.362900147214532
2025-08-15 19:56:30.896346+00:00,30.37320135498885
2025-08-15 19:56:32.528015+00:00,30.37320135498885
2025-08-15 19:56:35.133631+00:00,30.383502563927323
2025-08-15 19:56:38.999883+00:00,30.362900147214532
2025-08-15 19:56:39.311421+00:00,30.362900147214532
2025-08-15 19:56:39.617694+00:00,30.368050750956172
2025-08-15 19:56:40.195056+00:00,30.383502563927323
2025-08-15 19:56:41.373079+00:00,30.368050750956172
2025-08-15 19:56:42.152760+00:00,30.368050750956172
2025-08-15 19:56:42.625873+00:00,30.368050750956172
2025-08-15 19:56:42.945183+00:00,30.35774954376393
2025-08-15 19:56:44.964021+00:00,30.362900147214532
2025-08-15 19:56:45.640779+00:00,30.362900147214532
2025-08-15 19:56:47.577843+00:00,30.37320135498885
2025-08-15 19:56:50.546368+00:00,30.378351959312567
2025-08-15 19:56:50.785294+00:00,30.378351959312567
2025-08-15 19:56:53.102116+00:00,30.37320135498885
2025-08-15 19:56:55.290931+00:00,30.37320135498885
2025-08-15 19:56:55.724771+00:00,30.37320135498885
2025-08-15 19:56:57.135066+00:00,30.37320135498885
2025-08-15 19:56:59.676506+00:00,30.378351959312567
2025-08-15 19:57:00.987053+00:00,30.383502563927323
2025-08-15 19:57:03.235215+00:00,30.378351959312567
2025-08-15 19:57:04.128455+00:00,30.37320135498885
2025-08-15 19:57:04.427289+00:00,30.383502563927323
2025-08-15 19:57:04.888682+00:00,30.378351959312567
2025-08-15 19:57:19.410016+00:00,30.378351959312567
2025-08-15 19:57:20.169761+00:00,30.37320135498885
2025-08-15 19:57:20.372293+00:00,30.37320135498885
2025-08-15 19:57:20.783138+00:00,30.368050750956172
2025-08-15 19:57:21.074552+00:00,30.37320135498885
2025-08-15 19:57:23.035625+00:00,30.37320135498885
2025-08-15 19:57:23.563009+00:00,30.368050750956172
2025-08-15 19:57:23.997318+00:00,30.362900147214532
2025-08-15 19:57:26.270529+00:00,30.37320135498885
2025-08-15 19:57:26.617951+00:00,30.362900147214532
2025-08-15 19:57:27.377827+00:00,30.383502563927323
2025-08-15 19:57:28.659130+00:00,30.378351959312567
2025-08-15 19:57:28.993599+00:00,30.37320135498885
2025-08-15 19:57:30.375252+00:00,30.368050750956172
2025-08-15 19:57:30.840558+00:00,30.37320135498885
2025-08-15 19:57:35.443705+00:00,30.368050750956172
2025-08-15 19:57:37.172312+00:00,30.368050750956172
2025-08-15 19:57:38.958799+00:00,30.368050750956172
2025-08-15 19:57:40.004210+00:00,30.362900147214532
2025-08-15 19:57:41.916103+00:00,30.368050750956172
2025-08-15 19:57:43.033961+00:00,30.337147132871905
2025-08-15 19:57:44.106502+00:00,30.362900147214532
2025-08-15 19:57:46.463917+00:00,30.362900147214532
2025-08-15 19:57:49.645372+00:00,30.35774954376393
2025-08-15 19:57:49.883821+00:00,30.352598940604366
2025-08-15 19:57:50.085403+00:00,30.35774954376393
2025-08-15 19:57:50.492915+00:00,30.37320135498885
2025-08-15 19:57:52.993972+00:00,30.37320135498885
2025-08-15 19:57:54.247658+00:00,30.368050750956172
2025-08-15 19:57:55.125479+00:00,30.35774954376393
2025-08-15 19:57:57.559898+00:00,30.362900147214532
2025-08-15 19:57:59.143993+00:00,30.368050750956172
2025-08-15 19:57:59.662081+00:00,30.362900147214532
2025-08-15 19:58:00.701966+00:00,30.35774954376393
2025-08-15 19:58:06.987166+00:00,30.362900147214532
2025-08-15 19:58:07.900484+00:00,30.368050750956172
2025-08-15 19:58:08.409682+00:00,30.362900147214532
2025-08-15 19:58:09.110007+00:00,30.35774954376393
2025-08-15 19:58:11.691852+00:00,30.362900147214532
2025-08-15 19:58:12.758947+00:00,30.362900147214532
2025-08-15 19:58:13.402922+00:00,30.368050750956172
2025-08-15 19:58:13.853756+00:00,30.368050750956172
2025-08-15 19:58:14.626506+00:00,30.368050750956172
2025-08-15 19:58:15.266855+00:00,30.362900147214532
2025-08-15 19:58:15.767793+00:00,30.37320135498885
2025-08-15 19:58:16.371747+00:00,30.37320135498885
2025-08-15 19:58:17.037319+00:00,30.37320135498885
2025-08-15 19:58:18.599940+00:00,30.37320135498885
2025-08-15 19:58:23.450103+00:00,30.378351959312567
2025-08-15 19:58:27.475845+00:00,30.383502563927323
2025-08-15 19:58:29.120840+00:00,30.388653168833116
2025-08-15 19:58:31.402432+00:00,30.388653168833116
2025-08-15 19:58:32.051861+00:00,30.383502563927323
2025-08-15 19:58:34.791214+00:00,30.378351959312567
2025-08-15 19:58:35.418231+00:00,30.393803774029948
2025-08-15 19:58:37.230861+00:00,30.378351959312567
2025-08-15 19:58:38.851569+00:00,30.378351959312567
2025-08-15 19:58:39.787558+00:00,30.383502563927323
2025-08-15 19:58:42.188345+00:00,30.383502563927323
2025-08-15 19:58:43.729855+00:00,30.393803774029948
2025-08-15 19:58:44.857361+00:00,30.404104985296726
2025-08-15 19:58:48.943064+00:00,30.393803774029948
2025-08-15 19:58:50.781836+00:00,30.393803774029948
2025-08-15 19:58:51.783919+00:00,30.388653168833116
2025-08-15 19:58:52.519589+00:00,30.388653168833116
2025-08-15 19:58:53.948749+00:00,30.388653168833116
2025-08-15 19:58:55.284580+00:00,30.383502563927323
2025-08-15 19:58:56.620563+00:00,30.393803774029948
2025-08-15 19:59:01.351667+00:00,30.388653168833116
2025-08-15 19:59:05.100457+00:00,30.383502563927323
2025-08-15 19:59:05.449269+00:00,30.388653168833116
2025-08-15 19:59:06.449812+00:00,30.388653168833116
2025-08-15 19:59:07.638771+00:00,30.388653168833116
2025-08-15 19:59:08.217403+00:00,30.383502563927323
2025-08-15 19:59:11.442924+00:00,30.393803774029948
2025-08-15 19:59:11.999255+00:00,30.378351959312567
2025-08-15 19:59:12.675525+00:00,30.393803774029948
2025-08-15 19:59:13.706288+00:00,30.388653168833116
2025-08-15 19:59:16.282352+00:00,30.383502563927323
2025-08-15 19:59:17.273426+00:00,30.37320135498885
2025-08-15 19:59:18.198014+00:00,30.383502563927323
2025-08-15 19:59:18.616338+00:00,30.383502563927323
2025-08-15 19:59:19.115408+00:00,30.388653168833116
2025-08-15 19:59:22.857121+00:00,30.393803774029948
2025-08-15 19:59:24.441020+00:00,30.383502563927323
2025-08-15 19:59:24.915314+00:00,30.383502563927323
2025-08-15 19:59:25.198190+00:00,30.378351959312567
2025-08-15 19:59:26.433763+00:00,30.37320135498885
2025-08-15 19:59:26.758908+00:00,30.383502563927323
2025-08-15 19:59:28.479743+00:00,30.37320135498885
2025-08-15 19:59:28.749089+00:00,30.37320135498885
2025-08-15 19:59:33.256808+00:00,30.37320135498885
2025-08-15 19:59:34.226009+00:00,30.383502563927323
2025-08-15 19:59:34.836515+00:00,30.388653168833116
2025-08-15 19:59:37.197885+00:00,30.383502563927323
2025-08-15 19:59:38.931853+00:00,30.378351959312567
2025-08-15 19:59:40.708331+00:00,30.362900147214532
2025-08-15 19:59:41.467280+00:00,30.383502563927323
2025-08-15 19:59:43.700091+00:00,30.368050750956172
2025-08-15 19:59:44.383991+00:00,30.383502563927323
2025-08-15 19:59:47.968186+00:00,30.383502563927323
2025-08-15 19:59:49.762825+00:00,30.388653168833116
2025-08-15 19:59:50.807534+00:00,30.383502563927323
2025-08-15 19:59:51.676713+00:00,30.383502563927323
2025-08-15 19:59:52.395460+00:00,30.378351959312567
2025-08-15 19:59:52.998049+00:00,30.37320135498885
2025-08-15 19:59:54.684297+00:00,30.383502563927323
2025-08-15 19:59:55.089953+00:00,30.378351959312567
2025-08-15 19:59:59.036519+00:00,30.378351959312567
2025-08-15 19:59:59.504944+00:00,30.383502563927323
2025-08-15 19:59:59.874095+00:00,30.388653168833116
2025-08-15 20:00:00.195980+00:00,30.378351959312567
2025-08-15 20:00:00.615257+00:00,30.378351959312567
2025-08-15 20:00:03.779823+00:00,30.383502563927323
2025-08-15 20:00:04.127154+00:00,30.383502563927323
2025-08-15 20:00:04.465096+00:00,30.383502563927323
2025-08-15 20:00:06.097806+00:00,30.378351959312567
2025-08-15 20:00:06.572409+00:00,30.37320135498885
2025-08-15 20:00:07.708989+00:00,30.352598940604366
2025-08-15 20:00:08.115182+00:00,30.368050750956172
2025-08-15 20:00:08.992544+00:00,30.368050750956172
2025-08-15 20:00:09.389282+00:00,30.352598940604366
2025-08-15 20:00:10.467673+00:00,30.378351959312567
2025-08-15 20:00:15.574429+00:00,30.368050750956172
2025-08-15 20:00:16.950546+00:00,30.362900147214532
2025-08-15 20:00:19.657553+00:00,30.352598940604366
2025-08-15 20:00:25.200938+00:00,30.362900147214532
2025-08-15 20:00:26.697949+00:00,30.35774954376393
2025-08-15 20:00:26.974186+00:00,30.352598940604366
2025-08-15 20:00:29.463156+00:00,30.362900147214532
2025-08-15 20:00:29.963071+00:00,30.37320135498885
2025-08-15 20:00:30.540460+00:00,30.352598940604366
2025-08-15 20:00:31.384632+00:00,30.352598940604366
2025-08-15 20:00:36.222051+00:00,30.362900147214532
2025-08-15 20:00:38.897588+00:00,30.362900147214532
2025-08-15 20:00:39.214789+00:00,30.352598940604366
2025-08-15 20:00:39.521795+00:00,30.362900147214532
2025-08-15 20:00:40.022671+00:00,30.368050750956172
2025-08-15 20:00:41.435648+00:00,30.362900147214532
2025-08-15 20:00:42.874094+00:00,30.35774954376393
2025-08-15 20:00:44.331870+00:00,30.35774954376393
2025-08-15 20:00:44.808988+00:00,30.352598940604366
2025-08-15 20:00:46.123476+00:00,30.35774954376393
2025-08-15 20:00:46.658349+00:00,30.34744833773584
2025-08-15 20:00:48.714145+00:00,30.34744833773584
2025-08-15 20:00:50.047706+00:00,30.352598940604366
2025-08-15 20:00:51.744264+00:00,30.342297735158354
2025-08-15 20:00:52.102775+00:00,30.352598940604366
2025-08-15 20:00:53.498414+00:00,30.342297735158354
2025-08-15 20:00:59.555083+00:00,30.34744833773584
2025-08-15 20:01:00.551933+00:00,30.342297735158354
2025-08-15 20:01:02.523246+00:00,30.342297735158354
2025-08-15 20:01:03.915340+00:00,30.342297735158354
2025-08-15 20:01:04.647999+00:00,30.352598940604366
2025-08-15 20:01:05.238772+00:00,30.352598940604366
2025-08-15 20:01:08.572222+00:00,30.34744833773584
2025-08-15 20:01:10.999469+00:00,30.342297735158354
2025-08-15 20:01:11.382888+00:00,30.342297735158354
2025-08-15 20:01:16.001569+00:00,30.34744833773584
2025-08-15 20:01:16.383789+00:00,30.352598940604366
2025-08-15 20:01:17.099506+00:00,30.342297735158354
2025-08-15 20:01:21.875015+00:00,30.352598940604366
2025-08-15 20:01:23.374055+00:00,30.34744833773584
2025-08-15 20:01:25.113751+00:00,30.362900147214532
2025-08-15 20:01:25.988876+00:00,30.34744833773584
2025-08-15 20:01:29.216529+00:00,30.342297735158354
2025-08-15 20:01:29.548688+00:00,30.35774954376393
2025-08-15 20:01:29.790299+00:00,30.352598940604366
2025-08-15 20:01:30.300033+00:00,30.35774954376393
2025-08-15 20:01:33.051697+00:00,30.362900147214532
2025-08-15 20:01:35.905949+00:00,30.342297735158354
2025-08-15 20:01:38.227693+00:00,30.352598940604366
2025-08-15 20:01:39.573430+00:00,30.35774954376393
2025-08-15 20:01:40.655533+00:00,30.352598940604366
2025-08-15 20:01:40.905569+00:00,30.368050750956172
2025-08-15 20:01:42.671663+00:00,30.34744833773584
2025-08-15 20:01:44.065689+00:00,30.35774954376393
2025-08-15 20:01:44.324440+00:00,30.35774954376393
2025-08-15 20:01:44.801812+00:00,30.352598940604366
2025-08-15 20:01:45.194836+00:00,30.362900147214532
2025-08-15 20:01:46.995487+00:00,30.35774954376393
2025-08-15 20:01:48.560753+00:00,30.352598940604366
2025-08-15 20:01:50.838433+00:00,30.35774954376393
2025-08-15 20:01:52.504358+00:00,30.34744833773584
2025-08-15 20:01:53.698089+00:00,30.34744833773584
2025-08-15 20:01:53.979552+00:00,30.34744833773584
2025-08-15 20:01:54.313413+00:00,30.342297735158354
2025-08-15 20:01:54.598133+00:00,30.35774954376393
2025-08-15 20:01:56.455216+00:00,30.352598940604366
2025-08-15 20:02:00.221427+00:00,30.362900147214532
2025-08-15 20:02:03.565090+00:00,30.362900147214532
2025-08-15 20:02:04.012200+00:00,30.35774954376393
2025-08-15 20:02:04.470715+00:00,30.34744833773584
2025-08-15 20:02:05.671296+00:00,30.362900147214532
2025-08-15 20:02:09.161493+00:00,30.35774954376393
2025-08-15 20:02:13.110635+00:00,30.352598940604366
2025-08-15 20:02:14.383200+00:00,30.352598940604366
2025-08-15 20:02:14.565583+00:00,30.35774954376393
2025-08-15 20:02:16.437890+00:00,30.35774954376393
2025-08-15 20:02:17.121216+00:00,30.35774954376393
2025-08-15 20:02:17.573592+00:00,30.34744833773584
2025-08-15 20:02:18.484995+00:00,30.34744833773584
2025-08-15 20:02:18.862468+00:00,30.352598940604366
2025-08-15 20:02:19.647876+00:00,30.35774954376393
2025-08-15 20:02:20.137740+00:00,30.352598940604366
2025-08-15 20:02:21.559754+00:00,30.352598940604366
2025-08-15 20:02:22.745134+00:00,30.352598940604366
2025-08-15 20:02:23.978979+00:00,30.352598940604366
2025-08-15 20:02:24.423546+00:00,30.34744833773584
2025-08-15 20:02:28.103807+00:00,30.34744833773584
2025-08-15 20:02:28.531399+00:00,30.352598940604366
2025-08-15 20:02:28.796369+00:00,30.352598940604366
2025-08-15 20:02:30.876629+00:00,30.342297735158354
2025-08-15 20:02:34.330773+00:00,30.342297735158354
2025-08-15 20:02:36.347585+00:00,30.34744833773584
2025-08-15 20:02:37.284854+00:00,30.342297735158354
2025-08-15 20:02:39.172793+00:00,30.342297735158354
2025-08-15 20:02:39.589301+00:00,30.337147132871905
2025-08-15 20:02:39.906959+00:00,30.331996530876495
2025-08-15 20:02:41.568918+00:00,30.342297735158354
2025-08-15 20:02:41.811873+00:00,30.331996530876495
2025-08-15 20:02:42.722492+00:00,30.337147132871905
2025-08-15 20:02:46.002179+00:00,30.331996530876495
2025-08-15 20:02:47.427960+00:00,30.337147132871905
2025-08-15 20:02:50.083511+00:00,30.331996530876495
2025-08-15 20:02:51.172450+00:00,30.342297735158354
2025-08-15 20:02:51.930484+00:00,30.337147132871905
2025-08-15 20:02:52.347770+00:00,30.342297735158354
2025-08-15 20:02:52.806877+00:00,30.342297735158354
2025-08-15 20:02:53.097890+00:00,30.331996530876495
2025-08-15 20:02:53.338876+00:00,30.34744833773584
2025-08-15 20:02:54.403987+00:00,30.331996530876495
2025-08-15 20:02:56.782405+00:00,30.337147132871905
2025-08-15 20:02:58.398858+00:00,30.342297735158354
2025-08-15 20:02:59.314633+00:00,30.342297735158354
2025-08-15 20:03:10.338658+00:00,30.342297735158354
2025-08-15 20:03:10.870374+00:00,30.34744833773584
2025-08-15 20:03:11.467291+00:00,30.331996530876495
2025-08-15 20:03:11.936757+00:00,30.342297735158354
2025-08-15 20:03:12.502922+00:00,30.34744833773584
2025-08-15 20:03:16.103542+00:00,30.342297735158354
2025-08-15 20:03:16.510330+00:00,30.337147132871905
2025-08-15 20:03:17.020562+00:00,30.34744833773584
2025-08-15 20:03:17.344122+00:00,30.342297735158354
2025-08-15 20:03:17.906152+00:00,30.337147132871905
2025-08-15 20:03:18.269144+00:00,30.342297735158354
2025-08-15 20:03:18.785731+00:00,30.337147132871905
2025-08-15 20:03:19.179222+00:00,30.337147132871905
2025-08-15 20:03:19.521182+00:00,30.331996530876495
2025-08-15 20:03:19.812543+00:00,30.331996530876495
2025-08-15 20:03:20.288734+00:00,30.342297735158354
2025-08-15 20:03:20.790333+00:00,30.342297735158354
2025-08-15 20:03:26.981066+00:00,30.331996530876495
2025-08-15 20:03:27.372796+00:00,30.331996530876495
2025-08-15 20:03:27.992070+00:00,30.34744833773584
2025-08-15 20:03:28.353473+00:00,30.331996530876495
2025-08-15 20:03:33.650410+00:00,30.331996530876495
2025-08-15 20:03:37.096282+00:00,30.32169532775879
2025-08-15 20:03:38.651581+00:00,30.326845929172123
2025-08-15 20:03:39.453532+00:00,30.331996530876495
2025-08-15 20:03:39.919091+00:00,30.331996530876495
2025-08-15 20:03:40.497995+00:00,30.342297735158354
2025-08-15 20:03:41.007715+00:00,30.331996530876495
2025-08-15 20:03:41.741565+00:00,30.337147132871905
2025-08-15 20:03:42.104374+00:00,30.331996530876495
2025-08-15 20:03:42.979019+00:00,30.331996530876495
2025-08-15 20:03:43.565901+00:00,30.337147132871905
2025-08-15 20:03:44.535283+00:00,30.337147132871905
2025-08-15 20:03:45.737743+00:00,30.331996530876495
2025-08-15 20:03:49.873158+00:00,30.331996530876495
2025-08-15 20:03:50.732115+00:00,30.326845929172123
2025-08-15 20:03:51.049487+00:00,30.331996530876495
2025-08-15 20:03:51.342851+00:00,30.337147132871905
2025-08-15 20:03:51.793800+00:00,30.342297735158354
2025-08-15 20:03:53.114231+00:00,30.342297735158354
2025-08-15 20:03:54.124484+00:00,30.331996530876495
2025-08-15 20:03:55.654009+00:00,30.331996530876495
2025-08-15 20:03:59.957090+00:00,30.331996530876495
2025-08-15 20:04:01.751545+00:00,30.326845929172123
2025-08-15 20:04:02.127504+00:00,30.326845929172123
2025-08-15 20:04:02.679444+00:00,30.326845929172123
2025-08-15 20:04:03.129456+00:00,30.331996530876495
2025-08-15 20:04:03.585281+00:00,30.337147132871905
2025-08-15 20:04:03.934547+00:00,30.331996530876495
2025-08-15 20:04:10.613313+00:00,30.331996530876495
2025-08-15 20:04:11.120961+00:00,30.337147132871905
2025-08-15 20:04:11.569151+00:00,30.32169532775879
2025-08-15 20:04:17.730052+00:00,30.326845929172123
2025-08-15 20:04:19.477965+00:00,30.337147132871905
2025-08-15 20:04:19.836974+00:00,30.331996530876495
2025-08-15 20:04:22.825205+00:00,30.342297735158354
2025-08-15 20:04:24.087594+00:00,30.342297735158354
2025-08-15 20:04:27.847580+00:00,30.331996530876495
2025-08-15 20:04:33.900467+00:00,30.337147132871905
2025-08-15 20:04:34.260520+00:00,30.352598940604366
2025-08-15 20:04:36.203957+00:00,30.331996530876495
2025-08-15 20:04:37.031310+00:00,30.342297735158354
2025-08-15 20:04:39.269779+00:00,30.342297735158354
2025-08-15 20:04:39.911551+00:00,30.34744833773584
2025-08-15 20:04:40.128516+00:00,30.352598940604366
2025-08-15 20:04:40.377211+00:00,30.34744833773584
2025-08-15 20:04:41.801321+00:00,30.352598940604366
2025-08-15 20:04:43.630910+00:00,30.342297735158354
2025-08-15 20:04:44.171768+00:00,30.342297735158354
2025-08-15 20:04:47.309571+00:00,30.34744833773584
2025-08-15 20:04:47.823121+00:00,30.337147132871905
2025-08-15 20:04:48.541841+00:00,30.34744833773584
2025-08-15 20:04:53.687778+00:00,30.352598940604366
2025-08-15 20:04:54.321514+00:00,30.342297735158354
2025-08-15 20:04:54.655169+00:00,30.352598940604366
2025-08-15 20:04:56.919659+00:00,30.34744833773584
2025-08-15 20:04:58.028705+00:00,30.331996530876495
2025-08-15 20:05:01.855993+00:00,30.331996530876495
2025-08-15 20:05:04.058968+00:00,30.32169532775879
2025-08-15 20:05:08.026877+00:00,30.331996530876495
2025-08-15 20:05:08.907934+00:00,30.326845929172123
2025-08-15 20:05:13.666554+00:00,30.306243525265018
2025-08-15 20:05:14.198511+00:00,30.311394125805236
2025-08-15 20:05:17.868925+00:00,30.306243525265018
2025-08-15 20:05:24.149316+00:00,30.311394125805236
2025-08-15 20:05:25.645585+00:00,30.32169532775879
2025-08-15 20:05:26.633417+00:00,30.311394125805236
2025-08-15 20:05:29.757453+00:00,30.311394125805236
2025-08-15 20:05:30.393954+00:00,30.311394125805236
2025-08-15 20:05:36.850268+00:00,30.311394125805236
2025-08-15 20:05:38.118432+00:00,30.311394125805236
2025-08-15 20:05:42.871379+00:00,30.316544726636494
2025-08-15 20:05:47.190471+00:00,30.331996530876495
2025-08-15 20:05:50.103855+00:00,30.32169532775879
2025-08-15 20:05:50.840576+00:00,30.32169532775879
2025-08-15 20:05:52.753425+00:00,30.311394125805236
2025-08-15 20:05:54.541428+00:00,30.311394125805236
2025-08-15 20:05:57.932451+00:00,30.316544726636494
2025-08-15 20:05:58.143532+00:00,30.326845929172123
2025-08-15 20:05:58.751737+00:00,30.32169532775879
2025-08-15 20:05:59.494249+00:00,30.331996530876495
2025-08-15 20:06:00.793707+00:00,30.331996530876495
2025-08-15 20:06:03.373052+00:00,30.326845929172123
2025-08-15 20:06:04.960344+00:00,30.326845929172123
2025-08-15 20:06:05.702914+00:00,30.331996530876495
2025-08-15 20:06:06.135780+00:00,30.32169532775879
2025-08-15 20:06:06.789416+00:00,30.331996530876495
2025-08-15 20:06:15.619691+00:00,30.32169532775879
2025-08-15 20:06:17.303868+00:00,30.326845929172123
2025-08-15 20:06:19.752160+00:00,30.32169532775879
2025-08-15 20:06:21.807388+00:00,30.331996530876495
2025-08-15 20:06:22.585242+00:00,30.331996530876495
2025-08-15 20:06:22.860296+00:00,30.326845929172123
2025-08-15 20:06:26.409407+00:00,30.326845929172123
2025-08-15 20:06:29.158728+00:00,30.316544726636494
2025-08-15 20:06:29.533590+00:00,30.326845929172123
2025-08-15 20:06:31.835169+00:00,30.326845929172123
2025-08-15 20:06:32.633902+00:00,30.32169532775879
2025-08-15 20:06:34.199229+00:00,30.32169532775879
2025-08-15 20:06:34.758552+00:00,30.326845929172123
2025-08-15 20:06:37.155963+00:00,30.32169532775879
2025-08-15 20:06:39.678453+00:00,30.32169532775879
2025-08-15 20:06:40.773222+00:00,30.32169532775879
2025-08-15 20:06:41.767860+00:00,30.32169532775879
2025-08-15 20:06:42.559390+00:00,30.316544726636494
2025-08-15 20:06:43.657207+00:00,30.32169532775879
2025-08-15 20:06:44.509546+00:00,30.316544726636494
2025-08-15 20:06:46.813915+00:00,30.306243525265018
2025-08-15 20:06:47.284989+00:00,30.311394125805236
2025-08-15 20:06:48.206955+00:00,30.316544726636494
2025-08-15 20:06:49.275346+00:00,30.306243525265018
2025-08-15 20:06:52.068159+00:00,30.306243525265018
2025-08-15 20:06:53.422827+00:00,30.301092925015837
2025-08-15 20:06:54.343293+00:00,30.311394125805236
2025-08-15 20:06:55.017673+00:00,30.301092925015837
2025-08-15 20:06:56.884697+00:00,30.306243525265018
2025-08-15 20:06:57.298970+00:00,30.301092925015837
2025-08-15 20:06:59.169900+00:00,30.295942325057695
2025-08-15 20:07:00.204774+00:00,30.285641126014525
2025-08-15 20:07:02.130831+00:00,30.295942325057695
2025-08-15 20:07:03.557291+00:00,30.306243525265018
2025-08-15 20:07:05.790378+00:00,30.301092925015837
2025-08-15 20:07:06.314655+00:00,30.301092925015837
2025-08-15 20:07:06.914316+00:00,30.295942325057695
2025-08-15 20:07:07.917560+00:00,30.301092925015837
2025-08-15 20:07:08.393628+00:00,30.301092925015837
2025-08-15 20:07:11.999328+00:00,30.29079172539059
2025-08-15 20:07:12.779105+00:00,30.29079172539059
2025-08-15 20:07:14.966290+00:00,30.29079172539059
2025-08-15 20:07:16.103491+00:00,30.285641126014525
2025-08-15 20:07:19.934015+00:00,30.295942325057695
2025-08-15 20:07:21.225405+00:00,30.285641126014525
2025-08-15 20:07:21.975586+00:00,30.280490526929498
2025-08-15 20:07:22.923991+00:00,30.280490526929498
2025-08-15 20:07:23.672849+00:00,30.280490526929498
2025-08-15 20:07:26.035445+00:00,30.280490526929498
2025-08-15 20:07:26.914414+00:00,30.29079172539059
2025-08-15 20:07:27.457636+00:00,30.280490526929498
2025-08-15 20:07:28.600810+00:00,30.29079172539059
2025-08-15 20:07:28.858097+00:00,30.27533992813551
2025-08-15 20:07:29.395687+00:00,30.280490526929498
2025-08-15 20:07:34.917986+00:00,30.29079172539059
2025-08-15 20:07:35.435982+00:00,30.29079172539059
2025-08-15 20:07:38.802592+00:00,30.285641126014525
2025-08-15 20:07:44.938468+00:00,30.280490526929498
2025-08-15 20:07:45.480490+00:00,30.285641126014525
2025-08-15 20:07:47.059323+00:00,30.29079172539059
2025-08-15 20:07:47.602348+00:00,30.285641126014525
2025-08-15 20:07:47.993414+00:00,30.280490526929498
2025-08-15 20:07:49.682035+00:00,30.280490526929498
2025-08-15 20:07:50.257423+00:00,30.280490526929498
2025-08-15 20:07:52.906889+00:00,30.295942325057695
2025-08-15 20:07:53.866342+00:00,30.29079172539059
2025-08-15 20:07:54.252298+00:00,30.29079172539059
2025-08-15 20:07:56.280751+00:00,30.295942325057695
2025-08-15 20:07:57.682702+00:00,30.285641126014525
2025-08-15 20:07:59.948390+00:00,30.295942325057695
2025-08-15 20:08:00.271802+00:00,30.29079172539059
2025-08-15 20:08:02.612923+00:00,30.295942325057695
2025-08-15 20:08:03.321284+00:00,30.29079172539059
2025-08-15 20:08:05.604908+00:00,30.301092925015837
2025-08-15 20:08:10.263176+00:00,30.301092925015837
2025-08-15 20:08:10.698786+00:00,30.311394125805236
2025-08-15 20:08:12.436878+00:00,30.301092925015837
2025-08-15 20:08:14.608883+00:00,30.301092925015837
2025-08-15 20:08:14.966084+00:00,30.301092925015837
2025-08-15 20:08:15.436579+00:00,30.306243525265018
2025-08-15 20:08:16.862538+00:00,30.306243525265018
2025-08-15 20:08:18.087907+00:00,30.311394125805236
2025-08-15 20:08:21.824488+00:00,30.306243525265018
2025-08-15 20:08:22.840927+00:00,30.311394125805236
2025-08-15 20:08:24.073379+00:00,30.311394125805236
2025-08-15 20:08:24.532055+00:00,30.316544726636494
2025-08-15 20:08:26.398134+00:00,30.311394125805236
2025-08-15 20:08:29.017835+00:00,30.316544726636494
2025-08-15 20:08:30.561992+00:00,30.306243525265018
2025-08-15 20:08:33.762248+00:00,30.306243525265018
2025-08-15 20:08:34.393663+00:00,30.306243525265018
2025-08-15 20:08:36.460757+00:00,30.316544726636494
2025-08-15 20:08:38.208476+00:00,30.316544726636494
2025-08-15 20:08:39.387947+00:00,30.316544726636494
2025-08-15 20:08:42.883441+00:00,30.32169532775879
2025-08-15 20:08:45.821449+00:00,30.32169532775879
2025-08-15 20:08:46.347138+00:00,30.32169532775879
2025-08-15 20:08:47.325837+00:00,30.326845929172123
2025-08-15 20:08:51.742767+00:00,30.32169532775879
2025-08-15 20:08:52.795573+00:00,30.316544726636494
2025-08-15 20:08:53.514938+00:00,30.316544726636494
2025-08-15 20:08:53.789731+00:00,30.32169532775879
2025-08-15 20:08:54.032019+00:00,30.32169532775879
2025-08-15 20:08:55.211801+00:00,30.32169532775879
2025-08-15 20:08:56.589661+00:00,30.316544726636494
2025-08-15 20:08:56.840245+00:00,30.311394125805236
2025-08-15 20:08:57.909026+00:00,30.311394125805236
2025-08-15 20:08:58.626418+00:00,30.311394125805236
2025-08-15 20:09:01.634442+00:00,30.311394125805236
2025-08-15 20:09:02.585909+00:00,30.311394125805236
2025-08-15 20:09:06.068550+00:00,30.316544726636494
2025-08-15 20:09:07.519370+00:00,30.32169532775879
2025-08-15 20:09:10.060754+00:00,30.316544726636494
2025-08-15 20:09:14.272751+00:00,30.331996530876495
2025-08-15 20:09:14.480917+00:00,30.32169532775879
2025-08-15 20:09:14.815374+00:00,30.326845929172123
2025-08-15 20:09:15.150721+00:00,30.337147132871905
2025-08-15 20:09:16.593448+00:00,30.331996530876495
2025-08-15 20:09:20.210477+00:00,30.32169532775879
2025-08-15 20:09:21.140200+00:00,30.311394125805236
2025-08-15 20:09:23.469721+00:00,30.32169532775879
2025-08-15 20:09:25.186713+00:00,30.316544726636494
2025-08-15 20:09:27.355881+00:00,30.32169532775879
2025-08-15 20:09:27.832414+00:00,30.311394125805236
2025-08-15 20:09:28.224314+00:00,30.311394125805236
2025-08-15 20:09:30.339251+00:00,30.311394125805236
2025-08-15 20:09:35.743378+00:00,30.301092925015837
2025-08-15 20:09:36.084937+00:00,30.301092925015837
2025-08-15 20:09:38.331747+00:00,30.301092925015837
2025-08-15 20:09:38.847271+00:00,30.301092925015837
2025-08-15 20:09:42.830249+00:00,30.301092925015837
2025-08-15 20:09:45.076261+00:00,30.29079172539059
2025-08-15 20:09:46.322722+00:00,30.295942325057695
2025-08-15 20:09:49.254660+00:00,30.29079172539059
2025-08-15 20:09:50.165438+00:00,30.29079172539059
2025-08-15 20:09:50.743143+00:00,30.29079172539059
2025-08-15 20:09:51.218981+00:00,30.29079172539059
2025-08-15 20:09:56.531836+00:00,30.285641126014525
2025-08-15 20:09:56.814640+00:00,30.280490526929498
2025-08-15 20:09:57.164830+00:00,30.285641126014525
2025-08-15 20:09:57.859181+00:00,30.29079172539059
2025-08-15 20:10:01.292771+00:00,30.280490526929498
2025-08-15 20:10:02.546121+00:00,30.280490526929498
2025-08-15 20:10:03.230444+00:00,30.285641126014525
2025-08-15 20:10:06.538570+00:00,30.280490526929498
2025-08-15 20:10:10.943589+00:00,30.29079172539059
2025-08-15 20:10:13.845092+00:00,30.285641126014525
2025-08-15 20:10:16.370633+00:00,30.29079172539059
2025-08-15 20:10:18.174781+00:00,30.301092925015837
2025-08-15 20:10:21.100148+00:00,30.285641126014525
2025-08-15 20:10:26.919456+00:00,30.29079172539059
2025-08-15 20:10:30.686708+00:00,30.29079172539059
2025-08-15 20:10:34.078023+00:00,30.285641126014525
2025-08-15 20:10:35.043633+00:00,30.280490526929498
2025-08-15 20:10:47.821776+00:00,30.311394125805236
2025-08-15 20:10:49.226172+00:00,30.29079172539059
2025-08-15 20:10:50.015974+00:00,30.295942325057695
2025-08-15 20:10:52.305282+00:00,30.285641126014525
2025-08-15 20:10:52.585720+00:00,30.285641126014525
2025-08-15 20:10:54.031193+00:00,30.29079172539059
2025-08-15 20:10:54.262541+00:00,30.295942325057695
2025-08-15 20:10:54.532036+00:00,30.306243525265018
2025-08-15 20:10:54.833418+00:00,30.301092925015837
2025-08-15 20:11:00.093979+00:00,30.295942325057695
2025-08-15 20:11:02.625956+00:00,30.301092925015837
2025-08-15 20:11:04.541897+00:00,30.29079172539059
2025-08-15 20:11:07.369413+00:00,30.301092925015837
2025-08-15 20:11:09.707213+00:00,30.301092925015837
2025-08-15 20:11:14.237093+00:00,30.295942325057695
2025-08-15 20:11:14.544588+00:00,30.29079172539059
2025-08-15 20:11:16.515894+00:00,30.29079172539059
2025-08-15 20:11:18.537834+00:00,30.295942325057695
2025-08-15 20:11:19.006170+00:00,30.285641126014525
2025-08-15 20:11:19.725489+00:00,30.29079172539059
2025-08-15 20:11:20.276424+00:00,30.301092925015837
2025-08-15 20:11:24.979511+00:00,30.29079172539059
2025-08-15 20:11:25.854989+00:00,30.29079172539059
2025-08-15 20:11:27.878481+00:00,30.285641126014525
2025-08-15 20:11:28.304409+00:00,30.29079172539059
2025-08-15 20:11:35.437561+00:00,30.316544726636494
2025-08-15 20:11:38.024036+00:00,30.285641126014525
2025-08-15 20:11:40.276935+00:00,30.27533992813551
2025-08-15 20:11:42.362120+00:00,30.280490526929498
2025-08-15 20:11:42.827273+00:00,30.285641126014525
2025-08-15 20:11:45.100993+00:00,30.285641126014525
2025-08-15 20:11:46.057249+00:00,30.29079172539059
2025-08-15 20:11:49.198951+00:00,30.285641126014525
2025-08-15 20:11:50.006629+00:00,30.29079172539059
2025-08-15 20:11:50.454636+00:00,30.280490526929498
2025-08-15 20:11:51.110735+00:00,30.285641126014525
2025-08-15 20:11:55.397747+00:00,30.295942325057695
2025-08-15 20:11:56.038532+00:00,30.295942325057695
2025-08-15 20:11:57.716969+00:00,30.285641126014525
2025-08-15 20:11:58.110471+00:00,30.29079172539059
2025-08-15 20:11:58.429461+00:00,30.285641126014525
2025-08-15 20:12:02.147180+00:00,30.285641126014525
2025-08-15 20:12:02.989495+00:00,30.27533992813551
2025-08-15 20:12:03.850079+00:00,30.285641126014525
2025-08-15 20:12:04.309478+00:00,30.29079172539059
2025-08-15 20:12:05.005894+00:00,30.285641126014525
2025-08-15 20:12:05.373360+00:00,30.280490526929498
2025-08-15 20:12:06.331889+00:00,30.280490526929498
2025-08-15 20:12:07.001141+00:00,30.280490526929498
2025-08-15 20:12:10.105912+00:00,30.29079172539059
2025-08-15 20:12:11.355537+00:00,30.285641126014525
2025-08-15 20:12:13.030371+00:00,30.29079172539059
2025-08-15 20:12:14.525507+00:00,30.280490526929498
2025-08-15 20:12:14.911042+00:00,30.29079172539059
2025-08-15 20:12:15.206178+00:00,30.285641126014525
2025-08-15 20:12:15.744679+00:00,30.29079172539059
2025-08-15 20:12:16.831530+00:00,30.280490526929498
2025-08-15 20:12:17.557733+00:00,30.285641126014525
2025-08-15 20:12:20.823942+00:00,30.29079172539059
2025-08-15 20:12:21.098801+00:00,30.285641126014525
2025-08-15 20:12:21.368863+00:00,30.295942325057695
2025-08-15 20:12:22.511014+00:00,30.295942325057695
2025-08-15 20:12:23.028961+00:00,30.285641126014525
2025-08-15 20:12:24.307842+00:00,30.29079172539059
2025-08-15 20:12:24.896087+00:00,30.285641126014525
2025-08-15 20:12:25.436326+00:00,30.29079172539059
2025-08-15 20:12:37.239131+00:00,30.29079172539059
2025-08-15 20:12:38.384428+00:00,30.280490526929498
2025-08-15 20:12:38.661629+00:00,30.285641126014525
2025-08-15 20:12:38.943252+00:00,30.285641126014525
2025-08-15 20:12:40.748711+00:00,30.280490526929498
2025-08-15 20:12:43.780495+00:00,30.270189329632558
2025-08-15 20:12:44.834467+00:00,30.270189329632558
2025-08-15 20:12:47.381434+00:00,30.27533992813551
2025-08-15 20:12:48.807556+00:00,30.270189329632558
2025-08-15 20:12:50.356038+00:00,30.27533992813551
2025-08-15 20:12:51.394555+00:00,30.27533992813551
2025-08-15 20:12:54.660636+00:00,30.270189329632558
2025-08-15 20:12:57.201478+00:00,30.254737535869936
2025-08-15 20:12:57.426303+00:00,30.27533992813551
2025-08-15 20:12:58.199472+00:00,30.270189329632558
2025-08-15 20:12:58.604112+00:00,30.270189329632558
2025-08-15 20:13:00.743079+00:00,30.280490526929498
2025-08-15 20:13:05.413369+00:00,30.27533992813551
2025-08-15 20:13:07.946925+00:00,30.27533992813551
2025-08-15 20:13:13.487423+00:00,30.280490526929498
2025-08-15 20:13:16.433313+00:00,30.29079172539059
2025-08-15 20:13:18.943017+00:00,30.29079172539059
2025-08-15 20:13:19.729678+00:00,30.280490526929498
2025-08-15 20:13:19.987129+00:00,30.285641126014525
2025-08-15 20:13:20.227707+00:00,30.29079172539059
2025-08-15 20:13:22.562763+00:00,30.295942325057695
2025-08-15 20:13:22.812084+00:00,30.285641126014525
2025-08-15 20:13:26.942832+00:00,30.29079172539059
2025-08-15 20:13:28.033318+00:00,30.280490526929498
2025-08-15 20:13:29.697631+00:00,30.280490526929498
2025-08-15 20:13:31.533530+00:00,30.29079172539059
2025-08-15 20:13:34.045356+00:00,30.285641126014525
2025-08-15 20:13:35.126237+00:00,30.280490526929498
2025-08-15 20:13:37.590304+00:00,30.27533992813551
2025-08-15 20:13:39.035200+00:00,30.280490526929498
2025-08-15 20:13:40.095727+00:00,30.27533992813551
2025-08-15 20:13:40.873814+00:00,30.285641126014525
2025-08-15 20:13:41.350481+00:00,30.27533992813551
2025-08-15 20:13:41.586963+00:00,30.285641126014525
2025-08-15 20:13:50.940673+00:00,30.27533992813551
2025-08-15 20:13:51.615870+00:00,30.27533992813551
2025-08-15 20:13:52.433177+00:00,30.27533992813551
2025-08-15 20:13:53.261652+00:00,30.280490526929498
2025-08-15 20:13:56.490511+00:00,30.270189329632558
2025-08-15 20:13:59.504191+00:00,30.270189329632558
2025-08-15 20:13:59.733526+00:00,30.265038731420645
2025-08-15 20:14:01.219855+00:00,30.270189329632558
2025-08-15 20:14:01.680693+00:00,30.265038731420645
2025-08-15 20:14:02.294468+00:00,30.265038731420645
2025-08-15 20:14:04.870485+00:00,30.27533992813551
2025-08-15 20:14:08.287182+00:00,30.25988813349977
2025-08-15 20:14:08.661958+00:00,30.270189329632558
2025-08-15 20:14:13.425741+00:00,30.27533992813551
2025-08-15 20:14:14.771750+00:00,30.254737535869936
2025-08-15 20:14:16.461509+00:00,30.270189329632558
2025-08-15 20:14:17.779141+00:00,30.270189329632558
2025-08-15 20:14:18.165953+00:00,30.27533992813551
2025-08-15 20:14:20.643592+00:00,30.270189329632558
2025-08-15 20:14:21.671562+00:00,30.27533992813551
2025-08-15 20:14:22.013926+00:00,30.280490526929498
2025-08-15 20:14:23.081831+00:00,30.27533992813551
2025-08-15 20:14:24.160134+00:00,30.27533992813551
2025-08-15 20:14:25.881037+00:00,30.270189329632558
2025-08-15 20:14:28.312441+00:00,30.270189329632558
2025-08-15 20:14:29.100214+00:00,30.270189329632558
2025-08-15 20:14:31.970169+00:00,30.27533992813551
2025-08-15 20:14:32.674393+00:00,30.280490526929498
2025-08-15 20:14:34.120931+00:00,30.280490526929498
2025-08-15 20:14:35.356146+00:00,30.270189329632558
2025-08-15 20:14:38.122529+00:00,30.27533992813551
2025-08-15 20:14:39.692591+00:00,30.270189329632558
2025-08-15 20:14:41.459398+00:00,30.27533992813551
2025-08-15 20:14:41.722030+00:00,30.280490526929498
2025-08-15 20:14:41.975010+00:00,30.27533992813551
2025-08-15 20:14:42.481584+00:00,30.280490526929498
2025-08-15 20:14:43.225472+00:00,30.29079172539059
2025-08-15 20:14:43.836748+00:00,30.29079172539059
2025-08-15 20:14:44.278223+00:00,30.280490526929498
2025-08-15 20:14:48.944150+00:00,30.29079172539059
2025-08-15 20:14:52.666255+00:00,30.280490526929498
2025-08-15 20:14:53.008773+00:00,30.285641126014525
2025-08-15 20:14:54.002301+00:00,30.280490526929498
2025-08-15 20:14:55.449540+00:00,30.285641126014525
2025-08-15 20:14:59.444859+00:00,30.280490526929498
2025-08-15 20:15:00.965626+00:00,30.280490526929498
2025-08-15 20:15:02.636989+00:00,30.285641126014525
2025-08-15 20:15:05.927430+00:00,30.27533992813551
2025-08-15 20:15:08.389322+00:00,30.280490526929498
2025-08-15 20:15:09.019855+00:00,30.280490526929498
2025-08-15 20:15:14.497109+00:00,30.280490526929498
2025-08-15 20:15:17.829274+00:00,30.27533992813551
2025-08-15 20:15:18.565066+00:00,30.27533992813551
2025-08-15 20:15:20.201997+00:00,30.280490526929498
2025-08-15 20:15:20.827752+00:00,30.280490526929498
2025-08-15 20:15:21.193562+00:00,30.270189329632558
2025-08-15 20:15:21.738739+00:00,30.295942325057695
2025-08-15 20:15:22.273991+00:00,30.285641126014525
2025-08-15 20:15:22.581015+00:00,30.27533992813551
2025-08-15 20:15:26.196444+00:00,30.27533992813551
2025-08-15 20:15:26.977146+00:00,30.27533992813551
2025-08-15 20:15:27.350845+00:00,30.270189329632558
2025-08-15 20:15:27.727255+00:00,30.285641126014525
2025-08-15 20:15:31.787767+00:00,30.270189329632558
2025-08-15 20:15:33.526364+00:00,30.270189329632558
2025-08-15 20:15:36.580688+00:00,30.24443634148338
2025-08-15 20:15:38.420330+00:00,30.270189329632558
2025-08-15 20:15:39.237520+00:00,30.280490526929498
2025-08-15 20:15:40.035164+00:00,30.270189329632558
2025-08-15 20:15:40.410994+00:00,30.265038731420645
2025-08-15 20:15:45.543393+00:00,30.270189329632558
2025-08-15 20:15:46.210190+00:00,30.280490526929498
2025-08-15 20:15:47.583308+00:00,30.270189329632558
2025-08-15 20:15:48.146481+00:00,30.270189329632558
2025-08-15 20:15:49.995866+00:00,30.265038731420645
2025-08-15 20:15:51.350004+00:00,30.25988813349977
2025-08-15 20:15:53.382157+00:00,30.27533992813551
2025-08-15 20:15:53.756008+00:00,30.270189329632558
2025-08-15 20:15:56.378432+00:00,30.265038731420645
2025-08-15 20:15:58.492592+00:00,30.270189329632558
2025-08-15 20:15:58.744231+00:00,30.270189329632558
2025-08-15 20:16:02.208556+00:00,30.25988813349977
2025-08-15 20:16:09.251672+00:00,30.25988813349977
2025-08-15 20:16:10.960444+00:00,30.254737535869936
2025-08-15 20:16:12.892109+00:00,30.254737535869936
2025-08-15 20:16:19.271227+00:00,30.25988813349977
2025-08-15 20:16:20.357893+00:00,30.25988813349977
2025-08-15 20:16:21.043685+00:00,30.265038731420645
2025-08-15 20:16:21.986208+00:00,30.265038731420645
2025-08-15 20:16:23.264691+00:00,30.265038731420645
2025-08-15 20:16:26.308095+00:00,30.254737535869936
2025-08-15 20:16:26.606941+00:00,30.249586938531138
2025-08-15 20:16:26.858758+00:00,30.270189329632558
2025-08-15 20:16:27.032831+00:00,30.254737535869936
2025-08-15 20:16:28.302902+00:00,30.265038731420645
2025-08-15 20:16:29.207768+00:00,30.254737535869936
2025-08-15 20:16:29.449791+00:00,30.265038731420645
2025-08-15 20:16:33.251190+00:00,30.25988813349977
2025-08-15 20:16:35.158300+00:00,30.25988813349977
2025-08-15 20:16:35.872647+00:00,30.25988813349977
2025-08-15 20:16:38.200972+00:00,30.25988813349977
2025-08-15 20:16:38.812666+00:00,30.270189329632558
2025-08-15 20:16:39.288353+00:00,30.265038731420645
2025-08-15 20:16:41.628131+00:00,30.265038731420645
2025-08-15 20:16:43.290213+00:00,30.270189329632558
2025-08-15 20:16:43.849893+00:00,30.265038731420645
2025-08-15 20:16:44.350871+00:00,30.265038731420645
2025-08-15 20:16:44.851563+00:00,30.265038731420645
2025-08-15 20:16:45.371369+00:00,30.265038731420645
2025-08-15 20:16:45.909306+00:00,30.265038731420645
2025-08-15 20:16:49.216669+00:00,30.265038731420645
2025-08-15 20:16:51.927343+00:00,30.254737535869936
2025-08-15 20:16:53.724726+00:00,30.265038731420645
2025-08-15 20:16:54.274455+00:00,30.25988813349977
2025-08-15 20:16:56.338850+00:00,30.265038731420645
2025-08-15 20:16:57.508803+00:00,30.249586938531138
2025-08-15 20:16:58.276557+00:00,30.254737535869936
2025-08-15 20:17:01.043068+00:00,30.254737535869936
2025-08-15 20:17:01.834246+00:00,30.24443634148338
2025-08-15 20:17:02.346270+00:00,30.249586938531138
2025-08-15 20:17:07.689322+00:00,30.24443634148338
2025-08-15 20:17:08.616460+00:00,30.249586938531138
2025-08-15 20:17:09.442773+00:00,30.254737535869936
2025-08-15 20:17:10.558746+00:00,30.249586938531138
2025-08-15 20:17:11.974108+00:00,30.249586938531138
2025-08-15 20:17:14.495848+00:00,30.24443634148338
2025-08-15 20:17:15.817527+00:00,30.249586938531138
2025-08-15 20:17:18.939843+00:00,30.249586938531138
2025-08-15 20:17:19.795787+00:00,30.249586938531138
2025-08-15 20:17:20.685719+00:00,30.254737535869936
2025-08-15 20:17:22.514017+00:00,30.254737535869936
2025-08-15 20:17:23.459369+00:00,30.25988813349977
2025-08-15 20:17:25.238781+00:00,30.265038731420645
2025-08-15 20:17:25.940571+00:00,30.270189329632558
2025-08-15 20:17:26.241046+00:00,30.27533992813551
2025-08-15 20:17:27.495461+00:00,30.265038731420645
2025-08-15 20:17:27.820581+00:00,30.270189329632558
2025-08-15 20:17:29.375172+00:00,30.270189329632558
2025-08-15 20:17:30.831979+00:00,30.270189329632558
2025-08-15 20:17:31.312233+00:00,30.270189329632558
2025-08-15 20:17:34.390741+00:00,30.27533992813551
2025-08-15 20:17:34.912627+00:00,30.270189329632558
2025-08-15 20:17:36.156643+00:00,30.270189329632558
2025-08-15 20:17:37.035807+00:00,30.265038731420645
2025-08-15 20:17:37.961270+00:00,30.270189329632558
2025-08-15 20:17:38.922225+00:00,30.270189329632558
2025-08-15 20:17:39.431462+00:00,30.270189329632558
2025-08-15 20:17:40.762312+00:00,30.270189329632558
2025-08-15 20:17:41.223496+00:00,30.265038731420645
2025-08-15 20:17:41.497293+00:00,30.265038731420645
2025-08-15 20:17:41.890201+00:00,30.27533992813551
2025-08-15 20:17:42.198724+00:00,30.270189329632558
2025-08-15 20:17:44.956887+00:00,30.270189329632558
2025-08-15 20:17:47.086640+00:00,30.265038731420645
2025-08-15 20:17:49.330266+00:00,30.280490526929498
2025-08-15 20:17:50.399648+00:00,30.265038731420645
2025-08-15 20:17:53.074823+00:00,30.265038731420645
2025-08-15 20:17:57.569348+00:00,30.270189329632558
2025-08-15 20:17:59.056680+00:00,30.27533992813551
2025-08-15 20:18:02.302104+00:00,30.29079172539059
2025-08-15 20:18:03.231119+00:00,30.27533992813551
2025-08-15 20:18:03.918926+00:00,30.27533992813551
2025-08-15 20:18:09.915699+00:00,30.270189329632558
2025-08-15 20:18:11.984242+00:00,30.280490526929498
2025-08-15 20:18:14.667375+00:00,30.27533992813551
2025-08-15 20:18:14.989447+00:00,30.270189329632558
2025-08-15 20:18:16.294840+00:00,30.280490526929498
2025-08-15 20:18:19.748038+00:00,30.270189329632558
2025-08-15 20:18:24.305546+00:00,30.280490526929498
2025-08-15 20:18:26.781992+00:00,30.280490526929498
2025-08-15 20:18:29.214319+00:00,30.280490526929498
2025-08-15 20:18:30.457437+00:00,30.270189329632558
2025-08-15 20:18:32.997722+00:00,30.27533992813551
2025-08-15 20:18:33.548111+00:00,30.270189329632558
2025-08-15 20:18:33.992662+00:00,30.270189329632558
2025-08-15 20:18:34.483185+00:00,30.280490526929498
2025-08-15 20:18:36.740248+00:00,30.280490526929498
2025-08-15 20:18:36.997646+00:00,30.280490526929498
2025-08-15 20:18:37.366798+00:00,30.270189329632558
2025-08-15 20:18:38.106074+00:00,30.280490526929498
2025-08-15 20:18:38.994801+00:00,30.270189329632558
2025-08-15 20:18:40.489204+00:00,30.270189329632558
2025-08-15 20:18:43.081881+00:00,30.270189329632558
2025-08-15 20:18:45.721971+00:00,30.270189329632558
2025-08-15 20:18:48.653455+00:00,30.270189329632558
2025-08-15 20:18:48.887229+00:00,30.27533992813551
2025-08-15 20:18:49.262404+00:00,30.27533992813551
2025-08-15 20:18:51.101852+00:00,30.270189329632558
2025-08-15 20:18:51.594368+00:00,30.270189329632558
2025-08-15 20:18:51.945486+00:00,30.270189329632558
2025-08-15 20:18:52.261882+00:00,30.265038731420645
2025-08-15 20:18:54.263530+00:00,30.265038731420645
2025-08-15 20:18:55.223368+00:00,30.280490526929498
2025-08-15 20:18:55.954032+00:00,30.265038731420645
2025-08-15 20:18:59.135732+00:00,30.265038731420645
2025-08-15 20:18:59.721064+00:00,30.265038731420645
2025-08-15 20:19:00.005068+00:00,30.265038731420645
2025-08-15 20:19:00.381474+00:00,30.270189329632558
2025-08-15 20:19:02.171724+00:00,30.25988813349977
2025-08-15 20:19:04.824502+00:00,30.254737535869936
2025-08-15 20:19:05.473993+00:00,30.249586938531138
2025-08-15 20:19:15.321680+00:00,30.254737535869936
2025-08-15 20:19:17.346086+00:00,30.24443634148338
2025-08-15 20:19:17.685984+00:00,30.249586938531138
2025-08-15 20:19:18.071160+00:00,30.254737535869936
2025-08-15 20:19:18.472359+00:00,30.249586938531138
2025-08-15 20:19:19.090047+00:00,30.24443634148338
2025-08-15 20:19:20.612279+00:00,30.249586938531138
2025-08-15 20:19:23.855850+00:00,30.254737535869936
2025-08-15 20:19:26.438410+00:00,30.254737535869936
2025-08-15 20:19:27.404746+00:00,30.254737535869936
2025-08-15 20:19:28.422961+00:00,30.249586938531138
2025-08-15 20:19:29.281173+00:00,30.24443634148338
2025-08-15 20:19:29.913105+00:00,30.254737535869936
2025-08-15 20:19:31.479593+00:00,30.254737535869936
2025-08-15 20:19:32.389689+00:00,30.24443634148338
2025-08-15 20:19:33.249747+00:00,30.24443634148338
2025-08-15 20:19:37.024817+00:00,30.249586938531138
2025-08-15 20:19:37.902535+00:00,30.249586938531138
2025-08-15 20:19:38.128357+00:00,30.249586938531138
2025-08-15 20:19:39.741606+00:00,30.239285744726658
2025-08-15 20:19:40.168572+00:00,30.234135148260975
2025-08-15 20:19:40.417965+00:00,30.249586938531138
2025-08-15 20:19:41.179637+00:00,30.25988813349977
2025-08-15 20:19:43.770168+00:00,30.239285744726658
2025-08-15 20:19:46.741814+00:00,30.234135148260975
2025-08-15 20:19:48.287160+00:00,30.234135148260975
2025-08-15 20:19:51.222479+00:00,30.22898455208633
2025-08-15 20:19:54.028419+00:00,30.22898455208633
2025-08-15 20:19:56.887477+00:00,30.22898455208633
2025-08-15 20:20:00.395517+00:00,30.223833956202725
2025-08-15 20:20:07.402220+00:00,30.239285744726658
2025-08-15 20:20:08.516372+00:00,30.223833956202725
2025-08-15 20:20:09.763709+00:00,30.223833956202725
2025-08-15 20:20:17.869238+00:00,30.239285744726658
2025-08-15 20:20:18.397450+00:00,30.22898455208633
2025-08-15 20:20:18.940171+00:00,30.213532765308628
2025-08-15 20:20:20.410859+00:00,30.208382170298137
2025-08-15 20:20:22.736248+00:00,30.22898455208633
2025-08-15 20:20:23.444682+00:00,30.22898455208633
2025-08-15 20:20:24.199138+00:00,30.223833956202725
2025-08-15 20:20:26.650806+00:00,30.234135148260975
2025-08-15 20:20:30.336032+00:00,30.22898455208633
2025-08-15 20:20:32.717304+00:00,30.22898455208633
2025-08-15 20:20:36.236076+00:00,30.22898455208633
2025-08-15 20:20:37.970775+00:00,30.218683360610157
2025-08-15 20:20:39.227749+00:00,30.203231575578684
2025-08-15 20:20:41.470236+00:00,30.22898455208633
2025-08-15 20:20:44.937376+00:00,30.22898455208633
2025-08-15 20:20:49.405171+00:00,30.234135148260975
2025-08-15 20:20:49.814245+00:00,30.22898455208633
2025-08-15 20:20:51.994393+00:00,30.223833956202725
2025-08-15 20:20:52.302723+00:00,30.22898455208633
2025-08-15 20:20:52.563171+00:00,30.239285744726658
2025-08-15 20:20:53.629003+00:00,30.24443634148338
2025-08-15 20:20:58.303151+00:00,30.234135148260975
2025-08-15 20:20:59.176769+00:00,30.234135148260975
2025-08-15 20:21:03.569914+00:00,30.24443634148338
2025-08-15 20:21:05.453632+00:00,30.234135148260975
2025-08-15 20:21:08.636948+00:00,30.239285744726658
2025-08-15 20:21:10.084167+00:00,30.239285744726658
2025-08-15 20:21:13.106829+00:00,30.239285744726658
2025-08-15 20:21:14.761388+00:00,30.239285744726658
2025-08-15 20:21:22.342973+00:00,30.239285744726658
2025-08-15 20:21:22.810809+00:00,30.24443634148338
2025-08-15 20:21:24.095855+00:00,30.249586938531138
2025-08-15 20:21:24.629698+00:00,30.239285744726658
2025-08-15 20:21:24.963350+00:00,30.24443634148338
2025-08-15 20:21:25.674823+00:00,30.24443634148338
2025-08-15 20:21:26.675218+00:00,30.234135148260975
2025-08-15 20:21:27.196177+00:00,30.239285744726658
2025-08-15 20:21:28.971099+00:00,30.239285744726658
2025-08-15 20:21:29.551977+00:00,30.249586938531138
2025-08-15 20:21:30.801456+00:00,30.249586938531138
2025-08-15 20:21:34.019280+00:00,30.249586938531138
2025-08-15 20:21:36.553811+00:00,30.25988813349977
2025-08-15 20:21:37.049561+00:00,30.254737535869936
2025-08-15 20:21:39.651229+00:00,30.249586938531138
2025-08-15 20:21:43.822394+00:00,30.239285744726658
2025-08-15 20:21:45.060348+00:00,30.234135148260975
2025-08-15 20:21:47.494187+00:00,30.249586938531138
2025-08-15 20:21:49.537827+00:00,30.25988813349977
2025-08-15 20:21:50.622293+00:00,30.249586938531138
2025-08-15 20:21:51.133802+00:00,30.249586938531138
2025-08-15 20:21:51.559577+00:00,30.249586938531138
2025-08-15 20:21:53.864415+00:00,30.239285744726658
2025-08-15 20:21:54.276762+00:00,30.249586938531138
2025-08-15 20:21:54.617278+00:00,30.249586938531138
2025-08-15 20:21:55.534199+00:00,30.24443634148338
2025-08-15 20:21:56.464467+00:00,30.254737535869936
2025-08-15 20:21:56.764468+00:00,30.25988813349977
2025-08-15 20:21:57.130735+00:00,30.254737535869936
2025-08-15 20:21:59.378927+00:00,30.254737535869936
2025-08-15 20:22:05.023584+00:00,30.249586938531138
2025-08-15 20:22:06.202080+00:00,30.24443634148338
2025-08-15 20:22:09.537513+00:00,30.249586938531138
2025-08-15 20:22:10.476562+00:00,30.234135148260975
2025-08-15 20:22:14.614026+00:00,30.249586938531138
2025-08-15 20:22:17.518592+00:00,30.239285744726658
2025-08-15 20:22:20.717863+00:00,30.24443634148338
2025-08-15 20:22:23.326724+00:00,30.24443634148338
2025-08-15 20:22:23.582673+00:00,30.249586938531138
2025-08-15 20:22:24.150195+00:00,30.239285744726658
2025-08-15 20:22:24.316444+00:00,30.24443634148338
2025-08-15 20:22:24.824879+00:00,30.249586938531138
2025-08-15 20:22:25.234358+00:00,30.24443634148338
2025-08-15 20:22:29.118119+00:00,30.249586938531138
2025-08-15 20:22:29.800147+00:00,30.249586938531138
2025-08-15 20:22:34.976294+00:00,30.24443634148338
2025-08-15 20:22:35.803986+00:00,30.249586938531138
2025-08-15 20:22:36.001135+00:00,30.24443634148338
2025-08-15 20:22:36.261916+00:00,30.249586938531138
2025-08-15 20:22:36.421400+00:00,30.25988813349977
2025-08-15 20:22:37.139481+00:00,30.25988813349977
2025-08-15 20:22:37.882890+00:00,30.24443634148338
2025-08-15 20:22:39.655030+00:00,30.254737535869936
2025-08-15 20:22:42.236183+00:00,30.265038731420645
2025-08-15 20:22:42.671867+00:00,30.254737535869936
2025-08-15 20:22:42.980214+00:00,30.24443634148338
2025-08-15 20:22:45.782484+00:00,30.249586938531138
2025-08-15 20:22:49.656235+00:00,30.24443634148338
2025-08-15 20:22:49.962437+00:00,30.24443634148338
2025-08-15 20:22:50.333890+00:00,30.249586938531138
2025-08-15 20:22:50.939107+00:00,30.254737535869936
2025-08-15 20:22:51.834297+00:00,30.254737535869936
2025-08-15 20:22:54.841250+00:00,30.270189329632558
2025-08-15 20:22:55.517559+00:00,30.254737535869936
2025-08-15 20:22:56.586785+00:00,30.254737535869936
2025-08-15 20:22:58.208389+00:00,30.25988813349977
2025-08-15 20:22:59.761243+00:00,30.254737535869936
2025-08-15 20:23:02.968473+00:00,30.254737535869936
2025-08-15 20:23:04.266288+00:00,30.249586938531138
2025-08-15 20:23:09.114514+00:00,30.254737535869936
2025-08-15 20:23:09.972763+00:00,30.239285744726658
2025-08-15 20:23:14.818798+00:00,30.25988813349977
2025-08-15 20:23:16.555312+00:00,30.239285744726658
2025-08-15 20:23:19.589901+00:00,30.239285744726658
2025-08-15 20:23:21.422676+00:00,30.24443634148338
2025-08-15 20:23:21.915167+00:00,30.249586938531138
2025-08-15 20:23:26.043712+00:00,30.24443634148338
2025-08-15 20:23:26.970082+00:00,30.239285744726658
2025-08-15 20:23:27.756537+00:00,30.239285744726658
2025-08-15 20:23:32.684858+00:00,30.24443634148338
2025-08-15 20:23:33.224208+00:00,30.24443634148338
2025-08-15 20:23:34.248756+00:00,30.249586938531138
2025-08-15 20:23:34.913748+00:00,30.249586938531138
2025-08-15 20:23:36.102249+00:00,30.24443634148338
2025-08-15 20:23:36.886338+00:00,30.254737535869936
2025-08-15 20:23:39.009038+00:00,30.239285744726658
2025-08-15 20:23:41.131650+00:00,30.249586938531138
2025-08-15 20:23:43.038191+00:00,30.249586938531138
2025-08-15 20:23:44.248260+00:00,30.239285744726658
2025-08-15 20:23:46.223120+00:00,30.24443634148338
2025-08-15 20:23:48.116240+00:00,30.249586938531138
2025-08-15 20:23:48.589555+00:00,30.254737535869936
2025-08-15 20:23:48.950155+00:00,30.239285744726658
2025-08-15 20:23:50.838745+00:00,30.249586938531138
2025-08-15 20:23:51.347157+00:00,30.24443634148338
2025-08-15 20:23:55.472932+00:00,30.249586938531138
2025-08-15 20:23:56.290988+00:00,30.234135148260975
2025-08-15 20:23:58.413804+00:00,30.249586938531138
2025-08-15 20:24:02.256083+00:00,30.24443634148338
2025-08-15 20:24:03.440124+00:00,30.234135148260975
2025-08-15 20:24:05.732718+00:00,30.234135148260975
2025-08-15 20:24:08.563684+00:00,30.239285744726658
2025-08-15 20:24:10.181052+00:00,30.24443634148338
2025-08-15 20:24:11.540373+00:00,30.22898455208633
2025-08-15 20:24:13.414975+00:00,30.239285744726658
2025-08-15 20:24:14.016151+00:00,30.223833956202725
2025-08-15 20:24:17.290052+00:00,30.223833956202725
2025-08-15 20:24:19.465858+00:00,30.22898455208633
2025-08-15 20:24:21.232959+00:00,30.234135148260975
2025-08-15 20:24:23.217704+00:00,30.234135148260975
2025-08-15 20:24:29.326088+00:00,30.239285744726658
2025-08-15 20:24:30.405086+00:00,30.234135148260975
2025-08-15 20:24:31.097635+00:00,30.223833956202725
2025-08-15 20:24:33.462445+00:00,30.22898455208633
2025-08-15 20:24:34.388165+00:00,30.239285744726658
2025-08-15 20:24:34.639932+00:00,30.239285744726658
2025-08-15 20:24:34.915177+00:00,30.239285744726658
2025-08-15 20:24:35.166313+00:00,30.234135148260975
2025-08-15 20:24:35.373743+00:00,30.24443634148338
2025-08-15 20:24:35.634030+00:00,30.24443634148338
2025-08-15 20:24:37.479593+00:00,30.234135148260975
2025-08-15 20:24:38.156000+00:00,30.22898455208633
2025-08-15 20:24:38.449700+00:00,30.22898455208633
2025-08-15 20:24:41.378962+00:00,30.239285744726658
2025-08-15 20:24:43.615438+00:00,30.22898455208633
2025-08-15 20:24:43.946997+00:00,30.213532765308628
2025-08-15 20:24:44.773475+00:00,30.22898455208633
2025-08-15 20:24:44.997881+00:00,30.239285744726658
2025-08-15 20:24:45.374372+00:00,30.24443634148338
2025-08-15 20:24:45.763184+00:00,30.239285744726658
2025-08-15 20:24:46.133313+00:00,30.22898455208633
2025-08-15 20:24:46.617600+00:00,30.234135148260975
2025-08-15 20:24:46.971703+00:00,30.234135148260975
2025-08-15 20:24:47.305834+00:00,30.239285744726658
2025-08-15 20:24:47.664091+00:00,30.234135148260975
2025-08-15 20:24:49.017873+00:00,30.203231575578684
2025-08-15 20:24:51.582733+00:00,30.22898455208633
2025-08-15 20:24:51.833005+00:00,30.22898455208633
2025-08-15 20:24:52.100564+00:00,30.22898455208633
2025-08-15 20:24:52.626423+00:00,30.239285744726658
2025-08-15 20:24:52.925576+00:00,30.22898455208633
2025-08-15 20:24:53.636524+00:00,30.223833956202725
2025-08-15 20:24:55.306283+00:00,30.223833956202725
2025-08-15 20:24:56.364817+00:00,30.22898455208633
2025-08-15 20:24:59.525641+00:00,30.223833956202725
2025-08-15 20:25:00.697519+00:00,30.22898455208633
2025-08-15 20:25:02.878554+00:00,30.22898455208633
2025-08-15 20:25:04.863904+00:00,30.22898455208633
2025-08-15 20:25:05.296203+00:00,30.22898455208633
2025-08-15 20:25:05.923678+00:00,30.22898455208633
2025-08-15 20:25:07.284541+00:00,30.239285744726658
2025-08-15 20:25:08.078398+00:00,30.22898455208633
2025-08-15 20:25:11.199451+00:00,30.223833956202725
2025-08-15 20:25:13.598676+00:00,30.213532765308628
2025-08-15 20:25:17.695632+00:00,30.234135148260975
2025-08-15 20:25:19.250686+00:00,30.213532765308628
2025-08-15 20:25:22.832223+00:00,30.208382170298137
2025-08-15 20:25:25.078872+00:00,30.213532765308628
2025-08-15 20:25:31.247191+00:00,30.208382170298137
2025-08-15 20:25:37.222135+00:00,30.208382170298137
2025-08-15 20:25:39.549099+00:00,30.192930387012893
2025-08-15 20:25:40.234327+00:00,30.19808098115027
2025-08-15 20:25:44.947338+00:00,30.192930387012893
2025-08-15 20:25:45.365912+00:00,30.19808098115027
2025-08-15 20:25:45.831508+00:00,30.192930387012893
2025-08-15 20:25:46.517517+00:00,30.19808098115027
2025-08-15 20:25:48.200759+00:00,30.187779793166555
2025-08-15 20:25:48.832065+00:00,30.19808098115027
2025-08-15 20:25:51.881797+00:00,30.192930387012893
2025-08-15 20:25:52.391117+00:00,30.192930387012893
2025-08-15 20:25:52.683048+00:00,30.19808098115027
2025-08-15 20:25:53.267956+00:00,30.19808098115027
2025-08-15 20:25:54.055996+00:00,30.208382170298137
2025-08-15 20:25:54.310733+00:00,30.203231575578684
2025-08-15 20:25:54.563761+00:00,30.208382170298137
2025-08-15 20:25:57.260272+00:00,30.187779793166555
2025-08-15 20:25:58.606700+00:00,30.213532765308628
2025-08-15 20:25:59.414967+00:00,30.192930387012893
2025-08-15 20:25:59.734358+00:00,30.19808098115027
2025-08-15 20:26:00.443400+00:00,30.19808098115027
2025-08-15 20:26:01.378702+00:00,30.19808098115027
2025-08-15 20:26:02.890923+00:00,30.19808098115027
2025-08-15 20:26:03.483110+00:00,30.19808098115027
2025-08-15 20:26:03.844233+00:00,30.203231575578684
2025-08-15 20:26:08.129854+00:00,30.187779793166555
2025-08-15 20:26:08.604834+00:00,30.192930387012893
2025-08-15 20:26:09.460475+00:00,30.19808098115027
2025-08-15 20:26:09.875204+00:00,30.187779793166555
2025-08-15 20:26:13.104826+00:00,30.182629199611256
2025-08-15 20:26:16.286500+00:00,30.177478606346995
2025-08-15 20:26:16.728541+00:00,30.187779793166555
2025-08-15 20:26:17.202206+00:00,30.192930387012893
2025-08-15 20:26:21.635314+00:00,30.187779793166555
2025-08-15 20:26:26.069463+00:00,30.187779793166555
2025-08-15 20:26:26.536923+00:00,30.182629199611256
2025-08-15 20:26:26.902651+00:00,30.182629199611256
2025-08-15 20:26:28.299104+00:00,30.182629199611256
2025-08-15 20:26:35.407988+00:00,30.187779793166555
2025-08-15 20:26:36.571660+00:00,30.192930387012893
2025-08-15 20:26:37.028296+00:00,30.187779793166555
2025-08-15 20:26:38.827494+00:00,30.182629199611256
2025-08-15 20:26:39.421793+00:00,30.187779793166555
2025-08-15 20:26:41.733022+00:00,30.182629199611256
2025-08-15 20:26:44.816494+00:00,30.187779793166555
2025-08-15 20:26:46.112572+00:00,30.187779793166555
2025-08-15 20:26:49.300676+00:00,30.187779793166555
2025-08-15 20:26:49.887590+00:00,30.187779793166555
2025-08-15 20:26:51.454848+00:00,30.187779793166555
2025-08-15 20:26:55.904002+00:00,30.182629199611256
2025-08-15 20:26:56.779646+00:00,30.19808098115027
2025-08-15 20:26:58.786087+00:00,30.182629199611256
2025-08-15 20:26:59.054444+00:00,30.187779793166555
2025-08-15 20:26:59.361974+00:00,30.19808098115027
2025-08-15 20:26:59.627766+00:00,30.208382170298137
2025-08-15 20:26:59.846109+00:00,30.192930387012893
2025-08-15 20:27:04.974927+00:00,30.192930387012893
2025-08-15 20:27:09.231817+00:00,30.19808098115027
2025-08-15 20:27:12.091253+00:00,30.192930387012893
2025-08-15 20:27:13.051438+00:00,30.192930387012893
2025-08-15 20:27:13.495416+00:00,30.192930387012893
2025-08-15 20:27:13.785121+00:00,30.187779793166555
2025-08-15 20:27:14.087168+00:00,30.192930387012893
2025-08-15 20:27:16.251423+00:00,30.187779793166555
2025-08-15 20:27:18.280617+00:00,30.192930387012893
2025-08-15 20:27:19.793121+00:00,30.19808098115027
2025-08-15 20:27:22.108362+00:00,30.203231575578684
2025-08-15 20:27:22.619927+00:00,30.187779793166555
2025-08-15 20:27:22.892007+00:00,30.192930387012893
2025-08-15 20:27:23.352521+00:00,30.19808098115027
2025-08-15 20:27:24.822712+00:00,30.187779793166555
2025-08-15 20:27:25.081173+00:00,30.187779793166555
2025-08-15 20:27:25.525389+00:00,30.192930387012893
2025-08-15 20:27:28.139687+00:00,30.187779793166555
2025-08-15 20:27:30.615420+00:00,30.182629199611256
2025-08-15 20:27:35.567005+00:00,30.187779793166555
2025-08-15 20:27:36.956945+00:00,30.182629199611256
2025-08-15 20:27:40.499124+00:00,30.187779793166555
2025-08-15 20:27:42.444075+00:00,30.182629199611256
2025-08-15 20:27:42.811352+00:00,30.187779793166555
2025-08-15 20:27:44.606943+00:00,30.19808098115027
2025-08-15 20:27:47.499477+00:00,30.19808098115027
2025-08-15 20:27:48.760100+00:00,30.187779793166555
2025-08-15 20:27:49.562955+00:00,30.19808098115027
2025-08-15 20:27:50.714700+00:00,30.19808098115027
2025-08-15 20:27:51.685984+00:00,30.187779793166555
2025-08-15 20:27:52.084043+00:00,30.192930387012893
2025-08-15 20:27:52.353050+00:00,30.19808098115027
2025-08-15 20:27:53.111344+00:00,30.19808098115027
2025-08-15 20:27:54.186189+00:00,30.208382170298137
2025-08-15 20:27:54.826361+00:00,30.19808098115027
2025-08-15 20:27:56.054537+00:00,30.208382170298137
2025-08-15 20:27:57.064643+00:00,30.208382170298137
2025-08-15 20:27:59.286030+00:00,30.192930387012893
2025-08-15 20:28:01.165897+00:00,30.192930387012893
2025-08-15 20:28:07.241129+00:00,30.203231575578684
2025-08-15 20:28:10.240898+00:00,30.208382170298137
2025-08-15 20:28:11.230598+00:00,30.208382170298137
2025-08-15 20:28:12.835199+00:00,30.208382170298137
2025-08-15 20:28:13.445174+00:00,30.208382170298137
2025-08-15 20:28:13.643009+00:00,30.213532765308628
2025-08-15 20:28:14.374254+00:00,30.223833956202725
2025-08-15 20:28:14.705289+00:00,30.203231575578684
2025-08-15 20:28:15.374826+00:00,30.223833956202725
2025-08-15 20:28:15.938796+00:00,30.223833956202725
2025-08-15 20:28:16.335485+00:00,30.208382170298137
2025-08-15 20:28:17.857199+00:00,30.208382170298137
2025-08-15 20:28:20.730363+00:00,30.213532765308628
2025-08-15 20:28:21.968072+00:00,30.203231575578684
2025-08-15 20:28:23.003416+00:00,30.208382170298137
2025-08-15 20:28:24.271216+00:00,30.208382170298137
2025-08-15 20:28:25.268564+00:00,30.22898455208633
2025-08-15 20:28:25.960804+00:00,30.22898455208633
2025-08-15 20:28:26.317492+00:00,30.22898455208633
2025-08-15 20:28:26.978805+00:00,30.223833956202725
2025-08-15 20:28:27.893266+00:00,30.213532765308628
2025-08-15 20:28:28.984195+00:00,30.208382170298137
2025-08-15 20:28:30.246559+00:00,30.208382170298137
2025-08-15 20:28:31.451009+00:00,30.203231575578684
2025-08-15 20:28:35.276423+00:00,30.213532765308628
2025-08-15 20:28:37.435289+00:00,30.208382170298137
2025-08-15 20:28:38.652573+00:00,30.213532765308628
2025-08-15 20:28:42.181950+00:00,30.19808098115027
2025-08-15 20:28:44.028454+00:00,30.19808098115027
2025-08-15 20:28:48.891506+00:00,30.208382170298137
2025-08-15 20:28:51.272768+00:00,30.19808098115027
2025-08-15 20:28:52.225519+00:00,30.203231575578684
2025-08-15 20:28:52.460506+00:00,30.208382170298137
2025-08-15 20:28:53.875642+00:00,30.208382170298137
2025-08-15 20:28:58.030547+00:00,30.203231575578684
2025-08-15 20:28:59.684044+00:00,30.208382170298137
2025-08-15 20:29:03.942833+00:00,30.203231575578684
2025-08-15 20:29:04.273575+00:00,30.213532765308628
2025-08-15 20:29:05.107270+00:00,30.208382170298137
2025-08-15 20:29:06.211814+00:00,30.213532765308628
2025-08-15 20:29:06.883452+00:00,30.223833956202725
2025-08-15 20:29:07.470320+00:00,30.223833956202725
2025-08-15 20:29:17.361864+00:00,30.19808098115027
2025-08-15 20:29:18.828762+00:00,30.203231575578684
2025-08-15 20:29:19.301246+00:00,30.19808098115027
2025-08-15 20:29:20.432096+00:00,30.192930387012893
2025-08-15 20:29:23.515149+00:00,30.19808098115027
2025-08-15 20:29:24.758672+00:00,30.19808098115027
2025-08-15 20:29:25.196001+00:00,30.192930387012893
2025-08-15 20:29:26.817708+00:00,30.19808098115027
2025-08-15 20:29:28.711794+00:00,30.19808098115027
2025-08-15 20:29:29.892863+00:00,30.19808098115027
2025-08-15 20:29:32.554047+00:00,30.19808098115027
2025-08-15 20:29:35.708197+00:00,30.19808098115027
2025-08-15 20:29:38.475767+00:00,30.187779793166555
2025-08-15 20:29:41.207904+00:00,30.19808098115027
2025-08-15 20:29:42.226454+00:00,30.182629199611256
2025-08-15 20:29:42.820469+00:00,30.19808098115027
2025-08-15 20:29:43.155131+00:00,30.192930387012893
2025-08-15 20:29:43.429895+00:00,30.192930387012893
2025-08-15 20:29:44.548964+00:00,30.187779793166555
2025-08-15 20:29:47.508316+00:00,30.187779793166555
2025-08-15 20:29:49.819948+00:00,30.19808098115027
2025-08-15 20:29:50.190493+00:00,30.192930387012893
2025-08-15 20:29:50.709220+00:00,30.177478606346995
2025-08-15 20:29:51.999472+00:00,30.192930387012893
2025-08-15 20:29:55.570673+00:00,30.187779793166555
2025-08-15 20:29:57.892276+00:00,30.192930387012893
2025-08-15 20:29:59.154716+00:00,30.182629199611256
2025-08-15 20:29:59.517740+00:00,30.182629199611256
2025-08-15 20:30:04.710049+00:00,30.187779793166555
2025-08-15 20:30:05.568722+00:00,30.187779793166555
2025-08-15 20:30:08.138751+00:00,30.192930387012893
2025-08-15 20:30:10.502545+00:00,30.187779793166555
2025-08-15 20:30:11.946025+00:00,30.182629199611256
2025-08-15 20:30:17.446349+00:00,30.192930387012893
2025-08-15 20:30:18.781222+00:00,30.192930387012893
2025-08-15 20:30:19.669177+00:00,30.182629199611256
2025-08-15 20:30:21.012509+00:00,30.177478606346995
2025-08-15 20:30:21.400116+00:00,30.17232801337377
2025-08-15 20:30:21.798696+00:00,30.177478606346995
2025-08-15 20:30:22.787947+00:00,30.182629199611256
2025-08-15 20:30:23.505941+00:00,30.187779793166555
2025-08-15 20:30:23.911433+00:00,30.182629199611256
2025-08-15 20:30:25.537828+00:00,30.177478606346995
2025-08-15 20:30:27.528436+00:00,30.17232801337377
2025-08-15 20:30:35.747032+00:00,30.187779793166555
2025-08-15 20:30:38.622842+00:00,30.177478606346995
2025-08-15 20:30:39.276897+00:00,30.177478606346995
2025-08-15 20:30:45.754167+00:00,30.182629199611256
2025-08-15 20:30:46.138476+00:00,30.167177420691587
2025-08-15 20:30:46.502985+00:00,30.177478606346995
2025-08-15 20:30:48.742483+00:00,30.187779793166555
2025-08-15 20:30:52.416243+00:00,30.177478606346995
2025-08-15 20:30:53.170566+00:00,30.177478606346995
2025-08-15 20:30:53.391213+00:00,30.182629199611256
2025-08-15 20:30:53.765526+00:00,30.182629199611256
2025-08-15 20:30:54.717141+00:00,30.182629199611256
2025-08-15 20:30:56.352986+00:00,30.182629199611256
2025-08-15 20:30:56.846294+00:00,30.182629199611256
2025-08-15 20:30:57.365121+00:00,30.187779793166555
2025-08-15 20:30:58.082980+00:00,30.177478606346995
2025-08-15 20:30:58.509817+00:00,30.177478606346995
2025-08-15 20:30:59.585772+00:00,30.182629199611256
2025-08-15 20:31:01.461524+00:00,30.177478606346995
2025-08-15 20:31:02.980300+00:00,30.182629199611256
2025-08-15 20:31:05.283959+00:00,30.182629199611256
2025-08-15 20:31:06.578739+00:00,30.187779793166555
2025-08-15 20:31:08.603120+00:00,30.177478606346995
2025-08-15 20:31:11.255666+00:00,30.182629199611256
2025-08-15 20:31:14.438292+00:00,30.177478606346995
2025-08-15 20:31:18.521132+00:00,30.19808098115027
2025-08-15 20:31:19.666380+00:00,30.192930387012893
2025-08-15 20:31:21.507198+00:00,30.192930387012893
2025-08-15 20:31:23.248258+00:00,30.187779793166555
2025-08-15 20:31:23.753221+00:00,30.187779793166555
2025-08-15 20:31:25.157495+00:00,30.187779793166555
2025-08-15 20:31:26.985393+00:00,30.19808098115027
2025-08-15 20:31:28.331310+00:00,30.187779793166555
2025-08-15 20:31:30.002298+00:00,30.182629199611256
2025-08-15 20:31:35.081913+00:00,30.187779793166555
2025-08-15 20:31:36.672980+00:00,30.19808098115027
2025-08-15 20:31:36.939091+00:00,30.192930387012893
2025-08-15 20:31:37.281798+00:00,30.19808098115027
2025-08-15 20:31:37.548288+00:00,30.192930387012893
2025-08-15 20:31:39.262057+00:00,30.187779793166555
2025-08-15 20:31:43.204159+00:00,30.19808098115027
2025-08-15 20:31:43.854527+00:00,30.19808098115027
2025-08-15 20:31:45.455378+00:00,30.19808098115027
2025-08-15 20:31:47.092746+00:00,30.187779793166555
2025-08-15 20:31:47.660478+00:00,30.19808098115027
2025-08-15 20:31:48.119304+00:00,30.19808098115027
2025-08-15 20:31:48.491368+00:00,30.19808098115027
2025-08-15 20:31:51.855935+00:00,30.187779793166555
2025-08-15 20:31:52.858652+00:00,30.187779793166555
2025-08-15 20:31:53.139490+00:00,30.192930387012893
2025-08-15 20:31:53.975397+00:00,30.19808098115027
2025-08-15 20:31:54.571951+00:00,30.187779793166555
2025-08-15 20:31:55.740107+00:00,30.187779793166555
2025-08-15 20:31:56.080548+00:00,30.187779793166555
2025-08-15 20:31:56.298047+00:00,30.192930387012893
2025-08-15 20:31:56.539402+00:00,30.203231575578684
2025-08-15 20:31:56.817816+00:00,30.19808098115027
2025-08-15 20:31:57.069348+00:00,30.19808098115027
2025-08-15 20:31:59.406807+00:00,30.187779793166555
2025-08-15 20:32:01.929182+00:00,30.182629199611256
2025-08-15 20:32:03.969374+00:00,30.177478606346995
2025-08-15 20:32:04.984351+00:00,30.19808098115027
2025-08-15 20:32:05.797784+00:00,30.203231575578684
2025-08-15 20:32:06.238324+00:00,30.19808098115027
2025-08-15 20:32:06.701900+00:00,30.19808098115027
2025-08-15 20:32:12.814137+00:00,30.192930387012893
2025-08-15 20:32:13.150002+00:00,30.187779793166555
2025-08-15 20:32:13.507654+00:00,30.187779793166555
2025-08-15 20:32:16.776788+00:00,30.192930387012893
2025-08-15 20:32:19.071595+00:00,30.19808098115027
2025-08-15 20:32:19.649671+00:00,30.187779793166555
2025-08-15 20:32:22.214097+00:00,30.192930387012893
2025-08-15 20:32:22.882429+00:00,30.182629199611256
2025-08-15 20:32:23.484019+00:00,30.192930387012893
2025-08-15 20:32:25.947495+00:00,30.177478606346995
2025-08-15 20:32:26.507757+00:00,30.182629199611256
2025-08-15 20:32:28.614023+00:00,30.177478606346995
2025-08-15 20:32:29.881947+00:00,30.187779793166555
2025-08-15 20:32:31.829737+00:00,30.182629199611256
2025-08-15 20:32:33.502414+00:00,30.177478606346995
2025-08-15 20:32:34.555896+00:00,30.17232801337377
2025-08-15 20:32:35.321582+00:00,30.17232801337377
2025-08-15 20:32:37.436910+00:00,30.177478606346995
2025-08-15 20:32:41.414918+00:00,30.177478606346995
2025-08-15 20:32:44.568271+00:00,30.177478606346995
2025-08-15 20:32:48.498248+00:00,30.187779793166555
2025-08-15 20:32:55.195872+00:00,30.187779793166555
2025-08-15 20:32:56.364096+00:00,30.192930387012893
2025-08-15 20:32:56.823315+00:00,30.177478606346995
2025-08-15 20:32:57.635906+00:00,30.187779793166555
2025-08-15 20:32:59.639248+00:00,30.151725644391263
2025-08-15 20:32:59.880120+00:00,30.182629199611256
2025-08-15 20:33:00.241276+00:00,30.187779793166555
2025-08-15 20:33:04.906616+00:00,30.187779793166555
2025-08-15 20:33:07.250664+00:00,30.192930387012893
2025-08-15 20:33:09.069514+00:00,30.19808098115027
2025-08-15 20:33:09.964990+00:00,30.187779793166555
2025-08-15 20:33:13.313901+00:00,30.187779793166555
2025-08-15 20:33:13.731377+00:00,30.187779793166555
2025-08-15 20:33:15.469928+00:00,30.182629199611256
2025-08-15 20:33:19.904799+00:00,30.192930387012893
2025-08-15 20:33:21.033437+00:00,30.192930387012893
2025-08-15 20:33:22.687642+00:00,30.192930387012893
2025-08-15 20:33:23.573739+00:00,30.187779793166555
2025-08-15 20:33:26.480044+00:00,30.192930387012893
2025-08-15 20:33:26.846277+00:00,30.182629199611256
2025-08-15 20:33:27.165114+00:00,30.192930387012893
2025-08-15 20:33:29.871711+00:00,30.203231575578684
2025-08-15 20:33:31.162111+00:00,30.19808098115027
2025-08-15 20:33:31.517825+00:00,30.19808098115027
2025-08-15 20:33:31.910415+00:00,30.203231575578684
2025-08-15 20:33:32.837580+00:00,30.19808098115027
2025-08-15 20:33:33.180420+00:00,30.19808098115027
2025-08-15 20:33:34.266886+00:00,30.19808098115027
2025-08-15 20:33:35.193695+00:00,30.192930387012893
2025-08-15 20:33:36.289499+00:00,30.187779793166555
2025-08-15 20:33:37.250441+00:00,30.192930387012893
2025-08-15 20:33:37.636779+00:00,30.19808098115027
2025-08-15 20:33:38.585312+00:00,30.187779793166555
2025-08-15 20:33:41.159748+00:00,30.19808098115027
2025-08-15 20:33:42.479076+00:00,30.19808098115027
2025-08-15 20:33:42.777679+00:00,30.208382170298137
2025-08-15 20:33:43.740954+00:00,30.203231575578684
2025-08-15 20:33:48.800509+00:00,30.19808098115027
2025-08-15 20:33:50.220705+00:00,30.192930387012893
2025-08-15 20:33:51.156267+00:00,30.187779793166555
2025-08-15 20:33:51.736394+00:00,30.192930387012893
2025-08-15 20:33:54.140001+00:00,30.187779793166555
2025-08-15 20:33:55.327967+00:00,30.187779793166555
2025-08-15 20:33:55.654057+00:00,30.187779793166555
2025-08-15 20:33:56.110101+00:00,30.19808098115027
2025-08-15 20:33:56.611860+00:00,30.192930387012893
2025-08-15 20:33:58.716060+00:00,30.203231575578684
2025-08-15 20:33:58.968106+00:00,30.192930387012893
2025-08-15 20:33:59.694855+00:00,30.187779793166555
2025-08-15 20:34:05.200547+00:00,30.187779793166555
2025-08-15 20:34:05.607069+00:00,30.182629199611256
2025-08-15 20:34:06.990804+00:00,30.187779793166555
2025-08-15 20:34:13.803174+00:00,30.187779793166555
2025-08-15 20:34:17.733966+00:00,30.19808098115027
2025-08-15 20:34:20.085678+00:00,30.192930387012893
2025-08-15 20:34:20.307376+00:00,30.182629199611256
2025-08-15 20:34:20.554036+00:00,30.192930387012893
2025-08-15 20:34:21.193087+00:00,30.19808098115027
2025-08-15 20:34:22.581233+00:00,30.19808098115027
2025-08-15 20:34:24.084273+00:00,30.182629199611256
2025-08-15 20:34:24.219007+00:00,30.192930387012893
2025-08-15 20:34:24.736822+00:00,30.192930387012893
2025-08-15 20:34:25.890437+00:00,30.187779793166555
2025-08-15 20:34:26.578252+00:00,30.187779793166555
2025-08-15 20:34:27.196758+00:00,30.203231575578684
2025-08-15 20:34:29.864517+00:00,30.187779793166555
2025-08-15 20:34:30.157542+00:00,30.182629199611256
2025-08-15 20:34:31.338938+00:00,30.192930387012893
2025-08-15 20:34:34.267636+00:00,30.192930387012893
2025-08-15 20:34:36.428193+00:00,30.187779793166555
2025-08-15 20:34:38.044816+00:00,30.187779793166555
2025-08-15 20:34:39.532846+00:00,30.187779793166555
2025-08-15 20:34:39.899692+00:00,30.192930387012893
2025-08-15 20:34:41.085643+00:00,30.192930387012893
2025-08-15 20:34:43.250710+00:00,30.177478606346995
2025-08-15 20:34:47.267294+00:00,30.182629199611256
2025-08-15 20:34:48.208240+00:00,30.192930387012893
2025-08-15 20:34:51.401874+00:00,30.19808098115027
2025-08-15 20:34:57.181277+00:00,30.187779793166555
2025-08-15 20:34:58.935299+00:00,30.192930387012893
2025-08-15 20:34:59.580541+00:00,30.187779793166555
2025-08-15 20:35:03.505818+00:00,30.177478606346995
2025-08-15 20:35:04.945895+00:00,30.187779793166555
2025-08-15 20:35:09.654730+00:00,30.182629199611256
2025-08-15 20:35:15.705831+00:00,30.182629199611256
2025-08-15 20:35:18.591354+00:00,30.182629199611256
2025-08-15 20:35:24.456363+00:00,30.187779793166555
2025-08-15 20:35:26.837167+00:00,30.187779793166555
2025-08-15 20:35:27.223274+00:00,30.187779793166555
2025-08-15 20:35:27.621620+00:00,30.187779793166555
2025-08-15 20:35:28.742787+00:00,30.182629199611256
2025-08-15 20:35:29.468665+00:00,30.182629199611256
2025-08-15 20:35:30.569478+00:00,30.182629199611256
2025-08-15 20:35:33.138366+00:00,30.187779793166555
2025-08-15 20:35:36.572536+00:00,30.177478606346995
2025-08-15 20:35:38.037527+00:00,30.182629199611256
2025-08-15 20:35:39.251879+00:00,30.187779793166555
2025-08-15 20:35:42.646259+00:00,30.187779793166555
2025-08-15 20:35:43.377881+00:00,30.187779793166555
2025-08-15 20:35:43.869247+00:00,30.177478606346995
2025-08-15 20:35:44.562722+00:00,30.182629199611256
2025-08-15 20:35:45.014702+00:00,30.187779793166555
2025-08-15 20:35:48.538380+00:00,30.182629199611256
2025-08-15 20:35:50.150996+00:00,30.187779793166555
2025-08-15 20:35:50.549643+00:00,30.187779793166555
2025-08-15 20:35:51.220545+00:00,30.187779793166555
2025-08-15 20:35:51.455142+00:00,30.187779793166555
2025-08-15 20:35:52.277775+00:00,30.187779793166555
2025-08-15 20:35:53.715109+00:00,30.187779793166555
2025-08-15 20:35:56.683587+00:00,30.182629199611256
2025-08-15 20:35:57.108555+00:00,30.192930387012893
2025-08-15 20:35:57.464149+00:00,30.182629199611256
2025-08-15 20:36:02.103383+00:00,30.182629199611256
2025-08-15 20:36:03.123290+00:00,30.182629199611256
2025-08-15 20:36:04.933086+00:00,30.177478606346995
2025-08-15 20:36:07.882357+00:00,30.182629199611256
2025-08-15 20:36:09.128497+00:00,30.177478606346995
2025-08-15 20:36:09.637365+00:00,30.177478606346995
2025-08-15 20:36:10.597269+00:00,30.182629199611256
2025-08-15 20:36:11.229401+00:00,30.187779793166555
2025-08-15 20:36:11.621637+00:00,30.187779793166555
2025-08-15 20:36:13.419224+00:00,30.187779793166555
2025-08-15 20:36:17.423794+00:00,30.187779793166555
2025-08-15 20:36:18.204321+00:00,30.177478606346995
2025-08-15 20:36:19.006427+00:00,30.177478606346995
2025-08-15 20:36:19.933120+00:00,30.177478606346995
2025-08-15 20:36:20.134526+00:00,30.177478606346995
2025-08-15 20:36:20.419792+00:00,30.187779793166555
2025-08-15 20:36:20.667731+00:00,30.177478606346995
2025-08-15 20:36:20.903087+00:00,30.177478606346995
2025-08-15 20:36:21.094157+00:00,30.177478606346995
2025-08-15 20:36:22.766070+00:00,30.182629199611256
2025-08-15 20:36:27.643423+00:00,30.17232801337377
2025-08-15 20:36:31.761181+00:00,30.16202682830044
2025-08-15 20:36:32.270742+00:00,30.182629199611256
2025-08-15 20:36:33.055731+00:00,30.177478606346995
2025-08-15 20:36:33.445662+00:00,30.177478606346995
2025-08-15 20:36:35.107338+00:00,30.17232801337377
2025-08-15 20:36:36.082560+00:00,30.16202682830044
2025-08-15 20:36:37.603989+00:00,30.167177420691587
2025-08-15 20:36:41.971675+00:00,30.167177420691587
2025-08-15 20:36:43.604752+00:00,30.167177420691587
2025-08-15 20:36:44.292667+00:00,30.17232801337377
2025-08-15 20:36:45.108141+00:00,30.177478606346995
2025-08-15 20:36:45.727514+00:00,30.167177420691587
2025-08-15 20:36:48.628137+00:00,30.156876236200333
2025-08-15 20:36:50.030336+00:00,30.151725644391263
2025-08-15 20:36:50.430971+00:00,30.156876236200333
2025-08-15 20:36:51.331556+00:00,30.16202682830044
2025-08-15 20:36:51.659346+00:00,30.17232801337377
2025-08-15 20:36:54.635844+00:00,30.16202682830044
2025-08-15 20:37:00.829763+00:00,30.16202682830044
2025-08-15 20:37:01.756971+00:00,30.156876236200333
2025-08-15 20:37:02.174387+00:00,30.16202682830044
2025-08-15 20:37:02.535303+00:00,30.156876236200333
2025-08-15 20:37:02.892928+00:00,30.156876236200333
2025-08-15 20:37:03.254109+00:00,30.156876236200333
2025-08-15 20:37:03.770346+00:00,30.156876236200333
2025-08-15 20:37:04.254519+00:00,30.156876236200333
2025-08-15 20:37:06.208700+00:00,30.156876236200333
2025-08-15 20:37:06.625722+00:00,30.16202682830044
2025-08-15 20:37:07.019469+00:00,30.156876236200333
2025-08-15 20:37:08.515542+00:00,30.14657505287323
2025-08-15 20:37:11.154619+00:00,30.156876236200333
2025-08-15 20:37:14.970785+00:00,30.151725644391263
2025-08-15 20:37:18.341569+00:00,30.14657505287323
2025-08-15 20:37:22.359835+00:00,30.151725644391263
2025-08-15 20:37:26.548124+00:00,30.151725644391263
2025-08-15 20:37:27.749193+00:00,30.151725644391263
2025-08-15 20:37:27.916247+00:00,30.14657505287323
2025-08-15 20:37:28.700932+00:00,30.151725644391263
2025-08-15 20:37:31.152834+00:00,30.14657505287323
2025-08-15 20:37:36.344901+00:00,30.14657505287323
2025-08-15 20:37:36.662684+00:00,30.14657505287323
2025-08-15 20:37:37.198186+00:00,30.14657505287323
2025-08-15 20:37:44.951053+00:00,30.14142446164624
2025-08-15 20:37:47.399646+00:00,30.151725644391263
2025-08-15 20:37:47.834330+00:00,30.14657505287323
2025-08-15 20:37:49.243054+00:00,30.14657505287323
2025-08-15 20:37:50.049229+00:00,30.151725644391263
2025-08-15 20:37:50.541088+00:00,30.14657505287323
2025-08-15 20:37:51.316917+00:00,30.151725644391263
2025-08-15 20:37:51.727902+00:00,30.14657505287323
2025-08-15 20:37:51.954076+00:00,30.151725644391263
2025-08-15 20:37:52.220153+00:00,30.156876236200333
2025-08-15 20:37:52.507553+00:00,30.16202682830044
2025-08-15 20:37:54.409442+00:00,30.156876236200333
2025-08-15 20:37:55.379324+00:00,30.151725644391263
2025-08-15 20:37:55.789017+00:00,30.16202682830044
2025-08-15 20:37:57.477115+00:00,30.156876236200333
2025-08-15 20:38:03.333667+00:00,30.16202682830044
2025-08-15 20:38:07.146957+00:00,30.151725644391263
2025-08-15 20:38:08.191591+00:00,30.151725644391263
2025-08-15 20:38:08.575459+00:00,30.151725644391263
2025-08-15 20:38:08.943740+00:00,30.136273870710284
2025-08-15 20:38:14.242549+00:00,30.16202682830044
2025-08-15 20:38:14.598817+00:00,30.17232801337377
2025-08-15 20:38:14.889187+00:00,30.14657505287323
2025-08-15 20:38:15.425949+00:00,30.167177420691587
2025-08-15 20:38:17.968582+00:00,30.167177420691587
2025-08-15 20:38:18.393270+00:00,30.167177420691587
2025-08-15 20:38:18.843193+00:00,30.14657505287323
2025-08-15 20:38:19.391210+00:00,30.156876236200333
2025-08-15 20:38:26.474670+00:00,30.167177420691587
2025-08-15 20:38:27.461206+00:00,30.156876236200333
2025-08-15 20:38:27.845590+00:00,30.156876236200333
2025-08-15 20:38:28.696213+00:00,30.16202682830044
2025-08-15 20:38:29.041844+00:00,30.16202682830044
2025-08-15 20:38:29.414822+00:00,30.17232801337377
2025-08-15 20:38:29.917539+00:00,30.156876236200333
2025-08-15 20:38:32.692908+00:00,30.16202682830044
2025-08-15 20:38:33.201927+00:00,30.156876236200333
2025-08-15 20:38:33.890023+00:00,30.156876236200333
2025-08-15 20:38:34.808094+00:00,30.156876236200333
2025-08-15 20:38:35.436248+00:00,30.156876236200333
2025-08-15 20:38:37.073857+00:00,30.156876236200333
2025-08-15 20:38:39.170733+00:00,30.156876236200333
2025-08-15 20:38:41.159876+00:00,30.167177420691587
2025-08-15 20:38:42.046559+00:00,30.156876236200333
2025-08-15 20:38:42.456057+00:00,30.17232801337377
2025-08-15 20:38:43.015689+00:00,30.156876236200333
2025-08-15 20:38:43.407274+00:00,30.167177420691587
2025-08-15 20:38:43.742380+00:00,30.167177420691587
2025-08-15 20:38:44.775549+00:00,30.156876236200333
2025-08-15 20:38:45.674883+00:00,30.156876236200333
2025-08-15 20:38:48.482541+00:00,30.156876236200333
2025-08-15 20:38:48.812202+00:00,30.156876236200333
2025-08-15 20:38:49.204163+00:00,30.16202682830044
2025-08-15 20:38:51.512035+00:00,30.16202682830044
2025-08-15 20:38:52.796925+00:00,30.177478606346995
2025-08-15 20:38:53.197829+00:00,30.177478606346995
2025-08-15 20:38:53.466637+00:00,30.177478606346995
2025-08-15 20:38:53.781684+00:00,30.177478606346995
2025-08-15 20:38:55.730430+00:00,30.17232801337377
2025-08-15 20:38:56.181180+00:00,30.17232801337377
2025-08-15 20:38:57.065800+00:00,30.167177420691587
2025-08-15 20:38:57.301204+00:00,30.167177420691587
2025-08-15 20:38:59.759199+00:00,30.167177420691587
2025-08-15 20:39:05.726450+00:00,30.17232801337377
2025-08-15 20:39:06.084116+00:00,30.177478606346995
2025-08-15 20:39:07.399911+00:00,30.167177420691587
2025-08-15 20:39:10.103444+00:00,30.17232801337377
2025-08-15 20:39:14.803982+00:00,30.16202682830044
2025-08-15 20:39:15.467168+00:00,30.167177420691587
2025-08-15 20:39:21.149239+00:00,30.17232801337377
2025-08-15 20:39:23.526415+00:00,30.151725644391263
2025-08-15 20:39:24.039002+00:00,30.156876236200333
2025-08-15 20:39:24.321335+00:00,30.156876236200333
2025-08-15 20:39:24.622384+00:00,30.156876236200333
2025-08-15 20:39:24.855598+00:00,30.16202682830044
2025-08-15 20:39:25.273458+00:00,30.16202682830044
2025-08-15 20:39:25.714653+00:00,30.167177420691587
2025-08-15 20:39:26.068515+00:00,30.156876236200333
2025-08-15 20:39:27.614298+00:00,30.156876236200333
2025-08-15 20:39:28.048494+00:00,30.156876236200333
2025-08-15 20:39:28.280010+00:00,30.167177420691587
2025-08-15 20:39:30.825553+00:00,30.156876236200333
2025-08-15 20:39:31.338997+00:00,30.156876236200333
2025-08-15 20:39:33.315925+00:00,30.156876236200333
2025-08-15 20:39:35.473773+00:00,30.156876236200333
2025-08-15 20:39:38.048302+00:00,30.16202682830044
2025-08-15 20:39:39.926107+00:00,30.156876236200333
2025-08-15 20:39:41.390310+00:00,30.151725644391263
2025-08-15 20:39:42.850124+00:00,30.14657505287323
2025-08-15 20:39:46.082005+00:00,30.14657505287323
2025-08-15 20:39:48.980470+00:00,30.14657505287323
2025-08-15 20:39:49.522780+00:00,30.14142446164624
2025-08-15 20:39:49.765155+00:00,30.14142446164624
2025-08-15 20:39:50.090195+00:00,30.14657505287323
2025-08-15 20:39:52.998911+00:00,30.156876236200333
2025-08-15 20:39:53.543539+00:00,30.151725644391263
2025-08-15 20:39:55.205674+00:00,30.14657505287323
2025-08-15 20:39:55.641280+00:00,30.136273870710284
2025-08-15 20:39:58.014129+00:00,30.151725644391263
2025-08-15 20:39:58.531962+00:00,30.151725644391263
2025-08-15 20:39:59.583839+00:00,30.14142446164624
2025-08-15 20:39:59.818701+00:00,30.14142446164624
2025-08-15 20:40:00.372365+00:00,30.14142446164624
2025-08-15 20:40:04.498057+00:00,30.156876236200333
2025-08-15 20:40:05.340017+00:00,30.14657505287323
2025-08-15 20:40:05.880232+00:00,30.12597268971149
2025-08-15 20:40:11.873716+00:00,30.14142446164624
2025-08-15 20:40:12.697120+00:00,30.151725644391263
2025-08-15 20:40:13.176215+00:00,30.136273870710284
2025-08-15 20:40:13.557402+00:00,30.14657505287323
2025-08-15 20:40:14.681041+00:00,30.151725644391263
2025-08-15 20:40:18.682421+00:00,30.14657505287323
2025-08-15 20:40:21.089560+00:00,30.14657505287323
2025-08-15 20:40:21.939803+00:00,30.14142446164624
2025-08-15 20:40:25.198470+00:00,30.136273870710284
2025-08-15 20:40:28.605242+00:00,30.14142446164624
2025-08-15 20:40:29.887396+00:00,30.131123280065367
2025-08-15 20:40:36.405384+00:00,30.131123280065367
2025-08-15 20:40:37.830794+00:00,30.136273870710284
2025-08-15 20:40:39.214355+00:00,30.14142446164624
2025-08-15 20:40:39.790156+00:00,30.14142446164624
2025-08-15 20:40:42.661845+00:00,30.131123280065367
2025-08-15 20:40:43.749755+00:00,30.136273870710284
2025-08-15 20:40:45.022770+00:00,30.131123280065367
2025-08-15 20:40:48.386236+00:00,30.14142446164624
2025-08-15 20:40:50.339588+00:00,30.14142446164624
2025-08-15 20:40:50.514101+00:00,30.14657505287323
2025-08-15 20:40:54.030979+00:00,30.14142446164624
2025-08-15 20:40:55.417840+00:00,30.131123280065367
2025-08-15 20:40:56.045599+00:00,30.136273870710284
2025-08-15 20:40:57.759113+00:00,30.136273870710284
2025-08-15 20:40:59.546024+00:00,30.14657505287323
2025-08-15 20:41:03.738442+00:00,30.14657505287323
2025-08-15 20:41:04.147929+00:00,30.136273870710284
2025-08-15 20:41:06.165598+00:00,30.136273870710284
2025-08-15 20:41:08.288025+00:00,30.136273870710284
2025-08-15 20:41:09.361562+00:00,30.14657505287323
2025-08-15 20:41:15.410039+00:00,30.14657505287323
2025-08-15 20:41:15.813324+00:00,30.156876236200333
2025-08-15 20:41:16.946984+00:00,30.14142446164624
2025-08-15 20:41:17.737565+00:00,30.136273870710284
2025-08-15 20:41:20.322490+00:00,30.131123280065367
2025-08-15 20:41:21.004507+00:00,30.14142446164624
2025-08-15 20:41:24.819357+00:00,30.151725644391263
2025-08-15 20:41:27.038502+00:00,30.156876236200333
2025-08-15 20:41:32.001250+00:00,30.14657505287323
2025-08-15 20:41:35.662700+00:00,30.14142446164624
2025-08-15 20:41:36.144075+00:00,30.14657505287323
2025-08-15 20:41:37.521908+00:00,30.156876236200333
2025-08-15 20:41:39.005215+00:00,30.14657505287323
2025-08-15 20:41:40.464934+00:00,30.151725644391263
2025-08-15 20:41:47.913337+00:00,30.156876236200333
2025-08-15 20:41:49.385176+00:00,30.156876236200333
2025-08-15 20:41:49.686289+00:00,30.16202682830044
2025-08-15 20:41:50.009022+00:00,30.16202682830044
2025-08-15 20:41:50.236436+00:00,30.16202682830044
2025-08-15 20:41:53.095071+00:00,30.156876236200333
2025-08-15 20:41:53.863297+00:00,30.14142446164624
2025-08-15 20:41:54.463783+00:00,30.14142446164624
2025-08-15 20:41:54.763413+00:00,30.136273870710284
2025-08-15 20:41:55.207755+00:00,30.14657505287323
2025-08-15 20:41:56.454966+00:00,30.14657505287323
2025-08-15 20:41:57.062193+00:00,30.136273870710284
2025-08-15 20:42:00.320358+00:00,30.14142446164624
2025-08-15 20:42:04.114300+00:00,30.14142446164624
2025-08-15 20:42:06.326339+00:00,30.136273870710284
2025-08-15 20:42:06.769426+00:00,30.136273870710284
2025-08-15 20:42:13.989008+00:00,30.14657505287323
2025-08-15 20:42:15.978343+00:00,30.136273870710284
2025-08-15 20:42:16.421413+00:00,30.136273870710284
2025-08-15 20:42:16.929153+00:00,30.14142446164624
2025-08-15 20:42:17.549670+00:00,30.14142446164624
2025-08-15 20:42:18.200934+00:00,30.14142446164624
2025-08-15 20:42:20.646670+00:00,30.14142446164624
2025-08-15 20:42:20.955125+00:00,30.14657505287323
2025-08-15 20:42:21.328922+00:00,30.136273870710284
2025-08-15 20:42:26.446298+00:00,30.14657505287323
2025-08-15 20:42:27.345807+00:00,30.136273870710284
2025-08-15 20:42:28.707628+00:00,30.136273870710284
2025-08-15 20:42:29.442103+00:00,30.136273870710284
2025-08-15 20:42:31.562009+00:00,30.14142446164624
2025-08-15 20:42:32.737926+00:00,30.14657505287323
2025-08-15 20:42:33.711483+00:00,30.14657505287323
2025-08-15 20:42:35.474572+00:00,30.14657505287323
2025-08-15 20:42:37.012303+00:00,30.136273870710284
2025-08-15 20:42:39.100598+00:00,30.136273870710284
2025-08-15 20:42:40.096649+00:00,30.14142446164624
2025-08-15 20:42:42.634339+00:00,30.14657505287323
2025-08-15 20:42:43.026186+00:00,30.14657505287323
2025-08-15 20:42:43.737321+00:00,30.14142446164624
2025-08-15 20:42:47.820662+00:00,30.14142446164624
2025-08-15 20:42:48.386075+00:00,30.136273870710284
2025-08-15 20:42:48.896919+00:00,30.14142446164624
2025-08-15 20:42:49.336958+00:00,30.136273870710284
2025-08-15 20:42:49.576163+00:00,30.136273870710284
2025-08-15 20:42:50.829492+00:00,30.136273870710284
2025-08-15 20:42:51.061693+00:00,30.136273870710284
2025-08-15 20:42:51.287830+00:00,30.136273870710284
2025-08-15 20:42:52.852482+00:00,30.131123280065367
2025-08-15 20:42:55.156793+00:00,30.14657505287323
2025-08-15 20:42:56.877043+00:00,30.14657505287323
2025-08-15 20:42:57.246203+00:00,30.136273870710284
2025-08-15 20:42:57.954955+00:00,30.12597268971149
2025-08-15 20:42:58.262015+00:00,30.136273870710284
2025-08-15 20:42:58.469480+00:00,30.136273870710284
2025-08-15 20:42:58.749278+00:00,30.151725644391263
2025-08-15 20:43:01.584008+00:00,30.14657505287323
2025-08-15 20:43:02.051990+00:00,30.14142446164624
2025-08-15 20:43:09.197542+00:00,30.14657505287323
2025-08-15 20:43:09.568971+00:00,30.14657505287323
2025-08-15 20:43:10.144228+00:00,30.14657505287323
2025-08-15 20:43:10.743909+00:00,30.14142446164624
2025-08-15 20:43:11.311784+00:00,30.14657505287323
2025-08-15 20:43:11.937268+00:00,30.151725644391263
2025-08-15 20:43:18.077383+00:00,30.14657505287323
2025-08-15 20:43:20.646187+00:00,30.14657505287323
2025-08-15 20:43:21.332084+00:00,30.14657505287323
2025-08-15 20:43:25.902409+00:00,30.14657505287323
2025-08-15 20:43:28.291446+00:00,30.14657505287323
2025-08-15 20:43:30.451257+00:00,30.14657505287323
2025-08-15 20:43:35.551702+00:00,30.14657505287323
2025-08-15 20:43:37.323281+00:00,30.156876236200333
2025-08-15 20:43:38.334494+00:00,30.14142446164624
2025-08-15 20:43:40.660075+00:00,30.136273870710284
2025-08-15 20:43:41.385456+00:00,30.14657505287323
2025-08-15 20:43:41.718218+00:00,30.14657505287323
2025-08-15 20:43:41.936901+00:00,30.156876236200333
2025-08-15 20:43:45.962016+00:00,30.156876236200333
2025-08-15 20:43:46.471096+00:00,30.151725644391263
2025-08-15 20:43:46.818289+00:00,30.151725644391263
2025-08-15 20:43:47.300989+00:00,30.167177420691587
2025-08-15 20:43:47.668482+00:00,30.156876236200333
2025-08-15 20:43:47.965810+00:00,30.14657505287323
2025-08-15 20:43:52.085545+00:00,30.14657505287323
2025-08-15 20:43:52.570376+00:00,30.14657505287323
2025-08-15 20:43:55.814433+00:00,30.14657505287323
2025-08-15 20:43:56.978060+00:00,30.14657505287323
2025-08-15 20:43:58.503206+00:00,30.136273870710284
2025-08-15 20:43:59.221587+00:00,30.14657505287323
2025-08-15 20:43:59.968391+00:00,30.136273870710284
2025-08-15 20:44:01.360522+00:00,30.14142446164624
2025-08-15 20:44:01.862456+00:00,30.14657505287323
2025-08-15 20:44:04.534544+00:00,30.14657505287323
2025-08-15 20:44:06.858423+00:00,30.136273870710284
2025-08-15 20:44:08.980147+00:00,30.151725644391263
2025-08-15 20:44:10.518385+00:00,30.151725644391263
2025-08-15 20:44:12.550096+00:00,30.131123280065367
2025-08-15 20:44:13.105405+00:00,30.136273870710284
2025-08-15 20:44:17.345343+00:00,30.14142446164624
2025-08-15 20:44:22.401325+00:00,30.12597268971149
2025-08-15 20:44:23.910444+00:00,30.136273870710284
2025-08-15 20:44:24.152528+00:00,30.14657505287323
2025-08-15 20:44:25.345084+00:00,30.131123280065367
2025-08-15 20:44:27.830344+00:00,30.12597268971149
2025-08-15 20:44:29.300749+00:00,30.136273870710284
2025-08-15 20:44:29.518503+00:00,30.136273870710284
2025-08-15 20:44:29.693248+00:00,30.12597268971149
2025-08-15 20:44:29.970434+00:00,30.136273870710284
2025-08-15 20:44:30.244803+00:00,30.14142446164624
2025-08-15 20:44:30.608364+00:00,30.136273870710284
2025-08-15 20:44:31.209082+00:00,30.131123280065367
2025-08-15 20:44:31.683850+00:00,30.14142446164624
2025-08-15 20:44:32.125967+00:00,30.131123280065367
2025-08-15 20:44:35.432059+00:00,30.131123280065367
2025-08-15 20:44:36.724807+00:00,30.12082209964865
2025-08-15 20:44:37.234802+00:00,30.12597268971149
2025-08-15 20:44:37.723459+00:00,30.12082209964865
2025-08-15 20:44:39.006440+00:00,30.131123280065367
2025-08-15 20:44:39.240893+00:00,30.12597268971149
2025-08-15 20:44:40.436670+00:00,30.131123280065367
2025-08-15 20:44:41.607482+00:00,30.12597268971149
2025-08-15 20:44:42.451644+00:00,30.12082209964865
2025-08-15 20:44:43.483711+00:00,30.12597268971149
2025-08-15 20:44:44.901833+00:00,30.12082209964865
2025-08-15 20:44:46.492753+00:00,30.12082209964865
2025-08-15 20:44:48.943080+00:00,30.12082209964865
2025-08-15 20:44:55.717709+00:00,30.131123280065367
2025-08-15 20:44:56.003149+00:00,30.131123280065367
2025-08-15 20:44:56.839258+00:00,30.131123280065367
2025-08-15 20:44:57.675944+00:00,30.136273870710284
2025-08-15 20:44:58.784007+00:00,30.131123280065367
2025-08-15 20:45:00.078528+00:00,30.12597268971149
2025-08-15 20:45:01.473701+00:00,30.136273870710284
2025-08-15 20:45:06.505945+00:00,30.14657505287323
2025-08-15 20:45:07.218877+00:00,30.136273870710284
2025-08-15 20:45:08.832724+00:00,30.136273870710284
2025-08-15 20:45:09.984160+00:00,30.14142446164624
2025-08-15 20:45:10.514797+00:00,30.131123280065367
2025-08-15 20:45:10.824598+00:00,30.14142446164624
2025-08-15 20:45:11.106806+00:00,30.14142446164624
2025-08-15 20:45:11.732672+00:00,30.14142446164624
2025-08-15 20:45:13.182729+00:00,30.14657505287323
2025-08-15 20:45:13.589997+00:00,30.136273870710284
2025-08-15 20:45:14.503862+00:00,30.14142446164624
2025-08-15 20:45:15.171508+00:00,30.136273870710284
2025-08-15 20:45:15.581936+00:00,30.14657505287323
2025-08-15 20:45:23.466173+00:00,30.14657505287323
2025-08-15 20:45:26.596303+00:00,30.136273870710284
2025-08-15 20:45:44.417076+00:00,30.136273870710284
2025-08-15 20:45:44.878872+00:00,30.131123280065367
2025-08-15 20:45:46.174943+00:00,30.14142446164624
2025-08-15 20:45:46.584054+00:00,30.12597268971149
2025-08-15 20:45:47.596537+00:00,30.12597268971149
2025-08-15 20:45:49.521330+00:00,30.136273870710284
2025-08-15 20:45:49.756400+00:00,30.12082209964865
2025-08-15 20:45:51.406543+00:00,30.136273870710284
2025-08-15 20:45:51.610522+00:00,30.131123280065367
2025-08-15 20:45:51.839845+00:00,30.136273870710284
2025-08-15 20:45:55.866714+00:00,30.14657505287323
2025-08-15 20:45:57.449298+00:00,30.14142446164624
2025-08-15 20:45:58.505699+00:00,30.14142446164624
2025-08-15 20:45:58.824695+00:00,30.136273870710284
2025-08-15 20:46:02.440960+00:00,30.131123280065367
2025-08-15 20:46:03.364637+00:00,30.12597268971149
2025-08-15 20:46:06.355761+00:00,30.131123280065367
2025-08-15 20:46:06.823545+00:00,30.12597268971149
2025-08-15 20:46:08.756882+00:00,30.131123280065367
2025-08-15 20:46:10.289394+00:00,30.136273870710284
2025-08-15 20:46:10.813091+00:00,30.136273870710284
2025-08-15 20:46:14.399893+00:00,30.136273870710284
2025-08-15 20:46:18.430758+00:00,30.12597268971149
2025-08-15 20:46:18.705564+00:00,30.12597268971149
2025-08-15 20:46:20.345389+00:00,30.12597268971149
2025-08-15 20:46:21.339924+00:00,30.115671509876847
2025-08-15 20:46:24.474937+00:00,30.131123280065367
2025-08-15 20:46:24.726363+00:00,30.12082209964865
2025-08-15 20:46:25.075544+00:00,30.12597268971149
2025-08-15 20:46:26.973651+00:00,30.12597268971149
2025-08-15 20:46:27.449818+00:00,30.12082209964865
2025-08-15 20:46:31.047668+00:00,30.12082209964865
2025-08-15 20:46:31.871391+00:00,30.12082209964865
2025-08-15 20:46:32.285806+00:00,30.115671509876847
2025-08-15 20:46:32.806107+00:00,30.12597268971149
2025-08-15 20:46:33.918431+00:00,30.115671509876847
2025-08-15 20:46:35.440086+00:00,30.115671509876847
2025-08-15 20:46:36.790755+00:00,30.12597268971149
2025-08-15 20:46:37.951241+00:00,30.12082209964865
2025-08-15 20:46:38.175687+00:00,30.12597268971149
2025-08-15 20:46:39.254863+00:00,30.12597268971149
2025-08-15 20:46:40.199125+00:00,30.12082209964865
2025-08-15 20:46:40.841971+00:00,30.12082209964865
2025-08-15 20:46:41.795397+00:00,30.115671509876847
2025-08-15 20:46:44.273715+00:00,30.12597268971149
2025-08-15 20:46:45.716164+00:00,30.12597268971149
2025-08-15 20:46:46.679188+00:00,30.115671509876847
2025-08-15 20:46:50.644186+00:00,30.12597268971149
2025-08-15 20:46:51.847891+00:00,30.115671509876847
2025-08-15 20:46:54.230055+00:00,30.115671509876847
2025-08-15 20:46:58.647214+00:00,30.10537033120636
2025-08-15 20:46:59.856447+00:00,30.110520920396084
2025-08-15 20:47:02.830103+00:00,30.100219742307672
2025-08-15 20:47:05.374406+00:00,30.10537033120636
2025-08-15 20:47:05.712141+00:00,30.110520920396084
2025-08-15 20:47:07.030526+00:00,30.10537033120636
2025-08-15 20:47:08.778789+00:00,30.110520920396084
2025-08-15 20:47:10.523323+00:00,30.110520920396084
2025-08-15 20:47:14.257371+00:00,30.110520920396084
2025-08-15 20:47:15.337299+00:00,30.10537033120636
2025-08-15 20:47:15.954690+00:00,30.110520920396084
2025-08-15 20:47:19.931225+00:00,30.10537033120636
2025-08-15 20:47:21.305262+00:00,30.110520920396084
2025-08-15 20:47:23.095076+00:00,30.110520920396084
2025-08-15 20:47:23.799566+00:00,30.115671509876847
2025-08-15 20:47:24.272847+00:00,30.115671509876847
2025-08-15 20:47:35.313584+00:00,30.115671509876847
2025-08-15 20:47:36.424706+00:00,30.10537033120636
2025-08-15 20:47:39.390271+00:00,30.100219742307672
2025-08-15 20:47:40.760937+00:00,30.110520920396084
2025-08-15 20:47:42.589928+00:00,30.10537033120636
2025-08-15 20:47:42.833035+00:00,30.10537033120636
2025-08-15 20:47:43.708699+00:00,30.110520920396084
2025-08-15 20:47:44.957864+00:00,30.095069153700024
2025-08-15 20:47:48.586584+00:00,30.095069153700024
2025-08-15 20:47:50.096864+00:00,30.095069153700024
2025-08-15 20:47:53.556790+00:00,30.115671509876847
2025-08-15 20:47:54.278751+00:00,30.10537033120636
2025-08-15 20:47:55.645787+00:00,30.100219742307672
2025-08-15 20:47:57.567785+00:00,30.110520920396084
2025-08-15 20:47:58.169141+00:00,30.10537033120636
2025-08-15 20:47:58.687371+00:00,30.10537033120636
2025-08-15 20:48:02.479814+00:00,30.10537033120636
2025-08-15 20:48:05.275518+00:00,30.115671509876847
2025-08-15 20:48:06.521582+00:00,30.110520920396084
2025-08-15 20:48:07.549072+00:00,30.10537033120636
2025-08-15 20:48:08.516931+00:00,30.115671509876847
2025-08-15 20:48:10.502998+00:00,30.10537033120636
2025-08-15 20:48:11.003813+00:00,30.10537033120636
2025-08-15 20:48:14.493597+00:00,30.100219742307672
2025-08-15 20:48:15.454502+00:00,30.10537033120636
2025-08-15 20:48:19.446122+00:00,30.10537033120636
2025-08-15 20:48:19.797588+00:00,30.110520920396084
2025-08-15 20:48:20.181850+00:00,30.100219742307672
2025-08-15 20:48:20.464268+00:00,30.10537033120636
2025-08-15 20:48:20.749760+00:00,30.100219742307672
2025-08-15 20:48:21.073967+00:00,30.115671509876847
2025-08-15 20:48:21.321478+00:00,30.10537033120636
2025-08-15 20:48:21.602219+00:00,30.110520920396084
2025-08-15 20:48:21.848388+00:00,30.100219742307672
2025-08-15 20:48:22.645682+00:00,30.10537033120636
2025-08-15 20:48:24.247067+00:00,30.100219742307672
2025-08-15 20:48:29.340486+00:00,30.100219742307672
2025-08-15 20:48:30.259119+00:00,30.10537033120636
2025-08-15 20:48:31.563300+00:00,30.10537033120636
2025-08-15 20:48:32.389819+00:00,30.115671509876847
2025-08-15 20:48:32.772294+00:00,30.10537033120636
2025-08-15 20:48:33.835165+00:00,30.10537033120636
2025-08-15 20:48:34.219441+00:00,30.10537033120636
2025-08-15 20:48:34.539845+00:00,30.12082209964865
2025-08-15 20:48:34.805101+00:00,30.10537033120636
2025-08-15 20:48:36.059994+00:00,30.100219742307672
2025-08-15 20:48:36.685542+00:00,30.100219742307672
2025-08-15 20:48:39.430703+00:00,30.095069153700024
2025-08-15 20:48:41.374025+00:00,30.10537033120636
2025-08-15 20:48:41.715369+00:00,30.100219742307672
2025-08-15 20:48:42.224945+00:00,30.110520920396084
2025-08-15 20:48:42.519515+00:00,30.110520920396084
2025-08-15 20:48:42.844335+00:00,30.115671509876847
2025-08-15 20:48:43.137640+00:00,30.115671509876847
2025-08-15 20:48:43.713430+00:00,30.115671509876847
2025-08-15 20:48:47.064230+00:00,30.10537033120636
2025-08-15 20:48:47.893309+00:00,30.10537033120636
2025-08-15 20:48:50.738104+00:00,30.10537033120636
2025-08-15 20:48:51.531397+00:00,30.100219742307672
2025-08-15 20:48:54.567720+00:00,30.100219742307672
2025-08-15 20:48:55.834450+00:00,30.110520920396084
2025-08-15 20:48:56.352116+00:00,30.110520920396084
2025-08-15 20:48:56.870003+00:00,30.110520920396084
2025-08-15 20:48:57.272055+00:00,30.10537033120636
2025-08-15 20:48:57.621820+00:00,30.10537033120636
2025-08-15 20:48:57.861771+00:00,30.110520920396084
2025-08-15 20:48:58.183732+00:00,30.115671509876847
2025-08-15 20:48:58.466649+00:00,30.10537033120636
2025-08-15 20:48:58.724500+00:00,30.110520920396084
2025-08-15 20:48:59.076474+00:00,30.110520920396084
2025-08-15 20:49:00.697130+00:00,30.095069153700024
2025-08-15 20:49:04.688297+00:00,30.10537033120636
2025-08-15 20:49:08.353366+00:00,30.10537033120636
2025-08-15 20:49:08.842588+00:00,30.10537033120636
2025-08-15 20:49:10.903905+00:00,30.10537033120636
2025-08-15 20:49:12.918685+00:00,30.095069153700024
2025-08-15 20:49:13.227398+00:00,30.100219742307672
2025-08-15 20:49:14.715145+00:00,30.095069153700024
2025-08-15 20:49:16.702829+00:00,30.100219742307672
2025-08-15 20:49:18.905130+00:00,30.100219742307672
2025-08-15 20:49:20.464025+00:00,30.110520920396084
2025-08-15 20:49:22.239244+00:00,30.10537033120636
2025-08-15 20:49:25.176329+00:00,30.100219742307672
2025-08-15 20:49:25.685181+00:00,30.095069153700024
2025-08-15 20:49:26.655295+00:00,30.100219742307672
2025-08-15 20:49:28.350025+00:00,30.10537033120636
2025-08-15 20:49:30.127558+00:00,30.115671509876847
2025-08-15 20:49:30.600121+00:00,30.110520920396084
2025-08-15 20:49:31.253835+00:00,30.115671509876847
2025-08-15 20:49:32.819848+00:00,30.110520920396084
2025-08-15 20:49:37.202279+00:00,30.115671509876847
2025-08-15 20:49:39.447801+00:00,30.10537033120636
2025-08-15 20:49:39.633396+00:00,30.110520920396084
2025-08-15 20:49:40.379444+00:00,30.100219742307672
2025-08-15 20:49:40.652122+00:00,30.115671509876847
2025-08-15 20:49:40.900868+00:00,30.10537033120636
2025-08-15 20:49:43.379247+00:00,30.10537033120636
2025-08-15 20:49:43.608722+00:00,30.115671509876847
2025-08-15 20:49:44.405152+00:00,30.12597268971149
2025-08-15 20:49:47.067304+00:00,30.12082209964865
2025-08-15 20:49:48.833597+00:00,30.10537033120636
2025-08-15 20:49:49.966281+00:00,30.12082209964865
2025-08-15 20:49:50.268166+00:00,30.115671509876847
2025-08-15 20:49:50.512463+00:00,30.115671509876847
2025-08-15 20:49:54.421719+00:00,30.115671509876847
2025-08-15 20:49:55.873202+00:00,30.110520920396084
2025-08-15 20:49:56.654810+00:00,30.12082209964865
2025-08-15 20:49:59.411516+00:00,30.115671509876847
2025-08-15 20:50:01.266252+00:00,30.12082209964865
2025-08-15 20:50:02.138721+00:00,30.12082209964865
2025-08-15 20:50:07.092353+00:00,30.12082209964865
2025-08-15 20:50:07.524621+00:00,30.12597268971149
2025-08-15 20:50:07.926392+00:00,30.12597268971149
2025-08-15 20:50:12.718958+00:00,30.115671509876847
2025-08-15 20:50:15.480787+00:00,30.12082209964865
2025-08-15 20:50:16.324028+00:00,30.12597268971149
2025-08-15 20:50:17.977411+00:00,30.115671509876847
2025-08-15 20:50:18.569145+00:00,30.12597268971149
2025-08-15 20:50:22.395105+00:00,30.136273870710284
2025-08-15 20:50:25.409839+00:00,30.12597268971149
2025-08-15 20:50:28.506568+00:00,30.12597268971149
2025-08-15 20:50:32.608270+00:00,30.12597268971149
2025-08-15 20:50:35.698029+00:00,30.131123280065367
2025-08-15 20:50:42.088498+00:00,30.131123280065367
2025-08-15 20:50:47.325073+00:00,30.12082209964865
2025-08-15 20:50:50.200782+00:00,30.110520920396084
2025-08-15 20:50:50.461705+00:00,30.115671509876847
2025-08-15 20:50:50.772704+00:00,30.115671509876847
2025-08-15 20:50:57.055657+00:00,30.115671509876847
2025-08-15 20:50:57.353816+00:00,30.115671509876847
2025-08-15 20:50:57.603088+00:00,30.12597268971149
2025-08-15 20:50:57.827935+00:00,30.110520920396084
2025-08-15 20:50:58.053355+00:00,30.12597268971149
2025-08-15 20:50:58.336259+00:00,30.115671509876847
2025-08-15 20:50:59.027417+00:00,30.12082209964865
2025-08-15 20:51:01.475729+00:00,30.115671509876847
2025-08-15 20:51:01.825933+00:00,30.12597268971149
2025-08-15 20:51:02.329093+00:00,30.115671509876847
2025-08-15 20:51:08.608513+00:00,30.110520920396084
2025-08-15 20:51:12.901356+00:00,30.110520920396084
2025-08-15 20:51:16.625667+00:00,30.12082209964865
2025-08-15 20:51:17.778857+00:00,30.110520920396084
2025-08-15 20:51:20.001289+00:00,30.110520920396084
2025-08-15 20:51:21.411720+00:00,30.115671509876847
2025-08-15 20:51:23.043310+00:00,30.12597268971149
2025-08-15 20:51:23.284129+00:00,30.12597268971149
2025-08-15 20:51:23.544437+00:00,30.12597268971149
2025-08-15 20:51:23.787182+00:00,30.115671509876847
2025-08-15 20:51:24.460148+00:00,30.12597268971149
2025-08-15 20:51:26.352384+00:00,30.115671509876847
2025-08-15 20:51:26.919383+00:00,30.12597268971149
2025-08-15 20:51:27.562694+00:00,30.12082209964865
2025-08-15 20:51:28.960982+00:00,30.115671509876847
2025-08-15 20:51:29.793726+00:00,30.110520920396084
2025-08-15 20:51:31.907406+00:00,30.115671509876847
2025-08-15 20:51:34.256474+00:00,30.115671509876847
2025-08-15 20:51:40.857666+00:00,30.110520920396084
2025-08-15 20:51:42.804159+00:00,30.115671509876847
2025-08-15 20:51:43.207065+00:00,30.110520920396084
2025-08-15 20:51:43.632656+00:00,30.10537033120636
2025-08-15 20:51:44.577075+00:00,30.10537033120636
2025-08-15 20:51:50.733458+00:00,30.10537033120636
2025-08-15 20:51:52.530400+00:00,30.10537033120636
2025-08-15 20:51:53.139996+00:00,30.115671509876847
2025-08-15 20:51:53.810681+00:00,30.110520920396084
2025-08-15 20:51:55.026629+00:00,30.115671509876847
2025-08-15 20:51:57.509743+00:00,30.110520920396084
2025-08-15 20:51:58.604598+00:00,30.10537033120636
2025-08-15 20:51:59.868014+00:00,30.110520920396084
2025-08-15 20:52:01.979567+00:00,30.115671509876847
2025-08-15 20:52:03.498213+00:00,30.10537033120636
2025-08-15 20:52:05.856338+00:00,30.10537033120636
2025-08-15 20:52:07.557632+00:00,30.115671509876847
2025-08-15 20:52:11.066359+00:00,30.110520920396084
2025-08-15 20:52:12.513354+00:00,30.10537033120636
2025-08-15 20:52:14.366280+00:00,30.10537033120636
2025-08-15 20:52:16.007253+00:00,30.110520920396084
2025-08-15 20:52:18.759788+00:00,30.110520920396084
2025-08-15 20:52:23.923401+00:00,30.110520920396084
2025-08-15 20:52:26.044672+00:00,30.110520920396084
2025-08-15 20:52:26.820409+00:00,30.110520920396084
2025-08-15 20:52:27.949113+00:00,30.110520920396084
2025-08-15 20:52:28.364671+00:00,30.10537033120636
2025-08-15 20:52:32.443429+00:00,30.115671509876847
2025-08-15 20:52:32.942427+00:00,30.115671509876847
2025-08-15 20:52:35.518918+00:00,30.12082209964865
2025-08-15 20:52:37.089917+00:00,30.10537033120636
2025-08-15 20:52:37.445812+00:00,30.12082209964865
2025-08-15 20:52:40.291954+00:00,30.12082209964865
2025-08-15 20:52:41.229563+00:00,30.110520920396084
2025-08-15 20:52:43.534227+00:00,30.12082209964865
2025-08-15 20:52:44.786989+00:00,30.110520920396084
2025-08-15 20:52:45.271291+00:00,30.115671509876847
2025-08-15 20:52:45.918514+00:00,30.12597268971149
2025-08-15 20:52:46.456275+00:00,30.115671509876847
2025-08-15 20:52:49.284249+00:00,30.115671509876847
2025-08-15 20:52:49.725411+00:00,30.110520920396084
2025-08-15 20:52:50.844029+00:00,30.110520920396084
2025-08-15 20:52:51.110150+00:00,30.10537033120636
2025-08-15 20:52:51.934845+00:00,30.10537033120636
2025-08-15 20:52:53.082296+00:00,30.100219742307672
2025-08-15 20:52:54.299031+00:00,30.110520920396084
2025-08-15 20:52:55.593463+00:00,30.10537033120636
2025-08-15 20:52:55.856473+00:00,30.10537033120636
2025-08-15 20:52:56.366682+00:00,30.115671509876847
2025-08-15 20:53:01.731334+00:00,30.100219742307672
2025-08-15 20:53:02.297178+00:00,30.10537033120636
2025-08-15 20:53:09.866508+00:00,30.10537033120636
2025-08-15 20:53:11.179002+00:00,30.10537033120636
2025-08-15 20:53:13.166922+00:00,30.100219742307672
2025-08-15 20:53:14.169508+00:00,30.100219742307672
2025-08-15 20:53:15.755272+00:00,30.110520920396084
2025-08-15 20:53:19.062721+00:00,30.10537033120636
2025-08-15 20:53:19.915663+00:00,30.110520920396084
2025-08-15 20:53:22.097352+00:00,30.100219742307672
2025-08-15 20:53:23.550391+00:00,30.10537033120636
2025-08-15 20:53:24.051456+00:00,30.115671509876847
2025-08-15 20:53:24.667806+00:00,30.115671509876847
2025-08-15 20:53:25.126849+00:00,30.115671509876847
2025-08-15 20:53:25.957208+00:00,30.110520920396084
2025-08-15 20:53:26.917163+00:00,30.115671509876847
2025-08-15 20:53:27.663356+00:00,30.10537033120636
2025-08-15 20:53:28.300336+00:00,30.110520920396084
2025-08-15 20:53:29.275691+00:00,30.10537033120636
2025-08-15 20:53:30.050858+00:00,30.110520920396084
2025-08-15 20:53:35.453420+00:00,30.110520920396084
2025-08-15 20:53:36.682139+00:00,30.110520920396084
2025-08-15 20:53:39.757973+00:00,30.12082209964865
2025-08-15 20:53:41.708350+00:00,30.115671509876847
2025-08-15 20:53:43.507295+00:00,30.10537033120636
2025-08-15 20:53:43.733487+00:00,30.10537033120636
2025-08-15 20:53:43.963796+00:00,30.115671509876847
2025-08-15 20:53:44.265494+00:00,30.10537033120636
2025-08-15 20:53:45.366146+00:00,30.10537033120636
2025-08-15 20:53:46.003024+00:00,30.110520920396084
2025-08-15 20:53:46.437770+00:00,30.110520920396084
2025-08-15 20:53:47.707024+00:00,30.110520920396084
2025-08-15 20:53:49.512279+00:00,30.10537033120636
2025-08-15 20:53:49.906196+00:00,30.110520920396084
2025-08-15 20:53:51.626008+00:00,30.115671509876847
2025-08-15 20:53:52.787462+00:00,30.10537033120636
2025-08-15 20:53:53.139521+00:00,30.110520920396084
2025-08-15 20:53:54.224666+00:00,30.10537033120636
2025-08-15 20:53:55.476522+00:00,30.095069153700024
2025-08-15 20:53:56.522081+00:00,30.10537033120636
2025-08-15 20:54:01.593861+00:00,30.100219742307672
2025-08-15 20:54:03.692533+00:00,30.110520920396084
2025-08-15 20:54:05.345765+00:00,30.100219742307672
2025-08-15 20:54:06.353949+00:00,30.100219742307672
2025-08-15 20:54:10.264766+00:00,30.100219742307672
2025-08-15 20:54:10.762105+00:00,30.100219742307672
2025-08-15 20:54:13.285785+00:00,30.089918565383414
2025-08-15 20:54:15.576782+00:00,30.095069153700024
2025-08-15 20:54:17.984104+00:00,30.100219742307672
2025-08-15 20:54:18.369550+00:00,30.100219742307672
2025-08-15 20:54:23.125185+00:00,30.089918565383414
2025-08-15 20:54:24.479034+00:00,30.095069153700024
2025-08-15 20:54:24.772708+00:00,30.084767977357842
2025-08-15 20:54:25.791316+00:00,30.089918565383414
2025-08-15 20:54:27.999422+00:00,30.089918565383414
2025-08-15 20:54:28.950451+00:00,30.095069153700024
2025-08-15 20:54:29.668380+00:00,30.089918565383414
2025-08-15 20:54:30.120703+00:00,30.084767977357842
2025-08-15 20:54:30.544470+00:00,30.095069153700024
2025-08-15 20:54:30.902499+00:00,30.100219742307672
2025-08-15 20:54:31.581265+00:00,30.089918565383414
2025-08-15 20:54:32.340565+00:00,30.089918565383414
2025-08-15 20:54:33.811641+00:00,30.095069153700024
2025-08-15 20:54:34.470882+00:00,30.095069153700024
2025-08-15 20:54:36.681291+00:00,30.100219742307672
2025-08-15 20:54:38.917691+00:00,30.089918565383414
2025-08-15 20:54:40.503166+00:00,30.089918565383414
2025-08-15 20:54:41.669428+00:00,30.095069153700024
2025-08-15 20:54:46.697828+00:00,30.089918565383414
2025-08-15 20:54:47.326336+00:00,30.084767977357842
2025-08-15 20:54:47.693426+00:00,30.084767977357842
2025-08-15 20:54:48.596267+00:00,30.089918565383414
2025-08-15 20:54:50.306578+00:00,30.089918565383414
2025-08-15 20:54:51.059036+00:00,30.084767977357842
2025-08-15 20:54:55.972311+00:00,30.100219742307672
2025-08-15 20:54:57.316467+00:00,30.095069153700024
2025-08-15 20:54:57.725842+00:00,30.089918565383414
2025-08-15 20:54:58.632347+00:00,30.084767977357842
2025-08-15 20:55:00.784057+00:00,30.084767977357842
2025-08-15 20:55:03.038077+00:00,30.095069153700024
2025-08-15 20:55:07.097859+00:00,30.084767977357842
2025-08-15 20:55:09.460448+00:00,30.089918565383414
2025-08-15 20:55:09.784717+00:00,30.089918565383414
2025-08-15 20:55:10.529663+00:00,30.12082209964865
2025-08-15 20:55:12.360372+00:00,30.100219742307672
2025-08-15 20:55:12.711295+00:00,30.089918565383414
2025-08-15 20:55:16.317088+00:00,30.07961738962331
2025-08-15 20:55:17.886080+00:00,30.07961738962331
2025-08-15 20:55:18.394566+00:00,30.084767977357842
2025-08-15 20:55:30.672979+00:00,30.089918565383414
2025-08-15 20:55:31.086752+00:00,30.074466802179813
2025-08-15 20:55:32.334210+00:00,30.07961738962331
2025-08-15 20:55:34.156228+00:00,30.074466802179813
2025-08-15 20:55:36.351407+00:00,30.07961738962331
2025-08-15 20:55:36.893040+00:00,30.074466802179813
2025-08-15 20:55:46.547171+00:00,30.089918565383414
2025-08-15 20:55:47.669523+00:00,30.084767977357842
2025-08-15 20:55:49.403025+00:00,30.07961738962331
2025-08-15 20:55:49.812330+00:00,30.084767977357842
2025-08-15 20:55:50.393220+00:00,30.084767977357842
2025-08-15 20:55:50.773519+00:00,30.084767977357842
2025-08-15 20:55:52.794349+00:00,30.07961738962331
2025-08-15 20:55:53.523565+00:00,30.074466802179813
2025-08-15 20:55:53.973632+00:00,30.089918565383414
2025-08-15 20:55:54.198020+00:00,30.07961738962331
2025-08-15 20:55:54.464507+00:00,30.074466802179813
2025-08-15 20:55:55.935015+00:00,30.084767977357842
2025-08-15 20:55:57.690404+00:00,30.084767977357842
2025-08-15 20:55:58.706905+00:00,30.084767977357842
2025-08-15 20:56:03.261640+00:00,30.074466802179813
2025-08-15 20:56:06.380816+00:00,30.074466802179813
2025-08-15 20:56:07.859689+00:00,30.064165628165938
2025-08-15 20:56:08.339156+00:00,30.074466802179813
2025-08-15 20:56:08.732264+00:00,30.064165628165938
2025-08-15 20:56:09.475730+00:00,30.074466802179813
2025-08-15 20:56:13.645145+00:00,30.07961738962331
2025-08-15 20:56:14.696834+00:00,30.084767977357842
2025-08-15 20:56:16.892428+00:00,30.074466802179813
2025-08-15 20:56:21.662416+00:00,30.074466802179813
2025-08-15 20:56:24.093568+00:00,30.07961738962331
2025-08-15 20:56:25.079725+00:00,30.074466802179813
2025-08-15 20:56:27.463913+00:00,30.07961738962331
2025-08-15 20:56:27.953353+00:00,30.10537033120636
2025-08-15 20:56:31.574524+00:00,30.074466802179813
2025-08-15 20:56:37.202950+00:00,30.089918565383414
2025-08-15 20:56:38.194997+00:00,30.084767977357842
2025-08-15 20:56:39.823569+00:00,30.07961738962331
2025-08-15 20:56:40.365752+00:00,30.07961738962331
2025-08-15 20:56:41.504053+00:00,30.089918565383414
2025-08-15 20:56:46.016552+00:00,30.07961738962331
2025-08-15 20:56:46.507520+00:00,30.07961738962331
2025-08-15 20:56:55.845595+00:00,30.095069153700024
2025-08-15 20:56:57.863647+00:00,30.089918565383414
2025-08-15 20:56:58.456193+00:00,30.084767977357842
2025-08-15 20:56:59.354558+00:00,30.07961738962331
2025-08-15 20:57:00.649946+00:00,30.084767977357842
2025-08-15 20:57:02.208160+00:00,30.084767977357842
2025-08-15 20:57:05.085116+00:00,30.089918565383414
2025-08-15 20:57:07.004085+00:00,30.084767977357842
2025-08-15 20:57:09.443848+00:00,30.089918565383414
2025-08-15 20:57:09.831396+00:00,30.084767977357842
2025-08-15 20:57:10.641248+00:00,30.084767977357842
2025-08-15 20:57:11.282079+00:00,30.089918565383414
2025-08-15 20:57:13.663250+00:00,30.089918565383414
2025-08-15 20:57:14.679684+00:00,30.089918565383414
2025-08-15 20:57:17.648172+00:00,30.089918565383414
2025-08-15 20:57:19.985397+00:00,30.07961738962331
2025-08-15 20:57:20.401588+00:00,30.07961738962331
2025-08-15 20:57:21.421972+00:00,30.07961738962331
2025-08-15 20:57:22.325012+00:00,30.074466802179813
2025-08-15 20:57:22.802069+00:00,30.07961738962331
2025-08-15 20:57:23.042350+00:00,30.084767977357842
2025-08-15 20:57:24.479704+00:00,30.07961738962331
2025-08-15 20:57:25.916650+00:00,30.07961738962331
2025-08-15 20:57:26.216792+00:00,30.07961738962331
2025-08-15 20:57:26.446374+00:00,30.089918565383414
2025-08-15 20:57:28.761952+00:00,30.07961738962331
2025-08-15 20:57:29.451135+00:00,30.074466802179813
2025-08-15 20:57:29.954006+00:00,30.074466802179813
2025-08-15 20:57:34.821072+00:00,30.074466802179813
2025-08-15 20:57:35.431155+00:00,30.074466802179813
2025-08-15 20:57:37.562197+00:00,30.07961738962331
2025-08-15 20:57:37.904387+00:00,30.07961738962331
2025-08-15 20:57:38.540288+00:00,30.084767977357842
2025-08-15 20:57:39.983321+00:00,30.069316215027357
2025-08-15 20:57:40.737045+00:00,30.074466802179813
2025-08-15 20:57:41.454176+00:00,30.074466802179813
2025-08-15 20:57:45.506400+00:00,30.07961738962331
2025-08-15 20:57:46.138963+00:00,30.07961738962331
2025-08-15 20:57:47.722856+00:00,30.07961738962331
2025-08-15 20:57:48.573970+00:00,30.053864455316216
2025-08-15 20:57:49.346499+00:00,30.069316215027357
2025-08-15 20:57:49.702216+00:00,30.074466802179813
2025-08-15 20:57:50.586955+00:00,30.074466802179813
2025-08-15 20:57:54.090735+00:00,30.074466802179813
2025-08-15 20:57:54.920396+00:00,30.07961738962331
2025-08-15 20:57:55.395101+00:00,30.074466802179813
2025-08-15 20:57:56.703680+00:00,30.084767977357842
2025-08-15 20:57:58.197405+00:00,30.074466802179813
2025-08-15 20:58:01.974484+00:00,30.084767977357842
2025-08-15 20:58:02.423468+00:00,30.074466802179813
2025-08-15 20:58:02.814524+00:00,30.084767977357842
2025-08-15 20:58:03.080451+00:00,30.100219742307672
2025-08-15 20:58:03.453985+00:00,30.074466802179813
2025-08-15 20:58:04.130182+00:00,30.07961738962331
2025-08-15 20:58:04.514647+00:00,30.084767977357842
2025-08-15 20:58:04.878149+00:00,30.07961738962331
2025-08-15 20:58:05.296045+00:00,30.084767977357842
2025-08-15 20:58:05.697648+00:00,30.07961738962331
2025-08-15 20:58:07.835162+00:00,30.074466802179813
2025-08-15 20:58:13.462684+00:00,30.07961738962331
2025-08-15 20:58:14.918975+00:00,30.069316215027357
2025-08-15 20:58:17.049046+00:00,30.07961738962331
2025-08-15 20:58:18.621353+00:00,30.064165628165938
2025-08-15 20:58:19.179439+00:00,30.07961738962331
2025-08-15 20:58:19.554162+00:00,30.074466802179813
2025-08-15 20:58:20.497756+00:00,30.07961738962331
2025-08-15 20:58:20.670333+00:00,30.07961738962331
2025-08-15 20:58:20.893572+00:00,30.084767977357842
2025-08-15 20:58:21.083840+00:00,30.089918565383414
2025-08-15 20:58:22.363465+00:00,30.07961738962331
2025-08-15 20:58:23.082266+00:00,30.07961738962331
2025-08-15 20:58:26.864352+00:00,30.074466802179813
2025-08-15 20:58:27.941592+00:00,30.07961738962331
2025-08-15 20:58:28.502712+00:00,30.074466802179813
2025-08-15 20:58:29.931747+00:00,30.084767977357842
2025-08-15 20:58:34.645435+00:00,30.084767977357842
2025-08-15 20:58:35.028945+00:00,30.074466802179813
2025-08-15 20:58:35.537242+00:00,30.084767977357842
2025-08-15 20:58:36.179492+00:00,30.084767977357842
2025-08-15 20:58:36.406170+00:00,30.095069153700024
2025-08-15 20:58:36.712720+00:00,30.053864455316216
2025-08-15 20:58:36.973394+00:00,30.089918565383414
2025-08-15 20:58:37.198158+00:00,30.089918565383414
2025-08-15 20:58:42.013221+00:00,30.100219742307672
2025-08-15 20:58:45.686852+00:00,30.084767977357842
2025-08-15 20:58:46.747659+00:00,30.084767977357842
2025-08-15 20:58:49.869993+00:00,30.089918565383414
2025-08-15 20:58:50.256597+00:00,30.089918565383414
2025-08-15 20:58:51.810246+00:00,30.095069153700024
2025-08-15 20:58:53.660437+00:00,30.07961738962331
2025-08-15 20:58:56.068635+00:00,30.089918565383414
2025-08-15 20:58:56.754195+00:00,30.084767977357842
2025-08-15 20:58:57.644251+00:00,30.084767977357842
2025-08-15 20:59:00.988741+00:00,30.084767977357842
2025-08-15 20:59:03.803942+00:00,30.084767977357842
2025-08-15 20:59:10.587226+00:00,30.084767977357842
2025-08-15 20:59:12.410573+00:00,30.074466802179813
2025-08-15 20:59:13.227744+00:00,30.069316215027357
2025-08-15 20:59:15.583276+00:00,30.069316215027357
2025-08-15 20:59:18.414293+00:00,30.069316215027357
2025-08-15 20:59:20.076937+00:00,30.074466802179813
2025-08-15 20:59:20.920857+00:00,30.074466802179813
2025-08-15 20:59:23.652315+00:00,30.074466802179813
2025-08-15 20:59:24.189596+00:00,30.074466802179813
2025-08-15 20:59:26.325410+00:00,30.074466802179813
2025-08-15 20:59:26.868713+00:00,30.074466802179813
2025-08-15 20:59:28.540341+00:00,30.064165628165938
2025-08-15 20:59:29.767006+00:00,30.07961738962331
2025-08-15 20:59:33.745516+00:00,30.074466802179813
2025-08-15 20:59:34.011576+00:00,30.069316215027357
2025-08-15 20:59:34.344350+00:00,30.07961738962331
2025-08-15 20:59:34.673961+00:00,30.074466802179813
2025-08-15 20:59:35.675260+00:00,30.064165628165938
2025-08-15 20:59:36.084520+00:00,30.069316215027357
2025-08-15 20:59:37.169357+00:00,30.084767977357842
2025-08-15 20:59:37.413239+00:00,30.069316215027357
2025-08-15 20:59:37.653728+00:00,30.074466802179813
2025-08-15 20:59:39.676404+00:00,30.074466802179813
2025-08-15 20:59:42.760559+00:00,30.074466802179813
2025-08-15 20:59:43.002765+00:00,30.07961738962331
2025-08-15 20:59:43.730147+00:00,30.069316215027357
2025-08-15 20:59:44.026967+00:00,30.069316215027357
2025-08-15 20:59:44.430425+00:00,30.084767977357842
2025-08-15 20:59:45.078165+00:00,30.084767977357842
2025-08-15 20:59:46.136936+00:00,30.074466802179813
2025-08-15 20:59:47.739064+00:00,30.064165628165938
2025-08-15 20:59:50.309017+00:00,30.074466802179813
2025-08-15 20:59:51.308956+00:00,30.074466802179813
2025-08-15 20:59:52.110438+00:00,30.069316215027357
2025-08-15 20:59:59.667721+00:00,30.074466802179813
2025-08-15 21:00:00.058787+00:00,30.074466802179813
2025-08-15 21:00:00.511755+00:00,30.10537033120636
2025-08-15 21:00:03.428919+00:00,30.064165628165938
2025-08-15 21:00:04.050986+00:00,30.064165628165938
2025-08-15 21:00:04.513589+00:00,30.069316215027357
2025-08-15 21:00:05.037971+00:00,30.064165628165938
2025-08-15 21:00:05.519799+00:00,30.064165628165938
2025-08-15 21:00:06.161597+00:00,30.064165628165938
2025-08-15 21:00:10.979690+00:00,30.064165628165938
2025-08-15 21:00:13.467518+00:00,30.069316215027357
2025-08-15 21:00:13.871981+00:00,30.074466802179813
2025-08-15 21:00:16.454147+00:00,30.069316215027357
2025-08-15 21:00:17.745167+00:00,30.074466802179813
2025-08-15 21:00:18.091850+00:00,30.074466802179813
2025-08-15 21:00:18.810055+00:00,30.069316215027357
2025-08-15 21:00:23.886506+00:00,30.069316215027357
2025-08-15 21:00:26.827281+00:00,30.084767977357842
2025-08-15 21:00:27.778574+00:00,30.069316215027357
2025-08-15 21:00:31.603894+00:00,30.074466802179813
2025-08-15 21:00:32.724846+00:00,30.069316215027357
2025-08-15 21:00:35.428676+00:00,30.074466802179813
2025-08-15 21:00:38.122449+00:00,30.059015041595558
2025-08-15 21:00:39.387728+00:00,30.064165628165938
2025-08-15 21:00:43.591855+00:00,30.064165628165938
2025-08-15 21:00:44.172591+00:00,30.074466802179813
2025-08-15 21:00:44.648846+00:00,30.064165628165938
2025-08-15 21:00:46.838682+00:00,30.064165628165938
2025-08-15 21:00:47.570897+00:00,30.069316215027357
2025-08-15 21:00:48.711203+00:00,30.064165628165938
2025-08-15 21:00:49.226451+00:00,30.064165628165938
2025-08-15 21:00:49.512744+00:00,30.059015041595558
2025-08-15 21:00:50.565575+00:00,30.064165628165938
2025-08-15 21:00:52.374957+00:00,30.059015041595558
2025-08-15 21:00:54.133200+00:00,30.064165628165938
2025-08-15 21:00:54.978856+00:00,30.059015041595558
2025-08-15 21:00:56.799326+00:00,30.053864455316216
2025-08-15 21:01:01.383495+00:00,30.064165628165938
2025-08-15 21:01:05.480814+00:00,30.059015041595558
2025-08-15 21:01:07.111440+00:00,30.043563283630647
2025-08-15 21:01:11.730917+00:00,30.048713869327912
2025-08-15 21:01:13.619813+00:00,30.059015041595558
2025-08-15 21:01:16.028233+00:00,30.053864455316216
2025-08-15 21:01:20.349808+00:00,30.053864455316216
2025-08-15 21:01:21.077198+00:00,30.048713869327912
2025-08-15 21:01:24.153377+00:00,30.043563283630647
2025-08-15 21:01:24.762762+00:00,30.053864455316216
2025-08-15 21:01:27.001567+00:00,30.03841269822442
2025-08-15 21:01:27.309556+00:00,30.048713869327912
2025-08-15 21:01:27.510578+00:00,30.048713869327912
2025-08-15 21:01:29.508285+00:00,30.048713869327912
2025-08-15 21:01:29.725117+00:00,30.043563283630647
2025-08-15 21:01:29.986141+00:00,30.048713869327912
2025-08-15 21:01:30.335637+00:00,30.053864455316216
2025-08-15 21:01:30.692042+00:00,30.059015041595558
2025-08-15 21:01:31.116354+00:00,30.053864455316216
2025-08-15 21:01:33.140642+00:00,30.053864455316216
2025-08-15 21:01:39.073959+00:00,30.053864455316216
2025-08-15 21:01:39.928347+00:00,30.053864455316216
2025-08-15 21:01:40.198399+00:00,30.048713869327912
2025-08-15 21:01:40.770578+00:00,30.064165628165938
2025-08-15 21:01:44.137917+00:00,30.048713869327912
2025-08-15 21:01:48.300875+00:00,30.053864455316216
2025-08-15 21:01:49.356882+00:00,30.053864455316216
2025-08-15 21:01:51.033411+00:00,30.048713869327912
2025-08-15 21:01:52.675244+00:00,30.043563283630647
2025-08-15 21:01:53.494315+00:00,30.053864455316216
2025-08-15 21:01:54.129994+00:00,30.043563283630647
2025-08-15 21:01:54.429369+00:00,30.048713869327912
2025-08-15 21:01:54.738540+00:00,30.048713869327912
2025-08-15 21:01:57.866463+00:00,30.043563283630647
2025-08-15 21:02:04.392139+00:00,30.043563283630647
2025-08-15 21:02:04.811722+00:00,30.043563283630647
2025-08-15 21:02:13.997367+00:00,30.043563283630647
2025-08-15 21:02:14.307726+00:00,30.043563283630647
2025-08-15 21:02:14.558303+00:00,30.043563283630647
2025-08-15 21:02:14.890958+00:00,30.043563283630647
2025-08-15 21:02:19.991145+00:00,30.048713869327912
2025-08-15 21:02:23.338177+00:00,30.043563283630647
2025-08-15 21:02:25.190771+00:00,30.02811152828508
2025-08-15 21:02:26.614402+00:00,30.03326211310923
2025-08-15 21:02:28.953588+00:00,30.03326211310923
2025-08-15 21:02:29.294502+00:00,30.043563283630647
2025-08-15 21:02:30.365163+00:00,30.03326211310923
2025-08-15 21:02:31.510052+00:00,30.043563283630647
2025-08-15 21:02:33.296847+00:00,30.043563283630647
2025-08-15 21:02:33.900501+00:00,30.053864455316216
2025-08-15 21:02:35.067639+00:00,30.043563283630647
2025-08-15 21:02:37.340626+00:00,30.043563283630647
2025-08-15 21:02:38.528521+00:00,30.043563283630647
2025-08-15 21:02:39.573076+00:00,30.03326211310923
2025-08-15 21:02:40.941867+00:00,30.043563283630647
2025-08-15 21:02:43.357065+00:00,30.048713869327912
2025-08-15 21:02:44.251181+00:00,30.048713869327912
2025-08-15 21:02:44.465521+00:00,30.043563283630647
2025-08-15 21:02:44.693744+00:00,30.043563283630647
2025-08-15 21:02:48.542300+00:00,30.043563283630647
2025-08-15 21:02:50.231644+00:00,30.043563283630647
2025-08-15 21:02:50.380916+00:00,30.043563283630647
2025-08-15 21:02:50.650859+00:00,30.053864455316216
2025-08-15 21:02:53.549706+00:00,30.03841269822442
2025-08-15 21:02:54.736456+00:00,30.043563283630647
2025-08-15 21:02:55.463976+00:00,30.048713869327912
2025-08-15 21:02:57.683891+00:00,30.03841269822442
2025-08-15 21:02:57.906443+00:00,30.03841269822442
2025-08-15 21:02:58.128803+00:00,30.053864455316216
2025-08-15 21:03:00.017798+00:00,30.03841269822442
2025-08-15 21:03:00.473537+00:00,30.053864455316216
2025-08-15 21:03:01.689878+00:00,30.03326211310923
2025-08-15 21:03:02.483141+00:00,30.048713869327912
2025-08-15 21:03:03.234767+00:00,30.048713869327912
2025-08-15 21:03:07.373227+00:00,30.03841269822442
2025-08-15 21:03:09.341048+00:00,30.03326211310923
2025-08-15 21:03:14.315357+00:00,30.03326211310923
2025-08-15 21:03:15.349346+00:00,30.03326211310923
2025-08-15 21:03:16.794032+00:00,30.03326211310923
2025-08-15 21:03:17.233316+00:00,30.043563283630647
2025-08-15 21:03:17.748362+00:00,30.03326211310923
2025-08-15 21:03:19.992686+00:00,30.03326211310923
2025-08-15 21:03:23.537113+00:00,30.03326211310923
2025-08-15 21:03:25.757732+00:00,30.03326211310923
2025-08-15 21:03:25.992447+00:00,30.02811152828508
2025-08-15 21:03:26.234133+00:00,30.043563283630647
2025-08-15 21:03:26.569503+00:00,30.043563283630647
2025-08-15 21:03:26.973824+00:00,30.03841269822442
2025-08-15 21:03:27.295173+00:00,30.03841269822442
2025-08-15 21:03:27.631198+00:00,30.03841269822442
2025-08-15 21:03:28.139027+00:00,30.03326211310923
2025-08-15 21:03:29.815241+00:00,30.03326211310923
2025-08-15 21:03:30.166047+00:00,30.03326211310923
2025-08-15 21:03:32.391272+00:00,30.03326211310923
2025-08-15 21:03:35.976175+00:00,30.043563283630647
2025-08-15 21:03:37.690928+00:00,30.03841269822442
2025-08-15 21:03:38.842932+00:00,30.03841269822442
2025-08-15 21:03:39.869352+00:00,30.043563283630647
2025-08-15 21:03:40.655469+00:00,30.03841269822442
2025-08-15 21:03:42.056616+00:00,30.03326211310923
2025-08-15 21:03:42.952454+00:00,30.03326211310923
2025-08-15 21:03:44.322965+00:00,30.03841269822442
2025-08-15 21:03:45.755961+00:00,30.03841269822442
2025-08-15 21:03:47.747366+00:00,30.043563283630647
2025-08-15 21:03:50.595319+00:00,30.043563283630647
2025-08-15 21:03:50.863878+00:00,30.043563283630647
2025-08-15 21:03:52.776842+00:00,30.053864455316216
2025-08-15 21:03:53.321670+00:00,30.053864455316216
2025-08-15 21:03:54.705493+00:00,30.053864455316216
2025-08-15 21:03:57.367229+00:00,30.053864455316216
2025-08-15 21:04:00.121854+00:00,30.03841269822442
2025-08-15 21:04:04.313798+00:00,30.048713869327912
2025-08-15 21:04:22.821961+00:00,30.043563283630647
2025-08-15 21:04:24.061431+00:00,30.043563283630647
2025-08-15 21:04:24.443859+00:00,30.043563283630647
2025-08-15 21:04:26.608776+00:00,30.03326211310923
2025-08-15 21:04:28.330809+00:00,30.053864455316216
2025-08-15 21:04:31.662722+00:00,30.053864455316216
2025-08-15 21:04:32.163728+00:00,30.053864455316216
2025-08-15 21:04:36.123626+00:00,30.053864455316216
2025-08-15 21:04:36.453751+00:00,30.03841269822442
2025-08-15 21:04:38.974252+00:00,30.043563283630647
2025-08-15 21:04:40.944569+00:00,30.043563283630647
2025-08-15 21:04:41.838043+00:00,30.053864455316216
2025-08-15 21:04:42.081449+00:00,30.053864455316216
2025-08-15 21:04:45.012476+00:00,30.043563283630647
2025-08-15 21:04:46.151243+00:00,30.048713869327912
2025-08-15 21:04:46.777420+00:00,30.043563283630647
2025-08-15 21:04:47.221663+00:00,30.048713869327912
2025-08-15 21:04:48.555834+00:00,30.048713869327912
2025-08-15 21:04:50.877481+00:00,30.03841269822442
2025-08-15 21:04:54.061701+00:00,30.043563283630647
2025-08-15 21:04:56.170311+00:00,30.043563283630647
2025-08-15 21:05:04.278583+00:00,30.03841269822442
2025-08-15 21:05:06.568034+00:00,30.043563283630647
2025-08-15 21:05:09.922836+00:00,30.048713869327912
2025-08-15 21:05:18.364544+00:00,30.043563283630647
2025-08-15 21:05:18.904374+00:00,30.02811152828508
2025-08-15 21:05:19.444220+00:00,30.03326211310923
2025-08-15 21:05:20.988421+00:00,30.03841269822442
2025-08-15 21:05:21.571293+00:00,30.03841269822442
2025-08-15 21:05:30.737423+00:00,30.03841269822442
2025-08-15 21:05:33.179437+00:00,30.043563283630647
2025-08-15 21:05:34.846420+00:00,30.02811152828508
2025-08-15 21:05:41.085369+00:00,30.03326211310923
2025-08-15 21:05:48.980398+00:00,30.03841269822442
2025-08-15 21:05:49.262485+00:00,30.03841269822442
2025-08-15 21:05:49.758224+00:00,30.03326211310923
2025-08-15 21:05:50.459171+00:00,30.02811152828508
2025-08-15 21:05:50.670777+00:00,30.03841269822442
2025-08-15 21:05:53.135866+00:00,30.02811152828508
2025-08-15 21:05:54.220062+00:00,30.017810359509895
2025-08-15 21:05:55.608728+00:00,30.03326211310923
2025-08-15 21:05:56.308376+00:00,30.03326211310923
2025-08-15 21:05:56.800511+00:00,30.03326211310923
2025-08-15 21:05:57.113279+00:00,30.043563283630647
2025-08-15 21:05:59.961087+00:00,30.03326211310923
2025-08-15 21:06:03.077413+00:00,30.03326211310923
2025-08-15 21:06:07.087911+00:00,30.03841269822442
2025-08-15 21:06:08.194596+00:00,30.03326211310923
2025-08-15 21:06:11.503883+00:00,30.03841269822442
2025-08-15 21:06:12.644808+00:00,30.03326211310923
2025-08-15 21:06:16.013541+00:00,30.043563283630647
2025-08-15 21:06:16.377310+00:00,30.02811152828508
2025-08-15 21:06:20.624405+00:00,30.02296094375197
2025-08-15 21:06:21.546391+00:00,30.03326211310923
2025-08-15 21:06:22.489231+00:00,30.02296094375197
2025-08-15 21:06:22.777824+00:00,30.02296094375197
2025-08-15 21:06:24.085109+00:00,30.02296094375197
2025-08-15 21:06:26.843507+00:00,30.03326211310923
2025-08-15 21:06:27.517698+00:00,30.02296094375197
2025-08-15 21:06:28.404373+00:00,30.017810359509895
2025-08-15 21:06:31.151646+00:00,30.02296094375197
2025-08-15 21:06:33.944922+00:00,30.01265977555886
2025-08-15 21:06:35.454673+00:00,30.002358608529903
2025-08-15 21:06:35.731657+00:00,30.02296094375197
2025-08-15 21:06:35.901469+00:00,30.03326211310923
2025-08-15 21:06:36.116406+00:00,30.03326211310923
2025-08-15 21:06:38.120519+00:00,30.02811152828508
2025-08-15 21:06:38.579396+00:00,30.02811152828508
2025-08-15 21:06:39.139047+00:00,30.03326211310923
2025-08-15 21:06:39.460846+00:00,30.02811152828508
2025-08-15 21:06:41.026273+00:00,30.017810359509895
2025-08-15 21:06:43.750642+00:00,30.01265977555886
2025-08-15 21:06:44.813919+00:00,30.02811152828508
2025-08-15 21:06:47.885955+00:00,30.02296094375197
2025-08-15 21:06:48.266642+00:00,30.03326211310923
2025-08-15 21:06:51.593118+00:00,30.02296094375197
2025-08-15 21:06:52.374009+00:00,30.02811152828508
2025-08-15 21:06:52.608869+00:00,30.03326211310923
2025-08-15 21:06:53.475768+00:00,30.02811152828508
2025-08-15 21:06:57.236001+00:00,30.02296094375197
2025-08-15 21:06:57.493941+00:00,30.02811152828508
2025-08-15 21:06:57.714945+00:00,30.03841269822442
2025-08-15 21:06:58.174157+00:00,30.043563283630647
2025-08-15 21:06:58.449876+00:00,30.03841269822442
2025-08-15 21:06:58.800407+00:00,30.03841269822442
2025-08-15 21:07:00.341094+00:00,30.02811152828508
2025-08-15 21:07:00.985289+00:00,30.03841269822442
2025-08-15 21:07:01.322637+00:00,30.03326211310923
2025-08-15 21:07:01.924329+00:00,30.03326211310923
2025-08-15 21:07:07.074336+00:00,30.02296094375197
2025-08-15 21:07:07.504299+00:00,30.02811152828508
2025-08-15 21:07:09.569709+00:00,30.02811152828508
2025-08-15 21:07:10.118386+00:00,30.02811152828508
2025-08-15 21:07:12.861241+00:00,30.02811152828508
2025-08-15 21:07:18.589693+00:00,30.03841269822442
2025-08-15 21:07:26.599174+00:00,30.03326211310923
2025-08-15 21:07:27.759120+00:00,30.043563283630647
2025-08-15 21:07:28.064598+00:00,30.048713869327912
2025-08-15 21:07:28.458308+00:00,30.053864455316216
2025-08-15 21:07:32.043757+00:00,30.048713869327912
2025-08-15 21:07:33.033519+00:00,30.03841269822442
2025-08-15 21:07:33.412249+00:00,30.043563283630647
2025-08-15 21:07:34.755106+00:00,30.03841269822442
2025-08-15 21:07:35.540770+00:00,30.048713869327912
2025-08-15 21:07:37.059821+00:00,30.03841269822442
2025-08-15 21:07:38.122771+00:00,30.043563283630647
2025-08-15 21:07:38.576348+00:00,30.043563283630647
2025-08-15 21:07:38.974994+00:00,30.053864455316216
2025-08-15 21:07:40.746710+00:00,30.053864455316216
2025-08-15 21:07:40.979351+00:00,30.043563283630647
2025-08-15 21:07:42.975878+00:00,30.053864455316216
2025-08-15 21:07:43.537017+00:00,30.053864455316216
2025-08-15 21:07:43.743198+00:00,30.053864455316216
2025-08-15 21:07:43.964202+00:00,30.059015041595558
2025-08-15 21:07:48.300814+00:00,30.053864455316216
2025-08-15 21:07:49.018534+00:00,30.053864455316216
2025-08-15 21:07:49.392753+00:00,30.053864455316216
2025-08-15 21:07:51.081864+00:00,30.053864455316216
2025-08-15 21:07:53.818241+00:00,30.048713869327912
2025-08-15 21:07:56.166936+00:00,30.059015041595558
2025-08-15 21:07:56.744924+00:00,30.053864455316216
2025-08-15 21:08:03.326709+00:00,30.053864455316216
2025-08-15 21:08:08.700537+00:00,30.048713869327912
2025-08-15 21:08:09.075372+00:00,30.059015041595558
2025-08-15 21:08:10.750507+00:00,30.053864455316216
2025-08-15 21:08:13.655028+00:00,30.053864455316216
2025-08-15 21:08:15.028853+00:00,30.053864455316216
2025-08-15 21:08:22.241124+00:00,30.048713869327912
2025-08-15 21:08:23.099244+00:00,30.053864455316216
2025-08-15 21:08:25.575405+00:00,30.059015041595558
2025-08-15 21:08:26.575690+00:00,30.053864455316216
2025-08-15 21:08:27.219553+00:00,30.059015041595558
2025-08-15 21:08:28.055530+00:00,30.048713869327912
2025-08-15 21:08:29.248041+00:00,30.074466802179813
2025-08-15 21:08:33.783504+00:00,30.059015041595558
2025-08-15 21:08:34.947942+00:00,30.053864455316216
2025-08-15 21:08:35.356953+00:00,30.059015041595558
2025-08-15 21:08:35.665717+00:00,30.048713869327912
2025-08-15 21:08:36.159122+00:00,30.053864455316216
2025-08-15 21:08:38.182474+00:00,30.048713869327912
2025-08-15 21:08:44.481593+00:00,30.059015041595558
2025-08-15 21:08:48.760878+00:00,30.053864455316216
2025-08-15 21:08:51.783506+00:00,30.043563283630647
2025-08-15 21:08:52.007491+00:00,30.053864455316216
2025-08-15 21:08:52.283351+00:00,30.053864455316216
2025-08-15 21:08:52.525985+00:00,30.059015041595558
2025-08-15 21:08:52.742564+00:00,30.043563283630647
2025-08-15 21:08:52.949078+00:00,30.043563283630647
2025-08-15 21:08:53.383503+00:00,30.053864455316216
2025-08-15 21:08:53.736732+00:00,30.048713869327912
2025-08-15 21:08:54.839336+00:00,30.043563283630647
2025-08-15 21:08:56.326018+00:00,30.03841269822442
2025-08-15 21:08:58.700102+00:00,30.03326211310923
2025-08-15 21:09:01.416749+00:00,30.043563283630647
2025-08-15 21:09:02.894377+00:00,30.043563283630647
2025-08-15 21:09:03.524219+00:00,30.048713869327912
2025-08-15 21:09:04.132416+00:00,30.043563283630647
2025-08-15 21:09:06.732054+00:00,30.053864455316216
2025-08-15 21:09:10.847051+00:00,30.053864455316216
2025-08-15 21:09:16.851101+00:00,30.053864455316216
2025-08-15 21:09:17.246234+00:00,30.053864455316216
2025-08-15 21:09:18.056812+00:00,30.043563283630647
2025-08-15 21:09:22.419921+00:00,30.048713869327912
2025-08-15 21:09:23.455370+00:00,30.048713869327912
2025-08-15 21:09:24.934636+00:00,30.048713869327912
2025-08-15 21:09:26.282872+00:00,30.048713869327912
2025-08-15 21:09:26.963812+00:00,30.053864455316216
2025-08-15 21:09:28.316757+00:00,30.048713869327912
2025-08-15 21:09:28.887384+00:00,30.043563283630647
2025-08-15 21:09:30.097944+00:00,30.03841269822442
2025-08-15 21:09:30.549960+00:00,30.03326211310923
2025-08-15 21:09:31.654331+00:00,30.048713869327912
2025-08-15 21:09:34.218393+00:00,30.03841269822442
2025-08-15 21:09:35.199420+00:00,30.03326211310923
2025-08-15 21:09:35.885084+00:00,30.043563283630647
2025-08-15 21:09:37.858117+00:00,30.03841269822442
2025-08-15 21:09:38.165596+00:00,30.03841269822442
2025-08-15 21:09:38.400853+00:00,30.043563283630647
2025-08-15 21:09:38.758901+00:00,30.03326211310923
2025-08-15 21:09:39.291993+00:00,30.03841269822442
2025-08-15 21:09:40.714431+00:00,30.059015041595558
2025-08-15 21:09:41.593784+00:00,30.043563283630647
2025-08-15 21:09:41.898950+00:00,30.03841269822442
2025-08-15 21:09:43.392160+00:00,30.03326211310923
2025-08-15 21:09:44.743037+00:00,30.043563283630647
2025-08-15 21:09:45.054791+00:00,30.03326211310923
2025-08-15 21:09:46.373401+00:00,30.03841269822442
2025-08-15 21:09:47.356660+00:00,30.03326211310923
2025-08-15 21:09:48.372412+00:00,30.03841269822442
2025-08-15 21:09:54.125229+00:00,30.03326211310923
2025-08-15 21:09:54.951443+00:00,30.02811152828508
2025-08-15 21:09:55.167316+00:00,30.02811152828508
2025-08-15 21:09:55.470756+00:00,30.02811152828508
2025-08-15 21:09:56.875442+00:00,30.02811152828508
2025-08-15 21:09:57.649815+00:00,30.02296094375197
2025-08-15 21:09:59.273366+00:00,30.02296094375197
2025-08-15 21:09:59.605294+00:00,30.02296094375197
2025-08-15 21:09:59.992148+00:00,30.03326211310923
2025-08-15 21:10:03.982014+00:00,30.03326211310923
2025-08-15 21:10:04.946561+00:00,30.02811152828508
2025-08-15 21:10:07.021374+00:00,30.02811152828508
2025-08-15 21:10:10.424820+00:00,30.02811152828508
2025-08-15 21:10:11.646894+00:00,30.017810359509895
2025-08-15 21:10:12.370702+00:00,30.02296094375197
2025-08-15 21:10:12.764005+00:00,30.02811152828508
2025-08-15 21:10:29.255283+00:00,30.02811152828508
2025-08-15 21:10:41.496812+00:00,30.02296094375197
2025-08-15 21:10:44.529801+00:00,30.02296094375197
2025-08-15 21:10:45.030015+00:00,30.02296094375197
2025-08-15 21:10:45.646156+00:00,30.02296094375197
2025-08-15 21:10:46.096444+00:00,30.02296094375197
2025-08-15 21:10:46.548410+00:00,30.017810359509895
2025-08-15 21:10:49.361826+00:00,30.017810359509895
2025-08-15 21:10:49.858497+00:00,30.017810359509895
2025-08-15 21:10:50.865967+00:00,30.02296094375197
2025-08-15 21:10:51.218466+00:00,30.02296094375197
2025-08-15 21:10:51.467258+00:00,30.02296094375197
2025-08-15 21:10:51.865650+00:00,30.02811152828508
2025-08-15 21:10:53.323681+00:00,30.02811152828508
2025-08-15 21:10:53.966888+00:00,30.02296094375197
2025-08-15 21:10:54.418597+00:00,30.02296094375197
2025-08-15 21:10:54.660856+00:00,30.02811152828508
2025-08-15 21:10:58.411344+00:00,30.03326211310923
2025-08-15 21:10:59.648121+00:00,30.017810359509895
2025-08-15 21:11:01.012387+00:00,30.02296094375197
2025-08-15 21:11:03.500203+00:00,30.017810359509895
2025-08-15 21:11:06.139519+00:00,30.02296094375197
2025-08-15 21:11:08.878972+00:00,30.02296094375197
2025-08-15 21:11:09.806044+00:00,30.017810359509895
2025-08-15 21:11:11.429680+00:00,30.017810359509895
2025-08-15 21:11:14.059088+00:00,30.01265977555886
2025-08-15 21:11:15.607366+00:00,30.002358608529903
2025-08-15 21:11:17.428548+00:00,30.01265977555886
2025-08-15 21:11:17.927967+00:00,30.017810359509895
2025-08-15 21:11:19.154355+00:00,30.01265977555886
2025-08-15 21:11:19.470383+00:00,30.017810359509895
2025-08-15 21:11:23.465664+00:00,30.02296094375197
2025-08-15 21:11:25.898113+00:00,30.017810359509895
2025-08-15 21:11:27.362097+00:00,30.017810359509895
2025-08-15 21:11:29.524633+00:00,30.017810359509895
2025-08-15 21:11:30.237399+00:00,30.017810359509895
2025-08-15 21:11:30.947134+00:00,30.017810359509895
2025-08-15 21:11:31.570671+00:00,30.02811152828508
2025-08-15 21:11:35.864965+00:00,30.02296094375197
2025-08-15 21:11:37.198858+00:00,30.002358608529903
2025-08-15 21:11:40.911413+00:00,30.002358608529903
2025-08-15 21:11:41.589496+00:00,30.007509191898862
2025-08-15 21:11:41.915209+00:00,30.017810359509895
2025-08-15 21:11:44.572149+00:00,30.02296094375197
2025-08-15 21:11:48.981065+00:00,30.02296094375197
2025-08-15 21:11:50.096397+00:00,30.017810359509895
2025-08-15 21:11:50.703051+00:00,30.017810359509895
2025-08-15 21:11:51.762905+00:00,30.01265977555886
2025-08-15 21:11:52.489221+00:00,30.01265977555886
2025-08-15 21:11:54.271313+00:00,30.007509191898862
2025-08-15 21:11:55.473044+00:00,30.053864455316216
2025-08-15 21:11:55.709586+00:00,30.017810359509895
2025-08-15 21:11:56.928107+00:00,30.02296094375197
2025-08-15 21:11:58.239416+00:00,30.01265977555886
2025-08-15 21:11:59.030296+00:00,30.01265977555886
2025-08-15 21:12:08.878558+00:00,30.01265977555886
2025-08-15 21:12:09.319068+00:00,30.01265977555886
2025-08-15 21:12:10.462079+00:00,30.01265977555886
2025-08-15 21:12:12.965913+00:00,30.01265977555886
2025-08-15 21:12:14.059596+00:00,30.01265977555886
2025-08-15 21:12:14.418672+00:00,30.01265977555886
2025-08-15 21:12:17.003549+00:00,30.017810359509895
2025-08-15 21:12:17.391455+00:00,30.017810359509895
2025-08-15 21:12:17.788135+00:00,30.007509191898862
2025-08-15 21:12:18.170680+00:00,30.017810359509895
2025-08-15 21:12:18.562030+00:00,30.01265977555886
2025-08-15 21:12:19.287406+00:00,30.01265977555886
2025-08-15 21:12:19.679767+00:00,30.01265977555886
2025-08-15 21:12:19.981638+00:00,30.017810359509895
2025-08-15 21:12:20.729243+00:00,30.017810359509895
2025-08-15 21:12:22.039872+00:00,30.017810359509895
2025-08-15 21:12:24.645451+00:00,30.017810359509895
2025-08-15 21:12:26.207450+00:00,30.007509191898862
2025-08-15 21:12:26.579482+00:00,30.007509191898862
2025-08-15 21:12:28.082760+00:00,30.007509191898862
2025-08-15 21:12:29.240636+00:00,30.007509191898862
2025-08-15 21:12:30.670126+00:00,30.007509191898862
2025-08-15 21:12:35.115879+00:00,30.01265977555886
2025-08-15 21:12:36.455358+00:00,30.01265977555886
2025-08-15 21:12:36.880127+00:00,30.01265977555886
2025-08-15 21:12:39.337219+00:00,30.007509191898862
2025-08-15 21:12:41.691790+00:00,30.002358608529903
2025-08-15 21:12:42.235782+00:00,30.007509191898862
2025-08-15 21:12:42.448553+00:00,30.002358608529903
2025-08-15 21:12:42.744917+00:00,30.002358608529903
2025-08-15 21:12:42.977316+00:00,30.01265977555886
2025-08-15 21:12:44.089640+00:00,30.007509191898862
2025-08-15 21:12:44.329789+00:00,30.01265977555886
2025-08-15 21:12:44.741549+00:00,30.01265977555886
2025-08-15 21:12:46.036085+00:00,30.002358608529903
2025-08-15 21:12:47.176339+00:00,30.007509191898862
2025-08-15 21:12:48.441861+00:00,30.007509191898862
2025-08-15 21:12:50.721950+00:00,30.007509191898862
2025-08-15 21:12:51.199433+00:00,30.01265977555886
2025-08-15 21:12:51.857405+00:00,30.002358608529903
2025-08-15 21:12:52.117206+00:00,30.007509191898862
2025-08-15 21:12:52.359577+00:00,30.01265977555886
2025-08-15 21:12:52.654893+00:00,30.007509191898862
2025-08-15 21:12:53.311170+00:00,30.007509191898862
2025-08-15 21:12:54.480094+00:00,30.007509191898862
2025-08-15 21:12:55.267556+00:00,30.002358608529903
2025-08-15 21:12:55.617514+00:00,29.9920574426651
2025-08-15 21:12:58.567976+00:00,29.997208025451982
2025-08-15 21:13:01.626873+00:00,29.9920574426651
2025-08-15 21:13:03.302844+00:00,29.9920574426651
2025-08-15 21:13:06.585498+00:00,29.9920574426651
2025-08-15 21:13:09.960978+00:00,29.9920574426651
2025-08-15 21:13:10.397824+00:00,29.997208025451982
2025-08-15 21:13:10.771829+00:00,29.9920574426651
2025-08-15 21:13:11.389760+00:00,30.002358608529903
2025-08-15 21:13:11.831116+00:00,30.002358608529903
2025-08-15 21:13:12.250871+00:00,30.002358608529903
2025-08-15 21:13:12.835156+00:00,30.002358608529903
2025-08-15 21:13:13.199538+00:00,30.002358608529903
2025-08-15 21:13:13.478716+00:00,30.002358608529903
2025-08-15 21:13:14.369659+00:00,29.997208025451982
2025-08-15 21:13:14.779134+00:00,30.002358608529903
2025-08-15 21:13:15.103489+00:00,30.002358608529903
2025-08-15 21:13:16.766248+00:00,30.002358608529903
2025-08-15 21:13:17.940063+00:00,30.002358608529903
2025-08-15 21:13:18.398806+00:00,30.002358608529903
2025-08-15 21:13:20.987624+00:00,30.002358608529903
2025-08-15 21:13:21.431398+00:00,30.002358608529903
2025-08-15 21:13:21.716031+00:00,30.007509191898862
2025-08-15 21:13:21.924318+00:00,30.002358608529903
2025-08-15 21:13:22.216951+00:00,30.01265977555886
2025-08-15 21:13:24.289220+00:00,30.002358608529903
2025-08-15 21:13:25.104856+00:00,30.007509191898862
2025-08-15 21:13:27.631737+00:00,30.007509191898862
2025-08-15 21:13:28.984803+00:00,30.002358608529903
2025-08-15 21:13:29.945801+00:00,30.002358608529903
2025-08-15 21:13:31.968265+00:00,29.997208025451982
2025-08-15 21:13:36.071779+00:00,30.002358608529903
2025-08-15 21:13:37.020920+00:00,30.002358608529903
2025-08-15 21:13:38.911021+00:00,29.997208025451982
2025-08-15 21:13:40.127024+00:00,30.002358608529903
2025-08-15 21:13:41.262896+00:00,30.002358608529903
2025-08-15 21:13:41.562894+00:00,29.997208025451982
2025-08-15 21:13:41.773024+00:00,30.002358608529903
2025-08-15 21:13:42.653063+00:00,30.002358608529903
2025-08-15 21:13:43.012434+00:00,30.002358608529903
2025-08-15 21:13:43.921456+00:00,29.9920574426651
2025-08-15 21:13:44.872845+00:00,29.98175627796445
2025-08-15 21:13:46.987631+00:00,29.9920574426651
2025-08-15 21:13:52.617202+00:00,30.002358608529903
2025-08-15 21:13:53.648029+00:00,29.986906860169256
2025-08-15 21:13:55.493549+00:00,29.997208025451982
2025-08-15 21:13:56.335728+00:00,29.986906860169256
2025-08-15 21:13:56.694120+00:00,29.997208025451982
2025-08-15 21:13:57.944940+00:00,29.9920574426651
2025-08-15 21:13:59.143536+00:00,29.986906860169256
2025-08-15 21:14:00.425045+00:00,29.9920574426651
2025-08-15 21:14:05.091944+00:00,29.9920574426651
2025-08-15 21:14:05.434386+00:00,30.002358608529903
2025-08-15 21:14:05.833504+00:00,30.007509191898862
2025-08-15 21:14:07.332676+00:00,30.007509191898862
2025-08-15 21:14:07.739663+00:00,29.997208025451982
2025-08-15 21:14:08.975189+00:00,30.002358608529903
2025-08-15 21:14:09.660495+00:00,30.002358608529903
2025-08-15 21:14:11.559234+00:00,30.007509191898862
2025-08-15 21:14:15.915373+00:00,30.01265977555886
2025-08-15 21:14:19.535445+00:00,30.01265977555886
2025-08-15 21:14:21.246309+00:00,30.01265977555886
2025-08-15 21:14:22.282574+00:00,30.01265977555886
2025-08-15 21:14:22.984546+00:00,30.007509191898862
2025-08-15 21:14:23.302015+00:00,30.02296094375197
2025-08-15 21:14:25.007818+00:00,30.002358608529903
2025-08-15 21:14:28.005216+00:00,30.002358608529903
2025-08-15 21:14:28.950375+00:00,30.01265977555886
2025-08-15 21:14:37.323439+00:00,30.01265977555886
2025-08-15 21:14:37.766343+00:00,30.01265977555886
2025-08-15 21:14:38.327718+00:00,30.01265977555886
2025-08-15 21:14:40.168523+00:00,30.01265977555886
2025-08-15 21:14:42.395552+00:00,30.01265977555886
2025-08-15 21:14:43.277987+00:00,30.007509191898862
2025-08-15 21:14:44.660985+00:00,30.007509191898862
2025-08-15 21:14:45.981487+00:00,30.01265977555886
2025-08-15 21:14:48.339662+00:00,30.007509191898862
2025-08-15 21:14:49.007775+00:00,30.007509191898862
2025-08-15 21:14:52.477332+00:00,30.01265977555886
2025-08-15 21:14:53.751925+00:00,30.01265977555886
2025-08-15 21:14:55.377315+00:00,30.01265977555886
2025-08-15 21:14:56.625597+00:00,30.007509191898862
2025-08-15 21:14:56.952058+00:00,30.007509191898862
2025-08-15 21:14:57.202614+00:00,30.017810359509895
2025-08-15 21:14:57.837499+00:00,30.017810359509895
2025-08-15 21:15:00.647760+00:00,30.017810359509895
2025-08-15 21:15:02.815710+00:00,30.017810359509895
2025-08-15 21:15:07.273178+00:00,30.007509191898862
2025-08-15 21:15:08.811071+00:00,30.02296094375197
2025-08-15 21:15:11.824766+00:00,30.02296094375197
2025-08-15 21:15:14.025011+00:00,30.017810359509895
2025-08-15 21:15:15.769026+00:00,30.007509191898862
2025-08-15 21:15:18.658158+00:00,30.02296094375197
2025-08-15 21:15:22.989200+00:00,30.017810359509895
2025-08-15 21:15:28.188362+00:00,30.017810359509895
2025-08-15 21:15:28.805892+00:00,30.02296094375197
2025-08-15 21:15:32.841132+00:00,30.01265977555886
2025-08-15 21:15:33.371954+00:00,30.017810359509895
2025-08-15 21:15:35.683109+00:00,30.01265977555886
2025-08-15 21:15:36.640569+00:00,30.01265977555886
2025-08-15 21:15:42.243002+00:00,30.02296094375197
2025-08-15 21:15:44.250515+00:00,30.017810359509895
2025-08-15 21:15:45.923580+00:00,30.007509191898862
2025-08-15 21:15:46.839951+00:00,30.01265977555886
2025-08-15 21:15:48.287685+00:00,30.01265977555886
2025-08-15 21:15:51.155798+00:00,30.01265977555886
2025-08-15 21:15:52.543972+00:00,30.01265977555886
2025-08-15 21:15:55.026844+00:00,30.01265977555886
2025-08-15 21:15:56.576340+00:00,30.007509191898862
2025-08-15 21:15:58.241861+00:00,30.007509191898862
2025-08-15 21:15:58.601194+00:00,30.01265977555886
2025-08-15 21:15:58.950910+00:00,30.01265977555886
2025-08-15 21:15:59.308598+00:00,30.007509191898862
2025-08-15 21:15:59.803208+00:00,30.002358608529903
2025-08-15 21:16:00.016921+00:00,30.017810359509895
2025-08-15 21:16:00.579321+00:00,30.017810359509895
2025-08-15 21:16:03.089641+00:00,30.01265977555886
2025-08-15 21:16:06.939651+00:00,30.007509191898862
2025-08-15 21:16:07.556476+00:00,30.01265977555886
2025-08-15 21:16:07.896834+00:00,30.002358608529903
2025-08-15 21:16:08.708149+00:00,30.01265977555886
2025-08-15 21:16:14.104854+00:00,30.01265977555886
2025-08-15 21:16:14.521535+00:00,30.01265977555886
2025-08-15 21:16:16.740518+00:00,29.997208025451982
2025-08-15 21:16:17.851804+00:00,30.007509191898862
2025-08-15 21:16:18.281960+00:00,29.997208025451982
2025-08-15 21:16:18.690393+00:00,30.002358608529903
2025-08-15 21:16:19.212483+00:00,30.002358608529903
2025-08-15 21:16:21.516204+00:00,30.007509191898862
2025-08-15 21:16:21.991058+00:00,30.007509191898862
2025-08-15 21:16:22.903425+00:00,30.002358608529903
2025-08-15 21:16:24.321686+00:00,30.007509191898862
2025-08-15 21:16:24.639115+00:00,29.997208025451982
2025-08-15 21:16:24.881902+00:00,30.017810359509895
2025-08-15 21:16:25.216313+00:00,30.01265977555886
2025-08-15 21:16:28.667476+00:00,30.017810359509895
2025-08-15 21:16:29.812701+00:00,30.007509191898862
2025-08-15 21:16:31.063750+00:00,30.007509191898862
2025-08-15 21:16:34.467480+00:00,30.002358608529903
2025-08-15 21:16:35.189716+00:00,30.007509191898862
2025-08-15 21:16:35.783065+00:00,30.007509191898862
2025-08-15 21:16:36.696301+00:00,30.002358608529903
2025-08-15 21:16:38.021853+00:00,29.96115395205561
2025-08-15 21:16:41.146877+00:00,30.002358608529903
2025-08-15 21:16:43.042814+00:00,29.997208025451982
2025-08-15 21:16:43.518975+00:00,29.9920574426651
2025-08-15 21:16:43.875185+00:00,30.002358608529903
2025-08-15 21:16:44.120392+00:00,30.002358608529903
2025-08-15 21:16:45.641013+00:00,29.997208025451982
2025-08-15 21:16:48.029556+00:00,29.9920574426651
2025-08-15 21:16:50.005261+00:00,29.986906860169256
2025-08-15 21:16:52.392820+00:00,30.002358608529903
2025-08-15 21:16:52.617573+00:00,29.997208025451982
2025-08-15 21:16:54.525954+00:00,30.002358608529903
2025-08-15 21:16:57.456266+00:00,29.9920574426651
2025-08-15 21:16:58.210270+00:00,29.997208025451982
2025-08-15 21:16:59.362750+00:00,29.997208025451982
2025-08-15 21:17:00.307148+00:00,29.9920574426651
2025-08-15 21:17:02.906994+00:00,29.9920574426651
2025-08-15 21:17:04.316067+00:00,29.997208025451982
2025-08-15 21:17:05.887714+00:00,29.997208025451982
2025-08-15 21:17:10.829239+00:00,30.007509191898862
2025-08-15 21:17:12.947736+00:00,30.007509191898862
2025-08-15 21:17:13.388674+00:00,30.002358608529903
2025-08-15 21:17:13.641396+00:00,30.01265977555886
2025-08-15 21:17:14.141295+00:00,30.002358608529903
2025-08-15 21:17:14.382997+00:00,30.002358608529903
2025-08-15 21:17:14.686048+00:00,30.007509191898862
2025-08-15 21:17:17.555874+00:00,30.007509191898862
2025-08-15 21:17:18.780478+00:00,30.002358608529903
2025-08-15 21:17:19.933429+00:00,30.01265977555886
2025-08-15 21:17:21.492928+00:00,29.997208025451982
2025-08-15 21:17:22.205259+00:00,30.01265977555886
2025-08-15 21:17:22.706344+00:00,30.002358608529903
2025-08-15 21:17:25.324988+00:00,29.997208025451982
2025-08-15 21:17:25.781085+00:00,30.01265977555886
2025-08-15 21:17:26.273029+00:00,30.002358608529903
2025-08-15 21:17:29.567330+00:00,30.002358608529903
2025-08-15 21:17:29.899979+00:00,29.997208025451982
2025-08-15 21:17:31.094954+00:00,29.98175627796445
2025-08-15 21:17:32.455317+00:00,30.002358608529903
2025-08-15 21:17:33.745234+00:00,29.997208025451982
2025-08-15 21:17:34.956934+00:00,29.997208025451982
2025-08-15 21:17:35.849963+00:00,30.002358608529903
2025-08-15 21:17:36.266517+00:00,29.997208025451982
2025-08-15 21:17:37.394700+00:00,30.002358608529903
2025-08-15 21:17:37.660656+00:00,30.002358608529903
2025-08-15 21:17:37.975013+00:00,30.002358608529903
2025-08-15 21:17:40.954412+00:00,30.002358608529903
2025-08-15 21:17:45.879357+00:00,29.9920574426651
2025-08-15 21:17:48.575270+00:00,29.9920574426651
2025-08-15 21:17:51.083295+00:00,29.9920574426651
2025-08-15 21:17:51.515751+00:00,29.986906860169256
2025-08-15 21:17:52.977792+00:00,29.986906860169256
2025-08-15 21:17:54.047380+00:00,29.986906860169256
2025-08-15 21:17:54.357690+00:00,29.9920574426651
2025-08-15 21:17:54.590423+00:00,30.002358608529903
2025-08-15 21:17:55.091814+00:00,29.986906860169256
2025-08-15 21:17:55.716835+00:00,30.002358608529903
2025-08-15 21:17:56.278101+00:00,29.9920574426651
2025-08-15 21:17:56.940130+00:00,29.9920574426651
2025-08-15 21:17:57.694026+00:00,29.9920574426651
2025-08-15 21:17:58.043027+00:00,30.002358608529903
2025-08-15 21:17:58.536684+00:00,29.997208025451982
2025-08-15 21:17:58.748686+00:00,29.9920574426651
2025-08-15 21:17:59.206810+00:00,29.9920574426651
2025-08-15 21:18:03.840323+00:00,30.002358608529903
2025-08-15 21:18:04.218260+00:00,30.007509191898862
2025-08-15 21:18:05.123242+00:00,29.997208025451982
2025-08-15 21:18:12.546577+00:00,30.007509191898862
2025-08-15 21:18:14.342593+00:00,29.997208025451982
2025-08-15 21:18:15.881668+00:00,29.9920574426651
2025-08-15 21:18:17.265197+00:00,29.9920574426651
2025-08-15 21:18:19.573950+00:00,29.997208025451982
2025-08-15 21:18:20.124773+00:00,29.9920574426651
2025-08-15 21:18:22.614852+00:00,29.997208025451982
2025-08-15 21:18:22.907286+00:00,29.997208025451982
2025-08-15 21:18:23.148816+00:00,29.997208025451982
2025-08-15 21:18:23.483367+00:00,30.002358608529903
2025-08-15 21:18:25.816116+00:00,29.9920574426651
2025-08-15 21:18:27.109910+00:00,30.002358608529903
2025-08-15 21:18:28.046424+00:00,29.98175627796445
2025-08-15 21:18:29.115142+00:00,29.9920574426651
2025-08-15 21:18:30.806114+00:00,29.997208025451982
2025-08-15 21:18:32.510600+00:00,30.002358608529903
2025-08-15 21:18:34.345042+00:00,29.997208025451982
2025-08-15 21:18:36.289557+00:00,29.986906860169256
2025-08-15 21:18:37.761638+00:00,29.98175627796445
2025-08-15 21:18:39.701002+00:00,29.986906860169256
2025-08-15 21:18:42.416093+00:00,29.986906860169256
2025-08-15 21:18:42.991731+00:00,29.9920574426651
2025-08-15 21:18:46.676425+00:00,29.9920574426651
2025-08-15 21:18:50.724978+00:00,29.986906860169256
2025-08-15 21:18:51.258582+00:00,29.9920574426651
2025-08-15 21:18:51.513489+00:00,29.9920574426651
2025-08-15 21:18:51.985206+00:00,29.98175627796445
2025-08-15 21:18:52.269243+00:00,29.9920574426651
2025-08-15 21:18:52.763044+00:00,29.98175627796445
2025-08-15 21:18:54.558890+00:00,29.98175627796445
2025-08-15 21:18:54.774156+00:00,29.9920574426651
2025-08-15 21:18:56.179463+00:00,29.9920574426651
2025-08-15 21:18:56.647175+00:00,29.98175627796445
2025-08-15 21:18:58.769648+00:00,29.976605696050683
2025-08-15 21:19:00.325893+00:00,29.976605696050683
2025-08-15 21:19:02.118980+00:00,29.98175627796445
2025-08-15 21:19:02.479765+00:00,29.98175627796445
2025-08-15 21:19:02.980675+00:00,29.98175627796445
2025-08-15 21:19:05.052981+00:00,29.98175627796445
2025-08-15 21:19:05.909595+00:00,29.986906860169256
2025-08-15 21:19:06.567576+00:00,29.986906860169256
2025-08-15 21:19:10.878156+00:00,29.971455114427954
2025-08-15 21:19:12.877538+00:00,29.976605696050683
2025-08-15 21:19:13.548216+00:00,29.98175627796445
2025-08-15 21:19:14.398080+00:00,29.98175627796445
2025-08-15 21:19:16.941905+00:00,29.997208025451982
2025-08-15 21:19:18.116166+00:00,29.986906860169256
2025-08-15 21:19:19.822670+00:00,29.971455114427954
2025-08-15 21:19:20.085091+00:00,29.971455114427954
2025-08-15 21:19:20.305678+00:00,29.976605696050683
2025-08-15 21:19:20.620070+00:00,29.9920574426651
2025-08-15 21:19:22.093308+00:00,29.976605696050683
2025-08-15 21:19:22.262973+00:00,29.986906860169256
2025-08-15 21:19:22.980931+00:00,29.986906860169256
2025-08-15 21:19:24.740698+00:00,29.98175627796445
2025-08-15 21:19:25.744734+00:00,29.986906860169256
2025-08-15 21:19:27.672994+00:00,29.986906860169256
2025-08-15 21:19:28.971751+00:00,29.98175627796445
2025-08-15 21:19:29.212414+00:00,29.986906860169256
2025-08-15 21:19:33.905730+00:00,29.98175627796445
2025-08-15 21:19:35.475795+00:00,29.976605696050683
2025-08-15 21:19:37.455049+00:00,29.98175627796445
2025-08-15 21:19:40.071757+00:00,29.971455114427954
2025-08-15 21:19:40.379307+00:00,29.98175627796445
2025-08-15 21:19:40.689502+00:00,29.971455114427954
2025-08-15 21:19:40.832416+00:00,29.98175627796445
2025-08-15 21:19:41.059984+00:00,29.98175627796445
2025-08-15 21:19:41.347271+00:00,29.976605696050683
2025-08-15 21:19:41.568454+00:00,29.98175627796445
2025-08-15 21:19:41.967939+00:00,29.986906860169256
2025-08-15 21:19:42.293215+00:00,29.98175627796445
2025-08-15 21:19:42.963487+00:00,29.986906860169256
2025-08-15 21:19:43.640350+00:00,29.976605696050683
2025-08-15 21:19:46.665046+00:00,29.976605696050683
2025-08-15 21:19:51.310197+00:00,29.98175627796445
2025-08-15 21:19:51.663442+00:00,29.986906860169256
2025-08-15 21:19:51.888970+00:00,29.98175627796445
2025-08-15 21:19:52.312809+00:00,29.98175627796445
2025-08-15 21:19:54.030539+00:00,29.986906860169256
2025-08-15 21:19:54.462931+00:00,29.986906860169256
2025-08-15 21:19:54.781157+00:00,29.9920574426651
2025-08-15 21:19:55.473675+00:00,29.98175627796445
2025-08-15 21:19:57.994321+00:00,29.98175627796445
2025-08-15 21:20:00.791515+00:00,29.997208025451982
2025-08-15 21:20:03.082909+00:00,29.986906860169256
2025-08-15 21:20:06.273201+00:00,29.976605696050683
2025-08-15 21:20:10.020455+00:00,29.98175627796445
2025-08-15 21:20:16.793145+00:00,30.002358608529903
2025-08-15 21:20:17.279130+00:00,29.9920574426651
2025-08-15 21:20:17.793456+00:00,29.986906860169256
2025-08-15 21:20:18.412441+00:00,30.002358608529903
2025-08-15 21:20:20.324173+00:00,29.9920574426651
2025-08-15 21:20:21.793347+00:00,29.986906860169256
2025-08-15 21:20:22.174992+00:00,29.997208025451982
2025-08-15 21:20:23.283087+00:00,29.9920574426651
2025-08-15 21:20:23.751400+00:00,29.9920574426651
2025-08-15 21:20:27.698906+00:00,30.002358608529903
2025-08-15 21:20:30.069565+00:00,29.997208025451982
2025-08-15 21:20:32.494465+00:00,29.9920574426651
2025-08-15 21:20:33.290573+00:00,30.002358608529903
2025-08-15 21:20:34.851151+00:00,29.986906860169256
2025-08-15 21:20:36.587731+00:00,29.997208025451982
2025-08-15 21:20:38.407262+00:00,29.9920574426651
2025-08-15 21:20:40.615680+00:00,29.997208025451982
2025-08-15 21:20:41.314132+00:00,29.986906860169256
2025-08-15 21:20:47.795910+00:00,29.9920574426651
2025-08-15 21:20:48.169756+00:00,29.997208025451982
2025-08-15 21:20:48.610628+00:00,29.9920574426651
2025-08-15 21:20:51.068755+00:00,29.9920574426651
2025-08-15 21:20:53.176726+00:00,29.997208025451982
2025-08-15 21:20:54.051422+00:00,30.002358608529903
2025-08-15 21:20:56.223556+00:00,30.007509191898862
2025-08-15 21:20:56.757862+00:00,30.007509191898862
2025-08-15 21:20:59.891017+00:00,30.002358608529903
2025-08-15 21:21:00.590716+00:00,29.997208025451982
2025-08-15 21:21:01.463774+00:00,30.007509191898862
2025-08-15 21:21:02.082424+00:00,30.002358608529903
2025-08-15 21:21:02.634359+00:00,30.007509191898862
2025-08-15 21:21:03.218063+00:00,30.007509191898862
2025-08-15 21:21:04.757402+00:00,30.007509191898862
2025-08-15 21:21:06.074520+00:00,30.007509191898862
2025-08-15 21:21:09.040698+00:00,30.01265977555886
2025-08-15 21:21:10.140122+00:00,30.01265977555886
2025-08-15 21:21:10.615148+00:00,30.007509191898862
2025-08-15 21:21:11.732030+00:00,30.002358608529903
2025-08-15 21:21:12.306149+00:00,30.002358608529903
2025-08-15 21:21:13.376720+00:00,30.002358608529903
2025-08-15 21:21:17.586339+00:00,30.002358608529903
2025-08-15 21:21:18.079329+00:00,30.002358608529903
2025-08-15 21:21:18.672278+00:00,30.01265977555886
2025-08-15 21:21:20.527453+00:00,30.007509191898862
2025-08-15 21:21:21.296113+00:00,30.007509191898862
2025-08-15 21:21:28.036781+00:00,30.002358608529903
2025-08-15 21:21:28.380218+00:00,29.986906860169256
2025-08-15 21:21:28.632245+00:00,29.9920574426651
2025-08-15 21:21:29.391070+00:00,29.997208025451982
2025-08-15 21:21:29.884087+00:00,29.9920574426651
2025-08-15 21:21:33.271823+00:00,29.997208025451982
2025-08-15 21:21:35.222519+00:00,29.9920574426651
2025-08-15 21:21:36.025043+00:00,29.986906860169256
2025-08-15 21:21:36.871391+00:00,29.997208025451982
2025-08-15 21:21:37.977503+00:00,29.997208025451982
2025-08-15 21:21:39.602309+00:00,30.002358608529903
2025-08-15 21:21:40.619845+00:00,29.986906860169256
2025-08-15 21:21:41.916962+00:00,29.9920574426651
2025-08-15 21:21:43.511673+00:00,29.98175627796445
2025-08-15 21:21:43.970192+00:00,30.002358608529903
2025-08-15 21:21:44.522102+00:00,29.997208025451982
2025-08-15 21:21:44.763090+00:00,29.9920574426651
2025-08-15 21:21:47.522257+00:00,30.002358608529903
2025-08-15 21:21:51.951316+00:00,29.9920574426651
2025-08-15 21:21:56.863070+00:00,29.986906860169256
2025-08-15 21:21:57.749241+00:00,29.976605696050683
2025-08-15 21:21:58.024383+00:00,29.98175627796445
2025-08-15 21:21:58.276545+00:00,29.986906860169256
2025-08-15 21:21:58.507909+00:00,29.9920574426651
2025-08-15 21:21:59.734317+00:00,29.986906860169256
2025-08-15 21:22:00.277048+00:00,29.98175627796445
2025-08-15 21:22:02.350331+00:00,29.986906860169256
2025-08-15 21:22:02.696312+00:00,29.98175627796445
2025-08-15 21:22:09.889372+00:00,29.976605696050683
2025-08-15 21:22:12.371720+00:00,29.976605696050683
2025-08-15 21:22:13.788869+00:00,29.98175627796445
2025-08-15 21:22:15.952637+00:00,29.971455114427954
2025-08-15 21:22:16.496533+00:00,29.976605696050683
2025-08-15 21:22:22.235489+00:00,29.98175627796445
2025-08-15 21:22:24.111466+00:00,29.986906860169256
2025-08-15 21:22:25.118653+00:00,29.98175627796445
2025-08-15 21:22:26.335369+00:00,29.98175627796445
2025-08-15 21:22:26.773335+00:00,29.986906860169256
2025-08-15 21:22:27.784377+00:00,29.986906860169256
2025-08-15 21:22:28.201366+00:00,29.986906860169256
2025-08-15 21:22:29.511310+00:00,29.986906860169256
2025-08-15 21:22:29.727514+00:00,29.986906860169256
2025-08-15 21:22:33.440286+00:00,29.98175627796445
2025-08-15 21:22:35.857541+00:00,29.976605696050683
2025-08-15 21:22:36.348910+00:00,29.98175627796445
2025-08-15 21:22:36.573056+00:00,29.986906860169256
2025-08-15 21:22:40.099449+00:00,29.9920574426651
2025-08-15 21:22:41.418847+00:00,29.98175627796445
2025-08-15 21:22:42.170424+00:00,29.9920574426651
2025-08-15 21:22:44.391971+00:00,29.98175627796445
2025-08-15 21:22:49.894745+00:00,29.971455114427954
2025-08-15 21:22:52.284148+00:00,29.9920574426651
2025-08-15 21:22:54.647186+00:00,29.997208025451982
2025-08-15 21:22:56.037056+00:00,29.98175627796445
2025-08-15 21:22:59.443430+00:00,29.986906860169256
2025-08-15 21:23:00.898226+00:00,29.98175627796445
2025-08-15 21:23:03.190514+00:00,29.9920574426651
2025-08-15 21:23:03.552632+00:00,29.9920574426651
2025-08-15 21:23:07.829927+00:00,29.986906860169256
2025-08-15 21:23:08.312180+00:00,29.98175627796445
2025-08-15 21:23:09.243154+00:00,29.976605696050683
2025-08-15 21:23:09.620302+00:00,29.986906860169256
2025-08-15 21:23:10.120962+00:00,29.98175627796445
2025-08-15 21:23:10.571472+00:00,29.986906860169256
2025-08-15 21:23:11.221466+00:00,29.971455114427954
2025-08-15 21:23:12.815954+00:00,29.98175627796445
2025-08-15 21:23:18.379256+00:00,29.986906860169256
2025-08-15 21:23:19.064530+00:00,29.986906860169256
2025-08-15 21:23:19.397172+00:00,29.971455114427954
2025-08-15 21:23:20.249042+00:00,29.98175627796445
2025-08-15 21:23:20.918333+00:00,29.986906860169256
2025-08-15 21:23:21.804239+00:00,29.986906860169256
2025-08-15 21:23:21.987150+00:00,29.986906860169256
2025-08-15 21:23:22.259748+00:00,29.98175627796445
2025-08-15 21:23:22.563291+00:00,30.002358608529903
2025-08-15 21:23:22.930333+00:00,29.986906860169256
2025-08-15 21:23:24.066324+00:00,29.986906860169256
2025-08-15 21:23:25.078524+00:00,29.976605696050683
2025-08-15 21:23:25.705734+00:00,29.976605696050683
2025-08-15 21:23:26.534243+00:00,29.98175627796445
2025-08-15 21:23:28.889144+00:00,29.976605696050683
2025-08-15 21:23:29.338695+00:00,29.976605696050683
2025-08-15 21:23:29.831739+00:00,29.976605696050683
2025-08-15 21:23:30.252485+00:00,29.986906860169256
2025-08-15 21:23:37.911822+00:00,29.976605696050683
2025-08-15 21:23:38.286251+00:00,29.971455114427954
2025-08-15 21:23:38.680381+00:00,29.971455114427954
2025-08-15 21:23:40.784266+00:00,29.976605696050683
2025-08-15 21:23:43.609786+00:00,29.986906860169256
2025-08-15 21:23:45.807413+00:00,29.98175627796445
2025-08-15 21:23:46.173480+00:00,29.976605696050683
2025-08-15 21:23:46.537686+00:00,29.971455114427954
2025-08-15 21:23:47.001261+00:00,29.976605696050683
2025-08-15 21:23:47.427881+00:00,29.98175627796445
2025-08-15 21:23:50.258811+00:00,29.966304533096263
2025-08-15 21:23:52.133417+00:00,29.966304533096263
2025-08-15 21:23:52.615530+00:00,29.976605696050683
2025-08-15 21:23:53.225747+00:00,29.971455114427954
2025-08-15 21:23:54.640332+00:00,29.98175627796445
2025-08-15 21:24:00.538549+00:00,29.971455114427954
2025-08-15 21:24:06.300787+00:00,29.976605696050683
2025-08-15 21:24:09.310176+00:00,29.971455114427954
2025-08-15 21:24:10.000831+00:00,29.971455114427954
2025-08-15 21:24:10.827571+00:00,29.976605696050683
2025-08-15 21:24:11.427169+00:00,29.971455114427954
2025-08-15 21:24:16.966465+00:00,29.971455114427954
2025-08-15 21:24:21.859162+00:00,29.96115395205561
2025-08-15 21:24:22.145905+00:00,29.96115395205561
2025-08-15 21:24:22.874420+00:00,29.96115395205561
2025-08-15 21:24:23.116024+00:00,29.96115395205561
2025-08-15 21:24:23.367719+00:00,29.96115395205561
2025-08-15 21:24:23.567869+00:00,29.96115395205561
2025-08-15 21:24:23.942118+00:00,29.96115395205561
2025-08-15 21:24:24.198764+00:00,29.971455114427954
2025-08-15 21:24:25.105668+00:00,29.971455114427954
2025-08-15 21:24:27.100049+00:00,29.956003371305997
2025-08-15 21:24:29.824391+00:00,29.96115395205561
2025-08-15 21:24:34.518808+00:00,29.971455114427954
2025-08-15 21:24:34.767729+00:00,29.966304533096263
2025-08-15 21:24:35.174953+00:00,29.96115395205561
2025-08-15 21:24:35.348002+00:00,29.971455114427954
2025-08-15 21:24:36.447371+00:00,29.966304533096263
2025-08-15 21:24:37.143053+00:00,29.971455114427954
2025-08-15 21:24:38.354070+00:00,29.956003371305997
2025-08-15 21:24:39.029725+00:00,29.956003371305997
2025-08-15 21:24:39.698119+00:00,29.971455114427954
2025-08-15 21:24:41.084746+00:00,29.96115395205561
2025-08-15 21:24:41.745636+00:00,29.956003371305997
2025-08-15 21:24:42.682075+00:00,29.96115395205561
2025-08-15 21:24:44.203388+00:00,29.95085279084742
2025-08-15 21:24:45.638820+00:00,29.966304533096263
2025-08-15 21:24:46.095969+00:00,29.95085279084742
2025-08-15 21:24:46.607576+00:00,29.96115395205561
2025-08-15 21:24:48.335937+00:00,29.96115395205561
2025-08-15 21:24:49.388312+00:00,29.96115395205561
2025-08-15 21:24:54.459794+00:00,29.96115395205561
2025-08-15 21:24:54.944404+00:00,29.95085279084742
2025-08-15 21:24:57.074888+00:00,29.945702210679883
2025-08-15 21:24:57.601717+00:00,29.95085279084742
2025-08-15 21:24:58.763436+00:00,29.95085279084742
2025-08-15 21:25:00.707737+00:00,29.956003371305997
2025-08-15 21:25:03.818012+00:00,29.966304533096263
2025-08-15 21:25:06.465123+00:00,29.956003371305997
2025-08-15 21:25:06.853226+00:00,29.96115395205561
2025-08-15 21:25:07.261094+00:00,29.96115395205561
2025-08-15 21:25:08.137813+00:00,29.966304533096263
2025-08-15 21:25:08.884187+00:00,29.96115395205561
2025-08-15 21:25:13.158553+00:00,29.96115395205561
2025-08-15 21:25:13.792769+00:00,29.96115395205561
2025-08-15 21:25:17.423081+00:00,29.971455114427954
2025-08-15 21:25:17.989585+00:00,29.956003371305997
2025-08-15 21:25:20.080329+00:00,29.966304533096263
2025-08-15 21:25:21.264951+00:00,29.96115395205561
2025-08-15 21:25:24.924904+00:00,29.96115395205561
2025-08-15 21:25:30.409643+00:00,29.971455114427954
2025-08-15 21:25:30.890405+00:00,29.956003371305997
2025-08-15 21:25:33.151175+00:00,29.966304533096263
2025-08-15 21:25:41.608465+00:00,29.971455114427954
2025-08-15 21:25:42.029278+00:00,29.976605696050683
2025-08-15 21:25:42.636514+00:00,29.971455114427954
2025-08-15 21:25:43.298342+00:00,29.971455114427954
2025-08-15 21:25:48.807506+00:00,29.96115395205561
2025-08-15 21:25:52.728028+00:00,29.966304533096263
2025-08-15 21:25:54.231881+00:00,29.971455114427954
2025-08-15 21:25:54.758030+00:00,29.971455114427954
2025-08-15 21:25:55.173383+00:00,29.971455114427954
2025-08-15 21:25:55.927032+00:00,29.971455114427954
2025-08-15 21:25:57.714972+00:00,29.966304533096263
2025-08-15 21:26:00.124550+00:00,29.966304533096263
2025-08-15 21:26:01.250597+00:00,29.96115395205561
2025-08-15 21:26:02.199957+00:00,29.971455114427954
2025-08-15 21:26:04.653997+00:00,29.96115395205561
2025-08-15 21:26:09.707801+00:00,29.971455114427954
2025-08-15 21:26:11.481843+00:00,29.956003371305997
2025-08-15 21:26:12.157708+00:00,29.956003371305997
2025-08-15 21:26:14.382838+00:00,29.966304533096263
2025-08-15 21:26:16.575860+00:00,29.966304533096263
2025-08-15 21:26:19.632343+00:00,29.966304533096263
2025-08-15 21:26:19.998425+00:00,29.966304533096263
2025-08-15 21:26:23.742224+00:00,29.96115395205561
2025-08-15 21:26:24.469148+00:00,29.966304533096263
2025-08-15 21:26:25.289089+00:00,29.966304533096263
2025-08-15 21:26:26.157893+00:00,29.966304533096263
2025-08-15 21:26:27.694447+00:00,29.966304533096263
2025-08-15 21:26:28.456424+00:00,29.966304533096263
2025-08-15 21:26:29.556032+00:00,29.966304533096263
2025-08-15 21:26:29.816134+00:00,29.976605696050683
2025-08-15 21:26:32.381926+00:00,29.966304533096263
2025-08-15 21:26:36.040840+00:00,29.96115395205561
2025-08-15 21:26:37.869741+00:00,29.96115395205561
2025-08-15 21:26:39.340423+00:00,29.96115395205561
2025-08-15 21:26:39.615014+00:00,29.966304533096263
2025-08-15 21:26:40.912308+00:00,29.96115395205561
2025-08-15 21:26:42.202426+00:00,29.96115395205561
2025-08-15 21:26:50.576339+00:00,29.96115395205561
2025-08-15 21:26:51.200437+00:00,29.966304533096263
2025-08-15 21:26:52.305963+00:00,29.96115395205561
2025-08-15 21:26:52.993576+00:00,29.96115395205561
2025-08-15 21:26:54.180551+00:00,29.96115395205561
2025-08-15 21:26:54.996906+00:00,29.966304533096263
2025-08-15 21:26:57.470165+00:00,29.971455114427954
2025-08-15 21:26:58.798914+00:00,29.96115395205561
2025-08-15 21:26:59.055472+00:00,29.966304533096263
2025-08-15 21:27:00.201190+00:00,29.96115395205561
2025-08-15 21:27:05.050216+00:00,29.95085279084742
2025-08-15 21:27:07.539366+00:00,29.966304533096263
2025-08-15 21:27:10.089354+00:00,29.96115395205561
2025-08-15 21:27:10.696822+00:00,29.956003371305997
2025-08-15 21:27:13.547824+00:00,29.96115395205561
2025-08-15 21:27:17.103665+00:00,29.966304533096263
2025-08-15 21:27:17.827902+00:00,29.95085279084742
2025-08-15 21:27:18.286193+00:00,29.96115395205561
2025-08-15 21:27:20.156856+00:00,29.96115395205561
2025-08-15 21:27:22.926462+00:00,29.95085279084742
2025-08-15 21:27:23.670592+00:00,29.96115395205561
2025-08-15 21:27:24.402332+00:00,29.96115395205561
2025-08-15 21:27:25.751564+00:00,29.956003371305997
2025-08-15 21:27:26.987220+00:00,29.95085279084742
2025-08-15 21:27:28.166358+00:00,29.95085279084742
2025-08-15 21:27:29.447550+00:00,29.96115395205561
2025-08-15 21:27:30.447818+00:00,29.956003371305997
2025-08-15 21:27:32.447395+00:00,29.956003371305997
2025-08-15 21:27:33.230535+00:00,29.96115395205561
2025-08-15 21:27:33.870498+00:00,29.956003371305997
2025-08-15 21:27:37.767166+00:00,29.966304533096263
2025-08-15 21:27:38.836465+00:00,29.96115395205561
2025-08-15 21:27:39.439453+00:00,29.945702210679883
2025-08-15 21:27:39.721185+00:00,29.96115395205561
2025-08-15 21:27:41.351441+00:00,29.95085279084742
2025-08-15 21:27:42.276777+00:00,29.966304533096263
2025-08-15 21:27:43.114534+00:00,29.956003371305997
2025-08-15 21:27:44.005122+00:00,29.95085279084742
2025-08-15 21:27:46.413587+00:00,29.96115395205561
2025-08-15 21:27:50.798767+00:00,29.96115395205561
2025-08-15 21:27:51.451787+00:00,29.945702210679883
2025-08-15 21:27:51.801840+00:00,29.95085279084742
2025-08-15 21:27:52.729876+00:00,29.96115395205561
2025-08-15 21:27:53.022655+00:00,29.96115395205561
2025-08-15 21:27:54.819665+00:00,29.966304533096263
2025-08-15 21:27:55.938229+00:00,29.95085279084742
2025-08-15 21:28:02.905053+00:00,29.96115395205561
2025-08-15 21:28:04.370320+00:00,29.96115395205561
2025-08-15 21:28:04.797417+00:00,29.966304533096263
2025-08-15 21:28:05.304650+00:00,29.95085279084742
2025-08-15 21:28:08.367999+00:00,29.945702210679883
2025-08-15 21:28:08.969866+00:00,29.96115395205561
2025-08-15 21:28:09.813711+00:00,29.956003371305997
2025-08-15 21:28:11.320110+00:00,29.945702210679883
2025-08-15 21:28:18.913707+00:00,29.95085279084742
2025-08-15 21:28:21.812468+00:00,29.935401051217923
2025-08-15 21:28:22.146632+00:00,29.95085279084742
2025-08-15 21:28:24.496049+00:00,29.940551630803384
2025-08-15 21:28:25.304332+00:00,29.940551630803384
2025-08-15 21:28:25.621967+00:00,29.940551630803384
2025-08-15 21:28:25.980250+00:00,29.95085279084742
2025-08-15 21:28:27.652550+00:00,29.945702210679883
2025-08-15 21:28:29.729657+00:00,29.945702210679883
2025-08-15 21:28:30.344851+00:00,29.945702210679883
2025-08-15 21:28:34.552295+00:00,29.940551630803384
2025-08-15 21:28:35.079377+00:00,29.940551630803384
2025-08-15 21:28:35.547555+00:00,29.945702210679883
2025-08-15 21:28:37.198153+00:00,29.95085279084742
2025-08-15 21:28:38.421125+00:00,29.945702210679883
2025-08-15 21:28:39.601184+00:00,29.945702210679883
2025-08-15 21:28:39.809749+00:00,29.95085279084742
2025-08-15 21:28:40.203069+00:00,29.96115395205561
2025-08-15 21:28:40.409832+00:00,29.945702210679883
2025-08-15 21:28:43.270787+00:00,29.935401051217923
2025-08-15 21:28:43.845983+00:00,29.940551630803384
2025-08-15 21:28:44.078187+00:00,29.95085279084742
2025-08-15 21:28:44.822709+00:00,29.95085279084742
2025-08-15 21:28:45.069647+00:00,29.956003371305997
2025-08-15 21:28:45.528858+00:00,29.945702210679883
2025-08-15 21:28:46.079244+00:00,29.956003371305997
2025-08-15 21:28:46.603297+00:00,29.95085279084742
2025-08-15 21:28:49.374383+00:00,29.956003371305997
2025-08-15 21:28:50.485731+00:00,29.940551630803384
2025-08-15 21:28:55.183655+00:00,29.96115395205561
2025-08-15 21:28:55.759652+00:00,29.940551630803384
2025-08-15 21:28:56.285912+00:00,29.945702210679883
2025-08-15 21:28:57.198652+00:00,29.95085279084742
2025-08-15 21:28:57.628493+00:00,29.956003371305997
2025-08-15 21:28:57.941627+00:00,29.945702210679883
2025-08-15 21:29:00.936316+00:00,29.956003371305997
2025-08-15 21:29:13.779282+00:00,29.96115395205561
2025-08-15 21:29:14.384380+00:00,29.95085279084742
2025-08-15 21:29:15.552350+00:00,29.95085279084742
2025-08-15 21:29:20.978668+00:00,29.945702210679883
2025-08-15 21:29:22.371210+00:00,29.956003371305997
2025-08-15 21:29:23.045172+00:00,29.940551630803384
2025-08-15 21:29:23.482072+00:00,29.96115395205561
2025-08-15 21:29:23.680634+00:00,29.945702210679883
2025-08-15 21:29:23.870083+00:00,29.956003371305997
2025-08-15 21:29:24.065714+00:00,29.96115395205561
2025-08-15 21:29:25.860687+00:00,29.956003371305997
2025-08-15 21:29:27.685087+00:00,29.95085279084742
2025-08-15 21:29:29.540718+00:00,29.95085279084742
2025-08-15 21:29:33.719304+00:00,29.940551630803384
2025-08-15 21:29:34.802314+00:00,29.95085279084742
2025-08-15 21:29:37.684105+00:00,29.95085279084742
2025-08-15 21:29:38.128931+00:00,29.956003371305997
2025-08-15 21:29:39.270640+00:00,29.95085279084742
2025-08-15 21:29:39.441821+00:00,29.945702210679883
2025-08-15 21:29:40.116241+00:00,29.956003371305997
2025-08-15 21:29:43.194876+00:00,29.956003371305997
2025-08-15 21:29:45.368593+00:00,29.945702210679883
2025-08-15 21:29:45.784160+00:00,29.95085279084742
2025-08-15 21:29:46.594631+00:00,29.95085279084742
2025-08-15 21:29:47.127712+00:00,29.95085279084742
2025-08-15 21:29:47.692627+00:00,29.956003371305997
2025-08-15 21:29:48.289260+00:00,29.945702210679883
2025-08-15 21:29:48.819715+00:00,29.940551630803384
2025-08-15 21:29:49.484246+00:00,29.935401051217923
2025-08-15 21:29:50.694074+00:00,29.95085279084742
2025-08-15 21:29:52.285019+00:00,29.95085279084742
2025-08-15 21:29:52.994640+00:00,29.945702210679883
2025-08-15 21:29:54.481657+00:00,29.945702210679883
2025-08-15 21:29:54.998491+00:00,29.940551630803384
2025-08-15 21:29:56.889291+00:00,29.95085279084742
2025-08-15 21:29:59.042595+00:00,29.945702210679883
2025-08-15 21:29:59.997920+00:00,29.945702210679883
2025-08-15 21:30:01.465656+00:00,29.95085279084742
2025-08-15 21:30:10.435273+00:00,29.956003371305997
2025-08-15 21:30:17.797508+00:00,29.940551630803384
2025-08-15 21:30:20.091960+00:00,29.95085279084742
2025-08-15 21:30:22.767930+00:00,29.95085279084742
2025-08-15 21:30:23.200175+00:00,29.945702210679883
2025-08-15 21:30:25.468077+00:00,29.945702210679883
2025-08-15 21:30:27.377547+00:00,29.935401051217923
2025-08-15 21:30:29.485387+00:00,29.945702210679883
2025-08-15 21:30:30.027216+00:00,29.940551630803384
2025-08-15 21:30:30.533862+00:00,29.95085279084742
2025-08-15 21:30:31.159692+00:00,29.95085279084742
2025-08-15 21:30:31.625970+00:00,29.95085279084742
2025-08-15 21:30:32.085765+00:00,29.945702210679883
2025-08-15 21:30:32.635992+00:00,29.945702210679883
2025-08-15 21:30:33.077289+00:00,29.945702210679883
2025-08-15 21:30:33.592489+00:00,29.956003371305997
2025-08-15 21:30:34.044148+00:00,29.956003371305997
2025-08-15 21:30:34.458254+00:00,29.96115395205561
2025-08-15 21:30:34.968446+00:00,29.95085279084742
2025-08-15 21:30:39.201142+00:00,29.95085279084742
2025-08-15 21:30:40.281028+00:00,29.940551630803384
2025-08-15 21:30:43.883395+00:00,29.945702210679883
2025-08-15 21:30:44.442356+00:00,29.945702210679883
2025-08-15 21:30:49.785168+00:00,29.95085279084742
2025-08-15 21:30:50.574372+00:00,29.940551630803384
2025-08-15 21:30:51.760051+00:00,29.940551630803384
2025-08-15 21:30:53.110725+00:00,29.940551630803384
2025-08-15 21:30:54.954217+00:00,29.940551630803384
2025-08-15 21:30:55.160344+00:00,29.940551630803384
2025-08-15 21:30:56.160341+00:00,29.935401051217923
2025-08-15 21:30:56.440927+00:00,29.935401051217923
2025-08-15 21:30:57.994205+00:00,29.935401051217923
2025-08-15 21:30:58.536025+00:00,29.935401051217923
2025-08-15 21:31:02.592733+00:00,29.9302504719235
2025-08-15 21:31:03.560810+00:00,29.9302504719235
2025-08-15 21:31:06.049262+00:00,29.9302504719235
2025-08-15 21:31:08.443286+00:00,29.9302504719235
2025-08-15 21:31:09.198456+00:00,29.925099892920116
2025-08-15 21:31:09.658441+00:00,29.925099892920116
2025-08-15 21:31:12.026356+00:00,29.925099892920116
2025-08-15 21:31:13.909152+00:00,29.925099892920116
2025-08-15 21:31:14.431961+00:00,29.940551630803384
2025-08-15 21:31:14.840393+00:00,29.9302504719235
2025-08-15 21:31:25.172192+00:00,29.935401051217923
2025-08-15 21:31:29.485222+00:00,29.940551630803384
2025-08-15 21:31:29.858458+00:00,29.940551630803384
2025-08-15 21:31:30.432363+00:00,29.940551630803384
2025-08-15 21:31:35.859015+00:00,29.940551630803384
2025-08-15 21:31:36.928581+00:00,29.940551630803384
2025-08-15 21:31:37.142245+00:00,29.940551630803384
2025-08-15 21:31:37.329591+00:00,29.956003371305997
2025-08-15 21:31:37.512534+00:00,29.96115395205561
2025-08-15 21:31:38.007172+00:00,29.956003371305997
2025-08-15 21:31:39.669921+00:00,29.940551630803384
2025-08-15 21:31:40.537773+00:00,29.945702210679883
2025-08-15 21:31:41.060459+00:00,29.95085279084742
2025-08-15 21:31:41.850297+00:00,29.95085279084742
2025-08-15 21:31:43.751248+00:00,29.945702210679883
2025-08-15 21:31:44.674326+00:00,29.940551630803384
2025-08-15 21:31:46.832299+00:00,29.940551630803384
2025-08-15 21:31:48.640401+00:00,29.940551630803384
2025-08-15 21:31:49.955845+00:00,29.945702210679883
2025-08-15 21:31:51.190942+00:00,29.956003371305997
2025-08-15 21:31:51.694183+00:00,29.95085279084742
2025-08-15 21:31:51.924809+00:00,29.95085279084742
2025-08-15 21:31:52.359387+00:00,29.9302504719235
2025-08-15 21:31:53.227165+00:00,29.945702210679883
2025-08-15 21:31:54.641942+00:00,29.95085279084742
2025-08-15 21:31:55.197958+00:00,29.95085279084742
2025-08-15 21:31:55.814528+00:00,29.940551630803384
2025-08-15 21:31:56.935170+00:00,29.940551630803384
2025-08-15 21:31:58.600994+00:00,29.935401051217923
2025-08-15 21:31:58.837837+00:00,29.935401051217923
2025-08-15 21:32:00.290209+00:00,29.95085279084742
2025-08-15 21:32:03.563082+00:00,29.95085279084742
2025-08-15 21:32:03.962374+00:00,29.945702210679883
2025-08-15 21:32:04.345850+00:00,29.95085279084742
2025-08-15 21:32:04.723345+00:00,29.95085279084742
2025-08-15 21:32:05.083430+00:00,29.956003371305997
2025-08-15 21:32:08.021064+00:00,29.956003371305997
2025-08-15 21:32:08.608551+00:00,29.940551630803384
2025-08-15 21:32:09.181961+00:00,29.95085279084742
2025-08-15 21:32:10.233140+00:00,29.95085279084742
2025-08-15 21:32:11.208401+00:00,29.940551630803384
2025-08-15 21:32:16.955877+00:00,29.945702210679883
2025-08-15 21:32:22.934722+00:00,29.940551630803384
2025-08-15 21:32:24.000750+00:00,29.9302504719235
2025-08-15 21:32:29.143794+00:00,29.9302504719235
2025-08-15 21:32:29.476624+00:00,29.940551630803384
2025-08-15 21:32:38.917811+00:00,29.935401051217923
2025-08-15 21:32:39.283315+00:00,29.9302504719235
2025-08-15 21:32:40.801267+00:00,29.935401051217923
2025-08-15 21:32:49.521032+00:00,29.9302504719235
2025-08-15 21:32:52.430711+00:00,29.9302504719235
2025-08-15 21:32:53.425329+00:00,29.935401051217923
2025-08-15 21:32:55.873215+00:00,29.925099892920116
2025-08-15 21:32:56.526075+00:00,29.9302504719235
2025-08-15 21:32:58.396107+00:00,29.9302504719235
2025-08-15 21:32:59.991406+00:00,29.925099892920116
2025-08-15 21:33:02.855025+00:00,29.91994931420777
2025-08-15 21:33:04.123227+00:00,29.9302504719235
2025-08-15 21:33:05.011400+00:00,29.9302504719235
2025-08-15 21:33:11.170125+00:00,29.935401051217923
2025-08-15 21:33:12.975415+00:00,29.935401051217923
2025-08-15 21:33:14.032940+00:00,29.940551630803384
2025-08-15 21:33:14.426583+00:00,29.935401051217923
2025-08-15 21:33:19.196028+00:00,29.935401051217923
2025-08-15 21:33:20.067287+00:00,29.9302504719235
2025-08-15 21:33:20.878176+00:00,29.9302504719235
2025-08-15 21:33:21.112354+00:00,29.940551630803384
2025-08-15 21:33:21.445959+00:00,29.945702210679883
2025-08-15 21:33:22.874043+00:00,29.95085279084742
2025-08-15 21:33:23.202438+00:00,29.940551630803384
2025-08-15 21:33:23.385405+00:00,29.940551630803384
2025-08-15 21:33:25.468952+00:00,29.945702210679883
2025-08-15 21:33:29.005031+00:00,29.940551630803384
2025-08-15 21:33:33.212807+00:00,29.935401051217923
2025-08-15 21:33:35.737874+00:00,29.940551630803384
2025-08-15 21:33:36.105494+00:00,29.940551630803384
2025-08-15 21:33:36.874852+00:00,29.945702210679883
2025-08-15 21:33:39.137270+00:00,29.9302504719235
2025-08-15 21:33:41.061284+00:00,29.940551630803384
2025-08-15 21:33:41.704542+00:00,29.945702210679883
2025-08-15 21:33:42.081090+00:00,29.940551630803384
2025-08-15 21:33:43.430851+00:00,29.9302504719235
2025-08-15 21:33:52.242169+00:00,29.940551630803384
2025-08-15 21:33:52.449788+00:00,29.925099892920116
2025-08-15 21:33:52.678690+00:00,29.935401051217923
2025-08-15 21:33:52.944075+00:00,29.9302504719235
2025-08-15 21:33:53.598799+00:00,29.940551630803384
2025-08-15 21:33:55.001003+00:00,29.925099892920116
2025-08-15 21:33:55.588998+00:00,29.935401051217923
2025-08-15 21:33:56.146166+00:00,29.935401051217923
2025-08-15 21:33:58.777315+00:00,29.9302504719235
2025-08-15 21:33:59.890501+00:00,29.940551630803384
2025-08-15 21:34:01.720704+00:00,29.940551630803384
2025-08-15 21:34:03.712429+00:00,29.9302504719235
2025-08-15 21:34:08.703549+00:00,29.9302504719235
2025-08-15 21:34:11.506067+00:00,29.925099892920116
2025-08-15 21:34:13.552478+00:00,29.925099892920116
2025-08-15 21:34:13.870923+00:00,29.9302504719235
2025-08-15 21:34:14.087017+00:00,29.9302504719235
2025-08-15 21:34:14.314294+00:00,29.9302504719235
2025-08-15 21:34:14.680807+00:00,29.940551630803384
2025-08-15 21:34:14.948440+00:00,29.940551630803384
2025-08-15 21:34:15.962312+00:00,29.940551630803384
2025-08-15 21:34:19.059590+00:00,29.91994931420777
2025-08-15 21:34:21.428142+00:00,29.9302504719235
2025-08-15 21:34:21.901582+00:00,29.9302504719235
2025-08-15 21:34:23.399201+00:00,29.925099892920116
2025-08-15 21:34:23.730630+00:00,29.9302504719235
2025-08-15 21:34:24.030262+00:00,29.935401051217923
2025-08-15 21:34:24.256782+00:00,29.945702210679883
2025-08-15 21:34:24.873651+00:00,29.945702210679883
2025-08-15 21:34:26.237192+00:00,29.935401051217923
2025-08-15 21:34:26.688177+00:00,29.935401051217923
2025-08-15 21:34:26.997106+00:00,29.935401051217923
2025-08-15 21:34:27.333338+00:00,29.9302504719235
2025-08-15 21:34:27.754459+00:00,29.935401051217923
2025-08-15 21:34:28.055170+00:00,29.9302504719235
2025-08-15 21:34:28.564442+00:00,29.925099892920116
2025-08-15 21:34:34.221077+00:00,29.9302504719235
2025-08-15 21:34:35.331330+00:00,29.925099892920116
2025-08-15 21:34:37.929888+00:00,29.9302504719235
2025-08-15 21:34:39.458660+00:00,29.9302504719235
2025-08-15 21:34:40.127079+00:00,29.9302504719235
2025-08-15 21:34:41.706092+00:00,29.95085279084742
2025-08-15 21:34:42.225247+00:00,29.940551630803384
2025-08-15 21:34:43.720543+00:00,29.9302504719235
2025-08-15 21:34:44.373271+00:00,29.925099892920116
2025-08-15 21:34:46.191334+00:00,29.9302504719235
2025-08-15 21:34:47.712569+00:00,29.935401051217923
2025-08-15 21:34:50.395140+00:00,29.940551630803384
2025-08-15 21:34:51.106339+00:00,29.940551630803384
2025-08-15 21:34:52.069206+00:00,29.940551630803384
2025-08-15 21:34:52.392327+00:00,29.935401051217923
2025-08-15 21:34:52.672262+00:00,29.935401051217923
2025-08-15 21:34:55.634776+00:00,29.9302504719235
2025-08-15 21:34:59.011071+00:00,29.940551630803384
2025-08-15 21:34:59.322175+00:00,29.95085279084742
2025-08-15 21:34:59.530029+00:00,29.940551630803384
2025-08-15 21:35:00.943130+00:00,29.95085279084742
2025-08-15 21:35:02.128911+00:00,29.95085279084742
2025-08-15 21:35:10.192799+00:00,29.9302504719235
2025-08-15 21:35:12.219496+00:00,29.940551630803384
2025-08-15 21:35:12.887424+00:00,29.935401051217923
2025-08-15 21:35:17.078741+00:00,29.940551630803384
2025-08-15 21:35:18.802044+00:00,29.9302504719235
2025-08-15 21:35:19.961626+00:00,29.9302504719235
2025-08-15 21:35:22.277957+00:00,29.925099892920116
2025-08-15 21:35:30.994716+00:00,29.935401051217923
2025-08-15 21:35:34.533385+00:00,29.91994931420777
2025-08-15 21:35:37.251983+00:00,29.925099892920116
2025-08-15 21:35:37.770308+00:00,29.9302504719235
2025-08-15 21:35:38.492744+00:00,29.925099892920116
2025-08-15 21:35:40.674972+00:00,29.925099892920116
2025-08-15 21:35:41.572756+00:00,29.9302504719235
2025-08-15 21:35:45.788558+00:00,29.925099892920116
2025-08-15 21:35:46.244183+00:00,29.9302504719235
2025-08-15 21:35:48.958193+00:00,29.925099892920116
2025-08-15 21:35:51.543302+00:00,29.91994931420777
2025-08-15 21:35:52.422079+00:00,29.9302504719235
2025-08-15 21:35:54.316488+00:00,29.914798735786462
2025-08-15 21:35:54.579224+00:00,29.9302504719235
2025-08-15 21:35:54.860287+00:00,29.9302504719235
2025-08-15 21:35:55.177973+00:00,29.9302504719235
2025-08-15 21:35:55.714543+00:00,29.925099892920116
2025-08-15 21:35:56.079210+00:00,29.935401051217923
2025-08-15 21:35:56.818258+00:00,29.925099892920116
2025-08-15 21:35:57.427922+00:00,29.925099892920116
2025-08-15 21:36:03.984697+00:00,29.909648157656193
2025-08-15 21:36:07.825967+00:00,29.925099892920116
2025-08-15 21:36:12.202063+00:00,29.9302504719235
2025-08-15 21:36:16.760664+00:00,29.925099892920116
2025-08-15 21:36:17.835415+00:00,29.925099892920116
2025-08-15 21:36:18.957985+00:00,29.925099892920116
2025-08-15 21:36:19.237299+00:00,29.935401051217923
2025-08-15 21:36:19.780446+00:00,29.9302504719235
2025-08-15 21:36:20.237930+00:00,29.925099892920116
2025-08-15 21:36:24.151060+00:00,29.935401051217923
2025-08-15 21:36:25.102959+00:00,29.925099892920116
2025-08-15 21:36:25.349685+00:00,29.940551630803384
2025-08-15 21:36:26.565104+00:00,29.9302504719235
2025-08-15 21:36:28.160595+00:00,29.9302504719235
2025-08-15 21:36:29.054514+00:00,29.925099892920116
2025-08-15 21:36:29.514955+00:00,29.925099892920116
2025-08-15 21:36:32.428619+00:00,29.925099892920116
2025-08-15 21:36:37.254643+00:00,29.9302504719235
2025-08-15 21:36:38.329154+00:00,29.925099892920116
2025-08-15 21:36:39.014070+00:00,29.91994931420777
2025-08-15 21:36:40.363424+00:00,29.935401051217923
2025-08-15 21:36:40.863398+00:00,29.925099892920116
2025-08-15 21:36:42.470432+00:00,29.935401051217923
2025-08-15 21:36:42.688540+00:00,29.935401051217923
2025-08-15 21:36:43.072521+00:00,29.9302504719235
2025-08-15 21:36:43.850298+00:00,29.935401051217923
2025-08-15 21:36:44.851658+00:00,29.935401051217923
2025-08-15 21:36:45.925550+00:00,29.935401051217923
2025-08-15 21:36:48.348556+00:00,29.925099892920116
2025-08-15 21:36:49.630155+00:00,29.91994931420777
2025-08-15 21:36:51.336068+00:00,29.9302504719235
2025-08-15 21:36:56.741714+00:00,29.9302504719235
2025-08-15 21:36:58.688193+00:00,29.935401051217923
2025-08-15 21:37:00.326549+00:00,29.935401051217923
2025-08-15 21:37:02.115342+00:00,29.9302504719235
2025-08-15 21:37:02.957437+00:00,29.9302504719235
2025-08-15 21:37:03.448847+00:00,29.940551630803384
2025-08-15 21:37:04.416091+00:00,29.9302504719235
2025-08-15 21:37:04.803205+00:00,29.935401051217923
2025-08-15 21:37:05.557597+00:00,29.935401051217923
2025-08-15 21:37:07.524452+00:00,29.935401051217923
2025-08-15 21:37:11.387443+00:00,29.940551630803384
2025-08-15 21:37:13.072900+00:00,29.935401051217923
2025-08-15 21:37:13.540210+00:00,29.9302504719235
2025-08-15 21:37:13.829870+00:00,29.9302504719235
2025-08-15 21:37:16.622952+00:00,29.9302504719235
2025-08-15 21:37:17.507370+00:00,29.9302504719235
2025-08-15 21:37:18.319237+00:00,29.9302504719235
2025-08-15 21:37:19.554413+00:00,29.925099892920116
2025-08-15 21:37:22.679317+00:00,29.940551630803384
2025-08-15 21:37:26.071234+00:00,29.9302504719235
2025-08-15 21:37:26.343023+00:00,29.9302504719235
2025-08-15 21:37:28.850706+00:00,29.9302504719235
2025-08-15 21:37:30.215716+00:00,29.925099892920116
2025-08-15 21:37:30.948893+00:00,29.925099892920116
2025-08-15 21:37:31.457338+00:00,29.925099892920116
2025-08-15 21:37:34.589181+00:00,29.925099892920116
2025-08-15 21:37:34.987991+00:00,29.935401051217923
2025-08-15 21:37:36.027681+00:00,29.9302504719235
2025-08-15 21:37:42.231253+00:00,29.940551630803384
2025-08-15 21:37:44.736487+00:00,29.925099892920116
2025-08-15 21:37:46.024020+00:00,29.935401051217923
2025-08-15 21:37:49.450249+00:00,29.9302504719235
2025-08-15 21:37:51.245963+00:00,29.940551630803384
2025-08-15 21:37:55.137440+00:00,29.9302504719235
2025-08-15 21:37:55.616396+00:00,29.925099892920116
2025-08-15 21:37:56.843043+00:00,29.925099892920116
2025-08-15 21:37:57.920630+00:00,29.9302504719235
2025-08-15 21:37:59.492467+00:00,29.9302504719235
2025-08-15 21:37:59.801969+00:00,29.940551630803384
2025-08-15 21:38:02.356697+00:00,29.9302504719235
2025-08-15 21:38:05.939562+00:00,29.9302504719235
2025-08-15 21:38:12.264056+00:00,29.935401051217923
2025-08-15 21:38:14.644847+00:00,29.9302504719235
2025-08-15 21:38:14.942370+00:00,29.925099892920116
2025-08-15 21:38:15.359715+00:00,29.940551630803384
2025-08-15 21:38:15.806792+00:00,29.935401051217923
2025-08-15 21:38:16.397694+00:00,29.9302504719235
2025-08-15 21:38:18.486514+00:00,29.9302504719235
2025-08-15 21:38:19.259145+00:00,29.935401051217923
2025-08-15 21:38:19.534351+00:00,29.940551630803384
2025-08-15 21:38:20.846946+00:00,29.925099892920116
2025-08-15 21:38:25.093117+00:00,29.9302504719235
2025-08-15 21:38:25.526371+00:00,29.940551630803384
2025-08-15 21:38:26.422138+00:00,29.940551630803384
2025-08-15 21:38:27.088098+00:00,29.9302504719235
2025-08-15 21:38:27.357904+00:00,29.91994931420777
2025-08-15 21:38:30.161955+00:00,29.940551630803384
2025-08-15 21:38:31.621796+00:00,29.945702210679883
2025-08-15 21:38:34.750197+00:00,29.940551630803384
2025-08-15 21:38:37.432055+00:00,29.925099892920116
2025-08-15 21:38:38.113051+00:00,29.940551630803384
2025-08-15 21:38:39.657171+00:00,29.9302504719235
2025-08-15 21:38:42.659360+00:00,29.9302504719235
2025-08-15 21:38:43.568636+00:00,29.925099892920116
2025-08-15 21:38:45.204425+00:00,29.925099892920116
2025-08-15 21:38:46.111891+00:00,29.925099892920116
2025-08-15 21:38:48.839669+00:00,29.9302504719235
2025-08-15 21:38:49.573462+00:00,29.9302504719235
2025-08-15 21:38:50.708982+00:00,29.940551630803384
2025-08-15 21:38:51.309534+00:00,29.91994931420777
2025-08-15 21:38:51.876967+00:00,29.9302504719235
2025-08-15 21:38:52.103091+00:00,29.91994931420777
2025-08-15 21:38:54.727284+00:00,29.935401051217923
2025-08-15 21:38:55.568135+00:00,29.91994931420777
2025-08-15 21:38:56.046200+00:00,29.91994931420777
2025-08-15 21:38:56.730413+00:00,29.925099892920116
2025-08-15 21:38:58.828793+00:00,29.91994931420777
2025-08-15 21:39:06.880278+00:00,29.9302504719235
2025-08-15 21:39:07.439133+00:00,29.91994931420777
2025-08-15 21:39:11.221376+00:00,29.914798735786462
2025-08-15 21:39:11.679448+00:00,29.925099892920116
2025-08-15 21:39:12.486849+00:00,29.914798735786462
2025-08-15 21:39:13.486581+00:00,29.91994931420777
2025-08-15 21:39:13.804780+00:00,29.91994931420777
2025-08-15 21:39:14.820259+00:00,29.914798735786462
2025-08-15 21:39:15.771078+00:00,29.9302504719235
2025-08-15 21:39:19.140010+00:00,29.925099892920116
2025-08-15 21:39:21.261359+00:00,29.935401051217923
2025-08-15 21:39:23.404631+00:00,29.91994931420777
2025-08-15 21:39:24.487454+00:00,29.91994931420777
2025-08-15 21:39:25.230435+00:00,29.914798735786462
2025-08-15 21:39:26.349580+00:00,29.91994931420777
2025-08-15 21:39:28.451699+00:00,29.91994931420777
2025-08-15 21:39:29.777250+00:00,29.9302504719235
2025-08-15 21:39:30.084882+00:00,29.925099892920116
2025-08-15 21:39:31.130035+00:00,29.925099892920116
2025-08-15 21:39:32.586008+00:00,29.9302504719235
2025-08-15 21:39:34.704169+00:00,29.9302504719235
2025-08-15 21:39:35.632249+00:00,29.9302504719235
2025-08-15 21:39:38.656427+00:00,29.909648157656193
2025-08-15 21:39:40.584802+00:00,29.914798735786462
2025-08-15 21:39:41.210861+00:00,29.925099892920116
2025-08-15 21:39:42.537235+00:00,29.91994931420777
2025-08-15 21:39:45.260403+00:00,29.925099892920116
2025-08-15 21:39:45.654175+00:00,29.914798735786462
2025-08-15 21:39:46.460876+00:00,29.91994931420777
2025-08-15 21:39:53.866748+00:00,29.914798735786462
2025-08-15 21:39:56.921560+00:00,29.90449757981696
2025-08-15 21:39:57.413942+00:00,29.914798735786462
2025-08-15 21:39:58.636064+00:00,29.91994931420777
2025-08-15 21:40:02.324536+00:00,29.91994931420777
2025-08-15 21:40:04.678302+00:00,29.91994931420777
2025-08-15 21:40:06.798998+00:00,29.914798735786462
2025-08-15 21:40:07.239983+00:00,29.91994931420777
2025-08-15 21:40:09.984632+00:00,29.925099892920116
2025-08-15 21:40:10.343342+00:00,29.91994931420777
2025-08-15 21:40:11.153276+00:00,29.91994931420777
2025-08-15 21:40:16.261790+00:00,29.909648157656193
2025-08-15 21:40:16.866264+00:00,29.914798735786462
2025-08-15 21:40:21.478793+00:00,29.909648157656193
2025-08-15 21:40:25.654246+00:00,29.914798735786462
2025-08-15 21:40:28.076636+00:00,29.91994931420777
2025-08-15 21:40:28.569019+00:00,29.9302504719235
2025-08-15 21:40:28.901550+00:00,29.925099892920116
2025-08-15 21:40:29.286543+00:00,29.925099892920116
2025-08-15 21:40:34.869044+00:00,29.91994931420777
2025-08-15 21:40:37.714318+00:00,29.925099892920116
2025-08-15 21:40:38.301899+00:00,29.925099892920116
2025-08-15 21:40:39.227111+00:00,29.91994931420777
2025-08-15 21:40:40.029176+00:00,29.925099892920116
2025-08-15 21:40:46.331929+00:00,29.914798735786462
2025-08-15 21:40:49.579122+00:00,29.91994931420777
2025-08-15 21:40:51.718125+00:00,29.91994931420777
2025-08-15 21:40:52.348417+00:00,29.91994931420777
2025-08-15 21:40:52.662859+00:00,29.909648157656193
2025-08-15 21:40:53.209273+00:00,29.909648157656193
2025-08-15 21:40:54.214814+00:00,29.914798735786462
2025-08-15 21:40:54.415833+00:00,29.914798735786462
2025-08-15 21:40:58.148652+00:00,29.909648157656193
2025-08-15 21:40:59.711098+00:00,29.914798735786462
2025-08-15 21:41:00.040960+00:00,29.91994931420777
2025-08-15 21:41:00.800348+00:00,29.91994931420777
2025-08-15 21:41:03.331181+00:00,29.925099892920116
2025-08-15 21:41:04.795017+00:00,29.91994931420777
2025-08-15 21:41:07.117274+00:00,29.909648157656193
2025-08-15 21:41:10.189235+00:00,29.91994931420777
2025-08-15 21:41:10.834359+00:00,29.925099892920116
2025-08-15 21:41:12.392405+00:00,29.91994931420777
2025-08-15 21:41:12.907275+00:00,29.91994931420777
2025-08-15 21:41:14.095009+00:00,29.914798735786462
2025-08-15 21:41:15.209305+00:00,29.9302504719235
2025-08-15 21:41:15.735418+00:00,29.9302504719235
2025-08-15 21:41:16.215031+00:00,29.925099892920116
2025-08-15 21:41:16.835381+00:00,29.91994931420777
2025-08-15 21:41:17.216962+00:00,29.925099892920116
2025-08-15 21:41:20.791140+00:00,29.925099892920116
2025-08-15 21:41:21.366293+00:00,29.91994931420777
2025-08-15 21:41:22.111487+00:00,29.91994931420777
2025-08-15 21:41:22.642038+00:00,29.91994931420777
2025-08-15 21:41:22.848511+00:00,29.91994931420777
2025-08-15 21:41:23.088444+00:00,29.914798735786462
2025-08-15 21:41:23.373158+00:00,29.925099892920116
2025-08-15 21:41:23.599876+00:00,29.9302504719235
2025-08-15 21:41:23.833904+00:00,29.91994931420777
2025-08-15 21:41:24.124791+00:00,29.9302504719235
2025-08-15 21:41:24.410203+00:00,29.9302504719235
2025-08-15 21:41:24.668686+00:00,29.9302504719235
2025-08-15 21:41:26.956697+00:00,29.9302504719235
2025-08-15 21:41:30.632177+00:00,29.91994931420777
2025-08-15 21:41:31.059668+00:00,29.914798735786462
2025-08-15 21:41:34.008913+00:00,29.909648157656193
2025-08-15 21:41:36.111135+00:00,29.909648157656193
2025-08-15 21:41:36.745938+00:00,29.914798735786462
2025-08-15 21:41:37.746661+00:00,29.91994931420777
2025-08-15 21:41:38.858165+00:00,29.91994931420777
2025-08-15 21:41:39.640952+00:00,29.914798735786462
2025-08-15 21:41:41.156067+00:00,29.9302504719235
2025-08-15 21:41:43.970005+00:00,29.91994931420777
2025-08-15 21:41:46.710930+00:00,29.925099892920116
2025-08-15 21:41:48.000045+00:00,29.9302504719235
2025-08-15 21:41:50.356008+00:00,29.9302504719235
2025-08-15 21:41:53.391006+00:00,29.9302504719235
2025-08-15 21:41:55.395726+00:00,29.9302504719235
2025-08-15 21:41:57.007102+00:00,29.91994931420777
2025-08-15 21:41:57.674215+00:00,29.91994931420777
2025-08-15 21:41:58.760037+00:00,29.925099892920116
2025-08-15 21:42:03.417141+00:00,29.9302504719235
2025-08-15 21:42:04.891122+00:00,29.925099892920116
2025-08-15 21:42:05.284069+00:00,29.925099892920116
2025-08-15 21:42:06.495861+00:00,29.9302504719235
2025-08-15 21:42:08.263872+00:00,29.925099892920116
2025-08-15 21:42:09.920391+00:00,29.925099892920116
2025-08-15 21:42:13.137989+00:00,29.9302504719235
2025-08-15 21:42:13.565400+00:00,29.91994931420777
2025-08-15 21:42:14.821826+00:00,29.91994931420777
2025-08-15 21:42:16.501100+00:00,29.91994931420777
2025-08-15 21:42:17.584759+00:00,29.925099892920116
2025-08-15 21:42:18.430897+00:00,29.925099892920116
2025-08-15 21:42:19.081185+00:00,29.9302504719235
2025-08-15 21:42:19.455959+00:00,29.91994931420777
2025-08-15 21:42:19.657497+00:00,29.9302504719235
2025-08-15 21:42:20.898855+00:00,29.925099892920116
2025-08-15 21:42:21.332201+00:00,29.914798735786462
2025-08-15 21:42:22.747586+00:00,29.91994931420777
2025-08-15 21:42:25.007976+00:00,29.914798735786462
2025-08-15 21:42:25.837924+00:00,29.935401051217923
2025-08-15 21:42:26.149095+00:00,29.91994931420777
2025-08-15 21:42:26.355367+00:00,29.925099892920116
2025-08-15 21:42:26.782557+00:00,29.935401051217923
2025-08-15 21:42:27.175778+00:00,29.91994931420777
2025-08-15 21:42:27.484563+00:00,29.925099892920116
2025-08-15 21:42:27.876959+00:00,29.91994931420777
2025-08-15 21:42:28.152556+00:00,29.925099892920116
2025-08-15 21:42:28.706463+00:00,29.9302504719235
2025-08-15 21:42:29.063323+00:00,29.940551630803384
2025-08-15 21:42:29.323569+00:00,29.925099892920116
2025-08-15 21:42:29.632540+00:00,29.925099892920116
2025-08-15 21:42:29.849087+00:00,29.9302504719235
2025-08-15 21:42:30.409488+00:00,29.935401051217923
2025-08-15 21:42:33.982677+00:00,29.935401051217923
2025-08-15 21:42:34.835489+00:00,29.925099892920116
2025-08-15 21:42:36.973840+00:00,29.925099892920116
2025-08-15 21:42:37.748281+00:00,29.9302504719235
2025-08-15 21:42:38.201269+00:00,29.925099892920116
2025-08-15 21:42:38.483662+00:00,29.925099892920116
2025-08-15 21:42:38.741168+00:00,29.925099892920116
2025-08-15 21:42:41.991395+00:00,29.91994931420777
2025-08-15 21:42:42.440919+00:00,29.925099892920116
2025-08-15 21:42:43.238100+00:00,29.9302504719235
2025-08-15 21:42:44.891721+00:00,29.91994931420777
2025-08-15 21:42:47.076759+00:00,29.91994931420777
2025-08-15 21:42:47.780727+00:00,29.914798735786462
2025-08-15 21:42:51.123856+00:00,29.914798735786462
2025-08-15 21:42:52.265879+00:00,29.914798735786462
2025-08-15 21:42:55.444423+00:00,29.909648157656193
2025-08-15 21:42:56.063694+00:00,29.91994931420777
2025-08-15 21:42:57.766441+00:00,29.914798735786462
2025-08-15 21:42:58.971742+00:00,29.89934700226877
2025-08-15 21:42:59.330949+00:00,29.91994931420777
2025-08-15 21:43:07.429859+00:00,29.89934700226877
2025-08-15 21:43:13.004721+00:00,29.914798735786462
2025-08-15 21:43:14.905160+00:00,29.90449757981696
2025-08-15 21:43:15.206907+00:00,29.909648157656193
2025-08-15 21:43:19.987986+00:00,29.894196425011614
2025-08-15 21:43:20.725874+00:00,29.909648157656193
2025-08-15 21:43:21.002550+00:00,29.909648157656193
2025-08-15 21:43:25.756651+00:00,29.90449757981696
2025-08-15 21:43:26.828494+00:00,29.894196425011614
2025-08-15 21:43:29.496929+00:00,29.89934700226877
2025-08-15 21:43:30.503958+00:00,29.89934700226877
2025-08-15 21:43:31.312545+00:00,29.89934700226877
2025-08-15 21:43:33.610946+00:00,29.89934700226877
2025-08-15 21:43:35.530214+00:00,29.89934700226877
2025-08-15 21:43:35.782134+00:00,29.90449757981696
2025-08-15 21:43:36.073275+00:00,29.909648157656193
2025-08-15 21:43:36.341006+00:00,29.925099892920116
2025-08-15 21:43:36.608267+00:00,29.914798735786462
2025-08-15 21:43:36.943069+00:00,29.909648157656193
2025-08-15 21:43:37.442321+00:00,29.914798735786462
2025-08-15 21:43:37.703380+00:00,29.90449757981696
2025-08-15 21:43:38.288870+00:00,29.90449757981696
2025-08-15 21:43:46.641180+00:00,29.89934700226877
2025-08-15 21:43:51.371491+00:00,29.89934700226877
2025-08-15 21:43:53.808954+00:00,29.89934700226877
2025-08-15 21:43:54.429082+00:00,29.89934700226877
2025-08-15 21:43:57.697327+00:00,29.89934700226877
2025-08-15 21:43:58.523959+00:00,29.89934700226877
2025-08-15 21:43:58.940912+00:00,29.89934700226877
2025-08-15 21:43:59.174778+00:00,29.90449757981696
2025-08-15 21:43:59.576842+00:00,29.89934700226877
2025-08-15 21:44:02.757418+00:00,29.894196425011614
2025-08-15 21:44:03.995622+00:00,29.90449757981696
2025-08-15 21:44:06.930252+00:00,29.90449757981696
2025-08-15 21:44:08.830005+00:00,29.89934700226877
2025-08-15 21:44:11.584846+00:00,29.89934700226877
2025-08-15 21:44:12.870110+00:00,29.89934700226877
2025-08-15 21:44:13.783170+00:00,29.90449757981696
2025-08-15 21:44:16.390345+00:00,29.89934700226877
2025-08-15 21:44:17.524047+00:00,29.89934700226877
2025-08-15 21:44:19.886953+00:00,29.89934700226877
2025-08-15 21:44:20.121832+00:00,29.90449757981696
2025-08-15 21:44:22.172402+00:00,29.89934700226877
2025-08-15 21:44:23.104787+00:00,29.90449757981696
2025-08-15 21:44:23.654020+00:00,29.89934700226877
2025-08-15 21:44:24.246252+00:00,29.909648157656193
2025-08-15 21:44:25.712835+00:00,29.90449757981696
2025-08-15 21:44:26.921255+00:00,29.90449757981696
2025-08-15 21:44:27.914119+00:00,29.909648157656193
2025-08-15 21:44:28.887206+00:00,29.89934700226877
2025-08-15 21:44:29.318873+00:00,29.90449757981696
2025-08-15 21:44:31.879704+00:00,29.90449757981696
2025-08-15 21:44:32.375190+00:00,29.89934700226877
2025-08-15 21:44:32.764512+00:00,29.90449757981696
2025-08-15 21:44:33.361266+00:00,29.90449757981696
2025-08-15 21:44:37.614218+00:00,29.909648157656193
2025-08-15 21:44:38.684267+00:00,29.90449757981696
2025-08-15 21:44:41.850305+00:00,29.894196425011614
2025-08-15 21:44:43.110455+00:00,29.89934700226877
2025-08-15 21:44:44.547022+00:00,29.89934700226877
2025-08-15 21:44:50.613205+00:00,29.90449757981696
2025-08-15 21:44:55.943695+00:00,29.90449757981696
2025-08-15 21:45:00.965995+00:00,29.909648157656193
2025-08-15 21:45:04.364555+00:00,29.89934700226877
2025-08-15 21:45:05.784040+00:00,29.90449757981696
2025-08-15 21:45:06.411886+00:00,29.90449757981696
2025-08-15 21:45:06.979201+00:00,29.909648157656193
2025-08-15 21:45:07.818094+00:00,29.90449757981696
2025-08-15 21:45:12.588473+00:00,29.90449757981696
2025-08-15 21:45:14.227911+00:00,29.914798735786462
2025-08-15 21:45:14.828175+00:00,29.90449757981696
2025-08-15 21:45:15.300297+00:00,29.90449757981696
2025-08-15 21:45:16.520760+00:00,29.89934700226877
2025-08-15 21:45:19.038748+00:00,29.909648157656193
2025-08-15 21:45:19.453936+00:00,29.909648157656193
2025-08-15 21:45:21.844018+00:00,29.909648157656193
2025-08-15 21:45:22.639418+00:00,29.90449757981696
2025-08-15 21:45:23.497819+00:00,29.91994931420777
2025-08-15 21:45:24.096721+00:00,29.91994931420777
2025-08-15 21:45:26.120596+00:00,29.914798735786462
2025-08-15 21:45:29.619301+00:00,29.91994931420777
2025-08-15 21:45:30.430120+00:00,29.909648157656193
2025-08-15 21:45:31.703952+00:00,29.91994931420777
2025-08-15 21:45:32.753794+00:00,29.914798735786462
2025-08-15 21:45:33.437099+00:00,29.925099892920116
2025-08-15 21:45:36.453304+00:00,29.91994931420777
2025-08-15 21:45:38.225374+00:00,29.925099892920116
2025-08-15 21:45:38.787305+00:00,29.91994931420777
2025-08-15 21:45:44.586381+00:00,29.925099892920116
2025-08-15 21:45:45.853472+00:00,29.914798735786462
2025-08-15 21:45:46.585496+00:00,29.925099892920116
2025-08-15 21:45:46.981807+00:00,29.9302504719235
2025-08-15 21:45:47.948478+00:00,29.925099892920116
2025-08-15 21:45:49.798396+00:00,29.925099892920116
2025-08-15 21:45:51.932332+00:00,29.925099892920116
2025-08-15 21:45:52.436818+00:00,29.91994931420777
2025-08-15 21:45:54.319531+00:00,29.91994931420777
2025-08-15 21:45:54.879536+00:00,29.91994931420777
2025-08-15 21:45:55.443346+00:00,29.91994931420777
2025-08-15 21:45:58.279085+00:00,29.91994931420777
2025-08-15 21:45:59.688997+00:00,29.914798735786462
2025-08-15 21:46:02.018894+00:00,29.925099892920116
2025-08-15 21:46:02.785109+00:00,29.909648157656193
2025-08-15 21:46:03.761659+00:00,29.909648157656193
2025-08-15 21:46:04.452550+00:00,29.914798735786462
2025-08-15 21:46:06.511021+00:00,29.91994931420777
2025-08-15 21:46:08.820389+00:00,29.9302504719235
2025-08-15 21:46:17.793321+00:00,29.914798735786462
2025-08-15 21:46:18.218394+00:00,29.91994931420777
2025-08-15 21:46:18.894470+00:00,29.91994931420777
2025-08-15 21:46:19.376065+00:00,29.914798735786462
2025-08-15 21:46:20.118883+00:00,29.925099892920116
2025-08-15 21:46:21.276323+00:00,29.914798735786462
2025-08-15 21:46:21.981684+00:00,29.91994931420777
2025-08-15 21:46:24.285677+00:00,29.91994931420777
2025-08-15 21:46:27.227353+00:00,29.914798735786462
2025-08-15 21:46:30.727353+00:00,29.91994931420777
2025-08-15 21:46:31.815228+00:00,29.90449757981696
2025-08-15 21:46:32.232449+00:00,29.914798735786462
2025-08-15 21:46:32.910142+00:00,29.909648157656193
2025-08-15 21:46:34.120265+00:00,29.91994931420777
2025-08-15 21:46:35.967353+00:00,29.91994931420777
2025-08-15 21:46:36.701654+00:00,29.914798735786462
2025-08-15 21:46:37.705054+00:00,29.914798735786462
2025-08-15 21:46:38.823212+00:00,29.914798735786462
2025-08-15 21:46:39.082544+00:00,29.909648157656193
2025-08-15 21:46:39.390556+00:00,29.909648157656193
2025-08-15 21:46:40.484683+00:00,29.914798735786462
2025-08-15 21:46:41.162654+00:00,29.914798735786462
2025-08-15 21:46:41.835751+00:00,29.914798735786462
2025-08-15 21:46:42.634072+00:00,29.914798735786462
2025-08-15 21:46:43.025862+00:00,29.909648157656193
2025-08-15 21:46:44.209304+00:00,29.91994931420777
2025-08-15 21:46:47.301066+00:00,29.914798735786462
2025-08-15 21:46:50.484755+00:00,29.909648157656193
2025-08-15 21:46:50.868084+00:00,29.909648157656193
2025-08-15 21:46:55.194292+00:00,29.89934700226877
2025-08-15 21:46:57.791937+00:00,29.90449757981696
2025-08-15 21:46:59.907252+00:00,29.89934700226877
2025-08-15 21:47:07.016207+00:00,29.894196425011614
2025-08-15 21:47:09.517580+00:00,29.90449757981696
2025-08-15 21:47:11.717811+00:00,29.89934700226877
2025-08-15 21:47:12.151208+00:00,29.90449757981696
2025-08-15 21:47:15.491139+00:00,29.909648157656193
2025-08-15 21:47:18.650919+00:00,29.89934700226877
2025-08-15 21:47:21.566574+00:00,29.90449757981696
2025-08-15 21:47:22.686999+00:00,29.914798735786462
2025-08-15 21:47:23.181038+00:00,29.90449757981696
2025-08-15 21:47:24.092406+00:00,29.90449757981696
2025-08-15 21:47:26.872784+00:00,29.909648157656193
2025-08-15 21:47:28.927663+00:00,29.91994931420777
2025-08-15 21:47:32.525326+00:00,29.909648157656193
2025-08-15 21:47:36.479996+00:00,29.909648157656193
2025-08-15 21:47:39.609199+00:00,29.909648157656193
2025-08-15 21:47:40.496367+00:00,29.89934700226877
2025-08-15 21:47:41.871818+00:00,29.89934700226877
2025-08-15 21:47:42.080741+00:00,29.914798735786462
2025-08-15 21:47:43.191084+00:00,29.909648157656193
2025-08-15 21:47:43.852926+00:00,29.889045848045498
2025-08-15 21:47:48.097811+00:00,29.894196425011614
2025-08-15 21:47:49.666796+00:00,29.89934700226877
2025-08-15 21:47:52.625969+00:00,29.89934700226877
2025-08-15 21:47:52.858358+00:00,29.89934700226877
2025-08-15 21:47:53.157090+00:00,29.894196425011614
2025-08-15 21:47:54.221003+00:00,29.90449757981696
2025-08-15 21:47:54.629019+00:00,29.909648157656193
2025-08-15 21:47:54.945243+00:00,29.89934700226877
2025-08-15 21:47:55.254950+00:00,29.90449757981696
2025-08-15 21:47:55.542847+00:00,29.909648157656193
2025-08-15 21:47:55.796784+00:00,29.90449757981696
2025-08-15 21:48:01.202097+00:00,29.89934700226877
2025-08-15 21:48:01.805408+00:00,29.89934700226877
2025-08-15 21:48:02.384583+00:00,29.89934700226877
2025-08-15 21:48:11.084285+00:00,29.90449757981696
2025-08-15 21:48:11.782006+00:00,29.914798735786462
2025-08-15 21:48:13.794732+00:00,29.909648157656193
2025-08-15 21:48:16.224379+00:00,29.909648157656193
2025-08-15 21:48:19.169549+00:00,29.89934700226877
2025-08-15 21:48:20.124026+00:00,29.894196425011614
2025-08-15 21:48:21.383137+00:00,29.90449757981696
2025-08-15 21:48:22.903090+00:00,29.90449757981696
2025-08-15 21:48:25.551355+00:00,29.894196425011614
2025-08-15 21:48:25.841597+00:00,29.89934700226877
2025-08-15 21:48:27.532417+00:00,29.894196425011614
2025-08-15 21:48:29.787952+00:00,29.89934700226877
2025-08-15 21:48:36.445992+00:00,29.889045848045498
2025-08-15 21:48:36.949957+00:00,29.894196425011614
2025-08-15 21:48:37.225528+00:00,29.89934700226877
2025-08-15 21:48:42.799796+00:00,29.894196425011614
2025-08-15 21:48:44.972319+00:00,29.889045848045498
2025-08-15 21:48:47.071362+00:00,29.90449757981696
2025-08-15 21:48:47.506709+00:00,29.88389527137042
2025-08-15 21:48:48.031795+00:00,29.889045848045498
2025-08-15 21:48:49.673414+00:00,29.889045848045498
2025-08-15 21:48:53.250331+00:00,29.889045848045498
2025-08-15 21:48:56.492487+00:00,29.889045848045498
2025-08-15 21:48:57.166693+00:00,29.889045848045498
2025-08-15 21:48:59.221695+00:00,29.894196425011614
2025-08-15 21:49:02.582469+00:00,29.88389527137042
2025-08-15 21:49:05.057019+00:00,29.87874469498638
2025-08-15 21:49:11.478882+00:00,29.87359411889338
2025-08-15 21:49:12.954711+00:00,29.87874469498638
2025-08-15 21:49:15.842812+00:00,29.889045848045498
2025-08-15 21:49:18.280175+00:00,29.88389527137042
2025-08-15 21:49:19.614891+00:00,29.87874469498638
2025-08-15 21:49:20.085968+00:00,29.87874469498638
2025-08-15 21:49:22.561324+00:00,29.87874469498638
2025-08-15 21:49:22.937706+00:00,29.87874469498638
2025-08-15 21:49:24.131692+00:00,29.88389527137042
2025-08-15 21:49:27.365077+00:00,29.889045848045498
2025-08-15 21:49:28.297969+00:00,29.87359411889338
2025-08-15 21:49:30.180070+00:00,29.88389527137042
2025-08-15 21:49:32.568901+00:00,29.894196425011614
2025-08-15 21:49:33.115798+00:00,29.88389527137042
2025-08-15 21:49:34.114761+00:00,29.894196425011614
2025-08-15 21:49:37.049900+00:00,29.889045848045498
2025-08-15 21:49:38.732220+00:00,29.914798735786462
2025-08-15 21:49:38.998545+00:00,29.889045848045498
2025-08-15 21:49:41.849152+00:00,29.88389527137042
2025-08-15 21:49:43.595726+00:00,29.889045848045498
2025-08-15 21:49:45.522122+00:00,29.889045848045498
2025-08-15 21:49:46.151782+00:00,29.889045848045498
2025-08-15 21:49:48.023121+00:00,29.894196425011614
2025-08-15 21:49:48.496108+00:00,29.89934700226877
2025-08-15 21:49:49.012844+00:00,29.889045848045498
2025-08-15 21:49:49.559847+00:00,29.89934700226877
2025-08-15 21:49:50.173475+00:00,29.889045848045498
2025-08-15 21:49:50.385580+00:00,29.889045848045498
2025-08-15 21:49:50.589292+00:00,29.90449757981696
2025-08-15 21:49:50.837298+00:00,29.894196425011614
2025-08-15 21:49:53.672441+00:00,29.889045848045498
2025-08-15 21:49:54.022585+00:00,29.894196425011614
2025-08-15 21:49:54.382314+00:00,29.889045848045498
2025-08-15 21:49:54.723937+00:00,29.89934700226877
2025-08-15 21:49:55.001523+00:00,29.889045848045498
2025-08-15 21:49:55.337081+00:00,29.89934700226877
2025-08-15 21:49:55.727152+00:00,29.889045848045498
2025-08-15 21:49:55.986123+00:00,29.889045848045498
2025-08-15 21:49:56.285123+00:00,29.909648157656193
2025-08-15 21:49:57.606124+00:00,29.894196425011614
2025-08-15 21:50:04.147441+00:00,29.894196425011614
2025-08-15 21:50:05.281568+00:00,29.88389527137042
2025-08-15 21:50:05.853252+00:00,29.88389527137042
2025-08-15 21:50:06.770947+00:00,29.88389527137042
2025-08-15 21:50:07.280554+00:00,29.88389527137042
2025-08-15 21:50:07.775843+00:00,29.894196425011614
2025-08-15 21:50:08.712867+00:00,29.88389527137042
2025-08-15 21:50:18.181467+00:00,29.88389527137042
2025-08-15 21:50:18.870810+00:00,29.87874469498638
2025-08-15 21:50:19.526718+00:00,29.87874469498638
2025-08-15 21:50:22.513239+00:00,29.889045848045498
2025-08-15 21:50:23.646478+00:00,29.88389527137042
2025-08-15 21:50:27.897408+00:00,29.889045848045498
2025-08-15 21:50:31.312516+00:00,29.89934700226877
2025-08-15 21:50:33.694675+00:00,29.87874469498638
2025-08-15 21:50:34.244996+00:00,29.889045848045498
2025-08-15 21:50:35.938459+00:00,29.89934700226877
2025-08-15 21:50:37.432718+00:00,29.88389527137042
2025-08-15 21:50:38.458411+00:00,29.87874469498638
2025-08-15 21:50:41.302319+00:00,29.87874469498638
2025-08-15 21:50:43.546181+00:00,29.88389527137042
2025-08-15 21:50:51.111378+00:00,29.88389527137042
2025-08-15 21:50:53.472123+00:00,29.889045848045498
2025-08-15 21:50:54.022103+00:00,29.894196425011614
2025-08-15 21:50:56.195941+00:00,29.88389527137042
2025-08-15 21:50:59.153946+00:00,29.88389527137042
2025-08-15 21:51:00.935045+00:00,29.88389527137042
2025-08-15 21:51:01.268054+00:00,29.88389527137042
2025-08-15 21:51:02.662264+00:00,29.894196425011614
2025-08-15 21:51:05.980634+00:00,29.88389527137042
2025-08-15 21:51:13.000871+00:00,29.88389527137042
2025-08-15 21:51:13.794402+00:00,29.87874469498638
2025-08-15 21:51:14.640324+00:00,29.88389527137042
2025-08-15 21:51:21.137269+00:00,29.889045848045498
2025-08-15 21:51:28.864600+00:00,29.889045848045498
2025-08-15 21:51:29.722946+00:00,29.90449757981696
2025-08-15 21:51:29.941639+00:00,29.89934700226877
2025-08-15 21:51:30.429769+00:00,29.89934700226877
2025-08-15 21:51:31.124431+00:00,29.90449757981696
2025-08-15 21:51:32.581895+00:00,29.889045848045498
2025-08-15 21:51:34.729644+00:00,29.889045848045498
2025-08-15 21:51:36.450109+00:00,29.87874469498638
2025-08-15 21:51:36.716484+00:00,29.889045848045498
2025-08-15 21:51:38.687061+00:00,29.889045848045498
2025-08-15 21:51:40.765458+00:00,29.889045848045498
2025-08-15 21:51:43.734718+00:00,29.894196425011614
2025-08-15 21:51:44.600992+00:00,29.894196425011614
2025-08-15 21:51:47.068368+00:00,29.889045848045498
2025-08-15 21:51:48.324928+00:00,29.889045848045498
2025-08-15 21:51:49.828521+00:00,29.88389527137042
2025-08-15 21:51:51.060283+00:00,29.894196425011614
2025-08-15 21:51:51.730393+00:00,29.889045848045498
2025-08-15 21:51:52.805839+00:00,29.889045848045498
2025-08-15 21:51:54.251016+00:00,29.894196425011614
2025-08-15 21:51:56.421883+00:00,29.889045848045498
2025-08-15 21:51:57.349163+00:00,29.889045848045498
2025-08-15 21:51:57.942468+00:00,29.88389527137042
2025-08-15 21:52:01.818554+00:00,29.894196425011614
2025-08-15 21:52:02.579764+00:00,29.894196425011614
2025-08-15 21:52:03.143302+00:00,29.88389527137042
2025-08-15 21:52:03.802966+00:00,29.889045848045498
2025-08-15 21:52:04.227840+00:00,29.88389527137042
2025-08-15 21:52:04.592777+00:00,29.894196425011614
2025-08-15 21:52:05.067571+00:00,29.89934700226877
2025-08-15 21:52:06.303252+00:00,29.894196425011614
2025-08-15 21:52:10.182390+00:00,29.89934700226877
2025-08-15 21:52:11.267242+00:00,29.889045848045498
2025-08-15 21:52:14.086713+00:00,29.889045848045498
2025-08-15 21:52:23.161681+00:00,29.889045848045498
2025-08-15 21:52:24.258218+00:00,29.894196425011614
2025-08-15 21:52:24.928809+00:00,29.889045848045498
2025-08-15 21:52:27.014184+00:00,29.87874469498638
2025-08-15 21:52:29.460495+00:00,29.889045848045498
2025-08-15 21:52:31.916760+00:00,29.889045848045498
2025-08-15 21:52:32.686823+00:00,29.889045848045498
2025-08-15 21:52:36.028877+00:00,29.889045848045498
2025-08-15 21:52:36.703510+00:00,29.89934700226877
2025-08-15 21:52:37.371405+00:00,29.88389527137042
2025-08-15 21:52:40.938573+00:00,29.889045848045498
2025-08-15 21:52:43.182679+00:00,29.88389527137042
2025-08-15 21:52:43.978646+00:00,29.889045848045498
2025-08-15 21:52:45.053920+00:00,29.894196425011614
2025-08-15 21:52:46.823935+00:00,29.87874469498638
2025-08-15 21:52:47.590111+00:00,29.889045848045498
2025-08-15 21:52:51.588504+00:00,29.868443543091416
2025-08-15 21:52:55.005536+00:00,29.87874469498638
2025-08-15 21:52:56.533333+00:00,29.87874469498638
2025-08-15 21:52:57.190012+00:00,29.868443543091416
2025-08-15 21:52:57.528329+00:00,29.87874469498638
2025-08-15 21:52:59.014080+00:00,29.87874469498638
2025-08-15 21:52:59.892535+00:00,29.88389527137042
2025-08-15 21:53:00.548701+00:00,29.87874469498638
2025-08-15 21:53:02.542476+00:00,29.868443543091416
2025-08-15 21:53:05.682593+00:00,29.889045848045498
2025-08-15 21:53:09.675368+00:00,29.86329296758049
2025-08-15 21:53:15.370032+00:00,29.88389527137042
2025-08-15 21:53:18.946681+00:00,29.88389527137042
2025-08-15 21:53:20.342802+00:00,29.868443543091416
2025-08-15 21:53:21.209469+00:00,29.87874469498638
2025-08-15 21:53:22.470298+00:00,29.87874469498638
2025-08-15 21:53:23.303290+00:00,29.87874469498638
2025-08-15 21:53:23.614292+00:00,29.868443543091416
2025-08-15 21:53:23.896238+00:00,29.87874469498638
2025-08-15 21:53:24.202054+00:00,29.889045848045498
2025-08-15 21:53:25.504995+00:00,29.868443543091416
2025-08-15 21:53:27.105043+00:00,29.88389527137042
2025-08-15 21:53:33.814309+00:00,29.88389527137042
2025-08-15 21:53:35.558443+00:00,29.87874469498638
2025-08-15 21:53:37.363087+00:00,29.86329296758049
2025-08-15 21:53:39.927935+00:00,29.87874469498638
2025-08-15 21:53:44.500772+00:00,29.88389527137042
2025-08-15 21:53:44.813692+00:00,29.868443543091416
2025-08-15 21:53:48.103336+00:00,29.87874469498638
2025-08-15 21:53:49.382736+00:00,29.87359411889338
2025-08-15 21:53:50.660798+00:00,29.86329296758049
2025-08-15 21:53:51.582004+00:00,29.858142392360605
2025-08-15 21:53:54.045928+00:00,29.86329296758049
2025-08-15 21:53:54.749057+00:00,29.858142392360605
2025-08-15 21:53:58.306895+00:00,29.86329296758049
2025-08-15 21:53:58.681840+00:00,29.868443543091416
2025-08-15 21:53:59.851673+00:00,29.87874469498638
2025-08-15 21:54:00.130912+00:00,29.87874469498638
2025-08-15 21:54:00.515871+00:00,29.87874469498638
2025-08-15 21:54:00.948114+00:00,29.88389527137042
2025-08-15 21:54:01.275715+00:00,29.87874469498638
2025-08-15 21:54:01.730884+00:00,29.87359411889338
2025-08-15 21:54:06.533000+00:00,29.868443543091416
2025-08-15 21:54:06.923075+00:00,29.86329296758049
2025-08-15 21:54:11.447696+00:00,29.87359411889338
2025-08-15 21:54:13.732715+00:00,29.86329296758049
2025-08-15 21:54:20.206661+00:00,29.86329296758049
2025-08-15 21:54:22.709056+00:00,29.858142392360605
2025-08-15 21:54:23.033506+00:00,29.86329296758049
2025-08-15 21:54:25.901415+00:00,29.868443543091416
2025-08-15 21:54:26.401840+00:00,29.868443543091416
2025-08-15 21:54:26.667054+00:00,29.87874469498638
2025-08-15 21:54:27.101691+00:00,29.86329296758049
2025-08-15 21:54:27.754948+00:00,29.86329296758049
2025-08-15 21:54:28.490127+00:00,29.86329296758049
2025-08-15 21:54:28.849766+00:00,29.868443543091416
2025-08-15 21:54:29.983638+00:00,29.858142392360605
2025-08-15 21:54:31.789172+00:00,29.86329296758049
2025-08-15 21:54:34.954545+00:00,29.868443543091416
2025-08-15 21:54:35.934217+00:00,29.868443543091416
2025-08-15 21:54:36.576078+00:00,29.87874469498638
2025-08-15 21:54:37.683578+00:00,29.858142392360605
2025-08-15 21:54:39.490209+00:00,29.858142392360605
2025-08-15 21:54:41.670697+00:00,29.868443543091416
2025-08-15 21:54:42.506114+00:00,29.87874469498638
2025-08-15 21:54:43.207723+00:00,29.868443543091416
2025-08-15 21:54:43.992396+00:00,29.86329296758049
2025-08-15 21:54:46.116980+00:00,29.86329296758049
2025-08-15 21:54:49.899307+00:00,29.87874469498638
2025-08-15 21:54:51.860573+00:00,29.868443543091416
2025-08-15 21:54:52.269850+00:00,29.86329296758049
2025-08-15 21:54:53.917425+00:00,29.86329296758049
2025-08-15 21:54:56.957068+00:00,29.868443543091416
2025-08-15 21:54:59.109341+00:00,29.868443543091416
2025-08-15 21:55:00.364015+00:00,29.858142392360605
2025-08-15 21:55:00.743011+00:00,29.87874469498638
2025-08-15 21:55:02.635448+00:00,29.88389527137042
2025-08-15 21:55:02.987217+00:00,29.88389527137042
2025-08-15 21:55:03.562130+00:00,29.88389527137042
2025-08-15 21:55:06.587218+00:00,29.868443543091416
2025-08-15 21:55:09.734175+00:00,29.889045848045498
2025-08-15 21:55:14.200450+00:00,29.87874469498638
2025-08-15 21:55:14.557027+00:00,29.87874469498638
2025-08-15 21:55:15.622487+00:00,29.86329296758049
2025-08-15 21:55:18.163209+00:00,29.868443543091416
2025-08-15 21:55:18.696447+00:00,29.87359411889338
2025-08-15 21:55:19.980294+00:00,29.868443543091416
2025-08-15 21:55:20.409083+00:00,29.858142392360605
2025-08-15 21:55:20.926413+00:00,29.86329296758049
2025-08-15 21:55:21.402289+00:00,29.868443543091416
2025-08-15 21:55:26.925142+00:00,29.86329296758049
2025-08-15 21:55:28.422082+00:00,29.86329296758049
2025-08-15 21:55:31.363353+00:00,29.858142392360605
2025-08-15 21:55:31.755114+00:00,29.868443543091416
2025-08-15 21:55:34.520571+00:00,29.86329296758049
2025-08-15 21:55:35.903671+00:00,29.87874469498638
2025-08-15 21:55:36.687911+00:00,29.86329296758049
2025-08-15 21:55:41.212979+00:00,29.858142392360605
2025-08-15 21:55:49.172171+00:00,29.868443543091416
2025-08-15 21:55:49.605562+00:00,29.852991817431757
2025-08-15 21:55:50.215214+00:00,29.852991817431757
2025-08-15 21:55:51.760565+00:00,29.847841242793947
2025-08-15 21:55:51.965102+00:00,29.852991817431757
2025-08-15 21:55:52.332747+00:00,29.858142392360605
2025-08-15 21:55:54.325013+00:00,29.86329296758049
2025-08-15 21:55:56.665525+00:00,29.858142392360605
2025-08-15 21:55:57.650857+00:00,29.858142392360605
2025-08-15 21:55:58.323507+00:00,29.858142392360605
2025-08-15 21:55:59.414563+00:00,29.87359411889338
2025-08-15 21:56:01.776022+00:00,29.852991817431757
2025-08-15 21:56:04.968645+00:00,29.852991817431757
2025-08-15 21:56:08.623648+00:00,29.847841242793947
2025-08-15 21:56:10.582725+00:00,29.858142392360605
2025-08-15 21:56:13.529393+00:00,29.858142392360605
2025-08-15 21:56:15.687554+00:00,29.847841242793947
2025-08-15 21:56:18.010757+00:00,29.842690668447176
2025-08-15 21:56:18.453902+00:00,29.852991817431757
2025-08-15 21:56:18.740935+00:00,29.847841242793947
2025-08-15 21:56:19.773291+00:00,29.847841242793947
2025-08-15 21:56:22.141640+00:00,29.852991817431757
2025-08-15 21:56:22.732632+00:00,29.847841242793947
2025-08-15 21:56:23.582896+00:00,29.847841242793947
2025-08-15 21:56:24.438231+00:00,29.852991817431757
2025-08-15 21:56:24.874787+00:00,29.852991817431757
2025-08-15 21:56:25.499651+00:00,29.852991817431757
2025-08-15 21:56:26.047764+00:00,29.858142392360605
2025-08-15 21:56:27.648154+00:00,29.852991817431757
2025-08-15 21:56:29.570174+00:00,29.852991817431757
2025-08-15 21:56:32.036390+00:00,29.858142392360605
2025-08-15 21:56:33.268688+00:00,29.858142392360605
2025-08-15 21:56:35.812957+00:00,29.858142392360605
2025-08-15 21:56:36.070517+00:00,29.858142392360605
2025-08-15 21:56:36.538756+00:00,29.868443543091416
2025-08-15 21:56:38.760764+00:00,29.868443543091416
2025-08-15 21:56:39.973991+00:00,29.858142392360605
2025-08-15 21:56:41.668567+00:00,29.858142392360605
2025-08-15 21:56:45.869763+00:00,29.858142392360605
2025-08-15 21:56:46.386309+00:00,29.86329296758049
2025-08-15 21:56:47.284560+00:00,29.868443543091416
2025-08-15 21:56:51.057460+00:00,29.858142392360605
2025-08-15 21:56:52.322506+00:00,29.858142392360605
2025-08-15 21:56:55.390961+00:00,29.86329296758049
2025-08-15 21:56:56.403565+00:00,29.858142392360605
2025-08-15 21:56:58.116428+00:00,29.858142392360605
2025-08-15 21:56:59.901849+00:00,29.868443543091416
2025-08-15 21:57:00.201531+00:00,29.868443543091416
2025-08-15 21:57:00.680291+00:00,29.86329296758049
2025-08-15 21:57:01.050596+00:00,29.87359411889338
2025-08-15 21:57:01.841675+00:00,29.87359411889338
2025-08-15 21:57:05.205788+00:00,29.86329296758049
2025-08-15 21:57:06.115564+00:00,29.858142392360605
2025-08-15 21:57:06.586012+00:00,29.868443543091416
2025-08-15 21:57:07.043563+00:00,29.858142392360605
2025-08-15 21:57:08.250331+00:00,29.852991817431757
2025-08-15 21:57:09.080772+00:00,29.858142392360605
2025-08-15 21:57:09.669305+00:00,29.868443543091416
2025-08-15 21:57:10.218863+00:00,29.86329296758049
2025-08-15 21:57:10.818525+00:00,29.86329296758049
2025-08-15 21:57:11.177717+00:00,29.87359411889338
2025-08-15 21:57:13.647974+00:00,29.86329296758049
2025-08-15 21:57:16.714563+00:00,29.858142392360605
2025-08-15 21:57:18.492326+00:00,29.858142392360605
2025-08-15 21:57:18.985113+00:00,29.87874469498638
2025-08-15 21:57:20.731442+00:00,29.868443543091416
2025-08-15 21:57:20.972622+00:00,29.852991817431757
2025-08-15 21:57:21.490510+00:00,29.858142392360605
2025-08-15 21:57:22.272292+00:00,29.86329296758049
2025-08-15 21:57:22.897366+00:00,29.86329296758049
2025-08-15 21:57:23.371380+00:00,29.87359411889338
2025-08-15 21:57:23.839293+00:00,29.858142392360605
2025-08-15 21:57:24.883439+00:00,29.868443543091416
2025-08-15 21:57:26.705927+00:00,29.868443543091416
2025-08-15 21:57:29.017618+00:00,29.86329296758049
2025-08-15 21:57:31.093469+00:00,29.868443543091416
2025-08-15 21:57:34.375263+00:00,29.87874469498638
2025-08-15 21:57:36.135469+00:00,29.87874469498638
2025-08-15 21:57:37.103787+00:00,29.868443543091416
2025-08-15 21:57:38.897733+00:00,29.88389527137042
2025-08-15 21:57:40.245339+00:00,29.87359411889338
2025-08-15 21:57:42.248816+00:00,29.87874469498638
2025-08-15 21:57:42.606187+00:00,29.87874469498638
2025-08-15 21:57:47.266707+00:00,29.87874469498638
2025-08-15 21:57:47.717970+00:00,29.86329296758049
2025-08-15 21:57:48.092081+00:00,29.87359411889338
2025-08-15 21:57:48.499918+00:00,29.87874469498638
2025-08-15 21:57:49.313317+00:00,29.889045848045498
2025-08-15 21:57:50.360882+00:00,29.87874469498638
2025-08-15 21:57:50.674023+00:00,29.88389527137042
2025-08-15 21:57:51.057947+00:00,29.868443543091416
2025-08-15 21:57:51.583814+00:00,29.88389527137042
2025-08-15 21:57:52.687113+00:00,29.87874469498638
2025-08-15 21:57:53.363470+00:00,29.868443543091416
2025-08-15 21:57:54.805082+00:00,29.87874469498638
2025-08-15 21:57:56.888374+00:00,29.894196425011614
2025-08-15 21:58:07.011126+00:00,29.87874469498638
2025-08-15 21:58:08.557622+00:00,29.87874469498638
2025-08-15 21:58:11.412815+00:00,29.87874469498638
2025-08-15 21:58:11.975315+00:00,29.868443543091416
2025-08-15 21:58:12.548987+00:00,29.87874469498638
2025-08-15 21:58:13.309265+00:00,29.87874469498638
2025-08-15 21:58:13.902335+00:00,29.868443543091416
2025-08-15 21:58:14.394593+00:00,29.87874469498638
2025-08-15 21:58:14.904710+00:00,29.87874469498638
2025-08-15 21:58:16.494870+00:00,29.868443543091416
2025-08-15 21:58:17.697839+00:00,29.86329296758049
2025-08-15 21:58:20.339844+00:00,29.88389527137042
2025-08-15 21:58:20.700074+00:00,29.88389527137042
2025-08-15 21:58:21.854967+00:00,29.868443543091416
2025-08-15 21:58:23.532430+00:00,29.87874469498638
2025-08-15 21:58:24.191205+00:00,29.87874469498638
2025-08-15 21:58:27.325783+00:00,29.86329296758049
2025-08-15 21:58:30.114986+00:00,29.87874469498638
2025-08-15 21:58:30.723844+00:00,29.87874469498638
2025-08-15 21:58:32.455834+00:00,29.87874469498638
2025-08-15 21:58:40.017493+00:00,29.86329296758049
2025-08-15 21:58:41.005324+00:00,29.858142392360605
2025-08-15 21:58:41.630849+00:00,29.87874469498638
2025-08-15 21:58:43.910162+00:00,29.87874469498638
2025-08-15 21:58:44.215295+00:00,29.87874469498638
2025-08-15 21:58:44.436806+00:00,29.858142392360605
2025-08-15 21:58:45.657700+00:00,29.86329296758049
2025-08-15 21:58:48.974809+00:00,29.87874469498638
2025-08-15 21:58:50.016880+00:00,29.868443543091416
2025-08-15 21:58:50.228731+00:00,29.86329296758049
2025-08-15 21:58:50.712451+00:00,29.868443543091416
2025-08-15 21:58:50.970269+00:00,29.87874469498638
2025-08-15 21:58:51.352438+00:00,29.87874469498638
2025-08-15 21:58:51.621961+00:00,29.868443543091416
2025-08-15 21:58:53.924996+00:00,29.858142392360605
2025-08-15 21:58:55.630899+00:00,29.858142392360605
2025-08-15 21:58:57.095663+00:00,29.858142392360605
2025-08-15 21:58:58.953991+00:00,29.858142392360605
2025-08-15 21:59:00.715162+00:00,29.858142392360605
2025-08-15 21:59:01.194845+00:00,29.858142392360605
2025-08-15 21:59:03.812262+00:00,29.858142392360605
2025-08-15 21:59:04.431521+00:00,29.847841242793947
2025-08-15 21:59:04.979773+00:00,29.852991817431757
2025-08-15 21:59:14.029162+00:00,29.852991817431757
2025-08-15 21:59:16.083474+00:00,29.852991817431757
2025-08-15 21:59:18.839257+00:00,29.852991817431757
2025-08-15 21:59:19.411053+00:00,29.847841242793947
2025-08-15 21:59:19.732627+00:00,29.842690668447176
2025-08-15 21:59:20.067413+00:00,29.847841242793947
2025-08-15 21:59:20.299090+00:00,29.858142392360605
2025-08-15 21:59:20.736759+00:00,29.858142392360605
2025-08-15 21:59:21.895363+00:00,29.858142392360605
2025-08-15 21:59:24.721801+00:00,29.847841242793947
2025-08-15 21:59:25.339047+00:00,29.847841242793947
2025-08-15 21:59:27.575925+00:00,29.86329296758049
2025-08-15 21:59:30.156765+00:00,29.847841242793947
2025-08-15 21:59:34.166155+00:00,29.847841242793947
2025-08-15 21:59:36.358068+00:00,29.858142392360605
2025-08-15 21:59:43.810579+00:00,29.847841242793947
2025-08-15 21:59:44.368102+00:00,29.842690668447176
2025-08-15 21:59:44.650573+00:00,29.847841242793947
2025-08-15 21:59:45.260854+00:00,29.847841242793947
2025-08-15 21:59:50.066589+00:00,29.858142392360605
2025-08-15 21:59:52.648337+00:00,29.842690668447176
2025-08-15 21:59:54.117771+00:00,29.847841242793947
2025-08-15 21:59:55.120298+00:00,29.842690668447176
2025-08-15 21:59:56.070237+00:00,29.842690668447176
2025-08-15 21:59:56.568851+00:00,29.847841242793947
2025-08-15 21:59:57.078303+00:00,29.847841242793947
